/**
 * generated by fontconvert.py
 * name: cmu_14_regular
 * size: 14
 * mode: 2-bit
 */
#pragma once
#include "EpdFontData.h"

static const uint8_t cmu_14_regularBitmaps[49884] = {
    0x3C, 0x7D, 0x7D, 0x7D, 0x7D, 0x3C, 0x3C, 0x3C, 0x3C, 0x3C, 0x3C, 0x28, 0x28, 0x28, 0x14, 0x00,
    0x00, 0x00, 0x3C, 0x7D, 0x3C, 0x7C, 0x1E, 0xBC, 0x2F, 0x7C, 0x2F, 0x7C, 0x1F, 0x3C, 0x1E, 0x38,
    0x0E, 0x38, 0x0D, 0x34, 0x0D, 0x34, 0x0C, 0x20, 0x0C, 0x10, 0x04, 0x00, 0x00, 0x05, 0x00, 0x10,
    0x00, 0x00, 0x00, 0x80, 0x02, 0x00, 0x00, 0x00, 0x08, 0x00, 0x20, 0x00, 0x00, 0x00, 0x40, 0x05,
    0x00, 0x00, 0x00, 0x20, 0x00, 0x80, 0x00, 0x00, 0x02, 0x00, 0x08, 0x00, 0x00, 0x00, 0x20, 0x00,
    0x40, 0x00, 0x00, 0x05, 0x00, 0x10, 0x00, 0x00, 0x00, 0x80, 0x02, 0x00, 0x03, 0xFF, 0xFF, 0xFF,
    0xFF, 0xFD, 0x00, 0x00, 0x40, 0x05, 0x00, 0x00, 0x00, 0x10, 0x00, 0x80, 0x00, 0x00, 0x02, 0x00,
    0x08, 0x00, 0x00, 0x00, 0x20, 0x00, 0x80, 0x00, 0x00, 0x05, 0x00, 0x14, 0x00, 0x03, 0xFF, 0xFF,
    0xFF, 0xFF, 0xFD, 0x00, 0x08, 0x00, 0x20, 0x00, 0x00, 0x00, 0x80, 0x02, 0x00, 0x00, 0x00, 0x14,
    0x00, 0x50, 0x00, 0x00, 0x02, 0x00, 0x08, 0x00, 0x00, 0x00, 0x20, 0x00, 0x80, 0x00, 0x00, 0x02,
    0x00, 0x04, 0x00, 0x00, 0x00, 0x50, 0x02, 0x00, 0x00, 0x00, 0x08, 0x00, 0x20, 0x00, 0x00, 0x00,
    0x80, 0x02, 0x00, 0x00, 0x00, 0x00, 0x00, 0x00, 0x00, 0x00, 0x00, 0x08, 0x00, 0x01, 0xBF, 0x90,
    0x0B, 0x58, 0x68, 0x28, 0x08, 0x05, 0x30, 0x08, 0x1E, 0x70, 0x08, 0x3F, 0x78, 0x08, 0x1D, 0x3D,
    0x08, 0x00, 0x3F, 0x98, 0x00, 0x0F, 0xFF, 0x40, 0x07, 0xFF, 0xE0, 0x00, 0x7F, 0xF8, 0x00, 0x08,
    0xBC, 0x00, 0x08, 0x2E, 0x3C, 0x08, 0x0F, 0x7C, 0x08, 0x0B, 0x7C, 0x08, 0x0A, 0x20, 0x08, 0x0D,
    0x24, 0x08, 0x2C, 0x0E, 0x19, 0xB0, 0x01, 0xFF, 0x80, 0x00, 0x08, 0x00, 0x02, 0xF4, 0x00, 0x00,
    0x0C, 0x00, 0xE0, 0x90, 0x00, 0x07, 0x80, 0x2C, 0x03, 0x90, 0x06, 0xF0, 0x03, 0x80, 0x25, 0xBF,
    0x9D, 0x00, 0x38, 0x00, 0x80, 0x03, 0x80, 0x07, 0x40, 0x08, 0x00, 0x70, 0x00, 0x74, 0x00, 0x80,
    0x0D, 0x00, 0x03, 0x80, 0x08, 0x03, 0x80, 0x00, 0x38, 0x02, 0x40, 0x70, 0x00, 0x02, 0xC0, 0x30,
    0x0D, 0x00, 0x00, 0x0E, 0x09, 0x02, 0x80, 0x00, 0x00, 0x2F, 0x40, 0x70, 0x00, 0x00, 0x00, 0x00,
    0x0D, 0x00, 0xBD, 0x00, 0x00, 0x02, 0xC0, 0x38, 0x30, 0x00, 0x00, 0x70, 0x0B, 0x00, 0xC0, 0x00,
    0x0D, 0x00, 0xE0, 0x08, 0x00, 0x02, 0xC0, 0x1D, 0x00, 0x50, 0x00, 0x70, 0x02, 0xD0, 0x05, 0x00,
    0x0D, 0x00, 0x2D, 0x00, 0x50, 0x02, 0xC0, 0x01, 0xD0, 0x05, 0x00, 0x30, 0x00, 0x0E, 0x00, 0x80,
    0x0E, 0x00, 0x00, 0xB0, 0x0C, 0x02, 0xC0, 0x00, 0x03, 0x83, 0x00, 0x30, 0x00, 0x00, 0x0B, 0xD0,
    0x00, 0x0F, 0xC0, 0x00, 0x00, 0x00, 0x0E, 0x18, 0x00, 0x00, 0x00, 0x0F, 0x02, 0x00, 0x00, 0x00,
    0x03, 0x80, 0x80, 0x00, 0x00, 0x00, 0xE0, 0x20, 0x00, 0x00, 0x00, 0x38, 0x08, 0x00, 0x00, 0x00,
    0x0F, 0x08, 0x00, 0x00, 0x00, 0x03, 0xC5, 0x00, 0x00, 0x00, 0x00, 0xBA, 0x00, 0x1F, 0xFF, 0x00,
    0x1F, 0x00, 0x00, 0xB8, 0x00, 0x07, 0xC0, 0x00, 0x18, 0x00, 0x02, 0xB8, 0x00, 0x08, 0x00, 0x02,
    0x0F, 0x40, 0x05, 0x00, 0x03, 0x01, 0xF0, 0x02, 0x00, 0x03, 0xC0, 0x3E, 0x02, 0x00, 0x02, 0xE0,
    0x03, 0xD1, 0x40, 0x00, 0xF8, 0x00, 0x7D, 0x80, 0x00, 0x2F, 0x00, 0x07, 0xC0, 0x00, 0xC7, 0xD0,
    0x01, 0xFC, 0x00, 0x60, 0xBD, 0x06, 0x87, 0xD0, 0x70, 0x02, 0xFE, 0x00, 0x2F, 0xE0, 0x00, 0x3C,
    0x7D, 0x3C, 0x3C, 0x3C, 0x3C, 0x3C, 0x28, 0x28, 0x14, 0x00, 0x00, 0x01, 0x00, 0x18, 0x00, 0x30,
    0x00, 0xD0, 0x02, 0x80, 0x03, 0x00, 0x0B, 0x00, 0x0E, 0x00, 0x1C, 0x00, 0x2C, 0x00, 0x2C, 0x00,
    0x38, 0x00, 0x38, 0x00, 0x38, 0x00, 0x38, 0x00, 0x38, 0x00, 0x38, 0x00, 0x38, 0x00, 0x3C, 0x00,
    0x2C, 0x00, 0x1C, 0x00, 0x0D, 0x00, 0x0E, 0x00, 0x07, 0x00, 0x03, 0x40, 0x01, 0xC0, 0x00, 0xA0,
    0x00, 0x24, 0x00, 0x09, 0x00, 0x00, 0x10, 0x00, 0x28, 0x00, 0x09, 0x00, 0x03, 0x00, 0x01, 0xC0,
    0x00, 0xD0, 0x00, 0xB0, 0x00, 0x70, 0x00, 0x38, 0x00, 0x3C, 0x00, 0x2C, 0x00, 0x1C, 0x00, 0x1D,
    0x00, 0x1D, 0x00, 0x1D, 0x00, 0x1D, 0x00, 0x1D, 0x00, 0x1C, 0x00, 0x2C, 0x00, 0x2C, 0x00, 0x38,
    0x00, 0x34, 0x00, 0x70, 0x00, 0xE0, 0x00, 0xC0, 0x03, 0x40, 0x07, 0x00, 0x0C, 0x00, 0x30, 0x00,
    0x00, 0x00, 0x00, 0x00, 0x00, 0x00, 0x1C, 0x00, 0x00, 0x1C, 0x00, 0x00, 0x1C, 0x00, 0x38, 0x18,
    0x1D, 0x07, 0x48, 0xE0, 0x00, 0x7E, 0x00, 0x00, 0xBE, 0x00, 0x0B, 0x48, 0xE0, 0x38, 0x1C, 0x1D,
    0x00, 0x1C, 0x00, 0x00, 0x1C, 0x00, 0x00, 0x1C, 0x00, 0x00, 0x00, 0x00, 0x00, 0x00, 0x08, 0x00,
    0x00, 0x00, 0x00, 0x08, 0x00, 0x00, 0x00, 0x00, 0x08, 0x00, 0x00, 0x00, 0x00, 0x08, 0x00, 0x00,
    0x00, 0x00, 0x08, 0x00, 0x00, 0x00, 0x00, 0x08, 0x00, 0x00, 0x00, 0x00, 0x08, 0x00, 0x00, 0x00,
    0x00, 0x08, 0x00, 0x00, 0x3F, 0xFF, 0xFF, 0xFF, 0xFE, 0x00, 0x00, 0x08, 0x00, 0x00, 0x00, 0x00,
    0x08, 0x00, 0x00, 0x00, 0x00, 0x08, 0x00, 0x00, 0x00, 0x00, 0x08, 0x00, 0x00, 0x00, 0x00, 0x08,
    0x00, 0x00, 0x00, 0x00, 0x08, 0x00, 0x00, 0x00, 0x00, 0x08, 0x00, 0x00, 0x00, 0x00, 0x08, 0x00,
    0x00, 0x00, 0x3C, 0x7E, 0x3E, 0x02, 0x02, 0x05, 0x08, 0x14, 0x10, 0xBF, 0xFF, 0x3C, 0x7D, 0x3C,
    0x00, 0x00, 0x01, 0x00, 0x00, 0x02, 0x00, 0x00, 0x08, 0x00, 0x00, 0x08, 0x00, 0x00, 0x14, 0x00,
    0x00, 0x20, 0x00, 0x00, 0x20, 0x00, 0x00, 0x50, 0x00, 0x00, 0x80, 0x00, 0x00, 0x80, 0x00, 0x02,
    0x00, 0x00, 0x02, 0x00, 0x00, 0x05, 0x00, 0x00, 0x08, 0x00, 0x00, 0x08, 0x00, 0x00, 0x14, 0x00,
    0x00, 0x20, 0x00, 0x00, 0x20, 0x00, 0x00, 0x80, 0x00, 0x00, 0x80, 0x00, 0x01, 0x40, 0x00, 0x02,
    0x00, 0x00, 0x02, 0x00, 0x00, 0x05, 0x00, 0x00, 0x08, 0x00, 0x00, 0x08, 0x00, 0x00, 0x20, 0x00,
    0x00, 0x20, 0x00, 0x00, 0x10, 0x00, 0x00, 0x00, 0x00, 0x00, 0x01, 0xBF, 0x40, 0x01, 0xE0, 0x7C,
    0x00, 0xE0, 0x03, 0x80, 0xF0, 0x00, 0xB4, 0x3C, 0x00, 0x1E, 0x1E, 0x00, 0x03, 0xCB, 0x80, 0x00,
    0xF2, 0xE0, 0x00, 0x3C, 0xF8, 0x00, 0x0F, 0x7E, 0x00, 0x03, 0xDF, 0x80, 0x00, 0xF7, 0xE0, 0x00,
    0x3D, 0xB8, 0x00, 0x0F, 0x2E, 0x00, 0x03, 0xC7, 0x80, 0x00, 0xF0, 0xF0, 0x00, 0x78, 0x3C, 0x00,
    0x2D, 0x07, 0x80, 0x0E, 0x00, 0x78, 0x1F, 0x00, 0x02, 0xFD, 0x00, 0x00, 0x24, 0x00, 0x07, 0xE0,
    0x07, 0xDB, 0x80, 0x00, 0x2E, 0x00, 0x00, 0xB8, 0x00, 0x02, 0xE0, 0x00, 0x0B, 0x80, 0x00, 0x2E,
    0x00, 0x00, 0xB8, 0x00, 0x02, 0xE0, 0x00, 0x0B, 0x80, 0x00, 0x2E, 0x00, 0x00, 0xB8, 0x00, 0x02,
    0xE0, 0x00, 0x0B, 0x80, 0x00, 0x2E, 0x00, 0x00, 0xB8, 0x00, 0x02, 0xE0, 0x00, 0x0F, 0xC0, 0x0F,
    0xFF, 0xFC, 0x01, 0xFF, 0x40, 0x03, 0x80, 0xBC, 0x02, 0x40, 0x0B, 0xC0, 0xC0, 0x00, 0xF8, 0x7C,
    0x00, 0x3F, 0x2F, 0x40, 0x0B, 0xC3, 0xC0, 0x02, 0xF0, 0x00, 0x00, 0xF8, 0x00, 0x00, 0x7C, 0x00,
    0x00, 0x3D, 0x00, 0x00, 0x2D, 0x00, 0x00, 0x2C, 0x00, 0x00, 0x28, 0x00, 0x00, 0x18, 0x00, 0x40,
    0x14, 0x00, 0x30, 0x14, 0x00, 0x18, 0x1F, 0xFF, 0xFE, 0x0F, 0xFF, 0xFF, 0x4B, 0xFF, 0xFF, 0xD0,
    0x01, 0xFF, 0x80, 0x02, 0x90, 0x7C, 0x01, 0x80, 0x0B, 0xC0, 0xF8, 0x01, 0xF4, 0x3F, 0x00, 0x3D,
    0x0B, 0x80, 0x1F, 0x40, 0x00, 0x0B, 0xC0, 0x00, 0x03, 0xD0, 0x00, 0x03, 0xD0, 0x00, 0x3F, 0xC0,
    0x00, 0x00, 0x2E, 0x00, 0x00, 0x02, 0xE0, 0x00, 0x00, 0x3D, 0x00, 0x00, 0x0F, 0xC0, 0x00, 0x03,
    0xF1, 0xF0, 0x00, 0xBC, 0xBD, 0x00, 0x3F, 0x2F, 0x00, 0x0F, 0x82, 0x90, 0x1F, 0x80, 0x0B, 0xFE,
    0x00, 0x00, 0x00, 0x18, 0x00, 0x00, 0x03, 0xC0, 0x00, 0x00, 0xBC, 0x00, 0x00, 0x1F, 0xC0, 0x00,
    0x02, 0x7C, 0x00, 0x00, 0x87, 0xC0, 0x00, 0x18, 0x7C, 0x00, 0x02, 0x07, 0xC0, 0x00, 0x80, 0x7C,
    0x00, 0x08, 0x07, 0xC0, 0x02, 0x00, 0x7C, 0x00, 0x90, 0x07, 0xC0, 0x08, 0x00, 0x7C, 0x02, 0x00,
    0x07, 0xC0, 0x3F, 0xFF, 0xFF, 0xE0, 0x00, 0x07, 0xC0, 0x00, 0x00, 0x7C, 0x00, 0x00, 0x07, 0xC0,
    0x00, 0x00, 0xBC, 0x00, 0x01, 0xFF, 0xFE, 0x0E, 0x40, 0x68, 0x03, 0xFF, 0xFC, 0x00, 0xFF, 0xFC,
    0x00, 0x3F, 0xF8, 0x00, 0x0C, 0x00, 0x00, 0x03, 0x00, 0x00, 0x00, 0xC0, 0x00, 0x00, 0x31, 0xFD,
    0x00, 0x0E, 0x81, 0xF0, 0x03, 0x40, 0x1E, 0x00, 0x40, 0x03, 0xC0, 0x00, 0x00, 0xB8, 0x00, 0x00,
    0x2F, 0x00, 0x00, 0x0B, 0xC3, 0xC0, 0x02, 0xF2, 0xF4, 0x00, 0xBC, 0x7C, 0x00, 0x3E, 0x08, 0x00,
    0x1F, 0x01, 0xD0, 0x1F, 0x00, 0x0B, 0xFD, 0x00, 0x00, 0x1F, 0xE0, 0x00, 0x3D, 0x07, 0x00, 0x3C,
    0x02, 0xD0, 0x3C, 0x00, 0xF4, 0x1E, 0x00, 0x2C, 0x0F, 0x40, 0x00, 0x07, 0xC0, 0x00, 0x01, 0xF1,
    0xFE, 0x00, 0xBD, 0x80, 0xF0, 0x2F, 0x80, 0x0F, 0x0F, 0xD0, 0x02, 0xE2, 0xF0, 0x00, 0x7C, 0xBC,
    0x00, 0x1F, 0x2F, 0x00, 0x07, 0xC7, 0xC0, 0x01, 0xF0, 0xF0, 0x00, 0x7C, 0x2D, 0x00, 0x2E, 0x03,
    0x80, 0x0F, 0x00, 0x78, 0x1F, 0x00, 0x02, 0xFE, 0x00, 0x18, 0x00, 0x00, 0x02, 0xFF, 0xFF, 0xFC,
    0x3F, 0xFF, 0xFF, 0x83, 0xFF, 0xFF, 0xF0, 0x30, 0x00, 0x05, 0x02, 0x00, 0x00, 0x80, 0x10, 0x00,
    0x30, 0x00, 0x00, 0x09, 0x00, 0x00, 0x01, 0x80, 0x00, 0x00, 0x30, 0x00, 0x00, 0x0A, 0x00, 0x00,
    0x00, 0xD0, 0x00, 0x00, 0x2C, 0x00, 0x00, 0x03, 0xC0, 0x00, 0x00, 0x7C, 0x00, 0x00, 0x0B, 0xC0,
    0x00, 0x00, 0xBC, 0x00, 0x00, 0x0F, 0xC0, 0x00, 0x00, 0xFC, 0x00, 0x00, 0x0B, 0x40, 0x00, 0x00,
    0xBF, 0x80, 0x01, 0xD0, 0x2C, 0x01, 0x80, 0x02, 0xC0, 0x90, 0x00, 0x34, 0x34, 0x00, 0x0D, 0x0F,
    0x00, 0x03, 0x42, 0xF4, 0x01, 0xC0, 0x3F, 0x81, 0xC0, 0x07, 0xFE, 0x80, 0x00, 0x3F, 0xE0, 0x00,
    0x35, 0xFF, 0x40, 0x70, 0x0B, 0xF4, 0x34, 0x00, 0x3F, 0x2C, 0x00, 0x03, 0xCA, 0x00, 0x00, 0x72,
    0x80, 0x00, 0x0C, 0x70, 0x00, 0x07, 0x0E, 0x00, 0x03, 0x00, 0xF4, 0x07, 0x40, 0x07, 0xFE, 0x00,
    0x00, 0xBF, 0x40, 0x01, 0xE0, 0x78, 0x01, 0xE0, 0x07, 0x80, 0xF0, 0x00, 0xF0, 0x7C, 0x00, 0x2D,
    0x2F, 0x00, 0x07, 0x8B, 0xC0, 0x01, 0xF2, 0xF0, 0x00, 0x7C, 0xBC, 0x00, 0x2F, 0x1F, 0x00, 0x0B,
    0xC3, 0xC0, 0x03, 0xF0, 0x78, 0x01, 0xBC, 0x0B, 0x81, 0x9F, 0x00, 0x6F, 0x87, 0xC0, 0x00, 0x02,
    0xE0, 0x00, 0x00, 0xF0, 0x2C, 0x00, 0x78, 0x0F, 0x80, 0x3C, 0x03, 0xD0, 0x7C, 0x00, 0x2F, 0xF4,
    0x00, 0x3C, 0x7E, 0x3C, 0x00, 0x00, 0x00, 0x00, 0x00, 0x00, 0x00, 0x3C, 0x7E, 0x3C, 0x3C, 0x7D,
    0x3C, 0x00, 0x00, 0x00, 0x00, 0x00, 0x00, 0x3C, 0x7E, 0x3E, 0x02, 0x02, 0x05, 0x08, 0x14, 0x10,
    0x00, 0x00, 0x00, 0x00, 0x00, 0x00, 0x00, 0x00, 0x06, 0x40, 0x00, 0x00, 0x01, 0x90, 0x00, 0x00,
    0x00, 0xA4, 0x00, 0x00, 0x00, 0x28, 0x00, 0x00, 0x00, 0x1A, 0x00, 0x00, 0x00, 0x06, 0x40, 0x00,
    0x00, 0x01, 0x90, 0x00, 0x00, 0x00, 0x74, 0x00, 0x00, 0x00, 0x00, 0x64, 0x00, 0x00, 0x00, 0x00,
    0x19, 0x00, 0x00, 0x00, 0x00, 0x06, 0x80, 0x00, 0x00, 0x00, 0x00, 0xA0, 0x00, 0x00, 0x00, 0x00,
    0x28, 0x00, 0x00, 0x00, 0x00, 0x06, 0x40, 0x00, 0x00, 0x00, 0x01, 0x90, 0x00, 0x00, 0x00, 0x00,
    0x60, 0x00, 0x00, 0x00, 0x00, 0x00, 0x3F, 0xFF, 0xFF, 0xFF, 0xFE, 0x00, 0x00, 0x00, 0x00, 0x00,
    0x00, 0x00, 0x00, 0x00, 0x00, 0x00, 0x00, 0x00, 0x00, 0x00, 0x00, 0x00, 0x00, 0x00, 0x00, 0x00,
    0x00, 0x00, 0x00, 0x00, 0x3F, 0xFF, 0xFF, 0xFF, 0xFE, 0x00, 0x00, 0x00, 0x00, 0x00, 0x60, 0x00,
    0x00, 0x00, 0x00, 0x78, 0x00, 0x00, 0x00, 0x00, 0x1F, 0x40, 0x00, 0x00, 0x00, 0x06, 0xD0, 0x00,
    0x00, 0x00, 0x00, 0xB4, 0x00, 0x00, 0x00, 0x00, 0x2D, 0x00, 0x00, 0x00, 0x00, 0x0B, 0x40, 0x00,
    0x00, 0x00, 0x01, 0xD0, 0x00, 0x00, 0x00, 0x00, 0xB0, 0x00, 0x00, 0x00, 0x0A, 0x00, 0x00, 0x00,
    0x06, 0x80, 0x00, 0x00, 0x01, 0xE0, 0x00, 0x00, 0x00, 0x74, 0x00, 0x00, 0x00, 0x2D, 0x00, 0x00,
    0x00, 0x0B, 0x40, 0x00, 0x00, 0x02, 0x90, 0x00, 0x00, 0x00, 0x60, 0x00, 0x00, 0x00, 0x00, 0x06,
    0xFF, 0x80, 0x18, 0x01, 0xF0, 0x3C, 0x00, 0xB8, 0x7D, 0x00, 0x7C, 0x3C, 0x00, 0x7C, 0x00, 0x00,
    0xB8, 0x00, 0x00, 0xF0, 0x00, 0x03, 0x80, 0x00, 0x0A, 0x00, 0x00, 0x0C, 0x00, 0x00, 0x14, 0x00,
    0x00, 0x20, 0x00, 0x00, 0x30, 0x00, 0x00, 0x20, 0x00, 0x00, 0x20, 0x00, 0x00, 0x00, 0x00, 0x00,
    0x00, 0x00, 0x00, 0xB4, 0x00, 0x00, 0xFC, 0x00, 0x00, 0xB4, 0x00, 0x00, 0x02, 0xFF, 0x90, 0x00,
    0x00, 0x2D, 0x00, 0x6D, 0x00, 0x01, 0xD0, 0x00, 0x02, 0x80, 0x03, 0x00, 0xBF, 0x40, 0x60, 0x0C,
    0x07, 0x80, 0x90, 0x24, 0x14, 0x0E, 0x00, 0x24, 0x0C, 0x30, 0x3C, 0x00, 0x0F, 0x05, 0x20, 0x38,
    0x00, 0x0F, 0x02, 0x50, 0x78, 0x00, 0x0F, 0x03, 0x50, 0x74, 0x00, 0x0F, 0x03, 0x50, 0x78, 0x00,
    0x0F, 0x02, 0x20, 0x38, 0x00, 0x0F, 0x02, 0x20, 0x3C, 0x00, 0x0F, 0x02, 0x20, 0x0E, 0x00, 0x2F,
    0x02, 0x08, 0x07, 0x80, 0xDB, 0x48, 0x09, 0x00, 0xBF, 0x42, 0xF4, 0x03, 0x40, 0x00, 0x00, 0x00,
    0x00, 0xD0, 0x00, 0x00, 0x1A, 0x00, 0x2D, 0x00, 0x16, 0xE4, 0x00, 0x02, 0xFF, 0xE9, 0x00, 0x00,
    0x00, 0x09, 0x00, 0x00, 0x00, 0x00, 0x03, 0xC0, 0x00, 0x00, 0x00, 0x01, 0xF0, 0x00, 0x00, 0x00,
    0x00, 0xFE, 0x00, 0x00, 0x00, 0x00, 0x3B, 0xC0, 0x00, 0x00, 0x00, 0x25, 0xF0, 0x00, 0x00, 0x00,
    0x0C, 0x3E, 0x00, 0x00, 0x00, 0x02, 0x0B, 0xC0, 0x00, 0x00, 0x02, 0x41, 0xF4, 0x00, 0x00, 0x00,
    0xC0, 0x3E, 0x00, 0x00, 0x00, 0x60, 0x0B, 0xC0, 0x00, 0x00, 0x24, 0x01, 0xF4, 0x00, 0x00, 0x0C,
    0x00, 0x3E, 0x00, 0x00, 0x07, 0xFF, 0xFF, 0xC0, 0x00, 0x02, 0x40, 0x00, 0xF4, 0x00, 0x00, 0xC0,
    0x00, 0x3E, 0x00, 0x00, 0x60, 0x00, 0x0B, 0xC0, 0x00, 0x24, 0x00, 0x00, 0xF4, 0x00, 0x0C, 0x00,
    0x00, 0x3E, 0x00, 0x1F, 0x80, 0x00, 0x0F, 0xD0, 0x3F, 0xFC, 0x00, 0x3F, 0xFF, 0xC0, 0xFF, 0xFF,
    0xFF, 0xD0, 0x00, 0x7E, 0x00, 0x0B, 0xD0, 0x03, 0xD0, 0x00, 0x2F, 0x00, 0x3D, 0x00, 0x00, 0xFC,
    0x03, 0xD0, 0x00, 0x0F, 0xC0, 0x3D, 0x00, 0x00, 0xFC, 0x03, 0xD0, 0x00, 0x0F, 0x80, 0x3D, 0x00,
    0x02, 0xF0, 0x03, 0xD0, 0x01, 0xF8, 0x00, 0x3F, 0xFF, 0xFD, 0x00, 0x03, 0xD0, 0x00, 0x7D, 0x00,
    0x3D, 0x00, 0x00, 0xF8, 0x03, 0xD0, 0x00, 0x0B, 0xD0, 0x3D, 0x00, 0x00, 0x3E, 0x03, 0xD0, 0x00,
    0x03, 0xF0, 0x3D, 0x00, 0x00, 0x3F, 0x03, 0xD0, 0x00, 0x07, 0xD0, 0x3D, 0x00, 0x00, 0xFC, 0x07,
    0xE0, 0x00, 0x7F, 0x0F, 0xFF, 0xFF, 0xFE, 0x40, 0x00, 0x01, 0xBF, 0x90, 0x20, 0x00, 0xBE, 0x00,
    0xB1, 0xD0, 0x0F, 0x80, 0x00, 0x3F, 0x40, 0xF8, 0x00, 0x00, 0x3D, 0x0B, 0xC0, 0x00, 0x00, 0xB4,
    0x7D, 0x00, 0x00, 0x00, 0xD2, 0xF0, 0x00, 0x00, 0x03, 0x4F, 0xC0, 0x00, 0x00, 0x09, 0x3E, 0x00,
    0x00, 0x00, 0x01, 0xF8, 0x00, 0x00, 0x00, 0x07, 0xE0, 0x00, 0x00, 0x00, 0x0F, 0x80, 0x00, 0x00,
    0x00, 0x3F, 0x00, 0x00, 0x00, 0x00, 0xBC, 0x00, 0x00, 0x00, 0x41, 0xF4, 0x00, 0x00, 0x02, 0x02,
    0xF0, 0x00, 0x00, 0x0C, 0x03, 0xE0, 0x00, 0x00, 0x90, 0x03, 0xE0, 0x00, 0x0A, 0x00, 0x02, 0xF8,
    0x01, 0xD0, 0x00, 0x00, 0x7F, 0xF8, 0x00, 0xFF, 0xFF, 0xFF, 0xD0, 0x00, 0x07, 0xE0, 0x00, 0xBD,
    0x00, 0x03, 0xE0, 0x00, 0x0F, 0x40, 0x03, 0xE0, 0x00, 0x03, 0xD0, 0x03, 0xE0, 0x00, 0x01, 0xF0,
    0x03, 0xE0, 0x00, 0x00, 0xF4, 0x03, 0xE0, 0x00, 0x00, 0xFC, 0x03, 0xE0, 0x00, 0x00, 0xBC, 0x03,
    0xE0, 0x00, 0x00, 0x7D, 0x03, 0xE0, 0x00, 0x00, 0x7D, 0x03, 0xE0, 0x00, 0x00, 0x7D, 0x03, 0xE0,
    0x00, 0x00, 0x7D, 0x03, 0xE0, 0x00, 0x00, 0xBC, 0x03, 0xE0, 0x00, 0x00, 0xBC, 0x03, 0xE0, 0x00,
    0x00, 0xF8, 0x03, 0xE0, 0x00, 0x01, 0xF0, 0x03, 0xE0, 0x00, 0x03, 0xD0, 0x03, 0xE0, 0x00, 0x0F,
    0x40, 0x07, 0xE0, 0x00, 0xBD, 0x00, 0xFF, 0xFF, 0xFF, 0xD0, 0x00, 0x3F, 0xFF, 0xFF, 0xFF, 0xD0,
    0x07, 0xE0, 0x00, 0x1F, 0x40, 0x0F, 0x80, 0x00, 0x0E, 0x00, 0x3E, 0x00, 0x00, 0x18, 0x00, 0xF8,
    0x00, 0x00, 0x30, 0x03, 0xE0, 0x00, 0x00, 0x80, 0x0F, 0x80, 0x0C, 0x01, 0x00, 0x3E, 0x00, 0x30,
    0x00, 0x00, 0xF8, 0x02, 0xC0, 0x00, 0x03, 0xFF, 0xFF, 0x00, 0x00, 0x0F, 0x80, 0x2C, 0x00, 0x00,
    0x3E, 0x00, 0x30, 0x00, 0x00, 0xF8, 0x00, 0xC0, 0x00, 0x03, 0xE0, 0x00, 0x00, 0x20, 0x0F, 0x80,
    0x00, 0x00, 0xC0, 0x3E, 0x00, 0x00, 0x06, 0x00, 0xF8, 0x00, 0x00, 0x34, 0x03, 0xE0, 0x00, 0x02,
    0xC0, 0x1F, 0x80, 0x00, 0x6F, 0x0F, 0xFF, 0xFF, 0xFF, 0xFC, 0x3F, 0xFF, 0xFF, 0xFF, 0xC0, 0x1F,
    0x80, 0x00, 0x7C, 0x00, 0xF8, 0x00, 0x00, 0xC0, 0x0F, 0x80, 0x00, 0x09, 0x00, 0xF8, 0x00, 0x00,
    0x50, 0x0F, 0x80, 0x00, 0x02, 0x00, 0xF8, 0x00, 0x80, 0x00, 0x0F, 0x80, 0x0C, 0x00, 0x00, 0xF8,
    0x02, 0xC0, 0x00, 0x0F, 0xFF, 0xFC, 0x00, 0x00, 0xF8, 0x02, 0xC0, 0x00, 0x0F, 0x80, 0x0C, 0x00,
    0x00, 0xF8, 0x00, 0x80, 0x00, 0x0F, 0x80, 0x00, 0x00, 0x00, 0xF8, 0x00, 0x00, 0x00, 0x0F, 0x80,
    0x00, 0x00, 0x00, 0xF8, 0x00, 0x00, 0x00, 0x0F, 0x80, 0x00, 0x00, 0x01, 0xFC, 0x00, 0x00, 0x03,
    0xFF, 0xFF, 0x00, 0x00, 0x00, 0x01, 0xBF, 0x90, 0x24, 0x00, 0x07, 0xE0, 0x0B, 0x1D, 0x00, 0x0B,
    0x80, 0x00, 0x3F, 0x40, 0x0F, 0x80, 0x00, 0x03, 0xD0, 0x0B, 0xC0, 0x00, 0x00, 0xB4, 0x03, 0xD0,
    0x00, 0x00, 0x0D, 0x02, 0xF0, 0x00, 0x00, 0x03, 0x40, 0xFC, 0x00, 0x00, 0x00, 0x90, 0x3E, 0x00,
    0x00, 0x00, 0x00, 0x1F, 0x80, 0x00, 0x00, 0x00, 0x07, 0xE0, 0x00, 0x00, 0x00, 0x01, 0xF8, 0x00,
    0x00, 0x00, 0x00, 0x3F, 0x00, 0x00, 0xFF, 0xFF, 0x4F, 0xC0, 0x00, 0x00, 0xBD, 0x01, 0xF4, 0x00,
    0x00, 0x1F, 0x40, 0x3F, 0x00, 0x00, 0x07, 0xD0, 0x03, 0xE0, 0x00, 0x01, 0xF4, 0x00, 0x3E, 0x00,
    0x00, 0xFD, 0x00, 0x02, 0xF8, 0x01, 0xD3, 0x40, 0x00, 0x06, 0xFF, 0x80, 0x00, 0x3F, 0xFF, 0xE0,
    0xFF, 0xFF, 0x80, 0x7F, 0x00, 0x00, 0xFC, 0x00, 0x0F, 0x80, 0x00, 0x3F, 0x00, 0x03, 0xE0, 0x00,
    0x0F, 0xC0, 0x00, 0xF8, 0x00, 0x03, 0xF0, 0x00, 0x3E, 0x00, 0x00, 0xFC, 0x00, 0x0F, 0x80, 0x00,
    0x3F, 0x00, 0x03, 0xE0, 0x00, 0x0F, 0xC0, 0x00, 0xF8, 0x00, 0x03, 0xF0, 0x00, 0x3F, 0xFF, 0xFF,
    0xFC, 0x00, 0x0F, 0x80, 0x00, 0x3F, 0x00, 0x03, 0xE0, 0x00, 0x0F, 0xC0, 0x00, 0xF8, 0x00, 0x03,
    0xF0, 0x00, 0x3E, 0x00, 0x00, 0xFC, 0x00, 0x0F, 0x80, 0x00, 0x3F, 0x00, 0x03, 0xE0, 0x00, 0x0F,
    0xC0, 0x00, 0xF8, 0x00, 0x03, 0xF0, 0x00, 0x3E, 0x00, 0x00, 0xFC, 0x00, 0x1F, 0xC0, 0x00, 0x3F,
    0x00, 0xFF, 0xFF, 0x83, 0xFF, 0xFE, 0x3F, 0xFF, 0xE0, 0x1F, 0xC0, 0x00, 0xF8, 0x00, 0x0F, 0x80,
    0x00, 0xF8, 0x00, 0x0F, 0x80, 0x00, 0xF8, 0x00, 0x0F, 0x80, 0x00, 0xF8, 0x00, 0x0F, 0x80, 0x00,
    0xF8, 0x00, 0x0F, 0x80, 0x00, 0xF8, 0x00, 0x0F, 0x80, 0x00, 0xF8, 0x00, 0x0F, 0x80, 0x00, 0xF8,
    0x00, 0x0F, 0x80, 0x01, 0xFC, 0x03, 0xFF, 0xFE, 0x00, 0xFF, 0xFF, 0x40, 0x00, 0xBD, 0x00, 0x00,
    0x1F, 0x40, 0x00, 0x07, 0xD0, 0x00, 0x01, 0xF4, 0x00, 0x00, 0x7D, 0x00, 0x00, 0x1F, 0x40, 0x00,
    0x07, 0xD0, 0x00, 0x01, 0xF4, 0x00, 0x00, 0x7D, 0x00, 0x00, 0x1F, 0x40, 0x00, 0x07, 0xD0, 0x00,
    0x01, 0xF4, 0x00, 0x00, 0x7D, 0x00, 0x00, 0x1F, 0x41, 0xF0, 0x07, 0xC0, 0xFD, 0x01, 0xF0, 0x2F,
    0x00, 0xF8, 0x03, 0x40, 0xBC, 0x00, 0x1F, 0xF4, 0x00, 0x3F, 0xFF, 0xE0, 0x03, 0xFF, 0xC0, 0x1F,
    0xC0, 0x00, 0x0F, 0x80, 0x00, 0xF8, 0x00, 0x00, 0xC0, 0x00, 0x0F, 0x80, 0x00, 0x30, 0x00, 0x00,
    0xF8, 0x00, 0x0C, 0x00, 0x00, 0x0F, 0x80, 0x03, 0x00, 0x00, 0x00, 0xF8, 0x00, 0x80, 0x00, 0x00,
    0x0F, 0x80, 0x30, 0x00, 0x00, 0x00, 0xF8, 0x1F, 0x00, 0x00, 0x00, 0x0F, 0x86, 0xFC, 0x00, 0x00,
    0x00, 0xF9, 0x87, 0xD0, 0x00, 0x00, 0x0F, 0xE0, 0x2F, 0x00, 0x00, 0x00, 0xF8, 0x00, 0xFC, 0x00,
    0x00, 0x0F, 0x80, 0x07, 0xE0, 0x00, 0x00, 0xF8, 0x00, 0x2F, 0x00, 0x00, 0x0F, 0x80, 0x00, 0xFC,
    0x00, 0x00, 0xF8, 0x00, 0x07, 0xE0, 0x00, 0x0F, 0x80, 0x00, 0x2F, 0x40, 0x01, 0xFC, 0x00, 0x02,
    0xFD, 0x03, 0xFF, 0xFE, 0x00, 0xFF, 0xFD, 0x3F, 0xFF, 0xF0, 0x00, 0x00, 0x7F, 0x00, 0x00, 0x00,
    0x0F, 0x80, 0x00, 0x00, 0x03, 0xE0, 0x00, 0x00, 0x00, 0xF8, 0x00, 0x00, 0x00, 0x3E, 0x00, 0x00,
    0x00, 0x0F, 0x80, 0x00, 0x00, 0x03, 0xE0, 0x00, 0x00, 0x00, 0xF8, 0x00, 0x00, 0x00, 0x3E, 0x00,
    0x00, 0x00, 0x0F, 0x80, 0x00, 0x00, 0x03, 0xE0, 0x00, 0x00, 0x00, 0xF8, 0x00, 0x00, 0x00, 0x3E,
    0x00, 0x00, 0x10, 0x0F, 0x80, 0x00, 0x08, 0x03, 0xE0, 0x00, 0x07, 0x00, 0xF8, 0x00, 0x03, 0x80,
    0x3E, 0x00, 0x01, 0xD0, 0x1F, 0x80, 0x06, 0xF4, 0xFF, 0xFF, 0xFF, 0xFC, 0xFF, 0xF0, 0x00, 0x00,
    0x07, 0xFF, 0x40, 0xFD, 0x00, 0x00, 0x02, 0xF8, 0x00, 0x3B, 0x80, 0x00, 0x00, 0xBE, 0x00, 0x0C,
    0xF0, 0x00, 0x00, 0x8F, 0x80, 0x03, 0x3D, 0x00, 0x00, 0x23, 0xE0, 0x00, 0xC7, 0xC0, 0x00, 0x14,
    0xF8, 0x00, 0x30, 0xF4, 0x00, 0x08, 0x3E, 0x00, 0x0C, 0x2E, 0x00, 0x02, 0x0F, 0x80, 0x03, 0x07,
    0xC0, 0x01, 0x03, 0xE0, 0x00, 0xC0, 0xF4, 0x00, 0x80, 0xF8, 0x00, 0x30, 0x2F, 0x00, 0x10, 0x3E,
    0x00, 0x0C, 0x03, 0xC0, 0x20, 0x0F, 0x80, 0x03, 0x00, 0xB8, 0x08, 0x03, 0xE0, 0x00, 0xC0, 0x1F,
    0x05, 0x00, 0xF8, 0x00, 0x30, 0x03, 0xD2, 0x00, 0x3E, 0x00, 0x0C, 0x00, 0xB8, 0x80, 0x0F, 0x80,
    0x03, 0x00, 0x0F, 0x80, 0x03, 0xE0, 0x00, 0xC0, 0x03, 0xE0, 0x00, 0xF8, 0x00, 0xB8, 0x00, 0x74,
    0x00, 0x3E, 0x03, 0xFF, 0xF0, 0x0C, 0x03, 0xFF, 0xFD, 0x3F, 0xFC, 0x00, 0x0F, 0xFF, 0xC0, 0x3F,
    0x40, 0x00, 0x2E, 0x00, 0x0E, 0xF0, 0x00, 0x03, 0x00, 0x03, 0x3F, 0x00, 0x00, 0xC0, 0x00, 0xC7,
    0xE0, 0x00, 0x30, 0x00, 0x30, 0xBC, 0x00, 0x0C, 0x00, 0x0C, 0x0F, 0xC0, 0x03, 0x00, 0x03, 0x01,
    0xF8, 0x00, 0xC0, 0x00, 0xC0, 0x2F, 0x00, 0x30, 0x00, 0x30, 0x03, 0xF0, 0x0C, 0x00, 0x0C, 0x00,
    0x7E, 0x03, 0x00, 0x03, 0x00, 0x0B, 0xD0, 0xC0, 0x00, 0xC0, 0x00, 0xFC, 0x30, 0x00, 0x30, 0x00,
    0x1F, 0x8C, 0x00, 0x0C, 0x00, 0x02, 0xF7, 0x00, 0x03, 0x00, 0x00, 0x3F, 0xC0, 0x00, 0xC0, 0x00,
    0x03, 0xF0, 0x00, 0x30, 0x00, 0x00, 0xBC, 0x00, 0x2E, 0x00, 0x00, 0x0F, 0x00, 0xFF, 0xF8, 0x00,
    0x00, 0x80, 0x00, 0x02, 0xFF, 0x90, 0x00, 0x00, 0x2F, 0x40, 0x7D, 0x00, 0x00, 0xF4, 0x00, 0x0F,
    0x80, 0x03, 0xD0, 0x00, 0x03, 0xE0, 0x0F, 0xC0, 0x00, 0x00, 0xF4, 0x1F, 0x40, 0x00, 0x00, 0xFC,
    0x3F, 0x00, 0x00, 0x00, 0x7D, 0x3F, 0x00, 0x00, 0x00, 0x7E, 0x3E, 0x00, 0x00, 0x00, 0x3F, 0x7E,
    0x00, 0x00, 0x00, 0x3F, 0x7E, 0x00, 0x00, 0x00, 0x3F, 0x7E, 0x00, 0x00, 0x00, 0x3F, 0x3F, 0x00,
    0x00, 0x00, 0x7E, 0x3F, 0x00, 0x00, 0x00, 0xBD, 0x1F, 0x40, 0x00, 0x00, 0xFC, 0x0F, 0xC0, 0x00,
    0x01, 0xF4, 0x03, 0xE0, 0x00, 0x03, 0xE0, 0x00, 0xF8, 0x00, 0x0F, 0x80, 0x00, 0x2F, 0x40, 0xBD,
    0x00, 0x00, 0x02, 0xFF, 0x90, 0x00, 0xFF, 0xFF, 0xFF, 0x90, 0x00, 0x7E, 0x00, 0x1B, 0xC0, 0x03,
    0xE0, 0x00, 0x2F, 0x00, 0x3E, 0x00, 0x00, 0xF8, 0x03, 0xE0, 0x00, 0x0F, 0xC0, 0x3E, 0x00, 0x00,
    0xFC, 0x03, 0xE0, 0x00, 0x0F, 0xC0, 0x3E, 0x00, 0x00, 0xF8, 0x03, 0xE0, 0x00, 0x2F, 0x00, 0x3E,
    0x00, 0x1B, 0xC0, 0x03, 0xFF, 0xFF, 0x90, 0x00, 0x3E, 0x00, 0x00, 0x00, 0x03, 0xE0, 0x00, 0x00,
    0x00, 0x3E, 0x00, 0x00, 0x00, 0x03, 0xE0, 0x00, 0x00, 0x00, 0x3E, 0x00, 0x00, 0x00, 0x03, 0xE0,
    0x00, 0x00, 0x00, 0x3E, 0x00, 0x00, 0x00, 0x07, 0xF0, 0x00, 0x00, 0x0F, 0xFF, 0xF8, 0x00, 0x00,
    0x00, 0x02, 0xFF, 0x90, 0x00, 0x00, 0x0B, 0xD0, 0x2F, 0x40, 0x00, 0x0F, 0x40, 0x00, 0xF8, 0x00,
    0x0F, 0x40, 0x00, 0x0F, 0x80, 0x0F, 0xC0, 0x00, 0x00, 0xF4, 0x07, 0xD0, 0x00, 0x00, 0x3F, 0x03,
    0xF0, 0x00, 0x00, 0x07, 0xD0, 0xF8, 0x00, 0x00, 0x00, 0xF8, 0x3E, 0x00, 0x00, 0x00, 0x3F, 0x1F,
    0x80, 0x00, 0x00, 0x0F, 0xC7, 0xE0, 0x00, 0x00, 0x03, 0xF0, 0xF8, 0x00, 0x00, 0x00, 0xFC, 0x3E,
    0x00, 0x00, 0x00, 0x3E, 0x0F, 0xC0, 0x00, 0x00, 0x1F, 0x01, 0xF4, 0x00, 0x00, 0x0B, 0xC0, 0x3E,
    0x00, 0xF8, 0x03, 0xC0, 0x03, 0xD0, 0xC1, 0x83, 0xD0, 0x00, 0x3D, 0x20, 0x27, 0xD0, 0x00, 0x02,
    0xEC, 0x0B, 0x80, 0x00, 0x00, 0x0B, 0xFE, 0xC0, 0x00, 0x00, 0x00, 0x00, 0x38, 0x00, 0x00, 0x00,
    0x00, 0x0B, 0x00, 0xC0, 0x00, 0x00, 0x01, 0xE0, 0xE0, 0x00, 0x00, 0x00, 0x3F, 0xF4, 0x00, 0x00,
    0x00, 0x0F, 0xFC, 0x00, 0x00, 0x00, 0x00, 0xBC, 0x00, 0xFF, 0xFF, 0xFE, 0x40, 0x00, 0x01, 0xF8,
    0x00, 0x7D, 0x00, 0x00, 0x3E, 0x00, 0x03, 0xE0, 0x00, 0x0F, 0x80, 0x00, 0xBD, 0x00, 0x03, 0xE0,
    0x00, 0x1F, 0x80, 0x00, 0xF8, 0x00, 0x07, 0xE0, 0x00, 0x3E, 0x00, 0x02, 0xF0, 0x00, 0x0F, 0x80,
    0x00, 0xF4, 0x00, 0x03, 0xE0, 0x01, 0xE0, 0x00, 0x00, 0xFF, 0xFF, 0xD0, 0x00, 0x00, 0x3E, 0x00,
    0x7E, 0x00, 0x00, 0x0F, 0x80, 0x03, 0xE0, 0x00, 0x03, 0xE0, 0x00, 0xBC, 0x00, 0x00, 0xF8, 0x00,
    0x1F, 0x40, 0x00, 0x3E, 0x00, 0x07, 0xD0, 0x00, 0x0F, 0x80, 0x01, 0xF8, 0x00, 0x03, 0xE0, 0x00,
    0x7F, 0x00, 0x00, 0xF8, 0x00, 0x0F, 0xC0, 0x80, 0x7F, 0x00, 0x01, 0xF8, 0x73, 0xFF, 0xFD, 0x00,
    0x1B, 0xF0, 0x01, 0xBF, 0x80, 0x80, 0xB4, 0x07, 0x68, 0x1C, 0x00, 0x0F, 0x83, 0x80, 0x00, 0x38,
    0x78, 0x00, 0x02, 0x87, 0x80, 0x00, 0x18, 0x7D, 0x00, 0x00, 0x83, 0xF8, 0x00, 0x00, 0x1F, 0xFE,
    0x40, 0x00, 0x7F, 0xFF, 0xC0, 0x00, 0x7F, 0xFF, 0x00, 0x00, 0x1B, 0xFC, 0x00, 0x00, 0x0B, 0xC5,
    0x00, 0x00, 0x3D, 0x50, 0x00, 0x02, 0xD7, 0x00, 0x00, 0x1D, 0x74, 0x00, 0x02, 0xC7, 0xC0, 0x00,
    0x34, 0x73, 0x90, 0x1E, 0x05, 0x06, 0xFE, 0x40, 0x7F, 0xFF, 0xFF, 0xFF, 0xF6, 0xE0, 0x03, 0xF0,
    0x06, 0xDA, 0x00, 0x0F, 0x80, 0x03, 0xA4, 0x00, 0x3E, 0x00, 0x06, 0xC0, 0x00, 0xF8, 0x00, 0x0A,
    0x00, 0x03, 0xE0, 0x00, 0x28, 0x00, 0x0F, 0x80, 0x00, 0x80, 0x00, 0x3E, 0x00, 0x00, 0x00, 0x00,
    0xF8, 0x00, 0x00, 0x00, 0x03, 0xE0, 0x00, 0x00, 0x00, 0x0F, 0x80, 0x00, 0x00, 0x00, 0x3E, 0x00,
    0x00, 0x00, 0x00, 0xF8, 0x00, 0x00, 0x00, 0x03, 0xE0, 0x00, 0x00, 0x00, 0x0F, 0x80, 0x00, 0x00,
    0x00, 0x3E, 0x00, 0x00, 0x00, 0x00, 0xF8, 0x00, 0x00, 0x00, 0x03, 0xE0, 0x00, 0x00, 0x00, 0x1F,
    0xC0, 0x00, 0x00, 0x3F, 0xFF, 0xFF, 0x00, 0x3F, 0xFF, 0xE0, 0x0F, 0xFF, 0xC0, 0x7F, 0x00, 0x00,
    0x2D, 0x00, 0x0F, 0x80, 0x00, 0x03, 0x00, 0x03, 0xE0, 0x00, 0x00, 0xC0, 0x00, 0xF8, 0x00, 0x00,
    0x30, 0x00, 0x3E, 0x00, 0x00, 0x0C, 0x00, 0x0F, 0x80, 0x00, 0x03, 0x00, 0x03, 0xE0, 0x00, 0x00,
    0xC0, 0x00, 0xF8, 0x00, 0x00, 0x30, 0x00, 0x3E, 0x00, 0x00, 0x0C, 0x00, 0x0F, 0x80, 0x00, 0x03,
    0x00, 0x03, 0xE0, 0x00, 0x00, 0xC0, 0x00, 0xF8, 0x00, 0x00, 0x30, 0x00, 0x3E, 0x00, 0x00, 0x08,
    0x00, 0x0F, 0x80, 0x00, 0x06, 0x00, 0x02, 0xF0, 0x00, 0x02, 0x40, 0x00, 0x3D, 0x00, 0x00, 0xC0,
    0x00, 0x07, 0xC0, 0x00, 0xC0, 0x00, 0x00, 0x7D, 0x02, 0xD0, 0x00, 0x00, 0x01, 0xFF, 0x80, 0x00,
    0x7F, 0xFF, 0x40, 0x03, 0xFF, 0xC0, 0x3F, 0x40, 0x00, 0x07, 0xD0, 0x01, 0xF0, 0x00, 0x00, 0x30,
    0x00, 0x0F, 0x80, 0x00, 0x03, 0x00, 0x00, 0xBC, 0x00, 0x00, 0x90, 0x00, 0x07, 0xD0, 0x00, 0x0C,
    0x00, 0x00, 0x3F, 0x00, 0x01, 0x80, 0x00, 0x01, 0xF0, 0x00, 0x30, 0x00, 0x00, 0x0F, 0x80, 0x03,
    0x00, 0x00, 0x00, 0xBC, 0x00, 0x90, 0x00, 0x00, 0x07, 0xD0, 0x0C, 0x00, 0x00, 0x00, 0x3E, 0x01,
    0x80, 0x00, 0x00, 0x02, 0xF0, 0x24, 0x00, 0x00, 0x00, 0x0F, 0x83, 0x00, 0x00, 0x00, 0x00, 0xFC,
    0x50, 0x00, 0x00, 0x00, 0x07, 0xDC, 0x00, 0x00, 0x00, 0x00, 0x3F, 0x80, 0x00, 0x00, 0x00, 0x02,
    0xF4, 0x00, 0x00, 0x00, 0x00, 0x0F, 0x00, 0x00, 0x00, 0x00, 0x00, 0xD0, 0x00, 0x00, 0x7F, 0xFF,
    0x02, 0xFF, 0xFC, 0x03, 0xFF, 0xC0, 0x7F, 0x00, 0x02, 0xFC, 0x00, 0x07, 0xD0, 0x03, 0xF0, 0x00,
    0x0F, 0x80, 0x00, 0x18, 0x00, 0x1F, 0x00, 0x00, 0xBC, 0x00, 0x02, 0x00, 0x00, 0xF8, 0x00, 0x0B,
    0xC0, 0x00, 0x30, 0x00, 0x0F, 0xC0, 0x00, 0xFE, 0x00, 0x02, 0x00, 0x00, 0x7C, 0x00, 0x0A, 0xF0,
    0x00, 0x80, 0x00, 0x03, 0xD0, 0x02, 0x1F, 0x00, 0x0C, 0x00, 0x00, 0x3F, 0x00, 0x20, 0xF8, 0x00,
    0x80, 0x00, 0x01, 0xF0, 0x02, 0x0F, 0xC0, 0x20, 0x00, 0x00, 0x0F, 0x40, 0x80, 0x7C, 0x03, 0x00,
    0x00, 0x00, 0xFC, 0x08, 0x03, 0xE0, 0x20, 0x00, 0x00, 0x07, 0xC0, 0x80, 0x3F, 0x09, 0x00, 0x00,
    0x00, 0x3D, 0x10, 0x01, 0xF0, 0xC0, 0x00, 0x00, 0x03, 0xE2, 0x00, 0x0F, 0x88, 0x00, 0x00, 0x00,
    0x2F, 0x20, 0x00, 0xFE, 0x40, 0x00, 0x00, 0x00, 0xFD, 0x00, 0x07, 0xF0, 0x00, 0x00, 0x00, 0x0F,
    0xC0, 0x00, 0x3E, 0x00, 0x00, 0x00, 0x00, 0xB8, 0x00, 0x03, 0xD0, 0x00, 0x00, 0x00, 0x03, 0x40,
    0x00, 0x1C, 0x00, 0x00, 0x00, 0x00, 0x00, 0x00, 0x00, 0x00, 0x00, 0x00, 0x3F, 0xFF, 0xC0, 0x3F,
    0xFF, 0x00, 0x1F, 0xE0, 0x00, 0xBD, 0x00, 0x00, 0x7E, 0x00, 0x07, 0x00, 0x00, 0x02, 0xF0, 0x00,
    0xC0, 0x00, 0x00, 0x0F, 0xC0, 0x28, 0x00, 0x00, 0x00, 0x7E, 0x07, 0x00, 0x00, 0x00, 0x02, 0xF0,
    0xC0, 0x00, 0x00, 0x00, 0x0F, 0xE4, 0x00, 0x00, 0x00, 0x00, 0x7F, 0x00, 0x00, 0x00, 0x00, 0x02,
    0xF0, 0x00, 0x00, 0x00, 0x00, 0x2F, 0xC0, 0x00, 0x00, 0x00, 0x07, 0x7E, 0x00, 0x00, 0x00, 0x00,
    0xC2, 0xF0, 0x00, 0x00, 0x00, 0x24, 0x0F, 0xC0, 0x00, 0x00, 0x07, 0x00, 0x7D, 0x00, 0x00, 0x00,
    0xC0, 0x02, 0xF0, 0x00, 0x00, 0x24, 0x00, 0x0F, 0xC0, 0x00, 0x07, 0x00, 0x00, 0x7D, 0x00, 0x06,
    0xF4, 0x00, 0x07, 0xF4, 0x07, 0xFF, 0xE0, 0x03, 0xFF, 0xFC, 0xBF, 0xFF, 0x40, 0x03, 0xFF, 0xD0,
    0x3F, 0x80, 0x00, 0x07, 0xD0, 0x00, 0xF8, 0x00, 0x00, 0x30, 0x00, 0x0B, 0xD0, 0x00, 0x09, 0x00,
    0x00, 0x3F, 0x00, 0x01, 0x80, 0x00, 0x01, 0xF8, 0x00, 0x30, 0x00, 0x00, 0x0F, 0xC0, 0x09, 0x00,
    0x00, 0x00, 0x3F, 0x00, 0xC0, 0x00, 0x00, 0x02, 0xF4, 0x30, 0x00, 0x00, 0x00, 0x0F, 0xC6, 0x00,
    0x00, 0x00, 0x00, 0x7E, 0xC0, 0x00, 0x00, 0x00, 0x02, 0xF4, 0x00, 0x00, 0x00, 0x00, 0x1F, 0x00,
    0x00, 0x00, 0x00, 0x01, 0xF0, 0x00, 0x00, 0x00, 0x00, 0x1F, 0x00, 0x00, 0x00, 0x00, 0x01, 0xF0,
    0x00, 0x00, 0x00, 0x00, 0x1F, 0x00, 0x00, 0x00, 0x00, 0x01, 0xF0, 0x00, 0x00, 0x00, 0x00, 0x2F,
    0x40, 0x00, 0x00, 0x00, 0x7F, 0xFF, 0xC0, 0x00, 0x2F, 0xFF, 0xFF, 0xFC, 0x3F, 0x40, 0x00, 0xF8,
    0x3C, 0x00, 0x03, 0xF0, 0x34, 0x00, 0x07, 0xD0, 0x30, 0x00, 0x0F, 0x80, 0x30, 0x00, 0x2F, 0x00,
    0x00, 0x00, 0x7D, 0x00, 0x00, 0x00, 0xFC, 0x00, 0x00, 0x02, 0xF0, 0x00, 0x00, 0x03, 0xE0, 0x00,
    0x00, 0x0F, 0xC0, 0x00, 0x00, 0x2F, 0x40, 0x00, 0x00, 0x3E, 0x00, 0x00, 0x00, 0xFC, 0x00, 0x08,
    0x01, 0xF4, 0x00, 0x08, 0x03, 0xF0, 0x00, 0x0C, 0x0B, 0xC0, 0x00, 0x0C, 0x1F, 0x80, 0x00, 0x3C,
    0x3F, 0x00, 0x01, 0xFC, 0x7F, 0xFF, 0xFF, 0xFC, 0xFF, 0x7C, 0x0F, 0x03, 0xC0, 0xF0, 0x3C, 0x0F,
    0x03, 0xC0, 0xF0, 0x3C, 0x0F, 0x03, 0xC0, 0xF0, 0x3C, 0x0F, 0x03, 0xC0, 0xF0, 0x3C, 0x0F, 0x03,
    0xC0, 0xF0, 0x3C, 0x0F, 0x03, 0xC0, 0xF0, 0x3C, 0x0F, 0x03, 0xC0, 0xFF, 0x40, 0x00, 0x00, 0x00,
    0x20, 0x00, 0x00, 0x20, 0x00, 0x00, 0x14, 0x00, 0x00, 0x08, 0x00, 0x00, 0x08, 0x00, 0x00, 0x01,
    0x00, 0x00, 0x02, 0x00, 0x00, 0x01, 0x00, 0x00, 0x00, 0x80, 0x00, 0x00, 0x80, 0x00, 0x00, 0x50,
    0x00, 0x00, 0x20, 0x00, 0x00, 0x20, 0x00, 0x00, 0x04, 0x00, 0x00, 0x08, 0x00, 0x00, 0x04, 0x00,
    0x00, 0x02, 0x00, 0x00, 0x02, 0x00, 0x00, 0x01, 0x40, 0x00, 0x00, 0x80, 0x00, 0x00, 0x80, 0x00,
    0x00, 0x10, 0x00, 0x00, 0x20, 0x00, 0x00, 0x10, 0x00, 0x00, 0x08, 0x00, 0x00, 0x08, 0x00, 0x00,
    0x05, 0x00, 0x00, 0x02, 0x00, 0x00, 0x00, 0x7F, 0xC0, 0xF0, 0x3C, 0x0F, 0x03, 0xC0, 0xF0, 0x3C,
    0x0F, 0x03, 0xC0, 0xF0, 0x3C, 0x0F, 0x03, 0xC0, 0xF0, 0x3C, 0x0F, 0x03, 0xC0, 0xF0, 0x3C, 0x0F,
    0x03, 0xC0, 0xF0, 0x3C, 0x0F, 0x03, 0xC0, 0xF0, 0x3C, 0x0F, 0x7F, 0xC0, 0x00, 0x24, 0x00, 0x00,
    0xFE, 0x00, 0x07, 0x82, 0xC0, 0x2C, 0x00, 0x74, 0x60, 0x00, 0x08, 0x7F, 0xFF, 0xFF, 0xFF, 0xF0,
    0x3C, 0x00, 0xFC, 0x00, 0x7C, 0x00, 0x1C, 0x02, 0xFE, 0x00, 0x00, 0x90, 0x7D, 0x00, 0x3D, 0x00,
    0xF0, 0x03, 0xE0, 0x0B, 0x40, 0x2D, 0x00, 0xB4, 0x00, 0x06, 0xBF, 0x40, 0x07, 0xD0, 0xB4, 0x02,
    0xE0, 0x0B, 0x40, 0x7C, 0x00, 0xB4, 0x0B, 0x80, 0x0B, 0x45, 0xB8, 0x00, 0xF4, 0x53, 0xD0, 0x73,
    0xC8, 0x0B, 0xF8, 0x1F, 0x40, 0x3F, 0xC0, 0x00, 0x00, 0x07, 0xC0, 0x00, 0x00, 0x03, 0xC0, 0x00,
    0x00, 0x03, 0xC0, 0x00, 0x00, 0x03, 0xC0, 0x00, 0x00, 0x03, 0xC0, 0x00, 0x00, 0x03, 0xC0, 0x00,
    0x00, 0x03, 0xC2, 0xFD, 0x00, 0x03, 0xD8, 0x07, 0x80, 0x03, 0xE0, 0x01, 0xE0, 0x03, 0xC0, 0x00,
    0xF4, 0x03, 0xC0, 0x00, 0x78, 0x03, 0xC0, 0x00, 0x7C, 0x03, 0xC0, 0x00, 0x7C, 0x03, 0xC0, 0x00,
    0x7C, 0x03, 0xC0, 0x00, 0xBC, 0x03, 0xC0, 0x00, 0xF4, 0x03, 0xE0, 0x01, 0xF0, 0x03, 0xB8, 0x0B,
    0x80, 0x03, 0x0B, 0xF9, 0x00, 0x00, 0x6F, 0xE0, 0x00, 0xB8, 0x07, 0x00, 0xB4, 0x02, 0xE0, 0x3C,
    0x00, 0xB4, 0x2E, 0x00, 0x00, 0x0F, 0x40, 0x00, 0x03, 0xD0, 0x00, 0x00, 0xF4, 0x00, 0x00, 0x2E,
    0x00, 0x00, 0x07, 0xC0, 0x00, 0x80, 0xB8, 0x00, 0x60, 0x0B, 0x80, 0xB0, 0x00, 0x6F, 0xD0, 0x00,
    0x00, 0x00, 0x3F, 0xC0, 0x00, 0x00, 0x03, 0xC0, 0x00, 0x00, 0x03, 0xC0, 0x00, 0x00, 0x03, 0xC0,
    0x00, 0x00, 0x03, 0xC0, 0x00, 0x00, 0x03, 0xC0, 0x00, 0x00, 0x03, 0xC0, 0x00, 0x2F, 0xD3, 0xC0,
    0x02, 0xE0, 0x2B, 0xC0, 0x0B, 0x80, 0x07, 0xC0, 0x0F, 0x00, 0x03, 0xC0, 0x2E, 0x00, 0x03, 0xC0,
    0x3D, 0x00, 0x03, 0xC0, 0x3D, 0x00, 0x03, 0xC0, 0x3D, 0x00, 0x03, 0xC0, 0x3E, 0x00, 0x03, 0xC0,
    0x1F, 0x00, 0x03, 0xC0, 0x0B, 0x40, 0x0B, 0xC0, 0x02, 0xD0, 0x2F, 0xD0, 0x00, 0x7F, 0xD3, 0xFD,
    0x00, 0x7F, 0xD0, 0x00, 0xF4, 0x1E, 0x00, 0xF0, 0x02, 0xD0, 0xB8, 0x00, 0x3C, 0x3D, 0x00, 0x0F,
    0x0F, 0xFF, 0xFF, 0xC3, 0xC0, 0x00, 0x00, 0xF4, 0x00, 0x00, 0x3D, 0x00, 0x00, 0x07, 0xC0, 0x00,
    0xC0, 0xB4, 0x00, 0x50, 0x0B, 0x80, 0xA0, 0x00, 0x6F, 0xD0, 0x00, 0x00, 0x1F, 0xD0, 0x02, 0xD3,
    0xC0, 0x1E, 0x0F, 0x00, 0xB0, 0x00, 0x02, 0xC0, 0x00, 0x0F, 0x00, 0x00, 0x3C, 0x00, 0x0F, 0xFF,
    0xD0, 0x03, 0xC0, 0x00, 0x0F, 0x00, 0x00, 0x3C, 0x00, 0x00, 0xF0, 0x00, 0x03, 0xC0, 0x00, 0x0F,
    0x00, 0x00, 0x3C, 0x00, 0x00, 0xF0, 0x00, 0x03, 0xC0, 0x00, 0x0F, 0x00, 0x00, 0x3D, 0x00, 0x0F,
    0xFF, 0xC0, 0x00, 0xBF, 0x47, 0xE0, 0x0F, 0x07, 0xE1, 0xC0, 0xF0, 0x07, 0x80, 0x03, 0xC0, 0x0F,
    0x00, 0x0F, 0x00, 0x3C, 0x00, 0x3C, 0x00, 0xF0, 0x00, 0xB4, 0x07, 0x80, 0x00, 0xF0, 0x7C, 0x00,
    0x05, 0x7F, 0x80, 0x00, 0x20, 0x00, 0x00, 0x00, 0xC0, 0x00, 0x00, 0x02, 0xC0, 0x00, 0x00, 0x03,
    0xFF, 0xF9, 0x00, 0x34, 0x00, 0x1E, 0x03, 0x80, 0x00, 0x0D, 0x0D, 0x00, 0x00, 0x38, 0x3C, 0x00,
    0x01, 0xD0, 0x3E, 0x00, 0x6E, 0x00, 0x1B, 0xFF, 0x40, 0x00, 0x3F, 0xC0, 0x00, 0x00, 0x03, 0xC0,
    0x00, 0x00, 0x03, 0xC0, 0x00, 0x00, 0x03, 0xC0, 0x00, 0x00, 0x03, 0xC0, 0x00, 0x00, 0x03, 0xC0,
    0x00, 0x00, 0x03, 0xC0, 0x00, 0x00, 0x03, 0xC2, 0xFE, 0x00, 0x03, 0xC9, 0x0B, 0x80, 0x03, 0xE0,
    0x03, 0xC0, 0x03, 0xE0, 0x03, 0xC0, 0x03, 0xD0, 0x03, 0xC0, 0x03, 0xC0, 0x03, 0xC0, 0x03, 0xC0,
    0x03, 0xD0, 0x03, 0xC0, 0x03, 0xD0, 0x03, 0xC0, 0x03, 0xD0, 0x03, 0xC0, 0x03, 0xD0, 0x03, 0xC0,
    0x03, 0xD0, 0x03, 0xD0, 0x03, 0xD0, 0x3F, 0xFD, 0x3F, 0xFE, 0x07, 0x80, 0x0F, 0xC0, 0x07, 0x80,
    0x00, 0x00, 0x00, 0x00, 0x00, 0x00, 0x3F, 0xC0, 0x03, 0xC0, 0x03, 0xC0, 0x03, 0xC0, 0x03, 0xC0,
    0x03, 0xC0, 0x03, 0xC0, 0x03, 0xC0, 0x03, 0xC0, 0x03, 0xC0, 0x03, 0xC0, 0x03, 0xD0, 0x3F, 0xFC,
    0x00, 0x1E, 0x00, 0x0F, 0xC0, 0x02, 0xE0, 0x00, 0x00, 0x00, 0x00, 0x00, 0x00, 0x00, 0x1F, 0xF0,
    0x00, 0x3C, 0x00, 0x0F, 0x00, 0x03, 0xC0, 0x00, 0xF0, 0x00, 0x3C, 0x00, 0x0F, 0x00, 0x03, 0xC0,
    0x00, 0xF0, 0x00, 0x3C, 0x00, 0x0F, 0x00, 0x03, 0xC0, 0x00, 0xF0, 0x00, 0x3C, 0x00, 0x0F, 0x00,
    0x03, 0xC3, 0xD0, 0xE0, 0xF4, 0xF0, 0x0B, 0xE0, 0x00, 0x3F, 0xC0, 0x00, 0x00, 0x1F, 0x00, 0x00,
    0x00, 0x3C, 0x00, 0x00, 0x00, 0xF0, 0x00, 0x00, 0x03, 0xC0, 0x00, 0x00, 0x0F, 0x00, 0x00, 0x00,
    0x3C, 0x00, 0x00, 0x00, 0xF0, 0x0F, 0xFC, 0x03, 0xC0, 0x1F, 0x40, 0x0F, 0x00, 0xA0, 0x00, 0x3C,
    0x09, 0x00, 0x00, 0xF0, 0x90, 0x00, 0x03, 0xCF, 0x80, 0x00, 0x0F, 0xCF, 0x40, 0x00, 0x3C, 0x0F,
    0x00, 0x00, 0xF0, 0x1E, 0x00, 0x03, 0xC0, 0x3D, 0x00, 0x0F, 0x00, 0x3C, 0x00, 0x3C, 0x00, 0xFC,
    0x0F, 0xFF, 0x0F, 0xFF, 0x3F, 0xC0, 0x03, 0xC0, 0x03, 0xC0, 0x03, 0xC0, 0x03, 0xC0, 0x03, 0xC0,
    0x03, 0xC0, 0x03, 0xC0, 0x03, 0xC0, 0x03, 0xC0, 0x03, 0xC0, 0x03, 0xC0, 0x03, 0xC0, 0x03, 0xC0,
    0x03, 0xC0, 0x03, 0xC0, 0x03, 0xC0, 0x03, 0xC0, 0x03, 0xD0, 0x3F, 0xFD, 0x3F, 0xC2, 0xFE, 0x02,
    0xFE, 0x00, 0x03, 0xCD, 0x0B, 0x8D, 0x0B, 0x80, 0x03, 0xE0, 0x03, 0xF4, 0x03, 0xC0, 0x03, 0xE0,
    0x03, 0xE0, 0x02, 0xD0, 0x03, 0xD0, 0x03, 0xD0, 0x02, 0xD0, 0x03, 0xC0, 0x03, 0xD0, 0x02, 0xD0,
    0x03, 0xC0, 0x03, 0xD0, 0x02, 0xD0, 0x03, 0xC0, 0x03, 0xD0, 0x02, 0xD0, 0x03, 0xC0, 0x03, 0xD0,
    0x02, 0xD0, 0x03, 0xC0, 0x03, 0xD0, 0x02, 0xD0, 0x03, 0xC0, 0x03, 0xD0, 0x02, 0xD0, 0x03, 0xD0,
    0x03, 0xD0, 0x03, 0xE0, 0x3F, 0xFD, 0x3F, 0xFE, 0x3F, 0xFE, 0x3F, 0xC2, 0xFE, 0x00, 0x03, 0xCD,
    0x0B, 0x80, 0x03, 0xE0, 0x03, 0xC0, 0x03, 0xE0, 0x03, 0xC0, 0x03, 0xD0, 0x03, 0xC0, 0x03, 0xC0,
    0x03, 0xC0, 0x03, 0xC0, 0x03, 0xD0, 0x03, 0xC0, 0x03, 0xD0, 0x03, 0xC0, 0x03, 0xD0, 0x03, 0xC0,
    0x03, 0xD0, 0x03, 0xC0, 0x03, 0xD0, 0x03, 0xD0, 0x03, 0xD0, 0x3F, 0xFD, 0x3F, 0xFE, 0x00, 0x6F,
    0xE0, 0x00, 0x2D, 0x02, 0xD0, 0x0B, 0x00, 0x0B, 0x01, 0xE0, 0x00, 0x3C, 0x3D, 0x00, 0x03, 0xD3,
    0xD0, 0x00, 0x3E, 0x3C, 0x00, 0x03, 0xE3, 0xD0, 0x00, 0x3E, 0x3D, 0x00, 0x03, 0xD1, 0xE0, 0x00,
    0x3C, 0x0F, 0x00, 0x0B, 0x40, 0x2D, 0x02, 0xD0, 0x00, 0x6F, 0xE0, 0x00, 0x3F, 0xC7, 0xFD, 0x00,
    0x03, 0xE8, 0x0B, 0xC0, 0x03, 0xD0, 0x02, 0xF0, 0x03, 0xC0, 0x00, 0xF4, 0x03, 0xC0, 0x00, 0xBC,
    0x03, 0xC0, 0x00, 0x7C, 0x03, 0xC0, 0x00, 0x7C, 0x03, 0xC0, 0x00, 0x7C, 0x03, 0xC0, 0x00, 0xB8,
    0x03, 0xC0, 0x00, 0xF4, 0x03, 0xE0, 0x02, 0xE0, 0x03, 0xD8, 0x0B, 0x80, 0x03, 0xC7, 0xF9, 0x00,
    0x03, 0xC0, 0x00, 0x00, 0x03, 0xC0, 0x00, 0x00, 0x03, 0xC0, 0x00, 0x00, 0x03, 0xC0, 0x00, 0x00,
    0x03, 0xD0, 0x00, 0x00, 0x3F, 0xFD, 0x00, 0x00, 0x00, 0x6F, 0xD0, 0xC0, 0x02, 0xE0, 0x24, 0xC0,
    0x0B, 0x80, 0x0A, 0xC0, 0x1F, 0x00, 0x03, 0xC0, 0x2E, 0x00, 0x03, 0xC0, 0x3D, 0x00, 0x03, 0xC0,
    0x3D, 0x00, 0x03, 0xC0, 0x3D, 0x00, 0x03, 0xC0, 0x2E, 0x00, 0x03, 0xC0, 0x1F, 0x00, 0x03, 0xC0,
    0x0B, 0x80, 0x0B, 0xC0, 0x02, 0xE0, 0x27, 0xC0, 0x00, 0x6F, 0x83, 0xC0, 0x00, 0x00, 0x03, 0xC0,
    0x00, 0x00, 0x03, 0xC0, 0x00, 0x00, 0x03, 0xC0, 0x00, 0x00, 0x03, 0xC0, 0x00, 0x00, 0x07, 0xD0,
    0x00, 0x00, 0x3F, 0xFD, 0x3F, 0xC7, 0xE0, 0x1F, 0x72, 0xD0, 0x3F, 0x0B, 0x40, 0xF8, 0x00, 0x03,
    0xC0, 0x00, 0x0F, 0x00, 0x00, 0x3C, 0x00, 0x00, 0xF0, 0x00, 0x03, 0xC0, 0x00, 0x0F, 0x00, 0x00,
    0x3C, 0x00, 0x00, 0xF4, 0x00, 0x3F, 0xFF, 0x00, 0x02, 0xFD, 0x20, 0x34, 0x07, 0x83, 0x40, 0x06,
    0x0E, 0x00, 0x08, 0x3E, 0x00, 0x00, 0x7F, 0xE4, 0x00, 0x2F, 0xFD, 0x00, 0x01, 0xBC, 0x20, 0x00,
    0x74, 0xC0, 0x00, 0xD3, 0x80, 0x03, 0x0E, 0x80, 0x78, 0x21, 0xFF, 0x40, 0x00, 0xC0, 0x00, 0x0C,
    0x00, 0x00, 0xC0, 0x00, 0x2C, 0x00, 0x0B, 0xC0, 0x07, 0xFF, 0xFC, 0x03, 0xC0, 0x00, 0x3C, 0x00,
    0x03, 0xC0, 0x00, 0x3C, 0x00, 0x03, 0xC0, 0x00, 0x3C, 0x00, 0x03, 0xC0, 0x10, 0x3C, 0x02, 0x03,
    0xC0, 0x20, 0x3C, 0x05, 0x01, 0xF0, 0xC0, 0x07, 0xF4, 0x3F, 0xC0, 0x3F, 0xD0, 0x03, 0xC0, 0x03,
    0xD0, 0x03, 0xC0, 0x03, 0xD0, 0x03, 0xC0, 0x03, 0xD0, 0x03, 0xC0, 0x03, 0xD0, 0x03, 0xC0, 0x03,
    0xD0, 0x03, 0xC0, 0x03, 0xD0, 0x03, 0xC0, 0x03, 0xD0, 0x03, 0xC0, 0x03, 0xD0, 0x03, 0xC0, 0x03,
    0xD0, 0x02, 0xD0, 0x0B, 0xD0, 0x00, 0xF0, 0x2A, 0xE0, 0x00, 0x2F, 0xD2, 0xFE, 0x7F, 0xF8, 0x0F,
    0xF8, 0x2F, 0x00, 0x0F, 0x40, 0x3C, 0x00, 0x24, 0x00, 0xB8, 0x00, 0xC0, 0x00, 0xF0, 0x05, 0x00,
    0x02, 0xD0, 0x20, 0x00, 0x07, 0x80, 0x80, 0x00, 0x0F, 0x08, 0x00, 0x00, 0x2E, 0x30, 0x00, 0x00,
    0x3D, 0x40, 0x00, 0x00, 0xBC, 0x00, 0x00, 0x01, 0xE0, 0x00, 0x00, 0x03, 0x00, 0x00, 0x7F, 0xF5,
    0xFF, 0xC1, 0xFF, 0x42, 0xF0, 0x0B, 0x80, 0x1F, 0x00, 0x3C, 0x00, 0xE0, 0x03, 0x00, 0x0F, 0x00,
    0x3C, 0x00, 0x80, 0x01, 0xE0, 0x1B, 0x40, 0x50, 0x00, 0x3C, 0x08, 0xE0, 0x20, 0x00, 0x0F, 0x42,
    0x2C, 0x08, 0x00, 0x01, 0xE2, 0x07, 0x45, 0x00, 0x00, 0x3C, 0x80, 0xF3, 0x00, 0x00, 0x0B, 0xA0,
    0x2D, 0x80, 0x00, 0x01, 0xF0, 0x07, 0xC0, 0x00, 0x00, 0x3C, 0x00, 0xF0, 0x00, 0x00, 0x09, 0x00,
    0x24, 0x00, 0x00, 0x7F, 0xF4, 0x2F, 0xF4, 0x1F, 0x80, 0x3D, 0x00, 0x1F, 0x00, 0xC0, 0x00, 0x2E,
    0x08, 0x00, 0x00, 0x3D, 0x50, 0x00, 0x00, 0x3E, 0x00, 0x00, 0x00, 0x78, 0x00, 0x00, 0x03, 0xB8,
    0x00, 0x00, 0x24, 0xF4, 0x00, 0x01, 0x80, 0xF0, 0x00, 0x1C, 0x01, 0xF0, 0x02, 0xF0, 0x03, 0xE0,
    0xBF, 0xE0, 0x3F, 0xFC, 0x7F, 0xF8, 0x0F, 0xF8, 0x1F, 0x00, 0x0F, 0x40, 0x3C, 0x00, 0x20, 0x00,
    0x78, 0x00, 0x80, 0x00, 0xF0, 0x05, 0x00, 0x02, 0xD0, 0x20, 0x00, 0x07, 0xC0, 0x80, 0x00, 0x0F,
    0x08, 0x00, 0x00, 0x1E, 0x20, 0x00, 0x00, 0x3E, 0x40, 0x00, 0x00, 0xBC, 0x00, 0x00, 0x00, 0xD0,
    0x00, 0x00, 0x03, 0x00, 0x00, 0x00, 0x08, 0x00, 0x00, 0x00, 0x90, 0x00, 0x00, 0x02, 0x00, 0x00,
    0x38, 0x14, 0x00, 0x01, 0xE1, 0x80, 0x00, 0x01, 0xF8, 0x00, 0x00, 0x00, 0x1F, 0xFF, 0xFD, 0x2D,
    0x00, 0x3C, 0x24, 0x00, 0xF4, 0x20, 0x02, 0xE0, 0x00, 0x07, 0xC0, 0x00, 0x0F, 0x00, 0x00, 0x3D,
    0x00, 0x00, 0xB8, 0x00, 0x01, 0xF0, 0x02, 0x03, 0xC0, 0x05, 0x0F, 0x40, 0x09, 0x2E, 0x00, 0x2D,
    0x3F, 0xFF, 0xFC, 0x00, 0x06, 0xE0, 0x00, 0xB4, 0x00, 0x07, 0x80, 0x00, 0x2D, 0x00, 0x00, 0xF0,
    0x00, 0x03, 0xC0, 0x00, 0x0F, 0x00, 0x00, 0x3C, 0x00, 0x00, 0xF0, 0x00, 0x03, 0xC0, 0x00, 0x0F,
    0x00, 0x00, 0x3C, 0x00, 0x01, 0xE0, 0x00, 0x1E, 0x00, 0x0B, 0xD0, 0x00, 0x01, 0xF0, 0x00, 0x01,
    0xF0, 0x00, 0x03, 0xC0, 0x00, 0x0F, 0x00, 0x00, 0x3C, 0x00, 0x00, 0xF0, 0x00, 0x03, 0xC0, 0x00,
    0x0F, 0x00, 0x00, 0x3C, 0x00, 0x00, 0xF0, 0x00, 0x03, 0xD0, 0x00, 0x07, 0xC0, 0x00, 0x0B, 0xD0,
    0x00, 0x06, 0xF0, 0x5A, 0xAA, 0xAA, 0xAA, 0xAA, 0xAA, 0xAA, 0xAA, 0xAA, 0xAA, 0xAA, 0xAA, 0xAA,
    0xAA, 0xA0, 0xF9, 0x00, 0x00, 0x2F, 0x00, 0x00, 0x1F, 0x00, 0x00, 0x3C, 0x00, 0x00, 0xF0, 0x00,
    0x03, 0xD0, 0x00, 0x0F, 0x40, 0x00, 0x3D, 0x00, 0x00, 0xF4, 0x00, 0x03, 0xD0, 0x00, 0x0F, 0x40,
    0x00, 0x2D, 0x00, 0x00, 0x78, 0x00, 0x00, 0x78, 0x00, 0x00, 0x3F, 0x00, 0x07, 0x80, 0x00, 0x78,
    0x00, 0x02, 0xD0, 0x00, 0x0F, 0x00, 0x00, 0x3C, 0x00, 0x00, 0xF0, 0x00, 0x03, 0xC0, 0x00, 0x0F,
    0x00, 0x00, 0x3C, 0x00, 0x00, 0xF0, 0x00, 0x03, 0xC0, 0x00, 0x1F, 0x00, 0x02, 0xF0, 0x00, 0xBD,
    0x00, 0x00, 0x0B, 0xF9, 0x01, 0x86, 0x00, 0x6F, 0xE0, 0x3C, 0x7D, 0x3C, 0x00, 0x00, 0x14, 0x14,
    0x28, 0x28, 0x28, 0x3C, 0x3C, 0x3C, 0x3C, 0x3C, 0x7C, 0x7D, 0x7D, 0xBD, 0x7D, 0x00, 0x00, 0x01,
    0x80, 0x00, 0x00, 0x18, 0x00, 0x00, 0x2F, 0xF9, 0x00, 0x1F, 0x58, 0x28, 0x0B, 0x81, 0x83, 0xC0,
    0xF0, 0x18, 0x3C, 0x2E, 0x01, 0x80, 0x03, 0xD0, 0x18, 0x00, 0x3D, 0x01, 0x80, 0x03, 0xD0, 0x18,
    0x00, 0x2E, 0x01, 0x80, 0x01, 0xF0, 0x18, 0x02, 0x0B, 0x81, 0x80, 0xC0, 0x2F, 0x58, 0x74, 0x00,
    0x2F, 0xF8, 0x00, 0x00, 0x18, 0x00, 0x00, 0x01, 0x80, 0x00, 0x00, 0x00, 0x2F, 0xD0, 0x00, 0x00,
    0x78, 0x0A, 0x00, 0x00, 0x38, 0x00, 0x50, 0x00, 0x2D, 0x00, 0x78, 0x00, 0x0F, 0x00, 0x2F, 0x00,
    0x03, 0xC0, 0x07, 0x40, 0x00, 0xF0, 0x00, 0x00, 0x00, 0x3C, 0x00, 0x00, 0x00, 0x0F, 0x00, 0x00,
    0x00, 0x03, 0xC0, 0x00, 0x00, 0x1F, 0xFF, 0xC0, 0x00, 0x00, 0x3C, 0x00, 0x00, 0x00, 0x0F, 0x00,
    0x00, 0x00, 0x03, 0xC0, 0x00, 0x00, 0x00, 0xF0, 0x00, 0x00, 0x00, 0x3C, 0x00, 0x00, 0x0B, 0xFF,
    0x00, 0x00, 0x8D, 0x0B, 0xE0, 0x00, 0x97, 0x07, 0x9F, 0x80, 0xA0, 0xBF, 0x40, 0x6F, 0xD0, 0xBF,
    0xFF, 0x40, 0x02, 0xFF, 0xD0, 0x3F, 0x80, 0x00, 0x07, 0xD0, 0x00, 0xFC, 0x00, 0x00, 0x70, 0x00,
    0x0B, 0xD0, 0x00, 0x0D, 0x00, 0x00, 0x3F, 0x00, 0x01, 0x80, 0x00, 0x01, 0xF8, 0x00, 0x30, 0x00,
    0x00, 0x0B, 0xD0, 0x09, 0x00, 0x00, 0xFF, 0xFF, 0xFF, 0xFF, 0xE0, 0x00, 0x02, 0xF4, 0x34, 0x00,
    0x00, 0x00, 0x0B, 0xC9, 0x00, 0x00, 0x00, 0x00, 0x3F, 0x80, 0x00, 0x00, 0x00, 0x01, 0xF0, 0x00,
    0x00, 0x0F, 0xFF, 0xFF, 0xFF, 0xFE, 0x00, 0x00, 0x01, 0xF0, 0x00, 0x00, 0x00, 0x00, 0x1F, 0x00,
    0x00, 0x00, 0x00, 0x01, 0xF0, 0x00, 0x00, 0x00, 0x00, 0x1F, 0x00, 0x00, 0x00, 0x00, 0x01, 0xF0,
    0x00, 0x00, 0x00, 0x00, 0x2F, 0x40, 0x00, 0x00, 0x00, 0x7F, 0xFF, 0xC0, 0x00, 0x0B, 0xF4, 0x0F,
    0x02, 0xC7, 0x00, 0x37, 0x40, 0x1D, 0xD0, 0x00, 0x38, 0x00, 0x0B, 0x40, 0x00, 0xFD, 0x00, 0x1F,
    0xF4, 0x07, 0xFF, 0x47, 0x07, 0xF3, 0x80, 0x1E, 0xD0, 0x02, 0xB4, 0x00, 0x7B, 0x40, 0x28, 0xF8,
    0x0C, 0x2F, 0xFC, 0x01, 0xFF, 0x00, 0x0B, 0xF0, 0x00, 0x2D, 0x00, 0x02, 0x80, 0x00, 0x77, 0x40,
    0x29, 0x80, 0x0D, 0x34, 0x0E, 0x02, 0xFD, 0x00, 0x2D, 0x03, 0xC3, 0xF0, 0x7E, 0x2D, 0x03, 0xC0,
    0x00, 0x00, 0x06, 0xFF, 0xF9, 0x00, 0x00, 0x00, 0x00, 0x07, 0xD4, 0x00, 0x7D, 0x00, 0x00, 0x00,
    0x07, 0x80, 0x00, 0x00, 0x2D, 0x00, 0x00, 0x01, 0xD0, 0x00, 0x00, 0x00, 0x74, 0x00, 0x00, 0x70,
    0x00, 0x00, 0x00, 0x00, 0xE0, 0x00, 0x1C, 0x00, 0x00, 0x00, 0x00, 0x03, 0x40, 0x03, 0x40, 0x00,
    0x00, 0x00, 0x00, 0x0C, 0x00, 0xA0, 0x00, 0x0B, 0xFE, 0x05, 0x00, 0x70, 0x0C, 0x00, 0x0B, 0xD0,
    0x1E, 0xE0, 0x03, 0x42, 0x80, 0x02, 0xE0, 0x00, 0x3E, 0x00, 0x18, 0x34, 0x00, 0xBC, 0x00, 0x00,
    0xE0, 0x00, 0xC3, 0x00, 0x1F, 0x80, 0x00, 0x0A, 0x00, 0x0D, 0x70, 0x02, 0xF0, 0x00, 0x00, 0x50,
    0x00, 0x97, 0x00, 0x3F, 0x00, 0x00, 0x00, 0x00, 0x0A, 0x70, 0x03, 0xF0, 0x00, 0x00, 0x00, 0x00,
    0xA7, 0x00, 0x3F, 0x00, 0x00, 0x00, 0x00, 0x0A, 0x30, 0x02, 0xF0, 0x00, 0x00, 0x10, 0x00, 0xD3,
    0x00, 0x1F, 0x80, 0x00, 0x05, 0x00, 0x0D, 0x34, 0x00, 0xBC, 0x00, 0x00, 0x80, 0x00, 0xC2, 0x80,
    0x02, 0xF0, 0x00, 0x24, 0x00, 0x18, 0x0C, 0x00, 0x0B, 0xD0, 0x1A, 0x00, 0x03, 0x40, 0xA0, 0x00,
    0x0B, 0xFE, 0x40, 0x00, 0x70, 0x03, 0x00, 0x00, 0x00, 0x00, 0x00, 0x0D, 0x00, 0x2C, 0x00, 0x00,
    0x00, 0x00, 0x02, 0xC0, 0x00, 0xE0, 0x00, 0x00, 0x00, 0x00, 0x70, 0x00, 0x03, 0x40, 0x00, 0x00,
    0x00, 0x1C, 0x00, 0x00, 0x0E, 0x00, 0x00, 0x00, 0x0B, 0x00, 0x00, 0x00, 0x2D, 0x00, 0x00, 0x07,
    0x80, 0x00, 0x00, 0x00, 0x2E, 0x40, 0x1B, 0xD0, 0x00, 0x00, 0x00, 0x00, 0x1B, 0xFF, 0x80, 0x00,
    0x00, 0x02, 0xF4, 0x00, 0x0D, 0x1D, 0x00, 0x14, 0x0B, 0x00, 0x20, 0x07, 0x40, 0x3D, 0x03, 0x80,
    0x3E, 0x03, 0xC0, 0x2D, 0x03, 0xC0, 0x06, 0xFF, 0xC0, 0x3E, 0x43, 0xC0, 0xB8, 0x03, 0xC0, 0xB8,
    0x0F, 0xC2, 0x2F, 0xF5, 0xF8, 0x00, 0x00, 0x00, 0xBF, 0xFF, 0xF4, 0x00, 0x04, 0x05, 0x00, 0x20,
    0x0C, 0x00, 0x60, 0x28, 0x00, 0xC0, 0x70, 0x03, 0x40, 0xD0, 0x0E, 0x07, 0x40, 0x7C, 0x1E, 0x00,
    0x7C, 0x1E, 0x00, 0x0E, 0x07, 0x80, 0x03, 0x41, 0xD0, 0x00, 0xC0, 0x70, 0x00, 0x60, 0x28, 0x00,
    0x20, 0x0C, 0x00, 0x04, 0x05, 0x3F, 0xFF, 0xFF, 0xFF, 0x80, 0x00, 0x00, 0x00, 0x60, 0x00, 0x00,
    0x00, 0x18, 0x00, 0x00, 0x00, 0x06, 0x00, 0x00, 0x00, 0x01, 0x80, 0x00, 0x00, 0x00, 0x60, 0x00,
    0x00, 0x00, 0x18, 0x00, 0x00, 0x00, 0x00, 0x00, 0x00, 0xBF, 0xFF, 0x6A, 0xAA, 0x00, 0x00, 0x06,
    0xFF, 0xF9, 0x00, 0x00, 0x00, 0x00, 0x07, 0xD4, 0x00, 0x7D, 0x00, 0x00, 0x00, 0x07, 0x80, 0x00,
    0x00, 0x2D, 0x00, 0x00, 0x01, 0xD0, 0x00, 0x00, 0x00, 0x38, 0x00, 0x00, 0xB0, 0x00, 0x00, 0x00,
    0x00, 0xE0, 0x00, 0x1C, 0x00, 0x00, 0x00, 0x00, 0x03, 0x80, 0x03, 0x00, 0x00, 0x00, 0x00, 0x00,
    0x0D, 0x00, 0xA0, 0x00, 0x00, 0x00, 0x00, 0x00, 0x70, 0x1C, 0x0F, 0xFF, 0xFF, 0xE4, 0x00, 0x03,
    0x42, 0x80, 0x07, 0xE0, 0x07, 0xE0, 0x00, 0x1C, 0x34, 0x00, 0x3E, 0x00, 0x0F, 0xC0, 0x00, 0xC3,
    0x00, 0x03, 0xE0, 0x00, 0xFC, 0x00, 0x0D, 0x70, 0x00, 0x3E, 0x00, 0x0F, 0xC0, 0x00, 0x97, 0x00,
    0x03, 0xE0, 0x07, 0xE0, 0x00, 0x0A, 0x70, 0x00, 0x3F, 0xFF, 0xE0, 0x00, 0x00, 0xA7, 0x00, 0x03,
    0xE0, 0x1F, 0x80, 0x00, 0x0A, 0x30, 0x00, 0x3E, 0x00, 0x3D, 0x00, 0x00, 0xD3, 0x00, 0x03, 0xE0,
    0x03, 0xE0, 0x00, 0x0C, 0x34, 0x00, 0x3E, 0x00, 0x3F, 0x00, 0x00, 0xC2, 0x80, 0x03, 0xE0, 0x03,
    0xF0, 0x10, 0x28, 0x0C, 0x00, 0x7F, 0x00, 0x2F, 0x83, 0x03, 0x40, 0xA0, 0xFF, 0xFF, 0x40, 0x6F,
    0xD0, 0x70, 0x03, 0x00, 0x00, 0x00, 0x00, 0x00, 0x0D, 0x00, 0x2C, 0x00, 0x00, 0x00, 0x00, 0x02,
    0x80, 0x00, 0xE0, 0x00, 0x00, 0x00, 0x00, 0x70, 0x00, 0x03, 0x80, 0x00, 0x00, 0x00, 0x1C, 0x00,
    0x00, 0x0E, 0x00, 0x00, 0x00, 0x0B, 0x00, 0x00, 0x00, 0x2D, 0x00, 0x00, 0x07, 0x80, 0x00, 0x00,
    0x00, 0x2E, 0x40, 0x1B, 0xD0, 0x00, 0x00, 0x00, 0x00, 0x1B, 0xFF, 0x80, 0x00, 0x00, 0xFF, 0xFF,
    0xF4, 0x0B, 0xD0, 0x28, 0x34, 0x30, 0x1C, 0x70, 0x0C, 0x30, 0x1C, 0x38, 0x34, 0x0B, 0xD0, 0x00,
    0x00, 0x00, 0x00, 0x00, 0x00, 0x00, 0x08, 0x00, 0x00, 0x00, 0x00, 0x1C, 0x00, 0x00, 0x00, 0x00,
    0x1C, 0x00, 0x00, 0x00, 0x00, 0x1C, 0x00, 0x00, 0x00, 0x00, 0x1C, 0x00, 0x00, 0x00, 0x00, 0x1C,
    0x00, 0x00, 0x00, 0x00, 0x1C, 0x00, 0x00, 0x00, 0x00, 0x1C, 0x00, 0x00, 0x00, 0x00, 0x1C, 0x00,
    0x00, 0x3F, 0xFF, 0xFF, 0xFF, 0xFE, 0x00, 0x00, 0x1C, 0x00, 0x00, 0x00, 0x00, 0x1C, 0x00, 0x00,
    0x00, 0x00, 0x1C, 0x00, 0x00, 0x00, 0x00, 0x1C, 0x00, 0x00, 0x00, 0x00, 0x1C, 0x00, 0x00, 0x00,
    0x00, 0x1C, 0x00, 0x00, 0x00, 0x00, 0x1C, 0x00, 0x00, 0x00, 0x00, 0x1C, 0x00, 0x00, 0x3F, 0xFF,
    0xFF, 0xFF, 0xFE, 0x01, 0xD0, 0xBD, 0x2E, 0x0A, 0x00, 0x3F, 0xC0, 0x3F, 0xC0, 0x07, 0xC0, 0x03,
    0xC0, 0x03, 0xC0, 0x03, 0xC0, 0x03, 0xC0, 0x03, 0xC0, 0x03, 0xC0, 0x03, 0xC0, 0x03, 0xC0, 0x03,
    0xC0, 0x03, 0xC0, 0x03, 0xC0, 0x03, 0xC0, 0x03, 0xC0, 0x03, 0xC0, 0x03, 0xC0, 0x03, 0xC0, 0x03,
    0xC0, 0x03, 0xD0, 0x07, 0xC0, 0x03, 0xF0, 0x2A, 0xE0, 0x03, 0xFF, 0xE2, 0xFD, 0x03, 0xC0, 0x00,
    0x00, 0x03, 0xC0, 0x00, 0x00, 0x03, 0xC0, 0x00, 0x00, 0x03, 0xC0, 0x00, 0x00, 0x03, 0xD0, 0x00,
    0x00, 0x3F, 0xFD, 0x00, 0x00, 0x00, 0x2F, 0xFF, 0xFE, 0x02, 0xFF, 0xF4, 0x90, 0x0F, 0xFF, 0xF4,
    0x90, 0x2F, 0xFF, 0xF4, 0x90, 0x3F, 0xFF, 0xF4, 0x90, 0x7F, 0xFF, 0xF4, 0x90, 0x7F, 0xFF, 0xF4,
    0x90, 0x7F, 0xFF, 0xF4, 0x90, 0x3F, 0xFF, 0xF4, 0x90, 0x2F, 0xFF, 0xF4, 0x90, 0x0F, 0xFF, 0xF4,
    0x90, 0x03, 0xFF, 0xF4, 0x90, 0x00, 0x7F, 0xF4, 0x90, 0x00, 0x01, 0xB4, 0x90, 0x00, 0x00, 0x34,
    0x90, 0x00, 0x00, 0x34, 0x90, 0x00, 0x00, 0x34, 0x90, 0x00, 0x00, 0x34, 0x90, 0x00, 0x00, 0x34,
    0x90, 0x00, 0x00, 0x34, 0x90, 0x00, 0x00, 0x34, 0x90, 0x00, 0x00, 0x34, 0x90, 0x00, 0x00, 0x34,
    0x90, 0x00, 0x00, 0x34, 0x90, 0x00, 0x00, 0x34, 0x90, 0x00, 0x03, 0xFF, 0xFE, 0x3C, 0x7D, 0x3C,
    0x02, 0xD0, 0x02, 0xE0, 0x00, 0x3D, 0x00, 0x1F, 0x00, 0x7D, 0x3F, 0xE4, 0x00, 0xBF, 0x80, 0x01,
    0xE0, 0x3C, 0x00, 0xF0, 0x03, 0xC0, 0xB4, 0x00, 0xB4, 0x3D, 0x00, 0x1F, 0x0F, 0x00, 0x07, 0xC3,
    0xC0, 0x01, 0xF0, 0xF4, 0x00, 0x7C, 0x2D, 0x00, 0x2E, 0x03, 0xC0, 0x0F, 0x00, 0x78, 0x0F, 0x00,
    0x02, 0xFE, 0x00, 0x00, 0x00, 0x00, 0x0B, 0xFF, 0xFF, 0x40, 0x50, 0x10, 0x00, 0x30, 0x0C, 0x00,
    0x18, 0x09, 0x00, 0x0D, 0x03, 0x40, 0x03, 0x41, 0xC0, 0x01, 0xD0, 0xB0, 0x00, 0xB4, 0x2D, 0x00,
    0xB4, 0x2D, 0x01, 0xD0, 0xB0, 0x03, 0x41, 0xC0, 0x0D, 0x03, 0x00, 0x18, 0x09, 0x00, 0x30, 0x0C,
    0x00, 0x10, 0x10, 0x00, 0x00, 0xB4, 0x00, 0x00, 0xFC, 0x00, 0x00, 0xB4, 0x00, 0x00, 0x00, 0x00,
    0x00, 0x00, 0x00, 0x00, 0x20, 0x00, 0x00, 0x30, 0x00, 0x00, 0x20, 0x00, 0x00, 0x20, 0x00, 0x00,
    0x90, 0x00, 0x00, 0xC0, 0x00, 0x02, 0xC0, 0x00, 0x07, 0x00, 0x00, 0x1E, 0x00, 0x00, 0x3C, 0x00,
    0x38, 0x7C, 0x00, 0xBC, 0x7C, 0x00, 0x3C, 0x3C, 0x00, 0x28, 0x2F, 0x01, 0xA0, 0x06, 0xFE, 0x40,
    0x00, 0x03, 0xD0, 0x00, 0x00, 0x00, 0x00, 0x1B, 0x80, 0x00, 0x00, 0x00, 0x00, 0x00, 0x00, 0x00,
    0x00, 0x00, 0x24, 0x00, 0x00, 0x00, 0x00, 0x0F, 0x00, 0x00, 0x00, 0x00, 0x07, 0xC0, 0x00, 0x00,
    0x00, 0x03, 0xF8, 0x00, 0x00, 0x00, 0x00, 0xFF, 0x00, 0x00, 0x00, 0x00, 0x97, 0xC0, 0x00, 0x00,
    0x00, 0x30, 0xF8, 0x00, 0x00, 0x00, 0x08, 0x2F, 0x00, 0x00, 0x00, 0x09, 0x07, 0xD0, 0x00, 0x00,
    0x03, 0x00, 0xF8, 0x00, 0x00, 0x01, 0x80, 0x2F, 0x00, 0x00, 0x00, 0x90, 0x07, 0xD0, 0x00, 0x00,
    0x30, 0x00, 0xF8, 0x00, 0x00, 0x1F, 0xFF, 0xFF, 0x00, 0x00, 0x09, 0x00, 0x03, 0xD0, 0x00, 0x03,
    0x00, 0x00, 0xF8, 0x00, 0x01, 0x80, 0x00, 0x2F, 0x00, 0x00, 0x90, 0x00, 0x03, 0xD0, 0x00, 0x30,
    0x00, 0x00, 0xF8, 0x00, 0x7E, 0x00, 0x00, 0x3F, 0x40, 0xFF, 0xF0, 0x00, 0xFF, 0xFF, 0x00, 0x00,
    0x00, 0xF0, 0x00, 0x00, 0x00, 0x02, 0xFC, 0x00, 0x00, 0x00, 0x07, 0x90, 0x00, 0x00, 0x00, 0x00,
    0x00, 0x00, 0x00, 0x00, 0x00, 0x09, 0x00, 0x00, 0x00, 0x00, 0x03, 0xC0, 0x00, 0x00, 0x00, 0x01,
    0xF0, 0x00, 0x00, 0x00, 0x00, 0xFE, 0x00, 0x00, 0x00, 0x00, 0x3F, 0xC0, 0x00, 0x00, 0x00, 0x25,
    0xF0, 0x00, 0x00, 0x00, 0x0C, 0x3E, 0x00, 0x00, 0x00, 0x02, 0x0B, 0xC0, 0x00, 0x00, 0x02, 0x41,
    0xF4, 0x00, 0x00, 0x00, 0xC0, 0x3E, 0x00, 0x00, 0x00, 0x60, 0x0B, 0xC0, 0x00, 0x00, 0x24, 0x01,
    0xF4, 0x00, 0x00, 0x0C, 0x00, 0x3E, 0x00, 0x00, 0x07, 0xFF, 0xFF, 0xC0, 0x00, 0x02, 0x40, 0x00,
    0xF4, 0x00, 0x00, 0xC0, 0x00, 0x3E, 0x00, 0x00, 0x60, 0x00, 0x0B, 0xC0, 0x00, 0x24, 0x00, 0x00,
    0xF4, 0x00, 0x0C, 0x00, 0x00, 0x3E, 0x00, 0x1F, 0x80, 0x00, 0x0F, 0xD0, 0x3F, 0xFC, 0x00, 0x3F,
    0xFF, 0xC0, 0x00, 0x00, 0x00, 0x00, 0x00, 0x00, 0x00, 0x02, 0x40, 0x00, 0x00, 0x00, 0x02, 0xB4,
    0x00, 0x00, 0x00, 0x02, 0x83, 0x40, 0x00, 0x00, 0x02, 0x80, 0x24, 0x00, 0x00, 0x00, 0x00, 0x00,
    0x00, 0x00, 0x00, 0x00, 0x90, 0x00, 0x00, 0x00, 0x00, 0x3C, 0x00, 0x00, 0x00, 0x00, 0x1F, 0x00,
    0x00, 0x00, 0x00, 0x0F, 0xE0, 0x00, 0x00, 0x00, 0x03, 0xBC, 0x00, 0x00, 0x00, 0x02, 0x5F, 0x00,
    0x00, 0x00, 0x00, 0xC3, 0xE0, 0x00, 0x00, 0x00, 0x20, 0xBC, 0x00, 0x00, 0x00, 0x24, 0x1F, 0x40,
    0x00, 0x00, 0x0C, 0x03, 0xE0, 0x00, 0x00, 0x06, 0x00, 0xBC, 0x00, 0x00, 0x02, 0x40, 0x1F, 0x40,
    0x00, 0x00, 0xC0, 0x03, 0xE0, 0x00, 0x00, 0x7F, 0xFF, 0xFC, 0x00, 0x00, 0x24, 0x00, 0x0F, 0x40,
    0x00, 0x0C, 0x00, 0x03, 0xE0, 0x00, 0x06, 0x00, 0x00, 0xBC, 0x00, 0x02, 0x40, 0x00, 0x0F, 0x40,
    0x00, 0xC0, 0x00, 0x03, 0xE0, 0x01, 0xF8, 0x00, 0x00, 0xFD, 0x03, 0xFF, 0xC0, 0x03, 0xFF, 0xFC,
    0x00, 0x00, 0x00, 0x00, 0x00, 0x00, 0x01, 0xFE, 0x40, 0x80, 0x00, 0x01, 0x80, 0x6F, 0xD0, 0x00,
    0x00, 0x00, 0x00, 0x00, 0x00, 0x00, 0x00, 0x00, 0x00, 0x00, 0x00, 0x00, 0x02, 0x40, 0x00, 0x00,
    0x00, 0x00, 0xF0, 0x00, 0x00, 0x00, 0x00, 0x7C, 0x00, 0x00, 0x00, 0x00, 0x3F, 0x80, 0x00, 0x00,
    0x00, 0x0E, 0xF0, 0x00, 0x00, 0x00, 0x09, 0x7C, 0x00, 0x00, 0x00, 0x03, 0x0F, 0x80, 0x00, 0x00,
    0x00, 0x82, 0xF0, 0x00, 0x00, 0x00, 0x90, 0x7D, 0x00, 0x00, 0x00, 0x30, 0x0F, 0x80, 0x00, 0x00,
    0x18, 0x02, 0xF0, 0x00, 0x00, 0x09, 0x00, 0x7D, 0x00, 0x00, 0x03, 0x00, 0x0F, 0x80, 0x00, 0x01,
    0xFF, 0xFF, 0xF0, 0x00, 0x00, 0x90, 0x00, 0x3D, 0x00, 0x00, 0x30, 0x00, 0x0F, 0x80, 0x00, 0x18,
    0x00, 0x02, 0xF0, 0x00, 0x09, 0x00, 0x00, 0x3D, 0x00, 0x03, 0x00, 0x00, 0x0F, 0x80, 0x07, 0xE0,
    0x00, 0x03, 0xF4, 0x0F, 0xFF, 0x00, 0x0F, 0xFF, 0xF0, 0x00, 0x03, 0xC0, 0x78, 0x00, 0x00, 0x01,
    0xF8, 0x3F, 0x00, 0x00, 0x00, 0x3C, 0x07, 0x80, 0x00, 0x00, 0x00, 0x00, 0x00, 0x00, 0x00, 0x00,
    0x09, 0x00, 0x00, 0x00, 0x00, 0x03, 0xC0, 0x00, 0x00, 0x00, 0x01, 0xF0, 0x00, 0x00, 0x00, 0x00,
    0xFE, 0x00, 0x00, 0x00, 0x00, 0x3F, 0xC0, 0x00, 0x00, 0x00, 0x25, 0xF0, 0x00, 0x00, 0x00, 0x0C,
    0x3E, 0x00, 0x00, 0x00, 0x02, 0x0B, 0xC0, 0x00, 0x00, 0x02, 0x41, 0xF4, 0x00, 0x00, 0x00, 0xC0,
    0x3E, 0x00, 0x00, 0x00, 0x60, 0x0B, 0xC0, 0x00, 0x00, 0x24, 0x01, 0xF4, 0x00, 0x00, 0x0C, 0x00,
    0x3E, 0x00, 0x00, 0x07, 0xFF, 0xFF, 0xC0, 0x00, 0x02, 0x40, 0x00, 0xF4, 0x00, 0x00, 0xC0, 0x00,
    0x3E, 0x00, 0x00, 0x60, 0x00, 0x0B, 0xC0, 0x00, 0x24, 0x00, 0x00, 0xF4, 0x00, 0x0C, 0x00, 0x00,
    0x3E, 0x00, 0x1F, 0x80, 0x00, 0x0F, 0xD0, 0x3F, 0xFC, 0x00, 0x3F, 0xFF, 0xC0, 0x00, 0x00, 0x2F,
    0x40, 0x00, 0x00, 0x00, 0x18, 0x30, 0x00, 0x00, 0x00, 0x0C, 0x01, 0x00, 0x00, 0x00, 0x02, 0x00,
    0x80, 0x00, 0x00, 0x00, 0x80, 0x10, 0x00, 0x00, 0x00, 0x08, 0x20, 0x00, 0x00, 0x00, 0x00, 0xF0,
    0x00, 0x00, 0x00, 0x00, 0x3C, 0x00, 0x00, 0x00, 0x00, 0x2F, 0x00, 0x00, 0x00, 0x00, 0x0F, 0xE0,
    0x00, 0x00, 0x00, 0x02, 0xBC, 0x00, 0x00, 0x00, 0x02, 0x5F, 0x00, 0x00, 0x00, 0x00, 0xC3, 0xE0,
    0x00, 0x00, 0x00, 0x20, 0xBC, 0x00, 0x00, 0x00, 0x24, 0x1F, 0x40, 0x00, 0x00, 0x0C, 0x03, 0xE0,
    0x00, 0x00, 0x06, 0x00, 0xBC, 0x00, 0x00, 0x02, 0x40, 0x1F, 0x40, 0x00, 0x00, 0xC0, 0x03, 0xE0,
    0x00, 0x00, 0x7F, 0xFF, 0xFC, 0x00, 0x00, 0x24, 0x00, 0x0F, 0x40, 0x00, 0x0C, 0x00, 0x03, 0xE0,
    0x00, 0x06, 0x00, 0x00, 0xBC, 0x00, 0x02, 0x40, 0x00, 0x1F, 0x40, 0x00, 0xC0, 0x00, 0x03, 0xE0,
    0x01, 0xF8, 0x00, 0x01, 0xFD, 0x03, 0xFF, 0xC0, 0x03, 0xFF, 0xFC, 0x00, 0x02, 0xFF, 0xFF, 0xFF,
    0xFF, 0x00, 0x00, 0x00, 0xDF, 0x80, 0x02, 0xF0, 0x00, 0x00, 0x24, 0xF4, 0x00, 0x07, 0x00, 0x00,
    0x03, 0x0F, 0x40, 0x00, 0x30, 0x00, 0x00, 0x60, 0xF4, 0x00, 0x02, 0x40, 0x00, 0x09, 0x0F, 0x40,
    0x00, 0x14, 0x00, 0x00, 0xC0, 0xF4, 0x00, 0x00, 0x40, 0x00, 0x18, 0x0F, 0x40, 0x08, 0x00, 0x00,
    0x02, 0x40, 0xF4, 0x00, 0x80, 0x00, 0x00, 0x30, 0x0F, 0x40, 0x38, 0x00, 0x00, 0x07, 0xFF, 0xFF,
    0xFF, 0x80, 0x00, 0x00, 0xC0, 0x0F, 0x40, 0x38, 0x00, 0x00, 0x0C, 0x00, 0xF4, 0x00, 0x80, 0x00,
    0x02, 0x40, 0x0F, 0x40, 0x08, 0x08, 0x00, 0x30, 0x00, 0xF4, 0x00, 0x00, 0x90, 0x02, 0x00, 0x0F,
    0x40, 0x00, 0x0C, 0x00, 0x90, 0x00, 0xF4, 0x00, 0x01, 0xC0, 0x0C, 0x00, 0x0F, 0x40, 0x00, 0x38,
    0x07, 0xE0, 0x00, 0xF8, 0x00, 0x1F, 0x43, 0xFF, 0xC0, 0xFF, 0xFF, 0xFF, 0xF0, 0x00, 0x01, 0xBF,
    0x90, 0x24, 0x00, 0x7D, 0x00, 0xB1, 0xD0, 0x0B, 0x80, 0x00, 0x7F, 0x40, 0xF8, 0x00, 0x00, 0x7D,
    0x0B, 0xC0, 0x00, 0x00, 0xB4, 0x3D, 0x00, 0x00, 0x00, 0xD2, 0xF0, 0x00, 0x00, 0x03, 0x4F, 0xC0,
    0x00, 0x00, 0x09, 0x3E, 0x00, 0x00, 0x00, 0x01, 0xF8, 0x00, 0x00, 0x00, 0x07, 0xE0, 0x00, 0x00,
    0x00, 0x1F, 0x80, 0x00, 0x00, 0x00, 0x3F, 0x00, 0x00, 0x00, 0x00, 0xFC, 0x00, 0x00, 0x00, 0x52,
    0xF0, 0x00, 0x00, 0x02, 0x03, 0xE0, 0x00, 0x00, 0x0C, 0x07, 0xC0, 0x00, 0x00, 0x50, 0x07, 0xC0,
    0x00, 0x03, 0x00, 0x07, 0xD0, 0x00, 0x70, 0x00, 0x02, 0xF9, 0x6E, 0x00, 0x00, 0x00, 0x2F, 0x40,
    0x00, 0x00, 0x00, 0x3D, 0x00, 0x00, 0x00, 0x00, 0x1F, 0x00, 0x00, 0x00, 0x00, 0x3C, 0x00, 0x00,
    0x00, 0x02, 0xF0, 0x00, 0x00, 0x0B, 0xF9, 0x00, 0x00, 0x00, 0x03, 0xD0, 0x00, 0x00, 0x00, 0x0B,
    0xF8, 0x00, 0x00, 0x00, 0x00, 0xB4, 0x00, 0x00, 0x00, 0x00, 0x00, 0x00, 0x00, 0x00, 0x00, 0x00,
    0x00, 0xFF, 0xFF, 0xFF, 0xFF, 0x40, 0x1F, 0x80, 0x00, 0x7D, 0x00, 0x3E, 0x00, 0x00, 0x38, 0x00,
    0xF8, 0x00, 0x00, 0x60, 0x03, 0xE0, 0x00, 0x00, 0xC0, 0x0F, 0x80, 0x00, 0x02, 0x00, 0x3E, 0x00,
    0x30, 0x04, 0x00, 0xF8, 0x00, 0xC0, 0x00, 0x03, 0xE0, 0x0B, 0x00, 0x00, 0x0F, 0xFF, 0xFC, 0x00,
    0x00, 0x3E, 0x00, 0xB0, 0x00, 0x00, 0xF8, 0x00, 0xC0, 0x00, 0x03, 0xE0, 0x03, 0x00, 0x00, 0x0F,
    0x80, 0x00, 0x00, 0x80, 0x3E, 0x00, 0x00, 0x03, 0x00, 0xF8, 0x00, 0x00, 0x18, 0x03, 0xE0, 0x00,
    0x00, 0xD0, 0x0F, 0x80, 0x00, 0x0B, 0x00, 0x7E, 0x00, 0x01, 0xBC, 0x3F, 0xFF, 0xFF, 0xFF, 0xF0,
    0x00, 0x00, 0x00, 0xB4, 0x00, 0x00, 0x00, 0x1F, 0xD0, 0x00, 0x00, 0x03, 0xE4, 0x00, 0x00, 0x00,
    0x00, 0x00, 0x00, 0x00, 0x00, 0x00, 0x00, 0x00, 0xFF, 0xFF, 0xFF, 0xFF, 0x40, 0x1F, 0x80, 0x00,
    0x7D, 0x00, 0x3E, 0x00, 0x00, 0x38, 0x00, 0xF8, 0x00, 0x00, 0x60, 0x03, 0xE0, 0x00, 0x00, 0xC0,
    0x0F, 0x80, 0x00, 0x02, 0x00, 0x3E, 0x00, 0x30, 0x04, 0x00, 0xF8, 0x00, 0xC0, 0x00, 0x03, 0xE0,
    0x0B, 0x00, 0x00, 0x0F, 0xFF, 0xFC, 0x00, 0x00, 0x3E, 0x00, 0xB0, 0x00, 0x00, 0xF8, 0x00, 0xC0,
    0x00, 0x03, 0xE0, 0x03, 0x00, 0x00, 0x0F, 0x80, 0x00, 0x00, 0x80, 0x3E, 0x00, 0x00, 0x03, 0x00,
    0xF8, 0x00, 0x00, 0x18, 0x03, 0xE0, 0x00, 0x00, 0xD0, 0x0F, 0x80, 0x00, 0x0B, 0x00, 0x7E, 0x00,
    0x01, 0xBC, 0x3F, 0xFF, 0xFF, 0xFF, 0xF0, 0x00, 0x00, 0x00, 0x00, 0x00, 0x00, 0x00, 0xA0, 0x00,
    0x00, 0x00, 0x0B, 0xA0, 0x00, 0x00, 0x00, 0x70, 0xA0, 0x00, 0x00, 0x06, 0x00, 0xA0, 0x00, 0x00,
    0x00, 0x00, 0x00, 0x00, 0x00, 0x00, 0x00, 0x00, 0x0F, 0xFF, 0xFF, 0xFF, 0xF4, 0x01, 0xF8, 0x00,
    0x07, 0xD0, 0x03, 0xE0, 0x00, 0x03, 0x80, 0x0F, 0x80, 0x00, 0x06, 0x00, 0x3E, 0x00, 0x00, 0x0C,
    0x00, 0xF8, 0x00, 0x00, 0x20, 0x03, 0xE0, 0x03, 0x00, 0x40, 0x0F, 0x80, 0x0C, 0x00, 0x00, 0x3E,
    0x00, 0xB0, 0x00, 0x00, 0xFF, 0xFF, 0xC0, 0x00, 0x03, 0xE0, 0x0B, 0x00, 0x00, 0x0F, 0x80, 0x0C,
    0x00, 0x00, 0x3E, 0x00, 0x30, 0x00, 0x00, 0xF8, 0x00, 0x00, 0x08, 0x03, 0xE0, 0x00, 0x00, 0x30,
    0x0F, 0x80, 0x00, 0x01, 0x80, 0x3E, 0x00, 0x00, 0x0D, 0x00, 0xF8, 0x00, 0x00, 0xB0, 0x07, 0xE0,
    0x00, 0x1B, 0xC3, 0xFF, 0xFF, 0xFF, 0xFF, 0x00, 0x00, 0x0F, 0x40, 0xF0, 0x00, 0x00, 0x3E, 0x0B,
    0xD0, 0x00, 0x00, 0xF4, 0x0F, 0x00, 0x00, 0x00, 0x00, 0x00, 0x00, 0x00, 0x00, 0x00, 0x00, 0x00,
    0xFF, 0xFF, 0xFF, 0xFF, 0x40, 0x1F, 0x80, 0x00, 0x7D, 0x00, 0x3E, 0x00, 0x00, 0x38, 0x00, 0xF8,
    0x00, 0x00, 0x60, 0x03, 0xE0, 0x00, 0x00, 0xC0, 0x0F, 0x80, 0x00, 0x02, 0x00, 0x3E, 0x00, 0x30,
    0x04, 0x00, 0xF8, 0x00, 0xC0, 0x00, 0x03, 0xE0, 0x0B, 0x00, 0x00, 0x0F, 0xFF, 0xFC, 0x00, 0x00,
    0x3E, 0x00, 0xB0, 0x00, 0x00, 0xF8, 0x00, 0xC0, 0x00, 0x03, 0xE0, 0x03, 0x00, 0x00, 0x0F, 0x80,
    0x00, 0x00, 0x80, 0x3E, 0x00, 0x00, 0x03, 0x00, 0xF8, 0x00, 0x00, 0x18, 0x03, 0xE0, 0x00, 0x00,
    0xD0, 0x0F, 0x80, 0x00, 0x0B, 0x00, 0x7E, 0x00, 0x01, 0xBC, 0x3F, 0xFF, 0xFF, 0xFF, 0xF0, 0x1E,
    0x40, 0x00, 0x1B, 0x80, 0x00, 0x04, 0x00, 0x00, 0x00, 0x3F, 0xFF, 0xE0, 0x1F, 0xC0, 0x00, 0xF8,
    0x00, 0x0F, 0x80, 0x00, 0xF8, 0x00, 0x0F, 0x80, 0x00, 0xF8, 0x00, 0x0F, 0x80, 0x00, 0xF8, 0x00,
    0x0F, 0x80, 0x00, 0xF8, 0x00, 0x0F, 0x80, 0x00, 0xF8, 0x00, 0x0F, 0x80, 0x00, 0xF8, 0x00, 0x0F,
    0x80, 0x00, 0xF8, 0x00, 0x0F, 0x80, 0x01, 0xFC, 0x03, 0xFF, 0xFE, 0x00, 0x1F, 0x00, 0x2E, 0x40,
    0x00, 0x00, 0x00, 0x00, 0x00, 0x3F, 0xFF, 0xE0, 0x1F, 0xC0, 0x00, 0xF8, 0x00, 0x0F, 0x80, 0x00,
    0xF8, 0x00, 0x0F, 0x80, 0x00, 0xF8, 0x00, 0x0F, 0x80, 0x00, 0xF8, 0x00, 0x0F, 0x80, 0x00, 0xF8,
    0x00, 0x0F, 0x80, 0x00, 0xF8, 0x00, 0x0F, 0x80, 0x00, 0xF8, 0x00, 0x0F, 0x80, 0x00, 0xF8, 0x00,
    0x0F, 0x80, 0x01, 0xFC, 0x03, 0xFF, 0xFE, 0x00, 0x00, 0x00, 0x07, 0x00, 0x01, 0xEC, 0x00, 0x70,
    0xA0, 0x1C, 0x01, 0x80, 0x00, 0x00, 0x00, 0x00, 0x03, 0xFF, 0xFE, 0x01, 0xFC, 0x00, 0x0F, 0x80,
    0x00, 0xF8, 0x00, 0x0F, 0x80, 0x00, 0xF8, 0x00, 0x0F, 0x80, 0x00, 0xF8, 0x00, 0x0F, 0x80, 0x00,
    0xF8, 0x00, 0x0F, 0x80, 0x00, 0xF8, 0x00, 0x0F, 0x80, 0x00, 0xF8, 0x00, 0x0F, 0x80, 0x00, 0xF8,
    0x00, 0x0F, 0x80, 0x00, 0xF8, 0x00, 0x1F, 0xC0, 0x3F, 0xFF, 0xE0, 0x2D, 0x03, 0xC3, 0xF0, 0x7D,
    0x2D, 0x03, 0xC0, 0x00, 0x00, 0x00, 0x00, 0x03, 0xFF, 0xFE, 0x01, 0xFC, 0x00, 0x0F, 0x80, 0x00,
    0xF8, 0x00, 0x0F, 0x80, 0x00, 0xF8, 0x00, 0x0F, 0x80, 0x00, 0xF8, 0x00, 0x0F, 0x80, 0x00, 0xF8,
    0x00, 0x0F, 0x80, 0x00, 0xF8, 0x00, 0x0F, 0x80, 0x00, 0xF8, 0x00, 0x0F, 0x80, 0x00, 0xF8, 0x00,
    0x0F, 0x80, 0x00, 0xF8, 0x00, 0x1F, 0xC0, 0x3F, 0xFF, 0xE0, 0x3F, 0xFF, 0xFF, 0xE4, 0x00, 0x00,
    0x7E, 0x00, 0x0B, 0xD0, 0x00, 0x0F, 0x80, 0x00, 0x3D, 0x00, 0x03, 0xE0, 0x00, 0x03, 0xC0, 0x00,
    0xF8, 0x00, 0x00, 0xBC, 0x00, 0x3E, 0x00, 0x00, 0x0F, 0x40, 0x0F, 0x80, 0x00, 0x03, 0xF0, 0x03,
    0xE0, 0x00, 0x00, 0xBC, 0x00, 0xF8, 0x00, 0x00, 0x1F, 0x40, 0x3E, 0x00, 0x00, 0x07, 0xD3, 0xFF,
    0xFF, 0xF0, 0x01, 0xF4, 0x03, 0xE0, 0x00, 0x00, 0x7D, 0x00, 0xF8, 0x00, 0x00, 0x2F, 0x40, 0x3E,
    0x00, 0x00, 0x0B, 0xC0, 0x0F, 0x80, 0x00, 0x03, 0xE0, 0x03, 0xE0, 0x00, 0x01, 0xF0, 0x00, 0xF8,
    0x00, 0x00, 0xF4, 0x00, 0x3E, 0x00, 0x00, 0xF8, 0x00, 0x1F, 0x80, 0x02, 0xF4, 0x00, 0xFF, 0xFF,
    0xFF, 0xD0, 0x00, 0x00, 0x00, 0x00, 0x00, 0x00, 0x00, 0x01, 0xFE, 0x40, 0x80, 0x00, 0x01, 0x40,
    0x6F, 0xD0, 0x00, 0x00, 0x00, 0x00, 0x00, 0x00, 0x00, 0x00, 0x00, 0x00, 0x00, 0x00, 0x00, 0x00,
    0x00, 0x00, 0x03, 0xFF, 0xC0, 0x00, 0xFF, 0xFC, 0x03, 0xF4, 0x00, 0x02, 0xE0, 0x00, 0xEF, 0x00,
    0x00, 0x30, 0x00, 0x33, 0xF0, 0x00, 0x0C, 0x00, 0x0C, 0x7E, 0x00, 0x03, 0x00, 0x03, 0x0B, 0xC0,
    0x00, 0xC0, 0x00, 0xC0, 0xFC, 0x00, 0x30, 0x00, 0x30, 0x1F, 0x80, 0x0C, 0x00, 0x0C, 0x02, 0xF0,
    0x03, 0x00, 0x03, 0x00, 0x3F, 0x00, 0xC0, 0x00, 0xC0, 0x07, 0xE0, 0x30, 0x00, 0x30, 0x00, 0xBD,
    0x0C, 0x00, 0x0C, 0x00, 0x0F, 0xC3, 0x00, 0x03, 0x00, 0x01, 0xF8, 0xC0, 0x00, 0xC0, 0x00, 0x2F,
    0x70, 0x00, 0x30, 0x00, 0x03, 0xFC, 0x00, 0x0C, 0x00, 0x00, 0x3F, 0x00, 0x03, 0x00, 0x00, 0x0B,
    0xC0, 0x02, 0xE0, 0x00, 0x00, 0xF0, 0x0F, 0xFF, 0x80, 0x00, 0x08, 0x00, 0x00, 0x03, 0xD0, 0x00,
    0x00, 0x00, 0x02, 0xFE, 0x00, 0x00, 0x00, 0x00, 0x06, 0x80, 0x00, 0x00, 0x00, 0x00, 0x00, 0x00,
    0x00, 0x00, 0x00, 0x00, 0x00, 0x00, 0x02, 0xFF, 0x90, 0x00, 0x00, 0x2F, 0x40, 0x7D, 0x00, 0x00,
    0xF4, 0x00, 0x0F, 0x80, 0x03, 0xD0, 0x00, 0x03, 0xE0, 0x0F, 0xC0, 0x00, 0x00, 0xF4, 0x1F, 0x40,
    0x00, 0x00, 0xFC, 0x3F, 0x00, 0x00, 0x00, 0x7D, 0x3F, 0x00, 0x00, 0x00, 0x7E, 0x3E, 0x00, 0x00,
    0x00, 0x3F, 0x7E, 0x00, 0x00, 0x00, 0x3F, 0x7E, 0x00, 0x00, 0x00, 0x3F, 0x7E, 0x00, 0x00, 0x00,
    0x3F, 0x3F, 0x00, 0x00, 0x00, 0x7E, 0x3F, 0x00, 0x00, 0x00, 0xBD, 0x1F, 0x40, 0x00, 0x00, 0xFC,
    0x0F, 0xC0, 0x00, 0x01, 0xF4, 0x03, 0xE0, 0x00, 0x03, 0xE0, 0x00, 0xF8, 0x00, 0x0F, 0x80, 0x00,
    0x2F, 0x40, 0xBD, 0x00, 0x00, 0x02, 0xFF, 0x90, 0x00, 0x00, 0x00, 0x01, 0xD0, 0x00, 0x00, 0x00,
    0x1F, 0xD0, 0x00, 0x00, 0x00, 0xB9, 0x00, 0x00, 0x00, 0x00, 0x40, 0x00, 0x00, 0x00, 0x00, 0x00,
    0x00, 0x00, 0x00, 0x02, 0xFF, 0x90, 0x00, 0x00, 0x2F, 0x40, 0x7D, 0x00, 0x00, 0xF4, 0x00, 0x0F,
    0x80, 0x03, 0xD0, 0x00, 0x03, 0xE0, 0x0F, 0xC0, 0x00, 0x00, 0xF4, 0x1F, 0x40, 0x00, 0x00, 0xFC,
    0x3F, 0x00, 0x00, 0x00, 0x7D, 0x3F, 0x00, 0x00, 0x00, 0x7E, 0x3E, 0x00, 0x00, 0x00, 0x3F, 0x7E,
    0x00, 0x00, 0x00, 0x3F, 0x7E, 0x00, 0x00, 0x00, 0x3F, 0x7E, 0x00, 0x00, 0x00, 0x3F, 0x3F, 0x00,
    0x00, 0x00, 0x7E, 0x3F, 0x00, 0x00, 0x00, 0xBD, 0x1F, 0x40, 0x00, 0x00, 0xFC, 0x0F, 0xC0, 0x00,
    0x01, 0xF4, 0x03, 0xE0, 0x00, 0x03, 0xE0, 0x00, 0xF8, 0x00, 0x0F, 0x80, 0x00, 0x2F, 0x40, 0xBD,
    0x00, 0x00, 0x02, 0xFF, 0x90, 0x00, 0x00, 0x00, 0x00, 0x00, 0x00, 0x00, 0x00, 0x1C, 0x00, 0x00,
    0x00, 0x00, 0x7B, 0x00, 0x00, 0x00, 0x01, 0xC1, 0xC0, 0x00, 0x00, 0x07, 0x00, 0x60, 0x00, 0x00,
    0x00, 0x00, 0x00, 0x00, 0x00, 0x00, 0x00, 0x00, 0x00, 0x00, 0x02, 0xFF, 0x90, 0x00, 0x00, 0x2F,
    0x40, 0x7D, 0x00, 0x00, 0xF4, 0x00, 0x0F, 0x80, 0x03, 0xD0, 0x00, 0x03, 0xE0, 0x0F, 0xC0, 0x00,
    0x00, 0xF4, 0x1F, 0x40, 0x00, 0x00, 0xFC, 0x3F, 0x00, 0x00, 0x00, 0x7D, 0x3F, 0x00, 0x00, 0x00,
    0x7E, 0x3E, 0x00, 0x00, 0x00, 0x3F, 0x7E, 0x00, 0x00, 0x00, 0x3F, 0x7E, 0x00, 0x00, 0x00, 0x3F,
    0x7E, 0x00, 0x00, 0x00, 0x3F, 0x3F, 0x00, 0x00, 0x00, 0x7E, 0x3F, 0x00, 0x00, 0x00, 0xBD, 0x1F,
    0x40, 0x00, 0x00, 0xFC, 0x0F, 0xC0, 0x00, 0x01, 0xF4, 0x03, 0xE0, 0x00, 0x03, 0xE0, 0x00, 0xF8,
    0x00, 0x0F, 0x80, 0x00, 0x2F, 0x40, 0xBD, 0x00, 0x00, 0x02, 0xFF, 0x90, 0x00, 0x00, 0x0B, 0xE4,
    0x06, 0x00, 0x00, 0x20, 0x1B, 0xF8, 0x00, 0x00, 0x00, 0x00, 0x00, 0x00, 0x00, 0x00, 0x00, 0x00,
    0x00, 0x00, 0x00, 0x00, 0x00, 0x00, 0x00, 0x02, 0xFF, 0x90, 0x00, 0x00, 0x2F, 0x40, 0x7D, 0x00,
    0x00, 0xF4, 0x00, 0x0F, 0x80, 0x03, 0xD0, 0x00, 0x03, 0xE0, 0x0F, 0xC0, 0x00, 0x00, 0xF4, 0x1F,
    0x40, 0x00, 0x00, 0xFC, 0x3F, 0x00, 0x00, 0x00, 0x7D, 0x3F, 0x00, 0x00, 0x00, 0x7E, 0x3E, 0x00,
    0x00, 0x00, 0x3F, 0x7E, 0x00, 0x00, 0x00, 0x3F, 0x7E, 0x00, 0x00, 0x00, 0x3F, 0x7E, 0x00, 0x00,
    0x00, 0x3F, 0x3F, 0x00, 0x00, 0x00, 0x7E, 0x3F, 0x00, 0x00, 0x00, 0xBD, 0x1F, 0x40, 0x00, 0x00,
    0xFC, 0x0F, 0xC0, 0x00, 0x01, 0xF4, 0x03, 0xE0, 0x00, 0x03, 0xE0, 0x00, 0xF8, 0x00, 0x0F, 0x80,
    0x00, 0x2F, 0x40, 0xBD, 0x00, 0x00, 0x02, 0xFF, 0x90, 0x00, 0x00, 0x0B, 0x80, 0xF0, 0x00, 0x00,
    0x0F, 0xC1, 0xF8, 0x00, 0x00, 0x0B, 0x80, 0xF0, 0x00, 0x00, 0x00, 0x00, 0x00, 0x00, 0x00, 0x00,
    0x00, 0x00, 0x00, 0x00, 0x02, 0xFF, 0x90, 0x00, 0x00, 0x2F, 0x40, 0x7D, 0x00, 0x00, 0xF4, 0x00,
    0x0F, 0x80, 0x03, 0xD0, 0x00, 0x03, 0xE0, 0x0F, 0xC0, 0x00, 0x00, 0xF4, 0x1F, 0x40, 0x00, 0x00,
    0xFC, 0x3F, 0x00, 0x00, 0x00, 0x7D, 0x3F, 0x00, 0x00, 0x00, 0x7E, 0x3E, 0x00, 0x00, 0x00, 0x3F,
    0x7E, 0x00, 0x00, 0x00, 0x3F, 0x7E, 0x00, 0x00, 0x00, 0x3F, 0x7E, 0x00, 0x00, 0x00, 0x3F, 0x3F,
    0x00, 0x00, 0x00, 0x7E, 0x3F, 0x00, 0x00, 0x00, 0xBD, 0x1F, 0x40, 0x00, 0x00, 0xFC, 0x0F, 0xC0,
    0x00, 0x01, 0xF4, 0x03, 0xE0, 0x00, 0x03, 0xE0, 0x00, 0xF8, 0x00, 0x0F, 0x80, 0x00, 0x2F, 0x40,
    0xBD, 0x00, 0x00, 0x02, 0xFF, 0x90, 0x00, 0x00, 0x00, 0x00, 0x00, 0x10, 0x00, 0x02, 0xFF, 0x90,
    0x20, 0x00, 0x2E, 0x40, 0x7C, 0x80, 0x00, 0xF0, 0x00, 0x0B, 0x80, 0x03, 0xC0, 0x00, 0x07, 0xD0,
    0x0F, 0x40, 0x00, 0x08, 0xF0, 0x1F, 0x00, 0x00, 0x20, 0x78, 0x3E, 0x00, 0x00, 0x90, 0x3C, 0x3D,
    0x00, 0x01, 0x80, 0x3E, 0x7D, 0x00, 0x02, 0x00, 0x3E, 0x7C, 0x00, 0x08, 0x00, 0x2F, 0x7C, 0x00,
    0x24, 0x00, 0x2F, 0x7D, 0x00, 0x60, 0x00, 0x2F, 0x3D, 0x00, 0x80, 0x00, 0x3E, 0x3E, 0x02, 0x00,
    0x00, 0x3D, 0x1F, 0x09, 0x00, 0x00, 0x7C, 0x0B, 0x58, 0x00, 0x00, 0xF4, 0x03, 0xF0, 0x00, 0x02,
    0xE0, 0x00, 0xF0, 0x00, 0x0B, 0x80, 0x01, 0x5E, 0x40, 0x7D, 0x00, 0x02, 0x01, 0xFF, 0x90, 0x00,
    0x04, 0x00, 0x00, 0x00, 0x00, 0x00, 0x00, 0xE4, 0x00, 0x00, 0x00, 0x00, 0x3F, 0xD0, 0x00, 0x00,
    0x00, 0x00, 0x6D, 0x00, 0x00, 0x00, 0x00, 0x00, 0x00, 0x00, 0x00, 0x00, 0x00, 0x00, 0x00, 0x0F,
    0xFF, 0xF8, 0x03, 0xFF, 0xF0, 0x1F, 0xC0, 0x00, 0x0B, 0x40, 0x03, 0xE0, 0x00, 0x00, 0xC0, 0x00,
    0xF8, 0x00, 0x00, 0x30, 0x00, 0x3E, 0x00, 0x00, 0x0C, 0x00, 0x0F, 0x80, 0x00, 0x03, 0x00, 0x03,
    0xE0, 0x00, 0x00, 0xC0, 0x00, 0xF8, 0x00, 0x00, 0x30, 0x00, 0x3E, 0x00, 0x00, 0x0C, 0x00, 0x0F,
    0x80, 0x00, 0x03, 0x00, 0x03, 0xE0, 0x00, 0x00, 0xC0, 0x00, 0xF8, 0x00, 0x00, 0x30, 0x00, 0x3E,
    0x00, 0x00, 0x0C, 0x00, 0x0F, 0x80, 0x00, 0x02, 0x00, 0x03, 0xE0, 0x00, 0x01, 0x80, 0x00, 0xBC,
    0x00, 0x00, 0x90, 0x00, 0x0F, 0x40, 0x00, 0x30, 0x00, 0x01, 0xF0, 0x00, 0x30, 0x00, 0x00, 0x1F,
    0x40, 0xB4, 0x00, 0x00, 0x00, 0x7F, 0xE0, 0x00, 0x00, 0x00, 0x00, 0x00, 0x2C, 0x00, 0x00, 0x00,
    0x00, 0x7F, 0x00, 0x00, 0x00, 0x00, 0xF8, 0x00, 0x00, 0x00, 0x00, 0x00, 0x00, 0x00, 0x00, 0x00,
    0x00, 0x00, 0x00, 0x0F, 0xFF, 0xF8, 0x03, 0xFF, 0xF0, 0x1F, 0xC0, 0x00, 0x0B, 0x40, 0x03, 0xE0,
    0x00, 0x00, 0xC0, 0x00, 0xF8, 0x00, 0x00, 0x30, 0x00, 0x3E, 0x00, 0x00, 0x0C, 0x00, 0x0F, 0x80,
    0x00, 0x03, 0x00, 0x03, 0xE0, 0x00, 0x00, 0xC0, 0x00, 0xF8, 0x00, 0x00, 0x30, 0x00, 0x3E, 0x00,
    0x00, 0x0C, 0x00, 0x0F, 0x80, 0x00, 0x03, 0x00, 0x03, 0xE0, 0x00, 0x00, 0xC0, 0x00, 0xF8, 0x00,
    0x00, 0x30, 0x00, 0x3E, 0x00, 0x00, 0x0C, 0x00, 0x0F, 0x80, 0x00, 0x02, 0x00, 0x03, 0xE0, 0x00,
    0x01, 0x80, 0x00, 0xBC, 0x00, 0x00, 0x90, 0x00, 0x0F, 0x40, 0x00, 0x30, 0x00, 0x01, 0xF0, 0x00,
    0x30, 0x00, 0x00, 0x1F, 0x40, 0xB4, 0x00, 0x00, 0x00, 0x7F, 0xE0, 0x00, 0x00, 0x00, 0x00, 0x00,
    0x00, 0x00, 0x00, 0x00, 0x01, 0xC0, 0x00, 0x00, 0x00, 0x01, 0xEC, 0x00, 0x00, 0x00, 0x01, 0xC1,
    0xC0, 0x00, 0x00, 0x00, 0xC0, 0x18, 0x00, 0x00, 0x00, 0x00, 0x00, 0x00, 0x00, 0x00, 0x00, 0x00,
    0x00, 0x00, 0xFF, 0xFF, 0x80, 0x3F, 0xFF, 0x01, 0xFC, 0x00, 0x00, 0xB4, 0x00, 0x3E, 0x00, 0x00,
    0x0C, 0x00, 0x0F, 0x80, 0x00, 0x03, 0x00, 0x03, 0xE0, 0x00, 0x00, 0xC0, 0x00, 0xF8, 0x00, 0x00,
    0x30, 0x00, 0x3E, 0x00, 0x00, 0x0C, 0x00, 0x0F, 0x80, 0x00, 0x03, 0x00, 0x03, 0xE0, 0x00, 0x00,
    0xC0, 0x00, 0xF8, 0x00, 0x00, 0x30, 0x00, 0x3E, 0x00, 0x00, 0x0C, 0x00, 0x0F, 0x80, 0x00, 0x03,
    0x00, 0x03, 0xE0, 0x00, 0x00, 0xC0, 0x00, 0xF8, 0x00, 0x00, 0x20, 0x00, 0x3E, 0x00, 0x00, 0x18,
    0x00, 0x0B, 0xC0, 0x00, 0x09, 0x00, 0x00, 0xF4, 0x00, 0x03, 0x00, 0x00, 0x1F, 0x00, 0x03, 0x00,
    0x00, 0x01, 0xF4, 0x0B, 0x40, 0x00, 0x00, 0x07, 0xFE, 0x00, 0x00, 0x00, 0x03, 0xC0, 0x78, 0x00,
    0x00, 0x01, 0xF8, 0x3F, 0x00, 0x00, 0x00, 0x3C, 0x07, 0x80, 0x00, 0x00, 0x00, 0x00, 0x00, 0x00,
    0x00, 0x00, 0x00, 0x00, 0x00, 0x0F, 0xFF, 0xF8, 0x03, 0xFF, 0xF0, 0x1F, 0xC0, 0x00, 0x0B, 0x40,
    0x03, 0xE0, 0x00, 0x00, 0xC0, 0x00, 0xF8, 0x00, 0x00, 0x30, 0x00, 0x3E, 0x00, 0x00, 0x0C, 0x00,
    0x0F, 0x80, 0x00, 0x03, 0x00, 0x03, 0xE0, 0x00, 0x00, 0xC0, 0x00, 0xF8, 0x00, 0x00, 0x30, 0x00,
    0x3E, 0x00, 0x00, 0x0C, 0x00, 0x0F, 0x80, 0x00, 0x03, 0x00, 0x03, 0xE0, 0x00, 0x00, 0xC0, 0x00,
    0xF8, 0x00, 0x00, 0x30, 0x00, 0x3E, 0x00, 0x00, 0x0C, 0x00, 0x0F, 0x80, 0x00, 0x02, 0x00, 0x03,
    0xE0, 0x00, 0x01, 0x80, 0x00, 0xBC, 0x00, 0x00, 0x90, 0x00, 0x0F, 0x40, 0x00, 0x30, 0x00, 0x01,
    0xF0, 0x00, 0x30, 0x00, 0x00, 0x1F, 0x40, 0xB4, 0x00, 0x00, 0x00, 0x7F, 0xE0, 0x00, 0x00, 0x00,
    0x00, 0x00, 0x2C, 0x00, 0x00, 0x00, 0x00, 0x2F, 0xC0, 0x00, 0x00, 0x00, 0x0F, 0x40, 0x00, 0x00,
    0x00, 0x00, 0x00, 0x00, 0x00, 0x00, 0x00, 0x00, 0x00, 0x00, 0x0B, 0xFF, 0xF4, 0x00, 0x3F, 0xFD,
    0x03, 0xF8, 0x00, 0x00, 0x7D, 0x00, 0x0F, 0x80, 0x00, 0x03, 0x00, 0x00, 0xBD, 0x00, 0x00, 0x90,
    0x00, 0x03, 0xF0, 0x00, 0x18, 0x00, 0x00, 0x1F, 0x80, 0x03, 0x00, 0x00, 0x00, 0xFC, 0x00, 0x90,
    0x00, 0x00, 0x03, 0xF0, 0x0C, 0x00, 0x00, 0x00, 0x2F, 0x43, 0x00, 0x00, 0x00, 0x00, 0xFC, 0x60,
    0x00, 0x00, 0x00, 0x07, 0xEC, 0x00, 0x00, 0x00, 0x00, 0x2F, 0x40, 0x00, 0x00, 0x00, 0x01, 0xF0,
    0x00, 0x00, 0x00, 0x00, 0x1F, 0x00, 0x00, 0x00, 0x00, 0x01, 0xF0, 0x00, 0x00, 0x00, 0x00, 0x1F,
    0x00, 0x00, 0x00, 0x00, 0x01, 0xF0, 0x00, 0x00, 0x00, 0x00, 0x1F, 0x00, 0x00, 0x00, 0x00, 0x02,
    0xF4, 0x00, 0x00, 0x00, 0x07, 0xFF, 0xFC, 0x00, 0x00, 0xFF, 0xFF, 0x40, 0x00, 0x07, 0xE0, 0x00,
    0x00, 0x03, 0xD0, 0x00, 0x00, 0x03, 0xD0, 0x00, 0x00, 0x03, 0xFF, 0xFE, 0x00, 0x03, 0xD0, 0x07,
    0xE0, 0x03, 0xD0, 0x01, 0xF4, 0x03, 0xD0, 0x00, 0xFC, 0x03, 0xD0, 0x00, 0xBD, 0x03, 0xD0, 0x00,
    0x7D, 0x03, 0xD0, 0x00, 0xBD, 0x03, 0xD0, 0x00, 0xFC, 0x03, 0xD0, 0x01, 0xF4, 0x03, 0xD0, 0x0B,
    0xE0, 0x03, 0xFF, 0xFE, 0x00, 0x03, 0xD0, 0x00, 0x00, 0x03, 0xD0, 0x00, 0x00, 0x03, 0xD0, 0x00,
    0x00, 0x07, 0xE0, 0x00, 0x00, 0xFF, 0xFF, 0x40, 0x00, 0x00, 0x2F, 0xD0, 0x00, 0x0F, 0x02, 0x40,
    0x02, 0xC0, 0x0C, 0x00, 0x3C, 0x00, 0x80, 0x03, 0xC0, 0x08, 0x00, 0x3C, 0x00, 0x80, 0x03, 0xC0,
    0x08, 0x00, 0x3C, 0x01, 0x80, 0x3F, 0xC2, 0x80, 0x00, 0x3C, 0x30, 0x00, 0x03, 0xC7, 0x00, 0x00,
    0x3C, 0x74, 0x00, 0x03, 0xC3, 0xE4, 0x00, 0x3C, 0x1F, 0xF4, 0x03, 0xC0, 0x2F, 0xC0, 0x3C, 0x00,
    0x2D, 0x03, 0xC5, 0x00, 0xD0, 0x3C, 0x60, 0x0D, 0x03, 0xC7, 0x42, 0xC3, 0xFC, 0x6F, 0xE0, 0x00,
    0x80, 0x00, 0x00, 0x1F, 0x00, 0x00, 0x00, 0xBC, 0x00, 0x00, 0x00, 0xB0, 0x00, 0x00, 0x01, 0x40,
    0x00, 0x00, 0x00, 0x00, 0x02, 0xFE, 0x00, 0x00, 0x90, 0x7D, 0x00, 0x3D, 0x00, 0xF0, 0x03, 0xE0,
    0x0B, 0x40, 0x2D, 0x00, 0xB4, 0x00, 0x06, 0xBF, 0x40, 0x07, 0xD0, 0xB4, 0x02, 0xE0, 0x0B, 0x40,
    0x7C, 0x00, 0xB4, 0x0B, 0x80, 0x0B, 0x45, 0xB8, 0x00, 0xF4, 0x53, 0xD0, 0x73, 0xC8, 0x0B, 0xF8,
    0x1F, 0x40, 0x00, 0x01, 0x40, 0x00, 0x00, 0xBC, 0x00, 0x00, 0x2F, 0x00, 0x00, 0x0B, 0x40, 0x00,
    0x00, 0x80, 0x00, 0x00, 0x00, 0x00, 0x00, 0x02, 0xFE, 0x00, 0x00, 0x90, 0x7D, 0x00, 0x3D, 0x00,
    0xF0, 0x03, 0xE0, 0x0B, 0x40, 0x2D, 0x00, 0xB4, 0x00, 0x06, 0xBF, 0x40, 0x07, 0xD0, 0xB4, 0x02,
    0xE0, 0x0B, 0x40, 0x7C, 0x00, 0xB4, 0x0B, 0x80, 0x0B, 0x45, 0xB8, 0x00, 0xF4, 0x53, 0xD0, 0x73,
    0xC8, 0x0B, 0xF8, 0x1F, 0x40, 0x00, 0x20, 0x00, 0x00, 0x0B, 0x80, 0x00, 0x02, 0x8A, 0x00, 0x00,
    0xA0, 0x24, 0x00, 0x08, 0x00, 0x80, 0x00, 0x00, 0x00, 0x00, 0x02, 0xFE, 0x00, 0x00, 0x90, 0x7D,
    0x00, 0x3D, 0x00, 0xF0, 0x03, 0xE0, 0x0B, 0x40, 0x2D, 0x00, 0xB4, 0x00, 0x06, 0xBF, 0x40, 0x07,
    0xD0, 0xB4, 0x02, 0xE0, 0x0B, 0x40, 0x7C, 0x00, 0xB4, 0x0B, 0x80, 0x0B, 0x45, 0xB8, 0x00, 0xF4,
    0x53, 0xD0, 0x73, 0xC8, 0x0B, 0xF8, 0x1F, 0x40, 0x00, 0x00, 0x00, 0x00, 0xBE, 0x06, 0x00, 0x20,
    0x2F, 0x80, 0x00, 0x00, 0x00, 0x00, 0x00, 0x00, 0x00, 0x00, 0x2F, 0xE0, 0x00, 0x09, 0x07, 0xD0,
    0x03, 0xD0, 0x0F, 0x00, 0x3E, 0x00, 0xB4, 0x02, 0xD0, 0x0B, 0x40, 0x00, 0x6B, 0xF4, 0x00, 0x7D,
    0x0B, 0x40, 0x2E, 0x00, 0xB4, 0x07, 0xC0, 0x0B, 0x40, 0xB8, 0x00, 0xB4, 0x5B, 0x80, 0x0F, 0x45,
    0x3D, 0x07, 0x3C, 0x80, 0xBF, 0x81, 0xF4, 0x0B, 0x40, 0xF0, 0x00, 0xFC, 0x1F, 0x80, 0x0B, 0x40,
    0xF0, 0x00, 0x00, 0x00, 0x00, 0x00, 0x00, 0x00, 0x00, 0x00, 0x00, 0x00, 0x02, 0xFE, 0x00, 0x00,
    0x90, 0x7D, 0x00, 0x3D, 0x00, 0xF0, 0x03, 0xE0, 0x0B, 0x40, 0x2D, 0x00, 0xB4, 0x00, 0x06, 0xBF,
    0x40, 0x07, 0xD0, 0xB4, 0x02, 0xE0, 0x0B, 0x40, 0x7C, 0x00, 0xB4, 0x0B, 0x80, 0x0B, 0x45, 0xB8,
    0x00, 0xF4, 0x53, 0xD0, 0x73, 0xC8, 0x0B, 0xF8, 0x1F, 0x40, 0x01, 0xF8, 0x00, 0x00, 0x20, 0x30,
    0x00, 0x05, 0x02, 0x00, 0x00, 0x20, 0x20, 0x00, 0x01, 0xFC, 0x00, 0x00, 0x00, 0x00, 0x00, 0x00,
    0x00, 0x00, 0x00, 0x2F, 0xE0, 0x00, 0x09, 0x07, 0xD0, 0x03, 0xD0, 0x0F, 0x00, 0x3E, 0x00, 0xB4,
    0x02, 0xD0, 0x0B, 0x40, 0x00, 0x6B, 0xF4, 0x00, 0x7D, 0x0B, 0x40, 0x2E, 0x00, 0xB4, 0x07, 0xC0,
    0x0B, 0x40, 0xB8, 0x00, 0xB4, 0x5B, 0x80, 0x0F, 0x45, 0x3D, 0x07, 0x3C, 0x80, 0xBF, 0x81, 0xF4,
    0x00, 0x00, 0x00, 0x00, 0x00, 0x06, 0xFF, 0x42, 0xFF, 0x80, 0x2D, 0x02, 0xFF, 0x81, 0xF0, 0x3E,
    0x00, 0xFD, 0x00, 0x78, 0x2D, 0x00, 0xBC, 0x00, 0x3C, 0x00, 0x00, 0xB8, 0x00, 0x3C, 0x00, 0x6F,
    0xFF, 0xFF, 0xFC, 0x07, 0xE4, 0xB8, 0x00, 0x00, 0x2E, 0x00, 0x78, 0x00, 0x00, 0x7C, 0x00, 0x7C,
    0x00, 0x00, 0xB8, 0x00, 0x7C, 0x00, 0x08, 0xB8, 0x00, 0xEE, 0x00, 0x18, 0x3D, 0x03, 0xC3, 0xD0,
    0xB0, 0x0B, 0xFD, 0x00, 0xBF, 0x80, 0x00, 0x6F, 0xE0, 0x00, 0xB8, 0x07, 0x40, 0xB4, 0x03, 0xE0,
    0x7C, 0x00, 0xB4, 0x3E, 0x00, 0x00, 0x0F, 0x40, 0x00, 0x03, 0xD0, 0x00, 0x00, 0xF4, 0x00, 0x00,
    0x2E, 0x00, 0x00, 0x07, 0xC0, 0x00, 0x80, 0xB4, 0x00, 0x60, 0x0B, 0x40, 0x60, 0x00, 0x6F, 0xD0,
    0x00, 0x03, 0xD0, 0x00, 0x00, 0xB9, 0x00, 0x00, 0x03, 0xD0, 0x00, 0x00, 0x78, 0x00, 0x00, 0x7D,
    0x00, 0x0F, 0xF8, 0x00, 0x00, 0x20, 0x00, 0x00, 0x1F, 0x00, 0x00, 0x02, 0xF0, 0x00, 0x00, 0x0B,
    0x00, 0x00, 0x00, 0x50, 0x00, 0x00, 0x00, 0x00, 0x07, 0xFD, 0x00, 0x0F, 0x41, 0xE0, 0x0F, 0x00,
    0x2D, 0x0B, 0x80, 0x03, 0xC3, 0xD0, 0x00, 0xF0, 0xFF, 0xFF, 0xFC, 0x3C, 0x00, 0x00, 0x0F, 0x40,
    0x00, 0x03, 0xD0, 0x00, 0x00, 0x7C, 0x00, 0x0C, 0x0B, 0x40, 0x05, 0x00, 0xB8, 0x0A, 0x00, 0x06,
    0xFD, 0x00, 0x00, 0x01, 0x40, 0x00, 0x01, 0xF0, 0x00, 0x01, 0xF4, 0x00, 0x01, 0xE0, 0x00, 0x00,
    0x80, 0x00, 0x00, 0x00, 0x00, 0x00, 0x07, 0xFD, 0x00, 0x0F, 0x41, 0xE0, 0x0F, 0x00, 0x2D, 0x0B,
    0x80, 0x03, 0xC3, 0xD0, 0x00, 0xF0, 0xFF, 0xFF, 0xFC, 0x3C, 0x00, 0x00, 0x0F, 0x40, 0x00, 0x03,
    0xD0, 0x00, 0x00, 0x7C, 0x00, 0x0C, 0x0B, 0x40, 0x05, 0x00, 0xB8, 0x0A, 0x00, 0x06, 0xFD, 0x00,
    0x00, 0x08, 0x00, 0x00, 0x0B, 0x80, 0x00, 0x0A, 0x28, 0x00, 0x0A, 0x02, 0x40, 0x02, 0x00, 0x20,
    0x00, 0x00, 0x00, 0x00, 0x07, 0xFD, 0x00, 0x0F, 0x41, 0xE0, 0x0F, 0x00, 0x2D, 0x0B, 0x80, 0x03,
    0xC3, 0xD0, 0x00, 0xF0, 0xFF, 0xFF, 0xFC, 0x3C, 0x00, 0x00, 0x0F, 0x40, 0x00, 0x03, 0xD0, 0x00,
    0x00, 0x7C, 0x00, 0x0C, 0x0B, 0x40, 0x05, 0x00, 0xB8, 0x0A, 0x00, 0x06, 0xFD, 0x00, 0x07, 0x80,
    0xB4, 0x03, 0xF0, 0x3E, 0x00, 0x78, 0x0F, 0x40, 0x00, 0x00, 0x00, 0x00, 0x00, 0x00, 0x00, 0x00,
    0x00, 0x00, 0x07, 0xFD, 0x00, 0x0F, 0x41, 0xE0, 0x0F, 0x00, 0x2D, 0x0B, 0x80, 0x03, 0xC3, 0xD0,
    0x00, 0xF0, 0xFF, 0xFF, 0xFC, 0x3C, 0x00, 0x00, 0x0F, 0x40, 0x00, 0x03, 0xD0, 0x00, 0x00, 0x7C,
    0x00, 0x0C, 0x0B, 0x40, 0x05, 0x00, 0xB8, 0x0A, 0x00, 0x06, 0xFD, 0x00, 0x14, 0x00, 0x0F, 0x40,
    0x01, 0xF4, 0x00, 0x0B, 0x80, 0x00, 0x20, 0x00, 0x00, 0x00, 0xFF, 0x00, 0x03, 0xC0, 0x00, 0xF0,
    0x00, 0x2C, 0x00, 0x0B, 0x00, 0x02, 0xC0, 0x00, 0xB0, 0x00, 0x2C, 0x00, 0x0B, 0x00, 0x02, 0xC0,
    0x00, 0xB0, 0x00, 0x3D, 0x00, 0xFF, 0xF0, 0x00, 0x08, 0x00, 0x3E, 0x00, 0xF8, 0x03, 0xD0, 0x05,
    0x00, 0x00, 0x00, 0x3F, 0xC0, 0x03, 0xC0, 0x03, 0xC0, 0x03, 0xC0, 0x03, 0xC0, 0x03, 0xC0, 0x03,
    0xC0, 0x03, 0xC0, 0x03, 0xC0, 0x03, 0xC0, 0x03, 0xC0, 0x03, 0xD0, 0x3F, 0xFC, 0x00, 0x40, 0x00,
    0xF4, 0x00, 0xD3, 0x40, 0xD0, 0x30, 0x50, 0x02, 0x00, 0x00, 0x03, 0xFC, 0x00, 0x0F, 0x00, 0x03,
    0xC0, 0x00, 0xF0, 0x00, 0x3C, 0x00, 0x0F, 0x00, 0x03, 0xC0, 0x00, 0xF0, 0x00, 0x3C, 0x00, 0x0F,
    0x00, 0x03, 0xC0, 0x00, 0xF4, 0x03, 0xFF, 0xC0, 0x3C, 0x07, 0xC7, 0xE0, 0xBC, 0x3C, 0x07, 0xC0,
    0x00, 0x00, 0x00, 0x00, 0x00, 0x00, 0x00, 0x0F, 0xF0, 0x00, 0x1F, 0x00, 0x00, 0xF0, 0x00, 0x0F,
    0x00, 0x00, 0xF0, 0x00, 0x0F, 0x00, 0x00, 0xF0, 0x00, 0x0F, 0x00, 0x00, 0xF0, 0x00, 0x0F, 0x00,
    0x00, 0xF0, 0x00, 0x0F, 0x00, 0x0F, 0xFF, 0x00, 0x00, 0x00, 0x00, 0x00, 0xB8, 0x00, 0x90, 0x00,
    0xB9, 0x60, 0x00, 0x00, 0xF8, 0x00, 0x00, 0x67, 0xE0, 0x00, 0x28, 0x0F, 0x80, 0x00, 0x00, 0x3D,
    0x00, 0x00, 0x02, 0xF0, 0x00, 0x6F, 0x8F, 0x80, 0x2D, 0x07, 0xBC, 0x0B, 0x40, 0x0F, 0xC1, 0xE0,
    0x00, 0x7D, 0x3D, 0x00, 0x03, 0xE3, 0xD0, 0x00, 0x3E, 0x3C, 0x00, 0x03, 0xE3, 0xD0, 0x00, 0x3E,
    0x3D, 0x00, 0x03, 0xD2, 0xE0, 0x00, 0x7C, 0x0F, 0x40, 0x0F, 0x40, 0x3D, 0x07, 0xD0, 0x00, 0x7F,
    0xE0, 0x00, 0x00, 0x00, 0x00, 0x00, 0x00, 0x3F, 0x41, 0x80, 0x01, 0x81, 0xBE, 0x00, 0x00, 0x00,
    0x00, 0x00, 0x00, 0x00, 0x00, 0x00, 0x3F, 0xC2, 0xFE, 0x00, 0x03, 0xCD, 0x0B, 0x80, 0x03, 0xE0,
    0x03, 0xC0, 0x03, 0xE0, 0x03, 0xC0, 0x03, 0xD0, 0x03, 0xC0, 0x03, 0xC0, 0x03, 0xC0, 0x03, 0xC0,
    0x03, 0xD0, 0x03, 0xC0, 0x03, 0xD0, 0x03, 0xC0, 0x03, 0xD0, 0x03, 0xC0, 0x03, 0xD0, 0x03, 0xC0,
    0x03, 0xD0, 0x03, 0xD0, 0x03, 0xD0, 0x3F, 0xFD, 0x3F, 0xFE, 0x00, 0x20, 0x00, 0x00, 0x07, 0xC0,
    0x00, 0x00, 0x2F, 0x00, 0x00, 0x00, 0x2C, 0x00, 0x00, 0x00, 0x50, 0x00, 0x00, 0x00, 0x00, 0x00,
    0x6F, 0xE0, 0x00, 0x2D, 0x02, 0xD0, 0x0B, 0x00, 0x0B, 0x01, 0xE0, 0x00, 0x3C, 0x3D, 0x00, 0x03,
    0xD3, 0xD0, 0x00, 0x3E, 0x3C, 0x00, 0x03, 0xE3, 0xD0, 0x00, 0x3E, 0x3D, 0x00, 0x03, 0xD1, 0xE0,
    0x00, 0x3C, 0x0F, 0x00, 0x0B, 0x40, 0x2D, 0x02, 0xD0, 0x00, 0x6F, 0xE0, 0x00, 0x00, 0x00, 0x50,
    0x00, 0x00, 0x2F, 0x00, 0x00, 0x0B, 0xC0, 0x00, 0x02, 0xD0, 0x00, 0x00, 0x20, 0x00, 0x00, 0x00,
    0x00, 0x00, 0x00, 0x6F, 0xE0, 0x00, 0x2D, 0x02, 0xD0, 0x0B, 0x00, 0x0B, 0x01, 0xE0, 0x00, 0x3C,
    0x3D, 0x00, 0x03, 0xD3, 0xD0, 0x00, 0x3E, 0x3C, 0x00, 0x03, 0xE3, 0xD0, 0x00, 0x3E, 0x3D, 0x00,
    0x03, 0xD1, 0xE0, 0x00, 0x3C, 0x0F, 0x00, 0x0B, 0x40, 0x2D, 0x02, 0xD0, 0x00, 0x6F, 0xE0, 0x00,
    0x00, 0x01, 0x00, 0x00, 0x00, 0xF4, 0x00, 0x00, 0x34, 0xD0, 0x00, 0x09, 0x03, 0x00, 0x01, 0x40,
    0x08, 0x00, 0x00, 0x00, 0x00, 0x00, 0x6F, 0xE0, 0x00, 0x2D, 0x02, 0xD0, 0x0B, 0x00, 0x0B, 0x01,
    0xE0, 0x00, 0x3C, 0x3D, 0x00, 0x03, 0xD3, 0xD0, 0x00, 0x3E, 0x3C, 0x00, 0x03, 0xE3, 0xD0, 0x00,
    0x3E, 0x3D, 0x00, 0x03, 0xD1, 0xE0, 0x00, 0x3C, 0x0F, 0x00, 0x0B, 0x40, 0x2D, 0x02, 0xD0, 0x00,
    0x6F, 0xE0, 0x00, 0x00, 0x00, 0x00, 0x00, 0x0F, 0xD0, 0x60, 0x06, 0x06, 0xF8, 0x00, 0x00, 0x00,
    0x00, 0x00, 0x00, 0x00, 0x00, 0x06, 0xFE, 0x00, 0x02, 0xD0, 0x2D, 0x00, 0xB0, 0x00, 0xB0, 0x1E,
    0x00, 0x03, 0xC3, 0xD0, 0x00, 0x3D, 0x3D, 0x00, 0x03, 0xE3, 0xC0, 0x00, 0x3E, 0x3D, 0x00, 0x03,
    0xE3, 0xD0, 0x00, 0x3D, 0x1E, 0x00, 0x03, 0xC0, 0xF0, 0x00, 0xB4, 0x02, 0xD0, 0x2D, 0x00, 0x06,
    0xFE, 0x00, 0x02, 0xD0, 0x3C, 0x00, 0x3F, 0x07, 0xD0, 0x02, 0xD0, 0x3C, 0x00, 0x00, 0x00, 0x00,
    0x00, 0x00, 0x00, 0x00, 0x00, 0x00, 0x00, 0x00, 0x6F, 0xE0, 0x00, 0x2D, 0x02, 0xD0, 0x0B, 0x00,
    0x0B, 0x01, 0xE0, 0x00, 0x3C, 0x3D, 0x00, 0x03, 0xD3, 0xD0, 0x00, 0x3E, 0x3C, 0x00, 0x03, 0xE3,
    0xD0, 0x00, 0x3E, 0x3D, 0x00, 0x03, 0xD1, 0xE0, 0x00, 0x3C, 0x0F, 0x00, 0x0B, 0x40, 0x2D, 0x02,
    0xD0, 0x00, 0x6F, 0xE0, 0x00, 0x00, 0x00, 0x3D, 0x00, 0x00, 0x00, 0x00, 0x7F, 0x00, 0x00, 0x00,
    0x00, 0x7F, 0x00, 0x00, 0x00, 0x00, 0x3D, 0x00, 0x00, 0x00, 0x00, 0x00, 0x00, 0x00, 0x00, 0x00,
    0x00, 0x00, 0x00, 0x00, 0x00, 0x00, 0x00, 0x00, 0x00, 0x00, 0x00, 0x00, 0x00, 0x3F, 0xFF, 0xFF,
    0xFF, 0xFE, 0x00, 0x00, 0x00, 0x00, 0x00, 0x00, 0x00, 0x00, 0x00, 0x00, 0x00, 0x00, 0x00, 0x00,
    0x00, 0x00, 0x00, 0x00, 0x00, 0x00, 0x00, 0x00, 0x3D, 0x00, 0x00, 0x00, 0x00, 0x7F, 0x00, 0x00,
    0x00, 0x00, 0x7F, 0x00, 0x00, 0x00, 0x00, 0x3D, 0x00, 0x00, 0x00, 0x00, 0x00, 0x00, 0x00, 0x00,
    0x08, 0x00, 0x00, 0x02, 0x00, 0x06, 0xFD, 0x50, 0x02, 0xD0, 0x3C, 0x00, 0xB0, 0x02, 0xB0, 0x0E,
    0x00, 0x63, 0x82, 0xC0, 0x08, 0x3C, 0x3C, 0x01, 0x42, 0xD3, 0xC0, 0x20, 0x2D, 0x3C, 0x08, 0x02,
    0xD2, 0xC1, 0x40, 0x2C, 0x0D, 0x20, 0x03, 0xC0, 0xB8, 0x00, 0xB0, 0x02, 0xD0, 0x2D, 0x00, 0x22,
    0xFE, 0x00, 0x05, 0x00, 0x00, 0x00, 0x80, 0x00, 0x00, 0x00, 0x00, 0x00, 0x00, 0x00, 0x14, 0x00,
    0x00, 0x00, 0x3E, 0x00, 0x00, 0x00, 0x0F, 0x80, 0x00, 0x00, 0x01, 0xE0, 0x00, 0x00, 0x00, 0x20,
    0x00, 0x00, 0x00, 0x00, 0x00, 0x3F, 0xC0, 0x3F, 0xD0, 0x03, 0xC0, 0x03, 0xD0, 0x03, 0xC0, 0x03,
    0xD0, 0x03, 0xC0, 0x03, 0xD0, 0x03, 0xC0, 0x03, 0xD0, 0x03, 0xC0, 0x03, 0xD0, 0x03, 0xC0, 0x03,
    0xD0, 0x03, 0xC0, 0x03, 0xD0, 0x03, 0xC0, 0x03, 0xD0, 0x03, 0xC0, 0x03, 0xD0, 0x02, 0xD0, 0x0B,
    0xD0, 0x00, 0xF0, 0x2A, 0xE0, 0x00, 0x2F, 0xD2, 0xFE, 0x00, 0x00, 0x14, 0x00, 0x00, 0x00, 0xBC,
    0x00, 0x00, 0x02, 0xF0, 0x00, 0x00, 0x0B, 0x40, 0x00, 0x00, 0x04, 0x00, 0x00, 0x00, 0x00, 0x00,
    0x00, 0x3F, 0xC0, 0x3F, 0xD0, 0x03, 0xC0, 0x03, 0xD0, 0x03, 0xC0, 0x03, 0xD0, 0x03, 0xC0, 0x03,
    0xD0, 0x03, 0xC0, 0x03, 0xD0, 0x03, 0xC0, 0x03, 0xD0, 0x03, 0xC0, 0x03, 0xD0, 0x03, 0xC0, 0x03,
    0xD0, 0x03, 0xC0, 0x03, 0xD0, 0x03, 0xC0, 0x03, 0xD0, 0x02, 0xD0, 0x0B, 0xD0, 0x00, 0xF0, 0x2A,
    0xE0, 0x00, 0x2F, 0xD2, 0xFE, 0x00, 0x00, 0x40, 0x00, 0x00, 0x03, 0xD0, 0x00, 0x00, 0x0D, 0x34,
    0x00, 0x00, 0x24, 0x0C, 0x00, 0x00, 0x50, 0x02, 0x00, 0x00, 0x00, 0x00, 0x00, 0x3F, 0xC0, 0x3F,
    0xD0, 0x03, 0xC0, 0x03, 0xD0, 0x03, 0xC0, 0x03, 0xD0, 0x03, 0xC0, 0x03, 0xD0, 0x03, 0xC0, 0x03,
    0xD0, 0x03, 0xC0, 0x03, 0xD0, 0x03, 0xC0, 0x03, 0xD0, 0x03, 0xC0, 0x03, 0xD0, 0x03, 0xC0, 0x03,
    0xD0, 0x03, 0xC0, 0x03, 0xD0, 0x02, 0xD0, 0x0B, 0xD0, 0x00, 0xF0, 0x2A, 0xE0, 0x00, 0x2F, 0xD2,
    0xFE, 0x00, 0xB4, 0x0F, 0x00, 0x00, 0xFC, 0x1F, 0x40, 0x00, 0xB4, 0x0F, 0x00, 0x00, 0x00, 0x00,
    0x00, 0x00, 0x00, 0x00, 0x00, 0x00, 0x00, 0x00, 0x00, 0x3F, 0xC0, 0x3F, 0xD0, 0x03, 0xC0, 0x03,
    0xD0, 0x03, 0xC0, 0x03, 0xD0, 0x03, 0xC0, 0x03, 0xD0, 0x03, 0xC0, 0x03, 0xD0, 0x03, 0xC0, 0x03,
    0xD0, 0x03, 0xC0, 0x03, 0xD0, 0x03, 0xC0, 0x03, 0xD0, 0x03, 0xC0, 0x03, 0xD0, 0x03, 0xC0, 0x03,
    0xD0, 0x02, 0xD0, 0x0B, 0xD0, 0x00, 0xF0, 0x2A, 0xE0, 0x00, 0x2F, 0xE2, 0xFE, 0x00, 0x00, 0x05,
    0x00, 0x00, 0x00, 0xBC, 0x00, 0x00, 0x0B, 0xC0, 0x00, 0x00, 0xB4, 0x00, 0x00, 0x02, 0x00, 0x00,
    0x00, 0x00, 0x00, 0x07, 0xFF, 0x80, 0xFF, 0x81, 0xF0, 0x00, 0xF4, 0x03, 0xC0, 0x02, 0x00, 0x07,
    0x80, 0x08, 0x00, 0x0F, 0x00, 0x50, 0x00, 0x2D, 0x02, 0x00, 0x00, 0x7C, 0x08, 0x00, 0x00, 0xF0,
    0x80, 0x00, 0x01, 0xE2, 0x00, 0x00, 0x03, 0xE4, 0x00, 0x00, 0x0B, 0xC0, 0x00, 0x00, 0x0D, 0x00,
    0x00, 0x00, 0x30, 0x00, 0x00, 0x00, 0x80, 0x00, 0x00, 0x09, 0x00, 0x00, 0x00, 0x20, 0x00, 0x03,
    0x81, 0x40, 0x00, 0x1E, 0x18, 0x00, 0x00, 0x1F, 0x80, 0x00, 0x00, 0x3F, 0xC0, 0x00, 0x00, 0x07,
    0xC0, 0x00, 0x00, 0x03, 0xC0, 0x00, 0x00, 0x03, 0xC0, 0x00, 0x00, 0x03, 0xC0, 0x00, 0x00, 0x03,
    0xC0, 0x00, 0x00, 0x03, 0xC0, 0x00, 0x00, 0x03, 0xC6, 0xFD, 0x00, 0x03, 0xD8, 0x0B, 0xC0, 0x03,
    0xE0, 0x02, 0xF0, 0x03, 0xC0, 0x00, 0xF4, 0x03, 0xC0, 0x00, 0xBC, 0x03, 0xC0, 0x00, 0x7C, 0x03,
    0xC0, 0x00, 0x7C, 0x03, 0xC0, 0x00, 0x7C, 0x03, 0xC0, 0x00, 0xBC, 0x03, 0xC0, 0x00, 0xF4, 0x03,
    0xE0, 0x02, 0xE0, 0x03, 0xE8, 0x0B, 0x80, 0x03, 0xC7, 0xF9, 0x00, 0x03, 0xC0, 0x00, 0x00, 0x03,
    0xC0, 0x00, 0x00, 0x03, 0xC0, 0x00, 0x00, 0x03, 0xC0, 0x00, 0x00, 0x07, 0xD0, 0x00, 0x00, 0x3F,
    0xFD, 0x00, 0x00, 0x01, 0xF0, 0x2D, 0x00, 0x0B, 0xD0, 0xFC, 0x00, 0x1F, 0x02, 0xE0, 0x00, 0x00,
    0x00, 0x00, 0x00, 0x00, 0x00, 0x00, 0x00, 0x00, 0x00, 0x07, 0xFF, 0x80, 0xFF, 0x81, 0xF0, 0x00,
    0xF4, 0x03, 0xC0, 0x02, 0x00, 0x07, 0x80, 0x08, 0x00, 0x0F, 0x00, 0x50, 0x00, 0x2D, 0x02, 0x00,
    0x00, 0x7C, 0x08, 0x00, 0x00, 0xF0, 0x80, 0x00, 0x01, 0xE2, 0x00, 0x00, 0x03, 0xE4, 0x00, 0x00,
    0x0B, 0xC0, 0x00, 0x00, 0x0D, 0x00, 0x00, 0x00, 0x30, 0x00, 0x00, 0x00, 0x80, 0x00, 0x00, 0x09,
    0x00, 0x00, 0x00, 0x20, 0x00, 0x03, 0x81, 0x40, 0x00, 0x1E, 0x18, 0x00, 0x00, 0x1F, 0x80, 0x00,
    0x00, 0x00, 0x3F, 0xFF, 0xFF, 0x80, 0x00, 0x00, 0x00, 0x00, 0x00, 0x00, 0x00, 0x00, 0x00, 0x00,
    0x00, 0x00, 0x00, 0x24, 0x00, 0x00, 0x00, 0x00, 0x0F, 0x00, 0x00, 0x00, 0x00, 0x07, 0xC0, 0x00,
    0x00, 0x00, 0x03, 0xF8, 0x00, 0x00, 0x00, 0x00, 0xFF, 0x00, 0x00, 0x00, 0x00, 0x97, 0xC0, 0x00,
    0x00, 0x00, 0x30, 0xF8, 0x00, 0x00, 0x00, 0x08, 0x2F, 0x00, 0x00, 0x00, 0x09, 0x07, 0xD0, 0x00,
    0x00, 0x03, 0x00, 0xF8, 0x00, 0x00, 0x01, 0x80, 0x2F, 0x00, 0x00, 0x00, 0x90, 0x07, 0xD0, 0x00,
    0x00, 0x30, 0x00, 0xF8, 0x00, 0x00, 0x1F, 0xFF, 0xFF, 0x00, 0x00, 0x09, 0x00, 0x03, 0xD0, 0x00,
    0x03, 0x00, 0x00, 0xF8, 0x00, 0x01, 0x80, 0x00, 0x2F, 0x00, 0x00, 0x90, 0x00, 0x03, 0xD0, 0x00,
    0x30, 0x00, 0x00, 0xF8, 0x00, 0x7E, 0x00, 0x00, 0x3F, 0x40, 0xFF, 0xF0, 0x00, 0xFF, 0xFF, 0xFF,
    0xFF, 0xF8, 0x00, 0x00, 0x00, 0x00, 0x00, 0x00, 0x00, 0x00, 0x00, 0x00, 0x00, 0x02, 0xFE, 0x00,
    0x00, 0x90, 0x7D, 0x00, 0x3D, 0x00, 0xF0, 0x03, 0xE0, 0x0B, 0x40, 0x2D, 0x00, 0xB4, 0x00, 0x06,
    0xBF, 0x40, 0x07, 0xD0, 0xB4, 0x02, 0xE0, 0x0B, 0x40, 0x7C, 0x00, 0xB4, 0x0B, 0x80, 0x0B, 0x45,
    0xB8, 0x00, 0xF4, 0x53, 0xD0, 0x73, 0xC8, 0x0B, 0xF8, 0x1F, 0x40, 0x00, 0x05, 0x00, 0x08, 0x00,
    0x00, 0x00, 0x80, 0x03, 0x00, 0x00, 0x00, 0x28, 0x07, 0x40, 0x00, 0x00, 0x01, 0xFE, 0x00, 0x00,
    0x00, 0x00, 0x00, 0x00, 0x00, 0x00, 0x00, 0x02, 0x40, 0x00, 0x00, 0x00, 0x00, 0xF0, 0x00, 0x00,
    0x00, 0x00, 0x7C, 0x00, 0x00, 0x00, 0x00, 0x3F, 0x80, 0x00, 0x00, 0x00, 0x0F, 0xF0, 0x00, 0x00,
    0x00, 0x09, 0x7C, 0x00, 0x00, 0x00, 0x03, 0x0F, 0x80, 0x00, 0x00, 0x00, 0x82, 0xF0, 0x00, 0x00,
    0x00, 0x90, 0x7D, 0x00, 0x00, 0x00, 0x30, 0x0F, 0x80, 0x00, 0x00, 0x08, 0x02, 0xF0, 0x00, 0x00,
    0x09, 0x00, 0x7D, 0x00, 0x00, 0x03, 0x00, 0x0F, 0x80, 0x00, 0x01, 0xFF, 0xFF, 0xF0, 0x00, 0x00,
    0x90, 0x00, 0x3D, 0x00, 0x00, 0x30, 0x00, 0x0F, 0x80, 0x00, 0x18, 0x00, 0x02, 0xF0, 0x00, 0x09,
    0x00, 0x00, 0x3D, 0x00, 0x03, 0x00, 0x00, 0x0F, 0x80, 0x07, 0xE0, 0x00, 0x03, 0xF4, 0x0F, 0xFF,
    0x00, 0x0F, 0xFF, 0xF0, 0x08, 0x00, 0x14, 0x00, 0xA4, 0x07, 0x00, 0x01, 0xBF, 0x40, 0x00, 0x00,
    0x00, 0x00, 0x00, 0x00, 0x00, 0x00, 0x2F, 0xE0, 0x00, 0x09, 0x07, 0xD0, 0x03, 0xD0, 0x0F, 0x00,
    0x3E, 0x00, 0xB4, 0x02, 0xD0, 0x0B, 0x40, 0x00, 0x6B, 0xF4, 0x00, 0x7D, 0x0B, 0x40, 0x2E, 0x00,
    0xB4, 0x07, 0xC0, 0x0B, 0x40, 0xB8, 0x00, 0xB4, 0x5B, 0x80, 0x0F, 0x45, 0x3D, 0x07, 0x3C, 0x80,
    0xBF, 0x81, 0xF4, 0x00, 0x00, 0x09, 0x00, 0x00, 0x00, 0x00, 0x03, 0xC0, 0x00, 0x00, 0x00, 0x01,
    0xF0, 0x00, 0x00, 0x00, 0x00, 0xFE, 0x00, 0x00, 0x00, 0x00, 0x2B, 0xC0, 0x00, 0x00, 0x00, 0x25,
    0xF0, 0x00, 0x00, 0x00, 0x0C, 0x3E, 0x00, 0x00, 0x00, 0x02, 0x0B, 0xC0, 0x00, 0x00, 0x02, 0x41,
    0xF4, 0x00, 0x00, 0x00, 0xC0, 0x3E, 0x00, 0x00, 0x00, 0x60, 0x0B, 0xC0, 0x00, 0x00, 0x24, 0x01,
    0xF4, 0x00, 0x00, 0x0C, 0x00, 0x3E, 0x00, 0x00, 0x07, 0xFF, 0xFF, 0xC0, 0x00, 0x02, 0x40, 0x00,
    0xF4, 0x00, 0x00, 0xC0, 0x00, 0x3E, 0x00, 0x00, 0x60, 0x00, 0x0B, 0xC0, 0x00, 0x24, 0x00, 0x01,
    0xF4, 0x00, 0x0C, 0x00, 0x00, 0x3E, 0x00, 0x1F, 0x80, 0x00, 0x1F, 0xD0, 0x3F, 0xFC, 0x00, 0x3F,
    0xFF, 0xC0, 0x00, 0x00, 0x00, 0x20, 0x00, 0x00, 0x00, 0x00, 0x30, 0x00, 0x00, 0x00, 0x00, 0x1C,
    0x00, 0x00, 0x00, 0x00, 0x07, 0x00, 0x40, 0x00, 0x00, 0x00, 0xE0, 0x90, 0x00, 0x00, 0x00, 0x1F,
    0xD0, 0x06, 0xFE, 0x00, 0x02, 0xD0, 0x7E, 0x00, 0x3E, 0x00, 0xF0, 0x02, 0xD0, 0x0B, 0x40, 0x00,
    0x00, 0xB4, 0x00, 0x06, 0xFF, 0x40, 0x0B, 0xD0, 0xB4, 0x03, 0xE0, 0x0B, 0x40, 0x7C, 0x00, 0xB4,
    0x0B, 0x80, 0x0B, 0x45, 0xB8, 0x00, 0xF8, 0x57, 0xD0, 0x73, 0xC8, 0x0B, 0xF8, 0x2F, 0x40, 0x00,
    0x06, 0x00, 0x00, 0x00, 0xC0, 0x00, 0x00, 0x28, 0x00, 0x00, 0x02, 0xC0, 0x10, 0x00, 0x1E, 0x08,
    0x00, 0x00, 0x7F, 0x00, 0x00, 0x00, 0x01, 0xE0, 0x00, 0x00, 0x00, 0x2F, 0x80, 0x00, 0x00, 0x07,
    0xD0, 0x00, 0x00, 0x00, 0x10, 0x00, 0x00, 0x00, 0x00, 0x00, 0x00, 0x00, 0x00, 0x06, 0xFE, 0x40,
    0x80, 0x02, 0xF8, 0x02, 0xC7, 0x40, 0x3E, 0x00, 0x00, 0xFD, 0x03, 0xE0, 0x00, 0x00, 0xF4, 0x2F,
    0x00, 0x00, 0x02, 0xD1, 0xF4, 0x00, 0x00, 0x03, 0x4B, 0xC0, 0x00, 0x00, 0x0D, 0x3F, 0x00, 0x00,
    0x00, 0x24, 0xF8, 0x00, 0x00, 0x00, 0x07, 0xE0, 0x00, 0x00, 0x00, 0x1F, 0x80, 0x00, 0x00, 0x00,
    0x3E, 0x00, 0x00, 0x00, 0x00, 0xFC, 0x00, 0x00, 0x00, 0x02, 0xF0, 0x00, 0x00, 0x01, 0x07, 0xD0,
    0x00, 0x00, 0x08, 0x0B, 0xC0, 0x00, 0x00, 0x30, 0x0F, 0x80, 0x00, 0x02, 0x40, 0x0F, 0x80, 0x00,
    0x28, 0x00, 0x0B, 0xE0, 0x07, 0x40, 0x00, 0x01, 0xFF, 0xE0, 0x00, 0x00, 0x00, 0x20, 0x00, 0x00,
    0x7D, 0x00, 0x00, 0x7E, 0x00, 0x00, 0x78, 0x00, 0x00, 0x20, 0x00, 0x00, 0x00, 0x00, 0x00, 0x06,
    0xFE, 0x00, 0x0B, 0x80, 0x70, 0x0B, 0x40, 0x2E, 0x03, 0xC0, 0x0B, 0x42, 0xE0, 0x00, 0x00, 0xF4,
    0x00, 0x00, 0x3D, 0x00, 0x00, 0x0F, 0x40, 0x00, 0x02, 0xE0, 0x00, 0x00, 0x7C, 0x00, 0x08, 0x0B,
    0x80, 0x06, 0x00, 0xB8, 0x0B, 0x00, 0x06, 0xFD, 0x00, 0x00, 0x00, 0x00, 0x00, 0x00, 0x00, 0x00,
    0x34, 0x00, 0x00, 0x00, 0x03, 0xB4, 0x00, 0x00, 0x00, 0x34, 0x34, 0x00, 0x00, 0x02, 0x40, 0x30,
    0x00, 0x00, 0x00, 0x00, 0x00, 0x00, 0x00, 0x00, 0x00, 0x00, 0x00, 0x00, 0x6F, 0xE4, 0x08, 0x00,
    0x2F, 0x80, 0x2C, 0x74, 0x03, 0xE0, 0x00, 0x0F, 0xD0, 0x3E, 0x00, 0x00, 0x0F, 0x42, 0xF0, 0x00,
    0x00, 0x2D, 0x1F, 0x40, 0x00, 0x00, 0x34, 0xBC, 0x00, 0x00, 0x00, 0xD3, 0xF0, 0x00, 0x00, 0x02,
    0x4F, 0x80, 0x00, 0x00, 0x00, 0x7E, 0x00, 0x00, 0x00, 0x01, 0xF8, 0x00, 0x00, 0x00, 0x03, 0xE0,
    0x00, 0x00, 0x00, 0x0F, 0xC0, 0x00, 0x00, 0x00, 0x2F, 0x00, 0x00, 0x00, 0x10, 0x7D, 0x00, 0x00,
    0x00, 0x80, 0xBC, 0x00, 0x00, 0x03, 0x00, 0xF8, 0x00, 0x00, 0x24, 0x00, 0xF8, 0x00, 0x02, 0x80,
    0x00, 0xBE, 0x00, 0x74, 0x00, 0x00, 0x1F, 0xFE, 0x00, 0x00, 0x00, 0x02, 0x00, 0x00, 0x03, 0xD0,
    0x00, 0x03, 0x4D, 0x00, 0x02, 0x40, 0xD0, 0x01, 0x40, 0x08, 0x00, 0x00, 0x00, 0x00, 0x06, 0xFE,
    0x00, 0x0B, 0x80, 0x70, 0x0B, 0x40, 0x2E, 0x03, 0xC0, 0x0B, 0x42, 0xE0, 0x00, 0x00, 0xF4, 0x00,
    0x00, 0x3D, 0x00, 0x00, 0x0F, 0x40, 0x00, 0x02, 0xE0, 0x00, 0x00, 0x7C, 0x00, 0x08, 0x0B, 0x80,
    0x06, 0x00, 0xB8, 0x0B, 0x00, 0x06, 0xFD, 0x00, 0x00, 0x00, 0x1E, 0x00, 0x00, 0x00, 0x00, 0xFC,
    0x00, 0x00, 0x00, 0x01, 0xE0, 0x00, 0x00, 0x00, 0x00, 0x00, 0x00, 0x00, 0x00, 0x00, 0x00, 0x00,
    0x00, 0x06, 0xFE, 0x40, 0x80, 0x02, 0xF8, 0x02, 0xC7, 0x40, 0x3E, 0x00, 0x00, 0xFD, 0x03, 0xE0,
    0x00, 0x00, 0xF4, 0x2F, 0x00, 0x00, 0x02, 0xD1, 0xF4, 0x00, 0x00, 0x03, 0x4B, 0xC0, 0x00, 0x00,
    0x0D, 0x3F, 0x00, 0x00, 0x00, 0x24, 0xF8, 0x00, 0x00, 0x00, 0x07, 0xE0, 0x00, 0x00, 0x00, 0x1F,
    0x80, 0x00, 0x00, 0x00, 0x3E, 0x00, 0x00, 0x00, 0x00, 0xFC, 0x00, 0x00, 0x00, 0x02, 0xF0, 0x00,
    0x00, 0x01, 0x07, 0xD0, 0x00, 0x00, 0x08, 0x0B, 0xC0, 0x00, 0x00, 0x30, 0x0F, 0x80, 0x00, 0x02,
    0x40, 0x0F, 0x80, 0x00, 0x28, 0x00, 0x0B, 0xE0, 0x07, 0x40, 0x00, 0x01, 0xFF, 0xE0, 0x00, 0x00,
    0x0B, 0x40, 0x00, 0x03, 0xE0, 0x00, 0x00, 0xB4, 0x00, 0x00, 0x00, 0x00, 0x00, 0x00, 0x00, 0x00,
    0x00, 0x00, 0x00, 0x06, 0xFE, 0x00, 0x0B, 0x80, 0x70, 0x0B, 0x40, 0x2E, 0x03, 0xC0, 0x0B, 0x42,
    0xE0, 0x00, 0x00, 0xF4, 0x00, 0x00, 0x3D, 0x00, 0x00, 0x0F, 0x40, 0x00, 0x02, 0xE0, 0x00, 0x00,
    0x7C, 0x00, 0x08, 0x0B, 0x80, 0x06, 0x00, 0xB8, 0x0B, 0x00, 0x06, 0xFD, 0x00, 0x00, 0x00, 0x00,
    0x00, 0x00, 0x00, 0x0D, 0x00, 0x60, 0x00, 0x00, 0x0B, 0x0A, 0x00, 0x00, 0x00, 0x07, 0xD0, 0x00,
    0x00, 0x00, 0x00, 0x00, 0x00, 0x00, 0x00, 0x00, 0x00, 0x00, 0x00, 0x00, 0x00, 0x00, 0x00, 0x00,
    0x6F, 0xE4, 0x08, 0x00, 0x2F, 0x80, 0x2C, 0x74, 0x03, 0xE0, 0x00, 0x0F, 0xD0, 0x3E, 0x00, 0x00,
    0x0F, 0x42, 0xF0, 0x00, 0x00, 0x2D, 0x1F, 0x40, 0x00, 0x00, 0x34, 0xBC, 0x00, 0x00, 0x00, 0xD3,
    0xF0, 0x00, 0x00, 0x02, 0x4F, 0x80, 0x00, 0x00, 0x00, 0x7E, 0x00, 0x00, 0x00, 0x01, 0xF8, 0x00,
    0x00, 0x00, 0x03, 0xE0, 0x00, 0x00, 0x00, 0x0F, 0xC0, 0x00, 0x00, 0x00, 0x2F, 0x00, 0x00, 0x00,
    0x10, 0x7D, 0x00, 0x00, 0x00, 0x80, 0xBC, 0x00, 0x00, 0x03, 0x00, 0xF8, 0x00, 0x00, 0x24, 0x00,
    0xF8, 0x00, 0x02, 0x80, 0x00, 0xBE, 0x00, 0x74, 0x00, 0x00, 0x1F, 0xFE, 0x00, 0x00, 0x01, 0x00,
    0x04, 0x00, 0xA0, 0x0A, 0x00, 0x0B, 0x5E, 0x00, 0x00, 0x7E, 0x00, 0x00, 0x06, 0x00, 0x00, 0x00,
    0x00, 0x00, 0x06, 0xFE, 0x00, 0x0B, 0x80, 0x70, 0x0B, 0x40, 0x2E, 0x03, 0xC0, 0x0B, 0x42, 0xE0,
    0x00, 0x00, 0xF4, 0x00, 0x00, 0x3D, 0x00, 0x00, 0x0F, 0x40, 0x00, 0x02, 0xE0, 0x00, 0x00, 0x7C,
    0x00, 0x08, 0x0B, 0x80, 0x06, 0x00, 0xB8, 0x0B, 0x00, 0x06, 0xFD, 0x00, 0x00, 0x50, 0x00, 0x00,
    0x00, 0x00, 0x38, 0x02, 0x80, 0x00, 0x00, 0x0E, 0x1D, 0x00, 0x00, 0x00, 0x02, 0xE0, 0x00, 0x00,
    0x00, 0x00, 0x00, 0x00, 0x00, 0x00, 0x00, 0x00, 0x00, 0x00, 0x00, 0x00, 0x00, 0x00, 0x00, 0xFF,
    0xFF, 0xFF, 0xD0, 0x00, 0x07, 0xE0, 0x00, 0xBD, 0x00, 0x03, 0xE0, 0x00, 0x0F, 0x40, 0x03, 0xE0,
    0x00, 0x03, 0xD0, 0x03, 0xE0, 0x00, 0x01, 0xF0, 0x03, 0xE0, 0x00, 0x00, 0xF4, 0x03, 0xE0, 0x00,
    0x00, 0xFC, 0x03, 0xE0, 0x00, 0x00, 0xBC, 0x03, 0xE0, 0x00, 0x00, 0x7D, 0x03, 0xE0, 0x00, 0x00,
    0x7D, 0x03, 0xE0, 0x00, 0x00, 0x7D, 0x03, 0xE0, 0x00, 0x00, 0x7D, 0x03, 0xE0, 0x00, 0x00, 0xBC,
    0x03, 0xE0, 0x00, 0x00, 0xBC, 0x03, 0xE0, 0x00, 0x00, 0xF8, 0x03, 0xE0, 0x00, 0x01, 0xF0, 0x03,
    0xE0, 0x00, 0x03, 0xD0, 0x03, 0xE0, 0x00, 0x0F, 0x40, 0x07, 0xE0, 0x00, 0xBD, 0x00, 0xFF, 0xFF,
    0xFF, 0xD0, 0x00, 0x00, 0x00, 0x00, 0x07, 0xC0, 0x00, 0x03, 0xFC, 0xBE, 0x00, 0x00, 0x03, 0xC3,
    0xA0, 0x00, 0x00, 0x3C, 0x02, 0x00, 0x00, 0x03, 0xC0, 0x80, 0x00, 0x00, 0x3C, 0x24, 0x00, 0x00,
    0x03, 0xC0, 0x00, 0x00, 0x00, 0x3C, 0x00, 0x00, 0x2F, 0xD3, 0xC0, 0x00, 0x2E, 0x02, 0xBC, 0x00,
    0x0B, 0x80, 0x07, 0xC0, 0x00, 0xF0, 0x00, 0x3C, 0x00, 0x2E, 0x00, 0x03, 0xC0, 0x03, 0xD0, 0x00,
    0x3C, 0x00, 0x3D, 0x00, 0x03, 0xC0, 0x03, 0xD0, 0x00, 0x3C, 0x00, 0x3E, 0x00, 0x03, 0xC0, 0x01,
    0xF0, 0x00, 0x3C, 0x00, 0x0B, 0x40, 0x0B, 0xC0, 0x00, 0x2D, 0x02, 0xFD, 0x00, 0x00, 0x7F, 0xD3,
    0xFD, 0x00, 0x3F, 0xFF, 0xFF, 0xE4, 0x00, 0x00, 0x7E, 0x00, 0x0B, 0xD0, 0x00, 0x0F, 0x80, 0x00,
    0x3D, 0x00, 0x03, 0xE0, 0x00, 0x03, 0xC0, 0x00, 0xF8, 0x00, 0x00, 0xBC, 0x00, 0x3E, 0x00, 0x00,
    0x0F, 0x40, 0x0F, 0x80, 0x00, 0x03, 0xF0, 0x03, 0xE0, 0x00, 0x00, 0xBC, 0x00, 0xF8, 0x00, 0x00,
    0x1F, 0x40, 0x3E, 0x00, 0x00, 0x07, 0xD3, 0xFF, 0xFF, 0xF0, 0x01, 0xF4, 0x03, 0xE0, 0x00, 0x00,
    0x7D, 0x00, 0xF8, 0x00, 0x00, 0x2F, 0x40, 0x3E, 0x00, 0x00, 0x0B, 0xC0, 0x0F, 0x80, 0x00, 0x03,
    0xE0, 0x03, 0xE0, 0x00, 0x01, 0xF0, 0x00, 0xF8, 0x00, 0x00, 0xF4, 0x00, 0x3E, 0x00, 0x00, 0xF8,
    0x00, 0x1F, 0x80, 0x02, 0xF4, 0x00, 0xFF, 0xFF, 0xFF, 0xD0, 0x00, 0x00, 0x00, 0x3F, 0xC0, 0x00,
    0x00, 0x07, 0xC0, 0x00, 0x00, 0x03, 0xC0, 0x00, 0x00, 0x03, 0xC0, 0x00, 0x3F, 0xFF, 0xFC, 0x00,
    0x00, 0x03, 0xC0, 0x00, 0x00, 0x03, 0xC0, 0x00, 0x2F, 0xD3, 0xC0, 0x02, 0xE0, 0x2B, 0xC0, 0x0B,
    0x80, 0x07, 0xC0, 0x0F, 0x00, 0x03, 0xC0, 0x2E, 0x00, 0x03, 0xC0, 0x3D, 0x00, 0x03, 0xC0, 0x3D,
    0x00, 0x03, 0xC0, 0x3D, 0x00, 0x03, 0xC0, 0x3E, 0x00, 0x03, 0xC0, 0x1F, 0x00, 0x03, 0xC0, 0x0F,
    0x40, 0x0B, 0xC0, 0x03, 0xD0, 0x2B, 0xD0, 0x00, 0x7F, 0xD3, 0xFD, 0x00, 0xBF, 0xFF, 0xFE, 0x00,
    0x00, 0x00, 0x00, 0x00, 0x00, 0x00, 0x00, 0x00, 0x00, 0x00, 0x00, 0x00, 0x00, 0x00, 0x3F, 0xFF,
    0xFF, 0xFF, 0xD0, 0x07, 0xE0, 0x00, 0x1F, 0x40, 0x0F, 0x80, 0x00, 0x0E, 0x00, 0x3E, 0x00, 0x00,
    0x18, 0x00, 0xF8, 0x00, 0x00, 0x30, 0x03, 0xE0, 0x00, 0x00, 0x80, 0x0F, 0x80, 0x0C, 0x01, 0x00,
    0x3E, 0x00, 0x30, 0x00, 0x00, 0xF8, 0x02, 0xC0, 0x00, 0x03, 0xFF, 0xFF, 0x00, 0x00, 0x0F, 0x80,
    0x2C, 0x00, 0x00, 0x3E, 0x00, 0x30, 0x00, 0x00, 0xF8, 0x00, 0xC0, 0x00, 0x03, 0xE0, 0x00, 0x00,
    0x20, 0x0F, 0x80, 0x00, 0x00, 0xC0, 0x3E, 0x00, 0x00, 0x06, 0x00, 0xF8, 0x00, 0x00, 0x34, 0x03,
    0xE0, 0x00, 0x02, 0xC0, 0x1F, 0x80, 0x00, 0x6F, 0x0F, 0xFF, 0xFF, 0xFF, 0xFC, 0x1F, 0xFF, 0xFF,
    0x00, 0x00, 0x00, 0x00, 0x00, 0x00, 0x00, 0x00, 0x00, 0x00, 0x00, 0x7F, 0xD0, 0x00, 0xF4, 0x1E,
    0x00, 0xF0, 0x02, 0xD0, 0xB8, 0x00, 0x3C, 0x3D, 0x00, 0x0F, 0x0F, 0xFF, 0xFF, 0xC3, 0xC0, 0x00,
    0x00, 0xF4, 0x00, 0x00, 0x3D, 0x00, 0x00, 0x07, 0xC0, 0x00, 0xC0, 0xB4, 0x00, 0x50, 0x0B, 0x80,
    0xA0, 0x00, 0x6F, 0xD0, 0x00, 0x00, 0x00, 0x3C, 0x00, 0x00, 0x00, 0x02, 0xF4, 0x00, 0x00, 0x00,
    0x03, 0xC0, 0x00, 0x00, 0x00, 0x00, 0x00, 0x00, 0x00, 0x00, 0x00, 0x00, 0x00, 0xFF, 0xFF, 0xFF,
    0xFF, 0x40, 0x1F, 0x80, 0x00, 0x7D, 0x00, 0x3E, 0x00, 0x00, 0x38, 0x00, 0xF8, 0x00, 0x00, 0x60,
    0x03, 0xE0, 0x00, 0x00, 0xC0, 0x0F, 0x80, 0x00, 0x02, 0x00, 0x3E, 0x00, 0x30, 0x04, 0x00, 0xF8,
    0x00, 0xC0, 0x00, 0x03, 0xE0, 0x0B, 0x00, 0x00, 0x0F, 0xFF, 0xFC, 0x00, 0x00, 0x3E, 0x00, 0xB0,
    0x00, 0x00, 0xF8, 0x00, 0xC0, 0x00, 0x03, 0xE0, 0x03, 0x00, 0x00, 0x0F, 0x80, 0x00, 0x00, 0x80,
    0x3E, 0x00, 0x00, 0x03, 0x00, 0xF8, 0x00, 0x00, 0x18, 0x03, 0xE0, 0x00, 0x00, 0xD0, 0x0F, 0x80,
    0x00, 0x0B, 0x00, 0x7E, 0x00, 0x01, 0xBC, 0x3F, 0xFF, 0xFF, 0xFF, 0xF0, 0x00, 0x1F, 0x00, 0x00,
    0x0B, 0xD0, 0x00, 0x01, 0xF0, 0x00, 0x00, 0x00, 0x00, 0x00, 0x00, 0x00, 0x00, 0x00, 0x00, 0x00,
    0x07, 0xFD, 0x00, 0x0F, 0x41, 0xE0, 0x0F, 0x00, 0x2D, 0x0B, 0x80, 0x03, 0xC3, 0xD0, 0x00, 0xF0,
    0xFF, 0xFF, 0xFC, 0x3C, 0x00, 0x00, 0x0F, 0x40, 0x00, 0x03, 0xD0, 0x00, 0x00, 0x7C, 0x00, 0x0C,
    0x0B, 0x40, 0x05, 0x00, 0xB8, 0x0A, 0x00, 0x06, 0xFD, 0x00, 0x3F, 0xFF, 0xFF, 0xFF, 0xD0, 0x07,
    0xE0, 0x00, 0x1F, 0x40, 0x0F, 0x80, 0x00, 0x0E, 0x00, 0x3E, 0x00, 0x00, 0x18, 0x00, 0xF8, 0x00,
    0x00, 0x30, 0x03, 0xE0, 0x00, 0x00, 0xC0, 0x0F, 0x80, 0x0C, 0x01, 0x00, 0x3E, 0x00, 0x30, 0x00,
    0x00, 0xF8, 0x02, 0xC0, 0x00, 0x03, 0xFF, 0xFF, 0x00, 0x00, 0x0F, 0x80, 0x2C, 0x00, 0x00, 0x3E,
    0x00, 0x30, 0x00, 0x00, 0xF8, 0x00, 0xC0, 0x04, 0x03, 0xE0, 0x00, 0x00, 0x20, 0x0F, 0x80, 0x00,
    0x00, 0x80, 0x3E, 0x00, 0x00, 0x09, 0x00, 0xF8, 0x00, 0x00, 0x30, 0x03, 0xE0, 0x00, 0x02, 0xC0,
    0x1F, 0x80, 0x00, 0x6F, 0x0F, 0xFF, 0xFF, 0xFF, 0xFC, 0x00, 0x00, 0x00, 0x24, 0x00, 0x00, 0x00,
    0x02, 0x40, 0x00, 0x00, 0x00, 0x0C, 0x00, 0x00, 0x00, 0x00, 0x34, 0x00, 0x00, 0x00, 0x00, 0xF4,
    0x20, 0x00, 0x00, 0x00, 0xBE, 0x00, 0x00, 0xBF, 0xD0, 0x00, 0xF4, 0x2E, 0x00, 0xF0, 0x02, 0xD0,
    0xB8, 0x00, 0x3C, 0x3D, 0x00, 0x0F, 0x0F, 0xFF, 0xFF, 0xC3, 0xC0, 0x00, 0x00, 0xF4, 0x00, 0x00,
    0x3D, 0x00, 0x00, 0x07, 0xC0, 0x00, 0x80, 0xF4, 0x00, 0x60, 0x0B, 0x40, 0xA0, 0x00, 0x6F, 0xE0,
    0x00, 0x00, 0x90, 0x00, 0x00, 0x70, 0x00, 0x00, 0x28, 0x00, 0x00, 0x0E, 0x00, 0x00, 0x01, 0xE0,
    0xC0, 0x00, 0x1F, 0xC0, 0x00, 0x20, 0x00, 0x00, 0x00, 0x00, 0x20, 0x02, 0x40, 0x00, 0x00, 0x24,
    0xA0, 0x00, 0x00, 0x00, 0x2D, 0x00, 0x00, 0x00, 0x00, 0x00, 0x00, 0x00, 0x00, 0x00, 0x00, 0x00,
    0x00, 0x00, 0x00, 0x00, 0x00, 0x0F, 0xFF, 0xFF, 0xFF, 0xF4, 0x01, 0xF8, 0x00, 0x07, 0xD0, 0x03,
    0xE0, 0x00, 0x03, 0x80, 0x0F, 0x80, 0x00, 0x06, 0x00, 0x3E, 0x00, 0x00, 0x0C, 0x00, 0xF8, 0x00,
    0x00, 0x20, 0x03, 0xE0, 0x03, 0x00, 0x40, 0x0F, 0x80, 0x0C, 0x00, 0x00, 0x3E, 0x00, 0xB0, 0x00,
    0x00, 0xFF, 0xFF, 0xC0, 0x00, 0x03, 0xE0, 0x0B, 0x00, 0x00, 0x0F, 0x80, 0x0C, 0x00, 0x00, 0x3E,
    0x00, 0x30, 0x00, 0x00, 0xF8, 0x00, 0x00, 0x08, 0x03, 0xE0, 0x00, 0x00, 0x30, 0x0F, 0x80, 0x00,
    0x01, 0x80, 0x3E, 0x00, 0x00, 0x0D, 0x00, 0xF8, 0x00, 0x00, 0xB0, 0x07, 0xE0, 0x00, 0x1B, 0xC3,
    0xFF, 0xFF, 0xFF, 0xFF, 0x00, 0x04, 0x00, 0x04, 0x00, 0xA0, 0x0D, 0x00, 0x0B, 0x5D, 0x00, 0x00,
    0xBD, 0x00, 0x00, 0x09, 0x00, 0x00, 0x00, 0x00, 0x00, 0x07, 0xFD, 0x00, 0x0F, 0x41, 0xE0, 0x0F,
    0x00, 0x2D, 0x0B, 0x80, 0x03, 0xC3, 0xD0, 0x00, 0xF0, 0xFF, 0xFF, 0xFC, 0x3C, 0x00, 0x00, 0x0F,
    0x40, 0x00, 0x03, 0xD0, 0x00, 0x00, 0x7C, 0x00, 0x0C, 0x0B, 0x40, 0x05, 0x00, 0xB8, 0x0A, 0x00,
    0x06, 0xFD, 0x00, 0x00, 0x00, 0x00, 0x00, 0x00, 0x00, 0x00, 0x03, 0x40, 0x00, 0x00, 0x00, 0x03,
    0xB4, 0x00, 0x00, 0x00, 0x03, 0x43, 0x00, 0x00, 0x00, 0x02, 0x40, 0x30, 0x00, 0x00, 0x00, 0x00,
    0x00, 0x00, 0x00, 0x00, 0x00, 0x00, 0x00, 0x00, 0x00, 0x06, 0xFE, 0x40, 0x90, 0x00, 0x1F, 0x80,
    0x2C, 0x74, 0x00, 0x2E, 0x00, 0x00, 0xFD, 0x00, 0x3E, 0x00, 0x00, 0x0F, 0x40, 0x2F, 0x00, 0x00,
    0x02, 0xD0, 0x0F, 0x40, 0x00, 0x00, 0x34, 0x0B, 0xC0, 0x00, 0x00, 0x0D, 0x03, 0xF0, 0x00, 0x00,
    0x02, 0x40, 0xF8, 0x00, 0x00, 0x00, 0x00, 0x7E, 0x00, 0x00, 0x00, 0x00, 0x1F, 0x80, 0x00, 0x00,
    0x00, 0x07, 0xE0, 0x00, 0x00, 0x00, 0x00, 0xFC, 0x00, 0x03, 0xFF, 0xFD, 0x3F, 0x00, 0x00, 0x02,
    0xF4, 0x07, 0xD0, 0x00, 0x00, 0x7D, 0x00, 0xFC, 0x00, 0x00, 0x1F, 0x40, 0x0F, 0x80, 0x00, 0x07,
    0xD0, 0x00, 0xF8, 0x00, 0x03, 0xF4, 0x00, 0x0B, 0xE0, 0x07, 0x4D, 0x00, 0x00, 0x1B, 0xFE, 0x00,
    0x00, 0x00, 0x08, 0x00, 0x00, 0x00, 0xB8, 0x00, 0x00, 0x0A, 0x28, 0x00, 0x00, 0xA0, 0x24, 0x00,
    0x02, 0x00, 0x20, 0x00, 0x00, 0x00, 0x00, 0x00, 0x0B, 0xF4, 0x7E, 0x00, 0xF0, 0x7E, 0x1C, 0x0F,
    0x00, 0x78, 0x00, 0x3C, 0x00, 0xF0, 0x00, 0xF0, 0x03, 0xC0, 0x03, 0xC0, 0x0F, 0x00, 0x0B, 0x40,
    0x78, 0x00, 0x0F, 0x07, 0xC0, 0x00, 0x57, 0xF8, 0x00, 0x02, 0x00, 0x00, 0x00, 0x0C, 0x00, 0x00,
    0x00, 0x2C, 0x00, 0x00, 0x00, 0x3F, 0xFF, 0x90, 0x03, 0x40, 0x01, 0xE0, 0x38, 0x00, 0x00, 0xD0,
    0xD0, 0x00, 0x03, 0x83, 0xC0, 0x00, 0x1D, 0x03, 0xE0, 0x06, 0xE0, 0x01, 0xBF, 0xF4, 0x00, 0x00,
    0x08, 0x00, 0x08, 0x00, 0x00, 0x01, 0x80, 0x02, 0x00, 0x00, 0x00, 0x28, 0x07, 0x00, 0x00, 0x00,
    0x01, 0xFE, 0x00, 0x00, 0x00, 0x00, 0x00, 0x00, 0x00, 0x00, 0x00, 0x00, 0x00, 0x00, 0x00, 0x00,
    0x1B, 0xFE, 0x42, 0x40, 0x00, 0xBE, 0x00, 0x2F, 0xD0, 0x00, 0xF8, 0x00, 0x00, 0xF4, 0x00, 0xF8,
    0x00, 0x00, 0x0D, 0x00, 0xBC, 0x00, 0x00, 0x01, 0x00, 0x7D, 0x00, 0x00, 0x00, 0x00, 0x2F, 0x00,
    0x00, 0x00, 0x00, 0x0F, 0xC0, 0x00, 0x00, 0x00, 0x07, 0xE0, 0x00, 0x00, 0x00, 0x01, 0xF8, 0x00,
    0x00, 0x00, 0x00, 0x7E, 0x00, 0x00, 0x00, 0x00, 0x1F, 0x80, 0x00, 0x00, 0x00, 0x03, 0xF0, 0x00,
    0x0F, 0xFF, 0xF4, 0xFC, 0x00, 0x00, 0x0B, 0xE0, 0x1F, 0x40, 0x00, 0x01, 0xF4, 0x03, 0xF0, 0x00,
    0x00, 0x7D, 0x00, 0x3E, 0x00, 0x00, 0x1F, 0x40, 0x03, 0xE0, 0x00, 0x0F, 0xD0, 0x00, 0x2F, 0x80,
    0x1D, 0x34, 0x00, 0x00, 0x6F, 0xF8, 0x00, 0x00, 0x02, 0x00, 0x01, 0x00, 0x0A, 0x00, 0x70, 0x00,
    0x06, 0xFD, 0x00, 0x00, 0x00, 0x00, 0x00, 0x00, 0x00, 0x00, 0x00, 0x02, 0xFD, 0x1F, 0x80, 0x3C,
    0x1F, 0x87, 0x03, 0xC0, 0x1E, 0x00, 0x0F, 0x00, 0x3C, 0x00, 0x3C, 0x00, 0xF0, 0x00, 0xF0, 0x03,
    0xC0, 0x02, 0xD0, 0x1E, 0x00, 0x03, 0xC1, 0xF0, 0x00, 0x15, 0xFE, 0x00, 0x00, 0x80, 0x00, 0x00,
    0x03, 0x00, 0x00, 0x00, 0x0B, 0x00, 0x00, 0x00, 0x0F, 0xFF, 0xE4, 0x00, 0xD0, 0x00, 0x78, 0x0E,
    0x00, 0x00, 0x34, 0x34, 0x00, 0x00, 0xE0, 0xF0, 0x00, 0x07, 0x40, 0xF8, 0x01, 0xB8, 0x00, 0x6F,
    0xFD, 0x00, 0x00, 0x00, 0x1E, 0x00, 0x00, 0x00, 0x00, 0x0F, 0xC0, 0x00, 0x00, 0x00, 0x01, 0xE0,
    0x00, 0x00, 0x00, 0x00, 0x00, 0x00, 0x00, 0x00, 0x00, 0x00, 0x00, 0x00, 0x00, 0x00, 0x6F, 0xE4,
    0x09, 0x00, 0x01, 0xF8, 0x02, 0xC7, 0x40, 0x02, 0xE0, 0x00, 0x0F, 0xD0, 0x03, 0xE0, 0x00, 0x00,
    0xF4, 0x02, 0xF0, 0x00, 0x00, 0x2D, 0x00, 0xF4, 0x00, 0x00, 0x03, 0x40, 0xBC, 0x00, 0x00, 0x00,
    0xD0, 0x3F, 0x00, 0x00, 0x00, 0x24, 0x0F, 0x80, 0x00, 0x00, 0x00, 0x07, 0xE0, 0x00, 0x00, 0x00,
    0x01, 0xF8, 0x00, 0x00, 0x00, 0x00, 0x7E, 0x00, 0x00, 0x00, 0x00, 0x0F, 0xC0, 0x00, 0x3F, 0xFF,
    0xD3, 0xF0, 0x00, 0x00, 0x2F, 0x40, 0x7D, 0x00, 0x00, 0x07, 0xD0, 0x0F, 0xC0, 0x00, 0x01, 0xF4,
    0x00, 0xF8, 0x00, 0x00, 0x7D, 0x00, 0x0F, 0x80, 0x00, 0x3F, 0x40, 0x00, 0xBE, 0x00, 0x74, 0xD0,
    0x00, 0x01, 0xBF, 0xE0, 0x00, 0x00, 0x00, 0x2D, 0x00, 0x00, 0x00, 0xFC, 0x00, 0x00, 0x02, 0xD0,
    0x00, 0x00, 0x00, 0x00, 0x00, 0x00, 0x00, 0x00, 0x00, 0x00, 0x00, 0x00, 0x00, 0x0B, 0xF4, 0x7E,
    0x00, 0xF0, 0x7E, 0x1C, 0x0F, 0x00, 0x78, 0x00, 0x3C, 0x00, 0xF0, 0x00, 0xF0, 0x03, 0xC0, 0x03,
    0xC0, 0x0F, 0x00, 0x0B, 0x40, 0x78, 0x00, 0x0F, 0x07, 0xC0, 0x00, 0x57, 0xF8, 0x00, 0x02, 0x00,
    0x00, 0x00, 0x0C, 0x00, 0x00, 0x00, 0x2C, 0x00, 0x00, 0x00, 0x3F, 0xFF, 0x90, 0x03, 0x40, 0x01,
    0xE0, 0x38, 0x00, 0x00, 0xD0, 0xD0, 0x00, 0x03, 0x83, 0xC0, 0x00, 0x1D, 0x03, 0xE0, 0x06, 0xE0,
    0x01, 0xBF, 0xF4, 0x00, 0x00, 0x01, 0xBF, 0x90, 0x24, 0x00, 0x07, 0xE0, 0x0B, 0x0D, 0x00, 0x0B,
    0x80, 0x00, 0x3F, 0x40, 0x0F, 0x80, 0x00, 0x03, 0xD0, 0x0B, 0xC0, 0x00, 0x00, 0xB4, 0x03, 0xD0,
    0x00, 0x00, 0x0D, 0x02, 0xF0, 0x00, 0x00, 0x03, 0x40, 0xFC, 0x00, 0x00, 0x00, 0x90, 0x3E, 0x00,
    0x00, 0x00, 0x00, 0x1F, 0x80, 0x00, 0x00, 0x00, 0x07, 0xE0, 0x00, 0x00, 0x00, 0x01, 0xF8, 0x00,
    0x00, 0x00, 0x00, 0x3F, 0x00, 0x00, 0xFF, 0xFF, 0x4F, 0xC0, 0x00, 0x00, 0xBD, 0x01, 0xF4, 0x00,
    0x00, 0x1F, 0x40, 0x3F, 0x00, 0x00, 0x07, 0xD0, 0x03, 0xE0, 0x00, 0x01, 0xF4, 0x00, 0x3E, 0x00,
    0x00, 0xFD, 0x00, 0x02, 0xF8, 0x01, 0xD3, 0x40, 0x00, 0x06, 0xFF, 0x80, 0x00, 0x00, 0x00, 0x00,
    0x00, 0x00, 0x00, 0x00, 0x00, 0x00, 0x00, 0x00, 0x00, 0x00, 0xE0, 0x00, 0x00, 0x00, 0x00, 0x3C,
    0x00, 0x00, 0x00, 0x00, 0x01, 0x00, 0x00, 0x00, 0x00, 0x00, 0x40, 0x00, 0x00, 0x00, 0x00, 0x10,
    0x00, 0x00, 0x00, 0x00, 0x10, 0x00, 0x00, 0x00, 0x01, 0x00, 0x00, 0x00, 0x20, 0x00, 0x00, 0x02,
    0x00, 0x00, 0x00, 0x08, 0x00, 0x00, 0x00, 0x3F, 0x00, 0x00, 0x00, 0xFC, 0x00, 0x00, 0x01, 0xF0,
    0x00, 0x00, 0x00, 0x00, 0x00, 0x00, 0xBF, 0x47, 0xE0, 0x0F, 0x07, 0xE1, 0xC0, 0xF0, 0x07, 0x80,
    0x03, 0xC0, 0x0F, 0x00, 0x0F, 0x00, 0x3C, 0x00, 0x3C, 0x00, 0xF0, 0x00, 0xB4, 0x07, 0x80, 0x00,
    0xF0, 0x7C, 0x00, 0x05, 0x7F, 0x80, 0x00, 0x20, 0x00, 0x00, 0x00, 0xC0, 0x00, 0x00, 0x02, 0xC0,
    0x00, 0x00, 0x03, 0xFF, 0xF9, 0x00, 0x34, 0x00, 0x1E, 0x03, 0x80, 0x00, 0x0D, 0x0D, 0x00, 0x00,
    0x38, 0x3C, 0x00, 0x01, 0xD0, 0x3E, 0x00, 0x6E, 0x00, 0x1B, 0xFF, 0x40, 0x00, 0x00, 0x00, 0x00,
    0x00, 0x00, 0x00, 0x00, 0x02, 0x40, 0x00, 0x00, 0x00, 0x02, 0xB4, 0x00, 0x00, 0x00, 0x02, 0x83,
    0x40, 0x00, 0x00, 0x02, 0x80, 0x24, 0x00, 0x00, 0x00, 0x00, 0x00, 0x00, 0x00, 0x00, 0x00, 0x00,
    0x00, 0x00, 0xFF, 0xFF, 0x83, 0xFF, 0xFE, 0x01, 0xFC, 0x00, 0x03, 0xF0, 0x00, 0x3E, 0x00, 0x00,
    0xFC, 0x00, 0x0F, 0x80, 0x00, 0x3F, 0x00, 0x03, 0xE0, 0x00, 0x0F, 0xC0, 0x00, 0xF8, 0x00, 0x03,
    0xF0, 0x00, 0x3E, 0x00, 0x00, 0xFC, 0x00, 0x0F, 0x80, 0x00, 0x3F, 0x00, 0x03, 0xE0, 0x00, 0x0F,
    0xC0, 0x00, 0xFF, 0xFF, 0xFF, 0xF0, 0x00, 0x3E, 0x00, 0x00, 0xFC, 0x00, 0x0F, 0x80, 0x00, 0x3F,
    0x00, 0x03, 0xE0, 0x00, 0x0F, 0xC0, 0x00, 0xF8, 0x00, 0x03, 0xF0, 0x00, 0x3E, 0x00, 0x00, 0xFC,
    0x00, 0x0F, 0x80, 0x00, 0x3F, 0x00, 0x03, 0xE0, 0x00, 0x0F, 0xC0, 0x00, 0xF8, 0x00, 0x03, 0xF0,
    0x00, 0x7F, 0x00, 0x00, 0xFC, 0x03, 0xFF, 0xFE, 0x0F, 0xFF, 0xF8, 0x00, 0x00, 0x80, 0x00, 0x00,
    0x03, 0xE0, 0x00, 0x00, 0x0D, 0x34, 0x00, 0x00, 0x34, 0x09, 0x00, 0x00, 0x50, 0x02, 0x00, 0x00,
    0x00, 0x00, 0x00, 0x3F, 0xC0, 0x00, 0x00, 0x03, 0xC0, 0x00, 0x00, 0x03, 0xC0, 0x00, 0x00, 0x03,
    0xC0, 0x00, 0x00, 0x03, 0xC0, 0x00, 0x00, 0x03, 0xC0, 0x00, 0x00, 0x03, 0xC0, 0x00, 0x00, 0x03,
    0xC2, 0xFE, 0x00, 0x03, 0xC9, 0x0B, 0x80, 0x03, 0xE0, 0x03, 0xC0, 0x03, 0xE0, 0x03, 0xC0, 0x03,
    0xD0, 0x03, 0xC0, 0x03, 0xC0, 0x03, 0xC0, 0x03, 0xC0, 0x03, 0xD0, 0x03, 0xC0, 0x03, 0xD0, 0x03,
    0xC0, 0x03, 0xD0, 0x03, 0xC0, 0x03, 0xD0, 0x03, 0xC0, 0x03, 0xD0, 0x03, 0xD0, 0x03, 0xD0, 0x3F,
    0xFD, 0x3F, 0xFE, 0x3F, 0xFF, 0xE0, 0xFF, 0xFF, 0x80, 0x7F, 0x00, 0x00, 0xFC, 0x00, 0x0F, 0x80,
    0x00, 0x3F, 0x00, 0x03, 0xE0, 0x00, 0x0F, 0xC0, 0x3F, 0xFF, 0xFF, 0xFF, 0xFF, 0x80, 0x3E, 0x00,
    0x00, 0xFC, 0x00, 0x0F, 0x80, 0x00, 0x3F, 0x00, 0x03, 0xE0, 0x00, 0x0F, 0xC0, 0x00, 0xF8, 0x00,
    0x03, 0xF0, 0x00, 0x3F, 0xFF, 0xFF, 0xFC, 0x00, 0x0F, 0x80, 0x00, 0x3F, 0x00, 0x03, 0xE0, 0x00,
    0x0F, 0xC0, 0x00, 0xF8, 0x00, 0x03, 0xF0, 0x00, 0x3E, 0x00, 0x00, 0xFC, 0x00, 0x0F, 0x80, 0x00,
    0x3F, 0x00, 0x03, 0xE0, 0x00, 0x0F, 0xC0, 0x00, 0xF8, 0x00, 0x03, 0xF0, 0x00, 0x3E, 0x00, 0x00,
    0xFC, 0x00, 0x1F, 0xC0, 0x00, 0x3F, 0x00, 0xFF, 0xFF, 0x83, 0xFF, 0xFE, 0x1F, 0xF0, 0x00, 0x00,
    0x00, 0x7C, 0x00, 0x00, 0x00, 0x0F, 0x00, 0x00, 0x00, 0x03, 0xC0, 0x00, 0x00, 0x3F, 0xFF, 0xF0,
    0x00, 0x00, 0x3C, 0x00, 0x00, 0x00, 0x0F, 0x00, 0x00, 0x00, 0x03, 0xC2, 0xFD, 0x00, 0x00, 0xF3,
    0x43, 0xD0, 0x00, 0x3E, 0x00, 0x3C, 0x00, 0x0F, 0x40, 0x0F, 0x00, 0x03, 0xC0, 0x03, 0xC0, 0x00,
    0xF0, 0x00, 0xF0, 0x00, 0x3C, 0x00, 0x3C, 0x00, 0x0F, 0x00, 0x0F, 0x00, 0x03, 0xC0, 0x03, 0xC0,
    0x00, 0xF0, 0x00, 0xF0, 0x00, 0x3C, 0x00, 0x3C, 0x00, 0x1F, 0x40, 0x1F, 0x40, 0x7F, 0xFC, 0x3F,
    0xFD, 0x3F, 0xFF, 0xFD, 0x00, 0x00, 0x00, 0x00, 0x00, 0x00, 0x0F, 0xFF, 0xF8, 0x00, 0x7F, 0x00,
    0x00, 0x3E, 0x00, 0x00, 0x3E, 0x00, 0x00, 0x3E, 0x00, 0x00, 0x3E, 0x00, 0x00, 0x3E, 0x00, 0x00,
    0x3E, 0x00, 0x00, 0x3E, 0x00, 0x00, 0x3E, 0x00, 0x00, 0x3E, 0x00, 0x00, 0x3E, 0x00, 0x00, 0x3E,
    0x00, 0x00, 0x3E, 0x00, 0x00, 0x3E, 0x00, 0x00, 0x3E, 0x00, 0x00, 0x3E, 0x00, 0x00, 0x3E, 0x00,
    0x00, 0x7F, 0x00, 0x0F, 0xFF, 0xF8, 0x3F, 0xFF, 0xFD, 0x00, 0x00, 0x00, 0x00, 0x00, 0x00, 0x00,
    0x00, 0x00, 0x03, 0xFC, 0x00, 0x00, 0x3C, 0x00, 0x00, 0x3C, 0x00, 0x00, 0x3C, 0x00, 0x00, 0x3C,
    0x00, 0x00, 0x3C, 0x00, 0x00, 0x3C, 0x00, 0x00, 0x3C, 0x00, 0x00, 0x3C, 0x00, 0x00, 0x3C, 0x00,
    0x00, 0x3C, 0x00, 0x00, 0x3D, 0x00, 0x03, 0xFF, 0xC0, 0x3F, 0xFF, 0xE0, 0x1F, 0xC0, 0x00, 0xF8,
    0x00, 0x0F, 0x80, 0x00, 0xF8, 0x00, 0x0F, 0x80, 0x00, 0xF8, 0x00, 0x0F, 0x80, 0x00, 0xF8, 0x00,
    0x0F, 0x80, 0x00, 0xF8, 0x00, 0x0F, 0x80, 0x00, 0xF8, 0x00, 0x0F, 0x80, 0x00, 0xF8, 0x00, 0x0F,
    0x80, 0x00, 0xF8, 0x00, 0x0F, 0x80, 0x01, 0xFC, 0x03, 0xFF, 0xFE, 0x00, 0x90, 0x00, 0x18, 0x00,
    0x03, 0x00, 0x00, 0x34, 0x00, 0x03, 0xD0, 0x80, 0x0B, 0xE0, 0x07, 0x80, 0x0F, 0xC0, 0x07, 0x80,
    0x00, 0x00, 0x00, 0x00, 0x00, 0x00, 0x3F, 0xC0, 0x03, 0xC0, 0x03, 0xC0, 0x03, 0xC0, 0x03, 0xC0,
    0x03, 0xC0, 0x03, 0xC0, 0x03, 0xC0, 0x03, 0xC0, 0x03, 0xC0, 0x03, 0xC0, 0x03, 0xD0, 0x3F, 0xFC,
    0x03, 0x40, 0x09, 0x00, 0x0C, 0x00, 0x0C, 0x00, 0x0F, 0x06, 0x02, 0xF8, 0x00, 0xF4, 0x00, 0x1F,
    0x80, 0x00, 0xF4, 0x00, 0x00, 0x00, 0x00, 0x00, 0x03, 0xFF, 0xFE, 0x01, 0xFC, 0x00, 0x0F, 0x80,
    0x00, 0xF8, 0x00, 0x0F, 0x80, 0x00, 0xF8, 0x00, 0x0F, 0x80, 0x00, 0xF8, 0x00, 0x0F, 0x80, 0x00,
    0xF8, 0x00, 0x0F, 0x80, 0x00, 0xF8, 0x00, 0x0F, 0x80, 0x00, 0xF8, 0x00, 0x0F, 0x80, 0x00, 0xF8,
    0x00, 0x0F, 0x80, 0x00, 0xF8, 0x00, 0x1F, 0xC0, 0x3F, 0xFF, 0xE0, 0x3F, 0xC0, 0x03, 0xC0, 0x03,
    0xC0, 0x03, 0xC0, 0x03, 0xC0, 0x03, 0xC0, 0x03, 0xC0, 0x03, 0xC0, 0x03, 0xC0, 0x03, 0xC0, 0x03,
    0xC0, 0x03, 0xD0, 0x3F, 0xFC, 0x00, 0x00, 0x00, 0x00, 0x00, 0x28, 0x00, 0x00, 0x2F, 0x80, 0x00,
    0x28, 0x28, 0x00, 0x18, 0x02, 0x40, 0x00, 0x00, 0x00, 0x00, 0x00, 0x00, 0x03, 0xFF, 0xFD, 0x00,
    0x02, 0xF4, 0x00, 0x00, 0x7D, 0x00, 0x00, 0x1F, 0x40, 0x00, 0x07, 0xD0, 0x00, 0x01, 0xF4, 0x00,
    0x00, 0x7D, 0x00, 0x00, 0x1F, 0x40, 0x00, 0x07, 0xD0, 0x00, 0x01, 0xF4, 0x00, 0x00, 0x7D, 0x00,
    0x00, 0x1F, 0x40, 0x00, 0x07, 0xD0, 0x00, 0x01, 0xF4, 0x00, 0x00, 0x7D, 0x07, 0xC0, 0x1F, 0x03,
    0xF4, 0x07, 0xC0, 0xBC, 0x03, 0xE0, 0x0D, 0x02, 0xF0, 0x00, 0x7F, 0xD0, 0x00, 0x00, 0x01, 0x00,
    0x00, 0x0F, 0x40, 0x00, 0x34, 0xD0, 0x00, 0xD0, 0x30, 0x01, 0x40, 0x08, 0x00, 0x00, 0x00, 0x01,
    0xFF, 0x00, 0x00, 0x0F, 0x00, 0x00, 0x0F, 0x00, 0x00, 0x0F, 0x00, 0x00, 0x0F, 0x00, 0x00, 0x0F,
    0x00, 0x00, 0x0F, 0x00, 0x00, 0x0F, 0x00, 0x00, 0x0F, 0x00, 0x00, 0x0F, 0x00, 0x00, 0x0F, 0x00,
    0x00, 0x0F, 0x00, 0x00, 0x0F, 0x00, 0x00, 0x0F, 0x00, 0x00, 0x0F, 0x00, 0x00, 0x0F, 0x00, 0x3D,
    0x0E, 0x00, 0x3D, 0x3C, 0x00, 0x0B, 0xE0, 0x00, 0x3F, 0xFF, 0xE0, 0x03, 0xFF, 0xC0, 0x1F, 0xC0,
    0x00, 0x0F, 0x80, 0x00, 0xF8, 0x00, 0x00, 0xC0, 0x00, 0x0F, 0x80, 0x00, 0x30, 0x00, 0x00, 0xF8,
    0x00, 0x0C, 0x00, 0x00, 0x0F, 0x80, 0x03, 0x00, 0x00, 0x00, 0xF8, 0x00, 0x80, 0x00, 0x00, 0x0F,
    0x80, 0x30, 0x00, 0x00, 0x00, 0xF8, 0x1F, 0x00, 0x00, 0x00, 0x0F, 0x86, 0xFC, 0x00, 0x00, 0x00,
    0xF9, 0x87, 0xD0, 0x00, 0x00, 0x0F, 0xE0, 0x2F, 0x00, 0x00, 0x00, 0xF8, 0x00, 0xFC, 0x00, 0x00,
    0x0F, 0x80, 0x07, 0xE0, 0x00, 0x00, 0xF8, 0x00, 0x2F, 0x00, 0x00, 0x0F, 0x80, 0x00, 0xFC, 0x00,
    0x00, 0xF8, 0x00, 0x07, 0xE0, 0x00, 0x0F, 0x80, 0x00, 0x2F, 0x40, 0x01, 0xFC, 0x00, 0x02, 0xFD,
    0x03, 0xFF, 0xFE, 0x00, 0xFF, 0xFD, 0x00, 0x00, 0x00, 0x00, 0x00, 0x00, 0x00, 0x00, 0x00, 0x00,
    0x00, 0x00, 0x00, 0x07, 0x40, 0x00, 0x00, 0x00, 0x00, 0x78, 0x00, 0x00, 0x00, 0x00, 0x00, 0x40,
    0x00, 0x00, 0x00, 0x00, 0x04, 0x00, 0x00, 0x00, 0x00, 0x01, 0x00, 0x00, 0x00, 0x00, 0x00, 0x10,
    0x00, 0x00, 0x3F, 0xC0, 0x00, 0x00, 0x1F, 0x00, 0x00, 0x00, 0x3C, 0x00, 0x00, 0x00, 0xF0, 0x00,
    0x00, 0x03, 0xC0, 0x00, 0x00, 0x0F, 0x00, 0x00, 0x00, 0x3C, 0x00, 0x00, 0x00, 0xF0, 0x0F, 0xFC,
    0x03, 0xC0, 0x1F, 0x40, 0x0F, 0x00, 0xA0, 0x00, 0x3C, 0x09, 0x00, 0x00, 0xF0, 0x90, 0x00, 0x03,
    0xCF, 0x80, 0x00, 0x0F, 0xCF, 0x40, 0x00, 0x3C, 0x0F, 0x00, 0x00, 0xF0, 0x1E, 0x00, 0x03, 0xC0,
    0x3D, 0x00, 0x0F, 0x00, 0x3C, 0x00, 0x3C, 0x00, 0xFC, 0x0F, 0xFF, 0x0F, 0xFF, 0x00, 0x00, 0x00,
    0x00, 0x00, 0x00, 0x00, 0x00, 0x00, 0x2C, 0x00, 0x00, 0x00, 0xB4, 0x00, 0x00, 0x00, 0x10, 0x00,
    0x00, 0x01, 0x00, 0x00, 0x00, 0x08, 0x00, 0x00, 0x00, 0x40, 0x00, 0x00, 0x0B, 0x00, 0x00, 0x00,
    0x1F, 0xC0, 0x00, 0x00, 0x3E, 0x00, 0x00, 0x00, 0x00, 0x00, 0x00, 0x00, 0x00, 0x00, 0x00, 0x00,
    0x0F, 0xFF, 0xFC, 0x00, 0x00, 0x1F, 0xC0, 0x00, 0x00, 0x03, 0xE0, 0x00, 0x00, 0x00, 0xF8, 0x00,
    0x00, 0x00, 0x3E, 0x00, 0x00, 0x00, 0x0F, 0x80, 0x00, 0x00, 0x03, 0xE0, 0x00, 0x00, 0x00, 0xF8,
    0x00, 0x00, 0x00, 0x3E, 0x00, 0x00, 0x00, 0x0F, 0x80, 0x00, 0x00, 0x03, 0xE0, 0x00, 0x00, 0x00,
    0xF8, 0x00, 0x00, 0x00, 0x3E, 0x00, 0x00, 0x00, 0x0F, 0x80, 0x00, 0x04, 0x03, 0xE0, 0x00, 0x02,
    0x00, 0xF8, 0x00, 0x01, 0xC0, 0x3E, 0x00, 0x00, 0xE0, 0x0F, 0x80, 0x00, 0x74, 0x07, 0xE0, 0x01,
    0xBD, 0x3F, 0xFF, 0xFF, 0xFF, 0x00, 0x00, 0x1B, 0x40, 0x7D, 0x00, 0x10, 0x00, 0x00, 0x00, 0x3F,
    0xC0, 0x00, 0xF0, 0x00, 0x3C, 0x00, 0x0F, 0x00, 0x03, 0xC0, 0x00, 0xF0, 0x00, 0x3C, 0x00, 0x0F,
    0x00, 0x03, 0xC0, 0x00, 0xF0, 0x00, 0x3C, 0x00, 0x0F, 0x00, 0x03, 0xC0, 0x00, 0xF0, 0x00, 0x3C,
    0x00, 0x0F, 0x00, 0x03, 0xC0, 0x00, 0xF0, 0x00, 0x3D, 0x00, 0xFF, 0xF4, 0x3F, 0xFF, 0xF0, 0x00,
    0x00, 0x7F, 0x00, 0x00, 0x00, 0x0F, 0x80, 0x00, 0x00, 0x03, 0xE0, 0x00, 0x00, 0x00, 0xF8, 0x00,
    0x00, 0x00, 0x3E, 0x00, 0x00, 0x00, 0x0F, 0x80, 0x00, 0x00, 0x03, 0xE0, 0x00, 0x00, 0x00, 0xF8,
    0x00, 0x00, 0x00, 0x3E, 0x00, 0x00, 0x00, 0x0F, 0x80, 0x00, 0x00, 0x03, 0xE0, 0x00, 0x00, 0x00,
    0xF8, 0x00, 0x00, 0x00, 0x3E, 0x00, 0x00, 0x10, 0x0F, 0x80, 0x00, 0x08, 0x03, 0xE0, 0x00, 0x07,
    0x00, 0xF8, 0x00, 0x03, 0x80, 0x3E, 0x00, 0x01, 0xD0, 0x1F, 0x80, 0x06, 0xF4, 0xFF, 0xFF, 0xFF,
    0xFC, 0x00, 0x00, 0x00, 0x00, 0x00, 0x00, 0x00, 0x00, 0x00, 0x00, 0x03, 0xC0, 0x00, 0x00, 0x00,
    0xF0, 0x00, 0x00, 0x00, 0x04, 0x00, 0x00, 0x00, 0x01, 0x00, 0x00, 0x00, 0x00, 0x40, 0x00, 0x00,
    0x00, 0x40, 0x00, 0x3F, 0xC0, 0x03, 0xC0, 0x03, 0xC0, 0x03, 0xC0, 0x03, 0xC0, 0x03, 0xC0, 0x03,
    0xC0, 0x03, 0xC0, 0x03, 0xC0, 0x03, 0xC0, 0x03, 0xC0, 0x03, 0xC0, 0x03, 0xC0, 0x03, 0xC0, 0x03,
    0xC0, 0x03, 0xC0, 0x03, 0xC0, 0x03, 0xC0, 0x03, 0xD0, 0x3F, 0xFD, 0x00, 0x00, 0x00, 0x00, 0x02,
    0xC0, 0x02, 0xD0, 0x00, 0x10, 0x00, 0x10, 0x00, 0x80, 0x00, 0x40, 0x00, 0x00, 0x00, 0x74, 0x00,
    0x00, 0x00, 0x3F, 0x00, 0x00, 0x00, 0x0F, 0xD0, 0xFF, 0xFF, 0xC0, 0x14, 0x01, 0xFC, 0x00, 0x08,
    0x00, 0x3E, 0x00, 0x06, 0x00, 0x0F, 0x80, 0x06, 0x00, 0x03, 0xE0, 0x00, 0x00, 0x00, 0xF8, 0x00,
    0x00, 0x00, 0x3E, 0x00, 0x00, 0x00, 0x0F, 0x80, 0x00, 0x00, 0x03, 0xE0, 0x00, 0x00, 0x00, 0xF8,
    0x00, 0x00, 0x00, 0x3E, 0x00, 0x00, 0x00, 0x0F, 0x80, 0x00, 0x00, 0x03, 0xE0, 0x00, 0x00, 0x00,
    0xF8, 0x00, 0x00, 0x40, 0x3E, 0x00, 0x00, 0x20, 0x0F, 0x80, 0x00, 0x1C, 0x03, 0xE0, 0x00, 0x0E,
    0x00, 0xF8, 0x00, 0x07, 0x40, 0x7E, 0x00, 0x1B, 0xD3, 0xFF, 0xFF, 0xFF, 0xF0, 0x00, 0x07, 0xD3,
    0xFC, 0x7F, 0x03, 0xC3, 0xA0, 0x3C, 0x02, 0x03, 0xC0, 0x40, 0x3C, 0x18, 0x03, 0xC1, 0x00, 0x3C,
    0x00, 0x03, 0xC0, 0x00, 0x3C, 0x00, 0x03, 0xC0, 0x00, 0x3C, 0x00, 0x03, 0xC0, 0x00, 0x3C, 0x00,
    0x03, 0xC0, 0x00, 0x3C, 0x00, 0x03, 0xC0, 0x00, 0x3C, 0x00, 0x03, 0xC0, 0x00, 0x3D, 0x00, 0x3F,
    0xFD, 0x00, 0x3F, 0xFF, 0xF0, 0x00, 0x00, 0x7F, 0x00, 0x00, 0x00, 0x0F, 0x80, 0x00, 0x00, 0x03,
    0xE0, 0x00, 0x00, 0x00, 0xF8, 0x00, 0x00, 0x00, 0x3E, 0x00, 0x00, 0x00, 0x0F, 0x80, 0x00, 0x00,
    0x03, 0xE0, 0x00, 0x00, 0x00, 0xF8, 0x03, 0xD0, 0x00, 0x3E, 0x00, 0xF8, 0x00, 0x0F, 0x80, 0x3D,
    0x00, 0x03, 0xE0, 0x00, 0x00, 0x00, 0xF8, 0x00, 0x00, 0x00, 0x3E, 0x00, 0x00, 0x10, 0x0F, 0x80,
    0x00, 0x08, 0x03, 0xE0, 0x00, 0x07, 0x00, 0xF8, 0x00, 0x03, 0x80, 0x3E, 0x00, 0x01, 0xD0, 0x1F,
    0x80, 0x06, 0xF4, 0xFF, 0xFF, 0xFF, 0xFC, 0x3F, 0xC0, 0x00, 0x0F, 0x00, 0x00, 0x3C, 0x00, 0x00,
    0xF0, 0x00, 0x03, 0xC0, 0x00, 0x0F, 0x00, 0x00, 0x3C, 0x00, 0x00, 0xF0, 0x00, 0x03, 0xC0, 0x00,
    0x0F, 0x00, 0x00, 0x3C, 0x00, 0x00, 0xF0, 0x00, 0x03, 0xC0, 0xF0, 0x0F, 0x0B, 0xD0, 0x3C, 0x0F,
    0x00, 0xF0, 0x00, 0x03, 0xC0, 0x00, 0x0F, 0x00, 0x00, 0x3D, 0x00, 0x0F, 0xFF, 0x40, 0x3F, 0xFF,
    0xF0, 0x00, 0x00, 0x7F, 0x00, 0x00, 0x00, 0x0F, 0x80, 0x00, 0x00, 0x03, 0xE0, 0x00, 0x00, 0x00,
    0xF8, 0x04, 0x00, 0x00, 0x3E, 0x0B, 0x00, 0x00, 0x0F, 0x8A, 0x00, 0x00, 0x03, 0xED, 0x00, 0x00,
    0x00, 0xFD, 0x00, 0x00, 0x00, 0x3E, 0x00, 0x00, 0x00, 0x2F, 0x80, 0x00, 0x00, 0x2B, 0xE0, 0x00,
    0x00, 0x14, 0xF8, 0x00, 0x00, 0x00, 0x3E, 0x00, 0x00, 0x10, 0x0F, 0x80, 0x00, 0x0C, 0x03, 0xE0,
    0x00, 0x07, 0x00, 0xF8, 0x00, 0x03, 0x80, 0x3E, 0x00, 0x01, 0xD0, 0x1F, 0x80, 0x06, 0xF4, 0xFF,
    0xFF, 0xFF, 0xFC, 0x7F, 0xC0, 0x07, 0xC0, 0x03, 0xC0, 0x03, 0xC0, 0x03, 0xC0, 0x03, 0xC0, 0x03,
    0xC0, 0x03, 0xDC, 0x03, 0xF0, 0x03, 0xC0, 0x0B, 0xC0, 0x37, 0xC0, 0x03, 0xC0, 0x03, 0xC0, 0x03,
    0xC0, 0x03, 0xC0, 0x03, 0xC0, 0x03, 0xC0, 0x07, 0xC0, 0x7F, 0xFC, 0x00, 0x00, 0x00, 0xF0, 0x00,
    0x00, 0x00, 0x02, 0xFC, 0x00, 0x00, 0x00, 0x07, 0x90, 0x00, 0x00, 0x00, 0x00, 0x00, 0x00, 0x00,
    0x00, 0x00, 0x00, 0x00, 0x00, 0x0F, 0xFF, 0x00, 0x03, 0xFF, 0xF0, 0x0F, 0xD0, 0x00, 0x0B, 0x80,
    0x03, 0xBC, 0x00, 0x00, 0xC0, 0x00, 0xCF, 0xC0, 0x00, 0x30, 0x00, 0x31, 0xF8, 0x00, 0x0C, 0x00,
    0x0C, 0x2F, 0x00, 0x03, 0x00, 0x03, 0x03, 0xF0, 0x00, 0xC0, 0x00, 0xC0, 0x7E, 0x00, 0x30, 0x00,
    0x30, 0x0B, 0xC0, 0x0C, 0x00, 0x0C, 0x00, 0xFC, 0x03, 0x00, 0x03, 0x00, 0x1F, 0x80, 0xC0, 0x00,
    0xC0, 0x02, 0xF4, 0x30, 0x00, 0x30, 0x00, 0x3F, 0x0C, 0x00, 0x0C, 0x00, 0x07, 0xE3, 0x00, 0x03,
    0x00, 0x00, 0xBD, 0xC0, 0x00, 0xC0, 0x00, 0x0F, 0xF0, 0x00, 0x30, 0x00, 0x00, 0xFC, 0x00, 0x0C,
    0x00, 0x00, 0x2F, 0x00, 0x0B, 0x80, 0x00, 0x03, 0xC0, 0x3F, 0xFE, 0x00, 0x00, 0x20, 0x00, 0x00,
    0x00, 0x08, 0x00, 0x00, 0x00, 0x3E, 0x00, 0x00, 0x00, 0xF8, 0x00, 0x00, 0x03, 0xD0, 0x00, 0x00,
    0x05, 0x00, 0x00, 0x00, 0x00, 0x00, 0x00, 0x3F, 0xC2, 0xFE, 0x00, 0x03, 0xCD, 0x0B, 0x80, 0x03,
    0xE0, 0x03, 0xC0, 0x03, 0xE0, 0x03, 0xC0, 0x03, 0xD0, 0x03, 0xC0, 0x03, 0xC0, 0x03, 0xC0, 0x03,
    0xC0, 0x03, 0xD0, 0x03, 0xC0, 0x03, 0xD0, 0x03, 0xC0, 0x03, 0xD0, 0x03, 0xC0, 0x03, 0xD0, 0x03,
    0xC0, 0x03, 0xD0, 0x03, 0xD0, 0x03, 0xD0, 0x3F, 0xFD, 0x3F, 0xFE, 0x3F, 0xFC, 0x00, 0x0F, 0xFF,
    0xC0, 0x3F, 0x40, 0x00, 0x2E, 0x00, 0x0E, 0xF0, 0x00, 0x03, 0x00, 0x03, 0x3F, 0x00, 0x00, 0xC0,
    0x00, 0xC7, 0xE0, 0x00, 0x30, 0x00, 0x30, 0xBC, 0x00, 0x0C, 0x00, 0x0C, 0x0F, 0xC0, 0x03, 0x00,
    0x03, 0x01, 0xF8, 0x00, 0xC0, 0x00, 0xC0, 0x2F, 0x00, 0x30, 0x00, 0x30, 0x03, 0xF0, 0x0C, 0x00,
    0x0C, 0x00, 0x7E, 0x03, 0x00, 0x03, 0x00, 0x0B, 0xD0, 0xC0, 0x00, 0xC0, 0x00, 0xFC, 0x30, 0x00,
    0x30, 0x00, 0x1F, 0x8C, 0x00, 0x0C, 0x00, 0x02, 0xF7, 0x00, 0x03, 0x00, 0x00, 0x3F, 0xC0, 0x00,
    0xC0, 0x00, 0x03, 0xF0, 0x00, 0x30, 0x00, 0x00, 0xBC, 0x00, 0x2E, 0x00, 0x00, 0x0F, 0x00, 0xFF,
    0xF8, 0x00, 0x00, 0x80, 0x00, 0x00, 0x00, 0x00, 0x00, 0x00, 0x00, 0x00, 0x00, 0x00, 0x00, 0x00,
    0x00, 0xB0, 0x00, 0x00, 0x00, 0x00, 0x2E, 0x00, 0x00, 0x00, 0x00, 0x00, 0x40, 0x00, 0x00, 0x00,
    0x00, 0x10, 0x00, 0x00, 0x00, 0x00, 0x10, 0x00, 0x00, 0x00, 0x00, 0x04, 0x00, 0x00, 0x3F, 0xC2,
    0xFE, 0x00, 0x03, 0xCD, 0x0B, 0x80, 0x03, 0xE0, 0x03, 0xC0, 0x03, 0xE0, 0x03, 0xC0, 0x03, 0xD0,
    0x03, 0xC0, 0x03, 0xC0, 0x03, 0xD0, 0x03, 0xC0, 0x03, 0xD0, 0x03, 0xC0, 0x03, 0xD0, 0x03, 0xC0,
    0x03, 0xD0, 0x03, 0xC0, 0x03, 0xD0, 0x03, 0xC0, 0x03, 0xD0, 0x03, 0xD0, 0x03, 0xD0, 0x3F, 0xFD,
    0x3F, 0xFE, 0x00, 0x00, 0x00, 0x00, 0x00, 0x00, 0x00, 0x00, 0x00, 0x01, 0xD0, 0x00, 0x00, 0x01,
    0xE0, 0x00, 0x00, 0x00, 0x10, 0x00, 0x00, 0x00, 0x10, 0x00, 0x00, 0x00, 0x40, 0x00, 0x00, 0x00,
    0x40, 0x00, 0x00, 0x05, 0x00, 0x00, 0x00, 0x00, 0x00, 0x60, 0x06, 0x00, 0x00, 0x00, 0x02, 0x1D,
    0x00, 0x00, 0x00, 0x00, 0x3C, 0x00, 0x00, 0x00, 0x00, 0x00, 0x00, 0x00, 0x00, 0x00, 0x00, 0x00,
    0x00, 0x00, 0x00, 0x00, 0x00, 0x00, 0x00, 0xFF, 0xF0, 0x00, 0x3F, 0xFF, 0x00, 0xFD, 0x00, 0x00,
    0xB8, 0x00, 0x3B, 0xC0, 0x00, 0x0C, 0x00, 0x0C, 0xFC, 0x00, 0x03, 0x00, 0x03, 0x1F, 0x80, 0x00,
    0xC0, 0x00, 0xC2, 0xF0, 0x00, 0x30, 0x00, 0x30, 0x3F, 0x00, 0x0C, 0x00, 0x0C, 0x07, 0xE0, 0x03,
    0x00, 0x03, 0x00, 0xBC, 0x00, 0xC0, 0x00, 0xC0, 0x0F, 0xC0, 0x30, 0x00, 0x30, 0x01, 0xF8, 0x0C,
    0x00, 0x0C, 0x00, 0x2F, 0x43, 0x00, 0x03, 0x00, 0x03, 0xF0, 0xC0, 0x00, 0xC0, 0x00, 0x7E, 0x30,
    0x00, 0x30, 0x00, 0x0B, 0xDC, 0x00, 0x0C, 0x00, 0x00, 0xFF, 0x00, 0x03, 0x00, 0x00, 0x0F, 0xC0,
    0x00, 0xC0, 0x00, 0x02, 0xF0, 0x00, 0xB8, 0x00, 0x00, 0x3C, 0x03, 0xFF, 0xE0, 0x00, 0x02, 0x00,
    0x01, 0x00, 0x04, 0x00, 0x02, 0x80, 0x28, 0x00, 0x00, 0xB5, 0xE0, 0x00, 0x00, 0x1F, 0x80, 0x00,
    0x00, 0x06, 0x00, 0x00, 0x00, 0x00, 0x00, 0x00, 0x3F, 0xC2, 0xFE, 0x00, 0x03, 0xCD, 0x0B, 0x80,
    0x03, 0xE0, 0x03, 0xC0, 0x03, 0xE0, 0x03, 0xC0, 0x03, 0xD0, 0x03, 0xC0, 0x03, 0xC0, 0x03, 0xC0,
    0x03, 0xC0, 0x03, 0xD0, 0x03, 0xC0, 0x03, 0xD0, 0x03, 0xC0, 0x03, 0xD0, 0x03, 0xC0, 0x03, 0xD0,
    0x03, 0xC0, 0x03, 0xD0, 0x03, 0xD0, 0x03, 0xD0, 0x3F, 0xFD, 0x3F, 0xFE, 0x00, 0x00, 0x1B, 0x07,
    0xC0, 0x00, 0x01, 0xFF, 0xBF, 0xC0, 0x00, 0x07, 0x92, 0xE4, 0x00, 0x00, 0x00, 0x00, 0x00, 0x00,
    0x00, 0x00, 0x00, 0x00, 0x00, 0x00, 0x02, 0xFF, 0x90, 0x00, 0x00, 0x2F, 0x40, 0x7D, 0x00, 0x00,
    0xF4, 0x00, 0x0F, 0x80, 0x03, 0xD0, 0x00, 0x03, 0xE0, 0x0F, 0xC0, 0x00, 0x00, 0xF4, 0x1F, 0x40,
    0x00, 0x00, 0xFC, 0x3F, 0x00, 0x00, 0x00, 0x7D, 0x3F, 0x00, 0x00, 0x00, 0x7E, 0x3E, 0x00, 0x00,
    0x00, 0x3F, 0x7E, 0x00, 0x00, 0x00, 0x3F, 0x7E, 0x00, 0x00, 0x00, 0x3F, 0x7E, 0x00, 0x00, 0x00,
    0x3F, 0x3F, 0x00, 0x00, 0x00, 0x7E, 0x3F, 0x00, 0x00, 0x00, 0xBD, 0x1F, 0x40, 0x00, 0x00, 0xFC,
    0x0F, 0xC0, 0x00, 0x01, 0xF4, 0x03, 0xE0, 0x00, 0x03, 0xE0, 0x00, 0xF8, 0x00, 0x0F, 0x80, 0x00,
    0x2F, 0x40, 0xBD, 0x00, 0x00, 0x02, 0xFF, 0x90, 0x00, 0x00, 0x01, 0x40, 0x50, 0x00, 0x7C, 0x2F,
    0x00, 0x1F, 0x4B, 0xC0, 0x07, 0x82, 0xD0, 0x00, 0x80, 0x20, 0x00, 0x00, 0x00, 0x00, 0x00, 0x6F,
    0xE0, 0x00, 0x2D, 0x02, 0xD0, 0x0B, 0x00, 0x0B, 0x01, 0xE0, 0x00, 0x3C, 0x3D, 0x00, 0x03, 0xD3,
    0xD0, 0x00, 0x3E, 0x3C, 0x00, 0x03, 0xE3, 0xD0, 0x00, 0x3E, 0x3D, 0x00, 0x03, 0xD1, 0xE0, 0x00,
    0x3C, 0x0F, 0x00, 0x0B, 0x40, 0x2D, 0x02, 0xD0, 0x00, 0x6F, 0xE0, 0x00, 0x00, 0x07, 0xFF, 0xFF,
    0xFF, 0xFF, 0xC0, 0x02, 0xF4, 0x07, 0xF4, 0x00, 0x1F, 0x00, 0x2F, 0x00, 0x0B, 0xC0, 0x00, 0x0D,
    0x03, 0xF0, 0x00, 0x1F, 0x00, 0x00, 0x24, 0x2F, 0x00, 0x00, 0x3C, 0x00, 0x00, 0x60, 0xF8, 0x00,
    0x00, 0xF0, 0x00, 0x00, 0x87, 0xD0, 0x00, 0x03, 0xC0, 0x02, 0x41, 0x2F, 0x00, 0x00, 0x0F, 0x00,
    0x09, 0x00, 0xFC, 0x00, 0x00, 0x3C, 0x00, 0x74, 0x03, 0xF0, 0x00, 0x00, 0xFF, 0xFF, 0xD0, 0x0F,
    0xC0, 0x00, 0x03, 0xC0, 0x07, 0x40, 0x3F, 0x00, 0x00, 0x0F, 0x00, 0x09, 0x00, 0xBD, 0x00, 0x00,
    0x3C, 0x00, 0x24, 0x01, 0xF8, 0x00, 0x00, 0xF0, 0x00, 0x00, 0x53, 0xF0, 0x00, 0x03, 0xC0, 0x00,
    0x02, 0x4B, 0xD0, 0x00, 0x0F, 0x00, 0x00, 0x0D, 0x0B, 0xC0, 0x00, 0x7C, 0x00, 0x00, 0x30, 0x0B,
    0xC0, 0x02, 0xF0, 0x00, 0x03, 0xC0, 0x0B, 0xE0, 0x1F, 0xD0, 0x00, 0x7E, 0x00, 0x01, 0xFF, 0xFF,
    0xFF, 0xFF, 0xF4, 0x00, 0x00, 0x00, 0x00, 0x00, 0x00, 0x07, 0xFD, 0x00, 0x7F, 0x90, 0x03, 0xD0,
    0x7C, 0x3D, 0x0B, 0x40, 0xF0, 0x00, 0xEB, 0x00, 0x3C, 0x2E, 0x00, 0x07, 0xD0, 0x01, 0xE3, 0xC0,
    0x00, 0x3C, 0x00, 0x1E, 0x3C, 0x00, 0x03, 0xFF, 0xFF, 0xE3, 0xC0, 0x00, 0x3C, 0x00, 0x00, 0x3C,
    0x00, 0x03, 0xC0, 0x00, 0x03, 0xD0, 0x00, 0x3D, 0x00, 0x00, 0x1E, 0x00, 0x0B, 0xE0, 0x00, 0x20,
    0xB0, 0x00, 0xE7, 0x40, 0x08, 0x03, 0xD0, 0x78, 0x2E, 0x02, 0x80, 0x07, 0xF9, 0x00, 0x6F, 0xD0,
    0x00, 0x00, 0x03, 0xC0, 0x00, 0x00, 0x00, 0x0B, 0xF0, 0x00, 0x00, 0x00, 0x1E, 0x40, 0x00, 0x00,
    0x00, 0x00, 0x00, 0x00, 0x00, 0x00, 0x00, 0x00, 0x00, 0x00, 0x3F, 0xFF, 0xFF, 0x90, 0x00, 0x00,
    0x7E, 0x00, 0x1F, 0x40, 0x00, 0x0F, 0x80, 0x00, 0xF8, 0x00, 0x03, 0xE0, 0x00, 0x2F, 0x40, 0x00,
    0xF8, 0x00, 0x07, 0xE0, 0x00, 0x3E, 0x00, 0x01, 0xF8, 0x00, 0x0F, 0x80, 0x00, 0xBD, 0x00, 0x03,
    0xE0, 0x00, 0x3E, 0x00, 0x00, 0xF8, 0x00, 0x7D, 0x00, 0x00, 0x3F, 0xFF, 0xF4, 0x00, 0x00, 0x0F,
    0x80, 0x1F, 0x40, 0x00, 0x03, 0xE0, 0x00, 0xF4, 0x00, 0x00, 0xF8, 0x00, 0x2F, 0x00, 0x00, 0x3E,
    0x00, 0x07, 0xC0, 0x00, 0x0F, 0x80, 0x01, 0xF4, 0x00, 0x03, 0xE0, 0x00, 0x7E, 0x00, 0x00, 0xF8,
    0x00, 0x1F, 0x80, 0x00, 0x3E, 0x00, 0x03, 0xF0, 0x20, 0x1F, 0xC0, 0x00, 0xBD, 0x1C, 0xFF, 0xFF,
    0x40, 0x06, 0xFC, 0x00, 0x00, 0x00, 0x80, 0x00, 0x0F, 0x80, 0x00, 0xF8, 0x00, 0x0F, 0x00, 0x00,
    0x50, 0x00, 0x00, 0x00, 0x03, 0xFC, 0x7E, 0x01, 0xF7, 0x2D, 0x03, 0xF0, 0xB4, 0x0F, 0x80, 0x00,
    0x3C, 0x00, 0x00, 0xF0, 0x00, 0x03, 0xC0, 0x00, 0x0F, 0x00, 0x00, 0x3C, 0x00, 0x00, 0xF0, 0x00,
    0x03, 0xC0, 0x00, 0x0F, 0x40, 0x03, 0xFF, 0xF0, 0x00, 0x00, 0x80, 0x00, 0x00, 0x00, 0x00, 0x08,
    0x00, 0x90, 0x00, 0x00, 0x00, 0x92, 0x80, 0x00, 0x00, 0x00, 0x0B, 0x40, 0x00, 0x00, 0x00, 0x00,
    0x00, 0x00, 0x00, 0x00, 0x00, 0x00, 0x00, 0x00, 0x00, 0x00, 0x00, 0x00, 0x00, 0x03, 0xFF, 0xFF,
    0xF9, 0x00, 0x00, 0x07, 0xE0, 0x01, 0xF4, 0x00, 0x00, 0xF8, 0x00, 0x0F, 0x80, 0x00, 0x3E, 0x00,
    0x02, 0xF4, 0x00, 0x0F, 0x80, 0x00, 0x7E, 0x00, 0x03, 0xE0, 0x00, 0x1F, 0x80, 0x00, 0xF8, 0x00,
    0x0B, 0xD0, 0x00, 0x3E, 0x00, 0x03, 0xE0, 0x00, 0x0F, 0x80, 0x07, 0xD0, 0x00, 0x03, 0xFF, 0xFF,
    0x40, 0x00, 0x00, 0xF8, 0x01, 0xF4, 0x00, 0x00, 0x3E, 0x00, 0x0F, 0x40, 0x00, 0x0F, 0x80, 0x02,
    0xF0, 0x00, 0x03, 0xE0, 0x00, 0x7C, 0x00, 0x00, 0xF8, 0x00, 0x1F, 0x40, 0x00, 0x3E, 0x00, 0x07,
    0xE0, 0x00, 0x0F, 0x80, 0x01, 0xF8, 0x00, 0x03, 0xE0, 0x00, 0x3F, 0x02, 0x01, 0xFC, 0x00, 0x0B,
    0xD1, 0xCF, 0xFF, 0xF4, 0x00, 0x6F, 0xC0, 0x04, 0x00, 0x04, 0x1C, 0x02, 0x80, 0x1D, 0x78, 0x00,
    0x1F, 0x80, 0x00, 0x18, 0x00, 0x00, 0x00, 0x03, 0xFC, 0x7E, 0x01, 0xF7, 0x2D, 0x03, 0xF0, 0xB4,
    0x0F, 0x80, 0x00, 0x3C, 0x00, 0x00, 0xF0, 0x00, 0x03, 0xC0, 0x00, 0x0F, 0x00, 0x00, 0x3C, 0x00,
    0x00, 0xF0, 0x00, 0x03, 0xC0, 0x00, 0x0F, 0x40, 0x03, 0xFF, 0xF0, 0x00, 0x00, 0x01, 0xE0, 0x00,
    0x00, 0xBE, 0x00, 0x00, 0x7D, 0x00, 0x00, 0x04, 0x00, 0x00, 0x00, 0x00, 0x00, 0x00, 0x1B, 0xF8,
    0x08, 0x0B, 0x40, 0x76, 0x81, 0xC0, 0x00, 0xF8, 0x38, 0x00, 0x03, 0x87, 0x80, 0x00, 0x28, 0x78,
    0x00, 0x01, 0x87, 0xD0, 0x00, 0x08, 0x3F, 0x80, 0x00, 0x01, 0xFF, 0xE4, 0x00, 0x07, 0xFF, 0xFC,
    0x00, 0x07, 0xFF, 0xF0, 0x00, 0x01, 0xBF, 0xC0, 0x00, 0x00, 0xBC, 0x50, 0x00, 0x03, 0xD5, 0x00,
    0x00, 0x2D, 0x70, 0x00, 0x01, 0xD7, 0x40, 0x00, 0x2C, 0x7C, 0x00, 0x03, 0x47, 0x39, 0x01, 0xE0,
    0x50, 0x6F, 0xE4, 0x00, 0x00, 0x01, 0x80, 0x00, 0x1F, 0x00, 0x01, 0xF4, 0x00, 0x1E, 0x00, 0x00,
    0x80, 0x00, 0x00, 0x00, 0x00, 0x6F, 0xD2, 0x07, 0x40, 0x7C, 0x38, 0x00, 0x70, 0xE0, 0x00, 0x83,
    0xE0, 0x00, 0x07, 0xFE, 0x40, 0x07, 0xFF, 0xD0, 0x00, 0x5F, 0xC3, 0x00, 0x0B, 0x4C, 0x00, 0x0D,
    0x38, 0x00, 0x30, 0xE8, 0x07, 0x82, 0x0B, 0xF4, 0x00, 0x00, 0x00, 0x00, 0x00, 0x01, 0xC0, 0x00,
    0x00, 0x7B, 0x00, 0x00, 0x1C, 0x1C, 0x00, 0x03, 0x00, 0x60, 0x00, 0x00, 0x00, 0x00, 0x00, 0x00,
    0x00, 0x00, 0x1B, 0xF8, 0x08, 0x0B, 0x40, 0x76, 0x81, 0xC0, 0x00, 0xF8, 0x38, 0x00, 0x03, 0x87,
    0x80, 0x00, 0x28, 0x78, 0x00, 0x01, 0x87, 0xD0, 0x00, 0x08, 0x3F, 0x80, 0x00, 0x01, 0xFF, 0xE4,
    0x00, 0x07, 0xFF, 0xFC, 0x00, 0x07, 0xFF, 0xF0, 0x00, 0x01, 0xBF, 0xC0, 0x00, 0x00, 0xBC, 0x50,
    0x00, 0x03, 0xD5, 0x00, 0x00, 0x2D, 0x70, 0x00, 0x01, 0xD7, 0x40, 0x00, 0x2C, 0x7C, 0x00, 0x03,
    0x47, 0x39, 0x01, 0xE0, 0x50, 0x6F, 0xE4, 0x00, 0x00, 0x20, 0x00, 0x02, 0xF0, 0x00, 0x18, 0xA0,
    0x01, 0x80, 0xA0, 0x08, 0x00, 0x80, 0x00, 0x00, 0x00, 0x2F, 0xD2, 0x03, 0x40, 0x78, 0x34, 0x00,
    0x60, 0xE0, 0x00, 0x83, 0xE0, 0x00, 0x07, 0xFE, 0x40, 0x02, 0xFF, 0xD0, 0x00, 0x1B, 0xC2, 0x00,
    0x07, 0x4C, 0x00, 0x0D, 0x38, 0x00, 0x30, 0xE8, 0x07, 0x82, 0x1F, 0xF4, 0x00, 0x01, 0xBF, 0x80,
    0x80, 0xB4, 0x07, 0x68, 0x1C, 0x00, 0x0F, 0x83, 0x80, 0x00, 0x38, 0x78, 0x00, 0x02, 0x87, 0x80,
    0x00, 0x18, 0x7D, 0x00, 0x00, 0x83, 0xF8, 0x00, 0x00, 0x1F, 0xFE, 0x40, 0x00, 0x7F, 0xFF, 0x80,
    0x00, 0x7F, 0xFF, 0x00, 0x00, 0x1B, 0xF8, 0x00, 0x00, 0x0B, 0xC0, 0x00, 0x00, 0x3D, 0x50, 0x00,
    0x02, 0xD6, 0x00, 0x00, 0x1D, 0x70, 0x00, 0x02, 0xC7, 0xC0, 0x00, 0x34, 0x77, 0x40, 0x0E, 0x05,
    0x06, 0xFE, 0x40, 0x00, 0x03, 0xC0, 0x00, 0x00, 0x2E, 0x00, 0x00, 0x00, 0x3C, 0x00, 0x00, 0x03,
    0xC0, 0x00, 0x00, 0xBC, 0x00, 0x0B, 0xF9, 0x00, 0x06, 0xFD, 0x20, 0x74, 0x07, 0xC3, 0x40, 0x07,
    0x0E, 0x00, 0x08, 0x3E, 0x00, 0x10, 0x7F, 0xF4, 0x00, 0x7F, 0xFC, 0x00, 0x05, 0xFC, 0x20, 0x00,
    0xB4, 0xC0, 0x00, 0xD3, 0x40, 0x03, 0x4F, 0x40, 0x2C, 0x31, 0xAB, 0x80, 0x01, 0xE0, 0x00, 0x03,
    0xD0, 0x00, 0x01, 0xF0, 0x00, 0x03, 0xC0, 0x00, 0x2F, 0x00, 0xBF, 0x90, 0x00, 0x02, 0x00, 0x00,
    0x00, 0x2C, 0x01, 0x80, 0x00, 0xB4, 0xE0, 0x00, 0x01, 0xF4, 0x00, 0x00, 0x00, 0x00, 0x00, 0x00,
    0x00, 0x00, 0x00, 0x00, 0x00, 0x00, 0x1B, 0xF8, 0x08, 0x0B, 0x40, 0x76, 0x81, 0xC0, 0x00, 0xF8,
    0x38, 0x00, 0x03, 0x87, 0x80, 0x00, 0x28, 0x78, 0x00, 0x01, 0x87, 0xD0, 0x00, 0x08, 0x3F, 0x80,
    0x00, 0x01, 0xFF, 0xE4, 0x00, 0x07, 0xFF, 0xFC, 0x00, 0x07, 0xFF, 0xF0, 0x00, 0x01, 0xBF, 0xC0,
    0x00, 0x00, 0xBC, 0x50, 0x00, 0x03, 0xD5, 0x00, 0x00, 0x2D, 0x70, 0x00, 0x01, 0xD7, 0x40, 0x00,
    0x2C, 0x7C, 0x00, 0x03, 0x47, 0x39, 0x01, 0xE0, 0x50, 0x6F, 0xE4, 0x00, 0x10, 0x00, 0x10, 0x74,
    0x07, 0x00, 0x78, 0xF0, 0x00, 0x3F, 0x00, 0x00, 0x20, 0x00, 0x00, 0x00, 0x00, 0x6F, 0xD2, 0x07,
    0x40, 0x7C, 0x38, 0x00, 0x70, 0xD0, 0x00, 0x83, 0xD0, 0x00, 0x07, 0xFA, 0x40, 0x07, 0xFF, 0xC0,
    0x00, 0x6F, 0xC3, 0x00, 0x0B, 0x4C, 0x00, 0x0D, 0x38, 0x00, 0x30, 0xE8, 0x07, 0x82, 0x0B, 0xF4,
    0x00, 0x7F, 0xFF, 0xFF, 0xFF, 0xF6, 0xE4, 0x03, 0xF0, 0x06, 0xDA, 0x00, 0x0F, 0x80, 0x03, 0x64,
    0x00, 0x3E, 0x00, 0x06, 0xC0, 0x00, 0xF8, 0x00, 0x0A, 0x00, 0x03, 0xE0, 0x00, 0x28, 0x00, 0x0F,
    0x80, 0x00, 0x80, 0x00, 0x3E, 0x00, 0x00, 0x00, 0x00, 0xF8, 0x00, 0x00, 0x00, 0x03, 0xE0, 0x00,
    0x00, 0x00, 0x0F, 0x80, 0x00, 0x00, 0x00, 0x3E, 0x00, 0x00, 0x00, 0x00, 0xF8, 0x00, 0x00, 0x00,
    0x03, 0xE0, 0x00, 0x00, 0x00, 0x0F, 0x80, 0x00, 0x00, 0x00, 0x3E, 0x00, 0x00, 0x00, 0x00, 0xF8,
    0x00, 0x00, 0x00, 0x03, 0xF0, 0x00, 0x00, 0x00, 0x1F, 0xD0, 0x00, 0x00, 0x3F, 0xFF, 0xFF, 0x00,
    0x00, 0x00, 0xB4, 0x00, 0x00, 0x00, 0x02, 0xE0, 0x00, 0x00, 0x00, 0x00, 0xB4, 0x00, 0x00, 0x00,
    0x00, 0xF0, 0x00, 0x00, 0x00, 0x1B, 0x80, 0x00, 0x00, 0x3F, 0xE4, 0x00, 0x00, 0x00, 0xC0, 0x00,
    0x03, 0x00, 0x00, 0x0C, 0x00, 0x00, 0xB0, 0x00, 0x0B, 0xC0, 0x01, 0xFF, 0xFF, 0x00, 0x3C, 0x00,
    0x00, 0xF0, 0x00, 0x03, 0xC0, 0x00, 0x0F, 0x00, 0x00, 0x3C, 0x00, 0x00, 0xF0, 0x00, 0x03, 0xC0,
    0x10, 0x0F, 0x00, 0x80, 0x3C, 0x02, 0x00, 0xF0, 0x14, 0x01, 0xE0, 0x80, 0x01, 0xFD, 0x00, 0x00,
    0xF0, 0x00, 0x03, 0xE0, 0x00, 0x00, 0xF0, 0x00, 0x02, 0xD0, 0x00, 0x1F, 0x00, 0x7F, 0xE0, 0x00,
    0x20, 0x00, 0x00, 0x00, 0x00, 0x34, 0x02, 0x40, 0x00, 0x00, 0x38, 0xB0, 0x00, 0x00, 0x00, 0x2E,
    0x00, 0x00, 0x00, 0x00, 0x00, 0x00, 0x00, 0x00, 0x00, 0x00, 0x00, 0x00, 0x00, 0x00, 0x00, 0x00,
    0x1F, 0xFF, 0xFF, 0xFF, 0xFD, 0xB8, 0x00, 0xFC, 0x01, 0xB6, 0x80, 0x03, 0xE0, 0x00, 0xE9, 0x00,
    0x0F, 0x80, 0x01, 0xB0, 0x00, 0x3E, 0x00, 0x02, 0x80, 0x00, 0xF8, 0x00, 0x0A, 0x00, 0x03, 0xE0,
    0x00, 0x20, 0x00, 0x0F, 0x80, 0x00, 0x00, 0x00, 0x3E, 0x00, 0x00, 0x00, 0x00, 0xF8, 0x00, 0x00,
    0x00, 0x03, 0xE0, 0x00, 0x00, 0x00, 0x0F, 0x80, 0x00, 0x00, 0x00, 0x3E, 0x00, 0x00, 0x00, 0x00,
    0xF8, 0x00, 0x00, 0x00, 0x03, 0xE0, 0x00, 0x00, 0x00, 0x0F, 0x80, 0x00, 0x00, 0x00, 0x3E, 0x00,
    0x00, 0x00, 0x00, 0xF8, 0x00, 0x00, 0x00, 0x07, 0xF0, 0x00, 0x00, 0x0F, 0xFF, 0xFF, 0xC0, 0x00,
    0x00, 0x00, 0xF4, 0x00, 0x01, 0xFC, 0x00, 0x00, 0xFC, 0x00, 0xC0, 0x08, 0x00, 0xC0, 0x04, 0x00,
    0xC0, 0x60, 0x02, 0xC0, 0x40, 0x0B, 0xC0, 0x00, 0x7F, 0xFF, 0xC0, 0x03, 0xC0, 0x00, 0x03, 0xC0,
    0x00, 0x03, 0xC0, 0x00, 0x03, 0xC0, 0x00, 0x03, 0xC0, 0x00, 0x03, 0xC0, 0x00, 0x03, 0xC0, 0x10,
    0x03, 0xC0, 0x20, 0x03, 0xC0, 0x20, 0x03, 0xC0, 0x50, 0x01, 0xE0, 0xC0, 0x00, 0x7F, 0x00, 0x00,
    0x3F, 0xFF, 0xFF, 0x40, 0x00, 0x00, 0x00, 0x00, 0x00, 0x00, 0x00, 0x00, 0x00, 0x00, 0x00, 0x00,
    0x00, 0x00, 0x00, 0x00, 0x3F, 0xFF, 0xE0, 0x0F, 0xFF, 0xC0, 0x7F, 0x00, 0x00, 0x2D, 0x00, 0x0F,
    0x80, 0x00, 0x03, 0x00, 0x03, 0xE0, 0x00, 0x00, 0xC0, 0x00, 0xF8, 0x00, 0x00, 0x30, 0x00, 0x3E,
    0x00, 0x00, 0x0C, 0x00, 0x0F, 0x80, 0x00, 0x03, 0x00, 0x03, 0xE0, 0x00, 0x00, 0xC0, 0x00, 0xF8,
    0x00, 0x00, 0x30, 0x00, 0x3E, 0x00, 0x00, 0x0C, 0x00, 0x0F, 0x80, 0x00, 0x03, 0x00, 0x03, 0xE0,
    0x00, 0x00, 0xC0, 0x00, 0xF8, 0x00, 0x00, 0x30, 0x00, 0x3E, 0x00, 0x00, 0x08, 0x00, 0x0F, 0x80,
    0x00, 0x06, 0x00, 0x02, 0xF0, 0x00, 0x02, 0x40, 0x00, 0x3D, 0x00, 0x00, 0xC0, 0x00, 0x07, 0xC0,
    0x00, 0xC0, 0x00, 0x00, 0x7D, 0x02, 0xD0, 0x00, 0x00, 0x01, 0xFF, 0x80, 0x00, 0x03, 0xFF, 0xFF,
    0xD0, 0x00, 0x00, 0x00, 0x00, 0x00, 0x00, 0x00, 0x00, 0x00, 0x00, 0x00, 0x00, 0x3F, 0xC0, 0x3F,
    0xD0, 0x03, 0xC0, 0x03, 0xD0, 0x03, 0xC0, 0x03, 0xD0, 0x03, 0xC0, 0x03, 0xD0, 0x03, 0xC0, 0x03,
    0xD0, 0x03, 0xC0, 0x03, 0xD0, 0x03, 0xC0, 0x03, 0xD0, 0x03, 0xC0, 0x03, 0xD0, 0x03, 0xC0, 0x03,
    0xD0, 0x03, 0xC0, 0x03, 0xD0, 0x02, 0xD0, 0x0B, 0xD0, 0x00, 0xF0, 0x2A, 0xE0, 0x00, 0x2F, 0xE2,
    0xFE, 0x00, 0x05, 0x00, 0x08, 0x00, 0x00, 0x00, 0x80, 0x03, 0x00, 0x00, 0x00, 0x29, 0x07, 0x40,
    0x00, 0x00, 0x01, 0xFE, 0x00, 0x00, 0x00, 0x00, 0x00, 0x00, 0x00, 0x00, 0x00, 0x00, 0x00, 0x00,
    0x03, 0xFF, 0xFE, 0x00, 0xFF, 0xFC, 0x07, 0xF0, 0x00, 0x02, 0xD0, 0x00, 0xF8, 0x00, 0x00, 0x30,
    0x00, 0x3E, 0x00, 0x00, 0x0C, 0x00, 0x0F, 0x80, 0x00, 0x03, 0x00, 0x03, 0xE0, 0x00, 0x00, 0xC0,
    0x00, 0xF8, 0x00, 0x00, 0x30, 0x00, 0x3E, 0x00, 0x00, 0x0C, 0x00, 0x0F, 0x80, 0x00, 0x03, 0x00,
    0x03, 0xE0, 0x00, 0x00, 0xC0, 0x00, 0xF8, 0x00, 0x00, 0x30, 0x00, 0x3E, 0x00, 0x00, 0x0C, 0x00,
    0x0F, 0x80, 0x00, 0x03, 0x00, 0x03, 0xE0, 0x00, 0x00, 0x80, 0x00, 0xF8, 0x00, 0x00, 0x60, 0x00,
    0x2F, 0x00, 0x00, 0x24, 0x00, 0x03, 0xD0, 0x00, 0x0C, 0x00, 0x00, 0x7C, 0x00, 0x0C, 0x00, 0x00,
    0x07, 0xD0, 0x2D, 0x00, 0x00, 0x00, 0x1F, 0xF8, 0x00, 0x00, 0x00, 0x80, 0x00, 0x40, 0x00, 0xA0,
    0x07, 0x00, 0x00, 0x1B, 0xF8, 0x00, 0x00, 0x00, 0x00, 0x00, 0x00, 0x00, 0x00, 0x00, 0x3F, 0xC0,
    0x3F, 0xD0, 0x03, 0xC0, 0x03, 0xD0, 0x03, 0xC0, 0x03, 0xD0, 0x03, 0xC0, 0x03, 0xD0, 0x03, 0xC0,
    0x03, 0xD0, 0x03, 0xC0, 0x03, 0xD0, 0x03, 0xC0, 0x03, 0xD0, 0x03, 0xC0, 0x03, 0xD0, 0x03, 0xC0,
    0x03, 0xD0, 0x03, 0xC0, 0x03, 0xD0, 0x02, 0xD0, 0x0B, 0xD0, 0x00, 0xF0, 0x2A, 0xE0, 0x00, 0x2F,
    0xE2, 0xFE, 0x00, 0x00, 0x0B, 0xC0, 0x00, 0x00, 0x00, 0x09, 0x08, 0x00, 0x00, 0x00, 0x02, 0x01,
    0x40, 0x00, 0x00, 0x00, 0x80, 0x50, 0x00, 0x00, 0x00, 0x24, 0x30, 0x00, 0x00, 0x00, 0x02, 0xF4,
    0x00, 0x00, 0x00, 0x00, 0x00, 0x00, 0x00, 0xFF, 0xFF, 0x80, 0x3F, 0xFF, 0x01, 0xFC, 0x00, 0x00,
    0xB4, 0x00, 0x3E, 0x00, 0x00, 0x0C, 0x00, 0x0F, 0x80, 0x00, 0x03, 0x00, 0x03, 0xE0, 0x00, 0x00,
    0xC0, 0x00, 0xF8, 0x00, 0x00, 0x30, 0x00, 0x3E, 0x00, 0x00, 0x0C, 0x00, 0x0F, 0x80, 0x00, 0x03,
    0x00, 0x03, 0xE0, 0x00, 0x00, 0xC0, 0x00, 0xF8, 0x00, 0x00, 0x30, 0x00, 0x3E, 0x00, 0x00, 0x0C,
    0x00, 0x0F, 0x80, 0x00, 0x03, 0x00, 0x03, 0xE0, 0x00, 0x00, 0xC0, 0x00, 0xF8, 0x00, 0x00, 0x20,
    0x00, 0x3E, 0x00, 0x00, 0x18, 0x00, 0x0B, 0xC0, 0x00, 0x09, 0x00, 0x00, 0xF4, 0x00, 0x03, 0x00,
    0x00, 0x1F, 0x00, 0x03, 0x00, 0x00, 0x01, 0xF4, 0x0B, 0x40, 0x00, 0x00, 0x07, 0xFE, 0x00, 0x00,
    0x00, 0x07, 0xE0, 0x00, 0x00, 0x18, 0x18, 0x00, 0x00, 0x20, 0x08, 0x00, 0x00, 0x18, 0x18, 0x00,
    0x00, 0x07, 0xE0, 0x00, 0x00, 0x00, 0x00, 0x00, 0x00, 0x00, 0x00, 0x00, 0x3F, 0xC0, 0x3F, 0xD0,
    0x03, 0xC0, 0x03, 0xD0, 0x03, 0xC0, 0x03, 0xD0, 0x03, 0xC0, 0x03, 0xD0, 0x03, 0xC0, 0x03, 0xD0,
    0x03, 0xC0, 0x03, 0xD0, 0x03, 0xC0, 0x03, 0xD0, 0x03, 0xC0, 0x03, 0xD0, 0x03, 0xC0, 0x03, 0xD0,
    0x03, 0xC0, 0x03, 0xD0, 0x02, 0xD0, 0x0B, 0xD0, 0x00, 0xF0, 0x2A, 0xE0, 0x00, 0x2F, 0xE2, 0xFE,
    0x00, 0x00, 0x07, 0x82, 0xE0, 0x00, 0x00, 0x2F, 0xFB, 0xF4, 0x00, 0x00, 0x29, 0x4E, 0x40, 0x00,
    0x00, 0x00, 0x00, 0x00, 0x00, 0x00, 0x00, 0x00, 0x00, 0x00, 0x0F, 0xFF, 0xF8, 0x03, 0xFF, 0xF0,
    0x1F, 0xC0, 0x00, 0x0B, 0x40, 0x03, 0xE0, 0x00, 0x00, 0xC0, 0x00, 0xF8, 0x00, 0x00, 0x30, 0x00,
    0x3E, 0x00, 0x00, 0x0C, 0x00, 0x0F, 0x80, 0x00, 0x03, 0x00, 0x03, 0xE0, 0x00, 0x00, 0xC0, 0x00,
    0xF8, 0x00, 0x00, 0x30, 0x00, 0x3E, 0x00, 0x00, 0x0C, 0x00, 0x0F, 0x80, 0x00, 0x03, 0x00, 0x03,
    0xE0, 0x00, 0x00, 0xC0, 0x00, 0xF8, 0x00, 0x00, 0x30, 0x00, 0x3E, 0x00, 0x00, 0x0C, 0x00, 0x0F,
    0x80, 0x00, 0x02, 0x00, 0x03, 0xE0, 0x00, 0x01, 0x80, 0x00, 0xBC, 0x00, 0x00, 0x90, 0x00, 0x0F,
    0x40, 0x00, 0x30, 0x00, 0x01, 0xF0, 0x00, 0x30, 0x00, 0x00, 0x1F, 0x40, 0xB4, 0x00, 0x00, 0x00,
    0x7F, 0xE0, 0x00, 0x00, 0x00, 0x00, 0x50, 0x14, 0x00, 0x01, 0xF0, 0xBC, 0x00, 0x07, 0xD2, 0xF0,
    0x00, 0x1E, 0x0B, 0x40, 0x00, 0x20, 0x08, 0x00, 0x00, 0x00, 0x00, 0x00, 0x3F, 0xC0, 0x3F, 0xD0,
    0x03, 0xC0, 0x03, 0xD0, 0x03, 0xC0, 0x03, 0xD0, 0x03, 0xC0, 0x03, 0xD0, 0x03, 0xC0, 0x03, 0xD0,
    0x03, 0xC0, 0x03, 0xD0, 0x03, 0xC0, 0x03, 0xD0, 0x03, 0xC0, 0x03, 0xD0, 0x03, 0xC0, 0x03, 0xD0,
    0x03, 0xC0, 0x03, 0xD0, 0x02, 0xD0, 0x0B, 0xD0, 0x00, 0xF0, 0x2A, 0xE0, 0x00, 0x2F, 0xD2, 0xFE,
    0x3F, 0xFF, 0xE0, 0x0F, 0xFF, 0xC0, 0x7F, 0x00, 0x00, 0x2D, 0x00, 0x0F, 0x80, 0x00, 0x03, 0x00,
    0x03, 0xE0, 0x00, 0x00, 0xC0, 0x00, 0xF8, 0x00, 0x00, 0x30, 0x00, 0x3E, 0x00, 0x00, 0x0C, 0x00,
    0x0F, 0x80, 0x00, 0x03, 0x00, 0x03, 0xE0, 0x00, 0x00, 0xC0, 0x00, 0xF8, 0x00, 0x00, 0x30, 0x00,
    0x3E, 0x00, 0x00, 0x0C, 0x00, 0x0F, 0x80, 0x00, 0x03, 0x00, 0x03, 0xE0, 0x00, 0x00, 0xC0, 0x00,
    0xF8, 0x00, 0x00, 0x30, 0x00, 0x3E, 0x00, 0x00, 0x08, 0x00, 0x0F, 0x80, 0x00, 0x06, 0x00, 0x02,
    0xF0, 0x00, 0x02, 0x40, 0x00, 0x3D, 0x00, 0x00, 0xC0, 0x00, 0x07, 0xC0, 0x00, 0xC0, 0x00, 0x00,
    0x7D, 0x02, 0xD0, 0x00, 0x00, 0x02, 0xFF, 0x80, 0x00, 0x00, 0x00, 0x20, 0x00, 0x00, 0x00, 0x00,
    0x18, 0x00, 0x00, 0x00, 0x00, 0x0A, 0x00, 0x00, 0x00, 0x00, 0x02, 0xC0, 0x00, 0x00, 0x00, 0x00,
    0x78, 0x20, 0x00, 0x00, 0x00, 0x07, 0xF4, 0x00, 0x00, 0x3F, 0xC0, 0x3F, 0xD0, 0x03, 0xC0, 0x03,
    0xD0, 0x03, 0xC0, 0x03, 0xD0, 0x03, 0xC0, 0x03, 0xD0, 0x03, 0xC0, 0x03, 0xD0, 0x03, 0xC0, 0x03,
    0xD0, 0x03, 0xC0, 0x03, 0xD0, 0x03, 0xC0, 0x03, 0xD0, 0x03, 0xC0, 0x03, 0xD0, 0x03, 0xC0, 0x03,
    0xD0, 0x02, 0xD0, 0x0B, 0xD0, 0x00, 0xF0, 0x2A, 0xE0, 0x00, 0x2F, 0xE2, 0xFE, 0x00, 0x00, 0x03,
    0x40, 0x00, 0x00, 0x0D, 0x00, 0x00, 0x00, 0x0C, 0x00, 0x00, 0x00, 0x1C, 0x00, 0x00, 0x00, 0x0F,
    0x06, 0x00, 0x00, 0x02, 0xF8, 0x00, 0x03, 0xC0, 0x78, 0x00, 0x00, 0x00, 0x7E, 0x0F, 0xC0, 0x00,
    0x00, 0x03, 0xC0, 0x78, 0x00, 0x00, 0x00, 0x00, 0x00, 0x00, 0x00, 0x00, 0x00, 0x00, 0x00, 0x00,
    0x0B, 0xFF, 0xF4, 0x00, 0x3F, 0xFD, 0x03, 0xF8, 0x00, 0x00, 0x7D, 0x00, 0x0F, 0x80, 0x00, 0x03,
    0x00, 0x00, 0xBD, 0x00, 0x00, 0x90, 0x00, 0x03, 0xF0, 0x00, 0x18, 0x00, 0x00, 0x1F, 0x80, 0x03,
    0x00, 0x00, 0x00, 0xFC, 0x00, 0x90, 0x00, 0x00, 0x03, 0xF0, 0x0C, 0x00, 0x00, 0x00, 0x2F, 0x43,
    0x00, 0x00, 0x00, 0x00, 0xFC, 0x60, 0x00, 0x00, 0x00, 0x07, 0xEC, 0x00, 0x00, 0x00, 0x00, 0x2F,
    0x40, 0x00, 0x00, 0x00, 0x01, 0xF0, 0x00, 0x00, 0x00, 0x00, 0x1F, 0x00, 0x00, 0x00, 0x00, 0x01,
    0xF0, 0x00, 0x00, 0x00, 0x00, 0x1F, 0x00, 0x00, 0x00, 0x00, 0x01, 0xF0, 0x00, 0x00, 0x00, 0x00,
    0x1F, 0x00, 0x00, 0x00, 0x00, 0x02, 0xF4, 0x00, 0x00, 0x00, 0x07, 0xFF, 0xFC, 0x00, 0x00, 0x00,
    0x00, 0x2D, 0x00, 0x00, 0x01, 0xFD, 0x00, 0x00, 0x0F, 0x80, 0x00, 0x00, 0x00, 0x00, 0x00, 0x00,
    0x00, 0x00, 0x00, 0x2F, 0xFF, 0xFF, 0xFC, 0x3F, 0x40, 0x00, 0xF8, 0x3C, 0x00, 0x03, 0xF0, 0x34,
    0x00, 0x07, 0xD0, 0x30, 0x00, 0x0F, 0x80, 0x30, 0x00, 0x2F, 0x00, 0x00, 0x00, 0x7D, 0x00, 0x00,
    0x00, 0xFC, 0x00, 0x00, 0x02, 0xF0, 0x00, 0x00, 0x03, 0xE0, 0x00, 0x00, 0x0F, 0xC0, 0x00, 0x00,
    0x2F, 0x40, 0x00, 0x00, 0x3E, 0x00, 0x00, 0x00, 0xFC, 0x00, 0x08, 0x01, 0xF4, 0x00, 0x08, 0x03,
    0xF0, 0x00, 0x0C, 0x0B, 0xC0, 0x00, 0x0C, 0x1F, 0x80, 0x00, 0x3C, 0x3F, 0x00, 0x01, 0xFC, 0x7F,
    0xFF, 0xFF, 0xFC, 0x00, 0x00, 0x50, 0x00, 0x02, 0xF0, 0x00, 0x0B, 0xC0, 0x00, 0x2D, 0x00, 0x00,
    0x20, 0x00, 0x00, 0x00, 0x00, 0x1F, 0xFF, 0xFD, 0x2D, 0x00, 0x3C, 0x24, 0x00, 0xF4, 0x20, 0x02,
    0xE0, 0x00, 0x07, 0xC0, 0x00, 0x0F, 0x00, 0x00, 0x3D, 0x00, 0x00, 0xB8, 0x00, 0x01, 0xF0, 0x02,
    0x03, 0xC0, 0x05, 0x0F, 0x40, 0x09, 0x2E, 0x00, 0x2D, 0x3F, 0xFF, 0xFC, 0x00, 0x01, 0xE0, 0x00,
    0x00, 0x03, 0xF0, 0x00, 0x00, 0x01, 0xE0, 0x00, 0x00, 0x00, 0x00, 0x00, 0x00, 0x00, 0x00, 0x00,
    0x2F, 0xFF, 0xFF, 0xFC, 0x3F, 0x40, 0x00, 0xF8, 0x3C, 0x00, 0x03, 0xF0, 0x34, 0x00, 0x07, 0xD0,
    0x30, 0x00, 0x0F, 0x80, 0x30, 0x00, 0x2F, 0x00, 0x00, 0x00, 0x7D, 0x00, 0x00, 0x00, 0xFC, 0x00,
    0x00, 0x02, 0xF0, 0x00, 0x00, 0x03, 0xE0, 0x00, 0x00, 0x0F, 0xC0, 0x00, 0x00, 0x2F, 0x40, 0x00,
    0x00, 0x3E, 0x00, 0x00, 0x00, 0xFC, 0x00, 0x08, 0x01, 0xF4, 0x00, 0x08, 0x03, 0xF0, 0x00, 0x0C,
    0x0B, 0xC0, 0x00, 0x0C, 0x1F, 0x80, 0x00, 0x3C, 0x3F, 0x00, 0x01, 0xFC, 0x7F, 0xFF, 0xFF, 0xFC,
    0x00, 0x1F, 0x00, 0x00, 0x2F, 0x40, 0x00, 0x1F, 0x00, 0x00, 0x00, 0x00, 0x00, 0x00, 0x00, 0x00,
    0x00, 0x00, 0x1F, 0xFF, 0xFD, 0x2D, 0x00, 0x3C, 0x24, 0x00, 0xF4, 0x20, 0x02, 0xE0, 0x00, 0x07,
    0xC0, 0x00, 0x0F, 0x00, 0x00, 0x3D, 0x00, 0x00, 0xB8, 0x00, 0x01, 0xF0, 0x02, 0x03, 0xC0, 0x05,
    0x0F, 0x40, 0x09, 0x2E, 0x00, 0x2D, 0x3F, 0xFF, 0xFC, 0x02, 0x00, 0x00, 0x00, 0x00, 0x90, 0x09,
    0x00, 0x00, 0x18, 0x60, 0x00, 0x00, 0x07, 0x40, 0x00, 0x00, 0x00, 0x00, 0x00, 0x00, 0x00, 0x00,
    0x00, 0x00, 0x00, 0x00, 0x00, 0x2F, 0xFF, 0xFF, 0xFC, 0x3F, 0x40, 0x00, 0xF8, 0x3C, 0x00, 0x03,
    0xF0, 0x34, 0x00, 0x07, 0xD0, 0x30, 0x00, 0x0F, 0x80, 0x30, 0x00, 0x2F, 0x00, 0x00, 0x00, 0x7D,
    0x00, 0x00, 0x00, 0xFC, 0x00, 0x00, 0x02, 0xF0, 0x00, 0x00, 0x03, 0xE0, 0x00, 0x00, 0x0F, 0xC0,
    0x00, 0x00, 0x2F, 0x40, 0x00, 0x00, 0x3E, 0x00, 0x00, 0x00, 0xFC, 0x00, 0x08, 0x01, 0xF4, 0x00,
    0x08, 0x03, 0xF0, 0x00, 0x0C, 0x0B, 0xC0, 0x00, 0x0C, 0x1F, 0x80, 0x00, 0x3C, 0x3F, 0x00, 0x01,
    0xFC, 0x7F, 0xFF, 0xFF, 0xFC, 0x04, 0x00, 0x04, 0x07, 0x00, 0xB0, 0x01, 0xE7, 0x80, 0x00, 0x7E,
    0x00, 0x00, 0x18, 0x00, 0x00, 0x00, 0x00, 0x1F, 0xFF, 0xFD, 0x2D, 0x00, 0x3C, 0x24, 0x00, 0xF4,
    0x20, 0x02, 0xE0, 0x00, 0x07, 0xC0, 0x00, 0x0F, 0x00, 0x00, 0x3D, 0x00, 0x00, 0xB8, 0x00, 0x01,
    0xF0, 0x02, 0x03, 0xC0, 0x05, 0x0F, 0x40, 0x09, 0x2E, 0x00, 0x2D, 0x3F, 0xFF, 0xFC, 0x00, 0x03,
    0xD0, 0x00, 0x00, 0x00, 0x01, 0xB8, 0x00, 0x00, 0x00, 0x00, 0x00, 0x00, 0x00, 0x00, 0x00, 0x00,
    0x00, 0x3F, 0xFF, 0xFF, 0xFF, 0xD0, 0x07, 0xE0, 0x00, 0x1F, 0x40, 0x0F, 0x80, 0x00, 0x0E, 0x00,
    0x3E, 0x00, 0x00, 0x18, 0x00, 0xF8, 0x00, 0x00, 0x30, 0x03, 0xE0, 0x00, 0x00, 0xC0, 0x0F, 0x80,
    0x0C, 0x01, 0x00, 0x3E, 0x00, 0x30, 0x00, 0x00, 0xF8, 0x02, 0xC0, 0x00, 0x03, 0xFF, 0xFF, 0x00,
    0x00, 0x0F, 0x80, 0x2C, 0x00, 0x00, 0x3E, 0x00, 0x30, 0x00, 0x00, 0xF8, 0x00, 0xC0, 0x04, 0x03,
    0xE0, 0x00, 0x00, 0x20, 0x0F, 0x80, 0x00, 0x00, 0x80, 0x3E, 0x00, 0x00, 0x05, 0x00, 0xF8, 0x00,
    0x00, 0x30, 0x03, 0xE0, 0x00, 0x02, 0xC0, 0x1F, 0x80, 0x00, 0x6F, 0x0F, 0xFF, 0xFF, 0xFF, 0xFC,
    0x00, 0x0B, 0x40, 0xF0, 0x00, 0x00, 0x3E, 0x0B, 0xD0, 0x00, 0x00, 0xF4, 0x1F, 0x00, 0x00, 0x00,
    0x00, 0x00, 0x00, 0x00, 0x00, 0x00, 0x00, 0x00, 0xFF, 0xFF, 0xFF, 0xFF, 0x40, 0x1F, 0x80, 0x00,
    0x7D, 0x00, 0x3E, 0x00, 0x00, 0x38, 0x00, 0xF8, 0x00, 0x00, 0x60, 0x03, 0xE0, 0x00, 0x00, 0xC0,
    0x0F, 0x80, 0x00, 0x03, 0x00, 0x3E, 0x00, 0x30, 0x04, 0x00, 0xF8, 0x00, 0xC0, 0x00, 0x03, 0xE0,
    0x0B, 0x00, 0x00, 0x0F, 0xFF, 0xFC, 0x00, 0x00, 0x3E, 0x00, 0xB0, 0x00, 0x00, 0xF8, 0x00, 0xC0,
    0x00, 0x03, 0xE0, 0x03, 0x00, 0x10, 0x0F, 0x80, 0x00, 0x00, 0x80, 0x3E, 0x00, 0x00, 0x02, 0x00,
    0xF8, 0x00, 0x00, 0x14, 0x03, 0xE0, 0x00, 0x00, 0xC0, 0x0F, 0x80, 0x00, 0x0B, 0x00, 0x7E, 0x00,
    0x01, 0xBC, 0x3F, 0xFF, 0xFF, 0xFF, 0xF0, 0x3F, 0xFF, 0xFF, 0xFF, 0xF4, 0x01, 0xE4, 0x03, 0xF0,
    0x01, 0xD0, 0x07, 0x00, 0x0F, 0x80, 0x01, 0x80, 0x24, 0x00, 0x3E, 0x00, 0x03, 0x00, 0x80, 0x00,
    0xF8, 0x00, 0x00, 0x02, 0x00, 0x03, 0xE0, 0x00, 0x00, 0x08, 0x00, 0x0F, 0x80, 0x00, 0x00, 0x00,
    0x00, 0x3E, 0x06, 0xFF, 0x80, 0x00, 0x00, 0xF8, 0xA4, 0x07, 0xD0, 0x00, 0x03, 0xF8, 0x00, 0x0B,
    0xC0, 0x00, 0x0F, 0xC0, 0x00, 0x0F, 0x00, 0x00, 0x3F, 0x00, 0x00, 0x3D, 0x00, 0x00, 0xF8, 0x00,
    0x00, 0xF4, 0x00, 0x03, 0xE0, 0x00, 0x03, 0xD0, 0x00, 0x0F, 0x80, 0x00, 0x0F, 0x40, 0x00, 0x3E,
    0x07, 0xC0, 0x3C, 0x00, 0x00, 0xF8, 0x3F, 0x41, 0xF0, 0x00, 0x03, 0xF0, 0xBC, 0x0F, 0x40, 0x00,
    0x1F, 0xC0, 0xD0, 0xB4, 0x00, 0x3F, 0xFF, 0xC1, 0xFE, 0x00, 0x00, 0x00, 0x06, 0xD0, 0x00, 0x00,
    0x1E, 0x40, 0x00, 0x00, 0x04, 0x00, 0x00, 0x00, 0x00, 0x00, 0x00, 0x3F, 0xFF, 0xFF, 0xFF, 0x00,
    0x7E, 0x00, 0x07, 0xD0, 0x0F, 0x80, 0x00, 0x34, 0x03, 0xE0, 0x00, 0x06, 0x00, 0xF8, 0x00, 0x00,
    0x80, 0x3E, 0x00, 0x00, 0x30, 0x0F, 0x80, 0x00, 0x04, 0x03, 0xE0, 0x00, 0x00, 0x00, 0xF8, 0x00,
    0x00, 0x00, 0x3E, 0x00, 0x00, 0x00, 0x0F, 0x80, 0x00, 0x00, 0x03, 0xE0, 0x00, 0x00, 0x00, 0xF8,
    0x00, 0x00, 0x00, 0x3E, 0x00, 0x00, 0x00, 0x0F, 0x80, 0x00, 0x00, 0x03, 0xE0, 0x00, 0x00, 0x00,
    0xF8, 0x00, 0x00, 0x00, 0x3E, 0x00, 0x00, 0x00, 0x1F, 0xC0, 0x00, 0x00, 0xFF, 0xFF, 0xC0, 0x00,
    0x00, 0x01, 0xBF, 0xD0, 0x20, 0x00, 0xBE, 0x00, 0x75, 0xD0, 0x0F, 0x80, 0x00, 0x3F, 0x40, 0xF8,
    0x00, 0x00, 0x3D, 0x0B, 0xC0, 0x00, 0x00, 0x34, 0x7D, 0x00, 0x00, 0x00, 0xD3, 0xF0, 0x00, 0x00,
    0x01, 0x0F, 0xC0, 0x00, 0x00, 0x00, 0x7E, 0x00, 0x00, 0x00, 0x01, 0xFE, 0xFF, 0x94, 0x18, 0x07,
    0xE0, 0x16, 0xFE, 0x40, 0x1F, 0xC0, 0x00, 0x00, 0x00, 0x3F, 0x00, 0x00, 0x00, 0x00, 0xFC, 0x00,
    0x00, 0x00, 0x01, 0xF8, 0x00, 0x00, 0x01, 0x02, 0xF0, 0x00, 0x00, 0x08, 0x03, 0xF0, 0x00, 0x00,
    0x20, 0x03, 0xF0, 0x00, 0x07, 0x00, 0x02, 0xF9, 0x01, 0xA0, 0x00, 0x00, 0x6F, 0xF8, 0x00, 0x01,
    0xBF, 0x80, 0x80, 0xB4, 0x07, 0x68, 0x1C, 0x00, 0x0F, 0x83, 0x80, 0x00, 0x38, 0x78, 0x00, 0x02,
    0x87, 0x80, 0x00, 0x18, 0x7D, 0x00, 0x00, 0x83, 0xF8, 0x00, 0x00, 0x1F, 0xFE, 0x40, 0x00, 0x7F,
    0xFF, 0xC0, 0x00, 0x7F, 0xFF, 0x00, 0x00, 0x1B, 0xFC, 0x00, 0x00, 0x0B, 0xC5, 0x00, 0x00, 0x3D,
    0x50, 0x00, 0x02, 0xD7, 0x00, 0x00, 0x1D, 0x74, 0x00, 0x02, 0xC7, 0xC0, 0x00, 0x34, 0x73, 0x90,
    0x1E, 0x05, 0x06, 0xFE, 0x40, 0x3F, 0xFF, 0xE0, 0x1F, 0xC0, 0x00, 0xF8, 0x00, 0x0F, 0x80, 0x00,
    0xF8, 0x00, 0x0F, 0x80, 0x00, 0xF8, 0x00, 0x0F, 0x80, 0x00, 0xF8, 0x00, 0x0F, 0x80, 0x00, 0xF8,
    0x00, 0x0F, 0x80, 0x00, 0xF8, 0x00, 0x0F, 0x80, 0x00, 0xF8, 0x00, 0x0F, 0x80, 0x00, 0xF8, 0x00,
    0x0F, 0x80, 0x01, 0xFC, 0x03, 0xFF, 0xFE, 0x2D, 0x03, 0xC3, 0xF0, 0x7D, 0x2D, 0x03, 0xC0, 0x00,
    0x00, 0x00, 0x00, 0x03, 0xFF, 0xFE, 0x01, 0xFC, 0x00, 0x0F, 0x80, 0x00, 0xF8, 0x00, 0x0F, 0x80,
    0x00, 0xF8, 0x00, 0x0F, 0x80, 0x00, 0xF8, 0x00, 0x0F, 0x80, 0x00, 0xF8, 0x00, 0x0F, 0x80, 0x00,
    0xF8, 0x00, 0x0F, 0x80, 0x00, 0xF8, 0x00, 0x0F, 0x80, 0x00, 0xF8, 0x00, 0x0F, 0x80, 0x00, 0xF8,
    0x00, 0x1F, 0xC0, 0x3F, 0xFF, 0xE0, 0x00, 0xFF, 0xFF, 0x40, 0x00, 0xBD, 0x00, 0x00, 0x1F, 0x40,
    0x00, 0x07, 0xD0, 0x00, 0x01, 0xF4, 0x00, 0x00, 0x7D, 0x00, 0x00, 0x1F, 0x40, 0x00, 0x07, 0xD0,
    0x00, 0x01, 0xF4, 0x00, 0x00, 0x7D, 0x00, 0x00, 0x1F, 0x40, 0x00, 0x07, 0xD0, 0x00, 0x01, 0xF4,
    0x00, 0x00, 0x7D, 0x00, 0x00, 0x1F, 0x41, 0xF0, 0x07, 0xC0, 0xFD, 0x01, 0xF0, 0x2F, 0x00, 0xF8,
    0x03, 0x40, 0xBC, 0x00, 0x1F, 0xF4, 0x00, 0x00, 0x3F, 0xFF, 0xFF, 0xFF, 0xE0, 0x00, 0x00, 0x00,
    0x1C, 0x00, 0x0F, 0xC0, 0x00, 0x00, 0x00, 0x00, 0xC0, 0x00, 0xF8, 0x00, 0x00, 0x00, 0x00, 0x08,
    0x00, 0x0F, 0x80, 0x00, 0x00, 0x00, 0x00, 0x80, 0x00, 0xF8, 0x00, 0x00, 0x00, 0x00, 0x08, 0x00,
    0x0F, 0x80, 0x00, 0x00, 0x00, 0x00, 0x80, 0x00, 0xF8, 0x00, 0x00, 0x00, 0x00, 0x08, 0x00, 0x0F,
    0x80, 0x00, 0x00, 0x00, 0x00, 0x80, 0x00, 0xFE, 0xFF, 0xE0, 0x00, 0x00, 0x14, 0x00, 0x0F, 0x80,
    0x0B, 0xE0, 0x00, 0x01, 0x40, 0x00, 0xF8, 0x00, 0x1F, 0x80, 0x00, 0x14, 0x00, 0x0F, 0x80, 0x00,
    0xFC, 0x00, 0x02, 0x00, 0x00, 0xF8, 0x00, 0x07, 0xE0, 0x00, 0x20, 0x00, 0x0F, 0x80, 0x00, 0x7E,
    0x00, 0x03, 0x00, 0x00, 0xF8, 0x00, 0x07, 0xE2, 0xE0, 0x20, 0x00, 0x0F, 0x80, 0x00, 0x7E, 0x3F,
    0x09, 0x00, 0x00, 0xF8, 0x00, 0x0F, 0xC3, 0xE0, 0xC0, 0x00, 0x0F, 0x80, 0x01, 0xF8, 0x28, 0x34,
    0x00, 0x01, 0xF8, 0x00, 0x7E, 0x00, 0xBD, 0x00, 0x03, 0xFF, 0xFF, 0xFF, 0x40, 0x3F, 0xFF, 0xE0,
    0x3F, 0xFF, 0xE0, 0x00, 0x00, 0x1F, 0xC0, 0x00, 0x1F, 0xC0, 0x00, 0x00, 0x00, 0xF8, 0x00, 0x00,
    0xF8, 0x00, 0x00, 0x00, 0x0F, 0x80, 0x00, 0x0F, 0x80, 0x00, 0x00, 0x00, 0xF8, 0x00, 0x00, 0xF8,
    0x00, 0x00, 0x00, 0x0F, 0x80, 0x00, 0x0F, 0x80, 0x00, 0x00, 0x00, 0xF8, 0x00, 0x00, 0xF8, 0x00,
    0x00, 0x00, 0x0F, 0x80, 0x00, 0x0F, 0x80, 0x00, 0x00, 0x00, 0xF8, 0x00, 0x00, 0xF8, 0x00, 0x00,
    0x00, 0x0F, 0xFF, 0xFF, 0xFF, 0xFF, 0xFE, 0x40, 0x00, 0xF8, 0x00, 0x00, 0xF8, 0x00, 0xBE, 0x00,
    0x0F, 0x80, 0x00, 0x0F, 0x80, 0x01, 0xF8, 0x00, 0xF8, 0x00, 0x00, 0xF8, 0x00, 0x0B, 0xD0, 0x0F,
    0x80, 0x00, 0x0F, 0x80, 0x00, 0x7E, 0x00, 0xF8, 0x00, 0x00, 0xF8, 0x00, 0x07, 0xF0, 0x0F, 0x80,
    0x00, 0x0F, 0x80, 0x00, 0x7E, 0x00, 0xF8, 0x00, 0x00, 0xF8, 0x00, 0x0B, 0xD0, 0x0F, 0x80, 0x00,
    0x0F, 0x80, 0x01, 0xFC, 0x01, 0xFC, 0x00, 0x01, 0xF8, 0x00, 0x7F, 0x03, 0xFF, 0xFE, 0x03, 0xFF,
    0xFF, 0xFE, 0x40, 0x3F, 0xFF, 0xFF, 0xFF, 0xC0, 0x1E, 0x02, 0xF4, 0x00, 0xB0, 0x06, 0x00, 0x7C,
    0x00, 0x0C, 0x02, 0x40, 0x1F, 0x00, 0x02, 0x00, 0x80, 0x07, 0xC0, 0x00, 0x00, 0x20, 0x01, 0xF0,
    0x00, 0x00, 0x04, 0x00, 0x7C, 0x00, 0x00, 0x00, 0x00, 0x1F, 0x07, 0xF8, 0x00, 0x00, 0x07, 0xCA,
    0x07, 0xC0, 0x00, 0x01, 0xF8, 0x00, 0x78, 0x00, 0x00, 0x7E, 0x00, 0x0F, 0x00, 0x00, 0x1F, 0x00,
    0x03, 0xC0, 0x00, 0x07, 0xC0, 0x00, 0xF0, 0x00, 0x01, 0xF0, 0x00, 0x3C, 0x00, 0x00, 0x7C, 0x00,
    0x0F, 0x00, 0x00, 0x1F, 0x00, 0x03, 0xC0, 0x00, 0x07, 0xC0, 0x00, 0xF0, 0x00, 0x01, 0xF0, 0x00,
    0x3C, 0x00, 0x00, 0xBD, 0x00, 0x1F, 0x00, 0x07, 0xFF, 0xF4, 0x7F, 0xFC, 0x00, 0x00, 0x00, 0x6D,
    0x00, 0x00, 0x00, 0x00, 0x79, 0x00, 0x00, 0x00, 0x00, 0x04, 0x00, 0x00, 0x00, 0x00, 0x00, 0x00,
    0x00, 0x00, 0x3F, 0xFF, 0xE0, 0x03, 0xFF, 0xC0, 0x1F, 0xC0, 0x00, 0x0F, 0x80, 0x00, 0xF8, 0x00,
    0x00, 0xD0, 0x00, 0x0F, 0x80, 0x00, 0x30, 0x00, 0x00, 0xF8, 0x00, 0x0C, 0x00, 0x00, 0x0F, 0x80,
    0x03, 0x00, 0x00, 0x00, 0xF8, 0x00, 0xC0, 0x00, 0x00, 0x0F, 0x80, 0x70, 0x00, 0x00, 0x00, 0xF8,
    0x1F, 0x00, 0x00, 0x00, 0x0F, 0x86, 0xFC, 0x00, 0x00, 0x00, 0xF9, 0x87, 0xD0, 0x00, 0x00, 0x0F,
    0xE0, 0x2F, 0x00, 0x00, 0x00, 0xF8, 0x00, 0xFC, 0x00, 0x00, 0x0F, 0x80, 0x07, 0xE0, 0x00, 0x00,
    0xF8, 0x00, 0x2F, 0x00, 0x00, 0x0F, 0x80, 0x00, 0xFC, 0x00, 0x00, 0xF8, 0x00, 0x07, 0xE0, 0x00,
    0x0F, 0x80, 0x00, 0x2F, 0x40, 0x01, 0xFC, 0x00, 0x02, 0xFD, 0x03, 0xFF, 0xFE, 0x00, 0xFF, 0xFD,
    0x00, 0x00, 0xF8, 0x00, 0x00, 0x00, 0x00, 0x01, 0xB9, 0x00, 0x00, 0x00, 0x00, 0x00, 0x00, 0x00,
    0x00, 0x00, 0x00, 0x00, 0x00, 0x00, 0x3F, 0xFF, 0xE0, 0x3F, 0xFF, 0xE0, 0x1F, 0xC0, 0x00, 0x1F,
    0xC0, 0x00, 0xF8, 0x00, 0x01, 0xF8, 0x00, 0x0F, 0x80, 0x00, 0x3F, 0x80, 0x00, 0xF8, 0x00, 0x09,
    0xF8, 0x00, 0x0F, 0x80, 0x01, 0x8F, 0x80, 0x00, 0xF8, 0x00, 0x30, 0xF8, 0x00, 0x0F, 0x80, 0x09,
    0x0F, 0x80, 0x00, 0xF8, 0x00, 0x80, 0xF8, 0x00, 0x0F, 0x80, 0x30, 0x0F, 0x80, 0x00, 0xF8, 0x09,
    0x00, 0xF8, 0x00, 0x0F, 0x80, 0x80, 0x0F, 0x80, 0x00, 0xF8, 0x30, 0x00, 0xF8, 0x00, 0x0F, 0x85,
    0x00, 0x0F, 0x80, 0x00, 0xF8, 0x80, 0x00, 0xF8, 0x00, 0x0F, 0xB0, 0x00, 0x0F, 0x80, 0x00, 0xFD,
    0x00, 0x00, 0xF8, 0x00, 0x0F, 0xC0, 0x00, 0x0F, 0x80, 0x01, 0xFC, 0x00, 0x01, 0xFC, 0x03, 0xFF,
    0xFE, 0x03, 0xFF, 0xFE, 0x00, 0x00, 0x00, 0x00, 0x00, 0x00, 0x00, 0x0F, 0x01, 0xE0, 0x00, 0x00,
    0x01, 0xF4, 0x3F, 0x00, 0x00, 0x00, 0x0F, 0x01, 0xE0, 0x00, 0x00, 0x00, 0x2F, 0xF4, 0x00, 0x00,
    0x00, 0x00, 0x00, 0x00, 0x00, 0x7F, 0xFF, 0x40, 0x03, 0xFF, 0xC0, 0x3F, 0x80, 0x00, 0x07, 0xD0,
    0x00, 0xFC, 0x00, 0x00, 0x24, 0x00, 0x07, 0xD0, 0x00, 0x03, 0x00, 0x00, 0x3F, 0x00, 0x00, 0x60,
    0x00, 0x01, 0xF8, 0x00, 0x09, 0x00, 0x00, 0x0B, 0xC0, 0x00, 0xC0, 0x00, 0x00, 0x3E, 0x00, 0x18,
    0x00, 0x00, 0x01, 0xF4, 0x02, 0x00, 0x00, 0x00, 0x0F, 0xC0, 0x30, 0x00, 0x00, 0x00, 0x7E, 0x06,
    0x00, 0x00, 0x00, 0x02, 0xF0, 0xC0, 0x00, 0x00, 0x00, 0x0F, 0x8C, 0x00, 0x00, 0x00, 0x00, 0x7F,
    0x40, 0x00, 0x00, 0x00, 0x03, 0xF0, 0x00, 0x00, 0x0B, 0x80, 0x0E, 0x00, 0x00, 0x00, 0xFC, 0x00,
    0xC0, 0x00, 0x00, 0x0F, 0x80, 0x28, 0x00, 0x00, 0x00, 0x60, 0x1E, 0x00, 0x00, 0x00, 0x01, 0xFE,
    0x40, 0x00, 0x00, 0x3F, 0xFF, 0xE0, 0x3F, 0xFF, 0xE0, 0x1F, 0xC0, 0x00, 0x1F, 0xC0, 0x00, 0xF8,
    0x00, 0x00, 0xF8, 0x00, 0x0F, 0x80, 0x00, 0x0F, 0x80, 0x00, 0xF8, 0x00, 0x00, 0xF8, 0x00, 0x0F,
    0x80, 0x00, 0x0F, 0x80, 0x00, 0xF8, 0x00, 0x00, 0xF8, 0x00, 0x0F, 0x80, 0x00, 0x0F, 0x80, 0x00,
    0xF8, 0x00, 0x00, 0xF8, 0x00, 0x0F, 0x80, 0x00, 0x0F, 0x80, 0x00, 0xF8, 0x00, 0x00, 0xF8, 0x00,
    0x0F, 0x80, 0x00, 0x0F, 0x80, 0x00, 0xF8, 0x00, 0x00, 0xF8, 0x00, 0x0F, 0x80, 0x00, 0x0F, 0x80,
    0x00, 0xF8, 0x00, 0x00, 0xF8, 0x00, 0x0F, 0x80, 0x00, 0x0F, 0x80, 0x00, 0xF8, 0x00, 0x00, 0xF8,
    0x00, 0x0F, 0x80, 0x00, 0x0F, 0x80, 0x01, 0xF8, 0x00, 0x00, 0xFC, 0x03, 0xFF, 0xFF, 0xFF, 0xFF,
    0xFE, 0x00, 0x00, 0x0F, 0x80, 0x00, 0x00, 0x00, 0x00, 0xB0, 0x00, 0x00, 0x00, 0x00, 0x07, 0x00,
    0x00, 0x00, 0x00, 0x00, 0x30, 0x00, 0x00, 0x00, 0x00, 0x02, 0x00, 0x00, 0x00, 0x00, 0x00, 0x09,
    0x00, 0x00, 0x00, 0x00, 0x03, 0xC0, 0x00, 0x00, 0x00, 0x01, 0xF0, 0x00, 0x00, 0x00, 0x00, 0xFE,
    0x00, 0x00, 0x00, 0x00, 0x3B, 0xC0, 0x00, 0x00, 0x00, 0x25, 0xF0, 0x00, 0x00, 0x00, 0x0C, 0x3E,
    0x00, 0x00, 0x00, 0x02, 0x0B, 0xC0, 0x00, 0x00, 0x02, 0x41, 0xF4, 0x00, 0x00, 0x00, 0xC0, 0x3E,
    0x00, 0x00, 0x00, 0x60, 0x0B, 0xC0, 0x00, 0x00, 0x24, 0x01, 0xF4, 0x00, 0x00, 0x0C, 0x00, 0x3E,
    0x00, 0x00, 0x07, 0xFF, 0xFF, 0xC0, 0x00, 0x02, 0x40, 0x00, 0xF4, 0x00, 0x00, 0xC0, 0x00, 0x3E,
    0x00, 0x00, 0x60, 0x00, 0x0B, 0xC0, 0x00, 0x24, 0x00, 0x00, 0xF4, 0x00, 0x0C, 0x00, 0x00, 0x3E,
    0x00, 0x1F, 0x80, 0x00, 0x0F, 0xD0, 0x3F, 0xFC, 0x00, 0x3F, 0xFF, 0xC0, 0xFF, 0xFF, 0xFF, 0xFE,
    0x00, 0x7E, 0x00, 0x06, 0xE0, 0x03, 0xD0, 0x00, 0x0B, 0x00, 0x3D, 0x00, 0x00, 0x30, 0x03, 0xD0,
    0x00, 0x03, 0x00, 0x3D, 0x00, 0x00, 0x20, 0x03, 0xD0, 0x00, 0x01, 0x00, 0x3D, 0x00, 0x00, 0x00,
    0x03, 0xD0, 0x00, 0x00, 0x00, 0x3F, 0xBF, 0xFE, 0x00, 0x03, 0xE0, 0x00, 0xBE, 0x00, 0x3D, 0x00,
    0x01, 0xF8, 0x03, 0xD0, 0x00, 0x0B, 0xD0, 0x3D, 0x00, 0x00, 0x7E, 0x03, 0xD0, 0x00, 0x03, 0xF0,
    0x3D, 0x00, 0x00, 0x3E, 0x03, 0xD0, 0x00, 0x0B, 0xD0, 0x3D, 0x00, 0x00, 0xFC, 0x07, 0xE0, 0x00,
    0x7E, 0x0F, 0xFF, 0xFF, 0xFE, 0x40, 0xFF, 0xFF, 0xFF, 0xD0, 0x00, 0x7E, 0x00, 0x0B, 0xD0, 0x03,
    0xD0, 0x00, 0x2F, 0x00, 0x3D, 0x00, 0x00, 0xFC, 0x03, 0xD0, 0x00, 0x0F, 0xC0, 0x3D, 0x00, 0x00,
    0xFC, 0x03, 0xD0, 0x00, 0x0F, 0x80, 0x3D, 0x00, 0x02, 0xF0, 0x03, 0xD0, 0x01, 0xF8, 0x00, 0x3F,
    0xFF, 0xFD, 0x00, 0x03, 0xD0, 0x00, 0x7D, 0x00, 0x3D, 0x00, 0x00, 0xF8, 0x03, 0xD0, 0x00, 0x0B,
    0xD0, 0x3D, 0x00, 0x00, 0x3E, 0x03, 0xD0, 0x00, 0x03, 0xF0, 0x3D, 0x00, 0x00, 0x3F, 0x03, 0xD0,
    0x00, 0x07, 0xD0, 0x3D, 0x00, 0x00, 0xFC, 0x07, 0xE0, 0x00, 0x7F, 0x0F, 0xFF, 0xFF, 0xFE, 0x40,
    0x3F, 0xFF, 0xFF, 0xFF, 0x00, 0x7E, 0x00, 0x07, 0xD0, 0x0F, 0x80, 0x00, 0x34, 0x03, 0xE0, 0x00,
    0x06, 0x00, 0xF8, 0x00, 0x00, 0x80, 0x3E, 0x00, 0x00, 0x30, 0x0F, 0x80, 0x00, 0x04, 0x03, 0xE0,
    0x00, 0x00, 0x00, 0xF8, 0x00, 0x00, 0x00, 0x3E, 0x00, 0x00, 0x00, 0x0F, 0x80, 0x00, 0x00, 0x03,
    0xE0, 0x00, 0x00, 0x00, 0xF8, 0x00, 0x00, 0x00, 0x3E, 0x00, 0x00, 0x00, 0x0F, 0x80, 0x00, 0x00,
    0x03, 0xE0, 0x00, 0x00, 0x00, 0xF8, 0x00, 0x00, 0x00, 0x3E, 0x00, 0x00, 0x00, 0x1F, 0xC0, 0x00,
    0x00, 0xFF, 0xFF, 0xC0, 0x00, 0x00, 0x0F, 0xFF, 0xFF, 0xFF, 0xF8, 0x00, 0x00, 0x70, 0x00, 0x3F,
    0x00, 0x00, 0x00, 0x30, 0x00, 0x3E, 0x00, 0x00, 0x00, 0x30, 0x00, 0x3E, 0x00, 0x00, 0x00, 0x30,
    0x00, 0x3E, 0x00, 0x00, 0x00, 0x20, 0x00, 0x3E, 0x00, 0x00, 0x00, 0x20, 0x00, 0x3E, 0x00, 0x00,
    0x00, 0x20, 0x00, 0x3E, 0x00, 0x00, 0x00, 0x50, 0x00, 0x3E, 0x00, 0x00, 0x00, 0x50, 0x00, 0x3E,
    0x00, 0x00, 0x00, 0x80, 0x00, 0x3E, 0x00, 0x00, 0x00, 0xC0, 0x00, 0x3E, 0x00, 0x00, 0x00, 0x80,
    0x00, 0x3E, 0x00, 0x00, 0x01, 0x40, 0x00, 0x3E, 0x00, 0x00, 0x03, 0x00, 0x00, 0x3E, 0x00, 0x00,
    0x05, 0x00, 0x00, 0x3E, 0x00, 0x00, 0x0C, 0x00, 0x00, 0x3E, 0x00, 0x00, 0x24, 0x00, 0x00, 0x3E,
    0x00, 0x00, 0xA0, 0x00, 0x00, 0x3F, 0x00, 0x1F, 0xFF, 0xFF, 0xFF, 0xFF, 0xFC, 0x1E, 0x40, 0x00,
    0x00, 0x00, 0x7C, 0x28, 0x00, 0x00, 0x00, 0x00, 0x0C, 0x20, 0x00, 0x00, 0x00, 0x00, 0x09, 0x30,
    0x00, 0x00, 0x00, 0x00, 0x05, 0x30, 0x00, 0x00, 0x00, 0x00, 0x02, 0x30, 0x00, 0x00, 0x00, 0x00,
    0x01, 0x20, 0x00, 0x00, 0x00, 0x00, 0x00, 0x00, 0x00, 0x00, 0x00, 0x00, 0x00, 0x3F, 0xFF, 0xFF,
    0xFF, 0xD0, 0x07, 0xE0, 0x00, 0x1F, 0x40, 0x0F, 0x80, 0x00, 0x0E, 0x00, 0x3E, 0x00, 0x00, 0x18,
    0x00, 0xF8, 0x00, 0x00, 0x30, 0x03, 0xE0, 0x00, 0x00, 0xC0, 0x0F, 0x80, 0x0C, 0x01, 0x00, 0x3E,
    0x00, 0x30, 0x00, 0x00, 0xF8, 0x02, 0xC0, 0x00, 0x03, 0xFF, 0xFF, 0x00, 0x00, 0x0F, 0x80, 0x2C,
    0x00, 0x00, 0x3E, 0x00, 0x30, 0x00, 0x00, 0xF8, 0x00, 0xC0, 0x04, 0x03, 0xE0, 0x00, 0x00, 0x20,
    0x0F, 0x80, 0x00, 0x00, 0x80, 0x3E, 0x00, 0x00, 0x05, 0x00, 0xF8, 0x00, 0x00, 0x30, 0x03, 0xE0,
    0x00, 0x02, 0xC0, 0x1F, 0x80, 0x00, 0x6F, 0x0F, 0xFF, 0xFF, 0xFF, 0xFC, 0x7F, 0xF8, 0x00, 0xFF,
    0xFF, 0x80, 0x0F, 0xFF, 0x01, 0xF8, 0x00, 0x01, 0xFC, 0x00, 0x00, 0xF9, 0x00, 0x0A, 0x00, 0x00,
    0x3E, 0x00, 0x00, 0x34, 0x00, 0x00, 0xA0, 0x00, 0x0F, 0x80, 0x00, 0x30, 0x00, 0x00, 0x06, 0x00,
    0x03, 0xE0, 0x00, 0x30, 0x00, 0x00, 0x00, 0x60, 0x00, 0xF8, 0x00, 0x30, 0x00, 0x00, 0x00, 0x06,
    0x00, 0x3E, 0x00, 0x30, 0x00, 0x00, 0x00, 0x00, 0x60, 0x0F, 0x80, 0x30, 0x00, 0x00, 0x00, 0x00,
    0x2F, 0x03, 0xE0, 0x7C, 0x00, 0x00, 0x00, 0x00, 0x1F, 0xA0, 0xF8, 0x6F, 0xC0, 0x00, 0x00, 0x00,
    0x0F, 0xC3, 0x3E, 0x61, 0xF8, 0x00, 0x00, 0x00, 0x0B, 0xC0, 0x3F, 0xE0, 0x2F, 0x00, 0x00, 0x00,
    0x07, 0xE0, 0x03, 0xF0, 0x03, 0xF0, 0x00, 0x00, 0x03, 0xF0, 0x00, 0xF8, 0x00, 0x7E, 0x00, 0x00,
    0x02, 0xF0, 0x00, 0x3E, 0x00, 0x0B, 0xD0, 0x00, 0x01, 0xF8, 0x00, 0x0F, 0x80, 0x00, 0xFC, 0x00,
    0x00, 0xFC, 0x00, 0x03, 0xE0, 0x00, 0x0F, 0x80, 0x00, 0xBC, 0x00, 0x00, 0xF8, 0x00, 0x02, 0xF4,
    0x00, 0xBF, 0x40, 0x00, 0x7F, 0x00, 0x00, 0xBF, 0x43, 0xFF, 0xF8, 0x03, 0xFF, 0xFE, 0x00, 0xFF,
    0xFD, 0x20, 0x6F, 0xF8, 0x00, 0x3B, 0x90, 0x1F, 0x80, 0x3D, 0x00, 0x03, 0xE0, 0x34, 0x00, 0x01,
    0xF4, 0x30, 0x00, 0x00, 0xF8, 0x20, 0x00, 0x00, 0xF8, 0x00, 0x00, 0x01, 0xF0, 0x00, 0x00, 0x03,
    0xE0, 0x00, 0x00, 0x2F, 0x40, 0x00, 0x3F, 0xF8, 0x00, 0x00, 0x00, 0x1F, 0x80, 0x00, 0x00, 0x02,
    0xF0, 0x00, 0x00, 0x00, 0xFC, 0x00, 0x00, 0x00, 0xBD, 0x50, 0x00, 0x00, 0x7D, 0x60, 0x00, 0x00,
    0xBD, 0x30, 0x00, 0x00, 0xFC, 0x18, 0x00, 0x02, 0xF4, 0x0B, 0x40, 0x1F, 0xC0, 0x00, 0xBF, 0xF9,
    0x00, 0x3F, 0xFF, 0xE0, 0x3F, 0xFF, 0xE0, 0x1F, 0xC0, 0x00, 0x1F, 0xC0, 0x00, 0xF8, 0x00, 0x01,
    0xF8, 0x00, 0x0F, 0x80, 0x00, 0x3F, 0x80, 0x00, 0xF8, 0x00, 0x09, 0xF8, 0x00, 0x0F, 0x80, 0x01,
    0x8F, 0x80, 0x00, 0xF8, 0x00, 0x30, 0xF8, 0x00, 0x0F, 0x80, 0x09, 0x0F, 0x80, 0x00, 0xF8, 0x00,
    0x80, 0xF8, 0x00, 0x0F, 0x80, 0x30, 0x0F, 0x80, 0x00, 0xF8, 0x09, 0x00, 0xF8, 0x00, 0x0F, 0x80,
    0x80, 0x0F, 0x80, 0x00, 0xF8, 0x30, 0x00, 0xF8, 0x00, 0x0F, 0x85, 0x00, 0x0F, 0x80, 0x00, 0xF8,
    0x80, 0x00, 0xF8, 0x00, 0x0F, 0xB0, 0x00, 0x0F, 0x80, 0x00, 0xFD, 0x00, 0x00, 0xF8, 0x00, 0x0F,
    0xC0, 0x00, 0x0F, 0x80, 0x01, 0xFC, 0x00, 0x01, 0xFC, 0x03, 0xFF, 0xFE, 0x03, 0xFF, 0xFE, 0x00,
    0x00, 0x00, 0x00, 0x00, 0x00, 0x00, 0x2E, 0x03, 0xC0, 0x00, 0x00, 0x03, 0xF0, 0x7D, 0x00, 0x00,
    0x00, 0x2D, 0x03, 0xC0, 0x00, 0x00, 0x00, 0x7F, 0xE0, 0x00, 0x00, 0x00, 0x00, 0x00, 0x00, 0x00,
    0x3F, 0xFF, 0xE0, 0x3F, 0xFF, 0xE0, 0x1F, 0xC0, 0x00, 0x1F, 0xC0, 0x00, 0xF8, 0x00, 0x01, 0xF8,
    0x00, 0x0F, 0x80, 0x00, 0x3F, 0x80, 0x00, 0xF8, 0x00, 0x09, 0xF8, 0x00, 0x0F, 0x80, 0x01, 0x8F,
    0x80, 0x00, 0xF8, 0x00, 0x30, 0xF8, 0x00, 0x0F, 0x80, 0x09, 0x0F, 0x80, 0x00, 0xF8, 0x00, 0x80,
    0xF8, 0x00, 0x0F, 0x80, 0x30, 0x0F, 0x80, 0x00, 0xF8, 0x09, 0x00, 0xF8, 0x00, 0x0F, 0x80, 0x80,
    0x0F, 0x80, 0x00, 0xF8, 0x30, 0x00, 0xF8, 0x00, 0x0F, 0x85, 0x00, 0x0F, 0x80, 0x00, 0xF8, 0x80,
    0x00, 0xF8, 0x00, 0x0F, 0xB0, 0x00, 0x0F, 0x80, 0x00, 0xFD, 0x00, 0x00, 0xF8, 0x00, 0x0F, 0xC0,
    0x00, 0x0F, 0x80, 0x01, 0xFC, 0x00, 0x01, 0xFC, 0x03, 0xFF, 0xFE, 0x03, 0xFF, 0xFE, 0x3F, 0xFF,
    0xE0, 0x03, 0xFF, 0xC0, 0x1F, 0xC0, 0x00, 0x0F, 0x80, 0x00, 0xF8, 0x00, 0x00, 0xD0, 0x00, 0x0F,
    0x80, 0x00, 0x30, 0x00, 0x00, 0xF8, 0x00, 0x0C, 0x00, 0x00, 0x0F, 0x80, 0x03, 0x00, 0x00, 0x00,
    0xF8, 0x00, 0xC0, 0x00, 0x00, 0x0F, 0x80, 0x70, 0x00, 0x00, 0x00, 0xF8, 0x1F, 0x00, 0x00, 0x00,
    0x0F, 0x86, 0xFC, 0x00, 0x00, 0x00, 0xF9, 0x87, 0xD0, 0x00, 0x00, 0x0F, 0xE0, 0x2F, 0x00, 0x00,
    0x00, 0xF8, 0x00, 0xFC, 0x00, 0x00, 0x0F, 0x80, 0x07, 0xE0, 0x00, 0x00, 0xF8, 0x00, 0x2F, 0x00,
    0x00, 0x0F, 0x80, 0x00, 0xFC, 0x00, 0x00, 0xF8, 0x00, 0x07, 0xE0, 0x00, 0x0F, 0x80, 0x00, 0x2F,
    0x40, 0x01, 0xFC, 0x00, 0x02, 0xFD, 0x03, 0xFF, 0xFE, 0x00, 0xFF, 0xFD, 0x00, 0x3F, 0xFF, 0xFF,
    0xFF, 0xE0, 0x00, 0x1C, 0x00, 0x0F, 0xC0, 0x00, 0x00, 0xC0, 0x00, 0xF8, 0x00, 0x00, 0x08, 0x00,
    0x0F, 0x80, 0x00, 0x00, 0x80, 0x00, 0xF8, 0x00, 0x00, 0x08, 0x00, 0x0F, 0x80, 0x00, 0x00, 0x80,
    0x00, 0xF8, 0x00, 0x00, 0x08, 0x00, 0x0F, 0x80, 0x00, 0x00, 0x80, 0x00, 0xF8, 0x00, 0x00, 0x14,
    0x00, 0x0F, 0x80, 0x00, 0x01, 0x40, 0x00, 0xF8, 0x00, 0x00, 0x14, 0x00, 0x0F, 0x80, 0x00, 0x02,
    0x00, 0x00, 0xF8, 0x00, 0x00, 0x20, 0x00, 0x0F, 0x80, 0x00, 0x03, 0x00, 0x00, 0xF8, 0x02, 0xE0,
    0x20, 0x00, 0x0F, 0x80, 0x3F, 0x09, 0x00, 0x00, 0xF8, 0x03, 0xE0, 0xC0, 0x00, 0x0F, 0x80, 0x28,
    0x34, 0x00, 0x01, 0xFC, 0x00, 0xBD, 0x00, 0x03, 0xFF, 0xFE, 0xFF, 0xF0, 0x00, 0x00, 0x07, 0xFF,
    0x40, 0xFD, 0x00, 0x00, 0x02, 0xF8, 0x00, 0x3B, 0x80, 0x00, 0x00, 0xBE, 0x00, 0x0C, 0xF0, 0x00,
    0x00, 0x8F, 0x80, 0x03, 0x3D, 0x00, 0x00, 0x23, 0xE0, 0x00, 0xC7, 0xC0, 0x00, 0x14, 0xF8, 0x00,
    0x30, 0xF4, 0x00, 0x08, 0x3E, 0x00, 0x0C, 0x2E, 0x00, 0x02, 0x0F, 0x80, 0x03, 0x07, 0xC0, 0x01,
    0x03, 0xE0, 0x00, 0xC0, 0xF4, 0x00, 0x80, 0xF8, 0x00, 0x30, 0x2F, 0x00, 0x10, 0x3E, 0x00, 0x0C,
    0x03, 0xC0, 0x20, 0x0F, 0x80, 0x03, 0x00, 0xB8, 0x08, 0x03, 0xE0, 0x00, 0xC0, 0x1F, 0x05, 0x00,
    0xF8, 0x00, 0x30, 0x03, 0xD2, 0x00, 0x3E, 0x00, 0x0C, 0x00, 0xB8, 0x80, 0x0F, 0x80, 0x03, 0x00,
    0x0F, 0x80, 0x03, 0xE0, 0x00, 0xC0, 0x03, 0xE0, 0x00, 0xF8, 0x00, 0xB8, 0x00, 0x74, 0x00, 0x3E,
    0x03, 0xFF, 0xF0, 0x0C, 0x03, 0xFF, 0xFD, 0x3F, 0xFF, 0xE0, 0x3F, 0xFF, 0xE0, 0x1F, 0xC0, 0x00,
    0x1F, 0xC0, 0x00, 0xF8, 0x00, 0x00, 0xF8, 0x00, 0x0F, 0x80, 0x00, 0x0F, 0x80, 0x00, 0xF8, 0x00,
    0x00, 0xF8, 0x00, 0x0F, 0x80, 0x00, 0x0F, 0x80, 0x00, 0xF8, 0x00, 0x00, 0xF8, 0x00, 0x0F, 0x80,
    0x00, 0x0F, 0x80, 0x00, 0xF8, 0x00, 0x00, 0xF8, 0x00, 0x0F, 0xFF, 0xFF, 0xFF, 0x80, 0x00, 0xF8,
    0x00, 0x00, 0xF8, 0x00, 0x0F, 0x80, 0x00, 0x0F, 0x80, 0x00, 0xF8, 0x00, 0x00, 0xF8, 0x00, 0x0F,
    0x80, 0x00, 0x0F, 0x80, 0x00, 0xF8, 0x00, 0x00, 0xF8, 0x00, 0x0F, 0x80, 0x00, 0x0F, 0x80, 0x00,
    0xF8, 0x00, 0x00, 0xF8, 0x00, 0x0F, 0x80, 0x00, 0x0F, 0x80, 0x01, 0xFC, 0x00, 0x01, 0xFC, 0x03,
    0xFF, 0xFE, 0x03, 0xFF, 0xFE, 0x00, 0x02, 0xFF, 0x90, 0x00, 0x00, 0x2F, 0x40, 0x7D, 0x00, 0x00,
    0xF4, 0x00, 0x0F, 0x80, 0x03, 0xD0, 0x00, 0x03, 0xE0, 0x0F, 0xC0, 0x00, 0x00, 0xF4, 0x1F, 0x40,
    0x00, 0x00, 0xFC, 0x3F, 0x00, 0x00, 0x00, 0x7D, 0x3F, 0x00, 0x00, 0x00, 0x7E, 0x3E, 0x00, 0x00,
    0x00, 0x3F, 0x7E, 0x00, 0x00, 0x00, 0x3F, 0x7E, 0x00, 0x00, 0x00, 0x3F, 0x7E, 0x00, 0x00, 0x00,
    0x3F, 0x3F, 0x00, 0x00, 0x00, 0x7E, 0x3F, 0x00, 0x00, 0x00, 0xBD, 0x1F, 0x40, 0x00, 0x00, 0xFC,
    0x0F, 0xC0, 0x00, 0x01, 0xF4, 0x03, 0xE0, 0x00, 0x03, 0xE0, 0x00, 0xF8, 0x00, 0x0F, 0x80, 0x00,
    0x2F, 0x40, 0xBD, 0x00, 0x00, 0x02, 0xFF, 0x90, 0x00, 0x3F, 0xFF, 0xFF, 0xFF, 0xFF, 0xE0, 0x1F,
    0x80, 0x00, 0x0F, 0xC0, 0x00, 0xF8, 0x00, 0x00, 0xF8, 0x00, 0x0F, 0x80, 0x00, 0x0F, 0x80, 0x00,
    0xF8, 0x00, 0x00, 0xF8, 0x00, 0x0F, 0x80, 0x00, 0x0F, 0x80, 0x00, 0xF8, 0x00, 0x00, 0xF8, 0x00,
    0x0F, 0x80, 0x00, 0x0F, 0x80, 0x00, 0xF8, 0x00, 0x00, 0xF8, 0x00, 0x0F, 0x80, 0x00, 0x0F, 0x80,
    0x00, 0xF8, 0x00, 0x00, 0xF8, 0x00, 0x0F, 0x80, 0x00, 0x0F, 0x80, 0x00, 0xF8, 0x00, 0x00, 0xF8,
    0x00, 0x0F, 0x80, 0x00, 0x0F, 0x80, 0x00, 0xF8, 0x00, 0x00, 0xF8, 0x00, 0x0F, 0x80, 0x00, 0x0F,
    0x80, 0x00, 0xF8, 0x00, 0x00, 0xF8, 0x00, 0x0F, 0x80, 0x00, 0x0F, 0x80, 0x01, 0xFC, 0x00, 0x01,
    0xFC, 0x03, 0xFF, 0xFE, 0x03, 0xFF, 0xFE, 0xFF, 0xFF, 0xFF, 0x90, 0x00, 0x7E, 0x00, 0x1B, 0xC0,
    0x03, 0xE0, 0x00, 0x2F, 0x00, 0x3E, 0x00, 0x00, 0xF8, 0x03, 0xE0, 0x00, 0x0F, 0xC0, 0x3E, 0x00,
    0x00, 0xFC, 0x03, 0xE0, 0x00, 0x0F, 0xC0, 0x3E, 0x00, 0x00, 0xF8, 0x03, 0xE0, 0x00, 0x2F, 0x00,
    0x3E, 0x00, 0x1B, 0xC0, 0x03, 0xFF, 0xFF, 0x90, 0x00, 0x3E, 0x00, 0x00, 0x00, 0x03, 0xE0, 0x00,
    0x00, 0x00, 0x3E, 0x00, 0x00, 0x00, 0x03, 0xE0, 0x00, 0x00, 0x00, 0x3E, 0x00, 0x00, 0x00, 0x03,
    0xE0, 0x00, 0x00, 0x00, 0x3E, 0x00, 0x00, 0x00, 0x07, 0xF0, 0x00, 0x00, 0x0F, 0xFF, 0xF8, 0x00,
    0x00, 0x00, 0x01, 0xBF, 0x90, 0x20, 0x00, 0xBE, 0x00, 0xB1, 0xD0, 0x0F, 0x80, 0x00, 0x3F, 0x40,
    0xF8, 0x00, 0x00, 0x3D, 0x0B, 0xC0, 0x00, 0x00, 0xB4, 0x7D, 0x00, 0x00, 0x00, 0xD2, 0xF0, 0x00,
    0x00, 0x03, 0x4F, 0xC0, 0x00, 0x00, 0x09, 0x3E, 0x00, 0x00, 0x00, 0x01, 0xF8, 0x00, 0x00, 0x00,
    0x07, 0xE0, 0x00, 0x00, 0x00, 0x0F, 0x80, 0x00, 0x00, 0x00, 0x3F, 0x00, 0x00, 0x00, 0x00, 0xBC,
    0x00, 0x00, 0x00, 0x41, 0xF4, 0x00, 0x00, 0x02, 0x02, 0xF0, 0x00, 0x00, 0x0C, 0x03, 0xE0, 0x00,
    0x00, 0x90, 0x03, 0xE0, 0x00, 0x0A, 0x00, 0x02, 0xF8, 0x01, 0xD0, 0x00, 0x00, 0x7F, 0xF8, 0x00,
    0x7F, 0xFF, 0xFF, 0xFF, 0xF6, 0xE0, 0x03, 0xF0, 0x06, 0xD9, 0x00, 0x0F, 0x80, 0x02, 0xA0, 0x00,
    0x3E, 0x00, 0x06, 0x80, 0x00, 0xF8, 0x00, 0x0A, 0x00, 0x03, 0xE0, 0x00, 0x30, 0x00, 0x0F, 0x80,
    0x00, 0x00, 0x00, 0x3E, 0x00, 0x00, 0x00, 0x00, 0xF8, 0x00, 0x00, 0x00, 0x03, 0xE0, 0x00, 0x00,
    0x00, 0x0F, 0x80, 0x00, 0x00, 0x00, 0x3E, 0x00, 0x00, 0x00, 0x00, 0xF8, 0x00, 0x00, 0x00, 0x03,
    0xE0, 0x00, 0x00, 0x00, 0x0F, 0x80, 0x00, 0x00, 0x00, 0x3E, 0x00, 0x00, 0x00, 0x00, 0xF8, 0x00,
    0x00, 0x00, 0x03, 0xE0, 0x00, 0x00, 0x00, 0x1F, 0xC0, 0x00, 0x00, 0x3F, 0xFF, 0xFF, 0x00, 0x7F,
    0xFF, 0x40, 0x03, 0xFF, 0xC0, 0x3F, 0x80, 0x00, 0x07, 0xD0, 0x00, 0xFC, 0x00, 0x00, 0x24, 0x00,
    0x07, 0xD0, 0x00, 0x03, 0x00, 0x00, 0x3F, 0x00, 0x00, 0x60, 0x00, 0x01, 0xF8, 0x00, 0x09, 0x00,
    0x00, 0x0B, 0xC0, 0x00, 0xC0, 0x00, 0x00, 0x3E, 0x00, 0x18, 0x00, 0x00, 0x01, 0xF4, 0x02, 0x00,
    0x00, 0x00, 0x0F, 0xC0, 0x30, 0x00, 0x00, 0x00, 0x7E, 0x06, 0x00, 0x00, 0x00, 0x02, 0xF0, 0xC0,
    0x00, 0x00, 0x00, 0x0F, 0x8C, 0x00, 0x00, 0x00, 0x00, 0x7F, 0x40, 0x00, 0x00, 0x00, 0x03, 0xF0,
    0x00, 0x00, 0x0B, 0x80, 0x0E, 0x00, 0x00, 0x00, 0xFC, 0x00, 0xC0, 0x00, 0x00, 0x0F, 0x80, 0x28,
    0x00, 0x00, 0x00, 0x60, 0x1E, 0x00, 0x00, 0x00, 0x01, 0xFE, 0x40, 0x00, 0x00, 0x00, 0x0F, 0xFF,
    0xFF, 0x00, 0x00, 0x00, 0x02, 0xF8, 0x00, 0x00, 0x00, 0x00, 0x0F, 0x40, 0x00, 0x00, 0x01, 0xBF,
    0xFF, 0xE4, 0x00, 0x01, 0xF9, 0x0F, 0x46, 0xF8, 0x00, 0xBC, 0x00, 0xF4, 0x03, 0xF0, 0x2F, 0x40,
    0x0F, 0x40, 0x0F, 0x83, 0xF0, 0x00, 0xF4, 0x00, 0xBC, 0x7E, 0x00, 0x0F, 0x40, 0x07, 0xD7, 0xE0,
    0x00, 0xF4, 0x00, 0x7D, 0x7E, 0x00, 0x0F, 0x40, 0x07, 0xD3, 0xE0, 0x00, 0xF4, 0x00, 0xBD, 0x3F,
    0x00, 0x0F, 0x40, 0x0B, 0xC1, 0xF4, 0x00, 0xF4, 0x00, 0xF8, 0x0B, 0xC0, 0x0F, 0x40, 0x3F, 0x00,
    0x1F, 0x90, 0xF4, 0x6F, 0x80, 0x00, 0x1B, 0xFF, 0xFE, 0x40, 0x00, 0x00, 0x00, 0xF4, 0x00, 0x00,
    0x00, 0x00, 0x1F, 0x80, 0x00, 0x00, 0x00, 0xFF, 0xFF, 0xF0, 0x00, 0x3F, 0xFF, 0xC0, 0x3F, 0xFF,
    0x00, 0x1F, 0xE0, 0x00, 0xBD, 0x00, 0x00, 0x7E, 0x00, 0x07, 0x00, 0x00, 0x02, 0xF0, 0x00, 0xC0,
    0x00, 0x00, 0x0F, 0xC0, 0x28, 0x00, 0x00, 0x00, 0x7E, 0x07, 0x00, 0x00, 0x00, 0x02, 0xF0, 0xC0,
    0x00, 0x00, 0x00, 0x0F, 0xE4, 0x00, 0x00, 0x00, 0x00, 0x7F, 0x00, 0x00, 0x00, 0x00, 0x02, 0xF0,
    0x00, 0x00, 0x00, 0x00, 0x2F, 0xC0, 0x00, 0x00, 0x00, 0x07, 0x7E, 0x00, 0x00, 0x00, 0x00, 0xC2,
    0xF0, 0x00, 0x00, 0x00, 0x24, 0x0F, 0xC0, 0x00, 0x00, 0x07, 0x00, 0x7D, 0x00, 0x00, 0x00, 0xC0,
    0x02, 0xF0, 0x00, 0x00, 0x24, 0x00, 0x0F, 0xC0, 0x00, 0x07, 0x00, 0x00, 0x7D, 0x00, 0x06, 0xF4,
    0x00, 0x07, 0xF4, 0x07, 0xFF, 0xE0, 0x03, 0xFF, 0xFC, 0x3F, 0xFF, 0xE0, 0x3F, 0xFF, 0xE0, 0x07,
    0xF0, 0x00, 0x07, 0xF0, 0x00, 0x0F, 0x80, 0x00, 0x0F, 0x80, 0x00, 0x3E, 0x00, 0x00, 0x3E, 0x00,
    0x00, 0xF8, 0x00, 0x00, 0xF8, 0x00, 0x03, 0xE0, 0x00, 0x03, 0xE0, 0x00, 0x0F, 0x80, 0x00, 0x0F,
    0x80, 0x00, 0x3E, 0x00, 0x00, 0x3E, 0x00, 0x00, 0xF8, 0x00, 0x00, 0xF8, 0x00, 0x03, 0xE0, 0x00,
    0x03, 0xE0, 0x00, 0x0F, 0x80, 0x00, 0x0F, 0x80, 0x00, 0x3E, 0x00, 0x00, 0x3E, 0x00, 0x00, 0xF8,
    0x00, 0x00, 0xF8, 0x00, 0x03, 0xE0, 0x00, 0x03, 0xE0, 0x00, 0x0F, 0x80, 0x00, 0x0F, 0x80, 0x00,
    0x3E, 0x00, 0x00, 0x3E, 0x00, 0x00, 0xF8, 0x00, 0x00, 0xF8, 0x00, 0x03, 0xE0, 0x00, 0x03, 0xE0,
    0x00, 0x1F, 0x80, 0x00, 0x0F, 0xC0, 0x0F, 0xFF, 0xFF, 0xFF, 0xFF, 0xFC, 0x00, 0x00, 0x00, 0x00,
    0x01, 0xF0, 0x00, 0x00, 0x00, 0x00, 0x00, 0xC0, 0x00, 0x00, 0x00, 0x00, 0x02, 0x40, 0x00, 0x00,
    0x00, 0x00, 0x05, 0x00, 0x00, 0x00, 0x00, 0x00, 0x08, 0x00, 0x00, 0x00, 0x00, 0x00, 0x10, 0x3F,
    0xFF, 0xE0, 0x3F, 0xFF, 0xE0, 0x1F, 0xC0, 0x00, 0x1F, 0xC0, 0x00, 0xF8, 0x00, 0x00, 0xF8, 0x00,
    0x0F, 0x80, 0x00, 0x0F, 0x80, 0x00, 0xF8, 0x00, 0x00, 0xF8, 0x00, 0x0F, 0x80, 0x00, 0x0F, 0x80,
    0x00, 0xF8, 0x00, 0x00, 0xF8, 0x00, 0x0F, 0x80, 0x00, 0x0F, 0x80, 0x00, 0x7C, 0x00, 0x00, 0xF8,
    0x00, 0x01, 0xF0, 0x00, 0x6F, 0x80, 0x00, 0x02, 0xFF, 0xE4, 0xF8, 0x00, 0x00, 0x00, 0x00, 0x0F,
    0x80, 0x00, 0x00, 0x00, 0x00, 0xF8, 0x00, 0x00, 0x00, 0x00, 0x0F, 0x80, 0x00, 0x00, 0x00, 0x00,
    0xF8, 0x00, 0x00, 0x00, 0x00, 0x0F, 0x80, 0x00, 0x00, 0x00, 0x00, 0xF8, 0x00, 0x00, 0x00, 0x00,
    0x0F, 0x80, 0x00, 0x00, 0x00, 0x01, 0xFC, 0x00, 0x00, 0x00, 0x03, 0xFF, 0xFE, 0x3F, 0xFF, 0xE0,
    0xFF, 0xFF, 0x83, 0xFF, 0xFE, 0x01, 0xFC, 0x00, 0x07, 0xF0, 0x00, 0x1F, 0xC0, 0x00, 0xF8, 0x00,
    0x03, 0xE0, 0x00, 0x0F, 0x80, 0x00, 0xF8, 0x00, 0x03, 0xE0, 0x00, 0x0F, 0x80, 0x00, 0xF8, 0x00,
    0x03, 0xE0, 0x00, 0x0F, 0x80, 0x00, 0xF8, 0x00, 0x03, 0xE0, 0x00, 0x0F, 0x80, 0x00, 0xF8, 0x00,
    0x03, 0xE0, 0x00, 0x0F, 0x80, 0x00, 0xF8, 0x00, 0x03, 0xE0, 0x00, 0x0F, 0x80, 0x00, 0xF8, 0x00,
    0x03, 0xE0, 0x00, 0x0F, 0x80, 0x00, 0xF8, 0x00, 0x03, 0xE0, 0x00, 0x0F, 0x80, 0x00, 0xF8, 0x00,
    0x03, 0xE0, 0x00, 0x0F, 0x80, 0x00, 0xF8, 0x00, 0x03, 0xE0, 0x00, 0x0F, 0x80, 0x00, 0xF8, 0x00,
    0x03, 0xE0, 0x00, 0x0F, 0x80, 0x00, 0xF8, 0x00, 0x03, 0xE0, 0x00, 0x0F, 0x80, 0x00, 0xF8, 0x00,
    0x03, 0xE0, 0x00, 0x0F, 0x80, 0x00, 0xF8, 0x00, 0x03, 0xE0, 0x00, 0x0F, 0x80, 0x00, 0xF8, 0x00,
    0x03, 0xE0, 0x00, 0x0F, 0x80, 0x00, 0xF8, 0x00, 0x03, 0xE0, 0x00, 0x0F, 0x80, 0x01, 0xF8, 0x00,
    0x03, 0xE0, 0x00, 0x0F, 0xC0, 0x3F, 0xFF, 0xFF, 0xFF, 0xFF, 0xFF, 0xFF, 0xFE, 0x3F, 0xFF, 0xE0,
    0xFF, 0xFF, 0x83, 0xFF, 0xFE, 0x00, 0x7F, 0x00, 0x01, 0xFC, 0x00, 0x07, 0xF0, 0x00, 0x0F, 0x80,
    0x00, 0x3E, 0x00, 0x00, 0xF8, 0x00, 0x03, 0xE0, 0x00, 0x0F, 0x80, 0x00, 0x3E, 0x00, 0x00, 0xF8,
    0x00, 0x03, 0xE0, 0x00, 0x0F, 0x80, 0x00, 0x3E, 0x00, 0x00, 0xF8, 0x00, 0x03, 0xE0, 0x00, 0x0F,
    0x80, 0x00, 0x3E, 0x00, 0x00, 0xF8, 0x00, 0x03, 0xE0, 0x00, 0x0F, 0x80, 0x00, 0x3E, 0x00, 0x00,
    0xF8, 0x00, 0x03, 0xE0, 0x00, 0x0F, 0x80, 0x00, 0x3E, 0x00, 0x00, 0xF8, 0x00, 0x03, 0xE0, 0x00,
    0x0F, 0x80, 0x00, 0x3E, 0x00, 0x00, 0xF8, 0x00, 0x03, 0xE0, 0x00, 0x0F, 0x80, 0x00, 0x3E, 0x00,
    0x00, 0xF8, 0x00, 0x03, 0xE0, 0x00, 0x0F, 0x80, 0x00, 0x3E, 0x00, 0x00, 0xF8, 0x00, 0x03, 0xE0,
    0x00, 0x0F, 0x80, 0x00, 0x3E, 0x00, 0x00, 0xF8, 0x00, 0x03, 0xE0, 0x00, 0x0F, 0x80, 0x00, 0x3E,
    0x00, 0x00, 0xF8, 0x00, 0x03, 0xE0, 0x00, 0x0F, 0x80, 0x00, 0x3E, 0x00, 0x00, 0xF8, 0x00, 0x03,
    0xE0, 0x00, 0x1F, 0x80, 0x00, 0x3E, 0x00, 0x00, 0xFC, 0x00, 0xFF, 0xFF, 0xFF, 0xFF, 0xFF, 0xFF,
    0xFF, 0xFC, 0x00, 0x00, 0x00, 0x00, 0x00, 0x00, 0x00, 0x1F, 0x00, 0x00, 0x00, 0x00, 0x00, 0x00,
    0x00, 0x00, 0xC0, 0x00, 0x00, 0x00, 0x00, 0x00, 0x00, 0x00, 0x24, 0x00, 0x00, 0x00, 0x00, 0x00,
    0x00, 0x00, 0x05, 0x00, 0x00, 0x00, 0x00, 0x00, 0x00, 0x00, 0x00, 0x80, 0x00, 0x00, 0x00, 0x00,
    0x00, 0x00, 0x00, 0x10, 0x7F, 0xFF, 0xFF, 0x00, 0x00, 0x00, 0xB8, 0x00, 0xFC, 0x00, 0x00, 0x00,
    0x90, 0x00, 0xF8, 0x00, 0x00, 0x00, 0x80, 0x00, 0xF8, 0x00, 0x00, 0x00, 0x80, 0x00, 0xF8, 0x00,
    0x00, 0x00, 0x80, 0x00, 0xF8, 0x00, 0x00, 0x00, 0x00, 0x00, 0xF8, 0x00, 0x00, 0x00, 0x00, 0x00,
    0xF8, 0x00, 0x00, 0x00, 0x00, 0x00, 0xF8, 0x00, 0x00, 0x00, 0x00, 0x00, 0xFE, 0xFF, 0xF9, 0x00,
    0x00, 0x00, 0xF8, 0x00, 0x1F, 0xC0, 0x00, 0x00, 0xF8, 0x00, 0x03, 0xF0, 0x00, 0x00, 0xF8, 0x00,
    0x01, 0xF8, 0x00, 0x00, 0xF8, 0x00, 0x00, 0xFC, 0x00, 0x00, 0xF8, 0x00, 0x00, 0xFC, 0x00, 0x00,
    0xF8, 0x00, 0x00, 0xFC, 0x00, 0x00, 0xF8, 0x00, 0x01, 0xF8, 0x00, 0x00, 0xF8, 0x00, 0x03, 0xF0,
    0x00, 0x00, 0xFC, 0x00, 0x1F, 0xC0, 0x00, 0x3F, 0xFF, 0xFF, 0xFD, 0x00, 0xFF, 0xFF, 0x40, 0x00,
    0x2F, 0xFF, 0xF0, 0x7E, 0x00, 0x00, 0x00, 0x0F, 0xD0, 0x03, 0xD0, 0x00, 0x00, 0x00, 0xBC, 0x00,
    0x3D, 0x00, 0x00, 0x00, 0x0B, 0xC0, 0x03, 0xD0, 0x00, 0x00, 0x00, 0xBC, 0x00, 0x3D, 0x00, 0x00,
    0x00, 0x0B, 0xC0, 0x03, 0xD0, 0x00, 0x00, 0x00, 0xBC, 0x00, 0x3D, 0x00, 0x00, 0x00, 0x0B, 0xC0,
    0x03, 0xD0, 0x00, 0x00, 0x00, 0xBC, 0x00, 0x3F, 0xFF, 0xFE, 0x00, 0x0B, 0xC0, 0x03, 0xD0, 0x00,
    0xBE, 0x00, 0xBC, 0x00, 0x3D, 0x00, 0x01, 0xF8, 0x0B, 0xC0, 0x03, 0xD0, 0x00, 0x0B, 0xD0, 0xBC,
    0x00, 0x3D, 0x00, 0x00, 0x3F, 0x0B, 0xC0, 0x03, 0xD0, 0x00, 0x03, 0xF0, 0xBC, 0x00, 0x3D, 0x00,
    0x00, 0x7E, 0x0B, 0xC0, 0x03, 0xD0, 0x00, 0x0B, 0xD0, 0xBC, 0x00, 0x3D, 0x00, 0x01, 0xF8, 0x0B,
    0xC0, 0x07, 0xE0, 0x00, 0x7E, 0x00, 0xFD, 0x0F, 0xFF, 0xFF, 0xFE, 0x42, 0xFF, 0xFF, 0xFF, 0xFF,
    0x40, 0x00, 0x00, 0x7E, 0x00, 0x00, 0x00, 0x03, 0xD0, 0x00, 0x00, 0x00, 0x3D, 0x00, 0x00, 0x00,
    0x03, 0xD0, 0x00, 0x00, 0x00, 0x3D, 0x00, 0x00, 0x00, 0x03, 0xD0, 0x00, 0x00, 0x00, 0x3D, 0x00,
    0x00, 0x00, 0x03, 0xD0, 0x00, 0x00, 0x00, 0x3F, 0xFF, 0xFE, 0x00, 0x03, 0xD0, 0x00, 0xBE, 0x00,
    0x3D, 0x00, 0x01, 0xF8, 0x03, 0xD0, 0x00, 0x0B, 0xD0, 0x3D, 0x00, 0x00, 0x3F, 0x03, 0xD0, 0x00,
    0x03, 0xF0, 0x3D, 0x00, 0x00, 0x7E, 0x03, 0xD0, 0x00, 0x0B, 0xD0, 0x3D, 0x00, 0x01, 0xF8, 0x07,
    0xE0, 0x00, 0x7E, 0x0F, 0xFF, 0xFF, 0xFE, 0x40, 0x50, 0x2F, 0xF9, 0x00, 0x01, 0xD7, 0x40, 0x2F,
    0x40, 0x07, 0xE0, 0x00, 0x0B, 0x80, 0x1E, 0x00, 0x00, 0x0B, 0x80, 0x70, 0x00, 0x00, 0x0F, 0x81,
    0x80, 0x00, 0x00, 0x1F, 0x05, 0x00, 0x00, 0x00, 0x3E, 0x00, 0x00, 0x00, 0x00, 0xFC, 0x00, 0x00,
    0x00, 0x03, 0xF0, 0x0B, 0xFF, 0x90, 0x0F, 0xD0, 0x00, 0x1B, 0xFE, 0x7F, 0x00, 0x00, 0x00, 0x00,
    0xFC, 0x00, 0x00, 0x00, 0x03, 0xF0, 0x00, 0x00, 0x00, 0x1F, 0x85, 0x00, 0x00, 0x00, 0xFC, 0x08,
    0x00, 0x00, 0x07, 0xD0, 0x30, 0x00, 0x00, 0x3E, 0x00, 0x30, 0x00, 0x03, 0xE0, 0x00, 0x39, 0x01,
    0xBD, 0x00, 0x00, 0x1B, 0xFE, 0x40, 0x00, 0x3F, 0xFF, 0xE0, 0x00, 0x0B, 0xFE, 0x40, 0x00, 0x07,
    0xF0, 0x00, 0x02, 0xF4, 0x07, 0xD0, 0x00, 0x0F, 0x80, 0x00, 0x3E, 0x00, 0x03, 0xE0, 0x00, 0x3E,
    0x00, 0x03, 0xE0, 0x00, 0x03, 0xD0, 0x00, 0xF8, 0x00, 0x2F, 0x00, 0x00, 0x03, 0xC0, 0x03, 0xE0,
    0x00, 0xF4, 0x00, 0x00, 0x0F, 0xC0, 0x0F, 0x80, 0x0B, 0xC0, 0x00, 0x00, 0x1F, 0x40, 0x3E, 0x00,
    0x3F, 0x00, 0x00, 0x00, 0x3E, 0x00, 0xF8, 0x00, 0xFC, 0x00, 0x00, 0x00, 0xFC, 0x03, 0xE0, 0x07,
    0xE0, 0x00, 0x00, 0x03, 0xF0, 0x0F, 0xFF, 0xFF, 0x80, 0x00, 0x00, 0x0F, 0xC0, 0x3E, 0x00, 0x3F,
    0x00, 0x00, 0x00, 0x3F, 0x00, 0xF8, 0x00, 0xFC, 0x00, 0x00, 0x00, 0xF8, 0x03, 0xE0, 0x03, 0xF0,
    0x00, 0x00, 0x07, 0xD0, 0x0F, 0x80, 0x07, 0xD0, 0x00, 0x00, 0x3F, 0x00, 0x3E, 0x00, 0x0F, 0xC0,
    0x00, 0x00, 0xF8, 0x00, 0xF8, 0x00, 0x0F, 0x80, 0x00, 0x0F, 0x80, 0x03, 0xE0, 0x00, 0x1F, 0x40,
    0x00, 0xF8, 0x00, 0x1F, 0xC0, 0x00, 0x0B, 0xD0, 0x1F, 0x40, 0x0F, 0xFF, 0xF8, 0x00, 0x02, 0xFF,
    0x90, 0x00, 0x00, 0x01, 0xBF, 0xFF, 0xFF, 0x80, 0x0B, 0xD0, 0x00, 0xFC, 0x00, 0x0F, 0x80, 0x00,
    0x3E, 0x00, 0x0F, 0xC0, 0x00, 0x0F, 0x80, 0x03, 0xE0, 0x00, 0x03, 0xE0, 0x01, 0xF8, 0x00, 0x00,
    0xF8, 0x00, 0x3E, 0x00, 0x00, 0x3E, 0x00, 0x0B, 0xC0, 0x00, 0x0F, 0x80, 0x00, 0xF8, 0x00, 0x03,
    0xE0, 0x00, 0x0B, 0xD0, 0x00, 0xF8, 0x00, 0x00, 0x1F, 0xFF, 0xFE, 0x00, 0x00, 0x02, 0xF0, 0x0F,
    0x80, 0x00, 0x02, 0xF4, 0x03, 0xE0, 0x00, 0x01, 0xF8, 0x00, 0xF8, 0x00, 0x00, 0xF8, 0x00, 0x3E,
    0x00, 0x00, 0xFC, 0x00, 0x0F, 0x80, 0x00, 0xBC, 0x00, 0x03, 0xE0, 0x00, 0xBD, 0x00, 0x00, 0xF8,
    0x00, 0xBF, 0x00, 0x00, 0x7F, 0x03, 0xFF, 0xFC, 0x03, 0xFF, 0xFE, 0x02, 0xFE, 0x00, 0x00, 0x90,
    0x7D, 0x00, 0x3D, 0x00, 0xF0, 0x03, 0xE0, 0x0B, 0x40, 0x2D, 0x00, 0xB4, 0x00, 0x06, 0xBF, 0x40,
    0x07, 0xD0, 0xB4, 0x02, 0xE0, 0x0B, 0x40, 0x7C, 0x00, 0xB4, 0x0B, 0x80, 0x0B, 0x45, 0xB8, 0x00,
    0xF4, 0x53, 0xD0, 0x73, 0xC8, 0x0B, 0xF8, 0x1F, 0x40, 0x00, 0x00, 0x00, 0x00, 0x00, 0x00, 0xB8,
    0x00, 0x06, 0xFF, 0x40, 0x0B, 0xFF, 0xD0, 0x03, 0xF9, 0x00, 0x00, 0xF4, 0x00, 0x00, 0x1D, 0x00,
    0x00, 0x02, 0x80, 0x00, 0x00, 0x30, 0x6F, 0xE0, 0x03, 0x2D, 0x02, 0xD0, 0x2B, 0x00, 0x0B, 0x03,
    0xE0, 0x00, 0x3C, 0x3D, 0x00, 0x03, 0xD3, 0xD0, 0x00, 0x3E, 0x3C, 0x00, 0x03, 0xE3, 0xC0, 0x00,
    0x3E, 0x3D, 0x00, 0x03, 0xD1, 0xE0, 0x00, 0x3C, 0x0F, 0x00, 0x0B, 0x40, 0x3D, 0x02, 0xD0, 0x00,
    0x6F, 0xE0, 0x00, 0x3F, 0xFF, 0xF8, 0x00, 0x7C, 0x01, 0xF0, 0x03, 0xC0, 0x0B, 0xC0, 0x3C, 0x00,
    0xB8, 0x03, 0xC0, 0x2E, 0x00, 0x3F, 0xFF, 0x40, 0x03, 0xC0, 0x1E, 0x00, 0x3C, 0x00, 0x7C, 0x03,
    0xC0, 0x03, 0xD0, 0x3C, 0x00, 0x3D, 0x03, 0xC0, 0x07, 0xC0, 0x7C, 0x01, 0xF4, 0x3F, 0xFF, 0xF8,
    0x00, 0x7F, 0xFF, 0xFF, 0x01, 0xF0, 0x02, 0xC0, 0x3C, 0x00, 0x30, 0x0F, 0x00, 0x08, 0x03, 0xC0,
    0x00, 0x00, 0xF0, 0x00, 0x00, 0x3C, 0x00, 0x00, 0x0F, 0x00, 0x00, 0x03, 0xC0, 0x00, 0x00, 0xF0,
    0x00, 0x00, 0x3C, 0x00, 0x00, 0x1F, 0x40, 0x00, 0x7F, 0xFF, 0x00, 0x00, 0x01, 0xFF, 0xFF, 0xFD,
    0x00, 0x0A, 0x00, 0xF4, 0x00, 0x00, 0x40, 0x3C, 0x00, 0x00, 0x50, 0x0F, 0x00, 0x00, 0x14, 0x03,
    0xC0, 0x00, 0x05, 0x00, 0xF0, 0x00, 0x02, 0x00, 0x3C, 0x00, 0x00, 0x80, 0x0F, 0x00, 0x00, 0x20,
    0x03, 0xC0, 0x00, 0x24, 0x00, 0xF0, 0x00, 0x08, 0x00, 0x3C, 0x00, 0x1C, 0x00, 0x0F, 0x40, 0xBF,
    0xFF, 0xFF, 0xFE, 0x2D, 0x00, 0x00, 0x07, 0x89, 0x00, 0x00, 0x00, 0x73, 0x00, 0x00, 0x00, 0x0C,
    0x80, 0x00, 0x00, 0x03, 0x00, 0x00, 0x7F, 0xD0, 0x00, 0xF4, 0x1E, 0x00, 0xF0, 0x02, 0xD0, 0xB8,
    0x00, 0x3C, 0x3D, 0x00, 0x0F, 0x0F, 0xFF, 0xFF, 0xC3, 0xC0, 0x00, 0x00, 0xF4, 0x00, 0x00, 0x3D,
    0x00, 0x00, 0x07, 0xC0, 0x00, 0xC0, 0xB4, 0x00, 0x50, 0x0B, 0x80, 0xA0, 0x00, 0x6F, 0xD0, 0x00,
    0x3F, 0xF0, 0x3F, 0xFC, 0x0F, 0xFC, 0x07, 0xE0, 0x07, 0xD0, 0x07, 0xD0, 0x00, 0x70, 0x03, 0xC0,
    0x0E, 0x00, 0x00, 0x0C, 0x03, 0xC0, 0x34, 0x00, 0x00, 0x02, 0x43, 0xC1, 0xC0, 0x00, 0x00, 0x03,
    0xE3, 0xCB, 0xC0, 0x00, 0x00, 0x0B, 0x9F, 0xE6, 0xF0, 0x00, 0x00, 0x1F, 0x03, 0xC0, 0xB8, 0x00,
    0x00, 0x3C, 0x03, 0xC0, 0x3D, 0x00, 0x00, 0xF4, 0x03, 0xC0, 0x0F, 0x00, 0x03, 0xE0, 0x03, 0xC0,
    0x07, 0xC0, 0x0F, 0xD0, 0x07, 0xD0, 0x03, 0xF0, 0xBF, 0xF0, 0x3F, 0xFC, 0x0F, 0xFE, 0x22, 0xFF,
    0x90, 0x39, 0x00, 0xBC, 0x30, 0x00, 0x3D, 0x00, 0x00, 0x3D, 0x00, 0x00, 0xB4, 0x00, 0xBF, 0x80,
    0x00, 0x01, 0xF4, 0x00, 0x00, 0x3D, 0x00, 0x00, 0x2F, 0x50, 0x00, 0x2F, 0x30, 0x00, 0x3E, 0x29,
    0x01, 0xF8, 0x06, 0xFF, 0x90, 0x7F, 0xFC, 0x3F, 0xFD, 0x07, 0xD0, 0x07, 0xD0, 0x03, 0xC0, 0x03,
    0xC0, 0x03, 0xC0, 0x0B, 0xC0, 0x03, 0xC0, 0x23, 0xC0, 0x03, 0xC0, 0x93, 0xC0, 0x03, 0xC1, 0x43,
    0xC0, 0x03, 0xC6, 0x03, 0xC0, 0x03, 0xC8, 0x03, 0xC0, 0x03, 0xF0, 0x03, 0xC0, 0x03, 0xD0, 0x03,
    0xC0, 0x07, 0xC0, 0x07, 0xD0, 0x7F, 0xFC, 0x3F, 0xFD, 0x00, 0x00, 0x00, 0x00, 0x00, 0xF4, 0x1F,
    0x00, 0x00, 0xF8, 0x2F, 0x40, 0x00, 0xF0, 0x0F, 0x00, 0x00, 0x1F, 0xF8, 0x00, 0x00, 0x00, 0x00,
    0x00, 0x7F, 0xFC, 0x3F, 0xFD, 0x07, 0xD0, 0x07, 0xD0, 0x03, 0xC0, 0x03, 0xC0, 0x03, 0xC0, 0x0B,
    0xC0, 0x03, 0xC0, 0x23, 0xC0, 0x03, 0xC0, 0x93, 0xC0, 0x03, 0xC1, 0x43, 0xC0, 0x03, 0xC6, 0x03,
    0xC0, 0x03, 0xC8, 0x03, 0xC0, 0x03, 0xF0, 0x03, 0xC0, 0x03, 0xD0, 0x03, 0xC0, 0x07, 0xC0, 0x07,
    0xD0, 0x7F, 0xFC, 0x3F, 0xFD, 0x7F, 0xFC, 0x0F, 0xFC, 0x07, 0xC0, 0x0B, 0xD0, 0x03, 0xC0, 0x0D,
    0x00, 0x03, 0xC0, 0x34, 0x00, 0x03, 0xC1, 0xC0, 0x00, 0x03, 0xCB, 0xC0, 0x00, 0x03, 0xF6, 0xE0,
    0x00, 0x03, 0xC0, 0xF8, 0x00, 0x03, 0xC0, 0x3D, 0x00, 0x03, 0xC0, 0x0F, 0x00, 0x03, 0xC0, 0x07,
    0xC0, 0x07, 0xC0, 0x07, 0xF0, 0x7F, 0xFC, 0x0F, 0xFE, 0x02, 0xFF, 0xFF, 0xFD, 0x00, 0x28, 0x03,
    0xD0, 0x00, 0x04, 0x03, 0xC0, 0x00, 0x04, 0x03, 0xC0, 0x00, 0x14, 0x03, 0xC0, 0x00, 0x14, 0x03,
    0xC0, 0x00, 0x14, 0x03, 0xC0, 0x00, 0x20, 0x03, 0xC0, 0x00, 0x20, 0x03, 0xC0, 0x00, 0x30, 0x03,
    0xC0, 0x38, 0x60, 0x03, 0xC0, 0x78, 0xC0, 0x03, 0xD0, 0x2F, 0x40, 0x3F, 0xFD, 0x3F, 0xD0, 0x00,
    0x0F, 0xF4, 0x0F, 0xC0, 0x00, 0xBD, 0x00, 0x3B, 0x40, 0x02, 0xB0, 0x00, 0xCE, 0x00, 0x16, 0xC0,
    0x03, 0x2C, 0x00, 0x8B, 0x00, 0x0C, 0x78, 0x01, 0x2C, 0x00, 0x30, 0xF0, 0x20, 0xB0, 0x00, 0xC1,
    0xD0, 0x82, 0xC0, 0x03, 0x03, 0xC4, 0x0B, 0x00, 0x0C, 0x0B, 0x60, 0x2C, 0x00, 0x30, 0x0F, 0x40,
    0xB0, 0x02, 0xE0, 0x3C, 0x03, 0xD0, 0x3F, 0xF0, 0x50, 0xFF, 0xF4, 0x7F, 0xFC, 0x3F, 0xFD, 0x07,
    0xD0, 0x07, 0xD0, 0x03, 0xC0, 0x03, 0xC0, 0x03, 0xC0, 0x03, 0xC0, 0x03, 0xC0, 0x03, 0xC0, 0x03,
    0xFF, 0xFF, 0xC0, 0x03, 0xC0, 0x03, 0xC0, 0x03, 0xC0, 0x03, 0xC0, 0x03, 0xC0, 0x03, 0xC0, 0x03,
    0xC0, 0x03, 0xC0, 0x03, 0xC0, 0x03, 0xC0, 0x07, 0xD0, 0x07, 0xD0, 0x7F, 0xFC, 0x3F, 0xFD, 0x00,
    0x6F, 0xE0, 0x00, 0x2D, 0x02, 0xD0, 0x0B, 0x00, 0x0B, 0x01, 0xE0, 0x00, 0x3C, 0x3D, 0x00, 0x03,
    0xD3, 0xD0, 0x00, 0x3E, 0x3C, 0x00, 0x03, 0xE3, 0xD0, 0x00, 0x3E, 0x3D, 0x00, 0x03, 0xD1, 0xE0,
    0x00, 0x3C, 0x0F, 0x00, 0x0B, 0x40, 0x2D, 0x02, 0xD0, 0x00, 0x6F, 0xE0, 0x00, 0x7F, 0xFF, 0xFF,
    0xFD, 0x07, 0xC0, 0x03, 0xD0, 0x03, 0xC0, 0x03, 0xC0, 0x03, 0xC0, 0x03, 0xC0, 0x03, 0xC0, 0x03,
    0xC0, 0x03, 0xC0, 0x03, 0xC0, 0x03, 0xC0, 0x03, 0xC0, 0x03, 0xC0, 0x03, 0xC0, 0x03, 0xC0, 0x03,
    0xC0, 0x03, 0xC0, 0x03, 0xC0, 0x03, 0xC0, 0x03, 0xC0, 0x07, 0xD0, 0x07, 0xD0, 0x7F, 0xFC, 0x3F,
    0xFD, 0x3F, 0xC7, 0xFD, 0x00, 0x07, 0xF8, 0x0B, 0xC0, 0x03, 0xE0, 0x02, 0xF0, 0x03, 0xC0, 0x00,
    0xF4, 0x03, 0xC0, 0x00, 0xBC, 0x03, 0xC0, 0x00, 0x7C, 0x03, 0xC0, 0x00, 0x7C, 0x03, 0xC0, 0x00,
    0x7C, 0x03, 0xC0, 0x00, 0xB8, 0x03, 0xC0, 0x00, 0xF4, 0x03, 0xE0, 0x02, 0xE0, 0x03, 0xD8, 0x0B,
    0x80, 0x03, 0xC7, 0xF9, 0x00, 0x03, 0xC0, 0x00, 0x00, 0x03, 0xC0, 0x00, 0x00, 0x03, 0xC0, 0x00,
    0x00, 0x03, 0xC0, 0x00, 0x00, 0x03, 0xD0, 0x00, 0x00, 0x3F, 0xFD, 0x00, 0x00, 0x00, 0x6F, 0xE0,
    0x00, 0xB8, 0x07, 0x00, 0xB4, 0x02, 0xE0, 0x3C, 0x00, 0xB4, 0x2E, 0x00, 0x00, 0x0F, 0x40, 0x00,
    0x03, 0xD0, 0x00, 0x00, 0xF4, 0x00, 0x00, 0x2E, 0x00, 0x00, 0x07, 0xC0, 0x00, 0x80, 0xB8, 0x00,
    0x60, 0x0B, 0x80, 0xB0, 0x00, 0x6F, 0xD0, 0x00, 0x3F, 0xFF, 0xFF, 0xD3, 0x40, 0xF4, 0x0E, 0x20,
    0x0F, 0x00, 0x21, 0x00, 0xF4, 0x02, 0x00, 0x0F, 0x40, 0x00, 0x00, 0xF4, 0x00, 0x00, 0x0F, 0x40,
    0x00, 0x00, 0xF4, 0x00, 0x00, 0x0F, 0x40, 0x00, 0x00, 0xF4, 0x00, 0x00, 0x0F, 0x40, 0x00, 0x00,
    0xF8, 0x00, 0x03, 0xFF, 0xFD, 0x00, 0x7F, 0xF8, 0x0F, 0xF8, 0x2F, 0x00, 0x0F, 0x40, 0x3C, 0x00,
    0x24, 0x00, 0xB4, 0x00, 0xC0, 0x00, 0xF0, 0x05, 0x00, 0x03, 0xD0, 0x20, 0x00, 0x07, 0x80, 0x80,
    0x00, 0x0F, 0x08, 0x00, 0x00, 0x2E, 0x20, 0x00, 0x00, 0x3D, 0x40, 0x00, 0x00, 0xBC, 0x00, 0x00,
    0x01, 0xE0, 0x00, 0x00, 0x03, 0x00, 0x00, 0x00, 0x08, 0x00, 0x00, 0x00, 0x90, 0x00, 0x00, 0x03,
    0x00, 0x00, 0x38, 0x14, 0x00, 0x01, 0xE1, 0x80, 0x00, 0x01, 0xF8, 0x00, 0x00, 0x00, 0x00, 0x00,
    0xFF, 0x00, 0x00, 0x00, 0x00, 0x00, 0xF0, 0x00, 0x00, 0x00, 0x00, 0x0B, 0x00, 0x00, 0x00, 0x00,
    0x00, 0xB0, 0x00, 0x00, 0x00, 0x00, 0x0B, 0x00, 0x00, 0x00, 0x00, 0x00, 0xB0, 0x00, 0x00, 0x00,
    0x00, 0x0B, 0x00, 0x00, 0x00, 0x02, 0xFC, 0xB6, 0xFD, 0x00, 0x02, 0xF0, 0x2F, 0xD0, 0x7C, 0x00,
    0xB8, 0x00, 0xF8, 0x01, 0xF0, 0x1F, 0x00, 0x0B, 0x40, 0x0B, 0xC2, 0xE0, 0x00, 0xB0, 0x00, 0x3D,
    0x3D, 0x00, 0x0B, 0x00, 0x03, 0xD3, 0xD0, 0x00, 0xB0, 0x00, 0x3E, 0x3D, 0x00, 0x0B, 0x00, 0x03,
    0xD2, 0xE0, 0x00, 0xB0, 0x00, 0x3C, 0x1F, 0x00, 0x0B, 0x40, 0x0B, 0xC0, 0xB8, 0x00, 0xF8, 0x01,
    0xF0, 0x02, 0xF0, 0x2F, 0xD0, 0x7C, 0x00, 0x02, 0xFC, 0xB6, 0xFD, 0x00, 0x00, 0x00, 0x0B, 0x00,
    0x00, 0x00, 0x00, 0x00, 0xB0, 0x00, 0x00, 0x00, 0x00, 0x0B, 0x00, 0x00, 0x00, 0x00, 0x00, 0xB0,
    0x00, 0x00, 0x00, 0x00, 0x0F, 0x80, 0x00, 0x00, 0x00, 0x0F, 0xFF, 0x40, 0x00, 0x7F, 0xF4, 0x2F,
    0xF4, 0x1F, 0x80, 0x3D, 0x00, 0x2E, 0x00, 0xD0, 0x00, 0x2D, 0x09, 0x00, 0x00, 0x3C, 0x60, 0x00,
    0x00, 0x3E, 0x00, 0x00, 0x00, 0x7C, 0x00, 0x00, 0x03, 0xB8, 0x00, 0x00, 0x24, 0xF4, 0x00, 0x02,
    0x40, 0xF0, 0x00, 0x1C, 0x01, 0xF0, 0x02, 0xF0, 0x03, 0xF0, 0xBF, 0xE0, 0x3F, 0xFC, 0x7F, 0xFC,
    0x3F, 0xFD, 0x01, 0xF4, 0x01, 0xF4, 0x00, 0x3C, 0x00, 0x3C, 0x00, 0x0F, 0x00, 0x0F, 0x00, 0x03,
    0xC0, 0x03, 0xC0, 0x00, 0xF0, 0x00, 0xF0, 0x00, 0x3C, 0x00, 0x3C, 0x00, 0x0F, 0x00, 0x0F, 0x00,
    0x03, 0xC0, 0x03, 0xC0, 0x00, 0xF0, 0x00, 0xF0, 0x00, 0x3C, 0x00, 0x3C, 0x00, 0x1F, 0x00, 0x0F,
    0x40, 0x7F, 0xFF, 0xFF, 0xFE, 0x00, 0x00, 0x00, 0x07, 0x80, 0x00, 0x00, 0x00, 0x70, 0x00, 0x00,
    0x00, 0x0C, 0x00, 0x00, 0x00, 0x03, 0x00, 0x00, 0x00, 0x00, 0x00, 0x7F, 0xFC, 0x3F, 0xFD, 0x07,
    0xD0, 0x07, 0xD0, 0x03, 0xC0, 0x03, 0xC0, 0x03, 0xC0, 0x03, 0xC0, 0x03, 0xC0, 0x03, 0xC0, 0x02,
    0xE0, 0x07, 0xC0, 0x00, 0x7F, 0xE3, 0xC0, 0x00, 0x00, 0x03, 0xC0, 0x00, 0x00, 0x03, 0xC0, 0x00,
    0x00, 0x03, 0xC0, 0x00, 0x00, 0x03, 0xC0, 0x00, 0x00, 0x07, 0xD0, 0x00, 0x00, 0x3F, 0xFD, 0x7F,
    0xFC, 0xBF, 0xFC, 0xFF, 0xF8, 0x1F, 0x40, 0x2F, 0x00, 0x3E, 0x00, 0x3C, 0x00, 0x78, 0x00, 0xB4,
    0x00, 0xF0, 0x01, 0xE0, 0x02, 0xD0, 0x03, 0xC0, 0x07, 0x80, 0x0B, 0x40, 0x0F, 0x00, 0x1E, 0x00,
    0x2D, 0x00, 0x3C, 0x00, 0x78, 0x00, 0xB4, 0x00, 0xF0, 0x01, 0xE0, 0x02, 0xD0, 0x03, 0xC0, 0x07,
    0x80, 0x0B, 0x40, 0x0F, 0x00, 0x1E, 0x00, 0x2D, 0x00, 0x3C, 0x00, 0x78, 0x00, 0xB4, 0x01, 0xF0,
    0x02, 0xF0, 0x03, 0xE0, 0x7F, 0xFF, 0xFF, 0xFF, 0xFF, 0xF8, 0x7F, 0xFC, 0xBF, 0xFC, 0xFF, 0xF8,
    0x07, 0xD0, 0x0B, 0xC0, 0x0F, 0x80, 0x03, 0xC0, 0x07, 0x80, 0x0B, 0x40, 0x03, 0xC0, 0x07, 0x80,
    0x0B, 0x40, 0x03, 0xC0, 0x07, 0x80, 0x0B, 0x40, 0x03, 0xC0, 0x07, 0x80, 0x0B, 0x40, 0x03, 0xC0,
    0x07, 0x80, 0x0B, 0x40, 0x03, 0xC0, 0x07, 0x80, 0x0B, 0x40, 0x03, 0xC0, 0x07, 0x80, 0x0B, 0x40,
    0x03, 0xC0, 0x07, 0x80, 0x0B, 0x40, 0x03, 0xC0, 0x07, 0x80, 0x0B, 0x40, 0x07, 0xC0, 0x0B, 0xC0,
    0x0F, 0x80, 0x7F, 0xFF, 0xFF, 0xFF, 0xFF, 0xFC, 0x00, 0x00, 0x00, 0x00, 0x00, 0x2C, 0x00, 0x00,
    0x00, 0x00, 0x00, 0x0C, 0x00, 0x00, 0x00, 0x00, 0x00, 0x08, 0x00, 0x00, 0x00, 0x00, 0x00, 0x08,
    0x3F, 0xFF, 0xD0, 0x00, 0x0D, 0x03, 0xD0, 0x00, 0x02, 0x00, 0xF4, 0x00, 0x00, 0x40, 0x3D, 0x00,
    0x00, 0x00, 0x0F, 0x40, 0x00, 0x00, 0x03, 0xFF, 0xF9, 0x00, 0x00, 0xF4, 0x07, 0xE0, 0x00, 0x3D,
    0x00, 0x3D, 0x00, 0x0F, 0x40, 0x0F, 0x80, 0x03, 0xD0, 0x03, 0xE0, 0x00, 0xF4, 0x00, 0xF4, 0x00,
    0x3D, 0x01, 0xF8, 0x00, 0xFF, 0xFF, 0xE4, 0x00, 0x7F, 0xFC, 0x00, 0x1F, 0xFF, 0x01, 0xF4, 0x00,
    0x00, 0x7C, 0x00, 0x3C, 0x00, 0x00, 0x0F, 0x00, 0x0F, 0x00, 0x00, 0x03, 0xC0, 0x03, 0xC0, 0x00,
    0x00, 0xF0, 0x00, 0xFF, 0xFE, 0x00, 0x3C, 0x00, 0x3C, 0x01, 0xF4, 0x0F, 0x00, 0x0F, 0x00, 0x1F,
    0x03, 0xC0, 0x03, 0xC0, 0x03, 0xD0, 0xF0, 0x00, 0xF0, 0x00, 0xF4, 0x3C, 0x00, 0x3C, 0x00, 0x7C,
    0x0F, 0x00, 0x1F, 0x00, 0xBD, 0x07, 0xC0, 0x7F, 0xFF, 0xF8, 0x1F, 0xFF, 0x00, 0x7F, 0xFC, 0x00,
    0x00, 0x7D, 0x00, 0x00, 0x03, 0xC0, 0x00, 0x00, 0x3C, 0x00, 0x00, 0x03, 0xC0, 0x00, 0x00, 0x3F,
    0xFF, 0x80, 0x03, 0xC0, 0x1F, 0x40, 0x3C, 0x00, 0x7C, 0x03, 0xC0, 0x03, 0xD0, 0x3C, 0x00, 0x3D,
    0x03, 0xC0, 0x07, 0xC0, 0x7C, 0x02, 0xF4, 0x7F, 0xFF, 0xF8, 0x00, 0x00, 0x00, 0x00, 0x22, 0xFE,
    0x00, 0x3D, 0x02, 0xE0, 0x30, 0x00, 0xB8, 0x00, 0x00, 0x3C, 0x00, 0x00, 0x2E, 0x07, 0xF4, 0x2F,
    0x00, 0x6F, 0xAF, 0x00, 0x00, 0x2F, 0x00, 0x00, 0x3E, 0x20, 0x00, 0x3C, 0x24, 0x00, 0xB8, 0x0D,
    0x03, 0xE0, 0x02, 0xFE, 0x00, 0x00, 0x00, 0x01, 0xBF, 0x80, 0x1F, 0xFF, 0x02, 0xD0, 0x2E, 0x00,
    0x7C, 0x03, 0xD0, 0x01, 0xE0, 0x0F, 0x01, 0xF0, 0x00, 0x3C, 0x03, 0xC0, 0xF8, 0x00, 0x0B, 0x80,
    0xFF, 0xFD, 0x00, 0x02, 0xF0, 0x3C, 0x0F, 0x40, 0x00, 0xBC, 0x0F, 0x03, 0xD0, 0x00, 0x2F, 0x03,
    0xC0, 0xB8, 0x00, 0x0B, 0x80, 0xF0, 0x0F, 0x00, 0x03, 0xC0, 0x3C, 0x02, 0xD0, 0x01, 0xE0, 0x1F,
    0x40, 0x2E, 0x02, 0xE0, 0x7F, 0xFC, 0x00, 0xBF, 0x80, 0x00, 0x00, 0x6F, 0xFF, 0xFC, 0x0F, 0x40,
    0x2F, 0x00, 0xF8, 0x00, 0x78, 0x03, 0xD0, 0x01, 0xE0, 0x0B, 0x80, 0x07, 0x80, 0x0F, 0x80, 0x1E,
    0x00, 0x06, 0xFF, 0xF8, 0x00, 0x03, 0xD1, 0xE0, 0x00, 0x3D, 0x07, 0x80, 0x03, 0xD0, 0x1E, 0x00,
    0x2E, 0x00, 0x78, 0x07, 0xF0, 0x02, 0xF0, 0xBF, 0xF0, 0xBF, 0xFC, 0x00, 0x20, 0x00, 0x00, 0x1F,
    0x00, 0x00, 0x02, 0xF0, 0x00, 0x00, 0x0B, 0x00, 0x00, 0x00, 0x50, 0x00, 0x00, 0x00, 0x00, 0x07,
    0xFD, 0x00, 0x0F, 0x41, 0xE0, 0x0F, 0x00, 0x2D, 0x0B, 0x80, 0x03, 0xC3, 0xD0, 0x00, 0xF0, 0xFF,
    0xFF, 0xFC, 0x3C, 0x00, 0x00, 0x0F, 0x40, 0x00, 0x03, 0xD0, 0x00, 0x00, 0x7C, 0x00, 0x0C, 0x0B,
    0x40, 0x05, 0x00, 0xB8, 0x0A, 0x00, 0x06, 0xFD, 0x00, 0x07, 0x80, 0xB4, 0x03, 0xF0, 0x3E, 0x00,
    0x78, 0x0F, 0x40, 0x00, 0x00, 0x00, 0x00, 0x00, 0x00, 0x00, 0x00, 0x00, 0x00, 0x07, 0xFD, 0x00,
    0x0F, 0x41, 0xE0, 0x0F, 0x00, 0x2D, 0x0B, 0x80, 0x03, 0xC3, 0xD0, 0x00, 0xF0, 0xFF, 0xFF, 0xFC,
    0x3C, 0x00, 0x00, 0x0F, 0x40, 0x00, 0x03, 0xD0, 0x00, 0x00, 0x7C, 0x00, 0x0C, 0x0B, 0x40, 0x05,
    0x00, 0xB8, 0x0A, 0x00, 0x06, 0xFD, 0x00, 0x3F, 0xC0, 0x00, 0x00, 0x3C, 0x00, 0x00, 0x03, 0xC0,
    0x00, 0x07, 0xFF, 0xFF, 0xFF, 0x03, 0xC0, 0x00, 0x00, 0x3C, 0x00, 0x00, 0x03, 0xC0, 0x00, 0x00,
    0x3C, 0x1F, 0xE0, 0x03, 0xC9, 0x07, 0xC0, 0x3E, 0x00, 0x1E, 0x03, 0xE0, 0x01, 0xF0, 0x3D, 0x00,
    0x0F, 0x03, 0xC0, 0x00, 0xF0, 0x3C, 0x00, 0x0F, 0x03, 0xC0, 0x00, 0xE0, 0x3C, 0x00, 0x1E, 0x03,
    0xC0, 0x01, 0xD0, 0x3C, 0x00, 0x2D, 0x03, 0xD0, 0x03, 0xC3, 0xFF, 0xD0, 0x38, 0x00, 0x00, 0x07,
    0x40, 0x00, 0x00, 0xF0, 0x00, 0x00, 0x1C, 0x00, 0x00, 0x07, 0x40, 0x00, 0x02, 0xD0, 0x00, 0x02,
    0xE0, 0x00, 0x00, 0x01, 0x40, 0x00, 0x01, 0xF0, 0x00, 0x01, 0xF4, 0x00, 0x01, 0xE0, 0x00, 0x00,
    0x80, 0x00, 0x00, 0x00, 0x00, 0x07, 0xFF, 0xFF, 0xF0, 0x1F, 0x00, 0x2C, 0x03, 0xC0, 0x03, 0x00,
    0xF0, 0x00, 0x80, 0x3C, 0x00, 0x00, 0x0F, 0x00, 0x00, 0x03, 0xC0, 0x00, 0x00, 0xF0, 0x00, 0x00,
    0x3C, 0x00, 0x00, 0x0F, 0x00, 0x00, 0x03, 0xC0, 0x00, 0x01, 0xF4, 0x00, 0x07, 0xFF, 0xF0, 0x00,
    0x00, 0x7F, 0x82, 0x03, 0xD0, 0x6F, 0x0F, 0x40, 0x0B, 0x1E, 0x00, 0x03, 0x3D, 0x00, 0x00, 0x3F,
    0xFD, 0x00, 0x3D, 0x1F, 0xE0, 0x3D, 0x00, 0x00, 0x3D, 0x00, 0x00, 0x1F, 0x00, 0x02, 0x0F, 0x40,
    0x09, 0x02, 0xE0, 0x28, 0x00, 0x7F, 0xD0, 0x02, 0xFD, 0x20, 0x34, 0x07, 0x83, 0x40, 0x06, 0x0E,
    0x00, 0x08, 0x3E, 0x00, 0x00, 0x7F, 0xE4, 0x00, 0x2F, 0xFD, 0x00, 0x01, 0xBC, 0x20, 0x00, 0x74,
    0xC0, 0x00, 0xD3, 0x80, 0x03, 0x0E, 0x80, 0x78, 0x21, 0xFF, 0x40, 0x07, 0x80, 0x0F, 0xC0, 0x07,
    0x80, 0x00, 0x00, 0x00, 0x00, 0x00, 0x00, 0x3F, 0xC0, 0x03, 0xC0, 0x03, 0xC0, 0x03, 0xC0, 0x03,
    0xC0, 0x03, 0xC0, 0x03, 0xC0, 0x03, 0xC0, 0x03, 0xC0, 0x03, 0xC0, 0x03, 0xC0, 0x03, 0xD0, 0x3F,
    0xFC, 0x2D, 0x03, 0xC3, 0xF0, 0x7D, 0x2D, 0x03, 0xC0, 0x00, 0x00, 0x00, 0x00, 0x00, 0x00, 0x00,
    0x0F, 0xF0, 0x00, 0x0F, 0x00, 0x00, 0xF0, 0x00, 0x0F, 0x00, 0x00, 0xF0, 0x00, 0x0F, 0x00, 0x00,
    0xF0, 0x00, 0x0F, 0x00, 0x00, 0xF0, 0x00, 0x0F, 0x00, 0x00, 0xF0, 0x00, 0x0F, 0x40, 0x0F, 0xFF,
    0x00, 0x00, 0x1E, 0x00, 0x0F, 0xC0, 0x02, 0xE0, 0x00, 0x00, 0x00, 0x00, 0x00, 0x00, 0x00, 0x1F,
    0xF0, 0x00, 0x3C, 0x00, 0x0F, 0x00, 0x03, 0xC0, 0x00, 0xF0, 0x00, 0x3C, 0x00, 0x0F, 0x00, 0x03,
    0xC0, 0x00, 0xF0, 0x00, 0x3C, 0x00, 0x0F, 0x00, 0x03, 0xC0, 0x00, 0xF0, 0x00, 0x3C, 0x00, 0x0F,
    0x00, 0x03, 0xC3, 0xD0, 0xE0, 0xF4, 0xF0, 0x0B, 0xE0, 0x00, 0x02, 0xFF, 0xFF, 0xFD, 0x00, 0x00,
    0x01, 0x80, 0x3D, 0x00, 0x00, 0x00, 0x04, 0x03, 0xC0, 0x00, 0x00, 0x00, 0x40, 0x3C, 0x00, 0x00,
    0x00, 0x14, 0x03, 0xC0, 0x00, 0x00, 0x01, 0x40, 0x3F, 0xFF, 0x80, 0x00, 0x14, 0x03, 0xC0, 0x2F,
    0x00, 0x02, 0x00, 0x3C, 0x00, 0xBC, 0x00, 0x20, 0x03, 0xC0, 0x07, 0xC0, 0x03, 0x00, 0x3C, 0x00,
    0x7C, 0x38, 0x60, 0x03, 0xC0, 0x0F, 0xC7, 0x8C, 0x00, 0x3D, 0x02, 0xF0, 0x2F, 0x40, 0x3F, 0xFF,
    0xF8, 0x00, 0x7F, 0xFC, 0x3F, 0xFD, 0x00, 0x00, 0x7D, 0x00, 0x7D, 0x00, 0x00, 0x03, 0xC0, 0x03,
    0xC0, 0x00, 0x00, 0x3C, 0x00, 0x3C, 0x00, 0x00, 0x03, 0xC0, 0x03, 0xC0, 0x00, 0x00, 0x3F, 0xFF,
    0xFF, 0xFF, 0x40, 0x03, 0xC0, 0x03, 0xC0, 0x2F, 0x00, 0x3C, 0x00, 0x3C, 0x00, 0xF8, 0x03, 0xC0,
    0x03, 0xC0, 0x07, 0xC0, 0x3C, 0x00, 0x3C, 0x00, 0x7C, 0x03, 0xC0, 0x03, 0xC0, 0x0F, 0x80, 0x7D,
    0x00, 0x7D, 0x02, 0xF0, 0x7F, 0xFC, 0x3F, 0xFF, 0xF8, 0x00, 0x3F, 0xC0, 0x00, 0x00, 0x03, 0xC0,
    0x00, 0x00, 0x03, 0xC0, 0x00, 0x00, 0x7F, 0xFF, 0xFF, 0x00, 0x03, 0xC0, 0x00, 0x00, 0x03, 0xC0,
    0x00, 0x00, 0x03, 0xC0, 0x00, 0x00, 0x03, 0xC2, 0xFD, 0x00, 0x03, 0xCD, 0x0B, 0x80, 0x03, 0xE0,
    0x03, 0xC0, 0x03, 0xE0, 0x03, 0xC0, 0x03, 0xD0, 0x03, 0xC0, 0x03, 0xC0, 0x03, 0xD0, 0x03, 0xC0,
    0x03, 0xD0, 0x03, 0xC0, 0x03, 0xD0, 0x03, 0xC0, 0x03, 0xD0, 0x03, 0xC0, 0x03, 0xD0, 0x03, 0xC0,
    0x03, 0xD0, 0x03, 0xD0, 0x03, 0xE0, 0x3F, 0xFD, 0x3F, 0xFD, 0x00, 0x00, 0x34, 0x00, 0x00, 0x00,
    0xF8, 0x00, 0x00, 0x03, 0xF4, 0x00, 0x00, 0x0F, 0x80, 0x00, 0x00, 0x14, 0x00, 0x00, 0x00, 0x00,
    0x00, 0x00, 0x7F, 0xFC, 0x0F, 0xFC, 0x07, 0xC0, 0x0B, 0xD0, 0x03, 0xC0, 0x0D, 0x00, 0x03, 0xC0,
    0x34, 0x00, 0x03, 0xC1, 0xC0, 0x00, 0x03, 0xCB, 0xC0, 0x00, 0x03, 0xF6, 0xE0, 0x00, 0x03, 0xC0,
    0xF8, 0x00, 0x03, 0xC0, 0x3D, 0x00, 0x03, 0xC0, 0x0F, 0x00, 0x03, 0xC0, 0x07, 0xC0, 0x07, 0xC0,
    0x07, 0xF0, 0x7F, 0xFC, 0x0F, 0xFE, 0x00, 0x38, 0x00, 0x00, 0x00, 0x3E, 0x00, 0x00, 0x00, 0x2F,
    0x80, 0x00, 0x00, 0x02, 0xE0, 0x00, 0x00, 0x00, 0x20, 0x00, 0x00, 0x00, 0x00, 0x00, 0x7F, 0xFC,
    0x3F, 0xFD, 0x07, 0xD0, 0x07, 0xD0, 0x03, 0xC0, 0x03, 0xC0, 0x03, 0xC0, 0x0B, 0xC0, 0x03, 0xC0,
    0x23, 0xC0, 0x03, 0xC0, 0x93, 0xC0, 0x03, 0xC1, 0x43, 0xC0, 0x03, 0xC6, 0x03, 0xC0, 0x03, 0xC8,
    0x03, 0xC0, 0x03, 0xF0, 0x03, 0xC0, 0x03, 0xD0, 0x03, 0xC0, 0x07, 0xC0, 0x07, 0xD0, 0x7F, 0xFC,
    0x3F, 0xFD, 0x00, 0x00, 0x00, 0x00, 0x03, 0xC0, 0x7C, 0x00, 0x1F, 0x82, 0xF0, 0x00, 0x3C, 0x07,
    0xC0, 0x00, 0x2F, 0xF4, 0x00, 0x00, 0x00, 0x00, 0x07, 0xFF, 0x80, 0xFF, 0x82, 0xF0, 0x00, 0xF4,
    0x03, 0xC0, 0x02, 0x40, 0x0B, 0x40, 0x0C, 0x00, 0x0F, 0x00, 0x50, 0x00, 0x3D, 0x02, 0x00, 0x00,
    0x78, 0x08, 0x00, 0x00, 0xF0, 0x80, 0x00, 0x02, 0xE2, 0x00, 0x00, 0x03, 0xD4, 0x00, 0x00, 0x0B,
    0xC0, 0x00, 0x00, 0x1E, 0x00, 0x00, 0x00, 0x30, 0x00, 0x00, 0x00, 0x80, 0x00, 0x00, 0x05, 0x00,
    0x00, 0x00, 0x30, 0x00, 0x03, 0x81, 0x40, 0x00, 0x1E, 0x18, 0x00, 0x00, 0x1F, 0x80, 0x00, 0x00,
    0x7F, 0xFC, 0x3F, 0xFD, 0x07, 0xD0, 0x07, 0xD0, 0x03, 0xC0, 0x03, 0xC0, 0x03, 0xC0, 0x03, 0xC0,
    0x03, 0xC0, 0x03, 0xC0, 0x03, 0xC0, 0x03, 0xC0, 0x03, 0xC0, 0x03, 0xC0, 0x03, 0xC0, 0x03, 0xC0,
    0x03, 0xC0, 0x03, 0xC0, 0x03, 0xC0, 0x03, 0xC0, 0x03, 0xC0, 0x03, 0xC0, 0x07, 0xC0, 0x03, 0xD0,
    0x7F, 0xFF, 0xFF, 0xFD, 0x00, 0x03, 0xC0, 0x00, 0x00, 0x02, 0x80, 0x00, 0x00, 0x01, 0x80, 0x00,
    0x00, 0x01, 0x40, 0x00, 0x00, 0x1B, 0xF8, 0x00, 0x7F, 0x90, 0x00, 0x02, 0xE0, 0x78, 0x0B, 0x42,
    0xE0, 0x00, 0x2E, 0x03, 0xF0, 0x3E, 0x02, 0xE0, 0x01, 0xF0, 0x07, 0x40, 0x74, 0x03, 0xD0, 0x0F,
    0x40, 0x00, 0x00, 0x00, 0x07, 0xC0, 0x7C, 0x00, 0x00, 0x00, 0x00, 0x0F, 0x43, 0xF0, 0x00, 0x00,
    0x00, 0x00, 0x3F, 0x0F, 0xC0, 0x00, 0x00, 0x00, 0x00, 0xFC, 0x7E, 0x00, 0x00, 0x00, 0x00, 0x02,
    0xF1, 0xF8, 0x00, 0x00, 0x00, 0x00, 0x0B, 0xD7, 0xE0, 0x00, 0x3F, 0xF0, 0x00, 0x2F, 0x5F, 0x80,
    0x00, 0x3F, 0x00, 0x00, 0xBD, 0x3E, 0x00, 0x00, 0xF8, 0x00, 0x03, 0xF0, 0xFC, 0x00, 0x03, 0xE0,
    0x00, 0x0F, 0xC2, 0xF0, 0x00, 0x0F, 0x80, 0x00, 0x3E, 0x07, 0xD0, 0x00, 0x3E, 0x00, 0x01, 0xF4,
    0x0F, 0xC0, 0x00, 0xF8, 0x00, 0x0F, 0x80, 0x0F, 0x40, 0x03, 0x70, 0x00, 0x7C, 0x00, 0x0F, 0x40,
    0x74, 0x74, 0x07, 0xC0, 0x00, 0x07, 0xFE, 0x00, 0x2F, 0xF4, 0x00, 0x00, 0x7F, 0x80, 0x1F, 0xE0,
    0x00, 0x2D, 0x0F, 0x07, 0x43, 0xD0, 0x0F, 0x40, 0xF0, 0xBC, 0x0F, 0x41, 0xF0, 0x0F, 0x07, 0x40,
    0x7C, 0x3E, 0x00, 0x00, 0x00, 0x03, 0xD3, 0xD0, 0x03, 0xFE, 0x00, 0x3E, 0x3D, 0x00, 0x0F, 0x40,
    0x03, 0xE3, 0xD0, 0x00, 0xB0, 0x00, 0x3D, 0x2E, 0x00, 0x0B, 0x00, 0x03, 0xC1, 0xF0, 0x00, 0xB0,
    0x00, 0x7C, 0x0B, 0x40, 0x0E, 0x40, 0x0F, 0x40, 0x3D, 0x07, 0x4A, 0x03, 0xD0, 0x00, 0x7F, 0x80,
    0x1F, 0xE0, 0x00, 0x03, 0xFF, 0xFE, 0x00, 0x00, 0x00, 0x00, 0xFC, 0x00, 0x00, 0x00, 0x00, 0x0F,
    0x80, 0x00, 0x00, 0x03, 0xFF, 0xFF, 0xFF, 0xFF, 0x00, 0x34, 0x0F, 0x80, 0x01, 0xB0, 0x06, 0x00,
    0xF8, 0x00, 0x03, 0x00, 0x50, 0x0F, 0x80, 0x00, 0x14, 0x00, 0x00, 0xF8, 0x00, 0x00, 0x00, 0x00,
    0x0F, 0x80, 0x00, 0x00, 0x00, 0x00, 0xF8, 0x00, 0x00, 0x00, 0x00, 0x0F, 0x80, 0x00, 0x00, 0x00,
    0x00, 0xFF, 0xFF, 0xF9, 0x00, 0x00, 0x0F, 0x80, 0x02, 0xFC, 0x00, 0x00, 0xF8, 0x00, 0x03, 0xF0,
    0x00, 0x0F, 0x80, 0x00, 0x1F, 0x80, 0x00, 0xF8, 0x00, 0x00, 0xFC, 0x00, 0x0F, 0x80, 0x00, 0x0F,
    0xC0, 0x00, 0xF8, 0x00, 0x00, 0xFC, 0x00, 0x0F, 0x80, 0x00, 0x1F, 0x80, 0x00, 0xF8, 0x00, 0x03,
    0xF0, 0x00, 0x0F, 0xC0, 0x01, 0xFC, 0x00, 0x3F, 0xFF, 0xFF, 0xFD, 0x00, 0x00, 0x00, 0x00, 0x03,
    0x00, 0xC0, 0x00, 0x1C, 0x34, 0x00, 0x00, 0xFF, 0x00, 0x00, 0x07, 0xD0, 0x00, 0x00, 0x3C, 0x00,
    0x00, 0x03, 0xC0, 0x00, 0x07, 0xFF, 0xF8, 0x00, 0x03, 0xC0, 0x00, 0x00, 0x3C, 0x00, 0x00, 0x03,
    0xC0, 0x00, 0x00, 0x3C, 0x00, 0x00, 0x03, 0xFF, 0xF8, 0x00, 0x3C, 0x01, 0xF4, 0x03, 0xC0, 0x07,
    0xC0, 0x3C, 0x00, 0x3D, 0x03, 0xC0, 0x03, 0xD0, 0x3C, 0x00, 0x7C, 0x07, 0xC0, 0x2F, 0x47, 0xFF,
    0xFF, 0x80, 0x3F, 0xFF, 0xE0, 0x00, 0x06, 0xFF, 0x90, 0x90, 0x1F, 0xC0, 0x00, 0x07, 0xE0, 0x07,
    0xED, 0x00, 0xF8, 0x00, 0x02, 0xF0, 0x00, 0x0B, 0xD0, 0x0F, 0x80, 0x00, 0xB8, 0x00, 0x00, 0x2D,
    0x00, 0xF8, 0x00, 0x2F, 0x00, 0x00, 0x00, 0xD0, 0x0F, 0x80, 0x03, 0xE0, 0x00, 0x00, 0x09, 0x00,
    0xF8, 0x00, 0xBC, 0x00, 0x00, 0x00, 0x40, 0x0F, 0x80, 0x0F, 0xC0, 0x00, 0x00, 0x00, 0x00, 0xF8,
    0x00, 0xFC, 0x00, 0x00, 0x00, 0x00, 0x0F, 0x80, 0x1F, 0xEF, 0xFA, 0x40, 0x00, 0x00, 0xFF, 0xFF,
    0xF8, 0x01, 0xBF, 0xE8, 0x00, 0x0F, 0x80, 0x0F, 0xC0, 0x00, 0x00, 0x00, 0x00, 0xF8, 0x00, 0xFC,
    0x00, 0x00, 0x00, 0x00, 0x0F, 0x80, 0x0F, 0xD0, 0x00, 0x00, 0x00, 0x00, 0xF8, 0x00, 0x7E, 0x00,
    0x00, 0x00, 0x50, 0x0F, 0x80, 0x03, 0xF0, 0x00, 0x00, 0x08, 0x00, 0xF8, 0x00, 0x0F, 0xC0, 0x00,
    0x00, 0x80, 0x0F, 0x80, 0x00, 0x3F, 0x00, 0x00, 0x30, 0x01, 0xFC, 0x00, 0x00, 0xBE, 0x40, 0x6C,
    0x03, 0xFF, 0xFE, 0x00, 0x00, 0x6F, 0xF9, 0x00, 0x7F, 0xFC, 0x01, 0xBF, 0x88, 0x07, 0xD0, 0x0B,
    0x80, 0x7D, 0x03, 0xC0, 0x2E, 0x00, 0x0D, 0x03, 0xC0, 0x7C, 0x00, 0x04, 0x03, 0xC0, 0xBC, 0x00,
    0x00, 0x03, 0xFF, 0xFF, 0xFF, 0x80, 0x03, 0xC0, 0xF8, 0x00, 0x00, 0x03, 0xC0, 0xBC, 0x00, 0x00,
    0x03, 0xC0, 0x7C, 0x00, 0x00, 0x03, 0xC0, 0x3D, 0x00, 0x08, 0x03, 0xC0, 0x1F, 0x00, 0x18, 0x07,
    0xD0, 0x07, 0xD0, 0x70, 0x7F, 0xFC, 0x00, 0xBF, 0x80, 0x00, 0x00, 0x00, 0x30, 0x00, 0x00, 0x00,
    0x00, 0x00, 0x0B, 0x80, 0x00, 0x00, 0x00, 0x00, 0x00, 0xFC, 0x00, 0x00, 0x00, 0x00, 0x00, 0x2B,
    0xE0, 0x00, 0x00, 0x00, 0x00, 0x03, 0x3F, 0x00, 0x00, 0x00, 0x00, 0x00, 0x91, 0xF8, 0x00, 0x00,
    0x00, 0x00, 0x0C, 0x0F, 0xC0, 0x00, 0x00, 0x00, 0x02, 0x80, 0x7D, 0x00, 0x00, 0x00, 0x00, 0x30,
    0x03, 0xF0, 0x00, 0x00, 0x00, 0x06, 0x00, 0x2F, 0x40, 0x00, 0x00, 0x00, 0xC0, 0x00, 0xFC, 0x00,
    0x00, 0x00, 0x1C, 0x00, 0x0B, 0xD0, 0x00, 0x00, 0x03, 0xFF, 0xFF, 0xFF, 0x00, 0x00, 0x00, 0x70,
    0x1D, 0x03, 0xF4, 0x00, 0x00, 0x09, 0x01, 0xD0, 0x1F, 0x80, 0x00, 0x00, 0xC0, 0x1D, 0x00, 0xFC,
    0x00, 0x00, 0x24, 0x01, 0xD0, 0x07, 0xE0, 0x00, 0x03, 0x00, 0x1D, 0x00, 0x3F, 0x00, 0x00, 0x90,
    0x01, 0xD0, 0x01, 0xF8, 0x00, 0x2E, 0x00, 0x2E, 0x00, 0x0F, 0xD0, 0x3F, 0xF4, 0x1F, 0xFD, 0x07,
    0xFF, 0xF0, 0x00, 0x00, 0x28, 0x00, 0x00, 0x00, 0x00, 0x7D, 0x00, 0x00, 0x00, 0x00, 0x9F, 0x00,
    0x00, 0x00, 0x01, 0x4B, 0x80, 0x00, 0x00, 0x02, 0x03, 0xC0, 0x00, 0x00, 0x08, 0x02, 0xE0, 0x00,
    0x00, 0x08, 0x00, 0xF4, 0x00, 0x00, 0x2F, 0xFF, 0xFC, 0x00, 0x00, 0x20, 0x34, 0x3D, 0x00, 0x00,
    0x80, 0x34, 0x1F, 0x00, 0x02, 0x40, 0x34, 0x0B, 0x80, 0x0B, 0x00, 0x78, 0x07, 0xD0, 0x7F, 0x81,
    0xFF, 0x0F, 0xFD, 0x00, 0x00, 0x00, 0x00, 0x00, 0x0A, 0x00, 0x00, 0x00, 0x3F, 0xFF, 0xE0, 0x00,
    0x00, 0x0F, 0x40, 0x00, 0x00, 0x01, 0xFC, 0x00, 0x00, 0x00, 0x1F, 0x80, 0x00, 0x00, 0x00, 0xF8,
    0x00, 0x00, 0x00, 0x3F, 0xC0, 0x00, 0x00, 0x00, 0xF8, 0x00, 0x00, 0x00, 0x63, 0xE0, 0x00, 0x00,
    0x00, 0xF8, 0x00, 0x00, 0x00, 0xC3, 0xF0, 0x00, 0x00, 0x00, 0xF8, 0x00, 0x00, 0x00, 0xC1, 0xF4,
    0x00, 0x00, 0x00, 0xF8, 0x00, 0x00, 0x02, 0x40, 0xFC, 0x00, 0x00, 0x00, 0xF8, 0x00, 0x00, 0x03,
    0x00, 0xBD, 0x00, 0x00, 0x00, 0xF8, 0x00, 0x00, 0x06, 0x00, 0x3F, 0x00, 0x00, 0x00, 0xF8, 0x00,
    0x00, 0x0C, 0x00, 0x2F, 0x40, 0x00, 0x00, 0xF8, 0x00, 0x00, 0x18, 0x00, 0x0F, 0x80, 0x00, 0x00,
    0xFF, 0xFF, 0xFF, 0xFF, 0xFF, 0xFF, 0xC0, 0x00, 0x00, 0xF8, 0x00, 0x00, 0x30, 0x2C, 0x07, 0xE0,
    0x00, 0x00, 0xF8, 0x00, 0x00, 0x90, 0x2C, 0x03, 0xF0, 0x00, 0x00, 0xF8, 0x00, 0x00, 0xC0, 0x2C,
    0x01, 0xF8, 0x00, 0x00, 0xF8, 0x00, 0x02, 0x40, 0x2C, 0x00, 0xFC, 0x00, 0x00, 0xF8, 0x00, 0x03,
    0x00, 0x2C, 0x00, 0x7D, 0x00, 0x00, 0xF8, 0x00, 0x09, 0x00, 0x2C, 0x00, 0x3F, 0x00, 0x01, 0xFC,
    0x00, 0x2E, 0x00, 0x3D, 0x00, 0x3F, 0x80, 0x3F, 0xFF, 0xE3, 0xFF, 0x42, 0xFF, 0xC0, 0xFF, 0xFC,
    0x7F, 0xFC, 0x00, 0x00, 0x34, 0x00, 0x00, 0x07, 0xD0, 0x00, 0x00, 0xBC, 0x00, 0x00, 0x03, 0xC0,
    0x00, 0x01, 0xAE, 0x00, 0x00, 0x03, 0xC0, 0x00, 0x03, 0x0F, 0x40, 0x00, 0x03, 0xC0, 0x00, 0x05,
    0x07, 0xC0, 0x00, 0x03, 0xC0, 0x00, 0x0C, 0x03, 0xD0, 0x00, 0x03, 0xC0, 0x00, 0x24, 0x01, 0xF0,
    0x00, 0x03, 0xFF, 0xFF, 0xFF, 0xFF, 0xF8, 0x00, 0x03, 0xC0, 0x00, 0x90, 0x70, 0x7C, 0x00, 0x03,
    0xC0, 0x00, 0x80, 0x70, 0x2E, 0x00, 0x03, 0xC0, 0x03, 0x00, 0x70, 0x0F, 0x40, 0x07, 0xD0, 0x0F,
    0x00, 0xB4, 0x0B, 0xC0, 0x7F, 0xFC, 0xBF, 0x03, 0xFD, 0x0F, 0xFC, 0x00, 0x07, 0xFF, 0xFF, 0xFF,
    0xFC, 0x00, 0x00, 0x00, 0x2F, 0x00, 0x00, 0x01, 0x40, 0x00, 0x00, 0x00, 0xF8, 0x00, 0x00, 0x20,
    0x00, 0x00, 0x00, 0x03, 0xD0, 0x00, 0x08, 0x00, 0x00, 0x00, 0x00, 0x1F, 0x00, 0x02, 0x00, 0x00,
    0x00, 0x00, 0x00, 0xBC, 0x00, 0x90, 0x00, 0x00, 0x00, 0x00, 0x03, 0xE0, 0x18, 0x00, 0x00, 0x00,
    0x00, 0x00, 0x0F, 0x82, 0x00, 0x00, 0x00, 0x00, 0x00, 0x00, 0x7D, 0x80, 0x00, 0x00, 0x00, 0x00,
    0x00, 0xAF, 0xFF, 0x90, 0x00, 0x00, 0x00, 0x00, 0xF9, 0x1F, 0x47, 0xE0, 0x00, 0x00, 0x00, 0x3E,
    0x01, 0xF0, 0x0F, 0x80, 0x00, 0x00, 0x0B, 0xC0, 0x1F, 0x00, 0x3D, 0x00, 0x00, 0x00, 0xF4, 0x01,
    0xF0, 0x02, 0xF0, 0x00, 0x00, 0x3F, 0x00, 0x1F, 0x00, 0x0F, 0x80, 0x00, 0x07, 0xC0, 0x01, 0xF0,
    0x00, 0x7C, 0x00, 0x00, 0xF8, 0x00, 0x1F, 0x00, 0x03, 0xE0, 0x00, 0x2F, 0x00, 0x01, 0xF0, 0x00,
    0x1F, 0x40, 0x0B, 0xF4, 0x00, 0x2F, 0x40, 0x02, 0xFD, 0x0B, 0xFF, 0xF0, 0x0F, 0xFF, 0x00, 0xFF,
    0xFD, 0x00, 0x00, 0x00, 0x00, 0x00, 0x00, 0x00, 0x3F, 0xFF, 0xFF, 0xFC, 0x00, 0x00, 0x0E, 0x00,
    0x00, 0x10, 0x00, 0x00, 0x02, 0xD0, 0x00, 0x40, 0x00, 0x00, 0x00, 0x78, 0x05, 0x00, 0x00, 0x00,
    0x00, 0x0B, 0x60, 0x00, 0x00, 0x00, 0x01, 0xBF, 0xFF, 0x40, 0x00, 0x00, 0x0B, 0x43, 0xC1, 0xF0,
    0x00, 0x00, 0x1D, 0x03, 0xC0, 0x78, 0x00, 0x00, 0x78, 0x03, 0xC0, 0x2D, 0x00, 0x00, 0xF0, 0x03,
    0xC0, 0x0F, 0x00, 0x03, 0xD0, 0x03, 0xC0, 0x07, 0xC0, 0x0F, 0xD0, 0x03, 0xC0, 0x03, 0xF0, 0xBF,
    0xF0, 0x2F, 0xF8, 0x0F, 0xFE, 0x3F, 0xFF, 0xE0, 0x00, 0xBF, 0xFF, 0xFF, 0xFF, 0xC0, 0x00, 0x07,
    0xF0, 0x00, 0x00, 0xF8, 0x00, 0x00, 0x08, 0x00, 0x00, 0x0F, 0x80, 0x00, 0x00, 0xF4, 0x00, 0x00,
    0x90, 0x00, 0x00, 0x3E, 0x00, 0x00, 0x01, 0xF0, 0x00, 0x06, 0x00, 0x00, 0x00, 0xF8, 0x00, 0x00,
    0x02, 0xF0, 0x00, 0x20, 0x00, 0x00, 0x03, 0xE0, 0x00, 0x00, 0x03, 0xE0, 0x02, 0x00, 0x00, 0x00,
    0x0F, 0x80, 0x00, 0x00, 0x03, 0xD0, 0x20, 0x00, 0x00, 0x00, 0x3E, 0x00, 0x00, 0x00, 0x07, 0xD1,
    0x40, 0x00, 0x00, 0x00, 0xF8, 0x00, 0x00, 0x00, 0x0B, 0xD8, 0x00, 0x00, 0x00, 0x03, 0xFF, 0xFF,
    0xFF, 0xFF, 0xFF, 0xFF, 0x80, 0x00, 0x00, 0x0F, 0x80, 0x00, 0x01, 0xF4, 0x3F, 0x07, 0xE0, 0x00,
    0x00, 0x3E, 0x00, 0x00, 0x1F, 0x00, 0xFC, 0x03, 0xD0, 0x00, 0x00, 0xF8, 0x00, 0x00, 0xF8, 0x03,
    0xF0, 0x07, 0xC0, 0x00, 0x03, 0xE0, 0x00, 0x0B, 0xC0, 0x0F, 0xC0, 0x0F, 0x80, 0x00, 0x0F, 0x80,
    0x00, 0x3D, 0x00, 0x3F, 0x00, 0x1F, 0x40, 0x00, 0x3E, 0x00, 0x03, 0xF0, 0x00, 0xFC, 0x00, 0x3F,
    0x00, 0x00, 0xF8, 0x00, 0x1F, 0x00, 0x03, 0xF0, 0x00, 0x3D, 0x00, 0x03, 0xE0, 0x00, 0xFC, 0x00,
    0x0F, 0xC0, 0x00, 0xFC, 0x00, 0x1F, 0xC0, 0x0F, 0xF0, 0x00, 0x3F, 0x00, 0x03, 0xFC, 0x0F, 0xFF,
    0xFB, 0xFF, 0xF8, 0x07, 0xFF, 0x80, 0x7F, 0xFF, 0x00, 0x00, 0x00, 0x00, 0x00, 0x00, 0x00, 0x00,
    0x1F, 0xFF, 0x00, 0x07, 0xFF, 0xFF, 0xFF, 0x40, 0x00, 0x7D, 0x00, 0x00, 0xB4, 0x00, 0x00, 0x40,
    0x00, 0x0F, 0x00, 0x00, 0x07, 0x80, 0x01, 0x00, 0x00, 0x03, 0xC0, 0x00, 0x00, 0x2C, 0x02, 0x00,
    0x00, 0x00, 0xF0, 0x00, 0x00, 0x01, 0xD5, 0x00, 0x00, 0x00, 0x3F, 0xFF, 0xFF, 0xFF, 0xFF, 0xF8,
    0x00, 0x00, 0x0F, 0x00, 0x00, 0x0F, 0x47, 0x46, 0xD0, 0x00, 0x03, 0xC0, 0x00, 0x0F, 0x01, 0xD0,
    0x3C, 0x00, 0x00, 0xF0, 0x00, 0x0F, 0x00, 0x74, 0x03, 0xC0, 0x00, 0x3C, 0x00, 0x0B, 0x40, 0x1D,
    0x00, 0x78, 0x00, 0x0F, 0x00, 0x07, 0xC0, 0x07, 0x40, 0x0F, 0x40, 0x07, 0xD0, 0x07, 0xE0, 0x02,
    0xE0, 0x02, 0xF4, 0x1F, 0xFF, 0x0F, 0xFE, 0x03, 0xFF, 0x02, 0xFF, 0xC0, 0x00, 0x00, 0x00, 0x00,
    0x03, 0x40, 0x3C, 0x00, 0x03, 0x43, 0x80, 0x00, 0x03, 0x5C, 0x00, 0x00, 0x07, 0xD0, 0x00, 0x00,
    0x6F, 0x90, 0x00, 0x1E, 0x00, 0xF4, 0x00, 0xD0, 0x00, 0xF0, 0x0D, 0x00, 0x01, 0xE0, 0x3D, 0x00,
    0x03, 0xC0, 0xFC, 0x00, 0x0F, 0x02, 0xD0, 0x00, 0x3C, 0x00, 0x00, 0x01, 0xE0, 0x00, 0x00, 0x0F,
    0x00, 0x00, 0x01, 0xF0, 0x00, 0x03, 0xFE, 0x00, 0x00, 0x00, 0x07, 0x80, 0x00, 0x00, 0x02, 0x80,
    0x00, 0x00, 0x03, 0x40, 0x00, 0x00, 0x0E, 0x00, 0x00, 0x00, 0x3C, 0x00, 0x00, 0x00, 0xF0, 0x00,
    0x00, 0x0B, 0x80, 0x00, 0x01, 0xFD, 0x00, 0x00, 0xBF, 0xE0, 0x00, 0x7F, 0xFD, 0x00, 0x6F, 0xFF,
    0x40, 0x0B, 0xFF, 0x80, 0x00, 0x7F, 0x90, 0x00, 0x01, 0xF0, 0x00, 0x00, 0x03, 0x40, 0x00, 0x00,
    0x07, 0x00, 0x00, 0x00, 0x08, 0x01, 0xD0, 0x01, 0x43, 0x40, 0x00, 0x68, 0x00, 0x06, 0xFF, 0x40,
    0x2D, 0x01, 0xF0, 0x3C, 0x00, 0x74, 0x7D, 0x00, 0x34, 0x3C, 0x01, 0xE0, 0x00, 0xFF, 0x80, 0x00,
    0x00, 0xB0, 0x00, 0x00, 0x28, 0x00, 0x00, 0x1C, 0x00, 0x00, 0x1C, 0x00, 0x00, 0x3C, 0x00, 0x06,
    0xF8, 0x01, 0xBF, 0xE0, 0x1F, 0xFD, 0x00, 0x3E, 0x40, 0x00, 0x74, 0x00, 0x00, 0x30, 0x00, 0x00,
    0x34, 0x00, 0x00, 0x0B, 0xC0, 0x00, 0x00, 0x3F, 0xFF, 0xFC, 0x00, 0x00, 0x00, 0x7E, 0x00, 0x00,
    0x00, 0x00, 0x3D, 0x00, 0x00, 0x3E, 0x00, 0x3D, 0x00, 0x7E, 0x0F, 0x80, 0x3D, 0x00, 0xF8, 0x0B,
    0xC0, 0x3D, 0x01, 0xF0, 0x0B, 0xC0, 0x3D, 0x01, 0xF0, 0x07, 0xC0, 0x3D, 0x02, 0xF0, 0x07, 0xC0,
    0x3D, 0x02, 0xF0, 0x07, 0xC0, 0x3D, 0x02, 0xF0, 0x03, 0xD0, 0x3D, 0x03, 0xE0, 0x02, 0xE0, 0x3D,
    0x03, 0xD0, 0x01, 0xF0, 0x3D, 0x07, 0xC0, 0x00, 0xB8, 0x3D, 0x0F, 0x00, 0x00, 0x1E, 0x3D, 0x7C,
    0x00, 0x00, 0x01, 0xBF, 0x90, 0x00, 0x00, 0x00, 0x3D, 0x00, 0x00, 0x00, 0x00, 0x3D, 0x00, 0x00,
    0x00, 0x00, 0x7E, 0x00, 0x00, 0x00, 0x3F, 0xFF, 0xFC, 0x00, 0x00, 0x0F, 0xF0, 0x00, 0x00, 0x00,
    0x0F, 0x00, 0x00, 0x00, 0x00, 0xF0, 0x00, 0x00, 0x00, 0x0B, 0x00, 0x00, 0x00, 0x00, 0xB0, 0x00,
    0x00, 0x00, 0x0B, 0x00, 0x00, 0x00, 0x00, 0xB0, 0x00, 0x03, 0xC0, 0x0B, 0x00, 0x2D, 0x0B, 0x00,
    0xB0, 0x0B, 0x00, 0x78, 0x0B, 0x00, 0xF0, 0x07, 0x80, 0xB0, 0x0F, 0x00, 0xB8, 0x0B, 0x00, 0xF0,
    0x0F, 0x40, 0xB0, 0x0F, 0x00, 0xF4, 0x0B, 0x00, 0xF4, 0x0F, 0x40, 0xB0, 0x0F, 0x40, 0xF8, 0x0B,
    0x00, 0xF4, 0x0B, 0xC0, 0xB0, 0x1F, 0x00, 0x3D, 0x0B, 0x03, 0xE0, 0x01, 0xF8, 0xB5, 0xF8, 0x00,
    0x01, 0xBF, 0xF9, 0x00, 0x00, 0x00, 0xB4, 0x00, 0x00, 0x00, 0x0B, 0x40, 0x00, 0x00, 0x00, 0xB4,
    0x00, 0x00, 0x00, 0x0B, 0x40, 0x00, 0x00, 0x00, 0xF8, 0x00, 0x00, 0x00, 0xFF, 0xF8, 0x00, 0x00,
    0x02, 0xFF, 0x90, 0x00, 0x00, 0x2E, 0x40, 0x7D, 0x00, 0x00, 0xF4, 0x00, 0x0B, 0x80, 0x03, 0xD0,
    0x00, 0x03, 0xE0, 0x0B, 0x80, 0x00, 0x00, 0xF4, 0x1F, 0x00, 0x00, 0x00, 0xBC, 0x2F, 0x00, 0x00,
    0x00, 0x7D, 0x3E, 0x00, 0x00, 0x00, 0x3E, 0x7E, 0x6F, 0xE4, 0x00, 0x3F, 0x7F, 0x80, 0xBF, 0x41,
    0xFF, 0x7E, 0x00, 0x07, 0xFE, 0x7F, 0x7E, 0x00, 0x00, 0x00, 0x3F, 0x3F, 0x00, 0x00, 0x00, 0x7E,
    0x3F, 0x00, 0x00, 0x00, 0xBD, 0x1F, 0x40, 0x00, 0x00, 0xFC, 0x0F, 0xC0, 0x00, 0x01, 0xF4, 0x03,
    0xE0, 0x00, 0x03, 0xE0, 0x01, 0xF4, 0x00, 0x0F, 0x80, 0x00, 0x2F, 0x40, 0x7D, 0x00, 0x00, 0x02,
    0xFF, 0x90, 0x00, 0x00, 0xBF, 0x80, 0x00, 0xE0, 0x7C, 0x00, 0xF0, 0x03, 0xC0, 0xB4, 0x00, 0xB4,
    0x3C, 0x00, 0x1F, 0x0F, 0xFF, 0xFF, 0xC3, 0xC0, 0x01, 0xF0, 0xF0, 0x00, 0x7C, 0x3D, 0x00, 0x1F,
    0x0B, 0x80, 0x0B, 0x40, 0xF0, 0x03, 0xC0, 0x0F, 0x07, 0xC0, 0x00, 0xBF, 0x80, 0x00, 0x7F, 0xFF,
    0x40, 0x00, 0x03, 0xF4, 0x0F, 0xD0, 0x00, 0x00, 0x31, 0xE0, 0x1F, 0x40, 0x00, 0x02, 0x00, 0x00,
    0x3E, 0x00, 0x00, 0x08, 0x00, 0x00, 0xBC, 0x00, 0x00, 0x50, 0x00, 0x01, 0xF4, 0x00, 0x03, 0x00,
    0x00, 0x03, 0xF0, 0x00, 0x08, 0x00, 0x00, 0x0B, 0xC0, 0x00, 0x80, 0x00, 0x00, 0x0F, 0x80, 0x03,
    0x00, 0x00, 0x00, 0x2F, 0x00, 0x14, 0x00, 0x00, 0x00, 0x7D, 0x00, 0xC0, 0x00, 0x00, 0x00, 0xF8,
    0x06, 0x00, 0x00, 0x00, 0x02, 0xF0, 0x24, 0x00, 0x00, 0x00, 0x03, 0xE0, 0xC0, 0x00, 0x00, 0x00,
    0x0F, 0xC5, 0x00, 0x00, 0x00, 0x00, 0x1F, 0x70, 0x00, 0x00, 0x00, 0x00, 0x3F, 0x80, 0x00, 0x00,
    0x00, 0x00, 0xBD, 0x00, 0x00, 0x00, 0x00, 0x00, 0xF0, 0x00, 0x00, 0x00, 0x00, 0x02, 0x40, 0x00,
    0x00, 0x7F, 0xF8, 0x00, 0x2E, 0x02, 0xF0, 0x00, 0x23, 0xD0, 0x3C, 0x00, 0x14, 0xF0, 0x0B, 0x40,
    0x0C, 0x00, 0x01, 0xF0, 0x06, 0x00, 0x00, 0x3C, 0x02, 0x00, 0x00, 0x07, 0x80, 0x80, 0x00, 0x00,
    0xF0, 0x90, 0x00, 0x00, 0x2D, 0x30, 0x00, 0x00, 0x03, 0xD8, 0x00, 0x00, 0x00, 0xFC, 0x00, 0x00,
    0x00, 0x1E, 0x00, 0x00, 0x00, 0x03, 0x00, 0x00, 0x00, 0x00, 0xFA, 0x7E, 0x40, 0x00, 0x00, 0x00,
    0x1B, 0x96, 0xD0, 0x00, 0x00, 0x00, 0x00, 0x00, 0x00, 0x00, 0x00, 0x00, 0x00, 0x00, 0x00, 0x00,
    0x7F, 0xFF, 0x40, 0x00, 0x07, 0xF4, 0x0F, 0xD0, 0x00, 0x00, 0x75, 0xE0, 0x1F, 0x40, 0x00, 0x03,
    0x80, 0x00, 0x3E, 0x00, 0x00, 0x0C, 0x00, 0x00, 0xBC, 0x00, 0x00, 0xA0, 0x00, 0x01, 0xF4, 0x00,
    0x03, 0x40, 0x00, 0x03, 0xF0, 0x00, 0x1C, 0x00, 0x00, 0x0B, 0xC0, 0x00, 0x90, 0x00, 0x00, 0x0F,
    0x80, 0x03, 0x00, 0x00, 0x00, 0x2F, 0x00, 0x18, 0x00, 0x00, 0x00, 0x7D, 0x00, 0xC0, 0x00, 0x00,
    0x00, 0xF8, 0x03, 0x00, 0x00, 0x00, 0x02, 0xF0, 0x24, 0x00, 0x00, 0x00, 0x03, 0xD0, 0xC0, 0x00,
    0x00, 0x00, 0x0F, 0xC6, 0x00, 0x00, 0x00, 0x00, 0x1F, 0x20, 0x00, 0x00, 0x00, 0x00, 0x3E, 0xC0,
    0x00, 0x00, 0x00, 0x00, 0xBD, 0x00, 0x00, 0x00, 0x00, 0x00, 0xF0, 0x00, 0x00, 0x00, 0x00, 0x02,
    0x40, 0x00, 0x00, 0x14, 0x08, 0x00, 0x00, 0x0F, 0x43, 0xD0, 0x00, 0x01, 0xF4, 0x7D, 0x00, 0x00,
    0x07, 0x82, 0xD0, 0x00, 0x00, 0x20, 0x08, 0x00, 0x00, 0x00, 0x00, 0x00, 0x07, 0xFF, 0x80, 0x02,
    0xE0, 0x2F, 0x00, 0x02, 0x3D, 0x03, 0xC0, 0x01, 0x4F, 0x00, 0xB4, 0x00, 0xC0, 0x00, 0x1F, 0x00,
    0x60, 0x00, 0x03, 0xC0, 0x20, 0x00, 0x00, 0x78, 0x08, 0x00, 0x00, 0x0F, 0x09, 0x00, 0x00, 0x02,
    0xD3, 0x00, 0x00, 0x00, 0x3D, 0x80, 0x00, 0x00, 0x0F, 0xC0, 0x00, 0x00, 0x01, 0xE0, 0x00, 0x00,
    0x00, 0x30, 0x00, 0x00, 0x00, 0x00, 0x02, 0xF0, 0x00, 0x00, 0x00, 0x00, 0x6F, 0xFF, 0xE4, 0x00,
    0x00, 0x02, 0xF9, 0x2F, 0x0B, 0xE0, 0x00, 0x03, 0xE0, 0x00, 0x00, 0x1F, 0x40, 0x03, 0xD0, 0x00,
    0x00, 0x00, 0xF8, 0x03, 0xE0, 0x00, 0x00, 0x00, 0x1F, 0x01, 0xF0, 0x00, 0x00, 0x00, 0x03, 0xF0,
    0xFC, 0x00, 0x00, 0x00, 0x00, 0xBC, 0x3E, 0x00, 0x00, 0x00, 0x00, 0x1F, 0x5F, 0x80, 0x00, 0x00,
    0x00, 0x07, 0xE7, 0xE0, 0x00, 0x00, 0x00, 0x01, 0xF9, 0xF8, 0x00, 0x00, 0x00, 0x00, 0x7E, 0x7E,
    0x00, 0x00, 0x00, 0x00, 0x1F, 0x8F, 0xC0, 0x00, 0x00, 0x00, 0x07, 0xE3, 0xF0, 0x00, 0x00, 0x00,
    0x02, 0xF0, 0xBD, 0x00, 0x00, 0x00, 0x00, 0xFC, 0x0F, 0xC0, 0x00, 0x00, 0x00, 0xBD, 0x01, 0xF8,
    0x00, 0x00, 0x00, 0x7E, 0x00, 0x1F, 0x80, 0x00, 0x00, 0x7E, 0x00, 0x00, 0xBE, 0x4B, 0xC1, 0xF8,
    0x00, 0x00, 0x01, 0xBF, 0xFF, 0x90, 0x00, 0x00, 0x00, 0x00, 0xBC, 0x00, 0x00, 0x00, 0x00, 0x00,
    0xE0, 0x00, 0x00, 0x01, 0xBD, 0x00, 0x00, 0x0B, 0x5F, 0x6D, 0x00, 0x1E, 0x03, 0xC0, 0xF0, 0x0F,
    0x00, 0x00, 0x0E, 0x0B, 0x80, 0x00, 0x03, 0xD3, 0xD0, 0x00, 0x00, 0xB8, 0xF0, 0x00, 0x00, 0x2F,
    0x3C, 0x00, 0x00, 0x0B, 0xCF, 0x00, 0x00, 0x02, 0xF3, 0xD0, 0x00, 0x00, 0xB8, 0xB8, 0x00, 0x00,
    0x3D, 0x0F, 0x00, 0x00, 0x0F, 0x01, 0xE0, 0x3C, 0x0F, 0x00, 0x1F, 0x5F, 0x6E, 0x00, 0x00, 0x1B,
    0xD4, 0x00, 0x00, 0x00, 0xE0, 0x00, 0x00, 0x00, 0x00, 0x1B, 0xFE, 0x40, 0x00, 0x00, 0x00, 0x03,
    0xE0, 0x07, 0xC0, 0x00, 0x00, 0x00, 0x3C, 0x0B, 0xC2, 0xC0, 0x00, 0x00, 0x03, 0xC0, 0x92, 0x83,
    0xC0, 0x00, 0x00, 0x00, 0x02, 0x06, 0x03, 0xD0, 0x00, 0x00, 0x00, 0x00, 0x24, 0x02, 0xD0, 0x00,
    0x00, 0x00, 0x00, 0xC0, 0x00, 0x00, 0x00, 0x06, 0xFE, 0x05, 0x1F, 0xE4, 0x00, 0x00, 0xB8, 0x1E,
    0x02, 0xD0, 0xB8, 0x00, 0x0B, 0x80, 0xFC, 0x0F, 0x80, 0xB8, 0x00, 0x7C, 0x01, 0xD0, 0x1D, 0x00,
    0xF4, 0x03, 0xD0, 0x00, 0x00, 0x00, 0x01, 0xF0, 0x1F, 0x00, 0x00, 0x00, 0x00, 0x03, 0xD0, 0xFC,
    0x00, 0x00, 0x00, 0x00, 0x0F, 0xC3, 0xF0, 0x00, 0x00, 0x00, 0x00, 0x3F, 0x1F, 0x80, 0x00, 0x00,
    0x00, 0x00, 0xBC, 0x7E, 0x00, 0x00, 0x00, 0x00, 0x02, 0xF5, 0xF8, 0x00, 0x0F, 0xFC, 0x00, 0x0B,
    0xD7, 0xE0, 0x00, 0x0F, 0xC0, 0x00, 0x2F, 0x4F, 0x80, 0x00, 0x3E, 0x00, 0x00, 0xFC, 0x3F, 0x00,
    0x00, 0xF8, 0x00, 0x03, 0xF0, 0xBC, 0x00, 0x03, 0xE0, 0x00, 0x0F, 0x81, 0xF4, 0x00, 0x0F, 0x80,
    0x00, 0x7D, 0x03, 0xF0, 0x00, 0x3E, 0x00, 0x03, 0xE0, 0x03, 0xD0, 0x00, 0xDC, 0x00, 0x1F, 0x00,
    0x03, 0xD0, 0x1D, 0x1D, 0x01, 0xF0, 0x00, 0x01, 0xFF, 0x80, 0x0B, 0xFD, 0x00, 0x00, 0x00, 0x00,
    0xBF, 0x90, 0x00, 0x00, 0x00, 0x78, 0x0B, 0x80, 0x00, 0x00, 0x1E, 0x00, 0x1F, 0x00, 0x00, 0x03,
    0xC0, 0xB8, 0x74, 0x00, 0x00, 0x04, 0x24, 0xD2, 0xC0, 0x00, 0x00, 0x02, 0x09, 0x0B, 0x40, 0x00,
    0x00, 0x00, 0xC0, 0x04, 0x00, 0x07, 0xF8, 0x25, 0xFE, 0x00, 0x02, 0xD0, 0xF0, 0x74, 0x3D, 0x00,
    0xF4, 0x0F, 0x0B, 0xC0, 0xF4, 0x1F, 0x00, 0xF0, 0x74, 0x07, 0xC3, 0xE0, 0x00, 0x00, 0x00, 0x3D,
    0x3D, 0x00, 0x3F, 0xE0, 0x03, 0xE3, 0xD0, 0x00, 0xF4, 0x00, 0x3E, 0x3D, 0x00, 0x0B, 0x00, 0x03,
    0xD2, 0xE0, 0x00, 0xB0, 0x00, 0x3C, 0x1F, 0x00, 0x0B, 0x00, 0x07, 0xC0, 0xB4, 0x00, 0xE4, 0x00,
    0xF4, 0x03, 0xD0, 0x74, 0xA0, 0x3D, 0x00, 0x07, 0xF8, 0x01, 0xFE, 0x00, 0x00, 0x00, 0x3F, 0xFF,
    0xF0, 0x00, 0x00, 0x00, 0x00, 0xE1, 0xD2, 0xC0, 0x00, 0x00, 0x00, 0x03, 0x07, 0x43, 0x00, 0x00,
    0x00, 0x00, 0x0C, 0x1D, 0x0C, 0x00, 0x00, 0x00, 0x00, 0x00, 0x00, 0x00, 0x00, 0x00, 0x00, 0x00,
    0x00, 0x00, 0x00, 0x00, 0x00, 0x01, 0xBF, 0x80, 0x07, 0xF9, 0x00, 0x00, 0x2E, 0x07, 0x80, 0xB4,
    0x2E, 0x00, 0x02, 0xE0, 0x3F, 0x03, 0xE0, 0x2E, 0x00, 0x1F, 0x00, 0x74, 0x07, 0x40, 0x3D, 0x00,
    0xF4, 0x00, 0x00, 0x00, 0x00, 0x7C, 0x07, 0xC0, 0x00, 0x00, 0x00, 0x00, 0xF4, 0x3F, 0x00, 0x00,
    0x00, 0x00, 0x03, 0xF0, 0xFC, 0x00, 0x00, 0x00, 0x00, 0x0F, 0xC7, 0xE0, 0x00, 0x00, 0x00, 0x00,
    0x2F, 0x1F, 0x80, 0x00, 0x00, 0x00, 0x00, 0xBD, 0x7E, 0x00, 0x03, 0xFF, 0x00, 0x02, 0xF5, 0xF8,
    0x00, 0x03, 0xF0, 0x00, 0x0B, 0xD3, 0xE0, 0x00, 0x0F, 0x80, 0x00, 0x3F, 0x0F, 0xC0, 0x00, 0x3E,
    0x00, 0x00, 0xFC, 0x2F, 0x00, 0x00, 0xF8, 0x00, 0x03, 0xE0, 0x7D, 0x00, 0x03, 0xE0, 0x00, 0x1F,
    0x40, 0xFC, 0x00, 0x0F, 0x80, 0x00, 0xF8, 0x00, 0xF4, 0x00, 0x37, 0x00, 0x07, 0xC0, 0x00, 0xF4,
    0x07, 0x47, 0x40, 0x7C, 0x00, 0x00, 0x7F, 0xE0, 0x02, 0xFF, 0x40, 0x00, 0x00, 0x03, 0xFF, 0xFE,
    0x00, 0x00, 0x00, 0x34, 0xB0, 0xA0, 0x00, 0x00, 0x03, 0x0B, 0x02, 0x00, 0x00, 0x00, 0x20, 0xB0,
    0x20, 0x00, 0x00, 0x00, 0x00, 0x00, 0x00, 0x00, 0x00, 0x00, 0x00, 0x00, 0x00, 0x00, 0x7F, 0x80,
    0x1F, 0xE0, 0x00, 0x2D, 0x0F, 0x07, 0x43, 0xD0, 0x0F, 0x40, 0xF0, 0xBC, 0x0F, 0x41, 0xF0, 0x0F,
    0x07, 0x40, 0x7C, 0x3E, 0x00, 0x00, 0x00, 0x03, 0xD3, 0xD0, 0x03, 0xFE, 0x00, 0x3E, 0x3D, 0x00,
    0x0F, 0x40, 0x03, 0xE3, 0xD0, 0x00, 0xB0, 0x00, 0x3D, 0x2E, 0x00, 0x0B, 0x00, 0x03, 0xC1, 0xF0,
    0x00, 0xB0, 0x00, 0x7C, 0x0B, 0x40, 0x0E, 0x40, 0x0F, 0x40, 0x3D, 0x07, 0x4A, 0x03, 0xD0, 0x00,
    0x7F, 0x80, 0x1F, 0xE0, 0x00, 0x00, 0x06, 0xFF, 0x90, 0x20, 0x00, 0x3E, 0x40, 0x68, 0x74, 0x01,
    0xF0, 0x00, 0x07, 0xF4, 0x03, 0xC0, 0x00, 0x01, 0xF4, 0x0F, 0x00, 0x00, 0x00, 0xF4, 0x1E, 0x00,
    0x00, 0x00, 0x74, 0x3D, 0x00, 0x00, 0x00, 0x34, 0x3C, 0x00, 0x00, 0x00, 0x24, 0x7C, 0x00, 0x00,
    0x00, 0x00, 0x7C, 0x00, 0x00, 0x00, 0x00, 0x7C, 0x00, 0x00, 0x00, 0x00, 0x7C, 0x00, 0x00, 0x00,
    0x00, 0x7C, 0x00, 0x00, 0x00, 0x00, 0x3D, 0x00, 0x00, 0x00, 0x00, 0x3E, 0x00, 0x00, 0x00, 0x00,
    0x1F, 0x40, 0x00, 0x00, 0x00, 0x0F, 0xC0, 0x00, 0x00, 0x00, 0x03, 0xF8, 0x00, 0x00, 0x00, 0x01,
    0xFF, 0x90, 0x00, 0x00, 0x00, 0x2F, 0xFF, 0xE4, 0x00, 0x00, 0x02, 0xFF, 0xFF, 0x80, 0x00, 0x00,
    0x01, 0xBF, 0xF0, 0x00, 0x00, 0x00, 0x01, 0xFC, 0x00, 0x00, 0x00, 0x00, 0x1D, 0x00, 0x00, 0x00,
    0x00, 0x09, 0x00, 0x00, 0x00, 0x00, 0x08, 0x00, 0x00, 0x00, 0x00, 0x00, 0x00, 0xBF, 0xE0, 0x01,
    0xE0, 0x0B, 0x00, 0xE0, 0x03, 0xE0, 0xF0, 0x00, 0xB0, 0x38, 0x00, 0x00, 0x0E, 0x00, 0x00, 0x03,
    0x80, 0x00, 0x00, 0xF0, 0x00, 0x00, 0x3C, 0x00, 0x00, 0x07, 0xC0, 0x00, 0x00, 0xFD, 0x00, 0x00,
    0x0B, 0xF9, 0x00, 0x00, 0x2F, 0xF4, 0x00, 0x00, 0x2F, 0x40, 0x00, 0x00, 0xF0, 0x00, 0x00, 0x1C,
    0x00, 0x00, 0x03, 0x00, 0x00, 0x00, 0xC0, 0x00, 0x01, 0x80, 0x00, 0x04, 0x00, 0x00, 0x24, 0x00,
    0x80, 0x7F, 0x40, 0xE4, 0x10, 0x09, 0x80, 0x00, 0x80, 0x40, 0x02, 0x00, 0x00, 0x1D, 0x00, 0x00,
    0x34, 0x00, 0x00, 0x00, 0x00, 0x1D, 0x7E, 0x40, 0x1D, 0x74, 0x69, 0x1D, 0x74, 0x01, 0xBD, 0x74,
    0x00, 0x00, 0x00, 0xBF, 0x80, 0x00, 0x0B, 0x80, 0xB4, 0x00, 0x2D, 0x00, 0x1D, 0x00, 0x78, 0x00,
    0x0B, 0x00, 0xB0, 0x00, 0x03, 0xC0, 0x90, 0x00, 0x00, 0xE0, 0x00, 0x00, 0x00, 0x2C, 0x00, 0x00,
    0x00, 0x00, 0x07, 0xF4, 0x2C, 0x09, 0x30, 0x1F, 0x20, 0x2F, 0x20, 0x1E, 0x14, 0x00, 0x0B, 0xE0,
    0x20, 0x1C, 0x78, 0x06, 0x7C, 0x02, 0x38, 0x05, 0x00, 0x04, 0x00, 0x00, 0x00, 0x03, 0xC0, 0x00,
    0x00, 0x00, 0x00, 0x00, 0x00, 0x0B, 0xD0, 0x00, 0x00, 0x00, 0x00, 0x00, 0x00, 0x03, 0xC0, 0x00,
    0x00, 0x00, 0x00, 0x00, 0x00, 0x00, 0x00, 0x00, 0x00, 0x00, 0x00, 0x3C, 0x00, 0x00, 0x00, 0x00,
    0x78, 0x00, 0x00, 0x7D, 0x00, 0x00, 0x00, 0x00, 0xBC, 0x00, 0x00, 0x3C, 0x00, 0x00, 0x00, 0x00,
    0x78, 0x00, 0x00, 0x00, 0x00, 0x00, 0x00, 0x00, 0x00, 0x00, 0x00, 0x00, 0x00, 0x00, 0x00, 0x00,
    0x00, 0x00, 0x00, 0x00, 0x00, 0x00, 0x00, 0x00, 0x00, 0x00, 0x00, 0x00, 0x00, 0x00, 0x00, 0x00,
    0x00, 0x00, 0x00, 0x00, 0x00, 0x00, 0x00, 0x00, 0x00, 0x00, 0x00, 0x00, 0x00, 0x00, 0x00, 0x00,
    0x00, 0x00, 0x00, 0x00, 0x00, 0x00, 0x00, 0x00, 0x00, 0x00, 0x3C, 0x00, 0x00, 0x00, 0x00, 0x00,
    0x00, 0x78, 0x7D, 0x00, 0x00, 0x00, 0x00, 0x00, 0x00, 0xBC, 0x3C, 0x00, 0x00, 0x00, 0x00, 0x00,
    0x00, 0x78, 0x00, 0x00, 0x00, 0x00, 0x00, 0x00, 0x00, 0x00, 0x00, 0x00, 0x00, 0x00, 0x00, 0x00,
    0x00, 0x00, 0x00, 0x00, 0x00, 0x00, 0x00, 0x00, 0x00, 0x00, 0x00, 0x00, 0x00, 0x00, 0x00, 0x00,
    0x00, 0x00, 0x00, 0x00, 0x00, 0x00, 0x00, 0x00, 0x00, 0x00, 0x00, 0x00, 0x00, 0x00, 0x00, 0x00,
    0x00, 0x00, 0x00, 0x00, 0x00, 0x00, 0x00, 0x00, 0x00, 0x00, 0x00, 0x3C, 0x00, 0x00, 0x00, 0x00,
    0x78, 0x00, 0x00, 0x7D, 0x00, 0x00, 0x00, 0x00, 0xBC, 0x00, 0x00, 0x3C, 0x00, 0x00, 0x00, 0x00,
    0x78, 0x00, 0x00, 0x00, 0x00, 0x00, 0x00, 0x00, 0x00, 0x00, 0x00, 0x00, 0x00, 0x00, 0x00, 0x00,
    0x00, 0x00, 0x00, 0x00, 0x00, 0x03, 0xC0, 0x00, 0x00, 0x00, 0x00, 0x00, 0x00, 0x0B, 0xD0, 0x00,
    0x00, 0x00, 0x00, 0x00, 0x00, 0x03, 0xC0, 0x00, 0x00, 0x00, 0x00, 0x00, 0x00, 0x00, 0x10, 0x00,
    0x00, 0x00, 0x00, 0x00, 0x00, 0x00, 0x05, 0x00, 0x00, 0x00, 0x00, 0x00, 0x00, 0x00, 0x00, 0xF0,
    0x00, 0x00, 0x00, 0x00, 0x00, 0x00, 0x00, 0x1F, 0x40, 0x00, 0x00, 0x00, 0x00, 0x00, 0x00, 0x00,
    0xF0, 0x00, 0x00, 0x00, 0x00, 0x01, 0x00, 0x00, 0x00, 0x00, 0x00, 0x00, 0x00, 0x00, 0x2F, 0x00,
    0x00, 0x00, 0x00, 0x0F, 0xD0, 0x00, 0x01, 0xF4, 0x00, 0x00, 0x00, 0x02, 0xF0, 0x00, 0x00, 0x0F,
    0x00, 0x00, 0x00, 0x00, 0x1F, 0x00, 0x00, 0x00, 0x00, 0x00, 0x00, 0x00, 0x00, 0x00, 0x00, 0x00,
    0x00, 0x00, 0x00, 0x00, 0x00, 0x00, 0x00, 0x00, 0x00, 0x00, 0x00, 0x00, 0x00, 0x00, 0x00, 0x00,
    0x00, 0x00, 0x00, 0x00, 0x00, 0x00, 0x00, 0x00, 0x00, 0x00, 0x00, 0x00, 0x00, 0x00, 0x00, 0x00,
    0x00, 0x00, 0x00, 0x00, 0x00, 0x00, 0x00, 0x00, 0x00, 0x00, 0x00, 0x00, 0x00, 0x00, 0x00, 0x00,
    0x00, 0x00, 0x8F, 0x00, 0x00, 0x00, 0x00, 0x00, 0x00, 0x1F, 0x07, 0xF4, 0x00, 0x00, 0x00, 0x00,
    0x00, 0x02, 0xFC, 0x1F, 0x00, 0x00, 0x00, 0x00, 0x00, 0x00, 0x1E, 0x10, 0x00, 0x00, 0x00, 0x00,
    0x00, 0x00, 0x00, 0x00, 0x00, 0x00, 0x00, 0x00, 0x00, 0x00, 0x00, 0x00, 0x00, 0x00, 0x00, 0x00,
    0x00, 0x00, 0x00, 0x00, 0x00, 0x00, 0x00, 0x00, 0x00, 0x00, 0x00, 0x00, 0x00, 0x00, 0x00, 0x00,
    0x00, 0x00, 0x00, 0x00, 0x00, 0x00, 0x00, 0x00, 0x00, 0x00, 0x00, 0x00, 0x00, 0x00, 0x00, 0x00,
    0x00, 0x00, 0x00, 0x00, 0x00, 0x00, 0x00, 0x00, 0x00, 0x00, 0x00, 0x00, 0x00, 0x00, 0x00, 0x00,
    0x00, 0xF0, 0x00, 0x00, 0x00, 0x01, 0xE0, 0x00, 0x00, 0x1F, 0x40, 0x00, 0x00, 0x00, 0x2F, 0x40,
    0x00, 0x06, 0xE0, 0x00, 0x00, 0x00, 0x00, 0xA4, 0x00, 0x00, 0x00, 0x00, 0x00, 0x00, 0x00, 0x01,
    0x00, 0x00, 0x00, 0x00, 0x00, 0x0F, 0x00, 0x00, 0x00, 0x00, 0x00, 0x00, 0x00, 0x02, 0xF4, 0x00,
    0x00, 0x00, 0x00, 0x00, 0x00, 0x00, 0x0F, 0x00, 0x00, 0x00, 0x00, 0x00, 0x00, 0x00, 0x00, 0x90,
    0x00, 0x00, 0x00, 0x00, 0x00, 0x00, 0x00, 0x00, 0x00, 0x00, 0x00, 0x00, 0x00, 0x00, 0x00, 0x00,
    0x00, 0x00, 0x00, 0x0B, 0x80, 0xF0, 0x00, 0x00, 0x00, 0x3F, 0x07, 0xD0, 0x00, 0x00, 0x00, 0xB4,
    0x0F, 0x00, 0x00, 0x00, 0x00, 0x7F, 0xE0, 0x00, 0x00, 0x00, 0x00, 0x00, 0x00, 0x00, 0x03, 0xFF,
    0xFE, 0x03, 0xFF, 0xFE, 0x00, 0x7F, 0x00, 0x00, 0x7F, 0x00, 0x00, 0xF8, 0x00, 0x01, 0xF8, 0x00,
    0x03, 0xE0, 0x00, 0x0F, 0xE0, 0x00, 0x0F, 0x80, 0x00, 0x9F, 0x80, 0x00, 0x3E, 0x00, 0x06, 0x3E,
    0x00, 0x00, 0xF8, 0x00, 0x30, 0xF8, 0x00, 0x03, 0xE0, 0x02, 0x43, 0xE0, 0x00, 0x0F, 0x80, 0x08,
    0x0F, 0x80, 0x00, 0x3E, 0x00, 0xC0, 0x3E, 0x00, 0x00, 0xF8, 0x09, 0x00, 0xF8, 0x00, 0x03, 0xE0,
    0x20, 0x03, 0xE0, 0x00, 0x0F, 0x83, 0x00, 0x0F, 0x80, 0x00, 0x3E, 0x14, 0x00, 0x3E, 0x00, 0x00,
    0xF8, 0x80, 0x00, 0xF8, 0x00, 0x03, 0xE8, 0x00, 0x03, 0xE0, 0x00, 0x0F, 0xD0, 0x00, 0x0F, 0x80,
    0x00, 0x3F, 0x00, 0x00, 0x3E, 0x00, 0x01, 0xFC, 0x00, 0x01, 0xFC, 0x00, 0xFF, 0xFF, 0x80, 0xFF,
    0xFF, 0xC0, 0x00, 0x00, 0x00, 0x00, 0x1F, 0x00, 0x00, 0x00, 0x00, 0x00, 0x0C, 0x00, 0x00, 0x00,
    0x00, 0x00, 0x24, 0x00, 0x00, 0x00, 0x00, 0x00, 0x50, 0x00, 0x00, 0x00, 0x00, 0x00, 0x80, 0x00,
    0x00, 0x00, 0x00, 0x01, 0x00, 0x00, 0x00, 0x00, 0x00, 0x3D, 0x07, 0xC0, 0x00, 0x0F, 0x82, 0xF4,
    0x00, 0x03, 0xC0, 0x3C, 0x00, 0x00, 0x1F, 0xF8, 0x00, 0x00, 0x00, 0x00, 0x00, 0x07, 0xFF, 0xC3,
    0xFF, 0xD0, 0x1F, 0x40, 0x1F, 0x40, 0x03, 0xC0, 0x03, 0xC0, 0x00, 0xF0, 0x02, 0xF0, 0x00, 0x3C,
    0x02, 0x3C, 0x00, 0x0F, 0x02, 0x4F, 0x00, 0x03, 0xC1, 0x43, 0xC0, 0x00, 0xF1, 0x80, 0xF0, 0x00,
    0x3C, 0x80, 0x3C, 0x00, 0x0F, 0xC0, 0x0F, 0x00, 0x03, 0xD0, 0x03, 0xC0, 0x01, 0xF0, 0x01, 0xF4,
    0x07, 0xFF, 0xC3, 0xFF, 0xE0, 0x00, 0x00, 0x00, 0x78, 0x00, 0x00, 0x00, 0x03, 0x00, 0x00, 0x00,
    0x00, 0xC0, 0x00, 0x00, 0x00, 0x30, 0x03, 0xFF, 0xFE, 0x00, 0x00, 0x00, 0x00, 0xFC, 0x00, 0x00,
    0x00, 0x00, 0x0F, 0x80, 0x00, 0x00, 0x0B, 0xFF, 0xFF, 0xFF, 0xFF, 0x40, 0x00, 0x0F, 0x80, 0x00,
    0x00, 0x00, 0x00, 0xF8, 0x00, 0x00, 0x00, 0x00, 0x0F, 0x80, 0x00, 0x00, 0x00, 0x00, 0xF8, 0x00,
    0x00, 0x00, 0x00, 0x0F, 0x80, 0x00, 0x00, 0x00, 0x00, 0xFF, 0xFF, 0xF9, 0x00, 0x00, 0x0F, 0x80,
    0x02, 0xFC, 0x00, 0x00, 0xF8, 0x00, 0x03, 0xF0, 0x00, 0x0F, 0x80, 0x00, 0x1F, 0x80, 0x00, 0xF8,
    0x00, 0x00, 0xFC, 0x00, 0x0F, 0x80, 0x00, 0x0F, 0xC0, 0x00, 0xF8, 0x00, 0x00, 0xFC, 0x00, 0x0F,
    0x80, 0x00, 0x1F, 0x80, 0x00, 0xF8, 0x00, 0x03, 0xF0, 0x00, 0x0F, 0xC0, 0x01, 0xFC, 0x00, 0x3F,
    0xFF, 0xFF, 0xFD, 0x00, 0x00, 0x10, 0x00, 0x01, 0xFF, 0xC0, 0x00, 0x00, 0x1F, 0x00, 0x00, 0x00,
    0x3C, 0x00, 0x00, 0x00, 0xF0, 0x00, 0x00, 0x03, 0xC0, 0x00, 0x00, 0x0F, 0x00, 0x00, 0x07, 0xFF,
    0xFF, 0x40, 0x00, 0xF0, 0x00, 0x00, 0x03, 0xC0, 0x00, 0x00, 0x0F, 0x00, 0x00, 0x00, 0x3C, 0x00,
    0x00, 0x00, 0xFF, 0xFE, 0x00, 0x03, 0xC0, 0x1F, 0x40, 0x0F, 0x00, 0x1F, 0x00, 0x3C, 0x00, 0x3D,
    0x00, 0xF0, 0x00, 0xF4, 0x03, 0xC0, 0x07, 0xC0, 0x0F, 0x00, 0x7D, 0x03, 0xFF, 0xFF, 0x80, 0x3F,
    0xFF, 0xFF, 0xE0, 0x00, 0x07, 0xE0, 0x01, 0xF8, 0x00, 0x0F, 0x40, 0x00, 0xF8, 0x00, 0x3E, 0x00,
    0x00, 0xF4, 0x00, 0xF8, 0x00, 0x03, 0xF0, 0x03, 0xE0, 0x00, 0x0F, 0xC0, 0x0F, 0x80, 0x00, 0x3F,
    0x00, 0x3E, 0x09, 0x00, 0xFC, 0x00, 0xF8, 0x0E, 0x07, 0xD0, 0x03, 0xE0, 0x0A, 0x3D, 0x00, 0x0F,
    0xFF, 0xFF, 0xD0, 0x00, 0x3E, 0x00, 0x02, 0x40, 0x00, 0xF8, 0x00, 0x01, 0x80, 0x03, 0xE0, 0x00,
    0x01, 0xC0, 0x0F, 0x80, 0x00, 0x00, 0x00, 0x3E, 0x00, 0x00, 0x00, 0x00, 0xF8, 0x00, 0x00, 0x00,
    0x03, 0xE0, 0x00, 0x00, 0x00, 0x1F, 0xC0, 0x00, 0x00, 0x0F, 0xFF, 0xF8, 0x00, 0x00, 0x3F, 0xC7,
    0xFD, 0x00, 0x01, 0xFA, 0x02, 0xF0, 0x00, 0x3E, 0x00, 0x2F, 0x00, 0x0F, 0x00, 0x03, 0xD0, 0x03,
    0xC0, 0x00, 0xBC, 0x00, 0xF0, 0x00, 0x1F, 0x00, 0x3C, 0x00, 0x07, 0xC0, 0x0F, 0x00, 0x71, 0xF0,
    0x03, 0xC0, 0x07, 0xFC, 0x00, 0xF0, 0x00, 0x3D, 0x00, 0x3E, 0x00, 0x2F, 0x40, 0x0F, 0xE0, 0x2F,
    0x74, 0x03, 0xCB, 0xF9, 0x02, 0x00, 0xF0, 0x00, 0x00, 0x00, 0x3C, 0x00, 0x00, 0x00, 0x0F, 0x00,
    0x00, 0x00, 0x03, 0xC0, 0x00, 0x00, 0x00, 0xF4, 0x00, 0x00, 0x03, 0xFF, 0xD0, 0x00, 0x00, 0x00,
    0x00, 0x00, 0x00, 0x00, 0x00, 0x00, 0x00, 0x04, 0x00, 0x00, 0x00, 0x00, 0xC0, 0x00, 0x00, 0x00,
    0x0C, 0x00, 0x00, 0x00, 0x02, 0xC0, 0x00, 0x00, 0x01, 0xB8, 0x3F, 0xFF, 0xFF, 0xFF, 0x80, 0x1F,
    0x80, 0x00, 0x00, 0x00, 0xF8, 0x00, 0x00, 0x00, 0x0F, 0x80, 0x00, 0x00, 0x00, 0xF8, 0x00, 0x00,
    0x00, 0x0F, 0x80, 0x00, 0x00, 0x00, 0xF8, 0x00, 0x00, 0x00, 0x0F, 0x80, 0x00, 0x00, 0x00, 0xF8,
    0x00, 0x00, 0x00, 0x0F, 0x80, 0x00, 0x00, 0x00, 0xF8, 0x00, 0x00, 0x00, 0x0F, 0x80, 0x00, 0x00,
    0x00, 0xF8, 0x00, 0x00, 0x00, 0x0F, 0x80, 0x00, 0x00, 0x00, 0xF8, 0x00, 0x00, 0x00, 0x0F, 0x80,
    0x00, 0x00, 0x00, 0xF8, 0x00, 0x00, 0x00, 0x0F, 0x80, 0x00, 0x00, 0x01, 0xFC, 0x00, 0x00, 0x03,
    0xFF, 0xFF, 0x00, 0x00, 0x00, 0x00, 0x02, 0x00, 0x00, 0x00, 0xC0, 0x00, 0x00, 0xB1, 0xFF, 0xFF,
    0xF8, 0x07, 0xC0, 0x00, 0x00, 0xF0, 0x00, 0x00, 0x3C, 0x00, 0x00, 0x0F, 0x00, 0x00, 0x03, 0xC0,
    0x00, 0x00, 0xF0, 0x00, 0x00, 0x3C, 0x00, 0x00, 0x0F, 0x00, 0x00, 0x03, 0xC0, 0x00, 0x00, 0xF0,
    0x00, 0x00, 0x7D, 0x00, 0x01, 0xFF, 0xFC, 0x00, 0x3F, 0xFF, 0xFF, 0xFF, 0x00, 0x7E, 0x00, 0x07,
    0xD0, 0x0F, 0x80, 0x00, 0x34, 0x03, 0xE0, 0x00, 0x06, 0x00, 0xF8, 0x00, 0x00, 0x80, 0x3E, 0x00,
    0x00, 0x20, 0x0F, 0x80, 0x00, 0x04, 0x03, 0xE0, 0x00, 0x00, 0x00, 0xF8, 0x00, 0x00, 0x1F, 0xFF,
    0xFD, 0x00, 0x00, 0x0F, 0x80, 0x00, 0x00, 0x03, 0xE0, 0x00, 0x00, 0x00, 0xF8, 0x00, 0x00, 0x00,
    0x3E, 0x00, 0x00, 0x00, 0x0F, 0x80, 0x00, 0x00, 0x03, 0xE0, 0x00, 0x00, 0x00, 0xF8, 0x00, 0x00,
    0x00, 0x3E, 0x00, 0x00, 0x00, 0x1F, 0xC0, 0x00, 0x00, 0xFF, 0xFF, 0xC0, 0x00, 0x7F, 0xFF, 0xFF,
    0x01, 0xF0, 0x02, 0xC0, 0x3C, 0x00, 0x30, 0x0F, 0x00, 0x08, 0x03, 0xC0, 0x00, 0x1F, 0xFF, 0xC0,
    0x00, 0x3C, 0x00, 0x00, 0x0F, 0x00, 0x00, 0x03, 0xC0, 0x00, 0x00, 0xF0, 0x00, 0x00, 0x3C, 0x00,
    0x00, 0x1F, 0x40, 0x00, 0x7F, 0xFF, 0x00, 0x00, 0x3F, 0xFF, 0xFF, 0xFF, 0x00, 0x07, 0xE0, 0x00,
    0x7D, 0x00, 0x0F, 0x80, 0x00, 0x34, 0x00, 0x3E, 0x00, 0x00, 0x60, 0x00, 0xF8, 0x00, 0x00, 0x80,
    0x03, 0xE0, 0x00, 0x03, 0x00, 0x0F, 0x80, 0x00, 0x04, 0x00, 0x3E, 0x00, 0x00, 0x00, 0x00, 0xF8,
    0x00, 0x00, 0x00, 0x03, 0xFF, 0xFE, 0x40, 0x00, 0x0F, 0x80, 0x1F, 0xE0, 0x00, 0x3E, 0x00, 0x07,
    0xF0, 0x00, 0xF8, 0x00, 0x07, 0xE0, 0x03, 0xE0, 0x00, 0x0F, 0xC0, 0x0F, 0x80, 0x00, 0x2F, 0x40,
    0x3E, 0x00, 0x00, 0x7E, 0x00, 0xF8, 0x00, 0x00, 0xFC, 0x03, 0xE0, 0x00, 0x03, 0xF0, 0x1F, 0xC0,
    0x00, 0x0F, 0xCF, 0xFF, 0xFC, 0x00, 0x3E, 0x00, 0x00, 0x00, 0x01, 0xF4, 0x00, 0x00, 0x00, 0x0B,
    0xC0, 0x00, 0x03, 0xD0, 0x3E, 0x00, 0x00, 0x1F, 0x82, 0xF0, 0x00, 0x00, 0x3D, 0x2F, 0x00, 0x00,
    0x00, 0x6F, 0xD0, 0x00, 0x7F, 0xFF, 0xFF, 0x00, 0x1F, 0x00, 0x1C, 0x00, 0x3C, 0x00, 0x20, 0x00,
    0xF0, 0x00, 0x00, 0x03, 0xC0, 0x00, 0x00, 0x0F, 0xFF, 0xE0, 0x00, 0x3C, 0x01, 0xF4, 0x00, 0xF0,
    0x00, 0xF4, 0x03, 0xC0, 0x02, 0xF0, 0x0F, 0x00, 0x07, 0xC0, 0x3C, 0x00, 0x0F, 0x41, 0xF4, 0x00,
    0x3D, 0x7F, 0xFC, 0x00, 0xF4, 0x00, 0x00, 0x03, 0xD0, 0x00, 0x00, 0x1F, 0x00, 0x00, 0x00, 0xB8,
    0x00, 0x2D, 0x03, 0xC0, 0x00, 0xB4, 0x7C, 0x00, 0x00, 0xBF, 0x80, 0x00, 0x7F, 0xF8, 0x00, 0xFF,
    0xFF, 0x80, 0x0F, 0xFF, 0x00, 0x7E, 0x00, 0x00, 0x7F, 0x00, 0x00, 0x3E, 0x00, 0x00, 0xA0, 0x00,
    0x03, 0xE0, 0x00, 0x03, 0x40, 0x00, 0x02, 0x80, 0x00, 0x3E, 0x00, 0x00, 0xC0, 0x00, 0x00, 0x06,
    0x00, 0x03, 0xE0, 0x00, 0x30, 0x00, 0x00, 0x00, 0x18, 0x00, 0x3E, 0x00, 0x0C, 0x00, 0x00, 0x00,
    0x00, 0x60, 0x03, 0xE0, 0x03, 0x00, 0x00, 0x00, 0x00, 0x01, 0x80, 0x3E, 0x00, 0xC0, 0x00, 0x00,
    0x00, 0x00, 0x2F, 0x03, 0xE0, 0x3C, 0x00, 0x00, 0x00, 0x00, 0x07, 0xE8, 0x3E, 0x1B, 0xF0, 0x00,
    0x00, 0x00, 0x00, 0xFC, 0x33, 0xE6, 0x1F, 0x80, 0x00, 0x00, 0x00, 0x2F, 0x00, 0xFF, 0x80, 0xBC,
    0x00, 0x00, 0x00, 0x07, 0xE0, 0x03, 0xF0, 0x03, 0xF0, 0x00, 0x00, 0x00, 0xFC, 0x00, 0x3E, 0x00,
    0x1F, 0x80, 0x00, 0x00, 0x2F, 0x00, 0x03, 0xE0, 0x00, 0xBD, 0x00, 0x00, 0x07, 0xE0, 0x00, 0x3E,
    0x00, 0x03, 0xF0, 0x00, 0x00, 0xFC, 0x00, 0x03, 0xE0, 0x00, 0x1F, 0x80, 0x00, 0x2F, 0x00, 0x00,
    0x3E, 0x00, 0x00, 0xBD, 0x00, 0x0B, 0xF4, 0x00, 0x07, 0xF0, 0x00, 0x03, 0xF4, 0x0F, 0xFF, 0xE0,
    0x0F, 0xFF, 0xF8, 0x01, 0xFF, 0xF4, 0x00, 0x00, 0x00, 0x00, 0x00, 0x00, 0x00, 0x07, 0x80, 0x00,
    0x00, 0x00, 0x00, 0x00, 0x00, 0x00, 0x18, 0x00, 0x00, 0x00, 0x00, 0x00, 0x00, 0x00, 0x00, 0xC0,
    0x00, 0x00, 0x00, 0x00, 0x00, 0x00, 0x00, 0x0C, 0x00, 0x00, 0x00, 0x00, 0x00, 0x00, 0x00, 0x00,
    0x80, 0x00, 0x00, 0x00, 0x00, 0x00, 0x00, 0x00, 0x04, 0x3F, 0xF0, 0x3F, 0xFC, 0x0F, 0xFC, 0x01,
    0xF8, 0x01, 0xF4, 0x01, 0xF4, 0x00, 0x07, 0x00, 0x3C, 0x00, 0xE0, 0x00, 0x00, 0x30, 0x0F, 0x00,
    0xD0, 0x00, 0x00, 0x02, 0x43, 0xC1, 0xC0, 0x00, 0x00, 0x00, 0xF8, 0xF2, 0xF0, 0x00, 0x00, 0x00,
    0xB9, 0xFE, 0x5F, 0x00, 0x00, 0x00, 0x7C, 0x0F, 0x02, 0xE0, 0x00, 0x00, 0x3C, 0x03, 0xC0, 0x3D,
    0x00, 0x00, 0x3D, 0x00, 0xF0, 0x03, 0xC0, 0x00, 0x3E, 0x00, 0x3C, 0x00, 0x7C, 0x00, 0x3F, 0x40,
    0x1F, 0x40, 0x0F, 0xC0, 0xBF, 0xF0, 0x3F, 0xFC, 0x0F, 0xFE, 0x00, 0x00, 0x00, 0x00, 0x00, 0x02,
    0xC0, 0x00, 0x00, 0x00, 0x00, 0x00, 0x30, 0x00, 0x00, 0x00, 0x00, 0x00, 0x0C, 0x00, 0x00, 0x00,
    0x00, 0x00, 0x02, 0x00, 0x20, 0x6F, 0xF8, 0x00, 0x3B, 0x90, 0x1F, 0x80, 0x3D, 0x00, 0x03, 0xE0,
    0x34, 0x00, 0x01, 0xF4, 0x30, 0x00, 0x00, 0xF8, 0x20, 0x00, 0x00, 0xF8, 0x00, 0x00, 0x01, 0xF4,
    0x00, 0x00, 0x03, 0xE0, 0x00, 0x00, 0x2F, 0x40, 0x00, 0x3F, 0xF8, 0x00, 0x00, 0x00, 0x1F, 0x80,
    0x00, 0x00, 0x02, 0xF0, 0x00, 0x00, 0x00, 0xFC, 0x00, 0x00, 0x00, 0xBD, 0x40, 0x00, 0x00, 0x7D,
    0x60, 0x00, 0x00, 0xBD, 0x30, 0x00, 0x00, 0xFC, 0x28, 0x00, 0x02, 0xF4, 0x0B, 0x40, 0x1F, 0xC0,
    0x00, 0xBF, 0xF9, 0x00, 0x00, 0x07, 0xC0, 0x00, 0x00, 0x07, 0xD0, 0x00, 0x00, 0x00, 0xB8, 0x00,
    0x00, 0x00, 0x3C, 0x00, 0x00, 0x00, 0x3C, 0x00, 0x00, 0x01, 0xB8, 0x00, 0x00, 0xBF, 0x90, 0x00,
    0x22, 0xFF, 0x90, 0x39, 0x00, 0xBC, 0x30, 0x00, 0x3D, 0x00, 0x00, 0x3D, 0x00, 0x01, 0xB4, 0x00,
    0xBF, 0x80, 0x00, 0x01, 0xF4, 0x00, 0x00, 0x3D, 0x00, 0x00, 0x2E, 0x50, 0x00, 0x2F, 0x30, 0x00,
    0x3E, 0x29, 0x01, 0xFC, 0x07, 0xFF, 0xD0, 0x00, 0x78, 0x00, 0x00, 0x7C, 0x00, 0x00, 0x0F, 0x40,
    0x00, 0x03, 0xC0, 0x00, 0x03, 0xC0, 0x00, 0x1F, 0x80, 0x0F, 0xF9, 0x00, 0x3F, 0xFF, 0xE0, 0x03,
    0xFF, 0xC0, 0x07, 0xF0, 0x00, 0x03, 0xE0, 0x00, 0x0F, 0x80, 0x00, 0x0D, 0x00, 0x00, 0x3E, 0x00,
    0x00, 0xC0, 0x00, 0x00, 0xF8, 0x00, 0x0C, 0x00, 0x00, 0x03, 0xE0, 0x00, 0xC0, 0x00, 0x00, 0x0F,
    0x80, 0x0C, 0x00, 0x00, 0x00, 0x3E, 0x01, 0xC0, 0x00, 0x00, 0x00, 0xF8, 0x1F, 0x00, 0x00, 0x00,
    0x03, 0xE1, 0xBF, 0x00, 0x00, 0x00, 0x0F, 0x98, 0x7D, 0x00, 0x00, 0x00, 0x3F, 0x80, 0xBC, 0x00,
    0x00, 0x00, 0xF8, 0x00, 0xFC, 0x00, 0x00, 0x03, 0xE0, 0x01, 0xF4, 0x00, 0x00, 0x0F, 0x80, 0x02,
    0xF0, 0x00, 0x00, 0x3E, 0x00, 0x03, 0xF0, 0x00, 0x00, 0xF8, 0x00, 0x07, 0xE0, 0x00, 0x03, 0xE0,
    0x00, 0x0B, 0xC0, 0x00, 0x1F, 0xC0, 0x00, 0x1F, 0xC0, 0x0F, 0xFF, 0xF8, 0x03, 0xFF, 0xF4, 0x00,
    0x00, 0x00, 0x00, 0x01, 0xE0, 0x00, 0x00, 0x00, 0x00, 0x02, 0x80, 0x00, 0x00, 0x00, 0x00, 0x03,
    0x00, 0x00, 0x00, 0x00, 0x00, 0x0C, 0x00, 0x00, 0x00, 0x00, 0x00, 0x20, 0x00, 0x00, 0x00, 0x00,
    0x00, 0x40, 0x7F, 0xFC, 0x0F, 0xFC, 0x01, 0xF0, 0x02, 0xF4, 0x00, 0x3C, 0x00, 0xD0, 0x00, 0x0F,
    0x00, 0xD0, 0x00, 0x03, 0xC1, 0xC0, 0x00, 0x00, 0xF2, 0xF0, 0x00, 0x00, 0x3F, 0x6E, 0x00, 0x00,
    0x0F, 0x03, 0xE0, 0x00, 0x03, 0xC0, 0x3D, 0x00, 0x00, 0xF0, 0x03, 0xC0, 0x00, 0x3C, 0x00, 0x7C,
    0x00, 0x1F, 0x00, 0x0F, 0xC0, 0x7F, 0xFC, 0x0F, 0xFE, 0x00, 0x00, 0x00, 0x02, 0xC0, 0x00, 0x00,
    0x00, 0x30, 0x00, 0x00, 0x00, 0x0C, 0x00, 0x00, 0x00, 0x02, 0x00, 0x3F, 0xFF, 0xE0, 0x00, 0x3F,
    0xFD, 0x01, 0xFC, 0x00, 0x00, 0x0F, 0x90, 0x00, 0xF8, 0x00, 0x00, 0x0D, 0x00, 0x00, 0xF8, 0x00,
    0x00, 0x30, 0x00, 0x00, 0xF8, 0x0C, 0x01, 0x80, 0x00, 0x00, 0xF8, 0x0C, 0x0A, 0x00, 0x00, 0x00,
    0xF8, 0x0C, 0x24, 0x00, 0x00, 0x00, 0xF8, 0x0C, 0xE0, 0x00, 0x00, 0x00, 0xFF, 0xFF, 0xF0, 0x00,
    0x00, 0x00, 0xF8, 0x0D, 0xFC, 0x00, 0x00, 0x00, 0xF8, 0x0C, 0xBD, 0x00, 0x00, 0x00, 0xF8, 0x0C,
    0x3F, 0x00, 0x00, 0x00, 0xF8, 0x0C, 0x0F, 0xC0, 0x00, 0x00, 0xF8, 0x00, 0x07, 0xE0, 0x00, 0x00,
    0xF8, 0x00, 0x02, 0xF4, 0x00, 0x00, 0xF8, 0x00, 0x00, 0xFC, 0x00, 0x00, 0xF8, 0x00, 0x00, 0x3F,
    0x00, 0x00, 0xF8, 0x00, 0x00, 0x2F, 0x80, 0x01, 0xFC, 0x00, 0x00, 0x1F, 0xE0, 0x3F, 0xFF, 0xE0,
    0x00, 0xFF, 0xFE, 0x7F, 0xFC, 0x00, 0x7F, 0xD0, 0x1F, 0x40, 0x00, 0xF8, 0x00, 0x3C, 0x00, 0x07,
    0x00, 0x00, 0xF0, 0x08, 0x70, 0x00, 0x03, 0xC0, 0x2A, 0x00, 0x00, 0x0F, 0xFF, 0xFC, 0x00, 0x00,
    0x3C, 0x02, 0xF8, 0x00, 0x00, 0xF0, 0x08, 0xF4, 0x00, 0x03, 0xC0, 0x01, 0xF0, 0x00, 0x0F, 0x00,
    0x02, 0xF0, 0x00, 0x3C, 0x00, 0x03, 0xE0, 0x01, 0xF4, 0x00, 0x0B, 0xD0, 0x7F, 0xFC, 0x00, 0xBF,
    0xF0, 0x3F, 0xFF, 0xE0, 0x03, 0xFF, 0xC0, 0x1F, 0x80, 0x00, 0x0F, 0x80, 0x00, 0xF8, 0x00, 0x00,
    0xC0, 0x00, 0x0F, 0x80, 0x00, 0x20, 0x00, 0x7F, 0xFF, 0xF0, 0x08, 0x00, 0x00, 0x0F, 0x80, 0x06,
    0x00, 0x00, 0x00, 0xF8, 0x01, 0x40, 0x00, 0x00, 0x0F, 0x80, 0x70, 0x00, 0x00, 0x00, 0xF8, 0x1F,
    0x40, 0x00, 0x00, 0x0F, 0x89, 0xFC, 0x00, 0x00, 0x00, 0xFA, 0x43, 0xE0, 0x00, 0x00, 0x0F, 0xD0,
    0x2F, 0x40, 0x00, 0x00, 0xF8, 0x00, 0xFC, 0x00, 0x00, 0x0F, 0x80, 0x07, 0xE0, 0x00, 0x00, 0xF8,
    0x00, 0x2F, 0x40, 0x00, 0x0F, 0x80, 0x00, 0xFC, 0x00, 0x00, 0xF8, 0x00, 0x07, 0xE0, 0x00, 0x0F,
    0x80, 0x00, 0x2F, 0x40, 0x01, 0xFC, 0x00, 0x02, 0xFD, 0x03, 0xFF, 0xFE, 0x00, 0xFF, 0xFD, 0x3F,
    0xC0, 0x00, 0x00, 0x07, 0xC0, 0x00, 0x00, 0x03, 0xC0, 0x00, 0x00, 0x7F, 0xFC, 0x00, 0x00, 0x03,
    0xC0, 0x00, 0x00, 0x03, 0xC0, 0x00, 0x00, 0x03, 0xC0, 0x00, 0x00, 0x03, 0xC0, 0x0F, 0xFC, 0x03,
    0xC0, 0x0B, 0xD0, 0x03, 0xC0, 0x0E, 0x00, 0x03, 0xC0, 0x34, 0x00, 0x03, 0xC1, 0xC0, 0x00, 0x03,
    0xCB, 0xC0, 0x00, 0x03, 0xE6, 0xE0, 0x00, 0x03, 0xC0, 0xB8, 0x00, 0x03, 0xC0, 0x3D, 0x00, 0x03,
    0xC0, 0x0F, 0x00, 0x03, 0xC0, 0x07, 0xC0, 0x07, 0xC0, 0x07, 0xF0, 0x3F, 0xFC, 0x0F, 0xFE, 0x7F,
    0xFF, 0xFF, 0xE0, 0x03, 0xFF, 0xCB, 0x80, 0x0F, 0xC0, 0x00, 0x0F, 0x90, 0xA0, 0x00, 0xF8, 0x00,
    0x00, 0xD0, 0x08, 0x00, 0x0F, 0x80, 0x00, 0x24, 0x00, 0x80, 0x00, 0xF8, 0x00, 0x08, 0x00, 0x08,
    0x00, 0x0F, 0x80, 0x03, 0x00, 0x00, 0x00, 0x00, 0xF8, 0x00, 0xC0, 0x00, 0x00, 0x00, 0x0F, 0x80,
    0x30, 0x00, 0x00, 0x00, 0x00, 0xF8, 0x0F, 0x40, 0x00, 0x00, 0x00, 0x0F, 0x83, 0xFC, 0x00, 0x00,
    0x00, 0x00, 0xF8, 0x83, 0xE0, 0x00, 0x00, 0x00, 0x0F, 0xE0, 0x1F, 0x40, 0x00, 0x00, 0x00, 0xFC,
    0x00, 0xFC, 0x00, 0x00, 0x00, 0x0F, 0x80, 0x03, 0xE0, 0x00, 0x00, 0x00, 0xF8, 0x00, 0x1F, 0x40,
    0x00, 0x00, 0x0F, 0x80, 0x00, 0xFC, 0x00, 0x00, 0x00, 0xF8, 0x00, 0x03, 0xF0, 0x00, 0x00, 0x0F,
    0x80, 0x00, 0x1F, 0x40, 0x00, 0x00, 0xFC, 0x00, 0x01, 0xFD, 0x00, 0x03, 0xFF, 0xFE, 0x00, 0xFF,
    0xFE, 0x3F, 0xFF, 0xF4, 0x2F, 0xF0, 0xD0, 0x3D, 0x00, 0x7D, 0x02, 0x00, 0xF0, 0x02, 0x80, 0x04,
    0x03, 0xC0, 0x24, 0x00, 0x00, 0x0F, 0x03, 0x00, 0x00, 0x00, 0x3C, 0x7C, 0x00, 0x00, 0x00, 0xFE,
    0x7C, 0x00, 0x00, 0x03, 0xD0, 0xB8, 0x00, 0x00, 0x0F, 0x00, 0xB8, 0x00, 0x00, 0x3C, 0x00, 0xF4,
    0x00, 0x00, 0xF0, 0x00, 0xF0, 0x00, 0x03, 0xD0, 0x03, 0xF4, 0x00, 0xFF, 0xF4, 0x3F, 0xFC, 0x3F,
    0xFF, 0xE0, 0x3F, 0xFF, 0xE0, 0x07, 0xF0, 0x00, 0x07, 0xF0, 0x00, 0x0F, 0x80, 0x00, 0x0F, 0x80,
    0x00, 0x3E, 0x00, 0x00, 0x3E, 0x00, 0x00, 0xF8, 0x00, 0x00, 0xF8, 0x00, 0x03, 0xE0, 0x00, 0x03,
    0xE0, 0x00, 0x0F, 0x80, 0x00, 0x0F, 0x80, 0x00, 0x3E, 0x00, 0x00, 0x3E, 0x00, 0x00, 0xF8, 0x00,
    0x00, 0xF8, 0x00, 0x03, 0xFF, 0xFF, 0xFF, 0xE0, 0x00, 0x0F, 0x80, 0x00, 0x0F, 0x80, 0x00, 0x3E,
    0x00, 0x00, 0x3E, 0x00, 0x00, 0xF8, 0x00, 0x00, 0xF8, 0x00, 0x03, 0xE0, 0x00, 0x03, 0xE0, 0x00,
    0x0F, 0x80, 0x00, 0x0F, 0x80, 0x00, 0x3E, 0x00, 0x00, 0x3E, 0x00, 0x00, 0xF8, 0x00, 0x00, 0xF8,
    0x00, 0x03, 0xE0, 0x00, 0x03, 0xE0, 0x00, 0x1F, 0xC0, 0x00, 0x1F, 0xC0, 0x0F, 0xFF, 0xF8, 0x0F,
    0xFF, 0xFC, 0x00, 0x00, 0x00, 0x00, 0x01, 0xF0, 0x00, 0x00, 0x00, 0x00, 0x00, 0xC0, 0x00, 0x00,
    0x00, 0x00, 0x02, 0x40, 0x00, 0x00, 0x00, 0x00, 0x05, 0x00, 0x00, 0x00, 0x00, 0x00, 0x08, 0x00,
    0x00, 0x00, 0x00, 0x00, 0x10, 0x7F, 0xFC, 0x3F, 0xFD, 0x01, 0xF4, 0x01, 0xF4, 0x00, 0x3C, 0x00,
    0x3C, 0x00, 0x0F, 0x00, 0x0F, 0x00, 0x03, 0xC0, 0x03, 0xC0, 0x00, 0xFF, 0xFF, 0xF0, 0x00, 0x3C,
    0x00, 0x3C, 0x00, 0x0F, 0x00, 0x0F, 0x00, 0x03, 0xC0, 0x03, 0xC0, 0x00, 0xF0, 0x00, 0xF0, 0x00,
    0x3C, 0x00, 0x3C, 0x00, 0x1F, 0x40, 0x1F, 0x40, 0x7F, 0xFC, 0x3F, 0xFE, 0x00, 0x00, 0x00, 0x07,
    0x80, 0x00, 0x00, 0x00, 0x30, 0x00, 0x00, 0x00, 0x0C, 0x00, 0x00, 0x00, 0x03, 0x00, 0x3F, 0xFF,
    0xE0, 0x3F, 0xFF, 0xFF, 0xF0, 0x07, 0xF0, 0x00, 0x07, 0xF0, 0x06, 0xD0, 0x0F, 0x80, 0x00, 0x0F,
    0x80, 0x03, 0x40, 0x3E, 0x00, 0x00, 0x3E, 0x00, 0x05, 0x00, 0xF8, 0x00, 0x00, 0xF8, 0x00, 0x08,
    0x03, 0xE0, 0x00, 0x03, 0xE0, 0x00, 0x20, 0x0F, 0x80, 0x00, 0x0F, 0x80, 0x00, 0x00, 0x3E, 0x00,
    0x00, 0x3E, 0x00, 0x00, 0x00, 0xF8, 0x00, 0x00, 0xF8, 0x00, 0x00, 0x03, 0xFF, 0xFF, 0xFF, 0xE0,
    0x00, 0x00, 0x0F, 0x80, 0x00, 0x0F, 0x80, 0x00, 0x00, 0x3E, 0x00, 0x00, 0x3E, 0x00, 0x00, 0x00,
    0xF8, 0x00, 0x00, 0xF8, 0x00, 0x00, 0x03, 0xE0, 0x00, 0x03, 0xE0, 0x00, 0x00, 0x0F, 0x80, 0x00,
    0x0F, 0x80, 0x00, 0x00, 0x3E, 0x00, 0x00, 0x3E, 0x00, 0x00, 0x00, 0xF8, 0x00, 0x00, 0xF8, 0x00,
    0x00, 0x03, 0xE0, 0x00, 0x03, 0xE0, 0x00, 0x00, 0x1F, 0xC0, 0x00, 0x1F, 0xC0, 0x00, 0x0F, 0xFF,
    0xF8, 0x0F, 0xFF, 0xF8, 0x00, 0x7F, 0xFC, 0x3F, 0xFF, 0xF4, 0x1F, 0x40, 0x1F, 0x01, 0xD0, 0x3C,
    0x00, 0x3C, 0x01, 0x40, 0xF0, 0x00, 0xF0, 0x02, 0x03, 0xC0, 0x03, 0xC0, 0x00, 0x0F, 0xFF, 0xFF,
    0x00, 0x00, 0x3C, 0x00, 0x3C, 0x00, 0x00, 0xF0, 0x00, 0xF0, 0x00, 0x03, 0xC0, 0x03, 0xC0, 0x00,
    0x0F, 0x00, 0x0F, 0x00, 0x00, 0x3C, 0x00, 0x3C, 0x00, 0x01, 0xF4, 0x01, 0xF4, 0x00, 0x7F, 0xFC,
    0x3F, 0xFD, 0x00, 0x3F, 0xFF, 0xFF, 0xFF, 0xFF, 0xE0, 0x00, 0x00, 0x07, 0xE0, 0x00, 0x03, 0xF0,
    0x00, 0x00, 0x00, 0x0F, 0x80, 0x00, 0x0F, 0x80, 0x00, 0x00, 0x00, 0x3E, 0x00, 0x00, 0x3E, 0x00,
    0x00, 0x00, 0x00, 0xF8, 0x00, 0x00, 0xF8, 0x00, 0x00, 0x00, 0x03, 0xE0, 0x00, 0x03, 0xE0, 0x00,
    0x00, 0x00, 0x0F, 0x80, 0x00, 0x0F, 0x80, 0x00, 0x00, 0x00, 0x3E, 0x00, 0x00, 0x3E, 0x00, 0x00,
    0x00, 0x00, 0xF8, 0x00, 0x00, 0xF8, 0x00, 0x00, 0x00, 0x03, 0xE0, 0x00, 0x03, 0xFF, 0xFE, 0x00,
    0x00, 0x0F, 0x80, 0x00, 0x0F, 0x80, 0x6F, 0x80, 0x00, 0x3E, 0x00, 0x00, 0x3E, 0x00, 0x0F, 0xD0,
    0x00, 0xF8, 0x00, 0x00, 0xF8, 0x00, 0x0F, 0xC0, 0x03, 0xE0, 0x00, 0x03, 0xE0, 0x00, 0x1F, 0x80,
    0x0F, 0x80, 0x00, 0x0F, 0x80, 0x00, 0x3F, 0x00, 0x3E, 0x00, 0x00, 0x3E, 0x00, 0x00, 0xBD, 0x00,
    0xF8, 0x00, 0x00, 0xF8, 0x00, 0x01, 0xF8, 0x03, 0xE0, 0x00, 0x03, 0xE0, 0x00, 0x07, 0xE0, 0x1F,
    0xC0, 0x00, 0x1F, 0xC0, 0x00, 0x1F, 0x8F, 0xFF, 0xF8, 0x0F, 0xFF, 0xF8, 0x00, 0xBD, 0x00, 0x00,
    0x00, 0x00, 0x00, 0x00, 0x02, 0xF0, 0x00, 0x00, 0x00, 0x00, 0x00, 0x00, 0x0F, 0xC0, 0x00, 0x00,
    0x00, 0x00, 0x07, 0xC0, 0x7D, 0x00, 0x00, 0x00, 0x00, 0x00, 0x3F, 0x43, 0xE0, 0x00, 0x00, 0x00,
    0x00, 0x00, 0xBC, 0x3E, 0x00, 0x00, 0x00, 0x00, 0x00, 0x00, 0x7F, 0x90, 0x00, 0x7F, 0xFF, 0xFF,
    0xFD, 0x00, 0x01, 0xF0, 0x00, 0xF4, 0x00, 0x00, 0x3C, 0x00, 0x3C, 0x00, 0x00, 0x0F, 0x00, 0x0F,
    0x00, 0x00, 0x03, 0xC0, 0x03, 0xC0, 0x00, 0x00, 0xF0, 0x00, 0xFF, 0xE4, 0x00, 0x3C, 0x00, 0x3C,
    0x1B, 0xC0, 0x0F, 0x00, 0x0F, 0x00, 0xBC, 0x03, 0xC0, 0x03, 0xC0, 0x0F, 0x40, 0xF0, 0x00, 0xF0,
    0x03, 0xE0, 0x3C, 0x00, 0x3C, 0x00, 0xBC, 0x1F, 0x40, 0x1F, 0x40, 0x2F, 0x7F, 0xFC, 0x3F, 0xFD,
    0x0B, 0xC0, 0x00, 0x00, 0x00, 0x02, 0xE0, 0x00, 0x00, 0x00, 0x00, 0xF4, 0x00, 0x00, 0x00, 0x00,
    0x7C, 0x00, 0x00, 0x00, 0xF0, 0x2D, 0x00, 0x00, 0x00, 0x38, 0x2E, 0x00, 0x00, 0x00, 0x07, 0xFD,
    0x00, 0x00, 0x07, 0xFF, 0xE4, 0x00, 0x00, 0x2F, 0x40, 0x07, 0xC0, 0x00, 0x3E, 0x00, 0x00, 0x00,
    0x00, 0x3F, 0x00, 0x00, 0x00, 0x00, 0x1F, 0x40, 0x00, 0x00, 0x00, 0x0F, 0xC0, 0x00, 0x2F, 0xF4,
    0x03, 0xF0, 0x00, 0x3C, 0x0B, 0xC0, 0xF8, 0x00, 0x3C, 0x00, 0xB4, 0x7E, 0x00, 0x0E, 0x00, 0x1E,
    0x1F, 0x80, 0x07, 0x40, 0x03, 0xC7, 0xE0, 0x02, 0xC0, 0x00, 0xF1, 0xF8, 0x00, 0xB0, 0x00, 0x3C,
    0x3E, 0x00, 0x2C, 0x00, 0x1F, 0x0F, 0xC0, 0x0B, 0x00, 0x07, 0x83, 0xF0, 0x01, 0xD0, 0x02, 0xD0,
    0x7D, 0x00, 0x38, 0x00, 0xF0, 0x0F, 0xC0, 0x0F, 0x00, 0xB8, 0x00, 0xF8, 0x01, 0xD0, 0xBC, 0x00,
    0x0B, 0xD0, 0x2E, 0xFC, 0x00, 0x00, 0x2F, 0xFF, 0xF4, 0x00, 0x00, 0x00, 0x00, 0x1E, 0x40, 0x00,
    0x00, 0x00, 0x00, 0x6F, 0xD0, 0x00, 0xBF, 0xF4, 0x00, 0xBD, 0x00, 0x00, 0x1F, 0x00, 0x00, 0x03,
    0xE0, 0x0B, 0xF4, 0x3D, 0x03, 0x82, 0xC3, 0xC0, 0x30, 0x1E, 0x3C, 0x07, 0x00, 0xE3, 0xC0, 0xB0,
    0x1E, 0x3D, 0x07, 0x01, 0xD3, 0xD0, 0x70, 0x2C, 0x1F, 0x03, 0x03, 0x80, 0xBD, 0x39, 0xF0, 0x00,
    0xBF, 0xF4, 0x00, 0x00, 0x07, 0x40, 0x00, 0x00, 0x0B, 0xD0, 0x00, 0x01, 0xBF, 0x90, 0x24, 0x00,
    0x7D, 0x00, 0xB1, 0xD0, 0x0B, 0x80, 0x00, 0x7F, 0x40, 0xF8, 0x00, 0x00, 0x7D, 0x0B, 0xC0, 0x00,
    0x00, 0xB4, 0x3D, 0x00, 0x00, 0x00, 0xD2, 0xF0, 0x00, 0x00, 0x03, 0x4F, 0xC0, 0x00, 0x00, 0x09,
    0x3E, 0x00, 0x00, 0x00, 0x01, 0xF8, 0x00, 0x00, 0x00, 0x07, 0xE0, 0x00, 0x00, 0x00, 0x1F, 0x80,
    0x00, 0x00, 0x00, 0x3E, 0x00, 0x00, 0x00, 0x00, 0xFC, 0x00, 0x00, 0x00, 0x42, 0xF0, 0x00, 0x00,
    0x02, 0x03, 0xE0, 0x00, 0x00, 0x0C, 0x07, 0xC0, 0x00, 0x00, 0x60, 0x0B, 0x80, 0x00, 0x03, 0x00,
    0x0B, 0xC0, 0x00, 0x30, 0x00, 0x07, 0xE4, 0x1A, 0x00, 0x00, 0x00, 0x6F, 0x80, 0x00, 0x00, 0x00,
    0x3C, 0x00, 0x00, 0x00, 0x00, 0xBC, 0x00, 0x00, 0x00, 0x00, 0x3C, 0x00, 0x00, 0x00, 0x00, 0xF0,
    0x00, 0x00, 0x00, 0x0B, 0x80, 0x00, 0x00, 0x2F, 0xE4, 0x00, 0x00, 0x00, 0x6F, 0xE0, 0x00, 0xB8,
    0x07, 0x40, 0xB8, 0x02, 0xE0, 0x3C, 0x00, 0xB4, 0x2E, 0x00, 0x00, 0x0F, 0x40, 0x00, 0x03, 0xD0,
    0x00, 0x00, 0xF4, 0x00, 0x00, 0x3E, 0x00, 0x00, 0x0B, 0xC0, 0x00, 0x40, 0xF0, 0x00, 0x20, 0x0F,
    0x00, 0x20, 0x00, 0xF9, 0x64, 0x00, 0x03, 0xD0, 0x00, 0x00, 0xF4, 0x00, 0x00, 0x1B, 0x80, 0x00,
    0x00, 0xB4, 0x00, 0x00, 0x1E, 0x00, 0x00, 0x1F, 0x00, 0x03, 0xFE, 0x00, 0x7F, 0xFF, 0xFF, 0xFF,
    0xF6, 0xE0, 0x03, 0xF0, 0x06, 0xD9, 0x00, 0x0F, 0x80, 0x02, 0xA0, 0x00, 0x3E, 0x00, 0x06, 0x80,
    0x00, 0xF8, 0x00, 0x0A, 0x00, 0x03, 0xE0, 0x00, 0x30, 0x00, 0x0F, 0x80, 0x00, 0x00, 0x00, 0x3E,
    0x00, 0x00, 0x00, 0x00, 0xF8, 0x00, 0x00, 0x00, 0x03, 0xE0, 0x00, 0x00, 0x00, 0x0F, 0x80, 0x00,
    0x00, 0x00, 0x3E, 0x00, 0x00, 0x00, 0x00, 0xF8, 0x00, 0x00, 0x00, 0x03, 0xE0, 0x00, 0x00, 0x00,
    0x0F, 0x80, 0x00, 0x00, 0x00, 0x3E, 0x00, 0x00, 0x00, 0x00, 0xF8, 0x00, 0x00, 0x00, 0x03, 0xE0,
    0x00, 0x00, 0x00, 0x1F, 0xC0, 0x00, 0x00, 0x3F, 0xFF, 0xFF, 0x00, 0x00, 0x00, 0x00, 0xBC, 0x00,
    0x00, 0x00, 0x00, 0x30, 0x00, 0x00, 0x00, 0x00, 0x90, 0x00, 0x00, 0x00, 0x01, 0x40, 0x00, 0x00,
    0x00, 0x02, 0x00, 0x00, 0x00, 0x00, 0x04, 0x00, 0x3F, 0xFF, 0xFF, 0xD3, 0x40, 0xF4, 0x0E, 0x20,
    0x0F, 0x40, 0x21, 0x00, 0xF4, 0x02, 0x00, 0x0F, 0x40, 0x00, 0x00, 0xF4, 0x00, 0x00, 0x0F, 0x40,
    0x00, 0x00, 0xF4, 0x00, 0x00, 0x0F, 0x40, 0x00, 0x00, 0xF4, 0x00, 0x00, 0x0F, 0x40, 0x00, 0x00,
    0xF8, 0x00, 0x03, 0xFF, 0xFE, 0x00, 0x00, 0x02, 0xE0, 0x00, 0x00, 0x06, 0x00, 0x00, 0x00, 0x30,
    0x00, 0x00, 0x03, 0x00, 0xBF, 0xFF, 0x40, 0x03, 0xFF, 0xD0, 0x3F, 0x80, 0x00, 0x07, 0xD0, 0x00,
    0xF8, 0x00, 0x00, 0x30, 0x00, 0x0B, 0xD0, 0x00, 0x09, 0x00, 0x00, 0x3F, 0x00, 0x01, 0x80, 0x00,
    0x01, 0xF8, 0x00, 0x30, 0x00, 0x00, 0x0F, 0xC0, 0x09, 0x00, 0x00, 0x00, 0x3F, 0x00, 0xC0, 0x00,
    0x00, 0x02, 0xF4, 0x30, 0x00, 0x00, 0x00, 0x0F, 0xC6, 0x00, 0x00, 0x00, 0x00, 0x7E, 0xC0, 0x00,
    0x00, 0x00, 0x02, 0xF4, 0x00, 0x00, 0x00, 0x00, 0x1F, 0x00, 0x00, 0x00, 0x00, 0x01, 0xF0, 0x00,
    0x00, 0x00, 0x00, 0x1F, 0x00, 0x00, 0x00, 0x00, 0x01, 0xF0, 0x00, 0x00, 0x00, 0x00, 0x1F, 0x00,
    0x00, 0x00, 0x00, 0x01, 0xF0, 0x00, 0x00, 0x00, 0x00, 0x2F, 0x40, 0x00, 0x00, 0x00, 0x7F, 0xFF,
    0xC0, 0x00, 0xBF, 0xF0, 0x0B, 0xFC, 0x0F, 0xC0, 0x02, 0xE0, 0x07, 0x80, 0x01, 0xC0, 0x03, 0xC0,
    0x02, 0x40, 0x02, 0xD0, 0x03, 0x00, 0x01, 0xF0, 0x06, 0x00, 0x00, 0xF0, 0x08, 0x00, 0x00, 0x78,
    0x08, 0x00, 0x00, 0x3C, 0x14, 0x00, 0x00, 0x2D, 0x30, 0x00, 0x00, 0x1F, 0x20, 0x00, 0x00, 0x0F,
    0x90, 0x00, 0x00, 0x0B, 0xC0, 0x00, 0x00, 0x07, 0x80, 0x00, 0x00, 0x07, 0x80, 0x00, 0x00, 0x07,
    0x80, 0x00, 0x00, 0x07, 0x80, 0x00, 0x00, 0x0B, 0xC0, 0x00, 0x00, 0xBF, 0xFC, 0x00, 0xBF, 0xFF,
    0x40, 0x02, 0xFF, 0xD0, 0x3F, 0x80, 0x00, 0x07, 0xD0, 0x00, 0xFC, 0x00, 0x00, 0x30, 0x00, 0x0B,
    0xD0, 0x00, 0x09, 0x00, 0x00, 0x3F, 0x00, 0x01, 0x80, 0x00, 0x01, 0xF8, 0x00, 0x30, 0x00, 0x00,
    0x0F, 0xC0, 0x09, 0x00, 0x00, 0x00, 0x3F, 0x00, 0xC0, 0x00, 0x00, 0x02, 0xF4, 0x34, 0x00, 0x00,
    0x00, 0x0F, 0xC6, 0x00, 0x00, 0x00, 0x00, 0x7E, 0xC0, 0x00, 0x00, 0x00, 0x02, 0xF4, 0x00, 0x00,
    0x00, 0x1F, 0xFF, 0xFF, 0x00, 0x00, 0x00, 0x01, 0xF0, 0x00, 0x00, 0x00, 0x00, 0x1F, 0x00, 0x00,
    0x00, 0x00, 0x01, 0xF0, 0x00, 0x00, 0x00, 0x00, 0x1F, 0x00, 0x00, 0x00, 0x00, 0x01, 0xF0, 0x00,
    0x00, 0x00, 0x00, 0x2F, 0x40, 0x00, 0x00, 0x00, 0x7F, 0xFF, 0xC0, 0x00, 0xBF, 0xF0, 0x0B, 0xFC,
    0x0F, 0x80, 0x02, 0xE0, 0x07, 0x80, 0x01, 0xC0, 0x03, 0xC0, 0x02, 0x40, 0x02, 0xD0, 0x03, 0x00,
    0x01, 0xF0, 0x06, 0x00, 0x00, 0xF0, 0x08, 0x00, 0x00, 0x78, 0x08, 0x00, 0x00, 0x3C, 0x14, 0x00,
    0x00, 0x2D, 0x30, 0x00, 0x00, 0x1F, 0x20, 0x00, 0x00, 0x0F, 0xC0, 0x00, 0x00, 0x0B, 0xC0, 0x00,
    0x00, 0xFF, 0xFD, 0x00, 0x00, 0x07, 0x80, 0x00, 0x00, 0x07, 0x80, 0x00, 0x00, 0x07, 0x80, 0x00,
    0x00, 0x0B, 0xC0, 0x00, 0x00, 0xBF, 0xFC, 0x00, 0x3F, 0xFF, 0xC0, 0x3F, 0xFF, 0x00, 0x07, 0xF8,
    0x00, 0x3F, 0x40, 0x00, 0x07, 0xE0, 0x00, 0x70, 0x00, 0x00, 0x0B, 0xC0, 0x03, 0x00, 0x00, 0x00,
    0x0F, 0xC0, 0x28, 0x00, 0x00, 0x00, 0x1F, 0x81, 0xC0, 0x00, 0x00, 0x00, 0x2F, 0x0C, 0x00, 0x00,
    0x00, 0x00, 0x3F, 0x90, 0x00, 0x00, 0x00, 0x00, 0x7F, 0x00, 0x00, 0x00, 0x00, 0x00, 0xFC, 0x00,
    0x00, 0x00, 0x00, 0x02, 0xFC, 0x00, 0x00, 0x00, 0x00, 0x1D, 0xF8, 0x00, 0x00, 0x00, 0x00, 0xC3,
    0xF0, 0x00, 0x00, 0x00, 0x09, 0x03, 0xF0, 0x00, 0x00, 0x00, 0x60, 0x07, 0xE0, 0x00, 0x00, 0x03,
    0x00, 0x0F, 0xC0, 0x00, 0x00, 0x24, 0x00, 0x0F, 0xC0, 0x00, 0x01, 0xC0, 0x00, 0x1F, 0x80, 0x00,
    0x6F, 0x40, 0x00, 0x3F, 0x40, 0x1F, 0xFF, 0x80, 0x0F, 0xFF, 0xF4, 0x00, 0x00, 0x00, 0x00, 0x02,
    0xD0, 0x00, 0x00, 0x00, 0x00, 0x02, 0x80, 0x00, 0x00, 0x00, 0x00, 0x06, 0x00, 0x00, 0x00, 0x00,
    0x00, 0x0C, 0x00, 0x00, 0x00, 0x00, 0x00, 0x30, 0x00, 0x00, 0x00, 0x00, 0x00, 0x40, 0x7F, 0xF4,
    0x2F, 0xF4, 0x07, 0xE0, 0x0F, 0x40, 0x02, 0xE0, 0x0D, 0x00, 0x00, 0xB4, 0x24, 0x00, 0x00, 0x3C,
    0x60, 0x00, 0x00, 0x0F, 0x80, 0x00, 0x00, 0x07, 0xC0, 0x00, 0x00, 0x0E, 0xE0, 0x00, 0x00, 0x24,
    0xF4, 0x00, 0x00, 0x90, 0x3C, 0x00, 0x01, 0xC0, 0x1F, 0x00, 0x0B, 0xC0, 0x0B, 0xC0, 0xBF, 0xE0,
    0x3F, 0xFC, 0x00, 0x00, 0x00, 0x1D, 0x00, 0x00, 0x00, 0x09, 0x00, 0x00, 0x00, 0x05, 0x00, 0x00,
    0x00, 0x02, 0x7F, 0xFF, 0xFF, 0xFF, 0xC3, 0xFF, 0xFE, 0x2E, 0x00, 0xBD, 0x00, 0xB0, 0x07, 0xF0,
    0x0A, 0x00, 0x1F, 0x00, 0x0D, 0x00, 0xF8, 0x02, 0x00, 0x07, 0xC0, 0x01, 0x40, 0x3E, 0x00, 0x80,
    0x01, 0xF0, 0x00, 0x50, 0x0F, 0x80, 0x20, 0x00, 0x7C, 0x00, 0x08, 0x03, 0xE0, 0x00, 0x00, 0x1F,
    0x00, 0x00, 0x00, 0xF8, 0x00, 0x00, 0x07, 0xC0, 0x00, 0x00, 0x3E, 0x00, 0x00, 0x01, 0xF0, 0x00,
    0x00, 0x0F, 0x80, 0x00, 0x00, 0x7C, 0x00, 0x00, 0x03, 0xE0, 0x00, 0x00, 0x1F, 0x00, 0x00, 0x00,
    0xF8, 0x00, 0x00, 0x07, 0xC0, 0x00, 0x00, 0x3E, 0x00, 0x00, 0x01, 0xF0, 0x00, 0x00, 0x0F, 0x80,
    0x00, 0x00, 0x7C, 0x00, 0x00, 0x03, 0xE0, 0x00, 0x00, 0x1F, 0x00, 0x00, 0x00, 0xF8, 0x00, 0x00,
    0x07, 0xC0, 0x00, 0x00, 0x3E, 0x00, 0x00, 0x01, 0xF0, 0x00, 0x00, 0x0F, 0x80, 0x00, 0x00, 0x7C,
    0x00, 0x00, 0x03, 0xE0, 0x00, 0x00, 0x2F, 0x40, 0x00, 0x00, 0xFC, 0x00, 0x01, 0xFF, 0xFF, 0xFF,
    0xFF, 0xFF, 0xFC, 0x00, 0x00, 0x00, 0x00, 0x00, 0x00, 0x1F, 0x00, 0x00, 0x00, 0x00, 0x00, 0x00,
    0x00, 0xC0, 0x00, 0x00, 0x00, 0x00, 0x00, 0x00, 0x24, 0x00, 0x00, 0x00, 0x00, 0x00, 0x00, 0x05,
    0x00, 0x00, 0x00, 0x00, 0x00, 0x00, 0x00, 0x80, 0x00, 0x00, 0x00, 0x00, 0x00, 0x00, 0x10, 0x3F,
    0xFF, 0xFD, 0x7F, 0xFC, 0x34, 0x3D, 0x1D, 0x0B, 0xC0, 0x20, 0x3C, 0x05, 0x07, 0xC0, 0x10, 0x3C,
    0x05, 0x07, 0xC0, 0x00, 0x3C, 0x00, 0x07, 0xC0, 0x00, 0x3C, 0x00, 0x07, 0xC0, 0x00, 0x3C, 0x00,
    0x07, 0xC0, 0x00, 0x3C, 0x00, 0x07, 0xC0, 0x00, 0x3C, 0x00, 0x07, 0xC0, 0x00, 0x3C, 0x00, 0x07,
    0xC0, 0x00, 0x3C, 0x00, 0x07, 0xC0, 0x00, 0x3D, 0x00, 0x07, 0xC0, 0x03, 0xFF, 0xFF, 0xFF, 0xFD,
    0x00, 0x00, 0x00, 0x00, 0x1D, 0x00, 0x00, 0x00, 0x00, 0x0A, 0x00, 0x00, 0x00, 0x00, 0x02, 0x00,
    0x00, 0x00, 0x00, 0x02, 0x3F, 0xFF, 0xE0, 0x3F, 0xFF, 0xE0, 0x07, 0xF0, 0x00, 0x07, 0xF0, 0x00,
    0x0F, 0x80, 0x00, 0x0F, 0x80, 0x00, 0x3E, 0x00, 0x00, 0x3E, 0x00, 0x00, 0xF8, 0x00, 0x00, 0xF8,
    0x00, 0x03, 0xE0, 0x00, 0x03, 0xE0, 0x00, 0x0F, 0x80, 0x00, 0x0F, 0x80, 0x00, 0x3E, 0x00, 0x00,
    0x3E, 0x00, 0x00, 0x7C, 0x00, 0x00, 0xF8, 0x00, 0x00, 0x7C, 0x00, 0x1B, 0xE0, 0x00, 0x00, 0x2F,
    0xFE, 0x4F, 0x80, 0x00, 0x00, 0x00, 0x00, 0x3E, 0x00, 0x00, 0x00, 0x00, 0x00, 0xF8, 0x00, 0x00,
    0x00, 0x00, 0x03, 0xE0, 0x00, 0x00, 0x00, 0x00, 0x0F, 0x80, 0x00, 0x00, 0x00, 0x00, 0x3E, 0x00,
    0x00, 0x00, 0x00, 0x00, 0xF8, 0x00, 0x00, 0x00, 0x00, 0x03, 0xE0, 0x00, 0x00, 0x00, 0x00, 0x1F,
    0xC0, 0x00, 0x00, 0x00, 0x0F, 0xFF, 0xFC, 0x00, 0x00, 0x00, 0x00, 0x01, 0xF0, 0x00, 0x00, 0x00,
    0x00, 0x00, 0xC0, 0x00, 0x00, 0x00, 0x00, 0x02, 0x40, 0x00, 0x00, 0x00, 0x00, 0x05, 0x00, 0x00,
    0x00, 0x00, 0x00, 0x08, 0x00, 0x00, 0x00, 0x00, 0x00, 0x10, 0x7F, 0xFC, 0x3F, 0xFD, 0x01, 0xF4,
    0x01, 0xF4, 0x00, 0x3C, 0x00, 0x3C, 0x00, 0x0F, 0x00, 0x0F, 0x00, 0x03, 0xC0, 0x03, 0xC0, 0x00,
    0xB8, 0x01, 0xF0, 0x00, 0x07, 0xFE, 0x3C, 0x00, 0x00, 0x00, 0x0F, 0x00, 0x00, 0x00, 0x03, 0xC0,
    0x00, 0x00, 0x00, 0xF0, 0x00, 0x00, 0x00, 0x3C, 0x00, 0x00, 0x00, 0x1F, 0x40, 0x00, 0x00, 0x3F,
    0xFE, 0x00, 0x00, 0x00, 0x07, 0x80, 0x00, 0x00, 0x00, 0x30, 0x00, 0x00, 0x00, 0x0C, 0x00, 0x00,
    0x00, 0x03, 0x00, 0x3F, 0xFF, 0xE0, 0x3F, 0xFF, 0xE0, 0x1F, 0xC0, 0x00, 0x1F, 0xC0, 0x00, 0xF8,
    0x00, 0x00, 0xF8, 0x00, 0x0F, 0x80, 0x00, 0x0F, 0x80, 0x00, 0xF8, 0x00, 0x00, 0xF8, 0x00, 0x0F,
    0x80, 0x00, 0x0F, 0x80, 0x00, 0xF8, 0x02, 0x00, 0xF8, 0x00, 0x0F, 0x80, 0x20, 0x0F, 0x80, 0x00,
    0xBC, 0x02, 0x00, 0xF8, 0x00, 0x01, 0xF0, 0x20, 0x6F, 0x80, 0x00, 0x02, 0xFF, 0xE4, 0xF8, 0x00,
    0x00, 0x00, 0x20, 0x0F, 0x80, 0x00, 0x00, 0x02, 0x00, 0xF8, 0x00, 0x00, 0x00, 0x20, 0x0F, 0x80,
    0x00, 0x00, 0x02, 0x00, 0xF8, 0x00, 0x00, 0x00, 0x00, 0x0F, 0x80, 0x00, 0x00, 0x00, 0x00, 0xF8,
    0x00, 0x00, 0x00, 0x00, 0x0F, 0x80, 0x00, 0x00, 0x00, 0x01, 0xFC, 0x00, 0x00, 0x00, 0x03, 0xFF,
    0xFE, 0x7F, 0xFC, 0x3F, 0xFD, 0x07, 0xD0, 0x07, 0xD0, 0x03, 0xC0, 0x03, 0xC0, 0x03, 0xC0, 0x03,
    0xC0, 0x03, 0xC1, 0x43, 0xC0, 0x02, 0xE1, 0x47, 0xC0, 0x00, 0x7F, 0xE3, 0xC0, 0x00, 0x01, 0x43,
    0xC0, 0x00, 0x01, 0x43, 0xC0, 0x00, 0x00, 0x03, 0xC0, 0x00, 0x00, 0x03, 0xC0, 0x00, 0x00, 0x07,
    0xD0, 0x00, 0x00, 0x3F, 0xFD, 0x3F, 0xFF, 0xE0, 0x00, 0x00, 0x00, 0x1F, 0xC0, 0x00, 0x00, 0x00,
    0x00, 0xF8, 0x00, 0x00, 0x00, 0x00, 0x0F, 0x80, 0x00, 0x00, 0x00, 0x00, 0xF8, 0x00, 0x00, 0x00,
    0x00, 0x0F, 0x80, 0xBF, 0xE0, 0x00, 0x00, 0xF8, 0xB4, 0x0B, 0xD0, 0x00, 0x0F, 0xA8, 0x00, 0x2F,
    0x00, 0x00, 0xFE, 0x00, 0x00, 0xF4, 0x00, 0x0F, 0xC0, 0x00, 0x0F, 0x80, 0x00, 0xFC, 0x00, 0x00,
    0xF8, 0x00, 0x0F, 0x80, 0x00, 0x0F, 0x80, 0x00, 0xF8, 0x00, 0x00, 0xF8, 0x00, 0x0F, 0x80, 0x00,
    0x0F, 0x80, 0x00, 0xF8, 0x00, 0x00, 0xF8, 0x00, 0x0F, 0x80, 0x00, 0x0F, 0x80, 0x00, 0xF8, 0x00,
    0x00, 0xF8, 0x00, 0x0F, 0x80, 0x00, 0x0F, 0x80, 0x01, 0xFC, 0x00, 0x01, 0xFC, 0x03, 0xFF, 0xFE,
    0x03, 0xFF, 0xFE, 0x3F, 0xC0, 0x00, 0x00, 0x03, 0xC0, 0x00, 0x00, 0x03, 0xC0, 0x00, 0x00, 0x03,
    0xC0, 0x00, 0x00, 0x03, 0xC0, 0x00, 0x00, 0x03, 0xC0, 0x00, 0x00, 0x03, 0xC0, 0x00, 0x00, 0x03,
    0xC2, 0xFD, 0x00, 0x03, 0xCD, 0x0B, 0x80, 0x03, 0xE0, 0x03, 0xC0, 0x03, 0xE0, 0x03, 0xC0, 0x03,
    0xD0, 0x03, 0xC0, 0x03, 0xC0, 0x03, 0xC0, 0x03, 0xC0, 0x03, 0xC0, 0x03, 0xC0, 0x03, 0xC0, 0x03,
    0xC0, 0x03, 0xC0, 0x03, 0xC0, 0x03, 0xC0, 0x03, 0xC0, 0x03, 0xC0, 0x03, 0xD0, 0x03, 0xE0, 0x3F,
    0xFD, 0x3F, 0xFD, 0x00, 0x00, 0x02, 0xFF, 0x90, 0x00, 0x00, 0x00, 0xBD, 0x02, 0xF4, 0x00, 0x00,
    0x0F, 0x80, 0x01, 0xF4, 0x0B, 0x80, 0xF8, 0x00, 0x01, 0xF0, 0x3F, 0x07, 0xC0, 0x00, 0x03, 0xE0,
    0xF8, 0x3E, 0x00, 0x00, 0x0B, 0xC3, 0x01, 0xF4, 0x00, 0x00, 0x1F, 0x46, 0x0B, 0xD0, 0x00, 0x00,
    0x3E, 0x0B, 0x7F, 0x00, 0x00, 0x00, 0xF8, 0x06, 0xFF, 0xFF, 0xFF, 0xFF, 0xE0, 0x03, 0xF0, 0x00,
    0x00, 0x00, 0x00, 0x0F, 0xC0, 0x00, 0x00, 0x00, 0x00, 0x2F, 0x40, 0x00, 0x00, 0x00, 0x00, 0x7E,
    0x00, 0x00, 0x00, 0x00, 0x00, 0xFC, 0x00, 0x00, 0x00, 0x00, 0x01, 0xF0, 0x00, 0x00, 0x00, 0x00,
    0x02, 0xF0, 0x00, 0x00, 0x14, 0x00, 0x02, 0xF0, 0x00, 0x01, 0x80, 0x00, 0x01, 0xF8, 0x01, 0xB8,
    0x00, 0x00, 0x00, 0x6F, 0xF9, 0x00, 0x00, 0x00, 0xBF, 0x90, 0x3C, 0x07, 0xD0, 0xB8, 0x3C, 0x1F,
    0x00, 0x2C, 0x3C, 0x3D, 0x00, 0x1E, 0x28, 0x3C, 0x00, 0x0F, 0x06, 0xFF, 0xFF, 0xFF, 0x00, 0x7C,
    0x00, 0x00, 0x00, 0x7C, 0x00, 0x00, 0x00, 0x3D, 0x00, 0x00, 0x00, 0x2E, 0x00, 0x02, 0x00, 0x0F,
    0x00, 0x09, 0x00, 0x03, 0xD0, 0x78, 0x00, 0x00, 0x7F, 0xD0, 0x00, 0x00, 0x02, 0xFF, 0x90, 0x00,
    0x00, 0x00, 0xBD, 0x02, 0xF4, 0x00, 0x00, 0x0F, 0x80, 0x01, 0xF4, 0x0B, 0x80, 0xF8, 0x00, 0x01,
    0xF0, 0x3F, 0x07, 0xC0, 0x00, 0x03, 0xE0, 0xF8, 0x3E, 0x00, 0x00, 0x0B, 0xC3, 0x01, 0xF4, 0x00,
    0x00, 0x1F, 0x46, 0x0B, 0xD0, 0x00, 0x00, 0x3E, 0x0B, 0x7F, 0x00, 0x00, 0x00, 0xF8, 0x06, 0xFF,
    0xFF, 0xFF, 0xFF, 0xE0, 0x03, 0xF0, 0x00, 0x00, 0x00, 0x00, 0x0B, 0xC0, 0x00, 0x00, 0x00, 0x00,
    0x2F, 0x40, 0x00, 0x00, 0x00, 0x00, 0x7E, 0x00, 0x00, 0x00, 0x00, 0x00, 0xFC, 0x00, 0x00, 0x00,
    0x00, 0x01, 0xF4, 0x00, 0x00, 0x00, 0x00, 0x02, 0xF0, 0x00, 0x00, 0x14, 0x00, 0x02, 0xF0, 0x00,
    0x02, 0x80, 0x00, 0x01, 0xF4, 0x01, 0xB8, 0x00, 0x00, 0x00, 0x6F, 0xF9, 0x00, 0x00, 0x00, 0x00,
    0x06, 0x00, 0x00, 0x00, 0x00, 0x00, 0x30, 0x00, 0x00, 0x00, 0x00, 0x01, 0xC0, 0x00, 0x00, 0x00,
    0x00, 0x07, 0x00, 0x00, 0x00, 0x00, 0x00, 0x0F, 0x08, 0x00, 0x00, 0x00, 0x00, 0x1F, 0x80, 0x00,
    0x00, 0x00, 0xBF, 0x90, 0x0F, 0x01, 0xF4, 0x2E, 0x03, 0xC1, 0xF0, 0x02, 0xC0, 0xF0, 0xF4, 0x00,
    0x78, 0x28, 0x3C, 0x00, 0x0F, 0x01, 0xBF, 0xFF, 0xFF, 0xC0, 0x07, 0xC0, 0x00, 0x00, 0x01, 0xF0,
    0x00, 0x00, 0x00, 0x3D, 0x00, 0x00, 0x00, 0x0B, 0x80, 0x00, 0x80, 0x00, 0xF0, 0x00, 0x90, 0x00,
    0x0F, 0x40, 0xD0, 0x00, 0x00, 0x7F, 0xD0, 0x00, 0x00, 0x00, 0xC0, 0x00, 0x00, 0x00, 0x60, 0x00,
    0x00, 0x00, 0x38, 0x00, 0x00, 0x00, 0x0F, 0x00, 0x00, 0x00, 0x02, 0xE0, 0x80, 0x00, 0x00, 0x2F,
    0x80, 0x3F, 0xFF, 0xE0, 0x1F, 0xC0, 0x00, 0xF8, 0x00, 0x0F, 0x80, 0x00, 0xF8, 0x00, 0x0F, 0x80,
    0x00, 0xF8, 0x00, 0x0F, 0x80, 0x00, 0xF8, 0x00, 0x0F, 0x80, 0x00, 0xF8, 0x00, 0x0F, 0x80, 0x00,
    0xF8, 0x00, 0x0F, 0x80, 0x00, 0xF8, 0x00, 0x0F, 0x80, 0x00, 0xF8, 0x00, 0x0F, 0x80, 0x01, 0xFC,
    0x03, 0xFF, 0xFE, 0x00, 0x00, 0x00, 0x80, 0x00, 0x80, 0x00, 0x00, 0x00, 0x00, 0x00, 0x20, 0x00,
    0x90, 0x00, 0x00, 0x00, 0x00, 0x00, 0x03, 0x40, 0xA0, 0x00, 0x00, 0x00, 0x00, 0x00, 0x00, 0x2F,
    0xD0, 0x00, 0x00, 0x00, 0x00, 0x00, 0x00, 0x00, 0x00, 0x00, 0x00, 0x00, 0x00, 0x00, 0x00, 0x00,
    0x00, 0x00, 0x00, 0x00, 0x07, 0xFF, 0x80, 0x0F, 0xFF, 0xF8, 0x00, 0xFF, 0xF0, 0x1F, 0x80, 0x00,
    0x1F, 0xC0, 0x00, 0x0F, 0x90, 0x00, 0xA0, 0x00, 0x03, 0xE0, 0x00, 0x03, 0x40, 0x00, 0x0A, 0x00,
    0x00, 0xF8, 0x00, 0x03, 0x00, 0x00, 0x00, 0x60, 0x00, 0x3E, 0x00, 0x03, 0x00, 0x00, 0x00, 0x06,
    0x00, 0x0F, 0x80, 0x03, 0x00, 0x00, 0x00, 0x00, 0x60, 0x03, 0xE0, 0x03, 0x00, 0x00, 0x00, 0x00,
    0x06, 0x00, 0xF8, 0x03, 0x00, 0x00, 0x00, 0x00, 0x02, 0xF0, 0x3E, 0x07, 0xC0, 0x00, 0x00, 0x00,
    0x01, 0xFA, 0x0F, 0x86, 0xFC, 0x00, 0x00, 0x00, 0x00, 0xFC, 0x33, 0xE6, 0x1F, 0x80, 0x00, 0x00,
    0x00, 0xBC, 0x03, 0xFE, 0x02, 0xF0, 0x00, 0x00, 0x00, 0x7E, 0x00, 0x3F, 0x00, 0x3F, 0x00, 0x00,
    0x00, 0x3F, 0x00, 0x0F, 0x80, 0x07, 0xE0, 0x00, 0x00, 0x2F, 0x00, 0x03, 0xE0, 0x00, 0xBD, 0x00,
    0x00, 0x1F, 0x80, 0x00, 0xF8, 0x00, 0x0F, 0xC0, 0x00, 0x0F, 0xC0, 0x00, 0x3E, 0x00, 0x00, 0xF8,
    0x00, 0x0B, 0xC0, 0x00, 0x0F, 0x80, 0x00, 0x2F, 0x40, 0x0B, 0xF4, 0x00, 0x07, 0xF0, 0x00, 0x0B,
    0xF4, 0x3F, 0xFF, 0x80, 0x3F, 0xFF, 0xE0, 0x0F, 0xFF, 0xD0, 0x00, 0x00, 0x80, 0x01, 0x40, 0x00,
    0x00, 0x00, 0xA0, 0x0A, 0x00, 0x00, 0x00, 0x00, 0x1F, 0xF4, 0x00, 0x00, 0x00, 0x00, 0x00, 0x00,
    0x00, 0x00, 0x00, 0x00, 0x00, 0x00, 0x00, 0x00, 0x3F, 0xF0, 0x3F, 0xFC, 0x0F, 0xFC, 0x07, 0xE0,
    0x07, 0xD0, 0x07, 0xD0, 0x00, 0x70, 0x03, 0xC0, 0x0E, 0x00, 0x00, 0x0C, 0x03, 0xC0, 0x34, 0x00,
    0x00, 0x02, 0x43, 0xC1, 0xC0, 0x00, 0x00, 0x03, 0xE3, 0xCB, 0xC0, 0x00, 0x00, 0x0B, 0x9F, 0xE6,
    0xF0, 0x00, 0x00, 0x1F, 0x03, 0xC0, 0xB8, 0x00, 0x00, 0x3C, 0x03, 0xC0, 0x3D, 0x00, 0x00, 0xF4,
    0x03, 0xC0, 0x0F, 0x00, 0x03, 0xE0, 0x03, 0xC0, 0x07, 0xC0, 0x0F, 0xD0, 0x07, 0xD0, 0x03, 0xF0,
    0xBF, 0xF0, 0x3F, 0xFC, 0x0F, 0xFE, 0x3F, 0xFF, 0xE0, 0x03, 0xFF, 0xC0, 0x7F, 0x00, 0x00, 0x3E,
    0x00, 0x0F, 0x80, 0x00, 0x0C, 0x00, 0x03, 0xE0, 0x00, 0x0C, 0x00, 0x00, 0xF8, 0x00, 0x18, 0x00,
    0x00, 0x3E, 0x00, 0x18, 0x00, 0x00, 0x0F, 0x80, 0x18, 0x00, 0x00, 0x03, 0xE0, 0x18, 0x00, 0x00,
    0x00, 0xF8, 0x28, 0x00, 0x00, 0x00, 0x3F, 0xFF, 0xFA, 0x00, 0x00, 0x0F, 0x80, 0x06, 0xFC, 0x00,
    0x03, 0xE0, 0x00, 0x0F, 0xD0, 0x00, 0xF8, 0x00, 0x00, 0xFC, 0x00, 0x3E, 0x00, 0x00, 0x1F, 0x80,
    0x0F, 0x80, 0x00, 0x03, 0xF0, 0x03, 0xE0, 0x00, 0x00, 0xBD, 0x00, 0xF8, 0x00, 0x00, 0x2F, 0x40,
    0x3E, 0x00, 0x00, 0x0B, 0xD0, 0x1F, 0xC0, 0x00, 0x02, 0xF4, 0xFF, 0xFF, 0x80, 0x00, 0xBD, 0x00,
    0x00, 0x00, 0x00, 0x3F, 0x00, 0x00, 0x00, 0x00, 0x0F, 0x80, 0x00, 0x00, 0x7C, 0x07, 0xC0, 0x00,
    0x00, 0x3F, 0x43, 0xE0, 0x00, 0x00, 0x0B, 0xC3, 0xE0, 0x00, 0x00, 0x00, 0x7F, 0x90, 0x00, 0x7F,
    0xFC, 0x0F, 0xFC, 0x1F, 0x40, 0x2E, 0x40, 0x3C, 0x00, 0xD0, 0x00, 0xF0, 0x18, 0x00, 0x03, 0xC2,
    0x40, 0x00, 0x0F, 0xFF, 0xE0, 0x00, 0x3C, 0x01, 0xF8, 0x00, 0xF0, 0x00, 0xF4, 0x03, 0xC0, 0x02,
    0xF0, 0x0F, 0x00, 0x07, 0xC0, 0x3C, 0x00, 0x0F, 0x41, 0xF4, 0x00, 0x3D, 0x7F, 0xFC, 0x00, 0xF4,
    0x00, 0x00, 0x03, 0xD0, 0x00, 0x00, 0x1F, 0x00, 0x00, 0x00, 0xB8, 0x00, 0x2D, 0x03, 0xC0, 0x00,
    0xB4, 0x7C, 0x00, 0x00, 0xBF, 0x80, 0x00, 0x00, 0x3F, 0xFF, 0xFF, 0xFF, 0xE0, 0x00, 0x1C, 0x00,
    0x0F, 0xC0, 0x00, 0x00, 0xC0, 0x00, 0xF8, 0x00, 0x00, 0x08, 0x00, 0x0F, 0x80, 0x00, 0x00, 0x80,
    0x00, 0xF8, 0x00, 0x00, 0x08, 0x00, 0x0F, 0x80, 0x00, 0x00, 0x80, 0x00, 0xF8, 0x00, 0x00, 0x08,
    0x00, 0x0F, 0x80, 0x00, 0x00, 0x80, 0x00, 0xF8, 0x00, 0x00, 0x14, 0x00, 0x0F, 0x80, 0x00, 0x01,
    0x40, 0x00, 0xF8, 0x00, 0x00, 0x14, 0x00, 0x0F, 0x80, 0x00, 0x02, 0x00, 0x00, 0xF8, 0x00, 0x00,
    0x20, 0x00, 0x0F, 0x80, 0x00, 0x03, 0x00, 0x00, 0xF8, 0x02, 0xE0, 0x20, 0x00, 0x0F, 0x80, 0x3F,
    0x09, 0x00, 0x00, 0xF8, 0x03, 0xE0, 0xC0, 0x00, 0x0F, 0x80, 0x28, 0x34, 0x00, 0x01, 0xFC, 0x00,
    0xBD, 0x00, 0x03, 0xFF, 0xFD, 0x00, 0x00, 0x00, 0x00, 0x02, 0xC0, 0x00, 0x00, 0x00, 0x00, 0x34,
    0x00, 0x00, 0x00, 0x00, 0x0B, 0x00, 0x00, 0x00, 0x00, 0x00, 0xE0, 0x00, 0x00, 0x00, 0x00, 0x1C,
    0x00, 0x00, 0x00, 0x00, 0x02, 0x40, 0x02, 0xFF, 0xFF, 0xFD, 0x00, 0x28, 0x03, 0xD0, 0x00, 0x04,
    0x03, 0xC0, 0x00, 0x04, 0x03, 0xC0, 0x00, 0x14, 0x03, 0xC0, 0x00, 0x14, 0x03, 0xC0, 0x00, 0x14,
    0x03, 0xC0, 0x00, 0x20, 0x03, 0xC0, 0x00, 0x20, 0x03, 0xC0, 0x00, 0x30, 0x03, 0xC0, 0x38, 0x60,
    0x03, 0xC0, 0x78, 0xC0, 0x07, 0xD0, 0x2F, 0x40, 0x3F, 0xFD, 0x00, 0x00, 0x00, 0x1C, 0x00, 0x00,
    0x00, 0x34, 0x00, 0x00, 0x00, 0x70, 0x00, 0x00, 0x00, 0xE0, 0x00, 0x00, 0x00, 0x80, 0x3F, 0xFF,
    0xE0, 0x3F, 0xFF, 0xE0, 0x1F, 0xC0, 0x00, 0x1F, 0xC0, 0x00, 0xF8, 0x00, 0x00, 0xF8, 0x00, 0x0F,
    0x80, 0x00, 0x0F, 0x80, 0x00, 0xF8, 0x00, 0x00, 0xF8, 0x00, 0x0F, 0x80, 0x00, 0x0F, 0x80, 0x00,
    0xF8, 0x00, 0x00, 0xF8, 0x00, 0x0F, 0x80, 0x00, 0x0F, 0x80, 0x00, 0xF8, 0x00, 0x00, 0xF8, 0x00,
    0x0F, 0xFF, 0xFF, 0xFF, 0x80, 0x00, 0xF8, 0x00, 0x00, 0xF8, 0x00, 0x0F, 0x80, 0x00, 0x0F, 0x80,
    0x00, 0xF8, 0x00, 0x00, 0xF8, 0x00, 0x0F, 0x80, 0x00, 0x0F, 0x80, 0x00, 0xF8, 0x00, 0x00, 0xF8,
    0x00, 0x0F, 0x80, 0x00, 0x0F, 0x80, 0x00, 0xF8, 0x00, 0x00, 0xF8, 0x00, 0x0F, 0x80, 0x00, 0x0F,
    0x80, 0x01, 0xFC, 0x00, 0x00, 0xF8, 0x03, 0xFF, 0xFE, 0x00, 0x0F, 0x80, 0x00, 0x00, 0x00, 0x00,
    0xF8, 0x00, 0x00, 0x00, 0x00, 0x0F, 0x80, 0x00, 0x00, 0x07, 0x80, 0xF4, 0x00, 0x00, 0x00, 0xFC,
    0x1F, 0x00, 0x00, 0x00, 0x0B, 0x83, 0xD0, 0x00, 0x00, 0x00, 0x1F, 0xE0, 0x00, 0x7F, 0xFC, 0x3F,
    0xFD, 0x07, 0xD0, 0x07, 0xD0, 0x03, 0xC0, 0x03, 0xC0, 0x03, 0xC0, 0x03, 0xC0, 0x03, 0xC0, 0x03,
    0xC0, 0x03, 0xFF, 0xFF, 0xC0, 0x03, 0xC0, 0x03, 0xC0, 0x03, 0xC0, 0x03, 0xC0, 0x03, 0xC0, 0x03,
    0xC0, 0x03, 0xC0, 0x03, 0xC0, 0x03, 0xC0, 0x03, 0xC0, 0x07, 0xD0, 0x03, 0xC0, 0x7F, 0xFC, 0x03,
    0xC0, 0x00, 0x00, 0x03, 0xC0, 0x00, 0x00, 0x03, 0xC0, 0x00, 0x00, 0x03, 0xC0, 0x00, 0x07, 0x83,
    0x80, 0x00, 0x07, 0x8B, 0x00, 0x00, 0x01, 0xF8, 0x00, 0x3F, 0xFF, 0xE0, 0x3F, 0xFF, 0xE0, 0x1F,
    0xC0, 0x00, 0x1F, 0xC0, 0x00, 0xF8, 0x00, 0x00, 0xF8, 0x00, 0x0F, 0x80, 0x00, 0x0F, 0x80, 0x00,
    0xF8, 0x00, 0x00, 0xF8, 0x00, 0x0F, 0x80, 0x00, 0x0F, 0x80, 0x00, 0xF8, 0x00, 0x00, 0xF8, 0x00,
    0x0F, 0x80, 0x00, 0x0F, 0x80, 0x00, 0xF8, 0x00, 0x00, 0xF8, 0x00, 0x0F, 0xFF, 0xFF, 0xFF, 0x80,
    0x00, 0xF8, 0x00, 0x00, 0xF8, 0x00, 0x0F, 0x80, 0x00, 0x0F, 0x80, 0x00, 0xF8, 0x00, 0x00, 0xF8,
    0x00, 0x0F, 0x80, 0x00, 0x0F, 0x80, 0x00, 0xF8, 0x00, 0x00, 0xF8, 0x00, 0x0F, 0x80, 0x00, 0x0F,
    0x80, 0x00, 0xF8, 0x00, 0x00, 0xF8, 0x00, 0x0F, 0x80, 0x00, 0x0F, 0x80, 0x01, 0xFC, 0x00, 0x01,
    0xFC, 0x03, 0xFF, 0xFE, 0x03, 0xFF, 0xFE, 0x00, 0x00, 0x00, 0x00, 0x01, 0xC0, 0x00, 0x00, 0x00,
    0x00, 0x38, 0x00, 0x00, 0x00, 0x00, 0x07, 0x00, 0x00, 0x00, 0x00, 0x00, 0xE0, 0x00, 0x00, 0x00,
    0x00, 0x1C, 0x00, 0x00, 0x00, 0x00, 0x01, 0x40, 0x7F, 0xFC, 0x3F, 0xFD, 0x07, 0xD0, 0x07, 0xD0,
    0x03, 0xC0, 0x03, 0xC0, 0x03, 0xC0, 0x03, 0xC0, 0x03, 0xC0, 0x03, 0xC0, 0x03, 0xFF, 0xFF, 0xC0,
    0x03, 0xC0, 0x03, 0xC0, 0x03, 0xC0, 0x03, 0xC0, 0x03, 0xC0, 0x03, 0xC0, 0x03, 0xC0, 0x03, 0xC0,
    0x03, 0xC0, 0x03, 0xC0, 0x07, 0xD0, 0x07, 0xD0, 0x7F, 0xFC, 0x3F, 0xFD, 0x00, 0x00, 0x00, 0x2C,
    0x00, 0x00, 0x00, 0x34, 0x00, 0x00, 0x00, 0x70, 0x00, 0x00, 0x00, 0xE0, 0x00, 0x00, 0x00, 0x80,
    0x3F, 0xFF, 0xE0, 0x3F, 0xFF, 0xE0, 0x1F, 0xC0, 0x00, 0x1F, 0xC0, 0x00, 0xF8, 0x00, 0x00, 0xF8,
    0x00, 0x0F, 0x80, 0x00, 0x0F, 0x80, 0x00, 0xF8, 0x00, 0x00, 0xF8, 0x00, 0x0F, 0x80, 0x00, 0x0F,
    0x80, 0x00, 0xF8, 0x00, 0x00, 0xF8, 0x00, 0x0F, 0x80, 0x00, 0x0F, 0x80, 0x00, 0x7C, 0x00, 0x00,
    0xF8, 0x00, 0x01, 0xF0, 0x00, 0x6F, 0x80, 0x00, 0x02, 0xFF, 0xE4, 0xF8, 0x00, 0x00, 0x00, 0x00,
    0x0F, 0x80, 0x00, 0x00, 0x00, 0x00, 0xF8, 0x00, 0x00, 0x00, 0x00, 0x0F, 0x80, 0x00, 0x00, 0x00,
    0x00, 0xF8, 0x00, 0x00, 0x00, 0x00, 0x0F, 0x80, 0x00, 0x00, 0x00, 0x00, 0xF8, 0x00, 0x00, 0x00,
    0x00, 0x0F, 0x80, 0x00, 0x00, 0x00, 0x01, 0xFC, 0x00, 0x00, 0x00, 0x07, 0xFF, 0xFE, 0x00, 0x00,
    0x00, 0x7D, 0x00, 0x00, 0x00, 0x00, 0x0A, 0x00, 0x00, 0x00, 0x00, 0x00, 0x90, 0x00, 0x00, 0x00,
    0x00, 0x0C, 0x00, 0x00, 0x00, 0x00, 0x00, 0xC0, 0x00, 0x00, 0x00, 0x00, 0x0C, 0x00, 0x00, 0x00,
    0x00, 0x00, 0x80, 0x00, 0x00, 0x00, 0x00, 0x00, 0x00, 0x00, 0x7F, 0xFC, 0x3F, 0xFD, 0x07, 0xD0,
    0x07, 0xD0, 0x03, 0xC0, 0x03, 0xC0, 0x03, 0xC0, 0x03, 0xC0, 0x03, 0xC0, 0x03, 0xC0, 0x02, 0xE0,
    0x07, 0xC0, 0x00, 0x7F, 0xE3, 0xC0, 0x00, 0x00, 0x03, 0xC0, 0x00, 0x00, 0x03, 0xC0, 0x00, 0x00,
    0x03, 0xC0, 0x00, 0x00, 0x03, 0xC0, 0x00, 0x00, 0x07, 0xD0, 0x00, 0x00, 0xBF, 0xFD, 0x00, 0x00,
    0xB4, 0x00, 0x00, 0x00, 0x90, 0x00, 0x00, 0x00, 0xC0, 0x00, 0x00, 0x00, 0xC0, 0x00, 0xFF, 0xF0,
    0x00, 0x00, 0x07, 0xFF, 0x41, 0xFD, 0x00, 0x00, 0x02, 0xF8, 0x00, 0x3B, 0x80, 0x00, 0x00, 0xBE,
    0x00, 0x0C, 0xF0, 0x00, 0x00, 0x8F, 0x80, 0x03, 0x3D, 0x00, 0x00, 0x23, 0xE0, 0x00, 0xC7, 0xC0,
    0x00, 0x14, 0xF8, 0x00, 0x30, 0xF4, 0x00, 0x08, 0x3E, 0x00, 0x0C, 0x2E, 0x00, 0x02, 0x0F, 0x80,
    0x03, 0x07, 0xC0, 0x01, 0x03, 0xE0, 0x00, 0xC0, 0xF4, 0x00, 0x80, 0xF8, 0x00, 0x30, 0x2F, 0x00,
    0x50, 0x3E, 0x00, 0x0C, 0x03, 0xC0, 0x20, 0x0F, 0x80, 0x03, 0x00, 0xF8, 0x08, 0x03, 0xE0, 0x00,
    0xC0, 0x1F, 0x05, 0x00, 0xF8, 0x00, 0x30, 0x03, 0xD2, 0x00, 0x3E, 0x00, 0x0C, 0x00, 0xB8, 0x80,
    0x0F, 0x80, 0x03, 0x00, 0x0F, 0x80, 0x03, 0xE0, 0x00, 0xC0, 0x03, 0xE0, 0x00, 0xF8, 0x00, 0xB8,
    0x00, 0x74, 0x00, 0x3F, 0x03, 0xFF, 0xF0, 0x0C, 0x03, 0xFF, 0xFE, 0x00, 0x00, 0x00, 0x00, 0x00,
    0x07, 0x00, 0x00, 0x00, 0x00, 0x00, 0x03, 0x80, 0x00, 0x00, 0x00, 0x00, 0x01, 0xC0, 0x00, 0x00,
    0x00, 0x00, 0x00, 0xE0, 0x00, 0x00, 0x00, 0x00, 0x00, 0x70, 0x00, 0x00, 0x00, 0x00, 0x00, 0x24,
    0x00, 0x3F, 0xD0, 0x00, 0x0F, 0xF4, 0x0F, 0xC0, 0x00, 0xBD, 0x00, 0x3B, 0x40, 0x02, 0xB0, 0x00,
    0xCE, 0x00, 0x16, 0xC0, 0x03, 0x2C, 0x00, 0x8B, 0x00, 0x0C, 0x78, 0x01, 0x2C, 0x00, 0x30, 0xF0,
    0x20, 0xB0, 0x00, 0xC1, 0xD0, 0x82, 0xC0, 0x03, 0x03, 0xC4, 0x0B, 0x00, 0x0C, 0x0B, 0x60, 0x2C,
    0x00, 0x30, 0x0F, 0x40, 0xB0, 0x02, 0xE0, 0x3C, 0x03, 0xD0, 0x3F, 0xF0, 0x50, 0xFF, 0xF4, 0x00,
    0x00, 0x00, 0x01, 0xC0, 0x00, 0x00, 0x00, 0x0E, 0x00, 0x00, 0x00, 0x00, 0x70, 0x00, 0x00, 0x00,
    0x03, 0x80, 0x00, 0x00, 0x00, 0x08, 0x00, 0x00, 0x05, 0x00, 0x08, 0x00, 0x00, 0x00, 0x80, 0x03,
    0x00, 0x00, 0x00, 0x29, 0x07, 0x40, 0x00, 0x00, 0x01, 0xFE, 0x00, 0x00, 0x00, 0x00, 0x00, 0x00,
    0x00, 0x00, 0x00, 0x02, 0x40, 0x00, 0x00, 0x00, 0x00, 0xF0, 0x00, 0x00, 0x00, 0x00, 0x7C, 0x00,
    0x00, 0x00, 0x00, 0x3F, 0x80, 0x00, 0x00, 0x00, 0x0F, 0xF0, 0x00, 0x00, 0x00, 0x09, 0x7C, 0x00,
    0x00, 0x00, 0x03, 0x0F, 0x80, 0x00, 0x00, 0x00, 0x82, 0xF0, 0x00, 0x00, 0x00, 0x90, 0x7D, 0x00,
    0x00, 0x00, 0x30, 0x0F, 0x80, 0x00, 0x00, 0x08, 0x02, 0xF0, 0x00, 0x00, 0x09, 0x00, 0x7D, 0x00,
    0x00, 0x03, 0x00, 0x0F, 0x80, 0x00, 0x01, 0xFF, 0xFF, 0xF0, 0x00, 0x00, 0x90, 0x00, 0x3D, 0x00,
    0x00, 0x30, 0x00, 0x0F, 0x80, 0x00, 0x18, 0x00, 0x02, 0xF0, 0x00, 0x09, 0x00, 0x00, 0x3D, 0x00,
    0x03, 0x00, 0x00, 0x0F, 0x80, 0x07, 0xE0, 0x00, 0x03, 0xF4, 0x0F, 0xFF, 0x00, 0x0F, 0xFF, 0xF0,
    0x08, 0x00, 0x14, 0x00, 0xA4, 0x07, 0x00, 0x01, 0xBF, 0x40, 0x00, 0x00, 0x00, 0x00, 0x00, 0x00,
    0x00, 0x00, 0x2F, 0xE0, 0x00, 0x09, 0x07, 0xD0, 0x03, 0xD0, 0x0F, 0x00, 0x3E, 0x00, 0xB4, 0x02,
    0xD0, 0x0B, 0x40, 0x00, 0x6B, 0xF4, 0x00, 0x7D, 0x0B, 0x40, 0x2E, 0x00, 0xB4, 0x07, 0xC0, 0x0B,
    0x40, 0xB8, 0x00, 0xB4, 0x5B, 0x80, 0x0F, 0x45, 0x3D, 0x07, 0x3C, 0x80, 0xBF, 0x81, 0xF4, 0x00,
    0x03, 0xC0, 0x78, 0x00, 0x00, 0x01, 0xF8, 0x3F, 0x00, 0x00, 0x00, 0x3C, 0x07, 0x80, 0x00, 0x00,
    0x00, 0x00, 0x00, 0x00, 0x00, 0x00, 0x09, 0x00, 0x00, 0x00, 0x00, 0x03, 0xC0, 0x00, 0x00, 0x00,
    0x01, 0xF0, 0x00, 0x00, 0x00, 0x00, 0xFE, 0x00, 0x00, 0x00, 0x00, 0x3F, 0xC0, 0x00, 0x00, 0x00,
    0x25, 0xF0, 0x00, 0x00, 0x00, 0x0C, 0x3E, 0x00, 0x00, 0x00, 0x02, 0x0B, 0xC0, 0x00, 0x00, 0x02,
    0x41, 0xF4, 0x00, 0x00, 0x00, 0xC0, 0x3E, 0x00, 0x00, 0x00, 0x60, 0x0B, 0xC0, 0x00, 0x00, 0x24,
    0x01, 0xF4, 0x00, 0x00, 0x0C, 0x00, 0x3E, 0x00, 0x00, 0x07, 0xFF, 0xFF, 0xC0, 0x00, 0x02, 0x40,
    0x00, 0xF4, 0x00, 0x00, 0xC0, 0x00, 0x3E, 0x00, 0x00, 0x60, 0x00, 0x0B, 0xC0, 0x00, 0x24, 0x00,
    0x00, 0xF4, 0x00, 0x0C, 0x00, 0x00, 0x3E, 0x00, 0x1F, 0x80, 0x00, 0x0F, 0xD0, 0x3F, 0xFC, 0x00,
    0x3F, 0xFF, 0xC0, 0x0B, 0x40, 0xF0, 0x00, 0xFC, 0x1F, 0x80, 0x0B, 0x40, 0xF0, 0x00, 0x00, 0x00,
    0x00, 0x00, 0x00, 0x00, 0x00, 0x00, 0x00, 0x00, 0x02, 0xFE, 0x00, 0x00, 0x90, 0x7D, 0x00, 0x3D,
    0x00, 0xF0, 0x03, 0xE0, 0x0B, 0x40, 0x2D, 0x00, 0xB4, 0x00, 0x06, 0xBF, 0x40, 0x07, 0xD0, 0xB4,
    0x02, 0xE0, 0x0B, 0x40, 0x7C, 0x00, 0xB4, 0x0B, 0x80, 0x0B, 0x45, 0xB8, 0x00, 0xF4, 0x53, 0xD0,
    0x73, 0xC8, 0x0B, 0xF8, 0x1F, 0x40, 0x00, 0x02, 0xFF, 0xFF, 0xFF, 0xFF, 0x00, 0x00, 0x00, 0xDF,
    0x80, 0x02, 0xF0, 0x00, 0x00, 0x24, 0xF4, 0x00, 0x07, 0x00, 0x00, 0x03, 0x0F, 0x40, 0x00, 0x30,
    0x00, 0x00, 0x60, 0xF4, 0x00, 0x02, 0x40, 0x00, 0x09, 0x0F, 0x40, 0x00, 0x14, 0x00, 0x00, 0xC0,
    0xF4, 0x00, 0x00, 0x40, 0x00, 0x18, 0x0F, 0x40, 0x08, 0x00, 0x00, 0x02, 0x40, 0xF4, 0x00, 0x80,
    0x00, 0x00, 0x30, 0x0F, 0x40, 0x38, 0x00, 0x00, 0x07, 0xFF, 0xFF, 0xFF, 0x80, 0x00, 0x00, 0xC0,
    0x0F, 0x40, 0x38, 0x00, 0x00, 0x0C, 0x00, 0xF4, 0x00, 0x80, 0x00, 0x02, 0x40, 0x0F, 0x40, 0x08,
    0x08, 0x00, 0x30, 0x00, 0xF4, 0x00, 0x00, 0x90, 0x02, 0x00, 0x0F, 0x40, 0x00, 0x0C, 0x00, 0x90,
    0x00, 0xF4, 0x00, 0x01, 0xC0, 0x0C, 0x00, 0x0F, 0x40, 0x00, 0x38, 0x07, 0xE0, 0x00, 0xF8, 0x00,
    0x1F, 0x43, 0xFF, 0xC0, 0xFF, 0xFF, 0xFF, 0xF0, 0x00, 0x00, 0x00, 0x00, 0x00, 0x06, 0xFF, 0x42,
    0xFF, 0x80, 0x2D, 0x02, 0xFF, 0x81, 0xF0, 0x3E, 0x00, 0xFD, 0x00, 0x78, 0x2D, 0x00, 0xBC, 0x00,
    0x3C, 0x00, 0x00, 0xB8, 0x00, 0x3C, 0x00, 0x6F, 0xFF, 0xFF, 0xFC, 0x07, 0xE4, 0xB8, 0x00, 0x00,
    0x2E, 0x00, 0x78, 0x00, 0x00, 0x7C, 0x00, 0x7C, 0x00, 0x00, 0xB8, 0x00, 0x7C, 0x00, 0x08, 0xB8,
    0x00, 0xEE, 0x00, 0x18, 0x3D, 0x03, 0xC3, 0xD0, 0xB0, 0x0B, 0xFD, 0x00, 0xBF, 0x80, 0x00, 0x14,
    0x00, 0x14, 0x00, 0x00, 0x30, 0x00, 0xC0, 0x00, 0x00, 0x74, 0x1D, 0x00, 0x00, 0x00, 0x6F, 0xD0,
    0x00, 0x00, 0x00, 0x00, 0x00, 0x00, 0x00, 0x00, 0x00, 0x00, 0x03, 0xFF, 0xFF, 0xFF, 0xFD, 0x00,
    0x7E, 0x00, 0x01, 0xF4, 0x00, 0xF8, 0x00, 0x00, 0xE0, 0x03, 0xE0, 0x00, 0x01, 0x80, 0x0F, 0x80,
    0x00, 0x03, 0x00, 0x3E, 0x00, 0x00, 0x0C, 0x00, 0xF8, 0x00, 0xC0, 0x10, 0x03, 0xE0, 0x03, 0x00,
    0x00, 0x0F, 0x80, 0x2C, 0x00, 0x00, 0x3F, 0xFF, 0xF0, 0x00, 0x00, 0xF8, 0x02, 0xC0, 0x00, 0x03,
    0xE0, 0x03, 0x00, 0x00, 0x0F, 0x80, 0x0C, 0x00, 0x40, 0x3E, 0x00, 0x00, 0x02, 0x00, 0xF8, 0x00,
    0x00, 0x08, 0x03, 0xE0, 0x00, 0x00, 0x50, 0x0F, 0x80, 0x00, 0x03, 0x00, 0x3E, 0x00, 0x00, 0x2C,
    0x01, 0xF8, 0x00, 0x06, 0xF0, 0xFF, 0xFF, 0xFF, 0xFF, 0xC0, 0x08, 0x00, 0x08, 0x01, 0x90, 0x1C,
    0x00, 0x0B, 0xF8, 0x00, 0x00, 0x00, 0x00, 0x00, 0x00, 0x00, 0x00, 0x1F, 0xF4, 0x00, 0x3D, 0x07,
    0x80, 0x3C, 0x00, 0xB4, 0x2E, 0x00, 0x0F, 0x0F, 0x40, 0x03, 0xC3, 0xFF, 0xFF, 0xF0, 0xF0, 0x00,
    0x00, 0x3D, 0x00, 0x00, 0x0F, 0x40, 0x00, 0x01, 0xF0, 0x00, 0x30, 0x2D, 0x00, 0x14, 0x02, 0xE0,
    0x28, 0x00, 0x1B, 0xF4, 0x00, 0x14, 0x0B, 0xFE, 0x40, 0x00, 0x75, 0xD0, 0x1B, 0x80, 0x01, 0xF8,
    0x00, 0x07, 0xC0, 0x07, 0xC0, 0x00, 0x07, 0xC0, 0x1C, 0x00, 0x00, 0x0B, 0xC0, 0x60, 0x00, 0x00,
    0x1F, 0x40, 0x40, 0x00, 0x00, 0x3F, 0x00, 0x00, 0x00, 0x00, 0xFC, 0x00, 0x00, 0x00, 0x02, 0xF0,
    0x00, 0x00, 0x00, 0x0B, 0xD3, 0xFF, 0xFF, 0xFF, 0xFF, 0x4F, 0x80, 0x00, 0x00, 0xBC, 0x3E, 0x00,
    0x00, 0x03, 0xF0, 0xFC, 0x00, 0x00, 0x0F, 0xC2, 0xF0, 0x00, 0x00, 0x3D, 0x03, 0xD0, 0x00, 0x02,
    0xF0, 0x0B, 0xC0, 0x00, 0x0F, 0x00, 0x0F, 0x80, 0x00, 0xF4, 0x00, 0x0B, 0xD0, 0x2F, 0x00, 0x00,
    0x02, 0xFF, 0x90, 0x00, 0x24, 0xBF, 0x80, 0x0B, 0x90, 0x7C, 0x02, 0xC0, 0x03, 0xC0, 0x80, 0x00,
    0x78, 0x00, 0x00, 0x0F, 0x00, 0x00, 0x03, 0xD0, 0x00, 0x00, 0xF4, 0xFF, 0xFF, 0xFD, 0x3C, 0x00,
    0x0F, 0x0F, 0x00, 0x07, 0xC2, 0xD0, 0x03, 0xC0, 0x3D, 0x07, 0xD0, 0x01, 0xFF, 0x80, 0x00, 0x00,
    0x07, 0x80, 0xB4, 0x00, 0x00, 0x0F, 0xC0, 0xF8, 0x00, 0x00, 0x07, 0x80, 0xB4, 0x00, 0x00, 0x00,
    0x00, 0x00, 0x00, 0x00, 0x00, 0x00, 0x00, 0x00, 0x14, 0x06, 0xFF, 0x80, 0x00, 0x1D, 0x79, 0x01,
    0xB8, 0x00, 0x1F, 0xC0, 0x00, 0x1F, 0x40, 0x1F, 0x00, 0x00, 0x07, 0xD0, 0x1C, 0x00, 0x00, 0x02,
    0xF0, 0x18, 0x00, 0x00, 0x00, 0xF8, 0x04, 0x00, 0x00, 0x00, 0xFC, 0x00, 0x00, 0x00, 0x00, 0xBD,
    0x00, 0x00, 0x00, 0x00, 0x7E, 0x00, 0x00, 0x00, 0x00, 0x7E, 0x3F, 0xFF, 0xFF, 0xFF, 0xFE, 0x3E,
    0x00, 0x00, 0x00, 0x7E, 0x3E, 0x00, 0x00, 0x00, 0x7D, 0x3F, 0x00, 0x00, 0x00, 0xBC, 0x2F, 0x00,
    0x00, 0x00, 0xF8, 0x0F, 0x40, 0x00, 0x01, 0xF0, 0x0B, 0xC0, 0x00, 0x03, 0xD0, 0x02, 0xF0, 0x00,
    0x0F, 0x40, 0x00, 0x7E, 0x00, 0xBC, 0x00, 0x00, 0x06, 0xFF, 0x90, 0x00, 0x07, 0xC0, 0xB4, 0x02,
    0xF4, 0x3F, 0x00, 0x7C, 0x0B, 0x40, 0x00, 0x00, 0x00, 0x00, 0x00, 0x00, 0x00, 0x00, 0x00, 0x02,
    0x4B, 0xF8, 0x00, 0xB9, 0x07, 0xC0, 0x2C, 0x00, 0x3C, 0x08, 0x00, 0x07, 0x80, 0x00, 0x00, 0xF0,
    0x00, 0x00, 0x3D, 0x00, 0x00, 0x0F, 0x4F, 0xFF, 0xFF, 0xD3, 0xC0, 0x00, 0xF0, 0xF0, 0x00, 0x7C,
    0x2D, 0x00, 0x3C, 0x03, 0xD0, 0x7D, 0x00, 0x1F, 0xF8, 0x00, 0x00, 0x00, 0x00, 0xB8, 0x0F, 0x00,
    0x00, 0x00, 0x00, 0x00, 0x00, 0x3F, 0x07, 0xE0, 0x00, 0x00, 0x00, 0x00, 0x00, 0x0B, 0x80, 0xF0,
    0x00, 0x00, 0x00, 0x00, 0x00, 0x00, 0x00, 0x00, 0x00, 0x00, 0x00, 0x00, 0x00, 0x00, 0x00, 0x00,
    0x00, 0x00, 0x00, 0x1F, 0xFE, 0x00, 0x3F, 0xFF, 0xE0, 0x03, 0xFF, 0xC0, 0x7E, 0x00, 0x00, 0x7F,
    0x00, 0x00, 0x3E, 0x40, 0x02, 0x80, 0x00, 0x0F, 0x80, 0x00, 0x0D, 0x00, 0x00, 0x28, 0x00, 0x03,
    0xE0, 0x00, 0x0C, 0x00, 0x00, 0x01, 0x80, 0x00, 0xF8, 0x00, 0x0C, 0x00, 0x00, 0x00, 0x18, 0x00,
    0x3E, 0x00, 0x0C, 0x00, 0x00, 0x00, 0x01, 0x80, 0x0F, 0x80, 0x0C, 0x00, 0x00, 0x00, 0x00, 0x18,
    0x03, 0xE0, 0x0C, 0x00, 0x00, 0x00, 0x00, 0x0B, 0xC0, 0xF8, 0x1F, 0x00, 0x00, 0x00, 0x00, 0x07,
    0xE8, 0x3E, 0x1B, 0xF0, 0x00, 0x00, 0x00, 0x03, 0xF0, 0xCF, 0x98, 0x7E, 0x00, 0x00, 0x00, 0x02,
    0xF0, 0x0F, 0xF8, 0x0B, 0xC0, 0x00, 0x00, 0x01, 0xF8, 0x00, 0xFC, 0x00, 0xFC, 0x00, 0x00, 0x00,
    0xFC, 0x00, 0x3E, 0x00, 0x1F, 0x80, 0x00, 0x00, 0xBC, 0x00, 0x0F, 0x80, 0x02, 0xF4, 0x00, 0x00,
    0x7E, 0x00, 0x03, 0xE0, 0x00, 0x3F, 0x00, 0x00, 0x3F, 0x00, 0x00, 0xF8, 0x00, 0x03, 0xE0, 0x00,
    0x2F, 0x00, 0x00, 0x3E, 0x00, 0x00, 0xBD, 0x00, 0x2F, 0xD0, 0x00, 0x1F, 0xC0, 0x00, 0x2F, 0xD0,
    0xFF, 0xFE, 0x00, 0xFF, 0xFF, 0x80, 0x3F, 0xFF, 0x40, 0x00, 0x00, 0xF4, 0x1F, 0x00, 0x00, 0x00,
    0x01, 0xF8, 0x2F, 0x40, 0x00, 0x00, 0x00, 0xF4, 0x1F, 0x00, 0x00, 0x00, 0x00, 0x00, 0x00, 0x00,
    0x00, 0x00, 0x00, 0x00, 0x00, 0x00, 0x00, 0x00, 0x00, 0x00, 0x00, 0x00, 0x00, 0x3F, 0xF0, 0x3F,
    0xFC, 0x0F, 0xFC, 0x07, 0xE0, 0x07, 0xD0, 0x07, 0xD0, 0x00, 0x70, 0x03, 0xC0, 0x0E, 0x00, 0x00,
    0x0C, 0x03, 0xC0, 0x34, 0x00, 0x00, 0x02, 0x43, 0xC1, 0xC0, 0x00, 0x00, 0x03, 0xE3, 0xCB, 0xC0,
    0x00, 0x00, 0x0B, 0x9F, 0xE6, 0xF0, 0x00, 0x00, 0x1F, 0x03, 0xC0, 0xB8, 0x00, 0x00, 0x3C, 0x03,
    0xC0, 0x3D, 0x00, 0x00, 0xF4, 0x03, 0xC0, 0x0F, 0x00, 0x03, 0xE0, 0x03, 0xC0, 0x07, 0xC0, 0x0F,
    0xD0, 0x07, 0xD0, 0x03, 0xF0, 0xBF, 0xF0, 0x3F, 0xFC, 0x0F, 0xFE, 0x00, 0xF0, 0x1E, 0x00, 0x01,
    0xF4, 0x3F, 0x00, 0x00, 0xF0, 0x1E, 0x00, 0x00, 0x00, 0x00, 0x00, 0x00, 0x00, 0x00, 0x00, 0x20,
    0x6F, 0xF8, 0x00, 0x3B, 0x90, 0x1F, 0x80, 0x3D, 0x00, 0x03, 0xE0, 0x34, 0x00, 0x01, 0xF4, 0x30,
    0x00, 0x00, 0xF8, 0x20, 0x00, 0x00, 0xF8, 0x00, 0x00, 0x01, 0xF0, 0x00, 0x00, 0x03, 0xE0, 0x00,
    0x00, 0x2F, 0x40, 0x00, 0x3F, 0xF8, 0x00, 0x00, 0x00, 0x1F, 0x80, 0x00, 0x00, 0x02, 0xF0, 0x00,
    0x00, 0x00, 0xFC, 0x00, 0x00, 0x00, 0xBD, 0x50, 0x00, 0x00, 0x7D, 0x60, 0x00, 0x00, 0xBD, 0x30,
    0x00, 0x00, 0xFC, 0x18, 0x00, 0x02, 0xF4, 0x0B, 0x40, 0x1F, 0xC0, 0x00, 0xBF, 0xF9, 0x00, 0x07,
    0x80, 0xB4, 0x0F, 0xC0, 0xF8, 0x07, 0x80, 0xF4, 0x00, 0x00, 0x00, 0x00, 0x00, 0x00, 0x00, 0x00,
    0x00, 0x22, 0xFF, 0x90, 0x39, 0x00, 0xBC, 0x30, 0x00, 0x3D, 0x00, 0x00, 0x3D, 0x00, 0x00, 0xB4,
    0x00, 0xBF, 0x80, 0x00, 0x01, 0xF4, 0x00, 0x00, 0x3D, 0x00, 0x00, 0x2F, 0x50, 0x00, 0x2F, 0x30,
    0x00, 0x3E, 0x29, 0x01, 0xF8, 0x06, 0xFF, 0x90, 0x3F, 0xFF, 0xFF, 0xE3, 0xD0, 0x00, 0x0A, 0x70,
    0x00, 0x02, 0xC5, 0x00, 0x00, 0xE0, 0x80, 0x00, 0x34, 0x08, 0x00, 0x1D, 0x00, 0x00, 0x07, 0x00,
    0x00, 0x01, 0x80, 0x00, 0x00, 0xBF, 0xE0, 0x00, 0x08, 0x07, 0xD0, 0x00, 0x00, 0x0F, 0x80, 0x00,
    0x00, 0xBC, 0x00, 0x00, 0x07, 0xE0, 0x00, 0x00, 0x3F, 0x7C, 0x00, 0x03, 0xFF, 0xD0, 0x00, 0x7E,
    0xBC, 0x00, 0x0B, 0xC7, 0x00, 0x00, 0xF8, 0x2D, 0x00, 0x7D, 0x00, 0x2F, 0xFE, 0x00, 0xBF, 0xFF,
    0xF6, 0xD0, 0x00, 0x99, 0x00, 0x09, 0x20, 0x00, 0x90, 0x00, 0x09, 0x00, 0x00, 0x90, 0x00, 0x09,
    0x00, 0x00, 0xBF, 0x80, 0x00, 0x07, 0xC0, 0x00, 0x07, 0xC0, 0x00, 0x0F, 0x40, 0x00, 0x3E, 0x74,
    0x00, 0xFB, 0xE0, 0x03, 0xDB, 0x40, 0x0F, 0x18, 0x00, 0xB8, 0x28, 0x07, 0x80, 0x1F, 0xF4, 0x00,
    0x00, 0x0B, 0xFF, 0xFF, 0x00, 0x00, 0x00, 0x00, 0x00, 0x00, 0x00, 0x00, 0x00, 0x00, 0x00, 0x00,
    0x00, 0x00, 0x00, 0x00, 0x00, 0x00, 0x00, 0x00, 0x00, 0x00, 0x00, 0x03, 0xFF, 0xFE, 0x03, 0xFF,
    0xFE, 0x01, 0xFC, 0x00, 0x01, 0xFC, 0x00, 0x0F, 0x80, 0x00, 0x1F, 0x80, 0x00, 0xF8, 0x00, 0x03,
    0xF8, 0x00, 0x0F, 0x80, 0x00, 0x9F, 0x80, 0x00, 0xF8, 0x00, 0x18, 0xF8, 0x00, 0x0F, 0x80, 0x03,
    0x0F, 0x80, 0x00, 0xF8, 0x00, 0x90, 0xF8, 0x00, 0x0F, 0x80, 0x08, 0x0F, 0x80, 0x00, 0xF8, 0x03,
    0x00, 0xF8, 0x00, 0x0F, 0x80, 0x90, 0x0F, 0x80, 0x00, 0xF8, 0x08, 0x00, 0xF8, 0x00, 0x0F, 0x83,
    0x00, 0x0F, 0x80, 0x00, 0xF8, 0x50, 0x00, 0xF8, 0x00, 0x0F, 0x88, 0x00, 0x0F, 0x80, 0x00, 0xFB,
    0x00, 0x00, 0xF8, 0x00, 0x0F, 0xD0, 0x00, 0x0F, 0x80, 0x00, 0xFC, 0x00, 0x00, 0xF8, 0x00, 0x1F,
    0xC0, 0x00, 0x1F, 0xC0, 0x3F, 0xFF, 0xE0, 0x3F, 0xFF, 0xE0, 0x01, 0xFF, 0xFF, 0x40, 0x00, 0x00,
    0x00, 0x00, 0x00, 0x00, 0x00, 0x00, 0x00, 0x00, 0x00, 0x00, 0x00, 0x00, 0x00, 0x00, 0x00, 0x00,
    0x00, 0x00, 0x00, 0x00, 0x00, 0x00, 0x7F, 0xFC, 0x3F, 0xFD, 0x07, 0xD0, 0x07, 0xD0, 0x03, 0xC0,
    0x03, 0xC0, 0x03, 0xC0, 0x0B, 0xC0, 0x03, 0xC0, 0x23, 0xC0, 0x03, 0xC0, 0x93, 0xC0, 0x03, 0xC1,
    0x43, 0xC0, 0x03, 0xC6, 0x03, 0xC0, 0x03, 0xC8, 0x03, 0xC0, 0x03, 0xE0, 0x03, 0xC0, 0x03, 0xD0,
    0x03, 0xC0, 0x07, 0xD0, 0x07, 0xD0, 0x7F, 0xFC, 0x3F, 0xFD, 0x00, 0x02, 0xE0, 0x3C, 0x00, 0x00,
    0x00, 0x3F, 0x07, 0xE0, 0x00, 0x00, 0x02, 0xE0, 0x3C, 0x00, 0x00, 0x00, 0x00, 0x00, 0x00, 0x00,
    0x00, 0x00, 0x00, 0x00, 0x00, 0x03, 0xFF, 0xFE, 0x03, 0xFF, 0xFE, 0x01, 0xFC, 0x00, 0x01, 0xFC,
    0x00, 0x0F, 0x80, 0x00, 0x1F, 0x80, 0x00, 0xF8, 0x00, 0x03, 0xF8, 0x00, 0x0F, 0x80, 0x00, 0x9F,
    0x80, 0x00, 0xF8, 0x00, 0x18, 0xF8, 0x00, 0x0F, 0x80, 0x03, 0x0F, 0x80, 0x00, 0xF8, 0x00, 0x90,
    0xF8, 0x00, 0x0F, 0x80, 0x08, 0x0F, 0x80, 0x00, 0xF8, 0x03, 0x00, 0xF8, 0x00, 0x0F, 0x80, 0x90,
    0x0F, 0x80, 0x00, 0xF8, 0x08, 0x00, 0xF8, 0x00, 0x0F, 0x83, 0x00, 0x0F, 0x80, 0x00, 0xF8, 0x50,
    0x00, 0xF8, 0x00, 0x0F, 0x88, 0x00, 0x0F, 0x80, 0x00, 0xFB, 0x00, 0x00, 0xF8, 0x00, 0x0F, 0xD0,
    0x00, 0x0F, 0x80, 0x00, 0xFC, 0x00, 0x00, 0xF8, 0x00, 0x1F, 0xC0, 0x00, 0x1F, 0xC0, 0x3F, 0xFF,
    0xE0, 0x3F, 0xFF, 0xE0, 0x00, 0xF4, 0x1F, 0x00, 0x01, 0xF8, 0x2F, 0x40, 0x00, 0xF4, 0x1F, 0x00,
    0x00, 0x00, 0x00, 0x00, 0x00, 0x00, 0x00, 0x00, 0x00, 0x00, 0x00, 0x00, 0x7F, 0xFC, 0x3F, 0xFD,
    0x07, 0xD0, 0x07, 0xD0, 0x03, 0xC0, 0x03, 0xC0, 0x03, 0xC0, 0x0B, 0xC0, 0x03, 0xC0, 0x23, 0xC0,
    0x03, 0xC0, 0x93, 0xC0, 0x03, 0xC1, 0x43, 0xC0, 0x03, 0xC6, 0x03, 0xC0, 0x03, 0xC8, 0x03, 0xC0,
    0x03, 0xE0, 0x03, 0xC0, 0x03, 0xD0, 0x03, 0xC0, 0x07, 0xD0, 0x07, 0xD0, 0x7F, 0xFC, 0x3F, 0xFD,
    0x00, 0x0B, 0x40, 0xF0, 0x00, 0x00, 0x0F, 0xC1, 0xF8, 0x00, 0x00, 0x0B, 0x40, 0xF0, 0x00, 0x00,
    0x00, 0x00, 0x00, 0x00, 0x00, 0x00, 0x00, 0x00, 0x00, 0x00, 0x02, 0xFF, 0x90, 0x00, 0x00, 0x2F,
    0x40, 0x7D, 0x00, 0x00, 0xF4, 0x00, 0x0F, 0x80, 0x03, 0xD0, 0x00, 0x03, 0xE0, 0x0F, 0xC0, 0x00,
    0x00, 0xF4, 0x1F, 0x40, 0x00, 0x00, 0xFC, 0x3F, 0x00, 0x00, 0x00, 0x7D, 0x3F, 0x00, 0x00, 0x00,
    0x7E, 0x3E, 0x00, 0x00, 0x00, 0x3F, 0x7E, 0x00, 0x00, 0x00, 0x3F, 0x7E, 0x00, 0x00, 0x00, 0x3F,
    0x7E, 0x00, 0x00, 0x00, 0x3F, 0x3F, 0x00, 0x00, 0x00, 0x7E, 0x3F, 0x00, 0x00, 0x00, 0xBD, 0x1F,
    0x40, 0x00, 0x00, 0xFC, 0x0F, 0xC0, 0x00, 0x01, 0xF4, 0x03, 0xE0, 0x00, 0x03, 0xE0, 0x00, 0xF8,
    0x00, 0x0F, 0x80, 0x00, 0x2F, 0x40, 0xBD, 0x00, 0x00, 0x02, 0xFF, 0x90, 0x00, 0x02, 0xD0, 0x3C,
    0x00, 0x3F, 0x07, 0xE0, 0x02, 0xD0, 0x3C, 0x00, 0x00, 0x00, 0x00, 0x00, 0x00, 0x00, 0x00, 0x00,
    0x00, 0x00, 0x00, 0x6F, 0xE0, 0x00, 0x2D, 0x02, 0xD0, 0x0B, 0x00, 0x0B, 0x01, 0xE0, 0x00, 0x3C,
    0x3D, 0x00, 0x03, 0xD3, 0xD0, 0x00, 0x3E, 0x3C, 0x00, 0x03, 0xE3, 0xD0, 0x00, 0x3E, 0x3D, 0x00,
    0x03, 0xD1, 0xE0, 0x00, 0x3C, 0x0F, 0x00, 0x0B, 0x40, 0x2D, 0x02, 0xD0, 0x00, 0x6F, 0xE0, 0x00,
    0x00, 0x02, 0xFF, 0x90, 0x00, 0x00, 0x2E, 0x40, 0x7D, 0x00, 0x00, 0xF4, 0x00, 0x0B, 0x80, 0x03,
    0xD0, 0x00, 0x03, 0xE0, 0x0B, 0x80, 0x00, 0x00, 0xF4, 0x1F, 0x00, 0x00, 0x00, 0xBC, 0x2F, 0x00,
    0x00, 0x00, 0x7D, 0x3E, 0x00, 0x00, 0x00, 0x3E, 0x7E, 0x6F, 0xE4, 0x00, 0x3F, 0x7F, 0x80, 0xBF,
    0x41, 0xFF, 0x7E, 0x00, 0x07, 0xFE, 0x7F, 0x7E, 0x00, 0x00, 0x00, 0x3F, 0x3F, 0x00, 0x00, 0x00,
    0x7E, 0x3F, 0x00, 0x00, 0x00, 0xBD, 0x1F, 0x40, 0x00, 0x00, 0xFC, 0x0F, 0xC0, 0x00, 0x01, 0xF4,
    0x03, 0xE0, 0x00, 0x03, 0xE0, 0x01, 0xF4, 0x00, 0x0F, 0x80, 0x00, 0x2F, 0x40, 0x7D, 0x00, 0x00,
    0x02, 0xFF, 0x90, 0x00, 0x00, 0x7F, 0xE0, 0x00, 0x3D, 0x02, 0xD0, 0x0F, 0x00, 0x0B, 0x41, 0xE0,
    0x00, 0x3C, 0x3D, 0x00, 0x03, 0xD3, 0xEF, 0xE0, 0x3E, 0x3D, 0x1B, 0xF7, 0xE3, 0xC0, 0x00, 0x3E,
    0x3D, 0x00, 0x03, 0xD1, 0xE0, 0x00, 0x3C, 0x0F, 0x00, 0x0F, 0x40, 0x3D, 0x02, 0xD0, 0x00, 0x6F,
    0xE0, 0x00, 0x00, 0x0B, 0x40, 0xF0, 0x00, 0x00, 0x0F, 0xC1, 0xF8, 0x00, 0x00, 0x0B, 0x40, 0xF0,
    0x00, 0x00, 0x00, 0x00, 0x00, 0x00, 0x00, 0x00, 0x00, 0x00, 0x00, 0x00, 0x02, 0xFF, 0x90, 0x00,
    0x00, 0x2E, 0x40, 0x7D, 0x00, 0x00, 0xF4, 0x00, 0x0B, 0x80, 0x03, 0xD0, 0x00, 0x03, 0xE0, 0x0B,
    0x80, 0x00, 0x00, 0xF4, 0x1F, 0x00, 0x00, 0x00, 0xBC, 0x2F, 0x00, 0x00, 0x00, 0x7D, 0x3E, 0x00,
    0x00, 0x00, 0x3E, 0x7E, 0x6F, 0xE4, 0x00, 0x3F, 0x7F, 0x80, 0xBF, 0x41, 0xFF, 0x7E, 0x00, 0x07,
    0xFE, 0x7F, 0x7E, 0x00, 0x00, 0x00, 0x3F, 0x3F, 0x00, 0x00, 0x00, 0x7E, 0x3F, 0x00, 0x00, 0x00,
    0xBD, 0x1F, 0x40, 0x00, 0x00, 0xFC, 0x0F, 0xC0, 0x00, 0x01, 0xF4, 0x03, 0xE0, 0x00, 0x03, 0xE0,
    0x01, 0xF4, 0x00, 0x0F, 0x80, 0x00, 0x2F, 0x40, 0x7D, 0x00, 0x00, 0x02, 0xFF, 0x90, 0x00, 0x02,
    0xD0, 0x3C, 0x00, 0x3F, 0x07, 0xE0, 0x02, 0xD0, 0x3C, 0x00, 0x00, 0x00, 0x00, 0x00, 0x00, 0x00,
    0x00, 0x00, 0x00, 0x00, 0x00, 0x7F, 0xE0, 0x00, 0x3D, 0x02, 0xD0, 0x0F, 0x00, 0x0B, 0x41, 0xE0,
    0x00, 0x3C, 0x3D, 0x00, 0x03, 0xD3, 0xEF, 0xE0, 0x3E, 0x3D, 0x1B, 0xF7, 0xE3, 0xC0, 0x00, 0x3E,
    0x3D, 0x00, 0x03, 0xD1, 0xE0, 0x00, 0x3C, 0x0F, 0x00, 0x0B, 0x40, 0x3D, 0x02, 0xD0, 0x00, 0x6F,
    0xE0, 0x00, 0x00, 0xB4, 0x0F, 0x00, 0x00, 0x03, 0xF0, 0xBD, 0x00, 0x00, 0x0B, 0x40, 0xF0, 0x00,
    0x00, 0x00, 0x00, 0x00, 0x00, 0x00, 0x00, 0x00, 0x00, 0x01, 0x40, 0xBF, 0xE4, 0x00, 0x07, 0x5D,
    0x00, 0xBD, 0x00, 0x1F, 0x80, 0x00, 0x2E, 0x00, 0x78, 0x00, 0x00, 0x2E, 0x01, 0xC0, 0x00, 0x00,
    0x3E, 0x06, 0x00, 0x00, 0x00, 0x7C, 0x14, 0x00, 0x00, 0x00, 0xF8, 0x00, 0x00, 0x00, 0x03, 0xF0,
    0x00, 0x00, 0x00, 0x0F, 0xC0, 0x2F, 0xFE, 0x40, 0x3F, 0x40, 0x00, 0x6F, 0xF9, 0xFC, 0x00, 0x00,
    0x00, 0x03, 0xF0, 0x00, 0x00, 0x00, 0x0F, 0xC0, 0x00, 0x00, 0x00, 0x7E, 0x14, 0x00, 0x00, 0x03,
    0xF0, 0x20, 0x00, 0x00, 0x1F, 0x40, 0xC0, 0x00, 0x00, 0xF8, 0x00, 0xC0, 0x00, 0x0F, 0x80, 0x00,
    0xE4, 0x06, 0xF4, 0x00, 0x00, 0x6F, 0xF9, 0x00, 0x00, 0x07, 0x80, 0xB4, 0x0F, 0xC0, 0xF8, 0x07,
    0x80, 0xF4, 0x00, 0x00, 0x00, 0x00, 0x00, 0x00, 0x00, 0x00, 0x00, 0x21, 0xFE, 0x00, 0x3E, 0x02,
    0xE0, 0x34, 0x00, 0xB8, 0x20, 0x00, 0x3C, 0x00, 0x00, 0x2E, 0x07, 0xF4, 0x2F, 0x00, 0x6F, 0xAF,
    0x00, 0x00, 0x2F, 0x00, 0x00, 0x3E, 0x20, 0x00, 0x3C, 0x24, 0x00, 0xB4, 0x0D, 0x03, 0xD0, 0x02,
    0xFE, 0x00, 0x00, 0x07, 0xFF, 0xFF, 0x00, 0x00, 0x00, 0x00, 0x00, 0x00, 0x00, 0x00, 0x00, 0x00,
    0x00, 0x00, 0x00, 0x00, 0x00, 0x00, 0x00, 0x00, 0x00, 0x00, 0x00, 0x00, 0x00, 0x07, 0xFF, 0xF4,
    0x00, 0x3F, 0xFC, 0x03, 0xF8, 0x00, 0x00, 0x7D, 0x00, 0x0F, 0xC0, 0x00, 0x02, 0x40, 0x00, 0x7D,
    0x00, 0x00, 0x30, 0x00, 0x03, 0xF0, 0x00, 0x06, 0x00, 0x00, 0x1F, 0x80, 0x00, 0x90, 0x00, 0x00,
    0xBC, 0x00, 0x0C, 0x00, 0x00, 0x03, 0xE0, 0x01, 0x80, 0x00, 0x00, 0x1F, 0x40, 0x20, 0x00, 0x00,
    0x00, 0xFC, 0x03, 0x00, 0x00, 0x00, 0x07, 0xE0, 0x60, 0x00, 0x00, 0x00, 0x2F, 0x0C, 0x00, 0x00,
    0x00, 0x00, 0xF8, 0xC0, 0x00, 0x00, 0x00, 0x07, 0xF4, 0x00, 0x00, 0x00, 0x00, 0x3F, 0x00, 0x00,
    0x00, 0xB8, 0x00, 0xE0, 0x00, 0x00, 0x0F, 0xC0, 0x0C, 0x00, 0x00, 0x00, 0xF8, 0x02, 0x80, 0x00,
    0x00, 0x06, 0x01, 0xE0, 0x00, 0x00, 0x00, 0x1F, 0xE4, 0x00, 0x00, 0x00, 0x01, 0xFF, 0xFF, 0x40,
    0x00, 0x00, 0x00, 0x00, 0x00, 0x00, 0x00, 0x00, 0x00, 0x00, 0x00, 0x00, 0x00, 0x00, 0x00, 0x00,
    0x00, 0x00, 0x00, 0x00, 0x00, 0x00, 0x1F, 0xFE, 0x03, 0xFE, 0x0B, 0xC0, 0x03, 0xD0, 0x0F, 0x00,
    0x09, 0x00, 0x2D, 0x00, 0x30, 0x00, 0x3C, 0x01, 0x40, 0x00, 0xF4, 0x08, 0x00, 0x01, 0xE0, 0x20,
    0x00, 0x03, 0xC2, 0x00, 0x00, 0x0B, 0x88, 0x00, 0x00, 0x0F, 0x50, 0x00, 0x00, 0x2F, 0x00, 0x00,
    0x00, 0x78, 0x00, 0x00, 0x00, 0xC0, 0x00, 0x00, 0x02, 0x00, 0x00, 0x00, 0x24, 0x00, 0x00, 0x00,
    0xC0, 0x00, 0x0E, 0x05, 0x00, 0x00, 0x78, 0x60, 0x00, 0x00, 0x7E, 0x00, 0x00, 0x00, 0x00, 0x02,
    0xE0, 0x3C, 0x00, 0x00, 0x00, 0x3F, 0x07, 0xE0, 0x00, 0x00, 0x02, 0xE0, 0x3C, 0x00, 0x00, 0x00,
    0x00, 0x00, 0x00, 0x00, 0x00, 0x00, 0x00, 0x00, 0x00, 0x07, 0xFF, 0xF4, 0x00, 0x3F, 0xFC, 0x03,
    0xF8, 0x00, 0x00, 0x7D, 0x00, 0x0F, 0xC0, 0x00, 0x02, 0x40, 0x00, 0x7D, 0x00, 0x00, 0x30, 0x00,
    0x03, 0xF0, 0x00, 0x06, 0x00, 0x00, 0x1F, 0x80, 0x00, 0x90, 0x00, 0x00, 0xBC, 0x00, 0x0C, 0x00,
    0x00, 0x03, 0xE0, 0x01, 0x80, 0x00, 0x00, 0x1F, 0x40, 0x20, 0x00, 0x00, 0x00, 0xFC, 0x03, 0x00,
    0x00, 0x00, 0x07, 0xE0, 0x60, 0x00, 0x00, 0x00, 0x2F, 0x0C, 0x00, 0x00, 0x00, 0x00, 0xF8, 0xC0,
    0x00, 0x00, 0x00, 0x07, 0xF4, 0x00, 0x00, 0x00, 0x00, 0x3F, 0x00, 0x00, 0x00, 0xB8, 0x00, 0xE0,
    0x00, 0x00, 0x0F, 0xC0, 0x0C, 0x00, 0x00, 0x00, 0xF8, 0x02, 0x80, 0x00, 0x00, 0x06, 0x01, 0xE0,
    0x00, 0x00, 0x00, 0x1F, 0xE4, 0x00, 0x00, 0x00, 0x00, 0xF0, 0x1E, 0x00, 0x07, 0xE0, 0xBC, 0x00,
    0x0F, 0x41, 0xF0, 0x00, 0x00, 0x00, 0x00, 0x00, 0x00, 0x00, 0x00, 0x00, 0x00, 0x00, 0x07, 0xFF,
    0x80, 0xFF, 0x82, 0xF0, 0x00, 0xF4, 0x03, 0xC0, 0x02, 0x40, 0x0B, 0x40, 0x0C, 0x00, 0x0F, 0x00,
    0x50, 0x00, 0x3D, 0x02, 0x00, 0x00, 0x78, 0x08, 0x00, 0x00, 0xF0, 0x80, 0x00, 0x02, 0xE2, 0x00,
    0x00, 0x03, 0xD4, 0x00, 0x00, 0x0B, 0xC0, 0x00, 0x00, 0x1E, 0x00, 0x00, 0x00, 0x30, 0x00, 0x00,
    0x00, 0x80, 0x00, 0x00, 0x05, 0x00, 0x00, 0x00, 0x30, 0x00, 0x03, 0x81, 0x40, 0x00, 0x1E, 0x18,
    0x00, 0x00, 0x1F, 0x80, 0x00, 0x00, 0x00, 0x00, 0x6B, 0xDB, 0xD0, 0x00, 0x00, 0x2E, 0x4E, 0x40,
    0x00, 0x00, 0x00, 0x00, 0x00, 0x00, 0x00, 0x00, 0x00, 0x00, 0x00, 0x00, 0x7F, 0xFF, 0x40, 0x03,
    0xFF, 0xC0, 0x3F, 0x80, 0x00, 0x07, 0xD0, 0x00, 0xFC, 0x00, 0x00, 0x24, 0x00, 0x07, 0xD0, 0x00,
    0x03, 0x00, 0x00, 0x3F, 0x00, 0x00, 0x60, 0x00, 0x01, 0xF8, 0x00, 0x09, 0x00, 0x00, 0x0B, 0xC0,
    0x00, 0xC0, 0x00, 0x00, 0x3E, 0x00, 0x18, 0x00, 0x00, 0x01, 0xF4, 0x02, 0x00, 0x00, 0x00, 0x0F,
    0xC0, 0x30, 0x00, 0x00, 0x00, 0x7E, 0x06, 0x00, 0x00, 0x00, 0x02, 0xF0, 0xC0, 0x00, 0x00, 0x00,
    0x0F, 0x8C, 0x00, 0x00, 0x00, 0x00, 0x7F, 0x40, 0x00, 0x00, 0x00, 0x03, 0xF0, 0x00, 0x00, 0x0B,
    0x80, 0x0E, 0x00, 0x00, 0x00, 0xFC, 0x00, 0xC0, 0x00, 0x00, 0x0F, 0x80, 0x28, 0x00, 0x00, 0x00,
    0x60, 0x1E, 0x00, 0x00, 0x00, 0x01, 0xFE, 0x40, 0x00, 0x00, 0x00, 0x01, 0xD0, 0x70, 0x00, 0x1F,
    0x87, 0xD0, 0x00, 0xFC, 0x7F, 0x00, 0x0F, 0x47, 0xD0, 0x00, 0x50, 0x10, 0x00, 0x00, 0x00, 0x00,
    0x07, 0xFF, 0x80, 0xFF, 0x82, 0xF0, 0x00, 0xF4, 0x03, 0xC0, 0x02, 0x40, 0x0B, 0x40, 0x0C, 0x00,
    0x0F, 0x00, 0x50, 0x00, 0x3D, 0x02, 0x00, 0x00, 0x78, 0x08, 0x00, 0x00, 0xF0, 0x80, 0x00, 0x02,
    0xE2, 0x00, 0x00, 0x03, 0xD4, 0x00, 0x00, 0x0B, 0xC0, 0x00, 0x00, 0x1E, 0x00, 0x00, 0x00, 0x30,
    0x00, 0x00, 0x00, 0x80, 0x00, 0x00, 0x09, 0x00, 0x00, 0x00, 0x30, 0x00, 0x03, 0x81, 0x40, 0x00,
    0x1E, 0x18, 0x00, 0x00, 0x1F, 0x80, 0x00, 0x00, 0x00, 0x02, 0xE0, 0x3C, 0x00, 0x00, 0x00, 0x3F,
    0x07, 0xE0, 0x00, 0x00, 0x02, 0xE0, 0x3C, 0x00, 0x00, 0x00, 0x00, 0x00, 0x00, 0x00, 0x00, 0x00,
    0x00, 0x00, 0x00, 0x03, 0xFF, 0xFE, 0x03, 0xFF, 0xFE, 0x01, 0xFC, 0x00, 0x01, 0xFC, 0x00, 0x0F,
    0x80, 0x00, 0x0F, 0x80, 0x00, 0xF8, 0x00, 0x00, 0xF8, 0x00, 0x0F, 0x80, 0x00, 0x0F, 0x80, 0x00,
    0xF8, 0x00, 0x00, 0xF8, 0x00, 0x0F, 0x80, 0x00, 0x0F, 0x80, 0x00, 0xF8, 0x00, 0x00, 0xF8, 0x00,
    0x07, 0xC0, 0x00, 0x0F, 0x80, 0x00, 0x1F, 0x00, 0x06, 0xF8, 0x00, 0x00, 0x2F, 0xFE, 0x4F, 0x80,
    0x00, 0x00, 0x00, 0x00, 0xF8, 0x00, 0x00, 0x00, 0x00, 0x0F, 0x80, 0x00, 0x00, 0x00, 0x00, 0xF8,
    0x00, 0x00, 0x00, 0x00, 0x0F, 0x80, 0x00, 0x00, 0x00, 0x00, 0xF8, 0x00, 0x00, 0x00, 0x00, 0x0F,
    0x80, 0x00, 0x00, 0x00, 0x00, 0xF8, 0x00, 0x00, 0x00, 0x00, 0x1F, 0xC0, 0x00, 0x00, 0x00, 0x3F,
    0xFF, 0xE0, 0x00, 0xF4, 0x1F, 0x00, 0x01, 0xF8, 0x2F, 0x40, 0x00, 0xF4, 0x1F, 0x00, 0x00, 0x00,
    0x00, 0x00, 0x00, 0x00, 0x00, 0x00, 0x00, 0x00, 0x00, 0x00, 0x7F, 0xFC, 0x3F, 0xFD, 0x07, 0xD0,
    0x07, 0xD0, 0x03, 0xC0, 0x03, 0xC0, 0x03, 0xC0, 0x03, 0xC0, 0x03, 0xC0, 0x03, 0xC0, 0x02, 0xE0,
    0x07, 0xC0, 0x00, 0x7F, 0xE3, 0xC0, 0x00, 0x00, 0x03, 0xC0, 0x00, 0x00, 0x03, 0xC0, 0x00, 0x00,
    0x03, 0xC0, 0x00, 0x00, 0x03, 0xC0, 0x00, 0x00, 0x07, 0xD0, 0x00, 0x00, 0x3F, 0xFD, 0x3F, 0xFF,
    0xFF, 0xFF, 0x00, 0x7E, 0x00, 0x07, 0xD0, 0x0F, 0x80, 0x00, 0x34, 0x03, 0xE0, 0x00, 0x06, 0x00,
    0xF8, 0x00, 0x00, 0x80, 0x3E, 0x00, 0x00, 0x30, 0x0F, 0x80, 0x00, 0x04, 0x03, 0xE0, 0x00, 0x00,
    0x00, 0xF8, 0x00, 0x00, 0x00, 0x3E, 0x00, 0x00, 0x00, 0x0F, 0x80, 0x00, 0x00, 0x03, 0xE0, 0x00,
    0x00, 0x00, 0xF8, 0x00, 0x00, 0x00, 0x3E, 0x00, 0x00, 0x00, 0x0F, 0x80, 0x00, 0x00, 0x03, 0xE0,
    0x00, 0x00, 0x00, 0xF8, 0x00, 0x00, 0x00, 0x3E, 0x00, 0x00, 0x00, 0x1F, 0xC0, 0x00, 0x00, 0xFF,
    0xFF, 0xF0, 0x00, 0x00, 0x01, 0xBC, 0x00, 0x00, 0x00, 0x07, 0x00, 0x00, 0x00, 0x00, 0xC0, 0x00,
    0x00, 0x00, 0x24, 0x00, 0x00, 0x00, 0x05, 0x00, 0x00, 0x00, 0x00, 0x40, 0x00, 0x7F, 0xFF, 0xFF,
    0x01, 0xF0, 0x02, 0xC0, 0x3C, 0x00, 0x30, 0x0F, 0x00, 0x08, 0x03, 0xC0, 0x00, 0x00, 0xF0, 0x00,
    0x00, 0x3C, 0x00, 0x00, 0x0F, 0x00, 0x00, 0x03, 0xC0, 0x00, 0x00, 0xF0, 0x00, 0x00, 0x3C, 0x00,
    0x00, 0x1F, 0x40, 0x00, 0x7F, 0xFF, 0x40, 0x00, 0x02, 0xD0, 0x00, 0x00, 0x24, 0x00, 0x00, 0x06,
    0x00, 0x00, 0x00, 0x80, 0x00, 0x00, 0x00, 0x2D, 0x03, 0xC0, 0x00, 0x00, 0x00, 0x03, 0xE0, 0xBD,
    0x00, 0x00, 0x00, 0x00, 0x3D, 0x03, 0xC0, 0x00, 0x00, 0x00, 0x00, 0x00, 0x00, 0x00, 0x00, 0x00,
    0x00, 0x00, 0x00, 0x00, 0x00, 0x0F, 0xFF, 0xF4, 0x00, 0x02, 0xFF, 0xFF, 0x07, 0xE0, 0x00, 0x00,
    0x00, 0xFD, 0x00, 0x3D, 0x00, 0x00, 0x00, 0x0B, 0xC0, 0x03, 0xD0, 0x00, 0x00, 0x00, 0xBC, 0x00,
    0x3D, 0x00, 0x00, 0x00, 0x0B, 0xC0, 0x03, 0xD0, 0x00, 0x00, 0x00, 0xBC, 0x00, 0x3D, 0x00, 0x00,
    0x00, 0x0B, 0xC0, 0x03, 0xD0, 0x00, 0x00, 0x00, 0xBC, 0x00, 0x3D, 0x00, 0x00, 0x00, 0x0B, 0xC0,
    0x03, 0xFF, 0xFF, 0xE0, 0x00, 0xBC, 0x00, 0x3D, 0x00, 0x0B, 0xE0, 0x0B, 0xC0, 0x03, 0xD0, 0x00,
    0x1F, 0x80, 0xBC, 0x00, 0x3D, 0x00, 0x00, 0xBD, 0x0B, 0xC0, 0x03, 0xD0, 0x00, 0x03, 0xF0, 0xBC,
    0x00, 0x3D, 0x00, 0x00, 0x3F, 0x0B, 0xC0, 0x03, 0xD0, 0x00, 0x07, 0xE0, 0xBC, 0x00, 0x3D, 0x00,
    0x00, 0xBD, 0x0B, 0xC0, 0x03, 0xD0, 0x00, 0x1F, 0x80, 0xBC, 0x00, 0x7E, 0x00, 0x07, 0xE0, 0x0F,
    0xD0, 0xFF, 0xFF, 0xFF, 0xE4, 0x2F, 0xFF, 0xF0, 0x00, 0x07, 0x80, 0xB4, 0x00, 0x00, 0x03, 0xF0,
    0x3E, 0x00, 0x00, 0x00, 0x78, 0x0F, 0x40, 0x00, 0x00, 0x00, 0x00, 0x00, 0x00, 0x00, 0x00, 0x00,
    0x00, 0x00, 0x00, 0x00, 0x00, 0x00, 0x00, 0x07, 0xFF, 0xC0, 0x01, 0xFF, 0xF0, 0x1F, 0x40, 0x00,
    0x07, 0xC0, 0x03, 0xC0, 0x00, 0x00, 0xF0, 0x00, 0xF0, 0x00, 0x00, 0x3C, 0x00, 0x3C, 0x00, 0x00,
    0x0F, 0x00, 0x0F, 0xFF, 0xE0, 0x03, 0xC0, 0x03, 0xC0, 0x1F, 0x40, 0xF0, 0x00, 0xF0, 0x01, 0xF0,
    0x3C, 0x00, 0x3C, 0x00, 0x3D, 0x0F, 0x00, 0x0F, 0x00, 0x0F, 0x43, 0xC0, 0x03, 0xC0, 0x07, 0xC0,
    0xF0, 0x01, 0xF0, 0x0B, 0xD0, 0x7C, 0x07, 0xFF, 0xFF, 0x81, 0xFF, 0xF0, 0x3F, 0xFF, 0xC0, 0x3F,
    0xFF, 0x01, 0xFE, 0x00, 0x0F, 0xD0, 0x00, 0x7E, 0x00, 0x07, 0x00, 0x00, 0x2F, 0x00, 0x0C, 0x00,
    0x00, 0x0F, 0xC0, 0x28, 0x00, 0x00, 0x07, 0xE0, 0x70, 0x00, 0x00, 0x02, 0xF0, 0xC0, 0x00, 0x00,
    0x00, 0xFE, 0x40, 0x00, 0x00, 0x00, 0x7F, 0x00, 0x00, 0x00, 0x00, 0x3F, 0x00, 0x00, 0x00, 0x00,
    0x2F, 0xC0, 0x00, 0x00, 0x00, 0x77, 0xD0, 0x00, 0x00, 0x00, 0xC2, 0xF0, 0x00, 0x00, 0x02, 0x40,
    0xFC, 0x00, 0x00, 0x06, 0x00, 0x7D, 0x00, 0x00, 0x0C, 0x00, 0x3F, 0x00, 0x00, 0x24, 0x00, 0x0F,
    0xC0, 0x00, 0x70, 0x00, 0x07, 0xD0, 0x06, 0xF4, 0x00, 0x03, 0xF0, 0x7F, 0xFE, 0x00, 0x00, 0xF8,
    0x00, 0x00, 0x00, 0x00, 0xBC, 0x00, 0x00, 0x00, 0x00, 0xBC, 0x00, 0x00, 0x03, 0xD0, 0xBC, 0x00,
    0x00, 0x07, 0xE0, 0xF8, 0x00, 0x00, 0x03, 0xC2, 0xF0, 0x00, 0x00, 0x00, 0xBF, 0x40, 0x7F, 0xF4,
    0x2F, 0xF4, 0x1F, 0x80, 0x3D, 0x00, 0x2E, 0x00, 0xD0, 0x00, 0x2D, 0x09, 0x00, 0x00, 0x3C, 0x60,
    0x00, 0x00, 0x3E, 0x00, 0x00, 0x00, 0x7C, 0x00, 0x00, 0x03, 0xB8, 0x00, 0x00, 0x24, 0xF4, 0x00,
    0x01, 0x40, 0xF0, 0x00, 0x1C, 0x00, 0xE0, 0x02, 0xF0, 0x01, 0xD0, 0xBF, 0xE0, 0x02, 0xC0, 0x00,
    0x00, 0x07, 0x80, 0x00, 0x00, 0x1E, 0x00, 0x00, 0x00, 0x74, 0x00, 0x02, 0xD2, 0xC0, 0x00, 0x0F,
    0x0E, 0x00, 0x00, 0x0B, 0xE0, 0x00, 0x3F, 0xFF, 0xC0, 0x3F, 0xFF, 0x00, 0x1F, 0xE0, 0x00, 0xBD,
    0x00, 0x00, 0x7E, 0x00, 0x07, 0x00, 0x00, 0x02, 0xF4, 0x00, 0xC0, 0x00, 0x00, 0x0F, 0xC0, 0x24,
    0x00, 0x00, 0x00, 0x7E, 0x07, 0x00, 0x00, 0x00, 0x02, 0xF4, 0xC0, 0x00, 0x00, 0x00, 0x0F, 0xE4,
    0x00, 0x00, 0x00, 0x00, 0x7F, 0x00, 0x00, 0x00, 0xFF, 0xFF, 0xFF, 0xFF, 0xF0, 0x00, 0x00, 0x2F,
    0x80, 0x00, 0x00, 0x00, 0x03, 0xBD, 0x00, 0x00, 0x00, 0x00, 0xC3, 0xF0, 0x00, 0x00, 0x00, 0x28,
    0x0F, 0x80, 0x00, 0x00, 0x07, 0x00, 0xBD, 0x00, 0x00, 0x00, 0xC0, 0x03, 0xF0, 0x00, 0x00, 0x24,
    0x00, 0x0F, 0xC0, 0x00, 0x07, 0x00, 0x00, 0x7D, 0x00, 0x06, 0xF4, 0x00, 0x07, 0xF4, 0x07, 0xFF,
    0xE0, 0x03, 0xFF, 0xFC, 0x7F, 0xF4, 0x2F, 0xF4, 0x1F, 0x80, 0x3D, 0x00, 0x1F, 0x00, 0xC0, 0x00,
    0x1E, 0x08, 0x00, 0x00, 0x2E, 0x80, 0x01, 0xFF, 0xFF, 0xFF, 0xE0, 0x00, 0x7C, 0x00, 0x00, 0x03,
    0xB8, 0x00, 0x00, 0x30, 0xB4, 0x00, 0x02, 0x40, 0xF0, 0x00, 0x2C, 0x00, 0xF0, 0x02, 0xF0, 0x03,
    0xF0, 0xBF, 0xE0, 0x3F, 0xFC, 0x00, 0x00, 0xBF, 0xFF, 0x6A, 0xAA, 0x00, 0x00, 0xBF, 0xFF, 0x6A,
    0xAA, 0x00, 0x00, 0x00, 0x02, 0xAA, 0xAA, 0xAA, 0x90, 0xFF, 0xFF, 0xFF, 0xF4, 0xFF, 0xFF, 0xFF,
    0xFF, 0xFF, 0xFF, 0xFF, 0xC0, 0x81, 0x30, 0x9C, 0x27, 0x09, 0xC2, 0x70, 0x9C, 0x27, 0x09, 0xC2,
    0x70, 0x9C, 0x27, 0x09, 0xC2, 0x70, 0x9C, 0x27, 0x09, 0xC2, 0x70, 0x9C, 0x27, 0x09, 0xC2, 0x70,
    0x9C, 0x27, 0x09, 0xC2, 0x70, 0x9C, 0x27, 0x09, 0xC2, 0x40, 0x00, 0x00, 0x08, 0x20, 0x50, 0x80,
    0x80, 0x94, 0xFD, 0x7D, 0x14, 0x3C, 0x7E, 0x3F, 0x02, 0x02, 0x01, 0x08, 0x14, 0x10, 0x00, 0x3C,
    0x7E, 0x3E, 0x02, 0x02, 0x05, 0x08, 0x14, 0x10, 0x2D, 0x7F, 0x6E, 0x40, 0x50, 0x20, 0x20, 0x08,
    0x00, 0x02, 0x00, 0x20, 0x20, 0x02, 0x01, 0x40, 0x04, 0x08, 0x00, 0x80, 0x20, 0x02, 0x00, 0x80,
    0x08, 0x03, 0xF0, 0x3F, 0x0F, 0xD0, 0xFD, 0x1F, 0x00, 0xF0, 0x00, 0x00, 0x07, 0xC0, 0x7C, 0xBD,
    0x0B, 0xE7, 0xA0, 0x3A, 0x02, 0x00, 0x20, 0x10, 0x02, 0x04, 0x00, 0x50, 0x80, 0x08, 0x20, 0x02,
    0x00, 0x00, 0x10, 0x00, 0x00, 0x07, 0xC0, 0x7C, 0xBD, 0x0B, 0xE7, 0xA0, 0x3E, 0x02, 0x00, 0x20,
    0x20, 0x02, 0x04, 0x00, 0x50, 0x80, 0x08, 0x20, 0x02, 0x41, 0x00, 0x10, 0x3D, 0x02, 0xDB, 0xE0,
    0x7F, 0xBD, 0x0A, 0xD8, 0x00, 0x80, 0x80, 0x04, 0x05, 0x00, 0x20, 0x20, 0x02, 0x00, 0x80, 0x08,
    0x04, 0x00, 0x00, 0x00, 0x70, 0x00, 0x02, 0xD0, 0x00, 0x0B, 0x40, 0x00, 0x1D, 0x00, 0x00, 0x70,
    0x00, 0x00, 0xC0, 0x00, 0x03, 0x00, 0x00, 0x08, 0x00, 0x7E, 0x7B, 0xF0, 0xC0, 0xC7, 0xC0, 0x03,
    0x00, 0x00, 0x1C, 0x00, 0x00, 0x74, 0x00, 0x02, 0xD0, 0x00, 0x0B, 0x40, 0x00, 0x2D, 0x00, 0x00,
    0xB4, 0x00, 0x02, 0xD0, 0x00, 0x07, 0x40, 0x00, 0x1D, 0x00, 0x00, 0x74, 0x00, 0x01, 0xC0, 0x00,
    0x07, 0x00, 0x00, 0x0C, 0x00, 0x00, 0x30, 0x00, 0x00, 0xC0, 0x00, 0x02, 0x00, 0x00, 0x00, 0x70,
    0x00, 0x02, 0xD0, 0x00, 0x07, 0x40, 0x00, 0x1C, 0x00, 0x00, 0x30, 0x00, 0x00, 0xC0, 0x03, 0xE7,
    0x6F, 0x0F, 0x9D, 0xBC, 0x00, 0x30, 0x00, 0x00, 0xC0, 0x00, 0x07, 0x40, 0x00, 0x2D, 0x00, 0x00,
    0x74, 0x00, 0x01, 0xD0, 0x00, 0x0B, 0x40, 0x00, 0x1D, 0x00, 0x00, 0x30, 0x00, 0x00, 0xC0, 0x03,
    0xE7, 0x6F, 0x0F, 0x9D, 0xBC, 0x00, 0x30, 0x00, 0x00, 0xC0, 0x00, 0x07, 0x40, 0x00, 0x2D, 0x00,
    0x00, 0x74, 0x00, 0x01, 0xBF, 0x80, 0x0B, 0xFF, 0xF0, 0x1F, 0xFF, 0xFC, 0x3F, 0xFF, 0xFD, 0x7F,
    0xFF, 0xFE, 0x7F, 0xFF, 0xFF, 0x7F, 0xFF, 0xFE, 0x3F, 0xFF, 0xFD, 0x1F, 0xFF, 0xFC, 0x0B, 0xFF,
    0xF0, 0x01, 0xBF, 0x80, 0x00, 0x00, 0x00, 0x00, 0x00, 0x3C, 0x00, 0x3C, 0x00, 0x3D, 0x7D, 0x00,
    0x7E, 0x00, 0x7E, 0x3C, 0x00, 0x3C, 0x00, 0x3C, 0x01, 0xFF, 0xFE, 0x0B, 0xFF, 0xD0, 0x1F, 0xFF,
    0xD0, 0x3F, 0xFF, 0xD0, 0x3F, 0xFF, 0xD0, 0x7F, 0xFF, 0xD0, 0x7F, 0xFF, 0xD0, 0x7F, 0xFF, 0xD0,
    0x3F, 0xFF, 0xD0, 0x1F, 0xFF, 0xD0, 0x0B, 0xFF, 0xD0, 0x02, 0xFF, 0xD0, 0x00, 0x1F, 0xD0, 0x00,
    0x00, 0x90, 0x00, 0x00, 0x90, 0x00, 0x00, 0x90, 0x00, 0x00, 0x90, 0x00, 0x00, 0x90, 0x00, 0x00,
    0x90, 0x00, 0x00, 0x90, 0x00, 0x00, 0x90, 0x00, 0x00, 0x90, 0x00, 0x00, 0x90, 0x00, 0x00, 0x90,
    0x00, 0x0F, 0xFE, 0x02, 0xF4, 0x00, 0x00, 0x0C, 0x00, 0x00, 0x00, 0x0E, 0x09, 0x00, 0x00, 0x3C,
    0x00, 0x00, 0x00, 0x2C, 0x03, 0x90, 0x06, 0xFC, 0x00, 0x00, 0x00, 0x38, 0x02, 0x5B, 0xF9, 0xFC,
    0x00, 0x00, 0x00, 0x38, 0x00, 0x80, 0x02, 0xFC, 0x00, 0x00, 0x00, 0x74, 0x00, 0x80, 0x07, 0xF4,
    0x00, 0x00, 0x00, 0x74, 0x00, 0x80, 0x0F, 0xE0, 0x00, 0x00, 0x00, 0x38, 0x00, 0x80, 0x2F, 0xC0,
    0x00, 0x00, 0x00, 0x38, 0x02, 0x40, 0x7F, 0x40, 0x00, 0x00, 0x00, 0x2C, 0x03, 0x00, 0xFE, 0x00,
    0x00, 0x00, 0x00, 0x0E, 0x09, 0x02, 0xFC, 0x00, 0x00, 0x00, 0x00, 0x02, 0xF4, 0x07, 0xF4, 0x00,
    0x00, 0x00, 0x00, 0x00, 0x00, 0x0F, 0xE0, 0xBD, 0x00, 0x1F, 0x80, 0x00, 0x00, 0x2F, 0xC3, 0x83,
    0x00, 0x74, 0x70, 0x00, 0x00, 0x7F, 0x4B, 0x00, 0xC0, 0xE0, 0x14, 0x00, 0x00, 0xFE, 0x0E, 0x00,
    0x81, 0xC0, 0x0C, 0x00, 0x02, 0xFC, 0x1D, 0x00, 0x52, 0xC0, 0x08, 0x00, 0x07, 0xF4, 0x2D, 0x00,
    0x53, 0xC0, 0x08, 0x00, 0x0F, 0xE0, 0x2D, 0x00, 0x53, 0xC0, 0x08, 0x00, 0x2F, 0xC0, 0x1D, 0x00,
    0x52, 0xC0, 0x08, 0x00, 0x7F, 0x00, 0x0E, 0x00, 0x81, 0xC0, 0x0C, 0x00, 0xFE, 0x00, 0x0B, 0x00,
    0xC0, 0xE0, 0x14, 0x02, 0xFC, 0x00, 0x03, 0x83, 0x00, 0x74, 0x70, 0x03, 0xF0, 0x00, 0x00, 0xBD,
    0x00, 0x1F, 0x80, 0x00, 0xE0, 0x00, 0x00, 0x00, 0x00, 0x00, 0x00, 0x00, 0xC0, 0x00, 0x00, 0x00,
    0x00, 0x00, 0x00, 0x00, 0x00, 0x00, 0x00, 0x00, 0x00, 0x00, 0x00, 0x02, 0xF4, 0x00, 0x00, 0x0C,
    0x00, 0x00, 0x00, 0x00, 0x00, 0x00, 0xE0, 0x90, 0x00, 0x03, 0xC0, 0x00, 0x00, 0x00, 0x00, 0x00,
    0x2C, 0x03, 0x90, 0x06, 0xFC, 0x00, 0x00, 0x00, 0x00, 0x00, 0x03, 0x80, 0x25, 0xBF, 0x9F, 0xC0,
    0x00, 0x00, 0x00, 0x00, 0x00, 0x38, 0x00, 0x80, 0x02, 0xFC, 0x00, 0x00, 0x00, 0x00, 0x00, 0x07,
    0x40, 0x08, 0x00, 0x7F, 0x40, 0x00, 0x00, 0x00, 0x00, 0x00, 0x74, 0x00, 0x80, 0x0F, 0xE0, 0x00,
    0x00, 0x00, 0x00, 0x00, 0x03, 0x80, 0x08, 0x02, 0xFC, 0x00, 0x00, 0x00, 0x00, 0x00, 0x00, 0x38,
    0x02, 0x40, 0x7F, 0x40, 0x00, 0x00, 0x00, 0x00, 0x00, 0x02, 0xC0, 0x30, 0x0F, 0xE0, 0x00, 0x00,
    0x00, 0x00, 0x00, 0x00, 0x0E, 0x09, 0x02, 0xFC, 0x00, 0x00, 0x00, 0x00, 0x00, 0x00, 0x00, 0x2F,
    0x40, 0x7F, 0x40, 0x00, 0x00, 0x00, 0x00, 0x00, 0x00, 0x00, 0x00, 0x0F, 0xE0, 0xBD, 0x00, 0x0F,
    0xC0, 0x01, 0xFC, 0x00, 0x00, 0x02, 0xFC, 0x38, 0x30, 0x03, 0x47, 0x00, 0x74, 0x70, 0x00, 0x00,
    0x7F, 0x4B, 0x00, 0xC0, 0xE0, 0x18, 0x0E, 0x01, 0x80, 0x00, 0x0F, 0xE0, 0xE0, 0x08, 0x1D, 0x00,
    0x81, 0xC0, 0x0C, 0x00, 0x02, 0xFC, 0x1D, 0x00, 0x52, 0xC0, 0x05, 0x2C, 0x00, 0x80, 0x00, 0x7F,
    0x42, 0xD0, 0x05, 0x2C, 0x00, 0x53, 0xC0, 0x08, 0x00, 0x0F, 0xE0, 0x2D, 0x00, 0x52, 0xC0, 0x05,
    0x3C, 0x00, 0x80, 0x02, 0xFC, 0x01, 0xD0, 0x05, 0x2C, 0x00, 0x82, 0xC0, 0x08, 0x00, 0x7F, 0x00,
    0x0E, 0x00, 0x80, 0xD0, 0x0C, 0x1D, 0x00, 0xC0, 0x0F, 0xE0, 0x00, 0xB0, 0x0C, 0x0E, 0x01, 0x80,
    0xE0, 0x14, 0x02, 0xFC, 0x00, 0x03, 0x83, 0x00, 0x38, 0x70, 0x07, 0x47, 0x00, 0x3F, 0x00, 0x00,
    0x0B, 0xD0, 0x00, 0xBC, 0x00, 0x1F, 0x80, 0x00, 0xE0, 0x00, 0x00, 0x00, 0x00, 0x00, 0x00, 0x00,
    0x00, 0x00, 0x0C, 0x00, 0x00, 0x00, 0x00, 0x00, 0x00, 0x00, 0x00, 0x00, 0x00, 0x00, 0x00, 0x00,
    0x00, 0x00, 0x00, 0x00, 0x00, 0x00, 0x00, 0x00, 0x04, 0x00, 0xC0, 0x06, 0x00, 0x30, 0x03, 0x40,
    0x38, 0x07, 0xC0, 0x1F, 0x00, 0x0E, 0x00, 0x0D, 0x00, 0x0C, 0x00, 0x18, 0x00, 0x20, 0x00, 0x10,
    0x80, 0x01, 0x80, 0x03, 0x40, 0x07, 0x00, 0x0B, 0x00, 0x0F, 0x00, 0x0F, 0x00, 0x3C, 0x03, 0xC0,
    0x2C, 0x01, 0xC0, 0x0D, 0x00, 0x60, 0x02, 0x00, 0x00, 0x30, 0x03, 0xD0, 0x09, 0x2C, 0x0B, 0xF0,
    0x2C, 0x0B, 0x0B, 0xF0, 0xB0, 0x02, 0xC3, 0xD2, 0xC0, 0x00, 0xB0, 0x0B, 0x00, 0x2E, 0x2C, 0x2C,
    0x7C, 0x7F, 0x0B, 0xB0, 0xFE, 0x7F, 0x03, 0xC0, 0xFE, 0x2E, 0x0B, 0xB0, 0x7C, 0x00, 0x2C, 0x2C,
    0x00, 0x00, 0xB7, 0xDB, 0x00, 0x02, 0xCB, 0xF2, 0xC0, 0x0B, 0x0B, 0xF0, 0xB0, 0x2C, 0x03, 0xD0,
    0x2C, 0x00, 0x00, 0x00, 0x00, 0x00, 0x7C, 0x00, 0x00, 0xBD, 0x00, 0x0B, 0xFF, 0x90, 0x3C, 0xBD,
    0xB8, 0x7C, 0x7C, 0x7C, 0x3C, 0x7C, 0xBC, 0x00, 0x3C, 0xF4, 0x00, 0x3F, 0xC0, 0x00, 0x3E, 0x00,
    0x00, 0x3C, 0x00, 0x00, 0x34, 0x00, 0x00, 0x34, 0x00, 0x00, 0x34, 0x00, 0x00, 0x30, 0x00, 0x00,
    0x00, 0x00, 0x00, 0x00, 0x00, 0x00, 0x7C, 0x00, 0x00, 0xBD, 0x00, 0x00, 0x7C, 0x00, 0x80, 0x00,
    0x53, 0x80, 0x28, 0x0B, 0xFD, 0x00, 0x02, 0xFF, 0x90, 0x07, 0x40, 0x1B, 0x06, 0x00, 0x00, 0x72,
    0x00, 0x00, 0x08, 0x00, 0x00, 0x00, 0x00, 0x00, 0x00, 0x01, 0x00, 0x00, 0x0B, 0x00, 0x00, 0x0F,
    0x00, 0x00, 0x1E, 0x00, 0x00, 0x2E, 0x00, 0x00, 0x3E, 0x00, 0x00, 0x7E, 0x00, 0x00, 0xFD, 0x00,
    0x00, 0xFC, 0x00, 0x01, 0xF8, 0x00, 0x03, 0xF4, 0x00, 0x03, 0xF0, 0x00, 0x0B, 0xE0, 0x00, 0x0F,
    0xC0, 0x00, 0x1F, 0xC0, 0x00, 0x2F, 0x80, 0x00, 0x3F, 0x00, 0x00, 0x7F, 0x00, 0x00, 0xFD, 0x00,
    0x00, 0xFC, 0x00, 0x01, 0xF8, 0x00, 0x03, 0xF4, 0x00, 0x03, 0xF0, 0x00, 0x07, 0xE0, 0x00, 0x0B,
    0xD0, 0x00, 0x0F, 0xC0, 0x00, 0x0F, 0x80, 0x00, 0x0F, 0x00, 0x00, 0x1F, 0x00, 0x00, 0x2D, 0x00,
    0x00, 0x3C, 0x00, 0x00, 0x38, 0x00, 0x00, 0x34, 0x00, 0x00, 0x70, 0x00, 0x00, 0x10, 0x00, 0x00,
    0x06, 0xF0, 0xBD, 0x07, 0xC0, 0x3D, 0x00, 0xF0, 0x03, 0xC0, 0x0F, 0x00, 0x3C, 0x00, 0xF0, 0x03,
    0xC0, 0x0F, 0x00, 0x2D, 0x00, 0x3C, 0x00, 0x7D, 0x00, 0x3F, 0x0B, 0xD0, 0x7C, 0x02, 0xD0, 0x0F,
    0x00, 0x3C, 0x00, 0xF0, 0x03, 0xC0, 0x0F, 0x00, 0x3C, 0x00, 0xF0, 0x02, 0xD0, 0x07, 0x80, 0x0B,
    0x90, 0x06, 0xF0, 0x00, 0x00, 0xF9, 0x00, 0x6F, 0x00, 0x1F, 0x00, 0x3C, 0x00, 0xF0, 0x03, 0xC0,
    0x0F, 0x00, 0x3C, 0x00, 0xF0, 0x03, 0xC0, 0x0F, 0x00, 0x3C, 0x01, 0xF0, 0x2F, 0x0B, 0xE0, 0x02,
    0xE0, 0x01, 0xE0, 0x03, 0xC0, 0x0F, 0x00, 0x3C, 0x00, 0xF0, 0x03, 0xC0, 0x0F, 0x00, 0x3C, 0x00,
    0xF0, 0x03, 0xC0, 0x1F, 0x01, 0xF0, 0xB9, 0x00, 0x0B, 0x40, 0x01, 0x1F, 0xC0, 0x0B, 0x1F, 0xC0,
    0x0E, 0x0B, 0x40, 0x2E, 0x00, 0x00, 0x3E, 0x00, 0x00, 0xBE, 0x00, 0x00, 0xFC, 0x00, 0x02, 0xF8,
    0x00, 0x03, 0xF0, 0x00, 0x0B, 0xE0, 0x00, 0x0F, 0xC0, 0x00, 0x2F, 0x80, 0x00, 0x3F, 0x00, 0x00,
    0xBE, 0x00, 0x00, 0xFC, 0x00, 0x02, 0xFC, 0x00, 0x03, 0xF4, 0x00, 0x0B, 0xF0, 0xF4, 0x0F, 0xD1,
    0xFC, 0x2F, 0xC2, 0xFC, 0x3F, 0x40, 0xF4, 0x2F, 0x00, 0x00, 0x1D, 0x00, 0x00, 0x1C, 0x00, 0x00,
    0x04, 0x00, 0x00, 0x00, 0x00, 0x00, 0x0B, 0xFD, 0x03, 0x40, 0x28, 0x80, 0x00, 0x50, 0x00, 0x00,
    0x08, 0x00, 0x00, 0x00, 0x06, 0xFE, 0x40, 0x80, 0x02, 0xF4, 0x82, 0xC7, 0x40, 0x3E, 0x02, 0x00,
    0xFD, 0x03, 0xE0, 0x08, 0x00, 0xF4, 0x2F, 0x00, 0x20, 0x02, 0xD1, 0xF4, 0x00, 0x80, 0x03, 0x4F,
    0xC0, 0x02, 0x00, 0x0D, 0x3F, 0x00, 0x08, 0x00, 0x11, 0xF8, 0x00, 0x20, 0x00, 0x07, 0xE0, 0x00,
    0x80, 0x00, 0x1F, 0x80, 0x02, 0x00, 0x00, 0x7E, 0x00, 0x08, 0x00, 0x00, 0xFC, 0x00, 0x20, 0x00,
    0x03, 0xF0, 0x00, 0x80, 0x01, 0x07, 0xD0, 0x02, 0x00, 0x08, 0x0F, 0xC0, 0x08, 0x00, 0x20, 0x0F,
    0x80, 0x20, 0x02, 0x00, 0x0F, 0x80, 0x80, 0x24, 0x00, 0x0B, 0xD2, 0x07, 0x40, 0x00, 0x01, 0xFF,
    0xD0, 0x00, 0x00, 0x00, 0x20, 0x00, 0x00, 0x00, 0x00, 0x6F, 0xD0, 0x00, 0x00, 0xB4, 0x0A, 0x00,
    0x00, 0x78, 0x00, 0x50, 0x00, 0x3C, 0x00, 0x78, 0x00, 0x0F, 0x00, 0x2F, 0x00, 0x03, 0xC0, 0x07,
    0x40, 0x00, 0xF0, 0x00, 0x00, 0x00, 0x3C, 0x00, 0x00, 0x01, 0xFF, 0xFC, 0x00, 0x00, 0x03, 0xC0,
    0x00, 0x00, 0x00, 0xF0, 0x00, 0x00, 0x00, 0x3C, 0x00, 0x00, 0x01, 0xFF, 0xFC, 0x00, 0x00, 0x03,
    0xC0, 0x00, 0x00, 0x00, 0xF0, 0x00, 0x00, 0x2F, 0xFC, 0x00, 0x02, 0x34, 0x2F, 0x00, 0x02, 0x5C,
    0x1E, 0xD0, 0x02, 0x82, 0xFD, 0x1F, 0xAF, 0x40, 0x00, 0x00, 0x50, 0x00, 0x00, 0x00, 0x00, 0x00,
    0x00, 0x02, 0xFF, 0xF0, 0x00, 0xBF, 0xFC, 0x00, 0xAF, 0x40, 0x00, 0x7D, 0x00, 0x08, 0xFC, 0x00,
    0x02, 0x40, 0x00, 0x83, 0xF0, 0x00, 0x20, 0x00, 0x08, 0x2F, 0x80, 0x02, 0x00, 0x00, 0x80, 0xFC,
    0x00, 0x20, 0x00, 0x08, 0x07, 0xE0, 0x02, 0x00, 0x7F, 0xFF, 0xFF, 0xFF, 0xFF, 0xF0, 0x08, 0x00,
    0xF8, 0x02, 0x00, 0x00, 0x80, 0x03, 0xF0, 0x20, 0x00, 0x08, 0x00, 0x0B, 0xC2, 0x00, 0x7F, 0xFF,
    0xFF, 0xFF, 0xFF, 0xF0, 0x08, 0x00, 0x01, 0xF6, 0x00, 0x00, 0x80, 0x00, 0x0F, 0xE0, 0x00, 0x08,
    0x00, 0x00, 0x7F, 0x00, 0x00, 0xC0, 0x00, 0x02, 0xF0, 0x00, 0x1F, 0x00, 0x00, 0x0F, 0x00, 0x2F,
    0xFF, 0x00, 0x00, 0x70, 0x00, 0x00, 0x00, 0x00, 0x01, 0x00, 0x7B, 0xFF, 0x02, 0xFF, 0xFC, 0x03,
    0xFF, 0xC0, 0x3F, 0x00, 0x01, 0xF8, 0x00, 0x07, 0xF4, 0x01, 0xF0, 0x00, 0x0F, 0xC0, 0x00, 0x1E,
    0x00, 0x0F, 0x40, 0x00, 0xBD, 0x00, 0x02, 0xD0, 0x00, 0xF8, 0x00, 0x0F, 0xE0, 0x00, 0x3C, 0x00,
    0x0B, 0xC0, 0x00, 0xBF, 0x00, 0x07, 0xC0, 0x00, 0x7D, 0x00, 0x16, 0xF0, 0x00, 0xB8, 0x00, 0xBF,
    0xFF, 0xFF, 0xFF, 0xFF, 0xFF, 0xD0, 0x00, 0x3F, 0x00, 0x20, 0xF8, 0x00, 0xA8, 0x00, 0x01, 0xF4,
    0x05, 0x0B, 0xC0, 0x21, 0x40, 0x00, 0x0F, 0x80, 0x80, 0x3D, 0x02, 0x00, 0x00, 0x00, 0xBC, 0x08,
    0x03, 0xF0, 0x50, 0x00, 0x0B, 0xFF, 0xFF, 0xFF, 0xFF, 0xFF, 0xFD, 0x00, 0x00, 0x3E, 0x30, 0x01,
    0xF4, 0xC0, 0x00, 0x00, 0x02, 0xF2, 0x00, 0x0F, 0xD8, 0x00, 0x00, 0x00, 0x1F, 0xD0, 0x00, 0xBF,
    0x40, 0x00, 0x00, 0x00, 0xFC, 0x00, 0x03, 0xF4, 0x00, 0x00, 0x00, 0x0B, 0xC0, 0x00, 0x3F, 0x00,
    0x00, 0x00, 0x00, 0x34, 0x00, 0x02, 0xF0, 0x00, 0x00, 0x00, 0x00, 0x00, 0x00, 0x0B, 0x00, 0x00,
    0x00, 0x00, 0x00, 0x00, 0x00, 0x60, 0x00, 0x00, 0x00, 0x00, 0x00, 0x00, 0x05, 0x00, 0x00, 0x00,
    0x00, 0x00, 0x00, 0x00, 0x40, 0x00, 0x00, 0x00, 0x00, 0x00, 0x00, 0x00, 0x00, 0x00, 0x00, 0x00,
    0x00, 0x00, 0x00, 0x00, 0x00, 0x00, 0x00, 0x00, 0x00, 0x00, 0x00, 0x00, 0x00, 0x00, 0x00, 0x00,
    0x40, 0x00, 0x00, 0x3F, 0xC0, 0x00, 0x00, 0x03, 0xC0, 0x00, 0x00, 0x03, 0xC0, 0x00, 0x3F, 0xFF,
    0xFC, 0x00, 0x00, 0x03, 0xC0, 0x00, 0x00, 0x03, 0xC0, 0x00, 0x2F, 0xD3, 0xC0, 0x01, 0xE0, 0x2B,
    0xC0, 0x07, 0x80, 0x07, 0xC0, 0x0F, 0x00, 0x03, 0xC0, 0x2E, 0x00, 0x03, 0xC0, 0x3D, 0x00, 0x03,
    0xC0, 0x3D, 0x00, 0x03, 0xC0, 0x3D, 0x00, 0x03, 0xC0, 0x3E, 0x00, 0x03, 0xC0, 0x1F, 0x00, 0x03,
    0xC0, 0x0F, 0x40, 0x0B, 0xC0, 0x03, 0xD0, 0x2B, 0xD0, 0x00, 0x7F, 0xD3, 0xFD, 0x00, 0x00, 0x00,
    0x00, 0x0F, 0xFF, 0xFF, 0xFD, 0x00, 0x00, 0x1B, 0xFE, 0x40, 0x00, 0x00, 0x3F, 0xFF, 0xFE, 0x00,
    0x00, 0x7F, 0x40, 0x1B, 0xF0, 0x00, 0x7E, 0x00, 0x00, 0x24, 0x00, 0x3E, 0x00, 0x00, 0x00, 0x00,
    0x2F, 0x00, 0x00, 0x00, 0x00, 0x0F, 0x00, 0x00, 0x00, 0x00, 0x07, 0xC0, 0x00, 0x00, 0x00, 0xBF,
    0xFF, 0xFF, 0xFF, 0xD0, 0x2F, 0xFF, 0xFF, 0xFF, 0xD0, 0x00, 0x1F, 0x00, 0x00, 0x00, 0x00, 0x03,
    0xC0, 0x00, 0x00, 0x00, 0x00, 0xB8, 0x00, 0x00, 0x00, 0x00, 0x0F, 0x80, 0x00, 0x00, 0x00, 0x01,
    0xF8, 0x00, 0x00, 0x70, 0x00, 0x1F, 0xD0, 0x01, 0xFC, 0x00, 0x00, 0xFF, 0xFF, 0xF8, 0x00, 0x00,
    0x06, 0xFF, 0x90, 0x00, 0x00, 0x00, 0x08, 0x00, 0x00, 0x00, 0x00, 0x6F, 0xE4, 0x08, 0x00, 0x02,
    0xF8, 0x96, 0xC7, 0x40, 0x03, 0xE0, 0x20, 0x0F, 0xD0, 0x03, 0xE0, 0x08, 0x00, 0xF4, 0x02, 0xF0,
    0x02, 0x00, 0x2D, 0x01, 0xF4, 0x00, 0x80, 0x03, 0x40, 0xBC, 0x00, 0x20, 0x00, 0xD0, 0x3F, 0x00,
    0x08, 0x00, 0x20, 0x1F, 0x80, 0x02, 0x00, 0x00, 0x07, 0xE0, 0x00, 0x80, 0x00, 0x01, 0xF8, 0x00,
    0x20, 0x00, 0x00, 0x7E, 0x00, 0x08, 0x00, 0x00, 0x0F, 0xC0, 0x02, 0x3F, 0xFF, 0xD3, 0xF0, 0x00,
    0x80, 0x2F, 0x80, 0x7D, 0x00, 0x20, 0x07, 0xD0, 0x0F, 0xC0, 0x08, 0x01, 0xF4, 0x00, 0xF8, 0x02,
    0x00, 0x7D, 0x00, 0x0F, 0x80, 0x80, 0x3F, 0x40, 0x00, 0xBD, 0x20, 0x74, 0xD0, 0x00, 0x01, 0xFF,
    0xE0, 0x00, 0x00, 0x00, 0x02, 0x00, 0x00, 0x00, 0x00, 0x00, 0x06, 0x00, 0x00, 0x00, 0x00, 0x00,
    0xF0, 0x00, 0x00, 0x00, 0x00, 0x2F, 0x80, 0x00, 0x00, 0x00, 0x03, 0xBC, 0x00, 0x00, 0x00, 0x00,
    0x93, 0xE0, 0x00, 0x00, 0x00, 0x0C, 0x2F, 0x00, 0x00, 0x00, 0x02, 0x40, 0xF8, 0x00, 0x00, 0x00,
    0x30, 0x0B, 0xC0, 0x00, 0x00, 0x09, 0x00, 0x3E, 0x00, 0x00, 0x00, 0xC0, 0x02, 0xF0, 0x00, 0x00,
    0x24, 0x00, 0x0F, 0x80, 0x00, 0x03, 0x00, 0x00, 0xBC, 0x00, 0x00, 0x90, 0x00, 0x03, 0xE0, 0x00,
    0x0C, 0x00, 0x00, 0x2F, 0x00, 0x02, 0x40, 0x00, 0x00, 0xF8, 0x00, 0x30, 0x00, 0x00, 0x0B, 0xC0,
    0x09, 0x00, 0x00, 0x00, 0x3E, 0x00, 0xC0, 0x00, 0x00, 0x02, 0xF0, 0x28, 0x00, 0x00, 0x00, 0x1F,
    0x83, 0xFF, 0xFF, 0xFF, 0xFF, 0xFC, 0x7F, 0xFF, 0xFF, 0xFF, 0xFF, 0xE0, 0x00, 0x00, 0x03, 0xFC,
    0x00, 0x00, 0x06, 0x00, 0x00, 0x00, 0x09, 0x00, 0x00, 0x00, 0x0C, 0x00, 0x00, 0x00, 0x0C, 0x00,
    0x00, 0x00, 0x18, 0x00, 0x00, 0x00, 0x34, 0x00, 0x00, 0x00, 0x30, 0x00, 0x00, 0x00, 0x60, 0x00,
    0x00, 0x00, 0x90, 0x00, 0x00, 0x00, 0xC0, 0x00, 0x00, 0x00, 0xC0, 0x00, 0x01, 0x01, 0x80, 0x00,
    0x03, 0x42, 0x40, 0x00, 0x0B, 0x43, 0x00, 0x00, 0x0B, 0x83, 0x00, 0x00, 0x23, 0xC6, 0x00, 0x00,
    0x12, 0xC9, 0x00, 0x00, 0x01, 0xDC, 0x00, 0x00, 0x01, 0xF8, 0x00, 0x00, 0x00, 0xF4, 0x00, 0x00,
    0x00, 0xF0, 0x00, 0x00, 0x00, 0xB0, 0x00, 0x00, 0x00, 0x60, 0x00, 0x00,
};

static const EpdGlyph cmu_14_regularGlyphs[] = {
    { 0, 0, 10, 0, 0, 0, 0 }, // 
    { 0, 0, 10, 0, 0, 0, 0 }, //  
    { 4, 21, 8, 2, 21, 21, 0 }, // !
    { 8, 11, 15, 3, 20, 22, 21 }, // "
    { 22, 26, 24, 1, 20, 143, 43 }, // #
    { 12, 22, 15, 1, 21, 66, 186 }, // $
    { 22, 24, 24, 1, 22, 132, 252 }, // %
    { 21, 21, 23, 1, 21, 111, 384 }, // &
    { 4, 11, 8, 2, 20, 11, 495 }, // '
    { 8, 30, 11, 2, 22, 60, 506 }, // (
    { 8, 30, 11, 1, 22, 60, 566 }, // )
    { 12, 14, 15, 1, 22, 42, 626 }, // *
    { 20, 17, 23, 1, 16, 85, 668 }, // +
    { 4, 10, 8, 2, 4, 10, 753 }, // ,
    { 8, 1, 10, 0, 6, 2, 763 }, // -
    { 4, 3, 8, 2, 3, 3, 765 }, // .
    { 12, 30, 15, 1, 22, 90, 768 }, // /
    { 13, 20, 15, 1, 20, 65, 858 }, // 0
    { 11, 20, 15, 2, 20, 55, 923 }, // 1
    { 13, 19, 15, 1, 19, 62, 978 }, // 2
    { 13, 20, 15, 1, 20, 65, 1040 }, // 3
    { 14, 20, 15, 0, 20, 70, 1105 }, // 4
    { 13, 20, 15, 1, 20, 65, 1175 }, // 5
    { 13, 20, 15, 1, 20, 65, 1240 }, // 6
    { 14, 20, 15, 1, 20, 70, 1305 }, // 7
    { 13, 20, 15, 1, 20, 65, 1375 }, // 8
    { 13, 20, 15, 1, 20, 65, 1440 }, // 9
    { 4, 13, 8, 2, 13, 13, 1505 }, // :
    { 4, 18, 8, 2, 12, 18, 1518 }, // ;
    { 19, 17, 23, 2, 16, 81, 1536 }, // <
    { 20, 9, 23, 1, 12, 45, 1617 }, // =
    { 19, 17, 23, 2, 16, 81, 1662 }, // >
    { 12, 20, 14, 1, 20, 60, 1743 }, // ?
    { 20, 20, 23, 1, 20, 100, 1803 }, // @
    { 21, 21, 22, 0, 21, 111, 1903 }, // A
    { 18, 20, 21, 1, 20, 90, 2014 }, // B
    { 19, 20, 21, 1, 20, 95, 2104 }, // C
    { 20, 20, 22, 1, 20, 100, 2199 }, // D
    { 19, 20, 20, 0, 20, 95, 2299 }, // E
    { 18, 20, 19, 0, 20, 90, 2394 }, // F
    { 21, 20, 23, 1, 20, 105, 2484 }, // G
    { 21, 20, 22, 0, 20, 105, 2589 }, // H
    { 10, 20, 10, 0, 20, 50, 2694 }, // I
    { 13, 20, 15, 1, 20, 65, 2744 }, // J
    { 22, 20, 23, 0, 20, 110, 2809 }, // K
    { 17, 20, 18, 0, 20, 85, 2919 }, // L
    { 25, 20, 27, 1, 20, 125, 3004 }, // M
    { 21, 20, 22, 0, 20, 105, 3129 }, // N
    { 20, 20, 23, 1, 20, 100, 3234 }, // O
    { 18, 20, 20, 1, 20, 90, 3334 }, // P
    { 21, 26, 23, 1, 20, 137, 3424 }, // Q
    { 21, 20, 21, 1, 20, 105, 3561 }, // R
    { 14, 20, 16, 1, 20, 70, 3666 }, // S
    { 19, 20, 21, 1, 20, 95, 3736 }, // T
    { 21, 20, 22, 0, 20, 105, 3831 }, // U
    { 22, 20, 22, 0, 20, 110, 3936 }, // V
    { 30, 21, 30, 0, 20, 158, 4046 }, // W
    { 22, 20, 22, 0, 20, 110, 4204 }, // X
    { 22, 20, 22, 0, 20, 110, 4314 }, // Y
    { 16, 20, 18, 1, 20, 80, 4424 }, // Z
    { 5, 29, 8, 3, 22, 37, 4504 }, // [
    { 12, 30, 15, 1, 22, 90, 4541 }, // <backslash>
    { 5, 29, 8, 0, 22, 37, 4631 }, // ]
    { 12, 5, 18, 3, 18, 15, 4668 }, // ^
    { 19, 1, 23, 2, -6, 5, 4683 }, // _
    { 7, 4, 15, 2, 18, 7, 4688 }, // `
    { 14, 13, 15, 1, 13, 46, 4695 }, // a
    { 16, 20, 16, 0, 20, 80, 4741 }, // b
    { 13, 13, 13, 0, 13, 43, 4821 }, // c
    { 16, 20, 16, 0, 20, 80, 4864 }, // d
    { 13, 13, 13, 0, 13, 43, 4944 }, // e
    { 11, 20, 9, 0, 20, 55, 4987 }, // f
    { 15, 19, 15, 0, 13, 72, 5042 }, // g
    { 16, 20, 16, 0, 20, 80, 5114 }, // h
    { 8, 19, 8, 0, 19, 38, 5194 }, // i
    { 9, 25, 9, -2, 19, 57, 5232 }, // j
    { 15, 20, 15, 0, 20, 75, 5289 }, // k
    { 8, 20, 8, 0, 20, 40, 5364 }, // l
    { 24, 13, 24, 0, 13, 78, 5404 }, // m
    { 16, 13, 16, 0, 13, 52, 5482 }, // n
    { 14, 13, 15, 0, 13, 46, 5534 }, // o
    { 16, 19, 16, 0, 13, 76, 5580 }, // p
    { 16, 19, 15, 0, 13, 76, 5656 }, // q
    { 11, 13, 11, 0, 13, 36, 5732 }, // r
    { 11, 13, 11, 0, 13, 36, 5768 }, // s
    { 10, 18, 11, 0, 18, 45, 5804 }, // t
    { 16, 13, 16, 0, 13, 52, 5849 }, // u
    { 15, 13, 15, 0, 13, 49, 5901 }, // v
    { 21, 13, 21, 0, 13, 69, 5950 }, // w
    { 15, 13, 15, 0, 13, 49, 6019 }, // x
    { 15, 19, 15, 0, 13, 72, 6068 }, // y
    { 12, 13, 13, 0, 13, 39, 6140 }, // z
    { 11, 29, 15, 2, 22, 80, 6179 }, // {
    { 2, 30, 8, 3, 22, 15, 6259 }, // |
    { 11, 29, 15, 2, 22, 80, 6274 }, // }
    { 14, 2, 18, 2, 19, 7, 6354 }, // ~
    { 0, 0, 10, 0, 0, 0, 6361 }, //  
    { 4, 21, 8, 2, 14, 21, 6361 }, // ¡
    { 14, 17, 15, 0, 15, 60, 6382 }, // ¢
    { 17, 20, 19, 1, 20, 85, 6442 }, // £
    { 22, 20, 22, 0, 20, 110, 6527 }, // ¥
    { 9, 26, 13, 2, 20, 59, 6637 }, // §
    { 10, 3, 15, 2, 19, 8, 6696 }, // ¨
    { 30, 30, 32, 1, 22, 225, 6704 }, // ©
    { 12, 14, 13, 1, 23, 42, 6929 }, // ª
    { 12, 14, 16, 3, 14, 42, 6971 }, // «
    { 17, 8, 19, 1, 10, 34, 7013 }, // ¬
    { 8, 3, 10, 0, 8, 6, 7047 }, // ­
    { 30, 30, 32, 1, 22, 225, 7053 }, // ®
    { 11, 1, 15, 2, 20, 3, 7278 }, // ¯
    { 8, 7, 10, 1, 20, 14, 7281 }, // °
    { 20, 20, 23, 1, 20, 100, 7295 }, // ±
    { 6, 4, 15, 6, 18, 6, 7395 }, // ´
    { 16, 19, 16, 0, 13, 76, 7401 }, // µ
    { 16, 26, 18, 1, 20, 104, 7477 }, // ¶
    { 4, 3, 8, 2, 8, 3, 7581 }, // ·
    { 8, 6, 13, 2, 0, 12, 7584 }, // ¸
    { 13, 14, 13, 0, 23, 46, 7596 }, // º
    { 12, 14, 16, 1, 14, 42, 7642 }, // »
    { 12, 20, 14, 1, 14, 60, 7684 }, // ¿
    { 21, 24, 22, 0, 24, 126, 7744 }, // À
    { 21, 25, 22, 0, 25, 132, 7870 }, // Á
    { 21, 27, 22, 0, 27, 142, 8002 }, // Â
    { 21, 26, 22, 0, 26, 137, 8144 }, // Ã
    { 21, 25, 22, 0, 25, 132, 8281 }, // Ä
    { 21, 27, 22, 0, 27, 142, 8413 }, // Å
    { 26, 20, 26, 0, 20, 130, 8555 }, // Æ
    { 19, 26, 21, 1, 20, 124, 8685 }, // Ç
    { 19, 25, 20, 0, 25, 119, 8809 }, // È
    { 19, 25, 20, 0, 25, 119, 8928 }, // É
    { 19, 27, 20, 0, 27, 129, 9047 }, // Ê
    { 19, 25, 20, 0, 25, 119, 9176 }, // Ë
    { 10, 24, 10, 0, 24, 60, 9295 }, // Ì
    { 10, 24, 10, 0, 24, 60, 9355 }, // Í
    { 10, 27, 10, 0, 27, 68, 9415 }, // Î
    { 10, 25, 10, 0, 25, 63, 9483 }, // Ï
    { 21, 20, 22, 0, 20, 105, 9546 }, // Ð
    { 21, 26, 22, 0, 26, 137, 9651 }, // Ñ
    { 20, 25, 23, 1, 25, 125, 9788 }, // Ò
    { 20, 25, 23, 1, 25, 125, 9913 }, // Ó
    { 20, 27, 23, 1, 27, 135, 10038 }, // Ô
    { 20, 25, 23, 1, 25, 125, 10173 }, // Õ
    { 20, 25, 23, 1, 25, 125, 10298 }, // Ö
    { 20, 22, 23, 1, 21, 110, 10423 }, // Ø
    { 21, 25, 22, 0, 25, 132, 10533 }, // Ù
    { 21, 25, 22, 0, 25, 132, 10665 }, // Ú
    { 21, 27, 22, 0, 27, 142, 10797 }, // Û
    { 21, 25, 22, 0, 25, 132, 10939 }, // Ü
    { 22, 25, 22, 0, 25, 138, 11071 }, // Ý
    { 16, 20, 18, 1, 20, 80, 11209 }, // Þ
    { 14, 20, 15, 0, 20, 70, 11289 }, // ß
    { 14, 19, 15, 1, 19, 67, 11359 }, // à
    { 14, 19, 15, 1, 19, 67, 11426 }, // á
    { 14, 19, 15, 1, 19, 67, 11493 }, // â
    { 14, 18, 15, 1, 18, 63, 11560 }, // ã
    { 14, 19, 15, 1, 19, 67, 11623 }, // ä
    { 14, 20, 15, 1, 20, 70, 11690 }, // å
    { 20, 14, 21, 1, 14, 70, 11760 }, // æ
    { 13, 19, 13, 0, 13, 62, 11830 }, // ç
    { 13, 19, 13, 0, 19, 62, 11892 }, // è
    { 13, 19, 13, 0, 19, 62, 11954 }, // é
    { 13, 19, 13, 0, 19, 62, 12016 }, // ê
    { 13, 19, 13, 0, 19, 62, 12078 }, // ë
    { 9, 19, 8, -1, 19, 43, 12140 }, // ì
    { 8, 19, 8, 0, 19, 38, 12183 }, // í
    { 9, 19, 8, 0, 19, 43, 12221 }, // î
    { 10, 19, 10, 0, 19, 48, 12264 }, // ï
    { 14, 21, 15, 0, 21, 74, 12312 }, // ð
    { 16, 18, 16, 0, 18, 72, 12386 }, // ñ
    { 14, 19, 15, 0, 19, 67, 12458 }, // ò
    { 14, 19, 15, 0, 19, 67, 12525 }, // ó
    { 14, 19, 15, 0, 19, 67, 12592 }, // ô
    { 14, 18, 15, 0, 18, 63, 12659 }, // õ
    { 14, 19, 15, 0, 19, 67, 12722 }, // ö
    { 20, 17, 23, 1, 16, 85, 12789 }, // ÷
    { 14, 19, 15, 0, 16, 67, 12874 }, // ø
    { 16, 19, 16, 0, 19, 76, 12941 }, // ù
    { 16, 19, 16, 0, 19, 76, 13017 }, // ú
    { 16, 19, 16, 0, 19, 76, 13093 }, // û
    { 16, 19, 16, 0, 19, 76, 13169 }, // ü
    { 15, 25, 15, 0, 19, 94, 13245 }, // ý
    { 16, 26, 16, 0, 20, 104, 13339 }, // þ
    { 15, 25, 15, 0, 19, 94, 13443 }, // ÿ
    { 21, 24, 22, 0, 24, 126, 13537 }, // Ā
    { 14, 17, 15, 1, 17, 60, 13663 }, // ā
    { 21, 26, 22, 0, 26, 137, 13723 }, // Ă
    { 14, 18, 15, 1, 18, 63, 13860 }, // ă
    { 21, 27, 22, 0, 21, 142, 13923 }, // Ą
    { 14, 19, 15, 1, 13, 67, 14065 }, // ą
    { 19, 25, 21, 1, 25, 119, 14132 }, // Ć
    { 13, 19, 13, 0, 19, 62, 14251 }, // ć
    { 19, 27, 21, 1, 27, 129, 14313 }, // Ĉ
    { 13, 19, 13, 0, 19, 62, 14442 }, // ĉ
    { 19, 25, 21, 1, 25, 119, 14504 }, // Ċ
    { 13, 19, 13, 0, 19, 62, 14623 }, // ċ
    { 19, 27, 21, 1, 27, 129, 14685 }, // Č
    { 13, 19, 13, 0, 19, 62, 14814 }, // č
    { 20, 27, 22, 1, 27, 135, 14876 }, // Ď
    { 18, 21, 20, 0, 21, 95, 15011 }, // ď
    { 21, 20, 22, 0, 20, 105, 15106 }, // Đ
    { 16, 20, 16, 0, 20, 80, 15211 }, // đ
    { 19, 24, 20, 0, 24, 114, 15291 }, // Ē
    { 13, 17, 13, 0, 17, 56, 15405 }, // ē
    { 19, 25, 20, 0, 25, 119, 15461 }, // Ė
    { 13, 19, 13, 0, 19, 62, 15580 }, // ė
    { 19, 26, 20, 0, 20, 124, 15642 }, // Ę
    { 13, 19, 13, 0, 13, 62, 15766 }, // ę
    { 19, 27, 20, 0, 27, 129, 15828 }, // Ě
    { 13, 19, 13, 0, 19, 62, 15957 }, // ě
    { 21, 27, 23, 1, 27, 142, 16019 }, // Ĝ
    { 15, 25, 15, 0, 19, 94, 16161 }, // ĝ
    { 21, 26, 23, 1, 26, 137, 16255 }, // Ğ
    { 15, 24, 15, 0, 18, 90, 16392 }, // ğ
    { 21, 25, 23, 1, 25, 132, 16482 }, // Ġ
    { 15, 25, 15, 0, 19, 94, 16614 }, // ġ
    { 21, 28, 23, 1, 20, 147, 16708 }, // Ģ
    { 15, 27, 15, 0, 21, 102, 16855 }, // ģ
    { 21, 27, 22, 0, 27, 142, 16957 }, // Ĥ
    { 16, 26, 16, 0, 26, 104, 17099 }, // ĥ
    { 21, 20, 22, 0, 20, 105, 17203 }, // Ħ
    { 17, 20, 17, 0, 20, 85, 17308 }, // ħ
    { 12, 23, 10, -1, 23, 69, 17393 }, // Ī
    { 12, 17, 8, -2, 17, 51, 17462 }, // ī
    { 10, 26, 10, 0, 20, 65, 17513 }, // Į
    { 8, 25, 8, 0, 19, 50, 17578 }, // į
    { 10, 25, 10, 0, 25, 63, 17628 }, // İ
    { 8, 13, 8, 0, 13, 26, 17691 }, // ı
    { 13, 27, 15, 1, 27, 88, 17717 }, // Ĵ
    { 12, 25, 9, -2, 19, 75, 17805 }, // ĵ
    { 22, 28, 23, 0, 20, 154, 17880 }, // Ķ
    { 15, 28, 15, 0, 20, 105, 18034 }, // ķ
    { 17, 25, 18, 0, 25, 107, 18139 }, // Ĺ
    { 9, 24, 8, 0, 24, 54, 18246 }, // ĺ
    { 17, 28, 18, 0, 20, 119, 18300 }, // Ļ
    { 8, 28, 8, 0, 20, 56, 18419 }, // ļ
    { 17, 23, 18, 0, 23, 98, 18475 }, // Ľ
    { 10, 21, 12, 0, 21, 53, 18573 }, // ľ
    { 17, 20, 18, 0, 20, 85, 18626 }, // Ŀ
    { 11, 20, 11, 0, 20, 55, 18711 }, // ŀ
    { 17, 20, 18, 0, 20, 85, 18766 }, // Ł
    { 8, 20, 10, 1, 20, 40, 18851 }, // ł
    { 21, 25, 22, 0, 25, 132, 18891 }, // Ń
    { 16, 19, 16, 0, 19, 76, 19023 }, // ń
    { 21, 28, 22, 0, 20, 147, 19099 }, // Ņ
    { 16, 21, 16, 0, 13, 84, 19246 }, // ņ
    { 21, 27, 22, 0, 27, 142, 19330 }, // Ň
    { 16, 19, 16, 0, 19, 76, 19472 }, // ň
    { 20, 25, 23, 1, 25, 125, 19548 }, // Ő
    { 14, 19, 15, 0, 19, 67, 19673 }, // ő
    { 27, 20, 29, 2, 20, 135, 19740 }, // Œ
    { 22, 14, 23, 0, 14, 77, 19875 }, // œ
    { 21, 25, 21, 1, 25, 132, 19952 }, // Ŕ
    { 11, 19, 11, 0, 19, 53, 20084 }, // ŕ
    { 21, 27, 21, 1, 27, 142, 20137 }, // Ř
    { 11, 19, 11, 0, 19, 53, 20279 }, // ř
    { 14, 25, 16, 1, 25, 88, 20332 }, // Ś
    { 11, 19, 11, 0, 19, 53, 20420 }, // ś
    { 14, 27, 16, 1, 27, 95, 20473 }, // Ŝ
    { 11, 19, 11, 0, 19, 53, 20568 }, // ŝ
    { 14, 26, 16, 1, 20, 91, 20621 }, // Ş
    { 11, 19, 11, 0, 13, 53, 20712 }, // ş
    { 14, 27, 16, 1, 27, 95, 20765 }, // Š
    { 11, 19, 11, 0, 19, 53, 20860 }, // š
    { 19, 26, 21, 1, 20, 124, 20913 }, // Ţ
    { 11, 24, 11, 0, 18, 66, 21037 }, // ţ
    { 19, 27, 21, 1, 27, 129, 21103 }, // Ť
    { 12, 21, 11, 0, 21, 63, 21232 }, // ť
    { 21, 24, 22, 0, 24, 126, 21295 }, // Ū
    { 16, 17, 16, 0, 17, 68, 21421 }, // ū
    { 21, 26, 22, 0, 26, 137, 21489 }, // Ŭ
    { 16, 18, 16, 0, 18, 72, 21626 }, // ŭ
    { 21, 27, 22, 0, 27, 142, 21698 }, // Ů
    { 16, 20, 16, 0, 20, 80, 21840 }, // ů
    { 21, 25, 22, 0, 25, 132, 21920 }, // Ű
    { 16, 19, 16, 0, 19, 76, 22052 }, // ű
    { 21, 26, 22, 0, 20, 137, 22128 }, // Ų
    { 16, 19, 16, 0, 13, 76, 22265 }, // ų
    { 22, 25, 22, 0, 25, 138, 22341 }, // Ÿ
    { 16, 25, 18, 1, 25, 100, 22479 }, // Ź
    { 12, 19, 13, 0, 19, 57, 22579 }, // ź
    { 16, 25, 18, 1, 25, 100, 22636 }, // Ż
    { 12, 19, 13, 0, 19, 57, 22736 }, // ż
    { 16, 27, 18, 1, 27, 108, 22793 }, // Ž
    { 12, 19, 13, 0, 19, 57, 22901 }, // ž
    { 19, 24, 20, 0, 24, 114, 22958 }, // Ѐ
    { 19, 25, 20, 0, 25, 119, 23072 }, // Ё
    { 23, 20, 25, 1, 20, 115, 23191 }, // Ђ
    { 17, 24, 18, 0, 24, 102, 23306 }, // Ѓ
    { 19, 20, 21, 1, 20, 95, 23408 }, // Є
    { 14, 20, 16, 1, 20, 70, 23503 }, // Ѕ
    { 10, 20, 10, 0, 20, 50, 23573 }, // І
    { 10, 25, 10, 0, 25, 63, 23623 }, // Ї
    { 13, 20, 15, 1, 20, 65, 23686 }, // Ј
    { 30, 20, 31, 0, 20, 150, 23751 }, // Љ
    { 30, 20, 31, 0, 20, 150, 23901 }, // Њ
    { 21, 20, 22, 1, 20, 105, 24051 }, // Ћ
    { 22, 24, 23, 0, 24, 132, 24156 }, // Ќ
    { 22, 24, 23, 0, 24, 132, 24288 }, // Ѝ
    { 22, 26, 22, 0, 26, 143, 24420 }, // Ў
    { 22, 25, 23, 0, 20, 138, 24563 }, // Џ
    { 21, 21, 22, 0, 21, 111, 24701 }, // А
    { 18, 20, 21, 1, 20, 90, 24812 }, // Б
    { 18, 20, 21, 1, 20, 90, 24902 }, // В
    { 17, 20, 18, 0, 20, 85, 24992 }, // Г
    { 24, 28, 23, -1, 20, 168, 25077 }, // Д
    { 19, 20, 20, 0, 20, 95, 25245 }, // Е
    { 33, 20, 35, 1, 20, 165, 25340 }, // Ж
    { 16, 20, 18, 1, 20, 80, 25505 }, // З
    { 22, 20, 23, 0, 20, 110, 25585 }, // И
    { 22, 26, 23, 0, 26, 143, 25695 }, // Й
    { 22, 20, 23, 0, 20, 110, 25838 }, // К
    { 22, 20, 23, 0, 20, 110, 25948 }, // Л
    { 25, 20, 27, 1, 20, 125, 26058 }, // М
    { 22, 20, 23, 0, 20, 110, 26183 }, // Н
    { 20, 20, 23, 1, 20, 100, 26293 }, // О
    { 22, 20, 23, 0, 20, 110, 26393 }, // П
    { 18, 20, 20, 1, 20, 90, 26503 }, // Р
    { 19, 20, 21, 1, 20, 95, 26593 }, // С
    { 19, 20, 21, 1, 20, 95, 26688 }, // Т
    { 22, 20, 22, 0, 20, 110, 26783 }, // У
    { 22, 20, 24, 1, 20, 110, 26893 }, // Ф
    { 22, 20, 22, 0, 20, 110, 27003 }, // Х
    { 23, 26, 23, 0, 20, 150, 27113 }, // Ц
    { 22, 20, 23, 0, 20, 110, 27263 }, // Ч
    { 32, 20, 33, 0, 20, 160, 27373 }, // Ш
    { 33, 26, 33, 0, 20, 215, 27533 }, // Щ
    { 24, 20, 26, 1, 20, 120, 27748 }, // Ъ
    { 26, 20, 28, 1, 20, 130, 27868 }, // Ы
    { 18, 20, 21, 1, 20, 90, 27998 }, // Ь
    { 19, 20, 21, 1, 20, 95, 28088 }, // Э
    { 31, 20, 33, 0, 20, 155, 28183 }, // Ю
    { 21, 20, 23, 1, 20, 105, 28338 }, // Я
    { 14, 13, 15, 1, 13, 46, 28443 }, // а
    { 14, 21, 15, 0, 21, 74, 28489 }, // б
    { 14, 13, 15, 0, 13, 46, 28563 }, // в
    { 13, 13, 13, 0, 13, 43, 28609 }, // г
    { 17, 17, 16, 0, 13, 73, 28652 }, // д
    { 13, 13, 13, 0, 13, 43, 28725 }, // е
    { 24, 13, 24, 0, 13, 78, 28768 }, // ж
    { 12, 13, 13, 0, 13, 39, 28846 }, // з
    { 16, 13, 16, 0, 13, 52, 28885 }, // и
    { 16, 19, 16, 0, 19, 76, 28937 }, // й
    { 16, 13, 16, 0, 13, 52, 29013 }, // к
    { 16, 13, 16, 0, 13, 52, 29065 }, // л
    { 19, 13, 19, 0, 13, 62, 29117 }, // м
    { 16, 13, 16, 0, 13, 52, 29179 }, // н
    { 14, 13, 15, 0, 13, 46, 29231 }, // о
    { 16, 13, 16, 0, 13, 52, 29277 }, // п
    { 16, 19, 16, 0, 13, 76, 29329 }, // р
    { 13, 13, 13, 0, 13, 43, 29405 }, // с
    { 14, 13, 15, 0, 13, 46, 29448 }, // т
    { 15, 19, 15, 0, 13, 72, 29494 }, // у
    { 22, 26, 23, 0, 20, 143, 29566 }, // ф
    { 15, 13, 15, 0, 13, 49, 29709 }, // х
    { 17, 18, 16, 0, 13, 77, 29758 }, // ц
    { 16, 13, 16, 0, 13, 52, 29835 }, // ч
    { 23, 13, 23, 0, 13, 75, 29887 }, // ш
    { 24, 17, 23, 0, 13, 102, 29962 }, // щ
    { 17, 13, 18, 0, 13, 56, 30064 }, // ъ
    { 21, 13, 21, 0, 13, 69, 30120 }, // ы
    { 14, 13, 15, 0, 13, 46, 30189 }, // ь
    { 12, 14, 13, 0, 14, 42, 30235 }, // э
    { 21, 13, 22, 0, 13, 69, 30277 }, // ю
    { 15, 13, 16, 0, 13, 49, 30346 }, // я
    { 13, 19, 13, 0, 19, 62, 30395 }, // ѐ
    { 13, 19, 13, 0, 19, 62, 30457 }, // ё
    { 14, 26, 15, 0, 20, 91, 30519 }, // ђ
    { 13, 19, 12, 0, 19, 62, 30610 }, // ѓ
    { 12, 13, 13, 0, 13, 39, 30672 }, // є
    { 11, 13, 11, 0, 13, 36, 30711 }, // ѕ
    { 8, 19, 8, 0, 19, 38, 30747 }, // і
    { 10, 19, 8, -1, 19, 48, 30785 }, // ї
    { 9, 25, 9, -2, 19, 57, 30833 }, // ј
    { 22, 13, 22, 0, 13, 72, 30890 }, // љ
    { 22, 13, 22, 0, 13, 72, 30962 }, // њ
    { 16, 20, 16, 0, 20, 80, 31034 }, // ћ
    { 16, 19, 16, 0, 19, 76, 31114 }, // ќ
    { 16, 19, 16, 0, 19, 76, 31190 }, // ѝ
    { 15, 25, 15, 0, 19, 94, 31266 }, // ў
    { 16, 17, 16, 0, 13, 68, 31360 }, // џ
    { 27, 20, 29, 1, 20, 135, 31428 }, // Ѡ
    { 22, 13, 23, 0, 13, 72, 31563 }, // ѡ
    { 22, 22, 24, 1, 22, 121, 31635 }, // Ѣ
    { 14, 20, 15, 0, 20, 70, 31756 }, // ѣ
    { 30, 20, 31, 0, 20, 150, 31826 }, // Ѥ
    { 20, 13, 20, 0, 13, 65, 31976 }, // ѥ
    { 26, 21, 27, 0, 21, 137, 32041 }, // Ѧ
    { 20, 13, 20, 0, 13, 65, 32178 }, // ѧ
    { 36, 21, 37, 0, 21, 189, 32243 }, // Ѩ
    { 28, 13, 28, 0, 13, 91, 32432 }, // ѩ
    { 30, 20, 30, 0, 20, 150, 32523 }, // Ѫ
    { 24, 14, 24, 0, 14, 84, 32673 }, // ѫ
    { 39, 20, 39, 0, 20, 195, 32757 }, // Ѭ
    { 33, 14, 33, 0, 14, 116, 32952 }, // ѭ
    { 15, 32, 16, 0, 26, 120, 33068 }, // Ѯ
    { 12, 22, 12, 0, 16, 66, 33188 }, // ѯ
    { 20, 20, 23, 1, 20, 100, 33254 }, // Ѱ
    { 18, 26, 19, 0, 20, 117, 33354 }, // ѱ
    { 20, 20, 23, 1, 20, 100, 33471 }, // Ѳ
    { 13, 13, 13, 0, 13, 43, 33571 }, // ѳ
    { 23, 20, 24, 0, 20, 115, 33614 }, // Ѵ
    { 17, 13, 17, 0, 13, 56, 33729 }, // ѵ
    { 23, 24, 24, 0, 24, 138, 33785 }, // Ѷ
    { 17, 19, 17, 0, 19, 81, 33923 }, // ѷ
    { 25, 22, 27, 1, 21, 138, 34004 }, // Ѻ
    { 17, 17, 18, 0, 15, 73, 34142 }, // ѻ
    { 27, 27, 29, 1, 27, 183, 34215 }, // Ѽ
    { 22, 20, 23, 0, 20, 110, 34398 }, // ѽ
    { 27, 26, 29, 1, 26, 176, 34508 }, // Ѿ
    { 22, 19, 23, 0, 19, 105, 34684 }, // ѿ
    { 20, 27, 21, 1, 20, 135, 34789 }, // Ҁ
    { 13, 19, 13, 0, 13, 62, 34924 }, // ҁ
    { 11, 9, 13, 1, 6, 25, 34986 }, // ҂
    { 12, 5, 0, -6, 20, 15, 35011 }, // ҃
    { 16, 8, 0, -15, 20, 32, 35026 }, // ҄
    { 8, 6, 0, -12, 21, 12, 35058 }, // ҅
    { 8, 6, 0, -11, 21, 12, 35070 }, // ҆
    { 32, 32, 0, -32, 23, 256, 35082 }, // ҈
    { 34, 36, 0, -33, 25, 306, 35338 }, // ҉
    { 23, 32, 23, 0, 26, 184, 35644 }, // Ҋ
    { 17, 23, 16, 0, 19, 98, 35828 }, // ҋ
    { 22, 20, 24, 1, 20, 110, 35926 }, // Ҍ
    { 15, 20, 15, -1, 20, 75, 36036 }, // ҍ
    { 19, 20, 20, 0, 20, 95, 36111 }, // Ҏ
    { 17, 19, 16, 0, 13, 81, 36206 }, // ҏ
    { 18, 26, 19, 0, 26, 117, 36287 }, // Ґ
    { 13, 16, 13, 0, 16, 52, 36404 }, // ґ
    { 17, 20, 18, 0, 20, 85, 36456 }, // Ғ
    { 13, 13, 13, 0, 13, 43, 36541 }, // ғ
    { 19, 26, 21, 0, 20, 124, 36584 }, // Ҕ
    { 15, 19, 16, 0, 13, 72, 36708 }, // ҕ
    { 34, 26, 35, 1, 20, 221, 36780 }, // Җ
    { 25, 17, 24, 0, 13, 107, 37001 }, // җ
    { 16, 27, 18, 1, 20, 108, 37108 }, // Ҙ
    { 12, 20, 13, 0, 13, 60, 37216 }, // ҙ
    { 23, 26, 23, 0, 20, 150, 37276 }, // Қ
    { 17, 17, 16, 0, 13, 73, 37426 }, // қ
    { 24, 20, 25, 0, 20, 120, 37499 }, // Ҝ
    { 19, 13, 19, 0, 13, 62, 37619 }, // ҝ
    { 22, 20, 23, 0, 20, 110, 37681 }, // Ҟ
    { 16, 20, 16, 0, 20, 80, 37791 }, // ҟ
    { 26, 20, 28, 1, 20, 130, 37871 }, // Ҡ
    { 19, 13, 19, 0, 13, 62, 38001 }, // ҡ
    { 23, 26, 23, 0, 20, 150, 38063 }, // Ң
    { 17, 17, 16, 0, 13, 73, 38213 }, // ң
    { 27, 20, 28, 0, 20, 135, 38286 }, // Ҥ
    { 19, 13, 19, 0, 13, 62, 38421 }, // ҥ
    { 31, 26, 31, 0, 20, 202, 38483 }, // Ҧ
    { 21, 19, 23, 0, 13, 100, 38685 }, // ҧ
    { 21, 22, 23, 1, 20, 116, 38785 }, // Ҩ
    { 14, 15, 15, 0, 13, 53, 38901 }, // ҩ
    { 19, 27, 21, 1, 20, 129, 38954 }, // Ҫ
    { 13, 20, 13, 0, 13, 65, 39083 }, // ҫ
    { 19, 26, 21, 1, 20, 124, 39148 }, // Ҭ
    { 14, 17, 15, 0, 13, 60, 39272 }, // ҭ
    { 22, 20, 22, 0, 20, 110, 39332 }, // Ү
    { 16, 19, 15, 0, 13, 76, 39442 }, // ү
    { 22, 20, 22, 0, 20, 110, 39518 }, // Ұ
    { 16, 19, 15, 0, 13, 76, 39628 }, // ұ
    { 23, 26, 22, 0, 20, 150, 39704 }, // Ҳ
    { 16, 17, 15, 0, 13, 68, 39854 }, // ҳ
    { 29, 26, 29, 0, 20, 189, 39922 }, // Ҵ
    { 20, 17, 20, 0, 13, 85, 40111 }, // ҵ
    { 23, 26, 23, 0, 20, 150, 40196 }, // Ҷ
    { 17, 17, 16, 0, 13, 73, 40346 }, // ҷ
    { 22, 20, 23, 0, 20, 110, 40419 }, // Ҹ
    { 16, 13, 16, 0, 13, 52, 40529 }, // ҹ
    { 22, 20, 23, 0, 20, 110, 40581 }, // Һ
    { 16, 20, 16, 0, 20, 80, 40691 }, // һ
    { 23, 20, 24, 0, 20, 115, 40771 }, // Ҽ
    { 16, 13, 17, 0, 13, 52, 40886 }, // ҽ
    { 23, 26, 24, 0, 20, 150, 40938 }, // Ҿ
    { 17, 19, 17, 0, 13, 81, 41088 }, // ҿ
    { 10, 20, 10, 0, 20, 50, 41169 }, // Ӏ
    { 33, 26, 35, 1, 26, 215, 41219 }, // Ӂ
    { 24, 18, 24, 0, 18, 108, 41434 }, // ӂ
    { 21, 26, 23, 0, 20, 137, 41542 }, // Ӄ
    { 15, 19, 16, 0, 13, 72, 41679 }, // ӄ
    { 22, 26, 23, 0, 20, 143, 41751 }, // Ӆ
    { 16, 18, 16, 0, 13, 72, 41894 }, // ӆ
    { 22, 26, 23, 0, 20, 143, 41966 }, // Ӈ
    { 16, 19, 16, 0, 13, 76, 42109 }, // ӈ
    { 22, 26, 23, 0, 20, 143, 42185 }, // Ӊ
    { 16, 18, 16, 0, 13, 72, 42328 }, // ӊ
    { 22, 28, 23, 0, 20, 154, 42400 }, // Ӌ
    { 16, 17, 16, 0, 13, 68, 42554 }, // ӌ
    { 25, 26, 27, 1, 20, 163, 42622 }, // Ӎ
    { 19, 18, 19, 0, 13, 86, 42785 }, // ӎ
    { 21, 26, 22, 0, 26, 137, 42871 }, // Ӑ
    { 14, 18, 15, 1, 18, 63, 43008 }, // ӑ
    { 21, 25, 22, 0, 25, 132, 43071 }, // Ӓ
    { 14, 19, 15, 1, 19, 67, 43203 }, // ӓ
    { 26, 20, 26, 0, 20, 130, 43270 }, // Ӕ
    { 20, 14, 21, 1, 14, 70, 43400 }, // ӕ
    { 19, 26, 20, 0, 26, 124, 43470 }, // Ӗ
    { 13, 18, 13, 0, 18, 59, 43594 }, // ӗ
    { 19, 20, 20, 0, 20, 95, 43653 }, // Ә
    { 13, 13, 13, 0, 13, 43, 43748 }, // ә
    { 20, 25, 21, 0, 25, 125, 43791 }, // Ӛ
    { 13, 19, 13, 0, 19, 62, 43916 }, // ӛ
    { 33, 25, 35, 1, 25, 207, 43978 }, // Ӝ
    { 24, 19, 24, 0, 19, 114, 44185 }, // ӝ
    { 16, 25, 18, 1, 25, 100, 44299 }, // Ӟ
    { 12, 19, 13, 0, 19, 57, 44399 }, // ӟ
    { 14, 20, 16, 1, 20, 70, 44456 }, // Ӡ
    { 11, 18, 13, 1, 12, 50, 44526 }, // ӡ
    { 22, 25, 23, 0, 25, 138, 44576 }, // Ӣ
    { 16, 20, 16, 0, 20, 80, 44714 }, // ӣ
    { 22, 25, 23, 0, 25, 138, 44794 }, // Ӥ
    { 16, 19, 16, 0, 19, 76, 44932 }, // ӥ
    { 20, 25, 23, 1, 25, 125, 45008 }, // Ӧ
    { 14, 19, 15, 0, 19, 67, 45133 }, // ӧ
    { 20, 20, 23, 1, 20, 100, 45200 }, // Ө
    { 14, 13, 15, 0, 13, 46, 45300 }, // ө
    { 20, 25, 23, 1, 25, 125, 45346 }, // Ӫ
    { 14, 19, 15, 0, 19, 67, 45471 }, // ӫ
    { 19, 25, 21, 1, 25, 119, 45538 }, // Ӭ
    { 12, 19, 13, 0, 19, 57, 45657 }, // ӭ
    { 22, 25, 22, 0, 25, 138, 45714 }, // Ӯ
    { 15, 26, 15, 0, 20, 98, 45852 }, // ӯ
    { 22, 25, 22, 0, 25, 138, 45950 }, // Ӱ
    { 15, 25, 15, 0, 19, 94, 46088 }, // ӱ
    { 22, 24, 22, 0, 24, 132, 46182 }, // Ӳ
    { 15, 25, 15, 0, 19, 94, 46314 }, // ӳ
    { 22, 25, 23, 0, 25, 138, 46408 }, // Ӵ
    { 16, 19, 16, 0, 19, 76, 46546 }, // ӵ
    { 17, 26, 18, 0, 20, 111, 46622 }, // Ӷ
    { 13, 17, 13, 0, 13, 56, 46733 }, // ӷ
    { 26, 25, 28, 1, 25, 163, 46789 }, // Ӹ
    { 21, 19, 21, 0, 19, 100, 46952 }, // ӹ
    { 20, 26, 22, 0, 20, 130, 47052 }, // Ӽ
    { 15, 19, 15, 0, 13, 72, 47182 }, // ӽ
    { 22, 20, 22, 0, 20, 110, 47254 }, // Ӿ
    { 15, 13, 15, 0, 13, 49, 47364 }, // ӿ
    { 0, 0, 15, 0, 0, 0, 47413 }, //  
    { 0, 0, 29, 0, 0, 0, 47413 }, //  
    { 0, 0, 15, 0, 0, 0, 47413 }, //  
    { 0, 0, 29, 0, 0, 0, 47413 }, //  
    { 0, 0, 10, 0, 0, 0, 47413 }, //  
    { 0, 0, 7, 0, 0, 0, 47413 }, //  
    { 0, 0, 5, 0, 0, 0, 47413 }, //  
    { 0, 0, 15, 0, 0, 0, 47413 }, //  
    { 0, 0, 8, 0, 0, 0, 47413 }, //  
    { 0, 0, 6, 0, 0, 0, 47413 }, //  
    { 0, 0, 1, 0, 0, 0, 47413 }, //  
    { 0, 0, 0, 0, 0, 0, 47413 }, // ​
    { 0, 0, 0, 0, 0, 0, 47413 }, // ‌
    { 0, 0, 0, 0, 0, 0, 47413 }, // ‍
    { 8, 3, 10, 0, 8, 6, 47413 }, // ‐
    { 8, 3, 10, 0, 8, 6, 47419 }, // ‑
    { 15, 2, 15, 0, 9, 8, 47425 }, // ‒
    { 15, 1, 15, 0, 8, 4, 47433 }, // –
    { 29, 1, 29, 0, 8, 8, 47437 }, // —
    { 5, 30, 15, 5, 22, 38, 47445 }, // ‖
    { 4, 10, 8, 2, 21, 10, 47483 }, // ‘
    { 4, 9, 8, 2, 20, 9, 47493 }, // ’
    { 4, 10, 8, 2, 4, 10, 47502 }, // ‚
    { 4, 9, 8, 2, 20, 9, 47512 }, // ‛
    { 11, 9, 10, -1, 20, 25, 47521 }, // “
    { 10, 10, 10, 0, 21, 25, 47546 }, // ”
    { 10, 10, 10, 0, 4, 25, 47571 }, // „
    { 10, 9, 10, 0, 20, 23, 47596 }, // ‟
    { 11, 27, 13, 1, 20, 75, 47619 }, // †
    { 11, 25, 13, 1, 20, 69, 47694 }, // ‡
    { 12, 11, 15, 1, 12, 33, 47763 }, // •
    { 20, 4, 24, 2, 4, 20, 47796 }, // …
    { 12, 25, 14, 1, 20, 75, 47816 }, //  
    { 0, 0, 5, 0, 0, 0, 47891 }, //  
    { 32, 27, 34, 1, 22, 216, 47891 }, // ‰
    { 42, 27, 44, 1, 22, 284, 48107 }, // ‱
    { 7, 14, 13, 3, 14, 25, 48391 }, // ‹
    { 7, 14, 13, 3, 14, 25, 48416 }, // ›
    { 16, 15, 18, 1, 15, 60, 48441 }, // ※
    { 12, 19, 14, 1, 20, 57, 48501 }, // ‽
    { 10, 3, 10, 0, -2, 8, 48558 }, // ‿
    { 13, 5, 15, 1, 19, 17, 48566 }, // ⁀
    { 12, 35, 15, 1, 22, 105, 48583 }, // ⁄
    { 7, 30, 10, 2, 22, 53, 48688 }, // ⁅
    { 7, 29, 10, 2, 22, 51, 48741 }, // ⁆
    { 12, 26, 15, 1, 22, 78, 48792 }, // ⁒
    { 10, 3, 10, 0, -1, 8, 48870 }, // ⁔
    { 0, 0, 7, 0, 0, 0, 48878 }, //  
    { 19, 22, 21, 1, 21, 105, 48878 }, // ₡
    { 17, 20, 19, 1, 20, 85, 48983 }, // ₤
    { 22, 20, 23, 0, 20, 110, 49068 }, // ₦
    { 30, 26, 30, 0, 19, 195, 49178 }, // ₩
    { 16, 22, 16, 0, 22, 88, 49373 }, // ₫
    { 21, 18, 21, 0, 19, 95, 49461 }, // €
    { 21, 22, 23, 1, 21, 116, 49556 }, // ₲
    { 22, 21, 24, 1, 21, 116, 49672 }, // ∆
    { 16, 24, 14, 0, 21, 96, 49788 }, // √
};

static const EpdUnicodeInterval cmu_14_regularIntervals[] = {
    { 0xD, 0xD, 0x0 },
    { 0x20, 0x7E, 0x1 },
    { 0xA0, 0xA3, 0x60 },
    { 0xA5, 0xA5, 0x64 },
    { 0xA7, 0xB1, 0x65 },
    { 0xB4, 0xB8, 0x70 },
    { 0xBA, 0xBB, 0x75 },
    { 0xBF, 0xD6, 0x77 },
    { 0xD8, 0xFF, 0x8F },
    { 0x100, 0x113, 0xB7 },
    { 0x116, 0x127, 0xCB },
    { 0x12A, 0x12B, 0xDD },
    { 0x12E, 0x131, 0xDF },
    { 0x134, 0x137, 0xE3 },
    { 0x139, 0x148, 0xE7 },
    { 0x150, 0x155, 0xF7 },
    { 0x158, 0x165, 0xFD },
    { 0x16A, 0x173, 0x10B },
    { 0x178, 0x17E, 0x115 },
    { 0x400, 0x477, 0x11C },
    { 0x47A, 0x486, 0x194 },
    { 0x488, 0x4CE, 0x1A1 },
    { 0x4D0, 0x4F9, 0x1E8 },
    { 0x4FC, 0x4FF, 0x212 },
    { 0x2000, 0x200D, 0x216 },
    { 0x2010, 0x2014, 0x224 },
    { 0x2016, 0x2016, 0x229 },
    { 0x2018, 0x2022, 0x22A },
    { 0x2026, 0x2026, 0x235 },
    { 0x2029, 0x2029, 0x236 },
    { 0x202F, 0x2031, 0x237 },
    { 0x2039, 0x203B, 0x23A },
    { 0x203D, 0x203D, 0x23D },
    { 0x203F, 0x2040, 0x23E },
    { 0x2044, 0x2046, 0x240 },
    { 0x2052, 0x2052, 0x243 },
    { 0x2054, 0x2054, 0x244 },
    { 0x205F, 0x205F, 0x245 },
    { 0x20A1, 0x20A1, 0x246 },
    { 0x20A4, 0x20A4, 0x247 },
    { 0x20A6, 0x20A6, 0x248 },
    { 0x20A9, 0x20A9, 0x249 },
    { 0x20AB, 0x20AC, 0x24A },
    { 0x20B2, 0x20B2, 0x24C },
    { 0x2206, 0x2206, 0x24D },
    { 0x221A, 0x221A, 0x24E },
};

static const EpdFontData cmu_14_regular = {
    cmu_14_regularBitmaps,
    cmu_14_regularGlyphs,
    cmu_14_regularIntervals,
    46,
    38,
    28,
    -11,
    true,
};
