/**
 * generated by fontconvert.py
 * name: cmu_12
 * size: 12
 * mode: 1-bit
 */
#pragma once
#include "EpdFontData.h"

static const uint8_t cmu_12Bitmaps[18807] = {
    0xFF, 0xFF, 0xFF, 0xC9, 0x20, 0x3F, 0xE0, 0x67, 0x77, 0x77, 0x67, 0x66, 0x66, 0x66, 0x66, 0x62,
    0x00, 0x00, 0x41, 0x00, 0x18, 0x60, 0x02, 0x08, 0x00, 0x41, 0x00, 0x18, 0x60, 0x03, 0x08, 0x00,
    0x41, 0x00, 0x08, 0x20, 0xFF, 0xFF, 0xE0, 0x41, 0x00, 0x08, 0x20, 0x03, 0x0C, 0x0F, 0xFF, 0xFE,
    0x08, 0x20, 0x01, 0x04, 0x00, 0x61, 0x80, 0x08, 0x20, 0x01, 0x04, 0x00, 0x20, 0x80, 0x0C, 0x30,
    0x01, 0x04, 0x00, 0x00, 0x00, 0x00, 0x0C, 0x07, 0xF1, 0xF7, 0x76, 0x2C, 0xCD, 0x99, 0xBB, 0x03,
    0xE0, 0x7F, 0x07, 0xF0, 0x3F, 0x06, 0x6E, 0xCD, 0xD9, 0xB3, 0x32, 0x66, 0x7F, 0x87, 0xE0, 0x30,
    0x00, 0x3C, 0x01, 0x8E, 0xC0, 0x61, 0x8E, 0x3C, 0x71, 0xFF, 0x0C, 0x30, 0xC1, 0x86, 0x10, 0x30,
    0xC6, 0x07, 0x11, 0x80, 0x76, 0x20, 0x07, 0x8C, 0x00, 0x03, 0x1E, 0x00, 0xC7, 0x60, 0x18, 0xC4,
    0x06, 0x38, 0xC1, 0x86, 0x18, 0x30, 0xC3, 0x0C, 0x1C, 0x63, 0x01, 0x88, 0x60, 0x3B, 0x18, 0x03,
    0xC0, 0x0F, 0x00, 0x07, 0x60, 0x01, 0x88, 0x00, 0x62, 0x00, 0x19, 0x80, 0x06, 0xC0, 0x01, 0xE1,
    0xFC, 0x70, 0x1C, 0x1E, 0x04, 0x0F, 0x83, 0x06, 0x70, 0x83, 0x8E, 0x40, 0xE3, 0xB0, 0x38, 0x78,
    0x0E, 0x0E, 0x0B, 0xCF, 0xEE, 0x3F, 0x1F, 0x00, 0xFF, 0xFF, 0xD2, 0x40, 0x04, 0x18, 0x60, 0x83,
    0x06, 0x18, 0x30, 0x61, 0xC3, 0x06, 0x0C, 0x18, 0x30, 0x60, 0xE0, 0xC1, 0x83, 0x03, 0x06, 0x06,
    0x06, 0x0C, 0x00, 0xC0, 0xC0, 0x81, 0x81, 0x83, 0x03, 0x06, 0x0C, 0x18, 0x30, 0x70, 0xE1, 0xC3,
    0x86, 0x0C, 0x18, 0x30, 0xC1, 0x86, 0x0C, 0x30, 0xC0, 0x00, 0x04, 0x03, 0x00, 0xC3, 0xB3, 0x7F,
    0x87, 0x81, 0xE1, 0xFE, 0xED, 0xC3, 0x00, 0xC0, 0x30, 0x00, 0x80, 0x00, 0x40, 0x00, 0x20, 0x00,
    0x10, 0x00, 0x08, 0x00, 0x04, 0x00, 0x02, 0x01, 0xFF, 0xFF, 0x00, 0x80, 0x00, 0x40, 0x00, 0x20,
    0x00, 0x10, 0x00, 0x08, 0x00, 0x04, 0x00, 0x02, 0x00, 0xEE, 0xE2, 0x22, 0x4C, 0xFE, 0xFF, 0x80,
    0x00, 0x40, 0x08, 0x03, 0x00, 0x40, 0x08, 0x03, 0x00, 0x40, 0x08, 0x03, 0x00, 0x40, 0x18, 0x02,
    0x00, 0x40, 0x18, 0x02, 0x00, 0x40, 0x18, 0x02, 0x00, 0xC0, 0x10, 0x02, 0x00, 0xC0, 0x10, 0x02,
    0x00, 0xC0, 0x00, 0x00, 0x1F, 0x83, 0xDC, 0x30, 0xE7, 0x06, 0x70, 0x66, 0x07, 0x60, 0x76, 0x07,
    0x60, 0x76, 0x07, 0x60, 0x77, 0x07, 0x70, 0x67, 0x06, 0x30, 0xE3, 0xDC, 0x1F, 0x80, 0x0C, 0x1E,
    0x3F, 0x03, 0x81, 0xC0, 0xE0, 0x70, 0x38, 0x1C, 0x0E, 0x07, 0x03, 0x81, 0xC0, 0xE0, 0x70, 0x38,
    0xFF, 0x80, 0x3F, 0x0E, 0xF3, 0x07, 0x70, 0xEE, 0x0F, 0xC3, 0x80, 0x70, 0x0E, 0x03, 0x80, 0x60,
    0x18, 0x06, 0x01, 0x84, 0x60, 0x98, 0x13, 0xFE, 0xFF, 0xC0, 0x3F, 0x0E, 0x71, 0x87, 0x78, 0xE6,
    0x1C, 0x03, 0x80, 0xE0, 0x38, 0x1F, 0x00, 0x70, 0x07, 0x00, 0xFE, 0x1F, 0xC3, 0xF8, 0x77, 0x9E,
    0x3F, 0x00, 0x00, 0x00, 0x0C, 0x01, 0xC0, 0x3C, 0x03, 0xC0, 0x7C, 0x05, 0xC0, 0x9C, 0x19, 0xC1,
    0x1C, 0x21, 0xC6, 0x1C, 0x41, 0xCF, 0xFF, 0x01, 0xC0, 0x1C, 0x01, 0xC0, 0x7F, 0x71, 0x8F, 0xF1,
    0xFC, 0x30, 0x06, 0x00, 0xC0, 0x1F, 0xC3, 0x9C, 0x61, 0xC0, 0x38, 0x03, 0xF0, 0x7E, 0x0D, 0xC3,
    0xB0, 0x73, 0xBC, 0x3F, 0x00, 0x0F, 0x87, 0xB8, 0xC7, 0x38, 0xE6, 0x01, 0xC0, 0x3F, 0xC7, 0xDC,
    0xE1, 0xDC, 0x1B, 0x83, 0xF0, 0x7E, 0x0F, 0xC1, 0x98, 0x73, 0xDC, 0x1F, 0x00, 0x60, 0x07, 0xFE,
    0xFF, 0xEC, 0x0C, 0xC0, 0x88, 0x18, 0x03, 0x00, 0x20, 0x06, 0x00, 0x60, 0x0C, 0x00, 0xC0, 0x1C,
    0x01, 0xC0, 0x1C, 0x01, 0xC0, 0x1C, 0x00, 0x3F, 0x0E, 0x71, 0x03, 0x60, 0x6E, 0x0C, 0xE1, 0x9F,
    0x61, 0xF8, 0x3F, 0x8C, 0xFB, 0x07, 0x60, 0x7C, 0x07, 0x80, 0xF0, 0x33, 0x9C, 0x3F, 0x00, 0x3F,
    0x0F, 0x71, 0x87, 0x70, 0xEE, 0x0D, 0xC1, 0xB8, 0x3F, 0x07, 0xE1, 0xEC, 0x3D, 0xCF, 0x9F, 0x60,
    0x1C, 0x03, 0xB8, 0x67, 0x38, 0x7E, 0x00, 0xFF, 0x80, 0x00, 0xFF, 0x80, 0xEE, 0xE0, 0x00, 0x00,
    0xEE, 0xE2, 0x22, 0x4C, 0x00, 0x00, 0x00, 0x06, 0x00, 0x38, 0x00, 0xE0, 0x03, 0x80, 0x0E, 0x00,
    0x38, 0x00, 0xC0, 0x00, 0xF0, 0x00, 0x1C, 0x00, 0x07, 0x00, 0x01, 0xC0, 0x00, 0x70, 0x00, 0x1C,
    0x00, 0x02, 0x00, 0x00, 0x7F, 0xFF, 0xC0, 0x00, 0x00, 0x00, 0x00, 0x00, 0x07, 0xFF, 0xFC, 0x00,
    0x00, 0xC0, 0x00, 0x70, 0x00, 0x1C, 0x00, 0x07, 0x00, 0x01, 0xC0, 0x00, 0x70, 0x00, 0x1C, 0x00,
    0x07, 0x00, 0x0E, 0x00, 0x78, 0x01, 0xE0, 0x07, 0x80, 0x1C, 0x00, 0x70, 0x00, 0xC0, 0x00, 0x3F,
    0x19, 0xEE, 0x1F, 0x87, 0x01, 0x80, 0xE0, 0x60, 0x10, 0x0C, 0x02, 0x00, 0x80, 0x20, 0x00, 0x00,
    0x01, 0xC0, 0x70, 0x1C, 0x00, 0x07, 0xF0, 0x07, 0x8F, 0x03, 0x80, 0x60, 0xCF, 0x8C, 0x67, 0x31,
    0x13, 0x87, 0x6C, 0xC0, 0xCA, 0x70, 0x32, 0x9C, 0x0C, 0xA7, 0x03, 0x2C, 0xC0, 0xC9, 0x38, 0x72,
    0x67, 0x3D, 0x88, 0xFB, 0xC3, 0x80, 0x00, 0x78, 0x7E, 0x07, 0xFC, 0x00, 0x00, 0xC0, 0x00, 0x38,
    0x00, 0x0E, 0x00, 0x07, 0x80, 0x01, 0xF0, 0x00, 0x5C, 0x00, 0x37, 0x80, 0x08, 0xE0, 0x06, 0x38,
    0x01, 0x87, 0x00, 0x41, 0xC0, 0x3F, 0xF0, 0x0C, 0x0E, 0x02, 0x03, 0x81, 0x80, 0xE0, 0xE0, 0x3C,
    0xFE, 0x1F, 0xC0, 0x7F, 0xFC, 0x0E, 0x0F, 0x07, 0x03, 0xC3, 0x80, 0xE1, 0xC0, 0x70, 0xE0, 0x70,
    0x70, 0xF0, 0x3F, 0xF0, 0x1C, 0x1E, 0x0E, 0x03, 0x87, 0x01, 0xC3, 0x80, 0xF1, 0xC0, 0x78, 0xE0,
    0x38, 0x70, 0x3C, 0x38, 0x3C, 0x7F, 0xFC, 0x00, 0x07, 0xF3, 0x0F, 0x3B, 0x1C, 0x0F, 0x38, 0x07,
    0x70, 0x03, 0x70, 0x03, 0xF0, 0x03, 0xE0, 0x00, 0xE0, 0x00, 0xE0, 0x00, 0xF0, 0x00, 0x70, 0x01,
    0x70, 0x03, 0x38, 0x02, 0x3C, 0x06, 0x0F, 0x1C, 0x07, 0xF8, 0xFF, 0xF8, 0x07, 0x0F, 0x81, 0xC0,
    0x70, 0x70, 0x0E, 0x1C, 0x03, 0x87, 0x00, 0xF1, 0xC0, 0x1C, 0x70, 0x07, 0x1C, 0x01, 0xC7, 0x00,
    0x71, 0xC0, 0x1C, 0x70, 0x0F, 0x1C, 0x03, 0x87, 0x00, 0xE1, 0xC0, 0x70, 0x70, 0xF8, 0xFF, 0xF8,
    0x00, 0xFF, 0xFE, 0x0E, 0x07, 0x07, 0x00, 0xC3, 0x80, 0x61, 0xC0, 0x30, 0xE0, 0x08, 0x70, 0xC0,
    0x38, 0xE0, 0x1F, 0xF0, 0x0E, 0x38, 0x07, 0x0C, 0x03, 0x80, 0x21, 0xC0, 0x18, 0xE0, 0x0C, 0x70,
    0x0C, 0x38, 0x1E, 0xFF, 0xFF, 0x00, 0xFF, 0xFE, 0x1C, 0x1E, 0x1C, 0x06, 0x1C, 0x02, 0x1C, 0x02,
    0x1C, 0x03, 0x1C, 0x20, 0x1C, 0x60, 0x1F, 0xE0, 0x1C, 0x60, 0x1C, 0x20, 0x1C, 0x00, 0x1C, 0x00,
    0x1C, 0x00, 0x1C, 0x00, 0x1C, 0x00, 0xFF, 0x80, 0x07, 0xF3, 0x03, 0xCE, 0xC1, 0xC0, 0xF0, 0xE0,
    0x1C, 0x70, 0x03, 0x1C, 0x00, 0xCF, 0x00, 0x33, 0x80, 0x00, 0xE0, 0x00, 0x38, 0x00, 0x0F, 0x03,
    0xFD, 0xC0, 0x1C, 0x70, 0x07, 0x0E, 0x01, 0xC3, 0xC0, 0x70, 0x3C, 0x7C, 0x07, 0xF8, 0x00, 0xFF,
    0xBF, 0xC7, 0x03, 0xC1, 0xC0, 0x70, 0x70, 0x1C, 0x1C, 0x07, 0x07, 0x01, 0xC1, 0xC0, 0x70, 0x70,
    0x1C, 0x1F, 0xFF, 0x07, 0x01, 0xC1, 0xC0, 0x70, 0x70, 0x1C, 0x1C, 0x07, 0x07, 0x01, 0xC1, 0xC0,
    0x70, 0x70, 0x3C, 0xFF, 0xBF, 0xC0, 0xFF, 0x8E, 0x07, 0x03, 0x81, 0xC0, 0xE0, 0x70, 0x38, 0x1C,
    0x0E, 0x07, 0x03, 0x81, 0xC0, 0xE0, 0x70, 0x38, 0xFF, 0x80, 0x1F, 0xE0, 0x70, 0x0E, 0x01, 0xC0,
    0x38, 0x07, 0x00, 0xE0, 0x1C, 0x03, 0x80, 0x70, 0x0E, 0x01, 0xCE, 0x39, 0xC7, 0x38, 0xE7, 0x38,
    0x7E, 0x00, 0xFF, 0x8F, 0xC3, 0x80, 0xF0, 0x70, 0x18, 0x0E, 0x06, 0x01, 0xC1, 0x80, 0x38, 0x60,
    0x07, 0x18, 0x00, 0xE7, 0x00, 0x1D, 0xF0, 0x03, 0xCE, 0x00, 0x70, 0xE0, 0x0E, 0x0E, 0x01, 0xC1,
    0xE0, 0x38, 0x1C, 0x07, 0x01, 0xC0, 0xE0, 0x3C, 0xFF, 0x8F, 0xE0, 0xFF, 0x80, 0x38, 0x00, 0x70,
    0x00, 0xE0, 0x01, 0xC0, 0x03, 0x80, 0x07, 0x00, 0x0E, 0x00, 0x1C, 0x00, 0x38, 0x00, 0x70, 0x00,
    0xE0, 0x21, 0xC0, 0x63, 0x80, 0xC7, 0x03, 0x8E, 0x1F, 0xFF, 0xFC, 0x7C, 0x00, 0x7C, 0x78, 0x03,
    0xC1, 0xE0, 0x0F, 0x07, 0xC0, 0x7C, 0x1F, 0x01, 0x70, 0x6C, 0x05, 0xC1, 0xB8, 0x37, 0x06, 0xE0,
    0x9C, 0x19, 0xC6, 0x70, 0x67, 0x11, 0xC1, 0x8C, 0x47, 0x06, 0x3B, 0x1C, 0x18, 0xE8, 0x70, 0x61,
    0xE1, 0xC1, 0x87, 0x07, 0x0F, 0x0C, 0x1C, 0x7E, 0x33, 0xFC, 0xFC, 0x0F, 0xC7, 0x81, 0xE1, 0xF0,
    0x30, 0x5C, 0x0C, 0x13, 0x83, 0x04, 0xF0, 0xC1, 0x1C, 0x30, 0x43, 0x8C, 0x10, 0xF3, 0x04, 0x1E,
    0xC1, 0x03, 0xB0, 0x40, 0x7C, 0x10, 0x1F, 0x04, 0x03, 0xC1, 0x80, 0x70, 0xE0, 0x1C, 0xFE, 0x03,
    0x00, 0x07, 0xF0, 0x07, 0xCF, 0x03, 0xC0, 0xE0, 0xE0, 0x1C, 0x70, 0x07, 0x1C, 0x00, 0xEF, 0x00,
    0x3B, 0x80, 0x0E, 0xE0, 0x03, 0xB8, 0x00, 0xEF, 0x00, 0x39, 0xC0, 0x0E, 0x70, 0x07, 0x0E, 0x01,
    0xC3, 0xC0, 0xE0, 0x7C, 0xF0, 0x07, 0xF0, 0x00, 0xFF, 0xF8, 0x1C, 0x3E, 0x1C, 0x0E, 0x1C, 0x07,
    0x1C, 0x07, 0x1C, 0x07, 0x1C, 0x0E, 0x1C, 0x3E, 0x1F, 0xF8, 0x1C, 0x00, 0x1C, 0x00, 0x1C, 0x00,
    0x1C, 0x00, 0x1C, 0x00, 0x1C, 0x00, 0x1C, 0x00, 0x7F, 0x80, 0x07, 0xF0, 0x03, 0xCF, 0x03, 0xC0,
    0xE0, 0xE0, 0x1C, 0x70, 0x07, 0x1C, 0x00, 0xEE, 0x00, 0x3B, 0x80, 0x0E, 0xE0, 0x03, 0xB8, 0x00,
    0xEE, 0x00, 0x39, 0xC0, 0x0E, 0x70, 0x07, 0x1E, 0x79, 0xC3, 0xF7, 0xE0, 0x7C, 0xF0, 0x07, 0xF8,
    0x00, 0x06, 0x20, 0x01, 0xD8, 0x00, 0x7E, 0x00, 0x0F, 0x80, 0x03, 0xC0, 0xFF, 0xF8, 0x03, 0x87,
    0x80, 0x70, 0x38, 0x0E, 0x07, 0x01, 0xC0, 0xF0, 0x38, 0x1C, 0x07, 0x03, 0x80, 0xE1, 0xE0, 0x1F,
    0xF0, 0x03, 0x8F, 0x00, 0x70, 0x70, 0x0E, 0x0E, 0x01, 0xC1, 0xE0, 0x38, 0x3C, 0x07, 0x03, 0x98,
    0xE0, 0x7A, 0x7F, 0x87, 0xC0, 0x3F, 0x27, 0xBE, 0x60, 0xEC, 0x06, 0xE0, 0x2E, 0x02, 0xFC, 0x07,
    0xF8, 0x3F, 0xC0, 0x7E, 0x00, 0xF8, 0x07, 0xC0, 0x7C, 0x07, 0xE0, 0x6F, 0x9E, 0xDF, 0x80, 0x7F,
    0xFF, 0x9C, 0x78, 0xE6, 0x0E, 0x19, 0x03, 0x82, 0x40, 0xE0, 0x90, 0x38, 0x20, 0x0E, 0x00, 0x03,
    0x80, 0x00, 0xE0, 0x00, 0x38, 0x00, 0x0E, 0x00, 0x03, 0x80, 0x00, 0xE0, 0x00, 0x38, 0x00, 0x0E,
    0x00, 0x07, 0x80, 0x0F, 0xFC, 0x00, 0xFF, 0x8F, 0xC7, 0x01, 0xE1, 0xC0, 0x30, 0x70, 0x0C, 0x1C,
    0x03, 0x07, 0x00, 0xC1, 0xC0, 0x30, 0x70, 0x0C, 0x1C, 0x03, 0x07, 0x00, 0xC1, 0xC0, 0x30, 0x70,
    0x0C, 0x1C, 0x02, 0x03, 0x01, 0x80, 0xE0, 0x60, 0x1E, 0x70, 0x03, 0xF8, 0x00, 0xFF, 0x07, 0xE7,
    0x80, 0x70, 0x70, 0x0C, 0x0E, 0x01, 0x80, 0xE0, 0x20, 0x1C, 0x0C, 0x03, 0x81, 0x00, 0x38, 0x60,
    0x07, 0x0C, 0x00, 0x71, 0x00, 0x0E, 0x60, 0x01, 0xC8, 0x00, 0x1F, 0x00, 0x03, 0xE0, 0x00, 0x38,
    0x00, 0x07, 0x00, 0x00, 0xC0, 0x00, 0xFE, 0x7F, 0x8F, 0xCF, 0x07, 0x81, 0xC1, 0xC0, 0xE0, 0x20,
    0x70, 0x38, 0x18, 0x1C, 0x0F, 0x04, 0x03, 0x87, 0xC1, 0x00, 0xE1, 0xF0, 0xC0, 0x38, 0x5E, 0x20,
    0x07, 0x33, 0x88, 0x01, 0xCC, 0xE6, 0x00, 0x72, 0x3D, 0x00, 0x0F, 0x87, 0x40, 0x03, 0xE1, 0xF0,
    0x00, 0xF0, 0x78, 0x00, 0x1C, 0x0E, 0x00, 0x07, 0x03, 0x80, 0x01, 0x80, 0xC0, 0x00, 0x00, 0x00,
    0x00, 0x7F, 0x1F, 0x83, 0xC1, 0xE0, 0x38, 0x30, 0x07, 0x8C, 0x00, 0x71, 0x80, 0x07, 0x60, 0x00,
    0xF8, 0x00, 0x0F, 0x00, 0x00, 0xE0, 0x00, 0x3E, 0x00, 0x05, 0xE0, 0x01, 0x9C, 0x00, 0x61, 0xC0,
    0x18, 0x3C, 0x03, 0x03, 0x81, 0xE0, 0x78, 0xFE, 0x1F, 0xE0, 0xFF, 0x07, 0xE7, 0x80, 0x70, 0x70,
    0x0C, 0x07, 0x03, 0x00, 0xF0, 0x40, 0x0E, 0x18, 0x00, 0xE6, 0x00, 0x1E, 0xC0, 0x01, 0xF0, 0x00,
    0x3C, 0x00, 0x03, 0x80, 0x00, 0x70, 0x00, 0x0E, 0x00, 0x01, 0xC0, 0x00, 0x38, 0x00, 0x07, 0x00,
    0x07, 0xF8, 0x00, 0x7F, 0xFB, 0xC1, 0xF8, 0x1D, 0x81, 0xCC, 0x0E, 0x00, 0xE0, 0x0F, 0x00, 0x70,
    0x07, 0x00, 0x78, 0x03, 0x80, 0x38, 0x13, 0xC0, 0x9C, 0x05, 0xC0, 0x7E, 0x0F, 0xFF, 0xF8, 0xFF,
    0x39, 0xCE, 0x73, 0x9C, 0xE7, 0x39, 0xCE, 0x73, 0x9C, 0xE7, 0x39, 0xCE, 0x73, 0x9C, 0xF8, 0x80,
    0x18, 0x01, 0x00, 0x20, 0x06, 0x00, 0x40, 0x0C, 0x00, 0x80, 0x10, 0x03, 0x00, 0x20, 0x04, 0x00,
    0xC0, 0x08, 0x01, 0x80, 0x10, 0x02, 0x00, 0x60, 0x04, 0x00, 0x80, 0x18, 0x01, 0x00, 0x30, 0x02,
    0x00, 0x40, 0x00, 0xF9, 0xCE, 0x73, 0x9C, 0xE7, 0x39, 0xCE, 0x73, 0x9C, 0xE7, 0x39, 0xCE, 0x73,
    0x9C, 0xE7, 0xF8, 0x0E, 0x03, 0xE0, 0xC7, 0x30, 0x60, 0xFF, 0xFF, 0xE3, 0xC7, 0x86, 0x3F, 0x07,
    0x78, 0xE1, 0x86, 0x18, 0x1F, 0x87, 0xD8, 0xE1, 0x8E, 0x1B, 0xC3, 0xBE, 0x7F, 0x7C, 0xE0, 0xF8,
    0x00, 0xE0, 0x03, 0x80, 0x0E, 0x00, 0x38, 0x00, 0xE0, 0x03, 0xFE, 0x0F, 0xBC, 0x38, 0x30, 0xE0,
    0xE3, 0x83, 0x8E, 0x06, 0x38, 0x38, 0xE0, 0xE3, 0x83, 0x8F, 0xBC, 0x37, 0xE0, 0x1F, 0x87, 0x99,
    0xC3, 0x38, 0x06, 0x00, 0xC0, 0x18, 0x03, 0x80, 0x70, 0x67, 0xB8, 0x7E, 0x00, 0x01, 0xF0, 0x01,
    0xC0, 0x07, 0x00, 0x1C, 0x00, 0x70, 0x01, 0xC1, 0xFF, 0x0F, 0x7C, 0x70, 0x71, 0xC1, 0xC6, 0x07,
    0x18, 0x1C, 0x60, 0x71, 0xC1, 0xC7, 0x07, 0x0E, 0x7C, 0x1F, 0xFC, 0x1F, 0x87, 0x39, 0xC3, 0x30,
    0x7F, 0xFF, 0xC0, 0x38, 0x03, 0x03, 0x70, 0x47, 0xB8, 0x7E, 0x00, 0x0F, 0x8F, 0xC6, 0x07, 0x03,
    0x81, 0xC3, 0xFC, 0x70, 0x38, 0x1C, 0x0E, 0x07, 0x03, 0x81, 0xC0, 0xE0, 0x70, 0xFE, 0x00, 0x1F,
    0x71, 0xDE, 0x1C, 0x70, 0xE3, 0x87, 0x1C, 0x1D, 0xC0, 0xFC, 0x04, 0x00, 0x20, 0x01, 0x80, 0x0F,
    0xF8, 0xE1, 0xEC, 0x03, 0x70, 0x19, 0xE7, 0xC7, 0xF8, 0xF8, 0x00, 0xE0, 0x03, 0x80, 0x0E, 0x00,
    0x38, 0x00, 0xE0, 0x03, 0xBE, 0x0F, 0xB8, 0x3C, 0x70, 0xE1, 0xC3, 0x87, 0x0E, 0x1C, 0x38, 0x70,
    0xE1, 0xC3, 0x87, 0x0E, 0x1C, 0xFF, 0xFC, 0x38, 0x70, 0xE0, 0x00, 0x00, 0x1E, 0x1C, 0x38, 0x70,
    0xE1, 0xC3, 0x87, 0x0E, 0x1C, 0xFE, 0x0C, 0x3C, 0x30, 0x00, 0x00, 0x0F, 0x87, 0x0E, 0x1C, 0x38,
    0x70, 0xE1, 0xC3, 0x87, 0x0E, 0x1C, 0x3F, 0x6F, 0xDF, 0x00, 0xF8, 0x01, 0xC0, 0x0E, 0x00, 0x70,
    0x03, 0x80, 0x1C, 0x00, 0xE7, 0xE7, 0x1C, 0x39, 0x81, 0xD8, 0x0F, 0xC0, 0x7E, 0x03, 0xB8, 0x1C,
    0xE0, 0xE3, 0x87, 0x1E, 0xFE, 0xF8, 0xF8, 0x70, 0xE1, 0xC3, 0x87, 0x0E, 0x1C, 0x38, 0x70, 0xE1,
    0xC3, 0x87, 0x0E, 0x1C, 0xFE, 0xFF, 0xEF, 0xC1, 0xF7, 0xEE, 0x0F, 0x1E, 0x38, 0x70, 0xE1, 0xC3,
    0x87, 0x0E, 0x1C, 0x38, 0x70, 0xE1, 0xC3, 0x87, 0x0E, 0x1C, 0x38, 0x70, 0xE1, 0xC3, 0x87, 0x3F,
    0xFF, 0xFE, 0xFF, 0xE0, 0xFB, 0x83, 0xC7, 0x0E, 0x1C, 0x38, 0x70, 0xE1, 0xC3, 0x87, 0x0E, 0x1C,
    0x38, 0x70, 0xE1, 0xCF, 0xFF, 0xC0, 0x1F, 0x83, 0x9C, 0x70, 0x66, 0x07, 0xE0, 0x7E, 0x07, 0xE0,
    0x76, 0x07, 0x70, 0x63, 0x9E, 0x1F, 0x80, 0xFF, 0xE0, 0xFB, 0xC3, 0x83, 0x8E, 0x0E, 0x38, 0x38,
    0xE0, 0x63, 0x83, 0x8E, 0x0E, 0x38, 0x30, 0xFB, 0xC3, 0xFC, 0x0E, 0x00, 0x38, 0x00, 0xE0, 0x03,
    0x80, 0x3F, 0x80, 0x1F, 0xB0, 0xF7, 0xC7, 0x07, 0x1C, 0x1C, 0x60, 0x71, 0x81, 0xC6, 0x07, 0x1C,
    0x1C, 0x70, 0x70, 0xF7, 0xC1, 0xF7, 0x00, 0x1C, 0x00, 0x70, 0x01, 0xC0, 0x07, 0x00, 0x7F, 0xFF,
    0x8F, 0xE3, 0x80, 0xE0, 0x38, 0x0E, 0x03, 0x80, 0xE0, 0x38, 0x0E, 0x0F, 0xE0, 0x3F, 0xB9, 0xD0,
    0x6C, 0x07, 0xE1, 0xFC, 0x1F, 0x83, 0xC1, 0xF9, 0xF7, 0xC0, 0x18, 0x0C, 0x06, 0x0F, 0x0F, 0xF1,
    0xC0, 0xE0, 0x70, 0x38, 0x1C, 0x0E, 0x67, 0x33, 0x98, 0xF8, 0x7C, 0xF9, 0xF0, 0xE1, 0xC3, 0x87,
    0x0E, 0x1C, 0x38, 0x70, 0xE1, 0xC3, 0x87, 0x0E, 0x1C, 0x38, 0x70, 0x77, 0xC0, 0xFF, 0xC0, 0xFC,
    0xF9, 0xC3, 0x8E, 0x18, 0x30, 0x81, 0xC4, 0x06, 0x60, 0x3A, 0x01, 0xF0, 0x07, 0x00, 0x38, 0x00,
    0xC0, 0xFF, 0xF7, 0xCE, 0x70, 0xE3, 0x8E, 0x30, 0x63, 0x8C, 0x18, 0xE2, 0x07, 0x7D, 0x80, 0xD3,
    0x40, 0x3C, 0xD0, 0x0F, 0x3C, 0x01, 0x86, 0x00, 0x61, 0x80, 0xFC, 0xF9, 0xC7, 0x87, 0x30, 0x1B,
    0x00, 0x70, 0x03, 0x80, 0x1E, 0x01, 0xB8, 0x18, 0xC3, 0xC7, 0xBE, 0x7E, 0xFC, 0xF9, 0xC3, 0x8E,
    0x18, 0x30, 0x81, 0xCC, 0x06, 0x40, 0x3A, 0x00, 0xF0, 0x07, 0x00, 0x38, 0x00, 0x80, 0x0C, 0x00,
    0x40, 0x72, 0x03, 0xF0, 0x0F, 0x00, 0x7F, 0xCE, 0x39, 0x0E, 0x21, 0x80, 0x70, 0x1C, 0x07, 0x01,
    0xC2, 0x30, 0x4E, 0x3B, 0xFF, 0x00, 0x03, 0xC1, 0x80, 0xE0, 0x30, 0x0C, 0x03, 0x00, 0xC0, 0x30,
    0x0C, 0x03, 0x00, 0xC0, 0xE0, 0x78, 0x0F, 0x00, 0xC0, 0x30, 0x0C, 0x03, 0x00, 0xC0, 0x30, 0x0C,
    0x03, 0x80, 0xE0, 0x1C, 0x03, 0xC0, 0x55, 0x55, 0x55, 0x55, 0x55, 0x55, 0x40, 0x78, 0x0F, 0x00,
    0xC0, 0x30, 0x0C, 0x03, 0x00, 0xC0, 0x30, 0x0C, 0x03, 0x80, 0xE0, 0x1C, 0x03, 0xC1, 0xC0, 0xE0,
    0x38, 0x0C, 0x03, 0x00, 0xC0, 0x30, 0x0C, 0x03, 0x00, 0xC0, 0xF0, 0x78, 0x00, 0x7C, 0x25, 0xF6,
    0x83, 0xC0, 0xFF, 0x80, 0x92, 0xDB, 0xFF, 0xFF, 0xFD, 0x00, 0x03, 0x00, 0xFE, 0x3F, 0x77, 0x37,
    0x73, 0x06, 0x30, 0xE3, 0x06, 0x30, 0x73, 0x17, 0x33, 0x3F, 0xE0, 0xFC, 0x03, 0x00, 0x01, 0xF0,
    0x07, 0x70, 0x1C, 0x30, 0x30, 0xE0, 0x61, 0xC0, 0xC0, 0x01, 0x80, 0x03, 0x00, 0x1F, 0xC0, 0x0C,
    0x00, 0x18, 0x00, 0x30, 0x00, 0x60, 0x0F, 0xC0, 0xF3, 0xC1, 0x6F, 0xE6, 0xF9, 0xF8, 0xFF, 0x07,
    0xE7, 0x80, 0x70, 0x70, 0x0C, 0x07, 0x03, 0x00, 0xF0, 0x40, 0x0E, 0x18, 0x0F, 0xFF, 0xE0, 0x1E,
    0xC0, 0x01, 0xF0, 0x00, 0x1C, 0x01, 0xFF, 0xFE, 0x00, 0x70, 0x00, 0x0E, 0x00, 0x01, 0xC0, 0x00,
    0x38, 0x00, 0x07, 0x00, 0x07, 0xF8, 0x00, 0x3E, 0x3B, 0x98, 0xD8, 0x0C, 0x03, 0x01, 0xE0, 0x7C,
    0x7F, 0x33, 0xB0, 0x78, 0x37, 0x13, 0xF8, 0xF8, 0x1E, 0x03, 0x00, 0xC0, 0x6C, 0x67, 0x71, 0xF0,
    0xE7, 0xE7, 0xE7, 0x00, 0xFF, 0x80, 0x00, 0xF8, 0xF8, 0x00, 0x70, 0x03, 0x80, 0x30, 0x00, 0x30,
    0x18, 0x00, 0x06, 0x0C, 0x00, 0x00, 0xC6, 0x03, 0xF6, 0x31, 0x83, 0xCF, 0x86, 0x41, 0xC0, 0xE1,
    0xB0, 0xF0, 0x18, 0x2C, 0x38, 0x06, 0x0F, 0x0E, 0x00, 0x03, 0xC3, 0x80, 0x00, 0xF0, 0xE0, 0x00,
    0x3C, 0x38, 0x06, 0x0F, 0x0F, 0x01, 0x82, 0x41, 0xC0, 0xC1, 0x98, 0x3C, 0xE0, 0x66, 0x07, 0xF0,
    0x30, 0xC0, 0x00, 0x0C, 0x38, 0x00, 0x06, 0x06, 0x00, 0x03, 0x80, 0xE0, 0x01, 0xC0, 0x1C, 0x00,
    0xE0, 0x01, 0xF3, 0xE0, 0x00, 0x1F, 0xE0, 0x00, 0x3C, 0x1B, 0x84, 0x61, 0x1C, 0xE7, 0x19, 0xC3,
    0xF3, 0xFC, 0xE7, 0x3B, 0xDF, 0xFF, 0xFE, 0x00, 0x00, 0xCC, 0x11, 0x06, 0x61, 0x98, 0x66, 0x1D,
    0xC3, 0xB8, 0x33, 0x83, 0x30, 0x33, 0x02, 0x20, 0x66, 0xFF, 0xFE, 0x00, 0x0C, 0x00, 0x18, 0x00,
    0x30, 0x00, 0x60, 0x00, 0xC0, 0x01, 0x00, 0x7D, 0xFF, 0xF8, 0x00, 0xFF, 0x80, 0x00, 0xF8, 0x7C,
    0x00, 0x70, 0x03, 0x80, 0x30, 0x00, 0x30, 0x18, 0x00, 0x06, 0x0C, 0x00, 0x00, 0xC6, 0x00, 0x00,
    0x31, 0x9F, 0xFC, 0x06, 0x41, 0xC7, 0xC1, 0xB0, 0x70, 0x70, 0x2C, 0x1C, 0x1C, 0x0F, 0x07, 0x1F,
    0x03, 0xC1, 0xFF, 0x00, 0xF0, 0x71, 0xC0, 0x3C, 0x1C, 0x38, 0x0F, 0x07, 0x0E, 0x02, 0x41, 0xC3,
    0xC1, 0x98, 0x78, 0xF6, 0x66, 0x7F, 0x9F, 0xB0, 0xC0, 0x00, 0x0C, 0x18, 0x00, 0x06, 0x07, 0x00,
    0x03, 0x00, 0xE0, 0x01, 0xC0, 0x1C, 0x01, 0xC0, 0x01, 0xF3, 0xE0, 0x00, 0x1F, 0xE0, 0x00, 0xFF,
    0xC0, 0x7B, 0xBC, 0xFB, 0x78, 0x00, 0x80, 0x00, 0x60, 0x00, 0x30, 0x00, 0x18, 0x00, 0x0C, 0x00,
    0x06, 0x00, 0x03, 0x00, 0x01, 0x80, 0xFF, 0xFF, 0x80, 0x60, 0x00, 0x30, 0x00, 0x18, 0x00, 0x0C,
    0x00, 0x06, 0x00, 0x03, 0x00, 0x01, 0x80, 0xFF, 0xFF, 0x80, 0x19, 0xDD, 0x80, 0xF9, 0xF0, 0xE1,
    0xC3, 0x87, 0x0E, 0x1C, 0x38, 0x70, 0xE1, 0xC3, 0x87, 0x0E, 0x1C, 0x38, 0x70, 0xF7, 0xC3, 0xFF,
    0xCE, 0x00, 0x38, 0x00, 0xE0, 0x03, 0x80, 0x3F, 0x80, 0x1F, 0xFC, 0xFE, 0xC7, 0xFB, 0x1F, 0xEC,
    0xFF, 0xB3, 0xFE, 0xCF, 0xFB, 0x3F, 0xEC, 0x7F, 0xB0, 0xFE, 0xC1, 0xFB, 0x01, 0xEC, 0x01, 0xB0,
    0x06, 0xC0, 0x1B, 0x00, 0x6C, 0x01, 0xB0, 0x06, 0xC0, 0x1B, 0x00, 0x6C, 0x01, 0xB0, 0x1F, 0xF0,
    0xFF, 0x80, 0x38, 0x38, 0x38, 0xFF, 0xC0, 0x1F, 0x07, 0x71, 0xC7, 0x30, 0x6E, 0x0F, 0xC1, 0xF8,
    0x3B, 0x06, 0x71, 0xC7, 0x70, 0x7C, 0x3F, 0xE0, 0x00, 0x19, 0x81, 0x10, 0x33, 0x03, 0x30, 0x73,
    0x07, 0x70, 0xEE, 0x3B, 0x86, 0x61, 0x98, 0x62, 0x08, 0xC0, 0x1C, 0x07, 0x01, 0xC0, 0x00, 0x00,
    0x00, 0x00, 0x80, 0x20, 0x08, 0x06, 0x01, 0x80, 0xC0, 0x70, 0x38, 0x0E, 0x1F, 0x87, 0x73, 0x9F,
    0xC0, 0x03, 0x80, 0x00, 0xF0, 0x00, 0x06, 0x00, 0x00, 0x00, 0x00, 0xC0, 0x00, 0x38, 0x00, 0x0E,
    0x00, 0x07, 0x80, 0x01, 0xF0, 0x00, 0x5C, 0x00, 0x37, 0x80, 0x08, 0xE0, 0x06, 0x38, 0x01, 0x87,
    0x00, 0x41, 0xC0, 0x3F, 0xF0, 0x0C, 0x0E, 0x02, 0x03, 0x81, 0x80, 0xE0, 0xE0, 0x3C, 0xFE, 0x1F,
    0xC0, 0x00, 0x70, 0x00, 0x78, 0x00, 0x18, 0x00, 0x00, 0x00, 0x00, 0xC0, 0x00, 0x38, 0x00, 0x0E,
    0x00, 0x07, 0x80, 0x01, 0xF0, 0x00, 0x5C, 0x00, 0x37, 0x80, 0x08, 0xE0, 0x06, 0x38, 0x01, 0x87,
    0x00, 0x41, 0xC0, 0x3F, 0xF0, 0x0C, 0x0E, 0x02, 0x03, 0x81, 0x80, 0xE0, 0xE0, 0x3C, 0xFE, 0x1F,
    0xC0, 0x00, 0x40, 0x00, 0x38, 0x00, 0x1B, 0x00, 0x0C, 0x60, 0x02, 0x08, 0x00, 0x00, 0x00, 0x0C,
    0x00, 0x03, 0x80, 0x00, 0xE0, 0x00, 0x78, 0x00, 0x1F, 0x00, 0x05, 0xC0, 0x03, 0x78, 0x00, 0x8E,
    0x00, 0x63, 0x80, 0x18, 0x70, 0x04, 0x1C, 0x03, 0xFF, 0x00, 0xC0, 0xE0, 0x20, 0x38, 0x18, 0x0E,
    0x0E, 0x03, 0xCF, 0xE1, 0xFC, 0x00, 0x00, 0x01, 0xFB, 0x00, 0xCF, 0xC0, 0x00, 0x00, 0x00, 0x00,
    0x00, 0x00, 0x00, 0x0C, 0x00, 0x03, 0x80, 0x00, 0xE0, 0x00, 0x78, 0x00, 0x1F, 0x00, 0x05, 0xC0,
    0x03, 0x78, 0x00, 0x8E, 0x00, 0x63, 0x80, 0x18, 0x70, 0x04, 0x1C, 0x03, 0xFF, 0x00, 0xC0, 0xE0,
    0x20, 0x38, 0x18, 0x0E, 0x0E, 0x03, 0xCF, 0xE1, 0xFC, 0x03, 0x38, 0x01, 0xEE, 0x00, 0x33, 0x80,
    0x00, 0x00, 0x00, 0x00, 0x00, 0x30, 0x00, 0x0E, 0x00, 0x03, 0x80, 0x01, 0xE0, 0x00, 0x7C, 0x00,
    0x17, 0x00, 0x0D, 0xE0, 0x02, 0x38, 0x01, 0x8E, 0x00, 0x61, 0xC0, 0x10, 0x70, 0x0F, 0xFC, 0x03,
    0x03, 0x80, 0x80, 0xE0, 0x60, 0x38, 0x38, 0x0F, 0x3F, 0x87, 0xF0, 0x00, 0xE0, 0x00, 0x6C, 0x00,
    0x11, 0x00, 0x04, 0x40, 0x01, 0xB0, 0x00, 0x38, 0x00, 0x0E, 0x00, 0x03, 0x80, 0x01, 0xE0, 0x00,
    0x7C, 0x00, 0x17, 0x00, 0x0D, 0xC0, 0x02, 0x38, 0x00, 0x8E, 0x00, 0x61, 0x80, 0x10, 0x70, 0x07,
    0xFC, 0x03, 0x03, 0x80, 0x80, 0xE0, 0x60, 0x38, 0x18, 0x07, 0x0E, 0x03, 0xCF, 0xE1, 0xFC, 0x03,
    0xFF, 0xF8, 0x03, 0xE0, 0xE0, 0x0B, 0x81, 0x80, 0x6E, 0x02, 0x01, 0x38, 0x08, 0x04, 0xE0, 0x20,
    0x33, 0x84, 0x00, 0x8E, 0x30, 0x07, 0xFF, 0xC0, 0x18, 0xE3, 0x00, 0x43, 0x84, 0x03, 0x0E, 0x01,
    0x08, 0x38, 0x0C, 0x20, 0xE0, 0x31, 0x83, 0x80, 0xCF, 0x0E, 0x1F, 0xFE, 0xFF, 0xF8, 0x07, 0xF3,
    0x0F, 0xBB, 0x1C, 0x0F, 0x38, 0x07, 0x70, 0x03, 0x70, 0x03, 0xF0, 0x03, 0xE0, 0x00, 0xE0, 0x00,
    0xE0, 0x00, 0xE0, 0x00, 0xF0, 0x01, 0x70, 0x03, 0x70, 0x03, 0x38, 0x06, 0x1E, 0x0C, 0x07, 0xF8,
    0x00, 0xC0, 0x00, 0xF0, 0x00, 0x30, 0x00, 0x70, 0x03, 0xE0, 0x03, 0x80, 0x01, 0xF0, 0x00, 0x38,
    0x00, 0x00, 0x00, 0x00, 0x07, 0xFF, 0xF0, 0x70, 0x38, 0x38, 0x06, 0x1C, 0x03, 0x0E, 0x01, 0x87,
    0x00, 0x43, 0x86, 0x01, 0xC7, 0x00, 0xFF, 0x80, 0x71, 0xC0, 0x38, 0x60, 0x1C, 0x01, 0x0E, 0x00,
    0xC7, 0x00, 0x63, 0x80, 0x61, 0xC0, 0xF7, 0xFF, 0xF8, 0x00, 0x78, 0x00, 0xF0, 0x00, 0x00, 0x00,
    0x00, 0x0F, 0xFF, 0xE0, 0xE0, 0x70, 0x70, 0x0C, 0x38, 0x06, 0x1C, 0x03, 0x0E, 0x00, 0x87, 0x0C,
    0x03, 0x8E, 0x01, 0xFF, 0x00, 0xE3, 0x80, 0x70, 0xC0, 0x38, 0x02, 0x1C, 0x01, 0x8E, 0x00, 0xC7,
    0x00, 0xC3, 0x81, 0xEF, 0xFF, 0xF0, 0x00, 0x80, 0x00, 0xE0, 0x00, 0xD8, 0x00, 0xC6, 0x00, 0x41,
    0x00, 0x00, 0x03, 0xFF, 0xF8, 0x38, 0x1C, 0x1C, 0x03, 0x0E, 0x01, 0x87, 0x00, 0xC3, 0x80, 0x21,
    0xC3, 0x00, 0xE3, 0x80, 0x7F, 0xC0, 0x38, 0xE0, 0x1C, 0x30, 0x0E, 0x00, 0x87, 0x00, 0x63, 0x80,
    0x31, 0xC0, 0x30, 0xE0, 0x7B, 0xFF, 0xFC, 0x07, 0x30, 0x03, 0xBC, 0x01, 0xCC, 0x00, 0x00, 0x00,
    0x00, 0x07, 0xFF, 0xF0, 0x70, 0x38, 0x38, 0x06, 0x1C, 0x03, 0x0E, 0x01, 0x87, 0x00, 0x43, 0x86,
    0x01, 0xC7, 0x00, 0xFF, 0x80, 0x71, 0xC0, 0x38, 0x60, 0x1C, 0x01, 0x0E, 0x00, 0xC7, 0x00, 0x63,
    0x80, 0x61, 0xC0, 0xF7, 0xFF, 0xF8, 0x70, 0x1E, 0x01, 0x00, 0x0F, 0xF8, 0xE0, 0x70, 0x38, 0x1C,
    0x0E, 0x07, 0x03, 0x81, 0xC0, 0xE0, 0x70, 0x38, 0x1C, 0x0E, 0x07, 0x03, 0x8F, 0xF8, 0x0E, 0x1E,
    0x08, 0x00, 0x0F, 0xF8, 0xE0, 0x70, 0x38, 0x1C, 0x0E, 0x07, 0x03, 0x81, 0xC0, 0xE0, 0x70, 0x38,
    0x1C, 0x0E, 0x07, 0x03, 0x8F, 0xF8, 0x08, 0x0E, 0x0D, 0x8C, 0x64, 0x10, 0x03, 0xFE, 0x38, 0x1C,
    0x0E, 0x07, 0x03, 0x81, 0xC0, 0xE0, 0x70, 0x38, 0x1C, 0x0E, 0x07, 0x03, 0x81, 0xC0, 0xE3, 0xFE,
    0x63, 0x7B, 0xD8, 0xC0, 0x00, 0x07, 0xFC, 0x70, 0x38, 0x1C, 0x0E, 0x07, 0x03, 0x81, 0xC0, 0xE0,
    0x70, 0x38, 0x1C, 0x0E, 0x07, 0x03, 0x81, 0xC7, 0xFC, 0xFF, 0xF8, 0x07, 0x0F, 0x81, 0xC0, 0x70,
    0x70, 0x0E, 0x1C, 0x03, 0x87, 0x00, 0xF1, 0xC0, 0x1C, 0x70, 0x07, 0x7F, 0xE1, 0xC7, 0x00, 0x71,
    0xC0, 0x1C, 0x70, 0x0F, 0x1C, 0x03, 0x87, 0x00, 0xE1, 0xC0, 0x70, 0x70, 0xF8, 0xFF, 0xF8, 0x00,
    0x00, 0x00, 0x01, 0xFB, 0x00, 0xCF, 0xC0, 0x00, 0x00, 0x00, 0x00, 0x00, 0x00, 0x0F, 0xC0, 0xFC,
    0x78, 0x1E, 0x1F, 0x03, 0x05, 0xC0, 0xC1, 0x38, 0x30, 0x4F, 0x0C, 0x11, 0xC3, 0x04, 0x38, 0xC1,
    0x0F, 0x30, 0x41, 0xEC, 0x10, 0x3B, 0x04, 0x07, 0xC1, 0x01, 0xF0, 0x40, 0x3C, 0x18, 0x07, 0x0E,
    0x01, 0xCF, 0xE0, 0x30, 0x03, 0x80, 0x00, 0xF8, 0x00, 0x0E, 0x00, 0x00, 0x00, 0x00, 0x00, 0x01,
    0xFC, 0x01, 0xF3, 0xC0, 0xF0, 0x38, 0x38, 0x07, 0x1C, 0x01, 0xC7, 0x00, 0x3B, 0xC0, 0x0E, 0xE0,
    0x03, 0xB8, 0x00, 0xEE, 0x00, 0x3B, 0xC0, 0x0E, 0x70, 0x03, 0x9C, 0x01, 0xC3, 0x80, 0x70, 0xF0,
    0x38, 0x1F, 0x3C, 0x01, 0xFC, 0x00, 0x00, 0x70, 0x00, 0xF0, 0x00, 0x30, 0x00, 0x00, 0x00, 0x07,
    0xF0, 0x07, 0xCF, 0x03, 0xC0, 0xE0, 0xE0, 0x1C, 0x70, 0x07, 0x1C, 0x00, 0xEF, 0x00, 0x3B, 0x80,
    0x0E, 0xE0, 0x03, 0xB8, 0x00, 0xEF, 0x00, 0x39, 0xC0, 0x0E, 0x70, 0x07, 0x0E, 0x01, 0xC3, 0xC0,
    0xE0, 0x7C, 0xF0, 0x07, 0xF0, 0x00, 0x00, 0x80, 0x00, 0x70, 0x00, 0x36, 0x00, 0x18, 0xC0, 0x04,
    0x10, 0x00, 0x00, 0x00, 0x7F, 0x00, 0x7C, 0xF0, 0x3C, 0x0E, 0x0E, 0x01, 0xC7, 0x00, 0x71, 0xC0,
    0x0E, 0xF0, 0x03, 0xB8, 0x00, 0xEE, 0x00, 0x3B, 0x80, 0x0E, 0xF0, 0x03, 0x9C, 0x00, 0xE7, 0x00,
    0x70, 0xE0, 0x1C, 0x3C, 0x0E, 0x07, 0xCF, 0x00, 0x7F, 0x00, 0x07, 0xCC, 0x03, 0x7E, 0x00, 0x00,
    0x00, 0x00, 0x00, 0x00, 0x00, 0x01, 0xFC, 0x01, 0xF3, 0xC0, 0xF0, 0x38, 0x38, 0x07, 0x1C, 0x01,
    0xC7, 0x00, 0x3B, 0xC0, 0x0E, 0xE0, 0x03, 0xB8, 0x00, 0xEE, 0x00, 0x3B, 0xC0, 0x0E, 0x70, 0x03,
    0x9C, 0x01, 0xC3, 0x80, 0x70, 0xF0, 0x38, 0x1F, 0x3C, 0x01, 0xFC, 0x00, 0x07, 0x30, 0x01, 0xDE,
    0x00, 0x73, 0x80, 0x00, 0x00, 0x00, 0x00, 0x01, 0xFC, 0x01, 0xF3, 0xC0, 0xF0, 0x38, 0x38, 0x07,
    0x1C, 0x01, 0xC7, 0x00, 0x3B, 0xC0, 0x0E, 0xE0, 0x03, 0xB8, 0x00, 0xEE, 0x00, 0x3B, 0xC0, 0x0E,
    0x70, 0x03, 0x9C, 0x01, 0xC3, 0x80, 0x70, 0xF0, 0x38, 0x1F, 0x3C, 0x01, 0xFC, 0x00, 0x00, 0x01,
    0x01, 0xFC, 0xC1, 0xF3, 0xE0, 0xE0, 0x38, 0x30, 0x0F, 0x1C, 0x06, 0xC6, 0x03, 0x3B, 0x81, 0x8E,
    0xE0, 0x43, 0xB8, 0x30, 0xEE, 0x18, 0x3B, 0x8C, 0x0E, 0x62, 0x03, 0x9D, 0x00, 0xC3, 0xC0, 0x70,
    0x60, 0x38, 0x1F, 0x3C, 0x09, 0xFC, 0x02, 0x00, 0x00, 0x03, 0x80, 0x00, 0xF8, 0x00, 0x0F, 0x00,
    0x00, 0x00, 0x00, 0x00, 0x3F, 0xE3, 0xF1, 0xC0, 0x78, 0x70, 0x0C, 0x1C, 0x03, 0x07, 0x00, 0xC1,
    0xC0, 0x30, 0x70, 0x0C, 0x1C, 0x03, 0x07, 0x00, 0xC1, 0xC0, 0x30, 0x70, 0x0C, 0x1C, 0x03, 0x07,
    0x00, 0x80, 0xC0, 0x60, 0x38, 0x18, 0x07, 0x9C, 0x00, 0xFE, 0x00, 0x00, 0x38, 0x00, 0x3C, 0x00,
    0x08, 0x00, 0x00, 0x00, 0xFF, 0x8F, 0xC7, 0x01, 0xE1, 0xC0, 0x30, 0x70, 0x0C, 0x1C, 0x03, 0x07,
    0x00, 0xC1, 0xC0, 0x30, 0x70, 0x0C, 0x1C, 0x03, 0x07, 0x00, 0xC1, 0xC0, 0x30, 0x70, 0x0C, 0x1C,
    0x02, 0x03, 0x01, 0x80, 0xE0, 0x60, 0x1E, 0x70, 0x03, 0xF8, 0x00, 0x00, 0x40, 0x00, 0x38, 0x00,
    0x1B, 0x00, 0x0C, 0x60, 0x02, 0x08, 0x00, 0x00, 0x0F, 0xF8, 0xFC, 0x70, 0x1E, 0x1C, 0x03, 0x07,
    0x00, 0xC1, 0xC0, 0x30, 0x70, 0x0C, 0x1C, 0x03, 0x07, 0x00, 0xC1, 0xC0, 0x30, 0x70, 0x0C, 0x1C,
    0x03, 0x07, 0x00, 0xC1, 0xC0, 0x20, 0x30, 0x18, 0x0E, 0x06, 0x01, 0xE7, 0x00, 0x3F, 0x80, 0x03,
    0x38, 0x01, 0xEE, 0x00, 0x33, 0x80, 0x00, 0x00, 0x00, 0x00, 0x3F, 0xE3, 0xF1, 0xC0, 0x78, 0x70,
    0x0C, 0x1C, 0x03, 0x07, 0x00, 0xC1, 0xC0, 0x30, 0x70, 0x0C, 0x1C, 0x03, 0x07, 0x00, 0xC1, 0xC0,
    0x30, 0x70, 0x0C, 0x1C, 0x03, 0x07, 0x00, 0x80, 0xC0, 0x60, 0x38, 0x18, 0x07, 0x9C, 0x00, 0xFE,
    0x00, 0x00, 0x38, 0x00, 0x1E, 0x00, 0x02, 0x00, 0x00, 0x00, 0x0F, 0xF0, 0x7E, 0x78, 0x07, 0x07,
    0x00, 0xC0, 0x70, 0x30, 0x0F, 0x04, 0x00, 0xE1, 0x80, 0x0E, 0x60, 0x01, 0xEC, 0x00, 0x1F, 0x00,
    0x03, 0xC0, 0x00, 0x38, 0x00, 0x07, 0x00, 0x00, 0xE0, 0x00, 0x1C, 0x00, 0x03, 0x80, 0x00, 0x70,
    0x00, 0x7F, 0x80, 0x7F, 0x00, 0x38, 0x00, 0x70, 0x00, 0xFF, 0x81, 0xC7, 0x83, 0x83, 0x87, 0x07,
    0x0E, 0x0F, 0x1C, 0x1E, 0x38, 0x38, 0x70, 0xF0, 0xE3, 0xC1, 0xFF, 0x03, 0x80, 0x07, 0x00, 0x0E,
    0x00, 0x7F, 0x80, 0x1F, 0x81, 0xDC, 0x38, 0xC3, 0x84, 0x38, 0x43, 0x9C, 0xFB, 0x03, 0xA0, 0x3E,
    0x03, 0xF0, 0x3B, 0xC3, 0xBE, 0x38, 0x73, 0xE3, 0x3E, 0x33, 0xF7, 0xFF, 0xE0, 0x00, 0x01, 0x80,
    0x1C, 0x00, 0xE0, 0x03, 0x00, 0x00, 0x3F, 0x07, 0x78, 0xE1, 0x86, 0x18, 0x1F, 0x87, 0xD8, 0xE1,
    0x8E, 0x1B, 0xC3, 0xBE, 0x7F, 0x7C, 0xE0, 0x00, 0x00, 0x70, 0x0F, 0x01, 0xC0, 0x18, 0x00, 0x00,
    0x3F, 0x07, 0x78, 0xE1, 0x86, 0x18, 0x1F, 0x87, 0xD8, 0xE1, 0x8E, 0x1B, 0xC3, 0xBE, 0x7F, 0x7C,
    0xE0, 0x00, 0x01, 0xC0, 0x1E, 0x03, 0x60, 0x63, 0x00, 0x00, 0x3F, 0x07, 0x78, 0xE1, 0x86, 0x18,
    0x1F, 0x87, 0xD8, 0xE1, 0x8E, 0x1B, 0xC3, 0xBE, 0x7F, 0x7C, 0xE0, 0x00, 0x07, 0xD8, 0xDF, 0x00,
    0x00, 0x00, 0x03, 0xF0, 0x77, 0x8E, 0x18, 0x61, 0x81, 0xF8, 0x7D, 0x8E, 0x18, 0xE1, 0xBC, 0x3B,
    0xE7, 0xF7, 0xCE, 0x73, 0x87, 0x38, 0x73, 0x80, 0x00, 0x00, 0x00, 0x00, 0x3F, 0x07, 0x78, 0xE1,
    0x86, 0x18, 0x1F, 0x87, 0xD8, 0xE1, 0x8E, 0x1B, 0xC3, 0xBE, 0x7F, 0x7C, 0xE0, 0x3E, 0x03, 0x60,
    0x36, 0x03, 0xE0, 0x00, 0x00, 0x00, 0x3F, 0x07, 0x78, 0xE1, 0x86, 0x18, 0x1F, 0x87, 0xD8, 0xE1,
    0x8E, 0x1B, 0xC3, 0xBE, 0x7F, 0x7C, 0xE0, 0x00, 0x00, 0x1F, 0x1F, 0x1D, 0xF9, 0xDC, 0x38, 0x66,
    0x18, 0x38, 0xFF, 0xFD, 0xF6, 0x01, 0xC3, 0x00, 0xE1, 0xC1, 0xE0, 0xE0, 0xB9, 0xDD, 0xCF, 0xC7,
    0xC0, 0x1F, 0x87, 0xB9, 0xC3, 0x38, 0x66, 0x01, 0xC0, 0x18, 0x03, 0x80, 0x70, 0x67, 0x18, 0x7E,
    0x03, 0x80, 0x78, 0x03, 0x80, 0xE0, 0xFC, 0x00, 0x01, 0x80, 0x38, 0x03, 0x80, 0x18, 0x00, 0x07,
    0xE1, 0xCE, 0x70, 0xCC, 0x1F, 0xFF, 0xF0, 0x0E, 0x00, 0xC0, 0xDC, 0x11, 0xEE, 0x1F, 0x80, 0x00,
    0x00, 0x60, 0x1C, 0x07, 0x01, 0x80, 0x00, 0x07, 0xE1, 0xCE, 0x70, 0xCC, 0x1F, 0xFF, 0xF0, 0x0E,
    0x00, 0xC0, 0xDC, 0x11, 0xEE, 0x1F, 0x80, 0x00, 0x01, 0xC0, 0x3C, 0x0D, 0x83, 0x18, 0x00, 0x07,
    0xE1, 0xCE, 0x70, 0xCC, 0x1F, 0xFF, 0xF0, 0x0E, 0x00, 0xC0, 0xDC, 0x11, 0xEE, 0x1F, 0x80, 0x31,
    0x8F, 0x78, 0xC6, 0x00, 0x00, 0x00, 0x00, 0x07, 0xE1, 0xCE, 0x70, 0xCC, 0x1F, 0xFF, 0xF0, 0x0E,
    0x00, 0xC0, 0xDC, 0x11, 0xEE, 0x1F, 0x80, 0x00, 0x60, 0x70, 0x38, 0x0C, 0x00, 0x3C, 0x1C, 0x1C,
    0x1C, 0x1C, 0x1C, 0x1C, 0x1C, 0x1C, 0x1C, 0x3F, 0x00, 0x1C, 0x79, 0xC3, 0x00, 0x1E, 0x1C, 0x38,
    0x70, 0xE1, 0xC3, 0x87, 0x0E, 0x1C, 0xFE, 0x00, 0x70, 0xF3, 0x3C, 0x20, 0x1E, 0x1C, 0x38, 0x70,
    0xE1, 0xC3, 0x87, 0x0E, 0x1C, 0xFE, 0xE7, 0x73, 0xB9, 0xC0, 0x00, 0x00, 0x01, 0xE0, 0x30, 0x18,
    0x0C, 0x06, 0x03, 0x01, 0x80, 0xC0, 0x60, 0x38, 0x7E, 0x00, 0x00, 0x07, 0x8C, 0x1F, 0x80, 0xF0,
    0x1B, 0x83, 0x1C, 0x00, 0xE1, 0xFE, 0x39, 0xF7, 0x0F, 0x60, 0x7E, 0x07, 0xE0, 0x7E, 0x07, 0x60,
    0x77, 0x06, 0x39, 0xE1, 0xF8, 0x00, 0x00, 0x3D, 0x81, 0xBC, 0x00, 0x00, 0x00, 0x03, 0xFF, 0x83,
    0xEE, 0x0F, 0x1C, 0x38, 0x70, 0xE1, 0xC3, 0x87, 0x0E, 0x1C, 0x38, 0x70, 0xE1, 0xC3, 0x87, 0x3F,
    0xFF, 0x00, 0x00, 0xC0, 0x0E, 0x00, 0x70, 0x01, 0x80, 0x00, 0x1F, 0x83, 0x9C, 0x70, 0x66, 0x07,
    0xE0, 0x7E, 0x07, 0xE0, 0x76, 0x07, 0x70, 0x63, 0x9E, 0x1F, 0x80, 0x00, 0x00, 0x38, 0x07, 0x80,
    0xE0, 0x08, 0x00, 0x00, 0x1F, 0x83, 0x9C, 0x70, 0x66, 0x07, 0xE0, 0x7E, 0x07, 0xE0, 0x76, 0x07,
    0x70, 0x63, 0x9E, 0x1F, 0x80, 0x00, 0x00, 0x60, 0x0F, 0x01, 0x98, 0x10, 0xC0, 0x00, 0x1F, 0x83,
    0x9C, 0x70, 0x66, 0x07, 0xE0, 0x7E, 0x07, 0xE0, 0x76, 0x07, 0x70, 0x63, 0x9E, 0x1F, 0x80, 0x00,
    0x01, 0xEE, 0x37, 0xC0, 0x00, 0x00, 0x01, 0xF8, 0x39, 0xC7, 0x06, 0x60, 0x7E, 0x07, 0xE0, 0x7E,
    0x07, 0x60, 0x77, 0x06, 0x39, 0xE1, 0xF8, 0x39, 0xC3, 0x9C, 0x39, 0xC0, 0x00, 0x00, 0x00, 0x00,
    0x1F, 0x83, 0x9C, 0x70, 0x66, 0x07, 0xE0, 0x7E, 0x07, 0xE0, 0x76, 0x07, 0x70, 0x63, 0x9E, 0x1F,
    0x80, 0x01, 0xC0, 0x00, 0xF0, 0x00, 0x70, 0x00, 0x00, 0x00, 0x00, 0x00, 0x00, 0x03, 0xFF, 0xFE,
    0x00, 0x00, 0x00, 0x00, 0x00, 0x00, 0x00, 0x00, 0x00, 0x38, 0x00, 0x1E, 0x00, 0x0E, 0x00, 0x00,
    0x20, 0x06, 0x1F, 0xC3, 0x9C, 0x71, 0xE6, 0x16, 0x63, 0x76, 0x27, 0x64, 0x76, 0xC7, 0x78, 0x63,
    0x9C, 0x3F, 0x82, 0x00, 0x60, 0x00, 0x00, 0x00, 0x38, 0x00, 0xF0, 0x00, 0xE0, 0x01, 0x80, 0x00,
    0x0F, 0x9F, 0x0E, 0x1C, 0x38, 0x70, 0xE1, 0xC3, 0x87, 0x0E, 0x1C, 0x38, 0x70, 0xE1, 0xC3, 0x87,
    0x07, 0x7C, 0x0F, 0xFC, 0x00, 0x00, 0x07, 0x00, 0x3C, 0x01, 0xC0, 0x04, 0x00, 0x00, 0x0F, 0x9F,
    0x0E, 0x1C, 0x38, 0x70, 0xE1, 0xC3, 0x87, 0x0E, 0x1C, 0x38, 0x70, 0xE1, 0xC3, 0x87, 0x07, 0x7C,
    0x0F, 0xFC, 0x00, 0x00, 0x0C, 0x00, 0x78, 0x03, 0x30, 0x08, 0x60, 0x00, 0x0F, 0x9F, 0x0E, 0x1C,
    0x38, 0x70, 0xE1, 0xC3, 0x87, 0x0E, 0x1C, 0x38, 0x70, 0xE1, 0xC3, 0x87, 0x07, 0x7C, 0x0F, 0xFC,
    0x1C, 0xE0, 0x73, 0x81, 0xCE, 0x00, 0x00, 0x00, 0x00, 0x00, 0x0F, 0x9F, 0x0E, 0x1C, 0x38, 0x70,
    0xE1, 0xC3, 0x87, 0x0E, 0x1C, 0x38, 0x70, 0xE1, 0xC3, 0x87, 0x07, 0x7C, 0x0F, 0xFC, 0x00, 0x00,
    0x07, 0x00, 0x70, 0x07, 0x00, 0x20, 0x00, 0x03, 0xF3, 0xE7, 0x0E, 0x38, 0x60, 0xC2, 0x07, 0x30,
    0x19, 0x00, 0xE8, 0x03, 0xC0, 0x1C, 0x00, 0xE0, 0x02, 0x00, 0x30, 0x01, 0x01, 0xC8, 0x0F, 0xC0,
    0x3C, 0x00, 0xF8, 0x00, 0xE0, 0x03, 0x80, 0x0E, 0x00, 0x38, 0x00, 0xE0, 0x03, 0xFE, 0x0F, 0xBC,
    0x38, 0x38, 0xE0, 0xE3, 0x83, 0x8E, 0x06, 0x38, 0x38, 0xE0, 0xE3, 0x83, 0x8F, 0xBC, 0x3F, 0xC0,
    0xE0, 0x03, 0x80, 0x0E, 0x00, 0x38, 0x03, 0xF8, 0x00, 0x18, 0xC1, 0xEF, 0x06, 0x30, 0x00, 0x00,
    0x00, 0x00, 0x03, 0xF3, 0xE7, 0x0E, 0x38, 0x60, 0xC2, 0x07, 0x30, 0x19, 0x00, 0xE8, 0x03, 0xC0,
    0x1C, 0x00, 0xE0, 0x02, 0x00, 0x30, 0x01, 0x01, 0xC8, 0x0F, 0xC0, 0x3C, 0x00, 0x0F, 0xFE, 0x00,
    0x00, 0x00, 0x00, 0x00, 0x00, 0x00, 0x00, 0xC0, 0x00, 0x38, 0x00, 0x0E, 0x00, 0x07, 0x80, 0x01,
    0xF0, 0x00, 0x5C, 0x00, 0x37, 0x80, 0x08, 0xE0, 0x06, 0x38, 0x01, 0x87, 0x00, 0x41, 0xC0, 0x3F,
    0xF0, 0x0C, 0x0E, 0x02, 0x03, 0x81, 0x80, 0xE0, 0xE0, 0x3C, 0xFE, 0x1F, 0xC0, 0xFF, 0x80, 0x00,
    0x00, 0x00, 0x00, 0x3F, 0x07, 0x78, 0xE1, 0x86, 0x18, 0x1F, 0x87, 0xD8, 0xE1, 0x8E, 0x1B, 0xC3,
    0xBE, 0x7F, 0x7C, 0xE0, 0x06, 0x08, 0x00, 0xCE, 0x00, 0x1F, 0x00, 0x00, 0x00, 0x00, 0x00, 0x00,
    0x30, 0x00, 0x0E, 0x00, 0x03, 0x80, 0x01, 0xE0, 0x00, 0x7C, 0x00, 0x17, 0x00, 0x0D, 0xE0, 0x02,
    0x38, 0x01, 0x8E, 0x00, 0x61, 0xC0, 0x10, 0x70, 0x0F, 0xFC, 0x03, 0x03, 0x80, 0x80, 0xE0, 0x60,
    0x38, 0x38, 0x0F, 0x3F, 0x87, 0xF0, 0x60, 0x83, 0x38, 0x1F, 0x00, 0x00, 0x00, 0x03, 0xF0, 0x77,
    0x8E, 0x18, 0x61, 0x81, 0xF8, 0x7D, 0x8E, 0x18, 0xE1, 0xBC, 0x3B, 0xE7, 0xF7, 0xCE, 0x00, 0xC0,
    0x00, 0x38, 0x00, 0x0E, 0x00, 0x07, 0x80, 0x01, 0xF0, 0x00, 0x5C, 0x00, 0x37, 0x80, 0x08, 0xE0,
    0x02, 0x38, 0x01, 0x87, 0x00, 0x41, 0xC0, 0x3F, 0xF0, 0x0C, 0x0E, 0x02, 0x03, 0x81, 0x80, 0xF0,
    0xE0, 0x3C, 0xFE, 0x1F, 0xC0, 0x01, 0x80, 0x00, 0x40, 0x00, 0x30, 0x00, 0x0E, 0xC0, 0x01, 0xE0,
    0x3E, 0x07, 0x78, 0xE1, 0x86, 0x18, 0x1F, 0x87, 0xD8, 0xE1, 0x8E, 0x1B, 0xC3, 0xBE, 0x7F, 0x7D,
    0xE0, 0x18, 0x03, 0x00, 0x30, 0x03, 0xB0, 0x1E, 0x00, 0x70, 0x01, 0xE0, 0x01, 0x00, 0x00, 0x00,
    0x07, 0xF3, 0x0F, 0x3B, 0x1C, 0x0F, 0x38, 0x07, 0x70, 0x03, 0x70, 0x03, 0xF0, 0x03, 0xE0, 0x00,
    0xE0, 0x00, 0xE0, 0x00, 0xF0, 0x00, 0x70, 0x01, 0x70, 0x03, 0x38, 0x02, 0x3C, 0x06, 0x0F, 0x1C,
    0x07, 0xF8, 0x00, 0x00, 0x30, 0x0E, 0x03, 0x80, 0xC0, 0x00, 0x07, 0xE1, 0xE6, 0x70, 0xCE, 0x01,
    0x80, 0x30, 0x06, 0x00, 0xE0, 0x1C, 0x19, 0xEE, 0x1F, 0x80, 0x00, 0x40, 0x00, 0xE0, 0x01, 0xF0,
    0x03, 0x30, 0x02, 0x00, 0x00, 0x00, 0x07, 0xF3, 0x0F, 0x3B, 0x1C, 0x0F, 0x38, 0x07, 0x70, 0x03,
    0x70, 0x03, 0xF0, 0x03, 0xE0, 0x00, 0xE0, 0x00, 0xE0, 0x00, 0xF0, 0x00, 0x70, 0x01, 0x70, 0x03,
    0x38, 0x02, 0x3C, 0x06, 0x0F, 0x1C, 0x07, 0xF8, 0x00, 0x00, 0xC0, 0x3C, 0x0C, 0xC1, 0x0C, 0x00,
    0x07, 0xE1, 0xE6, 0x70, 0xCE, 0x01, 0x80, 0x30, 0x06, 0x00, 0xE0, 0x1C, 0x19, 0xEE, 0x1F, 0x80,
    0x00, 0xC0, 0x01, 0xE0, 0x00, 0xC0, 0x00, 0x00, 0x00, 0x00, 0x07, 0xF3, 0x0F, 0x3B, 0x1C, 0x0F,
    0x38, 0x07, 0x70, 0x03, 0x70, 0x03, 0xF0, 0x03, 0xE0, 0x00, 0xE0, 0x00, 0xE0, 0x00, 0xF0, 0x00,
    0x70, 0x01, 0x70, 0x03, 0x38, 0x02, 0x3C, 0x06, 0x0F, 0x1C, 0x07, 0xF8, 0x07, 0x00, 0xE0, 0x1C,
    0x00, 0x00, 0x00, 0x00, 0x07, 0xE1, 0xE6, 0x70, 0xCE, 0x01, 0x80, 0x30, 0x06, 0x00, 0xE0, 0x1C,
    0x19, 0xEE, 0x1F, 0x80, 0x06, 0x18, 0x03, 0xB0, 0x00, 0xE0, 0x00, 0x00, 0x00, 0x00, 0x00, 0x00,
    0x07, 0xF3, 0x0F, 0x3B, 0x1C, 0x0F, 0x38, 0x07, 0x70, 0x03, 0x70, 0x03, 0xF0, 0x03, 0xE0, 0x00,
    0xE0, 0x00, 0xE0, 0x00, 0xF0, 0x00, 0x70, 0x01, 0x70, 0x03, 0x38, 0x02, 0x3C, 0x06, 0x0F, 0x1C,
    0x07, 0xF8, 0x00, 0x06, 0x18, 0x7E, 0x07, 0x80, 0x60, 0x00, 0x07, 0xE1, 0xE6, 0x70, 0xCE, 0x01,
    0x80, 0x30, 0x06, 0x00, 0xE0, 0x1C, 0x19, 0xEE, 0x1F, 0x80, 0x0C, 0x30, 0x01, 0xD8, 0x00, 0x1C,
    0x00, 0x00, 0x00, 0x00, 0x00, 0x00, 0x00, 0x0F, 0xFF, 0x80, 0x70, 0xF8, 0x1C, 0x07, 0x07, 0x00,
    0xE1, 0xC0, 0x38, 0x70, 0x0F, 0x1C, 0x01, 0xC7, 0x00, 0x71, 0xC0, 0x1C, 0x70, 0x07, 0x1C, 0x01,
    0xC7, 0x00, 0xF1, 0xC0, 0x38, 0x70, 0x0E, 0x1C, 0x07, 0x07, 0x0F, 0x8F, 0xFF, 0x80, 0x00, 0x0E,
    0x01, 0xFF, 0x00, 0x7F, 0x00, 0x72, 0x00, 0x76, 0x00, 0x74, 0x00, 0x70, 0x1F, 0xF0, 0x3D, 0xF0,
    0x70, 0x70, 0x70, 0x70, 0x60, 0x70, 0x60, 0x70, 0x60, 0x70, 0x70, 0x70, 0x70, 0x70, 0x39, 0xF0,
    0x1F, 0xFC, 0xFF, 0xF8, 0x07, 0x0F, 0x81, 0xC0, 0x70, 0x70, 0x0E, 0x1C, 0x03, 0x87, 0x00, 0xF1,
    0xC0, 0x1C, 0x70, 0x07, 0x7F, 0xE1, 0xC7, 0x00, 0x71, 0xC0, 0x1C, 0x70, 0x0F, 0x1C, 0x03, 0x87,
    0x00, 0xE1, 0xC0, 0x70, 0x70, 0xF8, 0xFF, 0xF8, 0x00, 0x01, 0xF0, 0x01, 0xC0, 0x07, 0x03, 0xFE,
    0x00, 0x70, 0x01, 0xC1, 0xFF, 0x0F, 0x7C, 0x70, 0x71, 0xC1, 0xC6, 0x07, 0x38, 0x1C, 0x60, 0x71,
    0xC1, 0xC7, 0x07, 0x0E, 0x7C, 0x1F, 0xFC, 0x1F, 0xFC, 0x00, 0x00, 0x00, 0x00, 0x00, 0x00, 0x0F,
    0xFF, 0xE0, 0xE0, 0x70, 0x70, 0x0C, 0x38, 0x06, 0x1C, 0x03, 0x0E, 0x00, 0x87, 0x0C, 0x03, 0x8E,
    0x01, 0xFF, 0x00, 0xE3, 0x80, 0x70, 0xC0, 0x38, 0x02, 0x1C, 0x01, 0x8E, 0x00, 0xC7, 0x00, 0xC3,
    0x81, 0xEF, 0xFF, 0xF0, 0x7F, 0xE0, 0x00, 0x00, 0x00, 0x01, 0xF8, 0x73, 0x9C, 0x33, 0x07, 0xFF,
    0xFC, 0x03, 0x80, 0x30, 0x37, 0x04, 0x7B, 0x87, 0xE0, 0x01, 0xC0, 0x00, 0xE0, 0x00, 0x70, 0x00,
    0x00, 0x00, 0x00, 0x07, 0xFF, 0xF0, 0x70, 0x38, 0x38, 0x06, 0x1C, 0x03, 0x0E, 0x01, 0x87, 0x00,
    0x43, 0x86, 0x01, 0xC7, 0x00, 0xFF, 0x80, 0x71, 0xC0, 0x38, 0x60, 0x1C, 0x01, 0x0E, 0x00, 0xC7,
    0x00, 0x63, 0x80, 0x61, 0xC0, 0xF7, 0xFF, 0xF8, 0x06, 0x01, 0xE0, 0x18, 0x00, 0x00, 0x00, 0x00,
    0x07, 0xE1, 0xCE, 0x70, 0xCC, 0x1F, 0xFF, 0xF0, 0x0E, 0x00, 0xC0, 0xDC, 0x11, 0xEE, 0x1F, 0x80,
    0xFF, 0xFE, 0x0E, 0x07, 0x07, 0x00, 0xC3, 0x80, 0x61, 0xC0, 0x30, 0xE0, 0x08, 0x70, 0xC0, 0x38,
    0xE0, 0x1F, 0xF0, 0x0E, 0x38, 0x07, 0x0C, 0x03, 0x80, 0x31, 0xC0, 0x10, 0xE0, 0x08, 0x70, 0x0C,
    0x38, 0x1E, 0xFF, 0xFF, 0x00, 0x0C, 0x00, 0x0C, 0x00, 0x06, 0x00, 0x03, 0xB0, 0x00, 0xF0, 0x1F,
    0x87, 0x39, 0xC3, 0x30, 0x7F, 0xFF, 0xC0, 0x38, 0x03, 0x00, 0x70, 0x67, 0x38, 0x7E, 0x01, 0x80,
    0x60, 0x0C, 0x41, 0xD8, 0x1E, 0x0C, 0x30, 0x03, 0xF0, 0x00, 0x70, 0x00, 0x00, 0x00, 0x00, 0x00,
    0x00, 0x03, 0xFF, 0xF8, 0x38, 0x1C, 0x1C, 0x03, 0x0E, 0x01, 0x87, 0x00, 0xC3, 0x80, 0x21, 0xC3,
    0x00, 0xE3, 0x80, 0x7F, 0xC0, 0x38, 0xE0, 0x1C, 0x30, 0x0E, 0x00, 0x87, 0x00, 0x63, 0x80, 0x31,
    0xC0, 0x30, 0xE0, 0x7B, 0xFF, 0xFC, 0x00, 0x06, 0x18, 0x7E, 0x07, 0x80, 0x60, 0x00, 0x07, 0xE1,
    0xCE, 0x70, 0xCC, 0x1F, 0xFF, 0xF0, 0x0E, 0x00, 0xC0, 0xDC, 0x11, 0xEE, 0x1F, 0x80, 0x00, 0x40,
    0x00, 0x38, 0x00, 0x1F, 0x00, 0x0C, 0xC0, 0x02, 0x00, 0x00, 0x00, 0x00, 0x7F, 0x30, 0x3C, 0xEC,
    0x1C, 0x0F, 0x0E, 0x01, 0xC7, 0x00, 0x31, 0xC0, 0x0C, 0xF0, 0x03, 0x38, 0x00, 0x0E, 0x00, 0x03,
    0x80, 0x00, 0xF0, 0x3F, 0xDC, 0x01, 0xC7, 0x00, 0x70, 0xE0, 0x1C, 0x3C, 0x07, 0x03, 0xC7, 0xC0,
    0x7F, 0x80, 0x00, 0x00, 0x70, 0x03, 0xC0, 0x36, 0x03, 0x18, 0x00, 0x00, 0x7D, 0xC7, 0x78, 0x71,
    0xC3, 0x8E, 0x1C, 0x70, 0x77, 0x03, 0xF0, 0x10, 0x00, 0x80, 0x06, 0x00, 0x3F, 0xE3, 0x87, 0xB0,
    0x0D, 0xC0, 0x67, 0x9F, 0x1F, 0xE0, 0x06, 0x08, 0x01, 0xCE, 0x00, 0x3F, 0x00, 0x00, 0x00, 0x00,
    0x00, 0x01, 0xFE, 0xC0, 0xF9, 0xF0, 0xF0, 0x1C, 0x38, 0x03, 0x1C, 0x00, 0x07, 0x00, 0x03, 0xC0,
    0x00, 0xE0, 0x00, 0x38, 0x00, 0x0E, 0x00, 0x03, 0xC0, 0xFF, 0x70, 0x07, 0x1C, 0x01, 0xC3, 0x80,
    0x70, 0xF0, 0x1C, 0x0F, 0x1F, 0x01, 0xFE, 0x00, 0x30, 0x40, 0xCE, 0x03, 0xE0, 0x00, 0x00, 0x00,
    0x0F, 0xB8, 0xEF, 0x0E, 0x38, 0x71, 0xC3, 0x8E, 0x0E, 0xE0, 0x7E, 0x02, 0x00, 0x10, 0x00, 0xC0,
    0x07, 0xFC, 0x70, 0xF6, 0x01, 0xB8, 0x0C, 0xF3, 0xE3, 0xFC, 0x00, 0x00, 0xC0, 0x00, 0x78, 0x00,
    0x0C, 0x00, 0x00, 0x00, 0x00, 0x00, 0x01, 0xFC, 0xC0, 0xF3, 0xB0, 0x70, 0x3C, 0x38, 0x07, 0x1C,
    0x00, 0xC7, 0x00, 0x33, 0xC0, 0x0C, 0xE0, 0x00, 0x38, 0x00, 0x0E, 0x00, 0x03, 0xC0, 0xFF, 0x70,
    0x07, 0x1C, 0x01, 0xC3, 0x80, 0x70, 0xF0, 0x1C, 0x0F, 0x1F, 0x01, 0xFE, 0x00, 0x0E, 0x00, 0x70,
    0x03, 0x80, 0x00, 0x00, 0x00, 0x00, 0x00, 0x7D, 0xC7, 0x78, 0x71, 0xC3, 0x8E, 0x1C, 0x70, 0x77,
    0x03, 0xF0, 0x10, 0x00, 0x80, 0x06, 0x00, 0x3F, 0xE3, 0x87, 0xB0, 0x0D, 0xC0, 0x67, 0x9F, 0x1F,
    0xE0, 0x07, 0xF3, 0x03, 0xCE, 0xC1, 0xC0, 0xF0, 0xE0, 0x1C, 0x70, 0x03, 0x1C, 0x00, 0xCF, 0x00,
    0x33, 0x80, 0x00, 0xE0, 0x00, 0x38, 0x00, 0x0F, 0x03, 0xFD, 0xC0, 0x1C, 0x70, 0x07, 0x0E, 0x01,
    0xC3, 0xC0, 0x70, 0x3C, 0x7C, 0x07, 0xF8, 0x00, 0x00, 0x00, 0x00, 0x00, 0x00, 0x00, 0x00, 0xE0,
    0x00, 0x18, 0x00, 0x04, 0x00, 0x01, 0x00, 0x00, 0x00, 0x00, 0x00, 0x00, 0x30, 0x03, 0x00, 0x10,
    0x00, 0xE0, 0x07, 0x00, 0x38, 0x00, 0x00, 0x1F, 0x71, 0xDE, 0x1C, 0x70, 0xE3, 0x87, 0x1C, 0x1D,
    0xC0, 0xFC, 0x04, 0x00, 0x20, 0x01, 0x80, 0x0F, 0xF8, 0xE1, 0xEC, 0x03, 0x70, 0x19, 0xE7, 0xC7,
    0xF8, 0x00, 0x40, 0x00, 0x38, 0x00, 0x1B, 0x00, 0x0C, 0x60, 0x02, 0x08, 0x00, 0x00, 0x0F, 0xFB,
    0xFC, 0x70, 0x3C, 0x1C, 0x07, 0x07, 0x01, 0xC1, 0xC0, 0x70, 0x70, 0x1C, 0x1C, 0x07, 0x07, 0x01,
    0xC1, 0xFF, 0xF0, 0x70, 0x1C, 0x1C, 0x07, 0x07, 0x01, 0xC1, 0xC0, 0x70, 0x70, 0x1C, 0x1C, 0x07,
    0x07, 0x03, 0xCF, 0xFB, 0xFC, 0x00, 0x00, 0x0C, 0x00, 0x78, 0x03, 0x30, 0x08, 0x60, 0x00, 0x0F,
    0x80, 0x0E, 0x00, 0x38, 0x00, 0xE0, 0x03, 0x80, 0x0E, 0x00, 0x3B, 0xE0, 0xFB, 0x83, 0xC7, 0x0E,
    0x1C, 0x38, 0x70, 0xE1, 0xC3, 0x87, 0x0E, 0x1C, 0x38, 0x70, 0xE1, 0xCF, 0xFF, 0xC0, 0xFF, 0xBF,
    0xC7, 0x03, 0xC1, 0xC0, 0x71, 0xFF, 0xFF, 0x1C, 0x07, 0x07, 0x01, 0xC1, 0xC0, 0x70, 0x70, 0x1C,
    0x1F, 0xFF, 0x07, 0x01, 0xC1, 0xC0, 0x70, 0x70, 0x1C, 0x1C, 0x07, 0x07, 0x01, 0xC1, 0xC0, 0x70,
    0x70, 0x3C, 0xFF, 0xBF, 0xC0, 0x78, 0x00, 0x30, 0x00, 0x60, 0x07, 0xFC, 0x01, 0x80, 0x03, 0x00,
    0x06, 0xF8, 0x0F, 0xB8, 0x1C, 0x30, 0x38, 0x60, 0x70, 0xC0, 0xE1, 0x81, 0xC3, 0x03, 0x86, 0x07,
    0x0C, 0x0E, 0x1C, 0x7E, 0xFC, 0x7F, 0xC0, 0x00, 0x01, 0xFF, 0x0E, 0x03, 0x80, 0xE0, 0x38, 0x0E,
    0x03, 0x80, 0xE0, 0x38, 0x0E, 0x03, 0x80, 0xE0, 0x38, 0x0E, 0x03, 0x80, 0xE1, 0xFF, 0xFF, 0x80,
    0x00, 0x00, 0x00, 0x3C, 0x07, 0x01, 0xC0, 0x70, 0x1C, 0x07, 0x01, 0xC0, 0x70, 0x1C, 0x07, 0x07,
    0xF0, 0xFF, 0x8E, 0x07, 0x03, 0x81, 0xC0, 0xE0, 0x70, 0x38, 0x1C, 0x0E, 0x07, 0x03, 0x81, 0xC0,
    0xE0, 0x70, 0x38, 0xFF, 0x8C, 0x0C, 0x06, 0x03, 0xB0, 0xF0, 0x38, 0x70, 0xE0, 0x00, 0x00, 0x1E,
    0x1C, 0x38, 0x70, 0xE1, 0xC3, 0x87, 0x0E, 0x1C, 0xFE, 0x61, 0x83, 0x07, 0x67, 0x80, 0x1C, 0x0E,
    0x07, 0x00, 0x00, 0x07, 0xFC, 0x70, 0x38, 0x1C, 0x0E, 0x07, 0x03, 0x81, 0xC0, 0xE0, 0x70, 0x38,
    0x1C, 0x0E, 0x07, 0x03, 0x81, 0xC7, 0xFC, 0x78, 0x70, 0xE1, 0xC3, 0x87, 0x0E, 0x1C, 0x38, 0x73,
    0xF8, 0x01, 0x00, 0x70, 0x1B, 0x06, 0x30, 0x82, 0x00, 0x07, 0xF8, 0x1C, 0x03, 0x80, 0x70, 0x0E,
    0x01, 0xC0, 0x38, 0x07, 0x00, 0xE0, 0x1C, 0x03, 0x80, 0x73, 0x8E, 0x71, 0xCE, 0x39, 0xCE, 0x1F,
    0x80, 0x00, 0x07, 0x07, 0x83, 0x62, 0x18, 0x00, 0xF8, 0x1C, 0x0E, 0x07, 0x03, 0x81, 0xC0, 0xE0,
    0x70, 0x38, 0x1C, 0x0E, 0x07, 0x03, 0x9D, 0x8F, 0xC7, 0xC0, 0xFF, 0x8F, 0xC3, 0x80, 0xF0, 0x70,
    0x18, 0x0E, 0x06, 0x01, 0xC1, 0x80, 0x38, 0x60, 0x07, 0x18, 0x00, 0xE7, 0x00, 0x1D, 0xF0, 0x03,
    0xCE, 0x00, 0x70, 0xE0, 0x0E, 0x0E, 0x01, 0xC1, 0xE0, 0x38, 0x1C, 0x07, 0x01, 0xC0, 0xE0, 0x3C,
    0xFF, 0x8F, 0xE0, 0x00, 0x00, 0x00, 0x00, 0x00, 0x00, 0x00, 0x06, 0x00, 0x00, 0x40, 0x00, 0x08,
    0x00, 0x03, 0x00, 0x00, 0x40, 0x00, 0xF8, 0x01, 0xC0, 0x0E, 0x00, 0x70, 0x03, 0x80, 0x1C, 0x00,
    0xE7, 0xE7, 0x1C, 0x39, 0x81, 0xD8, 0x0F, 0xC0, 0x7E, 0x03, 0xB8, 0x1C, 0xE0, 0xE3, 0x87, 0x1E,
    0xFE, 0xF8, 0x00, 0x00, 0x00, 0x00, 0x00, 0x30, 0x00, 0x80, 0x04, 0x00, 0x60, 0x02, 0x00, 0x0E,
    0x00, 0x78, 0x00, 0x80, 0x00, 0x00, 0x0F, 0xF8, 0x03, 0x80, 0x07, 0x00, 0x0E, 0x00, 0x1C, 0x00,
    0x38, 0x00, 0x70, 0x00, 0xE0, 0x01, 0xC0, 0x03, 0x80, 0x07, 0x00, 0x0E, 0x02, 0x1C, 0x06, 0x38,
    0x0C, 0x70, 0x38, 0xE1, 0xFF, 0xFF, 0xC0, 0x0F, 0x3C, 0x30, 0x00, 0xF8, 0x38, 0x38, 0x38, 0x38,
    0x38, 0x38, 0x38, 0x38, 0x38, 0x38, 0x38, 0x38, 0x38, 0x38, 0x38, 0xFE, 0xFF, 0x80, 0x38, 0x00,
    0x70, 0x00, 0xE0, 0x01, 0xC0, 0x03, 0x80, 0x07, 0x00, 0x0E, 0x00, 0x1C, 0x00, 0x38, 0x00, 0x70,
    0x00, 0xE0, 0x21, 0xC0, 0x63, 0x80, 0xC7, 0x03, 0x8E, 0x1F, 0xFF, 0xFC, 0x00, 0x00, 0x00, 0x00,
    0x00, 0x00, 0x1C, 0x00, 0x08, 0x00, 0x10, 0x00, 0x40, 0x00, 0x80, 0xF8, 0x70, 0xE1, 0xC3, 0x87,
    0x0E, 0x1C, 0x38, 0x70, 0xE1, 0xC3, 0x87, 0x0E, 0x1C, 0xFE, 0x00, 0x00, 0x01, 0x81, 0x02, 0x08,
    0x10, 0x00, 0x38, 0x00, 0x70, 0x00, 0xF7, 0xFC, 0x61, 0xC0, 0x83, 0x83, 0x07, 0x04, 0x0E, 0x00,
    0x1C, 0x00, 0x38, 0x00, 0x70, 0x00, 0xE0, 0x01, 0xC0, 0x03, 0x80, 0x07, 0x01, 0x0E, 0x03, 0x1C,
    0x06, 0x38, 0x1C, 0x70, 0xFF, 0xFF, 0xE0, 0x07, 0x7F, 0xCE, 0xE7, 0x33, 0x91, 0xD0, 0xE0, 0x70,
    0x38, 0x1C, 0x0E, 0x07, 0x03, 0x81, 0xC0, 0xE0, 0x70, 0x38, 0x7F, 0x00, 0xFF, 0x80, 0x38, 0x00,
    0x70, 0x00, 0xE0, 0x01, 0xC0, 0x03, 0x80, 0x07, 0x1C, 0x0E, 0x38, 0x1C, 0x70, 0x38, 0x00, 0x70,
    0x00, 0xE0, 0x21, 0xC0, 0x63, 0x80, 0xC7, 0x03, 0x8E, 0x1F, 0xFF, 0xFC, 0xF8, 0x1C, 0x0E, 0x07,
    0x03, 0x81, 0xC0, 0xE0, 0x70, 0x38, 0x1C, 0x0E, 0xE7, 0x73, 0xB9, 0xC0, 0xE0, 0x70, 0xFE, 0x00,
    0xFF, 0x80, 0x38, 0x00, 0x70, 0x00, 0xE0, 0x01, 0xCC, 0x03, 0xB0, 0x07, 0xC0, 0x0F, 0x00, 0x1C,
    0x00, 0x78, 0x01, 0xF0, 0x00, 0xE0, 0x21, 0xC0, 0x63, 0x80, 0xC7, 0x03, 0x8E, 0x1F, 0xFF, 0xFC,
    0xF8, 0x70, 0xE1, 0xC3, 0x87, 0x8F, 0x1C, 0x39, 0xF1, 0xE1, 0xC3, 0x87, 0x0E, 0x1C, 0xFC, 0x00,
    0x70, 0x00, 0x78, 0x00, 0x10, 0x00, 0x00, 0x00, 0xFC, 0x0F, 0xC7, 0x81, 0xE1, 0xF0, 0x30, 0x5C,
    0x0C, 0x13, 0x83, 0x04, 0xF0, 0xC1, 0x1C, 0x30, 0x43, 0x8C, 0x10, 0xF3, 0x04, 0x1E, 0xC1, 0x03,
    0xB0, 0x40, 0x7C, 0x10, 0x1F, 0x04, 0x03, 0xC1, 0x80, 0x70, 0xE0, 0x1C, 0xFE, 0x03, 0x00, 0x00,
    0x00, 0x03, 0x00, 0x1C, 0x00, 0xE0, 0x06, 0x00, 0x00, 0x0F, 0xFE, 0x0F, 0xB8, 0x3C, 0x70, 0xE1,
    0xC3, 0x87, 0x0E, 0x1C, 0x38, 0x70, 0xE1, 0xC3, 0x87, 0x0E, 0x1C, 0xFF, 0xFC, 0xFC, 0x0F, 0xC7,
    0x81, 0xE1, 0xF0, 0x30, 0x5C, 0x0C, 0x13, 0x83, 0x04, 0xF0, 0xC1, 0x1C, 0x30, 0x43, 0x8C, 0x10,
    0xF3, 0x04, 0x1E, 0xC1, 0x03, 0xB0, 0x40, 0x7C, 0x10, 0x1F, 0x04, 0x03, 0xC1, 0x80, 0x70, 0xE0,
    0x1C, 0xFE, 0x03, 0x00, 0x00, 0x00, 0x00, 0x00, 0x00, 0x00, 0x00, 0x60, 0x00, 0x08, 0x00, 0x02,
    0x00, 0x01, 0x80, 0x00, 0x40, 0x00, 0xFF, 0xE0, 0xFB, 0x83, 0xC7, 0x0E, 0x1C, 0x38, 0x70, 0xE1,
    0xC3, 0x87, 0x0E, 0x1C, 0x38, 0x70, 0xE1, 0xCF, 0xFF, 0xC0, 0x00, 0x00, 0x00, 0x00, 0x00, 0x38,
    0x00, 0x20, 0x01, 0x00, 0x04, 0x00, 0x00, 0x00, 0x06, 0x18, 0x00, 0x6C, 0x00, 0x0E, 0x00, 0x00,
    0x00, 0x00, 0x00, 0x00, 0x00, 0x0F, 0xC0, 0xFC, 0x78, 0x1E, 0x1F, 0x03, 0x05, 0xC0, 0xC1, 0x38,
    0x30, 0x4F, 0x0C, 0x11, 0xC3, 0x04, 0x38, 0xC1, 0x0F, 0x30, 0x41, 0xEC, 0x10, 0x3B, 0x04, 0x07,
    0xC1, 0x01, 0xF0, 0x40, 0x3C, 0x18, 0x07, 0x0E, 0x01, 0xCF, 0xE0, 0x30, 0x00, 0x00, 0xC3, 0x01,
    0xF8, 0x03, 0xC0, 0x06, 0x00, 0x00, 0x0F, 0xFE, 0x0F, 0xB8, 0x3C, 0x70, 0xE1, 0xC3, 0x87, 0x0E,
    0x1C, 0x38, 0x70, 0xE1, 0xC3, 0x87, 0x0E, 0x1C, 0xFF, 0xFC, 0x03, 0xFE, 0x01, 0xFE, 0x00, 0x00,
    0x00, 0x00, 0x00, 0x07, 0xF0, 0x07, 0xCF, 0x03, 0xC0, 0xE0, 0xE0, 0x1C, 0x70, 0x07, 0x1C, 0x00,
    0xEF, 0x00, 0x3B, 0x80, 0x0E, 0xE0, 0x03, 0xB8, 0x00, 0xEF, 0x00, 0x39, 0xC0, 0x0E, 0x70, 0x07,
    0x0E, 0x01, 0xC3, 0xC0, 0xE0, 0x7C, 0xF0, 0x07, 0xF0, 0x00, 0x00, 0x00, 0x19, 0x81, 0xDC, 0x1D,
    0xC1, 0x98, 0x00, 0x00, 0x7E, 0x07, 0x38, 0x70, 0x63, 0x03, 0xB8, 0x1D, 0xC0, 0xEE, 0x07, 0x30,
    0x39, 0xC1, 0x87, 0x3C, 0x1F, 0x80, 0x07, 0xFF, 0xFE, 0x0F, 0x3C, 0x1E, 0x1C, 0x1C, 0x06, 0x38,
    0x1C, 0x02, 0x78, 0x1C, 0x02, 0x70, 0x1C, 0x02, 0x70, 0x1C, 0x10, 0xF0, 0x1C, 0x30, 0xF0, 0x1F,
    0xF0, 0xF0, 0x1C, 0x30, 0x70, 0x1C, 0x10, 0x70, 0x1C, 0x03, 0x78, 0x1C, 0x03, 0x38, 0x1C, 0x03,
    0x3C, 0x1C, 0x07, 0x0F, 0x3C, 0x1E, 0x07, 0xFF, 0xFE, 0x00, 0x00, 0x03, 0xF1, 0xF0, 0xE7, 0x77,
    0x38, 0x78, 0x76, 0x07, 0x07, 0xC0, 0xFF, 0xF8, 0x1C, 0x07, 0x03, 0x80, 0x60, 0x70, 0x0E, 0x1F,
    0x0C, 0xE7, 0x73, 0x0F, 0xC7, 0xE0, 0x00, 0x70, 0x00, 0x3C, 0x00, 0x04, 0x00, 0x00, 0x00, 0x0F,
    0xFF, 0x80, 0x38, 0x78, 0x07, 0x03, 0x80, 0xE0, 0x70, 0x1C, 0x0F, 0x03, 0x81, 0xC0, 0x70, 0x38,
    0x0E, 0x1E, 0x01, 0xFF, 0x00, 0x38, 0xF0, 0x07, 0x07, 0x00, 0xE0, 0xE0, 0x1C, 0x1C, 0x03, 0x83,
    0xC0, 0x70, 0x79, 0x8E, 0x07, 0x27, 0xF8, 0x7C, 0x00, 0x00, 0xE0, 0x70, 0x38, 0x18, 0x00, 0x0F,
    0xF8, 0xFE, 0x38, 0x0E, 0x03, 0x80, 0xE0, 0x38, 0x0E, 0x03, 0x80, 0xE0, 0xFE, 0x00, 0x0C, 0x30,
    0x00, 0xFC, 0x00, 0x07, 0x00, 0x00, 0x00, 0x00, 0x00, 0x00, 0x00, 0x00, 0x3F, 0xFE, 0x00, 0xE1,
    0xE0, 0x1C, 0x0E, 0x03, 0x81, 0xC0, 0x70, 0x3C, 0x0E, 0x07, 0x01, 0xC0, 0xE0, 0x38, 0x78, 0x07,
    0xFC, 0x00, 0xE3, 0xC0, 0x1C, 0x1C, 0x03, 0x83, 0x80, 0x70, 0x70, 0x0E, 0x0F, 0x01, 0xC1, 0xE6,
    0x38, 0x1C, 0x9F, 0xE1, 0xF0, 0x00, 0x18, 0x63, 0xB0, 0x78, 0x0C, 0x00, 0x0F, 0xF8, 0xFE, 0x38,
    0x0E, 0x03, 0x80, 0xE0, 0x38, 0x0E, 0x03, 0x80, 0xE0, 0xFE, 0x00, 0x07, 0x81, 0xE0, 0x18, 0x00,
    0x00, 0x3F, 0x27, 0xBE, 0x60, 0xEC, 0x06, 0xE0, 0x2E, 0x02, 0xFC, 0x07, 0xF8, 0x3F, 0xC0, 0x7E,
    0x00, 0xF8, 0x07, 0xC0, 0x7C, 0x07, 0xE0, 0x6F, 0x9E, 0xDF, 0x80, 0x00, 0x00, 0xC0, 0x70, 0x38,
    0x18, 0x00, 0x03, 0xF9, 0xCE, 0x61, 0x9C, 0x67, 0xE0, 0xFE, 0x47, 0xB0, 0x6E, 0x1B, 0xCE, 0xDF,
    0x00, 0x04, 0x00, 0xE0, 0x1B, 0x03, 0x18, 0x20, 0x80, 0x00, 0x3F, 0x27, 0xBE, 0x60, 0xEC, 0x06,
    0xE0, 0x2E, 0x02, 0xFC, 0x07, 0xF8, 0x3F, 0xC0, 0x7E, 0x00, 0xF8, 0x07, 0xC0, 0x7C, 0x07, 0xE0,
    0x6F, 0x9E, 0xDF, 0x80, 0x00, 0x06, 0x07, 0x86, 0x66, 0x10, 0x00, 0xFE, 0xE7, 0x41, 0xB0, 0x1F,
    0x87, 0xF0, 0x7E, 0x0F, 0x07, 0xE7, 0xDF, 0x00, 0x3F, 0x27, 0xBE, 0x60, 0xEC, 0x06, 0xE0, 0x6E,
    0x02, 0xFC, 0x07, 0xF8, 0x3F, 0xC0, 0x7E, 0x00, 0xF8, 0x07, 0x80, 0x7C, 0x07, 0xE0, 0x6F, 0x0E,
    0xDF, 0x80, 0x70, 0x03, 0x80, 0x1C, 0x03, 0xC1, 0xF8, 0x3F, 0x9C, 0xE4, 0x19, 0xC6, 0x7E, 0x0F,
    0xC0, 0x7B, 0x06, 0xC1, 0xB8, 0x6F, 0xF0, 0x30, 0x0F, 0x00, 0xC0, 0xF0, 0xF8, 0x30, 0xC1, 0xF8,
    0x0F, 0x00, 0x00, 0x00, 0x00, 0x00, 0x3F, 0x27, 0xBE, 0x60, 0xEC, 0x06, 0xE0, 0x2E, 0x02, 0xFC,
    0x07, 0xF8, 0x3F, 0xC0, 0x7E, 0x00, 0xF8, 0x07, 0xC0, 0x7C, 0x07, 0xE0, 0x6F, 0x9E, 0xDF, 0x80,
    0x00, 0x30, 0xCD, 0xC3, 0xC0, 0xC0, 0x00, 0xFE, 0xE7, 0x41, 0xB0, 0xDF, 0x87, 0xE4, 0x7E, 0x0F,
    0x87, 0xE7, 0xDF, 0x00, 0x7F, 0xFF, 0x9C, 0x78, 0xE6, 0x1E, 0x19, 0x07, 0x82, 0x41, 0xE0, 0x90,
    0x78, 0x20, 0x1E, 0x00, 0x07, 0x80, 0x01, 0xE0, 0x00, 0x78, 0x00, 0x1E, 0x00, 0x07, 0x80, 0x01,
    0xE0, 0x00, 0x78, 0x00, 0x0E, 0x00, 0x07, 0x80, 0x0F, 0xFC, 0x00, 0x30, 0x00, 0x0F, 0x00, 0x00,
    0xC0, 0x00, 0xF0, 0x00, 0xF8, 0x00, 0x18, 0x0C, 0x06, 0x0F, 0x0F, 0xF1, 0xC0, 0xE0, 0x70, 0x38,
    0x1C, 0x0E, 0x67, 0x33, 0x98, 0xC8, 0x7C, 0x0C, 0x07, 0x80, 0xC1, 0xE3, 0xE0, 0x06, 0x18, 0x00,
    0xFC, 0x00, 0x1E, 0x00, 0x00, 0x00, 0x00, 0x00, 0x00, 0x00, 0x07, 0xFF, 0xF9, 0xC7, 0x8E, 0x60,
    0xE1, 0x90, 0x38, 0x24, 0x0E, 0x09, 0x03, 0x82, 0x00, 0xE0, 0x00, 0x38, 0x00, 0x0E, 0x00, 0x03,
    0x80, 0x00, 0xE0, 0x00, 0x38, 0x00, 0x0E, 0x00, 0x03, 0x80, 0x00, 0xE0, 0x00, 0x78, 0x00, 0xFF,
    0xC0, 0x01, 0x80, 0xF0, 0x1C, 0x63, 0x18, 0x86, 0x47, 0x83, 0xFC, 0x38, 0x0E, 0x03, 0x80, 0xE0,
    0x38, 0x0E, 0x63, 0x98, 0xE6, 0x1B, 0x07, 0xC0, 0x0F, 0xFE, 0x00, 0x00, 0x00, 0x00, 0x00, 0x00,
    0x00, 0xFF, 0x8F, 0xC7, 0x01, 0xE1, 0xC0, 0x30, 0x70, 0x0C, 0x1C, 0x03, 0x07, 0x00, 0xC1, 0xC0,
    0x30, 0x70, 0x0C, 0x1C, 0x03, 0x07, 0x00, 0xC1, 0xC0, 0x30, 0x70, 0x0C, 0x1C, 0x02, 0x03, 0x01,
    0x80, 0xE0, 0x60, 0x1E, 0x70, 0x03, 0xF8, 0x00, 0x3F, 0xF0, 0x00, 0x00, 0x00, 0x00, 0x00, 0xF9,
    0xF0, 0xE1, 0xC3, 0x87, 0x0E, 0x1C, 0x38, 0x70, 0xE1, 0xC3, 0x87, 0x0E, 0x1C, 0x38, 0x70, 0x77,
    0xC0, 0xFF, 0xC0, 0x06, 0x08, 0x00, 0xCE, 0x00, 0x1F, 0x00, 0x00, 0x00, 0x00, 0x00, 0x3F, 0xE3,
    0xF1, 0xC0, 0x78, 0x70, 0x0C, 0x1C, 0x03, 0x07, 0x00, 0xC1, 0xC0, 0x30, 0x70, 0x0C, 0x1C, 0x03,
    0x07, 0x00, 0xC1, 0xC0, 0x30, 0x70, 0x0C, 0x1C, 0x03, 0x07, 0x00, 0x80, 0xC0, 0x60, 0x38, 0x18,
    0x07, 0x9C, 0x00, 0xFE, 0x00, 0x10, 0x20, 0x73, 0x80, 0xFC, 0x00, 0x00, 0x00, 0x03, 0xE7, 0xC3,
    0x87, 0x0E, 0x1C, 0x38, 0x70, 0xE1, 0xC3, 0x87, 0x0E, 0x1C, 0x38, 0x70, 0xE1, 0xC1, 0xDF, 0x03,
    0xFF, 0x00, 0xF0, 0x00, 0x26, 0x00, 0x19, 0x80, 0x02, 0x60, 0x00, 0xF0, 0x00, 0x00, 0x0F, 0xF8,
    0xFC, 0x70, 0x1E, 0x1C, 0x03, 0x07, 0x00, 0xC1, 0xC0, 0x30, 0x70, 0x0C, 0x1C, 0x03, 0x07, 0x00,
    0xC1, 0xC0, 0x30, 0x70, 0x0C, 0x1C, 0x03, 0x07, 0x00, 0xC1, 0xC0, 0x20, 0x30, 0x18, 0x0E, 0x06,
    0x01, 0xE7, 0x00, 0x3F, 0x80, 0x07, 0x80, 0x33, 0x00, 0xCC, 0x01, 0xE0, 0x00, 0x00, 0x00, 0x0F,
    0x9F, 0x0E, 0x1C, 0x38, 0x70, 0xE1, 0xC3, 0x87, 0x0E, 0x1C, 0x38, 0x70, 0xE1, 0xC3, 0x87, 0x07,
    0x7C, 0x0F, 0xFC, 0x01, 0xFF, 0x00, 0xFF, 0x00, 0x00, 0x00, 0x00, 0x00, 0xFF, 0x8F, 0xC7, 0x01,
    0xE1, 0xC0, 0x30, 0x70, 0x0C, 0x1C, 0x03, 0x07, 0x00, 0xC1, 0xC0, 0x30, 0x70, 0x0C, 0x1C, 0x03,
    0x07, 0x00, 0xC1, 0xC0, 0x30, 0x70, 0x0C, 0x1C, 0x02, 0x03, 0x01, 0x80, 0xE0, 0x60, 0x1E, 0x70,
    0x03, 0xF8, 0x00, 0x00, 0x00, 0x0E, 0x60, 0x7B, 0x83, 0x9C, 0x0C, 0xC0, 0x00, 0x0F, 0x9F, 0x0E,
    0x1C, 0x38, 0x70, 0xE1, 0xC3, 0x87, 0x0E, 0x1C, 0x38, 0x70, 0xE1, 0xC3, 0x87, 0x07, 0x7C, 0x0F,
    0xFC, 0xFF, 0x8F, 0xC7, 0x01, 0xE1, 0xC0, 0x30, 0x70, 0x0C, 0x1C, 0x03, 0x07, 0x00, 0xC1, 0xC0,
    0x30, 0x70, 0x0C, 0x1C, 0x03, 0x07, 0x00, 0xC1, 0xC0, 0x30, 0x70, 0x0C, 0x1C, 0x02, 0x03, 0x01,
    0x80, 0xE0, 0x60, 0x1E, 0x70, 0x03, 0xF8, 0x00, 0x60, 0x00, 0x18, 0x00, 0x06, 0x00, 0x01, 0xD8,
    0x00, 0x3C, 0x00, 0xF9, 0xF0, 0xE1, 0xC3, 0x87, 0x0E, 0x1C, 0x38, 0x70, 0xE1, 0xC3, 0x87, 0x0E,
    0x1C, 0x38, 0x70, 0x77, 0xC0, 0xFF, 0xC0, 0x1C, 0x00, 0xC0, 0x03, 0x00, 0x0E, 0xC0, 0x1E, 0x03,
    0x38, 0x00, 0xF7, 0x00, 0x0C, 0xE0, 0x00, 0x00, 0x00, 0x00, 0x01, 0xFE, 0x0F, 0xCF, 0x00, 0xE0,
    0xE0, 0x18, 0x0E, 0x06, 0x01, 0xE0, 0x80, 0x1C, 0x30, 0x01, 0xCC, 0x00, 0x3D, 0x80, 0x03, 0xE0,
    0x00, 0x78, 0x00, 0x07, 0x00, 0x00, 0xE0, 0x00, 0x1C, 0x00, 0x03, 0x80, 0x00, 0x70, 0x00, 0x0E,
    0x00, 0x0F, 0xF0, 0x00, 0x01, 0xC0, 0x38, 0x01, 0x00, 0x00, 0x07, 0xFF, 0xBC, 0x1F, 0x81, 0xD8,
    0x1C, 0xC0, 0xE0, 0x0E, 0x00, 0xF0, 0x07, 0x00, 0x70, 0x07, 0x80, 0x38, 0x03, 0x81, 0x3C, 0x09,
    0xC0, 0x5C, 0x07, 0xE0, 0xFF, 0xFF, 0x80, 0x00, 0x00, 0x70, 0x1E, 0x07, 0x00, 0xC0, 0x00, 0x1F,
    0xF3, 0x8E, 0x43, 0x88, 0x60, 0x1C, 0x07, 0x01, 0xC0, 0x70, 0x8C, 0x13, 0x8E, 0xFF, 0xC0, 0x03,
    0x80, 0x1C, 0x00, 0xE0, 0x00, 0x00, 0x00, 0x3F, 0xFD, 0xE0, 0xFC, 0x0E, 0xC0, 0xE6, 0x07, 0x00,
    0x70, 0x07, 0x80, 0x38, 0x03, 0x80, 0x3C, 0x01, 0xC0, 0x1C, 0x09, 0xE0, 0x4E, 0x02, 0xE0, 0x3F,
    0x07, 0xFF, 0xFC, 0x0E, 0x01, 0xE0, 0x38, 0x00, 0x00, 0x00, 0x00, 0x1F, 0xF3, 0x8E, 0x43, 0x88,
    0x60, 0x1C, 0x07, 0x01, 0xC0, 0x70, 0x8C, 0x13, 0x8E, 0xFF, 0xC0, 0x30, 0xC0, 0x6C, 0x01, 0xC0,
    0x00, 0x00, 0x00, 0x00, 0x01, 0xFF, 0xEF, 0x07, 0xE0, 0x76, 0x07, 0x30, 0x38, 0x03, 0x80, 0x3C,
    0x01, 0xC0, 0x1C, 0x01, 0xE0, 0x0E, 0x00, 0xE0, 0x4F, 0x02, 0x70, 0x17, 0x01, 0xF8, 0x3F, 0xFF,
    0xE0, 0x00, 0x0C, 0x30, 0xEC, 0x0F, 0x00, 0xC0, 0x00, 0x1F, 0xF3, 0x8E, 0x43, 0x88, 0x60, 0x1C,
    0x07, 0x01, 0xC0, 0x70, 0x8C, 0x13, 0x8E, 0xFF, 0xC0, 0x03, 0x80, 0x00, 0xF0, 0x00, 0x08, 0x00,
    0x00, 0x0F, 0xFF, 0xE0, 0xE0, 0x70, 0x70, 0x0C, 0x38, 0x06, 0x1C, 0x03, 0x0E, 0x00, 0x87, 0x0C,
    0x03, 0x8E, 0x01, 0xFF, 0x00, 0xE3, 0x80, 0x70, 0xC0, 0x38, 0x03, 0x1C, 0x01, 0x0E, 0x00, 0x87,
    0x00, 0xC3, 0x81, 0xEF, 0xFF, 0xF0, 0x07, 0x30, 0x03, 0xBC, 0x01, 0xCC, 0x00, 0x00, 0x00, 0x00,
    0x07, 0xFF, 0xF0, 0x70, 0x38, 0x38, 0x06, 0x1C, 0x03, 0x0E, 0x01, 0x87, 0x00, 0x43, 0x86, 0x01,
    0xC7, 0x00, 0xFF, 0x80, 0x71, 0xC0, 0x38, 0x60, 0x1C, 0x01, 0x8E, 0x00, 0x87, 0x00, 0x43, 0x80,
    0x61, 0xC0, 0xF7, 0xFF, 0xF8, 0x7F, 0xFF, 0x83, 0x8F, 0x1C, 0x18, 0x78, 0x20, 0x83, 0xC1, 0x04,
    0x1E, 0x00, 0x20, 0xF0, 0x00, 0x07, 0xBF, 0x80, 0x3F, 0x9E, 0x01, 0xF0, 0x70, 0x0F, 0x01, 0x80,
    0x78, 0x0C, 0x03, 0x80, 0x60, 0x1E, 0x03, 0x00, 0xF7, 0x38, 0x07, 0xB9, 0xC0, 0x3D, 0xDC, 0x0F,
    0xF7, 0xC0, 0x00, 0x70, 0x03, 0xC0, 0x04, 0x00, 0x00, 0x0F, 0xFF, 0xC3, 0x83, 0x87, 0x01, 0x8E,
    0x03, 0x1C, 0x06, 0x38, 0x04, 0x70, 0x00, 0xE0, 0x01, 0xC0, 0x03, 0x80, 0x07, 0x00, 0x0E, 0x00,
    0x1C, 0x00, 0x38, 0x00, 0x70, 0x00, 0xF0, 0x0F, 0xF8, 0x00, 0x07, 0xF3, 0x0F, 0x3F, 0x1C, 0x07,
    0x38, 0x03, 0x70, 0x03, 0x70, 0x03, 0xF0, 0x00, 0xE0, 0x00, 0xFF, 0xCC, 0xE3, 0xF8, 0xF0, 0x00,
    0xF0, 0x00, 0x70, 0x01, 0x78, 0x03, 0x3C, 0x06, 0x1F, 0x1C, 0x07, 0xF8, 0x3F, 0x27, 0xBE, 0x60,
    0xEC, 0x06, 0xE0, 0x2E, 0x02, 0xFC, 0x07, 0xF8, 0x3F, 0xC0, 0x7E, 0x00, 0xF8, 0x07, 0xC0, 0x7C,
    0x07, 0xE0, 0x6F, 0x9E, 0xDF, 0x80, 0xFF, 0x8E, 0x07, 0x03, 0x81, 0xC0, 0xE0, 0x70, 0x38, 0x1C,
    0x0E, 0x07, 0x03, 0x81, 0xC0, 0xE0, 0x70, 0x38, 0xFF, 0x80, 0x63, 0x7B, 0xD8, 0xC0, 0x00, 0x07,
    0xFC, 0x70, 0x38, 0x1C, 0x0E, 0x07, 0x03, 0x81, 0xC0, 0xE0, 0x70, 0x38, 0x1C, 0x0E, 0x07, 0x03,
    0x81, 0xC7, 0xFC, 0x1F, 0xE0, 0x70, 0x0E, 0x01, 0xC0, 0x38, 0x07, 0x00, 0xE0, 0x1C, 0x03, 0x80,
    0x70, 0x0E, 0x01, 0xCE, 0x39, 0xC7, 0x38, 0xE7, 0x38, 0x7E, 0x00, 0x0F, 0xFF, 0xE0, 0x00, 0xC1,
    0xE0, 0x00, 0x10, 0x70, 0x00, 0x04, 0x1C, 0x00, 0x01, 0x07, 0x00, 0x00, 0xC1, 0xC0, 0x00, 0x30,
    0x70, 0x00, 0x0C, 0x1F, 0xF8, 0x03, 0x07, 0x8F, 0x80, 0xC1, 0xC0, 0xE0, 0x20, 0x70, 0x3C, 0x08,
    0x1C, 0x07, 0x02, 0x07, 0x01, 0xDD, 0x81, 0xC0, 0xFF, 0x40, 0x70, 0x39, 0xF0, 0x1E, 0x3E, 0x78,
    0x1F, 0xFF, 0x00, 0xFF, 0x9F, 0xE0, 0x07, 0x01, 0xE0, 0x01, 0xC0, 0x70, 0x00, 0x70, 0x1C, 0x00,
    0x1C, 0x07, 0x00, 0x07, 0x01, 0xC0, 0x01, 0xC0, 0x70, 0x00, 0x70, 0x1C, 0x00, 0x1F, 0xFF, 0xFF,
    0x07, 0x01, 0xC3, 0xE1, 0xC0, 0x70, 0x3C, 0x70, 0x1C, 0x07, 0x1C, 0x07, 0x01, 0xC7, 0x01, 0xC0,
    0x71, 0xC0, 0x70, 0x38, 0x70, 0x1E, 0x1E, 0xFF, 0x9F, 0xFF, 0x00, 0x7F, 0xFF, 0x0E, 0x70, 0xE1,
    0x8E, 0x0C, 0x21, 0xC0, 0x84, 0x38, 0x00, 0x87, 0x00, 0x00, 0xEF, 0x80, 0x1F, 0xB8, 0x03, 0xC3,
    0x80, 0x70, 0x70, 0x0E, 0x0E, 0x01, 0xC1, 0xC0, 0x38, 0x38, 0x07, 0x07, 0x00, 0xE0, 0xE0, 0x1C,
    0x1C, 0x0F, 0xEF, 0xE0, 0x00, 0x3C, 0x00, 0x1F, 0x00, 0x01, 0x00, 0x00, 0x00, 0x0F, 0xF8, 0xFC,
    0x38, 0x0F, 0x07, 0x01, 0x80, 0xE0, 0x60, 0x1C, 0x18, 0x03, 0x86, 0x00, 0x71, 0x80, 0x0E, 0x70,
    0x01, 0xFF, 0x00, 0x3C, 0xE0, 0x07, 0x0E, 0x00, 0xE0, 0xE0, 0x1C, 0x1E, 0x03, 0x81, 0xC0, 0x70,
    0x1C, 0x0E, 0x03, 0xCF, 0xF8, 0xFE, 0x01, 0xC0, 0x00, 0x1E, 0x00, 0x00, 0x40, 0x00, 0x00, 0x0F,
    0xF9, 0xFE, 0x38, 0x0F, 0x07, 0x01, 0xC0, 0xE0, 0x78, 0x1C, 0x0F, 0x03, 0x83, 0xE0, 0x70, 0xDC,
    0x0E, 0x13, 0x81, 0xC6, 0x70, 0x39, 0x8E, 0x07, 0x21, 0xC0, 0xE8, 0x38, 0x1F, 0x07, 0x03, 0xC0,
    0xE0, 0x70, 0x1C, 0x0E, 0x03, 0xCF, 0xF9, 0xFE, 0x01, 0x9C, 0x00, 0x73, 0x80, 0x0E, 0x70, 0x00,
    0xFC, 0x00, 0x00, 0x01, 0xFE, 0x0F, 0xCF, 0x00, 0xE0, 0xE0, 0x18, 0x0E, 0x03, 0x01, 0xE0, 0x40,
    0x1C, 0x18, 0x01, 0xC3, 0x00, 0x3C, 0x40, 0x03, 0x98, 0x00, 0x3A, 0x00, 0x07, 0xC0, 0x00, 0x78,
    0x03, 0x86, 0x00, 0x70, 0xC0, 0x0E, 0x30, 0x00, 0xCE, 0x00, 0x1F, 0x00, 0x00, 0xFF, 0x9F, 0xE3,
    0x80, 0xF0, 0x70, 0x1C, 0x0E, 0x03, 0x81, 0xC0, 0x70, 0x38, 0x0E, 0x07, 0x01, 0xC0, 0xE0, 0x38,
    0x1C, 0x07, 0x03, 0x80, 0xE0, 0x70, 0x1C, 0x0E, 0x03, 0x81, 0xC0, 0x70, 0x38, 0x0E, 0x07, 0x01,
    0xC0, 0xE0, 0x3C, 0xFF, 0xFF, 0xE0, 0x1C, 0x00, 0x01, 0x80, 0x00, 0x30, 0x00, 0x04, 0x00, 0x00,
    0xC0, 0x00, 0x38, 0x00, 0x0E, 0x00, 0x07, 0x80, 0x01, 0xF0, 0x00, 0x5C, 0x00, 0x37, 0x80, 0x08,
    0xE0, 0x06, 0x38, 0x01, 0x87, 0x00, 0x41, 0xC0, 0x3F, 0xF0, 0x0C, 0x0E, 0x02, 0x03, 0x81, 0x80,
    0xE0, 0xE0, 0x3C, 0xFE, 0x1F, 0xC0, 0xFF, 0xFE, 0x0E, 0x0F, 0x07, 0x01, 0x83, 0x80, 0xC1, 0xC0,
    0x20, 0xE0, 0x10, 0x70, 0x00, 0x3F, 0xF8, 0x1E, 0x3E, 0x0E, 0x07, 0x87, 0x01, 0xC3, 0x80, 0xF1,
    0xC0, 0x78, 0xE0, 0x38, 0x70, 0x3C, 0x38, 0x3C, 0xFF, 0xFC, 0x00, 0x7F, 0xFC, 0x0E, 0x0F, 0x07,
    0x03, 0xC3, 0x80, 0xE1, 0xC0, 0x70, 0xE0, 0x70, 0x70, 0xF0, 0x3F, 0xF0, 0x1C, 0x1E, 0x0E, 0x03,
    0x87, 0x01, 0xC3, 0x80, 0xF1, 0xC0, 0x78, 0xE0, 0x38, 0x70, 0x3C, 0x38, 0x3C, 0x7F, 0xFC, 0x00,
    0xFF, 0xFC, 0x38, 0x38, 0x70, 0x18, 0xE0, 0x31, 0xC0, 0x63, 0x80, 0x47, 0x00, 0x0E, 0x00, 0x1C,
    0x00, 0x38, 0x00, 0x70, 0x00, 0xE0, 0x01, 0xC0, 0x03, 0x80, 0x07, 0x00, 0x0F, 0x00, 0xFF, 0x80,
    0x07, 0xFF, 0xF0, 0x0C, 0x1E, 0x00, 0x20, 0xE0, 0x01, 0x07, 0x00, 0x08, 0x38, 0x00, 0xC1, 0xC0,
    0x06, 0x0E, 0x00, 0x30, 0x70, 0x01, 0x03, 0x80, 0x08, 0x1C, 0x00, 0x40, 0xE0, 0x06, 0x07, 0x00,
    0x20, 0x38, 0x03, 0x01, 0xC0, 0x30, 0x0E, 0x03, 0x80, 0x78, 0x7F, 0xFF, 0xF3, 0x80, 0x03, 0x98,
    0x00, 0x06, 0x80, 0x00, 0x34, 0x00, 0x01, 0xA0, 0x00, 0x05, 0x00, 0x00, 0x08, 0x00, 0x00, 0x00,
    0x00, 0x00, 0xFF, 0xFE, 0x0E, 0x07, 0x07, 0x00, 0xC3, 0x80, 0x61, 0xC0, 0x30, 0xE0, 0x08, 0x70,
    0xC0, 0x38, 0xE0, 0x1F, 0xF0, 0x0E, 0x38, 0x07, 0x0C, 0x03, 0x80, 0x31, 0xC0, 0x10, 0xE0, 0x08,
    0x70, 0x0C, 0x38, 0x1E, 0xFF, 0xFF, 0x00, 0xFC, 0x3F, 0xC3, 0xF7, 0x80, 0xF0, 0x1E, 0x18, 0x0E,
    0x03, 0x00, 0x60, 0xE0, 0x60, 0x03, 0x0E, 0x0C, 0x00, 0x18, 0xE1, 0x80, 0x00, 0xCE, 0x30, 0x00,
    0x1E, 0xE7, 0x00, 0x01, 0xFE, 0xF8, 0x00, 0x39, 0xF9, 0xC0, 0x07, 0x8F, 0x1E, 0x00, 0x70, 0xE0,
    0xE0, 0x0E, 0x0E, 0x07, 0x01, 0xC0, 0xE0, 0x78, 0x3C, 0x0E, 0x03, 0x87, 0xC0, 0xF0, 0x3E, 0xFE,
    0x3F, 0xC7, 0xF0, 0xDF, 0xC3, 0xE7, 0xCE, 0x07, 0x30, 0x0E, 0xC0, 0x38, 0x01, 0xC0, 0x1E, 0x03,
    0xF0, 0x01, 0xF0, 0x01, 0xE0, 0x03, 0x80, 0x0F, 0x80, 0x3F, 0x00, 0xEC, 0x07, 0x9E, 0x7C, 0x3F,
    0xC0, 0xFF, 0x9F, 0xE3, 0x80, 0xF0, 0x70, 0x1C, 0x0E, 0x07, 0x81, 0xC0, 0xF0, 0x38, 0x3E, 0x07,
    0x0D, 0xC0, 0xE1, 0x38, 0x1C, 0x67, 0x03, 0x98, 0xE0, 0x72, 0x1C, 0x0E, 0x83, 0x81, 0xF0, 0x70,
    0x3C, 0x0E, 0x07, 0x01, 0xC0, 0xE0, 0x3C, 0xFF, 0x9F, 0xE0, 0x03, 0x18, 0x00, 0x73, 0x80, 0x0E,
    0x70, 0x00, 0xFC, 0x00, 0x00, 0x01, 0xFF, 0x3F, 0xC7, 0x01, 0xE0, 0xE0, 0x38, 0x1C, 0x0F, 0x03,
    0x81, 0xE0, 0x70, 0x7C, 0x0E, 0x1B, 0x81, 0xC2, 0x70, 0x38, 0xCE, 0x07, 0x31, 0xC0, 0xE4, 0x38,
    0x1D, 0x07, 0x03, 0xE0, 0xE0, 0x78, 0x1C, 0x0E, 0x03, 0x81, 0xC0, 0x79, 0xFF, 0x3F, 0xC0, 0xFF,
    0x8F, 0xC3, 0x80, 0xF0, 0x70, 0x18, 0x0E, 0x06, 0x01, 0xC1, 0x80, 0x38, 0x60, 0x07, 0x18, 0x00,
    0xE7, 0x00, 0x1F, 0xF0, 0x03, 0xCE, 0x00, 0x70, 0xE0, 0x0E, 0x0E, 0x01, 0xC1, 0xE0, 0x38, 0x1C,
    0x07, 0x01, 0xC0, 0xE0, 0x3C, 0xFF, 0x8F, 0xE0, 0x0F, 0xFF, 0xE0, 0x60, 0xF0, 0x04, 0x1C, 0x00,
    0x83, 0x80, 0x10, 0x70, 0x06, 0x0E, 0x00, 0xC1, 0xC0, 0x18, 0x38, 0x03, 0x07, 0x00, 0x60, 0xE0,
    0x08, 0x1C, 0x01, 0x03, 0x80, 0x20, 0x70, 0xEC, 0x0E, 0x3D, 0x01, 0xC3, 0xE0, 0x3C, 0x78, 0x1F,
    0xE0, 0x7C, 0x00, 0x7C, 0x78, 0x03, 0xC1, 0xE0, 0x0F, 0x07, 0xC0, 0x7C, 0x1F, 0x01, 0x70, 0x6C,
    0x05, 0xC1, 0xB8, 0x37, 0x06, 0xE0, 0x9C, 0x19, 0xC6, 0x70, 0x67, 0x11, 0xC1, 0x8C, 0x47, 0x06,
    0x3B, 0x1C, 0x18, 0xE8, 0x70, 0x61, 0xE1, 0xC1, 0x87, 0x07, 0x0F, 0x0C, 0x1C, 0x7E, 0x33, 0xFC,
    0xFF, 0x9F, 0xE3, 0x80, 0xF0, 0x70, 0x1C, 0x0E, 0x03, 0x81, 0xC0, 0x70, 0x38, 0x0E, 0x07, 0x01,
    0xC0, 0xE0, 0x38, 0x1F, 0xFF, 0x03, 0x80, 0xE0, 0x70, 0x1C, 0x0E, 0x03, 0x81, 0xC0, 0x70, 0x38,
    0x0E, 0x07, 0x01, 0xC0, 0xE0, 0x3C, 0xFF, 0x9F, 0xE0, 0x07, 0xF0, 0x07, 0xCF, 0x03, 0xC0, 0xE0,
    0xE0, 0x1C, 0x70, 0x07, 0x1C, 0x00, 0xEF, 0x00, 0x3B, 0x80, 0x0E, 0xE0, 0x03, 0xB8, 0x00, 0xEF,
    0x00, 0x39, 0xC0, 0x0E, 0x70, 0x07, 0x0E, 0x01, 0xC3, 0xC0, 0xE0, 0x7C, 0xF0, 0x07, 0xF0, 0x00,
    0xFF, 0xFF, 0xE3, 0x80, 0xF0, 0x70, 0x1C, 0x0E, 0x03, 0x81, 0xC0, 0x70, 0x38, 0x0E, 0x07, 0x01,
    0xC0, 0xE0, 0x38, 0x1C, 0x07, 0x03, 0x80, 0xE0, 0x70, 0x1C, 0x0E, 0x03, 0x81, 0xC0, 0x70, 0x38,
    0x0E, 0x07, 0x01, 0xC0, 0xE0, 0x3C, 0xFF, 0x9F, 0xE0, 0xFF, 0xF8, 0x1C, 0x3E, 0x1C, 0x0E, 0x1C,
    0x07, 0x1C, 0x07, 0x1C, 0x07, 0x1C, 0x0E, 0x1C, 0x3E, 0x1F, 0xF8, 0x1C, 0x00, 0x1C, 0x00, 0x1C,
    0x00, 0x1C, 0x00, 0x1C, 0x00, 0x1C, 0x00, 0x1C, 0x00, 0x7F, 0x80, 0x07, 0xF3, 0x0F, 0x3B, 0x1C,
    0x0F, 0x38, 0x07, 0x70, 0x03, 0x70, 0x03, 0xF0, 0x03, 0xE0, 0x00, 0xE0, 0x00, 0xE0, 0x00, 0xF0,
    0x00, 0x70, 0x01, 0x70, 0x03, 0x38, 0x02, 0x3C, 0x06, 0x0F, 0x1C, 0x07, 0xF8, 0x7F, 0xFF, 0x9C,
    0x78, 0xE4, 0x1E, 0x09, 0x07, 0x82, 0x41, 0xE0, 0x80, 0x78, 0x00, 0x1E, 0x00, 0x07, 0x80, 0x01,
    0xE0, 0x00, 0x78, 0x00, 0x1E, 0x00, 0x07, 0x80, 0x01, 0xE0, 0x00, 0x78, 0x00, 0x1C, 0x00, 0x07,
    0x80, 0x0F, 0xFC, 0x00, 0xFF, 0x07, 0xE7, 0x80, 0x70, 0x70, 0x0C, 0x07, 0x01, 0x80, 0xF0, 0x20,
    0x0E, 0x0C, 0x00, 0xE1, 0x80, 0x1E, 0x20, 0x01, 0xCC, 0x00, 0x1D, 0x00, 0x03, 0xE0, 0x00, 0x3C,
    0x01, 0xC3, 0x00, 0x38, 0x60, 0x07, 0x18, 0x00, 0x67, 0x00, 0x0F, 0x80, 0x00, 0x07, 0xFC, 0x00,
    0x1C, 0x00, 0x3F, 0xF8, 0x1F, 0x77, 0xC7, 0x0E, 0x3D, 0xE1, 0xC3, 0xB8, 0x38, 0x7F, 0x07, 0x0F,
    0xE0, 0xE1, 0xFC, 0x1C, 0x3D, 0xC3, 0x87, 0x38, 0x71, 0xE3, 0xEE, 0xF8, 0x1F, 0xFC, 0x00, 0x38,
    0x00, 0x07, 0x00, 0x07, 0xFC, 0x00, 0x7F, 0x1F, 0x83, 0xC1, 0xE0, 0x38, 0x30, 0x07, 0x8C, 0x00,
    0x71, 0x80, 0x07, 0x60, 0x00, 0xF8, 0x00, 0x0F, 0x00, 0x00, 0xE0, 0x00, 0x3E, 0x00, 0x05, 0xE0,
    0x01, 0x9C, 0x00, 0x61, 0xC0, 0x18, 0x3C, 0x03, 0x03, 0x81, 0xE0, 0x78, 0xFE, 0x1F, 0xE0, 0xFF,
    0x9F, 0xE1, 0xC0, 0x78, 0x1C, 0x07, 0x01, 0xC0, 0x70, 0x1C, 0x07, 0x01, 0xC0, 0x70, 0x1C, 0x07,
    0x01, 0xC0, 0x70, 0x1C, 0x07, 0x01, 0xC0, 0x70, 0x1C, 0x07, 0x01, 0xC0, 0x70, 0x1C, 0x07, 0x01,
    0xC0, 0x70, 0x1C, 0x07, 0x01, 0xC0, 0x78, 0xFF, 0xFF, 0xE0, 0x00, 0x0E, 0x00, 0x00, 0x30, 0x00,
    0x03, 0x00, 0x00, 0x30, 0x00, 0x03, 0xFF, 0x9F, 0xE3, 0x80, 0xF0, 0x70, 0x1C, 0x0E, 0x03, 0x81,
    0xC0, 0x70, 0x38, 0x0E, 0x07, 0x01, 0xC0, 0xE0, 0x38, 0x0F, 0x1F, 0x00, 0xFF, 0xE0, 0x00, 0x1C,
    0x00, 0x03, 0x80, 0x00, 0x70, 0x00, 0x0E, 0x00, 0x01, 0xC0, 0x00, 0x3C, 0x00, 0x1F, 0xE0, 0xFF,
    0xBF, 0xCF, 0xF1, 0xC0, 0xF0, 0x38, 0x1C, 0x07, 0x03, 0x81, 0xC0, 0x70, 0x38, 0x1C, 0x07, 0x03,
    0x81, 0xC0, 0x70, 0x38, 0x1C, 0x07, 0x03, 0x81, 0xC0, 0x70, 0x38, 0x1C, 0x07, 0x03, 0x81, 0xC0,
    0x70, 0x38, 0x1C, 0x07, 0x03, 0x81, 0xC0, 0x70, 0x38, 0x1C, 0x07, 0x03, 0x81, 0xC0, 0x70, 0x38,
    0x1C, 0x07, 0x03, 0x81, 0xC0, 0xF0, 0x38, 0xFF, 0xFF, 0xFF, 0xF0, 0xFF, 0xBF, 0xCF, 0xF0, 0xE0,
    0x78, 0x1C, 0x07, 0x01, 0xC0, 0xE0, 0x38, 0x0E, 0x07, 0x01, 0xC0, 0x70, 0x38, 0x0E, 0x03, 0x81,
    0xC0, 0x70, 0x1C, 0x0E, 0x03, 0x80, 0xE0, 0x70, 0x1C, 0x07, 0x03, 0x80, 0xE0, 0x38, 0x1C, 0x07,
    0x01, 0xC0, 0xE0, 0x38, 0x0E, 0x07, 0x01, 0xC0, 0x70, 0x38, 0x0E, 0x03, 0x81, 0xC0, 0x70, 0x1C,
    0x0E, 0x03, 0x81, 0xE0, 0x70, 0xFF, 0xFF, 0xFF, 0xF0, 0x00, 0x00, 0x03, 0x80, 0x00, 0x00, 0x0C,
    0x00, 0x00, 0x00, 0x20, 0x00, 0x00, 0x01, 0x00, 0x00, 0x00, 0x0C, 0x7F, 0xF0, 0x03, 0x8F, 0x00,
    0x10, 0x30, 0x00, 0x81, 0x80, 0x04, 0x0C, 0x00, 0x00, 0x60, 0x00, 0x03, 0x00, 0x00, 0x1F, 0xF8,
    0x00, 0xF1, 0xF0, 0x06, 0x03, 0x80, 0x30, 0x1E, 0x01, 0x80, 0x70, 0x0C, 0x03, 0x80, 0x60, 0x1C,
    0x03, 0x01, 0xC0, 0x3C, 0x3E, 0x07, 0xFF, 0xC0, 0x7F, 0x01, 0xFF, 0x1C, 0x00, 0x38, 0x1C, 0x00,
    0x38, 0x1C, 0x00, 0x38, 0x1C, 0x00, 0x38, 0x1C, 0x00, 0x38, 0x1C, 0x00, 0x38, 0x1F, 0xFC, 0x38,
    0x1C, 0x3E, 0x38, 0x1C, 0x0F, 0x38, 0x1C, 0x07, 0x38, 0x1C, 0x07, 0xB8, 0x1C, 0x07, 0xB8, 0x1C,
    0x07, 0x38, 0x1C, 0x0F, 0x38, 0x1C, 0x1E, 0x38, 0xFF, 0xFD, 0xFF, 0x7F, 0x00, 0x0E, 0x00, 0x07,
    0x00, 0x03, 0x80, 0x01, 0xC0, 0x00, 0xE0, 0x00, 0x70, 0x00, 0x3F, 0xF8, 0x1C, 0x3E, 0x0E, 0x07,
    0x87, 0x01, 0xC3, 0x80, 0xF1, 0xC0, 0x78, 0xE0, 0x38, 0x70, 0x3C, 0x38, 0x3C, 0xFF, 0xFC, 0x00,
    0xCF, 0xE0, 0xFC, 0xF0, 0xE0, 0x38, 0xC0, 0x1C, 0xC0, 0x0E, 0xC0, 0x0E, 0x00, 0x0F, 0x00, 0x07,
    0x3F, 0xCF, 0x07, 0xFF, 0x00, 0x0F, 0x00, 0x0E, 0x80, 0x0E, 0xC0, 0x1C, 0x60, 0x3C, 0x38, 0xF0,
    0x1F, 0xE0, 0xFF, 0x81, 0xFC, 0x03, 0x80, 0xF3, 0xE0, 0x70, 0x38, 0x1E, 0x0E, 0x0E, 0x00, 0xE1,
    0xC1, 0xC0, 0x1C, 0x38, 0x70, 0x03, 0xC7, 0x0E, 0x00, 0x38, 0xE1, 0xC0, 0x07, 0x1F, 0xF8, 0x00,
    0xE3, 0x87, 0x00, 0x1C, 0x70, 0xE0, 0x03, 0x8E, 0x1E, 0x00, 0xF1, 0xC1, 0xC0, 0x1C, 0x38, 0x38,
    0x07, 0x87, 0x03, 0x81, 0xE0, 0xE0, 0x3C, 0xF8, 0xFF, 0x81, 0xFC, 0x00, 0x07, 0xFF, 0xC7, 0xC3,
    0xC3, 0xC0, 0xE0, 0xE0, 0x38, 0x38, 0x0E, 0x0E, 0x03, 0x81, 0xC0, 0xE0, 0x7C, 0x38, 0x07, 0xFE,
    0x00, 0xF3, 0x80, 0x38, 0xE0, 0x1C, 0x38, 0x0F, 0x0E, 0x07, 0x83, 0x81, 0xC0, 0xE1, 0xF0, 0x3C,
    0xFE, 0x3F, 0xC0, 0x3F, 0x07, 0x78, 0xE1, 0x86, 0x18, 0x1F, 0x87, 0xD8, 0xE1, 0x8E, 0x1B, 0xC3,
    0xBE, 0x7F, 0x7C, 0xE0, 0x00, 0x20, 0x3E, 0x0F, 0xE3, 0xF8, 0x38, 0x06, 0x00, 0x60, 0x05, 0xF8,
    0xF9, 0xCF, 0x06, 0xE0, 0x7E, 0x07, 0xE0, 0x7E, 0x07, 0x60, 0x77, 0x06, 0x39, 0xE1, 0xF8, 0xFF,
    0xC3, 0x8E, 0x38, 0x63, 0x9E, 0x3F, 0x83, 0x8E, 0x38, 0x73, 0x87, 0x38, 0x73, 0x8E, 0xFF, 0xC0,
    0xFF, 0xE7, 0x1C, 0xE1, 0x9C, 0x33, 0x80, 0x70, 0x0E, 0x01, 0xC0, 0x38, 0x07, 0x03, 0xF8, 0x00,
    0x1F, 0xFC, 0x31, 0xC0, 0x47, 0x01, 0x1C, 0x0C, 0x70, 0x31, 0xC0, 0x87, 0x02, 0x1C, 0x18, 0x70,
    0xC1, 0xCF, 0xFF, 0xF8, 0x07, 0x80, 0x0E, 0x00, 0x10, 0x1F, 0x87, 0x39, 0xC3, 0x30, 0x7F, 0xFF,
    0xC0, 0x38, 0x03, 0x03, 0x70, 0x47, 0xB8, 0x7E, 0x00, 0x7D, 0xFD, 0xF1, 0xC3, 0x87, 0x03, 0x1C,
    0x60, 0x0C, 0xEE, 0x00, 0x3F, 0xE0, 0x03, 0xFF, 0x80, 0x39, 0xCE, 0x03, 0x8E, 0x30, 0x38, 0x71,
    0xC3, 0xC3, 0x87, 0xBF, 0x7F, 0x7E, 0xFF, 0x9C, 0x7B, 0x03, 0x01, 0xE1, 0xF0, 0x07, 0x80, 0x30,
    0x07, 0xC0, 0xCC, 0x79, 0xFE, 0x00, 0xFF, 0xFC, 0xE1, 0xC3, 0x87, 0x0E, 0x3C, 0x39, 0xF0, 0xED,
    0xC3, 0xE7, 0x0F, 0x1C, 0x38, 0x70, 0xE1, 0xCF, 0xFF, 0xC0, 0x1C, 0xC0, 0x73, 0x81, 0xCE, 0x03,
    0xF0, 0x00, 0x03, 0xFF, 0xF3, 0x87, 0x0E, 0x1C, 0x38, 0xF0, 0xE7, 0xC3, 0xB7, 0x0F, 0x9C, 0x3C,
    0x70, 0xE1, 0xC3, 0x87, 0x3F, 0xFF, 0xFE, 0xF8, 0xE1, 0xC3, 0x8C, 0x0E, 0xE0, 0x3F, 0x00, 0xFE,
    0x03, 0x9C, 0x0E, 0x30, 0x38, 0xE0, 0xE1, 0xEF, 0xEF, 0xC0, 0x1F, 0xFC, 0x31, 0xC0, 0x47, 0x01,
    0x1C, 0x04, 0x70, 0x31, 0xC0, 0xC7, 0x03, 0x1C, 0xE8, 0x73, 0xE1, 0xC7, 0x1F, 0xC0, 0xF8, 0x0F,
    0x38, 0x1E, 0x3C, 0x1C, 0x3C, 0x3C, 0x3E, 0x2C, 0x36, 0x6C, 0x37, 0x4C, 0x33, 0x4C, 0x33, 0x8C,
    0x39, 0x8E, 0xFD, 0xBF, 0xFF, 0xFC, 0xE1, 0xC3, 0x87, 0x0E, 0x1C, 0x3F, 0xF0, 0xE1, 0xC3, 0x87,
    0x0E, 0x1C, 0x38, 0x70, 0xE1, 0xCF, 0xFF, 0xC0, 0x1F, 0x83, 0x9C, 0x70, 0x66, 0x07, 0xE0, 0x7E,
    0x07, 0xE0, 0x76, 0x07, 0x70, 0x63, 0x9E, 0x1F, 0x80, 0xFF, 0xFC, 0xE1, 0xC3, 0x87, 0x0E, 0x1C,
    0x38, 0x70, 0xE1, 0xC3, 0x87, 0x0E, 0x1C, 0x38, 0x70, 0xE1, 0xCF, 0xFF, 0xC0, 0xFF, 0xE0, 0xFB,
    0xC3, 0x83, 0x8E, 0x0E, 0x38, 0x38, 0xE0, 0x63, 0x83, 0x8E, 0x0E, 0x38, 0x30, 0xFB, 0xC3, 0xFC,
    0x0E, 0x00, 0x38, 0x00, 0xE0, 0x03, 0x80, 0x3F, 0x80, 0x1F, 0x87, 0x99, 0xC3, 0x38, 0x06, 0x00,
    0xC0, 0x18, 0x03, 0x80, 0x70, 0x67, 0xB8, 0x7E, 0x00, 0xFF, 0xFE, 0x73, 0xC6, 0x1C, 0x61, 0x07,
    0x00, 0x70, 0x07, 0x00, 0x70, 0x07, 0x00, 0x70, 0x3F, 0xC0, 0xFC, 0xF9, 0xC3, 0x8E, 0x18, 0x30,
    0x81, 0xC4, 0x06, 0x60, 0x3A, 0x01, 0xF0, 0x07, 0x00, 0x38, 0x00, 0x80, 0x0C, 0x00, 0x60, 0x72,
    0x03, 0xF0, 0x0F, 0x00, 0x01, 0xE0, 0x00, 0x1C, 0x00, 0x03, 0x80, 0x00, 0x70, 0x00, 0x0E, 0x00,
    0x01, 0xC0, 0x07, 0xFF, 0xC1, 0xEF, 0x9C, 0x70, 0xE1, 0xCE, 0x1C, 0x1D, 0x83, 0x83, 0xF0, 0x70,
    0x76, 0x0E, 0x0E, 0xE1, 0xC1, 0xDC, 0x38, 0x71, 0xEF, 0x9C, 0x1F, 0xFF, 0x00, 0x1C, 0x00, 0x03,
    0x80, 0x00, 0x70, 0x00, 0x0E, 0x00, 0x03, 0xF0, 0x00, 0xFC, 0xF9, 0xC7, 0x87, 0x30, 0x1B, 0x00,
    0xF0, 0x03, 0x80, 0x1E, 0x01, 0xB8, 0x18, 0xE3, 0xC7, 0xBE, 0x7E, 0xFF, 0xFC, 0xE1, 0xC3, 0x87,
    0x0E, 0x1C, 0x38, 0x70, 0xE1, 0xC3, 0x87, 0x0E, 0x1C, 0x38, 0x70, 0xE1, 0xCF, 0xFF, 0xC0, 0x07,
    0x00, 0x0C, 0x00, 0x10, 0x00, 0x00, 0xFF, 0xFC, 0xE1, 0xC3, 0x87, 0x0E, 0x1C, 0x38, 0xF0, 0x7F,
    0xC0, 0x07, 0x00, 0x1C, 0x00, 0x70, 0x01, 0xC0, 0x1F, 0xC0, 0xFF, 0xFF, 0xF3, 0x8F, 0x1C, 0x38,
    0x61, 0xC3, 0x86, 0x1C, 0x38, 0x61, 0xC3, 0x86, 0x1C, 0x38, 0x61, 0xC3, 0x86, 0x1C, 0x38, 0x61,
    0xC3, 0x86, 0x1C, 0xFF, 0xFF, 0xF0, 0xFF, 0xFF, 0xF1, 0xC7, 0x8E, 0x0E, 0x18, 0x70, 0x70, 0xC3,
    0x83, 0x86, 0x1C, 0x1C, 0x30, 0xE0, 0xE1, 0x87, 0x07, 0x0C, 0x38, 0x38, 0x61, 0xC1, 0xC3, 0x0E,
    0x3F, 0xFF, 0xFC, 0x00, 0x00, 0xE0, 0x00, 0x01, 0x00, 0x00, 0x08, 0xFF, 0x01, 0xCE, 0x03, 0x1C,
    0x06, 0x38, 0x00, 0x7F, 0x80, 0xE7, 0x81, 0xC3, 0x83, 0x87, 0x06, 0x0E, 0x0E, 0x78, 0x7F, 0xE0,
    0xFE, 0x1F, 0xCE, 0x01, 0xC3, 0x80, 0x70, 0xE0, 0x1C, 0x3F, 0xC7, 0x0E, 0x79, 0xC3, 0x87, 0x70,
    0xE1, 0xDC, 0x38, 0x77, 0x0E, 0x79, 0xCF, 0xFD, 0xFC, 0xFE, 0x03, 0x80, 0x38, 0x03, 0x80, 0x3F,
    0xC3, 0x9E, 0x38, 0x73, 0x87, 0x38, 0x73, 0x9E, 0xFF, 0xC0, 0x00, 0x1F, 0xE3, 0xDE, 0x60, 0xE0,
    0x0C, 0x79, 0xC7, 0xF8, 0x07, 0x41, 0xC8, 0x39, 0xDE, 0x1F, 0x80, 0x00, 0x7F, 0x1F, 0xDE, 0xF0,
    0xE7, 0x07, 0x1C, 0xE0, 0xE3, 0xF8, 0x0C, 0x73, 0x01, 0x8E, 0x60, 0x31, 0xCE, 0x0E, 0x39, 0xC1,
    0x87, 0x1E, 0xF3, 0xF9, 0xF8, 0x00, 0x1F, 0xF9, 0xC3, 0x9C, 0x18, 0xE0, 0xC3, 0xC6, 0x0F, 0xF0,
    0x1D, 0x81, 0xCC, 0x1C, 0x63, 0xC3, 0xBF, 0x7E, 0x00, 0x01, 0x80, 0x38, 0x03, 0x80, 0x18, 0x00,
    0x07, 0xE1, 0xCE, 0x70, 0xCC, 0x1F, 0xFF, 0xF0, 0x0E, 0x00, 0xC0, 0xDC, 0x11, 0xEE, 0x1F, 0x80,
    0x31, 0x8F, 0x78, 0xC6, 0x00, 0x00, 0x00, 0x00, 0x07, 0xE1, 0xCE, 0x70, 0xCC, 0x1F, 0xFF, 0xF0,
    0x0E, 0x00, 0xC0, 0xDC, 0x11, 0xEE, 0x1F, 0x80, 0xF8, 0x03, 0x80, 0x38, 0x0F, 0xFF, 0x38, 0x03,
    0x80, 0x3B, 0xE3, 0xE7, 0x3C, 0x33, 0x83, 0x38, 0x33, 0x83, 0x38, 0x33, 0x83, 0x38, 0x33, 0x87,
    0xFE, 0x60, 0x06, 0x00, 0xC0, 0x1C, 0x03, 0x80, 0xF0, 0x00, 0x00, 0x60, 0x1C, 0x07, 0x01, 0x80,
    0x00, 0x3F, 0xF9, 0xC7, 0x38, 0x67, 0x0C, 0xE0, 0x1C, 0x03, 0x80, 0x70, 0x0E, 0x01, 0xC0, 0xFE,
    0x00, 0x1F, 0x67, 0x3D, 0xC1, 0xB0, 0x0F, 0xE1, 0xDF, 0x38, 0x03, 0x02, 0x70, 0x47, 0xB8, 0x7E,
    0x00, 0x3F, 0xB9, 0xD0, 0x6C, 0x07, 0xE1, 0xFC, 0x1F, 0x83, 0xC1, 0xF9, 0xF7, 0xC0, 0x38, 0x70,
    0xE0, 0x00, 0x00, 0x1E, 0x1C, 0x38, 0x70, 0xE1, 0xC3, 0x87, 0x0E, 0x1C, 0xFE, 0x73, 0x3B, 0xDC,
    0xC0, 0x00, 0x00, 0x00, 0xF0, 0x38, 0x1C, 0x0E, 0x07, 0x03, 0x81, 0xC0, 0xE0, 0x70, 0x38, 0x7F,
    0x00, 0x0C, 0x3C, 0x30, 0x00, 0x00, 0x0F, 0x87, 0x0E, 0x1C, 0x38, 0x70, 0xE1, 0xC3, 0x87, 0x0E,
    0x1C, 0x3F, 0x6F, 0xDF, 0x00, 0x1F, 0xFC, 0x01, 0x8E, 0x00, 0x11, 0xC0, 0x02, 0x38, 0x00, 0xC7,
    0xF8, 0x18, 0xE7, 0x83, 0x1C, 0x70, 0x63, 0x87, 0xE8, 0x71, 0xDF, 0x0E, 0x79, 0xC7, 0xFE, 0x00,
    0xFF, 0xFC, 0x07, 0x0E, 0x00, 0xE1, 0xC0, 0x1C, 0x38, 0x03, 0xFF, 0xF8, 0x70, 0xE7, 0x8E, 0x1C,
    0x71, 0xC3, 0x87, 0x38, 0x71, 0xC7, 0x0E, 0x7B, 0xFF, 0xFE, 0x00, 0xF8, 0x00, 0xE0, 0x03, 0x80,
    0x3F, 0xF8, 0x38, 0x00, 0xE0, 0x03, 0xBE, 0x0F, 0xB8, 0x3C, 0x70, 0xE1, 0xC3, 0x87, 0x0E, 0x1C,
    0x38, 0x70, 0xE1, 0xC3, 0x87, 0x0E, 0x1C, 0xFF, 0xFC, 0x01, 0xC0, 0x0E, 0x00, 0x70, 0x03, 0x00,
    0x00, 0x03, 0xFB, 0xE3, 0x87, 0x0E, 0x30, 0x3B, 0x80, 0xFC, 0x03, 0xF8, 0x0E, 0x70, 0x38, 0xC0,
    0xE3, 0x83, 0x87, 0xBF, 0xBF, 0x0C, 0x00, 0x3C, 0x00, 0x78, 0x00, 0x60, 0x00, 0x03, 0xFF, 0xF3,
    0x87, 0x0E, 0x1C, 0x38, 0xF0, 0xE7, 0xC3, 0xB7, 0x0F, 0x9C, 0x3C, 0x70, 0xE1, 0xC3, 0x87, 0x3F,
    0xFF, 0x1C, 0xC0, 0xE7, 0x07, 0x38, 0x1F, 0x80, 0x00, 0x7E, 0x7C, 0xE1, 0xC7, 0x0C, 0x18, 0x40,
    0xE2, 0x03, 0x30, 0x1D, 0x00, 0xF8, 0x03, 0x80, 0x1C, 0x00, 0x40, 0x06, 0x00, 0x30, 0x39, 0x01,
    0xF8, 0x07, 0x80, 0x00, 0xFF, 0xFC, 0xE1, 0xC3, 0x87, 0x0E, 0x1C, 0x38, 0x70, 0xE1, 0xC3, 0x87,
    0x0E, 0x1C, 0x38, 0x70, 0xE1, 0xCF, 0xFF, 0xC0, 0xC0, 0x03, 0x00, 0x0C, 0x00, 0x0F, 0x83, 0xE0,
    0x39, 0x8C, 0xE0, 0xE3, 0x18, 0xE3, 0x86, 0x30, 0xE7, 0x00, 0x01, 0xDE, 0x00, 0x03, 0xF8, 0x00,
    0x03, 0xF0, 0x00, 0x07, 0xE0, 0x7C, 0x0F, 0xC0, 0x70, 0x1F, 0x80, 0xE0, 0x7F, 0x81, 0xC0, 0xF7,
    0x03, 0x81, 0xCE, 0x07, 0x03, 0x8E, 0x0E, 0x0E, 0x0E, 0x77, 0x38, 0x0F, 0xC7, 0xE0, 0x1F, 0x1F,
    0x07, 0xB3, 0x71, 0xCE, 0xE7, 0x39, 0xDC, 0x76, 0x1F, 0x0F, 0xC1, 0xC1, 0xD8, 0x38, 0x3B, 0x87,
    0x07, 0x70, 0xE1, 0xC7, 0x37, 0x70, 0x7C, 0x7C, 0x00, 0x3F, 0xC0, 0x01, 0xE0, 0x00, 0x1C, 0x00,
    0x7F, 0xFF, 0x8E, 0x70, 0x71, 0x8E, 0x06, 0x21, 0xC0, 0x40, 0x38, 0x00, 0x07, 0x00, 0x00, 0xFF,
    0xE0, 0x1C, 0x3E, 0x03, 0x81, 0xE0, 0x70, 0x1C, 0x0E, 0x03, 0x81, 0xC0, 0x70, 0x38, 0x0E, 0x07,
    0x03, 0xC1, 0xE0, 0xF0, 0xFF, 0xFC, 0x00, 0x04, 0x04, 0xC0, 0x7C, 0x03, 0x80, 0x38, 0x03, 0x80,
    0xFF, 0x03, 0x80, 0x38, 0x03, 0x80, 0x3F, 0xC3, 0x9E, 0x38, 0x73, 0x87, 0x38, 0x73, 0x9E, 0xFF,
    0xC0, 0xFF, 0x81, 0xFC, 0xC7, 0x01, 0xF3, 0xF1, 0xC0, 0xF0, 0x3C, 0x70, 0x78, 0x07, 0x1C, 0x1C,
    0x00, 0xC7, 0x0F, 0x00, 0x31, 0xC3, 0x80, 0x00, 0x70, 0xE0, 0x00, 0x1F, 0xFF, 0xF7, 0x07, 0x0E,
    0x7F, 0x01, 0xC3, 0x80, 0x00, 0x70, 0xF0, 0x00, 0x1C, 0x1C, 0x00, 0xC7, 0x07, 0x80, 0x21, 0xC0,
    0xF0, 0x18, 0x70, 0x1F, 0x3C, 0xFF, 0x81, 0xFE, 0x00, 0xFE, 0x7F, 0x9C, 0x79, 0xCE, 0x70, 0x67,
    0x38, 0x03, 0xFF, 0xE1, 0xCE, 0x00, 0xE7, 0x00, 0x73, 0x81, 0x38, 0xE1, 0x9C, 0x7B, 0xBF, 0x8F,
    0x80, 0x00, 0x18, 0x00, 0x00, 0x70, 0x00, 0x01, 0xF0, 0x00, 0x03, 0xE0, 0x00, 0x0C, 0xE0, 0x00,
    0x19, 0xC0, 0x00, 0x61, 0xC0, 0x00, 0xC3, 0x80, 0x03, 0x03, 0x80, 0x07, 0xFF, 0x00, 0x18, 0xCF,
    0x00, 0x31, 0x8E, 0x00, 0xC3, 0x1E, 0x01, 0x86, 0x1C, 0x06, 0x0C, 0x1C, 0x1C, 0x38, 0x3C, 0xFC,
    0xFC, 0xFE, 0x00, 0xC0, 0x00, 0xE0, 0x00, 0xF8, 0x00, 0x4E, 0x00, 0x67, 0x00, 0x21, 0xC0, 0x3F,
    0xE0, 0x13, 0x38, 0x19, 0x8C, 0x38, 0xE7, 0x3C, 0xFB, 0xE0, 0xFF, 0x80, 0x18, 0x00, 0x38, 0x00,
    0x70, 0x00, 0x70, 0x00, 0xF0, 0x00, 0xE0, 0x03, 0xE0, 0x01, 0xC0, 0x04, 0xE0, 0x03, 0x80, 0x19,
    0xC0, 0x07, 0x00, 0x21, 0xC0, 0x0E, 0x00, 0xC3, 0x80, 0x1C, 0x01, 0x83, 0x80, 0x3F, 0xFF, 0xFF,
    0x00, 0x70, 0x0C, 0xC7, 0x00, 0xE0, 0x11, 0x8E, 0x01, 0xC0, 0x63, 0x0E, 0x03, 0x80, 0x86, 0x1C,
    0x07, 0x03, 0x0C, 0x1C, 0x0E, 0x0E, 0x18, 0x3C, 0xFF, 0xFE, 0xFC, 0xFE, 0xFE, 0x03, 0x00, 0x38,
    0x03, 0x80, 0x38, 0x07, 0xC0, 0x38, 0x0D, 0xC0, 0x38, 0x08, 0xE0, 0x38, 0x18, 0xE0, 0x3F, 0xFF,
    0xF0, 0x38, 0x33, 0x78, 0x38, 0x63, 0x38, 0x38, 0xE3, 0x1C, 0xFF, 0xE7, 0xBF, 0x07, 0xFF, 0xF0,
    0x00, 0xE0, 0x0C, 0x00, 0x1C, 0x06, 0x00, 0x03, 0x83, 0x00, 0x00, 0xE0, 0x80, 0x00, 0x1C, 0x40,
    0x00, 0x03, 0xB0, 0x00, 0x00, 0xF8, 0x00, 0x01, 0xFF, 0xE0, 0x00, 0xE7, 0x1C, 0x00, 0x71, 0xC3,
    0x00, 0x1C, 0x70, 0xE0, 0x0E, 0x1C, 0x1C, 0x07, 0x07, 0x07, 0x01, 0xC1, 0xC0, 0xE0, 0xF0, 0x70,
    0x3C, 0xFE, 0x3F, 0x3F, 0xC0, 0x00, 0x00, 0x00, 0x7F, 0xFC, 0x01, 0xC0, 0xC0, 0x07, 0x18, 0x00,
    0x0F, 0x80, 0x01, 0xFF, 0x00, 0x1D, 0xFC, 0x01, 0xCE, 0x70, 0x1C, 0x71, 0xC1, 0xC3, 0x86, 0x1E,
    0x1C, 0x3D, 0xF9, 0xF3, 0xF0, 0xFF, 0x83, 0xFF, 0xF8, 0x07, 0x00, 0xE0, 0x0C, 0x01, 0xC0, 0x1C,
    0x02, 0x00, 0x70, 0x03, 0x81, 0x00, 0x1C, 0x00, 0x70, 0xC0, 0x07, 0x00, 0x1C, 0x60, 0x01, 0xC0,
    0x03, 0x90, 0x00, 0x70, 0x00, 0x78, 0x00, 0x1F, 0xFF, 0xFF, 0xE0, 0x07, 0x00, 0x7B, 0xBC, 0x01,
    0xC0, 0x38, 0xE3, 0x80, 0x70, 0x1C, 0x38, 0xE0, 0x1C, 0x07, 0x0E, 0x1C, 0x07, 0x03, 0x83, 0x87,
    0x01, 0xC1, 0xC0, 0xE0, 0xE0, 0x70, 0xF0, 0x78, 0x3C, 0xFF, 0xFE, 0x3F, 0x1F, 0xC0, 0x00, 0x00,
    0x00, 0x0F, 0xE1, 0xFF, 0xF0, 0x38, 0x0E, 0x06, 0x03, 0x80, 0x30, 0xC0, 0x38, 0x01, 0xF0, 0x03,
    0xFF, 0xFF, 0xC0, 0x38, 0x0F, 0xEE, 0x03, 0x81, 0xC6, 0x70, 0x38, 0x18, 0x63, 0x83, 0x83, 0x06,
    0x1C, 0x38, 0xF0, 0xE1, 0xEF, 0xFF, 0x9F, 0x3F, 0x00, 0x00, 0xC7, 0x03, 0x70, 0x0F, 0x00, 0xF8,
    0x0E, 0x70, 0xC1, 0xCE, 0x06, 0x78, 0x33, 0x81, 0x80, 0x1C, 0x01, 0xC0, 0x7C, 0x00, 0x78, 0x00,
    0xC0, 0x03, 0x00, 0x18, 0x00, 0xC0, 0x0E, 0x00, 0xF0, 0x3F, 0x0F, 0xF1, 0xFE, 0x1F, 0x80, 0xF0,
    0x06, 0x00, 0x18, 0x00, 0x23, 0x8D, 0xC1, 0xC0, 0xFC, 0x73, 0xB8, 0x6E, 0x38, 0x7C, 0x03, 0x80,
    0x30, 0x0C, 0x03, 0x03, 0xCF, 0xE7, 0xE3, 0xC0, 0xC0, 0x18, 0x07, 0x80, 0x0F, 0xF8, 0x00, 0xF0,
    0x00, 0x70, 0x1E, 0x38, 0x77, 0x1C, 0x71, 0x8E, 0x38, 0xE7, 0x1C, 0x73, 0x8E, 0x39, 0xC7, 0x1C,
    0xE7, 0x06, 0x73, 0x83, 0xBB, 0x80, 0xFF, 0x80, 0x1F, 0x00, 0x07, 0x00, 0x03, 0xC0, 0x0F, 0xF8,
    0x00, 0x07, 0x80, 0x03, 0x80, 0x01, 0x80, 0x01, 0x80, 0x01, 0x80, 0x01, 0x80, 0xE1, 0x86, 0x31,
    0x8C, 0x31, 0x8C, 0x31, 0x8C, 0x31, 0x8C, 0x71, 0x8C, 0x71, 0x8E, 0x31, 0x8C, 0x39, 0x9C, 0x3F,
    0xF8, 0x0F, 0xF0, 0x01, 0x80, 0x01, 0x80, 0x01, 0x80, 0x03, 0xC0, 0x07, 0xE0, 0x07, 0xF0, 0x07,
    0xCF, 0x03, 0xC0, 0xE1, 0xE0, 0x1C, 0x70, 0x07, 0x3C, 0x00, 0xEF, 0x00, 0x3B, 0xFF, 0x8E, 0xF3,
    0xFF, 0xB8, 0x00, 0xEF, 0x00, 0x39, 0xC0, 0x0E, 0x70, 0x07, 0x0E, 0x01, 0xC3, 0xC0, 0xE0, 0x7C,
    0xF0, 0x07, 0xF0, 0x00, 0x1F, 0x07, 0x71, 0xC3, 0x30, 0x6F, 0xFF, 0xC1, 0xF8, 0x3B, 0x06, 0x71,
    0xC7, 0x70, 0x7C, 0x00, 0xFF, 0x00, 0xF3, 0xC0, 0x1F, 0x1C, 0x03, 0x01, 0xC0, 0x30, 0x0E, 0x02,
    0x00, 0xE0, 0x60, 0x0E, 0x04, 0x00, 0x70, 0xC0, 0x07, 0x0C, 0x00, 0x38, 0x80, 0x03, 0x98, 0x00,
    0x39, 0x00, 0x01, 0xF0, 0x00, 0x1F, 0x00, 0x00, 0xE0, 0x00, 0x0E, 0x00, 0x00, 0xC0, 0x00, 0xFC,
    0x3C, 0x70, 0x58, 0xE1, 0x80, 0xC2, 0x01, 0xC4, 0x01, 0x98, 0x03, 0xA0, 0x07, 0xC0, 0x07, 0x00,
    0x0E, 0x00, 0x0C, 0x00, 0x1F, 0xF0, 0x00, 0xFF, 0x80, 0x00, 0x00, 0x00, 0x00, 0x00, 0xFF, 0x00,
    0xF3, 0xC0, 0x1F, 0x1C, 0x03, 0x01, 0xC0, 0x30, 0x0E, 0x02, 0x00, 0xE0, 0x60, 0x0E, 0x06, 0x00,
    0x70, 0xC0, 0x07, 0x0C, 0x00, 0x30, 0x80, 0x03, 0x98, 0x00, 0x39, 0x00, 0x01, 0xD0, 0x00, 0x1F,
    0x00, 0x00, 0xE0, 0x00, 0x0E, 0x00, 0x00, 0xC0, 0x00, 0x00, 0x01, 0xCC, 0x01, 0xDC, 0x01, 0xDC,
    0x00, 0xCC, 0x00, 0x00, 0x3F, 0x0F, 0x1C, 0x16, 0x38, 0x60, 0x30, 0x80, 0x71, 0x00, 0x66, 0x00,
    0xE8, 0x01, 0xF0, 0x01, 0xC0, 0x03, 0x80, 0x03, 0x00, 0x00, 0x70, 0x00, 0x1F, 0xFC, 0x01, 0xFF,
    0x7C, 0x0F, 0x00, 0x38, 0x78, 0x00, 0x71, 0xC0, 0x00, 0xEF, 0x00, 0x03, 0xB8, 0x00, 0x0E, 0xE0,
    0x00, 0x3B, 0x80, 0x00, 0xFE, 0x00, 0x03, 0xB8, 0x00, 0x0E, 0xF0, 0x00, 0x39, 0xC0, 0x01, 0xE7,
    0x80, 0x07, 0x0F, 0x00, 0x38, 0x1F, 0xF7, 0xC0, 0x1F, 0xFC, 0x00, 0x07, 0x00, 0x00, 0x03, 0x80,
    0x1F, 0xE0, 0xEE, 0xE3, 0x80, 0xE6, 0x00, 0xFC, 0x01, 0xF8, 0x03, 0xF0, 0x07, 0x60, 0x0E, 0xE0,
    0x38, 0xEE, 0xE0, 0xFF, 0x80, 0x38, 0x00, 0x01, 0xFE, 0x00, 0x07, 0x9E, 0x00, 0x1C, 0xEE, 0x00,
    0x33, 0x6F, 0x00, 0x00, 0xCF, 0x00, 0x01, 0x00, 0x03, 0xE6, 0xF8, 0x0E, 0x63, 0x38, 0x38, 0xC6,
    0x38, 0xE1, 0x8C, 0x39, 0xC0, 0x00, 0x77, 0x80, 0x00, 0xFE, 0x00, 0x00, 0xFC, 0x00, 0x01, 0xF8,
    0x1F, 0x03, 0xF0, 0x1C, 0x07, 0xE0, 0x38, 0x1F, 0xE0, 0x70, 0x3D, 0xC0, 0xE0, 0x73, 0x81, 0xC0,
    0xE3, 0x83, 0x83, 0x83, 0x9D, 0xCE, 0x03, 0xF1, 0xF8, 0x00, 0x03, 0xF0, 0x00, 0xF7, 0x80, 0x3B,
    0xB0, 0x06, 0xDB, 0x00, 0x03, 0x30, 0x00, 0x63, 0x07, 0xCF, 0xC1, 0xEC, 0xDC, 0x73, 0xB9, 0xCE,
    0x77, 0x1D, 0x87, 0xC3, 0xF0, 0x70, 0x76, 0x0E, 0x0E, 0xE1, 0xC1, 0xDC, 0x38, 0x71, 0xCD, 0xDC,
    0x1F, 0x1F, 0x00, 0x01, 0xFF, 0x00, 0x03, 0xFE, 0x00, 0x06, 0xEC, 0x00, 0x00, 0x00, 0x00, 0x00,
    0x00, 0x00, 0x00, 0x00, 0x03, 0xE0, 0xF8, 0x0E, 0x63, 0x38, 0x38, 0xC6, 0x38, 0xE1, 0x8C, 0x39,
    0xC0, 0x00, 0x77, 0x80, 0x00, 0xFE, 0x00, 0x00, 0xFC, 0x00, 0x01, 0xF8, 0x1F, 0x03, 0xF0, 0x1C,
    0x07, 0xE0, 0x38, 0x1F, 0xE0, 0x70, 0x3D, 0xC0, 0xE0, 0x73, 0x81, 0xC0, 0xE3, 0x83, 0x83, 0x83,
    0x9D, 0xCE, 0x03, 0xF1, 0xF8, 0x00, 0x03, 0xFC, 0x00, 0x6D, 0x80, 0x09, 0xB0, 0x00, 0x00, 0x00,
    0x00, 0x00, 0x3E, 0x3E, 0x0F, 0x66, 0xE3, 0x9D, 0xCE, 0x73, 0xB8, 0xEC, 0x3E, 0x1F, 0x83, 0x83,
    0xB0, 0x70, 0x77, 0x0E, 0x0E, 0xE1, 0xC3, 0x8E, 0x6E, 0xE0, 0xF8, 0xF8, 0x07, 0xF3, 0x0F, 0x9F,
    0x8E, 0x03, 0xCE, 0x00, 0xE6, 0x00, 0x33, 0x00, 0x1B, 0x80, 0x0D, 0xC0, 0x02, 0xE0, 0x00, 0x70,
    0x00, 0x38, 0x00, 0x1C, 0x00, 0x07, 0x00, 0x03, 0x80, 0x00, 0xF0, 0x00, 0x7F, 0x00, 0x1F, 0xF8,
    0x03, 0xFF, 0x00, 0x1F, 0xC0, 0x00, 0xF0, 0x00, 0x18, 0x00, 0x0C, 0x00, 0x04, 0x1F, 0x87, 0x39,
    0x87, 0x30, 0xEE, 0x01, 0xC0, 0x38, 0x03, 0x00, 0x78, 0x07, 0xE0, 0x7E, 0x01, 0xE0, 0x0E, 0x00,
    0xC0, 0x18, 0x06, 0x00, 0x03, 0x1B, 0xE7, 0xA3, 0x03, 0xC3, 0x21, 0x80, 0xC0, 0x00, 0xC0, 0xFE,
    0x3C, 0xFF, 0x07, 0x1F, 0x81, 0xEF, 0x06, 0x0E, 0x30, 0x18, 0xC0, 0x30, 0x00, 0x60, 0x00, 0x00,
    0x7D, 0xDB, 0x3C, 0x7C, 0x00, 0x00, 0x3C, 0x66, 0x62, 0x62, 0x06, 0x00, 0x00, 0x06, 0x00, 0x00,
    0x00, 0x70, 0x00, 0x00, 0x06, 0x00, 0x00, 0xE0, 0x00, 0x70, 0x0E, 0x00, 0x07, 0x00, 0xE0, 0x00,
    0x70, 0x00, 0x00, 0x00, 0x00, 0x00, 0x00, 0x00, 0x00, 0x00, 0x00, 0x00, 0x00, 0x00, 0x00, 0x00,
    0x00, 0x00, 0x00, 0x00, 0x00, 0x00, 0x60, 0x00, 0x00, 0x67, 0x00, 0x00, 0x07, 0x60, 0x00, 0x00,
    0x60, 0x00, 0x00, 0x00, 0x00, 0x00, 0x00, 0x00, 0x00, 0x00, 0x00, 0x00, 0x00, 0x00, 0x00, 0x00,
    0x00, 0x00, 0x00, 0x00, 0x00, 0x00, 0xE0, 0x00, 0x70, 0x0E, 0x00, 0x07, 0x00, 0xE0, 0x00, 0x70,
    0x00, 0x00, 0x00, 0x00, 0x00, 0x60, 0x00, 0x00, 0x07, 0x00, 0x00, 0x00, 0x60, 0x00, 0x00, 0x00,
    0x00, 0x00, 0x00, 0x0C, 0x00, 0x00, 0x00, 0x30, 0x00, 0x00, 0x00, 0xE0, 0x00, 0x00, 0x03, 0x00,
    0x00, 0x1C, 0x00, 0x0F, 0x00, 0x70, 0x00, 0x38, 0x01, 0xC0, 0x00, 0xE0, 0x00, 0x00, 0x00, 0x00,
    0x00, 0x00, 0x00, 0x00, 0x00, 0x00, 0x00, 0x00, 0x00, 0x00, 0x00, 0x00, 0x00, 0x00, 0x00, 0x00,
    0x00, 0x00, 0x00, 0x00, 0x00, 0x00, 0x3E, 0x00, 0x00, 0x0E, 0x78, 0x00, 0x00, 0x3C, 0x00, 0x00,
    0x00, 0x00, 0x00, 0x00, 0x00, 0x00, 0x00, 0x00, 0x00, 0x00, 0x00, 0x00, 0x00, 0x00, 0x00, 0x00,
    0x00, 0x00, 0x00, 0x00, 0x01, 0xC0, 0x00, 0xE0, 0x07, 0x00, 0x03, 0x80, 0x3C, 0x00, 0x0E, 0x00,
    0x00, 0x00, 0x08, 0x00, 0x00, 0xC0, 0x00, 0x00, 0x03, 0x80, 0x00, 0x00, 0x0C, 0x00, 0x00, 0x00,
    0x30, 0x00, 0x00, 0x00, 0x80, 0x00, 0x03, 0x18, 0x00, 0x39, 0xC0, 0x03, 0x9C, 0x00, 0x1F, 0x80,
    0x00, 0x00, 0x0F, 0xF9, 0xFE, 0x1C, 0x07, 0x81, 0xC0, 0x70, 0x1C, 0x0F, 0x01, 0xC0, 0xF0, 0x1C,
    0x1F, 0x01, 0xC3, 0x70, 0x1C, 0x27, 0x01, 0xC6, 0x70, 0x1C, 0xC7, 0x01, 0xC8, 0x70, 0x1D, 0x87,
    0x01, 0xF0, 0x70, 0x1E, 0x07, 0x01, 0xC0, 0x70, 0x1C, 0x07, 0x8F, 0xF9, 0xFE, 0x00, 0x00, 0xE0,
    0x00, 0x03, 0x00, 0x00, 0x30, 0x00, 0x03, 0x00, 0x00, 0x30, 0x1C, 0xC0, 0x73, 0x81, 0xCE, 0x03,
    0xF0, 0x00, 0x03, 0xFF, 0xF3, 0x87, 0x0E, 0x1C, 0x38, 0xF0, 0xE7, 0xC3, 0xB7, 0x0F, 0x9C, 0x3C,
    0x70, 0xE1, 0xC3, 0x87, 0x3F, 0xFF, 0x00, 0x1C, 0x00, 0x10, 0x00, 0x40, 0x3F, 0xC0, 0x01, 0xE0,
    0x00, 0x1C, 0x00, 0x7F, 0xFF, 0x80, 0x70, 0x00, 0x0E, 0x00, 0x01, 0xC0, 0x00, 0x3F, 0xF8, 0x07,
    0x0F, 0x80, 0xE0, 0x78, 0x1C, 0x07, 0x03, 0x80, 0xE0, 0x70, 0x1C, 0x0E, 0x03, 0x81, 0xC0, 0xF0,
    0x78, 0x3C, 0x3F, 0xFF, 0x00, 0x18, 0x07, 0xE0, 0x07, 0x00, 0x38, 0x01, 0xC0, 0x0E, 0x01, 0xFF,
    0x03, 0x80, 0x1C, 0x00, 0xE0, 0x07, 0xF8, 0x39, 0xE1, 0xC3, 0x8E, 0x1C, 0x70, 0xE3, 0x9E, 0x7F,
    0xE0, 0xFF, 0xF8, 0x1C, 0x3C, 0x1C, 0x0E, 0x1C, 0x07, 0x1C, 0x07, 0x1C, 0x87, 0x1C, 0xCF, 0x1C,
    0x6E, 0x1F, 0xFC, 0x1C, 0x0C, 0x1C, 0x06, 0x1C, 0x03, 0x1C, 0x00, 0x1C, 0x00, 0x1C, 0x00, 0x1C,
    0x00, 0xFF, 0x80, 0xFF, 0xE0, 0x7D, 0xE0, 0xE0, 0xE1, 0xC1, 0xC3, 0x83, 0x87, 0x03, 0x0E, 0x3E,
    0x1C, 0x3C, 0x38, 0x38, 0x7D, 0xF8, 0xFF, 0xB1, 0xC0, 0x03, 0x80, 0x07, 0x00, 0x0E, 0x00, 0x7F,
    0x00, 0x00, 0x02, 0x00, 0x04, 0x00, 0x18, 0x00, 0x30, 0x01, 0xFF, 0xFF, 0xC7, 0x00, 0x0E, 0x00,
    0x1C, 0x00, 0x38, 0x00, 0x70, 0x00, 0xE0, 0x01, 0xC0, 0x03, 0x80, 0x07, 0x00, 0x0E, 0x00, 0x1C,
    0x00, 0x38, 0x00, 0x70, 0x00, 0xE0, 0x01, 0xC0, 0x1F, 0xF0, 0x00, 0x00, 0x60, 0x0C, 0x03, 0xFF,
    0xE3, 0x80, 0x70, 0x0E, 0x01, 0xC0, 0x38, 0x07, 0x00, 0xE0, 0x1C, 0x03, 0x81, 0xFC, 0x00, 0xFF,
    0xFC, 0x38, 0x38, 0x70, 0x18, 0xE0, 0x31, 0xC0, 0x63, 0x80, 0x47, 0x00, 0x0E, 0x00, 0xFF, 0x80,
    0x38, 0x00, 0x70, 0x00, 0xE0, 0x01, 0xC0, 0x03, 0x80, 0x07, 0x00, 0x0E, 0x00, 0xFF, 0x80, 0xFF,
    0xE7, 0x1C, 0xE1, 0x9C, 0x3F, 0xE0, 0x70, 0x0E, 0x01, 0xC0, 0x38, 0x07, 0x03, 0xF8, 0x00, 0xFF,
    0xFC, 0x0E, 0x0E, 0x07, 0x01, 0x83, 0x80, 0xC1, 0xC0, 0x60, 0xE0, 0x00, 0x70, 0x00, 0x3F, 0xF0,
    0x1C, 0x7C, 0x0E, 0x0F, 0x07, 0x03, 0xC3, 0x80, 0xE1, 0xC0, 0x70, 0xE0, 0x3C, 0x70, 0x1E, 0x38,
    0x0F, 0xFF, 0x87, 0x00, 0x03, 0x80, 0x01, 0xC0, 0x39, 0xC0, 0x1D, 0xE0, 0x07, 0xC0, 0xFF, 0xE1,
    0xC3, 0x0E, 0x00, 0x70, 0x03, 0xFC, 0x1C, 0xF0, 0xE1, 0xC7, 0x06, 0x38, 0x39, 0xC1, 0xFF, 0x8E,
    0x00, 0x70, 0x03, 0x07, 0x38, 0x3B, 0x80, 0xF8, 0xFC, 0x3F, 0xC3, 0xF3, 0xC0, 0x78, 0x0F, 0x06,
    0x03, 0x80, 0xC0, 0x0C, 0x1C, 0x0C, 0x00, 0x30, 0xE0, 0xC0, 0x00, 0xC7, 0x0C, 0x00, 0x03, 0x38,
    0xC0, 0x00, 0x3D, 0xCE, 0x00, 0x01, 0xFE, 0xF8, 0x00, 0x1C, 0xFC, 0xE0, 0x01, 0xE3, 0xC7, 0x80,
    0x0E, 0x1C, 0x1C, 0x00, 0xE0, 0xE0, 0x70, 0x0E, 0x07, 0x03, 0xC0, 0xF0, 0x38, 0x0E, 0x0F, 0x81,
    0xE0, 0x38, 0xFE, 0x3F, 0xC3, 0xF0, 0x00, 0x00, 0x03, 0x80, 0x00, 0x00, 0x04, 0x00, 0x00, 0x00,
    0x30, 0x00, 0x00, 0x01, 0x80, 0x00, 0x00, 0x0C, 0x7D, 0xFD, 0xF1, 0xC3, 0x87, 0x03, 0x1C, 0x60,
    0x0C, 0xEE, 0x00, 0x3F, 0xE0, 0x03, 0xFF, 0x80, 0x39, 0xCE, 0x03, 0x8E, 0x30, 0x38, 0x71, 0xC3,
    0xC3, 0x87, 0x3F, 0x7F, 0x7E, 0x00, 0x00, 0x30, 0x00, 0x00, 0x80, 0x00, 0x04, 0xDF, 0xC3, 0xE7,
    0xCE, 0x07, 0x30, 0x0E, 0xC0, 0x38, 0x01, 0xC0, 0x1E, 0x03, 0xF0, 0x01, 0xF0, 0x01, 0xE0, 0x03,
    0x80, 0x0F, 0x80, 0x3F, 0x00, 0xE6, 0x07, 0x9E, 0x7C, 0x3F, 0xC0, 0x1C, 0x00, 0x38, 0x00, 0x70,
    0x01, 0xC0, 0x0E, 0x01, 0xF0, 0x00, 0xFF, 0x9C, 0x7B, 0x03, 0x01, 0xE1, 0xF0, 0x07, 0x80, 0x34,
    0x07, 0xC0, 0xCC, 0x78, 0xFE, 0x06, 0x00, 0x70, 0x06, 0x00, 0xC0, 0x78, 0x3E, 0x00, 0xFF, 0x8F,
    0xC1, 0xC0, 0x78, 0x1C, 0x06, 0x01, 0xC0, 0xC0, 0x1C, 0x18, 0x01, 0xC3, 0x00, 0x1C, 0x60, 0x01,
    0xCE, 0x00, 0x1F, 0xF0, 0x01, 0xE7, 0x00, 0x1C, 0x38, 0x01, 0xC1, 0xC0, 0x1C, 0x1E, 0x01, 0xC0,
    0xE0, 0x1C, 0x07, 0x01, 0xC0, 0x78, 0xFF, 0x8F, 0xE0, 0x00, 0x0E, 0x00, 0x00, 0x60, 0x00, 0x02,
    0x00, 0x00, 0x20, 0x00, 0x02, 0xFE, 0xF8, 0xE1, 0xC3, 0x8C, 0x0E, 0xE0, 0x3F, 0x00, 0xFE, 0x03,
    0x9C, 0x0E, 0x38, 0x38, 0xE0, 0xE1, 0xEF, 0xEF, 0xC0, 0x03, 0x00, 0x04, 0x00, 0x10, 0xFF, 0x83,
    0xF0, 0xE0, 0x0F, 0x07, 0x00, 0x60, 0x38, 0x06, 0x01, 0xCC, 0xC0, 0x0E, 0x6C, 0x00, 0x73, 0xC0,
    0x03, 0xFF, 0x00, 0x1C, 0xF8, 0x00, 0xE7, 0xE0, 0x07, 0x37, 0x80, 0x38, 0x1E, 0x01, 0xC0, 0x70,
    0x0E, 0x01, 0xC0, 0x70, 0x0F, 0x03, 0x80, 0x3C, 0xFF, 0x83, 0xF8, 0xFE, 0x3E, 0x38, 0x1C, 0x38,
    0x30, 0x39, 0xE0, 0x3F, 0xE0, 0x39, 0xE0, 0x39, 0xF0, 0x38, 0x38, 0x38, 0x1C, 0x38, 0x1E, 0xFE,
    0x3F, 0xFF, 0x8F, 0xC3, 0x80, 0xF0, 0x70, 0x18, 0x0E, 0x06, 0x0F, 0xF9, 0x80, 0x38, 0x60, 0x07,
    0x18, 0x00, 0xE7, 0x00, 0x1D, 0xF0, 0x03, 0xEE, 0x00, 0x70, 0xE0, 0x0E, 0x1E, 0x01, 0xC1, 0xC0,
    0x38, 0x1C, 0x07, 0x01, 0xC0, 0xE0, 0x3C, 0xFF, 0x8F, 0xE0, 0xF8, 0x00, 0xE0, 0x03, 0x80, 0x3F,
    0x80, 0x38, 0x00, 0xE0, 0x03, 0x8F, 0x8E, 0x1C, 0x38, 0xC0, 0xE6, 0x03, 0xF0, 0x0F, 0xE0, 0x39,
    0xC0, 0xE3, 0x83, 0x8E, 0x0E, 0x1E, 0xFE, 0xFC, 0x7F, 0xF8, 0x7E, 0xE3, 0xC0, 0x79, 0x07, 0x81,
    0xC2, 0x0F, 0x06, 0x04, 0x1E, 0x18, 0x00, 0x3C, 0x60, 0x00, 0x79, 0x80, 0x00, 0xF7, 0x80, 0x01,
    0xFF, 0x00, 0x03, 0xE7, 0x00, 0x07, 0x8F, 0x00, 0x0F, 0x0E, 0x00, 0x1E, 0x0E, 0x00, 0x3C, 0x1E,
    0x00, 0x78, 0x1C, 0x00, 0xF0, 0x3E, 0x07, 0xF8, 0xFE, 0xFF, 0x9F, 0x73, 0x8F, 0x31, 0x86, 0x18,
    0xCC, 0x00, 0x6E, 0x00, 0x3F, 0x80, 0x1C, 0xC0, 0x0C, 0x70, 0x06, 0x1C, 0x03, 0x87, 0x07, 0xE7,
    0xE0, 0xFF, 0x9F, 0xE1, 0xC0, 0x78, 0x1C, 0x07, 0x01, 0xC0, 0x70, 0x1C, 0x07, 0x01, 0xC0, 0x70,
    0x1C, 0x07, 0x01, 0xC0, 0x70, 0x1F, 0xFF, 0x01, 0xC0, 0x70, 0x1C, 0x07, 0x01, 0xC0, 0x70, 0x1C,
    0x07, 0x01, 0xC0, 0x70, 0x1C, 0x07, 0x01, 0xC0, 0x78, 0xFF, 0x9F, 0xE0, 0x00, 0x0E, 0x00, 0x00,
    0x30, 0x00, 0x03, 0x00, 0x00, 0x30, 0x00, 0x03, 0xFF, 0xFC, 0xE1, 0xC3, 0x87, 0x0E, 0x1C, 0x3F,
    0xF0, 0xE1, 0xC3, 0x87, 0x0E, 0x1C, 0x38, 0x70, 0xE1, 0xCF, 0xFF, 0xC0, 0x07, 0x00, 0x04, 0x00,
    0x10, 0xFF, 0x9F, 0xFE, 0x1C, 0x07, 0x8E, 0x1C, 0x07, 0x02, 0x1C, 0x07, 0x02, 0x1C, 0x07, 0x02,
    0x1C, 0x07, 0x00, 0x1C, 0x07, 0x00, 0x1C, 0x07, 0x00, 0x1F, 0xFF, 0x00, 0x1C, 0x07, 0x00, 0x1C,
    0x07, 0x00, 0x1C, 0x07, 0x00, 0x1C, 0x07, 0x00, 0x1C, 0x07, 0x00, 0x1C, 0x07, 0x00, 0x1C, 0x07,
    0x80, 0xFF, 0x9F, 0xE0, 0xFF, 0xFF, 0x38, 0x73, 0x38, 0x71, 0x38, 0x71, 0x3F, 0xF0, 0x38, 0x70,
    0x38, 0x70, 0x38, 0x70, 0x38, 0x70, 0x38, 0x70, 0xFF, 0xFC, 0xFF, 0xFF, 0xE0, 0x03, 0x80, 0xF0,
    0x00, 0x70, 0x1C, 0x00, 0x0E, 0x03, 0x80, 0x01, 0xC0, 0x70, 0x00, 0x38, 0x0E, 0x00, 0x07, 0x01,
    0xC0, 0x00, 0xE0, 0x3F, 0xE0, 0x1C, 0x07, 0x1F, 0x03, 0x80, 0xE0, 0xF0, 0x70, 0x1C, 0x0F, 0x0E,
    0x03, 0x80, 0xE1, 0xC0, 0x70, 0x1C, 0x38, 0x0E, 0x03, 0xC7, 0x01, 0xC0, 0x78, 0xE0, 0x3C, 0x0F,
    0xFF, 0x9F, 0xE1, 0xE0, 0x00, 0x00, 0x38, 0x00, 0x00, 0x07, 0x00, 0x00, 0x39, 0xC0, 0x00, 0x07,
    0x78, 0x00, 0x00, 0x7C, 0x00, 0xFF, 0xFC, 0x0E, 0x1C, 0x03, 0x87, 0x00, 0xE1, 0xC0, 0x38, 0x7F,
    0x0E, 0x1D, 0xE3, 0x87, 0x1C, 0xE1, 0xC7, 0x38, 0x71, 0xCE, 0x1C, 0x3F, 0xFF, 0xDC, 0x00, 0x07,
    0x00, 0x01, 0xC0, 0x0C, 0x60, 0x03, 0x78, 0x00, 0xFC, 0x0F, 0xF8, 0x07, 0x8F, 0x03, 0x80, 0x01,
    0xC0, 0x00, 0x70, 0x3F, 0x38, 0x1D, 0xEE, 0x0C, 0x1B, 0x83, 0x06, 0xE0, 0xC1, 0xB8, 0x30, 0x6E,
    0x0C, 0x1B, 0xC3, 0x06, 0x70, 0xC3, 0x9C, 0x30, 0xE3, 0x86, 0x70, 0x79, 0xF8, 0x0F, 0xFC, 0x00,
    0x07, 0x80, 0x00, 0x7C, 0x3F, 0x87, 0x80, 0x73, 0xEE, 0x37, 0xE6, 0x3E, 0x63, 0xE6, 0x36, 0x63,
    0x76, 0x67, 0xBE, 0x1F, 0xC0, 0x1C, 0x00, 0xF0, 0x07, 0xF3, 0x0F, 0x3B, 0x1C, 0x0F, 0x38, 0x07,
    0x70, 0x03, 0x70, 0x03, 0xF0, 0x03, 0xE0, 0x00, 0xE0, 0x00, 0xE0, 0x00, 0xE0, 0x00, 0xF0, 0x01,
    0x70, 0x03, 0x70, 0x03, 0x38, 0x02, 0x1C, 0x04, 0x0F, 0xF8, 0x03, 0xF0, 0x00, 0xE0, 0x00, 0x70,
    0x00, 0x30, 0x00, 0x70, 0x03, 0xE0, 0x1F, 0xC7, 0xB9, 0xC3, 0x38, 0x06, 0x01, 0xC0, 0x38, 0x03,
    0x00, 0x70, 0x67, 0x08, 0x7E, 0x03, 0x80, 0x70, 0x07, 0x00, 0x70, 0x1C, 0x1F, 0x00, 0x7F, 0xFF,
    0x9C, 0x78, 0xE4, 0x1E, 0x09, 0x07, 0x82, 0x41, 0xE0, 0x80, 0x78, 0x00, 0x1E, 0x00, 0x07, 0x80,
    0x01, 0xE0, 0x00, 0x78, 0x00, 0x1E, 0x00, 0x07, 0x80, 0x01, 0xE0, 0x00, 0x78, 0x00, 0x1C, 0x00,
    0x07, 0x80, 0x0F, 0xFC, 0x00, 0x07, 0x00, 0x00, 0x40, 0x00, 0x18, 0x00, 0x06, 0x00, 0x01, 0x80,
    0xFF, 0xFE, 0x73, 0xC7, 0x1C, 0x71, 0x07, 0x00, 0x70, 0x07, 0x00, 0x70, 0x07, 0x00, 0x70, 0x3F,
    0xC0, 0x1C, 0x00, 0x60, 0x06, 0xFF, 0x07, 0xE7, 0x80, 0x70, 0x70, 0x0C, 0x07, 0x03, 0x00, 0xF0,
    0x40, 0x0E, 0x18, 0x00, 0xE6, 0x00, 0x1E, 0xC0, 0x01, 0xF0, 0x00, 0x3C, 0x00, 0x03, 0x80, 0x00,
    0x70, 0x00, 0x0E, 0x00, 0x01, 0xC0, 0x00, 0x38, 0x00, 0x07, 0x00, 0x07, 0xF8, 0x00, 0xFC, 0x7B,
    0xC3, 0x8E, 0x08, 0x70, 0xC1, 0x84, 0x0E, 0x20, 0x33, 0x01, 0xD0, 0x0F, 0x80, 0x38, 0x01, 0xC0,
    0x0E, 0x00, 0x70, 0x03, 0x80, 0x1C, 0x03, 0xF8, 0xFF, 0x07, 0xE7, 0x80, 0x70, 0x70, 0x0C, 0x07,
    0x03, 0x00, 0xF0, 0x40, 0x0E, 0x18, 0x00, 0xE6, 0x00, 0x1E, 0x80, 0x01, 0xF0, 0x00, 0x1C, 0x00,
    0x3F, 0xF0, 0x00, 0x70, 0x00, 0x0E, 0x00, 0x01, 0xC0, 0x00, 0x38, 0x00, 0x07, 0x00, 0x07, 0xF8,
    0x00, 0xFC, 0x7B, 0xC3, 0x8E, 0x08, 0x70, 0xC1, 0x84, 0x0E, 0x20, 0x33, 0x01, 0xD0, 0x0F, 0x80,
    0x38, 0x01, 0xC0, 0x3F, 0x80, 0x70, 0x03, 0x80, 0x1C, 0x03, 0xF8, 0x7F, 0x1F, 0x81, 0xE0, 0xF0,
    0x0E, 0x0C, 0x00, 0xF1, 0x80, 0x07, 0x18, 0x00, 0x3B, 0x00, 0x03, 0xE0, 0x00, 0x1E, 0x00, 0x00,
    0xE0, 0x00, 0x1F, 0x00, 0x01, 0x78, 0x00, 0x33, 0x80, 0x06, 0x1C, 0x00, 0xC1, 0xE0, 0x0C, 0x0E,
    0x03, 0xC0, 0xF0, 0xFE, 0x1F, 0xE0, 0x00, 0x0E, 0x00, 0x00, 0x60, 0x00, 0x02, 0x00, 0x00, 0x20,
    0x00, 0x02, 0xFC, 0xF8, 0xE3, 0xC1, 0xCC, 0x03, 0x60, 0x0F, 0x00, 0x1C, 0x00, 0x78, 0x03, 0x70,
    0x18, 0xE1, 0xE3, 0xCF, 0x9F, 0x80, 0x07, 0x00, 0x0C, 0x00, 0x30, 0xFF, 0xFE, 0xFF, 0x71, 0xE7,
    0x1E, 0x30, 0xE0, 0x87, 0x10, 0x70, 0x43, 0x88, 0x38, 0x21, 0xC0, 0x1C, 0x00, 0xE0, 0x0E, 0x00,
    0x70, 0x07, 0x00, 0x38, 0x03, 0x80, 0x1C, 0x01, 0xC0, 0x0E, 0x00, 0xE0, 0x07, 0x00, 0x70, 0x03,
    0x80, 0x38, 0x01, 0xC0, 0x1C, 0x00, 0xE0, 0x0E, 0x00, 0x70, 0x07, 0x00, 0x78, 0x0F, 0xFF, 0xFF,
    0x00, 0x00, 0x03, 0xC0, 0x00, 0x00, 0x60, 0x00, 0x00, 0x30, 0x00, 0x00, 0x08, 0x00, 0x00, 0x04,
    0xFF, 0xFF, 0xBB, 0xB3, 0x8C, 0xE4, 0xE3, 0x39, 0x38, 0x0E, 0x0E, 0x03, 0x83, 0x80, 0xE0, 0xE0,
    0x38, 0x38, 0x0E, 0x0E, 0x03, 0x83, 0x83, 0xFF, 0xF8, 0x00, 0x0E, 0x00, 0x00, 0x80, 0x00, 0x20,
    0xFF, 0x9F, 0xE1, 0xC0, 0x78, 0x1C, 0x07, 0x01, 0xC0, 0x70, 0x1C, 0x07, 0x01, 0xC0, 0x70, 0x1C,
    0x07, 0x01, 0xC0, 0x70, 0x0F, 0x1F, 0x00, 0x7F, 0xF0, 0x00, 0x07, 0x00, 0x00, 0x70, 0x00, 0x07,
    0x00, 0x00, 0x70, 0x00, 0x07, 0x00, 0x00, 0x78, 0x00, 0x1F, 0xE0, 0x00, 0x0E, 0x00, 0x00, 0x30,
    0x00, 0x03, 0x00, 0x00, 0x30, 0x00, 0x03, 0xFF, 0xFC, 0xE1, 0xC3, 0x87, 0x0E, 0x1C, 0x38, 0xF0,
    0x7F, 0xC0, 0x07, 0x00, 0x1C, 0x00, 0x70, 0x01, 0xC0, 0x1F, 0xC0, 0x07, 0x00, 0x04, 0x00, 0x10,
    0xFF, 0x9F, 0xE3, 0x80, 0xF0, 0x70, 0x1C, 0x0E, 0x03, 0x81, 0xC0, 0x70, 0x38, 0x0E, 0x07, 0x11,
    0xC0, 0xE2, 0x38, 0x0F, 0x7F, 0x00, 0xFF, 0xE0, 0x01, 0x1C, 0x00, 0x23, 0x80, 0x04, 0x70, 0x00,
    0x0E, 0x00, 0x01, 0xC0, 0x00, 0x3C, 0x00, 0x1F, 0xE0, 0xFF, 0xFC, 0xE1, 0xC3, 0x87, 0x0E, 0x1C,
    0x3B, 0xF0, 0x7F, 0xC0, 0x37, 0x00, 0x1C, 0x00, 0x70, 0x01, 0xC0, 0x1F, 0xC0, 0xFF, 0x80, 0x03,
    0x80, 0x00, 0x70, 0x00, 0x0E, 0x00, 0x01, 0xCF, 0xC0, 0x3B, 0x9C, 0x07, 0xC1, 0xC0, 0xF0, 0x38,
    0x1C, 0x07, 0x03, 0x80, 0xE0, 0x70, 0x1C, 0x0E, 0x03, 0x81, 0xC0, 0x70, 0x38, 0x0E, 0x07, 0x01,
    0xC0, 0xE0, 0x3C, 0xFF, 0x9F, 0xE0, 0xF8, 0x00, 0xE0, 0x03, 0x80, 0x0E, 0x00, 0x38, 0x00, 0xE0,
    0x03, 0xBE, 0x0F, 0xB8, 0x3C, 0x70, 0xE1, 0xC3, 0x87, 0x0E, 0x1C, 0x38, 0x70, 0xE1, 0xC3, 0x87,
    0x0E, 0x1C, 0xFF, 0xFC, 0x00, 0x7F, 0x00, 0x1E, 0x7C, 0x03, 0x81, 0xE7, 0x70, 0x0E, 0xF7, 0x00,
    0xFF, 0xF0, 0x07, 0x7E, 0x00, 0x73, 0xFF, 0xFF, 0x0E, 0x00, 0x00, 0xE0, 0x00, 0x0F, 0x00, 0x00,
    0x70, 0x00, 0x07, 0x00, 0x00, 0x38, 0x03, 0x03, 0xC0, 0x60, 0x1F, 0x3C, 0x00, 0x7F, 0x80, 0x03,
    0xF0, 0x1C, 0xEE, 0xE1, 0xFB, 0x83, 0x7F, 0xFC, 0x30, 0x00, 0xE0, 0x03, 0x81, 0x06, 0x0C, 0x1E,
    0xE0, 0x1F, 0x00, 0x00, 0x7F, 0x00, 0x1E, 0x7C, 0x03, 0x81, 0xE7, 0x70, 0x0E, 0xF7, 0x00, 0xFF,
    0xF0, 0x07, 0x7E, 0x00, 0x73, 0xFF, 0xFF, 0x0E, 0x00, 0x00, 0xE0, 0x00, 0x0F, 0x00, 0x00, 0x70,
    0x00, 0x07, 0x00, 0x00, 0x38, 0x03, 0x03, 0xC0, 0x60, 0x0F, 0x3C, 0x00, 0x7F, 0x80, 0x00, 0xC0,
    0x00, 0x08, 0x00, 0x01, 0x80, 0x00, 0x1D, 0x80, 0x00, 0xF0, 0x03, 0xF0, 0x1C, 0xEE, 0xE1, 0xFB,
    0x83, 0x7F, 0xFC, 0x30, 0x00, 0xE0, 0x03, 0x81, 0x06, 0x0C, 0x1E, 0xE0, 0x1F, 0x00, 0x18, 0x00,
    0x40, 0x03, 0x00, 0x0E, 0xC0, 0x1E, 0xFF, 0x8E, 0x07, 0x03, 0x81, 0xC0, 0xE0, 0x70, 0x38, 0x1C,
    0x0E, 0x07, 0x03, 0x81, 0xC0, 0xE0, 0x70, 0x38, 0xFF, 0x80, 0x00, 0x20, 0x40, 0x00, 0x03, 0x9C,
    0x00, 0x00, 0x1F, 0x80, 0x00, 0x00, 0x00, 0x00, 0x00, 0x00, 0x00, 0x0F, 0xC3, 0xFC, 0x3F, 0x78,
    0x0F, 0x01, 0xE1, 0x80, 0xE0, 0x30, 0x06, 0x0E, 0x06, 0x00, 0x30, 0xE0, 0xC0, 0x01, 0x8E, 0x18,
    0x00, 0x0C, 0xE3, 0x00, 0x01, 0xEE, 0x70, 0x00, 0x1F, 0xEF, 0x80, 0x03, 0x9F, 0x9C, 0x00, 0x78,
    0xF1, 0xE0, 0x07, 0x0E, 0x0E, 0x00, 0xE0, 0xE0, 0x70, 0x1C, 0x0E, 0x07, 0x83, 0xC0, 0xE0, 0x38,
    0x7C, 0x0F, 0x03, 0xEF, 0xE3, 0xFC, 0x7F, 0x03, 0x04, 0x00, 0x0C, 0xE0, 0x00, 0x3E, 0x00, 0x00,
    0x00, 0x00, 0x00, 0x00, 0x3E, 0xFE, 0xF8, 0xE1, 0xC3, 0x81, 0x8E, 0x30, 0x06, 0x77, 0x00, 0x1F,
    0xF0, 0x01, 0xFF, 0xC0, 0x1C, 0xE7, 0x01, 0xC7, 0x18, 0x1C, 0x38, 0xE1, 0xE1, 0xC3, 0xDF, 0xBF,
    0xBF, 0xFF, 0x8F, 0xC3, 0x80, 0xF0, 0x70, 0x18, 0x0E, 0x0E, 0x01, 0xC3, 0x00, 0x38, 0xC0, 0x07,
    0x30, 0x00, 0xFF, 0xE0, 0x1C, 0x3E, 0x03, 0x80, 0xE0, 0x70, 0x0E, 0x0E, 0x01, 0xC1, 0xC0, 0x3C,
    0x38, 0x03, 0x87, 0x00, 0x70, 0xE0, 0x0E, 0xFF, 0x81, 0xC0, 0x00, 0x78, 0x00, 0x0E, 0x00, 0x39,
    0xC0, 0x0F, 0xF0, 0x00, 0xFC, 0x00, 0xFE, 0xF9, 0xC3, 0x8E, 0x70, 0x7E, 0x03, 0xFC, 0x1C, 0xF0,
    0xE1, 0xC7, 0x07, 0x38, 0x39, 0xC1, 0xFF, 0x8E, 0x00, 0x70, 0x03, 0x07, 0x38, 0x3B, 0x80, 0xF8,
    0x0F, 0xFF, 0xE0, 0x60, 0xF0, 0x04, 0x1C, 0x00, 0x83, 0x80, 0x10, 0x70, 0x06, 0x0E, 0x00, 0xC1,
    0xC0, 0x18, 0x38, 0x03, 0x07, 0x00, 0x60, 0xE0, 0x08, 0x1C, 0x01, 0x03, 0x80, 0x20, 0x70, 0xEC,
    0x0E, 0x3D, 0x01, 0xC3, 0xE0, 0x3C, 0x78, 0x1F, 0xE0, 0x00, 0x18, 0x00, 0x03, 0x00, 0x00, 0xC0,
    0x00, 0x18, 0x00, 0x03, 0x00, 0x1F, 0xFC, 0x31, 0xC0, 0x47, 0x01, 0x1C, 0x04, 0x70, 0x31, 0xC0,
    0xC7, 0x03, 0x1C, 0xE8, 0x73, 0xE1, 0xC7, 0x1F, 0xC0, 0x06, 0x00, 0x18, 0x00, 0xC0, 0x03, 0x00,
    0x00, 0xFF, 0x9F, 0xE3, 0x80, 0xF0, 0x70, 0x1C, 0x0E, 0x03, 0x81, 0xC0, 0x70, 0x38, 0x0E, 0x07,
    0x01, 0xC0, 0xE0, 0x38, 0x1F, 0xFF, 0x03, 0x80, 0xE0, 0x70, 0x1C, 0x0E, 0x03, 0x81, 0xC0, 0x70,
    0x38, 0x0E, 0x07, 0x01, 0xC0, 0xE0, 0x38, 0xFF, 0x87, 0x00, 0x00, 0xE0, 0x00, 0x1C, 0x00, 0x7B,
    0x80, 0x0F, 0xF0, 0x00, 0xFC, 0x00, 0xFF, 0xFC, 0xE1, 0xC3, 0x87, 0x0E, 0x1C, 0x3F, 0xF0, 0xE1,
    0xC3, 0x87, 0x0E, 0x1C, 0x38, 0x70, 0xE1, 0xCF, 0xE7, 0x00, 0x1C, 0x00, 0x70, 0x1D, 0x80, 0x7E,
    0x00, 0xF0, 0xFF, 0x9F, 0xE3, 0x80, 0xF0, 0x70, 0x1C, 0x0E, 0x03, 0x81, 0xC0, 0x70, 0x38, 0x0E,
    0x07, 0x01, 0xC0, 0xE0, 0x38, 0x1F, 0xFF, 0x03, 0x80, 0xE0, 0x70, 0x1C, 0x0E, 0x03, 0x81, 0xC0,
    0x70, 0x38, 0x0E, 0x07, 0x01, 0xC0, 0xE0, 0x3C, 0xFF, 0x9F, 0xE0, 0x00, 0x0C, 0x00, 0x03, 0x00,
    0x00, 0x60, 0x00, 0x18, 0x00, 0x03, 0x00, 0xFF, 0xFC, 0xE1, 0xC3, 0x87, 0x0E, 0x1C, 0x3F, 0xF0,
    0xE1, 0xC3, 0x87, 0x0E, 0x1C, 0x38, 0x70, 0xE1, 0xCF, 0xFF, 0xC0, 0x06, 0x00, 0x18, 0x00, 0xC0,
    0x03, 0x00, 0x00, 0xFF, 0x9F, 0xE3, 0x80, 0xF0, 0x70, 0x1C, 0x0E, 0x03, 0x81, 0xC0, 0x70, 0x38,
    0x0E, 0x07, 0x01, 0xC0, 0xE0, 0x38, 0x0F, 0x1F, 0x00, 0xFF, 0xE0, 0x00, 0x1C, 0x00, 0x03, 0x80,
    0x00, 0x70, 0x00, 0x0E, 0x00, 0x01, 0xC0, 0x00, 0x3C, 0x00, 0x1F, 0xE0, 0x07, 0x80, 0x00, 0xC0,
    0x00, 0x18, 0x00, 0x03, 0x00, 0x00, 0x40, 0x00, 0x08, 0x00, 0x01, 0x00, 0x00, 0x00, 0x00, 0xFF,
    0xFC, 0xE1, 0xC3, 0x87, 0x0E, 0x1C, 0x38, 0xF0, 0x7F, 0xC0, 0x07, 0x00, 0x1C, 0x00, 0x70, 0x01,
    0xC0, 0x1F, 0xC0, 0x70, 0x01, 0x00, 0x04, 0x00, 0x7C, 0x00, 0x7C, 0x3C, 0x01, 0xE0, 0x78, 0x03,
    0xC0, 0xF8, 0x0F, 0x81, 0xF0, 0x17, 0x03, 0x60, 0x2E, 0x06, 0xE0, 0xDC, 0x0D, 0xC1, 0x38, 0x19,
    0xC6, 0x70, 0x33, 0x88, 0xE0, 0x63, 0x11, 0xC0, 0xC7, 0x63, 0x81, 0x8E, 0x87, 0x03, 0x0F, 0x0E,
    0x06, 0x1C, 0x1C, 0x1E, 0x38, 0x38, 0x7E, 0x33, 0xFC, 0x00, 0x00, 0x18, 0x00, 0x00, 0x60, 0x00,
    0x00, 0xC0, 0x00, 0x03, 0x00, 0x00, 0x06, 0x00, 0xF8, 0x0F, 0x1C, 0x0F, 0x0F, 0x07, 0x07, 0x87,
    0x83, 0xE2, 0xC1, 0xB3, 0x60, 0xDD, 0x30, 0x66, 0x98, 0x33, 0x8C, 0x1C, 0xC7, 0x3F, 0x6F, 0xC0,
    0x00, 0x60, 0x00, 0x60, 0x00, 0x30, 0x00, 0x18, 0x00, 0x00, 0x06, 0x08, 0x00, 0xCE, 0x00, 0x1F,
    0x00, 0x00, 0x00, 0x00, 0x00, 0x00, 0x30, 0x00, 0x0E, 0x00, 0x03, 0x80, 0x01, 0xE0, 0x00, 0x7C,
    0x00, 0x17, 0x00, 0x0D, 0xE0, 0x02, 0x38, 0x01, 0x8E, 0x00, 0x61, 0xC0, 0x10, 0x70, 0x0F, 0xFC,
    0x03, 0x03, 0x80, 0x80, 0xE0, 0x60, 0x38, 0x38, 0x0F, 0x3F, 0x87, 0xF0, 0x60, 0x83, 0x38, 0x1F,
    0x00, 0x00, 0x00, 0x03, 0xF0, 0x77, 0x8E, 0x18, 0x61, 0x81, 0xF8, 0x7D, 0x8E, 0x18, 0xE1, 0xBC,
    0x3B, 0xE7, 0xF7, 0xCE, 0x03, 0x38, 0x01, 0xEE, 0x00, 0x33, 0x80, 0x00, 0x00, 0x00, 0x00, 0x00,
    0x30, 0x00, 0x0E, 0x00, 0x03, 0x80, 0x01, 0xE0, 0x00, 0x7C, 0x00, 0x17, 0x00, 0x0D, 0xE0, 0x02,
    0x38, 0x01, 0x8E, 0x00, 0x61, 0xC0, 0x10, 0x70, 0x0F, 0xFC, 0x03, 0x03, 0x80, 0x80, 0xE0, 0x60,
    0x38, 0x38, 0x0F, 0x3F, 0x87, 0xF0, 0x73, 0x87, 0x38, 0x73, 0x80, 0x00, 0x00, 0x00, 0x00, 0x3F,
    0x07, 0x78, 0xE1, 0x86, 0x18, 0x1F, 0x87, 0xD8, 0xE1, 0x8E, 0x1B, 0xC3, 0xBE, 0x7F, 0x7C, 0xE0,
    0x03, 0xFF, 0xF8, 0x03, 0xE0, 0xE0, 0x0B, 0x81, 0x80, 0x6E, 0x02, 0x01, 0x38, 0x08, 0x04, 0xE0,
    0x20, 0x33, 0x84, 0x00, 0x8E, 0x30, 0x07, 0xFF, 0xC0, 0x18, 0xE3, 0x00, 0x43, 0x84, 0x03, 0x0E,
    0x01, 0x08, 0x38, 0x0C, 0x20, 0xE0, 0x31, 0x83, 0x80, 0xCF, 0x0E, 0x1F, 0xFE, 0xFF, 0xF8, 0x00,
    0x00, 0x1F, 0x1F, 0x1D, 0xF9, 0xDC, 0x38, 0x66, 0x18, 0x38, 0xFF, 0xFD, 0xF6, 0x01, 0xC3, 0x00,
    0xE1, 0xC1, 0xE0, 0xE0, 0xB9, 0xDD, 0xCF, 0xC7, 0xC0, 0x04, 0x18, 0x03, 0x98, 0x00, 0xF8, 0x00,
    0x00, 0x00, 0x00, 0x07, 0xFF, 0xF0, 0x70, 0x38, 0x38, 0x06, 0x1C, 0x03, 0x0E, 0x01, 0x87, 0x00,
    0x43, 0x86, 0x01, 0xC7, 0x00, 0xFF, 0x80, 0x71, 0xC0, 0x38, 0x60, 0x1C, 0x01, 0x8E, 0x00, 0x87,
    0x00, 0x43, 0x80, 0x61, 0xC0, 0xF7, 0xFF, 0xF8, 0x60, 0xC7, 0x30, 0x7C, 0x00, 0x00, 0x00, 0x3F,
    0x0E, 0x73, 0x86, 0x60, 0xFF, 0xFF, 0x80, 0x70, 0x06, 0x06, 0xE0, 0x8F, 0x70, 0xFC, 0x67, 0xE0,
    0x7E, 0x78, 0x70, 0x1C, 0x60, 0x0E, 0x60, 0x0E, 0x60, 0x0F, 0x00, 0x07, 0x00, 0x07, 0x00, 0x07,
    0xFF, 0xFF, 0xE0, 0x07, 0xF0, 0x07, 0x70, 0x0E, 0x70, 0x0E, 0x38, 0x1C, 0x1E, 0x78, 0x0F, 0xF0,
    0x5F, 0x0E, 0x71, 0x87, 0x20, 0x70, 0x0E, 0x01, 0xFF, 0xFF, 0x07, 0x60, 0xCF, 0x78, 0xFC, 0x00,
    0x07, 0x38, 0x03, 0x9C, 0x01, 0xCE, 0x00, 0x00, 0x00, 0x00, 0x03, 0x3F, 0x81, 0xF9, 0xF0, 0xF0,
    0x1C, 0x70, 0x07, 0x30, 0x03, 0x98, 0x00, 0xE0, 0x00, 0x70, 0x00, 0x38, 0x00, 0x1F, 0xFF, 0xFF,
    0xC0, 0x07, 0xF0, 0x03, 0xB8, 0x01, 0xDC, 0x01, 0xC7, 0x01, 0xC1, 0xF3, 0xC0, 0x7F, 0x80, 0x39,
    0xC7, 0x78, 0xE7, 0x00, 0x00, 0x00, 0x00, 0x17, 0xC3, 0x9C, 0x61, 0xC8, 0x1C, 0x03, 0x80, 0x7F,
    0xFF, 0xC1, 0xD8, 0x33, 0xDE, 0x3F, 0x00, 0x00, 0x39, 0xC0, 0x00, 0x03, 0x9C, 0x00, 0x00, 0x39,
    0xC0, 0x00, 0x00, 0x00, 0x00, 0x00, 0x00, 0x00, 0x0F, 0xC3, 0xFC, 0x3F, 0x78, 0x0F, 0x01, 0xE1,
    0x80, 0xE0, 0x30, 0x06, 0x0E, 0x06, 0x00, 0x30, 0xE0, 0xC0, 0x01, 0x8E, 0x18, 0x00, 0x0C, 0xE3,
    0x00, 0x01, 0xEE, 0x70, 0x00, 0x1F, 0xEF, 0x80, 0x03, 0x9F, 0x9C, 0x00, 0x78, 0xF1, 0xE0, 0x07,
    0x0E, 0x0E, 0x00, 0xE0, 0xE0, 0x70, 0x1C, 0x0E, 0x07, 0x83, 0xC0, 0xE0, 0x38, 0x7C, 0x0F, 0x03,
    0xEF, 0xE3, 0xFC, 0x7F, 0x01, 0x9C, 0x00, 0x1E, 0xE0, 0x00, 0x67, 0x00, 0x00, 0x00, 0x00, 0x00,
    0x00, 0x00, 0x00, 0x01, 0xF7, 0xF7, 0xC7, 0x0E, 0x1C, 0x0C, 0x71, 0x80, 0x33, 0xB8, 0x00, 0xFF,
    0x80, 0x0F, 0xFE, 0x00, 0xE7, 0x38, 0x0E, 0x38, 0xC0, 0xE1, 0xC7, 0x0F, 0x0E, 0x1E, 0xFD, 0xFD,
    0xF8, 0x1C, 0xC0, 0x77, 0x81, 0xCC, 0x00, 0x00, 0x00, 0x03, 0x7F, 0x0F, 0x9F, 0x38, 0x1C, 0xC0,
    0x3B, 0x00, 0xE0, 0x07, 0x00, 0x78, 0x0F, 0xC0, 0x07, 0xC0, 0x07, 0x80, 0x0E, 0x00, 0x3E, 0x00,
    0xFC, 0x03, 0xB0, 0x1E, 0x79, 0xF0, 0xFF, 0x00, 0x31, 0x8F, 0x78, 0xC6, 0x00, 0x00, 0x00, 0x00,
    0x3F, 0xE7, 0x1E, 0xC0, 0xC0, 0x78, 0x7C, 0x01, 0xE0, 0x0C, 0x01, 0xF0, 0x33, 0x1E, 0x7F, 0x80,
    0xFF, 0xFF, 0x03, 0xC0, 0x68, 0x0C, 0x81, 0x80, 0x70, 0x0C, 0x01, 0xF8, 0x19, 0xE0, 0x0E, 0x00,
    0x70, 0x07, 0xE0, 0x7E, 0x07, 0xE0, 0xEF, 0x1E, 0x7F, 0x80, 0xFF, 0xB8, 0x68, 0x32, 0x0C, 0x06,
    0x03, 0x01, 0x80, 0xF8, 0x27, 0x00, 0xE0, 0x1B, 0x06, 0xC3, 0xB0, 0xEE, 0x71, 0xF8, 0x07, 0xFC,
    0x00, 0x00, 0x00, 0x00, 0x00, 0x00, 0x00, 0x00, 0x00, 0x01, 0xFF, 0x3F, 0xC7, 0x01, 0xE0, 0xE0,
    0x38, 0x1C, 0x0F, 0x03, 0x81, 0xE0, 0x70, 0x7C, 0x0E, 0x1B, 0x81, 0xC2, 0x70, 0x38, 0xCE, 0x07,
    0x31, 0xC0, 0xE4, 0x38, 0x1D, 0x07, 0x03, 0xE0, 0xE0, 0x78, 0x1C, 0x0E, 0x03, 0x81, 0xC0, 0x79,
    0xFF, 0x3F, 0xC0, 0x1F, 0xE0, 0x00, 0x00, 0x00, 0x00, 0x00, 0x00, 0x00, 0x00, 0x0F, 0xFF, 0xCE,
    0x1C, 0x38, 0x70, 0xE3, 0xC3, 0x9F, 0x0E, 0xDC, 0x3E, 0x70, 0xF1, 0xC3, 0x87, 0x0E, 0x1C, 0xFF,
    0xFC, 0x03, 0x9C, 0x00, 0x77, 0x80, 0x0E, 0x70, 0x00, 0x00, 0x00, 0x00, 0x01, 0xFF, 0x3F, 0xC7,
    0x01, 0xE0, 0xE0, 0x38, 0x1C, 0x0F, 0x03, 0x81, 0xE0, 0x70, 0x7C, 0x0E, 0x1B, 0x81, 0xC2, 0x70,
    0x38, 0xCE, 0x07, 0x31, 0xC0, 0xE4, 0x38, 0x1D, 0x07, 0x03, 0xE0, 0xE0, 0x78, 0x1C, 0x0E, 0x03,
    0x81, 0xC0, 0x79, 0xFF, 0x3F, 0xC0, 0x1C, 0xE0, 0x73, 0x81, 0xCE, 0x00, 0x00, 0x00, 0x00, 0x00,
    0x0F, 0xFF, 0xCE, 0x1C, 0x38, 0x70, 0xE3, 0xC3, 0x9F, 0x0E, 0xDC, 0x3E, 0x70, 0xF1, 0xC3, 0x87,
    0x0E, 0x1C, 0xFF, 0xFC, 0x07, 0x30, 0x01, 0xDE, 0x00, 0x73, 0x00, 0x00, 0x00, 0x00, 0x00, 0x01,
    0xFC, 0x01, 0xF3, 0xC0, 0xF0, 0x38, 0x38, 0x07, 0x1C, 0x01, 0xC7, 0x00, 0x3B, 0xC0, 0x0E, 0xE0,
    0x03, 0xB8, 0x00, 0xEE, 0x00, 0x3B, 0xC0, 0x0E, 0x70, 0x03, 0x9C, 0x01, 0xC3, 0x80, 0x70, 0xF0,
    0x38, 0x1F, 0x3C, 0x01, 0xFC, 0x00, 0x39, 0xC3, 0x9C, 0x39, 0xC0, 0x00, 0x00, 0x00, 0x00, 0x1F,
    0x83, 0x9C, 0x70, 0x66, 0x07, 0xE0, 0x7E, 0x07, 0xE0, 0x76, 0x07, 0x70, 0x63, 0x9E, 0x1F, 0x80,
    0x07, 0xF0, 0x07, 0xCF, 0x03, 0xC0, 0xE1, 0xE0, 0x1C, 0x70, 0x07, 0x3C, 0x00, 0xEF, 0x00, 0x3B,
    0xFF, 0x8E, 0xF3, 0xFF, 0xB8, 0x00, 0xEF, 0x00, 0x39, 0xC0, 0x0E, 0x70, 0x07, 0x0E, 0x01, 0xC3,
    0xC0, 0xE0, 0x7C, 0xF0, 0x07, 0xF0, 0x00, 0x1F, 0x83, 0x9E, 0x70, 0x66, 0x07, 0xFF, 0x7E, 0xFF,
    0xE0, 0x76, 0x07, 0x70, 0x63, 0x9C, 0x1F, 0x80, 0x07, 0x30, 0x01, 0xDE, 0x00, 0x73, 0x00, 0x00,
    0x00, 0x00, 0x00, 0x01, 0xFC, 0x01, 0xF3, 0xC0, 0xF0, 0x38, 0x78, 0x07, 0x1C, 0x01, 0xCF, 0x00,
    0x3B, 0xC0, 0x0E, 0xFF, 0xE3, 0xBC, 0xFF, 0xEE, 0x00, 0x3B, 0xC0, 0x0E, 0x70, 0x03, 0x9C, 0x01,
    0xC3, 0x80, 0x70, 0xF0, 0x38, 0x1F, 0x3C, 0x01, 0xFC, 0x00, 0x39, 0xC3, 0x9C, 0x39, 0xC0, 0x00,
    0x00, 0x00, 0x00, 0x1F, 0x83, 0x9C, 0x70, 0x66, 0x07, 0xFF, 0x7E, 0xFF, 0xE0, 0x76, 0x07, 0x70,
    0x63, 0x9E, 0x1F, 0x80, 0x1C, 0xE0, 0x1C, 0xE0, 0x1C, 0xE0, 0x00, 0x00, 0x00, 0x00, 0xCF, 0xE0,
    0xFC, 0xF0, 0xE0, 0x38, 0xC0, 0x1C, 0xC0, 0x0E, 0xC0, 0x0E, 0x00, 0x0F, 0x00, 0x07, 0x3F, 0xCF,
    0x07, 0xFF, 0x00, 0x0F, 0x00, 0x0E, 0x80, 0x0E, 0xC0, 0x1C, 0x60, 0x3C, 0x38, 0xF0, 0x1F, 0xE0,
    0x31, 0x8F, 0x78, 0xC6, 0x00, 0x00, 0x00, 0x00, 0x3F, 0xC7, 0xBC, 0xC1, 0xC0, 0x18, 0xF3, 0x8F,
    0xF0, 0x0D, 0x83, 0x90, 0x73, 0xBC, 0x3F, 0x00, 0x07, 0xFC, 0x00, 0x00, 0x00, 0x00, 0x00, 0x00,
    0x00, 0x00, 0x00, 0x01, 0xFE, 0x0F, 0xCF, 0x00, 0xE0, 0xE0, 0x18, 0x0E, 0x03, 0x01, 0xE0, 0x40,
    0x1C, 0x18, 0x01, 0xC3, 0x00, 0x3C, 0x40, 0x03, 0x98, 0x00, 0x3A, 0x00, 0x07, 0xC0, 0x00, 0x78,
    0x03, 0x86, 0x00, 0x70, 0xC0, 0x0E, 0x30, 0x00, 0xCE, 0x00, 0x1F, 0x00, 0x00, 0x1F, 0xE0, 0x00,
    0x00, 0x00, 0x00, 0x00, 0x00, 0x00, 0x03, 0xF3, 0xE7, 0x0E, 0x38, 0x60, 0xC2, 0x07, 0x10, 0x19,
    0x80, 0xE8, 0x07, 0xC0, 0x1C, 0x00, 0xE0, 0x02, 0x00, 0x30, 0x01, 0x81, 0xC8, 0x0F, 0xC0, 0x3C,
    0x00, 0x03, 0x9C, 0x00, 0x73, 0x80, 0x0E, 0x70, 0x00, 0x00, 0x00, 0x00, 0x01, 0xFE, 0x0F, 0xCF,
    0x00, 0xE0, 0xE0, 0x18, 0x0E, 0x03, 0x01, 0xE0, 0x40, 0x1C, 0x18, 0x01, 0xC3, 0x00, 0x3C, 0x40,
    0x03, 0x98, 0x00, 0x3A, 0x00, 0x07, 0xC0, 0x00, 0x78, 0x03, 0x86, 0x00, 0x70, 0xC0, 0x0E, 0x30,
    0x00, 0xCE, 0x00, 0x1F, 0x00, 0x00, 0x1C, 0xE0, 0xE7, 0x07, 0x38, 0x00, 0x00, 0x00, 0x00, 0x03,
    0xF3, 0xE7, 0x0E, 0x38, 0x60, 0xC2, 0x07, 0x10, 0x19, 0x80, 0xE8, 0x07, 0xC0, 0x1C, 0x00, 0xE0,
    0x02, 0x00, 0x30, 0x01, 0x81, 0xC8, 0x0F, 0xC0, 0x3C, 0x00, 0x01, 0xFF, 0x00, 0x7F, 0x80, 0x00,
    0x00, 0x00, 0x00, 0x0F, 0xF0, 0x7E, 0x78, 0x07, 0x07, 0x00, 0xC0, 0x70, 0x18, 0x0F, 0x02, 0x00,
    0xE0, 0xC0, 0x0E, 0x18, 0x01, 0xE2, 0x00, 0x1C, 0xC0, 0x01, 0xD0, 0x00, 0x3E, 0x00, 0x03, 0xC0,
    0x1C, 0x30, 0x03, 0x86, 0x00, 0x71, 0x80, 0x06, 0x70, 0x00, 0xF8, 0x00, 0x03, 0x38, 0x3B, 0xC3,
    0xB8, 0x31, 0x00, 0x00, 0x7E, 0x7C, 0xE1, 0xC7, 0x0C, 0x18, 0x40, 0xE2, 0x03, 0x30, 0x1D, 0x00,
    0xF8, 0x03, 0x80, 0x1C, 0x00, 0x40, 0x06, 0x00, 0x30, 0x39, 0x01, 0xF8, 0x07, 0x80, 0x00, 0x03,
    0x9C, 0x00, 0x77, 0x80, 0x0E, 0x70, 0x00, 0x00, 0x00, 0x00, 0x01, 0xFF, 0x3F, 0xC7, 0x01, 0xE0,
    0xE0, 0x38, 0x1C, 0x07, 0x03, 0x80, 0xE0, 0x70, 0x1C, 0x0E, 0x03, 0x81, 0xC0, 0x70, 0x1E, 0x3E,
    0x01, 0xFF, 0xC0, 0x00, 0x38, 0x00, 0x07, 0x00, 0x00, 0xE0, 0x00, 0x1C, 0x00, 0x03, 0x80, 0x00,
    0x78, 0x00, 0x3F, 0xC0, 0x1C, 0xE0, 0x73, 0x81, 0xCE, 0x00, 0x00, 0x00, 0x00, 0x00, 0x0F, 0xFF,
    0xCE, 0x1C, 0x38, 0x70, 0xE1, 0xC3, 0x8F, 0x07, 0xFC, 0x00, 0x70, 0x01, 0xC0, 0x07, 0x00, 0x1C,
    0x01, 0xFC, 0xFF, 0xFC, 0x38, 0x38, 0x70, 0x18, 0xE0, 0x31, 0xC0, 0x63, 0x80, 0x47, 0x00, 0x0E,
    0x00, 0x1C, 0x00, 0x38, 0x00, 0x70, 0x00, 0xE0, 0x01, 0xC0, 0x03, 0x80, 0x07, 0x00, 0x0F, 0x00,
    0xFF, 0xC0, 0x07, 0x80, 0x03, 0x00, 0x06, 0x00, 0x04, 0x00, 0x08, 0x00, 0xFF, 0xE7, 0x1C, 0xE1,
    0x9C, 0x33, 0x80, 0x70, 0x0E, 0x01, 0xC0, 0x38, 0x07, 0x03, 0xFC, 0x03, 0x80, 0x30, 0x06, 0x00,
    0x00, 0xE7, 0x00, 0x00, 0xE7, 0x00, 0x00, 0xE7, 0x00, 0x00, 0x00, 0x00, 0x00, 0x00, 0x00, 0x7F,
    0x01, 0xFF, 0x1C, 0x00, 0x38, 0x1C, 0x00, 0x38, 0x1C, 0x00, 0x38, 0x1C, 0x00, 0x38, 0x1C, 0x00,
    0x38, 0x1C, 0x00, 0x38, 0x1F, 0xFC, 0x38, 0x1C, 0x3E, 0x38, 0x1C, 0x0F, 0x38, 0x1C, 0x07, 0x38,
    0x1C, 0x07, 0xB8, 0x1C, 0x07, 0xB8, 0x1C, 0x07, 0x38, 0x1C, 0x0F, 0x38, 0x1C, 0x1E, 0x38, 0xFF,
    0xFD, 0xFF, 0x07, 0x38, 0x01, 0xCE, 0x00, 0x73, 0x80, 0x00, 0x00, 0x00, 0x00, 0x00, 0x00, 0x0F,
    0xE1, 0xFC, 0xE0, 0x1C, 0x38, 0x07, 0x0E, 0x01, 0xC3, 0xFC, 0x70, 0xE7, 0x9C, 0x38, 0x77, 0x0E,
    0x1D, 0xC3, 0x87, 0x70, 0xE7, 0x9C, 0xFF, 0xDF, 0xC0, 0x7F, 0x1F, 0x87, 0x83, 0xC0, 0xE0, 0xC0,
    0x3C, 0x60, 0x07, 0x18, 0x00, 0xEC, 0x00, 0x3E, 0x00, 0x07, 0x80, 0x00, 0xE0, 0x00, 0x7C, 0x00,
    0x17, 0x80, 0x0C, 0xE0, 0x06, 0x1C, 0x03, 0x07, 0x80, 0xC0, 0xE0, 0xF0, 0x1C, 0xFE, 0x07, 0x00,
    0x00, 0xE0, 0x00, 0x38, 0x01, 0xCE, 0x00, 0x77, 0x00, 0x1F, 0x80, 0xFC, 0xF9, 0xC7, 0x87, 0x30,
    0x1B, 0x00, 0xF0, 0x03, 0x80, 0x1E, 0x01, 0xB8, 0x18, 0xC3, 0xC3, 0x3E, 0x1C, 0x00, 0x60, 0x03,
    0x01, 0x98, 0x0D, 0xC0, 0x7C, 0x7F, 0x1F, 0x83, 0xC1, 0xE0, 0x38, 0x30, 0x03, 0x8C, 0x00, 0x7B,
    0x00, 0x07, 0xC0, 0x00, 0x78, 0x03, 0xFF, 0xFC, 0x00, 0xE0, 0x00, 0x3E, 0x00, 0x0D, 0xE0, 0x01,
    0x9C, 0x00, 0x61, 0xC0, 0x18, 0x3C, 0x03, 0x03, 0x81, 0xE0, 0x78, 0xFE, 0x1F, 0xC0, 0xFC, 0xF9,
    0xC7, 0x87, 0x30, 0x1E, 0x0F, 0xFF, 0x83, 0x80, 0x3E, 0x01, 0x38, 0x18, 0xE3, 0xC7, 0xBE, 0x7E,
    0x7D, 0xFF, 0xF8, 0x7D, 0xFF, 0xF8, 0xFF, 0xF8, 0xFF, 0xF8, 0xFF, 0xFF, 0xFF, 0x80, 0xD6, 0xB7,
    0xBD, 0xEF, 0x7B, 0xDE, 0xF7, 0xBD, 0xEF, 0x7B, 0xDE, 0xF7, 0xBD, 0xEF, 0x7B, 0xD0, 0x00, 0x02,
    0x64, 0x4E, 0x77, 0x00, 0xEE, 0xE2, 0x22, 0x4C, 0xEE, 0xE2, 0x22, 0x4C, 0xEE, 0xE8, 0x8C, 0x42,
    0x31, 0x98, 0x44, 0x21, 0x08, 0x73, 0x9C, 0xE7, 0x38, 0x42, 0x73, 0xB9, 0xEE, 0x72, 0x19, 0x09,
    0x8D, 0x84, 0x00, 0x00, 0xE3, 0x73, 0xFD, 0xE6, 0x32, 0x19, 0x09, 0x8D, 0x84, 0xE3, 0xFB, 0xF9,
    0xF0, 0x88, 0x66, 0x11, 0x0C, 0x42, 0x1C, 0x0E, 0x07, 0x01, 0x80, 0x80, 0x43, 0xFE, 0x10, 0x08,
    0x0E, 0x07, 0x03, 0x81, 0xC0, 0xE0, 0x70, 0x38, 0x1C, 0x0E, 0x03, 0x01, 0x00, 0x80, 0x40, 0x20,
    0x1C, 0x0E, 0x07, 0x01, 0x00, 0x87, 0xFC, 0x20, 0x10, 0x0C, 0x0E, 0x07, 0x03, 0x81, 0xC0, 0xE0,
    0x20, 0x10, 0xFF, 0x84, 0x02, 0x03, 0x81, 0xC0, 0xE0, 0x3F, 0x0F, 0xF1, 0xFF, 0x7F, 0xEF, 0xFD,
    0xFF, 0xBF, 0xF3, 0xFE, 0x7F, 0x87, 0xE0, 0xE1, 0xC3, 0x70, 0xE1, 0xF8, 0x70, 0xE0, 0x3F, 0xCF,
    0xE1, 0xFC, 0x7F, 0x8F, 0xF1, 0xFE, 0x3F, 0xC7, 0xF8, 0x7F, 0x07, 0xE0, 0x3C, 0x00, 0x80, 0x10,
    0x02, 0x00, 0x40, 0x08, 0x01, 0x00, 0x20, 0x04, 0x00, 0x80, 0x7C, 0x3C, 0x01, 0x80, 0x0E, 0xC0,
    0x70, 0x01, 0x8E, 0x3E, 0x00, 0x71, 0xFF, 0x80, 0x0C, 0x30, 0xF0, 0x01, 0x86, 0x1C, 0x00, 0x30,
    0xC7, 0x00, 0x07, 0x11, 0xE0, 0x00, 0x76, 0x38, 0x00, 0x07, 0x8E, 0x00, 0x00, 0x03, 0xDE, 0x1E,
    0x00, 0x77, 0x67, 0x60, 0x1C, 0xC4, 0xC6, 0x07, 0xB8, 0xD8, 0x40, 0xE6, 0x1F, 0x08, 0x38, 0xC3,
    0xE1, 0x0E, 0x1C, 0x6C, 0x21, 0xC1, 0x89, 0x8C, 0x70, 0x3B, 0x3B, 0x1C, 0x03, 0xC3, 0xC1, 0x80,
    0x00, 0x00, 0x20, 0x00, 0x00, 0x00, 0x3C, 0x01, 0x80, 0x00, 0x07, 0x60, 0x38, 0x00, 0x00, 0x63,
    0x8F, 0x80, 0x00, 0x0E, 0x3F, 0xF0, 0x00, 0x00, 0xC3, 0x0F, 0x00, 0x00, 0x0C, 0x30, 0xE0, 0x00,
    0x00, 0xC3, 0x1C, 0x00, 0x00, 0x0E, 0x23, 0xC0, 0x00, 0x00, 0x76, 0x38, 0x00, 0x00, 0x03, 0xC7,
    0x00, 0x00, 0x00, 0x00, 0xF7, 0x83, 0xC3, 0xC0, 0x0E, 0xEC, 0x6C, 0x76, 0x01, 0xCC, 0x4C, 0x66,
    0x20, 0x3D, 0xC6, 0xC2, 0xE3, 0x03, 0x98, 0x6C, 0x2C, 0x30, 0x71, 0x86, 0xC2, 0xC3, 0x0E, 0x1C,
    0x6C, 0x2E, 0x30, 0xE0, 0xC4, 0xC6, 0x62, 0x1C, 0x0E, 0xC6, 0xC7, 0x63, 0x80, 0x78, 0x3C, 0x3C,
    0x18, 0x00, 0x00, 0x00, 0x01, 0x00, 0x00, 0x00, 0x00, 0x00, 0x0C, 0x10, 0x61, 0x86, 0x1C, 0x38,
    0x30, 0x30, 0x30, 0x20, 0x60, 0x00, 0x81, 0x83, 0x03, 0x03, 0x03, 0x0E, 0x18, 0x61, 0x83, 0x04,
    0x00, 0xC7, 0x0D, 0x9E, 0x63, 0x73, 0x06, 0x18, 0x0C, 0xC3, 0xDE, 0xEF, 0x33, 0xFD, 0xEE, 0x0C,
    0xC0, 0x7F, 0x83, 0x7B, 0x19, 0xC6, 0x40, 0x08, 0x1C, 0x07, 0x87, 0xFB, 0xFF, 0xFD, 0xC3, 0xE0,
    0xF0, 0x38, 0x0C, 0x03, 0x00, 0xC0, 0x30, 0x0C, 0x03, 0x01, 0xE0, 0x30, 0x81, 0xF3, 0x9F, 0x80,
    0x3F, 0x9E, 0x3A, 0x01, 0x80, 0x00, 0x00, 0x40, 0x18, 0x03, 0x00, 0x60, 0x1C, 0x03, 0x80, 0x60,
    0x1C, 0x03, 0x80, 0xE0, 0x1C, 0x03, 0x80, 0xE0, 0x1C, 0x03, 0x80, 0xE0, 0x1C, 0x03, 0x00, 0xE0,
    0x1C, 0x03, 0x00, 0xE0, 0x1C, 0x03, 0x00, 0x60, 0x1C, 0x03, 0x00, 0x60, 0x00, 0x00, 0x3C, 0xF1,
    0x83, 0x0E, 0x1C, 0x38, 0x70, 0xE0, 0xC1, 0x83, 0xC1, 0xCF, 0x18, 0x30, 0xE1, 0xC3, 0x87, 0x0E,
    0x0C, 0x18, 0x3C, 0x3C, 0x78, 0xF8, 0x30, 0x60, 0xC1, 0x83, 0x06, 0x0C, 0x18, 0x31, 0xE7, 0x07,
    0x87, 0x06, 0x0C, 0x18, 0x30, 0x60, 0xC1, 0x83, 0x1E, 0x78, 0x00, 0x4E, 0x19, 0xE3, 0x38, 0xE0,
    0x1C, 0x07, 0x00, 0xE0, 0x38, 0x07, 0x01, 0xC0, 0x38, 0x0E, 0x01, 0xC0, 0x70, 0x0E, 0x03, 0x9C,
    0x73, 0xDC, 0x71, 0x80, 0x20, 0x04, 0x00, 0x7E, 0x73, 0xA0, 0x60, 0x00, 0xC0, 0x07, 0xF3, 0x0F,
    0xFF, 0x3C, 0xCF, 0x38, 0xC7, 0x70, 0xC3, 0x70, 0xC3, 0xF0, 0xC1, 0xE0, 0xC0, 0xE0, 0xC0, 0xE0,
    0xC0, 0xF0, 0xC1, 0x70, 0xC1, 0x70, 0xC3, 0x38, 0xC2, 0x3C, 0xC6, 0x0F, 0xDC, 0x07, 0xF8, 0x00,
    0xC0, 0x01, 0xF0, 0x07, 0x70, 0x1C, 0x30, 0x30, 0xE0, 0x61, 0xC0, 0xC0, 0x01, 0x80, 0x0F, 0xE0,
    0x06, 0x00, 0x0C, 0x00, 0x18, 0x00, 0xFE, 0x00, 0x60, 0x00, 0xC0, 0x1F, 0x81, 0xEF, 0xE6, 0xF9,
    0xF8, 0x7E, 0x0F, 0xE3, 0xC0, 0xF0, 0x7C, 0x04, 0x0F, 0xC0, 0x81, 0xB8, 0x10, 0x37, 0x82, 0x06,
    0x70, 0x47, 0xFF, 0xFF, 0x18, 0xF1, 0x03, 0x07, 0x23, 0xFF, 0xFF, 0x8C, 0x0F, 0x81, 0x80, 0xF0,
    0x30, 0x0E, 0x0F, 0x01, 0xC3, 0xF0, 0x18, 0x00, 0x02, 0x00, 0xFE, 0x7F, 0x8F, 0xCF, 0x07, 0x81,
    0xE1, 0xC0, 0xE0, 0x30, 0x70, 0x38, 0x1C, 0x1C, 0x0F, 0x07, 0x07, 0x07, 0xC1, 0xC0, 0xE1, 0xF0,
    0x60, 0xFF, 0xFF, 0xFC, 0x0E, 0x17, 0x0E, 0x01, 0xCC, 0xE2, 0x80, 0x72, 0x39, 0xA0, 0xFF, 0xFF,
    0xFC, 0x03, 0xE1, 0xF0, 0x00, 0xF0, 0x7C, 0x00, 0x3C, 0x0F, 0x00, 0x07, 0x03, 0xC0, 0x01, 0xC0,
    0xE0, 0x00, 0x20, 0x18, 0x00, 0x00, 0x06, 0x00, 0x00, 0x01, 0x80, 0x00, 0x00, 0x60, 0x00, 0x00,
    0x00, 0x00, 0x00, 0x00, 0x00, 0x00, 0x00, 0x00, 0x00, 0x60, 0x07, 0xC0, 0x07, 0x00, 0x1C, 0x0F,
    0xF8, 0x01, 0xC0, 0xFF, 0x0F, 0x7C, 0x70, 0x71, 0xC1, 0xC6, 0x07, 0x38, 0x1C, 0x60, 0x71, 0xC1,
    0xC7, 0x07, 0x0E, 0x7C, 0x1F, 0xFC, 0x00, 0x07, 0xFF, 0xC0, 0x00, 0xFF, 0x00, 0xF1, 0xE0, 0x70,
    0x18, 0x38, 0x00, 0x1C, 0x00, 0x07, 0x00, 0x01, 0x80, 0x03, 0xFF, 0xF8, 0xFF, 0xFC, 0x06, 0x00,
    0x01, 0xC0, 0x00, 0x70, 0x00, 0x0E, 0x00, 0xC1, 0xC0, 0x70, 0x3C, 0xF8, 0x03, 0xF8, 0x00, 0xC0,
    0x01, 0xFC, 0xC0, 0xFF, 0xB0, 0xF3, 0x3C, 0x38, 0xC7, 0x1C, 0x30, 0xC7, 0x0C, 0x33, 0xC3, 0x04,
    0xE0, 0xC0, 0x38, 0x30, 0x0E, 0x0C, 0x03, 0xC3, 0xFF, 0x70, 0xC7, 0x1C, 0x31, 0xC3, 0x8C, 0x70,
    0xF3, 0x1C, 0x0F, 0xDF, 0x01, 0xFE, 0x00, 0x0C, 0x00, 0x00, 0xC0, 0x00, 0x1C, 0x00, 0x07, 0x80,
    0x00, 0xF8, 0x00, 0x37, 0x00, 0x06, 0x70, 0x01, 0x8E, 0x00, 0x30, 0xE0, 0x0C, 0x1C, 0x01, 0x81,
    0xC0, 0x60, 0x38, 0x0C, 0x03, 0x83, 0x00, 0x70, 0x60, 0x07, 0x18, 0x00, 0xE3, 0x00, 0x0E, 0xFF,
    0xFF, 0xDF, 0xFF, 0xFC, 0x00, 0x78, 0x01, 0x00, 0x0C, 0x00, 0x30, 0x00, 0xC0, 0x02, 0x00, 0x18,
    0x00, 0x60, 0x01, 0x00, 0x04, 0x01, 0x30, 0x0C, 0xC0, 0x72, 0x01, 0xD8, 0x0F, 0xE0, 0x07, 0x80,
    0x1C, 0x00, 0x70, 0x01, 0xC0, 0x02, 0x00,
};

static const EpdGlyph cmu_12Glyphs[] = {
    { 0, 0, 8, 0, 0, 0, 0 }, // 
    { 0, 0, 8, 0, 0, 0, 0 }, //  
    { 3, 17, 7, 2, 17, 7, 0 }, // !
    { 8, 10, 13, 2, 17, 10, 7 }, // "
    { 19, 22, 21, 1, 17, 53, 17 }, // #
    { 11, 19, 13, 1, 18, 27, 70 }, // $
    { 19, 20, 21, 1, 19, 48, 97 }, // %
    { 18, 17, 19, 1, 17, 39, 145 }, // &
    { 3, 10, 7, 2, 17, 4, 184 }, // '
    { 7, 26, 10, 2, 19, 23, 188 }, // (
    { 7, 26, 10, 1, 19, 23, 211 }, // )
    { 10, 12, 13, 1, 19, 15, 234 }, // *
    { 17, 15, 19, 1, 14, 32, 249 }, // +
    { 4, 8, 7, 2, 3, 4, 281 }, // ,
    { 7, 1, 8, 0, 6, 1, 285 }, // -
    { 3, 3, 7, 2, 3, 2, 286 }, // .
    { 11, 26, 13, 1, 19, 36, 288 }, // /
    { 12, 17, 13, 0, 17, 26, 324 }, // 0
    { 9, 17, 13, 2, 17, 20, 350 }, // 1
    { 11, 17, 13, 1, 17, 24, 370 }, // 2
    { 11, 17, 13, 1, 17, 24, 394 }, // 3
    { 12, 18, 13, 0, 18, 27, 418 }, // 4
    { 11, 17, 13, 1, 17, 24, 445 }, // 5
    { 11, 17, 13, 1, 17, 24, 469 }, // 6
    { 12, 17, 13, 1, 17, 26, 493 }, // 7
    { 11, 17, 13, 1, 17, 24, 519 }, // 8
    { 11, 17, 13, 1, 17, 24, 543 }, // 9
    { 3, 11, 7, 2, 11, 5, 567 }, // :
    { 4, 16, 7, 2, 11, 8, 572 }, // ;
    { 16, 15, 19, 2, 14, 30, 580 }, // <
    { 17, 7, 19, 1, 10, 15, 610 }, // =
    { 16, 15, 19, 2, 14, 30, 625 }, // >
    { 10, 17, 12, 1, 17, 22, 655 }, // ?
    { 18, 17, 19, 1, 17, 39, 677 }, // @
    { 18, 17, 19, 0, 17, 39, 716 }, // A
    { 17, 17, 18, 0, 17, 37, 755 }, // B
    { 16, 17, 18, 1, 17, 34, 792 }, // C
    { 18, 17, 19, 0, 17, 39, 826 }, // D
    { 17, 17, 17, 0, 17, 37, 865 }, // E
    { 16, 17, 16, 0, 17, 34, 902 }, // F
    { 18, 17, 20, 1, 17, 39, 936 }, // G
    { 18, 17, 19, 0, 17, 39, 975 }, // H
    { 9, 17, 9, 0, 17, 20, 1014 }, // I
    { 11, 17, 13, 1, 17, 24, 1034 }, // J
    { 19, 17, 19, 0, 17, 41, 1058 }, // K
    { 15, 17, 16, 0, 17, 32, 1099 }, // L
    { 22, 17, 23, 0, 17, 47, 1131 }, // M
    { 18, 17, 19, 0, 17, 39, 1178 }, // N
    { 18, 17, 19, 1, 17, 39, 1217 }, // O
    { 16, 17, 17, 0, 17, 34, 1256 }, // P
    { 18, 22, 19, 1, 17, 50, 1290 }, // Q
    { 19, 17, 18, 0, 17, 41, 1340 }, // R
    { 12, 17, 14, 1, 17, 26, 1381 }, // S
    { 18, 17, 18, 0, 17, 39, 1407 }, // T
    { 18, 17, 19, 0, 17, 39, 1446 }, // U
    { 19, 17, 19, 0, 17, 41, 1485 }, // V
    { 26, 18, 26, 0, 17, 59, 1526 }, // W
    { 19, 17, 19, 0, 17, 41, 1585 }, // X
    { 19, 17, 19, 0, 17, 41, 1626 }, // Y
    { 13, 17, 15, 1, 17, 28, 1667 }, // Z
    { 5, 25, 7, 2, 19, 16, 1695 }, // [
    { 11, 26, 13, 1, 19, 36, 1711 }, // <backslash>
    { 5, 25, 7, 0, 19, 16, 1747 }, // ]
    { 11, 4, 15, 2, 16, 6, 1763 }, // ^
    { 16, 1, 19, 2, -5, 2, 1769 }, // _
    { 6, 4, 13, 2, 16, 3, 1771 }, // `
    { 12, 11, 13, 1, 11, 17, 1774 }, // a
    { 14, 17, 14, 0, 17, 30, 1791 }, // b
    { 11, 11, 11, 0, 11, 16, 1821 }, // c
    { 14, 17, 14, 0, 17, 30, 1837 }, // d
    { 11, 11, 11, 0, 11, 16, 1867 }, // e
    { 9, 17, 8, 0, 17, 20, 1883 }, // f
    { 13, 16, 13, 0, 11, 26, 1903 }, // g
    { 14, 17, 14, 0, 17, 30, 1929 }, // h
    { 7, 17, 7, 0, 17, 15, 1959 }, // i
    { 7, 22, 8, -1, 17, 20, 1974 }, // j
    { 13, 17, 13, 0, 17, 28, 1994 }, // k
    { 7, 17, 7, 0, 17, 15, 2022 }, // l
    { 21, 11, 21, 0, 11, 29, 2037 }, // m
    { 14, 11, 14, 0, 11, 20, 2066 }, // n
    { 12, 11, 13, 0, 11, 17, 2086 }, // o
    { 14, 16, 14, 0, 11, 28, 2103 }, // p
    { 14, 16, 13, 0, 11, 28, 2131 }, // q
    { 10, 11, 10, 0, 11, 14, 2159 }, // r
    { 9, 11, 10, 0, 11, 13, 2173 }, // s
    { 9, 15, 10, 0, 15, 17, 2186 }, // t
    { 14, 11, 14, 0, 11, 20, 2203 }, // u
    { 13, 11, 13, 0, 11, 18, 2223 }, // v
    { 18, 11, 18, 0, 11, 25, 2241 }, // w
    { 13, 11, 13, 0, 11, 18, 2266 }, // x
    { 13, 16, 13, 0, 11, 26, 2284 }, // y
    { 11, 11, 11, 0, 11, 16, 2310 }, // z
    { 10, 25, 13, 1, 19, 32, 2326 }, // {
    { 2, 26, 7, 2, 19, 7, 2358 }, // |
    { 10, 25, 13, 1, 19, 32, 2365 }, // }
    { 12, 3, 15, 2, 17, 5, 2397 }, // ~
    { 0, 0, 8, 0, 0, 0, 2402 }, //  
    { 3, 19, 7, 2, 13, 8, 2402 }, // ¡
    { 12, 13, 13, 0, 12, 20, 2410 }, // ¢
    { 15, 17, 16, 1, 17, 32, 2430 }, // £
    { 19, 17, 19, 0, 17, 41, 2462 }, // ¥
    { 9, 22, 11, 1, 17, 25, 2503 }, // §
    { 8, 3, 13, 2, 17, 3, 2528 }, // ¨
    { 26, 26, 28, 1, 19, 85, 2531 }, // ©
    { 10, 12, 11, 1, 20, 15, 2616 }, // ª
    { 11, 13, 14, 2, 13, 18, 2631 }, // «
    { 15, 7, 17, 1, 9, 14, 2649 }, // ¬
    { 7, 3, 8, 0, 7, 3, 2663 }, // ­
    { 26, 26, 28, 1, 19, 85, 2666 }, // ®
    { 10, 1, 13, 1, 17, 2, 2751 }, // ¯
    { 6, 5, 8, 1, 17, 4, 2753 }, // °
    { 17, 17, 19, 1, 17, 37, 2757 }, // ±
    { 5, 4, 13, 5, 16, 3, 2794 }, // ´
    { 14, 16, 14, 0, 11, 28, 2797 }, // µ
    { 14, 22, 15, 1, 17, 39, 2825 }, // ¶
    { 3, 3, 7, 2, 8, 2, 2864 }, // ·
    { 7, 5, 11, 2, 0, 5, 2866 }, // ¸
    { 11, 12, 11, 0, 20, 17, 2871 }, // º
    { 11, 13, 14, 1, 13, 18, 2888 }, // »
    { 10, 18, 12, 1, 13, 23, 2906 }, // ¿
    { 18, 21, 19, 0, 21, 48, 2929 }, // À
    { 18, 21, 19, 0, 21, 48, 2977 }, // Á
    { 18, 23, 19, 0, 23, 52, 3025 }, // Â
    { 18, 23, 19, 0, 23, 52, 3077 }, // Ã
    { 18, 22, 19, 0, 22, 50, 3129 }, // Ä
    { 18, 23, 19, 0, 23, 52, 3179 }, // Å
    { 22, 17, 23, 0, 17, 47, 3231 }, // Æ
    { 16, 22, 18, 1, 17, 44, 3278 }, // Ç
    { 17, 22, 17, 0, 22, 47, 3322 }, // È
    { 17, 21, 17, 0, 21, 45, 3369 }, // É
    { 17, 23, 17, 0, 23, 49, 3414 }, // Ê
    { 17, 22, 17, 0, 22, 47, 3463 }, // Ë
    { 9, 21, 9, 0, 21, 24, 3510 }, // Ì
    { 9, 21, 9, 0, 21, 24, 3534 }, // Í
    { 9, 23, 9, 0, 23, 26, 3558 }, // Î
    { 9, 22, 9, 0, 22, 25, 3584 }, // Ï
    { 18, 17, 19, 0, 17, 39, 3609 }, // Ð
    { 18, 23, 19, 0, 23, 52, 3648 }, // Ñ
    { 18, 22, 19, 1, 22, 50, 3700 }, // Ò
    { 18, 21, 19, 1, 21, 48, 3750 }, // Ó
    { 18, 23, 19, 1, 23, 52, 3798 }, // Ô
    { 18, 22, 19, 1, 22, 50, 3850 }, // Õ
    { 18, 22, 19, 1, 22, 50, 3900 }, // Ö
    { 18, 19, 19, 1, 18, 43, 3950 }, // Ø
    { 18, 22, 19, 0, 22, 50, 3993 }, // Ù
    { 18, 21, 19, 0, 21, 48, 4043 }, // Ú
    { 18, 23, 19, 0, 23, 52, 4091 }, // Û
    { 18, 22, 19, 0, 22, 50, 4143 }, // Ü
    { 19, 21, 19, 0, 21, 50, 4193 }, // Ý
    { 15, 17, 16, 0, 17, 32, 4243 }, // Þ
    { 12, 17, 13, 0, 17, 26, 4275 }, // ß
    { 12, 17, 13, 1, 17, 26, 4301 }, // à
    { 12, 17, 13, 1, 17, 26, 4327 }, // á
    { 12, 17, 13, 1, 17, 26, 4353 }, // â
    { 12, 16, 13, 1, 16, 24, 4379 }, // ã
    { 12, 17, 13, 1, 17, 26, 4403 }, // ä
    { 12, 17, 13, 1, 17, 26, 4429 }, // å
    { 17, 12, 18, 1, 12, 26, 4455 }, // æ
    { 11, 16, 11, 0, 11, 22, 4481 }, // ç
    { 11, 17, 11, 0, 17, 24, 4503 }, // è
    { 11, 17, 11, 0, 17, 24, 4527 }, // é
    { 11, 17, 11, 0, 17, 24, 4551 }, // ê
    { 11, 17, 11, 0, 17, 24, 4575 }, // ë
    { 8, 17, 7, -1, 17, 17, 4599 }, // ì
    { 7, 17, 7, 0, 17, 15, 4616 }, // í
    { 7, 17, 7, 0, 17, 15, 4631 }, // î
    { 9, 17, 8, 0, 17, 20, 4646 }, // ï
    { 12, 18, 13, 0, 18, 27, 4666 }, // ð
    { 14, 16, 14, 0, 16, 28, 4693 }, // ñ
    { 12, 17, 13, 0, 17, 26, 4721 }, // ò
    { 12, 17, 13, 0, 17, 26, 4747 }, // ó
    { 12, 17, 13, 0, 17, 26, 4773 }, // ô
    { 12, 16, 13, 0, 16, 24, 4799 }, // õ
    { 12, 17, 13, 0, 17, 26, 4823 }, // ö
    { 17, 14, 19, 1, 13, 30, 4849 }, // ÷
    { 12, 15, 13, 0, 13, 23, 4879 }, // ø
    { 14, 17, 14, 0, 17, 30, 4902 }, // ù
    { 14, 17, 14, 0, 17, 30, 4932 }, // ú
    { 14, 17, 14, 0, 17, 30, 4962 }, // û
    { 14, 17, 14, 0, 17, 30, 4992 }, // ü
    { 13, 22, 13, 0, 17, 36, 5022 }, // ý
    { 14, 22, 14, 0, 17, 39, 5058 }, // þ
    { 13, 22, 13, 0, 17, 36, 5097 }, // ÿ
    { 18, 21, 19, 0, 21, 48, 5133 }, // Ā
    { 12, 15, 13, 1, 15, 23, 5181 }, // ā
    { 18, 22, 19, 0, 22, 50, 5204 }, // Ă
    { 12, 16, 13, 1, 16, 24, 5254 }, // ă
    { 18, 22, 19, 0, 17, 50, 5278 }, // Ą
    { 12, 16, 13, 1, 11, 24, 5328 }, // ą
    { 16, 21, 18, 1, 21, 42, 5352 }, // Ć
    { 11, 17, 11, 0, 17, 24, 5394 }, // ć
    { 16, 23, 18, 1, 23, 46, 5418 }, // Ĉ
    { 11, 17, 11, 0, 17, 24, 5464 }, // ĉ
    { 16, 22, 18, 1, 22, 44, 5488 }, // Ċ
    { 11, 17, 11, 0, 17, 24, 5532 }, // ċ
    { 16, 23, 18, 1, 23, 46, 5556 }, // Č
    { 11, 17, 11, 0, 17, 24, 5602 }, // č
    { 18, 23, 19, 0, 23, 52, 5626 }, // Ď
    { 16, 18, 17, 0, 18, 36, 5678 }, // ď
    { 18, 17, 19, 0, 17, 39, 5714 }, // Đ
    { 14, 17, 14, 0, 17, 30, 5753 }, // đ
    { 17, 21, 17, 0, 21, 45, 5783 }, // Ē
    { 11, 15, 11, 0, 15, 21, 5828 }, // ē
    { 17, 22, 17, 0, 22, 47, 5849 }, // Ė
    { 11, 17, 11, 0, 17, 24, 5896 }, // ė
    { 17, 22, 17, 0, 17, 47, 5920 }, // Ę
    { 11, 16, 11, 0, 11, 22, 5967 }, // ę
    { 17, 23, 17, 0, 23, 49, 5989 }, // Ě
    { 11, 17, 11, 0, 17, 24, 6038 }, // ě
    { 18, 23, 20, 1, 23, 52, 6062 }, // Ĝ
    { 13, 22, 13, 0, 17, 36, 6114 }, // ĝ
    { 18, 22, 20, 1, 22, 50, 6150 }, // Ğ
    { 13, 21, 13, 0, 16, 35, 6200 }, // ğ
    { 18, 22, 20, 1, 22, 50, 6235 }, // Ġ
    { 13, 22, 13, 0, 17, 36, 6285 }, // ġ
    { 18, 25, 20, 1, 17, 57, 6321 }, // Ģ
    { 13, 24, 13, 0, 19, 39, 6378 }, // ģ
    { 18, 23, 19, 0, 23, 52, 6417 }, // Ĥ
    { 14, 23, 14, 0, 23, 41, 6469 }, // ĥ
    { 18, 17, 19, 0, 17, 39, 6510 }, // Ħ
    { 15, 17, 15, 0, 17, 32, 6549 }, // ħ
    { 10, 20, 9, -1, 20, 25, 6581 }, // Ī
    { 10, 15, 7, -1, 15, 19, 6606 }, // ī
    { 9, 22, 9, 0, 17, 25, 6625 }, // Į
    { 7, 22, 7, 0, 17, 20, 6650 }, // į
    { 9, 22, 9, 0, 22, 25, 6670 }, // İ
    { 7, 11, 7, 0, 11, 10, 6695 }, // ı
    { 11, 23, 13, 1, 23, 32, 6705 }, // Ĵ
    { 9, 22, 8, -1, 17, 25, 6737 }, // ĵ
    { 19, 25, 19, 0, 17, 60, 6762 }, // Ķ
    { 13, 25, 13, 0, 17, 41, 6822 }, // ķ
    { 15, 21, 16, 0, 21, 40, 6863 }, // Ĺ
    { 8, 21, 7, 0, 21, 21, 6903 }, // ĺ
    { 15, 25, 16, 0, 17, 47, 6924 }, // Ļ
    { 7, 25, 7, 0, 17, 22, 6971 }, // ļ
    { 15, 20, 16, 0, 20, 38, 6993 }, // Ľ
    { 9, 18, 10, 0, 18, 21, 7031 }, // ľ
    { 15, 17, 16, 0, 17, 32, 7052 }, // Ŀ
    { 9, 17, 10, 0, 17, 20, 7084 }, // ŀ
    { 15, 17, 16, 0, 17, 32, 7104 }, // Ł
    { 7, 17, 8, 1, 17, 15, 7136 }, // ł
    { 18, 21, 19, 0, 21, 48, 7151 }, // Ń
    { 14, 17, 14, 0, 17, 30, 7199 }, // ń
    { 18, 25, 19, 0, 17, 57, 7229 }, // Ņ
    { 14, 19, 14, 0, 11, 34, 7286 }, // ņ
    { 18, 23, 19, 0, 23, 52, 7320 }, // Ň
    { 14, 17, 14, 0, 17, 30, 7372 }, // ň
    { 18, 21, 19, 1, 21, 48, 7402 }, // Ő
    { 13, 17, 13, 0, 17, 28, 7450 }, // ő
    { 24, 17, 25, 1, 17, 51, 7478 }, // Œ
    { 19, 12, 19, 0, 12, 29, 7529 }, // œ
    { 19, 21, 18, 0, 21, 50, 7558 }, // Ŕ
    { 10, 17, 10, 0, 17, 22, 7608 }, // ŕ
    { 19, 23, 18, 0, 23, 55, 7630 }, // Ř
    { 10, 17, 10, 0, 17, 22, 7685 }, // ř
    { 12, 21, 14, 1, 21, 32, 7707 }, // Ś
    { 10, 17, 10, 0, 17, 22, 7739 }, // ś
    { 12, 23, 14, 1, 23, 35, 7761 }, // Ŝ
    { 9, 17, 10, 0, 17, 20, 7796 }, // ŝ
    { 12, 22, 14, 1, 17, 33, 7816 }, // Ş
    { 10, 16, 10, 0, 11, 20, 7849 }, // ş
    { 12, 23, 14, 1, 23, 35, 7869 }, // Š
    { 9, 17, 10, 0, 17, 20, 7904 }, // š
    { 18, 22, 18, 0, 17, 50, 7924 }, // Ţ
    { 9, 20, 10, 0, 15, 23, 7974 }, // ţ
    { 18, 23, 18, 0, 23, 52, 7997 }, // Ť
    { 10, 18, 10, 0, 18, 23, 8049 }, // ť
    { 18, 21, 19, 0, 21, 48, 8072 }, // Ū
    { 14, 15, 14, 0, 15, 27, 8120 }, // ū
    { 18, 22, 19, 0, 22, 50, 8147 }, // Ŭ
    { 14, 16, 14, 0, 16, 28, 8197 }, // ŭ
    { 18, 23, 19, 0, 23, 52, 8225 }, // Ů
    { 14, 17, 14, 0, 17, 30, 8277 }, // ů
    { 18, 21, 19, 0, 21, 48, 8307 }, // Ű
    { 14, 17, 14, 0, 17, 30, 8355 }, // ű
    { 18, 22, 19, 0, 17, 50, 8385 }, // Ų
    { 14, 16, 14, 0, 11, 28, 8435 }, // ų
    { 19, 22, 19, 0, 22, 53, 8463 }, // Ÿ
    { 13, 21, 15, 1, 21, 35, 8516 }, // Ź
    { 11, 17, 11, 0, 17, 24, 8551 }, // ź
    { 13, 22, 15, 1, 22, 36, 8575 }, // Ż
    { 11, 17, 11, 0, 17, 24, 8611 }, // ż
    { 13, 23, 15, 1, 23, 38, 8635 }, // Ž
    { 11, 17, 11, 0, 17, 24, 8673 }, // ž
    { 17, 21, 17, 0, 21, 45, 8697 }, // Ѐ
    { 17, 22, 17, 0, 22, 47, 8742 }, // Ё
    { 21, 17, 22, 0, 17, 45, 8789 }, // Ђ
    { 15, 21, 16, 0, 21, 40, 8834 }, // Ѓ
    { 16, 17, 18, 1, 17, 34, 8874 }, // Є
    { 12, 17, 14, 1, 17, 26, 8908 }, // Ѕ
    { 9, 17, 9, 0, 17, 20, 8934 }, // І
    { 9, 22, 9, 0, 22, 25, 8954 }, // Ї
    { 11, 17, 13, 1, 17, 24, 8979 }, // Ј
    { 26, 17, 27, 0, 17, 56, 9003 }, // Љ
    { 26, 17, 27, 0, 17, 56, 9059 }, // Њ
    { 19, 17, 19, 0, 17, 41, 9115 }, // Ћ
    { 19, 21, 19, 0, 21, 50, 9156 }, // Ќ
    { 19, 21, 19, 0, 21, 50, 9206 }, // Ѝ
    { 19, 22, 19, 0, 22, 53, 9256 }, // Ў
    { 19, 21, 19, 0, 17, 50, 9309 }, // Џ
    { 18, 17, 19, 0, 17, 39, 9359 }, // А
    { 17, 17, 18, 0, 17, 37, 9398 }, // Б
    { 17, 17, 18, 0, 17, 37, 9435 }, // В
    { 15, 17, 16, 0, 17, 32, 9472 }, // Г
    { 21, 25, 19, -1, 17, 66, 9504 }, // Д
    { 17, 17, 17, 0, 17, 37, 9570 }, // Е
    { 28, 17, 30, 1, 17, 60, 9607 }, // Ж
    { 14, 17, 15, 1, 17, 30, 9667 }, // З
    { 19, 17, 19, 0, 17, 41, 9697 }, // И
    { 19, 22, 19, 0, 22, 53, 9738 }, // Й
    { 19, 17, 19, 0, 17, 41, 9791 }, // К
    { 19, 17, 19, 0, 17, 41, 9832 }, // Л
    { 22, 17, 23, 0, 17, 47, 9873 }, // М
    { 19, 17, 19, 0, 17, 41, 9920 }, // Н
    { 18, 17, 19, 1, 17, 39, 9961 }, // О
    { 19, 17, 19, 0, 17, 41, 10000 }, // П
    { 16, 17, 17, 0, 17, 34, 10041 }, // Р
    { 16, 17, 18, 1, 17, 34, 10075 }, // С
    { 18, 17, 18, 0, 17, 39, 10109 }, // Т
    { 19, 17, 19, 0, 17, 41, 10148 }, // У
    { 19, 17, 21, 1, 17, 41, 10189 }, // Ф
    { 19, 17, 19, 0, 17, 41, 10230 }, // Х
    { 20, 22, 19, 0, 17, 55, 10271 }, // Ц
    { 19, 17, 19, 0, 17, 41, 10326 }, // Ч
    { 28, 17, 28, 0, 17, 60, 10367 }, // Ш
    { 29, 22, 28, 0, 17, 80, 10427 }, // Щ
    { 21, 17, 22, 0, 17, 45, 10507 }, // Ъ
    { 24, 17, 24, 0, 17, 51, 10552 }, // Ы
    { 17, 17, 18, 0, 17, 37, 10603 }, // Ь
    { 16, 17, 18, 1, 17, 34, 10640 }, // Э
    { 27, 17, 28, 0, 17, 58, 10674 }, // Ю
    { 18, 17, 19, 1, 17, 39, 10732 }, // Я
    { 12, 11, 13, 1, 11, 17, 10771 }, // а
    { 12, 18, 13, 0, 18, 27, 10788 }, // б
    { 12, 11, 13, 0, 11, 17, 10815 }, // в
    { 11, 11, 11, 0, 11, 16, 10832 }, // г
    { 14, 14, 14, 0, 11, 25, 10848 }, // д
    { 11, 11, 11, 0, 11, 16, 10873 }, // е
    { 21, 11, 21, 0, 11, 29, 10889 }, // ж
    { 11, 11, 11, 0, 11, 16, 10918 }, // з
    { 14, 11, 14, 0, 11, 20, 10934 }, // и
    { 14, 16, 14, 0, 16, 28, 10954 }, // й
    { 14, 11, 14, 0, 11, 20, 10982 }, // к
    { 14, 11, 14, 0, 11, 20, 11002 }, // л
    { 16, 11, 17, 0, 11, 22, 11022 }, // м
    { 14, 11, 14, 0, 11, 20, 11044 }, // н
    { 12, 11, 13, 0, 11, 17, 11064 }, // о
    { 14, 11, 14, 0, 11, 20, 11081 }, // п
    { 14, 16, 14, 0, 11, 28, 11101 }, // р
    { 11, 11, 11, 0, 11, 16, 11129 }, // с
    { 12, 11, 13, 0, 11, 17, 11145 }, // т
    { 13, 16, 13, 0, 11, 26, 11162 }, // у
    { 19, 22, 19, 0, 17, 53, 11188 }, // ф
    { 13, 11, 13, 0, 11, 18, 11241 }, // х
    { 14, 15, 14, 0, 11, 27, 11259 }, // ц
    { 14, 11, 14, 0, 11, 20, 11286 }, // ч
    { 20, 11, 20, 0, 11, 28, 11306 }, // ш
    { 21, 14, 20, 0, 11, 37, 11334 }, // щ
    { 15, 11, 15, 0, 11, 21, 11371 }, // ъ
    { 18, 11, 18, 0, 11, 25, 11392 }, // ы
    { 12, 11, 13, 0, 11, 17, 11417 }, // ь
    { 11, 12, 11, 0, 12, 17, 11434 }, // э
    { 19, 11, 19, 0, 11, 27, 11451 }, // ю
    { 13, 11, 14, 0, 11, 18, 11478 }, // я
    { 11, 17, 11, 0, 17, 24, 11496 }, // ѐ
    { 11, 17, 11, 0, 17, 24, 11520 }, // ё
    { 12, 22, 13, 0, 17, 33, 11544 }, // ђ
    { 11, 17, 11, 0, 17, 24, 11577 }, // ѓ
    { 11, 11, 11, 0, 11, 16, 11601 }, // є
    { 9, 11, 10, 0, 11, 13, 11617 }, // ѕ
    { 7, 17, 7, 0, 17, 15, 11630 }, // і
    { 9, 17, 7, -1, 17, 20, 11645 }, // ї
    { 7, 22, 8, -1, 17, 20, 11665 }, // ј
    { 19, 11, 19, 0, 11, 27, 11685 }, // љ
    { 19, 11, 19, 0, 11, 27, 11712 }, // њ
    { 14, 17, 14, 0, 17, 30, 11739 }, // ћ
    { 14, 16, 14, 0, 16, 28, 11769 }, // ќ
    { 14, 16, 14, 0, 16, 28, 11797 }, // ѝ
    { 13, 21, 13, 0, 16, 35, 11825 }, // ў
    { 14, 14, 14, 0, 11, 25, 11860 }, // џ
    { 23, 17, 25, 1, 17, 49, 11885 }, // Ѡ
    { 19, 11, 19, 0, 11, 27, 11934 }, // ѡ
    { 19, 19, 20, 1, 19, 46, 11961 }, // Ѣ
    { 12, 17, 13, 0, 17, 26, 12007 }, // ѣ
    { 26, 17, 27, 0, 17, 56, 12033 }, // Ѥ
    { 17, 11, 18, 0, 11, 24, 12089 }, // ѥ
    { 23, 17, 23, 0, 17, 49, 12113 }, // Ѧ
    { 17, 11, 17, 0, 11, 24, 12162 }, // ѧ
    { 31, 17, 32, 0, 17, 66, 12186 }, // Ѩ
    { 24, 11, 24, 0, 11, 33, 12252 }, // ѩ
    { 26, 17, 26, 0, 17, 56, 12285 }, // Ѫ
    { 21, 12, 21, 0, 12, 32, 12341 }, // ѫ
    { 34, 17, 34, 0, 17, 73, 12373 }, // Ѭ
    { 28, 12, 28, 0, 12, 42, 12446 }, // ѭ
    { 13, 27, 14, 0, 22, 44, 12488 }, // Ѯ
    { 10, 19, 10, 0, 14, 24, 12532 }, // ѯ
    { 17, 17, 19, 1, 17, 37, 12556 }, // Ѱ
    { 16, 22, 16, 0, 17, 44, 12593 }, // ѱ
    { 18, 17, 19, 1, 17, 39, 12637 }, // Ѳ
    { 11, 11, 11, 0, 11, 16, 12676 }, // ѳ
    { 20, 17, 20, 0, 17, 43, 12692 }, // Ѵ
    { 15, 11, 15, 0, 11, 21, 12735 }, // ѵ
    { 20, 21, 20, 0, 21, 53, 12756 }, // Ѷ
    { 15, 17, 15, 0, 17, 32, 12809 }, // ѷ
    { 22, 19, 24, 1, 18, 53, 12841 }, // Ѻ
    { 15, 13, 15, 0, 12, 25, 12894 }, // ѻ
    { 23, 23, 25, 1, 23, 67, 12919 }, // Ѽ
    { 19, 17, 19, 0, 17, 41, 12986 }, // ѽ
    { 23, 23, 25, 1, 23, 67, 13027 }, // Ѿ
    { 19, 16, 19, 0, 16, 38, 13094 }, // ѿ
    { 17, 23, 18, 1, 17, 49, 13132 }, // Ҁ
    { 11, 16, 11, 0, 11, 22, 13181 }, // ҁ
    { 9, 9, 11, 1, 6, 11, 13203 }, // ҂
    { 10, 4, 0, -5, 17, 5, 13214 }, // ҃
    { 14, 7, 0, -13, 17, 13, 13219 }, // ҄
    { 7, 6, 0, -10, 17, 6, 13232 }, // ҅
    { 8, 6, 0, -10, 17, 6, 13238 }, // ҆
    { 28, 28, 0, -28, 20, 98, 13244 }, // ҈
    { 30, 32, 0, -29, 22, 120, 13342 }, // ҉
    { 20, 27, 19, 0, 22, 68, 13462 }, // Ҋ
    { 14, 19, 14, 0, 16, 34, 13530 }, // ҋ
    { 19, 17, 20, 1, 17, 41, 13564 }, // Ҍ
    { 13, 17, 13, -1, 17, 28, 13605 }, // ҍ
    { 16, 17, 17, 0, 17, 34, 13633 }, // Ҏ
    { 15, 16, 14, 0, 11, 30, 13667 }, // ҏ
    { 15, 22, 16, 0, 22, 42, 13697 }, // Ґ
    { 11, 14, 11, 0, 14, 20, 13739 }, // ґ
    { 15, 17, 16, 0, 17, 32, 13759 }, // Ғ
    { 11, 11, 11, 0, 11, 16, 13791 }, // ғ
    { 17, 22, 18, 0, 17, 47, 13807 }, // Ҕ
    { 13, 16, 14, 0, 11, 26, 13854 }, // ҕ
    { 29, 22, 30, 1, 17, 80, 13880 }, // Җ
    { 21, 14, 21, 0, 11, 37, 13960 }, // җ
    { 14, 23, 15, 1, 17, 41, 13997 }, // Ҙ
    { 11, 17, 11, 0, 11, 24, 14038 }, // ҙ
    { 20, 22, 19, 0, 17, 55, 14062 }, // Қ
    { 14, 14, 14, 0, 11, 25, 14117 }, // қ
    { 21, 17, 22, 0, 17, 45, 14142 }, // Ҝ
    { 16, 11, 16, 0, 11, 22, 14187 }, // ҝ
    { 19, 17, 19, 0, 17, 41, 14209 }, // Ҟ
    { 14, 17, 14, 0, 17, 30, 14250 }, // ҟ
    { 23, 17, 24, 0, 17, 49, 14280 }, // Ҡ
    { 17, 11, 17, 0, 11, 24, 14329 }, // ҡ
    { 20, 22, 19, 0, 17, 55, 14353 }, // Ң
    { 14, 14, 14, 0, 11, 25, 14408 }, // ң
    { 24, 17, 24, 0, 17, 51, 14433 }, // Ҥ
    { 16, 11, 17, 0, 11, 22, 14484 }, // ҥ
    { 27, 22, 27, 0, 17, 75, 14506 }, // Ҧ
    { 18, 16, 19, 0, 11, 36, 14581 }, // ҧ
    { 18, 19, 19, 1, 17, 43, 14617 }, // Ҩ
    { 12, 13, 13, 0, 11, 20, 14660 }, // ҩ
    { 16, 23, 18, 1, 17, 46, 14680 }, // Ҫ
    { 11, 17, 11, 0, 11, 24, 14726 }, // ҫ
    { 18, 22, 18, 0, 17, 50, 14750 }, // Ҭ
    { 12, 14, 13, 0, 11, 21, 14800 }, // ҭ
    { 19, 17, 19, 0, 17, 41, 14821 }, // Ү
    { 13, 16, 13, 0, 11, 26, 14862 }, // ү
    { 19, 17, 19, 0, 17, 41, 14888 }, // Ұ
    { 13, 16, 13, 0, 11, 26, 14929 }, // ұ
    { 20, 22, 19, 0, 17, 55, 14955 }, // Ҳ
    { 14, 14, 13, 0, 11, 25, 15010 }, // ҳ
    { 25, 22, 25, 0, 17, 69, 15035 }, // Ҵ
    { 18, 14, 17, 0, 11, 32, 15104 }, // ҵ
    { 20, 22, 19, 0, 17, 55, 15136 }, // Ҷ
    { 14, 14, 14, 0, 11, 25, 15191 }, // ҷ
    { 19, 17, 19, 0, 17, 41, 15216 }, // Ҹ
    { 14, 11, 14, 0, 11, 20, 15257 }, // ҹ
    { 19, 17, 19, 0, 17, 41, 15277 }, // Һ
    { 14, 17, 14, 0, 17, 30, 15318 }, // һ
    { 20, 17, 20, 0, 17, 43, 15348 }, // Ҽ
    { 14, 11, 14, 0, 11, 20, 15391 }, // ҽ
    { 20, 22, 20, 0, 17, 55, 15411 }, // Ҿ
    { 14, 16, 14, 0, 11, 28, 15466 }, // ҿ
    { 9, 17, 9, 0, 17, 20, 15494 }, // Ӏ
    { 28, 22, 30, 1, 22, 77, 15514 }, // Ӂ
    { 21, 16, 21, 0, 16, 42, 15591 }, // ӂ
    { 19, 22, 19, 0, 17, 53, 15633 }, // Ӄ
    { 13, 16, 14, 0, 11, 26, 15686 }, // ӄ
    { 19, 22, 19, 0, 17, 53, 15712 }, // Ӆ
    { 14, 16, 14, 0, 11, 28, 15765 }, // ӆ
    { 19, 22, 19, 0, 17, 53, 15793 }, // Ӈ
    { 14, 16, 14, 0, 11, 28, 15846 }, // ӈ
    { 19, 22, 19, 0, 17, 53, 15874 }, // Ӊ
    { 14, 16, 14, 0, 11, 28, 15927 }, // ӊ
    { 19, 25, 19, 0, 17, 60, 15955 }, // Ӌ
    { 14, 14, 14, 0, 11, 25, 16015 }, // ӌ
    { 23, 22, 23, 0, 17, 64, 16040 }, // Ӎ
    { 17, 16, 17, 0, 11, 34, 16104 }, // ӎ
    { 18, 22, 19, 0, 22, 50, 16138 }, // Ӑ
    { 12, 16, 13, 1, 16, 24, 16188 }, // ӑ
    { 18, 22, 19, 0, 22, 50, 16212 }, // Ӓ
    { 12, 17, 13, 1, 17, 26, 16262 }, // ӓ
    { 22, 17, 23, 0, 17, 47, 16288 }, // Ӕ
    { 17, 12, 18, 1, 12, 26, 16335 }, // ӕ
    { 17, 22, 17, 0, 22, 47, 16361 }, // Ӗ
    { 11, 16, 11, 0, 16, 22, 16408 }, // ӗ
    { 16, 17, 17, 0, 17, 34, 16430 }, // Ә
    { 11, 11, 11, 0, 11, 16, 16464 }, // ә
    { 17, 22, 18, 0, 22, 47, 16480 }, // Ӛ
    { 11, 17, 11, 0, 17, 24, 16527 }, // ӛ
    { 28, 22, 30, 1, 22, 77, 16551 }, // Ӝ
    { 21, 17, 21, 0, 17, 45, 16628 }, // ӝ
    { 14, 22, 15, 1, 22, 39, 16673 }, // Ӟ
    { 11, 17, 11, 0, 17, 24, 16712 }, // ӟ
    { 12, 17, 14, 1, 17, 26, 16736 }, // Ӡ
    { 10, 16, 11, 1, 11, 20, 16762 }, // ӡ
    { 19, 22, 19, 0, 22, 53, 16782 }, // Ӣ
    { 14, 17, 14, 0, 17, 30, 16835 }, // ӣ
    { 19, 22, 19, 0, 22, 53, 16865 }, // Ӥ
    { 14, 17, 14, 0, 17, 30, 16918 }, // ӥ
    { 18, 22, 19, 1, 22, 50, 16948 }, // Ӧ
    { 12, 17, 13, 0, 17, 26, 16998 }, // ӧ
    { 18, 17, 19, 1, 17, 39, 17024 }, // Ө
    { 12, 11, 13, 0, 11, 17, 17063 }, // ө
    { 18, 22, 19, 1, 22, 50, 17080 }, // Ӫ
    { 12, 17, 13, 0, 17, 26, 17130 }, // ӫ
    { 16, 22, 18, 1, 22, 44, 17156 }, // Ӭ
    { 11, 17, 11, 0, 17, 24, 17200 }, // ӭ
    { 19, 22, 19, 0, 22, 53, 17224 }, // Ӯ
    { 13, 22, 13, 0, 17, 36, 17277 }, // ӯ
    { 19, 22, 19, 0, 22, 53, 17313 }, // Ӱ
    { 13, 22, 13, 0, 17, 36, 17366 }, // ӱ
    { 19, 21, 19, 0, 21, 50, 17402 }, // Ӳ
    { 13, 21, 13, 0, 16, 35, 17452 }, // ӳ
    { 19, 22, 19, 0, 22, 53, 17487 }, // Ӵ
    { 14, 17, 14, 0, 17, 30, 17540 }, // ӵ
    { 15, 22, 16, 0, 17, 42, 17570 }, // Ӷ
    { 11, 14, 11, 0, 11, 20, 17612 }, // ӷ
    { 24, 22, 24, 0, 22, 66, 17632 }, // Ӹ
    { 18, 17, 18, 0, 17, 39, 17698 }, // ӹ
    { 18, 22, 19, 0, 17, 50, 17737 }, // Ӽ
    { 13, 16, 13, 0, 11, 26, 17787 }, // ӽ
    { 19, 17, 19, 0, 17, 41, 17813 }, // Ӿ
    { 13, 11, 13, 0, 11, 18, 17854 }, // ӿ
    { 0, 0, 13, 0, 0, 0, 17872 }, //  
    { 0, 0, 25, 0, 0, 0, 17872 }, //  
    { 0, 0, 13, 0, 0, 0, 17872 }, //  
    { 0, 0, 25, 0, 0, 0, 17872 }, //  
    { 0, 0, 8, 0, 0, 0, 17872 }, //  
    { 0, 0, 6, 0, 0, 0, 17872 }, //  
    { 0, 0, 4, 0, 0, 0, 17872 }, //  
    { 0, 0, 13, 0, 0, 0, 17872 }, //  
    { 0, 0, 7, 0, 0, 0, 17872 }, //  
    { 0, 0, 5, 0, 0, 0, 17872 }, //  
    { 0, 0, 1, 0, 0, 0, 17872 }, //  
    { 0, 0, 0, 0, 0, 0, 17872 }, // ​
    { 0, 0, 0, 0, 0, 0, 17872 }, // ‌
    { 0, 0, 0, 0, 0, 0, 17872 }, // ‍
    { 7, 3, 8, 0, 7, 3, 17872 }, // ‐
    { 7, 3, 8, 0, 7, 3, 17875 }, // ‑
    { 13, 1, 13, 0, 7, 2, 17878 }, // ‒
    { 13, 1, 13, 0, 7, 2, 17880 }, // –
    { 25, 1, 25, 0, 7, 4, 17882 }, // —
    { 5, 26, 13, 4, 19, 17, 17886 }, // ‖
    { 4, 9, 7, 1, 18, 5, 17903 }, // ‘
    { 4, 8, 7, 2, 17, 4, 17908 }, // ’
    { 4, 8, 7, 2, 3, 4, 17912 }, // ‚
    { 4, 8, 7, 2, 17, 4, 17916 }, // ‛
    { 10, 7, 8, -1, 17, 9, 17920 }, // “
    { 9, 9, 8, 0, 18, 11, 17929 }, // ”
    { 9, 8, 8, 0, 3, 9, 17940 }, // „
    { 9, 8, 8, 0, 17, 9, 17949 }, // ‟
    { 9, 23, 11, 1, 17, 26, 17958 }, // †
    { 9, 22, 11, 1, 17, 25, 17984 }, // ‡
    { 11, 10, 13, 1, 11, 14, 18009 }, // •
    { 17, 3, 21, 2, 3, 7, 18023 }, // …
    { 11, 21, 12, 1, 17, 29, 18030 }, //  
    { 0, 0, 5, 0, 0, 0, 18059 }, //  
    { 27, 22, 29, 1, 19, 75, 18059 }, // ‰
    { 36, 22, 38, 1, 19, 99, 18134 }, // ‱
    { 7, 13, 11, 2, 13, 12, 18233 }, // ‹
    { 7, 13, 11, 2, 13, 12, 18245 }, // ›
    { 14, 13, 16, 1, 13, 23, 18257 }, // ※
    { 10, 16, 12, 1, 17, 20, 18280 }, // ‽
    { 9, 3, 8, 0, -1, 4, 18300 }, // ‿
    { 11, 4, 13, 1, 16, 6, 18304 }, // ⁀
    { 11, 29, 13, 1, 19, 40, 18310 }, // ⁄
    { 7, 25, 9, 1, 19, 22, 18350 }, // ⁅
    { 7, 25, 9, 1, 19, 22, 18372 }, // ⁆
    { 11, 21, 13, 1, 19, 29, 18394 }, // ⁒
    { 9, 3, 8, 0, -1, 4, 18423 }, // ⁔
    { 0, 0, 6, 0, 0, 0, 18427 }, //  
    { 16, 19, 18, 1, 18, 38, 18427 }, // ₡
    { 15, 17, 16, 1, 17, 32, 18465 }, // ₤
    { 19, 17, 19, 0, 17, 41, 18497 }, // ₦
    { 26, 24, 26, 0, 17, 78, 18538 }, // ₩
    { 14, 19, 14, 0, 19, 34, 18616 }, // ₫
    { 18, 16, 18, 0, 17, 36, 18650 }, // €
    { 18, 19, 20, 1, 18, 43, 18686 }, // ₲
    { 19, 18, 21, 1, 18, 43, 18729 }, // ∆
    { 14, 20, 12, 0, 18, 35, 18772 }, // √
};

static const EpdUnicodeInterval cmu_12Intervals[] = {
    { 0xD, 0xD, 0x0 },
    { 0x20, 0x7E, 0x1 },
    { 0xA0, 0xA3, 0x60 },
    { 0xA5, 0xA5, 0x64 },
    { 0xA7, 0xB1, 0x65 },
    { 0xB4, 0xB8, 0x70 },
    { 0xBA, 0xBB, 0x75 },
    { 0xBF, 0xD6, 0x77 },
    { 0xD8, 0xFF, 0x8F },
    { 0x100, 0x113, 0xB7 },
    { 0x116, 0x127, 0xCB },
    { 0x12A, 0x12B, 0xDD },
    { 0x12E, 0x131, 0xDF },
    { 0x134, 0x137, 0xE3 },
    { 0x139, 0x148, 0xE7 },
    { 0x150, 0x155, 0xF7 },
    { 0x158, 0x165, 0xFD },
    { 0x16A, 0x173, 0x10B },
    { 0x178, 0x17E, 0x115 },
    { 0x400, 0x477, 0x11C },
    { 0x47A, 0x486, 0x194 },
    { 0x488, 0x4CE, 0x1A1 },
    { 0x4D0, 0x4F9, 0x1E8 },
    { 0x4FC, 0x4FF, 0x212 },
    { 0x2000, 0x200D, 0x216 },
    { 0x2010, 0x2014, 0x224 },
    { 0x2016, 0x2016, 0x229 },
    { 0x2018, 0x2022, 0x22A },
    { 0x2026, 0x2026, 0x235 },
    { 0x2029, 0x2029, 0x236 },
    { 0x202F, 0x2031, 0x237 },
    { 0x2039, 0x203B, 0x23A },
    { 0x203D, 0x203D, 0x23D },
    { 0x203F, 0x2040, 0x23E },
    { 0x2044, 0x2046, 0x240 },
    { 0x2052, 0x2052, 0x243 },
    { 0x2054, 0x2054, 0x244 },
    { 0x205F, 0x205F, 0x245 },
    { 0x20A1, 0x20A1, 0x246 },
    { 0x20A4, 0x20A4, 0x247 },
    { 0x20A6, 0x20A6, 0x248 },
    { 0x20A9, 0x20A9, 0x249 },
    { 0x20AB, 0x20AC, 0x24A },
    { 0x20B2, 0x20B2, 0x24C },
    { 0x2206, 0x2206, 0x24D },
    { 0x221A, 0x221A, 0x24E },
};

static const EpdFontData cmu_12 = {
    cmu_12Bitmaps,
    cmu_12Glyphs,
    cmu_12Intervals,
    46,
    33,
    24,
    -10,
};
