/**
 * generated by fontconvert.py
 * name: cmu_10_bolditalic
 * size: 10
 * mode: 2-bit
 */
#pragma once
#include "EpdFontData.h"

static const uint8_t cmu_10_bolditalicBitmaps[30818] = {
    0x00, 0x00, 0x00, 0xB8, 0x00, 0xFC, 0x01, 0xF8, 0x01, 0xF4, 0x02, 0xF0, 0x02, 0xE0, 0x03, 0xC0,
    0x03, 0xC0, 0x03, 0x40, 0x03, 0x00, 0x01, 0x00, 0x00, 0x00, 0x1E, 0x00, 0x3F, 0x00, 0x3D, 0x00,
    0x0E, 0x1D, 0x2F, 0x3E, 0x2E, 0x3C, 0x3C, 0x3C, 0x38, 0x34, 0x34, 0x70, 0x30, 0x60, 0x10, 0x00,
    0x00, 0x00, 0x02, 0x00, 0x80, 0x00, 0x00, 0x80, 0x24, 0x00, 0x00, 0x18, 0x02, 0x00, 0x00, 0x03,
    0x00, 0x80, 0x00, 0x00, 0x50, 0x18, 0x00, 0x00, 0x0C, 0x03, 0x00, 0x0F, 0xFF, 0xFF, 0xFF, 0xE0,
    0x00, 0x20, 0x08, 0x00, 0x00, 0x08, 0x02, 0x00, 0x00, 0x02, 0x40, 0x60, 0x00, 0x7F, 0xFF, 0xFF,
    0xFF, 0x40, 0x09, 0x01, 0x40, 0x00, 0x00, 0x80, 0x30, 0x00, 0x00, 0x20, 0x09, 0x00, 0x00, 0x06,
    0x00, 0x80, 0x00, 0x00, 0xC0, 0x20, 0x00, 0x00, 0x14, 0x05, 0x00, 0x00, 0x00, 0x00, 0x01, 0x40,
    0x00, 0x02, 0x40, 0x00, 0x2F, 0xE0, 0x00, 0xE3, 0x1C, 0x03, 0x86, 0x1D, 0x07, 0x49, 0x3C, 0x0B,
    0xDC, 0x24, 0x0B, 0xFD, 0x00, 0x03, 0xFF, 0xC0, 0x00, 0x7F, 0xE0, 0x00, 0x37, 0xE0, 0x2C, 0x31,
    0xE0, 0x3C, 0x61, 0xD0, 0x70, 0xD3, 0xC0, 0x38, 0xDF, 0x00, 0x0B, 0xF4, 0x00, 0x01, 0x40, 0x00,
    0x00, 0xBD, 0x00, 0x02, 0x80, 0xF1, 0xE4, 0x07, 0xD0, 0xB4, 0x36, 0xFF, 0xD0, 0x3C, 0x0C, 0x01,
    0xE0, 0x1F, 0x07, 0x01, 0xE0, 0x07, 0x82, 0x81, 0xE0, 0x01, 0xD0, 0xC1, 0xE0, 0x00, 0x38, 0xE1,
    0xE0, 0x00, 0x07, 0xE1, 0xE0, 0xBC, 0x00, 0x00, 0xE0, 0xF2, 0x80, 0x00, 0xE0, 0xB0, 0x70, 0x00,
    0xF0, 0x3C, 0x1C, 0x00, 0xF0, 0x2E, 0x0A, 0x00, 0xF0, 0x0B, 0x43, 0x40, 0xF0, 0x02, 0xC1, 0xC0,
    0xF0, 0x00, 0x74, 0xD0, 0x70, 0x00, 0x0B, 0xD0, 0x00, 0x00, 0x1F, 0xD0, 0x00, 0x00, 0x2E, 0x1C,
    0x01, 0xE0, 0x1F, 0x0F, 0x40, 0xB8, 0x0F, 0x43, 0xC0, 0x1C, 0x03, 0xC0, 0x00, 0x2D, 0x01, 0xFF,
    0x80, 0x7D, 0x00, 0x3D, 0x30, 0x7A, 0xC0, 0x2F, 0x1C, 0x34, 0x34, 0x1F, 0xBC, 0x1F, 0xCD, 0x0B,
    0xC0, 0x02, 0xE3, 0x43, 0xE0, 0x00, 0x00, 0xC0, 0xF4, 0x00, 0x00, 0xA0, 0x2E, 0x00, 0x00, 0xB0,
    0x03, 0xE0, 0x02, 0xF0, 0x00, 0x1B, 0xFF, 0x90, 0x00, 0x2C, 0x3D, 0x7C, 0x78, 0x70, 0xA0, 0x90,
    0x40, 0x00, 0x00, 0x40, 0x01, 0xC0, 0x01, 0xC0, 0x01, 0xD0, 0x00, 0xE0, 0x00, 0xF0, 0x00, 0x78,
    0x00, 0x3C, 0x00, 0x1E, 0x00, 0x0B, 0x40, 0x03, 0xC0, 0x00, 0xF0, 0x00, 0x78, 0x00, 0x1D, 0x00,
    0x07, 0x40, 0x01, 0xD0, 0x00, 0x74, 0x00, 0x0D, 0x00, 0x02, 0x80, 0x00, 0x30, 0x00, 0x0A, 0x00,
    0x00, 0x00, 0x00, 0x00, 0x04, 0x00, 0x02, 0x40, 0x00, 0x70, 0x00, 0x0D, 0x00, 0x03, 0x80, 0x00,
    0xF0, 0x00, 0x3C, 0x00, 0x0F, 0x00, 0x03, 0xC0, 0x00, 0xE0, 0x00, 0x78, 0x00, 0x2D, 0x00, 0x0F,
    0x00, 0x07, 0x80, 0x02, 0xC0, 0x00, 0xE0, 0x00, 0xF0, 0x00, 0x74, 0x00, 0x34, 0x00, 0x34, 0x00,
    0x34, 0x00, 0x00, 0x00, 0x00, 0x00, 0x28, 0x00, 0x03, 0x40, 0x1D, 0x31, 0xD0, 0xBB, 0xE4, 0x01,
    0xF4, 0x01, 0xFE, 0xE0, 0x74, 0xC7, 0x40, 0x2C, 0x00, 0x03, 0x80, 0x00, 0x00, 0x00, 0x00, 0x00,
    0x00, 0x00, 0x00, 0x01, 0x80, 0x00, 0x00, 0x09, 0x00, 0x00, 0x00, 0x30, 0x00, 0x00, 0x00, 0xC0,
    0x00, 0x00, 0x06, 0x00, 0x00, 0x00, 0x20, 0x00, 0x2F, 0xFF, 0xFF, 0xFF, 0x00, 0x03, 0x00, 0x00,
    0x00, 0x18, 0x00, 0x00, 0x00, 0x90, 0x00, 0x00, 0x02, 0x00, 0x00, 0x00, 0x0C, 0x00, 0x00, 0x00,
    0x20, 0x00, 0x00, 0x00, 0x00, 0x00, 0x00, 0x0B, 0x47, 0xE0, 0xF8, 0x09, 0x02, 0x03, 0x03, 0x00,
    0x00, 0x3F, 0xFC, 0x3F, 0xFC, 0x2D, 0x7E, 0x3C, 0x00, 0x00, 0x00, 0x10, 0x00, 0x00, 0x00, 0xC0,
    0x00, 0x00, 0x08, 0x00, 0x00, 0x00, 0x60, 0x00, 0x00, 0x03, 0x00, 0x00, 0x00, 0x24, 0x00, 0x00,
    0x01, 0x80, 0x00, 0x00, 0x0C, 0x00, 0x00, 0x00, 0x90, 0x00, 0x00, 0x02, 0x00, 0x00, 0x00, 0x30,
    0x00, 0x00, 0x01, 0x40, 0x00, 0x00, 0x0C, 0x00, 0x00, 0x00, 0x80, 0x00, 0x00, 0x06, 0x00, 0x00,
    0x00, 0x30, 0x00, 0x00, 0x02, 0x40, 0x00, 0x00, 0x18, 0x00, 0x00, 0x00, 0xC0, 0x00, 0x00, 0x09,
    0x00, 0x00, 0x00, 0x20, 0x00, 0x00, 0x00, 0x00, 0x00, 0x00, 0x00, 0x00, 0x2F, 0xE0, 0x01, 0xF0,
    0x7C, 0x03, 0xC0, 0x3C, 0x0F, 0x40, 0x3D, 0x1F, 0x00, 0x3D, 0x2F, 0x00, 0x7C, 0x3E, 0x00, 0xBC,
    0x7D, 0x00, 0xF8, 0x7C, 0x00, 0xF4, 0xBC, 0x01, 0xF0, 0xB8, 0x03, 0xE0, 0x78, 0x03, 0xC0, 0x3C,
    0x1F, 0x00, 0x0B, 0xF4, 0x00, 0x00, 0x00, 0x80, 0x00, 0xE0, 0x02, 0xF4, 0x0F, 0xBC, 0x00, 0x2F,
    0x00, 0x0B, 0x80, 0x03, 0xD0, 0x00, 0xF0, 0x00, 0x7C, 0x00, 0x2E, 0x00, 0x0F, 0x40, 0x03, 0xC0,
    0x02, 0xF0, 0x1F, 0xFF, 0xC0, 0x00, 0x0B, 0xF4, 0x00, 0x74, 0x3D, 0x01, 0xC4, 0x1F, 0x03, 0x4C,
    0x1F, 0x07, 0x08, 0x2F, 0x07, 0x30, 0x3E, 0x03, 0xD0, 0xBC, 0x00, 0x01, 0xF0, 0x00, 0x0B, 0x40,
    0x00, 0xB8, 0x00, 0x03, 0xC0, 0x00, 0x0E, 0x00, 0x1D, 0x2F, 0xFF, 0xF8, 0x34, 0x6F, 0xD0, 0x00,
    0x2F, 0xE0, 0x01, 0xD0, 0x7C, 0x07, 0x20, 0x3C, 0x0A, 0x30, 0x3C, 0x03, 0xC0, 0xB8, 0x00, 0x01,
    0xE0, 0x00, 0x7F, 0x40, 0x00, 0x03, 0xC0, 0x00, 0x03, 0xD0, 0x00, 0x03, 0xD0, 0x78, 0x07, 0xC0,
    0xB4, 0x0B, 0x80, 0xB0, 0x2F, 0x00, 0x1F, 0xF4, 0x00, 0x00, 0x00, 0xB0, 0x00, 0x03, 0xC0, 0x00,
    0x1F, 0x00, 0x00, 0xF4, 0x00, 0x03, 0xC0, 0x00, 0x2D, 0x00, 0x00, 0xF0, 0x00, 0x0B, 0x40, 0x00,
    0x38, 0x00, 0x03, 0xCB, 0x00, 0x2C, 0x3C, 0x02, 0xC1, 0xF0, 0x2E, 0x4B, 0x82, 0x96, 0xFE, 0xD0,
    0x00, 0xF5, 0x00, 0x07, 0xC0, 0x00, 0x2E, 0x00, 0x00, 0xB0, 0x00, 0x00, 0xD0, 0x1C, 0x01, 0xFF,
    0xF0, 0x02, 0xFF, 0x40, 0x03, 0x40, 0x00, 0x03, 0x00, 0x00, 0x07, 0xBF, 0x40, 0x0B, 0x43, 0xC0,
    0x00, 0x02, 0xE0, 0x00, 0x03, 0xF0, 0x00, 0x03, 0xF0, 0x3C, 0x03, 0xE0, 0x7C, 0x0B, 0xC0, 0x70,
    0x2F, 0x00, 0x1F, 0xF4, 0x00, 0x00, 0x0B, 0xF8, 0x00, 0x7D, 0x2C, 0x01, 0xF0, 0x38, 0x03, 0xD0,
    0x00, 0x0F, 0xC0, 0x00, 0x0F, 0xAF, 0x80, 0x2F, 0xD2, 0xE0, 0x3F, 0x41, 0xF0, 0x3F, 0x02, 0xF0,
    0x3D, 0x03, 0xF0, 0x3C, 0x03, 0xE0, 0x3C, 0x07, 0xC0, 0x3D, 0x1F, 0x00, 0x0B, 0xF8, 0x00, 0x00,
    0x00, 0x00, 0x0E, 0xBC, 0x0A, 0x1F, 0xFD, 0x2C, 0x3E, 0x07, 0xF4, 0x70, 0x00, 0xE0, 0xD0, 0x02,
    0xC0, 0x00, 0x03, 0x80, 0x00, 0x0F, 0x00, 0x00, 0x1E, 0x00, 0x00, 0x3D, 0x00, 0x00, 0x7C, 0x00,
    0x00, 0xF8, 0x00, 0x01, 0xF4, 0x00, 0x02, 0xF0, 0x00, 0x01, 0xD0, 0x00, 0x00, 0x2F, 0xE0, 0x03,
    0x80, 0xE0, 0x38, 0x02, 0xC0, 0xE0, 0x0F, 0x07, 0xE0, 0x70, 0x0F, 0xFB, 0x40, 0x2F, 0xF8, 0x01,
    0xEF, 0xF4, 0x2D, 0x0B, 0xF1, 0xE0, 0x0B, 0xCB, 0x00, 0x1E, 0x2C, 0x00, 0xB0, 0x78, 0x0B, 0x00,
    0x7F, 0xE0, 0x00, 0x00, 0x2F, 0xD0, 0x01, 0xF4, 0x78, 0x03, 0xD0, 0x3C, 0x0F, 0xC0, 0x7C, 0x0F,
    0x80, 0xBC, 0x1F, 0x40, 0xFC, 0x0F, 0x01, 0xF8, 0x0F, 0x47, 0xF4, 0x02, 0xFA, 0xF0, 0x00, 0x03,
    0xE0, 0x00, 0x07, 0xC0, 0x3C, 0x0F, 0x40, 0x78, 0x7D, 0x00, 0x2F, 0xE0, 0x00, 0x07, 0xC0, 0xFC,
    0x0B, 0x80, 0x00, 0x00, 0x00, 0x00, 0x2D, 0x07, 0xE0, 0x3C, 0x00, 0x01, 0xF0, 0x0F, 0xC0, 0x2E,
    0x00, 0x00, 0x00, 0x00, 0x00, 0x00, 0xB4, 0x07, 0xE0, 0x0F, 0x80, 0x09, 0x00, 0x20, 0x03, 0x00,
    0x30, 0x00, 0x00, 0x00, 0x00, 0x00, 0x00, 0x0B, 0x00, 0x00, 0x01, 0xB4, 0x00, 0x00, 0x1E, 0x00,
    0x00, 0x02, 0xD0, 0x00, 0x00, 0x7D, 0x00, 0x00, 0x07, 0x80, 0x00, 0x00, 0x38, 0x00, 0x00, 0x00,
    0x0A, 0x00, 0x00, 0x00, 0x00, 0x90, 0x00, 0x00, 0x00, 0x19, 0x00, 0x00, 0x00, 0x01, 0x90, 0x00,
    0x00, 0x00, 0x18, 0x00, 0x00, 0x00, 0x02, 0x40, 0x0F, 0xFF, 0xFF, 0xFF, 0x40, 0x00, 0x00, 0x00,
    0x00, 0x00, 0x00, 0x00, 0x00, 0x00, 0x00, 0x00, 0x00, 0x7F, 0xFF, 0xFF, 0xFC, 0x00, 0x01, 0x40,
    0x00, 0x00, 0x00, 0xA0, 0x00, 0x00, 0x00, 0x0A, 0x00, 0x00, 0x00, 0x01, 0xD0, 0x00, 0x00, 0x00,
    0x1D, 0x00, 0x00, 0x00, 0x02, 0xC0, 0x00, 0x00, 0x00, 0x28, 0x00, 0x00, 0x00, 0x28, 0x00, 0x00,
    0x07, 0x80, 0x00, 0x00, 0x78, 0x00, 0x00, 0x0B, 0x40, 0x00, 0x00, 0xB4, 0x00, 0x00, 0x1E, 0x00,
    0x00, 0x00, 0xA0, 0x00, 0x00, 0x00, 0x01, 0xFE, 0x02, 0xD0, 0xA1, 0xC0, 0x1C, 0xD0, 0x0B, 0x7C,
    0x07, 0x9E, 0x0F, 0xC0, 0x1F, 0x80, 0x1F, 0x40, 0x0F, 0x00, 0x03, 0x5C, 0x00, 0xBC, 0x00, 0x00,
    0x00, 0x1F, 0x00, 0x0F, 0xC0, 0x02, 0xD0, 0x00, 0x00, 0x06, 0xFF, 0x80, 0x00, 0x79, 0x00, 0xB4,
    0x02, 0xD6, 0xF8, 0x0C, 0x07, 0x1F, 0x0A, 0x0A, 0x0C, 0x7C, 0x03, 0xC7, 0x28, 0xF4, 0x07, 0xC6,
    0x30, 0xF0, 0x0B, 0x8A, 0x71, 0xF0, 0x0F, 0x4D, 0xA1, 0xE0, 0x0F, 0x0C, 0xA1, 0xE0, 0x1F, 0x18,
    0x70, 0xF0, 0x7F, 0x30, 0x34, 0x2F, 0x8B, 0xF0, 0x1E, 0x00, 0x2F, 0x80, 0x02, 0xFF, 0xE4, 0x00,
    0x00, 0x00, 0x03, 0x80, 0x00, 0x00, 0x0F, 0x80, 0x00, 0x00, 0x2F, 0xC0, 0x00, 0x00, 0x3F, 0xC0,
    0x00, 0x00, 0xCF, 0xC0, 0x00, 0x01, 0x8F, 0xC0, 0x00, 0x03, 0x0B, 0xC0, 0x00, 0x0D, 0x0B, 0xD0,
    0x00, 0x1C, 0x07, 0xD0, 0x00, 0x3F, 0xFF, 0xE0, 0x00, 0xA0, 0x03, 0xE0, 0x01, 0xC0, 0x03, 0xF0,
    0x07, 0x40, 0x03, 0xF0, 0x7F, 0xF0, 0x3F, 0xFE, 0x00, 0xFF, 0xFF, 0xF8, 0x00, 0x07, 0xD0, 0x0F,
    0xC0, 0x02, 0xF0, 0x01, 0xF4, 0x00, 0xFC, 0x00, 0xBD, 0x00, 0x3E, 0x00, 0x3E, 0x00, 0x1F, 0x40,
    0x7E, 0x00, 0x0B, 0xFF, 0xFD, 0x00, 0x03, 0xF0, 0x03, 0xD0, 0x00, 0xF8, 0x00, 0xBC, 0x00, 0x7D,
    0x00, 0x2F, 0x40, 0x2F, 0x00, 0x0F, 0xC0, 0x0F, 0xC0, 0x07, 0xE0, 0x03, 0xE0, 0x07, 0xE0, 0x1F,
    0xFF, 0xFF, 0x90, 0x00, 0x00, 0x06, 0xFF, 0x47, 0x00, 0x1F, 0x90, 0x2F, 0xC0, 0x2F, 0x40, 0x03,
    0xE0, 0x2F, 0x40, 0x00, 0xB0, 0x0F, 0x80, 0x00, 0x1C, 0x0F, 0xC0, 0x00, 0x01, 0x03, 0xF0, 0x00,
    0x00, 0x01, 0xF8, 0x00, 0x00, 0x00, 0xBD, 0x00, 0x00, 0x00, 0x2F, 0x40, 0x00, 0x28, 0x07, 0xD0,
    0x00, 0x0C, 0x00, 0xF8, 0x00, 0x0D, 0x00, 0x0F, 0x90, 0x2D, 0x00, 0x00, 0x7F, 0xE4, 0x00, 0x00,
    0x00, 0xFF, 0xFF, 0xF8, 0x00, 0x01, 0xF4, 0x02, 0xF4, 0x00, 0x2F, 0x00, 0x0B, 0xC0, 0x03, 0xF0,
    0x00, 0x7D, 0x00, 0x3E, 0x00, 0x03, 0xE0, 0x07, 0xD0, 0x00, 0x7E, 0x00, 0xBC, 0x00, 0x0B, 0xD0,
    0x0F, 0xC0, 0x00, 0xBC, 0x00, 0xF8, 0x00, 0x0F, 0xC0, 0x1F, 0x40, 0x01, 0xF4, 0x02, 0xF0, 0x00,
    0x3E, 0x00, 0x3F, 0x00, 0x0F, 0xC0, 0x03, 0xE0, 0x07, 0xE0, 0x07, 0xFF, 0xFF, 0xE0, 0x00, 0x00,
    0xFF, 0xFF, 0xFF, 0x00, 0x1F, 0x80, 0x1F, 0x00, 0x2F, 0x40, 0x0E, 0x00, 0x3F, 0x00, 0x0A, 0x00,
    0x3F, 0x06, 0x09, 0x00, 0x7E, 0x1E, 0x00, 0x00, 0xBF, 0xFD, 0x00, 0x00, 0xFC, 0x2C, 0x00, 0x00,
    0xFC, 0x1C, 0x08, 0x01, 0xF8, 0x00, 0x28, 0x02, 0xF4, 0x00, 0x30, 0x03, 0xF0, 0x00, 0xE0, 0x03,
    0xF0, 0x07, 0xD0, 0x7F, 0xFF, 0xFF, 0xC0, 0x00, 0x00, 0x00, 0x00, 0x00, 0xFF, 0xFF, 0xFD, 0x00,
    0x1F, 0x80, 0x2D, 0x00, 0x2F, 0x40, 0x0D, 0x00, 0x3F, 0x00, 0x0C, 0x00, 0x3E, 0x0A, 0x0C, 0x00,
    0x7D, 0x1D, 0x00, 0x00, 0xBF, 0xFC, 0x00, 0x00, 0xFC, 0x2C, 0x00, 0x00, 0xF8, 0x28, 0x00, 0x01,
    0xF4, 0x10, 0x00, 0x02, 0xF0, 0x00, 0x00, 0x03, 0xF0, 0x00, 0x00, 0x03, 0xF0, 0x00, 0x00, 0xBF,
    0xFF, 0x00, 0x00, 0x00, 0x06, 0xFF, 0x47, 0x00, 0x1F, 0x90, 0x2F, 0xC0, 0x2F, 0x40, 0x03, 0xD0,
    0x2F, 0x40, 0x00, 0xB0, 0x1F, 0x80, 0x00, 0x1C, 0x0F, 0xC0, 0x00, 0x00, 0x03, 0xF0, 0x00, 0x00,
    0x01, 0xF8, 0x00, 0x00, 0x00, 0xBD, 0x00, 0xBF, 0xFC, 0x2F, 0x40, 0x01, 0xF8, 0x07, 0xD0, 0x00,
    0xBD, 0x00, 0xFC, 0x00, 0x3F, 0x00, 0x0F, 0xD0, 0x7F, 0x80, 0x00, 0x6F, 0xE4, 0x00, 0x00, 0x00,
    0x00, 0x00, 0x00, 0x00, 0x00, 0x3F, 0xFF, 0x1F, 0xFF, 0xC0, 0x01, 0xF8, 0x00, 0x7D, 0x00, 0x00,
    0xBD, 0x00, 0x2F, 0x00, 0x00, 0x3F, 0x00, 0x0F, 0xC0, 0x00, 0x0F, 0xC0, 0x03, 0xE0, 0x00, 0x07,
    0xE0, 0x01, 0xF4, 0x00, 0x02, 0xFF, 0xFF, 0xFC, 0x00, 0x00, 0xFC, 0x00, 0x3F, 0x00, 0x00, 0x3F,
    0x00, 0x1F, 0x80, 0x00, 0x1F, 0x80, 0x07, 0xD0, 0x00, 0x0B, 0xD0, 0x02, 0xF0, 0x00, 0x03, 0xF0,
    0x00, 0xFC, 0x00, 0x00, 0xFC, 0x00, 0x7E, 0x00, 0x0B, 0xFF, 0xE2, 0xFF, 0xF8, 0x00, 0x01, 0xFF,
    0xFC, 0x00, 0x1F, 0x80, 0x00, 0x2F, 0x40, 0x00, 0x3F, 0x00, 0x00, 0x3F, 0x00, 0x00, 0x7E, 0x00,
    0x00, 0xBD, 0x00, 0x00, 0xFC, 0x00, 0x00, 0xFC, 0x00, 0x01, 0xF8, 0x00, 0x02, 0xF4, 0x00, 0x03,
    0xF0, 0x00, 0x03, 0xF0, 0x00, 0xBF, 0xFF, 0x00, 0x00, 0x00, 0x00, 0x00, 0x00, 0xFF, 0xFD, 0x00,
    0x00, 0x7E, 0x00, 0x00, 0x0B, 0xC0, 0x00, 0x00, 0xFC, 0x00, 0x00, 0x0F, 0x80, 0x00, 0x01, 0xF4,
    0x00, 0x00, 0x2F, 0x00, 0x00, 0x03, 0xF0, 0x00, 0x00, 0x3E, 0x00, 0x00, 0x07, 0xD0, 0x02, 0xD0,
    0xFC, 0x00, 0x7E, 0x0F, 0x80, 0x07, 0x83, 0xF0, 0x00, 0x1F, 0xF4, 0x00, 0x00, 0x00, 0xFF, 0xFC,
    0x0F, 0xFC, 0x00, 0x1F, 0x80, 0x03, 0x80, 0x00, 0x2F, 0x40, 0x1D, 0x00, 0x00, 0x3F, 0x00, 0xB0,
    0x00, 0x00, 0x3F, 0x07, 0x80, 0x00, 0x00, 0x7E, 0x2D, 0x00, 0x00, 0x00, 0xBD, 0xFF, 0x00, 0x00,
    0x00, 0xFF, 0x7F, 0x00, 0x00, 0x00, 0xFC, 0x1F, 0x80, 0x00, 0x01, 0xF8, 0x0F, 0xC0, 0x00, 0x02,
    0xF4, 0x07, 0xE0, 0x00, 0x03, 0xF0, 0x03, 0xF0, 0x00, 0x03, 0xF0, 0x02, 0xF8, 0x00, 0x7F, 0xFE,
    0x0F, 0xFF, 0x00, 0x00, 0xFF, 0xFE, 0x00, 0x01, 0xF8, 0x00, 0x00, 0x2F, 0x40, 0x00, 0x03, 0xF0,
    0x00, 0x00, 0x3F, 0x00, 0x00, 0x07, 0xE0, 0x00, 0x00, 0xBD, 0x00, 0x00, 0x0F, 0xC0, 0x00, 0x00,
    0xFC, 0x00, 0x40, 0x1F, 0x80, 0x0C, 0x02, 0xF4, 0x02, 0xC0, 0x3F, 0x00, 0x74, 0x03, 0xF0, 0x2F,
    0x0B, 0xFF, 0xFF, 0xE0, 0x00, 0xFF, 0xD0, 0x00, 0x0B, 0xFE, 0x00, 0x1F, 0xD0, 0x00, 0x1F, 0xC0,
    0x00, 0x2B, 0xE0, 0x00, 0x3B, 0xC0, 0x00, 0x36, 0xF0, 0x00, 0xCF, 0x80, 0x00, 0x31, 0xF0, 0x02,
    0x8F, 0x40, 0x00, 0x71, 0xF0, 0x03, 0x1F, 0x00, 0x00, 0xA0, 0xF0, 0x0C, 0x2F, 0x00, 0x00, 0xD0,
    0xF4, 0x28, 0x3E, 0x00, 0x00, 0xC0, 0xF8, 0x70, 0x3D, 0x00, 0x01, 0xC0, 0xB8, 0xC0, 0x7C, 0x00,
    0x02, 0x80, 0xBE, 0x40, 0xBC, 0x00, 0x03, 0x40, 0x7F, 0x00, 0xF8, 0x00, 0x07, 0x40, 0x3C, 0x00,
    0xF4, 0x00, 0xBF, 0xF0, 0x34, 0x2F, 0xFF, 0x00, 0x00, 0xFF, 0xC0, 0x0B, 0xFF, 0x00, 0x07, 0xF8,
    0x00, 0x34, 0x00, 0x02, 0xBF, 0x00, 0x0C, 0x00, 0x00, 0xD7, 0xE0, 0x07, 0x00, 0x00, 0x30, 0xFD,
    0x02, 0x80, 0x00, 0x1C, 0x1F, 0xC0, 0xD0, 0x00, 0x0A, 0x03, 0xF4, 0x30, 0x00, 0x03, 0x40, 0x7F,
    0x1C, 0x00, 0x00, 0xC0, 0x0B, 0xDA, 0x00, 0x00, 0x70, 0x00, 0xFF, 0x40, 0x00, 0x28, 0x00, 0x2F,
    0xC0, 0x00, 0x0D, 0x00, 0x03, 0xF0, 0x00, 0x07, 0x40, 0x00, 0xB8, 0x00, 0x2F, 0xFC, 0x00, 0x0D,
    0x00, 0x00, 0x00, 0x06, 0xFE, 0x40, 0x00, 0x7D, 0x02, 0xF0, 0x02, 0xF0, 0x00, 0xF8, 0x0B, 0xC0,
    0x00, 0xBC, 0x0F, 0x80, 0x00, 0xBC, 0x2F, 0x00, 0x00, 0xFC, 0x3F, 0x00, 0x00, 0xFC, 0x7E, 0x00,
    0x01, 0xF8, 0xBD, 0x00, 0x02, 0xF4, 0xBD, 0x00, 0x03, 0xF0, 0x7D, 0x00, 0x0B, 0xC0, 0x3E, 0x00,
    0x2F, 0x00, 0x1F, 0x41, 0xBC, 0x00, 0x02, 0xFF, 0x90, 0x00, 0x00, 0xFF, 0xFF, 0xF4, 0x00, 0x07,
    0xD0, 0x1F, 0xC0, 0x02, 0xF0, 0x02, 0xF0, 0x00, 0xFC, 0x00, 0xBD, 0x00, 0x3E, 0x00, 0x3F, 0x00,
    0x1F, 0x40, 0x1F, 0x40, 0x0B, 0xC0, 0x1F, 0x80, 0x03, 0xFF, 0xFE, 0x00, 0x00, 0xFC, 0x00, 0x00,
    0x00, 0x7E, 0x00, 0x00, 0x00, 0x2F, 0x40, 0x00, 0x00, 0x0F, 0xC0, 0x00, 0x00, 0x03, 0xF0, 0x00,
    0x00, 0x2F, 0xFF, 0x80, 0x00, 0x00, 0x00, 0x00, 0x00, 0x00, 0x00, 0x06, 0xFE, 0x40, 0x00, 0x7E,
    0x02, 0xF0, 0x01, 0xF0, 0x00, 0xF8, 0x07, 0xD0, 0x00, 0xBC, 0x0F, 0x80, 0x00, 0xBC, 0x2F, 0x00,
    0x00, 0xBC, 0x3F, 0x00, 0x00, 0xFC, 0x7E, 0x00, 0x00, 0xFC, 0xBD, 0x00, 0x01, 0xF4, 0xBC, 0x00,
    0x03, 0xF0, 0xBC, 0x00, 0x07, 0xC0, 0x3D, 0x2F, 0x0F, 0x00, 0x2F, 0x91, 0xF8, 0x00, 0x06, 0xFF,
    0xD0, 0x80, 0x00, 0x01, 0xE1, 0xC0, 0x00, 0x01, 0xFF, 0x80, 0x00, 0x00, 0xFF, 0x00, 0x00, 0x00,
    0xBC, 0x00, 0x00, 0xFF, 0xFF, 0xE4, 0x00, 0x07, 0xD0, 0x1F, 0x80, 0x02, 0xF0, 0x02, 0xF4, 0x00,
    0xFC, 0x00, 0xFC, 0x00, 0x3E, 0x00, 0x3E, 0x00, 0x1F, 0x40, 0x7E, 0x00, 0x0B, 0xFF, 0xF8, 0x00,
    0x03, 0xF0, 0x2F, 0x00, 0x00, 0xF8, 0x03, 0xE0, 0x00, 0x7D, 0x00, 0xF8, 0x00, 0x2F, 0x00, 0x7E,
    0x00, 0x0F, 0xC0, 0x2F, 0x40, 0x03, 0xE0, 0x0B, 0xD3, 0x9F, 0xFF, 0x80, 0xBF, 0x80, 0x00, 0x07,
    0xF8, 0x60, 0x03, 0xD0, 0xBD, 0x00, 0xF0, 0x02, 0xC0, 0x1E, 0x00, 0x2C, 0x02, 0xF0, 0x01, 0x80,
    0x2F, 0xE4, 0x00, 0x00, 0xFF, 0xF8, 0x00, 0x02, 0xFF, 0xE0, 0x00, 0x00, 0x7F, 0x00, 0xC0, 0x01,
    0xF0, 0x1C, 0x00, 0x1E, 0x02, 0xD0, 0x03, 0xC0, 0x3F, 0x40, 0xF0, 0x03, 0x1B, 0xF8, 0x00, 0x0B,
    0xFF, 0xFF, 0xFC, 0x0F, 0x03, 0xF0, 0x3C, 0x1C, 0x03, 0xE0, 0x1C, 0x34, 0x07, 0xD0, 0x1C, 0x30,
    0x0B, 0xC0, 0x18, 0x00, 0x0F, 0xC0, 0x00, 0x00, 0x0F, 0x80, 0x00, 0x00, 0x1F, 0x40, 0x00, 0x00,
    0x2F, 0x00, 0x00, 0x00, 0x3F, 0x00, 0x00, 0x00, 0x3E, 0x00, 0x00, 0x00, 0x7D, 0x00, 0x00, 0x00,
    0xFC, 0x00, 0x00, 0x3F, 0xFF, 0xF0, 0x00, 0x00, 0x00, 0x00, 0x00, 0x0F, 0xFF, 0xC0, 0xFF, 0xE0,
    0x7E, 0x00, 0x07, 0x00, 0x2F, 0x40, 0x02, 0xC0, 0x0F, 0xC0, 0x00, 0xE0, 0x03, 0xF0, 0x00, 0x34,
    0x01, 0xF8, 0x00, 0x1C, 0x00, 0xBD, 0x00, 0x0B, 0x00, 0x3F, 0x00, 0x03, 0x80, 0x0F, 0xC0, 0x00,
    0xD0, 0x07, 0xE0, 0x00, 0x70, 0x01, 0xF4, 0x00, 0x38, 0x00, 0x3D, 0x00, 0x2C, 0x00, 0x0B, 0xC0,
    0x7C, 0x00, 0x00, 0x6F, 0xE4, 0x00, 0x00, 0x00, 0x00, 0x00, 0x00, 0x1F, 0xFF, 0x40, 0xBF, 0xD0,
    0x7D, 0x00, 0x07, 0x40, 0x1F, 0x80, 0x03, 0x40, 0x03, 0xE0, 0x02, 0xC0, 0x00, 0xFC, 0x01, 0xC0,
    0x00, 0x3F, 0x00, 0xD0, 0x00, 0x0F, 0xC0, 0xA0, 0x00, 0x02, 0xF4, 0x70, 0x00, 0x00, 0xBD, 0x34,
    0x00, 0x00, 0x1F, 0xA8, 0x00, 0x00, 0x03, 0xFC, 0x00, 0x00, 0x00, 0xFD, 0x00, 0x00, 0x00, 0x3E,
    0x00, 0x00, 0x00, 0x0F, 0x00, 0x00, 0x00, 0x7F, 0xFC, 0x7F, 0xFC, 0x1F, 0xF8, 0x2F, 0x00, 0x3F,
    0x00, 0x0E, 0x00, 0xBD, 0x00, 0xBC, 0x00, 0x70, 0x02, 0xF4, 0x03, 0xF4, 0x03, 0x00, 0x07, 0xE0,
    0x2F, 0xD0, 0x28, 0x00, 0x1F, 0x80, 0xEF, 0x41, 0xC0, 0x00, 0x3E, 0x0D, 0x7E, 0x0D, 0x00, 0x00,
    0xFC, 0x70, 0xF8, 0xA0, 0x00, 0x03, 0xF3, 0x03, 0xF3, 0x00, 0x00, 0x0F, 0xE8, 0x0F, 0xE4, 0x00,
    0x00, 0x3F, 0xC0, 0x3F, 0xC0, 0x00, 0x00, 0xFD, 0x00, 0xFC, 0x00, 0x00, 0x02, 0xE0, 0x03, 0xE0,
    0x00, 0x00, 0x0B, 0x00, 0x0B, 0x00, 0x00, 0x00, 0x00, 0xFF, 0xFC, 0xBF, 0xF4, 0x00, 0x3F, 0x40,
    0x78, 0x00, 0x00, 0x7E, 0x03, 0x40, 0x00, 0x00, 0xFC, 0x38, 0x00, 0x00, 0x02, 0xFB, 0x80, 0x00,
    0x00, 0x03, 0xF8, 0x00, 0x00, 0x00, 0x0F, 0xD0, 0x00, 0x00, 0x00, 0x3F, 0xC0, 0x00, 0x00, 0x03,
    0xBF, 0x00, 0x00, 0x00, 0x2C, 0xBE, 0x00, 0x00, 0x02, 0xC0, 0xFC, 0x00, 0x00, 0x2C, 0x02, 0xF4,
    0x00, 0x02, 0xC0, 0x07, 0xF0, 0x01, 0xFF, 0xD0, 0xFF, 0xFC, 0x00, 0x7F, 0xFD, 0x02, 0xFF, 0x41,
    0xFC, 0x00, 0x2D, 0x00, 0x3F, 0x00, 0x1C, 0x00, 0x0B, 0xE0, 0x1C, 0x00, 0x01, 0xFC, 0x0D, 0x00,
    0x00, 0x3F, 0x4D, 0x00, 0x00, 0x0B, 0xED, 0x00, 0x00, 0x00, 0xFE, 0x00, 0x00, 0x00, 0x3F, 0x00,
    0x00, 0x00, 0x0F, 0x80, 0x00, 0x00, 0x07, 0xD0, 0x00, 0x00, 0x02, 0xF0, 0x00, 0x00, 0x00, 0xFC,
    0x00, 0x00, 0x07, 0xFF, 0xE0, 0x00, 0x00, 0x00, 0x3F, 0xFF, 0xFD, 0x00, 0x7D, 0x01, 0xF8, 0x00,
    0xF0, 0x07, 0xF0, 0x00, 0xD0, 0x0F, 0xC0, 0x01, 0xC0, 0x3F, 0x00, 0x00, 0x00, 0xFC, 0x00, 0x00,
    0x03, 0xF4, 0x00, 0x00, 0x0F, 0xD0, 0x00, 0x00, 0x2F, 0x40, 0x90, 0x00, 0xBE, 0x00, 0xC0, 0x01,
    0xF8, 0x01, 0xC0, 0x07, 0xF0, 0x03, 0x80, 0x1F, 0xC0, 0x2F, 0x40, 0x3F, 0xFF, 0xFF, 0x00, 0x00,
    0x1F, 0xC0, 0x03, 0xD0, 0x00, 0x3C, 0x00, 0x07, 0xC0, 0x00, 0xB8, 0x00, 0x0F, 0x40, 0x00, 0xF0,
    0x00, 0x1F, 0x00, 0x02, 0xE0, 0x00, 0x3D, 0x00, 0x03, 0xC0, 0x00, 0x7C, 0x00, 0x0B, 0x80, 0x00,
    0xF4, 0x00, 0x0F, 0x00, 0x01, 0xF0, 0x00, 0x2E, 0x00, 0x03, 0xD0, 0x00, 0x3C, 0x00, 0x07, 0xC0,
    0x00, 0x7F, 0x00, 0x00, 0x00, 0x18, 0x02, 0x00, 0xC0, 0x30, 0x0C, 0x03, 0x00, 0x90, 0x14, 0x06,
    0x00, 0x80, 0x30, 0x0C, 0x03, 0x00, 0x80, 0x24, 0x05, 0x00, 0x80, 0x20, 0x0C, 0x03, 0x00, 0x80,
    0x20, 0x00, 0x00, 0x0F, 0xE0, 0x00, 0x2D, 0x00, 0x03, 0xC0, 0x00, 0x3C, 0x00, 0x07, 0x80, 0x00,
    0xB4, 0x00, 0x0F, 0x00, 0x00, 0xF0, 0x00, 0x1E, 0x00, 0x02, 0xD0, 0x00, 0x3C, 0x00, 0x03, 0xC0,
    0x00, 0xB8, 0x00, 0x0F, 0x40, 0x00, 0xF0, 0x00, 0x1F, 0x00, 0x02, 0xE0, 0x00, 0x3D, 0x00, 0x03,
    0xC0, 0x00, 0x7C, 0x00, 0x3F, 0x80, 0x00, 0x00, 0x74, 0x00, 0x3F, 0xE0, 0x2F, 0x4B, 0xC7, 0x40,
    0x1D, 0xBF, 0xFF, 0xFF, 0xD0, 0x74, 0x2F, 0x41, 0xB0, 0x01, 0xFD, 0x40, 0x0B, 0x83, 0xE0, 0x2F,
    0x02, 0xE0, 0x3D, 0x03, 0xD0, 0x7C, 0x03, 0xC0, 0xBC, 0x07, 0xC0, 0xF8, 0x0B, 0x80, 0xB4, 0x0F,
    0x5C, 0x78, 0x3F, 0x78, 0x1F, 0xD3, 0xE0, 0x00, 0x00, 0x02, 0xFC, 0x00, 0x07, 0x80, 0x00, 0xB4,
    0x00, 0x0F, 0x00, 0x00, 0xF7, 0xE0, 0x1F, 0x87, 0xC2, 0xE0, 0x3C, 0x3C, 0x03, 0xD7, 0xC0, 0x7C,
    0xB8, 0x0B, 0xCB, 0x80, 0xF8, 0xB4, 0x1F, 0x03, 0x87, 0xC0, 0x1F, 0xE0, 0x00, 0x00, 0xBF, 0x40,
    0xBC, 0x3C, 0x1F, 0x07, 0x83, 0xD0, 0x00, 0x7C, 0x00, 0x0B, 0xC0, 0x00, 0xF8, 0x00, 0x0B, 0x80,
    0x08, 0x3C, 0x07, 0x80, 0xBF, 0x90, 0x00, 0x01, 0xFC, 0x00, 0x00, 0x7C, 0x00, 0x00, 0xB8, 0x00,
    0x00, 0xF4, 0x01, 0xFC, 0xF0, 0x0B, 0x87, 0xF0, 0x2F, 0x02, 0xE0, 0x3D, 0x03, 0xD0, 0x7C, 0x03,
    0xC0, 0xBC, 0x07, 0xC0, 0xF8, 0x0B, 0x80, 0xB4, 0x0F, 0x4C, 0x78, 0x2F, 0x64, 0x1F, 0xD3, 0xE0,
    0x01, 0xBF, 0x40, 0xB8, 0x2C, 0x2F, 0x01, 0xC3, 0xD0, 0x78, 0xBF, 0xF9, 0x0B, 0xC0, 0x00, 0xB8,
    0x00, 0x0B, 0x80, 0x08, 0x3C, 0x07, 0x80, 0xBF, 0x90, 0x00, 0x00, 0xBE, 0x00, 0x00, 0xF3, 0xC0,
    0x00, 0x7C, 0xF0, 0x00, 0x2E, 0x00, 0x00, 0x0F, 0x40, 0x00, 0x7F, 0xFF, 0x00, 0x00, 0xF0, 0x00,
    0x00, 0x7C, 0x00, 0x00, 0x2E, 0x00, 0x00, 0x0B, 0x80, 0x00, 0x03, 0xD0, 0x00, 0x00, 0xF0, 0x00,
    0x00, 0x7C, 0x00, 0x00, 0x2E, 0x00, 0x00, 0x0F, 0x40, 0x00, 0xF3, 0xC0, 0x00, 0x79, 0xD0, 0x00,
    0x0B, 0xD0, 0x00, 0x00, 0x00, 0x7F, 0x50, 0x0B, 0x83, 0xF0, 0xBC, 0x0B, 0x83, 0xD0, 0x3D, 0x1F,
    0x00, 0xF0, 0xBC, 0x07, 0xC2, 0xE0, 0x2E, 0x0B, 0x80, 0xF4, 0x0F, 0x0B, 0xC0, 0x1F, 0xEF, 0x00,
    0x00, 0xB8, 0x1E, 0x03, 0xD0, 0xB8, 0x2E, 0x00, 0xFF, 0x90, 0x00, 0x0B, 0xF0, 0x00, 0x00, 0x78,
    0x00, 0x00, 0x2D, 0x00, 0x00, 0x0F, 0x00, 0x00, 0x03, 0xCF, 0xD0, 0x01, 0xF8, 0x3C, 0x00, 0xBC,
    0x0B, 0x40, 0x3D, 0x03, 0xD0, 0x0F, 0x00, 0xF0, 0x0B, 0x80, 0xB8, 0x03, 0xD0, 0x3D, 0x00, 0xF0,
    0x0F, 0x1C, 0x7C, 0x03, 0xCD, 0x0D, 0x00, 0x7D, 0x00, 0x00, 0x78, 0x00, 0xB4, 0x00, 0x00, 0x00,
    0x00, 0x0B, 0xD0, 0x28, 0xF0, 0x31, 0xF0, 0x02, 0xE0, 0x03, 0xC0, 0x07, 0xC0, 0x0F, 0x40, 0x0F,
    0x0C, 0x0F, 0x38, 0x07, 0xD0, 0x00, 0x01, 0xD0, 0x00, 0x2D, 0x00, 0x00, 0x00, 0x00, 0x00, 0x00,
    0x7E, 0x00, 0x1C, 0x78, 0x03, 0x07, 0xC0, 0x00, 0xB8, 0x00, 0x0F, 0x40, 0x00, 0xF0, 0x00, 0x1F,
    0x00, 0x02, 0xE0, 0x00, 0x3D, 0x00, 0x03, 0xC0, 0x00, 0x7C, 0x03, 0x8B, 0x80, 0xB9, 0xF0, 0x03,
    0xF4, 0x00, 0x0B, 0xF0, 0x00, 0x07, 0xC0, 0x00, 0x2E, 0x00, 0x00, 0xF4, 0x00, 0x07, 0xC0, 0xF4,
    0x2E, 0x19, 0xE0, 0xF5, 0x8B, 0x43, 0xE8, 0x00, 0x1F, 0xD0, 0x00, 0xB9, 0xF4, 0x03, 0xD1, 0xF0,
    0x0F, 0x07, 0xC6, 0x7C, 0x1E, 0x34, 0xD0, 0x1F, 0x40, 0x00, 0x00, 0x2F, 0xC0, 0x1E, 0x00, 0xB4,
    0x03, 0xC0, 0x0F, 0x00, 0x78, 0x02, 0xD0, 0x0F, 0x00, 0x3C, 0x01, 0xE0, 0x0F, 0x40, 0x3C, 0x70,
    0xF3, 0x40, 0xF8, 0x00, 0x0F, 0x82, 0xF8, 0x2F, 0x80, 0x2A, 0xED, 0x2E, 0xD1, 0xE0, 0x32, 0xF0,
    0x2F, 0x01, 0xF0, 0x23, 0xE0, 0x2E, 0x02, 0xE0, 0x03, 0xC0, 0x3D, 0x03, 0xD0, 0x07, 0xC0, 0x3C,
    0x03, 0xC0, 0x0B, 0x80, 0x7C, 0x07, 0xC0, 0x0F, 0x40, 0xB8, 0x0F, 0x4C, 0x0F, 0x00, 0xF4, 0x0F,
    0x28, 0x0F, 0x00, 0xE0, 0x03, 0xE0, 0x00, 0x00, 0x00, 0x00, 0xF8, 0x2F, 0x80, 0x26, 0xED, 0x2D,
    0x03, 0x2F, 0x01, 0xE0, 0x03, 0xE0, 0x2E, 0x00, 0x3C, 0x03, 0xD0, 0x07, 0xC0, 0x7C, 0x00, 0xB8,
    0x0B, 0x80, 0x0F, 0x40, 0xF0, 0xC0, 0xF0, 0x0F, 0x28, 0x0E, 0x00, 0x7E, 0x00, 0x00, 0xBF, 0x80,
    0x2F, 0x07, 0xC1, 0xF0, 0x0F, 0x4F, 0x40, 0x3D, 0x7C, 0x00, 0xF6, 0xF0, 0x07, 0xCF, 0x80, 0x2F,
    0x2E, 0x00, 0xF0, 0x3C, 0x1F, 0x40, 0x2F, 0xE0, 0x00, 0x00, 0x00, 0x00, 0x00, 0xF8, 0xBE, 0x00,
    0xDB, 0xE0, 0xF0, 0x72, 0xF0, 0x3D, 0x00, 0xF4, 0x0F, 0x40, 0x3C, 0x03, 0xD0, 0x1F, 0x01, 0xF0,
    0x0B, 0x80, 0xBC, 0x03, 0xD0, 0x3C, 0x00, 0xF8, 0x3D, 0x00, 0x7E, 0xF8, 0x00, 0x2E, 0x00, 0x00,
    0x0F, 0x40, 0x00, 0x03, 0xC0, 0x00, 0x07, 0xFD, 0x00, 0x00, 0x01, 0xFD, 0x70, 0x2E, 0x0F, 0xC2,
    0xF0, 0x2E, 0x0F, 0x40, 0xF4, 0x7C, 0x03, 0xC2, 0xF0, 0x1F, 0x0F, 0x80, 0xB8, 0x2D, 0x03, 0xD0,
    0x78, 0x2F, 0x00, 0x7F, 0xFC, 0x00, 0x02, 0xE0, 0x00, 0x0F, 0x40, 0x00, 0x3C, 0x00, 0x0F, 0xFD,
    0x00, 0x00, 0x00, 0x00, 0x3E, 0x2F, 0x83, 0x6F, 0x83, 0x9C, 0xBC, 0x2E, 0x03, 0xD0, 0x60, 0x0F,
    0x00, 0x00, 0x7C, 0x00, 0x02, 0xE0, 0x00, 0x0F, 0x40, 0x00, 0x3C, 0x00, 0x00, 0xE0, 0x00, 0x00,
    0x00, 0xBF, 0x40, 0x3C, 0x2C, 0x07, 0x03, 0xC0, 0x74, 0x00, 0x07, 0xF9, 0x00, 0x1F, 0xF4, 0x00,
    0x07, 0x83, 0xC0, 0x34, 0x3C, 0x0B, 0x01, 0xFF, 0x80, 0x00, 0xB4, 0x00, 0xF0, 0x01, 0xF0, 0x02,
    0xE0, 0x3F, 0xFE, 0x03, 0xC0, 0x07, 0xC0, 0x0B, 0x80, 0x0F, 0x40, 0x0F, 0x00, 0x1F, 0x09, 0x1E,
    0x28, 0x0B, 0xE0, 0x0B, 0xC0, 0x00, 0x0A, 0x3C, 0x07, 0x43, 0x1F, 0x03, 0xC0, 0x0B, 0x80, 0xF0,
    0x03, 0xC0, 0xB8, 0x01, 0xF0, 0x3D, 0x00, 0xB8, 0x0F, 0x00, 0x2E, 0x07, 0xCA, 0x07, 0x87, 0xF3,
    0x00, 0x7E, 0x1F, 0x40, 0x0B, 0xD0, 0xB0, 0xA3, 0xC3, 0xE3, 0x1F, 0x0B, 0x80, 0xB8, 0x0D, 0x03,
    0xC0, 0x30, 0x1F, 0x01, 0xC0, 0xB8, 0x09, 0x02, 0xE0, 0x30, 0x07, 0xC3, 0x40, 0x07, 0xF4, 0x00,
    0x0B, 0xD0, 0x18, 0x2C, 0x28, 0xF0, 0x3C, 0x3E, 0x31, 0xF0, 0x7C, 0x3E, 0x02, 0xE0, 0xB8, 0x0D,
    0x03, 0xC0, 0xF4, 0x0C, 0x07, 0xC0, 0xF0, 0x1C, 0x0B, 0x81, 0xF0, 0x28, 0x0B, 0x81, 0xF0, 0x30,
    0x03, 0xC3, 0xF0, 0xA0, 0x01, 0xFD, 0x2F, 0x80, 0x07, 0xF4, 0xBC, 0x1D, 0x2F, 0x5E, 0x30, 0x2F,
    0x2D, 0x00, 0x2E, 0x00, 0x00, 0x3D, 0x00, 0x00, 0x3C, 0x00, 0x00, 0x7C, 0x00, 0x38, 0xF8, 0x0C,
    0xB5, 0xF8, 0x34, 0x3F, 0x1F, 0xD0, 0x0B, 0xC0, 0x08, 0x2C, 0xF0, 0x2D, 0x31, 0xF0, 0x3D, 0x22,
    0xE0, 0x3C, 0x03, 0xC0, 0x7C, 0x07, 0xC0, 0xB8, 0x0B, 0x80, 0xF4, 0x0B, 0x80, 0xF0, 0x07, 0x83,
    0xF0, 0x01, 0xFB, 0xE0, 0x00, 0x03, 0xC0, 0x1E, 0x0F, 0x80, 0x2D, 0x2E, 0x00, 0x0F, 0xE4, 0x00,
    0x00, 0x00, 0x00, 0x07, 0xE1, 0xC0, 0x7F, 0xFD, 0x03, 0x40, 0xD0, 0x00, 0x1D, 0x00, 0x01, 0xC0,
    0x00, 0x28, 0x00, 0x02, 0x80, 0x2C, 0x2F, 0xFF, 0xD1, 0xC1, 0xFC, 0x00, 0x00, 0x01, 0xBC, 0x00,
    0x0B, 0x80, 0x00, 0x1F, 0x00, 0x00, 0x3D, 0x00, 0x00, 0x3C, 0x00, 0x00, 0x7C, 0x00, 0x00, 0xB8,
    0x00, 0x00, 0xF4, 0x00, 0x00, 0xF0, 0x00, 0x03, 0xD0, 0x00, 0x7E, 0x00, 0x00, 0x0F, 0x40, 0x00,
    0x07, 0xC0, 0x00, 0x07, 0xC0, 0x00, 0x0B, 0x80, 0x00, 0x0F, 0x40, 0x00, 0x0F, 0x00, 0x00, 0x1F,
    0x00, 0x00, 0x2E, 0x00, 0x00, 0x1F, 0x40, 0x00, 0x06, 0xF0, 0x00, 0x00, 0x08, 0x00, 0x1C, 0x00,
    0x2C, 0x00, 0x38, 0x00, 0x34, 0x00, 0x70, 0x00, 0xB0, 0x00, 0xD0, 0x00, 0xC0, 0x01, 0xC0, 0x02,
    0x80, 0x03, 0x40, 0x03, 0x00, 0x07, 0x00, 0x0A, 0x00, 0x0D, 0x00, 0x0C, 0x00, 0x1C, 0x00, 0x28,
    0x00, 0x34, 0x00, 0x30, 0x00, 0x00, 0x00, 0x00, 0x0F, 0x90, 0x00, 0x01, 0xF4, 0x00, 0x00, 0xB8,
    0x00, 0x00, 0xF4, 0x00, 0x00, 0xF0, 0x00, 0x01, 0xF0, 0x00, 0x02, 0xE0, 0x00, 0x03, 0xD0, 0x00,
    0x03, 0xD0, 0x00, 0x03, 0xE0, 0x00, 0x00, 0xBD, 0x00, 0x02, 0xE0, 0x00, 0x0F, 0x40, 0x00, 0x1F,
    0x00, 0x00, 0x2E, 0x00, 0x00, 0x3D, 0x00, 0x00, 0x3C, 0x00, 0x00, 0x7C, 0x00, 0x00, 0xB8, 0x00,
    0x02, 0xF0, 0x00, 0x3F, 0x40, 0x00, 0x0B, 0xE4, 0x18, 0x90, 0xBF, 0x40, 0x00, 0x00, 0x00, 0x00,
    0xB8, 0x03, 0xF0, 0x0F, 0x00, 0x00, 0x00, 0xC0, 0x0B, 0x00, 0x3C, 0x01, 0xE0, 0x0B, 0x40, 0x3D,
    0x01, 0xF0, 0x0B, 0xC0, 0x3F, 0x01, 0xF8, 0x01, 0x40, 0x00, 0x00, 0x03, 0x00, 0x01, 0xBF, 0x80,
    0x7D, 0x97, 0x83, 0xC3, 0x2D, 0x3E, 0x0C, 0x01, 0xF4, 0x60, 0x0B, 0xC2, 0x40, 0x2F, 0x0C, 0x00,
    0x7C, 0x30, 0xA0, 0xF9, 0x8B, 0x00, 0xBF, 0xD0, 0x00, 0x30, 0x00, 0x00, 0xC0, 0x00, 0x00, 0x00,
    0x00, 0x00, 0x00, 0x2F, 0xC0, 0x00, 0x03, 0xD1, 0xC0, 0x00, 0x3C, 0x03, 0x40, 0x01, 0xF0, 0x2D,
    0x00, 0x0B, 0x80, 0xF0, 0x00, 0x3D, 0x00, 0x00, 0x01, 0xF0, 0x00, 0x00, 0x3F, 0xFC, 0x00, 0x00,
    0x3D, 0x00, 0x00, 0x00, 0xF4, 0x00, 0x00, 0x07, 0xC0, 0x00, 0x00, 0x2E, 0x00, 0x00, 0x2F, 0xF8,
    0x01, 0xC2, 0x8F, 0xFD, 0x1C, 0x0B, 0xE4, 0x7F, 0x80, 0x00, 0x1F, 0xFF, 0x40, 0xBF, 0xD0, 0x1F,
    0xC0, 0x02, 0xC0, 0x00, 0xFC, 0x00, 0xB0, 0x00, 0x0B, 0xE0, 0x28, 0x00, 0x2F, 0xFF, 0xFF, 0xFC,
    0x00, 0x03, 0xF5, 0xC0, 0x00, 0x00, 0x1F, 0xF4, 0x00, 0x00, 0x00, 0xFD, 0x00, 0x00, 0x00, 0x0F,
    0xC0, 0x00, 0x0B, 0xFF, 0xFF, 0xFF, 0x00, 0x00, 0x1F, 0x40, 0x00, 0x00, 0x02, 0xF0, 0x00, 0x00,
    0x00, 0x3F, 0x00, 0x00, 0x00, 0x7F, 0xFE, 0x00, 0x00, 0x00, 0x2F, 0xD0, 0x03, 0xC2, 0xC0, 0x2C,
    0x0E, 0x00, 0xD0, 0x00, 0x03, 0xD0, 0x00, 0x0F, 0xF4, 0x00, 0x2F, 0xF0, 0x02, 0xCB, 0xE0, 0x1C,
    0x03, 0x80, 0xB0, 0x0D, 0x01, 0xF8, 0xB0, 0x03, 0xFE, 0x00, 0x07, 0xFC, 0x00, 0x01, 0xF0, 0x00,
    0x01, 0xC0, 0x2C, 0x0B, 0x00, 0xF0, 0xB0, 0x01, 0xFE, 0x00, 0x00, 0x2D, 0x1F, 0x1F, 0x8F, 0xC3,
    0xC2, 0xD0, 0x00, 0x00, 0x06, 0xFF, 0xE8, 0x00, 0x00, 0x00, 0xB9, 0x00, 0x1B, 0x80, 0x00, 0x07,
    0x80, 0x00, 0x00, 0xB0, 0x00, 0x2D, 0x00, 0x00, 0x00, 0x2C, 0x00, 0xB0, 0x00, 0x00, 0x00, 0x0D,
    0x01, 0xC0, 0x06, 0xFE, 0x64, 0x0A, 0x03, 0x40, 0x7E, 0x02, 0xF0, 0x0B, 0x0A, 0x01, 0xF8, 0x00,
    0xF0, 0x07, 0x0C, 0x03, 0xF0, 0x00, 0xA0, 0x0B, 0x2C, 0x0B, 0xD0, 0x00, 0x40, 0x0A, 0x34, 0x0F,
    0xC0, 0x00, 0x00, 0x0D, 0x30, 0x0F, 0xC0, 0x00, 0x00, 0x0C, 0x30, 0x0F, 0xC0, 0x01, 0x80, 0x1C,
    0x30, 0x0F, 0xC0, 0x03, 0x00, 0x34, 0x30, 0x03, 0xE0, 0x1D, 0x00, 0x70, 0x34, 0x00, 0xBF, 0xE0,
    0x00, 0xD0, 0x28, 0x00, 0x00, 0x00, 0x03, 0x80, 0x1C, 0x00, 0x00, 0x00, 0x0B, 0x00, 0x0E, 0x00,
    0x00, 0x00, 0x3C, 0x00, 0x03, 0x80, 0x00, 0x01, 0xE0, 0x00, 0x00, 0xB8, 0x00, 0x6E, 0x00, 0x00,
    0x00, 0x0B, 0xFF, 0x90, 0x00, 0x00, 0x01, 0xFD, 0x40, 0x1F, 0x1F, 0x00, 0xF0, 0x7C, 0x0B, 0xC2,
    0xE0, 0x3E, 0x0F, 0x40, 0xF4, 0x3C, 0x62, 0xD2, 0xF3, 0x42, 0xF4, 0xF8, 0x00, 0x00, 0x03, 0xFF,
    0xFE, 0x00, 0x00, 0x20, 0x20, 0x01, 0x82, 0x80, 0x1C, 0x2C, 0x02, 0xC2, 0xC0, 0x3D, 0x7C, 0x01,
    0xF2, 0xE0, 0x01, 0xC2, 0xC0, 0x02, 0x83, 0x40, 0x03, 0x06, 0x00, 0x08, 0x08, 0x00, 0x3F, 0xFF,
    0xFF, 0xC0, 0x00, 0x00, 0xB0, 0x00, 0x00, 0x38, 0x00, 0x00, 0x0C, 0x00, 0x00, 0x07, 0x00, 0x00,
    0x01, 0x80, 0x1A, 0xA8, 0x3F, 0xFC, 0x15, 0x50, 0x00, 0x00, 0x06, 0xFF, 0xE4, 0x00, 0x00, 0x00,
    0xBD, 0x00, 0x1B, 0x80, 0x00, 0x07, 0x80, 0x00, 0x00, 0xB0, 0x00, 0x2D, 0x00, 0x00, 0x00, 0x38,
    0x00, 0xB0, 0x00, 0x00, 0x00, 0x0C, 0x01, 0xC0, 0x00, 0x00, 0x00, 0x0E, 0x03, 0x4B, 0xFF, 0xFE,
    0x40, 0x0A, 0x0B, 0x00, 0xFC, 0x0B, 0xD0, 0x07, 0x0D, 0x00, 0xF8, 0x0B, 0xD0, 0x07, 0x1C, 0x01,
    0xF4, 0x1F, 0x80, 0x0A, 0x38, 0x02, 0xFF, 0xFC, 0x00, 0x0E, 0x34, 0x03, 0xF0, 0xBC, 0x00, 0x0C,
    0x30, 0x03, 0xE0, 0x7D, 0x00, 0x1C, 0x30, 0x07, 0xD0, 0xBD, 0x00, 0x34, 0x30, 0x0B, 0xC0, 0xFD,
    0x34, 0x70, 0x30, 0xFF, 0xFC, 0x7F, 0xD0, 0xD0, 0x38, 0x00, 0x00, 0x00, 0x02, 0x80, 0x1C, 0x00,
    0x00, 0x00, 0x0B, 0x00, 0x0E, 0x00, 0x00, 0x00, 0x2C, 0x00, 0x03, 0x80, 0x00, 0x01, 0xE0, 0x00,
    0x00, 0xB8, 0x00, 0x6F, 0x40, 0x00, 0x00, 0x0B, 0xFF, 0x90, 0x00, 0x00, 0x3F, 0xFF, 0x80, 0x0B,
    0xC2, 0x8B, 0x30, 0xA3, 0x0D, 0x2F, 0x40, 0x00, 0x00, 0x03, 0x40, 0x00, 0x00, 0x00, 0x30, 0x00,
    0x00, 0x00, 0x07, 0x00, 0x00, 0x00, 0x00, 0xA0, 0x00, 0x00, 0x00, 0x0D, 0x00, 0x00, 0x00, 0x00,
    0xC0, 0x00, 0x00, 0x00, 0x1C, 0x00, 0x00, 0x3F, 0xFF, 0xFF, 0xFD, 0x00, 0x00, 0x34, 0x00, 0x00,
    0x00, 0x03, 0x00, 0x00, 0x00, 0x00, 0x70, 0x00, 0x00, 0x00, 0x0A, 0x00, 0x00, 0x00, 0x00, 0xD0,
    0x00, 0x03, 0xFF, 0xFF, 0xFF, 0xE0, 0x01, 0xE0, 0xFD, 0x39, 0x00, 0x00, 0x00, 0x00, 0x00, 0x0E,
    0x00, 0x00, 0x02, 0xE0, 0x1F, 0x00, 0x3D, 0x02, 0xE0, 0x03, 0xC0, 0x3D, 0x00, 0x7C, 0x03, 0xC0,
    0x0B, 0x80, 0x7C, 0x00, 0xF4, 0x0B, 0x80, 0x0F, 0x40, 0xF4, 0xC1, 0xF8, 0x2F, 0x68, 0x2F, 0xFD,
    0x3E, 0x03, 0xD0, 0x00, 0x00, 0x3C, 0x00, 0x00, 0x07, 0xC0, 0x00, 0x00, 0x78, 0x00, 0x00, 0x00,
    0x00, 0x00, 0x00, 0x00, 0xBF, 0xFF, 0xC0, 0xBF, 0xF1, 0xC0, 0x2F, 0xFF, 0x28, 0x07, 0xFF, 0xE3,
    0x40, 0xBF, 0xFD, 0x30, 0x0F, 0xFF, 0xC7, 0x00, 0xBF, 0xFC, 0xA0, 0x07, 0xFF, 0x8D, 0x00, 0x1F,
    0xF4, 0xC0, 0x00, 0x1B, 0x1C, 0x00, 0x00, 0x72, 0x80, 0x00, 0x0A, 0x34, 0x00, 0x00, 0xD3, 0x00,
    0x00, 0x0C, 0x70, 0x00, 0x01, 0xCA, 0x00, 0x00, 0x28, 0xD0, 0x00, 0x03, 0x4C, 0x00, 0x03, 0xFF,
    0xF8, 0x00, 0x1E, 0x0F, 0xC3, 0xD0, 0x01, 0xE0, 0x0B, 0xD0, 0x0B, 0xCF, 0xF8, 0x00, 0xBF, 0x80,
    0x1F, 0x4B, 0x80, 0xF4, 0x1F, 0x0B, 0xC0, 0xBC, 0x3E, 0x03, 0xF0, 0xF4, 0x0F, 0x41, 0xE0, 0xF4,
    0x01, 0xFE, 0x40, 0x00, 0x00, 0x03, 0xFF, 0xFC, 0x00, 0x02, 0x02, 0x00, 0x09, 0x0D, 0x00, 0x1C,
    0x28, 0x00, 0x38, 0x34, 0x00, 0xB8, 0xB4, 0x03, 0xE3, 0xD0, 0x3C, 0x3C, 0x02, 0xC3, 0x80, 0x1C,
    0x28, 0x00, 0x80, 0x80, 0x00, 0x00, 0x1E, 0x00, 0x0F, 0xC0, 0x03, 0xD0, 0x00, 0x00, 0x00, 0xF8,
    0x00, 0xD7, 0x00, 0x03, 0xC0, 0x07, 0xD0, 0x0B, 0xD0, 0x0F, 0x82, 0xDB, 0x40, 0xF7, 0x80, 0x1C,
    0xD0, 0x0D, 0x28, 0x1E, 0x02, 0xF9, 0x00, 0x00, 0x00, 0x0F, 0x00, 0x00, 0x00, 0x1F, 0xE0, 0x00,
    0x00, 0x01, 0xE0, 0x00, 0x00, 0x00, 0x00, 0x00, 0x00, 0x03, 0x80, 0x00, 0x00, 0x0F, 0x80, 0x00,
    0x00, 0x2F, 0xC0, 0x00, 0x00, 0x3F, 0xC0, 0x00, 0x00, 0xCF, 0xC0, 0x00, 0x01, 0x8F, 0xC0, 0x00,
    0x03, 0x0B, 0xC0, 0x00, 0x0D, 0x0B, 0xD0, 0x00, 0x1C, 0x07, 0xD0, 0x00, 0x3F, 0xFF, 0xE0, 0x00,
    0xA0, 0x03, 0xE0, 0x01, 0xC0, 0x03, 0xF0, 0x07, 0x40, 0x03, 0xF0, 0x7F, 0xF0, 0x3F, 0xFE, 0x00,
    0x00, 0x00, 0x74, 0x00, 0x00, 0x02, 0xF8, 0x00, 0x00, 0x0F, 0xF0, 0x00, 0x00, 0x09, 0x00, 0x00,
    0x00, 0x00, 0x00, 0x00, 0x00, 0x03, 0x80, 0x00, 0x00, 0x0F, 0x80, 0x00, 0x00, 0x2F, 0xC0, 0x00,
    0x00, 0x3F, 0xC0, 0x00, 0x00, 0xCF, 0xC0, 0x00, 0x01, 0x8F, 0xC0, 0x00, 0x03, 0x0B, 0xC0, 0x00,
    0x0D, 0x0B, 0xD0, 0x00, 0x1C, 0x07, 0xD0, 0x00, 0x3F, 0xFF, 0xE0, 0x00, 0xA0, 0x03, 0xE0, 0x01,
    0xC0, 0x03, 0xF0, 0x07, 0x40, 0x03, 0xF0, 0x7F, 0xF0, 0x3F, 0xFE, 0x00, 0x00, 0x00, 0xD0, 0x00,
    0x00, 0x0B, 0xF4, 0x00, 0x00, 0x3D, 0x2C, 0x00, 0x00, 0x10, 0x04, 0x00, 0x00, 0x00, 0x00, 0x00,
    0x00, 0x03, 0x80, 0x00, 0x00, 0x0F, 0x80, 0x00, 0x00, 0x2F, 0xC0, 0x00, 0x00, 0x3F, 0xC0, 0x00,
    0x00, 0xCF, 0xC0, 0x00, 0x01, 0x8F, 0xC0, 0x00, 0x03, 0x0B, 0xC0, 0x00, 0x0D, 0x0B, 0xD0, 0x00,
    0x1C, 0x07, 0xD0, 0x00, 0x3F, 0xFF, 0xE0, 0x00, 0xA0, 0x03, 0xE0, 0x01, 0xC0, 0x03, 0xF0, 0x07,
    0x40, 0x03, 0xF0, 0x7F, 0xF0, 0x3F, 0xFE, 0x00, 0x00, 0x2F, 0x81, 0x80, 0x00, 0x24, 0x2F, 0x80,
    0x00, 0x00, 0x00, 0x00, 0x00, 0x00, 0x00, 0x00, 0x00, 0x00, 0x00, 0x00, 0x00, 0x00, 0x00, 0xE0,
    0x00, 0x00, 0x00, 0xF8, 0x00, 0x00, 0x00, 0xBF, 0x00, 0x00, 0x00, 0x3F, 0xC0, 0x00, 0x00, 0x33,
    0xF0, 0x00, 0x00, 0x18, 0xFC, 0x00, 0x00, 0x0C, 0x2F, 0x00, 0x00, 0x0D, 0x0B, 0xD0, 0x00, 0x07,
    0x01, 0xF4, 0x00, 0x03, 0xFF, 0xFE, 0x00, 0x02, 0x80, 0x0F, 0x80, 0x01, 0xC0, 0x03, 0xF0, 0x01,
    0xD0, 0x00, 0xFC, 0x07, 0xFF, 0x03, 0xFF, 0xE0, 0x00, 0x00, 0x2D, 0x1E, 0x00, 0x00, 0x1F, 0x8F,
    0xC0, 0x00, 0x03, 0xC2, 0xD0, 0x00, 0x00, 0x00, 0x00, 0x00, 0x00, 0x00, 0x00, 0x00, 0x00, 0x00,
    0xE0, 0x00, 0x00, 0x00, 0xF8, 0x00, 0x00, 0x00, 0xBF, 0x00, 0x00, 0x00, 0x3F, 0xC0, 0x00, 0x00,
    0x33, 0xF0, 0x00, 0x00, 0x18, 0xFC, 0x00, 0x00, 0x0C, 0x2F, 0x00, 0x00, 0x0D, 0x0B, 0xD0, 0x00,
    0x07, 0x01, 0xF4, 0x00, 0x03, 0xFF, 0xFE, 0x00, 0x02, 0x80, 0x0F, 0x80, 0x01, 0xC0, 0x03, 0xF0,
    0x01, 0xD0, 0x00, 0xFC, 0x07, 0xFF, 0x03, 0xFF, 0xE0, 0x00, 0x00, 0x02, 0xF0, 0x00, 0x00, 0x0A,
    0x28, 0x00, 0x00, 0x0C, 0x18, 0x00, 0x00, 0x1C, 0x34, 0x00, 0x00, 0x0E, 0x90, 0x00, 0x00, 0x0B,
    0x80, 0x00, 0x00, 0x0F, 0x80, 0x00, 0x00, 0x3F, 0xC0, 0x00, 0x00, 0x7F, 0xC0, 0x00, 0x00, 0xCF,
    0xC0, 0x00, 0x02, 0x8F, 0xC0, 0x00, 0x07, 0x0B, 0xD0, 0x00, 0x0D, 0x0B, 0xD0, 0x00, 0x2C, 0x07,
    0xD0, 0x00, 0x3F, 0xFF, 0xE0, 0x00, 0xE0, 0x03, 0xE0, 0x01, 0xC0, 0x03, 0xF0, 0x07, 0x40, 0x03,
    0xF0, 0x7F, 0xF0, 0x3F, 0xFE, 0x00, 0x00, 0x3F, 0xFF, 0xFF, 0xD0, 0x00, 0x00, 0xEF, 0xC0, 0x2D,
    0x00, 0x00, 0x2C, 0xF8, 0x00, 0xC0, 0x00, 0x03, 0x5F, 0x40, 0x0C, 0x00, 0x00, 0xE2, 0xF0, 0x00,
    0xC0, 0x00, 0x1C, 0x3F, 0x03, 0x00, 0x00, 0x03, 0x43, 0xE0, 0xF0, 0x00, 0x00, 0xFF, 0xFF, 0xFE,
    0x00, 0x00, 0x1C, 0x0B, 0xC0, 0xD0, 0x00, 0x03, 0x40, 0xFC, 0x0C, 0x34, 0x00, 0xB0, 0x0F, 0x80,
    0x07, 0x00, 0x1C, 0x01, 0xF4, 0x01, 0xD0, 0x07, 0x80, 0x2F, 0x00, 0x7C, 0x07, 0xFF, 0x1F, 0xFF,
    0xFF, 0x40, 0x00, 0x06, 0xFF, 0x47, 0x00, 0x1F, 0x90, 0x2F, 0xC0, 0x1F, 0x40, 0x03, 0xE0, 0x1F,
    0x40, 0x00, 0xB4, 0x0F, 0xC0, 0x00, 0x1C, 0x0B, 0xD0, 0x00, 0x05, 0x03, 0xF0, 0x00, 0x00, 0x01,
    0xF8, 0x00, 0x00, 0x00, 0xBD, 0x00, 0x00, 0x00, 0x2F, 0x40, 0x00, 0x28, 0x07, 0xD0, 0x00, 0x0C,
    0x00, 0xF8, 0x00, 0x0E, 0x00, 0x1F, 0x40, 0x0E, 0x00, 0x01, 0xFE, 0xBD, 0x00, 0x00, 0x02, 0xF0,
    0x00, 0x00, 0x00, 0x2F, 0x00, 0x00, 0x00, 0x0B, 0xC0, 0x00, 0x00, 0xFF, 0x80, 0x00, 0x00, 0x00,
    0x00, 0x1E, 0x00, 0x00, 0x00, 0x2F, 0xC0, 0x00, 0x00, 0x02, 0xD0, 0x00, 0x00, 0x00, 0x00, 0x00,
    0xFF, 0xFF, 0xFF, 0x00, 0x1F, 0x80, 0x1F, 0x00, 0x2F, 0x40, 0x0E, 0x00, 0x3F, 0x00, 0x0A, 0x00,
    0x3F, 0x06, 0x09, 0x00, 0x7E, 0x1E, 0x00, 0x00, 0xBF, 0xFD, 0x00, 0x00, 0xFC, 0x2C, 0x00, 0x00,
    0xFC, 0x1C, 0x08, 0x01, 0xF8, 0x00, 0x28, 0x02, 0xF4, 0x00, 0x30, 0x03, 0xF0, 0x00, 0xE0, 0x03,
    0xF0, 0x07, 0xD0, 0x7F, 0xFF, 0xFF, 0xC0, 0x00, 0x00, 0x00, 0x78, 0x00, 0x00, 0x07, 0xF8, 0x00,
    0x00, 0x0E, 0x40, 0x00, 0x00, 0x00, 0x00, 0x00, 0x00, 0x00, 0x00, 0x00, 0xFF, 0xFF, 0xFF, 0x00,
    0x1F, 0x80, 0x1F, 0x00, 0x2F, 0x40, 0x0E, 0x00, 0x3F, 0x00, 0x0A, 0x00, 0x3F, 0x06, 0x09, 0x00,
    0x7E, 0x1E, 0x00, 0x00, 0xBF, 0xFD, 0x00, 0x00, 0xFC, 0x2C, 0x00, 0x00, 0xFC, 0x1C, 0x08, 0x01,
    0xF8, 0x00, 0x28, 0x02, 0xF4, 0x00, 0x30, 0x03, 0xF0, 0x00, 0xE0, 0x03, 0xF0, 0x07, 0xD0, 0x7F,
    0xFF, 0xFF, 0xC0, 0x00, 0x00, 0x03, 0x40, 0x00, 0x00, 0x2F, 0xD0, 0x00, 0x00, 0xF4, 0xB0, 0x00,
    0x00, 0x40, 0x10, 0x00, 0x00, 0x00, 0x00, 0x00, 0xFF, 0xFF, 0xFF, 0x00, 0x1F, 0x80, 0x1F, 0x00,
    0x2F, 0x40, 0x0E, 0x00, 0x3F, 0x00, 0x0A, 0x00, 0x3F, 0x06, 0x09, 0x00, 0x7E, 0x1E, 0x00, 0x00,
    0xBF, 0xFD, 0x00, 0x00, 0xFC, 0x2C, 0x00, 0x00, 0xFC, 0x1C, 0x08, 0x01, 0xF8, 0x00, 0x28, 0x02,
    0xF4, 0x00, 0x30, 0x03, 0xF0, 0x00, 0xE0, 0x03, 0xF0, 0x07, 0xD0, 0x7F, 0xFF, 0xFF, 0xC0, 0x00,
    0x00, 0xB8, 0x7C, 0x00, 0x00, 0xFC, 0xFC, 0x00, 0x00, 0xF0, 0xB4, 0x00, 0x00, 0x00, 0x00, 0x00,
    0x00, 0x00, 0x00, 0x00, 0xFF, 0xFF, 0xFF, 0x00, 0x1F, 0x80, 0x1F, 0x00, 0x2F, 0x40, 0x0E, 0x00,
    0x3F, 0x00, 0x0A, 0x00, 0x3F, 0x06, 0x09, 0x00, 0x7E, 0x1E, 0x00, 0x00, 0xBF, 0xFD, 0x00, 0x00,
    0xFC, 0x2C, 0x00, 0x00, 0xFC, 0x1C, 0x08, 0x01, 0xF8, 0x00, 0x28, 0x02, 0xF4, 0x00, 0x30, 0x03,
    0xF0, 0x00, 0xE0, 0x03, 0xF0, 0x07, 0xD0, 0x7F, 0xFF, 0xFF, 0xC0, 0x00, 0x0F, 0x40, 0x00, 0x0F,
    0xE0, 0x00, 0x01, 0xB0, 0x00, 0x00, 0x00, 0x01, 0xFF, 0xFC, 0x00, 0x1F, 0x80, 0x00, 0x2F, 0x40,
    0x00, 0x3F, 0x00, 0x00, 0x3F, 0x00, 0x00, 0x7E, 0x00, 0x00, 0xBD, 0x00, 0x00, 0xFC, 0x00, 0x00,
    0xFC, 0x00, 0x01, 0xF8, 0x00, 0x02, 0xF4, 0x00, 0x03, 0xF0, 0x00, 0x03, 0xF0, 0x00, 0xBF, 0xFF,
    0x00, 0x00, 0x00, 0xB0, 0x00, 0x07, 0xF4, 0x00, 0x1F, 0xD0, 0x00, 0x00, 0x00, 0x00, 0x00, 0x00,
    0x01, 0xFF, 0xFC, 0x00, 0x1F, 0x80, 0x00, 0x2F, 0x40, 0x00, 0x3F, 0x00, 0x00, 0x3F, 0x00, 0x00,
    0x7E, 0x00, 0x00, 0xBD, 0x00, 0x00, 0xFC, 0x00, 0x00, 0xFC, 0x00, 0x01, 0xF8, 0x00, 0x02, 0xF4,
    0x00, 0x03, 0xF0, 0x00, 0x03, 0xF0, 0x00, 0xBF, 0xFF, 0x00, 0x00, 0x01, 0xD0, 0x00, 0x0B, 0xF4,
    0x00, 0x3C, 0x2C, 0x00, 0x10, 0x04, 0x00, 0x00, 0x00, 0x01, 0xFF, 0xFC, 0x00, 0x1F, 0x80, 0x00,
    0x2F, 0x40, 0x00, 0x3F, 0x00, 0x00, 0x3F, 0x00, 0x00, 0x7E, 0x00, 0x00, 0xBD, 0x00, 0x00, 0xFC,
    0x00, 0x00, 0xFC, 0x00, 0x01, 0xF8, 0x00, 0x02, 0xF4, 0x00, 0x03, 0xF0, 0x00, 0x03, 0xF0, 0x00,
    0xBF, 0xFF, 0x00, 0x00, 0x2D, 0x1E, 0x00, 0x7E, 0x3F, 0x00, 0x3C, 0x3D, 0x00, 0x00, 0x00, 0x00,
    0x00, 0x00, 0x01, 0xFF, 0xFC, 0x00, 0x1F, 0x80, 0x00, 0x2F, 0x40, 0x00, 0x3F, 0x00, 0x00, 0x3F,
    0x00, 0x00, 0x7E, 0x00, 0x00, 0xBD, 0x00, 0x00, 0xFC, 0x00, 0x00, 0xFC, 0x00, 0x01, 0xF8, 0x00,
    0x02, 0xF4, 0x00, 0x03, 0xF0, 0x00, 0x03, 0xF0, 0x00, 0xBF, 0xFF, 0x00, 0x00, 0xFF, 0xFF, 0xF8,
    0x00, 0x01, 0xF4, 0x02, 0xF4, 0x00, 0x2F, 0x00, 0x0B, 0xC0, 0x03, 0xF0, 0x00, 0x7D, 0x00, 0x3E,
    0x00, 0x03, 0xD0, 0x03, 0xE0, 0x00, 0x7E, 0x00, 0x7D, 0x00, 0x07, 0xD0, 0xFF, 0xFF, 0x80, 0xBC,
    0x00, 0xFC, 0x00, 0x0F, 0xC0, 0x1F, 0x80, 0x01, 0xF4, 0x02, 0xF0, 0x00, 0x3E, 0x00, 0x3F, 0x00,
    0x0B, 0xC0, 0x03, 0xE0, 0x07, 0xE0, 0x07, 0xFF, 0xFF, 0xE0, 0x00, 0x00, 0x00, 0x1F, 0x90, 0x80,
    0x00, 0x00, 0x18, 0x2F, 0x80, 0x00, 0x00, 0x00, 0x00, 0x00, 0x00, 0x00, 0x00, 0x00, 0x00, 0x00,
    0x00, 0x00, 0x00, 0x00, 0x00, 0x00, 0x3F, 0xF0, 0x02, 0xFF, 0xC0, 0x01, 0xFE, 0x00, 0x0D, 0x00,
    0x00, 0xAF, 0xC0, 0x03, 0x00, 0x00, 0x35, 0xF8, 0x01, 0xC0, 0x00, 0x0C, 0x3F, 0x40, 0xA0, 0x00,
    0x07, 0x07, 0xF0, 0x34, 0x00, 0x02, 0x80, 0xFD, 0x0C, 0x00, 0x00, 0xD0, 0x1F, 0xC7, 0x00, 0x00,
    0x30, 0x02, 0xF6, 0x80, 0x00, 0x1C, 0x00, 0x3F, 0xD0, 0x00, 0x0A, 0x00, 0x0B, 0xF0, 0x00, 0x03,
    0x40, 0x00, 0xFC, 0x00, 0x01, 0xD0, 0x00, 0x2E, 0x00, 0x0B, 0xFF, 0x00, 0x03, 0x40, 0x00, 0x00,
    0x00, 0xB8, 0x00, 0x00, 0x00, 0xBF, 0x00, 0x00, 0x00, 0x0B, 0x00, 0x00, 0x00, 0x00, 0x00, 0x00,
    0x06, 0xFE, 0x40, 0x00, 0x7D, 0x02, 0xF0, 0x02, 0xF0, 0x00, 0xF8, 0x0B, 0xC0, 0x00, 0xBC, 0x0F,
    0x80, 0x00, 0xBC, 0x2F, 0x00, 0x00, 0xFC, 0x3F, 0x00, 0x00, 0xFC, 0x7E, 0x00, 0x01, 0xF8, 0xBD,
    0x00, 0x02, 0xF4, 0xBD, 0x00, 0x03, 0xF0, 0x7D, 0x00, 0x0B, 0xC0, 0x3E, 0x00, 0x2F, 0x00, 0x1F,
    0x41, 0xBC, 0x00, 0x02, 0xFF, 0x90, 0x00, 0x00, 0x00, 0x07, 0x40, 0x00, 0x00, 0x2F, 0x80, 0x00,
    0x00, 0xFF, 0x00, 0x00, 0x00, 0x90, 0x00, 0x00, 0x00, 0x00, 0x00, 0x00, 0x06, 0xFE, 0x40, 0x00,
    0x7D, 0x02, 0xF0, 0x02, 0xF0, 0x00, 0xF8, 0x0B, 0xC0, 0x00, 0xBC, 0x0F, 0x80, 0x00, 0xBC, 0x2F,
    0x00, 0x00, 0xFC, 0x3F, 0x00, 0x00, 0xFC, 0x7E, 0x00, 0x01, 0xF8, 0xBD, 0x00, 0x02, 0xF4, 0xBD,
    0x00, 0x03, 0xF0, 0x7D, 0x00, 0x0B, 0xC0, 0x3E, 0x00, 0x2F, 0x00, 0x1F, 0x41, 0xBC, 0x00, 0x02,
    0xFF, 0x90, 0x00, 0x00, 0x00, 0x1D, 0x00, 0x00, 0x00, 0xBF, 0x40, 0x00, 0x03, 0xC2, 0xC0, 0x00,
    0x01, 0x00, 0x40, 0x00, 0x00, 0x00, 0x00, 0x00, 0x06, 0xFE, 0x40, 0x00, 0x7D, 0x02, 0xF0, 0x02,
    0xF0, 0x00, 0xF8, 0x0B, 0xC0, 0x00, 0xBC, 0x0F, 0x80, 0x00, 0xBC, 0x2F, 0x00, 0x00, 0xFC, 0x3F,
    0x00, 0x00, 0xFC, 0x7E, 0x00, 0x01, 0xF8, 0xBD, 0x00, 0x02, 0xF4, 0xBD, 0x00, 0x03, 0xF0, 0x7D,
    0x00, 0x0B, 0xC0, 0x3E, 0x00, 0x2F, 0x00, 0x1F, 0x41, 0xBC, 0x00, 0x02, 0xFF, 0x90, 0x00, 0x00,
    0x02, 0xF8, 0x18, 0x00, 0x09, 0x1B, 0xD0, 0x00, 0x00, 0x00, 0x00, 0x00, 0x00, 0x00, 0x00, 0x00,
    0x00, 0x00, 0x00, 0x00, 0x06, 0xFE, 0x40, 0x00, 0x7D, 0x02, 0xF0, 0x02, 0xF0, 0x00, 0xF8, 0x0B,
    0xC0, 0x00, 0xBC, 0x0F, 0x80, 0x00, 0xBC, 0x2F, 0x00, 0x00, 0xFC, 0x3F, 0x00, 0x00, 0xFC, 0x7E,
    0x00, 0x01, 0xF8, 0xBD, 0x00, 0x02, 0xF4, 0xBD, 0x00, 0x03, 0xF0, 0x7D, 0x00, 0x0B, 0xC0, 0x3E,
    0x00, 0x2F, 0x00, 0x1F, 0x41, 0xBC, 0x00, 0x02, 0xFF, 0x90, 0x00, 0x00, 0x00, 0x00, 0x00, 0x00,
    0x02, 0xD1, 0xE0, 0x00, 0x07, 0xE3, 0xF0, 0x00, 0x03, 0xC3, 0xD0, 0x00, 0x00, 0x00, 0x00, 0x00,
    0x00, 0x00, 0x00, 0x00, 0x06, 0xFE, 0x40, 0x00, 0x7D, 0x02, 0xF0, 0x02, 0xF0, 0x00, 0xF8, 0x0B,
    0xC0, 0x00, 0xBC, 0x0F, 0x80, 0x00, 0xBC, 0x2F, 0x00, 0x00, 0xFC, 0x3F, 0x00, 0x00, 0xFC, 0x7E,
    0x00, 0x01, 0xF8, 0xBD, 0x00, 0x02, 0xF4, 0xBD, 0x00, 0x03, 0xF0, 0x7D, 0x00, 0x0B, 0xC0, 0x3E,
    0x00, 0x2F, 0x00, 0x1F, 0x41, 0xBC, 0x00, 0x02, 0xFF, 0x90, 0x00, 0x00, 0x00, 0x00, 0x01, 0x00,
    0x06, 0xFF, 0x4C, 0x00, 0x7D, 0x01, 0xF4, 0x02, 0xF0, 0x00, 0xFC, 0x0B, 0xC0, 0x03, 0x7E, 0x0F,
    0x40, 0x0C, 0x3E, 0x3F, 0x00, 0x30, 0x3E, 0x3E, 0x00, 0xC0, 0x3E, 0x7D, 0x03, 0x00, 0xBD, 0xBC,
    0x0C, 0x00, 0xFC, 0xBC, 0x30, 0x01, 0xF4, 0x7C, 0xC0, 0x03, 0xE0, 0x3F, 0x00, 0x0B, 0x80, 0x1F,
    0x40, 0x7D, 0x00, 0x31, 0xFF, 0x90, 0x00, 0x50, 0x00, 0x00, 0x00, 0x00, 0x01, 0xE0, 0x00, 0x00,
    0x00, 0xBF, 0x40, 0x00, 0x00, 0x01, 0xD0, 0x00, 0x00, 0x00, 0x00, 0x00, 0x3F, 0xFF, 0x03, 0xFF,
    0x81, 0xF8, 0x00, 0x1C, 0x00, 0xBD, 0x00, 0x0B, 0x00, 0x3F, 0x00, 0x03, 0x80, 0x0F, 0xC0, 0x00,
    0xD0, 0x07, 0xE0, 0x00, 0x70, 0x02, 0xF4, 0x00, 0x2C, 0x00, 0xFC, 0x00, 0x0E, 0x00, 0x3F, 0x00,
    0x03, 0x40, 0x1F, 0x80, 0x01, 0xC0, 0x07, 0xD0, 0x00, 0xE0, 0x00, 0xF4, 0x00, 0xB0, 0x00, 0x2F,
    0x01, 0xF0, 0x00, 0x01, 0xBF, 0x90, 0x00, 0x00, 0x00, 0x00, 0x07, 0x80, 0x00, 0x00, 0x0B, 0xF0,
    0x00, 0x00, 0x0F, 0xE0, 0x00, 0x00, 0x00, 0x00, 0x00, 0x00, 0x00, 0x00, 0x00, 0x0F, 0xFF, 0xC0,
    0xFF, 0xE0, 0x7E, 0x00, 0x07, 0x00, 0x2F, 0x40, 0x02, 0xC0, 0x0F, 0xC0, 0x00, 0xE0, 0x03, 0xF0,
    0x00, 0x34, 0x01, 0xF8, 0x00, 0x1C, 0x00, 0xBD, 0x00, 0x0B, 0x00, 0x3F, 0x00, 0x03, 0x80, 0x0F,
    0xC0, 0x00, 0xD0, 0x07, 0xE0, 0x00, 0x70, 0x01, 0xF4, 0x00, 0x38, 0x00, 0x3D, 0x00, 0x2C, 0x00,
    0x0B, 0xC0, 0x7C, 0x00, 0x00, 0x6F, 0xE4, 0x00, 0x00, 0x00, 0x00, 0x2C, 0x00, 0x00, 0x00, 0x3F,
    0xC0, 0x00, 0x00, 0x78, 0x38, 0x00, 0x00, 0x00, 0x01, 0x00, 0x00, 0x00, 0x00, 0x00, 0x0F, 0xFF,
    0xC0, 0xFF, 0xE0, 0x7E, 0x00, 0x07, 0x00, 0x2F, 0x40, 0x02, 0xC0, 0x0F, 0xC0, 0x00, 0xE0, 0x03,
    0xF0, 0x00, 0x34, 0x01, 0xF8, 0x00, 0x1C, 0x00, 0xBD, 0x00, 0x0B, 0x00, 0x3F, 0x00, 0x03, 0x80,
    0x0F, 0xC0, 0x00, 0xD0, 0x07, 0xE0, 0x00, 0x70, 0x01, 0xF4, 0x00, 0x38, 0x00, 0x3D, 0x00, 0x2C,
    0x00, 0x0B, 0xC0, 0x7C, 0x00, 0x00, 0x6F, 0xE4, 0x00, 0x00, 0x00, 0x0B, 0x87, 0xC0, 0x00, 0x03,
    0xF3, 0xF0, 0x00, 0x00, 0xF4, 0xB8, 0x00, 0x00, 0x00, 0x00, 0x00, 0x00, 0x00, 0x00, 0x00, 0x0F,
    0xFF, 0xC0, 0xFF, 0xE0, 0x7E, 0x00, 0x07, 0x00, 0x2F, 0x40, 0x02, 0xC0, 0x0F, 0xC0, 0x00, 0xE0,
    0x03, 0xF0, 0x00, 0x34, 0x01, 0xF8, 0x00, 0x1C, 0x00, 0xBD, 0x00, 0x0B, 0x00, 0x3F, 0x00, 0x03,
    0x80, 0x0F, 0xC0, 0x00, 0xD0, 0x07, 0xE0, 0x00, 0x70, 0x01, 0xF4, 0x00, 0x38, 0x00, 0x3D, 0x00,
    0x2C, 0x00, 0x0B, 0xC0, 0x7C, 0x00, 0x00, 0x6F, 0xE4, 0x00, 0x00, 0x00, 0x00, 0x07, 0x40, 0x00,
    0x00, 0x0F, 0xE0, 0x00, 0x00, 0x0F, 0xE0, 0x00, 0x00, 0x00, 0x00, 0x00, 0x00, 0x00, 0x00, 0x00,
    0x1F, 0xFF, 0x40, 0xBF, 0xD0, 0x7F, 0x00, 0x0B, 0x40, 0x0F, 0xC0, 0x07, 0x00, 0x02, 0xF8, 0x07,
    0x00, 0x00, 0x7F, 0x03, 0x40, 0x00, 0x0F, 0xD3, 0x40, 0x00, 0x02, 0xFB, 0x40, 0x00, 0x00, 0x3F,
    0x80, 0x00, 0x00, 0x0F, 0xC0, 0x00, 0x00, 0x03, 0xE0, 0x00, 0x00, 0x01, 0xF4, 0x00, 0x00, 0x00,
    0xBC, 0x00, 0x00, 0x00, 0x3F, 0x00, 0x00, 0x01, 0xFF, 0xF8, 0x00, 0x00, 0x00, 0xFF, 0xFC, 0x00,
    0x00, 0x7D, 0x00, 0x00, 0x02, 0xFF, 0xF8, 0x00, 0x0F, 0x80, 0xFC, 0x00, 0x3D, 0x01, 0xF4, 0x01,
    0xF0, 0x07, 0xD0, 0x0B, 0xC0, 0x3F, 0x00, 0x3E, 0x00, 0xF8, 0x00, 0xF4, 0x1F, 0x80, 0x07, 0xFF,
    0xF4, 0x00, 0x2F, 0x00, 0x00, 0x00, 0xF8, 0x00, 0x00, 0x03, 0xE0, 0x00, 0x02, 0xFF, 0xF4, 0x00,
    0x00, 0x00, 0x00, 0x7F, 0xF4, 0x00, 0x02, 0xE0, 0x3C, 0x00, 0x03, 0xC0, 0x3D, 0x00, 0x0B, 0x80,
    0x3C, 0x00, 0x0F, 0x40, 0x74, 0x01, 0xFF, 0x01, 0xD0, 0x00, 0x0F, 0x03, 0x80, 0x00, 0x1F, 0x03,
    0x80, 0x00, 0x2E, 0x03, 0xE0, 0x00, 0x2E, 0x02, 0xF0, 0x00, 0x3D, 0x00, 0xF4, 0x00, 0x3C, 0xE1,
    0xF0, 0x00, 0x7C, 0xD3, 0xE0, 0x00, 0x78, 0x7F, 0x40, 0x00, 0xB4, 0x00, 0x00, 0x3C, 0xF0, 0x00,
    0x00, 0x3D, 0xD0, 0x00, 0x00, 0x2F, 0x40, 0x00, 0x00, 0x00, 0x74, 0x00, 0x00, 0xBE, 0x00, 0x00,
    0x0B, 0x00, 0x00, 0x00, 0x00, 0x01, 0xFD, 0x40, 0x0B, 0x83, 0xE0, 0x2F, 0x02, 0xE0, 0x3D, 0x03,
    0xD0, 0x7C, 0x03, 0xC0, 0xBC, 0x07, 0xC0, 0xF8, 0x0B, 0x80, 0xB4, 0x0F, 0x5C, 0x78, 0x3F, 0x78,
    0x1F, 0xD3, 0xE0, 0x00, 0x00, 0x78, 0x00, 0x03, 0xF4, 0x00, 0x0E, 0x40, 0x00, 0x00, 0x00, 0x01,
    0xFD, 0x40, 0x0B, 0x83, 0xE0, 0x2F, 0x02, 0xE0, 0x3D, 0x03, 0xD0, 0x7C, 0x03, 0xC0, 0xBC, 0x07,
    0xC0, 0xF8, 0x0B, 0x80, 0xB4, 0x0F, 0x5C, 0x78, 0x3F, 0x78, 0x1F, 0xD3, 0xE0, 0x00, 0x07, 0x00,
    0x00, 0x1F, 0xC0, 0x00, 0xB5, 0xD0, 0x01, 0xC0, 0x70, 0x01, 0xFD, 0x40, 0x0B, 0x83, 0xE0, 0x2F,
    0x02, 0xE0, 0x3D, 0x03, 0xD0, 0x7C, 0x03, 0xC0, 0xBC, 0x07, 0xC0, 0xF8, 0x0B, 0x80, 0xB4, 0x0F,
    0x5C, 0x78, 0x3F, 0x78, 0x1F, 0xD3, 0xE0, 0x00, 0x78, 0x14, 0x01, 0x4D, 0x60, 0x01, 0x07, 0x80,
    0x00, 0x00, 0x00, 0x01, 0xFD, 0x40, 0x0B, 0x83, 0xE0, 0x2F, 0x02, 0xE0, 0x3D, 0x03, 0xD0, 0x7C,
    0x03, 0xC0, 0xBC, 0x07, 0xC0, 0xF8, 0x0B, 0x80, 0xB4, 0x0F, 0x5C, 0x78, 0x3F, 0x78, 0x1F, 0xD3,
    0xE0, 0x00, 0xB4, 0x7C, 0x01, 0xF8, 0xFC, 0x00, 0xF0, 0xB4, 0x00, 0x00, 0x00, 0x01, 0xFD, 0x40,
    0x0B, 0x83, 0xE0, 0x2F, 0x02, 0xE0, 0x3D, 0x03, 0xD0, 0x7C, 0x03, 0xC0, 0xBC, 0x07, 0xC0, 0xF8,
    0x0B, 0x80, 0xB4, 0x0F, 0x5C, 0x78, 0x3F, 0x68, 0x1F, 0xD3, 0xE0, 0x00, 0x2F, 0x80, 0x00, 0xA0,
    0xC0, 0x00, 0xD1, 0xC0, 0x00, 0x7E, 0x00, 0x01, 0xFD, 0x40, 0x0B, 0x83, 0xE0, 0x2F, 0x02, 0xE0,
    0x3D, 0x03, 0xD0, 0x7C, 0x03, 0xC0, 0xBC, 0x07, 0xC0, 0xF8, 0x0B, 0x80, 0xB4, 0x0F, 0x5C, 0x78,
    0x3F, 0x78, 0x1F, 0xD3, 0xE0, 0x01, 0xFD, 0xA7, 0xF4, 0x0B, 0x83, 0xF8, 0x1C, 0x2F, 0x02, 0xF0,
    0x0D, 0x3D, 0x03, 0xC0, 0x7C, 0xBC, 0x03, 0xFF, 0xD0, 0xBC, 0x03, 0x80, 0x00, 0xB8, 0x07, 0x80,
    0x00, 0xB4, 0x0F, 0x80, 0x18, 0x3C, 0x3A, 0xC0, 0xB4, 0x1F, 0xD0, 0xBF, 0x80, 0x00, 0xBF, 0x40,
    0x7C, 0x3C, 0x1F, 0x07, 0x83, 0xD0, 0x00, 0x7C, 0x00, 0x0B, 0xC0, 0x00, 0xF8, 0x00, 0x0B, 0x80,
    0x08, 0x3C, 0x03, 0xC1, 0xFF, 0xD0, 0x03, 0xD0, 0x00, 0x1F, 0x40, 0x01, 0xF4, 0x0B, 0xFD, 0x00,
    0x00, 0xE0, 0x00, 0x1F, 0xC0, 0x00, 0x1D, 0x00, 0x00, 0x00, 0x00, 0xBF, 0x00, 0x7C, 0x2C, 0x1F,
    0x01, 0xC3, 0xE0, 0x2C, 0x7C, 0x0B, 0x4B, 0xFF, 0x80, 0xBC, 0x00, 0x0B, 0x80, 0x04, 0x7C, 0x07,
    0xC0, 0xBF, 0x90, 0x00, 0x00, 0xF0, 0x00, 0x2F, 0x80, 0x01, 0xD0, 0x00, 0x00, 0x00, 0x00, 0xBF,
    0x00, 0x1F, 0x0B, 0x01, 0xF0, 0x1C, 0x0F, 0x80, 0xB0, 0x7C, 0x0B, 0x42, 0xFF, 0xE0, 0x0B, 0xC0,
    0x00, 0x2E, 0x00, 0x10, 0x7C, 0x07, 0xC0, 0x2F, 0xE4, 0x00, 0x00, 0x0E, 0x00, 0x0B, 0xF8, 0x03,
    0x91, 0xC0, 0x00, 0x00, 0x01, 0xBF, 0x40, 0xB8, 0x2C, 0x2F, 0x01, 0xC3, 0xD0, 0x78, 0xBF, 0xF9,
    0x0B, 0xC0, 0x00, 0xB8, 0x00, 0x0B, 0x80, 0x08, 0x3C, 0x07, 0x80, 0xBF, 0x90, 0x01, 0xF0, 0xF0,
    0x0F, 0xCB, 0xD0, 0x2E, 0x1E, 0x00, 0x00, 0x00, 0x00, 0xBF, 0x00, 0x1F, 0x0B, 0x01, 0xF0, 0x1C,
    0x0F, 0x80, 0xB0, 0x7C, 0x0B, 0x42, 0xFF, 0xE0, 0x0B, 0xC0, 0x00, 0x2E, 0x00, 0x10, 0x7C, 0x07,
    0xC0, 0x2F, 0xE4, 0x00, 0x03, 0xC0, 0x03, 0xF0, 0x00, 0x74, 0x00, 0x00, 0x0B, 0xD0, 0x28, 0xF0,
    0x31, 0xF0, 0x02, 0xE0, 0x03, 0xC0, 0x07, 0xC0, 0x0F, 0x40, 0x0F, 0x0C, 0x0F, 0x38, 0x07, 0xD0,
    0x00, 0x02, 0xC0, 0x01, 0xF8, 0x00, 0x78, 0x00, 0x00, 0x00, 0x0B, 0xD0, 0x02, 0x8F, 0x00, 0x31,
    0xF0, 0x00, 0x2E, 0x00, 0x03, 0xC0, 0x00, 0x7C, 0x00, 0x0F, 0x40, 0x00, 0xF0, 0xC0, 0x0F, 0x38,
    0x00, 0x7D, 0x00, 0x00, 0xB0, 0x07, 0xFC, 0x2D, 0x1E, 0x00, 0x00, 0x0B, 0xD0, 0x28, 0xF0, 0x31,
    0xF0, 0x02, 0xE0, 0x03, 0xC0, 0x07, 0xC0, 0x0F, 0x40, 0x0F, 0x0C, 0x0F, 0x38, 0x07, 0xD0, 0x03,
    0xC2, 0xD0, 0xFD, 0x7E, 0x0B, 0x83, 0xC0, 0x00, 0x00, 0x0B, 0xD0, 0x02, 0x8F, 0x00, 0x31, 0xF0,
    0x00, 0x2E, 0x00, 0x03, 0xC0, 0x00, 0x7C, 0x00, 0x0F, 0x40, 0x00, 0xF0, 0xC0, 0x0F, 0x38, 0x00,
    0x7D, 0x00, 0x00, 0x00, 0x00, 0x01, 0xE5, 0x90, 0x00, 0xFC, 0x00, 0x09, 0xF8, 0x00, 0x00, 0xF4,
    0x02, 0xFB, 0xE0, 0x7C, 0x1F, 0xC7, 0xC0, 0x3F, 0x3D, 0x00, 0xF9, 0xF0, 0x03, 0xDB, 0xC0, 0x1F,
    0x3E, 0x00, 0xBC, 0xB8, 0x03, 0xC0, 0xF0, 0x3D, 0x00, 0xBF, 0x80, 0x00, 0x00, 0x03, 0xC0, 0x80,
    0x00, 0x8E, 0x20, 0x00, 0x20, 0x38, 0x00, 0x00, 0x00, 0x00, 0x0F, 0x82, 0xF8, 0x02, 0xAE, 0xD2,
    0xD0, 0x32, 0xF0, 0x1E, 0x02, 0x3E, 0x02, 0xE0, 0x03, 0xC0, 0x3D, 0x00, 0x7C, 0x07, 0xC0, 0x0B,
    0x80, 0xB8, 0x00, 0xF4, 0x0F, 0x0C, 0x0F, 0x00, 0xF2, 0x80, 0xE0, 0x07, 0xE0, 0x00, 0x74, 0x00,
    0x02, 0xF8, 0x00, 0x00, 0xB0, 0x00, 0x00, 0x00, 0x00, 0xBF, 0x80, 0x2F, 0x07, 0xC1, 0xF0, 0x0F,
    0x4F, 0x40, 0x3D, 0x7C, 0x00, 0xF6, 0xF0, 0x07, 0xCF, 0x80, 0x2F, 0x2E, 0x00, 0xF0, 0x3C, 0x1F,
    0x40, 0x2F, 0xE0, 0x00, 0x00, 0x00, 0x78, 0x00, 0x0F, 0xD0, 0x00, 0xE4, 0x00, 0x00, 0x00, 0x00,
    0xBF, 0x80, 0x2F, 0x07, 0xC1, 0xF0, 0x0F, 0x4F, 0x40, 0x3D, 0x7C, 0x00, 0xF6, 0xF0, 0x07, 0xCF,
    0x80, 0x2F, 0x2E, 0x00, 0xF0, 0x3C, 0x1F, 0x40, 0x2F, 0xE0, 0x00, 0x00, 0x07, 0x00, 0x00, 0x7F,
    0x00, 0x0B, 0x5E, 0x00, 0x70, 0x1C, 0x00, 0xBF, 0x80, 0x2F, 0x07, 0xC1, 0xF0, 0x0F, 0x4F, 0x40,
    0x3D, 0x7C, 0x00, 0xF6, 0xF0, 0x07, 0xCF, 0x80, 0x2F, 0x2E, 0x00, 0xF0, 0x3C, 0x1F, 0x40, 0x2F,
    0xE0, 0x00, 0x00, 0x2D, 0x08, 0x00, 0x8B, 0x24, 0x01, 0x02, 0xD0, 0x00, 0x00, 0x00, 0x00, 0xBF,
    0x80, 0x0B, 0xC1, 0xF0, 0x1F, 0x00, 0xF4, 0x3D, 0x00, 0xF4, 0x7C, 0x00, 0xF4, 0xBC, 0x01, 0xF0,
    0xF8, 0x02, 0xF0, 0xB8, 0x03, 0xC0, 0x3C, 0x1F, 0x40, 0x0B, 0xF8, 0x00, 0x00, 0xB4, 0x7C, 0x01,
    0xF8, 0xFC, 0x00, 0xF0, 0xB4, 0x00, 0x00, 0x00, 0x00, 0xBF, 0x80, 0x0B, 0xC1, 0xF0, 0x1F, 0x00,
    0xF4, 0x3D, 0x00, 0xF4, 0x7C, 0x00, 0xF4, 0xBC, 0x01, 0xF0, 0xF8, 0x02, 0xF0, 0xB8, 0x03, 0xC0,
    0x3C, 0x1F, 0x40, 0x0B, 0xF8, 0x00, 0x00, 0x00, 0xF4, 0x00, 0x00, 0x0F, 0xE0, 0x00, 0x00, 0x3F,
    0x80, 0x00, 0x00, 0xB8, 0x00, 0x00, 0x00, 0x00, 0x00, 0x00, 0x00, 0x00, 0x0B, 0xFF, 0xFF, 0xFF,
    0xC0, 0x00, 0x00, 0x00, 0x00, 0x00, 0x00, 0x00, 0x00, 0x00, 0x00, 0x00, 0x02, 0xE0, 0x00, 0x00,
    0x1F, 0xC0, 0x00, 0x00, 0xBF, 0x00, 0x00, 0x00, 0xF4, 0x00, 0x00, 0x00, 0x00, 0x02, 0x00, 0x00,
    0x02, 0x40, 0x02, 0xFE, 0x80, 0x07, 0xC1, 0xE0, 0x07, 0xC0, 0xFC, 0x03, 0xD0, 0xCB, 0x41, 0xF0,
    0x93, 0xD0, 0xB8, 0x90, 0xF0, 0x2D, 0x60, 0xB8, 0x07, 0xA0, 0x3C, 0x00, 0xF0, 0x7C, 0x00, 0x3B,
    0xF4, 0x00, 0x24, 0x00, 0x00, 0x08, 0x00, 0x00, 0x00, 0x00, 0x0E, 0x00, 0x00, 0x07, 0xF0, 0x00,
    0x00, 0x1D, 0x00, 0x00, 0x00, 0x00, 0x0B, 0xC0, 0x00, 0x0B, 0x3C, 0x07, 0x43, 0x1F, 0x03, 0xC0,
    0x8B, 0x80, 0xF0, 0x03, 0xC0, 0xB8, 0x01, 0xF0, 0x3D, 0x00, 0xB8, 0x0F, 0x00, 0x2D, 0x07, 0xCA,
    0x07, 0x87, 0xF3, 0x00, 0xBE, 0x1F, 0x40, 0x00, 0x00, 0x1F, 0x00, 0x00, 0x2F, 0x80, 0x00, 0x2D,
    0x00, 0x00, 0x00, 0x00, 0x0B, 0xC0, 0x00, 0x0B, 0x3C, 0x07, 0x43, 0x1F, 0x03, 0xC0, 0x8B, 0x80,
    0xF0, 0x03, 0xC0, 0xB8, 0x01, 0xF0, 0x3D, 0x00, 0xB8, 0x0F, 0x00, 0x2D, 0x07, 0xCA, 0x07, 0x87,
    0xF3, 0x00, 0xBE, 0x1F, 0x40, 0x00, 0x01, 0xE0, 0x00, 0x02, 0xFD, 0x00, 0x03, 0x92, 0xC0, 0x00,
    0x00, 0x00, 0x0B, 0xC0, 0x00, 0x0B, 0x3C, 0x07, 0x43, 0x1F, 0x03, 0xC0, 0x8B, 0x80, 0xF0, 0x03,
    0xC0, 0xB8, 0x01, 0xF0, 0x3D, 0x00, 0xB8, 0x0F, 0x00, 0x2D, 0x07, 0xCA, 0x07, 0x87, 0xF3, 0x00,
    0xBE, 0x1F, 0x40, 0x00, 0x1F, 0x0F, 0x00, 0x0F, 0xCB, 0xD0, 0x02, 0xD1, 0xE0, 0x00, 0x00, 0x00,
    0x0B, 0xC0, 0x00, 0x0B, 0x3C, 0x07, 0x43, 0x1F, 0x03, 0xC0, 0x8B, 0x80, 0xF0, 0x03, 0xC0, 0xB8,
    0x01, 0xF0, 0x3D, 0x00, 0xB8, 0x0F, 0x00, 0x2D, 0x07, 0xCA, 0x07, 0x87, 0xF3, 0x00, 0xBE, 0x1F,
    0x40, 0x00, 0x00, 0x2C, 0x00, 0x01, 0xFC, 0x00, 0x03, 0x80, 0x00, 0x00, 0x00, 0x0B, 0xC0, 0x08,
    0x2C, 0xF0, 0x2D, 0x31, 0xF0, 0x3D, 0x22, 0xE0, 0x3C, 0x03, 0xC0, 0x7C, 0x07, 0xC0, 0xB8, 0x0B,
    0x80, 0xF4, 0x0B, 0x40, 0xF0, 0x07, 0x83, 0xF0, 0x02, 0xFB, 0xE0, 0x00, 0x03, 0xC0, 0x1E, 0x0F,
    0x80, 0x2D, 0x2E, 0x00, 0x0F, 0xE4, 0x00, 0x00, 0x7F, 0x00, 0x00, 0x03, 0xC0, 0x00, 0x01, 0xE0,
    0x00, 0x00, 0xB4, 0x00, 0x00, 0x3D, 0xF8, 0x00, 0x0F, 0x83, 0xC0, 0x07, 0xC0, 0xF0, 0x02, 0xE0,
    0x3D, 0x00, 0xF4, 0x0F, 0x40, 0x3C, 0x07, 0xC0, 0x1F, 0x03, 0xE0, 0x0B, 0x81, 0xF0, 0x03, 0xE0,
    0xF4, 0x00, 0xFF, 0xE0, 0x00, 0x7C, 0x00, 0x00, 0x2E, 0x00, 0x00, 0x0F, 0x40, 0x00, 0x2F, 0xF4,
    0x00, 0x00, 0x00, 0x3C, 0x2D, 0x00, 0xBD, 0x3F, 0x00, 0x78, 0x3C, 0x00, 0x00, 0x00, 0x0B, 0xC0,
    0x08, 0x2C, 0xF0, 0x2D, 0x31, 0xF0, 0x3D, 0x22, 0xE0, 0x3C, 0x03, 0xC0, 0x7C, 0x07, 0xC0, 0xB8,
    0x0B, 0x80, 0xF4, 0x0B, 0x40, 0xF0, 0x07, 0x83, 0xF0, 0x02, 0xFB, 0xE0, 0x00, 0x03, 0xC0, 0x1E,
    0x0F, 0x80, 0x2D, 0x2E, 0x00, 0x0F, 0xE4, 0x00, 0x00, 0x01, 0xFF, 0xFF, 0xD0, 0x00, 0x00, 0x00,
    0x00, 0x00, 0x00, 0x00, 0x00, 0x00, 0x00, 0x00, 0x00, 0x00, 0x00, 0x00, 0x03, 0x80, 0x00, 0x00,
    0x00, 0xF8, 0x00, 0x00, 0x00, 0x2F, 0xC0, 0x00, 0x00, 0x03, 0xFC, 0x00, 0x00, 0x00, 0xCF, 0xC0,
    0x00, 0x00, 0x18, 0xFC, 0x00, 0x00, 0x03, 0x0B, 0xC0, 0x00, 0x00, 0xD0, 0xBD, 0x00, 0x00, 0x1C,
    0x07, 0xD0, 0x00, 0x03, 0xFF, 0xFE, 0x00, 0x00, 0xA0, 0x03, 0xE0, 0x00, 0x1C, 0x00, 0x3F, 0x00,
    0x07, 0x40, 0x03, 0xF0, 0x07, 0xFF, 0x03, 0xFF, 0xE0, 0x07, 0xFF, 0xF4, 0x00, 0x00, 0x00, 0x00,
    0x00, 0x00, 0x01, 0xFD, 0x40, 0x0B, 0x83, 0xE0, 0x2F, 0x02, 0xE0, 0x3D, 0x03, 0xD0, 0x7C, 0x03,
    0xC0, 0xBC, 0x07, 0xC0, 0xF8, 0x0B, 0x80, 0xB4, 0x0F, 0x5C, 0x78, 0x3F, 0x78, 0x1F, 0xD3, 0xE0,
    0x00, 0x00, 0x20, 0x03, 0x00, 0x00, 0x07, 0xFE, 0x00, 0x00, 0x00, 0x00, 0x00, 0x00, 0x00, 0x00,
    0x00, 0x00, 0x00, 0x03, 0x80, 0x00, 0x00, 0x03, 0xE0, 0x00, 0x00, 0x02, 0xFC, 0x00, 0x00, 0x00,
    0xFF, 0x00, 0x00, 0x00, 0xCF, 0xC0, 0x00, 0x00, 0x63, 0xF0, 0x00, 0x00, 0x30, 0xBC, 0x00, 0x00,
    0x34, 0x2F, 0x40, 0x00, 0x1C, 0x07, 0xD0, 0x00, 0x0F, 0xFF, 0xF8, 0x00, 0x0A, 0x00, 0x3E, 0x00,
    0x07, 0x00, 0x0F, 0xC0, 0x07, 0x40, 0x03, 0xF0, 0x1F, 0xFC, 0x0F, 0xFF, 0x80, 0x00, 0x80, 0x08,
    0x00, 0xD0, 0x28, 0x00, 0x2F, 0xD0, 0x00, 0x00, 0x00, 0x01, 0xFD, 0x40, 0x0B, 0x83, 0xE0, 0x2F,
    0x02, 0xE0, 0x3D, 0x03, 0xD0, 0x7C, 0x03, 0xC0, 0xBC, 0x07, 0xC0, 0xF8, 0x0B, 0x80, 0xB4, 0x0F,
    0x5C, 0x78, 0x3F, 0x78, 0x1F, 0xD3, 0xE0, 0x00, 0x00, 0x00, 0x00, 0x00, 0x00, 0x03, 0x80, 0x00,
    0x00, 0x0F, 0x80, 0x00, 0x00, 0x2F, 0xC0, 0x00, 0x00, 0x3F, 0xC0, 0x00, 0x00, 0xCF, 0xC0, 0x00,
    0x01, 0x8F, 0xC0, 0x00, 0x03, 0x0B, 0xC0, 0x00, 0x0D, 0x0B, 0xD0, 0x00, 0x1C, 0x07, 0xD0, 0x00,
    0x3F, 0xFF, 0xE0, 0x00, 0xA0, 0x03, 0xE0, 0x01, 0xC0, 0x03, 0xF0, 0x03, 0x40, 0x03, 0xF0, 0x7F,
    0xF0, 0x3F, 0xFE, 0x00, 0x00, 0x02, 0xC0, 0x00, 0x00, 0x07, 0x40, 0x00, 0x00, 0x0B, 0x00, 0x00,
    0x00, 0x0B, 0x40, 0x00, 0x00, 0x03, 0xE0, 0x01, 0xFD, 0x40, 0x0B, 0x83, 0xE0, 0x2F, 0x02, 0xE0,
    0x3D, 0x03, 0xD0, 0x7C, 0x03, 0xC0, 0xBC, 0x07, 0xC0, 0xF8, 0x0B, 0x80, 0xB4, 0x0F, 0x4C, 0x78,
    0x3F, 0x68, 0x1F, 0xD3, 0xE0, 0x00, 0x06, 0x00, 0x00, 0x0C, 0x00, 0x00, 0x2C, 0x00, 0x00, 0x2D,
    0x00, 0x00, 0x0B, 0xC0, 0x00, 0x00, 0x02, 0xC0, 0x00, 0x00, 0x07, 0xF0, 0x00, 0x00, 0x07, 0xF8,
    0x00, 0x00, 0x01, 0x90, 0x00, 0x00, 0x00, 0x00, 0x00, 0x00, 0x01, 0xBF, 0xD1, 0xC0, 0x07, 0xE4,
    0x0B, 0xF0, 0x0B, 0xD0, 0x00, 0xF8, 0x0B, 0xD0, 0x00, 0x2C, 0x03, 0xE0, 0x00, 0x07, 0x03, 0xF0,
    0x00, 0x00, 0x40, 0xFC, 0x00, 0x00, 0x00, 0x7E, 0x00, 0x00, 0x00, 0x2F, 0x40, 0x00, 0x00, 0x0B,
    0xD0, 0x00, 0x0A, 0x01, 0xF4, 0x00, 0x03, 0x00, 0x3E, 0x00, 0x03, 0x40, 0x03, 0xE4, 0x0B, 0x40,
    0x00, 0x1F, 0xF9, 0x00, 0x00, 0x00, 0x01, 0xE0, 0x00, 0xBD, 0x00, 0x39, 0x00, 0x00, 0x00, 0x00,
    0xBF, 0x40, 0xBC, 0x3C, 0x1F, 0x07, 0x83, 0xD0, 0x00, 0x7C, 0x00, 0x0B, 0xC0, 0x00, 0xF8, 0x00,
    0x0B, 0x80, 0x08, 0x3C, 0x07, 0x80, 0xBF, 0x90, 0x00, 0x00, 0x0A, 0x00, 0x00, 0x00, 0x0F, 0xF0,
    0x00, 0x00, 0x1E, 0x0E, 0x00, 0x00, 0x00, 0x00, 0x00, 0x00, 0x00, 0x00, 0x00, 0x00, 0x01, 0xBF,
    0xD1, 0xC0, 0x07, 0xE4, 0x0B, 0xF0, 0x0B, 0xD0, 0x00, 0xF8, 0x0B, 0xD0, 0x00, 0x2C, 0x03, 0xE0,
    0x00, 0x07, 0x03, 0xF0, 0x00, 0x00, 0x40, 0xFC, 0x00, 0x00, 0x00, 0x7E, 0x00, 0x00, 0x00, 0x2F,
    0x40, 0x00, 0x00, 0x0B, 0xD0, 0x00, 0x0A, 0x01, 0xF4, 0x00, 0x03, 0x00, 0x3E, 0x00, 0x03, 0x40,
    0x03, 0xE4, 0x0B, 0x40, 0x00, 0x1F, 0xF9, 0x00, 0x00, 0x00, 0x07, 0x00, 0x00, 0x7F, 0x00, 0x0B,
    0x4E, 0x00, 0x70, 0x1C, 0x00, 0xBF, 0x40, 0x2F, 0x0F, 0x01, 0xF0, 0x78, 0x0F, 0x40, 0x00, 0x7C,
    0x00, 0x02, 0xF0, 0x00, 0x0F, 0x80, 0x00, 0x2E, 0x00, 0x20, 0x3C, 0x07, 0x80, 0x2F, 0xE4, 0x00,
    0x00, 0x00, 0x0F, 0x00, 0x00, 0x00, 0x0B, 0xD0, 0x00, 0x00, 0x01, 0xE0, 0x00, 0x00, 0x00, 0x00,
    0x00, 0x00, 0x00, 0x00, 0x00, 0x00, 0x01, 0xBF, 0xD1, 0xC0, 0x07, 0xE4, 0x0B, 0xF0, 0x0B, 0xD0,
    0x00, 0xF8, 0x0B, 0xD0, 0x00, 0x2C, 0x03, 0xE0, 0x00, 0x07, 0x03, 0xF0, 0x00, 0x00, 0x40, 0xFC,
    0x00, 0x00, 0x00, 0x7E, 0x00, 0x00, 0x00, 0x2F, 0x40, 0x00, 0x00, 0x0B, 0xD0, 0x00, 0x0A, 0x01,
    0xF4, 0x00, 0x03, 0x00, 0x3E, 0x00, 0x03, 0x40, 0x03, 0xE4, 0x0B, 0x40, 0x00, 0x1F, 0xF9, 0x00,
    0x00, 0x00, 0x0B, 0x80, 0x00, 0xFC, 0x00, 0x0F, 0x40, 0x00, 0x00, 0x00, 0xBF, 0x40, 0xBC, 0x3C,
    0x1F, 0x07, 0x83, 0xD0, 0x00, 0x7C, 0x00, 0x0B, 0xC0, 0x00, 0xF8, 0x00, 0x0B, 0x80, 0x08, 0x3C,
    0x07, 0x80, 0xBF, 0x90, 0x00, 0x00, 0x7F, 0xF8, 0x00, 0x00, 0x02, 0xE0, 0x00, 0x00, 0x00, 0x00,
    0x00, 0x00, 0x00, 0x00, 0x00, 0x00, 0x06, 0xFF, 0x47, 0x00, 0x1F, 0x90, 0x2F, 0xC0, 0x2F, 0x40,
    0x03, 0xE0, 0x2F, 0x40, 0x00, 0xB0, 0x0F, 0x80, 0x00, 0x1C, 0x0F, 0xC0, 0x00, 0x01, 0x03, 0xF0,
    0x00, 0x00, 0x01, 0xF8, 0x00, 0x00, 0x00, 0xBD, 0x00, 0x00, 0x00, 0x2F, 0x40, 0x00, 0x28, 0x07,
    0xD0, 0x00, 0x0C, 0x00, 0xF8, 0x00, 0x0D, 0x00, 0x0F, 0x90, 0x2D, 0x00, 0x00, 0x7F, 0xE4, 0x00,
    0x00, 0x00, 0x40, 0x04, 0x01, 0xE7, 0xC0, 0x02, 0xFC, 0x00, 0x03, 0x80, 0x00, 0xBF, 0x40, 0x2F,
    0x0F, 0x01, 0xF0, 0x78, 0x0F, 0x40, 0x00, 0x7C, 0x00, 0x02, 0xF0, 0x00, 0x0F, 0x80, 0x00, 0x2E,
    0x00, 0x20, 0x3C, 0x07, 0x80, 0x2F, 0xE4, 0x00, 0x00, 0x00, 0x7F, 0xF8, 0x00, 0x00, 0x00, 0xB8,
    0x00, 0x00, 0x00, 0x00, 0x00, 0x00, 0x00, 0x00, 0x00, 0x00, 0x00, 0xFF, 0xFF, 0xF8, 0x00, 0x01,
    0xF4, 0x02, 0xF4, 0x00, 0x2F, 0x00, 0x0B, 0xC0, 0x03, 0xF0, 0x00, 0x7D, 0x00, 0x3E, 0x00, 0x03,
    0xE0, 0x07, 0xD0, 0x00, 0x7E, 0x00, 0xBC, 0x00, 0x0B, 0xD0, 0x0F, 0xC0, 0x00, 0xBC, 0x00, 0xF8,
    0x00, 0x0F, 0xC0, 0x1F, 0x40, 0x01, 0xF4, 0x02, 0xF0, 0x00, 0x3E, 0x00, 0x3F, 0x00, 0x0F, 0xC0,
    0x03, 0xE0, 0x07, 0xE0, 0x07, 0xFF, 0xFF, 0xE0, 0x00, 0x00, 0x00, 0x00, 0x7C, 0x00, 0x01, 0xFC,
    0xFD, 0x00, 0x00, 0x7C, 0x7C, 0x00, 0x00, 0xB8, 0x18, 0x00, 0x00, 0xF4, 0x70, 0x00, 0x00, 0xF0,
    0x40, 0x01, 0xFF, 0xF0, 0x00, 0x0B, 0x83, 0xE0, 0x00, 0x2E, 0x03, 0xD0, 0x00, 0x7D, 0x03, 0xC0,
    0x00, 0xBC, 0x07, 0xC0, 0x00, 0xF8, 0x0B, 0x80, 0x00, 0xB4, 0x0F, 0x4C, 0x00, 0x78, 0x2F, 0x64,
    0x00, 0x1F, 0xD3, 0xE0, 0x00, 0x00, 0xFF, 0xFF, 0xF8, 0x00, 0x01, 0xF4, 0x02, 0xF4, 0x00, 0x2F,
    0x00, 0x0B, 0xC0, 0x03, 0xF0, 0x00, 0x7D, 0x00, 0x3E, 0x00, 0x03, 0xD0, 0x03, 0xE0, 0x00, 0x7E,
    0x00, 0x7D, 0x00, 0x07, 0xD0, 0xFF, 0xFF, 0x80, 0xBC, 0x00, 0xFC, 0x00, 0x0F, 0xC0, 0x1F, 0x80,
    0x01, 0xF4, 0x02, 0xF0, 0x00, 0x3E, 0x00, 0x3F, 0x00, 0x0B, 0xC0, 0x03, 0xE0, 0x07, 0xE0, 0x07,
    0xFF, 0xFF, 0xE0, 0x00, 0x00, 0x00, 0x00, 0x00, 0x01, 0xFC, 0x00, 0x00, 0x7C, 0x00, 0x0F, 0xFE,
    0x00, 0x00, 0xF4, 0x01, 0xFC, 0xF0, 0x0B, 0x87, 0xF0, 0x2F, 0x02, 0xE0, 0x3D, 0x03, 0xD0, 0x7C,
    0x03, 0xC0, 0xBC, 0x07, 0xC0, 0xF8, 0x0B, 0x80, 0xB4, 0x0F, 0x4C, 0x78, 0x2F, 0x68, 0x1F, 0xD3,
    0xE0, 0x00, 0x0B, 0xFF, 0xFF, 0x00, 0x00, 0x00, 0x00, 0x00, 0x00, 0x00, 0x00, 0x00, 0x00, 0x00,
    0x00, 0x00, 0x00, 0xFF, 0xFF, 0xFF, 0x00, 0x07, 0xE0, 0x07, 0xC0, 0x02, 0xF4, 0x00, 0xE0, 0x00,
    0xFC, 0x00, 0x28, 0x00, 0x3F, 0x06, 0x09, 0x00, 0x1F, 0x87, 0x80, 0x00, 0x0B, 0xFF, 0xD0, 0x00,
    0x03, 0xF0, 0xB0, 0x00, 0x00, 0xFC, 0x1C, 0x08, 0x00, 0x7E, 0x00, 0x0A, 0x00, 0x2F, 0x40, 0x03,
    0x00, 0x0F, 0xC0, 0x03, 0x80, 0x03, 0xF0, 0x07, 0xD0, 0x1F, 0xFF, 0xFF, 0xF0, 0x00, 0x02, 0xFF,
    0xFC, 0x00, 0x00, 0x00, 0x00, 0x00, 0x00, 0x01, 0xBF, 0x40, 0x0B, 0x82, 0xC0, 0x2F, 0x01, 0xC0,
    0x3D, 0x07, 0x80, 0xBF, 0xF9, 0x00, 0xBC, 0x00, 0x00, 0xB8, 0x00, 0x00, 0xB8, 0x00, 0x80, 0x3C,
    0x07, 0x80, 0x0B, 0xF9, 0x00, 0x00, 0x00, 0x0B, 0x80, 0x00, 0x00, 0x0F, 0xC0, 0x00, 0x00, 0x0F,
    0x00, 0x00, 0x00, 0x00, 0x00, 0x00, 0x00, 0x00, 0x00, 0x00, 0xFF, 0xFF, 0xFF, 0x00, 0x1F, 0x80,
    0x1F, 0x00, 0x2F, 0x40, 0x0E, 0x00, 0x3F, 0x00, 0x0A, 0x00, 0x3F, 0x06, 0x09, 0x00, 0x7E, 0x1E,
    0x00, 0x00, 0xBF, 0xFD, 0x00, 0x00, 0xFC, 0x2C, 0x00, 0x00, 0xFC, 0x1C, 0x08, 0x01, 0xF8, 0x00,
    0x28, 0x02, 0xF4, 0x00, 0x30, 0x03, 0xF0, 0x00, 0xE0, 0x03, 0xF0, 0x07, 0xD0, 0x7F, 0xFF, 0xFF,
    0xC0, 0x00, 0x0B, 0x80, 0x00, 0xFC, 0x00, 0x0F, 0x40, 0x00, 0x00, 0x00, 0xBF, 0x00, 0x7C, 0x2C,
    0x1F, 0x01, 0xC3, 0xE0, 0x2C, 0x7C, 0x0B, 0x4B, 0xFF, 0x80, 0xBC, 0x00, 0x0B, 0x80, 0x04, 0x7C,
    0x07, 0xC0, 0xBF, 0x90, 0x00, 0xFF, 0xFF, 0xFF, 0x00, 0x1F, 0x80, 0x1F, 0x00, 0x2F, 0x40, 0x0E,
    0x00, 0x3F, 0x00, 0x0A, 0x00, 0x3F, 0x06, 0x09, 0x00, 0x7E, 0x0E, 0x00, 0x00, 0xBF, 0xFD, 0x00,
    0x00, 0xFC, 0x2C, 0x00, 0x00, 0xFC, 0x1C, 0x08, 0x01, 0xF8, 0x00, 0x28, 0x02, 0xF4, 0x00, 0x30,
    0x03, 0xF0, 0x00, 0xE0, 0x03, 0xF0, 0x07, 0xD0, 0x7F, 0xFF, 0xFF, 0xC0, 0x00, 0x00, 0x34, 0x00,
    0x00, 0x00, 0xE0, 0x00, 0x00, 0x00, 0xD0, 0x00, 0x00, 0x00, 0xE0, 0x00, 0x00, 0x00, 0xBD, 0x00,
    0x01, 0xBF, 0x40, 0xB8, 0x2C, 0x2F, 0x01, 0xC3, 0xD0, 0x78, 0xBF, 0xF9, 0x0B, 0xC0, 0x00, 0xB8,
    0x00, 0x0B, 0x80, 0x08, 0x3C, 0x07, 0x80, 0xBF, 0xC0, 0x00, 0x70, 0x00, 0x0D, 0x00, 0x01, 0xD0,
    0x00, 0x1E, 0x00, 0x00, 0xBD, 0x00, 0x00, 0x00, 0xFF, 0xF0, 0x00, 0x00, 0x1E, 0x00, 0x00, 0x00,
    0x00, 0x00, 0x00, 0x00, 0x00, 0x00, 0x00, 0xFF, 0xFF, 0xFF, 0x00, 0x1F, 0x80, 0x1F, 0x00, 0x2F,
    0x40, 0x0E, 0x00, 0x3F, 0x00, 0x0A, 0x00, 0x3F, 0x06, 0x09, 0x00, 0x7E, 0x1E, 0x00, 0x00, 0xBF,
    0xFD, 0x00, 0x00, 0xFC, 0x2C, 0x00, 0x00, 0xFC, 0x1C, 0x08, 0x01, 0xF8, 0x00, 0x28, 0x02, 0xF4,
    0x00, 0x30, 0x03, 0xF0, 0x00, 0xE0, 0x03, 0xF0, 0x07, 0xD0, 0x7F, 0xFF, 0xFF, 0xC0, 0x00, 0x50,
    0x08, 0x00, 0x38, 0xB4, 0x00, 0x1F, 0xC0, 0x00, 0x0A, 0x00, 0x01, 0xBF, 0x40, 0x0B, 0x82, 0xC0,
    0x2F, 0x01, 0xC0, 0x3D, 0x07, 0x80, 0xBF, 0xF9, 0x00, 0xBC, 0x00, 0x00, 0xB8, 0x00, 0x00, 0xB8,
    0x00, 0x80, 0x3C, 0x07, 0x80, 0x0B, 0xF9, 0x00, 0x00, 0x00, 0x0B, 0x00, 0x00, 0x00, 0x0F, 0xF0,
    0x00, 0x00, 0x1E, 0x0E, 0x00, 0x00, 0x00, 0x00, 0x00, 0x00, 0x00, 0x00, 0x00, 0x00, 0x01, 0xBF,
    0xD1, 0xC0, 0x07, 0xE4, 0x0B, 0xF0, 0x0B, 0xD0, 0x00, 0xF4, 0x0B, 0xD0, 0x00, 0x2C, 0x07, 0xE0,
    0x00, 0x07, 0x03, 0xF0, 0x00, 0x00, 0x00, 0xFC, 0x00, 0x00, 0x00, 0x7E, 0x00, 0x00, 0x00, 0x2F,
    0x40, 0x2F, 0xFF, 0x0B, 0xD0, 0x00, 0x7E, 0x01, 0xF4, 0x00, 0x2F, 0x40, 0x3F, 0x00, 0x0F, 0xC0,
    0x03, 0xF4, 0x1F, 0xE0, 0x00, 0x1B, 0xF9, 0x00, 0x00, 0x00, 0x02, 0x40, 0x00, 0x3F, 0x00, 0x07,
    0x8F, 0x00, 0x34, 0x0D, 0x00, 0x7F, 0x50, 0x0B, 0x83, 0xF0, 0xBC, 0x0B, 0x83, 0xD0, 0x3D, 0x1F,
    0x00, 0xF0, 0xBC, 0x07, 0xC2, 0xE0, 0x2E, 0x0B, 0x80, 0xF4, 0x0F, 0x0B, 0xC0, 0x1F, 0xEF, 0x00,
    0x00, 0xB8, 0x1E, 0x03, 0xD0, 0xB8, 0x2E, 0x00, 0xFF, 0x90, 0x00, 0x00, 0x00, 0x80, 0x18, 0x00,
    0x00, 0x2F, 0xF4, 0x00, 0x00, 0x00, 0x00, 0x00, 0x00, 0x00, 0x00, 0x00, 0x00, 0x06, 0xFF, 0x97,
    0x00, 0x1F, 0xD0, 0x0B, 0x80, 0x2F, 0x40, 0x00, 0xD0, 0x2F, 0x40, 0x00, 0x00, 0x1F, 0x80, 0x00,
    0x00, 0x0F, 0xC0, 0x00, 0x00, 0x07, 0xF0, 0x00, 0x00, 0x01, 0xF8, 0x00, 0x00, 0x00, 0xBD, 0x00,
    0xBF, 0xFC, 0x2F, 0x40, 0x01, 0xF8, 0x07, 0xD0, 0x00, 0xBD, 0x00, 0xFC, 0x00, 0x3F, 0x00, 0x0F,
    0xD0, 0x7F, 0x80, 0x00, 0x7F, 0xE4, 0x00, 0x00, 0x00, 0x80, 0x04, 0x00, 0x60, 0x1C, 0x00, 0x2F,
    0xE0, 0x00, 0x00, 0x00, 0x00, 0x7F, 0x50, 0x02, 0xE0, 0xFC, 0x0B, 0xC0, 0xB8, 0x0F, 0x40, 0xF4,
    0x1F, 0x00, 0xF0, 0x2F, 0x01, 0xF0, 0x2E, 0x02, 0xE0, 0x2E, 0x03, 0xD0, 0x0F, 0x0B, 0xC0, 0x07,
    0xFB, 0xC0, 0x00, 0x0B, 0x80, 0x78, 0x0F, 0x40, 0xB8, 0x2E, 0x00, 0x3F, 0xE4, 0x00, 0x00, 0x00,
    0x0F, 0x00, 0x00, 0x00, 0x0B, 0xD0, 0x00, 0x00, 0x01, 0xE0, 0x00, 0x00, 0x00, 0x00, 0x00, 0x00,
    0x00, 0x00, 0x00, 0x00, 0x01, 0xBF, 0xD1, 0xC0, 0x07, 0xE4, 0x0B, 0xF0, 0x0B, 0xD0, 0x00, 0xF4,
    0x0B, 0xD0, 0x00, 0x2C, 0x07, 0xE0, 0x00, 0x07, 0x03, 0xF0, 0x00, 0x00, 0x00, 0xFC, 0x00, 0x00,
    0x00, 0x7E, 0x00, 0x00, 0x00, 0x2F, 0x40, 0x2F, 0xFF, 0x0B, 0xD0, 0x00, 0x7E, 0x01, 0xF4, 0x00,
    0x2F, 0x40, 0x3F, 0x00, 0x0F, 0xC0, 0x03, 0xF4, 0x1F, 0xE0, 0x00, 0x1B, 0xF9, 0x00, 0x00, 0x00,
    0x03, 0xC0, 0x00, 0x3F, 0x40, 0x00, 0xB8, 0x00, 0x00, 0x00, 0x00, 0x00, 0x00, 0x01, 0xFD, 0x40,
    0x3E, 0x0F, 0x82, 0xE0, 0x3D, 0x1F, 0x40, 0xF0, 0xBC, 0x07, 0xC2, 0xE0, 0x2E, 0x0B, 0x80, 0xF4,
    0x1E, 0x0B, 0xC0, 0x1F, 0xEF, 0x00, 0x00, 0xB8, 0x1E, 0x03, 0xD0, 0xB8, 0x2E, 0x00, 0xFF, 0x90,
    0x00, 0x00, 0x00, 0x00, 0xA0, 0x00, 0x00, 0x00, 0x01, 0xFE, 0x00, 0x00, 0x00, 0x02, 0xD1, 0xD0,
    0x00, 0x00, 0x00, 0x40, 0x00, 0x00, 0x00, 0x00, 0x00, 0x00, 0x00, 0x00, 0x3F, 0xFF, 0x1F, 0xFF,
    0xC0, 0x01, 0xF8, 0x00, 0x7D, 0x00, 0x00, 0xBD, 0x00, 0x2F, 0x00, 0x00, 0x3F, 0x00, 0x0F, 0xC0,
    0x00, 0x0F, 0xC0, 0x03, 0xE0, 0x00, 0x07, 0xE0, 0x01, 0xF4, 0x00, 0x02, 0xFF, 0xFF, 0xFC, 0x00,
    0x00, 0xFC, 0x00, 0x3F, 0x00, 0x00, 0x3F, 0x00, 0x1F, 0x80, 0x00, 0x1F, 0x80, 0x07, 0xD0, 0x00,
    0x0B, 0xD0, 0x02, 0xF0, 0x00, 0x03, 0xF0, 0x00, 0xFC, 0x00, 0x00, 0xFC, 0x00, 0x7E, 0x00, 0x0B,
    0xFF, 0xE2, 0xFF, 0xF8, 0x00, 0x00, 0x00, 0x60, 0x00, 0x00, 0xBD, 0x00, 0x00, 0xF2, 0xC0, 0x00,
    0xA0, 0x28, 0x00, 0x00, 0x00, 0x02, 0xFC, 0x00, 0x00, 0x1E, 0x00, 0x00, 0x0B, 0x40, 0x00, 0x03,
    0xC0, 0x00, 0x00, 0xF3, 0xF4, 0x00, 0x7E, 0x0F, 0x00, 0x2F, 0x02, 0xD0, 0x0F, 0x40, 0xF4, 0x03,
    0xC0, 0x3C, 0x02, 0xE0, 0x2E, 0x00, 0xF4, 0x0F, 0x40, 0x3C, 0x03, 0xC7, 0x1F, 0x00, 0xF3, 0x43,
    0x40, 0x1F, 0x40, 0x00, 0xFF, 0xFF, 0x00, 0x00, 0x00, 0x00, 0x00, 0x00, 0x00, 0x07, 0xFF, 0xF0,
    0x00, 0x1F, 0x80, 0x00, 0x0B, 0xD0, 0x00, 0x03, 0xF0, 0x00, 0x00, 0xFC, 0x00, 0x00, 0x7E, 0x00,
    0x00, 0x2F, 0x40, 0x00, 0x0F, 0xC0, 0x00, 0x03, 0xF0, 0x00, 0x01, 0xF8, 0x00, 0x00, 0xBD, 0x00,
    0x00, 0x3F, 0x00, 0x00, 0x0F, 0xC0, 0x00, 0xBF, 0xFF, 0x00, 0x00, 0x0F, 0xFF, 0xE0, 0x00, 0x00,
    0x00, 0x00, 0x00, 0xBD, 0x00, 0x28, 0xF0, 0x03, 0x1F, 0x00, 0x02, 0xE0, 0x00, 0x3C, 0x00, 0x07,
    0xC0, 0x00, 0xF4, 0x00, 0x0F, 0x0C, 0x00, 0xF3, 0x80, 0x07, 0xD0, 0x00, 0x00, 0x02, 0xE0, 0x00,
    0x03, 0xF0, 0x00, 0x03, 0xD0, 0x00, 0x00, 0x00, 0x00, 0x00, 0x00, 0x01, 0xFF, 0xFC, 0x00, 0x1F,
    0x80, 0x00, 0x2F, 0x40, 0x00, 0x3F, 0x00, 0x00, 0x3F, 0x00, 0x00, 0x7E, 0x00, 0x00, 0xBD, 0x00,
    0x00, 0xFC, 0x00, 0x00, 0xFC, 0x00, 0x01, 0xF8, 0x00, 0x02, 0xF4, 0x00, 0x03, 0xF0, 0x00, 0x03,
    0xF0, 0x00, 0xBF, 0xFF, 0x00, 0x0B, 0xD0, 0x28, 0xF0, 0x31, 0xF0, 0x02, 0xE0, 0x03, 0xC0, 0x07,
    0xC0, 0x0F, 0x40, 0x0F, 0x0C, 0x0F, 0x38, 0x07, 0xD0, 0x00, 0x00, 0x07, 0x00, 0x00, 0x00, 0xBF,
    0x00, 0x00, 0x0F, 0x0B, 0x00, 0x00, 0x10, 0x04, 0x00, 0x00, 0x00, 0x00, 0x00, 0x3F, 0xFF, 0x40,
    0x00, 0x07, 0xE0, 0x00, 0x00, 0x2F, 0x00, 0x00, 0x00, 0xFC, 0x00, 0x00, 0x03, 0xE0, 0x00, 0x00,
    0x1F, 0x40, 0x00, 0x00, 0xBC, 0x00, 0x00, 0x03, 0xF0, 0x00, 0x00, 0x0F, 0x80, 0x00, 0x00, 0x7D,
    0x00, 0x0B, 0x43, 0xF0, 0x00, 0x7E, 0x0F, 0x80, 0x01, 0xE0, 0xFC, 0x00, 0x01, 0xFF, 0x40, 0x00,
    0x00, 0x00, 0x00, 0x60, 0x00, 0x02, 0xF8, 0x00, 0x0F, 0x5D, 0x00, 0x18, 0x06, 0x00, 0x7E, 0x00,
    0x01, 0xC7, 0x80, 0x03, 0x07, 0xC0, 0x00, 0x0B, 0x80, 0x00, 0x0F, 0x40, 0x00, 0x0F, 0x00, 0x00,
    0x1F, 0x00, 0x00, 0x2E, 0x00, 0x00, 0x3D, 0x00, 0x00, 0x3C, 0x00, 0x00, 0x7C, 0x00, 0x38, 0xB8,
    0x00, 0xB9, 0xF0, 0x00, 0x3F, 0x80, 0x00, 0x00, 0x00, 0xB0, 0x00, 0x00, 0xBF, 0x00, 0x00, 0x2F,
    0x90, 0x00, 0x00, 0x00, 0x00, 0x00, 0x00, 0x00, 0x00, 0x0F, 0xFF, 0xE0, 0x00, 0x1F, 0x80, 0x00,
    0x02, 0xF4, 0x00, 0x00, 0x3F, 0x00, 0x00, 0x03, 0xF0, 0x00, 0x00, 0x7E, 0x00, 0x00, 0x0B, 0xD0,
    0x00, 0x00, 0xFC, 0x00, 0x00, 0x0F, 0xC0, 0x04, 0x01, 0xF8, 0x00, 0xC0, 0x2F, 0x40, 0x2C, 0x03,
    0xF0, 0x07, 0x40, 0x3F, 0x02, 0xF0, 0xBF, 0xFF, 0xFE, 0x00, 0x00, 0x00, 0x90, 0x00, 0xBE, 0x00,
    0x3E, 0x80, 0x00, 0x00, 0x00, 0x00, 0x00, 0xBF, 0x00, 0x01, 0xE0, 0x00, 0x2D, 0x00, 0x03, 0xC0,
    0x00, 0x3C, 0x00, 0x07, 0x80, 0x00, 0xB4, 0x00, 0x0F, 0x00, 0x00, 0xF0, 0x00, 0x1E, 0x00, 0x03,
    0xD0, 0x00, 0x3C, 0x70, 0x03, 0xCD, 0x00, 0x0F, 0x80, 0x00, 0x00, 0x00, 0x02, 0xD0, 0x00, 0x00,
    0x0F, 0xC0, 0x00, 0x00, 0x3F, 0x00, 0x3F, 0xFF, 0x98, 0x00, 0x1F, 0x81, 0xC0, 0x00, 0xBD, 0x18,
    0x00, 0x03, 0xF0, 0x00, 0x00, 0x0F, 0xC0, 0x00, 0x00, 0x7E, 0x00, 0x00, 0x02, 0xF4, 0x00, 0x00,
    0x0F, 0xC0, 0x00, 0x00, 0x3F, 0x00, 0x10, 0x01, 0xF8, 0x00, 0xC0, 0x0B, 0xD0, 0x0B, 0x00, 0x3F,
    0x00, 0x74, 0x00, 0xFC, 0x0B, 0xC0, 0xBF, 0xFF, 0xFE, 0x00, 0x00, 0x01, 0xF0, 0x2F, 0xCF, 0xD0,
    0x1E, 0x2F, 0x00, 0xB4, 0x14, 0x03, 0xC2, 0x80, 0x0F, 0x00, 0x00, 0x78, 0x00, 0x02, 0xD0, 0x00,
    0x0F, 0x00, 0x00, 0x3C, 0x00, 0x01, 0xE0, 0x00, 0x0F, 0x40, 0x00, 0x3C, 0x70, 0x00, 0xF3, 0x40,
    0x01, 0xF8, 0x00, 0x00, 0x00, 0xFF, 0xFE, 0x00, 0x01, 0xF8, 0x00, 0x00, 0x2F, 0x40, 0x00, 0x03,
    0xF1, 0xE0, 0x00, 0x3F, 0xB4, 0x00, 0x07, 0xF8, 0x00, 0x00, 0xBD, 0x00, 0x00, 0x1F, 0xC0, 0x00,
    0x0B, 0xFC, 0x00, 0x40, 0x5F, 0x80, 0x0C, 0x02, 0xF4, 0x02, 0xC0, 0x3F, 0x00, 0x74, 0x03, 0xF0,
    0x2F, 0x0B, 0xFF, 0xFF, 0xE0, 0x07, 0xF4, 0x00, 0xF0, 0x01, 0xF0, 0x02, 0xE0, 0x03, 0xEC, 0x03,
    0xF4, 0x07, 0xC0, 0x2F, 0x80, 0x1F, 0x40, 0x1F, 0x00, 0x2F, 0x00, 0x2E, 0x30, 0x2D, 0xA0, 0x0B,
    0x80, 0x00, 0x00, 0x00, 0x3C, 0x00, 0x00, 0x00, 0x00, 0xBF, 0x00, 0x00, 0x00, 0x00, 0xBE, 0x00,
    0x00, 0x00, 0x00, 0x00, 0x00, 0x00, 0x00, 0x00, 0x00, 0x00, 0x00, 0x00, 0x3F, 0xF0, 0x02, 0xFF,
    0xC0, 0x01, 0xFE, 0x00, 0x0D, 0x00, 0x00, 0xAF, 0xC0, 0x03, 0x00, 0x00, 0x35, 0xF8, 0x01, 0xC0,
    0x00, 0x0C, 0x3F, 0x40, 0xA0, 0x00, 0x07, 0x07, 0xF0, 0x34, 0x00, 0x02, 0x80, 0xFD, 0x0C, 0x00,
    0x00, 0xD0, 0x1F, 0xC7, 0x00, 0x00, 0x30, 0x02, 0xF6, 0x80, 0x00, 0x1C, 0x00, 0x3F, 0xD0, 0x00,
    0x0A, 0x00, 0x0B, 0xF0, 0x00, 0x03, 0x40, 0x00, 0xFC, 0x00, 0x01, 0xD0, 0x00, 0x2E, 0x00, 0x0B,
    0xFF, 0x00, 0x03, 0x40, 0x00, 0x00, 0x00, 0x1E, 0x00, 0x00, 0x0F, 0xD0, 0x00, 0x03, 0x90, 0x00,
    0x00, 0x00, 0x00, 0x0F, 0x82, 0xF8, 0x02, 0xAE, 0xD2, 0xD0, 0x32, 0xF0, 0x1E, 0x02, 0x3E, 0x02,
    0xE0, 0x03, 0xC0, 0x3D, 0x00, 0x7C, 0x07, 0xC0, 0x0B, 0x80, 0xB8, 0x00, 0xF4, 0x0F, 0x0C, 0x0F,
    0x00, 0xF2, 0x80, 0xE0, 0x07, 0xE0, 0x00, 0x00, 0x0F, 0xFF, 0x00, 0x00, 0x00, 0x00, 0x78, 0x00,
    0x00, 0x00, 0x00, 0x00, 0x00, 0x00, 0x00, 0x00, 0x00, 0x00, 0x00, 0x00, 0xFF, 0xC0, 0x0B, 0xFF,
    0x00, 0x07, 0xF8, 0x00, 0x34, 0x00, 0x02, 0xBF, 0x00, 0x0C, 0x00, 0x00, 0xD7, 0xE0, 0x07, 0x00,
    0x00, 0x30, 0xFD, 0x02, 0x80, 0x00, 0x1C, 0x1F, 0xC0, 0xD0, 0x00, 0x0A, 0x03, 0xF4, 0x30, 0x00,
    0x03, 0x40, 0x7F, 0x1C, 0x00, 0x00, 0xC0, 0x0B, 0xDA, 0x00, 0x00, 0x70, 0x00, 0xFF, 0x40, 0x00,
    0x28, 0x00, 0x2F, 0xC0, 0x00, 0x0D, 0x00, 0x03, 0xF0, 0x00, 0x07, 0x40, 0x00, 0xB8, 0x00, 0x2F,
    0xFC, 0x00, 0x0D, 0x00, 0x00, 0x00, 0x20, 0x05, 0x00, 0x01, 0xD7, 0xC0, 0x00, 0x0B, 0xE0, 0x00,
    0x00, 0x34, 0x00, 0x0F, 0x82, 0xF8, 0x02, 0xAE, 0xD2, 0xD0, 0x32, 0xF0, 0x1E, 0x02, 0x3E, 0x02,
    0xE0, 0x03, 0xC0, 0x3D, 0x00, 0x7C, 0x07, 0xC0, 0x0B, 0x80, 0xB8, 0x00, 0xF4, 0x0F, 0x0C, 0x0F,
    0x00, 0xF2, 0x80, 0xE0, 0x07, 0xE0, 0x00, 0x00, 0x6D, 0x2D, 0x00, 0x03, 0xEB, 0xE4, 0x00, 0x00,
    0x00, 0x00, 0x00, 0x00, 0x00, 0x00, 0x00, 0x06, 0xFE, 0x40, 0x00, 0x7D, 0x02, 0xF0, 0x02, 0xF0,
    0x00, 0xF8, 0x0B, 0xC0, 0x00, 0xBC, 0x0F, 0x80, 0x00, 0xBC, 0x2F, 0x00, 0x00, 0xFC, 0x3F, 0x00,
    0x00, 0xFC, 0x7E, 0x00, 0x01, 0xF8, 0xBD, 0x00, 0x02, 0xF4, 0xBD, 0x00, 0x03, 0xF0, 0x7D, 0x00,
    0x0B, 0xC0, 0x3E, 0x00, 0x2F, 0x00, 0x1F, 0x41, 0xBC, 0x00, 0x02, 0xFF, 0x90, 0x00, 0x00, 0x00,
    0x00, 0x00, 0x01, 0xE2, 0xD0, 0x02, 0xFB, 0xF0, 0x02, 0x93, 0x90, 0x00, 0x00, 0x00, 0x00, 0x2F,
    0xE0, 0x00, 0xBC, 0x1F, 0x00, 0x7C, 0x03, 0xD0, 0x3D, 0x00, 0xF4, 0x1F, 0x00, 0x3D, 0x0B, 0xC0,
    0x1F, 0x03, 0xE0, 0x0B, 0xC0, 0xB8, 0x03, 0xC0, 0x0F, 0x07, 0xD0, 0x00, 0xBF, 0x80, 0x00, 0x00,
    0x02, 0xFF, 0xFF, 0xFF, 0xF0, 0x02, 0xF4, 0x0F, 0xC0, 0x1F, 0x00, 0xF8, 0x00, 0xF8, 0x00, 0xA0,
    0x3E, 0x00, 0x0F, 0x40, 0x0A, 0x0F, 0xC0, 0x01, 0xF0, 0x0C, 0x91, 0xF8, 0x00, 0x2F, 0x02, 0xC0,
    0x2F, 0x00, 0x03, 0xFF, 0xF8, 0x03, 0xF0, 0x00, 0x3D, 0x07, 0x40, 0x3E, 0x00, 0x07, 0xC0, 0x30,
    0x03, 0xE0, 0x00, 0xBC, 0x01, 0x1C, 0x3F, 0x00, 0x0F, 0x80, 0x03, 0x42, 0xF0, 0x01, 0xF4, 0x00,
    0xB0, 0x0F, 0xD0, 0x7F, 0x00, 0x6E, 0x00, 0x1B, 0xFF, 0xFF, 0xFF, 0xC0, 0x01, 0xFE, 0x07, 0xF4,
    0x0B, 0x83, 0xFD, 0x1C, 0x2F, 0x03, 0xF0, 0x0D, 0x3D, 0x03, 0xD0, 0x7C, 0x7C, 0x03, 0xFF, 0x90,
    0xBC, 0x07, 0xC0, 0x00, 0xF8, 0x0F, 0x80, 0x00, 0xB4, 0x1F, 0x80, 0x18, 0x38, 0x3E, 0xD0, 0xB0,
    0x1F, 0xE0, 0x7F, 0x80, 0x00, 0x00, 0x00, 0x78, 0x00, 0x00, 0x01, 0xFE, 0x00, 0x00, 0x00, 0xA5,
    0x00, 0x00, 0x00, 0x00, 0x00, 0x00, 0x00, 0x00, 0x00, 0x00, 0x3F, 0xFF, 0xF9, 0x00, 0x01, 0xF4,
    0x07, 0xE0, 0x00, 0xBC, 0x00, 0xBD, 0x00, 0x3F, 0x00, 0x3F, 0x00, 0x0F, 0x80, 0x0F, 0x80, 0x07,
    0xD0, 0x1F, 0x80, 0x02, 0xFF, 0xFE, 0x00, 0x00, 0xFC, 0x0B, 0xC0, 0x00, 0x3E, 0x00, 0xF8, 0x00,
    0x1F, 0x40, 0x3E, 0x00, 0x0B, 0xC0, 0x1F, 0x80, 0x03, 0xF0, 0x0B, 0xD0, 0x00, 0xF8, 0x02, 0xF4,
    0xE7, 0xFF, 0xE0, 0x2F, 0xE0, 0x00, 0x00, 0xF0, 0x00, 0x2F, 0x80, 0x01, 0xD0, 0x00, 0x00, 0x00,
    0x0F, 0x8B, 0xF0, 0x9B, 0xE1, 0xE3, 0x2F, 0x0B, 0x50, 0xF4, 0x00, 0x03, 0xC0, 0x00, 0x1F, 0x00,
    0x00, 0xB8, 0x00, 0x03, 0xD0, 0x00, 0x0F, 0x00, 0x00, 0x38, 0x00, 0x00, 0x00, 0x00, 0xBF, 0xF4,
    0x00, 0x00, 0x03, 0xD0, 0x00, 0x00, 0x00, 0x00, 0x00, 0x00, 0x00, 0x00, 0x00, 0x00, 0xFF, 0xFF,
    0xE4, 0x00, 0x07, 0xD0, 0x1F, 0x80, 0x02, 0xF0, 0x02, 0xF4, 0x00, 0xFC, 0x00, 0xFC, 0x00, 0x3E,
    0x00, 0x3E, 0x00, 0x1F, 0x40, 0x7E, 0x00, 0x0B, 0xFF, 0xF8, 0x00, 0x03, 0xF0, 0x2F, 0x00, 0x00,
    0xF8, 0x03, 0xE0, 0x00, 0x7D, 0x00, 0xF8, 0x00, 0x2F, 0x00, 0x7E, 0x00, 0x0F, 0xC0, 0x2F, 0x40,
    0x03, 0xE0, 0x0B, 0xD3, 0x9F, 0xFF, 0x80, 0xBF, 0x80, 0x01, 0x40, 0x20, 0x03, 0x9B, 0x40, 0x07,
    0xF0, 0x00, 0x0A, 0x00, 0x0F, 0x8B, 0xF0, 0x9B, 0xE1, 0xE3, 0x2F, 0x0B, 0x50, 0xF4, 0x00, 0x03,
    0xC0, 0x00, 0x1F, 0x00, 0x00, 0xB8, 0x00, 0x03, 0xD0, 0x00, 0x0F, 0x00, 0x00, 0x38, 0x00, 0x00,
    0x00, 0x00, 0x0B, 0x00, 0x00, 0x07, 0xF0, 0x00, 0x01, 0xFE, 0x00, 0x00, 0x19, 0x00, 0x00, 0x00,
    0x00, 0x00, 0x00, 0x7F, 0x86, 0x00, 0x3D, 0x0B, 0xD0, 0x0F, 0x00, 0x2C, 0x01, 0xE0, 0x02, 0xC0,
    0x2F, 0x00, 0x18, 0x02, 0xFE, 0x40, 0x00, 0x0F, 0xFF, 0x80, 0x00, 0x2F, 0xFE, 0x00, 0x00, 0x07,
    0xF0, 0x0C, 0x00, 0x1F, 0x01, 0xC0, 0x01, 0xE0, 0x2D, 0x00, 0x3C, 0x03, 0xF4, 0x0F, 0x00, 0x31,
    0xBF, 0x80, 0x00, 0x00, 0x01, 0xF0, 0x00, 0xBE, 0x00, 0x2D, 0x00, 0x00, 0x00, 0x00, 0xBF, 0x40,
    0x38, 0x2C, 0x07, 0x03, 0xC0, 0x74, 0x00, 0x07, 0xF9, 0x00, 0x1F, 0xF4, 0x00, 0x0B, 0x83, 0xC0,
    0x34, 0x3C, 0x0B, 0x01, 0xFF, 0x80, 0x00, 0x00, 0x34, 0x00, 0x00, 0x2F, 0xD0, 0x00, 0x0F, 0x4B,
    0x00, 0x00, 0x40, 0x10, 0x00, 0x00, 0x00, 0x00, 0x00, 0x7F, 0x86, 0x00, 0x3D, 0x0B, 0xD0, 0x0F,
    0x00, 0x2C, 0x01, 0xE0, 0x02, 0xC0, 0x2F, 0x00, 0x18, 0x02, 0xFE, 0x40, 0x00, 0x0F, 0xFF, 0x80,
    0x00, 0x2F, 0xFE, 0x00, 0x00, 0x07, 0xF0, 0x0C, 0x00, 0x1F, 0x01, 0xC0, 0x01, 0xE0, 0x2D, 0x00,
    0x3C, 0x03, 0xF4, 0x0F, 0x00, 0x31, 0xBF, 0x80, 0x00, 0x00, 0x06, 0x00, 0x02, 0xF8, 0x00, 0xB5,
    0xD0, 0x18, 0x06, 0x00, 0xBF, 0x40, 0x3C, 0x2C, 0x07, 0x03, 0xC0, 0x74, 0x00, 0x07, 0xF9, 0x00,
    0x1F, 0xF4, 0x00, 0x07, 0x83, 0xC0, 0x34, 0x3C, 0x0B, 0x01, 0xFF, 0x80, 0x00, 0x07, 0xF8, 0x60,
    0x03, 0xC0, 0xBD, 0x00, 0xF0, 0x02, 0xC0, 0x1E, 0x00, 0x2C, 0x02, 0xF4, 0x01, 0x80, 0x2F, 0xFE,
    0x00, 0x00, 0xFF, 0xFC, 0x00, 0x02, 0xFF, 0xE0, 0x00, 0x00, 0x7F, 0x00, 0xC0, 0x01, 0xF0, 0x1C,
    0x00, 0x1E, 0x02, 0xC0, 0x03, 0xC0, 0x3F, 0x40, 0xB0, 0x03, 0x1F, 0xF8, 0x00, 0x00, 0x3E, 0x00,
    0x00, 0x00, 0xB8, 0x00, 0x00, 0x0F, 0x80, 0x00, 0x7F, 0xD0, 0x00, 0x00, 0xBF, 0x40, 0x38, 0x2C,
    0x07, 0x03, 0xC0, 0x78, 0x00, 0x07, 0xFD, 0x00, 0x1F, 0xF4, 0x14, 0x07, 0x83, 0xD0, 0x34, 0x38,
    0x07, 0x01, 0xFE, 0x80, 0x03, 0xD0, 0x00, 0x1F, 0x40, 0x01, 0xF4, 0x0B, 0xF9, 0x00, 0x00, 0x02,
    0xFF, 0xD0, 0x00, 0x07, 0xD0, 0x00, 0x00, 0x00, 0x00, 0x00, 0x00, 0x00, 0x00, 0x07, 0xF8, 0x60,
    0x03, 0xD0, 0xBD, 0x00, 0xF0, 0x02, 0xC0, 0x1E, 0x00, 0x2C, 0x02, 0xF0, 0x01, 0x80, 0x2F, 0xE4,
    0x00, 0x00, 0xFF, 0xF8, 0x00, 0x02, 0xFF, 0xE0, 0x00, 0x00, 0x7F, 0x00, 0xC0, 0x01, 0xF0, 0x1C,
    0x00, 0x1E, 0x02, 0xD0, 0x03, 0xC0, 0x3F, 0x40, 0xF0, 0x03, 0x1B, 0xF8, 0x00, 0x00, 0x40, 0x14,
    0x01, 0xD7, 0xC0, 0x02, 0xF8, 0x00, 0x03, 0x40, 0x00, 0xBF, 0x40, 0x0E, 0x0B, 0x00, 0x70, 0x3C,
    0x01, 0xF4, 0x00, 0x03, 0xFE, 0x00, 0x02, 0xFE, 0x00, 0x00, 0x38, 0x0F, 0x00, 0xD0, 0x3C, 0x0B,
    0x00, 0x7F, 0xE0, 0x00, 0x0B, 0xFF, 0xFF, 0xFC, 0x0F, 0x03, 0xF0, 0x3C, 0x1C, 0x03, 0xE0, 0x1C,
    0x34, 0x07, 0xD0, 0x1C, 0x30, 0x0B, 0xC0, 0x18, 0x00, 0x0F, 0xC0, 0x00, 0x00, 0x0F, 0x80, 0x00,
    0x00, 0x1F, 0x40, 0x00, 0x00, 0x2F, 0x00, 0x00, 0x00, 0x3F, 0x00, 0x00, 0x00, 0x3E, 0x00, 0x00,
    0x00, 0x7D, 0x00, 0x00, 0x00, 0xFC, 0x00, 0x00, 0x3F, 0xFF, 0xF0, 0x00, 0x00, 0xF4, 0x00, 0x00,
    0x00, 0x7D, 0x00, 0x00, 0x00, 0x3E, 0x00, 0x00, 0x1F, 0xF8, 0x00, 0x00, 0x00, 0xB4, 0x00, 0xF0,
    0x01, 0xF0, 0x02, 0xE0, 0x3F, 0xFE, 0x03, 0xC0, 0x07, 0xC0, 0x0B, 0x80, 0x0F, 0x40, 0x0F, 0x00,
    0x1F, 0x0A, 0x1E, 0x1C, 0x0B, 0xE0, 0x07, 0xC0, 0x01, 0xF0, 0x01, 0xF0, 0xFF, 0x90, 0x00, 0x03,
    0xFF, 0xC0, 0x00, 0x00, 0xB8, 0x00, 0x00, 0x00, 0x00, 0x00, 0x00, 0x00, 0x00, 0x00, 0x0B, 0xFF,
    0xFF, 0xFC, 0x0F, 0x03, 0xF0, 0x3C, 0x1C, 0x03, 0xE0, 0x1C, 0x34, 0x07, 0xD0, 0x1C, 0x30, 0x0B,
    0xC0, 0x18, 0x00, 0x0F, 0xC0, 0x00, 0x00, 0x0F, 0x80, 0x00, 0x00, 0x1F, 0x40, 0x00, 0x00, 0x2F,
    0x00, 0x00, 0x00, 0x3F, 0x00, 0x00, 0x00, 0x3E, 0x00, 0x00, 0x00, 0x7D, 0x00, 0x00, 0x00, 0xFC,
    0x00, 0x00, 0x3F, 0xFF, 0xF0, 0x00, 0x00, 0x01, 0xF0, 0x00, 0x0F, 0xD0, 0x0B, 0x6F, 0x00, 0x3C,
    0x24, 0x01, 0xF3, 0x40, 0x0B, 0x80, 0x03, 0xFF, 0xE0, 0x00, 0xF0, 0x00, 0x07, 0xC0, 0x00, 0x2E,
    0x00, 0x00, 0xF4, 0x00, 0x03, 0xC0, 0x00, 0x1F, 0x09, 0x00, 0x78, 0xA0, 0x00, 0xBE, 0x00, 0x00,
    0x00, 0x7F, 0xFF, 0xF4, 0x00, 0x00, 0x00, 0x00, 0x00, 0x00, 0x00, 0x00, 0x00, 0x00, 0x00, 0x00,
    0x00, 0x3F, 0xFF, 0x03, 0xFF, 0x81, 0xF8, 0x00, 0x1C, 0x00, 0xBD, 0x00, 0x0B, 0x00, 0x3F, 0x00,
    0x03, 0x80, 0x0F, 0xC0, 0x00, 0xD0, 0x07, 0xE0, 0x00, 0x70, 0x02, 0xF4, 0x00, 0x2C, 0x00, 0xFC,
    0x00, 0x0E, 0x00, 0x3F, 0x00, 0x03, 0x40, 0x1F, 0x80, 0x01, 0xC0, 0x07, 0xD0, 0x00, 0xE0, 0x00,
    0xF4, 0x00, 0xB0, 0x00, 0x2F, 0x01, 0xF0, 0x00, 0x01, 0xBF, 0x90, 0x00, 0x00, 0x00, 0x7F, 0xFF,
    0x80, 0x00, 0x00, 0x00, 0x00, 0x00, 0x00, 0x2F, 0x00, 0x00, 0x2C, 0xF0, 0x1D, 0x0C, 0x7C, 0x0F,
    0x02, 0x2E, 0x03, 0xC0, 0x0F, 0x02, 0xE0, 0x07, 0xC0, 0xF4, 0x02, 0xE0, 0x3C, 0x00, 0xB8, 0x1F,
    0x28, 0x1E, 0x1F, 0xCC, 0x01, 0xF8, 0x7D, 0x00, 0x00, 0x09, 0x00, 0x80, 0x00, 0x00, 0xBF, 0x80,
    0x00, 0x00, 0x00, 0x00, 0x00, 0x00, 0x00, 0x00, 0x00, 0x3F, 0xFF, 0x03, 0xFF, 0x81, 0xF8, 0x00,
    0x1C, 0x00, 0xBD, 0x00, 0x0B, 0x00, 0x3F, 0x00, 0x03, 0x80, 0x0F, 0xC0, 0x00, 0xD0, 0x07, 0xE0,
    0x00, 0x70, 0x02, 0xF4, 0x00, 0x2C, 0x00, 0xFC, 0x00, 0x0E, 0x00, 0x3F, 0x00, 0x03, 0x40, 0x1F,
    0x80, 0x01, 0xC0, 0x07, 0xD0, 0x00, 0xE0, 0x00, 0xF4, 0x00, 0xB0, 0x00, 0x2F, 0x01, 0xF0, 0x00,
    0x01, 0xBF, 0x90, 0x00, 0x00, 0x00, 0x20, 0x02, 0x00, 0x06, 0x02, 0x80, 0x00, 0xBF, 0x40, 0x00,
    0x00, 0x00, 0x0B, 0xC0, 0x00, 0x0B, 0x3C, 0x07, 0x43, 0x1F, 0x03, 0xC0, 0x8B, 0x80, 0xF0, 0x03,
    0xC0, 0xB8, 0x01, 0xF0, 0x3D, 0x00, 0xB8, 0x0F, 0x00, 0x2E, 0x07, 0xCA, 0x07, 0x87, 0xF3, 0x00,
    0x7E, 0x1F, 0x40, 0x00, 0x00, 0x2F, 0x40, 0x00, 0x00, 0x34, 0x60, 0x00, 0x00, 0x0C, 0x28, 0x00,
    0x00, 0x02, 0xF8, 0x00, 0x00, 0x00, 0x00, 0x00, 0x0F, 0xFF, 0xC0, 0xFF, 0xE0, 0x7E, 0x00, 0x07,
    0x00, 0x2F, 0x40, 0x02, 0xC0, 0x0F, 0xC0, 0x00, 0xE0, 0x03, 0xF0, 0x00, 0x34, 0x01, 0xF8, 0x00,
    0x1C, 0x00, 0xBD, 0x00, 0x0B, 0x00, 0x3F, 0x00, 0x03, 0x80, 0x0F, 0xC0, 0x00, 0xD0, 0x07, 0xE0,
    0x00, 0x70, 0x01, 0xF4, 0x00, 0x38, 0x00, 0x3D, 0x00, 0x2C, 0x00, 0x0B, 0xC0, 0x7C, 0x00, 0x00,
    0x6F, 0xE4, 0x00, 0x00, 0x00, 0x02, 0xF8, 0x00, 0x02, 0x83, 0x00, 0x00, 0xD1, 0xC0, 0x00, 0x1F,
    0x80, 0x0B, 0xC0, 0x00, 0x0B, 0x3C, 0x07, 0x43, 0x1F, 0x03, 0xC0, 0x8B, 0x80, 0xF0, 0x03, 0xC0,
    0xB8, 0x01, 0xF0, 0x3D, 0x00, 0xB8, 0x0F, 0x00, 0x2D, 0x07, 0xCA, 0x07, 0x87, 0xF3, 0x00, 0xBE,
    0x1F, 0x40, 0x00, 0x01, 0xB8, 0x74, 0x00, 0x02, 0xEB, 0xFD, 0x00, 0x00, 0x00, 0x00, 0x00, 0x00,
    0x00, 0x00, 0x00, 0x00, 0x00, 0x00, 0x00, 0x0F, 0xFF, 0xC0, 0xFF, 0xE0, 0x7E, 0x00, 0x07, 0x00,
    0x2F, 0x40, 0x02, 0xC0, 0x0F, 0xC0, 0x00, 0xE0, 0x03, 0xF0, 0x00, 0x34, 0x01, 0xF8, 0x00, 0x1C,
    0x00, 0xBD, 0x00, 0x0B, 0x00, 0x3F, 0x00, 0x03, 0x80, 0x0F, 0xC0, 0x00, 0xD0, 0x07, 0xE0, 0x00,
    0x70, 0x01, 0xF4, 0x00, 0x38, 0x00, 0x3D, 0x00, 0x2C, 0x00, 0x0B, 0xC0, 0x7C, 0x00, 0x00, 0x6F,
    0xE4, 0x00, 0x00, 0x00, 0x00, 0x00, 0x00, 0x00, 0x0F, 0x1E, 0x00, 0x0B, 0xFB, 0xD0, 0x01, 0xD2,
    0x90, 0x00, 0x00, 0x00, 0x00, 0xBC, 0x00, 0x00, 0x2C, 0xF0, 0x2D, 0x03, 0x0F, 0x03, 0xC0, 0x22,
    0xE0, 0x7C, 0x00, 0x3C, 0x0B, 0x80, 0x07, 0xC0, 0xF4, 0x00, 0x7C, 0x0F, 0x00, 0x07, 0x81, 0xF2,
    0x80, 0x3C, 0x7F, 0x30, 0x01, 0xFC, 0x7D, 0x00, 0x00, 0x0B, 0x47, 0x80, 0x00, 0x07, 0xE3, 0xF0,
    0x00, 0x00, 0xF0, 0xB4, 0x00, 0x00, 0x00, 0x00, 0x00, 0x00, 0x00, 0x00, 0x00, 0x1F, 0xFF, 0x40,
    0xBF, 0xD0, 0x7F, 0x00, 0x0B, 0x40, 0x0F, 0xC0, 0x07, 0x00, 0x02, 0xF8, 0x07, 0x00, 0x00, 0x7F,
    0x03, 0x40, 0x00, 0x0F, 0xD3, 0x40, 0x00, 0x02, 0xFB, 0x40, 0x00, 0x00, 0x3F, 0x80, 0x00, 0x00,
    0x0F, 0xC0, 0x00, 0x00, 0x03, 0xE0, 0x00, 0x00, 0x01, 0xF4, 0x00, 0x00, 0x00, 0xBC, 0x00, 0x00,
    0x00, 0x3F, 0x00, 0x00, 0x01, 0xFF, 0xF8, 0x00, 0x00, 0x00, 0x00, 0x02, 0xC0, 0x00, 0x00, 0x2F,
    0xC0, 0x00, 0x00, 0x79, 0x00, 0x00, 0x00, 0x00, 0x00, 0x00, 0x00, 0x00, 0x00, 0x00, 0x3F, 0xFF,
    0xFD, 0x00, 0x7D, 0x01, 0xF8, 0x00, 0xF0, 0x07, 0xF0, 0x00, 0xD0, 0x0F, 0xC0, 0x01, 0xC0, 0x3F,
    0x00, 0x00, 0x00, 0xFC, 0x00, 0x00, 0x03, 0xF4, 0x00, 0x00, 0x0F, 0xD0, 0x00, 0x00, 0x2F, 0x40,
    0x90, 0x00, 0xBE, 0x00, 0xC0, 0x02, 0xF8, 0x01, 0xC0, 0x07, 0xF0, 0x03, 0x80, 0x1F, 0xC0, 0x2F,
    0x40, 0x3F, 0xFF, 0xFF, 0x00, 0x00, 0x00, 0xF0, 0x00, 0x2F, 0x80, 0x02, 0xD0, 0x00, 0x00, 0x00,
    0x00, 0x00, 0x00, 0x07, 0xE1, 0xC0, 0x7F, 0xFD, 0x03, 0x40, 0xD0, 0x00, 0x1D, 0x00, 0x01, 0xD0,
    0x00, 0x2C, 0x00, 0x03, 0x80, 0x2C, 0x2F, 0xFF, 0xD2, 0xC1, 0xFC, 0x00, 0x00, 0x00, 0x07, 0x80,
    0x00, 0x00, 0x0F, 0xC0, 0x00, 0x00, 0x0B, 0x40, 0x00, 0x00, 0x00, 0x00, 0x00, 0x00, 0x00, 0x00,
    0x00, 0x3F, 0xFF, 0xFD, 0x00, 0x7D, 0x01, 0xF8, 0x00, 0xF0, 0x07, 0xF0, 0x00, 0xD0, 0x0F, 0xC0,
    0x01, 0xC0, 0x3F, 0x00, 0x00, 0x00, 0xFC, 0x00, 0x00, 0x03, 0xF4, 0x00, 0x00, 0x0F, 0xD0, 0x00,
    0x00, 0x2F, 0x40, 0x90, 0x00, 0xBE, 0x00, 0xC0, 0x01, 0xF8, 0x01, 0xC0, 0x07, 0xF0, 0x03, 0x80,
    0x1F, 0xC0, 0x2F, 0x40, 0x3F, 0xFF, 0xFF, 0x00, 0x00, 0x03, 0xC0, 0x00, 0x1E, 0x00, 0x00, 0x00,
    0x00, 0x00, 0x00, 0x00, 0x00, 0x00, 0x07, 0xE1, 0xC0, 0x7F, 0xFD, 0x03, 0x40, 0xD0, 0x00, 0x1D,
    0x00, 0x01, 0xD0, 0x00, 0x2C, 0x00, 0x03, 0x80, 0x2C, 0x2F, 0xFF, 0xD2, 0xC1, 0xFC, 0x00, 0x00,
    0x01, 0xFF, 0xE0, 0x00, 0x00, 0x2E, 0x00, 0x00, 0x00, 0x00, 0x00, 0x00, 0x00, 0x00, 0x00, 0x00,
    0x3F, 0xFF, 0xFD, 0x00, 0x7D, 0x01, 0xF8, 0x00, 0xF0, 0x07, 0xF0, 0x00, 0xD0, 0x0F, 0xC0, 0x01,
    0xC0, 0x3F, 0x00, 0x00, 0x00, 0xFC, 0x00, 0x00, 0x03, 0xF4, 0x00, 0x00, 0x0F, 0xD0, 0x00, 0x00,
    0x2F, 0x40, 0x90, 0x00, 0xBE, 0x00, 0xC0, 0x01, 0xF8, 0x01, 0xC0, 0x07, 0xF0, 0x03, 0x80, 0x1F,
    0xC0, 0x2F, 0x40, 0x3F, 0xFF, 0xFF, 0x00, 0x00, 0x50, 0x08, 0x00, 0x38, 0xB4, 0x00, 0x1F, 0xC0,
    0x00, 0x0A, 0x00, 0x00, 0x00, 0x00, 0x01, 0xF8, 0x70, 0x07, 0xFF, 0xD0, 0x0D, 0x03, 0x40, 0x00,
    0x1D, 0x00, 0x00, 0x70, 0x00, 0x02, 0x80, 0x00, 0x0A, 0x00, 0xB0, 0x2F, 0xFF, 0xD0, 0x70, 0x7F,
    0x00, 0x00, 0x00, 0x09, 0x00, 0x00, 0x00, 0x2F, 0x80, 0x00, 0x00, 0x0B, 0xD0, 0x00, 0x00, 0x00,
    0x00, 0x00, 0x00, 0x00, 0x00, 0x00, 0xFF, 0xFF, 0xFF, 0x00, 0x1F, 0x80, 0x1F, 0x00, 0x2F, 0x40,
    0x0E, 0x00, 0x3F, 0x00, 0x0A, 0x00, 0x3F, 0x06, 0x09, 0x00, 0x7E, 0x0E, 0x00, 0x00, 0xBF, 0xFD,
    0x00, 0x00, 0xFC, 0x2C, 0x00, 0x00, 0xFC, 0x1C, 0x08, 0x01, 0xF8, 0x00, 0x28, 0x02, 0xF4, 0x00,
    0x30, 0x03, 0xF0, 0x00, 0xE0, 0x03, 0xF0, 0x07, 0xD0, 0x7F, 0xFF, 0xFF, 0xC0, 0x00, 0x00, 0xB8,
    0x7C, 0x00, 0x00, 0xFC, 0xFC, 0x00, 0x00, 0xF0, 0xB4, 0x00, 0x00, 0x00, 0x00, 0x00, 0x00, 0x00,
    0x00, 0x00, 0xFF, 0xFF, 0xFF, 0x00, 0x1F, 0x80, 0x1F, 0x00, 0x2F, 0x40, 0x0E, 0x00, 0x3F, 0x00,
    0x0A, 0x00, 0x3F, 0x06, 0x09, 0x00, 0x7E, 0x0E, 0x00, 0x00, 0xBF, 0xFD, 0x00, 0x00, 0xFC, 0x2C,
    0x00, 0x00, 0xFC, 0x1C, 0x08, 0x01, 0xF8, 0x00, 0x28, 0x02, 0xF4, 0x00, 0x30, 0x03, 0xF0, 0x00,
    0xE0, 0x03, 0xF0, 0x07, 0xD0, 0x7F, 0xFF, 0xFF, 0xC0, 0x0B, 0xFF, 0xFF, 0xFC, 0x00, 0xF0, 0x3F,
    0x01, 0xC0, 0x1C, 0x03, 0xE0, 0x0C, 0x03, 0x40, 0x7D, 0x00, 0x00, 0x20, 0x0B, 0xC2, 0xFE, 0x40,
    0x00, 0xFD, 0xD0, 0x7C, 0x00, 0x0F, 0xE0, 0x03, 0xD0, 0x01, 0xF8, 0x00, 0x7C, 0x00, 0x2F, 0x00,
    0x0B, 0xC0, 0x03, 0xF0, 0x00, 0xF8, 0x00, 0x3E, 0x1F, 0x1F, 0x40, 0x07, 0xD3, 0xF2, 0xF0, 0x00,
    0xFC, 0x3E, 0x7C, 0x03, 0xFF, 0xF1, 0xFE, 0x00, 0x00, 0x00, 0x00, 0xA0, 0x00, 0x00, 0x1F, 0xC0,
    0x00, 0x02, 0xF9, 0x00, 0x00, 0x00, 0x00, 0x00, 0x00, 0x00, 0x00, 0x03, 0xFF, 0xFF, 0xF0, 0x01,
    0xF8, 0x07, 0xC0, 0x0B, 0xD0, 0x0A, 0x00, 0x3F, 0x00, 0x28, 0x00, 0xFC, 0x00, 0x90, 0x07, 0xE0,
    0x00, 0x00, 0x2F, 0x40, 0x00, 0x00, 0xFC, 0x00, 0x00, 0x03, 0xF0, 0x00, 0x00, 0x1F, 0x80, 0x00,
    0x00, 0xBD, 0x00, 0x00, 0x03, 0xF0, 0x00, 0x00, 0x0F, 0xC0, 0x00, 0x0B, 0xFF, 0xF0, 0x00, 0x00,
    0x00, 0x06, 0xFF, 0x87, 0x00, 0x1F, 0x90, 0x2F, 0xC0, 0x2F, 0x40, 0x03, 0xE0, 0x2F, 0x40, 0x00,
    0x74, 0x1F, 0x80, 0x00, 0x1C, 0x0F, 0xC0, 0x00, 0x00, 0x07, 0xFF, 0xF8, 0x20, 0x02, 0xF8, 0x2F,
    0x90, 0x00, 0xBD, 0x00, 0x00, 0x00, 0x2F, 0x40, 0x00, 0x00, 0x07, 0xE0, 0x00, 0x0D, 0x00, 0xFC,
    0x00, 0x0B, 0x00, 0x0F, 0xD0, 0x1E, 0x00, 0x00, 0x6F, 0xF8, 0x00, 0x00, 0x00, 0x07, 0xF8, 0x60,
    0x03, 0xD0, 0xBD, 0x00, 0xF0, 0x02, 0xC0, 0x1E, 0x00, 0x2C, 0x02, 0xF0, 0x01, 0x80, 0x2F, 0xE4,
    0x00, 0x00, 0xFF, 0xF8, 0x00, 0x02, 0xFF, 0xE0, 0x00, 0x00, 0x7F, 0x00, 0xC0, 0x01, 0xF0, 0x1C,
    0x00, 0x1E, 0x02, 0xD0, 0x03, 0xC0, 0x3F, 0x40, 0xF0, 0x03, 0x1B, 0xF8, 0x00, 0x01, 0xFF, 0xFC,
    0x00, 0x1F, 0x80, 0x00, 0x2F, 0x40, 0x00, 0x3F, 0x00, 0x00, 0x3F, 0x00, 0x00, 0x7E, 0x00, 0x00,
    0xBD, 0x00, 0x00, 0xFC, 0x00, 0x00, 0xFC, 0x00, 0x01, 0xF8, 0x00, 0x02, 0xF4, 0x00, 0x03, 0xF0,
    0x00, 0x03, 0xF0, 0x00, 0xBF, 0xFF, 0x00, 0x00, 0x2D, 0x1E, 0x00, 0x7E, 0x3F, 0x00, 0x3C, 0x3D,
    0x00, 0x00, 0x00, 0x00, 0x00, 0x00, 0x01, 0xFF, 0xFC, 0x00, 0x1F, 0x80, 0x00, 0x2F, 0x40, 0x00,
    0x3F, 0x00, 0x00, 0x3F, 0x00, 0x00, 0x7E, 0x00, 0x00, 0xBD, 0x00, 0x00, 0xFC, 0x00, 0x00, 0xFC,
    0x00, 0x01, 0xF8, 0x00, 0x02, 0xF4, 0x00, 0x03, 0xF0, 0x00, 0x03, 0xF0, 0x00, 0xBF, 0xFF, 0x00,
    0x00, 0x00, 0x00, 0x00, 0x00, 0xFF, 0xFD, 0x00, 0x00, 0x7E, 0x00, 0x00, 0x0B, 0xC0, 0x00, 0x00,
    0xFC, 0x00, 0x00, 0x0F, 0x80, 0x00, 0x01, 0xF4, 0x00, 0x00, 0x2F, 0x00, 0x00, 0x03, 0xF0, 0x00,
    0x00, 0x3E, 0x00, 0x00, 0x07, 0xD0, 0x02, 0xD0, 0xFC, 0x00, 0x7E, 0x0F, 0x80, 0x07, 0x83, 0xF0,
    0x00, 0x1F, 0xF4, 0x00, 0x00, 0x00, 0x03, 0xFF, 0xFF, 0xFF, 0x00, 0x00, 0x00, 0x70, 0x07, 0xD0,
    0x00, 0x00, 0x00, 0xA0, 0x0B, 0xC0, 0x00, 0x00, 0x00, 0xD0, 0x0F, 0xC0, 0x00, 0x00, 0x00, 0xC0,
    0x0F, 0x80, 0x00, 0x00, 0x01, 0xC0, 0x1F, 0x40, 0x00, 0x00, 0x02, 0x40, 0x2F, 0xFF, 0xE0, 0x00,
    0x03, 0x00, 0x3F, 0x00, 0xFC, 0x00, 0x07, 0x00, 0x3E, 0x00, 0xBD, 0x00, 0x0D, 0x00, 0x7D, 0x00,
    0xBD, 0x2E, 0x0C, 0x00, 0xBC, 0x00, 0xFC, 0x3F, 0x38, 0x00, 0xFC, 0x01, 0xF8, 0x3D, 0xB0, 0x01,
    0xF8, 0x07, 0xE0, 0x2F, 0x80, 0x2F, 0xFF, 0xFF, 0x40, 0x00, 0x00, 0x00, 0x00, 0x00, 0x00, 0x00,
    0xFF, 0xFC, 0x7F, 0xFF, 0x00, 0x00, 0x1F, 0x80, 0x07, 0xD0, 0x00, 0x00, 0x2F, 0x40, 0x0B, 0xC0,
    0x00, 0x00, 0x3F, 0x00, 0x0F, 0xC0, 0x00, 0x00, 0x3F, 0x00, 0x0F, 0x80, 0x00, 0x00, 0x7E, 0x00,
    0x2F, 0x40, 0x00, 0x00, 0xBF, 0xFF, 0xFF, 0xFF, 0xE0, 0x00, 0xFC, 0x00, 0x3F, 0x00, 0xFC, 0x00,
    0xFC, 0x00, 0x7E, 0x00, 0xBD, 0x01, 0xF8, 0x00, 0xBD, 0x00, 0xBD, 0x02, 0xF4, 0x00, 0xFC, 0x00,
    0xFC, 0x03, 0xF0, 0x00, 0xFC, 0x01, 0xF8, 0x03, 0xF0, 0x01, 0xF8, 0x07, 0xE0, 0xBF, 0xFE, 0x2F,
    0xFF, 0xFF, 0x40, 0x0B, 0xFF, 0xFF, 0xF8, 0x38, 0x3F, 0x00, 0xE2, 0xC0, 0xFC, 0x02, 0x4D, 0x07,
    0xE0, 0x00, 0x00, 0x2F, 0x5F, 0xE0, 0x00, 0xFD, 0x83, 0xD0, 0x03, 0xF4, 0x0B, 0x80, 0x1F, 0x80,
    0x3D, 0x00, 0xBD, 0x00, 0xF0, 0x03, 0xF0, 0x07, 0xC0, 0x0F, 0xC0, 0x2E, 0x00, 0x7E, 0x00, 0xF4,
    0x02, 0xF4, 0x03, 0xC0, 0xFF, 0xF8, 0xFF, 0xE0, 0x00, 0x00, 0x00, 0x0E, 0x00, 0x00, 0x00, 0x00,
    0xBF, 0x00, 0x00, 0x00, 0x02, 0xF8, 0x00, 0x00, 0x00, 0x00, 0x00, 0x00, 0x00, 0x00, 0x00, 0x00,
    0x00, 0x00, 0xFF, 0xFC, 0x0F, 0xFC, 0x00, 0x1F, 0x80, 0x03, 0x80, 0x00, 0x2F, 0x40, 0x1D, 0x00,
    0x00, 0x3F, 0x00, 0xB0, 0x00, 0x00, 0x3F, 0x07, 0x80, 0x00, 0x00, 0x7E, 0x2D, 0x00, 0x00, 0x00,
    0xBD, 0xFF, 0x00, 0x00, 0x00, 0xFF, 0x7F, 0x00, 0x00, 0x00, 0xFC, 0x1F, 0x80, 0x00, 0x01, 0xF8,
    0x0F, 0xC0, 0x00, 0x02, 0xF4, 0x07, 0xE0, 0x00, 0x03, 0xF0, 0x03, 0xF0, 0x00, 0x03, 0xF0, 0x02,
    0xF8, 0x00, 0x7F, 0xFE, 0x0F, 0xFF, 0x00, 0x00, 0x00, 0x02, 0x40, 0x00, 0x00, 0x00, 0x07, 0xE0,
    0x00, 0x00, 0x00, 0x02, 0xF8, 0x00, 0x00, 0x00, 0x00, 0x00, 0x00, 0x00, 0x00, 0x00, 0x00, 0x00,
    0x00, 0xFF, 0xFC, 0x7F, 0xFF, 0x00, 0x1F, 0x80, 0x0B, 0xD0, 0x00, 0x2F, 0x40, 0x2F, 0xC0, 0x00,
    0x3F, 0x00, 0x6F, 0xC0, 0x00, 0x3F, 0x01, 0xDF, 0x80, 0x00, 0x7E, 0x07, 0x2F, 0x40, 0x00, 0xBD,
    0x0C, 0x3F, 0x00, 0x00, 0xFC, 0x34, 0x3F, 0x00, 0x00, 0xFC, 0xD0, 0x7E, 0x00, 0x01, 0xFA, 0x80,
    0xBD, 0x00, 0x02, 0xFF, 0x00, 0xFC, 0x00, 0x03, 0xFC, 0x00, 0xFC, 0x00, 0x03, 0xF0, 0x01, 0xF8,
    0x00, 0x7F, 0xFE, 0x2F, 0xFF, 0x80, 0x00, 0x02, 0xE0, 0x00, 0x00, 0x00, 0xF4, 0x18, 0x00, 0x00,
    0x2F, 0xF8, 0x00, 0x00, 0x00, 0x00, 0x00, 0x00, 0x00, 0x00, 0x00, 0x0F, 0xFF, 0x40, 0xBF, 0xD0,
    0x7F, 0x00, 0x07, 0x40, 0x0F, 0xC0, 0x03, 0x80, 0x02, 0xF8, 0x01, 0xC0, 0x00, 0x3F, 0x00, 0xD0,
    0x00, 0x0F, 0xD0, 0xA0, 0x00, 0x01, 0xF8, 0x70, 0x00, 0x00, 0x3F, 0x34, 0x00, 0x00, 0x0B, 0xFC,
    0x00, 0x00, 0x00, 0xFC, 0x00, 0x00, 0xB8, 0x3D, 0x00, 0x00, 0x7E, 0x0A, 0x00, 0x00, 0x1F, 0x1E,
    0x00, 0x00, 0x02, 0xF9, 0x00, 0x00, 0x00, 0x00, 0x00, 0x00, 0x00, 0x00, 0x00, 0xFF, 0xFC, 0x7F,
    0xFF, 0x00, 0x1F, 0x80, 0x07, 0xD0, 0x00, 0x2F, 0x40, 0x0B, 0xC0, 0x00, 0x3F, 0x00, 0x0F, 0xC0,
    0x00, 0x3F, 0x00, 0x0F, 0x80, 0x00, 0x7E, 0x00, 0x1F, 0x40, 0x00, 0xBD, 0x00, 0x2F, 0x00, 0x00,
    0xFC, 0x00, 0x3F, 0x00, 0x00, 0xFC, 0x00, 0x3E, 0x00, 0x01, 0xF8, 0x00, 0x7D, 0x00, 0x02, 0xF4,
    0x00, 0xBC, 0x00, 0x03, 0xF0, 0x00, 0xFC, 0x00, 0x03, 0xF0, 0x01, 0xF8, 0x00, 0x7F, 0xFF, 0xFF,
    0xFF, 0x80, 0x00, 0x03, 0xD0, 0x00, 0x00, 0x00, 0x03, 0xC0, 0x00, 0x00, 0x00, 0x03, 0x40, 0x00,
    0x00, 0x00, 0x03, 0x00, 0x00, 0x00, 0x00, 0x00, 0x03, 0x80, 0x00, 0x00, 0x0F, 0x80, 0x00, 0x00,
    0x2F, 0xC0, 0x00, 0x00, 0x3F, 0xC0, 0x00, 0x00, 0xCF, 0xC0, 0x00, 0x01, 0x8F, 0xC0, 0x00, 0x03,
    0x0B, 0xC0, 0x00, 0x0D, 0x0B, 0xD0, 0x00, 0x1C, 0x07, 0xD0, 0x00, 0x3F, 0xFF, 0xE0, 0x00, 0xA0,
    0x03, 0xE0, 0x01, 0xC0, 0x03, 0xF0, 0x07, 0x40, 0x03, 0xF0, 0x7F, 0xF0, 0x3F, 0xFE, 0x00, 0xFF,
    0xFF, 0xFF, 0x00, 0x1F, 0x40, 0x1F, 0x00, 0x2F, 0x00, 0x0A, 0x00, 0x3F, 0x00, 0x0A, 0x00, 0x3E,
    0x00, 0x09, 0x00, 0x7D, 0x00, 0x00, 0x00, 0xBF, 0xFF, 0xE0, 0x00, 0xFC, 0x01, 0xFC, 0x00, 0xF8,
    0x00, 0xBD, 0x01, 0xF4, 0x00, 0xBD, 0x02, 0xF0, 0x00, 0xFC, 0x03, 0xF0, 0x01, 0xF8, 0x03, 0xE0,
    0x0B, 0xE0, 0x7F, 0xFF, 0xFE, 0x40, 0x00, 0xFF, 0xFF, 0xF8, 0x00, 0x07, 0xD0, 0x0F, 0xC0, 0x02,
    0xF0, 0x01, 0xF4, 0x00, 0xFC, 0x00, 0xBD, 0x00, 0x3E, 0x00, 0x3E, 0x00, 0x1F, 0x40, 0x7E, 0x00,
    0x0B, 0xFF, 0xFD, 0x00, 0x03, 0xF0, 0x03, 0xD0, 0x00, 0xF8, 0x00, 0xBC, 0x00, 0x7D, 0x00, 0x2F,
    0x40, 0x2F, 0x00, 0x0F, 0xC0, 0x0F, 0xC0, 0x07, 0xE0, 0x03, 0xE0, 0x07, 0xE0, 0x1F, 0xFF, 0xFF,
    0x90, 0x00, 0x00, 0xFF, 0xFF, 0xFC, 0x00, 0x7E, 0x01, 0xF0, 0x02, 0xF4, 0x02, 0x80, 0x0F, 0xC0,
    0x0A, 0x00, 0x3F, 0x00, 0x24, 0x01, 0xF8, 0x00, 0x00, 0x0B, 0xD0, 0x00, 0x00, 0x3F, 0x00, 0x00,
    0x00, 0xFC, 0x00, 0x00, 0x07, 0xE0, 0x00, 0x00, 0x2F, 0x40, 0x00, 0x00, 0xFC, 0x00, 0x00, 0x03,
    0xF0, 0x00, 0x02, 0xFF, 0xFC, 0x00, 0x00, 0x00, 0x00, 0x3F, 0xFF, 0xFF, 0xF0, 0x00, 0x00, 0x70,
    0x07, 0xD0, 0x00, 0x00, 0x0A, 0x00, 0xBC, 0x00, 0x00, 0x00, 0xD0, 0x0F, 0xC0, 0x00, 0x00, 0x0C,
    0x00, 0xF8, 0x00, 0x00, 0x02, 0x80, 0x1F, 0x40, 0x00, 0x00, 0x30, 0x02, 0xF0, 0x00, 0x00, 0x06,
    0x00, 0x3F, 0x00, 0x00, 0x00, 0xC0, 0x03, 0xE0, 0x00, 0x00, 0x28, 0x00, 0x7D, 0x00, 0x00, 0x07,
    0x00, 0x0B, 0xC0, 0x00, 0x01, 0xC0, 0x00, 0xFC, 0x00, 0x00, 0x74, 0x00, 0x0F, 0x80, 0x00, 0xFF,
    0xFF, 0xFF, 0xFF, 0xC0, 0x1F, 0x40, 0x00, 0x00, 0x7C, 0x02, 0xC0, 0x00, 0x00, 0x02, 0x80, 0x30,
    0x00, 0x00, 0x00, 0x28, 0x06, 0x00, 0x00, 0x00, 0x02, 0x40, 0x00, 0xFF, 0xFF, 0xFF, 0x00, 0x1F,
    0x80, 0x1F, 0x00, 0x2F, 0x40, 0x0E, 0x00, 0x3F, 0x00, 0x0A, 0x00, 0x3F, 0x06, 0x09, 0x00, 0x7E,
    0x0E, 0x00, 0x00, 0xBF, 0xFD, 0x00, 0x00, 0xFC, 0x2C, 0x00, 0x00, 0xFC, 0x1C, 0x08, 0x01, 0xF8,
    0x00, 0x28, 0x02, 0xF4, 0x00, 0x30, 0x03, 0xF0, 0x00, 0xE0, 0x03, 0xF0, 0x07, 0xD0, 0x7F, 0xFF,
    0xFF, 0xC0, 0x00, 0xBF, 0xE0, 0x7F, 0xFF, 0x03, 0xFF, 0x00, 0x02, 0xD0, 0x01, 0xF4, 0x00, 0x78,
    0x00, 0x00, 0x2C, 0x00, 0xBC, 0x00, 0xB4, 0x00, 0x00, 0x03, 0xC0, 0x3F, 0x00, 0xF0, 0x00, 0x00,
    0x00, 0x3C, 0x0F, 0x81, 0xD0, 0x00, 0x00, 0x00, 0x07, 0x87, 0xD2, 0xD0, 0x00, 0x00, 0x00, 0x03,
    0xF6, 0xF7, 0xF8, 0x00, 0x00, 0x00, 0x03, 0xF7, 0xFF, 0x7F, 0x00, 0x00, 0x00, 0x03, 0xF0, 0xBF,
    0x07, 0xE0, 0x00, 0x00, 0x03, 0xF0, 0x1F, 0x40, 0xFC, 0x00, 0x00, 0x03, 0xF0, 0x0B, 0xC0, 0x2F,
    0x40, 0x00, 0x03, 0xF0, 0x03, 0xF0, 0x03, 0xF0, 0x00, 0x03, 0xF0, 0x01, 0xF8, 0x00, 0xBD, 0x00,
    0x0F, 0xFF, 0x0B, 0xFF, 0xE0, 0xFF, 0xF0, 0x00, 0x01, 0xCB, 0xFE, 0x00, 0x2F, 0x40, 0xFC, 0x03,
    0xC0, 0x07, 0xD0, 0x70, 0x00, 0x7D, 0x00, 0x00, 0x0F, 0xC0, 0x00, 0x07, 0xE0, 0x00, 0x3F, 0xF0,
    0x00, 0x00, 0x07, 0xD0, 0x00, 0x00, 0x2F, 0x00, 0x00, 0x02, 0xF4, 0x70, 0x00, 0x3F, 0x07, 0x00,
    0x0B, 0xE0, 0x38, 0x02, 0xF4, 0x00, 0xBF, 0xE4, 0x00, 0x00, 0xFF, 0xFC, 0x7F, 0xFF, 0x00, 0x1F,
    0x80, 0x0B, 0xD0, 0x00, 0x2F, 0x40, 0x2F, 0xC0, 0x00, 0x3F, 0x00, 0x6F, 0xC0, 0x00, 0x3F, 0x01,
    0xDF, 0x80, 0x00, 0x7E, 0x07, 0x2F, 0x40, 0x00, 0xBD, 0x0C, 0x3F, 0x00, 0x00, 0xFC, 0x34, 0x3F,
    0x00, 0x00, 0xFC, 0xD0, 0x7E, 0x00, 0x01, 0xFA, 0x80, 0xBD, 0x00, 0x02, 0xFF, 0x00, 0xFC, 0x00,
    0x03, 0xFC, 0x00, 0xFC, 0x00, 0x03, 0xF0, 0x01, 0xF8, 0x00, 0x7F, 0xFE, 0x2F, 0xFF, 0x80, 0x00,
    0x00, 0x1F, 0x00, 0x00, 0x00, 0x00, 0x2E, 0x02, 0x40, 0x00, 0x00, 0x1F, 0xFD, 0x00, 0x00, 0x00,
    0x00, 0x00, 0x00, 0x00, 0x00, 0x00, 0x00, 0x00, 0x00, 0xFF, 0xFC, 0x7F, 0xFF, 0x00, 0x1F, 0x80,
    0x0B, 0xD0, 0x00, 0x2F, 0x40, 0x2F, 0xC0, 0x00, 0x3F, 0x00, 0x6F, 0xC0, 0x00, 0x3F, 0x01, 0xDF,
    0x80, 0x00, 0x7E, 0x07, 0x2F, 0x40, 0x00, 0xBD, 0x0C, 0x3F, 0x00, 0x00, 0xFC, 0x34, 0x3F, 0x00,
    0x00, 0xFC, 0xD0, 0x7E, 0x00, 0x01, 0xFA, 0x80, 0xBD, 0x00, 0x02, 0xFF, 0x00, 0xFC, 0x00, 0x03,
    0xFC, 0x00, 0xFC, 0x00, 0x03, 0xF0, 0x01, 0xF8, 0x00, 0x7F, 0xFE, 0x2F, 0xFF, 0x80, 0x00, 0xFF,
    0xFC, 0x0F, 0xFC, 0x00, 0x1F, 0x80, 0x03, 0x80, 0x00, 0x2F, 0x40, 0x1D, 0x00, 0x00, 0x3F, 0x00,
    0xB0, 0x00, 0x00, 0x3F, 0x07, 0x80, 0x00, 0x00, 0x7E, 0x2D, 0x00, 0x00, 0x00, 0xBD, 0xFF, 0x00,
    0x00, 0x00, 0xFF, 0x7F, 0x00, 0x00, 0x00, 0xFC, 0x1F, 0x80, 0x00, 0x01, 0xF8, 0x0F, 0xC0, 0x00,
    0x02, 0xF4, 0x07, 0xE0, 0x00, 0x03, 0xF0, 0x03, 0xF0, 0x00, 0x03, 0xF0, 0x02, 0xF8, 0x00, 0x7F,
    0xFE, 0x0F, 0xFF, 0x00, 0x00, 0x03, 0xFF, 0xFF, 0xFF, 0x00, 0x00, 0x70, 0x07, 0xD0, 0x00, 0x00,
    0xA0, 0x0B, 0xC0, 0x00, 0x00, 0xD0, 0x0F, 0xC0, 0x00, 0x00, 0xC0, 0x0F, 0x80, 0x00, 0x01, 0xC0,
    0x1F, 0x40, 0x00, 0x03, 0x40, 0x2F, 0x00, 0x00, 0x03, 0x00, 0x3F, 0x00, 0x00, 0x07, 0x00, 0x3E,
    0x00, 0x00, 0x0D, 0x00, 0x7D, 0x00, 0x2E, 0x1C, 0x00, 0xBC, 0x00, 0x3F, 0x34, 0x00, 0xFC, 0x00,
    0x3D, 0xA0, 0x01, 0xF8, 0x00, 0x2F, 0x80, 0x2F, 0xFF, 0x80, 0x00, 0x00, 0x00, 0x00, 0x00, 0x00,
    0xFF, 0xD0, 0x00, 0x0B, 0xFE, 0x00, 0x1F, 0xD0, 0x00, 0x1F, 0xC0, 0x00, 0x2B, 0xE0, 0x00, 0x3B,
    0xC0, 0x00, 0x36, 0xF0, 0x00, 0xCF, 0x80, 0x00, 0x31, 0xF0, 0x02, 0x8F, 0x40, 0x00, 0x71, 0xF0,
    0x03, 0x1F, 0x00, 0x00, 0xA0, 0xF0, 0x0C, 0x2F, 0x00, 0x00, 0xD0, 0xF4, 0x28, 0x3E, 0x00, 0x00,
    0xC0, 0xF8, 0x70, 0x3D, 0x00, 0x01, 0xC0, 0xB8, 0xC0, 0x7C, 0x00, 0x02, 0x80, 0xBE, 0x40, 0xBC,
    0x00, 0x03, 0x40, 0x7F, 0x00, 0xF8, 0x00, 0x07, 0x40, 0x3C, 0x00, 0xF4, 0x00, 0xBF, 0xF0, 0x34,
    0x2F, 0xFF, 0x00, 0x00, 0xFF, 0xFC, 0x7F, 0xFF, 0x00, 0x1F, 0x80, 0x07, 0xD0, 0x00, 0x2F, 0x40,
    0x0B, 0xC0, 0x00, 0x3F, 0x00, 0x0F, 0xC0, 0x00, 0x3F, 0x00, 0x0F, 0x80, 0x00, 0x7E, 0x00, 0x2F,
    0x40, 0x00, 0xBF, 0xFF, 0xFF, 0x00, 0x00, 0xFC, 0x00, 0x3F, 0x00, 0x00, 0xFC, 0x00, 0x7E, 0x00,
    0x01, 0xF8, 0x00, 0xBD, 0x00, 0x02, 0xF4, 0x00, 0xFC, 0x00, 0x03, 0xF0, 0x00, 0xFC, 0x00, 0x03,
    0xF0, 0x01, 0xF8, 0x00, 0x7F, 0xFE, 0x2F, 0xFF, 0x80, 0x00, 0x06, 0xFE, 0x40, 0x00, 0x7D, 0x02,
    0xF0, 0x02, 0xF0, 0x00, 0xF8, 0x0B, 0xC0, 0x00, 0xBC, 0x0F, 0x80, 0x00, 0xBC, 0x2F, 0x00, 0x00,
    0xFC, 0x3F, 0x00, 0x00, 0xFC, 0x7E, 0x00, 0x01, 0xF8, 0xBD, 0x00, 0x02, 0xF4, 0xBD, 0x00, 0x03,
    0xF0, 0x7D, 0x00, 0x0B, 0xC0, 0x3E, 0x00, 0x2F, 0x00, 0x1F, 0x41, 0xBC, 0x00, 0x02, 0xFF, 0x90,
    0x00, 0x00, 0xFF, 0xEA, 0xAF, 0xFF, 0x00, 0x1F, 0x80, 0x07, 0xE0, 0x00, 0x2F, 0x40, 0x0B, 0xC0,
    0x00, 0x3F, 0x00, 0x0F, 0xC0, 0x00, 0x3F, 0x00, 0x0F, 0x80, 0x00, 0x7E, 0x00, 0x1F, 0x40, 0x00,
    0xBD, 0x00, 0x2F, 0x00, 0x00, 0xFC, 0x00, 0x3F, 0x00, 0x00, 0xFC, 0x00, 0x3E, 0x00, 0x01, 0xF8,
    0x00, 0x7D, 0x00, 0x02, 0xF4, 0x00, 0xBC, 0x00, 0x03, 0xF0, 0x00, 0xFC, 0x00, 0x03, 0xF0, 0x01,
    0xF8, 0x00, 0x7F, 0xFE, 0x2F, 0xFF, 0x80, 0x00, 0xFF, 0xFF, 0xF4, 0x00, 0x07, 0xD0, 0x1F, 0xC0,
    0x02, 0xF0, 0x02, 0xF0, 0x00, 0xFC, 0x00, 0xBD, 0x00, 0x3E, 0x00, 0x3F, 0x00, 0x1F, 0x40, 0x1F,
    0x40, 0x0B, 0xC0, 0x1F, 0x80, 0x03, 0xFF, 0xFE, 0x00, 0x00, 0xFC, 0x00, 0x00, 0x00, 0x7E, 0x00,
    0x00, 0x00, 0x2F, 0x40, 0x00, 0x00, 0x0F, 0xC0, 0x00, 0x00, 0x03, 0xF0, 0x00, 0x00, 0x2F, 0xFF,
    0x80, 0x00, 0x00, 0x00, 0x00, 0x00, 0x00, 0x00, 0x06, 0xFF, 0x47, 0x00, 0x1F, 0x90, 0x2F, 0xC0,
    0x2F, 0x40, 0x03, 0xE0, 0x2F, 0x40, 0x00, 0xB0, 0x0F, 0x80, 0x00, 0x1C, 0x0F, 0xC0, 0x00, 0x01,
    0x03, 0xF0, 0x00, 0x00, 0x01, 0xF8, 0x00, 0x00, 0x00, 0xBD, 0x00, 0x00, 0x00, 0x2F, 0x40, 0x00,
    0x28, 0x07, 0xD0, 0x00, 0x0C, 0x00, 0xF8, 0x00, 0x0D, 0x00, 0x0F, 0x90, 0x2D, 0x00, 0x00, 0x7F,
    0xE4, 0x00, 0x00, 0x0B, 0xFF, 0xFF, 0xFC, 0x0F, 0x03, 0xF0, 0x2C, 0x1C, 0x03, 0xE0, 0x1C, 0x38,
    0x07, 0xD0, 0x1C, 0x30, 0x0B, 0xC0, 0x18, 0x00, 0x0F, 0xC0, 0x00, 0x00, 0x0F, 0x80, 0x00, 0x00,
    0x1F, 0x40, 0x00, 0x00, 0x2F, 0x00, 0x00, 0x00, 0x3F, 0x00, 0x00, 0x00, 0x3E, 0x00, 0x00, 0x00,
    0x7D, 0x00, 0x00, 0x00, 0xFC, 0x00, 0x00, 0x3F, 0xFF, 0xF0, 0x00, 0x00, 0x00, 0x00, 0x00, 0x0F,
    0xFF, 0x40, 0xBF, 0xD0, 0x7F, 0x00, 0x07, 0x40, 0x0F, 0xC0, 0x03, 0x80, 0x02, 0xF8, 0x01, 0xC0,
    0x00, 0x3F, 0x00, 0xD0, 0x00, 0x0F, 0xD0, 0xA0, 0x00, 0x01, 0xF8, 0x70, 0x00, 0x00, 0x3F, 0x34,
    0x00, 0x00, 0x0B, 0xFC, 0x00, 0x00, 0x00, 0xFC, 0x00, 0x00, 0xB8, 0x3D, 0x00, 0x00, 0x7E, 0x0A,
    0x00, 0x00, 0x1F, 0x1E, 0x00, 0x00, 0x02, 0xF9, 0x00, 0x00, 0x00, 0x00, 0x0B, 0xFF, 0xF4, 0x00,
    0x00, 0x0F, 0x40, 0x00, 0x02, 0xFF, 0xFE, 0x40, 0x0F, 0xD2, 0xF1, 0xFC, 0x0F, 0xC0, 0xF8, 0x0F,
    0x8B, 0xC0, 0x3D, 0x03, 0xF3, 0xF0, 0x1F, 0x00, 0xFD, 0xF8, 0x0B, 0xC0, 0x7E, 0x7D, 0x03, 0xE0,
    0x2F, 0x0F, 0x80, 0xF4, 0x1F, 0x82, 0xF4, 0x7D, 0x2F, 0x40, 0x1B, 0xFF, 0xF9, 0x00, 0x00, 0x0F,
    0x80, 0x00, 0x00, 0xFF, 0xFF, 0x00, 0x00, 0x00, 0xFF, 0xFC, 0xBF, 0xF4, 0x00, 0x3F, 0x40, 0x78,
    0x00, 0x00, 0x7E, 0x03, 0x40, 0x00, 0x00, 0xFC, 0x38, 0x00, 0x00, 0x02, 0xFB, 0x80, 0x00, 0x00,
    0x03, 0xF8, 0x00, 0x00, 0x00, 0x0F, 0xD0, 0x00, 0x00, 0x00, 0x3F, 0xC0, 0x00, 0x00, 0x03, 0xBF,
    0x00, 0x00, 0x00, 0x2C, 0xBE, 0x00, 0x00, 0x02, 0xC0, 0xFC, 0x00, 0x00, 0x2C, 0x02, 0xF4, 0x00,
    0x02, 0xC0, 0x07, 0xF0, 0x01, 0xFF, 0xD0, 0xFF, 0xFC, 0x00, 0x00, 0x00, 0x00, 0x00, 0x00, 0x00,
    0xFF, 0xFC, 0x7F, 0xFF, 0x00, 0x1F, 0x80, 0x07, 0xD0, 0x00, 0x2F, 0x40, 0x0B, 0xC0, 0x00, 0x3F,
    0x00, 0x0F, 0xC0, 0x00, 0x3F, 0x00, 0x0F, 0x80, 0x00, 0x7E, 0x00, 0x1F, 0x40, 0x00, 0xBD, 0x00,
    0x2F, 0x00, 0x00, 0xFC, 0x00, 0x3F, 0x00, 0x00, 0xFC, 0x00, 0x3E, 0x00, 0x01, 0xF8, 0x00, 0x7D,
    0x00, 0x02, 0xF4, 0x00, 0xBC, 0x00, 0x03, 0xF0, 0x00, 0xFC, 0x00, 0x03, 0xF0, 0x01, 0xF8, 0x00,
    0x7F, 0xFF, 0xFF, 0xFF, 0xC0, 0x00, 0x00, 0x00, 0x07, 0xC0, 0x00, 0x00, 0x00, 0x03, 0x80, 0x00,
    0x00, 0x00, 0x02, 0x80, 0x00, 0x00, 0x00, 0x02, 0x40, 0x3F, 0xFF, 0x1F, 0xFF, 0xC1, 0xF8, 0x00,
    0x7D, 0x00, 0xBD, 0x00, 0x2F, 0x00, 0x3F, 0x00, 0x0F, 0xC0, 0x0F, 0xC0, 0x03, 0xE0, 0x03, 0xE0,
    0x02, 0xF4, 0x00, 0xF8, 0x01, 0xFC, 0x00, 0x0B, 0xFE, 0xBF, 0x00, 0x00, 0x00, 0x1F, 0x80, 0x00,
    0x00, 0x0B, 0xD0, 0x00, 0x00, 0x03, 0xF0, 0x00, 0x00, 0x00, 0xFC, 0x00, 0x00, 0x00, 0x7E, 0x00,
    0x00, 0x02, 0xFF, 0xF8, 0x00, 0x00, 0x00, 0x00, 0x00, 0x00, 0x00, 0x00, 0x00, 0x00, 0x00, 0x00,
    0x00, 0x3F, 0xFF, 0x2F, 0xFF, 0x8F, 0xFF, 0xC0, 0x01, 0xF8, 0x00, 0xBC, 0x00, 0x3F, 0x00, 0x00,
    0xBD, 0x00, 0x3F, 0x00, 0x1F, 0x80, 0x00, 0x3F, 0x00, 0x0F, 0x80, 0x0B, 0xD0, 0x00, 0x0F, 0xC0,
    0x07, 0xD0, 0x03, 0xF0, 0x00, 0x07, 0xE0, 0x02, 0xF0, 0x00, 0xFC, 0x00, 0x02, 0xF4, 0x00, 0xFC,
    0x00, 0x7E, 0x00, 0x00, 0xFC, 0x00, 0x3E, 0x00, 0x2F, 0x40, 0x00, 0x3F, 0x00, 0x1F, 0x40, 0x0F,
    0xC0, 0x00, 0x1F, 0x80, 0x0B, 0xC0, 0x03, 0xF0, 0x00, 0x0B, 0xD0, 0x03, 0xF0, 0x01, 0xF4, 0x00,
    0x03, 0xF0, 0x00, 0xF8, 0x00, 0xBC, 0x00, 0x00, 0xFC, 0x00, 0xBD, 0x00, 0x3F, 0x00, 0x07, 0xFF,
    0xFF, 0xFF, 0xFF, 0xFF, 0xFC, 0x00, 0x00, 0x00, 0x00, 0x00, 0x00, 0x00, 0x00, 0x00, 0x3F, 0xFF,
    0x2F, 0xFF, 0x8F, 0xFF, 0xC0, 0x01, 0xF8, 0x00, 0xBC, 0x00, 0x3F, 0x00, 0x00, 0xBD, 0x00, 0x3F,
    0x00, 0x1F, 0x80, 0x00, 0x3F, 0x00, 0x0F, 0x80, 0x0B, 0xD0, 0x00, 0x0F, 0xC0, 0x07, 0xD0, 0x03,
    0xF0, 0x00, 0x07, 0xE0, 0x02, 0xF0, 0x00, 0xFC, 0x00, 0x02, 0xF4, 0x00, 0xFC, 0x00, 0x7E, 0x00,
    0x00, 0xFC, 0x00, 0x3E, 0x00, 0x2F, 0x40, 0x00, 0x3F, 0x00, 0x1F, 0x40, 0x0F, 0xC0, 0x00, 0x1F,
    0x80, 0x0B, 0xC0, 0x03, 0xF0, 0x00, 0x0B, 0xD0, 0x03, 0xF0, 0x01, 0xF8, 0x00, 0x03, 0xF0, 0x00,
    0xF8, 0x00, 0xBD, 0x00, 0x00, 0xFC, 0x00, 0xBD, 0x00, 0x3F, 0x00, 0x07, 0xFF, 0xFF, 0xFF, 0xFF,
    0xFF, 0xFC, 0x00, 0x00, 0x00, 0x00, 0x00, 0x00, 0x1F, 0x00, 0x00, 0x00, 0x00, 0x00, 0x00, 0x01,
    0xC0, 0x00, 0x00, 0x00, 0x00, 0x00, 0x00, 0x70, 0x00, 0x00, 0x00, 0x00, 0x00, 0x00, 0x18, 0x00,
    0x0B, 0xFF, 0xFC, 0x00, 0x00, 0xF0, 0x2F, 0x00, 0x00, 0x1C, 0x03, 0xE0, 0x00, 0x03, 0x40, 0x3D,
    0x00, 0x00, 0x30, 0x07, 0xC0, 0x00, 0x00, 0x00, 0xBC, 0x00, 0x00, 0x00, 0x0F, 0xFF, 0xFD, 0x00,
    0x00, 0xF4, 0x02, 0xF8, 0x00, 0x1F, 0x00, 0x0F, 0xC0, 0x03, 0xF0, 0x00, 0xFC, 0x00, 0x3E, 0x00,
    0x1F, 0x80, 0x07, 0xD0, 0x03, 0xF0, 0x00, 0xBC, 0x00, 0xFD, 0x00, 0xFF, 0xFF, 0xFE, 0x00, 0x00,
    0x00, 0x00, 0x00, 0x00, 0x00, 0x00, 0x3F, 0xFF, 0x00, 0x0F, 0xFF, 0xC0, 0x01, 0xF4, 0x00, 0x00,
    0x3E, 0x00, 0x00, 0xBC, 0x00, 0x00, 0x1F, 0x40, 0x00, 0x3F, 0x00, 0x00, 0x0B, 0xC0, 0x00, 0x0F,
    0x80, 0x00, 0x03, 0xF0, 0x00, 0x07, 0xD0, 0x00, 0x00, 0xF8, 0x00, 0x02, 0xFF, 0xFF, 0x80, 0xBD,
    0x00, 0x00, 0xFC, 0x01, 0xFC, 0x3F, 0x00, 0x00, 0x3E, 0x00, 0x2F, 0x4F, 0xC0, 0x00, 0x1F, 0x40,
    0x0B, 0xD7, 0xE0, 0x00, 0x0B, 0xC0, 0x03, 0xF2, 0xF4, 0x00, 0x03, 0xF0, 0x01, 0xF8, 0xFC, 0x00,
    0x00, 0xF8, 0x02, 0xF8, 0x3F, 0x00, 0x07, 0xFF, 0xFF, 0xE5, 0xFF, 0xF8, 0x00, 0x00, 0x00, 0x00,
    0x00, 0x00, 0xFF, 0xFC, 0x00, 0x00, 0x1F, 0x40, 0x00, 0x00, 0x2F, 0x00, 0x00, 0x00, 0x3F, 0x00,
    0x00, 0x00, 0x3E, 0x00, 0x00, 0x00, 0x7D, 0x00, 0x00, 0x00, 0xBF, 0xFF, 0xE0, 0x00, 0xFC, 0x01,
    0xFC, 0x00, 0xF8, 0x00, 0xBD, 0x01, 0xF4, 0x00, 0xBD, 0x02, 0xF0, 0x00, 0xFC, 0x03, 0xF0, 0x01,
    0xF8, 0x03, 0xE0, 0x0B, 0xE0, 0x7F, 0xFF, 0xFE, 0x40, 0x02, 0x86, 0xFE, 0x40, 0x03, 0xF8, 0x07,
    0xF0, 0x03, 0xC0, 0x00, 0xFC, 0x07, 0x00, 0x00, 0x7D, 0x05, 0x00, 0x00, 0x7D, 0x00, 0x00, 0x00,
    0x7D, 0x00, 0xBF, 0x80, 0xFD, 0x00, 0x0B, 0xFA, 0xFC, 0x00, 0x00, 0x01, 0xF8, 0x30, 0x00, 0x03,
    0xF0, 0x30, 0x00, 0x0B, 0xD0, 0x34, 0x00, 0x2F, 0x40, 0x1D, 0x01, 0xFD, 0x00, 0x02, 0xFF, 0x90,
    0x00, 0x00, 0x00, 0x00, 0x00, 0x00, 0x00, 0x00, 0x0F, 0xFF, 0xC0, 0x06, 0xFF, 0x40, 0x00, 0x1F,
    0x80, 0x07, 0xD0, 0x2F, 0x00, 0x02, 0xF4, 0x01, 0xF0, 0x00, 0xF8, 0x00, 0x3F, 0x00, 0x7C, 0x00,
    0x0B, 0xC0, 0x03, 0xF0, 0x0F, 0x80, 0x00, 0xBC, 0x00, 0x7E, 0x02, 0xF0, 0x00, 0x0F, 0xC0, 0x0B,
    0xD0, 0x3F, 0x00, 0x00, 0xFC, 0x00, 0xFF, 0xFF, 0xE0, 0x00, 0x1F, 0x80, 0x1F, 0xC0, 0xBD, 0x00,
    0x02, 0xF4, 0x02, 0xF8, 0x0B, 0xC0, 0x00, 0x3F, 0x00, 0x3F, 0x00, 0xBD, 0x00, 0x0B, 0xC0, 0x03,
    0xF0, 0x03, 0xE0, 0x02, 0xF4, 0x0B, 0xFF, 0xE0, 0x1F, 0x41, 0xBC, 0x00, 0x00, 0x00, 0x00, 0x2F,
    0xF9, 0x00, 0x00, 0x00, 0x00, 0x6F, 0xFF, 0xFF, 0x00, 0x03, 0xE4, 0x07, 0xD0, 0x00, 0x0F, 0xC0,
    0x0B, 0xC0, 0x00, 0x2F, 0x40, 0x0F, 0xC0, 0x00, 0x3F, 0x00, 0x0F, 0x80, 0x00, 0x2F, 0x00, 0x1F,
    0x40, 0x00, 0x0F, 0x80, 0x1F, 0x00, 0x00, 0x01, 0xFF, 0xFF, 0x00, 0x00, 0x00, 0xFC, 0x3E, 0x00,
    0x00, 0x07, 0xF0, 0x7D, 0x00, 0x00, 0x1F, 0x80, 0xBC, 0x00, 0x00, 0xBE, 0x00, 0xFC, 0x00, 0x02,
    0xF4, 0x00, 0xF8, 0x00, 0x3F, 0xFD, 0x2F, 0xFF, 0x80, 0x00, 0xBE, 0x10, 0x03, 0xD2, 0xF4, 0x0F,
    0x40, 0xF0, 0x2F, 0x01, 0xF0, 0x3E, 0x02, 0xE0, 0x3D, 0x03, 0xD0, 0x3C, 0x03, 0xC0, 0x3C, 0x07,
    0xC9, 0x2D, 0x1F, 0xDC, 0x0B, 0xE1, 0xF4, 0x00, 0x00, 0x6B, 0x40, 0x0B, 0xFF, 0x80, 0x0F, 0x40,
    0x00, 0x0E, 0x00, 0x00, 0x0B, 0x6F, 0xD0, 0x03, 0xF4, 0x2D, 0x01, 0xF4, 0x03, 0xC0, 0xBC, 0x01,
    0xF0, 0x3E, 0x00, 0xBC, 0x0F, 0x40, 0x3E, 0x03, 0xC0, 0x0F, 0x40, 0xF0, 0x0B, 0x80, 0x2E, 0x0B,
    0x80, 0x01, 0xFE, 0x40, 0x00, 0x00, 0x6F, 0xE0, 0x0F, 0x80, 0xF0, 0xF4, 0x02, 0xCB, 0xC0, 0x6D,
    0x3F, 0xFF, 0xE0, 0xF4, 0x03, 0xE3, 0xC0, 0x0B, 0xCF, 0x40, 0x3E, 0x1F, 0x02, 0xF0, 0x0B, 0xFD,
    0x00, 0x06, 0xFD, 0x0B, 0x43, 0xD2, 0x00, 0xF4, 0x00, 0x7C, 0x01, 0xFD, 0x07, 0xFD, 0x07, 0xE4,
    0x03, 0xD0, 0x14, 0xB4, 0x2C, 0x0B, 0xF8, 0x00, 0x00, 0xBF, 0x40, 0x00, 0x0B, 0x80, 0x00, 0x0F,
    0x00, 0x00, 0x3D, 0x00, 0x00, 0xF8, 0x0B, 0xF3, 0xE0, 0xF4, 0x3F, 0x4F, 0x80, 0xFC, 0x7D, 0x03,
    0xF2, 0xF0, 0x0F, 0x4F, 0x80, 0x7C, 0x3D, 0x03, 0xD0, 0x78, 0x3D, 0x00, 0x7F, 0x80, 0x00, 0x00,
    0x7F, 0x80, 0x3D, 0x0E, 0x0F, 0x40, 0xE2, 0xF0, 0x6C, 0x3F, 0xFE, 0x03, 0xD0, 0x00, 0x3C, 0x00,
    0x03, 0xC0, 0x06, 0x1E, 0x06, 0xD0, 0x7F, 0xE0, 0x01, 0xFE, 0x00, 0x34, 0x02, 0xFE, 0x02, 0xD0,
    0xF0, 0x2E, 0x07, 0xD2, 0xD1, 0xC0, 0x2E, 0x0F, 0x47, 0xC0, 0xF0, 0x00, 0x0F, 0x83, 0xC3, 0xE0,
    0x00, 0x00, 0x03, 0xFF, 0xFF, 0xF4, 0x00, 0x00, 0x00, 0xF4, 0xB8, 0x7C, 0x00, 0x00, 0x00, 0xBC,
    0x3D, 0x2F, 0x00, 0x00, 0xF0, 0x3D, 0x0F, 0x07, 0xC0, 0x09, 0x38, 0x7D, 0x07, 0xC0, 0xF4, 0x1F,
    0x07, 0xF8, 0x02, 0xE0, 0x0B, 0xFD, 0x00, 0x01, 0xBF, 0x80, 0x2D, 0x0B, 0xC0, 0x00, 0x2F, 0x00,
    0x01, 0xF4, 0x01, 0xFF, 0x40, 0x00, 0x1F, 0x00, 0x00, 0x3E, 0x0F, 0x00, 0xF4, 0x78, 0x1F, 0x80,
    0xBF, 0xE4, 0x00, 0x0B, 0xC0, 0x00, 0x02, 0x8F, 0x00, 0xF0, 0x31, 0xF0, 0x1F, 0x00, 0x2E, 0x02,
    0xE0, 0x03, 0xC0, 0x3D, 0x00, 0x7C, 0x03, 0xC0, 0x0B, 0x80, 0x7C, 0x00, 0xB8, 0x0F, 0x8C, 0x07,
    0xC2, 0xFA, 0x80, 0x1F, 0xD2, 0xF0, 0x00, 0x0F, 0x00, 0x00, 0x01, 0xF4, 0x00, 0x00, 0x2E, 0x02,
    0x40, 0x00, 0xBF, 0xD0, 0x0B, 0xC0, 0x00, 0x02, 0x8F, 0x00, 0xF0, 0x31, 0xF0, 0x1F, 0x00, 0x2E,
    0x02, 0xE0, 0x03, 0xC0, 0x3D, 0x00, 0x7C, 0x03, 0xC0, 0x0B, 0x80, 0x7C, 0x00, 0xB8, 0x0F, 0x8C,
    0x07, 0xC2, 0xFA, 0x80, 0x1F, 0xD2, 0xF0, 0x0F, 0x80, 0x2E, 0x09, 0xB4, 0x37, 0xC3, 0x2E, 0x21,
    0xE0, 0x0F, 0xA0, 0x00, 0x03, 0xF8, 0x00, 0x01, 0xFB, 0xE0, 0x00, 0xB8, 0x3C, 0x00, 0x3D, 0x0F,
    0x0C, 0x0F, 0x03, 0xCE, 0x03, 0x80, 0x7E, 0x00, 0x00, 0x02, 0xF4, 0x00, 0x02, 0x8F, 0x00, 0x01,
    0xC3, 0xC0, 0x00, 0xD1, 0xF0, 0x00, 0x70, 0xB8, 0x00, 0x28, 0x3D, 0x00, 0x0D, 0x0F, 0x00, 0xF7,
    0x03, 0xC9, 0xBB, 0x40, 0xF3, 0x1F, 0x40, 0x1F, 0x40, 0x00, 0x04, 0x00, 0x01, 0x00, 0x02, 0xF0,
    0x00, 0xF4, 0x00, 0x3F, 0x00, 0x3F, 0x00, 0x03, 0xF4, 0x0B, 0xF0, 0x00, 0x77, 0x81, 0xAE, 0x00,
    0x0A, 0x7C, 0x33, 0xD0, 0x00, 0xD3, 0xC9, 0x3C, 0x03, 0xCC, 0x3E, 0x87, 0xCA, 0xB6, 0x82, 0xF0,
    0x7C, 0xC3, 0xE0, 0x1C, 0x02, 0xF4, 0x0F, 0x80, 0x00, 0x03, 0xAD, 0x00, 0xF0, 0x32, 0xE0, 0x1F,
    0x01, 0x3D, 0x02, 0xE0, 0x03, 0xFF, 0xFD, 0x00, 0x7C, 0x03, 0xC0, 0x0B, 0x80, 0x7C, 0x00, 0xF4,
    0x0B, 0x8C, 0x0F, 0x00, 0xB5, 0xC0, 0xE0, 0x02, 0xF0, 0x00, 0x7F, 0xD0, 0x03, 0xD0, 0xB4, 0x0F,
    0x40, 0x7C, 0x2F, 0x00, 0x7C, 0x3E, 0x00, 0xBC, 0x3D, 0x00, 0xFC, 0x3C, 0x00, 0xF4, 0x3C, 0x02,
    0xE0, 0x2E, 0x0B, 0x80, 0x07, 0xF9, 0x00, 0x00, 0x00, 0x00, 0x00, 0xF8, 0x2F, 0x80, 0x2A, 0xED,
    0x2D, 0x03, 0x2F, 0x01, 0xE0, 0x23, 0xE0, 0x2E, 0x00, 0x3C, 0x03, 0xD0, 0x07, 0xC0, 0x7C, 0x00,
    0xB8, 0x0B, 0x80, 0x0F, 0x40, 0xF0, 0xC0, 0xF0, 0x0F, 0x28, 0x0E, 0x00, 0x7E, 0x00, 0x00, 0x00,
    0x00, 0x00, 0xF8, 0x7F, 0x40, 0xDB, 0xE0, 0xF4, 0x72, 0xF0, 0x1E, 0x00, 0xF4, 0x0B, 0xC0, 0x3C,
    0x03, 0xE0, 0x1F, 0x00, 0xF4, 0x0B, 0x80, 0x7C, 0x03, 0xD0, 0x3E, 0x00, 0xF8, 0x2E, 0x00, 0x7E,
    0xF9, 0x00, 0x2E, 0x00, 0x00, 0x0F, 0x40, 0x00, 0x03, 0xC0, 0x00, 0x07, 0xFD, 0x00, 0x00, 0x00,
    0x7F, 0x80, 0x3E, 0x1E, 0x0F, 0x82, 0xD2, 0xF0, 0x00, 0x3E, 0x00, 0x03, 0xD0, 0x00, 0x3C, 0x00,
    0x03, 0xC0, 0x06, 0x2E, 0x06, 0xD0, 0x7F, 0xE0, 0x0F, 0x82, 0xF8, 0x2F, 0x80, 0x2A, 0xED, 0x2E,
    0xD1, 0xE0, 0x32, 0xF0, 0x2F, 0x01, 0xF0, 0x23, 0xE0, 0x2E, 0x02, 0xE0, 0x03, 0xC0, 0x3D, 0x03,
    0xD0, 0x07, 0xC0, 0x3C, 0x03, 0xC0, 0x0B, 0x80, 0x7C, 0x07, 0xC0, 0x0F, 0x40, 0xB8, 0x0F, 0x4C,
    0x0F, 0x00, 0xF4, 0x0F, 0x28, 0x0F, 0x00, 0xE0, 0x03, 0xE0, 0x0B, 0xC0, 0x06, 0x0A, 0x3C, 0x03,
    0xC3, 0x1F, 0x01, 0xF0, 0x0B, 0x80, 0xB8, 0x03, 0xC0, 0x3D, 0x01, 0xF0, 0x0F, 0x00, 0xB8, 0x07,
    0xC0, 0x2E, 0x02, 0xE0, 0x07, 0xC2, 0xF4, 0x00, 0x7F, 0xFC, 0x00, 0x00, 0x1F, 0x00, 0x78, 0x0F,
    0x00, 0x2D, 0x1F, 0x00, 0x02, 0xFE, 0x00, 0x00, 0x00, 0x00, 0x0B, 0xE0, 0x00, 0x00, 0x0F, 0x6D,
    0x00, 0x00, 0x07, 0xCF, 0x00, 0x00, 0x02, 0xE0, 0x00, 0x00, 0x00, 0xF4, 0x00, 0x00, 0x2F, 0xFF,
    0xFD, 0x00, 0x7D, 0x1F, 0xC2, 0xE0, 0x3D, 0x07, 0xC0, 0x7C, 0x2F, 0x02, 0xE0, 0x1F, 0x0F, 0x40,
    0xF4, 0x0B, 0xC3, 0xC0, 0x3D, 0x03, 0xD0, 0xF0, 0x0F, 0x02, 0xF0, 0x3D, 0x1F, 0xC1, 0xF0, 0x02,
    0xFA, 0xEF, 0xE0, 0x00, 0x00, 0xF4, 0x00, 0x00, 0x0F, 0x3C, 0x00, 0x00, 0x07, 0xAD, 0x00, 0x00,
    0x00, 0xBD, 0x00, 0x00, 0x00, 0x02, 0xFD, 0x2F, 0x41, 0xD0, 0xFE, 0x3C, 0x34, 0x0B, 0xC3, 0x80,
    0x00, 0xB8, 0x00, 0x00, 0x0F, 0x40, 0x00, 0x00, 0xF0, 0x00, 0x00, 0x1F, 0x00, 0x03, 0xC3, 0xE0,
    0x18, 0x38, 0xBE, 0x07, 0x02, 0xF8, 0x7F, 0x80, 0x0B, 0xC0, 0x00, 0x02, 0x8F, 0x00, 0xF0, 0x31,
    0xF0, 0x1F, 0x00, 0x2E, 0x02, 0xE0, 0x03, 0xC0, 0x3D, 0x00, 0x7C, 0x03, 0xC0, 0x0B, 0x80, 0x7C,
    0x00, 0xB8, 0x0B, 0x84, 0x07, 0xC2, 0xF6, 0x80, 0x1F, 0xD3, 0xF8, 0x00, 0x00, 0x00, 0xC0, 0x00,
    0x00, 0x1E, 0x00, 0x00, 0x03, 0xE0, 0x00, 0x00, 0xF8, 0x00, 0x00, 0x00, 0x00, 0x0B, 0x80, 0x08,
    0x0A, 0x78, 0x0F, 0x43, 0x2E, 0x03, 0xC0, 0x8F, 0x41, 0xF0, 0x03, 0xD0, 0xF8, 0x00, 0x2F, 0xFD,
    0x00, 0x00, 0x0F, 0x00, 0x00, 0x03, 0xCA, 0x00, 0x00, 0xF3, 0x00, 0x00, 0x1F, 0x40, 0x0B, 0xD0,
    0x06, 0x00, 0x60, 0x2C, 0xF0, 0x0F, 0x00, 0xF0, 0x31, 0xF0, 0x1F, 0x00, 0xF0, 0x22, 0xE0, 0x2E,
    0x01, 0xF0, 0x03, 0xC0, 0x3D, 0x02, 0xE0, 0x07, 0xC0, 0x3C, 0x03, 0xD0, 0x0B, 0x80, 0x7C, 0x03,
    0xC0, 0x0B, 0x80, 0xF8, 0x0B, 0xC8, 0x07, 0xC2, 0xFC, 0x2B, 0x9C, 0x01, 0xFD, 0x1F, 0xD2, 0xF0,
    0x0B, 0xC0, 0x00, 0x00, 0x60, 0x28, 0xF0, 0x0F, 0x00, 0xF0, 0x31, 0xF0, 0x1F, 0x00, 0xF0, 0x02,
    0xE0, 0x2E, 0x02, 0xE0, 0x03, 0xC0, 0x3D, 0x03, 0xD0, 0x07, 0xC0, 0x3C, 0x03, 0xC0, 0x0B, 0x80,
    0x7C, 0x07, 0xC0, 0x0B, 0x80, 0xF8, 0x0F, 0x84, 0x07, 0xC2, 0xFC, 0x3F, 0x9C, 0x01, 0xFD, 0x1F,
    0xD2, 0xFC, 0x00, 0x00, 0x00, 0x00, 0x0D, 0x00, 0x00, 0x00, 0x00, 0x0E, 0x00, 0x00, 0x00, 0x00,
    0x3F, 0x00, 0x00, 0x00, 0x00, 0xF8, 0x00, 0x00, 0x00, 0x00, 0x00, 0x07, 0xF9, 0x60, 0xBF, 0xFF,
    0x83, 0x43, 0xFC, 0x00, 0x3E, 0x40, 0x03, 0xFF, 0xE0, 0x3F, 0x02, 0xE0, 0xF0, 0x0B, 0xC7, 0xC0,
    0x3E, 0x0F, 0x02, 0xF0, 0x0B, 0xFD, 0x00, 0x0B, 0xC0, 0x00, 0x00, 0x38, 0xF0, 0x00, 0x74, 0x71,
    0xF0, 0x00, 0xF4, 0x02, 0xF0, 0x00, 0xF0, 0x03, 0xFF, 0xD1, 0xF0, 0x07, 0xD0, 0xF2, 0xE0, 0x0B,
    0x80, 0xF7, 0xD0, 0x0B, 0x41, 0xF7, 0xC6, 0x0B, 0x83, 0xD3, 0xCC, 0x02, 0xFE, 0x41, 0xF4, 0x0B,
    0xC0, 0x00, 0x1C, 0xF0, 0x00, 0x35, 0xF0, 0x00, 0x12, 0xF0, 0x00, 0x03, 0xFF, 0xF4, 0x07, 0xD0,
    0x3C, 0x0B, 0x80, 0x3E, 0x0B, 0x40, 0x3D, 0x07, 0x81, 0xF8, 0x01, 0xFF, 0x90, 0x01, 0xBF, 0x40,
    0x2D, 0x0B, 0x80, 0xC0, 0x0F, 0x00, 0x00, 0x3C, 0x00, 0xFF, 0xF0, 0x00, 0x0B, 0xC0, 0x00, 0x3D,
    0x0F, 0x02, 0xE0, 0xB4, 0x2E, 0x00, 0xBF, 0x90, 0x00, 0x00, 0x00, 0x00, 0x00, 0x00, 0xF8, 0x00,
    0xBF, 0xD0, 0x3A, 0xD0, 0x3D, 0x0B, 0x43, 0x2E, 0x0F, 0x40, 0x7C, 0x13, 0xD2, 0xF0, 0x07, 0xC0,
    0x3F, 0xFE, 0x00, 0xBC, 0x07, 0xC3, 0xD0, 0x0F, 0x80, 0xB8, 0x3C, 0x00, 0xF0, 0x0F, 0x43, 0xC0,
    0x2E, 0x00, 0xF0, 0x2E, 0x0B, 0x80, 0x0E, 0x00, 0x7F, 0x90, 0x00, 0x00, 0x2F, 0xFE, 0x00, 0x7D,
    0x0F, 0x40, 0x3E, 0x03, 0xC0, 0x0B, 0x81, 0xF0, 0x00, 0xBF, 0xFC, 0x00, 0x1F, 0xFE, 0x00, 0x0F,
    0x4F, 0x40, 0xF7, 0xC7, 0xCA, 0xB7, 0xC0, 0xF3, 0x0F, 0xC0, 0x1F, 0x40, 0x00, 0xB4, 0x00, 0x0B,
    0xD0, 0x00, 0x0B, 0x00, 0x00, 0x00, 0x00, 0x7F, 0x80, 0x3E, 0x0E, 0x0F, 0x80, 0xA1, 0xF0, 0x0E,
    0x3F, 0x07, 0xC3, 0xFF, 0xD0, 0x3D, 0x00, 0x03, 0xC0, 0x00, 0x2E, 0x02, 0xD0, 0x7F, 0xE0, 0x02,
    0xD1, 0xE0, 0x1F, 0x8F, 0xC0, 0x3C, 0x2D, 0x00, 0x00, 0x00, 0x01, 0xFE, 0x00, 0x2E, 0x0D, 0x01,
    0xF0, 0x28, 0x0F, 0x40, 0xE0, 0x7C, 0x1F, 0x02, 0xFF, 0xD0, 0x0F, 0x80, 0x00, 0x2D, 0x00, 0x00,
    0x78, 0x0B, 0x40, 0x7F, 0xE0, 0x00, 0x00, 0x00, 0x00, 0x00, 0xBF, 0x00, 0x00, 0x07, 0xC0, 0x00,
    0xFF, 0xFF, 0xFF, 0x00, 0xF4, 0x00, 0x00, 0x3C, 0xBF, 0x40, 0x1F, 0x90, 0xF0, 0x0B, 0xD0, 0x3D,
    0x03, 0xE0, 0x0F, 0x00, 0xF0, 0x03, 0xC0, 0x7C, 0x01, 0xF0, 0x2E, 0x00, 0xB4, 0x0F, 0x40, 0x3C,
    0x07, 0xC0, 0x1E, 0x01, 0xE0, 0x0F, 0x00, 0x00, 0x07, 0x80, 0x00, 0x03, 0xC0, 0x00, 0x02, 0xC0,
    0x00, 0x07, 0x80, 0x00, 0x00, 0x0B, 0x00, 0x1F, 0xC0, 0x0E, 0x00, 0x00, 0x00, 0x06, 0xFD, 0x0B,
    0x43, 0xD2, 0x00, 0xF4, 0x00, 0x7C, 0x01, 0xFD, 0x07, 0xFD, 0x07, 0xE4, 0x03, 0xD0, 0x14, 0xB4,
    0x2C, 0x0B, 0xF8, 0x00, 0x00, 0x7F, 0xD0, 0x0F, 0x43, 0xC0, 0xF4, 0x0F, 0x0B, 0xC0, 0x00, 0x3F,
    0xFC, 0x00, 0xF4, 0x00, 0x03, 0xC0, 0x00, 0x0F, 0x00, 0x18, 0x2E, 0x02, 0xD0, 0x1F, 0xF8, 0x00,
    0x00, 0xBF, 0x40, 0x3C, 0x2C, 0x07, 0x03, 0xC0, 0x74, 0x00, 0x07, 0xF9, 0x00, 0x1F, 0xF4, 0x00,
    0x07, 0x83, 0xC0, 0x34, 0x3C, 0x0B, 0x01, 0xFF, 0x80, 0x00, 0x78, 0x00, 0xB4, 0x00, 0x00, 0x00,
    0x00, 0x0B, 0xD0, 0x28, 0xF0, 0x31, 0xF0, 0x02, 0xE0, 0x03, 0xC0, 0x07, 0xC0, 0x0F, 0x40, 0x0F,
    0x0C, 0x0F, 0x34, 0x07, 0xD0, 0x03, 0xC2, 0xD0, 0xBD, 0x7E, 0x07, 0x83, 0xC0, 0x00, 0x00, 0x0B,
    0xD0, 0x02, 0x8F, 0x00, 0x31, 0xF0, 0x00, 0x2E, 0x00, 0x03, 0xC0, 0x00, 0x7C, 0x00, 0x0F, 0x40,
    0x00, 0xF0, 0xC0, 0x0F, 0x38, 0x00, 0x7D, 0x00, 0x00, 0x01, 0xD0, 0x00, 0x2D, 0x00, 0x00, 0x00,
    0x00, 0x00, 0x00, 0x7E, 0x00, 0x1C, 0x78, 0x03, 0x07, 0xC0, 0x00, 0xB8, 0x00, 0x0F, 0x40, 0x00,
    0xF0, 0x00, 0x1F, 0x00, 0x02, 0xE0, 0x00, 0x3D, 0x00, 0x03, 0xC0, 0x00, 0x7C, 0x03, 0x8B, 0x80,
    0xB9, 0xF0, 0x03, 0xF4, 0x00, 0x00, 0x02, 0xF4, 0x00, 0x00, 0x0A, 0x3C, 0x00, 0x00, 0x0C, 0x3C,
    0x00, 0x00, 0x28, 0x3C, 0x00, 0x00, 0x30, 0x7F, 0xF8, 0x00, 0x70, 0xBC, 0x2E, 0x00, 0xE0, 0xF4,
    0x1F, 0x38, 0xC0, 0xF0, 0x3F, 0xBB, 0x80, 0xF0, 0x7C, 0x7D, 0x00, 0x7F, 0xE0, 0x0F, 0x80, 0x0B,
    0x00, 0x0A, 0xB4, 0x03, 0xC0, 0x03, 0x2E, 0x02, 0xF0, 0x01, 0xCF, 0x40, 0xF8, 0x00, 0x03, 0xFF,
    0xFF, 0xFD, 0x01, 0xF0, 0x0F, 0x43, 0xD0, 0xB8, 0x07, 0xC0, 0xF4, 0x3D, 0x01, 0xE0, 0x7C, 0x0F,
    0x00, 0x38, 0x3D, 0x03, 0x80, 0x07, 0xF9, 0x00, 0x00, 0x00, 0x00, 0x00, 0x2F, 0xC0, 0x00, 0x00,
    0x7C, 0x00, 0x03, 0xFF, 0xFF, 0xF0, 0x00, 0xF4, 0x00, 0x00, 0x0F, 0x2F, 0x40, 0x01, 0xF8, 0x3C,
    0x00, 0x2F, 0x02, 0xD0, 0x03, 0xD0, 0x3D, 0x00, 0x3C, 0x03, 0xC0, 0x07, 0xC0, 0xB8, 0x00, 0xB8,
    0x0F, 0x40, 0x0F, 0x40, 0xF0, 0xC1, 0xF0, 0x0F, 0x30, 0x0E, 0x00, 0x7D, 0x00, 0x00, 0x00, 0xB4,
    0x00, 0x01, 0xFC, 0x00, 0x00, 0xE0, 0x00, 0x00, 0x00, 0x00, 0x0F, 0x80, 0x2E, 0x09, 0xB4, 0x37,
    0xC3, 0x2E, 0x21, 0xE0, 0x0F, 0xA0, 0x00, 0x03, 0xF8, 0x00, 0x01, 0xFB, 0xE0, 0x00, 0xB8, 0x3C,
    0x00, 0x3D, 0x0F, 0x0C, 0x0F, 0x03, 0xCE, 0x03, 0x80, 0x7E, 0x00, 0x00, 0x0F, 0x00, 0x00, 0x00,
    0xFC, 0x00, 0x00, 0x01, 0xA0, 0x00, 0x00, 0x00, 0x00, 0x0B, 0xC0, 0x00, 0x02, 0x8F, 0x00, 0xF0,
    0x31, 0xF0, 0x1F, 0x00, 0x2E, 0x02, 0xE0, 0x03, 0xC0, 0x3D, 0x00, 0x7C, 0x03, 0xC0, 0x0B, 0x80,
    0x7C, 0x00, 0xB8, 0x0F, 0x8C, 0x07, 0xC2, 0xFA, 0x80, 0x1F, 0xD2, 0xF0, 0x00, 0x2D, 0x00, 0x00,
    0x0F, 0x80, 0x00, 0x03, 0xC0, 0x60, 0x00, 0x7F, 0xE0, 0x0B, 0xC0, 0x06, 0x0A, 0x3C, 0x03, 0xC3,
    0x1F, 0x01, 0xF0, 0x0B, 0x80, 0xB8, 0x03, 0xC0, 0x3D, 0x01, 0xF0, 0x0F, 0x00, 0xB8, 0x07, 0xC0,
    0x2E, 0x02, 0xE0, 0x07, 0xC2, 0xF4, 0x00, 0x7F, 0xFC, 0x00, 0x00, 0x1F, 0x00, 0x78, 0x0F, 0x00,
    0x2D, 0x1F, 0x00, 0x02, 0xFE, 0x00, 0x00, 0x02, 0xF4, 0x00, 0x00, 0xE3, 0xC0, 0xB4, 0x1C, 0x7C,
    0x0F, 0x00, 0x0B, 0x81, 0xF0, 0x00, 0xF0, 0x2E, 0x00, 0x1F, 0x03, 0xD0, 0x02, 0xE0, 0x3C, 0x00,
    0x2E, 0x07, 0xCA, 0x01, 0xE1, 0xFC, 0xC0, 0x07, 0xF1, 0xF4, 0x00, 0x01, 0x00, 0x00, 0x00, 0x20,
    0x00, 0x20, 0x05, 0x00, 0x02, 0xFE, 0x40, 0x00, 0x00, 0x1B, 0xF0, 0x02, 0xFD, 0x00, 0x0B, 0x87,
    0x80, 0xF0, 0xF4, 0x03, 0xE0, 0xB4, 0x0F, 0x07, 0xC0, 0xBC, 0x00, 0x00, 0x00, 0x7D, 0x0F, 0x80,
    0x00, 0x00, 0x07, 0xD2, 0xF0, 0x00, 0x00, 0x00, 0xBD, 0x3F, 0x00, 0x00, 0x00, 0x0F, 0xD7, 0xE0,
    0x0B, 0xFC, 0x00, 0xFC, 0xBD, 0x00, 0x3F, 0x00, 0x1F, 0x8B, 0xC0, 0x03, 0xE0, 0x03, 0xF0, 0xBC,
    0x00, 0x7D, 0x00, 0x7E, 0x07, 0xC0, 0x0B, 0xC0, 0x0F, 0xC0, 0x3E, 0x01, 0xEC, 0x07, 0xE0, 0x00,
    0xBF, 0x90, 0x6F, 0xE4, 0x00, 0x01, 0xC0, 0x0D, 0x02, 0xE0, 0x02, 0xD2, 0xE0, 0x00, 0x7C, 0xF0,
    0x00, 0x1F, 0x7C, 0x0E, 0x07, 0xED, 0x0B, 0x82, 0xEB, 0x42, 0xC0, 0xF2, 0xC0, 0xE0, 0xB4, 0x34,
    0x78, 0x78, 0x07, 0xE3, 0xF4, 0x00, 0x00, 0x7F, 0xFE, 0x00, 0x00, 0x07, 0xC0, 0x00, 0x0B, 0xFF,
    0xFF, 0xFD, 0x0E, 0x0F, 0x80, 0x1D, 0x18, 0x1F, 0x40, 0x0C, 0x00, 0x2F, 0x00, 0x00, 0x00, 0x3F,
    0x00, 0x00, 0x00, 0x3F, 0xFF, 0xE4, 0x00, 0x7D, 0x00, 0xFD, 0x00, 0xBC, 0x00, 0x3F, 0x00, 0xFC,
    0x00, 0x3F, 0x00, 0xF8, 0x00, 0x7E, 0x01, 0xF4, 0x00, 0xFC, 0x02, 0xF0, 0x07, 0xF0, 0x3F, 0xFF,
    0xFF, 0x80, 0x00, 0x00, 0x00, 0x00, 0x02, 0xE0, 0xBE, 0x00, 0x02, 0xAE, 0xD2, 0xD0, 0x00, 0xCB,
    0xC0, 0x78, 0x00, 0x13, 0xE0, 0x2E, 0x00, 0x00, 0xF0, 0x0F, 0xFF, 0x40, 0x7C, 0x03, 0xE0, 0xF4,
    0x2E, 0x01, 0xF0, 0x3D, 0x0F, 0x40, 0xB8, 0x1F, 0x43, 0xC0, 0x1E, 0x0F, 0x80, 0xE0, 0x01, 0xFF,
    0x40, 0x00, 0xFF, 0xFC, 0x00, 0x6F, 0xF9, 0xB0, 0x00, 0x7E, 0x00, 0x0F, 0xD0, 0x2F, 0xC0, 0x02,
    0xF4, 0x01, 0xF8, 0x00, 0x3E, 0x00, 0x0F, 0xC0, 0x1F, 0x80, 0x00, 0x74, 0x00, 0x3F, 0x00, 0xFC,
    0x00, 0x01, 0xC0, 0x01, 0xF8, 0x0B, 0xE0, 0x00, 0x00, 0x00, 0x0B, 0xD0, 0x3F, 0x00, 0x00, 0x00,
    0x00, 0x3F, 0xFF, 0xFF, 0xFF, 0xE4, 0x00, 0x00, 0xFC, 0x0B, 0xD0, 0x00, 0x00, 0x00, 0x07, 0xE0,
    0x2F, 0x40, 0x00, 0x00, 0x00, 0x2F, 0x40, 0x7D, 0x00, 0x00, 0xD0, 0x00, 0xFC, 0x00, 0xFC, 0x00,
    0x0B, 0x00, 0x03, 0xF0, 0x00, 0xFD, 0x01, 0xE0, 0x02, 0xFF, 0xF8, 0x00, 0x6F, 0xF8, 0x00, 0x00,
    0x00, 0x00, 0x00, 0x00, 0x03, 0xE0, 0x01, 0xFF, 0x83, 0x6D, 0x03, 0xE0, 0xB4, 0xCB, 0x83, 0xE0,
    0x3C, 0x03, 0xD1, 0xF0, 0x00, 0x00, 0xFF, 0xFF, 0xF4, 0x00, 0x7C, 0x3E, 0x00, 0x00, 0x2E, 0x0F,
    0x40, 0x00, 0x0F, 0x43, 0xD0, 0x02, 0x03, 0xC0, 0x7C, 0x0B, 0x40, 0xE0, 0x07, 0xFE, 0x00, 0x00,
    0x00, 0x00, 0x1E, 0x00, 0x00, 0x00, 0x00, 0x07, 0xF0, 0x00, 0x00, 0x00, 0x01, 0xBF, 0x40, 0x00,
    0x00, 0x00, 0x32, 0xF8, 0x00, 0x00, 0x00, 0x0D, 0x1F, 0xC0, 0x00, 0x00, 0x02, 0x80, 0xFC, 0x00,
    0x00, 0x00, 0xB0, 0x0B, 0xE0, 0x00, 0x00, 0x1C, 0x00, 0x7F, 0x00, 0x00, 0x07, 0xFF, 0xFF, 0xF0,
    0x00, 0x00, 0xD0, 0xB4, 0x3F, 0x40, 0x00, 0x38, 0x0F, 0x01, 0xF8, 0x00, 0x0E, 0x00, 0xE0, 0x0F,
    0xC0, 0x02, 0xC0, 0x2D, 0x00, 0xFD, 0x03, 0xFD, 0x0F, 0xF8, 0x3F, 0xFD, 0x00, 0x01, 0xFF, 0x80,
    0x00, 0x07, 0x42, 0xE0, 0x00, 0x1C, 0x02, 0xE0, 0x00, 0x34, 0x03, 0xD0, 0x00, 0x7F, 0xFF, 0xC0,
    0x00, 0xA2, 0xC7, 0xC0, 0x00, 0xD3, 0xCB, 0x80, 0x3C, 0xC3, 0x8F, 0x4C, 0xB7, 0x47, 0x4B, 0x68,
    0x3E, 0x07, 0x02, 0xE0, 0x00, 0xFF, 0xFC, 0x00, 0x00, 0x3D, 0x00, 0x00, 0x07, 0xE0, 0x00, 0x00,
    0x2F, 0x80, 0x00, 0x02, 0xF4, 0x00, 0x00, 0x2B, 0xF0, 0x00, 0x00, 0xFC, 0x00, 0x00, 0x18, 0xFC,
    0x00, 0x00, 0x3F, 0x00, 0x00, 0x0C, 0x3F, 0x40, 0x00, 0x1F, 0x80, 0x00, 0x0D, 0x0B, 0xE0, 0x00,
    0x0B, 0xD0, 0x00, 0x0A, 0x01, 0xFC, 0x00, 0x03, 0xF0, 0x00, 0x0B, 0x00, 0x3F, 0x00, 0x00, 0xFF,
    0xFF, 0xFF, 0xFF, 0xFF, 0xD0, 0x00, 0x7E, 0x00, 0x03, 0x43, 0xC1, 0xFC, 0x00, 0x2F, 0x40, 0x03,
    0x41, 0xE0, 0x3F, 0x00, 0x0F, 0xC0, 0x03, 0x80, 0xB4, 0x0F, 0xD0, 0x03, 0xF0, 0x03, 0xC0, 0x3C,
    0x02, 0xF8, 0x2F, 0xFF, 0x8F, 0xF4, 0xBF, 0xD2, 0xFF, 0xE0, 0x00, 0x00, 0x00, 0x00, 0x00, 0x03,
    0xE0, 0x00, 0x0B, 0xF9, 0x03, 0xAD, 0x00, 0x0E, 0x07, 0xC0, 0xCB, 0x80, 0x0A, 0x00, 0xF0, 0x13,
    0xD0, 0x07, 0x00, 0x7C, 0x00, 0xFF, 0xFF, 0xFF, 0xFE, 0x00, 0x7C, 0x00, 0xC3, 0x8F, 0x40, 0x2E,
    0x00, 0x71, 0xD3, 0xC0, 0x0F, 0x4B, 0x68, 0xB0, 0xF2, 0x83, 0xC3, 0xDC, 0x3C, 0x3C, 0xC0, 0xE0,
    0x7D, 0x0E, 0x07, 0xD0, 0x00, 0x00, 0xBF, 0xFF, 0xFF, 0xC0, 0x00, 0x00, 0xF8, 0x00, 0x1C, 0x00,
    0x00, 0x02, 0xF4, 0x01, 0xC0, 0x00, 0x00, 0x03, 0xF0, 0x1C, 0x00, 0x00, 0x00, 0x0B, 0xD2, 0x80,
    0x00, 0x00, 0x00, 0x0F, 0xE8, 0x00, 0x00, 0x00, 0x02, 0xBF, 0xE8, 0x00, 0x00, 0x00, 0xF8, 0xBD,
    0x7E, 0x00, 0x00, 0x0F, 0x83, 0xF0, 0x7C, 0x00, 0x00, 0xF8, 0x0F, 0x80, 0xF8, 0x00, 0x0F, 0xC0,
    0x7D, 0x03, 0xF0, 0x00, 0xBC, 0x02, 0xF0, 0x0B, 0xD0, 0x0B, 0xD0, 0x0F, 0xC0, 0x1F, 0x82, 0xFF,
    0xD0, 0xFF, 0xC3, 0xFF, 0xD0, 0x00, 0x1F, 0xFF, 0xFE, 0x00, 0x00, 0x2D, 0x00, 0x60, 0x00, 0x00,
    0x3D, 0x09, 0x00, 0x00, 0x00, 0x3C, 0x90, 0x00, 0x00, 0x06, 0xFF, 0x90, 0x00, 0x01, 0xF6, 0xF3,
    0xE0, 0x00, 0x0F, 0x0B, 0x83, 0xC0, 0x1C, 0xB8, 0x3D, 0x0F, 0x0C, 0x73, 0xC0, 0xF0, 0x3C, 0xD0,
    0xF8, 0x03, 0x40, 0x7E, 0x00, 0x00, 0xFF, 0xFC, 0x00, 0xFF, 0xFF, 0xFF, 0x40, 0x00, 0x7E, 0x00,
    0x02, 0xF4, 0x00, 0x34, 0x00, 0x02, 0xF4, 0x00, 0x03, 0xF0, 0x03, 0x40, 0x00, 0x0F, 0xC0, 0x00,
    0x07, 0xD0, 0x34, 0x00, 0x00, 0x3F, 0x00, 0x00, 0x0F, 0xC3, 0x40, 0x00, 0x01, 0xF8, 0x00, 0x00,
    0x1F, 0xB0, 0x00, 0x00, 0x0B, 0xFF, 0xFF, 0xFF, 0xFF, 0xF9, 0x00, 0x00, 0x3F, 0x00, 0x02, 0xF4,
    0xFC, 0xBD, 0x00, 0x00, 0xFC, 0x00, 0x2F, 0x07, 0xE0, 0xFC, 0x00, 0x07, 0xE0, 0x01, 0xF4, 0x2F,
    0x42, 0xF0, 0x00, 0x2F, 0x40, 0x1F, 0x80, 0xFC, 0x03, 0xE0, 0x00, 0xFC, 0x00, 0xF8, 0x03, 0xF0,
    0x0F, 0xC0, 0x03, 0xF0, 0x0F, 0xC0, 0x1F, 0x80, 0x2F, 0x41, 0xFF, 0xFF, 0xFF, 0xC2, 0xFF, 0x47,
    0xFF, 0xC0, 0x0F, 0x80, 0x03, 0xFF, 0xFF, 0xC0, 0x36, 0xE0, 0x01, 0xE0, 0x06, 0x00, 0x32, 0xE0,
    0x00, 0xB8, 0x28, 0x00, 0x13, 0xD0, 0x00, 0x3E, 0x90, 0x00, 0x03, 0xFF, 0xFF, 0xFF, 0xF8, 0x00,
    0x07, 0xC0, 0x1F, 0x9F, 0x2F, 0x00, 0x0B, 0x80, 0x3D, 0x2E, 0x0F, 0x00, 0x0F, 0x4C, 0x7C, 0x2D,
    0x0F, 0x0C, 0x0F, 0x0C, 0xF0, 0x3C, 0x0F, 0x28, 0x0E, 0x0B, 0x80, 0x38, 0x03, 0xE0, 0x00, 0x00,
    0xC0, 0xB0, 0x00, 0x02, 0xCA, 0x00, 0x00, 0x03, 0xE0, 0x00, 0x00, 0x6F, 0xE0, 0x00, 0x0F, 0x41,
    0xF0, 0x00, 0xB8, 0x03, 0xD0, 0x03, 0xF0, 0x0F, 0x00, 0x0F, 0x40, 0x7C, 0x00, 0x00, 0x03, 0xD0,
    0x00, 0x00, 0x3E, 0x00, 0x00, 0x3F, 0xC0, 0x00, 0x00, 0x01, 0xD0, 0x00, 0x00, 0x02, 0xC0, 0x00,
    0x00, 0x0B, 0x00, 0x00, 0x00, 0x3C, 0x00, 0x00, 0x07, 0xE0, 0x00, 0x01, 0xFF, 0x00, 0x02, 0xFF,
    0xE0, 0x01, 0xFF, 0xE4, 0x00, 0x1F, 0xE4, 0x00, 0x00, 0xB4, 0x00, 0x00, 0x00, 0xC0, 0x00, 0x00,
    0x00, 0x00, 0x30, 0x2C, 0x00, 0x1E, 0xD0, 0x00, 0x7F, 0xD0, 0x01, 0xF0, 0xB4, 0x02, 0xD0, 0x74,
    0x00, 0x01, 0xF0, 0x00, 0x1F, 0x80, 0x00, 0x01, 0xC0, 0x00, 0x00, 0xA0, 0x00, 0x00, 0xE0, 0x00,
    0x02, 0xD0, 0x00, 0x6F, 0xC0, 0x1F, 0xFE, 0x00, 0x7F, 0xE0, 0x00, 0x74, 0x00, 0x00, 0x3E, 0x00,
    0x00, 0x00, 0x7F, 0xFF, 0x80, 0x00, 0x03, 0xE0, 0x00, 0x00, 0x03, 0xD0, 0x00, 0x3E, 0x07, 0xC0,
    0xFD, 0x2F, 0x0B, 0xC2, 0xF0, 0x3F, 0x0F, 0x83, 0xE0, 0x3E, 0x0F, 0x47, 0xD0, 0x3D, 0x1F, 0x0B,
    0xC0, 0x3E, 0x2F, 0x1F, 0x00, 0x1F, 0x3E, 0x7C, 0x00, 0x06, 0xFF, 0x90, 0x00, 0x00, 0xBC, 0x00,
    0x00, 0x00, 0xFC, 0x00, 0x00, 0x2F, 0xFF, 0xD0, 0x00, 0x00, 0x00, 0x00, 0x00, 0x00, 0x02, 0xFC,
    0x00, 0x00, 0x02, 0xE0, 0x00, 0x00, 0x0F, 0x40, 0x00, 0x00, 0x3C, 0x00, 0x2F, 0x41, 0xF3, 0xC2,
    0xCF, 0x0B, 0x9F, 0x4C, 0x7C, 0x3D, 0x3D, 0x22, 0xE0, 0xF0, 0x70, 0x0F, 0x47, 0x81, 0xC0, 0x7C,
    0x2D, 0x0A, 0x01, 0xE0, 0xF0, 0x70, 0x07, 0x83, 0xC3, 0x40, 0x0F, 0x5F, 0x74, 0x00, 0x1F, 0xFE,
    0x00, 0x00, 0x03, 0xD0, 0x00, 0x00, 0x0F, 0x00, 0x00, 0x00, 0x7C, 0x00, 0x00, 0x0F, 0xFC, 0x00,
    0x00, 0x00, 0x06, 0xFE, 0x40, 0x00, 0x7D, 0x03, 0xE0, 0x02, 0xF0, 0x00, 0xF8, 0x07, 0xC0, 0x00,
    0xBC, 0x0F, 0x80, 0x00, 0xBC, 0x2F, 0x00, 0x00, 0xFC, 0x3F, 0xBF, 0x90, 0xFC, 0x7F, 0x07, 0xFE,
    0xFC, 0xBD, 0x00, 0x02, 0xF4, 0xBD, 0x00, 0x03, 0xF0, 0xBD, 0x00, 0x0B, 0xC0, 0x3E, 0x00, 0x1F,
    0x40, 0x1F, 0x41, 0xBC, 0x00, 0x02, 0xFF, 0x90, 0x00, 0x01, 0xFE, 0x00, 0xB8, 0x78, 0x2F, 0x03,
    0xC3, 0xD0, 0x3C, 0x7F, 0xFF, 0xCB, 0xC0, 0xBC, 0xF8, 0x0F, 0x8B, 0x41, 0xF0, 0x78, 0x7C, 0x01,
    0xFE, 0x00, 0x7F, 0xFD, 0x00, 0x0B, 0xF0, 0x2F, 0x40, 0x00, 0xE3, 0xC0, 0x7E, 0x00, 0x0B, 0x00,
    0x00, 0xF8, 0x00, 0x70, 0x00, 0x03, 0xF0, 0x03, 0x40, 0x00, 0x0F, 0xC0, 0x38, 0x00, 0x00, 0x3F,
    0x02, 0xC0, 0x00, 0x00, 0xBD, 0x0D, 0x00, 0x00, 0x02, 0xF4, 0xE0, 0x00, 0x00, 0x07, 0xEB, 0x00,
    0x00, 0x00, 0x0F, 0xF0, 0x00, 0x00, 0x00, 0x3F, 0x40, 0x00, 0x00, 0x00, 0xF8, 0x00, 0x00, 0x00,
    0x03, 0xC0, 0x00, 0x00, 0x00, 0x0F, 0x80, 0x00, 0xFC, 0x26, 0xE0, 0x03, 0x6D, 0x30, 0xF0, 0x0D,
    0x3C, 0x00, 0xF0, 0x28, 0x00, 0x00, 0xF4, 0x30, 0x00, 0x00, 0xB8, 0xD0, 0x00, 0x00, 0xB9, 0x80,
    0x00, 0x00, 0x7F, 0x00, 0x00, 0x00, 0x3D, 0x00, 0x00, 0x00, 0x38, 0x00, 0x00, 0x00, 0x78, 0xB8,
    0x00, 0x00, 0x01, 0xFF, 0xFC, 0x00, 0x00, 0x00, 0x78, 0xB0, 0x00, 0x00, 0x00, 0x00, 0x00, 0x00,
    0x7F, 0xFD, 0x00, 0x0B, 0xF0, 0x2F, 0x40, 0x00, 0xE3, 0xC0, 0x7E, 0x00, 0x0B, 0x00, 0x00, 0xF8,
    0x00, 0x70, 0x00, 0x03, 0xF0, 0x03, 0x40, 0x00, 0x0F, 0xC0, 0x38, 0x00, 0x00, 0x3F, 0x02, 0xC0,
    0x00, 0x00, 0xBD, 0x0D, 0x00, 0x00, 0x02, 0xF4, 0xE0, 0x00, 0x00, 0x07, 0xEB, 0x00, 0x00, 0x00,
    0x0F, 0xF0, 0x00, 0x00, 0x00, 0x3F, 0x40, 0x00, 0x00, 0x00, 0xF8, 0x00, 0x00, 0x00, 0x03, 0xC0,
    0x00, 0x00, 0x00, 0x00, 0xB4, 0xF0, 0x00, 0x00, 0xFD, 0xFC, 0x00, 0x00, 0x1A, 0x1D, 0x00, 0x00,
    0x00, 0x00, 0x00, 0x0F, 0x80, 0x00, 0xFC, 0x26, 0xE0, 0x03, 0x6D, 0x30, 0xF0, 0x0D, 0x3C, 0x00,
    0xF0, 0x28, 0x00, 0x00, 0xF4, 0x30, 0x00, 0x00, 0xB8, 0xD0, 0x00, 0x00, 0xB9, 0x80, 0x00, 0x00,
    0x7F, 0x00, 0x00, 0x00, 0x3D, 0x00, 0x00, 0x00, 0x38, 0x00, 0x00, 0x00, 0x00, 0x01, 0x40, 0x00,
    0x00, 0x00, 0x07, 0xD0, 0x00, 0x00, 0x01, 0xBF, 0xFA, 0x00, 0x00, 0x2F, 0x4F, 0xC7, 0xF0, 0x01,
    0xF4, 0x0F, 0x80, 0xFC, 0x07, 0xD0, 0x0F, 0x00, 0x7D, 0x0F, 0xC0, 0x00, 0x00, 0x7E, 0x2F, 0x40,
    0x00, 0x00, 0x7E, 0x3F, 0x00, 0x00, 0x00, 0xBD, 0x3F, 0x00, 0x00, 0x00, 0xFD, 0xBE, 0x00, 0x00,
    0x00, 0xFC, 0xBD, 0x00, 0x00, 0x01, 0xF8, 0xBC, 0x00, 0x00, 0x02, 0xF0, 0xBD, 0x00, 0x50, 0x07,
    0xE0, 0x7E, 0x02, 0xF0, 0x0F, 0xC0, 0x3F, 0x43, 0xF0, 0x7E, 0x00, 0x07, 0xFB, 0xFB, 0xE4, 0x00,
    0x00, 0x1F, 0xE4, 0x00, 0x00, 0x00, 0x07, 0xC0, 0x00, 0x00, 0x00, 0x00, 0x00, 0x00, 0x00, 0x00,
    0x02, 0xD0, 0x00, 0x1B, 0xBE, 0xF4, 0x07, 0xC3, 0xC3, 0xD0, 0xF0, 0x00, 0x3E, 0x2F, 0x00, 0x03,
    0xE3, 0xE0, 0x00, 0x3D, 0x3D, 0x00, 0x07, 0xC7, 0xC0, 0x00, 0xF8, 0x3C, 0x2D, 0x2E, 0x00, 0xFB,
    0xEF, 0x40, 0x00, 0x38, 0x00, 0x00, 0x00, 0x00, 0x0B, 0xFE, 0x40, 0x00, 0x00, 0x0B, 0xD0, 0x2D,
    0x00, 0x00, 0x03, 0xD0, 0xB8, 0xF4, 0x00, 0x00, 0x00, 0x21, 0x82, 0xF0, 0x00, 0x00, 0x00, 0x20,
    0x00, 0x00, 0x01, 0xBF, 0x00, 0x2F, 0xD0, 0x00, 0xB8, 0x78, 0x0F, 0x0F, 0x40, 0x3E, 0x0B, 0x40,
    0xF0, 0x7C, 0x0B, 0xC0, 0x00, 0x00, 0x07, 0xD0, 0xF8, 0x00, 0x00, 0x00, 0x7D, 0x2F, 0x00, 0x00,
    0x00, 0x0B, 0xD3, 0xF0, 0x00, 0x00, 0x00, 0xFD, 0x7E, 0x00, 0xBF, 0xC0, 0x0F, 0xCB, 0xD0, 0x03,
    0xF0, 0x01, 0xF8, 0xBC, 0x00, 0x3E, 0x00, 0x3F, 0x0B, 0xC0, 0x07, 0xD0, 0x07, 0xE0, 0x7C, 0x00,
    0xBC, 0x00, 0xFC, 0x03, 0xE0, 0x1E, 0xC0, 0x7E, 0x00, 0x0B, 0xF9, 0x06, 0xFE, 0x40, 0x00, 0x00,
    0x06, 0xFE, 0x00, 0x00, 0xA0, 0x1F, 0x00, 0x05, 0x00, 0x0E, 0x00, 0x00, 0x00, 0x0E, 0x00, 0x80,
    0x04, 0x00, 0x1F, 0x00, 0x3C, 0x01, 0xF0, 0x00, 0x7C, 0x0F, 0x40, 0x01, 0xF0, 0x7C, 0x0E, 0x07,
    0xC2, 0xE0, 0xB8, 0x2E, 0x0B, 0x42, 0xC0, 0xF0, 0x2C, 0x0E, 0x07, 0x80, 0x34, 0x78, 0x78, 0x00,
    0x7E, 0x2F, 0x40, 0x00, 0x00, 0x00, 0x0F, 0xFF, 0xC0, 0x00, 0x00, 0x00, 0xDB, 0x5C, 0x00, 0x00,
    0x00, 0x1C, 0xB1, 0x80, 0x00, 0x00, 0x00, 0x00, 0x00, 0x00, 0x00, 0x00, 0x00, 0x00, 0x00, 0x00,
    0x01, 0xBF, 0x00, 0x2F, 0xD0, 0x00, 0xB8, 0x78, 0x0F, 0x0F, 0x40, 0x3E, 0x0B, 0x40, 0xF0, 0x7C,
    0x0B, 0xC0, 0x00, 0x00, 0x07, 0xD0, 0xF8, 0x00, 0x00, 0x00, 0x7D, 0x2F, 0x00, 0x00, 0x00, 0x0B,
    0xD3, 0xF0, 0x00, 0x00, 0x00, 0xFD, 0x7E, 0x00, 0xBF, 0xC0, 0x0F, 0xCB, 0xD0, 0x03, 0xF0, 0x01,
    0xF8, 0xBC, 0x00, 0x3E, 0x00, 0x3F, 0x0B, 0xC0, 0x07, 0xD0, 0x07, 0xE0, 0x7C, 0x00, 0xBC, 0x00,
    0xFC, 0x03, 0xE0, 0x1E, 0xC0, 0x7E, 0x00, 0x0B, 0xF9, 0x06, 0xFE, 0x40, 0x00, 0x00, 0x2F, 0xFF,
    0x00, 0x0D, 0x75, 0xC0, 0x03, 0x2C, 0x60, 0x00, 0x00, 0x00, 0x01, 0x80, 0x09, 0x01, 0xF0, 0x03,
    0xD1, 0xF0, 0x00, 0x7C, 0xF0, 0x00, 0x1F, 0x7C, 0x0E, 0x07, 0xEE, 0x0B, 0x82, 0xEB, 0x42, 0xC0,
    0xF2, 0xC0, 0xE0, 0xB8, 0x34, 0x78, 0x78, 0x07, 0xE2, 0xF4, 0x00, 0x00, 0x06, 0xFF, 0x43, 0x00,
    0x0F, 0x80, 0x7F, 0x80, 0x1F, 0x00, 0x03, 0xD0, 0x1F, 0x00, 0x00, 0xB0, 0x0F, 0x40, 0x00, 0x1C,
    0x0B, 0x80, 0x00, 0x00, 0x03, 0xD0, 0x00, 0x00, 0x01, 0xF0, 0x00, 0x00, 0x00, 0xBC, 0x00, 0x00,
    0x00, 0x2F, 0x00, 0x00, 0x00, 0x0B, 0xC0, 0x00, 0x00, 0x01, 0xFC, 0x00, 0x00, 0x00, 0x3F, 0xE4,
    0x00, 0x00, 0x07, 0xFF, 0xF9, 0x00, 0x00, 0x2F, 0xFF, 0xE0, 0x00, 0x00, 0x1B, 0xFD, 0x00, 0x00,
    0x00, 0x07, 0x80, 0x00, 0x00, 0x00, 0x90, 0x00, 0x00, 0x00, 0x10, 0x00, 0x00, 0x7F, 0x80, 0x2D,
    0x1E, 0x0B, 0x02, 0xD1, 0xE0, 0x00, 0x2D, 0x00, 0x03, 0xC0, 0x00, 0x3C, 0x00, 0x03, 0xE0, 0x00,
    0x1F, 0xE4, 0x00, 0x2F, 0xE0, 0x00, 0x1F, 0x00, 0x00, 0x74, 0x00, 0x07, 0x00, 0x02, 0xC0, 0x00,
    0x00, 0x00, 0x00, 0xC0, 0x06, 0x2F, 0xC0, 0x7D, 0x20, 0x28, 0x80, 0x03, 0x00, 0x00, 0x74, 0x00,
    0x00, 0x00, 0x00, 0x14, 0x00, 0xE3, 0xF9, 0x1E, 0x78, 0x2F, 0xDB, 0x40, 0x14, 0x02, 0xFF, 0x80,
    0x0B, 0xD0, 0x3C, 0x0B, 0x80, 0x03, 0xC0, 0x00, 0x00, 0x2C, 0x07, 0xE0, 0xA2, 0xD3, 0x0F, 0x0C,
    0x00, 0x00, 0x00, 0x1F, 0xC7, 0xCA, 0x78, 0x20, 0x0C, 0x00, 0x00, 0x00, 0x00, 0x00, 0x0F, 0x00,
    0x00, 0x00, 0x00, 0x00, 0x0B, 0xD0, 0x00, 0x00, 0x00, 0x00, 0x02, 0xE0, 0x00, 0x00, 0x00, 0x7C,
    0x00, 0x00, 0x00, 0xF0, 0x00, 0x3F, 0x00, 0x00, 0x00, 0xFD, 0x00, 0x0B, 0x40, 0x00, 0x00, 0x1E,
    0x00, 0x00, 0x00, 0x00, 0x00, 0x00, 0x00, 0x00, 0x00, 0x00, 0x00, 0x00, 0x00, 0x00, 0x00, 0x00,
    0x00, 0x00, 0x00, 0x00, 0x00, 0x00, 0x00, 0x00, 0x00, 0x03, 0xC0, 0x00, 0x00, 0x00, 0x00, 0xF3,
    0xF4, 0x00, 0x00, 0x00, 0x00, 0xFD, 0x78, 0x00, 0x00, 0x00, 0x00, 0x2E, 0x00, 0x00, 0x00, 0x00,
    0x00, 0x00, 0x00, 0x00, 0x00, 0x00, 0x00, 0x00, 0x00, 0x00, 0x00, 0x00, 0x00, 0x00, 0x00, 0x00,
    0x00, 0x00, 0x00, 0x00, 0x00, 0x00, 0x00, 0x00, 0x00, 0x00, 0x00, 0x00, 0xF0, 0x00, 0x00, 0x02,
    0xD0, 0x00, 0xFD, 0x00, 0x00, 0x02, 0xF8, 0x00, 0x2E, 0x00, 0x00, 0x00, 0x7C, 0x00, 0x00, 0x00,
    0x1F, 0x00, 0x00, 0x00, 0x00, 0x00, 0x0F, 0xC0, 0x00, 0x00, 0x00, 0x00, 0x02, 0xE0, 0x00, 0x00,
    0x00, 0x00, 0x00, 0x00, 0x00, 0x00, 0x00, 0x00, 0x00, 0x00, 0x00, 0x00, 0x18, 0x00, 0x00, 0x00,
    0x00, 0x00, 0x00, 0xA0, 0x00, 0x00, 0x00, 0x00, 0x00, 0x01, 0xF4, 0x00, 0x00, 0x00, 0x02, 0x00,
    0x02, 0xF4, 0x00, 0x00, 0x00, 0x03, 0xE0, 0x01, 0xE0, 0x02, 0xFC, 0x00, 0x03, 0xF0, 0x00, 0x00,
    0x0B, 0xD0, 0x00, 0x03, 0xE0, 0x00, 0x00, 0x0B, 0x80, 0x00, 0x00, 0x00, 0x00, 0x00, 0x00, 0x00,
    0x00, 0x00, 0x00, 0x00, 0x00, 0x00, 0x00, 0x00, 0x00, 0x00, 0x00, 0x00, 0x00, 0x00, 0x00, 0x00,
    0x00, 0x00, 0x00, 0x00, 0x00, 0x13, 0xC0, 0x00, 0x00, 0x00, 0x00, 0xF4, 0x2F, 0xD0, 0x00, 0x00,
    0x00, 0x03, 0xFC, 0x0B, 0x80, 0x00, 0x00, 0x00, 0x02, 0xE1, 0x00, 0x00, 0x00, 0x00, 0x00, 0x00,
    0x00, 0x00, 0x00, 0x00, 0x00, 0x00, 0x00, 0x00, 0x00, 0x00, 0x00, 0x00, 0x00, 0x00, 0x00, 0x00,
    0x00, 0x00, 0x00, 0x00, 0x00, 0x00, 0x00, 0x00, 0x00, 0x00, 0x00, 0x00, 0x00, 0x01, 0xF0, 0x00,
    0x00, 0x03, 0xD0, 0x00, 0x03, 0xF4, 0x00, 0x00, 0x0B, 0xE0, 0x00, 0x2F, 0xE0, 0x03, 0xC0, 0x03,
    0xA0, 0x00, 0x00, 0x00, 0x0F, 0xD0, 0x00, 0x40, 0x00, 0x00, 0x00, 0x0B, 0xC0, 0x00, 0x00, 0x00,
    0x00, 0x00, 0x07, 0x00, 0x00, 0x00, 0x00, 0x00, 0x00, 0x18, 0x00, 0x00, 0x00, 0x00, 0x00, 0x00,
    0x1F, 0x00, 0x00, 0x00, 0x00, 0x2E, 0x02, 0x40, 0x00, 0x00, 0x1F, 0xF9, 0x00, 0x00, 0x00, 0x00,
    0x00, 0x00, 0x00, 0x00, 0x00, 0x00, 0x00, 0x00, 0xFF, 0xFC, 0x7F, 0xFF, 0x00, 0x1F, 0x80, 0x0B,
    0xD0, 0x00, 0x2F, 0x40, 0x2F, 0xC0, 0x00, 0x3F, 0x00, 0x6F, 0xC0, 0x00, 0x3F, 0x01, 0xDF, 0x80,
    0x00, 0x7E, 0x07, 0x2F, 0x40, 0x00, 0xBD, 0x0C, 0x3F, 0x00, 0x00, 0xFC, 0x34, 0x3F, 0x00, 0x00,
    0xFC, 0xD0, 0x7E, 0x00, 0x01, 0xFA, 0x80, 0xBD, 0x00, 0x02, 0xFF, 0x00, 0xFC, 0x00, 0x03, 0xFC,
    0x00, 0xFC, 0x00, 0x03, 0xF0, 0x01, 0xF8, 0x00, 0x7F, 0xFE, 0x2F, 0xFF, 0xC0, 0x00, 0x00, 0x00,
    0x07, 0xC0, 0x00, 0x00, 0x00, 0x03, 0x80, 0x00, 0x00, 0x00, 0x02, 0x80, 0x00, 0x00, 0x00, 0x02,
    0x40, 0x00, 0x0F, 0x00, 0x00, 0x02, 0xF4, 0x00, 0x00, 0x2F, 0x02, 0x40, 0x00, 0xBF, 0xD0, 0x0B,
    0xC0, 0x00, 0x02, 0x8F, 0x00, 0xF0, 0x31, 0xF0, 0x1F, 0x00, 0x2E, 0x02, 0xE0, 0x03, 0xC0, 0x3D,
    0x00, 0x7C, 0x03, 0xC0, 0x0B, 0x80, 0x7C, 0x00, 0xB8, 0x0B, 0x84, 0x07, 0xC2, 0xF6, 0x80, 0x1F,
    0xD3, 0xF8, 0x00, 0x00, 0x00, 0xC0, 0x00, 0x00, 0x1E, 0x00, 0x00, 0x03, 0xE0, 0x00, 0x00, 0xF8,
    0x00, 0x00, 0x00, 0x00, 0x00, 0xBF, 0xFD, 0x00, 0x00, 0x03, 0xF0, 0x00, 0x00, 0xFF, 0xFF, 0xFF,
    0xF0, 0x00, 0x7D, 0x00, 0x00, 0x00, 0x2F, 0x00, 0x00, 0x00, 0x0F, 0xC0, 0x00, 0x00, 0x03, 0xFF,
    0xFE, 0x40, 0x01, 0xF4, 0x03, 0xF4, 0x00, 0xBC, 0x00, 0x3F, 0x00, 0x3F, 0x00, 0x0F, 0xC0, 0x0F,
    0x80, 0x07, 0xE0, 0x07, 0xD0, 0x03, 0xF0, 0x02, 0xF0, 0x07, 0xF0, 0x0F, 0xFF, 0xFF, 0xE0, 0x00,
    0x00, 0x00, 0x02, 0xFC, 0x00, 0x07, 0xC0, 0x00, 0xB8, 0x00, 0x0F, 0x40, 0x0B, 0xFF, 0xF0, 0x1F,
    0x00, 0x02, 0xE0, 0x00, 0x3D, 0x00, 0x03, 0xFF, 0xF4, 0x7D, 0x03, 0xCB, 0x80, 0x3E, 0xB4, 0x03,
    0xD7, 0x81, 0xF8, 0x1F, 0xF9, 0x00, 0x00, 0xFF, 0xFF, 0xF8, 0x00, 0x07, 0xD0, 0x1F, 0xC0, 0x02,
    0xF0, 0x02, 0xF0, 0x00, 0xFC, 0x00, 0xBC, 0x00, 0x3E, 0x00, 0x3F, 0x00, 0x1F, 0x4D, 0x1F, 0x40,
    0x0B, 0xC0, 0xEF, 0x40, 0x03, 0xFF, 0xFF, 0x00, 0x00, 0xFC, 0x00, 0xB0, 0x00, 0x7E, 0x00, 0x06,
    0x00, 0x2F, 0x40, 0x00, 0x00, 0x0F, 0xC0, 0x00, 0x00, 0x03, 0xF0, 0x00, 0x00, 0x2F, 0xFF, 0x80,
    0x00, 0x00, 0x00, 0x00, 0x00, 0x00, 0x00, 0x00, 0x00, 0x00, 0xF8, 0x7F, 0x40, 0xDB, 0xE0, 0xF0,
    0x72, 0xF0, 0x1E, 0x00, 0xF4, 0x0B, 0xC0, 0x3C, 0x03, 0xE0, 0x1F, 0x08, 0xF8, 0x0B, 0x81, 0xFC,
    0x03, 0xD0, 0x3E, 0x00, 0xF8, 0x2F, 0x80, 0x7E, 0xFD, 0x24, 0x2E, 0x00, 0x00, 0x0F, 0x40, 0x00,
    0x03, 0xC0, 0x00, 0x07, 0xFD, 0x00, 0x00, 0x00, 0x00, 0x00, 0x00, 0x00, 0x00, 0x00, 0x00, 0x70,
    0x00, 0x00, 0x00, 0x34, 0x00, 0x00, 0x00, 0x1C, 0x00, 0x00, 0x00, 0x2E, 0x00, 0x3F, 0xFF, 0xFF,
    0x40, 0x01, 0xF8, 0x00, 0x00, 0x00, 0xBD, 0x00, 0x00, 0x00, 0x3F, 0x00, 0x00, 0x00, 0x0F, 0xC0,
    0x00, 0x00, 0x07, 0xE0, 0x00, 0x00, 0x02, 0xF4, 0x00, 0x00, 0x00, 0xFC, 0x00, 0x00, 0x00, 0x3F,
    0x00, 0x00, 0x00, 0x1F, 0x80, 0x00, 0x00, 0x0B, 0xD0, 0x00, 0x00, 0x03, 0xF0, 0x00, 0x00, 0x00,
    0xFC, 0x00, 0x00, 0x0B, 0xFF, 0xF0, 0x00, 0x00, 0x00, 0x00, 0x00, 0x78, 0x00, 0x00, 0x03, 0xE0,
    0x00, 0x00, 0x1F, 0x40, 0x00, 0xFF, 0xFC, 0x00, 0x07, 0xC0, 0x00, 0x00, 0x2E, 0x00, 0x00, 0x00,
    0xF4, 0x00, 0x00, 0x03, 0xC0, 0x00, 0x00, 0x1F, 0x00, 0x00, 0x00, 0xB8, 0x00, 0x02, 0xD3, 0xC0,
    0x00, 0x0F, 0x7E, 0x00, 0x00, 0x1F, 0x90, 0x00, 0x00, 0x00, 0xFF, 0xFF, 0xFC, 0x00, 0x7D, 0x01,
    0xF0, 0x02, 0xF0, 0x02, 0x80, 0x0F, 0xC0, 0x0A, 0x00, 0x3E, 0x00, 0x24, 0x01, 0xF4, 0x00, 0x01,
    0xFF, 0xFF, 0x40, 0x00, 0x3F, 0x00, 0x00, 0x00, 0xF8, 0x00, 0x00, 0x07, 0xD0, 0x00, 0x00, 0x2F,
    0x00, 0x00, 0x00, 0xFC, 0x00, 0x00, 0x03, 0xF0, 0x00, 0x02, 0xFF, 0xFC, 0x00, 0x00, 0x06, 0xFD,
    0x0B, 0x43, 0xD2, 0x00, 0xF4, 0x01, 0xBC, 0xBF, 0xFF, 0x4B, 0xF8, 0x0B, 0xD0, 0x03, 0xD0, 0x14,
    0xB4, 0x2C, 0x0B, 0xF8, 0x00, 0x00, 0xFF, 0xFF, 0xFE, 0x00, 0x1F, 0x80, 0x2D, 0x00, 0x2F, 0x40,
    0x0D, 0x00, 0x3F, 0x00, 0x0D, 0x00, 0x3E, 0x00, 0x0C, 0x00, 0x7D, 0x00, 0x00, 0x00, 0xBF, 0xFF,
    0x90, 0x00, 0xFC, 0x07, 0xF8, 0x00, 0xFC, 0x00, 0xFC, 0x01, 0xF8, 0x00, 0xBD, 0x02, 0xF4, 0x00,
    0x7E, 0x03, 0xF0, 0x00, 0xBD, 0x03, 0xF0, 0x00, 0xFC, 0xBF, 0xFF, 0x00, 0xFC, 0x00, 0x0F, 0x02,
    0xF4, 0x00, 0x2F, 0x47, 0xE0, 0x00, 0x2F, 0x1F, 0x40, 0x00, 0x0B, 0xF8, 0x00, 0x03, 0xFF, 0xF0,
    0x1F, 0x00, 0x00, 0xB8, 0x00, 0x03, 0xD0, 0x00, 0x0F, 0xFE, 0x00, 0x7C, 0x2F, 0x42, 0xE0, 0x2E,
    0x0F, 0x40, 0xB8, 0x3C, 0x03, 0xD0, 0xE0, 0x0F, 0x00, 0x00, 0xBC, 0x01, 0xE3, 0xD0, 0x0B, 0xAE,
    0x00, 0x0F, 0xD0, 0x00, 0x00, 0xBF, 0xE0, 0x7F, 0xFF, 0x03, 0xFF, 0x00, 0x02, 0xD0, 0x01, 0xF4,
    0x00, 0x78, 0x00, 0x00, 0x2C, 0x00, 0xBC, 0x00, 0xB4, 0x00, 0x00, 0x03, 0xC0, 0x3F, 0x00, 0xE0,
    0x00, 0x00, 0x00, 0x3C, 0x0F, 0x81, 0xD0, 0x00, 0x00, 0x00, 0x07, 0x87, 0xD2, 0xD0, 0x00, 0x00,
    0x00, 0x03, 0xF6, 0xF7, 0xF8, 0x00, 0x00, 0x00, 0x03, 0xF7, 0xFF, 0x7F, 0x00, 0x00, 0x00, 0x03,
    0xF0, 0xBF, 0x07, 0xE0, 0x00, 0x00, 0x03, 0xF0, 0x1F, 0x40, 0xFC, 0x00, 0x00, 0x03, 0xF0, 0x0B,
    0xC0, 0x2F, 0x40, 0x00, 0x03, 0xF0, 0x03, 0xF0, 0x03, 0xF0, 0x00, 0x07, 0xF0, 0x01, 0xF8, 0x00,
    0xBD, 0x00, 0x0F, 0xFF, 0x0B, 0xFF, 0xD0, 0x7F, 0xF0, 0x00, 0x00, 0x00, 0x00, 0x00, 0x00, 0x2C,
    0x00, 0x00, 0x00, 0x00, 0x00, 0x00, 0x07, 0x00, 0x00, 0x00, 0x00, 0x00, 0x00, 0x01, 0xC0, 0x00,
    0x00, 0x00, 0x00, 0x00, 0x00, 0x60, 0x00, 0x01, 0xFE, 0x00, 0x34, 0x02, 0xFE, 0x00, 0xB4, 0x3C,
    0x0B, 0x81, 0xF4, 0xB4, 0x1C, 0x02, 0xE0, 0xF4, 0x7C, 0x0F, 0x00, 0x00, 0x2E, 0x0F, 0x0F, 0x80,
    0x00, 0x00, 0x03, 0xFF, 0xFF, 0xF4, 0x00, 0x00, 0x00, 0x3D, 0x2E, 0x1F, 0x00, 0x00, 0x00, 0x0B,
    0xC3, 0xD2, 0xF0, 0x00, 0x03, 0xC0, 0xF4, 0x3C, 0x1F, 0x00, 0x20, 0x38, 0x7D, 0x07, 0xC0, 0xF4,
    0x1F, 0x41, 0xFE, 0x00, 0xB8, 0x02, 0xFE, 0x70, 0x00, 0x00, 0x00, 0x00, 0x00, 0x03, 0x40, 0x00,
    0x00, 0x00, 0x00, 0x00, 0x3C, 0x00, 0x00, 0x00, 0x00, 0x00, 0x0F, 0xC0, 0x00, 0x00, 0x00, 0x00,
    0x03, 0xE0, 0x00, 0x00, 0x00, 0x00, 0x00, 0x00, 0x00, 0x01, 0xCB, 0xFE, 0x00, 0x2F, 0x40, 0xFC,
    0x03, 0xC0, 0x07, 0xD0, 0x70, 0x00, 0x7D, 0x00, 0x00, 0x0F, 0xC0, 0x00, 0x07, 0xE0, 0x00, 0x3F,
    0xE0, 0x00, 0x00, 0x07, 0xD0, 0x00, 0x00, 0x2F, 0x00, 0x00, 0x02, 0xF4, 0x70, 0x00, 0x2F, 0x07,
    0x00, 0x03, 0xF0, 0x70, 0x00, 0xBD, 0x03, 0xD0, 0x7F, 0x40, 0x07, 0xFE, 0x40, 0x00, 0x0F, 0x40,
    0x00, 0x00, 0x3D, 0x00, 0x00, 0x07, 0xD0, 0x00, 0x2F, 0xE4, 0x00, 0x00, 0x00, 0x6F, 0xE0, 0x02,
    0xD0, 0x7C, 0x00, 0x00, 0x7C, 0x00, 0x01, 0xF4, 0x00, 0x7F, 0xD0, 0x00, 0x01, 0xF0, 0x0F, 0x00,
    0xF8, 0x1F, 0x00, 0xF4, 0x1D, 0x02, 0xF0, 0x0B, 0xAF, 0x40, 0x01, 0xF0, 0x00, 0x01, 0xF8, 0x00,
    0x00, 0x3D, 0x00, 0x00, 0xBC, 0x00, 0x3F, 0xE0, 0x00, 0x00, 0x00, 0x00, 0x00, 0xFF, 0xFC, 0x0F,
    0xFC, 0x00, 0x1F, 0x80, 0x03, 0x80, 0x00, 0x2F, 0x40, 0x1D, 0x00, 0x00, 0x3F, 0x00, 0xB0, 0x00,
    0x00, 0x3F, 0x07, 0x80, 0x00, 0x00, 0x7E, 0x2D, 0x00, 0x00, 0x00, 0xBD, 0xFF, 0x00, 0x00, 0x00,
    0xFF, 0x7F, 0x00, 0x00, 0x00, 0xFC, 0x1F, 0x80, 0x00, 0x01, 0xF8, 0x0F, 0xC0, 0x00, 0x02, 0xF4,
    0x07, 0xE0, 0x00, 0x03, 0xF0, 0x03, 0xF0, 0x00, 0x03, 0xF0, 0x02, 0xF8, 0x00, 0x7F, 0xFE, 0x0F,
    0xFF, 0x40, 0x00, 0x00, 0x00, 0x0B, 0x00, 0x00, 0x00, 0x00, 0x03, 0x00, 0x00, 0x00, 0x00, 0x03,
    0x00, 0x00, 0x00, 0x00, 0x03, 0x00, 0x0F, 0x80, 0x2E, 0x09, 0xB4, 0x37, 0xC3, 0x2E, 0x21, 0xE0,
    0x0F, 0xA0, 0x00, 0x03, 0xF8, 0x00, 0x01, 0xFB, 0xE0, 0x00, 0xB8, 0x3C, 0x00, 0x3D, 0x0F, 0x00,
    0x0F, 0x03, 0xC9, 0x03, 0x80, 0x7F, 0x40, 0x00, 0x00, 0x70, 0x00, 0x00, 0x2D, 0x00, 0x00, 0x1F,
    0x40, 0x00, 0x1F, 0x80, 0x00, 0x00, 0x00, 0x00, 0x00, 0x00, 0x00, 0x00, 0x00, 0x0F, 0xFF, 0xC0,
    0x0F, 0xFC, 0x00, 0x1F, 0x80, 0x00, 0xB4, 0x00, 0x02, 0xF1, 0x00, 0x74, 0x00, 0x00, 0x3F, 0x30,
    0x78, 0x00, 0x00, 0x03, 0xE7, 0x78, 0x00, 0x00, 0x00, 0x7F, 0xFF, 0x80, 0x00, 0x00, 0x0B, 0xCD,
    0xFC, 0x00, 0x00, 0x00, 0xFC, 0xCB, 0xE0, 0x00, 0x00, 0x0F, 0x8C, 0x3F, 0x00, 0x00, 0x01, 0xF4,
    0x01, 0xFC, 0x00, 0x00, 0x2F, 0x00, 0x0F, 0xD0, 0x00, 0x03, 0xF0, 0x00, 0x7F, 0x00, 0x00, 0x3F,
    0x00, 0x03, 0xF4, 0x00, 0x7F, 0xFE, 0x01, 0xFF, 0xF0, 0x00, 0x0F, 0x80, 0x07, 0xC3, 0x6D, 0x01,
    0xAC, 0x32, 0xE1, 0x23, 0x80, 0x3D, 0x24, 0x00, 0x03, 0xFF, 0xC0, 0x00, 0x7C, 0xDF, 0x00, 0x0B,
    0x80, 0xF4, 0x00, 0xF4, 0x0F, 0x0C, 0x0F, 0x00, 0xF2, 0xC0, 0xE0, 0x03, 0xE0, 0x00, 0xFF, 0xFC,
    0x0F, 0xFC, 0x00, 0x1F, 0x80, 0x03, 0x80, 0x00, 0x1F, 0x40, 0x1E, 0x00, 0x07, 0xFF, 0xFC, 0xB4,
    0x00, 0x00, 0x3F, 0x07, 0x80, 0x00, 0x00, 0x7E, 0x2E, 0x00, 0x00, 0x00, 0xBE, 0xFE, 0x00, 0x00,
    0x00, 0xFF, 0xBF, 0x00, 0x00, 0x00, 0xFC, 0x1F, 0x80, 0x00, 0x01, 0xF8, 0x0F, 0xC0, 0x00, 0x02,
    0xF4, 0x07, 0xE0, 0x00, 0x03, 0xF0, 0x03, 0xF0, 0x00, 0x03, 0xF0, 0x02, 0xF8, 0x00, 0x7F, 0xFE,
    0x0F, 0xFF, 0x00, 0x00, 0x00, 0x00, 0x2F, 0xC0, 0x00, 0x1F, 0x00, 0x03, 0xFF, 0x40, 0x03, 0xD0,
    0x00, 0x0F, 0x03, 0xD0, 0x7C, 0x27, 0x82, 0xE2, 0x2D, 0x0F, 0x60, 0x00, 0x3F, 0x40, 0x01, 0xFF,
    0xD0, 0x0B, 0x47, 0xC0, 0x3C, 0x1F, 0x19, 0xF0, 0x78, 0xD3, 0x40, 0x7D, 0x00, 0x0B, 0xFF, 0xFF,
    0x42, 0xFF, 0x83, 0xC0, 0xFC, 0x00, 0x2D, 0x01, 0xC0, 0x3E, 0x00, 0x38, 0x00, 0xD0, 0x1F, 0x40,
    0x74, 0x00, 0x30, 0x0B, 0xC0, 0xF0, 0x00, 0x00, 0x03, 0xF1, 0xF0, 0x00, 0x00, 0x00, 0xFA, 0xFC,
    0x00, 0x00, 0x00, 0x7F, 0xAF, 0x80, 0x00, 0x00, 0x2F, 0x43, 0xF0, 0x00, 0x00, 0x0F, 0xC0, 0xBE,
    0x00, 0x00, 0x03, 0xE0, 0x0F, 0xC0, 0x00, 0x01, 0xF4, 0x02, 0xF4, 0x00, 0x00, 0xBC, 0x00, 0x3F,
    0x00, 0x03, 0xFF, 0xF0, 0xBF, 0xF8, 0x00, 0x2F, 0xFF, 0x41, 0xF0, 0xF4, 0x3D, 0x2A, 0xD3, 0x80,
    0xF2, 0x4F, 0x00, 0x07, 0xF4, 0x00, 0x00, 0x2F, 0xD0, 0x00, 0x00, 0xF5, 0xF0, 0x00, 0x03, 0xC2,
    0xE0, 0x00, 0x1F, 0x0B, 0x49, 0x00, 0xB8, 0x2D, 0x70, 0x02, 0xC0, 0x2F, 0x00, 0x00, 0x00, 0x00,
    0x00, 0x00, 0x00, 0xFF, 0xFC, 0x7F, 0xFF, 0x00, 0x1F, 0x80, 0x07, 0xD0, 0x00, 0x2F, 0x40, 0x0B,
    0xC0, 0x00, 0x3F, 0x00, 0x0F, 0xC0, 0x00, 0x3F, 0x00, 0x0F, 0x80, 0x00, 0x7E, 0x00, 0x2F, 0x40,
    0x00, 0xBF, 0xFF, 0xFF, 0x00, 0x00, 0xFC, 0x00, 0x3F, 0x00, 0x00, 0xFC, 0x00, 0x7E, 0x00, 0x01,
    0xF8, 0x00, 0xBD, 0x00, 0x02, 0xF4, 0x00, 0xFC, 0x00, 0x03, 0xF0, 0x00, 0xFC, 0x00, 0x03, 0xF0,
    0x01, 0xF8, 0x00, 0x7F, 0xFE, 0x2F, 0xFF, 0xC0, 0x00, 0x00, 0x00, 0x07, 0xC0, 0x00, 0x00, 0x00,
    0x03, 0x80, 0x00, 0x00, 0x00, 0x02, 0x80, 0x00, 0x00, 0x00, 0x02, 0x40, 0x0F, 0x80, 0x00, 0x03,
    0xAD, 0x00, 0xF0, 0x32, 0xE0, 0x1F, 0x01, 0x3D, 0x03, 0xE0, 0x03, 0xFF, 0xFD, 0x00, 0x7C, 0x03,
    0xC0, 0x0B, 0x80, 0x7C, 0x00, 0xF4, 0x0B, 0x80, 0x0F, 0x00, 0xB5, 0x80, 0xE0, 0x03, 0xF8, 0x00,
    0x00, 0x00, 0xC0, 0x00, 0x00, 0x1E, 0x00, 0x00, 0x03, 0xE0, 0x00, 0x00, 0xF8, 0x00, 0x00, 0x00,
    0x00, 0x00, 0xFF, 0xFC, 0x7F, 0xFF, 0xFE, 0x00, 0x1F, 0x80, 0x07, 0xD0, 0x2D, 0x00, 0x2F, 0x40,
    0x0B, 0xC0, 0x0D, 0x00, 0x3F, 0x00, 0x0F, 0xC0, 0x0C, 0x00, 0x3F, 0x00, 0x0F, 0x80, 0x0C, 0x00,
    0x7E, 0x00, 0x2F, 0x40, 0x00, 0x00, 0xBF, 0xFF, 0xFF, 0x00, 0x00, 0x00, 0xFC, 0x00, 0x3F, 0x00,
    0x00, 0x00, 0xFC, 0x00, 0x7E, 0x00, 0x00, 0x01, 0xF8, 0x00, 0xBD, 0x00, 0x00, 0x02, 0xF4, 0x00,
    0xFC, 0x00, 0x00, 0x03, 0xF0, 0x00, 0xFC, 0x00, 0x00, 0x03, 0xF0, 0x01, 0xF8, 0x00, 0x00, 0x7F,
    0xFE, 0x2F, 0xFF, 0x80, 0x00, 0x0F, 0x80, 0x0F, 0xFF, 0x83, 0x6E, 0x00, 0xF0, 0x3C, 0x32, 0xE0,
    0x1F, 0x07, 0xC1, 0x3D, 0x02, 0xE0, 0x10, 0x03, 0xFF, 0xFD, 0x00, 0x00, 0x7C, 0x03, 0xC0, 0x00,
    0x0B, 0x80, 0x7C, 0x00, 0x00, 0xF4, 0x0B, 0x8C, 0x00, 0x0F, 0x00, 0xB6, 0xC0, 0x00, 0xE0, 0x02,
    0xF0, 0x00, 0x00, 0xFF, 0xEA, 0xAF, 0xFF, 0x00, 0x00, 0x1F, 0x80, 0x07, 0xD0, 0x00, 0x00, 0x2F,
    0x40, 0x0B, 0xC0, 0x00, 0x00, 0x3F, 0x00, 0x0F, 0xC0, 0x00, 0x00, 0x3F, 0x00, 0x0F, 0x80, 0x00,
    0x00, 0x7E, 0x00, 0x1F, 0x40, 0x00, 0x00, 0xBD, 0x00, 0x2F, 0xFF, 0x90, 0x00, 0xFC, 0x00, 0x3F,
    0x02, 0xF8, 0x00, 0xFC, 0x00, 0x3E, 0x00, 0xBD, 0x01, 0xF8, 0x00, 0x7D, 0x00, 0x7F, 0x02, 0xF4,
    0x00, 0xBC, 0x00, 0x3F, 0x03, 0xF0, 0x00, 0xFC, 0x00, 0x7E, 0x03, 0xF0, 0x01, 0xF8, 0x00, 0xBD,
    0x7F, 0xFE, 0x2F, 0xFF, 0x40, 0xFC, 0x00, 0x00, 0x00, 0x0B, 0x41, 0xF8, 0x00, 0x00, 0x00, 0x0F,
    0xC3, 0xF0, 0x00, 0x00, 0x00, 0x0F, 0x5F, 0x80, 0x00, 0x00, 0x00, 0x07, 0xF9, 0x00, 0x00, 0x00,
    0x00, 0x00, 0x0F, 0x87, 0xF0, 0x00, 0x2A, 0xF8, 0x3C, 0x00, 0x32, 0xF0, 0x3C, 0x00, 0x63, 0xD0,
    0x7C, 0x00, 0x03, 0xC0, 0xBD, 0x40, 0x07, 0xC0, 0xF9, 0xF8, 0x0B, 0x80, 0xF0, 0x3D, 0x0F, 0x41,
    0xF0, 0x2E, 0x0F, 0x02, 0xE0, 0x3D, 0x0E, 0x01, 0xD0, 0x3C, 0x00, 0x00, 0x00, 0x7C, 0x00, 0x00,
    0x78, 0xB4, 0x00, 0x00, 0xB6, 0xE0, 0x00, 0x00, 0x7F, 0x40, 0x00, 0x1B, 0xFF, 0x90, 0x00, 0xFD,
    0x00, 0xB0, 0x03, 0xE0, 0x00, 0x00, 0x0F, 0xC0, 0x1F, 0xF4, 0x1F, 0x80, 0xB8, 0x2D, 0x3F, 0x01,
    0xE0, 0x1E, 0x3F, 0x03, 0xC0, 0x2E, 0xBE, 0x03, 0xC0, 0x3D, 0xBD, 0x07, 0x80, 0x3C, 0xFC, 0x0B,
    0x40, 0xB8, 0xBC, 0x0B, 0x01, 0xF0, 0x7D, 0x0B, 0x03, 0xD0, 0x3F, 0x47, 0xAF, 0x40, 0x06, 0xFF,
    0xF8, 0x00, 0x00, 0x00, 0xB4, 0x00, 0x00, 0x00, 0x1B, 0xF0, 0x00, 0xBF, 0x80, 0x1F, 0x00, 0x00,
    0xF0, 0x00, 0x0F, 0x82, 0xF8, 0x3D, 0x38, 0xF2, 0xF1, 0xC3, 0xCB, 0xCB, 0x0F, 0x2F, 0x38, 0xB4,
    0x7C, 0xFB, 0x80, 0x7F, 0xF4, 0x00, 0x03, 0x80, 0x00, 0x02, 0xF0, 0x00, 0x06, 0xFF, 0x47, 0x00,
    0x0F, 0xD0, 0x2F, 0xC0, 0x1F, 0x40, 0x03, 0xE0, 0x1F, 0x40, 0x00, 0xB4, 0x0F, 0xC0, 0x00, 0x1C,
    0x0B, 0xD0, 0x00, 0x06, 0x03, 0xF0, 0x00, 0x00, 0x01, 0xF8, 0x00, 0x00, 0x00, 0xBD, 0x00, 0x00,
    0x00, 0x2F, 0x40, 0x00, 0x14, 0x0B, 0xC0, 0x00, 0x0D, 0x01, 0xF4, 0x00, 0x07, 0x00, 0x3F, 0x00,
    0x07, 0x00, 0x03, 0xF4, 0x0B, 0x00, 0x00, 0x1B, 0xF9, 0x00, 0x00, 0x00, 0xBC, 0x00, 0x00, 0x00,
    0x07, 0xC0, 0x00, 0x00, 0x02, 0xE0, 0x00, 0x00, 0x3F, 0x90, 0x00, 0x00, 0x00, 0x7F, 0x80, 0x3E,
    0x1E, 0x0F, 0x82, 0xD1, 0xF0, 0x00, 0x3E, 0x00, 0x03, 0xD0, 0x00, 0x3C, 0x00, 0x03, 0xC0, 0x00,
    0x2D, 0x00, 0xE0, 0xFA, 0xB4, 0x02, 0xF0, 0x00, 0x1F, 0x40, 0x00, 0x7C, 0x00, 0x0B, 0xC0, 0x3F,
    0xE0, 0x00, 0x0B, 0xFF, 0xFF, 0xFC, 0x0F, 0x43, 0xF0, 0x2C, 0x1C, 0x03, 0xE0, 0x1C, 0x34, 0x07,
    0xD0, 0x1C, 0x30, 0x0B, 0xC0, 0x18, 0x00, 0x0F, 0xC0, 0x00, 0x00, 0x0F, 0x80, 0x00, 0x00, 0x1F,
    0x40, 0x00, 0x00, 0x2F, 0x00, 0x00, 0x00, 0x3F, 0x00, 0x00, 0x00, 0x3E, 0x00, 0x00, 0x00, 0x7D,
    0x00, 0x00, 0x00, 0xFC, 0x00, 0x00, 0x3F, 0xFF, 0xF0, 0x00, 0x00, 0x01, 0xF0, 0x00, 0x00, 0x00,
    0xB0, 0x00, 0x00, 0x00, 0x70, 0x00, 0x00, 0x00, 0x60, 0x00, 0x0F, 0x82, 0xF8, 0x2F, 0x80, 0x2A,
    0xED, 0x2E, 0xD1, 0xE0, 0x32, 0xF0, 0x1F, 0x01, 0xF0, 0x23, 0xD0, 0x2E, 0x01, 0xE0, 0x03, 0xC0,
    0x3D, 0x03, 0xD0, 0x07, 0xC0, 0x3C, 0x03, 0xC0, 0x0B, 0x80, 0x7C, 0x07, 0xC0, 0x0F, 0x40, 0xB8,
    0x0F, 0x40, 0x0F, 0x00, 0xF4, 0x0F, 0x1C, 0x0F, 0x00, 0xF0, 0x03, 0xF8, 0x00, 0x00, 0x00, 0x00,
    0x0C, 0x00, 0x00, 0x00, 0x00, 0x1E, 0x00, 0x00, 0x00, 0x00, 0x7E, 0x00, 0x00, 0x00, 0x01, 0xE8,
    0x00, 0x00, 0x00, 0x00, 0x00, 0x7F, 0xFD, 0x02, 0xFF, 0x41, 0xFC, 0x00, 0x2D, 0x00, 0x3F, 0x00,
    0x1C, 0x00, 0x0B, 0xE0, 0x1C, 0x00, 0x01, 0xFC, 0x0D, 0x00, 0x00, 0x3F, 0x4D, 0x00, 0x00, 0x0B,
    0xED, 0x00, 0x00, 0x00, 0xFE, 0x00, 0x00, 0x00, 0x3F, 0x00, 0x00, 0x00, 0x0F, 0x80, 0x00, 0x00,
    0x07, 0xD0, 0x00, 0x00, 0x02, 0xF0, 0x00, 0x00, 0x00, 0xFC, 0x00, 0x00, 0x07, 0xFF, 0xE0, 0x00,
    0x00, 0x0F, 0x80, 0x00, 0xBC, 0x36, 0xE0, 0x03, 0x6D, 0x71, 0xF0, 0x0E, 0x3C, 0x00, 0xF0, 0x1C,
    0x00, 0x00, 0xF0, 0x34, 0x00, 0x00, 0xF4, 0xA0, 0x00, 0x00, 0xB8, 0xC0, 0x00, 0x00, 0xBB, 0x40,
    0x00, 0x00, 0x7E, 0x00, 0x00, 0x00, 0x7C, 0x00, 0x00, 0x00, 0x78, 0x00, 0x00, 0x00, 0xB4, 0x00,
    0x00, 0x00, 0xF0, 0x00, 0x00, 0x0B, 0xFD, 0x00, 0x00, 0x00, 0x00, 0x00, 0x00, 0x7F, 0xFD, 0x02,
    0xFF, 0x41, 0xFC, 0x00, 0x2D, 0x00, 0x3F, 0x00, 0x1C, 0x00, 0x0B, 0xE0, 0x1C, 0x00, 0x01, 0xFC,
    0x1C, 0x00, 0x00, 0x3F, 0x5D, 0x00, 0x00, 0x07, 0xFD, 0x00, 0x00, 0x00, 0xFD, 0x00, 0x00, 0x0F,
    0xFF, 0xF8, 0x00, 0x00, 0x1F, 0x80, 0x00, 0x00, 0x07, 0xD0, 0x00, 0x00, 0x02, 0xF0, 0x00, 0x00,
    0x00, 0xFC, 0x00, 0x00, 0x07, 0xFF, 0xE0, 0x00, 0x00, 0x0B, 0x80, 0x00, 0xBC, 0x2A, 0xE0, 0x03,
    0x6D, 0x31, 0xF0, 0x0E, 0x3C, 0x00, 0xF0, 0x1C, 0x00, 0x00, 0xF4, 0x34, 0x00, 0x00, 0xF4, 0xA0,
    0x00, 0x00, 0xB4, 0xC0, 0x00, 0x00, 0xBB, 0x40, 0x00, 0x00, 0x7F, 0x00, 0x00, 0x00, 0x7C, 0x00,
    0x00, 0x07, 0xFF, 0xC0, 0x00, 0x00, 0xB8, 0x00, 0x00, 0x00, 0xF0, 0x00, 0x00, 0x0B, 0xFD, 0x00,
    0x00, 0x00, 0xFF, 0xFC, 0x7F, 0xF4, 0x00, 0x3F, 0x40, 0x78, 0x00, 0x00, 0x7E, 0x03, 0x40, 0x00,
    0x00, 0xFC, 0x38, 0x00, 0x00, 0x02, 0xFB, 0x80, 0x00, 0x00, 0x03, 0xF8, 0x00, 0x00, 0x00, 0x0F,
    0xD0, 0x00, 0x00, 0x00, 0x3F, 0xC0, 0x00, 0x00, 0x03, 0xBF, 0x00, 0x00, 0x00, 0x2C, 0xBE, 0x00,
    0x00, 0x02, 0xC0, 0xFC, 0x00, 0x00, 0x2C, 0x02, 0xF4, 0x00, 0x02, 0xC0, 0x07, 0xF0, 0x01, 0xFF,
    0xD0, 0xFF, 0xFC, 0x00, 0x00, 0x00, 0x00, 0xF0, 0x00, 0x00, 0x00, 0x01, 0xC0, 0x00, 0x00, 0x00,
    0x07, 0x00, 0x00, 0x00, 0x00, 0x18, 0x00, 0x02, 0xF8, 0x7F, 0x07, 0x43, 0xF4, 0xF3, 0x00, 0xF4,
    0x74, 0x00, 0x3C, 0x00, 0x00, 0x1F, 0x00, 0x00, 0x0B, 0x80, 0x00, 0x03, 0xD0, 0x14, 0xE0, 0xF0,
    0x0D, 0xB4, 0xFD, 0x1F, 0x0B, 0xD2, 0xFD, 0xC0, 0x00, 0x00, 0x38, 0x00, 0x00, 0x2F, 0x00, 0x00,
    0x1F, 0x80, 0x00, 0x09, 0x00, 0x1F, 0xFF, 0xFF, 0xF1, 0xFF, 0xF8, 0xF4, 0x3F, 0x03, 0xC0, 0xBD,
    0x03, 0x40, 0xF8, 0x0A, 0x03, 0xF0, 0x1C, 0x07, 0xD0, 0x24, 0x0F, 0xC0, 0x90, 0x2F, 0x00, 0xD0,
    0x7E, 0x00, 0x00, 0xFC, 0x00, 0x02, 0xF4, 0x00, 0x03, 0xE0, 0x00, 0x0F, 0xC0, 0x00, 0x1F, 0x40,
    0x00, 0x3F, 0x00, 0x00, 0xBC, 0x00, 0x01, 0xF8, 0x00, 0x03, 0xF0, 0x00, 0x0B, 0xD0, 0x00, 0x0F,
    0x80, 0x00, 0x3F, 0x00, 0x00, 0x7D, 0x00, 0x00, 0xFC, 0x00, 0x03, 0xF0, 0x00, 0x07, 0xE0, 0x00,
    0xFF, 0xFF, 0xFF, 0xFF, 0xF8, 0x00, 0x00, 0x00, 0x00, 0x02, 0xE0, 0x00, 0x00, 0x00, 0x00, 0x03,
    0x80, 0x00, 0x00, 0x00, 0x00, 0x0D, 0x00, 0x00, 0x00, 0x00, 0x00, 0x30, 0x00, 0x2F, 0xFF, 0xFF,
    0x0D, 0x03, 0xD0, 0xF4, 0x02, 0xD0, 0x38, 0x0F, 0x00, 0x3D, 0x00, 0x01, 0xF0, 0x03, 0xC0, 0x00,
    0x2E, 0x00, 0x7C, 0x00, 0x03, 0xD0, 0x0B, 0x80, 0x00, 0x3C, 0x00, 0xF4, 0x00, 0x03, 0xC0, 0x1F,
    0x10, 0x00, 0x3D, 0x07, 0xF7, 0x00, 0x00, 0xBF, 0x4B, 0xF0, 0x00, 0x00, 0x00, 0x03, 0x40, 0x00,
    0x00, 0x00, 0x3C, 0x00, 0x00, 0x00, 0x0B, 0xC0, 0x00, 0x00, 0x03, 0xE4, 0x00, 0x00, 0x00, 0x00,
    0x00, 0x3F, 0xFF, 0x1F, 0xFF, 0xC1, 0xF8, 0x00, 0x7D, 0x00, 0xBD, 0x00, 0x2F, 0x00, 0x3F, 0x00,
    0x0F, 0xC0, 0x0F, 0xC0, 0x03, 0xE0, 0x03, 0xE0, 0x02, 0xF4, 0x00, 0xF8, 0x01, 0xFC, 0x00, 0x0B,
    0xFE, 0xBF, 0x00, 0x00, 0x00, 0x1F, 0x80, 0x00, 0x00, 0x0B, 0xD0, 0x00, 0x00, 0x03, 0xF0, 0x00,
    0x00, 0x00, 0xFC, 0x00, 0x00, 0x00, 0x7E, 0x00, 0x00, 0x02, 0xFF, 0xFC, 0x00, 0x00, 0x00, 0x1F,
    0x00, 0x00, 0x00, 0x03, 0x80, 0x00, 0x00, 0x00, 0xA0, 0x00, 0x00, 0x00, 0x24, 0x00, 0x0B, 0x80,
    0x00, 0x02, 0x9E, 0x02, 0xD0, 0x32, 0xE0, 0x3C, 0x00, 0x3D, 0x07, 0xC0, 0x03, 0xD0, 0xF8, 0x00,
    0x0B, 0xFF, 0x40, 0x00, 0x00, 0xF0, 0x00, 0x00, 0x1F, 0x10, 0x00, 0x01, 0xE3, 0x00, 0x00, 0x0B,
    0xF0, 0x00, 0x00, 0x03, 0x40, 0x00, 0x00, 0x3C, 0x00, 0x00, 0x0B, 0xC0, 0x00, 0x03, 0xE4, 0x00,
    0x00, 0x00, 0x00, 0x3F, 0xFF, 0x1F, 0xFF, 0xC1, 0xF8, 0x00, 0x7E, 0x00, 0xBD, 0x00, 0x2F, 0x00,
    0x3F, 0x00, 0x0F, 0xC0, 0x0F, 0xC2, 0x03, 0xE0, 0x03, 0xE0, 0xC2, 0xF4, 0x00, 0xFC, 0x71, 0xFC,
    0x00, 0x0B, 0xFE, 0x7F, 0x00, 0x00, 0x0C, 0x1F, 0x80, 0x00, 0x03, 0x0B, 0xD0, 0x00, 0x00, 0x83,
    0xF0, 0x00, 0x00, 0x00, 0xFC, 0x00, 0x00, 0x00, 0x7E, 0x00, 0x00, 0x02, 0xFF, 0xF8, 0x00, 0x00,
    0x00, 0x00, 0x00, 0x0B, 0x80, 0x08, 0x0A, 0x78, 0x0F, 0x43, 0x2E, 0x03, 0xC0, 0x8F, 0x41, 0xF0,
    0x03, 0xD8, 0xF8, 0x00, 0x2F, 0xBD, 0x00, 0x00, 0x8F, 0x00, 0x00, 0x17, 0xC9, 0x00, 0x00, 0xF3,
    0x00, 0x00, 0x1F, 0x40, 0x00, 0xFF, 0xFC, 0x00, 0x00, 0x07, 0xE0, 0x00, 0x00, 0x02, 0xF4, 0x00,
    0x00, 0x00, 0xFC, 0x6F, 0xE0, 0x00, 0x3F, 0xB4, 0x3F, 0x00, 0x1F, 0xE0, 0x0B, 0xC0, 0x0B, 0xE0,
    0x03, 0xF0, 0x03, 0xF0, 0x00, 0xFC, 0x00, 0xFC, 0x00, 0x7F, 0x00, 0x7E, 0x00, 0x2F, 0x40, 0x2F,
    0x40, 0x0F, 0xC0, 0x0F, 0xC0, 0x03, 0xF0, 0x03, 0xF0, 0x01, 0xF8, 0x1F, 0xFF, 0x8B, 0xFF, 0xE0,
    0x0B, 0xF0, 0x00, 0x00, 0x78, 0x00, 0x00, 0x2D, 0x00, 0x00, 0x0F, 0x00, 0x00, 0x03, 0xCF, 0xD0,
    0x01, 0xF8, 0x3C, 0x00, 0xBC, 0x0B, 0x40, 0x3D, 0x03, 0xD0, 0x0F, 0x00, 0xF0, 0x0B, 0x80, 0xB8,
    0x03, 0xD0, 0x3D, 0x00, 0xF0, 0x0F, 0x1C, 0x7C, 0x03, 0xCD, 0x0D, 0x00, 0x7D, 0x00, 0x00, 0x00,
    0x1B, 0xFE, 0x40, 0x00, 0x03, 0xF4, 0x1F, 0x81, 0xF0, 0x7E, 0x00, 0x1F, 0x0F, 0xC3, 0xE0, 0x00,
    0x3D, 0x3D, 0x3F, 0x00, 0x00, 0xF8, 0xA1, 0xF8, 0x00, 0x07, 0xD0, 0x6F, 0xFF, 0xFF, 0xFF, 0x00,
    0x3F, 0x00, 0x00, 0x00, 0x00, 0xFC, 0x00, 0x00, 0x00, 0x03, 0xF0, 0x00, 0x00, 0x00, 0x0F, 0xC0,
    0x00, 0x00, 0x00, 0x1F, 0x00, 0x00, 0xA0, 0x00, 0x2F, 0x40, 0x1E, 0x00, 0x00, 0x1B, 0xFF, 0x80,
    0x00, 0x00, 0x06, 0xFD, 0x01, 0x0B, 0xC1, 0xC3, 0xDB, 0xC0, 0x70, 0xF7, 0xD0, 0x78, 0x0F, 0xFF,
    0xE4, 0x00, 0xBC, 0x00, 0x00, 0x2E, 0x00, 0x00, 0x07, 0x80, 0x08, 0x00, 0xF4, 0x1E, 0x00, 0x0B,
    0xF9, 0x00, 0x00, 0x00, 0x1B, 0xFE, 0x40, 0x00, 0x03, 0xF4, 0x1F, 0x81, 0xF0, 0x7E, 0x00, 0x1F,
    0x0F, 0xC3, 0xE0, 0x00, 0x3D, 0x3D, 0x3F, 0x00, 0x00, 0xF8, 0xA1, 0xF8, 0x00, 0x07, 0xD0, 0x6F,
    0xFF, 0xFF, 0xFF, 0x00, 0x3F, 0x00, 0x00, 0x00, 0x00, 0xFC, 0x00, 0x00, 0x00, 0x03, 0xF0, 0x00,
    0x00, 0x00, 0x0F, 0xC0, 0x00, 0x00, 0x00, 0x1F, 0x00, 0x00, 0xA0, 0x00, 0x2F, 0x40, 0x1E, 0x00,
    0x00, 0x1B, 0xFF, 0x80, 0x00, 0x00, 0x03, 0x80, 0x00, 0x00, 0x00, 0x3C, 0x00, 0x00, 0x00, 0x00,
    0xE0, 0x00, 0x00, 0x00, 0x07, 0xC0, 0x00, 0x00, 0x00, 0x0B, 0xE0, 0x00, 0x00, 0x00, 0x06, 0xFD,
    0x01, 0x0B, 0xC1, 0xC3, 0xDB, 0xC0, 0x70, 0xF7, 0xD0, 0x78, 0x0F, 0xFF, 0xE4, 0x00, 0xBC, 0x00,
    0x00, 0x2E, 0x00, 0x00, 0x07, 0x80, 0x08, 0x00, 0xF4, 0x1E, 0x00, 0x0B, 0xFD, 0x00, 0x00, 0x1C,
    0x00, 0x00, 0x1D, 0x00, 0x00, 0x0B, 0x00, 0x00, 0x03, 0xD0, 0x00, 0x00, 0x3F, 0x40, 0x01, 0xFF,
    0xFC, 0x00, 0x1F, 0x80, 0x00, 0x2F, 0x40, 0x00, 0x3F, 0x00, 0x00, 0x3F, 0x00, 0x00, 0x7E, 0x00,
    0x00, 0xBD, 0x00, 0x00, 0xFC, 0x00, 0x00, 0xFC, 0x00, 0x01, 0xF8, 0x00, 0x02, 0xF4, 0x00, 0x03,
    0xF0, 0x00, 0x03, 0xF0, 0x00, 0xBF, 0xFF, 0x00, 0x00, 0x00, 0x00, 0x0C, 0x01, 0x80, 0x00, 0x00,
    0x00, 0x00, 0x01, 0xFF, 0x80, 0x00, 0x00, 0x00, 0x00, 0x00, 0x00, 0x00, 0x00, 0x00, 0x00, 0x00,
    0x00, 0x00, 0x00, 0x00, 0x00, 0x00, 0xBF, 0xE0, 0x7F, 0xFF, 0x03, 0xFF, 0x00, 0x02, 0xD0, 0x01,
    0xF4, 0x00, 0x78, 0x00, 0x00, 0x2C, 0x00, 0xBC, 0x00, 0xB4, 0x00, 0x00, 0x03, 0xC0, 0x3F, 0x00,
    0xF0, 0x00, 0x00, 0x00, 0x3C, 0x0F, 0x81, 0xD0, 0x00, 0x00, 0x00, 0x07, 0x87, 0xD2, 0xD0, 0x00,
    0x00, 0x00, 0x03, 0xF6, 0xF7, 0xF8, 0x00, 0x00, 0x00, 0x03, 0xF7, 0xFF, 0x7F, 0x00, 0x00, 0x00,
    0x03, 0xF0, 0xBF, 0x07, 0xE0, 0x00, 0x00, 0x03, 0xF0, 0x1F, 0x40, 0xFC, 0x00, 0x00, 0x03, 0xF0,
    0x0B, 0xC0, 0x2F, 0x40, 0x00, 0x03, 0xF0, 0x03, 0xF0, 0x03, 0xF0, 0x00, 0x03, 0xF0, 0x01, 0xF8,
    0x00, 0xBD, 0x00, 0x0F, 0xFF, 0x0B, 0xFF, 0xE0, 0xFF, 0xF0, 0x00, 0x00, 0x00, 0x02, 0x00, 0x20,
    0x00, 0x00, 0x00, 0x00, 0x90, 0x28, 0x00, 0x00, 0x00, 0x00, 0x0B, 0xF4, 0x00, 0x00, 0x00, 0x00,
    0x00, 0x00, 0x00, 0x00, 0x01, 0xFE, 0x00, 0x34, 0x02, 0xFE, 0x02, 0xD0, 0xF0, 0x2E, 0x07, 0xD2,
    0xD1, 0xC0, 0x2E, 0x0F, 0x47, 0xC0, 0xF0, 0x00, 0x0F, 0x83, 0xC3, 0xE0, 0x00, 0x00, 0x03, 0xFF,
    0xFF, 0xF4, 0x00, 0x00, 0x00, 0xF4, 0xB8, 0x7C, 0x00, 0x00, 0x00, 0xBC, 0x3D, 0x2F, 0x00, 0x00,
    0xF0, 0x3D, 0x0F, 0x07, 0xC0, 0x04, 0x38, 0x7D, 0x07, 0xC0, 0xF4, 0x1F, 0x07, 0xF8, 0x02, 0xE0,
    0x0B, 0xFE, 0x00, 0x00, 0xFF, 0xFC, 0x0F, 0xFC, 0x00, 0x1F, 0x80, 0x07, 0x80, 0x00, 0x2F, 0x40,
    0x2D, 0x00, 0x00, 0x3F, 0x00, 0xE0, 0x00, 0x00, 0x3E, 0x07, 0x40, 0x00, 0x00, 0x7D, 0x38, 0x00,
    0x00, 0x00, 0xBF, 0xFF, 0x90, 0x00, 0x00, 0xFC, 0x01, 0xFC, 0x00, 0x00, 0xFC, 0x00, 0x7E, 0x00,
    0x01, 0xF8, 0x00, 0x3F, 0x00, 0x02, 0xF4, 0x00, 0x3F, 0x00, 0x03, 0xF0, 0x00, 0x3F, 0x00, 0x03,
    0xF0, 0x00, 0x3F, 0x00, 0x7F, 0xFE, 0x00, 0xBD, 0x00, 0x00, 0x00, 0x00, 0xFC, 0x00, 0x00, 0x07,
    0xC2, 0xF0, 0x00, 0x00, 0x0F, 0xCB, 0xC0, 0x00, 0x00, 0x07, 0xFD, 0x00, 0x00, 0x0F, 0x80, 0x2E,
    0x0D, 0xB4, 0x27, 0xC3, 0x2E, 0x21, 0xE0, 0x0F, 0x90, 0x00, 0x03, 0xFF, 0x90, 0x01, 0xF0, 0x7D,
    0x00, 0xB8, 0x0B, 0x80, 0x3D, 0x02, 0xE0, 0x0F, 0x00, 0xF4, 0x03, 0x80, 0x3C, 0x00, 0x00, 0x2E,
    0x00, 0x07, 0x8F, 0x40, 0x02, 0xEB, 0x80, 0x00, 0x3F, 0x40, 0x00, 0x00, 0x03, 0xFF, 0xFF, 0xFF,
    0x00, 0x00, 0x70, 0x07, 0xD0, 0x00, 0x00, 0xA0, 0x0B, 0xC0, 0x00, 0x00, 0xD0, 0x0F, 0xC0, 0x00,
    0x00, 0xC0, 0x0F, 0x80, 0x00, 0x01, 0xC0, 0x1F, 0x40, 0x00, 0x03, 0x40, 0x2F, 0x00, 0x00, 0x03,
    0x00, 0x3F, 0x00, 0x00, 0x07, 0x00, 0x3E, 0x00, 0x00, 0x0D, 0x00, 0x7D, 0x00, 0x2E, 0x1C, 0x00,
    0xBC, 0x00, 0x3F, 0x34, 0x00, 0xFC, 0x00, 0x3D, 0xA0, 0x01, 0xF8, 0x00, 0x2F, 0x80, 0x2F, 0xFF,
    0x40, 0x00, 0x00, 0x00, 0x1E, 0x00, 0x00, 0x00, 0x00, 0x3C, 0x00, 0x00, 0x00, 0x00, 0xF0, 0x00,
    0x00, 0x00, 0x02, 0xC0, 0x00, 0x00, 0x02, 0xF4, 0x00, 0x00, 0xA3, 0xC0, 0x00, 0x1C, 0x3C, 0x00,
    0x02, 0x83, 0xC0, 0x00, 0x30, 0x78, 0x00, 0x07, 0x0B, 0x40, 0x00, 0xA0, 0xF0, 0x03, 0xCC, 0x0F,
    0x00, 0xBB, 0x81, 0xF3, 0x07, 0xE0, 0x0B, 0xF0, 0x00, 0x00, 0x03, 0x40, 0x00, 0x00, 0x3C, 0x00,
    0x00, 0x0B, 0xC0, 0x00, 0x03, 0xE4, 0x00, 0x00, 0x00, 0x00, 0x00, 0xFF, 0xFC, 0x7F, 0xFF, 0x00,
    0x1F, 0x80, 0x07, 0xD0, 0x00, 0x2F, 0x40, 0x0B, 0xC0, 0x00, 0x3F, 0x00, 0x0F, 0xC0, 0x00, 0x3F,
    0x00, 0x0F, 0x80, 0x00, 0x7E, 0x00, 0x2F, 0x40, 0x00, 0xBF, 0xFF, 0xFF, 0x00, 0x00, 0xFC, 0x00,
    0x3F, 0x00, 0x00, 0xFC, 0x00, 0x7E, 0x00, 0x01, 0xF8, 0x00, 0xBD, 0x00, 0x02, 0xF4, 0x00, 0xFC,
    0x00, 0x03, 0xF0, 0x00, 0xFC, 0x00, 0x03, 0xF0, 0x01, 0xF8, 0x00, 0x7F, 0xFE, 0x02, 0xF4, 0x00,
    0x00, 0x07, 0xC3, 0xF0, 0x00, 0x00, 0x0F, 0xC3, 0xE0, 0x00, 0x00, 0x0F, 0x8B, 0xC0, 0x00, 0x00,
    0x02, 0xFD, 0x00, 0x00, 0x0F, 0x80, 0x06, 0x0E, 0xB4, 0x03, 0xC3, 0x2E, 0x02, 0xF0, 0x4F, 0x40,
    0xF8, 0x03, 0xFF, 0xFD, 0x01, 0xF0, 0x0F, 0x00, 0xB8, 0x07, 0xC0, 0x3D, 0x02, 0xE0, 0x0F, 0x00,
    0xF4, 0x03, 0x80, 0x3C, 0x00, 0x00, 0x1F, 0x00, 0x07, 0x8F, 0x80, 0x02, 0xEB, 0xC0, 0x00, 0x3F,
    0x40, 0x00, 0x00, 0x00, 0x00, 0x00, 0x00, 0x00, 0xFF, 0xFC, 0x7F, 0xFF, 0x00, 0x1F, 0x80, 0x07,
    0xD0, 0x00, 0x2F, 0x40, 0x0B, 0xC0, 0x00, 0x3F, 0x00, 0x0F, 0xC0, 0x00, 0x3F, 0x00, 0x0F, 0x80,
    0x00, 0x7E, 0x00, 0x2F, 0x40, 0x00, 0xBF, 0xFF, 0xFF, 0x00, 0x00, 0xFC, 0x00, 0x3F, 0x00, 0x00,
    0xFC, 0x00, 0x7E, 0x00, 0x01, 0xF8, 0x00, 0xBD, 0x00, 0x02, 0xF4, 0x00, 0xFC, 0x00, 0x03, 0xF0,
    0x00, 0xFC, 0x00, 0x03, 0xF0, 0x01, 0xF8, 0x00, 0x7F, 0xFE, 0x2F, 0xFF, 0x80, 0x00, 0x00, 0x00,
    0x0F, 0x00, 0x00, 0x00, 0x00, 0x3C, 0x00, 0x00, 0x00, 0x00, 0xF0, 0x00, 0x00, 0x00, 0x02, 0xC0,
    0x00, 0x3F, 0xFF, 0x1F, 0xFF, 0xC1, 0xF8, 0x00, 0x7D, 0x00, 0xBD, 0x00, 0x2F, 0x00, 0x3F, 0x00,
    0x0F, 0xC0, 0x0F, 0xC0, 0x03, 0xE0, 0x03, 0xE0, 0x01, 0xF4, 0x00, 0xF8, 0x01, 0xFC, 0x00, 0x0B,
    0xFE, 0x7F, 0x00, 0x00, 0x00, 0x1F, 0x80, 0x00, 0x00, 0x0B, 0xD0, 0x00, 0x00, 0x03, 0xF0, 0x00,
    0x00, 0x00, 0xFC, 0x00, 0x00, 0x00, 0x7E, 0x00, 0x00, 0x03, 0xFF, 0xF8, 0x00, 0x01, 0xE0, 0x00,
    0x00, 0x00, 0xE0, 0x00, 0x00, 0x00, 0x30, 0x00, 0x00, 0x00, 0x28, 0x00, 0x00, 0x00, 0x0B, 0x80,
    0x04, 0x0A, 0x78, 0x0F, 0x43, 0x2E, 0x03, 0xC0, 0x4F, 0x41, 0xF0, 0x03, 0xD0, 0xF8, 0x00, 0x2F,
    0xFD, 0x00, 0x00, 0x0F, 0x14, 0x00, 0x03, 0xC9, 0x00, 0x00, 0xF3, 0x00, 0x00, 0x1F, 0x40, 0x00,
    0x00, 0x50, 0x00, 0x00, 0x14, 0x00, 0x80, 0x18, 0x00, 0x1F, 0xF4, 0x00, 0x00, 0xFF, 0xD0, 0x00,
    0x0B, 0xFE, 0x00, 0x1F, 0xD0, 0x00, 0x1F, 0xC0, 0x00, 0x2B, 0xE0, 0x00, 0x3B, 0xC0, 0x00, 0x36,
    0xF0, 0x00, 0xCF, 0x80, 0x00, 0x31, 0xF0, 0x02, 0x8F, 0x40, 0x00, 0x71, 0xF0, 0x03, 0x1F, 0x00,
    0x00, 0xA0, 0xF0, 0x0C, 0x2F, 0x00, 0x00, 0xD0, 0xF4, 0x28, 0x3E, 0x00, 0x00, 0xC0, 0xF8, 0x70,
    0x3D, 0x00, 0x01, 0xC0, 0xB8, 0xC0, 0x7C, 0x00, 0x02, 0x80, 0xBE, 0x40, 0xBC, 0x00, 0x03, 0x40,
    0x7F, 0x00, 0xF8, 0x00, 0x07, 0x40, 0x3C, 0x00, 0xF4, 0x00, 0xBF, 0xF0, 0x34, 0x2F, 0xFF, 0x40,
    0x00, 0x00, 0x00, 0x00, 0x1E, 0x00, 0x00, 0x00, 0x00, 0x00, 0x78, 0x00, 0x00, 0x00, 0x00, 0x01,
    0xF0, 0x00, 0x00, 0x00, 0x00, 0x03, 0xC0, 0x00, 0x00, 0x04, 0x00, 0x01, 0x00, 0x02, 0xF0, 0x00,
    0xF4, 0x00, 0x3F, 0x00, 0x3F, 0x00, 0x03, 0xF4, 0x0A, 0xF0, 0x00, 0x77, 0x81, 0xAE, 0x00, 0x0A,
    0x7C, 0x33, 0xD0, 0x00, 0xD3, 0xCD, 0x3C, 0x03, 0xCC, 0x3E, 0x87, 0xC0, 0xB6, 0x82, 0xF0, 0x78,
    0xC3, 0xE0, 0x1C, 0x02, 0xFC, 0x00, 0x00, 0x00, 0x00, 0xD0, 0x00, 0x00, 0x00, 0x0F, 0x00, 0x00,
    0x00, 0x03, 0xF0, 0x00, 0x00, 0x00, 0xF8, 0x00, 0x00, 0x00, 0x00, 0x00, 0x00, 0x00, 0x20, 0x02,
    0x00, 0x00, 0x07, 0xFE, 0x00, 0x00, 0x00, 0x00, 0x00, 0x00, 0x00, 0x00, 0x00, 0x00, 0x00, 0x03,
    0x80, 0x00, 0x00, 0x03, 0xE0, 0x00, 0x00, 0x02, 0xFC, 0x00, 0x00, 0x00, 0xFF, 0x00, 0x00, 0x00,
    0xCF, 0xC0, 0x00, 0x00, 0x63, 0xF0, 0x00, 0x00, 0x30, 0xBC, 0x00, 0x00, 0x34, 0x2F, 0x40, 0x00,
    0x1C, 0x07, 0xD0, 0x00, 0x0F, 0xFF, 0xF8, 0x00, 0x0A, 0x00, 0x3E, 0x00, 0x07, 0x00, 0x0F, 0xC0,
    0x07, 0x40, 0x03, 0xF0, 0x1F, 0xFC, 0x0F, 0xFF, 0x80, 0x00, 0x50, 0x01, 0x00, 0x60, 0x1C, 0x00,
    0x1F, 0xE0, 0x00, 0x00, 0x00, 0x00, 0xBE, 0x10, 0x03, 0xD2, 0xF4, 0x0F, 0x40, 0xF0, 0x2F, 0x01,
    0xF0, 0x3E, 0x02, 0xE0, 0x3D, 0x03, 0xD0, 0x3C, 0x03, 0xC0, 0x3C, 0x07, 0xC9, 0x2D, 0x1F, 0xDC,
    0x0B, 0xE1, 0xF4, 0x00, 0x00, 0x2D, 0x1E, 0x00, 0x00, 0x1F, 0x8F, 0xC0, 0x00, 0x03, 0xC2, 0xD0,
    0x00, 0x00, 0x00, 0x00, 0x00, 0x00, 0x00, 0x00, 0x00, 0x00, 0x00, 0xE0, 0x00, 0x00, 0x00, 0xF8,
    0x00, 0x00, 0x00, 0xBF, 0x00, 0x00, 0x00, 0x3F, 0xC0, 0x00, 0x00, 0x33, 0xF0, 0x00, 0x00, 0x18,
    0xFC, 0x00, 0x00, 0x0C, 0x2F, 0x00, 0x00, 0x0D, 0x0B, 0xD0, 0x00, 0x07, 0x01, 0xF4, 0x00, 0x03,
    0xFF, 0xFE, 0x00, 0x02, 0x80, 0x0F, 0x80, 0x01, 0xC0, 0x03, 0xF0, 0x01, 0xD0, 0x00, 0xFC, 0x07,
    0xFF, 0x03, 0xFF, 0xE0, 0x00, 0x3C, 0x2D, 0x00, 0xBD, 0x7E, 0x00, 0x78, 0x3C, 0x00, 0x00, 0x00,
    0x00, 0xBE, 0x10, 0x03, 0xD2, 0xF4, 0x0F, 0x40, 0xF0, 0x2F, 0x01, 0xF0, 0x3E, 0x02, 0xE0, 0x3D,
    0x03, 0xD0, 0x3C, 0x03, 0xC0, 0x3C, 0x07, 0xC9, 0x2D, 0x1F, 0xCC, 0x0B, 0xE1, 0xF4, 0x00, 0x00,
    0x3F, 0xFF, 0xFF, 0xD0, 0x00, 0x00, 0xEF, 0xC0, 0x2D, 0x00, 0x00, 0x2C, 0xF8, 0x00, 0xC0, 0x00,
    0x03, 0x5F, 0x40, 0x0C, 0x00, 0x00, 0xE2, 0xF0, 0x00, 0xC0, 0x00, 0x1C, 0x3F, 0x03, 0x00, 0x00,
    0x03, 0x43, 0xE0, 0xF0, 0x00, 0x00, 0xFF, 0xFF, 0xFE, 0x00, 0x00, 0x1C, 0x0B, 0xC0, 0xD0, 0x00,
    0x03, 0x40, 0xFC, 0x0C, 0x34, 0x00, 0xB0, 0x0F, 0x80, 0x07, 0x00, 0x1C, 0x01, 0xF4, 0x01, 0xD0,
    0x07, 0x80, 0x2F, 0x00, 0x7C, 0x07, 0xFF, 0x1F, 0xFF, 0xFF, 0x40, 0x01, 0xFD, 0xA7, 0xF4, 0x0B,
    0x83, 0xF8, 0x1C, 0x2F, 0x02, 0xF0, 0x0D, 0x3D, 0x03, 0xC0, 0x7C, 0xBC, 0x03, 0xFF, 0xD0, 0xBC,
    0x03, 0x80, 0x00, 0xB8, 0x07, 0x80, 0x00, 0xB4, 0x0F, 0x80, 0x18, 0x3C, 0x3A, 0xC0, 0xB4, 0x1F,
    0xD0, 0xBF, 0x80, 0x00, 0x00, 0x80, 0x18, 0x00, 0x00, 0x7F, 0xE0, 0x00, 0x00, 0x00, 0x00, 0x00,
    0x00, 0x00, 0x00, 0x00, 0xFF, 0xFF, 0xFF, 0x00, 0x1F, 0x80, 0x1F, 0x00, 0x2F, 0x40, 0x0E, 0x00,
    0x3F, 0x00, 0x0A, 0x00, 0x3F, 0x06, 0x09, 0x00, 0x7E, 0x0E, 0x00, 0x00, 0xBF, 0xFD, 0x00, 0x00,
    0xFC, 0x2C, 0x00, 0x00, 0xFC, 0x1C, 0x08, 0x01, 0xF8, 0x00, 0x28, 0x02, 0xF4, 0x00, 0x30, 0x03,
    0xF0, 0x00, 0xE0, 0x03, 0xF0, 0x07, 0xD0, 0x7F, 0xFF, 0xFF, 0xC0, 0x00, 0x80, 0x08, 0x03, 0x40,
    0x90, 0x02, 0xF9, 0x00, 0x00, 0x00, 0x00, 0x7F, 0x80, 0x0F, 0x43, 0x80, 0xF4, 0x0E, 0x0B, 0xC1,
    0xB0, 0x3F, 0xFE, 0x00, 0xF4, 0x00, 0x03, 0xC0, 0x00, 0x0F, 0x00, 0x18, 0x1E, 0x06, 0xD0, 0x1F,
    0xF8, 0x00, 0x02, 0x86, 0xFE, 0x40, 0x03, 0xF9, 0x02, 0xE0, 0x03, 0xD0, 0x00, 0xF8, 0x07, 0x40,
    0x00, 0xBC, 0x06, 0x00, 0x00, 0xBC, 0x00, 0x00, 0x00, 0xFC, 0x00, 0x00, 0x00, 0xFC, 0x3F, 0xFF,
    0xFF, 0xF8, 0x7D, 0x00, 0x02, 0xF4, 0x7D, 0x00, 0x03, 0xF0, 0x7C, 0x00, 0x0B, 0xD0, 0x3D, 0x00,
    0x1F, 0x40, 0x1F, 0x41, 0xBC, 0x00, 0x02, 0xFF, 0x90, 0x00, 0x00, 0xBF, 0x40, 0x1E, 0x07, 0x80,
    0xD0, 0x0F, 0x00, 0x00, 0x3D, 0x02, 0xFF, 0xF0, 0x78, 0x0B, 0xC3, 0x40, 0x3D, 0x0C, 0x02, 0xE0,
    0x34, 0x2E, 0x00, 0x7F, 0x90, 0x00, 0x00, 0x00, 0xF0, 0xB4, 0x00, 0x02, 0xF5, 0xF8, 0x00, 0x01,
    0xE0, 0xF0, 0x00, 0x00, 0x00, 0x00, 0x00, 0x00, 0x00, 0x00, 0x02, 0x86, 0xFF, 0x80, 0x03, 0xFD,
    0x01, 0xF4, 0x03, 0xD0, 0x00, 0x7C, 0x07, 0x40, 0x00, 0x3E, 0x06, 0x00, 0x00, 0x3F, 0x00, 0x00,
    0x00, 0x3F, 0x00, 0x00, 0x00, 0x7E, 0x3F, 0xFF, 0xFF, 0xFD, 0x7D, 0x00, 0x00, 0xFC, 0x7D, 0x00,
    0x01, 0xF8, 0x7D, 0x00, 0x03, 0xF0, 0x3D, 0x00, 0x0B, 0xC0, 0x1F, 0x40, 0x7E, 0x00, 0x02, 0xFF,
    0x90, 0x00, 0x00, 0x7C, 0x3C, 0x00, 0xFC, 0xBD, 0x00, 0xB8, 0x78, 0x00, 0x00, 0x00, 0x00, 0xBF,
    0x40, 0x03, 0x82, 0xE0, 0x0E, 0x00, 0xF0, 0x0C, 0x00, 0xF4, 0x00, 0x00, 0xF0, 0x06, 0xFF, 0xF0,
    0x2D, 0x02, 0xE0, 0x34, 0x07, 0xC0, 0x34, 0x2F, 0x00, 0x1F, 0xE4, 0x00, 0x00, 0x00, 0x00, 0x0F,
    0x4B, 0x80, 0x00, 0x00, 0x00, 0x00, 0x0B, 0xE3, 0xF0, 0x00, 0x00, 0x00, 0x00, 0x01, 0xF0, 0xF0,
    0x00, 0x00, 0x00, 0x00, 0x00, 0x00, 0x00, 0x00, 0x00, 0x00, 0x00, 0x00, 0x00, 0x00, 0x00, 0x00,
    0x00, 0x2F, 0xF8, 0x1F, 0xFF, 0xC0, 0xFF, 0xC0, 0x00, 0xB4, 0x00, 0x7D, 0x00, 0x1E, 0x00, 0x00,
    0x0B, 0x00, 0x2F, 0x00, 0x2D, 0x00, 0x00, 0x00, 0xF0, 0x0F, 0xC0, 0x3C, 0x00, 0x00, 0x00, 0x0F,
    0x03, 0xE0, 0x74, 0x00, 0x00, 0x00, 0x01, 0xE1, 0xF4, 0xB4, 0x00, 0x00, 0x00, 0x00, 0xFD, 0xBD,
    0xFE, 0x00, 0x00, 0x00, 0x00, 0xFD, 0xFF, 0xDF, 0xC0, 0x00, 0x00, 0x00, 0xFC, 0x2F, 0xC1, 0xF8,
    0x00, 0x00, 0x00, 0xFC, 0x07, 0xD0, 0x3F, 0x00, 0x00, 0x00, 0xFC, 0x02, 0xF0, 0x0B, 0xD0, 0x00,
    0x00, 0xFC, 0x00, 0xFC, 0x00, 0xFC, 0x00, 0x00, 0xFC, 0x00, 0x7E, 0x00, 0x2F, 0x40, 0x03, 0xFF,
    0xC2, 0xFF, 0xF8, 0x3F, 0xFC, 0x00, 0x00, 0x00, 0x01, 0xE0, 0xF0, 0x00, 0x00, 0x00, 0x00, 0xFC,
    0xFD, 0x00, 0x00, 0x00, 0x00, 0x3D, 0x2E, 0x00, 0x00, 0x00, 0x00, 0x00, 0x00, 0x00, 0x00, 0x00,
    0xBE, 0x00, 0x34, 0x01, 0xFE, 0x01, 0xD1, 0xF0, 0x2E, 0x03, 0xD2, 0xD0, 0xD0, 0x3D, 0x0F, 0x43,
    0xD0, 0xF0, 0x60, 0x0B, 0x83, 0xC2, 0xE0, 0x00, 0x00, 0x03, 0xE1, 0xF0, 0xF4, 0x00, 0x00, 0x00,
    0xFF, 0xFF, 0xFC, 0x00, 0x00, 0x00, 0x7D, 0x3D, 0x1F, 0x00, 0x00, 0xF0, 0x3E, 0x0F, 0x07, 0xC0,
    0x00, 0x38, 0x7E, 0x07, 0xC0, 0xF0, 0x0B, 0x47, 0xF9, 0x02, 0xE0, 0x0B, 0xFE, 0x00, 0x00, 0x00,
    0x00, 0x00, 0x00, 0x7C, 0x3C, 0x00, 0x0F, 0xCB, 0xD0, 0x00, 0xB4, 0x78, 0x00, 0x00, 0x00, 0x00,
    0x00, 0x00, 0x00, 0x01, 0xCB, 0xFE, 0x00, 0x2F, 0x40, 0xFC, 0x03, 0xC0, 0x07, 0xD0, 0x70, 0x00,
    0x7D, 0x00, 0x00, 0x0F, 0xC0, 0x00, 0x07, 0xE0, 0x00, 0x3F, 0xF0, 0x00, 0x00, 0x07, 0xD0, 0x00,
    0x00, 0x2F, 0x00, 0x00, 0x02, 0xF4, 0x70, 0x00, 0x3F, 0x07, 0x00, 0x0B, 0xE0, 0x38, 0x02, 0xF4,
    0x00, 0xBF, 0xE4, 0x00, 0x00, 0x7C, 0x3C, 0x00, 0xFC, 0xBD, 0x00, 0xB8, 0x78, 0x00, 0x00, 0x00,
    0x01, 0xBF, 0x80, 0x0B, 0x42, 0xE0, 0x00, 0x01, 0xF0, 0x00, 0x02, 0xF0, 0x00, 0x07, 0xD0, 0x01,
    0xFF, 0x40, 0x00, 0x03, 0xD0, 0x3C, 0x03, 0xD0, 0x78, 0x0B, 0xC0, 0x2F, 0xF9, 0x00, 0x01, 0xFF,
    0xFF, 0xD0, 0x3F, 0xFF, 0xFC, 0x07, 0xD0, 0x07, 0x80, 0xB0, 0x02, 0xC0, 0x0C, 0x02, 0xD0, 0x00,
    0x01, 0xF0, 0x00, 0x00, 0x7B, 0xE0, 0x00, 0x00, 0x0F, 0xC0, 0x00, 0x00, 0xBC, 0x00, 0x00, 0x0F,
    0xC0, 0x7C, 0x00, 0xFC, 0x0F, 0xC0, 0x2F, 0x00, 0xF4, 0x0B, 0xD0, 0x02, 0xFF, 0xD0, 0x00, 0x03,
    0xFF, 0xF8, 0x1D, 0x03, 0xC0, 0x90, 0x38, 0x00, 0x07, 0x80, 0x00, 0x74, 0x00, 0x07, 0xB8, 0x00,
    0x00, 0xB4, 0x00, 0x02, 0xE0, 0x00, 0x0F, 0x81, 0xE0, 0x3D, 0x0F, 0x42, 0xF0, 0x2C, 0x1F, 0x00,
    0x2F, 0xE0, 0x00, 0x00, 0x00, 0x3F, 0xFF, 0xC0, 0x00, 0x00, 0x00, 0x00, 0x00, 0x00, 0x00, 0x00,
    0x00, 0x00, 0x00, 0x00, 0x00, 0x00, 0x00, 0x00, 0x00, 0x00, 0x00, 0x00, 0x00, 0xFF, 0xFC, 0x7F,
    0xFF, 0x00, 0x1F, 0x80, 0x0B, 0xD0, 0x00, 0x2F, 0x40, 0x2F, 0xC0, 0x00, 0x3F, 0x00, 0x6F, 0xC0,
    0x00, 0x3F, 0x01, 0xDF, 0x80, 0x00, 0x7E, 0x07, 0x2F, 0x40, 0x00, 0xBD, 0x0C, 0x3F, 0x00, 0x00,
    0xFC, 0x34, 0x3F, 0x00, 0x00, 0xFC, 0xD0, 0x7E, 0x00, 0x01, 0xFA, 0x80, 0xBD, 0x00, 0x02, 0xFF,
    0x00, 0xFC, 0x00, 0x03, 0xFC, 0x00, 0xFC, 0x00, 0x03, 0xF0, 0x01, 0xF8, 0x00, 0x7F, 0xFE, 0x2F,
    0xFF, 0x80, 0x00, 0x1F, 0xFF, 0xC0, 0x00, 0x00, 0x00, 0x00, 0x00, 0x00, 0x00, 0x00, 0x00, 0x00,
    0x00, 0x00, 0x00, 0x00, 0xBD, 0x00, 0xF0, 0x28, 0xF0, 0x1F, 0x03, 0x1F, 0x02, 0xF0, 0x03, 0xD0,
    0x3D, 0x00, 0x3C, 0x03, 0xC0, 0x07, 0x80, 0x7C, 0x00, 0xB8, 0x0B, 0x8C, 0x07, 0xC2, 0xFA, 0x80,
    0x1F, 0xD2, 0xF0, 0x00, 0x00, 0x1F, 0x0F, 0x00, 0x00, 0x00, 0x3F, 0x2F, 0x40, 0x00, 0x00, 0x2D,
    0x1E, 0x00, 0x00, 0x00, 0x00, 0x00, 0x00, 0x00, 0x00, 0x00, 0x00, 0x00, 0x00, 0xFF, 0xFC, 0x7F,
    0xFF, 0x00, 0x1F, 0x80, 0x0B, 0xD0, 0x00, 0x2F, 0x40, 0x2F, 0xC0, 0x00, 0x3F, 0x00, 0x6F, 0xC0,
    0x00, 0x3F, 0x01, 0xDF, 0x80, 0x00, 0x7E, 0x07, 0x2F, 0x40, 0x00, 0xBD, 0x0C, 0x3F, 0x00, 0x00,
    0xFC, 0x34, 0x3F, 0x00, 0x00, 0xFC, 0xD0, 0x7E, 0x00, 0x01, 0xFA, 0x80, 0xBD, 0x00, 0x02, 0xFF,
    0x00, 0xFC, 0x00, 0x03, 0xFC, 0x00, 0xFC, 0x00, 0x03, 0xF0, 0x01, 0xF8, 0x00, 0x7F, 0xFE, 0x2F,
    0xFF, 0x80, 0x00, 0x0F, 0x0B, 0x40, 0x02, 0xF5, 0xF8, 0x00, 0x1E, 0x0F, 0x00, 0x00, 0x00, 0x00,
    0x0B, 0xC0, 0x00, 0x02, 0x8F, 0x00, 0xF0, 0x31, 0xF0, 0x1F, 0x00, 0x2E, 0x02, 0xE0, 0x03, 0xC0,
    0x3D, 0x00, 0x7C, 0x03, 0xC0, 0x0B, 0x80, 0x7C, 0x00, 0xB8, 0x0F, 0x8C, 0x07, 0xC2, 0xFA, 0x80,
    0x1F, 0xD2, 0xF0, 0x00, 0x02, 0xD1, 0xE0, 0x00, 0x07, 0xE3, 0xF0, 0x00, 0x03, 0xC3, 0xD0, 0x00,
    0x00, 0x00, 0x00, 0x00, 0x00, 0x00, 0x00, 0x00, 0x06, 0xFE, 0x40, 0x00, 0x7D, 0x02, 0xF0, 0x02,
    0xF0, 0x00, 0xF8, 0x0B, 0xC0, 0x00, 0xBC, 0x0F, 0x80, 0x00, 0xBC, 0x2F, 0x00, 0x00, 0xFC, 0x3F,
    0x00, 0x00, 0xFC, 0x7E, 0x00, 0x01, 0xF8, 0xBD, 0x00, 0x02, 0xF4, 0xBD, 0x00, 0x03, 0xF0, 0x7D,
    0x00, 0x0B, 0xC0, 0x3E, 0x00, 0x2F, 0x00, 0x1F, 0x41, 0xBC, 0x00, 0x02, 0xFF, 0x90, 0x00, 0x00,
    0xB4, 0x7C, 0x01, 0xF8, 0xFC, 0x00, 0xF0, 0xB4, 0x00, 0x00, 0x00, 0x00, 0xBF, 0x80, 0x0B, 0xC1,
    0xF0, 0x1F, 0x00, 0xF4, 0x3D, 0x00, 0xF4, 0x7C, 0x00, 0xF4, 0xBC, 0x01, 0xF0, 0xF8, 0x02, 0xF0,
    0xB8, 0x03, 0xC0, 0x3C, 0x1F, 0x40, 0x0B, 0xF8, 0x00, 0x00, 0x06, 0xFE, 0x40, 0x00, 0x7D, 0x03,
    0xE0, 0x02, 0xF0, 0x00, 0xF8, 0x07, 0xC0, 0x00, 0xBC, 0x0F, 0x80, 0x00, 0xBC, 0x2F, 0x00, 0x00,
    0xFC, 0x3F, 0xBF, 0x90, 0xFC, 0x7F, 0x07, 0xFE, 0xFC, 0xBD, 0x00, 0x02, 0xF4, 0xBD, 0x00, 0x03,
    0xF0, 0xBD, 0x00, 0x0B, 0xC0, 0x3E, 0x00, 0x1F, 0x40, 0x1F, 0x41, 0xBC, 0x00, 0x02, 0xFF, 0x90,
    0x00, 0x00, 0xBF, 0x80, 0x1F, 0x07, 0xC1, 0xF0, 0x0F, 0x4F, 0x40, 0x3D, 0x7F, 0xE0, 0xF6, 0xF2,
    0xFB, 0xCF, 0x80, 0x2F, 0x2E, 0x00, 0xF0, 0x3C, 0x1F, 0x40, 0x2F, 0xE0, 0x00, 0x00, 0x02, 0xD1,
    0xE0, 0x00, 0x07, 0xE3, 0xF0, 0x00, 0x03, 0xC3, 0xD0, 0x00, 0x00, 0x00, 0x00, 0x00, 0x00, 0x00,
    0x00, 0x00, 0x06, 0xFE, 0x40, 0x00, 0x7E, 0x02, 0xE0, 0x02, 0xF0, 0x00, 0xF8, 0x07, 0xC0, 0x00,
    0xBC, 0x0F, 0x80, 0x00, 0xBC, 0x2F, 0x00, 0x00, 0xFC, 0x3F, 0xBF, 0x90, 0xFC, 0x7F, 0x07, 0xFE,
    0xFC, 0xBD, 0x00, 0x02, 0xF4, 0xBD, 0x00, 0x03, 0xF0, 0xBD, 0x00, 0x0B, 0xC0, 0x3E, 0x00, 0x1F,
    0x40, 0x1F, 0x41, 0xBC, 0x00, 0x02, 0xFF, 0x90, 0x00, 0x00, 0xB4, 0x7C, 0x01, 0xF8, 0xFC, 0x00,
    0xF0, 0xB4, 0x00, 0x00, 0x00, 0x00, 0xBF, 0x80, 0x07, 0xC1, 0xF0, 0x1F, 0x00, 0xF4, 0x3D, 0x00,
    0xF4, 0x7F, 0xE0, 0xF4, 0xBC, 0xBE, 0xF0, 0xF8, 0x02, 0xF0, 0xB8, 0x03, 0xC0, 0x3C, 0x1F, 0x40,
    0x0B, 0xF8, 0x00, 0x00, 0x03, 0xC2, 0xD0, 0x00, 0x0B, 0xD7, 0xE0, 0x00, 0x07, 0x83, 0xC0, 0x00,
    0x00, 0x00, 0x00, 0x00, 0x00, 0x00, 0x00, 0x02, 0x86, 0xFE, 0x40, 0x03, 0xF8, 0x07, 0xF0, 0x03,
    0xC0, 0x00, 0xFC, 0x07, 0x00, 0x00, 0x7D, 0x05, 0x00, 0x00, 0x7D, 0x00, 0x00, 0x00, 0x7D, 0x00,
    0xBF, 0x80, 0xFD, 0x00, 0x0B, 0xFA, 0xFC, 0x00, 0x00, 0x01, 0xF8, 0x30, 0x00, 0x03, 0xF0, 0x30,
    0x00, 0x0B, 0xD0, 0x34, 0x00, 0x2F, 0x40, 0x1D, 0x01, 0xFD, 0x00, 0x02, 0xFF, 0x90, 0x00, 0x00,
    0x7C, 0x3C, 0x00, 0xFC, 0xBD, 0x00, 0xB8, 0x78, 0x00, 0x00, 0x00, 0x00, 0xBF, 0x40, 0x07, 0x82,
    0xD0, 0x0D, 0x00, 0xF0, 0x08, 0x00, 0xF0, 0x00, 0x00, 0xF0, 0x00, 0xFF, 0xF0, 0x00, 0x02, 0xE0,
    0x3C, 0x07, 0xC0, 0xB4, 0x1F, 0x00, 0x2F, 0xE4, 0x00, 0x00, 0x0F, 0xFF, 0xF0, 0x00, 0x00, 0x00,
    0x00, 0x00, 0x00, 0x00, 0x00, 0x00, 0x00, 0x00, 0x00, 0x00, 0x00, 0x00, 0x00, 0x00, 0x0F, 0xFF,
    0x40, 0xBF, 0xD0, 0x7F, 0x00, 0x07, 0x40, 0x0F, 0xC0, 0x03, 0x80, 0x02, 0xF8, 0x01, 0xC0, 0x00,
    0x3F, 0x00, 0xD0, 0x00, 0x0F, 0xD0, 0xA0, 0x00, 0x01, 0xF8, 0x70, 0x00, 0x00, 0x3F, 0x34, 0x00,
    0x00, 0x0B, 0xFC, 0x00, 0x00, 0x00, 0xFC, 0x00, 0x00, 0xB8, 0x3D, 0x00, 0x00, 0x7E, 0x0A, 0x00,
    0x00, 0x1F, 0x1E, 0x00, 0x00, 0x02, 0xF9, 0x00, 0x00, 0x00, 0x00, 0x3F, 0xFF, 0x40, 0x00, 0x00,
    0x00, 0x00, 0x00, 0x00, 0x00, 0x00, 0x00, 0x00, 0x00, 0x00, 0x02, 0xF4, 0x02, 0x82, 0x8F, 0x01,
    0xF0, 0xC7, 0xC0, 0xB8, 0x03, 0xD0, 0x3D, 0x00, 0xF0, 0x0F, 0x00, 0x78, 0x07, 0xC0, 0x2E, 0x02,
    0xE0, 0x07, 0xC2, 0xF4, 0x00, 0x7F, 0xFC, 0x00, 0x00, 0x1F, 0x00, 0x78, 0x0F, 0x00, 0x2D, 0x1F,
    0x00, 0x02, 0xFE, 0x00, 0x00, 0x00, 0x07, 0xC3, 0xC0, 0x00, 0x03, 0xF2, 0xF4, 0x00, 0x00, 0xB8,
    0x78, 0x00, 0x00, 0x00, 0x00, 0x00, 0x00, 0x00, 0x00, 0x00, 0x0F, 0xFF, 0x40, 0xBF, 0xD0, 0x7F,
    0x00, 0x07, 0x40, 0x0F, 0xC0, 0x03, 0x80, 0x02, 0xF8, 0x01, 0xC0, 0x00, 0x3F, 0x00, 0xD0, 0x00,
    0x0F, 0xD0, 0xA0, 0x00, 0x01, 0xF8, 0x70, 0x00, 0x00, 0x3F, 0x34, 0x00, 0x00, 0x0B, 0xFC, 0x00,
    0x00, 0x00, 0xFC, 0x00, 0x00, 0xB8, 0x3D, 0x00, 0x00, 0x7E, 0x0A, 0x00, 0x00, 0x1F, 0x1E, 0x00,
    0x00, 0x02, 0xF9, 0x00, 0x00, 0x00, 0x00, 0x2D, 0x1F, 0x00, 0x1F, 0x8F, 0xC0, 0x03, 0xC2, 0xD0,
    0x00, 0x00, 0x00, 0x0B, 0xC0, 0x06, 0x0A, 0x3C, 0x03, 0xC3, 0x1F, 0x01, 0xF0, 0x0B, 0x80, 0xB8,
    0x03, 0xC0, 0x3D, 0x01, 0xF0, 0x0F, 0x00, 0xB8, 0x07, 0xC0, 0x2E, 0x02, 0xE0, 0x07, 0xC2, 0xF4,
    0x00, 0x7F, 0xFC, 0x00, 0x00, 0x1F, 0x00, 0x78, 0x0F, 0x00, 0x2D, 0x1F, 0x00, 0x02, 0xFE, 0x00,
    0x00, 0x00, 0x01, 0xB8, 0xB4, 0x00, 0x03, 0xFF, 0xFD, 0x00, 0x00, 0x00, 0x00, 0x00, 0x00, 0x00,
    0x00, 0x00, 0x00, 0x00, 0x00, 0x00, 0x0F, 0xFF, 0x40, 0xBF, 0xD0, 0x7F, 0x00, 0x07, 0x40, 0x0F,
    0xC0, 0x03, 0x80, 0x02, 0xF8, 0x01, 0xC0, 0x00, 0x3F, 0x00, 0xD0, 0x00, 0x0F, 0xD0, 0xA0, 0x00,
    0x01, 0xF8, 0x70, 0x00, 0x00, 0x3F, 0x34, 0x00, 0x00, 0x0B, 0xFC, 0x00, 0x00, 0x00, 0xFC, 0x00,
    0x00, 0xB8, 0x3D, 0x00, 0x00, 0x7E, 0x0A, 0x00, 0x00, 0x1F, 0x1E, 0x00, 0x00, 0x02, 0xF9, 0x00,
    0x00, 0x00, 0x00, 0x00, 0x00, 0x00, 0x00, 0x1E, 0x2D, 0x00, 0x0B, 0xFF, 0xD0, 0x02, 0x93, 0x90,
    0x00, 0x00, 0x00, 0x00, 0xBC, 0x00, 0x60, 0x28, 0xF0, 0x0F, 0x03, 0x1F, 0x01, 0xF0, 0x02, 0xE0,
    0x2E, 0x00, 0x3C, 0x03, 0xD0, 0x07, 0xC0, 0x3C, 0x00, 0xB8, 0x07, 0xC0, 0x0B, 0x80, 0xB8, 0x00,
    0x7C, 0x2F, 0x40, 0x01, 0xFF, 0xF0, 0x00, 0x00, 0x1F, 0x00, 0x1E, 0x03, 0xC0, 0x02, 0xD1, 0xF0,
    0x00, 0x0B, 0xF8, 0x00, 0x00, 0x00, 0x07, 0x83, 0xC0, 0x00, 0x03, 0xF2, 0xF4, 0x00, 0x00, 0xB4,
    0x78, 0x00, 0x00, 0x00, 0x00, 0x00, 0x00, 0x00, 0x00, 0x00, 0x0F, 0xFF, 0xC7, 0xFF, 0xF0, 0x7E,
    0x00, 0x1F, 0x40, 0x2F, 0x40, 0x0B, 0xC0, 0x0F, 0xC0, 0x03, 0xF0, 0x03, 0xF0, 0x00, 0xF8, 0x00,
    0xF8, 0x00, 0xBD, 0x00, 0x3E, 0x00, 0x7F, 0x00, 0x02, 0xFF, 0xAF, 0xC0, 0x00, 0x00, 0x07, 0xE0,
    0x00, 0x00, 0x02, 0xF4, 0x00, 0x00, 0x00, 0xFC, 0x00, 0x00, 0x00, 0x3F, 0x00, 0x00, 0x00, 0x1F,
    0x80, 0x00, 0x00, 0xBF, 0xFE, 0x00, 0x00, 0x00, 0x00, 0x00, 0x00, 0x1F, 0x0F, 0x00, 0x0F, 0xCB,
    0xD0, 0x02, 0xD1, 0xE0, 0x00, 0x00, 0x00, 0x0B, 0x80, 0x08, 0x0A, 0x78, 0x0F, 0x43, 0x2E, 0x03,
    0xC0, 0x8F, 0x41, 0xF0, 0x03, 0xD0, 0xF8, 0x00, 0x2F, 0xFD, 0x00, 0x00, 0x0F, 0x00, 0x00, 0x03,
    0xCA, 0x00, 0x00, 0xF3, 0x00, 0x00, 0x1F, 0x40, 0x00, 0xFF, 0xFF, 0xFC, 0x00, 0x7E, 0x01, 0xF0,
    0x02, 0xF4, 0x02, 0x80, 0x0F, 0xC0, 0x0A, 0x00, 0x3F, 0x00, 0x24, 0x01, 0xF8, 0x00, 0x00, 0x0B,
    0xD0, 0x00, 0x00, 0x3F, 0x00, 0x00, 0x00, 0xFC, 0x00, 0x00, 0x07, 0xE0, 0x00, 0x00, 0x2F, 0x40,
    0x00, 0x00, 0xFC, 0x00, 0x00, 0x03, 0xF0, 0x00, 0x02, 0xFF, 0xFE, 0x00, 0x00, 0x00, 0xB8, 0x00,
    0x00, 0x00, 0xD0, 0x00, 0x00, 0x03, 0x40, 0x00, 0x00, 0x0C, 0x00, 0x00, 0x06, 0xFD, 0x0B, 0x43,
    0xD2, 0x00, 0xF4, 0x00, 0xBC, 0x06, 0xFD, 0x0B, 0xF8, 0x0B, 0xD0, 0x03, 0xD0, 0x14, 0xB4, 0x2D,
    0x0B, 0xF6, 0x40, 0x00, 0xA0, 0x00, 0x3C, 0x00, 0x2F, 0x00, 0x2E, 0x40, 0x00, 0x00, 0x00, 0x00,
    0x01, 0xF0, 0xF4, 0x00, 0x00, 0x00, 0x00, 0xFC, 0xBE, 0x00, 0x00, 0x00, 0x00, 0x2E, 0x1F, 0x00,
    0x00, 0x00, 0x00, 0x00, 0x00, 0x00, 0x00, 0x00, 0x00, 0x00, 0x00, 0x00, 0x00, 0x00, 0x3F, 0xFF,
    0x00, 0x0F, 0xFF, 0xC0, 0x01, 0xF4, 0x00, 0x00, 0x3E, 0x00, 0x00, 0xBC, 0x00, 0x00, 0x1F, 0x40,
    0x00, 0x3F, 0x00, 0x00, 0x0B, 0xC0, 0x00, 0x0F, 0x80, 0x00, 0x03, 0xF0, 0x00, 0x07, 0xD0, 0x00,
    0x00, 0xF8, 0x00, 0x02, 0xFF, 0xFF, 0x80, 0xBD, 0x00, 0x00, 0xFC, 0x01, 0xFC, 0x3F, 0x00, 0x00,
    0x3E, 0x00, 0x2F, 0x4F, 0xC0, 0x00, 0x1F, 0x40, 0x0B, 0xD7, 0xE0, 0x00, 0x0B, 0xC0, 0x03, 0xF2,
    0xF4, 0x00, 0x03, 0xF0, 0x01, 0xF8, 0xFC, 0x00, 0x00, 0xF8, 0x02, 0xF8, 0x3F, 0x00, 0x07, 0xFF,
    0xFF, 0xE5, 0xFF, 0xF8, 0x00, 0x00, 0x02, 0xD1, 0xE0, 0x00, 0x07, 0xE3, 0xF0, 0x00, 0x03, 0xC3,
    0xD0, 0x00, 0x00, 0x00, 0x00, 0x0B, 0xC0, 0x00, 0x00, 0x38, 0xF0, 0x00, 0x74, 0x71, 0xF0, 0x00,
    0xF4, 0x02, 0xF0, 0x00, 0xF0, 0x03, 0xFF, 0xD1, 0xF0, 0x07, 0xD0, 0xF2, 0xE0, 0x0B, 0x80, 0xF7,
    0xD0, 0x0B, 0x41, 0xF7, 0xC6, 0x0B, 0x83, 0xD3, 0xCC, 0x02, 0xFE, 0x41, 0xF4, 0x00, 0x00, 0x00,
    0x00, 0x00, 0x03, 0xFF, 0xF2, 0xFF, 0xD0, 0x00, 0xFD, 0x01, 0xE0, 0x00, 0x01, 0xF8, 0x0D, 0x00,
    0x00, 0x03, 0xF0, 0xE0, 0x00, 0x00, 0x0B, 0xEE, 0x00, 0x00, 0x00, 0x0F, 0xE0, 0x00, 0x00, 0x00,
    0x3F, 0x40, 0x00, 0x00, 0x00, 0xFF, 0x00, 0x00, 0x00, 0x0E, 0xFC, 0x00, 0x00, 0x00, 0xB1, 0xF8,
    0x00, 0x00, 0x0B, 0x03, 0xF0, 0x00, 0x00, 0xB0, 0x0B, 0xD0, 0x00, 0x0B, 0x00, 0x0F, 0xC0, 0x07,
    0xFF, 0x40, 0x3F, 0x00, 0x00, 0x00, 0xF4, 0xBC, 0x00, 0x00, 0x0B, 0xD3, 0xF0, 0x00, 0x00, 0x2F,
    0x2F, 0x00, 0x00, 0x00, 0x2F, 0xE0, 0x00, 0x00, 0x02, 0xFD, 0x2F, 0x41, 0xD0, 0xFE, 0x3C, 0x34,
    0x0B, 0xC3, 0x80, 0x00, 0xB8, 0x00, 0x00, 0x0F, 0x40, 0x00, 0x00, 0xF0, 0x00, 0x00, 0x1F, 0x00,
    0x83, 0xC3, 0xE0, 0x28, 0x38, 0xBE, 0x0B, 0x02, 0xF8, 0x7F, 0x80, 0x00, 0x00, 0x08, 0x00, 0x00,
    0x00, 0x80, 0x01, 0x40, 0x20, 0x00, 0x0B, 0xF8, 0x00, 0x00, 0x00, 0x00, 0x00, 0x00, 0x03, 0xFF,
    0xF2, 0xFF, 0xD0, 0x00, 0xFD, 0x01, 0xD0, 0x00, 0x01, 0xFC, 0x0D, 0x00, 0x00, 0x03, 0xF0, 0xD0,
    0x00, 0x00, 0x0B, 0xFD, 0x00, 0x00, 0x00, 0x0F, 0xD0, 0x00, 0x00, 0xFF, 0xFF, 0xFF, 0xF0, 0x00,
    0x00, 0xFF, 0x00, 0x00, 0x00, 0x0B, 0xFC, 0x00, 0x00, 0x00, 0xB2, 0xF8, 0x00, 0x00, 0x0B, 0x03,
    0xF0, 0x00, 0x00, 0xB0, 0x0B, 0xD0, 0x00, 0x0B, 0x00, 0x1F, 0xC0, 0x07, 0xFF, 0x43, 0xFF, 0xF0,
    0x00, 0x00, 0x00, 0x00, 0x00, 0x02, 0xFD, 0x2F, 0x41, 0xD0, 0xFD, 0x2C, 0x34, 0x0B, 0x87, 0xC0,
    0x00, 0xF4, 0x10, 0x0B, 0xFF, 0xFF, 0x00, 0x00, 0xF0, 0x00, 0x00, 0x1F, 0x00, 0x03, 0xC2, 0xE0,
    0x18, 0x38, 0x7E, 0x07, 0x02, 0xF8, 0x7F, 0x80, 0x1A, 0xA8, 0x3F, 0xFC, 0x15, 0x50, 0x1A, 0xA8,
    0x3F, 0xFC, 0x15, 0x50, 0x00, 0x00, 0x00, 0x6A, 0xAA, 0xA8, 0xFF, 0xFF, 0xFC, 0x3F, 0xFF, 0xFF,
    0xFF, 0xFF, 0xFC, 0x00, 0x00, 0x00, 0x00, 0x00, 0x00, 0x00, 0x20, 0x80, 0x1C, 0x70, 0x0B, 0x2C,
    0x03, 0xCF, 0x00, 0xF7, 0xC0, 0x7E, 0xE0, 0x2F, 0xF4, 0x0F, 0xFC, 0x03, 0xFF, 0x01, 0xFF, 0x80,
    0xBF, 0xD0, 0x3F, 0xF0, 0x0F, 0xFC, 0x07, 0xFE, 0x02, 0xFF, 0x40, 0xFF, 0xC0, 0x3F, 0xF0, 0x1F,
    0xF8, 0x0B, 0xFD, 0x03, 0xFF, 0x00, 0xFF, 0xC0, 0x3F, 0xE0, 0x0F, 0xB4, 0x03, 0xDC, 0x00, 0xF0,
    0x00, 0x3C, 0x00, 0x0E, 0x00, 0x03, 0x40, 0x00, 0x00, 0x00, 0x00, 0x02, 0x03, 0x03, 0x01, 0x80,
    0xBD, 0x2F, 0x47, 0x80, 0x0F, 0x4B, 0xE1, 0xF8, 0x08, 0x02, 0x03, 0x03, 0x00, 0x00, 0x00, 0x03,
    0xD1, 0xF8, 0x3E, 0x02, 0x40, 0x80, 0xC0, 0xC0, 0x00, 0x00, 0x1F, 0x0F, 0xCB, 0xD3, 0x00, 0xC0,
    0x24, 0x03, 0x00, 0x00, 0x00, 0x00, 0x10, 0x60, 0x0C, 0x08, 0x03, 0x03, 0x00, 0x50, 0x34, 0x0D,
    0x47, 0xE0, 0xFC, 0x7E, 0x0F, 0xC1, 0x40, 0x60, 0x2E, 0x07, 0xC7, 0xF0, 0xFC, 0x3F, 0x0B, 0xC0,
    0x50, 0x08, 0x0C, 0x02, 0x42, 0x40, 0x60, 0x90, 0x18, 0x00, 0x00, 0x00, 0x2E, 0x07, 0xC3, 0xF0,
    0xFD, 0x3F, 0x0B, 0xD0, 0x20, 0x0C, 0x08, 0x01, 0x42, 0x40, 0x60, 0x90, 0x18, 0x00, 0x0F, 0x02,
    0xE3, 0xF4, 0xBE, 0x7E, 0x0F, 0x89, 0x00, 0x80, 0x90, 0x08, 0x06, 0x00, 0xC0, 0x30, 0x09, 0x00,
    0x00, 0x00, 0x00, 0x2C, 0x00, 0x0F, 0x00, 0x07, 0x40, 0x01, 0xC0, 0x1E, 0xAB, 0x4B, 0xBB, 0xD0,
    0x0C, 0x00, 0x0B, 0x00, 0x03, 0xC0, 0x01, 0xF0, 0x00, 0xB8, 0x00, 0x3D, 0x00, 0x0F, 0x00, 0x03,
    0xC0, 0x01, 0xD0, 0x00, 0xB0, 0x00, 0x3C, 0x00, 0x0D, 0x00, 0x03, 0x00, 0x00, 0x00, 0x02, 0xC0,
    0x00, 0x0F, 0x00, 0x00, 0x38, 0x00, 0x00, 0xC0, 0x01, 0xFB, 0xB8, 0x07, 0xBA, 0xD0, 0x00, 0xD0,
    0x00, 0x0B, 0x40, 0x00, 0x3C, 0x00, 0x00, 0xE0, 0x00, 0x0B, 0x40, 0x00, 0x2C, 0x00, 0x2E, 0xAF,
    0x40, 0xFB, 0xBC, 0x00, 0x1C, 0x00, 0x00, 0xF0, 0x00, 0x03, 0xC0, 0x00, 0x0D, 0x00, 0x00, 0x02,
    0xFD, 0x03, 0xFF, 0xD3, 0xFF, 0xFE, 0xFF, 0xFF, 0xFF, 0xFF, 0xFF, 0xFF, 0xEF, 0xFF, 0xF1, 0xFF,
    0xF0, 0x1F, 0xE0, 0x00, 0x00, 0x00, 0x00, 0x00, 0x00, 0xF4, 0x01, 0xF0, 0x03, 0xD7, 0xE0, 0x0F,
    0xC0, 0x1F, 0x8F, 0x00, 0x2D, 0x00, 0x78, 0x02, 0xFF, 0xF0, 0xFF, 0xF0, 0x2F, 0xFE, 0x07, 0xFF,
    0xD0, 0xBF, 0xFC, 0x0F, 0xFF, 0xC0, 0xBF, 0xF8, 0x07, 0xFF, 0x40, 0x1F, 0xF0, 0x00, 0x1F, 0x00,
    0x00, 0xA0, 0x00, 0x0D, 0x00, 0x00, 0xC0, 0x00, 0x1C, 0x00, 0x02, 0x80, 0x00, 0x34, 0x00, 0x03,
    0x00, 0x03, 0xFD, 0x00, 0x00, 0xBD, 0x00, 0x01, 0x80, 0x00, 0x03, 0xC7, 0x90, 0x1B, 0xC0, 0x00,
    0x0B, 0x43, 0x6F, 0xFF, 0x80, 0x00, 0x0F, 0x03, 0x00, 0x3F, 0x40, 0x00, 0x1F, 0x07, 0x00, 0xFF,
    0x00, 0x00, 0x1E, 0x0A, 0x03, 0xFC, 0x00, 0x00, 0x1D, 0x0C, 0x0F, 0xF0, 0x00, 0x00, 0x0E, 0x38,
    0x3F, 0xC0, 0x00, 0x00, 0x07, 0xE0, 0xFF, 0xFC, 0x02, 0xF4, 0x00, 0x03, 0xFF, 0xCA, 0x0B, 0x4C,
    0x00, 0x0F, 0xFF, 0x07, 0x1E, 0x0D, 0x00, 0x3F, 0xEF, 0x07, 0x3D, 0x0D, 0x00, 0xFF, 0x6E, 0x0A,
    0x3C, 0x0C, 0x02, 0xFD, 0x2D, 0x0D, 0x3C, 0x1C, 0x0B, 0xF4, 0x2C, 0x1C, 0x38, 0x34, 0x2F, 0xD0,
    0x1D, 0x34, 0x38, 0xA0, 0x7F, 0x40, 0x0B, 0xD0, 0x1F, 0x80, 0x2E, 0x00, 0x00, 0x00, 0x00, 0x00,
    0x18, 0x00, 0x00, 0x00, 0x00, 0x00, 0x00, 0x00, 0x00, 0x00, 0x00, 0x00, 0x00, 0xBD, 0x00, 0x01,
    0x80, 0x00, 0x00, 0x00, 0x00, 0xF1, 0xE4, 0x06, 0xF0, 0x00, 0x00, 0x00, 0x00, 0xB4, 0x36, 0xFF,
    0xF8, 0x00, 0x00, 0x00, 0x00, 0x3C, 0x0C, 0x00, 0xFD, 0x00, 0x00, 0x00, 0x00, 0x1F, 0x07, 0x00,
    0xFF, 0x00, 0x00, 0x00, 0x00, 0x07, 0x82, 0x80, 0xFF, 0x00, 0x00, 0x00, 0x00, 0x01, 0xD0, 0xC0,
    0xFF, 0x00, 0x00, 0x00, 0x00, 0x00, 0x38, 0xE0, 0xFF, 0x00, 0x00, 0x00, 0x00, 0x00, 0x07, 0xE0,
    0xFF, 0xFC, 0x00, 0xBD, 0x00, 0x7D, 0x00, 0x00, 0xFF, 0xF2, 0x80, 0xF1, 0xC0, 0xB4, 0xC0, 0x00,
    0xFF, 0xF0, 0x70, 0xB4, 0x30, 0x78, 0x34, 0x00, 0xFF, 0xBC, 0x1C, 0x3C, 0x0C, 0x3D, 0x0D, 0x00,
    0xFF, 0x6E, 0x0A, 0x1F, 0x07, 0x0F, 0x03, 0x00, 0xBF, 0x4B, 0x43, 0x47, 0x82, 0x83, 0xC1, 0xC0,
    0xBF, 0x42, 0xC1, 0xC1, 0xD0, 0xC0, 0xE0, 0xD0, 0xBF, 0x40, 0x74, 0xD0, 0x38, 0xE0, 0x38, 0xB0,
    0x7F, 0x40, 0x0B, 0xD0, 0x07, 0xE0, 0x03, 0xE0, 0x0B, 0x80, 0x00, 0x00, 0x00, 0x00, 0x00, 0x00,
    0x01, 0x80, 0x00, 0x00, 0x00, 0x00, 0x00, 0x00, 0x00, 0x00, 0x00, 0x00, 0x00, 0x00, 0x00, 0x00,
    0x00, 0x00, 0x14, 0x01, 0xC0, 0x1C, 0x02, 0xD0, 0x3D, 0x01, 0xF0, 0x01, 0xD0, 0x02, 0x80, 0x03,
    0x00, 0x08, 0x00, 0x05, 0x00, 0x18, 0x00, 0x30, 0x00, 0xF0, 0x01, 0xE0, 0x0B, 0x80, 0xB4, 0x07,
    0x00, 0x30, 0x02, 0x00, 0x00, 0x06, 0x03, 0xC0, 0xD0, 0x38, 0xBC, 0x78, 0x00, 0xD7, 0xAD, 0x00,
    0x07, 0x0B, 0x40, 0x0E, 0x2F, 0xCF, 0x02, 0xF1, 0xF1, 0xF4, 0x1D, 0xBB, 0x4E, 0x00, 0x2D, 0x1C,
    0x00, 0x0F, 0x7C, 0xB0, 0x07, 0x8B, 0xC3, 0x80, 0xD0, 0x78, 0x1C, 0x00, 0x00, 0x19, 0x00, 0x07,
    0xF0, 0x07, 0xFE, 0x83, 0xCB, 0xC7, 0x7C, 0xB9, 0xF7, 0x8F, 0xFD, 0x00, 0xFE, 0x00, 0x3F, 0x40,
    0x0B, 0xD8, 0x00, 0xBF, 0x80, 0x01, 0x90, 0x00, 0x00, 0x00, 0x0B, 0x40, 0x01, 0xF8, 0x00, 0x0F,
    0x00, 0x00, 0x20, 0x00, 0x53, 0x00, 0x08, 0x2C, 0x0B, 0x00, 0x7F, 0x40, 0x07, 0xFF, 0x43, 0x80,
    0x1D, 0xA0, 0x00, 0x60, 0x00, 0x00, 0x00, 0x20, 0x00, 0x00, 0x01, 0xD0, 0x00, 0x00, 0x0F, 0x00,
    0x00, 0x00, 0xBC, 0x00, 0x00, 0x07, 0xF0, 0x00, 0x00, 0x3F, 0x80, 0x00, 0x02, 0xFC, 0x00, 0x00,
    0x0F, 0xD0, 0x00, 0x00, 0xFE, 0x00, 0x00, 0x07, 0xF0, 0x00, 0x00, 0x3F, 0x40, 0x00, 0x02, 0xFC,
    0x00, 0x00, 0x1F, 0xC0, 0x00, 0x00, 0xFE, 0x00, 0x00, 0x0B, 0xF0, 0x00, 0x00, 0x3F, 0x40, 0x00,
    0x03, 0xF8, 0x00, 0x00, 0x1F, 0xC0, 0x00, 0x00, 0xFD, 0x00, 0x00, 0x0B, 0xF0, 0x00, 0x00, 0x3F,
    0x00, 0x00, 0x00, 0xF8, 0x00, 0x00, 0x03, 0xC0, 0x00, 0x00, 0x0D, 0x00, 0x00, 0x00, 0x10, 0x00,
    0x00, 0x00, 0x00, 0x01, 0xF0, 0x00, 0x28, 0x00, 0x01, 0xC0, 0x00, 0x0D, 0x00, 0x00, 0x30, 0x00,
    0x02, 0xC0, 0x00, 0x0A, 0x00, 0x00, 0x34, 0x00, 0x03, 0xC0, 0x00, 0x0B, 0x80, 0x00, 0x0B, 0xD0,
    0x00, 0x74, 0x00, 0x03, 0x40, 0x00, 0x2C, 0x00, 0x00, 0xE0, 0x00, 0x03, 0x40, 0x00, 0x1C, 0x00,
    0x00, 0x70, 0x00, 0x02, 0x80, 0x00, 0x1B, 0x00, 0x00, 0x9B, 0xC0, 0x01, 0x00, 0x00, 0x00, 0x00,
    0x00, 0x00, 0x00, 0x00, 0x00, 0x00, 0x3E, 0x50, 0x00, 0x1F, 0x00, 0x00, 0x2C, 0x00, 0x00, 0xE0,
    0x00, 0x03, 0x40, 0x00, 0x1C, 0x00, 0x00, 0xB0, 0x00, 0x03, 0x80, 0x00, 0x0D, 0x00, 0x01, 0xE0,
    0x00, 0x7E, 0x00, 0x00, 0x3E, 0x00, 0x00, 0x7C, 0x00, 0x01, 0xD0, 0x00, 0x0B, 0x00, 0x00, 0x38,
    0x00, 0x00, 0xD0, 0x00, 0x07, 0x00, 0x00, 0x28, 0x00, 0x02, 0x80, 0x00, 0xF4, 0x00, 0x00, 0x00,
    0x2D, 0x02, 0x00, 0x2F, 0xC2, 0xC0, 0x0B, 0xE1, 0xF0, 0x01, 0xF0, 0xFC, 0x00, 0x00, 0xFF, 0x00,
    0x00, 0xBF, 0x00, 0x00, 0x7F, 0x40, 0x00, 0x3F, 0x80, 0x00, 0x3F, 0xC0, 0x00, 0x2F, 0xC0, 0x00,
    0x1F, 0xD0, 0x00, 0x0F, 0xE0, 0x00, 0x0F, 0xFE, 0x00, 0x0B, 0xFF, 0xC0, 0x07, 0xFF, 0xF0, 0x03,
    0xF8, 0xF0, 0x00, 0x38, 0x00, 0x00, 0x08, 0x00, 0x00, 0x00, 0x00, 0x00, 0x00, 0x02, 0xFC, 0x07,
    0x41, 0xC2, 0x00, 0x26, 0x00, 0x02, 0x00, 0x00, 0x00, 0x00, 0x00, 0x08, 0x00, 0x00, 0x01, 0xBF,
    0xD1, 0xC0, 0x07, 0xF6, 0x8B, 0xE0, 0x07, 0xD0, 0xC0, 0xF4, 0x07, 0xD0, 0x30, 0x2C, 0x03, 0xF0,
    0x18, 0x07, 0x02, 0xF4, 0x09, 0x00, 0x00, 0xFC, 0x03, 0x00, 0x00, 0x7E, 0x00, 0xC0, 0x00, 0x2F,
    0x40, 0x60, 0x00, 0x0B, 0xD0, 0x24, 0x0A, 0x01, 0xF4, 0x0C, 0x03, 0x00, 0x3D, 0x03, 0x03, 0x40,
    0x07, 0xC1, 0x83, 0x80, 0x00, 0x7E, 0xEB, 0x40, 0x00, 0x00, 0x74, 0x00, 0x00, 0x00, 0x00, 0x00,
    0x00, 0x00, 0x00, 0x00, 0x00, 0x00, 0x00, 0x00, 0x2F, 0x00, 0x00, 0x04, 0x07, 0x00, 0x00, 0xD0,
    0x0D, 0x00, 0x07, 0x00, 0xB4, 0x00, 0x2C, 0x03, 0xC0, 0x00, 0xF0, 0x00, 0x00, 0x3F, 0xFC, 0x00,
    0x00, 0x1F, 0x00, 0x00, 0x00, 0xB8, 0x00, 0x00, 0x03, 0xD0, 0x00, 0x00, 0xBE, 0xF4, 0x00, 0x00,
    0x74, 0x00, 0x00, 0xBF, 0xD0, 0x07, 0x0A, 0x3F, 0xE0, 0x70, 0x2F, 0xD6, 0xFE, 0x00, 0x00, 0xFF,
    0xE0, 0x07, 0xFF, 0x00, 0x03, 0xFC, 0x00, 0x2F, 0x00, 0x00, 0xDF, 0xC0, 0x0F, 0x40, 0x00, 0x62,
    0xF4, 0x03, 0xC0, 0x0B, 0xFF, 0xFF, 0xFF, 0xFE, 0x00, 0x0D, 0x0F, 0xD0, 0xB8, 0x00, 0x07, 0x41,
    0xFC, 0x3D, 0x00, 0x02, 0xC0, 0x3F, 0x4F, 0x00, 0x00, 0xE0, 0x07, 0xF7, 0xC0, 0x0B, 0xFF, 0xFF,
    0xFF, 0xFD, 0x00, 0x1C, 0x00, 0x1F, 0xE8, 0x00, 0x0B, 0x00, 0x03, 0xF8, 0x00, 0x03, 0xC0, 0x00,
    0x7D, 0x00, 0x0F, 0xF0, 0x00, 0x0B, 0x40, 0x00, 0x03, 0x40, 0x00, 0x50, 0x00, 0x00, 0xD0, 0x00,
    0x04, 0x00, 0x00, 0x78, 0x00, 0x01, 0x00, 0x00, 0x1D, 0x00, 0x00, 0x00, 0x00, 0x07, 0x00, 0x00,
    0x00, 0x00, 0x00, 0x00, 0x00, 0x00, 0x00, 0x1F, 0xFF, 0x1F, 0xFF, 0x07, 0xFE, 0x02, 0xF0, 0x03,
    0xF0, 0x00, 0xE0, 0x02, 0xF4, 0x03, 0xF0, 0x02, 0xC0, 0x01, 0xF4, 0x07, 0xF4, 0x07, 0x40, 0x1F,
    0xFF, 0xFF, 0xFF, 0xFF, 0xD0, 0x01, 0xF8, 0x1D, 0xF8, 0x1C, 0x00, 0x00, 0xF8, 0x35, 0xF8, 0x30,
    0x00, 0x00, 0xFC, 0xA0, 0xF8, 0xA0, 0x00, 0x00, 0xFC, 0xC0, 0xFC, 0xC0, 0x00, 0xBF, 0xFF, 0xFF,
    0xFF, 0xFF, 0x00, 0x00, 0xFF, 0x00, 0xFF, 0x00, 0x00, 0x00, 0xFD, 0x00, 0xFD, 0x00, 0x00, 0x00,
    0xBC, 0x00, 0xFC, 0x00, 0x00, 0x00, 0xB0, 0x00, 0xB4, 0x00, 0x00, 0x00, 0x00, 0x00, 0x00, 0x00,
    0x00, 0x00, 0x00, 0x00, 0x00, 0x00, 0x00, 0x10, 0x00, 0x00, 0x04, 0x00, 0x00, 0x01, 0x00, 0x00,
    0x00, 0x80, 0x00, 0x0F, 0xC0, 0x00, 0x00, 0xF0, 0x00, 0x00, 0x3C, 0x00, 0x02, 0xFF, 0xC0, 0x00,
    0x0B, 0x40, 0x00, 0x03, 0xC0, 0x01, 0xFE, 0xD0, 0x02, 0xE0, 0xF0, 0x02, 0xF0, 0x24, 0x00, 0xF4,
    0x0D, 0x00, 0x7C, 0x03, 0x00, 0x2F, 0x01, 0xC0, 0x0F, 0x80, 0xB0, 0x02, 0xD0, 0x3C, 0x30, 0x78,
    0x2F, 0x68, 0x07, 0xF4, 0xF8, 0x00, 0x00, 0x00, 0x03, 0xFF, 0xFE, 0x00, 0x00, 0x00, 0x02, 0xFF,
    0x80, 0x00, 0x00, 0x7F, 0xFF, 0xD0, 0x00, 0x0B, 0xE0, 0x1F, 0x40, 0x00, 0xFD, 0x00, 0x18, 0x00,
    0x0B, 0xC0, 0x00, 0x00, 0x7F, 0xFF, 0xFF, 0xFC, 0x00, 0x02, 0xF0, 0x00, 0x00, 0x00, 0x0B, 0x80,
    0x00, 0x00, 0x3F, 0xFF, 0xFF, 0xF4, 0x00, 0x00, 0xFC, 0x00, 0x00, 0x00, 0x02, 0xF4, 0x00, 0x24,
    0x00, 0x03, 0xF4, 0x07, 0xD0, 0x00, 0x07, 0xFF, 0xFE, 0x00, 0x00, 0x02, 0xFF, 0x80, 0x00, 0x00,
    0x00, 0x0C, 0x00, 0x00, 0x01, 0xBF, 0xD1, 0xC0, 0x07, 0xF6, 0x8B, 0xE0, 0x0B, 0xD0, 0xC0, 0xF4,
    0x0B, 0xD0, 0x30, 0x2C, 0x07, 0xF0, 0x18, 0x07, 0x03, 0xF4, 0x09, 0x00, 0x00, 0xFC, 0x03, 0x00,
    0x00, 0x7E, 0x00, 0xC0, 0x00, 0x2F, 0x40, 0x7F, 0xFF, 0x0B, 0xD0, 0x24, 0x7E, 0x00, 0xF4, 0x0C,
    0x2F, 0x40, 0x2E, 0x03, 0x0F, 0xC0, 0x01, 0xD1, 0x8B, 0xF0, 0x00, 0x00, 0xEE, 0x24, 0x00, 0x00,
    0x04, 0x00, 0x00, 0x00, 0x00, 0x00, 0x60, 0x00, 0x00, 0x00, 0x00, 0xF4, 0x00, 0x00, 0x00, 0x03,
    0xFC, 0x00, 0x00, 0x00, 0x0E, 0xFC, 0x00, 0x00, 0x00, 0x38, 0xFE, 0x00, 0x00, 0x00, 0xA0, 0xBF,
    0x00, 0x00, 0x01, 0xC0, 0x3F, 0x00, 0x00, 0x07, 0x00, 0x3F, 0x80, 0x00, 0x0C, 0x00, 0x2F, 0xC0,
    0x00, 0x34, 0x00, 0x0F, 0xD0, 0x00, 0xD0, 0x00, 0x0F, 0xE0, 0x02, 0x80, 0x00, 0x07, 0xF0, 0x0B,
    0xAA, 0xAA, 0xAB, 0xF4, 0x1F, 0xFF, 0xFF, 0xFF, 0xF8, 0x3F, 0xFF, 0xFF, 0xFF, 0xFC, 0x00, 0x00,
    0x00, 0x00, 0x00, 0x00, 0x02, 0x00, 0x00, 0x00, 0x0A, 0x00, 0x00, 0x00, 0x0F, 0x00, 0x00, 0x00,
    0x2F, 0xFC, 0x00, 0x00, 0x3F, 0x00, 0x00, 0x00, 0xBE, 0x00, 0x00, 0x01, 0xFC, 0x00, 0x01, 0x43,
    0xF8, 0x00, 0x07, 0x47, 0xF0, 0x00, 0x1F, 0x4F, 0xD0, 0x00, 0x27, 0x5F, 0xC0, 0x00, 0x07, 0xBF,
    0x40, 0x00, 0x07, 0xFF, 0x00, 0x00, 0x07, 0xFD, 0x00, 0x00, 0x07, 0xF8, 0x00, 0x00, 0x07, 0xF0,
    0x00, 0x00, 0x07, 0xE0, 0x00, 0x00, 0x07, 0xC0, 0x00, 0x00, 0x07, 0x80, 0x00, 0x00, 0x07, 0x00,
    0x00, 0x00,
};

static const EpdGlyph cmu_10_bolditalicGlyphs[] = {
    { 0, 0, 7, 0, 0, 0, 0 }, // 
    { 0, 0, 9, 0, 0, 0, 0 }, //  
    { 8, 16, 8, 2, 16, 32, 0 }, // !
    { 8, 8, 12, 5, 14, 16, 32 }, // "
    { 18, 17, 20, 2, 14, 77, 48 }, // #
    { 12, 17, 12, 2, 16, 51, 125 }, // $
    { 17, 17, 20, 3, 16, 73, 176 }, // %
    { 17, 15, 19, 2, 15, 64, 249 }, // &
    { 4, 8, 7, 5, 14, 8, 313 }, // '
    { 9, 22, 10, 3, 16, 50, 321 }, // (
    { 9, 22, 10, 0, 16, 50, 371 }, // )
    { 10, 10, 12, 4, 15, 25, 421 }, // *
    { 15, 15, 19, 3, 13, 57, 446 }, // +
    { 5, 8, 7, 1, 3, 10, 503 }, // ,
    { 8, 2, 9, 1, 6, 4, 513 }, // -
    { 4, 3, 7, 2, 3, 3, 517 }, // .
    { 15, 22, 12, 0, 16, 83, 520 }, // /
    { 12, 14, 12, 2, 14, 42, 603 }, // 0
    { 9, 14, 12, 2, 14, 32, 645 }, // 1
    { 12, 14, 12, 1, 14, 42, 677 }, // 2
    { 12, 14, 12, 2, 14, 42, 719 }, // 3
    { 11, 18, 12, 1, 14, 50, 761 }, // 4
    { 12, 14, 12, 2, 14, 42, 811 }, // 5
    { 12, 14, 12, 2, 14, 42, 853 }, // 6
    { 12, 15, 12, 3, 15, 45, 895 }, // 7
    { 11, 14, 12, 2, 14, 39, 940 }, // 8
    { 12, 14, 12, 2, 14, 42, 979 }, // 9
    { 6, 9, 7, 2, 9, 14, 1021 }, // :
    { 7, 14, 7, 1, 9, 25, 1035 }, // ;
    { 16, 13, 19, 3, 12, 52, 1060 }, // <
    { 17, 5, 19, 2, 8, 22, 1112 }, // =
    { 16, 14, 19, 2, 12, 56, 1134 }, // >
    { 9, 15, 12, 4, 15, 34, 1190 }, // ?
    { 16, 14, 19, 3, 14, 56, 1224 }, // @
    { 16, 14, 18, 1, 14, 56, 1280 }, // A
    { 17, 14, 17, 1, 14, 60, 1336 }, // B
    { 17, 14, 17, 3, 14, 60, 1396 }, // C
    { 18, 14, 18, 1, 14, 63, 1456 }, // D
    { 16, 14, 16, 1, 14, 56, 1519 }, // E
    { 16, 15, 15, 1, 15, 60, 1575 }, // F
    { 17, 14, 19, 3, 14, 60, 1635 }, // G
    { 21, 15, 19, 1, 15, 79, 1695 }, // H
    { 12, 14, 10, 1, 14, 42, 1774 }, // I
    { 14, 15, 13, 1, 15, 53, 1816 }, // J
    { 20, 14, 19, 1, 14, 70, 1869 }, // K
    { 14, 14, 15, 1, 14, 49, 1939 }, // L
    { 24, 14, 23, 1, 14, 84, 1988 }, // M
    { 21, 14, 19, 1, 14, 74, 2072 }, // N
    { 16, 14, 18, 3, 14, 56, 2146 }, // O
    { 17, 15, 17, 1, 14, 64, 2202 }, // P
    { 16, 18, 18, 3, 14, 72, 2266 }, // Q
    { 17, 14, 18, 1, 14, 60, 2338 }, // R
    { 14, 14, 14, 1, 14, 49, 2398 }, // S
    { 16, 14, 17, 3, 14, 56, 2447 }, // T
    { 17, 15, 19, 4, 15, 64, 2503 }, // U
    { 17, 15, 18, 4, 15, 64, 2567 }, // V
    { 23, 14, 24, 4, 14, 81, 2631 }, // W
    { 19, 14, 18, 1, 14, 67, 2712 }, // X
    { 17, 14, 18, 4, 14, 60, 2779 }, // Y
    { 16, 14, 15, 1, 14, 56, 2839 }, // Z
    { 10, 21, 7, 1, 16, 53, 2895 }, // [
    { 5, 24, 12, 5, 18, 30, 2948 }, // <backslash>
    { 10, 21, 7, -1, 16, 53, 2978 }, // ]
    { 10, 4, 15, 5, 14, 10, 3031 }, // ^
    { 14, 1, 19, 1, -5, 4, 3041 }, // _
    { 5, 3, 12, 6, 14, 4, 3045 }, // `
    { 12, 10, 12, 2, 10, 30, 3049 }, // a
    { 10, 15, 11, 2, 15, 38, 3079 }, // b
    { 10, 10, 11, 2, 10, 25, 3117 }, // c
    { 12, 14, 12, 2, 14, 42, 3142 }, // d
    { 10, 10, 11, 2, 10, 25, 3184 }, // e
    { 13, 18, 8, -1, 14, 59, 3209 }, // f
    { 11, 14, 11, 1, 10, 39, 3268 }, // g
    { 13, 14, 12, 1, 14, 46, 3307 }, // h
    { 8, 14, 7, 1, 14, 28, 3353 }, // i
    { 10, 18, 7, -1, 14, 45, 3381 }, // j
    { 11, 14, 11, 1, 14, 39, 3426 }, // k
    { 7, 15, 6, 1, 15, 27, 3465 }, // l
    { 20, 10, 20, 1, 10, 50, 3492 }, // m
    { 14, 11, 14, 1, 11, 39, 3542 }, // n
    { 11, 10, 12, 2, 10, 28, 3581 }, // o
    { 13, 15, 12, 0, 11, 49, 3609 }, // p
    { 11, 14, 11, 2, 10, 39, 3658 }, // q
    { 11, 11, 11, 1, 11, 31, 3697 }, // r
    { 10, 10, 10, 1, 10, 25, 3728 }, // s
    { 8, 13, 8, 1, 13, 26, 3753 }, // t
    { 13, 10, 13, 1, 10, 33, 3779 }, // u
    { 11, 10, 11, 1, 10, 28, 3812 }, // v
    { 16, 10, 16, 1, 10, 40, 3840 }, // w
    { 12, 10, 12, 1, 10, 30, 3880 }, // x
    { 12, 14, 12, 1, 10, 42, 3910 }, // y
    { 11, 10, 10, 1, 10, 28, 3952 }, // z
    { 12, 21, 12, 3, 16, 63, 3980 }, // {
    { 8, 22, 7, 1, 16, 44, 4043 }, // |
    { 12, 21, 12, 0, 16, 63, 4087 }, // }
    { 11, 3, 15, 5, 14, 9, 4150 }, // ~
    { 0, 0, 9, 0, 0, 0, 4159 }, //  
    { 7, 15, 8, 1, 10, 27, 4159 }, // ¡
    { 11, 14, 12, 2, 11, 39, 4186 }, // ¢
    { 15, 15, 18, 2, 15, 57, 4225 }, // £
    { 18, 14, 18, 3, 14, 63, 4282 }, // ¥
    { 11, 18, 12, 2, 14, 50, 4345 }, // §
    { 9, 3, 12, 5, 14, 7, 4395 }, // ¨
    { 24, 22, 26, 2, 16, 132, 4402 }, // ©
    { 11, 10, 11, 1, 16, 28, 4534 }, // ª
    { 11, 10, 14, 4, 10, 28, 4562 }, // «
    { 13, 6, 16, 3, 8, 20, 4590 }, // ¬
    { 8, 3, 9, 1, 6, 6, 4610 }, // ­
    { 24, 22, 26, 2, 16, 132, 4616 }, // ®
    { 9, 1, 12, 5, 14, 3, 4748 }, // ¯
    { 6, 5, 9, 4, 14, 8, 4751 }, // °
    { 18, 14, 19, 1, 14, 63, 4759 }, // ±
    { 6, 3, 12, 7, 14, 5, 4822 }, // ´
    { 14, 16, 12, 0, 11, 56, 4827 }, // µ
    { 14, 18, 15, 4, 14, 63, 4883 }, // ¶
    { 5, 3, 6, 2, 6, 4, 4946 }, // ·
    { 7, 4, 11, 1, 0, 7, 4950 }, // ¸
    { 11, 10, 11, 1, 16, 28, 4957 }, // º
    { 11, 10, 14, 1, 10, 28, 4985 }, // »
    { 9, 15, 12, 2, 10, 34, 5013 }, // ¿
    { 16, 18, 18, 1, 18, 72, 5047 }, // À
    { 16, 19, 18, 1, 19, 76, 5119 }, // Á
    { 16, 19, 18, 1, 19, 76, 5195 }, // Â
    { 17, 19, 18, 1, 19, 81, 5271 }, // Ã
    { 17, 19, 18, 1, 19, 81, 5352 }, // Ä
    { 16, 19, 18, 1, 19, 76, 5433 }, // Å
    { 22, 14, 21, 1, 14, 77, 5509 }, // Æ
    { 17, 18, 17, 3, 14, 77, 5586 }, // Ç
    { 16, 18, 16, 1, 18, 72, 5663 }, // È
    { 16, 19, 16, 1, 19, 76, 5735 }, // É
    { 16, 19, 16, 1, 19, 76, 5811 }, // Ê
    { 16, 19, 16, 1, 19, 76, 5887 }, // Ë
    { 12, 18, 10, 1, 18, 54, 5963 }, // Ì
    { 12, 19, 10, 1, 19, 57, 6017 }, // Í
    { 12, 19, 10, 1, 19, 57, 6074 }, // Î
    { 12, 19, 10, 1, 19, 57, 6131 }, // Ï
    { 18, 14, 18, 1, 14, 63, 6188 }, // Ð
    { 21, 19, 19, 1, 19, 100, 6251 }, // Ñ
    { 16, 18, 18, 3, 18, 72, 6351 }, // Ò
    { 16, 19, 18, 3, 19, 76, 6423 }, // Ó
    { 16, 19, 18, 3, 19, 76, 6499 }, // Ô
    { 16, 19, 18, 3, 19, 76, 6575 }, // Õ
    { 16, 20, 18, 3, 20, 80, 6651 }, // Ö
    { 16, 16, 19, 3, 15, 64, 6731 }, // Ø
    { 17, 18, 19, 4, 18, 77, 6795 }, // Ù
    { 17, 19, 19, 4, 19, 81, 6872 }, // Ú
    { 17, 19, 19, 4, 19, 81, 6953 }, // Û
    { 17, 19, 19, 4, 19, 81, 7034 }, // Ü
    { 17, 19, 18, 4, 19, 81, 7115 }, // Ý
    { 15, 14, 15, 1, 14, 53, 7196 }, // Þ
    { 16, 18, 14, -1, 14, 72, 7249 }, // ß
    { 12, 14, 12, 2, 14, 42, 7321 }, // à
    { 12, 14, 12, 2, 14, 42, 7363 }, // á
    { 12, 14, 12, 2, 14, 42, 7405 }, // â
    { 12, 14, 12, 2, 14, 42, 7447 }, // ã
    { 12, 14, 12, 2, 14, 42, 7489 }, // ä
    { 12, 14, 12, 2, 14, 42, 7531 }, // å
    { 16, 10, 17, 2, 10, 40, 7573 }, // æ
    { 10, 14, 11, 2, 10, 35, 7613 }, // ç
    { 10, 14, 11, 2, 14, 35, 7648 }, // è
    { 11, 14, 11, 2, 14, 39, 7683 }, // é
    { 10, 14, 11, 2, 14, 35, 7722 }, // ê
    { 11, 14, 11, 2, 14, 39, 7757 }, // ë
    { 8, 14, 7, 1, 14, 28, 7796 }, // ì
    { 10, 14, 7, 1, 14, 35, 7824 }, // í
    { 8, 14, 7, 1, 14, 28, 7859 }, // î
    { 10, 14, 7, 1, 14, 35, 7887 }, // ï
    { 11, 15, 12, 2, 15, 42, 7922 }, // ð
    { 14, 14, 14, 1, 14, 49, 7964 }, // ñ
    { 11, 14, 12, 2, 14, 39, 8013 }, // ò
    { 11, 14, 12, 2, 14, 39, 8052 }, // ó
    { 11, 14, 12, 2, 14, 39, 8091 }, // ô
    { 12, 14, 12, 2, 14, 42, 8130 }, // õ
    { 12, 14, 12, 2, 14, 42, 8172 }, // ö
    { 15, 14, 19, 3, 12, 53, 8214 }, // ÷
    { 13, 14, 12, 1, 12, 46, 8267 }, // ø
    { 13, 14, 13, 1, 14, 46, 8313 }, // ù
    { 13, 14, 13, 1, 14, 46, 8359 }, // ú
    { 13, 14, 13, 1, 14, 46, 8405 }, // û
    { 13, 14, 13, 1, 14, 46, 8451 }, // ü
    { 12, 18, 12, 1, 14, 54, 8497 }, // ý
    { 13, 18, 12, 0, 14, 59, 8551 }, // þ
    { 12, 18, 12, 1, 14, 54, 8610 }, // ÿ
    { 18, 18, 18, 1, 18, 81, 8664 }, // Ā
    { 12, 13, 12, 2, 13, 39, 8745 }, // ā
    { 17, 18, 18, 1, 18, 77, 8784 }, // Ă
    { 12, 14, 12, 2, 14, 42, 8861 }, // ă
    { 16, 20, 18, 1, 15, 80, 8903 }, // Ą
    { 12, 15, 12, 2, 10, 45, 8983 }, // ą
    { 17, 19, 17, 3, 19, 81, 9028 }, // Ć
    { 10, 14, 11, 2, 14, 35, 9109 }, // ć
    { 17, 19, 17, 3, 19, 81, 9144 }, // Ĉ
    { 11, 14, 11, 2, 14, 39, 9225 }, // ĉ
    { 17, 19, 17, 3, 19, 81, 9264 }, // Ċ
    { 10, 14, 11, 2, 14, 35, 9345 }, // ċ
    { 17, 18, 17, 3, 18, 77, 9380 }, // Č
    { 11, 14, 11, 2, 14, 39, 9457 }, // č
    { 18, 18, 18, 1, 18, 81, 9496 }, // Ď
    { 16, 15, 12, 2, 15, 60, 9577 }, // ď
    { 18, 14, 18, 1, 14, 63, 9637 }, // Đ
    { 12, 15, 12, 2, 15, 45, 9700 }, // đ
    { 17, 18, 16, 1, 18, 77, 9745 }, // Ē
    { 12, 13, 11, 2, 13, 39, 9822 }, // ē
    { 16, 19, 16, 1, 19, 76, 9861 }, // Ė
    { 10, 14, 11, 2, 14, 35, 9937 }, // ė
    { 16, 19, 16, 1, 14, 76, 9972 }, // Ę
    { 10, 15, 11, 2, 10, 38, 10048 }, // ę
    { 16, 18, 16, 1, 18, 72, 10086 }, // Ě
    { 12, 14, 11, 2, 14, 42, 10158 }, // ě
    { 17, 19, 19, 3, 19, 81, 10200 }, // Ĝ
    { 11, 18, 11, 1, 14, 50, 10281 }, // ĝ
    { 17, 18, 19, 3, 18, 77, 10331 }, // Ğ
    { 12, 18, 11, 1, 14, 54, 10408 }, // ğ
    { 17, 19, 19, 3, 19, 81, 10462 }, // Ġ
    { 11, 18, 11, 1, 14, 50, 10543 }, // ġ
    { 21, 19, 19, 1, 19, 100, 10593 }, // Ĥ
    { 13, 19, 12, 1, 19, 62, 10693 }, // ĥ
    { 13, 17, 10, 1, 17, 56, 10755 }, // Ī
    { 10, 13, 7, 1, 13, 33, 10811 }, // ī
    { 12, 19, 10, 1, 19, 57, 10844 }, // İ
    { 8, 10, 7, 1, 10, 20, 10901 }, // ı
    { 15, 19, 13, 1, 19, 72, 10921 }, // Ĵ
    { 12, 18, 8, -1, 14, 54, 10993 }, // ĵ
    { 14, 19, 15, 1, 19, 67, 11047 }, // Ĺ
    { 10, 19, 6, 1, 19, 48, 11114 }, // ĺ
    { 15, 17, 15, 1, 17, 64, 11162 }, // Ľ
    { 11, 15, 6, 1, 15, 42, 11226 }, // ľ
    { 14, 14, 15, 1, 14, 49, 11268 }, // Ł
    { 8, 14, 7, 1, 14, 28, 11317 }, // ł
    { 21, 19, 19, 1, 19, 100, 11345 }, // Ń
    { 14, 14, 14, 1, 14, 49, 11445 }, // ń
    { 21, 18, 19, 1, 18, 95, 11494 }, // Ň
    { 14, 14, 14, 1, 14, 49, 11589 }, // ň
    { 16, 18, 18, 3, 18, 72, 11638 }, // Ő
    { 13, 15, 12, 2, 15, 49, 11710 }, // ő
    { 22, 14, 24, 3, 14, 77, 11759 }, // Œ
    { 16, 10, 17, 2, 10, 40, 11836 }, // œ
    { 17, 19, 18, 1, 19, 81, 11876 }, // Ŕ
    { 11, 14, 11, 1, 14, 39, 11957 }, // ŕ
    { 17, 18, 18, 1, 18, 77, 11996 }, // Ř
    { 11, 14, 11, 1, 14, 39, 12073 }, // ř
    { 14, 19, 14, 1, 19, 67, 12112 }, // Ś
    { 10, 14, 10, 1, 14, 35, 12179 }, // ś
    { 14, 19, 14, 1, 19, 67, 12214 }, // Ŝ
    { 10, 14, 10, 1, 14, 35, 12281 }, // ŝ
    { 14, 18, 14, 1, 14, 63, 12316 }, // Ş
    { 10, 14, 10, 1, 10, 35, 12379 }, // ş
    { 14, 18, 14, 1, 18, 63, 12414 }, // Š
    { 11, 14, 10, 1, 14, 39, 12477 }, // š
    { 16, 18, 17, 3, 14, 72, 12516 }, // Ţ
    { 8, 17, 8, 1, 13, 34, 12588 }, // ţ
    { 16, 18, 17, 3, 18, 72, 12622 }, // Ť
    { 11, 15, 8, 1, 15, 42, 12694 }, // ť
    { 17, 18, 19, 4, 18, 77, 12736 }, // Ū
    { 13, 13, 13, 1, 13, 43, 12813 }, // ū
    { 17, 18, 19, 4, 18, 77, 12856 }, // Ŭ
    { 13, 14, 13, 1, 14, 46, 12933 }, // ŭ
    { 17, 19, 19, 4, 19, 81, 12979 }, // Ů
    { 13, 14, 13, 1, 14, 46, 13060 }, // ů
    { 17, 19, 19, 4, 19, 81, 13106 }, // Ű
    { 14, 15, 13, 1, 15, 53, 13187 }, // ű
    { 17, 19, 18, 4, 19, 81, 13240 }, // Ÿ
    { 16, 19, 15, 1, 19, 76, 13321 }, // Ź
    { 11, 14, 10, 1, 14, 39, 13397 }, // ź
    { 16, 19, 15, 1, 19, 76, 13436 }, // Ż
    { 11, 14, 10, 1, 14, 39, 13512 }, // ż
    { 16, 18, 15, 1, 18, 72, 13551 }, // Ž
    { 12, 14, 10, 1, 14, 42, 13623 }, // ž
    { 16, 19, 16, 1, 19, 76, 13665 }, // Ѐ
    { 16, 19, 16, 1, 19, 76, 13741 }, // Ё
    { 18, 14, 20, 3, 14, 63, 13817 }, // Ђ
    { 15, 19, 15, 1, 19, 72, 13880 }, // Ѓ
    { 17, 14, 17, 3, 14, 60, 13952 }, // Є
    { 14, 14, 14, 1, 14, 49, 14012 }, // Ѕ
    { 12, 14, 10, 1, 14, 42, 14061 }, // І
    { 12, 19, 10, 1, 19, 57, 14103 }, // Ї
    { 14, 15, 13, 1, 15, 53, 14160 }, // Ј
    { 24, 14, 25, 1, 14, 84, 14213 }, // Љ
    { 24, 15, 25, 1, 15, 90, 14297 }, // Њ
    { 15, 14, 18, 3, 14, 53, 14387 }, // Ћ
    { 20, 19, 19, 1, 19, 95, 14440 }, // Ќ
    { 20, 19, 19, 1, 19, 95, 14535 }, // Ѝ
    { 17, 19, 18, 4, 19, 81, 14630 }, // Ў
    { 20, 19, 19, 1, 15, 95, 14711 }, // Џ
    { 16, 14, 18, 1, 14, 56, 14806 }, // А
    { 16, 14, 17, 1, 14, 56, 14862 }, // Б
    { 17, 14, 17, 1, 14, 60, 14918 }, // В
    { 15, 14, 15, 1, 14, 53, 14978 }, // Г
    { 22, 18, 19, -1, 14, 99, 15031 }, // Д
    { 16, 14, 16, 1, 14, 56, 15130 }, // Е
    { 29, 14, 28, 1, 14, 102, 15186 }, // Ж
    { 14, 14, 15, 2, 14, 49, 15288 }, // З
    { 20, 14, 19, 1, 14, 70, 15337 }, // И
    { 20, 19, 19, 1, 19, 95, 15407 }, // Й
    { 20, 14, 19, 1, 14, 70, 15502 }, // К
    { 20, 15, 19, 1, 14, 75, 15572 }, // Л
    { 24, 14, 23, 1, 14, 84, 15647 }, // М
    { 20, 14, 19, 1, 14, 70, 15731 }, // Н
    { 16, 14, 18, 3, 14, 56, 15801 }, // О
    { 20, 14, 19, 1, 14, 70, 15857 }, // П
    { 17, 15, 17, 1, 14, 64, 15927 }, // Р
    { 17, 14, 17, 3, 14, 60, 15991 }, // С
    { 16, 14, 17, 3, 14, 56, 16051 }, // Т
    { 17, 15, 18, 4, 15, 64, 16107 }, // У
    { 17, 14, 20, 3, 14, 60, 16171 }, // Ф
    { 19, 14, 18, 1, 14, 67, 16231 }, // Х
    { 20, 19, 19, 1, 15, 95, 16298 }, // Ц
    { 17, 15, 19, 4, 14, 64, 16393 }, // Ч
    { 29, 15, 27, 1, 15, 109, 16457 }, // Ш
    { 29, 19, 27, 1, 15, 138, 16566 }, // Щ
    { 18, 14, 21, 3, 14, 63, 16704 }, // Ъ
    { 25, 15, 23, 1, 15, 94, 16767 }, // Ы
    { 16, 15, 17, 1, 15, 60, 16861 }, // Ь
    { 16, 14, 17, 2, 14, 56, 16921 }, // Э
    { 26, 15, 26, 1, 15, 98, 16977 }, // Ю
    { 20, 14, 19, 1, 14, 70, 17075 }, // Я
    { 12, 10, 12, 1, 10, 30, 17145 }, // а
    { 13, 14, 12, 1, 14, 46, 17175 }, // б
    { 11, 10, 12, 1, 10, 28, 17221 }, // в
    { 9, 10, 10, 2, 10, 23, 17249 }, // г
    { 11, 14, 12, 2, 14, 39, 17272 }, // д
    { 10, 10, 11, 1, 10, 25, 17311 }, // е
    { 25, 10, 25, 1, 10, 63, 17336 }, // ж
    { 11, 10, 11, 1, 10, 28, 17399 }, // з
    { 14, 10, 14, 1, 10, 35, 17427 }, // и
    { 14, 14, 14, 1, 14, 49, 17462 }, // й
    { 13, 10, 12, 1, 10, 33, 17511 }, // к
    { 13, 10, 13, 1, 10, 33, 17544 }, // л
    { 18, 10, 18, 1, 10, 45, 17577 }, // м
    { 14, 10, 14, 1, 10, 35, 17622 }, // н
    { 12, 10, 12, 1, 10, 30, 17657 }, // о
    { 14, 11, 14, 1, 11, 39, 17687 }, // п
    { 13, 15, 12, 0, 11, 49, 17726 }, // р
    { 10, 10, 11, 1, 10, 25, 17775 }, // с
    { 20, 10, 20, 1, 10, 50, 17800 }, // т
    { 13, 14, 12, 1, 10, 46, 17850 }, // у
    { 17, 18, 16, 1, 14, 77, 17896 }, // ф
    { 14, 10, 14, 1, 10, 35, 17973 }, // х
    { 14, 15, 14, 1, 10, 53, 18008 }, // ц
    { 13, 10, 13, 1, 10, 33, 18061 }, // ч
    { 20, 10, 20, 1, 10, 50, 18094 }, // ш
    { 20, 15, 20, 1, 10, 75, 18144 }, // щ
    { 11, 10, 12, 1, 10, 28, 18219 }, // ъ
    { 16, 10, 16, 1, 10, 40, 18247 }, // ы
    { 12, 10, 12, 1, 10, 30, 18287 }, // ь
    { 11, 10, 11, 1, 10, 28, 18317 }, // э
    { 18, 11, 18, 1, 11, 50, 18345 }, // ю
    { 13, 10, 13, 1, 10, 33, 18395 }, // я
    { 10, 14, 11, 1, 14, 35, 18428 }, // ѐ
    { 11, 14, 11, 2, 14, 39, 18463 }, // ё
    { 13, 19, 11, 0, 15, 62, 18502 }, // ђ
    { 9, 14, 10, 2, 14, 32, 18564 }, // ѓ
    { 11, 10, 11, 1, 10, 28, 18596 }, // є
    { 10, 10, 10, 1, 10, 25, 18624 }, // ѕ
    { 8, 14, 7, 1, 14, 28, 18649 }, // і
    { 10, 14, 7, 1, 14, 35, 18677 }, // ї
    { 10, 18, 7, -1, 14, 45, 18712 }, // ј
    { 16, 10, 17, 1, 10, 40, 18757 }, // љ
    { 17, 10, 17, 1, 10, 43, 18797 }, // њ
    { 14, 15, 12, 0, 15, 53, 18840 }, // ћ
    { 13, 14, 12, 1, 14, 46, 18893 }, // ќ
    { 14, 14, 14, 1, 14, 49, 18939 }, // ѝ
    { 13, 18, 12, 1, 14, 59, 18988 }, // ў
    { 14, 14, 13, 0, 10, 49, 19047 }, // џ
    { 22, 14, 24, 3, 14, 77, 19096 }, // Ѡ
    { 13, 10, 15, 2, 10, 33, 19173 }, // ѡ
    { 16, 15, 20, 3, 15, 60, 19206 }, // Ѣ
    { 17, 11, 17, 1, 11, 47, 19266 }, // ѣ
    { 27, 14, 25, 1, 14, 95, 19313 }, // Ѥ
    { 17, 11, 17, 1, 11, 47, 19408 }, // ѥ
    { 22, 14, 24, 1, 14, 77, 19455 }, // Ѧ
    { 16, 10, 16, 1, 10, 40, 19532 }, // ѧ
    { 29, 14, 32, 1, 14, 102, 19572 }, // Ѩ
    { 21, 11, 21, 1, 11, 58, 19674 }, // ѩ
    { 23, 14, 24, 1, 14, 81, 19732 }, // Ѫ
    { 19, 10, 17, 0, 10, 48, 19813 }, // ѫ
    { 31, 14, 32, 1, 14, 109, 19861 }, // Ѭ
    { 24, 10, 24, 1, 10, 60, 19970 }, // ѭ
    { 15, 22, 14, 0, 18, 83, 20030 }, // Ѯ
    { 12, 16, 11, 0, 12, 48, 20113 }, // ѯ
    { 16, 14, 19, 4, 14, 56, 20161 }, // Ѱ
    { 15, 19, 15, 1, 15, 72, 20217 }, // ѱ
    { 16, 14, 18, 3, 14, 56, 20289 }, // Ѳ
    { 10, 10, 11, 2, 10, 25, 20345 }, // ѳ
    { 19, 14, 20, 4, 14, 67, 20370 }, // Ѵ
    { 16, 10, 15, 1, 10, 40, 20437 }, // ѵ
    { 19, 18, 20, 4, 18, 86, 20477 }, // Ѷ
    { 16, 14, 15, 1, 14, 56, 20563 }, // ѷ
    { 20, 20, 22, 3, 17, 100, 20619 }, // Ѻ
    { 14, 11, 14, 1, 10, 39, 20719 }, // ѻ
    { 22, 19, 24, 3, 19, 105, 20758 }, // Ѽ
    { 15, 14, 15, 2, 14, 53, 20863 }, // ѽ
    { 22, 19, 24, 3, 19, 105, 20916 }, // Ѿ
    { 13, 14, 15, 2, 14, 46, 21021 }, // ѿ
    { 17, 19, 17, 3, 14, 81, 21067 }, // Ҁ
    { 10, 14, 11, 1, 10, 35, 21148 }, // ҁ
    { 10, 8, 11, 1, 5, 20, 21183 }, // ҂
    { 10, 4, 0, -2, 14, 10, 21203 }, // ҃
    { 13, 4, 0, -10, 14, 13, 21213 }, // ҄
    { 7, 5, 0, -7, 15, 9, 21226 }, // ҅
    { 6, 5, 0, -6, 15, 8, 21235 }, // ҆
    { 25, 24, 0, -24, 17, 150, 21243 }, // ҈
    { 28, 27, 0, -26, 19, 189, 21393 }, // ҉
    { 20, 23, 19, 1, 19, 115, 21582 }, // Ҋ
    { 14, 19, 14, 1, 14, 67, 21697 }, // ҋ
    { 17, 14, 20, 3, 14, 60, 21764 }, // Ҍ
    { 10, 15, 12, 3, 15, 38, 21824 }, // ҍ
    { 17, 15, 17, 1, 14, 64, 21862 }, // Ҏ
    { 13, 15, 12, 0, 11, 49, 21926 }, // ҏ
    { 17, 19, 15, 1, 19, 81, 21975 }, // Ґ
    { 15, 13, 13, 0, 13, 49, 22056 }, // ґ
    { 15, 14, 15, 1, 14, 53, 22105 }, // Ғ
    { 9, 10, 10, 2, 10, 23, 22158 }, // ғ
    { 16, 18, 18, 1, 14, 72, 22181 }, // Ҕ
    { 11, 14, 12, 2, 10, 39, 22253 }, // ҕ
    { 29, 18, 28, 1, 14, 131, 22292 }, // Җ
    { 26, 15, 25, 1, 10, 98, 22423 }, // җ
    { 14, 19, 15, 2, 14, 67, 22521 }, // Ҙ
    { 12, 16, 11, 0, 10, 48, 22588 }, // ҙ
    { 20, 18, 19, 1, 14, 90, 22636 }, // Қ
    { 13, 15, 13, 1, 10, 49, 22726 }, // қ
    { 22, 15, 21, 1, 15, 83, 22775 }, // Ҝ
    { 14, 10, 14, 1, 10, 35, 22858 }, // ҝ
    { 20, 14, 19, 1, 14, 70, 22893 }, // Ҟ
    { 11, 15, 11, 1, 15, 42, 22963 }, // ҟ
    { 21, 14, 22, 3, 14, 74, 23005 }, // Ҡ
    { 15, 10, 16, 2, 10, 38, 23079 }, // ҡ
    { 20, 19, 19, 1, 15, 95, 23117 }, // Ң
    { 14, 15, 14, 1, 10, 53, 23212 }, // ң
    { 24, 14, 22, 1, 14, 84, 23265 }, // Ҥ
    { 18, 10, 17, 1, 10, 45, 23349 }, // ҥ
    { 24, 18, 25, 1, 14, 108, 23394 }, // Ҧ
    { 16, 15, 17, 1, 11, 60, 23502 }, // ҧ
    { 16, 16, 19, 3, 14, 64, 23562 }, // Ҩ
    { 11, 12, 12, 2, 10, 33, 23626 }, // ҩ
    { 17, 19, 17, 3, 14, 81, 23659 }, // Ҫ
    { 10, 15, 11, 1, 10, 38, 23740 }, // ҫ
    { 16, 18, 17, 3, 14, 72, 23778 }, // Ҭ
    { 20, 15, 20, 1, 10, 75, 23850 }, // ҭ
    { 17, 14, 18, 4, 14, 60, 23925 }, // Ү
    { 16, 15, 15, 1, 10, 60, 23985 }, // ү
    { 17, 14, 18, 4, 14, 60, 24045 }, // Ұ
    { 16, 14, 15, 1, 10, 56, 24105 }, // ұ
    { 19, 18, 18, 1, 14, 86, 24161 }, // Ҳ
    { 13, 14, 13, 1, 10, 46, 24247 }, // ҳ
    { 23, 18, 24, 3, 14, 104, 24293 }, // Ҵ
    { 18, 15, 18, 2, 10, 68, 24397 }, // ҵ
    { 17, 18, 19, 4, 14, 77, 24465 }, // Ҷ
    { 14, 15, 13, 1, 10, 53, 24542 }, // ҷ
    { 17, 15, 19, 4, 14, 64, 24595 }, // Ҹ
    { 13, 10, 13, 1, 10, 33, 24659 }, // ҹ
    { 17, 14, 19, 1, 14, 60, 24692 }, // Һ
    { 13, 14, 12, 1, 14, 46, 24752 }, // һ
    { 19, 14, 21, 3, 14, 67, 24798 }, // Ҽ
    { 13, 10, 14, 2, 10, 33, 24865 }, // ҽ
    { 19, 19, 21, 3, 14, 91, 24898 }, // Ҿ
    { 13, 15, 14, 2, 10, 49, 24989 }, // ҿ
    { 12, 14, 10, 1, 14, 42, 25038 }, // Ӏ
    { 29, 18, 28, 1, 18, 131, 25080 }, // Ӂ
    { 25, 14, 25, 1, 14, 88, 25211 }, // ӂ
    { 20, 18, 19, 1, 14, 90, 25299 }, // Ӄ
    { 13, 14, 12, 1, 10, 46, 25389 }, // ӄ
    { 20, 18, 19, 1, 14, 90, 25435 }, // Ӆ
    { 14, 15, 13, 1, 10, 53, 25525 }, // ӆ
    { 20, 18, 19, 1, 14, 90, 25578 }, // Ӈ
    { 13, 14, 12, 1, 10, 46, 25668 }, // ӈ
    { 20, 19, 19, 1, 15, 95, 25714 }, // Ӊ
    { 17, 18, 19, 4, 14, 77, 25809 }, // Ӌ
    { 13, 14, 13, 1, 10, 46, 25886 }, // ӌ
    { 24, 18, 23, 1, 14, 108, 25932 }, // Ӎ
    { 18, 15, 18, 1, 10, 68, 26040 }, // ӎ
    { 17, 18, 18, 1, 18, 77, 26108 }, // Ӑ
    { 12, 14, 12, 1, 14, 42, 26185 }, // ӑ
    { 17, 19, 18, 1, 19, 81, 26227 }, // Ӓ
    { 12, 14, 12, 1, 14, 42, 26308 }, // ӓ
    { 22, 14, 21, 1, 14, 77, 26350 }, // Ӕ
    { 16, 10, 17, 2, 10, 40, 26427 }, // ӕ
    { 16, 18, 16, 1, 18, 72, 26467 }, // Ӗ
    { 11, 14, 11, 1, 14, 39, 26539 }, // ӗ
    { 16, 14, 17, 2, 14, 56, 26578 }, // Ә
    { 11, 10, 11, 1, 10, 28, 26634 }, // ә
    { 16, 19, 17, 2, 19, 76, 26662 }, // Ӛ
    { 12, 14, 11, 1, 14, 42, 26738 }, // ӛ
    { 29, 19, 28, 1, 19, 138, 26780 }, // Ӝ
    { 25, 14, 25, 1, 14, 88, 26918 }, // ӝ
    { 14, 20, 15, 2, 20, 70, 27006 }, // Ӟ
    { 12, 14, 11, 1, 14, 42, 27076 }, // ӟ
    { 14, 14, 14, 2, 14, 49, 27118 }, // Ӡ
    { 11, 13, 11, 1, 9, 36, 27167 }, // ӡ
    { 20, 19, 19, 1, 19, 95, 27203 }, // Ӣ
    { 14, 14, 14, 1, 14, 49, 27298 }, // ӣ
    { 20, 19, 19, 1, 19, 95, 27347 }, // Ӥ
    { 14, 14, 14, 1, 14, 49, 27442 }, // ӥ
    { 16, 19, 18, 3, 19, 76, 27491 }, // Ӧ
    { 12, 14, 12, 2, 14, 42, 27567 }, // ӧ
    { 16, 14, 18, 3, 14, 56, 27609 }, // Ө
    { 11, 10, 12, 2, 10, 28, 27665 }, // ө
    { 16, 19, 18, 3, 19, 76, 27693 }, // Ӫ
    { 12, 14, 12, 2, 14, 42, 27769 }, // ӫ
    { 16, 19, 17, 2, 19, 76, 27811 }, // Ӭ
    { 12, 14, 11, 1, 14, 42, 27887 }, // ӭ
    { 17, 19, 18, 4, 19, 81, 27929 }, // Ӯ
    { 13, 18, 12, 1, 14, 59, 28010 }, // ӯ
    { 17, 19, 18, 4, 19, 81, 28069 }, // Ӱ
    { 13, 18, 12, 1, 14, 59, 28150 }, // ӱ
    { 17, 19, 18, 4, 19, 81, 28209 }, // Ӳ
    { 14, 19, 12, 1, 15, 67, 28290 }, // ӳ
    { 17, 20, 19, 4, 19, 85, 28357 }, // Ӵ
    { 13, 14, 13, 1, 14, 46, 28442 }, // ӵ
    { 15, 18, 15, 1, 14, 68, 28488 }, // Ӷ
    { 9, 15, 10, 2, 10, 34, 28556 }, // ӷ
    { 25, 19, 23, 1, 19, 119, 28590 }, // Ӹ
    { 16, 14, 16, 1, 14, 56, 28709 }, // ӹ
    { 19, 19, 18, 1, 15, 91, 28765 }, // Ӽ
    { 14, 14, 14, 1, 10, 49, 28856 }, // ӽ
    { 19, 16, 18, 1, 15, 76, 28905 }, // Ӿ
    { 14, 10, 14, 1, 10, 35, 28981 }, // ӿ
    { 0, 0, 12, 0, 0, 0, 29016 }, //  
    { 0, 0, 25, 0, 0, 0, 29016 }, //  
    { 0, 0, 12, 0, 0, 0, 29016 }, //  
    { 0, 0, 25, 0, 0, 0, 29016 }, //  
    { 0, 0, 8, 0, 0, 0, 29016 }, //  
    { 0, 0, 6, 0, 0, 0, 29016 }, //  
    { 0, 0, 4, 0, 0, 0, 29016 }, //  
    { 0, 0, 12, 0, 0, 0, 29016 }, //  
    { 0, 0, 7, 0, 0, 0, 29016 }, //  
    { 0, 0, 5, 0, 0, 0, 29016 }, //  
    { 0, 0, 1, 0, 0, 0, 29016 }, //  
    { 0, 0, 0, 0, 0, 0, 29016 }, // ​
    { 0, 0, 0, 0, 0, 0, 29016 }, // ‌
    { 0, 0, 0, 0, 0, 0, 29016 }, // ‍
    { 8, 3, 9, 1, 6, 6, 29016 }, // ‐
    { 8, 3, 9, 1, 6, 6, 29022 }, // ‑
    { 12, 2, 12, 2, 7, 6, 29028 }, // ‒
    { 12, 1, 12, 2, 6, 3, 29034 }, // –
    { 23, 2, 25, 2, 6, 12, 29037 }, // —
    { 9, 29, 12, 3, 16, 66, 29049 }, // ‖
    { 5, 7, 7, 4, 14, 9, 29115 }, // ‘
    { 5, 8, 7, 4, 14, 10, 29124 }, // ’
    { 5, 9, 7, 1, 4, 12, 29134 }, // ‚
    { 5, 8, 7, 5, 14, 10, 29146 }, // ‛
    { 10, 8, 9, 2, 15, 20, 29156 }, // “
    { 10, 8, 9, 3, 14, 20, 29176 }, // ”
    { 10, 7, 9, 0, 3, 18, 29196 }, // „
    { 10, 8, 9, 3, 14, 20, 29214 }, // ‟
    { 9, 19, 11, 3, 14, 43, 29234 }, // †
    { 11, 18, 11, 1, 14, 50, 29277 }, // ‡
    { 9, 9, 12, 3, 9, 21, 29327 }, // •
    { 19, 4, 22, 2, 4, 19, 29348 }, // …
    { 10, 18, 12, 4, 14, 45, 29367 }, //  
    { 0, 0, 4, 0, 0, 0, 29412 }, //  
    { 24, 20, 27, 3, 16, 120, 29412 }, // ‰
    { 33, 20, 36, 3, 16, 165, 29532 }, // ‱
    { 7, 10, 11, 4, 10, 18, 29697 }, // ‹
    { 7, 10, 11, 3, 10, 18, 29715 }, // ›
    { 14, 11, 15, 2, 11, 39, 29733 }, // ※
    { 10, 15, 14, 4, 15, 38, 29772 }, // ‽
    { 10, 4, 9, -1, -1, 10, 29810 }, // ‿
    { 10, 3, 12, 4, 14, 8, 29820 }, // ⁀
    { 15, 25, 12, 0, 16, 94, 29828 }, // ⁄
    { 11, 23, 9, 1, 16, 64, 29922 }, // ⁅
    { 11, 22, 9, 0, 17, 61, 29986 }, // ⁆
    { 13, 19, 12, 2, 16, 62, 30047 }, // ⁒
    { 9, 5, 9, -1, -1, 12, 30109 }, // ⁔
    { 0, 0, 5, 0, 0, 0, 30121 }, //  
    { 17, 17, 17, 3, 15, 73, 30121 }, // ₡
    { 15, 16, 18, 2, 16, 60, 30194 }, // ₤
    { 21, 20, 19, 1, 14, 105, 30254 }, // ₦
    { 24, 15, 24, 3, 14, 90, 30359 }, // ₩
    { 13, 23, 12, 1, 22, 75, 30449 }, // ₫
    { 19, 14, 19, 1, 14, 67, 30524 }, // €
    { 17, 16, 19, 3, 15, 68, 30591 }, // ₲
    { 20, 15, 22, 1, 15, 75, 30659 }, // ∆
    { 16, 21, 11, 1, 19, 84, 30734 }, // √
};

static const EpdUnicodeInterval cmu_10_bolditalicIntervals[] = {
    { 0xD, 0xD, 0x0 },
    { 0x20, 0x7E, 0x1 },
    { 0xA0, 0xA3, 0x60 },
    { 0xA5, 0xA5, 0x64 },
    { 0xA7, 0xB1, 0x65 },
    { 0xB4, 0xB8, 0x70 },
    { 0xBA, 0xBB, 0x75 },
    { 0xBF, 0xD6, 0x77 },
    { 0xD8, 0xFF, 0x8F },
    { 0x100, 0x113, 0xB7 },
    { 0x116, 0x121, 0xCB },
    { 0x124, 0x125, 0xD7 },
    { 0x12A, 0x12B, 0xD9 },
    { 0x130, 0x131, 0xDB },
    { 0x134, 0x135, 0xDD },
    { 0x139, 0x13A, 0xDF },
    { 0x13D, 0x13E, 0xE1 },
    { 0x141, 0x144, 0xE3 },
    { 0x147, 0x148, 0xE7 },
    { 0x150, 0x155, 0xE9 },
    { 0x158, 0x165, 0xEF },
    { 0x16A, 0x171, 0xFD },
    { 0x178, 0x17E, 0x105 },
    { 0x400, 0x477, 0x10C },
    { 0x47A, 0x486, 0x184 },
    { 0x488, 0x4C9, 0x191 },
    { 0x4CB, 0x4CE, 0x1D3 },
    { 0x4D0, 0x4F9, 0x1D7 },
    { 0x4FC, 0x4FF, 0x201 },
    { 0x2000, 0x200D, 0x205 },
    { 0x2010, 0x2014, 0x213 },
    { 0x2016, 0x2016, 0x218 },
    { 0x2018, 0x2022, 0x219 },
    { 0x2026, 0x2026, 0x224 },
    { 0x2029, 0x2029, 0x225 },
    { 0x202F, 0x2031, 0x226 },
    { 0x2039, 0x203B, 0x229 },
    { 0x203D, 0x203D, 0x22C },
    { 0x203F, 0x2040, 0x22D },
    { 0x2044, 0x2046, 0x22F },
    { 0x2052, 0x2052, 0x232 },
    { 0x2054, 0x2054, 0x233 },
    { 0x205F, 0x205F, 0x234 },
    { 0x20A1, 0x20A1, 0x235 },
    { 0x20A4, 0x20A4, 0x236 },
    { 0x20A6, 0x20A6, 0x237 },
    { 0x20A9, 0x20A9, 0x238 },
    { 0x20AB, 0x20AC, 0x239 },
    { 0x20B2, 0x20B2, 0x23B },
    { 0x2206, 0x2206, 0x23C },
    { 0x221A, 0x221A, 0x23D },
};

static const EpdFontData cmu_10_bolditalic = {
    cmu_10_bolditalicBitmaps,
    cmu_10_bolditalicGlyphs,
    cmu_10_bolditalicIntervals,
    51,
    28,
    20,
    -9,
    true,
};
