/**
 * generated by fontconvert.py
 * name: cmu_10_bold
 * size: 10
 * mode: 2-bit
 */
#pragma once
#include "EpdFontData.h"

static const uint8_t cmu_10_boldBitmaps[30059] = {
    0x78, 0xFD, 0xFC, 0xFC, 0xBC, 0x7C, 0x78, 0x38, 0x34, 0x30, 0x00, 0x00, 0x78, 0xFC, 0x78, 0x3C,
    0x3C, 0x7D, 0x3D, 0x3C, 0x3C, 0x3C, 0x3C, 0x3C, 0x3C, 0x28, 0x28, 0x28, 0x18, 0x00, 0x00, 0x00,
    0x00, 0x00, 0x00, 0x00, 0x00, 0x08, 0x00, 0x80, 0x00, 0x00, 0xC0, 0x08, 0x00, 0x00, 0x08, 0x02,
    0x00, 0x00, 0x02, 0x40, 0x30, 0x00, 0x00, 0x30, 0x02, 0x00, 0x00, 0x02, 0x00, 0x90, 0x07, 0xFF,
    0xFF, 0xFF, 0xFE, 0x00, 0x0C, 0x00, 0x80, 0x00, 0x00, 0x80, 0x24, 0x00, 0x00, 0x20, 0x03, 0x00,
    0x0B, 0xFF, 0xFF, 0xFF, 0xFE, 0x00, 0x20, 0x09, 0x00, 0x00, 0x05, 0x00, 0xC0, 0x00, 0x00, 0xC0,
    0x08, 0x00, 0x00, 0x08, 0x01, 0x40, 0x00, 0x01, 0x40, 0x20, 0x00, 0x00, 0x20, 0x03, 0x00, 0x00,
    0x00, 0x00, 0x00, 0x00, 0x00, 0x00, 0x60, 0x00, 0x7F, 0xE0, 0x2D, 0xA2, 0xC7, 0x06, 0x0D, 0xB0,
    0x63, 0xEB, 0x86, 0x2D, 0x7F, 0xE0, 0x03, 0xFF, 0xD0, 0x0F, 0xFF, 0x80, 0x1F, 0xFC, 0x10, 0x63,
    0xEB, 0xC6, 0x0E, 0xB8, 0x60, 0xE7, 0x06, 0x1C, 0x39, 0xA7, 0x80, 0x7F, 0xD0, 0x00, 0x60, 0x00,
    0x0B, 0xE0, 0x00, 0x0A, 0x03, 0xC3, 0xE0, 0x07, 0xD0, 0x78, 0x1D, 0xBF, 0xF4, 0x0B, 0x80, 0xC0,
    0x0E, 0x00, 0xB8, 0x0C, 0x03, 0xC0, 0x0B, 0x80, 0xC0, 0xB0, 0x00, 0x78, 0x1C, 0x1D, 0x00, 0x03,
    0xC3, 0x43, 0x80, 0x00, 0x0B, 0xD0, 0xF0, 0x3F, 0x00, 0x00, 0x2C, 0x0F, 0x1C, 0x00, 0x07, 0x42,
    0xD0, 0x90, 0x00, 0xE0, 0x3C, 0x06, 0x00, 0x3C, 0x03, 0xC0, 0x60, 0x0B, 0x00, 0x3C, 0x06, 0x01,
    0xC0, 0x02, 0xD0, 0x90, 0x34, 0x00, 0x0F, 0x1C, 0x06, 0x00, 0x00, 0x3F, 0x00, 0x00, 0x7E, 0x00,
    0x00, 0x00, 0xB4, 0x90, 0x00, 0x00, 0x3C, 0x18, 0x00, 0x00, 0x1F, 0x09, 0x00, 0x00, 0x07, 0xC6,
    0x00, 0x00, 0x00, 0xFA, 0x00, 0x3F, 0xE0, 0x3F, 0x00, 0x03, 0x40, 0x0B, 0xD0, 0x01, 0xC0, 0x0A,
    0xFC, 0x00, 0xC0, 0x0F, 0x1F, 0x80, 0x90, 0x0B, 0x82, 0xF4, 0xA0, 0x03, 0xE0, 0x3F, 0xB0, 0x00,
    0xFC, 0x03, 0xF4, 0x00, 0x1F, 0x81, 0xFF, 0x80, 0xC0, 0xBF, 0x80, 0xBF, 0xD0, 0xB7, 0xEF, 0xAD,
    0xB1, 0xC3, 0x04, 0x00, 0x20, 0x03, 0x40, 0x38, 0x02, 0xC0, 0x0D, 0x00, 0xB0, 0x03, 0xC0, 0x1E,
    0x00, 0xB4, 0x02, 0xD0, 0x0B, 0x40, 0x2D, 0x00, 0xB4, 0x01, 0xE0, 0x03, 0x80, 0x0F, 0x00, 0x1C,
    0x00, 0x38, 0x00, 0x70, 0x00, 0xB0, 0x00, 0xA0, 0x00, 0x00, 0x50, 0x00, 0xD0, 0x00, 0xD0, 0x02,
    0xC0, 0x03, 0x80, 0x0B, 0x00, 0x1D, 0x00, 0x38, 0x00, 0xF0, 0x03, 0xC0, 0x0F, 0x00, 0x3C, 0x00,
    0xF0, 0x03, 0xC0, 0x1E, 0x00, 0xB4, 0x03, 0xC0, 0x1D, 0x00, 0xE0, 0x0B, 0x00, 0x70, 0x00, 0x00,
    0x00, 0x00, 0xA0, 0x00, 0x0F, 0x00, 0x34, 0xA1, 0xD7, 0xEA, 0xBD, 0x07, 0xFD, 0x00, 0x7F, 0xD0,
    0x7E, 0xAB, 0xD3, 0x4B, 0x1D, 0x00, 0xF0, 0x00, 0x05, 0x00, 0x00, 0x00, 0x80, 0x00, 0x00, 0x00,
    0x20, 0x00, 0x00, 0x00, 0x08, 0x00, 0x00, 0x00, 0x02, 0x00, 0x00, 0x00, 0x00, 0x80, 0x00, 0x00,
    0x00, 0x20, 0x00, 0x00, 0x00, 0x08, 0x00, 0x01, 0xFF, 0xFF, 0xFF, 0xFC, 0x00, 0x00, 0x80, 0x00,
    0x00, 0x00, 0x20, 0x00, 0x00, 0x00, 0x08, 0x00, 0x00, 0x00, 0x02, 0x00, 0x00, 0x00, 0x00, 0x80,
    0x00, 0x00, 0x00, 0x20, 0x00, 0x00, 0x00, 0x08, 0x00, 0x00, 0x00, 0x01, 0x00, 0x00, 0x2D, 0x1F,
    0xC3, 0xF0, 0x08, 0x02, 0x02, 0x01, 0x40, 0xFF, 0xFB, 0xFF, 0xE0, 0x2D, 0x3F, 0x2D, 0x00, 0x00,
    0x10, 0x00, 0x05, 0x00, 0x00, 0xC0, 0x00, 0x18, 0x00, 0x02, 0x00, 0x00, 0x20, 0x00, 0x09, 0x00,
    0x00, 0xC0, 0x00, 0x14, 0x00, 0x03, 0x00, 0x00, 0x60, 0x00, 0x08, 0x00, 0x00, 0x80, 0x00, 0x24,
    0x00, 0x03, 0x00, 0x00, 0x50, 0x00, 0x0C, 0x00, 0x01, 0x80, 0x00, 0x20, 0x00, 0x02, 0x00, 0x00,
    0x90, 0x00, 0x00, 0x00, 0x00, 0x01, 0xFF, 0x40, 0x0B, 0x82, 0xE0, 0x0F, 0x00, 0xF4, 0x2E, 0x00,
    0xB8, 0x3E, 0x00, 0xBC, 0x3E, 0x00, 0xBC, 0x3E, 0x00, 0xBC, 0x3E, 0x00, 0xBC, 0x3E, 0x00, 0xBC,
    0x3E, 0x00, 0xBC, 0x2E, 0x00, 0xB8, 0x1F, 0x00, 0xF4, 0x0B, 0x82, 0xE0, 0x01, 0xFF, 0x40, 0x00,
    0xB4, 0x03, 0xEF, 0x40, 0x00, 0xF4, 0x00, 0x0F, 0x40, 0x00, 0xF4, 0x00, 0x0F, 0x40, 0x00, 0xF4,
    0x00, 0x0F, 0x40, 0x00, 0xF4, 0x00, 0x0F, 0x40, 0x00, 0xF4, 0x00, 0x0F, 0x40, 0x3F, 0xFF, 0xD0,
    0x00, 0x00, 0x0B, 0xFD, 0x07, 0x81, 0xFC, 0xFC, 0x07, 0xE7, 0xC0, 0x3F, 0x00, 0x03, 0xF0, 0x00,
    0x7D, 0x00, 0x0F, 0x80, 0x02, 0xE0, 0x00, 0xB4, 0x00, 0x1C, 0x00, 0x06, 0x00, 0x71, 0xFF, 0xFE,
    0x7F, 0xFF, 0xDF, 0xFF, 0xFD, 0x0B, 0xFD, 0x00, 0xF0, 0x3E, 0x07, 0xE0, 0xBD, 0x0F, 0x42, 0xF4,
    0x00, 0x0F, 0xC0, 0x00, 0x7C, 0x00, 0x3F, 0xC0, 0x00, 0x03, 0xE0, 0x00, 0x07, 0xE0, 0x00, 0x0F,
    0xCB, 0xC0, 0x3F, 0x3F, 0x01, 0xF8, 0xB8, 0x0F, 0xC0, 0x6F, 0xF8, 0x00, 0x00, 0x00, 0xD0, 0x00,
    0x03, 0xD0, 0x00, 0x0B, 0xD0, 0x00, 0x23, 0xD0, 0x00, 0x93, 0xD0, 0x01, 0x83, 0xD0, 0x02, 0x03,
    0xD0, 0x0C, 0x03, 0xD0, 0x30, 0x03, 0xD0, 0x7F, 0xFF, 0xFD, 0x00, 0x07, 0xD0, 0x00, 0x07, 0xD0,
    0x00, 0xBF, 0xFD, 0x00, 0x00, 0x00, 0x28, 0x02, 0xC2, 0xFF, 0xF4, 0x2F, 0xFD, 0x02, 0xFE, 0x40,
    0x24, 0x00, 0x02, 0xAF, 0xD0, 0x2D, 0x0F, 0x80, 0x00, 0x7D, 0x00, 0x03, 0xE7, 0x80, 0x3F, 0xFC,
    0x03, 0xEB, 0x40, 0x7D, 0x38, 0x0F, 0x80, 0xBF, 0x90, 0x01, 0xBF, 0x40, 0x2E, 0x0B, 0x42, 0xE0,
    0x3C, 0x0F, 0x00, 0x00, 0xBC, 0x00, 0x03, 0xF3, 0xF8, 0x0F, 0xE0, 0x7C, 0x3F, 0x40, 0xF8, 0xFC,
    0x03, 0xF3, 0xF0, 0x0F, 0xCB, 0xC0, 0x3F, 0x0F, 0x00, 0xF8, 0x1E, 0x0B, 0xC0, 0x1F, 0xF8, 0x00,
    0x3F, 0xFF, 0xF8, 0xFF, 0xFF, 0xC7, 0xFF, 0xFD, 0x28, 0x00, 0xA0, 0x00, 0x0B, 0x00, 0x00, 0x70,
    0x00, 0x03, 0x40, 0x00, 0x2C, 0x00, 0x00, 0xF0, 0x00, 0x07, 0xC0, 0x00, 0x2E, 0x00, 0x00, 0xF8,
    0x00, 0x03, 0xE0, 0x00, 0x0B, 0x40, 0x00, 0x07, 0xFD, 0x00, 0xB0, 0x1F, 0x03, 0x40, 0x1D, 0x1E,
    0x00, 0x74, 0x3F, 0x42, 0xC0, 0xFF, 0xEC, 0x00, 0xFF, 0xF0, 0x07, 0xBF, 0xF0, 0x74, 0x1F, 0xF3,
    0xC0, 0x0B, 0xCF, 0x00, 0x0F, 0x3C, 0x00, 0x38, 0x7D, 0x02, 0xC0, 0x2F, 0xF8, 0x00, 0x07, 0xFD,
    0x00, 0xF8, 0x2E, 0x0B, 0xC0, 0x3C, 0x3F, 0x00, 0xF8, 0xFC, 0x03, 0xF3, 0xF0, 0x0F, 0xCB, 0xC0,
    0x3F, 0x0F, 0x82, 0xFC, 0x0B, 0xF3, 0xF0, 0x00, 0x0F, 0x80, 0x00, 0x3D, 0x0F, 0x02, 0xF0, 0x3C,
    0x1F, 0x00, 0x7F, 0xD0, 0x00, 0x2D, 0x3F, 0x2D, 0x00, 0x00, 0x00, 0x00, 0x2D, 0x3F, 0x2D, 0x2D,
    0x0F, 0xC2, 0xD0, 0x00, 0x00, 0x00, 0x00, 0x00, 0xB4, 0x7F, 0x0F, 0xC0, 0x20, 0x08, 0x08, 0x05,
    0x00, 0x00, 0x00, 0x00, 0x64, 0x00, 0x00, 0x1E, 0x00, 0x00, 0x07, 0x80, 0x00, 0x01, 0xD0, 0x00,
    0x00, 0xB4, 0x00, 0x00, 0x29, 0x00, 0x00, 0x0B, 0x00, 0x00, 0x00, 0x0A, 0x00, 0x00, 0x00, 0x02,
    0xD0, 0x00, 0x00, 0x00, 0xB4, 0x00, 0x00, 0x00, 0x1D, 0x00, 0x00, 0x00, 0x07, 0x80, 0x00, 0x00,
    0x01, 0xA0, 0x00, 0x00, 0x00, 0x10, 0xBF, 0xFF, 0xFF, 0xFF, 0x40, 0x00, 0x00, 0x00, 0x00, 0x00,
    0x00, 0x00, 0x00, 0x00, 0x00, 0x00, 0x00, 0xBF, 0xFF, 0xFF, 0xFF, 0x40, 0xA0, 0x00, 0x00, 0x00,
    0x68, 0x00, 0x00, 0x00, 0x0A, 0x40, 0x00, 0x00, 0x02, 0xD0, 0x00, 0x00, 0x00, 0x74, 0x00, 0x00,
    0x00, 0x1E, 0x00, 0x00, 0x00, 0x07, 0x40, 0x00, 0x00, 0x78, 0x00, 0x00, 0x1D, 0x00, 0x00, 0x0B,
    0x40, 0x00, 0x02, 0x90, 0x00, 0x00, 0xA0, 0x00, 0x00, 0x68, 0x00, 0x00, 0x01, 0x00, 0x00, 0x00,
    0x00, 0x0B, 0xFD, 0x07, 0x80, 0xF8, 0xBC, 0x0B, 0xC7, 0x80, 0xF8, 0x00, 0x2D, 0x00, 0x07, 0x00,
    0x00, 0xD0, 0x00, 0x0C, 0x00, 0x00, 0xC0, 0x00, 0x00, 0x00, 0x00, 0x00, 0x00, 0x00, 0x00, 0x02,
    0xD0, 0x00, 0x3F, 0x00, 0x02, 0xD0, 0x00, 0x00, 0x2F, 0xFE, 0x00, 0x00, 0xB4, 0x01, 0xB4, 0x00,
    0xE0, 0x00, 0x03, 0x80, 0xA0, 0x2F, 0xD0, 0x34, 0x30, 0x7D, 0x0D, 0x03, 0x18, 0x3D, 0x00, 0xF0,
    0xC9, 0x1F, 0x00, 0x3C, 0x26, 0x47, 0xC0, 0x0F, 0x09, 0x91, 0xF0, 0x03, 0xC2, 0x58, 0x3D, 0x00,
    0xF0, 0xC3, 0x07, 0xD0, 0xFD, 0x70, 0xA0, 0x2F, 0xD7, 0xF0, 0x0E, 0x00, 0x00, 0x00, 0x00, 0xB4,
    0x00, 0x1B, 0x80, 0x02, 0xFF, 0xE9, 0x00, 0x00, 0x00, 0xB0, 0x00, 0x00, 0x00, 0x0F, 0x40, 0x00,
    0x00, 0x02, 0xFC, 0x00, 0x00, 0x00, 0x3F, 0xC0, 0x00, 0x00, 0x06, 0x7E, 0x00, 0x00, 0x00, 0xD3,
    0xF0, 0x00, 0x00, 0x1C, 0x2F, 0x80, 0x00, 0x02, 0x40, 0xFC, 0x00, 0x00, 0x30, 0x0B, 0xD0, 0x00,
    0x0B, 0xFF, 0xFF, 0x00, 0x00, 0xC0, 0x03, 0xF0, 0x00, 0x18, 0x00, 0x1F, 0x80, 0x03, 0x40, 0x00,
    0xFC, 0x03, 0xFF, 0x00, 0xBF, 0xFD, 0x3F, 0xFF, 0xFF, 0x80, 0x03, 0xF0, 0x02, 0xF4, 0x03, 0xF0,
    0x00, 0xFC, 0x03, 0xF0, 0x00, 0xFC, 0x03, 0xF0, 0x00, 0xFC, 0x03, 0xF0, 0x07, 0xF0, 0x03, 0xFF,
    0xFF, 0x40, 0x03, 0xF0, 0x01, 0xF4, 0x03, 0xF0, 0x00, 0xBD, 0x03, 0xF0, 0x00, 0x7E, 0x03, 0xF0,
    0x00, 0x7F, 0x03, 0xF0, 0x00, 0xBD, 0x03, 0xF0, 0x02, 0xFC, 0x3F, 0xFF, 0xFF, 0xD0, 0x00, 0x2F,
    0xFD, 0x0C, 0x02, 0xF8, 0x02, 0xFC, 0x0F, 0xC0, 0x00, 0x7C, 0x2F, 0x40, 0x00, 0x1C, 0x3F, 0x00,
    0x00, 0x0C, 0x7E, 0x00, 0x00, 0x00, 0xBE, 0x00, 0x00, 0x00, 0xBE, 0x00, 0x00, 0x00, 0x7E, 0x00,
    0x00, 0x00, 0x3F, 0x00, 0x00, 0x0C, 0x2F, 0x40, 0x00, 0x0C, 0x0F, 0xC0, 0x00, 0x34, 0x02, 0xF8,
    0x01, 0xD0, 0x00, 0x2F, 0xFE, 0x00, 0x3F, 0xFF, 0xFF, 0x80, 0x00, 0x3F, 0x00, 0x2F, 0x80, 0x03,
    0xF0, 0x00, 0x3E, 0x00, 0x3F, 0x00, 0x02, 0xF4, 0x03, 0xF0, 0x00, 0x0F, 0x80, 0x3F, 0x00, 0x00,
    0xFC, 0x03, 0xF0, 0x00, 0x0F, 0xC0, 0x3F, 0x00, 0x00, 0xFC, 0x03, 0xF0, 0x00, 0x0F, 0xC0, 0x3F,
    0x00, 0x00, 0xFC, 0x03, 0xF0, 0x00, 0x1F, 0x40, 0x3F, 0x00, 0x03, 0xE0, 0x03, 0xF0, 0x01, 0xF8,
    0x03, 0xFF, 0xFF, 0xF8, 0x00, 0x3F, 0xFF, 0xFF, 0xF0, 0x03, 0xF0, 0x01, 0xF0, 0x03, 0xF0, 0x00,
    0x30, 0x03, 0xF0, 0x00, 0x34, 0x03, 0xF0, 0x24, 0x24, 0x03, 0xF0, 0x34, 0x00, 0x03, 0xFF, 0xF4,
    0x00, 0x03, 0xF0, 0x34, 0x00, 0x03, 0xF0, 0x24, 0x00, 0x03, 0xF0, 0x00, 0x0C, 0x03, 0xF0, 0x00,
    0x1C, 0x03, 0xF0, 0x00, 0x38, 0x03, 0xF0, 0x01, 0xF8, 0x3F, 0xFF, 0xFF, 0xF4, 0x3F, 0xFF, 0xFF,
    0xE0, 0x0F, 0xC0, 0x0B, 0x80, 0x3F, 0x00, 0x0B, 0x00, 0xFC, 0x00, 0x0C, 0x03, 0xF0, 0x24, 0x30,
    0x0F, 0xC0, 0xD0, 0x00, 0x3F, 0xFF, 0x40, 0x00, 0xFC, 0x0D, 0x00, 0x03, 0xF0, 0x24, 0x00, 0x0F,
    0xC0, 0x00, 0x00, 0x3F, 0x00, 0x00, 0x00, 0xFC, 0x00, 0x00, 0x03, 0xF0, 0x00, 0x00, 0xFF, 0xFF,
    0x00, 0x00, 0x00, 0x2F, 0xFD, 0x0C, 0x00, 0xBE, 0x00, 0xBF, 0x00, 0xFC, 0x00, 0x07, 0xC0, 0xFC,
    0x00, 0x00, 0xB0, 0x7F, 0x00, 0x00, 0x0C, 0x2F, 0x80, 0x00, 0x00, 0x0B, 0xE0, 0x00, 0x00, 0x02,
    0xF8, 0x00, 0x00, 0x00, 0x7E, 0x00, 0x3F, 0xFF, 0xCF, 0xC0, 0x00, 0x3F, 0x02, 0xF4, 0x00, 0x0F,
    0xC0, 0x3F, 0x00, 0x03, 0xF0, 0x02, 0xF9, 0x02, 0xFC, 0x00, 0x0B, 0xFF, 0x47, 0x00, 0x3F, 0xFF,
    0x47, 0xFF, 0xF0, 0x0F, 0xC0, 0x00, 0xFC, 0x00, 0x3F, 0x00, 0x03, 0xF0, 0x00, 0xFC, 0x00, 0x0F,
    0xC0, 0x03, 0xF0, 0x00, 0x3F, 0x00, 0x0F, 0xC0, 0x00, 0xFC, 0x00, 0x3F, 0xFF, 0xFF, 0xF0, 0x00,
    0xFC, 0x00, 0x0F, 0xC0, 0x03, 0xF0, 0x00, 0x3F, 0x00, 0x0F, 0xC0, 0x00, 0xFC, 0x00, 0x3F, 0x00,
    0x03, 0xF0, 0x00, 0xFC, 0x00, 0x0F, 0xC0, 0x03, 0xF0, 0x00, 0x3F, 0x00, 0xFF, 0xFD, 0x1F, 0xFF,
    0xC0, 0x00, 0x00, 0x1F, 0xFF, 0xD0, 0x3F, 0x00, 0x0F, 0xC0, 0x03, 0xF0, 0x00, 0xFC, 0x00, 0x3F,
    0x00, 0x0F, 0xC0, 0x03, 0xF0, 0x00, 0xFC, 0x00, 0x3F, 0x00, 0x0F, 0xC0, 0x03, 0xF0, 0x00, 0xFC,
    0x07, 0xFF, 0xF4, 0x00, 0x00, 0x00, 0x01, 0xFF, 0xFC, 0x00, 0x07, 0xD0, 0x00, 0x07, 0xD0, 0x00,
    0x07, 0xD0, 0x00, 0x07, 0xD0, 0x00, 0x07, 0xD0, 0x00, 0x07, 0xD0, 0x00, 0x07, 0xD0, 0x00, 0x07,
    0xD0, 0x00, 0x07, 0xD0, 0x3D, 0x07, 0xD0, 0x7E, 0x0B, 0xC0, 0x3D, 0x1F, 0x80, 0x0B, 0xF9, 0x00,
    0x3F, 0xFF, 0x40, 0xBF, 0xE0, 0x3F, 0x00, 0x02, 0xD0, 0x03, 0xF0, 0x00, 0xA0, 0x00, 0x3F, 0x00,
    0x38, 0x00, 0x03, 0xF0, 0x1D, 0x00, 0x00, 0x3F, 0x07, 0x40, 0x00, 0x03, 0xF2, 0xFC, 0x00, 0x00,
    0x3F, 0xEB, 0xF0, 0x00, 0x03, 0xF4, 0x2F, 0x80, 0x00, 0x3F, 0x00, 0xFD, 0x00, 0x03, 0xF0, 0x03,
    0xF0, 0x00, 0x3F, 0x00, 0x1F, 0xC0, 0x03, 0xF0, 0x00, 0xBF, 0x03, 0xFF, 0xF4, 0x3F, 0xFF, 0x00,
    0x00, 0x00, 0x03, 0xFF, 0xFC, 0x00, 0x03, 0xF0, 0x00, 0x00, 0x3F, 0x00, 0x00, 0x03, 0xF0, 0x00,
    0x00, 0x3F, 0x00, 0x00, 0x03, 0xF0, 0x00, 0x00, 0x3F, 0x00, 0x00, 0x03, 0xF0, 0x00, 0x00, 0x3F,
    0x00, 0x00, 0x03, 0xF0, 0x00, 0x90, 0x3F, 0x00, 0x0D, 0x03, 0xF0, 0x01, 0xC0, 0x3F, 0x00, 0xBC,
    0x3F, 0xFF, 0xFF, 0xC0, 0x3F, 0xF4, 0x00, 0x00, 0x7F, 0xF0, 0x0F, 0xF0, 0x00, 0x03, 0xFC, 0x00,
    0x37, 0xD0, 0x00, 0x17, 0xF0, 0x00, 0xCB, 0xC0, 0x00, 0xCF, 0xC0, 0x03, 0x1F, 0x40, 0x06, 0x3F,
    0x00, 0x0C, 0x3F, 0x00, 0x30, 0xFC, 0x00, 0x30, 0x7C, 0x01, 0x83, 0xF0, 0x00, 0xC0, 0xF8, 0x08,
    0x0F, 0xC0, 0x03, 0x01, 0xF0, 0x20, 0x3F, 0x00, 0x0C, 0x03, 0xE2, 0x00, 0xFC, 0x00, 0x30, 0x07,
    0xD8, 0x03, 0xF0, 0x00, 0xC0, 0x0F, 0xC0, 0x0F, 0xC0, 0x03, 0x40, 0x2F, 0x00, 0x3F, 0x00, 0xFF,
    0xD0, 0x34, 0x0F, 0xFF, 0xC0, 0x3F, 0xF8, 0x00, 0xBF, 0xF0, 0x0F, 0xF4, 0x00, 0x1C, 0x00, 0x37,
    0xF4, 0x00, 0x70, 0x00, 0xC7, 0xF0, 0x01, 0xC0, 0x03, 0x07, 0xF0, 0x07, 0x00, 0x0C, 0x0B, 0xF0,
    0x1C, 0x00, 0x30, 0x0B, 0xF0, 0x70, 0x00, 0xC0, 0x0F, 0xE1, 0xC0, 0x03, 0x00, 0x0F, 0xE7, 0x00,
    0x0C, 0x00, 0x0F, 0xEC, 0x00, 0x30, 0x00, 0x0F, 0xF0, 0x00, 0xC0, 0x00, 0x1F, 0xC0, 0x03, 0x40,
    0x00, 0x1F, 0x00, 0xFF, 0xD0, 0x00, 0x2C, 0x00, 0x00, 0x6F, 0xF9, 0x00, 0x03, 0xF4, 0x1B, 0xC0,
    0x0F, 0x80, 0x02, 0xF0, 0x2F, 0x00, 0x00, 0xFC, 0x3F, 0x00, 0x00, 0xBD, 0x7E, 0x00, 0x00, 0xBE,
    0xBE, 0x00, 0x00, 0x7E, 0xBE, 0x00, 0x00, 0x7E, 0xBE, 0x00, 0x00, 0xBE, 0x7F, 0x00, 0x00, 0xBD,
    0x3F, 0x00, 0x00, 0xFC, 0x0F, 0xC0, 0x02, 0xF4, 0x03, 0xF4, 0x0B, 0xD0, 0x00, 0x6F, 0xF9, 0x00,
    0x3F, 0xFF, 0xFF, 0x40, 0x03, 0xF0, 0x07, 0xF0, 0x03, 0xF0, 0x01, 0xFC, 0x03, 0xF0, 0x00, 0xFC,
    0x03, 0xF0, 0x00, 0xFC, 0x03, 0xF0, 0x01, 0xFC, 0x03, 0xF0, 0x07, 0xF0, 0x03, 0xFF, 0xFF, 0x40,
    0x03, 0xF0, 0x00, 0x00, 0x03, 0xF0, 0x00, 0x00, 0x03, 0xF0, 0x00, 0x00, 0x03, 0xF0, 0x00, 0x00,
    0x03, 0xF0, 0x00, 0x00, 0x3F, 0xFF, 0x40, 0x00, 0x00, 0x6F, 0xF9, 0x00, 0x03, 0xF4, 0x0B, 0xC0,
    0x0F, 0xC0, 0x02, 0xF0, 0x2F, 0x00, 0x00, 0xFC, 0x3E, 0x00, 0x00, 0xBD, 0x7E, 0x00, 0x00, 0x7E,
    0xBD, 0x00, 0x00, 0x7E, 0xBD, 0x00, 0x00, 0x7E, 0xBD, 0x00, 0x00, 0x7E, 0x7E, 0x00, 0x00, 0xBD,
    0x3F, 0x00, 0x00, 0xFC, 0x0F, 0x47, 0xE1, 0xF4, 0x03, 0xEC, 0x2B, 0xC0, 0x00, 0x6F, 0xFE, 0x00,
    0x00, 0x00, 0x0F, 0x43, 0x00, 0x00, 0x07, 0xFE, 0x00, 0x00, 0x03, 0xFD, 0x00, 0x00, 0x01, 0xF4,
    0x3F, 0xFF, 0xFE, 0x40, 0x00, 0x0F, 0xC0, 0x1F, 0xC0, 0x00, 0x3F, 0x00, 0x1F, 0xC0, 0x00, 0xFC,
    0x00, 0x3F, 0x00, 0x03, 0xF0, 0x01, 0xF8, 0x00, 0x0F, 0xC0, 0x1F, 0xC0, 0x00, 0x3F, 0xFF, 0xF4,
    0x00, 0x00, 0xFC, 0x07, 0xF0, 0x00, 0x03, 0xF0, 0x07, 0xE0, 0x00, 0x0F, 0xC0, 0x0F, 0xC0, 0x00,
    0x3F, 0x00, 0x3F, 0x00, 0x00, 0xFC, 0x00, 0xFC, 0x00, 0x03, 0xF0, 0x02, 0xF8, 0x30, 0xFF, 0xFC,
    0x02, 0xFF, 0x40, 0x07, 0xFD, 0x24, 0x2D, 0x02, 0xF4, 0x74, 0x00, 0xB4, 0xB8, 0x00, 0x34, 0xBE,
    0x40, 0x24, 0x7F, 0xFE, 0x40, 0x2F, 0xFF, 0xE0, 0x02, 0xFF, 0xF4, 0x00, 0x06, 0xFC, 0x90, 0x00,
    0x7C, 0xA0, 0x00, 0x3C, 0xB0, 0x00, 0x38, 0xBE, 0x00, 0xF0, 0x92, 0xFF, 0x80, 0x2F, 0xFF, 0xFF,
    0xFD, 0x3D, 0x03, 0xF0, 0x1E, 0x34, 0x03, 0xF0, 0x0A, 0x30, 0x03, 0xF0, 0x07, 0x30, 0x03, 0xF0,
    0x03, 0x00, 0x03, 0xF0, 0x00, 0x00, 0x03, 0xF0, 0x00, 0x00, 0x03, 0xF0, 0x00, 0x00, 0x03, 0xF0,
    0x00, 0x00, 0x03, 0xF0, 0x00, 0x00, 0x03, 0xF0, 0x00, 0x00, 0x03, 0xF0, 0x00, 0x00, 0x03, 0xF0,
    0x00, 0x01, 0xFF, 0xFF, 0xC0, 0x00, 0x00, 0x00, 0x00, 0x3F, 0xFF, 0x40, 0xFF, 0xE0, 0x3F, 0x00,
    0x00, 0xA0, 0x03, 0xF0, 0x00, 0x09, 0x00, 0x3F, 0x00, 0x00, 0x90, 0x03, 0xF0, 0x00, 0x09, 0x00,
    0x3F, 0x00, 0x00, 0x90, 0x03, 0xF0, 0x00, 0x09, 0x00, 0x3F, 0x00, 0x00, 0x90, 0x03, 0xF0, 0x00,
    0x09, 0x00, 0x3F, 0x00, 0x00, 0x90, 0x02, 0xF0, 0x00, 0x0D, 0x00, 0x0F, 0x80, 0x01, 0xC0, 0x00,
    0x7E, 0x01, 0xB0, 0x00, 0x00, 0x7F, 0xF8, 0x00, 0x7F, 0xFE, 0x00, 0x7F, 0xE0, 0x7F, 0x00, 0x00,
    0xE0, 0x03, 0xF4, 0x00, 0x0C, 0x00, 0x1F, 0xC0, 0x02, 0x80, 0x00, 0xFC, 0x00, 0x30, 0x00, 0x07,
    0xE0, 0x0A, 0x00, 0x00, 0x3F, 0x00, 0xC0, 0x00, 0x01, 0xF8, 0x18, 0x00, 0x00, 0x0F, 0xC3, 0x40,
    0x00, 0x00, 0xBE, 0x70, 0x00, 0x00, 0x03, 0xFD, 0x00, 0x00, 0x00, 0x2F, 0xC0, 0x00, 0x00, 0x00,
    0xF4, 0x00, 0x00, 0x00, 0x0B, 0x00, 0x00, 0x7F, 0xFD, 0x2F, 0xFF, 0x02, 0xFF, 0x41, 0xF8, 0x00,
    0xBD, 0x00, 0x0A, 0x00, 0x3F, 0x00, 0x1F, 0xC0, 0x03, 0x00, 0x0B, 0xD0, 0x03, 0xF0, 0x01, 0x80,
    0x01, 0xFC, 0x02, 0xFE, 0x00, 0xC0, 0x00, 0x3F, 0x00, 0xCF, 0xC0, 0x30, 0x00, 0x07, 0xE0, 0x62,
    0xF4, 0x24, 0x00, 0x00, 0xFC, 0x30, 0x7F, 0x0C, 0x00, 0x00, 0x2F, 0x4C, 0x0F, 0xC6, 0x00, 0x00,
    0x07, 0xF9, 0x01, 0xFB, 0x00, 0x00, 0x00, 0xFF, 0x00, 0x3F, 0xC0, 0x00, 0x00, 0x1F, 0x80, 0x0B,
    0xD0, 0x00, 0x00, 0x03, 0xC0, 0x01, 0xF0, 0x00, 0x00, 0x00, 0xB0, 0x00, 0x38, 0x00, 0x00, 0x3F,
    0xFF, 0x07, 0xFF, 0x80, 0x2F, 0xC0, 0x0E, 0x00, 0x00, 0xFE, 0x02, 0xC0, 0x00, 0x03, 0xF4, 0x70,
    0x00, 0x00, 0x1F, 0xDD, 0x00, 0x00, 0x00, 0xBF, 0x40, 0x00, 0x00, 0x03, 0xF8, 0x00, 0x00, 0x00,
    0x2F, 0xD0, 0x00, 0x00, 0x07, 0x7F, 0x00, 0x00, 0x00, 0xD2, 0xFC, 0x00, 0x00, 0x38, 0x0F, 0xE0,
    0x00, 0x0B, 0x00, 0x3F, 0x40, 0x01, 0xC0, 0x01, 0xFC, 0x07, 0xFF, 0x80, 0xBF, 0xFE, 0xBF, 0xFE,
    0x00, 0x7F, 0xF0, 0x3F, 0x40, 0x00, 0xD0, 0x01, 0xFC, 0x00, 0x28, 0x00, 0x0F, 0xE0, 0x07, 0x00,
    0x00, 0x3F, 0x40, 0xD0, 0x00, 0x01, 0xFC, 0x28, 0x00, 0x00, 0x0B, 0xF7, 0x00, 0x00, 0x00, 0x3F,
    0xC0, 0x00, 0x00, 0x01, 0xF8, 0x00, 0x00, 0x00, 0x1F, 0x80, 0x00, 0x00, 0x01, 0xF8, 0x00, 0x00,
    0x00, 0x1F, 0x80, 0x00, 0x00, 0x01, 0xF8, 0x00, 0x00, 0x02, 0xFF, 0xFC, 0x00, 0x00, 0x00, 0x00,
    0x00, 0x00, 0x3F, 0xFF, 0xFF, 0x4F, 0x80, 0x1F, 0xC3, 0x40, 0x0F, 0xC0, 0xC0, 0x0F, 0xE0, 0x60,
    0x0B, 0xF0, 0x00, 0x07, 0xF0, 0x00, 0x03, 0xF4, 0x00, 0x02, 0xF8, 0x00, 0x01, 0xFC, 0x00, 0x00,
    0xFD, 0x00, 0x60, 0xFE, 0x00, 0x24, 0x7F, 0x00, 0x0D, 0x3F, 0x00, 0x1F, 0x6F, 0xFF, 0xFF, 0xC0,
    0xFF, 0x3D, 0x0F, 0x43, 0xD0, 0xF4, 0x3D, 0x0F, 0x43, 0xD0, 0xF4, 0x3D, 0x0F, 0x43, 0xD0, 0xF4,
    0x3D, 0x0F, 0x43, 0xD0, 0xF4, 0x3D, 0x0F, 0x43, 0xD0, 0xFF, 0x00, 0x40, 0x00, 0x05, 0x00, 0x00,
    0x30, 0x00, 0x01, 0x40, 0x00, 0x0C, 0x00, 0x00, 0x80, 0x00, 0x02, 0x00, 0x00, 0x30, 0x00, 0x01,
    0x40, 0x00, 0x0C, 0x00, 0x00, 0x90, 0x00, 0x02, 0x00, 0x00, 0x20, 0x00, 0x00, 0x80, 0x00, 0x0C,
    0x00, 0x00, 0x50, 0x00, 0x03, 0x00, 0x00, 0x24, 0x00, 0x00, 0x80, 0x00, 0x08, 0x00, 0x00, 0x20,
    0x00, 0x00, 0x7F, 0x43, 0xD0, 0xF4, 0x3D, 0x0F, 0x43, 0xD0, 0xF4, 0x3D, 0x0F, 0x43, 0xD0, 0xF4,
    0x3D, 0x0F, 0x43, 0xD0, 0xF4, 0x3D, 0x0F, 0x43, 0xD0, 0xF4, 0x3D, 0x7F, 0x40, 0x00, 0xB4, 0x00,
    0xBE, 0xF4, 0x38, 0x00, 0xA0, 0xFF, 0xFF, 0xFF, 0xF8, 0x78, 0x2F, 0x82, 0xF8, 0x01, 0x0B, 0xFE,
    0x00, 0x1F, 0x07, 0xD0, 0x0F, 0x02, 0xF0, 0x00, 0x02, 0xF0, 0x01, 0xBF, 0xF0, 0x1F, 0x92, 0xF0,
    0x3E, 0x02, 0xF0, 0x7C, 0x02, 0xF0, 0x3E, 0x07, 0xF0, 0x0B, 0xF8, 0xBE, 0x3F, 0x40, 0x00, 0x03,
    0xD0, 0x00, 0x00, 0xF4, 0x00, 0x00, 0x3D, 0x00, 0x00, 0x0F, 0x5F, 0xE0, 0x03, 0xF8, 0x1F, 0x40,
    0xF8, 0x01, 0xF0, 0x3E, 0x00, 0x3D, 0x0F, 0x80, 0x0F, 0x83, 0xE0, 0x03, 0xE0, 0xF8, 0x00, 0xF4,
    0x3E, 0x00, 0x7C, 0x0F, 0xE0, 0x7D, 0x02, 0x47, 0xF8, 0x00, 0x01, 0xFF, 0x80, 0x3E, 0x0B, 0x82,
    0xF0, 0x2D, 0x0F, 0x80, 0x00, 0x3D, 0x00, 0x00, 0xF8, 0x00, 0x03, 0xE0, 0x00, 0x0B, 0xC0, 0x00,
    0x0F, 0x80, 0x70, 0x07, 0xFE, 0x00, 0x00, 0x02, 0xFC, 0x00, 0x00, 0x0F, 0x00, 0x00, 0x03, 0xC0,
    0x00, 0x00, 0xF0, 0x01, 0xFE, 0x7C, 0x02, 0xE0, 0x7F, 0x02, 0xF0, 0x07, 0xC0, 0xF8, 0x00, 0xF0,
    0x3E, 0x00, 0x3C, 0x0F, 0x40, 0x0F, 0x03, 0xE0, 0x03, 0xC0, 0xBC, 0x00, 0xF0, 0x0F, 0x81, 0xFD,
    0x00, 0xBF, 0x9F, 0xE0, 0x02, 0xFF, 0x40, 0x3D, 0x0B, 0x83, 0xE0, 0x0F, 0x0F, 0x40, 0x2D, 0x7F,
    0xFF, 0xF5, 0xF4, 0x00, 0x03, 0xE0, 0x00, 0x0B, 0xC0, 0x00, 0x0F, 0x80, 0x70, 0x07, 0xFE, 0x00,
    0x00, 0xBF, 0x40, 0x3D, 0x7C, 0x07, 0x83, 0xC0, 0xB8, 0x00, 0x0B, 0x80, 0x03, 0xFF, 0xC0, 0x0B,
    0x80, 0x00, 0xB8, 0x00, 0x0B, 0x80, 0x00, 0xB8, 0x00, 0x0B, 0x80, 0x00, 0xB8, 0x00, 0x0B, 0x80,
    0x00, 0xB8, 0x00, 0x3F, 0xF8, 0x00, 0x00, 0x00, 0x02, 0xFD, 0x7D, 0x0F, 0x07, 0xCE, 0x2E, 0x03,
    0xD0, 0x3E, 0x03, 0xD0, 0x2E, 0x03, 0xD0, 0x0F, 0x07, 0xC0, 0x0E, 0xFE, 0x00, 0x1C, 0x00, 0x00,
    0x0F, 0xFF, 0xD0, 0x0F, 0xFF, 0xFC, 0x38, 0x00, 0x3D, 0x78, 0x00, 0x2D, 0x2E, 0x00, 0x7C, 0x06,
    0xFF, 0xD0, 0x3F, 0x80, 0x00, 0x02, 0xE0, 0x00, 0x00, 0xB8, 0x00, 0x00, 0x2E, 0x00, 0x00, 0x0B,
    0x8B, 0xF4, 0x02, 0xE9, 0x1F, 0x00, 0xBD, 0x03, 0xD0, 0x2F, 0x00, 0xF4, 0x0B, 0xC0, 0x3D, 0x02,
    0xF0, 0x0F, 0x40, 0xBC, 0x03, 0xD0, 0x2F, 0x00, 0xF4, 0x0B, 0xC0, 0x3D, 0x0F, 0xFC, 0x7F, 0xF0,
    0x0F, 0x40, 0x7F, 0x00, 0xF4, 0x00, 0x00, 0x3F, 0x80, 0x2E, 0x00, 0xB8, 0x02, 0xE0, 0x0B, 0x80,
    0x2E, 0x00, 0xB8, 0x02, 0xE0, 0x0B, 0x80, 0xFF, 0xC0, 0x00, 0x3C, 0x00, 0xBE, 0x00, 0x3C, 0x00,
    0x00, 0x01, 0xFE, 0x00, 0x2E, 0x00, 0x2E, 0x00, 0x2E, 0x00, 0x2E, 0x00, 0x2E, 0x00, 0x2E, 0x00,
    0x2E, 0x00, 0x2E, 0x00, 0x2E, 0x00, 0x2E, 0x3C, 0x3D, 0x3D, 0x7C, 0x1F, 0xE0, 0x3F, 0x40, 0x00,
    0x03, 0xD0, 0x00, 0x00, 0xF4, 0x00, 0x00, 0x3D, 0x00, 0x00, 0x0F, 0x40, 0xFF, 0x03, 0xD0, 0x38,
    0x00, 0xF4, 0x38, 0x00, 0x3D, 0x38, 0x00, 0x0F, 0xFE, 0x00, 0x03, 0xF7, 0xD0, 0x00, 0xF4, 0x7C,
    0x00, 0x3D, 0x0B, 0xC0, 0x0F, 0x40, 0xF8, 0x0F, 0xFC, 0x7F, 0xD0, 0x3F, 0x80, 0x2E, 0x00, 0xB8,
    0x02, 0xE0, 0x0B, 0x80, 0x2E, 0x00, 0xB8, 0x02, 0xE0, 0x0B, 0x80, 0x2E, 0x00, 0xB8, 0x02, 0xE0,
    0x0B, 0x80, 0xFF, 0xC0, 0x3F, 0x8B, 0xF4, 0x7F, 0x80, 0x0B, 0xB4, 0x7D, 0xD2, 0xF0, 0x0B, 0xD0,
    0x3F, 0x01, 0xF0, 0x0B, 0xC0, 0x3E, 0x00, 0xF0, 0x0B, 0xC0, 0x3E, 0x00, 0xF0, 0x0B, 0xC0, 0x3D,
    0x00, 0xF0, 0x0B, 0xC0, 0x3D, 0x00, 0xF0, 0x0B, 0xC0, 0x3D, 0x00, 0xF0, 0x0B, 0xC0, 0x3D, 0x00,
    0xF0, 0x3F, 0xF1, 0xFF, 0xCB, 0xFE, 0x3F, 0x8B, 0xF4, 0x02, 0xED, 0x1F, 0x00, 0xBD, 0x03, 0xD0,
    0x2F, 0x00, 0xF4, 0x0B, 0xC0, 0x3D, 0x02, 0xF0, 0x0F, 0x40, 0xBC, 0x03, 0xD0, 0x2F, 0x00, 0xF4,
    0x0B, 0xC0, 0x3D, 0x0F, 0xFC, 0x7F, 0xF0, 0x01, 0xFF, 0x80, 0x0F, 0x41, 0xF0, 0x2E, 0x00, 0xB8,
    0x3D, 0x00, 0x7C, 0x7D, 0x00, 0x7D, 0x7D, 0x00, 0x7D, 0x3D, 0x00, 0x7C, 0x3E, 0x00, 0xBC, 0x0F,
    0x41, 0xF0, 0x02, 0xFF, 0x80, 0x3F, 0xAF, 0xE0, 0x03, 0xF8, 0x1F, 0x40, 0xF8, 0x02, 0xF0, 0x3E,
    0x00, 0x3D, 0x0F, 0x80, 0x0F, 0x83, 0xE0, 0x03, 0xE0, 0xF8, 0x01, 0xF4, 0x3E, 0x00, 0xBC, 0x0F,
    0xE0, 0xBC, 0x03, 0xE7, 0xF8, 0x00, 0xF8, 0x00, 0x00, 0x3E, 0x00, 0x00, 0x0F, 0x80, 0x00, 0x0F,
    0xFC, 0x00, 0x00, 0x01, 0xFE, 0x0C, 0x03, 0xF0, 0x7B, 0x02, 0xF0, 0x07, 0xC0, 0xF8, 0x00, 0xF0,
    0x3E, 0x00, 0x3C, 0x0F, 0x80, 0x0F, 0x03, 0xE0, 0x03, 0xC0, 0xBC, 0x01, 0xF0, 0x0F, 0x81, 0xFC,
    0x00, 0x7F, 0x9F, 0x00, 0x00, 0x03, 0xC0, 0x00, 0x00, 0xF0, 0x00, 0x00, 0x3C, 0x00, 0x00, 0xBF,
    0xE0, 0x3F, 0x5F, 0x80, 0xFA, 0x7C, 0x0F, 0xC3, 0xC0, 0xF8, 0x00, 0x0F, 0x80, 0x00, 0xF4, 0x00,
    0x0F, 0x40, 0x00, 0xF4, 0x00, 0x0F, 0x40, 0x03, 0xFF, 0x40, 0x0B, 0xFB, 0x0F, 0x01, 0xC3, 0x40,
    0x00, 0xF4, 0x00, 0x2F, 0xF8, 0x01, 0xFF, 0xD0, 0x01, 0xB8, 0xC0, 0x0E, 0x38, 0x07, 0x4D, 0xBF,
    0x40, 0x02, 0x80, 0x00, 0xA0, 0x00, 0x38, 0x00, 0x3E, 0x00, 0xBF, 0xFE, 0x03, 0xE0, 0x00, 0xF8,
    0x00, 0x3E, 0x00, 0x0F, 0x80, 0x03, 0xE0, 0x00, 0xF8, 0x30, 0x3E, 0x0C, 0x0B, 0xC6, 0x00, 0xBE,
    0x00, 0x3F, 0xC1, 0xFD, 0x02, 0xF0, 0x0F, 0x40, 0xBC, 0x03, 0xD0, 0x2F, 0x00, 0xF4, 0x0B, 0xC0,
    0x3D, 0x02, 0xF0, 0x0F, 0x40, 0xBC, 0x03, 0xD0, 0x2F, 0x01, 0xF4, 0x07, 0xC1, 0xFE, 0x00, 0x7F,
    0x8F, 0xF0, 0x7F, 0xE0, 0x7F, 0x03, 0xE0, 0x0A, 0x00, 0x7C, 0x03, 0x00, 0x0F, 0x41, 0x80, 0x02,
    0xF0, 0xD0, 0x00, 0x3D, 0x30, 0x00, 0x0B, 0xE4, 0x00, 0x01, 0xFC, 0x00, 0x00, 0x3E, 0x00, 0x00,
    0x07, 0x00, 0x00, 0x7F, 0xDB, 0xFC, 0x2F, 0xC3, 0xD0, 0x3C, 0x02, 0x80, 0xBC, 0x0F, 0x40, 0xC0,
    0x1F, 0x07, 0xF0, 0x60, 0x03, 0xE2, 0x7C, 0x24, 0x00, 0xBC, 0xCB, 0x8C, 0x00, 0x0F, 0xE0, 0xFA,
    0x00, 0x03, 0xF0, 0x3F, 0x00, 0x00, 0x7C, 0x07, 0xC0, 0x00, 0x0D, 0x00, 0xD0, 0x00, 0x7F, 0xD0,
    0xFF, 0x02, 0xF0, 0x28, 0x00, 0x3E, 0x1C, 0x00, 0x03, 0xEC, 0x00, 0x00, 0x3D, 0x00, 0x00, 0x0F,
    0xC0, 0x00, 0x0A, 0xBC, 0x00, 0x0A, 0x0F, 0x80, 0x07, 0x00, 0xF4, 0x2F, 0xE0, 0xBF, 0xD0, 0x7F,
    0xE0, 0x7F, 0x03, 0xE0, 0x0A, 0x00, 0x7C, 0x03, 0x00, 0x0F, 0x81, 0x80, 0x01, 0xF0, 0xC0, 0x00,
    0x3D, 0x70, 0x00, 0x0B, 0xF4, 0x00, 0x00, 0xFC, 0x00, 0x00, 0x2D, 0x00, 0x00, 0x07, 0x00, 0x00,
    0x02, 0x40, 0x01, 0xE0, 0xC0, 0x00, 0x78, 0xD0, 0x00, 0x0B, 0xD0, 0x00, 0x00, 0x3F, 0xFF, 0xE3,
    0x80, 0xBC, 0x30, 0x1F, 0x40, 0x03, 0xE0, 0x00, 0xFC, 0x00, 0x2F, 0x00, 0x07, 0xD0, 0x60, 0xF8,
    0x0A, 0x3F, 0x01, 0xD3, 0xFF, 0xFD, 0x00, 0x00, 0x00, 0x01, 0xBD, 0x00, 0xBD, 0x00, 0x0F, 0x40,
    0x00, 0xF0, 0x00, 0x0F, 0x00, 0x00, 0xF0, 0x00, 0x0F, 0x00, 0x00, 0xF0, 0x00, 0x1F, 0x00, 0x03,
    0xE0, 0x03, 0xF4, 0x00, 0x07, 0xE0, 0x00, 0x1F, 0x00, 0x00, 0xF0, 0x00, 0x0F, 0x00, 0x00, 0xF0,
    0x00, 0x0F, 0x00, 0x00, 0xF0, 0x00, 0x0F, 0x40, 0x00, 0xBD, 0x00, 0x01, 0xBD, 0x27, 0x77, 0x77,
    0x77, 0x77, 0x77, 0x77, 0x77, 0x77, 0x77, 0x70, 0x7E, 0x40, 0x00, 0x7E, 0x00, 0x01, 0xF0, 0x00,
    0x0F, 0x00, 0x00, 0xF0, 0x00, 0x0F, 0x00, 0x00, 0xF0, 0x00, 0x0F, 0x00, 0x00, 0xF4, 0x00, 0x07,
    0xD0, 0x00, 0x1F, 0xD0, 0x0B, 0xD0, 0x00, 0xF4, 0x00, 0x0F, 0x00, 0x00, 0xF0, 0x00, 0x0F, 0x00,
    0x00, 0xF0, 0x00, 0x0F, 0x00, 0x02, 0xF0, 0x02, 0xF4, 0x00, 0x2F, 0xE4, 0x17, 0x42, 0xFF, 0xC4,
    0x00, 0xBD, 0x00, 0x78, 0xFC, 0x78, 0x00, 0x20, 0x34, 0x34, 0x78, 0x78, 0xBC, 0xBC, 0xFC, 0xFD,
    0xBC, 0x10, 0x00, 0x0C, 0x00, 0x01, 0xBF, 0xF4, 0x0B, 0xCC, 0x7C, 0x1F, 0x0C, 0x7C, 0x3E, 0x0C,
    0x10, 0x3E, 0x0C, 0x00, 0x3E, 0x0C, 0x00, 0x3E, 0x0C, 0x00, 0x2F, 0x0C, 0x08, 0x0B, 0xDC, 0x28,
    0x01, 0xBF, 0x90, 0x00, 0x0C, 0x00, 0x00, 0x07, 0xF8, 0x00, 0x02, 0xE0, 0x70, 0x00, 0x3C, 0x02,
    0xC0, 0x07, 0xC0, 0x7C, 0x00, 0xBC, 0x07, 0x80, 0x0B, 0xC0, 0x00, 0x00, 0xBC, 0x00, 0x00, 0x3F,
    0xFC, 0x00, 0x00, 0xBC, 0x00, 0x00, 0x0B, 0xC0, 0x00, 0x00, 0xBC, 0x00, 0x00, 0x0B, 0xC0, 0x00,
    0x00, 0xBC, 0x00, 0x27, 0xFF, 0xFE, 0x09, 0x7F, 0x86, 0xFF, 0x40, 0xBF, 0xFE, 0x00, 0x7F, 0xF0,
    0x3F, 0x40, 0x00, 0xD0, 0x01, 0xFC, 0x00, 0x34, 0x00, 0x07, 0xF0, 0x0A, 0x00, 0x1F, 0xFF, 0xFF,
    0xFF, 0x80, 0x00, 0xFD, 0x34, 0x00, 0x00, 0x07, 0xFA, 0x00, 0x00, 0x00, 0x3F, 0xC0, 0x00, 0x00,
    0x01, 0xF8, 0x00, 0x01, 0xFF, 0xFF, 0xFF, 0xF8, 0x00, 0x01, 0xF8, 0x00, 0x00, 0x00, 0x1F, 0x80,
    0x00, 0x00, 0x01, 0xF8, 0x00, 0x00, 0x02, 0xFF, 0xFC, 0x00, 0x00, 0x00, 0x00, 0x00, 0x00, 0x07,
    0xF8, 0x0B, 0x43, 0xC3, 0x40, 0xF1, 0xC0, 0x00, 0x3D, 0x00, 0x0B, 0xF8, 0x00, 0xFF, 0xC0, 0xBB,
    0xFC, 0x34, 0x1F, 0x1C, 0x00, 0xD3, 0xD0, 0x70, 0xBF, 0xB8, 0x0F, 0xFC, 0x00, 0xBF, 0xC0, 0x01,
    0xF4, 0x00, 0x0D, 0x2C, 0x07, 0x4F, 0x07, 0x80, 0xBF, 0x40, 0x78, 0x2D, 0xFC, 0x3F, 0x78, 0x2D,
    0x00, 0x00, 0x6F, 0xFE, 0x40, 0x00, 0x00, 0x07, 0xE4, 0x00, 0x6E, 0x00, 0x00, 0x0B, 0x40, 0x00,
    0x00, 0x74, 0x00, 0x0E, 0x00, 0x00, 0x00, 0x03, 0x80, 0x0B, 0x00, 0x00, 0x00, 0x00, 0x34, 0x07,
    0x00, 0x00, 0x00, 0x00, 0x07, 0x03, 0x80, 0x02, 0xFF, 0x9A, 0x00, 0xA0, 0xC0, 0x07, 0xE0, 0x1F,
    0xC0, 0x1C, 0x70, 0x07, 0xD0, 0x00, 0xF0, 0x03, 0x28, 0x03, 0xF0, 0x00, 0x18, 0x00, 0xDA, 0x00,
    0xFC, 0x00, 0x00, 0x00, 0x36, 0x80, 0x3F, 0x00, 0x00, 0x00, 0x0D, 0xB0, 0x0F, 0xC0, 0x00, 0x00,
    0x03, 0x5C, 0x01, 0xF8, 0x00, 0x18, 0x00, 0xC3, 0x40, 0x1F, 0x80, 0x1C, 0x00, 0xB0, 0xB0, 0x00,
    0xBF, 0xF8, 0x00, 0x34, 0x0E, 0x00, 0x00, 0x00, 0x00, 0x38, 0x00, 0xE0, 0x00, 0x00, 0x00, 0x2C,
    0x00, 0x0F, 0x40, 0x00, 0x00, 0x78, 0x00, 0x00, 0x7E, 0x40, 0x06, 0xF4, 0x00, 0x00, 0x01, 0xBF,
    0xFE, 0x40, 0x00, 0x00, 0x07, 0xF8, 0x00, 0x7C, 0x7C, 0x01, 0xF0, 0xF4, 0x00, 0x03, 0xE0, 0x06,
    0xFF, 0x80, 0xF9, 0x3E, 0x07, 0xD0, 0xF8, 0x0B, 0xFD, 0xFC, 0x00, 0x00, 0x00, 0xFF, 0xFF, 0x80,
    0x00, 0x20, 0x20, 0x02, 0x82, 0x80, 0x1C, 0x1C, 0x01, 0xD1, 0xD0, 0x2E, 0x2E, 0x00, 0xF8, 0xB8,
    0x00, 0xB4, 0x74, 0x00, 0x70, 0x70, 0x00, 0xA0, 0xA0, 0x00, 0x80, 0xC0, 0x00, 0x00, 0x00, 0x07,
    0xFF, 0xFF, 0xFE, 0x00, 0x00, 0x00, 0xB0, 0x00, 0x00, 0x0B, 0x00, 0x00, 0x00, 0xB0, 0x00, 0x00,
    0x0B, 0x00, 0x00, 0x00, 0x60, 0xAA, 0xA7, 0xFF, 0xE5, 0x55, 0x00, 0x00, 0x01, 0xAF, 0xFE, 0x40,
    0x00, 0x00, 0x07, 0xE4, 0x00, 0x6F, 0x40, 0x00, 0x0F, 0x40, 0x00, 0x00, 0x78, 0x00, 0x0E, 0x00,
    0x00, 0x00, 0x02, 0xC0, 0x0E, 0x00, 0x00, 0x00, 0x00, 0x38, 0x07, 0x00, 0x00, 0x00, 0x00, 0x03,
    0x43, 0x47, 0xFF, 0xFF, 0x90, 0x00, 0xB1, 0xC0, 0x0F, 0xC0, 0x7F, 0x00, 0x0C, 0xB0, 0x03, 0xF0,
    0x0F, 0xD0, 0x03, 0x68, 0x00, 0xFC, 0x07, 0xF0, 0x00, 0xDA, 0x00, 0x3F, 0xFF, 0xD0, 0x00, 0x36,
    0x80, 0x0F, 0xC1, 0xFC, 0x00, 0x0D, 0x70, 0x03, 0xF0, 0x3F, 0x40, 0x03, 0x0C, 0x00, 0xFC, 0x0B,
    0xD0, 0x01, 0xC3, 0x80, 0x3F, 0x02, 0xFC, 0x30, 0xA0, 0x70, 0xFF, 0xFC, 0x2F, 0xF4, 0x30, 0x0B,
    0x00, 0x00, 0x00, 0x00, 0x38, 0x00, 0xE0, 0x00, 0x00, 0x00, 0x38, 0x00, 0x0B, 0x40, 0x00, 0x00,
    0x78, 0x00, 0x00, 0x7E, 0x40, 0x06, 0xE0, 0x00, 0x00, 0x01, 0xBF, 0xFE, 0x40, 0x00, 0x00, 0x7F,
    0xFF, 0xD0, 0x2F, 0x87, 0x0D, 0xA0, 0xA7, 0x0D, 0x2F, 0x80, 0x00, 0x00, 0xC0, 0x00, 0x00, 0x00,
    0x70, 0x00, 0x00, 0x00, 0x1C, 0x00, 0x00, 0x00, 0x07, 0x00, 0x00, 0x00, 0x01, 0xC0, 0x00, 0x00,
    0x00, 0x70, 0x00, 0x00, 0x00, 0x1C, 0x00, 0x01, 0xFF, 0xFF, 0xFF, 0xFC, 0x00, 0x01, 0xC0, 0x00,
    0x00, 0x00, 0x70, 0x00, 0x00, 0x00, 0x1C, 0x00, 0x00, 0x00, 0x07, 0x00, 0x00, 0x00, 0x01, 0xC0,
    0x00, 0x00, 0x00, 0x70, 0x00, 0x00, 0x00, 0x1C, 0x00, 0x01, 0xFF, 0xFF, 0xFF, 0xFC, 0x07, 0x4B,
    0xEB, 0xE1, 0x00, 0x3F, 0xC1, 0xFD, 0x02, 0xF0, 0x0F, 0x40, 0xBC, 0x03, 0xD0, 0x2F, 0x00, 0xF4,
    0x0B, 0xC0, 0x3D, 0x02, 0xF0, 0x0F, 0x40, 0xBC, 0x03, 0xD0, 0x2F, 0x01, 0xF4, 0x0B, 0xC1, 0xFE,
    0x02, 0xFF, 0xCF, 0xF0, 0xBC, 0x00, 0x00, 0x2F, 0x00, 0x00, 0x0B, 0xC0, 0x00, 0x0F, 0xFC, 0x00,
    0x00, 0x01, 0xFF, 0xFF, 0xC0, 0xFF, 0xF0, 0xC0, 0x3F, 0xFF, 0x0C, 0x07, 0xFF, 0xF0, 0xC0, 0xBF,
    0xFF, 0x0C, 0x0B, 0xFF, 0xF0, 0xC0, 0x3F, 0xFF, 0x0C, 0x02, 0xFF, 0xF0, 0xC0, 0x07, 0xFF, 0x0C,
    0x00, 0x01, 0xB0, 0xC0, 0x00, 0x03, 0x0C, 0x00, 0x00, 0x30, 0xC0, 0x00, 0x03, 0x0C, 0x00, 0x00,
    0x30, 0xC0, 0x00, 0x03, 0x0C, 0x00, 0x00, 0x30, 0xC0, 0x00, 0x03, 0x0C, 0x00, 0x03, 0xFF, 0xFC,
    0x7C, 0xBD, 0x7C, 0x0F, 0x80, 0x03, 0xD0, 0x1F, 0x7F, 0xE4, 0x06, 0xFE, 0x00, 0x7C, 0x1F, 0x03,
    0xD0, 0x2E, 0x1F, 0x40, 0xBC, 0x7D, 0x02, 0xF0, 0xF4, 0x0F, 0xC1, 0xF0, 0x7C, 0x01, 0xBF, 0x80,
    0x00, 0x00, 0x00, 0xFF, 0xFF, 0x80, 0x80, 0x50, 0x07, 0x03, 0x00, 0x28, 0x2C, 0x00, 0xF0, 0xF0,
    0x07, 0xC7, 0xC0, 0x3D, 0x3D, 0x0F, 0x0F, 0x02, 0xC2, 0xC0, 0x30, 0x30, 0x09, 0x05, 0x00, 0x02,
    0xD0, 0x00, 0x3F, 0x00, 0x02, 0xD0, 0x00, 0x00, 0x00, 0x00, 0x00, 0x00, 0x0C, 0x00, 0x00, 0xC0,
    0x00, 0x28, 0x00, 0x03, 0x40, 0x01, 0xE0, 0x00, 0x7C, 0x07, 0x8B, 0xC0, 0x7C, 0x7D, 0x07, 0x81,
    0xFF, 0xD0, 0x00, 0x0F, 0x40, 0x00, 0x00, 0x00, 0xFE, 0x00, 0x00, 0x00, 0x00, 0x74, 0x00, 0x00,
    0x00, 0x00, 0x00, 0x00, 0x00, 0x00, 0xB0, 0x00, 0x00, 0x00, 0x0F, 0x40, 0x00, 0x00, 0x02, 0xFC,
    0x00, 0x00, 0x00, 0x3F, 0xC0, 0x00, 0x00, 0x06, 0x7E, 0x00, 0x00, 0x00, 0xD3, 0xF0, 0x00, 0x00,
    0x1C, 0x2F, 0x80, 0x00, 0x02, 0x40, 0xFC, 0x00, 0x00, 0x30, 0x0B, 0xD0, 0x00, 0x0B, 0xFF, 0xFF,
    0x00, 0x00, 0xC0, 0x03, 0xF0, 0x00, 0x18, 0x00, 0x1F, 0x80, 0x03, 0x40, 0x00, 0xFC, 0x03, 0xFF,
    0x00, 0xBF, 0xFD, 0x00, 0x00, 0x2D, 0x00, 0x00, 0x00, 0x1F, 0xE0, 0x00, 0x00, 0x03, 0xFD, 0x00,
    0x00, 0x00, 0x00, 0x00, 0x00, 0x00, 0x00, 0x00, 0x00, 0x00, 0x00, 0x0B, 0x00, 0x00, 0x00, 0x00,
    0xF4, 0x00, 0x00, 0x00, 0x2F, 0xC0, 0x00, 0x00, 0x03, 0xFC, 0x00, 0x00, 0x00, 0x67, 0xE0, 0x00,
    0x00, 0x0D, 0x3F, 0x00, 0x00, 0x01, 0xC2, 0xF8, 0x00, 0x00, 0x24, 0x0F, 0xC0, 0x00, 0x03, 0x00,
    0xBD, 0x00, 0x00, 0xBF, 0xFF, 0xF0, 0x00, 0x0C, 0x00, 0x3F, 0x00, 0x01, 0x80, 0x01, 0xF8, 0x00,
    0x34, 0x00, 0x0F, 0xC0, 0x3F, 0xF0, 0x0B, 0xFF, 0xD0, 0x00, 0x00, 0x60, 0x00, 0x00, 0x00, 0x2F,
    0xC0, 0x00, 0x00, 0x0F, 0x0B, 0x00, 0x00, 0x00, 0x40, 0x10, 0x00, 0x00, 0x00, 0x00, 0x00, 0x00,
    0x00, 0x0B, 0x00, 0x00, 0x00, 0x00, 0xF4, 0x00, 0x00, 0x00, 0x2F, 0xC0, 0x00, 0x00, 0x03, 0xFC,
    0x00, 0x00, 0x00, 0x67, 0xE0, 0x00, 0x00, 0x0D, 0x3F, 0x00, 0x00, 0x01, 0xC2, 0xF8, 0x00, 0x00,
    0x24, 0x0F, 0xC0, 0x00, 0x03, 0x00, 0xBD, 0x00, 0x00, 0xBF, 0xFF, 0xF0, 0x00, 0x0C, 0x00, 0x3F,
    0x00, 0x01, 0x80, 0x01, 0xF8, 0x00, 0x34, 0x00, 0x0F, 0xC0, 0x3F, 0xF0, 0x0B, 0xFF, 0xD0, 0x00,
    0x0F, 0x80, 0x10, 0x00, 0x02, 0xFF, 0x4A, 0x00, 0x00, 0x20, 0x6F, 0x80, 0x00, 0x00, 0x00, 0x00,
    0x00, 0x00, 0x00, 0x00, 0x00, 0x00, 0x00, 0x0B, 0x00, 0x00, 0x00, 0x00, 0xF4, 0x00, 0x00, 0x00,
    0x2F, 0xC0, 0x00, 0x00, 0x03, 0xFC, 0x00, 0x00, 0x00, 0x67, 0xE0, 0x00, 0x00, 0x0D, 0x3F, 0x00,
    0x00, 0x01, 0xC2, 0xF8, 0x00, 0x00, 0x24, 0x0F, 0xC0, 0x00, 0x03, 0x00, 0xBD, 0x00, 0x00, 0xBF,
    0xFF, 0xF0, 0x00, 0x0C, 0x00, 0x3F, 0x00, 0x01, 0x80, 0x01, 0xF8, 0x00, 0x34, 0x00, 0x0F, 0xC0,
    0x3F, 0xF0, 0x0B, 0xFF, 0xD0, 0x00, 0x1F, 0x0B, 0x80, 0x00, 0x03, 0xF4, 0xFC, 0x00, 0x00, 0x1F,
    0x0B, 0x80, 0x00, 0x00, 0x00, 0x00, 0x00, 0x00, 0x00, 0x00, 0x00, 0x00, 0x00, 0x0B, 0x00, 0x00,
    0x00, 0x00, 0xF4, 0x00, 0x00, 0x00, 0x2F, 0xC0, 0x00, 0x00, 0x03, 0xFC, 0x00, 0x00, 0x00, 0x77,
    0xE0, 0x00, 0x00, 0x0D, 0x3F, 0x00, 0x00, 0x01, 0xC2, 0xF8, 0x00, 0x00, 0x24, 0x0F, 0xC0, 0x00,
    0x03, 0x00, 0xBD, 0x00, 0x00, 0xBF, 0xFF, 0xF0, 0x00, 0x0C, 0x00, 0x3F, 0x00, 0x01, 0x80, 0x01,
    0xF8, 0x00, 0x34, 0x00, 0x0F, 0xC0, 0x3F, 0xF0, 0x0B, 0xFF, 0xD0, 0x00, 0x01, 0xF8, 0x00, 0x00,
    0x00, 0x30, 0x90, 0x00, 0x00, 0x06, 0x06, 0x00, 0x00, 0x00, 0x60, 0x90, 0x00, 0x00, 0x02, 0xAC,
    0x00, 0x00, 0x00, 0x0F, 0x00, 0x00, 0x00, 0x01, 0xF8, 0x00, 0x00, 0x00, 0x3F, 0xC0, 0x00, 0x00,
    0x03, 0xFD, 0x00, 0x00, 0x00, 0xA7, 0xF0, 0x00, 0x00, 0x0C, 0x3F, 0x00, 0x00, 0x01, 0xC1, 0xF8,
    0x00, 0x00, 0x34, 0x0F, 0xC0, 0x00, 0x07, 0x00, 0xBD, 0x00, 0x00, 0xBF, 0xFF, 0xF0, 0x00, 0x0C,
    0x00, 0x3F, 0x40, 0x01, 0x80, 0x01, 0xF8, 0x00, 0x34, 0x00, 0x0F, 0xC0, 0x3F, 0xF0, 0x0F, 0xFF,
    0xD0, 0x00, 0x0B, 0xFF, 0xFF, 0xFF, 0x00, 0x00, 0x0C, 0xFC, 0x01, 0xF0, 0x00, 0x02, 0x8F, 0xC0,
    0x03, 0x00, 0x00, 0x34, 0xFC, 0x00, 0x34, 0x00, 0x07, 0x0F, 0xC0, 0x02, 0x40, 0x00, 0xD0, 0xFC,
    0x09, 0x00, 0x00, 0x1C, 0x0F, 0xC1, 0xD0, 0x00, 0x02, 0xFF, 0xFF, 0xFD, 0x00, 0x00, 0x30, 0x0F,
    0xC0, 0xD0, 0x00, 0x0A, 0x00, 0xFC, 0x09, 0x0C, 0x00, 0xD0, 0x0F, 0xC0, 0x00, 0xC0, 0x1C, 0x00,
    0xFC, 0x00, 0x28, 0x03, 0x40, 0x0F, 0xC0, 0x1B, 0x43, 0xFF, 0x0B, 0xFF, 0xFF, 0xF4, 0x00, 0x2F,
    0xFD, 0x0C, 0x02, 0xF8, 0x02, 0xFC, 0x0F, 0xC0, 0x00, 0x7C, 0x2F, 0x00, 0x00, 0x2C, 0x3F, 0x00,
    0x00, 0x0C, 0x7E, 0x00, 0x00, 0x04, 0xBE, 0x00, 0x00, 0x00, 0xBE, 0x00, 0x00, 0x00, 0x7E, 0x00,
    0x00, 0x00, 0x3F, 0x00, 0x00, 0x0C, 0x2F, 0x40, 0x00, 0x0C, 0x0F, 0xC0, 0x00, 0x34, 0x02, 0xF8,
    0x01, 0xD0, 0x00, 0x2F, 0xFE, 0x00, 0x00, 0x01, 0xF8, 0x00, 0x00, 0x00, 0x2F, 0x00, 0x00, 0x00,
    0x2F, 0x00, 0x00, 0x1F, 0xF8, 0x00, 0x00, 0x0E, 0x00, 0x00, 0x00, 0x1F, 0xE0, 0x00, 0x00, 0x00,
    0xB0, 0x00, 0x00, 0x00, 0x00, 0x00, 0x3F, 0xFF, 0xFF, 0xF0, 0x03, 0xF0, 0x01, 0xF0, 0x03, 0xF0,
    0x00, 0x30, 0x03, 0xF0, 0x00, 0x34, 0x03, 0xF0, 0x24, 0x24, 0x03, 0xF0, 0x34, 0x00, 0x03, 0xFF,
    0xF4, 0x00, 0x03, 0xF0, 0x34, 0x00, 0x03, 0xF0, 0x24, 0x00, 0x03, 0xF0, 0x00, 0x0C, 0x03, 0xF0,
    0x00, 0x1C, 0x03, 0xF0, 0x00, 0x38, 0x03, 0xF0, 0x01, 0xF8, 0x3F, 0xFF, 0xFF, 0xF4, 0x00, 0x00,
    0x00, 0x00, 0x00, 0x00, 0x2D, 0x00, 0x00, 0x01, 0xFE, 0x00, 0x00, 0x03, 0xE4, 0x00, 0x00, 0x00,
    0x00, 0x00, 0x3F, 0xFF, 0xFF, 0xF0, 0x03, 0xF0, 0x01, 0xF0, 0x03, 0xF0, 0x00, 0x30, 0x03, 0xF0,
    0x00, 0x34, 0x03, 0xF0, 0x24, 0x24, 0x03, 0xF0, 0x34, 0x00, 0x03, 0xFF, 0xF4, 0x00, 0x03, 0xF0,
    0x34, 0x00, 0x03, 0xF0, 0x24, 0x00, 0x03, 0xF0, 0x00, 0x0C, 0x03, 0xF0, 0x00, 0x1C, 0x03, 0xF0,
    0x00, 0x38, 0x03, 0xF0, 0x01, 0xF8, 0x3F, 0xFF, 0xFF, 0xF4, 0x00, 0x01, 0x80, 0x00, 0x00, 0x0B,
    0xF0, 0x00, 0x00, 0x3C, 0x2C, 0x00, 0x00, 0x10, 0x04, 0x00, 0x00, 0x00, 0x00, 0x00, 0x3F, 0xFF,
    0xFF, 0xF0, 0x03, 0xF0, 0x01, 0xF0, 0x03, 0xF0, 0x00, 0x30, 0x03, 0xF0, 0x00, 0x34, 0x03, 0xF0,
    0x24, 0x24, 0x03, 0xF0, 0x34, 0x00, 0x03, 0xFF, 0xF4, 0x00, 0x03, 0xF0, 0x34, 0x00, 0x03, 0xF0,
    0x24, 0x00, 0x03, 0xF0, 0x00, 0x0C, 0x03, 0xF0, 0x00, 0x1C, 0x03, 0xF0, 0x00, 0x38, 0x03, 0xF0,
    0x01, 0xF8, 0x3F, 0xFF, 0xFF, 0xF4, 0x00, 0x7C, 0x2E, 0x00, 0x00, 0xFD, 0x3F, 0x00, 0x00, 0x7C,
    0x2E, 0x00, 0x00, 0x00, 0x00, 0x00, 0x00, 0x00, 0x00, 0x00, 0x3F, 0xFF, 0xFF, 0xF0, 0x03, 0xF0,
    0x01, 0xF0, 0x03, 0xF0, 0x00, 0x30, 0x03, 0xF0, 0x00, 0x34, 0x03, 0xF0, 0x24, 0x24, 0x03, 0xF0,
    0x34, 0x00, 0x03, 0xFF, 0xF4, 0x00, 0x03, 0xF0, 0x34, 0x00, 0x03, 0xF0, 0x24, 0x00, 0x03, 0xF0,
    0x00, 0x0C, 0x03, 0xF0, 0x00, 0x1C, 0x03, 0xF0, 0x00, 0x38, 0x03, 0xF0, 0x01, 0xF8, 0x3F, 0xFF,
    0xFF, 0xF4, 0x0F, 0x00, 0x03, 0xF8, 0x00, 0x0B, 0x00, 0x00, 0x00, 0x7F, 0xFF, 0x40, 0xFC, 0x00,
    0x3F, 0x00, 0x0F, 0xC0, 0x03, 0xF0, 0x00, 0xFC, 0x00, 0x3F, 0x00, 0x0F, 0xC0, 0x03, 0xF0, 0x00,
    0xFC, 0x00, 0x3F, 0x00, 0x0F, 0xC0, 0x03, 0xF0, 0x1F, 0xFF, 0xD0, 0x00, 0x78, 0x00, 0xFF, 0x00,
    0xBF, 0x00, 0x00, 0x00, 0x00, 0x00, 0x1F, 0xFF, 0xD0, 0x3F, 0x00, 0x0F, 0xC0, 0x03, 0xF0, 0x00,
    0xFC, 0x00, 0x3F, 0x00, 0x0F, 0xC0, 0x03, 0xF0, 0x00, 0xFC, 0x00, 0x3F, 0x00, 0x0F, 0xC0, 0x03,
    0xF0, 0x00, 0xFC, 0x07, 0xFF, 0xF4, 0x00, 0x80, 0x01, 0xFD, 0x01, 0xE1, 0xE0, 0x00, 0x00, 0x00,
    0x00, 0x1F, 0xFF, 0xD0, 0x3F, 0x00, 0x0F, 0xC0, 0x03, 0xF0, 0x00, 0xFC, 0x00, 0x3F, 0x00, 0x0F,
    0xC0, 0x03, 0xF0, 0x00, 0xFC, 0x00, 0x3F, 0x00, 0x0F, 0xC0, 0x03, 0xF0, 0x00, 0xFC, 0x07, 0xFF,
    0xF4, 0x3D, 0x1F, 0x1F, 0xCB, 0xD3, 0xD1, 0xF0, 0x00, 0x00, 0x00, 0x00, 0x1F, 0xFF, 0xD0, 0x3F,
    0x00, 0x0F, 0xC0, 0x03, 0xF0, 0x00, 0xFC, 0x00, 0x3F, 0x00, 0x0F, 0xC0, 0x03, 0xF0, 0x00, 0xFC,
    0x00, 0x3F, 0x00, 0x0F, 0xC0, 0x03, 0xF0, 0x00, 0xFC, 0x07, 0xFF, 0xF4, 0x3F, 0xFF, 0xFF, 0x80,
    0x00, 0x3F, 0x00, 0x2F, 0x80, 0x03, 0xF0, 0x00, 0x3E, 0x00, 0x3F, 0x00, 0x01, 0xF4, 0x03, 0xF0,
    0x00, 0x0F, 0xC0, 0x3F, 0x00, 0x00, 0xFC, 0x03, 0xF0, 0x00, 0x0F, 0xC3, 0xFF, 0xFF, 0x00, 0xFC,
    0x03, 0xF0, 0x00, 0x0F, 0xC0, 0x3F, 0x00, 0x00, 0xFC, 0x03, 0xF0, 0x00, 0x1F, 0x40, 0x3F, 0x00,
    0x03, 0xE0, 0x03, 0xF0, 0x01, 0xF8, 0x03, 0xFF, 0xFF, 0xF8, 0x00, 0x00, 0x0B, 0x80, 0x10, 0x00,
    0x00, 0x7F, 0xD1, 0xC0, 0x00, 0x02, 0x06, 0xFC, 0x00, 0x00, 0x00, 0x00, 0x00, 0x00, 0x00, 0x00,
    0x00, 0x00, 0x00, 0xFF, 0xE0, 0x02, 0xFF, 0xC0, 0x3F, 0xD0, 0x00, 0x70, 0x00, 0xDF, 0xD0, 0x01,
    0xC0, 0x03, 0x1F, 0xC0, 0x07, 0x00, 0x0C, 0x1F, 0xC0, 0x1C, 0x00, 0x30, 0x2F, 0xC0, 0x70, 0x00,
    0xC0, 0x2F, 0xC1, 0xC0, 0x03, 0x00, 0x3F, 0x87, 0x00, 0x0C, 0x00, 0x3F, 0x9C, 0x00, 0x30, 0x00,
    0x3F, 0xB0, 0x00, 0xC0, 0x00, 0x3F, 0xC0, 0x03, 0x00, 0x00, 0x7F, 0x00, 0x0D, 0x00, 0x00, 0x7C,
    0x03, 0xFF, 0x40, 0x00, 0xB0, 0x00, 0x00, 0x1E, 0x00, 0x00, 0x00, 0x1F, 0xD0, 0x00, 0x00, 0x01,
    0xB0, 0x00, 0x00, 0x00, 0x00, 0x00, 0x00, 0x6F, 0xF9, 0x00, 0x03, 0xF4, 0x1B, 0xC0, 0x0F, 0x80,
    0x02, 0xF0, 0x2F, 0x00, 0x00, 0xFC, 0x3F, 0x00, 0x00, 0xBD, 0x7E, 0x00, 0x00, 0xBE, 0xBE, 0x00,
    0x00, 0x7E, 0xBE, 0x00, 0x00, 0x7E, 0xBE, 0x00, 0x00, 0xBE, 0x7F, 0x00, 0x00, 0xBD, 0x3F, 0x00,
    0x00, 0xFC, 0x0F, 0xC0, 0x02, 0xF4, 0x03, 0xF4, 0x0B, 0xD0, 0x00, 0x6F, 0xF9, 0x00, 0x00, 0x00,
    0x00, 0x00, 0x00, 0x00, 0xB4, 0x00, 0x00, 0x07, 0xF8, 0x00, 0x00, 0x0F, 0x90, 0x00, 0x00, 0x00,
    0x00, 0x00, 0x00, 0x6F, 0xF9, 0x00, 0x03, 0xF4, 0x1B, 0xC0, 0x0F, 0x80, 0x02, 0xF0, 0x2F, 0x00,
    0x00, 0xFC, 0x3F, 0x00, 0x00, 0xBD, 0x7E, 0x00, 0x00, 0xBE, 0xBE, 0x00, 0x00, 0x7E, 0xBE, 0x00,
    0x00, 0x7E, 0xBE, 0x00, 0x00, 0xBE, 0x7F, 0x00, 0x00, 0xBD, 0x3F, 0x00, 0x00, 0xFC, 0x0F, 0xC0,
    0x02, 0xF4, 0x03, 0xF4, 0x0B, 0xD0, 0x00, 0x6F, 0xF9, 0x00, 0x00, 0x01, 0x80, 0x00, 0x00, 0x0B,
    0xE0, 0x00, 0x00, 0x3C, 0x2C, 0x00, 0x00, 0x10, 0x04, 0x00, 0x00, 0x00, 0x00, 0x00, 0x00, 0x6F,
    0xF9, 0x00, 0x03, 0xF4, 0x1B, 0xC0, 0x0F, 0x80, 0x02, 0xF0, 0x2F, 0x00, 0x00, 0xFC, 0x3F, 0x00,
    0x00, 0xBD, 0x7E, 0x00, 0x00, 0xBE, 0xBE, 0x00, 0x00, 0x7E, 0xBE, 0x00, 0x00, 0x7E, 0xBE, 0x00,
    0x00, 0xBE, 0x7F, 0x00, 0x00, 0xBD, 0x3F, 0x00, 0x00, 0xFC, 0x0F, 0xC0, 0x02, 0xF4, 0x03, 0xF4,
    0x0B, 0xD0, 0x00, 0x6F, 0xF9, 0x00, 0x00, 0x3D, 0x00, 0x40, 0x00, 0xBF, 0xD2, 0x40, 0x01, 0x41,
    0xBE, 0x00, 0x00, 0x00, 0x00, 0x00, 0x00, 0x00, 0x00, 0x00, 0x00, 0x6F, 0xF9, 0x00, 0x03, 0xF4,
    0x1B, 0xC0, 0x0F, 0x80, 0x02, 0xF0, 0x2F, 0x00, 0x00, 0xFC, 0x3F, 0x00, 0x00, 0xBD, 0x7E, 0x00,
    0x00, 0xBE, 0xBE, 0x00, 0x00, 0x7E, 0xBE, 0x00, 0x00, 0x7E, 0xBE, 0x00, 0x00, 0xBE, 0x7F, 0x00,
    0x00, 0xBD, 0x3F, 0x00, 0x00, 0xFC, 0x0F, 0xC0, 0x02, 0xF4, 0x03, 0xF4, 0x0B, 0xD0, 0x00, 0x6F,
    0xF9, 0x00, 0x00, 0x78, 0x2D, 0x00, 0x00, 0xFD, 0x3F, 0x00, 0x00, 0x7C, 0x2E, 0x00, 0x00, 0x00,
    0x00, 0x00, 0x00, 0x00, 0x00, 0x00, 0x00, 0x6F, 0xF9, 0x00, 0x03, 0xF4, 0x1B, 0xC0, 0x0F, 0x80,
    0x02, 0xF0, 0x2F, 0x00, 0x00, 0xFC, 0x3F, 0x00, 0x00, 0xBD, 0x7E, 0x00, 0x00, 0xBE, 0xBE, 0x00,
    0x00, 0x7E, 0xBE, 0x00, 0x00, 0x7E, 0xBE, 0x00, 0x00, 0xBE, 0x7F, 0x00, 0x00, 0xBD, 0x3F, 0x00,
    0x00, 0xFC, 0x0F, 0xC0, 0x02, 0xF4, 0x03, 0xF4, 0x0B, 0xD0, 0x00, 0x6F, 0xF9, 0x00, 0x00, 0x00,
    0x00, 0x10, 0x00, 0x1B, 0xFE, 0x4C, 0x00, 0x3E, 0x40, 0x7E, 0x00, 0x3E, 0x00, 0x0B, 0xE0, 0x2F,
    0x00, 0x06, 0x3D, 0x0F, 0x80, 0x03, 0x0F, 0xCB, 0xD0, 0x03, 0x02, 0xF2, 0xF4, 0x02, 0x40, 0xBD,
    0xBD, 0x02, 0x40, 0x2F, 0x6F, 0x41, 0x80, 0x0B, 0xD3, 0xE0, 0xC0, 0x03, 0xF0, 0xBC, 0xC0, 0x00,
    0xF8, 0x0F, 0xD0, 0x00, 0xBC, 0x00, 0xF9, 0x01, 0xF8, 0x00, 0x31, 0xFF, 0xE0, 0x00, 0x10, 0x00,
    0x00, 0x00, 0x00, 0x03, 0xC0, 0x00, 0x00, 0x00, 0x3F, 0x80, 0x00, 0x00, 0x00, 0x2D, 0x00, 0x00,
    0x00, 0x00, 0x00, 0x00, 0x3F, 0xFF, 0x40, 0xFF, 0xE0, 0x3F, 0x00, 0x00, 0xA0, 0x03, 0xF0, 0x00,
    0x09, 0x00, 0x3F, 0x00, 0x00, 0x90, 0x03, 0xF0, 0x00, 0x09, 0x00, 0x3F, 0x00, 0x00, 0x90, 0x03,
    0xF0, 0x00, 0x09, 0x00, 0x3F, 0x00, 0x00, 0x90, 0x03, 0xF0, 0x00, 0x09, 0x00, 0x3F, 0x00, 0x00,
    0x90, 0x02, 0xF0, 0x00, 0x0D, 0x00, 0x0F, 0x80, 0x01, 0xC0, 0x00, 0x7E, 0x01, 0xB0, 0x00, 0x00,
    0x7F, 0xF8, 0x00, 0x00, 0x00, 0x00, 0x00, 0x00, 0x00, 0x00, 0xB8, 0x00, 0x00, 0x00, 0x7F, 0xC0,
    0x00, 0x00, 0x0B, 0xA0, 0x00, 0x00, 0x00, 0x00, 0x00, 0x03, 0xFF, 0xF4, 0x0F, 0xFE, 0x03, 0xF0,
    0x00, 0x0A, 0x00, 0x3F, 0x00, 0x00, 0x90, 0x03, 0xF0, 0x00, 0x09, 0x00, 0x3F, 0x00, 0x00, 0x90,
    0x03, 0xF0, 0x00, 0x09, 0x00, 0x3F, 0x00, 0x00, 0x90, 0x03, 0xF0, 0x00, 0x09, 0x00, 0x3F, 0x00,
    0x00, 0x90, 0x03, 0xF0, 0x00, 0x09, 0x00, 0x2F, 0x00, 0x00, 0xD0, 0x00, 0xF8, 0x00, 0x1C, 0x00,
    0x07, 0xE0, 0x1B, 0x00, 0x00, 0x07, 0xFF, 0x80, 0x00, 0x00, 0x00, 0x24, 0x00, 0x00, 0x00, 0x0F,
    0xE0, 0x00, 0x00, 0x03, 0x87, 0x80, 0x00, 0x00, 0x00, 0x04, 0x00, 0x00, 0x00, 0x00, 0x00, 0x03,
    0xFF, 0xF4, 0x0F, 0xFE, 0x03, 0xF0, 0x00, 0x0A, 0x00, 0x3F, 0x00, 0x00, 0x90, 0x03, 0xF0, 0x00,
    0x09, 0x00, 0x3F, 0x00, 0x00, 0x90, 0x03, 0xF0, 0x00, 0x09, 0x00, 0x3F, 0x00, 0x00, 0x90, 0x03,
    0xF0, 0x00, 0x09, 0x00, 0x3F, 0x00, 0x00, 0x90, 0x03, 0xF0, 0x00, 0x09, 0x00, 0x2F, 0x00, 0x00,
    0xD0, 0x00, 0xF8, 0x00, 0x1C, 0x00, 0x07, 0xE0, 0x1B, 0x00, 0x00, 0x07, 0xFF, 0x80, 0x00, 0x00,
    0x1F, 0x07, 0x80, 0x00, 0x02, 0xF8, 0xFC, 0x00, 0x00, 0x1F, 0x07, 0x80, 0x00, 0x00, 0x00, 0x00,
    0x00, 0x00, 0x00, 0x00, 0x00, 0x03, 0xFF, 0xF4, 0x0F, 0xFE, 0x03, 0xF0, 0x00, 0x0A, 0x00, 0x3F,
    0x00, 0x00, 0x90, 0x03, 0xF0, 0x00, 0x09, 0x00, 0x3F, 0x00, 0x00, 0x90, 0x03, 0xF0, 0x00, 0x09,
    0x00, 0x3F, 0x00, 0x00, 0x90, 0x03, 0xF0, 0x00, 0x09, 0x00, 0x3F, 0x00, 0x00, 0x90, 0x03, 0xF0,
    0x00, 0x09, 0x00, 0x2F, 0x00, 0x00, 0xD0, 0x00, 0xF8, 0x00, 0x1C, 0x00, 0x07, 0xE0, 0x1B, 0x00,
    0x00, 0x07, 0xFF, 0x80, 0x00, 0x00, 0x00, 0x0B, 0x40, 0x00, 0x00, 0x07, 0xF8, 0x00, 0x00, 0x00,
    0xFE, 0x00, 0x00, 0x00, 0x00, 0x00, 0x00, 0x00, 0x00, 0x00, 0x00, 0x0B, 0xFF, 0xE0, 0x07, 0xFF,
    0x03, 0xF4, 0x00, 0x0D, 0x00, 0x1F, 0xC0, 0x02, 0x80, 0x00, 0xFE, 0x00, 0x70, 0x00, 0x03, 0xF4,
    0x0D, 0x00, 0x00, 0x1F, 0xC2, 0x80, 0x00, 0x00, 0xBF, 0x70, 0x00, 0x00, 0x03, 0xFC, 0x00, 0x00,
    0x00, 0x1F, 0x80, 0x00, 0x00, 0x01, 0xF8, 0x00, 0x00, 0x00, 0x1F, 0x80, 0x00, 0x00, 0x01, 0xF8,
    0x00, 0x00, 0x00, 0x1F, 0x80, 0x00, 0x00, 0x2F, 0xFF, 0xC0, 0x00, 0x00, 0x00, 0x00, 0x00, 0x00,
    0x00, 0x00, 0x03, 0xFF, 0xF0, 0x00, 0x03, 0xF0, 0x00, 0x00, 0x3F, 0xFF, 0xD0, 0x03, 0xF0, 0x1F,
    0xC0, 0x3F, 0x00, 0xBD, 0x03, 0xF0, 0x07, 0xF0, 0x3F, 0x00, 0x7F, 0x03, 0xF0, 0x0B, 0xE0, 0x3F,
    0x01, 0xFC, 0x03, 0xFF, 0xFD, 0x00, 0x3F, 0x00, 0x00, 0x03, 0xF0, 0x00, 0x00, 0x3F, 0x00, 0x00,
    0x3F, 0xFF, 0x00, 0x00, 0x01, 0xFF, 0x40, 0x07, 0xC0, 0x90, 0x0F, 0x80, 0x60, 0x0F, 0x40, 0x30,
    0x0F, 0x40, 0x60, 0x7F, 0x47, 0x40, 0x0F, 0x4D, 0x00, 0x0F, 0x4D, 0x00, 0x0F, 0x4F, 0x90, 0x0F,
    0x4B, 0xF8, 0x0F, 0x42, 0xFD, 0x0F, 0x40, 0x1E, 0x0F, 0x4C, 0x0E, 0x0F, 0x4D, 0x0D, 0x7F, 0x4F,
    0xF4, 0x00, 0xF0, 0x00, 0x00, 0xFC, 0x00, 0x00, 0x7F, 0x00, 0x00, 0x01, 0x00, 0x0B, 0xFE, 0x00,
    0x1F, 0x07, 0xD0, 0x0F, 0x02, 0xF0, 0x00, 0x02, 0xF0, 0x01, 0xBF, 0xF0, 0x1F, 0x92, 0xF0, 0x3E,
    0x02, 0xF0, 0x7C, 0x02, 0xF0, 0x3E, 0x07, 0xF0, 0x0B, 0xF8, 0xBE, 0x00, 0x0B, 0x00, 0x00, 0x3F,
    0x40, 0x00, 0xFD, 0x00, 0x00, 0x40, 0x00, 0x0B, 0xFE, 0x00, 0x1F, 0x07, 0xD0, 0x0F, 0x02, 0xF0,
    0x00, 0x02, 0xF0, 0x01, 0xBF, 0xF0, 0x1F, 0x92, 0xF0, 0x3E, 0x02, 0xF0, 0x7C, 0x02, 0xF0, 0x3E,
    0x07, 0xF0, 0x0B, 0xF8, 0xBE, 0x00, 0x20, 0x00, 0x00, 0xF8, 0x00, 0x03, 0x8F, 0x00, 0x09, 0x02,
    0x40, 0x0B, 0xFE, 0x00, 0x1F, 0x07, 0xD0, 0x0F, 0x02, 0xF0, 0x00, 0x02, 0xF0, 0x01, 0xBF, 0xF0,
    0x1F, 0x92, 0xF0, 0x3E, 0x02, 0xF0, 0x7C, 0x02, 0xF0, 0x3E, 0x07, 0xF0, 0x0B, 0xF8, 0xBE, 0x07,
    0xD0, 0x80, 0x08, 0xBF, 0x80, 0x10, 0x1F, 0x00, 0x00, 0x00, 0x00, 0x0B, 0xFE, 0x00, 0x1F, 0x07,
    0xD0, 0x0F, 0x02, 0xF0, 0x00, 0x02, 0xF0, 0x01, 0xBF, 0xF0, 0x1F, 0x92, 0xF0, 0x3E, 0x02, 0xF0,
    0x7C, 0x02, 0xF0, 0x3E, 0x07, 0xF0, 0x0B, 0xF8, 0xBE, 0x07, 0x82, 0xD0, 0x0F, 0xC3, 0xF0, 0x07,
    0x82, 0xD0, 0x00, 0x00, 0x00, 0x0B, 0xFE, 0x00, 0x1F, 0x07, 0xD0, 0x0F, 0x02, 0xF0, 0x00, 0x02,
    0xF0, 0x01, 0xBF, 0xF0, 0x1F, 0x92, 0xF0, 0x3E, 0x02, 0xF0, 0x7C, 0x02, 0xF0, 0x3E, 0x07, 0xF0,
    0x0B, 0xF8, 0xBE, 0x01, 0xFC, 0x00, 0x03, 0x06, 0x00, 0x03, 0x06, 0x00, 0x01, 0xFC, 0x00, 0x0B,
    0xFE, 0x00, 0x1F, 0x07, 0xD0, 0x0F, 0x02, 0xF0, 0x00, 0x02, 0xF0, 0x01, 0xBF, 0xF0, 0x1F, 0x92,
    0xF0, 0x3E, 0x02, 0xF0, 0x7C, 0x02, 0xF0, 0x3E, 0x07, 0xF0, 0x0B, 0xF8, 0xBE, 0x0B, 0xFE, 0x0B,
    0xF8, 0x07, 0xC1, 0xFF, 0x03, 0xC0, 0xF0, 0x2F, 0x00, 0xB4, 0x00, 0x07, 0xC0, 0x1E, 0x01, 0xBF,
    0xFF, 0xFF, 0x83, 0xE4, 0x7C, 0x00, 0x03, 0xE0, 0x0F, 0x00, 0x00, 0xF4, 0x03, 0xE0, 0x00, 0x3E,
    0x07, 0xFE, 0x06, 0x82, 0xFF, 0x41, 0xFF, 0x40, 0x01, 0xFF, 0x80, 0x3E, 0x0B, 0x82, 0xF0, 0x2D,
    0x0F, 0x80, 0x00, 0x3E, 0x00, 0x00, 0xF8, 0x00, 0x03, 0xE0, 0x00, 0x0B, 0xC0, 0x0C, 0x0B, 0x80,
    0xD0, 0x06, 0xF8, 0x00, 0x03, 0xE0, 0x00, 0x01, 0xF0, 0x00, 0x0B, 0xC0, 0x0F, 0xF8, 0x00, 0x00,
    0xF0, 0x00, 0x03, 0xF4, 0x00, 0x01, 0xB0, 0x00, 0x00, 0x00, 0x02, 0xFF, 0x40, 0x3D, 0x0B, 0x83,
    0xE0, 0x0F, 0x0F, 0x40, 0x2D, 0x7F, 0xFF, 0xF5, 0xF4, 0x00, 0x03, 0xE0, 0x00, 0x0B, 0xC0, 0x00,
    0x0F, 0x80, 0x70, 0x07, 0xFE, 0x00, 0x00, 0x1D, 0x00, 0x02, 0xF8, 0x00, 0x2E, 0x40, 0x00, 0x00,
    0x00, 0x02, 0xFF, 0x40, 0x3D, 0x0B, 0x42, 0xE0, 0x0F, 0x0F, 0x40, 0x2D, 0x7F, 0xFF, 0xF5, 0xF4,
    0x00, 0x03, 0xE0, 0x00, 0x0B, 0xC0, 0x00, 0x0F, 0x80, 0x70, 0x07, 0xFE, 0x00, 0x00, 0x20, 0x00,
    0x03, 0xF0, 0x00, 0x38, 0xB0, 0x02, 0x40, 0x60, 0x02, 0xFF, 0x40, 0x3D, 0x0B, 0x83, 0xE0, 0x0F,
    0x0F, 0x40, 0x2D, 0x7F, 0xFF, 0xF5, 0xF4, 0x00, 0x03, 0xE0, 0x00, 0x0B, 0xC0, 0x00, 0x0F, 0x80,
    0x70, 0x07, 0xFE, 0x00, 0x0F, 0x47, 0xC0, 0x7E, 0x2F, 0x40, 0xF4, 0x7C, 0x00, 0x00, 0x00, 0x02,
    0xFF, 0x40, 0x3D, 0x0B, 0x83, 0xE0, 0x0F, 0x0F, 0x40, 0x2D, 0x7F, 0xFF, 0xF5, 0xF4, 0x00, 0x03,
    0xE0, 0x00, 0x0B, 0xC0, 0x00, 0x0F, 0x80, 0x70, 0x07, 0xFE, 0x00, 0x2D, 0x00, 0x3F, 0x40, 0x06,
    0xD0, 0x00, 0x00, 0x0F, 0xE0, 0x02, 0xE0, 0x02, 0xE0, 0x02, 0xE0, 0x02, 0xE0, 0x02, 0xE0, 0x02,
    0xE0, 0x02, 0xE0, 0x02, 0xE0, 0x0F, 0xFC, 0x00, 0xB4, 0x0F, 0xD0, 0xF8, 0x00, 0x00, 0x3F, 0x80,
    0x2E, 0x00, 0xB8, 0x02, 0xE0, 0x0B, 0x80, 0x2E, 0x00, 0xB8, 0x02, 0xE0, 0x0B, 0x80, 0xFF, 0xC0,
    0x02, 0x00, 0x3F, 0x03, 0x8B, 0x28, 0x06, 0x3F, 0x80, 0x2E, 0x00, 0xB8, 0x02, 0xE0, 0x0B, 0x80,
    0x2E, 0x00, 0xB8, 0x02, 0xE0, 0x0B, 0x80, 0xFF, 0xC0, 0x7C, 0x2E, 0x2F, 0x4F, 0xC7, 0xC2, 0xE0,
    0x00, 0x00, 0x1F, 0xD0, 0x00, 0xF4, 0x00, 0x3D, 0x00, 0x0F, 0x40, 0x03, 0xD0, 0x00, 0xF4, 0x00,
    0x3D, 0x00, 0x0F, 0x40, 0x03, 0xD0, 0x07, 0xFE, 0x00, 0x01, 0xFF, 0x40, 0x00, 0x7F, 0x80, 0x00,
    0xDB, 0xE0, 0x00, 0x02, 0xF4, 0x01, 0xFE, 0xFC, 0x0F, 0x82, 0xFC, 0x2E, 0x00, 0xFD, 0x3D, 0x00,
    0x7D, 0x7D, 0x00, 0x7D, 0x7D, 0x00, 0x7D, 0x3D, 0x00, 0x7C, 0x3E, 0x00, 0xBC, 0x0F, 0x81, 0xF0,
    0x02, 0xFF, 0x80, 0x00, 0xB9, 0x08, 0x00, 0x53, 0xFD, 0x00, 0x20, 0x2E, 0x00, 0x00, 0x00, 0x00,
    0x3F, 0x8B, 0xF4, 0x02, 0xED, 0x1F, 0x00, 0xBD, 0x03, 0xD0, 0x2F, 0x00, 0xF4, 0x0B, 0xC0, 0x3D,
    0x02, 0xF0, 0x0F, 0x40, 0xBC, 0x03, 0xD0, 0x2F, 0x00, 0xF4, 0x0B, 0xC0, 0x3D, 0x0F, 0xFC, 0x7F,
    0xF0, 0x00, 0xF0, 0x00, 0x00, 0xFC, 0x00, 0x00, 0x2F, 0x00, 0x00, 0x00, 0x00, 0x01, 0xFF, 0x80,
    0x0F, 0x41, 0xF0, 0x2E, 0x00, 0xB8, 0x3D, 0x00, 0x7C, 0x7D, 0x00, 0x7D, 0x7D, 0x00, 0x7D, 0x3D,
    0x00, 0x7C, 0x3E, 0x00, 0xBC, 0x0F, 0x41, 0xF0, 0x02, 0xFF, 0x80, 0x00, 0x0F, 0x00, 0x00, 0x3F,
    0x00, 0x00, 0xF8, 0x00, 0x00, 0x00, 0x00, 0x01, 0xFF, 0x80, 0x0F, 0x41, 0xF0, 0x2E, 0x00, 0xB8,
    0x3D, 0x00, 0x7C, 0x7D, 0x00, 0x7D, 0x7D, 0x00, 0x7D, 0x3D, 0x00, 0x7C, 0x3E, 0x00, 0xBC, 0x0F,
    0x41, 0xF0, 0x02, 0xFF, 0x80, 0x00, 0x14, 0x00, 0x00, 0x7D, 0x00, 0x01, 0xD7, 0x40, 0x03, 0x00,
    0xC0, 0x01, 0xFF, 0x80, 0x0F, 0x41, 0xF0, 0x2E, 0x00, 0xB8, 0x3D, 0x00, 0x7C, 0x7D, 0x00, 0x7D,
    0x7D, 0x00, 0x7D, 0x3D, 0x00, 0x7C, 0x3E, 0x00, 0xBC, 0x0F, 0x41, 0xF0, 0x02, 0xFF, 0x80, 0x02,
    0xF4, 0x20, 0x05, 0x3F, 0xD0, 0x08, 0x0B, 0x80, 0x00, 0x00, 0x00, 0x01, 0xFF, 0x80, 0x0F, 0x41,
    0xF0, 0x2E, 0x00, 0xB8, 0x3D, 0x00, 0x7C, 0x7D, 0x00, 0x7D, 0x7D, 0x00, 0x7D, 0x3D, 0x00, 0x7C,
    0x3E, 0x00, 0xBC, 0x0F, 0x41, 0xF0, 0x02, 0xFF, 0x80, 0x07, 0x82, 0xD0, 0x0F, 0xC3, 0xF0, 0x07,
    0x82, 0xD0, 0x00, 0x00, 0x00, 0x01, 0xFF, 0x80, 0x0F, 0x41, 0xF0, 0x2E, 0x00, 0xB8, 0x3D, 0x00,
    0x7C, 0x7D, 0x00, 0x7D, 0x7D, 0x00, 0x7D, 0x3D, 0x00, 0x7C, 0x3E, 0x00, 0xBC, 0x0F, 0x41, 0xF0,
    0x02, 0xFF, 0x80, 0x00, 0x02, 0xE0, 0x00, 0x00, 0x02, 0xFC, 0x00, 0x00, 0x00, 0xBF, 0x00, 0x00,
    0x00, 0x0B, 0x80, 0x00, 0x00, 0x00, 0x00, 0x00, 0x00, 0x00, 0x00, 0x00, 0x07, 0xFF, 0xFF, 0xFF,
    0xF0, 0x00, 0x00, 0x00, 0x00, 0x00, 0x00, 0x00, 0x00, 0x00, 0x00, 0x00, 0x00, 0x00, 0x00, 0x2E,
    0x00, 0x00, 0x00, 0x2F, 0xC0, 0x00, 0x00, 0x0B, 0xF0, 0x00, 0x00, 0x00, 0xB8, 0x00, 0x00, 0x00,
    0x00, 0x14, 0x00, 0x00, 0x30, 0x01, 0xFF, 0xD0, 0x0F, 0x42, 0xE0, 0x2D, 0x03, 0xB8, 0x3C, 0x05,
    0x3C, 0x7C, 0x0C, 0x3D, 0x7C, 0x20, 0x3D, 0x3C, 0x60, 0x3C, 0x2D, 0xC0, 0x7C, 0x0B, 0x81, 0xF0,
    0x03, 0xFF, 0x80, 0x0C, 0x00, 0x00, 0x04, 0x00, 0x00, 0x00, 0x00, 0x00, 0x00, 0x74, 0x00, 0x00,
    0x2F, 0x80, 0x00, 0x02, 0xF8, 0x00, 0x00, 0x01, 0x00, 0x3F, 0xC1, 0xFD, 0x02, 0xF0, 0x0F, 0x40,
    0xBC, 0x03, 0xD0, 0x2F, 0x00, 0xF4, 0x0B, 0xC0, 0x3D, 0x02, 0xF0, 0x0F, 0x40, 0xBC, 0x03, 0xD0,
    0x2F, 0x01, 0xF4, 0x07, 0xC1, 0xFE, 0x00, 0x7F, 0xCF, 0xF0, 0x00, 0x00, 0x00, 0x00, 0x03, 0xC0,
    0x00, 0x03, 0xF0, 0x00, 0x03, 0xE4, 0x00, 0x00, 0x40, 0x00, 0x3F, 0xC1, 0xFD, 0x02, 0xF0, 0x0F,
    0x40, 0xBC, 0x03, 0xD0, 0x2F, 0x00, 0xF4, 0x0B, 0xC0, 0x3D, 0x02, 0xF0, 0x0F, 0x40, 0xBC, 0x03,
    0xD0, 0x2F, 0x01, 0xF4, 0x07, 0xC1, 0xFE, 0x00, 0x7F, 0xCF, 0xF0, 0x00, 0x00, 0x00, 0x00, 0x05,
    0x00, 0x00, 0x0B, 0xD0, 0x00, 0x0B, 0x1D, 0x00, 0x03, 0x00, 0xC0, 0x3F, 0xC1, 0xFD, 0x02, 0xF0,
    0x0F, 0x40, 0xBC, 0x03, 0xD0, 0x2F, 0x00, 0xF4, 0x0B, 0xC0, 0x3D, 0x02, 0xF0, 0x0F, 0x40, 0xBC,
    0x03, 0xD0, 0x2F, 0x01, 0xF4, 0x07, 0xC1, 0xFE, 0x00, 0x7F, 0xCF, 0xF0, 0x00, 0x00, 0x00, 0x02,
    0xE0, 0xF4, 0x00, 0xFC, 0x7F, 0x00, 0x2E, 0x0F, 0x40, 0x00, 0x00, 0x00, 0x3F, 0xC1, 0xFD, 0x02,
    0xF0, 0x0F, 0x40, 0xBC, 0x03, 0xD0, 0x2F, 0x00, 0xF4, 0x0B, 0xC0, 0x3D, 0x02, 0xF0, 0x0F, 0x40,
    0xBC, 0x03, 0xD0, 0x2F, 0x01, 0xF4, 0x07, 0xC1, 0xFE, 0x00, 0x7F, 0xCF, 0xF0, 0x00, 0x00, 0x00,
    0x00, 0x01, 0xE0, 0x00, 0x02, 0xFC, 0x00, 0x01, 0xE4, 0x00, 0x00, 0x00, 0x00, 0x7F, 0xE0, 0x7F,
    0x03, 0xE0, 0x0A, 0x00, 0x7C, 0x03, 0x00, 0x0F, 0x81, 0x80, 0x01, 0xF0, 0xC0, 0x00, 0x3D, 0x70,
    0x00, 0x0B, 0xF4, 0x00, 0x00, 0xFC, 0x00, 0x00, 0x2D, 0x00, 0x00, 0x07, 0x00, 0x00, 0x02, 0x40,
    0x01, 0xE0, 0xC0, 0x00, 0x78, 0xD0, 0x00, 0x0B, 0xD0, 0x00, 0x00, 0x00, 0x00, 0x00, 0x1F, 0xD0,
    0x00, 0x00, 0xF4, 0x00, 0x00, 0x3D, 0x00, 0x00, 0x0F, 0x40, 0x00, 0x03, 0xD7, 0xF8, 0x00, 0xFE,
    0x07, 0xD0, 0x3E, 0x00, 0xBC, 0x0F, 0x80, 0x1F, 0x43, 0xE0, 0x03, 0xE0, 0xF8, 0x00, 0xF8, 0x3E,
    0x00, 0x7D, 0x0F, 0x80, 0x2F, 0x03, 0xF8, 0x2F, 0x00, 0xF9, 0xFE, 0x00, 0x3E, 0x00, 0x00, 0x0F,
    0x80, 0x00, 0x03, 0xE0, 0x00, 0x07, 0xFF, 0x00, 0x00, 0x03, 0xC1, 0xE0, 0x02, 0xF8, 0xFD, 0x00,
    0x3C, 0x1F, 0x00, 0x00, 0x00, 0x00, 0x7F, 0xE0, 0x7F, 0x03, 0xE0, 0x0A, 0x00, 0x7C, 0x03, 0x00,
    0x0F, 0x81, 0x80, 0x01, 0xF0, 0xC0, 0x00, 0x3D, 0x70, 0x00, 0x0B, 0xF4, 0x00, 0x00, 0xFC, 0x00,
    0x00, 0x2D, 0x00, 0x00, 0x07, 0x00, 0x00, 0x02, 0x40, 0x01, 0xE0, 0xC0, 0x00, 0x78, 0xD0, 0x00,
    0x0B, 0xD0, 0x00, 0x00, 0x00, 0xFF, 0xFF, 0xF0, 0x00, 0x00, 0x00, 0x00, 0x00, 0x00, 0x00, 0x00,
    0x00, 0x00, 0x00, 0x00, 0x00, 0x00, 0x00, 0x00, 0xB0, 0x00, 0x00, 0x00, 0x0F, 0x40, 0x00, 0x00,
    0x02, 0xFC, 0x00, 0x00, 0x00, 0x3F, 0xC0, 0x00, 0x00, 0x07, 0x7E, 0x00, 0x00, 0x00, 0xD3, 0xF0,
    0x00, 0x00, 0x1C, 0x2F, 0x80, 0x00, 0x02, 0x40, 0xFC, 0x00, 0x00, 0x30, 0x0B, 0xD0, 0x00, 0x0B,
    0xFF, 0xFF, 0x00, 0x00, 0xC0, 0x03, 0xF0, 0x00, 0x18, 0x00, 0x1F, 0x80, 0x03, 0x40, 0x00, 0xFC,
    0x03, 0xFF, 0x00, 0xBF, 0xFD, 0x3F, 0xFF, 0xE0, 0x00, 0x00, 0x00, 0x00, 0x00, 0x00, 0x0B, 0xFE,
    0x00, 0x1F, 0x07, 0xD0, 0x0F, 0x02, 0xF0, 0x00, 0x02, 0xF0, 0x01, 0xBF, 0xF0, 0x1F, 0x92, 0xF0,
    0x3E, 0x02, 0xF0, 0x7C, 0x02, 0xF0, 0x3E, 0x07, 0xF0, 0x0B, 0xF8, 0xBE, 0x00, 0x18, 0x01, 0x80,
    0x00, 0x00, 0x7F, 0xE0, 0x00, 0x00, 0x00, 0x00, 0x00, 0x00, 0x00, 0x00, 0x00, 0x00, 0x00, 0x00,
    0xB0, 0x00, 0x00, 0x00, 0x0F, 0x40, 0x00, 0x00, 0x02, 0xFC, 0x00, 0x00, 0x00, 0x3F, 0xC0, 0x00,
    0x00, 0x07, 0x7E, 0x00, 0x00, 0x00, 0xD3, 0xF0, 0x00, 0x00, 0x1C, 0x2F, 0x80, 0x00, 0x02, 0x40,
    0xFC, 0x00, 0x00, 0x30, 0x0B, 0xD0, 0x00, 0x0B, 0xFF, 0xFF, 0x00, 0x00, 0xC0, 0x03, 0xF0, 0x00,
    0x18, 0x00, 0x1F, 0x80, 0x03, 0x40, 0x00, 0xFC, 0x03, 0xFF, 0x00, 0xBF, 0xFD, 0x08, 0x00, 0x20,
    0x03, 0x41, 0xC0, 0x00, 0xBE, 0x00, 0x0B, 0xFE, 0x00, 0x1F, 0x07, 0xD0, 0x0F, 0x02, 0xF0, 0x00,
    0x02, 0xF0, 0x01, 0xBF, 0xF0, 0x1F, 0x92, 0xF0, 0x3E, 0x02, 0xF0, 0x7C, 0x02, 0xF0, 0x3E, 0x07,
    0xF0, 0x0B, 0xF8, 0xBE, 0x00, 0x00, 0xB0, 0x00, 0x00, 0x00, 0x0F, 0x40, 0x00, 0x00, 0x02, 0xFC,
    0x00, 0x00, 0x00, 0x3F, 0xC0, 0x00, 0x00, 0x06, 0x7E, 0x00, 0x00, 0x00, 0xD3, 0xF0, 0x00, 0x00,
    0x1C, 0x2F, 0x80, 0x00, 0x03, 0x40, 0xFC, 0x00, 0x00, 0x30, 0x0B, 0xD0, 0x00, 0x0B, 0xFF, 0xFF,
    0x00, 0x00, 0xC0, 0x03, 0xF0, 0x00, 0x28, 0x00, 0x1F, 0x80, 0x03, 0x40, 0x00, 0xFC, 0x03, 0xFF,
    0x00, 0xFF, 0xFD, 0x00, 0x00, 0x00, 0x34, 0x00, 0x00, 0x00, 0x0B, 0x00, 0x00, 0x00, 0x00, 0xB4,
    0x00, 0x00, 0x00, 0x02, 0xF4, 0x0B, 0xFE, 0x00, 0x1F, 0x07, 0xC0, 0x0F, 0x02, 0xF0, 0x00, 0x02,
    0xF0, 0x01, 0xBF, 0xF0, 0x1F, 0x92, 0xF0, 0x3D, 0x02, 0xF0, 0x7C, 0x02, 0xF0, 0x3E, 0x06, 0xF4,
    0x0B, 0xF8, 0xBE, 0x00, 0x01, 0xC0, 0x00, 0x03, 0xC0, 0x00, 0x03, 0xD0, 0x00, 0x00, 0xFD, 0x00,
    0x00, 0x00, 0x00, 0x00, 0x00, 0x7C, 0x00, 0x00, 0x02, 0xFC, 0x00, 0x00, 0x07, 0xA4, 0x00, 0x00,
    0x00, 0x00, 0x00, 0x00, 0x2F, 0xFD, 0x0C, 0x02, 0xF8, 0x02, 0xFC, 0x0F, 0xC0, 0x00, 0x7C, 0x2F,
    0x40, 0x00, 0x1C, 0x3F, 0x00, 0x00, 0x0C, 0x7E, 0x00, 0x00, 0x00, 0xBE, 0x00, 0x00, 0x00, 0xBE,
    0x00, 0x00, 0x00, 0x7E, 0x00, 0x00, 0x00, 0x3F, 0x00, 0x00, 0x0C, 0x2F, 0x40, 0x00, 0x0C, 0x0F,
    0xC0, 0x00, 0x34, 0x02, 0xF8, 0x01, 0xD0, 0x00, 0x2F, 0xFE, 0x00, 0x00, 0x0B, 0x40, 0x00, 0xBE,
    0x00, 0x0B, 0x90, 0x00, 0x00, 0x00, 0x01, 0xFF, 0x80, 0x3E, 0x0B, 0x82, 0xF0, 0x2D, 0x0F, 0x80,
    0x00, 0x3D, 0x00, 0x00, 0xF8, 0x00, 0x03, 0xE0, 0x00, 0x0B, 0xC0, 0x00, 0x0F, 0x80, 0x70, 0x07,
    0xFE, 0x00, 0x00, 0x00, 0x90, 0x00, 0x00, 0x03, 0xF8, 0x00, 0x00, 0x0E, 0x1E, 0x00, 0x00, 0x04,
    0x01, 0x00, 0x00, 0x00, 0x00, 0x00, 0x00, 0x2F, 0xFD, 0x0C, 0x02, 0xF8, 0x02, 0xFC, 0x0F, 0xC0,
    0x00, 0x7C, 0x2F, 0x40, 0x00, 0x1C, 0x3F, 0x00, 0x00, 0x0C, 0x7E, 0x00, 0x00, 0x00, 0xBE, 0x00,
    0x00, 0x00, 0xBE, 0x00, 0x00, 0x00, 0x7E, 0x00, 0x00, 0x00, 0x3F, 0x00, 0x00, 0x0C, 0x2F, 0x40,
    0x00, 0x0C, 0x0F, 0xC0, 0x00, 0x34, 0x02, 0xF8, 0x01, 0xD0, 0x00, 0x2F, 0xFE, 0x00, 0x00, 0x14,
    0x00, 0x01, 0xF8, 0x00, 0x1D, 0x38, 0x00, 0xC0, 0x30, 0x01, 0xFF, 0x80, 0x3E, 0x0B, 0x82, 0xF0,
    0x2D, 0x0F, 0x80, 0x00, 0x3D, 0x00, 0x00, 0xF8, 0x00, 0x03, 0xE0, 0x00, 0x0B, 0xC0, 0x00, 0x0F,
    0x80, 0x70, 0x07, 0xFE, 0x00, 0x00, 0x01, 0xF0, 0x00, 0x00, 0x03, 0xF4, 0x00, 0x00, 0x01, 0xF0,
    0x00, 0x00, 0x00, 0x00, 0x00, 0x00, 0x00, 0x00, 0x00, 0x00, 0x2F, 0xFD, 0x0C, 0x02, 0xF8, 0x02,
    0xFC, 0x0F, 0xC0, 0x00, 0x7C, 0x2F, 0x40, 0x00, 0x1C, 0x3F, 0x00, 0x00, 0x0C, 0x7E, 0x00, 0x00,
    0x00, 0xBE, 0x00, 0x00, 0x00, 0xBE, 0x00, 0x00, 0x00, 0x7E, 0x00, 0x00, 0x00, 0x3F, 0x00, 0x00,
    0x0C, 0x2F, 0x40, 0x00, 0x0C, 0x0F, 0xC0, 0x00, 0x34, 0x02, 0xF8, 0x01, 0xD0, 0x00, 0x2F, 0xFE,
    0x00, 0x00, 0x3D, 0x00, 0x01, 0xF8, 0x00, 0x03, 0xD0, 0x00, 0x00, 0x00, 0x01, 0xFF, 0x80, 0x3E,
    0x0B, 0x82, 0xF0, 0x2D, 0x0F, 0x80, 0x00, 0x3D, 0x00, 0x00, 0xF8, 0x00, 0x03, 0xE0, 0x00, 0x0B,
    0xC0, 0x00, 0x0F, 0x80, 0x70, 0x07, 0xFE, 0x00, 0x00, 0x0E, 0x06, 0x80, 0x00, 0x07, 0xFE, 0x00,
    0x00, 0x00, 0xB4, 0x00, 0x00, 0x00, 0x00, 0x00, 0x00, 0x00, 0x00, 0x00, 0x00, 0x2F, 0xFD, 0x0C,
    0x02, 0xF8, 0x02, 0xFC, 0x0F, 0xC0, 0x00, 0x7C, 0x2F, 0x40, 0x00, 0x1C, 0x3F, 0x00, 0x00, 0x0C,
    0x7E, 0x00, 0x00, 0x00, 0xBE, 0x00, 0x00, 0x00, 0xBE, 0x00, 0x00, 0x00, 0x7E, 0x00, 0x00, 0x00,
    0x3F, 0x00, 0x00, 0x0C, 0x2F, 0x40, 0x00, 0x0C, 0x0F, 0xC0, 0x00, 0x34, 0x02, 0xF8, 0x01, 0xD0,
    0x00, 0x2F, 0xFE, 0x00, 0x06, 0x00, 0x50, 0x0B, 0x5E, 0x00, 0x0B, 0xE0, 0x00, 0x0A, 0x00, 0x01,
    0xFF, 0x80, 0x3E, 0x0B, 0x82, 0xF0, 0x2D, 0x0F, 0x80, 0x00, 0x3D, 0x00, 0x00, 0xF8, 0x00, 0x03,
    0xE0, 0x00, 0x0B, 0xC0, 0x00, 0x0F, 0x80, 0x70, 0x07, 0xFE, 0x00, 0x00, 0x74, 0x19, 0x00, 0x00,
    0x02, 0xFF, 0x80, 0x00, 0x00, 0x02, 0x80, 0x00, 0x00, 0x00, 0x00, 0x00, 0x00, 0x00, 0x00, 0x00,
    0x00, 0x03, 0xFF, 0xFF, 0xF8, 0x00, 0x03, 0xF0, 0x02, 0xF8, 0x00, 0x3F, 0x00, 0x03, 0xE0, 0x03,
    0xF0, 0x00, 0x2F, 0x40, 0x3F, 0x00, 0x00, 0xF8, 0x03, 0xF0, 0x00, 0x0F, 0xC0, 0x3F, 0x00, 0x00,
    0xFC, 0x03, 0xF0, 0x00, 0x0F, 0xC0, 0x3F, 0x00, 0x00, 0xFC, 0x03, 0xF0, 0x00, 0x0F, 0xC0, 0x3F,
    0x00, 0x01, 0xF4, 0x03, 0xF0, 0x00, 0x3E, 0x00, 0x3F, 0x00, 0x1F, 0x80, 0x3F, 0xFF, 0xFF, 0x80,
    0x00, 0x00, 0x00, 0x00, 0x7C, 0x00, 0x02, 0xFC, 0xFE, 0x00, 0x00, 0x3C, 0x7E, 0x00, 0x00, 0x3C,
    0x08, 0x00, 0x00, 0x3C, 0x20, 0x01, 0xFE, 0x7C, 0x00, 0x0B, 0x81, 0xFC, 0x00, 0x2F, 0x00, 0x7C,
    0x00, 0x3E, 0x00, 0x3C, 0x00, 0x3E, 0x00, 0x3C, 0x00, 0x3D, 0x00, 0x3C, 0x00, 0x3E, 0x00, 0x3C,
    0x00, 0x2F, 0x00, 0x3C, 0x00, 0x0F, 0x81, 0xFD, 0x00, 0x02, 0xFE, 0x7F, 0x80, 0x3F, 0xFF, 0xFF,
    0x80, 0x00, 0x3F, 0x00, 0x2F, 0x80, 0x03, 0xF0, 0x00, 0x3E, 0x00, 0x3F, 0x00, 0x01, 0xF4, 0x03,
    0xF0, 0x00, 0x0F, 0xC0, 0x3F, 0x00, 0x00, 0xFC, 0x03, 0xF0, 0x00, 0x0F, 0xC3, 0xFF, 0xFF, 0x00,
    0xFC, 0x03, 0xF0, 0x00, 0x0F, 0xC0, 0x3F, 0x00, 0x00, 0xFC, 0x03, 0xF0, 0x00, 0x1F, 0x40, 0x3F,
    0x00, 0x03, 0xE0, 0x03, 0xF0, 0x01, 0xF8, 0x03, 0xFF, 0xFF, 0xF8, 0x00, 0x00, 0x02, 0xFC, 0x00,
    0x00, 0x0F, 0x00, 0x0F, 0xFF, 0xF4, 0x00, 0x00, 0xF0, 0x01, 0xFE, 0x7C, 0x03, 0xE0, 0x7F, 0x02,
    0xF0, 0x07, 0xC0, 0xF8, 0x00, 0xF0, 0x3D, 0x00, 0x3C, 0x0F, 0x40, 0x0F, 0x03, 0xE0, 0x03, 0xC0,
    0xBC, 0x01, 0xF0, 0x0F, 0x81, 0xFD, 0x00, 0xBF, 0x9F, 0xE0, 0x03, 0xFF, 0xFF, 0xC0, 0x00, 0x00,
    0x00, 0x00, 0x00, 0x00, 0x00, 0x00, 0x00, 0x00, 0x00, 0x00, 0x3F, 0xFF, 0xFF, 0xF0, 0x03, 0xF0,
    0x01, 0xF0, 0x03, 0xF0, 0x00, 0x30, 0x03, 0xF0, 0x00, 0x34, 0x03, 0xF0, 0x24, 0x24, 0x03, 0xF0,
    0x34, 0x00, 0x03, 0xFF, 0xF4, 0x00, 0x03, 0xF0, 0x34, 0x00, 0x03, 0xF0, 0x24, 0x00, 0x03, 0xF0,
    0x00, 0x0C, 0x03, 0xF0, 0x00, 0x1C, 0x03, 0xF0, 0x00, 0x38, 0x03, 0xF0, 0x01, 0xF8, 0x3F, 0xFF,
    0xFF, 0xF4, 0x2F, 0xFF, 0xF0, 0x00, 0x00, 0x00, 0x00, 0x00, 0x00, 0xBF, 0xD0, 0x0F, 0x42, 0xE0,
    0xF8, 0x03, 0xC3, 0xD0, 0x0B, 0x5F, 0xFF, 0xFD, 0x7D, 0x00, 0x00, 0xF8, 0x00, 0x02, 0xF0, 0x00,
    0x03, 0xE0, 0x1C, 0x01, 0xFF, 0x80, 0x00, 0x03, 0xC0, 0x00, 0x00, 0x0B, 0xE0, 0x00, 0x00, 0x03,
    0xC0, 0x00, 0x00, 0x00, 0x00, 0x00, 0x00, 0x00, 0x00, 0x00, 0x3F, 0xFF, 0xFF, 0xF0, 0x03, 0xF0,
    0x01, 0xF0, 0x03, 0xF0, 0x00, 0x30, 0x03, 0xF0, 0x00, 0x34, 0x03, 0xF0, 0x24, 0x24, 0x03, 0xF0,
    0x34, 0x00, 0x03, 0xFF, 0xF4, 0x00, 0x03, 0xF0, 0x34, 0x00, 0x03, 0xF0, 0x24, 0x00, 0x03, 0xF0,
    0x00, 0x0C, 0x03, 0xF0, 0x00, 0x1C, 0x03, 0xF0, 0x00, 0x38, 0x03, 0xF0, 0x01, 0xF8, 0x3F, 0xFF,
    0xFF, 0xF4, 0x00, 0x7C, 0x00, 0x02, 0xF4, 0x00, 0x07, 0xC0, 0x00, 0x00, 0x00, 0x02, 0xFF, 0x40,
    0x3D, 0x0B, 0x83, 0xE0, 0x0F, 0x0F, 0x40, 0x2D, 0x7F, 0xFF, 0xF5, 0xF4, 0x00, 0x03, 0xE0, 0x00,
    0x0B, 0xC0, 0x00, 0x0F, 0x80, 0x70, 0x07, 0xFE, 0x00, 0x3F, 0xFF, 0xFF, 0xF0, 0x03, 0xF0, 0x01,
    0xF0, 0x03, 0xF0, 0x00, 0x30, 0x03, 0xF0, 0x00, 0x34, 0x03, 0xF0, 0x24, 0x24, 0x03, 0xF0, 0x34,
    0x00, 0x03, 0xFF, 0xF4, 0x00, 0x03, 0xF0, 0x34, 0x00, 0x03, 0xF0, 0x24, 0x00, 0x03, 0xF0, 0x00,
    0x0C, 0x03, 0xF0, 0x00, 0x0C, 0x03, 0xF0, 0x00, 0x28, 0x03, 0xF0, 0x01, 0xB8, 0x3F, 0xFF, 0xFF,
    0xF4, 0x00, 0x00, 0x0B, 0x00, 0x00, 0x00, 0x0D, 0x00, 0x00, 0x00, 0x0F, 0x00, 0x00, 0x00, 0x07,
    0xF0, 0x02, 0xFF, 0x40, 0x3D, 0x0B, 0x43, 0xE0, 0x0F, 0x0F, 0x40, 0x2D, 0x7F, 0xFF, 0xF5, 0xF4,
    0x00, 0x03, 0xD0, 0x00, 0x0B, 0xC0, 0x0C, 0x0F, 0x80, 0xA0, 0x07, 0xFD, 0x00, 0x00, 0xC0, 0x00,
    0x0B, 0x00, 0x00, 0x2D, 0x00, 0x00, 0x2F, 0x40, 0x00, 0xE0, 0x68, 0x00, 0x00, 0x7F, 0xE0, 0x00,
    0x00, 0x0B, 0x40, 0x00, 0x00, 0x00, 0x00, 0x00, 0x00, 0x00, 0x00, 0x00, 0x3F, 0xFF, 0xFF, 0xF0,
    0x03, 0xF0, 0x01, 0xF0, 0x03, 0xF0, 0x00, 0x30, 0x03, 0xF0, 0x00, 0x34, 0x03, 0xF0, 0x24, 0x24,
    0x03, 0xF0, 0x34, 0x00, 0x03, 0xFF, 0xF4, 0x00, 0x03, 0xF0, 0x34, 0x00, 0x03, 0xF0, 0x24, 0x00,
    0x03, 0xF0, 0x00, 0x0C, 0x03, 0xF0, 0x00, 0x1C, 0x03, 0xF0, 0x00, 0x38, 0x03, 0xF0, 0x01, 0xF8,
    0x3F, 0xFF, 0xFF, 0xF4, 0x05, 0x00, 0x80, 0x0F, 0x5D, 0x00, 0x0B, 0xD0, 0x00, 0x09, 0x00, 0x02,
    0xFF, 0x40, 0x3D, 0x0B, 0x83, 0xE0, 0x0F, 0x0F, 0x40, 0x2D, 0x7F, 0xFF, 0xF5, 0xF4, 0x00, 0x03,
    0xE0, 0x00, 0x0B, 0xC0, 0x00, 0x0F, 0x80, 0x70, 0x07, 0xFE, 0x00, 0x00, 0x00, 0x90, 0x00, 0x00,
    0x00, 0xFE, 0x00, 0x00, 0x00, 0xE1, 0xE0, 0x00, 0x00, 0x10, 0x04, 0x00, 0x00, 0x00, 0x00, 0x00,
    0x00, 0x0B, 0xFF, 0x43, 0x00, 0x2F, 0x80, 0x2F, 0xC0, 0x3F, 0x00, 0x01, 0xF0, 0x3F, 0x00, 0x00,
    0x2C, 0x1F, 0xC0, 0x00, 0x03, 0x0B, 0xE0, 0x00, 0x00, 0x02, 0xF8, 0x00, 0x00, 0x00, 0xBE, 0x00,
    0x00, 0x00, 0x1F, 0x80, 0x0F, 0xFF, 0xF3, 0xF0, 0x00, 0x0F, 0xC0, 0xBD, 0x00, 0x03, 0xF0, 0x0F,
    0xC0, 0x00, 0xFC, 0x00, 0xBE, 0x40, 0xBF, 0x00, 0x02, 0xFF, 0xD1, 0xC0, 0x00, 0x20, 0x00, 0x00,
    0xF8, 0x00, 0x03, 0x8F, 0x00, 0x09, 0x02, 0x40, 0x02, 0xFD, 0x7D, 0x0F, 0x07, 0xCE, 0x2E, 0x03,
    0xD0, 0x3E, 0x03, 0xD0, 0x2E, 0x03, 0xD0, 0x0F, 0x07, 0xC0, 0x0E, 0xFE, 0x00, 0x1C, 0x00, 0x00,
    0x0F, 0xFF, 0xD0, 0x0F, 0xFF, 0xFC, 0x38, 0x00, 0x3D, 0x78, 0x00, 0x2D, 0x2E, 0x00, 0x7C, 0x06,
    0xFF, 0xD0, 0x00, 0x24, 0x02, 0x40, 0x00, 0x02, 0xFF, 0x40, 0x00, 0x00, 0x00, 0x00, 0x00, 0x00,
    0x00, 0x00, 0x00, 0x00, 0x2F, 0xFF, 0xAC, 0x00, 0xBE, 0x40, 0x1F, 0x00, 0xFC, 0x00, 0x00, 0xC0,
    0xFC, 0x00, 0x00, 0x00, 0x7F, 0x00, 0x00, 0x00, 0x1F, 0x80, 0x00, 0x00, 0x0B, 0xE0, 0x00, 0x00,
    0x02, 0xF8, 0x00, 0x00, 0x00, 0x7E, 0x00, 0x3F, 0xFF, 0xCF, 0xC0, 0x00, 0x3F, 0x02, 0xF4, 0x00,
    0x0F, 0xC0, 0x3F, 0x00, 0x03, 0xF0, 0x02, 0xF8, 0x02, 0xFC, 0x00, 0x0B, 0xFF, 0x40, 0x00, 0x08,
    0x00, 0x20, 0x03, 0x41, 0xC0, 0x00, 0xBE, 0x00, 0x02, 0xFE, 0x7D, 0x0F, 0x07, 0xCE, 0x2E, 0x03,
    0xD0, 0x3E, 0x03, 0xD0, 0x2E, 0x03, 0xD0, 0x0F, 0x07, 0xC0, 0x0E, 0xFE, 0x00, 0x1C, 0x00, 0x00,
    0x0F, 0xFF, 0xD0, 0x0F, 0xFF, 0xFC, 0x38, 0x00, 0x3D, 0x78, 0x00, 0x2D, 0x2E, 0x00, 0x7C, 0x06,
    0xFF, 0xD0, 0x00, 0x01, 0xF0, 0x00, 0x00, 0x00, 0xFD, 0x00, 0x00, 0x00, 0x1F, 0x00, 0x00, 0x00,
    0x00, 0x00, 0x00, 0x00, 0x00, 0x00, 0x00, 0x00, 0x0B, 0xFF, 0x43, 0x00, 0x2F, 0x80, 0x2F, 0xC0,
    0x3F, 0x00, 0x01, 0xF0, 0x3F, 0x00, 0x00, 0x2C, 0x1F, 0xC0, 0x00, 0x03, 0x0B, 0xE0, 0x00, 0x00,
    0x02, 0xF8, 0x00, 0x00, 0x00, 0xBE, 0x00, 0x00, 0x00, 0x1F, 0x80, 0x0F, 0xFF, 0xF3, 0xF0, 0x00,
    0x0F, 0xC0, 0xBD, 0x00, 0x03, 0xF0, 0x0F, 0xC0, 0x00, 0xFC, 0x00, 0xBE, 0x40, 0xBF, 0x00, 0x02,
    0xFF, 0xE1, 0xC0, 0x00, 0xB4, 0x00, 0x00, 0xFC, 0x00, 0x00, 0xB4, 0x00, 0x00, 0x00, 0x00, 0x02,
    0xFE, 0x7D, 0x0F, 0x07, 0xCE, 0x2E, 0x03, 0xD0, 0x3E, 0x03, 0xD0, 0x2E, 0x03, 0xD0, 0x0F, 0x07,
    0xC0, 0x0E, 0xFE, 0x00, 0x1C, 0x00, 0x00, 0x0F, 0xFF, 0xD0, 0x0F, 0xFF, 0xFC, 0x38, 0x00, 0x3D,
    0x78, 0x00, 0x2D, 0x2E, 0x00, 0x7C, 0x06, 0xFF, 0xD0, 0x00, 0x00, 0x20, 0x00, 0x00, 0x00, 0x07,
    0xF4, 0x00, 0x00, 0x00, 0x74, 0xB4, 0x00, 0x00, 0x00, 0x00, 0x00, 0x00, 0x00, 0x00, 0x00, 0x00,
    0x00, 0xFF, 0xFD, 0x1F, 0xFF, 0xC0, 0x3F, 0x00, 0x03, 0xF0, 0x00, 0xFC, 0x00, 0x0F, 0xC0, 0x03,
    0xF0, 0x00, 0x3F, 0x00, 0x0F, 0xC0, 0x00, 0xFC, 0x00, 0x3F, 0x00, 0x03, 0xF0, 0x00, 0xFF, 0xFF,
    0xFF, 0xC0, 0x03, 0xF0, 0x00, 0x3F, 0x00, 0x0F, 0xC0, 0x00, 0xFC, 0x00, 0x3F, 0x00, 0x03, 0xF0,
    0x00, 0xFC, 0x00, 0x0F, 0xC0, 0x03, 0xF0, 0x00, 0x3F, 0x00, 0x0F, 0xC0, 0x00, 0xFC, 0x03, 0xFF,
    0xF4, 0x7F, 0xFF, 0x00, 0x00, 0x05, 0x00, 0x00, 0x0B, 0xD0, 0x00, 0x0B, 0x1D, 0x00, 0x02, 0x00,
    0x80, 0x00, 0x00, 0x00, 0x0F, 0xE0, 0x00, 0x00, 0xB8, 0x00, 0x00, 0x2E, 0x00, 0x00, 0x0B, 0x80,
    0x00, 0x02, 0xE2, 0xFD, 0x00, 0xBA, 0x47, 0xC0, 0x2F, 0x40, 0xF4, 0x0B, 0xC0, 0x3D, 0x02, 0xF0,
    0x0F, 0x40, 0xBC, 0x03, 0xD0, 0x2F, 0x00, 0xF4, 0x0B, 0xC0, 0x3D, 0x02, 0xF0, 0x0F, 0x43, 0xFF,
    0x1F, 0xFC, 0x1F, 0xD0, 0x00, 0x00, 0x3D, 0x00, 0x00, 0x7F, 0xFF, 0x80, 0x00, 0x3D, 0x00, 0x00,
    0x03, 0xD2, 0xF8, 0x00, 0x3D, 0xD2, 0xF0, 0x03, 0xF0, 0x1F, 0x00, 0x3E, 0x01, 0xF0, 0x03, 0xD0,
    0x1F, 0x00, 0x3D, 0x01, 0xF0, 0x03, 0xD0, 0x1F, 0x00, 0x3D, 0x01, 0xF0, 0x03, 0xD0, 0x1F, 0x01,
    0xFF, 0xCB, 0xFE, 0x00, 0x00, 0x00, 0x00, 0xFF, 0xFF, 0xC0, 0x00, 0x00, 0x00, 0x01, 0xFF, 0xFD,
    0x03, 0xF0, 0x00, 0xFC, 0x00, 0x3F, 0x00, 0x0F, 0xC0, 0x03, 0xF0, 0x00, 0xFC, 0x00, 0x3F, 0x00,
    0x0F, 0xC0, 0x03, 0xF0, 0x00, 0xFC, 0x00, 0x3F, 0x00, 0x0F, 0xC0, 0x7F, 0xFF, 0x40, 0xFF, 0xFF,
    0xC0, 0x00, 0x00, 0x00, 0x00, 0x3F, 0x80, 0x02, 0xE0, 0x00, 0xB8, 0x00, 0x2E, 0x00, 0x0B, 0x80,
    0x02, 0xE0, 0x00, 0xB8, 0x00, 0x2E, 0x00, 0x0B, 0x80, 0x0F, 0xFC, 0x00, 0x02, 0xE0, 0x00, 0xFC,
    0x00, 0x2E, 0x00, 0x00, 0x00, 0x00, 0x00, 0x1F, 0xFF, 0xD0, 0x3F, 0x00, 0x0F, 0xC0, 0x03, 0xF0,
    0x00, 0xFC, 0x00, 0x3F, 0x00, 0x0F, 0xC0, 0x03, 0xF0, 0x00, 0xFC, 0x00, 0x3F, 0x00, 0x0F, 0xC0,
    0x03, 0xF0, 0x00, 0xFC, 0x07, 0xFF, 0xF4, 0x3F, 0x80, 0x2E, 0x00, 0xB8, 0x02, 0xE0, 0x0B, 0x80,
    0x2E, 0x00, 0xB8, 0x02, 0xE0, 0x0B, 0x80, 0xFF, 0xC0, 0x00, 0x02, 0x40, 0x00, 0x0B, 0xE0, 0x00,
    0x38, 0x3C, 0x00, 0x10, 0x04, 0x00, 0x00, 0x00, 0x01, 0xFF, 0xFC, 0x00, 0x07, 0xD0, 0x00, 0x07,
    0xD0, 0x00, 0x07, 0xD0, 0x00, 0x07, 0xD0, 0x00, 0x07, 0xD0, 0x00, 0x07, 0xD0, 0x00, 0x07, 0xD0,
    0x00, 0x07, 0xD0, 0x00, 0x07, 0xD0, 0x3D, 0x07, 0xD0, 0x7E, 0x0B, 0xC0, 0x3D, 0x1F, 0x80, 0x0B,
    0xF9, 0x00, 0x00, 0x08, 0x00, 0x03, 0xF0, 0x00, 0xE2, 0xC0, 0x24, 0x0A, 0x01, 0xFE, 0x00, 0x02,
    0xE0, 0x00, 0x2E, 0x00, 0x02, 0xE0, 0x00, 0x2E, 0x00, 0x02, 0xE0, 0x00, 0x2E, 0x00, 0x02, 0xE0,
    0x00, 0x2E, 0x00, 0x02, 0xE0, 0x00, 0x2E, 0x03, 0xC3, 0xD0, 0x3D, 0x7C, 0x01, 0xFE, 0x00, 0x00,
    0xB4, 0x00, 0x00, 0x7F, 0x80, 0x00, 0x0F, 0xF4, 0x00, 0x00, 0x00, 0x00, 0x00, 0x00, 0x00, 0x00,
    0x03, 0xFF, 0xFC, 0x00, 0x03, 0xF0, 0x00, 0x00, 0x3F, 0x00, 0x00, 0x03, 0xF0, 0x00, 0x00, 0x3F,
    0x00, 0x00, 0x03, 0xF0, 0x00, 0x00, 0x3F, 0x00, 0x00, 0x03, 0xF0, 0x00, 0x00, 0x3F, 0x00, 0x00,
    0x03, 0xF0, 0x00, 0x90, 0x3F, 0x00, 0x0D, 0x03, 0xF0, 0x01, 0xC0, 0x3F, 0x00, 0xBC, 0x3F, 0xFF,
    0xFF, 0xC0, 0x00, 0x00, 0x00, 0x7C, 0x02, 0xFC, 0x07, 0xA4, 0x00, 0x00, 0x3F, 0x80, 0x0B, 0x80,
    0x0B, 0x80, 0x0B, 0x80, 0x0B, 0x80, 0x0B, 0x80, 0x0B, 0x80, 0x0B, 0x80, 0x0B, 0x80, 0x0B, 0x80,
    0x0B, 0x80, 0x0B, 0x80, 0x0B, 0x80, 0x3F, 0xF0, 0x00, 0x00, 0x7C, 0x00, 0x00, 0x0F, 0xE0, 0x00,
    0x00, 0xBE, 0x03, 0xFF, 0xFC, 0x50, 0x03, 0xF0, 0x08, 0x00, 0x3F, 0x03, 0x00, 0x03, 0xF0, 0x00,
    0x00, 0x3F, 0x00, 0x00, 0x03, 0xF0, 0x00, 0x00, 0x3F, 0x00, 0x00, 0x03, 0xF0, 0x00, 0x00, 0x3F,
    0x00, 0x00, 0x03, 0xF0, 0x00, 0x90, 0x3F, 0x00, 0x0D, 0x03, 0xF0, 0x01, 0xC0, 0x3F, 0x00, 0x7C,
    0x3F, 0xFF, 0xFF, 0xC0, 0x00, 0x0F, 0x83, 0xF9, 0xFC, 0x0B, 0x8B, 0xC0, 0xB8, 0x0C, 0x0B, 0x82,
    0x00, 0xB8, 0x40, 0x0B, 0x80, 0x00, 0xB8, 0x00, 0x0B, 0x80, 0x00, 0xB8, 0x00, 0x0B, 0x80, 0x00,
    0xB8, 0x00, 0x0B, 0x80, 0x00, 0xB8, 0x00, 0x3F, 0xF0, 0x00, 0x00, 0x00, 0x00, 0x03, 0xFF, 0xFC,
    0x00, 0x03, 0xF0, 0x00, 0x00, 0x3F, 0x00, 0x00, 0x03, 0xF0, 0xB0, 0x00, 0x3F, 0x78, 0x00, 0x03,
    0xFD, 0x00, 0x00, 0x3F, 0x00, 0x00, 0x07, 0xF0, 0x00, 0x02, 0xFF, 0x00, 0x00, 0x03, 0xF0, 0x00,
    0x90, 0x3F, 0x00, 0x0D, 0x03, 0xF0, 0x01, 0xC0, 0x3F, 0x00, 0x7C, 0x3F, 0xFF, 0xFF, 0xC0, 0x7F,
    0x40, 0x3D, 0x00, 0xF4, 0x03, 0xD0, 0x0F, 0x50, 0x3F, 0x80, 0xF8, 0x0B, 0xD0, 0x6F, 0x40, 0x3D,
    0x00, 0xF4, 0x03, 0xD0, 0x0F, 0x41, 0xFF, 0xC0, 0x00, 0x00, 0x00, 0x00, 0x00, 0x00, 0x00, 0x00,
    0x00, 0x78, 0x00, 0x00, 0x00, 0x0F, 0xF0, 0x00, 0x00, 0x00, 0xBA, 0x00, 0x00, 0x00, 0x00, 0x00,
    0x00, 0x00, 0xFF, 0xE0, 0x02, 0xFF, 0xC0, 0x3F, 0xD0, 0x00, 0x70, 0x00, 0xDF, 0xD0, 0x01, 0xC0,
    0x03, 0x1F, 0xC0, 0x07, 0x00, 0x0C, 0x1F, 0xC0, 0x1C, 0x00, 0x30, 0x2F, 0xC0, 0x70, 0x00, 0xC0,
    0x2F, 0xC1, 0xC0, 0x03, 0x00, 0x3F, 0x87, 0x00, 0x0C, 0x00, 0x3F, 0x9C, 0x00, 0x30, 0x00, 0x3F,
    0xB0, 0x00, 0xC0, 0x00, 0x3F, 0xC0, 0x03, 0x00, 0x00, 0x7F, 0x00, 0x0D, 0x00, 0x00, 0x7C, 0x03,
    0xFF, 0x40, 0x00, 0xB0, 0x00, 0x00, 0x01, 0xE0, 0x00, 0x02, 0xFC, 0x00, 0x01, 0xE4, 0x00, 0x00,
    0x00, 0x00, 0x3F, 0x8B, 0xF4, 0x02, 0xED, 0x1F, 0x00, 0xBD, 0x03, 0xD0, 0x2F, 0x00, 0xF4, 0x0B,
    0xC0, 0x3D, 0x02, 0xF0, 0x0F, 0x40, 0xBC, 0x03, 0xD0, 0x2F, 0x00, 0xF4, 0x0B, 0xC0, 0x3D, 0x0F,
    0xFC, 0x7F, 0xF0, 0x00, 0x0E, 0x46, 0xC0, 0x00, 0x00, 0x1F, 0xFD, 0x00, 0x00, 0x00, 0x07, 0x40,
    0x00, 0x00, 0x00, 0x00, 0x00, 0x00, 0x00, 0x00, 0x00, 0x00, 0x00, 0xFF, 0xE0, 0x02, 0xFF, 0xC0,
    0x3F, 0xD0, 0x00, 0x70, 0x00, 0xDF, 0xD0, 0x01, 0xC0, 0x03, 0x1F, 0xC0, 0x07, 0x00, 0x0C, 0x1F,
    0xC0, 0x1C, 0x00, 0x30, 0x2F, 0xC0, 0x70, 0x00, 0xC0, 0x2F, 0xC1, 0xC0, 0x03, 0x00, 0x3F, 0x87,
    0x00, 0x0C, 0x00, 0x3F, 0x9C, 0x00, 0x30, 0x00, 0x3F, 0xB0, 0x00, 0xC0, 0x00, 0x3F, 0xC0, 0x03,
    0x00, 0x00, 0x7F, 0x00, 0x0D, 0x00, 0x00, 0x7C, 0x03, 0xFF, 0x40, 0x00, 0xB0, 0x00, 0x02, 0x00,
    0x60, 0x00, 0x79, 0xF0, 0x00, 0x07, 0xF0, 0x00, 0x00, 0x70, 0x00, 0x3F, 0x8B, 0xF4, 0x02, 0xED,
    0x1F, 0x00, 0xBD, 0x03, 0xD0, 0x2F, 0x00, 0xF4, 0x0B, 0xC0, 0x3D, 0x02, 0xF0, 0x0F, 0x40, 0xBC,
    0x03, 0xD0, 0x2F, 0x00, 0xF4, 0x0B, 0xC0, 0x3D, 0x0F, 0xFC, 0x7F, 0xF0, 0x00, 0x0B, 0xD2, 0xD0,
    0x00, 0x3E, 0x6A, 0x40, 0x00, 0x00, 0x00, 0x00, 0x00, 0x6F, 0xF9, 0x00, 0x03, 0xF4, 0x1B, 0xC0,
    0x0F, 0x80, 0x02, 0xF0, 0x2F, 0x00, 0x00, 0xFC, 0x3F, 0x00, 0x00, 0xBD, 0x7E, 0x00, 0x00, 0xBE,
    0xBE, 0x00, 0x00, 0x7E, 0xBE, 0x00, 0x00, 0x7E, 0xBE, 0x00, 0x00, 0xBE, 0x7F, 0x00, 0x00, 0xBD,
    0x3F, 0x00, 0x00, 0xFC, 0x0F, 0xC0, 0x02, 0xF4, 0x03, 0xF4, 0x0B, 0xD0, 0x00, 0x6F, 0xF9, 0x00,
    0x00, 0x2D, 0x2D, 0x00, 0xBE, 0xBE, 0x02, 0xE6, 0xE4, 0x00, 0x00, 0x00, 0x01, 0xFF, 0x80, 0x0F,
    0x41, 0xF0, 0x2E, 0x00, 0xB8, 0x3D, 0x00, 0x7C, 0x7D, 0x00, 0x7D, 0x7D, 0x00, 0x7D, 0x3D, 0x00,
    0x7C, 0x3E, 0x00, 0xBC, 0x0F, 0x41, 0xF0, 0x02, 0xFF, 0x80, 0x00, 0x2F, 0xFF, 0xFF, 0xFF, 0xE0,
    0x0B, 0xE0, 0x1F, 0xC0, 0x07, 0xC0, 0xBD, 0x00, 0x2F, 0x00, 0x0B, 0x07, 0xE0, 0x00, 0xBC, 0x00,
    0x0C, 0x3F, 0x00, 0x02, 0xF0, 0x09, 0x30, 0xFC, 0x00, 0x0B, 0xC0, 0x74, 0x03, 0xF0, 0x00, 0x2F,
    0xFF, 0xD0, 0x0F, 0xC0, 0x00, 0xBC, 0x07, 0x40, 0x3F, 0x00, 0x02, 0xF0, 0x09, 0x00, 0xFD, 0x00,
    0x0B, 0xC0, 0x00, 0x71, 0xF8, 0x00, 0x2F, 0x00, 0x02, 0x82, 0xF4, 0x00, 0xBC, 0x00, 0x0D, 0x01,
    0xF8, 0x07, 0xF0, 0x01, 0xF0, 0x00, 0x7F, 0xFF, 0xFF, 0xFF, 0xC0, 0x02, 0xFF, 0x41, 0xFE, 0x40,
    0x3D, 0x07, 0xFD, 0x0B, 0x43, 0xE0, 0x0B, 0xE0, 0x0F, 0x0F, 0x00, 0x1F, 0x40, 0x3C, 0x7C, 0x00,
    0x3F, 0xFF, 0xF1, 0xF0, 0x00, 0xF4, 0x00, 0x03, 0xC0, 0x07, 0xD0, 0x00, 0x0B, 0x80, 0x2F, 0xC0,
    0x00, 0x0F, 0x41, 0xEB, 0x80, 0x70, 0x07, 0xFD, 0x06, 0xFE, 0x00, 0x00, 0x00, 0x00, 0x00, 0x00,
    0x00, 0x00, 0xB8, 0x00, 0x00, 0x00, 0x1F, 0xF0, 0x00, 0x00, 0x00, 0xBA, 0x00, 0x00, 0x00, 0x00,
    0x00, 0x00, 0x00, 0xFF, 0xFF, 0xF9, 0x00, 0x00, 0x3F, 0x00, 0x7F, 0x00, 0x00, 0xFC, 0x00, 0x7F,
    0x00, 0x03, 0xF0, 0x00, 0xFC, 0x00, 0x0F, 0xC0, 0x07, 0xE0, 0x00, 0x3F, 0x00, 0x7F, 0x00, 0x00,
    0xFF, 0xFF, 0xD0, 0x00, 0x03, 0xF0, 0x1F, 0xC0, 0x00, 0x0F, 0xC0, 0x1F, 0x80, 0x00, 0x3F, 0x00,
    0x3F, 0x00, 0x00, 0xFC, 0x00, 0xFC, 0x00, 0x03, 0xF0, 0x03, 0xF0, 0x00, 0x0F, 0xC0, 0x0B, 0xE0,
    0xC3, 0xFF, 0xF0, 0x0B, 0xFD, 0x00, 0x00, 0x0F, 0x00, 0x07, 0xF0, 0x00, 0xF4, 0x00, 0x00, 0x00,
    0x3F, 0x5F, 0x80, 0xFA, 0x7C, 0x0F, 0xC3, 0xC0, 0xF8, 0x00, 0x0F, 0x80, 0x00, 0xF4, 0x00, 0x0F,
    0x40, 0x00, 0xF4, 0x00, 0x0F, 0x40, 0x03, 0xFF, 0x40, 0x00, 0xA4, 0x2C, 0x00, 0x00, 0x00, 0xBF,
    0xE0, 0x00, 0x00, 0x00, 0x38, 0x00, 0x00, 0x00, 0x00, 0x00, 0x00, 0x00, 0x00, 0x00, 0x00, 0x00,
    0x00, 0xFF, 0xFF, 0xF9, 0x00, 0x00, 0x3F, 0x00, 0x7F, 0x00, 0x00, 0xFC, 0x00, 0x7F, 0x00, 0x03,
    0xF0, 0x00, 0xFC, 0x00, 0x0F, 0xC0, 0x07, 0xE0, 0x00, 0x3F, 0x00, 0x7F, 0x00, 0x00, 0xFF, 0xFF,
    0xD0, 0x00, 0x03, 0xF0, 0x1F, 0xC0, 0x00, 0x0F, 0xC0, 0x1F, 0x80, 0x00, 0x3F, 0x00, 0x3F, 0x00,
    0x00, 0xFC, 0x00, 0xFC, 0x00, 0x03, 0xF0, 0x03, 0xF0, 0x00, 0x0F, 0xC0, 0x0B, 0xE0, 0xC3, 0xFF,
    0xF0, 0x0B, 0xFD, 0x00, 0x18, 0x01, 0x40, 0xB5, 0xE0, 0x02, 0xF8, 0x00, 0x0A, 0x00, 0x3F, 0x5F,
    0x80, 0xFA, 0x7C, 0x0F, 0xC3, 0xC0, 0xF8, 0x00, 0x0F, 0x80, 0x00, 0xF4, 0x00, 0x0F, 0x40, 0x00,
    0xF4, 0x00, 0x0F, 0x40, 0x03, 0xFF, 0x40, 0x00, 0x00, 0x00, 0x00, 0x1E, 0x00, 0x00, 0xFF, 0x00,
    0x02, 0xE8, 0x00, 0x00, 0x00, 0x00, 0x07, 0xFD, 0x24, 0x2D, 0x02, 0xF4, 0x74, 0x00, 0xB4, 0xB8,
    0x00, 0x34, 0xBE, 0x40, 0x24, 0x7F, 0xFE, 0x40, 0x2F, 0xFF, 0xE0, 0x02, 0xFF, 0xF4, 0x00, 0x06,
    0xFC, 0x90, 0x00, 0x7C, 0xA0, 0x00, 0x3C, 0xB0, 0x00, 0x38, 0xBE, 0x00, 0xF0, 0x92, 0xFF, 0x80,
    0x00, 0x2D, 0x00, 0x2F, 0x80, 0x2E, 0x40, 0x00, 0x00, 0x0B, 0xFB, 0x0E, 0x02, 0xC3, 0x40, 0x30,
    0xF4, 0x00, 0x2F, 0xF8, 0x02, 0xFF, 0xD0, 0x01, 0xB8, 0xC0, 0x0E, 0x3C, 0x07, 0x4D, 0xBF, 0x40,
    0x00, 0x60, 0x00, 0x02, 0xF8, 0x00, 0x0F, 0x0F, 0x00, 0x04, 0x01, 0x00, 0x00, 0x00, 0x00, 0x07,
    0xFD, 0x24, 0x2D, 0x02, 0xF4, 0x74, 0x00, 0xB4, 0xB8, 0x00, 0x34, 0xBE, 0x40, 0x24, 0x7F, 0xFE,
    0x40, 0x2F, 0xFF, 0xE0, 0x02, 0xFF, 0xF4, 0x00, 0x06, 0xFC, 0x90, 0x00, 0x7C, 0xA0, 0x00, 0x3C,
    0xB0, 0x00, 0x38, 0xBE, 0x00, 0xF0, 0x92, 0xFF, 0x80, 0x00, 0x80, 0x00, 0xBC, 0x00, 0xF2, 0xC0,
    0x60, 0x18, 0x0B, 0xFB, 0x0F, 0x01, 0xC3, 0x40, 0x00, 0xF4, 0x00, 0x2F, 0xF8, 0x01, 0xFF, 0xD0,
    0x01, 0xB8, 0xC0, 0x0E, 0x38, 0x07, 0x4D, 0xBF, 0x40, 0x00, 0x00, 0x07, 0xFD, 0x24, 0x2D, 0x02,
    0xF4, 0x78, 0x00, 0xB4, 0xB4, 0x00, 0x34, 0xBD, 0x00, 0x14, 0x7F, 0xE9, 0x00, 0x2F, 0xFF, 0xD0,
    0x07, 0xFF, 0xF4, 0x00, 0x06, 0xFC, 0x40, 0x00, 0x7C, 0x90, 0x00, 0x3C, 0xB0, 0x00, 0x38, 0xBE,
    0x00, 0xF0, 0x92, 0xFF, 0x80, 0x00, 0x3F, 0x40, 0x00, 0x03, 0xD0, 0x00, 0x07, 0xD0, 0x03, 0xFE,
    0x40, 0x0B, 0xFB, 0x0E, 0x02, 0xC3, 0x40, 0x30, 0xF4, 0x00, 0x2F, 0xF8, 0x02, 0xFF, 0xC1, 0x01,
    0xB8, 0xC0, 0x0E, 0x3C, 0x03, 0x09, 0xFE, 0x00, 0x1F, 0x80, 0x00, 0xBC, 0x00, 0x3F, 0x07, 0xFE,
    0x00, 0x0A, 0x42, 0xC0, 0x03, 0xFF, 0x40, 0x00, 0x78, 0x00, 0x00, 0x00, 0x00, 0x00, 0x00, 0x00,
    0x07, 0xFD, 0x24, 0x2D, 0x02, 0xF4, 0x74, 0x00, 0xB4, 0xB8, 0x00, 0x34, 0xBE, 0x40, 0x24, 0x7F,
    0xFE, 0x40, 0x2F, 0xFF, 0xE0, 0x02, 0xFF, 0xF4, 0x00, 0x06, 0xFC, 0x90, 0x00, 0x7C, 0xA0, 0x00,
    0x3C, 0xB0, 0x00, 0x38, 0xBE, 0x00, 0xF0, 0x92, 0xFF, 0x80, 0x20, 0x06, 0x03, 0x9B, 0x00, 0x3F,
    0x00, 0x03, 0x00, 0x0B, 0xFB, 0x0E, 0x02, 0xC3, 0x40, 0x30, 0xF4, 0x00, 0x2F, 0xF8, 0x02, 0xFF,
    0xD0, 0x01, 0xB8, 0xC0, 0x0E, 0x3C, 0x07, 0x4D, 0xBF, 0x40, 0x3F, 0xFF, 0xFF, 0xFD, 0x3D, 0x03,
    0xF0, 0x1E, 0x34, 0x03, 0xF0, 0x0A, 0x30, 0x03, 0xF0, 0x07, 0x30, 0x03, 0xF0, 0x03, 0x00, 0x03,
    0xF0, 0x00, 0x00, 0x03, 0xF0, 0x00, 0x00, 0x03, 0xF0, 0x00, 0x00, 0x03, 0xF0, 0x00, 0x00, 0x03,
    0xF0, 0x00, 0x00, 0x03, 0xF0, 0x00, 0x00, 0x03, 0xF0, 0x00, 0x00, 0x03, 0xF0, 0x00, 0x01, 0xFF,
    0xFF, 0xC0, 0x00, 0x03, 0xE0, 0x00, 0x00, 0x00, 0x7D, 0x00, 0x00, 0x00, 0x7D, 0x00, 0x00, 0x3F,
    0xE4, 0x00, 0x01, 0x80, 0x00, 0xA0, 0x00, 0x38, 0x00, 0x3E, 0x00, 0xBF, 0xFE, 0x03, 0xE0, 0x00,
    0xF8, 0x00, 0x3E, 0x00, 0x0F, 0x80, 0x03, 0xE0, 0x40, 0xF8, 0x30, 0x3E, 0x0C, 0x07, 0xDA, 0x00,
    0x2F, 0x00, 0x07, 0xE0, 0x00, 0x2F, 0x00, 0x0F, 0xC1, 0xFF, 0x80, 0x00, 0x39, 0x1A, 0x00, 0x00,
    0x1F, 0xFC, 0x00, 0x00, 0x01, 0xD0, 0x00, 0x00, 0x00, 0x00, 0x00, 0x00, 0x00, 0x00, 0x00, 0x2F,
    0xFF, 0xFF, 0xFD, 0x3D, 0x03, 0xF0, 0x1E, 0x34, 0x03, 0xF0, 0x0A, 0x30, 0x03, 0xF0, 0x07, 0x30,
    0x03, 0xF0, 0x03, 0x00, 0x03, 0xF0, 0x00, 0x00, 0x03, 0xF0, 0x00, 0x00, 0x03, 0xF0, 0x00, 0x00,
    0x03, 0xF0, 0x00, 0x00, 0x03, 0xF0, 0x00, 0x00, 0x03, 0xF0, 0x00, 0x00, 0x03, 0xF0, 0x00, 0x00,
    0x03, 0xF0, 0x00, 0x01, 0xFF, 0xFF, 0xC0, 0x00, 0x00, 0x00, 0x00, 0x00, 0x07, 0x80, 0x00, 0xFD,
    0x01, 0x8B, 0xD0, 0x28, 0x08, 0x03, 0x82, 0x01, 0xF8, 0x00, 0xBF, 0xFE, 0x00, 0xF8, 0x00, 0x0F,
    0x80, 0x00, 0xF8, 0x00, 0x0F, 0x80, 0x00, 0xF8, 0x00, 0x0F, 0x83, 0x00, 0xF8, 0x30, 0x0B, 0xC6,
    0x00, 0x2F, 0xC0, 0x00, 0xBF, 0xFF, 0xF0, 0x00, 0x00, 0x00, 0x00, 0x00, 0x00, 0x00, 0x00, 0x00,
    0x00, 0x00, 0x00, 0x00, 0x00, 0x3F, 0xFF, 0x40, 0xFF, 0xE0, 0x3F, 0x00, 0x00, 0xA0, 0x03, 0xF0,
    0x00, 0x09, 0x00, 0x3F, 0x00, 0x00, 0x90, 0x03, 0xF0, 0x00, 0x09, 0x00, 0x3F, 0x00, 0x00, 0x90,
    0x03, 0xF0, 0x00, 0x09, 0x00, 0x3F, 0x00, 0x00, 0x90, 0x03, 0xF0, 0x00, 0x09, 0x00, 0x3F, 0x00,
    0x00, 0x90, 0x02, 0xF0, 0x00, 0x0D, 0x00, 0x0F, 0x80, 0x01, 0xC0, 0x00, 0x7E, 0x01, 0xB0, 0x00,
    0x00, 0x7F, 0xF8, 0x00, 0x07, 0xFF, 0xFD, 0x00, 0x00, 0x00, 0x00, 0x00, 0x00, 0x00, 0xFF, 0x07,
    0xF4, 0x0B, 0xC0, 0x3D, 0x02, 0xF0, 0x0F, 0x40, 0xBC, 0x03, 0xD0, 0x2F, 0x00, 0xF4, 0x0B, 0xC0,
    0x3D, 0x02, 0xF0, 0x0F, 0x40, 0xBC, 0x07, 0xD0, 0x1F, 0x07, 0xF8, 0x01, 0xFF, 0x3F, 0xC0, 0x00,
    0x00, 0x00, 0x00, 0x18, 0x01, 0xC0, 0x00, 0x00, 0x6F, 0xE0, 0x00, 0x00, 0x00, 0x00, 0x00, 0x00,
    0x00, 0x00, 0x00, 0x00, 0x3F, 0xFF, 0x40, 0xFF, 0xE0, 0x3F, 0x00, 0x00, 0xA0, 0x03, 0xF0, 0x00,
    0x09, 0x00, 0x3F, 0x00, 0x00, 0x90, 0x03, 0xF0, 0x00, 0x09, 0x00, 0x3F, 0x00, 0x00, 0x90, 0x03,
    0xF0, 0x00, 0x09, 0x00, 0x3F, 0x00, 0x00, 0x90, 0x03, 0xF0, 0x00, 0x09, 0x00, 0x3F, 0x00, 0x00,
    0x90, 0x02, 0xF0, 0x00, 0x0D, 0x00, 0x0F, 0x80, 0x01, 0xC0, 0x00, 0x7E, 0x01, 0xB0, 0x00, 0x00,
    0x7F, 0xF8, 0x00, 0x02, 0x00, 0x18, 0x00, 0x74, 0x1C, 0x00, 0x06, 0xF8, 0x00, 0xFF, 0x07, 0xF4,
    0x0B, 0xC0, 0x3D, 0x02, 0xF0, 0x0F, 0x40, 0xBC, 0x03, 0xD0, 0x2F, 0x00, 0xF4, 0x0B, 0xC0, 0x3D,
    0x02, 0xF0, 0x0F, 0x40, 0xBC, 0x07, 0xD0, 0x1F, 0x07, 0xF8, 0x01, 0xFF, 0x3F, 0xC0, 0x00, 0x00,
    0x00, 0x00, 0x00, 0x7E, 0x00, 0x00, 0x00, 0x0C, 0x28, 0x00, 0x00, 0x00, 0xC1, 0x80, 0x00, 0x00,
    0x07, 0xE0, 0x00, 0x00, 0x00, 0x00, 0x00, 0x03, 0xFF, 0xF4, 0x0F, 0xFE, 0x03, 0xF0, 0x00, 0x0A,
    0x00, 0x3F, 0x00, 0x00, 0x90, 0x03, 0xF0, 0x00, 0x09, 0x00, 0x3F, 0x00, 0x00, 0x90, 0x03, 0xF0,
    0x00, 0x09, 0x00, 0x3F, 0x00, 0x00, 0x90, 0x03, 0xF0, 0x00, 0x09, 0x00, 0x3F, 0x00, 0x00, 0x90,
    0x03, 0xF0, 0x00, 0x09, 0x00, 0x2F, 0x00, 0x00, 0xD0, 0x00, 0xF8, 0x00, 0x1C, 0x00, 0x07, 0xE0,
    0x1B, 0x00, 0x00, 0x07, 0xFF, 0x80, 0x00, 0x00, 0x2F, 0x80, 0x00, 0x18, 0x24, 0x00, 0x06, 0x0D,
    0x00, 0x00, 0xBE, 0x00, 0x3F, 0xC1, 0xFD, 0x02, 0xF0, 0x0F, 0x40, 0xBC, 0x03, 0xD0, 0x2F, 0x00,
    0xF4, 0x0B, 0xC0, 0x3D, 0x02, 0xF0, 0x0F, 0x40, 0xBC, 0x03, 0xD0, 0x2F, 0x01, 0xF4, 0x07, 0xC1,
    0xFE, 0x00, 0x7F, 0xCF, 0xF0, 0x00, 0x00, 0x00, 0x00, 0x01, 0xB8, 0x78, 0x00, 0x00, 0xB9, 0xAA,
    0x00, 0x00, 0x00, 0x00, 0x00, 0x03, 0xFF, 0xF4, 0x0F, 0xFE, 0x03, 0xF0, 0x00, 0x0A, 0x00, 0x3F,
    0x00, 0x00, 0x90, 0x03, 0xF0, 0x00, 0x09, 0x00, 0x3F, 0x00, 0x00, 0x90, 0x03, 0xF0, 0x00, 0x09,
    0x00, 0x3F, 0x00, 0x00, 0x90, 0x03, 0xF0, 0x00, 0x09, 0x00, 0x3F, 0x00, 0x00, 0x90, 0x03, 0xF0,
    0x00, 0x09, 0x00, 0x2F, 0x00, 0x00, 0xD0, 0x00, 0xF8, 0x00, 0x1C, 0x00, 0x07, 0xE0, 0x1B, 0x00,
    0x00, 0x07, 0xFF, 0x80, 0x00, 0x00, 0x0B, 0x0B, 0x40, 0x0B, 0xEB, 0xE0, 0x0B, 0xDF, 0xD0, 0x01,
    0x01, 0x00, 0x3F, 0xC1, 0xFD, 0x02, 0xF0, 0x0F, 0x40, 0xBC, 0x03, 0xD0, 0x2F, 0x00, 0xF4, 0x0B,
    0xC0, 0x3D, 0x02, 0xF0, 0x0F, 0x40, 0xBC, 0x03, 0xD0, 0x2F, 0x01, 0xF4, 0x07, 0xC1, 0xFE, 0x00,
    0x7F, 0xCF, 0xF0, 0x00, 0x00, 0x00, 0x00, 0x1F, 0x0B, 0x80, 0x00, 0x03, 0xF4, 0xFC, 0x00, 0x00,
    0x1F, 0x0B, 0x80, 0x00, 0x00, 0x00, 0x00, 0x00, 0x00, 0x00, 0x00, 0x00, 0x0B, 0xFF, 0xE0, 0x07,
    0xFF, 0x03, 0xF4, 0x00, 0x0D, 0x00, 0x1F, 0xC0, 0x02, 0x80, 0x00, 0xFE, 0x00, 0x70, 0x00, 0x03,
    0xF4, 0x0D, 0x00, 0x00, 0x1F, 0xC2, 0x80, 0x00, 0x00, 0xBF, 0x70, 0x00, 0x00, 0x03, 0xFC, 0x00,
    0x00, 0x00, 0x1F, 0x80, 0x00, 0x00, 0x01, 0xF8, 0x00, 0x00, 0x00, 0x1F, 0x80, 0x00, 0x00, 0x01,
    0xF8, 0x00, 0x00, 0x00, 0x1F, 0x80, 0x00, 0x00, 0x2F, 0xFF, 0xC0, 0x00, 0x00, 0x00, 0x00, 0x00,
    0x00, 0x00, 0x00, 0x00, 0x00, 0xF0, 0x00, 0x02, 0xFC, 0x00, 0x01, 0xE9, 0x00, 0x00, 0x00, 0x00,
    0x0F, 0xFF, 0xFF, 0xD3, 0xE0, 0x07, 0xF0, 0xD0, 0x03, 0xF0, 0x30, 0x03, 0xF4, 0x18, 0x02, 0xFC,
    0x00, 0x01, 0xFC, 0x00, 0x00, 0xFD, 0x00, 0x00, 0xBE, 0x00, 0x00, 0x7F, 0x00, 0x00, 0x3F, 0x40,
    0x18, 0x3F, 0x80, 0x09, 0x1F, 0xC0, 0x03, 0x4F, 0xC0, 0x07, 0xDB, 0xFF, 0xFF, 0xF0, 0x00, 0x0F,
    0x00, 0x07, 0xF0, 0x00, 0xE4, 0x00, 0x00, 0x00, 0x3F, 0xFF, 0xE3, 0x80, 0xBC, 0x30, 0x1F, 0x40,
    0x03, 0xE0, 0x00, 0xFC, 0x00, 0x2F, 0x00, 0x07, 0xD0, 0x60, 0xF8, 0x0A, 0x3F, 0x01, 0xD3, 0xFF,
    0xFD, 0x00, 0x0F, 0x00, 0x00, 0x0B, 0xE0, 0x00, 0x00, 0xF0, 0x00, 0x00, 0x00, 0x00, 0x00, 0x00,
    0x00, 0x0F, 0xFF, 0xFF, 0xD3, 0xE0, 0x07, 0xF0, 0xD0, 0x03, 0xF0, 0x30, 0x03, 0xF4, 0x18, 0x02,
    0xFC, 0x00, 0x01, 0xFC, 0x00, 0x00, 0xFD, 0x00, 0x00, 0xBE, 0x00, 0x00, 0x7F, 0x00, 0x00, 0x3F,
    0x40, 0x18, 0x3F, 0x80, 0x09, 0x1F, 0xC0, 0x03, 0x4F, 0xC0, 0x07, 0xDB, 0xFF, 0xFF, 0xF0, 0x00,
    0x78, 0x00, 0x0F, 0xD0, 0x00, 0x78, 0x00, 0x00, 0x00, 0x3F, 0xFF, 0xE3, 0x80, 0xBC, 0x30, 0x1F,
    0x40, 0x03, 0xE0, 0x00, 0xFC, 0x00, 0x2F, 0x00, 0x07, 0xD0, 0x60, 0xF8, 0x0A, 0x3F, 0x01, 0xD3,
    0xFF, 0xFD, 0x06, 0x41, 0xD0, 0x00, 0xBF, 0xE0, 0x00, 0x02, 0x80, 0x00, 0x00, 0x00, 0x00, 0x00,
    0x00, 0x00, 0x0F, 0xFF, 0xFF, 0xD3, 0xE0, 0x07, 0xF0, 0xD0, 0x03, 0xF0, 0x30, 0x03, 0xF8, 0x18,
    0x02, 0xFC, 0x00, 0x01, 0xFC, 0x00, 0x00, 0xFD, 0x00, 0x00, 0xBE, 0x00, 0x00, 0x7F, 0x00, 0x00,
    0x3F, 0x40, 0x18, 0x3F, 0x80, 0x09, 0x1F, 0xC0, 0x03, 0x4F, 0xC0, 0x07, 0xDB, 0xFF, 0xFF, 0xF0,
    0x18, 0x01, 0x40, 0xB5, 0xE0, 0x02, 0xF8, 0x00, 0x0A, 0x00, 0x3F, 0xFF, 0xE3, 0x80, 0xBC, 0x30,
    0x1F, 0x40, 0x03, 0xE0, 0x00, 0xFC, 0x00, 0x2F, 0x00, 0x07, 0xD0, 0x60, 0xF8, 0x0A, 0x3F, 0x01,
    0xD3, 0xFF, 0xFD, 0x00, 0x0E, 0x00, 0x00, 0x00, 0x1F, 0xD0, 0x00, 0x00, 0x0F, 0xF0, 0x00, 0x00,
    0x00, 0x00, 0x00, 0x00, 0x00, 0x00, 0x00, 0x3F, 0xFF, 0xFF, 0xF0, 0x03, 0xF0, 0x01, 0xF0, 0x03,
    0xF0, 0x00, 0x30, 0x03, 0xF0, 0x00, 0x34, 0x03, 0xF0, 0x24, 0x24, 0x03, 0xF0, 0x34, 0x00, 0x03,
    0xFF, 0xF4, 0x00, 0x03, 0xF0, 0x34, 0x00, 0x03, 0xF0, 0x24, 0x00, 0x03, 0xF0, 0x00, 0x0C, 0x03,
    0xF0, 0x00, 0x0C, 0x03, 0xF0, 0x00, 0x28, 0x03, 0xF0, 0x01, 0xB8, 0x3F, 0xFF, 0xFF, 0xF4, 0x00,
    0x7C, 0x2E, 0x00, 0x00, 0xFD, 0x3F, 0x00, 0x00, 0x7C, 0x2E, 0x00, 0x00, 0x00, 0x00, 0x00, 0x00,
    0x00, 0x00, 0x00, 0x3F, 0xFF, 0xFF, 0xF0, 0x03, 0xF0, 0x01, 0xF0, 0x03, 0xF0, 0x00, 0x30, 0x03,
    0xF0, 0x00, 0x34, 0x03, 0xF0, 0x24, 0x24, 0x03, 0xF0, 0x34, 0x00, 0x03, 0xFF, 0xF4, 0x00, 0x03,
    0xF0, 0x34, 0x00, 0x03, 0xF0, 0x24, 0x00, 0x03, 0xF0, 0x00, 0x0C, 0x03, 0xF0, 0x00, 0x0C, 0x03,
    0xF0, 0x00, 0x28, 0x03, 0xF0, 0x01, 0xB8, 0x3F, 0xFF, 0xFF, 0xF4, 0x2F, 0xFF, 0xFF, 0xFE, 0x00,
    0x3D, 0x03, 0xF0, 0x0E, 0x00, 0x34, 0x03, 0xF0, 0x07, 0x00, 0x30, 0x03, 0xF0, 0x00, 0x00, 0x00,
    0x03, 0xF0, 0xBF, 0xE0, 0x00, 0x03, 0xF7, 0x40, 0xFC, 0x00, 0x03, 0xF8, 0x00, 0x7D, 0x00, 0x03,
    0xF0, 0x00, 0x3D, 0x00, 0x03, 0xF0, 0x00, 0x3D, 0x00, 0x03, 0xF0, 0x00, 0x3D, 0x00, 0x03, 0xF0,
    0xB8, 0x7D, 0x00, 0x03, 0xF0, 0xFC, 0x7C, 0x00, 0x03, 0xF0, 0xF4, 0xF4, 0x01, 0xFF, 0xFC, 0x2F,
    0x90, 0x00, 0x00, 0x78, 0x00, 0x00, 0x2F, 0xC0, 0x00, 0x0B, 0xA0, 0x00, 0x00, 0x00, 0x00, 0x3F,
    0xFF, 0xFF, 0xC0, 0x3F, 0x00, 0x7C, 0x03, 0xF0, 0x00, 0xC0, 0x3F, 0x00, 0x0D, 0x03, 0xF0, 0x00,
    0x90, 0x3F, 0x00, 0x00, 0x03, 0xF0, 0x00, 0x00, 0x3F, 0x00, 0x00, 0x03, 0xF0, 0x00, 0x00, 0x3F,
    0x00, 0x00, 0x03, 0xF0, 0x00, 0x00, 0x3F, 0x00, 0x00, 0x03, 0xF0, 0x00, 0x03, 0xFF, 0xFC, 0x00,
    0x00, 0x2F, 0xFE, 0x0C, 0x02, 0xF8, 0x01, 0xFC, 0x0F, 0xC0, 0x00, 0x3C, 0x2F, 0x40, 0x00, 0x1C,
    0x3F, 0x00, 0x00, 0x08, 0x7E, 0x00, 0x00, 0x00, 0xBF, 0xFF, 0x90, 0x00, 0xBE, 0x1F, 0xFF, 0x40,
    0xBE, 0x01, 0xF8, 0x00, 0x3F, 0x00, 0x00, 0x00, 0x2F, 0x40, 0x00, 0x0C, 0x0F, 0xD0, 0x00, 0x18,
    0x02, 0xF8, 0x01, 0xB0, 0x00, 0x2F, 0xFE, 0x40, 0x00, 0x00, 0x00, 0x07, 0xFD, 0x24, 0x2D, 0x02,
    0xF4, 0x74, 0x00, 0xB4, 0xB8, 0x00, 0x34, 0xBE, 0x40, 0x24, 0x7F, 0xFE, 0x40, 0x2F, 0xFF, 0xE0,
    0x02, 0xFF, 0xF4, 0x00, 0x06, 0xFC, 0x90, 0x00, 0x7C, 0xA0, 0x00, 0x3C, 0xB0, 0x00, 0x38, 0xBE,
    0x00, 0xF0, 0x92, 0xFF, 0x80, 0x00, 0x00, 0x1F, 0xFF, 0xD0, 0x3F, 0x00, 0x0F, 0xC0, 0x03, 0xF0,
    0x00, 0xFC, 0x00, 0x3F, 0x00, 0x0F, 0xC0, 0x03, 0xF0, 0x00, 0xFC, 0x00, 0x3F, 0x00, 0x0F, 0xC0,
    0x03, 0xF0, 0x00, 0xFC, 0x07, 0xFF, 0xF4, 0x00, 0x00, 0x0F, 0x47, 0xC7, 0xF2, 0xF4, 0xF4, 0x7C,
    0x00, 0x00, 0x00, 0x00, 0x07, 0xFF, 0xF4, 0x0F, 0xC0, 0x03, 0xF0, 0x00, 0xFC, 0x00, 0x3F, 0x00,
    0x0F, 0xC0, 0x03, 0xF0, 0x00, 0xFC, 0x00, 0x3F, 0x00, 0x0F, 0xC0, 0x03, 0xF0, 0x00, 0xFC, 0x00,
    0x3F, 0x01, 0xFF, 0xFD, 0x00, 0x00, 0x00, 0x01, 0xFF, 0xFC, 0x00, 0x07, 0xD0, 0x00, 0x07, 0xD0,
    0x00, 0x07, 0xD0, 0x00, 0x07, 0xD0, 0x00, 0x07, 0xD0, 0x00, 0x07, 0xD0, 0x00, 0x07, 0xD0, 0x00,
    0x07, 0xD0, 0x00, 0x07, 0xD0, 0x3D, 0x07, 0xD0, 0x7E, 0x0B, 0xC0, 0x3D, 0x1F, 0x80, 0x0B, 0xF9,
    0x00, 0x00, 0xFF, 0xFF, 0xFF, 0xF0, 0x00, 0x00, 0x01, 0x80, 0x0F, 0xC0, 0x00, 0x00, 0x00, 0x60,
    0x03, 0xF0, 0x00, 0x00, 0x00, 0x24, 0x00, 0xFC, 0x00, 0x00, 0x00, 0x09, 0x00, 0x3F, 0x00, 0x00,
    0x00, 0x02, 0x40, 0x0F, 0xC0, 0x00, 0x00, 0x00, 0x90, 0x03, 0xFF, 0xFE, 0x40, 0x00, 0x24, 0x00,
    0xFC, 0x03, 0xF4, 0x00, 0x0C, 0x00, 0x3F, 0x00, 0x3F, 0x00, 0x03, 0x00, 0x0F, 0xC0, 0x0F, 0xD3,
    0xD0, 0xC0, 0x03, 0xF0, 0x03, 0xF5, 0xFC, 0xA0, 0x00, 0xFC, 0x00, 0xFC, 0x3D, 0x70, 0x00, 0x3F,
    0x00, 0xBE, 0x07, 0xF4, 0x01, 0xFF, 0xFF, 0xF9, 0x00, 0x00, 0x00, 0x00, 0x00, 0x00, 0x00, 0x0F,
    0xFF, 0xD1, 0xFF, 0xFC, 0x00, 0x00, 0x3F, 0x00, 0x03, 0xF0, 0x00, 0x00, 0x0F, 0xC0, 0x00, 0xFC,
    0x00, 0x00, 0x03, 0xF0, 0x00, 0x3F, 0x00, 0x00, 0x00, 0xFC, 0x00, 0x0F, 0xC0, 0x00, 0x00, 0x3F,
    0x00, 0x03, 0xF0, 0x00, 0x00, 0x0F, 0xFF, 0xFF, 0xFF, 0xFF, 0x90, 0x03, 0xF0, 0x00, 0x3F, 0x00,
    0xBE, 0x00, 0xFC, 0x00, 0x0F, 0xC0, 0x0F, 0xC0, 0x3F, 0x00, 0x03, 0xF0, 0x02, 0xF4, 0x0F, 0xC0,
    0x00, 0xFC, 0x00, 0xBD, 0x03, 0xF0, 0x00, 0x3F, 0x00, 0x3F, 0x00, 0xFC, 0x00, 0x0F, 0xC0, 0x2F,
    0x83, 0xFF, 0xF4, 0x7F, 0xFF, 0xFE, 0x40, 0x2F, 0xFF, 0xFF, 0xFC, 0x00, 0xF0, 0x3F, 0x00, 0xB0,
    0x03, 0x00, 0xFC, 0x00, 0xC0, 0x0C, 0x03, 0xF0, 0x00, 0x00, 0x00, 0x0F, 0xC7, 0xFD, 0x00, 0x00,
    0x3F, 0xA0, 0x7C, 0x00, 0x00, 0xFD, 0x00, 0xF4, 0x00, 0x03, 0xF0, 0x03, 0xD0, 0x00, 0x0F, 0xC0,
    0x0F, 0x40, 0x00, 0x3F, 0x00, 0x3D, 0x00, 0x00, 0xFC, 0x00, 0xF4, 0x00, 0x03, 0xF0, 0x03, 0xD0,
    0x00, 0x0F, 0xC0, 0x0F, 0x40, 0x07, 0xFF, 0xE2, 0xFF, 0xC0, 0x00, 0x00, 0x00, 0x00, 0x00, 0x00,
    0x00, 0x07, 0x80, 0x00, 0x00, 0x02, 0xFC, 0x00, 0x00, 0x00, 0xBA, 0x00, 0x00, 0x00, 0x00, 0x00,
    0x00, 0x3F, 0xFF, 0x40, 0xBF, 0xE0, 0x3F, 0x00, 0x02, 0xD0, 0x03, 0xF0, 0x00, 0xA0, 0x00, 0x3F,
    0x00, 0x38, 0x00, 0x03, 0xF0, 0x1D, 0x00, 0x00, 0x3F, 0x07, 0x40, 0x00, 0x03, 0xF2, 0xFC, 0x00,
    0x00, 0x3F, 0xEB, 0xF0, 0x00, 0x03, 0xF4, 0x2F, 0x80, 0x00, 0x3F, 0x00, 0xFD, 0x00, 0x03, 0xF0,
    0x03, 0xF0, 0x00, 0x3F, 0x00, 0x1F, 0xC0, 0x03, 0xF0, 0x00, 0xBF, 0x03, 0xFF, 0xF4, 0x3F, 0xFF,
    0x00, 0x02, 0xD0, 0x00, 0x00, 0x00, 0x0F, 0xE0, 0x00, 0x00, 0x00, 0x2F, 0xD0, 0x00, 0x00, 0x00,
    0x00, 0x00, 0x00, 0x00, 0x00, 0x00, 0x00, 0x00, 0xFF, 0xFD, 0x1F, 0xFF, 0xC0, 0x3F, 0x00, 0x0B,
    0xF0, 0x00, 0xFC, 0x00, 0x3F, 0xC0, 0x03, 0xF0, 0x03, 0xBF, 0x00, 0x0F, 0xC0, 0x28, 0xFC, 0x00,
    0x3F, 0x00, 0xC3, 0xF0, 0x00, 0xFC, 0x0D, 0x0F, 0xC0, 0x03, 0xF0, 0x60, 0x3F, 0x00, 0x0F, 0xC3,
    0x00, 0xFC, 0x00, 0x3F, 0x34, 0x03, 0xF0, 0x00, 0xFE, 0xC0, 0x0F, 0xC0, 0x03, 0xFC, 0x00, 0x3F,
    0x00, 0x0F, 0xD0, 0x00, 0xFC, 0x03, 0xFF, 0xF4, 0x7F, 0xFF, 0x00, 0x00, 0x07, 0x82, 0xE0, 0x00,
    0x00, 0xBC, 0x3F, 0x00, 0x00, 0x07, 0xC2, 0xE0, 0x00, 0x00, 0x1F, 0xF4, 0x00, 0x00, 0x00, 0x00,
    0x00, 0x07, 0xFF, 0xE0, 0x07, 0xFE, 0x03, 0xF4, 0x00, 0x0A, 0x00, 0x1F, 0xC0, 0x00, 0xC0, 0x00,
    0xBE, 0x00, 0x1C, 0x00, 0x03, 0xF4, 0x03, 0x40, 0x00, 0x0F, 0xC0, 0x70, 0x00, 0x00, 0x7F, 0x0D,
    0x00, 0x00, 0x03, 0xF8, 0xC0, 0x00, 0x00, 0x0F, 0xF8, 0x00, 0x00, 0x00, 0x7F, 0x00, 0x00, 0x0F,
    0x42, 0xE0, 0x00, 0x01, 0xF8, 0x1C, 0x00, 0x00, 0x0F, 0x47, 0x40, 0x00, 0x00, 0x7F, 0x80, 0x00,
    0x00, 0x00, 0x00, 0x00, 0x00, 0x00, 0xFF, 0xFD, 0x1F, 0xFF, 0xC0, 0x3F, 0x00, 0x03, 0xF0, 0x00,
    0xFC, 0x00, 0x0F, 0xC0, 0x03, 0xF0, 0x00, 0x3F, 0x00, 0x0F, 0xC0, 0x00, 0xFC, 0x00, 0x3F, 0x00,
    0x03, 0xF0, 0x00, 0xFC, 0x00, 0x0F, 0xC0, 0x03, 0xF0, 0x00, 0x3F, 0x00, 0x0F, 0xC0, 0x00, 0xFC,
    0x00, 0x3F, 0x00, 0x03, 0xF0, 0x00, 0xFC, 0x00, 0x0F, 0xC0, 0x03, 0xF0, 0x00, 0x3F, 0x00, 0x0F,
    0xC0, 0x00, 0xFC, 0x03, 0xFF, 0xFF, 0xFF, 0xFF, 0x00, 0x00, 0x3E, 0x00, 0x00, 0x00, 0x00, 0x74,
    0x00, 0x00, 0x00, 0x00, 0xC0, 0x00, 0x00, 0x00, 0x03, 0x00, 0x00, 0x00, 0x00, 0x00, 0xB0, 0x00,
    0x00, 0x00, 0x0F, 0x40, 0x00, 0x00, 0x02, 0xFC, 0x00, 0x00, 0x00, 0x3F, 0xC0, 0x00, 0x00, 0x06,
    0x7E, 0x00, 0x00, 0x00, 0xD3, 0xF0, 0x00, 0x00, 0x1C, 0x2F, 0x80, 0x00, 0x02, 0x40, 0xFC, 0x00,
    0x00, 0x30, 0x0B, 0xD0, 0x00, 0x0B, 0xFF, 0xFF, 0x00, 0x00, 0xC0, 0x03, 0xF0, 0x00, 0x18, 0x00,
    0x1F, 0x80, 0x03, 0x40, 0x00, 0xFC, 0x03, 0xFF, 0x00, 0xBF, 0xFD, 0x3F, 0xFF, 0xFF, 0xF0, 0x03,
    0xF0, 0x01, 0xF0, 0x03, 0xF0, 0x00, 0x70, 0x03, 0xF0, 0x00, 0x34, 0x03, 0xF0, 0x00, 0x24, 0x03,
    0xF0, 0x00, 0x00, 0x03, 0xFF, 0xFF, 0x90, 0x03, 0xF0, 0x02, 0xF8, 0x03, 0xF0, 0x00, 0xFD, 0x03,
    0xF0, 0x00, 0x7F, 0x03, 0xF0, 0x00, 0x7E, 0x03, 0xF0, 0x00, 0xFD, 0x03, 0xF0, 0x02, 0xFC, 0x3F,
    0xFF, 0xFF, 0xD0, 0x3F, 0xFF, 0xFF, 0x80, 0x03, 0xF0, 0x02, 0xF4, 0x03, 0xF0, 0x00, 0xFC, 0x03,
    0xF0, 0x00, 0xFC, 0x03, 0xF0, 0x00, 0xFC, 0x03, 0xF0, 0x07, 0xF0, 0x03, 0xFF, 0xFF, 0x40, 0x03,
    0xF0, 0x01, 0xF4, 0x03, 0xF0, 0x00, 0xBD, 0x03, 0xF0, 0x00, 0x7E, 0x03, 0xF0, 0x00, 0x7F, 0x03,
    0xF0, 0x00, 0xBD, 0x03, 0xF0, 0x02, 0xFC, 0x3F, 0xFF, 0xFF, 0xD0, 0x3F, 0xFF, 0xFF, 0xC0, 0x3F,
    0x00, 0x7C, 0x03, 0xF0, 0x00, 0xC0, 0x3F, 0x00, 0x0D, 0x03, 0xF0, 0x00, 0x90, 0x3F, 0x00, 0x00,
    0x03, 0xF0, 0x00, 0x00, 0x3F, 0x00, 0x00, 0x03, 0xF0, 0x00, 0x00, 0x3F, 0x00, 0x00, 0x03, 0xF0,
    0x00, 0x00, 0x3F, 0x00, 0x00, 0x03, 0xF0, 0x00, 0x03, 0xFF, 0xFC, 0x00, 0x00, 0x2F, 0xFF, 0xFF,
    0xFC, 0x00, 0x01, 0x80, 0x0F, 0xC0, 0x00, 0x01, 0x40, 0x0F, 0xC0, 0x00, 0x02, 0x40, 0x0F, 0xC0,
    0x00, 0x02, 0x40, 0x0F, 0xC0, 0x00, 0x03, 0x00, 0x0F, 0xC0, 0x00, 0x03, 0x00, 0x0F, 0xC0, 0x00,
    0x03, 0x00, 0x0F, 0xC0, 0x00, 0x0A, 0x00, 0x0F, 0xC0, 0x00, 0x0C, 0x00, 0x0F, 0xC0, 0x00, 0x18,
    0x00, 0x0F, 0xC0, 0x00, 0x30, 0x00, 0x0F, 0xC0, 0x00, 0xD0, 0x00, 0x0F, 0xC0, 0x1F, 0xFF, 0xFF,
    0xFF, 0xFD, 0x2E, 0x00, 0x00, 0x00, 0x2E, 0x28, 0x00, 0x00, 0x00, 0x0A, 0x30, 0x00, 0x00, 0x00,
    0x07, 0x30, 0x00, 0x00, 0x00, 0x03, 0x3F, 0xFF, 0xFF, 0xF0, 0x03, 0xF0, 0x01, 0xF0, 0x03, 0xF0,
    0x00, 0x30, 0x03, 0xF0, 0x00, 0x34, 0x03, 0xF0, 0x24, 0x24, 0x03, 0xF0, 0x34, 0x00, 0x03, 0xFF,
    0xF4, 0x00, 0x03, 0xF0, 0x34, 0x00, 0x03, 0xF0, 0x24, 0x00, 0x03, 0xF0, 0x00, 0x0C, 0x03, 0xF0,
    0x00, 0x0C, 0x03, 0xF0, 0x00, 0x28, 0x03, 0xF0, 0x01, 0xB8, 0x3F, 0xFF, 0xFF, 0xF4, 0x2F, 0xF8,
    0x07, 0xFF, 0xF0, 0x0F, 0xFD, 0x01, 0xE0, 0x00, 0x3F, 0x00, 0x03, 0x80, 0x00, 0x38, 0x00, 0x3F,
    0x00, 0x0E, 0x00, 0x00, 0x0B, 0x00, 0x3F, 0x00, 0x74, 0x00, 0x00, 0x01, 0xC0, 0x3F, 0x01, 0xC0,
    0x00, 0x00, 0x00, 0xB4, 0x3F, 0x0B, 0x00, 0x00, 0x00, 0x00, 0xFE, 0x3F, 0x3F, 0xC0, 0x00, 0x00,
    0x03, 0xF6, 0xFF, 0xDB, 0xE0, 0x00, 0x00, 0x0B, 0xE0, 0xBF, 0x03, 0xF4, 0x00, 0x00, 0x2F, 0xC0,
    0x3F, 0x00, 0xFC, 0x00, 0x00, 0x7F, 0x00, 0x3F, 0x00, 0x7F, 0x00, 0x00, 0xFD, 0x00, 0x3F, 0x00,
    0x2F, 0x80, 0x03, 0xF8, 0x00, 0x3F, 0x00, 0x0F, 0xE0, 0x3F, 0xFE, 0x07, 0xFF, 0xF0, 0x3F, 0xFE,
    0x66, 0xFF, 0x90, 0x2F, 0x80, 0x7F, 0x0B, 0x00, 0x03, 0xF2, 0x80, 0x00, 0xFC, 0x00, 0x00, 0x3E,
    0x00, 0x00, 0x7E, 0x00, 0x0F, 0xFD, 0x00, 0x00, 0x02, 0xF4, 0x00, 0x00, 0x3F, 0x40, 0x00, 0x07,
    0xE9, 0x00, 0x01, 0xFA, 0x80, 0x00, 0xFD, 0x3D, 0x00, 0xBD, 0x01, 0xBF, 0xF8, 0x00, 0x00, 0x00,
    0x00, 0x00, 0x00, 0xFF, 0xFD, 0x1F, 0xFF, 0xC0, 0x3F, 0x00, 0x0B, 0xF0, 0x00, 0xFC, 0x00, 0x3F,
    0xC0, 0x03, 0xF0, 0x03, 0xBF, 0x00, 0x0F, 0xC0, 0x28, 0xFC, 0x00, 0x3F, 0x00, 0xC3, 0xF0, 0x00,
    0xFC, 0x0D, 0x0F, 0xC0, 0x03, 0xF0, 0x60, 0x3F, 0x00, 0x0F, 0xC3, 0x00, 0xFC, 0x00, 0x3F, 0x34,
    0x03, 0xF0, 0x00, 0xFE, 0xC0, 0x0F, 0xC0, 0x03, 0xFC, 0x00, 0x3F, 0x00, 0x0F, 0xD0, 0x00, 0xFC,
    0x03, 0xFF, 0xF4, 0x7F, 0xFF, 0x00, 0x00, 0x0F, 0x07, 0xC0, 0x00, 0x00, 0x7E, 0x2F, 0x40, 0x00,
    0x00, 0xF4, 0x7C, 0x00, 0x00, 0x00, 0xBF, 0x80, 0x00, 0x00, 0x00, 0x00, 0x00, 0x00, 0xFF, 0xFD,
    0x1F, 0xFF, 0xC0, 0x3F, 0x00, 0x0B, 0xF0, 0x00, 0xFC, 0x00, 0x3F, 0xC0, 0x03, 0xF0, 0x03, 0xBF,
    0x00, 0x0F, 0xC0, 0x28, 0xFC, 0x00, 0x3F, 0x00, 0xC3, 0xF0, 0x00, 0xFC, 0x0D, 0x0F, 0xC0, 0x03,
    0xF0, 0x60, 0x3F, 0x00, 0x0F, 0xC3, 0x00, 0xFC, 0x00, 0x3F, 0x34, 0x03, 0xF0, 0x00, 0xFE, 0xC0,
    0x0F, 0xC0, 0x03, 0xFC, 0x00, 0x3F, 0x00, 0x0F, 0xD0, 0x00, 0xFC, 0x03, 0xFF, 0xF4, 0x7F, 0xFF,
    0x00, 0x3F, 0xFF, 0x40, 0xBF, 0xE0, 0x3F, 0x00, 0x02, 0xD0, 0x03, 0xF0, 0x00, 0xA0, 0x00, 0x3F,
    0x00, 0x38, 0x00, 0x03, 0xF0, 0x1D, 0x00, 0x00, 0x3F, 0x07, 0x40, 0x00, 0x03, 0xF2, 0xFC, 0x00,
    0x00, 0x3F, 0xEB, 0xF0, 0x00, 0x03, 0xF4, 0x2F, 0x80, 0x00, 0x3F, 0x00, 0xFD, 0x00, 0x03, 0xF0,
    0x03, 0xF0, 0x00, 0x3F, 0x00, 0x1F, 0xC0, 0x03, 0xF0, 0x00, 0xBF, 0x03, 0xFF, 0xF4, 0x3F, 0xFF,
    0x00, 0xFF, 0xFF, 0xFF, 0xF0, 0x00, 0x18, 0x00, 0xFC, 0x00, 0x00, 0x60, 0x03, 0xF0, 0x00, 0x02,
    0x40, 0x0F, 0xC0, 0x00, 0x09, 0x00, 0x3F, 0x00, 0x00, 0x24, 0x00, 0xFC, 0x00, 0x00, 0x90, 0x03,
    0xF0, 0x00, 0x02, 0x40, 0x0F, 0xC0, 0x00, 0x0C, 0x00, 0x3F, 0x00, 0x00, 0x30, 0x00, 0xFC, 0x03,
    0xD0, 0xC0, 0x03, 0xF0, 0x1F, 0xCA, 0x00, 0x0F, 0xC0, 0x3D, 0x70, 0x00, 0x3F, 0x00, 0x7F, 0x40,
    0x1F, 0xFF, 0xC0, 0x00, 0x00, 0x00, 0x00, 0x00, 0x3F, 0xF4, 0x00, 0x00, 0x7F, 0xF0, 0x0F, 0xF0,
    0x00, 0x03, 0xFC, 0x00, 0x37, 0xD0, 0x00, 0x17, 0xF0, 0x00, 0xCB, 0xC0, 0x00, 0xCF, 0xC0, 0x03,
    0x1F, 0x40, 0x06, 0x3F, 0x00, 0x0C, 0x3F, 0x00, 0x30, 0xFC, 0x00, 0x30, 0x7C, 0x01, 0x83, 0xF0,
    0x00, 0xC0, 0xF8, 0x08, 0x0F, 0xC0, 0x03, 0x01, 0xF0, 0x20, 0x3F, 0x00, 0x0C, 0x03, 0xE2, 0x00,
    0xFC, 0x00, 0x30, 0x07, 0xD8, 0x03, 0xF0, 0x00, 0xC0, 0x0F, 0xC0, 0x0F, 0xC0, 0x03, 0x40, 0x2F,
    0x00, 0x3F, 0x00, 0xFF, 0xD0, 0x34, 0x0F, 0xFF, 0xC0, 0x00, 0x00, 0x00, 0x00, 0x00, 0xFF, 0xFD,
    0x1F, 0xFF, 0xC0, 0x3F, 0x00, 0x03, 0xF0, 0x00, 0xFC, 0x00, 0x0F, 0xC0, 0x03, 0xF0, 0x00, 0x3F,
    0x00, 0x0F, 0xC0, 0x00, 0xFC, 0x00, 0x3F, 0x00, 0x03, 0xF0, 0x00, 0xFF, 0xFF, 0xFF, 0xC0, 0x03,
    0xF0, 0x00, 0x3F, 0x00, 0x0F, 0xC0, 0x00, 0xFC, 0x00, 0x3F, 0x00, 0x03, 0xF0, 0x00, 0xFC, 0x00,
    0x0F, 0xC0, 0x03, 0xF0, 0x00, 0x3F, 0x00, 0x0F, 0xC0, 0x00, 0xFC, 0x03, 0xFF, 0xF4, 0x7F, 0xFF,
    0x00, 0x00, 0x6F, 0xF9, 0x00, 0x03, 0xF4, 0x1B, 0xC0, 0x0F, 0x80, 0x02, 0xF0, 0x2F, 0x00, 0x00,
    0xFC, 0x3F, 0x00, 0x00, 0xBD, 0x7E, 0x00, 0x00, 0xBE, 0xBE, 0x00, 0x00, 0x7E, 0xBE, 0x00, 0x00,
    0x7E, 0xBE, 0x00, 0x00, 0xBE, 0x7F, 0x00, 0x00, 0xBD, 0x3F, 0x00, 0x00, 0xFC, 0x0F, 0xC0, 0x02,
    0xF4, 0x03, 0xF4, 0x0B, 0xD0, 0x00, 0x6F, 0xF9, 0x00, 0x3F, 0xFF, 0xFF, 0xFF, 0xF0, 0x0F, 0xC0,
    0x00, 0xFC, 0x00, 0x3F, 0x00, 0x03, 0xF0, 0x00, 0xFC, 0x00, 0x0F, 0xC0, 0x03, 0xF0, 0x00, 0x3F,
    0x00, 0x0F, 0xC0, 0x00, 0xFC, 0x00, 0x3F, 0x00, 0x03, 0xF0, 0x00, 0xFC, 0x00, 0x0F, 0xC0, 0x03,
    0xF0, 0x00, 0x3F, 0x00, 0x0F, 0xC0, 0x00, 0xFC, 0x00, 0x3F, 0x00, 0x03, 0xF0, 0x00, 0xFC, 0x00,
    0x0F, 0xC0, 0x03, 0xF0, 0x00, 0x3F, 0x00, 0xFF, 0xFD, 0x1F, 0xFF, 0xC0, 0x3F, 0xFF, 0xFF, 0x40,
    0x03, 0xF0, 0x07, 0xF0, 0x03, 0xF0, 0x01, 0xFC, 0x03, 0xF0, 0x00, 0xFC, 0x03, 0xF0, 0x00, 0xFC,
    0x03, 0xF0, 0x01, 0xFC, 0x03, 0xF0, 0x07, 0xF0, 0x03, 0xFF, 0xFF, 0x40, 0x03, 0xF0, 0x00, 0x00,
    0x03, 0xF0, 0x00, 0x00, 0x03, 0xF0, 0x00, 0x00, 0x03, 0xF0, 0x00, 0x00, 0x03, 0xF0, 0x00, 0x00,
    0x3F, 0xFF, 0x40, 0x00, 0x00, 0x2F, 0xFD, 0x0C, 0x02, 0xF8, 0x02, 0xFC, 0x0F, 0xC0, 0x00, 0x7C,
    0x2F, 0x40, 0x00, 0x1C, 0x3F, 0x00, 0x00, 0x0C, 0x7E, 0x00, 0x00, 0x00, 0xBE, 0x00, 0x00, 0x00,
    0xBE, 0x00, 0x00, 0x00, 0x7E, 0x00, 0x00, 0x00, 0x3F, 0x00, 0x00, 0x0C, 0x2F, 0x40, 0x00, 0x0C,
    0x0F, 0xC0, 0x00, 0x34, 0x02, 0xF8, 0x01, 0xD0, 0x00, 0x2F, 0xFE, 0x00, 0x3F, 0xFF, 0xFF, 0xFD,
    0x3D, 0x03, 0xF0, 0x1E, 0x34, 0x03, 0xF0, 0x0A, 0x30, 0x03, 0xF0, 0x07, 0x30, 0x03, 0xF0, 0x03,
    0x00, 0x03, 0xF0, 0x00, 0x00, 0x03, 0xF0, 0x00, 0x00, 0x03, 0xF0, 0x00, 0x00, 0x03, 0xF0, 0x00,
    0x00, 0x03, 0xF0, 0x00, 0x00, 0x03, 0xF0, 0x00, 0x00, 0x03, 0xF0, 0x00, 0x00, 0x03, 0xF0, 0x00,
    0x01, 0xFF, 0xFF, 0xC0, 0x00, 0x00, 0x00, 0x00, 0x7F, 0xFE, 0x00, 0x7F, 0xE0, 0x3F, 0x40, 0x00,
    0xA0, 0x01, 0xFC, 0x00, 0x0C, 0x00, 0x0B, 0xE0, 0x01, 0xC0, 0x00, 0x3F, 0x40, 0x34, 0x00, 0x00,
    0xFC, 0x07, 0x00, 0x00, 0x07, 0xF0, 0xD0, 0x00, 0x00, 0x3F, 0x8C, 0x00, 0x00, 0x00, 0xFF, 0x80,
    0x00, 0x00, 0x07, 0xF0, 0x00, 0x00, 0xF4, 0x2E, 0x00, 0x00, 0x1F, 0x81, 0xC0, 0x00, 0x00, 0xF4,
    0x74, 0x00, 0x00, 0x07, 0xF8, 0x00, 0x00, 0x00, 0x00, 0x00, 0x00, 0x00, 0x03, 0xFF, 0xFD, 0x00,
    0x01, 0xBF, 0xFF, 0xE4, 0x00, 0xFD, 0x1F, 0x47, 0xF0, 0x3F, 0x01, 0xF4, 0x0F, 0xC7, 0xE0, 0x1F,
    0x40, 0xBE, 0xBD, 0x01, 0xF4, 0x07, 0xEB, 0xD0, 0x1F, 0x40, 0x7E, 0x7E, 0x01, 0xF4, 0x0B, 0xE3,
    0xF0, 0x1F, 0x40, 0xFC, 0x0F, 0xD1, 0xF4, 0x7F, 0x40, 0x1B, 0xFF, 0xFE, 0x40, 0x00, 0x01, 0xF4,
    0x00, 0x00, 0x00, 0x1F, 0x40, 0x00, 0x00, 0x3F, 0xFF, 0xD0, 0x00, 0x00, 0x00, 0x00, 0x00, 0x3F,
    0xFF, 0x07, 0xFF, 0x80, 0x2F, 0xC0, 0x0E, 0x00, 0x00, 0xFE, 0x02, 0xC0, 0x00, 0x03, 0xF4, 0x70,
    0x00, 0x00, 0x1F, 0xDD, 0x00, 0x00, 0x00, 0xBF, 0x40, 0x00, 0x00, 0x03, 0xF8, 0x00, 0x00, 0x00,
    0x2F, 0xD0, 0x00, 0x00, 0x07, 0x7F, 0x00, 0x00, 0x00, 0xD2, 0xFC, 0x00, 0x00, 0x38, 0x0F, 0xE0,
    0x00, 0x0B, 0x00, 0x3F, 0x40, 0x01, 0xC0, 0x01, 0xFC, 0x07, 0xFF, 0x80, 0xBF, 0xFE, 0x00, 0x00,
    0x00, 0x00, 0x00, 0xFF, 0xFD, 0x1F, 0xFF, 0xC0, 0x3F, 0x00, 0x03, 0xF0, 0x00, 0xFC, 0x00, 0x0F,
    0xC0, 0x03, 0xF0, 0x00, 0x3F, 0x00, 0x0F, 0xC0, 0x00, 0xFC, 0x00, 0x3F, 0x00, 0x03, 0xF0, 0x00,
    0xFC, 0x00, 0x0F, 0xC0, 0x03, 0xF0, 0x00, 0x3F, 0x00, 0x0F, 0xC0, 0x00, 0xFC, 0x00, 0x3F, 0x00,
    0x03, 0xF0, 0x00, 0xFC, 0x00, 0x0F, 0xC0, 0x03, 0xF0, 0x00, 0x3F, 0x00, 0x0F, 0xC0, 0x00, 0xFC,
    0x03, 0xFF, 0xFF, 0xFF, 0xFF, 0x40, 0x00, 0x00, 0x00, 0x2E, 0x00, 0x00, 0x00, 0x00, 0x28, 0x00,
    0x00, 0x00, 0x00, 0x70, 0x00, 0x00, 0x00, 0x00, 0xC0, 0x3F, 0xFF, 0x47, 0xFF, 0xF0, 0x0F, 0xC0,
    0x00, 0xFC, 0x00, 0x3F, 0x00, 0x03, 0xF0, 0x00, 0xFC, 0x00, 0x0F, 0xC0, 0x03, 0xF0, 0x00, 0x3F,
    0x00, 0x0F, 0xC0, 0x00, 0xFC, 0x00, 0x0F, 0x80, 0x2F, 0xF0, 0x00, 0x0B, 0xFE, 0x5F, 0xC0, 0x00,
    0x00, 0x00, 0x3F, 0x00, 0x00, 0x00, 0x00, 0xFC, 0x00, 0x00, 0x00, 0x03, 0xF0, 0x00, 0x00, 0x00,
    0x0F, 0xC0, 0x00, 0x00, 0x00, 0x3F, 0x00, 0x00, 0x00, 0x1F, 0xFF, 0xC0, 0x00, 0x00, 0x00, 0x00,
    0x00, 0x3F, 0xFF, 0x4F, 0xFF, 0xE1, 0xFF, 0xFC, 0x03, 0xF0, 0x00, 0xBD, 0x00, 0x0F, 0xC0, 0x03,
    0xF0, 0x00, 0xBD, 0x00, 0x0F, 0xC0, 0x03, 0xF0, 0x00, 0xBD, 0x00, 0x0F, 0xC0, 0x03, 0xF0, 0x00,
    0xBD, 0x00, 0x0F, 0xC0, 0x03, 0xF0, 0x00, 0xBD, 0x00, 0x0F, 0xC0, 0x03, 0xF0, 0x00, 0xBD, 0x00,
    0x0F, 0xC0, 0x03, 0xF0, 0x00, 0xBD, 0x00, 0x0F, 0xC0, 0x03, 0xF0, 0x00, 0xBD, 0x00, 0x0F, 0xC0,
    0x03, 0xF0, 0x00, 0xBD, 0x00, 0x0F, 0xC0, 0x03, 0xF0, 0x00, 0xBD, 0x00, 0x0F, 0xC0, 0x03, 0xF0,
    0x00, 0xBD, 0x00, 0x0F, 0xC0, 0x03, 0xF0, 0x00, 0xBD, 0x00, 0x0F, 0xC0, 0x3F, 0xFF, 0xFF, 0xFF,
    0xFF, 0xFF, 0xFC, 0x3F, 0xFF, 0x4F, 0xFF, 0xE1, 0xFF, 0xFC, 0x03, 0xF0, 0x00, 0xBD, 0x00, 0x0F,
    0xC0, 0x03, 0xF0, 0x00, 0xBD, 0x00, 0x0F, 0xC0, 0x03, 0xF0, 0x00, 0xBD, 0x00, 0x0F, 0xC0, 0x03,
    0xF0, 0x00, 0xBD, 0x00, 0x0F, 0xC0, 0x03, 0xF0, 0x00, 0xBD, 0x00, 0x0F, 0xC0, 0x03, 0xF0, 0x00,
    0xBD, 0x00, 0x0F, 0xC0, 0x03, 0xF0, 0x00, 0xBD, 0x00, 0x0F, 0xC0, 0x03, 0xF0, 0x00, 0xBD, 0x00,
    0x0F, 0xC0, 0x03, 0xF0, 0x00, 0xBD, 0x00, 0x0F, 0xC0, 0x03, 0xF0, 0x00, 0xBD, 0x00, 0x0F, 0xC0,
    0x03, 0xF0, 0x00, 0xBD, 0x00, 0x0F, 0xC0, 0x03, 0xF0, 0x00, 0xBD, 0x00, 0x0F, 0xC0, 0x3F, 0xFF,
    0xFF, 0xFF, 0xFF, 0xFF, 0xFD, 0x00, 0x00, 0x00, 0x00, 0x00, 0x00, 0x2E, 0x00, 0x00, 0x00, 0x00,
    0x00, 0x00, 0x0A, 0x00, 0x00, 0x00, 0x00, 0x00, 0x00, 0x07, 0x00, 0x00, 0x00, 0x00, 0x00, 0x00,
    0x03, 0x3F, 0xFF, 0xFC, 0x00, 0x00, 0x3D, 0x03, 0xF0, 0x00, 0x00, 0x34, 0x03, 0xF0, 0x00, 0x00,
    0x30, 0x03, 0xF0, 0x00, 0x00, 0x30, 0x03, 0xF0, 0x00, 0x00, 0x00, 0x03, 0xF0, 0x00, 0x00, 0x00,
    0x03, 0xFF, 0xFF, 0x90, 0x00, 0x03, 0xF0, 0x02, 0xF8, 0x00, 0x03, 0xF0, 0x00, 0xFD, 0x00, 0x03,
    0xF0, 0x00, 0xBE, 0x00, 0x03, 0xF0, 0x00, 0xBE, 0x00, 0x03, 0xF0, 0x00, 0xFD, 0x00, 0x03, 0xF0,
    0x02, 0xF8, 0x00, 0x3F, 0xFF, 0xFF, 0x90, 0x00, 0x00, 0x00, 0x00, 0x00, 0x00, 0xFF, 0xFC, 0x00,
    0x0F, 0xFF, 0xE0, 0x3F, 0x00, 0x00, 0x02, 0xF4, 0x00, 0xFC, 0x00, 0x00, 0x0B, 0xD0, 0x03, 0xF0,
    0x00, 0x00, 0x2F, 0x40, 0x0F, 0xC0, 0x00, 0x00, 0xBD, 0x00, 0x3F, 0x00, 0x00, 0x02, 0xF4, 0x00,
    0xFF, 0xFF, 0xE4, 0x0B, 0xD0, 0x03, 0xF0, 0x02, 0xF8, 0x2F, 0x40, 0x0F, 0xC0, 0x03, 0xF4, 0xBD,
    0x00, 0x3F, 0x00, 0x07, 0xF2, 0xF4, 0x00, 0xFC, 0x00, 0x1F, 0x8B, 0xD0, 0x03, 0xF0, 0x00, 0xFD,
    0x2F, 0x40, 0x0F, 0xC0, 0x0B, 0xE0, 0xBD, 0x03, 0xFF, 0xFF, 0xF9, 0x3F, 0xFF, 0x80, 0x00, 0x00,
    0x00, 0x00, 0x3F, 0xFF, 0x00, 0x00, 0x03, 0xF0, 0x00, 0x00, 0x03, 0xF0, 0x00, 0x00, 0x03, 0xF0,
    0x00, 0x00, 0x03, 0xF0, 0x00, 0x00, 0x03, 0xF0, 0x00, 0x00, 0x03, 0xFF, 0xFF, 0x90, 0x03, 0xF0,
    0x02, 0xF8, 0x03, 0xF0, 0x00, 0xFD, 0x03, 0xF0, 0x00, 0x7F, 0x03, 0xF0, 0x00, 0x7E, 0x03, 0xF0,
    0x00, 0xFD, 0x03, 0xF0, 0x02, 0xF8, 0x3F, 0xFF, 0xFF, 0x90, 0x00, 0x00, 0x00, 0x00, 0xA1, 0xBF,
    0xE4, 0x00, 0xBE, 0x40, 0x7F, 0x40, 0xB4, 0x00, 0x0B, 0xD0, 0xB0, 0x00, 0x03, 0xF0, 0x40, 0x00,
    0x01, 0xF8, 0x00, 0x00, 0x00, 0xFC, 0x07, 0xFE, 0x41, 0xFC, 0x00, 0x7F, 0xFF, 0xFC, 0x00, 0x07,
    0xE5, 0xFC, 0x00, 0x00, 0x02, 0xF8, 0x90, 0x00, 0x03, 0xF0, 0x70, 0x00, 0x0F, 0xD0, 0x2D, 0x00,
    0x7F, 0x00, 0x02, 0xFF, 0xE4, 0x00, 0x00, 0x00, 0x00, 0x00, 0x00, 0x00, 0x03, 0xFF, 0xF4, 0x00,
    0x6F, 0xF8, 0x00, 0x03, 0xF0, 0x00, 0x7E, 0x01, 0xF8, 0x00, 0x3F, 0x00, 0x1F, 0x40, 0x03, 0xE0,
    0x03, 0xF0, 0x03, 0xF0, 0x00, 0x1F, 0x40, 0x3F, 0x00, 0x7D, 0x00, 0x00, 0xFC, 0x03, 0xF0, 0x0F,
    0xD0, 0x00, 0x0F, 0xC0, 0x3F, 0x00, 0xFC, 0x00, 0x00, 0xFD, 0x03, 0xFF, 0xFF, 0xC0, 0x00, 0x0F,
    0xD0, 0x3F, 0x00, 0xFC, 0x00, 0x00, 0xFD, 0x03, 0xF0, 0x0F, 0xD0, 0x00, 0x0F, 0xC0, 0x3F, 0x00,
    0x7E, 0x00, 0x01, 0xF8, 0x03, 0xF0, 0x02, 0xF4, 0x00, 0x3F, 0x00, 0x3F, 0x00, 0x0B, 0xE0, 0x1F,
    0x80, 0x3F, 0xFF, 0x40, 0x0B, 0xFF, 0x90, 0x00, 0x00, 0x0B, 0xFF, 0xFF, 0xF0, 0x02, 0xF8, 0x00,
    0xFC, 0x00, 0x1F, 0x80, 0x03, 0xF0, 0x00, 0xFD, 0x00, 0x0F, 0xC0, 0x03, 0xF4, 0x00, 0x3F, 0x00,
    0x07, 0xE0, 0x00, 0xFC, 0x00, 0x0B, 0xE0, 0x03, 0xF0, 0x00, 0x02, 0xFF, 0xFF, 0xC0, 0x00, 0x02,
    0xF8, 0x3F, 0x00, 0x00, 0x2F, 0x80, 0xFC, 0x00, 0x02, 0xF8, 0x03, 0xF0, 0x00, 0x2F, 0x80, 0x0F,
    0xC0, 0x02, 0xFC, 0x00, 0x3F, 0x00, 0xFF, 0xFC, 0x1F, 0xFF, 0xC0, 0x0B, 0xFE, 0x00, 0x1F, 0x07,
    0xD0, 0x0F, 0x02, 0xF0, 0x00, 0x02, 0xF0, 0x01, 0xBF, 0xF0, 0x1F, 0x92, 0xF0, 0x3E, 0x02, 0xF0,
    0x7C, 0x02, 0xF0, 0x3E, 0x07, 0xF0, 0x0B, 0xF8, 0xBE, 0x00, 0x16, 0xF8, 0x03, 0xFF, 0xF0, 0x0F,
    0x40, 0x00, 0x2C, 0x00, 0x00, 0x31, 0xFF, 0x40, 0x3B, 0x41, 0xF0, 0x7E, 0x00, 0xB8, 0x7D, 0x00,
    0x7C, 0x7D, 0x00, 0x7D, 0x7D, 0x00, 0x7D, 0x3D, 0x00, 0x7C, 0x3E, 0x00, 0xBC, 0x0F, 0x41, 0xF0,
    0x02, 0xFF, 0x80, 0x7F, 0xFF, 0xD0, 0x0F, 0x81, 0xF4, 0x0F, 0x80, 0xF8, 0x0F, 0x81, 0xF0, 0x0F,
    0xFF, 0xC0, 0x0F, 0x80, 0xF4, 0x0F, 0x80, 0x7C, 0x0F, 0x80, 0x7C, 0x0F, 0x80, 0xF8, 0x7F, 0xFF,
    0xE0, 0x7F, 0xFF, 0xE0, 0xF8, 0x0E, 0x0F, 0x80, 0x70, 0xF8, 0x00, 0x0F, 0x80, 0x00, 0xF8, 0x00,
    0x0F, 0x80, 0x00, 0xF8, 0x00, 0x0F, 0x80, 0x07, 0xFF, 0x40, 0x03, 0xFF, 0xFF, 0x80, 0x0A, 0x03,
    0xD0, 0x00, 0x90, 0x3C, 0x00, 0x09, 0x03, 0xC0, 0x00, 0x80, 0x3C, 0x00, 0x0C, 0x03, 0xC0, 0x01,
    0x80, 0x3C, 0x00, 0x30, 0x03, 0xC0, 0x0A, 0x00, 0x3D, 0x0B, 0xFF, 0xFF, 0xFC, 0xB0, 0x00, 0x02,
    0xCD, 0x00, 0x00, 0x0C, 0xC0, 0x00, 0x00, 0xC0, 0x02, 0xFF, 0x40, 0x3D, 0x0B, 0x83, 0xE0, 0x0F,
    0x0F, 0x40, 0x2D, 0x7F, 0xFF, 0xF5, 0xF4, 0x00, 0x03, 0xE0, 0x00, 0x0B, 0xC0, 0x00, 0x0F, 0x80,
    0x70, 0x07, 0xFE, 0x00, 0x3F, 0x82, 0xFF, 0x82, 0xFC, 0x07, 0x80, 0x3C, 0x02, 0xD0, 0x00, 0xA0,
    0x3C, 0x0B, 0x00, 0x00, 0x2D, 0x3C, 0x38, 0x00, 0x00, 0x2F, 0xBE, 0xF8, 0x00, 0x00, 0x7D, 0xBF,
    0x7E, 0x00, 0x01, 0xF4, 0x3C, 0x1F, 0x40, 0x03, 0xE0, 0x3C, 0x07, 0xD0, 0x0F, 0xC0, 0x3C, 0x02,
    0xF4, 0xBF, 0xC2, 0xFF, 0x83, 0xFE, 0x6B, 0xFE, 0x47, 0x80, 0x7D, 0x60, 0x03, 0xE0, 0x00, 0x7C,
    0x02, 0xFF, 0x00, 0x00, 0x7D, 0x00, 0x03, 0xF0, 0x00, 0x3F, 0x60, 0x07, 0xD1, 0xFF, 0xE4, 0x7F,
    0xF2, 0xFF, 0x83, 0xE0, 0x1F, 0x40, 0xF8, 0x0F, 0xC0, 0x3E, 0x0D, 0xF0, 0x0F, 0x86, 0x3C, 0x03,
    0xE3, 0x0F, 0x00, 0xFB, 0x03, 0xC0, 0x3F, 0x40, 0xF0, 0x0F, 0xC0, 0x3D, 0x1F, 0xFC, 0xBF, 0xE0,
    0x02, 0xD0, 0xF0, 0x00, 0xFC, 0x7E, 0x00, 0x3D, 0x0F, 0x40, 0x02, 0xFE, 0x00, 0x7F, 0xF2, 0xFF,
    0x83, 0xE0, 0x1F, 0x40, 0xF8, 0x0F, 0xC0, 0x3E, 0x0D, 0xF0, 0x0F, 0x86, 0x3C, 0x03, 0xE3, 0x0F,
    0x00, 0xFB, 0x03, 0xC0, 0x3F, 0x40, 0xF0, 0x0F, 0xC0, 0x3D, 0x1F, 0xFC, 0xBF, 0xE0, 0x7F, 0xF0,
    0x7F, 0x43, 0xE0, 0x0E, 0x00, 0xF4, 0x1D, 0x00, 0x3D, 0x2C, 0x00, 0x0F, 0xBF, 0x00, 0x03, 0xF7,
    0xF0, 0x00, 0xF4, 0x3E, 0x00, 0x3D, 0x03, 0xE0, 0x0F, 0x80, 0x7E, 0x1F, 0xFC, 0x3F, 0xF0, 0x03,
    0xFF, 0xFF, 0x80, 0x28, 0x1F, 0x00, 0x06, 0x03, 0xC0, 0x01, 0x80, 0xF0, 0x00, 0x90, 0x3C, 0x00,
    0x24, 0x0F, 0x00, 0x09, 0x03, 0xC1, 0xE3, 0x00, 0xF0, 0x7D, 0xC0, 0x3D, 0x0F, 0xC0, 0xBF, 0xE0,
    0x3F, 0xC0, 0x03, 0xFC, 0x0B, 0xE0, 0x07, 0xF0, 0x0A, 0xF0, 0x09, 0xF0, 0x09, 0xB4, 0x09, 0xF0,
    0x09, 0x3C, 0x21, 0xF0, 0x09, 0x3D, 0x21, 0xF0, 0x09, 0x1E, 0x51, 0xF0, 0x09, 0x0F, 0xC1, 0xF0,
    0x0E, 0x07, 0x41, 0xF0, 0x3F, 0xC3, 0x0B, 0xFC, 0x7F, 0xF2, 0xFF, 0x83, 0xE0, 0x0F, 0x40, 0xF8,
    0x03, 0xC0, 0x3E, 0x00, 0xF0, 0x0F, 0xFF, 0xFC, 0x03, 0xE0, 0x0F, 0x00, 0xF8, 0x03, 0xC0, 0x3E,
    0x00, 0xF0, 0x0F, 0x80, 0x3D, 0x1F, 0xFC, 0xBF, 0xE0, 0x01, 0xFF, 0x80, 0x0F, 0x41, 0xF0, 0x2E,
    0x00, 0xB8, 0x3D, 0x00, 0x7C, 0x7D, 0x00, 0x7D, 0x7D, 0x00, 0x7D, 0x3D, 0x00, 0x7C, 0x3E, 0x00,
    0xBC, 0x0F, 0x41, 0xF0, 0x02, 0xFF, 0x80, 0x7F, 0xFF, 0xFF, 0x83, 0xE0, 0x0F, 0x40, 0xF8, 0x03,
    0xC0, 0x3E, 0x00, 0xF0, 0x0F, 0x80, 0x3C, 0x03, 0xE0, 0x0F, 0x00, 0xF8, 0x03, 0xC0, 0x3E, 0x00,
    0xF0, 0x0F, 0x80, 0x3D, 0x1F, 0xFC, 0xBF, 0xE0, 0x7F, 0xAF, 0xE0, 0x03, 0xF4, 0x1F, 0x40, 0xF8,
    0x02, 0xF0, 0x3E, 0x00, 0x7D, 0x0F, 0x80, 0x0F, 0x83, 0xE0, 0x03, 0xE0, 0xF8, 0x01, 0xF4, 0x3E,
    0x00, 0xBC, 0x0F, 0xE0, 0xBC, 0x03, 0xE7, 0xF8, 0x00, 0xF8, 0x00, 0x00, 0x3E, 0x00, 0x00, 0x0F,
    0x80, 0x00, 0x1F, 0xFC, 0x00, 0x00, 0x01, 0xFF, 0x80, 0x3E, 0x0B, 0x82, 0xF0, 0x2D, 0x0F, 0x80,
    0x00, 0x3D, 0x00, 0x00, 0xF8, 0x00, 0x03, 0xE0, 0x00, 0x0B, 0xC0, 0x00, 0x0F, 0x80, 0x70, 0x07,
    0xFE, 0x00, 0x3F, 0xFF, 0xF9, 0xD2, 0xF0, 0xA6, 0x0B, 0xC1, 0xC0, 0x2F, 0x00, 0x00, 0xBC, 0x00,
    0x02, 0xF0, 0x00, 0x0B, 0xC0, 0x00, 0x2F, 0x00, 0x00, 0xBC, 0x00, 0x2F, 0xFF, 0x00, 0x7F, 0xE0,
    0x7F, 0x03, 0xE0, 0x0B, 0x00, 0xBC, 0x03, 0x00, 0x0F, 0x41, 0xC0, 0x02, 0xF0, 0xD0, 0x00, 0x3D,
    0x70, 0x00, 0x0B, 0xF4, 0x00, 0x00, 0xFC, 0x00, 0x00, 0x2D, 0x00, 0x00, 0x07, 0x00, 0x00, 0x02,
    0x40, 0x01, 0xE0, 0xC0, 0x00, 0x78, 0xD0, 0x00, 0x0B, 0xD0, 0x00, 0x00, 0x00, 0x03, 0xF8, 0x00,
    0x00, 0x00, 0x0F, 0x80, 0x00, 0x00, 0x00, 0xF8, 0x00, 0x00, 0x00, 0x0F, 0x80, 0x00, 0x01, 0xFE,
    0xFA, 0xF9, 0x00, 0xFC, 0x1F, 0xC1, 0xF8, 0x2F, 0x00, 0xF8, 0x07, 0xD3, 0xE0, 0x0F, 0x80, 0x3F,
    0x3E, 0x00, 0xF8, 0x03, 0xF3, 0xE0, 0x0F, 0x80, 0x3F, 0x3E, 0x00, 0xF8, 0x03, 0xE2, 0xF0, 0x0F,
    0x80, 0x7D, 0x0B, 0xC1, 0xFD, 0x1F, 0x80, 0x1F, 0xEF, 0xAF, 0x90, 0x00, 0x00, 0xF8, 0x00, 0x00,
    0x00, 0x0F, 0x80, 0x00, 0x00, 0x00, 0xF8, 0x00, 0x00, 0x00, 0x3F, 0xF0, 0x00, 0x7F, 0xD0, 0xFF,
    0x02, 0xF0, 0x2C, 0x00, 0x3E, 0x1C, 0x00, 0x03, 0xEC, 0x00, 0x00, 0x7E, 0x00, 0x00, 0x0F, 0xC0,
    0x00, 0x0E, 0xBC, 0x00, 0x0A, 0x0F, 0x80, 0x0B, 0x00, 0xF8, 0x2F, 0xE0, 0xBF, 0xD0, 0x7F, 0xF2,
    0xFF, 0x80, 0xF8, 0x03, 0xD0, 0x0F, 0x80, 0x3C, 0x00, 0xF8, 0x03, 0xC0, 0x0F, 0x80, 0x3C, 0x00,
    0xF8, 0x03, 0xC0, 0x0F, 0x80, 0x3C, 0x00, 0xF8, 0x03, 0xC0, 0x0F, 0x80, 0x3D, 0x07, 0xFF, 0xFF,
    0xFC, 0x00, 0x00, 0x02, 0xC0, 0x00, 0x00, 0x0C, 0x00, 0x00, 0x00, 0xC0, 0x7F, 0xF2, 0xFF, 0x83,
    0xE0, 0x0F, 0x40, 0xF8, 0x03, 0xC0, 0x3E, 0x00, 0xF0, 0x0B, 0xC1, 0xBC, 0x00, 0xBF, 0x9F, 0x00,
    0x00, 0x03, 0xC0, 0x00, 0x00, 0xF0, 0x00, 0x00, 0x3D, 0x00, 0x00, 0xBF, 0xE0, 0x7F, 0xF3, 0xFF,
    0x8F, 0xFC, 0x0F, 0x80, 0x7C, 0x03, 0xE0, 0x0F, 0x80, 0x7C, 0x03, 0xE0, 0x0F, 0x80, 0x7C, 0x03,
    0xE0, 0x0F, 0x80, 0x7C, 0x03, 0xE0, 0x0F, 0x80, 0x7C, 0x03, 0xE0, 0x0F, 0x80, 0x7C, 0x03, 0xE0,
    0x0F, 0x80, 0x7C, 0x03, 0xE0, 0x0F, 0x80, 0x7C, 0x03, 0xE0, 0x7F, 0xFF, 0xFF, 0xFF, 0xFC, 0x7F,
    0xF3, 0xFF, 0x8F, 0xFC, 0x0F, 0x80, 0x7C, 0x03, 0xE0, 0x0F, 0x80, 0x7C, 0x03, 0xE0, 0x0F, 0x80,
    0x7C, 0x03, 0xE0, 0x0F, 0x80, 0x7C, 0x03, 0xE0, 0x0F, 0x80, 0x7C, 0x03, 0xE0, 0x0F, 0x80, 0x7C,
    0x03, 0xE0, 0x0F, 0x80, 0x7C, 0x03, 0xE0, 0x0F, 0x80, 0x7C, 0x03, 0xE0, 0x7F, 0xFF, 0xFF, 0xFF,
    0xFD, 0x00, 0x00, 0x00, 0x00, 0x1D, 0x00, 0x00, 0x00, 0x00, 0x0A, 0x00, 0x00, 0x00, 0x00, 0x06,
    0x3F, 0xFE, 0x00, 0x07, 0x4B, 0xC0, 0x00, 0x60, 0xBC, 0x00, 0x00, 0x0B, 0xC0, 0x00, 0x00, 0xBF,
    0xFE, 0x00, 0x0B, 0xC0, 0xFC, 0x00, 0xBC, 0x03, 0xE0, 0x0B, 0xC0, 0x3D, 0x00, 0xBC, 0x0B, 0xC0,
    0x3F, 0xFF, 0xE0, 0x7F, 0xF0, 0x02, 0xFF, 0x83, 0xE0, 0x00, 0x0F, 0x40, 0xF8, 0x00, 0x03, 0xD0,
    0x3E, 0x00, 0x00, 0xF4, 0x0F, 0xFF, 0xE0, 0x3D, 0x03, 0xE0, 0x7F, 0x0F, 0x40, 0xF8, 0x0B, 0xC3,
    0xD0, 0x3E, 0x02, 0xF0, 0xF4, 0x0F, 0x81, 0xF8, 0x3D, 0x1F, 0xFF, 0xF4, 0xBF, 0xE0, 0x7F, 0xF0,
    0x00, 0x0F, 0x80, 0x00, 0x0F, 0x80, 0x00, 0x0F, 0x80, 0x00, 0x0F, 0xFF, 0xE0, 0x0F, 0x81, 0xFC,
    0x0F, 0x80, 0xBC, 0x0F, 0x80, 0xBC, 0x0F, 0x81, 0xF8, 0x7F, 0xFF, 0xD0, 0x67, 0xF8, 0x07, 0xC0,
    0xF4, 0x70, 0x03, 0xC0, 0x00, 0x3E, 0x0B, 0xFB, 0xF0, 0x00, 0x3F, 0x10, 0x03, 0xE3, 0x00, 0x7C,
    0x28, 0x1F, 0x40, 0x7F, 0x80, 0x7F, 0xF0, 0x1F, 0xF8, 0x00, 0xF8, 0x0F, 0x41, 0xF0, 0x0F, 0x82,
    0xE0, 0x0B, 0xC0, 0xF8, 0x3D, 0x00, 0x7C, 0x0F, 0xFF, 0xD0, 0x07, 0xD0, 0xF8, 0x7D, 0x00, 0x7D,
    0x0F, 0x83, 0xD0, 0x07, 0xD0, 0xF8, 0x3E, 0x00, 0xBC, 0x0F, 0x80, 0xF4, 0x1F, 0x07, 0xFF, 0x02,
    0xFF, 0x80, 0x00, 0x00, 0x00, 0x00, 0x00, 0x06, 0xFF, 0xFF, 0x1F, 0x40, 0xF8, 0x2F, 0x00, 0xF8,
    0x0F, 0x80, 0xF8, 0x02, 0xFF, 0xF8, 0x00, 0xBC, 0xF8, 0x01, 0xF0, 0xF8, 0x07, 0xD0, 0xF8, 0x1F,
    0xC0, 0xF8, 0xBF, 0xD3, 0xFF, 0x00, 0xF0, 0x00, 0x03, 0xF4, 0x00, 0x01, 0xF0, 0x00, 0x00, 0x00,
    0x02, 0xFF, 0x40, 0x3D, 0x0B, 0x42, 0xE0, 0x0F, 0x0F, 0x40, 0x2D, 0x7F, 0xFF, 0xF5, 0xF4, 0x00,
    0x03, 0xE0, 0x00, 0x0B, 0xC0, 0x00, 0x0F, 0x80, 0x70, 0x07, 0xFE, 0x00, 0x0F, 0x47, 0xC0, 0x7E,
    0x2F, 0x40, 0xF4, 0x7C, 0x00, 0x00, 0x00, 0x02, 0xFF, 0x40, 0x3D, 0x0B, 0x83, 0xE0, 0x0F, 0x0F,
    0x40, 0x2D, 0x7F, 0xFF, 0xF5, 0xF4, 0x00, 0x03, 0xE0, 0x00, 0x0B, 0xC0, 0x00, 0x0F, 0x80, 0x70,
    0x07, 0xFE, 0x00, 0x3F, 0x80, 0x00, 0x0B, 0x80, 0x00, 0x7F, 0xFF, 0xFE, 0x0B, 0x80, 0x00, 0x0B,
    0x8B, 0xF4, 0x0B, 0xA4, 0x3D, 0x0B, 0xD0, 0x3E, 0x0B, 0xC0, 0x3E, 0x0B, 0xC0, 0x3E, 0x0B, 0xC0,
    0x3E, 0x0B, 0xC0, 0x3D, 0x0B, 0xC0, 0x3D, 0x0B, 0xC0, 0x3C, 0x3F, 0xF0, 0x7C, 0x00, 0x00, 0xB4,
    0x00, 0x00, 0xE0, 0x00, 0x07, 0xC0, 0x00, 0x3D, 0x00, 0x00, 0x2C, 0x00, 0x0F, 0xD0, 0x03, 0xD0,
    0x00, 0x00, 0x00, 0x7F, 0xFF, 0xE0, 0xF8, 0x0E, 0x0F, 0x80, 0x60, 0xF8, 0x00, 0x0F, 0x80, 0x00,
    0xF8, 0x00, 0x0F, 0x80, 0x00, 0xF8, 0x00, 0x0F, 0x80, 0x07, 0xFF, 0x40, 0x01, 0xFE, 0x60, 0xF8,
    0x1F, 0x2F, 0x00, 0x73, 0xE0, 0x00, 0x7F, 0xFE, 0x07, 0xD0, 0x00, 0x3D, 0x00, 0x02, 0xF0, 0x00,
    0x0B, 0x80, 0xA0, 0x1F, 0xF8, 0x0B, 0xFB, 0x0F, 0x01, 0xC3, 0x40, 0x00, 0xF4, 0x00, 0x2F, 0xF8,
    0x01, 0xFF, 0xD0, 0x01, 0xB8, 0xC0, 0x0E, 0x38, 0x07, 0x4D, 0xBF, 0x40, 0x00, 0x00, 0x0F, 0x40,
    0x7F, 0x00, 0xF4, 0x00, 0x00, 0x3F, 0x80, 0x2E, 0x00, 0xB8, 0x02, 0xE0, 0x0B, 0x80, 0x2E, 0x00,
    0xB8, 0x02, 0xE0, 0x0B, 0xC0, 0xFF, 0xC0, 0x3D, 0x1F, 0x1F, 0xCB, 0xE3, 0xD0, 0xF0, 0x00, 0x00,
    0x0F, 0xE0, 0x00, 0xB8, 0x00, 0x2E, 0x00, 0x0B, 0x80, 0x02, 0xE0, 0x00, 0xB8, 0x00, 0x2E, 0x00,
    0x0B, 0x80, 0x02, 0xF0, 0x03, 0xFF, 0x00, 0x00, 0x3C, 0x00, 0xBE, 0x00, 0x3C, 0x00, 0x00, 0x01,
    0xFE, 0x00, 0x2E, 0x00, 0x2E, 0x00, 0x2E, 0x00, 0x2E, 0x00, 0x2E, 0x00, 0x2E, 0x00, 0x2E, 0x00,
    0x2E, 0x00, 0x2E, 0x00, 0x2E, 0x3C, 0x3D, 0x3D, 0x7C, 0x1F, 0xE0, 0x03, 0xFF, 0xFF, 0x80, 0x00,
    0x0B, 0x5B, 0xD0, 0x00, 0x00, 0x60, 0x3D, 0x00, 0x00, 0x06, 0x03, 0xD0, 0x00, 0x00, 0x90, 0x3F,
    0xFE, 0x00, 0x09, 0x03, 0xD1, 0xFC, 0x00, 0x90, 0x3D, 0x07, 0xD7, 0x8C, 0x03, 0xD0, 0x7C, 0x7D,
    0xC0, 0x3D, 0x1F, 0xC3, 0xF4, 0x1F, 0xFF, 0xE0, 0x7F, 0xF2, 0xFF, 0x80, 0x00, 0xF8, 0x03, 0xD0,
    0x00, 0x0F, 0x80, 0x3D, 0x00, 0x00, 0xF8, 0x03, 0xD0, 0x00, 0x0F, 0xFF, 0xFF, 0xFE, 0x00, 0xF8,
    0x03, 0xD1, 0xFC, 0x0F, 0x80, 0x3D, 0x07, 0xC0, 0xF8, 0x03, 0xD0, 0xBC, 0x0F, 0x80, 0x3D, 0x1F,
    0xC7, 0xFF, 0x2F, 0xFF, 0xE0, 0x3F, 0x80, 0x00, 0x02, 0xE0, 0x00, 0x07, 0xFF, 0xFF, 0x40, 0x2E,
    0x00, 0x00, 0x0B, 0x8B, 0xF4, 0x02, 0xE9, 0x1F, 0x00, 0xBD, 0x03, 0xD0, 0x2F, 0x00, 0xF4, 0x0B,
    0xC0, 0x3D, 0x02, 0xF0, 0x0F, 0x40, 0xBC, 0x03, 0xD0, 0x2F, 0x00, 0xF4, 0x0B, 0xC0, 0x3E, 0x0F,
    0xFC, 0x7F, 0xF0, 0x00, 0x07, 0x80, 0x00, 0x0B, 0xF0, 0x00, 0x07, 0x90, 0x00, 0x00, 0x00, 0x00,
    0x7F, 0xF0, 0x7F, 0x43, 0xE0, 0x0E, 0x00, 0xF4, 0x1D, 0x00, 0x3D, 0x2C, 0x00, 0x0F, 0xBF, 0x00,
    0x03, 0xF7, 0xF0, 0x00, 0xF4, 0x3E, 0x00, 0x3D, 0x03, 0xE0, 0x0F, 0x80, 0x7E, 0x1F, 0xFC, 0x3F,
    0xF0, 0x00, 0xB4, 0x00, 0x00, 0x3F, 0x80, 0x00, 0x00, 0xB4, 0x00, 0x00, 0x00, 0x00, 0x7F, 0xF2,
    0xFF, 0x83, 0xE0, 0x1F, 0x40, 0xF8, 0x0F, 0xC0, 0x3E, 0x0D, 0xF0, 0x0F, 0x86, 0x3C, 0x03, 0xE3,
    0x0F, 0x00, 0xFB, 0x03, 0xC0, 0x3F, 0x40, 0xF0, 0x0F, 0xC0, 0x3D, 0x1F, 0xFC, 0xBF, 0xE0, 0x02,
    0xD0, 0xF0, 0x00, 0xFC, 0x7E, 0x00, 0x3E, 0x0F, 0x40, 0x02, 0xFE, 0x40, 0x7F, 0xE0, 0x7F, 0x03,
    0xE0, 0x0B, 0x00, 0xBC, 0x03, 0x00, 0x0F, 0x41, 0xC0, 0x02, 0xF0, 0xD0, 0x00, 0x3D, 0x70, 0x00,
    0x0B, 0xF4, 0x00, 0x00, 0xFC, 0x00, 0x00, 0x2D, 0x00, 0x00, 0x07, 0x00, 0x00, 0x02, 0x40, 0x01,
    0xE0, 0xC0, 0x00, 0x78, 0xD0, 0x00, 0x0B, 0xD0, 0x00, 0x00, 0x7F, 0xF2, 0xFF, 0x83, 0xE0, 0x0F,
    0x40, 0xF8, 0x03, 0xC0, 0x3E, 0x00, 0xF0, 0x0F, 0x80, 0x3C, 0x03, 0xE0, 0x0F, 0x00, 0xF8, 0x03,
    0xC0, 0x3E, 0x00, 0xF0, 0x0F, 0x80, 0x3D, 0x1F, 0xFF, 0xFF, 0xE0, 0x01, 0xE0, 0x00, 0x00, 0x34,
    0x00, 0x00, 0x0C, 0x00, 0x00, 0x00, 0xBF, 0x80, 0x0B, 0xF8, 0x00, 0x1F, 0x4B, 0x80, 0xF4, 0xBC,
    0x01, 0xF4, 0x2D, 0x02, 0xD0, 0xBC, 0x0F, 0xC0, 0x00, 0x00, 0x00, 0xF8, 0x7E, 0x00, 0x00, 0x00,
    0x03, 0xF2, 0xF8, 0x00, 0x00, 0x00, 0x0F, 0xCB, 0xE0, 0x00, 0x00, 0x00, 0x3F, 0x6F, 0x80, 0x0F,
    0xFC, 0x00, 0xFD, 0xBE, 0x00, 0x0F, 0xC0, 0x03, 0xF5, 0xF8, 0x00, 0x3F, 0x00, 0x0F, 0xC3, 0xF0,
    0x00, 0xFC, 0x00, 0x3F, 0x0B, 0xD0, 0x03, 0xF0, 0x02, 0xF4, 0x0B, 0xD0, 0x2E, 0xD0, 0x1F, 0x40,
    0x06, 0xFF, 0x40, 0xBF, 0xE0, 0x00, 0x01, 0xFE, 0x01, 0xFE, 0x00, 0x3E, 0x3D, 0x0F, 0x5F, 0x42,
    0xF0, 0xF0, 0x2C, 0x1F, 0x0F, 0x80, 0x00, 0x00, 0x3D, 0x3E, 0x02, 0xFF, 0x00, 0xF8, 0xF8, 0x01,
    0xF0, 0x03, 0xE3, 0xE0, 0x07, 0xC0, 0x0F, 0x4B, 0xC0, 0x1F, 0x00, 0x7C, 0x0F, 0x81, 0xED, 0x07,
    0xD0, 0x0B, 0xFD, 0x0B, 0xF9, 0x00, 0x00, 0x00, 0x00, 0x00, 0x00, 0x00, 0x00, 0x00, 0x00, 0x00,
    0xBF, 0xFF, 0x00, 0x00, 0x00, 0x7E, 0x00, 0x00, 0x00, 0x07, 0xE0, 0x00, 0x00, 0x7F, 0xFF, 0xFF,
    0xFC, 0x0B, 0x07, 0xE0, 0x02, 0xC0, 0x90, 0x7E, 0x00, 0x0C, 0x00, 0x07, 0xE0, 0x00, 0x00, 0x00,
    0x7E, 0x00, 0x00, 0x00, 0x07, 0xFF, 0xFF, 0x80, 0x00, 0x7E, 0x00, 0x3F, 0x40, 0x07, 0xE0, 0x00,
    0xFC, 0x00, 0x7E, 0x00, 0x0F, 0xD0, 0x07, 0xE0, 0x00, 0xFD, 0x00, 0x7E, 0x00, 0x0F, 0xC0, 0x07,
    0xE0, 0x03, 0xF4, 0x0B, 0xFF, 0xFF, 0xF8, 0x00, 0x10, 0x20, 0x00, 0x38, 0xE0, 0x00, 0x1F, 0xC0,
    0x00, 0x0F, 0x80, 0x00, 0x0F, 0x80, 0x00, 0xBF, 0xFE, 0x00, 0x0F, 0x80, 0x00, 0x0F, 0x80, 0x00,
    0x0F, 0x80, 0x00, 0x0F, 0xFF, 0xE0, 0x0F, 0x81, 0xFC, 0x0F, 0x80, 0xBC, 0x0F, 0x80, 0xBC, 0x0F,
    0x81, 0xF8, 0x7F, 0xFF, 0xD0, 0x00, 0x00, 0x00, 0x00, 0x00, 0x00, 0x0F, 0xFF, 0xD0, 0x01, 0xBF,
    0xE4, 0xA0, 0x3F, 0x00, 0x03, 0xF8, 0x07, 0xF8, 0x0F, 0xC0, 0x03, 0xF0, 0x00, 0x2E, 0x03, 0xF0,
    0x03, 0xF0, 0x00, 0x03, 0x80, 0xFC, 0x01, 0xF8, 0x00, 0x00, 0xA0, 0x3F, 0x00, 0xFD, 0x00, 0x00,
    0x00, 0x0F, 0xC0, 0x3F, 0x00, 0x00, 0x00, 0x03, 0xFF, 0xFF, 0xEF, 0xFF, 0xF4, 0x00, 0xFC, 0x03,
    0xF4, 0x2F, 0xD0, 0x00, 0x3F, 0x00, 0xBE, 0x00, 0x00, 0x00, 0x0F, 0xC0, 0x1F, 0xC0, 0x00, 0x06,
    0x03, 0xF0, 0x02, 0xFC, 0x00, 0x03, 0x40, 0xFC, 0x00, 0x1F, 0xD0, 0x07, 0x83, 0xFF, 0xF4, 0x00,
    0x6F, 0xFE, 0x00, 0x7F, 0xF0, 0x1F, 0xF7, 0x03, 0xE0, 0x3E, 0x07, 0xC0, 0xF8, 0x2F, 0x00, 0x30,
    0x3E, 0x0F, 0x80, 0x00, 0x0F, 0xFF, 0xFF, 0xE4, 0x03, 0xE0, 0xF8, 0x00, 0x00, 0xF8, 0x3E, 0x00,
    0x00, 0x3E, 0x0B, 0xC0, 0x00, 0x0F, 0x80, 0xF8, 0x0D, 0x1F, 0xFC, 0x0B, 0xFD, 0x00, 0x00, 0x00,
    0x00, 0x00, 0x00, 0x00, 0x03, 0xC0, 0x00, 0x00, 0x00, 0x00, 0x0B, 0xE0, 0x00, 0x00, 0x00, 0x00,
    0x0F, 0xF4, 0x00, 0x00, 0x00, 0x00, 0x39, 0xFC, 0x00, 0x00, 0x00, 0x00, 0x70, 0xFE, 0x00, 0x00,
    0x00, 0x00, 0xD0, 0x3F, 0x40, 0x00, 0x00, 0x02, 0x80, 0x2F, 0xC0, 0x00, 0x00, 0x07, 0x00, 0x0F,
    0xE0, 0x00, 0x00, 0x0F, 0xFF, 0xFF, 0xF0, 0x00, 0x00, 0x28, 0x0F, 0x02, 0xFC, 0x00, 0x00, 0x70,
    0x0F, 0x00, 0xFD, 0x00, 0x00, 0xD0, 0x0F, 0x00, 0x7F, 0x00, 0x02, 0xC0, 0x0F, 0x00, 0x2F, 0x80,
    0x3F, 0xE0, 0xBF, 0xE0, 0x7F, 0xFC, 0x00, 0x00, 0xB0, 0x00, 0x00, 0x00, 0x2F, 0x80, 0x00, 0x00,
    0x03, 0xBD, 0x00, 0x00, 0x00, 0xD3, 0xF0, 0x00, 0x00, 0x28, 0x0F, 0xC0, 0x00, 0x07, 0x00, 0xBE,
    0x00, 0x00, 0xFF, 0xFF, 0xF4, 0x00, 0x28, 0x1E, 0x1F, 0xC0, 0x0B, 0x01, 0xE0, 0x7E, 0x07, 0xF0,
    0x3F, 0x43, 0xFD, 0x00, 0x00, 0x00, 0x00, 0x00, 0x00, 0x00, 0x00, 0x3F, 0xFF, 0x40, 0x00, 0x02,
    0xC0, 0x00, 0x00, 0x03, 0xF0, 0x00, 0x00, 0x07, 0xF0, 0x00, 0x00, 0x03, 0xF0, 0x00, 0x00, 0x0F,
    0xF4, 0x00, 0x00, 0x03, 0xF0, 0x00, 0x00, 0x28, 0xFC, 0x00, 0x00, 0x03, 0xF0, 0x00, 0x00, 0x30,
    0xBE, 0x00, 0x00, 0x03, 0xF0, 0x00, 0x00, 0xE0, 0x3F, 0x40, 0x00, 0x03, 0xF0, 0x00, 0x01, 0xC0,
    0x1F, 0xC0, 0x00, 0x03, 0xF0, 0x00, 0x03, 0x40, 0x0F, 0xE0, 0x00, 0x03, 0xFF, 0xFF, 0xFF, 0xFF,
    0xFF, 0xF0, 0x00, 0x03, 0xF0, 0x00, 0x0C, 0x0B, 0x42, 0xF8, 0x00, 0x03, 0xF0, 0x00, 0x28, 0x0B,
    0x40, 0xFD, 0x00, 0x03, 0xF0, 0x00, 0x70, 0x0B, 0x40, 0x7F, 0x00, 0x03, 0xF0, 0x00, 0xD0, 0x0B,
    0x40, 0x2F, 0x80, 0x3F, 0xFF, 0x5F, 0xF0, 0x7F, 0xF0, 0xBF, 0xFC, 0x7F, 0xF0, 0x00, 0x07, 0x40,
    0x00, 0x0F, 0x80, 0x00, 0x0F, 0xC0, 0x00, 0x0F, 0x80, 0x00, 0x3B, 0xF0, 0x00, 0x0F, 0x80, 0x00,
    0x71, 0xF8, 0x00, 0x0F, 0x80, 0x00, 0xC0, 0xFD, 0x00, 0x0F, 0x80, 0x03, 0x40, 0x3F, 0x00, 0x0F,
    0xFF, 0xFF, 0xFF, 0xFF, 0x80, 0x0F, 0x80, 0x0C, 0x0F, 0x0F, 0xD0, 0x0F, 0x80, 0x70, 0x0F, 0x03,
    0xF0, 0x7F, 0xF3, 0xF0, 0x2F, 0xC3, 0xFF, 0x00, 0x1F, 0xFF, 0xFF, 0xFC, 0x00, 0x00, 0x02, 0xF8,
    0x00, 0x09, 0x00, 0x00, 0x00, 0x2F, 0x40, 0x0A, 0x00, 0x00, 0x00, 0x03, 0xF0, 0x06, 0x00, 0x00,
    0x00, 0x00, 0x3F, 0x07, 0x00, 0x00, 0x00, 0x00, 0x03, 0xF3, 0x00, 0x00, 0x00, 0x00, 0x0A, 0xFF,
    0xE4, 0x00, 0x00, 0x00, 0x2F, 0x5F, 0xDB, 0xE0, 0x00, 0x00, 0x2F, 0x03, 0xF0, 0x3E, 0x00, 0x00,
    0x1F, 0x40, 0xFC, 0x0B, 0xD0, 0x00, 0x0F, 0xC0, 0x3F, 0x00, 0xFC, 0x00, 0x0F, 0xC0, 0x0F, 0xC0,
    0x0F, 0x80, 0x0B, 0xE0, 0x03, 0xF0, 0x02, 0xF8, 0x2F, 0xFF, 0x03, 0xFF, 0x03, 0xFF, 0xE0, 0x00,
    0xBF, 0xFF, 0xFF, 0x00, 0x00, 0x1D, 0x00, 0x18, 0x00, 0x00, 0x07, 0x80, 0x90, 0x00, 0x00, 0x00,
    0xF6, 0x00, 0x00, 0x00, 0x0B, 0xFF, 0xE4, 0x00, 0x00, 0x7D, 0x3C, 0x3D, 0x00, 0x00, 0xF0, 0x3C,
    0x0F, 0x40, 0x03, 0xD0, 0x3C, 0x03, 0xC0, 0x0F, 0x80, 0x3C, 0x02, 0xF4, 0xBF, 0xC0, 0xFF, 0x03,
    0xFE, 0x3F, 0xFF, 0x40, 0x0F, 0xFF, 0xFF, 0xFD, 0x00, 0x00, 0xFC, 0x00, 0x01, 0xF8, 0x00, 0x0A,
    0x00, 0x00, 0x3F, 0x00, 0x00, 0x1F, 0x80, 0x06, 0x00, 0x00, 0x0F, 0xC0, 0x00, 0x01, 0xF8, 0x07,
    0x00, 0x00, 0x03, 0xF0, 0x00, 0x00, 0x2F, 0x43, 0x00, 0x00, 0x00, 0xFC, 0x00, 0x00, 0x02, 0xF7,
    0x00, 0x00, 0x00, 0x3F, 0xFF, 0xFF, 0xFF, 0xFF, 0xF9, 0x00, 0x00, 0x0F, 0xC0, 0x00, 0x2F, 0x4F,
    0xC6, 0xF0, 0x00, 0x03, 0xF0, 0x00, 0x2F, 0x43, 0xF0, 0x3F, 0x00, 0x00, 0xFC, 0x00, 0x0F, 0x80,
    0xFC, 0x07, 0xE0, 0x00, 0x3F, 0x00, 0x0F, 0xC0, 0x3F, 0x00, 0xBC, 0x00, 0x0F, 0xC0, 0x0B, 0xD0,
    0x0F, 0xC0, 0x0F, 0xC0, 0x03, 0xF0, 0x03, 0xF0, 0x03, 0xF0, 0x02, 0xF8, 0x0F, 0xFF, 0xFF, 0xFF,
    0x03, 0xFF, 0x03, 0xFF, 0xE0, 0x7F, 0xF0, 0x02, 0xFF, 0xFF, 0xFC, 0x00, 0x3E, 0x00, 0x01, 0xD0,
    0x01, 0x80, 0x00, 0xF8, 0x00, 0x01, 0xE0, 0x14, 0x00, 0x03, 0xE0, 0x00, 0x00, 0xF6, 0x00, 0x00,
    0x0F, 0xFF, 0xFF, 0xFF, 0xFF, 0x90, 0x00, 0x3E, 0x00, 0x03, 0xD3, 0xC3, 0xD0, 0x00, 0xF8, 0x00,
    0x3C, 0x0F, 0x03, 0xD0, 0x03, 0xE0, 0x03, 0xD0, 0x3C, 0x03, 0xD0, 0x0F, 0x80, 0x3E, 0x00, 0xF0,
    0x0B, 0xD1, 0xFF, 0xCB, 0xFC, 0x0F, 0xF0, 0x3F, 0xE0, 0x00, 0x00, 0xF0, 0x00, 0xB4, 0xE0, 0x00,
    0x07, 0xE0, 0x00, 0x07, 0xFF, 0x80, 0x0F, 0x40, 0xBC, 0x07, 0xE0, 0x0F, 0x41, 0xF4, 0x02, 0xE0,
    0x00, 0x00, 0xB8, 0x00, 0x00, 0x3D, 0x00, 0x00, 0x3D, 0x00, 0x03, 0xFD, 0x00, 0x00, 0x01, 0xE0,
    0x00, 0x00, 0x0F, 0x00, 0x00, 0x02, 0xC0, 0x00, 0x00, 0xB4, 0x00, 0x00, 0xBD, 0x00, 0x06, 0xFF,
    0x00, 0x6F, 0xFF, 0x02, 0xFF, 0xF9, 0x01, 0xFF, 0x90, 0x00, 0x7D, 0x00, 0x00, 0x0E, 0x00, 0x00,
    0x00, 0x00, 0x00, 0x00, 0x04, 0x0B, 0x00, 0x16, 0x40, 0x2F, 0xFD, 0x07, 0xC0, 0xB4, 0x7C, 0x03,
    0x80, 0x00, 0xB4, 0x00, 0xFE, 0x00, 0x00, 0x78, 0x00, 0x01, 0xC0, 0x00, 0x2C, 0x00, 0x1F, 0xC1,
    0xBF, 0xF4, 0x3F, 0xE4, 0x07, 0x80, 0x00, 0x34, 0x40, 0x01, 0xF0, 0x00, 0x00, 0x00, 0x00, 0x00,
    0x00, 0x3F, 0xFF, 0xD0, 0x00, 0x00, 0x3E, 0x00, 0x01, 0xF8, 0x0F, 0x80, 0xFC, 0x2F, 0x03, 0xE0,
    0x7D, 0x07, 0xD0, 0xF8, 0x2F, 0x01, 0xF4, 0x3E, 0x0B, 0xC0, 0x3E, 0x0F, 0x83, 0xF0, 0x0F, 0x83,
    0xE0, 0xF8, 0x01, 0xF0, 0xF8, 0x7C, 0x00, 0x1F, 0xBE, 0xBC, 0x00, 0x00, 0x6F, 0xE4, 0x00, 0x00,
    0x03, 0xE0, 0x00, 0x00, 0x00, 0xF8, 0x00, 0x00, 0x0F, 0xFF, 0xF4, 0x00, 0x00, 0x00, 0x00, 0x00,
    0x00, 0x3F, 0xC0, 0x00, 0x00, 0x2F, 0x00, 0x00, 0x00, 0x7C, 0x00, 0x00, 0x01, 0xF0, 0x00, 0x38,
    0x07, 0xC0, 0xB8, 0x7C, 0x1F, 0x0B, 0x80, 0xF0, 0x7C, 0x3E, 0x07, 0xC1, 0xF0, 0xB8, 0x2F, 0x07,
    0xC2, 0xF0, 0xBC, 0x1F, 0x0B, 0xC2, 0xF0, 0x7C, 0x2F, 0x03, 0xD1, 0xF0, 0xF8, 0x07, 0xDB, 0xDF,
    0x80, 0x01, 0xBF, 0xA4, 0x00, 0x00, 0x7C, 0x00, 0x00, 0x01, 0xF0, 0x00, 0x00, 0x0B, 0xC0, 0x00,
    0x00, 0xFF, 0xD0, 0x00, 0x00, 0x6F, 0xF9, 0x00, 0x03, 0xF4, 0x1B, 0xC0, 0x0F, 0x80, 0x02, 0xF0,
    0x2F, 0x00, 0x00, 0xFC, 0x3F, 0x00, 0x00, 0xBD, 0x7E, 0x00, 0x00, 0xBE, 0xBF, 0xBF, 0x90, 0xBE,
    0xBE, 0x06, 0xFE, 0xBF, 0xBE, 0x00, 0x00, 0xBE, 0x7F, 0x00, 0x00, 0xBD, 0x3F, 0x00, 0x00, 0xFC,
    0x0F, 0x80, 0x02, 0xF4, 0x03, 0xF4, 0x0B, 0xD0, 0x00, 0x6F, 0xF9, 0x00, 0x02, 0xFE, 0x00, 0x3C,
    0x1F, 0x03, 0xD0, 0x2D, 0x0F, 0x00, 0xBC, 0x7F, 0xFF, 0xF1, 0xF0, 0x07, 0xC3, 0xC0, 0x1F, 0x0F,
    0x40, 0xB8, 0x0F, 0x07, 0xC0, 0x0B, 0xF8, 0x00, 0x7F, 0xFE, 0x00, 0x02, 0xF4, 0x07, 0xF0, 0x00,
    0x0A, 0x7C, 0x03, 0xF4, 0x00, 0x0C, 0x3C, 0x01, 0xFC, 0x00, 0x28, 0x00, 0x00, 0xFC, 0x00, 0x30,
    0x00, 0x00, 0x7E, 0x00, 0xA0, 0x00, 0x00, 0x3F, 0x00, 0xC0, 0x00, 0x00, 0x2F, 0x81, 0x80, 0x00,
    0x00, 0x0F, 0xC3, 0x40, 0x00, 0x00, 0x0B, 0xE7, 0x00, 0x00, 0x00, 0x03, 0xFD, 0x00, 0x00, 0x00,
    0x02, 0xFC, 0x00, 0x00, 0x00, 0x00, 0xF4, 0x00, 0x00, 0x00, 0x00, 0xB0, 0x00, 0x00, 0x7F, 0xD0,
    0x07, 0xD0, 0xF8, 0x01, 0xEF, 0x0B, 0xC0, 0x35, 0xE0, 0x3D, 0x07, 0x00, 0x02, 0xF0, 0xD0, 0x00,
    0x0F, 0x4C, 0x00, 0x00, 0xFA, 0x40, 0x00, 0x07, 0xF0, 0x00, 0x00, 0x3E, 0x00, 0x00, 0x01, 0xC0,
    0x00, 0x00, 0xE0, 0xE0, 0x00, 0x00, 0x01, 0xFF, 0xFD, 0x00, 0x00, 0x00, 0x6F, 0x6F, 0x00, 0x00,
    0x00, 0x00, 0x00, 0x00, 0x00, 0x7F, 0xFE, 0x00, 0x02, 0xF4, 0x07, 0xF0, 0x00, 0x0B, 0x7C, 0x03,
    0xF4, 0x00, 0x0C, 0x3C, 0x01, 0xFC, 0x00, 0x2C, 0x00, 0x00, 0xFC, 0x00, 0x34, 0x00, 0x00, 0x7E,
    0x00, 0xB0, 0x00, 0x00, 0x3F, 0x00, 0xD0, 0x00, 0x00, 0x2F, 0x81, 0xC0, 0x00, 0x00, 0x0F, 0xC3,
    0x40, 0x00, 0x00, 0x0B, 0xE7, 0x00, 0x00, 0x00, 0x03, 0xFD, 0x00, 0x00, 0x00, 0x02, 0xFC, 0x00,
    0x00, 0x00, 0x00, 0xF4, 0x00, 0x00, 0x00, 0x00, 0xB0, 0x00, 0x00, 0x3C, 0x3C, 0x00, 0x03, 0xF7,
    0xF4, 0x00, 0x06, 0xC6, 0xC0, 0x00, 0x00, 0x00, 0x00, 0x7F, 0xD0, 0x07, 0xD0, 0xF8, 0x01, 0xEF,
    0x0B, 0xC0, 0x35, 0xD0, 0x3D, 0x07, 0x00, 0x02, 0xF0, 0xD0, 0x00, 0x0F, 0x4C, 0x00, 0x00, 0xFE,
    0x40, 0x00, 0x07, 0xF0, 0x00, 0x00, 0x3E, 0x00, 0x00, 0x01, 0xC0, 0x00, 0x00, 0x00, 0x2D, 0x00,
    0x00, 0x00, 0x00, 0x1F, 0xC0, 0x00, 0x00, 0x06, 0xFF, 0xFF, 0xE0, 0x00, 0x0F, 0xD0, 0xFC, 0x1F,
    0x80, 0x0F, 0x80, 0x3E, 0x00, 0xFC, 0x0B, 0xC0, 0x00, 0x00, 0x1F, 0x43, 0xF0, 0x00, 0x00, 0x03,
    0xF1, 0xF8, 0x00, 0x00, 0x00, 0xFC, 0xBE, 0x00, 0x00, 0x00, 0x3F, 0x6F, 0x80, 0x00, 0x00, 0x0F,
    0xDB, 0xE0, 0x00, 0x00, 0x03, 0xF5, 0xF8, 0x00, 0x00, 0x00, 0xFD, 0x3F, 0x00, 0x00, 0x00, 0x3F,
    0x0F, 0xC0, 0x00, 0x00, 0x1F, 0x80, 0xFC, 0x03, 0xE0, 0x0F, 0xC0, 0x0F, 0xD0, 0xFC, 0x1F, 0xC0,
    0x00, 0x6F, 0xFF, 0xFE, 0x40, 0x00, 0x00, 0x1F, 0xC0, 0x00, 0x00, 0x00, 0x02, 0xE0, 0x00, 0x00,
    0x00, 0x0B, 0x40, 0x00, 0x01, 0xBF, 0x50, 0x00, 0xB9, 0xF9, 0xF4, 0x0B, 0x82, 0xD0, 0xF4, 0x3D,
    0x00, 0x02, 0xF1, 0xF4, 0x00, 0x0B, 0xC7, 0xD0, 0x00, 0x2F, 0x0F, 0x40, 0x00, 0xBC, 0x3F, 0x0B,
    0x43, 0xD0, 0x2F, 0x7E, 0x7E, 0x00, 0x06, 0xFE, 0x40, 0x00, 0x02, 0xD0, 0x00, 0x00, 0x00, 0x00,
    0x00, 0x00, 0x00, 0x00, 0x1B, 0xFF, 0xE4, 0x00, 0x00, 0x02, 0xF5, 0xFD, 0xB8, 0x00, 0x00, 0x0F,
    0x09, 0x30, 0xB8, 0x00, 0x00, 0x00, 0x00, 0x40, 0x7C, 0x00, 0x00, 0x00, 0x00, 0x00, 0x00, 0x00,
    0x0B, 0xF8, 0x00, 0xBF, 0x80, 0x01, 0xF4, 0xB8, 0x0F, 0x4B, 0xC0, 0x1F, 0x42, 0xD0, 0x2D, 0x0B,
    0xC0, 0xFC, 0x00, 0x00, 0x00, 0x0F, 0x87, 0xE0, 0x00, 0x00, 0x00, 0x3F, 0x2F, 0x80, 0x00, 0x00,
    0x00, 0xFC, 0xBE, 0x00, 0x00, 0x00, 0x03, 0xF6, 0xF8, 0x00, 0xFF, 0xC0, 0x0F, 0xDB, 0xE0, 0x00,
    0xFC, 0x00, 0x3F, 0x5F, 0x80, 0x03, 0xF0, 0x00, 0xFC, 0x3F, 0x00, 0x0F, 0xC0, 0x03, 0xF0, 0xBD,
    0x00, 0x3F, 0x00, 0x2F, 0x40, 0xBD, 0x02, 0xED, 0x01, 0xF4, 0x00, 0x6F, 0xF4, 0x0B, 0xFE, 0x00,
    0x00, 0x1B, 0xFF, 0x80, 0x00, 0x02, 0xF6, 0xF7, 0xD0, 0x00, 0x0F, 0x08, 0xD3, 0xD0, 0x00, 0x00,
    0x02, 0x02, 0xD0, 0x01, 0xFE, 0x01, 0xFE, 0x00, 0x3E, 0x3D, 0x0F, 0x5F, 0x42, 0xF0, 0xF0, 0x2C,
    0x1F, 0x0F, 0x80, 0x00, 0x00, 0x3D, 0x3E, 0x02, 0xFF, 0x00, 0xF8, 0xF8, 0x01, 0xF0, 0x03, 0xE3,
    0xE0, 0x07, 0xC0, 0x0F, 0x4B, 0xC0, 0x1F, 0x00, 0x7C, 0x0F, 0x81, 0xED, 0x07, 0xD0, 0x0B, 0xFD,
    0x0B, 0xF9, 0x00, 0x00, 0x00, 0x00, 0x00, 0x00, 0x00, 0x01, 0xFF, 0xFC, 0x00, 0x00, 0x00, 0x07,
    0x2D, 0x70, 0x00, 0x00, 0x00, 0x18, 0xB4, 0xC0, 0x00, 0x00, 0x00, 0x00, 0x00, 0x00, 0x00, 0x00,
    0x00, 0x00, 0x00, 0x00, 0x00, 0x02, 0xFE, 0x00, 0x2F, 0xE0, 0x00, 0x7D, 0x2E, 0x03, 0xD2, 0xF0,
    0x07, 0xD0, 0xB4, 0x0B, 0x42, 0xF0, 0x3F, 0x00, 0x00, 0x00, 0x03, 0xE1, 0xF8, 0x00, 0x00, 0x00,
    0x0F, 0xCB, 0xE0, 0x00, 0x00, 0x00, 0x3F, 0x2F, 0x80, 0x00, 0x00, 0x00, 0xFD, 0xBE, 0x00, 0x3F,
    0xF0, 0x03, 0xF6, 0xF8, 0x00, 0x3F, 0x00, 0x0F, 0xD7, 0xE0, 0x00, 0xFC, 0x00, 0x3F, 0x0F, 0xC0,
    0x03, 0xF0, 0x00, 0xFC, 0x2F, 0x40, 0x0F, 0xC0, 0x0B, 0xD0, 0x2F, 0x40, 0xBB, 0x40, 0x7D, 0x00,
    0x1B, 0xFD, 0x02, 0xFF, 0x80, 0x00, 0x00, 0x0F, 0xFF, 0xD0, 0x00, 0x00, 0x35, 0xE3, 0x40, 0x00,
    0x00, 0xC7, 0x89, 0x00, 0x00, 0x7F, 0x80, 0x7F, 0x80, 0x0F, 0x8F, 0x43, 0xD7, 0xD0, 0xBC, 0x3C,
    0x0B, 0x07, 0xC3, 0xE0, 0x00, 0x00, 0x0F, 0x4F, 0x80, 0xBF, 0xC0, 0x3E, 0x3E, 0x00, 0x7C, 0x00,
    0xF8, 0xF8, 0x01, 0xF0, 0x03, 0xD2, 0xF0, 0x07, 0xC0, 0x1F, 0x03, 0xE0, 0x7B, 0x41, 0xF4, 0x02,
    0xFF, 0x42, 0xFE, 0x40, 0x00, 0x00, 0x00, 0x00, 0x00, 0x00, 0x2F, 0xF9, 0x0C, 0x02, 0xF4, 0x07,
    0xFC, 0x0F, 0x80, 0x00, 0xBC, 0x2E, 0x00, 0x00, 0x2C, 0x3D, 0x00, 0x00, 0x1C, 0x7C, 0x00, 0x00,
    0x08, 0xBC, 0x00, 0x00, 0x00, 0xBC, 0x00, 0x00, 0x00, 0xBC, 0x00, 0x00, 0x00, 0x7D, 0x00, 0x00,
    0x00, 0x3F, 0x00, 0x00, 0x00, 0x2F, 0xD0, 0x00, 0x00, 0x0F, 0xFE, 0x40, 0x00, 0x02, 0xFF, 0xFE,
    0x40, 0x00, 0x2F, 0xFF, 0xF8, 0x00, 0x00, 0x5B, 0xFD, 0x00, 0x00, 0x00, 0x1B, 0x00, 0x00, 0x00,
    0x06, 0x00, 0x00, 0x00, 0x00, 0x02, 0xFF, 0x80, 0x3D, 0x0F, 0x82, 0xD0, 0x2D, 0x0F, 0x00, 0x00,
    0x7C, 0x00, 0x01, 0xF0, 0x00, 0x03, 0xC0, 0x00, 0x0F, 0xC0, 0x00, 0x0F, 0xE4, 0x00, 0x0B, 0xFE,
    0x00, 0x01, 0xBE, 0x00, 0x00, 0x3C, 0x00, 0x00, 0x70, 0x00, 0x03, 0x40, 0x10, 0x20, 0x07, 0x6F,
    0xE1, 0xF4, 0x21, 0x86, 0x00, 0xB0, 0x00, 0x1C, 0x00, 0x00, 0xBE, 0x01, 0xEF, 0xAF, 0x6F, 0xB4,
    0x0B, 0xE0, 0x00, 0x00, 0x06, 0xFF, 0x90, 0x03, 0xE0, 0x0B, 0x80, 0xB8, 0x00, 0x1E, 0x00, 0x00,
    0x00, 0x6C, 0x0B, 0xE0, 0xE3, 0xE3, 0x0B, 0x48, 0x00, 0x2F, 0x8B, 0xCA, 0x74, 0x30, 0x05, 0x00,
    0x00, 0x00, 0x78, 0x00, 0x00, 0x00, 0x00, 0x00, 0x03, 0xF0, 0x00, 0x00, 0x00, 0x00, 0x00, 0x0F,
    0x80, 0x00, 0x00, 0x00, 0x3D, 0x00, 0x00, 0x00, 0x0F, 0x00, 0x01, 0xFC, 0x00, 0x00, 0x00, 0xBD,
    0x00, 0x03, 0xD0, 0x00, 0x00, 0x00, 0xF0, 0x00, 0x00, 0x00, 0x00, 0x00, 0x00, 0x00, 0x00, 0x00,
    0x00, 0x00, 0x00, 0x00, 0x00, 0x00, 0x00, 0x00, 0x00, 0x00, 0x00, 0x00, 0x00, 0x00, 0x00, 0x00,
    0x00, 0x00, 0x03, 0xD0, 0x00, 0x00, 0x00, 0x00, 0x0F, 0x1F, 0x80, 0x00, 0x00, 0x00, 0x00, 0x7E,
    0x3D, 0x00, 0x00, 0x00, 0x00, 0x00, 0xF0, 0x00, 0x00, 0x00, 0x00, 0x00, 0x00, 0x00, 0x00, 0x00,
    0x00, 0x00, 0x00, 0x00, 0x00, 0x00, 0x00, 0x00, 0x00, 0x00, 0x00, 0x00, 0x00, 0x00, 0x00, 0x00,
    0x00, 0x00, 0x00, 0x00, 0x00, 0x00, 0x00, 0x00, 0x00, 0x0F, 0x40, 0x00, 0x00, 0x03, 0xC0, 0x00,
    0x7F, 0x00, 0x00, 0x00, 0x2F, 0x40, 0x00, 0xF4, 0x00, 0x00, 0x00, 0x3C, 0x00, 0x00, 0x00, 0x01,
    0xE0, 0x00, 0x00, 0x00, 0x00, 0x00, 0x0F, 0xC0, 0x00, 0x00, 0x00, 0x00, 0x00, 0x2E, 0x00, 0x00,
    0x00, 0x00, 0x00, 0x00, 0x00, 0x40, 0x00, 0x00, 0x00, 0x00, 0x00, 0x00, 0x09, 0x00, 0x00, 0x00,
    0x00, 0x00, 0x00, 0x00, 0xB8, 0x00, 0x00, 0x00, 0x00, 0x08, 0x00, 0x03, 0xF0, 0x00, 0x00, 0x00,
    0x00, 0x2B, 0x40, 0x07, 0x80, 0x02, 0xFC, 0x00, 0x00, 0x7F, 0x00, 0x00, 0x00, 0x2F, 0xA0, 0x00,
    0x00, 0xB4, 0x00, 0x00, 0x00, 0x7C, 0x00, 0x00, 0x00, 0x00, 0x00, 0x00, 0x00, 0x00, 0x00, 0x00,
    0x00, 0x00, 0x00, 0x00, 0x00, 0x00, 0x00, 0x00, 0x00, 0x00, 0x00, 0x00, 0x00, 0x00, 0x00, 0x00,
    0x00, 0x00, 0x00, 0x00, 0x00, 0x00, 0x00, 0xB4, 0x00, 0x00, 0x00, 0x00, 0x03, 0xD0, 0x13, 0xE0,
    0x00, 0x00, 0x00, 0x00, 0x1F, 0x50, 0x1F, 0x40, 0x00, 0x00, 0x00, 0x00, 0x3C, 0x00, 0x00, 0x00,
    0x00, 0x00, 0x00, 0x00, 0x00, 0x00, 0x00, 0x00, 0x00, 0x00, 0x00, 0x00, 0x00, 0x00, 0x00, 0x00,
    0x00, 0x00, 0x00, 0x00, 0x00, 0x00, 0x00, 0x00, 0x00, 0x00, 0x00, 0x00, 0x00, 0x00, 0x00, 0x00,
    0x00, 0x00, 0x00, 0x00, 0x00, 0x03, 0xD0, 0x00, 0x00, 0x00, 0xF0, 0x00, 0x00, 0x0F, 0xC0, 0x00,
    0x00, 0x0B, 0xE0, 0x00, 0x02, 0xFD, 0x00, 0x1E, 0x00, 0x0F, 0x80, 0x00, 0x00, 0x00, 0x00, 0xFC,
    0x00, 0x02, 0x00, 0x00, 0x00, 0x00, 0x02, 0xF0, 0x00, 0x04, 0x00, 0x00, 0x00, 0x00, 0x02, 0x00,
    0x00, 0x00, 0x00, 0x00, 0x00, 0x00, 0x20, 0x00, 0x00, 0x00, 0x00, 0x00, 0x0F, 0x07, 0xC0, 0x00,
    0x00, 0x7E, 0x2F, 0x40, 0x00, 0x00, 0xF4, 0x7C, 0x00, 0x00, 0x00, 0xBF, 0x80, 0x00, 0x00, 0x00,
    0x00, 0x00, 0x00, 0xFF, 0xFD, 0x1F, 0xFF, 0xC0, 0x3F, 0x00, 0x0B, 0xF0, 0x00, 0xFC, 0x00, 0x3F,
    0xC0, 0x03, 0xF0, 0x03, 0xBF, 0x00, 0x0F, 0xC0, 0x28, 0xFC, 0x00, 0x3F, 0x00, 0xC3, 0xF0, 0x00,
    0xFC, 0x0D, 0x0F, 0xC0, 0x03, 0xF0, 0x60, 0x3F, 0x00, 0x0F, 0xC3, 0x00, 0xFC, 0x00, 0x3F, 0x34,
    0x03, 0xF0, 0x00, 0xFE, 0xC0, 0x0F, 0xC0, 0x03, 0xFC, 0x00, 0x3F, 0x00, 0x0F, 0xD0, 0x00, 0xFC,
    0x03, 0xFF, 0xF4, 0x7F, 0xFF, 0x40, 0x00, 0x00, 0x00, 0x2E, 0x00, 0x00, 0x00, 0x00, 0x28, 0x00,
    0x00, 0x00, 0x00, 0x70, 0x00, 0x00, 0x00, 0x00, 0xC0, 0x02, 0xD0, 0xF0, 0x00, 0x3F, 0x1F, 0x80,
    0x03, 0xD0, 0xF4, 0x00, 0x0B, 0xF8, 0x00, 0x7F, 0xF2, 0xFF, 0x80, 0xF8, 0x07, 0xD0, 0x0F, 0x80,
    0xFC, 0x00, 0xF8, 0x37, 0xC0, 0x0F, 0x86, 0x3C, 0x00, 0xF8, 0xC3, 0xC0, 0x0F, 0xB0, 0x3C, 0x00,
    0xFD, 0x03, 0xC0, 0x0F, 0xC0, 0x3D, 0x07, 0xFF, 0x2F, 0xFC, 0x00, 0x00, 0x02, 0xC0, 0x00, 0x00,
    0x0C, 0x00, 0x00, 0x00, 0xC0, 0x00, 0x00, 0x00, 0x00, 0x00, 0xBF, 0xFF, 0x00, 0x00, 0x00, 0x7E,
    0x00, 0x00, 0x0B, 0xFF, 0xFF, 0xFF, 0xD0, 0x00, 0x7E, 0x00, 0x00, 0x00, 0x07, 0xE0, 0x00, 0x00,
    0x00, 0x7E, 0x00, 0x00, 0x00, 0x07, 0xFF, 0xFF, 0x80, 0x00, 0x7E, 0x00, 0x3F, 0x40, 0x07, 0xE0,
    0x00, 0xFC, 0x00, 0x7E, 0x00, 0x0F, 0xD0, 0x07, 0xE0, 0x00, 0xFD, 0x00, 0x7E, 0x00, 0x0F, 0xC0,
    0x07, 0xE0, 0x03, 0xF4, 0x0B, 0xFF, 0xFF, 0xF8, 0x00, 0x06, 0xE0, 0x00, 0x2F, 0xF8, 0x00, 0x00,
    0x3E, 0x00, 0x00, 0x0F, 0x80, 0x00, 0x03, 0xE0, 0x00, 0x0B, 0xFF, 0xF8, 0x00, 0x3E, 0x00, 0x00,
    0x0F, 0x80, 0x00, 0x03, 0xE0, 0x00, 0x00, 0xFF, 0xFE, 0x00, 0x3E, 0x07, 0xF0, 0x0F, 0x80, 0xBC,
    0x03, 0xE0, 0x2F, 0x00, 0xF8, 0x1F, 0x81, 0xFF, 0xFF, 0x40, 0x3F, 0xFF, 0xFE, 0x40, 0x03, 0xF0,
    0x07, 0xF0, 0x03, 0xF0, 0x00, 0xF8, 0x03, 0xF0, 0x00, 0xFC, 0x03, 0xF0, 0x40, 0xFC, 0x03, 0xF0,
    0xE0, 0xF8, 0x03, 0xF0, 0x2F, 0xF0, 0x03, 0xFF, 0xFF, 0x80, 0x03, 0xF0, 0x00, 0xE0, 0x03, 0xF0,
    0x00, 0x2C, 0x03, 0xF0, 0x00, 0x00, 0x03, 0xF0, 0x00, 0x00, 0x03, 0xF0, 0x00, 0x00, 0x3F, 0xFF,
    0x40, 0x00, 0x7F, 0xAF, 0xE0, 0x00, 0xFD, 0x07, 0xD0, 0x0F, 0x80, 0x2F, 0x00, 0xF8, 0x00, 0xF4,
    0x0F, 0x80, 0x0F, 0x80, 0xF8, 0x1D, 0xF4, 0x0F, 0x80, 0x7F, 0x40, 0xF8, 0x02, 0xF0, 0x0F, 0xE0,
    0xBF, 0xC0, 0xF9, 0xFE, 0x08, 0x0F, 0x80, 0x00, 0x00, 0xF8, 0x00, 0x00, 0x0F, 0x80, 0x00, 0x07,
    0xFF, 0x00, 0x00, 0x00, 0x00, 0x00, 0x70, 0x00, 0x00, 0x06, 0x00, 0x00, 0x00, 0xE0, 0x00, 0x00,
    0x2D, 0x3F, 0xFF, 0xFF, 0xD0, 0x3F, 0x00, 0x00, 0x03, 0xF0, 0x00, 0x00, 0x3F, 0x00, 0x00, 0x03,
    0xF0, 0x00, 0x00, 0x3F, 0x00, 0x00, 0x03, 0xF0, 0x00, 0x00, 0x3F, 0x00, 0x00, 0x03, 0xF0, 0x00,
    0x00, 0x3F, 0x00, 0x00, 0x03, 0xF0, 0x00, 0x00, 0x3F, 0x00, 0x00, 0x03, 0xF0, 0x00, 0x03, 0xFF,
    0xFC, 0x00, 0x00, 0x00, 0x60, 0x00, 0x0E, 0x7F, 0xFF, 0xD0, 0xF8, 0x00, 0x0F, 0x80, 0x00, 0xF8,
    0x00, 0x0F, 0x80, 0x00, 0xF8, 0x00, 0x0F, 0x80, 0x00, 0xF8, 0x00, 0x0F, 0x80, 0x07, 0xFF, 0x40,
    0x3F, 0xFF, 0xFF, 0xC0, 0x3F, 0x00, 0x7C, 0x03, 0xF0, 0x00, 0xC0, 0x3F, 0x00, 0x0D, 0x03, 0xF0,
    0x00, 0x90, 0x3F, 0x00, 0x00, 0xBF, 0xFF, 0xC0, 0x00, 0x3F, 0x00, 0x00, 0x03, 0xF0, 0x00, 0x00,
    0x3F, 0x00, 0x00, 0x03, 0xF0, 0x00, 0x00, 0x3F, 0x00, 0x00, 0x03, 0xF0, 0x00, 0x03, 0xFF, 0xFC,
    0x00, 0x00, 0x00, 0x00, 0x00, 0x7F, 0xFF, 0xE0, 0xF8, 0x0E, 0x0F, 0x80, 0x60, 0xF8, 0x00, 0xBF,
    0xFC, 0x00, 0xF8, 0x00, 0x0F, 0x80, 0x00, 0xF8, 0x00, 0x0F, 0x80, 0x07, 0xFF, 0x40, 0x3F, 0xFF,
    0xFF, 0xE0, 0x00, 0xFC, 0x00, 0xB8, 0x00, 0x3F, 0x00, 0x0B, 0x00, 0x0F, 0xC0, 0x00, 0xC0, 0x03,
    0xF0, 0x00, 0x30, 0x00, 0xFC, 0x00, 0x00, 0x00, 0x3F, 0xFF, 0xE4, 0x00, 0x0F, 0xC0, 0x1F, 0xD0,
    0x03, 0xF0, 0x00, 0xFD, 0x00, 0xFC, 0x00, 0x1F, 0xC0, 0x3F, 0x00, 0x03, 0xF4, 0x0F, 0xC0, 0x00,
    0xFD, 0x03, 0xF0, 0x00, 0x3F, 0x4F, 0xFF, 0xF0, 0x0F, 0xD0, 0x00, 0x00, 0x03, 0xF0, 0x00, 0x0B,
    0x81, 0xF4, 0x00, 0x03, 0xF1, 0xF8, 0x00, 0x00, 0x7F, 0xE4, 0x00, 0x7F, 0xFF, 0xE0, 0x03, 0xE0,
    0x28, 0x00, 0xF8, 0x00, 0x00, 0x3E, 0x00, 0x00, 0x0F, 0xFF, 0xE0, 0x03, 0xE0, 0x7F, 0x00, 0xF8,
    0x03, 0xE0, 0x3E, 0x00, 0xFC, 0x0F, 0x80, 0x2F, 0x1F, 0xFC, 0x0B, 0xC0, 0x00, 0x03, 0xF0, 0x03,
    0x80, 0xF4, 0x01, 0xF0, 0xF8, 0x00, 0x1F, 0xF4, 0x00, 0x2F, 0xF8, 0x07, 0xFF, 0xF0, 0x0F, 0xFD,
    0x00, 0x78, 0x00, 0x0F, 0xC0, 0x00, 0xE0, 0x00, 0x03, 0x80, 0x03, 0xF0, 0x00, 0xE0, 0x00, 0x00,
    0x2C, 0x00, 0xFC, 0x01, 0xD0, 0x00, 0x00, 0x01, 0xC0, 0x3F, 0x01, 0xC0, 0x00, 0x00, 0x00, 0x2D,
    0x0F, 0xC2, 0xC0, 0x00, 0x00, 0x00, 0x0F, 0xE3, 0xF3, 0xFC, 0x00, 0x00, 0x00, 0x0F, 0xDB, 0xFF,
    0x6F, 0x80, 0x00, 0x00, 0x0B, 0xE0, 0xBF, 0x03, 0xF4, 0x00, 0x00, 0x0B, 0xF0, 0x0F, 0xC0, 0x3F,
    0x00, 0x00, 0x07, 0xF0, 0x03, 0xF0, 0x07, 0xF0, 0x00, 0x03, 0xF4, 0x00, 0xFC, 0x00, 0xBE, 0x00,
    0x03, 0xF8, 0x00, 0x3F, 0x00, 0x0F, 0xE0, 0x0F, 0xFF, 0x81, 0xFF, 0xFC, 0x07, 0xFF, 0x80, 0x00,
    0x00, 0x00, 0x00, 0x00, 0x01, 0xF0, 0x00, 0x00, 0x00, 0x00, 0x00, 0x00, 0x1C, 0x00, 0x00, 0x00,
    0x00, 0x00, 0x00, 0x03, 0x00, 0x00, 0x00, 0x00, 0x00, 0x00, 0x00, 0xC0, 0x3F, 0x82, 0xFF, 0x82,
    0xFC, 0x01, 0xE0, 0x0F, 0x00, 0xB4, 0x00, 0x0A, 0x03, 0xC0, 0xB0, 0x00, 0x00, 0xB4, 0xF0, 0xE0,
    0x00, 0x00, 0x2F, 0xBE, 0xF8, 0x00, 0x00, 0x1F, 0x6F, 0xDF, 0x80, 0x00, 0x1F, 0x43, 0xC1, 0xF4,
    0x00, 0x0F, 0x80, 0xF0, 0x1F, 0x40, 0x0F, 0xC0, 0x3C, 0x02, 0xF0, 0x2F, 0xF0, 0xBF, 0xE0, 0xFF,
    0xC0, 0x00, 0x00, 0x00, 0x00, 0xB0, 0x00, 0x00, 0x00, 0x00, 0x0C, 0x00, 0x00, 0x00, 0x00, 0x03,
    0x00, 0x66, 0xFF, 0xD0, 0x2F, 0x80, 0x7F, 0x0B, 0x00, 0x03, 0xF2, 0x80, 0x00, 0xFC, 0x00, 0x00,
    0x3E, 0x00, 0x00, 0x7E, 0x00, 0x0F, 0xFD, 0x00, 0x00, 0x02, 0xF4, 0x00, 0x00, 0x3F, 0x00, 0x00,
    0x07, 0xE9, 0x00, 0x01, 0xF9, 0xC0, 0x00, 0xFD, 0x3D, 0x00, 0xBD, 0x01, 0xFF, 0xF8, 0x00, 0x03,
    0xE0, 0x00, 0x00, 0x2F, 0x00, 0x00, 0x03, 0xD0, 0x00, 0x02, 0xF0, 0x00, 0x3F, 0xE0, 0x00, 0x7B,
    0xFE, 0x47, 0x80, 0x7D, 0x60, 0x03, 0xE0, 0x00, 0x7C, 0x02, 0xFF, 0x00, 0x00, 0x7C, 0x00, 0x03,
    0xF5, 0x00, 0x3F, 0x34, 0x07, 0xD1, 0xFF, 0xE0, 0x02, 0xF4, 0x00, 0x03, 0xE0, 0x00, 0x2F, 0x00,
    0x07, 0xE0, 0x2F, 0xE4, 0x00, 0x00, 0x00, 0x00, 0x00, 0x00, 0xFF, 0xFD, 0x02, 0xFF, 0x80, 0x3F,
    0x00, 0x02, 0xC0, 0x00, 0xFC, 0x00, 0x28, 0x00, 0x03, 0xF0, 0x03, 0x80, 0x00, 0x0F, 0xC0, 0x74,
    0x00, 0x00, 0x3F, 0x07, 0x40, 0x00, 0x00, 0xFC, 0xBF, 0x00, 0x00, 0x03, 0xFE, 0x7F, 0x00, 0x00,
    0x0F, 0xD0, 0xBE, 0x00, 0x00, 0x3F, 0x00, 0xFD, 0x00, 0x00, 0xFC, 0x00, 0xFC, 0x00, 0x03, 0xF0,
    0x01, 0xFC, 0x00, 0x0F, 0xC0, 0x02, 0xFC, 0x03, 0xFF, 0xF4, 0x3F, 0xFF, 0x00, 0x00, 0x00, 0x00,
    0x2C, 0x00, 0x00, 0x00, 0x00, 0x30, 0x00, 0x00, 0x00, 0x00, 0x90, 0x00, 0x00, 0x00, 0x02, 0x40,
    0x7F, 0xF0, 0x7F, 0x40, 0xF8, 0x07, 0x80, 0x0F, 0x41, 0xD0, 0x00, 0xF4, 0xB0, 0x00, 0x0F, 0xBF,
    0x00, 0x00, 0xFD, 0xFC, 0x00, 0x0F, 0x43, 0xE0, 0x00, 0xF4, 0x0F, 0x80, 0x0F, 0x80, 0x7E, 0x07,
    0xFF, 0x0F, 0xFC, 0x00, 0x00, 0x01, 0xC0, 0x00, 0x00, 0x0C, 0x00, 0x00, 0x00, 0x90, 0x00, 0x00,
    0x00, 0x00, 0x00, 0x3F, 0xFF, 0x40, 0x0B, 0xFE, 0x03, 0xF0, 0x00, 0x03, 0xC0, 0x03, 0xF0, 0x00,
    0x0E, 0x00, 0x03, 0xF0, 0x00, 0xB4, 0x00, 0x03, 0xF1, 0x83, 0x80, 0x00, 0x03, 0xF1, 0x9E, 0x00,
    0x00, 0x03, 0xFF, 0xFF, 0x00, 0x00, 0x03, 0xF1, 0xAF, 0xC0, 0x00, 0x03, 0xF1, 0x8B, 0xF0, 0x00,
    0x03, 0xF1, 0x82, 0xFC, 0x00, 0x03, 0xF0, 0x00, 0xBF, 0x00, 0x03, 0xF0, 0x00, 0x3F, 0x80, 0x03,
    0xF0, 0x00, 0x0F, 0xE0, 0x3F, 0xFF, 0x40, 0x3F, 0xFF, 0x7F, 0xF0, 0x07, 0xF4, 0x0F, 0x80, 0x03,
    0x80, 0x0F, 0x80, 0x0E, 0x00, 0x0F, 0x82, 0x74, 0x00, 0x0F, 0xFF, 0xF8, 0x00, 0x0F, 0x82, 0xBD,
    0x00, 0x0F, 0x80, 0x3F, 0x00, 0x0F, 0x80, 0x0F, 0xC0, 0x0F, 0x80, 0x03, 0xE0, 0x7F, 0xF0, 0x0B,
    0xFC, 0x3F, 0xFF, 0x40, 0xBF, 0xE0, 0x3F, 0x00, 0x02, 0xC0, 0x03, 0xF0, 0x00, 0xE0, 0x0B, 0xFF,
    0xF8, 0x38, 0x00, 0x03, 0xF0, 0x1D, 0x00, 0x00, 0x3F, 0x07, 0x40, 0x00, 0x03, 0xF2, 0xFC, 0x00,
    0x00, 0x3F, 0xEB, 0xE0, 0x00, 0x03, 0xF8, 0x3F, 0x80, 0x00, 0x3F, 0x00, 0xFD, 0x00, 0x03, 0xF0,
    0x03, 0xF0, 0x00, 0x3F, 0x00, 0x1F, 0xC0, 0x03, 0xF0, 0x00, 0xBE, 0x03, 0xFF, 0xF4, 0x3F, 0xFF,
    0x3F, 0x40, 0x00, 0x03, 0xD0, 0x00, 0x0B, 0xFF, 0x00, 0x00, 0x3D, 0x00, 0x00, 0x0F, 0x40, 0x7F,
    0x43, 0xD0, 0x0E, 0x00, 0xF4, 0x1D, 0x00, 0x3D, 0x2C, 0x00, 0x0F, 0xBF, 0x00, 0x03, 0xF7, 0xF0,
    0x00, 0xF4, 0x3E, 0x00, 0x3D, 0x03, 0xE0, 0x0F, 0x40, 0x7E, 0x0F, 0xFC, 0x3F, 0xF0, 0x3F, 0xFF,
    0xFF, 0x00, 0xFF, 0xD3, 0xD0, 0x3F, 0x00, 0x03, 0x80, 0x34, 0x03, 0xF0, 0x00, 0xE0, 0x03, 0x00,
    0x3F, 0x00, 0x34, 0x00, 0x30, 0x03, 0xF0, 0x1C, 0x00, 0x00, 0x00, 0x3F, 0x0B, 0x00, 0x00, 0x00,
    0x03, 0xF3, 0xFC, 0x00, 0x00, 0x00, 0x3F, 0xDB, 0xE0, 0x00, 0x00, 0x03, 0xF4, 0x3F, 0x40, 0x00,
    0x00, 0x3F, 0x00, 0xFC, 0x00, 0x00, 0x03, 0xF0, 0x07, 0xF0, 0x00, 0x00, 0x3F, 0x00, 0x2F, 0xC0,
    0x00, 0x03, 0xF0, 0x00, 0xFE, 0x00, 0x07, 0xFF, 0xF0, 0x3F, 0xFE, 0x3F, 0xFF, 0x43, 0xFC, 0x74,
    0xBC, 0x03, 0xD0, 0x60, 0xBC, 0x0E, 0x00, 0x00, 0xBC, 0x74, 0x00, 0x00, 0xBE, 0xF4, 0x00, 0x00,
    0xBE, 0x7C, 0x00, 0x00, 0xBC, 0x2F, 0x00, 0x00, 0xBC, 0x0B, 0xC0, 0x00, 0xBC, 0x03, 0xF0, 0x03,
    0xFF, 0x07, 0xFD, 0x00, 0x00, 0x00, 0x00, 0x00, 0xFF, 0xFD, 0x1F, 0xFF, 0xC0, 0x3F, 0x00, 0x03,
    0xF0, 0x00, 0xFC, 0x00, 0x0F, 0xC0, 0x03, 0xF0, 0x00, 0x3F, 0x00, 0x0F, 0xC0, 0x00, 0xFC, 0x00,
    0x3F, 0x00, 0x03, 0xF0, 0x00, 0xFF, 0xFF, 0xFF, 0xC0, 0x03, 0xF0, 0x00, 0x3F, 0x00, 0x0F, 0xC0,
    0x00, 0xFC, 0x00, 0x3F, 0x00, 0x03, 0xF0, 0x00, 0xFC, 0x00, 0x0F, 0xC0, 0x03, 0xF0, 0x00, 0x3F,
    0x00, 0x0F, 0xC0, 0x00, 0xFC, 0x03, 0xFF, 0xF4, 0x7F, 0xFF, 0x40, 0x00, 0x00, 0x00, 0x2E, 0x00,
    0x00, 0x00, 0x00, 0x28, 0x00, 0x00, 0x00, 0x00, 0x70, 0x00, 0x00, 0x00, 0x00, 0xC0, 0x7F, 0xF2,
    0xFF, 0x80, 0xF8, 0x03, 0xD0, 0x0F, 0x80, 0x3C, 0x00, 0xF8, 0x03, 0xC0, 0x0F, 0xFF, 0xFC, 0x00,
    0xF8, 0x03, 0xC0, 0x0F, 0x80, 0x3C, 0x00, 0xF8, 0x03, 0xC0, 0x0F, 0x80, 0x3D, 0x07, 0xFF, 0x2F,
    0xFC, 0x00, 0x00, 0x02, 0xC0, 0x00, 0x00, 0x0C, 0x00, 0x00, 0x00, 0xC0, 0x3F, 0xFF, 0x47, 0xFF,
    0xFF, 0xE0, 0x3F, 0x00, 0x03, 0xF0, 0x1E, 0x03, 0xF0, 0x00, 0x3F, 0x00, 0x70, 0x3F, 0x00, 0x03,
    0xF0, 0x03, 0x03, 0xF0, 0x00, 0x3F, 0x00, 0x30, 0x3F, 0x00, 0x03, 0xF0, 0x00, 0x03, 0xFF, 0xFF,
    0xFF, 0x00, 0x00, 0x3F, 0x00, 0x03, 0xF0, 0x00, 0x03, 0xF0, 0x00, 0x3F, 0x00, 0x00, 0x3F, 0x00,
    0x03, 0xF0, 0x00, 0x03, 0xF0, 0x00, 0x3F, 0x00, 0x00, 0x3F, 0x00, 0x03, 0xF0, 0x00, 0x03, 0xF0,
    0x00, 0x3F, 0x00, 0x03, 0xFF, 0xF4, 0x7F, 0xFF, 0x00, 0x7F, 0xF2, 0xFF, 0xFC, 0x0F, 0x80, 0x3D,
    0x1C, 0x0F, 0x80, 0x3D, 0x0C, 0x0F, 0x80, 0x3D, 0x00, 0x0F, 0xFF, 0xFD, 0x00, 0x0F, 0x80, 0x3D,
    0x00, 0x0F, 0x80, 0x3D, 0x00, 0x0F, 0x80, 0x3D, 0x00, 0x0F, 0x80, 0x3D, 0x00, 0x7F, 0xF2, 0xFF,
    0x80, 0x3F, 0xFF, 0xFF, 0xFF, 0xF0, 0x00, 0x00, 0x3F, 0x00, 0x03, 0xF0, 0x00, 0x00, 0x03, 0xF0,
    0x00, 0x3F, 0x00, 0x00, 0x00, 0x3F, 0x00, 0x03, 0xF0, 0x00, 0x00, 0x03, 0xF0, 0x00, 0x3F, 0x00,
    0x00, 0x00, 0x3F, 0x00, 0x03, 0xF0, 0x00, 0x00, 0x03, 0xF0, 0x00, 0x3F, 0xFF, 0x90, 0x00, 0x3F,
    0x00, 0x03, 0xF0, 0x2F, 0xD0, 0x03, 0xF0, 0x00, 0x3F, 0x00, 0x3F, 0x40, 0x3F, 0x00, 0x03, 0xF0,
    0x01, 0xFC, 0x03, 0xF0, 0x00, 0x3F, 0x00, 0x0F, 0xD0, 0x3F, 0x00, 0x03, 0xF0, 0x00, 0xBD, 0x03,
    0xF0, 0x00, 0x3F, 0x00, 0x0B, 0xE3, 0xFF, 0xF4, 0x7F, 0xFF, 0x00, 0xFD, 0x00, 0x00, 0x00, 0x00,
    0x00, 0x0F, 0xC0, 0x00, 0x00, 0x00, 0x0B, 0xC1, 0xF8, 0x00, 0x00, 0x00, 0x00, 0xFC, 0x7E, 0x00,
    0x00, 0x00, 0x00, 0x03, 0xFE, 0x40, 0x7F, 0xFF, 0xFF, 0x80, 0x00, 0xF8, 0x03, 0xD0, 0x00, 0x0F,
    0x80, 0x3C, 0x00, 0x00, 0xF8, 0x03, 0xC0, 0x00, 0x0F, 0x80, 0x3F, 0xF8, 0x00, 0xF8, 0x03, 0xD2,
    0xF4, 0x0F, 0x80, 0x3C, 0x0F, 0xC0, 0xF8, 0x03, 0xC0, 0x7C, 0x0F, 0x80, 0x3D, 0x07, 0xD7, 0xFF,
    0x2F, 0xF8, 0x7D, 0x00, 0x00, 0x00, 0x07, 0xC0, 0x00, 0x03, 0xC0, 0xFC, 0x00, 0x00, 0x3C, 0x2F,
    0x00, 0x00, 0x00, 0xFF, 0x80, 0x00, 0xBF, 0xFE, 0x40, 0x00, 0xBE, 0x00, 0x00, 0x00, 0x2F, 0x40,
    0x00, 0x00, 0x03, 0xF0, 0x02, 0xFF, 0x80, 0x7E, 0x00, 0xB4, 0x2F, 0x0B, 0xE0, 0x0E, 0x00, 0xF0,
    0xBE, 0x01, 0xD0, 0x0F, 0x4B, 0xE0, 0x2D, 0x00, 0xF4, 0xBE, 0x02, 0xD0, 0x0F, 0x47, 0xE0, 0x2D,
    0x00, 0xF0, 0x3F, 0x01, 0xE0, 0x1E, 0x01, 0xF4, 0x0F, 0x03, 0xC0, 0x0B, 0xE4, 0xB6, 0xF4, 0x00,
    0x0B, 0xFF, 0xF4, 0x00, 0x00, 0x00, 0x0B, 0x90, 0x00, 0x00, 0x00, 0x0B, 0xFC, 0x02, 0xFF, 0x80,
    0x1F, 0x40, 0x00, 0x3E, 0x00, 0x00, 0x3D, 0x0B, 0xF4, 0x7D, 0x1C, 0x3C, 0x7D, 0x2C, 0x2D, 0x7D,
    0x3C, 0x3D, 0x3E, 0x3C, 0x3C, 0x2F, 0x2C, 0xB8, 0x07, 0xFF, 0xD0, 0x00, 0x0B, 0x80, 0x00, 0x01,
    0xBC, 0x00, 0x2F, 0xFD, 0x0C, 0x02, 0xF8, 0x02, 0xFC, 0x0F, 0xC0, 0x00, 0x7C, 0x2F, 0x00, 0x00,
    0x2C, 0x3F, 0x00, 0x00, 0x0C, 0x7E, 0x00, 0x00, 0x04, 0xBE, 0x00, 0x00, 0x00, 0xBE, 0x00, 0x00,
    0x00, 0x7E, 0x00, 0x00, 0x00, 0x3F, 0x00, 0x00, 0x0C, 0x2F, 0x40, 0x00, 0x0C, 0x0F, 0xC0, 0x00,
    0x34, 0x02, 0xF8, 0x01, 0xD0, 0x00, 0x1B, 0xF9, 0x00, 0x00, 0x01, 0xF4, 0x00, 0x00, 0x00, 0x3E,
    0x00, 0x00, 0x00, 0x1F, 0x00, 0x00, 0x00, 0x7F, 0x00, 0x00, 0x1F, 0xF4, 0x00, 0x01, 0xFF, 0x80,
    0x3E, 0x0B, 0x82, 0xF0, 0x2D, 0x0F, 0x80, 0x00, 0x3E, 0x00, 0x00, 0xF8, 0x00, 0x03, 0xE0, 0x00,
    0x0B, 0xC0, 0x0C, 0x0B, 0x80, 0xD0, 0x06, 0xF8, 0x00, 0x03, 0xE0, 0x00, 0x02, 0xF0, 0x00, 0x03,
    0xC0, 0x00, 0x3F, 0x00, 0x3F, 0xE0, 0x00, 0x3F, 0xFF, 0xFF, 0xFD, 0x3D, 0x03, 0xF0, 0x1E, 0x34,
    0x03, 0xF0, 0x0A, 0x30, 0x03, 0xF0, 0x07, 0x30, 0x03, 0xF0, 0x03, 0x00, 0x03, 0xF0, 0x00, 0x00,
    0x03, 0xF0, 0x00, 0x00, 0x03, 0xF0, 0x00, 0x00, 0x03, 0xF0, 0x00, 0x00, 0x03, 0xF0, 0x00, 0x00,
    0x03, 0xF0, 0x00, 0x00, 0x03, 0xF0, 0x00, 0x00, 0x03, 0xF0, 0x00, 0x01, 0xFF, 0xFF, 0xC0, 0x00,
    0x00, 0x07, 0xD0, 0x00, 0x00, 0x00, 0xD0, 0x00, 0x00, 0x00, 0xA0, 0x00, 0x00, 0x00, 0x60, 0x3F,
    0xFF, 0xF9, 0xD2, 0xF0, 0xA6, 0x0B, 0xC1, 0xC0, 0x2F, 0x00, 0x00, 0xBC, 0x00, 0x02, 0xF0, 0x00,
    0x0B, 0xC0, 0x00, 0x2F, 0x00, 0x00, 0xBC, 0x00, 0x2F, 0xFF, 0x00, 0x00, 0x2C, 0x00, 0x00, 0x30,
    0x00, 0x00, 0x90, 0xBF, 0xFE, 0x00, 0x7F, 0xF0, 0x3F, 0x40, 0x00, 0xD0, 0x01, 0xFC, 0x00, 0x28,
    0x00, 0x0F, 0xE0, 0x07, 0x00, 0x00, 0x3F, 0x40, 0xD0, 0x00, 0x01, 0xFC, 0x28, 0x00, 0x00, 0x0B,
    0xF7, 0x00, 0x00, 0x00, 0x3F, 0xC0, 0x00, 0x00, 0x01, 0xF8, 0x00, 0x00, 0x00, 0x1F, 0x80, 0x00,
    0x00, 0x01, 0xF8, 0x00, 0x00, 0x00, 0x1F, 0x80, 0x00, 0x00, 0x01, 0xF8, 0x00, 0x00, 0x02, 0xFF,
    0xFC, 0x00, 0x00, 0x00, 0x00, 0x00, 0x00, 0xBF, 0xC0, 0x3F, 0x47, 0xD0, 0x07, 0x00, 0xF8, 0x01,
    0x80, 0x1F, 0x00, 0xC0, 0x03, 0xD0, 0x70, 0x00, 0xBC, 0x34, 0x00, 0x0F, 0x4C, 0x00, 0x03, 0xE9,
    0x00, 0x00, 0x7F, 0x00, 0x00, 0x0F, 0x80, 0x00, 0x03, 0xE0, 0x00, 0x00, 0xF8, 0x00, 0x00, 0x3E,
    0x00, 0x00, 0x3F, 0xF0, 0x00, 0x00, 0x00, 0x00, 0xBF, 0xFE, 0x00, 0x7F, 0xF0, 0x3F, 0x40, 0x00,
    0xD0, 0x01, 0xFC, 0x00, 0x28, 0x00, 0x0B, 0xF0, 0x07, 0x00, 0x00, 0x3F, 0x80, 0xC0, 0x00, 0x00,
    0xFD, 0x34, 0x00, 0x00, 0x07, 0xFA, 0x00, 0x00, 0x00, 0x2F, 0xC0, 0x00, 0x00, 0x3F, 0xFF, 0xD0,
    0x00, 0x00, 0x1F, 0x80, 0x00, 0x00, 0x01, 0xF8, 0x00, 0x00, 0x00, 0x1F, 0x80, 0x00, 0x00, 0x01,
    0xF8, 0x00, 0x00, 0x02, 0xFF, 0xFC, 0x00, 0x00, 0x00, 0x00, 0x00, 0x00, 0xBF, 0xC0, 0x3F, 0x47,
    0xD0, 0x07, 0x00, 0xF8, 0x01, 0x80, 0x2F, 0x00, 0xC0, 0x03, 0xD0, 0x70, 0x00, 0xBC, 0x24, 0x00,
    0x1F, 0x4C, 0x00, 0x03, 0xEA, 0x00, 0x00, 0x7F, 0x00, 0x00, 0x0F, 0x80, 0x00, 0x3F, 0xFE, 0x00,
    0x00, 0xF8, 0x00, 0x00, 0x3E, 0x00, 0x00, 0x3F, 0xF0, 0x00, 0x00, 0x00, 0x00, 0x3F, 0xFF, 0x07,
    0xFF, 0x80, 0x0B, 0xF0, 0x03, 0x80, 0x00, 0x0F, 0xE0, 0x2C, 0x00, 0x00, 0x0F, 0xD1, 0xC0, 0x00,
    0x00, 0x1F, 0xDD, 0x00, 0x00, 0x00, 0x2F, 0xD0, 0x00, 0x00, 0x00, 0x3F, 0x80, 0x00, 0x00, 0x00,
    0xBF, 0x40, 0x00, 0x00, 0x07, 0x7F, 0x00, 0x00, 0x00, 0x34, 0xBF, 0x00, 0x00, 0x03, 0x80, 0xFE,
    0x00, 0x00, 0x2C, 0x00, 0xFD, 0x00, 0x01, 0xC0, 0x01, 0xFC, 0x01, 0xFF, 0xE0, 0x2F, 0xFF, 0xC0,
    0x00, 0x00, 0x00, 0x1F, 0x00, 0x00, 0x00, 0x00, 0x1C, 0x00, 0x00, 0x00, 0x00, 0x30, 0x00, 0x00,
    0x00, 0x00, 0x90, 0x7F, 0xD0, 0xFF, 0x02, 0xF0, 0x2C, 0x00, 0x3E, 0x1C, 0x00, 0x03, 0xEC, 0x00,
    0x00, 0x7E, 0x00, 0x00, 0x0F, 0xC0, 0x00, 0x0E, 0xBC, 0x00, 0x0A, 0x0F, 0x80, 0x0B, 0x00, 0xF8,
    0x2F, 0xE0, 0xBF, 0xD0, 0x00, 0x00, 0x78, 0x00, 0x00, 0x06, 0x00, 0x00, 0x01, 0x80, 0xBF, 0xFF,
    0xFF, 0xF0, 0xFF, 0xFD, 0x2D, 0x07, 0xE0, 0x7C, 0x03, 0xF0, 0x0A, 0x01, 0xF8, 0x03, 0x00, 0xFC,
    0x03, 0x40, 0x7E, 0x00, 0xC0, 0x3F, 0x00, 0xC0, 0x1F, 0x80, 0x30, 0x0F, 0xC0, 0x00, 0x07, 0xE0,
    0x00, 0x03, 0xF0, 0x00, 0x01, 0xF8, 0x00, 0x00, 0xFC, 0x00, 0x00, 0x7E, 0x00, 0x00, 0x3F, 0x00,
    0x00, 0x1F, 0x80, 0x00, 0x0F, 0xC0, 0x00, 0x07, 0xE0, 0x00, 0x03, 0xF0, 0x00, 0x01, 0xF8, 0x00,
    0x00, 0xFC, 0x00, 0x00, 0x7E, 0x00, 0x00, 0x3F, 0x00, 0x00, 0x1F, 0x80, 0x00, 0x0F, 0xC0, 0x00,
    0xBF, 0xFF, 0xFF, 0xFF, 0xFF, 0x80, 0x00, 0x00, 0x00, 0x00, 0x01, 0xF0, 0x00, 0x00, 0x00, 0x00,
    0x00, 0x1C, 0x00, 0x00, 0x00, 0x00, 0x00, 0x03, 0x00, 0x00, 0x00, 0x00, 0x00, 0x00, 0xC0, 0x3F,
    0xFF, 0x8F, 0xFD, 0x1C, 0xBC, 0xB0, 0x7C, 0x06, 0x1F, 0x0C, 0x1F, 0x00, 0x07, 0xC0, 0x07, 0xC0,
    0x01, 0xF0, 0x01, 0xF0, 0x00, 0x7C, 0x00, 0x7C, 0x00, 0x1F, 0x00, 0x1F, 0x00, 0x07, 0xC0, 0x07,
    0xC0, 0x02, 0xF0, 0x01, 0xF0, 0x03, 0xFF, 0xFF, 0xFF, 0x80, 0x00, 0x00, 0x00, 0xF0, 0x00, 0x00,
    0x00, 0x0C, 0x00, 0x00, 0x00, 0x03, 0x00, 0x3F, 0xFF, 0x47, 0xFF, 0xF0, 0x0F, 0xC0, 0x00, 0xFC,
    0x00, 0x3F, 0x00, 0x03, 0xF0, 0x00, 0xFC, 0x00, 0x0F, 0xC0, 0x03, 0xF0, 0x00, 0x3F, 0x00, 0x0F,
    0xC0, 0x00, 0xFC, 0x00, 0x0F, 0x80, 0x2F, 0xF0, 0x00, 0x0B, 0xFE, 0x5F, 0xC0, 0x00, 0x00, 0x00,
    0x3F, 0x00, 0x00, 0x00, 0x00, 0xFC, 0x00, 0x00, 0x00, 0x03, 0xF0, 0x00, 0x00, 0x00, 0x0F, 0xC0,
    0x00, 0x00, 0x00, 0x3F, 0x00, 0x00, 0x00, 0x1F, 0xFF, 0xD0, 0x00, 0x00, 0x00, 0x0B, 0x80, 0x00,
    0x00, 0x00, 0x0A, 0x00, 0x00, 0x00, 0x00, 0x1C, 0x00, 0x00, 0x00, 0x00, 0x30, 0x7F, 0xF2, 0xFF,
    0x80, 0xF8, 0x03, 0xD0, 0x0F, 0x80, 0x3C, 0x00, 0xF8, 0x03, 0xC0, 0x0B, 0xC1, 0xBC, 0x00, 0x2F,
    0xE7, 0xC0, 0x00, 0x00, 0x3C, 0x00, 0x00, 0x03, 0xC0, 0x00, 0x00, 0x3D, 0x00, 0x00, 0x2F, 0xFC,
    0x00, 0x00, 0x02, 0xC0, 0x00, 0x00, 0x0C, 0x00, 0x00, 0x00, 0xC0, 0x3F, 0xFF, 0x47, 0xFF, 0xF0,
    0x0F, 0xC0, 0x00, 0xFC, 0x00, 0x3F, 0x00, 0x03, 0xF0, 0x00, 0xFC, 0x00, 0x0F, 0xC0, 0x03, 0xF0,
    0x00, 0x3F, 0x00, 0x0F, 0xC0, 0xC0, 0xFC, 0x00, 0x0F, 0x83, 0x1F, 0xF0, 0x00, 0x07, 0xFF, 0x9F,
    0xC0, 0x00, 0x00, 0x30, 0x3F, 0x00, 0x00, 0x00, 0xC0, 0xFC, 0x00, 0x00, 0x03, 0x03, 0xF0, 0x00,
    0x00, 0x00, 0x0F, 0xC0, 0x00, 0x00, 0x00, 0x3F, 0x00, 0x00, 0x00, 0x1F, 0xFF, 0xC0, 0x00, 0x00,
    0x00, 0x00, 0x00, 0x7F, 0xF2, 0xFF, 0x83, 0xE0, 0x0F, 0x40, 0xF8, 0x03, 0xC0, 0x3E, 0x00, 0xF0,
    0x0B, 0xC9, 0xBC, 0x00, 0x7F, 0x9F, 0x00, 0x00, 0x83, 0xC0, 0x00, 0x00, 0xF0, 0x00, 0x00, 0x3D,
    0x00, 0x00, 0xBF, 0xE0, 0x00, 0x00, 0x00, 0x00, 0x00, 0xFF, 0xFD, 0x00, 0x00, 0x00, 0x3F, 0x00,
    0x00, 0x00, 0x00, 0xFC, 0x00, 0x00, 0x00, 0x03, 0xF0, 0x7F, 0xE0, 0x00, 0x0F, 0xCE, 0x03, 0xF0,
    0x00, 0x3F, 0xD0, 0x07, 0xE0, 0x00, 0xFE, 0x00, 0x0F, 0xC0, 0x03, 0xF0, 0x00, 0x3F, 0x00, 0x0F,
    0xC0, 0x00, 0xFC, 0x00, 0x3F, 0x00, 0x03, 0xF0, 0x00, 0xFC, 0x00, 0x0F, 0xC0, 0x03, 0xF0, 0x00,
    0x3F, 0x00, 0x0F, 0xC0, 0x00, 0xFC, 0x03, 0xFF, 0xF4, 0x7F, 0xFF, 0x00, 0x3F, 0x80, 0x00, 0x02,
    0xE0, 0x00, 0x00, 0xB8, 0x00, 0x00, 0x2E, 0x00, 0x00, 0x0B, 0x8B, 0xF4, 0x02, 0xE9, 0x1F, 0x00,
    0xBD, 0x03, 0xD0, 0x2F, 0x00, 0xF4, 0x0B, 0xC0, 0x3D, 0x02, 0xF0, 0x0F, 0x40, 0xBC, 0x03, 0xD0,
    0x2F, 0x00, 0xF4, 0x0B, 0xC0, 0x3E, 0x0F, 0xFC, 0x7F, 0xF0, 0x00, 0x00, 0x1B, 0xFE, 0x40, 0x00,
    0x00, 0x7E, 0x01, 0xFC, 0x03, 0xD0, 0x7D, 0x00, 0x0B, 0xC1, 0xFC, 0x3F, 0x00, 0x00, 0xF8, 0x3D,
    0x1F, 0x80, 0x00, 0x3F, 0x0B, 0x4F, 0xD0, 0x00, 0x0F, 0xC0, 0x6F, 0xFF, 0xFF, 0xFF, 0xF0, 0x00,
    0xFD, 0x00, 0x00, 0x00, 0x00, 0x2F, 0x40, 0x00, 0x00, 0x00, 0x07, 0xE0, 0x00, 0x00, 0x00, 0x00,
    0xFC, 0x00, 0x00, 0x00, 0x00, 0x0F, 0x80, 0x00, 0x0C, 0x00, 0x00, 0xFD, 0x00, 0x6D, 0x00, 0x00,
    0x06, 0xFF, 0xE4, 0x00, 0x00, 0x02, 0xFF, 0x40, 0x50, 0x3D, 0x0B, 0x87, 0xC3, 0xE0, 0x0F, 0x0E,
    0x0F, 0x80, 0x2D, 0x0B, 0xFF, 0xFF, 0xF4, 0x00, 0xF4, 0x00, 0x00, 0x03, 0xE0, 0x00, 0x00, 0x0B,
    0xC0, 0x0D, 0x00, 0x0B, 0x80, 0xB0, 0x00, 0x07, 0xFD, 0x00, 0x00, 0x00, 0x1B, 0xFE, 0x40, 0x00,
    0x00, 0x7E, 0x01, 0xFC, 0x03, 0xD0, 0x7D, 0x00, 0x0B, 0xC1, 0xFC, 0x3F, 0x00, 0x00, 0xF8, 0x3D,
    0x1F, 0x80, 0x00, 0x3F, 0x0B, 0x4F, 0xD0, 0x00, 0x0F, 0xC0, 0x6F, 0xFF, 0xFF, 0xFF, 0xF0, 0x00,
    0xFD, 0x00, 0x00, 0x00, 0x00, 0x2F, 0x40, 0x00, 0x00, 0x00, 0x07, 0xE0, 0x00, 0x00, 0x00, 0x00,
    0xFC, 0x00, 0x00, 0x00, 0x00, 0x0F, 0x80, 0x00, 0x0C, 0x00, 0x00, 0xFD, 0x00, 0x6D, 0x00, 0x00,
    0x06, 0xFF, 0xE8, 0x00, 0x00, 0x00, 0x07, 0x00, 0x00, 0x00, 0x00, 0x03, 0x80, 0x00, 0x00, 0x00,
    0x00, 0xF0, 0x00, 0x00, 0x00, 0x00, 0x1F, 0xC0, 0x00, 0x00, 0x02, 0xFF, 0x40, 0x50, 0x3D, 0x0B,
    0x87, 0xC3, 0xE0, 0x0F, 0x0E, 0x0F, 0x80, 0x2D, 0x0B, 0xFF, 0xFF, 0xF4, 0x00, 0xF4, 0x00, 0x00,
    0x03, 0xE0, 0x00, 0x00, 0x0B, 0xC0, 0x0D, 0x00, 0x0F, 0x80, 0xA0, 0x00, 0x07, 0xFD, 0x00, 0x00,
    0x00, 0xD0, 0x00, 0x00, 0x07, 0x00, 0x00, 0x00, 0x2E, 0x00, 0x00, 0x00, 0x2F, 0x80, 0x00, 0x00,
    0x1F, 0xFF, 0xD0, 0x3F, 0x00, 0x0F, 0xC0, 0x03, 0xF0, 0x00, 0xFC, 0x00, 0x3F, 0x00, 0x0F, 0xC0,
    0x03, 0xF0, 0x00, 0xFC, 0x00, 0x3F, 0x00, 0x0F, 0xC0, 0x03, 0xF0, 0x00, 0xFC, 0x07, 0xFF, 0xF4,
    0x00, 0x00, 0x06, 0x00, 0x70, 0x00, 0x00, 0x00, 0x00, 0x01, 0xBF, 0x80, 0x00, 0x00, 0x00, 0x00,
    0x00, 0x00, 0x00, 0x00, 0x00, 0x00, 0x00, 0x00, 0x00, 0x00, 0x00, 0x00, 0x2F, 0xF8, 0x07, 0xFF,
    0xF0, 0x0F, 0xFD, 0x01, 0xE0, 0x00, 0x3F, 0x00, 0x03, 0x80, 0x00, 0x38, 0x00, 0x3F, 0x00, 0x0E,
    0x00, 0x00, 0x0B, 0x00, 0x3F, 0x00, 0x74, 0x00, 0x00, 0x01, 0xC0, 0x3F, 0x01, 0xC0, 0x00, 0x00,
    0x00, 0xB4, 0x3F, 0x0B, 0x00, 0x00, 0x00, 0x00, 0xFE, 0x3F, 0x3F, 0xC0, 0x00, 0x00, 0x03, 0xF6,
    0xFF, 0xDB, 0xE0, 0x00, 0x00, 0x0B, 0xE0, 0xBF, 0x03, 0xF4, 0x00, 0x00, 0x2F, 0xC0, 0x3F, 0x00,
    0xFC, 0x00, 0x00, 0x7F, 0x00, 0x3F, 0x00, 0x7F, 0x00, 0x00, 0xFD, 0x00, 0x3F, 0x00, 0x2F, 0x80,
    0x03, 0xF8, 0x00, 0x3F, 0x00, 0x0F, 0xE0, 0x3F, 0xFE, 0x07, 0xFF, 0xF0, 0x3F, 0xFE, 0x00, 0x08,
    0x00, 0x20, 0x00, 0x00, 0x03, 0x41, 0xC0, 0x00, 0x00, 0x00, 0xBE, 0x00, 0x00, 0x3F, 0x82, 0xFF,
    0x82, 0xFC, 0x07, 0x80, 0x3C, 0x02, 0xD0, 0x00, 0xA0, 0x3C, 0x0B, 0x00, 0x00, 0x2D, 0x3C, 0x38,
    0x00, 0x00, 0x2F, 0xBE, 0xF8, 0x00, 0x00, 0x7D, 0xBF, 0x7E, 0x00, 0x01, 0xF4, 0x3C, 0x1F, 0x40,
    0x03, 0xE0, 0x3C, 0x07, 0xD0, 0x0F, 0xC0, 0x3C, 0x02, 0xF4, 0xBF, 0xC2, 0xFF, 0x83, 0xFE, 0x00,
    0x00, 0x00, 0x00, 0x03, 0xFF, 0xF4, 0x0B, 0xFE, 0x03, 0xF0, 0x00, 0x2C, 0x00, 0x3F, 0x00, 0x0E,
    0x00, 0x03, 0xF0, 0x07, 0x40, 0x00, 0x3F, 0x02, 0xC0, 0x00, 0x03, 0xF0, 0xE0, 0x00, 0x00, 0x3F,
    0xFF, 0xF9, 0x00, 0x03, 0xF0, 0x06, 0xFC, 0x00, 0x3F, 0x00, 0x07, 0xF0, 0x03, 0xF0, 0x00, 0x2F,
    0x80, 0x3F, 0x00, 0x01, 0xFC, 0x03, 0xF0, 0x00, 0x0F, 0xC0, 0x3F, 0x00, 0x00, 0xFC, 0x3F, 0xFF,
    0x40, 0x0F, 0xC0, 0x00, 0x00, 0x01, 0xFC, 0x00, 0x00, 0xF4, 0x3F, 0x00, 0x00, 0x1F, 0x8B, 0xD0,
    0x00, 0x00, 0x7F, 0xE0, 0x00, 0x7F, 0xF0, 0x7F, 0x43, 0xE0, 0x1E, 0x00, 0xF8, 0x2D, 0x00, 0x3E,
    0x38, 0x00, 0x0F, 0xFF, 0xE0, 0x03, 0xE0, 0x7F, 0x00, 0xF8, 0x03, 0xE0, 0x3E, 0x00, 0xFC, 0x0F,
    0x80, 0x2F, 0x1F, 0xFC, 0x0B, 0xC0, 0x00, 0x03, 0xF0, 0x03, 0x80, 0xF4, 0x01, 0xF0, 0xF8, 0x00,
    0x1F, 0xE4, 0x00, 0x00, 0xFF, 0xFF, 0xFF, 0xF0, 0x00, 0x18, 0x00, 0xFC, 0x00, 0x00, 0x60, 0x03,
    0xF0, 0x00, 0x02, 0x40, 0x0F, 0xC0, 0x00, 0x09, 0x00, 0x3F, 0x00, 0x00, 0x24, 0x00, 0xFC, 0x00,
    0x00, 0x90, 0x03, 0xF0, 0x00, 0x02, 0x40, 0x0F, 0xC0, 0x00, 0x0C, 0x00, 0x3F, 0x00, 0x00, 0x30,
    0x00, 0xFC, 0x03, 0xD0, 0xC0, 0x03, 0xF0, 0x1F, 0xCA, 0x00, 0x0F, 0xC0, 0x3D, 0x70, 0x00, 0x3F,
    0x00, 0x7F, 0x00, 0x1F, 0xFF, 0xC0, 0x00, 0x00, 0x00, 0x1D, 0x00, 0x00, 0x00, 0x00, 0xF0, 0x00,
    0x00, 0x00, 0x07, 0x40, 0x00, 0x00, 0x00, 0x3C, 0x00, 0x03, 0xFF, 0xFF, 0x80, 0x28, 0x1F, 0x00,
    0x06, 0x03, 0xC0, 0x01, 0x80, 0xF0, 0x00, 0x90, 0x3C, 0x00, 0x24, 0x0F, 0x00, 0x09, 0x03, 0xC1,
    0xE3, 0x00, 0xF0, 0x7D, 0xC0, 0x3D, 0x0F, 0xC0, 0xBF, 0xE0, 0x00, 0x00, 0x74, 0x00, 0x00, 0x3C,
    0x00, 0x00, 0x1D, 0x00, 0x00, 0x00, 0x00, 0x00, 0x00, 0xFF, 0xFD, 0x1F, 0xFF, 0xC0, 0x3F, 0x00,
    0x03, 0xF0, 0x00, 0xFC, 0x00, 0x0F, 0xC0, 0x03, 0xF0, 0x00, 0x3F, 0x00, 0x0F, 0xC0, 0x00, 0xFC,
    0x00, 0x3F, 0x00, 0x03, 0xF0, 0x00, 0xFF, 0xFF, 0xFF, 0xC0, 0x03, 0xF0, 0x00, 0x3F, 0x00, 0x0F,
    0xC0, 0x00, 0xFC, 0x00, 0x3F, 0x00, 0x03, 0xF0, 0x00, 0xFC, 0x00, 0x0F, 0xC0, 0x03, 0xF0, 0x00,
    0x3F, 0x00, 0x0F, 0xC0, 0x00, 0xFC, 0x03, 0xFF, 0xF4, 0x03, 0xF0, 0x00, 0x00, 0x00, 0x0F, 0xC0,
    0x00, 0x00, 0xF8, 0x3E, 0x00, 0x00, 0x03, 0xE2, 0xF4, 0x00, 0x00, 0x07, 0xFE, 0x00, 0x00, 0x7F,
    0xF2, 0xFF, 0x83, 0xE0, 0x0F, 0x40, 0xF8, 0x03, 0xC0, 0x3E, 0x00, 0xF0, 0x0F, 0xFF, 0xFC, 0x03,
    0xE0, 0x0F, 0x00, 0xF8, 0x03, 0xC0, 0x3E, 0x00, 0xF0, 0x0F, 0x80, 0x3C, 0x1F, 0xFC, 0x0F, 0x00,
    0x00, 0x03, 0xC0, 0x01, 0xE0, 0xF0, 0x00, 0xB8, 0xB8, 0x00, 0x0B, 0xF8, 0x00, 0x00, 0x00, 0x00,
    0x00, 0x00, 0xFF, 0xFD, 0x1F, 0xFF, 0xC0, 0x3F, 0x00, 0x03, 0xF0, 0x00, 0xFC, 0x00, 0x0F, 0xC0,
    0x03, 0xF0, 0x00, 0x3F, 0x00, 0x0F, 0xC0, 0x00, 0xFC, 0x00, 0x3F, 0x00, 0x03, 0xF0, 0x00, 0xFF,
    0xFF, 0xFF, 0xC0, 0x03, 0xF0, 0x00, 0x3F, 0x00, 0x0F, 0xC0, 0x00, 0xFC, 0x00, 0x3F, 0x00, 0x03,
    0xF0, 0x00, 0xFC, 0x00, 0x0F, 0xC0, 0x03, 0xF0, 0x00, 0x3F, 0x00, 0x0F, 0xC0, 0x00, 0xFC, 0x03,
    0xFF, 0xF4, 0x7F, 0xFF, 0x00, 0x00, 0x00, 0x00, 0x78, 0x00, 0x00, 0x00, 0x03, 0xC0, 0x00, 0x00,
    0x00, 0x0E, 0x00, 0x00, 0x00, 0x00, 0xB0, 0x00, 0x00, 0x00, 0x00, 0x00, 0x7F, 0xF2, 0xFF, 0x83,
    0xE0, 0x0F, 0x40, 0xF8, 0x03, 0xC0, 0x3E, 0x00, 0xF0, 0x0F, 0xFF, 0xFC, 0x03, 0xE0, 0x0F, 0x00,
    0xF8, 0x03, 0xC0, 0x3E, 0x00, 0xF0, 0x0F, 0x80, 0x3D, 0x1F, 0xFC, 0xBF, 0xE0, 0x00, 0x00, 0x74,
    0x00, 0x00, 0x3C, 0x00, 0x00, 0x1D, 0x00, 0x3F, 0xFF, 0x47, 0xFF, 0xF0, 0x0F, 0xC0, 0x00, 0xFC,
    0x00, 0x3F, 0x00, 0x03, 0xF0, 0x00, 0xFC, 0x00, 0x0F, 0xC0, 0x03, 0xF0, 0x00, 0x3F, 0x00, 0x0F,
    0xC0, 0x00, 0xFC, 0x00, 0x0F, 0x80, 0x2F, 0xF0, 0x00, 0x0B, 0xFE, 0x5F, 0xC0, 0x00, 0x00, 0x00,
    0x3F, 0x00, 0x00, 0x00, 0x00, 0xFC, 0x00, 0x00, 0x00, 0x03, 0xF0, 0x00, 0x00, 0x00, 0x0F, 0xC0,
    0x00, 0x00, 0x00, 0x3F, 0x00, 0x00, 0x00, 0x2F, 0xFF, 0xC0, 0x00, 0x00, 0xF4, 0x00, 0x00, 0x00,
    0x03, 0x40, 0x00, 0x00, 0x00, 0x0C, 0x00, 0x00, 0x00, 0x00, 0x30, 0x00, 0x00, 0x7F, 0xF2, 0xFF,
    0x83, 0xE0, 0x0F, 0x40, 0xF8, 0x03, 0xC0, 0x3E, 0x00, 0xF0, 0x0B, 0xC1, 0xBC, 0x00, 0xBF, 0x9F,
    0x00, 0x00, 0x03, 0xC0, 0x00, 0x00, 0xF0, 0x00, 0x00, 0x3D, 0x00, 0x00, 0xFF, 0xE0, 0x00, 0x38,
    0x00, 0x00, 0x0C, 0x00, 0x00, 0x03, 0x00, 0x00, 0x3F, 0xF4, 0x00, 0x00, 0x7F, 0xF0, 0x0F, 0xF0,
    0x00, 0x03, 0xFC, 0x00, 0x37, 0xD0, 0x00, 0x17, 0xF0, 0x00, 0xCB, 0xC0, 0x00, 0xCF, 0xC0, 0x03,
    0x1F, 0x40, 0x06, 0x3F, 0x00, 0x0C, 0x3F, 0x00, 0x30, 0xFC, 0x00, 0x30, 0x7C, 0x01, 0x83, 0xF0,
    0x00, 0xC0, 0xF8, 0x0C, 0x0F, 0xC0, 0x03, 0x01, 0xF0, 0x20, 0x3F, 0x00, 0x0C, 0x03, 0xE2, 0x00,
    0xFC, 0x00, 0x30, 0x07, 0xD8, 0x03, 0xF0, 0x00, 0xC0, 0x0F, 0xC0, 0x0F, 0xC0, 0x03, 0x40, 0x2F,
    0x00, 0x3F, 0x00, 0xFF, 0xE0, 0x34, 0x0F, 0xFF, 0xC0, 0x00, 0x00, 0x00, 0x00, 0x1E, 0x00, 0x00,
    0x00, 0x00, 0x00, 0xF0, 0x00, 0x00, 0x00, 0x00, 0x07, 0x80, 0x00, 0x00, 0x00, 0x00, 0x3C, 0x00,
    0x00, 0x00, 0x00, 0x00, 0x00, 0x00, 0x3F, 0xC0, 0x03, 0xFC, 0x0B, 0xE0, 0x07, 0xF0, 0x0A, 0xF0,
    0x09, 0xF0, 0x09, 0xB4, 0x09, 0xF0, 0x09, 0x3C, 0x21, 0xF0, 0x09, 0x3D, 0x21, 0xF0, 0x09, 0x1E,
    0x51, 0xF0, 0x09, 0x0F, 0xC1, 0xF0, 0x0E, 0x07, 0x41, 0xF0, 0x3F, 0xC3, 0x0F, 0xFC, 0x00, 0x00,
    0x00, 0x3C, 0x00, 0x00, 0x00, 0x74, 0x00, 0x00, 0x00, 0xF0, 0x00, 0x18, 0x01, 0x80, 0x00, 0x00,
    0x7F, 0xE0, 0x00, 0x00, 0x00, 0x00, 0x00, 0x00, 0x00, 0x00, 0x00, 0x00, 0x00, 0x00, 0xB0, 0x00,
    0x00, 0x00, 0x0F, 0x40, 0x00, 0x00, 0x02, 0xFC, 0x00, 0x00, 0x00, 0x3F, 0xC0, 0x00, 0x00, 0x07,
    0x7E, 0x00, 0x00, 0x00, 0xD3, 0xF0, 0x00, 0x00, 0x1C, 0x2F, 0x80, 0x00, 0x02, 0x40, 0xFC, 0x00,
    0x00, 0x30, 0x0B, 0xD0, 0x00, 0x0B, 0xFF, 0xFF, 0x00, 0x00, 0xC0, 0x03, 0xF0, 0x00, 0x18, 0x00,
    0x1F, 0x80, 0x03, 0x40, 0x00, 0xFC, 0x03, 0xFF, 0x00, 0xBF, 0xFD, 0x08, 0x00, 0x20, 0x03, 0x41,
    0xC0, 0x00, 0xBE, 0x00, 0x0B, 0xFE, 0x00, 0x1F, 0x07, 0xD0, 0x0F, 0x02, 0xF0, 0x00, 0x02, 0xF0,
    0x01, 0xBF, 0xF0, 0x1F, 0x92, 0xF0, 0x3E, 0x02, 0xF0, 0x7C, 0x02, 0xF0, 0x3E, 0x07, 0xF0, 0x0B,
    0xF8, 0xBE, 0x00, 0x1F, 0x0B, 0x80, 0x00, 0x03, 0xF4, 0xFC, 0x00, 0x00, 0x1F, 0x0B, 0x80, 0x00,
    0x00, 0x00, 0x00, 0x00, 0x00, 0x00, 0x00, 0x00, 0x00, 0x00, 0x0B, 0x00, 0x00, 0x00, 0x00, 0xF4,
    0x00, 0x00, 0x00, 0x2F, 0xC0, 0x00, 0x00, 0x03, 0xFC, 0x00, 0x00, 0x00, 0x77, 0xE0, 0x00, 0x00,
    0x0D, 0x3F, 0x00, 0x00, 0x01, 0xC2, 0xF8, 0x00, 0x00, 0x24, 0x0F, 0xC0, 0x00, 0x03, 0x00, 0xBD,
    0x00, 0x00, 0xBF, 0xFF, 0xF0, 0x00, 0x0C, 0x00, 0x3F, 0x00, 0x01, 0x80, 0x01, 0xF8, 0x00, 0x34,
    0x00, 0x0F, 0xC0, 0x3F, 0xF0, 0x0B, 0xFF, 0xD0, 0x07, 0x82, 0xD0, 0x0F, 0xC3, 0xF0, 0x07, 0x82,
    0xD0, 0x00, 0x00, 0x00, 0x0B, 0xFE, 0x00, 0x1F, 0x07, 0xD0, 0x0F, 0x02, 0xF0, 0x00, 0x02, 0xF0,
    0x01, 0xBF, 0xF0, 0x1F, 0x92, 0xF0, 0x3E, 0x02, 0xF0, 0x7C, 0x02, 0xF0, 0x3E, 0x07, 0xF0, 0x0B,
    0xF8, 0xBE, 0x00, 0x0B, 0xFF, 0xFF, 0xFF, 0x00, 0x00, 0x0C, 0xFC, 0x01, 0xF0, 0x00, 0x02, 0x8F,
    0xC0, 0x03, 0x00, 0x00, 0x34, 0xFC, 0x00, 0x34, 0x00, 0x07, 0x0F, 0xC0, 0x02, 0x40, 0x00, 0xD0,
    0xFC, 0x09, 0x00, 0x00, 0x1C, 0x0F, 0xC1, 0xD0, 0x00, 0x02, 0xFF, 0xFF, 0xFD, 0x00, 0x00, 0x30,
    0x0F, 0xC0, 0xD0, 0x00, 0x0A, 0x00, 0xFC, 0x09, 0x0C, 0x00, 0xD0, 0x0F, 0xC0, 0x00, 0xC0, 0x1C,
    0x00, 0xFC, 0x00, 0x28, 0x03, 0x40, 0x0F, 0xC0, 0x1B, 0x43, 0xFF, 0x0B, 0xFF, 0xFF, 0xF4, 0x0B,
    0xFE, 0x0B, 0xF8, 0x07, 0xC1, 0xFF, 0x03, 0xC0, 0xF0, 0x2F, 0x00, 0xB4, 0x00, 0x07, 0xC0, 0x1E,
    0x01, 0xBF, 0xFF, 0xFF, 0x83, 0xE4, 0x7C, 0x00, 0x03, 0xE0, 0x0F, 0x00, 0x00, 0xF4, 0x03, 0xE0,
    0x00, 0x3E, 0x07, 0xFE, 0x06, 0x82, 0xFF, 0x41, 0xFF, 0x40, 0x00, 0x60, 0x06, 0x00, 0x00, 0x1F,
    0xF8, 0x00, 0x00, 0x00, 0x00, 0x00, 0x00, 0x00, 0x00, 0x00, 0x3F, 0xFF, 0xFF, 0xF0, 0x03, 0xF0,
    0x01, 0xF0, 0x03, 0xF0, 0x00, 0x30, 0x03, 0xF0, 0x00, 0x34, 0x03, 0xF0, 0x24, 0x24, 0x03, 0xF0,
    0x34, 0x00, 0x03, 0xFF, 0xF4, 0x00, 0x03, 0xF0, 0x34, 0x00, 0x03, 0xF0, 0x24, 0x00, 0x03, 0xF0,
    0x00, 0x0C, 0x03, 0xF0, 0x00, 0x0C, 0x03, 0xF0, 0x00, 0x28, 0x03, 0xF0, 0x01, 0xB8, 0x3F, 0xFF,
    0xFF, 0xF4, 0x08, 0x00, 0x80, 0x28, 0x0A, 0x00, 0x1F, 0xD0, 0x00, 0xBF, 0xD0, 0x0F, 0x42, 0xE0,
    0xF8, 0x03, 0xC3, 0xD0, 0x0B, 0x5F, 0xFF, 0xFD, 0x7D, 0x00, 0x00, 0xF8, 0x00, 0x02, 0xF0, 0x00,
    0x03, 0xE0, 0x1C, 0x01, 0xFF, 0x80, 0x00, 0x00, 0x00, 0x00, 0x28, 0x6F, 0xF8, 0x00, 0x2F, 0xD0,
    0x1F, 0x80, 0x2D, 0x00, 0x03, 0xF0, 0x28, 0x00, 0x00, 0xF8, 0x14, 0x00, 0x00, 0xFC, 0x00, 0x00,
    0x00, 0xBD, 0x00, 0x00, 0x00, 0xBE, 0x7F, 0xFF, 0xFF, 0xFE, 0x7E, 0x00, 0x00, 0xBE, 0x3E, 0x00,
    0x00, 0xBD, 0x3F, 0x00, 0x00, 0xFC, 0x0F, 0x80, 0x02, 0xF0, 0x07, 0xE0, 0x0B, 0xC0, 0x00, 0x6F,
    0xF9, 0x00, 0x2A, 0xFE, 0x00, 0xF4, 0x1F, 0x02, 0x00, 0x2F, 0x00, 0x00, 0x7C, 0x00, 0x01, 0xF5,
    0xFF, 0xFF, 0xD7, 0x80, 0x1F, 0x0F, 0x00, 0xB8, 0x1E, 0x07, 0xC0, 0x1F, 0xF8, 0x00, 0x00, 0x2D,
    0x0F, 0x00, 0x00, 0x0F, 0xCB, 0xE0, 0x00, 0x02, 0xD0, 0xF0, 0x00, 0x00, 0x00, 0x00, 0x00, 0x00,
    0x00, 0x00, 0x00, 0x0A, 0x1B, 0xFE, 0x40, 0x02, 0xFD, 0x00, 0xBD, 0x00, 0xB8, 0x00, 0x03, 0xE0,
    0x2C, 0x00, 0x00, 0x7D, 0x05, 0x00, 0x00, 0x0F, 0xC0, 0x00, 0x00, 0x03, 0xF0, 0x00, 0x00, 0x00,
    0xFD, 0x7F, 0xFF, 0xFF, 0xFF, 0x5F, 0x80, 0x00, 0x0F, 0xC3, 0xE0, 0x00, 0x03, 0xF0, 0xFC, 0x00,
    0x01, 0xF4, 0x0F, 0x80, 0x00, 0xF8, 0x00, 0xF9, 0x01, 0xF8, 0x00, 0x06, 0xFF, 0xE0, 0x00, 0x0F,
    0x47, 0xC0, 0x7E, 0x2F, 0x40, 0xF4, 0x7C, 0x00, 0x00, 0x00, 0x2A, 0xFE, 0x00, 0xF4, 0x1F, 0x02,
    0x00, 0x2F, 0x00, 0x00, 0x7C, 0x00, 0x01, 0xF5, 0xFF, 0xFF, 0xD7, 0x80, 0x1F, 0x0F, 0x00, 0xB8,
    0x1E, 0x07, 0xC0, 0x1F, 0xF8, 0x00, 0x00, 0x00, 0x03, 0xC1, 0xE0, 0x00, 0x00, 0x00, 0x00, 0x0B,
    0xE3, 0xF4, 0x00, 0x00, 0x00, 0x00, 0x03, 0xC1, 0xE0, 0x00, 0x00, 0x00, 0x00, 0x00, 0x00, 0x00,
    0x00, 0x00, 0x00, 0x00, 0x00, 0x00, 0x00, 0x00, 0x00, 0x2F, 0xF8, 0x07, 0xFF, 0xF0, 0x0F, 0xFD,
    0x01, 0xE0, 0x00, 0x3F, 0x00, 0x03, 0x80, 0x00, 0x38, 0x00, 0x3F, 0x00, 0x0E, 0x00, 0x00, 0x0B,
    0x00, 0x3F, 0x00, 0x74, 0x00, 0x00, 0x01, 0xC0, 0x3F, 0x01, 0xC0, 0x00, 0x00, 0x00, 0xB4, 0x3F,
    0x0B, 0x00, 0x00, 0x00, 0x00, 0xFE, 0x3F, 0x3F, 0xC0, 0x00, 0x00, 0x03, 0xF6, 0xFF, 0xDB, 0xE0,
    0x00, 0x00, 0x0B, 0xE0, 0xBF, 0x03, 0xF4, 0x00, 0x00, 0x2F, 0xC0, 0x3F, 0x00, 0xFC, 0x00, 0x00,
    0x7F, 0x00, 0x3F, 0x00, 0x7F, 0x00, 0x00, 0xFD, 0x00, 0x3F, 0x00, 0x2F, 0x80, 0x03, 0xF8, 0x00,
    0x3F, 0x00, 0x0F, 0xE0, 0x3F, 0xFE, 0x07, 0xFF, 0xF0, 0x3F, 0xFE, 0x00, 0x07, 0x82, 0xD0, 0x00,
    0x00, 0x0F, 0xC3, 0xF0, 0x00, 0x00, 0x07, 0x82, 0xD0, 0x00, 0x00, 0x00, 0x00, 0x00, 0x00, 0x3F,
    0x82, 0xFF, 0x82, 0xFC, 0x07, 0x80, 0x3C, 0x02, 0xD0, 0x00, 0xA0, 0x3C, 0x0B, 0x00, 0x00, 0x2D,
    0x3C, 0x38, 0x00, 0x00, 0x2F, 0xBE, 0xF8, 0x00, 0x00, 0x7D, 0xBF, 0x7E, 0x00, 0x01, 0xF4, 0x3C,
    0x1F, 0x40, 0x03, 0xE0, 0x3C, 0x07, 0xD0, 0x0F, 0xC0, 0x3C, 0x02, 0xF4, 0xBF, 0xC2, 0xFF, 0x83,
    0xFE, 0x03, 0xC1, 0xF0, 0x02, 0xF8, 0xFD, 0x00, 0x3C, 0x1E, 0x00, 0x00, 0x00, 0x00, 0x00, 0x00,
    0x00, 0x19, 0xBF, 0xE4, 0x0B, 0xE0, 0x1F, 0xC2, 0xC0, 0x00, 0xFC, 0xA0, 0x00, 0x3F, 0x00, 0x00,
    0x0F, 0x80, 0x00, 0x1F, 0x80, 0x03, 0xFF, 0x40, 0x00, 0x00, 0xBD, 0x00, 0x00, 0x0F, 0xD0, 0x00,
    0x01, 0xFA, 0x40, 0x00, 0x7E, 0xA0, 0x00, 0x3F, 0x4F, 0x40, 0x2F, 0x40, 0x6F, 0xFE, 0x00, 0x0F,
    0x07, 0x82, 0xF8, 0xFD, 0x0F, 0x07, 0x80, 0x00, 0x00, 0x6B, 0xFE, 0x47, 0x80, 0x7D, 0x60, 0x03,
    0xE0, 0x00, 0x7C, 0x02, 0xFF, 0x00, 0x00, 0x7D, 0x00, 0x03, 0xF0, 0x00, 0x3F, 0x60, 0x07, 0xD1,
    0xFF, 0xE4, 0x1F, 0xFF, 0xFF, 0x4B, 0xFF, 0xFF, 0xD2, 0xD0, 0x00, 0xB0, 0xE0, 0x01, 0xD0, 0x30,
    0x02, 0xC0, 0x00, 0x07, 0x80, 0x00, 0x0B, 0xFE, 0x00, 0x00, 0x02, 0xF4, 0x00, 0x00, 0x3F, 0x00,
    0x00, 0x0F, 0xD2, 0xE0, 0x03, 0xF4, 0xFC, 0x00, 0xFC, 0x3E, 0x00, 0xBC, 0x02, 0xFF, 0xF4, 0x00,
    0x3F, 0xFF, 0xE3, 0x80, 0x0D, 0x30, 0x03, 0x40, 0x00, 0xD0, 0x00, 0x34, 0x00, 0x1F, 0x90, 0x01,
    0x5F, 0x80, 0x00, 0x3C, 0x00, 0x03, 0xE0, 0x00, 0x3E, 0x2C, 0x03, 0xE3, 0xD0, 0x3C, 0x2D, 0x0B,
    0x80, 0x7F, 0xD0, 0x00, 0x2F, 0xFF, 0xE0, 0x00, 0x00, 0x00, 0x00, 0x00, 0x00, 0x00, 0x00, 0x00,
    0x00, 0x00, 0x00, 0x00, 0x00, 0x00, 0x00, 0x00, 0x00, 0x00, 0x00, 0xFF, 0xFD, 0x1F, 0xFF, 0xC0,
    0x3F, 0x00, 0x0B, 0xF0, 0x00, 0xFC, 0x00, 0x3F, 0xC0, 0x03, 0xF0, 0x03, 0xBF, 0x00, 0x0F, 0xC0,
    0x28, 0xFC, 0x00, 0x3F, 0x00, 0xC3, 0xF0, 0x00, 0xFC, 0x0D, 0x0F, 0xC0, 0x03, 0xF0, 0x60, 0x3F,
    0x00, 0x0F, 0xC3, 0x00, 0xFC, 0x00, 0x3F, 0x34, 0x03, 0xF0, 0x00, 0xFE, 0xC0, 0x0F, 0xC0, 0x03,
    0xFC, 0x00, 0x3F, 0x00, 0x0F, 0xD0, 0x00, 0xFC, 0x03, 0xFF, 0xF4, 0x7F, 0xFF, 0x00, 0x03, 0xFF,
    0xF4, 0x00, 0x00, 0x00, 0x00, 0x00, 0x00, 0x00, 0x00, 0x00, 0x00, 0x7F, 0xF2, 0xFF, 0x83, 0xE0,
    0x1F, 0x40, 0xF8, 0x0F, 0xC0, 0x3E, 0x0D, 0xF0, 0x0F, 0x86, 0x3C, 0x03, 0xE3, 0x0F, 0x00, 0xFB,
    0x03, 0xC0, 0x3F, 0x40, 0xF0, 0x0F, 0xC0, 0x3D, 0x1F, 0xFC, 0xBF, 0xE0, 0x00, 0x0F, 0x47, 0xC0,
    0x00, 0x00, 0x7E, 0x3F, 0x40, 0x00, 0x00, 0xF4, 0x7C, 0x00, 0x00, 0x00, 0x00, 0x00, 0x00, 0x00,
    0x00, 0x00, 0x00, 0x00, 0xFF, 0xFD, 0x1F, 0xFF, 0xC0, 0x3F, 0x00, 0x0B, 0xF0, 0x00, 0xFC, 0x00,
    0x3F, 0xC0, 0x03, 0xF0, 0x03, 0xBF, 0x00, 0x0F, 0xC0, 0x28, 0xFC, 0x00, 0x3F, 0x00, 0xC3, 0xF0,
    0x00, 0xFC, 0x0D, 0x0F, 0xC0, 0x03, 0xF0, 0x60, 0x3F, 0x00, 0x0F, 0xC3, 0x00, 0xFC, 0x00, 0x3F,
    0x34, 0x03, 0xF0, 0x00, 0xFE, 0xC0, 0x0F, 0xC0, 0x03, 0xFC, 0x00, 0x3F, 0x00, 0x0F, 0xD0, 0x00,
    0xFC, 0x03, 0xFF, 0xF4, 0x7F, 0xFF, 0x00, 0x02, 0xD0, 0xF0, 0x00, 0xFC, 0xBE, 0x00, 0x2D, 0x0F,
    0x00, 0x00, 0x00, 0x00, 0x7F, 0xF2, 0xFF, 0x83, 0xE0, 0x1F, 0x40, 0xF8, 0x0F, 0xC0, 0x3E, 0x0D,
    0xF0, 0x0F, 0x86, 0x3C, 0x03, 0xE3, 0x0F, 0x00, 0xFB, 0x03, 0xC0, 0x3F, 0x40, 0xF0, 0x0F, 0xC0,
    0x3D, 0x1F, 0xFC, 0xBF, 0xE0, 0x00, 0x7C, 0x2E, 0x00, 0x00, 0xFD, 0x3F, 0x00, 0x00, 0x78, 0x2E,
    0x00, 0x00, 0x00, 0x00, 0x00, 0x00, 0x00, 0x00, 0x00, 0x00, 0x6F, 0xF9, 0x00, 0x03, 0xF4, 0x1B,
    0xC0, 0x0F, 0x80, 0x02, 0xF0, 0x2F, 0x00, 0x00, 0xFC, 0x3F, 0x00, 0x00, 0xBD, 0x7E, 0x00, 0x00,
    0xBE, 0xBE, 0x00, 0x00, 0x7E, 0xBE, 0x00, 0x00, 0x7E, 0xBE, 0x00, 0x00, 0xBE, 0x7F, 0x00, 0x00,
    0xBD, 0x3F, 0x00, 0x00, 0xFC, 0x0F, 0xC0, 0x02, 0xF4, 0x03, 0xF4, 0x0B, 0xD0, 0x00, 0x6F, 0xF9,
    0x00, 0x07, 0x82, 0xD0, 0x0F, 0xC3, 0xF0, 0x07, 0x82, 0xD0, 0x00, 0x00, 0x00, 0x01, 0xFF, 0x80,
    0x0F, 0x41, 0xF0, 0x2E, 0x00, 0xB8, 0x3D, 0x00, 0x7C, 0x7D, 0x00, 0x7D, 0x7D, 0x00, 0x7D, 0x3D,
    0x00, 0x7C, 0x3E, 0x00, 0xBC, 0x0F, 0x41, 0xF0, 0x02, 0xFF, 0x80, 0x00, 0x6F, 0xF9, 0x00, 0x03,
    0xF4, 0x1B, 0xC0, 0x0F, 0x80, 0x02, 0xF0, 0x2F, 0x00, 0x00, 0xFC, 0x3F, 0x00, 0x00, 0xBD, 0x7E,
    0x00, 0x00, 0xBE, 0xBF, 0xBF, 0x90, 0xBE, 0xBE, 0x06, 0xFE, 0xBF, 0xBE, 0x00, 0x00, 0xBE, 0x7F,
    0x00, 0x00, 0xBD, 0x3F, 0x00, 0x00, 0xFC, 0x0F, 0x80, 0x02, 0xF4, 0x03, 0xF4, 0x0B, 0xD0, 0x00,
    0x6F, 0xF9, 0x00, 0x02, 0xFF, 0x80, 0x0F, 0x41, 0xF0, 0x3E, 0x00, 0xBC, 0x3D, 0x00, 0x7C, 0x7E,
    0xFF, 0xBD, 0x7D, 0x00, 0x7D, 0x3D, 0x00, 0x7C, 0x2E, 0x00, 0xB8, 0x0F, 0x81, 0xF0, 0x01, 0xFF,
    0x40, 0x00, 0x7C, 0x2E, 0x00, 0x00, 0xFD, 0x3F, 0x00, 0x00, 0x78, 0x2E, 0x00, 0x00, 0x00, 0x00,
    0x00, 0x00, 0x00, 0x00, 0x00, 0x00, 0x6F, 0xF9, 0x00, 0x03, 0xF4, 0x1F, 0xC0, 0x0F, 0x80, 0x02,
    0xF0, 0x2F, 0x00, 0x00, 0xFC, 0x3F, 0x00, 0x00, 0xBD, 0x7E, 0x00, 0x00, 0xBE, 0xBF, 0xBF, 0x90,
    0xBE, 0xBE, 0x06, 0xFE, 0xBF, 0xBE, 0x00, 0x00, 0xBE, 0x7F, 0x00, 0x00, 0xBD, 0x3F, 0x00, 0x00,
    0xFC, 0x0F, 0x80, 0x02, 0xF4, 0x03, 0xF4, 0x0B, 0xD0, 0x00, 0x6F, 0xF9, 0x00, 0x07, 0x82, 0xD0,
    0x0F, 0xC3, 0xF0, 0x07, 0x82, 0xD0, 0x00, 0x00, 0x00, 0x02, 0xFF, 0x80, 0x0F, 0x41, 0xF0, 0x3E,
    0x00, 0xBC, 0x3D, 0x00, 0x7C, 0x7E, 0xFF, 0xBD, 0x7D, 0x00, 0x7D, 0x3D, 0x00, 0x7C, 0x2E, 0x00,
    0xB8, 0x0F, 0x81, 0xF0, 0x01, 0xFF, 0x40, 0x03, 0xD1, 0xF0, 0x00, 0x07, 0xF2, 0xF4, 0x00, 0x03,
    0xD1, 0xF0, 0x00, 0x00, 0x00, 0x00, 0x00, 0x00, 0x00, 0x00, 0x00, 0xA1, 0xBF, 0xE4, 0x00, 0xBE,
    0x40, 0x7F, 0x40, 0xB4, 0x00, 0x0B, 0xD0, 0xB0, 0x00, 0x03, 0xF0, 0x40, 0x00, 0x01, 0xF8, 0x00,
    0x00, 0x00, 0xFC, 0x07, 0xFE, 0x41, 0xFC, 0x00, 0x7F, 0xFF, 0xFC, 0x00, 0x07, 0xE5, 0xFC, 0x00,
    0x00, 0x02, 0xF8, 0x90, 0x00, 0x03, 0xF0, 0x70, 0x00, 0x0F, 0xD0, 0x2D, 0x00, 0x7F, 0x00, 0x02,
    0xFF, 0xE4, 0x00, 0x0F, 0x07, 0x82, 0xF8, 0xFD, 0x0F, 0x07, 0x80, 0x00, 0x00, 0x67, 0xF8, 0x07,
    0xC0, 0xF4, 0x70, 0x03, 0xC0, 0x00, 0x3E, 0x0B, 0xFB, 0xF0, 0x00, 0x3F, 0x10, 0x03, 0xE3, 0x00,
    0x7C, 0x28, 0x1F, 0x40, 0x7F, 0x80, 0x00, 0x1F, 0xFF, 0xE0, 0x00, 0x00, 0x00, 0x00, 0x00, 0x00,
    0x00, 0x00, 0x00, 0x00, 0x00, 0x00, 0x00, 0x00, 0x00, 0x00, 0x00, 0x00, 0x07, 0xFF, 0xE0, 0x07,
    0xFE, 0x03, 0xF4, 0x00, 0x0A, 0x00, 0x1F, 0xC0, 0x00, 0xC0, 0x00, 0xBE, 0x00, 0x1C, 0x00, 0x03,
    0xF4, 0x03, 0x40, 0x00, 0x0F, 0xC0, 0x70, 0x00, 0x00, 0x7F, 0x0D, 0x00, 0x00, 0x03, 0xF8, 0xC0,
    0x00, 0x00, 0x0F, 0xF8, 0x00, 0x00, 0x00, 0x7F, 0x00, 0x00, 0x0F, 0x42, 0xE0, 0x00, 0x01, 0xF8,
    0x1C, 0x00, 0x00, 0x0F, 0x47, 0x40, 0x00, 0x00, 0x7F, 0x80, 0x00, 0x00, 0x03, 0xFF, 0xF4, 0x00,
    0x00, 0x00, 0x00, 0x00, 0x00, 0x00, 0x00, 0x00, 0x00, 0x7F, 0xE0, 0x7F, 0x03, 0xE0, 0x0B, 0x00,
    0xBC, 0x03, 0x00, 0x0F, 0x41, 0xC0, 0x02, 0xF0, 0xD0, 0x00, 0x3D, 0x70, 0x00, 0x0B, 0xF4, 0x00,
    0x00, 0xFC, 0x00, 0x00, 0x2D, 0x00, 0x00, 0x07, 0x00, 0x00, 0x02, 0x40, 0x01, 0xE0, 0xC0, 0x00,
    0x78, 0xD0, 0x00, 0x0B, 0xD0, 0x00, 0x00, 0x00, 0x0F, 0x43, 0xC0, 0x00, 0x01, 0xFC, 0xBE, 0x00,
    0x00, 0x0F, 0x43, 0xC0, 0x00, 0x00, 0x00, 0x00, 0x00, 0x00, 0x00, 0x00, 0x00, 0x07, 0xFF, 0xE0,
    0x07, 0xFE, 0x03, 0xF4, 0x00, 0x0A, 0x00, 0x1F, 0xC0, 0x00, 0xC0, 0x00, 0xBE, 0x00, 0x1C, 0x00,
    0x03, 0xF4, 0x03, 0x40, 0x00, 0x0F, 0xC0, 0x70, 0x00, 0x00, 0x7F, 0x0D, 0x00, 0x00, 0x03, 0xF8,
    0xC0, 0x00, 0x00, 0x0F, 0xF8, 0x00, 0x00, 0x00, 0x7F, 0x00, 0x00, 0x0F, 0x42, 0xE0, 0x00, 0x01,
    0xF8, 0x1C, 0x00, 0x00, 0x0F, 0x47, 0x40, 0x00, 0x00, 0x7F, 0x80, 0x00, 0x00, 0x02, 0xD0, 0xF0,
    0x00, 0xFC, 0xBE, 0x00, 0x2E, 0x0F, 0x40, 0x00, 0x00, 0x00, 0x7F, 0xE0, 0x7F, 0x03, 0xE0, 0x0B,
    0x00, 0xBC, 0x03, 0x00, 0x0F, 0x41, 0xC0, 0x02, 0xF0, 0xD0, 0x00, 0x3D, 0x70, 0x00, 0x0B, 0xF4,
    0x00, 0x00, 0xFC, 0x00, 0x00, 0x2D, 0x00, 0x00, 0x07, 0x00, 0x00, 0x02, 0x40, 0x01, 0xE0, 0xC0,
    0x00, 0x78, 0xD0, 0x00, 0x0B, 0xD0, 0x00, 0x00, 0x00, 0x00, 0x00, 0x00, 0x00, 0x00, 0x0B, 0x4B,
    0x40, 0x00, 0x07, 0xFF, 0xF8, 0x00, 0x00, 0xE4, 0xF9, 0x00, 0x00, 0x00, 0x00, 0x00, 0x07, 0xFF,
    0xE0, 0x07, 0xFE, 0x03, 0xF4, 0x00, 0x0A, 0x00, 0x1F, 0xC0, 0x00, 0xC0, 0x00, 0xBE, 0x00, 0x1C,
    0x00, 0x03, 0xF4, 0x03, 0x40, 0x00, 0x0F, 0xC0, 0x70, 0x00, 0x00, 0x7F, 0x0D, 0x00, 0x00, 0x03,
    0xF8, 0xC0, 0x00, 0x00, 0x0F, 0xF8, 0x00, 0x00, 0x00, 0x7F, 0x00, 0x00, 0x0F, 0x42, 0xE0, 0x00,
    0x01, 0xF8, 0x1C, 0x00, 0x00, 0x0F, 0x47, 0x40, 0x00, 0x00, 0x7F, 0x80, 0x00, 0x00, 0x00, 0x1E,
    0x1E, 0x00, 0x2F, 0xEF, 0xC0, 0x1E, 0x5E, 0x40, 0x00, 0x00, 0x00, 0x7F, 0xE0, 0x7F, 0x03, 0xE0,
    0x0B, 0x00, 0xBC, 0x03, 0x00, 0x0F, 0x41, 0xC0, 0x02, 0xF0, 0xD0, 0x00, 0x3D, 0x70, 0x00, 0x0B,
    0xF4, 0x00, 0x00, 0xFC, 0x00, 0x00, 0x2D, 0x00, 0x00, 0x07, 0x00, 0x00, 0x02, 0x40, 0x01, 0xE0,
    0xC0, 0x00, 0x78, 0xD0, 0x00, 0x0B, 0xD0, 0x00, 0x00, 0x00, 0x0F, 0x47, 0xC0, 0x00, 0x00, 0x7E,
    0x3F, 0x40, 0x00, 0x00, 0xF4, 0x7C, 0x00, 0x00, 0x00, 0x00, 0x00, 0x00, 0x00, 0x00, 0x00, 0x00,
    0x00, 0xFF, 0xFD, 0x1F, 0xFF, 0xC0, 0x3F, 0x00, 0x03, 0xF0, 0x00, 0xFC, 0x00, 0x0F, 0xC0, 0x03,
    0xF0, 0x00, 0x3F, 0x00, 0x0F, 0xC0, 0x00, 0xFC, 0x00, 0x3F, 0x00, 0x03, 0xF0, 0x00, 0x3E, 0x00,
    0xBF, 0xC0, 0x00, 0x2F, 0xF9, 0x7F, 0x00, 0x00, 0x00, 0x00, 0xFC, 0x00, 0x00, 0x00, 0x03, 0xF0,
    0x00, 0x00, 0x00, 0x0F, 0xC0, 0x00, 0x00, 0x00, 0x3F, 0x00, 0x00, 0x00, 0x00, 0xFC, 0x00, 0x00,
    0x00, 0x7F, 0xFF, 0x00, 0x00, 0x00, 0x00, 0x00, 0x02, 0xD0, 0xF0, 0x00, 0xFC, 0xBE, 0x00, 0x2D,
    0x0F, 0x00, 0x00, 0x00, 0x00, 0x7F, 0xF2, 0xFF, 0x83, 0xE0, 0x0F, 0x40, 0xF8, 0x03, 0xC0, 0x3E,
    0x00, 0xF0, 0x0B, 0xC1, 0xBC, 0x00, 0xBF, 0x9F, 0x00, 0x00, 0x03, 0xC0, 0x00, 0x00, 0xF0, 0x00,
    0x00, 0x3D, 0x00, 0x00, 0xBF, 0xE0, 0x3F, 0xFF, 0xFF, 0xC0, 0x3F, 0x00, 0x7C, 0x03, 0xF0, 0x00,
    0xC0, 0x3F, 0x00, 0x0D, 0x03, 0xF0, 0x00, 0x90, 0x3F, 0x00, 0x00, 0x03, 0xF0, 0x00, 0x00, 0x3F,
    0x00, 0x00, 0x03, 0xF0, 0x00, 0x00, 0x3F, 0x00, 0x00, 0x03, 0xF0, 0x00, 0x00, 0x3F, 0x00, 0x00,
    0x03, 0xF0, 0x00, 0x03, 0xFF, 0xFD, 0x00, 0x00, 0x07, 0xD0, 0x00, 0x00, 0x0E, 0x00, 0x00, 0x00,
    0x60, 0x00, 0x00, 0x03, 0x00, 0x7F, 0xFF, 0xE0, 0xF8, 0x0E, 0x0F, 0x80, 0x70, 0xF8, 0x00, 0x0F,
    0x80, 0x00, 0xF8, 0x00, 0x0F, 0x80, 0x00, 0xF8, 0x00, 0x0F, 0x80, 0x07, 0xFF, 0x80, 0x00, 0x7C,
    0x00, 0x01, 0xC0, 0x00, 0x0C, 0x00, 0x00, 0x00, 0xB8, 0x3D, 0x00, 0x00, 0x00, 0x03, 0xF1, 0xF8,
    0x00, 0x00, 0x00, 0x0B, 0x83, 0xD0, 0x00, 0x00, 0x00, 0x00, 0x00, 0x00, 0x00, 0x00, 0x00, 0x00,
    0x00, 0x00, 0x00, 0xFF, 0xFC, 0x00, 0x0F, 0xFF, 0xE0, 0x3F, 0x00, 0x00, 0x02, 0xF4, 0x00, 0xFC,
    0x00, 0x00, 0x0B, 0xD0, 0x03, 0xF0, 0x00, 0x00, 0x2F, 0x40, 0x0F, 0xC0, 0x00, 0x00, 0xBD, 0x00,
    0x3F, 0x00, 0x00, 0x02, 0xF4, 0x00, 0xFF, 0xFF, 0xE4, 0x0B, 0xD0, 0x03, 0xF0, 0x02, 0xF8, 0x2F,
    0x40, 0x0F, 0xC0, 0x03, 0xF4, 0xBD, 0x00, 0x3F, 0x00, 0x07, 0xF2, 0xF4, 0x00, 0xFC, 0x00, 0x1F,
    0x8B, 0xD0, 0x03, 0xF0, 0x00, 0xFD, 0x2F, 0x40, 0x0F, 0xC0, 0x0B, 0xE0, 0xBD, 0x03, 0xFF, 0xFF,
    0xF9, 0x3F, 0xFF, 0x80, 0x00, 0x2D, 0x0F, 0x00, 0x00, 0x0F, 0xCB, 0xE0, 0x00, 0x02, 0xD0, 0xF0,
    0x00, 0x00, 0x00, 0x00, 0x00, 0x7F, 0xF0, 0x02, 0xFF, 0x83, 0xE0, 0x00, 0x0F, 0x40, 0xF8, 0x00,
    0x03, 0xD0, 0x3E, 0x00, 0x00, 0xF4, 0x0F, 0xFF, 0xE0, 0x3D, 0x03, 0xE0, 0x7F, 0x0F, 0x40, 0xF8,
    0x0B, 0xC3, 0xD0, 0x3E, 0x02, 0xF0, 0xF4, 0x0F, 0x81, 0xF8, 0x3D, 0x1F, 0xFF, 0xF4, 0xBF, 0xE0,
    0x3F, 0xFF, 0x07, 0xFF, 0x80, 0xBF, 0x00, 0x38, 0x00, 0x0F, 0xE0, 0x2C, 0x00, 0x00, 0xFD, 0x1C,
    0x00, 0x00, 0x1F, 0xDD, 0x00, 0x00, 0x02, 0xFD, 0x00, 0x00, 0x00, 0x3F, 0x80, 0x00, 0x00, 0x0B,
    0xF4, 0x00, 0x00, 0x07, 0x7F, 0x00, 0x00, 0x03, 0x4B, 0xF0, 0x00, 0x03, 0x80, 0xFE, 0x00, 0x02,
    0xC0, 0x0F, 0xD0, 0x01, 0xC0, 0x01, 0xFC, 0x1F, 0xFE, 0x00, 0x2F, 0x80, 0x00, 0x00, 0x03, 0xF0,
    0x00, 0x02, 0xF0, 0xFC, 0x00, 0x00, 0xFC, 0x7E, 0x00, 0x00, 0x0B, 0xF9, 0x00, 0x7F, 0xD0, 0xFF,
    0x0B, 0xC0, 0xB0, 0x03, 0xE1, 0xC0, 0x00, 0xFB, 0x00, 0x00, 0x7D, 0x00, 0x00, 0x3F, 0x00, 0x00,
    0xEB, 0xC0, 0x02, 0x83, 0xE0, 0x0B, 0x00, 0xF8, 0xBF, 0x80, 0x3D, 0x00, 0x00, 0x2E, 0x00, 0x3C,
    0x2E, 0x00, 0x3C, 0x3C, 0x00, 0x1F, 0xE0, 0x3F, 0xFF, 0x07, 0xFF, 0x80, 0x2F, 0xC0, 0x0E, 0x00,
    0x00, 0xBE, 0x02, 0xC0, 0x00, 0x03, 0xF4, 0x70, 0x00, 0x00, 0x0F, 0xEC, 0x00, 0x00, 0x00, 0x7F,
    0x40, 0x00, 0x1F, 0xFF, 0xFF, 0xFF, 0x80, 0x00, 0x2F, 0xD0, 0x00, 0x00, 0x07, 0xBF, 0x00, 0x00,
    0x00, 0xD2, 0xFC, 0x00, 0x00, 0x38, 0x0F, 0xE0, 0x00, 0x0B, 0x00, 0x3F, 0x40, 0x01, 0xC0, 0x01,
    0xFC, 0x07, 0xFF, 0x80, 0xBF, 0xFE, 0x7F, 0xD0, 0xFF, 0x02, 0xF0, 0x2C, 0x00, 0x3E, 0x1C, 0x00,
    0x03, 0xEC, 0x00, 0xBF, 0xFF, 0xFF, 0x40, 0x0F, 0xC0, 0x00, 0x0A, 0xBC, 0x00, 0x0A, 0x0F, 0x80,
    0x0B, 0x00, 0xF8, 0x2F, 0xE0, 0xBF, 0xD0, 0xAA, 0xA7, 0xFF, 0xE5, 0x55, 0x00, 0xAA, 0xA7, 0xFF,
    0xE5, 0x55, 0x00, 0x00, 0x00, 0x00, 0x2A, 0xAA, 0xAA, 0x80, 0xFF, 0xFF, 0xFF, 0x00, 0xFF, 0xFF,
    0xFF, 0xFF, 0xFF, 0xFF, 0x00, 0x20, 0x83, 0x0C, 0x30, 0xC3, 0x0C, 0x30, 0xC3, 0x0C, 0x30, 0xC3,
    0x0C, 0x30, 0xC3, 0x0C, 0x30, 0xC3, 0x0C, 0x30, 0xC3, 0x0C, 0x30, 0xC3, 0x0C, 0x30, 0xC3, 0x0C,
    0x30, 0xC3, 0x0C, 0x30, 0xC0, 0x00, 0x04, 0x18, 0x30, 0x50, 0x94, 0xBF, 0x7F, 0x19, 0x2D, 0x1F,
    0xC3, 0xF4, 0x08, 0x03, 0x02, 0x41, 0x80, 0x00, 0x00, 0x0F, 0x83, 0xF0, 0xBC, 0x02, 0x00, 0x80,
    0x90, 0x50, 0x00, 0x00, 0x1E, 0x0F, 0xD7, 0xF0, 0x80, 0x30, 0x06, 0x00, 0x90, 0x00, 0x00, 0x00,
    0x40, 0xC0, 0x18, 0x30, 0x02, 0x02, 0x00, 0x90, 0x64, 0x09, 0x47, 0xF0, 0xFE, 0x3F, 0x0B, 0xE1,
    0x90, 0x28, 0x08, 0x01, 0x40, 0xFC, 0x1F, 0x83, 0xF4, 0x7F, 0x06, 0x90, 0xAC, 0x02, 0x00, 0x30,
    0x0C, 0x01, 0x80, 0x90, 0x0C, 0x05, 0x00, 0x40, 0x00, 0x00, 0x00, 0xFC, 0x0F, 0x83, 0xF4, 0x7F,
    0x0B, 0xD0, 0xFC, 0x01, 0x40, 0x30, 0x0C, 0x00, 0x80, 0x50, 0x08, 0x06, 0x00, 0x90, 0x00, 0x00,
    0x00, 0x1F, 0x02, 0xE0, 0xFD, 0x1F, 0xC3, 0xF0, 0x7E, 0x08, 0x01, 0x40, 0x20, 0x02, 0x00, 0x20,
    0x09, 0x00, 0x60, 0x09, 0x00, 0x00, 0x00, 0x02, 0xD0, 0x00, 0xF4, 0x00, 0x2D, 0x00, 0x07, 0x00,
    0x7D, 0xEF, 0x1F, 0x7B, 0xC0, 0x1C, 0x00, 0x0B, 0x40, 0x03, 0xD0, 0x00, 0xF8, 0x00, 0x3D, 0x00,
    0x0F, 0x40, 0x02, 0xD0, 0x00, 0xB4, 0x00, 0x2D, 0x00, 0x07, 0x00, 0x01, 0xC0, 0x00, 0x70, 0x00,
    0x04, 0x00, 0x02, 0xC0, 0x00, 0xF8, 0x00, 0x2D, 0x00, 0x07, 0x00, 0x7D, 0xEF, 0x1F, 0xBB, 0xC0,
    0x1C, 0x00, 0x0F, 0x40, 0x02, 0xD0, 0x00, 0xB4, 0x00, 0x3D, 0x00, 0x07, 0x00, 0x7E, 0xEF, 0x1F,
    0xBB, 0xC0, 0x1C, 0x00, 0x0B, 0x40, 0x03, 0xE0, 0x00, 0x70, 0x00, 0x07, 0xFD, 0x02, 0xFF, 0xF8,
    0x3F, 0xFF, 0xDB, 0xFF, 0xFE, 0xBF, 0xFF, 0xEB, 0xFF, 0xFE, 0x7F, 0xFF, 0xD2, 0xFF, 0xF8, 0x07,
    0xFD, 0x00, 0x00, 0x00, 0x00, 0x00, 0x03, 0xE0, 0x1F, 0x40, 0xBC, 0x3F, 0x02, 0xF8, 0x0F, 0xD2,
    0xD0, 0x0F, 0x00, 0x78, 0x07, 0xFF, 0xE2, 0xFF, 0xE0, 0x3F, 0xFE, 0x07, 0xFF, 0xE0, 0xBF, 0xFE,
    0x0B, 0xFF, 0xE0, 0x7F, 0xFE, 0x02, 0xFF, 0xE0, 0x07, 0xFE, 0x00, 0x06, 0xE0, 0x00, 0x0A, 0x00,
    0x00, 0xA0, 0x00, 0x0A, 0x00, 0x00, 0xA0, 0x00, 0x0A, 0x00, 0x00, 0xA0, 0x00, 0x0A, 0x00, 0x07,
    0xFD, 0x06, 0x80, 0x00, 0x05, 0x00, 0x00, 0x02, 0xC3, 0x80, 0x01, 0xD0, 0x00, 0x00, 0x78, 0x1E,
    0xAA, 0xF8, 0x00, 0x00, 0x0B, 0x80, 0xC0, 0x0B, 0x00, 0x00, 0x00, 0xB8, 0x0C, 0x02, 0xC0, 0x00,
    0x00, 0x0B, 0x80, 0xC0, 0x74, 0x00, 0x00, 0x00, 0x78, 0x18, 0x0E, 0x00, 0x00, 0x00, 0x02, 0xC3,
    0x03, 0xC0, 0x00, 0x00, 0x00, 0x06, 0x80, 0xB0, 0x04, 0x00, 0x04, 0x00, 0x00, 0x1D, 0x0B, 0xB8,
    0x07, 0xB8, 0x00, 0x03, 0x41, 0xE0, 0xD1, 0xE0, 0x90, 0x00, 0xE0, 0x3D, 0x06, 0x2D, 0x06, 0x00,
    0x2C, 0x03, 0xC0, 0x63, 0xD0, 0x30, 0x07, 0x00, 0x3C, 0x06, 0x3D, 0x03, 0x01, 0xD0, 0x02, 0xD0,
    0x62, 0xD0, 0x60, 0x38, 0x00, 0x1E, 0x0C, 0x0E, 0x0D, 0x0B, 0x00, 0x00, 0x7B, 0x40, 0x7B, 0x40,
    0x00, 0x00, 0x00, 0x00, 0x00, 0x00, 0x06, 0x80, 0x00, 0x05, 0x00, 0x00, 0x00, 0x00, 0x00, 0x2C,
    0x38, 0x00, 0x1D, 0x00, 0x00, 0x00, 0x00, 0x00, 0x78, 0x1E, 0xAA, 0xF8, 0x00, 0x00, 0x00, 0x00,
    0x00, 0xB8, 0x0C, 0x00, 0xB0, 0x00, 0x00, 0x00, 0x00, 0x00, 0xB8, 0x0C, 0x02, 0xC0, 0x00, 0x00,
    0x00, 0x00, 0x00, 0xB8, 0x0C, 0x07, 0x40, 0x00, 0x00, 0x00, 0x00, 0x00, 0x78, 0x18, 0x0E, 0x00,
    0x00, 0x00, 0x00, 0x00, 0x00, 0x2C, 0x30, 0x3C, 0x00, 0x00, 0x00, 0x00, 0x00, 0x00, 0x06, 0x80,
    0xB0, 0x04, 0x00, 0x01, 0x00, 0x00, 0x40, 0x00, 0x01, 0xD0, 0xBB, 0x80, 0x2E, 0xD0, 0x0B, 0xB4,
    0x00, 0x03, 0x41, 0xE0, 0xD0, 0x74, 0x30, 0x2C, 0x0C, 0x00, 0x0E, 0x03, 0xD0, 0x60, 0xF0, 0x24,
    0x3C, 0x09, 0x00, 0x2C, 0x03, 0xC0, 0x60, 0xF0, 0x18, 0x3C, 0x09, 0x00, 0x70, 0x03, 0xC0, 0x60,
    0xF0, 0x18, 0x3C, 0x09, 0x01, 0xD0, 0x02, 0xD0, 0x60, 0xF0, 0x24, 0x3C, 0x09, 0x03, 0x80, 0x01,
    0xE0, 0xC0, 0x74, 0x30, 0x2D, 0x0C, 0x0B, 0x00, 0x00, 0x7B, 0x40, 0x2E, 0xD0, 0x0B, 0xB0, 0x00,
    0x00, 0x00, 0x00, 0x00, 0x00, 0x00, 0x00, 0x00, 0x00, 0x20, 0x0A, 0x01, 0xC0, 0x74, 0x2E, 0x02,
    0xE0, 0x0B, 0x40, 0x1C, 0x00, 0xA0, 0x02, 0x10, 0x03, 0x00, 0x1C, 0x00, 0xF0, 0x03, 0xD0, 0x3E,
    0x0B, 0x41, 0xC0, 0x34, 0x02, 0x00, 0x00, 0x00, 0x00, 0x60, 0x3C, 0x0C, 0x3C, 0x7C, 0x3D, 0x0F,
    0x3C, 0xF0, 0x03, 0xC3, 0xC0, 0x78, 0xFF, 0x3C, 0xBC, 0x7C, 0x7D, 0x78, 0xFF, 0x3C, 0x03, 0xC3,
    0xC0, 0x0F, 0x7C, 0xF0, 0x3D, 0x7C, 0x3C, 0xB8, 0x3C, 0x0D, 0x00, 0x00, 0x00, 0x01, 0xE0, 0x00,
    0x3F, 0x40, 0x2F, 0xFF, 0x0B, 0xAF, 0xFC, 0xBE, 0xFF, 0xC1, 0x1F, 0xF4, 0x01, 0xF8, 0x00, 0x0E,
    0x00, 0x00, 0xD0, 0x00, 0x0C, 0x00, 0x00, 0x00, 0x00, 0x00, 0x00, 0x01, 0xE0, 0x00, 0x3F, 0x40,
    0x01, 0xE0, 0x00, 0x40, 0x00, 0x64, 0x00, 0xA3, 0x80, 0xB0, 0x2F, 0xE0, 0x06, 0xFF, 0x90, 0x2D,
    0x00, 0x78, 0x30, 0x00, 0x0C, 0x00, 0x00, 0x50, 0x00, 0x0E, 0x00, 0x01, 0xE0, 0x00, 0x2D, 0x00,
    0x03, 0xC0, 0x00, 0xB8, 0x00, 0x0F, 0x00, 0x01, 0xF0, 0x00, 0x3D, 0x00, 0x03, 0xC0, 0x00, 0xB8,
    0x00, 0x0F, 0x00, 0x01, 0xF0, 0x00, 0x3D, 0x00, 0x03, 0xC0, 0x00, 0xB8, 0x00, 0x0F, 0x00, 0x01,
    0xE0, 0x00, 0x3D, 0x00, 0x07, 0xC0, 0x00, 0x74, 0x00, 0x0B, 0x00, 0x00, 0xA0, 0x00, 0x00, 0x00,
    0x00, 0x0B, 0xF0, 0xF8, 0x07, 0xC0, 0x2F, 0x00, 0xBC, 0x02, 0xF0, 0x0B, 0xC0, 0x2F, 0x00, 0x7C,
    0x00, 0xFC, 0x00, 0xBF, 0x0F, 0xD0, 0x7C, 0x02, 0xF0, 0x0B, 0xC0, 0x2F, 0x00, 0xBC, 0x02, 0xF0,
    0x07, 0xC0, 0x0F, 0xC0, 0x07, 0xF0, 0x3E, 0x40, 0x1F, 0x80, 0x1F, 0x00, 0x3C, 0x00, 0xF0, 0x03,
    0xC0, 0x0F, 0x00, 0x3C, 0x01, 0xF0, 0x1F, 0x83, 0xF4, 0x01, 0xF4, 0x01, 0xF0, 0x03, 0xC0, 0x0F,
    0x00, 0x3C, 0x00, 0xF0, 0x03, 0xC0, 0x1F, 0x00, 0xBC, 0x2F, 0x40, 0x00, 0x00, 0x0F, 0x40, 0x52,
    0xFC, 0x0E, 0x2F, 0xC2, 0xE0, 0xF4, 0x3C, 0x00, 0x0B, 0x80, 0x00, 0xF0, 0x00, 0x3D, 0x00, 0x07,
    0xC0, 0x00, 0xF4, 0x00, 0x1F, 0x00, 0x03, 0xC0, 0x00, 0xB8, 0x00, 0x0F, 0x1F, 0x02, 0xE3, 0xF8,
    0x7C, 0x3F, 0x8B, 0x41, 0xF0, 0x10, 0x00, 0x00, 0x0B, 0xF8, 0x0D, 0x01, 0xC8, 0x00, 0x08, 0x00,
    0x00, 0x90, 0x00, 0x00, 0x2F, 0xFD, 0x0C, 0x03, 0xF4, 0x92, 0xFC, 0x0F, 0xC0, 0x90, 0x3C, 0x3F,
    0x00, 0x90, 0x2C, 0x7E, 0x00, 0x90, 0x0C, 0xBE, 0x00, 0x90, 0x00, 0xBE, 0x00, 0x90, 0x00, 0xBE,
    0x00, 0x90, 0x00, 0x7F, 0x00, 0x90, 0x08, 0x3F, 0x00, 0x90, 0x0C, 0x2F, 0xC0, 0x90, 0x38, 0x0B,
    0xF8, 0x91, 0xF0, 0x02, 0xFF, 0xFF, 0xC0, 0x00, 0x2F, 0xFE, 0x00, 0x00, 0x00, 0x90, 0x00, 0x00,
    0x07, 0xF8, 0x00, 0x02, 0xE0, 0x70, 0x00, 0x3C, 0x02, 0xC0, 0x07, 0xC0, 0x7C, 0x00, 0xBC, 0x07,
    0x80, 0x0B, 0xC0, 0x00, 0x03, 0xFF, 0xD0, 0x00, 0x0B, 0xC0, 0x00, 0x00, 0xBC, 0x00, 0x00, 0x0B,
    0xC0, 0x00, 0x03, 0xFF, 0xD0, 0x00, 0x0B, 0xC0, 0x00, 0x00, 0xBC, 0x00, 0x27, 0xFF, 0xF9, 0x0A,
    0x7F, 0x86, 0xFF, 0x40, 0x15, 0x50, 0x00, 0x15, 0x50, 0x2B, 0xFC, 0x00, 0x2B, 0xE0, 0x02, 0xFF,
    0x00, 0x03, 0x00, 0x02, 0xAF, 0xC0, 0x03, 0x00, 0x02, 0x8B, 0xF0, 0x03, 0x00, 0x6B, 0xEB, 0xFE,
    0xAB, 0xA8, 0x02, 0x80, 0xFE, 0x03, 0x00, 0x02, 0x80, 0x3F, 0x43, 0x00, 0x02, 0x80, 0x1F, 0xC3,
    0x00, 0x02, 0x80, 0x07, 0xF3, 0x00, 0x6F, 0xFF, 0xFF, 0xFF, 0xF8, 0x02, 0x80, 0x00, 0xBF, 0x00,
    0x02, 0x80, 0x00, 0x3F, 0x00, 0x02, 0x80, 0x00, 0x0F, 0x00, 0x3F, 0xFC, 0x00, 0x03, 0x00, 0x7F,
    0xFD, 0x2F, 0xFF, 0x02, 0xFF, 0x41, 0xF8, 0x00, 0xBD, 0x00, 0x0C, 0x00, 0x3F, 0x00, 0x0F, 0xC0,
    0x02, 0x00, 0x07, 0xE0, 0x07, 0xF4, 0x02, 0x40, 0x1F, 0xFF, 0xFF, 0xFF, 0xFF, 0xFC, 0x00, 0x2F,
    0x40, 0xCF, 0xC0, 0x60, 0x00, 0x07, 0xE0, 0xA2, 0xF4, 0x34, 0x00, 0x00, 0xFC, 0x30, 0x3F, 0x0C,
    0x00, 0x00, 0x2F, 0x5C, 0x0F, 0xCA, 0x00, 0x07, 0xFF, 0xFF, 0xFF, 0xFF, 0xFF, 0x00, 0x00, 0xFF,
    0x00, 0x3F, 0xC0, 0x00, 0x00, 0x1F, 0x80, 0x0F, 0xD0, 0x00, 0x00, 0x03, 0xD0, 0x01, 0xF0, 0x00,
    0x00, 0x00, 0xB0, 0x00, 0x38, 0x00, 0x00, 0x00, 0x00, 0x6C, 0x00, 0x00, 0xBF, 0x00, 0x00, 0x03,
    0xC0, 0x03, 0xFF, 0xFD, 0x00, 0x00, 0x3C, 0x00, 0x7F, 0x9F, 0x00, 0xF8, 0x1F, 0xC0, 0xBC, 0x01,
    0xF0, 0x3E, 0x00, 0x3C, 0x0F, 0x40, 0x0F, 0x03, 0xD0, 0x03, 0xC0, 0xF8, 0x00, 0xF0, 0x2F, 0x00,
    0x7C, 0x03, 0xE0, 0x7F, 0x40, 0x2F, 0xE7, 0xF8, 0x00, 0x00, 0x00, 0x1F, 0xFF, 0xFF, 0x80, 0x00,
    0x00, 0x00, 0x00, 0x00, 0x2F, 0xF8, 0x00, 0x00, 0xBF, 0xFF, 0xD0, 0x00, 0xBE, 0x01, 0xF4, 0x00,
    0x7D, 0x00, 0x08, 0x00, 0x3E, 0x00, 0x00, 0x1F, 0xFF, 0xFF, 0xFF, 0x00, 0x07, 0xC0, 0x00, 0x00,
    0x01, 0xF0, 0x00, 0x00, 0x7F, 0xFF, 0xFF, 0xF0, 0x00, 0x0F, 0x80, 0x00, 0x00, 0x01, 0xF4, 0x00,
    0x18, 0x00, 0x2F, 0x80, 0x7E, 0x00, 0x02, 0xFF, 0xFF, 0x00, 0x00, 0x0B, 0xFD, 0x00, 0x00, 0x00,
    0x90, 0x00, 0x00, 0x0B, 0xFF, 0x43, 0x00, 0x2F, 0x49, 0x1F, 0xC0, 0x3F, 0x02, 0x40, 0xF0, 0x3F,
    0x00, 0x90, 0x1C, 0x1F, 0xC0, 0x24, 0x03, 0x0B, 0xE0, 0x09, 0x00, 0x02, 0xF8, 0x02, 0x40, 0x00,
    0xBE, 0x00, 0x90, 0x00, 0x1F, 0xC0, 0x2F, 0xFF, 0xF3, 0xF0, 0x0B, 0xFF, 0xFC, 0xBF, 0x02, 0x43,
    0xF0, 0x0F, 0xF8, 0x91, 0xFC, 0x00, 0xBF, 0xFF, 0xDB, 0x00, 0x02, 0xFF, 0x90, 0x40, 0x00, 0x02,
    0x40, 0x00, 0x00, 0x00, 0x24, 0x00, 0x00, 0x00, 0x02, 0xF0, 0x00, 0x00, 0x00, 0x0F, 0xE0, 0x00,
    0x00, 0x00, 0xEF, 0xD0, 0x00, 0x00, 0x07, 0x2F, 0xC0, 0x00, 0x00, 0x34, 0x3F, 0x80, 0x00, 0x02,
    0x80, 0x7F, 0x00, 0x00, 0x0C, 0x00, 0xBE, 0x00, 0x00, 0xE0, 0x00, 0xFD, 0x00, 0x07, 0x00, 0x02,
    0xFC, 0x00, 0x34, 0x00, 0x03, 0xF8, 0x02, 0x80, 0x00, 0x07, 0xF0, 0x0E, 0xAA, 0xAA, 0xAF, 0xE0,
    0xFF, 0xFF, 0xFF, 0xFF, 0xD7, 0xFF, 0xFF, 0xFF, 0xFF, 0xC0, 0x00, 0x00, 0x00, 0x00, 0x00, 0x20,
    0x00, 0x00, 0x0F, 0xF8, 0x00, 0x07, 0xC0, 0x00, 0x02, 0xD0, 0x00, 0x00, 0xF0, 0x00, 0x00, 0x7C,
    0x00, 0x00, 0x2D, 0x00, 0x00, 0x0F, 0x00, 0x00, 0x03, 0xC0, 0x00, 0x12, 0xE0, 0x00, 0x1C, 0xF0,
    0x00, 0x0F, 0x7C, 0x00, 0x0E, 0xEE, 0x00, 0x05, 0x3F, 0x40, 0x00, 0x0F, 0xC0, 0x00, 0x03, 0xE0,
    0x00, 0x00, 0xB4, 0x00, 0x00, 0x1C, 0x00, 0x00, 0x00, 0x00, 0x00,
};

static const EpdGlyph cmu_10_boldGlyphs[] = {
    { 0, 0, 7, 0, 0, 0, 0 }, // 
    { 0, 0, 8, 0, 0, 0, 0 }, //  
    { 4, 15, 7, 2, 15, 15, 0 }, // !
    { 8, 8, 12, 2, 15, 16, 15 }, // "
    { 18, 19, 20, 1, 15, 86, 31 }, // #
    { 10, 17, 12, 1, 16, 43, 117 }, // $
    { 18, 17, 20, 1, 16, 77, 160 }, // %
    { 17, 15, 19, 1, 15, 64, 237 }, // &
    { 3, 8, 7, 2, 15, 6, 301 }, // '
    { 7, 22, 9, 2, 16, 39, 307 }, // (
    { 7, 22, 9, 1, 16, 39, 346 }, // )
    { 10, 10, 12, 1, 16, 25, 385 }, // *
    { 17, 16, 19, 1, 13, 68, 410 }, // +
    { 5, 7, 7, 1, 3, 9, 478 }, // ,
    { 7, 2, 8, 0, 6, 4, 487 }, // -
    { 4, 3, 7, 1, 3, 3, 491 }, // .
    { 10, 22, 12, 1, 16, 55, 494 }, // /
    { 12, 14, 12, 0, 14, 42, 549 }, // 0
    { 10, 14, 12, 1, 13, 35, 591 }, // 1
    { 10, 14, 12, 1, 14, 35, 626 }, // 2
    { 11, 14, 12, 1, 14, 39, 661 }, // 3
    { 12, 14, 12, 0, 13, 42, 700 }, // 4
    { 10, 14, 12, 1, 14, 35, 742 }, // 5
    { 11, 14, 12, 1, 14, 39, 777 }, // 6
    { 11, 14, 12, 1, 14, 39, 816 }, // 7
    { 11, 14, 12, 1, 14, 39, 855 }, // 8
    { 11, 14, 12, 1, 14, 39, 894 }, // 9
    { 4, 10, 7, 1, 10, 10, 933 }, // :
    { 5, 14, 7, 1, 10, 18, 943 }, // ;
    { 15, 14, 19, 2, 12, 53, 961 }, // <
    { 17, 5, 19, 1, 8, 22, 1014 }, // =
    { 15, 14, 19, 2, 12, 53, 1036 }, // >
    { 10, 15, 11, 1, 15, 38, 1089 }, // ?
    { 17, 15, 19, 1, 15, 64, 1127 }, // @
    { 18, 14, 18, 0, 14, 63, 1191 }, // A
    { 16, 14, 17, 0, 14, 56, 1254 }, // B
    { 16, 14, 17, 1, 14, 56, 1310 }, // C
    { 18, 14, 19, 0, 14, 63, 1366 }, // D
    { 16, 14, 16, 0, 14, 56, 1429 }, // E
    { 15, 14, 15, 0, 14, 53, 1485 }, // F
    { 17, 14, 19, 1, 14, 60, 1538 }, // G
    { 19, 14, 19, 0, 14, 67, 1598 }, // H
    { 9, 15, 9, 0, 15, 34, 1665 }, // I
    { 12, 15, 12, 0, 15, 45, 1699 }, // J
    { 18, 14, 19, 0, 14, 63, 1744 }, // K
    { 14, 15, 15, 0, 15, 53, 1807 }, // L
    { 23, 14, 23, 0, 14, 81, 1860 }, // M
    { 19, 14, 19, 0, 14, 67, 1941 }, // N
    { 16, 14, 18, 1, 14, 56, 2008 }, // O
    { 16, 14, 17, 0, 14, 56, 2064 }, // P
    { 16, 18, 18, 1, 14, 72, 2120 }, // Q
    { 19, 14, 18, 0, 14, 67, 2192 }, // R
    { 12, 14, 13, 1, 14, 42, 2259 }, // S
    { 16, 15, 17, 0, 14, 60, 2301 }, // T
    { 18, 14, 19, 0, 14, 63, 2361 }, // U
    { 18, 14, 18, 0, 14, 63, 2424 }, // V
    { 25, 14, 25, 0, 14, 88, 2487 }, // W
    { 18, 14, 18, 0, 14, 63, 2575 }, // X
    { 18, 15, 18, 0, 14, 68, 2638 }, // Y
    { 13, 14, 15, 1, 14, 46, 2706 }, // Z
    { 5, 21, 7, 2, 16, 27, 2752 }, // [
    { 10, 22, 12, 1, 16, 55, 2779 }, // <backslash>
    { 5, 21, 7, 0, 16, 27, 2834 }, // ]
    { 10, 3, 15, 2, 13, 8, 2861 }, // ^
    { 15, 1, 19, 2, -5, 4, 2869 }, // _
    { 5, 4, 12, 2, 14, 5, 2873 }, // `
    { 12, 10, 12, 0, 10, 30, 2878 }, // a
    { 13, 14, 13, 0, 14, 46, 2908 }, // b
    { 11, 10, 11, 0, 10, 28, 2954 }, // c
    { 13, 14, 13, 0, 14, 46, 2982 }, // d
    { 11, 10, 11, 0, 10, 28, 3028 }, // e
    { 10, 16, 7, 0, 15, 40, 3056 }, // f
    { 12, 14, 12, 0, 10, 42, 3096 }, // g
    { 13, 14, 13, 0, 14, 46, 3138 }, // h
    { 7, 14, 7, 0, 14, 25, 3184 }, // i
    { 8, 18, 7, -2, 14, 36, 3209 }, // j
    { 13, 14, 13, 0, 14, 46, 3245 }, // k
    { 7, 14, 7, 0, 14, 25, 3291 }, // l
    { 20, 10, 20, 0, 10, 50, 3316 }, // m
    { 13, 10, 13, 0, 10, 33, 3366 }, // n
    { 12, 10, 12, 0, 10, 30, 3399 }, // o
    { 13, 14, 13, 0, 10, 46, 3429 }, // p
    { 13, 14, 13, 0, 10, 46, 3475 }, // q
    { 10, 10, 10, 0, 10, 25, 3521 }, // r
    { 9, 10, 10, 0, 10, 23, 3546 }, // s
    { 9, 14, 9, 0, 14, 32, 3569 }, // t
    { 13, 10, 13, 0, 10, 33, 3601 }, // u
    { 13, 10, 13, 0, 10, 33, 3634 }, // v
    { 17, 10, 17, 0, 10, 43, 3667 }, // w
    { 13, 10, 13, 0, 10, 33, 3710 }, // x
    { 13, 14, 13, 0, 10, 46, 3743 }, // y
    { 10, 10, 11, 0, 10, 25, 3789 }, // z
    { 10, 22, 12, 1, 17, 55, 3814 }, // {
    { 2, 22, 7, 2, 16, 11, 3869 }, // |
    { 10, 20, 12, 1, 16, 50, 3880 }, // }
    { 11, 3, 15, 2, 14, 9, 3930 }, // ~
    { 0, 0, 8, 0, 0, 0, 3939 }, //  
    { 4, 15, 7, 2, 10, 15, 3939 }, // ¡
    { 12, 12, 12, 0, 11, 36, 3954 }, // ¢
    { 14, 15, 15, 1, 15, 53, 3990 }, // £
    { 18, 15, 18, 0, 14, 68, 4043 }, // ¥
    { 9, 19, 11, 1, 15, 43, 4111 }, // §
    { 8, 3, 12, 2, 14, 6, 4154 }, // ¨
    { 25, 21, 27, 1, 16, 132, 4160 }, // ©
    { 11, 10, 11, 0, 16, 28, 4292 }, // ª
    { 11, 10, 13, 2, 10, 28, 4320 }, // «
    { 14, 7, 16, 1, 9, 25, 4348 }, // ¬
    { 7, 3, 8, 0, 6, 6, 4373 }, // ­
    { 25, 21, 27, 1, 16, 132, 4379 }, // ®
    { 10, 1, 12, 1, 14, 3, 4511 }, // ¯
    { 6, 5, 8, 1, 14, 8, 4514 }, // °
    { 17, 16, 19, 1, 15, 68, 4522 }, // ±
    { 5, 4, 12, 5, 14, 5, 4590 }, // ´
    { 13, 14, 13, 0, 10, 46, 4595 }, // µ
    { 14, 18, 15, 1, 14, 63, 4641 }, // ¶
    { 4, 3, 6, 1, 6, 3, 4704 }, // ·
    { 7, 4, 11, 2, 0, 7, 4707 }, // ¸
    { 11, 10, 11, 0, 16, 28, 4714 }, // º
    { 10, 10, 13, 1, 10, 25, 4742 }, // »
    { 10, 14, 11, 1, 10, 35, 4767 }, // ¿
    { 18, 18, 18, 0, 18, 81, 4802 }, // À
    { 18, 19, 18, 0, 19, 86, 4883 }, // Á
    { 18, 19, 18, 0, 19, 86, 4969 }, // Â
    { 18, 19, 18, 0, 19, 86, 5055 }, // Ã
    { 18, 19, 18, 0, 19, 86, 5141 }, // Ä
    { 18, 19, 18, 0, 19, 86, 5227 }, // Å
    { 22, 14, 22, 0, 14, 77, 5313 }, // Æ
    { 16, 18, 17, 1, 14, 72, 5390 }, // Ç
    { 16, 18, 16, 0, 18, 72, 5462 }, // È
    { 16, 19, 16, 0, 19, 76, 5534 }, // É
    { 16, 19, 16, 0, 19, 76, 5610 }, // Ê
    { 16, 19, 16, 0, 19, 76, 5686 }, // Ë
    { 9, 18, 9, 0, 18, 41, 5762 }, // Ì
    { 9, 19, 9, 0, 19, 43, 5803 }, // Í
    { 9, 19, 9, 0, 19, 43, 5846 }, // Î
    { 9, 19, 9, 0, 19, 43, 5889 }, // Ï
    { 18, 14, 19, 0, 14, 63, 5932 }, // Ð
    { 19, 19, 19, 0, 19, 91, 5995 }, // Ñ
    { 16, 18, 18, 1, 18, 72, 6086 }, // Ò
    { 16, 19, 18, 1, 19, 76, 6158 }, // Ó
    { 16, 19, 18, 1, 19, 76, 6234 }, // Ô
    { 16, 19, 18, 1, 19, 76, 6310 }, // Õ
    { 16, 19, 18, 1, 19, 76, 6386 }, // Ö
    { 17, 16, 19, 1, 15, 68, 6462 }, // Ø
    { 18, 18, 19, 0, 18, 81, 6530 }, // Ù
    { 18, 19, 19, 0, 19, 86, 6611 }, // Ú
    { 18, 19, 19, 0, 19, 86, 6697 }, // Û
    { 18, 19, 19, 0, 19, 86, 6783 }, // Ü
    { 18, 20, 18, 0, 19, 90, 6869 }, // Ý
    { 14, 15, 15, 0, 15, 53, 6959 }, // Þ
    { 12, 15, 13, 0, 15, 45, 7012 }, // ß
    { 12, 14, 12, 0, 14, 42, 7057 }, // à
    { 12, 14, 12, 0, 14, 42, 7099 }, // á
    { 12, 14, 12, 0, 14, 42, 7141 }, // â
    { 12, 14, 12, 0, 14, 42, 7183 }, // ã
    { 12, 14, 12, 0, 14, 42, 7225 }, // ä
    { 12, 14, 12, 0, 14, 42, 7267 }, // å
    { 17, 10, 17, 0, 10, 43, 7309 }, // æ
    { 11, 14, 11, 0, 10, 39, 7352 }, // ç
    { 11, 14, 11, 0, 14, 39, 7391 }, // è
    { 11, 14, 11, 0, 14, 39, 7430 }, // é
    { 11, 14, 11, 0, 14, 39, 7469 }, // ê
    { 11, 14, 11, 0, 14, 39, 7508 }, // ë
    { 8, 14, 7, -1, 14, 28, 7547 }, // ì
    { 7, 14, 7, 0, 14, 25, 7575 }, // í
    { 7, 14, 7, 0, 14, 25, 7600 }, // î
    { 9, 14, 8, 0, 14, 32, 7625 }, // ï
    { 12, 14, 12, 0, 14, 42, 7657 }, // ð
    { 13, 14, 13, 0, 14, 46, 7699 }, // ñ
    { 12, 14, 12, 0, 14, 42, 7745 }, // ò
    { 12, 14, 12, 0, 14, 42, 7787 }, // ó
    { 12, 14, 12, 0, 14, 42, 7829 }, // ô
    { 12, 14, 12, 0, 14, 42, 7871 }, // õ
    { 12, 14, 12, 0, 14, 42, 7913 }, // ö
    { 17, 14, 19, 1, 12, 60, 7955 }, // ÷
    { 12, 15, 12, 0, 12, 45, 8015 }, // ø
    { 13, 15, 13, 0, 14, 49, 8060 }, // ù
    { 13, 15, 13, 0, 14, 49, 8109 }, // ú
    { 13, 15, 13, 0, 14, 49, 8158 }, // û
    { 13, 15, 13, 0, 14, 49, 8207 }, // ü
    { 13, 18, 13, 0, 14, 59, 8256 }, // ý
    { 13, 19, 13, 0, 15, 62, 8315 }, // þ
    { 13, 18, 13, 0, 14, 59, 8377 }, // ÿ
    { 18, 18, 18, 0, 18, 81, 8436 }, // Ā
    { 12, 13, 12, 0, 13, 39, 8517 }, // ā
    { 18, 18, 18, 0, 18, 81, 8556 }, // Ă
    { 12, 13, 12, 0, 13, 39, 8637 }, // ă
    { 18, 18, 18, 0, 14, 81, 8676 }, // Ą
    { 12, 14, 12, 0, 10, 42, 8757 }, // ą
    { 16, 19, 17, 1, 19, 76, 8799 }, // Ć
    { 11, 14, 11, 0, 14, 39, 8875 }, // ć
    { 16, 19, 17, 1, 19, 76, 8914 }, // Ĉ
    { 11, 14, 11, 0, 14, 39, 8990 }, // ĉ
    { 16, 19, 17, 1, 19, 76, 9029 }, // Ċ
    { 11, 14, 11, 0, 14, 39, 9105 }, // ċ
    { 16, 19, 17, 1, 19, 76, 9144 }, // Č
    { 11, 14, 11, 0, 14, 39, 9220 }, // č
    { 18, 19, 19, 0, 19, 86, 9259 }, // Ď
    { 16, 15, 17, 0, 15, 60, 9345 }, // ď
    { 18, 14, 19, 0, 14, 63, 9405 }, // Đ
    { 13, 14, 13, 0, 14, 46, 9468 }, // đ
    { 16, 18, 16, 0, 18, 72, 9514 }, // Ē
    { 11, 13, 11, 0, 13, 36, 9586 }, // ē
    { 16, 19, 16, 0, 19, 76, 9622 }, // Ė
    { 11, 14, 11, 0, 14, 39, 9698 }, // ė
    { 16, 18, 16, 0, 14, 72, 9737 }, // Ę
    { 11, 14, 11, 0, 10, 39, 9809 }, // ę
    { 16, 19, 16, 0, 19, 76, 9848 }, // Ě
    { 11, 14, 11, 0, 14, 39, 9924 }, // ě
    { 17, 19, 19, 1, 19, 81, 9963 }, // Ĝ
    { 12, 18, 12, 0, 14, 54, 10044 }, // ĝ
    { 17, 18, 19, 1, 18, 77, 10098 }, // Ğ
    { 12, 17, 12, 0, 13, 51, 10175 }, // ğ
    { 17, 19, 19, 1, 19, 81, 10226 }, // Ġ
    { 12, 18, 12, 0, 14, 54, 10307 }, // ġ
    { 19, 19, 19, 0, 19, 91, 10361 }, // Ĥ
    { 13, 19, 13, 0, 19, 62, 10452 }, // ĥ
    { 14, 15, 14, 0, 14, 53, 10514 }, // ħ
    { 9, 17, 9, 0, 17, 39, 10567 }, // Ī
    { 9, 13, 7, -1, 13, 30, 10606 }, // ī
    { 9, 19, 9, 0, 19, 43, 10636 }, // İ
    { 7, 10, 7, 0, 10, 18, 10679 }, // ı
    { 12, 19, 12, 0, 19, 57, 10697 }, // Ĵ
    { 10, 18, 7, -2, 14, 45, 10754 }, // ĵ
    { 14, 19, 15, 0, 19, 67, 10799 }, // Ĺ
    { 8, 19, 7, 0, 19, 38, 10866 }, // ĺ
    { 14, 17, 15, 0, 17, 60, 10904 }, // Ľ
    { 10, 15, 11, 0, 15, 38, 10964 }, // ľ
    { 14, 15, 15, 0, 15, 53, 11002 }, // Ł
    { 7, 15, 8, 1, 14, 27, 11055 }, // ł
    { 19, 19, 19, 0, 19, 91, 11082 }, // Ń
    { 13, 14, 13, 0, 14, 46, 11173 }, // ń
    { 19, 19, 19, 0, 19, 91, 11219 }, // Ň
    { 13, 14, 13, 0, 14, 46, 11310 }, // ň
    { 16, 17, 18, 1, 17, 68, 11356 }, // Ő
    { 12, 14, 12, 0, 14, 42, 11424 }, // ő
    { 23, 14, 25, 1, 14, 81, 11466 }, // Œ
    { 19, 10, 19, 0, 10, 48, 11547 }, // œ
    { 19, 19, 18, 0, 19, 91, 11595 }, // Ŕ
    { 10, 14, 10, 0, 14, 35, 11686 }, // ŕ
    { 19, 19, 18, 0, 19, 91, 11721 }, // Ř
    { 10, 14, 10, 0, 14, 35, 11812 }, // ř
    { 12, 19, 13, 1, 19, 57, 11847 }, // Ś
    { 9, 14, 10, 0, 14, 32, 11904 }, // ś
    { 12, 19, 13, 1, 19, 57, 11936 }, // Ŝ
    { 9, 15, 10, 0, 14, 34, 11993 }, // ŝ
    { 12, 18, 13, 1, 14, 54, 12027 }, // Ş
    { 9, 14, 10, 0, 10, 32, 12081 }, // ş
    { 12, 19, 13, 1, 19, 57, 12113 }, // Š
    { 9, 14, 10, 0, 14, 32, 12170 }, // š
    { 16, 18, 17, 0, 14, 72, 12202 }, // Ţ
    { 9, 18, 9, 0, 14, 41, 12274 }, // ţ
    { 16, 20, 17, 0, 19, 80, 12315 }, // Ť
    { 10, 16, 9, 0, 16, 40, 12395 }, // ť
    { 18, 18, 19, 0, 18, 81, 12435 }, // Ū
    { 13, 14, 13, 0, 13, 46, 12516 }, // ū
    { 18, 18, 19, 0, 18, 81, 12562 }, // Ŭ
    { 13, 14, 13, 0, 13, 46, 12643 }, // ŭ
    { 18, 19, 19, 0, 19, 86, 12689 }, // Ů
    { 13, 15, 13, 0, 14, 49, 12775 }, // ů
    { 18, 17, 19, 0, 17, 77, 12824 }, // Ű
    { 13, 15, 13, 0, 14, 49, 12901 }, // ű
    { 18, 20, 18, 0, 19, 90, 12950 }, // Ÿ
    { 13, 19, 15, 1, 19, 62, 13040 }, // Ź
    { 10, 14, 11, 0, 14, 35, 13102 }, // ź
    { 13, 19, 15, 1, 19, 62, 13137 }, // Ż
    { 10, 14, 11, 0, 14, 35, 13199 }, // ż
    { 13, 19, 15, 1, 19, 62, 13234 }, // Ž
    { 10, 14, 11, 0, 14, 35, 13296 }, // ž
    { 16, 19, 16, 0, 19, 76, 13331 }, // Ѐ
    { 16, 19, 16, 0, 19, 76, 13407 }, // Ё
    { 20, 14, 20, 0, 14, 70, 13483 }, // Ђ
    { 14, 18, 15, 0, 18, 63, 13553 }, // Ѓ
    { 16, 14, 17, 1, 14, 56, 13616 }, // Є
    { 12, 15, 13, 1, 15, 45, 13672 }, // Ѕ
    { 9, 15, 9, 0, 15, 34, 13717 }, // І
    { 9, 20, 9, 0, 20, 45, 13751 }, // Ї
    { 12, 15, 12, 0, 15, 45, 13796 }, // Ј
    { 25, 14, 26, 0, 14, 88, 13841 }, // Љ
    { 25, 15, 26, 0, 15, 94, 13929 }, // Њ
    { 19, 15, 18, 0, 14, 72, 14023 }, // Ћ
    { 18, 18, 19, 0, 18, 81, 14095 }, // Ќ
    { 19, 19, 19, 0, 19, 91, 14176 }, // Ѝ
    { 18, 19, 18, 0, 19, 86, 14267 }, // Ў
    { 19, 19, 19, 0, 15, 91, 14353 }, // Џ
    { 18, 14, 18, 0, 14, 63, 14444 }, // А
    { 16, 14, 17, 0, 14, 56, 14507 }, // Б
    { 16, 14, 17, 0, 14, 56, 14563 }, // В
    { 14, 14, 15, 0, 14, 49, 14619 }, // Г
    { 20, 18, 19, -1, 14, 90, 14668 }, // Д
    { 16, 14, 16, 0, 14, 56, 14758 }, // Е
    { 28, 14, 29, 0, 14, 98, 14814 }, // Ж
    { 13, 14, 15, 1, 14, 46, 14912 }, // З
    { 19, 15, 19, 0, 15, 72, 14958 }, // И
    { 19, 19, 19, 0, 19, 91, 15030 }, // Й
    { 18, 14, 19, 0, 14, 63, 15121 }, // К
    { 19, 15, 19, 0, 14, 72, 15184 }, // Л
    { 23, 14, 23, 0, 14, 81, 15256 }, // М
    { 19, 15, 19, 0, 15, 72, 15337 }, // Н
    { 16, 14, 18, 1, 14, 56, 15409 }, // О
    { 19, 14, 19, 0, 14, 67, 15465 }, // П
    { 16, 14, 17, 0, 14, 56, 15532 }, // Р
    { 16, 14, 17, 1, 14, 56, 15588 }, // С
    { 16, 15, 17, 0, 14, 60, 15644 }, // Т
    { 18, 14, 18, 0, 14, 63, 15704 }, // У
    { 18, 16, 20, 1, 15, 72, 15767 }, // Ф
    { 18, 14, 18, 0, 14, 63, 15839 }, // Х
    { 19, 19, 19, 0, 15, 91, 15902 }, // Ц
    { 19, 15, 19, 0, 14, 72, 15993 }, // Ч
    { 28, 14, 28, 0, 14, 98, 16065 }, // Ш
    { 28, 18, 28, 0, 14, 126, 16163 }, // Щ
    { 20, 14, 21, 0, 14, 70, 16289 }, // Ъ
    { 23, 15, 24, 0, 15, 87, 16359 }, // Ы
    { 16, 15, 17, 0, 15, 60, 16446 }, // Ь
    { 16, 15, 17, 1, 15, 60, 16506 }, // Э
    { 26, 15, 27, 0, 15, 98, 16566 }, // Ю
    { 19, 14, 19, 0, 14, 67, 16664 }, // Я
    { 12, 10, 12, 0, 10, 30, 16731 }, // а
    { 12, 14, 12, 0, 14, 42, 16761 }, // б
    { 12, 10, 12, 0, 10, 30, 16803 }, // в
    { 10, 10, 10, 0, 10, 25, 16833 }, // г
    { 14, 13, 13, 0, 10, 46, 16858 }, // д
    { 11, 10, 11, 0, 10, 28, 16904 }, // е
    { 20, 10, 20, 0, 10, 50, 16932 }, // ж
    { 10, 10, 11, 0, 10, 25, 16982 }, // з
    { 13, 10, 13, 0, 10, 33, 17007 }, // и
    { 13, 14, 13, 0, 14, 46, 17040 }, // й
    { 13, 10, 13, 0, 10, 33, 17086 }, // к
    { 13, 10, 13, 0, 10, 33, 17119 }, // л
    { 16, 10, 16, 0, 10, 40, 17152 }, // м
    { 13, 10, 13, 0, 10, 33, 17192 }, // н
    { 12, 10, 12, 0, 10, 30, 17225 }, // о
    { 13, 10, 13, 0, 10, 33, 17255 }, // п
    { 13, 14, 13, 0, 10, 46, 17288 }, // р
    { 11, 10, 11, 0, 10, 28, 17334 }, // с
    { 11, 10, 11, 0, 10, 28, 17362 }, // т
    { 13, 14, 13, 0, 10, 46, 17390 }, // у
    { 18, 18, 19, 0, 14, 81, 17436 }, // ф
    { 13, 10, 13, 0, 10, 33, 17517 }, // х
    { 14, 13, 13, 0, 10, 46, 17550 }, // ц
    { 13, 10, 13, 0, 10, 33, 17596 }, // ч
    { 20, 10, 20, 0, 10, 50, 17629 }, // ш
    { 20, 13, 20, 0, 10, 65, 17679 }, // щ
    { 14, 10, 14, 0, 10, 35, 17744 }, // ъ
    { 17, 10, 17, 0, 10, 43, 17779 }, // ы
    { 12, 10, 12, 0, 10, 30, 17822 }, // ь
    { 10, 10, 11, 0, 10, 25, 17852 }, // э
    { 18, 11, 18, 0, 10, 50, 17877 }, // ю
    { 12, 10, 13, 0, 10, 30, 17927 }, // я
    { 11, 14, 11, 0, 14, 39, 17957 }, // ѐ
    { 11, 14, 11, 0, 14, 39, 17996 }, // ё
    { 12, 18, 13, 0, 14, 54, 18035 }, // ђ
    { 10, 14, 10, 0, 14, 35, 18089 }, // ѓ
    { 10, 10, 11, 0, 10, 25, 18124 }, // є
    { 9, 11, 10, 0, 10, 25, 18149 }, // ѕ
    { 7, 14, 7, 0, 14, 25, 18174 }, // і
    { 9, 14, 7, -1, 14, 32, 18199 }, // ї
    { 8, 18, 7, -2, 14, 36, 18231 }, // ј
    { 18, 10, 18, 0, 10, 45, 18267 }, // љ
    { 18, 10, 18, 0, 10, 45, 18312 }, // њ
    { 13, 14, 13, 0, 14, 46, 18357 }, // ћ
    { 13, 14, 13, 0, 14, 46, 18403 }, // ќ
    { 13, 14, 13, 0, 14, 46, 18449 }, // ѝ
    { 13, 18, 13, 0, 14, 59, 18495 }, // ў
    { 13, 13, 13, 0, 10, 43, 18554 }, // џ
    { 23, 14, 25, 1, 14, 81, 18597 }, // Ѡ
    { 19, 11, 19, 0, 10, 53, 18678 }, // ѡ
    { 18, 17, 20, 1, 17, 77, 18731 }, // Ѣ
    { 12, 15, 12, 0, 15, 45, 18808 }, // ѣ
    { 25, 15, 26, 0, 15, 94, 18853 }, // Ѥ
    { 17, 11, 17, 0, 10, 47, 18947 }, // ѥ
    { 24, 14, 24, 0, 14, 84, 18994 }, // Ѧ
    { 18, 10, 18, 0, 10, 45, 19078 }, // ѧ
    { 32, 15, 32, 0, 15, 120, 19123 }, // Ѩ
    { 24, 10, 25, 0, 10, 60, 19243 }, // ѩ
    { 25, 14, 25, 0, 14, 88, 19303 }, // Ѫ
    { 20, 10, 20, 0, 10, 50, 19391 }, // ѫ
    { 33, 14, 33, 0, 14, 116, 19441 }, // Ѭ
    { 27, 10, 27, 0, 10, 68, 19557 }, // ѭ
    { 13, 23, 13, 0, 18, 75, 19625 }, // Ѯ
    { 10, 16, 10, 0, 12, 40, 19700 }, // ѯ
    { 17, 16, 19, 1, 15, 68, 19740 }, // Ѱ
    { 15, 18, 15, 0, 14, 68, 19808 }, // ѱ
    { 16, 14, 18, 1, 14, 56, 19876 }, // Ѳ
    { 11, 10, 11, 0, 10, 28, 19932 }, // ѳ
    { 20, 14, 20, 0, 14, 70, 19960 }, // Ѵ
    { 14, 10, 14, 0, 10, 35, 20030 }, // ѵ
    { 20, 18, 20, 0, 18, 90, 20065 }, // Ѷ
    { 14, 14, 14, 0, 14, 49, 20155 }, // ѷ
    { 21, 19, 23, 1, 17, 100, 20204 }, // Ѻ
    { 15, 12, 15, 0, 11, 45, 20304 }, // ѻ
    { 23, 20, 25, 1, 20, 115, 20349 }, // Ѽ
    { 19, 15, 19, 0, 14, 72, 20464 }, // ѽ
    { 23, 19, 25, 1, 19, 110, 20536 }, // Ѿ
    { 19, 14, 19, 0, 13, 67, 20646 }, // ѿ
    { 16, 19, 17, 1, 14, 76, 20713 }, // Ҁ
    { 11, 14, 11, 0, 10, 39, 20789 }, // ҁ
    { 9, 6, 11, 1, 4, 14, 20828 }, // ҂
    { 10, 4, 0, -5, 14, 10, 20842 }, // ҃
    { 14, 4, 0, -13, 14, 14, 20852 }, // ҄
    { 7, 4, 0, -10, 15, 7, 20866 }, // ҅
    { 6, 4, 0, -9, 15, 6, 20873 }, // ҆
    { 27, 24, 0, -27, 17, 162, 20879 }, // ҈
    { 31, 26, 0, -29, 18, 202, 21041 }, // ҉
    { 19, 23, 19, 0, 19, 110, 21243 }, // Ҋ
    { 14, 17, 13, 0, 14, 60, 21353 }, // ҋ
    { 18, 15, 20, 1, 15, 68, 21413 }, // Ҍ
    { 13, 15, 12, -1, 15, 49, 21481 }, // ҍ
    { 16, 14, 17, 0, 14, 56, 21530 }, // Ҏ
    { 14, 14, 13, 0, 10, 49, 21586 }, // ҏ
    { 14, 18, 15, 0, 18, 63, 21635 }, // Ґ
    { 10, 12, 10, 0, 12, 30, 21698 }, // ґ
    { 14, 15, 15, 0, 14, 53, 21728 }, // Ғ
    { 10, 10, 10, 0, 10, 25, 21781 }, // ғ
    { 17, 18, 18, 0, 14, 77, 21806 }, // Ҕ
    { 13, 14, 13, 0, 10, 46, 21883 }, // ҕ
    { 29, 18, 29, 0, 14, 131, 21929 }, // Җ
    { 21, 13, 20, 0, 10, 69, 22060 }, // җ
    { 13, 19, 15, 1, 14, 62, 22129 }, // Ҙ
    { 10, 15, 11, 0, 10, 38, 22191 }, // ҙ
    { 19, 19, 19, 0, 15, 91, 22229 }, // Қ
    { 14, 13, 13, 0, 10, 46, 22320 }, // қ
    { 20, 15, 21, 0, 15, 75, 22366 }, // Ҝ
    { 16, 10, 15, 0, 10, 40, 22441 }, // ҝ
    { 18, 14, 19, 0, 14, 63, 22481 }, // Ҟ
    { 13, 14, 13, 0, 14, 46, 22544 }, // ҟ
    { 22, 14, 23, 0, 14, 77, 22590 }, // Ҡ
    { 16, 10, 16, 0, 10, 40, 22667 }, // ҡ
    { 19, 19, 19, 0, 15, 91, 22707 }, // Ң
    { 14, 13, 13, 0, 10, 46, 22798 }, // ң
    { 22, 14, 23, 0, 14, 77, 22844 }, // Ҥ
    { 16, 10, 16, 0, 10, 40, 22921 }, // ҥ
    { 26, 18, 26, 0, 14, 117, 22961 }, // Ҧ
    { 18, 14, 19, 0, 10, 63, 23078 }, // ҧ
    { 18, 16, 19, 1, 14, 72, 23141 }, // Ҩ
    { 12, 12, 12, 0, 10, 36, 23213 }, // ҩ
    { 16, 19, 17, 1, 14, 76, 23249 }, // Ҫ
    { 11, 15, 11, 0, 10, 42, 23325 }, // ҫ
    { 16, 18, 17, 0, 14, 72, 23367 }, // Ҭ
    { 11, 13, 11, 0, 10, 36, 23439 }, // ҭ
    { 18, 15, 18, 0, 14, 68, 23475 }, // Ү
    { 13, 15, 13, 0, 10, 49, 23543 }, // ү
    { 18, 15, 18, 0, 14, 68, 23592 }, // Ұ
    { 13, 15, 13, 0, 10, 49, 23660 }, // ұ
    { 19, 18, 18, 0, 14, 86, 23709 }, // Ҳ
    { 13, 13, 13, 0, 10, 43, 23795 }, // ҳ
    { 25, 18, 24, 0, 14, 113, 23838 }, // Ҵ
    { 17, 13, 16, 0, 10, 56, 23951 }, // ҵ
    { 19, 18, 19, 0, 14, 86, 24007 }, // Ҷ
    { 14, 13, 13, 0, 10, 46, 24093 }, // ҷ
    { 19, 15, 19, 0, 14, 72, 24139 }, // Ҹ
    { 13, 10, 13, 0, 10, 33, 24211 }, // ҹ
    { 19, 15, 19, 0, 15, 72, 24244 }, // Һ
    { 13, 14, 13, 0, 14, 46, 24316 }, // һ
    { 21, 14, 21, 0, 14, 74, 24362 }, // Ҽ
    { 15, 10, 15, 0, 10, 38, 24436 }, // ҽ
    { 21, 18, 21, 0, 14, 95, 24474 }, // Ҿ
    { 15, 14, 15, 0, 10, 53, 24569 }, // ҿ
    { 9, 15, 9, 0, 15, 34, 24622 }, // Ӏ
    { 28, 18, 29, 0, 18, 126, 24656 }, // Ӂ
    { 20, 13, 20, 0, 13, 65, 24782 }, // ӂ
    { 18, 19, 19, 0, 15, 86, 24847 }, // Ӄ
    { 13, 14, 13, 0, 10, 46, 24933 }, // ӄ
    { 19, 18, 19, 0, 14, 86, 24979 }, // Ӆ
    { 13, 13, 13, 0, 10, 43, 25065 }, // ӆ
    { 19, 19, 19, 0, 15, 91, 25108 }, // Ӈ
    { 13, 14, 13, 0, 10, 46, 25199 }, // ӈ
    { 19, 20, 19, 0, 15, 95, 25245 }, // Ӊ
    { 13, 13, 13, 0, 10, 43, 25340 }, // ӊ
    { 19, 18, 19, 0, 14, 86, 25383 }, // Ӌ
    { 13, 13, 13, 0, 10, 43, 25469 }, // ӌ
    { 23, 19, 23, 0, 14, 110, 25512 }, // Ӎ
    { 16, 13, 16, 0, 10, 52, 25622 }, // ӎ
    { 18, 18, 18, 0, 18, 81, 25674 }, // Ӑ
    { 12, 13, 12, 0, 13, 39, 25755 }, // ӑ
    { 18, 19, 18, 0, 19, 86, 25794 }, // Ӓ
    { 12, 14, 12, 0, 14, 42, 25880 }, // ӓ
    { 22, 14, 22, 0, 14, 77, 25922 }, // Ӕ
    { 17, 10, 17, 0, 10, 43, 25999 }, // ӕ
    { 16, 18, 16, 0, 18, 72, 26042 }, // Ӗ
    { 11, 13, 11, 0, 13, 36, 26114 }, // ӗ
    { 16, 15, 17, 0, 15, 60, 26150 }, // Ә
    { 11, 10, 11, 0, 10, 28, 26210 }, // ә
    { 17, 19, 17, 0, 19, 81, 26238 }, // Ӛ
    { 11, 14, 11, 0, 14, 39, 26319 }, // ӛ
    { 28, 19, 29, 0, 19, 133, 26358 }, // Ӝ
    { 20, 14, 20, 0, 14, 70, 26491 }, // ӝ
    { 13, 19, 15, 1, 19, 62, 26561 }, // Ӟ
    { 10, 14, 11, 0, 14, 35, 26623 }, // ӟ
    { 13, 14, 13, 0, 14, 46, 26658 }, // Ӡ
    { 10, 14, 11, 0, 10, 35, 26704 }, // ӡ
    { 19, 19, 19, 0, 19, 91, 26739 }, // Ӣ
    { 13, 14, 13, 0, 14, 46, 26830 }, // ӣ
    { 19, 19, 19, 0, 19, 91, 26876 }, // Ӥ
    { 13, 14, 13, 0, 14, 46, 26967 }, // ӥ
    { 16, 19, 18, 1, 19, 76, 27013 }, // Ӧ
    { 12, 14, 12, 0, 14, 42, 27089 }, // ӧ
    { 16, 14, 18, 1, 14, 56, 27131 }, // Ө
    { 12, 10, 12, 0, 10, 30, 27187 }, // ө
    { 16, 19, 18, 1, 19, 76, 27217 }, // Ӫ
    { 12, 14, 12, 0, 14, 42, 27293 }, // ӫ
    { 16, 19, 17, 1, 19, 76, 27335 }, // Ӭ
    { 10, 14, 11, 0, 14, 35, 27411 }, // ӭ
    { 18, 19, 18, 0, 19, 86, 27446 }, // Ӯ
    { 13, 18, 13, 0, 14, 59, 27532 }, // ӯ
    { 18, 19, 18, 0, 19, 86, 27591 }, // Ӱ
    { 13, 18, 13, 0, 14, 59, 27677 }, // ӱ
    { 18, 19, 18, 0, 19, 86, 27736 }, // Ӳ
    { 13, 18, 13, 0, 14, 59, 27822 }, // ӳ
    { 19, 20, 19, 0, 19, 95, 27881 }, // Ӵ
    { 13, 14, 13, 0, 14, 46, 27976 }, // ӵ
    { 14, 18, 15, 0, 14, 63, 28022 }, // Ӷ
    { 10, 13, 10, 0, 10, 33, 28085 }, // ӷ
    { 23, 19, 24, 0, 19, 110, 28118 }, // Ӹ
    { 17, 14, 17, 0, 14, 60, 28228 }, // ӹ
    { 17, 18, 18, 0, 14, 77, 28288 }, // Ӽ
    { 12, 14, 13, 0, 10, 42, 28365 }, // ӽ
    { 18, 14, 18, 0, 14, 63, 28407 }, // Ӿ
    { 13, 10, 13, 0, 10, 33, 28470 }, // ӿ
    { 0, 0, 12, 0, 0, 0, 28503 }, //  
    { 0, 0, 24, 0, 0, 0, 28503 }, //  
    { 0, 0, 12, 0, 0, 0, 28503 }, //  
    { 0, 0, 24, 0, 0, 0, 28503 }, //  
    { 0, 0, 8, 0, 0, 0, 28503 }, //  
    { 0, 0, 6, 0, 0, 0, 28503 }, //  
    { 0, 0, 4, 0, 0, 0, 28503 }, //  
    { 0, 0, 12, 0, 0, 0, 28503 }, //  
    { 0, 0, 7, 0, 0, 0, 28503 }, //  
    { 0, 0, 5, 0, 0, 0, 28503 }, //  
    { 0, 0, 1, 0, 0, 0, 28503 }, //  
    { 0, 0, 0, 0, 0, 0, 28503 }, // ​
    { 0, 0, 0, 0, 0, 0, 28503 }, // ‌
    { 0, 0, 0, 0, 0, 0, 28503 }, // ‍
    { 7, 3, 8, 0, 6, 6, 28503 }, // ‐
    { 7, 3, 8, 0, 6, 6, 28509 }, // ‑
    { 13, 2, 12, 0, 7, 7, 28515 }, // ‒
    { 13, 1, 12, 0, 6, 4, 28522 }, // –
    { 25, 1, 24, 0, 6, 7, 28526 }, // —
    { 6, 22, 12, 3, 16, 33, 28533 }, // ‖
    { 4, 8, 7, 1, 15, 8, 28566 }, // ‘
    { 5, 8, 7, 1, 14, 10, 28574 }, // ’
    { 5, 9, 7, 1, 4, 12, 28584 }, // ‚
    { 5, 8, 7, 1, 14, 10, 28596 }, // ‛
    { 10, 8, 9, -1, 15, 20, 28606 }, // “
    { 11, 8, 9, -1, 15, 22, 28626 }, // ”
    { 11, 9, 9, -1, 4, 25, 28648 }, // „
    { 11, 8, 9, -1, 14, 22, 28673 }, // ‟
    { 9, 19, 11, 1, 14, 43, 28695 }, // †
    { 9, 18, 11, 1, 14, 41, 28738 }, // ‡
    { 10, 9, 12, 1, 10, 23, 28779 }, // •
    { 18, 4, 20, 1, 4, 18, 28802 }, // …
    { 10, 18, 11, 1, 14, 45, 28820 }, //  
    { 0, 0, 4, 0, 0, 0, 28865 }, //  
    { 26, 18, 28, 1, 16, 117, 28865 }, // ‰
    { 36, 18, 38, 1, 16, 162, 28982 }, // ‱
    { 6, 10, 11, 2, 10, 15, 29144 }, // ‹
    { 6, 10, 11, 2, 10, 15, 29159 }, // ›
    { 12, 13, 14, 1, 12, 39, 29174 }, // ※
    { 10, 15, 11, 1, 15, 38, 29213 }, // ‽
    { 9, 4, 9, 0, -1, 9, 29251 }, // ‿
    { 12, 3, 12, 0, 13, 9, 29260 }, // ⁀
    { 10, 24, 12, 1, 16, 60, 29269 }, // ⁄
    { 7, 21, 9, 1, 16, 37, 29329 }, // ⁅
    { 7, 22, 9, 1, 16, 39, 29366 }, // ⁆
    { 10, 17, 12, 1, 16, 43, 29405 }, // ⁒
    { 9, 3, 9, 0, -1, 7, 29448 }, // ⁔
    { 0, 0, 5, 0, 0, 0, 29455 }, //  
    { 16, 16, 17, 1, 15, 64, 29455 }, // ₡
    { 14, 15, 15, 1, 15, 53, 29519 }, // ₤
    { 20, 15, 20, 0, 15, 75, 29572 }, // ₦
    { 25, 14, 25, 0, 14, 88, 29647 }, // ₩
    { 13, 18, 13, 0, 16, 59, 29735 }, // ₫
    { 17, 14, 19, 0, 14, 60, 29794 }, // €
    { 17, 16, 19, 1, 15, 68, 29854 }, // ₲
    { 19, 15, 22, 1, 15, 72, 29922 }, // ∆
    { 13, 20, 11, 0, 17, 65, 29994 }, // √
};

static const EpdUnicodeInterval cmu_10_boldIntervals[] = {
    { 0xD, 0xD, 0x0 },
    { 0x20, 0x7E, 0x1 },
    { 0xA0, 0xA3, 0x60 },
    { 0xA5, 0xA5, 0x64 },
    { 0xA7, 0xB1, 0x65 },
    { 0xB4, 0xB8, 0x70 },
    { 0xBA, 0xBB, 0x75 },
    { 0xBF, 0xD6, 0x77 },
    { 0xD8, 0xFF, 0x8F },
    { 0x100, 0x113, 0xB7 },
    { 0x116, 0x121, 0xCB },
    { 0x124, 0x125, 0xD7 },
    { 0x127, 0x127, 0xD9 },
    { 0x12A, 0x12B, 0xDA },
    { 0x130, 0x131, 0xDC },
    { 0x134, 0x135, 0xDE },
    { 0x139, 0x13A, 0xE0 },
    { 0x13D, 0x13E, 0xE2 },
    { 0x141, 0x144, 0xE4 },
    { 0x147, 0x148, 0xE8 },
    { 0x150, 0x155, 0xEA },
    { 0x158, 0x165, 0xF0 },
    { 0x16A, 0x171, 0xFE },
    { 0x178, 0x17E, 0x106 },
    { 0x400, 0x477, 0x10D },
    { 0x47A, 0x486, 0x185 },
    { 0x488, 0x4CE, 0x192 },
    { 0x4D0, 0x4F9, 0x1D9 },
    { 0x4FC, 0x4FF, 0x203 },
    { 0x2000, 0x200D, 0x207 },
    { 0x2010, 0x2014, 0x215 },
    { 0x2016, 0x2016, 0x21A },
    { 0x2018, 0x2022, 0x21B },
    { 0x2026, 0x2026, 0x226 },
    { 0x2029, 0x2029, 0x227 },
    { 0x202F, 0x2031, 0x228 },
    { 0x2039, 0x203B, 0x22B },
    { 0x203D, 0x203D, 0x22E },
    { 0x203F, 0x2040, 0x22F },
    { 0x2044, 0x2046, 0x231 },
    { 0x2052, 0x2052, 0x234 },
    { 0x2054, 0x2054, 0x235 },
    { 0x205F, 0x205F, 0x236 },
    { 0x20A1, 0x20A1, 0x237 },
    { 0x20A4, 0x20A4, 0x238 },
    { 0x20A6, 0x20A6, 0x239 },
    { 0x20A9, 0x20A9, 0x23A },
    { 0x20AB, 0x20AC, 0x23B },
    { 0x20B2, 0x20B2, 0x23D },
    { 0x2206, 0x2206, 0x23E },
    { 0x221A, 0x221A, 0x23F },
};

static const EpdFontData cmu_10_bold = {
    cmu_10_boldBitmaps,
    cmu_10_boldGlyphs,
    cmu_10_boldIntervals,
    51,
    28,
    20,
    -9,
    true,
};
