/**
 * generated by fontconvert.py
 * name: cmu_16_italic
 * size: 16
 * mode: 2-bit
 */
#pragma once
#include "EpdFontData.h"

static const uint8_t cmu_16_italicBitmaps[64491] = {
    0x00, 0x07, 0xC0, 0x00, 0xFD, 0x00, 0x1F, 0xC0, 0x01, 0xF8, 0x00, 0x2F, 0x40, 0x03, 0xF0, 0x00,
    0x3F, 0x00, 0x03, 0xD0, 0x00, 0x7C, 0x00, 0x07, 0xC0, 0x00, 0xB8, 0x00, 0x0F, 0x00, 0x00, 0xF0,
    0x00, 0x0E, 0x00, 0x01, 0xD0, 0x00, 0x1C, 0x00, 0x02, 0x80, 0x00, 0x34, 0x00, 0x00, 0x00, 0x00,
    0x00, 0x00, 0x00, 0x00, 0x01, 0xF0, 0x00, 0x3F, 0x00, 0x03, 0xD0, 0x00, 0x07, 0x41, 0xE0, 0xF8,
    0x3E, 0x0F, 0x43, 0xD1, 0xF0, 0x7C, 0x2E, 0x07, 0x82, 0xD0, 0xB4, 0x3C, 0x0B, 0x03, 0x80, 0xE0,
    0x30, 0x0D, 0x07, 0x00, 0xC0, 0x60, 0x18, 0x08, 0x01, 0x40, 0x00, 0x00, 0x00, 0x00, 0x00, 0x00,
    0x00, 0x00, 0x00, 0x00, 0x00, 0x00, 0x00, 0x50, 0x00, 0x40, 0x00, 0x00, 0x00, 0x30, 0x00, 0x80,
    0x00, 0x00, 0x00, 0x14, 0x00, 0x60, 0x00, 0x00, 0x00, 0x0C, 0x00, 0x20, 0x00, 0x00, 0x00, 0x05,
    0x00, 0x18, 0x00, 0x00, 0x00, 0x03, 0x00, 0x08, 0x00, 0x00, 0x00, 0x01, 0x40, 0x02, 0x00, 0x00,
    0x00, 0x00, 0xC0, 0x02, 0x00, 0x00, 0x00, 0x00, 0x50, 0x00, 0x80, 0x00, 0x00, 0x00, 0x30, 0x00,
    0x80, 0x00, 0x00, 0x00, 0x14, 0x00, 0x20, 0x00, 0x07, 0xFF, 0xFF, 0xFF, 0xFF, 0xFF, 0x00, 0x00,
    0x05, 0x00, 0x08, 0x00, 0x00, 0x00, 0x03, 0x00, 0x08, 0x00, 0x00, 0x00, 0x02, 0x40, 0x06, 0x00,
    0x00, 0x00, 0x00, 0x80, 0x02, 0x00, 0x00, 0x00, 0x00, 0x80, 0x01, 0x40, 0x00, 0x03, 0xFF, 0xFF,
    0xFF, 0xFF, 0xFF, 0x40, 0x00, 0x24, 0x00, 0x50, 0x00, 0x00, 0x00, 0x08, 0x00, 0x30, 0x00, 0x00,
    0x00, 0x09, 0x00, 0x14, 0x00, 0x00, 0x00, 0x02, 0x00, 0x0C, 0x00, 0x00, 0x00, 0x02, 0x40, 0x05,
    0x00, 0x00, 0x00, 0x00, 0x80, 0x03, 0x00, 0x00, 0x00, 0x00, 0x90, 0x01, 0x40, 0x00, 0x00, 0x00,
    0x30, 0x00, 0xC0, 0x00, 0x00, 0x00, 0x24, 0x00, 0x50, 0x00, 0x00, 0x00, 0x0C, 0x00, 0x30, 0x00,
    0x00, 0x00, 0x04, 0x00, 0x04, 0x00, 0x00, 0x00, 0x00, 0x00, 0x00, 0x00, 0x00, 0x00, 0x00, 0x00,
    0x00, 0x02, 0x00, 0x00, 0x00, 0x07, 0x00, 0x00, 0x00, 0xBE, 0xA0, 0x00, 0x07, 0x4C, 0x0C, 0x00,
    0x1C, 0x0C, 0x06, 0x00, 0x34, 0x18, 0x03, 0x00, 0xB0, 0x24, 0x1F, 0x00, 0xD0, 0x30, 0x3E, 0x01,
    0xD0, 0x30, 0x3C, 0x01, 0xE0, 0x60, 0x00, 0x01, 0xF4, 0xA0, 0x00, 0x00, 0xFF, 0xD0, 0x00, 0x00,
    0x7F, 0xFD, 0x00, 0x00, 0x1F, 0xFF, 0x40, 0x00, 0x02, 0xFF, 0xC0, 0x00, 0x03, 0x4B, 0xC0, 0x00,
    0x03, 0x03, 0xC0, 0x1D, 0x07, 0x03, 0xC0, 0x3E, 0x0A, 0x03, 0xC0, 0x3C, 0x0D, 0x03, 0x40, 0x70,
    0x0C, 0x0B, 0x00, 0x30, 0x18, 0x0D, 0x00, 0x34, 0x24, 0x34, 0x00, 0x1D, 0x35, 0xD0, 0x00, 0x02,
    0xFE, 0x00, 0x00, 0x00, 0x60, 0x00, 0x00, 0x00, 0x02, 0xF4, 0x00, 0x00, 0x0B, 0x00, 0x0E, 0x0D,
    0x00, 0x00, 0x2D, 0x00, 0x3C, 0x07, 0x90, 0x06, 0xF8, 0x00, 0xB0, 0x03, 0x2F, 0xFA, 0xE0, 0x00,
    0xF0, 0x03, 0x00, 0x07, 0xC0, 0x02, 0xD0, 0x06, 0x00, 0x0F, 0x00, 0x03, 0xC0, 0x0A, 0x00, 0x3C,
    0x00, 0x03, 0xC0, 0x0D, 0x00, 0xF4, 0x00, 0x03, 0x80, 0x0C, 0x02, 0xD0, 0x00, 0x03, 0x40, 0x28,
    0x07, 0x80, 0x00, 0x03, 0x40, 0x30, 0x1F, 0x00, 0x00, 0x03, 0x80, 0xD0, 0x3C, 0x00, 0x00, 0x01,
    0xC2, 0x80, 0xF0, 0x00, 0x00, 0x00, 0xBD, 0x03, 0xD0, 0x2F, 0x80, 0x00, 0x00, 0x0B, 0x40, 0xF0,
    0xD0, 0x00, 0x00, 0x1E, 0x02, 0xC0, 0x60, 0x00, 0x00, 0x78, 0x07, 0x40, 0x30, 0x00, 0x00, 0xF0,
    0x0F, 0x00, 0x30, 0x00, 0x03, 0xC0, 0x1E, 0x00, 0x30, 0x00, 0x0B, 0x00, 0x2D, 0x00, 0x70, 0x00,
    0x2D, 0x00, 0x3C, 0x00, 0xA0, 0x00, 0x74, 0x00, 0x3C, 0x00, 0xC0, 0x01, 0xE0, 0x00, 0x38, 0x01,
    0xC0, 0x03, 0x80, 0x00, 0x38, 0x03, 0x40, 0x0F, 0x00, 0x00, 0x28, 0x0A, 0x00, 0x2C, 0x00, 0x00,
    0x1C, 0x2C, 0x00, 0x30, 0x00, 0x00, 0x07, 0xE0, 0x00, 0x00, 0x01, 0xBE, 0x00, 0x00, 0x00, 0x00,
    0x2D, 0x07, 0x00, 0x02, 0xD0, 0x02, 0xD0, 0x09, 0x00, 0x0B, 0x40, 0x1E, 0x00, 0xB4, 0x00, 0x1C,
    0x00, 0xF0, 0x07, 0xD0, 0x00, 0xD0, 0x07, 0x80, 0x0E, 0x00, 0x0A, 0x00, 0x3D, 0x00, 0x00, 0x00,
    0xB0, 0x00, 0xF0, 0x00, 0x00, 0x0E, 0x00, 0x03, 0xCB, 0xD0, 0x02, 0xF8, 0x00, 0x0F, 0xE0, 0xC0,
    0x3C, 0x34, 0x00, 0x3D, 0x03, 0x03, 0x80, 0x60, 0x01, 0xF8, 0x28, 0x2C, 0x00, 0xC0, 0x0F, 0x2F,
    0x80, 0xD0, 0x03, 0x00, 0xB8, 0x00, 0x03, 0xB8, 0x0C, 0x03, 0xD0, 0x00, 0x0B, 0xF0, 0x30, 0x1F,
    0x00, 0x00, 0x0F, 0x40, 0xC0, 0xBC, 0x00, 0x00, 0x00, 0x06, 0x03, 0xF0, 0x00, 0x00, 0x00, 0x30,
    0x0F, 0x80, 0x00, 0x00, 0x01, 0x80, 0x2F, 0x00, 0x00, 0x00, 0x0C, 0x00, 0x3C, 0x00, 0x00, 0x00,
    0xD0, 0x00, 0x7C, 0x00, 0x00, 0x1D, 0x00, 0x00, 0x7E, 0x40, 0x1B, 0x80, 0x00, 0x00, 0x1B, 0xFF,
    0x90, 0x00, 0x00, 0x07, 0x83, 0xF0, 0xF4, 0x3C, 0x1F, 0x07, 0x42, 0xC0, 0xF0, 0x34, 0x0C, 0x06,
    0x01, 0x40, 0x00, 0x00, 0x00, 0x00, 0x02, 0x00, 0x00, 0x03, 0x00, 0x00, 0x07, 0x00, 0x00, 0x03,
    0x00, 0x00, 0x03, 0x40, 0x00, 0x03, 0x80, 0x00, 0x02, 0xC0, 0x00, 0x01, 0xD0, 0x00, 0x00, 0xF0,
    0x00, 0x00, 0x74, 0x00, 0x00, 0x3C, 0x00, 0x00, 0x1D, 0x00, 0x00, 0x0F, 0x00, 0x00, 0x03, 0x80,
    0x00, 0x01, 0xD0, 0x00, 0x00, 0xF0, 0x00, 0x00, 0x3C, 0x00, 0x00, 0x1E, 0x00, 0x00, 0x07, 0x40,
    0x00, 0x02, 0xC0, 0x00, 0x00, 0xF0, 0x00, 0x00, 0x3C, 0x00, 0x00, 0x0F, 0x00, 0x00, 0x03, 0x80,
    0x00, 0x00, 0xE0, 0x00, 0x00, 0x38, 0x00, 0x00, 0x0B, 0x00, 0x00, 0x01, 0xC0, 0x00, 0x00, 0x30,
    0x00, 0x00, 0x0D, 0x00, 0x00, 0x01, 0x80, 0x00, 0x00, 0x30, 0x00, 0x00, 0x06, 0x00, 0x00, 0x00,
    0x00, 0x00, 0x00, 0x00, 0x00, 0x10, 0x00, 0x00, 0x0C, 0x00, 0x00, 0x01, 0xC0, 0x00, 0x00, 0x34,
    0x00, 0x00, 0x0A, 0x00, 0x00, 0x01, 0xC0, 0x00, 0x00, 0x30, 0x00, 0x00, 0x0D, 0x00, 0x00, 0x03,
    0x40, 0x00, 0x00, 0xE0, 0x00, 0x00, 0x38, 0x00, 0x00, 0x0E, 0x00, 0x00, 0x07, 0x40, 0x00, 0x02,
    0xD0, 0x00, 0x00, 0xB0, 0x00, 0x00, 0x3C, 0x00, 0x00, 0x0E, 0x00, 0x00, 0x07, 0x80, 0x00, 0x02,
    0xC0, 0x00, 0x00, 0xF0, 0x00, 0x00, 0x78, 0x00, 0x00, 0x2C, 0x00, 0x00, 0x0E, 0x00, 0x00, 0x07,
    0x40, 0x00, 0x03, 0x80, 0x00, 0x01, 0xC0, 0x00, 0x00, 0xE0, 0x00, 0x00, 0xB0, 0x00, 0x00, 0x70,
    0x00, 0x00, 0x34, 0x00, 0x00, 0x34, 0x00, 0x00, 0x34, 0x00, 0x00, 0x30, 0x00, 0x00, 0x00, 0x00,
    0x00, 0x00, 0x00, 0x00, 0x80, 0x00, 0x00, 0x1C, 0x00, 0x00, 0x02, 0xC0, 0x00, 0x50, 0x34, 0x04,
    0x0F, 0x43, 0x07, 0xC0, 0x2D, 0x32, 0xE0, 0x00, 0x7B, 0xD0, 0x00, 0x01, 0xF0, 0x00, 0x01, 0xED,
    0xD0, 0x01, 0xF0, 0xC7, 0xC0, 0x78, 0x28, 0x1E, 0x00, 0x03, 0x40, 0x00, 0x00, 0x34, 0x00, 0x00,
    0x0B, 0x00, 0x00, 0x00, 0x10, 0x00, 0x00, 0x00, 0x00, 0x00, 0x50, 0x00, 0x00, 0x00, 0x00, 0x20,
    0x00, 0x00, 0x00, 0x00, 0x0C, 0x00, 0x00, 0x00, 0x00, 0x02, 0x00, 0x00, 0x00, 0x00, 0x01, 0x40,
    0x00, 0x00, 0x00, 0x00, 0x80, 0x00, 0x00, 0x00, 0x00, 0x20, 0x00, 0x00, 0x00, 0x00, 0x08, 0x00,
    0x00, 0x00, 0x00, 0x05, 0x00, 0x00, 0x0F, 0xFF, 0xFF, 0xFF, 0xFF, 0xE0, 0x00, 0x00, 0x80, 0x00,
    0x00, 0x00, 0x00, 0x20, 0x00, 0x00, 0x00, 0x00, 0x14, 0x00, 0x00, 0x00, 0x00, 0x08, 0x00, 0x00,
    0x00, 0x00, 0x03, 0x00, 0x00, 0x00, 0x00, 0x00, 0x80, 0x00, 0x00, 0x00, 0x00, 0x50, 0x00, 0x00,
    0x00, 0x00, 0x20, 0x00, 0x00, 0x00, 0x00, 0x08, 0x00, 0x00, 0x00, 0x00, 0x00, 0x00, 0x00, 0x00,
    0x07, 0xC0, 0xFD, 0x0F, 0xD0, 0x08, 0x00, 0x80, 0x20, 0x05, 0x01, 0x80, 0x60, 0x00, 0x00, 0x3F,
    0xFF, 0xC3, 0xFF, 0xFC, 0x1F, 0x0F, 0xC3, 0xD0, 0x00, 0x00, 0x00, 0x00, 0x01, 0x00, 0x00, 0x00,
    0x00, 0x00, 0xC0, 0x00, 0x00, 0x00, 0x00, 0x90, 0x00, 0x00, 0x00, 0x00, 0x20, 0x00, 0x00, 0x00,
    0x00, 0x20, 0x00, 0x00, 0x00, 0x00, 0x18, 0x00, 0x00, 0x00, 0x00, 0x0C, 0x00, 0x00, 0x00, 0x00,
    0x09, 0x00, 0x00, 0x00, 0x00, 0x02, 0x00, 0x00, 0x00, 0x00, 0x02, 0x00, 0x00, 0x00, 0x00, 0x01,
    0x80, 0x00, 0x00, 0x00, 0x00, 0xC0, 0x00, 0x00, 0x00, 0x00, 0x50, 0x00, 0x00, 0x00, 0x00, 0x30,
    0x00, 0x00, 0x00, 0x00, 0x20, 0x00, 0x00, 0x00, 0x00, 0x18, 0x00, 0x00, 0x00, 0x00, 0x0C, 0x00,
    0x00, 0x00, 0x00, 0x05, 0x00, 0x00, 0x00, 0x00, 0x03, 0x00, 0x00, 0x00, 0x00, 0x02, 0x40, 0x00,
    0x00, 0x00, 0x00, 0x80, 0x00, 0x00, 0x00, 0x00, 0xC0, 0x00, 0x00, 0x00, 0x00, 0x50, 0x00, 0x00,
    0x00, 0x00, 0x30, 0x00, 0x00, 0x00, 0x00, 0x24, 0x00, 0x00, 0x00, 0x00, 0x08, 0x00, 0x00, 0x00,
    0x00, 0x08, 0x00, 0x00, 0x00, 0x00, 0x06, 0x00, 0x00, 0x00, 0x00, 0x03, 0x00, 0x00, 0x00, 0x00,
    0x02, 0x40, 0x00, 0x00, 0x00, 0x00, 0x80, 0x00, 0x00, 0x00, 0x00, 0x80, 0x00, 0x00, 0x00, 0x00,
    0x60, 0x00, 0x00, 0x00, 0x00, 0x00, 0x00, 0x00, 0x00, 0x00, 0x00, 0x00, 0x00, 0x7F, 0x80, 0x00,
    0x07, 0xD0, 0xB0, 0x00, 0x1E, 0x00, 0x38, 0x00, 0x3C, 0x00, 0x3C, 0x00, 0xB4, 0x00, 0x3D, 0x01,
    0xF0, 0x00, 0x3D, 0x03, 0xE0, 0x00, 0x3D, 0x03, 0xD0, 0x00, 0x7C, 0x0B, 0xC0, 0x00, 0xBC, 0x0F,
    0x80, 0x00, 0xFC, 0x0F, 0x40, 0x00, 0xF8, 0x1F, 0x00, 0x01, 0xF4, 0x2F, 0x00, 0x02, 0xF0, 0x3E,
    0x00, 0x03, 0xE0, 0x3D, 0x00, 0x03, 0xD0, 0x3D, 0x00, 0x07, 0xC0, 0x3C, 0x00, 0x0F, 0x80, 0x3C,
    0x00, 0x1F, 0x00, 0x3C, 0x00, 0x3D, 0x00, 0x2D, 0x00, 0xB8, 0x00, 0x0F, 0x02, 0xD0, 0x00, 0x02,
    0xFE, 0x00, 0x00, 0x00, 0x00, 0x02, 0x00, 0x00, 0x02, 0xC0, 0x00, 0x03, 0xE0, 0x00, 0x0B, 0xF4,
    0x00, 0x3E, 0x7C, 0x00, 0x00, 0x1F, 0x00, 0x00, 0x0B, 0x80, 0x00, 0x03, 0xD0, 0x00, 0x00, 0xF0,
    0x00, 0x00, 0x7C, 0x00, 0x00, 0x2E, 0x00, 0x00, 0x0F, 0x40, 0x00, 0x03, 0xC0, 0x00, 0x01, 0xF0,
    0x00, 0x00, 0xB8, 0x00, 0x00, 0x3D, 0x00, 0x00, 0x0F, 0x00, 0x00, 0x07, 0xC0, 0x00, 0x02, 0xE0,
    0x00, 0x00, 0xF4, 0x00, 0x00, 0x7D, 0x00, 0x0F, 0xFF, 0xFE, 0x00, 0x00, 0x00, 0x6F, 0xD0, 0x00,
    0x00, 0xB4, 0x2E, 0x00, 0x00, 0xA0, 0x02, 0xD0, 0x00, 0x60, 0x00, 0x7C, 0x00, 0x30, 0x80, 0x0F,
    0x00, 0x24, 0x20, 0x03, 0xC0, 0x0C, 0x08, 0x01, 0xF0, 0x06, 0x02, 0x00, 0xBC, 0x02, 0x42, 0x40,
    0x3E, 0x00, 0x62, 0x80, 0x2F, 0x00, 0x0F, 0x80, 0x1F, 0x00, 0x00, 0x00, 0x0F, 0x00, 0x00, 0x00,
    0x1E, 0x00, 0x00, 0x00, 0x2C, 0x00, 0x00, 0x00, 0xB4, 0x00, 0x00, 0x00, 0xE0, 0x00, 0x00, 0x00,
    0xD0, 0x00, 0x00, 0x00, 0xD0, 0x00, 0x03, 0x00, 0xD0, 0x00, 0x03, 0x40, 0x7F, 0x90, 0x07, 0xC0,
    0x38, 0x2F, 0xFF, 0xC0, 0x0C, 0x00, 0x7F, 0x80, 0x00, 0x00, 0x00, 0xBF, 0x90, 0x00, 0x0B, 0x40,
    0xB8, 0x00, 0x38, 0x00, 0x2C, 0x00, 0xA0, 0x00, 0x1D, 0x00, 0xC2, 0x00, 0x2E, 0x01, 0x82, 0x00,
    0x3D, 0x01, 0x86, 0x00, 0x3C, 0x00, 0xB8, 0x00, 0xB4, 0x00, 0x00, 0x01, 0xE0, 0x00, 0x00, 0x1B,
    0x40, 0x00, 0x0B, 0xF8, 0x00, 0x00, 0x00, 0x2D, 0x00, 0x00, 0x00, 0x0F, 0x00, 0x00, 0x00, 0x0B,
    0x80, 0x00, 0x00, 0x0B, 0xC0, 0x00, 0x00, 0x0B, 0xC0, 0x38, 0x00, 0x0F, 0x80, 0xBC, 0x00, 0x1F,
    0x40, 0xF4, 0x00, 0x3E, 0x00, 0xD0, 0x00, 0xF8, 0x00, 0x74, 0x07, 0xD0, 0x00, 0x0B, 0xFD, 0x00,
    0x00, 0x00, 0x00, 0x00, 0x34, 0x00, 0x00, 0x02, 0xD0, 0x00, 0x00, 0x0F, 0x00, 0x00, 0x00, 0x3C,
    0x00, 0x00, 0x02, 0xE0, 0x00, 0x00, 0x0F, 0x00, 0x00, 0x00, 0x3C, 0x00, 0x00, 0x02, 0xD0, 0x00,
    0x00, 0x0F, 0x00, 0x00, 0x00, 0x78, 0x00, 0x00, 0x03, 0xC0, 0x00, 0x00, 0x1D, 0x00, 0x00, 0x00,
    0xF0, 0x00, 0x00, 0x07, 0x00, 0x00, 0x00, 0x38, 0x00, 0x00, 0x03, 0x81, 0xE0, 0x00, 0x2C, 0x0B,
    0x40, 0x01, 0xC0, 0x3C, 0x00, 0x1D, 0x00, 0xF0, 0x01, 0xD0, 0x07, 0x80, 0x2F, 0xFE, 0x2D, 0x01,
    0x80, 0x06, 0xFF, 0xD0, 0x00, 0x07, 0xC0, 0x00, 0x00, 0x1E, 0x00, 0x00, 0x00, 0xB4, 0x00, 0x00,
    0x03, 0xC0, 0x00, 0x00, 0x0F, 0x00, 0x00, 0x00, 0x78, 0x00, 0x00, 0x00, 0x40, 0x00, 0x00, 0x0F,
    0xFF, 0xFD, 0x00, 0x0F, 0xFF, 0xF4, 0x00, 0x1F, 0xFE, 0x40, 0x00, 0x28, 0x00, 0x00, 0x00, 0x30,
    0x00, 0x00, 0x00, 0x30, 0x00, 0x00, 0x00, 0x60, 0x00, 0x00, 0x00, 0x96, 0xFC, 0x00, 0x00, 0xE9,
    0x0B, 0x40, 0x00, 0xD0, 0x03, 0xC0, 0x00, 0x00, 0x03, 0xC0, 0x00, 0x00, 0x03, 0xD0, 0x00, 0x00,
    0x03, 0xD0, 0x00, 0x00, 0x07, 0xD0, 0x2D, 0x00, 0x0B, 0xC0, 0x3E, 0x00, 0x0F, 0x80, 0x7C, 0x00,
    0x1F, 0x00, 0x60, 0x00, 0x3D, 0x00, 0x30, 0x00, 0xF8, 0x00, 0x2D, 0x07, 0xD0, 0x00, 0x07, 0xFD,
    0x00, 0x00, 0x00, 0x00, 0x1B, 0xF8, 0x00, 0x00, 0xB8, 0x09, 0x00, 0x03, 0xC0, 0x1E, 0x00, 0x0F,
    0x00, 0x3E, 0x00, 0x3D, 0x00, 0x3C, 0x00, 0xB8, 0x00, 0x00, 0x01, 0xF0, 0x00, 0x00, 0x03, 0xF0,
    0x00, 0x00, 0x07, 0xD2, 0xFD, 0x00, 0x0F, 0xDD, 0x0B, 0x40, 0x0F, 0xE0, 0x03, 0xC0, 0x1F, 0xC0,
    0x02, 0xD0, 0x2F, 0x80, 0x02, 0xE0, 0x2F, 0x00, 0x03, 0xE0, 0x3F, 0x00, 0x03, 0xE0, 0x3E, 0x00,
    0x07, 0xD0, 0x3D, 0x00, 0x0F, 0xC0, 0x3C, 0x00, 0x0F, 0x40, 0x3C, 0x00, 0x2E, 0x00, 0x1D, 0x00,
    0x7C, 0x00, 0x0F, 0x02, 0xE0, 0x00, 0x02, 0xFE, 0x00, 0x00, 0x00, 0xC7, 0xF0, 0x02, 0x40, 0x7F,
    0xFD, 0x01, 0xC0, 0x3F, 0x82, 0x80, 0xD0, 0x0F, 0x00, 0x31, 0xF0, 0x0B, 0x00, 0x0B, 0xF0, 0x03,
    0x40, 0x00, 0x28, 0x02, 0x80, 0x00, 0x1C, 0x00, 0xC0, 0x00, 0x0E, 0x00, 0x00, 0x00, 0x0B, 0x00,
    0x00, 0x00, 0x03, 0x80, 0x00, 0x00, 0x03, 0xC0, 0x00, 0x00, 0x01, 0xF0, 0x00, 0x00, 0x00, 0xF4,
    0x00, 0x00, 0x00, 0x7C, 0x00, 0x00, 0x00, 0x3E, 0x00, 0x00, 0x00, 0x1F, 0x00, 0x00, 0x00, 0x0B,
    0xC0, 0x00, 0x00, 0x03, 0xE0, 0x00, 0x00, 0x01, 0xF4, 0x00, 0x00, 0x00, 0xFC, 0x00, 0x00, 0x00,
    0x3E, 0x00, 0x00, 0x00, 0x0F, 0x00, 0x00, 0x00, 0x00, 0x00, 0xBF, 0x80, 0x00, 0x07, 0x80, 0x74,
    0x00, 0x1C, 0x00, 0x2C, 0x00, 0x34, 0x00, 0x1C, 0x00, 0xB0, 0x00, 0x1C, 0x00, 0xF0, 0x00, 0x2C,
    0x00, 0xF0, 0x00, 0x34, 0x00, 0xFD, 0x00, 0xE0, 0x00, 0xBF, 0x47, 0x40, 0x00, 0x2F, 0xF8, 0x00,
    0x00, 0x0F, 0xFC, 0x00, 0x00, 0x75, 0xFF, 0x00, 0x03, 0x80, 0x3F, 0x80, 0x0E, 0x00, 0x0F, 0xC0,
    0x3C, 0x00, 0x03, 0xD0, 0x74, 0x00, 0x02, 0xC0, 0xB0, 0x00, 0x02, 0xC0, 0xF0, 0x00, 0x03, 0x80,
    0xB0, 0x00, 0x0B, 0x00, 0x74, 0x00, 0x2C, 0x00, 0x2E, 0x01, 0xF0, 0x00, 0x06, 0xFE, 0x40, 0x00,
    0x00, 0x00, 0x7F, 0x80, 0x00, 0x07, 0xD0, 0xF0, 0x00, 0x1E, 0x00, 0x38, 0x00, 0x7C, 0x00, 0x3C,
    0x00, 0xF4, 0x00, 0x3C, 0x02, 0xF0, 0x00, 0x3C, 0x03, 0xE0, 0x00, 0x3C, 0x07, 0xD0, 0x00, 0x7C,
    0x07, 0xC0, 0x00, 0xBC, 0x0B, 0xC0, 0x00, 0xFC, 0x07, 0xC0, 0x01, 0xF8, 0x03, 0xC0, 0x03, 0xF4,
    0x03, 0xC0, 0x0B, 0xF0, 0x00, 0xE0, 0x77, 0xE0, 0x00, 0x2F, 0x87, 0xC0, 0x00, 0x00, 0x0B, 0x80,
    0x00, 0x00, 0x0F, 0x00, 0x00, 0x00, 0x3D, 0x00, 0x3C, 0x00, 0xB4, 0x00, 0xBC, 0x02, 0xD0, 0x00,
    0x74, 0x1F, 0x40, 0x00, 0x1F, 0xF4, 0x00, 0x00, 0x00, 0xB8, 0x0B, 0xF0, 0x1F, 0x40, 0x00, 0x00,
    0x00, 0x00, 0x00, 0x00, 0x00, 0x00, 0x00, 0x00, 0x00, 0x00, 0x00, 0x07, 0xC0, 0x3F, 0x00, 0xF8,
    0x00, 0x00, 0x2E, 0x00, 0xBF, 0x00, 0x7C, 0x00, 0x00, 0x00, 0x00, 0x00, 0x00, 0x00, 0x00, 0x00,
    0x00, 0x00, 0x00, 0x00, 0x00, 0x00, 0x00, 0x07, 0xC0, 0x0F, 0xD0, 0x0F, 0xD0, 0x00, 0x80, 0x00,
    0x80, 0x02, 0x00, 0x05, 0x00, 0x18, 0x00, 0x60, 0x00, 0x00, 0x00, 0x00, 0x00, 0x00, 0x00, 0x00,
    0x40, 0x00, 0x00, 0x00, 0x00, 0xB4, 0x00, 0x00, 0x00, 0x00, 0xA4, 0x00, 0x00, 0x00, 0x01, 0xA0,
    0x00, 0x00, 0x00, 0x01, 0xE0, 0x00, 0x00, 0x00, 0x02, 0xD0, 0x00, 0x00, 0x00, 0x02, 0x90, 0x00,
    0x00, 0x00, 0x06, 0x80, 0x00, 0x00, 0x00, 0x07, 0x80, 0x00, 0x00, 0x00, 0x07, 0x40, 0x00, 0x00,
    0x00, 0x00, 0x28, 0x00, 0x00, 0x00, 0x00, 0x00, 0x28, 0x00, 0x00, 0x00, 0x00, 0x00, 0x74, 0x00,
    0x00, 0x00, 0x00, 0x00, 0x74, 0x00, 0x00, 0x00, 0x00, 0x00, 0xA0, 0x00, 0x00, 0x00, 0x00, 0x00,
    0xA0, 0x00, 0x00, 0x00, 0x00, 0x01, 0xD0, 0x00, 0x00, 0x00, 0x00, 0x01, 0xD0, 0x00, 0x00, 0x00,
    0x00, 0x02, 0x40, 0x00, 0x00, 0x00, 0x00, 0x00, 0x00, 0x00, 0x1F, 0xFF, 0xFF, 0xFF, 0xFF, 0xD0,
    0x00, 0x00, 0x00, 0x00, 0x00, 0x00, 0x00, 0x00, 0x00, 0x00, 0x00, 0x00, 0x00, 0x00, 0x00, 0x00,
    0x00, 0x00, 0x00, 0x00, 0x00, 0x00, 0x00, 0x00, 0x00, 0x00, 0x00, 0x00, 0x0F, 0xFF, 0xFF, 0xFF,
    0xFF, 0xF0, 0x00, 0x10, 0x00, 0x00, 0x00, 0x00, 0x0A, 0x00, 0x00, 0x00, 0x00, 0x00, 0x28, 0x00,
    0x00, 0x00, 0x00, 0x00, 0xD0, 0x00, 0x00, 0x00, 0x00, 0x07, 0x40, 0x00, 0x00, 0x00, 0x00, 0x28,
    0x00, 0x00, 0x00, 0x00, 0x00, 0xA0, 0x00, 0x00, 0x00, 0x00, 0x02, 0x80, 0x00, 0x00, 0x00, 0x00,
    0x1D, 0x00, 0x00, 0x00, 0x00, 0x00, 0xA0, 0x00, 0x00, 0x00, 0x01, 0xA0, 0x00, 0x00, 0x00, 0x07,
    0x40, 0x00, 0x00, 0x00, 0x2D, 0x00, 0x00, 0x00, 0x00, 0xA4, 0x00, 0x00, 0x00, 0x07, 0x80, 0x00,
    0x00, 0x00, 0x1D, 0x00, 0x00, 0x00, 0x00, 0xB4, 0x00, 0x00, 0x00, 0x06, 0x90, 0x00, 0x00, 0x00,
    0x0A, 0x00, 0x00, 0x00, 0x00, 0x00, 0x00, 0x00, 0x00, 0x00, 0x00, 0x00, 0x0B, 0xF4, 0x00, 0x2D,
    0x07, 0x40, 0x2C, 0x00, 0x70, 0x1C, 0x00, 0x0C, 0x0C, 0x00, 0x03, 0x0A, 0x00, 0x01, 0xC3, 0x00,
    0x00, 0xF1, 0xF0, 0x00, 0xB4, 0xBC, 0x00, 0xB8, 0x09, 0x00, 0xF8, 0x00, 0x01, 0xF4, 0x00, 0x02,
    0xF4, 0x00, 0x02, 0xF0, 0x00, 0x01, 0xE0, 0x00, 0x00, 0xA0, 0x00, 0x00, 0x34, 0x18, 0x00, 0x09,
    0x1C, 0x00, 0x00, 0xF8, 0x00, 0x00, 0x00, 0x00, 0x00, 0x00, 0x00, 0x00, 0x00, 0x00, 0x00, 0x03,
    0xD0, 0x00, 0x03, 0xF8, 0x00, 0x00, 0xB8, 0x00, 0x00, 0x00, 0x00, 0x02, 0xFF, 0x90, 0x00, 0x00,
    0x00, 0xB4, 0x01, 0xB0, 0x00, 0x00, 0x1D, 0x00, 0x00, 0x70, 0x00, 0x02, 0xC0, 0x00, 0x00, 0x70,
    0x00, 0x28, 0x06, 0xF8, 0x00, 0xD0, 0x02, 0x80, 0xB8, 0x1C, 0x01, 0x80, 0x1C, 0x0F, 0x40, 0x18,
    0x03, 0x00, 0xD0, 0xB4, 0x00, 0x3D, 0x0C, 0x06, 0x07, 0xC0, 0x00, 0xF4, 0x30, 0x30, 0x3D, 0x00,
    0x03, 0xC0, 0xC1, 0xC1, 0xF0, 0x00, 0x1F, 0x03, 0x09, 0x0B, 0x80, 0x00, 0xB8, 0x18, 0x34, 0x2D,
    0x00, 0x03, 0xD0, 0x90, 0xC0, 0xF4, 0x00, 0x0F, 0x03, 0x03, 0x02, 0xD0, 0x00, 0x7C, 0x0C, 0x0C,
    0x0B, 0x40, 0x03, 0xE0, 0x90, 0x30, 0x0F, 0x00, 0x3F, 0x43, 0x00, 0x90, 0x1D, 0x07, 0x6D, 0x34,
    0x00, 0xC0, 0x1F, 0xE0, 0x2F, 0x40, 0x02, 0x40, 0x00, 0x00, 0x00, 0x00, 0x03, 0x40, 0x00, 0x00,
    0x68, 0x00, 0x03, 0x90, 0x01, 0x6E, 0x40, 0x00, 0x01, 0xBF, 0xF9, 0x40, 0x00, 0x00, 0x00, 0x00,
    0x00, 0x00, 0xA0, 0x00, 0x00, 0x00, 0x00, 0x1F, 0x00, 0x00, 0x00, 0x00, 0x03, 0xF0, 0x00, 0x00,
    0x00, 0x00, 0x7F, 0x00, 0x00, 0x00, 0x00, 0x0F, 0xF0, 0x00, 0x00, 0x00, 0x02, 0xEF, 0x00, 0x00,
    0x00, 0x00, 0x32, 0xF0, 0x00, 0x00, 0x00, 0x0A, 0x2F, 0x00, 0x00, 0x00, 0x00, 0xC1, 0xF0, 0x00,
    0x00, 0x00, 0x24, 0x1F, 0x40, 0x00, 0x00, 0x07, 0x01, 0xF4, 0x00, 0x00, 0x00, 0xC0, 0x0F, 0x40,
    0x00, 0x00, 0x18, 0x00, 0xF8, 0x00, 0x00, 0x03, 0x00, 0x0F, 0x80, 0x00, 0x00, 0x90, 0x00, 0xF8,
    0x00, 0x00, 0x0F, 0xFF, 0xFF, 0x80, 0x00, 0x02, 0x40, 0x00, 0xFC, 0x00, 0x00, 0x20, 0x00, 0x0F,
    0xC0, 0x00, 0x0C, 0x00, 0x00, 0xFC, 0x00, 0x01, 0x80, 0x00, 0x0B, 0xC0, 0x00, 0x30, 0x00, 0x00,
    0xBC, 0x00, 0x0B, 0x00, 0x00, 0x0B, 0xC0, 0x02, 0xF0, 0x00, 0x00, 0xFD, 0x03, 0xFF, 0xD0, 0x01,
    0xFF, 0xFE, 0x00, 0x1F, 0xFF, 0xFF, 0xFD, 0x00, 0x00, 0x03, 0xF0, 0x00, 0x3F, 0x00, 0x00, 0x0F,
    0x80, 0x00, 0x3E, 0x00, 0x00, 0x3D, 0x00, 0x00, 0xFC, 0x00, 0x01, 0xF0, 0x00, 0x02, 0xF0, 0x00,
    0x0B, 0xC0, 0x00, 0x0F, 0xC0, 0x00, 0x3E, 0x00, 0x00, 0x7E, 0x00, 0x00, 0xF4, 0x00, 0x03, 0xF0,
    0x00, 0x07, 0xC0, 0x00, 0x3F, 0x00, 0x00, 0x2F, 0x00, 0x0B, 0xD0, 0x00, 0x00, 0xFF, 0xFF, 0xF8,
    0x00, 0x00, 0x03, 0xD0, 0x00, 0x7D, 0x00, 0x00, 0x1F, 0x00, 0x00, 0x3D, 0x00, 0x00, 0xBC, 0x00,
    0x00, 0xFC, 0x00, 0x03, 0xE0, 0x00, 0x02, 0xF0, 0x00, 0x0F, 0x40, 0x00, 0x0B, 0xD0, 0x00, 0x7C,
    0x00, 0x00, 0x3F, 0x00, 0x02, 0xF0, 0x00, 0x00, 0xFC, 0x00, 0x0F, 0x80, 0x00, 0x0B, 0xD0, 0x00,
    0x3D, 0x00, 0x00, 0x3F, 0x00, 0x01, 0xF4, 0x00, 0x03, 0xF0, 0x00, 0x0B, 0xC0, 0x00, 0xBE, 0x00,
    0x0B, 0xFF, 0xFF, 0xFF, 0x80, 0x00, 0x00, 0x00, 0x00, 0x01, 0xBF, 0xD0, 0x08, 0x00, 0x00, 0xBD,
    0x00, 0xA0, 0xE0, 0x00, 0x1F, 0x40, 0x00, 0xAF, 0x40, 0x02, 0xF0, 0x00, 0x00, 0xFC, 0x00, 0x2F,
    0x00, 0x00, 0x02, 0xE0, 0x02, 0xF0, 0x00, 0x00, 0x07, 0x40, 0x1F, 0x80, 0x00, 0x00, 0x0C, 0x00,
    0xFC, 0x00, 0x00, 0x00, 0x70, 0x0B, 0xD0, 0x00, 0x00, 0x01, 0x80, 0x3F, 0x00, 0x00, 0x00, 0x00,
    0x01, 0xF8, 0x00, 0x00, 0x00, 0x00, 0x0B, 0xD0, 0x00, 0x00, 0x00, 0x00, 0x3F, 0x00, 0x00, 0x00,
    0x00, 0x00, 0xFC, 0x00, 0x00, 0x00, 0x00, 0x03, 0xF0, 0x00, 0x00, 0x00, 0x00, 0x0F, 0xC0, 0x00,
    0x00, 0x03, 0x00, 0x3F, 0x00, 0x00, 0x00, 0x18, 0x00, 0xBC, 0x00, 0x00, 0x00, 0xC0, 0x00, 0xF4,
    0x00, 0x00, 0x09, 0x00, 0x02, 0xE0, 0x00, 0x00, 0xA0, 0x00, 0x03, 0xE0, 0x00, 0x0E, 0x00, 0x00,
    0x02, 0xF4, 0x06, 0xD0, 0x00, 0x00, 0x00, 0xBF, 0xE4, 0x00, 0x00, 0x00, 0x00, 0x1F, 0xFF, 0xFF,
    0xF9, 0x00, 0x00, 0x00, 0xFC, 0x00, 0x1F, 0xC0, 0x00, 0x00, 0xFC, 0x00, 0x02, 0xF0, 0x00, 0x00,
    0xF8, 0x00, 0x00, 0xF4, 0x00, 0x01, 0xF4, 0x00, 0x00, 0xBC, 0x00, 0x02, 0xF0, 0x00, 0x00, 0x7C,
    0x00, 0x03, 0xF0, 0x00, 0x00, 0x3D, 0x00, 0x03, 0xE0, 0x00, 0x00, 0x3E, 0x00, 0x07, 0xD0, 0x00,
    0x00, 0x7E, 0x00, 0x0B, 0xC0, 0x00, 0x00, 0x7D, 0x00, 0x0F, 0xC0, 0x00, 0x00, 0xBD, 0x00, 0x0F,
    0x80, 0x00, 0x00, 0xFC, 0x00, 0x1F, 0x40, 0x00, 0x00, 0xFC, 0x00, 0x2F, 0x00, 0x00, 0x01, 0xF8,
    0x00, 0x3F, 0x00, 0x00, 0x02, 0xF0, 0x00, 0x3E, 0x00, 0x00, 0x03, 0xE0, 0x00, 0x7D, 0x00, 0x00,
    0x0B, 0xC0, 0x00, 0xBC, 0x00, 0x00, 0x0F, 0x40, 0x00, 0xFC, 0x00, 0x00, 0x3E, 0x00, 0x00, 0xF8,
    0x00, 0x00, 0xB8, 0x00, 0x01, 0xF4, 0x00, 0x03, 0xE0, 0x00, 0x02, 0xF0, 0x00, 0x6F, 0x00, 0x00,
    0xFF, 0xFF, 0xFF, 0xE4, 0x00, 0x00, 0x00, 0x2F, 0xFF, 0xFF, 0xFF, 0xF4, 0x00, 0x03, 0xF0, 0x00,
    0x07, 0xD0, 0x00, 0x0F, 0xC0, 0x00, 0x07, 0x40, 0x00, 0x3E, 0x00, 0x00, 0x0C, 0x00, 0x01, 0xF4,
    0x00, 0x00, 0x30, 0x00, 0x0B, 0xC0, 0x00, 0x00, 0xC0, 0x00, 0x3F, 0x00, 0x00, 0x07, 0x00, 0x00,
    0xF8, 0x00, 0x00, 0x00, 0x00, 0x07, 0xD0, 0x02, 0x40, 0x00, 0x00, 0x2F, 0x00, 0x0C, 0x00, 0x00,
    0x00, 0xFC, 0x00, 0xF0, 0x00, 0x00, 0x03, 0xFF, 0xFF, 0x80, 0x00, 0x00, 0x1F, 0x40, 0x2D, 0x00,
    0x00, 0x00, 0xBC, 0x00, 0x30, 0x00, 0x00, 0x03, 0xF0, 0x01, 0xC0, 0x00, 0x00, 0x0F, 0x80, 0x05,
    0x00, 0x90, 0x00, 0x7D, 0x00, 0x00, 0x03, 0x00, 0x02, 0xF0, 0x00, 0x00, 0x18, 0x00, 0x0F, 0xC0,
    0x00, 0x00, 0xC0, 0x00, 0x3E, 0x00, 0x00, 0x0B, 0x00, 0x01, 0xF4, 0x00, 0x00, 0xB4, 0x00, 0x0F,
    0xC0, 0x00, 0x1F, 0xC0, 0x0F, 0xFF, 0xFF, 0xFF, 0xFE, 0x00, 0x00, 0x00, 0x2F, 0xFF, 0xFF, 0xFF,
    0xF0, 0x00, 0x03, 0xF0, 0x00, 0x0B, 0xC0, 0x00, 0x0F, 0xC0, 0x00, 0x0F, 0x00, 0x00, 0x3E, 0x00,
    0x00, 0x2C, 0x00, 0x01, 0xF4, 0x00, 0x00, 0xA0, 0x00, 0x0B, 0xC0, 0x00, 0x02, 0x40, 0x00, 0x3F,
    0x00, 0x00, 0x09, 0x00, 0x00, 0xF8, 0x00, 0xC0, 0x00, 0x00, 0x07, 0xD0, 0x03, 0x00, 0x00, 0x00,
    0x2F, 0x00, 0x2C, 0x00, 0x00, 0x00, 0xFC, 0x01, 0xE0, 0x00, 0x00, 0x03, 0xFF, 0xFF, 0x40, 0x00,
    0x00, 0x1F, 0x40, 0x2C, 0x00, 0x00, 0x00, 0xBC, 0x00, 0x70, 0x00, 0x00, 0x03, 0xF0, 0x02, 0x80,
    0x00, 0x00, 0x0F, 0x80, 0x09, 0x00, 0x00, 0x00, 0x7D, 0x00, 0x00, 0x00, 0x00, 0x02, 0xF0, 0x00,
    0x00, 0x00, 0x00, 0x0F, 0xC0, 0x00, 0x00, 0x00, 0x00, 0x3E, 0x00, 0x00, 0x00, 0x00, 0x01, 0xF4,
    0x00, 0x00, 0x00, 0x00, 0x0F, 0xD0, 0x00, 0x00, 0x00, 0x0F, 0xFF, 0xFE, 0x00, 0x00, 0x00, 0x00,
    0x00, 0x00, 0x01, 0xBF, 0xD0, 0x08, 0x00, 0x00, 0xBD, 0x00, 0xA0, 0xE0, 0x00, 0x1F, 0x40, 0x00,
    0xAF, 0x40, 0x02, 0xF0, 0x00, 0x00, 0xFC, 0x00, 0x2F, 0x00, 0x00, 0x02, 0xF0, 0x01, 0xF4, 0x00,
    0x00, 0x07, 0x80, 0x0F, 0x80, 0x00, 0x00, 0x0D, 0x00, 0xFC, 0x00, 0x00, 0x00, 0x30, 0x07, 0xE0,
    0x00, 0x00, 0x01, 0xC0, 0x3F, 0x00, 0x00, 0x00, 0x00, 0x01, 0xFC, 0x00, 0x00, 0x00, 0x00, 0x0B,
    0xE0, 0x00, 0x00, 0x00, 0x00, 0x3F, 0x40, 0x00, 0x00, 0x00, 0x00, 0xFC, 0x00, 0x00, 0x00, 0x00,
    0x03, 0xF0, 0x00, 0x03, 0xFF, 0xFC, 0x0F, 0xC0, 0x00, 0x00, 0x3F, 0x00, 0x3F, 0x00, 0x00, 0x00,
    0xF8, 0x00, 0xBC, 0x00, 0x00, 0x07, 0xD0, 0x01, 0xF0, 0x00, 0x00, 0x2F, 0x00, 0x03, 0xE0, 0x00,
    0x00, 0xFC, 0x00, 0x03, 0xE0, 0x00, 0x0E, 0xE0, 0x00, 0x03, 0xF4, 0x02, 0xD3, 0x40, 0x00, 0x01,
    0xBF, 0xE4, 0x00, 0x00, 0x00, 0x00, 0x1F, 0xFF, 0xF4, 0x2F, 0xFF, 0xF0, 0x00, 0x03, 0xF4, 0x00,
    0x03, 0xF0, 0x00, 0x00, 0x0F, 0xC0, 0x00, 0x0F, 0x80, 0x00, 0x00, 0x3E, 0x00, 0x00, 0x7D, 0x00,
    0x00, 0x01, 0xF4, 0x00, 0x02, 0xF0, 0x00, 0x00, 0x0B, 0xC0, 0x00, 0x0F, 0xC0, 0x00, 0x00, 0x3F,
    0x00, 0x00, 0x3E, 0x00, 0x00, 0x00, 0xF8, 0x00, 0x01, 0xF4, 0x00, 0x00, 0x07, 0xD0, 0x00, 0x0B,
    0xC0, 0x00, 0x00, 0x2F, 0x00, 0x00, 0x3F, 0x00, 0x00, 0x00, 0xFC, 0x00, 0x00, 0xF8, 0x00, 0x00,
    0x03, 0xFF, 0xFF, 0xFF, 0xD0, 0x00, 0x00, 0x1F, 0x40, 0x00, 0x2F, 0x00, 0x00, 0x00, 0xBC, 0x00,
    0x00, 0xFC, 0x00, 0x00, 0x03, 0xF0, 0x00, 0x03, 0xE0, 0x00, 0x00, 0x0F, 0x80, 0x00, 0x1F, 0x40,
    0x00, 0x00, 0x7D, 0x00, 0x00, 0xBC, 0x00, 0x00, 0x02, 0xF0, 0x00, 0x03, 0xF0, 0x00, 0x00, 0x0F,
    0xC0, 0x00, 0x0F, 0x80, 0x00, 0x00, 0x3E, 0x00, 0x00, 0x7D, 0x00, 0x00, 0x01, 0xF4, 0x00, 0x02,
    0xF0, 0x00, 0x00, 0x0F, 0xD0, 0x00, 0x0F, 0xC0, 0x00, 0x0F, 0xFF, 0xFC, 0x0F, 0xFF, 0xF8, 0x00,
    0x00, 0x00, 0x0B, 0xFF, 0xFD, 0x00, 0x00, 0x3F, 0x40, 0x00, 0x00, 0x3F, 0x00, 0x00, 0x00, 0x3E,
    0x00, 0x00, 0x00, 0x7D, 0x00, 0x00, 0x00, 0xBC, 0x00, 0x00, 0x00, 0xFC, 0x00, 0x00, 0x00, 0xF8,
    0x00, 0x00, 0x01, 0xF4, 0x00, 0x00, 0x02, 0xF0, 0x00, 0x00, 0x03, 0xF0, 0x00, 0x00, 0x03, 0xE0,
    0x00, 0x00, 0x07, 0xD0, 0x00, 0x00, 0x0B, 0xC0, 0x00, 0x00, 0x0F, 0xC0, 0x00, 0x00, 0x0F, 0x80,
    0x00, 0x00, 0x1F, 0x40, 0x00, 0x00, 0x2F, 0x00, 0x00, 0x00, 0x3F, 0x00, 0x00, 0x00, 0x3E, 0x00,
    0x00, 0x00, 0x7D, 0x00, 0x00, 0x00, 0xFD, 0x00, 0x00, 0x3F, 0xFF, 0xF0, 0x00, 0x00, 0x00, 0x7F,
    0xFF, 0xD0, 0x00, 0x00, 0x0F, 0xD0, 0x00, 0x00, 0x00, 0xFC, 0x00, 0x00, 0x00, 0x0F, 0x80, 0x00,
    0x00, 0x01, 0xF4, 0x00, 0x00, 0x00, 0x2F, 0x00, 0x00, 0x00, 0x03, 0xF0, 0x00, 0x00, 0x00, 0x3E,
    0x00, 0x00, 0x00, 0x07, 0xD0, 0x00, 0x00, 0x00, 0xBC, 0x00, 0x00, 0x00, 0x0F, 0xC0, 0x00, 0x00,
    0x00, 0xF8, 0x00, 0x00, 0x00, 0x1F, 0x40, 0x00, 0x00, 0x02, 0xF0, 0x00, 0x00, 0x00, 0x3F, 0x00,
    0x00, 0x00, 0x03, 0xE0, 0x00, 0x00, 0x00, 0x7D, 0x00, 0x03, 0xC0, 0x0B, 0xC0, 0x00, 0xBD, 0x00,
    0xFC, 0x00, 0x0F, 0x80, 0x1F, 0x40, 0x00, 0x90, 0x03, 0xE0, 0x00, 0x03, 0x41, 0xF4, 0x00, 0x00,
    0x0B, 0xF8, 0x00, 0x00, 0x00, 0x00, 0x1F, 0xFF, 0xF4, 0x01, 0xFF, 0xF0, 0x00, 0x03, 0xF4, 0x00,
    0x01, 0xFD, 0x00, 0x00, 0x0F, 0xC0, 0x00, 0x0B, 0x40, 0x00, 0x00, 0x3E, 0x00, 0x00, 0x70, 0x00,
    0x00, 0x01, 0xF4, 0x00, 0x0A, 0x00, 0x00, 0x00, 0x0B, 0xC0, 0x00, 0xA0, 0x00, 0x00, 0x00, 0x3F,
    0x00, 0x0D, 0x00, 0x00, 0x00, 0x00, 0xF8, 0x00, 0xD0, 0x00, 0x00, 0x00, 0x07, 0xD0, 0x1C, 0x00,
    0x00, 0x00, 0x00, 0x2F, 0x01, 0xE0, 0x00, 0x00, 0x00, 0x00, 0xFC, 0x2F, 0xC0, 0x00, 0x00, 0x00,
    0x03, 0xE2, 0x9F, 0x40, 0x00, 0x00, 0x00, 0x1F, 0x64, 0x3F, 0x00, 0x00, 0x00, 0x00, 0xBF, 0x40,
    0xBC, 0x00, 0x00, 0x00, 0x03, 0xF4, 0x01, 0xF8, 0x00, 0x00, 0x00, 0x0F, 0x80, 0x03, 0xF0, 0x00,
    0x00, 0x00, 0x7D, 0x00, 0x0B, 0xD0, 0x00, 0x00, 0x02, 0xF0, 0x00, 0x0F, 0x80, 0x00, 0x00, 0x0F,
    0xC0, 0x00, 0x3F, 0x00, 0x00, 0x00, 0x3E, 0x00, 0x00, 0x7D, 0x00, 0x00, 0x01, 0xF4, 0x00, 0x00,
    0xFC, 0x00, 0x00, 0x0F, 0xD0, 0x00, 0x07, 0xF4, 0x00, 0x0F, 0xFF, 0xFC, 0x00, 0xFF, 0xFD, 0x00,
    0x00, 0x00, 0x1F, 0xFF, 0xFC, 0x00, 0x00, 0x03, 0xF4, 0x00, 0x00, 0x00, 0x0F, 0xC0, 0x00, 0x00,
    0x00, 0x3E, 0x00, 0x00, 0x00, 0x01, 0xF4, 0x00, 0x00, 0x00, 0x0B, 0xC0, 0x00, 0x00, 0x00, 0x3F,
    0x00, 0x00, 0x00, 0x00, 0xF8, 0x00, 0x00, 0x00, 0x07, 0xD0, 0x00, 0x00, 0x00, 0x2F, 0x00, 0x00,
    0x00, 0x00, 0xFC, 0x00, 0x00, 0x00, 0x03, 0xE0, 0x00, 0x00, 0x00, 0x1F, 0x40, 0x00, 0x00, 0x00,
    0xBC, 0x00, 0x00, 0x00, 0x03, 0xF0, 0x00, 0x00, 0x40, 0x0F, 0x80, 0x00, 0x09, 0x00, 0x7D, 0x00,
    0x00, 0x30, 0x02, 0xF0, 0x00, 0x02, 0x80, 0x0F, 0xC0, 0x00, 0x0D, 0x00, 0x3E, 0x00, 0x00, 0xB0,
    0x01, 0xF4, 0x00, 0x0B, 0x80, 0x0F, 0xC0, 0x01, 0xFD, 0x0F, 0xFF, 0xFF, 0xFF, 0xF0, 0x00, 0x00,
    0x1F, 0xFE, 0x00, 0x00, 0x00, 0x3F, 0xFC, 0x00, 0x00, 0xFF, 0x00, 0x00, 0x00, 0xBF, 0x00, 0x00,
    0x00, 0xBF, 0x00, 0x00, 0x01, 0xBE, 0x00, 0x00, 0x00, 0xEF, 0x00, 0x00, 0x03, 0x3D, 0x00, 0x00,
    0x00, 0xCF, 0x00, 0x00, 0x05, 0x7C, 0x00, 0x00, 0x01, 0x8F, 0x00, 0x00, 0x0C, 0xBC, 0x00, 0x00,
    0x02, 0x4F, 0x40, 0x00, 0x24, 0xF8, 0x00, 0x00, 0x03, 0x0F, 0x40, 0x00, 0x20, 0xF4, 0x00, 0x00,
    0x03, 0x0F, 0x40, 0x00, 0xC1, 0xF0, 0x00, 0x00, 0x06, 0x0B, 0x80, 0x01, 0x42, 0xF0, 0x00, 0x00,
    0x09, 0x0B, 0x80, 0x03, 0x03, 0xE0, 0x00, 0x00, 0x0C, 0x0B, 0xC0, 0x09, 0x03, 0xD0, 0x00, 0x00,
    0x0C, 0x07, 0xC0, 0x08, 0x07, 0xC0, 0x00, 0x00, 0x18, 0x07, 0xC0, 0x20, 0x0B, 0xC0, 0x00, 0x00,
    0x24, 0x03, 0xC0, 0x60, 0x0F, 0x80, 0x00, 0x00, 0x30, 0x03, 0xC0, 0xC0, 0x0F, 0x40, 0x00, 0x00,
    0x30, 0x03, 0xD2, 0x40, 0x1F, 0x00, 0x00, 0x00, 0x60, 0x03, 0xD3, 0x00, 0x2F, 0x00, 0x00, 0x00,
    0x90, 0x03, 0xD8, 0x00, 0x3E, 0x00, 0x00, 0x00, 0xC0, 0x02, 0xF8, 0x00, 0x3D, 0x00, 0x00, 0x01,
    0xC0, 0x02, 0xF0, 0x00, 0x7C, 0x00, 0x00, 0x07, 0xD0, 0x02, 0xD0, 0x00, 0xFC, 0x00, 0x00, 0xBF,
    0xFD, 0x01, 0xC0, 0x3F, 0xFF, 0xE0, 0x00, 0x00, 0x1F, 0xFD, 0x00, 0x03, 0xFF, 0xF0, 0x00, 0x03,
    0xF8, 0x00, 0x01, 0xF8, 0x00, 0x00, 0x0F, 0xF0, 0x00, 0x03, 0xC0, 0x00, 0x00, 0x3B, 0xD0, 0x00,
    0x0D, 0x00, 0x00, 0x01, 0xCF, 0x80, 0x00, 0x30, 0x00, 0x00, 0x0A, 0x3F, 0x00, 0x01, 0xC0, 0x00,
    0x00, 0x34, 0x7D, 0x00, 0x0A, 0x00, 0x00, 0x00, 0xC0, 0xFC, 0x00, 0x34, 0x00, 0x00, 0x07, 0x02,
    0xF0, 0x00, 0xC0, 0x00, 0x00, 0x28, 0x07, 0xD0, 0x07, 0x00, 0x00, 0x00, 0xD0, 0x0F, 0xC0, 0x28,
    0x00, 0x00, 0x03, 0x00, 0x2F, 0x00, 0xD0, 0x00, 0x00, 0x1C, 0x00, 0x3E, 0x03, 0x00, 0x00, 0x00,
    0xA0, 0x00, 0xFC, 0x1C, 0x00, 0x00, 0x03, 0x40, 0x02, 0xF0, 0xA0, 0x00, 0x00, 0x0C, 0x00, 0x03,
    0xE3, 0x40, 0x00, 0x00, 0x70, 0x00, 0x0F, 0xCC, 0x00, 0x00, 0x02, 0x80, 0x00, 0x1F, 0xB0, 0x00,
    0x00, 0x0D, 0x00, 0x00, 0x3F, 0x80, 0x00, 0x00, 0x30, 0x00, 0x00, 0xBD, 0x00, 0x00, 0x02, 0xC0,
    0x00, 0x01, 0xF0, 0x00, 0x00, 0x1F, 0x40, 0x00, 0x03, 0xC0, 0x00, 0x0F, 0xFF, 0xD0, 0x00, 0x0A,
    0x00, 0x00, 0x00, 0x00, 0x00, 0x02, 0xFF, 0x90, 0x00, 0x00, 0x02, 0xE4, 0x0B, 0xC0, 0x00, 0x01,
    0xF0, 0x00, 0x1F, 0x00, 0x00, 0xBC, 0x00, 0x00, 0xBC, 0x00, 0x2F, 0x00, 0x00, 0x03, 0xD0, 0x0B,
    0xC0, 0x00, 0x00, 0x3E, 0x01, 0xF4, 0x00, 0x00, 0x03, 0xF0, 0x3F, 0x00, 0x00, 0x00, 0x3F, 0x0B,
    0xD0, 0x00, 0x00, 0x03, 0xF0, 0xFC, 0x00, 0x00, 0x00, 0x3F, 0x1F, 0xC0, 0x00, 0x00, 0x07, 0xF2,
    0xF4, 0x00, 0x00, 0x00, 0xBE, 0x3F, 0x00, 0x00, 0x00, 0x0F, 0xD3, 0xF0, 0x00, 0x00, 0x00, 0xFC,
    0x3F, 0x00, 0x00, 0x00, 0x2F, 0x43, 0xF0, 0x00, 0x00, 0x03, 0xF0, 0x3F, 0x00, 0x00, 0x00, 0xBD,
    0x03, 0xF0, 0x00, 0x00, 0x1F, 0x80, 0x1F, 0x40, 0x00, 0x03, 0xE0, 0x00, 0xF8, 0x00, 0x00, 0xF8,
    0x00, 0x03, 0xD0, 0x00, 0x7D, 0x00, 0x00, 0x0F, 0x80, 0x6E, 0x00, 0x00, 0x00, 0x1F, 0xFE, 0x00,
    0x00, 0x00, 0x00, 0x1F, 0xFF, 0xFF, 0xF9, 0x00, 0x00, 0x03, 0xF0, 0x00, 0x7E, 0x00, 0x00, 0x0F,
    0xC0, 0x00, 0x3D, 0x00, 0x00, 0x3E, 0x00, 0x00, 0xFC, 0x00, 0x01, 0xF4, 0x00, 0x03, 0xF0, 0x00,
    0x0B, 0xC0, 0x00, 0x0F, 0xC0, 0x00, 0x3E, 0x00, 0x00, 0x7F, 0x00, 0x00, 0xF4, 0x00, 0x02, 0xF4,
    0x00, 0x07, 0xC0, 0x00, 0x0F, 0x80, 0x00, 0x2F, 0x00, 0x00, 0xF8, 0x00, 0x00, 0xF8, 0x00, 0x2F,
    0x40, 0x00, 0x03, 0xFF, 0xFF, 0x90, 0x00, 0x00, 0x1F, 0x00, 0x00, 0x00, 0x00, 0x00, 0xBC, 0x00,
    0x00, 0x00, 0x00, 0x03, 0xF0, 0x00, 0x00, 0x00, 0x00, 0x0F, 0x80, 0x00, 0x00, 0x00, 0x00, 0x7D,
    0x00, 0x00, 0x00, 0x00, 0x02, 0xF0, 0x00, 0x00, 0x00, 0x00, 0x0F, 0xC0, 0x00, 0x00, 0x00, 0x00,
    0x3E, 0x00, 0x00, 0x00, 0x00, 0x01, 0xF4, 0x00, 0x00, 0x00, 0x00, 0x0B, 0xD0, 0x00, 0x00, 0x00,
    0x0F, 0xFF, 0xFC, 0x00, 0x00, 0x00, 0x00, 0x00, 0x00, 0x02, 0xFF, 0x90, 0x00, 0x00, 0x02, 0xE4,
    0x0B, 0xC0, 0x00, 0x01, 0xF0, 0x00, 0x1F, 0x00, 0x00, 0xBC, 0x00, 0x00, 0xB8, 0x00, 0x2F, 0x00,
    0x00, 0x03, 0xC0, 0x07, 0xC0, 0x00, 0x00, 0x3E, 0x00, 0xF8, 0x00, 0x00, 0x03, 0xF0, 0x3F, 0x00,
    0x00, 0x00, 0x3F, 0x07, 0xD0, 0x00, 0x00, 0x03, 0xF0, 0xFC, 0x00, 0x00, 0x00, 0x3F, 0x1F, 0xC0,
    0x00, 0x00, 0x03, 0xF2, 0xF4, 0x00, 0x00, 0x00, 0x7E, 0x3F, 0x00, 0x00, 0x00, 0x0B, 0xD3, 0xF0,
    0x00, 0x00, 0x00, 0xFC, 0x3F, 0x00, 0x00, 0x00, 0x1F, 0x43, 0xE0, 0x00, 0x00, 0x03, 0xF0, 0x3E,
    0x00, 0x00, 0x00, 0x7D, 0x03, 0xF0, 0x00, 0x00, 0x0F, 0x40, 0x2F, 0x00, 0xBD, 0x02, 0xE0, 0x00,
    0xF4, 0x34, 0x20, 0xB8, 0x00, 0x07, 0xC6, 0x01, 0x6D, 0x00, 0x00, 0x1F, 0xA0, 0x6D, 0x00, 0x00,
    0x00, 0x1F, 0xFF, 0x80, 0x00, 0x00, 0x00, 0x00, 0x28, 0x00, 0xC0, 0x00, 0x00, 0x03, 0xC0, 0x28,
    0x00, 0x00, 0x00, 0x3D, 0x0B, 0x00, 0x00, 0x00, 0x03, 0xFF, 0xE0, 0x00, 0x00, 0x00, 0x2F, 0xFC,
    0x00, 0x00, 0x00, 0x00, 0xBE, 0x00, 0x00, 0x00, 0x1F, 0xFF, 0xFF, 0xE4, 0x00, 0x00, 0x0F, 0xC0,
    0x06, 0xF0, 0x00, 0x00, 0xFC, 0x00, 0x0F, 0xC0, 0x00, 0x0F, 0x80, 0x00, 0x7D, 0x00, 0x01, 0xF4,
    0x00, 0x07, 0xE0, 0x00, 0x2F, 0x00, 0x00, 0x7E, 0x00, 0x03, 0xF0, 0x00, 0x0B, 0xD0, 0x00, 0x3D,
    0x00, 0x00, 0xFC, 0x00, 0x07, 0xC0, 0x00, 0x2F, 0x00, 0x00, 0xBC, 0x00, 0x0B, 0xC0, 0x00, 0x0F,
    0x80, 0x07, 0xD0, 0x00, 0x00, 0xFF, 0xFF, 0xD0, 0x00, 0x00, 0x1F, 0x40, 0x1F, 0x40, 0x00, 0x02,
    0xF0, 0x00, 0x3C, 0x00, 0x00, 0x3F, 0x00, 0x03, 0xE0, 0x00, 0x03, 0xE0, 0x00, 0x3E, 0x00, 0x00,
    0x7D, 0x00, 0x07, 0xD0, 0x00, 0x0B, 0xC0, 0x00, 0xBD, 0x00, 0x00, 0xFC, 0x00, 0x0F, 0xD0, 0x00,
    0x0F, 0x80, 0x00, 0xFC, 0x03, 0x01, 0xF4, 0x00, 0x0F, 0xC0, 0x90, 0x2F, 0x40, 0x00, 0x7D, 0x2C,
    0xFF, 0xFF, 0xC0, 0x01, 0xBE, 0x00, 0x00, 0x00, 0x1F, 0xF8, 0x08, 0x00, 0x03, 0xD0, 0x2C, 0xE0,
    0x00, 0x38, 0x00, 0x2F, 0x40, 0x03, 0xC0, 0x00, 0x3C, 0x00, 0x2C, 0x00, 0x00, 0xF0, 0x00, 0xF0,
    0x00, 0x03, 0x80, 0x07, 0xC0, 0x00, 0x0D, 0x00, 0x1F, 0x00, 0x00, 0x30, 0x00, 0x7E, 0x00, 0x00,
    0x00, 0x00, 0xFF, 0x40, 0x00, 0x00, 0x02, 0xFF, 0xF8, 0x00, 0x00, 0x02, 0xFF, 0xFD, 0x00, 0x00,
    0x00, 0x6F, 0xFC, 0x00, 0x00, 0x00, 0x02, 0xF8, 0x00, 0x00, 0x00, 0x03, 0xE0, 0x02, 0x40, 0x00,
    0x0B, 0x80, 0x0C, 0x00, 0x00, 0x2E, 0x00, 0x30, 0x00, 0x00, 0xB0, 0x02, 0xC0, 0x00, 0x03, 0x80,
    0x0F, 0x40, 0x00, 0x2C, 0x00, 0x3F, 0x00, 0x02, 0xD0, 0x01, 0xD7, 0x80, 0x7D, 0x00, 0x05, 0x02,
    0xFF, 0x40, 0x00, 0x00, 0x03, 0xFF, 0xFF, 0xFF, 0xFF, 0xE0, 0x7D, 0x00, 0x7E, 0x00, 0x7D, 0x0B,
    0x00, 0x07, 0xD0, 0x01, 0xD0, 0xD0, 0x00, 0xBC, 0x00, 0x0C, 0x1C, 0x00, 0x0F, 0xC0, 0x00, 0xC2,
    0x40, 0x00, 0xF8, 0x00, 0x18, 0x30, 0x00, 0x1F, 0x40, 0x01, 0x41, 0x00, 0x02, 0xF0, 0x00, 0x00,
    0x00, 0x00, 0x3F, 0x00, 0x00, 0x00, 0x00, 0x03, 0xE0, 0x00, 0x00, 0x00, 0x00, 0x7D, 0x00, 0x00,
    0x00, 0x00, 0x0B, 0xC0, 0x00, 0x00, 0x00, 0x00, 0xFC, 0x00, 0x00, 0x00, 0x00, 0x0F, 0x80, 0x00,
    0x00, 0x00, 0x01, 0xF4, 0x00, 0x00, 0x00, 0x00, 0x2F, 0x00, 0x00, 0x00, 0x00, 0x03, 0xF0, 0x00,
    0x00, 0x00, 0x00, 0x3E, 0x00, 0x00, 0x00, 0x00, 0x07, 0xD0, 0x00, 0x00, 0x00, 0x00, 0xBC, 0x00,
    0x00, 0x00, 0x00, 0x0F, 0xC0, 0x00, 0x00, 0x00, 0x02, 0xFC, 0x00, 0x00, 0x00, 0x2F, 0xFF, 0xFF,
    0x80, 0x00, 0x00, 0x1F, 0xFF, 0xF4, 0x03, 0xFF, 0xF0, 0x03, 0xF4, 0x00, 0x01, 0xF8, 0x00, 0x0F,
    0xC0, 0x00, 0x02, 0xC0, 0x00, 0x3E, 0x00, 0x00, 0x09, 0x00, 0x01, 0xF4, 0x00, 0x00, 0x30, 0x00,
    0x0B, 0xC0, 0x00, 0x00, 0xC0, 0x00, 0x3F, 0x00, 0x00, 0x06, 0x00, 0x00, 0xF8, 0x00, 0x00, 0x24,
    0x00, 0x07, 0xD0, 0x00, 0x00, 0xC0, 0x00, 0x2F, 0x00, 0x00, 0x03, 0x00, 0x00, 0xFC, 0x00, 0x00,
    0x18, 0x00, 0x03, 0xE0, 0x00, 0x00, 0x90, 0x00, 0x1F, 0x40, 0x00, 0x03, 0x00, 0x00, 0xBC, 0x00,
    0x00, 0x0C, 0x00, 0x03, 0xF0, 0x00, 0x00, 0x60, 0x00, 0x0F, 0x80, 0x00, 0x02, 0x40, 0x00, 0x7D,
    0x00, 0x00, 0x0C, 0x00, 0x01, 0xF0, 0x00, 0x00, 0xA0, 0x00, 0x03, 0xC0, 0x00, 0x03, 0x00, 0x00,
    0x0F, 0x40, 0x00, 0x34, 0x00, 0x00, 0x1E, 0x00, 0x07, 0x40, 0x00, 0x00, 0x1E, 0x01, 0xB0, 0x00,
    0x00, 0x00, 0x0B, 0xF9, 0x00, 0x00, 0x00, 0x00, 0x3F, 0xFF, 0xC0, 0x00, 0xFF, 0xF8, 0x0F, 0xE0,
    0x00, 0x00, 0x7D, 0x00, 0x2F, 0x40, 0x00, 0x00, 0xC0, 0x00, 0x7D, 0x00, 0x00, 0x09, 0x00, 0x01,
    0xF4, 0x00, 0x00, 0x30, 0x00, 0x03, 0xE0, 0x00, 0x03, 0x00, 0x00, 0x0F, 0x80, 0x00, 0x18, 0x00,
    0x00, 0x3E, 0x00, 0x00, 0xC0, 0x00, 0x00, 0xFC, 0x00, 0x09, 0x00, 0x00, 0x03, 0xF0, 0x00, 0x20,
    0x00, 0x00, 0x0F, 0xC0, 0x02, 0x00, 0x00, 0x00, 0x2F, 0x00, 0x18, 0x00, 0x00, 0x00, 0xBC, 0x00,
    0x80, 0x00, 0x00, 0x01, 0xF4, 0x05, 0x00, 0x00, 0x00, 0x07, 0xD0, 0x20, 0x00, 0x00, 0x00, 0x1F,
    0x42, 0x00, 0x00, 0x00, 0x00, 0x3E, 0x08, 0x00, 0x00, 0x00, 0x00, 0xF8, 0x80, 0x00, 0x00, 0x00,
    0x03, 0xF5, 0x00, 0x00, 0x00, 0x00, 0x0F, 0xE0, 0x00, 0x00, 0x00, 0x00, 0x3F, 0x00, 0x00, 0x00,
    0x00, 0x00, 0xB8, 0x00, 0x00, 0x00, 0x00, 0x02, 0xC0, 0x00, 0x00, 0x00, 0x00, 0x3F, 0xFF, 0xC0,
    0xBF, 0xFF, 0x00, 0x7F, 0xFC, 0x03, 0xF4, 0x00, 0x0B, 0xE0, 0x00, 0x0B, 0xD0, 0x03, 0xF0, 0x00,
    0x0B, 0xC0, 0x00, 0x07, 0x00, 0x03, 0xF0, 0x00, 0x07, 0xC0, 0x00, 0x0C, 0x00, 0x02, 0xF0, 0x00,
    0x0B, 0xD0, 0x00, 0x18, 0x00, 0x02, 0xF0, 0x00, 0x0F, 0xD0, 0x00, 0x30, 0x00, 0x02, 0xF0, 0x00,
    0x3B, 0xD0, 0x00, 0xA0, 0x00, 0x02, 0xF0, 0x00, 0x77, 0xD0, 0x00, 0xC0, 0x00, 0x02, 0xF0, 0x00,
    0xC7, 0xD0, 0x02, 0x40, 0x00, 0x01, 0xF0, 0x01, 0x83, 0xD0, 0x03, 0x00, 0x00, 0x01, 0xF4, 0x03,
    0x03, 0xE0, 0x09, 0x00, 0x00, 0x01, 0xF4, 0x0A, 0x03, 0xE0, 0x1C, 0x00, 0x00, 0x01, 0xF4, 0x0C,
    0x03, 0xE0, 0x34, 0x00, 0x00, 0x01, 0xF4, 0x24, 0x03, 0xE0, 0x60, 0x00, 0x00, 0x01, 0xF4, 0x30,
    0x03, 0xE0, 0xC0, 0x00, 0x00, 0x00, 0xF8, 0x90, 0x03, 0xF1, 0x80, 0x00, 0x00, 0x00, 0xF9, 0xC0,
    0x03, 0xF3, 0x00, 0x00, 0x00, 0x00, 0xFB, 0x00, 0x03, 0xF9, 0x00, 0x00, 0x00, 0x00, 0xFE, 0x00,
    0x03, 0xFC, 0x00, 0x00, 0x00, 0x00, 0xFC, 0x00, 0x03, 0xF4, 0x00, 0x00, 0x00, 0x00, 0xF8, 0x00,
    0x02, 0xF0, 0x00, 0x00, 0x00, 0x00, 0xF0, 0x00, 0x02, 0xD0, 0x00, 0x00, 0x00, 0x00, 0xD0, 0x00,
    0x02, 0x80, 0x00, 0x00, 0x00, 0x00, 0x07, 0xFF, 0xF8, 0x03, 0xFF, 0xF0, 0x00, 0x00, 0xFE, 0x00,
    0x02, 0xF8, 0x00, 0x00, 0x01, 0xF8, 0x00, 0x0B, 0x00, 0x00, 0x00, 0x03, 0xF0, 0x00, 0x70, 0x00,
    0x00, 0x00, 0x0B, 0xD0, 0x03, 0x00, 0x00, 0x00, 0x00, 0x1F, 0x80, 0x30, 0x00, 0x00, 0x00, 0x00,
    0x3F, 0x03, 0x40, 0x00, 0x00, 0x00, 0x00, 0xBD, 0x24, 0x00, 0x00, 0x00, 0x00, 0x01, 0xFA, 0x80,
    0x00, 0x00, 0x00, 0x00, 0x03, 0xF8, 0x00, 0x00, 0x00, 0x00, 0x00, 0x0B, 0xD0, 0x00, 0x00, 0x00,
    0x00, 0x00, 0x1F, 0xC0, 0x00, 0x00, 0x00, 0x00, 0x00, 0xFF, 0x00, 0x00, 0x00, 0x00, 0x00, 0x0D,
    0x7D, 0x00, 0x00, 0x00, 0x00, 0x00, 0x90, 0xFC, 0x00, 0x00, 0x00, 0x00, 0x0A, 0x02, 0xF0, 0x00,
    0x00, 0x00, 0x00, 0x60, 0x07, 0xE0, 0x00, 0x00, 0x00, 0x07, 0x00, 0x0F, 0xC0, 0x00, 0x00, 0x00,
    0x30, 0x00, 0x2F, 0x40, 0x00, 0x00, 0x03, 0x00, 0x00, 0x7E, 0x00, 0x00, 0x00, 0x38, 0x00, 0x00,
    0xFC, 0x00, 0x00, 0x0B, 0xE0, 0x00, 0x07, 0xF8, 0x00, 0x03, 0xFF, 0xF0, 0x00, 0xFF, 0xFF, 0x00,
    0x00, 0x3F, 0xFF, 0xC0, 0x00, 0xBF, 0xF8, 0x0F, 0xE0, 0x00, 0x00, 0x7D, 0x00, 0x1F, 0x80, 0x00,
    0x01, 0xC0, 0x00, 0x3F, 0x00, 0x00, 0x0C, 0x00, 0x00, 0xFC, 0x00, 0x00, 0xD0, 0x00, 0x01, 0xF4,
    0x00, 0x09, 0x00, 0x00, 0x03, 0xF0, 0x00, 0x60, 0x00, 0x00, 0x0F, 0xC0, 0x07, 0x00, 0x00, 0x00,
    0x2F, 0x40, 0x30, 0x00, 0x00, 0x00, 0x3F, 0x03, 0x00, 0x00, 0x00, 0x00, 0xFC, 0x24, 0x00, 0x00,
    0x00, 0x02, 0xF5, 0x80, 0x00, 0x00, 0x00, 0x07, 0xF8, 0x00, 0x00, 0x00, 0x00, 0x0F, 0xC0, 0x00,
    0x00, 0x00, 0x00, 0x3E, 0x00, 0x00, 0x00, 0x00, 0x00, 0xF4, 0x00, 0x00, 0x00, 0x00, 0x07, 0xC0,
    0x00, 0x00, 0x00, 0x00, 0x2F, 0x00, 0x00, 0x00, 0x00, 0x00, 0xF8, 0x00, 0x00, 0x00, 0x00, 0x03,
    0xD0, 0x00, 0x00, 0x00, 0x00, 0x1F, 0x00, 0x00, 0x00, 0x00, 0x00, 0xFC, 0x00, 0x00, 0x00, 0x00,
    0xFF, 0xFF, 0x80, 0x00, 0x00, 0x00, 0x00, 0x03, 0xFF, 0xFF, 0xFF, 0xC0, 0x00, 0x7F, 0x40, 0x01,
    0xF8, 0x00, 0x0F, 0x80, 0x00, 0x3E, 0x00, 0x00, 0xE0, 0x00, 0x0F, 0xC0, 0x00, 0x1C, 0x00, 0x03,
    0xF0, 0x00, 0x02, 0x40, 0x00, 0xBD, 0x00, 0x00, 0x30, 0x00, 0x1F, 0x40, 0x00, 0x01, 0x00, 0x07,
    0xE0, 0x00, 0x00, 0x00, 0x00, 0xFC, 0x00, 0x00, 0x00, 0x00, 0x3F, 0x00, 0x00, 0x00, 0x00, 0x0B,
    0xC0, 0x00, 0x00, 0x00, 0x02, 0xF4, 0x00, 0x00, 0x00, 0x00, 0x7E, 0x00, 0x00, 0x00, 0x00, 0x0F,
    0x80, 0x00, 0x00, 0x00, 0x03, 0xF0, 0x00, 0x30, 0x00, 0x00, 0xFC, 0x00, 0x06, 0x00, 0x00, 0x2F,
    0x40, 0x00, 0x90, 0x00, 0x07, 0xD0, 0x00, 0x0C, 0x00, 0x01, 0xF8, 0x00, 0x02, 0x80, 0x00, 0x3F,
    0x00, 0x00, 0x34, 0x00, 0x0F, 0xC0, 0x00, 0x0F, 0x00, 0x02, 0xF4, 0x00, 0x1B, 0xF0, 0x00, 0x3F,
    0xFF, 0xFF, 0xFD, 0x00, 0x00, 0x00, 0x00, 0xFF, 0x40, 0x00, 0x3C, 0x00, 0x00, 0x1E, 0x00, 0x00,
    0x0B, 0x40, 0x00, 0x03, 0xC0, 0x00, 0x00, 0xF0, 0x00, 0x00, 0x78, 0x00, 0x00, 0x2D, 0x00, 0x00,
    0x0F, 0x00, 0x00, 0x03, 0xC0, 0x00, 0x01, 0xE0, 0x00, 0x00, 0xB4, 0x00, 0x00, 0x3C, 0x00, 0x00,
    0x0F, 0x00, 0x00, 0x07, 0x80, 0x00, 0x02, 0xD0, 0x00, 0x00, 0xF0, 0x00, 0x00, 0x3C, 0x00, 0x00,
    0x1E, 0x00, 0x00, 0x0B, 0x40, 0x00, 0x03, 0xC0, 0x00, 0x00, 0xF0, 0x00, 0x00, 0x78, 0x00, 0x00,
    0x2D, 0x00, 0x00, 0x0F, 0x00, 0x00, 0x03, 0xC0, 0x00, 0x01, 0xE0, 0x00, 0x00, 0xB4, 0x00, 0x00,
    0x3C, 0x00, 0x00, 0x0F, 0x00, 0x00, 0x07, 0x80, 0x00, 0x02, 0xD0, 0x00, 0x00, 0xFF, 0x40, 0x00,
    0x00, 0x00, 0x14, 0x02, 0x00, 0x80, 0x20, 0x0C, 0x03, 0x00, 0x80, 0x20, 0x08, 0x01, 0x40, 0x50,
    0x14, 0x02, 0x00, 0x80, 0x20, 0x0C, 0x03, 0x00, 0x80, 0x20, 0x08, 0x01, 0x40, 0x50, 0x14, 0x02,
    0x00, 0x80, 0x30, 0x0C, 0x03, 0x00, 0x80, 0x20, 0x08, 0x01, 0x40, 0x00, 0x00, 0x00, 0x3F, 0xC0,
    0x00, 0x00, 0x3C, 0x00, 0x00, 0x07, 0xC0, 0x00, 0x00, 0xB8, 0x00, 0x00, 0x0F, 0x40, 0x00, 0x00,
    0xF0, 0x00, 0x00, 0x1F, 0x00, 0x00, 0x02, 0xE0, 0x00, 0x00, 0x3D, 0x00, 0x00, 0x03, 0xC0, 0x00,
    0x00, 0x7C, 0x00, 0x00, 0x0B, 0x80, 0x00, 0x00, 0xF4, 0x00, 0x00, 0x0F, 0x00, 0x00, 0x01, 0xF0,
    0x00, 0x00, 0x2E, 0x00, 0x00, 0x03, 0xD0, 0x00, 0x00, 0x3C, 0x00, 0x00, 0x07, 0xC0, 0x00, 0x00,
    0xB8, 0x00, 0x00, 0x0F, 0x40, 0x00, 0x00, 0xF0, 0x00, 0x00, 0x1E, 0x00, 0x00, 0x02, 0xD0, 0x00,
    0x00, 0x3C, 0x00, 0x00, 0x03, 0xC0, 0x00, 0x00, 0x78, 0x00, 0x00, 0x0B, 0x40, 0x00, 0x00, 0xF0,
    0x00, 0x00, 0x0F, 0x00, 0x00, 0x01, 0xE0, 0x00, 0x00, 0x2D, 0x00, 0x00, 0x3F, 0xC0, 0x00, 0x00,
    0x00, 0x0B, 0x00, 0x00, 0x7F, 0xC0, 0x03, 0xE1, 0xF0, 0x2E, 0x00, 0x3C, 0xA0, 0x00, 0x0A, 0x3F,
    0xFF, 0xFF, 0xFF, 0xFC, 0xB0, 0x3F, 0x03, 0xE0, 0x2D, 0x01, 0x80, 0x00, 0x0B, 0xE0, 0x00, 0x01,
    0xE0, 0xAF, 0x00, 0x1E, 0x00, 0xFC, 0x01, 0xF0, 0x02, 0xE0, 0x0F, 0x40, 0x0B, 0x40, 0x7C, 0x00,
    0x3C, 0x03, 0xE0, 0x00, 0xF0, 0x0F, 0x40, 0x07, 0x80, 0x7C, 0x00, 0x2D, 0x01, 0xF0, 0x00, 0xF0,
    0x07, 0xC0, 0x03, 0xC1, 0x8F, 0x00, 0x2E, 0x0D, 0x3C, 0x01, 0xF8, 0x30, 0x78, 0x28, 0xE3, 0x80,
    0x7F, 0x41, 0xF8, 0x00, 0x0F, 0xFC, 0x00, 0x00, 0x2F, 0x00, 0x00, 0x0B, 0x80, 0x00, 0x03, 0xD0,
    0x00, 0x00, 0xF0, 0x00, 0x00, 0x7C, 0x00, 0x00, 0x2E, 0x00, 0x00, 0x0F, 0x40, 0x00, 0x03, 0xC7,
    0xE0, 0x01, 0xFA, 0x0F, 0x00, 0xBD, 0x01, 0xE0, 0x3E, 0x00, 0x3C, 0x0F, 0x00, 0x0F, 0x07, 0xC0,
    0x07, 0xC2, 0xE0, 0x01, 0xF0, 0xF4, 0x00, 0xBC, 0x3C, 0x00, 0x3E, 0x0F, 0x00, 0x1F, 0x03, 0x80,
    0x0B, 0x80, 0xE0, 0x03, 0xC0, 0x2C, 0x03, 0xD0, 0x03, 0x83, 0xD0, 0x00, 0x7F, 0x80, 0x00, 0x00,
    0x07, 0xFD, 0x00, 0x1F, 0x41, 0xC0, 0x1F, 0x00, 0xB4, 0x0F, 0x00, 0x3C, 0x0F, 0x80, 0x00, 0x07,
    0xC0, 0x00, 0x03, 0xF0, 0x00, 0x00, 0xF4, 0x00, 0x00, 0x7D, 0x00, 0x00, 0x1F, 0x00, 0x00, 0x07,
    0xC0, 0x00, 0x00, 0xF0, 0x00, 0x0C, 0x2D, 0x00, 0x1D, 0x03, 0xD0, 0x7C, 0x00, 0x2F, 0xE4, 0x00,
    0x00, 0x00, 0x07, 0xFD, 0x00, 0x00, 0x00, 0x7C, 0x00, 0x00, 0x00, 0x3C, 0x00, 0x00, 0x00, 0x78,
    0x00, 0x00, 0x00, 0xB4, 0x00, 0x00, 0x00, 0xF0, 0x00, 0x00, 0x00, 0xF0, 0x00, 0x00, 0x01, 0xE0,
    0x00, 0x0B, 0xE2, 0xD0, 0x00, 0x78, 0x27, 0xC0, 0x01, 0xE0, 0x0F, 0xC0, 0x07, 0xC0, 0x0B, 0x80,
    0x0F, 0x40, 0x0B, 0x40, 0x1F, 0x00, 0x0F, 0x00, 0x3E, 0x00, 0x0F, 0x00, 0x3D, 0x00, 0x1E, 0x00,
    0x7C, 0x00, 0x2D, 0x00, 0x7C, 0x00, 0x3C, 0x00, 0x7C, 0x00, 0x3C, 0x18, 0x3C, 0x00, 0xB8, 0x34,
    0x3C, 0x01, 0xF8, 0x30, 0x1E, 0x0A, 0x38, 0xE0, 0x07, 0xF4, 0x1F, 0x80, 0x00, 0x07, 0xF8, 0x00,
    0x1F, 0x42, 0xC0, 0x2E, 0x00, 0x30, 0x1F, 0x00, 0x0C, 0x0F, 0x40, 0x0B, 0x0B, 0xC0, 0x2F, 0x03,
    0xFF, 0xF9, 0x00, 0xF4, 0x00, 0x00, 0x3D, 0x00, 0x00, 0x0F, 0x00, 0x00, 0x03, 0xC0, 0x00, 0x00,
    0xF0, 0x00, 0x0C, 0x1D, 0x00, 0x1D, 0x03, 0xD0, 0x7C, 0x00, 0x2F, 0xE4, 0x00, 0x00, 0x00, 0x00,
    0x00, 0x00, 0x00, 0x02, 0xF8, 0x00, 0x00, 0x0B, 0x5F, 0x00, 0x00, 0x0E, 0x3F, 0x00, 0x00, 0x2D,
    0x2D, 0x00, 0x00, 0x3C, 0x00, 0x00, 0x00, 0x3C, 0x00, 0x00, 0x00, 0x7C, 0x00, 0x00, 0x00, 0x78,
    0x00, 0x00, 0x00, 0xB4, 0x00, 0x00, 0x2F, 0xFF, 0xE0, 0x00, 0x00, 0xF0, 0x00, 0x00, 0x01, 0xF0,
    0x00, 0x00, 0x01, 0xE0, 0x00, 0x00, 0x02, 0xD0, 0x00, 0x00, 0x03, 0xD0, 0x00, 0x00, 0x03, 0xC0,
    0x00, 0x00, 0x07, 0xC0, 0x00, 0x00, 0x07, 0x80, 0x00, 0x00, 0x0B, 0x40, 0x00, 0x00, 0x0F, 0x40,
    0x00, 0x00, 0x0F, 0x00, 0x00, 0x00, 0x0F, 0x00, 0x00, 0x00, 0x1E, 0x00, 0x00, 0x00, 0x2D, 0x00,
    0x00, 0x00, 0x3C, 0x00, 0x00, 0x38, 0x3C, 0x00, 0x00, 0xBC, 0x74, 0x00, 0x00, 0xF4, 0xB0, 0x00,
    0x00, 0x71, 0xD0, 0x00, 0x00, 0x2F, 0x40, 0x00, 0x00, 0x00, 0x00, 0xBE, 0x00, 0x00, 0x07, 0x82,
    0x7C, 0x00, 0x2E, 0x00, 0xFC, 0x00, 0x7C, 0x00, 0xB8, 0x00, 0xF4, 0x00, 0xB4, 0x01, 0xF0, 0x00,
    0xF0, 0x03, 0xF0, 0x00, 0xF0, 0x03, 0xD0, 0x01, 0xE0, 0x07, 0xD0, 0x02, 0xD0, 0x07, 0xC0, 0x03,
    0xC0, 0x07, 0xC0, 0x03, 0xC0, 0x03, 0xC0, 0x0B, 0x80, 0x03, 0xC0, 0x1F, 0x40, 0x01, 0xE0, 0xBF,
    0x00, 0x00, 0x7F, 0x4F, 0x00, 0x00, 0x00, 0x1E, 0x00, 0x00, 0x00, 0x2D, 0x00, 0x00, 0x00, 0x3C,
    0x00, 0x00, 0x00, 0x7C, 0x00, 0x2D, 0x00, 0xF0, 0x00, 0x3C, 0x07, 0xC0, 0x00, 0x1F, 0xFD, 0x00,
    0x00, 0x03, 0xFF, 0x00, 0x00, 0x00, 0x2F, 0x00, 0x00, 0x00, 0x2E, 0x00, 0x00, 0x00, 0x3D, 0x00,
    0x00, 0x00, 0x3C, 0x00, 0x00, 0x00, 0x7C, 0x00, 0x00, 0x00, 0xB8, 0x00, 0x00, 0x00, 0xF4, 0x00,
    0x00, 0x00, 0xF0, 0xBE, 0x00, 0x01, 0xF7, 0x43, 0xC0, 0x02, 0xFC, 0x02, 0xD0, 0x03, 0xF0, 0x02,
    0xD0, 0x03, 0xD0, 0x03, 0xD0, 0x07, 0xC0, 0x03, 0xC0, 0x0B, 0x80, 0x07, 0xC0, 0x0F, 0x40, 0x0B,
    0x80, 0x0F, 0x00, 0x0F, 0x00, 0x1F, 0x00, 0x1F, 0x00, 0x2E, 0x00, 0x2D, 0x06, 0x3D, 0x00, 0x3C,
    0x0D, 0x3C, 0x00, 0x3C, 0x1C, 0x7C, 0x00, 0x2C, 0x70, 0x74, 0x00, 0x0F, 0xC0, 0x00, 0x07, 0x40,
    0x03, 0xE0, 0x00, 0xB0, 0x00, 0x00, 0x00, 0x00, 0x00, 0x00, 0x00, 0x00, 0x00, 0x0B, 0xD0, 0x0E,
    0x2C, 0x06, 0x07, 0x43, 0x02, 0xD0, 0xC0, 0xF0, 0x00, 0x7C, 0x00, 0x2D, 0x00, 0x0F, 0x00, 0x07,
    0x80, 0x03, 0xD0, 0x00, 0xF0, 0x30, 0xB8, 0x28, 0x2C, 0x0C, 0x07, 0x0D, 0x00, 0xBD, 0x00, 0x00,
    0x00, 0x01, 0xE0, 0x00, 0x00, 0x3E, 0x00, 0x00, 0x02, 0xC0, 0x00, 0x00, 0x00, 0x00, 0x00, 0x00,
    0x00, 0x00, 0x00, 0x00, 0x00, 0x00, 0x00, 0x00, 0x00, 0x0B, 0xD0, 0x00, 0x07, 0x4B, 0x00, 0x00,
    0xC0, 0x74, 0x00, 0x24, 0x0B, 0x80, 0x03, 0x00, 0xB4, 0x00, 0x00, 0x0F, 0x00, 0x00, 0x00, 0xF0,
    0x00, 0x00, 0x1E, 0x00, 0x00, 0x02, 0xD0, 0x00, 0x00, 0x3C, 0x00, 0x00, 0x03, 0xC0, 0x00, 0x00,
    0x78, 0x00, 0x00, 0x0B, 0x40, 0x00, 0x00, 0xF0, 0x00, 0x00, 0x0F, 0x00, 0x00, 0x01, 0xE0, 0x00,
    0x00, 0x2D, 0x00, 0x00, 0x03, 0xC0, 0x00, 0x00, 0x78, 0x00, 0x2D, 0x0F, 0x00, 0x03, 0xC3, 0xC0,
    0x00, 0x1F, 0xE0, 0x00, 0x00, 0x03, 0xFF, 0x00, 0x00, 0x00, 0xBC, 0x00, 0x00, 0x02, 0xE0, 0x00,
    0x00, 0x0F, 0x40, 0x00, 0x00, 0x3C, 0x00, 0x00, 0x01, 0xF0, 0x00, 0x00, 0x0B, 0x80, 0x00, 0x00,
    0x3D, 0x00, 0x00, 0x00, 0xF0, 0x07, 0xF0, 0x07, 0xC0, 0x62, 0xE0, 0x2E, 0x06, 0x0F, 0x00, 0xF4,
    0x60, 0x00, 0x03, 0xC2, 0x00, 0x00, 0x1F, 0x50, 0x00, 0x00, 0xBF, 0x40, 0x00, 0x03, 0xEB, 0xE0,
    0x00, 0x0F, 0x03, 0xD0, 0x00, 0x7C, 0x07, 0xC0, 0x02, 0xE0, 0x1E, 0x03, 0x0F, 0x40, 0x78, 0x18,
    0x3C, 0x01, 0xD0, 0xC1, 0xF0, 0x03, 0x8A, 0x07, 0x40, 0x07, 0xE0, 0x00, 0x0F, 0xFC, 0x00, 0xB8,
    0x00, 0xB4, 0x00, 0xF0, 0x00, 0xF0, 0x01, 0xE0, 0x02, 0xD0, 0x03, 0xC0, 0x03, 0xC0, 0x07, 0x80,
    0x0B, 0x40, 0x0F, 0x00, 0x0F, 0x00, 0x1E, 0x00, 0x2D, 0x00, 0x3C, 0x00, 0x3C, 0x00, 0x78, 0x00,
    0xB4, 0x30, 0xF0, 0x30, 0xF0, 0xA0, 0x75, 0xC0, 0x2F, 0x40, 0x07, 0xE0, 0x1F, 0xE0, 0x1B, 0xE0,
    0x00, 0xD7, 0x4E, 0x07, 0x8B, 0x43, 0xC0, 0x28, 0x3F, 0x80, 0x3D, 0xC0, 0x2D, 0x03, 0x03, 0xE0,
    0x03, 0xF0, 0x02, 0xE0, 0x30, 0x7C, 0x00, 0x3D, 0x00, 0x2D, 0x00, 0x0B, 0x80, 0x03, 0xC0, 0x03,
    0xC0, 0x00, 0xF4, 0x00, 0x78, 0x00, 0x3C, 0x00, 0x0F, 0x00, 0x0B, 0x40, 0x07, 0x80, 0x01, 0xF0,
    0x00, 0xF0, 0x00, 0xF4, 0x00, 0x2E, 0x00, 0x0F, 0x00, 0x0F, 0x00, 0x03, 0xD0, 0x01, 0xE0, 0x02,
    0xE0, 0x60, 0x3C, 0x00, 0x2D, 0x00, 0x3D, 0x09, 0x07, 0xC0, 0x03, 0xC0, 0x03, 0xC1, 0xC0, 0xB8,
    0x00, 0x3C, 0x00, 0x2C, 0x74, 0x0B, 0x00, 0x03, 0x80, 0x00, 0xBD, 0x00, 0x07, 0xE0, 0x1F, 0xE0,
    0x00, 0xD7, 0x4E, 0x07, 0x80, 0x28, 0x3F, 0x80, 0x3C, 0x03, 0x03, 0xE0, 0x03, 0xC0, 0x30, 0x7C,
    0x00, 0x3C, 0x00, 0x0B, 0x80, 0x07, 0xC0, 0x00, 0xF4, 0x00, 0xB8, 0x00, 0x0F, 0x00, 0x0F, 0x00,
    0x01, 0xF0, 0x01, 0xF0, 0x00, 0x2E, 0x00, 0x2E, 0x00, 0x03, 0xD0, 0x03, 0xC0, 0x90, 0x3C, 0x00,
    0x3C, 0x0C, 0x07, 0xC0, 0x07, 0x82, 0x40, 0xB8, 0x00, 0x38, 0xB0, 0x0B, 0x00, 0x01, 0xF8, 0x00,
    0x00, 0x07, 0xF9, 0x00, 0x07, 0xD0, 0xB4, 0x01, 0xF0, 0x03, 0xC0, 0x3C, 0x00, 0x2D, 0x0F, 0x80,
    0x02, 0xE1, 0xF0, 0x00, 0x2F, 0x3F, 0x00, 0x03, 0xE3, 0xD0, 0x00, 0x3E, 0x7D, 0x00, 0x07, 0xD7,
    0xC0, 0x00, 0xBC, 0x7C, 0x00, 0x0F, 0x43, 0xC0, 0x03, 0xE0, 0x2D, 0x00, 0xB8, 0x00, 0xF4, 0x2E,
    0x00, 0x02, 0xFE, 0x00, 0x00, 0x00, 0x7E, 0x02, 0xF8, 0x00, 0x35, 0xE3, 0x43, 0x80, 0x28, 0x3F,
    0x00, 0xB4, 0x0C, 0x0F, 0x40, 0x1E, 0x03, 0x07, 0xC0, 0x07, 0xC0, 0x02, 0xE0, 0x02, 0xF0, 0x00,
    0xF4, 0x00, 0xF8, 0x00, 0x3C, 0x00, 0x3E, 0x00, 0x1F, 0x00, 0x1F, 0x40, 0x0B, 0x80, 0x0B, 0xC0,
    0x03, 0xD0, 0x03, 0xD0, 0x00, 0xF0, 0x02, 0xE0, 0x00, 0x7D, 0x01, 0xF0, 0x00, 0x2F, 0xC1, 0xF0,
    0x00, 0x0F, 0x5F, 0xD0, 0x00, 0x03, 0xC0, 0x00, 0x00, 0x01, 0xF0, 0x00, 0x00, 0x00, 0xB8, 0x00,
    0x00, 0x00, 0x3D, 0x00, 0x00, 0x00, 0x1F, 0x00, 0x00, 0x00, 0x7F, 0xFD, 0x00, 0x00, 0x00, 0x00,
    0x0B, 0xE0, 0x90, 0x07, 0x82, 0x9C, 0x01, 0xE0, 0x0F, 0xC0, 0x7C, 0x00, 0xB8, 0x0F, 0x40, 0x0B,
    0x41, 0xF0, 0x00, 0xF0, 0x3E, 0x00, 0x0F, 0x03, 0xD0, 0x01, 0xE0, 0x7C, 0x00, 0x2D, 0x07, 0xC0,
    0x03, 0xC0, 0x7C, 0x00, 0x3C, 0x03, 0xC0, 0x0B, 0x80, 0x3C, 0x01, 0xF4, 0x01, 0xE0, 0xBF, 0x00,
    0x07, 0xF8, 0xF0, 0x00, 0x00, 0x1E, 0x00, 0x00, 0x02, 0xD0, 0x00, 0x00, 0x3C, 0x00, 0x00, 0x03,
    0xC0, 0x00, 0x00, 0xBC, 0x00, 0x01, 0xFF, 0xFC, 0x00, 0x07, 0xE0, 0x2F, 0xD0, 0x35, 0xD3, 0x43,
    0xC2, 0x83, 0xF0, 0x1E, 0x0C, 0x0F, 0x80, 0x00, 0x30, 0x7C, 0x00, 0x00, 0x02, 0xE0, 0x00, 0x00,
    0x0F, 0x40, 0x00, 0x00, 0x3C, 0x00, 0x00, 0x01, 0xF0, 0x00, 0x00, 0x0B, 0x80, 0x00, 0x00, 0x3D,
    0x00, 0x00, 0x00, 0xF0, 0x00, 0x00, 0x07, 0xC0, 0x00, 0x00, 0x2E, 0x00, 0x00, 0x00, 0xB0, 0x00,
    0x00, 0x00, 0x00, 0x0B, 0xF0, 0x00, 0x74, 0x1C, 0x00, 0xE0, 0x06, 0x02, 0xC0, 0x0F, 0x03, 0xC0,
    0x1D, 0x03, 0xC0, 0x00, 0x02, 0xF9, 0x00, 0x00, 0xFF, 0xE0, 0x00, 0x1B, 0xF8, 0x00, 0x00, 0x7C,
    0x3C, 0x00, 0x3C, 0x7C, 0x00, 0x34, 0x70, 0x00, 0xB0, 0x38, 0x06, 0xC0, 0x0B, 0xFD, 0x00, 0x00,
    0x3C, 0x00, 0x03, 0xC0, 0x00, 0x78, 0x00, 0x0B, 0x40, 0x00, 0xF0, 0x00, 0x0F, 0x00, 0xFF, 0xFF,
    0xC0, 0x2D, 0x00, 0x03, 0xC0, 0x00, 0x3C, 0x00, 0x07, 0x80, 0x00, 0xB4, 0x00, 0x0F, 0x00, 0x00,
    0xF0, 0x00, 0x1E, 0x00, 0x02, 0xD0, 0x18, 0x3C, 0x03, 0x03, 0xC0, 0xA0, 0x2C, 0x2C, 0x00, 0xBE,
    0x00, 0x02, 0xF4, 0x00, 0x00, 0x02, 0x8B, 0x00, 0x0F, 0x01, 0x81, 0xD0, 0x07, 0xC0, 0xC0, 0xB4,
    0x02, 0xE0, 0x30, 0x3C, 0x00, 0xF4, 0x00, 0x1E, 0x00, 0x3C, 0x00, 0x0F, 0x40, 0x1F, 0x00, 0x03,
    0xC0, 0x0B, 0x80, 0x01, 0xE0, 0x03, 0xD0, 0x00, 0xB4, 0x00, 0xF0, 0x00, 0x3C, 0x00, 0x7C, 0x24,
    0x0F, 0x00, 0x2E, 0x0C, 0x02, 0xC0, 0x0F, 0x47, 0x00, 0x38, 0x19, 0xD3, 0x40, 0x03, 0xF8, 0x1F,
    0x40, 0x02, 0xF4, 0x00, 0xE0, 0x28, 0xB0, 0x0B, 0xC1, 0x81, 0xD0, 0x1F, 0x4C, 0x0B, 0x40, 0x2C,
    0x30, 0x3C, 0x00, 0x70, 0x01, 0xE0, 0x01, 0xC0, 0x0F, 0x40, 0x0A, 0x00, 0x3C, 0x00, 0x30, 0x01,
    0xE0, 0x00, 0xC0, 0x0B, 0x40, 0x06, 0x00, 0x3C, 0x00, 0x30, 0x00, 0xF0, 0x01, 0x80, 0x02, 0xD0,
    0x0C, 0x00, 0x03, 0xC1, 0xD0, 0x00, 0x02, 0xF8, 0x00, 0x00, 0x02, 0xF4, 0x00, 0x00, 0x07, 0x42,
    0x8B, 0x00, 0x1D, 0x03, 0xF1, 0x81, 0xD0, 0x0B, 0x40, 0xBC, 0xC0, 0xB4, 0x03, 0xC0, 0x0F, 0x30,
    0x3C, 0x00, 0xF0, 0x02, 0x80, 0x1E, 0x00, 0x78, 0x00, 0xA0, 0x0F, 0x40, 0x2D, 0x00, 0x34, 0x03,
    0xC0, 0x0F, 0x00, 0x0C, 0x01, 0xE0, 0x03, 0xC0, 0x06, 0x00, 0xB4, 0x01, 0xE0, 0x02, 0x40, 0x3D,
    0x00, 0xB4, 0x00, 0xC0, 0x0F, 0x00, 0x3D, 0x00, 0x60, 0x02, 0xD0, 0x1F, 0x40, 0x30, 0x00, 0x3C,
    0x1C, 0xF0, 0x74, 0x00, 0x02, 0xF8, 0x0B, 0xF4, 0x00, 0x00, 0x6F, 0x81, 0xFD, 0x00, 0x74, 0x75,
    0xC3, 0xC0, 0x30, 0x0B, 0xC2, 0xE0, 0x34, 0x02, 0xE0, 0x00, 0x0C, 0x00, 0xF4, 0x00, 0x00, 0x00,
    0x3C, 0x00, 0x00, 0x00, 0x1F, 0x00, 0x00, 0x00, 0x0B, 0x80, 0x00, 0x00, 0x03, 0xD0, 0x00, 0x00,
    0x00, 0xF0, 0x00, 0x00, 0x00, 0x7C, 0x00, 0xC0, 0xB4, 0x2E, 0x00, 0x60, 0x3D, 0x0F, 0x80, 0x30,
    0x0F, 0x09, 0xB0, 0x74, 0x01, 0xFD, 0x0B, 0xE0, 0x00, 0x02, 0xF4, 0x00, 0x04, 0x0A, 0x2C, 0x00,
    0x3C, 0x18, 0x1D, 0x00, 0x7C, 0x30, 0x2D, 0x00, 0xB8, 0x30, 0x3C, 0x00, 0xF4, 0x00, 0x78, 0x00,
    0xF0, 0x00, 0xF4, 0x01, 0xF0, 0x00, 0xF0, 0x02, 0xE0, 0x01, 0xE0, 0x03, 0xD0, 0x02, 0xD0, 0x03,
    0xC0, 0x03, 0xC0, 0x07, 0xC0, 0x03, 0xC0, 0x0B, 0x80, 0x02, 0xC0, 0x0F, 0x40, 0x00, 0xE0, 0x7F,
    0x00, 0x00, 0x3F, 0xAF, 0x00, 0x00, 0x00, 0x2E, 0x00, 0x00, 0x00, 0x3C, 0x00, 0x0F, 0x00, 0x78,
    0x00, 0x2F, 0x00, 0xF0, 0x00, 0x2D, 0x02, 0xD0, 0x00, 0x18, 0x0F, 0x40, 0x00, 0x07, 0xF8, 0x00,
    0x00, 0x00, 0x7F, 0x00, 0xC0, 0x2F, 0xFD, 0x28, 0x03, 0x40, 0x7F, 0x00, 0x00, 0x00, 0xC0, 0x00,
    0x00, 0x30, 0x00, 0x00, 0x0D, 0x00, 0x00, 0x03, 0x40, 0x00, 0x00, 0xD0, 0x00, 0x00, 0x34, 0x00,
    0x00, 0x0D, 0x00, 0x00, 0x03, 0x40, 0x00, 0x00, 0xA0, 0x00, 0x30, 0x2F, 0xD0, 0x1E, 0x07, 0x47,
    0xFF, 0x80, 0xD0, 0x0F, 0xD0, 0x00, 0x00, 0x00, 0x01, 0xF8, 0x00, 0x00, 0x7D, 0x00, 0x00, 0x07,
    0xC0, 0x00, 0x00, 0x3C, 0x00, 0x00, 0x02, 0xE0, 0x00, 0x00, 0x0F, 0x40, 0x00, 0x00, 0x3C, 0x00,
    0x00, 0x01, 0xF0, 0x00, 0x00, 0x0B, 0x80, 0x00, 0x00, 0x3D, 0x00, 0x00, 0x00, 0xF0, 0x00, 0x00,
    0x07, 0xC0, 0x00, 0x00, 0x2E, 0x00, 0x00, 0x00, 0xF0, 0x00, 0x00, 0x0B, 0x80, 0x00, 0x01, 0xF4,
    0x00, 0x00, 0xBD, 0x00, 0x00, 0x00, 0x7D, 0x00, 0x00, 0x00, 0x3D, 0x00, 0x00, 0x00, 0xB8, 0x00,
    0x00, 0x02, 0xE0, 0x00, 0x00, 0x0F, 0x40, 0x00, 0x00, 0x3C, 0x00, 0x00, 0x01, 0xF0, 0x00, 0x00,
    0x0B, 0x80, 0x00, 0x00, 0x3D, 0x00, 0x00, 0x00, 0xF0, 0x00, 0x00, 0x07, 0xC0, 0x00, 0x00, 0x2E,
    0x00, 0x00, 0x00, 0xB4, 0x00, 0x00, 0x01, 0xE0, 0x00, 0x00, 0x02, 0xE0, 0x00, 0x00, 0x01, 0xB8,
    0x00, 0x00, 0x00, 0x00, 0x50, 0x00, 0x0E, 0x00, 0x00, 0xD0, 0x00, 0x1C, 0x00, 0x02, 0xC0, 0x00,
    0x38, 0x00, 0x03, 0x40, 0x00, 0x70, 0x00, 0x0B, 0x00, 0x00, 0xE0, 0x00, 0x0D, 0x00, 0x01, 0xC0,
    0x00, 0x2C, 0x00, 0x03, 0x80, 0x00, 0x34, 0x00, 0x07, 0x00, 0x00, 0xB0, 0x00, 0x0E, 0x00, 0x00,
    0xD0, 0x00, 0x1C, 0x00, 0x02, 0xC0, 0x00, 0x38, 0x00, 0x03, 0x40, 0x00, 0x70, 0x00, 0x0B, 0x00,
    0x00, 0xE0, 0x00, 0x0D, 0x00, 0x01, 0xC0, 0x00, 0x2C, 0x00, 0x03, 0x80, 0x00, 0x34, 0x00, 0x07,
    0x00, 0x00, 0x70, 0x00, 0x00, 0x00, 0x00, 0x00, 0x00, 0xB9, 0x00, 0x00, 0x00, 0x7E, 0x00, 0x00,
    0x00, 0x3D, 0x00, 0x00, 0x00, 0xB8, 0x00, 0x00, 0x02, 0xE0, 0x00, 0x00, 0x0F, 0x40, 0x00, 0x00,
    0x3C, 0x00, 0x00, 0x01, 0xF0, 0x00, 0x00, 0x0B, 0x80, 0x00, 0x00, 0x3D, 0x00, 0x00, 0x00, 0xF0,
    0x00, 0x00, 0x07, 0xC0, 0x00, 0x00, 0x2E, 0x00, 0x00, 0x00, 0xB4, 0x00, 0x00, 0x01, 0xF0, 0x00,
    0x00, 0x01, 0xF4, 0x00, 0x00, 0x02, 0xF8, 0x00, 0x00, 0x7D, 0x00, 0x00, 0x07, 0xC0, 0x00, 0x00,
    0x3C, 0x00, 0x00, 0x01, 0xE0, 0x00, 0x00, 0x0F, 0x40, 0x00, 0x00, 0x3C, 0x00, 0x00, 0x01, 0xF0,
    0x00, 0x00, 0x0B, 0x80, 0x00, 0x00, 0x3D, 0x00, 0x00, 0x00, 0xF0, 0x00, 0x00, 0x07, 0xC0, 0x00,
    0x00, 0x2E, 0x00, 0x00, 0x00, 0xF4, 0x00, 0x00, 0x0B, 0x80, 0x00, 0x01, 0xF8, 0x00, 0x00, 0xFD,
    0x00, 0x00, 0x00, 0x06, 0xF8, 0x00, 0x20, 0xA0, 0x7D, 0x07, 0x09, 0x00, 0x1F, 0xD0, 0x00, 0x00,
    0x07, 0xC0, 0x00, 0xFD, 0x00, 0x0B, 0x80, 0x00, 0x00, 0x00, 0x00, 0x00, 0x00, 0x00, 0x00, 0x0C,
    0x00, 0x02, 0xC0, 0x00, 0x38, 0x00, 0x03, 0x40, 0x00, 0xB4, 0x00, 0x0F, 0x00, 0x00, 0xF0, 0x00,
    0x1F, 0x00, 0x03, 0xE0, 0x00, 0x3D, 0x00, 0x07, 0xD0, 0x00, 0xFC, 0x00, 0x0F, 0xC0, 0x01, 0xFC,
    0x00, 0x3F, 0x80, 0x03, 0xF4, 0x00, 0x3E, 0x00, 0x00, 0x00, 0x00, 0x00, 0x00, 0x08, 0x00, 0x00,
    0x00, 0x30, 0x00, 0x00, 0x01, 0x80, 0x00, 0x00, 0x6F, 0xE0, 0x00, 0x2E, 0x70, 0xB0, 0x03, 0xD0,
    0xC0, 0xD0, 0x3D, 0x06, 0x0F, 0x83, 0xE0, 0x24, 0x3D, 0x2F, 0x00, 0xC0, 0x00, 0xF8, 0x03, 0x00,
    0x07, 0xD0, 0x18, 0x00, 0x1F, 0x00, 0x90, 0x00, 0xBC, 0x03, 0x00, 0x02, 0xF0, 0x0C, 0x00, 0x07,
    0xC0, 0x60, 0x0C, 0x0F, 0x42, 0x40, 0xC0, 0x0F, 0x0C, 0x1D, 0x00, 0x0B, 0xBB, 0x80, 0x00, 0x02,
    0x80, 0x00, 0x00, 0x09, 0x00, 0x00, 0x00, 0x30, 0x00, 0x00, 0x00, 0x00, 0x00, 0x00, 0x00, 0x00,
    0x00, 0x02, 0xFC, 0x00, 0x00, 0x00, 0x07, 0x81, 0xC0, 0x00, 0x00, 0x07, 0x80, 0x18, 0x00, 0x00,
    0x03, 0xC0, 0x03, 0x00, 0x00, 0x02, 0xD0, 0x00, 0xC0, 0x00, 0x00, 0xF0, 0x01, 0xF0, 0x00, 0x00,
    0xB8, 0x00, 0xFC, 0x00, 0x00, 0x3D, 0x00, 0x2D, 0x00, 0x00, 0x0F, 0x00, 0x00, 0x00, 0x00, 0x07,
    0xC0, 0x00, 0x00, 0x00, 0x02, 0xE0, 0x00, 0x00, 0x00, 0x1F, 0xFF, 0xD0, 0x00, 0x00, 0x00, 0x3C,
    0x00, 0x00, 0x00, 0x00, 0x1F, 0x00, 0x00, 0x00, 0x00, 0x0B, 0x80, 0x00, 0x00, 0x00, 0x03, 0xD0,
    0x00, 0x00, 0x00, 0x00, 0xF0, 0x00, 0x00, 0x00, 0x00, 0x7C, 0x00, 0x00, 0x00, 0x00, 0x2E, 0x00,
    0x00, 0x00, 0x00, 0x0F, 0x40, 0x00, 0x50, 0x06, 0xFF, 0xC0, 0x00, 0x34, 0x07, 0x03, 0xF8, 0x00,
    0x18, 0x03, 0x47, 0xDB, 0xD0, 0x28, 0x00, 0xBF, 0x40, 0x1F, 0xF4, 0x00, 0x03, 0xFF, 0xFC, 0x00,
    0x0B, 0xFF, 0x80, 0x0F, 0xE0, 0x00, 0x00, 0x7D, 0x00, 0x01, 0xF8, 0x00, 0x00, 0x2C, 0x00, 0x00,
    0x3F, 0x00, 0x00, 0x1C, 0x00, 0x00, 0x0B, 0xC0, 0x00, 0x0C, 0x00, 0x00, 0x01, 0xF4, 0x00, 0x0D,
    0x00, 0x00, 0x00, 0x3F, 0x00, 0x09, 0x00, 0x00, 0x00, 0x0B, 0xC0, 0x0A, 0x00, 0x00, 0x07, 0xFF,
    0xFF, 0xFF, 0xFF, 0xC0, 0x00, 0x00, 0x3F, 0x03, 0x40, 0x00, 0x00, 0x00, 0x0F, 0xC2, 0x40, 0x00,
    0x00, 0x00, 0x02, 0xF5, 0x80, 0x00, 0x00, 0x00, 0x00, 0x3F, 0xC0, 0x00, 0x00, 0x00, 0x00, 0x0F,
    0xC0, 0x00, 0x00, 0x00, 0x00, 0x03, 0xE0, 0x00, 0x00, 0x00, 0xFF, 0xFF, 0xFF, 0xFF, 0xF4, 0x00,
    0x00, 0x00, 0x7C, 0x00, 0x00, 0x00, 0x00, 0x00, 0x2F, 0x00, 0x00, 0x00, 0x00, 0x00, 0x0F, 0x80,
    0x00, 0x00, 0x00, 0x00, 0x03, 0xD0, 0x00, 0x00, 0x00, 0x00, 0x01, 0xF0, 0x00, 0x00, 0x00, 0x00,
    0x00, 0xFC, 0x00, 0x00, 0x00, 0x00, 0x0F, 0xFF, 0xF8, 0x00, 0x00, 0x00, 0x00, 0x00, 0x2F, 0xC0,
    0x00, 0x07, 0x81, 0xC0, 0x00, 0x74, 0x01, 0x80, 0x03, 0x40, 0x1E, 0x00, 0x1C, 0x00, 0x74, 0x00,
    0xA0, 0x00, 0x00, 0x02, 0xC0, 0x00, 0x00, 0x0B, 0x80, 0x00, 0x00, 0x1F, 0xC0, 0x00, 0x00, 0x3F,
    0xD0, 0x00, 0x00, 0xBF, 0xD0, 0x00, 0x0D, 0x1F, 0xC0, 0x00, 0xD0, 0x0F, 0x00, 0x0B, 0x00, 0x1D,
    0x00, 0x34, 0x00, 0x34, 0x00, 0xD0, 0x00, 0xC0, 0x03, 0x80, 0x0A, 0x00, 0x0F, 0x40, 0x70, 0x00,
    0x2F, 0x83, 0x40, 0x00, 0x3F, 0xF0, 0x00, 0x00, 0x3F, 0xC0, 0x00, 0x00, 0x2F, 0x80, 0x00, 0x00,
    0x1F, 0x00, 0x00, 0x00, 0x2C, 0x00, 0x00, 0x00, 0xB0, 0x00, 0xE0, 0x03, 0x80, 0x07, 0x40, 0x1C,
    0x00, 0x18, 0x00, 0xE0, 0x00, 0x34, 0x1E, 0x00, 0x00, 0x2F, 0x90, 0x00, 0x00, 0x1F, 0x02, 0xE0,
    0xFC, 0x1F, 0xC3, 0xD0, 0x3D, 0x00, 0x00, 0x00, 0x00, 0x01, 0xBF, 0xF9, 0x00, 0x00, 0x00, 0x00,
    0x00, 0x2E, 0x40, 0x06, 0xE0, 0x00, 0x00, 0x00, 0x02, 0xE0, 0x00, 0x00, 0x2C, 0x00, 0x00, 0x00,
    0x1E, 0x00, 0x00, 0x00, 0x07, 0x40, 0x00, 0x00, 0xB4, 0x00, 0x00, 0x00, 0x01, 0xC0, 0x00, 0x03,
    0xC0, 0x00, 0x00, 0x00, 0x00, 0xA0, 0x00, 0x0F, 0x00, 0x00, 0x00, 0x00, 0x00, 0x30, 0x00, 0x2C,
    0x00, 0x00, 0x00, 0x00, 0x00, 0x28, 0x00, 0xB0, 0x00, 0x00, 0x00, 0x00, 0x00, 0x1C, 0x00, 0xC0,
    0x00, 0x06, 0xFF, 0x42, 0x40, 0x0C, 0x03, 0x80, 0x00, 0x7E, 0x40, 0xAF, 0x00, 0x0D, 0x07, 0x00,
    0x03, 0xF0, 0x00, 0x2F, 0x00, 0x0D, 0x0D, 0x00, 0x0F, 0xC0, 0x00, 0x0E, 0x00, 0x0D, 0x1C, 0x00,
    0x3F, 0x00, 0x00, 0x0D, 0x00, 0x0D, 0x38, 0x00, 0xBD, 0x00, 0x00, 0x0C, 0x00, 0x0D, 0x30, 0x00,
    0xFC, 0x00, 0x00, 0x00, 0x00, 0x0C, 0x70, 0x02, 0xF8, 0x00, 0x00, 0x00, 0x00, 0x1C, 0xA0, 0x03,
    0xF4, 0x00, 0x00, 0x00, 0x00, 0x2C, 0xD0, 0x03, 0xF0, 0x00, 0x00, 0x00, 0x00, 0x38, 0xD0, 0x03,
    0xF0, 0x00, 0x00, 0x60, 0x00, 0x30, 0xD0, 0x03, 0xF0, 0x00, 0x00, 0xD0, 0x00, 0xA0, 0xD0, 0x01,
    0xF0, 0x00, 0x02, 0x80, 0x00, 0xD0, 0xD0, 0x00, 0xB8, 0x00, 0x0A, 0x00, 0x02, 0x80, 0xE0, 0x00,
    0x2F, 0x40, 0x78, 0x00, 0x07, 0x00, 0xA0, 0x00, 0x06, 0xFF, 0x80, 0x00, 0x0E, 0x00, 0x70, 0x00,
    0x00, 0x00, 0x00, 0x00, 0x2C, 0x00, 0x34, 0x00, 0x00, 0x00, 0x00, 0x00, 0xB0, 0x00, 0x2C, 0x00,
    0x00, 0x00, 0x00, 0x02, 0xC0, 0x00, 0x0D, 0x00, 0x00, 0x00, 0x00, 0x0B, 0x00, 0x00, 0x07, 0x00,
    0x00, 0x00, 0x00, 0x2C, 0x00, 0x00, 0x02, 0xC0, 0x00, 0x00, 0x01, 0xE0, 0x00, 0x00, 0x00, 0xB4,
    0x00, 0x00, 0x1F, 0x40, 0x00, 0x00, 0x00, 0x1F, 0x80, 0x06, 0xF4, 0x00, 0x00, 0x00, 0x00, 0x01,
    0xBF, 0xF9, 0x00, 0x00, 0x00, 0x00, 0x00, 0x07, 0xF0, 0x00, 0x00, 0xB8, 0x7F, 0x00, 0x07, 0xC0,
    0xB8, 0x00, 0x3D, 0x02, 0xD0, 0x02, 0xF0, 0x0F, 0x00, 0x0F, 0x40, 0x3C, 0x00, 0x7C, 0x01, 0xE0,
    0x02, 0xF0, 0x0B, 0x41, 0x0B, 0x80, 0x3C, 0x0C, 0x2E, 0x00, 0xF0, 0xA0, 0x78, 0x0F, 0xC3, 0x00,
    0xF0, 0xDF, 0x18, 0x00, 0xBD, 0x0F, 0x80, 0x00, 0x00, 0x00, 0x03, 0xFF, 0xFF, 0xF0, 0x00, 0x00,
    0x00, 0x80, 0x20, 0x00, 0x30, 0x09, 0x00, 0x0A, 0x02, 0x80, 0x02, 0xC0, 0x70, 0x00, 0xB0, 0x1C,
    0x00, 0x2C, 0x0B, 0x00, 0x0F, 0x02, 0xD0, 0x07, 0xC1, 0xF0, 0x00, 0x78, 0x1E, 0x00, 0x02, 0xC0,
    0xB4, 0x00, 0x0E, 0x03, 0xC0, 0x00, 0x70, 0x0C, 0x00, 0x03, 0x40, 0xA0, 0x00, 0x1C, 0x07, 0x00,
    0x00, 0xC0, 0x30, 0x00, 0x08, 0x02, 0x00, 0x7F, 0xFF, 0xFF, 0xFF, 0xC0, 0x00, 0x00, 0x00, 0x2C,
    0x00, 0x00, 0x00, 0x03, 0x80, 0x00, 0x00, 0x00, 0x34, 0x00, 0x00, 0x00, 0x07, 0x00, 0x00, 0x00,
    0x00, 0xB0, 0x00, 0x00, 0x00, 0x0E, 0x00, 0x00, 0x00, 0x00, 0xC0, 0x00, 0x00, 0x03, 0xFF, 0xFC,
    0x3F, 0xFF, 0x80, 0x00, 0x00, 0x00, 0x01, 0xBF, 0xF9, 0x00, 0x00, 0x00, 0x00, 0x00, 0x2E, 0x40,
    0x06, 0xE0, 0x00, 0x00, 0x00, 0x02, 0xE0, 0x00, 0x00, 0x2D, 0x00, 0x00, 0x00, 0x1E, 0x00, 0x00,
    0x00, 0x07, 0x40, 0x00, 0x00, 0xB4, 0x00, 0x00, 0x00, 0x01, 0xC0, 0x00, 0x02, 0xC0, 0x00, 0x00,
    0x00, 0x00, 0xB0, 0x00, 0x0B, 0x00, 0x00, 0x00, 0x00, 0x00, 0x34, 0x00, 0x2C, 0x00, 0x00, 0x00,
    0x00, 0x00, 0x2C, 0x00, 0x70, 0x00, 0x00, 0x00, 0x00, 0x00, 0x0C, 0x00, 0xD0, 0xBF, 0xFF, 0xFE,
    0x40, 0x00, 0x0D, 0x03, 0x80, 0x07, 0xE0, 0x07, 0xF0, 0x00, 0x0D, 0x07, 0x00, 0x07, 0xD0, 0x00,
    0xF8, 0x00, 0x0D, 0x0E, 0x00, 0x0B, 0xC0, 0x00, 0xFC, 0x00, 0x0D, 0x1C, 0x00, 0x0F, 0x80, 0x01,
    0xF8, 0x00, 0x0D, 0x28, 0x00, 0x0F, 0x40, 0x03, 0xF0, 0x00, 0x0D, 0x34, 0x00, 0x1F, 0x00, 0x1F,
    0x80, 0x00, 0x0C, 0x70, 0x00, 0x2F, 0xFF, 0xF4, 0x00, 0x00, 0x1C, 0xA0, 0x00, 0x3E, 0x00, 0xB8,
    0x00, 0x00, 0x28, 0xE0, 0x00, 0x3D, 0x00, 0x3D, 0x00, 0x00, 0x34, 0xD0, 0x00, 0x7C, 0x00, 0x3E,
    0x00, 0x00, 0x70, 0xD0, 0x00, 0xBC, 0x00, 0x3E, 0x00, 0x00, 0xE0, 0xD0, 0x00, 0xFC, 0x00, 0x7E,
    0x00, 0x01, 0xC0, 0xD0, 0x00, 0xF8, 0x00, 0xBE, 0x03, 0x03, 0x80, 0xD0, 0x02, 0xF8, 0x00, 0x7F,
    0x0D, 0x07, 0x00, 0xA0, 0x7F, 0xFF, 0xC0, 0x1B, 0xF4, 0x0D, 0x00, 0x70, 0x00, 0x00, 0x00, 0x00,
    0x00, 0x38, 0x00, 0x34, 0x00, 0x00, 0x00, 0x00, 0x00, 0xB0, 0x00, 0x28, 0x00, 0x00, 0x00, 0x00,
    0x02, 0xC0, 0x00, 0x0D, 0x00, 0x00, 0x00, 0x00, 0x0B, 0x00, 0x00, 0x07, 0x00, 0x00, 0x00, 0x00,
    0x38, 0x00, 0x00, 0x02, 0xC0, 0x00, 0x00, 0x01, 0xD0, 0x00, 0x00, 0x00, 0xB4, 0x00, 0x00, 0x1E,
    0x00, 0x00, 0x00, 0x00, 0x1F, 0x40, 0x06, 0xE4, 0x00, 0x00, 0x00, 0x00, 0x01, 0xBF, 0xF9, 0x00,
    0x00, 0x00, 0x00, 0x7F, 0xFF, 0xFC, 0x07, 0xE0, 0x2C, 0x2C, 0x70, 0x1C, 0xA0, 0x1C, 0xA0, 0x38,
    0x70, 0xB0, 0x2F, 0x80, 0x00, 0x00, 0x00, 0x02, 0x00, 0x00, 0x00, 0x00, 0x00, 0x03, 0x00, 0x00,
    0x00, 0x00, 0x00, 0x07, 0x00, 0x00, 0x00, 0x00, 0x00, 0x0A, 0x00, 0x00, 0x00, 0x00, 0x00, 0x0D,
    0x00, 0x00, 0x00, 0x00, 0x00, 0x0C, 0x00, 0x00, 0x00, 0x00, 0x00, 0x1C, 0x00, 0x00, 0x00, 0x00,
    0x00, 0x28, 0x00, 0x00, 0x00, 0x00, 0x00, 0x34, 0x00, 0x00, 0x00, 0x00, 0x00, 0x34, 0x00, 0x00,
    0x02, 0xFF, 0xFF, 0xFF, 0xFF, 0xFC, 0x00, 0x00, 0x00, 0xA0, 0x00, 0x00, 0x00, 0x00, 0x00, 0xD0,
    0x00, 0x00, 0x00, 0x00, 0x00, 0xC0, 0x00, 0x00, 0x00, 0x00, 0x01, 0xC0, 0x00, 0x00, 0x00, 0x00,
    0x02, 0x80, 0x00, 0x00, 0x00, 0x00, 0x03, 0x40, 0x00, 0x00, 0x00, 0x00, 0x03, 0x00, 0x00, 0x00,
    0x00, 0x00, 0x07, 0x00, 0x00, 0x00, 0x3F, 0xFF, 0xFF, 0xFF, 0xFF, 0xC0, 0x00, 0x00, 0x00, 0xF0,
    0x1F, 0x81, 0xF4, 0x2E, 0x01, 0x80, 0x00, 0x00, 0x05, 0x00, 0x00, 0x00, 0x01, 0xF0, 0x00, 0xF0,
    0x00, 0x2E, 0x00, 0x0F, 0x00, 0x03, 0xD0, 0x01, 0xE0, 0x00, 0x3C, 0x00, 0x2D, 0x00, 0x07, 0xC0,
    0x03, 0xC0, 0x00, 0xB8, 0x00, 0x3C, 0x00, 0x0F, 0x40, 0x07, 0xC0, 0x00, 0xF0, 0x00, 0xB8, 0x00,
    0x1F, 0x00, 0x0F, 0x41, 0x02, 0xE0, 0x00, 0xF0, 0x90, 0x3E, 0x00, 0x1F, 0x0C, 0x03, 0xE0, 0x07,
    0xE1, 0xC0, 0x7F, 0x42, 0xCE, 0x34, 0x0B, 0xAF, 0xD0, 0x7D, 0x00, 0xF4, 0x00, 0x00, 0x00, 0x0F,
    0x00, 0x00, 0x00, 0x01, 0xF0, 0x00, 0x00, 0x00, 0x2E, 0x00, 0x00, 0x00, 0x03, 0xD0, 0x00, 0x00,
    0x00, 0x3C, 0x00, 0x00, 0x00, 0x03, 0x80, 0x00, 0x00, 0x00, 0x00, 0x00, 0x00, 0x00, 0x00, 0x00,
    0x06, 0xFF, 0xFF, 0xF0, 0x01, 0xFF, 0xFC, 0x30, 0x00, 0x2F, 0xFF, 0xE1, 0xC0, 0x02, 0xFF, 0xFF,
    0x4B, 0x00, 0x1F, 0xFF, 0xFC, 0x38, 0x00, 0xFF, 0xFF, 0xF0, 0xD0, 0x07, 0xFF, 0xFF, 0x87, 0x00,
    0x2F, 0xFF, 0xFD, 0x2C, 0x00, 0xFF, 0xFF, 0xF0, 0xE0, 0x03, 0xFF, 0xFF, 0xC3, 0x40, 0x0B, 0xFF,
    0xFE, 0x1C, 0x00, 0x0F, 0xFF, 0xF4, 0xB0, 0x00, 0x2F, 0xFF, 0xC3, 0x80, 0x00, 0x2F, 0xFF, 0x0D,
    0x00, 0x00, 0x0B, 0xF8, 0x70, 0x00, 0x00, 0x00, 0xD2, 0xC0, 0x00, 0x00, 0x03, 0x0E, 0x00, 0x00,
    0x00, 0x1C, 0x34, 0x00, 0x00, 0x00, 0xA1, 0xC0, 0x00, 0x00, 0x03, 0x4B, 0x00, 0x00, 0x00, 0x0C,
    0x38, 0x00, 0x00, 0x00, 0x70, 0xD0, 0x00, 0x00, 0x02, 0x87, 0x00, 0x00, 0x00, 0x0D, 0x2C, 0x00,
    0x00, 0x00, 0x30, 0xE0, 0x00, 0x00, 0x01, 0xC3, 0x40, 0x00, 0x00, 0x0A, 0x1C, 0x00, 0x00, 0x00,
    0x34, 0xB0, 0x00, 0x00, 0x1F, 0xFF, 0xFC, 0x00, 0x00, 0x3D, 0xBE, 0x7C, 0x00, 0x10, 0x00, 0x2E,
    0x00, 0x0F, 0x40, 0x02, 0xF4, 0x00, 0x0F, 0x00, 0x03, 0xC0, 0x07, 0xE1, 0xFF, 0x80, 0x00, 0x02,
    0xFE, 0x00, 0x00, 0xF4, 0x7C, 0x00, 0x7C, 0x02, 0xD0, 0x0F, 0x40, 0x1E, 0x02, 0xF0, 0x02, 0xF0,
    0x3D, 0x00, 0x2F, 0x07, 0xC0, 0x03, 0xE0, 0xBC, 0x00, 0x7D, 0x0B, 0xC0, 0x0B, 0xC0, 0x78, 0x00,
    0xF4, 0x03, 0xC0, 0x3D, 0x00, 0x2D, 0x0F, 0x40, 0x00, 0x7F, 0x80, 0x00, 0x00, 0x00, 0x00, 0x3F,
    0xFF, 0xFD, 0x00, 0x00, 0x40, 0x10, 0x00, 0x01, 0x40, 0x50, 0x00, 0x07, 0x00, 0xC0, 0x00, 0x0C,
    0x03, 0x00, 0x00, 0x28, 0x0A, 0x00, 0x00, 0x74, 0x1D, 0x00, 0x00, 0xF0, 0x3C, 0x00, 0x01, 0xF0,
    0x3C, 0x00, 0x0B, 0x82, 0xE0, 0x00, 0xB4, 0x2D, 0x00, 0x0B, 0x02, 0xD0, 0x00, 0x70, 0x1C, 0x00,
    0x07, 0x01, 0xC0, 0x00, 0x30, 0x0C, 0x00, 0x02, 0x40, 0x90, 0x00, 0x08, 0x02, 0x00, 0x00, 0x00,
    0x00, 0x2D, 0x00, 0x00, 0x2F, 0xC0, 0x00, 0x07, 0xC0, 0x00, 0x00, 0x00, 0x00, 0x00, 0x00, 0x00,
    0x00, 0xBC, 0x00, 0x00, 0xE2, 0x80, 0x00, 0xA0, 0x70, 0x00, 0x10, 0x38, 0x00, 0x00, 0x3D, 0x00,
    0x00, 0x3D, 0x00, 0x00, 0x7D, 0x00, 0x00, 0xBC, 0x00, 0x00, 0xB8, 0x02, 0xD0, 0xB8, 0x00, 0xF4,
    0x78, 0x00, 0x3D, 0x3C, 0x00, 0x03, 0x0D, 0x00, 0x02, 0x43, 0x00, 0x00, 0xC0, 0xC0, 0x00, 0xD0,
    0x34, 0x00, 0xD0, 0x07, 0x41, 0xD0, 0x00, 0x7F, 0x80, 0x00, 0x00, 0x00, 0x00, 0x0A, 0x00, 0x00,
    0x00, 0x00, 0x00, 0xFC, 0x00, 0x00, 0x00, 0x00, 0x07, 0xF4, 0x00, 0x00, 0x00, 0x00, 0x02, 0xD0,
    0x00, 0x00, 0x00, 0x00, 0x00, 0x00, 0x00, 0x00, 0x00, 0x0A, 0x00, 0x00, 0x00, 0x00, 0x01, 0xF0,
    0x00, 0x00, 0x00, 0x00, 0x3F, 0x00, 0x00, 0x00, 0x00, 0x07, 0xF0, 0x00, 0x00, 0x00, 0x00, 0xFF,
    0x00, 0x00, 0x00, 0x00, 0x2E, 0xF0, 0x00, 0x00, 0x00, 0x03, 0x2F, 0x00, 0x00, 0x00, 0x00, 0xA2,
    0xF0, 0x00, 0x00, 0x00, 0x0C, 0x1F, 0x00, 0x00, 0x00, 0x02, 0x41, 0xF4, 0x00, 0x00, 0x00, 0x70,
    0x1F, 0x40, 0x00, 0x00, 0x0C, 0x00, 0xF4, 0x00, 0x00, 0x01, 0x80, 0x0F, 0x80, 0x00, 0x00, 0x30,
    0x00, 0xF8, 0x00, 0x00, 0x09, 0x00, 0x0F, 0x80, 0x00, 0x00, 0xFF, 0xFF, 0xF8, 0x00, 0x00, 0x24,
    0x00, 0x0F, 0xC0, 0x00, 0x02, 0x00, 0x00, 0xFC, 0x00, 0x00, 0xC0, 0x00, 0x0F, 0xC0, 0x00, 0x18,
    0x00, 0x00, 0xBC, 0x00, 0x03, 0x00, 0x00, 0x0B, 0xC0, 0x00, 0xB0, 0x00, 0x00, 0xBC, 0x00, 0x2F,
    0x00, 0x00, 0x0F, 0xD0, 0x3F, 0xFD, 0x00, 0x1F, 0xFF, 0xE0, 0x00, 0x00, 0x00, 0x00, 0x00, 0x90,
    0x00, 0x00, 0x00, 0x00, 0xBE, 0x00, 0x00, 0x00, 0x00, 0xBF, 0x40, 0x00, 0x00, 0x00, 0x3D, 0x00,
    0x00, 0x00, 0x00, 0x00, 0x00, 0x00, 0x00, 0x00, 0x00, 0x0A, 0x00, 0x00, 0x00, 0x00, 0x01, 0xF0,
    0x00, 0x00, 0x00, 0x00, 0x3F, 0x00, 0x00, 0x00, 0x00, 0x07, 0xF0, 0x00, 0x00, 0x00, 0x00, 0xFF,
    0x00, 0x00, 0x00, 0x00, 0x2E, 0xF0, 0x00, 0x00, 0x00, 0x03, 0x2F, 0x00, 0x00, 0x00, 0x00, 0xA2,
    0xF0, 0x00, 0x00, 0x00, 0x0C, 0x1F, 0x00, 0x00, 0x00, 0x02, 0x41, 0xF4, 0x00, 0x00, 0x00, 0x70,
    0x1F, 0x40, 0x00, 0x00, 0x0C, 0x00, 0xF4, 0x00, 0x00, 0x01, 0x80, 0x0F, 0x80, 0x00, 0x00, 0x30,
    0x00, 0xF8, 0x00, 0x00, 0x09, 0x00, 0x0F, 0x80, 0x00, 0x00, 0xFF, 0xFF, 0xF8, 0x00, 0x00, 0x24,
    0x00, 0x0F, 0xC0, 0x00, 0x02, 0x00, 0x00, 0xFC, 0x00, 0x00, 0xC0, 0x00, 0x0F, 0xC0, 0x00, 0x18,
    0x00, 0x00, 0xBC, 0x00, 0x03, 0x00, 0x00, 0x0B, 0xC0, 0x00, 0xB0, 0x00, 0x00, 0xBC, 0x00, 0x2F,
    0x00, 0x00, 0x0F, 0xD0, 0x3F, 0xFD, 0x00, 0x1F, 0xFF, 0xE0, 0x00, 0x00, 0x00, 0x00, 0x08, 0x00,
    0x00, 0x00, 0x00, 0x03, 0xE0, 0x00, 0x00, 0x00, 0x00, 0xE7, 0x00, 0x00, 0x00, 0x00, 0x78, 0x2C,
    0x00, 0x00, 0x00, 0x1D, 0x00, 0xD0, 0x00, 0x00, 0x01, 0x00, 0x01, 0x00, 0x00, 0x00, 0x00, 0xA0,
    0x00, 0x00, 0x00, 0x00, 0x1F, 0x00, 0x00, 0x00, 0x00, 0x03, 0xF0, 0x00, 0x00, 0x00, 0x00, 0x7F,
    0x00, 0x00, 0x00, 0x00, 0x0F, 0xF0, 0x00, 0x00, 0x00, 0x02, 0xEF, 0x00, 0x00, 0x00, 0x00, 0x32,
    0xF0, 0x00, 0x00, 0x00, 0x0A, 0x2F, 0x00, 0x00, 0x00, 0x00, 0xC1, 0xF0, 0x00, 0x00, 0x00, 0x24,
    0x1F, 0x40, 0x00, 0x00, 0x07, 0x01, 0xF4, 0x00, 0x00, 0x00, 0xC0, 0x0F, 0x40, 0x00, 0x00, 0x18,
    0x00, 0xF8, 0x00, 0x00, 0x03, 0x00, 0x0F, 0x80, 0x00, 0x00, 0x90, 0x00, 0xF8, 0x00, 0x00, 0x0F,
    0xFF, 0xFF, 0x80, 0x00, 0x02, 0x40, 0x00, 0xFC, 0x00, 0x00, 0x20, 0x00, 0x0F, 0xC0, 0x00, 0x0C,
    0x00, 0x00, 0xFC, 0x00, 0x01, 0x80, 0x00, 0x0B, 0xC0, 0x00, 0x30, 0x00, 0x00, 0xBC, 0x00, 0x0B,
    0x00, 0x00, 0x0B, 0xC0, 0x02, 0xF0, 0x00, 0x00, 0xFD, 0x03, 0xFF, 0xD0, 0x01, 0xFF, 0xFE, 0x00,
    0x00, 0x00, 0x07, 0xE0, 0x02, 0x00, 0x00, 0x00, 0x0D, 0x0F, 0x43, 0x40, 0x00, 0x00, 0x08, 0x00,
    0x7E, 0x00, 0x00, 0x00, 0x00, 0x00, 0x00, 0x00, 0x00, 0x00, 0x00, 0x00, 0x00, 0x00, 0x00, 0x00,
    0x00, 0x00, 0x28, 0x00, 0x00, 0x00, 0x00, 0x00, 0x1F, 0x00, 0x00, 0x00, 0x00, 0x00, 0x0F, 0xC0,
    0x00, 0x00, 0x00, 0x00, 0x07, 0xF0, 0x00, 0x00, 0x00, 0x00, 0x03, 0xFC, 0x00, 0x00, 0x00, 0x00,
    0x02, 0xEF, 0x00, 0x00, 0x00, 0x00, 0x00, 0xCB, 0xC0, 0x00, 0x00, 0x00, 0x00, 0xA2, 0xF0, 0x00,
    0x00, 0x00, 0x00, 0x30, 0x7C, 0x00, 0x00, 0x00, 0x00, 0x24, 0x1F, 0x40, 0x00, 0x00, 0x00, 0x1C,
    0x07, 0xD0, 0x00, 0x00, 0x00, 0x0C, 0x00, 0xF4, 0x00, 0x00, 0x00, 0x06, 0x00, 0x3E, 0x00, 0x00,
    0x00, 0x03, 0x00, 0x0F, 0x80, 0x00, 0x00, 0x02, 0x40, 0x03, 0xE0, 0x00, 0x00, 0x00, 0xFF, 0xFF,
    0xF8, 0x00, 0x00, 0x00, 0x90, 0x00, 0x3F, 0x00, 0x00, 0x00, 0x20, 0x00, 0x0F, 0xC0, 0x00, 0x00,
    0x30, 0x00, 0x03, 0xF0, 0x00, 0x00, 0x18, 0x00, 0x00, 0xBC, 0x00, 0x00, 0x0C, 0x00, 0x00, 0x2F,
    0x00, 0x00, 0x0B, 0x00, 0x00, 0x0B, 0xC0, 0x00, 0x0B, 0xC0, 0x00, 0x03, 0xF4, 0x00, 0x3F, 0xFD,
    0x00, 0x1F, 0xFF, 0xE0, 0x00, 0x00, 0x00, 0x00, 0x00, 0x00, 0x00, 0x00, 0x00, 0x00, 0x2E, 0x03,
    0xE0, 0x00, 0x00, 0x01, 0xFC, 0x2F, 0xC0, 0x00, 0x00, 0x03, 0xD0, 0x7C, 0x00, 0x00, 0x00, 0x00,
    0x00, 0x00, 0x00, 0x00, 0x00, 0x00, 0x00, 0x00, 0x00, 0x00, 0x00, 0x0A, 0x00, 0x00, 0x00, 0x00,
    0x00, 0x7C, 0x00, 0x00, 0x00, 0x00, 0x03, 0xF0, 0x00, 0x00, 0x00, 0x00, 0x1F, 0xC0, 0x00, 0x00,
    0x00, 0x00, 0xFF, 0x00, 0x00, 0x00, 0x00, 0x0B, 0xBC, 0x00, 0x00, 0x00, 0x00, 0x32, 0xF0, 0x00,
    0x00, 0x00, 0x02, 0x8B, 0xC0, 0x00, 0x00, 0x00, 0x0C, 0x1F, 0x00, 0x00, 0x00, 0x00, 0x90, 0x7D,
    0x00, 0x00, 0x00, 0x07, 0x01, 0xF4, 0x00, 0x00, 0x00, 0x30, 0x03, 0xD0, 0x00, 0x00, 0x01, 0x80,
    0x0F, 0x80, 0x00, 0x00, 0x0C, 0x00, 0x3E, 0x00, 0x00, 0x00, 0x90, 0x00, 0xF8, 0x00, 0x00, 0x03,
    0xFF, 0xFF, 0xE0, 0x00, 0x00, 0x24, 0x00, 0x0F, 0xC0, 0x00, 0x00, 0x80, 0x00, 0x3F, 0x00, 0x00,
    0x0C, 0x00, 0x00, 0xFC, 0x00, 0x00, 0x60, 0x00, 0x02, 0xF0, 0x00, 0x03, 0x00, 0x00, 0x0B, 0xC0,
    0x00, 0x2C, 0x00, 0x00, 0x2F, 0x00, 0x02, 0xF0, 0x00, 0x00, 0xFD, 0x00, 0xFF, 0xF4, 0x00, 0x7F,
    0xFF, 0x80, 0x00, 0x00, 0x00, 0x00, 0x2F, 0x00, 0x00, 0x00, 0x00, 0x0D, 0x1C, 0x00, 0x00, 0x00,
    0x02, 0x40, 0xC0, 0x00, 0x00, 0x00, 0x30, 0x0C, 0x00, 0x00, 0x00, 0x06, 0x01, 0x80, 0x00, 0x00,
    0x00, 0x20, 0x20, 0x00, 0x00, 0x00, 0x02, 0xA8, 0x00, 0x00, 0x00, 0x00, 0x0F, 0x00, 0x00, 0x00,
    0x00, 0x02, 0xF0, 0x00, 0x00, 0x00, 0x00, 0x3F, 0x00, 0x00, 0x00, 0x00, 0x0B, 0xF0, 0x00, 0x00,
    0x00, 0x01, 0xEF, 0x00, 0x00, 0x00, 0x00, 0x32, 0xF0, 0x00, 0x00, 0x00, 0x06, 0x2F, 0x00, 0x00,
    0x00, 0x00, 0xC1, 0xF0, 0x00, 0x00, 0x00, 0x24, 0x1F, 0x40, 0x00, 0x00, 0x03, 0x01, 0xF4, 0x00,
    0x00, 0x00, 0x80, 0x0F, 0x40, 0x00, 0x00, 0x18, 0x00, 0xF8, 0x00, 0x00, 0x03, 0x00, 0x0F, 0x80,
    0x00, 0x00, 0x50, 0x00, 0xF8, 0x00, 0x00, 0x0F, 0xFF, 0xFF, 0x80, 0x00, 0x02, 0x40, 0x00, 0xFC,
    0x00, 0x00, 0x20, 0x00, 0x0F, 0xC0, 0x00, 0x08, 0x00, 0x00, 0xFC, 0x00, 0x01, 0x80, 0x00, 0x0B,
    0xC0, 0x00, 0x30, 0x00, 0x00, 0xBC, 0x00, 0x0B, 0x00, 0x00, 0x0B, 0xC0, 0x02, 0xF0, 0x00, 0x00,
    0xFD, 0x03, 0xFF, 0xD0, 0x01, 0xFF, 0xFE, 0x00, 0x00, 0x00, 0x2F, 0xFF, 0xFF, 0xFF, 0xF0, 0x00,
    0x00, 0x00, 0x0A, 0xBE, 0x00, 0x07, 0xC0, 0x00, 0x00, 0x00, 0x31, 0xF0, 0x00, 0x0B, 0x00, 0x00,
    0x00, 0x02, 0x4B, 0xC0, 0x00, 0x1C, 0x00, 0x00, 0x00, 0x18, 0x3E, 0x00, 0x00, 0x60, 0x00, 0x00,
    0x00, 0xC0, 0xF4, 0x00, 0x01, 0x80, 0x00, 0x00, 0x06, 0x07, 0xC0, 0x00, 0x05, 0x00, 0x00, 0x00,
    0x30, 0x2F, 0x00, 0x00, 0x00, 0x00, 0x00, 0x02, 0x40, 0xF8, 0x00, 0x80, 0x00, 0x00, 0x00, 0x08,
    0x07, 0xD0, 0x03, 0x00, 0x00, 0x00, 0x00, 0x80, 0x2F, 0x00, 0x78, 0x00, 0x00, 0x00, 0x07, 0xFF,
    0xFF, 0xFF, 0xD0, 0x00, 0x00, 0x00, 0x20, 0x03, 0xD0, 0x0B, 0x00, 0x00, 0x00, 0x01, 0x40, 0x1F,
    0x40, 0x1C, 0x00, 0x00, 0x00, 0x0C, 0x00, 0x7C, 0x00, 0x60, 0x24, 0x00, 0x00, 0x90, 0x02, 0xF0,
    0x02, 0x40, 0xC0, 0x00, 0x03, 0x00, 0x0F, 0x80, 0x00, 0x06, 0x00, 0x00, 0x24, 0x00, 0x3D, 0x00,
    0x00, 0x30, 0x00, 0x00, 0xC0, 0x01, 0xF0, 0x00, 0x01, 0xC0, 0x00, 0x0D, 0x00, 0x0B, 0xC0, 0x00,
    0x0D, 0x00, 0x00, 0xB0, 0x00, 0x3E, 0x00, 0x00, 0xF0, 0x00, 0x0B, 0xC0, 0x01, 0xF8, 0x00, 0x2F,
    0x80, 0x03, 0xFF, 0xD0, 0xBF, 0xFF, 0xFF, 0xFD, 0x00, 0x00, 0x00, 0x00, 0x01, 0xBF, 0xD0, 0x18,
    0x00, 0x00, 0xBD, 0x00, 0xA0, 0xD0, 0x00, 0x1F, 0x40, 0x00, 0xAF, 0x00, 0x02, 0xF0, 0x00, 0x00,
    0xFC, 0x00, 0x2F, 0x00, 0x00, 0x02, 0xE0, 0x02, 0xF4, 0x00, 0x00, 0x07, 0x40, 0x1F, 0x80, 0x00,
    0x00, 0x1C, 0x00, 0xFC, 0x00, 0x00, 0x00, 0x70, 0x07, 0xE0, 0x00, 0x00, 0x01, 0x80, 0x3F, 0x00,
    0x00, 0x00, 0x00, 0x01, 0xFC, 0x00, 0x00, 0x00, 0x00, 0x0B, 0xE0, 0x00, 0x00, 0x00, 0x00, 0x3F,
    0x40, 0x00, 0x00, 0x00, 0x00, 0xFC, 0x00, 0x00, 0x00, 0x00, 0x03, 0xF0, 0x00, 0x00, 0x00, 0x40,
    0x0F, 0xC0, 0x00, 0x00, 0x03, 0x00, 0x3F, 0x00, 0x00, 0x00, 0x24, 0x00, 0xBC, 0x00, 0x00, 0x00,
    0xC0, 0x01, 0xF0, 0x00, 0x00, 0x0D, 0x00, 0x03, 0xE0, 0x00, 0x00, 0xA0, 0x00, 0x03, 0xD0, 0x00,
    0x0A, 0x00, 0x00, 0x03, 0xE0, 0x01, 0xD0, 0x00, 0x00, 0x02, 0xFE, 0xF8, 0x00, 0x00, 0x00, 0x00,
    0x7C, 0x00, 0x00, 0x00, 0x00, 0x01, 0xF4, 0x00, 0x00, 0x00, 0x00, 0x00, 0xB8, 0x00, 0x00, 0x00,
    0x00, 0x02, 0xE0, 0x00, 0x00, 0x00, 0x00, 0x2F, 0x00, 0x00, 0x00, 0x00, 0xBF, 0x90, 0x00, 0x00,
    0x00, 0x00, 0x00, 0x00, 0x28, 0x00, 0x00, 0x00, 0x00, 0x00, 0xFC, 0x00, 0x00, 0x00, 0x00, 0x01,
    0xFD, 0x00, 0x00, 0x00, 0x00, 0x00, 0x2D, 0x00, 0x00, 0x00, 0x00, 0x00, 0x00, 0x00, 0x00, 0x00,
    0x00, 0x00, 0x00, 0x00, 0x02, 0xFF, 0xFF, 0xFF, 0xFF, 0x40, 0x00, 0x3F, 0x00, 0x00, 0x7D, 0x00,
    0x00, 0xFC, 0x00, 0x00, 0x74, 0x00, 0x03, 0xE0, 0x00, 0x00, 0xC0, 0x00, 0x1F, 0x40, 0x00, 0x03,
    0x00, 0x00, 0xBC, 0x00, 0x00, 0x0C, 0x00, 0x03, 0xF0, 0x00, 0x00, 0x70, 0x00, 0x0F, 0x80, 0x00,
    0x00, 0x00, 0x00, 0x7D, 0x00, 0x24, 0x00, 0x00, 0x02, 0xF0, 0x00, 0xC0, 0x00, 0x00, 0x0F, 0xC0,
    0x0F, 0x00, 0x00, 0x00, 0x3F, 0xFF, 0xF8, 0x00, 0x00, 0x01, 0xF4, 0x02, 0xD0, 0x00, 0x00, 0x0B,
    0xC0, 0x03, 0x00, 0x00, 0x00, 0x3F, 0x00, 0x1C, 0x00, 0x00, 0x00, 0xF8, 0x00, 0x50, 0x09, 0x00,
    0x07, 0xD0, 0x00, 0x00, 0x30, 0x00, 0x2F, 0x00, 0x00, 0x01, 0x80, 0x00, 0xFC, 0x00, 0x00, 0x0C,
    0x00, 0x03, 0xE0, 0x00, 0x00, 0xB0, 0x00, 0x1F, 0x40, 0x00, 0x0B, 0x40, 0x00, 0xFC, 0x00, 0x01,
    0xFC, 0x00, 0xFF, 0xFF, 0xFF, 0xFF, 0xE0, 0x00, 0x00, 0x00, 0x00, 0x00, 0x02, 0x80, 0x00, 0x00,
    0x00, 0x00, 0x7F, 0x00, 0x00, 0x00, 0x00, 0x1F, 0xE0, 0x00, 0x00, 0x00, 0x02, 0xE4, 0x00, 0x00,
    0x00, 0x00, 0x00, 0x00, 0x00, 0x00, 0x00, 0x00, 0x00, 0x00, 0x00, 0x02, 0xFF, 0xFF, 0xFF, 0xFF,
    0x40, 0x00, 0x3F, 0x00, 0x00, 0x7D, 0x00, 0x00, 0xFC, 0x00, 0x00, 0x74, 0x00, 0x03, 0xE0, 0x00,
    0x00, 0xC0, 0x00, 0x1F, 0x40, 0x00, 0x03, 0x00, 0x00, 0xBC, 0x00, 0x00, 0x0C, 0x00, 0x03, 0xF0,
    0x00, 0x00, 0x70, 0x00, 0x0F, 0x80, 0x00, 0x00, 0x00, 0x00, 0x7D, 0x00, 0x24, 0x00, 0x00, 0x02,
    0xF0, 0x00, 0xC0, 0x00, 0x00, 0x0F, 0xC0, 0x0F, 0x00, 0x00, 0x00, 0x3F, 0xFF, 0xF8, 0x00, 0x00,
    0x01, 0xF4, 0x02, 0xD0, 0x00, 0x00, 0x0B, 0xC0, 0x03, 0x00, 0x00, 0x00, 0x3F, 0x00, 0x1C, 0x00,
    0x00, 0x00, 0xF8, 0x00, 0x50, 0x09, 0x00, 0x07, 0xD0, 0x00, 0x00, 0x30, 0x00, 0x2F, 0x00, 0x00,
    0x01, 0x80, 0x00, 0xFC, 0x00, 0x00, 0x0C, 0x00, 0x03, 0xE0, 0x00, 0x00, 0xB0, 0x00, 0x1F, 0x40,
    0x00, 0x0B, 0x40, 0x00, 0xFC, 0x00, 0x01, 0xFC, 0x00, 0xFF, 0xFF, 0xFF, 0xFF, 0xE0, 0x00, 0x00,
    0x00, 0x00, 0x00, 0x80, 0x00, 0x00, 0x00, 0x00, 0x0B, 0xC0, 0x00, 0x00, 0x00, 0x00, 0xF7, 0x40,
    0x00, 0x00, 0x00, 0x0E, 0x07, 0x00, 0x00, 0x00, 0x00, 0xD0, 0x0A, 0x00, 0x00, 0x00, 0x05, 0x00,
    0x04, 0x00, 0x00, 0x00, 0x00, 0x00, 0x00, 0x00, 0x0B, 0xFF, 0xFF, 0xFF, 0xFD, 0x00, 0x00, 0xFC,
    0x00, 0x01, 0xF4, 0x00, 0x03, 0xF0, 0x00, 0x01, 0xD0, 0x00, 0x0F, 0x80, 0x00, 0x03, 0x00, 0x00,
    0x7D, 0x00, 0x00, 0x0C, 0x00, 0x02, 0xF0, 0x00, 0x00, 0x30, 0x00, 0x0F, 0xC0, 0x00, 0x01, 0xC0,
    0x00, 0x3E, 0x00, 0x00, 0x00, 0x00, 0x01, 0xF4, 0x00, 0x90, 0x00, 0x00, 0x0B, 0xC0, 0x03, 0x00,
    0x00, 0x00, 0x3F, 0x00, 0x3C, 0x00, 0x00, 0x00, 0xFF, 0xFF, 0xE0, 0x00, 0x00, 0x07, 0xD0, 0x0B,
    0x40, 0x00, 0x00, 0x2F, 0x00, 0x0C, 0x00, 0x00, 0x00, 0xFC, 0x00, 0x70, 0x00, 0x00, 0x03, 0xE0,
    0x01, 0x40, 0x24, 0x00, 0x1F, 0x40, 0x00, 0x00, 0xC0, 0x00, 0xBC, 0x00, 0x00, 0x06, 0x00, 0x03,
    0xF0, 0x00, 0x00, 0x30, 0x00, 0x0F, 0x80, 0x00, 0x02, 0xC0, 0x00, 0x7D, 0x00, 0x00, 0x2D, 0x00,
    0x03, 0xF0, 0x00, 0x07, 0xF0, 0x03, 0xFF, 0xFF, 0xFF, 0xFF, 0x80, 0x00, 0x00, 0x00, 0x00, 0xB8,
    0x0B, 0x80, 0x00, 0x00, 0x07, 0xF0, 0x7F, 0x00, 0x00, 0x00, 0x0F, 0x40, 0xF4, 0x00, 0x00, 0x00,
    0x00, 0x00, 0x00, 0x00, 0x00, 0x00, 0x00, 0x00, 0x00, 0x00, 0x00, 0x00, 0x00, 0x00, 0x00, 0x02,
    0xFF, 0xFF, 0xFF, 0xFF, 0x40, 0x00, 0x3F, 0x00, 0x00, 0x7D, 0x00, 0x00, 0xFC, 0x00, 0x00, 0x74,
    0x00, 0x03, 0xE0, 0x00, 0x00, 0xC0, 0x00, 0x1F, 0x40, 0x00, 0x03, 0x00, 0x00, 0xBC, 0x00, 0x00,
    0x0C, 0x00, 0x03, 0xF0, 0x00, 0x00, 0x70, 0x00, 0x0F, 0x80, 0x00, 0x00, 0x00, 0x00, 0x7D, 0x00,
    0x24, 0x00, 0x00, 0x02, 0xF0, 0x00, 0xC0, 0x00, 0x00, 0x0F, 0xC0, 0x0F, 0x00, 0x00, 0x00, 0x3F,
    0xFF, 0xF8, 0x00, 0x00, 0x01, 0xF4, 0x02, 0xD0, 0x00, 0x00, 0x0B, 0xC0, 0x03, 0x00, 0x00, 0x00,
    0x3F, 0x00, 0x1C, 0x00, 0x00, 0x00, 0xF8, 0x00, 0x50, 0x09, 0x00, 0x07, 0xD0, 0x00, 0x00, 0x30,
    0x00, 0x2F, 0x00, 0x00, 0x01, 0x80, 0x00, 0xFC, 0x00, 0x00, 0x0C, 0x00, 0x03, 0xE0, 0x00, 0x00,
    0xB0, 0x00, 0x1F, 0x40, 0x00, 0x0B, 0x40, 0x00, 0xFC, 0x00, 0x01, 0xFC, 0x00, 0xFF, 0xFF, 0xFF,
    0xFF, 0xE0, 0x00, 0x00, 0x00, 0x24, 0x00, 0x00, 0x00, 0xBE, 0x00, 0x00, 0x00, 0x2F, 0xC0, 0x00,
    0x00, 0x01, 0xF0, 0x00, 0x00, 0x00, 0x00, 0x00, 0x00, 0x00, 0x00, 0x00, 0x0B, 0xFF, 0xFD, 0x00,
    0x00, 0x3F, 0x40, 0x00, 0x00, 0x3F, 0x00, 0x00, 0x00, 0x3E, 0x00, 0x00, 0x00, 0x7D, 0x00, 0x00,
    0x00, 0xBC, 0x00, 0x00, 0x00, 0xFC, 0x00, 0x00, 0x00, 0xF8, 0x00, 0x00, 0x01, 0xF4, 0x00, 0x00,
    0x02, 0xF0, 0x00, 0x00, 0x03, 0xF0, 0x00, 0x00, 0x03, 0xE0, 0x00, 0x00, 0x07, 0xD0, 0x00, 0x00,
    0x0B, 0xC0, 0x00, 0x00, 0x0F, 0xC0, 0x00, 0x00, 0x0F, 0x80, 0x00, 0x00, 0x1F, 0x40, 0x00, 0x00,
    0x2F, 0x00, 0x00, 0x00, 0x3F, 0x00, 0x00, 0x00, 0x3E, 0x00, 0x00, 0x00, 0x7D, 0x00, 0x00, 0x00,
    0xFD, 0x00, 0x00, 0x3F, 0xFF, 0xF0, 0x00, 0x00, 0x00, 0x00, 0x18, 0x00, 0x00, 0x00, 0xFD, 0x00,
    0x00, 0x0B, 0xE4, 0x00, 0x00, 0x79, 0x00, 0x00, 0x00, 0x00, 0x00, 0x00, 0x00, 0x00, 0x00, 0x00,
    0x0B, 0xFF, 0xFD, 0x00, 0x00, 0x3F, 0x40, 0x00, 0x00, 0x3F, 0x00, 0x00, 0x00, 0x3E, 0x00, 0x00,
    0x00, 0x7D, 0x00, 0x00, 0x00, 0xBC, 0x00, 0x00, 0x00, 0xFC, 0x00, 0x00, 0x00, 0xF8, 0x00, 0x00,
    0x01, 0xF4, 0x00, 0x00, 0x02, 0xF0, 0x00, 0x00, 0x03, 0xF0, 0x00, 0x00, 0x03, 0xE0, 0x00, 0x00,
    0x07, 0xD0, 0x00, 0x00, 0x0B, 0xC0, 0x00, 0x00, 0x0F, 0xC0, 0x00, 0x00, 0x0F, 0x80, 0x00, 0x00,
    0x1F, 0x40, 0x00, 0x00, 0x2F, 0x00, 0x00, 0x00, 0x3F, 0x00, 0x00, 0x00, 0x3E, 0x00, 0x00, 0x00,
    0x7D, 0x00, 0x00, 0x00, 0xFD, 0x00, 0x00, 0x3F, 0xFF, 0xF0, 0x00, 0x00, 0x00, 0x00, 0x80, 0x00,
    0x00, 0x03, 0xE0, 0x00, 0x00, 0x0F, 0x74, 0x00, 0x00, 0x38, 0x2C, 0x00, 0x00, 0xD0, 0x0E, 0x00,
    0x01, 0x00, 0x01, 0x00, 0x00, 0x00, 0x00, 0x00, 0x0B, 0xFF, 0xFD, 0x00, 0x00, 0x3F, 0x40, 0x00,
    0x00, 0x3F, 0x00, 0x00, 0x00, 0x3E, 0x00, 0x00, 0x00, 0x7D, 0x00, 0x00, 0x00, 0xBC, 0x00, 0x00,
    0x00, 0xFC, 0x00, 0x00, 0x00, 0xF8, 0x00, 0x00, 0x01, 0xF4, 0x00, 0x00, 0x02, 0xF0, 0x00, 0x00,
    0x03, 0xF0, 0x00, 0x00, 0x03, 0xE0, 0x00, 0x00, 0x07, 0xD0, 0x00, 0x00, 0x0B, 0xC0, 0x00, 0x00,
    0x0F, 0xC0, 0x00, 0x00, 0x0F, 0x80, 0x00, 0x00, 0x1F, 0x40, 0x00, 0x00, 0x2F, 0x00, 0x00, 0x00,
    0x3F, 0x00, 0x00, 0x00, 0x3E, 0x00, 0x00, 0x00, 0x7D, 0x00, 0x00, 0x00, 0xFD, 0x00, 0x00, 0x3F,
    0xFF, 0xF0, 0x00, 0x00, 0x00, 0x00, 0x00, 0x00, 0x00, 0x2E, 0x02, 0xE0, 0x00, 0x1F, 0xC1, 0xFC,
    0x00, 0x03, 0xD0, 0x7C, 0x00, 0x00, 0x00, 0x00, 0x00, 0x00, 0x00, 0x00, 0x00, 0x00, 0x00, 0x00,
    0x00, 0x00, 0x2F, 0xFF, 0xF4, 0x00, 0x00, 0x3F, 0x40, 0x00, 0x00, 0x0F, 0xC0, 0x00, 0x00, 0x03,
    0xE0, 0x00, 0x00, 0x01, 0xF4, 0x00, 0x00, 0x00, 0xBC, 0x00, 0x00, 0x00, 0x3F, 0x00, 0x00, 0x00,
    0x0F, 0x80, 0x00, 0x00, 0x07, 0xD0, 0x00, 0x00, 0x02, 0xF0, 0x00, 0x00, 0x00, 0xFC, 0x00, 0x00,
    0x00, 0x3E, 0x00, 0x00, 0x00, 0x1F, 0x40, 0x00, 0x00, 0x0B, 0xC0, 0x00, 0x00, 0x03, 0xF0, 0x00,
    0x00, 0x00, 0xF8, 0x00, 0x00, 0x00, 0x7D, 0x00, 0x00, 0x00, 0x2F, 0x00, 0x00, 0x00, 0x0F, 0xC0,
    0x00, 0x00, 0x03, 0xE0, 0x00, 0x00, 0x01, 0xF4, 0x00, 0x00, 0x00, 0xFD, 0x00, 0x00, 0x0F, 0xFF,
    0xFC, 0x00, 0x00, 0x00, 0x1F, 0xFF, 0xFF, 0xF9, 0x00, 0x00, 0x00, 0xFC, 0x00, 0x1F, 0xC0, 0x00,
    0x00, 0xF8, 0x00, 0x02, 0xF0, 0x00, 0x00, 0xF4, 0x00, 0x00, 0xF4, 0x00, 0x01, 0xF0, 0x00, 0x00,
    0xBC, 0x00, 0x02, 0xF0, 0x00, 0x00, 0x7C, 0x00, 0x03, 0xE0, 0x00, 0x00, 0x3D, 0x00, 0x03, 0xD0,
    0x00, 0x00, 0x3E, 0x00, 0x07, 0xC0, 0x00, 0x00, 0x7E, 0x00, 0x0B, 0xC0, 0x00, 0x00, 0x7D, 0x00,
    0x0F, 0x80, 0x00, 0x00, 0xBD, 0x03, 0xFF, 0xFF, 0xF0, 0x00, 0xFC, 0x00, 0x1F, 0x00, 0x00, 0x00,
    0xFC, 0x00, 0x2F, 0x00, 0x00, 0x01, 0xF4, 0x00, 0x3F, 0x00, 0x00, 0x03, 0xF0, 0x00, 0x3E, 0x00,
    0x00, 0x03, 0xE0, 0x00, 0x7D, 0x00, 0x00, 0x0B, 0xC0, 0x00, 0xBC, 0x00, 0x00, 0x0F, 0x40, 0x00,
    0xFC, 0x00, 0x00, 0x3E, 0x00, 0x00, 0xF8, 0x00, 0x00, 0xF8, 0x00, 0x01, 0xF4, 0x00, 0x03, 0xD0,
    0x00, 0x03, 0xF0, 0x00, 0x6F, 0x00, 0x00, 0xBF, 0xFF, 0xFF, 0xE0, 0x00, 0x00, 0x00, 0x00, 0x00,
    0x1F, 0x80, 0x08, 0x00, 0x00, 0x00, 0x03, 0x43, 0xD0, 0xD0, 0x00, 0x00, 0x00, 0x20, 0x01, 0xF8,
    0x00, 0x00, 0x00, 0x00, 0x00, 0x00, 0x00, 0x00, 0x00, 0x00, 0x00, 0x00, 0x00, 0x00, 0x00, 0x00,
    0x00, 0x00, 0x00, 0x00, 0x00, 0x00, 0x01, 0xFF, 0xD0, 0x00, 0x3F, 0xFF, 0x00, 0x00, 0x3F, 0x80,
    0x00, 0x1F, 0x80, 0x00, 0x00, 0xFF, 0x00, 0x00, 0x3C, 0x00, 0x00, 0x03, 0xBD, 0x00, 0x00, 0xD0,
    0x00, 0x00, 0x1C, 0xF8, 0x00, 0x03, 0x00, 0x00, 0x00, 0xA3, 0xF0, 0x00, 0x1C, 0x00, 0x00, 0x03,
    0x47, 0xD0, 0x00, 0xA0, 0x00, 0x00, 0x0C, 0x0F, 0xC0, 0x03, 0x40, 0x00, 0x00, 0x70, 0x2F, 0x00,
    0x0C, 0x00, 0x00, 0x02, 0x80, 0x7D, 0x00, 0x70, 0x00, 0x00, 0x0D, 0x00, 0xFC, 0x02, 0x80, 0x00,
    0x00, 0x30, 0x02, 0xF0, 0x0D, 0x00, 0x00, 0x01, 0xC0, 0x03, 0xE0, 0x30, 0x00, 0x00, 0x0A, 0x00,
    0x0F, 0xC1, 0xC0, 0x00, 0x00, 0x34, 0x00, 0x2F, 0x0A, 0x00, 0x00, 0x00, 0xC0, 0x00, 0x3E, 0x34,
    0x00, 0x00, 0x07, 0x00, 0x00, 0xFC, 0xC0, 0x00, 0x00, 0x28, 0x00, 0x01, 0xFB, 0x00, 0x00, 0x00,
    0xD0, 0x00, 0x03, 0xF8, 0x00, 0x00, 0x03, 0x00, 0x00, 0x0B, 0xD0, 0x00, 0x00, 0x2C, 0x00, 0x00,
    0x1F, 0x00, 0x00, 0x01, 0xF4, 0x00, 0x00, 0x3C, 0x00, 0x00, 0xFF, 0xFD, 0x00, 0x00, 0xA0, 0x00,
    0x00, 0x00, 0x00, 0x00, 0x60, 0x00, 0x00, 0x00, 0x00, 0x0F, 0xD0, 0x00, 0x00, 0x00, 0x00, 0x2F,
    0x80, 0x00, 0x00, 0x00, 0x00, 0x2E, 0x00, 0x00, 0x00, 0x00, 0x00, 0x00, 0x00, 0x00, 0x00, 0x00,
    0x00, 0x00, 0x00, 0x00, 0x02, 0xFF, 0x90, 0x00, 0x00, 0x02, 0xE4, 0x0B, 0xC0, 0x00, 0x01, 0xF0,
    0x00, 0x1F, 0x00, 0x00, 0xBC, 0x00, 0x00, 0xBC, 0x00, 0x2F, 0x00, 0x00, 0x03, 0xD0, 0x0B, 0xC0,
    0x00, 0x00, 0x3E, 0x01, 0xF4, 0x00, 0x00, 0x03, 0xF0, 0x3F, 0x00, 0x00, 0x00, 0x3F, 0x0B, 0xD0,
    0x00, 0x00, 0x03, 0xF0, 0xFC, 0x00, 0x00, 0x00, 0x3F, 0x1F, 0xC0, 0x00, 0x00, 0x07, 0xF2, 0xF4,
    0x00, 0x00, 0x00, 0xBE, 0x3F, 0x00, 0x00, 0x00, 0x0F, 0xD3, 0xF0, 0x00, 0x00, 0x00, 0xFC, 0x3F,
    0x00, 0x00, 0x00, 0x2F, 0x43, 0xF0, 0x00, 0x00, 0x03, 0xF0, 0x3F, 0x00, 0x00, 0x00, 0xBD, 0x03,
    0xF0, 0x00, 0x00, 0x1F, 0x80, 0x1F, 0x40, 0x00, 0x03, 0xE0, 0x00, 0xF8, 0x00, 0x00, 0xF8, 0x00,
    0x03, 0xD0, 0x00, 0x7D, 0x00, 0x00, 0x0F, 0x80, 0x6E, 0x00, 0x00, 0x00, 0x1F, 0xFE, 0x00, 0x00,
    0x00, 0x00, 0x00, 0x00, 0x00, 0x28, 0x00, 0x00, 0x00, 0x00, 0x1F, 0xC0, 0x00, 0x00, 0x00, 0x1F,
    0xE0, 0x00, 0x00, 0x00, 0x0B, 0x80, 0x00, 0x00, 0x00, 0x00, 0x00, 0x00, 0x00, 0x00, 0x00, 0x00,
    0x00, 0x00, 0x00, 0x00, 0x02, 0xFF, 0x90, 0x00, 0x00, 0x02, 0xE4, 0x0B, 0xC0, 0x00, 0x01, 0xF0,
    0x00, 0x1F, 0x00, 0x00, 0xBC, 0x00, 0x00, 0xBC, 0x00, 0x2F, 0x00, 0x00, 0x03, 0xD0, 0x0B, 0xC0,
    0x00, 0x00, 0x3E, 0x01, 0xF4, 0x00, 0x00, 0x03, 0xF0, 0x3F, 0x00, 0x00, 0x00, 0x3F, 0x0B, 0xD0,
    0x00, 0x00, 0x03, 0xF0, 0xFC, 0x00, 0x00, 0x00, 0x3F, 0x1F, 0xC0, 0x00, 0x00, 0x07, 0xF2, 0xF4,
    0x00, 0x00, 0x00, 0xBE, 0x3F, 0x00, 0x00, 0x00, 0x0F, 0xD3, 0xF0, 0x00, 0x00, 0x00, 0xFC, 0x3F,
    0x00, 0x00, 0x00, 0x2F, 0x43, 0xF0, 0x00, 0x00, 0x03, 0xF0, 0x3F, 0x00, 0x00, 0x00, 0xBD, 0x03,
    0xF0, 0x00, 0x00, 0x1F, 0x80, 0x1F, 0x40, 0x00, 0x03, 0xE0, 0x00, 0xF8, 0x00, 0x00, 0xF8, 0x00,
    0x03, 0xD0, 0x00, 0x7D, 0x00, 0x00, 0x0F, 0x80, 0x6E, 0x00, 0x00, 0x00, 0x1F, 0xFE, 0x00, 0x00,
    0x00, 0x00, 0x00, 0x00, 0x01, 0x40, 0x00, 0x00, 0x00, 0x00, 0xBC, 0x00, 0x00, 0x00, 0x00, 0x2D,
    0xE0, 0x00, 0x00, 0x00, 0x0B, 0x07, 0x00, 0x00, 0x00, 0x03, 0x80, 0x2C, 0x00, 0x00, 0x00, 0x10,
    0x00, 0x40, 0x00, 0x00, 0x00, 0x00, 0x00, 0x00, 0x00, 0x00, 0x2F, 0xF9, 0x00, 0x00, 0x00, 0x2E,
    0x40, 0xBC, 0x00, 0x00, 0x1F, 0x00, 0x01, 0xF0, 0x00, 0x0B, 0xC0, 0x00, 0x0B, 0xC0, 0x02, 0xF0,
    0x00, 0x00, 0x3D, 0x00, 0xBC, 0x00, 0x00, 0x03, 0xE0, 0x1F, 0x40, 0x00, 0x00, 0x3F, 0x03, 0xF0,
    0x00, 0x00, 0x03, 0xF0, 0xBD, 0x00, 0x00, 0x00, 0x3F, 0x0F, 0xC0, 0x00, 0x00, 0x03, 0xF1, 0xFC,
    0x00, 0x00, 0x00, 0x7F, 0x2F, 0x40, 0x00, 0x00, 0x0B, 0xE3, 0xF0, 0x00, 0x00, 0x00, 0xFD, 0x3F,
    0x00, 0x00, 0x00, 0x0F, 0xC3, 0xF0, 0x00, 0x00, 0x02, 0xF4, 0x3F, 0x00, 0x00, 0x00, 0x3F, 0x03,
    0xF0, 0x00, 0x00, 0x0B, 0xD0, 0x3F, 0x00, 0x00, 0x01, 0xF8, 0x01, 0xF4, 0x00, 0x00, 0x3E, 0x00,
    0x0F, 0x80, 0x00, 0x0F, 0x80, 0x00, 0x3D, 0x00, 0x07, 0xD0, 0x00, 0x00, 0xF8, 0x06, 0xE0, 0x00,
    0x00, 0x01, 0xFF, 0xE0, 0x00, 0x00, 0x00, 0x00, 0x01, 0xFD, 0x00, 0x50, 0x00, 0x00, 0xA0, 0xB8,
    0x28, 0x00, 0x00, 0x14, 0x00, 0xBD, 0x00, 0x00, 0x00, 0x00, 0x00, 0x00, 0x00, 0x00, 0x00, 0x00,
    0x00, 0x00, 0x00, 0x00, 0x00, 0x00, 0x00, 0x00, 0x00, 0x02, 0xFF, 0x90, 0x00, 0x00, 0x02, 0xE4,
    0x0B, 0xC0, 0x00, 0x01, 0xF0, 0x00, 0x1F, 0x00, 0x00, 0xBC, 0x00, 0x00, 0xBC, 0x00, 0x2F, 0x00,
    0x00, 0x03, 0xD0, 0x0B, 0xC0, 0x00, 0x00, 0x3E, 0x01, 0xF4, 0x00, 0x00, 0x03, 0xF0, 0x3F, 0x00,
    0x00, 0x00, 0x3F, 0x0B, 0xD0, 0x00, 0x00, 0x03, 0xF0, 0xFC, 0x00, 0x00, 0x00, 0x3F, 0x1F, 0xC0,
    0x00, 0x00, 0x07, 0xF2, 0xF4, 0x00, 0x00, 0x00, 0xBE, 0x3F, 0x00, 0x00, 0x00, 0x0F, 0xD3, 0xF0,
    0x00, 0x00, 0x00, 0xFC, 0x3F, 0x00, 0x00, 0x00, 0x2F, 0x43, 0xF0, 0x00, 0x00, 0x03, 0xF0, 0x3F,
    0x00, 0x00, 0x00, 0xBD, 0x03, 0xF0, 0x00, 0x00, 0x1F, 0x80, 0x1F, 0x40, 0x00, 0x03, 0xE0, 0x00,
    0xF8, 0x00, 0x00, 0xF8, 0x00, 0x03, 0xD0, 0x00, 0x7D, 0x00, 0x00, 0x0F, 0x80, 0x6E, 0x00, 0x00,
    0x00, 0x1F, 0xFE, 0x00, 0x00, 0x00, 0x00, 0x00, 0x00, 0x00, 0x00, 0x00, 0x00, 0x00, 0x1F, 0x02,
    0xF0, 0x00, 0x00, 0x03, 0xF4, 0x3F, 0x00, 0x00, 0x00, 0x3E, 0x03, 0xD0, 0x00, 0x00, 0x00, 0x00,
    0x00, 0x00, 0x00, 0x00, 0x00, 0x00, 0x00, 0x00, 0x00, 0x00, 0x00, 0x00, 0x00, 0x00, 0x00, 0x2F,
    0xF9, 0x00, 0x00, 0x00, 0x2E, 0x40, 0xBC, 0x00, 0x00, 0x1F, 0x00, 0x01, 0xF0, 0x00, 0x0B, 0xC0,
    0x00, 0x0B, 0xC0, 0x02, 0xF0, 0x00, 0x00, 0x3D, 0x00, 0xBC, 0x00, 0x00, 0x03, 0xE0, 0x1F, 0x40,
    0x00, 0x00, 0x3F, 0x03, 0xF0, 0x00, 0x00, 0x03, 0xF0, 0xBD, 0x00, 0x00, 0x00, 0x3F, 0x0F, 0xC0,
    0x00, 0x00, 0x03, 0xF1, 0xFC, 0x00, 0x00, 0x00, 0x7F, 0x2F, 0x40, 0x00, 0x00, 0x0B, 0xE3, 0xF0,
    0x00, 0x00, 0x00, 0xFD, 0x3F, 0x00, 0x00, 0x00, 0x0F, 0xC3, 0xF0, 0x00, 0x00, 0x02, 0xF4, 0x3F,
    0x00, 0x00, 0x00, 0x3F, 0x03, 0xF0, 0x00, 0x00, 0x0B, 0xD0, 0x3F, 0x00, 0x00, 0x01, 0xF8, 0x01,
    0xF4, 0x00, 0x00, 0x3E, 0x00, 0x0F, 0x80, 0x00, 0x0F, 0x80, 0x00, 0x3D, 0x00, 0x07, 0xD0, 0x00,
    0x00, 0xF8, 0x06, 0xE0, 0x00, 0x00, 0x01, 0xFF, 0xE0, 0x00, 0x00, 0x00, 0x00, 0x00, 0x00, 0x00,
    0x02, 0x00, 0x00, 0x00, 0x2F, 0xF9, 0x03, 0x40, 0x00, 0x00, 0xB9, 0x01, 0xE2, 0x40, 0x00, 0x01,
    0xE0, 0x00, 0x0F, 0x40, 0x00, 0x02, 0xE0, 0x00, 0x02, 0xE0, 0x00, 0x02, 0xD0, 0x00, 0x02, 0xBC,
    0x00, 0x02, 0xE0, 0x00, 0x01, 0x8B, 0x80, 0x01, 0xF0, 0x00, 0x01, 0x81, 0xF0, 0x00, 0xF4, 0x00,
    0x01, 0x80, 0x7C, 0x00, 0xBC, 0x00, 0x01, 0xC0, 0x2F, 0x00, 0x3E, 0x00, 0x01, 0xC0, 0x0B, 0xC0,
    0x1F, 0x40, 0x00, 0xC0, 0x03, 0xF0, 0x0B, 0xC0, 0x00, 0xC0, 0x00, 0xF8, 0x03, 0xF0, 0x00, 0xC0,
    0x00, 0x7D, 0x00, 0xF8, 0x00, 0xC0, 0x00, 0x2F, 0x00, 0x3D, 0x00, 0xC0, 0x00, 0x0F, 0x40, 0x0F,
    0x40, 0xD0, 0x00, 0x0B, 0xC0, 0x03, 0xD0, 0x90, 0x00, 0x03, 0xD0, 0x00, 0xB4, 0x90, 0x00, 0x02,
    0xE0, 0x00, 0x1E, 0x90, 0x00, 0x01, 0xE0, 0x00, 0x03, 0xE0, 0x00, 0x01, 0xE0, 0x00, 0x00, 0xBC,
    0x00, 0x02, 0xD0, 0x00, 0x00, 0x33, 0xD0, 0x0B, 0x80, 0x00, 0x00, 0x30, 0x1B, 0xFE, 0x00, 0x00,
    0x00, 0x24, 0x00, 0x00, 0x00, 0x00, 0x00, 0x04, 0x00, 0x00, 0x00, 0x00, 0x00, 0x00, 0x00, 0x00,
    0x0A, 0x00, 0x00, 0x00, 0x00, 0x00, 0x3F, 0x00, 0x00, 0x00, 0x00, 0x00, 0x7F, 0x40, 0x00, 0x00,
    0x00, 0x00, 0x1B, 0x40, 0x00, 0x00, 0x00, 0x00, 0x00, 0x00, 0x00, 0x00, 0x00, 0x00, 0x00, 0x00,
    0x01, 0xFF, 0xFF, 0x40, 0x3F, 0xFF, 0x00, 0x3F, 0x40, 0x00, 0x1F, 0x80, 0x00, 0xFC, 0x00, 0x00,
    0x2C, 0x00, 0x03, 0xE0, 0x00, 0x00, 0x90, 0x00, 0x1F, 0x40, 0x00, 0x03, 0x00, 0x00, 0xBC, 0x00,
    0x00, 0x0C, 0x00, 0x03, 0xF0, 0x00, 0x00, 0x60, 0x00, 0x0F, 0x80, 0x00, 0x02, 0x40, 0x00, 0x7D,
    0x00, 0x00, 0x0C, 0x00, 0x02, 0xF0, 0x00, 0x00, 0x30, 0x00, 0x0F, 0xC0, 0x00, 0x01, 0x80, 0x00,
    0x3E, 0x00, 0x00, 0x09, 0x00, 0x01, 0xF4, 0x00, 0x00, 0x30, 0x00, 0x0B, 0xC0, 0x00, 0x00, 0xC0,
    0x00, 0x3F, 0x00, 0x00, 0x06, 0x00, 0x00, 0xF8, 0x00, 0x00, 0x24, 0x00, 0x07, 0xD0, 0x00, 0x00,
    0xC0, 0x00, 0x1F, 0x00, 0x00, 0x0A, 0x00, 0x00, 0x3C, 0x00, 0x00, 0x30, 0x00, 0x00, 0xF4, 0x00,
    0x03, 0x40, 0x00, 0x01, 0xE0, 0x00, 0x74, 0x00, 0x00, 0x01, 0xE0, 0x1B, 0x00, 0x00, 0x00, 0x00,
    0xBF, 0x90, 0x00, 0x00, 0x00, 0x00, 0x00, 0x00, 0x00, 0x90, 0x00, 0x00, 0x00, 0x00, 0x2F, 0xC0,
    0x00, 0x00, 0x00, 0x07, 0xF8, 0x00, 0x00, 0x00, 0x00, 0xF8, 0x00, 0x00, 0x00, 0x00, 0x00, 0x00,
    0x00, 0x00, 0x00, 0x00, 0x00, 0x00, 0x00, 0x01, 0xFF, 0xFF, 0x40, 0x3F, 0xFF, 0x00, 0x3F, 0x40,
    0x00, 0x1F, 0x80, 0x00, 0xFC, 0x00, 0x00, 0x2C, 0x00, 0x03, 0xE0, 0x00, 0x00, 0x90, 0x00, 0x1F,
    0x40, 0x00, 0x03, 0x00, 0x00, 0xBC, 0x00, 0x00, 0x0C, 0x00, 0x03, 0xF0, 0x00, 0x00, 0x60, 0x00,
    0x0F, 0x80, 0x00, 0x02, 0x40, 0x00, 0x7D, 0x00, 0x00, 0x0C, 0x00, 0x02, 0xF0, 0x00, 0x00, 0x30,
    0x00, 0x0F, 0xC0, 0x00, 0x01, 0x80, 0x00, 0x3E, 0x00, 0x00, 0x09, 0x00, 0x01, 0xF4, 0x00, 0x00,
    0x30, 0x00, 0x0B, 0xC0, 0x00, 0x00, 0xC0, 0x00, 0x3F, 0x00, 0x00, 0x06, 0x00, 0x00, 0xF8, 0x00,
    0x00, 0x24, 0x00, 0x07, 0xD0, 0x00, 0x00, 0xC0, 0x00, 0x1F, 0x00, 0x00, 0x0A, 0x00, 0x00, 0x3C,
    0x00, 0x00, 0x30, 0x00, 0x00, 0xF4, 0x00, 0x03, 0x40, 0x00, 0x01, 0xE0, 0x00, 0x74, 0x00, 0x00,
    0x01, 0xE0, 0x1B, 0x00, 0x00, 0x00, 0x00, 0xBF, 0x90, 0x00, 0x00, 0x00, 0x00, 0x00, 0x00, 0x14,
    0x00, 0x00, 0x00, 0x00, 0x02, 0xF0, 0x00, 0x00, 0x00, 0x00, 0x2D, 0xE0, 0x00, 0x00, 0x00, 0x02,
    0xC0, 0xC0, 0x00, 0x00, 0x00, 0x38, 0x01, 0xC0, 0x00, 0x00, 0x00, 0x40, 0x01, 0x00, 0x00, 0x00,
    0x00, 0x00, 0x00, 0x00, 0x07, 0xFF, 0xFD, 0x00, 0xFF, 0xFC, 0x00, 0xFD, 0x00, 0x00, 0x7E, 0x00,
    0x03, 0xF0, 0x00, 0x00, 0xB0, 0x00, 0x0F, 0x80, 0x00, 0x02, 0x40, 0x00, 0x7D, 0x00, 0x00, 0x0C,
    0x00, 0x02, 0xF0, 0x00, 0x00, 0x30, 0x00, 0x0F, 0xC0, 0x00, 0x01, 0x80, 0x00, 0x3E, 0x00, 0x00,
    0x09, 0x00, 0x01, 0xF4, 0x00, 0x00, 0x30, 0x00, 0x0B, 0xC0, 0x00, 0x00, 0xC0, 0x00, 0x3F, 0x00,
    0x00, 0x06, 0x00, 0x00, 0xF8, 0x00, 0x00, 0x24, 0x00, 0x07, 0xD0, 0x00, 0x00, 0xC0, 0x00, 0x2F,
    0x00, 0x00, 0x03, 0x00, 0x00, 0xFC, 0x00, 0x00, 0x18, 0x00, 0x03, 0xE0, 0x00, 0x00, 0x90, 0x00,
    0x1F, 0x40, 0x00, 0x03, 0x00, 0x00, 0x7C, 0x00, 0x00, 0x28, 0x00, 0x00, 0xF0, 0x00, 0x00, 0xC0,
    0x00, 0x03, 0xD0, 0x00, 0x0D, 0x00, 0x00, 0x07, 0x80, 0x01, 0xD0, 0x00, 0x00, 0x07, 0x80, 0x6C,
    0x00, 0x00, 0x00, 0x02, 0xFE, 0x40, 0x00, 0x00, 0x00, 0x00, 0x00, 0x00, 0x00, 0x00, 0x00, 0x00,
    0x00, 0xB8, 0x0F, 0x80, 0x00, 0x00, 0x07, 0xF0, 0xBF, 0x00, 0x00, 0x00, 0x0F, 0x41, 0xF0, 0x00,
    0x00, 0x00, 0x00, 0x00, 0x00, 0x00, 0x00, 0x00, 0x00, 0x00, 0x00, 0x00, 0x00, 0x00, 0x00, 0x00,
    0x00, 0x07, 0xFF, 0xFD, 0x00, 0xFF, 0xFC, 0x00, 0xFD, 0x00, 0x00, 0x7E, 0x00, 0x03, 0xF0, 0x00,
    0x00, 0xB0, 0x00, 0x0F, 0x80, 0x00, 0x02, 0x40, 0x00, 0x7D, 0x00, 0x00, 0x0C, 0x00, 0x02, 0xF0,
    0x00, 0x00, 0x30, 0x00, 0x0F, 0xC0, 0x00, 0x01, 0x80, 0x00, 0x3E, 0x00, 0x00, 0x09, 0x00, 0x01,
    0xF4, 0x00, 0x00, 0x30, 0x00, 0x0B, 0xC0, 0x00, 0x00, 0xC0, 0x00, 0x3F, 0x00, 0x00, 0x06, 0x00,
    0x00, 0xF8, 0x00, 0x00, 0x24, 0x00, 0x07, 0xD0, 0x00, 0x00, 0xC0, 0x00, 0x2F, 0x00, 0x00, 0x03,
    0x00, 0x00, 0xFC, 0x00, 0x00, 0x18, 0x00, 0x03, 0xE0, 0x00, 0x00, 0x90, 0x00, 0x1F, 0x40, 0x00,
    0x03, 0x00, 0x00, 0x7C, 0x00, 0x00, 0x28, 0x00, 0x00, 0xF0, 0x00, 0x00, 0xC0, 0x00, 0x03, 0xD0,
    0x00, 0x0D, 0x00, 0x00, 0x07, 0x80, 0x01, 0xD0, 0x00, 0x00, 0x07, 0x80, 0x6C, 0x00, 0x00, 0x00,
    0x02, 0xFE, 0x40, 0x00, 0x00, 0x00, 0x00, 0x00, 0x00, 0x00, 0x90, 0x00, 0x00, 0x00, 0x00, 0x2F,
    0xC0, 0x00, 0x00, 0x00, 0x07, 0xF8, 0x00, 0x00, 0x00, 0x00, 0xF8, 0x00, 0x00, 0x00, 0x00, 0x00,
    0x00, 0x00, 0x00, 0x00, 0x00, 0x00, 0x00, 0x00, 0x03, 0xFF, 0xFC, 0x00, 0x0B, 0xFF, 0x80, 0xFE,
    0x00, 0x00, 0x07, 0xD0, 0x01, 0xF8, 0x00, 0x00, 0x1C, 0x00, 0x03, 0xF0, 0x00, 0x00, 0xC0, 0x00,
    0x0F, 0xC0, 0x00, 0x0D, 0x00, 0x00, 0x1F, 0x40, 0x00, 0x90, 0x00, 0x00, 0x3F, 0x00, 0x06, 0x00,
    0x00, 0x00, 0xFC, 0x00, 0x70, 0x00, 0x00, 0x02, 0xF4, 0x03, 0x00, 0x00, 0x00, 0x03, 0xF0, 0x30,
    0x00, 0x00, 0x00, 0x0F, 0xC2, 0x40, 0x00, 0x00, 0x00, 0x2F, 0x58, 0x00, 0x00, 0x00, 0x00, 0x7F,
    0x80, 0x00, 0x00, 0x00, 0x00, 0xFC, 0x00, 0x00, 0x00, 0x00, 0x03, 0xE0, 0x00, 0x00, 0x00, 0x00,
    0x0F, 0x40, 0x00, 0x00, 0x00, 0x00, 0x7C, 0x00, 0x00, 0x00, 0x00, 0x02, 0xF0, 0x00, 0x00, 0x00,
    0x00, 0x0F, 0x80, 0x00, 0x00, 0x00, 0x00, 0x3D, 0x00, 0x00, 0x00, 0x00, 0x01, 0xF0, 0x00, 0x00,
    0x00, 0x00, 0x0F, 0xC0, 0x00, 0x00, 0x00, 0x0F, 0xFF, 0xF8, 0x00, 0x00, 0x00, 0x00, 0x1F, 0xFF,
    0xF0, 0x00, 0x00, 0x00, 0xFC, 0x00, 0x00, 0x00, 0x00, 0xF8, 0x00, 0x00, 0x00, 0x00, 0xF4, 0x00,
    0x00, 0x00, 0x01, 0xFF, 0xFF, 0x80, 0x00, 0x02, 0xF0, 0x03, 0xF0, 0x00, 0x03, 0xE0, 0x00, 0xF8,
    0x00, 0x03, 0xD0, 0x00, 0xFC, 0x00, 0x07, 0xC0, 0x00, 0xBD, 0x00, 0x0B, 0xC0, 0x00, 0xBD, 0x00,
    0x0F, 0x80, 0x00, 0xFC, 0x00, 0x0F, 0x40, 0x00, 0xFC, 0x00, 0x1F, 0x00, 0x02, 0xF4, 0x00, 0x2F,
    0x00, 0x07, 0xE0, 0x00, 0x3E, 0x00, 0x0F, 0xC0, 0x00, 0x3D, 0x00, 0xBE, 0x00, 0x00, 0x7F, 0xFF,
    0xE0, 0x00, 0x00, 0xBC, 0x00, 0x00, 0x00, 0x00, 0xF8, 0x00, 0x00, 0x00, 0x00, 0xF4, 0x00, 0x00,
    0x00, 0x01, 0xF0, 0x00, 0x00, 0x00, 0x03, 0xF0, 0x00, 0x00, 0x00, 0xBF, 0xFF, 0x80, 0x00, 0x00,
    0x00, 0x00, 0x00, 0x7F, 0xE0, 0x00, 0x00, 0x00, 0xF4, 0x0F, 0x00, 0x00, 0x00, 0xF0, 0x00, 0xF0,
    0x00, 0x00, 0x78, 0x00, 0x3C, 0x00, 0x00, 0x3D, 0x00, 0x0F, 0x00, 0x00, 0x0F, 0x00, 0x07, 0x80,
    0x00, 0x07, 0xC0, 0x02, 0xD0, 0x00, 0x02, 0xE0, 0x00, 0xE0, 0x00, 0x00, 0xB4, 0x00, 0xB0, 0x00,
    0x0B, 0xFC, 0x00, 0x70, 0x00, 0x00, 0x0F, 0x00, 0x74, 0x00, 0x00, 0x07, 0xC0, 0x3C, 0x00, 0x00,
    0x02, 0xE0, 0x0F, 0x00, 0x00, 0x00, 0xB4, 0x03, 0xD0, 0x00, 0x00, 0x3C, 0x00, 0xBC, 0x00, 0x00,
    0x0F, 0x00, 0x0F, 0xC0, 0x00, 0x07, 0xC0, 0x02, 0xF0, 0x00, 0x01, 0xE0, 0x00, 0x7C, 0x00, 0x00,
    0xB4, 0x00, 0x2F, 0x00, 0x00, 0x3C, 0x00, 0x0F, 0x80, 0x00, 0x0F, 0x2C, 0x07, 0xC0, 0x00, 0x07,
    0xCA, 0x07, 0xC0, 0x00, 0x01, 0xE0, 0xBF, 0x80, 0x00, 0x00, 0xB4, 0x00, 0x00, 0x00, 0x00, 0x3C,
    0x00, 0x00, 0x00, 0x0F, 0x0F, 0x00, 0x00, 0x00, 0x0B, 0xC7, 0x40, 0x00, 0x00, 0x02, 0xE3, 0xC0,
    0x00, 0x00, 0x00, 0x72, 0xC0, 0x00, 0x00, 0x00, 0x0B, 0xC0, 0x00, 0x00, 0x00, 0x00, 0x00, 0x01,
    0x00, 0x00, 0x00, 0x3E, 0x00, 0x00, 0x00, 0x7C, 0x00, 0x00, 0x00, 0x7C, 0x00, 0x00, 0x00, 0x38,
    0x00, 0x00, 0x00, 0x10, 0x00, 0x00, 0x00, 0x00, 0x00, 0x02, 0xF8, 0x00, 0x00, 0x78, 0x2B, 0xC0,
    0x07, 0x80, 0x3F, 0x00, 0x7C, 0x00, 0xB8, 0x03, 0xD0, 0x02, 0xD0, 0x1F, 0x00, 0x0F, 0x00, 0xF8,
    0x00, 0x3C, 0x03, 0xD0, 0x01, 0xE0, 0x1F, 0x00, 0x0B, 0x40, 0x7C, 0x00, 0x3C, 0x01, 0xF0, 0x00,
    0xF0, 0x63, 0xC0, 0x0B, 0x83, 0x4F, 0x00, 0x7E, 0x0C, 0x1E, 0x0A, 0x38, 0xE0, 0x1F, 0xD0, 0x7E,
    0x00, 0x00, 0x00, 0x00, 0x14, 0x00, 0x00, 0x02, 0xF0, 0x00, 0x00, 0x2F, 0x40, 0x00, 0x03, 0xE0,
    0x00, 0x00, 0x38, 0x00, 0x00, 0x00, 0x00, 0x00, 0x00, 0x00, 0x00, 0x00, 0x02, 0xF8, 0x00, 0x00,
    0x78, 0x2B, 0xC0, 0x07, 0x80, 0x3F, 0x00, 0x7C, 0x00, 0xB8, 0x03, 0xD0, 0x02, 0xD0, 0x1F, 0x00,
    0x0F, 0x00, 0xF8, 0x00, 0x3C, 0x03, 0xD0, 0x01, 0xE0, 0x1F, 0x00, 0x0B, 0x40, 0x7C, 0x00, 0x3C,
    0x01, 0xF0, 0x00, 0xF0, 0x63, 0xC0, 0x0B, 0x83, 0x4F, 0x00, 0x7E, 0x0C, 0x1E, 0x0A, 0x38, 0xE0,
    0x1F, 0xD0, 0x7E, 0x00, 0x00, 0x00, 0x0C, 0x00, 0x00, 0x01, 0xF8, 0x00, 0x00, 0x1D, 0x34, 0x00,
    0x01, 0xD0, 0xB0, 0x00, 0x1C, 0x00, 0xD0, 0x00, 0x40, 0x00, 0x00, 0x00, 0xBE, 0x00, 0x00, 0x1E,
    0x0A, 0xF0, 0x01, 0xE0, 0x0F, 0xC0, 0x1F, 0x00, 0x2E, 0x00, 0xF4, 0x00, 0xB4, 0x07, 0xC0, 0x03,
    0xC0, 0x3E, 0x00, 0x0F, 0x00, 0xF4, 0x00, 0x78, 0x07, 0xC0, 0x02, 0xD0, 0x1F, 0x00, 0x0F, 0x00,
    0x7C, 0x00, 0x3C, 0x18, 0xF0, 0x02, 0xE0, 0xD3, 0xC0, 0x1F, 0x83, 0x07, 0x82, 0x8E, 0x38, 0x07,
    0xF4, 0x1F, 0x80, 0x00, 0x07, 0xD0, 0x24, 0x00, 0x92, 0xC2, 0x40, 0x08, 0x02, 0xE0, 0x00, 0x00,
    0x00, 0x00, 0x00, 0x00, 0x00, 0x00, 0x00, 0x2F, 0x80, 0x00, 0x07, 0x82, 0xBC, 0x00, 0x78, 0x03,
    0xF0, 0x07, 0xC0, 0x0B, 0x80, 0x3D, 0x00, 0x2D, 0x01, 0xF0, 0x00, 0xF0, 0x0F, 0x80, 0x03, 0xC0,
    0x3D, 0x00, 0x1E, 0x01, 0xF0, 0x00, 0xB4, 0x07, 0xC0, 0x03, 0xC0, 0x1F, 0x00, 0x0F, 0x06, 0x3C,
    0x00, 0xB8, 0x34, 0xF0, 0x07, 0xE0, 0xC1, 0xE0, 0xA3, 0x8E, 0x01, 0xFD, 0x07, 0xE0, 0x00, 0x07,
    0xC0, 0xB8, 0x00, 0x0F, 0xC1, 0xFC, 0x00, 0x0F, 0x40, 0xF4, 0x00, 0x00, 0x00, 0x00, 0x00, 0x00,
    0x00, 0x00, 0x00, 0x00, 0x00, 0x00, 0x00, 0x0B, 0xE0, 0x00, 0x00, 0x78, 0x2B, 0xC0, 0x01, 0xE0,
    0x0F, 0xC0, 0x07, 0xC0, 0x0B, 0x80, 0x0F, 0x40, 0x0B, 0x40, 0x1F, 0x00, 0x0F, 0x00, 0x3E, 0x00,
    0x0F, 0x00, 0x3D, 0x00, 0x1E, 0x00, 0x7C, 0x00, 0x2D, 0x00, 0x7C, 0x00, 0x3C, 0x00, 0x7C, 0x00,
    0x3C, 0x18, 0x3C, 0x00, 0xB8, 0x34, 0x3C, 0x01, 0xF8, 0x30, 0x1E, 0x0A, 0x38, 0xE0, 0x07, 0xF4,
    0x1F, 0x80, 0x00, 0x00, 0xBE, 0x00, 0x00, 0x0D, 0x0D, 0x00, 0x00, 0x90, 0x24, 0x00, 0x02, 0x81,
    0xC0, 0x00, 0x02, 0xF8, 0x00, 0x00, 0x00, 0x00, 0x00, 0x00, 0x00, 0x00, 0x00, 0x02, 0xF8, 0x00,
    0x00, 0x78, 0x2B, 0xC0, 0x07, 0x80, 0x3F, 0x00, 0x7C, 0x00, 0xB8, 0x03, 0xD0, 0x02, 0xD0, 0x1F,
    0x00, 0x0F, 0x00, 0xF8, 0x00, 0x3C, 0x03, 0xD0, 0x01, 0xE0, 0x1F, 0x00, 0x0B, 0x40, 0x7C, 0x00,
    0x3C, 0x01, 0xF0, 0x00, 0xF0, 0x63, 0xC0, 0x0B, 0x83, 0x4F, 0x00, 0x7E, 0x0C, 0x1E, 0x0A, 0x38,
    0xE0, 0x1F, 0xD0, 0x7E, 0x00, 0x00, 0x00, 0x00, 0x00, 0x00, 0x00, 0x06, 0xF8, 0x70, 0xBF, 0x40,
    0x0B, 0x82, 0xBD, 0xD0, 0x70, 0x0B, 0x80, 0x3F, 0xC0, 0x0A, 0x07, 0xC0, 0x0B, 0xC0, 0x02, 0x83,
    0xD0, 0x02, 0xD0, 0x01, 0xC2, 0xF0, 0x00, 0xF0, 0x06, 0xD0, 0xF8, 0x00, 0x3F, 0xFE, 0x40, 0x3D,
    0x00, 0x1E, 0x00, 0x00, 0x1F, 0x00, 0x07, 0x40, 0x00, 0x07, 0xC0, 0x02, 0xC0, 0x00, 0x01, 0xF0,
    0x00, 0xF0, 0x00, 0x04, 0x3C, 0x00, 0xDD, 0x00, 0x07, 0x0F, 0x00, 0x93, 0x80, 0x07, 0x01, 0xE0,
    0xE0, 0x34, 0x1F, 0x00, 0x1F, 0xD0, 0x02, 0xF9, 0x00, 0x00, 0x07, 0xF9, 0x00, 0x1F, 0x41, 0xC0,
    0x1F, 0x00, 0xB4, 0x0F, 0x00, 0x3C, 0x0F, 0x80, 0x00, 0x07, 0xC0, 0x00, 0x03, 0xE0, 0x00, 0x00,
    0xF4, 0x00, 0x00, 0x7C, 0x00, 0x00, 0x1F, 0x00, 0x00, 0x07, 0xC0, 0x00, 0x00, 0xF0, 0x00, 0x0C,
    0x2C, 0x00, 0x0D, 0x03, 0xC0, 0x2C, 0x00, 0x1F, 0xE4, 0x00, 0x03, 0xC0, 0x00, 0x00, 0xF8, 0x00,
    0x00, 0x07, 0xC0, 0x00, 0x00, 0xF0, 0x00, 0x01, 0xF4, 0x00, 0x7F, 0xA0, 0x00, 0x00, 0x00, 0x04,
    0x00, 0x00, 0x0B, 0x80, 0x00, 0x01, 0xF4, 0x00, 0x00, 0x1F, 0x00, 0x00, 0x00, 0xF0, 0x00, 0x00,
    0x04, 0x00, 0x00, 0x00, 0x00, 0x00, 0x1F, 0xE0, 0x00, 0x7D, 0x0B, 0x00, 0xB8, 0x00, 0xC0, 0x7C,
    0x00, 0x30, 0x3D, 0x00, 0x2C, 0x2F, 0x00, 0xBC, 0x0F, 0xFF, 0xE4, 0x03, 0xD0, 0x00, 0x00, 0xF4,
    0x00, 0x00, 0x3C, 0x00, 0x00, 0x0F, 0x00, 0x00, 0x03, 0xC0, 0x00, 0x30, 0x74, 0x00, 0x74, 0x0F,
    0x41, 0xF0, 0x00, 0xBF, 0x90, 0x00, 0x00, 0x00, 0x00, 0x10, 0x00, 0x00, 0x07, 0xC0, 0x00, 0x00,
    0xBD, 0x00, 0x00, 0x0B, 0x80, 0x00, 0x00, 0xF0, 0x00, 0x00, 0x01, 0x00, 0x00, 0x00, 0x00, 0x00,
    0x00, 0x01, 0xFE, 0x00, 0x00, 0x7D, 0x0B, 0x00, 0x0B, 0x80, 0x0C, 0x00, 0x7C, 0x00, 0x30, 0x03,
    0xD0, 0x02, 0xC0, 0x2F, 0x00, 0xBC, 0x00, 0xFF, 0xFE, 0x40, 0x03, 0xD0, 0x00, 0x00, 0x0F, 0x40,
    0x00, 0x00, 0x3C, 0x00, 0x00, 0x00, 0xF0, 0x00, 0x00, 0x03, 0xC0, 0x00, 0x30, 0x07, 0x40, 0x07,
    0x40, 0x0F, 0x41, 0xF0, 0x00, 0x0B, 0xF9, 0x00, 0x00, 0x00, 0x00, 0x34, 0x00, 0x00, 0x3F, 0x00,
    0x00, 0x38, 0xD0, 0x00, 0x74, 0x1C, 0x00, 0x74, 0x02, 0x80, 0x00, 0x00, 0x10, 0x00, 0x7F, 0x80,
    0x01, 0xF4, 0x2C, 0x02, 0xE0, 0x03, 0x01, 0xF0, 0x00, 0xC0, 0xF4, 0x00, 0xB0, 0xBC, 0x02, 0xF0,
    0x3F, 0xFF, 0x90, 0x0F, 0x40, 0x00, 0x03, 0xD0, 0x00, 0x00, 0xF0, 0x00, 0x00, 0x3C, 0x00, 0x00,
    0x0F, 0x00, 0x00, 0xC1, 0xD0, 0x01, 0xD0, 0x3D, 0x07, 0xC0, 0x02, 0xFE, 0x40, 0x00, 0x00, 0x1F,
    0x01, 0xF0, 0x00, 0xFD, 0x0F, 0xC0, 0x03, 0xE0, 0x3D, 0x00, 0x00, 0x00, 0x00, 0x00, 0x00, 0x00,
    0x00, 0x00, 0x00, 0x00, 0x00, 0x00, 0x7F, 0x80, 0x00, 0x1F, 0x42, 0xC0, 0x02, 0xE0, 0x03, 0x00,
    0x1F, 0x00, 0x0C, 0x00, 0xF4, 0x00, 0xB0, 0x0B, 0xC0, 0x2F, 0x00, 0x3F, 0xFF, 0x90, 0x00, 0xF4,
    0x00, 0x00, 0x03, 0xD0, 0x00, 0x00, 0x0F, 0x00, 0x00, 0x00, 0x3C, 0x00, 0x00, 0x00, 0xF0, 0x00,
    0x0C, 0x01, 0xD0, 0x01, 0xD0, 0x03, 0xD0, 0x7C, 0x00, 0x02, 0xFE, 0x40, 0x00, 0x00, 0x40, 0x00,
    0x3C, 0x00, 0x0F, 0xC0, 0x00, 0xB8, 0x00, 0x07, 0x40, 0x00, 0x40, 0x00, 0x00, 0x0B, 0xD0, 0x0E,
    0x2C, 0x06, 0x07, 0x43, 0x02, 0xD0, 0xC0, 0xF0, 0x00, 0x7C, 0x00, 0x2D, 0x00, 0x0F, 0x00, 0x07,
    0x80, 0x03, 0xD0, 0x00, 0xF0, 0x30, 0xB8, 0x28, 0x2C, 0x0C, 0x07, 0x0D, 0x00, 0xBD, 0x00, 0x00,
    0x00, 0x01, 0x00, 0x00, 0x03, 0xE0, 0x00, 0x03, 0xE0, 0x00, 0x07, 0xD0, 0x00, 0x0B, 0x40, 0x00,
    0x01, 0x00, 0x00, 0x00, 0x00, 0x00, 0x0B, 0xD0, 0x00, 0x0E, 0x2C, 0x00, 0x06, 0x07, 0x40, 0x03,
    0x02, 0xD0, 0x00, 0xC0, 0xF0, 0x00, 0x00, 0x7C, 0x00, 0x00, 0x2D, 0x00, 0x00, 0x0F, 0x00, 0x00,
    0x07, 0x80, 0x00, 0x03, 0xD0, 0x00, 0x00, 0xF0, 0x30, 0x00, 0xB8, 0x28, 0x00, 0x2C, 0x0C, 0x00,
    0x07, 0x0D, 0x00, 0x00, 0xBD, 0x00, 0x00, 0x00, 0x0A, 0x00, 0x00, 0xBD, 0x00, 0x0B, 0x2C, 0x00,
    0xB0, 0x34, 0x0A, 0x00, 0x70, 0x10, 0x00, 0x40, 0x2F, 0x40, 0x03, 0x8B, 0x00, 0x18, 0x1D, 0x00,
    0xC0, 0xB4, 0x03, 0x03, 0xC0, 0x00, 0x1F, 0x00, 0x00, 0xB4, 0x00, 0x03, 0xC0, 0x00, 0x1E, 0x00,
    0x00, 0xF4, 0x00, 0x03, 0xC0, 0xC0, 0x2E, 0x0A, 0x00, 0xB0, 0x30, 0x01, 0xC3, 0x40, 0x02, 0xF4,
    0x00, 0x00, 0xB4, 0x0F, 0x40, 0xBF, 0x0B, 0xE0, 0x1F, 0x01, 0xF0, 0x00, 0x00, 0x00, 0x00, 0x00,
    0x00, 0x00, 0x00, 0x00, 0x00, 0x2F, 0x40, 0x00, 0x38, 0xB0, 0x00, 0x18, 0x1D, 0x00, 0x0C, 0x0B,
    0x40, 0x03, 0x03, 0xC0, 0x00, 0x01, 0xF0, 0x00, 0x00, 0xB4, 0x00, 0x00, 0x3C, 0x00, 0x00, 0x1E,
    0x00, 0x00, 0x0F, 0x40, 0x00, 0x03, 0xC0, 0xC0, 0x02, 0xE0, 0xA0, 0x00, 0xB0, 0x30, 0x00, 0x1C,
    0x34, 0x00, 0x02, 0xF4, 0x00, 0x00, 0x00, 0x00, 0x00, 0x00, 0x00, 0x0E, 0x00, 0x09, 0x00, 0x02,
    0xE0, 0xA0, 0x00, 0x00, 0xBF, 0x00, 0x00, 0x00, 0xBF, 0x00, 0x00, 0x0A, 0x0F, 0x80, 0x00, 0x20,
    0x07, 0xD0, 0x00, 0x00, 0x03, 0xE0, 0x00, 0x00, 0x02, 0xF0, 0x00, 0x07, 0xF9, 0xF4, 0x00, 0x79,
    0x0A, 0xF4, 0x01, 0xE0, 0x03, 0xF8, 0x07, 0x80, 0x01, 0xF8, 0x0F, 0x00, 0x01, 0xF4, 0x3E, 0x00,
    0x01, 0xF4, 0x3D, 0x00, 0x01, 0xF0, 0xBC, 0x00, 0x02, 0xF0, 0xBC, 0x00, 0x03, 0xE0, 0xF8, 0x00,
    0x03, 0xC0, 0xB8, 0x00, 0x0B, 0x80, 0xB8, 0x00, 0x1F, 0x00, 0x3C, 0x00, 0x3C, 0x00, 0x1F, 0x02,
    0xE0, 0x00, 0x02, 0xFE, 0x00, 0x00, 0x00, 0x00, 0x2F, 0x00, 0x80, 0x00, 0x1D, 0x3C, 0x70, 0x00,
    0x02, 0x00, 0xF8, 0x00, 0x00, 0x00, 0x00, 0x00, 0x00, 0x00, 0x00, 0x00, 0x00, 0x7E, 0x01, 0xFE,
    0x00, 0x0D, 0x74, 0xE0, 0x78, 0x02, 0x83, 0xF8, 0x03, 0xC0, 0x30, 0x3E, 0x00, 0x3C, 0x03, 0x07,
    0xC0, 0x03, 0xC0, 0x00, 0xB8, 0x00, 0x7C, 0x00, 0x0F, 0x40, 0x0B, 0x80, 0x00, 0xF0, 0x00, 0xF0,
    0x00, 0x1F, 0x00, 0x1F, 0x00, 0x02, 0xE0, 0x02, 0xE0, 0x00, 0x3D, 0x00, 0x3C, 0x09, 0x03, 0xC0,
    0x03, 0xC0, 0xC0, 0x7C, 0x00, 0x78, 0x24, 0x0B, 0x80, 0x03, 0x8B, 0x00, 0xB0, 0x00, 0x1F, 0x80,
    0x00, 0x01, 0x00, 0x00, 0x00, 0xF4, 0x00, 0x00, 0x07, 0xC0, 0x00, 0x00, 0x1F, 0x00, 0x00, 0x00,
    0x38, 0x00, 0x00, 0x00, 0x40, 0x00, 0x00, 0x00, 0x00, 0x00, 0x7F, 0x90, 0x00, 0x7D, 0x0B, 0x40,
    0x1F, 0x00, 0x3C, 0x03, 0xC0, 0x02, 0xD0, 0xF8, 0x00, 0x2E, 0x1F, 0x00, 0x02, 0xF3, 0xF0, 0x00,
    0x3E, 0x3D, 0x00, 0x03, 0xE7, 0xD0, 0x00, 0x7D, 0x7C, 0x00, 0x0B, 0xC7, 0xC0, 0x00, 0xF4, 0x3C,
    0x00, 0x3E, 0x02, 0xD0, 0x0B, 0x80, 0x0F, 0x42, 0xE0, 0x00, 0x2F, 0xE0, 0x00, 0x00, 0x00, 0x00,
    0x14, 0x00, 0x00, 0x02, 0xF0, 0x00, 0x00, 0x2F, 0x40, 0x00, 0x03, 0xE0, 0x00, 0x00, 0x38, 0x00,
    0x00, 0x00, 0x00, 0x00, 0x00, 0x00, 0x00, 0x00, 0x01, 0xFE, 0x40, 0x00, 0x7D, 0x0B, 0x40, 0x07,
    0xC0, 0x0F, 0x00, 0x3C, 0x00, 0x2D, 0x03, 0xE0, 0x00, 0xB8, 0x1F, 0x00, 0x02, 0xF0, 0xFC, 0x00,
    0x0F, 0x83, 0xD0, 0x00, 0x3E, 0x1F, 0x40, 0x01, 0xF4, 0x7C, 0x00, 0x0B, 0xC1, 0xF0, 0x00, 0x3D,
    0x03, 0xC0, 0x03, 0xE0, 0x0B, 0x40, 0x2E, 0x00, 0x0F, 0x42, 0xE0, 0x00, 0x0B, 0xF8, 0x00, 0x00,
    0x00, 0x00, 0x0C, 0x00, 0x00, 0x07, 0xE0, 0x00, 0x01, 0xD3, 0x40, 0x00, 0x74, 0x2C, 0x00, 0x1C,
    0x00, 0xD0, 0x01, 0x00, 0x00, 0x00, 0x07, 0xF9, 0x00, 0x07, 0xD0, 0xB4, 0x01, 0xF0, 0x03, 0xC0,
    0x3C, 0x00, 0x2D, 0x0F, 0x80, 0x02, 0xE1, 0xF0, 0x00, 0x2F, 0x3F, 0x00, 0x03, 0xE3, 0xD0, 0x00,
    0x3E, 0x7D, 0x00, 0x07, 0xD7, 0xC0, 0x00, 0xBC, 0x7C, 0x00, 0x0F, 0x43, 0xC0, 0x03, 0xE0, 0x2D,
    0x00, 0xB8, 0x00, 0xF4, 0x2E, 0x00, 0x02, 0xFE, 0x00, 0x00, 0x00, 0x02, 0xF0, 0x08, 0x00, 0x0D,
    0x3C, 0x74, 0x00, 0x20, 0x0F, 0x80, 0x00, 0x00, 0x00, 0x00, 0x00, 0x00, 0x00, 0x00, 0x00, 0x07,
    0xF9, 0x00, 0x00, 0x7D, 0x0B, 0x40, 0x01, 0xF0, 0x03, 0xC0, 0x03, 0xC0, 0x02, 0xD0, 0x0F, 0x80,
    0x02, 0xE0, 0x1F, 0x00, 0x02, 0xF0, 0x3F, 0x00, 0x03, 0xE0, 0x3D, 0x00, 0x03, 0xE0, 0x7D, 0x00,
    0x07, 0xD0, 0x7C, 0x00, 0x0B, 0xC0, 0x7C, 0x00, 0x0F, 0x40, 0x3C, 0x00, 0x3E, 0x00, 0x2D, 0x00,
    0xB8, 0x00, 0x0F, 0x42, 0xE0, 0x00, 0x02, 0xFE, 0x00, 0x00, 0x00, 0x07, 0xC0, 0xB8, 0x00, 0x0F,
    0xC1, 0xFC, 0x00, 0x0F, 0x40, 0xF4, 0x00, 0x00, 0x00, 0x00, 0x00, 0x00, 0x00, 0x00, 0x00, 0x00,
    0x00, 0x00, 0x00, 0x07, 0xF9, 0x00, 0x00, 0x7D, 0x0B, 0x40, 0x01, 0xF0, 0x03, 0xC0, 0x03, 0xC0,
    0x02, 0xD0, 0x0F, 0x80, 0x02, 0xE0, 0x1F, 0x00, 0x02, 0xF0, 0x3F, 0x00, 0x03, 0xE0, 0x3D, 0x00,
    0x03, 0xE0, 0x7D, 0x00, 0x07, 0xD0, 0x7C, 0x00, 0x0B, 0xC0, 0x7C, 0x00, 0x0F, 0x40, 0x3C, 0x00,
    0x3E, 0x00, 0x2D, 0x00, 0xB8, 0x00, 0x0F, 0x42, 0xE0, 0x00, 0x02, 0xFE, 0x00, 0x00, 0x00, 0x00,
    0x02, 0xF0, 0x00, 0x00, 0x00, 0x01, 0xFE, 0x00, 0x00, 0x00, 0x00, 0xBF, 0x40, 0x00, 0x00, 0x00,
    0x0F, 0x40, 0x00, 0x00, 0x00, 0x00, 0x00, 0x00, 0x00, 0x00, 0x00, 0x00, 0x00, 0x00, 0x00, 0x00,
    0x00, 0x00, 0x00, 0x00, 0x00, 0x00, 0x00, 0x00, 0x3F, 0xFF, 0xFF, 0xFF, 0xFF, 0x80, 0x00, 0x00,
    0x00, 0x00, 0x00, 0x00, 0x00, 0x00, 0x00, 0x00, 0x00, 0x00, 0x00, 0x00, 0x00, 0x00, 0x00, 0x00,
    0x00, 0x00, 0x00, 0x00, 0x00, 0x00, 0x00, 0x00, 0x00, 0x0F, 0x40, 0x00, 0x00, 0x00, 0x0F, 0xF0,
    0x00, 0x00, 0x00, 0x03, 0xFC, 0x00, 0x00, 0x00, 0x00, 0xB8, 0x00, 0x00, 0x00, 0x00, 0x00, 0x00,
    0x02, 0x00, 0x00, 0x00, 0x01, 0x40, 0x00, 0x00, 0x00, 0x80, 0x00, 0x07, 0xF8, 0xC0, 0x00, 0x0F,
    0x42, 0xD0, 0x00, 0x0F, 0x00, 0x7C, 0x00, 0x0F, 0x00, 0x27, 0x00, 0x0B, 0x40, 0x31, 0xD0, 0x07,
    0xC0, 0x20, 0x78, 0x02, 0xD0, 0x24, 0x2D, 0x00, 0xF0, 0x18, 0x0F, 0x40, 0x3C, 0x08, 0x03, 0xC0,
    0x0F, 0x08, 0x02, 0xE0, 0x03, 0x89, 0x00, 0xF0, 0x00, 0xF6, 0x00, 0xB4, 0x00, 0x1E, 0x00, 0xB4,
    0x00, 0x03, 0xC0, 0xB4, 0x00, 0x02, 0x5F, 0xE0, 0x00, 0x01, 0x80, 0x00, 0x00, 0x00, 0x80, 0x00,
    0x00, 0x00, 0x40, 0x00, 0x00, 0x00, 0x00, 0x00, 0x00, 0x40, 0x00, 0x00, 0x00, 0x7C, 0x00, 0x00,
    0x00, 0x0F, 0x80, 0x00, 0x00, 0x00, 0xF4, 0x00, 0x00, 0x00, 0x0B, 0x00, 0x00, 0x00, 0x00, 0x40,
    0x00, 0x00, 0x00, 0x00, 0x00, 0x0B, 0xD0, 0x00, 0x50, 0x0A, 0x2C, 0x00, 0x3C, 0x06, 0x0B, 0x40,
    0x1E, 0x03, 0x03, 0xD0, 0x0B, 0x40, 0x80, 0xF0, 0x03, 0xC0, 0x00, 0xB8, 0x00, 0xF0, 0x00, 0x3D,
    0x00, 0x78, 0x00, 0x0F, 0x00, 0x2D, 0x00, 0x0B, 0x80, 0x0F, 0x00, 0x03, 0xD0, 0x03, 0xC0, 0x00,
    0xF0, 0x01, 0xE0, 0x90, 0x3C, 0x00, 0xB4, 0x30, 0x0F, 0x00, 0x7D, 0x1C, 0x01, 0xE0, 0x77, 0x8D,
    0x00, 0x1F, 0xE0, 0x7D, 0x00, 0x00, 0x00, 0x00, 0x01, 0x00, 0x00, 0x00, 0x03, 0xD0, 0x00, 0x00,
    0x07, 0xE0, 0x00, 0x00, 0x0B, 0xC0, 0x00, 0x00, 0x0B, 0x40, 0x00, 0x00, 0x01, 0x00, 0x00, 0x00,
    0x00, 0x00, 0x00, 0x0B, 0xD0, 0x00, 0x50, 0x0A, 0x2C, 0x00, 0x3C, 0x06, 0x0B, 0x40, 0x1E, 0x03,
    0x03, 0xD0, 0x0B, 0x40, 0x80, 0xF0, 0x03, 0xC0, 0x00, 0xB8, 0x00, 0xF0, 0x00, 0x3D, 0x00, 0x78,
    0x00, 0x0F, 0x00, 0x2D, 0x00, 0x0B, 0x80, 0x0F, 0x00, 0x03, 0xD0, 0x03, 0xC0, 0x00, 0xF0, 0x01,
    0xE0, 0x90, 0x3C, 0x00, 0xB4, 0x30, 0x0F, 0x00, 0x7D, 0x1C, 0x01, 0xE0, 0x77, 0x8D, 0x00, 0x1F,
    0xE0, 0x7D, 0x00, 0x00, 0x00, 0x02, 0x80, 0x00, 0x00, 0x03, 0xF0, 0x00, 0x00, 0x03, 0xCE, 0x00,
    0x00, 0x03, 0x80, 0xD0, 0x00, 0x03, 0x80, 0x1C, 0x00, 0x00, 0x40, 0x01, 0x00, 0x2F, 0x40, 0x01,
    0x40, 0x28, 0xB0, 0x00, 0xF0, 0x18, 0x2D, 0x00, 0x78, 0x0C, 0x0F, 0x40, 0x2D, 0x02, 0x03, 0xC0,
    0x0F, 0x00, 0x02, 0xE0, 0x03, 0xC0, 0x00, 0xF4, 0x01, 0xE0, 0x00, 0x3C, 0x00, 0xB4, 0x00, 0x2E,
    0x00, 0x3C, 0x00, 0x0F, 0x40, 0x0F, 0x00, 0x03, 0xC0, 0x07, 0x82, 0x40, 0xF0, 0x02, 0xD0, 0xC0,
    0x3C, 0x01, 0xF4, 0x70, 0x07, 0x81, 0xDE, 0x34, 0x00, 0x7F, 0x81, 0xF4, 0x00, 0x00, 0x00, 0xF4,
    0x1F, 0x00, 0x00, 0xFE, 0x0F, 0xD0, 0x00, 0x2E, 0x02, 0xE0, 0x00, 0x00, 0x00, 0x00, 0x00, 0x00,
    0x00, 0x00, 0x00, 0x00, 0x00, 0x00, 0x00, 0x2F, 0x40, 0x00, 0x00, 0x28, 0xB0, 0x00, 0xF0, 0x18,
    0x2D, 0x00, 0x78, 0x0C, 0x0F, 0x40, 0x2D, 0x02, 0x03, 0xC0, 0x0F, 0x40, 0x02, 0xE0, 0x03, 0xC0,
    0x00, 0xF4, 0x01, 0xE0, 0x00, 0x3C, 0x00, 0xB4, 0x00, 0x2E, 0x00, 0x3C, 0x00, 0x0F, 0x40, 0x0F,
    0x00, 0x03, 0xC0, 0x07, 0x82, 0x40, 0xF0, 0x02, 0xD0, 0xC0, 0x3C, 0x01, 0xF4, 0x60, 0x07, 0x81,
    0xDE, 0x34, 0x00, 0x7F, 0x81, 0xF4, 0x00, 0x00, 0x00, 0x00, 0x04, 0x00, 0x00, 0x00, 0x3E, 0x00,
    0x00, 0x01, 0xF8, 0x00, 0x00, 0x07, 0xD0, 0x00, 0x00, 0x2D, 0x00, 0x00, 0x00, 0x10, 0x00, 0x00,
    0x00, 0x00, 0x00, 0x02, 0xF4, 0x00, 0x00, 0x0E, 0x2C, 0x00, 0x3C, 0x18, 0x2D, 0x00, 0x7C, 0x30,
    0x3D, 0x00, 0xB8, 0x20, 0x3C, 0x00, 0xF4, 0x00, 0x78, 0x00, 0xF0, 0x00, 0xF4, 0x01, 0xF0, 0x00,
    0xF0, 0x02, 0xE0, 0x01, 0xE0, 0x03, 0xD0, 0x02, 0xD0, 0x03, 0xC0, 0x03, 0xC0, 0x07, 0xC0, 0x03,
    0xC0, 0x0B, 0x80, 0x03, 0xC0, 0x0F, 0x40, 0x01, 0xE0, 0x7F, 0x00, 0x00, 0x7F, 0xAF, 0x00, 0x00,
    0x00, 0x2E, 0x00, 0x00, 0x00, 0x3C, 0x00, 0x0F, 0x00, 0x78, 0x00, 0x2F, 0x00, 0xF0, 0x00, 0x2D,
    0x02, 0xD0, 0x00, 0x1C, 0x0F, 0x40, 0x00, 0x07, 0xF8, 0x00, 0x00, 0x00, 0x00, 0xFF, 0x80, 0x00,
    0x00, 0x00, 0x3D, 0x00, 0x00, 0x00, 0x00, 0xF0, 0x00, 0x00, 0x00, 0x03, 0xC0, 0x00, 0x00, 0x00,
    0x1E, 0x00, 0x00, 0x00, 0x00, 0xB4, 0x00, 0x00, 0x00, 0x03, 0xC0, 0x00, 0x00, 0x00, 0x0F, 0x00,
    0x00, 0x00, 0x00, 0x78, 0xBE, 0x00, 0x00, 0x02, 0xED, 0x0F, 0x00, 0x00, 0x0F, 0xC0, 0x1E, 0x00,
    0x00, 0x3C, 0x00, 0x3C, 0x00, 0x01, 0xF0, 0x00, 0xF0, 0x00, 0x0B, 0x80, 0x07, 0xC0, 0x00, 0x3D,
    0x00, 0x2F, 0x00, 0x00, 0xF0, 0x00, 0xFC, 0x00, 0x07, 0xC0, 0x03, 0xE0, 0x00, 0x2E, 0x00, 0x1F,
    0x00, 0x00, 0xF4, 0x00, 0xF8, 0x00, 0x03, 0xC0, 0x07, 0xC0, 0x00, 0x1F, 0x00, 0x3C, 0x00, 0x00,
    0xBE, 0x07, 0xC0, 0x00, 0x03, 0xCB, 0xF4, 0x00, 0x00, 0x0F, 0x00, 0x00, 0x00, 0x00, 0x78, 0x00,
    0x00, 0x00, 0x02, 0xD0, 0x00, 0x00, 0x00, 0x0F, 0x00, 0x00, 0x00, 0x00, 0x7C, 0x00, 0x00, 0x00,
    0x3F, 0xFF, 0x40, 0x00, 0x00, 0x00, 0x00, 0x00, 0x00, 0x00, 0x00, 0x02, 0xD0, 0x3D, 0x00, 0x0B,
    0xF0, 0xFE, 0x00, 0x07, 0xC0, 0x7C, 0x00, 0x00, 0x00, 0x00, 0x00, 0x00, 0x00, 0x00, 0x00, 0x00,
    0x00, 0x00, 0x02, 0xF4, 0x00, 0x14, 0x0E, 0x2C, 0x00, 0x3C, 0x18, 0x2D, 0x00, 0x7C, 0x30, 0x3D,
    0x00, 0xB8, 0x20, 0x3C, 0x00, 0xF4, 0x00, 0x78, 0x00, 0xF0, 0x00, 0xF4, 0x01, 0xF0, 0x00, 0xF0,
    0x02, 0xE0, 0x01, 0xE0, 0x03, 0xD0, 0x02, 0xD0, 0x03, 0xC0, 0x03, 0xC0, 0x07, 0xC0, 0x03, 0xC0,
    0x0B, 0x80, 0x03, 0xC0, 0x0F, 0x40, 0x01, 0xE0, 0x7F, 0x00, 0x00, 0x7F, 0xAF, 0x00, 0x00, 0x00,
    0x2E, 0x00, 0x00, 0x00, 0x3C, 0x00, 0x0F, 0x00, 0x78, 0x00, 0x2F, 0x00, 0xF0, 0x00, 0x2D, 0x02,
    0xD0, 0x00, 0x1C, 0x0F, 0x40, 0x00, 0x07, 0xF8, 0x00, 0x00, 0x00, 0x00, 0x01, 0xFF, 0xFF, 0xFF,
    0x80, 0x00, 0x00, 0x00, 0x00, 0x00, 0x00, 0x00, 0x00, 0x00, 0x00, 0x00, 0x00, 0x00, 0x00, 0x00,
    0x00, 0x00, 0x00, 0x00, 0x00, 0x00, 0x00, 0xA0, 0x00, 0x00, 0x00, 0x00, 0x00, 0x7C, 0x00, 0x00,
    0x00, 0x00, 0x00, 0x3F, 0x00, 0x00, 0x00, 0x00, 0x00, 0x1F, 0xC0, 0x00, 0x00, 0x00, 0x00, 0x0F,
    0xF0, 0x00, 0x00, 0x00, 0x00, 0x0B, 0xBC, 0x00, 0x00, 0x00, 0x00, 0x03, 0x2F, 0x00, 0x00, 0x00,
    0x00, 0x02, 0x8B, 0xC0, 0x00, 0x00, 0x00, 0x00, 0xC1, 0xF0, 0x00, 0x00, 0x00, 0x00, 0x90, 0x7D,
    0x00, 0x00, 0x00, 0x00, 0x70, 0x1F, 0x40, 0x00, 0x00, 0x00, 0x30, 0x03, 0xD0, 0x00, 0x00, 0x00,
    0x18, 0x00, 0xF8, 0x00, 0x00, 0x00, 0x0C, 0x00, 0x3E, 0x00, 0x00, 0x00, 0x09, 0x00, 0x0F, 0x80,
    0x00, 0x00, 0x03, 0xFF, 0xFF, 0xE0, 0x00, 0x00, 0x02, 0x40, 0x00, 0xFC, 0x00, 0x00, 0x00, 0x80,
    0x00, 0x3F, 0x00, 0x00, 0x00, 0xC0, 0x00, 0x0F, 0xC0, 0x00, 0x00, 0x60, 0x00, 0x02, 0xF0, 0x00,
    0x00, 0x30, 0x00, 0x00, 0xBC, 0x00, 0x00, 0x2C, 0x00, 0x00, 0x2F, 0x00, 0x00, 0x2F, 0x00, 0x00,
    0x0F, 0xD0, 0x00, 0xFF, 0xF4, 0x00, 0x7F, 0xFF, 0x80, 0x00, 0xFF, 0xFF, 0xF8, 0x00, 0x00, 0x00,
    0x00, 0x00, 0x00, 0x00, 0x00, 0x00, 0x00, 0x00, 0x00, 0x0B, 0xE0, 0x00, 0x01, 0xE0, 0xAF, 0x00,
    0x1E, 0x00, 0xFC, 0x01, 0xF0, 0x02, 0xE0, 0x0F, 0x40, 0x0B, 0x40, 0x7C, 0x00, 0x3C, 0x03, 0xE0,
    0x00, 0xF0, 0x0F, 0x40, 0x07, 0x80, 0x7C, 0x00, 0x2D, 0x01, 0xF0, 0x00, 0xF0, 0x07, 0xC0, 0x03,
    0xC1, 0x8F, 0x00, 0x2E, 0x0D, 0x3C, 0x01, 0xF8, 0x30, 0x78, 0x28, 0xE3, 0x80, 0x7F, 0x41, 0xF8,
    0x00, 0x00, 0x00, 0x00, 0x08, 0x00, 0x08, 0x00, 0x00, 0x00, 0x08, 0x00, 0x28, 0x00, 0x00, 0x00,
    0x0A, 0x01, 0xE0, 0x00, 0x00, 0x00, 0x01, 0xFE, 0x00, 0x00, 0x00, 0x00, 0x00, 0x00, 0x00, 0x00,
    0x00, 0x00, 0x00, 0xA0, 0x00, 0x00, 0x00, 0x00, 0x01, 0xF0, 0x00, 0x00, 0x00, 0x00, 0x03, 0xF0,
    0x00, 0x00, 0x00, 0x00, 0x07, 0xF0, 0x00, 0x00, 0x00, 0x00, 0x0F, 0xF0, 0x00, 0x00, 0x00, 0x00,
    0x2E, 0xF0, 0x00, 0x00, 0x00, 0x00, 0x32, 0xF0, 0x00, 0x00, 0x00, 0x00, 0xA2, 0xF0, 0x00, 0x00,
    0x00, 0x00, 0xC1, 0xF0, 0x00, 0x00, 0x00, 0x02, 0x41, 0xF4, 0x00, 0x00, 0x00, 0x07, 0x01, 0xF4,
    0x00, 0x00, 0x00, 0x0C, 0x00, 0xF4, 0x00, 0x00, 0x00, 0x18, 0x00, 0xF8, 0x00, 0x00, 0x00, 0x30,
    0x00, 0xF8, 0x00, 0x00, 0x00, 0x90, 0x00, 0xF8, 0x00, 0x00, 0x00, 0xFF, 0xFF, 0xF8, 0x00, 0x00,
    0x02, 0x40, 0x00, 0xFC, 0x00, 0x00, 0x02, 0x00, 0x00, 0xFC, 0x00, 0x00, 0x0C, 0x00, 0x00, 0xFC,
    0x00, 0x00, 0x18, 0x00, 0x00, 0xBC, 0x00, 0x00, 0x30, 0x00, 0x00, 0xBC, 0x00, 0x00, 0xB0, 0x00,
    0x00, 0xBC, 0x00, 0x02, 0xF0, 0x00, 0x00, 0xFD, 0x00, 0x3F, 0xFD, 0x00, 0x1F, 0xFF, 0xE0, 0x00,
    0x08, 0x00, 0x08, 0x00, 0x0C, 0x00, 0x18, 0x00, 0x0A, 0x01, 0xA0, 0x00, 0x01, 0xFE, 0x40, 0x00,
    0x00, 0x00, 0x00, 0x00, 0x00, 0x00, 0x00, 0x00, 0x0B, 0xE0, 0x00, 0x00, 0x78, 0x2B, 0xC0, 0x01,
    0xE0, 0x0F, 0xC0, 0x07, 0xC0, 0x0B, 0x80, 0x0F, 0x40, 0x0B, 0x40, 0x1F, 0x00, 0x0F, 0x00, 0x3E,
    0x00, 0x0F, 0x00, 0x3D, 0x00, 0x1E, 0x00, 0x7C, 0x00, 0x2D, 0x00, 0x7C, 0x00, 0x3C, 0x00, 0x7C,
    0x00, 0x3C, 0x18, 0x3C, 0x00, 0xB8, 0x34, 0x3C, 0x01, 0xF8, 0x30, 0x1E, 0x0A, 0x38, 0xE0, 0x07,
    0xF4, 0x1F, 0x80, 0x00, 0x00, 0x00, 0x00, 0xA0, 0x00, 0x00, 0x00, 0x00, 0x0F, 0x00, 0x00, 0x00,
    0x00, 0x03, 0xF0, 0x00, 0x00, 0x00, 0x00, 0x7F, 0x00, 0x00, 0x00, 0x00, 0x0F, 0xF0, 0x00, 0x00,
    0x00, 0x02, 0xEF, 0x00, 0x00, 0x00, 0x00, 0x32, 0xF0, 0x00, 0x00, 0x00, 0x0A, 0x2F, 0x00, 0x00,
    0x00, 0x00, 0xC1, 0xF0, 0x00, 0x00, 0x00, 0x34, 0x1F, 0x40, 0x00, 0x00, 0x07, 0x01, 0xF4, 0x00,
    0x00, 0x00, 0xC0, 0x0F, 0x40, 0x00, 0x00, 0x28, 0x00, 0xF8, 0x00, 0x00, 0x03, 0x00, 0x0F, 0x80,
    0x00, 0x00, 0x90, 0x00, 0xF8, 0x00, 0x00, 0x0F, 0xFF, 0xFF, 0x80, 0x00, 0x03, 0x40, 0x00, 0xFC,
    0x00, 0x00, 0x60, 0x00, 0x0F, 0xC0, 0x00, 0x0C, 0x00, 0x00, 0xFC, 0x00, 0x01, 0x80, 0x00, 0x0B,
    0xC0, 0x00, 0x30, 0x00, 0x00, 0xBC, 0x00, 0x0F, 0x00, 0x00, 0x0B, 0xC0, 0x07, 0xF4, 0x00, 0x00,
    0xFD, 0x03, 0xFF, 0xD0, 0x01, 0xFF, 0xFE, 0x00, 0x00, 0x00, 0x00, 0x60, 0x00, 0x00, 0x00, 0x00,
    0x18, 0x00, 0x00, 0x00, 0x00, 0x03, 0x00, 0x00, 0x00, 0x00, 0x00, 0xA0, 0x00, 0x00, 0x00, 0x00,
    0x0F, 0x00, 0x40, 0x00, 0x00, 0x00, 0xB4, 0x70, 0x00, 0x00, 0x00, 0x02, 0xF8, 0x00, 0x00, 0x0B,
    0xD0, 0x00, 0x02, 0xE0, 0x9F, 0x00, 0x2E, 0x00, 0xFC, 0x01, 0xF0, 0x02, 0xE0, 0x0F, 0x40, 0x0B,
    0x40, 0xBC, 0x00, 0x3C, 0x03, 0xE0, 0x00, 0xF0, 0x0F, 0x40, 0x07, 0x80, 0x7C, 0x00, 0x2D, 0x01,
    0xF0, 0x00, 0xF0, 0x07, 0xC0, 0x03, 0xC1, 0x9F, 0x00, 0x2E, 0x0D, 0x3C, 0x01, 0xF8, 0x30, 0x78,
    0x28, 0xE3, 0x80, 0x7F, 0x41, 0xF8, 0x00, 0x00, 0x09, 0x00, 0x00, 0x00, 0xC0, 0x00, 0x00, 0x09,
    0x00, 0x00, 0x00, 0x30, 0x00, 0x00, 0x01, 0xC0, 0x00, 0x00, 0x03, 0xC1, 0x80, 0x00, 0x07, 0xF4,
    0x00, 0x00, 0x00, 0x00, 0x00, 0x18, 0x00, 0x00, 0x00, 0x00, 0x03, 0xF4, 0x00, 0x00, 0x00, 0x00,
    0xBE, 0x40, 0x00, 0x00, 0x00, 0x1E, 0x40, 0x00, 0x00, 0x00, 0x00, 0x00, 0x00, 0x00, 0x00, 0x00,
    0x00, 0x00, 0x00, 0x00, 0x00, 0x00, 0x1B, 0xFD, 0x00, 0x80, 0x00, 0x0B, 0xD0, 0x0A, 0x0E, 0x00,
    0x01, 0xF4, 0x00, 0x0A, 0xF4, 0x00, 0x2F, 0x00, 0x00, 0x0F, 0xC0, 0x02, 0xF0, 0x00, 0x00, 0x2E,
    0x00, 0x2F, 0x00, 0x00, 0x00, 0x74, 0x01, 0xF8, 0x00, 0x00, 0x00, 0xC0, 0x0F, 0xC0, 0x00, 0x00,
    0x07, 0x00, 0xBD, 0x00, 0x00, 0x00, 0x18, 0x03, 0xF0, 0x00, 0x00, 0x00, 0x00, 0x1F, 0x80, 0x00,
    0x00, 0x00, 0x00, 0xBD, 0x00, 0x00, 0x00, 0x00, 0x03, 0xF0, 0x00, 0x00, 0x00, 0x00, 0x0F, 0xC0,
    0x00, 0x00, 0x00, 0x00, 0x3F, 0x00, 0x00, 0x00, 0x00, 0x00, 0xFC, 0x00, 0x00, 0x00, 0x30, 0x03,
    0xF0, 0x00, 0x00, 0x01, 0x80, 0x0B, 0xC0, 0x00, 0x00, 0x0C, 0x00, 0x0F, 0x40, 0x00, 0x00, 0x90,
    0x00, 0x2E, 0x00, 0x00, 0x0A, 0x00, 0x00, 0x3E, 0x00, 0x00, 0xE0, 0x00, 0x00, 0x2F, 0x40, 0x6D,
    0x00, 0x00, 0x00, 0x0B, 0xFE, 0x40, 0x00, 0x00, 0x00, 0x00, 0x00, 0x40, 0x00, 0x00, 0x3E, 0x00,
    0x00, 0x0F, 0xC0, 0x00, 0x07, 0xD0, 0x00, 0x01, 0xE0, 0x00, 0x00, 0x10, 0x00, 0x00, 0x00, 0x00,
    0x00, 0x00, 0x7F, 0xD0, 0x00, 0x7D, 0x07, 0x00, 0x1F, 0x00, 0xB4, 0x03, 0xC0, 0x0F, 0x00, 0xF8,
    0x00, 0x00, 0x1F, 0x00, 0x00, 0x03, 0xF0, 0x00, 0x00, 0x3D, 0x00, 0x00, 0x07, 0xD0, 0x00, 0x00,
    0x7C, 0x00, 0x00, 0x07, 0xC0, 0x00, 0x00, 0x3C, 0x00, 0x03, 0x02, 0xD0, 0x01, 0xD0, 0x0F, 0x41,
    0xF0, 0x00, 0x2F, 0xE4, 0x00, 0x00, 0x00, 0x00, 0x00, 0x80, 0x00, 0x00, 0x00, 0x00, 0x1F, 0x40,
    0x00, 0x00, 0x00, 0x01, 0xEB, 0x00, 0x00, 0x00, 0x00, 0x1D, 0x0E, 0x00, 0x00, 0x00, 0x02, 0xC0,
    0x0C, 0x00, 0x00, 0x00, 0x04, 0x00, 0x10, 0x00, 0x00, 0x00, 0x00, 0x00, 0x00, 0x00, 0x00, 0x00,
    0x6F, 0xF4, 0x02, 0x00, 0x00, 0x2F, 0x40, 0x28, 0x38, 0x00, 0x07, 0xD0, 0x00, 0x2B, 0xD0, 0x00,
    0xBC, 0x00, 0x00, 0x3F, 0x00, 0x0B, 0xC0, 0x00, 0x00, 0xB8, 0x00, 0xBC, 0x00, 0x00, 0x01, 0xD0,
    0x07, 0xE0, 0x00, 0x00, 0x03, 0x00, 0x3F, 0x00, 0x00, 0x00, 0x1C, 0x02, 0xF4, 0x00, 0x00, 0x00,
    0x60, 0x0F, 0xC0, 0x00, 0x00, 0x00, 0x00, 0x7E, 0x00, 0x00, 0x00, 0x00, 0x02, 0xF4, 0x00, 0x00,
    0x00, 0x00, 0x0F, 0xC0, 0x00, 0x00, 0x00, 0x00, 0x3F, 0x00, 0x00, 0x00, 0x00, 0x00, 0xFC, 0x00,
    0x00, 0x00, 0x00, 0x03, 0xF0, 0x00, 0x00, 0x00, 0xC0, 0x0F, 0xC0, 0x00, 0x00, 0x06, 0x00, 0x2F,
    0x00, 0x00, 0x00, 0x30, 0x00, 0x3D, 0x00, 0x00, 0x02, 0x40, 0x00, 0xB8, 0x00, 0x00, 0x28, 0x00,
    0x00, 0xF8, 0x00, 0x03, 0x80, 0x00, 0x00, 0xBD, 0x01, 0xB4, 0x00, 0x00, 0x00, 0x2F, 0xF9, 0x00,
    0x00, 0x00, 0x00, 0x00, 0x04, 0x00, 0x00, 0x02, 0xD0, 0x00, 0x00, 0xBB, 0x00, 0x00, 0x2C, 0x34,
    0x00, 0x0E, 0x01, 0xC0, 0x02, 0x80, 0x09, 0x00, 0x00, 0x00, 0x00, 0x00, 0x7F, 0xD0, 0x00, 0x7D,
    0x07, 0x00, 0x1F, 0x00, 0xB4, 0x03, 0xC0, 0x0F, 0x00, 0xF8, 0x00, 0x00, 0x1F, 0x00, 0x00, 0x03,
    0xF0, 0x00, 0x00, 0x3D, 0x00, 0x00, 0x07, 0xD0, 0x00, 0x00, 0x7C, 0x00, 0x00, 0x07, 0xC0, 0x00,
    0x00, 0x3C, 0x00, 0x03, 0x02, 0xD0, 0x01, 0xD0, 0x0F, 0x41, 0xF0, 0x00, 0x2F, 0xE4, 0x00, 0x00,
    0x00, 0x00, 0x07, 0xC0, 0x00, 0x00, 0x00, 0x00, 0x3F, 0x40, 0x00, 0x00, 0x00, 0x00, 0xB8, 0x00,
    0x00, 0x00, 0x00, 0x00, 0x00, 0x00, 0x00, 0x00, 0x00, 0x00, 0x00, 0x00, 0x00, 0x00, 0x06, 0xFF,
    0x40, 0x20, 0x00, 0x02, 0xF4, 0x02, 0x83, 0x80, 0x00, 0x7D, 0x00, 0x02, 0xBD, 0x00, 0x0B, 0xC0,
    0x00, 0x03, 0xF0, 0x00, 0xBC, 0x00, 0x00, 0x0B, 0x80, 0x0B, 0xC0, 0x00, 0x00, 0x1D, 0x00, 0x7E,
    0x00, 0x00, 0x00, 0x30, 0x03, 0xF0, 0x00, 0x00, 0x01, 0xC0, 0x2F, 0x40, 0x00, 0x00, 0x06, 0x00,
    0xFC, 0x00, 0x00, 0x00, 0x00, 0x07, 0xE0, 0x00, 0x00, 0x00, 0x00, 0x2F, 0x40, 0x00, 0x00, 0x00,
    0x00, 0xFC, 0x00, 0x00, 0x00, 0x00, 0x03, 0xF0, 0x00, 0x00, 0x00, 0x00, 0x0F, 0xC0, 0x00, 0x00,
    0x00, 0x00, 0x3F, 0x00, 0x00, 0x00, 0x0C, 0x00, 0xFC, 0x00, 0x00, 0x00, 0x60, 0x02, 0xF0, 0x00,
    0x00, 0x03, 0x00, 0x03, 0xD0, 0x00, 0x00, 0x24, 0x00, 0x0B, 0x80, 0x00, 0x02, 0x80, 0x00, 0x0F,
    0x80, 0x00, 0x38, 0x00, 0x00, 0x0B, 0xD0, 0x1B, 0x40, 0x00, 0x00, 0x02, 0xFF, 0x90, 0x00, 0x00,
    0x00, 0x00, 0x2E, 0x00, 0x00, 0x1F, 0xC0, 0x00, 0x03, 0xD0, 0x00, 0x00, 0x00, 0x00, 0x00, 0x00,
    0x00, 0x00, 0x00, 0x00, 0x00, 0x00, 0x00, 0x00, 0x1F, 0xF4, 0x00, 0x7D, 0x07, 0x00, 0x7C, 0x02,
    0xD0, 0x3C, 0x00, 0xF0, 0x3E, 0x00, 0x00, 0x1F, 0x00, 0x00, 0x0F, 0xC0, 0x00, 0x03, 0xD0, 0x00,
    0x01, 0xF4, 0x00, 0x00, 0x7C, 0x00, 0x00, 0x1F, 0x00, 0x00, 0x03, 0xC0, 0x00, 0x30, 0xB4, 0x00,
    0x74, 0x0F, 0x41, 0xF0, 0x00, 0xBF, 0x90, 0x00, 0x00, 0x00, 0x00, 0x60, 0x01, 0x90, 0x00, 0x00,
    0x00, 0xB4, 0x7D, 0x00, 0x00, 0x00, 0x00, 0xBF, 0x80, 0x00, 0x00, 0x00, 0x00, 0xB0, 0x00, 0x00,
    0x00, 0x00, 0x00, 0x00, 0x00, 0x00, 0x00, 0x00, 0x00, 0x00, 0x00, 0x00, 0x00, 0x00, 0x00, 0x00,
    0x00, 0x00, 0x00, 0x6F, 0xF4, 0x02, 0x00, 0x00, 0x2F, 0x40, 0x28, 0x38, 0x00, 0x07, 0xD0, 0x00,
    0x2B, 0xD0, 0x00, 0xBC, 0x00, 0x00, 0x3F, 0x00, 0x0B, 0xC0, 0x00, 0x00, 0xB8, 0x00, 0xBC, 0x00,
    0x00, 0x01, 0xD0, 0x07, 0xE0, 0x00, 0x00, 0x03, 0x00, 0x3F, 0x00, 0x00, 0x00, 0x1C, 0x02, 0xF4,
    0x00, 0x00, 0x00, 0x60, 0x0F, 0xC0, 0x00, 0x00, 0x00, 0x00, 0x7E, 0x00, 0x00, 0x00, 0x00, 0x02,
    0xF4, 0x00, 0x00, 0x00, 0x00, 0x0F, 0xC0, 0x00, 0x00, 0x00, 0x00, 0x3F, 0x00, 0x00, 0x00, 0x00,
    0x00, 0xFC, 0x00, 0x00, 0x00, 0x00, 0x03, 0xF0, 0x00, 0x00, 0x00, 0xC0, 0x0F, 0xC0, 0x00, 0x00,
    0x06, 0x00, 0x2F, 0x00, 0x00, 0x00, 0x30, 0x00, 0x3D, 0x00, 0x00, 0x02, 0x40, 0x00, 0xB8, 0x00,
    0x00, 0x28, 0x00, 0x00, 0xF8, 0x00, 0x03, 0x80, 0x00, 0x00, 0xBD, 0x01, 0xB4, 0x00, 0x00, 0x00,
    0x2F, 0xF9, 0x00, 0x00, 0x00, 0x00, 0x00, 0x00, 0x00, 0x00, 0x09, 0x00, 0x0C, 0x00, 0x03, 0x80,
    0xB4, 0x00, 0x01, 0xEB, 0xC0, 0x00, 0x00, 0xBE, 0x00, 0x00, 0x00, 0x24, 0x00, 0x00, 0x00, 0x00,
    0x00, 0x00, 0x07, 0xFD, 0x00, 0x00, 0x7D, 0x07, 0x00, 0x01, 0xF0, 0x0B, 0x40, 0x03, 0xC0, 0x0F,
    0x00, 0x0F, 0x80, 0x00, 0x00, 0x1F, 0x00, 0x00, 0x00, 0x3F, 0x00, 0x00, 0x00, 0x3D, 0x00, 0x00,
    0x00, 0x7D, 0x00, 0x00, 0x00, 0x7C, 0x00, 0x00, 0x00, 0x7C, 0x00, 0x00, 0x00, 0x3C, 0x00, 0x03,
    0x00, 0x2D, 0x00, 0x1D, 0x00, 0x0F, 0x41, 0xF0, 0x00, 0x02, 0xFE, 0x40, 0x00, 0x00, 0x00, 0x00,
    0x00, 0x00, 0x00, 0x00, 0x00, 0x00, 0x90, 0x02, 0xC0, 0x00, 0x00, 0x00, 0x3D, 0x2E, 0x00, 0x00,
    0x00, 0x00, 0x0F, 0xF4, 0x00, 0x00, 0x00, 0x00, 0x03, 0x80, 0x00, 0x00, 0x00, 0x00, 0x00, 0x00,
    0x00, 0x00, 0x00, 0x00, 0x00, 0x00, 0x00, 0x00, 0x00, 0x00, 0x00, 0x00, 0x00, 0x00, 0x1F, 0xFF,
    0xFF, 0xF9, 0x00, 0x00, 0x00, 0xFC, 0x00, 0x1F, 0xC0, 0x00, 0x00, 0xFC, 0x00, 0x02, 0xF0, 0x00,
    0x00, 0xF8, 0x00, 0x00, 0xF4, 0x00, 0x01, 0xF4, 0x00, 0x00, 0xBC, 0x00, 0x02, 0xF0, 0x00, 0x00,
    0x7C, 0x00, 0x03, 0xF0, 0x00, 0x00, 0x3D, 0x00, 0x03, 0xE0, 0x00, 0x00, 0x3E, 0x00, 0x07, 0xD0,
    0x00, 0x00, 0x7E, 0x00, 0x0B, 0xC0, 0x00, 0x00, 0x7D, 0x00, 0x0F, 0xC0, 0x00, 0x00, 0xBD, 0x00,
    0x0F, 0x80, 0x00, 0x00, 0xFC, 0x00, 0x1F, 0x40, 0x00, 0x00, 0xFC, 0x00, 0x2F, 0x00, 0x00, 0x01,
    0xF8, 0x00, 0x3F, 0x00, 0x00, 0x02, 0xF0, 0x00, 0x3E, 0x00, 0x00, 0x03, 0xE0, 0x00, 0x7D, 0x00,
    0x00, 0x0B, 0xC0, 0x00, 0xBC, 0x00, 0x00, 0x0F, 0x40, 0x00, 0xFC, 0x00, 0x00, 0x3E, 0x00, 0x00,
    0xF8, 0x00, 0x00, 0xB8, 0x00, 0x01, 0xF4, 0x00, 0x03, 0xE0, 0x00, 0x02, 0xF0, 0x00, 0x6F, 0x00,
    0x00, 0xFF, 0xFF, 0xFF, 0xE4, 0x00, 0x00, 0x00, 0x00, 0x00, 0x00, 0x2F, 0x00, 0x00, 0x01, 0xFF,
    0x4F, 0xE0, 0x00, 0x00, 0x07, 0xC3, 0xF4, 0x00, 0x00, 0x00, 0xF0, 0x0C, 0x00, 0x00, 0x00, 0x78,
    0x0A, 0x00, 0x00, 0x00, 0x2D, 0x0A, 0x00, 0x00, 0x00, 0x0F, 0x0A, 0x00, 0x00, 0x00, 0x03, 0xC0,
    0x00, 0x00, 0x00, 0x01, 0xE0, 0x00, 0x00, 0x02, 0xF8, 0xB4, 0x00, 0x00, 0x07, 0x82, 0x7C, 0x00,
    0x00, 0x07, 0x80, 0x3F, 0x00, 0x00, 0x07, 0xC0, 0x0B, 0x80, 0x00, 0x03, 0xD0, 0x02, 0xD0, 0x00,
    0x01, 0xF0, 0x00, 0xF0, 0x00, 0x00, 0xF8, 0x00, 0x3C, 0x00, 0x00, 0x3D, 0x00, 0x1E, 0x00, 0x00,
    0x1F, 0x00, 0x0B, 0x40, 0x00, 0x07, 0xC0, 0x03, 0xC0, 0x00, 0x01, 0xF0, 0x00, 0xF0, 0x60, 0x00,
    0x3C, 0x00, 0xB8, 0x34, 0x00, 0x0F, 0x00, 0x7E, 0x0C, 0x00, 0x01, 0xE0, 0xA3, 0x8E, 0x00, 0x00,
    0x1F, 0xD0, 0x7E, 0x00, 0x00, 0x00, 0x1F, 0xFF, 0xFF, 0xF9, 0x00, 0x00, 0x00, 0xFC, 0x00, 0x1F,
    0xC0, 0x00, 0x00, 0xF8, 0x00, 0x02, 0xF0, 0x00, 0x00, 0xF4, 0x00, 0x00, 0xF4, 0x00, 0x01, 0xF0,
    0x00, 0x00, 0xBC, 0x00, 0x02, 0xF0, 0x00, 0x00, 0x7C, 0x00, 0x03, 0xE0, 0x00, 0x00, 0x3D, 0x00,
    0x03, 0xD0, 0x00, 0x00, 0x3E, 0x00, 0x07, 0xC0, 0x00, 0x00, 0x7E, 0x00, 0x0B, 0xC0, 0x00, 0x00,
    0x7D, 0x00, 0x0F, 0x80, 0x00, 0x00, 0xBD, 0x03, 0xFF, 0xFF, 0xF0, 0x00, 0xFC, 0x00, 0x1F, 0x00,
    0x00, 0x00, 0xFC, 0x00, 0x2F, 0x00, 0x00, 0x01, 0xF4, 0x00, 0x3F, 0x00, 0x00, 0x03, 0xF0, 0x00,
    0x3E, 0x00, 0x00, 0x03, 0xE0, 0x00, 0x7D, 0x00, 0x00, 0x0B, 0xC0, 0x00, 0xBC, 0x00, 0x00, 0x0F,
    0x40, 0x00, 0xFC, 0x00, 0x00, 0x3E, 0x00, 0x00, 0xF8, 0x00, 0x00, 0xF8, 0x00, 0x01, 0xF4, 0x00,
    0x03, 0xD0, 0x00, 0x03, 0xF0, 0x00, 0x6F, 0x00, 0x00, 0xBF, 0xFF, 0xFF, 0xE0, 0x00, 0x00, 0x00,
    0x00, 0x07, 0xFD, 0x00, 0x00, 0x00, 0x1F, 0x00, 0x00, 0x00, 0x03, 0xC0, 0x00, 0x00, 0x01, 0xE0,
    0x00, 0x00, 0x3F, 0xFF, 0x00, 0x00, 0x00, 0x3C, 0x00, 0x00, 0x00, 0x1F, 0x00, 0x00, 0x00, 0x07,
    0x80, 0x00, 0x0B, 0xE2, 0xD0, 0x00, 0x2E, 0x09, 0xF0, 0x00, 0x2E, 0x00, 0xFC, 0x00, 0x1F, 0x00,
    0x3E, 0x00, 0x0F, 0x40, 0x0B, 0x40, 0x0B, 0xC0, 0x03, 0xC0, 0x03, 0xE0, 0x00, 0xF0, 0x00, 0xF4,
    0x00, 0x78, 0x00, 0x7C, 0x00, 0x2D, 0x00, 0x1F, 0x00, 0x0F, 0x00, 0x07, 0xC0, 0x03, 0xC1, 0x81,
    0xF0, 0x02, 0xE0, 0x90, 0x3C, 0x01, 0xF8, 0x30, 0x07, 0x82, 0x8E, 0x24, 0x00, 0x7F, 0x41, 0xF8,
    0x00, 0x00, 0x00, 0x0F, 0xFF, 0xFF, 0xF8, 0x00, 0x00, 0x00, 0x00, 0x00, 0x00, 0x00, 0x00, 0x00,
    0x00, 0x00, 0x00, 0x00, 0x00, 0x00, 0x00, 0x00, 0x00, 0x00, 0x00, 0x00, 0x00, 0x00, 0x00, 0xBF,
    0xFF, 0xFF, 0xFF, 0xD0, 0x00, 0x0F, 0xC0, 0x00, 0x1F, 0x40, 0x00, 0x3F, 0x00, 0x00, 0x1D, 0x00,
    0x00, 0xF8, 0x00, 0x00, 0x30, 0x00, 0x07, 0xD0, 0x00, 0x00, 0xC0, 0x00, 0x2F, 0x00, 0x00, 0x03,
    0x00, 0x00, 0xFC, 0x00, 0x00, 0x1C, 0x00, 0x03, 0xE0, 0x00, 0x00, 0x00, 0x00, 0x1F, 0x40, 0x09,
    0x00, 0x00, 0x00, 0xBC, 0x00, 0x30, 0x00, 0x00, 0x03, 0xF0, 0x03, 0xC0, 0x00, 0x00, 0x0F, 0xFF,
    0xFE, 0x00, 0x00, 0x00, 0x7D, 0x00, 0xB4, 0x00, 0x00, 0x02, 0xF0, 0x00, 0xC0, 0x00, 0x00, 0x0F,
    0xC0, 0x07, 0x00, 0x00, 0x00, 0x3E, 0x00, 0x14, 0x02, 0x40, 0x01, 0xF4, 0x00, 0x00, 0x0C, 0x00,
    0x0B, 0xC0, 0x00, 0x00, 0x60, 0x00, 0x3F, 0x00, 0x00, 0x03, 0x00, 0x00, 0xF8, 0x00, 0x00, 0x2C,
    0x00, 0x07, 0xD0, 0x00, 0x02, 0xD0, 0x00, 0x3F, 0x00, 0x00, 0x7F, 0x00, 0x3F, 0xFF, 0xFF, 0xFF,
    0xF8, 0x00, 0x00, 0x3F, 0xFF, 0xFD, 0x00, 0x00, 0x00, 0x00, 0x00, 0x00, 0x00, 0x00, 0x00, 0x00,
    0x00, 0x00, 0x00, 0x07, 0xF8, 0x00, 0x00, 0x7D, 0x0B, 0x00, 0x02, 0xE0, 0x03, 0x00, 0x07, 0xC0,
    0x03, 0x00, 0x0F, 0x40, 0x0B, 0x00, 0x2F, 0x00, 0xBC, 0x00, 0x3F, 0xFF, 0x90, 0x00, 0x3D, 0x00,
    0x00, 0x00, 0x3D, 0x00, 0x00, 0x00, 0x3C, 0x00, 0x00, 0x00, 0x3C, 0x00, 0x00, 0x00, 0x3C, 0x00,
    0x03, 0x00, 0x1D, 0x00, 0x1D, 0x00, 0x0F, 0x41, 0xF0, 0x00, 0x02, 0xFE, 0x40, 0x00, 0x00, 0x00,
    0x00, 0x03, 0xD0, 0x00, 0x00, 0x00, 0x00, 0x2F, 0x80, 0x00, 0x00, 0x00, 0x00, 0x7C, 0x00, 0x00,
    0x00, 0x00, 0x00, 0x00, 0x00, 0x00, 0x00, 0x00, 0x00, 0x00, 0x00, 0x00, 0xBF, 0xFF, 0xFF, 0xFF,
    0xD0, 0x00, 0x0F, 0xC0, 0x00, 0x1F, 0x40, 0x00, 0x3F, 0x00, 0x00, 0x1D, 0x00, 0x00, 0xF8, 0x00,
    0x00, 0x30, 0x00, 0x07, 0xD0, 0x00, 0x00, 0xC0, 0x00, 0x2F, 0x00, 0x00, 0x03, 0x00, 0x00, 0xFC,
    0x00, 0x00, 0x1C, 0x00, 0x03, 0xE0, 0x00, 0x00, 0x00, 0x00, 0x1F, 0x40, 0x09, 0x00, 0x00, 0x00,
    0xBC, 0x00, 0x30, 0x00, 0x00, 0x03, 0xF0, 0x03, 0xC0, 0x00, 0x00, 0x0F, 0xFF, 0xFE, 0x00, 0x00,
    0x00, 0x7D, 0x00, 0xB4, 0x00, 0x00, 0x02, 0xF0, 0x00, 0xC0, 0x00, 0x00, 0x0F, 0xC0, 0x07, 0x00,
    0x00, 0x00, 0x3E, 0x00, 0x14, 0x02, 0x40, 0x01, 0xF4, 0x00, 0x00, 0x0C, 0x00, 0x0B, 0xC0, 0x00,
    0x00, 0x60, 0x00, 0x3F, 0x00, 0x00, 0x03, 0x00, 0x00, 0xF8, 0x00, 0x00, 0x2C, 0x00, 0x07, 0xD0,
    0x00, 0x02, 0xD0, 0x00, 0x3F, 0x00, 0x00, 0x7F, 0x00, 0x3F, 0xFF, 0xFF, 0xFF, 0xF8, 0x00, 0x00,
    0x00, 0x2E, 0x00, 0x00, 0x1F, 0xC0, 0x00, 0x03, 0xD0, 0x00, 0x00, 0x00, 0x00, 0x00, 0x00, 0x00,
    0x00, 0x00, 0x00, 0x00, 0x00, 0x00, 0x00, 0x1F, 0xE0, 0x00, 0x7D, 0x0B, 0x00, 0xB8, 0x00, 0xC0,
    0x7C, 0x00, 0x30, 0x3D, 0x00, 0x2C, 0x2F, 0x00, 0xBC, 0x0F, 0xFF, 0xE4, 0x03, 0xD0, 0x00, 0x00,
    0xF4, 0x00, 0x00, 0x3C, 0x00, 0x00, 0x0F, 0x00, 0x00, 0x03, 0xC0, 0x00, 0x30, 0x74, 0x00, 0x74,
    0x0F, 0x41, 0xF0, 0x00, 0xBF, 0x90, 0x00, 0x00, 0x1F, 0xFF, 0xFF, 0xFF, 0xF4, 0x00, 0x03, 0xF0,
    0x00, 0x07, 0xD0, 0x00, 0x0F, 0x80, 0x00, 0x07, 0x40, 0x00, 0x7D, 0x00, 0x00, 0x0C, 0x00, 0x02,
    0xF0, 0x00, 0x00, 0x30, 0x00, 0x0F, 0xC0, 0x00, 0x00, 0xC0, 0x00, 0x3F, 0x00, 0x00, 0x02, 0x00,
    0x00, 0xF8, 0x00, 0x00, 0x00, 0x00, 0x07, 0xD0, 0x02, 0x00, 0x00, 0x00, 0x2F, 0x00, 0x0C, 0x00,
    0x00, 0x00, 0xFC, 0x00, 0xE0, 0x00, 0x00, 0x03, 0xFF, 0xFF, 0x40, 0x00, 0x00, 0x1F, 0x40, 0x2C,
    0x00, 0x00, 0x00, 0xBC, 0x00, 0x30, 0x00, 0x00, 0x03, 0xF0, 0x01, 0x80, 0x00, 0x00, 0x0F, 0x80,
    0x05, 0x00, 0x90, 0x00, 0x7D, 0x00, 0x00, 0x03, 0x00, 0x02, 0xF0, 0x00, 0x00, 0x18, 0x00, 0x0F,
    0xC0, 0x00, 0x00, 0xD0, 0x00, 0x3E, 0x00, 0x00, 0x0B, 0x00, 0x01, 0xF4, 0x00, 0x00, 0xB4, 0x00,
    0x0F, 0xC0, 0x00, 0x1F, 0xC0, 0x0F, 0xFF, 0xFF, 0xFF, 0xFE, 0x00, 0x00, 0x00, 0x00, 0x28, 0x00,
    0x00, 0x00, 0x00, 0x02, 0x40, 0x00, 0x00, 0x00, 0x00, 0x1C, 0x00, 0x00, 0x00, 0x00, 0x00, 0xE0,
    0x00, 0x00, 0x00, 0x00, 0x03, 0x80, 0x80, 0x00, 0x00, 0x00, 0x0F, 0x4A, 0x00, 0x00, 0x00, 0x00,
    0x0F, 0xD0, 0x00, 0x00, 0x00, 0x07, 0xF8, 0x00, 0x1F, 0x42, 0xC0, 0x2E, 0x00, 0x30, 0x1F, 0x00,
    0x0C, 0x0F, 0x40, 0x0A, 0x0B, 0xC0, 0x6F, 0x03, 0xFF, 0xF9, 0x00, 0xF4, 0x00, 0x00, 0x3D, 0x00,
    0x00, 0x1F, 0x00, 0x00, 0x03, 0xC0, 0x00, 0x00, 0xF0, 0x00, 0x0C, 0x2D, 0x00, 0x1D, 0x03, 0xD0,
    0x78, 0x00, 0x2F, 0xF4, 0x00, 0x00, 0x20, 0x00, 0x00, 0x30, 0x00, 0x00, 0x28, 0x00, 0x00, 0x0E,
    0x00, 0x00, 0x03, 0x80, 0x50, 0x00, 0xF4, 0x60, 0x00, 0x0B, 0xD0, 0x00, 0x00, 0x00, 0x01, 0x80,
    0x02, 0x80, 0x00, 0x00, 0x01, 0xE1, 0xF4, 0x00, 0x00, 0x00, 0x01, 0xFE, 0x00, 0x00, 0x00, 0x00,
    0x01, 0xD0, 0x00, 0x00, 0x00, 0x00, 0x00, 0x00, 0x00, 0x00, 0x00, 0x00, 0x00, 0x00, 0x00, 0x00,
    0x00, 0x00, 0x00, 0x00, 0x00, 0x0B, 0xFF, 0xFF, 0xFF, 0xFD, 0x00, 0x00, 0xFC, 0x00, 0x01, 0xF4,
    0x00, 0x03, 0xF0, 0x00, 0x01, 0xD0, 0x00, 0x0F, 0x80, 0x00, 0x03, 0x00, 0x00, 0x7D, 0x00, 0x00,
    0x0C, 0x00, 0x02, 0xF0, 0x00, 0x00, 0x30, 0x00, 0x0F, 0xC0, 0x00, 0x01, 0xC0, 0x00, 0x3E, 0x00,
    0x00, 0x00, 0x00, 0x01, 0xF4, 0x00, 0x90, 0x00, 0x00, 0x0B, 0xC0, 0x03, 0x00, 0x00, 0x00, 0x3F,
    0x00, 0x3C, 0x00, 0x00, 0x00, 0xFF, 0xFF, 0xE0, 0x00, 0x00, 0x07, 0xD0, 0x0B, 0x40, 0x00, 0x00,
    0x2F, 0x00, 0x0C, 0x00, 0x00, 0x00, 0xFC, 0x00, 0x70, 0x00, 0x00, 0x03, 0xE0, 0x01, 0x40, 0x24,
    0x00, 0x1F, 0x40, 0x00, 0x00, 0xC0, 0x00, 0xBC, 0x00, 0x00, 0x06, 0x00, 0x03, 0xF0, 0x00, 0x00,
    0x30, 0x00, 0x0F, 0x80, 0x00, 0x02, 0xC0, 0x00, 0x7D, 0x00, 0x00, 0x2D, 0x00, 0x03, 0xF0, 0x00,
    0x07, 0xF0, 0x03, 0xFF, 0xFF, 0xFF, 0xFF, 0x80, 0x00, 0x00, 0x00, 0x00, 0x00, 0x00, 0x09, 0x00,
    0x0C, 0x00, 0x03, 0x80, 0xB4, 0x00, 0x01, 0xEB, 0xC0, 0x00, 0x00, 0xBE, 0x00, 0x00, 0x00, 0x24,
    0x00, 0x00, 0x00, 0x00, 0x00, 0x00, 0x07, 0xF8, 0x00, 0x00, 0x7D, 0x0B, 0x00, 0x02, 0xE0, 0x03,
    0x00, 0x07, 0xC0, 0x03, 0x00, 0x0F, 0x40, 0x0B, 0x00, 0x2F, 0x00, 0xBC, 0x00, 0x3F, 0xFF, 0x90,
    0x00, 0x3D, 0x00, 0x00, 0x00, 0x3D, 0x00, 0x00, 0x00, 0x3C, 0x00, 0x00, 0x00, 0x3C, 0x00, 0x00,
    0x00, 0x3C, 0x00, 0x03, 0x00, 0x1D, 0x00, 0x1D, 0x00, 0x0F, 0x41, 0xF0, 0x00, 0x02, 0xFE, 0x40,
    0x00, 0x00, 0x00, 0x00, 0x00, 0x80, 0x00, 0x00, 0x00, 0x00, 0x0F, 0x40, 0x00, 0x00, 0x00, 0x01,
    0xEB, 0x00, 0x00, 0x00, 0x00, 0x1D, 0x0E, 0x00, 0x00, 0x00, 0x02, 0xC0, 0x0C, 0x00, 0x00, 0x00,
    0x04, 0x00, 0x10, 0x00, 0x00, 0x00, 0x00, 0x00, 0x00, 0x00, 0x00, 0x00, 0x6F, 0xF4, 0x02, 0x00,
    0x00, 0x2F, 0x40, 0x28, 0x38, 0x00, 0x07, 0xD0, 0x00, 0x2B, 0xD0, 0x00, 0xBC, 0x00, 0x00, 0x3F,
    0x00, 0x0B, 0xC0, 0x00, 0x00, 0xBC, 0x00, 0x7D, 0x00, 0x00, 0x01, 0xE0, 0x03, 0xE0, 0x00, 0x00,
    0x03, 0x40, 0x3F, 0x00, 0x00, 0x00, 0x0C, 0x01, 0xF8, 0x00, 0x00, 0x00, 0x70, 0x0F, 0xC0, 0x00,
    0x00, 0x00, 0x00, 0x7F, 0x00, 0x00, 0x00, 0x00, 0x02, 0xF8, 0x00, 0x00, 0x00, 0x00, 0x0F, 0xD0,
    0x00, 0x00, 0x00, 0x00, 0x3F, 0x00, 0x00, 0x00, 0x00, 0x00, 0xFC, 0x00, 0x00, 0xFF, 0xFF, 0x03,
    0xF0, 0x00, 0x00, 0x0F, 0xC0, 0x0F, 0xC0, 0x00, 0x00, 0x3E, 0x00, 0x2F, 0x00, 0x00, 0x01, 0xF4,
    0x00, 0x7C, 0x00, 0x00, 0x0B, 0xC0, 0x00, 0xF8, 0x00, 0x00, 0x3F, 0x00, 0x00, 0xF8, 0x00, 0x03,
    0xB8, 0x00, 0x00, 0xFD, 0x00, 0xB4, 0xD0, 0x00, 0x00, 0x6F, 0xF9, 0x00, 0x00, 0x00, 0x00, 0x00,
    0x00, 0x00, 0x00, 0x00, 0x07, 0x40, 0x00, 0x00, 0x2E, 0xC0, 0x00, 0x00, 0xB0, 0xE0, 0x00, 0x02,
    0xC0, 0x30, 0x00, 0x0A, 0x00, 0x18, 0x00, 0x00, 0x00, 0x00, 0x00, 0x00, 0xBE, 0x00, 0x00, 0x07,
    0x82, 0x7C, 0x00, 0x2E, 0x00, 0xFC, 0x00, 0x7C, 0x00, 0xB8, 0x00, 0xF4, 0x00, 0xB4, 0x01, 0xF0,
    0x00, 0xF0, 0x03, 0xF0, 0x00, 0xF0, 0x03, 0xD0, 0x01, 0xE0, 0x07, 0xD0, 0x02, 0xD0, 0x07, 0xC0,
    0x03, 0xC0, 0x07, 0xC0, 0x03, 0xC0, 0x03, 0xC0, 0x0B, 0x80, 0x03, 0xC0, 0x1F, 0x40, 0x01, 0xE0,
    0xBF, 0x00, 0x00, 0x7F, 0x4F, 0x00, 0x00, 0x00, 0x1E, 0x00, 0x00, 0x00, 0x2D, 0x00, 0x00, 0x00,
    0x3C, 0x00, 0x00, 0x00, 0x7C, 0x00, 0x2D, 0x00, 0xF0, 0x00, 0x3C, 0x07, 0xC0, 0x00, 0x1F, 0xFD,
    0x00, 0x00, 0x00, 0x00, 0x00, 0x40, 0x00, 0x80, 0x00, 0x00, 0x06, 0x00, 0x09, 0x00, 0x00, 0x00,
    0x0E, 0x01, 0xD0, 0x00, 0x00, 0x00, 0x0B, 0xF8, 0x00, 0x00, 0x00, 0x00, 0x00, 0x00, 0x00, 0x00,
    0x00, 0x00, 0x00, 0x00, 0x00, 0x00, 0x00, 0x1B, 0xFE, 0x41, 0x80, 0x00, 0x0B, 0xE0, 0x06, 0xFD,
    0x00, 0x01, 0xF8, 0x00, 0x01, 0xF0, 0x00, 0x2F, 0x40, 0x00, 0x02, 0xC0, 0x02, 0xF0, 0x00, 0x00,
    0x06, 0x00, 0x1F, 0x40, 0x00, 0x00, 0x00, 0x00, 0xF8, 0x00, 0x00, 0x00, 0x00, 0x0F, 0xC0, 0x00,
    0x00, 0x00, 0x00, 0x7E, 0x00, 0x00, 0x00, 0x00, 0x03, 0xF0, 0x00, 0x00, 0x00, 0x00, 0x1F, 0xC0,
    0x00, 0x00, 0x00, 0x00, 0xBE, 0x00, 0x00, 0x00, 0x00, 0x03, 0xF4, 0x00, 0x00, 0x00, 0x00, 0x0F,
    0xC0, 0x00, 0x00, 0x00, 0x00, 0x3F, 0x00, 0x00, 0x3F, 0xFF, 0xC0, 0xFC, 0x00, 0x00, 0x03, 0xF0,
    0x03, 0xF0, 0x00, 0x00, 0x0F, 0x80, 0x0B, 0xC0, 0x00, 0x00, 0x7D, 0x00, 0x1F, 0x00, 0x00, 0x02,
    0xF0, 0x00, 0x3E, 0x00, 0x00, 0x0F, 0xC0, 0x00, 0x3E, 0x00, 0x00, 0xEE, 0x00, 0x00, 0x3F, 0x40,
    0x6D, 0x34, 0x00, 0x00, 0x1B, 0xFE, 0x40, 0x00, 0x00, 0x00, 0x02, 0x00, 0x02, 0x00, 0x00, 0xC0,
    0x01, 0xC0, 0x00, 0x1C, 0x02, 0xC0, 0x00, 0x01, 0xFF, 0x40, 0x00, 0x00, 0x00, 0x00, 0x00, 0x00,
    0x00, 0x00, 0x00, 0x00, 0x0B, 0xE0, 0x00, 0x00, 0x1E, 0x09, 0xF0, 0x00, 0x2E, 0x00, 0xFC, 0x00,
    0x1F, 0x00, 0x2E, 0x00, 0x0F, 0x40, 0x0B, 0x40, 0x07, 0xC0, 0x03, 0xC0, 0x03, 0xF0, 0x00, 0xF0,
    0x00, 0xF4, 0x00, 0x78, 0x00, 0x7D, 0x00, 0x2D, 0x00, 0x1F, 0x00, 0x0F, 0x00, 0x07, 0xC0, 0x03,
    0xC0, 0x00, 0xF0, 0x02, 0xE0, 0x00, 0x3C, 0x01, 0xF4, 0x00, 0x07, 0x82, 0xFC, 0x00, 0x00, 0x7F,
    0x4F, 0x00, 0x00, 0x00, 0x07, 0x80, 0x00, 0x00, 0x02, 0xD0, 0x00, 0x00, 0x00, 0xF0, 0x00, 0x00,
    0x00, 0x7C, 0x00, 0x0B, 0x40, 0x3C, 0x00, 0x03, 0xC0, 0x7C, 0x00, 0x00, 0x7F, 0xF4, 0x00, 0x00,
    0x00, 0x00, 0x00, 0x07, 0xC0, 0x00, 0x00, 0x00, 0x00, 0x3F, 0x40, 0x00, 0x00, 0x00, 0x00, 0xB8,
    0x00, 0x00, 0x00, 0x00, 0x00, 0x00, 0x00, 0x00, 0x00, 0x00, 0x00, 0x00, 0x00, 0x00, 0x00, 0x06,
    0xFF, 0x40, 0x20, 0x00, 0x02, 0xF4, 0x02, 0x83, 0x80, 0x00, 0x7D, 0x00, 0x02, 0xBD, 0x00, 0x0B,
    0xC0, 0x00, 0x03, 0xF0, 0x00, 0xBC, 0x00, 0x00, 0x0B, 0xC0, 0x07, 0xD0, 0x00, 0x00, 0x1E, 0x00,
    0x3E, 0x00, 0x00, 0x00, 0x34, 0x03, 0xF0, 0x00, 0x00, 0x00, 0xC0, 0x1F, 0x80, 0x00, 0x00, 0x07,
    0x00, 0xFC, 0x00, 0x00, 0x00, 0x00, 0x07, 0xF0, 0x00, 0x00, 0x00, 0x00, 0x2F, 0x80, 0x00, 0x00,
    0x00, 0x00, 0xFD, 0x00, 0x00, 0x00, 0x00, 0x03, 0xF0, 0x00, 0x00, 0x00, 0x00, 0x0F, 0xC0, 0x00,
    0x0F, 0xFF, 0xF0, 0x3F, 0x00, 0x00, 0x00, 0xFC, 0x00, 0xFC, 0x00, 0x00, 0x03, 0xE0, 0x02, 0xF0,
    0x00, 0x00, 0x1F, 0x40, 0x07, 0xC0, 0x00, 0x00, 0xBC, 0x00, 0x0F, 0x80, 0x00, 0x03, 0xF0, 0x00,
    0x0F, 0x80, 0x00, 0x3B, 0x80, 0x00, 0x0F, 0xD0, 0x0B, 0x4D, 0x00, 0x00, 0x06, 0xFF, 0x90, 0x00,
    0x00, 0x00, 0x00, 0x07, 0xC0, 0x00, 0x00, 0x0F, 0xC0, 0x00, 0x00, 0x0F, 0x80, 0x00, 0x00, 0x00,
    0x00, 0x00, 0x00, 0x00, 0x00, 0x00, 0x00, 0x00, 0x00, 0x00, 0x00, 0x00, 0x00, 0x00, 0x00, 0xBE,
    0x00, 0x00, 0x07, 0x82, 0x7C, 0x00, 0x2E, 0x00, 0xFC, 0x00, 0x7C, 0x00, 0xB8, 0x00, 0xF4, 0x00,
    0xB4, 0x01, 0xF0, 0x00, 0xF0, 0x03, 0xF0, 0x00, 0xF0, 0x03, 0xD0, 0x01, 0xE0, 0x07, 0xD0, 0x02,
    0xD0, 0x07, 0xC0, 0x03, 0xC0, 0x07, 0xC0, 0x03, 0xC0, 0x03, 0xC0, 0x0B, 0x80, 0x03, 0xC0, 0x1F,
    0x40, 0x01, 0xE0, 0xBF, 0x00, 0x00, 0x7F, 0x4F, 0x00, 0x00, 0x00, 0x1E, 0x00, 0x00, 0x00, 0x2D,
    0x00, 0x00, 0x00, 0x3C, 0x00, 0x00, 0x00, 0x7C, 0x00, 0x2D, 0x00, 0xF0, 0x00, 0x3C, 0x07, 0xC0,
    0x00, 0x1F, 0xFD, 0x00, 0x00, 0x00, 0x00, 0x00, 0x00, 0x20, 0x00, 0x00, 0x00, 0x00, 0x00, 0x03,
    0xE0, 0x00, 0x00, 0x00, 0x00, 0x00, 0x39, 0xC0, 0x00, 0x00, 0x00, 0x00, 0x07, 0x42, 0xC0, 0x00,
    0x00, 0x00, 0x00, 0x74, 0x03, 0x40, 0x00, 0x00, 0x00, 0x01, 0x00, 0x01, 0x00, 0x00, 0x00, 0x00,
    0x00, 0x00, 0x00, 0x00, 0x00, 0x07, 0xFF, 0xFD, 0x0B, 0xFF, 0xFC, 0x00, 0x00, 0xFD, 0x00, 0x00,
    0xFC, 0x00, 0x00, 0x03, 0xF0, 0x00, 0x03, 0xE0, 0x00, 0x00, 0x0F, 0x80, 0x00, 0x1F, 0x40, 0x00,
    0x00, 0x7D, 0x00, 0x00, 0xBC, 0x00, 0x00, 0x02, 0xF0, 0x00, 0x03, 0xF0, 0x00, 0x00, 0x0F, 0xC0,
    0x00, 0x0F, 0x80, 0x00, 0x00, 0x3E, 0x00, 0x00, 0x7D, 0x00, 0x00, 0x01, 0xF4, 0x00, 0x02, 0xF0,
    0x00, 0x00, 0x0B, 0xC0, 0x00, 0x0F, 0xC0, 0x00, 0x00, 0x3F, 0x00, 0x00, 0x3E, 0x00, 0x00, 0x00,
    0xFF, 0xFF, 0xFF, 0xF4, 0x00, 0x00, 0x07, 0xD0, 0x00, 0x0B, 0xC0, 0x00, 0x00, 0x2F, 0x00, 0x00,
    0x3F, 0x00, 0x00, 0x00, 0xFC, 0x00, 0x00, 0xF8, 0x00, 0x00, 0x03, 0xE0, 0x00, 0x07, 0xD0, 0x00,
    0x00, 0x1F, 0x40, 0x00, 0x2F, 0x00, 0x00, 0x00, 0xBC, 0x00, 0x00, 0xFC, 0x00, 0x00, 0x03, 0xF0,
    0x00, 0x03, 0xE0, 0x00, 0x00, 0x0F, 0x80, 0x00, 0x1F, 0x40, 0x00, 0x00, 0x7D, 0x00, 0x00, 0xBC,
    0x00, 0x00, 0x03, 0xF4, 0x00, 0x03, 0xF0, 0x00, 0x03, 0xFF, 0xFF, 0x03, 0xFF, 0xFE, 0x00, 0x00,
    0x00, 0x00, 0x00, 0x40, 0x00, 0x00, 0x02, 0xF0, 0x00, 0x00, 0x0B, 0x74, 0x00, 0x00, 0x2C, 0x1C,
    0x00, 0x00, 0xE0, 0x0E, 0x00, 0x01, 0x40, 0x02, 0x00, 0x00, 0x00, 0x00, 0x03, 0xFF, 0x00, 0x00,
    0x00, 0x2F, 0x00, 0x00, 0x00, 0x2E, 0x00, 0x00, 0x00, 0x3D, 0x00, 0x00, 0x00, 0x3C, 0x00, 0x00,
    0x00, 0x7C, 0x00, 0x00, 0x00, 0xB8, 0x00, 0x00, 0x00, 0xF4, 0x00, 0x00, 0x00, 0xF0, 0xBE, 0x00,
    0x01, 0xF7, 0x43, 0xC0, 0x02, 0xFC, 0x02, 0xD0, 0x03, 0xF0, 0x02, 0xD0, 0x03, 0xD0, 0x03, 0xD0,
    0x07, 0xC0, 0x03, 0xC0, 0x0B, 0x80, 0x07, 0xC0, 0x0F, 0x40, 0x0B, 0x80, 0x0F, 0x00, 0x0F, 0x00,
    0x1F, 0x00, 0x1F, 0x00, 0x2E, 0x00, 0x2D, 0x06, 0x3D, 0x00, 0x3C, 0x0D, 0x3C, 0x00, 0x3C, 0x1C,
    0x7C, 0x00, 0x2C, 0x70, 0x74, 0x00, 0x0F, 0xC0, 0x00, 0x0B, 0xFF, 0xFF, 0xC0, 0x00, 0x00, 0x00,
    0x00, 0x00, 0x00, 0x00, 0x00, 0x00, 0x00, 0xBF, 0xFF, 0xD0, 0x00, 0x00, 0x3F, 0x40, 0x00, 0x00,
    0x03, 0xF0, 0x00, 0x00, 0x00, 0x3E, 0x00, 0x00, 0x00, 0x07, 0xD0, 0x00, 0x00, 0x00, 0xBC, 0x00,
    0x00, 0x00, 0x0F, 0xC0, 0x00, 0x00, 0x00, 0xF8, 0x00, 0x00, 0x00, 0x1F, 0x40, 0x00, 0x00, 0x02,
    0xF0, 0x00, 0x00, 0x00, 0x3F, 0x00, 0x00, 0x00, 0x03, 0xE0, 0x00, 0x00, 0x00, 0x7D, 0x00, 0x00,
    0x00, 0x0B, 0xC0, 0x00, 0x00, 0x00, 0xFC, 0x00, 0x00, 0x00, 0x0F, 0x80, 0x00, 0x00, 0x01, 0xF4,
    0x00, 0x00, 0x00, 0x2F, 0x00, 0x00, 0x00, 0x03, 0xF0, 0x00, 0x00, 0x00, 0x3E, 0x00, 0x00, 0x00,
    0x07, 0xD0, 0x00, 0x00, 0x00, 0xFD, 0x00, 0x00, 0x03, 0xFF, 0xFF, 0x00, 0x00, 0x07, 0xFF, 0xFF,
    0xC0, 0x00, 0x00, 0x00, 0x00, 0x00, 0x00, 0x00, 0x00, 0x00, 0x00, 0x02, 0xF4, 0x00, 0x00, 0xE2,
    0xC0, 0x00, 0x18, 0x1D, 0x00, 0x03, 0x02, 0xD0, 0x00, 0x30, 0x3C, 0x00, 0x00, 0x07, 0xC0, 0x00,
    0x00, 0xB4, 0x00, 0x00, 0x0F, 0x00, 0x00, 0x01, 0xE0, 0x00, 0x00, 0x3D, 0x00, 0x00, 0x03, 0xC0,
    0xC0, 0x00, 0xB8, 0x28, 0x00, 0x0B, 0x03, 0x00, 0x00, 0x70, 0xD0, 0x00, 0x02, 0xF4, 0x00, 0x00,
    0x00, 0x00, 0x02, 0xD0, 0x00, 0x00, 0x0B, 0xF0, 0x00, 0x00, 0x07, 0xC0, 0x00, 0x00, 0x00, 0x00,
    0x00, 0x00, 0x00, 0x00, 0x00, 0x0B, 0xFF, 0xFD, 0x00, 0x00, 0x3F, 0x40, 0x00, 0x00, 0x3F, 0x00,
    0x00, 0x00, 0x3E, 0x00, 0x00, 0x00, 0x7D, 0x00, 0x00, 0x00, 0xBC, 0x00, 0x00, 0x00, 0xFC, 0x00,
    0x00, 0x00, 0xF8, 0x00, 0x00, 0x01, 0xF4, 0x00, 0x00, 0x02, 0xF0, 0x00, 0x00, 0x03, 0xF0, 0x00,
    0x00, 0x03, 0xE0, 0x00, 0x00, 0x07, 0xD0, 0x00, 0x00, 0x0B, 0xC0, 0x00, 0x00, 0x0F, 0xC0, 0x00,
    0x00, 0x0F, 0x80, 0x00, 0x00, 0x1F, 0x40, 0x00, 0x00, 0x2F, 0x00, 0x00, 0x00, 0x3F, 0x00, 0x00,
    0x00, 0x3E, 0x00, 0x00, 0x00, 0x7D, 0x00, 0x00, 0x00, 0xFD, 0x00, 0x00, 0x3F, 0xFF, 0xF0, 0x00,
    0x02, 0xF4, 0x03, 0x8B, 0x01, 0x81, 0xD0, 0xC0, 0xB4, 0x30, 0x3C, 0x00, 0x1F, 0x00, 0x0B, 0x40,
    0x03, 0xC0, 0x01, 0xE0, 0x00, 0xF4, 0x00, 0x3C, 0x0C, 0x2E, 0x0A, 0x0B, 0x03, 0x01, 0xC3, 0x40,
    0x2F, 0x40, 0x00, 0x00, 0x00, 0x02, 0x00, 0x00, 0x00, 0x00, 0x3E, 0x00, 0x00, 0x00, 0x03, 0x9D,
    0x00, 0x00, 0x00, 0x38, 0x2C, 0x00, 0x00, 0x03, 0x40, 0x34, 0x00, 0x00, 0x10, 0x00, 0x10, 0x00,
    0x00, 0x00, 0x00, 0x00, 0x00, 0x1F, 0xFF, 0xF4, 0x00, 0x00, 0x00, 0xFD, 0x00, 0x00, 0x00, 0x03,
    0xF0, 0x00, 0x00, 0x00, 0x0F, 0x80, 0x00, 0x00, 0x00, 0x7D, 0x00, 0x00, 0x00, 0x02, 0xF0, 0x00,
    0x00, 0x00, 0x0F, 0xC0, 0x00, 0x00, 0x00, 0x3E, 0x00, 0x00, 0x00, 0x01, 0xF4, 0x00, 0x00, 0x00,
    0x0B, 0xC0, 0x00, 0x00, 0x00, 0x3F, 0x00, 0x00, 0x00, 0x00, 0xF8, 0x00, 0x00, 0x00, 0x07, 0xD0,
    0x00, 0x00, 0x00, 0x2F, 0x00, 0x00, 0x00, 0x00, 0xFC, 0x00, 0x00, 0x00, 0x03, 0xE0, 0x00, 0x00,
    0x00, 0x1F, 0x40, 0x00, 0x3C, 0x00, 0xBC, 0x00, 0x02, 0xF4, 0x03, 0xF0, 0x00, 0x0F, 0x80, 0x1F,
    0x40, 0x00, 0x24, 0x00, 0xF8, 0x00, 0x00, 0x34, 0x1F, 0x40, 0x00, 0x00, 0x2F, 0xE0, 0x00, 0x00,
    0x00, 0x00, 0x00, 0x00, 0x00, 0x00, 0x00, 0x00, 0x03, 0x80, 0x00, 0x00, 0x01, 0xED, 0x00, 0x00,
    0x00, 0x74, 0xB0, 0x00, 0x00, 0x1D, 0x03, 0x40, 0x00, 0x03, 0x00, 0x0C, 0x00, 0x00, 0x00, 0x00,
    0x00, 0x00, 0x0B, 0xD0, 0x00, 0x00, 0x07, 0x4B, 0x00, 0x00, 0x00, 0xC0, 0x74, 0x00, 0x00, 0x24,
    0x0B, 0x80, 0x00, 0x03, 0x00, 0xB4, 0x00, 0x00, 0x00, 0x0F, 0x00, 0x00, 0x00, 0x00, 0xF0, 0x00,
    0x00, 0x00, 0x1E, 0x00, 0x00, 0x00, 0x02, 0xD0, 0x00, 0x00, 0x00, 0x3C, 0x00, 0x00, 0x00, 0x03,
    0xC0, 0x00, 0x00, 0x00, 0x78, 0x00, 0x00, 0x00, 0x0B, 0x40, 0x00, 0x00, 0x00, 0xF0, 0x00, 0x00,
    0x00, 0x0F, 0x00, 0x00, 0x00, 0x01, 0xE0, 0x00, 0x00, 0x00, 0x2D, 0x00, 0x00, 0x00, 0x03, 0xC0,
    0x00, 0x00, 0x00, 0x78, 0x00, 0x00, 0x2D, 0x0F, 0x00, 0x00, 0x03, 0xC3, 0xC0, 0x00, 0x00, 0x1F,
    0xE0, 0x00, 0x00, 0x00, 0x00, 0x00, 0x00, 0x24, 0x00, 0x00, 0x00, 0x0B, 0xE0, 0x00, 0x00, 0x02,
    0xFD, 0x00, 0x00, 0x00, 0x3D, 0x00, 0x00, 0x00, 0x00, 0x00, 0x00, 0x00, 0x00, 0x00, 0x00, 0x00,
    0x00, 0x01, 0xFF, 0xFF, 0xC0, 0x00, 0x00, 0x3F, 0x40, 0x00, 0x00, 0x00, 0xFC, 0x00, 0x00, 0x00,
    0x03, 0xE0, 0x00, 0x00, 0x00, 0x1F, 0x40, 0x00, 0x00, 0x00, 0xBC, 0x00, 0x00, 0x00, 0x03, 0xF0,
    0x00, 0x00, 0x00, 0x0F, 0x80, 0x00, 0x00, 0x00, 0x7D, 0x00, 0x00, 0x00, 0x02, 0xF0, 0x00, 0x00,
    0x00, 0x0F, 0xC0, 0x00, 0x00, 0x00, 0x3E, 0x00, 0x00, 0x00, 0x01, 0xF4, 0x00, 0x00, 0x00, 0x0B,
    0xC0, 0x00, 0x00, 0x00, 0x3F, 0x00, 0x00, 0x04, 0x00, 0xF8, 0x00, 0x00, 0x90, 0x07, 0xD0, 0x00,
    0x03, 0x00, 0x2F, 0x00, 0x00, 0x28, 0x00, 0xFC, 0x00, 0x00, 0xD0, 0x03, 0xE0, 0x00, 0x0B, 0x00,
    0x1F, 0x40, 0x00, 0xB8, 0x00, 0xFC, 0x00, 0x1F, 0xD0, 0xFF, 0xFF, 0xFF, 0xFF, 0x00, 0x00, 0x00,
    0x02, 0x40, 0x00, 0x0B, 0xF0, 0x00, 0x1F, 0xD0, 0x00, 0x3E, 0x00, 0x00, 0x00, 0x00, 0x00, 0x00,
    0x00, 0x00, 0xFF, 0xC0, 0x00, 0x02, 0xE0, 0x00, 0x00, 0xB4, 0x00, 0x00, 0x3C, 0x00, 0x00, 0x0F,
    0x00, 0x00, 0x07, 0x80, 0x00, 0x02, 0xD0, 0x00, 0x00, 0xF0, 0x00, 0x00, 0x3C, 0x00, 0x00, 0x1E,
    0x00, 0x00, 0x0B, 0x40, 0x00, 0x03, 0xC0, 0x00, 0x00, 0xF0, 0x00, 0x00, 0x78, 0x00, 0x00, 0x2D,
    0x00, 0x00, 0x0F, 0x00, 0x00, 0x03, 0xC0, 0x00, 0x01, 0xE0, 0x00, 0x00, 0xB4, 0x30, 0x00, 0x3C,
    0x0C, 0x00, 0x0F, 0x0A, 0x00, 0x01, 0xD7, 0x00, 0x00, 0x2F, 0x40, 0x00, 0x00, 0x00, 0x00, 0x00,
    0x00, 0x1F, 0x00, 0x00, 0x00, 0x00, 0x0F, 0xD0, 0x00, 0x00, 0x00, 0x03, 0xF4, 0x00, 0x7F, 0xFF,
    0xF0, 0x08, 0x00, 0x00, 0xFD, 0x00, 0x02, 0x00, 0x00, 0x3F, 0x00, 0x03, 0x00, 0x00, 0x0F, 0x80,
    0x07, 0x00, 0x00, 0x07, 0xD0, 0x01, 0x00, 0x00, 0x02, 0xF0, 0x00, 0x00, 0x00, 0x00, 0xFC, 0x00,
    0x00, 0x00, 0x00, 0x3E, 0x00, 0x00, 0x00, 0x00, 0x1F, 0x40, 0x00, 0x00, 0x00, 0x0B, 0xC0, 0x00,
    0x00, 0x00, 0x03, 0xF0, 0x00, 0x00, 0x00, 0x00, 0xF8, 0x00, 0x00, 0x00, 0x00, 0x7D, 0x00, 0x00,
    0x00, 0x00, 0x2F, 0x00, 0x00, 0x00, 0x00, 0x0F, 0xC0, 0x00, 0x01, 0x00, 0x03, 0xE0, 0x00, 0x02,
    0x40, 0x01, 0xF4, 0x00, 0x00, 0xC0, 0x00, 0xBC, 0x00, 0x00, 0xA0, 0x00, 0x3F, 0x00, 0x00, 0x34,
    0x00, 0x0F, 0x80, 0x00, 0x2C, 0x00, 0x07, 0xD0, 0x00, 0x2E, 0x00, 0x03, 0xF0, 0x00, 0x7F, 0x40,
    0x3F, 0xFF, 0xFF, 0xFF, 0xC0, 0x00, 0x00, 0x00, 0x3E, 0x03, 0xFF, 0x2F, 0xC0, 0x0B, 0x87, 0xB0,
    0x02, 0xD0, 0x18, 0x00, 0xF0, 0x0C, 0x00, 0x3C, 0x09, 0x00, 0x1E, 0x0D, 0x00, 0x0B, 0x40, 0x00,
    0x03, 0xC0, 0x00, 0x00, 0xF0, 0x00, 0x00, 0x78, 0x00, 0x00, 0x2D, 0x00, 0x00, 0x0F, 0x00, 0x00,
    0x03, 0xC0, 0x00, 0x01, 0xE0, 0x00, 0x00, 0xB4, 0x00, 0x00, 0x3C, 0x00, 0x00, 0x0F, 0x00, 0x00,
    0x07, 0x80, 0x00, 0x02, 0xD0, 0xC0, 0x00, 0xF0, 0x30, 0x00, 0x3C, 0x28, 0x00, 0x07, 0x5C, 0x00,
    0x00, 0xBD, 0x00, 0x00, 0x00, 0x1F, 0xFF, 0xFC, 0x00, 0x00, 0x03, 0xF4, 0x00, 0x00, 0x00, 0x0F,
    0x80, 0x00, 0x00, 0x00, 0x3D, 0x00, 0x00, 0x00, 0x01, 0xF0, 0x00, 0x00, 0x00, 0x0B, 0xC0, 0x20,
    0x00, 0x00, 0x3E, 0x07, 0x40, 0x00, 0x00, 0xF4, 0xB0, 0x00, 0x00, 0x07, 0xDE, 0x00, 0x00, 0x00,
    0x2F, 0xD0, 0x00, 0x00, 0x00, 0xFC, 0x00, 0x00, 0x00, 0x03, 0xE0, 0x00, 0x00, 0x00, 0x7F, 0x40,
    0x00, 0x00, 0x0B, 0xFC, 0x00, 0x00, 0x00, 0x63, 0xF0, 0x00, 0x00, 0x00, 0x0F, 0x80, 0x00, 0x09,
    0x00, 0x7D, 0x00, 0x00, 0x30, 0x02, 0xF0, 0x00, 0x02, 0x80, 0x0F, 0xC0, 0x00, 0x0D, 0x00, 0x3D,
    0x00, 0x00, 0xB0, 0x01, 0xF4, 0x00, 0x0B, 0x80, 0x0F, 0xC0, 0x01, 0xFC, 0x0F, 0xFF, 0xFF, 0xFF,
    0xF0, 0x00, 0x01, 0xFF, 0x40, 0x01, 0xF0, 0x00, 0x1F, 0x00, 0x02, 0xE0, 0x00, 0x3D, 0x00, 0x03,
    0xC0, 0x00, 0x3C, 0x00, 0x07, 0x8A, 0x00, 0xB6, 0xC0, 0x0F, 0xE0, 0x00, 0xF4, 0x00, 0x2E, 0x00,
    0x1F, 0xD0, 0x0B, 0x7C, 0x00, 0x03, 0xC0, 0x00, 0x78, 0x00, 0x0B, 0x40, 0x00, 0xF0, 0x10, 0x1F,
    0x09, 0x01, 0xE0, 0xC0, 0x1E, 0x1C, 0x00, 0xE3, 0x40, 0x07, 0xE0, 0x00, 0x00, 0x00, 0x00, 0x00,
    0x02, 0x40, 0x00, 0x00, 0x00, 0x00, 0x00, 0xBE, 0x00, 0x00, 0x00, 0x00, 0x00, 0x2F, 0xD0, 0x00,
    0x00, 0x00, 0x00, 0x03, 0xD0, 0x00, 0x00, 0x00, 0x00, 0x00, 0x00, 0x00, 0x00, 0x00, 0x00, 0x00,
    0x00, 0x00, 0x00, 0x00, 0x00, 0x01, 0xFF, 0xD0, 0x00, 0x3F, 0xFF, 0x00, 0x00, 0x3F, 0x80, 0x00,
    0x1F, 0x80, 0x00, 0x00, 0xFF, 0x00, 0x00, 0x3C, 0x00, 0x00, 0x03, 0xBD, 0x00, 0x00, 0xD0, 0x00,
    0x00, 0x1C, 0xF8, 0x00, 0x03, 0x00, 0x00, 0x00, 0xA3, 0xF0, 0x00, 0x1C, 0x00, 0x00, 0x03, 0x47,
    0xD0, 0x00, 0xA0, 0x00, 0x00, 0x0C, 0x0F, 0xC0, 0x03, 0x40, 0x00, 0x00, 0x70, 0x2F, 0x00, 0x0C,
    0x00, 0x00, 0x02, 0x80, 0x7D, 0x00, 0x70, 0x00, 0x00, 0x0D, 0x00, 0xFC, 0x02, 0x80, 0x00, 0x00,
    0x30, 0x02, 0xF0, 0x0D, 0x00, 0x00, 0x01, 0xC0, 0x03, 0xE0, 0x30, 0x00, 0x00, 0x0A, 0x00, 0x0F,
    0xC1, 0xC0, 0x00, 0x00, 0x34, 0x00, 0x2F, 0x0A, 0x00, 0x00, 0x00, 0xC0, 0x00, 0x3E, 0x34, 0x00,
    0x00, 0x07, 0x00, 0x00, 0xFC, 0xC0, 0x00, 0x00, 0x28, 0x00, 0x01, 0xFB, 0x00, 0x00, 0x00, 0xD0,
    0x00, 0x03, 0xF8, 0x00, 0x00, 0x03, 0x00, 0x00, 0x0B, 0xD0, 0x00, 0x00, 0x2C, 0x00, 0x00, 0x1F,
    0x00, 0x00, 0x01, 0xF4, 0x00, 0x00, 0x3C, 0x00, 0x00, 0xFF, 0xFD, 0x00, 0x00, 0xA0, 0x00, 0x00,
    0x00, 0x00, 0x00, 0x05, 0x00, 0x00, 0x00, 0x02, 0xF0, 0x00, 0x00, 0x00, 0xBD, 0x00, 0x00, 0x00,
    0x3E, 0x00, 0x00, 0x00, 0x0E, 0x00, 0x00, 0x00, 0x00, 0x40, 0x00, 0x00, 0x00, 0x00, 0x00, 0x00,
    0x7E, 0x01, 0xFE, 0x00, 0x0D, 0x74, 0xE0, 0x78, 0x02, 0x83, 0xF8, 0x03, 0xC0, 0x30, 0x3E, 0x00,
    0x3C, 0x03, 0x07, 0xC0, 0x03, 0xC0, 0x00, 0xB8, 0x00, 0x7C, 0x00, 0x0F, 0x40, 0x0B, 0x80, 0x00,
    0xF0, 0x00, 0xF0, 0x00, 0x1F, 0x00, 0x1F, 0x00, 0x02, 0xE0, 0x02, 0xE0, 0x00, 0x3D, 0x00, 0x3C,
    0x09, 0x03, 0xC0, 0x03, 0xC0, 0xC0, 0x7C, 0x00, 0x78, 0x24, 0x0B, 0x80, 0x03, 0x8B, 0x00, 0xB0,
    0x00, 0x1F, 0x80, 0x00, 0x00, 0x00, 0x28, 0x00, 0x74, 0x00, 0x00, 0x00, 0x00, 0x2D, 0x1F, 0x00,
    0x00, 0x00, 0x00, 0x00, 0x3F, 0xD0, 0x00, 0x00, 0x00, 0x00, 0x00, 0x28, 0x00, 0x00, 0x00, 0x00,
    0x00, 0x00, 0x00, 0x00, 0x00, 0x00, 0x00, 0x00, 0x00, 0x00, 0x00, 0x00, 0x00, 0x00, 0x00, 0x00,
    0x00, 0x00, 0x00, 0x07, 0xFF, 0x40, 0x00, 0xFF, 0xFC, 0x00, 0x00, 0xFE, 0x00, 0x00, 0x7E, 0x00,
    0x00, 0x03, 0xFC, 0x00, 0x00, 0xF0, 0x00, 0x00, 0x0E, 0xF4, 0x00, 0x03, 0x40, 0x00, 0x00, 0x73,
    0xE0, 0x00, 0x0C, 0x00, 0x00, 0x02, 0x8F, 0xC0, 0x00, 0x70, 0x00, 0x00, 0x0D, 0x1F, 0x40, 0x02,
    0x80, 0x00, 0x00, 0x30, 0x3F, 0x00, 0x0D, 0x00, 0x00, 0x01, 0xC0, 0xBC, 0x00, 0x30, 0x00, 0x00,
    0x0A, 0x01, 0xF4, 0x01, 0xC0, 0x00, 0x00, 0x34, 0x03, 0xF0, 0x0A, 0x00, 0x00, 0x00, 0xC0, 0x0B,
    0xC0, 0x34, 0x00, 0x00, 0x07, 0x00, 0x0F, 0x80, 0xC0, 0x00, 0x00, 0x28, 0x00, 0x3F, 0x07, 0x00,
    0x00, 0x00, 0xD0, 0x00, 0xBC, 0x28, 0x00, 0x00, 0x03, 0x00, 0x00, 0xF8, 0xD0, 0x00, 0x00, 0x1C,
    0x00, 0x03, 0xF3, 0x00, 0x00, 0x00, 0xA0, 0x00, 0x07, 0xEC, 0x00, 0x00, 0x03, 0x40, 0x00, 0x0F,
    0xE0, 0x00, 0x00, 0x0C, 0x00, 0x00, 0x2F, 0x40, 0x00, 0x00, 0xB0, 0x00, 0x00, 0x7C, 0x00, 0x00,
    0x07, 0xD0, 0x00, 0x00, 0xF0, 0x00, 0x03, 0xFF, 0xF4, 0x00, 0x02, 0x80, 0x00, 0x00, 0x00, 0x00,
    0x00, 0x00, 0x00, 0x00, 0x60, 0x00, 0xA0, 0x00, 0x02, 0xC0, 0x78, 0x00, 0x00, 0x0F, 0x7D, 0x00,
    0x00, 0x00, 0x7F, 0x00, 0x00, 0x00, 0x01, 0x80, 0x00, 0x00, 0x00, 0x00, 0x00, 0x00, 0x7E, 0x01,
    0xFE, 0x00, 0x0D, 0x74, 0xE0, 0x78, 0x02, 0x83, 0xF8, 0x03, 0xC0, 0x30, 0x3E, 0x00, 0x3C, 0x03,
    0x07, 0xC0, 0x03, 0xC0, 0x00, 0xB8, 0x00, 0x7C, 0x00, 0x0F, 0x40, 0x0B, 0x80, 0x00, 0xF0, 0x00,
    0xF0, 0x00, 0x1F, 0x00, 0x1F, 0x00, 0x02, 0xE0, 0x02, 0xE0, 0x00, 0x3D, 0x00, 0x3C, 0x09, 0x03,
    0xC0, 0x03, 0xC0, 0xC0, 0x7C, 0x00, 0x78, 0x24, 0x0B, 0x80, 0x03, 0x8B, 0x00, 0xB0, 0x00, 0x1F,
    0x80, 0x00, 0x00, 0x00, 0x00, 0x90, 0x24, 0x00, 0x00, 0x00, 0x2F, 0x8B, 0xE0, 0x00, 0x00, 0x07,
    0xF6, 0xFD, 0x00, 0x00, 0x00, 0xF4, 0x3E, 0x00, 0x00, 0x00, 0x00, 0x00, 0x00, 0x00, 0x00, 0x00,
    0x00, 0x00, 0x00, 0x00, 0x00, 0x00, 0x2F, 0xF9, 0x00, 0x00, 0x00, 0x0B, 0x90, 0x2F, 0x00, 0x00,
    0x01, 0xF0, 0x00, 0x1F, 0x00, 0x00, 0x2F, 0x00, 0x00, 0x2F, 0x00, 0x02, 0xF0, 0x00, 0x00, 0x3D,
    0x00, 0x2F, 0x00, 0x00, 0x00, 0xF8, 0x01, 0xF4, 0x00, 0x00, 0x03, 0xF0, 0x0F, 0xC0, 0x00, 0x00,
    0x0F, 0xC0, 0xBD, 0x00, 0x00, 0x00, 0x3F, 0x03, 0xF0, 0x00, 0x00, 0x00, 0xFC, 0x1F, 0xC0, 0x00,
    0x00, 0x07, 0xF0, 0xBD, 0x00, 0x00, 0x00, 0x2F, 0x83, 0xF0, 0x00, 0x00, 0x00, 0xFD, 0x0F, 0xC0,
    0x00, 0x00, 0x03, 0xF0, 0x3F, 0x00, 0x00, 0x00, 0x2F, 0x40, 0xFC, 0x00, 0x00, 0x00, 0xFC, 0x03,
    0xF0, 0x00, 0x00, 0x0B, 0xD0, 0x0F, 0xC0, 0x00, 0x00, 0x7E, 0x00, 0x1F, 0x40, 0x00, 0x03, 0xE0,
    0x00, 0x3E, 0x00, 0x00, 0x3E, 0x00, 0x00, 0x3D, 0x00, 0x07, 0xD0, 0x00, 0x00, 0x3E, 0x01, 0xB8,
    0x00, 0x00, 0x00, 0x1F, 0xFE, 0x00, 0x00, 0x00, 0x00, 0x00, 0x01, 0x00, 0x40, 0x00, 0x00, 0xF4,
    0x3D, 0x00, 0x00, 0x7E, 0x1F, 0x80, 0x00, 0x2F, 0x07, 0xC0, 0x00, 0x0B, 0x42, 0xD0, 0x00, 0x00,
    0x40, 0x10, 0x00, 0x00, 0x00, 0x00, 0x00, 0x00, 0x00, 0x7F, 0x90, 0x00, 0x00, 0x7D, 0x0B, 0x40,
    0x00, 0x1F, 0x00, 0x3C, 0x00, 0x03, 0xC0, 0x02, 0xD0, 0x00, 0xF8, 0x00, 0x2E, 0x00, 0x1F, 0x00,
    0x02, 0xF0, 0x03, 0xF0, 0x00, 0x3E, 0x00, 0x3D, 0x00, 0x03, 0xE0, 0x07, 0xD0, 0x00, 0x7D, 0x00,
    0x7C, 0x00, 0x0B, 0xC0, 0x07, 0xC0, 0x00, 0xF4, 0x00, 0x3C, 0x00, 0x3E, 0x00, 0x02, 0xD0, 0x0B,
    0x80, 0x00, 0x0F, 0x42, 0xE0, 0x00, 0x00, 0x2F, 0xE0, 0x00, 0x00, 0x00, 0x00, 0x06, 0xFF, 0xFF,
    0xFF, 0xFF, 0xE0, 0x00, 0x07, 0xD0, 0x1F, 0xD0, 0x00, 0x7E, 0x00, 0x03, 0xE0, 0x00, 0xFC, 0x00,
    0x00, 0xD0, 0x00, 0xF4, 0x00, 0x0F, 0x80, 0x00, 0x0D, 0x00, 0x3E, 0x00, 0x00, 0xF4, 0x00, 0x00,
    0xC0, 0x0F, 0x80, 0x00, 0x1F, 0x00, 0x00, 0x0C, 0x02, 0xF0, 0x00, 0x02, 0xF0, 0x00, 0x00, 0x80,
    0x7D, 0x00, 0x00, 0x2E, 0x00, 0x00, 0x00, 0x0F, 0xC0, 0x00, 0x03, 0xD0, 0x00, 0x80, 0x01, 0xF8,
    0x00, 0x00, 0x3C, 0x00, 0x1C, 0x00, 0x3F, 0x00, 0x00, 0x07, 0xC0, 0x07, 0x80, 0x03, 0xF0, 0x00,
    0x00, 0xBF, 0xFF, 0xF4, 0x00, 0x7E, 0x00, 0x00, 0x0F, 0x40, 0x0B, 0x00, 0x0B, 0xD0, 0x00, 0x00,
    0xF0, 0x00, 0x70, 0x00, 0xBD, 0x00, 0x00, 0x1F, 0x00, 0x0A, 0x00, 0x0B, 0xD0, 0x00, 0x02, 0xE0,
    0x00, 0x40, 0x60, 0xBD, 0x00, 0x00, 0x3D, 0x00, 0x00, 0x0C, 0x07, 0xD0, 0x00, 0x03, 0xC0, 0x00,
    0x01, 0xC0, 0x3E, 0x00, 0x00, 0xBC, 0x00, 0x00, 0x34, 0x03, 0xF0, 0x00, 0x0F, 0x80, 0x00, 0x0B,
    0x00, 0x1F, 0x40, 0x00, 0xF4, 0x00, 0x02, 0xE0, 0x00, 0x7C, 0x00, 0x2F, 0x40, 0x01, 0xFC, 0x00,
    0x01, 0xF4, 0x1B, 0xFF, 0xFF, 0xFF, 0x80, 0x00, 0x01, 0xAA, 0x40, 0x00, 0x00, 0x00, 0x00, 0x00,
    0x0B, 0xE0, 0x02, 0xFD, 0x00, 0x2E, 0x0F, 0x0B, 0x41, 0xC0, 0x2E, 0x00, 0xDF, 0x00, 0x28, 0x1F,
    0x00, 0x3F, 0x00, 0x0A, 0x0F, 0x40, 0x0F, 0x80, 0x07, 0x0B, 0xC0, 0x03, 0xC0, 0x1F, 0x43, 0xE0,
    0x01, 0xFF, 0xF9, 0x00, 0xF4, 0x00, 0xB8, 0x00, 0x00, 0x7C, 0x00, 0x3D, 0x00, 0x00, 0x1F, 0x00,
    0x0F, 0x40, 0x00, 0x07, 0xC0, 0x0B, 0xD0, 0x00, 0x01, 0xF0, 0x03, 0xF4, 0x00, 0x0C, 0x3C, 0x03,
    0xCF, 0x00, 0x1D, 0x07, 0x43, 0xC0, 0xE0, 0x6C, 0x00, 0x7F, 0x80, 0x0B, 0xF4, 0x00, 0x00, 0x00,
    0x00, 0x00, 0x00, 0x00, 0x00, 0x00, 0x00, 0x02, 0x40, 0x00, 0x00, 0x00, 0x02, 0xF8, 0x00, 0x00,
    0x00, 0x02, 0xFD, 0x00, 0x00, 0x00, 0x00, 0xF4, 0x00, 0x00, 0x00, 0x00, 0x00, 0x00, 0x00, 0x00,
    0x00, 0x00, 0x00, 0x00, 0x00, 0x1F, 0xFF, 0xFF, 0xE4, 0x00, 0x00, 0x0F, 0xC0, 0x06, 0xF0, 0x00,
    0x00, 0xFC, 0x00, 0x0F, 0xC0, 0x00, 0x0F, 0x80, 0x00, 0x7D, 0x00, 0x01, 0xF4, 0x00, 0x07, 0xE0,
    0x00, 0x2F, 0x00, 0x00, 0x7E, 0x00, 0x03, 0xF0, 0x00, 0x0B, 0xD0, 0x00, 0x3D, 0x00, 0x00, 0xFC,
    0x00, 0x07, 0xC0, 0x00, 0x2F, 0x00, 0x00, 0xBC, 0x00, 0x0B, 0xC0, 0x00, 0x0F, 0x80, 0x07, 0xD0,
    0x00, 0x00, 0xFF, 0xFF, 0xD0, 0x00, 0x00, 0x1F, 0x40, 0x1F, 0x40, 0x00, 0x02, 0xF0, 0x00, 0x3C,
    0x00, 0x00, 0x3F, 0x00, 0x03, 0xE0, 0x00, 0x03, 0xE0, 0x00, 0x3E, 0x00, 0x00, 0x7D, 0x00, 0x07,
    0xD0, 0x00, 0x0B, 0xC0, 0x00, 0xBD, 0x00, 0x00, 0xFC, 0x00, 0x0F, 0xD0, 0x00, 0x0F, 0x80, 0x00,
    0xFC, 0x03, 0x01, 0xF4, 0x00, 0x0F, 0xC0, 0x90, 0x2F, 0x40, 0x00, 0x7D, 0x2C, 0xFF, 0xFF, 0xC0,
    0x01, 0xBE, 0x00, 0x00, 0x00, 0x00, 0x40, 0x00, 0x00, 0x0F, 0x80, 0x00, 0x00, 0xFC, 0x00, 0x00,
    0x1F, 0x40, 0x00, 0x01, 0xD0, 0x00, 0x00, 0x04, 0x00, 0x00, 0x00, 0x00, 0x00, 0x01, 0xF8, 0x0B,
    0xF4, 0x0D, 0x74, 0xD0, 0xF0, 0xA0, 0xFC, 0x07, 0x83, 0x03, 0xE0, 0x00, 0x0C, 0x1F, 0x00, 0x00,
    0x00, 0xB8, 0x00, 0x00, 0x03, 0xD0, 0x00, 0x00, 0x0F, 0x00, 0x00, 0x00, 0x7C, 0x00, 0x00, 0x02,
    0xE0, 0x00, 0x00, 0x0F, 0x40, 0x00, 0x00, 0x3C, 0x00, 0x00, 0x01, 0xF0, 0x00, 0x00, 0x0B, 0x80,
    0x00, 0x00, 0x2C, 0x00, 0x00, 0x00, 0x00, 0x00, 0x00, 0x00, 0x00, 0x00, 0x00, 0x00, 0x18, 0x00,
    0x74, 0x00, 0x00, 0x00, 0x78, 0x7C, 0x00, 0x00, 0x00, 0x02, 0xFE, 0x00, 0x00, 0x00, 0x00, 0x0B,
    0x40, 0x00, 0x00, 0x00, 0x00, 0x00, 0x00, 0x00, 0x00, 0x00, 0x00, 0x00, 0x00, 0x00, 0x00, 0x00,
    0x00, 0x00, 0x00, 0x1F, 0xFF, 0xFF, 0xE4, 0x00, 0x00, 0x0F, 0xC0, 0x06, 0xF0, 0x00, 0x00, 0xFC,
    0x00, 0x0F, 0xC0, 0x00, 0x0F, 0x80, 0x00, 0x7D, 0x00, 0x01, 0xF4, 0x00, 0x07, 0xE0, 0x00, 0x2F,
    0x00, 0x00, 0x7E, 0x00, 0x03, 0xF0, 0x00, 0x0B, 0xD0, 0x00, 0x3D, 0x00, 0x00, 0xFC, 0x00, 0x07,
    0xC0, 0x00, 0x2F, 0x00, 0x00, 0xBC, 0x00, 0x0B, 0xC0, 0x00, 0x0F, 0x80, 0x07, 0xE0, 0x00, 0x00,
    0xFF, 0xFF, 0xD0, 0x00, 0x00, 0x1F, 0x40, 0x1F, 0x00, 0x00, 0x02, 0xF0, 0x00, 0x7C, 0x00, 0x00,
    0x3F, 0x00, 0x03, 0xD0, 0x00, 0x03, 0xE0, 0x00, 0x3E, 0x00, 0x00, 0x7D, 0x00, 0x03, 0xE0, 0x00,
    0x0B, 0xC0, 0x00, 0x7D, 0x00, 0x00, 0xFC, 0x00, 0x0B, 0xD0, 0x00, 0x0F, 0x80, 0x00, 0xFC, 0x03,
    0x01, 0xF4, 0x00, 0x0F, 0xC0, 0x90, 0x2F, 0x40, 0x00, 0xBD, 0x2C, 0xFF, 0xFF, 0xC0, 0x01, 0xFE,
    0x00, 0x00, 0x00, 0x00, 0x00, 0x01, 0x80, 0x02, 0x40, 0x03, 0xC0, 0x74, 0x00, 0x03, 0xDF, 0x40,
    0x00, 0x07, 0xF0, 0x00, 0x00, 0x0A, 0x00, 0x00, 0x00, 0x00, 0x00, 0x01, 0xF8, 0x0B, 0xF4, 0x0D,
    0x74, 0xD0, 0xF0, 0xA0, 0xFC, 0x07, 0x83, 0x03, 0xE0, 0x00, 0x0C, 0x1F, 0x00, 0x00, 0x00, 0xB8,
    0x00, 0x00, 0x03, 0xD0, 0x00, 0x00, 0x0F, 0x00, 0x00, 0x00, 0x7C, 0x00, 0x00, 0x02, 0xE0, 0x00,
    0x00, 0x0F, 0x40, 0x00, 0x00, 0x3C, 0x00, 0x00, 0x01, 0xF0, 0x00, 0x00, 0x0B, 0x80, 0x00, 0x00,
    0x2C, 0x00, 0x00, 0x00, 0x00, 0x00, 0x00, 0x01, 0x80, 0x00, 0x00, 0x00, 0x7F, 0x00, 0x00, 0x00,
    0x0F, 0xE0, 0x00, 0x00, 0x01, 0xE4, 0x00, 0x00, 0x00, 0x00, 0x00, 0x00, 0x00, 0x00, 0x00, 0x00,
    0x00, 0x00, 0x01, 0xBF, 0x80, 0x80, 0x00, 0x3D, 0x02, 0xCE, 0x00, 0x03, 0x80, 0x02, 0xF4, 0x00,
    0x3C, 0x00, 0x03, 0xC0, 0x02, 0xC0, 0x00, 0x0F, 0x00, 0x0F, 0x00, 0x00, 0x38, 0x00, 0x7C, 0x00,
    0x00, 0xD0, 0x01, 0xF0, 0x00, 0x03, 0x00, 0x07, 0xE0, 0x00, 0x00, 0x00, 0x0F, 0xF4, 0x00, 0x00,
    0x00, 0x2F, 0xFF, 0x80, 0x00, 0x00, 0x2F, 0xFF, 0xD0, 0x00, 0x00, 0x06, 0xFF, 0xC0, 0x00, 0x00,
    0x00, 0x2F, 0x80, 0x00, 0x00, 0x00, 0x3E, 0x00, 0x24, 0x00, 0x00, 0xB8, 0x00, 0xC0, 0x00, 0x02,
    0xE0, 0x03, 0x00, 0x00, 0x0B, 0x00, 0x2C, 0x00, 0x00, 0x38, 0x00, 0xF4, 0x00, 0x02, 0xC0, 0x03,
    0xF0, 0x00, 0x2D, 0x00, 0x1D, 0x78, 0x07, 0xD0, 0x00, 0x50, 0x2F, 0xF4, 0x00, 0x00, 0x00, 0x00,
    0x00, 0x40, 0x00, 0x00, 0x3D, 0x00, 0x00, 0x1F, 0x80, 0x00, 0x0B, 0xC0, 0x00, 0x02, 0xD0, 0x00,
    0x00, 0x10, 0x00, 0x00, 0x00, 0x00, 0x00, 0x01, 0xBF, 0x40, 0x00, 0x74, 0x0D, 0x00, 0x0E, 0x00,
    0xA0, 0x02, 0xC0, 0x1D, 0x00, 0x3C, 0x00, 0x00, 0x03, 0xC0, 0x00, 0x00, 0x2F, 0x90, 0x00, 0x00,
    0xFF, 0xE0, 0x00, 0x01, 0xBF, 0x80, 0x00, 0x00, 0xBC, 0x03, 0xC0, 0x03, 0xC0, 0x7C, 0x00, 0x38,
    0x07, 0x80, 0x0B, 0x00, 0x34, 0x02, 0xD0, 0x00, 0xBF, 0xE0, 0x00, 0x00, 0x00, 0x00, 0x20, 0x00,
    0x00, 0x00, 0x03, 0xF0, 0x00, 0x00, 0x00, 0x3D, 0xD0, 0x00, 0x00, 0x03, 0x82, 0xC0, 0x00, 0x00,
    0x34, 0x03, 0x80, 0x00, 0x00, 0x00, 0x01, 0x00, 0x00, 0x00, 0x00, 0x00, 0x00, 0x00, 0x06, 0xFE,
    0x02, 0x00, 0x00, 0xF4, 0x0B, 0x38, 0x00, 0x0E, 0x00, 0x0B, 0xD0, 0x00, 0xF0, 0x00, 0x0F, 0x00,
    0x0B, 0x00, 0x00, 0x3C, 0x00, 0x3C, 0x00, 0x00, 0xE0, 0x01, 0xF0, 0x00, 0x03, 0x40, 0x07, 0xC0,
    0x00, 0x0C, 0x00, 0x1F, 0x80, 0x00, 0x00, 0x00, 0x3F, 0xD0, 0x00, 0x00, 0x00, 0xBF, 0xFE, 0x00,
    0x00, 0x00, 0xBF, 0xFF, 0x40, 0x00, 0x00, 0x1B, 0xFF, 0x00, 0x00, 0x00, 0x00, 0xBE, 0x00, 0x00,
    0x00, 0x00, 0xF8, 0x00, 0x90, 0x00, 0x02, 0xE0, 0x03, 0x00, 0x00, 0x0B, 0x80, 0x0C, 0x00, 0x00,
    0x2C, 0x00, 0xB0, 0x00, 0x00, 0xE0, 0x03, 0xD0, 0x00, 0x0B, 0x00, 0x0F, 0xC0, 0x00, 0xB4, 0x00,
    0x75, 0xE0, 0x1F, 0x40, 0x01, 0x40, 0xBF, 0xD0, 0x00, 0x00, 0x00, 0x00, 0x00, 0x00, 0x00, 0x1E,
    0x00, 0x00, 0x1E, 0xC0, 0x00, 0x1D, 0x2C, 0x00, 0x1C, 0x03, 0x40, 0x1C, 0x00, 0x70, 0x00, 0x00,
    0x00, 0x00, 0x2F, 0xC0, 0x00, 0x74, 0x1C, 0x00, 0x38, 0x01, 0x80, 0x2C, 0x00, 0xF0, 0x0F, 0x00,
    0x74, 0x03, 0xC0, 0x00, 0x00, 0xBE, 0x40, 0x00, 0x0F, 0xFE, 0x00, 0x00, 0x6F, 0xE0, 0x00, 0x00,
    0x7C, 0x0F, 0x00, 0x0F, 0x07, 0xC0, 0x03, 0x41, 0xC0, 0x02, 0xC0, 0x38, 0x06, 0xC0, 0x02, 0xFF,
    0x40, 0x00, 0x00, 0x00, 0x1F, 0xF8, 0x08, 0x00, 0x03, 0xD0, 0x2C, 0xE0, 0x00, 0x38, 0x00, 0x2F,
    0x40, 0x03, 0xC0, 0x00, 0x3C, 0x00, 0x2C, 0x00, 0x00, 0xF0, 0x00, 0xF0, 0x00, 0x03, 0x80, 0x07,
    0xC0, 0x00, 0x0D, 0x00, 0x1F, 0x00, 0x00, 0x30, 0x00, 0x7E, 0x00, 0x00, 0x00, 0x00, 0xFF, 0x90,
    0x00, 0x00, 0x01, 0xFF, 0xF8, 0x00, 0x00, 0x01, 0xFF, 0xFD, 0x00, 0x00, 0x00, 0x1B, 0xFC, 0x00,
    0x00, 0x00, 0x02, 0xF8, 0x00, 0x00, 0x00, 0x03, 0xE0, 0x02, 0x00, 0x00, 0x0B, 0x80, 0x0C, 0x00,
    0x00, 0x2E, 0x00, 0x30, 0x00, 0x00, 0xB0, 0x01, 0xC0, 0x00, 0x03, 0x80, 0x0B, 0x40, 0x00, 0x2C,
    0x00, 0x3F, 0x00, 0x02, 0xD0, 0x01, 0xDB, 0x40, 0x2C, 0x00, 0x05, 0x02, 0xFF, 0x40, 0x00, 0x00,
    0x01, 0xF0, 0x00, 0x00, 0x00, 0x03, 0xE0, 0x00, 0x00, 0x00, 0x02, 0xE0, 0x00, 0x00, 0x00, 0x0B,
    0x80, 0x00, 0x00, 0x00, 0xBC, 0x00, 0x00, 0x02, 0xFE, 0x40, 0x00, 0x00, 0x00, 0x06, 0xFC, 0x00,
    0x07, 0x41, 0xC0, 0x03, 0x40, 0x18, 0x02, 0xC0, 0x0F, 0x00, 0xF0, 0x07, 0x40, 0x3D, 0x00, 0x00,
    0x0B, 0xE4, 0x00, 0x00, 0xFF, 0xE0, 0x00, 0x06, 0xBE, 0x00, 0x00, 0x07, 0xC0, 0xF0, 0x00, 0xF0,
    0x7C, 0x00, 0x38, 0x1C, 0x00, 0x2C, 0x03, 0x40, 0x2D, 0x00, 0x1F, 0xF8, 0x00, 0x02, 0xE0, 0x00,
    0x00, 0xB8, 0x00, 0x00, 0x03, 0xC0, 0x00, 0x00, 0xF4, 0x00, 0x01, 0xB8, 0x00, 0x3F, 0xE4, 0x00,
    0x00, 0x00, 0x00, 0x00, 0x00, 0x00, 0x00, 0x00, 0x00, 0x00, 0x00, 0x0A, 0x00, 0x2C, 0x00, 0x00,
    0x02, 0xD2, 0xE0, 0x00, 0x00, 0x00, 0xBF, 0x40, 0x00, 0x00, 0x00, 0x28, 0x00, 0x00, 0x00, 0x00,
    0x00, 0x00, 0x00, 0x00, 0x00, 0x00, 0x00, 0x00, 0x00, 0x00, 0x00, 0x00, 0x00, 0x00, 0x1B, 0xF8,
    0x08, 0x00, 0x00, 0xF4, 0x0B, 0x38, 0x00, 0x03, 0x80, 0x02, 0xF4, 0x00, 0x0F, 0x00, 0x00, 0xF0,
    0x00, 0x2C, 0x00, 0x00, 0xF0, 0x00, 0x3C, 0x00, 0x00, 0xE0, 0x00, 0x7C, 0x00, 0x00, 0xD0, 0x00,
    0x7C, 0x00, 0x00, 0xC0, 0x00, 0x7E, 0x00, 0x00, 0x00, 0x00, 0x3F, 0xD0, 0x00, 0x00, 0x00, 0x2F,
    0xFF, 0x80, 0x00, 0x00, 0x0B, 0xFF, 0xF4, 0x00, 0x00, 0x00, 0x6F, 0xFC, 0x00, 0x00, 0x00, 0x00,
    0xBE, 0x00, 0x00, 0x00, 0x00, 0x3E, 0x00, 0x09, 0x00, 0x00, 0x2E, 0x00, 0x0C, 0x00, 0x00, 0x2E,
    0x00, 0x0C, 0x00, 0x00, 0x2C, 0x00, 0x2C, 0x00, 0x00, 0x38, 0x00, 0x3D, 0x00, 0x00, 0xB0, 0x00,
    0x3F, 0x00, 0x02, 0xD0, 0x00, 0x75, 0xE0, 0x1F, 0x40, 0x00, 0x50, 0x2F, 0xF4, 0x00, 0x00, 0x00,
    0x00, 0x00, 0x00, 0x00, 0x90, 0x00, 0x90, 0x00, 0xE0, 0x2D, 0x00, 0x00, 0xF7, 0xC0, 0x00, 0x01,
    0xF8, 0x00, 0x00, 0x02, 0x40, 0x00, 0x00, 0x00, 0x00, 0x00, 0x06, 0xFD, 0x00, 0x00, 0xB4, 0x0E,
    0x00, 0x03, 0x40, 0x2C, 0x00, 0x2C, 0x01, 0xD0, 0x00, 0xF0, 0x00, 0x00, 0x03, 0xF4, 0x00, 0x00,
    0x0B, 0xFE, 0x00, 0x00, 0x0B, 0xFF, 0x00, 0x00, 0x02, 0xFE, 0x00, 0x00, 0x00, 0xBC, 0x00, 0xF0,
    0x00, 0xF0, 0x07, 0xC0, 0x03, 0x80, 0x1E, 0x00, 0x2C, 0x00, 0x34, 0x02, 0xC0, 0x00, 0x2F, 0xF8,
    0x00, 0x00, 0x00, 0x00, 0x00, 0x00, 0x00, 0x00, 0x3F, 0xFF, 0xFF, 0xFF, 0xFD, 0x07, 0xD0, 0x07,
    0xE0, 0x07, 0xD0, 0xB0, 0x00, 0xBC, 0x00, 0x1C, 0x0C, 0x00, 0x0B, 0xC0, 0x00, 0xC1, 0x80, 0x00,
    0xFC, 0x00, 0x0C, 0x20, 0x00, 0x0F, 0x80, 0x01, 0x83, 0x00, 0x01, 0xF4, 0x00, 0x14, 0x00, 0x00,
    0x2F, 0x00, 0x00, 0x00, 0x00, 0x03, 0xF0, 0x00, 0x00, 0x00, 0x00, 0x3E, 0x00, 0x00, 0x00, 0x00,
    0x07, 0xD0, 0x00, 0x00, 0x00, 0x00, 0xBC, 0x00, 0x00, 0x00, 0x00, 0x0F, 0xC0, 0x00, 0x00, 0x00,
    0x00, 0xF8, 0x00, 0x00, 0x00, 0x00, 0x1F, 0x40, 0x00, 0x00, 0x00, 0x02, 0xF0, 0x00, 0x00, 0x00,
    0x00, 0x3F, 0x00, 0x00, 0x00, 0x00, 0x03, 0xE0, 0x00, 0x00, 0x00, 0x00, 0x7D, 0x00, 0x00, 0x00,
    0x00, 0x0B, 0xC0, 0x00, 0x00, 0x00, 0x00, 0xFC, 0x00, 0x00, 0x00, 0x00, 0x2F, 0xC0, 0x00, 0x00,
    0x02, 0xFF, 0xFF, 0xF4, 0x00, 0x00, 0x00, 0x1E, 0x00, 0x00, 0x00, 0x00, 0x02, 0xE0, 0x00, 0x00,
    0x00, 0x00, 0x07, 0xC0, 0x00, 0x00, 0x00, 0x00, 0x3D, 0x00, 0x00, 0x00, 0x00, 0x1B, 0xC0, 0x00,
    0x00, 0x00, 0xFF, 0x90, 0x00, 0x00, 0x00, 0x00, 0x00, 0x00, 0x00, 0x03, 0xC0, 0x00, 0x03, 0xC0,
    0x00, 0x07, 0x80, 0x00, 0x0B, 0x40, 0x00, 0x0F, 0x00, 0x00, 0x0F, 0x00, 0x0F, 0xFF, 0xFC, 0x00,
    0x2D, 0x00, 0x00, 0x3C, 0x00, 0x00, 0x3C, 0x00, 0x00, 0x78, 0x00, 0x00, 0xB4, 0x00, 0x00, 0xF0,
    0x00, 0x00, 0xF0, 0x00, 0x02, 0xE0, 0x00, 0x02, 0xD0, 0x18, 0x03, 0xC0, 0x30, 0x03, 0xC0, 0xA0,
    0x02, 0xC1, 0x80, 0x00, 0xFD, 0x00, 0x00, 0xB8, 0x00, 0x00, 0xB9, 0x00, 0x00, 0x0F, 0x00, 0x00,
    0x0F, 0x40, 0x00, 0x6E, 0x00, 0x3F, 0xE4, 0x00, 0x00, 0x00, 0x0D, 0x00, 0x28, 0x00, 0x00, 0x00,
    0x78, 0x2E, 0x00, 0x00, 0x00, 0x01, 0xFF, 0x00, 0x00, 0x00, 0x00, 0x07, 0x40, 0x00, 0x00, 0x00,
    0x00, 0x00, 0x00, 0x00, 0x00, 0x00, 0x00, 0x00, 0x00, 0x00, 0x00, 0x00, 0x00, 0x00, 0x00, 0x3F,
    0xFF, 0xFF, 0xFF, 0xFE, 0x07, 0xD0, 0x07, 0xE0, 0x07, 0xD0, 0xB0, 0x00, 0x7D, 0x00, 0x1D, 0x0D,
    0x00, 0x0B, 0xC0, 0x00, 0xC1, 0xC0, 0x00, 0xFC, 0x00, 0x0C, 0x24, 0x00, 0x0F, 0x80, 0x01, 0x83,
    0x00, 0x01, 0xF4, 0x00, 0x14, 0x10, 0x00, 0x2F, 0x00, 0x00, 0x00, 0x00, 0x03, 0xF0, 0x00, 0x00,
    0x00, 0x00, 0x3E, 0x00, 0x00, 0x00, 0x00, 0x07, 0xD0, 0x00, 0x00, 0x00, 0x00, 0xBC, 0x00, 0x00,
    0x00, 0x00, 0x0F, 0xC0, 0x00, 0x00, 0x00, 0x00, 0xF8, 0x00, 0x00, 0x00, 0x00, 0x1F, 0x40, 0x00,
    0x00, 0x00, 0x02, 0xF0, 0x00, 0x00, 0x00, 0x00, 0x3F, 0x00, 0x00, 0x00, 0x00, 0x03, 0xE0, 0x00,
    0x00, 0x00, 0x00, 0x7D, 0x00, 0x00, 0x00, 0x00, 0x0B, 0xC0, 0x00, 0x00, 0x00, 0x00, 0xFC, 0x00,
    0x00, 0x00, 0x00, 0x2F, 0xC0, 0x00, 0x00, 0x02, 0xFF, 0xFF, 0xF8, 0x00, 0x00, 0x00, 0x00, 0x1F,
    0x40, 0x00, 0x0F, 0xF0, 0x00, 0x02, 0xF8, 0x00, 0xF0, 0x05, 0x00, 0x7C, 0x03, 0x00, 0x2E, 0x02,
    0x40, 0x0F, 0x43, 0x40, 0x03, 0xC1, 0x40, 0x00, 0xF0, 0x00, 0x3F, 0xFF, 0xF0, 0x00, 0x2D, 0x00,
    0x00, 0x0F, 0x00, 0x00, 0x03, 0xC0, 0x00, 0x01, 0xE0, 0x00, 0x00, 0xB4, 0x00, 0x00, 0x3C, 0x00,
    0x00, 0x0F, 0x00, 0x00, 0x07, 0x80, 0x00, 0x02, 0xD0, 0x28, 0x00, 0xF0, 0x0C, 0x00, 0x3C, 0x0A,
    0x00, 0x0B, 0x0A, 0x00, 0x00, 0xBE, 0x00, 0x00, 0x00, 0x07, 0xFF, 0xFF, 0xFE, 0x00, 0x00, 0x00,
    0x00, 0x00, 0x00, 0x00, 0x00, 0x00, 0x00, 0x00, 0x00, 0x00, 0x00, 0x00, 0x00, 0x00, 0x00, 0x00,
    0x00, 0x00, 0x00, 0x00, 0x00, 0x7F, 0xFF, 0xD0, 0x0F, 0xFF, 0xC0, 0x0F, 0xD0, 0x00, 0x07, 0xE0,
    0x00, 0x3F, 0x00, 0x00, 0x0B, 0x00, 0x00, 0xF8, 0x00, 0x00, 0x24, 0x00, 0x07, 0xD0, 0x00, 0x00,
    0xC0, 0x00, 0x2F, 0x00, 0x00, 0x03, 0x00, 0x00, 0xFC, 0x00, 0x00, 0x18, 0x00, 0x03, 0xE0, 0x00,
    0x00, 0x90, 0x00, 0x1F, 0x40, 0x00, 0x03, 0x00, 0x00, 0xBC, 0x00, 0x00, 0x0C, 0x00, 0x03, 0xF0,
    0x00, 0x00, 0x60, 0x00, 0x0F, 0x80, 0x00, 0x02, 0x40, 0x00, 0x7D, 0x00, 0x00, 0x0C, 0x00, 0x02,
    0xF0, 0x00, 0x00, 0x30, 0x00, 0x0F, 0xC0, 0x00, 0x01, 0x80, 0x00, 0x3E, 0x00, 0x00, 0x09, 0x00,
    0x01, 0xF4, 0x00, 0x00, 0x30, 0x00, 0x07, 0xC0, 0x00, 0x02, 0x80, 0x00, 0x0F, 0x00, 0x00, 0x0C,
    0x00, 0x00, 0x3D, 0x00, 0x00, 0xD0, 0x00, 0x00, 0x78, 0x00, 0x1D, 0x00, 0x00, 0x00, 0x78, 0x06,
    0xC0, 0x00, 0x00, 0x00, 0x2F, 0xE4, 0x00, 0x00, 0x00, 0x00, 0x0B, 0xFF, 0xFF, 0xC0, 0x00, 0x00,
    0x00, 0x00, 0x00, 0x00, 0x00, 0x00, 0x00, 0x00, 0x00, 0x00, 0x00, 0x02, 0xF4, 0x00, 0x00, 0x00,
    0xA2, 0xC0, 0x03, 0xC0, 0x18, 0x1D, 0x00, 0x7C, 0x03, 0x02, 0xD0, 0x0B, 0x80, 0x30, 0x3C, 0x00,
    0xF4, 0x00, 0x07, 0x80, 0x0F, 0x00, 0x00, 0xF4, 0x01, 0xF0, 0x00, 0x0F, 0x00, 0x2E, 0x00, 0x01,
    0xE0, 0x03, 0xD0, 0x00, 0x2D, 0x00, 0x3C, 0x00, 0x03, 0xC0, 0x07, 0xC2, 0x40, 0x3C, 0x00, 0xB8,
    0x30, 0x02, 0xC0, 0x0F, 0x47, 0x00, 0x0E, 0x06, 0x78, 0xD0, 0x00, 0x3F, 0x81, 0xF4, 0x00, 0x00,
    0x00, 0x20, 0x00, 0x20, 0x00, 0x00, 0x00, 0xC0, 0x02, 0x40, 0x00, 0x00, 0x02, 0x80, 0x78, 0x00,
    0x00, 0x00, 0x02, 0xFE, 0x40, 0x00, 0x00, 0x00, 0x00, 0x00, 0x00, 0x00, 0x00, 0x00, 0x00, 0x00,
    0x00, 0x01, 0xFF, 0xFF, 0x40, 0x3F, 0xFF, 0x00, 0x3F, 0x40, 0x00, 0x1F, 0x80, 0x00, 0xFC, 0x00,
    0x00, 0x2C, 0x00, 0x03, 0xE0, 0x00, 0x00, 0x90, 0x00, 0x1F, 0x40, 0x00, 0x03, 0x00, 0x00, 0xBC,
    0x00, 0x00, 0x0C, 0x00, 0x03, 0xF0, 0x00, 0x00, 0x60, 0x00, 0x0F, 0x80, 0x00, 0x02, 0x40, 0x00,
    0x7D, 0x00, 0x00, 0x0C, 0x00, 0x02, 0xF0, 0x00, 0x00, 0x30, 0x00, 0x0F, 0xC0, 0x00, 0x01, 0x80,
    0x00, 0x3E, 0x00, 0x00, 0x09, 0x00, 0x01, 0xF4, 0x00, 0x00, 0x30, 0x00, 0x0B, 0xC0, 0x00, 0x00,
    0xC0, 0x00, 0x3F, 0x00, 0x00, 0x06, 0x00, 0x00, 0xF8, 0x00, 0x00, 0x24, 0x00, 0x07, 0xD0, 0x00,
    0x00, 0xC0, 0x00, 0x1F, 0x00, 0x00, 0x0A, 0x00, 0x00, 0x3C, 0x00, 0x00, 0x30, 0x00, 0x00, 0xF4,
    0x00, 0x03, 0x40, 0x00, 0x01, 0xE0, 0x00, 0x74, 0x00, 0x00, 0x01, 0xE0, 0x1B, 0x00, 0x00, 0x00,
    0x00, 0xBF, 0x90, 0x00, 0x00, 0x00, 0x00, 0x02, 0x00, 0x01, 0x40, 0x00, 0x90, 0x00, 0xC0, 0x00,
    0x0D, 0x02, 0xC0, 0x00, 0x00, 0xBF, 0x80, 0x00, 0x00, 0x00, 0x00, 0x00, 0x00, 0x00, 0x00, 0x00,
    0x2F, 0x40, 0x00, 0x00, 0x28, 0xB0, 0x00, 0xF0, 0x18, 0x1D, 0x00, 0x7C, 0x0C, 0x0B, 0x40, 0x2E,
    0x03, 0x03, 0xC0, 0x0F, 0x40, 0x01, 0xE0, 0x03, 0xC0, 0x00, 0xF4, 0x01, 0xF0, 0x00, 0x3C, 0x00,
    0xB8, 0x00, 0x1E, 0x00, 0x3D, 0x00, 0x0B, 0x40, 0x0F, 0x00, 0x03, 0xC0, 0x07, 0xC2, 0x40, 0xF0,
    0x02, 0xE0, 0xC0, 0x2C, 0x00, 0xF4, 0x70, 0x03, 0x81, 0x9E, 0x34, 0x00, 0x3F, 0x81, 0xF4, 0x00,
    0x00, 0x00, 0x00, 0x7F, 0x00, 0x00, 0x00, 0x00, 0x06, 0x07, 0x00, 0x00, 0x00, 0x00, 0x30, 0x0C,
    0x00, 0x00, 0x00, 0x00, 0x80, 0x60, 0x00, 0x00, 0x00, 0x03, 0x07, 0x00, 0x00, 0x00, 0x00, 0x07,
    0xE0, 0x00, 0x00, 0x00, 0x00, 0x00, 0x00, 0x00, 0x07, 0xFF, 0xFD, 0x00, 0xFF, 0xFC, 0x00, 0xFD,
    0x00, 0x00, 0x7E, 0x00, 0x03, 0xF0, 0x00, 0x00, 0xB0, 0x00, 0x0F, 0x80, 0x00, 0x02, 0x40, 0x00,
    0x7D, 0x00, 0x00, 0x0C, 0x00, 0x02, 0xF0, 0x00, 0x00, 0x30, 0x00, 0x0F, 0xC0, 0x00, 0x01, 0x80,
    0x00, 0x3E, 0x00, 0x00, 0x09, 0x00, 0x01, 0xF4, 0x00, 0x00, 0x30, 0x00, 0x0B, 0xC0, 0x00, 0x00,
    0xC0, 0x00, 0x3F, 0x00, 0x00, 0x06, 0x00, 0x00, 0xF8, 0x00, 0x00, 0x24, 0x00, 0x07, 0xD0, 0x00,
    0x00, 0xC0, 0x00, 0x2F, 0x00, 0x00, 0x03, 0x00, 0x00, 0xFC, 0x00, 0x00, 0x18, 0x00, 0x03, 0xE0,
    0x00, 0x00, 0x90, 0x00, 0x1F, 0x40, 0x00, 0x03, 0x00, 0x00, 0x7C, 0x00, 0x00, 0x28, 0x00, 0x00,
    0xF0, 0x00, 0x00, 0xC0, 0x00, 0x03, 0xD0, 0x00, 0x0D, 0x00, 0x00, 0x07, 0x80, 0x01, 0xD0, 0x00,
    0x00, 0x07, 0x80, 0x6C, 0x00, 0x00, 0x00, 0x02, 0xFE, 0x40, 0x00, 0x00, 0x00, 0x00, 0x00, 0x0B,
    0xF0, 0x00, 0x00, 0x0D, 0x06, 0x00, 0x00, 0x06, 0x01, 0x80, 0x00, 0x01, 0x80, 0xC0, 0x00, 0x00,
    0x2F, 0x90, 0x00, 0x00, 0x00, 0x00, 0x00, 0x00, 0x00, 0x00, 0x00, 0x0B, 0xD0, 0x00, 0x50, 0x0A,
    0x2C, 0x00, 0x3C, 0x06, 0x0B, 0x40, 0x1E, 0x03, 0x03, 0xD0, 0x0B, 0x40, 0x80, 0xF0, 0x03, 0xD0,
    0x00, 0xB8, 0x00, 0xF0, 0x00, 0x3D, 0x00, 0x78, 0x00, 0x0F, 0x00, 0x2D, 0x00, 0x0B, 0x80, 0x0F,
    0x00, 0x03, 0xD0, 0x03, 0xC0, 0x00, 0xF0, 0x01, 0xE0, 0x90, 0x3C, 0x00, 0xB4, 0x30, 0x0F, 0x00,
    0x7D, 0x1C, 0x01, 0xE0, 0x77, 0x8D, 0x00, 0x1F, 0xE0, 0x7D, 0x00, 0x00, 0x00, 0x00, 0x18, 0x06,
    0x00, 0x00, 0x00, 0x07, 0xF5, 0xFD, 0x00, 0x00, 0x00, 0xBE, 0x6F, 0x90, 0x00, 0x00, 0x1E, 0x47,
    0x90, 0x00, 0x00, 0x00, 0x00, 0x00, 0x00, 0x00, 0x00, 0x00, 0x00, 0x00, 0x00, 0x01, 0xFF, 0xFF,
    0x40, 0x3F, 0xFF, 0x00, 0x3F, 0x40, 0x00, 0x1F, 0x80, 0x00, 0xFC, 0x00, 0x00, 0x2C, 0x00, 0x03,
    0xE0, 0x00, 0x00, 0x90, 0x00, 0x1F, 0x40, 0x00, 0x03, 0x00, 0x00, 0xBC, 0x00, 0x00, 0x0C, 0x00,
    0x03, 0xF0, 0x00, 0x00, 0x60, 0x00, 0x0F, 0x80, 0x00, 0x02, 0x40, 0x00, 0x7D, 0x00, 0x00, 0x0C,
    0x00, 0x02, 0xF0, 0x00, 0x00, 0x30, 0x00, 0x0F, 0xC0, 0x00, 0x01, 0x80, 0x00, 0x3E, 0x00, 0x00,
    0x09, 0x00, 0x01, 0xF4, 0x00, 0x00, 0x30, 0x00, 0x0B, 0xC0, 0x00, 0x00, 0xC0, 0x00, 0x3F, 0x00,
    0x00, 0x06, 0x00, 0x00, 0xF8, 0x00, 0x00, 0x24, 0x00, 0x07, 0xD0, 0x00, 0x00, 0xC0, 0x00, 0x1F,
    0x00, 0x00, 0x0A, 0x00, 0x00, 0x3C, 0x00, 0x00, 0x30, 0x00, 0x00, 0xF4, 0x00, 0x03, 0x40, 0x00,
    0x01, 0xE0, 0x00, 0x74, 0x00, 0x00, 0x01, 0xE0, 0x1B, 0x00, 0x00, 0x00, 0x00, 0xBF, 0x90, 0x00,
    0x00, 0x00, 0x00, 0x00, 0x00, 0x50, 0x14, 0x00, 0x00, 0x0B, 0xC2, 0xF0, 0x00, 0x00, 0xFC, 0x2F,
    0x00, 0x00, 0x0F, 0x43, 0xE0, 0x00, 0x01, 0xE0, 0x78, 0x00, 0x00, 0x04, 0x01, 0x00, 0x00, 0x00,
    0x00, 0x00, 0x00, 0x00, 0xBD, 0x00, 0x00, 0x00, 0x0A, 0x2C, 0x00, 0x3C, 0x00, 0x60, 0xB4, 0x01,
    0xF0, 0x03, 0x02, 0xD0, 0x0B, 0x80, 0x0C, 0x0F, 0x00, 0x3D, 0x00, 0x00, 0x78, 0x00, 0xF0, 0x00,
    0x03, 0xC0, 0x07, 0xC0, 0x00, 0x0F, 0x00, 0x2E, 0x00, 0x00, 0x78, 0x00, 0xF4, 0x00, 0x02, 0xE0,
    0x03, 0xC0, 0x00, 0x0B, 0x40, 0x1F, 0x09, 0x00, 0x2D, 0x00, 0xF8, 0x30, 0x00, 0x74, 0x07, 0xD1,
    0xC0, 0x00, 0xF0, 0xA3, 0x8D, 0x00, 0x00, 0xBE, 0x07, 0xD0, 0x00, 0x00, 0x00, 0x00, 0x00, 0x00,
    0x00, 0x00, 0x00, 0xB8, 0x0F, 0x80, 0x00, 0x00, 0x07, 0xF0, 0xBF, 0x00, 0x00, 0x00, 0x0F, 0x41,
    0xF0, 0x00, 0x00, 0x00, 0x00, 0x00, 0x00, 0x00, 0x00, 0x00, 0x00, 0x00, 0x00, 0x00, 0x00, 0x00,
    0x00, 0x00, 0x00, 0x0F, 0xFF, 0xF0, 0x00, 0x2F, 0xFE, 0x03, 0xF8, 0x00, 0x00, 0x1F, 0x40, 0x07,
    0xE0, 0x00, 0x00, 0x70, 0x00, 0x0F, 0xC0, 0x00, 0x03, 0x00, 0x00, 0x3F, 0x00, 0x00, 0x34, 0x00,
    0x00, 0x7D, 0x00, 0x02, 0x40, 0x00, 0x00, 0xFC, 0x00, 0x18, 0x00, 0x00, 0x03, 0xF0, 0x01, 0xC0,
    0x00, 0x00, 0x0B, 0xD0, 0x0C, 0x00, 0x00, 0x00, 0x0F, 0xC0, 0xC0, 0x00, 0x00, 0x00, 0x3F, 0x09,
    0x00, 0x00, 0x00, 0x00, 0xBD, 0x60, 0x00, 0x00, 0x00, 0x01, 0xFE, 0x00, 0x00, 0x00, 0x00, 0x03,
    0xF0, 0x00, 0x00, 0x00, 0x00, 0x0F, 0x80, 0x00, 0x00, 0x00, 0x00, 0x3D, 0x00, 0x00, 0x00, 0x00,
    0x01, 0xF0, 0x00, 0x00, 0x00, 0x00, 0x0B, 0xC0, 0x00, 0x00, 0x00, 0x00, 0x3E, 0x00, 0x00, 0x00,
    0x00, 0x00, 0xF4, 0x00, 0x00, 0x00, 0x00, 0x07, 0xC0, 0x00, 0x00, 0x00, 0x00, 0x3F, 0x00, 0x00,
    0x00, 0x00, 0x3F, 0xFF, 0xE0, 0x00, 0x00, 0x00, 0x00, 0x00, 0x00, 0x00, 0x24, 0x00, 0x00, 0x00,
    0x00, 0x2F, 0xC0, 0x00, 0x00, 0x00, 0x1F, 0xE0, 0x00, 0x00, 0x00, 0x0F, 0x80, 0x00, 0x00, 0x00,
    0x00, 0x00, 0x00, 0x00, 0x00, 0x00, 0x00, 0x00, 0x00, 0x00, 0x03, 0xFF, 0xFF, 0xFF, 0xC0, 0x00,
    0x7F, 0x40, 0x01, 0xF8, 0x00, 0x0F, 0x80, 0x00, 0x3E, 0x00, 0x00, 0xE0, 0x00, 0x0F, 0xC0, 0x00,
    0x1C, 0x00, 0x03, 0xF0, 0x00, 0x02, 0x40, 0x00, 0xBD, 0x00, 0x00, 0x30, 0x00, 0x1F, 0x40, 0x00,
    0x01, 0x00, 0x07, 0xE0, 0x00, 0x00, 0x00, 0x00, 0xFC, 0x00, 0x00, 0x00, 0x00, 0x3F, 0x00, 0x00,
    0x00, 0x00, 0x0B, 0xC0, 0x00, 0x00, 0x00, 0x02, 0xF4, 0x00, 0x00, 0x00, 0x00, 0x7E, 0x00, 0x00,
    0x00, 0x00, 0x0F, 0x80, 0x00, 0x00, 0x00, 0x03, 0xF0, 0x00, 0x30, 0x00, 0x00, 0xFC, 0x00, 0x06,
    0x00, 0x00, 0x2F, 0x40, 0x00, 0x90, 0x00, 0x07, 0xD0, 0x00, 0x0C, 0x00, 0x01, 0xF8, 0x00, 0x02,
    0x80, 0x00, 0x3F, 0x00, 0x00, 0x34, 0x00, 0x0F, 0xC0, 0x00, 0x0F, 0x00, 0x02, 0xF4, 0x00, 0x1B,
    0xF0, 0x00, 0x3F, 0xFF, 0xFF, 0xFD, 0x00, 0x00, 0x00, 0x00, 0x00, 0x40, 0x00, 0x00, 0x3D, 0x00,
    0x00, 0x1F, 0x80, 0x00, 0x0B, 0xC0, 0x00, 0x02, 0xD0, 0x00, 0x00, 0x10, 0x00, 0x00, 0x00, 0x00,
    0x00, 0x07, 0xF0, 0x0C, 0x02, 0xFF, 0xC2, 0x80, 0x34, 0x07, 0xF0, 0x00, 0x00, 0x0C, 0x00, 0x00,
    0x03, 0x00, 0x00, 0x00, 0xD0, 0x00, 0x00, 0x34, 0x00, 0x00, 0x0D, 0x00, 0x00, 0x03, 0x40, 0x00,
    0x00, 0xD0, 0x00, 0x00, 0x34, 0x00, 0x00, 0x0A, 0x00, 0x03, 0x02, 0xFD, 0x01, 0xE0, 0x74, 0x7F,
    0xF8, 0x0D, 0x00, 0xFD, 0x00, 0x00, 0x00, 0x00, 0x07, 0xC0, 0x00, 0x00, 0x00, 0x00, 0xFD, 0x00,
    0x00, 0x00, 0x00, 0x0B, 0x80, 0x00, 0x00, 0x00, 0x00, 0x00, 0x00, 0x00, 0x00, 0x00, 0x00, 0x00,
    0x00, 0x00, 0x3F, 0xFF, 0xFF, 0xFC, 0x00, 0x07, 0xF4, 0x00, 0x1F, 0x80, 0x00, 0xF8, 0x00, 0x03,
    0xE0, 0x00, 0x0E, 0x00, 0x00, 0xFC, 0x00, 0x01, 0xC0, 0x00, 0x3F, 0x00, 0x00, 0x24, 0x00, 0x0B,
    0xD0, 0x00, 0x03, 0x00, 0x01, 0xF4, 0x00, 0x00, 0x10, 0x00, 0x7E, 0x00, 0x00, 0x00, 0x00, 0x0F,
    0xC0, 0x00, 0x00, 0x00, 0x03, 0xF0, 0x00, 0x00, 0x00, 0x00, 0xBC, 0x00, 0x00, 0x00, 0x00, 0x2F,
    0x40, 0x00, 0x00, 0x00, 0x07, 0xE0, 0x00, 0x00, 0x00, 0x00, 0xF8, 0x00, 0x00, 0x00, 0x00, 0x3F,
    0x00, 0x03, 0x00, 0x00, 0x0F, 0xC0, 0x00, 0x60, 0x00, 0x02, 0xF4, 0x00, 0x09, 0x00, 0x00, 0x7D,
    0x00, 0x00, 0xC0, 0x00, 0x1F, 0x80, 0x00, 0x28, 0x00, 0x03, 0xF0, 0x00, 0x07, 0x40, 0x00, 0xFC,
    0x00, 0x00, 0xF0, 0x00, 0x2F, 0x40, 0x01, 0xBF, 0x00, 0x03, 0xFF, 0xFF, 0xFF, 0xD0, 0x00, 0x00,
    0x00, 0x2D, 0x00, 0x00, 0x03, 0xD0, 0x00, 0x00, 0x3C, 0x00, 0x00, 0x00, 0x00, 0x00, 0x00, 0x00,
    0x00, 0x00, 0x00, 0x00, 0x00, 0x00, 0x00, 0x00, 0x07, 0xE0, 0x0C, 0x02, 0xFF, 0xC2, 0x80, 0x34,
    0x07, 0xF0, 0x00, 0x00, 0x0C, 0x00, 0x00, 0x03, 0x00, 0x00, 0x00, 0xD0, 0x00, 0x00, 0x34, 0x00,
    0x00, 0x0D, 0x00, 0x00, 0x03, 0x40, 0x00, 0x00, 0xD0, 0x00, 0x00, 0x34, 0x00, 0x00, 0x0A, 0x00,
    0x03, 0x02, 0xFD, 0x01, 0xE0, 0x74, 0x7F, 0xF8, 0x0D, 0x00, 0xFD, 0x00, 0x00, 0x00, 0x00, 0x00,
    0x00, 0x00, 0x00, 0x00, 0x34, 0x00, 0xA0, 0x00, 0x00, 0x00, 0xE0, 0xB4, 0x00, 0x00, 0x00, 0x03,
    0xFC, 0x00, 0x00, 0x00, 0x00, 0x0D, 0x00, 0x00, 0x00, 0x00, 0x00, 0x00, 0x00, 0x00, 0x00, 0x00,
    0x00, 0x00, 0x00, 0x00, 0x00, 0x00, 0x00, 0x00, 0x00, 0x03, 0xFF, 0xFF, 0xFF, 0xC0, 0x00, 0x7F,
    0x40, 0x01, 0xF8, 0x00, 0x0F, 0x80, 0x00, 0x3E, 0x00, 0x00, 0xE0, 0x00, 0x0F, 0xC0, 0x00, 0x1C,
    0x00, 0x03, 0xF0, 0x00, 0x02, 0x40, 0x00, 0xBD, 0x00, 0x00, 0x30, 0x00, 0x1F, 0x40, 0x00, 0x01,
    0x00, 0x07, 0xE0, 0x00, 0x00, 0x00, 0x00, 0xFC, 0x00, 0x00, 0x00, 0x00, 0x3F, 0x00, 0x00, 0x00,
    0x00, 0x0B, 0xC0, 0x00, 0x00, 0x00, 0x02, 0xF4, 0x00, 0x00, 0x00, 0x00, 0x7E, 0x00, 0x00, 0x00,
    0x00, 0x0F, 0x80, 0x00, 0x00, 0x00, 0x03, 0xF0, 0x00, 0x30, 0x00, 0x00, 0xFC, 0x00, 0x06, 0x00,
    0x00, 0x2F, 0x40, 0x00, 0x90, 0x00, 0x07, 0xD0, 0x00, 0x0C, 0x00, 0x01, 0xF8, 0x00, 0x02, 0x80,
    0x00, 0x3F, 0x00, 0x00, 0x34, 0x00, 0x0F, 0xC0, 0x00, 0x0F, 0x00, 0x02, 0xF4, 0x00, 0x1B, 0xF0,
    0x00, 0x3F, 0xFF, 0xFF, 0xFD, 0x00, 0x00, 0x00, 0x00, 0x00, 0x00, 0x00, 0x20, 0x00, 0xA0, 0x00,
    0xB0, 0x1E, 0x00, 0x00, 0xF7, 0xD0, 0x00, 0x00, 0xFD, 0x00, 0x00, 0x01, 0x80, 0x00, 0x00, 0x00,
    0x00, 0x00, 0x1F, 0xC0, 0x30, 0x02, 0xFF, 0xC2, 0x80, 0x0D, 0x01, 0xFC, 0x00, 0x00, 0x00, 0xC0,
    0x00, 0x00, 0x0C, 0x00, 0x00, 0x00, 0xD0, 0x00, 0x00, 0x0D, 0x00, 0x00, 0x00, 0xD0, 0x00, 0x00,
    0x0D, 0x00, 0x00, 0x00, 0xD0, 0x00, 0x00, 0x0D, 0x00, 0x00, 0x00, 0xA0, 0x00, 0x30, 0x0B, 0xF4,
    0x07, 0x80, 0x74, 0x7F, 0xF8, 0x03, 0x40, 0x3F, 0x40, 0x00, 0x00, 0x00, 0x00, 0x28, 0x00, 0x00,
    0x00, 0x00, 0x00, 0xFC, 0x00, 0x00, 0x00, 0x00, 0x01, 0xFD, 0x00, 0x00, 0x00, 0x00, 0x00, 0x2D,
    0x00, 0x00, 0x00, 0x00, 0x00, 0x00, 0x00, 0x00, 0x00, 0x00, 0x00, 0x00, 0x00, 0x01, 0xFF, 0xFF,
    0xFF, 0xFF, 0x40, 0x00, 0x3F, 0x00, 0x00, 0x7D, 0x00, 0x00, 0xFC, 0x00, 0x00, 0x74, 0x00, 0x03,
    0xE0, 0x00, 0x00, 0xC0, 0x00, 0x1F, 0x40, 0x00, 0x03, 0x00, 0x00, 0xBC, 0x00, 0x00, 0x0C, 0x00,
    0x03, 0xF0, 0x00, 0x00, 0x20, 0x00, 0x0F, 0x80, 0x00, 0x00, 0x00, 0x00, 0x7D, 0x00, 0x20, 0x00,
    0x00, 0x02, 0xF0, 0x00, 0xC0, 0x00, 0x00, 0x0F, 0xC0, 0x0F, 0x00, 0x00, 0x00, 0x3F, 0xFF, 0xF8,
    0x00, 0x00, 0x01, 0xF4, 0x02, 0xD0, 0x00, 0x00, 0x0B, 0xC0, 0x03, 0x00, 0x00, 0x00, 0x3F, 0x00,
    0x1C, 0x00, 0x00, 0x00, 0xF8, 0x00, 0x50, 0x06, 0x00, 0x07, 0xD0, 0x00, 0x00, 0x30, 0x00, 0x2F,
    0x00, 0x00, 0x01, 0xC0, 0x00, 0xFC, 0x00, 0x00, 0x0D, 0x00, 0x03, 0xE0, 0x00, 0x00, 0xB0, 0x00,
    0x1F, 0x40, 0x00, 0x0B, 0x40, 0x00, 0xFC, 0x00, 0x01, 0xFC, 0x00, 0xFF, 0xFF, 0xFF, 0xFF, 0xE0,
    0x00, 0x00, 0x00, 0x00, 0xB8, 0x0B, 0x80, 0x00, 0x00, 0x07, 0xF0, 0x7F, 0x00, 0x00, 0x00, 0x0F,
    0x40, 0xF4, 0x00, 0x00, 0x00, 0x00, 0x00, 0x00, 0x00, 0x00, 0x00, 0x00, 0x00, 0x00, 0x00, 0x00,
    0x00, 0x00, 0x00, 0x00, 0x01, 0xFF, 0xFF, 0xFF, 0xFF, 0x40, 0x00, 0x3F, 0x00, 0x00, 0x7D, 0x00,
    0x00, 0xFC, 0x00, 0x00, 0x74, 0x00, 0x03, 0xE0, 0x00, 0x00, 0xC0, 0x00, 0x1F, 0x40, 0x00, 0x03,
    0x00, 0x00, 0xBC, 0x00, 0x00, 0x0C, 0x00, 0x03, 0xF0, 0x00, 0x00, 0x20, 0x00, 0x0F, 0x80, 0x00,
    0x00, 0x00, 0x00, 0x7D, 0x00, 0x20, 0x00, 0x00, 0x02, 0xF0, 0x00, 0xC0, 0x00, 0x00, 0x0F, 0xC0,
    0x0F, 0x00, 0x00, 0x00, 0x3F, 0xFF, 0xF8, 0x00, 0x00, 0x01, 0xF4, 0x02, 0xD0, 0x00, 0x00, 0x0B,
    0xC0, 0x03, 0x00, 0x00, 0x00, 0x3F, 0x00, 0x1C, 0x00, 0x00, 0x00, 0xF8, 0x00, 0x50, 0x06, 0x00,
    0x07, 0xD0, 0x00, 0x00, 0x30, 0x00, 0x2F, 0x00, 0x00, 0x01, 0xC0, 0x00, 0xFC, 0x00, 0x00, 0x0D,
    0x00, 0x03, 0xE0, 0x00, 0x00, 0xB0, 0x00, 0x1F, 0x40, 0x00, 0x0B, 0x40, 0x00, 0xFC, 0x00, 0x01,
    0xFC, 0x00, 0xFF, 0xFF, 0xFF, 0xFF, 0xE0, 0x00, 0x02, 0xFF, 0xFF, 0xFF, 0xFF, 0xD0, 0x03, 0xD0,
    0x07, 0xE0, 0x02, 0xD0, 0x07, 0x00, 0x07, 0xD0, 0x00, 0xD0, 0x0D, 0x00, 0x0B, 0xC0, 0x00, 0xC0,
    0x08, 0x00, 0x0F, 0x80, 0x00, 0xC0, 0x14, 0x00, 0x0F, 0x40, 0x00, 0x80, 0x20, 0x00, 0x1F, 0x00,
    0x00, 0x00, 0x00, 0x00, 0x2F, 0x00, 0x00, 0x00, 0x00, 0x00, 0x3E, 0x06, 0xFF, 0x90, 0x00, 0x00,
    0x3D, 0x2D, 0x01, 0xF4, 0x00, 0x00, 0x7D, 0xD0, 0x00, 0xBC, 0x00, 0x00, 0xBF, 0x00, 0x00, 0x7C,
    0x00, 0x00, 0xFC, 0x00, 0x00, 0xBC, 0x00, 0x00, 0xF8, 0x00, 0x00, 0xF8, 0x00, 0x01, 0xF4, 0x00,
    0x00, 0xF4, 0x00, 0x02, 0xF0, 0x00, 0x01, 0xF0, 0x00, 0x03, 0xF0, 0x00, 0x02, 0xF0, 0x00, 0x03,
    0xE0, 0xB4, 0x03, 0xE0, 0x00, 0x07, 0xD2, 0xF8, 0x03, 0xC0, 0x00, 0x0B, 0xC2, 0xF0, 0x0B, 0x80,
    0x00, 0x0F, 0xC1, 0x80, 0x1E, 0x00, 0x00, 0x2F, 0x80, 0xD0, 0xB8, 0x00, 0x2F, 0xFF, 0xE0, 0x7F,
    0x80, 0x00, 0x00, 0x00, 0x00, 0x00, 0x06, 0x00, 0x00, 0x00, 0x00, 0x07, 0xF0, 0x00, 0x00, 0x00,
    0x03, 0xF8, 0x00, 0x00, 0x00, 0x02, 0xE4, 0x00, 0x00, 0x00, 0x00, 0x00, 0x00, 0x00, 0x00, 0x00,
    0x00, 0x00, 0x00, 0x00, 0x1F, 0xFF, 0xFF, 0xFF, 0xC0, 0x00, 0x0F, 0xC0, 0x00, 0xBC, 0x00, 0x00,
    0xFC, 0x00, 0x02, 0xC0, 0x00, 0x0F, 0x80, 0x00, 0x1C, 0x00, 0x01, 0xF4, 0x00, 0x01, 0x80, 0x00,
    0x2F, 0x00, 0x00, 0x18, 0x00, 0x03, 0xF0, 0x00, 0x01, 0x40, 0x00, 0x3E, 0x00, 0x00, 0x00, 0x00,
    0x07, 0xD0, 0x00, 0x00, 0x00, 0x00, 0xBC, 0x00, 0x00, 0x00, 0x00, 0x0F, 0xC0, 0x00, 0x00, 0x00,
    0x00, 0xF8, 0x00, 0x00, 0x00, 0x00, 0x1F, 0x40, 0x00, 0x00, 0x00, 0x02, 0xF0, 0x00, 0x00, 0x00,
    0x00, 0x3F, 0x00, 0x00, 0x00, 0x00, 0x03, 0xE0, 0x00, 0x00, 0x00, 0x00, 0x7D, 0x00, 0x00, 0x00,
    0x00, 0x0B, 0xC0, 0x00, 0x00, 0x00, 0x00, 0xFC, 0x00, 0x00, 0x00, 0x00, 0x0F, 0x80, 0x00, 0x00,
    0x00, 0x01, 0xF4, 0x00, 0x00, 0x00, 0x00, 0x3F, 0x40, 0x00, 0x00, 0x00, 0xFF, 0xFF, 0xE0, 0x00,
    0x00, 0x00, 0x00, 0x00, 0x01, 0xBF, 0xD0, 0x18, 0x00, 0x00, 0xBE, 0x00, 0xB1, 0xD0, 0x00, 0x1F,
    0x80, 0x00, 0x7F, 0x40, 0x02, 0xF4, 0x00, 0x00, 0xBC, 0x00, 0x2F, 0x40, 0x00, 0x01, 0xF0, 0x02,
    0xF4, 0x00, 0x00, 0x03, 0x80, 0x1F, 0xC0, 0x00, 0x00, 0x0D, 0x00, 0xFC, 0x00, 0x00, 0x00, 0x30,
    0x0B, 0xE0, 0x00, 0x00, 0x00, 0x00, 0x3F, 0x40, 0x00, 0x00, 0x00, 0x01, 0xFC, 0x00, 0x00, 0x00,
    0x00, 0x0B, 0xFB, 0xFF, 0x90, 0x60, 0x00, 0x3F, 0x40, 0x5B, 0xF9, 0x00, 0x00, 0xFC, 0x00, 0x00,
    0x00, 0x00, 0x03, 0xF0, 0x00, 0x00, 0x00, 0x00, 0x0F, 0xC0, 0x00, 0x00, 0x00, 0x00, 0x3F, 0x00,
    0x00, 0x00, 0x18, 0x00, 0xBC, 0x00, 0x00, 0x00, 0xD0, 0x00, 0xF8, 0x00, 0x00, 0x06, 0x00, 0x02,
    0xF0, 0x00, 0x00, 0x70, 0x00, 0x03, 0xF0, 0x00, 0x0B, 0x00, 0x00, 0x02, 0xF4, 0x06, 0xD0, 0x00,
    0x00, 0x01, 0xBF, 0xE4, 0x00, 0x00, 0x00, 0x00, 0x00, 0x1B, 0xF8, 0x08, 0x00, 0x03, 0xD0, 0x2C,
    0xE0, 0x00, 0x38, 0x00, 0x2F, 0x40, 0x03, 0xC0, 0x00, 0x3C, 0x00, 0x2C, 0x00, 0x00, 0xF0, 0x00,
    0xF0, 0x00, 0x03, 0x80, 0x07, 0xC0, 0x00, 0x0D, 0x00, 0x1F, 0x00, 0x00, 0x30, 0x00, 0x7E, 0x00,
    0x00, 0x00, 0x00, 0xFF, 0x40, 0x00, 0x00, 0x02, 0xFF, 0xF8, 0x00, 0x00, 0x02, 0xFF, 0xFD, 0x00,
    0x00, 0x00, 0x6F, 0xFC, 0x00, 0x00, 0x00, 0x02, 0xF8, 0x00, 0x00, 0x00, 0x03, 0xE0, 0x02, 0x40,
    0x00, 0x0B, 0x80, 0x0C, 0x00, 0x00, 0x2E, 0x00, 0x30, 0x00, 0x00, 0xB0, 0x02, 0xC0, 0x00, 0x03,
    0x80, 0x0F, 0x40, 0x00, 0x2C, 0x00, 0x3F, 0x00, 0x02, 0xD0, 0x01, 0xD7, 0x80, 0x7D, 0x00, 0x05,
    0x02, 0xFF, 0x40, 0x00, 0x00, 0x00, 0x0B, 0xFF, 0xFD, 0x00, 0x00, 0x3F, 0x40, 0x00, 0x00, 0x3F,
    0x00, 0x00, 0x00, 0x3E, 0x00, 0x00, 0x00, 0x7D, 0x00, 0x00, 0x00, 0xBC, 0x00, 0x00, 0x00, 0xFC,
    0x00, 0x00, 0x00, 0xF8, 0x00, 0x00, 0x01, 0xF4, 0x00, 0x00, 0x02, 0xF0, 0x00, 0x00, 0x03, 0xF0,
    0x00, 0x00, 0x03, 0xE0, 0x00, 0x00, 0x07, 0xD0, 0x00, 0x00, 0x0B, 0xC0, 0x00, 0x00, 0x0F, 0xC0,
    0x00, 0x00, 0x0F, 0x80, 0x00, 0x00, 0x1F, 0x40, 0x00, 0x00, 0x2F, 0x00, 0x00, 0x00, 0x3F, 0x00,
    0x00, 0x00, 0x3E, 0x00, 0x00, 0x00, 0x7D, 0x00, 0x00, 0x00, 0xFD, 0x00, 0x00, 0x3F, 0xFF, 0xF0,
    0x00, 0x00, 0x00, 0xB8, 0x0B, 0x80, 0x00, 0x7F, 0x07, 0xF0, 0x00, 0x0F, 0x41, 0xF4, 0x00, 0x00,
    0x00, 0x00, 0x00, 0x00, 0x00, 0x00, 0x00, 0x00, 0x00, 0x00, 0x00, 0x00, 0xBF, 0xFF, 0xD0, 0x00,
    0x00, 0xFD, 0x00, 0x00, 0x00, 0x3F, 0x00, 0x00, 0x00, 0x0F, 0x80, 0x00, 0x00, 0x07, 0xD0, 0x00,
    0x00, 0x02, 0xF0, 0x00, 0x00, 0x00, 0xFC, 0x00, 0x00, 0x00, 0x3E, 0x00, 0x00, 0x00, 0x1F, 0x40,
    0x00, 0x00, 0x0B, 0xC0, 0x00, 0x00, 0x03, 0xF0, 0x00, 0x00, 0x00, 0xF8, 0x00, 0x00, 0x00, 0x7D,
    0x00, 0x00, 0x00, 0x2F, 0x00, 0x00, 0x00, 0x0F, 0xC0, 0x00, 0x00, 0x03, 0xE0, 0x00, 0x00, 0x01,
    0xF4, 0x00, 0x00, 0x00, 0xBC, 0x00, 0x00, 0x00, 0x3F, 0x00, 0x00, 0x00, 0x0F, 0x80, 0x00, 0x00,
    0x07, 0xD0, 0x00, 0x00, 0x03, 0xF4, 0x00, 0x00, 0x3F, 0xFF, 0xF0, 0x00, 0x00, 0x00, 0x00, 0x7F,
    0xFF, 0xD0, 0x00, 0x00, 0x0F, 0xD0, 0x00, 0x00, 0x00, 0xFC, 0x00, 0x00, 0x00, 0x0F, 0x80, 0x00,
    0x00, 0x01, 0xF4, 0x00, 0x00, 0x00, 0x2F, 0x00, 0x00, 0x00, 0x03, 0xF0, 0x00, 0x00, 0x00, 0x3E,
    0x00, 0x00, 0x00, 0x07, 0xD0, 0x00, 0x00, 0x00, 0xBC, 0x00, 0x00, 0x00, 0x0F, 0xC0, 0x00, 0x00,
    0x00, 0xF8, 0x00, 0x00, 0x00, 0x1F, 0x40, 0x00, 0x00, 0x02, 0xF0, 0x00, 0x00, 0x00, 0x3F, 0x00,
    0x00, 0x00, 0x03, 0xE0, 0x00, 0x00, 0x00, 0x7D, 0x00, 0x03, 0xC0, 0x0B, 0xC0, 0x00, 0xBD, 0x00,
    0xFC, 0x00, 0x0F, 0x80, 0x1F, 0x40, 0x00, 0x90, 0x03, 0xE0, 0x00, 0x03, 0x41, 0xF4, 0x00, 0x00,
    0x0B, 0xF8, 0x00, 0x00, 0x00, 0x00, 0x00, 0x1F, 0xFF, 0xFF, 0xFF, 0xF8, 0x00, 0x00, 0x00, 0x00,
    0xE0, 0x00, 0x7F, 0x40, 0x00, 0x00, 0x00, 0x00, 0xC0, 0x00, 0x7E, 0x00, 0x00, 0x00, 0x00, 0x00,
    0xC0, 0x00, 0xBC, 0x00, 0x00, 0x00, 0x00, 0x01, 0x80, 0x00, 0xFC, 0x00, 0x00, 0x00, 0x00, 0x02,
    0x40, 0x00, 0xF8, 0x00, 0x00, 0x00, 0x00, 0x03, 0x00, 0x01, 0xF4, 0x00, 0x00, 0x00, 0x00, 0x02,
    0x00, 0x02, 0xF0, 0x00, 0x00, 0x00, 0x00, 0x09, 0x00, 0x03, 0xF0, 0x00, 0x00, 0x00, 0x00, 0x0C,
    0x00, 0x03, 0xE0, 0x00, 0x00, 0x00, 0x00, 0x0C, 0x00, 0x07, 0xEA, 0xFF, 0x90, 0x00, 0x00, 0x24,
    0x00, 0x0B, 0xE4, 0x02, 0xF8, 0x00, 0x00, 0x30, 0x00, 0x0F, 0xC0, 0x00, 0xFD, 0x00, 0x00, 0x70,
    0x00, 0x0F, 0x80, 0x00, 0x7E, 0x00, 0x00, 0x90, 0x00, 0x1F, 0x40, 0x00, 0x7F, 0x00, 0x00, 0xC0,
    0x00, 0x2F, 0x00, 0x00, 0x7E, 0x00, 0x02, 0x80, 0x00, 0x3F, 0x00, 0x00, 0xBD, 0x2D, 0x03, 0x00,
    0x00, 0x3E, 0x00, 0x00, 0xFC, 0x7E, 0x0A, 0x00, 0x00, 0x7D, 0x00, 0x01, 0xF8, 0xBC, 0x0C, 0x00,
    0x00, 0xBC, 0x00, 0x03, 0xF0, 0x90, 0x34, 0x00, 0x00, 0xFC, 0x00, 0x0F, 0xC0, 0x70, 0xE0, 0x00,
    0x01, 0xFC, 0x00, 0x7F, 0x00, 0x2F, 0x40, 0x00, 0x3F, 0xFF, 0xFF, 0xF4, 0x00, 0x00, 0x1F, 0xFF,
    0xF0, 0x0F, 0xFF, 0xF8, 0x00, 0x00, 0x00, 0xFD, 0x00, 0x00, 0x7F, 0x00, 0x00, 0x00, 0x00, 0xF8,
    0x00, 0x00, 0x7E, 0x00, 0x00, 0x00, 0x00, 0xF4, 0x00, 0x00, 0xBC, 0x00, 0x00, 0x00, 0x01, 0xF4,
    0x00, 0x00, 0xFC, 0x00, 0x00, 0x00, 0x02, 0xF0, 0x00, 0x00, 0xF8, 0x00, 0x00, 0x00, 0x03, 0xF0,
    0x00, 0x00, 0xF4, 0x00, 0x00, 0x00, 0x03, 0xE0, 0x00, 0x01, 0xF0, 0x00, 0x00, 0x00, 0x07, 0xD0,
    0x00, 0x02, 0xF0, 0x00, 0x00, 0x00, 0x0B, 0xC0, 0x00, 0x03, 0xE0, 0x00, 0x00, 0x00, 0x0F, 0xC0,
    0x00, 0x03, 0xE0, 0x00, 0x00, 0x00, 0x0F, 0xFF, 0xFF, 0xFF, 0xFF, 0xFF, 0x90, 0x00, 0x1F, 0x40,
    0x00, 0x0B, 0xC0, 0x02, 0xF8, 0x00, 0x2F, 0x00, 0x00, 0x0F, 0x80, 0x00, 0xFD, 0x00, 0x3F, 0x00,
    0x00, 0x0F, 0x40, 0x00, 0x7E, 0x00, 0x3E, 0x00, 0x00, 0x1F, 0x00, 0x00, 0x7F, 0x00, 0x7D, 0x00,
    0x00, 0x2F, 0x00, 0x00, 0x7E, 0x00, 0xBC, 0x00, 0x00, 0x3E, 0x00, 0x00, 0xBD, 0x00, 0xFC, 0x00,
    0x00, 0x3D, 0x00, 0x00, 0xFC, 0x00, 0xF8, 0x00, 0x00, 0x7C, 0x00, 0x02, 0xF4, 0x01, 0xF4, 0x00,
    0x00, 0xFC, 0x00, 0x0B, 0xD0, 0x03, 0xF4, 0x00, 0x01, 0xFC, 0x00, 0x7F, 0x40, 0xFF, 0xFF, 0xC0,
    0x3F, 0xFF, 0xFF, 0xF4, 0x00, 0x02, 0xFF, 0xFF, 0xFF, 0xFF, 0x03, 0xD0, 0x3F, 0x00, 0x1F, 0x0B,
    0x00, 0x3E, 0x00, 0x0A, 0x0D, 0x00, 0x7D, 0x00, 0x09, 0x0C, 0x00, 0xBC, 0x00, 0x09, 0x24, 0x00,
    0xFC, 0x00, 0x00, 0x30, 0x00, 0xF8, 0x00, 0x00, 0x10, 0x01, 0xF4, 0x00, 0x00, 0x00, 0x02, 0xF0,
    0xBF, 0x80, 0x00, 0x03, 0xF3, 0x41, 0xF0, 0x00, 0x03, 0xEC, 0x00, 0xB4, 0x00, 0x07, 0xF0, 0x00,
    0xB4, 0x00, 0x0B, 0xD0, 0x00, 0xF0, 0x00, 0x0F, 0xC0, 0x00, 0xF0, 0x00, 0x0F, 0x80, 0x01, 0xF0,
    0x00, 0x1F, 0x40, 0x02, 0xE0, 0x00, 0x2F, 0x00, 0x03, 0xD0, 0x00, 0x3F, 0x00, 0x03, 0xC0, 0x00,
    0x3E, 0x00, 0x07, 0x80, 0x00, 0x7D, 0x00, 0x0B, 0x40, 0x00, 0xBC, 0x00, 0x0F, 0x40, 0x01, 0xFC,
    0x00, 0x2F, 0x40, 0x3F, 0xFF, 0x82, 0xFF, 0xF0, 0x00, 0x00, 0x00, 0x00, 0x00, 0x60, 0x00, 0x00,
    0x00, 0x00, 0x00, 0x1F, 0xC0, 0x00, 0x00, 0x00, 0x00, 0x02, 0xF8, 0x00, 0x00, 0x00, 0x00, 0x00,
    0x79, 0x00, 0x00, 0x00, 0x00, 0x00, 0x00, 0x00, 0x00, 0x00, 0x00, 0x00, 0x00, 0x00, 0x00, 0x00,
    0x00, 0x01, 0xFF, 0xFF, 0x40, 0x1F, 0xFF, 0x00, 0x00, 0x3F, 0x40, 0x00, 0x1F, 0xD0, 0x00, 0x00,
    0xFC, 0x00, 0x00, 0xB4, 0x00, 0x00, 0x03, 0xE0, 0x00, 0x07, 0x00, 0x00, 0x00, 0x1F, 0x40, 0x00,
    0xA0, 0x00, 0x00, 0x00, 0xBC, 0x00, 0x0A, 0x00, 0x00, 0x00, 0x03, 0xF0, 0x00, 0xD0, 0x00, 0x00,
    0x00, 0x0F, 0x80, 0x0D, 0x00, 0x00, 0x00, 0x00, 0x7D, 0x01, 0xC0, 0x00, 0x00, 0x00, 0x02, 0xF0,
    0x1E, 0x00, 0x00, 0x00, 0x00, 0x0F, 0xC2, 0xFC, 0x00, 0x00, 0x00, 0x00, 0x3E, 0x29, 0xF4, 0x00,
    0x00, 0x00, 0x01, 0xF6, 0x43, 0xF0, 0x00, 0x00, 0x00, 0x0B, 0xF4, 0x0B, 0xC0, 0x00, 0x00, 0x00,
    0x3F, 0x40, 0x1F, 0x80, 0x00, 0x00, 0x00, 0xF8, 0x00, 0x3F, 0x00, 0x00, 0x00, 0x07, 0xD0, 0x00,
    0xBD, 0x00, 0x00, 0x00, 0x2F, 0x00, 0x00, 0xF8, 0x00, 0x00, 0x00, 0xFC, 0x00, 0x03, 0xF0, 0x00,
    0x00, 0x03, 0xE0, 0x00, 0x07, 0xD0, 0x00, 0x00, 0x1F, 0x40, 0x00, 0x0F, 0xC0, 0x00, 0x00, 0xFD,
    0x00, 0x00, 0x7F, 0x40, 0x00, 0xFF, 0xFF, 0xC0, 0x0F, 0xFF, 0xD0, 0x00, 0x00, 0x00, 0x00, 0x06,
    0x00, 0x00, 0x00, 0x00, 0x00, 0x00, 0x3F, 0x40, 0x00, 0x00, 0x00, 0x00, 0x00, 0x2F, 0x80, 0x00,
    0x00, 0x00, 0x00, 0x00, 0x0B, 0x80, 0x00, 0x00, 0x00, 0x00, 0x00, 0x00, 0x00, 0x00, 0x00, 0x00,
    0x00, 0x00, 0x00, 0x00, 0x00, 0x01, 0xFF, 0xFF, 0x00, 0xFF, 0xFF, 0x80, 0x00, 0x3F, 0x40, 0x00,
    0x1F, 0xC0, 0x00, 0x00, 0xFC, 0x00, 0x00, 0xBD, 0x00, 0x00, 0x03, 0xE0, 0x00, 0x07, 0xF0, 0x00,
    0x00, 0x1F, 0x40, 0x00, 0x7F, 0xC0, 0x00, 0x00, 0xBC, 0x00, 0x03, 0xBE, 0x00, 0x00, 0x03, 0xF0,
    0x00, 0x39, 0xF4, 0x00, 0x00, 0x0F, 0x80, 0x03, 0x8B, 0xC0, 0x00, 0x00, 0x7D, 0x00, 0x2C, 0x3F,
    0x00, 0x00, 0x02, 0xF0, 0x01, 0xC0, 0xF8, 0x00, 0x00, 0x0F, 0xC0, 0x1C, 0x07, 0xD0, 0x00, 0x00,
    0x3E, 0x00, 0xD0, 0x2F, 0x00, 0x00, 0x01, 0xF4, 0x0D, 0x00, 0xFC, 0x00, 0x00, 0x0B, 0xC0, 0xE0,
    0x03, 0xE0, 0x00, 0x00, 0x3F, 0x0A, 0x00, 0x1F, 0x40, 0x00, 0x00, 0xF8, 0xB0, 0x00, 0xBC, 0x00,
    0x00, 0x07, 0xD7, 0x00, 0x03, 0xF0, 0x00, 0x00, 0x2F, 0x70, 0x00, 0x0F, 0x80, 0x00, 0x00, 0xFF,
    0x40, 0x00, 0x7D, 0x00, 0x00, 0x03, 0xF4, 0x00, 0x02, 0xF0, 0x00, 0x00, 0x1F, 0x80, 0x00, 0x0F,
    0xC0, 0x00, 0x00, 0xFD, 0x00, 0x00, 0x7F, 0x00, 0x00, 0xFF, 0xFF, 0xC0, 0x3F, 0xFF, 0xD0, 0x00,
    0x00, 0x00, 0x02, 0xD0, 0x00, 0x00, 0x00, 0x00, 0x0B, 0xE0, 0x01, 0x00, 0x00, 0x00, 0x0B, 0xC0,
    0x09, 0x00, 0x00, 0x00, 0x07, 0x40, 0x74, 0x00, 0x00, 0x00, 0x01, 0xBF, 0x80, 0x00, 0x00, 0x00,
    0x00, 0x00, 0x00, 0x00, 0x0F, 0xFF, 0xF0, 0x00, 0x2F, 0xFD, 0x00, 0xBF, 0x00, 0x00, 0x07, 0xD0,
    0x00, 0x7E, 0x00, 0x00, 0x03, 0x40, 0x00, 0x3F, 0x00, 0x00, 0x06, 0x00, 0x00, 0x2F, 0x00, 0x00,
    0x0C, 0x00, 0x00, 0x1F, 0x40, 0x00, 0x24, 0x00, 0x00, 0x0F, 0x80, 0x00, 0x30, 0x00, 0x00, 0x0F,
    0xC0, 0x00, 0x90, 0x00, 0x00, 0x0B, 0xD0, 0x00, 0x80, 0x00, 0x00, 0x03, 0xE0, 0x03, 0x00, 0x00,
    0x00, 0x03, 0xF0, 0x06, 0x00, 0x00, 0x00, 0x02, 0xF0, 0x0C, 0x00, 0x00, 0x00, 0x01, 0xF8, 0x14,
    0x00, 0x00, 0x00, 0x00, 0xFC, 0x20, 0x00, 0x00, 0x00, 0x00, 0xBC, 0x80, 0x00, 0x00, 0x00, 0x00,
    0x7E, 0x80, 0x00, 0x00, 0x00, 0x00, 0x3F, 0x00, 0x00, 0x00, 0x2E, 0x00, 0x3D, 0x00, 0x00, 0x00,
    0x3F, 0x00, 0x28, 0x00, 0x00, 0x00, 0x7D, 0x00, 0x30, 0x00, 0x00, 0x00, 0x30, 0x01, 0xC0, 0x00,
    0x00, 0x00, 0x38, 0x1B, 0x00, 0x00, 0x00, 0x00, 0x0B, 0xE4, 0x00, 0x00, 0x00, 0x00, 0x00, 0x1F,
    0xFF, 0xF0, 0x0F, 0xFF, 0xF8, 0x00, 0x03, 0xF4, 0x00, 0x01, 0xFC, 0x00, 0x00, 0x0F, 0xC0, 0x00,
    0x07, 0xD0, 0x00, 0x00, 0x3E, 0x00, 0x00, 0x2F, 0x00, 0x00, 0x01, 0xF4, 0x00, 0x00, 0xFC, 0x00,
    0x00, 0x0B, 0xC0, 0x00, 0x03, 0xE0, 0x00, 0x00, 0x3F, 0x00, 0x00, 0x1F, 0x40, 0x00, 0x00, 0xF8,
    0x00, 0x00, 0xBC, 0x00, 0x00, 0x07, 0xD0, 0x00, 0x03, 0xF0, 0x00, 0x00, 0x2F, 0x00, 0x00, 0x0F,
    0x80, 0x00, 0x00, 0xFC, 0x00, 0x00, 0x7D, 0x00, 0x00, 0x03, 0xE0, 0x00, 0x02, 0xF0, 0x00, 0x00,
    0x1F, 0x40, 0x00, 0x0F, 0xC0, 0x00, 0x00, 0xBC, 0x00, 0x00, 0x3E, 0x00, 0x00, 0x03, 0xF0, 0x00,
    0x01, 0xF4, 0x00, 0x00, 0x0F, 0x80, 0x00, 0x0B, 0xC0, 0x00, 0x00, 0x7D, 0x00, 0x00, 0x3F, 0x00,
    0x00, 0x02, 0xF0, 0x00, 0x00, 0xF8, 0x00, 0x00, 0x0F, 0xC0, 0x00, 0x03, 0xD0, 0x00, 0x00, 0x3E,
    0x00, 0x00, 0x1F, 0x00, 0x00, 0x01, 0xF4, 0x00, 0x00, 0xBC, 0x00, 0x00, 0x0F, 0xC0, 0x00, 0x03,
    0xF0, 0x00, 0x0F, 0xFF, 0xFF, 0xFF, 0xFF, 0xFD, 0x00, 0x00, 0x00, 0x0F, 0xC0, 0x00, 0x00, 0x00,
    0x00, 0x00, 0x3D, 0x00, 0x00, 0x00, 0x00, 0x00, 0x00, 0xF0, 0x00, 0x00, 0x00, 0x00, 0x00, 0x03,
    0x40, 0x00, 0x00, 0x00, 0x00, 0x00, 0x0C, 0x00, 0x00, 0x00, 0x00, 0x00, 0x00, 0x20, 0x00, 0x00,
    0x00, 0x00, 0x00, 0x00, 0x00, 0x00, 0xA0, 0x00, 0x00, 0x00, 0x00, 0x1F, 0x00, 0x00, 0x00, 0x00,
    0x03, 0xF0, 0x00, 0x00, 0x00, 0x00, 0x7F, 0x00, 0x00, 0x00, 0x00, 0x0F, 0xF0, 0x00, 0x00, 0x00,
    0x02, 0xEF, 0x00, 0x00, 0x00, 0x00, 0x32, 0xF0, 0x00, 0x00, 0x00, 0x0A, 0x2F, 0x00, 0x00, 0x00,
    0x00, 0xC1, 0xF0, 0x00, 0x00, 0x00, 0x34, 0x1F, 0x40, 0x00, 0x00, 0x07, 0x01, 0xF4, 0x00, 0x00,
    0x00, 0xC0, 0x0F, 0x40, 0x00, 0x00, 0x18, 0x00, 0xF8, 0x00, 0x00, 0x03, 0x00, 0x0F, 0x80, 0x00,
    0x00, 0x90, 0x00, 0xF8, 0x00, 0x00, 0x0F, 0xFF, 0xFF, 0x80, 0x00, 0x02, 0x40, 0x00, 0xFC, 0x00,
    0x00, 0x20, 0x00, 0x0F, 0xC0, 0x00, 0x0C, 0x00, 0x00, 0xFC, 0x00, 0x01, 0x80, 0x00, 0x0B, 0xC0,
    0x00, 0x30, 0x00, 0x00, 0xBC, 0x00, 0x0B, 0x00, 0x00, 0x0B, 0xC0, 0x02, 0xF0, 0x00, 0x00, 0xFD,
    0x03, 0xFF, 0xD0, 0x01, 0xFF, 0xFE, 0x00, 0x00, 0x00, 0x00, 0x00, 0x00, 0x00, 0x1F, 0xFF, 0xFF,
    0xFF, 0xE0, 0x00, 0x0F, 0xD0, 0x00, 0x7E, 0x00, 0x00, 0xF8, 0x00, 0x00, 0xD0, 0x00, 0x0F, 0x40,
    0x00, 0x0D, 0x00, 0x01, 0xF0, 0x00, 0x00, 0xC0, 0x00, 0x2F, 0x00, 0x00, 0x0C, 0x00, 0x03, 0xE0,
    0x00, 0x00, 0xC0, 0x00, 0x3D, 0x00, 0x00, 0x00, 0x00, 0x07, 0xC0, 0x00, 0x00, 0x00, 0x00, 0xBC,
    0x00, 0x00, 0x00, 0x00, 0x0F, 0xDB, 0xFF, 0x90, 0x00, 0x00, 0xFE, 0x40, 0x2F, 0xC0, 0x00, 0x1F,
    0x00, 0x00, 0xBE, 0x00, 0x02, 0xF0, 0x00, 0x03, 0xF0, 0x00, 0x3E, 0x00, 0x00, 0x3F, 0x40, 0x03,
    0xD0, 0x00, 0x03, 0xF4, 0x00, 0x7C, 0x00, 0x00, 0x3F, 0x00, 0x0B, 0xC0, 0x00, 0x07, 0xF0, 0x00,
    0xFC, 0x00, 0x00, 0xBD, 0x00, 0x0F, 0x80, 0x00, 0x1F, 0x80, 0x01, 0xF4, 0x00, 0x07, 0xF0, 0x00,
    0x3F, 0x00, 0x06, 0xF8, 0x00, 0xBF, 0xFF, 0xFF, 0xF8, 0x00, 0x00, 0x00, 0x1F, 0xFF, 0xFF, 0xFD,
    0x00, 0x00, 0x03, 0xF0, 0x00, 0x3F, 0x00, 0x00, 0x0F, 0x80, 0x00, 0x3E, 0x00, 0x00, 0x3D, 0x00,
    0x00, 0xFC, 0x00, 0x01, 0xF0, 0x00, 0x02, 0xF0, 0x00, 0x0B, 0xC0, 0x00, 0x0F, 0xC0, 0x00, 0x3E,
    0x00, 0x00, 0x7E, 0x00, 0x00, 0xF4, 0x00, 0x03, 0xF0, 0x00, 0x07, 0xC0, 0x00, 0x3F, 0x00, 0x00,
    0x2F, 0x00, 0x0B, 0xD0, 0x00, 0x00, 0xFF, 0xFF, 0xF8, 0x00, 0x00, 0x03, 0xD0, 0x00, 0x7D, 0x00,
    0x00, 0x1F, 0x00, 0x00, 0x3D, 0x00, 0x00, 0xBC, 0x00, 0x00, 0xFC, 0x00, 0x03, 0xE0, 0x00, 0x02,
    0xF0, 0x00, 0x0F, 0x40, 0x00, 0x0B, 0xD0, 0x00, 0x7C, 0x00, 0x00, 0x3F, 0x00, 0x02, 0xF0, 0x00,
    0x00, 0xFC, 0x00, 0x0F, 0x80, 0x00, 0x0B, 0xD0, 0x00, 0x3D, 0x00, 0x00, 0x3F, 0x00, 0x01, 0xF4,
    0x00, 0x03, 0xF0, 0x00, 0x0B, 0xC0, 0x00, 0xBE, 0x00, 0x0B, 0xFF, 0xFF, 0xFF, 0x80, 0x00, 0x00,
    0x00, 0x1F, 0xFF, 0xFF, 0xFF, 0xC0, 0x00, 0x0F, 0xC0, 0x00, 0xBC, 0x00, 0x00, 0xFC, 0x00, 0x02,
    0xC0, 0x00, 0x0F, 0x80, 0x00, 0x1C, 0x00, 0x01, 0xF4, 0x00, 0x01, 0x80, 0x00, 0x2F, 0x00, 0x00,
    0x18, 0x00, 0x03, 0xF0, 0x00, 0x01, 0x40, 0x00, 0x3E, 0x00, 0x00, 0x00, 0x00, 0x07, 0xD0, 0x00,
    0x00, 0x00, 0x00, 0xBC, 0x00, 0x00, 0x00, 0x00, 0x0F, 0xC0, 0x00, 0x00, 0x00, 0x00, 0xF8, 0x00,
    0x00, 0x00, 0x00, 0x1F, 0x40, 0x00, 0x00, 0x00, 0x02, 0xF0, 0x00, 0x00, 0x00, 0x00, 0x3F, 0x00,
    0x00, 0x00, 0x00, 0x03, 0xE0, 0x00, 0x00, 0x00, 0x00, 0x7D, 0x00, 0x00, 0x00, 0x00, 0x0B, 0xC0,
    0x00, 0x00, 0x00, 0x00, 0xFC, 0x00, 0x00, 0x00, 0x00, 0x0F, 0x80, 0x00, 0x00, 0x00, 0x01, 0xF4,
    0x00, 0x00, 0x00, 0x00, 0x3F, 0x40, 0x00, 0x00, 0x00, 0xFF, 0xFF, 0xE0, 0x00, 0x00, 0x00, 0x00,
    0x00, 0x00, 0x3F, 0xFF, 0xFF, 0xFF, 0xF0, 0x00, 0x00, 0x00, 0x38, 0x00, 0x0F, 0xC0, 0x00, 0x00,
    0x00, 0x02, 0x40, 0x01, 0xF4, 0x00, 0x00, 0x00, 0x00, 0x30, 0x00, 0x2F, 0x00, 0x00, 0x00, 0x00,
    0x03, 0x00, 0x02, 0xF0, 0x00, 0x00, 0x00, 0x00, 0x60, 0x00, 0x3E, 0x00, 0x00, 0x00, 0x00, 0x09,
    0x00, 0x03, 0xD0, 0x00, 0x00, 0x00, 0x00, 0xC0, 0x00, 0x7C, 0x00, 0x00, 0x00, 0x00, 0x18, 0x00,
    0x0B, 0xC0, 0x00, 0x00, 0x00, 0x02, 0x40, 0x00, 0xF8, 0x00, 0x00, 0x00, 0x00, 0x30, 0x00, 0x0F,
    0x40, 0x00, 0x00, 0x00, 0x06, 0x00, 0x01, 0xF0, 0x00, 0x00, 0x00, 0x00, 0xC0, 0x00, 0x2F, 0x00,
    0x00, 0x00, 0x00, 0x1C, 0x00, 0x03, 0xE0, 0x00, 0x00, 0x00, 0x03, 0x40, 0x00, 0x3D, 0x00, 0x00,
    0x00, 0x00, 0x60, 0x00, 0x07, 0xC0, 0x00, 0x00, 0x00, 0x0C, 0x00, 0x00, 0xBC, 0x00, 0x00, 0x00,
    0x02, 0x40, 0x00, 0x0F, 0x80, 0x00, 0x00, 0x00, 0x70, 0x00, 0x00, 0xF4, 0x00, 0x00, 0x00, 0x0C,
    0x00, 0x00, 0x1F, 0x00, 0x00, 0x00, 0x03, 0x00, 0x00, 0x02, 0xF0, 0x00, 0x00, 0x01, 0xD0, 0x00,
    0x00, 0x3F, 0x00, 0x00, 0x03, 0xFF, 0xFF, 0xFF, 0xFF, 0xFF, 0xC0, 0x00, 0xB9, 0x00, 0x00, 0x00,
    0x00, 0xBC, 0x00, 0x0E, 0x00, 0x00, 0x00, 0x00, 0x03, 0x80, 0x01, 0xC0, 0x00, 0x00, 0x00, 0x00,
    0x28, 0x00, 0x34, 0x00, 0x00, 0x00, 0x00, 0x02, 0x40, 0x07, 0x00, 0x00, 0x00, 0x00, 0x00, 0x34,
    0x00, 0x90, 0x00, 0x00, 0x00, 0x00, 0x03, 0x00, 0x00, 0x00, 0x00, 0x00, 0x00, 0x00, 0x00, 0x00,
    0x00, 0x1F, 0xFF, 0xFF, 0xFF, 0xF4, 0x00, 0x03, 0xF0, 0x00, 0x07, 0xD0, 0x00, 0x0F, 0xC0, 0x00,
    0x07, 0x40, 0x00, 0x3E, 0x00, 0x00, 0x0C, 0x00, 0x01, 0xF4, 0x00, 0x00, 0x30, 0x00, 0x0B, 0xC0,
    0x00, 0x00, 0xC0, 0x00, 0x3F, 0x00, 0x00, 0x02, 0x00, 0x00, 0xF8, 0x00, 0x00, 0x00, 0x00, 0x07,
    0xD0, 0x02, 0x00, 0x00, 0x00, 0x2F, 0x00, 0x0C, 0x00, 0x00, 0x00, 0xFC, 0x00, 0xF0, 0x00, 0x00,
    0x03, 0xFF, 0xFF, 0x80, 0x00, 0x00, 0x1F, 0x40, 0x2D, 0x00, 0x00, 0x00, 0xBC, 0x00, 0x30, 0x00,
    0x00, 0x03, 0xF0, 0x01, 0xC0, 0x00, 0x00, 0x0F, 0x80, 0x05, 0x00, 0x60, 0x00, 0x7D, 0x00, 0x00,
    0x03, 0x00, 0x02, 0xF0, 0x00, 0x00, 0x1C, 0x00, 0x0F, 0xC0, 0x00, 0x00, 0xD0, 0x00, 0x3E, 0x00,
    0x00, 0x0B, 0x00, 0x01, 0xF4, 0x00, 0x00, 0xB4, 0x00, 0x0F, 0xC0, 0x00, 0x1F, 0xC0, 0x0F, 0xFF,
    0xFF, 0xFF, 0xFE, 0x00, 0x00, 0x00, 0x0F, 0xFF, 0x80, 0x0F, 0xFF, 0xF8, 0x00, 0xBF, 0xF8, 0x00,
    0x07, 0xF4, 0x00, 0x01, 0xFC, 0x00, 0x00, 0xBE, 0x00, 0x00, 0x03, 0xC0, 0x00, 0x07, 0xD0, 0x00,
    0x03, 0xC0, 0x00, 0x00, 0x03, 0x40, 0x00, 0x2F, 0x00, 0x00, 0x38, 0x00, 0x00, 0x00, 0x07, 0x00,
    0x00, 0xBC, 0x00, 0x03, 0x40, 0x00, 0x00, 0x00, 0x0A, 0x00, 0x03, 0xE0, 0x00, 0x70, 0x00, 0x00,
    0x00, 0x00, 0x0D, 0x00, 0x0F, 0x40, 0x07, 0x00, 0x00, 0x00, 0x00, 0x00, 0x1C, 0x00, 0x7C, 0x00,
    0xA0, 0x00, 0x00, 0x00, 0x00, 0x00, 0x2C, 0x02, 0xF0, 0x0A, 0x00, 0x00, 0x00, 0x00, 0x00, 0x00,
    0xB4, 0x0F, 0x80, 0xF4, 0x00, 0x00, 0x00, 0x00, 0x00, 0x0B, 0xF0, 0x3D, 0x0F, 0xE0, 0x00, 0x00,
    0x00, 0x00, 0x00, 0x7D, 0xB1, 0xF1, 0xCF, 0xC0, 0x00, 0x00, 0x00, 0x00, 0x07, 0xE0, 0xDB, 0xDC,
    0x1F, 0x40, 0x00, 0x00, 0x00, 0x00, 0x3E, 0x00, 0xFF, 0x80, 0x3F, 0x00, 0x00, 0x00, 0x00, 0x03,
    0xF0, 0x02, 0xF8, 0x00, 0xBC, 0x00, 0x00, 0x00, 0x00, 0x3F, 0x00, 0x07, 0xC0, 0x01, 0xF8, 0x00,
    0x00, 0x00, 0x02, 0xF0, 0x00, 0x2F, 0x00, 0x03, 0xF0, 0x00, 0x00, 0x00, 0x2F, 0x40, 0x00, 0xF8,
    0x00, 0x0B, 0xD0, 0x00, 0x00, 0x01, 0xF4, 0x00, 0x03, 0xD0, 0x00, 0x0F, 0x80, 0x00, 0x00, 0x1F,
    0x80, 0x00, 0x1F, 0x00, 0x00, 0x3F, 0x00, 0x00, 0x00, 0xFC, 0x00, 0x00, 0xBC, 0x00, 0x00, 0xBD,
    0x00, 0x00, 0x1F, 0xD0, 0x00, 0x07, 0xF0, 0x00, 0x02, 0xFC, 0x00, 0x0B, 0xFF, 0xE0, 0x03, 0xFF,
    0xFD, 0x00, 0xBF, 0xFF, 0x00, 0x00, 0x00, 0x00, 0x00, 0x00, 0x00, 0x00, 0x00, 0x00, 0x00, 0x00,
    0x24, 0x1B, 0xFE, 0x00, 0x00, 0xFB, 0x90, 0x2F, 0x40, 0x03, 0xF0, 0x00, 0x2F, 0x00, 0x1E, 0x00,
    0x00, 0x7E, 0x00, 0xB0, 0x00, 0x00, 0xF8, 0x03, 0x40, 0x00, 0x07, 0xE0, 0x0C, 0x00, 0x00, 0x3F,
    0x00, 0x00, 0x00, 0x02, 0xF4, 0x00, 0x00, 0x00, 0x1F, 0x40, 0x00, 0x00, 0x07, 0xE0, 0x00, 0x00,
    0x3F, 0xF8, 0x00, 0x00, 0x00, 0x00, 0x7D, 0x00, 0x00, 0x00, 0x00, 0x3E, 0x00, 0x00, 0x00, 0x00,
    0xBC, 0x00, 0x00, 0x00, 0x01, 0xF8, 0x00, 0x00, 0x00, 0x07, 0xE0, 0x30, 0x00, 0x00, 0x2F, 0x81,
    0x80, 0x00, 0x00, 0xFC, 0x06, 0x00, 0x00, 0x07, 0xE0, 0x0C, 0x00, 0x00, 0x3F, 0x00, 0x38, 0x00,
    0x03, 0xF0, 0x00, 0x3D, 0x01, 0xBD, 0x00, 0x00, 0x1B, 0xFE, 0x40, 0x00, 0x00, 0x00, 0x1F, 0xFF,
    0xF0, 0x0F, 0xFF, 0xF8, 0x00, 0x03, 0xF4, 0x00, 0x01, 0xFC, 0x00, 0x00, 0x0F, 0xC0, 0x00, 0x0B,
    0xD0, 0x00, 0x00, 0x3E, 0x00, 0x00, 0x7F, 0x00, 0x00, 0x01, 0xF4, 0x00, 0x07, 0xFC, 0x00, 0x00,
    0x0B, 0xC0, 0x00, 0x3B, 0xE0, 0x00, 0x00, 0x3F, 0x00, 0x03, 0x9F, 0x40, 0x00, 0x00, 0xF8, 0x00,
    0x38, 0xBC, 0x00, 0x00, 0x07, 0xD0, 0x02, 0xC3, 0xF0, 0x00, 0x00, 0x2F, 0x00, 0x1C, 0x0F, 0x80,
    0x00, 0x00, 0xFC, 0x01, 0xC0, 0x7D, 0x00, 0x00, 0x03, 0xE0, 0x0D, 0x02, 0xF0, 0x00, 0x00, 0x1F,
    0x40, 0xD0, 0x0F, 0xC0, 0x00, 0x00, 0xBC, 0x0E, 0x00, 0x3E, 0x00, 0x00, 0x03, 0xF0, 0xA0, 0x01,
    0xF4, 0x00, 0x00, 0x0F, 0x8B, 0x00, 0x0B, 0xC0, 0x00, 0x00, 0x7D, 0x70, 0x00, 0x3F, 0x00, 0x00,
    0x02, 0xF7, 0x00, 0x00, 0xF8, 0x00, 0x00, 0x0F, 0xF4, 0x00, 0x07, 0xD0, 0x00, 0x00, 0x3F, 0x40,
    0x00, 0x2F, 0x00, 0x00, 0x01, 0xF8, 0x00, 0x00, 0xFC, 0x00, 0x00, 0x0F, 0xD0, 0x00, 0x07, 0xF0,
    0x00, 0x0F, 0xFF, 0xFC, 0x03, 0xFF, 0xFD, 0x00, 0x00, 0x00, 0x00, 0x00, 0x1F, 0x00, 0x00, 0x00,
    0x00, 0x00, 0x00, 0xFD, 0x00, 0x40, 0x00, 0x00, 0x00, 0x03, 0xE0, 0x07, 0x00, 0x00, 0x00, 0x00,
    0x0E, 0x00, 0xB0, 0x00, 0x00, 0x00, 0x00, 0x0B, 0xFD, 0x00, 0x00, 0x00, 0x00, 0x00, 0x00, 0x00,
    0x00, 0x00, 0x01, 0xFF, 0xFF, 0x00, 0xFF, 0xFF, 0x80, 0x00, 0x3F, 0x40, 0x00, 0x1F, 0xC0, 0x00,
    0x00, 0xFC, 0x00, 0x00, 0xBD, 0x00, 0x00, 0x03, 0xE0, 0x00, 0x07, 0xF0, 0x00, 0x00, 0x1F, 0x40,
    0x00, 0x7F, 0xC0, 0x00, 0x00, 0xBC, 0x00, 0x03, 0xBE, 0x00, 0x00, 0x03, 0xF0, 0x00, 0x39, 0xF4,
    0x00, 0x00, 0x0F, 0x80, 0x03, 0x8B, 0xC0, 0x00, 0x00, 0x7D, 0x00, 0x2C, 0x3F, 0x00, 0x00, 0x02,
    0xF0, 0x02, 0xC0, 0xF8, 0x00, 0x00, 0x0F, 0xC0, 0x1C, 0x07, 0xD0, 0x00, 0x00, 0x3E, 0x00, 0xD0,
    0x2F, 0x00, 0x00, 0x01, 0xF4, 0x0D, 0x00, 0xFC, 0x00, 0x00, 0x0B, 0xC0, 0xE0, 0x03, 0xE0, 0x00,
    0x00, 0x3F, 0x0A, 0x00, 0x1F, 0x40, 0x00, 0x00, 0xF8, 0xB0, 0x00, 0xBC, 0x00, 0x00, 0x07, 0xD7,
    0x00, 0x03, 0xF0, 0x00, 0x00, 0x2F, 0x70, 0x00, 0x0F, 0x80, 0x00, 0x00, 0xFF, 0x40, 0x00, 0x7D,
    0x00, 0x00, 0x03, 0xF4, 0x00, 0x02, 0xF0, 0x00, 0x00, 0x1F, 0x80, 0x00, 0x0F, 0xC0, 0x00, 0x00,
    0xFD, 0x00, 0x00, 0x7F, 0x00, 0x00, 0xFF, 0xFF, 0xC0, 0x3F, 0xFF, 0xD0, 0x00, 0x00, 0x1F, 0xFF,
    0xF4, 0x01, 0xFF, 0xF0, 0x00, 0x03, 0xF4, 0x00, 0x01, 0xFD, 0x00, 0x00, 0x0F, 0xC0, 0x00, 0x0B,
    0x40, 0x00, 0x00, 0x3E, 0x00, 0x00, 0x70, 0x00, 0x00, 0x01, 0xF4, 0x00, 0x0A, 0x00, 0x00, 0x00,
    0x0B, 0xC0, 0x00, 0xA0, 0x00, 0x00, 0x00, 0x3F, 0x00, 0x0D, 0x00, 0x00, 0x00, 0x00, 0xF8, 0x00,
    0xD0, 0x00, 0x00, 0x00, 0x07, 0xD0, 0x1C, 0x00, 0x00, 0x00, 0x00, 0x2F, 0x01, 0xE0, 0x00, 0x00,
    0x00, 0x00, 0xFC, 0x2F, 0xC0, 0x00, 0x00, 0x00, 0x03, 0xE2, 0x9F, 0x40, 0x00, 0x00, 0x00, 0x1F,
    0x64, 0x3F, 0x00, 0x00, 0x00, 0x00, 0xBF, 0x40, 0xBC, 0x00, 0x00, 0x00, 0x03, 0xF4, 0x01, 0xF8,
    0x00, 0x00, 0x00, 0x0F, 0x80, 0x03, 0xF0, 0x00, 0x00, 0x00, 0x7D, 0x00, 0x0B, 0xD0, 0x00, 0x00,
    0x02, 0xF0, 0x00, 0x0F, 0x80, 0x00, 0x00, 0x0F, 0xC0, 0x00, 0x3F, 0x00, 0x00, 0x00, 0x3E, 0x00,
    0x00, 0x7D, 0x00, 0x00, 0x01, 0xF4, 0x00, 0x00, 0xFC, 0x00, 0x00, 0x0F, 0xD0, 0x00, 0x07, 0xF4,
    0x00, 0x0F, 0xFF, 0xFC, 0x00, 0xFF, 0xFD, 0x00, 0x00, 0x00, 0x00, 0x1F, 0xFF, 0xFF, 0xFF, 0xF8,
    0x00, 0x00, 0x03, 0x80, 0x01, 0xFC, 0x00, 0x00, 0x00, 0x0C, 0x00, 0x07, 0xD0, 0x00, 0x00, 0x00,
    0x30, 0x00, 0x2F, 0x00, 0x00, 0x00, 0x01, 0x80, 0x00, 0xFC, 0x00, 0x00, 0x00, 0x09, 0x00, 0x03,
    0xE0, 0x00, 0x00, 0x00, 0x30, 0x00, 0x1F, 0x40, 0x00, 0x00, 0x01, 0xC0, 0x00, 0xBC, 0x00, 0x00,
    0x00, 0x09, 0x00, 0x03, 0xF0, 0x00, 0x00, 0x00, 0x30, 0x00, 0x0F, 0x80, 0x00, 0x00, 0x00, 0xC0,
    0x00, 0x7D, 0x00, 0x00, 0x00, 0x09, 0x00, 0x02, 0xF0, 0x00, 0x00, 0x00, 0x30, 0x00, 0x0F, 0xC0,
    0x00, 0x00, 0x01, 0x80, 0x00, 0x3E, 0x00, 0x00, 0x00, 0x09, 0x00, 0x01, 0xF4, 0x00, 0x00, 0x00,
    0x30, 0x00, 0x0B, 0xC0, 0x00, 0x00, 0x02, 0x80, 0x00, 0x3F, 0x00, 0x00, 0xB4, 0x0C, 0x00, 0x00,
    0xF8, 0x00, 0x07, 0xE0, 0xA0, 0x00, 0x03, 0xD0, 0x00, 0x2F, 0x03, 0x00, 0x00, 0x1F, 0x00, 0x00,
    0x90, 0x34, 0x00, 0x00, 0xFC, 0x00, 0x01, 0xC3, 0x80, 0x00, 0x07, 0xF0, 0x00, 0x02, 0xF4, 0x00,
    0x03, 0xFF, 0xFD, 0x00, 0x00, 0x00, 0x1F, 0xFE, 0x00, 0x00, 0x00, 0x3F, 0xFC, 0x00, 0x00, 0xFF,
    0x00, 0x00, 0x00, 0xBF, 0x00, 0x00, 0x00, 0xBF, 0x00, 0x00, 0x01, 0xBE, 0x00, 0x00, 0x00, 0xEF,
    0x00, 0x00, 0x03, 0x3D, 0x00, 0x00, 0x00, 0xCF, 0x00, 0x00, 0x05, 0x7C, 0x00, 0x00, 0x01, 0x8F,
    0x00, 0x00, 0x0C, 0xBC, 0x00, 0x00, 0x02, 0x4F, 0x40, 0x00, 0x24, 0xF8, 0x00, 0x00, 0x03, 0x0F,
    0x40, 0x00, 0x20, 0xF4, 0x00, 0x00, 0x03, 0x0F, 0x40, 0x00, 0xC1, 0xF0, 0x00, 0x00, 0x06, 0x0B,
    0x80, 0x01, 0x42, 0xF0, 0x00, 0x00, 0x09, 0x0B, 0x80, 0x03, 0x03, 0xE0, 0x00, 0x00, 0x0C, 0x0B,
    0xC0, 0x09, 0x03, 0xD0, 0x00, 0x00, 0x0C, 0x07, 0xC0, 0x08, 0x07, 0xC0, 0x00, 0x00, 0x18, 0x07,
    0xC0, 0x20, 0x0B, 0xC0, 0x00, 0x00, 0x24, 0x03, 0xC0, 0x60, 0x0F, 0x80, 0x00, 0x00, 0x30, 0x03,
    0xC0, 0xC0, 0x0F, 0x40, 0x00, 0x00, 0x30, 0x03, 0xD2, 0x40, 0x1F, 0x00, 0x00, 0x00, 0x60, 0x03,
    0xD3, 0x00, 0x2F, 0x00, 0x00, 0x00, 0x90, 0x03, 0xD8, 0x00, 0x3E, 0x00, 0x00, 0x00, 0xC0, 0x02,
    0xF8, 0x00, 0x3D, 0x00, 0x00, 0x01, 0xC0, 0x02, 0xF0, 0x00, 0x7C, 0x00, 0x00, 0x07, 0xD0, 0x02,
    0xD0, 0x00, 0xFC, 0x00, 0x00, 0xBF, 0xFD, 0x01, 0xC0, 0x3F, 0xFF, 0xE0, 0x00, 0x00, 0x1F, 0xFF,
    0xF0, 0x0F, 0xFF, 0xF8, 0x00, 0x03, 0xF8, 0x00, 0x01, 0xFC, 0x00, 0x00, 0x0F, 0xC0, 0x00, 0x07,
    0xD0, 0x00, 0x00, 0x3E, 0x00, 0x00, 0x2F, 0x00, 0x00, 0x01, 0xF4, 0x00, 0x00, 0xFC, 0x00, 0x00,
    0x0B, 0xC0, 0x00, 0x03, 0xE0, 0x00, 0x00, 0x3F, 0x00, 0x00, 0x1F, 0x40, 0x00, 0x00, 0xF8, 0x00,
    0x00, 0x7C, 0x00, 0x00, 0x07, 0xD0, 0x00, 0x02, 0xF0, 0x00, 0x00, 0x2F, 0x00, 0x00, 0x0F, 0x80,
    0x00, 0x00, 0xFC, 0x00, 0x00, 0x3D, 0x00, 0x00, 0x03, 0xFF, 0xFF, 0xFF, 0xF0, 0x00, 0x00, 0x1F,
    0x40, 0x00, 0x0B, 0xC0, 0x00, 0x00, 0xBC, 0x00, 0x00, 0x3E, 0x00, 0x00, 0x03, 0xF0, 0x00, 0x00,
    0xF4, 0x00, 0x00, 0x0F, 0x80, 0x00, 0x07, 0xC0, 0x00, 0x00, 0x7D, 0x00, 0x00, 0x2F, 0x00, 0x00,
    0x02, 0xF0, 0x00, 0x00, 0xF8, 0x00, 0x00, 0x0F, 0xC0, 0x00, 0x03, 0xD0, 0x00, 0x00, 0x3E, 0x00,
    0x00, 0x1F, 0x00, 0x00, 0x01, 0xF4, 0x00, 0x00, 0xBC, 0x00, 0x00, 0x0F, 0xD0, 0x00, 0x07, 0xF0,
    0x00, 0x0F, 0xFF, 0xFC, 0x03, 0xFF, 0xFD, 0x00, 0x00, 0x00, 0x00, 0x02, 0xFF, 0x90, 0x00, 0x00,
    0x02, 0xE4, 0x0B, 0xC0, 0x00, 0x01, 0xF0, 0x00, 0x1F, 0x00, 0x00, 0xBC, 0x00, 0x00, 0xBC, 0x00,
    0x2F, 0x00, 0x00, 0x03, 0xD0, 0x0B, 0xC0, 0x00, 0x00, 0x3E, 0x01, 0xF4, 0x00, 0x00, 0x03, 0xF0,
    0x3F, 0x00, 0x00, 0x00, 0x3F, 0x0B, 0xD0, 0x00, 0x00, 0x03, 0xF0, 0xFC, 0x00, 0x00, 0x00, 0x3F,
    0x1F, 0xC0, 0x00, 0x00, 0x07, 0xF2, 0xF4, 0x00, 0x00, 0x00, 0xBE, 0x3F, 0x00, 0x00, 0x00, 0x0F,
    0xD3, 0xF0, 0x00, 0x00, 0x00, 0xFC, 0x3F, 0x00, 0x00, 0x00, 0x2F, 0x43, 0xF0, 0x00, 0x00, 0x03,
    0xF0, 0x3F, 0x00, 0x00, 0x00, 0xBD, 0x03, 0xF0, 0x00, 0x00, 0x1F, 0x80, 0x1F, 0x40, 0x00, 0x03,
    0xE0, 0x00, 0xF8, 0x00, 0x00, 0xF8, 0x00, 0x03, 0xD0, 0x00, 0x7D, 0x00, 0x00, 0x0F, 0x80, 0x6E,
    0x00, 0x00, 0x00, 0x1F, 0xFE, 0x00, 0x00, 0x00, 0x00, 0x1F, 0xFF, 0xFF, 0xFF, 0xFF, 0xF8, 0x00,
    0x03, 0xF4, 0x00, 0x00, 0xFC, 0x00, 0x00, 0x0F, 0xC0, 0x00, 0x07, 0xD0, 0x00, 0x00, 0x3E, 0x00,
    0x00, 0x2F, 0x00, 0x00, 0x01, 0xF4, 0x00, 0x00, 0xFC, 0x00, 0x00, 0x0B, 0xC0, 0x00, 0x03, 0xE0,
    0x00, 0x00, 0x3F, 0x00, 0x00, 0x1F, 0x40, 0x00, 0x00, 0xF8, 0x00, 0x00, 0xBC, 0x00, 0x00, 0x07,
    0xD0, 0x00, 0x03, 0xF0, 0x00, 0x00, 0x2F, 0x00, 0x00, 0x0F, 0x80, 0x00, 0x00, 0xFC, 0x00, 0x00,
    0x7D, 0x00, 0x00, 0x03, 0xE0, 0x00, 0x02, 0xF0, 0x00, 0x00, 0x1F, 0x40, 0x00, 0x0F, 0xC0, 0x00,
    0x00, 0xBC, 0x00, 0x00, 0x3E, 0x00, 0x00, 0x03, 0xF0, 0x00, 0x01, 0xF4, 0x00, 0x00, 0x0F, 0x80,
    0x00, 0x0B, 0xC0, 0x00, 0x00, 0x7D, 0x00, 0x00, 0x3F, 0x00, 0x00, 0x02, 0xF0, 0x00, 0x00, 0xF8,
    0x00, 0x00, 0x0F, 0xC0, 0x00, 0x07, 0xD0, 0x00, 0x00, 0x3E, 0x00, 0x00, 0x2F, 0x00, 0x00, 0x01,
    0xF4, 0x00, 0x00, 0xFC, 0x00, 0x00, 0x0F, 0xD0, 0x00, 0x07, 0xF0, 0x00, 0x0F, 0xFF, 0xF8, 0x03,
    0xFF, 0xFD, 0x00, 0x00, 0x00, 0x00, 0x00, 0x00, 0x00, 0x00, 0x00, 0x1F, 0xFF, 0xFF, 0xF9, 0x00,
    0x00, 0x03, 0xF0, 0x00, 0x7E, 0x00, 0x00, 0x0F, 0xC0, 0x00, 0x3D, 0x00, 0x00, 0x3E, 0x00, 0x00,
    0xFC, 0x00, 0x01, 0xF4, 0x00, 0x03, 0xF0, 0x00, 0x0B, 0xC0, 0x00, 0x0F, 0xC0, 0x00, 0x3E, 0x00,
    0x00, 0x7F, 0x00, 0x00, 0xF4, 0x00, 0x02, 0xF4, 0x00, 0x07, 0xC0, 0x00, 0x0F, 0x80, 0x00, 0x2F,
    0x00, 0x00, 0xF8, 0x00, 0x00, 0xF8, 0x00, 0x2F, 0x40, 0x00, 0x03, 0xFF, 0xFF, 0x90, 0x00, 0x00,
    0x1F, 0x00, 0x00, 0x00, 0x00, 0x00, 0xBC, 0x00, 0x00, 0x00, 0x00, 0x03, 0xF0, 0x00, 0x00, 0x00,
    0x00, 0x0F, 0x80, 0x00, 0x00, 0x00, 0x00, 0x7D, 0x00, 0x00, 0x00, 0x00, 0x02, 0xF0, 0x00, 0x00,
    0x00, 0x00, 0x0F, 0xC0, 0x00, 0x00, 0x00, 0x00, 0x3E, 0x00, 0x00, 0x00, 0x00, 0x01, 0xF4, 0x00,
    0x00, 0x00, 0x00, 0x0B, 0xD0, 0x00, 0x00, 0x00, 0x0F, 0xFF, 0xFC, 0x00, 0x00, 0x00, 0x00, 0x00,
    0x00, 0x01, 0xBF, 0xD0, 0x08, 0x00, 0x00, 0xBD, 0x00, 0xA0, 0xE0, 0x00, 0x1F, 0x40, 0x00, 0xAF,
    0x40, 0x02, 0xF0, 0x00, 0x00, 0xFC, 0x00, 0x2F, 0x00, 0x00, 0x02, 0xE0, 0x02, 0xF0, 0x00, 0x00,
    0x07, 0x40, 0x1F, 0x80, 0x00, 0x00, 0x0C, 0x00, 0xFC, 0x00, 0x00, 0x00, 0x70, 0x0B, 0xD0, 0x00,
    0x00, 0x01, 0x80, 0x3F, 0x00, 0x00, 0x00, 0x00, 0x01, 0xF8, 0x00, 0x00, 0x00, 0x00, 0x0B, 0xD0,
    0x00, 0x00, 0x00, 0x00, 0x3F, 0x00, 0x00, 0x00, 0x00, 0x00, 0xFC, 0x00, 0x00, 0x00, 0x00, 0x03,
    0xF0, 0x00, 0x00, 0x00, 0x00, 0x0F, 0xC0, 0x00, 0x00, 0x03, 0x00, 0x3F, 0x00, 0x00, 0x00, 0x18,
    0x00, 0xBC, 0x00, 0x00, 0x00, 0xC0, 0x00, 0xF4, 0x00, 0x00, 0x09, 0x00, 0x02, 0xE0, 0x00, 0x00,
    0xA0, 0x00, 0x03, 0xE0, 0x00, 0x0E, 0x00, 0x00, 0x02, 0xF4, 0x06, 0xD0, 0x00, 0x00, 0x00, 0xBF,
    0xE4, 0x00, 0x00, 0x00, 0x03, 0xFF, 0xFF, 0xFF, 0xFF, 0xD0, 0x3D, 0x00, 0x7E, 0x00, 0x7D, 0x07,
    0x00, 0x07, 0xC0, 0x01, 0xC0, 0xD0, 0x00, 0xBC, 0x00, 0x0C, 0x0C, 0x00, 0x0F, 0xC0, 0x00, 0xC1,
    0x80, 0x00, 0xF8, 0x00, 0x18, 0x30, 0x00, 0x1F, 0x40, 0x01, 0x40, 0x00, 0x02, 0xF0, 0x00, 0x00,
    0x00, 0x00, 0x3F, 0x00, 0x00, 0x00, 0x00, 0x03, 0xE0, 0x00, 0x00, 0x00, 0x00, 0x7D, 0x00, 0x00,
    0x00, 0x00, 0x0B, 0xC0, 0x00, 0x00, 0x00, 0x00, 0xFC, 0x00, 0x00, 0x00, 0x00, 0x0F, 0x80, 0x00,
    0x00, 0x00, 0x01, 0xF4, 0x00, 0x00, 0x00, 0x00, 0x2F, 0x00, 0x00, 0x00, 0x00, 0x03, 0xF0, 0x00,
    0x00, 0x00, 0x00, 0x3E, 0x00, 0x00, 0x00, 0x00, 0x07, 0xD0, 0x00, 0x00, 0x00, 0x00, 0xBC, 0x00,
    0x00, 0x00, 0x00, 0x0F, 0xC0, 0x00, 0x00, 0x00, 0x02, 0xFC, 0x00, 0x00, 0x00, 0x2F, 0xFF, 0xFF,
    0x40, 0x00, 0x00, 0x0F, 0xFF, 0xF0, 0x00, 0x2F, 0xFD, 0x00, 0xBF, 0x00, 0x00, 0x07, 0xD0, 0x00,
    0x7E, 0x00, 0x00, 0x03, 0x40, 0x00, 0x3F, 0x00, 0x00, 0x06, 0x00, 0x00, 0x2F, 0x00, 0x00, 0x0C,
    0x00, 0x00, 0x1F, 0x40, 0x00, 0x24, 0x00, 0x00, 0x0F, 0x80, 0x00, 0x30, 0x00, 0x00, 0x0F, 0xC0,
    0x00, 0x90, 0x00, 0x00, 0x0B, 0xD0, 0x00, 0x80, 0x00, 0x00, 0x03, 0xE0, 0x03, 0x00, 0x00, 0x00,
    0x03, 0xF0, 0x06, 0x00, 0x00, 0x00, 0x02, 0xF0, 0x0C, 0x00, 0x00, 0x00, 0x01, 0xF8, 0x14, 0x00,
    0x00, 0x00, 0x00, 0xFC, 0x20, 0x00, 0x00, 0x00, 0x00, 0xBC, 0x80, 0x00, 0x00, 0x00, 0x00, 0x7E,
    0x80, 0x00, 0x00, 0x00, 0x00, 0x3F, 0x00, 0x00, 0x00, 0x2E, 0x00, 0x3D, 0x00, 0x00, 0x00, 0x3F,
    0x00, 0x28, 0x00, 0x00, 0x00, 0x7D, 0x00, 0x30, 0x00, 0x00, 0x00, 0x30, 0x01, 0xC0, 0x00, 0x00,
    0x00, 0x38, 0x1A, 0x00, 0x00, 0x00, 0x00, 0x0B, 0xE4, 0x00, 0x00, 0x00, 0x00, 0x00, 0x00, 0x3F,
    0xFF, 0xFC, 0x00, 0x00, 0x00, 0x03, 0xF4, 0x00, 0x00, 0x00, 0x00, 0x0F, 0xC0, 0x00, 0x00, 0x00,
    0x6B, 0xFF, 0xF9, 0x00, 0x00, 0x2F, 0x91, 0xF4, 0x6F, 0x80, 0x03, 0xE0, 0x07, 0xC0, 0x1F, 0x80,
    0x3E, 0x00, 0x2F, 0x00, 0x2F, 0x03, 0xF0, 0x00, 0xF8, 0x00, 0x7D, 0x2F, 0x40, 0x03, 0xD0, 0x01,
    0xF8, 0xFC, 0x00, 0x1F, 0x00, 0x07, 0xE7, 0xE0, 0x00, 0xBC, 0x00, 0x2F, 0x6F, 0x40, 0x03, 0xE0,
    0x00, 0xFC, 0xFC, 0x00, 0x0F, 0x40, 0x03, 0xF3, 0xF0, 0x00, 0x7C, 0x00, 0x2F, 0x4B, 0xC0, 0x02,
    0xF0, 0x00, 0xFC, 0x1F, 0x40, 0x0F, 0x80, 0x0F, 0xC0, 0x3F, 0x00, 0x3D, 0x00, 0xFC, 0x00, 0x2F,
    0x91, 0xF0, 0x6F, 0x40, 0x00, 0x06, 0xFF, 0xFE, 0x40, 0x00, 0x00, 0x00, 0x3E, 0x00, 0x00, 0x00,
    0x00, 0x00, 0xF4, 0x00, 0x00, 0x00, 0x00, 0x0B, 0xD0, 0x00, 0x00, 0x00, 0x1F, 0xFF, 0xFE, 0x00,
    0x00, 0x00, 0x00, 0x07, 0xFF, 0xF8, 0x03, 0xFF, 0xF0, 0x00, 0x00, 0xFE, 0x00, 0x02, 0xF8, 0x00,
    0x00, 0x01, 0xF8, 0x00, 0x0B, 0x00, 0x00, 0x00, 0x03, 0xF0, 0x00, 0x70, 0x00, 0x00, 0x00, 0x0B,
    0xD0, 0x03, 0x00, 0x00, 0x00, 0x00, 0x1F, 0x80, 0x30, 0x00, 0x00, 0x00, 0x00, 0x3F, 0x03, 0x40,
    0x00, 0x00, 0x00, 0x00, 0xBD, 0x24, 0x00, 0x00, 0x00, 0x00, 0x01, 0xFA, 0x80, 0x00, 0x00, 0x00,
    0x00, 0x03, 0xF8, 0x00, 0x00, 0x00, 0x00, 0x00, 0x0B, 0xD0, 0x00, 0x00, 0x00, 0x00, 0x00, 0x1F,
    0xC0, 0x00, 0x00, 0x00, 0x00, 0x00, 0xFF, 0x00, 0x00, 0x00, 0x00, 0x00, 0x0D, 0x7D, 0x00, 0x00,
    0x00, 0x00, 0x00, 0x90, 0xFC, 0x00, 0x00, 0x00, 0x00, 0x0A, 0x02, 0xF0, 0x00, 0x00, 0x00, 0x00,
    0x60, 0x07, 0xE0, 0x00, 0x00, 0x00, 0x07, 0x00, 0x0F, 0xC0, 0x00, 0x00, 0x00, 0x30, 0x00, 0x2F,
    0x40, 0x00, 0x00, 0x03, 0x00, 0x00, 0x7E, 0x00, 0x00, 0x00, 0x38, 0x00, 0x00, 0xFC, 0x00, 0x00,
    0x0B, 0xE0, 0x00, 0x07, 0xF8, 0x00, 0x03, 0xFF, 0xF0, 0x00, 0xFF, 0xFF, 0x00, 0x00, 0x00, 0x1F,
    0xFF, 0xF0, 0x0F, 0xFF, 0xF8, 0x00, 0x03, 0xF4, 0x00, 0x01, 0xFC, 0x00, 0x00, 0x0F, 0x80, 0x00,
    0x07, 0xD0, 0x00, 0x00, 0x7D, 0x00, 0x00, 0x1F, 0x00, 0x00, 0x01, 0xF0, 0x00, 0x00, 0xBC, 0x00,
    0x00, 0x0B, 0xC0, 0x00, 0x03, 0xE0, 0x00, 0x00, 0x3E, 0x00, 0x00, 0x0F, 0x40, 0x00, 0x00, 0xF4,
    0x00, 0x00, 0x7C, 0x00, 0x00, 0x07, 0xC0, 0x00, 0x02, 0xF0, 0x00, 0x00, 0x2F, 0x00, 0x00, 0x0F,
    0x80, 0x00, 0x00, 0xFC, 0x00, 0x00, 0x3D, 0x00, 0x00, 0x03, 0xE0, 0x00, 0x01, 0xF0, 0x00, 0x00,
    0x1F, 0x40, 0x00, 0x0B, 0xC0, 0x00, 0x00, 0xBC, 0x00, 0x00, 0x3E, 0x00, 0x00, 0x03, 0xF0, 0x00,
    0x00, 0xF4, 0x00, 0x00, 0x0F, 0x80, 0x00, 0x07, 0xC0, 0x00, 0x00, 0x7D, 0x00, 0x00, 0x2F, 0x00,
    0x00, 0x02, 0xF0, 0x00, 0x00, 0xF8, 0x00, 0x00, 0x0F, 0xC0, 0x00, 0x03, 0xD0, 0x00, 0x00, 0x3E,
    0x00, 0x00, 0x1F, 0x00, 0x00, 0x01, 0xF4, 0x00, 0x00, 0xBC, 0x00, 0x00, 0x0F, 0xC0, 0x00, 0x03,
    0xF0, 0x00, 0x0F, 0xFF, 0xFF, 0xFF, 0xFF, 0xFF, 0x00, 0x00, 0x00, 0x00, 0x00, 0x00, 0xBC, 0x00,
    0x00, 0x00, 0x00, 0x00, 0x00, 0xE0, 0x00, 0x00, 0x00, 0x00, 0x00, 0x02, 0x80, 0x00, 0x00, 0x00,
    0x00, 0x00, 0x09, 0x00, 0x00, 0x00, 0x00, 0x00, 0x00, 0x34, 0x00, 0x00, 0x00, 0x00, 0x00, 0x00,
    0xC0, 0x00, 0x00, 0x00, 0x00, 0x00, 0x01, 0x00, 0x00, 0x00, 0x00, 0x00, 0x00, 0x00, 0x07, 0xFF,
    0xFC, 0x03, 0xFF, 0xFE, 0x03, 0xF4, 0x00, 0x01, 0xFC, 0x00, 0x3E, 0x00, 0x00, 0x1F, 0x40, 0x03,
    0xD0, 0x00, 0x01, 0xF0, 0x00, 0x7C, 0x00, 0x00, 0x2F, 0x00, 0x0B, 0xC0, 0x00, 0x03, 0xE0, 0x00,
    0xF8, 0x00, 0x00, 0x3D, 0x00, 0x0F, 0x40, 0x00, 0x07, 0xC0, 0x01, 0xF4, 0x00, 0x00, 0xBC, 0x00,
    0x1F, 0x00, 0x00, 0x0F, 0x80, 0x00, 0xF4, 0x00, 0x00, 0xF4, 0x00, 0x03, 0xC0, 0x01, 0x6F, 0x00,
    0x00, 0x0B, 0xFF, 0xEB, 0xF0, 0x00, 0x00, 0x00, 0x00, 0x3E, 0x00, 0x00, 0x00, 0x00, 0x03, 0xD0,
    0x00, 0x00, 0x00, 0x00, 0x7C, 0x00, 0x00, 0x00, 0x00, 0x0B, 0xC0, 0x00, 0x00, 0x00, 0x00, 0xF8,
    0x00, 0x00, 0x00, 0x00, 0x0F, 0x40, 0x00, 0x00, 0x00, 0x01, 0xF0, 0x00, 0x00, 0x00, 0x00, 0x3F,
    0x00, 0x00, 0x00, 0x00, 0x07, 0xF0, 0x00, 0x00, 0x00, 0x0F, 0xFF, 0xF4, 0x00, 0x00, 0x1F, 0xFF,
    0xF0, 0x3F, 0xFF, 0xE0, 0x7F, 0xFF, 0xD0, 0x00, 0x0F, 0xD0, 0x00, 0x1F, 0xC0, 0x00, 0x3F, 0x80,
    0x00, 0x00, 0xFC, 0x00, 0x01, 0xF4, 0x00, 0x03, 0xF0, 0x00, 0x00, 0x0F, 0x80, 0x00, 0x2F, 0x00,
    0x00, 0x3E, 0x00, 0x00, 0x01, 0xF4, 0x00, 0x03, 0xF0, 0x00, 0x03, 0xD0, 0x00, 0x00, 0x2F, 0x00,
    0x00, 0x3E, 0x00, 0x00, 0x7C, 0x00, 0x00, 0x03, 0xF0, 0x00, 0x07, 0xD0, 0x00, 0x0B, 0xC0, 0x00,
    0x00, 0x3E, 0x00, 0x00, 0xBC, 0x00, 0x00, 0xF8, 0x00, 0x00, 0x07, 0xD0, 0x00, 0x0F, 0xC0, 0x00,
    0x0F, 0x40, 0x00, 0x00, 0xBC, 0x00, 0x00, 0xF8, 0x00, 0x01, 0xF0, 0x00, 0x00, 0x0F, 0xC0, 0x00,
    0x1F, 0x40, 0x00, 0x2F, 0x00, 0x00, 0x00, 0xF8, 0x00, 0x02, 0xF0, 0x00, 0x03, 0xE0, 0x00, 0x00,
    0x1F, 0x40, 0x00, 0x3F, 0x00, 0x00, 0x3D, 0x00, 0x00, 0x02, 0xF0, 0x00, 0x03, 0xE0, 0x00, 0x07,
    0xC0, 0x00, 0x00, 0x3F, 0x00, 0x00, 0x7D, 0x00, 0x00, 0xBC, 0x00, 0x00, 0x03, 0xE0, 0x00, 0x0B,
    0xC0, 0x00, 0x0F, 0x80, 0x00, 0x00, 0x7D, 0x00, 0x00, 0xFC, 0x00, 0x00, 0xF4, 0x00, 0x00, 0x0B,
    0xC0, 0x00, 0x0F, 0x80, 0x00, 0x1F, 0x40, 0x00, 0x00, 0xFC, 0x00, 0x01, 0xF4, 0x00, 0x02, 0xF0,
    0x00, 0x00, 0x0F, 0x80, 0x00, 0x2F, 0x00, 0x00, 0x3F, 0x00, 0x00, 0x01, 0xF4, 0x00, 0x03, 0xF0,
    0x00, 0x03, 0xE0, 0x00, 0x00, 0x3F, 0x00, 0x00, 0x3F, 0x00, 0x00, 0xBE, 0x00, 0x00, 0xFF, 0xFF,
    0xFF, 0xFF, 0xFF, 0xFF, 0xFF, 0xFF, 0x00, 0x00, 0x00, 0x1F, 0xFF, 0xF0, 0x3F, 0xFF, 0xE0, 0x7F,
    0xFF, 0xD0, 0x00, 0x0F, 0xD0, 0x00, 0x1F, 0x80, 0x00, 0x3F, 0x40, 0x00, 0x00, 0xFC, 0x00, 0x01,
    0xF4, 0x00, 0x03, 0xF0, 0x00, 0x00, 0x0F, 0x80, 0x00, 0x2F, 0x00, 0x00, 0x3E, 0x00, 0x00, 0x01,
    0xF4, 0x00, 0x03, 0xF0, 0x00, 0x07, 0xD0, 0x00, 0x00, 0x2F, 0x00, 0x00, 0x3E, 0x00, 0x00, 0xBC,
    0x00, 0x00, 0x03, 0xF0, 0x00, 0x07, 0xD0, 0x00, 0x0F, 0xC0, 0x00, 0x00, 0x3E, 0x00, 0x00, 0xBC,
    0x00, 0x00, 0xF8, 0x00, 0x00, 0x07, 0xD0, 0x00, 0x0F, 0xC0, 0x00, 0x1F, 0x40, 0x00, 0x00, 0xBC,
    0x00, 0x00, 0xF8, 0x00, 0x02, 0xF0, 0x00, 0x00, 0x0F, 0xC0, 0x00, 0x1F, 0x40, 0x00, 0x3F, 0x00,
    0x00, 0x00, 0xF8, 0x00, 0x02, 0xF0, 0x00, 0x03, 0xE0, 0x00, 0x00, 0x1F, 0x40, 0x00, 0x3F, 0x00,
    0x00, 0x3D, 0x00, 0x00, 0x02, 0xF0, 0x00, 0x03, 0xE0, 0x00, 0x07, 0xC0, 0x00, 0x00, 0x3F, 0x00,
    0x00, 0x7D, 0x00, 0x00, 0xBC, 0x00, 0x00, 0x03, 0xE0, 0x00, 0x0B, 0xC0, 0x00, 0x0F, 0x80, 0x00,
    0x00, 0x7D, 0x00, 0x00, 0xFC, 0x00, 0x00, 0xF4, 0x00, 0x00, 0x0B, 0xC0, 0x00, 0x0F, 0x80, 0x00,
    0x1F, 0x00, 0x00, 0x00, 0xFC, 0x00, 0x01, 0xF4, 0x00, 0x02, 0xF0, 0x00, 0x00, 0x0F, 0x80, 0x00,
    0x2F, 0x00, 0x00, 0x3F, 0x00, 0x00, 0x01, 0xF4, 0x00, 0x03, 0xF0, 0x00, 0x03, 0xE0, 0x00, 0x00,
    0x3F, 0x00, 0x00, 0x3F, 0x00, 0x00, 0xBE, 0x00, 0x00, 0xFF, 0xFF, 0xFF, 0xFF, 0xFF, 0xFF, 0xFF,
    0xFF, 0x40, 0x00, 0x00, 0x00, 0x00, 0x00, 0x00, 0x00, 0x01, 0xF4, 0x00, 0x00, 0x00, 0x00, 0x00,
    0x00, 0x00, 0x00, 0x07, 0x00, 0x00, 0x00, 0x00, 0x00, 0x00, 0x00, 0x00, 0x00, 0x30, 0x00, 0x00,
    0x00, 0x00, 0x00, 0x00, 0x00, 0x00, 0x03, 0x00, 0x00, 0x00, 0x00, 0x00, 0x00, 0x00, 0x00, 0x00,
    0x30, 0x00, 0x00, 0x00, 0x00, 0x00, 0x00, 0x00, 0x00, 0x06, 0x00, 0x00, 0x00, 0x00, 0x00, 0x00,
    0x00, 0x00, 0x00, 0x00, 0x00, 0x03, 0xFF, 0xFF, 0xFC, 0x00, 0x00, 0x1F, 0x40, 0x1F, 0x80, 0x00,
    0x00, 0xB0, 0x00, 0x7C, 0x00, 0x00, 0x03, 0x40, 0x02, 0xF0, 0x00, 0x00, 0x1C, 0x00, 0x0F, 0x80,
    0x00, 0x00, 0x90, 0x00, 0x3D, 0x00, 0x00, 0x03, 0x00, 0x01, 0xF0, 0x00, 0x00, 0x04, 0x00, 0x0B,
    0xC0, 0x00, 0x00, 0x00, 0x00, 0x3E, 0x00, 0x00, 0x00, 0x00, 0x00, 0xF4, 0x00, 0x00, 0x00, 0x00,
    0x07, 0xEA, 0xFF, 0xE0, 0x00, 0x00, 0x2F, 0x90, 0x07, 0xF4, 0x00, 0x00, 0xF8, 0x00, 0x03, 0xF0,
    0x00, 0x03, 0xD0, 0x00, 0x0B, 0xE0, 0x00, 0x1F, 0x00, 0x00, 0x1F, 0xC0, 0x00, 0xBC, 0x00, 0x00,
    0x7F, 0x00, 0x03, 0xE0, 0x00, 0x01, 0xF8, 0x00, 0x0F, 0x40, 0x00, 0x0F, 0xD0, 0x00, 0x7C, 0x00,
    0x00, 0x3F, 0x00, 0x02, 0xF0, 0x00, 0x03, 0xF0, 0x00, 0x0F, 0x80, 0x00, 0x3F, 0x40, 0x00, 0x7E,
    0x00, 0x07, 0xF0, 0x00, 0x3F, 0xFF, 0xFF, 0xF9, 0x00, 0x00, 0x00, 0x1F, 0xFF, 0xF0, 0x00, 0x00,
    0xFF, 0xFF, 0x40, 0x00, 0x3F, 0x00, 0x00, 0x00, 0x03, 0xF8, 0x00, 0x00, 0x0F, 0x80, 0x00, 0x00,
    0x00, 0xBC, 0x00, 0x00, 0x03, 0xD0, 0x00, 0x00, 0x00, 0x3F, 0x00, 0x00, 0x01, 0xF0, 0x00, 0x00,
    0x00, 0x0F, 0x80, 0x00, 0x00, 0xBC, 0x00, 0x00, 0x00, 0x07, 0xD0, 0x00, 0x00, 0x3E, 0x00, 0x00,
    0x00, 0x02, 0xF0, 0x00, 0x00, 0x0F, 0x40, 0x00, 0x00, 0x00, 0xFC, 0x00, 0x00, 0x07, 0xC0, 0x00,
    0x00, 0x00, 0x3E, 0x00, 0x00, 0x02, 0xF0, 0x00, 0x00, 0x00, 0x1F, 0x40, 0x00, 0x00, 0xFE, 0xFF,
    0xF9, 0x00, 0x0B, 0xC0, 0x00, 0x00, 0x3E, 0x00, 0x0B, 0xE0, 0x03, 0xF0, 0x00, 0x00, 0x1F, 0x00,
    0x00, 0xBE, 0x00, 0xF8, 0x00, 0x00, 0x0B, 0xC0, 0x00, 0x0F, 0xC0, 0x7D, 0x00, 0x00, 0x03, 0xE0,
    0x00, 0x03, 0xF4, 0x2F, 0x00, 0x00, 0x00, 0xF4, 0x00, 0x00, 0xFD, 0x0F, 0xC0, 0x00, 0x00, 0x7C,
    0x00, 0x00, 0x3F, 0x03, 0xE0, 0x00, 0x00, 0x2F, 0x00, 0x00, 0x0F, 0xC1, 0xF4, 0x00, 0x00, 0x0F,
    0x80, 0x00, 0x0B, 0xD0, 0xBC, 0x00, 0x00, 0x03, 0xD0, 0x00, 0x07, 0xE0, 0x3F, 0x00, 0x00, 0x01,
    0xF0, 0x00, 0x07, 0xE0, 0x0F, 0x80, 0x00, 0x00, 0xFC, 0x00, 0x0B, 0xE0, 0x0B, 0xE0, 0x00, 0x0B,
    0xFF, 0xFF, 0xFF, 0x80, 0xBF, 0xFF, 0xC0, 0x00, 0x00, 0x1F, 0xFF, 0xF0, 0x00, 0x00, 0x00, 0x3F,
    0x40, 0x00, 0x00, 0x00, 0x0F, 0x80, 0x00, 0x00, 0x00, 0x03, 0xD0, 0x00, 0x00, 0x00, 0x01, 0xF0,
    0x00, 0x00, 0x00, 0x00, 0xBC, 0x00, 0x00, 0x00, 0x00, 0x3E, 0x00, 0x00, 0x00, 0x00, 0x0F, 0x40,
    0x00, 0x00, 0x00, 0x07, 0xC0, 0x00, 0x00, 0x00, 0x02, 0xF0, 0x00, 0x00, 0x00, 0x00, 0xFD, 0xBF,
    0xF9, 0x00, 0x00, 0x3F, 0x50, 0x0B, 0xF0, 0x00, 0x1F, 0x00, 0x00, 0xBE, 0x00, 0x0B, 0xC0, 0x00,
    0x0F, 0xC0, 0x03, 0xE0, 0x00, 0x03, 0xF4, 0x00, 0xF4, 0x00, 0x00, 0xFD, 0x00, 0x7C, 0x00, 0x00,
    0x3F, 0x00, 0x2F, 0x00, 0x00, 0x1F, 0xC0, 0x0F, 0x80, 0x00, 0x0B, 0xD0, 0x03, 0xD0, 0x00, 0x07,
    0xE0, 0x01, 0xF0, 0x00, 0x07, 0xF0, 0x00, 0xFC, 0x00, 0x1B, 0xE0, 0x0B, 0xFF, 0xFF, 0xFF, 0x80,
    0x00, 0x00, 0x20, 0x0B, 0xFE, 0x40, 0x00, 0x03, 0x8B, 0x40, 0x7E, 0x00, 0x00, 0x7F, 0x40, 0x00,
    0xBC, 0x00, 0x0B, 0xD0, 0x00, 0x03, 0xE0, 0x00, 0xF4, 0x00, 0x00, 0x1F, 0x40, 0x0E, 0x00, 0x00,
    0x00, 0xF8, 0x01, 0xC0, 0x00, 0x00, 0x0F, 0xC0, 0x28, 0x00, 0x00, 0x00, 0xBC, 0x00, 0x00, 0x00,
    0x00, 0x0B, 0xC0, 0x00, 0x00, 0x00, 0x00, 0xFC, 0x00, 0x00, 0x00, 0x00, 0x0F, 0xC0, 0x00, 0xBF,
    0xE4, 0x01, 0xFC, 0x00, 0x20, 0x1B, 0xFE, 0x7F, 0x80, 0x00, 0x00, 0x00, 0x03, 0xF0, 0x00, 0x00,
    0x00, 0x00, 0x7F, 0x00, 0x00, 0x00, 0x00, 0x0F, 0xC0, 0x30, 0x00, 0x00, 0x02, 0xF8, 0x03, 0x00,
    0x00, 0x00, 0x7F, 0x00, 0x30, 0x00, 0x00, 0x0F, 0xC0, 0x02, 0x40, 0x00, 0x07, 0xF0, 0x00, 0x0C,
    0x00, 0x01, 0xF8, 0x00, 0x00, 0x78, 0x01, 0xFC, 0x00, 0x00, 0x00, 0x7F, 0xF8, 0x00, 0x00, 0x00,
    0x00, 0x1F, 0xFF, 0xF0, 0x00, 0x01, 0xBF, 0xE0, 0x00, 0x00, 0x03, 0xF4, 0x00, 0x00, 0x7D, 0x01,
    0xF8, 0x00, 0x00, 0x0F, 0xC0, 0x00, 0x0F, 0x80, 0x00, 0xB8, 0x00, 0x00, 0x3E, 0x00, 0x00, 0xF4,
    0x00, 0x00, 0xF4, 0x00, 0x01, 0xF4, 0x00, 0x0F, 0x40, 0x00, 0x02, 0xF0, 0x00, 0x0B, 0xC0, 0x00,
    0xF8, 0x00, 0x00, 0x07, 0xC0, 0x00, 0x3F, 0x00, 0x0F, 0xC0, 0x00, 0x00, 0x1F, 0x40, 0x00, 0xF8,
    0x00, 0x7D, 0x00, 0x00, 0x00, 0x7E, 0x00, 0x07, 0xD0, 0x03, 0xF0, 0x00, 0x00, 0x01, 0xF8, 0x00,
    0x2F, 0x00, 0x1F, 0x80, 0x00, 0x00, 0x0B, 0xD0, 0x00, 0xFC, 0x00, 0xFD, 0x00, 0x00, 0x00, 0x3F,
    0x40, 0x03, 0xFF, 0xFF, 0xF0, 0x00, 0x00, 0x00, 0xFC, 0x00, 0x1F, 0x00, 0x1F, 0xC0, 0x00, 0x00,
    0x07, 0xF0, 0x00, 0xBC, 0x00, 0x7E, 0x00, 0x00, 0x00, 0x2F, 0x40, 0x03, 0xE0, 0x02, 0xF8, 0x00,
    0x00, 0x00, 0xFC, 0x00, 0x0F, 0x40, 0x0B, 0xD0, 0x00, 0x00, 0x0B, 0xD0, 0x00, 0x7C, 0x00, 0x1F,
    0x40, 0x00, 0x00, 0x3F, 0x00, 0x02, 0xF0, 0x00, 0x3E, 0x00, 0x00, 0x03, 0xF0, 0x00, 0x0F, 0x80,
    0x00, 0xFC, 0x00, 0x00, 0x2F, 0x00, 0x00, 0x3D, 0x00, 0x01, 0xF4, 0x00, 0x02, 0xF0, 0x00, 0x02,
    0xF4, 0x00, 0x02, 0xF0, 0x00, 0x2F, 0x00, 0x03, 0xFF, 0xFE, 0x00, 0x02, 0xF4, 0x07, 0xD0, 0x00,
    0x00, 0x00, 0x00, 0x00, 0x00, 0xBF, 0xE4, 0x00, 0x00, 0x00, 0x00, 0x00, 0x00, 0x2B, 0xFF, 0xFF,
    0xF8, 0x00, 0x00, 0x1F, 0x90, 0x00, 0xFC, 0x00, 0x00, 0x02, 0xF0, 0x00, 0x07, 0xD0, 0x00, 0x00,
    0x3F, 0x00, 0x00, 0x2F, 0x00, 0x00, 0x02, 0xF4, 0x00, 0x00, 0xFC, 0x00, 0x00, 0x0F, 0xC0, 0x00,
    0x03, 0xE0, 0x00, 0x00, 0x3F, 0x00, 0x00, 0x1F, 0x40, 0x00, 0x00, 0xFC, 0x00, 0x00, 0xBC, 0x00,
    0x00, 0x03, 0xF0, 0x00, 0x03, 0xF0, 0x00, 0x00, 0x03, 0xD0, 0x00, 0x0F, 0x80, 0x00, 0x00, 0x03,
    0xE4, 0x00, 0x7D, 0x00, 0x00, 0x00, 0x01, 0xBF, 0xFF, 0xF0, 0x00, 0x00, 0x00, 0x03, 0xF0, 0x0B,
    0xC0, 0x00, 0x00, 0x00, 0x2F, 0x00, 0x3E, 0x00, 0x00, 0x00, 0x02, 0xF4, 0x00, 0xF4, 0x00, 0x00,
    0x00, 0x2F, 0x40, 0x07, 0xC0, 0x00, 0x00, 0x01, 0xF4, 0x00, 0x2F, 0x00, 0x00, 0x00, 0x1F, 0x80,
    0x00, 0xF8, 0x00, 0x00, 0x01, 0xF8, 0x00, 0x03, 0xD0, 0x00, 0x00, 0x1F, 0xC0, 0x00, 0x1F, 0x00,
    0x00, 0x01, 0xFC, 0x00, 0x00, 0xBC, 0x00, 0x00, 0x2F, 0xD0, 0x00, 0x07, 0xF0, 0x00, 0x0B, 0xFF,
    0xF0, 0x03, 0xFF, 0xFD, 0x00, 0x00, 0x00, 0x0B, 0xF0, 0x00, 0x00, 0x3D, 0x1D, 0xD0, 0x00, 0xF0,
    0x0B, 0xD0, 0x03, 0xD0, 0x07, 0xC0, 0x0B, 0xC0, 0x07, 0xC0, 0x0F, 0x40, 0x0B, 0x80, 0x1F, 0x00,
    0x0F, 0x40, 0x2F, 0x00, 0x0F, 0x00, 0x3E, 0x00, 0x0F, 0x00, 0x3D, 0x00, 0x1E, 0x00, 0x3D, 0x00,
    0x2D, 0x0C, 0x3C, 0x00, 0x3C, 0x18, 0x1D, 0x00, 0xBC, 0x34, 0x0F, 0x07, 0x2C, 0x70, 0x02, 0xF8,
    0x0B, 0xC0, 0x00, 0x00, 0x00, 0x0B, 0xC0, 0x00, 0x00, 0x6F, 0xF4, 0x00, 0x00, 0xBF, 0xF4, 0x00,
    0x00, 0x7F, 0x90, 0x00, 0x00, 0x1F, 0x00, 0x00, 0x00, 0x03, 0x80, 0x00, 0x00, 0x00, 0xF0, 0x00,
    0x00, 0x00, 0x1C, 0x00, 0x00, 0x00, 0x02, 0x82, 0xFE, 0x00, 0x00, 0x31, 0xD0, 0x7C, 0x00, 0x07,
    0xB0, 0x01, 0xD0, 0x00, 0xBD, 0x00, 0x0F, 0x00, 0x0F, 0xC0, 0x00, 0xF0, 0x01, 0xF4, 0x00, 0x0F,
    0x00, 0x1F, 0x00, 0x01, 0xF0, 0x02, 0xF0, 0x00, 0x2F, 0x00, 0x3E, 0x00, 0x03, 0xE0, 0x03, 0xD0,
    0x00, 0x3D, 0x00, 0x3D, 0x00, 0x0B, 0x80, 0x03, 0xD0, 0x00, 0xF0, 0x00, 0x1E, 0x00, 0x3C, 0x00,
    0x00, 0xB4, 0x1F, 0x00, 0x00, 0x01, 0xFE, 0x40, 0x00, 0x00, 0x00, 0x0B, 0xFD, 0x00, 0x0B, 0x90,
    0x3C, 0x03, 0xD0, 0x00, 0xC0, 0xF4, 0x00, 0x0C, 0x2F, 0x00, 0x02, 0xC3, 0xD0, 0x06, 0xE0, 0x7F,
    0xFF, 0xF4, 0x0B, 0xC0, 0x02, 0xE0, 0xF8, 0x00, 0x0B, 0x8F, 0x80, 0x00, 0xBC, 0xB8, 0x00, 0x0F,
    0xC7, 0x80, 0x00, 0xF4, 0x3C, 0x00, 0x3E, 0x00, 0xF0, 0x1F, 0x80, 0x02, 0xFF, 0x80, 0x00, 0x00,
    0x6F, 0xD0, 0x02, 0xD0, 0x78, 0x0E, 0x00, 0x3C, 0x28, 0x00, 0x3C, 0x10, 0x00, 0x7C, 0x00, 0x01,
    0xF4, 0x00, 0x1F, 0xD0, 0x01, 0xFE, 0x00, 0x0F, 0xE0, 0x00, 0x3E, 0x00, 0x00, 0x7C, 0x00, 0x00,
    0xB4, 0x00, 0x30, 0xB4, 0x00, 0xE0, 0x3C, 0x0B, 0x40, 0x0B, 0xF8, 0x00, 0x00, 0x02, 0xFE, 0x40,
    0x00, 0x00, 0x02, 0xD0, 0x00, 0x00, 0x00, 0xB4, 0x00, 0x00, 0x00, 0x3C, 0x00, 0x00, 0x00, 0x3C,
    0x00, 0x00, 0x00, 0x3D, 0x00, 0x00, 0x00, 0x3D, 0x00, 0x00, 0x00, 0x3D, 0x00, 0x07, 0xF8, 0x3D,
    0x00, 0x3D, 0x06, 0x7D, 0x00, 0xF4, 0x02, 0xBC, 0x03, 0xD0, 0x01, 0xFC, 0x0B, 0xC0, 0x01, 0xF8,
    0x0F, 0x80, 0x01, 0xF4, 0x1F, 0x40, 0x02, 0xF0, 0x2F, 0x00, 0x03, 0xE0, 0x3F, 0x00, 0x03, 0xC0,
    0x3E, 0x00, 0x0B, 0x80, 0x3D, 0x00, 0x0F, 0x00, 0x2D, 0x00, 0x2E, 0x00, 0x1E, 0x00, 0x78, 0x00,
    0x0B, 0x42, 0xE0, 0x00, 0x01, 0xFE, 0x00, 0x00, 0x00, 0x1B, 0xF4, 0x00, 0xF8, 0x1C, 0x03, 0xC0,
    0x0A, 0x0F, 0x40, 0x0A, 0x2F, 0x00, 0x1C, 0x3D, 0x01, 0xB4, 0x7F, 0xFE, 0x40, 0xBC, 0x00, 0x00,
    0xF8, 0x00, 0x00, 0xF8, 0x00, 0x00, 0xB4, 0x00, 0x01, 0x78, 0x00, 0x0A, 0x3C, 0x00, 0x38, 0x1E,
    0x02, 0xD0, 0x07, 0xFD, 0x00, 0x00, 0x2F, 0xE0, 0x00, 0x1C, 0x00, 0x06, 0xFD, 0x00, 0x78, 0x1F,
    0x00, 0x0F, 0x00, 0x0B, 0x80, 0x90, 0x34, 0x01, 0xE0, 0x03, 0xC0, 0x0F, 0x40, 0x7C, 0x34, 0x00,
    0x3C, 0x01, 0xE0, 0x0F, 0x40, 0x3E, 0x18, 0x00, 0x0F, 0x00, 0xB4, 0x0B, 0xC0, 0x0B, 0x44, 0x00,
    0x03, 0xC0, 0x3C, 0x03, 0xD0, 0x00, 0x00, 0x00, 0x01, 0xFF, 0xFF, 0xFF, 0xF0, 0x00, 0x00, 0x00,
    0x00, 0xBC, 0x07, 0x80, 0xFC, 0x00, 0x00, 0x00, 0x00, 0x3E, 0x02, 0xD0, 0x3E, 0x00, 0x00, 0x00,
    0x00, 0x0F, 0x40, 0xF0, 0x0F, 0x40, 0x00, 0x03, 0xC0, 0x0B, 0xC0, 0x3C, 0x03, 0xD0, 0x00, 0x02,
    0xF0, 0x07, 0xC0, 0x1E, 0x00, 0xB4, 0x00, 0x0A, 0xB8, 0x03, 0xC0, 0x0B, 0x40, 0x1E, 0x00, 0x0A,
    0x0D, 0x07, 0xC0, 0x03, 0xD0, 0x02, 0xD0, 0x2E, 0x01, 0xFF, 0x40, 0x00, 0xF0, 0x00, 0x1F, 0xF8,
    0x00, 0x00, 0x1F, 0xF8, 0x00, 0x0F, 0x40, 0xF4, 0x03, 0x80, 0x07, 0xC0, 0x20, 0x00, 0xBC, 0x00,
    0x00, 0x0F, 0x40, 0x00, 0x07, 0xD0, 0x00, 0xFF, 0xF0, 0x00, 0x00, 0x07, 0xC0, 0x00, 0x00, 0x1F,
    0x03, 0x80, 0x01, 0xF0, 0xBC, 0x00, 0x2F, 0x0F, 0x40, 0x03, 0xE0, 0x90, 0x00, 0xBC, 0x03, 0x80,
    0x7E, 0x00, 0x0B, 0xFE, 0x00, 0x00, 0x02, 0xF4, 0x00, 0x00, 0x00, 0xA2, 0xC0, 0x00, 0xE0, 0x18,
    0x2D, 0x00, 0x2E, 0x03, 0x03, 0xD0, 0x03, 0xD0, 0x30, 0x3C, 0x00, 0x3C, 0x00, 0x07, 0x80, 0x07,
    0xC0, 0x00, 0xF4, 0x00, 0xB8, 0x00, 0x0F, 0x00, 0x0F, 0x40, 0x01, 0xE0, 0x00, 0xF0, 0x00, 0x2D,
    0x00, 0x1F, 0x04, 0x03, 0xC0, 0x02, 0xE0, 0xC0, 0x3C, 0x00, 0x3D, 0x0C, 0x02, 0xD0, 0x0B, 0xC2,
    0x80, 0x0F, 0x07, 0x5D, 0x70, 0x00, 0x2F, 0xD0, 0xBD, 0x00, 0x00, 0x00, 0xB8, 0x00, 0x00, 0x00,
    0x1F, 0xC0, 0x04, 0x00, 0x02, 0xF0, 0x02, 0x40, 0x00, 0x1D, 0x01, 0xD0, 0x00, 0x00, 0x6F, 0xE0,
    0x00, 0x00, 0x00, 0x00, 0x00, 0x02, 0xF4, 0x00, 0x00, 0x00, 0xA2, 0xC0, 0x00, 0xE0, 0x18, 0x2D,
    0x00, 0x2E, 0x03, 0x03, 0xD0, 0x03, 0xD0, 0x30, 0x3C, 0x00, 0x3C, 0x00, 0x07, 0x80, 0x07, 0xC0,
    0x00, 0xF4, 0x00, 0xB8, 0x00, 0x0F, 0x00, 0x0F, 0x40, 0x01, 0xE0, 0x00, 0xF0, 0x00, 0x2D, 0x00,
    0x1F, 0x04, 0x03, 0xC0, 0x02, 0xE0, 0xC0, 0x3C, 0x00, 0x3D, 0x0C, 0x02, 0xD0, 0x0B, 0xC2, 0x80,
    0x0F, 0x07, 0x5D, 0x70, 0x00, 0x2F, 0xD0, 0xBD, 0x00, 0x03, 0xE0, 0x00, 0xBD, 0x03, 0x4D, 0x00,
    0xD3, 0xC1, 0x83, 0xC0, 0xD1, 0xF0, 0xC1, 0xF0, 0x80, 0x78, 0x30, 0x78, 0x90, 0x00, 0x04, 0x2D,
    0x90, 0x00, 0x00, 0x0F, 0xE0, 0x00, 0x00, 0x03, 0xEF, 0xD0, 0x00, 0x01, 0xE0, 0x7C, 0x00, 0x00,
    0xB4, 0x0B, 0x40, 0x00, 0x3C, 0x02, 0xD0, 0x60, 0x0F, 0x00, 0xF0, 0x24, 0x07, 0x80, 0x2C, 0x0C,
    0x02, 0xD0, 0x07, 0x4D, 0x00, 0xB0, 0x00, 0xBD, 0x00, 0x00, 0x00, 0x03, 0xF4, 0x00, 0x00, 0x00,
    0xD3, 0xC0, 0x00, 0x00, 0x28, 0x2E, 0x00, 0x00, 0x03, 0x02, 0xD0, 0x00, 0x00, 0x90, 0x3C, 0x00,
    0x00, 0x0C, 0x03, 0xC0, 0x00, 0x01, 0x80, 0x78, 0x00, 0x00, 0x30, 0x0B, 0x40, 0x00, 0x03, 0x00,
    0xF0, 0x00, 0x00, 0x60, 0x0F, 0x00, 0x1D, 0x09, 0x01, 0xE0, 0x93, 0xE0, 0xC0, 0x2D, 0x0C, 0x3C,
    0x34, 0x02, 0xD1, 0xC3, 0x0E, 0x00, 0x0D, 0x34, 0x1F, 0x40, 0x00, 0x7D, 0x00, 0x00, 0x00, 0x7C,
    0x00, 0x00, 0x7C, 0x00, 0x00, 0x2F, 0x00, 0x00, 0x3E, 0x00, 0x00, 0x0F, 0xD0, 0x00, 0x2F, 0x40,
    0x00, 0x03, 0xB4, 0x00, 0x27, 0xC0, 0x00, 0x01, 0x9E, 0x00, 0x09, 0xF0, 0x00, 0x00, 0x93, 0xC0,
    0x08, 0xB8, 0x00, 0x00, 0x30, 0xF0, 0x08, 0x3D, 0x00, 0x00, 0x0C, 0x3C, 0x05, 0x0F, 0x00, 0x00,
    0x0A, 0x0B, 0x42, 0x07, 0xC1, 0x00, 0x03, 0x42, 0xE2, 0x02, 0xE0, 0xC1, 0xD1, 0xC0, 0x79, 0x40,
    0xF4, 0x70, 0xF8, 0xD0, 0x0F, 0x80, 0x3C, 0x24, 0x3D, 0xA0, 0x03, 0xC0, 0x0B, 0x1C, 0x0B, 0xD0,
    0x00, 0x40, 0x00, 0xBC, 0x00, 0x07, 0xE0, 0x00, 0x00, 0x00, 0xD7, 0x80, 0x00, 0xE0, 0x28, 0x3C,
    0x00, 0x1E, 0x03, 0x03, 0xC0, 0x03, 0xD0, 0x30, 0x78, 0x00, 0x3C, 0x00, 0x0B, 0x40, 0x07, 0xC0,
    0x00, 0xFF, 0xFF, 0xF8, 0x00, 0x0F, 0x00, 0x0F, 0x40, 0x01, 0xE0, 0x00, 0xF0, 0x00, 0x2D, 0x00,
    0x1F, 0x04, 0x03, 0xC0, 0x02, 0xE0, 0xC0, 0x3C, 0x00, 0x3D, 0x0C, 0x07, 0x80, 0x02, 0xC2, 0x80,
    0xB4, 0x00, 0x1D, 0x30, 0x0B, 0x00, 0x00, 0xBD, 0x00, 0x00, 0x1B, 0xF4, 0x00, 0x0B, 0x81, 0xE0,
    0x03, 0xD0, 0x0B, 0x40, 0xB8, 0x00, 0x3C, 0x1F, 0x00, 0x03, 0xC3, 0xD0, 0x00, 0x3C, 0x7C, 0x00,
    0x07, 0xCB, 0xC0, 0x00, 0xBC, 0xF8, 0x00, 0x0F, 0x8F, 0x40, 0x01, 0xF0, 0xF4, 0x00, 0x3E, 0x0B,
    0x40, 0x07, 0xC0, 0x78, 0x00, 0xF0, 0x02, 0xD0, 0x7C, 0x00, 0x07, 0xF9, 0x00, 0x00, 0x00, 0x00,
    0x00, 0x00, 0x00, 0x7E, 0x01, 0xFE, 0x00, 0x0D, 0x74, 0xE0, 0x78, 0x02, 0x83, 0xF8, 0x03, 0xC0,
    0x30, 0x3E, 0x00, 0x3C, 0x03, 0x07, 0xC0, 0x03, 0xC0, 0x00, 0xB8, 0x00, 0x7C, 0x00, 0x0F, 0x40,
    0x0B, 0x80, 0x00, 0xF0, 0x00, 0xF0, 0x00, 0x1F, 0x00, 0x1F, 0x00, 0x02, 0xE0, 0x02, 0xE0, 0x00,
    0x3D, 0x00, 0x3C, 0x09, 0x03, 0xC0, 0x03, 0xC0, 0xC0, 0x7C, 0x00, 0x78, 0x24, 0x0B, 0x80, 0x03,
    0x8B, 0x00, 0xB0, 0x00, 0x1F, 0x80, 0x00, 0x00, 0x00, 0x00, 0x00, 0x07, 0xE0, 0x2F, 0x80, 0x00,
    0xD7, 0x4D, 0x0F, 0x00, 0x28, 0x3F, 0x00, 0x78, 0x03, 0x03, 0xD0, 0x03, 0xC0, 0x20, 0x7C, 0x00,
    0x3C, 0x00, 0x0B, 0x40, 0x03, 0xC0, 0x00, 0xF0, 0x00, 0x7C, 0x00, 0x0F, 0x00, 0x0B, 0xC0, 0x01,
    0xE0, 0x00, 0xF8, 0x00, 0x2D, 0x00, 0x0F, 0x40, 0x03, 0xC0, 0x02, 0xF0, 0x00, 0x3C, 0x00, 0x3C,
    0x00, 0x07, 0xD0, 0x0F, 0x40, 0x00, 0xB7, 0x43, 0xD0, 0x00, 0x0F, 0x0F, 0xE0, 0x00, 0x00, 0xF0,
    0x00, 0x00, 0x00, 0x1E, 0x00, 0x00, 0x00, 0x02, 0xD0, 0x00, 0x00, 0x00, 0x3C, 0x00, 0x00, 0x00,
    0x07, 0xC0, 0x00, 0x00, 0x07, 0xFF, 0xC0, 0x00, 0x00, 0x00, 0x00, 0x00, 0x00, 0x00, 0x00, 0x1B,
    0xF8, 0x00, 0xB8, 0x0A, 0x03, 0xD0, 0x1F, 0x0B, 0x80, 0x2D, 0x1F, 0x00, 0x00, 0x3E, 0x00, 0x00,
    0x7C, 0x00, 0x00, 0xBC, 0x00, 0x00, 0xF8, 0x00, 0x00, 0xF4, 0x00, 0x00, 0xF4, 0x00, 0x01, 0xB4,
    0x00, 0x0A, 0x78, 0x00, 0x38, 0x2D, 0x02, 0xD0, 0x07, 0xFD, 0x00, 0x00, 0x00, 0x00, 0x00, 0x00,
    0x00, 0x00, 0x7E, 0x01, 0xFE, 0x01, 0xBE, 0x00, 0x0D, 0x74, 0xE0, 0x78, 0xB4, 0x3C, 0x02, 0x83,
    0xF8, 0x03, 0xDC, 0x02, 0xD0, 0x30, 0x3E, 0x00, 0x3F, 0x00, 0x2E, 0x03, 0x07, 0xC0, 0x03, 0xD0,
    0x02, 0xD0, 0x00, 0xB8, 0x00, 0x3C, 0x00, 0x3C, 0x00, 0x0F, 0x40, 0x07, 0x80, 0x03, 0xC0, 0x00,
    0xF0, 0x00, 0xB4, 0x00, 0x78, 0x00, 0x1F, 0x00, 0x0F, 0x00, 0x0F, 0x40, 0x02, 0xE0, 0x00, 0xF0,
    0x00, 0xF0, 0x00, 0x3D, 0x00, 0x1E, 0x00, 0x2E, 0x06, 0x03, 0xC0, 0x02, 0xD0, 0x03, 0xD0, 0x90,
    0x7C, 0x00, 0x3C, 0x00, 0x3C, 0x0C, 0x0B, 0x80, 0x03, 0xC0, 0x02, 0xC7, 0x40, 0xB0, 0x00, 0x38,
    0x00, 0x0B, 0xD0, 0x02, 0xF4, 0x00, 0x05, 0x0A, 0x2C, 0x00, 0x0F, 0x18, 0x2D, 0x00, 0x1E, 0x30,
    0x3D, 0x00, 0x2D, 0x20, 0x3C, 0x00, 0x3C, 0x00, 0xB8, 0x00, 0x3C, 0x00, 0xF4, 0x00, 0x78, 0x00,
    0xF0, 0x00, 0xB4, 0x01, 0xE0, 0x00, 0xF0, 0x02, 0xD0, 0x00, 0xF0, 0x03, 0xC0, 0x01, 0xE0, 0x03,
    0xC0, 0x03, 0xD0, 0x02, 0xD0, 0x0B, 0xC0, 0x00, 0xF0, 0x2F, 0xC0, 0x00, 0x2F, 0xDB, 0x80, 0x00,
    0x00, 0x0B, 0x40, 0x00, 0x00, 0x0F, 0x00, 0x00, 0x00, 0x2E, 0x00, 0x1F, 0x00, 0x7C, 0x00, 0x2E,
    0x00, 0xF0, 0x00, 0x1C, 0x07, 0xC0, 0x00, 0x07, 0xF9, 0x00, 0x00, 0x00, 0x00, 0x00, 0x07, 0xF8,
    0x00, 0x00, 0x00, 0x07, 0x83, 0x80, 0x00, 0x00, 0x03, 0xC2, 0xF0, 0x00, 0x00, 0x01, 0xE0, 0xB4,
    0x00, 0x00, 0x00, 0xF4, 0x00, 0x00, 0x00, 0x00, 0x3C, 0x00, 0x00, 0x00, 0x00, 0x1F, 0x00, 0x00,
    0x00, 0x00, 0x07, 0x80, 0x00, 0x00, 0x0B, 0xE2, 0xD2, 0xF8, 0x00, 0x0F, 0x46, 0xF7, 0x43, 0xC0,
    0x0F, 0x00, 0xBF, 0x40, 0x74, 0x0F, 0x40, 0x1F, 0x40, 0x1F, 0x0B, 0xC0, 0x07, 0xC0, 0x07, 0xC3,
    0xD0, 0x02, 0xE0, 0x01, 0xF2, 0xF0, 0x00, 0xF4, 0x00, 0xBC, 0xFC, 0x00, 0x3C, 0x00, 0x3E, 0x3E,
    0x00, 0x0F, 0x00, 0x0F, 0x4F, 0x40, 0x07, 0x80, 0x0B, 0xC3, 0xD0, 0x02, 0xD0, 0x03, 0xD0, 0xF0,
    0x00, 0xF4, 0x01, 0xF0, 0x2D, 0x00, 0xFE, 0x00, 0xF0, 0x03, 0xC1, 0xEF, 0xD1, 0xF0, 0x00, 0x2F,
    0x87, 0x9F, 0xD0, 0x00, 0x00, 0x02, 0xD0, 0x00, 0x00, 0x00, 0x00, 0xF0, 0x00, 0x00, 0x00, 0x00,
    0x3C, 0x00, 0x00, 0x00, 0x00, 0x1D, 0x00, 0x00, 0x00, 0x0F, 0x0F, 0x00, 0x00, 0x00, 0x07, 0x87,
    0x00, 0x00, 0x00, 0x00, 0xBF, 0x00, 0x00, 0x00, 0x00, 0x00, 0x7F, 0x80, 0xBE, 0x40, 0x38, 0x1E,
    0x34, 0x3C, 0x0E, 0x00, 0xBD, 0x07, 0xC1, 0xC0, 0x0B, 0xC0, 0x78, 0x20, 0x00, 0xB8, 0x00, 0x00,
    0x00, 0x0F, 0x40, 0x00, 0x00, 0x00, 0xF0, 0x00, 0x00, 0x00, 0x1F, 0x00, 0x00, 0x00, 0x02, 0xE0,
    0x00, 0x00, 0x00, 0x3D, 0x00, 0x10, 0x00, 0x03, 0xC0, 0x03, 0x07, 0x80, 0xBC, 0x00, 0xA0, 0xBC,
    0x0F, 0xC0, 0x1C, 0x0B, 0x47, 0x9E, 0x0B, 0x00, 0x2F, 0xD0, 0x7F, 0x80, 0x00, 0x02, 0xF4, 0x00,
    0x04, 0x03, 0x8B, 0x00, 0x03, 0xC1, 0x82, 0xD0, 0x02, 0xE0, 0xC0, 0xF4, 0x00, 0xF4, 0x20, 0x3C,
    0x00, 0x3C, 0x00, 0x1E, 0x00, 0x1F, 0x00, 0x0F, 0x40, 0x0B, 0x80, 0x03, 0xC0, 0x03, 0xD0, 0x01,
    0xE0, 0x00, 0xF0, 0x00, 0xB4, 0x00, 0x7C, 0x00, 0x3C, 0x00, 0x2E, 0x00, 0x0F, 0x00, 0x0F, 0x40,
    0x02, 0xD0, 0x0B, 0xC0, 0x80, 0x3C, 0x1D, 0xB0, 0xD0, 0x02, 0xFD, 0x0B, 0xA4, 0x00, 0x00, 0x00,
    0x0A, 0x00, 0x00, 0x00, 0x02, 0xC0, 0x00, 0x00, 0x00, 0xF0, 0x00, 0x00, 0x00, 0x7C, 0x00, 0x00,
    0x00, 0x7D, 0x00, 0x00, 0x00, 0x38, 0x00, 0x00, 0x00, 0x10, 0x00, 0x02, 0xE0, 0x00, 0x00, 0x03,
    0x4E, 0x00, 0x0F, 0x02, 0x83, 0xC0, 0x07, 0xC0, 0xC0, 0xF0, 0x02, 0xE0, 0x20, 0x78, 0x00, 0xF4,
    0x00, 0x2D, 0x00, 0x3C, 0x00, 0x0B, 0x40, 0x2F, 0x00, 0x01, 0xF0, 0x2F, 0x80, 0x00, 0x1B, 0xF7,
    0xC0, 0x00, 0x00, 0x00, 0xF0, 0x00, 0x00, 0x00, 0x7C, 0x24, 0x00, 0x00, 0x2E, 0x0C, 0x00, 0x00,
    0x0B, 0x47, 0x00, 0x00, 0x01, 0xE3, 0x40, 0x00, 0x00, 0x1F, 0x40, 0x02, 0xF4, 0x00, 0x00, 0x00,
    0x01, 0x00, 0xA2, 0xC0, 0x00, 0xE0, 0x00, 0xF0, 0x18, 0x2D, 0x00, 0x1E, 0x00, 0x0F, 0x03, 0x03,
    0xD0, 0x02, 0xD0, 0x01, 0xF0, 0x20, 0x3C, 0x00, 0x3C, 0x00, 0x2E, 0x00, 0x07, 0x80, 0x07, 0xC0,
    0x03, 0xD0, 0x00, 0xF4, 0x00, 0xB8, 0x00, 0x3C, 0x00, 0x0F, 0x00, 0x0F, 0x40, 0x07, 0xC0, 0x01,
    0xE0, 0x00, 0xF0, 0x00, 0xB8, 0x00, 0x2D, 0x00, 0x1F, 0x00, 0x0F, 0x41, 0x03, 0xC0, 0x02, 0xE0,
    0x00, 0xF0, 0x60, 0x3C, 0x00, 0x3D, 0x00, 0x2F, 0x09, 0x02, 0xD0, 0x0A, 0xD0, 0x0A, 0xE0, 0xC0,
    0x0F, 0x03, 0x8F, 0x07, 0x4E, 0x28, 0x00, 0x2F, 0xD0, 0x3F, 0x80, 0x3E, 0x00, 0x02, 0xF4, 0x00,
    0x00, 0x00, 0x01, 0x00, 0xA2, 0xC0, 0x00, 0xE0, 0x00, 0xF0, 0x1C, 0x2D, 0x00, 0x2E, 0x00, 0x0F,
    0x03, 0x43, 0xD0, 0x03, 0xD0, 0x01, 0xF0, 0x30, 0x3C, 0x00, 0x3C, 0x00, 0x2E, 0x01, 0x07, 0x80,
    0x07, 0xC0, 0x03, 0xD0, 0x00, 0xF4, 0x00, 0xB8, 0x00, 0x3C, 0x00, 0x0F, 0x00, 0x0F, 0x40, 0x07,
    0xC0, 0x01, 0xE0, 0x00, 0xF0, 0x00, 0xB4, 0x00, 0x2D, 0x00, 0x1F, 0x00, 0x0F, 0x00, 0x03, 0xC0,
    0x02, 0xE0, 0x01, 0xF0, 0x00, 0x3C, 0x00, 0x3D, 0x00, 0x3E, 0x00, 0x02, 0xD0, 0x0A, 0xD0, 0x0F,
    0xE0, 0x80, 0x0F, 0x03, 0x8F, 0x07, 0x4E, 0x2C, 0x00, 0x2F, 0xD0, 0x3F, 0x80, 0x7D, 0xC0, 0x00,
    0x00, 0x00, 0x00, 0x00, 0x0C, 0x00, 0x00, 0x00, 0x00, 0x00, 0x00, 0xC0, 0x00, 0x00, 0x00, 0x00,
    0x00, 0x1D, 0x00, 0x00, 0x00, 0x00, 0x00, 0x03, 0xD0, 0x00, 0x00, 0x00, 0x00, 0x00, 0xF8, 0x00,
    0x00, 0x00, 0x00, 0x00, 0x2D, 0x00, 0x00, 0x00, 0x00, 0x00, 0x01, 0x00, 0x02, 0xF8, 0x00, 0x01,
    0xFF, 0xF4, 0x10, 0x38, 0x1B, 0xFF, 0x0E, 0x00, 0x1B, 0x80, 0x80, 0x2E, 0x40, 0x00, 0x0F, 0xFF,
    0x40, 0x03, 0xF4, 0x1F, 0x00, 0xBC, 0x00, 0xB8, 0x0F, 0x00, 0x07, 0xC2, 0xE0, 0x00, 0x7C, 0x2D,
    0x00, 0x0F, 0xC2, 0xC0, 0x00, 0xF4, 0x1D, 0x00, 0x3E, 0x00, 0xF4, 0x1F, 0x40, 0x02, 0xFF, 0x40,
    0x00, 0x02, 0xF4, 0x00, 0x00, 0x00, 0x02, 0x8B, 0x00, 0x00, 0x0B, 0x00, 0xC2, 0xD0, 0x00, 0x03,
    0xC0, 0x90, 0xF4, 0x00, 0x01, 0xF0, 0x30, 0x3C, 0x00, 0x00, 0xB8, 0x08, 0x1F, 0x7F, 0x40, 0x3D,
    0x00, 0x0F, 0xE0, 0xB4, 0x0F, 0x00, 0x03, 0xD0, 0x0F, 0x07, 0xC0, 0x01, 0xF0, 0x03, 0xC2, 0xE0,
    0x00, 0xB4, 0x01, 0xF0, 0xF4, 0x00, 0x3C, 0x00, 0xBC, 0x3C, 0x18, 0x0F, 0x00, 0x3E, 0x1F, 0x09,
    0x02, 0xC0, 0x2F, 0x07, 0x83, 0x00, 0x38, 0x2E, 0x00, 0xE2, 0x80, 0x03, 0xF9, 0x00, 0x1F, 0x80,
    0x02, 0xF4, 0x00, 0x00, 0x28, 0xB0, 0x00, 0x00, 0xC2, 0xD0, 0x00, 0x09, 0x0F, 0x40, 0x00, 0x30,
    0x3C, 0x00, 0x00, 0x81, 0xF2, 0xFD, 0x00, 0x0F, 0xE4, 0x1F, 0x00, 0x3D, 0x00, 0x2E, 0x01, 0xF0,
    0x00, 0xBC, 0x0B, 0x40, 0x02, 0xF0, 0x3C, 0x00, 0x0F, 0x80, 0xF0, 0x00, 0x7C, 0x02, 0xD0, 0x03,
    0xD0, 0x03, 0xD0, 0x7D, 0x00, 0x02, 0xFF, 0x40, 0x00, 0x00, 0x07, 0xFD, 0x00, 0x01, 0xE4, 0x1E,
    0x00, 0x1D, 0x00, 0x2D, 0x00, 0xD0, 0x00, 0x7C, 0x00, 0x00, 0x01, 0xF0, 0x00, 0x00, 0x07, 0xC0,
    0x03, 0xFF, 0xFF, 0x00, 0x00, 0x00, 0xFC, 0x00, 0x00, 0x03, 0xD0, 0x00, 0x00, 0x1F, 0x00, 0x00,
    0x00, 0xF4, 0x0B, 0x40, 0x0B, 0x80, 0x3D, 0x00, 0xB8, 0x00, 0xE0, 0x1F, 0x40, 0x00, 0xBF, 0xD0,
    0x00, 0x00, 0x07, 0xE0, 0x00, 0x02, 0xFE, 0x00, 0x35, 0xD0, 0x00, 0xB8, 0x0F, 0x02, 0x83, 0xC0,
    0x0F, 0x80, 0x1E, 0x0C, 0x0F, 0x00, 0xB8, 0x00, 0x3C, 0x30, 0x78, 0x07, 0xC0, 0x00, 0xF4, 0x02,
    0xD0, 0x3E, 0x00, 0x03, 0xD0, 0x0F, 0xFF, 0xF4, 0x00, 0x1F, 0x40, 0x3C, 0x0B, 0xC0, 0x00, 0xBC,
    0x01, 0xE0, 0x2F, 0x00, 0x03, 0xF0, 0x0B, 0x40, 0xF8, 0x00, 0x0F, 0x40, 0x3C, 0x02, 0xE0, 0x00,
    0xBC, 0x00, 0xF0, 0x0B, 0x80, 0x03, 0xC0, 0x07, 0x80, 0x0F, 0x00, 0x3D, 0x00, 0x2D, 0x00, 0x1E,
    0x07, 0xC0, 0x00, 0xB0, 0x00, 0x1F, 0xF4, 0x00, 0x00, 0x00, 0x00, 0xBF, 0xFF, 0x00, 0x00, 0x7D,
    0x00, 0xF0, 0x00, 0x1F, 0x40, 0x1E, 0x00, 0x02, 0xF0, 0x02, 0xD0, 0x00, 0x2F, 0x00, 0x3C, 0x00,
    0x00, 0xF4, 0x07, 0xC0, 0x00, 0x00, 0xBF, 0xF8, 0x00, 0x00, 0x2E, 0x0F, 0x40, 0x00, 0x0B, 0x80,
    0xF0, 0x00, 0x01, 0xF0, 0x1F, 0x05, 0x1D, 0x2D, 0x01, 0xE0, 0xC3, 0xE3, 0xC0, 0x2D, 0x1C, 0x3D,
    0xF0, 0x01, 0xD3, 0x42, 0xF8, 0x00, 0x0B, 0xD0, 0x00, 0x10, 0x00, 0x00, 0x7C, 0x00, 0x00, 0x3E,
    0x00, 0x00, 0x0B, 0x40, 0x00, 0x02, 0xC0, 0x00, 0x00, 0x40, 0x00, 0x00, 0x00, 0x00, 0x1B, 0xF4,
    0x00, 0xF8, 0x1C, 0x03, 0xC0, 0x0A, 0x0F, 0x40, 0x0A, 0x2F, 0x00, 0x1C, 0x3D, 0x01, 0xB4, 0x7F,
    0xFE, 0x40, 0xBC, 0x00, 0x00, 0xF8, 0x00, 0x00, 0xF8, 0x00, 0x00, 0xB4, 0x00, 0x01, 0x78, 0x00,
    0x0A, 0x3C, 0x00, 0x28, 0x1E, 0x02, 0xD0, 0x07, 0xFD, 0x00, 0x00, 0x2D, 0x03, 0xD0, 0x0B, 0xE0,
    0xBE, 0x00, 0x7C, 0x07, 0x80, 0x00, 0x00, 0x00, 0x00, 0x00, 0x00, 0x00, 0x00, 0x00, 0x00, 0x00,
    0x1B, 0xF4, 0x00, 0x0B, 0x81, 0xC0, 0x03, 0xD0, 0x0A, 0x00, 0xB8, 0x00, 0xA0, 0x1F, 0x00, 0x1C,
    0x03, 0xF0, 0x1F, 0x40, 0x3F, 0xFE, 0x40, 0x07, 0xD0, 0x00, 0x00, 0x7C, 0x00, 0x00, 0x07, 0xC0,
    0x00, 0x00, 0x7C, 0x00, 0x00, 0x03, 0xC0, 0x00, 0xA0, 0x3C, 0x00, 0x38, 0x00, 0xE0, 0x2D, 0x00,
    0x03, 0xFD, 0x00, 0x00, 0x00, 0xBF, 0xC0, 0x00, 0x00, 0x00, 0xBC, 0x00, 0x00, 0x00, 0x0B, 0x80,
    0x00, 0x00, 0x00, 0xF4, 0x00, 0x00, 0x3F, 0xFF, 0xFF, 0xFF, 0xC0, 0x01, 0xF0, 0x00, 0x00, 0x00,
    0x2E, 0x00, 0x00, 0x00, 0x03, 0xD0, 0x00, 0x00, 0x00, 0x3C, 0x1F, 0xE0, 0x00, 0x07, 0xCE, 0x03,
    0xC0, 0x00, 0xBA, 0x00, 0x2D, 0x00, 0x0F, 0xC0, 0x01, 0xE0, 0x00, 0xF4, 0x00, 0x2E, 0x00, 0x1F,
    0x00, 0x02, 0xD0, 0x02, 0xE0, 0x00, 0x3C, 0x00, 0x3C, 0x00, 0x03, 0xC0, 0x03, 0xC0, 0x00, 0xB8,
    0x00, 0x78, 0x00, 0x0F, 0x00, 0x0B, 0x40, 0x00, 0xF0, 0x00, 0xF0, 0x00, 0x2D, 0x00, 0x0F, 0x00,
    0x03, 0xC0, 0x01, 0xE0, 0x00, 0x78, 0x00, 0x1D, 0x00, 0x0F, 0x00, 0x00, 0x00, 0x01, 0xD0, 0x00,
    0x00, 0x00, 0x3C, 0x00, 0x00, 0x00, 0x07, 0x00, 0x00, 0x00, 0x00, 0xD0, 0x00, 0x00, 0x00, 0x74,
    0x00, 0x00, 0x00, 0x3C, 0x00, 0x00, 0x00, 0x00, 0x00, 0x04, 0x00, 0x00, 0x2F, 0x00, 0x00, 0xFC,
    0x00, 0x03, 0xD0, 0x00, 0x1E, 0x00, 0x00, 0x10, 0x00, 0x00, 0x00, 0x00, 0x00, 0x6F, 0xD0, 0x02,
    0xD0, 0x78, 0x0E, 0x00, 0x3C, 0x28, 0x00, 0x3C, 0x10, 0x00, 0x7C, 0x00, 0x01, 0xF4, 0x00, 0x1F,
    0xD0, 0x01, 0xFE, 0x00, 0x0F, 0xE0, 0x00, 0x3E, 0x00, 0x00, 0x7C, 0x00, 0x00, 0xB4, 0x00, 0x30,
    0xB4, 0x00, 0xE0, 0x3C, 0x0B, 0x40, 0x0B, 0xF8, 0x00, 0x00, 0x06, 0xFE, 0x40, 0x02, 0xE0, 0x1D,
    0x00, 0xF4, 0x02, 0xE0, 0x3D, 0x00, 0x3D, 0x0B, 0xC0, 0x00, 0x00, 0xF4, 0x00, 0x00, 0x2F, 0xFF,
    0xF0, 0x03, 0xF0, 0x00, 0x00, 0x3E, 0x00, 0x00, 0x03, 0xD0, 0x00, 0x00, 0x3D, 0x00, 0x00, 0x02,
    0xD0, 0x00, 0x28, 0x1E, 0x00, 0x0E, 0x00, 0xB4, 0x0B, 0x80, 0x01, 0xFF, 0x80, 0x00, 0x00, 0x0B,
    0xF0, 0x00, 0x74, 0x1C, 0x00, 0xE0, 0x06, 0x02, 0xC0, 0x0F, 0x03, 0xC0, 0x1D, 0x03, 0xC0, 0x00,
    0x02, 0xF9, 0x00, 0x00, 0xFF, 0xE0, 0x00, 0x1B, 0xF8, 0x00, 0x00, 0x7C, 0x3C, 0x00, 0x3C, 0x7C,
    0x00, 0x34, 0x70, 0x00, 0xB0, 0x38, 0x06, 0xC0, 0x0B, 0xFD, 0x00, 0x00, 0x07, 0x40, 0x03, 0xE0,
    0x00, 0xB0, 0x00, 0x00, 0x00, 0x00, 0x00, 0x00, 0x00, 0x00, 0x00, 0x0B, 0xD0, 0x0E, 0x2C, 0x06,
    0x07, 0x43, 0x02, 0xD0, 0xC0, 0xF0, 0x00, 0x7C, 0x00, 0x2D, 0x00, 0x0F, 0x00, 0x07, 0x80, 0x03,
    0xD0, 0x00, 0xF0, 0x30, 0xB8, 0x28, 0x2C, 0x0C, 0x07, 0x0D, 0x00, 0xBD, 0x00, 0x00, 0xB8, 0x0F,
    0x40, 0xBF, 0x0B, 0xE0, 0x1F, 0x01, 0xF0, 0x00, 0x00, 0x00, 0x00, 0x00, 0x00, 0x00, 0x00, 0x00,
    0x00, 0x2F, 0x40, 0x00, 0x38, 0xB0, 0x00, 0x18, 0x1D, 0x00, 0x0C, 0x0B, 0x40, 0x03, 0x03, 0xC0,
    0x00, 0x01, 0xF0, 0x00, 0x00, 0xB4, 0x00, 0x00, 0x3C, 0x00, 0x00, 0x1E, 0x00, 0x00, 0x0F, 0x40,
    0x00, 0x03, 0xC0, 0xC0, 0x02, 0xE0, 0xA0, 0x00, 0xB0, 0x30, 0x00, 0x1C, 0x34, 0x00, 0x02, 0xF4,
    0x00, 0x00, 0x00, 0x00, 0x01, 0xE0, 0x00, 0x00, 0x3E, 0x00, 0x00, 0x02, 0xC0, 0x00, 0x00, 0x00,
    0x00, 0x00, 0x00, 0x00, 0x00, 0x00, 0x00, 0x00, 0x00, 0x00, 0x00, 0x00, 0x0B, 0xD0, 0x00, 0x07,
    0x4B, 0x00, 0x00, 0xC0, 0x74, 0x00, 0x24, 0x0B, 0x80, 0x03, 0x00, 0xB4, 0x00, 0x00, 0x0F, 0x00,
    0x00, 0x00, 0xF0, 0x00, 0x00, 0x1E, 0x00, 0x00, 0x02, 0xD0, 0x00, 0x00, 0x3C, 0x00, 0x00, 0x03,
    0xC0, 0x00, 0x00, 0x78, 0x00, 0x00, 0x0B, 0x40, 0x00, 0x00, 0xF0, 0x00, 0x00, 0x0F, 0x00, 0x00,
    0x01, 0xE0, 0x00, 0x00, 0x2D, 0x00, 0x00, 0x03, 0xC0, 0x00, 0x00, 0x78, 0x00, 0x2D, 0x0F, 0x00,
    0x03, 0xC3, 0xC0, 0x00, 0x1F, 0xE0, 0x00, 0x00, 0x00, 0x00, 0x03, 0xF0, 0x00, 0x00, 0x00, 0x00,
    0xD3, 0xC0, 0x00, 0x00, 0x00, 0x24, 0x2D, 0x00, 0x00, 0x00, 0x03, 0x02, 0xE0, 0x00, 0x00, 0x00,
    0x90, 0x3D, 0x00, 0x00, 0x00, 0x0C, 0x03, 0xDB, 0xE0, 0x00, 0x02, 0x80, 0x7F, 0x43, 0xC0, 0x00,
    0x34, 0x0B, 0xC0, 0x2E, 0x00, 0x03, 0x00, 0xF4, 0x02, 0xF0, 0x00, 0x60, 0x0F, 0x00, 0x2F, 0x00,
    0x09, 0x01, 0xF0, 0x03, 0xE1, 0xD0, 0xC0, 0x1E, 0x00, 0x7C, 0x3E, 0x34, 0x01, 0xE0, 0x0F, 0x43,
    0xDE, 0x00, 0x0F, 0x03, 0xD0, 0x2F, 0x40, 0x00, 0x2F, 0xE0, 0x00, 0x03, 0xE0, 0x00, 0x0A, 0x00,
    0x00, 0xD7, 0x40, 0x01, 0xF0, 0x00, 0x18, 0x3C, 0x00, 0x2E, 0x00, 0x03, 0x43, 0xC0, 0x03, 0xD0,
    0x00, 0x30, 0x78, 0x00, 0x3C, 0x00, 0x02, 0x0B, 0x40, 0x07, 0xDF, 0xE0, 0x00, 0xFF, 0xFF, 0xFF,
    0x43, 0xC0, 0x0F, 0x00, 0x0F, 0x80, 0x2E, 0x01, 0xE0, 0x00, 0xF0, 0x03, 0xE0, 0x2D, 0x00, 0x1F,
    0x00, 0x3E, 0x03, 0xC0, 0x01, 0xE0, 0x07, 0xD0, 0x3C, 0x00, 0x1D, 0x00, 0xBC, 0x07, 0x80, 0x01,
    0xD0, 0x0F, 0x00, 0xB4, 0x00, 0x0B, 0x07, 0xC0, 0x0B, 0x00, 0x00, 0x2F, 0xE0, 0x00, 0x00, 0xBF,
    0xC0, 0x00, 0x00, 0x02, 0xF0, 0x00, 0x00, 0x00, 0xB8, 0x00, 0x00, 0x00, 0x3D, 0x00, 0x00, 0x3F,
    0xFF, 0xFF, 0xFE, 0x00, 0x07, 0xC0, 0x00, 0x00, 0x02, 0xE0, 0x00, 0x00, 0x00, 0xF4, 0x00, 0x00,
    0x00, 0x3C, 0x2F, 0x80, 0x00, 0x1F, 0x74, 0x3C, 0x00, 0x0B, 0xE0, 0x0B, 0x40, 0x03, 0xF0, 0x02,
    0xD0, 0x00, 0xF0, 0x00, 0xF4, 0x00, 0x7C, 0x00, 0x3C, 0x00, 0x2D, 0x00, 0x1F, 0x00, 0x0F, 0x00,
    0x0B, 0x80, 0x03, 0xC0, 0x03, 0xC0, 0x01, 0xE0, 0x01, 0xF0, 0x10, 0xB4, 0x00, 0xB8, 0x24, 0x3C,
    0x00, 0x3C, 0x0C, 0x0F, 0x00, 0x0F, 0x06, 0x07, 0x80, 0x02, 0xC7, 0x01, 0xC0, 0x00, 0x3E, 0x00,
    0x00, 0x00, 0x00, 0x10, 0x00, 0x00, 0x00, 0x7C, 0x00, 0x00, 0x00, 0x7D, 0x00, 0x00, 0x00, 0xB8,
    0x00, 0x00, 0x00, 0xF4, 0x00, 0x00, 0x00, 0x10, 0x00, 0x00, 0x00, 0x00, 0x00, 0x00, 0x0F, 0x80,
    0x02, 0xF4, 0x0D, 0x34, 0x03, 0x4F, 0x06, 0x0F, 0x03, 0x47, 0xC3, 0x07, 0xC2, 0x01, 0xE0, 0xC1,
    0xE2, 0x40, 0x00, 0x10, 0xB6, 0x40, 0x00, 0x00, 0x3F, 0x80, 0x00, 0x00, 0x0F, 0xBF, 0x40, 0x00,
    0x07, 0x81, 0xF0, 0x00, 0x02, 0xD0, 0x2D, 0x00, 0x00, 0xF0, 0x0B, 0x41, 0x80, 0x3C, 0x03, 0xC0,
    0x90, 0x1E, 0x00, 0xB0, 0x30, 0x0B, 0x40, 0x1D, 0x34, 0x02, 0xC0, 0x02, 0xF4, 0x00, 0x00, 0x00,
    0x10, 0x00, 0x00, 0x00, 0x0F, 0x40, 0x00, 0x00, 0x00, 0xBC, 0x00, 0x00, 0x00, 0x01, 0xF0, 0x00,
    0x00, 0x00, 0x07, 0x40, 0x00, 0x00, 0x00, 0x04, 0x00, 0x00, 0x00, 0x00, 0x00, 0x00, 0x2F, 0x40,
    0x00, 0x00, 0x0A, 0x2C, 0x00, 0x0E, 0x01, 0x82, 0xD0, 0x02, 0xE0, 0x30, 0x3D, 0x00, 0x3D, 0x02,
    0x03, 0xC0, 0x03, 0xC0, 0x00, 0x78, 0x00, 0x7C, 0x00, 0x0F, 0x40, 0x0B, 0x80, 0x00, 0xF0, 0x00,
    0xF4, 0x00, 0x1E, 0x00, 0x0F, 0x00, 0x02, 0xD0, 0x01, 0xF0, 0x40, 0x3C, 0x00, 0x2E, 0x0C, 0x03,
    0xC0, 0x03, 0xD0, 0xC0, 0x2C, 0x00, 0xBC, 0x28, 0x01, 0xF0, 0x35, 0xD7, 0x00, 0x02, 0xFD, 0x0B,
    0xD0, 0x00, 0x02, 0xE0, 0x00, 0x00, 0x07, 0xF0, 0x00, 0x00, 0x07, 0xD0, 0x02, 0x00, 0x03, 0x40,
    0x2C, 0x00, 0x00, 0xBF, 0x90, 0x00, 0x00, 0x00, 0x00, 0x02, 0xF4, 0x00, 0x05, 0x0A, 0x2C, 0x00,
    0x0F, 0x18, 0x2D, 0x00, 0x1E, 0x30, 0x3D, 0x00, 0x2D, 0x20, 0x3C, 0x00, 0x3C, 0x00, 0xB8, 0x00,
    0x3C, 0x00, 0xF4, 0x00, 0x78, 0x00, 0xF0, 0x00, 0xB4, 0x01, 0xE0, 0x00, 0xF0, 0x02, 0xD0, 0x00,
    0xF0, 0x03, 0xC0, 0x01, 0xE0, 0x03, 0xC0, 0x03, 0xD0, 0x02, 0xD0, 0x0B, 0xC0, 0x00, 0xF0, 0x2F,
    0xC0, 0x00, 0x2F, 0xDB, 0x80, 0x00, 0x00, 0x0B, 0x40, 0x00, 0x00, 0x0F, 0x00, 0x00, 0x00, 0x2E,
    0x00, 0x1F, 0x00, 0x7C, 0x00, 0x2E, 0x00, 0xF0, 0x00, 0x1C, 0x07, 0xC0, 0x00, 0x07, 0xF9, 0x00,
    0x00, 0x00, 0xBD, 0x00, 0x01, 0x00, 0x28, 0xB0, 0x00, 0xF0, 0x06, 0x0B, 0x40, 0x1F, 0x00, 0xC0,
    0xF4, 0x02, 0xE0, 0x0C, 0x0F, 0x00, 0x3D, 0x00, 0x02, 0xE0, 0x03, 0xC0, 0x00, 0x3D, 0x00, 0x78,
    0x00, 0x03, 0xC0, 0x0B, 0x40, 0x00, 0x78, 0x00, 0xF0, 0x00, 0x0B, 0x40, 0x0F, 0x00, 0x00, 0xF0,
    0x01, 0xE0, 0x50, 0x0F, 0x00, 0x2D, 0x0C, 0x00, 0xB0, 0x07, 0xD1, 0xC0, 0x07, 0x82, 0x9E, 0x34,
    0x00, 0x1F, 0xF0, 0x7D, 0x00, 0x00, 0x01, 0x00, 0x00, 0x00, 0x00, 0x20, 0x00, 0x01, 0x00, 0x03,
    0x00, 0x00, 0x34, 0x01, 0xD0, 0x00, 0x03, 0xFF, 0xF4, 0x00, 0x00, 0x0B, 0xF8, 0x00, 0x00, 0x00,
    0x00, 0x00, 0x1F, 0xF0, 0x00, 0x2F, 0xD0, 0x00, 0x00, 0x7D, 0x07, 0x00, 0x74, 0x1E, 0x00, 0x00,
    0x7C, 0x03, 0xD0, 0x3C, 0x02, 0xE0, 0x00, 0x7C, 0x01, 0xF0, 0x1F, 0x00, 0x7C, 0x00, 0x7D, 0x00,
    0x38, 0x03, 0x80, 0x0F, 0x40, 0x3F, 0x00, 0x00, 0x00, 0x00, 0x03, 0xE0, 0x2F, 0x40, 0x00, 0x00,
    0x00, 0x00, 0xFC, 0x0F, 0xC0, 0x00, 0x00, 0x00, 0x00, 0x3F, 0x0B, 0xD0, 0x00, 0x00, 0x00, 0x00,
    0x0F, 0xC3, 0xF0, 0x00, 0x00, 0x00, 0x00, 0x07, 0xE1, 0xFC, 0x00, 0x00, 0x00, 0x00, 0x02, 0xF8,
    0xFD, 0x00, 0x03, 0xFF, 0x40, 0x00, 0xFD, 0x3F, 0x00, 0x00, 0x3F, 0x00, 0x00, 0x3F, 0x0F, 0xC0,
    0x00, 0x0F, 0x40, 0x00, 0x1F, 0x83, 0xF0, 0x00, 0x07, 0xC0, 0x00, 0x0B, 0xD1, 0xF8, 0x00, 0x02,
    0xF0, 0x00, 0x03, 0xF0, 0x3E, 0x00, 0x00, 0xF8, 0x00, 0x02, 0xF4, 0x0F, 0x80, 0x00, 0x3D, 0x00,
    0x00, 0xF8, 0x03, 0xE0, 0x00, 0x1F, 0x00, 0x00, 0xBC, 0x00, 0xBC, 0x00, 0x0B, 0xC0, 0x00, 0x7C,
    0x00, 0x0F, 0x00, 0x07, 0x30, 0x00, 0x7D, 0x00, 0x01, 0xF0, 0x1E, 0x03, 0x40, 0xBC, 0x00, 0x00,
    0x1F, 0xF8, 0x00, 0x2F, 0xE4, 0x00, 0x00, 0x00, 0x00, 0x00, 0x00, 0x00, 0x00, 0x00, 0x00, 0x30,
    0x00, 0x34, 0x00, 0x03, 0xC0, 0x1E, 0x00, 0x00, 0x2D, 0x07, 0x80, 0x00, 0x01, 0xE0, 0xF0, 0x00,
    0x00, 0x1E, 0x2D, 0x00, 0x00, 0x01, 0xE3, 0xC0, 0x07, 0x00, 0x2D, 0x78, 0x00, 0xF0, 0x03, 0xCB,
    0x40, 0x1F, 0x00, 0x3C, 0xB0, 0x01, 0xD0, 0x0B, 0x4F, 0x00, 0x2C, 0x00, 0xF0, 0xF0, 0x02, 0x40,
    0x2C, 0x0B, 0x00, 0x74, 0x03, 0x40, 0x34, 0x2D, 0xC1, 0xD0, 0x00, 0xFE, 0x07, 0xE4, 0x00, 0x00,
    0x07, 0xFF, 0xFC, 0x00, 0x00, 0x00, 0x0F, 0xD0, 0x00, 0x00, 0x00, 0x03, 0xE0, 0x00, 0x00, 0x00,
    0x00, 0xF4, 0x00, 0x00, 0x03, 0xFF, 0xFF, 0xFF, 0xFF, 0x81, 0xE0, 0x2F, 0x00, 0x02, 0xE0, 0xA0,
    0x0F, 0x80, 0x00, 0x38, 0x30, 0x03, 0xD0, 0x00, 0x09, 0x18, 0x01, 0xF0, 0x00, 0x02, 0x00, 0x00,
    0xBC, 0x00, 0x00, 0x00, 0x00, 0x3E, 0x00, 0x00, 0x00, 0x00, 0x0F, 0x40, 0x00, 0x00, 0x00, 0x07,
    0xDA, 0xFF, 0xE0, 0x00, 0x02, 0xF4, 0x00, 0x7F, 0x00, 0x00, 0xF8, 0x00, 0x03, 0xF0, 0x00, 0x3D,
    0x00, 0x00, 0xBD, 0x00, 0x1F, 0x00, 0x00, 0x1F, 0x80, 0x0B, 0xC0, 0x00, 0x07, 0xE0, 0x03, 0xE0,
    0x00, 0x02, 0xF8, 0x00, 0xF4, 0x00, 0x00, 0xFC, 0x00, 0x7C, 0x00, 0x00, 0x7E, 0x00, 0x2F, 0x00,
    0x00, 0x3F, 0x00, 0x0F, 0x80, 0x00, 0x3F, 0x40, 0x07, 0xD0, 0x00, 0x7F, 0x00, 0x7F, 0xFF, 0xFF,
    0xF9, 0x00, 0x00, 0x03, 0xE0, 0x1F, 0xD0, 0x00, 0x00, 0xD7, 0x4E, 0x07, 0x80, 0x00, 0x18, 0x3E,
    0x40, 0x3C, 0x00, 0x03, 0x43, 0xD0, 0x03, 0xC0, 0x00, 0x30, 0x7C, 0x00, 0x3C, 0x00, 0x02, 0x0B,
    0x40, 0x07, 0xCB, 0xE0, 0x00, 0xF0, 0x00, 0xBE, 0x07, 0xC0, 0x0F, 0x00, 0x0F, 0x80, 0x2D, 0x01,
    0xE0, 0x00, 0xF0, 0x02, 0xE0, 0x2D, 0x00, 0x1F, 0x00, 0x3E, 0x03, 0xC0, 0x01, 0xE0, 0x03, 0xD0,
    0x7C, 0x00, 0x2D, 0x00, 0xBC, 0x0B, 0x80, 0x01, 0xD0, 0x0F, 0x40, 0xF4, 0x00, 0x0F, 0x07, 0xD0,
    0x0B, 0x00, 0x00, 0x2F, 0xE0, 0x00, 0x00, 0x1F, 0xFF, 0xF0, 0x00, 0x01, 0xBF, 0xF4, 0x08, 0x00,
    0x00, 0xFD, 0x00, 0x00, 0x1F, 0x90, 0x1F, 0x7C, 0x00, 0x00, 0xF8, 0x00, 0x00, 0xBC, 0x00, 0x02,
    0xFC, 0x00, 0x00, 0xF4, 0x00, 0x03, 0xE0, 0x00, 0x00, 0xF8, 0x00, 0x02, 0xF0, 0x00, 0x0F, 0x80,
    0x00, 0x00, 0xB4, 0x00, 0x03, 0xF0, 0x00, 0x3F, 0x00, 0x00, 0x00, 0x70, 0x00, 0x03, 0xE0, 0x00,
    0xFC, 0x00, 0x00, 0x00, 0x70, 0x00, 0x07, 0xD0, 0x01, 0xF8, 0x00, 0x00, 0x00, 0x60, 0x00, 0x0B,
    0xC0, 0x03, 0xF0, 0x00, 0x00, 0x00, 0x00, 0x00, 0x0F, 0xC0, 0x07, 0xE0, 0x00, 0x00, 0x00, 0x00,
    0x00, 0x0F, 0x80, 0x0F, 0xD0, 0x00, 0x00, 0x00, 0x00, 0x00, 0x1F, 0xFF, 0xFF, 0xFF, 0xFE, 0x40,
    0x60, 0x00, 0x00, 0x2F, 0x00, 0x1F, 0xC0, 0x1B, 0xFE, 0x00, 0x00, 0x00, 0x3F, 0x00, 0x1F, 0x80,
    0x00, 0x00, 0x00, 0x00, 0x00, 0x3E, 0x00, 0x1F, 0x80, 0x00, 0x00, 0x00, 0x00, 0x00, 0x7D, 0x00,
    0x1F, 0x80, 0x00, 0x00, 0x04, 0x00, 0x00, 0xBC, 0x00, 0x1F, 0x80, 0x00, 0x00, 0x0C, 0x00, 0x00,
    0xFC, 0x00, 0x0F, 0xC0, 0x00, 0x00, 0x28, 0x00, 0x00, 0xF8, 0x00, 0x0B, 0xC0, 0x00, 0x00, 0x70,
    0x00, 0x01, 0xF4, 0x00, 0x03, 0xE0, 0x00, 0x00, 0xC0, 0x00, 0x03, 0xF4, 0x00, 0x01, 0xF4, 0x00,
    0x07, 0x00, 0x00, 0xFF, 0xFF, 0xC0, 0x00, 0x7E, 0x00, 0x78, 0x00, 0x00, 0x00, 0x00, 0x00, 0x00,
    0x06, 0xFF, 0x40, 0x00, 0x00, 0x07, 0xE0, 0x00, 0x02, 0xFF, 0x80, 0x35, 0xD0, 0x00, 0x7D, 0x02,
    0xC2, 0x83, 0xC0, 0x07, 0x80, 0x0F, 0x0C, 0x0F, 0x00, 0x7C, 0x00, 0x78, 0x30, 0x78, 0x03, 0xD0,
    0x00, 0x00, 0x02, 0xD0, 0x2F, 0x00, 0x00, 0x00, 0x0F, 0xFF, 0xFF, 0xFF, 0x40, 0x00, 0x3C, 0x03,
    0xD0, 0x00, 0x00, 0x01, 0xE0, 0x1F, 0x00, 0x00, 0x00, 0x0B, 0x40, 0x7C, 0x00, 0x00, 0x00, 0x3C,
    0x01, 0xF0, 0x00, 0x00, 0x00, 0xF0, 0x03, 0xC0, 0x00, 0x30, 0x07, 0x80, 0x0F, 0x00, 0x07, 0x40,
    0x2D, 0x00, 0x0F, 0x01, 0xF0, 0x00, 0xB0, 0x00, 0x0B, 0xF9, 0x00, 0x00, 0x00, 0x00, 0x00, 0x00,
    0x0D, 0x00, 0x00, 0x00, 0x00, 0x00, 0x00, 0xF8, 0x00, 0x00, 0x00, 0x00, 0x00, 0x07, 0xF0, 0x00,
    0x00, 0x00, 0x00, 0x00, 0x3F, 0xC0, 0x00, 0x00, 0x00, 0x00, 0x03, 0xAF, 0x00, 0x00, 0x00, 0x00,
    0x00, 0x1C, 0xBD, 0x00, 0x00, 0x00, 0x00, 0x00, 0xC1, 0xF8, 0x00, 0x00, 0x00, 0x00, 0x0D, 0x03,
    0xE0, 0x00, 0x00, 0x00, 0x00, 0x60, 0x0F, 0xC0, 0x00, 0x00, 0x00, 0x03, 0x00, 0x3F, 0x00, 0x00,
    0x00, 0x00, 0x34, 0x00, 0xBC, 0x00, 0x00, 0x00, 0x01, 0x80, 0x01, 0xF4, 0x00, 0x00, 0x00, 0x0C,
    0x00, 0x03, 0xE0, 0x00, 0x00, 0x00, 0xFF, 0xFF, 0xFF, 0xC0, 0x00, 0x00, 0x06, 0x02, 0xD0, 0x3F,
    0x00, 0x00, 0x00, 0x30, 0x0F, 0x00, 0xBC, 0x00, 0x00, 0x03, 0x00, 0x3C, 0x01, 0xF4, 0x00, 0x00,
    0x18, 0x01, 0xE0, 0x07, 0xD0, 0x00, 0x00, 0xC0, 0x0B, 0x40, 0x0F, 0x80, 0x00, 0x0D, 0x00, 0x3C,
    0x00, 0x3F, 0x00, 0x00, 0xA0, 0x00, 0xF0, 0x00, 0xFC, 0x00, 0x07, 0x00, 0x07, 0x80, 0x02, 0xF0,
    0x00, 0xBC, 0x00, 0x2E, 0x00, 0x0B, 0xE0, 0x3F, 0xF8, 0x0B, 0xFF, 0x00, 0xFF, 0xFC, 0x00, 0x00,
    0x00, 0xBF, 0x80, 0x00, 0x00, 0x00, 0xD0, 0x7D, 0x00, 0x00, 0x00, 0xC0, 0x07, 0xC0, 0x00, 0x00,
    0x80, 0x01, 0xF0, 0x00, 0x00, 0x60, 0x00, 0xB8, 0x00, 0x00, 0x30, 0x00, 0x3D, 0x00, 0x00, 0x1F,
    0xFF, 0xFF, 0x00, 0x00, 0x08, 0x0F, 0x07, 0xC0, 0x00, 0x03, 0x03, 0x82, 0xE0, 0x00, 0x01, 0x81,
    0xD0, 0xF4, 0x01, 0xD0, 0x90, 0xB0, 0x3C, 0x08, 0xF8, 0x30, 0x3C, 0x1F, 0x0A, 0x3C, 0x24, 0x0E,
    0x03, 0x83, 0x0C, 0x28, 0x07, 0x00, 0xF2, 0x81, 0xF8, 0x00, 0x00, 0x0F, 0x80, 0x00, 0x00, 0x00,
    0x00, 0x00, 0x00, 0x00, 0xD0, 0x00, 0x00, 0x1F, 0xFF, 0xF0, 0x00, 0x00, 0x02, 0xE0, 0x00, 0x00,
    0x00, 0xFD, 0x00, 0x00, 0x00, 0x07, 0xF0, 0x00, 0x00, 0x00, 0xFC, 0x00, 0x00, 0x00, 0x0F, 0xF0,
    0x00, 0x00, 0x00, 0xF8, 0x00, 0x00, 0x00, 0x2A, 0xF0, 0x00, 0x00, 0x01, 0xF4, 0x00, 0x00, 0x00,
    0x71, 0xF4, 0x00, 0x00, 0x02, 0xF0, 0x00, 0x00, 0x00, 0xD1, 0xF4, 0x00, 0x00, 0x03, 0xF0, 0x00,
    0x00, 0x02, 0x80, 0xF8, 0x00, 0x00, 0x03, 0xE0, 0x00, 0x00, 0x07, 0x00, 0xFC, 0x00, 0x00, 0x07,
    0xC0, 0x00, 0x00, 0x0D, 0x00, 0xFC, 0x00, 0x00, 0x0B, 0xC0, 0x00, 0x00, 0x28, 0x00, 0xBC, 0x00,
    0x00, 0x0F, 0x80, 0x00, 0x00, 0x70, 0x00, 0x7D, 0x00, 0x00, 0x0F, 0x40, 0x00, 0x00, 0xC0, 0x00,
    0x7D, 0x00, 0x00, 0x1F, 0xFF, 0xFF, 0xFF, 0xFF, 0xFF, 0xFE, 0x00, 0x00, 0x2F, 0x00, 0x00, 0x03,
    0x01, 0xD0, 0x3F, 0x00, 0x00, 0x3F, 0x00, 0x00, 0x0D, 0x02, 0xC0, 0x3F, 0x00, 0x00, 0x3E, 0x00,
    0x00, 0x18, 0x03, 0xC0, 0x2F, 0x00, 0x00, 0x7D, 0x00, 0x00, 0x30, 0x03, 0x80, 0x2F, 0x40, 0x00,
    0xBC, 0x00, 0x00, 0x90, 0x07, 0x40, 0x1F, 0x40, 0x00, 0xFC, 0x00, 0x01, 0xC0, 0x0B, 0x00, 0x0F,
    0x80, 0x00, 0xF8, 0x00, 0x03, 0x00, 0x0F, 0x00, 0x0F, 0x80, 0x01, 0xF4, 0x00, 0x0E, 0x00, 0x0E,
    0x00, 0x0F, 0xC0, 0x03, 0xF4, 0x00, 0x7D, 0x00, 0x2E, 0x00, 0x0F, 0xD0, 0xFF, 0xFF, 0x87, 0xFF,
    0x02, 0xFF, 0xC0, 0x7F, 0xFE, 0x00, 0x00, 0x00, 0x00, 0x00, 0x00, 0x00, 0x00, 0x00, 0x07, 0xE0,
    0x00, 0x00, 0x07, 0xFD, 0x00, 0x0D, 0x74, 0x00, 0x00, 0x2C, 0x0B, 0xC0, 0x28, 0x3C, 0x00, 0x00,
    0xA0, 0x02, 0xD0, 0x30, 0x3C, 0x00, 0x01, 0xC0, 0x02, 0xD0, 0x30, 0x78, 0x00, 0x03, 0x00, 0x03,
    0xC0, 0x00, 0xB4, 0x00, 0x0A, 0x00, 0x03, 0xC0, 0x00, 0xFF, 0xFF, 0xFF, 0xFF, 0xFF, 0xC0, 0x00,
    0xF0, 0x00, 0x1C, 0x1D, 0x0B, 0x80, 0x01, 0xE0, 0x00, 0x28, 0x1C, 0x0F, 0x40, 0x02, 0xD0, 0x00,
    0x30, 0x2C, 0x0F, 0x00, 0x03, 0xC0, 0x00, 0x30, 0x3C, 0x1F, 0x09, 0x03, 0xC0, 0xF0, 0xA0, 0x38,
    0x2E, 0x0C, 0x07, 0x81, 0xF0, 0xC0, 0x74, 0x2D, 0x1C, 0x0B, 0x42, 0xE7, 0x40, 0xB0, 0x1D, 0x34,
    0x0B, 0x00, 0xFC, 0x00, 0x00, 0x0B, 0xD0, 0x00, 0x00, 0x00, 0xBF, 0xFF, 0xFF, 0xFF, 0xE0, 0x00,
    0x00, 0x01, 0xF4, 0x00, 0x00, 0x07, 0x00, 0x00, 0x00, 0x03, 0xF0, 0x00, 0x00, 0x30, 0x00, 0x00,
    0x00, 0x07, 0xC0, 0x00, 0x03, 0x00, 0x00, 0x00, 0x00, 0x0F, 0x80, 0x00, 0x30, 0x00, 0x00, 0x00,
    0x00, 0x2F, 0x00, 0x03, 0x00, 0x00, 0x00, 0x00, 0x00, 0x3E, 0x00, 0x24, 0x00, 0x00, 0x00, 0x00,
    0x00, 0xBC, 0x02, 0x40, 0x00, 0x00, 0x00, 0x00, 0x01, 0xF4, 0x24, 0x00, 0x00, 0x00, 0x00, 0x00,
    0x03, 0xF1, 0x80, 0x00, 0x00, 0x00, 0x00, 0x00, 0x07, 0xE8, 0x00, 0x00, 0x00, 0x00, 0x00, 0x0A,
    0xFF, 0xFF, 0x80, 0x00, 0x00, 0x00, 0x03, 0xE4, 0x3D, 0x0B, 0xD0, 0x00, 0x00, 0x00, 0x7D, 0x01,
    0xF0, 0x07, 0xC0, 0x00, 0x00, 0x03, 0xD0, 0x0B, 0xC0, 0x0F, 0x40, 0x00, 0x00, 0x3E, 0x00, 0x3E,
    0x00, 0x3E, 0x00, 0x00, 0x02, 0xF0, 0x00, 0xF4, 0x00, 0xBC, 0x00, 0x00, 0x2F, 0x00, 0x07, 0xC0,
    0x01, 0xF4, 0x00, 0x01, 0xF4, 0x00, 0x2F, 0x00, 0x03, 0xE0, 0x00, 0x1F, 0x40, 0x00, 0xF8, 0x00,
    0x0B, 0xC0, 0x00, 0xFC, 0x00, 0x03, 0xD0, 0x00, 0x2F, 0x00, 0x1F, 0xE0, 0x00, 0x2F, 0x40, 0x00,
    0xFF, 0x07, 0xFF, 0xF0, 0x0B, 0xFF, 0xC0, 0x2F, 0xFF, 0x80, 0x00, 0x00, 0x00, 0x00, 0x00, 0x00,
    0x00, 0x03, 0xFF, 0xFF, 0xFF, 0xC0, 0x00, 0x01, 0xE0, 0x00, 0x01, 0x00, 0x00, 0x00, 0x78, 0x00,
    0x14, 0x00, 0x00, 0x00, 0x2E, 0x00, 0x80, 0x00, 0x00, 0x00, 0x0B, 0x42, 0x00, 0x00, 0x00, 0x00,
    0x03, 0xE8, 0x00, 0x00, 0x00, 0x01, 0xBB, 0xFB, 0xD0, 0x00, 0x00, 0x0F, 0x82, 0xD0, 0xB8, 0x00,
    0x00, 0x3D, 0x03, 0xC0, 0x3C, 0x00, 0x90, 0xB8, 0x03, 0xC0, 0x3C, 0x09, 0xC0, 0xF0, 0x07, 0x80,
    0x3C, 0x0C, 0xC1, 0xE0, 0x0F, 0x40, 0x3C, 0x28, 0xC3, 0xC0, 0x0F, 0x00, 0x2C, 0x70, 0x7E, 0x00,
    0x0E, 0x00, 0x0B, 0xC0, 0x00, 0x1F, 0xFF, 0xF0, 0x00, 0x2F, 0xFF, 0xFF, 0xFF, 0xF8, 0x00, 0x00,
    0xFD, 0x00, 0x00, 0x0F, 0x40, 0x00, 0x00, 0x30, 0x00, 0x00, 0xFC, 0x00, 0x00, 0x0F, 0xC0, 0x00,
    0x00, 0xC0, 0x00, 0x00, 0xF8, 0x00, 0x00, 0x07, 0xD0, 0x00, 0x03, 0x00, 0x00, 0x01, 0xF4, 0x00,
    0x00, 0x03, 0xF0, 0x00, 0x0C, 0x00, 0x00, 0x02, 0xF0, 0x00, 0x00, 0x01, 0xF0, 0x00, 0x24, 0x00,
    0x00, 0x03, 0xF0, 0x00, 0x00, 0x00, 0xF8, 0x00, 0x90, 0x00, 0x00, 0x03, 0xE0, 0x00, 0x00, 0x00,
    0xBC, 0x02, 0x40, 0x00, 0x00, 0x07, 0xD0, 0x00, 0x00, 0x00, 0x3E, 0x06, 0x00, 0x00, 0x00, 0x0B,
    0xC0, 0x00, 0x00, 0x00, 0x2F, 0x18, 0x00, 0x00, 0x00, 0x0F, 0xC0, 0x00, 0x00, 0x00, 0x1F, 0xA0,
    0x00, 0x00, 0x00, 0x0F, 0xFF, 0xFF, 0xFF, 0xFF, 0xFF, 0xFF, 0x80, 0x00, 0x00, 0x1F, 0x40, 0x00,
    0x00, 0xF9, 0x0F, 0x82, 0xF4, 0x00, 0x00, 0x2F, 0x00, 0x00, 0x03, 0xD0, 0x1F, 0x40, 0x7C, 0x00,
    0x00, 0x3F, 0x00, 0x00, 0x0F, 0x80, 0x2F, 0x00, 0x3D, 0x00, 0x00, 0x3E, 0x00, 0x00, 0x3E, 0x00,
    0x3F, 0x00, 0x3E, 0x00, 0x00, 0x7D, 0x00, 0x00, 0xBC, 0x00, 0x3E, 0x00, 0x1F, 0x00, 0x00, 0xBC,
    0x00, 0x01, 0xF0, 0x00, 0x7D, 0x00, 0x0F, 0x40, 0x00, 0xFC, 0x00, 0x07, 0xD0, 0x00, 0xBC, 0x00,
    0x0F, 0x80, 0x00, 0xF8, 0x00, 0x0F, 0x80, 0x00, 0xFC, 0x00, 0x0B, 0xC0, 0x01, 0xF4, 0x00, 0x3F,
    0x00, 0x00, 0xF8, 0x00, 0x07, 0xD0, 0x03, 0xF4, 0x00, 0xFE, 0x00, 0x02, 0xF4, 0x00, 0x0B, 0xF0,
    0xFF, 0xFF, 0xDF, 0xFF, 0xC0, 0x2F, 0xFF, 0x00, 0xBF, 0xFE, 0x00, 0x00, 0x00, 0x00, 0x00, 0x00,
    0x00, 0x00, 0x00, 0x00, 0x00, 0x00, 0x00, 0x00, 0x00, 0x00, 0x00, 0x00, 0x1F, 0x80, 0x00, 0x2F,
    0xFF, 0xFF, 0xFD, 0x00, 0xC7, 0x80, 0x00, 0x3C, 0x00, 0x00, 0x50, 0x0A, 0x0F, 0x00, 0x00, 0x3C,
    0x00, 0x08, 0x00, 0x30, 0x7C, 0x00, 0x00, 0x7C, 0x00, 0x80, 0x00, 0xC1, 0xE0, 0x00, 0x00, 0x78,
    0x18, 0x00, 0x00, 0x0B, 0x40, 0x00, 0x00, 0xBA, 0x40, 0x00, 0x00, 0x3F, 0xFF, 0xFF, 0xFF, 0xFF,
    0x80, 0x00, 0x00, 0xF0, 0x00, 0x0B, 0xD7, 0xC7, 0xE0, 0x00, 0x07, 0x80, 0x00, 0xF8, 0x1F, 0x03,
    0xD0, 0x00, 0x2D, 0x04, 0x0B, 0x80, 0xB8, 0x07, 0x80, 0x40, 0xF0, 0x30, 0x3C, 0x03, 0xD0, 0x2E,
    0x06, 0x03, 0xC1, 0x81, 0xE0, 0x0F, 0x00, 0xB4, 0x24, 0x1E, 0x05, 0x0F, 0x00, 0x7C, 0x02, 0xD0,
    0xC0, 0xB4, 0x18, 0xB4, 0x02, 0xE0, 0x03, 0x4D, 0x02, 0xC0, 0x3F, 0x00, 0x07, 0x00, 0x07, 0xD0,
    0x00, 0x00, 0x00, 0xC0, 0x0B, 0x00, 0x00, 0x00, 0x2C, 0x0B, 0x00, 0x00, 0x00, 0x03, 0x4B, 0x00,
    0x00, 0x00, 0x00, 0x77, 0x00, 0x00, 0x00, 0x00, 0x0F, 0x40, 0x00, 0x00, 0x00, 0x2F, 0xF9, 0x00,
    0x00, 0x00, 0xB4, 0x07, 0xD0, 0x00, 0x00, 0xE0, 0x00, 0x7C, 0x00, 0x00, 0xD0, 0x00, 0x0F, 0x00,
    0x00, 0x78, 0x00, 0x03, 0xC0, 0x00, 0x3F, 0x00, 0x01, 0xF0, 0x00, 0x0F, 0xC0, 0x00, 0xB8, 0x00,
    0x00, 0x40, 0x00, 0x3D, 0x00, 0x00, 0x00, 0x00, 0x2E, 0x00, 0x00, 0x00, 0x00, 0x2E, 0x00, 0x00,
    0x00, 0x00, 0x7D, 0x00, 0x00, 0x00, 0x0F, 0xFC, 0x00, 0x00, 0x00, 0x00, 0x01, 0xD0, 0x00, 0x00,
    0x00, 0x00, 0x0D, 0x00, 0x00, 0x00, 0x00, 0x02, 0xC0, 0x00, 0x00, 0x00, 0x00, 0xB0, 0x00, 0x00,
    0x00, 0x00, 0x2C, 0x00, 0x00, 0x00, 0x00, 0x0F, 0x00, 0x00, 0x00, 0x00, 0x07, 0x80, 0x00, 0x00,
    0x00, 0x07, 0xC0, 0x00, 0x00, 0x00, 0x0B, 0xE0, 0x00, 0x00, 0x00, 0x6F, 0xE0, 0x00, 0x00, 0x06,
    0xFF, 0xD0, 0x00, 0x00, 0x6F, 0xFF, 0x80, 0x00, 0x01, 0xFF, 0xF9, 0x00, 0x00, 0x03, 0xFF, 0x90,
    0x00, 0x00, 0x01, 0xFD, 0x00, 0x00, 0x00, 0x00, 0xF4, 0x00, 0x00, 0x00, 0x00, 0x3C, 0x00, 0x00,
    0x00, 0x00, 0x03, 0x80, 0x00, 0x00, 0x00, 0x00, 0x00, 0x00, 0x00, 0x00, 0x00, 0x00, 0x02, 0x00,
    0x2C, 0x00, 0x00, 0xD2, 0xD0, 0x00, 0x00, 0xBF, 0x40, 0x00, 0x0A, 0x40, 0xF0, 0x00, 0x38, 0x00,
    0x78, 0x00, 0x7C, 0x00, 0x74, 0x00, 0x38, 0x00, 0xF0, 0x00, 0x00, 0x07, 0xC0, 0x00, 0x03, 0xFE,
    0x00, 0x00, 0x00, 0x07, 0x40, 0x00, 0x00, 0x01, 0xC0, 0x00, 0x00, 0x00, 0xC0, 0x00, 0x00, 0x00,
    0xD0, 0x00, 0x00, 0x01, 0xC0, 0x00, 0x00, 0x03, 0xC0, 0x00, 0x00, 0x0F, 0x40, 0x00, 0x01, 0xBE,
    0x00, 0x00, 0x6F, 0xF8, 0x00, 0x0B, 0xFF, 0x80, 0x00, 0x3F, 0xE4, 0x00, 0x00, 0x7C, 0x00, 0x00,
    0x00, 0xB0, 0x00, 0x00, 0x00, 0x70, 0x00, 0x00, 0x00, 0x2F, 0x80, 0x00, 0x00, 0x00, 0x0F, 0xFF,
    0xFF, 0x00, 0x00, 0x00, 0x0F, 0xE0, 0x00, 0x00, 0x00, 0x02, 0xF0, 0x00, 0x00, 0x00, 0x00, 0xF8,
    0x00, 0x00, 0xBD, 0x00, 0x3D, 0x00, 0x3F, 0x0F, 0xC0, 0x1F, 0x00, 0x3E, 0x02, 0xF0, 0x0B, 0xC0,
    0x1F, 0x00, 0xBC, 0x03, 0xE0, 0x0F, 0x80, 0x3E, 0x00, 0xF4, 0x03, 0xD0, 0x0F, 0x40, 0x7C, 0x02,
    0xF0, 0x03, 0xC0, 0x2F, 0x00, 0xF8, 0x01, 0xF0, 0x0F, 0x80, 0x3D, 0x00, 0x7C, 0x03, 0xD0, 0x1F,
    0x00, 0x1F, 0x01, 0xF0, 0x0F, 0x40, 0x07, 0xC0, 0xBC, 0x07, 0xC0, 0x00, 0xF0, 0x3E, 0x03, 0xC0,
    0x00, 0x2D, 0x0F, 0x43, 0xC0, 0x00, 0x03, 0xE7, 0xDB, 0x80, 0x00, 0x00, 0x1F, 0xF5, 0x00, 0x00,
    0x00, 0x00, 0xF8, 0x00, 0x00, 0x00, 0x00, 0x3D, 0x00, 0x00, 0x00, 0x00, 0x2F, 0x40, 0x00, 0x00,
    0x07, 0xFF, 0xFF, 0x80, 0x00, 0x00, 0x00, 0x00, 0x01, 0xFF, 0x00, 0x00, 0x00, 0x00, 0x2F, 0x00,
    0x00, 0x00, 0x00, 0x2E, 0x00, 0x00, 0x00, 0x00, 0x3D, 0x00, 0x00, 0x00, 0x00, 0x3C, 0x00, 0x00,
    0x00, 0x00, 0x7C, 0x00, 0x00, 0x00, 0x00, 0xB8, 0x00, 0x00, 0x00, 0x00, 0xF4, 0x00, 0x02, 0xF4,
    0x00, 0xF0, 0x3C, 0x0E, 0x2C, 0x01, 0xF0, 0xBC, 0x18, 0x2D, 0x02, 0xE0, 0x7D, 0x30, 0x3D, 0x03,
    0xD0, 0x2C, 0x20, 0x3C, 0x03, 0xC0, 0x1C, 0x00, 0x78, 0x07, 0xC0, 0x1C, 0x00, 0xF4, 0x0B, 0x80,
    0x18, 0x00, 0xF0, 0x0F, 0x40, 0x34, 0x01, 0xE0, 0x0F, 0x00, 0x30, 0x02, 0xD0, 0x1F, 0x00, 0xD0,
    0x03, 0xD0, 0x2E, 0x01, 0xC0, 0x02, 0xD0, 0x3D, 0x07, 0x00, 0x00, 0xF0, 0x3C, 0x1C, 0x00, 0x00,
    0x7D, 0x7D, 0xF0, 0x00, 0x00, 0x0B, 0xFF, 0x40, 0x00, 0x00, 0x00, 0xB4, 0x00, 0x00, 0x00, 0x00,
    0xF0, 0x00, 0x00, 0x00, 0x00, 0xF0, 0x00, 0x00, 0x00, 0x01, 0xF0, 0x00, 0x00, 0x00, 0x02, 0xE0,
    0x00, 0x00, 0x00, 0x7F, 0xFE, 0x00, 0x00, 0x00, 0x00, 0x00, 0x00, 0x00, 0x00, 0x00, 0x02, 0xFF,
    0x90, 0x00, 0x00, 0x03, 0xE4, 0x0B, 0xC0, 0x00, 0x02, 0xF0, 0x00, 0x1F, 0x00, 0x00, 0xFC, 0x00,
    0x00, 0xB8, 0x00, 0x3F, 0x00, 0x00, 0x07, 0xC0, 0x0F, 0xC0, 0x00, 0x00, 0x3E, 0x02, 0xF4, 0x00,
    0x00, 0x03, 0xF0, 0x3F, 0x00, 0x00, 0x00, 0x3F, 0x0B, 0xD0, 0x00, 0x00, 0x03, 0xF0, 0xFC, 0x00,
    0x00, 0x00, 0x3F, 0x2F, 0xDB, 0xFE, 0x90, 0x07, 0xF3, 0xF4, 0x01, 0x6F, 0xF9, 0xFE, 0x3F, 0x00,
    0x00, 0x00, 0x0F, 0xD3, 0xF0, 0x00, 0x00, 0x01, 0xFC, 0x3F, 0x00, 0x00, 0x00, 0x3F, 0x83, 0xF0,
    0x00, 0x00, 0x03, 0xF0, 0x3F, 0x00, 0x00, 0x00, 0xFD, 0x02, 0xF0, 0x00, 0x00, 0x1F, 0x80, 0x1F,
    0x40, 0x00, 0x03, 0xE0, 0x00, 0xF8, 0x00, 0x00, 0xF8, 0x00, 0x03, 0xD0, 0x00, 0x7D, 0x00, 0x00,
    0x0F, 0x80, 0x6E, 0x00, 0x00, 0x00, 0x1B, 0xFE, 0x00, 0x00, 0x00, 0x00, 0x0B, 0xE0, 0x00, 0x2E,
    0x0F, 0x00, 0x2E, 0x01, 0xE0, 0x1F, 0x00, 0x3C, 0x0F, 0x40, 0x0F, 0x0B, 0xC0, 0x07, 0xC3, 0xFF,
    0xFF, 0xF0, 0xF4, 0x00, 0xFC, 0x7C, 0x00, 0x3E, 0x1F, 0x00, 0x1F, 0x07, 0xC0, 0x0F, 0x81, 0xF0,
    0x07, 0xC0, 0x3C, 0x03, 0xC0, 0x07, 0x87, 0xC0, 0x00, 0x7F, 0x80, 0x00, 0x00, 0x00, 0x00, 0x00,
    0x00, 0x00, 0x0F, 0xFF, 0xF0, 0x00, 0x00, 0x2F, 0xD0, 0x3F, 0x80, 0x00, 0x00, 0x78, 0xBC, 0x0B,
    0xC0, 0x00, 0x00, 0x38, 0x2D, 0x01, 0xF4, 0x00, 0x00, 0x2C, 0x00, 0x00, 0x7D, 0x00, 0x00, 0x1D,
    0x00, 0x00, 0x0F, 0x80, 0x00, 0x0E, 0x00, 0x00, 0x03, 0xE0, 0x00, 0x07, 0x00, 0x00, 0x00, 0xF8,
    0x00, 0x03, 0x40, 0x00, 0x00, 0x3F, 0x00, 0x02, 0xC0, 0x00, 0x00, 0x0F, 0xC0, 0x01, 0xC0, 0x00,
    0x00, 0x02, 0xF0, 0x00, 0xE0, 0x00, 0x00, 0x00, 0xBC, 0x00, 0xB0, 0x00, 0x00, 0x00, 0x2F, 0x00,
    0x30, 0x00, 0x00, 0x00, 0x07, 0xD0, 0x28, 0x00, 0x00, 0x00, 0x01, 0xF4, 0x1C, 0x00, 0x00, 0x00,
    0x00, 0x3E, 0x0D, 0x00, 0x00, 0x00, 0x00, 0x0F, 0x8A, 0x00, 0x00, 0x00, 0x00, 0x03, 0xE3, 0x00,
    0x00, 0x00, 0x00, 0x00, 0xFF, 0x40, 0x00, 0x00, 0x00, 0x00, 0x3F, 0xC0, 0x00, 0x00, 0x00, 0x00,
    0x0B, 0xC0, 0x00, 0x00, 0x00, 0x00, 0x02, 0xE0, 0x00, 0x00, 0x00, 0x00, 0x00, 0x70, 0x00, 0x00,
    0x00, 0x00, 0x00, 0x00, 0x00, 0x00, 0x00, 0x01, 0xF8, 0x00, 0x00, 0x2F, 0xC0, 0xC7, 0x80, 0x00,
    0x34, 0xB8, 0xA0, 0xF0, 0x00, 0x28, 0x3C, 0x30, 0x3D, 0x00, 0x0C, 0x00, 0x0C, 0x0B, 0x40, 0x09,
    0x00, 0x00, 0x02, 0xE0, 0x06, 0x00, 0x00, 0x00, 0x78, 0x03, 0x00, 0x00, 0x00, 0x1F, 0x02, 0x40,
    0x00, 0x00, 0x07, 0xC0, 0x80, 0x00, 0x00, 0x00, 0xF0, 0x80, 0x00, 0x00, 0x00, 0x3C, 0x50, 0x00,
    0x00, 0x00, 0x0F, 0x60, 0x00, 0x00, 0x00, 0x03, 0xF0, 0x00, 0x00, 0x00, 0x00, 0xB8, 0x00, 0x00,
    0x00, 0x00, 0x2C, 0x00, 0x00, 0x00, 0x00, 0x0F, 0x02, 0xD0, 0x00, 0x00, 0x00, 0x03, 0xF4, 0xFE,
    0x00, 0x00, 0x00, 0x00, 0x1F, 0x87, 0xF0, 0x00, 0x00, 0x00, 0x00, 0x68, 0x1A, 0x00, 0x00, 0x00,
    0x00, 0x00, 0x00, 0x00, 0x00, 0x00, 0x00, 0x00, 0x00, 0x00, 0x00, 0x03, 0xFF, 0xFC, 0x00, 0x00,
    0x0B, 0xF8, 0x0F, 0xE0, 0x00, 0x00, 0x1E, 0x2F, 0x02, 0xF0, 0x00, 0x00, 0x0E, 0x0B, 0x40, 0x7D,
    0x00, 0x00, 0x0B, 0x00, 0x00, 0x1F, 0x40, 0x00, 0x07, 0x40, 0x00, 0x03, 0xE0, 0x00, 0x03, 0x80,
    0x00, 0x00, 0xF8, 0x00, 0x02, 0xC0, 0x00, 0x00, 0x3E, 0x00, 0x00, 0xD0, 0x00, 0x00, 0x0F, 0xC0,
    0x00, 0xB0, 0x00, 0x00, 0x03, 0xF0, 0x00, 0x70, 0x00, 0x00, 0x00, 0xBC, 0x00, 0x38, 0x00, 0x00,
    0x00, 0x2F, 0x00, 0x1C, 0x00, 0x00, 0x00, 0x0B, 0xC0, 0x0C, 0x00, 0x00, 0x00, 0x01, 0xF4, 0x0A,
    0x00, 0x00, 0x00, 0x00, 0x7D, 0x07, 0x00, 0x00, 0x00, 0x00, 0x0F, 0x83, 0x40, 0x00, 0x00, 0x00,
    0x03, 0xE1, 0x80, 0x00, 0x00, 0x00, 0x00, 0xF8, 0xC0, 0x00, 0x00, 0x00, 0x00, 0x3F, 0x90, 0x00,
    0x00, 0x00, 0x00, 0x0F, 0xF0, 0x00, 0x00, 0x00, 0x00, 0x02, 0xF0, 0x00, 0x00, 0x00, 0x00, 0x00,
    0xB8, 0x00, 0x00, 0x00, 0x00, 0x00, 0x1C, 0x00, 0x00, 0x00, 0x00, 0x00, 0x00, 0x04, 0x01, 0x00,
    0x00, 0x00, 0x0B, 0xC2, 0xF0, 0x00, 0x00, 0x00, 0xF8, 0x3E, 0x00, 0x00, 0x00, 0x0F, 0x43, 0xD0,
    0x00, 0x00, 0x00, 0xB0, 0x2C, 0x00, 0x00, 0x00, 0x04, 0x01, 0x00, 0x00, 0x00, 0x00, 0x00, 0x00,
    0x00, 0x1F, 0x80, 0x00, 0x02, 0xFC, 0x0C, 0x78, 0x00, 0x03, 0x4B, 0x8A, 0x0F, 0x00, 0x02, 0x83,
    0xC3, 0x03, 0xD0, 0x00, 0xC0, 0x00, 0xC0, 0xB4, 0x00, 0x90, 0x00, 0x00, 0x2E, 0x00, 0x60, 0x00,
    0x00, 0x07, 0x80, 0x30, 0x00, 0x00, 0x01, 0xF0, 0x24, 0x00, 0x00, 0x00, 0x7C, 0x08, 0x00, 0x00,
    0x00, 0x0F, 0x08, 0x00, 0x00, 0x00, 0x03, 0xC5, 0x00, 0x00, 0x00, 0x00, 0xF6, 0x00, 0x00, 0x00,
    0x00, 0x3F, 0x00, 0x00, 0x00, 0x00, 0x0B, 0x80, 0x00, 0x00, 0x00, 0x02, 0xC0, 0x00, 0x00, 0x00,
    0x00, 0x00, 0x00, 0x00, 0x00, 0x00, 0x00, 0x00, 0x00, 0x00, 0x00, 0xF4, 0x00, 0x00, 0x00, 0x00,
    0x00, 0x02, 0xF8, 0x00, 0x00, 0x00, 0x00, 0x01, 0xBF, 0xFB, 0xE4, 0x00, 0x00, 0x00, 0x2E, 0x03,
    0xF0, 0x2F, 0x00, 0x00, 0x02, 0xE0, 0x03, 0xD0, 0x07, 0xC0, 0x00, 0x0F, 0x80, 0x01, 0x80, 0x02,
    0xF0, 0x00, 0x3E, 0x00, 0x00, 0x00, 0x00, 0xF4, 0x00, 0xFC, 0x00, 0x00, 0x00, 0x00, 0xFC, 0x01,
    0xF4, 0x00, 0x00, 0x00, 0x00, 0xFC, 0x03, 0xF0, 0x00, 0x00, 0x00, 0x00, 0xFC, 0x0B, 0xD0, 0x00,
    0x00, 0x00, 0x00, 0xFC, 0x0F, 0xC0, 0x00, 0x00, 0x00, 0x00, 0xFC, 0x1F, 0xC0, 0x00, 0x00, 0x00,
    0x01, 0xFC, 0x2F, 0x80, 0x00, 0x00, 0x00, 0x01, 0xF8, 0x3F, 0x40, 0x00, 0x00, 0x00, 0x03, 0xF4,
    0x3F, 0x00, 0x00, 0x00, 0x00, 0x03, 0xF0, 0x3F, 0x00, 0x00, 0x00, 0x00, 0x07, 0xE0, 0x3F, 0x00,
    0x00, 0x00, 0x00, 0x0F, 0xC0, 0x3F, 0x00, 0x00, 0x00, 0x00, 0x1F, 0x80, 0x3F, 0x00, 0x00, 0x00,
    0x00, 0x3F, 0x00, 0x3F, 0x00, 0x00, 0x00, 0x00, 0xBD, 0x00, 0x1F, 0x40, 0x00, 0x00, 0x01, 0xF4,
    0x00, 0x0B, 0xC0, 0x07, 0xC0, 0x0B, 0xD0, 0x00, 0x02, 0xF0, 0x0F, 0xC0, 0x7E, 0x00, 0x00, 0x00,
    0x7F, 0x5F, 0xDB, 0xE0, 0x00, 0x00, 0x00, 0x01, 0xBF, 0xE4, 0x00, 0x00, 0x00, 0x00, 0x00, 0x2F,
    0x00, 0x00, 0x00, 0x00, 0x00, 0x00, 0x04, 0x00, 0x00, 0x00, 0x00, 0x00, 0x00, 0x0B, 0x00, 0x00,
    0x00, 0x6E, 0xFB, 0x80, 0x00, 0x7D, 0x0E, 0x0B, 0x80, 0x1F, 0x00, 0x00, 0x3D, 0x03, 0xC0, 0x00,
    0x02, 0xE0, 0xF8, 0x00, 0x00, 0x3E, 0x0F, 0x40, 0x00, 0x03, 0xE2, 0xF0, 0x00, 0x00, 0x3D, 0x3F,
    0x00, 0x00, 0x07, 0xC3, 0xE0, 0x00, 0x00, 0xBC, 0x3D, 0x00, 0x00, 0x0F, 0x43, 0xC0, 0x00, 0x02,
    0xE0, 0x2D, 0x00, 0x00, 0x7C, 0x00, 0xF0, 0x3C, 0x1E, 0x00, 0x01, 0xEF, 0xEE, 0x00, 0x00, 0x00,
    0xB4, 0x00, 0x00, 0x00, 0x00, 0x00, 0x01, 0xBF, 0xE0, 0x00, 0x00, 0x00, 0x00, 0x0B, 0xD0, 0x0B,
    0x80, 0x00, 0x00, 0x00, 0x0F, 0x41, 0xF4, 0x78, 0x00, 0x00, 0x00, 0x0F, 0x02, 0x4B, 0x0B, 0x00,
    0x00, 0x00, 0x0B, 0x00, 0x41, 0x80, 0xF0, 0x00, 0x00, 0x00, 0x00, 0x00, 0xD0, 0x0B, 0x40, 0x00,
    0x00, 0x00, 0x00, 0xB0, 0x00, 0x00, 0x00, 0x00, 0x7F, 0xC0, 0x30, 0xBF, 0x40, 0x00, 0x01, 0xF4,
    0x1C, 0x01, 0xD0, 0x78, 0x00, 0x01, 0xF0, 0x0F, 0x40, 0xF0, 0x0B, 0x80, 0x01, 0xF0, 0x07, 0xC0,
    0x7C, 0x01, 0xF0, 0x01, 0xF4, 0x00, 0xE0, 0x0E, 0x00, 0x3D, 0x00, 0xFC, 0x00, 0x00, 0x00, 0x00,
    0x0F, 0x80, 0xBD, 0x00, 0x00, 0x00, 0x00, 0x03, 0xF0, 0x3F, 0x00, 0x00, 0x00, 0x00, 0x00, 0xFC,
    0x2F, 0x40, 0x00, 0x00, 0x00, 0x00, 0x3F, 0x0F, 0xC0, 0x00, 0x00, 0x00, 0x00, 0x1F, 0x87, 0xF0,
    0x00, 0x00, 0x00, 0x00, 0x0B, 0xE3, 0xF4, 0x00, 0x0F, 0xFD, 0x00, 0x03, 0xF4, 0xFC, 0x00, 0x00,
    0xFC, 0x00, 0x00, 0xFC, 0x3F, 0x00, 0x00, 0x3D, 0x00, 0x00, 0x7E, 0x0F, 0xC0, 0x00, 0x1F, 0x00,
    0x00, 0x2F, 0x47, 0xE0, 0x00, 0x0B, 0xC0, 0x00, 0x0F, 0xC0, 0xF8, 0x00, 0x03, 0xE0, 0x00, 0x0B,
    0xD0, 0x3E, 0x00, 0x00, 0xF4, 0x00, 0x03, 0xE0, 0x0F, 0x80, 0x00, 0x7C, 0x00, 0x02, 0xF0, 0x02,
    0xF0, 0x00, 0x2F, 0x00, 0x01, 0xF0, 0x00, 0x3C, 0x00, 0x1C, 0xC0, 0x01, 0xF4, 0x00, 0x07, 0xC0,
    0x78, 0x0D, 0x02, 0xF0, 0x00, 0x00, 0x7F, 0xE0, 0x00, 0xBF, 0x90, 0x00, 0x00, 0x00, 0x00, 0x0B,
    0xFD, 0x00, 0x00, 0x00, 0x1F, 0xFF, 0xE0, 0x00, 0x00, 0x2D, 0x00, 0x7C, 0x00, 0x00, 0x08, 0x00,
    0x03, 0x80, 0x00, 0x00, 0x00, 0x00, 0x78, 0x00, 0x00, 0x00, 0x00, 0x03, 0xC0, 0x00, 0x00, 0x00,
    0x10, 0x00, 0x00, 0xD0, 0x00, 0x0E, 0x00, 0x01, 0xE0, 0x00, 0x02, 0xC0, 0x01, 0xE0, 0x00, 0x00,
    0x74, 0x00, 0xF0, 0x00, 0x00, 0x1E, 0x00, 0xB4, 0x00, 0x00, 0x07, 0x80, 0x3C, 0x00, 0x70, 0x02,
    0xE0, 0x1E, 0x00, 0x3C, 0x00, 0xF4, 0x0B, 0x40, 0x1F, 0x00, 0x3C, 0x02, 0xC0, 0x07, 0x40, 0x2E,
    0x00, 0xF0, 0x02, 0xC0, 0x0F, 0x00, 0x3C, 0x00, 0x90, 0x07, 0x40, 0x0B, 0x00, 0x74, 0x03, 0x80,
    0x00, 0xD0, 0xA3, 0x07, 0x80, 0x00, 0x0F, 0xD0, 0x7F, 0x40, 0x00, 0x00, 0x00, 0x00, 0x00, 0x07,
    0xFF, 0xFE, 0x00, 0x00, 0x00, 0x00, 0x02, 0xD3, 0xC3, 0x80, 0x00, 0x00, 0x00, 0x00, 0xD0, 0xE0,
    0xD0, 0x00, 0x00, 0x00, 0x00, 0x30, 0x74, 0x30, 0x00, 0x00, 0x00, 0x00, 0x00, 0x00, 0x00, 0x00,
    0x00, 0x00, 0x00, 0x00, 0x00, 0x00, 0x00, 0x00, 0x00, 0x00, 0x00, 0x00, 0x00, 0x00, 0x00, 0x00,
    0x00, 0x7F, 0xC0, 0x00, 0xBF, 0x40, 0x00, 0x01, 0xF4, 0x1C, 0x01, 0xD0, 0x78, 0x00, 0x01, 0xF0,
    0x0F, 0x40, 0xF0, 0x0B, 0x80, 0x01, 0xF0, 0x07, 0xC0, 0x7C, 0x01, 0xF0, 0x01, 0xF4, 0x00, 0xE0,
    0x0E, 0x00, 0x3D, 0x00, 0xFC, 0x00, 0x00, 0x00, 0x00, 0x0F, 0x80, 0xBD, 0x00, 0x00, 0x00, 0x00,
    0x03, 0xF0, 0x3F, 0x00, 0x00, 0x00, 0x00, 0x00, 0xFC, 0x2F, 0x40, 0x00, 0x00, 0x00, 0x00, 0x3F,
    0x0F, 0xC0, 0x00, 0x00, 0x00, 0x00, 0x1F, 0x87, 0xF0, 0x00, 0x00, 0x00, 0x00, 0x0B, 0xE3, 0xF4,
    0x00, 0x0F, 0xFD, 0x00, 0x03, 0xF4, 0xFC, 0x00, 0x00, 0xFC, 0x00, 0x00, 0xFC, 0x3F, 0x00, 0x00,
    0x3D, 0x00, 0x00, 0x7E, 0x0F, 0xC0, 0x00, 0x1F, 0x00, 0x00, 0x2F, 0x47, 0xE0, 0x00, 0x0B, 0xC0,
    0x00, 0x0F, 0xC0, 0xF8, 0x00, 0x03, 0xE0, 0x00, 0x0B, 0xD0, 0x3E, 0x00, 0x00, 0xF4, 0x00, 0x03,
    0xE0, 0x0F, 0x80, 0x00, 0x7C, 0x00, 0x02, 0xF0, 0x02, 0xF0, 0x00, 0x2F, 0x00, 0x01, 0xF0, 0x00,
    0x3C, 0x00, 0x1C, 0xC0, 0x01, 0xF4, 0x00, 0x07, 0xC0, 0x78, 0x0D, 0x02, 0xF0, 0x00, 0x00, 0x7F,
    0xE0, 0x00, 0xBF, 0x90, 0x00, 0x00, 0x00, 0x01, 0xFF, 0xFF, 0x80, 0x00, 0x2D, 0x3C, 0x38, 0x00,
    0x03, 0x43, 0x83, 0x40, 0x00, 0x30, 0x70, 0x30, 0x00, 0x00, 0x00, 0x00, 0x00, 0x00, 0x00, 0x00,
    0x00, 0x00, 0x00, 0x00, 0x01, 0x00, 0x03, 0x40, 0x00, 0x34, 0x01, 0xE0, 0x00, 0x03, 0xC0, 0x78,
    0x00, 0x00, 0x1D, 0x0F, 0x00, 0x00, 0x01, 0xE2, 0xD0, 0x00, 0x00, 0x1E, 0x3C, 0x00, 0x70, 0x02,
    0xE7, 0x80, 0x0F, 0x00, 0x3D, 0xB4, 0x01, 0xF0, 0x03, 0xCB, 0x00, 0x1D, 0x00, 0x78, 0xF0, 0x02,
    0xC0, 0x0F, 0x0F, 0x00, 0x24, 0x01, 0xD0, 0xB0, 0x07, 0x40, 0x38, 0x03, 0x42, 0x8C, 0x1E, 0x00,
    0x0F, 0xD0, 0x7F, 0x40, 0x00, 0x00, 0x00, 0x06, 0xFF, 0x90, 0x18, 0x00, 0x01, 0xF8, 0x01, 0xE0,
    0xD0, 0x00, 0x3D, 0x00, 0x00, 0xEF, 0x00, 0x03, 0xC0, 0x00, 0x00, 0xFC, 0x00, 0x3C, 0x00, 0x00,
    0x02, 0xE0, 0x02, 0xD0, 0x00, 0x00, 0x07, 0x40, 0x1E, 0x00, 0x00, 0x00, 0x1C, 0x00, 0xF0, 0x00,
    0x00, 0x00, 0x70, 0x07, 0x80, 0x00, 0x00, 0x01, 0x80, 0x3D, 0x00, 0x00, 0x00, 0x00, 0x01, 0xF0,
    0x00, 0x00, 0x00, 0x00, 0x0B, 0x80, 0x00, 0x00, 0x00, 0x00, 0x3D, 0x00, 0x00, 0x00, 0x00, 0x00,
    0xF4, 0x00, 0x00, 0x00, 0x00, 0x03, 0xC0, 0x00, 0x00, 0x00, 0x00, 0x1F, 0x00, 0x00, 0x00, 0x00,
    0x00, 0x3D, 0x00, 0x00, 0x00, 0x00, 0x00, 0xF4, 0x00, 0x00, 0x00, 0x00, 0x03, 0xF0, 0x00, 0x00,
    0x00, 0x00, 0x0B, 0xD0, 0x00, 0x00, 0x00, 0x00, 0x0F, 0xE0, 0x00, 0x00, 0x00, 0x00, 0x1F, 0xF9,
    0x00, 0x00, 0x00, 0x00, 0x1F, 0xFF, 0xE4, 0x00, 0x00, 0x00, 0x06, 0xFF, 0xFE, 0x00, 0x00, 0x00,
    0x00, 0x1B, 0xFF, 0x00, 0x00, 0x00, 0x00, 0x00, 0xBF, 0x00, 0x00, 0x00, 0x00, 0x00, 0x3C, 0x00,
    0x00, 0x00, 0x00, 0x00, 0x30, 0x00, 0x00, 0x00, 0x00, 0x00, 0xC0, 0x00, 0x00, 0x00, 0x00, 0x0C,
    0x00, 0x00, 0x00, 0x00, 0x00, 0x00, 0x00, 0x00, 0x00, 0x06, 0xFD, 0x00, 0x1F, 0x40, 0xA0, 0x1E,
    0x00, 0x7C, 0x0F, 0x00, 0x3F, 0x0F, 0x00, 0x0B, 0x43, 0x80, 0x00, 0x02, 0xC0, 0x00, 0x00, 0xF0,
    0x00, 0x00, 0x3C, 0x00, 0x00, 0x0F, 0x00, 0x00, 0x03, 0xC0, 0x00, 0x00, 0xF8, 0x00, 0x00, 0x1F,
    0x80, 0x00, 0x01, 0xFF, 0x80, 0x00, 0x07, 0xFD, 0x00, 0x00, 0x0B, 0xC0, 0x00, 0x00, 0x78, 0x00,
    0x00, 0x0F, 0x00, 0x00, 0x03, 0x80, 0x00, 0x00, 0xD0, 0x00, 0x00, 0xE0, 0x00, 0x01, 0xE0, 0x00,
    0x00, 0x00, 0x00, 0x00, 0x00, 0x0C, 0x00, 0x08, 0x07, 0xF8, 0x02, 0xBD, 0x20, 0x00, 0xB4, 0x02,
    0x00, 0xC2, 0x00, 0x00, 0xC0, 0x00, 0x00, 0x90, 0x00, 0x00, 0x3C, 0x00, 0x00, 0x0A, 0x00, 0x00,
    0x00, 0x00, 0x00, 0x03, 0xC7, 0xD0, 0x00, 0xE3, 0xC7, 0x80, 0x74, 0xF0, 0x1E, 0x2C, 0x38, 0x00,
    0x6F, 0x1D, 0x00, 0x00, 0x00, 0x00, 0x1B, 0xF8, 0x00, 0x00, 0x3D, 0x02, 0xD0, 0x00, 0x7C, 0x00,
    0x2C, 0x00, 0x7C, 0x00, 0x03, 0x80, 0x3C, 0x00, 0x00, 0xB0, 0x09, 0x00, 0x00, 0x0E, 0x00, 0x00,
    0x00, 0x00, 0xB0, 0x00, 0x00, 0x00, 0x00, 0x00, 0xBE, 0x01, 0xD0, 0x91, 0xC0, 0x08, 0xC0, 0x03,
    0x30, 0x0B, 0x8C, 0x03, 0xE1, 0x80, 0xF0, 0x01, 0xFD, 0x01, 0xC1, 0xD0, 0xC0, 0x18, 0x90, 0x03,
    0x3C, 0x00, 0x8F, 0x40, 0x93, 0xC0, 0xA0, 0x00, 0x10, 0x00, 0x00, 0x00, 0x00, 0x01, 0xF0, 0x00,
    0x00, 0x00, 0x00, 0x00, 0x00, 0x00, 0xFC, 0x00, 0x00, 0x00, 0x00, 0x00, 0x00, 0x00, 0x3D, 0x00,
    0x00, 0x00, 0x00, 0x00, 0x00, 0x00, 0x00, 0x00, 0x00, 0x00, 0x00, 0x00, 0x00, 0x00, 0x00, 0x00,
    0x00, 0x00, 0x00, 0x00, 0x3D, 0x00, 0x00, 0x00, 0x00, 0x1F, 0x00, 0x00, 0x2F, 0x80, 0x00, 0x00,
    0x00, 0x0F, 0xC0, 0x00, 0x07, 0xC0, 0x00, 0x00, 0x00, 0x03, 0xD0, 0x00, 0x00, 0x00, 0x00, 0x00,
    0x00, 0x00, 0x00, 0x00, 0x00, 0x00, 0x00, 0x00, 0x00, 0x00, 0x00, 0x00, 0x00, 0x00, 0x00, 0x00,
    0x00, 0x00, 0x00, 0x00, 0x00, 0x00, 0x00, 0x00, 0x00, 0x00, 0x00, 0x00, 0x00, 0x00, 0x00, 0x00,
    0x00, 0x00, 0x00, 0x00, 0x00, 0x00, 0x00, 0x00, 0x00, 0x00, 0x00, 0x00, 0x00, 0x00, 0x00, 0x00,
    0x00, 0x00, 0x00, 0x00, 0x00, 0x00, 0x00, 0x00, 0x00, 0x00, 0x00, 0x00, 0x00, 0x3C, 0x00, 0x00,
    0x00, 0x00, 0x00, 0x00, 0x0F, 0x3F, 0x40, 0x00, 0x00, 0x00, 0x00, 0x00, 0x0F, 0xDB, 0x80, 0x00,
    0x00, 0x00, 0x00, 0x00, 0x01, 0xE0, 0x00, 0x00, 0x00, 0x00, 0x00, 0x00, 0x00, 0x00, 0x00, 0x00,
    0x00, 0x00, 0x00, 0x00, 0x00, 0x00, 0x00, 0x00, 0x00, 0x00, 0x00, 0x00, 0x00, 0x00, 0x00, 0x00,
    0x00, 0x00, 0x00, 0x00, 0x00, 0x00, 0x00, 0x00, 0x00, 0x00, 0x00, 0x00, 0x00, 0x00, 0x00, 0x00,
    0x00, 0x00, 0x00, 0x00, 0x00, 0x00, 0x00, 0x00, 0x00, 0x00, 0x00, 0x00, 0x00, 0x00, 0x00, 0x00,
    0x00, 0x00, 0x00, 0x00, 0x00, 0x00, 0x00, 0x00, 0x00, 0x00, 0x00, 0x00, 0x00, 0x00, 0x00, 0x00,
    0x0B, 0x40, 0x00, 0x00, 0x00, 0x07, 0xC0, 0x00, 0x07, 0xE0, 0x00, 0x00, 0x00, 0x03, 0xF0, 0x00,
    0x00, 0xF0, 0x00, 0x00, 0x00, 0x00, 0xB8, 0x00, 0x00, 0x00, 0x00, 0x00, 0x00, 0x00, 0x00, 0x00,
    0x00, 0x00, 0x00, 0x00, 0x00, 0x00, 0x00, 0x00, 0x00, 0x00, 0x00, 0x00, 0xB8, 0x00, 0x00, 0x00,
    0x00, 0x00, 0x00, 0x00, 0x7F, 0x00, 0x00, 0x00, 0x00, 0x00, 0x00, 0x00, 0x0F, 0x00, 0x00, 0x00,
    0x00, 0x00, 0x00, 0x00, 0x00, 0x00, 0x00, 0x02, 0x40, 0x00, 0x00, 0x00, 0x00, 0x00, 0x00, 0x00,
    0x0D, 0x00, 0x00, 0x00, 0x00, 0x00, 0x00, 0x00, 0x00, 0x2F, 0x00, 0x00, 0x00, 0x00, 0x00, 0x00,
    0x00, 0x00, 0x3F, 0x00, 0x00, 0x00, 0x00, 0x00, 0x00, 0x00, 0x00, 0x3D, 0x00, 0x00, 0x00, 0x00,
    0x00, 0x04, 0x00, 0x00, 0x00, 0x00, 0x00, 0x00, 0x00, 0x00, 0x18, 0x00, 0x00, 0x00, 0x00, 0x02,
    0xFC, 0x00, 0x00, 0x2F, 0x40, 0x00, 0x00, 0x00, 0x0F, 0xC0, 0x00, 0x00, 0x2F, 0x80, 0x00, 0x00,
    0x00, 0x0F, 0xC0, 0x00, 0x00, 0x1F, 0x00, 0x00, 0x00, 0x00, 0x0F, 0x40, 0x00, 0x00, 0x00, 0x00,
    0x00, 0x00, 0x00, 0x00, 0x00, 0x00, 0x00, 0x00, 0x00, 0x00, 0x00, 0x00, 0x00, 0x00, 0x00, 0x00,
    0x00, 0x00, 0x00, 0x00, 0x00, 0x00, 0x00, 0x00, 0x00, 0x00, 0x00, 0x00, 0x00, 0x00, 0x00, 0x00,
    0x00, 0x00, 0x00, 0x00, 0x00, 0x00, 0x00, 0x00, 0x00, 0x00, 0x00, 0x00, 0x00, 0x00, 0x00, 0x00,
    0x00, 0x00, 0x00, 0x00, 0x00, 0x00, 0x00, 0x00, 0x00, 0x00, 0x00, 0x00, 0x00, 0x00, 0x00, 0x00,
    0x00, 0x00, 0x00, 0x00, 0x23, 0xC0, 0x00, 0x00, 0x00, 0x00, 0x00, 0x00, 0xF4, 0x2F, 0xD0, 0x00,
    0x00, 0x00, 0x00, 0x00, 0x02, 0xFD, 0x0B, 0x80, 0x00, 0x00, 0x00, 0x00, 0x00, 0x01, 0xE2, 0x00,
    0x00, 0x00, 0x00, 0x00, 0x00, 0x00, 0x00, 0x00, 0x00, 0x00, 0x00, 0x00, 0x00, 0x00, 0x00, 0x00,
    0x00, 0x00, 0x00, 0x00, 0x00, 0x00, 0x00, 0x00, 0x00, 0x00, 0x00, 0x00, 0x00, 0x00, 0x00, 0x00,
    0x00, 0x00, 0x00, 0x00, 0x00, 0x00, 0x00, 0x00, 0x00, 0x00, 0x00, 0x00, 0x00, 0x00, 0x00, 0x00,
    0x00, 0x00, 0x00, 0x00, 0x00, 0x00, 0x00, 0x00, 0x00, 0x00, 0x00, 0x00, 0x00, 0x00, 0x00, 0x00,
    0x00, 0x00, 0x00, 0x00, 0x00, 0x00, 0x00, 0x00, 0x00, 0x00, 0x00, 0x00, 0x00, 0x00, 0x00, 0x00,
    0x00, 0xB4, 0x00, 0x00, 0x00, 0x00, 0x7C, 0x00, 0x00, 0x01, 0xF8, 0x00, 0x00, 0x00, 0x00, 0xFD,
    0x00, 0x00, 0x1A, 0xE0, 0x00, 0x00, 0x00, 0x00, 0xBC, 0x00, 0x00, 0x00, 0x00, 0x00, 0x00, 0x00,
    0x00, 0x08, 0x00, 0x00, 0x00, 0x00, 0x00, 0x00, 0x00, 0x00, 0x04, 0x00, 0x00, 0x00, 0x00, 0x00,
    0x3E, 0x00, 0x00, 0x00, 0x00, 0x00, 0x00, 0x00, 0x00, 0x7F, 0x00, 0x00, 0x00, 0x00, 0x00, 0x00,
    0x00, 0x00, 0x3D, 0x00, 0x00, 0x00, 0x00, 0x00, 0x00, 0x00, 0x00, 0x24, 0x00, 0x00, 0x00, 0x00,
    0x00, 0x00, 0x00, 0x00, 0x80, 0x00, 0x00, 0x00, 0x00, 0x00, 0x00, 0x00, 0x00, 0x1F, 0x00, 0x00,
    0x00, 0x00, 0x00, 0x00, 0xFD, 0x00, 0x40, 0x00, 0x00, 0x00, 0x03, 0xE0, 0x07, 0x00, 0x00, 0x00,
    0x00, 0x0E, 0x00, 0xB0, 0x00, 0x00, 0x00, 0x00, 0x0B, 0xFD, 0x00, 0x00, 0x00, 0x00, 0x00, 0x00,
    0x00, 0x00, 0x00, 0x01, 0xFF, 0xFF, 0x00, 0xFF, 0xFF, 0x80, 0x00, 0x3F, 0x40, 0x00, 0x1F, 0xC0,
    0x00, 0x00, 0xFC, 0x00, 0x00, 0xBD, 0x00, 0x00, 0x03, 0xE0, 0x00, 0x07, 0xF0, 0x00, 0x00, 0x1F,
    0x40, 0x00, 0x7F, 0xC0, 0x00, 0x00, 0xBC, 0x00, 0x03, 0xBE, 0x00, 0x00, 0x03, 0xF0, 0x00, 0x39,
    0xF4, 0x00, 0x00, 0x0F, 0x80, 0x03, 0x8B, 0xC0, 0x00, 0x00, 0x7D, 0x00, 0x2C, 0x3F, 0x00, 0x00,
    0x02, 0xF0, 0x01, 0xC0, 0xF8, 0x00, 0x00, 0x0F, 0xC0, 0x1C, 0x07, 0xD0, 0x00, 0x00, 0x3E, 0x00,
    0xD0, 0x2F, 0x00, 0x00, 0x01, 0xF4, 0x0D, 0x00, 0xFC, 0x00, 0x00, 0x0B, 0xC0, 0xE0, 0x03, 0xE0,
    0x00, 0x00, 0x3F, 0x0A, 0x00, 0x1F, 0x40, 0x00, 0x00, 0xF8, 0xB0, 0x00, 0xBC, 0x00, 0x00, 0x07,
    0xD7, 0x00, 0x03, 0xF0, 0x00, 0x00, 0x2F, 0x70, 0x00, 0x0F, 0x80, 0x00, 0x00, 0xFF, 0x40, 0x00,
    0x3D, 0x00, 0x00, 0x03, 0xF4, 0x00, 0x01, 0xF0, 0x00, 0x00, 0x1F, 0x80, 0x00, 0x0F, 0xC0, 0x00,
    0x00, 0xFD, 0x00, 0x00, 0x7F, 0x00, 0x00, 0xFF, 0xFF, 0x80, 0x3F, 0xFF, 0xF0, 0x00, 0x00, 0x00,
    0x00, 0x00, 0x0B, 0xC0, 0x00, 0x00, 0x00, 0x00, 0x00, 0x0E, 0x00, 0x00, 0x00, 0x00, 0x00, 0x00,
    0x24, 0x00, 0x00, 0x00, 0x00, 0x00, 0x00, 0xD0, 0x00, 0x00, 0x00, 0x00, 0x00, 0x03, 0x00, 0x00,
    0x00, 0x00, 0x00, 0x00, 0x0C, 0x00, 0x00, 0x00, 0x00, 0xB8, 0x00, 0x00, 0x00, 0x7F, 0x00, 0x10,
    0x00, 0x2F, 0x00, 0x24, 0x00, 0x07, 0x40, 0x74, 0x00, 0x00, 0x6F, 0xE0, 0x00, 0x00, 0x00, 0x00,
    0x00, 0x2F, 0x40, 0x00, 0x40, 0x38, 0xB0, 0x00, 0x3C, 0x18, 0x2D, 0x00, 0x2E, 0x0C, 0x0F, 0x40,
    0x0F, 0x42, 0x03, 0xC0, 0x03, 0xC0, 0x01, 0xE0, 0x01, 0xF0, 0x00, 0xF4, 0x00, 0xB8, 0x00, 0x3C,
    0x00, 0x3D, 0x00, 0x1E, 0x00, 0x0F, 0x00, 0x0B, 0x40, 0x07, 0xC0, 0x03, 0xC0, 0x02, 0xE0, 0x00,
    0xF0, 0x00, 0xF4, 0x00, 0x2D, 0x00, 0xBC, 0x08, 0x03, 0xC1, 0xDB, 0x0D, 0x00, 0x2F, 0xD0, 0xBA,
    0x40, 0x00, 0x00, 0x00, 0xA0, 0x00, 0x00, 0x00, 0x2C, 0x00, 0x00, 0x00, 0x0F, 0x00, 0x00, 0x00,
    0x07, 0xC0, 0x00, 0x00, 0x07, 0xD0, 0x00, 0x00, 0x03, 0x80, 0x00, 0x00, 0x01, 0x00, 0x00, 0x0F,
    0xFF, 0xF4, 0x00, 0x00, 0x00, 0x0B, 0xE0, 0x00, 0x00, 0x00, 0x00, 0xBC, 0x00, 0x00, 0x00, 0xFF,
    0xFF, 0xFF, 0xFF, 0xFC, 0x00, 0x00, 0xFF, 0xFF, 0xFF, 0x00, 0x00, 0x1F, 0x40, 0x00, 0x00, 0x00,
    0x02, 0xF0, 0x00, 0x00, 0x00, 0x00, 0x3F, 0x00, 0x00, 0x00, 0x00, 0x03, 0xE0, 0x00, 0x00, 0x00,
    0x00, 0x7D, 0x00, 0x00, 0x00, 0x00, 0x0B, 0xDA, 0xFF, 0xE0, 0x00, 0x00, 0xFE, 0x40, 0x1F, 0xC0,
    0x00, 0x0F, 0x80, 0x00, 0x3F, 0x00, 0x01, 0xF4, 0x00, 0x02, 0xF4, 0x00, 0x2F, 0x00, 0x00, 0x1F,
    0x80, 0x03, 0xF0, 0x00, 0x01, 0xF8, 0x00, 0x3E, 0x00, 0x00, 0x2F, 0x80, 0x03, 0xD0, 0x00, 0x03,
    0xF0, 0x00, 0x7C, 0x00, 0x00, 0x7E, 0x00, 0x0B, 0xC0, 0x00, 0x0F, 0xC0, 0x00, 0xF8, 0x00, 0x03,
    0xF4, 0x00, 0x1F, 0x40, 0x01, 0xFC, 0x00, 0x7F, 0xFF, 0xFF, 0xF9, 0x00, 0x00, 0x06, 0xFC, 0x00,
    0x00, 0x6F, 0x00, 0x00, 0x07, 0x80, 0x00, 0x02, 0xD0, 0x00, 0x00, 0xF0, 0x00, 0x00, 0x3C, 0x00,
    0x03, 0xFF, 0xFF, 0xD0, 0x0B, 0x40, 0x00, 0x03, 0xC0, 0x00, 0x00, 0xF0, 0x00, 0x00, 0x78, 0x00,
    0x00, 0x2D, 0x7F, 0xD0, 0x0F, 0xE0, 0x1F, 0x03, 0xD0, 0x02, 0xE1, 0xE0, 0x00, 0xBC, 0xB4, 0x00,
    0x2F, 0x3C, 0x00, 0x0F, 0x8F, 0x00, 0x07, 0xC2, 0xC0, 0x03, 0xD0, 0x3C, 0x07, 0xD0, 0x02, 0xFF,
    0x40, 0x00, 0x00, 0x1F, 0xFF, 0xFF, 0xF8, 0x00, 0x00, 0x03, 0xF0, 0x00, 0x7D, 0x00, 0x00, 0x0F,
    0x80, 0x00, 0x7D, 0x00, 0x00, 0x3D, 0x00, 0x00, 0xFC, 0x00, 0x01, 0xF4, 0x00, 0x03, 0xF0, 0x00,
    0x0B, 0xC0, 0x00, 0x0F, 0xC0, 0x00, 0x3F, 0x00, 0x00, 0x3F, 0x00, 0x00, 0xF8, 0x00, 0x01, 0xF8,
    0x00, 0x07, 0xD0, 0xA0, 0x0F, 0xC0, 0x00, 0x2F, 0x00, 0xD0, 0x7D, 0x00, 0x00, 0xFC, 0x00, 0xD7,
    0xD0, 0x00, 0x03, 0xE0, 0x02, 0xFC, 0x00, 0x00, 0x1F, 0xFF, 0xFF, 0xC0, 0x00, 0x00, 0xBC, 0x00,
    0x02, 0x80, 0x00, 0x03, 0xF0, 0x00, 0x03, 0x80, 0x00, 0x0F, 0x80, 0x00, 0x03, 0x40, 0x00, 0x7D,
    0x00, 0x00, 0x00, 0x00, 0x02, 0xF0, 0x00, 0x00, 0x00, 0x00, 0x0F, 0xC0, 0x00, 0x00, 0x00, 0x00,
    0x3E, 0x00, 0x00, 0x00, 0x00, 0x01, 0xF4, 0x00, 0x00, 0x00, 0x00, 0x0F, 0xD0, 0x00, 0x00, 0x00,
    0x0B, 0xFF, 0xFC, 0x00, 0x00, 0x00, 0x00, 0x00, 0x00, 0x00, 0x00, 0x00, 0x00, 0x00, 0x00, 0x00,
    0x00, 0x07, 0xE0, 0x2F, 0x80, 0x00, 0xD7, 0x4D, 0x0F, 0x00, 0x28, 0x3F, 0x40, 0x78, 0x03, 0x03,
    0xD0, 0x03, 0xC0, 0x20, 0x7C, 0x00, 0x3C, 0x00, 0x0B, 0x80, 0x03, 0xC0, 0x00, 0xF4, 0x00, 0x7C,
    0x00, 0x0F, 0x00, 0x0B, 0xC0, 0x01, 0xF0, 0x34, 0xF8, 0x00, 0x2E, 0x01, 0xDF, 0x00, 0x03, 0xD0,
    0x07, 0xE0, 0x00, 0x3C, 0x00, 0x3C, 0x00, 0x07, 0xD0, 0x0F, 0xB0, 0x00, 0xBB, 0x43, 0xC3, 0x80,
    0x0F, 0x4F, 0xE0, 0x0C, 0x00, 0xF0, 0x00, 0x00, 0x00, 0x1F, 0x00, 0x00, 0x00, 0x02, 0xE0, 0x00,
    0x00, 0x00, 0x3D, 0x00, 0x00, 0x00, 0x07, 0xC0, 0x00, 0x00, 0x07, 0xFF, 0xC0, 0x00, 0x00, 0x00,
    0x00, 0x00, 0x00, 0x00, 0x00, 0x00, 0x00, 0x00, 0x00, 0x01, 0x00, 0x00, 0x00, 0x00, 0x00, 0x00,
    0xC0, 0x00, 0x00, 0x00, 0x00, 0x00, 0xA0, 0x00, 0x00, 0x00, 0x00, 0x00, 0x30, 0x00, 0x00, 0x00,
    0x00, 0x00, 0x2C, 0x00, 0x00, 0x00, 0x00, 0x00, 0x1D, 0x00, 0x00, 0x00, 0x00, 0x00, 0x6F, 0x00,
    0x00, 0x7F, 0xFF, 0xFF, 0xFF, 0x80, 0x00, 0x00, 0xFC, 0x00, 0x00, 0x00, 0x00, 0x00, 0x3F, 0x00,
    0x00, 0x00, 0x00, 0x00, 0x0F, 0x80, 0x00, 0x00, 0x00, 0x00, 0x07, 0xD0, 0x00, 0x00, 0x00, 0x00,
    0x02, 0xF0, 0x00, 0x00, 0x00, 0x00, 0x00, 0xFC, 0x00, 0x00, 0x00, 0x00, 0x00, 0x3E, 0x00, 0x00,
    0x00, 0x00, 0x00, 0x1F, 0x40, 0x00, 0x00, 0x00, 0x00, 0x0B, 0xC0, 0x00, 0x00, 0x00, 0x00, 0x03,
    0xF0, 0x00, 0x00, 0x00, 0x00, 0x00, 0xF8, 0x00, 0x00, 0x00, 0x00, 0x00, 0x7D, 0x00, 0x00, 0x00,
    0x00, 0x00, 0x2F, 0x00, 0x00, 0x00, 0x00, 0x00, 0x0F, 0xC0, 0x00, 0x00, 0x00, 0x00, 0x03, 0xE0,
    0x00, 0x00, 0x00, 0x00, 0x01, 0xF4, 0x00, 0x00, 0x00, 0x00, 0x00, 0xBC, 0x00, 0x00, 0x00, 0x00,
    0x00, 0x3F, 0x00, 0x00, 0x00, 0x00, 0x00, 0x0F, 0x80, 0x00, 0x00, 0x00, 0x00, 0x07, 0xD0, 0x00,
    0x00, 0x00, 0x00, 0x03, 0xF4, 0x00, 0x00, 0x00, 0x00, 0x3F, 0xFF, 0xF8, 0x00, 0x00, 0x00, 0x00,
    0x00, 0x00, 0x00, 0x00, 0x0F, 0x00, 0x00, 0x00, 0x00, 0x0B, 0xC0, 0x00, 0x00, 0x00, 0x03, 0xF0,
    0x00, 0x00, 0x00, 0x00, 0xF8, 0x00, 0x00, 0x00, 0x00, 0x7D, 0x00, 0x00, 0x00, 0x00, 0x3F, 0x00,
    0x00, 0x03, 0xFF, 0xFF, 0x80, 0x00, 0x01, 0xF0, 0x00, 0x00, 0x00, 0x00, 0xB8, 0x00, 0x00, 0x00,
    0x00, 0x3D, 0x00, 0x00, 0x00, 0x00, 0x0F, 0x00, 0x00, 0x00, 0x00, 0x07, 0xC0, 0x00, 0x00, 0x00,
    0x02, 0xE0, 0x00, 0x00, 0x00, 0x00, 0xF4, 0x00, 0x00, 0x00, 0x00, 0x3C, 0x00, 0x00, 0x00, 0x00,
    0x1E, 0x00, 0x00, 0x00, 0x38, 0x0F, 0x40, 0x00, 0x00, 0x2F, 0x07, 0x80, 0x00, 0x00, 0x0B, 0x4B,
    0x80, 0x00, 0x00, 0x00, 0xBF, 0x40, 0x00, 0x00, 0x00, 0x00, 0x1F, 0xFF, 0xFF, 0xFF, 0xC0, 0x00,
    0x0F, 0xC0, 0x00, 0xBC, 0x00, 0x00, 0xF8, 0x00, 0x02, 0xC0, 0x00, 0x0F, 0x80, 0x00, 0x1C, 0x00,
    0x01, 0xF4, 0x00, 0x01, 0x80, 0x00, 0x2F, 0x00, 0x00, 0x18, 0x00, 0x03, 0xF0, 0x00, 0x02, 0x40,
    0x00, 0x3E, 0x00, 0x00, 0x00, 0x00, 0x07, 0xD0, 0x00, 0x00, 0x00, 0x00, 0xBC, 0x00, 0x00, 0x00,
    0x00, 0x0F, 0xC0, 0x00, 0x00, 0x00, 0xFF, 0xFF, 0xF8, 0x00, 0x00, 0x00, 0x1F, 0x40, 0x00, 0x00,
    0x00, 0x02, 0xF0, 0x00, 0x00, 0x00, 0x00, 0x3F, 0x00, 0x00, 0x00, 0x00, 0x03, 0xE0, 0x00, 0x00,
    0x00, 0x00, 0x7D, 0x00, 0x00, 0x00, 0x00, 0x0B, 0xC0, 0x00, 0x00, 0x00, 0x00, 0xFC, 0x00, 0x00,
    0x00, 0x00, 0x0F, 0x80, 0x00, 0x00, 0x00, 0x01, 0xF4, 0x00, 0x00, 0x00, 0x00, 0x3F, 0x40, 0x00,
    0x00, 0x00, 0xFF, 0xFF, 0xD0, 0x00, 0x00, 0x00, 0x00, 0x00, 0x00, 0x00, 0x00, 0x00, 0x6F, 0xD0,
    0x03, 0xD0, 0x78, 0x0D, 0x00, 0x3C, 0x24, 0x00, 0x3C, 0x00, 0x00, 0xB8, 0x00, 0x07, 0xF0, 0x7F,
    0xFF, 0xFC, 0x02, 0xFE, 0x00, 0x0F, 0xD0, 0x00, 0x3E, 0x00, 0x00, 0xB8, 0x00, 0x10, 0xB4, 0x00,
    0x30, 0xB4, 0x01, 0xD0, 0x3C, 0x0B, 0x40, 0x0B, 0xF4, 0x00, 0x00, 0x1F, 0xFF, 0xFF, 0xFF, 0xC0,
    0x00, 0x0F, 0xC0, 0x00, 0xBC, 0x00, 0x00, 0xFC, 0x00, 0x02, 0xC0, 0x00, 0x0F, 0x80, 0x00, 0x1C,
    0x00, 0x01, 0xF4, 0x00, 0x01, 0x80, 0x00, 0x2F, 0x00, 0x00, 0x18, 0x00, 0x03, 0xF0, 0x00, 0x01,
    0x40, 0x00, 0x3E, 0x00, 0x00, 0x00, 0x00, 0x07, 0xD0, 0x00, 0x00, 0x00, 0x00, 0xBC, 0x00, 0x00,
    0x00, 0x00, 0x0F, 0xC0, 0x00, 0x00, 0x00, 0x00, 0xFF, 0xFF, 0xE0, 0x00, 0x00, 0x1F, 0x40, 0x1B,
    0xE0, 0x00, 0x02, 0xF0, 0x00, 0x2F, 0x80, 0x00, 0x3F, 0x00, 0x00, 0xFC, 0x00, 0x03, 0xE0, 0x00,
    0x0B, 0xE0, 0x00, 0x7D, 0x00, 0x00, 0x7E, 0x00, 0x0B, 0xC0, 0x00, 0x07, 0xE0, 0x00, 0xFC, 0x00,
    0x00, 0x7E, 0x00, 0x0F, 0x80, 0x00, 0x0B, 0xE0, 0x01, 0xF4, 0x00, 0x00, 0xFD, 0x00, 0x3F, 0x40,
    0x00, 0x0F, 0xC0, 0xFF, 0xFF, 0xE0, 0x01, 0xF8, 0x00, 0x00, 0x00, 0x00, 0x3F, 0x40, 0x00, 0x00,
    0x00, 0x07, 0xE0, 0x00, 0x00, 0x00, 0x00, 0xFC, 0x00, 0x00, 0x01, 0xF0, 0x1F, 0x40, 0x00, 0x00,
    0x3F, 0x07, 0xD0, 0x00, 0x00, 0x03, 0xD1, 0xF4, 0x00, 0x00, 0x00, 0x0B, 0xF8, 0x00, 0x00, 0x02,
    0xFF, 0xFF, 0x80, 0xF4, 0x00, 0x00, 0x3C, 0x00, 0x00, 0x1F, 0x00, 0x00, 0x0B, 0x80, 0x00, 0x03,
    0xD0, 0x00, 0x00, 0xFB, 0xE4, 0x00, 0x7C, 0x07, 0xD0, 0x2E, 0x00, 0x3C, 0x0F, 0x40, 0x0B, 0x83,
    0xC0, 0x02, 0xD1, 0xF0, 0x00, 0xF0, 0xB4, 0x00, 0x3C, 0x2C, 0x00, 0x1E, 0x00, 0x00, 0x0B, 0x40,
    0x00, 0x03, 0xC0, 0x00, 0x01, 0xF0, 0x02, 0xC0, 0xF4, 0x01, 0xF4, 0x7C, 0x00, 0x78, 0x7C, 0x00,
    0x07, 0xF4, 0x00, 0x00, 0x00, 0x0F, 0xFF, 0x80, 0x0F, 0xFF, 0xF8, 0x00, 0xBF, 0xF8, 0x00, 0x07,
    0xF4, 0x00, 0x01, 0xFC, 0x00, 0x00, 0xBE, 0x00, 0x00, 0x03, 0xC0, 0x00, 0x07, 0xD0, 0x00, 0x03,
    0xC0, 0x00, 0x00, 0x03, 0x40, 0x00, 0x1F, 0x00, 0x00, 0x38, 0x00, 0x00, 0x00, 0x07, 0x00, 0x00,
    0xBC, 0x00, 0x03, 0x40, 0x00, 0x00, 0x00, 0x0A, 0x00, 0x03, 0xE0, 0x00, 0x70, 0x00, 0x00, 0x00,
    0x00, 0x0D, 0x00, 0x0F, 0x40, 0x07, 0x00, 0x00, 0x00, 0x00, 0x00, 0x1C, 0x00, 0x7C, 0x00, 0xB0,
    0x00, 0x00, 0x00, 0x00, 0x00, 0x2C, 0x02, 0xF0, 0x0A, 0x00, 0x00, 0x00, 0x00, 0x00, 0x00, 0xB4,
    0x0F, 0x80, 0xF4, 0x00, 0x00, 0x00, 0x00, 0x00, 0x0B, 0xF0, 0x3D, 0x0F, 0xE0, 0x00, 0x00, 0x00,
    0x00, 0x00, 0x7D, 0xB1, 0xF1, 0xCF, 0xC0, 0x00, 0x00, 0x00, 0x00, 0x07, 0xE0, 0xDB, 0xDC, 0x1F,
    0x40, 0x00, 0x00, 0x00, 0x00, 0x3E, 0x00, 0xFF, 0x80, 0x3F, 0x00, 0x00, 0x00, 0x00, 0x03, 0xF0,
    0x02, 0xF8, 0x00, 0xBC, 0x00, 0x00, 0x00, 0x00, 0x3F, 0x00, 0x07, 0xC0, 0x01, 0xF8, 0x00, 0x00,
    0x00, 0x02, 0xF0, 0x00, 0x2F, 0x00, 0x03, 0xF0, 0x00, 0x00, 0x00, 0x2F, 0x40, 0x00, 0xF8, 0x00,
    0x0B, 0xC0, 0x00, 0x00, 0x01, 0xF4, 0x00, 0x03, 0xD0, 0x00, 0x0F, 0x80, 0x00, 0x00, 0x1F, 0x80,
    0x00, 0x1F, 0x00, 0x00, 0x3F, 0x00, 0x00, 0x00, 0xFC, 0x00, 0x00, 0xBC, 0x00, 0x00, 0x7D, 0x00,
    0x00, 0x1F, 0xD0, 0x00, 0x07, 0xF0, 0x00, 0x00, 0xFC, 0x00, 0x0B, 0xFF, 0xE0, 0x03, 0xFF, 0xFD,
    0x00, 0x3F, 0xFF, 0x00, 0x00, 0x00, 0x00, 0x00, 0x00, 0x00, 0x00, 0x00, 0x7C, 0x00, 0x00, 0x00,
    0x00, 0x00, 0x00, 0x00, 0x00, 0x00, 0xA0, 0x00, 0x00, 0x00, 0x00, 0x00, 0x00, 0x00, 0x00, 0x02,
    0x80, 0x00, 0x00, 0x00, 0x00, 0x00, 0x00, 0x00, 0x00, 0x09, 0x00, 0x00, 0x00, 0x00, 0x00, 0x00,
    0x00, 0x00, 0x00, 0x24, 0x00, 0x00, 0x00, 0x00, 0x00, 0x00, 0x00, 0x00, 0x00, 0x80, 0x00, 0x00,
    0x00, 0x00, 0x00, 0x00, 0x00, 0x00, 0x00, 0x00, 0x00, 0x00, 0x2F, 0xE0, 0x00, 0x1C, 0x00, 0x06,
    0xFD, 0x00, 0x38, 0x1F, 0x00, 0x0F, 0x00, 0x0B, 0x80, 0xD0, 0x34, 0x01, 0xE0, 0x03, 0xC0, 0x0F,
    0x40, 0x7C, 0x34, 0x00, 0x3C, 0x01, 0xE0, 0x0F, 0x80, 0x3E, 0x18, 0x00, 0x0F, 0x00, 0xB4, 0x0B,
    0xC0, 0x0B, 0x04, 0x00, 0x03, 0xC0, 0x3C, 0x03, 0xD0, 0x00, 0x00, 0x00, 0x01, 0xFF, 0xFF, 0xFF,
    0xF0, 0x00, 0x00, 0x00, 0x00, 0xBC, 0x07, 0x80, 0xFC, 0x00, 0x00, 0x00, 0x00, 0x3E, 0x02, 0xD0,
    0x3E, 0x00, 0x00, 0x00, 0x00, 0x0F, 0x40, 0xF0, 0x0F, 0x40, 0x00, 0x03, 0xC0, 0x0B, 0xC0, 0x3C,
    0x03, 0xD0, 0x00, 0x02, 0xF0, 0x07, 0xC0, 0x1E, 0x00, 0xB4, 0x00, 0x0B, 0xB8, 0x03, 0xC0, 0x0B,
    0x80, 0x1E, 0x00, 0x0B, 0x8D, 0x07, 0xC0, 0x03, 0xD0, 0x02, 0xD0, 0x2E, 0x91, 0xFF, 0x40, 0x00,
    0xF0, 0x00, 0x1F, 0xF8, 0x30, 0x00, 0x00, 0x00, 0x00, 0x00, 0x00, 0x00, 0x0D, 0x00, 0x00, 0x00,
    0x00, 0x00, 0x00, 0x00, 0x03, 0x80, 0x00, 0x00, 0x00, 0x00, 0x00, 0x00, 0x01, 0xE0, 0x00, 0x00,
    0x00, 0x00, 0x00, 0x00, 0x00, 0xF4, 0x00, 0x00, 0x00, 0x00, 0x00, 0x00, 0x00, 0xF4, 0x00, 0x00,
    0x00, 0x00, 0x00, 0x00, 0x00, 0x90, 0x00, 0x00, 0x00, 0x00, 0x00, 0x00, 0x00, 0x00, 0x00, 0x00,
    0x24, 0x1B, 0xFE, 0x00, 0x00, 0xFB, 0x90, 0x2F, 0x40, 0x03, 0xF0, 0x00, 0x2F, 0x00, 0x1E, 0x00,
    0x00, 0x7E, 0x00, 0xB0, 0x00, 0x00, 0xF8, 0x03, 0x40, 0x00, 0x07, 0xE0, 0x0C, 0x00, 0x00, 0x3F,
    0x00, 0x00, 0x00, 0x02, 0xF4, 0x00, 0x00, 0x00, 0x1F, 0x40, 0x00, 0x00, 0x07, 0xE0, 0x00, 0x00,
    0x3F, 0xF8, 0x00, 0x00, 0x00, 0x00, 0x7D, 0x00, 0x00, 0x00, 0x00, 0x3E, 0x00, 0x00, 0x00, 0x00,
    0xBC, 0x00, 0x00, 0x00, 0x01, 0xF8, 0x00, 0x00, 0x00, 0x07, 0xE0, 0x30, 0x00, 0x00, 0x2F, 0x81,
    0x80, 0x00, 0x00, 0xFC, 0x06, 0x00, 0x00, 0x07, 0xE0, 0x0C, 0x00, 0x00, 0x3F, 0x00, 0x38, 0x00,
    0x07, 0xF0, 0x00, 0x3D, 0x01, 0xBE, 0x00, 0x00, 0x1F, 0xFE, 0x40, 0x00, 0x00, 0x07, 0xC0, 0x00,
    0x00, 0x00, 0x1F, 0x00, 0x00, 0x00, 0x00, 0x0F, 0x00, 0x00, 0x00, 0x00, 0x2D, 0x00, 0x00, 0x00,
    0x00, 0xF4, 0x00, 0x00, 0x00, 0x1F, 0x80, 0x00, 0x00, 0x3F, 0xE4, 0x00, 0x00, 0x00, 0x00, 0x00,
    0x00, 0x00, 0x00, 0x00, 0x07, 0xFE, 0x00, 0x00, 0xF4, 0x1F, 0x40, 0x0D, 0x00, 0x2F, 0x00, 0x20,
    0x00, 0xBC, 0x00, 0x00, 0x03, 0xD0, 0x00, 0x00, 0x7D, 0x00, 0x03, 0xFF, 0xC0, 0x00, 0x00, 0x07,
    0xC0, 0x00, 0x00, 0x07, 0x80, 0x38, 0x00, 0x1F, 0x03, 0xF0, 0x00, 0xBC, 0x0F, 0x40, 0x03, 0xE0,
    0x24, 0x00, 0x2F, 0x00, 0x34, 0x02, 0xE0, 0x00, 0x2F, 0xF8, 0x00, 0x00, 0x2E, 0x00, 0x00, 0x00,
    0xF4, 0x00, 0x00, 0x00, 0xB8, 0x00, 0x00, 0x00, 0xF0, 0x00, 0x00, 0x03, 0xC0, 0x00, 0x00, 0x7D,
    0x00, 0x01, 0xFF, 0x80, 0x00, 0x00, 0x00, 0x00, 0x00, 0x00, 0x00, 0x1F, 0xFF, 0xF0, 0x01, 0xFF,
    0xF0, 0x00, 0x03, 0xF4, 0x00, 0x01, 0xFD, 0x00, 0x00, 0x0F, 0xC0, 0x00, 0x0B, 0x40, 0x00, 0x00,
    0x3E, 0x00, 0x00, 0xB0, 0x00, 0x00, 0x01, 0xF4, 0x00, 0x0A, 0x00, 0x00, 0x00, 0x0B, 0xC0, 0x00,
    0xE0, 0x00, 0x00, 0x00, 0x3F, 0x00, 0x0D, 0x00, 0x00, 0x00, 0x00, 0xF8, 0x00, 0xD0, 0x00, 0x00,
    0x00, 0x07, 0xD0, 0x1C, 0x00, 0x00, 0x00, 0x00, 0x2F, 0x01, 0xE0, 0x00, 0x00, 0x00, 0x00, 0xFC,
    0x2F, 0xC0, 0x00, 0x00, 0x00, 0x03, 0xE2, 0x9F, 0x40, 0x00, 0x00, 0x00, 0x1F, 0x74, 0x3F, 0x00,
    0x00, 0x00, 0x00, 0xBF, 0x40, 0xBC, 0x00, 0x00, 0x00, 0x03, 0xF0, 0x01, 0xF8, 0x00, 0x00, 0x00,
    0x0F, 0x80, 0x03, 0xF0, 0x00, 0x00, 0x00, 0x7D, 0x00, 0x0B, 0xD0, 0x00, 0x00, 0x02, 0xF0, 0x00,
    0x0F, 0x80, 0x00, 0x00, 0x0F, 0xC0, 0x00, 0x3F, 0x00, 0x00, 0x00, 0x3E, 0x00, 0x00, 0x7D, 0x00,
    0x00, 0x01, 0xF4, 0x00, 0x00, 0xF8, 0x00, 0x00, 0x0F, 0xD0, 0x00, 0x03, 0xF4, 0x00, 0x0F, 0xFF,
    0xF8, 0x00, 0xFF, 0xFD, 0x00, 0x00, 0x00, 0x00, 0x00, 0x00, 0xF0, 0x00, 0x00, 0x00, 0x00, 0x00,
    0x01, 0xC0, 0x00, 0x00, 0x00, 0x00, 0x00, 0x03, 0x00, 0x00, 0x00, 0x00, 0x00, 0x00, 0x0C, 0x00,
    0x00, 0x00, 0x00, 0x00, 0x00, 0x60, 0x00, 0x00, 0x00, 0x00, 0x00, 0x01, 0x80, 0x00, 0x00, 0x00,
    0x00, 0x00, 0x00, 0x00, 0x00, 0x03, 0xE0, 0x00, 0xBD, 0x03, 0x4D, 0x00, 0xE3, 0xC1, 0x83, 0xC0,
    0xC1, 0xF0, 0xC1, 0xF0, 0x90, 0x78, 0x30, 0x78, 0x90, 0x00, 0x04, 0x2D, 0x90, 0x00, 0x00, 0x0F,
    0xE0, 0x00, 0x00, 0x03, 0xEF, 0xD0, 0x00, 0x01, 0xE0, 0x7C, 0x00, 0x00, 0xB4, 0x0B, 0x40, 0x00,
    0x3C, 0x02, 0xD0, 0x00, 0x0F, 0x00, 0xF0, 0x00, 0x07, 0x80, 0x2C, 0x08, 0x02, 0xD0, 0x07, 0x4B,
    0x00, 0xB0, 0x00, 0xBE, 0x80, 0x00, 0x00, 0x00, 0x70, 0x00, 0x00, 0x00, 0x1C, 0x00, 0x00, 0x00,
    0x0B, 0x00, 0x00, 0x00, 0x07, 0xC0, 0x00, 0x00, 0x03, 0xD0, 0x00, 0x00, 0x03, 0x80, 0x00, 0x00,
    0x00, 0x00, 0x00, 0x00, 0x1F, 0xFF, 0xF0, 0x00, 0x0B, 0xFF, 0x80, 0x00, 0x3F, 0x40, 0x00, 0x00,
    0xFD, 0x00, 0x00, 0x0F, 0xC0, 0x00, 0x00, 0x74, 0x00, 0x00, 0x03, 0xD0, 0x00, 0x00, 0xB0, 0x00,
    0x00, 0x01, 0xF4, 0x08, 0x00, 0xA0, 0x00, 0x00, 0x00, 0xBC, 0x02, 0x01, 0xD0, 0x00, 0x00, 0x00,
    0x3F, 0x01, 0x41, 0xC0, 0x00, 0x00, 0x00, 0x0F, 0x40, 0xC2, 0x80, 0x00, 0x00, 0x00, 0x07, 0xC0,
    0x37, 0x40, 0x00, 0x00, 0x00, 0x02, 0xFF, 0xFF, 0xE0, 0x00, 0x00, 0x00, 0x00, 0xF8, 0x09, 0xFC,
    0x00, 0x00, 0x00, 0x00, 0x3E, 0x02, 0x2F, 0x40, 0x00, 0x00, 0x00, 0x1F, 0x40, 0xC3, 0xF0, 0x00,
    0x00, 0x00, 0x0B, 0xC0, 0x30, 0xBD, 0x00, 0x00, 0x00, 0x03, 0xF0, 0x14, 0x1F, 0x80, 0x00, 0x00,
    0x00, 0xF8, 0x00, 0x03, 0xF0, 0x00, 0x00, 0x00, 0x7D, 0x00, 0x00, 0x7E, 0x00, 0x00, 0x00, 0x2F,
    0x00, 0x00, 0x0F, 0xC0, 0x00, 0x00, 0x0F, 0x80, 0x00, 0x02, 0xF4, 0x00, 0x00, 0x03, 0xD0, 0x00,
    0x00, 0x3E, 0x00, 0x00, 0x01, 0xF0, 0x00, 0x00, 0x0F, 0xC0, 0x00, 0x00, 0xFD, 0x00, 0x00, 0x03,
    0xFC, 0x00, 0x0B, 0xFF, 0xF8, 0x00, 0x0B, 0xFF, 0xE0, 0x00, 0x07, 0xE0, 0x00, 0x0B, 0xD0, 0xD7,
    0x80, 0x02, 0x5F, 0x28, 0x3C, 0x00, 0x62, 0xD3, 0x03, 0xC1, 0x08, 0x00, 0x30, 0x78, 0x22, 0x00,
    0x00, 0x0B, 0x43, 0x90, 0x00, 0x00, 0xFF, 0xFD, 0x00, 0x00, 0x0F, 0x09, 0xB4, 0x00, 0x01, 0xE0,
    0xC3, 0xC0, 0x00, 0x2D, 0x08, 0x3C, 0x00, 0x03, 0xC0, 0x03, 0xC0, 0x80, 0x3C, 0x00, 0x3C, 0x0C,
    0x07, 0x80, 0x03, 0xC1, 0x80, 0xB4, 0x00, 0x2C, 0x30, 0x0B, 0x00, 0x00, 0xBC, 0x00, 0x00, 0x1F,
    0xFF, 0xF0, 0x01, 0xFF, 0xF0, 0x00, 0x03, 0xF4, 0x00, 0x01, 0xF8, 0x00, 0x00, 0x0F, 0xC0, 0x00,
    0x0B, 0x40, 0x00, 0x00, 0x3E, 0x00, 0x00, 0xA0, 0x00, 0x00, 0x01, 0xF0, 0x00, 0x0A, 0x00, 0x00,
    0x0B, 0xFF, 0xFF, 0x80, 0xD0, 0x00, 0x00, 0x00, 0x3E, 0x00, 0x0C, 0x00, 0x00, 0x00, 0x01, 0xF4,
    0x01, 0xC0, 0x00, 0x00, 0x00, 0x07, 0xC0, 0x1C, 0x00, 0x00, 0x00, 0x00, 0x2F, 0x02, 0xE0, 0x00,
    0x00, 0x00, 0x00, 0xFC, 0x2F, 0xC0, 0x00, 0x00, 0x00, 0x03, 0xE2, 0x5F, 0x40, 0x00, 0x00, 0x00,
    0x1F, 0x74, 0x3F, 0x00, 0x00, 0x00, 0x00, 0xBF, 0x40, 0xBC, 0x00, 0x00, 0x00, 0x03, 0xF0, 0x01,
    0xF8, 0x00, 0x00, 0x00, 0x0F, 0x80, 0x03, 0xF0, 0x00, 0x00, 0x00, 0x7D, 0x00, 0x0B, 0xD0, 0x00,
    0x00, 0x02, 0xF0, 0x00, 0x0F, 0x80, 0x00, 0x00, 0x0F, 0xC0, 0x00, 0x3F, 0x00, 0x00, 0x00, 0x3E,
    0x00, 0x00, 0x7D, 0x00, 0x00, 0x01, 0xF4, 0x00, 0x00, 0xFC, 0x00, 0x00, 0x0F, 0xD0, 0x00, 0x07,
    0xF4, 0x00, 0x0F, 0xFF, 0xFC, 0x00, 0xFF, 0xFC, 0x00, 0x00, 0x02, 0xFF, 0x00, 0x00, 0x00, 0xBC,
    0x00, 0x00, 0x02, 0xE0, 0x00, 0x00, 0x0F, 0x40, 0x00, 0x0B, 0xFF, 0xF4, 0x00, 0x01, 0xF0, 0x00,
    0x00, 0x0B, 0x80, 0x00, 0x00, 0x3D, 0x00, 0x00, 0x00, 0xF0, 0x07, 0xE0, 0x07, 0xC0, 0xA2, 0xD0,
    0x2E, 0x0A, 0x0F, 0x40, 0xF4, 0x60, 0x3C, 0x03, 0xC6, 0x00, 0x00, 0x1F, 0x60, 0x00, 0x00, 0xBF,
    0x40, 0x00, 0x03, 0xEF, 0xD0, 0x00, 0x0F, 0x03, 0xD0, 0x00, 0x7C, 0x07, 0xC0, 0x02, 0xE0, 0x1E,
    0x03, 0x0F, 0x40, 0x78, 0x18, 0x3C, 0x01, 0xD0, 0xD1, 0xF0, 0x03, 0x8A, 0x07, 0x40, 0x07, 0xE0,
    0x00, 0x03, 0xFF, 0xFF, 0xFF, 0x80, 0x0F, 0xFF, 0x81, 0xF4, 0x02, 0xFC, 0x00, 0x00, 0xFD, 0x00,
    0xB0, 0x00, 0xBD, 0x00, 0x00, 0x38, 0x00, 0x34, 0x00, 0x2F, 0x00, 0x00, 0x34, 0x00, 0x1C, 0x00,
    0x0F, 0xC0, 0x00, 0x70, 0x00, 0x09, 0x00, 0x03, 0xE0, 0x00, 0x70, 0x00, 0x03, 0x00, 0x01, 0xF4,
    0x00, 0xA0, 0x00, 0x00, 0x40, 0x00, 0xBC, 0x00, 0xA0, 0x00, 0x00, 0x00, 0x00, 0x3F, 0x00, 0xD0,
    0x00, 0x00, 0x00, 0x00, 0x0F, 0x80, 0xF0, 0x00, 0x00, 0x00, 0x00, 0x07, 0xD0, 0xFD, 0x00, 0x00,
    0x00, 0x00, 0x02, 0xF1, 0xCF, 0xC0, 0x00, 0x00, 0x00, 0x00, 0xFD, 0x82, 0xF0, 0x00, 0x00, 0x00,
    0x00, 0x3F, 0x80, 0x3E, 0x00, 0x00, 0x00, 0x00, 0x1F, 0x80, 0x0F, 0xC0, 0x00, 0x00, 0x00, 0x0B,
    0xC0, 0x02, 0xF4, 0x00, 0x00, 0x00, 0x03, 0xF0, 0x00, 0x3E, 0x00, 0x00, 0x00, 0x00, 0xF8, 0x00,
    0x0F, 0xC0, 0x00, 0x00, 0x00, 0x7D, 0x00, 0x01, 0xF4, 0x00, 0x00, 0x00, 0x2F, 0x00, 0x00, 0x3F,
    0x00, 0x00, 0x00, 0x0F, 0xC0, 0x00, 0x0B, 0xC0, 0x00, 0x00, 0x07, 0xE0, 0x00, 0x03, 0xF8, 0x00,
    0x00, 0x7F, 0xFF, 0xC0, 0x0B, 0xFF, 0xE0, 0x00, 0x0F, 0xFF, 0xF0, 0x02, 0xF4, 0x2E, 0x00, 0xF0,
    0x1D, 0x7C, 0x3D, 0x00, 0xF0, 0x70, 0xBC, 0x3C, 0x01, 0xE0, 0xC0, 0x74, 0x38, 0x02, 0xD2, 0x00,
    0x00, 0x00, 0x03, 0xD8, 0x00, 0x00, 0x00, 0x03, 0xF8, 0x00, 0x00, 0x00, 0x07, 0xEF, 0xC0, 0x00,
    0x00, 0x0B, 0x82, 0xF0, 0x00, 0x00, 0x0F, 0x40, 0xF4, 0x00, 0x00, 0x0F, 0x00, 0xF0, 0x24, 0x00,
    0x1F, 0x00, 0xF0, 0x30, 0x00, 0x2E, 0x00, 0xF0, 0x60, 0x00, 0x3D, 0x00, 0xB0, 0xC0, 0x00, 0x3C,
    0x00, 0x2F, 0x40, 0x00, 0x1F, 0xFF, 0xF0, 0x0F, 0xFF, 0xF8, 0x00, 0x03, 0xF8, 0x00, 0x01, 0xFC,
    0x00, 0x00, 0x0F, 0xC0, 0x00, 0x07, 0xD0, 0x00, 0x00, 0x3E, 0x00, 0x00, 0x2F, 0x00, 0x00, 0x01,
    0xF4, 0x00, 0x00, 0xFC, 0x00, 0x00, 0x0B, 0xC0, 0x00, 0x03, 0xE0, 0x00, 0x00, 0x3F, 0x00, 0x00,
    0x1F, 0x40, 0x00, 0x00, 0xF8, 0x00, 0x00, 0x7C, 0x00, 0x00, 0x07, 0xD0, 0x00, 0x02, 0xF0, 0x00,
    0x00, 0x2F, 0x00, 0x00, 0x0F, 0x80, 0x00, 0x00, 0xFC, 0x00, 0x00, 0x3D, 0x00, 0x00, 0x03, 0xFF,
    0xFF, 0xFF, 0xF0, 0x00, 0x00, 0x1F, 0x40, 0x00, 0x0B, 0xC0, 0x00, 0x00, 0xBC, 0x00, 0x00, 0x3E,
    0x00, 0x00, 0x03, 0xF0, 0x00, 0x00, 0xF4, 0x00, 0x00, 0x0F, 0x80, 0x00, 0x07, 0xC0, 0x00, 0x00,
    0x7D, 0x00, 0x00, 0x2F, 0x00, 0x00, 0x02, 0xF0, 0x00, 0x00, 0xF8, 0x00, 0x00, 0x0F, 0xC0, 0x00,
    0x03, 0xD0, 0x00, 0x00, 0x3E, 0x00, 0x00, 0x1F, 0x00, 0x00, 0x01, 0xF4, 0x00, 0x00, 0xBC, 0x00,
    0x00, 0x0F, 0xD0, 0x00, 0x07, 0xF0, 0x00, 0x0F, 0xFF, 0xFC, 0x03, 0xFF, 0xFF, 0x00, 0x00, 0x00,
    0x00, 0x00, 0x00, 0xB8, 0x00, 0x00, 0x00, 0x00, 0x00, 0x00, 0xE0, 0x00, 0x00, 0x00, 0x00, 0x00,
    0x02, 0x40, 0x00, 0x00, 0x00, 0x00, 0x00, 0x0D, 0x00, 0x00, 0x00, 0x00, 0x00, 0x00, 0x30, 0x00,
    0x00, 0x00, 0x00, 0x00, 0x00, 0xC0, 0x00, 0x07, 0xE0, 0x00, 0x04, 0x03, 0x5E, 0x00, 0x07, 0xC2,
    0x83, 0xC0, 0x02, 0xE0, 0xC0, 0xF0, 0x00, 0xF4, 0x30, 0x78, 0x00, 0x3C, 0x00, 0x2D, 0x00, 0x1F,
    0x00, 0x0F, 0xFF, 0xFF, 0x80, 0x03, 0xC0, 0x03, 0xD0, 0x01, 0xE0, 0x00, 0xF0, 0x00, 0xB4, 0x00,
    0x7C, 0x00, 0x3C, 0x00, 0x2E, 0x00, 0x0F, 0x00, 0x0F, 0x40, 0x07, 0x80, 0x03, 0xC0, 0x82, 0xD0,
    0x00, 0xB0, 0xD0, 0xB0, 0x00, 0x0B, 0xA4, 0x00, 0x00, 0x00, 0x0A, 0x00, 0x00, 0x00, 0x02, 0x80,
    0x00, 0x00, 0x00, 0xF0, 0x00, 0x00, 0x00, 0x7C, 0x00, 0x00, 0x00, 0x7D, 0x00, 0x00, 0x00, 0x38,
    0x00, 0x00, 0x00, 0x10, 0x00, 0x00, 0x1F, 0xFF, 0xF0, 0x0F, 0xFF, 0xFF, 0xFF, 0x80, 0x00, 0x3F,
    0x40, 0x00, 0x1F, 0xC0, 0x07, 0xD0, 0x00, 0x0F, 0x80, 0x00, 0x07, 0xD0, 0x00, 0x74, 0x00, 0x03,
    0xD0, 0x00, 0x02, 0xF0, 0x00, 0x0C, 0x00, 0x01, 0xF4, 0x00, 0x00, 0xFC, 0x00, 0x03, 0x00, 0x00,
    0xBC, 0x00, 0x00, 0x3E, 0x00, 0x00, 0xC0, 0x00, 0x3F, 0x00, 0x00, 0x1F, 0x40, 0x00, 0x60, 0x00,
    0x0F, 0x80, 0x00, 0x07, 0xC0, 0x00, 0x14, 0x00, 0x07, 0xD0, 0x00, 0x02, 0xF0, 0x00, 0x00, 0x00,
    0x02, 0xF0, 0x00, 0x00, 0xF8, 0x00, 0x00, 0x00, 0x00, 0xFC, 0x00, 0x00, 0x3D, 0x00, 0x00, 0x00,
    0x00, 0x3F, 0xFF, 0xFF, 0xFF, 0x00, 0x00, 0x00, 0x00, 0x1F, 0x40, 0x00, 0x0B, 0xC0, 0x00, 0x00,
    0x00, 0x0B, 0xC0, 0x00, 0x03, 0xE0, 0x00, 0x00, 0x00, 0x03, 0xF0, 0x00, 0x00, 0xF4, 0x00, 0x00,
    0x00, 0x00, 0xF8, 0x00, 0x00, 0x7C, 0x00, 0x00, 0x00, 0x00, 0x7D, 0x00, 0x00, 0x2F, 0x00, 0x00,
    0x00, 0x00, 0x2F, 0x00, 0x00, 0x0F, 0x80, 0x00, 0x00, 0x00, 0x0F, 0xC0, 0x00, 0x03, 0xD0, 0x00,
    0x00, 0x00, 0x03, 0xE0, 0x00, 0x01, 0xF0, 0x00, 0x00, 0x00, 0x01, 0xF4, 0x00, 0x00, 0xFC, 0x00,
    0x00, 0x00, 0x00, 0xFD, 0x00, 0x00, 0x7F, 0x00, 0x00, 0x00, 0x0B, 0xFF, 0xF8, 0x03, 0xFF, 0xFD,
    0x00, 0x00, 0x00, 0x00, 0x00, 0x00, 0x00, 0x00, 0x00, 0x1F, 0x80, 0x00, 0x3F, 0xFF, 0x80, 0xC7,
    0x80, 0x01, 0xF0, 0x0F, 0x0A, 0x0F, 0x00, 0x0B, 0x80, 0x3C, 0x30, 0x7C, 0x00, 0x3D, 0x01, 0xE0,
    0xC1, 0xE0, 0x00, 0xF0, 0x07, 0x40, 0x0B, 0x40, 0x07, 0xC0, 0x00, 0x00, 0x3F, 0xFF, 0xFE, 0x00,
    0x00, 0x00, 0xF0, 0x00, 0xF4, 0x00, 0x00, 0x07, 0x80, 0x03, 0xC0, 0x00, 0x00, 0x2D, 0x00, 0x1F,
    0x04, 0x00, 0x00, 0xF0, 0x00, 0xB8, 0x30, 0x00, 0x03, 0xC0, 0x03, 0xD0, 0xC0, 0x00, 0x1E, 0x00,
    0x0B, 0x0A, 0x00, 0x00, 0xB4, 0x00, 0x1D, 0x30, 0x00, 0x02, 0xC0, 0x00, 0x2F, 0x40, 0x00, 0x00,
    0x1F, 0xFF, 0xFF, 0xFF, 0xFF, 0xFC, 0x00, 0x00, 0x00, 0xFC, 0x00, 0x00, 0x3F, 0x40, 0x00, 0x00,
    0x00, 0xFC, 0x00, 0x00, 0x7E, 0x00, 0x00, 0x00, 0x00, 0xF8, 0x00, 0x00, 0x7C, 0x00, 0x00, 0x00,
    0x01, 0xF4, 0x00, 0x00, 0xBC, 0x00, 0x00, 0x00, 0x02, 0xF0, 0x00, 0x00, 0xF8, 0x00, 0x00, 0x00,
    0x03, 0xF0, 0x00, 0x00, 0xF4, 0x00, 0x00, 0x00, 0x03, 0xE0, 0x00, 0x01, 0xF0, 0x00, 0x00, 0x00,
    0x07, 0xD0, 0x00, 0x02, 0xF0, 0x00, 0x00, 0x00, 0x0B, 0xC0, 0x00, 0x03, 0xE0, 0x00, 0x00, 0x00,
    0x0F, 0xC0, 0x00, 0x03, 0xD0, 0x00, 0x00, 0x00, 0x0F, 0x80, 0x00, 0x07, 0xFF, 0xF9, 0x00, 0x00,
    0x1F, 0x40, 0x00, 0x0B, 0xC0, 0x1F, 0xE0, 0x00, 0x2F, 0x00, 0x00, 0x0F, 0x80, 0x02, 0xF8, 0x00,
    0x3F, 0x00, 0x00, 0x0F, 0x40, 0x00, 0xFC, 0x00, 0x3E, 0x00, 0x00, 0x1F, 0x00, 0x00, 0x7E, 0x00,
    0x7D, 0x00, 0x00, 0x2F, 0x00, 0x00, 0x7F, 0x00, 0xBC, 0x00, 0x00, 0x3E, 0x00, 0x00, 0x3F, 0x00,
    0xFC, 0x00, 0x00, 0x3D, 0x00, 0x00, 0x7F, 0x00, 0xF8, 0x00, 0x00, 0x7C, 0x00, 0x00, 0x7F, 0x01,
    0xF4, 0x00, 0x00, 0xBC, 0x00, 0x00, 0xBE, 0x03, 0xF4, 0x00, 0x01, 0xFC, 0x00, 0x00, 0xFD, 0xFF,
    0xFF, 0xC0, 0x3F, 0xFF, 0xD0, 0x00, 0xFC, 0x00, 0x00, 0x00, 0x00, 0x00, 0x00, 0x02, 0xF4, 0x00,
    0x00, 0x00, 0x00, 0x00, 0x00, 0x03, 0xF0, 0x00, 0x00, 0x00, 0x00, 0x00, 0x00, 0x0B, 0xD0, 0x00,
    0x00, 0x00, 0x00, 0x00, 0xF0, 0x1F, 0x80, 0x00, 0x00, 0x00, 0x00, 0x03, 0xF4, 0x3E, 0x00, 0x00,
    0x00, 0x00, 0x00, 0x02, 0xE1, 0xF4, 0x00, 0x00, 0x00, 0x00, 0x00, 0x00, 0xBF, 0x80, 0x00, 0x00,
    0x00, 0x00, 0x00, 0x00, 0x01, 0xF8, 0x0B, 0xE0, 0x00, 0x00, 0xD7, 0x5D, 0x0F, 0x00, 0x00, 0xA0,
    0xFD, 0x02, 0xC0, 0x00, 0x30, 0x3E, 0x00, 0xF4, 0x00, 0x08, 0x1F, 0x00, 0x3C, 0x00, 0x00, 0x0B,
    0x80, 0x0F, 0x00, 0x00, 0x03, 0xC0, 0x07, 0xFE, 0x40, 0x00, 0xF0, 0x02, 0xD1, 0xFC, 0x00, 0x78,
    0x00, 0xF0, 0x0B, 0xC0, 0x2D, 0x00, 0x3C, 0x00, 0xF0, 0x0F, 0x00, 0x1E, 0x00, 0x3C, 0x03, 0xC0,
    0x0B, 0x40, 0x0F, 0x01, 0xE0, 0x03, 0xC0, 0x07, 0xC0, 0xB4, 0x00, 0xF0, 0x02, 0xE0, 0x2C, 0x00,
    0x38, 0x00, 0xF4, 0x00, 0x00, 0x00, 0x00, 0x3C, 0x00, 0x00, 0x00, 0x00, 0x1F, 0x00, 0x00, 0x00,
    0x00, 0x0B, 0x80, 0x00, 0x00, 0x00, 0x03, 0xC0, 0x00, 0x00, 0x07, 0xC2, 0xD0, 0x00, 0x00, 0x02,
    0xE2, 0xE0, 0x00, 0x00, 0x00, 0x2F, 0x90, 0x00, 0x00, 0x00, 0x0A, 0xFF, 0xE4, 0x00, 0x00, 0x0F,
    0xD0, 0x01, 0xF0, 0x00, 0x07, 0xD0, 0x00, 0x00, 0x00, 0x02, 0xF0, 0x00, 0x00, 0x00, 0x00, 0x7D,
    0x00, 0x00, 0x00, 0x00, 0x0F, 0x80, 0x00, 0x00, 0x00, 0x03, 0xF0, 0x00, 0x06, 0xFE, 0x00, 0x7E,
    0x00, 0x02, 0xD0, 0x3C, 0x0B, 0xD0, 0x00, 0xB4, 0x01, 0xE0, 0xFC, 0x00, 0x1D, 0x00, 0x1F, 0x1F,
    0x80, 0x03, 0xC0, 0x01, 0xF2, 0xF4, 0x00, 0x78, 0x00, 0x2E, 0x3F, 0x00, 0x0F, 0x00, 0x03, 0xD3,
    0xF0, 0x00, 0xF0, 0x00, 0x3C, 0x7F, 0x00, 0x1E, 0x00, 0x0B, 0x87, 0xE0, 0x02, 0xD0, 0x00, 0xF4,
    0x7E, 0x00, 0x2C, 0x00, 0x1F, 0x07, 0xE0, 0x03, 0xC0, 0x03, 0xD0, 0x3E, 0x00, 0x3C, 0x00, 0xB8,
    0x03, 0xF0, 0x02, 0xC0, 0x2F, 0x00, 0x0F, 0x80, 0x1D, 0x0B, 0xC0, 0x00, 0x7E, 0x40, 0xFF, 0xE0,
    0x00, 0x00, 0x6F, 0xFF, 0xE4, 0x00, 0x00, 0x00, 0x00, 0x1D, 0x00, 0x00, 0x00, 0x00, 0x00, 0x3D,
    0x00, 0x00, 0x00, 0x00, 0x00, 0x6F, 0xC0, 0x00, 0x0B, 0xFD, 0x00, 0x0B, 0x80, 0x00, 0x02, 0xE0,
    0x00, 0x00, 0x7C, 0x00, 0x00, 0x0F, 0x40, 0x7F, 0x02, 0xF0, 0x2C, 0x3C, 0x3E, 0x07, 0x03, 0xC7,
    0xD0, 0xE0, 0x3C, 0x7C, 0x1D, 0x07, 0x8B, 0xC2, 0xC0, 0xB4, 0xB8, 0x2C, 0x0F, 0x0B, 0xC3, 0xC2,
    0xD0, 0x7C, 0x3C, 0x78, 0x02, 0xE2, 0xEE, 0x00, 0x07, 0xFF, 0x40, 0x00, 0x00, 0x74, 0x00, 0x00,
    0x00, 0xBC, 0x00, 0x00, 0x00, 0x01, 0xBF, 0xD0, 0x18, 0x00, 0x00, 0xBD, 0x00, 0xA0, 0xD0, 0x00,
    0x1F, 0x40, 0x00, 0xAF, 0x00, 0x02, 0xF0, 0x00, 0x00, 0xFC, 0x00, 0x2F, 0x00, 0x00, 0x02, 0xE0,
    0x01, 0xF4, 0x00, 0x00, 0x07, 0x40, 0x1F, 0x80, 0x00, 0x00, 0x1C, 0x00, 0xFC, 0x00, 0x00, 0x00,
    0x70, 0x07, 0xE0, 0x00, 0x00, 0x01, 0x80, 0x3F, 0x00, 0x00, 0x00, 0x00, 0x01, 0xFC, 0x00, 0x00,
    0x00, 0x00, 0x0B, 0xE0, 0x00, 0x00, 0x00, 0x00, 0x3F, 0x40, 0x00, 0x00, 0x00, 0x00, 0xFC, 0x00,
    0x00, 0x00, 0x00, 0x03, 0xF0, 0x00, 0x00, 0x00, 0x40, 0x0F, 0xC0, 0x00, 0x00, 0x03, 0x00, 0x3F,
    0x00, 0x00, 0x00, 0x28, 0x00, 0xBC, 0x00, 0x00, 0x00, 0xC0, 0x01, 0xF0, 0x00, 0x00, 0x0D, 0x00,
    0x03, 0xE0, 0x00, 0x00, 0xA0, 0x00, 0x07, 0xC0, 0x00, 0x0A, 0x00, 0x00, 0x07, 0xD0, 0x01, 0xD0,
    0x00, 0x00, 0x02, 0xFA, 0xB8, 0x00, 0x00, 0x00, 0x00, 0x7C, 0x00, 0x00, 0x00, 0x00, 0x01, 0xF0,
    0x00, 0x00, 0x00, 0x00, 0x01, 0xF0, 0x00, 0x00, 0x00, 0x00, 0x02, 0xE0, 0x00, 0x00, 0x00, 0x00,
    0x0F, 0x40, 0x00, 0x00, 0x00, 0x01, 0xFC, 0x00, 0x00, 0x00, 0x03, 0xFE, 0x40, 0x00, 0x00, 0x00,
    0x00, 0x00, 0x00, 0x00, 0x00, 0x00, 0x00, 0x06, 0xFE, 0x00, 0x0B, 0x80, 0xA0, 0x0F, 0x40, 0x7C,
    0x0B, 0x80, 0x2D, 0x07, 0xC0, 0x00, 0x03, 0xD0, 0x00, 0x01, 0xF0, 0x00, 0x00, 0xBC, 0x00, 0x00,
    0x3E, 0x00, 0x00, 0x0F, 0x40, 0x00, 0x03, 0xD0, 0x00, 0x00, 0xB4, 0x00, 0x06, 0x1E, 0x00, 0x07,
    0x02, 0xC0, 0x1E, 0x00, 0x1F, 0xF8, 0x00, 0x01, 0xE0, 0x00, 0x00, 0xB8, 0x00, 0x00, 0x0B, 0x80,
    0x00, 0x00, 0xF4, 0x00, 0x00, 0x3C, 0x00, 0x00, 0x7E, 0x00, 0x0F, 0xF9, 0x00, 0x00, 0x00, 0x00,
    0x00, 0x03, 0xFF, 0xFF, 0xFF, 0xFF, 0xD0, 0x7D, 0x00, 0x7E, 0x00, 0x7D, 0x0B, 0x00, 0x07, 0xC0,
    0x01, 0xC0, 0xC0, 0x00, 0xBC, 0x00, 0x0C, 0x18, 0x00, 0x0F, 0x80, 0x00, 0xC2, 0x40, 0x00, 0xF4,
    0x00, 0x18, 0x20, 0x00, 0x1F, 0x00, 0x01, 0x40, 0x00, 0x02, 0xF0, 0x00, 0x00, 0x00, 0x00, 0x3F,
    0x00, 0x00, 0x00, 0x00, 0x03, 0xE0, 0x00, 0x00, 0x00, 0x00, 0x7D, 0x00, 0x00, 0x00, 0x00, 0x0B,
    0xC0, 0x00, 0x00, 0x00, 0x00, 0xFC, 0x00, 0x00, 0x00, 0x00, 0x0F, 0x80, 0x00, 0x00, 0x00, 0x01,
    0xF4, 0x00, 0x00, 0x00, 0x00, 0x2F, 0x00, 0x00, 0x00, 0x00, 0x03, 0xF0, 0x00, 0x00, 0x00, 0x00,
    0x3E, 0x00, 0x00, 0x00, 0x00, 0x07, 0xD0, 0x00, 0x00, 0x00, 0x00, 0xBC, 0x00, 0x00, 0x00, 0x00,
    0x0F, 0xC0, 0x00, 0x00, 0x00, 0x02, 0xFC, 0x00, 0x00, 0x00, 0x2F, 0xFF, 0xFF, 0x80, 0x00, 0x00,
    0x00, 0x01, 0xF8, 0x00, 0x00, 0x00, 0x00, 0x03, 0x40, 0x00, 0x00, 0x00, 0x00, 0x34, 0x00, 0x00,
    0x00, 0x00, 0x03, 0x00, 0x00, 0x00, 0x00, 0x00, 0x30, 0x00, 0x00, 0x00, 0x00, 0x03, 0x00, 0x00,
    0x00, 0x07, 0xE0, 0x1F, 0xE0, 0x1B, 0xE0, 0x00, 0xD7, 0x4E, 0x07, 0x87, 0x43, 0xC0, 0x28, 0x3F,
    0x40, 0x3D, 0x80, 0x2D, 0x03, 0x03, 0xE0, 0x03, 0xF0, 0x02, 0xD0, 0x30, 0x7C, 0x00, 0x3D, 0x00,
    0x2D, 0x00, 0x0B, 0x40, 0x07, 0xC0, 0x03, 0xC0, 0x00, 0xF0, 0x00, 0xB8, 0x00, 0x3C, 0x00, 0x0F,
    0x00, 0x0F, 0x40, 0x07, 0x80, 0x02, 0xE0, 0x00, 0xF0, 0x00, 0xF4, 0x00, 0x3D, 0x00, 0x1F, 0x00,
    0x0F, 0x00, 0x03, 0xC0, 0x02, 0xE0, 0x02, 0xE0, 0x00, 0x7C, 0x00, 0x3D, 0x00, 0x3D, 0x09, 0x0B,
    0x80, 0x03, 0xC0, 0x03, 0xC0, 0xC0, 0xF4, 0x00, 0x7C, 0x00, 0x2C, 0x78, 0x0B, 0x00, 0x07, 0x40,
    0x00, 0xF9, 0x80, 0x00, 0x00, 0x00, 0x00, 0x00, 0x1C, 0x00, 0x00, 0x00, 0x00, 0x00, 0x01, 0xC0,
    0x00, 0x00, 0x00, 0x00, 0x00, 0x3C, 0x00, 0x00, 0x00, 0x00, 0x00, 0x0B, 0xC0, 0x00, 0x00, 0x00,
    0x00, 0x01, 0xF0, 0x00, 0x00, 0x00, 0x00, 0x00, 0x34, 0x00, 0x00, 0x00, 0x00, 0x00, 0x00, 0x00,
    0x3F, 0xFF, 0xC0, 0x00, 0xBF, 0xF8, 0x0F, 0xE0, 0x00, 0x00, 0x7D, 0x00, 0x1F, 0x80, 0x00, 0x01,
    0xC0, 0x00, 0x3F, 0x00, 0x00, 0x0C, 0x00, 0x00, 0xFC, 0x00, 0x00, 0xD0, 0x00, 0x01, 0xF4, 0x00,
    0x09, 0x00, 0x00, 0x03, 0xF0, 0x00, 0x60, 0x00, 0x00, 0x0F, 0xC0, 0x07, 0x00, 0x00, 0x00, 0x2F,
    0x40, 0x30, 0x00, 0x00, 0x00, 0x3F, 0x03, 0x00, 0x00, 0x00, 0x00, 0xFC, 0x24, 0x00, 0x00, 0x00,
    0x02, 0xF5, 0x80, 0x00, 0x00, 0x00, 0x07, 0xF8, 0x00, 0x00, 0x00, 0x00, 0x0F, 0xC0, 0x00, 0x00,
    0x00, 0x00, 0x3E, 0x00, 0x00, 0x00, 0x00, 0x00, 0xF4, 0x00, 0x00, 0x00, 0x00, 0x07, 0xC0, 0x00,
    0x00, 0x00, 0x00, 0x2F, 0x00, 0x00, 0x00, 0x00, 0x00, 0xF8, 0x00, 0x00, 0x00, 0x00, 0x03, 0xD0,
    0x00, 0x00, 0x00, 0x00, 0x1F, 0x00, 0x00, 0x00, 0x00, 0x00, 0xFC, 0x00, 0x00, 0x00, 0x00, 0xFF,
    0xFF, 0x80, 0x00, 0x00, 0x00, 0x07, 0xE0, 0x00, 0x00, 0x7F, 0x03, 0x1E, 0x00, 0x00, 0xE2, 0xE2,
    0x43, 0xC0, 0x00, 0xA0, 0xF0, 0xC0, 0xF4, 0x00, 0x30, 0x00, 0x20, 0x3D, 0x00, 0x34, 0x00, 0x00,
    0x0B, 0x40, 0x1C, 0x00, 0x00, 0x02, 0xE0, 0x0C, 0x00, 0x00, 0x00, 0x78, 0x0A, 0x00, 0x00, 0x00,
    0x1E, 0x03, 0x00, 0x00, 0x00, 0x07, 0xC2, 0x40, 0x00, 0x00, 0x00, 0xF1, 0xC0, 0x00, 0x00, 0x00,
    0x3C, 0xC0, 0x00, 0x00, 0x00, 0x0F, 0xA0, 0x00, 0x00, 0x00, 0x03, 0xF0, 0x00, 0x00, 0x00, 0x00,
    0xF4, 0x00, 0x00, 0x00, 0x00, 0x3C, 0x00, 0x00, 0x00, 0x00, 0x0F, 0x00, 0x00, 0x00, 0x00, 0x07,
    0x80, 0x00, 0x00, 0x00, 0x03, 0xD0, 0x00, 0x00, 0x00, 0x01, 0xF4, 0x00, 0x00, 0x00, 0x0F, 0xFF,
    0xD0, 0x00, 0x00, 0x00, 0x3F, 0xFF, 0xC0, 0x00, 0xBF, 0xF8, 0x0F, 0xF0, 0x00, 0x00, 0xBE, 0x00,
    0x1F, 0x80, 0x00, 0x01, 0xC0, 0x00, 0x3F, 0x00, 0x00, 0x0C, 0x00, 0x00, 0xBC, 0x00, 0x00, 0xD0,
    0x00, 0x01, 0xF8, 0x00, 0x0A, 0x00, 0x00, 0x03, 0xF0, 0x00, 0x60, 0x00, 0x00, 0x0F, 0xC0, 0x07,
    0x00, 0x00, 0x00, 0x1F, 0x40, 0x30, 0x00, 0x00, 0x00, 0x3F, 0x03, 0x40, 0x00, 0x00, 0x00, 0xFC,
    0x28, 0x00, 0x00, 0x00, 0x02, 0xF5, 0xC0, 0x00, 0x00, 0x00, 0x07, 0xFC, 0x00, 0x00, 0x00, 0x00,
    0x0F, 0xC0, 0x00, 0x00, 0x00, 0x7F, 0xFF, 0xFF, 0x00, 0x00, 0x00, 0x00, 0xF4, 0x00, 0x00, 0x00,
    0x00, 0x07, 0xC0, 0x00, 0x00, 0x00, 0x00, 0x2F, 0x00, 0x00, 0x00, 0x00, 0x00, 0xF8, 0x00, 0x00,
    0x00, 0x00, 0x03, 0xD0, 0x00, 0x00, 0x00, 0x00, 0x1F, 0x00, 0x00, 0x00, 0x00, 0x00, 0xFC, 0x00,
    0x00, 0x00, 0x00, 0xFF, 0xFF, 0x80, 0x00, 0x00, 0x00, 0x03, 0xE0, 0x00, 0x00, 0xBF, 0x03, 0x5F,
    0x00, 0x00, 0xE2, 0xE1, 0x83, 0xC0, 0x00, 0xA0, 0xF0, 0x90, 0xF4, 0x00, 0x70, 0x00, 0x30, 0x2D,
    0x00, 0x34, 0x00, 0x00, 0x0B, 0x80, 0x28, 0x00, 0x00, 0x02, 0xE0, 0x0C, 0x00, 0x00, 0x00, 0x78,
    0x0D, 0x00, 0x00, 0x00, 0x1F, 0x07, 0x00, 0x00, 0x00, 0x03, 0xC3, 0x00, 0x00, 0x00, 0x00, 0xF2,
    0x80, 0x00, 0x00, 0x00, 0x3D, 0xC0, 0x00, 0x00, 0x00, 0x0F, 0xC0, 0x00, 0x00, 0x00, 0x03, 0xE0,
    0x00, 0x00, 0x00, 0x3F, 0xFF, 0xD0, 0x00, 0x00, 0x00, 0x3C, 0x00, 0x00, 0x00, 0x00, 0x1F, 0x00,
    0x00, 0x00, 0x00, 0x0B, 0x80, 0x00, 0x00, 0x00, 0x03, 0xD0, 0x00, 0x00, 0x00, 0x01, 0xF4, 0x00,
    0x00, 0x00, 0x0F, 0xFF, 0xD0, 0x00, 0x00, 0x00, 0x00, 0x07, 0xFF, 0xF8, 0x03, 0xFF, 0xF0, 0x00,
    0x00, 0xFE, 0x00, 0x02, 0xF4, 0x00, 0x00, 0x01, 0xF8, 0x00, 0x0B, 0x00, 0x00, 0x00, 0x03, 0xF0,
    0x00, 0x70, 0x00, 0x00, 0x00, 0x0B, 0xC0, 0x03, 0x00, 0x00, 0x00, 0x00, 0x1F, 0x80, 0x30, 0x00,
    0x00, 0x00, 0x00, 0x3F, 0x03, 0x40, 0x00, 0x00, 0x00, 0x00, 0xBD, 0x24, 0x00, 0x00, 0x00, 0x00,
    0x01, 0xFA, 0x80, 0x00, 0x00, 0x00, 0x00, 0x03, 0xF8, 0x00, 0x00, 0x00, 0x00, 0x00, 0x0B, 0xD0,
    0x00, 0x00, 0x00, 0x00, 0x00, 0x1F, 0x80, 0x00, 0x00, 0x00, 0x00, 0x00, 0xFF, 0x00, 0x00, 0x00,
    0x00, 0x00, 0x0D, 0x7D, 0x00, 0x00, 0x00, 0x00, 0x00, 0x90, 0xFC, 0x00, 0x00, 0x00, 0x00, 0x0A,
    0x03, 0xF0, 0x00, 0x00, 0x00, 0x00, 0x70, 0x07, 0xE0, 0x00, 0x00, 0x00, 0x07, 0x00, 0x0F, 0xC0,
    0x00, 0x00, 0x00, 0x30, 0x00, 0x2F, 0x40, 0x00, 0x00, 0x03, 0x40, 0x00, 0x7E, 0x00, 0x00, 0x00,
    0x38, 0x00, 0x00, 0xFC, 0x00, 0x00, 0x0B, 0xE0, 0x00, 0x02, 0xF8, 0x00, 0x03, 0xFF, 0xE0, 0x00,
    0xFF, 0xFF, 0x40, 0x00, 0x00, 0x00, 0x00, 0x00, 0x7C, 0x00, 0x00, 0x00, 0x00, 0x00, 0x00, 0x70,
    0x00, 0x00, 0x00, 0x00, 0x00, 0x00, 0xC0, 0x00, 0x00, 0x00, 0x00, 0x00, 0x07, 0x00, 0x00, 0x00,
    0x00, 0x00, 0x00, 0x18, 0x00, 0x00, 0x00, 0x00, 0x00, 0x00, 0x50, 0x00, 0x00, 0x2F, 0xD0, 0x7F,
    0x80, 0x1D, 0x0B, 0x6D, 0x1E, 0x07, 0x00, 0x3F, 0x03, 0xE0, 0xD0, 0x03, 0xD0, 0x2C, 0x0C, 0x00,
    0x3C, 0x00, 0x00, 0x00, 0x07, 0xC0, 0x00, 0x00, 0x00, 0xB8, 0x00, 0x00, 0x00, 0x0F, 0x40, 0x00,
    0x00, 0x00, 0xF0, 0x00, 0x00, 0x00, 0x1F, 0x00, 0x04, 0x00, 0x02, 0xE0, 0x02, 0x82, 0xC0, 0x3D,
    0x00, 0x34, 0x3D, 0x0B, 0xD0, 0x0F, 0x03, 0xC2, 0xCF, 0x07, 0xF0, 0x1F, 0xE0, 0x2F, 0xD3, 0x00,
    0x00, 0x00, 0x00, 0x70, 0x00, 0x00, 0x00, 0x07, 0x00, 0x00, 0x00, 0x00, 0xF0, 0x00, 0x00, 0x00,
    0x2F, 0x00, 0x00, 0x00, 0x07, 0xC0, 0x00, 0x00, 0x00, 0xD0, 0x00, 0x00, 0x00, 0x00, 0x00, 0x03,
    0xFF, 0xFF, 0xFF, 0xFF, 0x07, 0xFF, 0xFC, 0x07, 0xD0, 0x0F, 0x80, 0x1F, 0x00, 0x3F, 0x40, 0x0B,
    0x00, 0x0F, 0x80, 0x0B, 0x00, 0x3E, 0x00, 0x0C, 0x00, 0x1F, 0x40, 0x06, 0x00, 0x7D, 0x00, 0x18,
    0x00, 0x2F, 0x00, 0x0A, 0x00, 0xBC, 0x00, 0x24, 0x00, 0x3F, 0x00, 0x09, 0x00, 0xFC, 0x00, 0x30,
    0x00, 0x3E, 0x00, 0x0C, 0x00, 0xF8, 0x00, 0x00, 0x00, 0x7D, 0x00, 0x00, 0x01, 0xF4, 0x00, 0x00,
    0x00, 0xBC, 0x00, 0x00, 0x02, 0xF0, 0x00, 0x00, 0x00, 0xFC, 0x00, 0x00, 0x03, 0xF0, 0x00, 0x00,
    0x00, 0xF8, 0x00, 0x00, 0x03, 0xE0, 0x00, 0x00, 0x01, 0xF4, 0x00, 0x00, 0x07, 0xD0, 0x00, 0x00,
    0x02, 0xF0, 0x00, 0x00, 0x0B, 0xC0, 0x00, 0x00, 0x03, 0xF0, 0x00, 0x00, 0x0F, 0xC0, 0x00, 0x00,
    0x03, 0xE0, 0x00, 0x00, 0x0F, 0x80, 0x00, 0x00, 0x07, 0xD0, 0x00, 0x00, 0x1F, 0x40, 0x00, 0x00,
    0x0B, 0xC0, 0x00, 0x00, 0x1F, 0x00, 0x00, 0x00, 0x0F, 0xC0, 0x00, 0x00, 0x2F, 0x00, 0x00, 0x00,
    0x0F, 0x80, 0x00, 0x00, 0x3E, 0x00, 0x00, 0x00, 0x1F, 0x40, 0x00, 0x00, 0x3D, 0x00, 0x00, 0x00,
    0x2F, 0x00, 0x00, 0x00, 0x7D, 0x00, 0x00, 0x00, 0x3F, 0x00, 0x00, 0x00, 0xFD, 0x00, 0x00, 0x0F,
    0xFF, 0xFF, 0xFF, 0xFF, 0xFF, 0xF0, 0x00, 0x00, 0x00, 0x00, 0x00, 0x00, 0x01, 0xF0, 0x00, 0x00,
    0x00, 0x00, 0x00, 0x00, 0x00, 0xB0, 0x00, 0x00, 0x00, 0x00, 0x00, 0x00, 0x00, 0x70, 0x00, 0x00,
    0x00, 0x00, 0x00, 0x00, 0x00, 0x60, 0x00, 0x00, 0x00, 0x00, 0x00, 0x00, 0x00, 0xA0, 0x00, 0x00,
    0x00, 0x00, 0x00, 0x00, 0x00, 0x90, 0x00, 0x00, 0x00, 0x00, 0x00, 0x00, 0x03, 0xFF, 0xFF, 0xFF,
    0x03, 0x82, 0xF0, 0x0F, 0x00, 0x01, 0xF0, 0xF4, 0x07, 0xC0, 0x00, 0xB8, 0x3C, 0x02, 0xE0, 0x00,
    0x3D, 0x0E, 0x00, 0xF4, 0x00, 0x0F, 0x00, 0x00, 0x3C, 0x00, 0x07, 0x80, 0x00, 0x1F, 0x00, 0x02,
    0xD0, 0x00, 0x0B, 0x80, 0x00, 0xF0, 0x00, 0x03, 0xD0, 0x00, 0x3C, 0x00, 0x00, 0xF0, 0x00, 0x2E,
    0x00, 0x00, 0x3C, 0x00, 0x0F, 0x40, 0x00, 0x0F, 0x00, 0x0F, 0xC0, 0x80, 0x00, 0xF0, 0x1C, 0xB0,
    0xD0, 0x00, 0x0B, 0xF8, 0x0B, 0xA4, 0x00, 0x00, 0x00, 0x00, 0x0A, 0x00, 0x00, 0x00, 0x00, 0x02,
    0xC0, 0x00, 0x00, 0x00, 0x00, 0xF0, 0x00, 0x00, 0x00, 0x00, 0x7C, 0x00, 0x00, 0x00, 0x00, 0x7D,
    0x00, 0x00, 0x00, 0x00, 0x38, 0x00, 0x00, 0x00, 0x00, 0x10, 0x00, 0x7F, 0xFF, 0xC0, 0x3F, 0xFF,
    0xE0, 0x3F, 0x40, 0x00, 0x1F, 0xC0, 0x03, 0xE0, 0x00, 0x01, 0xF4, 0x00, 0x3D, 0x00, 0x00, 0x1F,
    0x00, 0x07, 0xC0, 0x00, 0x02, 0xF0, 0x00, 0xBC, 0x00, 0x00, 0x3E, 0x00, 0x0F, 0x80, 0x00, 0x03,
    0xD0, 0x00, 0xF4, 0x00, 0x00, 0xBC, 0x00, 0x1F, 0x40, 0x00, 0x0F, 0xC0, 0x01, 0xF0, 0x00, 0x00,
    0xF8, 0x00, 0x0F, 0x40, 0x00, 0x0F, 0x40, 0x00, 0x7C, 0x00, 0x16, 0xF0, 0x00, 0x00, 0xBF, 0xFE,
    0x7F, 0x00, 0x00, 0x00, 0x00, 0x03, 0xE0, 0x00, 0x00, 0x00, 0x00, 0x3D, 0x00, 0x00, 0x00, 0x00,
    0x07, 0xC0, 0x00, 0x00, 0x00, 0x00, 0xBC, 0x00, 0x00, 0x00, 0x00, 0x0F, 0x80, 0x00, 0x00, 0x00,
    0x00, 0xF4, 0x00, 0x00, 0x00, 0x00, 0x1F, 0x00, 0x00, 0x00, 0x00, 0x03, 0xF0, 0x00, 0x00, 0x00,
    0x00, 0x7F, 0x00, 0x00, 0x00, 0x00, 0xFF, 0xFF, 0xC0, 0x00, 0x00, 0x00, 0x00, 0xB8, 0x00, 0x00,
    0x00, 0x00, 0x03, 0x80, 0x00, 0x00, 0x00, 0x00, 0x24, 0x00, 0x00, 0x00, 0x00, 0x03, 0x40, 0x00,
    0x00, 0x00, 0x00, 0x30, 0x00, 0x00, 0x00, 0x00, 0x03, 0x00, 0x00, 0x02, 0xF0, 0x00, 0x14, 0x02,
    0x4E, 0x00, 0x0F, 0x00, 0x83, 0xC0, 0x07, 0xC0, 0x90, 0xF0, 0x02, 0xE0, 0x30, 0x78, 0x00, 0xF4,
    0x04, 0x2D, 0x00, 0x3C, 0x00, 0x0B, 0x40, 0x2F, 0x00, 0x01, 0xF0, 0x2F, 0x40, 0x00, 0x1B, 0xF7,
    0xC0, 0x00, 0x00, 0x00, 0xF0, 0x00, 0x00, 0x00, 0x78, 0x00, 0x00, 0x00, 0x2D, 0x00, 0x00, 0x00,
    0x0B, 0x02, 0x00, 0x00, 0x02, 0xD3, 0x80, 0x00, 0x00, 0x2E, 0xA0, 0x00, 0x00, 0x00, 0x18, 0x00,
    0x00, 0x00, 0x0B, 0x00, 0x00, 0x00, 0x03, 0xC0, 0x00, 0x00, 0x01, 0xF0, 0x00, 0x00, 0x00, 0xF4,
    0x00, 0x00, 0x00, 0xE0, 0x00, 0x00, 0x00, 0x50, 0x00, 0x7F, 0xFF, 0xC0, 0x3F, 0xFF, 0xE0, 0x3F,
    0x40, 0x00, 0x1F, 0xC0, 0x03, 0xE0, 0x00, 0x01, 0xF4, 0x00, 0x3D, 0x00, 0x00, 0x1F, 0x00, 0x07,
    0xC0, 0x00, 0x02, 0xF0, 0x00, 0xBC, 0x00, 0x00, 0x3E, 0x00, 0x0F, 0x80, 0x00, 0x03, 0xD0, 0x00,
    0xF4, 0x03, 0x00, 0x7C, 0x00, 0x1F, 0x40, 0x60, 0x0B, 0xC0, 0x01, 0xF0, 0x09, 0x00, 0xF8, 0x00,
    0x0F, 0x40, 0xC0, 0x0F, 0x40, 0x00, 0x3C, 0x0C, 0x06, 0xF0, 0x00, 0x00, 0xBF, 0xFE, 0x7F, 0x00,
    0x00, 0x00, 0x28, 0x03, 0xE0, 0x00, 0x00, 0x03, 0x40, 0x3D, 0x00, 0x00, 0x00, 0x30, 0x07, 0xC0,
    0x00, 0x00, 0x06, 0x00, 0xBC, 0x00, 0x00, 0x00, 0x50, 0x0F, 0x80, 0x00, 0x00, 0x00, 0x00, 0xF4,
    0x00, 0x00, 0x00, 0x00, 0x1F, 0x00, 0x00, 0x00, 0x00, 0x03, 0xF0, 0x00, 0x00, 0x00, 0x00, 0x7F,
    0x00, 0x00, 0x00, 0x00, 0xFF, 0xFF, 0x40, 0x00, 0x02, 0xE0, 0x00, 0x14, 0x03, 0x4E, 0x00, 0x0F,
    0x01, 0x83, 0xC0, 0x07, 0xC0, 0xC0, 0xF0, 0x02, 0xE0, 0x30, 0x78, 0x00, 0xF4, 0x04, 0x2D, 0x04,
    0x3C, 0x00, 0x0B, 0x44, 0x2F, 0x00, 0x01, 0xF2, 0x6F, 0x40, 0x00, 0x1B, 0xF7, 0xC0, 0x00, 0x00,
    0x20, 0xF0, 0x00, 0x00, 0x14, 0x78, 0x24, 0x00, 0x04, 0x2E, 0x0C, 0x00, 0x00, 0x0B, 0x47, 0x00,
    0x00, 0x01, 0xE3, 0x40, 0x00, 0x00, 0x1F, 0x40, 0x00, 0x1F, 0xFF, 0xF0, 0x00, 0x00, 0x00, 0x0F,
    0xE0, 0x00, 0x00, 0x00, 0x00, 0xFC, 0x00, 0x00, 0x00, 0x00, 0x0F, 0x80, 0x00, 0x00, 0x00, 0x01,
    0xF4, 0x00, 0x00, 0x00, 0x00, 0x2F, 0x00, 0x00, 0x00, 0x00, 0x03, 0xF0, 0x1F, 0xF9, 0x00, 0x00,
    0x3E, 0x1E, 0x01, 0xF4, 0x00, 0x07, 0xDA, 0x00, 0x0B, 0xC0, 0x00, 0xBE, 0x80, 0x00, 0x7D, 0x00,
    0x0F, 0xE0, 0x00, 0x07, 0xC0, 0x00, 0xFC, 0x00, 0x00, 0xBC, 0x00, 0x1F, 0x40, 0x00, 0x0F, 0xC0,
    0x02, 0xF0, 0x00, 0x00, 0xF8, 0x00, 0x3F, 0x00, 0x00, 0x0F, 0x40, 0x03, 0xE0, 0x00, 0x01, 0xF0,
    0x00, 0x7D, 0x00, 0x00, 0x2F, 0x00, 0x0B, 0xC0, 0x00, 0x03, 0xE0, 0x00, 0xFC, 0x00, 0x00, 0x3D,
    0x00, 0x0F, 0x80, 0x00, 0x07, 0xC0, 0x01, 0xF4, 0x00, 0x00, 0xBC, 0x00, 0x3F, 0x40, 0x00, 0x1F,
    0xC0, 0xBF, 0xFF, 0x80, 0x3F, 0xFF, 0xD0, 0x03, 0xFF, 0x00, 0x00, 0x00, 0x2F, 0x00, 0x00, 0x00,
    0x2E, 0x00, 0x00, 0x00, 0x3D, 0x00, 0x00, 0x00, 0x3C, 0x00, 0x00, 0x00, 0x7C, 0x00, 0x00, 0x00,
    0xB8, 0x00, 0x00, 0x00, 0xF4, 0x00, 0x00, 0x00, 0xF0, 0xBE, 0x00, 0x01, 0xF7, 0x43, 0xC0, 0x02,
    0xFC, 0x02, 0xD0, 0x03, 0xF0, 0x02, 0xD0, 0x03, 0xD0, 0x03, 0xD0, 0x07, 0xC0, 0x03, 0xC0, 0x0B,
    0x80, 0x07, 0xC0, 0x0F, 0x40, 0x0B, 0x80, 0x0F, 0x00, 0x0F, 0x00, 0x1F, 0x00, 0x1F, 0x00, 0x2E,
    0x00, 0x2D, 0x06, 0x3D, 0x00, 0x3C, 0x0D, 0x3C, 0x00, 0x3C, 0x1C, 0x7C, 0x00, 0x2C, 0x70, 0x74,
    0x00, 0x0F, 0xC0, 0x00, 0x00, 0x00, 0x1B, 0xFE, 0x00, 0x00, 0x00, 0x01, 0xF4, 0x07, 0xD0, 0x00,
    0x00, 0x0F, 0x80, 0x00, 0xF4, 0x00, 0x00, 0x3E, 0x00, 0x00, 0xBC, 0x1F, 0x00, 0xF8, 0x00, 0x00,
    0x7D, 0x3F, 0x03, 0xF0, 0x00, 0x00, 0x3D, 0x3E, 0x0B, 0xC0, 0x00, 0x00, 0x3E, 0x30, 0x1F, 0x80,
    0x00, 0x00, 0x7D, 0x34, 0x3F, 0x40, 0x00, 0x00, 0x7D, 0x1E, 0x7F, 0x00, 0x00, 0x00, 0xBC, 0x02,
    0xFF, 0xFF, 0xFF, 0xFF, 0xFC, 0x00, 0xBD, 0x00, 0x00, 0x00, 0x00, 0x00, 0xFC, 0x00, 0x00, 0x00,
    0x00, 0x00, 0xFC, 0x00, 0x00, 0x00, 0x00, 0x00, 0xFC, 0x00, 0x00, 0x00, 0x00, 0x00, 0xFC, 0x00,
    0x00, 0x00, 0x00, 0x00, 0xFC, 0x00, 0x00, 0x00, 0x00, 0x00, 0xBC, 0x00, 0x00, 0x00, 0x00, 0x00,
    0x7C, 0x00, 0x00, 0x01, 0xC0, 0x00, 0x3E, 0x00, 0x00, 0x07, 0x40, 0x00, 0x0F, 0x40, 0x00, 0x2C,
    0x00, 0x00, 0x03, 0xE0, 0x06, 0xE0, 0x00, 0x00, 0x00, 0x7F, 0xF9, 0x00, 0x00, 0x00, 0x00, 0x2F,
    0xE0, 0x00, 0x02, 0xF4, 0x28, 0x3C, 0x0F, 0x80, 0x0C, 0xBC, 0x2F, 0x00, 0x1C, 0xB8, 0x7C, 0x00,
    0x38, 0x34, 0xFC, 0x06, 0xE0, 0x0B, 0xFF, 0xFE, 0x00, 0x01, 0xF4, 0x00, 0x00, 0x01, 0xF0, 0x00,
    0x00, 0x01, 0xF0, 0x00, 0x00, 0x01, 0xF0, 0x00, 0x00, 0x00, 0xF0, 0x00, 0x1C, 0x00, 0xB4, 0x00,
    0x74, 0x00, 0x3C, 0x07, 0xC0, 0x00, 0x0B, 0xF9, 0x00, 0x00, 0x00, 0x00, 0x1B, 0xFE, 0x00, 0x00,
    0x00, 0x01, 0xF4, 0x07, 0xD0, 0x00, 0x00, 0x0F, 0x80, 0x00, 0xF4, 0x00, 0x00, 0x3E, 0x00, 0x00,
    0xBC, 0x1F, 0x00, 0xF8, 0x00, 0x00, 0x7D, 0x3F, 0x03, 0xF0, 0x00, 0x00, 0x3D, 0x3E, 0x0B, 0xC0,
    0x00, 0x00, 0x3E, 0x30, 0x1F, 0x80, 0x00, 0x00, 0x7D, 0x34, 0x3F, 0x40, 0x00, 0x00, 0x7D, 0x1E,
    0x7F, 0x00, 0x00, 0x00, 0xBC, 0x02, 0xFF, 0xFF, 0xFF, 0xFF, 0xFC, 0x00, 0xBD, 0x00, 0x00, 0x00,
    0x00, 0x00, 0xFC, 0x00, 0x00, 0x00, 0x00, 0x00, 0xFC, 0x00, 0x00, 0x00, 0x00, 0x00, 0xFC, 0x00,
    0x00, 0x00, 0x00, 0x00, 0xFC, 0x00, 0x00, 0x00, 0x00, 0x00, 0xFC, 0x00, 0x00, 0x00, 0x00, 0x00,
    0xBC, 0x00, 0x00, 0x00, 0x00, 0x00, 0x7C, 0x00, 0x00, 0x01, 0x80, 0x00, 0x3E, 0x00, 0x00, 0x07,
    0x00, 0x00, 0x0F, 0x40, 0x00, 0x2C, 0x00, 0x00, 0x03, 0xE0, 0x06, 0xE0, 0x00, 0x00, 0x00, 0x7F,
    0xF9, 0x00, 0x00, 0x00, 0x00, 0x03, 0x40, 0x00, 0x00, 0x00, 0x00, 0x0E, 0x00, 0x00, 0x00, 0x00,
    0x00, 0x1C, 0x00, 0x00, 0x00, 0x00, 0x00, 0x38, 0x00, 0x00, 0x00, 0x00, 0x00, 0x3C, 0x00, 0x00,
    0x00, 0x00, 0x00, 0x3D, 0x18, 0x00, 0x00, 0x00, 0x00, 0x0F, 0xE0, 0x00, 0x00, 0x00, 0x00, 0x2F,
    0xE0, 0x00, 0x02, 0xF4, 0x28, 0x3C, 0x0F, 0x80, 0x0C, 0xBC, 0x2F, 0x00, 0x1C, 0xB8, 0x7C, 0x00,
    0x38, 0x34, 0xFC, 0x06, 0xE0, 0x0B, 0xFF, 0xFE, 0x00, 0x01, 0xF4, 0x00, 0x00, 0x01, 0xF0, 0x00,
    0x00, 0x01, 0xF0, 0x00, 0x00, 0x01, 0xF0, 0x00, 0x00, 0x00, 0xF0, 0x00, 0x1C, 0x00, 0xB4, 0x00,
    0x70, 0x00, 0x3C, 0x07, 0x80, 0x00, 0x0B, 0xFC, 0x00, 0x00, 0x00, 0x70, 0x00, 0x00, 0x01, 0xC0,
    0x00, 0x00, 0x03, 0x40, 0x00, 0x00, 0x07, 0x00, 0x00, 0x00, 0x0B, 0x40, 0x00, 0x00, 0x07, 0xC1,
    0x80, 0x00, 0x01, 0xFD, 0x00, 0x00, 0x0B, 0xFF, 0xFD, 0x00, 0x00, 0x3F, 0x40, 0x00, 0x00, 0x3F,
    0x00, 0x00, 0x00, 0x3E, 0x00, 0x00, 0x00, 0x7D, 0x00, 0x00, 0x00, 0xBC, 0x00, 0x00, 0x00, 0xFC,
    0x00, 0x00, 0x00, 0xF8, 0x00, 0x00, 0x01, 0xF4, 0x00, 0x00, 0x02, 0xF0, 0x00, 0x00, 0x03, 0xF0,
    0x00, 0x00, 0x03, 0xE0, 0x00, 0x00, 0x07, 0xD0, 0x00, 0x00, 0x0B, 0xC0, 0x00, 0x00, 0x0F, 0xC0,
    0x00, 0x00, 0x0F, 0x80, 0x00, 0x00, 0x1F, 0x40, 0x00, 0x00, 0x2F, 0x00, 0x00, 0x00, 0x3F, 0x00,
    0x00, 0x00, 0x3E, 0x00, 0x00, 0x00, 0x7D, 0x00, 0x00, 0x00, 0xFD, 0x00, 0x00, 0x3F, 0xFF, 0xF0,
    0x00, 0x00, 0x00, 0x00, 0x00, 0x01, 0x40, 0x00, 0x80, 0x00, 0x00, 0x00, 0x00, 0x00, 0x00, 0x06,
    0x00, 0x09, 0x00, 0x00, 0x00, 0x00, 0x00, 0x00, 0x00, 0x0D, 0x01, 0xD0, 0x00, 0x00, 0x00, 0x00,
    0x00, 0x00, 0x00, 0x0B, 0xB8, 0x00, 0x00, 0x00, 0x00, 0x00, 0x00, 0x00, 0x00, 0x02, 0x00, 0x00,
    0x00, 0x00, 0x00, 0x00, 0x00, 0x00, 0x00, 0x08, 0x00, 0x00, 0x00, 0x00, 0x00, 0x00, 0x00, 0x00,
    0x00, 0x70, 0x00, 0x00, 0x00, 0x00, 0x03, 0xFF, 0xE0, 0x02, 0xFE, 0x1E, 0x00, 0x2F, 0xFE, 0x00,
    0x00, 0xBC, 0x00, 0x00, 0x74, 0x00, 0x00, 0x2E, 0x40, 0x00, 0x00, 0x70, 0x00, 0x01, 0xD0, 0x00,
    0x01, 0xD0, 0x00, 0x00, 0x00, 0xB0, 0x00, 0x0B, 0x00, 0x00, 0x1C, 0x00, 0x00, 0x00, 0x00, 0xE0,
    0x00, 0x3C, 0x00, 0x02, 0x80, 0x00, 0x00, 0x00, 0x00, 0xC0, 0x00, 0xF0, 0x00, 0x24, 0x00, 0x00,
    0x00, 0x00, 0x02, 0xC0, 0x07, 0xC0, 0x01, 0x40, 0x00, 0x00, 0x00, 0x00, 0x03, 0x80, 0x2E, 0x00,
    0x10, 0x00, 0x00, 0x00, 0x00, 0x00, 0x0B, 0x40, 0xF8, 0x02, 0x00, 0x00, 0x00, 0x00, 0x00, 0x00,
    0x7F, 0x02, 0x90, 0x2E, 0x00, 0x00, 0x00, 0x00, 0x00, 0x07, 0xEB, 0x16, 0x00, 0xFC, 0x00, 0x00,
    0x00, 0x00, 0x00, 0x7E, 0x0D, 0x88, 0x02, 0xF4, 0x00, 0x00, 0x00, 0x00, 0x07, 0xE0, 0x1F, 0x20,
    0x03, 0xE0, 0x00, 0x00, 0x00, 0x00, 0x7E, 0x00, 0x2C, 0x10, 0x0F, 0xC0, 0x00, 0x00, 0x00, 0x03,
    0xE0, 0x00, 0xB0, 0x00, 0x1F, 0x40, 0x00, 0x00, 0x00, 0x3E, 0x00, 0x02, 0xC0, 0x00, 0x3F, 0x00,
    0x00, 0x00, 0x03, 0xE0, 0x00, 0x0F, 0x00, 0x00, 0xBC, 0x00, 0x00, 0x00, 0x3F, 0x00, 0x00, 0x3C,
    0x00, 0x00, 0xF8, 0x00, 0x00, 0x03, 0xF0, 0x00, 0x01, 0xF0, 0x00, 0x03, 0xF0, 0x00, 0x00, 0x7F,
    0x40, 0x00, 0x0B, 0xD0, 0x00, 0x0B, 0xE0, 0x00, 0x2F, 0xFF, 0xC0, 0x0F, 0xFF, 0xF4, 0x01, 0xFF,
    0xFC, 0x00, 0xBF, 0xFF, 0x00, 0x7F, 0xFF, 0xD0, 0x0B, 0xFF, 0xF0, 0x00, 0x00, 0x00, 0x00, 0x00,
    0x00, 0x00, 0x00, 0x00, 0x00, 0x00, 0x00, 0x00, 0x00, 0x02, 0x00, 0x01, 0x40, 0x00, 0x00, 0x00,
    0x00, 0x00, 0x90, 0x00, 0xC0, 0x00, 0x00, 0x00, 0x00, 0x00, 0x0D, 0x02, 0xC0, 0x00, 0x00, 0x00,
    0x00, 0x00, 0x00, 0xBF, 0x80, 0x00, 0x00, 0x00, 0x00, 0x00, 0x00, 0x00, 0x00, 0x00, 0x00, 0x00,
    0x00, 0x00, 0x00, 0x00, 0x00, 0x00, 0x00, 0x00, 0x02, 0xFE, 0x00, 0x01, 0xC0, 0x00, 0x6F, 0xD0,
    0x07, 0x81, 0xF0, 0x00, 0xF0, 0x00, 0xB8, 0x09, 0x03, 0x40, 0x1E, 0x00, 0x3C, 0x00, 0xF4, 0x07,
    0xC3, 0x40, 0x03, 0xC0, 0x1E, 0x00, 0xF4, 0x03, 0xE1, 0x80, 0x00, 0xF0, 0x0B, 0x40, 0xBC, 0x00,
    0xB4, 0x40, 0x00, 0x3C, 0x03, 0xC0, 0x3D, 0x00, 0x00, 0x00, 0x00, 0x1F, 0xFF, 0xFF, 0xFF, 0x00,
    0x00, 0x00, 0x00, 0x0B, 0xC0, 0x78, 0x0F, 0xC0, 0x00, 0x00, 0x00, 0x03, 0xE0, 0x2D, 0x03, 0xE0,
    0x00, 0x00, 0x00, 0x00, 0xF4, 0x0F, 0x00, 0xF4, 0x00, 0x00, 0x3C, 0x00, 0xBC, 0x03, 0xC0, 0x3D,
    0x00, 0x00, 0x2F, 0x00, 0x7C, 0x01, 0xE0, 0x0B, 0x40, 0x00, 0xAB, 0x80, 0x3C, 0x00, 0xB4, 0x01,
    0xE0, 0x00, 0xA0, 0xD0, 0x7C, 0x00, 0x3D, 0x00, 0x2D, 0x02, 0xE0, 0x1F, 0xF4, 0x00, 0x0F, 0x00,
    0x01, 0xFF, 0x80, 0x00, 0x00, 0x1F, 0xFF, 0xF0, 0x00, 0xFF, 0xF0, 0x00, 0x03, 0xF4, 0x00, 0x01,
    0xF8, 0x00, 0x00, 0x0F, 0x80, 0x00, 0x0B, 0x00, 0x00, 0x00, 0x7D, 0x00, 0x00, 0xA0, 0x00, 0x00,
    0x02, 0xF0, 0x00, 0x0D, 0x00, 0x00, 0x00, 0x0F, 0xC0, 0x01, 0xC0, 0x00, 0x00, 0x00, 0x3E, 0x00,
    0x28, 0x00, 0x00, 0x00, 0x00, 0xF4, 0x02, 0x80, 0x00, 0x00, 0x00, 0x07, 0xC0, 0x34, 0x00, 0x00,
    0x00, 0x00, 0x2F, 0x07, 0x00, 0x00, 0x00, 0x00, 0x00, 0xFF, 0xFF, 0xF8, 0x00, 0x00, 0x00, 0x03,
    0xD0, 0x01, 0xBE, 0x00, 0x00, 0x00, 0x1F, 0x00, 0x00, 0x7F, 0x00, 0x00, 0x00, 0xBC, 0x00, 0x00,
    0xBE, 0x00, 0x00, 0x03, 0xE0, 0x00, 0x00, 0xFC, 0x00, 0x00, 0x0F, 0x40, 0x00, 0x03, 0xF0, 0x00,
    0x00, 0x7C, 0x00, 0x00, 0x0B, 0xD0, 0x00, 0x02, 0xF0, 0x00, 0x00, 0x2F, 0x40, 0x00, 0x0F, 0x80,
    0x00, 0x00, 0xFD, 0x00, 0x00, 0x3E, 0x00, 0x00, 0x03, 0xF0, 0x00, 0x01, 0xF4, 0x00, 0x00, 0x0F,
    0xC0, 0x00, 0x0F, 0xD0, 0x00, 0x00, 0x7E, 0x00, 0x0B, 0xFF, 0xF8, 0x00, 0x03, 0xF4, 0x00, 0x00,
    0x00, 0x00, 0x00, 0x0F, 0xC0, 0x00, 0x00, 0x00, 0x00, 0x00, 0xBD, 0x00, 0x00, 0x00, 0x00, 0x00,
    0x03, 0xE0, 0x00, 0x00, 0x00, 0x02, 0xE0, 0x3F, 0x00, 0x00, 0x00, 0x00, 0x1F, 0xC2, 0xF0, 0x00,
    0x00, 0x00, 0x00, 0x3C, 0x2F, 0x00, 0x00, 0x00, 0x00, 0x00, 0x7F, 0x90, 0x00, 0x00, 0x00, 0x03,
    0xE0, 0x00, 0xBD, 0x03, 0x4D, 0x00, 0xE3, 0xC1, 0x83, 0xC0, 0xD1, 0xF0, 0xC1, 0xF0, 0xD0, 0x78,
    0x30, 0x78, 0xD0, 0x00, 0x04, 0x2E, 0xD0, 0x00, 0x00, 0x0F, 0xE5, 0x00, 0x00, 0x03, 0xC5, 0xFC,
    0x00, 0x01, 0xE0, 0x07, 0xC0, 0x00, 0xB4, 0x00, 0xB8, 0x00, 0x3C, 0x00, 0x2E, 0x00, 0x0F, 0x00,
    0x0B, 0x40, 0x07, 0x80, 0x03, 0xC0, 0x02, 0xD0, 0x00, 0xF0, 0x00, 0xB0, 0x00, 0x78, 0x00, 0x00,
    0x00, 0x2D, 0x00, 0x00, 0x00, 0x0F, 0x00, 0x00, 0x00, 0x07, 0xC0, 0x00, 0x0B, 0x02, 0xD0, 0x00,
    0x07, 0xD1, 0xE0, 0x00, 0x01, 0xE1, 0xE0, 0x00, 0x00, 0x1F, 0xD0, 0x00, 0x00, 0x00, 0x00, 0x1F,
    0xFF, 0xFF, 0xFF, 0xFC, 0x00, 0x00, 0x03, 0x80, 0x01, 0xFC, 0x00, 0x00, 0x00, 0x0C, 0x00, 0x07,
    0xD0, 0x00, 0x00, 0x00, 0x30, 0x00, 0x2F, 0x00, 0x00, 0x00, 0x01, 0x80, 0x00, 0xFC, 0x00, 0x00,
    0x00, 0x09, 0x00, 0x03, 0xE0, 0x00, 0x00, 0x00, 0x30, 0x00, 0x1F, 0x40, 0x00, 0x00, 0x01, 0xC0,
    0x00, 0xBC, 0x00, 0x00, 0x00, 0x0A, 0x00, 0x03, 0xF0, 0x00, 0x00, 0x00, 0x30, 0x00, 0x0F, 0x80,
    0x00, 0x00, 0x00, 0xC0, 0x00, 0x7D, 0x00, 0x00, 0x00, 0x0A, 0x00, 0x02, 0xF0, 0x00, 0x00, 0x00,
    0x30, 0x00, 0x0F, 0xC0, 0x00, 0x00, 0x01, 0xC0, 0x00, 0x3E, 0x00, 0x00, 0x00, 0x09, 0x00, 0x01,
    0xF4, 0x00, 0x00, 0x00, 0x30, 0x00, 0x0B, 0xC0, 0x00, 0x00, 0x02, 0x80, 0x00, 0x3F, 0x00, 0x00,
    0xB4, 0x0C, 0x00, 0x00, 0xF8, 0x00, 0x07, 0xE0, 0xA0, 0x00, 0x07, 0xD0, 0x00, 0x2F, 0x03, 0x00,
    0x00, 0x2F, 0x00, 0x00, 0x90, 0x34, 0x00, 0x00, 0xFC, 0x00, 0x01, 0xC3, 0x80, 0x00, 0x07, 0xF4,
    0x00, 0x02, 0xF4, 0x00, 0x03, 0xFF, 0xFD, 0x00, 0x00, 0x00, 0x00, 0x00, 0x00, 0xE0, 0x00, 0x00,
    0x00, 0x00, 0x00, 0x0F, 0x00, 0x00, 0x00, 0x00, 0x00, 0x00, 0xB0, 0x00, 0x00, 0x00, 0x00, 0x00,
    0x0B, 0x40, 0x00, 0x00, 0x00, 0x00, 0x00, 0x74, 0x00, 0x00, 0x00, 0x00, 0x00, 0x03, 0x80, 0x00,
    0x00, 0x00, 0x00, 0x00, 0x00, 0x00, 0x00, 0x00, 0x00, 0x00, 0x03, 0xF0, 0x00, 0x00, 0x00, 0xD3,
    0xC0, 0x00, 0x00, 0x24, 0x2E, 0x00, 0x00, 0x03, 0x02, 0xE0, 0x00, 0x00, 0x90, 0x3D, 0x00, 0x00,
    0x0C, 0x03, 0xC0, 0x00, 0x02, 0x80, 0x7C, 0x00, 0x00, 0x30, 0x0B, 0x80, 0x00, 0x03, 0x00, 0xF4,
    0x00, 0x00, 0x60, 0x0F, 0x00, 0x00, 0x09, 0x01, 0xF0, 0x01, 0xD0, 0xC0, 0x2E, 0x00, 0x3E, 0x34,
    0x02, 0xD0, 0x83, 0xDE, 0x00, 0x2C, 0x38, 0x2F, 0x40, 0x00, 0xFA, 0x40, 0x00, 0x00, 0x00, 0x18,
    0x00, 0x00, 0x00, 0x02, 0xC0, 0x00, 0x00, 0x00, 0x3C, 0x00, 0x00, 0x00, 0x07, 0xC0, 0x00, 0x00,
    0x00, 0xF4, 0x00, 0x00, 0x00, 0x38, 0x00, 0x00, 0x00, 0x04, 0x00, 0x00, 0x1F, 0xFF, 0xF0, 0x0B,
    0xFF, 0xF8, 0x00, 0x03, 0xF4, 0x00, 0x01, 0xFC, 0x00, 0x00, 0x0F, 0x80, 0x00, 0x07, 0xD0, 0x00,
    0x00, 0x7D, 0x00, 0x00, 0x2F, 0x00, 0x00, 0x01, 0xF0, 0x00, 0x00, 0xFC, 0x00, 0x00, 0x0B, 0xC0,
    0x00, 0x03, 0xE0, 0x00, 0x00, 0x3F, 0x00, 0x00, 0x1F, 0x40, 0x00, 0x00, 0xF8, 0x00, 0x00, 0x7C,
    0x00, 0x00, 0x07, 0xD0, 0x00, 0x02, 0xF0, 0x00, 0x00, 0x2F, 0x00, 0x00, 0x0F, 0x80, 0x00, 0x00,
    0xFC, 0x00, 0x00, 0x3D, 0x00, 0x00, 0x03, 0xFF, 0xFF, 0xFF, 0xF0, 0x00, 0x00, 0x1F, 0x40, 0x00,
    0x0B, 0xC0, 0x00, 0x00, 0xBC, 0x00, 0x00, 0x3E, 0x00, 0x00, 0x03, 0xF0, 0x00, 0x00, 0xF4, 0x00,
    0x00, 0x0F, 0x80, 0x00, 0x07, 0xC0, 0x00, 0x00, 0x7D, 0x00, 0x00, 0x2F, 0x00, 0x00, 0x02, 0xF0,
    0x00, 0x00, 0xF8, 0x00, 0x00, 0x0F, 0xC0, 0x00, 0x03, 0xD0, 0x00, 0x00, 0x3E, 0x00, 0x00, 0x1F,
    0x00, 0x00, 0x01, 0xF4, 0x00, 0x00, 0xBC, 0x00, 0x00, 0x0F, 0xD0, 0x00, 0x03, 0xE0, 0x00, 0x0B,
    0xFF, 0xF8, 0x00, 0x0F, 0x40, 0x00, 0x00, 0x00, 0x00, 0x00, 0x7C, 0x00, 0x00, 0x00, 0x00, 0x00,
    0x02, 0xF0, 0x00, 0x00, 0x00, 0x00, 0x00, 0x0F, 0x80, 0x00, 0x00, 0x00, 0x02, 0xE0, 0x7C, 0x00,
    0x00, 0x00, 0x00, 0x1F, 0x83, 0xE0, 0x00, 0x00, 0x00, 0x00, 0x7C, 0x2E, 0x00, 0x00, 0x00, 0x00,
    0x00, 0x7F, 0x80, 0x00, 0x00, 0x00, 0x07, 0xE0, 0x00, 0x04, 0x0D, 0x74, 0x00, 0x0F, 0x28, 0x3C,
    0x00, 0x1E, 0x30, 0x3C, 0x00, 0x2D, 0x30, 0x78, 0x00, 0x3C, 0x00, 0xB4, 0x00, 0x7C, 0x00, 0xFF,
    0xFF, 0xF8, 0x00, 0xF0, 0x00, 0xF4, 0x01, 0xE0, 0x00, 0xF0, 0x02, 0xD0, 0x01, 0xF0, 0x03, 0xC0,
    0x02, 0xE0, 0x03, 0xC0, 0x03, 0xD0, 0x07, 0x80, 0x03, 0xC0, 0x0B, 0x40, 0x07, 0xC0, 0x0B, 0x00,
    0x07, 0x80, 0x00, 0x00, 0x0B, 0x40, 0x00, 0x00, 0x0F, 0x00, 0x00, 0x00, 0x1F, 0x00, 0x00, 0xB0,
    0x2D, 0x00, 0x01, 0xF4, 0x78, 0x00, 0x01, 0xE1, 0xE0, 0x00, 0x00, 0x7F, 0x40, 0x00, 0x00, 0x1F,
    0xFF, 0xF0, 0x0F, 0xFF, 0xF8, 0x00, 0x03, 0xF4, 0x00, 0x01, 0xFC, 0x00, 0x00, 0x0F, 0x80, 0x00,
    0x07, 0xD0, 0x00, 0x00, 0x3D, 0x00, 0x00, 0x2F, 0x00, 0x00, 0x01, 0xF0, 0x00, 0x00, 0xFC, 0x00,
    0x00, 0x0B, 0xC0, 0x00, 0x03, 0xE0, 0x00, 0x00, 0x3F, 0x00, 0x00, 0x1F, 0x40, 0x00, 0x00, 0xF8,
    0x00, 0x00, 0x7C, 0x00, 0x00, 0x07, 0xD0, 0x00, 0x02, 0xF0, 0x00, 0x00, 0x2F, 0x00, 0x00, 0x0F,
    0x80, 0x00, 0x00, 0xFC, 0x00, 0x00, 0x3D, 0x00, 0x00, 0x03, 0xFF, 0xFF, 0xFF, 0xF0, 0x00, 0x00,
    0x1F, 0x40, 0x00, 0x0B, 0xC0, 0x00, 0x00, 0xBC, 0x00, 0x00, 0x3E, 0x00, 0x00, 0x03, 0xF0, 0x00,
    0x00, 0xF4, 0x00, 0x00, 0x0F, 0x80, 0x00, 0x07, 0xC0, 0x00, 0x00, 0x7D, 0x00, 0x00, 0x2F, 0x00,
    0x00, 0x02, 0xF0, 0x00, 0x00, 0xF8, 0x00, 0x00, 0x0F, 0xC0, 0x00, 0x03, 0xD0, 0x00, 0x00, 0x3E,
    0x00, 0x00, 0x1F, 0x00, 0x00, 0x01, 0xF4, 0x00, 0x00, 0xFC, 0x00, 0x00, 0x0F, 0xD0, 0x00, 0x07,
    0xF0, 0x00, 0x0F, 0xFF, 0xFC, 0x03, 0xFF, 0xFE, 0x00, 0x00, 0x00, 0x00, 0x00, 0x00, 0xF0, 0x00,
    0x00, 0x00, 0x00, 0x00, 0x0B, 0x00, 0x00, 0x00, 0x00, 0x00, 0x00, 0xB4, 0x00, 0x00, 0x00, 0x00,
    0x00, 0x07, 0x40, 0x00, 0x00, 0x00, 0x00, 0x00, 0x78, 0x00, 0x00, 0x00, 0x00, 0x00, 0x03, 0x80,
    0x00, 0x00, 0x00, 0x00, 0x00, 0x00, 0x00, 0x00, 0x00, 0x7F, 0xFF, 0xC0, 0x3F, 0xFF, 0xF0, 0x3F,
    0x40, 0x00, 0x1F, 0xC0, 0x03, 0xE0, 0x00, 0x01, 0xF4, 0x00, 0x3D, 0x00, 0x00, 0x1F, 0x00, 0x07,
    0xC0, 0x00, 0x02, 0xF0, 0x00, 0xBC, 0x00, 0x00, 0x3E, 0x00, 0x0F, 0x80, 0x00, 0x03, 0xD0, 0x00,
    0xF4, 0x00, 0x00, 0x7C, 0x00, 0x1F, 0x40, 0x00, 0x0B, 0xC0, 0x01, 0xF0, 0x00, 0x00, 0xF8, 0x00,
    0x0F, 0x40, 0x00, 0x0F, 0x40, 0x00, 0x7C, 0x00, 0x16, 0xF0, 0x00, 0x00, 0xBF, 0xFE, 0x7F, 0x00,
    0x00, 0x00, 0x00, 0x03, 0xE0, 0x00, 0x00, 0x00, 0x00, 0x3D, 0x00, 0x00, 0x00, 0x00, 0x07, 0xC0,
    0x00, 0x00, 0x00, 0x00, 0xBC, 0x00, 0x00, 0x00, 0x00, 0x0F, 0x80, 0x00, 0x00, 0x00, 0x00, 0xF4,
    0x00, 0x00, 0x00, 0x00, 0x1F, 0x00, 0x00, 0x00, 0x00, 0x03, 0xF0, 0x00, 0x00, 0x00, 0x00, 0x7F,
    0x00, 0x00, 0x00, 0x02, 0xFF, 0xFF, 0x40, 0x00, 0x00, 0x3E, 0x00, 0x00, 0x00, 0x00, 0x07, 0x00,
    0x00, 0x00, 0x00, 0x00, 0xD0, 0x00, 0x00, 0x00, 0x00, 0x0C, 0x00, 0x00, 0x00, 0x00, 0x02, 0x80,
    0x00, 0x00, 0x00, 0x00, 0x30, 0x00, 0x00, 0x00, 0x00, 0x01, 0x00, 0x00, 0x00, 0x00, 0x02, 0xE0,
    0x00, 0x00, 0x03, 0x4E, 0x00, 0x0F, 0x02, 0x83, 0xC0, 0x07, 0xC0, 0xC0, 0xF0, 0x02, 0xE0, 0x20,
    0x78, 0x00, 0xF4, 0x00, 0x2D, 0x00, 0x3C, 0x00, 0x0B, 0x40, 0x1F, 0x00, 0x01, 0xF0, 0x2F, 0x80,
    0x00, 0x1B, 0xF7, 0xD0, 0x00, 0x00, 0x00, 0xF0, 0x00, 0x00, 0x00, 0x7C, 0x24, 0x00, 0x00, 0x2E,
    0x0C, 0x00, 0x00, 0x0B, 0x47, 0x00, 0x00, 0x01, 0xE3, 0x40, 0x00, 0x00, 0x1F, 0x80, 0x00, 0x00,
    0x00, 0x20, 0x00, 0x00, 0x00, 0x08, 0x00, 0x04, 0x00, 0x06, 0x00, 0x01, 0x80, 0x0B, 0x00, 0x00,
    0x3F, 0xFF, 0x00, 0x00, 0x02, 0xFE, 0x00, 0x00, 0x00, 0x1F, 0xFE, 0x00, 0x00, 0x00, 0x3F, 0xFC,
    0x00, 0x03, 0xF8, 0x00, 0x00, 0x02, 0xFC, 0x00, 0x00, 0x0F, 0xF0, 0x00, 0x00, 0x1B, 0xE0, 0x00,
    0x00, 0x37, 0xC0, 0x00, 0x00, 0xCF, 0x40, 0x00, 0x00, 0xDF, 0x00, 0x00, 0x09, 0x7C, 0x00, 0x00,
    0x06, 0x3C, 0x00, 0x00, 0x32, 0xF0, 0x00, 0x00, 0x24, 0xF0, 0x00, 0x02, 0x0F, 0x80, 0x00, 0x00,
    0xC3, 0xD0, 0x00, 0x18, 0x3D, 0x00, 0x00, 0x03, 0x0F, 0x40, 0x00, 0xC1, 0xF0, 0x00, 0x00, 0x18,
    0x3E, 0x00, 0x05, 0x0B, 0xC0, 0x00, 0x00, 0x90, 0xB8, 0x00, 0x30, 0x3E, 0x00, 0x00, 0x03, 0x02,
    0xE0, 0x02, 0x40, 0xF4, 0x00, 0x00, 0x0C, 0x07, 0xC0, 0x08, 0x07, 0xC0, 0x00, 0x00, 0x60, 0x1F,
    0x00, 0xC0, 0x2E, 0x00, 0x00, 0x02, 0x40, 0x7C, 0x06, 0x00, 0xF4, 0x00, 0x00, 0x0C, 0x00, 0xF0,
    0x30, 0x03, 0xC0, 0x00, 0x00, 0x30, 0x03, 0xC2, 0x40, 0x1F, 0x00, 0x00, 0x01, 0x80, 0x0F, 0x4C,
    0x00, 0xB8, 0x00, 0x00, 0x09, 0x00, 0x3D, 0x80, 0x03, 0xD0, 0x00, 0x00, 0x30, 0x00, 0xFE, 0x00,
    0x0F, 0x00, 0x00, 0x01, 0xC0, 0x02, 0xF0, 0x00, 0x7C, 0x00, 0x00, 0x1F, 0x40, 0x0B, 0x40, 0x03,
    0xF0, 0x00, 0x0B, 0xFF, 0xD0, 0x18, 0x03, 0xFF, 0xFE, 0x00, 0x00, 0x00, 0x00, 0x00, 0x00, 0x00,
    0xF0, 0x00, 0x00, 0x00, 0x00, 0x00, 0x00, 0x0B, 0x00, 0x00, 0x00, 0x00, 0x00, 0x00, 0x00, 0xB4,
    0x00, 0x00, 0x00, 0x00, 0x00, 0x00, 0x07, 0x40, 0x00, 0x00, 0x00, 0x00, 0x00, 0x00, 0x78, 0x00,
    0x00, 0x00, 0x00, 0x00, 0x00, 0x03, 0x80, 0x00, 0x00, 0x00, 0x00, 0x00, 0x00, 0x00, 0x00, 0x00,
    0x00, 0x00, 0x00, 0x7C, 0x00, 0x00, 0x7C, 0x00, 0x00, 0xBC, 0x00, 0x00, 0xF8, 0x00, 0x00, 0xFD,
    0x00, 0x02, 0xF4, 0x00, 0x00, 0xED, 0x00, 0x09, 0xF0, 0x00, 0x01, 0x9E, 0x00, 0x09, 0xF0, 0x00,
    0x02, 0x4F, 0x00, 0x22, 0xE0, 0x00, 0x03, 0x0F, 0x00, 0x83, 0xD0, 0x00, 0x03, 0x0F, 0x01, 0x43,
    0xC0, 0x00, 0x06, 0x0B, 0x42, 0x07, 0xC0, 0x00, 0x09, 0x0B, 0x88, 0x0B, 0x80, 0x1D, 0x0C, 0x07,
    0x94, 0x0F, 0x40, 0x3E, 0x24, 0x03, 0xE0, 0x0F, 0x06, 0x3D, 0xA0, 0x03, 0xC0, 0x0F, 0x1D, 0x2F,
    0x40, 0x01, 0x00, 0x07, 0xEC, 0x00, 0x00, 0x00, 0x00, 0x00, 0x0D, 0x00, 0x00, 0x00, 0x00, 0x00,
    0x0E, 0x00, 0x00, 0x00, 0x00, 0x00, 0x0F, 0x00, 0x00, 0x00, 0x00, 0x00, 0x2E, 0x00, 0x00, 0x00,
    0x00, 0x00, 0x7C, 0x00, 0x00, 0x00, 0x00, 0x01, 0xE0, 0x00, 0x00, 0x00, 0x00, 0x01, 0x00, 0x00,
    0x00, 0x00, 0x08, 0x00, 0x08, 0x00, 0x00, 0x00, 0x0C, 0x00, 0x28, 0x00, 0x00, 0x00, 0x0A, 0x01,
    0xE0, 0x00, 0x00, 0x00, 0x02, 0xFE, 0x40, 0x00, 0x00, 0x00, 0x00, 0x00, 0x00, 0x00, 0x00, 0x00,
    0x00, 0xA0, 0x00, 0x00, 0x00, 0x00, 0x01, 0xF0, 0x00, 0x00, 0x00, 0x00, 0x03, 0xF0, 0x00, 0x00,
    0x00, 0x00, 0x07, 0xF0, 0x00, 0x00, 0x00, 0x00, 0x0F, 0xF0, 0x00, 0x00, 0x00, 0x00, 0x2E, 0xF0,
    0x00, 0x00, 0x00, 0x00, 0x32, 0xF0, 0x00, 0x00, 0x00, 0x00, 0xA2, 0xF0, 0x00, 0x00, 0x00, 0x00,
    0xC1, 0xF0, 0x00, 0x00, 0x00, 0x03, 0x41, 0xF4, 0x00, 0x00, 0x00, 0x07, 0x01, 0xF4, 0x00, 0x00,
    0x00, 0x0C, 0x00, 0xF4, 0x00, 0x00, 0x00, 0x18, 0x00, 0xF8, 0x00, 0x00, 0x00, 0x30, 0x00, 0xF8,
    0x00, 0x00, 0x00, 0x90, 0x00, 0xF8, 0x00, 0x00, 0x00, 0xFF, 0xFF, 0xF8, 0x00, 0x00, 0x02, 0x40,
    0x00, 0xFC, 0x00, 0x00, 0x02, 0x00, 0x00, 0xFC, 0x00, 0x00, 0x0C, 0x00, 0x00, 0xFC, 0x00, 0x00,
    0x18, 0x00, 0x00, 0xBC, 0x00, 0x00, 0x30, 0x00, 0x00, 0xBC, 0x00, 0x00, 0xB0, 0x00, 0x00, 0xBC,
    0x00, 0x02, 0xF0, 0x00, 0x00, 0xFD, 0x00, 0x3F, 0xFD, 0x00, 0x1F, 0xFF, 0xE0, 0x00, 0x00, 0x00,
    0x00, 0x00, 0x00, 0x00, 0x08, 0x00, 0x05, 0x00, 0x09, 0x00, 0x0C, 0x00, 0x03, 0x40, 0xB0, 0x00,
    0x00, 0xBF, 0x80, 0x00, 0x00, 0x00, 0x00, 0x00, 0x00, 0x00, 0x00, 0x00, 0x0B, 0xF0, 0x00, 0x00,
    0x3D, 0x1D, 0xD0, 0x00, 0xF0, 0x0B, 0xD0, 0x03, 0xD0, 0x07, 0xC0, 0x0B, 0xC0, 0x07, 0xC0, 0x0F,
    0x40, 0x0B, 0x80, 0x1F, 0x00, 0x0F, 0x40, 0x2F, 0x00, 0x0F, 0x00, 0x3E, 0x00, 0x0F, 0x00, 0x3D,
    0x00, 0x1E, 0x00, 0x3D, 0x00, 0x2D, 0x0C, 0x3C, 0x00, 0x3C, 0x18, 0x1D, 0x00, 0xBC, 0x34, 0x0F,
    0x07, 0x2C, 0x70, 0x02, 0xF8, 0x0B, 0xC0, 0x00, 0x00, 0x00, 0x0B, 0x80, 0xB4, 0x00, 0x00, 0x00,
    0x7F, 0x0B, 0xF0, 0x00, 0x00, 0x01, 0xF4, 0x1F, 0x00, 0x00, 0x00, 0x00, 0x00, 0x00, 0x00, 0x00,
    0x00, 0x00, 0x00, 0x00, 0x00, 0x00, 0x00, 0x02, 0x80, 0x00, 0x00, 0x00, 0x00, 0x1F, 0x00, 0x00,
    0x00, 0x00, 0x00, 0xFC, 0x00, 0x00, 0x00, 0x00, 0x07, 0xF0, 0x00, 0x00, 0x00, 0x00, 0x3F, 0xC0,
    0x00, 0x00, 0x00, 0x02, 0xEF, 0x00, 0x00, 0x00, 0x00, 0x0C, 0xBC, 0x00, 0x00, 0x00, 0x00, 0xA2,
    0xF0, 0x00, 0x00, 0x00, 0x03, 0x07, 0xC0, 0x00, 0x00, 0x00, 0x34, 0x1F, 0x40, 0x00, 0x00, 0x01,
    0xC0, 0x7D, 0x00, 0x00, 0x00, 0x0C, 0x00, 0xF4, 0x00, 0x00, 0x00, 0x60, 0x03, 0xE0, 0x00, 0x00,
    0x03, 0x00, 0x0F, 0x80, 0x00, 0x00, 0x24, 0x00, 0x3E, 0x00, 0x00, 0x00, 0xFF, 0xFF, 0xF8, 0x00,
    0x00, 0x09, 0x00, 0x03, 0xF0, 0x00, 0x00, 0x20, 0x00, 0x0F, 0xC0, 0x00, 0x03, 0x00, 0x00, 0x3F,
    0x00, 0x00, 0x18, 0x00, 0x00, 0xBC, 0x00, 0x00, 0xC0, 0x00, 0x02, 0xF0, 0x00, 0x0B, 0x00, 0x00,
    0x0B, 0xC0, 0x00, 0xBC, 0x00, 0x00, 0x3F, 0x40, 0x3F, 0xFD, 0x00, 0x1F, 0xFF, 0xE0, 0x00, 0x00,
    0x00, 0x00, 0x00, 0x00, 0x00, 0x03, 0xD0, 0x7D, 0x00, 0x0F, 0xE0, 0xFD, 0x00, 0x0B, 0x80, 0xB8,
    0x00, 0x00, 0x00, 0x00, 0x00, 0x00, 0x00, 0x00, 0x00, 0x00, 0x00, 0x00, 0x00, 0x0B, 0xF0, 0x00,
    0x00, 0x3D, 0x1D, 0xD0, 0x00, 0xF0, 0x0B, 0xD0, 0x03, 0xD0, 0x07, 0xC0, 0x0B, 0xC0, 0x07, 0xC0,
    0x0F, 0x40, 0x0B, 0x80, 0x1F, 0x00, 0x0F, 0x40, 0x2F, 0x00, 0x0F, 0x00, 0x3E, 0x00, 0x0F, 0x00,
    0x3D, 0x00, 0x1E, 0x00, 0x3D, 0x00, 0x2D, 0x0C, 0x3C, 0x00, 0x3C, 0x18, 0x1D, 0x00, 0xBC, 0x34,
    0x0F, 0x07, 0x2C, 0x70, 0x02, 0xF8, 0x0B, 0xC0, 0x00, 0x00, 0x00, 0x2F, 0xFF, 0xFF, 0xFF, 0xF0,
    0x00, 0x00, 0x00, 0x0A, 0xBE, 0x00, 0x07, 0xC0, 0x00, 0x00, 0x00, 0x31, 0xF0, 0x00, 0x0B, 0x00,
    0x00, 0x00, 0x02, 0x4B, 0xC0, 0x00, 0x1C, 0x00, 0x00, 0x00, 0x18, 0x3E, 0x00, 0x00, 0x60, 0x00,
    0x00, 0x00, 0xC0, 0xF4, 0x00, 0x01, 0x80, 0x00, 0x00, 0x06, 0x07, 0xC0, 0x00, 0x05, 0x00, 0x00,
    0x00, 0x30, 0x2F, 0x00, 0x00, 0x00, 0x00, 0x00, 0x02, 0x40, 0xF8, 0x00, 0x80, 0x00, 0x00, 0x00,
    0x08, 0x07, 0xD0, 0x03, 0x00, 0x00, 0x00, 0x00, 0x80, 0x2F, 0x00, 0x78, 0x00, 0x00, 0x00, 0x07,
    0xFF, 0xFF, 0xFF, 0xD0, 0x00, 0x00, 0x00, 0x20, 0x03, 0xD0, 0x0B, 0x00, 0x00, 0x00, 0x01, 0x40,
    0x1F, 0x40, 0x1C, 0x00, 0x00, 0x00, 0x0C, 0x00, 0x7C, 0x00, 0x60, 0x24, 0x00, 0x00, 0x90, 0x02,
    0xF0, 0x02, 0x40, 0xC0, 0x00, 0x03, 0x00, 0x0F, 0x80, 0x00, 0x06, 0x00, 0x00, 0x24, 0x00, 0x3D,
    0x00, 0x00, 0x30, 0x00, 0x00, 0xC0, 0x01, 0xF0, 0x00, 0x01, 0xC0, 0x00, 0x0D, 0x00, 0x0B, 0xC0,
    0x00, 0x0D, 0x00, 0x00, 0xB0, 0x00, 0x3E, 0x00, 0x00, 0xF0, 0x00, 0x0B, 0xC0, 0x01, 0xF8, 0x00,
    0x2F, 0x80, 0x03, 0xFF, 0xD0, 0xBF, 0xFF, 0xFF, 0xFD, 0x00, 0x00, 0x00, 0x00, 0x00, 0x00, 0x00,
    0x00, 0x06, 0xF8, 0x70, 0xBF, 0x40, 0x0B, 0x82, 0xBD, 0xD0, 0x70, 0x0B, 0x80, 0x3F, 0xC0, 0x0A,
    0x07, 0xC0, 0x0B, 0xC0, 0x02, 0x83, 0xD0, 0x02, 0xD0, 0x01, 0xC2, 0xF0, 0x00, 0xF0, 0x06, 0xD0,
    0xF8, 0x00, 0x3F, 0xFE, 0x40, 0x3D, 0x00, 0x1E, 0x00, 0x00, 0x1F, 0x00, 0x07, 0x40, 0x00, 0x07,
    0xC0, 0x02, 0xC0, 0x00, 0x01, 0xF0, 0x00, 0xF0, 0x00, 0x04, 0x3C, 0x00, 0xDD, 0x00, 0x07, 0x0F,
    0x00, 0x93, 0x80, 0x07, 0x01, 0xE0, 0xE0, 0x34, 0x1F, 0x00, 0x1F, 0xD0, 0x02, 0xF9, 0x00, 0x00,
    0x00, 0x00, 0x80, 0x00, 0x80, 0x00, 0x00, 0x03, 0x00, 0x0A, 0x00, 0x00, 0x00, 0x0A, 0x01, 0xA0,
    0x00, 0x00, 0x00, 0x0B, 0xF9, 0x00, 0x00, 0x00, 0x00, 0x00, 0x00, 0x00, 0x00, 0x00, 0x00, 0x00,
    0x00, 0x00, 0x01, 0xFF, 0xFF, 0xFF, 0xFF, 0x40, 0x00, 0x3F, 0x00, 0x00, 0x7D, 0x00, 0x00, 0xFC,
    0x00, 0x00, 0x74, 0x00, 0x03, 0xE0, 0x00, 0x00, 0xC0, 0x00, 0x1F, 0x40, 0x00, 0x03, 0x00, 0x00,
    0xBC, 0x00, 0x00, 0x0C, 0x00, 0x03, 0xF0, 0x00, 0x00, 0x20, 0x00, 0x0F, 0x80, 0x00, 0x00, 0x00,
    0x00, 0x7D, 0x00, 0x20, 0x00, 0x00, 0x02, 0xF0, 0x00, 0xC0, 0x00, 0x00, 0x0F, 0xC0, 0x0F, 0x00,
    0x00, 0x00, 0x3F, 0xFF, 0xF8, 0x00, 0x00, 0x01, 0xF4, 0x02, 0xD0, 0x00, 0x00, 0x0B, 0xC0, 0x03,
    0x00, 0x00, 0x00, 0x3F, 0x00, 0x1C, 0x00, 0x00, 0x00, 0xF8, 0x00, 0x50, 0x06, 0x00, 0x07, 0xD0,
    0x00, 0x00, 0x30, 0x00, 0x2F, 0x00, 0x00, 0x01, 0xC0, 0x00, 0xFC, 0x00, 0x00, 0x0D, 0x00, 0x03,
    0xE0, 0x00, 0x00, 0xB0, 0x00, 0x1F, 0x40, 0x00, 0x0B, 0x40, 0x00, 0xFC, 0x00, 0x01, 0xFC, 0x00,
    0xFF, 0xFF, 0xFF, 0xFF, 0xE0, 0x00, 0x00, 0x40, 0x00, 0x20, 0x05, 0x00, 0x0C, 0x00, 0x34, 0x07,
    0x40, 0x00, 0xBF, 0x80, 0x00, 0x00, 0x00, 0x00, 0x00, 0x00, 0x00, 0x00, 0x1B, 0xF4, 0x00, 0x0F,
    0x81, 0xC0, 0x03, 0xC0, 0x0A, 0x00, 0xF4, 0x00, 0xA0, 0x2F, 0x00, 0x1C, 0x03, 0xD0, 0x1B, 0x40,
    0x7F, 0xFE, 0x40, 0x0B, 0xC0, 0x00, 0x00, 0xF8, 0x00, 0x00, 0x0F, 0x80, 0x00, 0x00, 0xB4, 0x00,
    0x01, 0x07, 0x80, 0x00, 0xA0, 0x3C, 0x00, 0x28, 0x01, 0xE0, 0x2D, 0x00, 0x07, 0xFD, 0x00, 0x00,
    0x00, 0x20, 0x0B, 0xFE, 0x00, 0x00, 0x0E, 0x2D, 0x01, 0xF4, 0x00, 0x07, 0xF4, 0x00, 0x0F, 0x40,
    0x02, 0xF4, 0x00, 0x01, 0xF0, 0x00, 0xF4, 0x00, 0x00, 0x3E, 0x00, 0x38, 0x00, 0x00, 0x0B, 0xC0,
    0x1C, 0x00, 0x00, 0x02, 0xF0, 0x05, 0x00, 0x00, 0x00, 0xBD, 0x00, 0x00, 0x00, 0x00, 0x2F, 0x40,
    0x00, 0x00, 0x00, 0x0B, 0xD0, 0x00, 0x00, 0x00, 0x03, 0xF0, 0x00, 0x00, 0x00, 0x00, 0xFC, 0x2F,
    0xFF, 0xFF, 0xFF, 0xFE, 0x0F, 0xC0, 0x00, 0x00, 0x2F, 0x43, 0xF0, 0x00, 0x00, 0x0F, 0xC0, 0xF8,
    0x00, 0x00, 0x07, 0xD0, 0x3E, 0x00, 0x00, 0x03, 0xF0, 0x0F, 0x40, 0x00, 0x02, 0xF0, 0x03, 0xE0,
    0x00, 0x01, 0xF4, 0x00, 0xBC, 0x00, 0x00, 0xF4, 0x00, 0x0F, 0x40, 0x01, 0xF0, 0x00, 0x01, 0xF8,
    0x07, 0xE0, 0x00, 0x00, 0x07, 0xFF, 0x40, 0x00, 0x00, 0x00, 0x0B, 0xF8, 0x00, 0x07, 0x41, 0xF0,
    0x02, 0xC0, 0x07, 0x80, 0x30, 0x00, 0x3C, 0x00, 0x00, 0x03, 0xC0, 0x00, 0x00, 0x7C, 0x00, 0x1B,
    0xFF, 0xC0, 0x2E, 0x40, 0xFC, 0x0E, 0x00, 0x0F, 0x43, 0x80, 0x02, 0xF0, 0x30, 0x00, 0x3D, 0x03,
    0x00, 0x0F, 0x40, 0x30, 0x02, 0xD0, 0x02, 0x81, 0xF4, 0x00, 0x0B, 0xF4, 0x00, 0x00, 0x00, 0x00,
    0x00, 0x00, 0x00, 0x00, 0x00, 0x00, 0x1F, 0x01, 0xF0, 0x00, 0x00, 0x03, 0xF4, 0x3F, 0x40, 0x00,
    0x00, 0x2E, 0x02, 0xE0, 0x00, 0x00, 0x00, 0x00, 0x00, 0x00, 0x00, 0x00, 0x00, 0x00, 0x00, 0x00,
    0x00, 0x00, 0x00, 0x00, 0x00, 0x02, 0x00, 0x6F, 0xF8, 0x00, 0x00, 0x38, 0x79, 0x01, 0xF4, 0x00,
    0x07, 0xF8, 0x00, 0x03, 0xD0, 0x00, 0xBD, 0x00, 0x00, 0x0F, 0x00, 0x0F, 0x40, 0x00, 0x00, 0xBC,
    0x00, 0xE0, 0x00, 0x00, 0x07, 0xC0, 0x1C, 0x00, 0x00, 0x00, 0x3D, 0x01, 0x40, 0x00, 0x00, 0x03,
    0xE0, 0x00, 0x00, 0x00, 0x00, 0x7E, 0x00, 0x00, 0x00, 0x00, 0x07, 0xE0, 0x00, 0x00, 0x00, 0x00,
    0xBE, 0x00, 0x00, 0x00, 0x00, 0x0B, 0xD2, 0xFF, 0xFF, 0xFF, 0xFF, 0xFC, 0x3F, 0x00, 0x00, 0x00,
    0x1F, 0x83, 0xF0, 0x00, 0x00, 0x02, 0xF4, 0x3E, 0x00, 0x00, 0x00, 0x3E, 0x03, 0xE0, 0x00, 0x00,
    0x0B, 0xC0, 0x3E, 0x00, 0x00, 0x01, 0xF4, 0x03, 0xE0, 0x00, 0x00, 0x3E, 0x00, 0x2F, 0x00, 0x00,
    0x0F, 0x80, 0x00, 0xF8, 0x00, 0x07, 0xD0, 0x00, 0x02, 0xF4, 0x07, 0xE0, 0x00, 0x00, 0x06, 0xFF,
    0x90, 0x00, 0x00, 0x00, 0x07, 0xC0, 0x7C, 0x00, 0x0F, 0xD0, 0xFC, 0x00, 0x0F, 0x80, 0xF4, 0x00,
    0x00, 0x00, 0x00, 0x00, 0x00, 0x00, 0x00, 0x00, 0x00, 0x00, 0x00, 0x00, 0x1B, 0xF4, 0x00, 0x00,
    0xB4, 0x1F, 0x00, 0x03, 0x80, 0x07, 0x80, 0x02, 0x00, 0x03, 0xC0, 0x00, 0x00, 0x03, 0xC0, 0x00,
    0x00, 0x07, 0xC0, 0x00, 0x1B, 0xFF, 0xC0, 0x02, 0xE4, 0x0F, 0xC0, 0x0E, 0x00, 0x0F, 0x40, 0x38,
    0x00, 0x2F, 0x00, 0x30, 0x00, 0x3C, 0x00, 0x30, 0x00, 0xF4, 0x00, 0x30, 0x02, 0xD0, 0x00, 0x28,
    0x1F, 0x40, 0x00, 0x0B, 0xF4, 0x00, 0x00, 0x00, 0x00, 0x00, 0x00, 0x00, 0x10, 0x01, 0x00, 0x00,
    0x00, 0x00, 0x00, 0x00, 0x00, 0x07, 0xE0, 0x7D, 0x00, 0x00, 0x00, 0x00, 0x00, 0x00, 0x00, 0x3F,
    0x83, 0xF4, 0x00, 0x00, 0x00, 0x00, 0x00, 0x00, 0x00, 0x7C, 0x0B, 0x80, 0x00, 0x00, 0x00, 0x00,
    0x00, 0x00, 0x00, 0x00, 0x00, 0x00, 0x00, 0x00, 0x00, 0x00, 0x00, 0x00, 0x00, 0x00, 0x00, 0x00,
    0x00, 0x00, 0x00, 0x00, 0x00, 0x00, 0x00, 0x00, 0x00, 0x00, 0x00, 0x00, 0x01, 0x55, 0x90, 0x01,
    0x95, 0x55, 0x00, 0x19, 0x55, 0x00, 0x06, 0xFF, 0x40, 0x05, 0xBF, 0xA4, 0x00, 0x7F, 0xE4, 0x00,
    0x01, 0xF0, 0x00, 0x01, 0xF8, 0x00, 0x00, 0xB8, 0x00, 0x00, 0x01, 0xC0, 0x00, 0x0B, 0xC0, 0x00,
    0x07, 0x00, 0x00, 0x00, 0x02, 0xC0, 0x00, 0x2F, 0x00, 0x00, 0xA0, 0x00, 0x00, 0x00, 0x03, 0x80,
    0x00, 0xF8, 0x00, 0x0A, 0x00, 0x00, 0x00, 0x00, 0x03, 0x00, 0x03, 0xD0, 0x00, 0xD0, 0x00, 0x00,
    0x00, 0x00, 0x0B, 0x00, 0x1F, 0x00, 0x1D, 0x00, 0x00, 0x00, 0x00, 0x00, 0x0E, 0x00, 0xBC, 0x01,
    0xC0, 0x00, 0x00, 0x00, 0x00, 0x00, 0x2D, 0x03, 0xE0, 0x2C, 0x00, 0x00, 0x00, 0x00, 0x00, 0x01,
    0xFC, 0x0F, 0x43, 0xF8, 0x00, 0x00, 0x00, 0x00, 0x00, 0x1F, 0xAC, 0x7C, 0x37, 0xF0, 0x00, 0x00,
    0x00, 0x00, 0x00, 0xF8, 0x36, 0xF7, 0x47, 0xD0, 0x00, 0x00, 0x00, 0x00, 0x0F, 0xC0, 0x7F, 0xF0,
    0x0F, 0x80, 0x00, 0x00, 0x00, 0x00, 0xFC, 0x00, 0xBF, 0x00, 0x2F, 0x00, 0x00, 0x00, 0x00, 0x0B,
    0xC0, 0x02, 0xF0, 0x00, 0x7D, 0x00, 0x00, 0x00, 0x00, 0xBC, 0x00, 0x0B, 0xC0, 0x00, 0xFC, 0x00,
    0x00, 0x00, 0x07, 0xD0, 0x00, 0x3E, 0x00, 0x02, 0xF0, 0x00, 0x00, 0x00, 0x7D, 0x00, 0x00, 0xF4,
    0x00, 0x03, 0xE0, 0x00, 0x00, 0x07, 0xE0, 0x00, 0x07, 0xC0, 0x00, 0x0F, 0xC0, 0x00, 0x00, 0x3F,
    0x00, 0x00, 0x2F, 0x00, 0x00, 0x2F, 0x40, 0x00, 0x07, 0xF4, 0x00, 0x01, 0xFC, 0x00, 0x00, 0xBF,
    0x00, 0x02, 0xFF, 0xF8, 0x00, 0xFF, 0xFF, 0x40, 0x2F, 0xFF, 0xC0, 0x00, 0x00, 0x00, 0x00, 0x00,
    0xF4, 0x1F, 0x40, 0x00, 0x00, 0x00, 0x00, 0x00, 0xFE, 0x0F, 0xD0, 0x00, 0x00, 0x00, 0x00, 0x00,
    0x2E, 0x02, 0xE0, 0x00, 0x00, 0x00, 0x00, 0x00, 0x00, 0x00, 0x00, 0x00, 0x00, 0x00, 0x00, 0x00,
    0x00, 0x00, 0x00, 0x00, 0x00, 0x00, 0x00, 0x00, 0x00, 0x00, 0x00, 0x00, 0x00, 0x00, 0x02, 0xFE,
    0x00, 0x01, 0xC0, 0x00, 0x6F, 0xD0, 0x07, 0x81, 0xF0, 0x00, 0xF0, 0x00, 0xB8, 0x09, 0x03, 0x40,
    0x1E, 0x00, 0x3C, 0x00, 0xF4, 0x07, 0xC3, 0x40, 0x03, 0xC0, 0x1E, 0x00, 0xF4, 0x03, 0xE1, 0x80,
    0x00, 0xF0, 0x0B, 0x40, 0xBC, 0x00, 0xB4, 0x40, 0x00, 0x3C, 0x03, 0xC0, 0x3D, 0x00, 0x00, 0x00,
    0x00, 0x1F, 0xFF, 0xFF, 0xFF, 0x00, 0x00, 0x00, 0x00, 0x0B, 0xC0, 0x78, 0x0F, 0xC0, 0x00, 0x00,
    0x00, 0x03, 0xE0, 0x2D, 0x03, 0xE0, 0x00, 0x00, 0x00, 0x00, 0xF4, 0x0F, 0x00, 0xF4, 0x00, 0x00,
    0x3C, 0x00, 0xBC, 0x03, 0xC0, 0x3D, 0x00, 0x00, 0x2F, 0x00, 0x7C, 0x01, 0xE0, 0x0B, 0x40, 0x00,
    0xAB, 0x80, 0x3C, 0x00, 0xB4, 0x01, 0xE0, 0x00, 0xA0, 0xD0, 0x7C, 0x00, 0x3D, 0x00, 0x2D, 0x02,
    0xE0, 0x1F, 0xF4, 0x00, 0x0F, 0x00, 0x01, 0xFF, 0x80, 0x00, 0x00, 0x00, 0x0B, 0x40, 0xF4, 0x00,
    0x00, 0xBF, 0x0B, 0xE0, 0x00, 0x01, 0xF0, 0x1F, 0x00, 0x00, 0x00, 0x00, 0x00, 0x00, 0x00, 0x00,
    0x00, 0x00, 0x00, 0x00, 0x00, 0x00, 0x00, 0x02, 0x41, 0xBF, 0xE0, 0x00, 0x0F, 0xB9, 0x02, 0xF4,
    0x00, 0x3F, 0x00, 0x02, 0xF0, 0x01, 0xE0, 0x00, 0x07, 0xE0, 0x0B, 0x00, 0x00, 0x0F, 0x80, 0x34,
    0x00, 0x00, 0x7E, 0x00, 0xC0, 0x00, 0x03, 0xF0, 0x00, 0x00, 0x00, 0x2F, 0x40, 0x00, 0x00, 0x01,
    0xF4, 0x00, 0x00, 0x00, 0x7E, 0x00, 0x00, 0x03, 0xFF, 0x80, 0x00, 0x00, 0x00, 0x07, 0xD0, 0x00,
    0x00, 0x00, 0x03, 0xE0, 0x00, 0x00, 0x00, 0x0B, 0xC0, 0x00, 0x00, 0x00, 0x1F, 0x80, 0x00, 0x00,
    0x00, 0x7E, 0x03, 0x00, 0x00, 0x02, 0xF8, 0x18, 0x00, 0x00, 0x0F, 0xC0, 0x60, 0x00, 0x00, 0x7E,
    0x00, 0xC0, 0x00, 0x03, 0xF0, 0x03, 0x80, 0x00, 0x3F, 0x00, 0x03, 0xD0, 0x1B, 0xD0, 0x00, 0x01,
    0xBF, 0xE4, 0x00, 0x00, 0x00, 0x00, 0x00, 0x00, 0x00, 0x07, 0xC0, 0x7C, 0x00, 0x0F, 0xD0, 0xFC,
    0x00, 0x0B, 0x80, 0xF4, 0x00, 0x00, 0x00, 0x00, 0x00, 0x00, 0x00, 0x00, 0x00, 0x00, 0x00, 0x00,
    0x00, 0x1F, 0xF8, 0x00, 0x00, 0xF4, 0x0F, 0x40, 0x03, 0x80, 0x07, 0xC0, 0x02, 0x00, 0x0B, 0xC0,
    0x00, 0x00, 0x0F, 0x40, 0x00, 0x00, 0x7D, 0x00, 0x00, 0xFF, 0xF0, 0x00, 0x00, 0x00, 0x7C, 0x00,
    0x00, 0x00, 0x1F, 0x00, 0x38, 0x00, 0x1F, 0x00, 0xBC, 0x00, 0x2F, 0x00, 0xF4, 0x00, 0x3E, 0x00,
    0x90, 0x00, 0xBC, 0x00, 0x38, 0x07, 0xE0, 0x00, 0x0B, 0xFE, 0x00, 0x00, 0x00, 0x2F, 0xFF, 0xFF,
    0xFC, 0x00, 0xFF, 0xFF, 0xFF, 0xE0, 0x07, 0xE0, 0x00, 0x07, 0x00, 0x3C, 0x00, 0x00, 0xA0, 0x00,
    0xC0, 0x00, 0x0D, 0x00, 0x0A, 0x00, 0x00, 0xD0, 0x00, 0x30, 0x00, 0x1C, 0x00, 0x00, 0x00, 0x02,
    0x80, 0x00, 0x00, 0x00, 0x38, 0x00, 0x00, 0x00, 0x07, 0x40, 0x00, 0x00, 0x00, 0x7F, 0xE0, 0x00,
    0x00, 0x02, 0x41, 0xF8, 0x00, 0x00, 0x00, 0x00, 0xF4, 0x00, 0x00, 0x00, 0x03, 0xF0, 0x00, 0x00,
    0x00, 0x0F, 0xC0, 0x00, 0x00, 0x00, 0x3F, 0x00, 0x3C, 0x00, 0x01, 0xFC, 0x02, 0xF4, 0x00, 0x0B,
    0xD0, 0x0F, 0x80, 0x00, 0x3F, 0x00, 0x34, 0x00, 0x02, 0xF0, 0x00, 0xB0, 0x00, 0x2F, 0x40, 0x00,
    0xF4, 0x07, 0xF0, 0x00, 0x00, 0x6F, 0xF9, 0x00, 0x00, 0x00, 0x00, 0x00, 0x00, 0x00, 0x00, 0x3F,
    0xFF, 0xFD, 0x00, 0xB4, 0x00, 0x3C, 0x00, 0xD0, 0x00, 0xE0, 0x01, 0xC0, 0x03, 0x80, 0x00, 0x00,
    0x0E, 0x00, 0x00, 0x00, 0x34, 0x00, 0x00, 0x00, 0xD0, 0x00, 0x00, 0x03, 0x40, 0x00, 0x00, 0x0F,
    0xE0, 0x00, 0x00, 0x14, 0x3C, 0x00, 0x00, 0x00, 0x1E, 0x00, 0x00, 0x00, 0x0F, 0x00, 0x00, 0x00,
    0x1F, 0x00, 0x00, 0x00, 0x1F, 0x00, 0x2C, 0x00, 0x2F, 0x00, 0x7C, 0x00, 0x3E, 0x00, 0x78, 0x00,
    0x7C, 0x00, 0x60, 0x00, 0xF4, 0x00, 0x30, 0x02, 0xE0, 0x00, 0x2D, 0x0B, 0x80, 0x00, 0x07, 0xF8,
    0x00, 0x00, 0x00, 0x00, 0x00, 0x7F, 0xFF, 0xFC, 0x00, 0x00, 0x00, 0x00, 0x00, 0x00, 0x00, 0x00,
    0x00, 0x00, 0x00, 0x00, 0x00, 0x00, 0x00, 0x00, 0x00, 0x00, 0x00, 0x00, 0x00, 0x00, 0x00, 0x00,
    0x00, 0x00, 0x00, 0x00, 0x00, 0x00, 0x00, 0x00, 0x00, 0x00, 0x00, 0x01, 0xFF, 0xFF, 0x00, 0xFF,
    0xFF, 0x80, 0x00, 0x3F, 0x40, 0x00, 0x1F, 0xC0, 0x00, 0x00, 0xFC, 0x00, 0x00, 0xBD, 0x00, 0x00,
    0x03, 0xE0, 0x00, 0x07, 0xF0, 0x00, 0x00, 0x1F, 0x40, 0x00, 0x7F, 0xC0, 0x00, 0x00, 0xBC, 0x00,
    0x03, 0xBE, 0x00, 0x00, 0x03, 0xF0, 0x00, 0x39, 0xF4, 0x00, 0x00, 0x0F, 0x80, 0x03, 0x8B, 0xC0,
    0x00, 0x00, 0x7D, 0x00, 0x2C, 0x3F, 0x00, 0x00, 0x02, 0xF0, 0x01, 0xC0, 0xF8, 0x00, 0x00, 0x0F,
    0xC0, 0x1C, 0x07, 0xD0, 0x00, 0x00, 0x3E, 0x00, 0xD0, 0x2F, 0x00, 0x00, 0x01, 0xF4, 0x0D, 0x00,
    0xFC, 0x00, 0x00, 0x0B, 0xC0, 0xE0, 0x03, 0xE0, 0x00, 0x00, 0x3F, 0x0A, 0x00, 0x1F, 0x40, 0x00,
    0x00, 0xF8, 0xB0, 0x00, 0xBC, 0x00, 0x00, 0x07, 0xD7, 0x00, 0x03, 0xF0, 0x00, 0x00, 0x2F, 0x70,
    0x00, 0x0F, 0x80, 0x00, 0x00, 0xFF, 0x40, 0x00, 0x7D, 0x00, 0x00, 0x03, 0xF4, 0x00, 0x02, 0xF0,
    0x00, 0x00, 0x1F, 0x80, 0x00, 0x0F, 0xC0, 0x00, 0x00, 0xFD, 0x00, 0x00, 0x7F, 0x00, 0x00, 0xFF,
    0xFF, 0xC0, 0x3F, 0xFF, 0xD0, 0x00, 0x00, 0x00, 0xFF, 0xFF, 0xE0, 0x00, 0x00, 0x00, 0x00, 0x00,
    0x00, 0x00, 0x00, 0x00, 0x00, 0x00, 0x00, 0x00, 0x00, 0x00, 0x00, 0x00, 0x00, 0x00, 0x00, 0x00,
    0x00, 0x00, 0x00, 0x00, 0x00, 0x00, 0x00, 0x00, 0x00, 0x00, 0x02, 0xF4, 0x00, 0x00, 0x00, 0xA2,
    0xC0, 0x00, 0xE0, 0x18, 0x2D, 0x00, 0x2E, 0x03, 0x03, 0xD0, 0x03, 0xD0, 0x30, 0x3C, 0x00, 0x3C,
    0x00, 0x07, 0x80, 0x07, 0xC0, 0x00, 0xF4, 0x00, 0xB8, 0x00, 0x0F, 0x00, 0x0F, 0x40, 0x01, 0xE0,
    0x00, 0xF0, 0x00, 0x2D, 0x00, 0x1F, 0x04, 0x03, 0xC0, 0x02, 0xE0, 0xC0, 0x3C, 0x00, 0x3D, 0x0C,
    0x02, 0xD0, 0x0B, 0xC2, 0x80, 0x0F, 0x07, 0x5D, 0x70, 0x00, 0x2F, 0xD0, 0xBD, 0x00, 0x00, 0x00,
    0x00, 0x1F, 0x01, 0xF0, 0x00, 0x00, 0x00, 0x00, 0xFD, 0x0F, 0xC0, 0x00, 0x00, 0x00, 0x02, 0xE0,
    0x3D, 0x00, 0x00, 0x00, 0x00, 0x00, 0x00, 0x00, 0x00, 0x00, 0x00, 0x00, 0x00, 0x00, 0x00, 0x00,
    0x00, 0x00, 0x00, 0x00, 0x00, 0x00, 0x00, 0x01, 0xFF, 0xFF, 0x00, 0xFF, 0xFF, 0x80, 0x00, 0x3F,
    0x40, 0x00, 0x1F, 0xC0, 0x00, 0x00, 0xFC, 0x00, 0x00, 0xBD, 0x00, 0x00, 0x03, 0xE0, 0x00, 0x07,
    0xF0, 0x00, 0x00, 0x1F, 0x40, 0x00, 0x7F, 0xC0, 0x00, 0x00, 0xBC, 0x00, 0x03, 0xBE, 0x00, 0x00,
    0x03, 0xF0, 0x00, 0x39, 0xF4, 0x00, 0x00, 0x0F, 0x80, 0x03, 0x8B, 0xC0, 0x00, 0x00, 0x7D, 0x00,
    0x2C, 0x3F, 0x00, 0x00, 0x02, 0xF0, 0x02, 0xC0, 0xF8, 0x00, 0x00, 0x0F, 0xC0, 0x1C, 0x07, 0xD0,
    0x00, 0x00, 0x3E, 0x00, 0xD0, 0x2F, 0x00, 0x00, 0x01, 0xF4, 0x0D, 0x00, 0xFC, 0x00, 0x00, 0x0B,
    0xC0, 0xE0, 0x03, 0xE0, 0x00, 0x00, 0x3F, 0x0A, 0x00, 0x1F, 0x40, 0x00, 0x00, 0xF8, 0xB0, 0x00,
    0xBC, 0x00, 0x00, 0x07, 0xD7, 0x00, 0x03, 0xF0, 0x00, 0x00, 0x2F, 0x70, 0x00, 0x0F, 0x80, 0x00,
    0x00, 0xFF, 0x40, 0x00, 0x7D, 0x00, 0x00, 0x03, 0xF4, 0x00, 0x02, 0xF0, 0x00, 0x00, 0x1F, 0x80,
    0x00, 0x0F, 0xC0, 0x00, 0x00, 0xFD, 0x00, 0x00, 0x7F, 0x00, 0x00, 0xFF, 0xFF, 0xC0, 0x3F, 0xFF,
    0xD0, 0x00, 0x00, 0x00, 0xB8, 0x0B, 0x80, 0x00, 0x1F, 0xC1, 0xFC, 0x00, 0x00, 0xF4, 0x1F, 0x40,
    0x00, 0x00, 0x00, 0x00, 0x00, 0x00, 0x00, 0x00, 0x00, 0x00, 0x00, 0x00, 0x00, 0x02, 0xF4, 0x00,
    0x00, 0x00, 0xA2, 0xC0, 0x00, 0xE0, 0x18, 0x2D, 0x00, 0x2E, 0x03, 0x03, 0xD0, 0x03, 0xD0, 0x30,
    0x3C, 0x00, 0x3C, 0x00, 0x07, 0x80, 0x07, 0xC0, 0x00, 0xF4, 0x00, 0xB8, 0x00, 0x0F, 0x00, 0x0F,
    0x40, 0x01, 0xE0, 0x00, 0xF0, 0x00, 0x2D, 0x00, 0x1F, 0x04, 0x03, 0xC0, 0x02, 0xE0, 0xC0, 0x3C,
    0x00, 0x3D, 0x0C, 0x02, 0xD0, 0x0B, 0xC2, 0x80, 0x0F, 0x07, 0x5D, 0x70, 0x00, 0x2F, 0xD0, 0xBD,
    0x00, 0x00, 0x00, 0x00, 0x00, 0x00, 0x00, 0x00, 0x00, 0x1F, 0x02, 0xF0, 0x00, 0x00, 0x03, 0xF4,
    0x3F, 0x00, 0x00, 0x00, 0x3E, 0x03, 0xD0, 0x00, 0x00, 0x00, 0x00, 0x00, 0x00, 0x00, 0x00, 0x00,
    0x00, 0x00, 0x00, 0x00, 0x00, 0x00, 0x00, 0x00, 0x00, 0x00, 0x2F, 0xF9, 0x00, 0x00, 0x00, 0x2E,
    0x40, 0xBC, 0x00, 0x00, 0x1F, 0x00, 0x01, 0xF0, 0x00, 0x0B, 0xC0, 0x00, 0x0B, 0xC0, 0x02, 0xF0,
    0x00, 0x00, 0x3D, 0x00, 0xBC, 0x00, 0x00, 0x03, 0xE0, 0x1F, 0x40, 0x00, 0x00, 0x3F, 0x03, 0xF0,
    0x00, 0x00, 0x03, 0xF0, 0xBD, 0x00, 0x00, 0x00, 0x3F, 0x0F, 0xC0, 0x00, 0x00, 0x03, 0xF1, 0xFC,
    0x00, 0x00, 0x00, 0x7F, 0x2F, 0x40, 0x00, 0x00, 0x0B, 0xE3, 0xF0, 0x00, 0x00, 0x00, 0xFD, 0x3F,
    0x00, 0x00, 0x00, 0x0F, 0xC3, 0xF0, 0x00, 0x00, 0x02, 0xF4, 0x3F, 0x00, 0x00, 0x00, 0x3F, 0x03,
    0xF0, 0x00, 0x00, 0x0B, 0xD0, 0x3F, 0x00, 0x00, 0x01, 0xF8, 0x01, 0xF4, 0x00, 0x00, 0x3E, 0x00,
    0x0F, 0x80, 0x00, 0x0F, 0x80, 0x00, 0x3D, 0x00, 0x07, 0xD0, 0x00, 0x00, 0xF8, 0x06, 0xE0, 0x00,
    0x00, 0x01, 0xFF, 0xE0, 0x00, 0x00, 0x00, 0x00, 0x00, 0x00, 0x00, 0x07, 0xC0, 0xB8, 0x00, 0x0F,
    0xC1, 0xFC, 0x00, 0x0F, 0x40, 0xF4, 0x00, 0x00, 0x00, 0x00, 0x00, 0x00, 0x00, 0x00, 0x00, 0x00,
    0x00, 0x00, 0x00, 0x07, 0xF9, 0x00, 0x00, 0x7D, 0x0B, 0x40, 0x01, 0xF0, 0x03, 0xC0, 0x03, 0xC0,
    0x02, 0xD0, 0x0F, 0x80, 0x02, 0xE0, 0x1F, 0x00, 0x02, 0xF0, 0x3F, 0x00, 0x03, 0xE0, 0x3D, 0x00,
    0x03, 0xE0, 0x7D, 0x00, 0x07, 0xD0, 0x7C, 0x00, 0x0B, 0xC0, 0x7C, 0x00, 0x0F, 0x40, 0x3C, 0x00,
    0x3E, 0x00, 0x2D, 0x00, 0xB8, 0x00, 0x0F, 0x42, 0xE0, 0x00, 0x02, 0xFE, 0x00, 0x00, 0x00, 0x00,
    0x02, 0xFF, 0x90, 0x00, 0x00, 0x03, 0xE4, 0x0B, 0xC0, 0x00, 0x02, 0xF0, 0x00, 0x1F, 0x00, 0x00,
    0xFC, 0x00, 0x00, 0xB8, 0x00, 0x3F, 0x00, 0x00, 0x07, 0xC0, 0x0F, 0xC0, 0x00, 0x00, 0x3E, 0x02,
    0xF4, 0x00, 0x00, 0x03, 0xF0, 0x3F, 0x00, 0x00, 0x00, 0x3F, 0x0B, 0xD0, 0x00, 0x00, 0x03, 0xF0,
    0xFC, 0x00, 0x00, 0x00, 0x3F, 0x2F, 0xDB, 0xFE, 0x90, 0x07, 0xF3, 0xF4, 0x01, 0x6F, 0xF9, 0xFE,
    0x3F, 0x00, 0x00, 0x00, 0x0F, 0xD3, 0xF0, 0x00, 0x00, 0x01, 0xFC, 0x3F, 0x00, 0x00, 0x00, 0x3F,
    0x83, 0xF0, 0x00, 0x00, 0x03, 0xF0, 0x3F, 0x00, 0x00, 0x00, 0xFD, 0x02, 0xF0, 0x00, 0x00, 0x1F,
    0x80, 0x1F, 0x40, 0x00, 0x03, 0xE0, 0x00, 0xF8, 0x00, 0x00, 0xF8, 0x00, 0x03, 0xD0, 0x00, 0x7D,
    0x00, 0x00, 0x0F, 0x80, 0x6E, 0x00, 0x00, 0x00, 0x1B, 0xFE, 0x00, 0x00, 0x00, 0x00, 0x07, 0xF9,
    0x00, 0x07, 0xD0, 0xB4, 0x01, 0xF0, 0x03, 0xC0, 0x3C, 0x00, 0x2D, 0x0F, 0x80, 0x02, 0xE2, 0xF0,
    0x00, 0x2E, 0x3F, 0xFE, 0x03, 0xE3, 0xD1, 0xBF, 0xBE, 0x7C, 0x00, 0x07, 0xC7, 0xC0, 0x00, 0xBC,
    0x7C, 0x00, 0x0F, 0x43, 0xC0, 0x02, 0xE0, 0x2D, 0x00, 0xB8, 0x00, 0xF0, 0x2E, 0x00, 0x02, 0xFE,
    0x00, 0x00, 0x00, 0x00, 0x00, 0x00, 0x00, 0x00, 0x00, 0x00, 0x1F, 0x02, 0xF0, 0x00, 0x00, 0x03,
    0xF4, 0x3F, 0x00, 0x00, 0x00, 0x3E, 0x03, 0xD0, 0x00, 0x00, 0x00, 0x00, 0x00, 0x00, 0x00, 0x00,
    0x00, 0x00, 0x00, 0x00, 0x00, 0x00, 0x00, 0x00, 0x00, 0x00, 0x00, 0x2F, 0xF9, 0x00, 0x00, 0x00,
    0x3E, 0x40, 0xBC, 0x00, 0x00, 0x2F, 0x00, 0x01, 0xF0, 0x00, 0x0F, 0xC0, 0x00, 0x0B, 0x80, 0x03,
    0xF0, 0x00, 0x00, 0x7C, 0x00, 0xFC, 0x00, 0x00, 0x03, 0xE0, 0x2F, 0x40, 0x00, 0x00, 0x3F, 0x03,
    0xF0, 0x00, 0x00, 0x03, 0xF0, 0xBD, 0x00, 0x00, 0x00, 0x3F, 0x0F, 0xC0, 0x00, 0x00, 0x03, 0xF2,
    0xFD, 0xBF, 0xE9, 0x00, 0x7F, 0x3F, 0x40, 0x16, 0xFF, 0x9F, 0xE3, 0xF0, 0x00, 0x00, 0x00, 0xFD,
    0x3F, 0x00, 0x00, 0x00, 0x1F, 0xC3, 0xF0, 0x00, 0x00, 0x03, 0xF8, 0x3F, 0x00, 0x00, 0x00, 0x3F,
    0x03, 0xF0, 0x00, 0x00, 0x0F, 0xD0, 0x2F, 0x00, 0x00, 0x01, 0xF8, 0x01, 0xF4, 0x00, 0x00, 0x3E,
    0x00, 0x0F, 0x80, 0x00, 0x0F, 0x80, 0x00, 0x3D, 0x00, 0x07, 0xD0, 0x00, 0x00, 0xF8, 0x06, 0xE0,
    0x00, 0x00, 0x01, 0xBF, 0xE0, 0x00, 0x00, 0x00, 0x00, 0x00, 0x00, 0x00, 0x07, 0xC0, 0xB8, 0x00,
    0x0F, 0xC1, 0xFC, 0x00, 0x0F, 0x40, 0xF4, 0x00, 0x00, 0x00, 0x00, 0x00, 0x00, 0x00, 0x00, 0x00,
    0x00, 0x00, 0x00, 0x00, 0x07, 0xF9, 0x00, 0x00, 0x7D, 0x0B, 0x40, 0x01, 0xF0, 0x03, 0xC0, 0x03,
    0xC0, 0x02, 0xD0, 0x0F, 0x80, 0x02, 0xE0, 0x2F, 0x00, 0x02, 0xE0, 0x3F, 0xFE, 0x03, 0xE0, 0x3E,
    0x1B, 0xFB, 0xE0, 0x7C, 0x00, 0x07, 0xC0, 0x7C, 0x00, 0x0B, 0xC0, 0x7C, 0x00, 0x0F, 0x40, 0x3C,
    0x00, 0x2E, 0x00, 0x2D, 0x00, 0xB8, 0x00, 0x0F, 0x02, 0xE0, 0x00, 0x02, 0xFE, 0x00, 0x00, 0x00,
    0x00, 0x0B, 0xC0, 0xB8, 0x00, 0x00, 0x01, 0xFC, 0x1F, 0xC0, 0x00, 0x00, 0x0F, 0x40, 0xF4, 0x00,
    0x00, 0x00, 0x00, 0x00, 0x00, 0x00, 0x00, 0x00, 0x00, 0x00, 0x00, 0x00, 0x00, 0x00, 0x00, 0x00,
    0x00, 0x20, 0x0B, 0xFE, 0x40, 0x00, 0x03, 0x8B, 0x40, 0x7E, 0x00, 0x00, 0x7F, 0x40, 0x00, 0xBC,
    0x00, 0x0B, 0xD0, 0x00, 0x03, 0xE0, 0x00, 0xF4, 0x00, 0x00, 0x1F, 0x40, 0x0E, 0x00, 0x00, 0x00,
    0xF8, 0x01, 0xC0, 0x00, 0x00, 0x0F, 0xC0, 0x28, 0x00, 0x00, 0x00, 0xBC, 0x00, 0x00, 0x00, 0x00,
    0x0B, 0xC0, 0x00, 0x00, 0x00, 0x00, 0xFC, 0x00, 0x00, 0x00, 0x00, 0x0F, 0xC0, 0x00, 0xBF, 0xE4,
    0x01, 0xFC, 0x00, 0x20, 0x1B, 0xFE, 0x7F, 0x80, 0x00, 0x00, 0x00, 0x03, 0xF0, 0x00, 0x00, 0x00,
    0x00, 0x7F, 0x00, 0x00, 0x00, 0x00, 0x0F, 0xC0, 0x30, 0x00, 0x00, 0x02, 0xF8, 0x03, 0x00, 0x00,
    0x00, 0x7F, 0x00, 0x30, 0x00, 0x00, 0x0F, 0xC0, 0x02, 0x40, 0x00, 0x07, 0xF0, 0x00, 0x0C, 0x00,
    0x01, 0xF8, 0x00, 0x00, 0x78, 0x01, 0xFC, 0x00, 0x00, 0x00, 0x7F, 0xF8, 0x00, 0x00, 0x00, 0x00,
    0x00, 0x00, 0x00, 0x00, 0x00, 0x7C, 0x07, 0xC0, 0x00, 0x3F, 0x43, 0xF0, 0x00, 0x0F, 0x80, 0xF4,
    0x00, 0x00, 0x00, 0x00, 0x00, 0x00, 0x00, 0x00, 0x00, 0x00, 0x00, 0x00, 0x00, 0x00, 0x1F, 0xF4,
    0x00, 0x00, 0x79, 0x07, 0x80, 0x00, 0x74, 0x00, 0xB4, 0x00, 0x34, 0x00, 0x1F, 0x00, 0x00, 0x00,
    0x07, 0xC0, 0x00, 0x00, 0x01, 0xF0, 0x00, 0x0F, 0xFF, 0xFC, 0x00, 0x00, 0x00, 0x3F, 0x00, 0x00,
    0x00, 0x0F, 0x40, 0x00, 0x00, 0x07, 0xC0, 0x00, 0x00, 0x03, 0xD0, 0x02, 0xD0, 0x02, 0xE0, 0x00,
    0xF4, 0x02, 0xE0, 0x00, 0x38, 0x07, 0xD0, 0x00, 0x02, 0xFF, 0x40, 0x00, 0x00, 0x00, 0x00, 0x1F,
    0xFF, 0xFF, 0x00, 0x00, 0x00, 0x00, 0x00, 0x00, 0x00, 0x00, 0x00, 0x00, 0x00, 0x00, 0x00, 0x00,
    0x00, 0x00, 0x00, 0x00, 0x00, 0x00, 0x00, 0x00, 0x00, 0x00, 0x00, 0x00, 0x00, 0x00, 0x00, 0x00,
    0x00, 0x0F, 0xFF, 0xF0, 0x00, 0x2F, 0xFD, 0x00, 0xBF, 0x00, 0x00, 0x07, 0xD0, 0x00, 0x7E, 0x00,
    0x00, 0x03, 0x40, 0x00, 0x3F, 0x00, 0x00, 0x06, 0x00, 0x00, 0x2F, 0x00, 0x00, 0x0C, 0x00, 0x00,
    0x1F, 0x40, 0x00, 0x24, 0x00, 0x00, 0x0F, 0x80, 0x00, 0x30, 0x00, 0x00, 0x0F, 0xC0, 0x00, 0x90,
    0x00, 0x00, 0x0B, 0xD0, 0x00, 0x80, 0x00, 0x00, 0x03, 0xE0, 0x03, 0x00, 0x00, 0x00, 0x03, 0xF0,
    0x06, 0x00, 0x00, 0x00, 0x02, 0xF0, 0x0C, 0x00, 0x00, 0x00, 0x01, 0xF8, 0x14, 0x00, 0x00, 0x00,
    0x00, 0xFC, 0x20, 0x00, 0x00, 0x00, 0x00, 0xBC, 0x80, 0x00, 0x00, 0x00, 0x00, 0x7E, 0x80, 0x00,
    0x00, 0x00, 0x00, 0x3F, 0x00, 0x00, 0x00, 0x2E, 0x00, 0x3D, 0x00, 0x00, 0x00, 0x3F, 0x00, 0x28,
    0x00, 0x00, 0x00, 0x7D, 0x00, 0x30, 0x00, 0x00, 0x00, 0x30, 0x01, 0xC0, 0x00, 0x00, 0x00, 0x38,
    0x1B, 0x00, 0x00, 0x00, 0x00, 0x0B, 0xE4, 0x00, 0x00, 0x00, 0x00, 0x00, 0x03, 0xFF, 0xFF, 0x80,
    0x00, 0x00, 0x00, 0x00, 0x00, 0x00, 0x00, 0x00, 0x00, 0x00, 0x00, 0x00, 0x00, 0x00, 0x00, 0x00,
    0x00, 0x00, 0x00, 0x00, 0x00, 0x00, 0x00, 0x00, 0x00, 0x00, 0x00, 0x00, 0x00, 0x02, 0xF4, 0x00,
    0x05, 0x02, 0x8B, 0x00, 0x03, 0xC1, 0x82, 0xD0, 0x01, 0xE0, 0xC0, 0xF4, 0x00, 0xB4, 0x20, 0x3C,
    0x00, 0x3C, 0x00, 0x2E, 0x00, 0x0F, 0x00, 0x0F, 0x40, 0x07, 0x80, 0x03, 0xC0, 0x02, 0xD0, 0x01,
    0xE0, 0x00, 0xF0, 0x00, 0xB4, 0x00, 0x3C, 0x00, 0x3C, 0x00, 0x1E, 0x00, 0x0F, 0x00, 0x0F, 0x40,
    0x02, 0xD0, 0x0B, 0xC0, 0x00, 0x3C, 0x0B, 0xF0, 0x00, 0x02, 0xFD, 0xB8, 0x00, 0x00, 0x00, 0x2D,
    0x00, 0x00, 0x00, 0x0F, 0x00, 0x00, 0x00, 0x0B, 0x80, 0x01, 0xF0, 0x07, 0xC0, 0x00, 0xB8, 0x03,
    0xC0, 0x00, 0x1C, 0x07, 0xC0, 0x00, 0x01, 0xFE, 0x40, 0x00, 0x00, 0x00, 0x00, 0x07, 0xC0, 0x7C,
    0x00, 0x00, 0x00, 0x0F, 0xD0, 0xFC, 0x00, 0x00, 0x00, 0x0B, 0x80, 0xF8, 0x00, 0x00, 0x00, 0x00,
    0x00, 0x00, 0x00, 0x00, 0x00, 0x00, 0x00, 0x00, 0x00, 0x00, 0x00, 0x00, 0x00, 0x00, 0x00, 0x0F,
    0xFF, 0xF0, 0x00, 0x2F, 0xFD, 0x00, 0xBF, 0x00, 0x00, 0x07, 0xD0, 0x00, 0x7E, 0x00, 0x00, 0x03,
    0x40, 0x00, 0x3F, 0x00, 0x00, 0x06, 0x00, 0x00, 0x2F, 0x00, 0x00, 0x0C, 0x00, 0x00, 0x1F, 0x40,
    0x00, 0x24, 0x00, 0x00, 0x0F, 0x80, 0x00, 0x30, 0x00, 0x00, 0x0F, 0xC0, 0x00, 0x90, 0x00, 0x00,
    0x0B, 0xD0, 0x00, 0x80, 0x00, 0x00, 0x03, 0xE0, 0x03, 0x00, 0x00, 0x00, 0x03, 0xF0, 0x06, 0x00,
    0x00, 0x00, 0x02, 0xF0, 0x0C, 0x00, 0x00, 0x00, 0x01, 0xF8, 0x14, 0x00, 0x00, 0x00, 0x00, 0xFC,
    0x20, 0x00, 0x00, 0x00, 0x00, 0xBC, 0x80, 0x00, 0x00, 0x00, 0x00, 0x7E, 0x80, 0x00, 0x00, 0x00,
    0x00, 0x3F, 0x00, 0x00, 0x00, 0x2E, 0x00, 0x3D, 0x00, 0x00, 0x00, 0x3F, 0x00, 0x28, 0x00, 0x00,
    0x00, 0x7D, 0x00, 0x30, 0x00, 0x00, 0x00, 0x30, 0x01, 0xC0, 0x00, 0x00, 0x00, 0x38, 0x1B, 0x00,
    0x00, 0x00, 0x00, 0x0B, 0xE4, 0x00, 0x00, 0x00, 0x00, 0x00, 0x01, 0xF0, 0x2F, 0x00, 0x00, 0xFC,
    0x1F, 0xC0, 0x00, 0x3D, 0x03, 0xD0, 0x00, 0x00, 0x00, 0x00, 0x00, 0x00, 0x00, 0x00, 0x00, 0x00,
    0x00, 0x00, 0x00, 0x2F, 0x40, 0x00, 0x50, 0x28, 0xB0, 0x00, 0x3C, 0x18, 0x2D, 0x00, 0x1E, 0x0C,
    0x0F, 0x40, 0x0B, 0x42, 0x03, 0xC0, 0x03, 0xC0, 0x02, 0xE0, 0x00, 0xF0, 0x00, 0xF4, 0x00, 0x78,
    0x00, 0x3C, 0x00, 0x2D, 0x00, 0x1E, 0x00, 0x0F, 0x00, 0x0B, 0x40, 0x03, 0xC0, 0x03, 0xC0, 0x01,
    0xE0, 0x00, 0xF0, 0x00, 0xF4, 0x00, 0x2D, 0x00, 0xBC, 0x00, 0x03, 0xC0, 0xBF, 0x00, 0x00, 0x2F,
    0xDB, 0x80, 0x00, 0x00, 0x02, 0xD0, 0x00, 0x00, 0x00, 0xF0, 0x00, 0x00, 0x00, 0xB8, 0x00, 0x1F,
    0x00, 0x7C, 0x00, 0x0B, 0x80, 0x3C, 0x00, 0x01, 0xC0, 0x7C, 0x00, 0x00, 0x1F, 0xE4, 0x00, 0x00,
    0x00, 0x00, 0x00, 0x06, 0x01, 0x80, 0x00, 0x00, 0x00, 0x3F, 0x4F, 0xD0, 0x00, 0x00, 0x02, 0xF9,
    0xBE, 0x40, 0x00, 0x00, 0x1E, 0x47, 0x90, 0x00, 0x00, 0x00, 0x00, 0x00, 0x00, 0x00, 0x00, 0x00,
    0x00, 0x00, 0x00, 0x00, 0x0F, 0xFF, 0xF0, 0x00, 0x2F, 0xFD, 0x00, 0xBF, 0x00, 0x00, 0x07, 0xD0,
    0x00, 0x7E, 0x00, 0x00, 0x03, 0x40, 0x00, 0x3F, 0x00, 0x00, 0x06, 0x00, 0x00, 0x2F, 0x00, 0x00,
    0x0C, 0x00, 0x00, 0x1F, 0x40, 0x00, 0x24, 0x00, 0x00, 0x0F, 0x80, 0x00, 0x30, 0x00, 0x00, 0x0F,
    0xC0, 0x00, 0x90, 0x00, 0x00, 0x0B, 0xD0, 0x00, 0x80, 0x00, 0x00, 0x03, 0xE0, 0x03, 0x00, 0x00,
    0x00, 0x03, 0xF0, 0x06, 0x00, 0x00, 0x00, 0x02, 0xF0, 0x0C, 0x00, 0x00, 0x00, 0x01, 0xF8, 0x14,
    0x00, 0x00, 0x00, 0x00, 0xFC, 0x20, 0x00, 0x00, 0x00, 0x00, 0xBC, 0x80, 0x00, 0x00, 0x00, 0x00,
    0x7E, 0x80, 0x00, 0x00, 0x00, 0x00, 0x3F, 0x00, 0x00, 0x00, 0x2E, 0x00, 0x3D, 0x00, 0x00, 0x00,
    0x3F, 0x00, 0x28, 0x00, 0x00, 0x00, 0x7D, 0x00, 0x30, 0x00, 0x00, 0x00, 0x30, 0x01, 0xC0, 0x00,
    0x00, 0x00, 0x38, 0x1A, 0x00, 0x00, 0x00, 0x00, 0x0B, 0xE4, 0x00, 0x00, 0x00, 0x00, 0x00, 0x00,
    0x00, 0x40, 0x10, 0x00, 0x00, 0x0F, 0x43, 0xD0, 0x00, 0x01, 0xF8, 0x7E, 0x00, 0x00, 0x2F, 0x07,
    0xD0, 0x00, 0x02, 0xD0, 0xB4, 0x00, 0x00, 0x04, 0x01, 0x00, 0x00, 0x00, 0x00, 0x00, 0x00, 0x00,
    0xBD, 0x00, 0x01, 0x00, 0x0A, 0x2C, 0x00, 0x0F, 0x00, 0x60, 0xB4, 0x00, 0x78, 0x03, 0x03, 0xD0,
    0x02, 0xD0, 0x08, 0x0F, 0x00, 0x0F, 0x00, 0x00, 0xB8, 0x00, 0x3C, 0x00, 0x03, 0xD0, 0x01, 0xE0,
    0x00, 0x0F, 0x00, 0x0B, 0x40, 0x00, 0x78, 0x00, 0x3C, 0x00, 0x02, 0xD0, 0x00, 0xF0, 0x00, 0x0F,
    0x00, 0x07, 0x80, 0x00, 0x3C, 0x00, 0x3D, 0x00, 0x00, 0xF0, 0x02, 0xF0, 0x00, 0x01, 0xF0, 0x2F,
    0xC0, 0x00, 0x00, 0xBF, 0x6E, 0x00, 0x00, 0x00, 0x00, 0xB4, 0x00, 0x00, 0x00, 0x03, 0xC0, 0x00,
    0x00, 0x00, 0x2D, 0x00, 0x00, 0x7C, 0x01, 0xF0, 0x00, 0x02, 0xE0, 0x0F, 0x00, 0x00, 0x07, 0x01,
    0xF0, 0x00, 0x00, 0x07, 0xF9, 0x00, 0x00, 0x00, 0x00, 0x00, 0x7C, 0x07, 0xC0, 0x00, 0x00, 0x0F,
    0xD0, 0xFC, 0x00, 0x00, 0x00, 0xB8, 0x0F, 0x40, 0x00, 0x00, 0x00, 0x00, 0x00, 0x00, 0x00, 0x00,
    0x00, 0x00, 0x00, 0x00, 0x00, 0x00, 0x00, 0x00, 0x00, 0x7F, 0xFF, 0xC0, 0x3F, 0xFF, 0xE0, 0x3F,
    0x00, 0x00, 0x1F, 0xC0, 0x03, 0xE0, 0x00, 0x01, 0xF4, 0x00, 0x3D, 0x00, 0x00, 0x1F, 0x00, 0x07,
    0xC0, 0x00, 0x02, 0xF0, 0x00, 0xBC, 0x00, 0x00, 0x3E, 0x00, 0x0F, 0x80, 0x00, 0x03, 0xD0, 0x00,
    0xF4, 0x00, 0x00, 0x7C, 0x00, 0x1F, 0x40, 0x00, 0x0B, 0xC0, 0x01, 0xF0, 0x00, 0x00, 0xF8, 0x00,
    0x0F, 0x40, 0x00, 0x0F, 0x40, 0x00, 0x3C, 0x00, 0x16, 0xF0, 0x00, 0x00, 0xBF, 0xFE, 0xBF, 0x00,
    0x00, 0x00, 0x00, 0x03, 0xE0, 0x00, 0x00, 0x00, 0x00, 0x3D, 0x00, 0x00, 0x00, 0x00, 0x07, 0xC0,
    0x00, 0x00, 0x00, 0x00, 0xBC, 0x00, 0x00, 0x00, 0x00, 0x0F, 0x80, 0x00, 0x00, 0x00, 0x00, 0xF4,
    0x00, 0x00, 0x00, 0x00, 0x1F, 0x00, 0x00, 0x00, 0x00, 0x03, 0xF0, 0x00, 0x00, 0x00, 0x00, 0x7F,
    0x00, 0x00, 0x00, 0x00, 0xFF, 0xFF, 0x40, 0x00, 0x00, 0x00, 0x00, 0x00, 0x00, 0x00, 0x3D, 0x07,
    0xD0, 0x00, 0x3F, 0x83, 0xF4, 0x00, 0x0B, 0x80, 0xB8, 0x00, 0x00, 0x00, 0x00, 0x00, 0x00, 0x00,
    0x00, 0x00, 0x00, 0x00, 0x00, 0x00, 0x0F, 0x80, 0x00, 0x00, 0x0D, 0x38, 0x00, 0x3C, 0x0A, 0x0F,
    0x00, 0x1F, 0x03, 0x03, 0xC0, 0x0B, 0x80, 0x81, 0xE0, 0x03, 0xD0, 0x00, 0xB4, 0x00, 0xF0, 0x00,
    0x2D, 0x00, 0xBC, 0x00, 0x07, 0x80, 0xBE, 0x00, 0x00, 0x7F, 0xDF, 0x00, 0x00, 0x00, 0x03, 0xC0,
    0x00, 0x00, 0x01, 0xF0, 0x90, 0x00, 0x00, 0xB8, 0x30, 0x00, 0x00, 0x2D, 0x1C, 0x00, 0x00, 0x07,
    0x4D, 0x00, 0x00, 0x00, 0x7D, 0x00, 0x00, 0x1F, 0xFF, 0xFF, 0xFF, 0xC0, 0x00, 0x0F, 0xC0, 0x00,
    0xBC, 0x00, 0x00, 0xFC, 0x00, 0x02, 0xC0, 0x00, 0x0F, 0x80, 0x00, 0x1C, 0x00, 0x01, 0xF4, 0x00,
    0x01, 0x80, 0x00, 0x2F, 0x00, 0x00, 0x18, 0x00, 0x03, 0xF0, 0x00, 0x01, 0x40, 0x00, 0x3E, 0x00,
    0x00, 0x00, 0x00, 0x07, 0xD0, 0x00, 0x00, 0x00, 0x00, 0xBC, 0x00, 0x00, 0x00, 0x00, 0x0F, 0xC0,
    0x00, 0x00, 0x00, 0x00, 0xF8, 0x00, 0x00, 0x00, 0x00, 0x1F, 0x40, 0x00, 0x00, 0x00, 0x02, 0xF0,
    0x00, 0x00, 0x00, 0x00, 0x3F, 0x00, 0x00, 0x00, 0x00, 0x03, 0xE0, 0x00, 0x00, 0x00, 0x00, 0x7D,
    0x00, 0x00, 0x00, 0x00, 0x0B, 0xC0, 0x00, 0x00, 0x00, 0x00, 0xFC, 0x00, 0x00, 0x00, 0x00, 0x0F,
    0x80, 0x00, 0x00, 0x00, 0x01, 0xF4, 0x00, 0x00, 0x00, 0x00, 0x3F, 0x40, 0x00, 0x00, 0x00, 0xFF,
    0xFF, 0xF0, 0x00, 0x00, 0x00, 0x00, 0x2F, 0x00, 0x00, 0x00, 0x00, 0x00, 0xB0, 0x00, 0x00, 0x00,
    0x00, 0x07, 0x00, 0x00, 0x00, 0x00, 0x00, 0x60, 0x00, 0x00, 0x00, 0x00, 0x0A, 0x00, 0x00, 0x00,
    0x00, 0x00, 0x90, 0x00, 0x00, 0x00, 0x00, 0x6F, 0xD0, 0x02, 0xD0, 0x78, 0x0E, 0x00, 0x3C, 0x28,
    0x00, 0x3C, 0x00, 0x00, 0x7C, 0x00, 0x01, 0xF4, 0x00, 0x1F, 0xD0, 0x01, 0xFF, 0x00, 0x0F, 0xE0,
    0x00, 0x3E, 0x00, 0x00, 0x7C, 0x00, 0x00, 0xB4, 0x00, 0x30, 0xB4, 0x01, 0xF0, 0x3C, 0x1B, 0x60,
    0x0B, 0xF4, 0x60, 0x00, 0x00, 0x70, 0x00, 0x00, 0x70, 0x00, 0x00, 0xF0, 0x00, 0x02, 0xF0, 0x00,
    0x07, 0x80, 0x00, 0x18, 0x00, 0x00, 0x00, 0x00, 0x00, 0x00, 0x00, 0x00, 0x7C, 0x0B, 0xC0, 0x00,
    0x00, 0x00, 0x00, 0x00, 0x3F, 0x07, 0xF0, 0x00, 0x00, 0x00, 0x00, 0x00, 0x0F, 0x80, 0xF4, 0x00,
    0x00, 0x00, 0x00, 0x00, 0x00, 0x00, 0x00, 0x00, 0x00, 0x00, 0x00, 0x00, 0x00, 0x00, 0x00, 0x00,
    0x00, 0x00, 0x00, 0x00, 0x00, 0x00, 0x00, 0x00, 0x00, 0x00, 0x01, 0xFF, 0xFF, 0x00, 0x00, 0x0F,
    0xFF, 0xF4, 0x00, 0x03, 0xF0, 0x00, 0x00, 0x00, 0x3F, 0x80, 0x00, 0x00, 0xF8, 0x00, 0x00, 0x00,
    0x0B, 0xC0, 0x00, 0x00, 0x3D, 0x00, 0x00, 0x00, 0x03, 0xF0, 0x00, 0x00, 0x1F, 0x00, 0x00, 0x00,
    0x00, 0xF8, 0x00, 0x00, 0x0B, 0xC0, 0x00, 0x00, 0x00, 0x7D, 0x00, 0x00, 0x03, 0xE0, 0x00, 0x00,
    0x00, 0x2F, 0x00, 0x00, 0x00, 0xF4, 0x00, 0x00, 0x00, 0x0F, 0xC0, 0x00, 0x00, 0x7C, 0x00, 0x00,
    0x00, 0x03, 0xE0, 0x00, 0x00, 0x2F, 0x00, 0x00, 0x00, 0x01, 0xF4, 0x00, 0x00, 0x0F, 0xEF, 0xFF,
    0x90, 0x00, 0xBC, 0x00, 0x00, 0x03, 0xE0, 0x00, 0xBE, 0x00, 0x3F, 0x00, 0x00, 0x01, 0xF0, 0x00,
    0x0B, 0xE0, 0x0F, 0x80, 0x00, 0x00, 0xBC, 0x00, 0x00, 0xFC, 0x07, 0xD0, 0x00, 0x00, 0x3E, 0x00,
    0x00, 0x3F, 0x42, 0xF0, 0x00, 0x00, 0x0F, 0x40, 0x00, 0x0F, 0xD0, 0xFC, 0x00, 0x00, 0x07, 0xC0,
    0x00, 0x03, 0xF0, 0x3E, 0x00, 0x00, 0x02, 0xF0, 0x00, 0x00, 0xFC, 0x1F, 0x40, 0x00, 0x00, 0xF8,
    0x00, 0x00, 0xBD, 0x0B, 0xC0, 0x00, 0x00, 0x3D, 0x00, 0x00, 0x7E, 0x03, 0xF0, 0x00, 0x00, 0x1F,
    0x00, 0x00, 0x7E, 0x00, 0xF8, 0x00, 0x00, 0x0F, 0xC0, 0x00, 0xBE, 0x00, 0xBE, 0x00, 0x00, 0xBF,
    0xFF, 0xFF, 0xF8, 0x0B, 0xFF, 0xFC, 0x00, 0x00, 0x00, 0x00, 0x0F, 0x40, 0xF4, 0x00, 0x00, 0x0B,
    0xE0, 0xFE, 0x00, 0x00, 0x01, 0xF0, 0x2E, 0x00, 0x00, 0x00, 0x00, 0x00, 0x00, 0x00, 0x00, 0x00,
    0x00, 0x00, 0x00, 0x00, 0x00, 0x00, 0x00, 0x00, 0x2F, 0x40, 0x00, 0x00, 0x00, 0x28, 0xB0, 0x00,
    0x00, 0xB0, 0x0C, 0x2D, 0x00, 0x00, 0x3C, 0x09, 0x0F, 0x40, 0x00, 0x1F, 0x03, 0x03, 0xC0, 0x00,
    0x0B, 0x80, 0x81, 0xF7, 0xF4, 0x03, 0xD0, 0x00, 0xFE, 0x0B, 0x40, 0xF0, 0x00, 0x3D, 0x00, 0xF0,
    0x7C, 0x00, 0x1F, 0x00, 0x3C, 0x2E, 0x00, 0x0B, 0x40, 0x1F, 0x0F, 0x40, 0x03, 0xC0, 0x0B, 0xC3,
    0xC1, 0x80, 0xF0, 0x03, 0xE1, 0xF0, 0x90, 0x2C, 0x02, 0xF0, 0x78, 0x30, 0x03, 0x82, 0xE0, 0x0E,
    0x28, 0x00, 0x3F, 0x90, 0x01, 0xF8, 0x00, 0x00, 0x00, 0x00, 0x00, 0x00, 0x00, 0x00, 0x00, 0x1F,
    0xFF, 0xE0, 0x0F, 0xFF, 0xC0, 0x00, 0x03, 0xF8, 0x00, 0x0B, 0xD0, 0x00, 0x00, 0x07, 0xE0, 0x00,
    0x2C, 0x00, 0x00, 0x00, 0x0F, 0xC0, 0x01, 0xC0, 0x00, 0x00, 0x00, 0x2F, 0x00, 0x0C, 0x00, 0x00,
    0x00, 0x00, 0x7E, 0x00, 0xC0, 0x00, 0x00, 0x00, 0x00, 0xFC, 0x0D, 0x00, 0x00, 0x00, 0x00, 0x02,
    0xF4, 0x90, 0x00, 0x00, 0x00, 0x00, 0x07, 0xEA, 0x00, 0x00, 0x00, 0x00, 0x00, 0x0F, 0xF0, 0x00,
    0x00, 0x00, 0x00, 0x00, 0x2F, 0x40, 0x00, 0x00, 0x00, 0x00, 0x00, 0x7E, 0x00, 0x00, 0x00, 0x00,
    0x00, 0x03, 0xFC, 0x00, 0x00, 0x00, 0x00, 0x00, 0x35, 0xF4, 0x00, 0x00, 0x00, 0x00, 0x02, 0x83,
    0xF0, 0x00, 0x00, 0x00, 0x00, 0x28, 0x0F, 0xC0, 0x00, 0x00, 0x00, 0x01, 0xC0, 0x1F, 0x80, 0x00,
    0x00, 0x00, 0x1C, 0x00, 0x3F, 0x00, 0x00, 0x00, 0x00, 0xC0, 0x00, 0xBD, 0x00, 0x00, 0x00, 0x0D,
    0x00, 0x01, 0xF8, 0x00, 0x00, 0x00, 0xE0, 0x00, 0x03, 0xF0, 0x00, 0x00, 0x1F, 0x80, 0x00, 0x0B,
    0xC0, 0x00, 0x0F, 0xFF, 0x80, 0x00, 0x1F, 0x40, 0x00, 0x00, 0x00, 0x00, 0x00, 0x3E, 0x00, 0x00,
    0x00, 0x00, 0x00, 0x00, 0xF8, 0x00, 0x00, 0x00, 0x00, 0x00, 0x07, 0xD0, 0x00, 0x00, 0x00, 0x00,
    0xF0, 0x3F, 0x00, 0x00, 0x00, 0x00, 0x0F, 0xD1, 0xF0, 0x00, 0x00, 0x00, 0x00, 0x2D, 0x1F, 0x40,
    0x00, 0x00, 0x00, 0x00, 0x2F, 0xE0, 0x00, 0x00, 0x00, 0x00, 0x7F, 0x80, 0xBE, 0x40, 0x38, 0x1E,
    0x34, 0x3C, 0x0E, 0x00, 0xBD, 0x07, 0xC1, 0xC0, 0x0B, 0xC0, 0x78, 0x20, 0x00, 0xB8, 0x00, 0x00,
    0x00, 0x0F, 0x40, 0x00, 0x00, 0x00, 0xF0, 0x00, 0x00, 0x00, 0x1F, 0x00, 0x00, 0x00, 0x02, 0xE0,
    0x00, 0x00, 0x00, 0x3C, 0x00, 0x10, 0x00, 0x03, 0xC0, 0x03, 0x07, 0x80, 0xBC, 0x00, 0xA0, 0xBC,
    0x0F, 0xC0, 0x1C, 0x0B, 0x47, 0x5E, 0x0B, 0x00, 0x2F, 0xD0, 0x7F, 0xC0, 0x00, 0x00, 0x00, 0x05,
    0x00, 0x00, 0x00, 0x00, 0x50, 0x00, 0x08, 0x00, 0x0C, 0x00, 0x00, 0xD0, 0x07, 0x40, 0x00, 0x0B,
    0xFF, 0xD0, 0x00, 0x00, 0x1F, 0xE0, 0x00, 0x00, 0x00, 0x07, 0xFF, 0xF8, 0x03, 0xFF, 0xF0, 0x00,
    0x00, 0xFE, 0x00, 0x02, 0xF4, 0x00, 0x00, 0x01, 0xF8, 0x00, 0x0F, 0x00, 0x00, 0x00, 0x03, 0xF0,
    0x00, 0x70, 0x00, 0x00, 0x00, 0x0B, 0xD0, 0x07, 0x00, 0x00, 0x00, 0x00, 0x1F, 0x80, 0x70, 0x00,
    0x00, 0x00, 0x00, 0x3F, 0x03, 0x00, 0x00, 0x00, 0x00, 0x00, 0xBD, 0x30, 0x00, 0x00, 0x00, 0x00,
    0x00, 0xFF, 0x40, 0x00, 0x00, 0x00, 0x00, 0x03, 0xF4, 0x00, 0x00, 0x00, 0x03, 0xFF, 0xFF, 0xFF,
    0xFF, 0xE0, 0x00, 0x00, 0x00, 0x1F, 0xC0, 0x00, 0x00, 0x00, 0x00, 0x00, 0xFF, 0x00, 0x00, 0x00,
    0x00, 0x00, 0x0C, 0x7E, 0x00, 0x00, 0x00, 0x00, 0x00, 0xD0, 0xFC, 0x00, 0x00, 0x00, 0x00, 0x0A,
    0x02, 0xF0, 0x00, 0x00, 0x00, 0x00, 0xA0, 0x07, 0xE0, 0x00, 0x00, 0x00, 0x07, 0x00, 0x0F, 0xC0,
    0x00, 0x00, 0x00, 0x30, 0x00, 0x2F, 0x40, 0x00, 0x00, 0x03, 0x40, 0x00, 0x7E, 0x00, 0x00, 0x00,
    0x38, 0x00, 0x00, 0xFC, 0x00, 0x00, 0x07, 0xE0, 0x00, 0x07, 0xF4, 0x00, 0x03, 0xFF, 0xE0, 0x00,
    0xFF, 0xFF, 0x00, 0x00, 0x00, 0x00, 0x00, 0x00, 0x00, 0x00, 0x00, 0x7F, 0x80, 0xBE, 0x40, 0x38,
    0x1E, 0x38, 0x3C, 0x0E, 0x00, 0xBD, 0x07, 0xC1, 0xC0, 0x0B, 0xC0, 0x78, 0x20, 0x00, 0xB8, 0x00,
    0x00, 0x00, 0x0F, 0x40, 0x00, 0x03, 0xFF, 0xFF, 0xFC, 0x00, 0x00, 0x1E, 0x00, 0x00, 0x00, 0x02,
    0xD0, 0x00, 0x00, 0x00, 0x3D, 0x00, 0x10, 0x00, 0x03, 0xC0, 0x03, 0x07, 0x80, 0x7C, 0x00, 0xA0,
    0xBC, 0x0F, 0xC0, 0x1C, 0x0B, 0x43, 0x9E, 0x0B, 0x00, 0x2F, 0xD0, 0x7F, 0x80, 0x00, 0x00, 0x00,
    0x03, 0xFF, 0xFC, 0x3F, 0xFF, 0x80, 0x00, 0x00, 0x03, 0xFF, 0xFC, 0x3F, 0xFF, 0x80, 0x00, 0x00,
    0x00, 0x00, 0x6A, 0xAA, 0xAA, 0xA8, 0xBF, 0xFF, 0xFF, 0xFC, 0x3F, 0xFF, 0xFF, 0xFF, 0xFF, 0xFF,
    0xFF, 0xFC, 0x00, 0x00, 0x80, 0x40, 0x00, 0x30, 0xA0, 0x00, 0x1C, 0x34, 0x00, 0x0B, 0x0C, 0x00,
    0x03, 0x87, 0x00, 0x00, 0xD2, 0x80, 0x00, 0x70, 0xD0, 0x00, 0x2C, 0x30, 0x00, 0x0E, 0x1C, 0x00,
    0x03, 0x4A, 0x00, 0x01, 0xC3, 0x40, 0x00, 0xB0, 0xC0, 0x00, 0x38, 0x70, 0x00, 0x0D, 0x28, 0x00,
    0x07, 0x0D, 0x00, 0x02, 0xC3, 0x00, 0x00, 0xE1, 0xC0, 0x00, 0x34, 0xA0, 0x00, 0x1C, 0x34, 0x00,
    0x0B, 0x0C, 0x00, 0x03, 0x87, 0x00, 0x00, 0xD2, 0x80, 0x00, 0x70, 0xD0, 0x00, 0x2C, 0x30, 0x00,
    0x0E, 0x1C, 0x00, 0x03, 0x4A, 0x00, 0x01, 0xC3, 0x40, 0x00, 0xB0, 0xC0, 0x00, 0x38, 0x70, 0x00,
    0x0D, 0x28, 0x00, 0x07, 0x0D, 0x00, 0x02, 0xC3, 0x00, 0x00, 0xD1, 0xC0, 0x00, 0x00, 0x00, 0x00,
    0x00, 0x00, 0x50, 0x14, 0x05, 0x00, 0x80, 0x20, 0x03, 0xF0, 0x3F, 0x43, 0xF4, 0x2E, 0x00, 0x0B,
    0x81, 0xFC, 0x0F, 0xC0, 0x0C, 0x00, 0x80, 0x20, 0x06, 0x00, 0x80, 0x30, 0x04, 0x00, 0x01, 0x40,
    0xFC, 0x0F, 0xD0, 0xFD, 0x00, 0x80, 0x08, 0x02, 0x00, 0x60, 0x08, 0x03, 0x00, 0x00, 0x00, 0x03,
    0xE0, 0xFE, 0x2F, 0x83, 0x00, 0x30, 0x02, 0x00, 0x30, 0x03, 0x00, 0x18, 0x00, 0x40, 0x00, 0x40,
    0x02, 0x01, 0x80, 0x0C, 0x06, 0x00, 0x20, 0x08, 0x00, 0x90, 0x20, 0x00, 0x80, 0x20, 0x02, 0x40,
    0x65, 0x03, 0x50, 0x7F, 0x03, 0xF8, 0x7F, 0x03, 0xF4, 0x3D, 0x02, 0xE0, 0x03, 0xD0, 0x2F, 0x02,
    0xFC, 0x0F, 0xD0, 0xBF, 0x03, 0xF4, 0x00, 0x80, 0x0C, 0x00, 0x80, 0x02, 0x00, 0x20, 0x02, 0x00,
    0x20, 0x01, 0x80, 0x24, 0x00, 0xC0, 0x28, 0x00, 0xC0, 0x04, 0x00, 0x00, 0x00, 0x0B, 0x40, 0x7C,
    0x1F, 0xC0, 0xFD, 0x2F, 0xC0, 0xFE, 0x1F, 0xC0, 0xBD, 0x00, 0x80, 0x08, 0x02, 0x40, 0x0C, 0x03,
    0x00, 0x24, 0x08, 0x00, 0x20, 0x24, 0x00, 0xC0, 0x90, 0x03, 0x00, 0x00, 0x00, 0x00, 0x07, 0xC0,
    0x2E, 0x1F, 0xC0, 0xFE, 0x3F, 0x41, 0xF8, 0x20, 0x02, 0x00, 0x50, 0x03, 0x00, 0x50, 0x03, 0x00,
    0x50, 0x03, 0x00, 0x30, 0x02, 0x40, 0x30, 0x01, 0x80, 0x00, 0x00, 0x40, 0x00, 0x00, 0x00, 0x00,
    0x00, 0x00, 0x00, 0x00, 0x40, 0x00, 0x00, 0x40, 0x00, 0x02, 0x00, 0x00, 0x03, 0x00, 0x00, 0x02,
    0x00, 0x00, 0x06, 0x00, 0x00, 0x05, 0x00, 0x00, 0x08, 0x00, 0x00, 0x08, 0x00, 0x00, 0x08, 0x00,
    0x0E, 0x08, 0x7C, 0x2F, 0x9A, 0xFC, 0x00, 0x20, 0x00, 0x00, 0x30, 0x00, 0x00, 0x30, 0x00, 0x00,
    0x90, 0x00, 0x00, 0xC0, 0x00, 0x00, 0xC0, 0x00, 0x01, 0xC0, 0x00, 0x02, 0x80, 0x00, 0x03, 0x40,
    0x00, 0x03, 0x00, 0x00, 0x07, 0x00, 0x00, 0x0A, 0x00, 0x00, 0x0D, 0x00, 0x00, 0x0C, 0x00, 0x00,
    0x1C, 0x00, 0x00, 0x28, 0x00, 0x00, 0x34, 0x00, 0x00, 0x30, 0x00, 0x00, 0x70, 0x00, 0x00, 0xA0,
    0x00, 0x00, 0x00, 0x00, 0x00, 0x00, 0x00, 0x0B, 0x00, 0x00, 0x00, 0x3C, 0x00, 0x00, 0x00, 0xE0,
    0x00, 0x00, 0x07, 0x40, 0x00, 0x00, 0x1C, 0x00, 0x00, 0x00, 0x90, 0x00, 0x03, 0xE7, 0x6F, 0x40,
    0x1F, 0x9D, 0xBD, 0x00, 0x00, 0x60, 0x00, 0x00, 0x03, 0x40, 0x00, 0x00, 0x0D, 0x00, 0x00, 0x00,
    0xB4, 0x00, 0x00, 0x03, 0xC0, 0x00, 0x00, 0x0E, 0x00, 0x00, 0x00, 0x74, 0x00, 0x00, 0x03, 0xD0,
    0x00, 0x00, 0x0F, 0x00, 0x00, 0x00, 0x34, 0x00, 0x00, 0x00, 0xC0, 0x00, 0x00, 0x06, 0x00, 0x00,
    0x3E, 0x6A, 0xF8, 0x00, 0xFA, 0xDB, 0xE0, 0x00, 0x03, 0x00, 0x00, 0x00, 0x18, 0x00, 0x00, 0x00,
    0xE0, 0x00, 0x00, 0x03, 0x80, 0x00, 0x00, 0x2D, 0x00, 0x00, 0x00, 0xF4, 0x00, 0x00, 0x02, 0xC0,
    0x00, 0x00, 0x00, 0x2F, 0xE0, 0x00, 0x7F, 0xFF, 0x40, 0xBF, 0xFF, 0xF0, 0x7F, 0xFF, 0xFD, 0x3F,
    0xFF, 0xFF, 0x9F, 0xFF, 0xFF, 0xD7, 0xFF, 0xFF, 0xF6, 0xFF, 0xFF, 0xFC, 0x7F, 0xFF, 0xFD, 0x0F,
    0xFF, 0xFD, 0x01, 0xFF, 0xFD, 0x00, 0x0B, 0xF8, 0x00, 0x05, 0x00, 0x00, 0x50, 0x00, 0x05, 0x0F,
    0xC0, 0x00, 0xBD, 0x00, 0x0B, 0xD7, 0xF0, 0x00, 0x3F, 0x00, 0x03, 0xF4, 0xF4, 0x00, 0x0B, 0x40,
    0x00, 0xB8, 0x00, 0x2F, 0xFF, 0xE0, 0x1F, 0xFF, 0xC0, 0x03, 0xFF, 0xFC, 0x00, 0xFF, 0xFF, 0x80,
    0x2F, 0xFF, 0xF4, 0x03, 0xFF, 0xFF, 0x00, 0x7F, 0xFF, 0xF0, 0x0B, 0xFF, 0xFE, 0x00, 0xBF, 0xFF,
    0xD0, 0x00, 0x00, 0xFC, 0x00, 0x00, 0x0F, 0x80, 0x00, 0x00, 0xF4, 0x00, 0x00, 0x1F, 0x00, 0x00,
    0x01, 0xF0, 0x00, 0x00, 0x2E, 0x00, 0x00, 0x03, 0xD0, 0x00, 0x00, 0x3C, 0x00, 0x00, 0x03, 0xC0,
    0x00, 0x00, 0x78, 0x00, 0x00, 0x0B, 0x40, 0x00, 0x00, 0xB0, 0x00, 0x00, 0x0F, 0x00, 0x00, 0x00,
    0xE0, 0x00, 0x00, 0x0D, 0x00, 0x00, 0x01, 0xC0, 0x00, 0x00, 0x2C, 0x00, 0x00, 0x02, 0x80, 0x00,
    0x07, 0xFF, 0x80, 0x00, 0x00, 0x02, 0xF4, 0x00, 0x00, 0x06, 0x00, 0x00, 0x00, 0x03, 0x83, 0x40,
    0x00, 0x07, 0xC0, 0x00, 0x00, 0x03, 0xC0, 0x79, 0x00, 0x6F, 0xE0, 0x00, 0x00, 0x02, 0xD0, 0x0C,
    0xBF, 0xFB, 0xF4, 0x00, 0x00, 0x00, 0xF0, 0x07, 0x00, 0x02, 0xFC, 0x00, 0x00, 0x00, 0xB4, 0x01,
    0x80, 0x02, 0xFD, 0x00, 0x00, 0x00, 0x3C, 0x00, 0xA0, 0x01, 0xFD, 0x00, 0x00, 0x00, 0x0F, 0x00,
    0x30, 0x01, 0xFE, 0x00, 0x00, 0x00, 0x03, 0x80, 0x0C, 0x00, 0xFE, 0x00, 0x00, 0x00, 0x00, 0xE0,
    0x0A, 0x00, 0xFF, 0x00, 0x00, 0x00, 0x00, 0x34, 0x03, 0x00, 0xFF, 0x00, 0x00, 0x00, 0x00, 0x0E,
    0x03, 0x40, 0xFF, 0x00, 0x00, 0x00, 0x00, 0x01, 0xC2, 0x80, 0xBF, 0x40, 0x00, 0x00, 0x00, 0x00,
    0x2F, 0x40, 0xBF, 0x4B, 0xE0, 0x00, 0x7E, 0x00, 0x00, 0x00, 0x7F, 0x8F, 0x0D, 0x00, 0xB0, 0x90,
    0x00, 0x00, 0x7F, 0x8B, 0x01, 0x80, 0xB0, 0x0C, 0x00, 0x00, 0x3F, 0xC7, 0x40, 0x30, 0x78, 0x03,
    0x00, 0x00, 0x3F, 0xC3, 0xC0, 0x0C, 0x3C, 0x00, 0xC0, 0x00, 0x3F, 0xC1, 0xE0, 0x03, 0x1E, 0x00,
    0x30, 0x00, 0x2F, 0xD0, 0xB0, 0x01, 0xCB, 0x40, 0x0C, 0x00, 0x2F, 0xD0, 0x3C, 0x00, 0xA3, 0xC0,
    0x06, 0x00, 0x1F, 0xE0, 0x0F, 0x00, 0x30, 0xF0, 0x03, 0x40, 0x1F, 0xE0, 0x03, 0x80, 0x1C, 0x3C,
    0x00, 0xC0, 0x0F, 0xF0, 0x00, 0xE0, 0x0D, 0x0E, 0x00, 0xD0, 0x0F, 0xF0, 0x00, 0x28, 0x0A, 0x02,
    0xC0, 0x70, 0x0F, 0xF0, 0x00, 0x07, 0x0B, 0x00, 0x34, 0x70, 0x03, 0xF0, 0x00, 0x00, 0x7E, 0x00,
    0x07, 0xE0, 0x00, 0x34, 0x00, 0x00, 0x00, 0x00, 0x00, 0x00, 0x00, 0x04, 0x00, 0x00, 0x00, 0x00,
    0x00, 0x00, 0x00, 0x00, 0x00, 0x02, 0xF4, 0x00, 0x00, 0x06, 0x00, 0x00, 0x00, 0x00, 0x00, 0x00,
    0x38, 0x34, 0x00, 0x00, 0xBC, 0x00, 0x00, 0x00, 0x00, 0x00, 0x03, 0xC0, 0x79, 0x00, 0x6F, 0xF0,
    0x00, 0x00, 0x00, 0x00, 0x00, 0x2C, 0x00, 0xCB, 0xFE, 0x3F, 0x80, 0x00, 0x00, 0x00, 0x00, 0x00,
    0xF0, 0x03, 0x00, 0x02, 0xFD, 0x00, 0x00, 0x00, 0x00, 0x00, 0x0B, 0x40, 0x18, 0x00, 0x2F, 0xD0,
    0x00, 0x00, 0x00, 0x00, 0x00, 0x3C, 0x00, 0xA0, 0x01, 0xFE, 0x00, 0x00, 0x00, 0x00, 0x00, 0x00,
    0xF0, 0x03, 0x40, 0x1F, 0xE0, 0x00, 0x00, 0x00, 0x00, 0x00, 0x03, 0x80, 0x0C, 0x00, 0xFF, 0x00,
    0x00, 0x00, 0x00, 0x00, 0x00, 0x0D, 0x00, 0xA0, 0x0F, 0xF0, 0x00, 0x00, 0x00, 0x00, 0x00, 0x00,
    0x34, 0x03, 0x00, 0xFF, 0x00, 0x00, 0x00, 0x00, 0x00, 0x00, 0x00, 0xE0, 0x34, 0x0B, 0xF0, 0x00,
    0x00, 0x00, 0x00, 0x00, 0x00, 0x01, 0xC2, 0x80, 0xBF, 0x40, 0x00, 0x00, 0x00, 0x00, 0x00, 0x00,
    0x02, 0xF4, 0x07, 0xF4, 0xBE, 0x00, 0x07, 0xF0, 0x00, 0x2F, 0x40, 0x00, 0x00, 0x7F, 0x8F, 0x0D,
    0x00, 0xB4, 0xA0, 0x03, 0x87, 0x00, 0x00, 0x03, 0xF8, 0xB0, 0x18, 0x07, 0x40, 0xC0, 0x38, 0x09,
    0x00, 0x00, 0x3F, 0xC7, 0x40, 0x30, 0x3C, 0x03, 0x02, 0xC0, 0x18, 0x00, 0x03, 0xFC, 0x3C, 0x00,
    0xC2, 0xD0, 0x09, 0x1E, 0x00, 0x60, 0x00, 0x3F, 0xC1, 0xE0, 0x03, 0x0F, 0x00, 0x30, 0xB4, 0x01,
    0x80, 0x02, 0xFD, 0x0B, 0x40, 0x1C, 0x78, 0x00, 0xC3, 0xC0, 0x09, 0x00, 0x2F, 0xD0, 0x3C, 0x00,
    0xA2, 0xD0, 0x03, 0x0E, 0x00, 0x30, 0x01, 0xFE, 0x00, 0xF0, 0x03, 0x0B, 0x00, 0x28, 0x74, 0x00,
    0xC0, 0x1F, 0xE0, 0x03, 0x80, 0x1C, 0x2C, 0x00, 0xC1, 0xD0, 0x0A, 0x00, 0xFF, 0x00, 0x0E, 0x00,
    0xD0, 0xB0, 0x0A, 0x03, 0x40, 0x30, 0x0F, 0xF0, 0x00, 0x28, 0x0A, 0x01, 0xC0, 0x30, 0x0D, 0x03,
    0x40, 0xFF, 0x00, 0x00, 0x70, 0xB0, 0x03, 0x87, 0x00, 0x2C, 0x38, 0x03, 0xF4, 0x00, 0x00, 0x7E,
    0x00, 0x03, 0xF0, 0x00, 0x2F, 0x40, 0x07, 0x40, 0x00, 0x00, 0x00, 0x00, 0x00, 0x00, 0x00, 0x00,
    0x00, 0x04, 0x00, 0x00, 0x00, 0x00, 0x00, 0x00, 0x00, 0x00, 0x00, 0x00, 0x00, 0x00, 0x80, 0x00,
    0xC0, 0x00, 0xA0, 0x00, 0xB0, 0x00, 0xB0, 0x00, 0xB0, 0x00, 0xF0, 0x01, 0xF0, 0x00, 0x78, 0x00,
    0x0B, 0x00, 0x00, 0xE0, 0x00, 0x0C, 0x00, 0x02, 0x40, 0x00, 0x60, 0x00, 0x0C, 0x00, 0x02, 0x00,
    0x00, 0x80, 0x00, 0x30, 0x00, 0x09, 0x00, 0x01, 0xC0, 0x00, 0x34, 0x00, 0x0B, 0x00, 0x00, 0xE0,
    0x00, 0x2E, 0x00, 0x0F, 0x40, 0x0F, 0x40, 0x0F, 0x40, 0x0B, 0x40, 0x0B, 0x80, 0x07, 0xC0, 0x03,
    0xD0, 0x01, 0xF0, 0x00, 0xB0, 0x00, 0x24, 0x00, 0x00, 0x00, 0x00, 0x00, 0x30, 0x01, 0xF4, 0x00,
    0x90, 0x03, 0xC0, 0x3F, 0xC0, 0x7C, 0x00, 0x0E, 0x07, 0xFC, 0x1E, 0x00, 0x00, 0x74, 0x2E, 0x0B,
    0x40, 0x00, 0x02, 0xC0, 0x03, 0xD0, 0x00, 0x00, 0x0F, 0x01, 0xF0, 0x00, 0x00, 0x00, 0x38, 0x78,
    0x00, 0x00, 0x1F, 0x41, 0xFD, 0x07, 0xC0, 0x03, 0xFC, 0x0F, 0x41, 0xFE, 0x00, 0x7F, 0x87, 0xFC,
    0x2F, 0xE0, 0x02, 0xE1, 0xE0, 0xE0, 0xF8, 0x00, 0x00, 0xB4, 0x07, 0x40, 0x00, 0x00, 0x3D, 0x7D,
    0x2C, 0x00, 0x00, 0x1F, 0x1F, 0xE0, 0xF0, 0x00, 0x07, 0x82, 0xFE, 0x03, 0x80, 0x02, 0xD0, 0x0F,
    0x80, 0x1D, 0x00, 0x00, 0x00, 0x00, 0x00, 0x00, 0x00, 0x00, 0x01, 0xF0, 0x00, 0x00, 0x3F, 0x40,
    0x00, 0x1B, 0xF8, 0x00, 0x1E, 0xBF, 0x34, 0x0B, 0x0B, 0xE0, 0xC1, 0xC0, 0xBC, 0x09, 0x34, 0x0F,
    0xC0, 0xDB, 0xC0, 0xF4, 0x3C, 0x78, 0x1F, 0x2F, 0x00, 0x01, 0xFF, 0x80, 0x00, 0x2F, 0xC0, 0x00,
    0x07, 0xD0, 0x00, 0x02, 0xF8, 0x00, 0x00, 0x7B, 0x08, 0x00, 0x03, 0x77, 0x00, 0x00, 0x1A, 0x40,
    0x00, 0x00, 0x00, 0x00, 0x00, 0x00, 0x00, 0x00, 0x03, 0xC0, 0x00, 0x00, 0xFD, 0x00, 0x00, 0x0F,
    0xD0, 0x00, 0x00, 0xB8, 0x00, 0x00, 0x50, 0x00, 0x01, 0x30, 0x00, 0x1C, 0x1D, 0x01, 0xE0, 0x06,
    0xFE, 0x40, 0x00, 0xBF, 0xF4, 0x02, 0xD0, 0x06, 0xC3, 0x40, 0x00, 0x1E, 0x40, 0x00, 0x03, 0x00,
    0x00, 0x00, 0x00, 0x00, 0x00, 0x00, 0x00, 0x02, 0x00, 0x00, 0x00, 0x00, 0x01, 0xD0, 0x00, 0x00,
    0x00, 0x00, 0xF0, 0x00, 0x00, 0x00, 0x00, 0xBC, 0x00, 0x00, 0x00, 0x00, 0x3F, 0x00, 0x00, 0x00,
    0x00, 0x3F, 0x80, 0x00, 0x00, 0x00, 0x1F, 0xC0, 0x00, 0x00, 0x00, 0x0F, 0xE0, 0x00, 0x00, 0x00,
    0x0B, 0xF0, 0x00, 0x00, 0x00, 0x03, 0xF4, 0x00, 0x00, 0x00, 0x02, 0xFC, 0x00, 0x00, 0x00, 0x00,
    0xFC, 0x00, 0x00, 0x00, 0x00, 0xFE, 0x00, 0x00, 0x00, 0x00, 0x7F, 0x00, 0x00, 0x00, 0x00, 0x3F,
    0x40, 0x00, 0x00, 0x00, 0x2F, 0xC0, 0x00, 0x00, 0x00, 0x0F, 0xD0, 0x00, 0x00, 0x00, 0x0B, 0xE0,
    0x00, 0x00, 0x00, 0x07, 0xF0, 0x00, 0x00, 0x00, 0x03, 0xF8, 0x00, 0x00, 0x00, 0x01, 0xFC, 0x00,
    0x00, 0x00, 0x00, 0xFD, 0x00, 0x00, 0x00, 0x00, 0xBF, 0x00, 0x00, 0x00, 0x00, 0x3F, 0x40, 0x00,
    0x00, 0x00, 0x3F, 0x80, 0x00, 0x00, 0x00, 0x1F, 0xC0, 0x00, 0x00, 0x00, 0x0F, 0xE0, 0x00, 0x00,
    0x00, 0x0B, 0xF0, 0x00, 0x00, 0x00, 0x03, 0xF4, 0x00, 0x00, 0x00, 0x02, 0xFC, 0x00, 0x00, 0x00,
    0x01, 0xFC, 0x00, 0x00, 0x00, 0x00, 0xFE, 0x00, 0x00, 0x00, 0x00, 0x3F, 0x00, 0x00, 0x00, 0x00,
    0x0F, 0x40, 0x00, 0x00, 0x00, 0x07, 0xC0, 0x00, 0x00, 0x00, 0x01, 0xD0, 0x00, 0x00, 0x00, 0x00,
    0x10, 0x00, 0x00, 0x00, 0x00, 0x00, 0x00, 0x00, 0x02, 0xE0, 0x00, 0x01, 0xD0, 0x00, 0x00, 0x60,
    0x00, 0x00, 0x0C, 0x00, 0x00, 0x02, 0x40, 0x00, 0x00, 0x30, 0x00, 0x00, 0x07, 0x00, 0x00, 0x00,
    0xA0, 0x00, 0x00, 0x0D, 0x00, 0x00, 0x00, 0xC0, 0x00, 0x00, 0x08, 0x00, 0x00, 0x01, 0x40, 0x00,
    0x00, 0x24, 0x00, 0x00, 0x0B, 0x40, 0x00, 0x00, 0x3D, 0x00, 0x00, 0x00, 0xBD, 0x00, 0x00, 0x0F,
    0xD0, 0x00, 0x03, 0xD0, 0x00, 0x00, 0xE0, 0x00, 0x00, 0x2C, 0x00, 0x00, 0x03, 0x40, 0x00, 0x00,
    0x70, 0x00, 0x00, 0x0B, 0x00, 0x00, 0x00, 0xA0, 0x00, 0x00, 0x0D, 0x00, 0x00, 0x00, 0xC0, 0x00,
    0x00, 0x0C, 0x00, 0x00, 0x01, 0x80, 0x00, 0x00, 0x24, 0x00, 0x00, 0x03, 0x00, 0x00, 0x00, 0x34,
    0x00, 0x00, 0x07, 0xD0, 0x00, 0x00, 0x07, 0xD0, 0x00, 0x00, 0x00, 0x00, 0x00, 0x00, 0x00, 0xB9,
    0x00, 0x00, 0x00, 0xB8, 0x00, 0x00, 0x03, 0xD0, 0x00, 0x00, 0x2E, 0x00, 0x00, 0x02, 0xD0, 0x00,
    0x00, 0x3C, 0x00, 0x00, 0x03, 0x00, 0x00, 0x00, 0x60, 0x00, 0x00, 0x09, 0x00, 0x00, 0x00, 0xC0,
    0x00, 0x00, 0x04, 0x00, 0x00, 0x06, 0x00, 0x00, 0x02, 0xD0, 0x00, 0x00, 0x04, 0x00, 0x00, 0x00,
    0x90, 0x00, 0x00, 0x2E, 0x00, 0x00, 0xBF, 0xD0, 0x00, 0x01, 0xFC, 0x00, 0x00, 0x03, 0xC0, 0x00,
    0x00, 0x28, 0x00, 0x00, 0x02, 0x40, 0x00, 0x00, 0x30, 0x00, 0x00, 0x03, 0x00, 0x00, 0x00, 0x60,
    0x00, 0x00, 0x0A, 0x00, 0x00, 0x00, 0xD0, 0x00, 0x00, 0x0C, 0x00, 0x00, 0x01, 0xC0, 0x00, 0x00,
    0x24, 0x00, 0x00, 0x03, 0x00, 0x00, 0x00, 0x80, 0x00, 0x00, 0x70, 0x00, 0x00, 0xF8, 0x00, 0x00,
    0x00, 0x00, 0x00, 0x00, 0x00, 0x20, 0x00, 0x02, 0xE0, 0x02, 0xD0, 0x00, 0x2F, 0xC0, 0x1F, 0x00,
    0x00, 0xFF, 0x00, 0xFC, 0x00, 0x01, 0xF0, 0x0B, 0xF0, 0x00, 0x00, 0x00, 0x7F, 0x40, 0x00, 0x00,
    0x03, 0xF8, 0x00, 0x00, 0x00, 0x2F, 0xC0, 0x00, 0x00, 0x01, 0xFC, 0x00, 0x00, 0x00, 0x0F, 0xE0,
    0x00, 0x00, 0x00, 0xFF, 0x00, 0x00, 0x00, 0x0B, 0xF0, 0x00, 0x00, 0x00, 0x3F, 0x40, 0x00, 0x00,
    0x03, 0xF8, 0x00, 0x00, 0x00, 0x2F, 0xC0, 0x00, 0x00, 0x01, 0xFD, 0x00, 0x00, 0x00, 0x0F, 0xE0,
    0x00, 0x00, 0x00, 0xBF, 0x00, 0x00, 0x00, 0x07, 0xF4, 0x00, 0x00, 0x00, 0x3F, 0x80, 0x00, 0x00,
    0x03, 0xFC, 0x7D, 0x00, 0x00, 0x2F, 0xC3, 0xFC, 0x00, 0x00, 0xFD, 0x0F, 0xE0, 0x00, 0x0F, 0xF0,
    0x2E, 0x00, 0x00, 0x1F, 0x00, 0x00, 0x00, 0x00, 0x34, 0x00, 0x00, 0x00, 0x00, 0x80, 0x00, 0x00,
    0x00, 0x00, 0x00, 0x00, 0x00, 0x00, 0x00, 0xBF, 0xD0, 0x0B, 0x40, 0x78, 0x28, 0x00, 0x0D, 0x10,
    0x00, 0x02, 0x00, 0x00, 0x00, 0x06, 0x00, 0x00, 0x00, 0x00, 0x06, 0xFE, 0x00, 0x20, 0x00, 0x02,
    0xFF, 0xFF, 0x43, 0x40, 0x00, 0x7F, 0xD3, 0x0B, 0x2C, 0x00, 0x0B, 0xF4, 0x1C, 0x07, 0xF0, 0x00,
    0xBF, 0x00, 0xA0, 0x0F, 0x80, 0x07, 0xF0, 0x03, 0x00, 0x1D, 0x00, 0x3F, 0x00, 0x0C, 0x00, 0x70,
    0x03, 0xF4, 0x00, 0x60, 0x01, 0xC0, 0x1F, 0xC0, 0x02, 0x40, 0x06, 0x00, 0xFD, 0x00, 0x0C, 0x00,
    0x00, 0x07, 0xF0, 0x00, 0x30, 0x00, 0x00, 0x2F, 0x80, 0x01, 0x80, 0x00, 0x00, 0xFD, 0x00, 0x09,
    0x00, 0x00, 0x03, 0xF0, 0x00, 0x30, 0x00, 0x00, 0x0F, 0xC0, 0x01, 0xC0, 0x00, 0x00, 0x3F, 0x00,
    0x0A, 0x00, 0x0C, 0x00, 0xFC, 0x00, 0x30, 0x00, 0xA0, 0x02, 0xF0, 0x00, 0xC0, 0x03, 0x00, 0x07,
    0xC0, 0x06, 0x00, 0x34, 0x00, 0x0F, 0x80, 0x24, 0x03, 0x40, 0x00, 0x0F, 0x40, 0xC0, 0x34, 0x00,
    0x00, 0x0F, 0x93, 0x1B, 0x00, 0x00, 0x00, 0x06, 0xFF, 0x90, 0x00, 0x00, 0x00, 0x00, 0x90, 0x00,
    0x00, 0x00, 0x00, 0x00, 0x00, 0x00, 0x00, 0x00, 0x00, 0x00, 0x00, 0x06, 0xFD, 0x00, 0x00, 0x00,
    0x0B, 0x81, 0xD0, 0x00, 0x00, 0x0B, 0x40, 0x1C, 0x00, 0x00, 0x07, 0x80, 0x03, 0x00, 0x00, 0x03,
    0xC0, 0x07, 0xC0, 0x00, 0x01, 0xE0, 0x03, 0xF0, 0x00, 0x00, 0xB4, 0x00, 0xB4, 0x00, 0x00, 0x3C,
    0x00, 0x00, 0x00, 0x00, 0x0F, 0x00, 0x00, 0x00, 0x00, 0x07, 0x80, 0x00, 0x00, 0x00, 0x3F, 0xFF,
    0x80, 0x00, 0x00, 0x00, 0xF0, 0x00, 0x00, 0x00, 0x00, 0x7C, 0x00, 0x00, 0x00, 0x00, 0x2D, 0x00,
    0x00, 0x00, 0x01, 0xFF, 0xFD, 0x00, 0x00, 0x00, 0x03, 0xC0, 0x00, 0x00, 0x00, 0x01, 0xF0, 0x00,
    0x00, 0x00, 0x00, 0xB8, 0x00, 0x05, 0x00, 0x6F, 0xFC, 0x00, 0x03, 0x40, 0x70, 0x3F, 0x00, 0x01,
    0x80, 0x34, 0x7E, 0xE0, 0x02, 0x80, 0x0B, 0xF4, 0x1F, 0xBF, 0x40, 0x00, 0x00, 0x00, 0xA0, 0x00,
    0x00, 0x00, 0x0F, 0xFF, 0x00, 0x02, 0xFF, 0xF4, 0x00, 0x01, 0xFD, 0x00, 0x0B, 0xFF, 0x00, 0x00,
    0x09, 0xFC, 0x00, 0x01, 0xF0, 0x00, 0x00, 0x31, 0xF4, 0x00, 0x0B, 0xC0, 0x00, 0x01, 0x83, 0xF0,
    0x00, 0x3D, 0x00, 0x00, 0x0D, 0x07, 0xD0, 0x00, 0xF4, 0x00, 0x3F, 0xFF, 0xFF, 0xFF, 0xFF, 0xFD,
    0x00, 0x01, 0xC0, 0x3F, 0x00, 0x3B, 0x00, 0x00, 0x0A, 0x00, 0x7D, 0x00, 0xDC, 0x00, 0x00, 0x34,
    0x00, 0xF8, 0x06, 0x70, 0x00, 0x00, 0xC0, 0x03, 0xF0, 0x29, 0x80, 0x00, 0x03, 0x00, 0x07, 0xD0,
    0xD2, 0x00, 0x00, 0x18, 0x00, 0x0F, 0x83, 0x04, 0x00, 0xBF, 0xFF, 0xFF, 0xFF, 0xFF, 0xF8, 0x00,
    0x03, 0x00, 0x00, 0x7D, 0xA0, 0x00, 0x00, 0x0C, 0x00, 0x00, 0xFA, 0x80, 0x00, 0x00, 0x20, 0x00,
    0x02, 0xFD, 0x00, 0x00, 0x01, 0x40, 0x00, 0x07, 0xF4, 0x00, 0x00, 0x0A, 0x00, 0x00, 0x0F, 0xD0,
    0x00, 0x1F, 0xFF, 0x80, 0x00, 0x2F, 0x00, 0x00, 0x7F, 0xFE, 0x00, 0x00, 0x3C, 0x00, 0x00, 0x00,
    0x00, 0x00, 0x00, 0x70, 0x00, 0x00, 0x00, 0x00, 0x00, 0x00, 0xC0, 0x00, 0x00, 0x00, 0x00, 0x00,
    0x02, 0x00, 0x00, 0x00, 0x00, 0x00, 0x00, 0x08, 0x00, 0x00, 0x00, 0x00, 0x00, 0x00, 0x10, 0x00,
    0x00, 0x00, 0x00, 0x00, 0x00, 0x40, 0x00, 0x00, 0x00, 0x00, 0x00, 0x00, 0x00, 0x00, 0x00, 0x00,
    0x00, 0x00, 0x00, 0x00, 0x00, 0x00, 0x00, 0x00, 0x00, 0x00, 0x00, 0x00, 0x00, 0x00, 0x00, 0x00,
    0x00, 0x00, 0x00, 0x00, 0x03, 0xFF, 0xF8, 0x0F, 0xFF, 0xF0, 0x07, 0xFF, 0xC0, 0xFF, 0xFE, 0x02,
    0xFF, 0xFC, 0x01, 0xFF, 0xF0, 0x03, 0xF0, 0x00, 0x0B, 0xD0, 0x00, 0x0F, 0x80, 0x00, 0xFC, 0x00,
    0x02, 0xF0, 0x00, 0x0B, 0x00, 0x00, 0x2F, 0x00, 0x00, 0xFC, 0x00, 0x07, 0x00, 0x00, 0x0B, 0xC0,
    0x00, 0x7F, 0x40, 0x03, 0x00, 0x00, 0x3F, 0xFF, 0xFF, 0xFF, 0xFF, 0xFF, 0xFC, 0x00, 0x00, 0xBC,
    0x00, 0x32, 0xF4, 0x00, 0xC0, 0x00, 0x00, 0x1F, 0x00, 0x20, 0x7D, 0x00, 0x90, 0x00, 0x00, 0x07,
    0xD0, 0x08, 0x0F, 0x40, 0x30, 0x00, 0x00, 0x01, 0xF4, 0x04, 0x03, 0xE0, 0x24, 0x00, 0x00, 0x00,
    0x7D, 0x01, 0x00, 0xF8, 0x0C, 0x00, 0x00, 0x00, 0x1F, 0x41, 0x00, 0x3E, 0x09, 0x00, 0x00, 0x0F,
    0xFF, 0xFF, 0xFF, 0xFF, 0xFF, 0xFF, 0x80, 0x00, 0x00, 0xF4, 0xD0, 0x03, 0xE2, 0x40, 0x00, 0x00,
    0x00, 0x3D, 0x30, 0x00, 0xF8, 0xC0, 0x00, 0x00, 0x00, 0x0F, 0xA8, 0x00, 0x3F, 0x50, 0x00, 0x00,
    0x00, 0x03, 0xEC, 0x00, 0x0F, 0xE0, 0x00, 0x00, 0x00, 0x00, 0xFF, 0x00, 0x03, 0xF0, 0x00, 0x00,
    0x00, 0x00, 0x3F, 0x40, 0x00, 0xF8, 0x00, 0x00, 0x00, 0x00, 0x0F, 0xC0, 0x00, 0x2C, 0x00, 0x00,
    0x00, 0x00, 0x03, 0xE0, 0x00, 0x09, 0x00, 0x00, 0x00, 0x00, 0x00, 0x34, 0x00, 0x00, 0x00, 0x00,
    0x00, 0x00, 0x00, 0x0C, 0x00, 0x00, 0x00, 0x00, 0x00, 0x00, 0x00, 0x01, 0x00, 0x00, 0x00, 0x00,
    0x00, 0x00, 0x00, 0x00, 0x00, 0x00, 0x00, 0x00, 0x00, 0x00, 0x00, 0x00, 0x00, 0x00, 0x00, 0x00,
    0x00, 0x00, 0x00, 0x00, 0x00, 0x00, 0x00, 0x00, 0x40, 0x00, 0x00, 0x00, 0x60, 0x00, 0x00, 0x00,
    0xFF, 0x00, 0x00, 0x00, 0x0F, 0xF0, 0x00, 0x00, 0x00, 0x0F, 0x00, 0x00, 0x00, 0x00, 0xE0, 0x00,
    0x00, 0x00, 0x0D, 0x00, 0x00, 0x00, 0x01, 0x90, 0x00, 0x00, 0x0F, 0xF6, 0xC0, 0x00, 0x00, 0x03,
    0x00, 0x00, 0x00, 0x00, 0x30, 0x00, 0x00, 0x00, 0x06, 0x00, 0x00, 0x02, 0xF4, 0x90, 0x00, 0x01,
    0xE0, 0x9C, 0x00, 0x00, 0x78, 0x03, 0xC0, 0x00, 0x0F, 0x00, 0x38, 0x00, 0x03, 0xE0, 0x02, 0x40,
    0x00, 0x7C, 0x00, 0x30, 0x00, 0x0F, 0xC0, 0x03, 0x00, 0x00, 0xF8, 0x00, 0x60, 0x00, 0x1F, 0x40,
    0x0A, 0x00, 0x01, 0xF0, 0x00, 0xE0, 0x00, 0x1F, 0x00, 0x0E, 0x00, 0x01, 0xF0, 0x01, 0xD0, 0x60,
    0x0F, 0x00, 0x3D, 0x0D, 0x00, 0xF0, 0x0F, 0xE0, 0xC0, 0x07, 0x83, 0x8F, 0x34, 0x00, 0x1F, 0xD0,
    0x7E, 0x00, 0x3F, 0xFF, 0xFF, 0x80, 0x00, 0x00, 0x00, 0x00, 0x06, 0xFF, 0xE4, 0x00, 0x00, 0x00,
    0x0B, 0xFF, 0xFF, 0xF0, 0x00, 0x00, 0x07, 0xF9, 0x00, 0x7F, 0xC0, 0x00, 0x02, 0xFC, 0x00, 0x00,
    0xBC, 0x00, 0x00, 0xBD, 0x00, 0x00, 0x01, 0x80, 0x00, 0x2F, 0x40, 0x00, 0x00, 0x00, 0x00, 0x07,
    0xD0, 0x00, 0x00, 0x00, 0x00, 0x00, 0xF8, 0x00, 0x00, 0x00, 0x00, 0x00, 0x2F, 0x00, 0x00, 0x00,
    0x00, 0x02, 0xFF, 0xFF, 0xFF, 0xFF, 0xFC, 0x00, 0x00, 0x7C, 0x00, 0x00, 0x00, 0x00, 0x07, 0xFF,
    0xFF, 0xFF, 0xFF, 0xC0, 0x00, 0x00, 0xFC, 0x00, 0x00, 0x00, 0x00, 0x00, 0x0B, 0xC0, 0x00, 0x00,
    0x00, 0x00, 0x00, 0xBC, 0x00, 0x00, 0x00, 0x00, 0x00, 0x07, 0xD0, 0x00, 0x00, 0x00, 0x00, 0x00,
    0x3F, 0x00, 0x00, 0x00, 0x10, 0x00, 0x01, 0xFC, 0x00, 0x00, 0x0B, 0x00, 0x00, 0x07, 0xF9, 0x00,
    0x1B, 0xE0, 0x00, 0x00, 0x1F, 0xFF, 0xFF, 0xF8, 0x00, 0x00, 0x00, 0x1B, 0xFF, 0xA4, 0x00, 0x00,
    0x00, 0x00, 0x00, 0x06, 0x00, 0x00, 0x00, 0x00, 0x06, 0xFE, 0x00, 0x20, 0x00, 0x02, 0xFF, 0xFF,
    0x43, 0x80, 0x00, 0x7F, 0xD3, 0x0B, 0x2D, 0x00, 0x0B, 0xF4, 0x1C, 0x07, 0xF0, 0x00, 0xBF, 0x00,
    0xA0, 0x0F, 0xC0, 0x07, 0xF0, 0x03, 0x00, 0x1E, 0x00, 0x3F, 0x00, 0x0C, 0x00, 0x74, 0x03, 0xF4,
    0x00, 0x60, 0x01, 0xC0, 0x1F, 0xC0, 0x02, 0x40, 0x07, 0x00, 0xFD, 0x00, 0x0C, 0x00, 0x00, 0x07,
    0xF0, 0x00, 0x30, 0x00, 0x00, 0x2F, 0x80, 0x01, 0x80, 0x00, 0x00, 0xFD, 0x00, 0x09, 0x00, 0x00,
    0x03, 0xF0, 0x00, 0x30, 0x00, 0x00, 0x0F, 0xC0, 0x01, 0xCF, 0xFF, 0xF0, 0x3F, 0x00, 0x0A, 0x02,
    0xFD, 0x00, 0xFC, 0x00, 0x30, 0x03, 0xE0, 0x02, 0xF0, 0x00, 0xC0, 0x0F, 0x40, 0x07, 0xC0, 0x06,
    0x00, 0x3C, 0x00, 0x0F, 0x80, 0x24, 0x00, 0xF0, 0x00, 0x0F, 0x80, 0xC0, 0x03, 0x80, 0x00, 0x0F,
    0xD3, 0x00, 0xBD, 0x00, 0x00, 0x06, 0xFF, 0x4F, 0xC0, 0x00, 0x00, 0x00, 0x90, 0x1E, 0x00, 0x00,
    0x00, 0x00, 0x00, 0x28, 0x00, 0x00, 0x00, 0x00, 0x00, 0x00, 0x00, 0x00, 0x00, 0x00, 0x00, 0x00,
    0x08, 0x00, 0x00, 0x00, 0x00, 0x00, 0x0F, 0x40, 0x00, 0x00, 0x00, 0x00, 0x0B, 0xE0, 0x00, 0x00,
    0x00, 0x00, 0x07, 0xFC, 0x00, 0x00, 0x00, 0x00, 0x03, 0x3F, 0x00, 0x00, 0x00, 0x00, 0x03, 0x4F,
    0xD0, 0x00, 0x00, 0x00, 0x02, 0x82, 0xF8, 0x00, 0x00, 0x00, 0x01, 0xC0, 0x7F, 0x00, 0x00, 0x00,
    0x00, 0xC0, 0x0F, 0xC0, 0x00, 0x00, 0x00, 0xD0, 0x03, 0xF4, 0x00, 0x00, 0x00, 0xA0, 0x00, 0xBE,
    0x00, 0x00, 0x00, 0x70, 0x00, 0x1F, 0xC0, 0x00, 0x00, 0x30, 0x00, 0x03, 0xF0, 0x00, 0x00, 0x34,
    0x00, 0x00, 0xFD, 0x00, 0x00, 0x28, 0x00, 0x00, 0x2F, 0x80, 0x00, 0x1C, 0x00, 0x00, 0x07, 0xF0,
    0x00, 0x0C, 0x00, 0x00, 0x00, 0xFC, 0x00, 0x0D, 0x00, 0x00, 0x00, 0x3F, 0x40, 0x0A, 0x00, 0x00,
    0x00, 0x0B, 0xE0, 0x07, 0x00, 0x00, 0x00, 0x01, 0xFC, 0x03, 0x00, 0x00, 0x00, 0x00, 0x3F, 0x03,
    0xEA, 0xAA, 0xAA, 0xAA, 0xAF, 0xD2, 0xFF, 0xFF, 0xFF, 0xFF, 0xFF, 0xF8, 0xFF, 0xFF, 0xFF, 0xFF,
    0xFF, 0xFF, 0x00, 0x00, 0x00, 0x00, 0x00, 0x00, 0x00, 0x00, 0x00, 0x3F, 0xD0, 0x00, 0x00, 0x00,
    0x2C, 0x00, 0x00, 0x00, 0x00, 0x0D, 0x00, 0x00, 0x00, 0x00, 0x0B, 0x00, 0x00, 0x00, 0x00, 0x03,
    0x40, 0x00, 0x00, 0x00, 0x02, 0xC0, 0x00, 0x00, 0x00, 0x00, 0xD0, 0x00, 0x00, 0x00, 0x00, 0xB0,
    0x00, 0x00, 0x00, 0x00, 0x34, 0x00, 0x00, 0x00, 0x00, 0x2C, 0x00, 0x00, 0x00, 0x00, 0x0D, 0x00,
    0x00, 0x00, 0x00, 0x0B, 0x00, 0x00, 0x00, 0x00, 0x03, 0x40, 0x00, 0x00, 0x04, 0x02, 0xC0, 0x00,
    0x00, 0x07, 0x00, 0xD0, 0x00, 0x00, 0x07, 0xC0, 0xB0, 0x00, 0x00, 0x06, 0xB0, 0x34, 0x00, 0x00,
    0x03, 0x2C, 0x2C, 0x00, 0x00, 0x00, 0x0F, 0x0D, 0x00, 0x00, 0x00, 0x03, 0xCB, 0x00, 0x00, 0x00,
    0x00, 0xF3, 0x40, 0x00, 0x00, 0x00, 0x3D, 0xC0, 0x00, 0x00, 0x00, 0x0F, 0xD0, 0x00, 0x00, 0x00,
    0x03, 0xF0, 0x00, 0x00, 0x00, 0x00, 0xF4, 0x00, 0x00, 0x00, 0x00, 0x3C, 0x00, 0x00, 0x00, 0x00,
    0x0D, 0x00, 0x00, 0x00, 0x00, 0x01, 0x00, 0x00, 0x00, 0x00, 0x00,
};

static const EpdGlyph cmu_16_italicGlyphs[] = {
    { 0, 0, 11, 0, 0, 0, 0 }, // 
    { 0, 0, 12, 0, 0, 0, 0 }, //  
    { 10, 24, 10, 3, 24, 60, 0 }, // !
    { 10, 13, 17, 8, 23, 33, 60 }, // "
    { 25, 31, 27, 3, 24, 194, 93 }, // #
    { 16, 26, 17, 3, 25, 104, 287 }, // $
    { 24, 27, 27, 4, 25, 162, 391 }, // %
    { 23, 24, 25, 4, 24, 138, 553 }, // &
    { 5, 13, 10, 7, 23, 17, 691 }, // '
    { 13, 34, 13, 5, 25, 111, 708 }, // (
    { 13, 34, 13, 0, 25, 111, 819 }, // )
    { 14, 15, 17, 6, 25, 53, 930 }, // *
    { 21, 20, 25, 4, 18, 105, 983 }, // +
    { 6, 10, 10, 2, 3, 15, 1088 }, // ,
    { 10, 2, 12, 2, 8, 5, 1103 }, // -
    { 5, 3, 10, 3, 3, 4, 1108 }, // .
    { 21, 34, 17, 0, 25, 179, 1112 }, // /
    { 16, 22, 17, 3, 22, 88, 1291 }, // 0
    { 13, 22, 17, 3, 22, 72, 1379 }, // 1
    { 17, 22, 17, 2, 22, 94, 1451 }, // 2
    { 16, 22, 17, 3, 22, 88, 1545 }, // 3
    { 15, 29, 17, 1, 22, 109, 1633 }, // 4
    { 16, 21, 17, 3, 21, 84, 1742 }, // 5
    { 16, 22, 17, 3, 22, 88, 1826 }, // 6
    { 17, 22, 17, 4, 22, 94, 1914 }, // 7
    { 16, 22, 17, 3, 22, 88, 2008 }, // 8
    { 16, 22, 17, 3, 22, 88, 2096 }, // 9
    { 7, 14, 10, 3, 14, 25, 2184 }, // :
    { 8, 21, 10, 2, 14, 42, 2209 }, // ;
    { 22, 19, 25, 5, 18, 105, 2251 }, // <
    { 23, 8, 25, 3, 13, 46, 2356 }, // =
    { 21, 20, 25, 3, 18, 105, 2402 }, // >
    { 13, 24, 17, 6, 24, 78, 2507 }, // ?
    { 23, 23, 25, 4, 23, 133, 2585 }, // @
    { 22, 24, 25, 1, 24, 132, 2718 }, // A
    { 23, 23, 23, 2, 23, 133, 2850 }, // B
    { 23, 23, 24, 4, 23, 133, 2983 }, // C
    { 24, 23, 25, 2, 23, 138, 3116 }, // D
    { 23, 23, 22, 2, 23, 133, 3254 }, // E
    { 23, 23, 22, 2, 23, 133, 3387 }, // F
    { 23, 23, 26, 4, 23, 133, 3520 }, // G
    { 27, 23, 25, 2, 23, 156, 3653 }, // H
    { 16, 23, 13, 1, 23, 92, 3809 }, // I
    { 18, 23, 17, 3, 23, 104, 3901 }, // J
    { 27, 23, 25, 2, 23, 156, 4005 }, // K
    { 19, 23, 21, 2, 23, 110, 4161 }, // L
    { 32, 23, 30, 2, 23, 184, 4271 }, // M
    { 27, 23, 25, 2, 23, 156, 4455 }, // N
    { 22, 23, 25, 4, 23, 127, 4611 }, // O
    { 23, 23, 22, 2, 23, 133, 4738 }, // P
    { 22, 29, 25, 4, 23, 160, 4871 }, // Q
    { 22, 23, 24, 2, 23, 127, 5031 }, // R
    { 19, 23, 19, 2, 23, 110, 5158 }, // S
    { 22, 23, 24, 5, 23, 127, 5268 }, // T
    { 23, 23, 25, 6, 23, 133, 5395 }, // U
    { 23, 23, 25, 6, 23, 133, 5528 }, // V
    { 32, 23, 33, 6, 23, 184, 5661 }, // W
    { 27, 23, 25, 1, 23, 156, 5845 }, // X
    { 23, 23, 25, 6, 23, 133, 6001 }, // Y
    { 22, 23, 20, 2, 23, 127, 6134 }, // Z
    { 13, 33, 10, 2, 25, 108, 6261 }, // [
    { 5, 34, 17, 8, 25, 43, 6369 }, // <backslash>
    { 14, 33, 10, -1, 25, 116, 6412 }, // ]
    { 12, 5, 20, 8, 21, 15, 6528 }, // ^
    { 20, 1, 25, 1, -7, 5, 6543 }, // _
    { 5, 5, 17, 9, 21, 7, 6548 }, // `
    { 15, 15, 17, 3, 15, 57, 6555 }, // a
    { 13, 23, 15, 3, 23, 75, 6612 }, // b
    { 13, 15, 15, 3, 15, 49, 6687 }, // c
    { 16, 23, 17, 3, 23, 92, 6736 }, // d
    { 13, 15, 15, 3, 15, 49, 6828 }, // e
    { 16, 31, 10, -1, 24, 124, 6877 }, // f
    { 16, 22, 15, 1, 15, 88, 7001 }, // g
    { 16, 23, 17, 2, 23, 92, 7089 }, // h
    { 9, 22, 10, 2, 22, 50, 7181 }, // i
    { 14, 29, 10, -2, 22, 102, 7231 }, // j
    { 15, 23, 15, 2, 23, 87, 7333 }, // k
    { 8, 23, 8, 3, 23, 46, 7420 }, // l
    { 26, 15, 27, 2, 15, 98, 7466 }, // m
    { 18, 15, 19, 2, 15, 68, 7564 }, // n
    { 14, 15, 17, 3, 15, 53, 7632 }, // o
    { 17, 21, 17, 0, 15, 90, 7685 }, // p
    { 14, 21, 15, 3, 15, 74, 7775 }, // q
    { 15, 15, 14, 2, 15, 57, 7849 }, // r
    { 12, 15, 13, 2, 15, 45, 7906 }, // s
    { 10, 20, 11, 3, 20, 50, 7951 }, // t
    { 17, 15, 18, 2, 15, 64, 8001 }, // u
    { 15, 15, 15, 2, 15, 57, 8065 }, // v
    { 21, 15, 22, 2, 15, 79, 8122 }, // w
    { 17, 15, 15, 1, 15, 64, 8201 }, // x
    { 16, 22, 16, 2, 15, 88, 8265 }, // y
    { 14, 15, 13, 2, 15, 53, 8353 }, // z
    { 15, 33, 17, 5, 25, 124, 8406 }, // {
    { 10, 34, 10, 2, 25, 85, 8530 }, // |
    { 15, 33, 17, 1, 25, 124, 8615 }, // }
    { 15, 3, 20, 8, 22, 12, 8739 }, // ~
    { 0, 0, 12, 0, 0, 0, 8751 }, //  
    { 10, 24, 10, 1, 16, 60, 8751 }, // ¡
    { 15, 22, 17, 3, 18, 83, 8811 }, // ¢
    { 21, 24, 25, 2, 24, 126, 8894 }, // £
    { 25, 23, 25, 4, 23, 144, 9020 }, // ¥
    { 15, 30, 15, 2, 23, 113, 9164 }, // §
    { 11, 3, 17, 8, 21, 9, 9277 }, // ¨
    { 32, 34, 35, 4, 25, 272, 9286 }, // ©
    { 15, 15, 15, 1, 25, 57, 9558 }, // ª
    { 14, 16, 19, 6, 16, 56, 9615 }, // «
    { 18, 8, 22, 5, 11, 36, 9671 }, // ¬
    { 10, 3, 12, 2, 9, 8, 9707 }, // ­
    { 32, 34, 35, 4, 25, 272, 9715 }, // ®
    { 12, 1, 17, 8, 23, 3, 9987 }, // ¯
    { 8, 7, 12, 7, 23, 14, 9990 }, // °
    { 24, 20, 25, 2, 21, 120, 10004 }, // ±
    { 7, 6, 17, 11, 22, 11, 10124 }, // ´
    { 18, 23, 17, 0, 15, 104, 10135 }, // µ
    { 19, 29, 20, 6, 23, 138, 10239 }, // ¶
    { 4, 3, 10, 5, 9, 3, 10377 }, // ·
    { 9, 8, 15, 2, 2, 18, 10380 }, // ¸
    { 14, 15, 15, 1, 25, 53, 10398 }, // º
    { 15, 16, 19, 2, 16, 60, 10451 }, // »
    { 13, 23, 17, 2, 16, 75, 10511 }, // ¿
    { 22, 29, 25, 1, 29, 160, 10586 }, // À
    { 22, 29, 25, 1, 29, 160, 10746 }, // Á
    { 22, 30, 25, 1, 30, 165, 10906 }, // Â
    { 25, 29, 25, 1, 29, 182, 11071 }, // Ã
    { 23, 30, 25, 1, 30, 173, 11253 }, // Ä
    { 22, 30, 25, 1, 30, 165, 11426 }, // Å
    { 31, 23, 29, 1, 23, 179, 11591 }, // Æ
    { 23, 29, 24, 4, 23, 167, 11770 }, // Ç
    { 23, 29, 22, 2, 29, 167, 11937 }, // È
    { 23, 29, 22, 2, 29, 167, 12104 }, // É
    { 23, 30, 22, 2, 30, 173, 12271 }, // Ê
    { 23, 29, 22, 2, 29, 167, 12444 }, // Ë
    { 16, 29, 13, 1, 29, 116, 12611 }, // Ì
    { 16, 29, 13, 1, 29, 116, 12727 }, // Í
    { 16, 30, 13, 1, 30, 120, 12843 }, // Î
    { 17, 30, 13, 1, 30, 128, 12963 }, // Ï
    { 24, 23, 25, 2, 23, 138, 13091 }, // Ð
    { 27, 29, 25, 2, 29, 196, 13229 }, // Ñ
    { 22, 29, 25, 4, 29, 160, 13425 }, // Ò
    { 22, 29, 25, 4, 29, 160, 13585 }, // Ó
    { 22, 30, 25, 4, 30, 165, 13745 }, // Ô
    { 22, 29, 25, 4, 29, 160, 13910 }, // Õ
    { 22, 30, 25, 4, 30, 165, 14070 }, // Ö
    { 25, 26, 25, 3, 24, 163, 14235 }, // Ø
    { 23, 29, 25, 6, 29, 167, 14398 }, // Ù
    { 23, 29, 25, 6, 29, 167, 14565 }, // Ú
    { 23, 30, 25, 6, 30, 173, 14732 }, // Û
    { 23, 30, 25, 6, 30, 173, 14905 }, // Ü
    { 23, 29, 25, 6, 29, 167, 15078 }, // Ý
    { 20, 23, 21, 2, 23, 115, 15245 }, // Þ
    { 21, 30, 18, -1, 23, 158, 15360 }, // ß
    { 15, 22, 17, 3, 22, 83, 15518 }, // à
    { 15, 22, 17, 3, 22, 83, 15601 }, // á
    { 15, 21, 17, 3, 21, 79, 15684 }, // â
    { 15, 20, 17, 3, 20, 75, 15763 }, // ã
    { 16, 21, 17, 3, 21, 84, 15838 }, // ä
    { 15, 22, 17, 3, 22, 83, 15922 }, // å
    { 21, 16, 24, 3, 16, 84, 16005 }, // æ
    { 13, 21, 15, 3, 15, 69, 16089 }, // ç
    { 13, 22, 15, 3, 22, 72, 16158 }, // è
    { 15, 22, 15, 3, 22, 83, 16230 }, // é
    { 13, 21, 15, 3, 21, 69, 16313 }, // ê
    { 15, 21, 15, 3, 21, 79, 16382 }, // ë
    { 9, 22, 10, 2, 22, 50, 16461 }, // ì
    { 13, 22, 10, 2, 22, 72, 16511 }, // í
    { 11, 21, 10, 2, 21, 58, 16583 }, // î
    { 13, 21, 10, 2, 21, 69, 16641 }, // ï
    { 16, 24, 17, 3, 24, 96, 16710 }, // ð
    { 18, 20, 19, 2, 20, 90, 16806 }, // ñ
    { 14, 22, 17, 3, 22, 77, 16896 }, // ò
    { 15, 22, 17, 3, 22, 83, 16973 }, // ó
    { 14, 21, 17, 3, 21, 74, 17056 }, // ô
    { 16, 20, 17, 3, 20, 80, 17130 }, // õ
    { 16, 21, 17, 3, 21, 84, 17210 }, // ö
    { 21, 18, 25, 4, 17, 95, 17294 }, // ÷
    { 17, 21, 17, 2, 18, 90, 17389 }, // ø
    { 17, 22, 18, 2, 22, 94, 17479 }, // ù
    { 17, 22, 18, 2, 22, 94, 17573 }, // ú
    { 17, 21, 18, 2, 21, 90, 17667 }, // û
    { 17, 21, 18, 2, 21, 90, 17757 }, // ü
    { 16, 29, 16, 2, 22, 116, 17847 }, // ý
    { 19, 30, 17, -1, 23, 143, 17963 }, // þ
    { 16, 28, 16, 2, 21, 112, 18106 }, // ÿ
    { 25, 28, 25, 1, 28, 175, 18218 }, // Ā
    { 15, 19, 17, 3, 19, 72, 18393 }, // ā
    { 24, 29, 25, 1, 29, 174, 18465 }, // Ă
    { 16, 21, 17, 3, 21, 84, 18639 }, // ă
    { 22, 31, 25, 1, 24, 171, 18723 }, // Ą
    { 15, 22, 17, 3, 15, 83, 18894 }, // ą
    { 23, 29, 24, 4, 29, 167, 18977 }, // Ć
    { 14, 22, 15, 3, 22, 77, 19144 }, // ć
    { 23, 30, 24, 4, 30, 173, 19221 }, // Ĉ
    { 14, 22, 15, 3, 22, 77, 19394 }, // ĉ
    { 23, 28, 24, 4, 28, 161, 19471 }, // Ċ
    { 13, 22, 15, 3, 22, 72, 19632 }, // ċ
    { 23, 30, 24, 4, 30, 173, 19704 }, // Č
    { 16, 22, 15, 3, 22, 88, 19877 }, // č
    { 24, 31, 25, 2, 31, 186, 19965 }, // Ď
    { 21, 24, 17, 3, 24, 126, 20151 }, // ď
    { 24, 23, 25, 2, 23, 138, 20277 }, // Đ
    { 17, 23, 17, 3, 23, 98, 20415 }, // đ
    { 23, 28, 22, 2, 28, 161, 20513 }, // Ē
    { 16, 19, 15, 3, 19, 76, 20674 }, // ē
    { 23, 28, 22, 2, 28, 161, 20750 }, // Ė
    { 13, 22, 15, 3, 22, 72, 20911 }, // ė
    { 23, 30, 22, 2, 23, 173, 20983 }, // Ę
    { 13, 22, 15, 3, 15, 72, 21156 }, // ę
    { 23, 30, 22, 2, 30, 173, 21228 }, // Ě
    { 16, 22, 15, 3, 22, 88, 21401 }, // ě
    { 23, 30, 26, 4, 30, 173, 21489 }, // Ĝ
    { 16, 29, 15, 1, 22, 116, 21662 }, // ĝ
    { 23, 29, 26, 4, 29, 167, 21778 }, // Ğ
    { 17, 28, 15, 1, 21, 119, 21945 }, // ğ
    { 23, 28, 26, 4, 28, 161, 22064 }, // Ġ
    { 16, 29, 15, 1, 22, 116, 22225 }, // ġ
    { 27, 30, 25, 2, 30, 203, 22341 }, // Ĥ
    { 16, 30, 17, 2, 30, 120, 22544 }, // ĥ
    { 18, 26, 13, 1, 26, 117, 22664 }, // Ī
    { 14, 19, 10, 2, 19, 67, 22781 }, // ī
    { 16, 28, 13, 1, 28, 112, 22848 }, // İ
    { 9, 15, 10, 2, 15, 34, 22960 }, // ı
    { 19, 30, 17, 3, 30, 143, 22994 }, // Ĵ
    { 18, 29, 11, -2, 22, 131, 23137 }, // ĵ
    { 19, 29, 21, 2, 29, 138, 23268 }, // Ĺ
    { 13, 29, 8, 3, 29, 95, 23406 }, // ĺ
    { 21, 26, 21, 2, 26, 137, 23501 }, // Ľ
    { 13, 24, 8, 3, 24, 78, 23638 }, // ľ
    { 19, 23, 21, 2, 23, 110, 23716 }, // Ł
    { 10, 23, 11, 2, 23, 58, 23826 }, // ł
    { 27, 29, 25, 2, 29, 196, 23884 }, // Ń
    { 18, 22, 19, 2, 22, 99, 24080 }, // ń
    { 27, 30, 25, 2, 30, 203, 24179 }, // Ň
    { 18, 22, 19, 2, 22, 99, 24382 }, // ň
    { 23, 29, 25, 4, 29, 167, 24481 }, // Ő
    { 18, 22, 17, 3, 22, 99, 24648 }, // ő
    { 30, 24, 33, 5, 23, 180, 24747 }, // Œ
    { 21, 16, 24, 3, 15, 84, 24927 }, // œ
    { 22, 29, 24, 2, 29, 160, 25011 }, // Ŕ
    { 15, 22, 14, 2, 22, 83, 25171 }, // ŕ
    { 22, 31, 24, 2, 31, 171, 25254 }, // Ř
    { 15, 22, 14, 2, 22, 83, 25425 }, // ř
    { 19, 29, 19, 2, 29, 138, 25508 }, // Ś
    { 14, 22, 13, 2, 22, 77, 25646 }, // ś
    { 19, 30, 19, 2, 30, 143, 25723 }, // Ŝ
    { 13, 22, 13, 2, 22, 72, 25866 }, // ŝ
    { 19, 29, 19, 2, 23, 138, 25938 }, // Ş
    { 13, 22, 13, 1, 15, 72, 26076 }, // ş
    { 20, 31, 19, 2, 31, 155, 26148 }, // Š
    { 15, 22, 13, 2, 22, 83, 26303 }, // š
    { 22, 30, 24, 5, 24, 165, 26386 }, // Ţ
    { 12, 27, 11, 1, 21, 81, 26551 }, // ţ
    { 22, 30, 24, 5, 30, 165, 26632 }, // Ť
    { 13, 23, 11, 3, 23, 75, 26797 }, // ť
    { 23, 28, 25, 6, 28, 161, 26872 }, // Ū
    { 18, 19, 18, 2, 19, 86, 27033 }, // ū
    { 23, 29, 25, 6, 29, 167, 27119 }, // Ŭ
    { 17, 21, 18, 2, 21, 90, 27286 }, // ŭ
    { 23, 30, 25, 6, 30, 173, 27376 }, // Ů
    { 17, 22, 18, 2, 22, 94, 27549 }, // ů
    { 23, 29, 25, 6, 29, 167, 27643 }, // Ű
    { 19, 22, 18, 2, 22, 105, 27810 }, // ű
    { 23, 30, 25, 6, 30, 173, 27915 }, // Ÿ
    { 22, 29, 20, 2, 29, 160, 28088 }, // Ź
    { 14, 22, 13, 2, 22, 77, 28248 }, // ź
    { 22, 28, 20, 2, 28, 154, 28325 }, // Ż
    { 14, 22, 13, 2, 22, 77, 28479 }, // ż
    { 22, 31, 20, 2, 31, 171, 28556 }, // Ž
    { 15, 22, 13, 2, 22, 83, 28727 }, // ž
    { 23, 29, 22, 2, 29, 167, 28810 }, // Ѐ
    { 23, 29, 22, 2, 29, 167, 28977 }, // Ё
    { 24, 23, 28, 5, 23, 138, 29144 }, // Ђ
    { 22, 29, 21, 2, 29, 160, 29282 }, // Ѓ
    { 23, 23, 24, 4, 23, 133, 29442 }, // Є
    { 19, 23, 19, 2, 23, 110, 29575 }, // Ѕ
    { 16, 23, 13, 1, 23, 92, 29685 }, // І
    { 17, 29, 13, 1, 29, 124, 29777 }, // Ї
    { 18, 23, 17, 3, 23, 104, 29901 }, // Ј
    { 32, 23, 35, 2, 23, 184, 30005 }, // Љ
    { 32, 23, 35, 2, 23, 184, 30189 }, // Њ
    { 20, 23, 25, 5, 23, 115, 30373 }, // Ћ
    { 27, 29, 25, 2, 29, 196, 30488 }, // Ќ
    { 27, 29, 25, 2, 29, 196, 30684 }, // Ѝ
    { 24, 29, 25, 5, 29, 174, 30880 }, // Ў
    { 27, 29, 25, 2, 23, 196, 31054 }, // Џ
    { 22, 25, 25, 1, 24, 138, 31250 }, // А
    { 22, 23, 23, 2, 23, 127, 31388 }, // Б
    { 23, 23, 23, 2, 23, 133, 31515 }, // В
    { 22, 23, 21, 2, 23, 127, 31648 }, // Г
    { 30, 30, 25, -1, 23, 225, 31775 }, // Д
    { 23, 23, 22, 2, 23, 133, 32000 }, // Е
    { 39, 24, 38, 2, 23, 234, 32133 }, // Ж
    { 19, 23, 20, 3, 23, 110, 32367 }, // З
    { 27, 23, 25, 2, 23, 156, 32477 }, // И
    { 27, 29, 25, 2, 29, 196, 32633 }, // Й
    { 27, 23, 25, 2, 23, 156, 32829 }, // К
    { 27, 23, 25, 2, 23, 156, 32985 }, // Л
    { 32, 23, 30, 2, 23, 184, 33141 }, // М
    { 27, 23, 25, 2, 23, 156, 33325 }, // Н
    { 22, 23, 25, 4, 23, 127, 33481 }, // О
    { 27, 24, 25, 2, 23, 162, 33608 }, // П
    { 23, 23, 22, 2, 23, 133, 33770 }, // Р
    { 23, 23, 24, 4, 23, 133, 33903 }, // С
    { 22, 23, 24, 5, 23, 127, 34036 }, // Т
    { 24, 23, 25, 5, 23, 138, 34163 }, // У
    { 23, 23, 27, 5, 23, 133, 34301 }, // Ф
    { 27, 23, 25, 1, 23, 156, 34434 }, // Х
    { 27, 30, 25, 2, 23, 203, 34590 }, // Ц
    { 22, 24, 25, 7, 24, 132, 34793 }, // Ч
    { 38, 23, 36, 2, 23, 219, 34925 }, // Ш
    { 38, 30, 36, 2, 23, 285, 35144 }, // Щ
    { 23, 23, 29, 5, 23, 133, 35429 }, // Ъ
    { 33, 23, 31, 2, 23, 190, 35562 }, // Ы
    { 21, 23, 23, 2, 23, 121, 35752 }, // Ь
    { 22, 23, 24, 3, 23, 127, 35873 }, // Э
    { 35, 23, 36, 2, 23, 202, 36000 }, // Ю
    { 27, 23, 25, 2, 23, 156, 36202 }, // Я
    { 16, 15, 16, 2, 15, 60, 36358 }, // а
    { 18, 23, 16, 2, 23, 104, 36418 }, // б
    { 14, 15, 16, 3, 15, 53, 36522 }, // в
    { 12, 15, 14, 3, 15, 45, 36575 }, // г
    { 16, 23, 16, 2, 23, 92, 36620 }, // д
    { 12, 15, 15, 3, 15, 45, 36712 }, // е
    { 33, 15, 35, 2, 15, 124, 36757 }, // ж
    { 14, 15, 15, 2, 15, 53, 36881 }, // з
    { 18, 15, 19, 2, 15, 68, 36934 }, // и
    { 18, 21, 19, 2, 21, 95, 37002 }, // й
    { 17, 15, 17, 2, 15, 64, 37097 }, // к
    { 18, 15, 18, 1, 15, 68, 37161 }, // л
    { 25, 14, 24, 1, 14, 88, 37229 }, // м
    { 18, 15, 19, 2, 15, 68, 37317 }, // н
    { 14, 15, 16, 3, 15, 53, 37385 }, // о
    { 18, 16, 19, 2, 16, 72, 37438 }, // п
    { 18, 23, 17, 0, 16, 104, 37510 }, // р
    { 12, 15, 15, 3, 15, 45, 37614 }, // с
    { 26, 16, 27, 2, 16, 104, 37659 }, // т
    { 16, 22, 17, 2, 15, 88, 37763 }, // у
    { 21, 30, 22, 2, 23, 158, 37851 }, // ф
    { 18, 15, 18, 2, 15, 68, 38009 }, // х
    { 17, 22, 19, 2, 15, 94, 38077 }, // ц
    { 17, 15, 18, 2, 15, 64, 38171 }, // ч
    { 26, 15, 27, 2, 15, 98, 38235 }, // ш
    { 26, 22, 27, 2, 15, 143, 38333 }, // щ
    { 14, 15, 16, 3, 15, 53, 38476 }, // ъ
    { 21, 15, 22, 2, 15, 79, 38529 }, // ы
    { 15, 15, 17, 2, 15, 57, 38608 }, // ь
    { 15, 15, 15, 1, 15, 57, 38665 }, // э
    { 23, 15, 24, 2, 15, 87, 38722 }, // ю
    { 18, 14, 18, 1, 14, 63, 38809 }, // я
    { 12, 22, 15, 3, 22, 66, 38872 }, // ѐ
    { 14, 21, 15, 3, 21, 74, 38938 }, // ё
    { 18, 29, 15, 1, 23, 131, 39012 }, // ђ
    { 12, 22, 14, 3, 22, 66, 39143 }, // ѓ
    { 14, 15, 15, 2, 15, 53, 39209 }, // є
    { 12, 15, 13, 2, 15, 45, 39262 }, // ѕ
    { 9, 22, 10, 2, 22, 50, 39307 }, // і
    { 13, 21, 10, 2, 21, 69, 39357 }, // ї
    { 14, 29, 10, -2, 22, 102, 39426 }, // ј
    { 22, 15, 23, 1, 15, 83, 39528 }, // љ
    { 22, 15, 24, 2, 15, 83, 39611 }, // њ
    { 17, 23, 17, 1, 23, 98, 39694 }, // ћ
    { 17, 22, 17, 2, 22, 94, 39792 }, // ќ
    { 18, 22, 19, 2, 22, 99, 39886 }, // ѝ
    { 16, 28, 17, 2, 21, 112, 39985 }, // ў
    { 18, 21, 18, 1, 15, 95, 40097 }, // џ
    { 29, 23, 32, 4, 23, 167, 40192 }, // Ѡ
    { 18, 16, 20, 3, 16, 72, 40359 }, // ѡ
    { 21, 25, 27, 5, 25, 132, 40431 }, // Ѣ
    { 22, 15, 24, 2, 15, 83, 40563 }, // ѣ
    { 36, 23, 34, 2, 23, 207, 40646 }, // Ѥ
    { 23, 15, 23, 2, 15, 87, 40853 }, // ѥ
    { 27, 24, 30, 2, 24, 162, 40940 }, // Ѧ
    { 21, 15, 21, 1, 15, 79, 41102 }, // ѧ
    { 36, 25, 40, 2, 24, 225, 41181 }, // Ѩ
    { 28, 15, 29, 2, 15, 105, 41406 }, // ѩ
    { 31, 23, 33, 1, 23, 179, 41511 }, // Ѫ
    { 24, 15, 24, 1, 15, 90, 41690 }, // ѫ
    { 40, 24, 43, 2, 23, 240, 41780 }, // Ѭ
    { 31, 16, 32, 2, 16, 124, 42020 }, // ѭ
    { 21, 36, 19, 0, 28, 189, 42144 }, // Ѯ
    { 16, 24, 14, 0, 17, 96, 42333 }, // ѯ
    { 21, 23, 25, 7, 23, 121, 42429 }, // Ѱ
    { 20, 30, 20, 2, 23, 150, 42550 }, // ѱ
    { 22, 23, 25, 4, 23, 127, 42700 }, // Ѳ
    { 13, 15, 15, 3, 15, 49, 42827 }, // ѳ
    { 25, 24, 27, 6, 24, 150, 42876 }, // Ѵ
    { 21, 16, 20, 2, 16, 84, 43026 }, // ѵ
    { 25, 29, 27, 6, 29, 182, 43110 }, // Ѷ
    { 21, 22, 20, 2, 22, 116, 43292 }, // ѷ
    { 28, 29, 30, 4, 26, 203, 43408 }, // Ѻ
    { 18, 16, 19, 2, 15, 72, 43611 }, // ѻ
    { 29, 30, 32, 4, 30, 218, 43683 }, // Ѽ
    { 21, 21, 20, 3, 21, 111, 43901 }, // ѽ
    { 29, 30, 32, 4, 30, 218, 44012 }, // Ѿ
    { 18, 21, 20, 3, 21, 95, 44230 }, // ѿ
    { 23, 31, 24, 4, 23, 179, 44325 }, // Ҁ
    { 13, 22, 15, 2, 15, 72, 44504 }, // ҁ
    { 13, 10, 15, 1, 7, 33, 44576 }, // ҂
    { 13, 6, 0, -2, 22, 20, 44609 }, // ҃
    { 17, 8, 0, -13, 22, 34, 44629 }, // ҄
    { 9, 7, 0, -9, 24, 16, 44663 }, // ҅
    { 9, 8, 0, -8, 24, 18, 44679 }, // ҆
    { 33, 36, 0, -32, 26, 297, 44697 }, // ҈
    { 36, 40, 0, -34, 28, 360, 44994 }, // ҉
    { 27, 35, 25, 2, 29, 237, 45354 }, // Ҋ
    { 17, 28, 19, 2, 21, 119, 45591 }, // ҋ
    { 22, 23, 27, 5, 23, 127, 45710 }, // Ҍ
    { 13, 21, 17, 4, 21, 69, 45837 }, // ҍ
    { 23, 24, 22, 2, 23, 138, 45906 }, // Ҏ
    { 18, 23, 17, 0, 16, 104, 46044 }, // ҏ
    { 25, 30, 21, 2, 30, 188, 46148 }, // Ґ
    { 21, 20, 18, 1, 20, 105, 46336 }, // ґ
    { 22, 24, 21, 2, 23, 132, 46441 }, // Ғ
    { 12, 15, 14, 3, 15, 45, 46573 }, // ғ
    { 22, 30, 23, 2, 23, 165, 46618 }, // Ҕ
    { 13, 21, 16, 4, 14, 69, 46783 }, // ҕ
    { 39, 30, 38, 2, 23, 293, 46852 }, // Җ
    { 33, 22, 35, 2, 15, 182, 47145 }, // җ
    { 19, 31, 20, 3, 23, 148, 47327 }, // Ҙ
    { 15, 23, 15, 1, 15, 87, 47475 }, // ҙ
    { 27, 30, 25, 2, 23, 203, 47562 }, // Қ
    { 17, 22, 17, 2, 15, 94, 47765 }, // қ
    { 29, 23, 28, 2, 23, 167, 47859 }, // Ҝ
    { 18, 15, 19, 2, 15, 68, 48026 }, // ҝ
    { 27, 23, 25, 2, 23, 156, 48094 }, // Ҟ
    { 15, 23, 15, 2, 23, 87, 48250 }, // ҟ
    { 29, 23, 31, 5, 23, 167, 48337 }, // Ҡ
    { 20, 15, 21, 3, 15, 75, 48504 }, // ҡ
    { 27, 29, 25, 2, 23, 196, 48579 }, // Ң
    { 17, 22, 19, 2, 15, 94, 48775 }, // ң
    { 33, 23, 31, 2, 23, 190, 48869 }, // Ҥ
    { 23, 16, 22, 2, 16, 92, 49059 }, // ҥ
    { 32, 30, 35, 2, 23, 240, 49151 }, // Ҧ
    { 21, 23, 24, 2, 16, 121, 49391 }, // ҧ
    { 22, 26, 25, 4, 23, 143, 49512 }, // Ҩ
    { 14, 17, 16, 3, 15, 60, 49655 }, // ҩ
    { 23, 31, 24, 4, 23, 179, 49715 }, // Ҫ
    { 13, 23, 15, 2, 15, 75, 49894 }, // ҫ
    { 22, 29, 24, 5, 23, 160, 49969 }, // Ҭ
    { 26, 22, 27, 2, 15, 143, 50129 }, // ҭ
    { 23, 23, 25, 6, 23, 133, 50272 }, // Ү
    { 21, 21, 20, 2, 15, 111, 50405 }, // ү
    { 23, 23, 25, 6, 23, 133, 50516 }, // Ұ
    { 21, 21, 20, 2, 15, 111, 50649 }, // ұ
    { 27, 29, 25, 1, 23, 196, 50760 }, // Ҳ
    { 18, 22, 17, 1, 15, 99, 50956 }, // ҳ
    { 32, 29, 32, 4, 23, 232, 51055 }, // Ҵ
    { 21, 22, 24, 3, 15, 116, 51287 }, // ҵ
    { 22, 29, 25, 7, 23, 160, 51403 }, // Ҷ
    { 17, 22, 18, 2, 15, 94, 51563 }, // ҷ
    { 22, 23, 25, 7, 23, 127, 51657 }, // Ҹ
    { 17, 15, 18, 2, 15, 64, 51784 }, // ҹ
    { 22, 23, 25, 2, 23, 127, 51848 }, // Һ
    { 16, 23, 17, 2, 23, 92, 51975 }, // һ
    { 24, 23, 27, 5, 23, 138, 52067 }, // Ҽ
    { 16, 15, 19, 4, 15, 60, 52205 }, // ҽ
    { 24, 30, 27, 5, 23, 180, 52265 }, // Ҿ
    { 16, 22, 19, 4, 15, 88, 52445 }, // ҿ
    { 16, 23, 13, 1, 23, 92, 52533 }, // Ӏ
    { 39, 30, 38, 2, 29, 293, 52625 }, // Ӂ
    { 33, 21, 35, 2, 21, 174, 52918 }, // ӂ
    { 27, 30, 25, 2, 23, 203, 53092 }, // Ӄ
    { 17, 22, 17, 2, 15, 94, 53295 }, // ӄ
    { 27, 30, 25, 2, 23, 203, 53389 }, // Ӆ
    { 18, 22, 18, 1, 15, 99, 53592 }, // ӆ
    { 27, 30, 25, 2, 23, 203, 53691 }, // Ӈ
    { 16, 22, 17, 2, 15, 88, 53894 }, // ӈ
    { 27, 30, 25, 2, 23, 203, 53982 }, // Ӊ
    { 22, 30, 25, 7, 23, 165, 54185 }, // Ӌ
    { 17, 21, 18, 2, 15, 90, 54350 }, // ӌ
    { 31, 30, 30, 2, 23, 233, 54440 }, // Ӎ
    { 24, 21, 25, 1, 14, 126, 54673 }, // ӎ
    { 24, 30, 25, 1, 29, 180, 54799 }, // Ӑ
    { 16, 21, 16, 2, 21, 84, 54979 }, // ӑ
    { 23, 30, 25, 1, 29, 173, 55063 }, // Ӓ
    { 16, 21, 16, 2, 21, 84, 55236 }, // ӓ
    { 31, 23, 29, 1, 23, 179, 55320 }, // Ӕ
    { 21, 16, 24, 3, 16, 84, 55499 }, // ӕ
    { 23, 29, 22, 2, 29, 167, 55583 }, // Ӗ
    { 14, 21, 15, 3, 21, 74, 55750 }, // ӗ
    { 21, 23, 22, 3, 23, 121, 55824 }, // Ә
    { 14, 15, 15, 2, 15, 53, 55945 }, // ә
    { 22, 30, 24, 3, 30, 165, 55998 }, // Ӛ
    { 16, 21, 15, 2, 21, 84, 56163 }, // ӛ
    { 39, 30, 38, 2, 30, 293, 56247 }, // Ӝ
    { 33, 21, 35, 2, 21, 174, 56540 }, // ӝ
    { 19, 29, 20, 3, 29, 138, 56714 }, // Ӟ
    { 16, 22, 15, 2, 22, 88, 56852 }, // ӟ
    { 19, 23, 19, 3, 23, 110, 56940 }, // Ӡ
    { 16, 22, 15, 1, 15, 88, 57050 }, // ӡ
    { 27, 29, 25, 2, 29, 196, 57138 }, // Ӣ
    { 18, 23, 19, 2, 23, 104, 57334 }, // ӣ
    { 27, 29, 25, 2, 29, 196, 57438 }, // Ӥ
    { 18, 21, 19, 2, 21, 95, 57634 }, // ӥ
    { 22, 30, 25, 4, 30, 165, 57729 }, // Ӧ
    { 16, 22, 17, 3, 22, 88, 57894 }, // ӧ
    { 22, 23, 25, 4, 23, 127, 57982 }, // Ө
    { 14, 15, 17, 3, 15, 53, 58109 }, // ө
    { 22, 30, 25, 4, 30, 165, 58162 }, // Ӫ
    { 16, 22, 17, 3, 22, 88, 58327 }, // ӫ
    { 22, 29, 24, 3, 29, 160, 58415 }, // Ӭ
    { 17, 22, 15, 1, 22, 94, 58575 }, // ӭ
    { 24, 29, 25, 5, 29, 174, 58669 }, // Ӯ
    { 17, 30, 17, 2, 23, 128, 58843 }, // ӯ
    { 24, 29, 25, 5, 29, 174, 58971 }, // Ӱ
    { 17, 28, 17, 2, 21, 119, 59145 }, // ӱ
    { 24, 29, 25, 5, 29, 174, 59264 }, // Ӳ
    { 19, 29, 17, 2, 22, 138, 59438 }, // ӳ
    { 22, 29, 25, 7, 29, 160, 59576 }, // Ӵ
    { 17, 22, 18, 2, 22, 94, 59736 }, // ӵ
    { 22, 29, 21, 2, 23, 160, 59830 }, // Ӷ
    { 12, 22, 14, 3, 15, 66, 59990 }, // ӷ
    { 33, 29, 31, 2, 29, 240, 60056 }, // Ӹ
    { 21, 21, 22, 2, 21, 111, 60296 }, // ӹ
    { 27, 31, 25, 1, 24, 210, 60407 }, // Ӽ
    { 18, 21, 18, 2, 15, 95, 60617 }, // ӽ
    { 27, 24, 25, 1, 23, 162, 60712 }, // Ӿ
    { 18, 15, 18, 2, 15, 68, 60874 }, // ӿ
    { 0, 0, 17, 0, 0, 0, 60942 }, //  
    { 0, 0, 34, 0, 0, 0, 60942 }, //  
    { 0, 0, 17, 0, 0, 0, 60942 }, //  
    { 0, 0, 34, 0, 0, 0, 60942 }, //  
    { 0, 0, 11, 0, 0, 0, 60942 }, //  
    { 0, 0, 8, 0, 0, 0, 60942 }, //  
    { 0, 0, 6, 0, 0, 0, 60942 }, //  
    { 0, 0, 17, 0, 0, 0, 60942 }, //  
    { 0, 0, 10, 0, 0, 0, 60942 }, //  
    { 0, 0, 7, 0, 0, 0, 60942 }, //  
    { 0, 0, 1, 0, 0, 0, 60942 }, //  
    { 0, 0, 0, 0, 0, 0, 60942 }, // ​
    { 0, 0, 0, 0, 0, 0, 60942 }, // ‌
    { 0, 0, 0, 0, 0, 0, 60942 }, // ‍
    { 10, 3, 12, 2, 9, 8, 60942 }, // ‐
    { 10, 3, 12, 2, 9, 8, 60950 }, // ‑
    { 16, 2, 17, 3, 10, 8, 60958 }, // ‒
    { 16, 1, 17, 3, 9, 4, 60966 }, // –
    { 32, 1, 34, 3, 9, 8, 60970 }, // —
    { 13, 34, 17, 4, 25, 111, 60978 }, // ‖
    { 6, 9, 10, 6, 22, 14, 61089 }, // ‘
    { 6, 10, 10, 7, 22, 15, 61103 }, // ’
    { 6, 11, 10, 2, 4, 17, 61118 }, // ‚
    { 6, 10, 10, 7, 22, 15, 61135 }, // ‛
    { 12, 10, 12, 4, 23, 30, 61150 }, // “
    { 13, 10, 12, 4, 22, 33, 61180 }, // ”
    { 12, 11, 12, 0, 5, 33, 61213 }, // „
    { 12, 10, 12, 5, 22, 30, 61246 }, // ‟
    { 12, 35, 15, 5, 27, 105, 61276 }, // †
    { 15, 29, 15, 2, 23, 109, 61381 }, // ‡
    { 13, 12, 17, 4, 15, 39, 61490 }, // •
    { 25, 4, 30, 3, 4, 25, 61529 }, // …
    { 14, 28, 16, 6, 22, 98, 61554 }, //  
    { 0, 0, 6, 0, 0, 0, 61652 }, //  
    { 33, 29, 37, 4, 25, 240, 61652 }, // ‰
    { 43, 29, 48, 4, 25, 312, 61892 }, // ‱
    { 9, 16, 15, 6, 16, 36, 62204 }, // ‹
    { 9, 19, 15, 4, 16, 43, 62240 }, // ›
    { 22, 17, 22, 2, 17, 94, 62283 }, // ※
    { 14, 22, 19, 6, 23, 77, 62377 }, // ‽
    { 12, 4, 11, -1, -1, 12, 62454 }, // ‿
    { 13, 5, 17, 6, 21, 17, 62466 }, // ⁀
    { 21, 37, 17, 0, 25, 195, 62483 }, // ⁄
    { 14, 34, 13, 2, 25, 119, 62678 }, // ⁅
    { 14, 33, 13, 1, 25, 116, 62797 }, // ⁆
    { 19, 28, 17, 2, 25, 133, 62913 }, // ⁒
    { 12, 4, 11, -2, -2, 12, 63046 }, // ⁔
    { 0, 0, 8, 0, 0, 0, 63058 }, //  
    { 23, 26, 24, 4, 24, 150, 63058 }, // ₡
    { 21, 23, 25, 2, 23, 121, 63208 }, // ₤
    { 27, 30, 25, 2, 22, 203, 63329 }, // ₦
    { 33, 27, 33, 5, 23, 223, 63532 }, // ₩
    { 18, 31, 17, 2, 31, 140, 63755 }, // ₫
    { 26, 21, 24, 2, 22, 137, 63895 }, // €
    { 23, 27, 26, 4, 24, 156, 64032 }, // ₲
    { 25, 24, 27, 1, 24, 150, 64188 }, // ∆
    { 21, 29, 15, 2, 25, 153, 64338 }, // √
};

static const EpdUnicodeInterval cmu_16_italicIntervals[] = {
    { 0xD, 0xD, 0x0 },
    { 0x20, 0x7E, 0x1 },
    { 0xA0, 0xA3, 0x60 },
    { 0xA5, 0xA5, 0x64 },
    { 0xA7, 0xB1, 0x65 },
    { 0xB4, 0xB8, 0x70 },
    { 0xBA, 0xBB, 0x75 },
    { 0xBF, 0xD6, 0x77 },
    { 0xD8, 0xFF, 0x8F },
    { 0x100, 0x113, 0xB7 },
    { 0x116, 0x121, 0xCB },
    { 0x124, 0x125, 0xD7 },
    { 0x12A, 0x12B, 0xD9 },
    { 0x130, 0x131, 0xDB },
    { 0x134, 0x135, 0xDD },
    { 0x139, 0x13A, 0xDF },
    { 0x13D, 0x13E, 0xE1 },
    { 0x141, 0x144, 0xE3 },
    { 0x147, 0x148, 0xE7 },
    { 0x150, 0x155, 0xE9 },
    { 0x158, 0x165, 0xEF },
    { 0x16A, 0x171, 0xFD },
    { 0x178, 0x17E, 0x105 },
    { 0x400, 0x477, 0x10C },
    { 0x47A, 0x486, 0x184 },
    { 0x488, 0x4C9, 0x191 },
    { 0x4CB, 0x4CE, 0x1D3 },
    { 0x4D0, 0x4F9, 0x1D7 },
    { 0x4FC, 0x4FF, 0x201 },
    { 0x2000, 0x200D, 0x205 },
    { 0x2010, 0x2014, 0x213 },
    { 0x2016, 0x2016, 0x218 },
    { 0x2018, 0x2022, 0x219 },
    { 0x2026, 0x2026, 0x224 },
    { 0x2029, 0x2029, 0x225 },
    { 0x202F, 0x2031, 0x226 },
    { 0x2039, 0x203B, 0x229 },
    { 0x203D, 0x203D, 0x22C },
    { 0x203F, 0x2040, 0x22D },
    { 0x2044, 0x2046, 0x22F },
    { 0x2052, 0x2052, 0x232 },
    { 0x2054, 0x2054, 0x233 },
    { 0x205F, 0x205F, 0x234 },
    { 0x20A1, 0x20A1, 0x235 },
    { 0x20A4, 0x20A4, 0x236 },
    { 0x20A6, 0x20A6, 0x237 },
    { 0x20A9, 0x20A9, 0x238 },
    { 0x20AB, 0x20AC, 0x239 },
    { 0x20B2, 0x20B2, 0x23B },
    { 0x2206, 0x2206, 0x23C },
    { 0x221A, 0x221A, 0x23D },
};

static const EpdFontData cmu_16_italic = {
    cmu_16_italicBitmaps,
    cmu_16_italicGlyphs,
    cmu_16_italicIntervals,
    51,
    43,
    31,
    -13,
    true,
};
