/**
 * generated by fontconvert.py
 * name: cmu_8_bolditalic
 * size: 8
 * mode: 2-bit
 */
#pragma once
#include "EpdFontData.h"

static const uint8_t cmu_8_bolditalicBitmaps[20789] = {
    0x00, 0x00, 0x3C, 0x07, 0xC0, 0x7C, 0x0B, 0x40, 0xB0, 0x0E, 0x00, 0xD0, 0x0C, 0x00, 0x00, 0x00,
    0x07, 0x80, 0x74, 0x00, 0x1C, 0x70, 0xF3, 0xC3, 0x8E, 0x0D, 0x34, 0x30, 0xC0, 0x82, 0x00, 0x00,
    0x00, 0x00, 0x00, 0x80, 0x40, 0x00, 0x02, 0x02, 0x00, 0x00, 0x20, 0x20, 0x00, 0x01, 0x40, 0x80,
    0x00, 0x08, 0x08, 0x00, 0xFF, 0xFF, 0xFF, 0xC0, 0x02, 0x02, 0x00, 0x00, 0x14, 0x04, 0x00, 0x00,
    0x80, 0x80, 0x03, 0xFF, 0xFF, 0xFF, 0x00, 0x20, 0x20, 0x00, 0x02, 0x01, 0x00, 0x00, 0x14, 0x04,
    0x00, 0x00, 0x80, 0x80, 0x00, 0x00, 0x00, 0x04, 0x00, 0x7F, 0x80, 0x77, 0x28, 0x34, 0xCB, 0x1C,
    0x63, 0x87, 0xF4, 0x00, 0xFF, 0x80, 0x0B, 0xF4, 0x11, 0x5D, 0x2C, 0x83, 0x4D, 0x31, 0xC2, 0x8D,
    0xD0, 0x2F, 0x80, 0x01, 0x00, 0x00, 0x01, 0xF4, 0x00, 0x30, 0x1D, 0x38, 0x07, 0x80, 0xF0, 0xDF,
    0xF8, 0x03, 0x83, 0x02, 0x80, 0x1D, 0x28, 0x28, 0x00, 0x35, 0xC2, 0xC0, 0x00, 0xBC, 0x2C, 0x00,
    0x00, 0x02, 0xC3, 0xE0, 0x00, 0x2C, 0x38, 0xC0, 0x02, 0xC2, 0xC2, 0x40, 0x2C, 0x0F, 0x0C, 0x02,
    0xC0, 0x38, 0x30, 0x2C, 0x00, 0xE3, 0x40, 0xC0, 0x01, 0xF4, 0x00, 0x00, 0xBD, 0x00, 0x00, 0x38,
    0x70, 0x2C, 0x0B, 0x0E, 0x02, 0xC0, 0xF0, 0x00, 0x70, 0x0F, 0xF0, 0x2D, 0x00, 0xF3, 0x0E, 0xA0,
    0x2E, 0x31, 0x83, 0x03, 0xED, 0x1F, 0x30, 0xB8, 0x00, 0x03, 0x0B, 0x40, 0x00, 0x60, 0x78, 0x00,
    0x1C, 0x02, 0xD0, 0x0B, 0x40, 0x06, 0xFF, 0x80, 0x00, 0x39, 0xE7, 0x2C, 0x92, 0x00, 0x00, 0x00,
    0x05, 0x00, 0x18, 0x00, 0x70, 0x01, 0xC0, 0x03, 0x80, 0x0B, 0x00, 0x0E, 0x00, 0x1C, 0x00, 0x2C,
    0x00, 0x38, 0x00, 0x34, 0x00, 0x34, 0x00, 0x34, 0x00, 0x34, 0x00, 0x24, 0x00, 0x18, 0x00, 0x08,
    0x00, 0x00, 0x00, 0x00, 0x10, 0x00, 0x30, 0x00, 0x18, 0x00, 0x1C, 0x00, 0x0C, 0x00, 0x0D, 0x00,
    0x1C, 0x00, 0x1C, 0x00, 0x2C, 0x00, 0x38, 0x00, 0x34, 0x00, 0xB0, 0x00, 0xD0, 0x02, 0xC0, 0x07,
    0x00, 0x0C, 0x00, 0x20, 0x00, 0x00, 0x00, 0x00, 0x10, 0x00, 0xA0, 0x2C, 0xCB, 0x0B, 0xE4, 0x1B,
    0xF4, 0x76, 0x5C, 0x03, 0x00, 0x01, 0x00, 0x00, 0x01, 0x00, 0x00, 0x00, 0x80, 0x00, 0x00, 0x20,
    0x00, 0x00, 0x14, 0x00, 0x00, 0x08, 0x00, 0x1F, 0xFF, 0xFF, 0xD0, 0x00, 0x80, 0x00, 0x00, 0x10,
    0x00, 0x00, 0x10, 0x00, 0x00, 0x08, 0x00, 0x00, 0x02, 0x00, 0x00, 0x00, 0x00, 0x00, 0x2D, 0x3E,
    0x05, 0x08, 0x20, 0x00, 0x7F, 0xD0, 0xB6, 0xD0, 0x00, 0x00, 0x01, 0x00, 0x00, 0x08, 0x00, 0x00,
    0x14, 0x00, 0x00, 0x20, 0x00, 0x00, 0x80, 0x00, 0x00, 0x80, 0x00, 0x02, 0x00, 0x00, 0x04, 0x00,
    0x00, 0x08, 0x00, 0x00, 0x20, 0x00, 0x00, 0x50, 0x00, 0x00, 0x80, 0x00, 0x02, 0x00, 0x00, 0x05,
    0x00, 0x00, 0x08, 0x00, 0x00, 0x20, 0x00, 0x00, 0x10, 0x00, 0x00, 0x00, 0x00, 0x00, 0x00, 0x7F,
    0x80, 0x2D, 0x1D, 0x07, 0x80, 0xF0, 0xF0, 0x0F, 0x0F, 0x01, 0xE2, 0xE0, 0x2E, 0x3D, 0x03, 0xD3,
    0xC0, 0x3C, 0x3C, 0x07, 0x83, 0x80, 0xF0, 0x2C, 0x2D, 0x00, 0xBE, 0x00, 0x00, 0x00, 0x00, 0x60,
    0x0B, 0x43, 0xBC, 0x00, 0xF0, 0x03, 0x80, 0x1D, 0x00, 0xB0, 0x03, 0xC0, 0x0E, 0x00, 0x74, 0x3F,
    0xFD, 0x00, 0x7F, 0x00, 0x28, 0x2C, 0x06, 0x41, 0xD0, 0xC5, 0x1D, 0x0C, 0xC2, 0xD0, 0xB4, 0x3C,
    0x00, 0x0F, 0x00, 0x07, 0x80, 0x03, 0xD0, 0x00, 0xE0, 0x00, 0x3C, 0x01, 0xC7, 0xFF, 0xE0, 0x00,
    0x7F, 0x80, 0x2D, 0x1D, 0x03, 0x00, 0xE0, 0x65, 0x1E, 0x03, 0xC2, 0xC0, 0x00, 0x78, 0x00, 0xBE,
    0x00, 0x00, 0xB0, 0x00, 0x0B, 0x03, 0x80, 0xF0, 0x30, 0x3D, 0x01, 0xFE, 0x00, 0x00, 0x00, 0x40,
    0x00, 0x3C, 0x00, 0x03, 0x80, 0x00, 0x74, 0x00, 0x0F, 0x00, 0x00, 0xD0, 0x00, 0x38, 0x00, 0x07,
    0x00, 0x00, 0xC7, 0x00, 0x30, 0xF0, 0x0E, 0x4F, 0x03, 0x5B, 0xFC, 0x00, 0x2E, 0x00, 0x03, 0xC0,
    0x00, 0x38, 0x00, 0x07, 0x01, 0x42, 0xFE, 0x00, 0xD0, 0x00, 0x37, 0xD0, 0x18, 0x2C, 0x00, 0x07,
    0x40, 0x02, 0xE0, 0x00, 0xB8, 0xB0, 0x3C, 0x34, 0x2D, 0x03, 0xF8, 0x00, 0x00, 0x7F, 0x00, 0xF4,
    0xE0, 0xF0, 0x74, 0x78, 0x00, 0x3E, 0xF8, 0x0F, 0x87, 0x4B, 0xC0, 0xF2, 0xE0, 0x78, 0xF0, 0x2D,
    0x2C, 0x0F, 0x07, 0x4B, 0x40, 0xBE, 0x00, 0x00, 0x00, 0x00, 0xFF, 0x4A, 0x2D, 0x1F, 0xC3, 0x00,
    0x30, 0x40, 0x0A, 0x00, 0x01, 0xC0, 0x00, 0x38, 0x00, 0x0B, 0x40, 0x00, 0xF0, 0x00, 0x1E, 0x00,
    0x03, 0xD0, 0x00, 0x2C, 0x00, 0x00, 0x7F, 0x80, 0x1D, 0x0D, 0x03, 0x40, 0xD0, 0x38, 0x0C, 0x03,
    0xF7, 0x40, 0x2F, 0xE0, 0x07, 0xBF, 0x41, 0xC0, 0xF8, 0x38, 0x03, 0x43, 0x40, 0x70, 0x38, 0x1D,
    0x00, 0xBE, 0x40, 0x01, 0xFD, 0x02, 0xE1, 0xC1, 0xF0, 0x74, 0xB4, 0x1E, 0x3C, 0x0B, 0x4F, 0x03,
    0xC2, 0xC3, 0xF0, 0x2F, 0xB8, 0x00, 0x3C, 0x2C, 0x1E, 0x0E, 0x1E, 0x01, 0xFD, 0x00, 0x1E, 0x1D,
    0x00, 0x00, 0x00, 0xB4, 0xB4, 0x07, 0x82, 0xD0, 0x00, 0x00, 0x00, 0x0B, 0x43, 0xE0, 0x14, 0x08,
    0x08, 0x00, 0x00, 0x00, 0x00, 0x07, 0x00, 0x00, 0x2E, 0x00, 0x01, 0xE4, 0x00, 0x0B, 0x80, 0x00,
    0x69, 0x00, 0x00, 0x18, 0x00, 0x00, 0x00, 0x50, 0x00, 0x00, 0x01, 0x40, 0x00, 0x00, 0x06, 0x00,
    0x00, 0x00, 0x24, 0x00, 0x3F, 0xFF, 0xFF, 0xC0, 0x00, 0x00, 0x00, 0x00, 0x00, 0x00, 0x00, 0x00,
    0x00, 0x00, 0xFF, 0xFF, 0xFF, 0x00, 0x00, 0x00, 0x00, 0x00, 0x09, 0x00, 0x00, 0x00, 0x18, 0x00,
    0x00, 0x00, 0x28, 0x00, 0x00, 0x00, 0x24, 0x00, 0x00, 0x00, 0x64, 0x00, 0x00, 0x02, 0x80, 0x00,
    0x02, 0x80, 0x00, 0x06, 0x80, 0x00, 0x07, 0x40, 0x00, 0x0B, 0x40, 0x00, 0x03, 0x40, 0x00, 0x00,
    0x02, 0xF8, 0x0D, 0x0C, 0x24, 0x09, 0x38, 0x1C, 0x34, 0xB8, 0x03, 0xD0, 0x0E, 0x00, 0x0C, 0xC0,
    0x0F, 0x40, 0x00, 0x00, 0x00, 0x00, 0x2D, 0x00, 0x2D, 0x00, 0x00, 0x1B, 0xF8, 0x00, 0x0E, 0x40,
    0x70, 0x03, 0x5F, 0xD0, 0xC0, 0xD7, 0x83, 0x0C, 0x18, 0xF0, 0x3C, 0xC3, 0x2D, 0x03, 0x8C, 0x32,
    0xC0, 0x74, 0xC2, 0x2C, 0x0B, 0x18, 0x31, 0xD1, 0xF3, 0x03, 0x0B, 0xE7, 0xD0, 0x1D, 0x00, 0x6E,
    0x00, 0x2F, 0xFA, 0x40, 0x00, 0x00, 0x70, 0x00, 0x00, 0x3C, 0x00, 0x00, 0x2F, 0x00, 0x00, 0x1F,
    0xD0, 0x00, 0x0C, 0xF4, 0x00, 0x0A, 0x3D, 0x00, 0x03, 0x0F, 0x80, 0x03, 0x42, 0xE0, 0x01, 0xFF,
    0xFC, 0x00, 0xC0, 0x1F, 0x00, 0xA0, 0x07, 0xC2, 0xFE, 0x0F, 0xFE, 0x03, 0xFF, 0xFE, 0x00, 0x0B,
    0x80, 0x7C, 0x00, 0xF4, 0x03, 0xC0, 0x0F, 0x00, 0xB8, 0x01, 0xE0, 0x1F, 0x00, 0x2F, 0xFF, 0x80,
    0x03, 0xD0, 0x1E, 0x00, 0x3C, 0x00, 0xF0, 0x07, 0xC0, 0x0F, 0x00, 0xB8, 0x02, 0xF0, 0x0F, 0x40,
    0x7C, 0x0F, 0xFF, 0xFE, 0x00, 0x00, 0x1B, 0xF8, 0x90, 0x0F, 0x80, 0xBC, 0x03, 0xD0, 0x03, 0xC0,
    0xF4, 0x00, 0x28, 0x2F, 0x00, 0x01, 0x43, 0xE0, 0x00, 0x00, 0x3D, 0x00, 0x00, 0x03, 0xC0, 0x00,
    0x00, 0x3C, 0x00, 0x08, 0x03, 0xD0, 0x01, 0x80, 0x1F, 0x40, 0xA0, 0x00, 0x2F, 0xE4, 0x00, 0x03,
    0xFF, 0xFE, 0x00, 0x02, 0xE0, 0x1F, 0x00, 0x0F, 0x40, 0x1E, 0x00, 0x3C, 0x00, 0x3C, 0x01, 0xF0,
    0x01, 0xF0, 0x0B, 0x80, 0x07, 0xC0, 0x3D, 0x00, 0x2E, 0x00, 0xF0, 0x00, 0xF4, 0x07, 0xC0, 0x07,
    0xC0, 0x2E, 0x00, 0x3C, 0x00, 0xF4, 0x07, 0xC0, 0x3F, 0xFF, 0xF4, 0x00, 0x03, 0xFF, 0xFF, 0x80,
    0x2F, 0x00, 0xE0, 0x0F, 0x40, 0x24, 0x03, 0xC0, 0x09, 0x01, 0xF0, 0xD0, 0x00, 0xBF, 0xF0, 0x00,
    0x3D, 0x2C, 0x00, 0x0F, 0x06, 0x0C, 0x07, 0xC0, 0x09, 0x02, 0xE0, 0x03, 0x00, 0xF8, 0x07, 0x83,
    0xFF, 0xFF, 0xD0, 0x00, 0x00, 0x00, 0x00, 0xFF, 0xFF, 0xD0, 0x0B, 0x80, 0x70, 0x03, 0xD0, 0x0C,
    0x00, 0xF0, 0x03, 0x00, 0x7C, 0x30, 0x00, 0x2F, 0xFC, 0x00, 0x0F, 0x4A, 0x00, 0x03, 0xC2, 0x40,
    0x01, 0xF0, 0x00, 0x00, 0xB8, 0x00, 0x00, 0x3D, 0x00, 0x00, 0xFF, 0xF4, 0x00, 0x00, 0x00, 0x1B,
    0xF8, 0x90, 0x0F, 0x80, 0xBC, 0x03, 0xD0, 0x03, 0xC0, 0xF8, 0x00, 0x28, 0x1F, 0x00, 0x01, 0x03,
    0xE0, 0x00, 0x00, 0x3D, 0x00, 0x00, 0x03, 0xC0, 0x3F, 0xF8, 0x3C, 0x00, 0x3D, 0x03, 0xD0, 0x07,
    0xC0, 0x1F, 0x41, 0xFC, 0x00, 0x2F, 0xE0, 0x40, 0x00, 0x00, 0x00, 0x00, 0x00, 0xFF, 0xE3, 0xFF,
    0xC0, 0x0B, 0xC0, 0x1F, 0x00, 0x03, 0xD0, 0x0B, 0x80, 0x00, 0xF0, 0x03, 0xD0, 0x00, 0x7C, 0x00,
    0xF0, 0x00, 0x2F, 0xFF, 0xFC, 0x00, 0x0F, 0x40, 0x2E, 0x00, 0x03, 0xC0, 0x0F, 0x40, 0x01, 0xF0,
    0x03, 0xC0, 0x00, 0xB8, 0x01, 0xF0, 0x00, 0x3D, 0x00, 0xB8, 0x00, 0xFF, 0xF2, 0xFF, 0xC0, 0x00,
    0x03, 0xFF, 0xC0, 0x2F, 0x00, 0x0F, 0x80, 0x03, 0xD0, 0x01, 0xF0, 0x00, 0xBC, 0x00, 0x3E, 0x00,
    0x0F, 0x40, 0x07, 0xC0, 0x02, 0xF0, 0x00, 0xF8, 0x03, 0xFF, 0xC0, 0x00, 0x00, 0x00, 0x00, 0xFF,
    0xE0, 0x00, 0x3C, 0x00, 0x01, 0xF0, 0x00, 0x0B, 0x80, 0x00, 0x3D, 0x00, 0x00, 0xF0, 0x00, 0x07,
    0xC0, 0x00, 0x2E, 0x00, 0x00, 0xF4, 0x07, 0x87, 0xC0, 0x2D, 0x3D, 0x00, 0x3F, 0xD0, 0x00, 0x03,
    0xFF, 0x83, 0xFD, 0x00, 0xBC, 0x01, 0xD0, 0x00, 0xF8, 0x07, 0x00, 0x00, 0xF4, 0x28, 0x00, 0x01,
    0xF0, 0xD0, 0x00, 0x02, 0xF7, 0xD0, 0x00, 0x03, 0xFA, 0xE0, 0x00, 0x03, 0xD1, 0xF0, 0x00, 0x07,
    0xC0, 0xF8, 0x00, 0x0B, 0xC0, 0x7C, 0x00, 0x0F, 0x80, 0x3E, 0x00, 0xFF, 0xF0, 0xFF, 0xC0, 0x03,
    0xFF, 0xC0, 0x02, 0xF0, 0x00, 0x0F, 0x80, 0x00, 0x3D, 0x00, 0x01, 0xF0, 0x00, 0x0B, 0xC0, 0x00,
    0x3D, 0x00, 0x00, 0xF0, 0x05, 0x07, 0xC0, 0x34, 0x2E, 0x01, 0xC0, 0xF8, 0x2E, 0x3F, 0xFF, 0xF0,
    0x03, 0xFC, 0x00, 0x07, 0xFC, 0x02, 0xF4, 0x00, 0x3F, 0x00, 0x0E, 0xE0, 0x03, 0x78, 0x00, 0x33,
    0x80, 0x16, 0xD0, 0x01, 0xCF, 0x00, 0xCF, 0x00, 0x0A, 0x3C, 0x08, 0x3C, 0x00, 0x34, 0xB0, 0x61,
    0xE0, 0x00, 0xC2, 0xD3, 0x0B, 0x40, 0x07, 0x07, 0xA4, 0x3C, 0x00, 0x28, 0x1F, 0x80, 0xF0, 0x00,
    0xD0, 0x3C, 0x07, 0x80, 0x3F, 0xE0, 0xD1, 0xFF, 0xC0, 0x03, 0xFC, 0x02, 0xFF, 0x00, 0x2F, 0x80,
    0x0C, 0x00, 0x0E, 0xF0, 0x06, 0x00, 0x03, 0x3E, 0x02, 0x40, 0x01, 0xC7, 0xC0, 0xC0, 0x00, 0xA0,
    0xF8, 0x30, 0x00, 0x34, 0x1F, 0x18, 0x00, 0x0C, 0x03, 0xE9, 0x00, 0x07, 0x00, 0x7F, 0x00, 0x02,
    0x80, 0x0F, 0xC0, 0x00, 0xD0, 0x00, 0xE0, 0x03, 0xFE, 0x00, 0x24, 0x00, 0x00, 0x1F, 0xF8, 0x00,
    0x3D, 0x07, 0xC0, 0x3C, 0x00, 0xB4, 0x3D, 0x00, 0x2E, 0x1F, 0x00, 0x0B, 0x8F, 0x80, 0x03, 0xE3,
    0xD0, 0x00, 0xF5, 0xF0, 0x00, 0xBC, 0x3C, 0x00, 0x3D, 0x0F, 0x00, 0x2E, 0x01, 0xF0, 0x2E, 0x00,
    0x1B, 0xF8, 0x00, 0x03, 0xFF, 0xFE, 0x00, 0x0B, 0x80, 0xB8, 0x00, 0xF4, 0x07, 0xC0, 0x0F, 0x00,
    0xBC, 0x01, 0xF0, 0x0F, 0x80, 0x2E, 0x02, 0xE0, 0x03, 0xFF, 0xF4, 0x00, 0x3D, 0x00, 0x00, 0x07,
    0xC0, 0x00, 0x00, 0xBC, 0x00, 0x00, 0x0F, 0x80, 0x00, 0x0F, 0xFF, 0x00, 0x00, 0x00, 0x00, 0x00,
    0x00, 0x00, 0x1F, 0xF8, 0x00, 0x3D, 0x07, 0xC0, 0x3C, 0x00, 0xB4, 0x3D, 0x00, 0x2E, 0x1F, 0x00,
    0x0B, 0x8F, 0x80, 0x03, 0xE3, 0xC0, 0x00, 0xF5, 0xF0, 0x00, 0x7C, 0x3C, 0x00, 0x3D, 0x0F, 0x1F,
    0x1D, 0x01, 0xEC, 0x7D, 0x00, 0x1F, 0xFC, 0x10, 0x00, 0x07, 0x0C, 0x00, 0x01, 0xFD, 0x00, 0x00,
    0x3D, 0x00, 0x03, 0xFF, 0xFE, 0x00, 0x0B, 0x80, 0xB8, 0x00, 0xF4, 0x07, 0xC0, 0x0F, 0x00, 0xB8,
    0x01, 0xF0, 0x2F, 0x00, 0x2F, 0xFF, 0x40, 0x03, 0xD0, 0xB8, 0x00, 0x3C, 0x07, 0xC0, 0x07, 0xC0,
    0xBC, 0x00, 0xB8, 0x0B, 0x80, 0x0F, 0x40, 0xF8, 0xDF, 0xFF, 0x02, 0xF4, 0x00, 0x2F, 0x88, 0x07,
    0x42, 0xE0, 0x38, 0x03, 0x41, 0xD0, 0x0C, 0x07, 0xE0, 0x00, 0x0F, 0xFD, 0x00, 0x0B, 0xFC, 0x00,
    0x00, 0xF4, 0x24, 0x01, 0xD0, 0xD0, 0x0B, 0x03, 0xD0, 0xB4, 0x14, 0xFE, 0x00, 0x3F, 0xFF, 0xFE,
    0x38, 0x3D, 0x0E, 0x60, 0x3C, 0x09, 0xC0, 0x7C, 0x09, 0x00, 0xB8, 0x00, 0x00, 0xF4, 0x00, 0x00,
    0xF0, 0x00, 0x01, 0xF0, 0x00, 0x02, 0xE0, 0x00, 0x03, 0xD0, 0x00, 0x03, 0xD0, 0x00, 0xFF, 0xFD,
    0x00, 0x00, 0x00, 0x00, 0x03, 0xFF, 0x83, 0xFE, 0x0B, 0xC0, 0x07, 0x00, 0xF8, 0x00, 0x90, 0x0F,
    0x40, 0x0C, 0x01, 0xF0, 0x00, 0xC0, 0x2F, 0x00, 0x18, 0x03, 0xE0, 0x02, 0x40, 0x3D, 0x00, 0x30,
    0x07, 0xC0, 0x03, 0x00, 0x3C, 0x00, 0xD0, 0x03, 0xD0, 0x78, 0x00, 0x07, 0xF9, 0x00, 0x00, 0x00,
    0x00, 0x00, 0x03, 0xFF, 0x02, 0xFD, 0x0F, 0x80, 0x0A, 0x00, 0xB8, 0x00, 0xC0, 0x0B, 0xC0, 0x24,
    0x00, 0x7C, 0x06, 0x00, 0x03, 0xC0, 0xC0, 0x00, 0x3D, 0x24, 0x00, 0x03, 0xD6, 0x00, 0x00, 0x3E,
    0xC0, 0x00, 0x02, 0xF4, 0x00, 0x00, 0x2F, 0x00, 0x00, 0x01, 0xC0, 0x00, 0x00, 0x3F, 0xF3, 0xFF,
    0x4B, 0xF4, 0x3D, 0x02, 0xF0, 0x06, 0x00, 0xF8, 0x07, 0xC0, 0x30, 0x02, 0xE0, 0x3F, 0x01, 0x80,
    0x0B, 0x81, 0xFC, 0x0C, 0x00, 0x2F, 0x0C, 0xF0, 0x90, 0x00, 0x7C, 0x93, 0xD2, 0x00, 0x01, 0xF3,
    0x0F, 0x60, 0x00, 0x07, 0xF0, 0x3F, 0x80, 0x00, 0x0F, 0x80, 0xFC, 0x00, 0x00, 0x3C, 0x02, 0xD0,
    0x00, 0x00, 0xD0, 0x0A, 0x00, 0x00, 0x03, 0xFF, 0x8F, 0xF8, 0x00, 0xF4, 0x0D, 0x00, 0x03, 0xF0,
    0xD0, 0x00, 0x07, 0xDD, 0x00, 0x00, 0x0F, 0xD0, 0x00, 0x00, 0x2F, 0x00, 0x00, 0x00, 0xBD, 0x00,
    0x00, 0x0A, 0xFC, 0x00, 0x00, 0xA1, 0xF0, 0x00, 0x07, 0x03, 0xE0, 0x00, 0x70, 0x0B, 0xC0, 0x2F,
    0xF0, 0xFF, 0xE0, 0x7F, 0xF0, 0x2F, 0xE0, 0xBC, 0x00, 0xE0, 0x07, 0xD0, 0x28, 0x00, 0x3E, 0x07,
    0x00, 0x02, 0xF1, 0xC0, 0x00, 0x1F, 0xB0, 0x00, 0x00, 0xFD, 0x00, 0x00, 0x0B, 0x80, 0x00, 0x00,
    0xF4, 0x00, 0x00, 0x0F, 0x00, 0x00, 0x01, 0xF0, 0x00, 0x01, 0xFF, 0xD0, 0x00, 0x00, 0xFF, 0xFF,
    0x00, 0xB8, 0x0F, 0x80, 0x34, 0x0B, 0x80, 0x0C, 0x0B, 0xC0, 0x00, 0x07, 0xC0, 0x00, 0x07, 0xC0,
    0x00, 0x03, 0xD0, 0x00, 0x03, 0xD0, 0x60, 0x03, 0xE0, 0x24, 0x03, 0xE0, 0x0C, 0x02, 0xF0, 0x1F,
    0x01, 0xFF, 0xFF, 0x40, 0x00, 0xBC, 0x00, 0xE0, 0x01, 0xD0, 0x02, 0xC0, 0x03, 0xC0, 0x03, 0x80,
    0x07, 0x40, 0x0B, 0x00, 0x0F, 0x00, 0x0E, 0x00, 0x1D, 0x00, 0x2C, 0x00, 0x3C, 0x00, 0x38, 0x00,
    0x74, 0x00, 0xB0, 0x00, 0xBC, 0x00, 0x00, 0x50, 0x50, 0x60, 0x20, 0x30, 0x30, 0x30, 0x20, 0x24,
    0x14, 0x18, 0x08, 0x08, 0x08, 0x08, 0x08, 0x04, 0x05, 0x01, 0x00, 0x00, 0x3F, 0x00, 0x0F, 0x00,
    0x0E, 0x00, 0x1D, 0x00, 0x2C, 0x00, 0x3C, 0x00, 0x38, 0x00, 0x74, 0x00, 0xF0, 0x00, 0xF0, 0x01,
    0xE0, 0x02, 0xD0, 0x03, 0xC0, 0x03, 0xC0, 0x07, 0x80, 0x0B, 0x40, 0x3F, 0x00, 0x02, 0xE0, 0x68,
    0x1D, 0x3F, 0xFF, 0xFE, 0xF0, 0x6C, 0x01, 0xF9, 0x00, 0xB4, 0xB4, 0x2E, 0x0B, 0x43, 0xC0, 0xF0,
    0x3C, 0x0E, 0x03, 0x81, 0xD0, 0x3C, 0x7D, 0xD0, 0xF8, 0xB8, 0x00, 0x00, 0x07, 0xE0, 0x00, 0x78,
    0x00, 0x2D, 0x00, 0x0F, 0x00, 0x03, 0xEF, 0x01, 0xF0, 0xF0, 0xB4, 0x2C, 0x3C, 0x0F, 0x0F, 0x03,
    0xC3, 0x82, 0xD0, 0xE1, 0xE0, 0x0F, 0xD0, 0x00, 0x01, 0xFE, 0x02, 0xD3, 0x81, 0xE0, 0x00, 0xF0,
    0x00, 0x3C, 0x00, 0x0E, 0x00, 0x03, 0xC0, 0xB0, 0x2F, 0xD0, 0x00, 0x03, 0xE0, 0x00, 0x1E, 0x00,
    0x02, 0xD0, 0x00, 0x3C, 0x01, 0xFB, 0xC0, 0xB4, 0xB8, 0x2E, 0x0B, 0x43, 0xC0, 0xF0, 0x3C, 0x0F,
    0x03, 0x81, 0xE0, 0x3C, 0x2D, 0x80, 0xF8, 0xB4, 0x01, 0xFD, 0x02, 0xD1, 0xC2, 0xD0, 0xB0, 0xFF,
    0xE0, 0x3C, 0x00, 0x0E, 0x00, 0x42, 0xC0, 0xB0, 0x2F, 0xE0, 0x00, 0x07, 0xE0, 0x00, 0x3A, 0xC0,
    0x01, 0xD0, 0x00, 0x0B, 0x00, 0x03, 0xFF, 0xC0, 0x00, 0xE0, 0x00, 0x03, 0x80, 0x00, 0x1D, 0x00,
    0x00, 0xB0, 0x00, 0x03, 0xC0, 0x00, 0x0F, 0x00, 0x00, 0x38, 0x00, 0x01, 0xD0, 0x00, 0x0B, 0x00,
    0x03, 0xB8, 0x00, 0x0F, 0x80, 0x00, 0x00, 0xBE, 0x40, 0x3D, 0x2D, 0x0B, 0x82, 0xD0, 0xF0, 0x3C,
    0x0F, 0x03, 0xC0, 0xE0, 0x78, 0x0F, 0x0F, 0x40, 0x3F, 0xF0, 0x00, 0x0F, 0x00, 0x01, 0xE0, 0x2C,
    0x7C, 0x02, 0xFE, 0x00, 0x0F, 0x80, 0x00, 0x78, 0x00, 0x0B, 0x40, 0x00, 0xF0, 0x00, 0x0F, 0xBD,
    0x01, 0xF4, 0xB0, 0x2D, 0x0B, 0x03, 0xC0, 0xF0, 0x3C, 0x0E, 0x07, 0x82, 0xC0, 0xB4, 0x2C, 0x9B,
    0x00, 0xF4, 0x01, 0xC0, 0x00, 0x00, 0x00, 0x00, 0x1F, 0x02, 0x38, 0x07, 0x40, 0xF0, 0x0E, 0x02,
    0xC0, 0x2C, 0x90, 0xF4, 0x00, 0x0A, 0x00, 0x00, 0x00, 0x00, 0x00, 0x00, 0x00, 0xF8, 0x02, 0x1D,
    0x00, 0x2D, 0x00, 0x3C, 0x00, 0x3C, 0x00, 0x78, 0x00, 0xB4, 0x00, 0xF0, 0x00, 0xF0, 0x01, 0xE0,
    0x77, 0xC0, 0x7E, 0x00, 0x0F, 0x80, 0x01, 0xD0, 0x00, 0xB0, 0x00, 0x3C, 0x00, 0x0F, 0x0B, 0x47,
    0x89, 0xD2, 0xD8, 0x00, 0xFD, 0x00, 0x3D, 0xF0, 0x1E, 0x2C, 0x0B, 0x0B, 0x26, 0xC0, 0xF8, 0x00,
    0x03, 0xE0, 0x78, 0x2D, 0x0F, 0x03, 0xC1, 0xE0, 0xB4, 0x3C, 0x0F, 0x07, 0x81, 0xD9, 0x2E, 0x00,
    0x2E, 0x2F, 0x4B, 0xD0, 0x77, 0xD2, 0xE4, 0xB0, 0x9B, 0x42, 0xD0, 0xB0, 0x0F, 0x03, 0xC0, 0xF0,
    0x0F, 0x03, 0x80, 0xE0, 0x1E, 0x07, 0x42, 0xD0, 0x2D, 0x0B, 0x02, 0xC8, 0x2C, 0x0A, 0x00, 0xF4,
    0x00, 0x00, 0x00, 0xB8, 0xBD, 0x06, 0x7D, 0x2C, 0x02, 0xD0, 0xB0, 0x0F, 0x03, 0xC0, 0x3C, 0x0E,
    0x01, 0xE0, 0xB0, 0x0B, 0x42, 0xC9, 0x2C, 0x03, 0xE0, 0x01, 0xFE, 0x00, 0xB4, 0x38, 0x1E, 0x03,
    0xC3, 0xC0, 0x3C, 0x3C, 0x03, 0xC3, 0x80, 0xB4, 0x3C, 0x2E, 0x00, 0xBF, 0x40, 0x00, 0x00, 0x00,
    0x2E, 0x3F, 0x02, 0x9F, 0x0F, 0x00, 0xB4, 0x3C, 0x03, 0xC0, 0xF0, 0x0E, 0x03, 0xC0, 0x74, 0x2D,
    0x02, 0xE1, 0xE0, 0x0F, 0xBD, 0x00, 0x38, 0x00, 0x01, 0xD0, 0x00, 0x1F, 0xD0, 0x00, 0x02, 0xF5,
    0x83, 0xD2, 0xE1, 0xE0, 0xB4, 0xF0, 0x3C, 0x3C, 0x0F, 0x0E, 0x07, 0x83, 0xC3, 0xC0, 0x3E, 0xF0,
    0x00, 0x38, 0x00, 0x1D, 0x00, 0x3F, 0xD0, 0x00, 0x00, 0x0B, 0x8F, 0x8A, 0x7D, 0x34, 0x2D, 0x1C,
    0x0F, 0x00, 0x03, 0xC0, 0x01, 0xE0, 0x00, 0xB4, 0x00, 0x2C, 0x00, 0x00, 0x02, 0xF8, 0x0E, 0x1C,
    0x0C, 0x00, 0x0E, 0x00, 0x02, 0xF8, 0x74, 0x28, 0xB0, 0x34, 0x2F, 0xD0, 0x02, 0xC0, 0x0F, 0x00,
    0x78, 0x1F, 0xFC, 0x0F, 0x00, 0x38, 0x01, 0xE0, 0x0B, 0x40, 0x3C, 0x00, 0xF1, 0x41, 0xF4, 0x00,
    0x1F, 0x00, 0x00, 0x8E, 0x0B, 0x00, 0x74, 0x3C, 0x02, 0xC1, 0xD0, 0x0E, 0x0B, 0x00, 0x38, 0x3C,
    0x00, 0xE1, 0xF3, 0x01, 0xF5, 0xF4, 0x1F, 0x07, 0x08, 0xE3, 0xD0, 0x74, 0x34, 0x2C, 0x0C, 0x0E,
    0x03, 0x03, 0x82, 0x40, 0xE1, 0xC0, 0x1F, 0x80, 0x1F, 0x01, 0x47, 0x08, 0xE0, 0xF3, 0xD0, 0x74,
    0x78, 0x34, 0x2C, 0x2D, 0x0C, 0x0E, 0x0F, 0x03, 0x03, 0x83, 0xC2, 0x40, 0xE1, 0xF1, 0xC0, 0x1F,
    0x8B, 0xC0, 0x0F, 0xCB, 0xC2, 0x0F, 0xAC, 0x00, 0xF0, 0x00, 0x0E, 0x00, 0x01, 0xD0, 0x00, 0x2C,
    0x00, 0xB7, 0xC1, 0x47, 0xCB, 0xD0, 0x1F, 0x00, 0x83, 0x38, 0x3C, 0x97, 0x43, 0xC0, 0xB0, 0x78,
    0x0E, 0x0B, 0x40, 0xE0, 0xF0, 0x0E, 0x1F, 0x00, 0x7F, 0xE0, 0x00, 0x2C, 0x00, 0x03, 0xC0, 0x38,
    0xF0, 0x02, 0xF8, 0x00, 0x00, 0x00, 0x02, 0xFF, 0xC1, 0x82, 0xC0, 0x02, 0xC0, 0x02, 0xC0, 0x03,
    0xC0, 0x03, 0x80, 0x02, 0xFF, 0xF4, 0x00, 0x07, 0xD0, 0x02, 0xD0, 0x00, 0x78, 0x00, 0x0B, 0x40,
    0x00, 0xF0, 0x00, 0x0F, 0x00, 0x01, 0xE0, 0x00, 0x3C, 0x00, 0x2E, 0x00, 0x00, 0xB0, 0x00, 0x07,
    0x40, 0x00, 0xB0, 0x00, 0x0F, 0x00, 0x00, 0xE0, 0x00, 0x1D, 0x00, 0x01, 0xE0, 0x00, 0x07, 0xC0,
    0x00, 0x00, 0x50, 0x09, 0x00, 0xC0, 0x0C, 0x01, 0x80, 0x24, 0x03, 0x00, 0x30, 0x06, 0x00, 0x90,
    0x0C, 0x00, 0xC0, 0x18, 0x02, 0x40, 0x30, 0x03, 0x00, 0x60, 0x00, 0x00, 0x00, 0x3D, 0x00, 0x00,
    0xB4, 0x00, 0x07, 0x80, 0x00, 0xB4, 0x00, 0x0F, 0x00, 0x00, 0xF0, 0x00, 0x0E, 0x00, 0x01, 0xE0,
    0x00, 0x07, 0x80, 0x01, 0xE0, 0x00, 0x38, 0x00, 0x0B, 0x40, 0x00, 0xF0, 0x00, 0x0F, 0x00, 0x01,
    0xE0, 0x00, 0x3C, 0x00, 0x3E, 0x00, 0x00, 0x1F, 0x91, 0x88, 0x2F, 0x80, 0x00, 0x00, 0x02, 0xC0,
    0x3C, 0x00, 0x00, 0x20, 0x06, 0x00, 0xE0, 0x0D, 0x02, 0xD0, 0x3C, 0x07, 0xC0, 0xBC, 0x02, 0x00,
    0x00, 0x08, 0x00, 0x0B, 0xF8, 0x07, 0x99, 0xD1, 0xF2, 0x40, 0x3D, 0x30, 0x03, 0xC2, 0x00, 0x3C,
    0x51, 0x02, 0xD8, 0x70, 0x0B, 0xF8, 0x00, 0x0C, 0x00, 0x00, 0x40, 0x00, 0x00, 0x00, 0xBD, 0x00,
    0x01, 0xD0, 0xC0, 0x00, 0xF0, 0x20, 0x00, 0x74, 0x2C, 0x00, 0x2C, 0x00, 0x00, 0x3F, 0xE0, 0x00,
    0x03, 0x80, 0x00, 0x01, 0xD0, 0x00, 0x00, 0xB0, 0x00, 0x00, 0x3C, 0x00, 0x02, 0xFF, 0x01, 0xC0,
    0xF8, 0x2F, 0x80, 0x1F, 0xFC, 0x0B, 0xF8, 0x0B, 0xC0, 0x0E, 0x00, 0x1F, 0x40, 0xA0, 0x00, 0x3E,
    0x0A, 0x00, 0x1F, 0xFF, 0xFF, 0xC0, 0x01, 0xF7, 0x40, 0x00, 0x03, 0xF4, 0x00, 0x00, 0x0B, 0x80,
    0x00, 0x7F, 0xFF, 0xFF, 0x00, 0x00, 0xF0, 0x00, 0x00, 0x07, 0xC0, 0x00, 0x01, 0xFF, 0xD0, 0x00,
    0x00, 0x3F, 0x00, 0x34, 0xA0, 0x34, 0x38, 0x0D, 0x00, 0x03, 0xE0, 0x00, 0xBF, 0x00, 0x77, 0xE0,
    0x30, 0x28, 0x0C, 0x09, 0x03, 0xEA, 0x00, 0xBF, 0x00, 0x07, 0xD0, 0x00, 0x34, 0x0D, 0x0C, 0x07,
    0x0E, 0x00, 0xBE, 0x00, 0x3C, 0xB5, 0xE2, 0xD0, 0x00, 0x01, 0xBF, 0xF8, 0x00, 0x00, 0x7D, 0x00,
    0x1E, 0x00, 0x0B, 0x40, 0x00, 0x0B, 0x00, 0xA0, 0x00, 0x00, 0x0D, 0x0A, 0x00, 0xBF, 0x64, 0x18,
    0x30, 0x2F, 0x43, 0xD0, 0x32, 0x42, 0xF0, 0x07, 0x00, 0xCC, 0x0F, 0x40, 0x08, 0x07, 0x60, 0x7C,
    0x00, 0x00, 0x1A, 0x42, 0xF0, 0x00, 0x00, 0xD9, 0x07, 0xC0, 0x0C, 0x03, 0x24, 0x0F, 0x41, 0xC0,
    0x28, 0x90, 0x0B, 0xF8, 0x00, 0xC1, 0xC0, 0x00, 0x00, 0x0D, 0x03, 0x40, 0x00, 0x00, 0xE0, 0x07,
    0x40, 0x00, 0x1D, 0x00, 0x07, 0x90, 0x07, 0xC0, 0x00, 0x01, 0xFF, 0xE0, 0x00, 0x00, 0x01, 0xF9,
    0x00, 0x78, 0xF0, 0x0F, 0x0F, 0x00, 0xF0, 0xE0, 0x1E, 0x1D, 0x00, 0xE3, 0xD9, 0x07, 0xDB, 0x83,
    0xFF, 0xF0, 0x00, 0x00, 0x00, 0x20, 0x50, 0x18, 0x60, 0x2C, 0x70, 0x3C, 0xB0, 0x0E, 0x38, 0x00,
    0xC3, 0x00, 0x24, 0x90, 0x01, 0x08, 0x00, 0x3F, 0xFF, 0xFC, 0x00, 0x00, 0x60, 0x00, 0x02, 0x40,
    0x00, 0x0C, 0x00, 0x00, 0x30, 0x2A, 0x97, 0xFD, 0x00, 0x00, 0x00, 0x00, 0xBF, 0xF8, 0x00, 0x00,
    0x7D, 0x00, 0x2E, 0x00, 0x0B, 0x40, 0x00, 0x0A, 0x00, 0xB0, 0x00, 0x00, 0x0D, 0x07, 0x00, 0x00,
    0x00, 0x18, 0x31, 0xFF, 0xFE, 0x00, 0x32, 0x80, 0xF4, 0x2E, 0x00, 0xCC, 0x03, 0xC0, 0xF4, 0x03,
    0x60, 0x1F, 0xFE, 0x00, 0x1A, 0x40, 0xB8, 0x7C, 0x00, 0x99, 0x03, 0xD1, 0xF0, 0x03, 0x24, 0x0F,
    0x07, 0xCA, 0x18, 0x93, 0xFF, 0x8F, 0xE0, 0xC1, 0x80, 0x00, 0x00, 0x0D, 0x03, 0x00, 0x00, 0x00,
    0xA0, 0x07, 0x00, 0x00, 0x1E, 0x00, 0x07, 0x90, 0x07, 0xD0, 0x00, 0x02, 0xFF, 0xE4, 0x00, 0x00,
    0x3F, 0xFC, 0x0F, 0x4D, 0x33, 0x18, 0xBC, 0x00, 0x00, 0x20, 0x00, 0x00, 0x06, 0x00, 0x00, 0x00,
    0x90, 0x00, 0x00, 0x0C, 0x00, 0x00, 0x01, 0xC0, 0x00, 0xFF, 0xFF, 0xFF, 0x00, 0x03, 0x40, 0x00,
    0x00, 0x30, 0x00, 0x00, 0x03, 0x00, 0x00, 0x00, 0x60, 0x00, 0x00, 0x09, 0x00, 0x03, 0xFF, 0xFF,
    0xF4, 0x0B, 0x19, 0x00, 0x00, 0x00, 0x00, 0x0E, 0x01, 0x00, 0x74, 0x1E, 0x02, 0xC0, 0xB4, 0x0F,
    0x03, 0xC0, 0x38, 0x0F, 0x01, 0xE0, 0x78, 0x0B, 0x83, 0xD9, 0x3F, 0xF2, 0xE0, 0xE0, 0x00, 0x07,
    0x40, 0x00, 0x2C, 0x00, 0x00, 0x00, 0x00, 0x00, 0x01, 0xFF, 0xF8, 0x3F, 0xF3, 0x03, 0xFF, 0x8C,
    0x1F, 0xFD, 0x60, 0xBF, 0xF2, 0x42, 0xFF, 0xCC, 0x03, 0xFE, 0x30, 0x02, 0xF5, 0x80, 0x00, 0xC9,
    0x00, 0x07, 0x30, 0x00, 0x28, 0xC0, 0x00, 0xD6, 0x00, 0x03, 0x24, 0x00, 0x1C, 0xC0, 0x03, 0xFF,
    0xC0, 0x00, 0x79, 0xD0, 0x07, 0x40, 0x2D, 0xBF, 0x80, 0x00, 0xBE, 0x00, 0xF0, 0xE0, 0xF0, 0x3C,
    0x3C, 0x0F, 0x1E, 0x0B, 0x83, 0x87, 0xC0, 0x7F, 0x80, 0xFF, 0xF4, 0x00, 0x00, 0x01, 0x04, 0x00,
    0x61, 0x80, 0x0C, 0x30, 0x02, 0xCB, 0x00, 0xF3, 0xC0, 0xD3, 0x80, 0x92, 0x40, 0x10, 0x80, 0x00,
    0x00, 0x3C, 0x00, 0x78, 0x00, 0x00, 0x01, 0xF0, 0x03, 0x34, 0x00, 0xB0, 0x07, 0xD0, 0x1E, 0x0D,
    0x34, 0x1D, 0x70, 0x0C, 0x30, 0x70, 0x1F, 0x80, 0x00, 0x01, 0xF4, 0x00, 0x00, 0x0B, 0x00, 0x00,
    0x07, 0x00, 0x00, 0x03, 0xC0, 0x00, 0x02, 0xF0, 0x00, 0x01, 0xFD, 0x00, 0x00, 0xCF, 0x40, 0x00,
    0xA3, 0xD0, 0x00, 0x30, 0xF8, 0x00, 0x34, 0x2E, 0x00, 0x1F, 0xFF, 0xC0, 0x0C, 0x01, 0xF0, 0x0A,
    0x00, 0x7C, 0x2F, 0xE0, 0xFF, 0xE0, 0x00, 0x00, 0x1E, 0x00, 0x00, 0x3F, 0x40, 0x00, 0x00, 0x00,
    0x00, 0x01, 0xC0, 0x00, 0x00, 0xF0, 0x00, 0x00, 0xBC, 0x00, 0x00, 0x7F, 0x40, 0x00, 0x33, 0xD0,
    0x00, 0x28, 0xF4, 0x00, 0x0C, 0x3E, 0x00, 0x0D, 0x0B, 0x80, 0x07, 0xFF, 0xF0, 0x03, 0x00, 0x7C,
    0x02, 0x80, 0x1F, 0x0B, 0xF8, 0x3F, 0xF8, 0x00, 0x00, 0x00, 0x00, 0x00, 0x1F, 0x00, 0x00, 0x2D,
    0xB0, 0x00, 0x04, 0x04, 0x00, 0x00, 0x70, 0x00, 0x00, 0x3C, 0x00, 0x00, 0x2F, 0x00, 0x00, 0x1F,
    0xD0, 0x00, 0x0C, 0xF4, 0x00, 0x0A, 0x3D, 0x00, 0x03, 0x0F, 0x80, 0x03, 0x42, 0xE0, 0x01, 0xFF,
    0xFC, 0x00, 0xC0, 0x1F, 0x00, 0xA0, 0x07, 0xC2, 0xFE, 0x0F, 0xFE, 0x00, 0x02, 0xF4, 0x50, 0x00,
    0x51, 0xF4, 0x00, 0x00, 0x00, 0x00, 0x00, 0x07, 0x00, 0x00, 0x00, 0xF0, 0x00, 0x00, 0x2F, 0x00,
    0x00, 0x07, 0xF4, 0x00, 0x00, 0xCF, 0x40, 0x00, 0x28, 0xF4, 0x00, 0x03, 0x0F, 0x80, 0x00, 0xD0,
    0xB8, 0x00, 0x1F, 0xFF, 0xC0, 0x03, 0x00, 0x7C, 0x00, 0xA0, 0x07, 0xC0, 0xBF, 0x83, 0xFF, 0x80,
    0x00, 0x02, 0xC7, 0x80, 0x00, 0xF1, 0xD0, 0x00, 0x00, 0x00, 0x00, 0x01, 0xC0, 0x00, 0x00, 0xF0,
    0x00, 0x00, 0xBC, 0x00, 0x00, 0x7F, 0x40, 0x00, 0x33, 0xD0, 0x00, 0x28, 0xF4, 0x00, 0x0C, 0x3E,
    0x00, 0x0D, 0x0B, 0x80, 0x07, 0xFF, 0xF0, 0x03, 0x00, 0x7C, 0x02, 0x80, 0x1F, 0x0B, 0xF8, 0x3F,
    0xF8, 0x00, 0x00, 0x3D, 0x00, 0x00, 0x31, 0x80, 0x00, 0x18, 0x60, 0x00, 0x02, 0x20, 0x00, 0x00,
    0xB0, 0x00, 0x00, 0x3C, 0x00, 0x00, 0x3F, 0x00, 0x00, 0x1F, 0xD0, 0x00, 0x0C, 0xF4, 0x00, 0x0A,
    0x3D, 0x00, 0x07, 0x0F, 0x80, 0x03, 0x42, 0xE0, 0x01, 0xFF, 0xFC, 0x00, 0xC0, 0x1F, 0x00, 0xE0,
    0x07, 0xC2, 0xFE, 0x0F, 0xFE, 0x00, 0x03, 0xFF, 0xFF, 0xC0, 0x00, 0x0D, 0xF0, 0x1C, 0x00, 0x02,
    0x6E, 0x00, 0xC0, 0x00, 0x73, 0xD0, 0x0C, 0x00, 0x0D, 0x3C, 0x00, 0x00, 0x02, 0x87, 0xC3, 0x40,
    0x00, 0x3F, 0xFF, 0xF0, 0x00, 0x0E, 0x0F, 0x47, 0x10, 0x01, 0xC0, 0xF0, 0x53, 0x00, 0x30, 0x1F,
    0x00, 0xA0, 0x0A, 0x02, 0xE0, 0x2D, 0x0B, 0xF8, 0xFF, 0xFF, 0xC0, 0x00, 0x1B, 0xF8, 0x90, 0x0F,
    0x80, 0xBC, 0x03, 0xD0, 0x03, 0xC0, 0xF4, 0x00, 0x28, 0x1F, 0x00, 0x01, 0x43, 0xE0, 0x00, 0x00,
    0x3D, 0x00, 0x00, 0x03, 0xC0, 0x00, 0x00, 0x3C, 0x00, 0x0C, 0x03, 0xD0, 0x02, 0x80, 0x0F, 0x40,
    0xA0, 0x00, 0x1F, 0xE0, 0x00, 0x00, 0x3D, 0x00, 0x00, 0x01, 0xE0, 0x00, 0x03, 0xF8, 0x00, 0x00,
    0x00, 0x01, 0xD0, 0x00, 0x00, 0x0A, 0x00, 0x3F, 0xFF, 0xF8, 0x02, 0xF0, 0x0E, 0x00, 0xF4, 0x02,
    0x40, 0x3C, 0x00, 0x90, 0x1F, 0x0D, 0x00, 0x0B, 0xFF, 0x00, 0x03, 0xD2, 0xC0, 0x00, 0xF0, 0x60,
    0xC0, 0x7C, 0x00, 0x90, 0x2E, 0x00, 0x30, 0x0F, 0x80, 0x78, 0x3F, 0xFF, 0xFD, 0x00, 0x00, 0x00,
    0x1E, 0x00, 0x00, 0x3F, 0x40, 0x00, 0x00, 0x00, 0x0F, 0xFF, 0xFE, 0x00, 0xBC, 0x03, 0x80, 0x3D,
    0x00, 0x90, 0x0F, 0x00, 0x24, 0x07, 0xC3, 0x40, 0x02, 0xFF, 0xC0, 0x00, 0xF4, 0xB0, 0x00, 0x3C,
    0x18, 0x30, 0x1F, 0x00, 0x24, 0x0B, 0x80, 0x0C, 0x03, 0xE0, 0x1E, 0x0F, 0xFF, 0xFF, 0x40, 0x00,
    0x00, 0x00, 0x00, 0x00, 0x3D, 0x00, 0x00, 0x75, 0xD0, 0x00, 0x00, 0x00, 0x03, 0xFF, 0xFF, 0x80,
    0x2F, 0x00, 0xE0, 0x0F, 0x40, 0x24, 0x03, 0xC0, 0x09, 0x01, 0xF0, 0xD0, 0x00, 0xBF, 0xF0, 0x00,
    0x3D, 0x2C, 0x00, 0x0F, 0x06, 0x0C, 0x07, 0xC0, 0x09, 0x02, 0xE0, 0x03, 0x00, 0xF8, 0x07, 0x83,
    0xFF, 0xFF, 0xD0, 0x00, 0x0B, 0x4F, 0x00, 0x02, 0xD7, 0x80, 0x00, 0x00, 0x00, 0x0F, 0xFF, 0xFE,
    0x00, 0xBC, 0x03, 0x80, 0x3D, 0x00, 0x90, 0x0F, 0x00, 0x24, 0x07, 0xC3, 0x40, 0x02, 0xFF, 0xC0,
    0x00, 0xF4, 0xB0, 0x00, 0x3C, 0x18, 0x30, 0x1F, 0x00, 0x24, 0x0B, 0x80, 0x0C, 0x03, 0xE0, 0x1E,
    0x0F, 0xFF, 0xFF, 0x40, 0x00, 0x79, 0x00, 0x02, 0xC0, 0x3F, 0xFC, 0x02, 0xF0, 0x00, 0xF8, 0x00,
    0x3D, 0x00, 0x1F, 0x00, 0x0B, 0xC0, 0x03, 0xE0, 0x00, 0xF4, 0x00, 0x7C, 0x00, 0x2F, 0x00, 0x0F,
    0x80, 0x3F, 0xFC, 0x00, 0x00, 0x0B, 0x00, 0x1E, 0x40, 0x00, 0x00, 0x0F, 0xFF, 0x00, 0xBC, 0x00,
    0x3E, 0x00, 0x0F, 0x40, 0x07, 0xC0, 0x02, 0xF0, 0x00, 0xF8, 0x00, 0x3D, 0x00, 0x1F, 0x00, 0x0B,
    0xC0, 0x03, 0xE0, 0x0F, 0xFF, 0x00, 0x00, 0x00, 0x00, 0x0B, 0x80, 0x0E, 0x38, 0x00, 0x01, 0x03,
    0xFF, 0xC0, 0x2F, 0x00, 0x0F, 0x80, 0x03, 0xD0, 0x01, 0xF0, 0x00, 0xBC, 0x00, 0x3E, 0x00, 0x0F,
    0x40, 0x07, 0xC0, 0x02, 0xF0, 0x00, 0xF8, 0x03, 0xFF, 0xC0, 0x00, 0xF2, 0xD0, 0x1E, 0x3C, 0x00,
    0x00, 0x00, 0x3F, 0xFC, 0x00, 0xBC, 0x00, 0x0F, 0x80, 0x00, 0xF4, 0x00, 0x1F, 0x00, 0x02, 0xF0,
    0x00, 0x3E, 0x00, 0x03, 0xD0, 0x00, 0x7C, 0x00, 0x0B, 0xC0, 0x00, 0xF8, 0x00, 0xFF, 0xF0, 0x00,
    0x03, 0xFF, 0xFE, 0x00, 0x02, 0xE0, 0x1F, 0x00, 0x0F, 0x40, 0x1E, 0x00, 0x3C, 0x00, 0x3C, 0x01,
    0xF0, 0x01, 0xF0, 0x0B, 0x80, 0x07, 0xC1, 0xFF, 0xF4, 0x2E, 0x00, 0xF4, 0x00, 0xF4, 0x03, 0xC0,
    0x07, 0xC0, 0x2E, 0x00, 0x3C, 0x00, 0xF4, 0x07, 0xC0, 0x3F, 0xFF, 0xF4, 0x00, 0x00, 0x01, 0xF4,
    0x60, 0x00, 0x01, 0x87, 0xE0, 0x00, 0x00, 0x00, 0x00, 0x00, 0x0F, 0xF0, 0x0B, 0xFC, 0x00, 0xBE,
    0x00, 0x30, 0x00, 0x3B, 0xC0, 0x18, 0x00, 0x0C, 0xF8, 0x09, 0x00, 0x07, 0x1F, 0x03, 0x00, 0x02,
    0x83, 0xE0, 0xC0, 0x00, 0xD0, 0x7C, 0x60, 0x00, 0x30, 0x0F, 0xA4, 0x00, 0x1C, 0x01, 0xFC, 0x00,
    0x0A, 0x00, 0x3F, 0x00, 0x03, 0x40, 0x07, 0x80, 0x0F, 0xF8, 0x00, 0x90, 0x00, 0x00, 0x03, 0xE0,
    0x00, 0x00, 0x1D, 0x00, 0x01, 0xFF, 0x80, 0x03, 0xD0, 0x7C, 0x03, 0xC0, 0x0B, 0x43, 0xD0, 0x02,
    0xE1, 0xF0, 0x00, 0xB8, 0xF8, 0x00, 0x3E, 0x3D, 0x00, 0x0F, 0x5F, 0x00, 0x0B, 0xC3, 0xC0, 0x03,
    0xD0, 0xF0, 0x02, 0xE0, 0x1F, 0x02, 0xE0, 0x01, 0xBF, 0x80, 0x00, 0x00, 0x00, 0x78, 0x00, 0x00,
    0xFD, 0x00, 0x00, 0x00, 0x00, 0x00, 0x7F, 0xE0, 0x00, 0xF4, 0x1F, 0x00, 0xF0, 0x02, 0xD0, 0xF4,
    0x00, 0xB8, 0x7C, 0x00, 0x2E, 0x3E, 0x00, 0x0F, 0x8F, 0x40, 0x03, 0xD7, 0xC0, 0x02, 0xF0, 0xF0,
    0x00, 0xF4, 0x3C, 0x00, 0xB8, 0x07, 0xC0, 0xB8, 0x00, 0x6F, 0xE0, 0x00, 0x00, 0x00, 0x00, 0x00,
    0x00, 0x7C, 0x00, 0x00, 0xB2, 0xC0, 0x00, 0x10, 0x10, 0x00, 0x1F, 0xF8, 0x00, 0x3D, 0x07, 0xC0,
    0x3C, 0x00, 0xB4, 0x3D, 0x00, 0x2E, 0x1F, 0x00, 0x0B, 0x8F, 0x80, 0x03, 0xE3, 0xD0, 0x00, 0xF5,
    0xF0, 0x00, 0xBC, 0x3C, 0x00, 0x3D, 0x0F, 0x00, 0x2E, 0x01, 0xF0, 0x2E, 0x00, 0x1B, 0xF8, 0x00,
    0x00, 0x0B, 0xD2, 0x40, 0x09, 0x1F, 0x40, 0x00, 0x00, 0x00, 0x00, 0x7F, 0xE0, 0x00, 0xF4, 0x1F,
    0x00, 0xF0, 0x02, 0xD0, 0xF4, 0x00, 0xB8, 0x7C, 0x00, 0x2E, 0x3E, 0x00, 0x0F, 0x8F, 0x40, 0x03,
    0xD7, 0xC0, 0x02, 0xF0, 0xF0, 0x00, 0xF4, 0x3C, 0x00, 0xB8, 0x07, 0xC0, 0xB8, 0x00, 0x6F, 0xE0,
    0x00, 0x00, 0x00, 0x00, 0x00, 0x03, 0xC7, 0x80, 0x00, 0xF2, 0xD0, 0x00, 0x00, 0x00, 0x00, 0x1F,
    0xF8, 0x00, 0x3D, 0x07, 0xC0, 0x3C, 0x00, 0xB4, 0x3D, 0x00, 0x2E, 0x1F, 0x00, 0x0B, 0x8F, 0x80,
    0x03, 0xE3, 0xD0, 0x00, 0xF5, 0xF0, 0x00, 0xBC, 0x3C, 0x00, 0x3D, 0x0F, 0x00, 0x2E, 0x01, 0xF0,
    0x2E, 0x00, 0x1B, 0xF8, 0x00, 0x00, 0x00, 0x00, 0x00, 0x01, 0xBF, 0x88, 0x00, 0xF4, 0x0F, 0x00,
    0x3C, 0x00, 0xBC, 0x0F, 0x40, 0x23, 0xC2, 0xF0, 0x08, 0x3C, 0x3D, 0x02, 0x03, 0xC3, 0xC0, 0x80,
    0xBC, 0x7C, 0x20, 0x0F, 0x43, 0xC8, 0x01, 0xF0, 0x3E, 0x00, 0x3C, 0x00, 0xF0, 0x1F, 0x00, 0x22,
    0xFE, 0x40, 0x01, 0x00, 0x00, 0x00, 0x00, 0x0B, 0x80, 0x00, 0x00, 0x1A, 0x00, 0x3F, 0xF8, 0x3F,
    0xE0, 0xBC, 0x00, 0x70, 0x0F, 0x80, 0x09, 0x00, 0xF4, 0x00, 0xC0, 0x1F, 0x00, 0x0C, 0x02, 0xF0,
    0x01, 0x80, 0x3E, 0x00, 0x24, 0x03, 0xD0, 0x03, 0x00, 0x7C, 0x00, 0x30, 0x03, 0xC0, 0x0D, 0x00,
    0x3D, 0x07, 0x80, 0x00, 0x7F, 0x90, 0x00, 0x00, 0x00, 0x74, 0x00, 0x00, 0x3E, 0x00, 0x00, 0x00,
    0x00, 0x03, 0xFF, 0x83, 0xFE, 0x0B, 0xC0, 0x07, 0x00, 0xF8, 0x00, 0x90, 0x0F, 0x40, 0x0C, 0x01,
    0xF0, 0x00, 0xC0, 0x2F, 0x00, 0x18, 0x03, 0xE0, 0x02, 0x40, 0x3D, 0x00, 0x30, 0x07, 0xC0, 0x03,
    0x00, 0x3C, 0x00, 0xD0, 0x03, 0xD0, 0x78, 0x00, 0x07, 0xF9, 0x00, 0x00, 0x00, 0x00, 0x00, 0x00,
    0x00, 0x2E, 0x00, 0x00, 0x1E, 0x34, 0x00, 0x00, 0x00, 0x00, 0x3F, 0xF8, 0x3F, 0xE0, 0xBC, 0x00,
    0x70, 0x0F, 0x80, 0x09, 0x00, 0xF4, 0x00, 0xC0, 0x1F, 0x00, 0x0C, 0x02, 0xF0, 0x01, 0x80, 0x3E,
    0x00, 0x24, 0x03, 0xD0, 0x03, 0x00, 0x7C, 0x00, 0x30, 0x03, 0xC0, 0x0D, 0x00, 0x3D, 0x07, 0x80,
    0x00, 0x7F, 0x90, 0x00, 0x00, 0x2D, 0x38, 0x00, 0x03, 0xC7, 0x80, 0x00, 0x00, 0x00, 0x03, 0xFF,
    0x83, 0xFE, 0x0B, 0xC0, 0x07, 0x00, 0xF8, 0x00, 0x90, 0x0F, 0x40, 0x0C, 0x01, 0xF0, 0x00, 0xC0,
    0x2F, 0x00, 0x18, 0x03, 0xE0, 0x02, 0x40, 0x3D, 0x00, 0x30, 0x07, 0xC0, 0x03, 0x00, 0x3C, 0x00,
    0xD0, 0x03, 0xD0, 0x78, 0x00, 0x07, 0xF9, 0x00, 0x00, 0x00, 0x00, 0xB4, 0x00, 0x00, 0x7A, 0x00,
    0x00, 0x00, 0x00, 0x07, 0xFF, 0x02, 0xFE, 0x0B, 0xC0, 0x0E, 0x00, 0x7D, 0x02, 0x80, 0x03, 0xE0,
    0x70, 0x00, 0x2F, 0x1C, 0x00, 0x01, 0xFB, 0x00, 0x00, 0x0F, 0xD0, 0x00, 0x00, 0xB8, 0x00, 0x00,
    0x0F, 0x40, 0x00, 0x00, 0xF0, 0x00, 0x00, 0x1F, 0x00, 0x00, 0x1F, 0xFD, 0x00, 0x00, 0x03, 0xFF,
    0x80, 0x00, 0xB8, 0x00, 0x00, 0xFF, 0xF4, 0x00, 0xF0, 0x3D, 0x01, 0xF0, 0x3D, 0x02, 0xE0, 0x3D,
    0x03, 0xD0, 0x7C, 0x03, 0xC1, 0xF4, 0x07, 0xFF, 0x80, 0x0B, 0x80, 0x00, 0x0F, 0x40, 0x00, 0xFF,
    0xF0, 0x00, 0x00, 0x02, 0xFE, 0x00, 0x03, 0xC1, 0xE0, 0x01, 0xD0, 0x38, 0x00, 0xB0, 0x2C, 0x03,
    0xFC, 0x1C, 0x00, 0x0F, 0x0D, 0x00, 0x07, 0x83, 0x80, 0x01, 0xD0, 0xF4, 0x00, 0xB0, 0x1F, 0x00,
    0x3C, 0x07, 0xC0, 0x0F, 0x73, 0xD0, 0x03, 0x8F, 0xC0, 0x01, 0xD0, 0x00, 0x0E, 0xB0, 0x00, 0x03,
    0xE0, 0x00, 0x00, 0x00, 0xB0, 0x00, 0x0F, 0x80, 0x00, 0x1C, 0x00, 0x00, 0x00, 0x01, 0xF9, 0x00,
    0xB4, 0xB4, 0x2E, 0x0B, 0x43, 0xC0, 0xF0, 0x3C, 0x0E, 0x03, 0x81, 0xD0, 0x3C, 0x7D, 0xD0, 0xF8,
    0xB8, 0x00, 0x02, 0xC0, 0x01, 0x90, 0x00, 0x00, 0x00, 0x00, 0x00, 0x01, 0xF9, 0x00, 0xB4, 0xB4,
    0x2E, 0x0B, 0x43, 0xC0, 0xF0, 0x3C, 0x0E, 0x03, 0x81, 0xD0, 0x3C, 0x7D, 0xD0, 0xF8, 0xB8, 0x00,
    0x1D, 0x00, 0x0B, 0x70, 0x01, 0x81, 0x80, 0x1F, 0x90, 0x0B, 0x4B, 0x42, 0xE0, 0xB4, 0x3C, 0x0F,
    0x03, 0xC0, 0xE0, 0x38, 0x1D, 0x03, 0xC7, 0xDD, 0x0F, 0x8B, 0x80, 0x00, 0xB4, 0x80, 0x21, 0xE0,
    0x00, 0x00, 0x00, 0x1F, 0x90, 0x0B, 0x4B, 0x42, 0xE0, 0xB4, 0x3C, 0x0F, 0x03, 0xC0, 0xE0, 0x38,
    0x1D, 0x03, 0xC7, 0xDD, 0x0F, 0x8B, 0x80, 0x00, 0xF2, 0xD0, 0x1E, 0x2D, 0x00, 0x00, 0x00, 0x00,
    0x00, 0x01, 0xF9, 0x00, 0xB4, 0xB4, 0x2E, 0x0B, 0x43, 0xC0, 0xF0, 0x3C, 0x0E, 0x03, 0x81, 0xD0,
    0x3C, 0x7D, 0x90, 0xF8, 0xB8, 0x00, 0x3D, 0x00, 0x0C, 0x30, 0x00, 0xC7, 0x00, 0x0B, 0xC0, 0x01,
    0xF9, 0x00, 0xB4, 0xB4, 0x2E, 0x0B, 0x43, 0xC0, 0xF0, 0x3C, 0x0E, 0x03, 0x81, 0xD0, 0x3C, 0x7D,
    0xD0, 0xF8, 0xB8, 0x02, 0xF6, 0x6F, 0x40, 0xF4, 0xBD, 0x1C, 0x2E, 0x07, 0x02, 0xC3, 0xC0, 0xBF,
    0xE0, 0x3C, 0x0E, 0x00, 0x03, 0x80, 0xE0, 0x00, 0x3C, 0x7B, 0x07, 0x40, 0xFC, 0x2F, 0x80, 0x01,
    0xFE, 0x02, 0xD2, 0x81, 0xE0, 0x00, 0xF0, 0x00, 0x3C, 0x00, 0x0E, 0x00, 0x03, 0xC0, 0xB0, 0x3F,
    0xE0, 0x03, 0xD0, 0x00, 0x3C, 0x03, 0xF9, 0x00, 0x00, 0xD0, 0x00, 0x7C, 0x00, 0x02, 0x80, 0x00,
    0x00, 0x01, 0xFD, 0x02, 0xD1, 0xC2, 0xD0, 0xB0, 0xFF, 0xE0, 0x3C, 0x00, 0x0E, 0x00, 0x42, 0xC0,
    0xB0, 0x2F, 0xE0, 0x00, 0x07, 0x80, 0x0A, 0x00, 0x00, 0x00, 0x00, 0x00, 0x01, 0xFD, 0x02, 0xD1,
    0xC2, 0xD0, 0xB0, 0xFF, 0xE0, 0x3C, 0x00, 0x0E, 0x00, 0x42, 0xC0, 0xB0, 0x2F, 0xE0, 0x00, 0x28,
    0x00, 0x36, 0x80, 0x30, 0x30, 0x07, 0xF4, 0x0B, 0x47, 0x0B, 0x42, 0xC3, 0xFF, 0x80, 0xF0, 0x00,
    0x38, 0x01, 0x0B, 0x02, 0xC0, 0xBF, 0x80, 0x02, 0xD3, 0xC0, 0x2D, 0x78, 0x00, 0x00, 0x00, 0x00,
    0x00, 0x01, 0xFD, 0x00, 0xB4, 0x70, 0x2D, 0x0B, 0x03, 0xFF, 0x80, 0x3C, 0x00, 0x03, 0x80, 0x10,
    0x2C, 0x0B, 0x00, 0xBF, 0x80, 0x0B, 0x00, 0xF8, 0x01, 0xC0, 0x00, 0x1F, 0x02, 0x38, 0x07, 0x40,
    0xF0, 0x0E, 0x02, 0xC0, 0x2C, 0x90, 0xF4, 0x00, 0x2C, 0x01, 0x90, 0x00, 0x00, 0x00, 0x00, 0x1F,
    0x00, 0x23, 0x80, 0x07, 0x40, 0x0F, 0x00, 0x0E, 0x00, 0x2C, 0x00, 0x2C, 0x90, 0x0F, 0x40, 0x02,
    0x80, 0x77, 0x43, 0x03, 0x07, 0xC0, 0x23, 0x80, 0x1D, 0x00, 0xF0, 0x03, 0x80, 0x2C, 0x00, 0xB2,
    0x40, 0xF4, 0x00, 0x0F, 0x2D, 0x1E, 0x2D, 0x00, 0x00, 0x00, 0x00, 0x1F, 0x00, 0x23, 0x80, 0x07,
    0x40, 0x0F, 0x00, 0x0E, 0x00, 0x2C, 0x00, 0x2C, 0x90, 0x0F, 0x40, 0x00, 0x00, 0x00, 0x0B, 0x58,
    0x00, 0x2F, 0x00, 0x06, 0xB8, 0x00, 0x03, 0xC0, 0x1F, 0xFD, 0x0B, 0x43, 0xD1, 0xE0, 0x3D, 0x3C,
    0x03, 0xC3, 0xC0, 0x3C, 0x38, 0x0B, 0x43, 0xC1, 0xE0, 0x0B, 0xE4, 0x00, 0x00, 0x2D, 0x20, 0x02,
    0x1E, 0x00, 0x00, 0x00, 0x0B, 0x8B, 0xD0, 0x77, 0xD2, 0xC2, 0x6D, 0x0B, 0x00, 0xF0, 0x3C, 0x03,
    0xC0, 0xE0, 0x1E, 0x0B, 0x00, 0xB4, 0x2C, 0x92, 0xC0, 0x3E, 0x00, 0x00, 0xB0, 0x00, 0x0F, 0x80,
    0x00, 0x1C, 0x00, 0x00, 0x00, 0x01, 0xFE, 0x00, 0xB4, 0x38, 0x1E, 0x03, 0xC3, 0xC0, 0x3C, 0x3C,
    0x03, 0xC3, 0x80, 0xB4, 0x3C, 0x2E, 0x00, 0xBF, 0x40, 0x00, 0x02, 0xC0, 0x01, 0x90, 0x00, 0x00,
    0x00, 0x00, 0x00, 0x01, 0xFE, 0x00, 0xB4, 0x38, 0x1E, 0x03, 0xC3, 0xC0, 0x3C, 0x3C, 0x03, 0xC3,
    0x80, 0xB4, 0x3C, 0x2E, 0x00, 0xBF, 0x40, 0x00, 0x1D, 0x00, 0x0B, 0x70, 0x01, 0x81, 0x80, 0x1F,
    0xE0, 0x0B, 0x43, 0x81, 0xE0, 0x3C, 0x3C, 0x03, 0xC3, 0xC0, 0x3C, 0x38, 0x0B, 0x43, 0xC2, 0xE0,
    0x0B, 0xF4, 0x00, 0x00, 0x78, 0x50, 0x14, 0xB4, 0x00, 0x00, 0x00, 0x1F, 0xE0, 0x0B, 0x43, 0x81,
    0xE0, 0x3C, 0x3C, 0x03, 0xC3, 0xC0, 0x3C, 0x38, 0x0B, 0x43, 0xC2, 0xE0, 0x0B, 0xF4, 0x00, 0x00,
    0xF2, 0xD0, 0x1E, 0x2D, 0x00, 0x00, 0x00, 0x00, 0x00, 0x01, 0xFE, 0x00, 0xB4, 0x38, 0x1E, 0x03,
    0xC3, 0xC0, 0x3C, 0x3C, 0x03, 0xC3, 0x80, 0xB4, 0x3C, 0x2E, 0x00, 0xBF, 0x40, 0x00, 0x07, 0xC0,
    0x00, 0x03, 0xF0, 0x00, 0x00, 0xB4, 0x00, 0x00, 0x00, 0x00, 0x00, 0x00, 0x00, 0x1F, 0xFF, 0xFF,
    0xD0, 0x00, 0x00, 0x00, 0x00, 0x00, 0x00, 0x00, 0x78, 0x00, 0x00, 0x3F, 0x00, 0x00, 0x0B, 0x40,
    0x00, 0x00, 0x00, 0x00, 0x00, 0x08, 0x01, 0xFE, 0x40, 0xB4, 0x74, 0x1D, 0x0A, 0xC3, 0xC2, 0x3C,
    0x38, 0x83, 0xC3, 0xA0, 0xB4, 0x2D, 0x2E, 0x02, 0xBE, 0x40, 0x60, 0x00, 0x00, 0x00, 0x00, 0x00,
    0x70, 0x00, 0x02, 0xF0, 0x00, 0x01, 0x90, 0x00, 0x00, 0x00, 0x1F, 0x00, 0x00, 0xCE, 0x0B, 0x09,
    0x74, 0x3C, 0x02, 0xC1, 0xD0, 0x0E, 0x0B, 0x00, 0x74, 0x3C, 0x00, 0xE1, 0xF3, 0x01, 0xF5, 0xF4,
    0x00, 0x02, 0xD0, 0x00, 0x34, 0x00, 0x00, 0x00, 0x00, 0x00, 0x00, 0x1F, 0x00, 0x00, 0xCE, 0x0B,
    0x09, 0x74, 0x3C, 0x02, 0xC1, 0xD0, 0x0E, 0x0B, 0x00, 0x74, 0x3C, 0x00, 0xE1, 0xF3, 0x01, 0xF5,
    0xF4, 0x00, 0x0A, 0x00, 0x01, 0xDD, 0x00, 0x0C, 0x0C, 0x07, 0xC0, 0x00, 0x33, 0x82, 0xC2, 0x5D,
    0x0F, 0x00, 0xB0, 0x74, 0x03, 0x82, 0xC0, 0x1D, 0x0F, 0x00, 0x38, 0x7C, 0xC0, 0x7D, 0x7D, 0x00,
    0x00, 0xB1, 0xE0, 0x03, 0xC7, 0x40, 0x00, 0x00, 0x00, 0x00, 0x00, 0x1F, 0x00, 0x00, 0xCE, 0x0B,
    0x09, 0x74, 0x3C, 0x02, 0xC1, 0xD0, 0x0E, 0x0B, 0x00, 0x74, 0x3C, 0x00, 0xE1, 0xF3, 0x01, 0xF5,
    0xF4, 0x00, 0x03, 0x80, 0x02, 0x80, 0x00, 0x00, 0x00, 0x00, 0x00, 0x1F, 0x00, 0x83, 0x38, 0x3C,
    0x97, 0x43, 0xC0, 0xB0, 0x78, 0x0E, 0x0B, 0x40, 0xD0, 0xF0, 0x0E, 0x1F, 0x00, 0x7F, 0xE0, 0x00,
    0x2C, 0x00, 0x03, 0xC0, 0x38, 0xF0, 0x02, 0xF8, 0x00, 0x00, 0xF8, 0x00, 0x01, 0xD0, 0x00, 0x0B,
    0x00, 0x00, 0x3C, 0x00, 0x00, 0xFB, 0xC0, 0x07, 0xC3, 0xC0, 0x2D, 0x0F, 0x00, 0xF0, 0x3C, 0x03,
    0xC1, 0xE0, 0x1E, 0x0B, 0x40, 0xB4, 0xB8, 0x03, 0xEF, 0x40, 0x0F, 0x00, 0x00, 0x78, 0x00, 0x0B,
    0xF4, 0x00, 0x00, 0x01, 0xE2, 0xC0, 0x1D, 0x3C, 0x00, 0x00, 0x00, 0x00, 0x00, 0x1F, 0x00, 0x83,
    0x38, 0x3C, 0x97, 0x43, 0xC0, 0xB0, 0x78, 0x0E, 0x0B, 0x40, 0xD0, 0xF0, 0x0E, 0x1F, 0x00, 0x7F,
    0xE0, 0x00, 0x2C, 0x00, 0x03, 0xC0, 0x38, 0xF0, 0x02, 0xF8, 0x00, 0x00, 0x0F, 0xFF, 0xF0, 0x00,
    0x00, 0x00, 0x00, 0x00, 0x00, 0x00, 0x00, 0x07, 0x00, 0x00, 0x00, 0xF0, 0x00, 0x00, 0x2F, 0x00,
    0x00, 0x07, 0xF4, 0x00, 0x00, 0xCF, 0x40, 0x00, 0x28, 0xF4, 0x00, 0x03, 0x0F, 0x80, 0x00, 0xD0,
    0xB8, 0x00, 0x1F, 0xFF, 0xC0, 0x03, 0x00, 0x7C, 0x00, 0xA0, 0x07, 0xC0, 0xBF, 0x83, 0xFF, 0x80,
    0x03, 0xFF, 0xC0, 0x00, 0x00, 0x00, 0x00, 0x00, 0x1F, 0x90, 0x0B, 0x4B, 0x42, 0xE0, 0xB4, 0x3C,
    0x0F, 0x03, 0xC0, 0xE0, 0x38, 0x1D, 0x03, 0xC7, 0xDD, 0x0F, 0x8B, 0x80, 0x00, 0x02, 0x00, 0x80,
    0x00, 0x7F, 0x80, 0x00, 0x00, 0x00, 0x00, 0x01, 0xC0, 0x00, 0x00, 0xF0, 0x00, 0x00, 0xBC, 0x00,
    0x00, 0x7F, 0x40, 0x00, 0x33, 0xD0, 0x00, 0x28, 0xF4, 0x00, 0x0C, 0x3E, 0x00, 0x0D, 0x0B, 0x80,
    0x07, 0xFF, 0xF0, 0x03, 0x00, 0x7C, 0x02, 0x80, 0x1F, 0x0B, 0xF8, 0x3F, 0xF8, 0x00, 0x00, 0x00,
    0x08, 0x08, 0x00, 0xBF, 0x40, 0x00, 0x00, 0x01, 0xF9, 0x00, 0xB4, 0xB4, 0x2E, 0x0B, 0x43, 0xC0,
    0xF0, 0x3C, 0x0E, 0x03, 0x81, 0xD0, 0x3C, 0x7D, 0xD0, 0xF8, 0xB8, 0x00, 0x00, 0x70, 0x00, 0x00,
    0x3C, 0x00, 0x00, 0x2F, 0x00, 0x00, 0x1F, 0xD0, 0x00, 0x0C, 0xF4, 0x00, 0x06, 0x3D, 0x00, 0x03,
    0x0F, 0x80, 0x02, 0x42, 0xE0, 0x01, 0xFF, 0xFC, 0x00, 0xC0, 0x1F, 0x00, 0xA0, 0x07, 0xC2, 0xFE,
    0x0F, 0xFE, 0x00, 0x00, 0x30, 0x00, 0x00, 0x28, 0x00, 0x00, 0x0E, 0x00, 0x00, 0x01, 0xF0, 0x01,
    0xF9, 0x00, 0xB4, 0xB4, 0x2E, 0x0B, 0x43, 0xC0, 0xF0, 0x3C, 0x0E, 0x03, 0x81, 0xD0, 0x3C, 0x7D,
    0x90, 0xF8, 0xF8, 0x00, 0x08, 0x00, 0x03, 0x40, 0x00, 0x38, 0x00, 0x01, 0xF0, 0x00, 0x00, 0x2C,
    0x00, 0x00, 0x2F, 0x80, 0x00, 0x00, 0x00, 0x00, 0x01, 0xBF, 0x89, 0x00, 0xF8, 0x0B, 0xC0, 0x3D,
    0x00, 0x3C, 0x0F, 0x40, 0x02, 0x82, 0xF0, 0x00, 0x14, 0x3E, 0x00, 0x00, 0x03, 0xD0, 0x00, 0x00,
    0x3C, 0x00, 0x00, 0x03, 0xC0, 0x00, 0x80, 0x3D, 0x00, 0x18, 0x01, 0xF4, 0x0A, 0x00, 0x02, 0xFE,
    0x40, 0x00, 0x00, 0x07, 0x40, 0x0D, 0x00, 0x00, 0x00, 0x00, 0x00, 0x01, 0xFE, 0x02, 0xD3, 0x81,
    0xE0, 0x00, 0xF0, 0x00, 0x3C, 0x00, 0x0E, 0x00, 0x03, 0xC0, 0xB0, 0x2F, 0xD0, 0x00, 0x00, 0x00,
    0x00, 0x00, 0x0F, 0x40, 0x00, 0x07, 0x4D, 0x00, 0x00, 0x00, 0x00, 0x00, 0x1B, 0xF8, 0x90, 0x0F,
    0x80, 0xBC, 0x03, 0xD0, 0x03, 0xC0, 0xF4, 0x00, 0x28, 0x2F, 0x00, 0x01, 0x43, 0xE0, 0x00, 0x00,
    0x3D, 0x00, 0x00, 0x03, 0xC0, 0x00, 0x00, 0x3C, 0x00, 0x08, 0x03, 0xD0, 0x01, 0x80, 0x1F, 0x40,
    0xA0, 0x00, 0x2F, 0xE4, 0x00, 0x00, 0x00, 0x00, 0x07, 0x40, 0x0B, 0x70, 0x06, 0x06, 0x01, 0xFE,
    0x02, 0xD3, 0x81, 0xE0, 0x00, 0xF0, 0x00, 0x3C, 0x00, 0x0E, 0x00, 0x03, 0xC0, 0xB0, 0x2F, 0xD0,
    0x00, 0x00, 0xB4, 0x00, 0x00, 0x0F, 0x00, 0x00, 0x00, 0x00, 0x00, 0x01, 0xBF, 0x89, 0x00, 0xF8,
    0x0B, 0xC0, 0x3D, 0x00, 0x3C, 0x0F, 0x40, 0x02, 0x82, 0xF0, 0x00, 0x14, 0x3E, 0x00, 0x00, 0x03,
    0xD0, 0x00, 0x00, 0x3C, 0x00, 0x00, 0x03, 0xC0, 0x00, 0x80, 0x3D, 0x00, 0x18, 0x01, 0xF4, 0x0A,
    0x00, 0x02, 0xFE, 0x40, 0x00, 0x00, 0x1E, 0x00, 0x0B, 0x40, 0x00, 0x00, 0x00, 0x00, 0x01, 0xFE,
    0x02, 0xD3, 0x81, 0xE0, 0x00, 0xF0, 0x00, 0x3C, 0x00, 0x0E, 0x00, 0x03, 0xC0, 0xB0, 0x2F, 0xD0,
    0x00, 0x01, 0xBE, 0x00, 0x00, 0x00, 0x00, 0x00, 0x1B, 0xF8, 0x90, 0x0F, 0x80, 0xBC, 0x03, 0xD0,
    0x03, 0xC0, 0xF4, 0x00, 0x28, 0x2F, 0x00, 0x01, 0x43, 0xE0, 0x00, 0x00, 0x3D, 0x00, 0x00, 0x03,
    0xC0, 0x00, 0x00, 0x3C, 0x00, 0x08, 0x03, 0xD0, 0x01, 0x80, 0x1F, 0x40, 0xA0, 0x00, 0x2F, 0xE4,
    0x00, 0x00, 0x00, 0x00, 0x09, 0x1C, 0x00, 0x3F, 0x00, 0x01, 0x80, 0x01, 0xFE, 0x00, 0xB4, 0xE0,
    0x1E, 0x00, 0x03, 0xC0, 0x00, 0x3C, 0x00, 0x03, 0x80, 0x00, 0x3C, 0x0B, 0x00, 0xBF, 0x40, 0x00,
    0x02, 0xF9, 0x00, 0x00, 0x00, 0x00, 0x00, 0x3F, 0xFF, 0xE0, 0x00, 0x2E, 0x01, 0xF0, 0x00, 0xF4,
    0x01, 0xE0, 0x03, 0xC0, 0x03, 0xC0, 0x1F, 0x00, 0x1F, 0x00, 0xB8, 0x00, 0x7C, 0x03, 0xD0, 0x02,
    0xE0, 0x0F, 0x00, 0x0F, 0x40, 0x7C, 0x00, 0x7C, 0x02, 0xE0, 0x03, 0xC0, 0x0F, 0x40, 0x7C, 0x03,
    0xFF, 0xFF, 0x40, 0x00, 0x00, 0x03, 0xE7, 0xC0, 0x00, 0x1E, 0x7C, 0x00, 0x02, 0xD2, 0x00, 0x00,
    0x3C, 0x40, 0x01, 0xFB, 0xC0, 0x00, 0xB4, 0xB8, 0x00, 0x2E, 0x0B, 0x40, 0x03, 0xC0, 0xF0, 0x00,
    0x3C, 0x0F, 0x00, 0x03, 0x81, 0xE0, 0x00, 0x3C, 0x2D, 0x80, 0x00, 0xF8, 0xB4, 0x00, 0x03, 0xFF,
    0xFE, 0x00, 0x02, 0xE0, 0x1F, 0x00, 0x0F, 0x40, 0x1E, 0x00, 0x3C, 0x00, 0x3C, 0x01, 0xF0, 0x01,
    0xF0, 0x0B, 0x80, 0x07, 0xC1, 0xFF, 0xF4, 0x2E, 0x00, 0xF4, 0x00, 0xF4, 0x03, 0xC0, 0x07, 0xC0,
    0x2E, 0x00, 0x3C, 0x00, 0xF4, 0x07, 0xC0, 0x3F, 0xFF, 0xF4, 0x00, 0x00, 0x00, 0x00, 0x00, 0x0F,
    0x80, 0x00, 0x1E, 0x00, 0x07, 0xFC, 0x00, 0x03, 0xC0, 0x07, 0xEF, 0x00, 0xB4, 0xB8, 0x0B, 0x82,
    0xD0, 0x3C, 0x0F, 0x00, 0xF0, 0x3C, 0x03, 0x81, 0xE0, 0x0F, 0x0B, 0x64, 0x0F, 0x8B, 0x80, 0x00,
    0x3F, 0xFF, 0xC0, 0x00, 0x00, 0x00, 0x00, 0x00, 0x00, 0x0F, 0xFF, 0xFE, 0x00, 0xBC, 0x03, 0x80,
    0x3D, 0x00, 0x90, 0x0F, 0x00, 0x24, 0x07, 0xC3, 0x40, 0x02, 0xFF, 0xC0, 0x00, 0xF4, 0xB0, 0x00,
    0x3C, 0x18, 0x30, 0x1F, 0x00, 0x24, 0x0B, 0x80, 0x0C, 0x03, 0xE0, 0x1E, 0x0F, 0xFF, 0xFF, 0x40,
    0x02, 0xFF, 0xE0, 0x00, 0x00, 0x00, 0x00, 0x00, 0x1F, 0xD0, 0x0B, 0x47, 0x02, 0xD0, 0xB0, 0x3F,
    0xF8, 0x03, 0xC0, 0x00, 0x38, 0x01, 0x02, 0xC0, 0xB0, 0x0B, 0xF8, 0x00, 0x00, 0x00, 0xF0, 0x00,
    0x00, 0x38, 0x00, 0x00, 0x00, 0x00, 0x0F, 0xFF, 0xFE, 0x00, 0xBC, 0x03, 0x80, 0x3D, 0x00, 0x90,
    0x0F, 0x00, 0x24, 0x07, 0xC3, 0x40, 0x02, 0xFF, 0xC0, 0x00, 0xF4, 0xB0, 0x00, 0x3C, 0x18, 0x30,
    0x1F, 0x00, 0x24, 0x0B, 0x80, 0x0C, 0x03, 0xE0, 0x1E, 0x0F, 0xFF, 0xFF, 0x40, 0x00, 0x1E, 0x00,
    0x0B, 0x40, 0x00, 0x00, 0x00, 0x00, 0x01, 0xFD, 0x02, 0xD1, 0xC2, 0xD0, 0xB0, 0xFF, 0xE0, 0x3C,
    0x00, 0x0E, 0x00, 0x42, 0xC0, 0xB0, 0x2F, 0xE0, 0x03, 0xFF, 0xFF, 0x80, 0x2F, 0x00, 0xE0, 0x0F,
    0x40, 0x24, 0x03, 0xC0, 0x09, 0x01, 0xF0, 0xD0, 0x00, 0xBF, 0xF0, 0x00, 0x3D, 0x2C, 0x00, 0x0F,
    0x06, 0x0C, 0x07, 0xC0, 0x09, 0x02, 0xE0, 0x03, 0x00, 0xF8, 0x07, 0x83, 0xFF, 0xFF, 0xD0, 0x00,
    0x03, 0x00, 0x00, 0x02, 0x80, 0x00, 0x00, 0xE0, 0x00, 0x00, 0x1F, 0x00, 0x01, 0xFD, 0x02, 0xD1,
    0xC2, 0xD0, 0xB0, 0xFF, 0xE0, 0x3C, 0x00, 0x0E, 0x00, 0x42, 0xC1, 0xA0, 0x2F, 0xD0, 0x00, 0x80,
    0x00, 0x70, 0x00, 0x1C, 0x00, 0x03, 0xD0, 0x00, 0x06, 0xE4, 0x00, 0x00, 0x00, 0x00, 0x3F, 0xFF,
    0xF8, 0x02, 0xF0, 0x0E, 0x00, 0xF4, 0x02, 0x40, 0x3C, 0x00, 0x90, 0x1F, 0x0D, 0x00, 0x0B, 0xFF,
    0x00, 0x03, 0xD2, 0xC0, 0x00, 0xF0, 0x60, 0xC0, 0x7C, 0x00, 0x90, 0x2E, 0x00, 0x30, 0x0F, 0x80,
    0x78, 0x3F, 0xFF, 0xFD, 0x00, 0x00, 0x00, 0x00, 0x0A, 0x09, 0x00, 0x3F, 0x40, 0x00, 0xC0, 0x01,
    0xFD, 0x00, 0xB4, 0x70, 0x2D, 0x0B, 0x03, 0xFF, 0x80, 0x3C, 0x00, 0x03, 0x80, 0x10, 0x2C, 0x0B,
    0x00, 0xBF, 0x80, 0x00, 0x00, 0x00, 0x00, 0x00, 0x0F, 0x40, 0x00, 0x07, 0x4D, 0x00, 0x00, 0x00,
    0x00, 0x00, 0x1B, 0xF8, 0x90, 0x0F, 0x80, 0xBC, 0x03, 0xD0, 0x03, 0xC0, 0xF8, 0x00, 0x28, 0x1F,
    0x00, 0x01, 0x03, 0xE0, 0x00, 0x00, 0x3D, 0x00, 0x00, 0x03, 0xC0, 0x3F, 0xF8, 0x3C, 0x00, 0x3D,
    0x03, 0xD0, 0x07, 0xC0, 0x1F, 0x41, 0xFC, 0x00, 0x2F, 0xE0, 0x40, 0x00, 0x00, 0x00, 0x00, 0xF0,
    0x00, 0x36, 0x80, 0x08, 0x08, 0x00, 0xBE, 0x40, 0x3D, 0x2D, 0x0B, 0x82, 0xD0, 0xF0, 0x3C, 0x0F,
    0x03, 0xC0, 0xE0, 0x78, 0x0F, 0x0F, 0x40, 0x3F, 0xF0, 0x00, 0x0F, 0x00, 0x01, 0xE0, 0x2C, 0x7C,
    0x02, 0xFE, 0x00, 0x00, 0x01, 0x02, 0x00, 0x00, 0x2F, 0xD0, 0x00, 0x00, 0x00, 0x00, 0x01, 0xBF,
    0x99, 0x00, 0xF9, 0x02, 0xC0, 0x3D, 0x00, 0x00, 0x0F, 0x80, 0x00, 0x01, 0xF0, 0x00, 0x00, 0x3E,
    0x00, 0x00, 0x03, 0xD0, 0x00, 0x00, 0x3C, 0x03, 0xFF, 0x83, 0xC0, 0x03, 0xD0, 0x3D, 0x00, 0x7C,
    0x01, 0xF4, 0x1F, 0xC0, 0x02, 0xFE, 0x00, 0x00, 0x00, 0x00, 0x00, 0x08, 0x06, 0x00, 0x3F, 0x80,
    0x00, 0x00, 0x00, 0xBE, 0x40, 0x3D, 0x2D, 0x0B, 0x82, 0xD0, 0xF0, 0x3C, 0x0F, 0x03, 0xC0, 0xE0,
    0x78, 0x0F, 0x0F, 0x40, 0x3F, 0xF0, 0x00, 0x0F, 0x00, 0x01, 0xE0, 0x2C, 0x7C, 0x02, 0xFE, 0x00,
    0x00, 0x00, 0xB4, 0x00, 0x00, 0x0F, 0x00, 0x00, 0x00, 0x00, 0x00, 0x01, 0xBF, 0x89, 0x00, 0xF8,
    0x0B, 0xC0, 0x3D, 0x00, 0x3C, 0x0F, 0x80, 0x02, 0x81, 0xF0, 0x00, 0x10, 0x3E, 0x00, 0x00, 0x03,
    0xD0, 0x00, 0x00, 0x3C, 0x03, 0xFF, 0x83, 0xC0, 0x03, 0xD0, 0x3D, 0x00, 0x7C, 0x01, 0xF4, 0x1F,
    0xC0, 0x02, 0xFE, 0x00, 0x00, 0x00, 0x0B, 0x00, 0x00, 0xF0, 0x00, 0x00, 0x00, 0x00, 0x00, 0x00,
    0xBE, 0x40, 0x3D, 0x2D, 0x0B, 0x82, 0xD0, 0xF0, 0x3C, 0x0F, 0x03, 0xC0, 0xE0, 0x78, 0x0F, 0x0F,
    0x40, 0x3F, 0xF0, 0x00, 0x0F, 0x00, 0x01, 0xE0, 0x2C, 0x7C, 0x02, 0xFE, 0x00, 0x00, 0x00, 0x00,
    0x00, 0x00, 0x00, 0x0F, 0x40, 0x00, 0x00, 0x1D, 0x70, 0x00, 0x00, 0x00, 0x00, 0x00, 0x03, 0xFF,
    0x8F, 0xFF, 0x00, 0x2F, 0x00, 0x7C, 0x00, 0x0F, 0x40, 0x2E, 0x00, 0x03, 0xC0, 0x0F, 0x40, 0x01,
    0xF0, 0x03, 0xC0, 0x00, 0xBF, 0xFF, 0xF0, 0x00, 0x3D, 0x00, 0xB8, 0x00, 0x0F, 0x00, 0x3D, 0x00,
    0x07, 0xC0, 0x0F, 0x00, 0x02, 0xE0, 0x07, 0xC0, 0x00, 0xF4, 0x02, 0xE0, 0x03, 0xFF, 0xCB, 0xFF,
    0x00, 0x00, 0x00, 0x00, 0x00, 0xF0, 0x00, 0x36, 0xC0, 0x08, 0x08, 0x0F, 0x80, 0x00, 0x78, 0x00,
    0x0B, 0x40, 0x00, 0xF0, 0x00, 0x0F, 0xBD, 0x01, 0xF4, 0xB0, 0x2D, 0x0B, 0x03, 0xC0, 0xF0, 0x3C,
    0x0E, 0x07, 0x82, 0xC0, 0xB4, 0x2C, 0x9B, 0x00, 0xF4, 0x03, 0xFF, 0xD0, 0x00, 0x00, 0x03, 0xFF,
    0xC0, 0x0B, 0xC0, 0x00, 0xF8, 0x00, 0x0F, 0x40, 0x01, 0xF0, 0x00, 0x2F, 0x00, 0x03, 0xE0, 0x00,
    0x3D, 0x00, 0x07, 0xC0, 0x00, 0xBC, 0x00, 0x0F, 0x80, 0x0F, 0xFF, 0x00, 0x2F, 0xFE, 0x00, 0x00,
    0x00, 0x00, 0x1F, 0x00, 0x23, 0x80, 0x07, 0x40, 0x0F, 0x00, 0x0E, 0x00, 0x2C, 0x00, 0x2C, 0x90,
    0x0F, 0x40, 0x00, 0x1E, 0x00, 0x07, 0x40, 0x00, 0x00, 0x0F, 0xFF, 0x00, 0xBC, 0x00, 0x3E, 0x00,
    0x0F, 0x40, 0x07, 0xC0, 0x02, 0xF0, 0x00, 0xF8, 0x00, 0x3D, 0x00, 0x1F, 0x00, 0x0B, 0xC0, 0x03,
    0xE0, 0x0F, 0xFF, 0x00, 0x1F, 0x02, 0x38, 0x07, 0x40, 0xF0, 0x0E, 0x02, 0xC0, 0x2C, 0x90, 0xF4,
    0x00, 0x00, 0x00, 0x00, 0x01, 0xF0, 0x00, 0x0B, 0x5C, 0x00, 0x04, 0x00, 0x00, 0x3F, 0xF8, 0x00,
    0x03, 0xC0, 0x00, 0x07, 0xC0, 0x00, 0x0B, 0x80, 0x00, 0x0F, 0x40, 0x00, 0x0F, 0x00, 0x00, 0x1F,
    0x00, 0x00, 0x2E, 0x00, 0x00, 0x3D, 0x00, 0x78, 0x7C, 0x00, 0xB4, 0xF4, 0x00, 0x3F, 0xD0, 0x00,
    0x00, 0x00, 0x00, 0x00, 0x78, 0x00, 0x2D, 0xD0, 0x06, 0x06, 0x00, 0xF8, 0x00, 0x21, 0xD0, 0x00,
    0x2D, 0x00, 0x03, 0xC0, 0x00, 0x3C, 0x00, 0x07, 0x80, 0x00, 0xB4, 0x00, 0x0F, 0x00, 0x00, 0xF0,
    0x00, 0x1E, 0x00, 0x77, 0xC0, 0x03, 0xE0, 0x00, 0x00, 0x1F, 0x00, 0x02, 0xE4, 0x00, 0x00, 0x00,
    0x00, 0xFF, 0xF0, 0x00, 0xBC, 0x00, 0x03, 0xE0, 0x00, 0x0F, 0x40, 0x00, 0x7C, 0x00, 0x02, 0xF0,
    0x00, 0x0F, 0x40, 0x00, 0x3C, 0x01, 0x41, 0xF0, 0x0D, 0x0B, 0x80, 0x70, 0x3E, 0x0B, 0x8F, 0xFF,
    0xFC, 0x00, 0x00, 0x00, 0x00, 0x2E, 0x00, 0xF8, 0x00, 0x00, 0x0F, 0x80, 0x07, 0x80, 0x0B, 0x40,
    0x0F, 0x00, 0x0F, 0x00, 0x1E, 0x00, 0x2D, 0x00, 0x3C, 0x00, 0x3C, 0x00, 0x78, 0x00, 0x76, 0x40,
    0x2E, 0x00, 0x00, 0x00, 0x3C, 0x00, 0x00, 0x7C, 0x03, 0xFF, 0xD8, 0x00, 0xBC, 0x20, 0x00, 0xF8,
    0x40, 0x00, 0xF4, 0x00, 0x01, 0xF0, 0x00, 0x02, 0xF0, 0x00, 0x03, 0xD0, 0x00, 0x03, 0xC0, 0x14,
    0x07, 0xC0, 0x34, 0x0B, 0x80, 0x70, 0x0F, 0x82, 0xE0, 0xFF, 0xFF, 0xC0, 0x00, 0x00, 0x03, 0xE7,
    0xC0, 0x79, 0xF0, 0x2D, 0x14, 0x0F, 0x14, 0x03, 0xC0, 0x01, 0xE0, 0x00, 0xB4, 0x00, 0x3C, 0x00,
    0x0F, 0x00, 0x07, 0x80, 0x01, 0xD9, 0x00, 0x2E, 0x00, 0x00, 0x03, 0xFF, 0xC0, 0x02, 0xF0, 0x00,
    0x0F, 0x84, 0x00, 0x3D, 0xA0, 0x01, 0xFD, 0x00, 0x0B, 0xC0, 0x00, 0x7D, 0x00, 0x0A, 0xF4, 0x05,
    0x07, 0xC0, 0x34, 0x2F, 0x01, 0xC0, 0xF8, 0x2E, 0x3F, 0xFF, 0xF0, 0x0F, 0xC0, 0x3C, 0x07, 0x80,
    0xB4, 0x0F, 0xD0, 0xF0, 0x3E, 0x02, 0xD0, 0x3C, 0x03, 0xC0, 0x39, 0x82, 0xF0, 0x00, 0x00, 0x1F,
    0x00, 0x00, 0x00, 0x2E, 0x40, 0x00, 0x00, 0x00, 0x00, 0x00, 0x0F, 0xF0, 0x0B, 0xFC, 0x00, 0xBE,
    0x00, 0x30, 0x00, 0x3B, 0xC0, 0x18, 0x00, 0x0C, 0xF8, 0x09, 0x00, 0x07, 0x1F, 0x03, 0x00, 0x02,
    0x83, 0xE0, 0xC0, 0x00, 0xD0, 0x7C, 0x60, 0x00, 0x30, 0x0F, 0xA4, 0x00, 0x1C, 0x01, 0xFC, 0x00,
    0x0A, 0x00, 0x3F, 0x00, 0x03, 0x40, 0x03, 0x80, 0x0F, 0xF8, 0x00, 0x90, 0x00, 0x00, 0x02, 0xC0,
    0x00, 0x64, 0x00, 0x00, 0x00, 0x00, 0x00, 0x00, 0x2E, 0x2F, 0x41, 0xDF, 0x4B, 0x09, 0xB4, 0x2C,
    0x03, 0xC0, 0xF0, 0x0F, 0x03, 0x80, 0x78, 0x2C, 0x02, 0xD0, 0xB2, 0x4B, 0x00, 0xF8, 0x00, 0x00,
    0xBE, 0x40, 0x00, 0x00, 0x00, 0x00, 0x00, 0x3F, 0xC0, 0x2F, 0xF0, 0x02, 0xF8, 0x00, 0xC0, 0x00,
    0xEF, 0x00, 0x60, 0x00, 0x33, 0xE0, 0x24, 0x00, 0x1C, 0x7C, 0x0C, 0x00, 0x0A, 0x0F, 0x83, 0x00,
    0x03, 0x41, 0xF1, 0x80, 0x00, 0xC0, 0x3E, 0x90, 0x00, 0x70, 0x07, 0xF0, 0x00, 0x28, 0x00, 0xFC,
    0x00, 0x0D, 0x00, 0x0E, 0x00, 0x3F, 0xE0, 0x02, 0x40, 0x00, 0x00, 0x00, 0x00, 0x03, 0x47, 0x00,
    0x07, 0xF0, 0x00, 0x0A, 0x00, 0x2E, 0x2F, 0x41, 0xDF, 0x4B, 0x09, 0xB4, 0x2C, 0x03, 0xC0, 0xF0,
    0x0F, 0x03, 0x80, 0x78, 0x2C, 0x02, 0xD0, 0xB2, 0x4B, 0x00, 0xF8, 0x00, 0x01, 0xE7, 0x80, 0x03,
    0xEF, 0x90, 0x00, 0x00, 0x00, 0x00, 0x7F, 0xE0, 0x00, 0xF4, 0x1F, 0x00, 0xF0, 0x02, 0xD0, 0xF4,
    0x00, 0xB8, 0x7C, 0x00, 0x2E, 0x3E, 0x00, 0x0F, 0x8F, 0x40, 0x03, 0xD7, 0xC0, 0x02, 0xF0, 0xF0,
    0x00, 0xF4, 0x3C, 0x00, 0xB8, 0x07, 0xC0, 0xB8, 0x00, 0x6F, 0xE0, 0x00, 0x00, 0x00, 0x00, 0x00,
    0x79, 0xE0, 0x0A, 0x28, 0x00, 0x00, 0x00, 0x00, 0x00, 0x00, 0x07, 0xF8, 0x00, 0xB4, 0x38, 0x07,
    0x80, 0xF0, 0x3C, 0x03, 0xC0, 0xF0, 0x0F, 0x03, 0x80, 0xB4, 0x0F, 0x0B, 0x80, 0x0B, 0xF4, 0x00,
    0x00, 0x2F, 0xFF, 0xFF, 0xC0, 0x2E, 0x03, 0xD0, 0x2C, 0x0F, 0x80, 0x3C, 0x00, 0xC2, 0xE0, 0x03,
    0xC0, 0x0C, 0x3C, 0x00, 0x78, 0x1C, 0x0B, 0xC0, 0x0B, 0xFF, 0x80, 0xF8, 0x00, 0xF0, 0x34, 0x0F,
    0x40, 0x0F, 0x03, 0x00, 0xF4, 0x01, 0xE0, 0x02, 0x4B, 0x80, 0x2D, 0x00, 0x70, 0x3D, 0x07, 0xC0,
    0x1D, 0x00, 0xBF, 0xFF, 0xFF, 0xC0, 0x01, 0xFC, 0x2F, 0x40, 0xB4, 0xFD, 0x1C, 0x2E, 0x0B, 0x42,
    0xC3, 0xC0, 0xFF, 0xE0, 0x3C, 0x0E, 0x00, 0x03, 0x82, 0xE0, 0x00, 0x3C, 0x7B, 0x07, 0x40, 0xFD,
    0x2F, 0x80, 0x00, 0x00, 0x1E, 0x00, 0x00, 0x0F, 0xD0, 0x00, 0x00, 0x00, 0x00, 0x3F, 0xFF, 0xE0,
    0x00, 0xB8, 0x0B, 0x80, 0x0F, 0x40, 0x7C, 0x00, 0xF0, 0x0B, 0x80, 0x1F, 0x02, 0xF0, 0x02, 0xFF,
    0xF4, 0x00, 0x3D, 0x0B, 0x80, 0x03, 0xC0, 0x7C, 0x00, 0x7C, 0x0B, 0xC0, 0x0B, 0x80, 0xB8, 0x00,
    0xF4, 0x0F, 0x8D, 0xFF, 0xF0, 0x2F, 0x40, 0x00, 0x0A, 0x00, 0x28, 0x00, 0x00, 0x00, 0x00, 0x00,
    0x2E, 0x3F, 0x19, 0xF5, 0xD4, 0xB4, 0x00, 0x3C, 0x00, 0x0F, 0x00, 0x07, 0x80, 0x02, 0xD0, 0x00,
    0xB0, 0x00, 0x00, 0x02, 0xF9, 0x00, 0x00, 0x00, 0x00, 0x03, 0xFF, 0xFE, 0x00, 0x0B, 0x80, 0xB8,
    0x00, 0xF4, 0x07, 0xC0, 0x0F, 0x00, 0xB8, 0x01, 0xF0, 0x2F, 0x00, 0x2F, 0xFF, 0x40, 0x03, 0xD0,
    0xB8, 0x00, 0x3C, 0x07, 0xC0, 0x07, 0xC0, 0xBC, 0x00, 0xB8, 0x0B, 0x80, 0x0F, 0x40, 0xF8, 0xDF,
    0xFF, 0x02, 0xF4, 0x00, 0x00, 0x01, 0x82, 0x80, 0x2F, 0x80, 0x03, 0x40, 0x2E, 0x3F, 0x19, 0xF5,
    0xD4, 0xB4, 0x00, 0x3C, 0x00, 0x0F, 0x00, 0x07, 0x80, 0x02, 0xD0, 0x00, 0xB0, 0x00, 0x00, 0x01,
    0xD0, 0x00, 0x3F, 0x40, 0x00, 0x00, 0x00, 0x0B, 0xE2, 0x01, 0xD0, 0xB8, 0x0E, 0x00, 0xD0, 0x74,
    0x03, 0x01, 0xF8, 0x00, 0x03, 0xFF, 0x40, 0x02, 0xFF, 0x00, 0x00, 0x3D, 0x09, 0x00, 0x74, 0x34,
    0x02, 0xC0, 0xF4, 0x2D, 0x05, 0x3F, 0x80, 0x00, 0x00, 0x1E, 0x00, 0xA0, 0x00, 0x00, 0x00, 0x00,
    0x02, 0xF8, 0x0D, 0x1C, 0x0D, 0x00, 0x0F, 0xF0, 0x02, 0xFC, 0x74, 0x2C, 0xB0, 0x34, 0x2F, 0xD0,
    0x00, 0x00, 0x00, 0x00, 0x2E, 0x00, 0x03, 0x8E, 0x00, 0x00, 0x00, 0x00, 0x2F, 0x88, 0x07, 0x42,
    0xE0, 0x38, 0x03, 0x41, 0xD0, 0x0C, 0x07, 0xE0, 0x00, 0x0F, 0xFD, 0x00, 0x0B, 0xFC, 0x00, 0x00,
    0xF4, 0x24, 0x01, 0xD0, 0xD0, 0x0B, 0x03, 0xD0, 0xB4, 0x14, 0xFE, 0x00, 0x00, 0x00, 0x00, 0x78,
    0x02, 0xDD, 0x06, 0x06, 0x02, 0xF8, 0x0E, 0x1C, 0x0C, 0x00, 0x0E, 0x00, 0x02, 0xF8, 0x74, 0x28,
    0xB0, 0x34, 0x2F, 0xD0, 0x00, 0x2F, 0x88, 0x07, 0x42, 0xE0, 0x38, 0x03, 0x41, 0xD0, 0x0C, 0x07,
    0xD0, 0x00, 0x0F, 0xFD, 0x00, 0x1F, 0xFC, 0x00, 0x01, 0xF4, 0x24, 0x01, 0xD0, 0xD0, 0x0B, 0x03,
    0xC0, 0x74, 0x19, 0xFF, 0x00, 0x00, 0xF4, 0x00, 0x00, 0xF0, 0x00, 0xFE, 0x00, 0x00, 0x02, 0xF8,
    0x0E, 0x1C, 0x0D, 0x00, 0x0F, 0xE0, 0x02, 0xF8, 0x34, 0x2C, 0x70, 0x24, 0x2F, 0x40, 0x0B, 0x80,
    0x03, 0xC0, 0xFE, 0x40, 0x00, 0x0B, 0xE4, 0x00, 0x00, 0x00, 0x02, 0xF8, 0x80, 0x74, 0x2E, 0x03,
    0x80, 0x34, 0x1D, 0x00, 0xC0, 0x7E, 0x00, 0x00, 0xFF, 0xD0, 0x00, 0xBF, 0xC0, 0x00, 0x0F, 0x42,
    0x40, 0x1D, 0x0D, 0x00, 0xB0, 0x3D, 0x0B, 0x41, 0x4F, 0xE0, 0x00, 0x00, 0x00, 0x00, 0x91, 0x90,
    0x0F, 0xC0, 0x01, 0x80, 0x02, 0xF8, 0x03, 0x87, 0x00, 0xD0, 0x00, 0x3F, 0x80, 0x01, 0xB8, 0x1D,
    0x0A, 0x0B, 0x03, 0x40, 0xBF, 0x40, 0x3F, 0xFF, 0xFE, 0x38, 0x3D, 0x0E, 0x60, 0x3C, 0x09, 0xC0,
    0x7C, 0x09, 0x00, 0xB8, 0x00, 0x00, 0xF4, 0x00, 0x00, 0xF0, 0x00, 0x01, 0xF0, 0x00, 0x02, 0xE0,
    0x00, 0x03, 0xD0, 0x00, 0x03, 0xD0, 0x00, 0xFF, 0xFE, 0x00, 0x03, 0x80, 0x00, 0x01, 0xE0, 0x00,
    0x7F, 0x80, 0x00, 0x00, 0xB0, 0x00, 0xF0, 0x01, 0xE0, 0x1F, 0xFC, 0x03, 0xC0, 0x03, 0x80, 0x07,
    0x80, 0x0B, 0x40, 0x0F, 0x0C, 0x0F, 0x14, 0x07, 0x80, 0x03, 0xE0, 0x00, 0xF0, 0x3F, 0x90, 0x00,
    0x1F, 0x90, 0x00, 0x00, 0x00, 0x3F, 0xFF, 0xFE, 0x38, 0x3D, 0x0E, 0x60, 0x3C, 0x09, 0xC0, 0x7C,
    0x09, 0x00, 0xB8, 0x00, 0x00, 0xF4, 0x00, 0x00, 0xF0, 0x00, 0x01, 0xF0, 0x00, 0x02, 0xE0, 0x00,
    0x03, 0xD0, 0x00, 0x03, 0xD0, 0x00, 0xFF, 0xFD, 0x00, 0x00, 0x0F, 0x00, 0xB7, 0xC0, 0x3C, 0x60,
    0x1E, 0xA0, 0x7F, 0xF0, 0x03, 0xC0, 0x00, 0xE0, 0x00, 0x78, 0x00, 0x2D, 0x00, 0x0F, 0x00, 0x03,
    0xC5, 0x00, 0x7D, 0x00, 0x00, 0xFF, 0xFF, 0x00, 0x00, 0x00, 0x00, 0x00, 0x00, 0x00, 0x03, 0xFF,
    0x83, 0xFE, 0x0B, 0xC0, 0x07, 0x00, 0xF8, 0x00, 0x90, 0x0F, 0x40, 0x0C, 0x01, 0xF0, 0x00, 0xC0,
    0x2F, 0x00, 0x18, 0x03, 0xE0, 0x02, 0x40, 0x3D, 0x00, 0x30, 0x07, 0xC0, 0x03, 0x00, 0x3C, 0x00,
    0xD0, 0x03, 0xD0, 0x78, 0x00, 0x07, 0xF9, 0x00, 0x00, 0x01, 0xFF, 0xF0, 0x00, 0x00, 0x00, 0x00,
    0x00, 0x07, 0xC0, 0x00, 0x33, 0x82, 0xC2, 0x5D, 0x0F, 0x00, 0xB0, 0x74, 0x03, 0x82, 0xC0, 0x0E,
    0x0F, 0x00, 0x38, 0x7C, 0xC0, 0x7D, 0x7D, 0x00, 0x00, 0x20, 0x08, 0x00, 0x00, 0xFE, 0x00, 0x00,
    0x00, 0x00, 0x03, 0xFF, 0x83, 0xFE, 0x0B, 0xC0, 0x07, 0x00, 0xF8, 0x00, 0x90, 0x0F, 0x40, 0x0C,
    0x01, 0xF0, 0x00, 0xC0, 0x2F, 0x00, 0x18, 0x03, 0xE0, 0x02, 0x40, 0x3D, 0x00, 0x30, 0x07, 0xC0,
    0x03, 0x00, 0x3C, 0x00, 0xD0, 0x03, 0xD0, 0x78, 0x00, 0x07, 0xF9, 0x00, 0x00, 0x00, 0x80, 0x60,
    0x01, 0xFE, 0x00, 0x00, 0x00, 0x07, 0xC0, 0x00, 0x33, 0x82, 0xC2, 0x5D, 0x0F, 0x00, 0xB0, 0x74,
    0x03, 0x82, 0xC0, 0x0E, 0x0F, 0x00, 0x38, 0x7C, 0xC0, 0x7D, 0x7D, 0x00, 0x00, 0x01, 0xF0, 0x00,
    0x00, 0x31, 0x80, 0x00, 0x06, 0x24, 0x00, 0x00, 0x3E, 0x00, 0x3F, 0xF8, 0x3F, 0xE0, 0xBC, 0x00,
    0x70, 0x0F, 0x80, 0x09, 0x00, 0xF4, 0x00, 0xC0, 0x1F, 0x00, 0x0C, 0x02, 0xF0, 0x01, 0x80, 0x3E,
    0x00, 0x24, 0x03, 0xD0, 0x03, 0x00, 0x7C, 0x00, 0x30, 0x03, 0xC0, 0x0D, 0x00, 0x3D, 0x07, 0x80,
    0x00, 0x7F, 0x90, 0x00, 0x00, 0x1F, 0x40, 0x00, 0xC6, 0x00, 0x06, 0x18, 0x00, 0x0F, 0x80, 0x1F,
    0x00, 0x00, 0xCE, 0x0B, 0x09, 0x74, 0x3C, 0x02, 0xC1, 0xD0, 0x0E, 0x0B, 0x00, 0x74, 0x3C, 0x00,
    0xE1, 0xF3, 0x01, 0xF5, 0xF4, 0x00, 0x06, 0xCB, 0x00, 0x02, 0xEE, 0x40, 0x3F, 0xF8, 0x3F, 0xE0,
    0xBC, 0x00, 0x70, 0x0F, 0x80, 0x09, 0x00, 0xF4, 0x00, 0xC0, 0x1F, 0x00, 0x0C, 0x02, 0xF0, 0x01,
    0x80, 0x3E, 0x00, 0x24, 0x03, 0xD0, 0x03, 0x00, 0x7C, 0x00, 0x30, 0x03, 0xC0, 0x0D, 0x00, 0x3D,
    0x07, 0x80, 0x00, 0x7F, 0x90, 0x00, 0x00, 0x00, 0x00, 0x00, 0x1E, 0x28, 0x00, 0xA2, 0x80, 0x00,
    0x00, 0x00, 0x00, 0x00, 0x00, 0x1F, 0x00, 0x00, 0x33, 0x82, 0xC0, 0x97, 0x43, 0xC0, 0x0F, 0x07,
    0x40, 0x0F, 0x0B, 0x00, 0x0E, 0x0F, 0x00, 0x0E, 0x2F, 0x30, 0x07, 0xE7, 0xD0, 0x00, 0x2C, 0x78,
    0x00, 0x03, 0xC7, 0x40, 0x00, 0x00, 0x00, 0x07, 0xFF, 0x02, 0xFE, 0x0B, 0xC0, 0x0E, 0x00, 0x7D,
    0x02, 0x80, 0x03, 0xE0, 0x70, 0x00, 0x2F, 0x1C, 0x00, 0x01, 0xFB, 0x00, 0x00, 0x0F, 0xD0, 0x00,
    0x00, 0xB8, 0x00, 0x00, 0x0F, 0x40, 0x00, 0x00, 0xF0, 0x00, 0x00, 0x1F, 0x00, 0x00, 0x1F, 0xFD,
    0x00, 0x00, 0x00, 0x00, 0x78, 0x00, 0x00, 0xFD, 0x00, 0x00, 0x00, 0x00, 0x03, 0xFF, 0xFC, 0x02,
    0xE0, 0x3E, 0x00, 0xD0, 0x2E, 0x00, 0x30, 0x2F, 0x00, 0x00, 0x1F, 0x00, 0x00, 0x1F, 0x00, 0x00,
    0x0F, 0x40, 0x00, 0x0F, 0x41, 0x80, 0x0F, 0x80, 0x90, 0x0B, 0x80, 0x30, 0x0B, 0xC0, 0x7C, 0x07,
    0xFF, 0xFD, 0x00, 0x00, 0x1E, 0x00, 0x28, 0x00, 0x00, 0x00, 0x00, 0x00, 0x00, 0x00, 0x02, 0xFF,
    0xC1, 0x82, 0xC0, 0x02, 0xC0, 0x02, 0xC0, 0x03, 0xC0, 0x03, 0xC0, 0x02, 0xFF, 0xF4, 0x00, 0x00,
    0xB0, 0x00, 0x00, 0x3C, 0x00, 0x00, 0x00, 0x00, 0x03, 0xFF, 0xFC, 0x02, 0xE0, 0x3E, 0x00, 0xD0,
    0x2E, 0x00, 0x30, 0x2F, 0x00, 0x00, 0x1F, 0x00, 0x00, 0x1F, 0x00, 0x00, 0x0F, 0x40, 0x00, 0x0F,
    0x41, 0x80, 0x0F, 0x80, 0x90, 0x0F, 0x80, 0x30, 0x0B, 0xC0, 0x7C, 0x07, 0xFF, 0xFD, 0x00, 0x00,
    0x2C, 0x00, 0x00, 0x00, 0x00, 0x00, 0x00, 0x00, 0x00, 0x00, 0x02, 0xFF, 0xC1, 0x82, 0xC0, 0x02,
    0xC0, 0x02, 0xC0, 0x03, 0xC0, 0x03, 0xC0, 0x02, 0xFF, 0xF4, 0x00, 0x07, 0xE4, 0x00, 0x00, 0x00,
    0x00, 0x0F, 0xFF, 0xF0, 0x0B, 0x80, 0xF8, 0x03, 0x40, 0xB8, 0x00, 0xC0, 0xBC, 0x00, 0x00, 0x7C,
    0x00, 0x00, 0x7C, 0x00, 0x00, 0x3D, 0x00, 0x00, 0x3D, 0x06, 0x00, 0x3E, 0x02, 0x40, 0x3E, 0x00,
    0xC0, 0x2F, 0x01, 0xF0, 0x1F, 0xFF, 0xF4, 0x00, 0x00, 0x00, 0x00, 0x60, 0x90, 0x0B, 0xD0, 0x00,
    0xC0, 0x00, 0x00, 0x02, 0xFF, 0xC1, 0x82, 0xC0, 0x02, 0xC0, 0x02, 0xC0, 0x03, 0xC0, 0x03, 0x80,
    0x02, 0xFF, 0xF4, 0x00, 0x00, 0x00, 0x00, 0x00, 0xB8, 0x00, 0x00, 0x1F, 0x80, 0x00, 0x00, 0x00,
    0x03, 0xFF, 0xFF, 0x80, 0x2F, 0x00, 0xE0, 0x0F, 0x40, 0x24, 0x03, 0xC0, 0x09, 0x01, 0xF0, 0x80,
    0x00, 0xBF, 0xF0, 0x00, 0x3D, 0x28, 0x00, 0x0F, 0x05, 0x08, 0x07, 0xC0, 0x09, 0x02, 0xE0, 0x03,
    0x00, 0xF8, 0x07, 0x83, 0xFF, 0xFF, 0xD0, 0x00, 0x0B, 0x4F, 0x00, 0x02, 0xD7, 0x80, 0x00, 0x00,
    0x00, 0x0F, 0xFF, 0xFE, 0x00, 0xBC, 0x03, 0x80, 0x3D, 0x00, 0x90, 0x0F, 0x00, 0x24, 0x07, 0xC2,
    0x00, 0x02, 0xFF, 0xC0, 0x00, 0xF4, 0xA0, 0x00, 0x3C, 0x14, 0x20, 0x1F, 0x00, 0x24, 0x0B, 0x80,
    0x0C, 0x03, 0xE0, 0x1E, 0x0F, 0xFF, 0xFF, 0x40, 0x2F, 0xFF, 0xFF, 0x03, 0x83, 0xE0, 0xA0, 0x70,
    0x3D, 0x06, 0x09, 0x07, 0xC0, 0x00, 0x40, 0xBC, 0xBF, 0x80, 0x0F, 0xF4, 0x2D, 0x00, 0xF8, 0x02,
    0xD0, 0x1F, 0x00, 0x3C, 0x02, 0xF0, 0x03, 0xC0, 0x3E, 0x2C, 0xB8, 0x03, 0xC3, 0xDF, 0x0F, 0xFF,
    0x2F, 0x80, 0x00, 0x00, 0x00, 0x00, 0x00, 0x3C, 0x00, 0x02, 0xF8, 0x00, 0x00, 0x00, 0x03, 0xFF,
    0xFF, 0x00, 0xBC, 0x0B, 0x00, 0xF8, 0x06, 0x00, 0xF4, 0x06, 0x01, 0xF0, 0x00, 0x02, 0xF0, 0x00,
    0x03, 0xE0, 0x00, 0x03, 0xD0, 0x00, 0x07, 0xC0, 0x00, 0x0B, 0x80, 0x00, 0x0F, 0x80, 0x00, 0xFF,
    0xF4, 0x00, 0x00, 0x1B, 0xF8, 0x90, 0x0F, 0x80, 0x7C, 0x03, 0xD0, 0x02, 0xC0, 0xF4, 0x00, 0x18,
    0x2F, 0x00, 0x00, 0x03, 0xFF, 0xD1, 0x40, 0x3D, 0x1F, 0x80, 0x07, 0xC0, 0x00, 0x00, 0x3C, 0x00,
    0x08, 0x03, 0xE0, 0x01, 0xC0, 0x0F, 0x40, 0xB0, 0x00, 0x2F, 0xE4, 0x00, 0x00, 0x2F, 0x88, 0x07,
    0x42, 0xE0, 0x38, 0x03, 0x41, 0xD0, 0x0C, 0x07, 0xE0, 0x00, 0x0F, 0xFD, 0x00, 0x0B, 0xFC, 0x00,
    0x00, 0xF4, 0x24, 0x01, 0xD0, 0xD0, 0x0B, 0x03, 0xD0, 0xB4, 0x14, 0xFE, 0x00, 0x03, 0xFF, 0xC0,
    0x2F, 0x00, 0x0F, 0x80, 0x03, 0xD0, 0x01, 0xF0, 0x00, 0xBC, 0x00, 0x3E, 0x00, 0x0F, 0x40, 0x07,
    0xC0, 0x02, 0xF0, 0x00, 0xF8, 0x03, 0xFF, 0xC0, 0x00, 0xF2, 0xD0, 0x1E, 0x3C, 0x00, 0x00, 0x00,
    0x3F, 0xFC, 0x00, 0xBC, 0x00, 0x0F, 0x80, 0x00, 0xF4, 0x00, 0x1F, 0x00, 0x02, 0xF0, 0x00, 0x3E,
    0x00, 0x03, 0xD0, 0x00, 0x7C, 0x00, 0x0B, 0xC0, 0x00, 0xF8, 0x00, 0xFF, 0xF0, 0x00, 0x00, 0x00,
    0x00, 0x00, 0xFF, 0xE0, 0x00, 0x3C, 0x00, 0x01, 0xF0, 0x00, 0x0B, 0x80, 0x00, 0x3D, 0x00, 0x00,
    0xF0, 0x00, 0x07, 0xC0, 0x00, 0x2E, 0x00, 0x00, 0xF4, 0x07, 0x87, 0xC0, 0x2D, 0x3D, 0x00, 0x3F,
    0xD0, 0x00, 0x00, 0x2F, 0xFF, 0xFF, 0x00, 0x00, 0x0C, 0x07, 0xC0, 0x00, 0x00, 0x60, 0x2E, 0x00,
    0x00, 0x02, 0x40, 0xF4, 0x00, 0x00, 0x0C, 0x03, 0xC0, 0x00, 0x00, 0x20, 0x1F, 0xBF, 0x80, 0x02,
    0x40, 0xB8, 0x0F, 0x80, 0x0C, 0x03, 0xD0, 0x2F, 0x00, 0x70, 0x0F, 0x00, 0xF8, 0xF3, 0x40, 0x7C,
    0x03, 0xDB, 0xA8, 0x02, 0xE0, 0x3E, 0x0F, 0x80, 0xBF, 0xFF, 0xD0, 0x00, 0x00, 0x00, 0x00, 0x00,
    0x0F, 0xFE, 0x3F, 0xFC, 0x00, 0x0B, 0xC0, 0x1F, 0x00, 0x00, 0x3D, 0x00, 0xB8, 0x00, 0x00, 0xF0,
    0x03, 0xD0, 0x00, 0x07, 0xC0, 0x0F, 0x00, 0x00, 0x2F, 0xFF, 0xFF, 0xFE, 0x00, 0xF4, 0x02, 0xE0,
    0x3E, 0x03, 0xC0, 0x0F, 0x40, 0xBC, 0x1F, 0x00, 0x3C, 0x03, 0xE0, 0xB8, 0x01, 0xF0, 0x0F, 0x03,
    0xD0, 0x0B, 0x80, 0xF8, 0xFF, 0xF2, 0xFF, 0xFF, 0x40, 0x2F, 0xFF, 0xFD, 0x38, 0xBC, 0x0C, 0x60,
    0xF8, 0x0C, 0x90, 0xF4, 0x00, 0x01, 0xF2, 0xF8, 0x02, 0xF9, 0x2C, 0x03, 0xF0, 0x2C, 0x03, 0xD0,
    0x3C, 0x07, 0xC0, 0x38, 0x0B, 0xC0, 0x74, 0x0F, 0x80, 0xB0, 0xFF, 0xE3, 0xFC, 0x00, 0x00, 0x07,
    0x80, 0x00, 0x00, 0x3E, 0x00, 0x00, 0x00, 0x00, 0x00, 0x03, 0xFF, 0x83, 0xFD, 0x00, 0xBC, 0x01,
    0xD0, 0x00, 0xF8, 0x07, 0x00, 0x00, 0xF4, 0x28, 0x00, 0x01, 0xF0, 0xD0, 0x00, 0x02, 0xF7, 0xD0,
    0x00, 0x03, 0xFA, 0xE0, 0x00, 0x03, 0xD1, 0xF0, 0x00, 0x07, 0xC0, 0xF8, 0x00, 0x0B, 0xC0, 0x7C,
    0x00, 0x0F, 0x80, 0x3E, 0x00, 0xFF, 0xF0, 0xFF, 0xC0, 0x00, 0x00, 0x00, 0x00, 0x00, 0x00, 0xB8,
    0x00, 0x00, 0x00, 0x7E, 0x00, 0x00, 0x00, 0x00, 0x00, 0x03, 0xFF, 0x8F, 0xFF, 0x00, 0xBC, 0x02,
    0xF0, 0x00, 0xF8, 0x0B, 0xE0, 0x00, 0xF4, 0x1F, 0xD0, 0x01, 0xF0, 0x33, 0xC0, 0x02, 0xF0, 0xC7,
    0xC0, 0x03, 0xE3, 0x4B, 0x80, 0x03, 0xD9, 0x0F, 0x40, 0x07, 0xE8, 0x0F, 0x00, 0x0B, 0xE0, 0x1F,
    0x00, 0x0F, 0xC0, 0x2E, 0x00, 0xFF, 0xF2, 0xFF, 0xC0, 0x00, 0x0F, 0x00, 0x00, 0x01, 0xE0, 0x50,
    0x00, 0x0B, 0xF8, 0x00, 0x00, 0x00, 0x00, 0x3F, 0xF0, 0x2F, 0xE0, 0xBC, 0x00, 0xB0, 0x03, 0xD0,
    0x0C, 0x00, 0x3E, 0x02, 0x40, 0x01, 0xF0, 0x70, 0x00, 0x0F, 0x4C, 0x00, 0x00, 0xBE, 0x80, 0x00,
    0x07, 0xF0, 0x00, 0x00, 0x3D, 0x00, 0x02, 0xC2, 0x80, 0x00, 0x38, 0xA0, 0x00, 0x02, 0xF4, 0x00,
    0x00, 0x00, 0x00, 0x00, 0x00, 0x03, 0xFF, 0x8F, 0xFF, 0x00, 0xBC, 0x01, 0xF0, 0x00, 0xF8, 0x02,
    0xE0, 0x00, 0xF4, 0x03, 0xD0, 0x01, 0xF0, 0x03, 0xC0, 0x02, 0xF0, 0x07, 0xC0, 0x03, 0xE0, 0x0B,
    0x80, 0x03, 0xD0, 0x0F, 0x40, 0x07, 0xC0, 0x0F, 0x00, 0x0B, 0xC0, 0x1F, 0x00, 0x0F, 0x80, 0x2E,
    0x00, 0xFF, 0xFF, 0xFF, 0xC0, 0x00, 0x1D, 0x00, 0x00, 0x00, 0x1C, 0x00, 0x00, 0x00, 0x24, 0x00,
    0x00, 0x00, 0x00, 0x70, 0x00, 0x00, 0x3C, 0x00, 0x00, 0x2F, 0x00, 0x00, 0x1F, 0xD0, 0x00, 0x0C,
    0xF4, 0x00, 0x0A, 0x3D, 0x00, 0x03, 0x0F, 0x80, 0x03, 0x42, 0xE0, 0x01, 0xFF, 0xFC, 0x00, 0xC0,
    0x1F, 0x00, 0xA0, 0x07, 0xC2, 0xFE, 0x0F, 0xFE, 0x03, 0xFF, 0xFF, 0x80, 0x2E, 0x00, 0xE0, 0x0F,
    0x40, 0x24, 0x03, 0xC0, 0x09, 0x01, 0xF0, 0x00, 0x00, 0xBF, 0xFE, 0x00, 0x3D, 0x02, 0xF0, 0x0F,
    0x00, 0x3C, 0x07, 0xC0, 0x1F, 0x02, 0xE0, 0x0B, 0xC0, 0xF4, 0x0B, 0xC3, 0xFF, 0xFF, 0x80, 0x03,
    0xFF, 0xFE, 0x00, 0x0B, 0x80, 0x7C, 0x00, 0xF4, 0x03, 0xC0, 0x0F, 0x00, 0xB8, 0x01, 0xE0, 0x1F,
    0x00, 0x2F, 0xFF, 0x80, 0x03, 0xD0, 0x1E, 0x00, 0x3C, 0x00, 0xF0, 0x07, 0xC0, 0x0F, 0x00, 0xB8,
    0x02, 0xF0, 0x0F, 0x40, 0x7C, 0x0F, 0xFF, 0xFE, 0x00, 0x03, 0xFF, 0xFF, 0x00, 0xBC, 0x0B, 0x00,
    0xF8, 0x06, 0x00, 0xF4, 0x06, 0x01, 0xF0, 0x00, 0x02, 0xF0, 0x00, 0x03, 0xE0, 0x00, 0x03, 0xD0,
    0x00, 0x07, 0xC0, 0x00, 0x0B, 0x80, 0x00, 0x0F, 0x80, 0x00, 0xFF, 0xF4, 0x00, 0x00, 0x02, 0xFF,
    0xFF, 0xF0, 0x00, 0x03, 0x01, 0xF0, 0x00, 0x00, 0x60, 0x2E, 0x00, 0x00, 0x09, 0x03, 0xD0, 0x00,
    0x00, 0xC0, 0x3C, 0x00, 0x00, 0x18, 0x07, 0xC0, 0x00, 0x03, 0x00, 0xB8, 0x00, 0x00, 0x60, 0x0F,
    0x40, 0x00, 0x0C, 0x00, 0xF0, 0x00, 0x03, 0x40, 0x1F, 0x00, 0x00, 0xD0, 0x02, 0xE0, 0x00, 0xFF,
    0xFF, 0xFF, 0xD0, 0x2D, 0x00, 0x00, 0x1D, 0x03, 0x00, 0x00, 0x00, 0xD0, 0x60, 0x00, 0x00, 0x0C,
    0x00, 0x03, 0xFF, 0xFF, 0x80, 0x2F, 0x00, 0xE0, 0x0F, 0x40, 0x24, 0x03, 0xC0, 0x09, 0x01, 0xF0,
    0x80, 0x00, 0xBF, 0xF0, 0x00, 0x3D, 0x28, 0x00, 0x0F, 0x05, 0x08, 0x07, 0xC0, 0x09, 0x02, 0xE0,
    0x03, 0x00, 0xF8, 0x07, 0x83, 0xFF, 0xFF, 0xD0, 0x02, 0xFE, 0x0F, 0xFF, 0x0B, 0xF8, 0x00, 0xE0,
    0x07, 0xC0, 0x0D, 0x00, 0x00, 0xD0, 0x2E, 0x01, 0xC0, 0x00, 0x00, 0xC0, 0xF4, 0x28, 0x00, 0x00,
    0x01, 0xC3, 0xC3, 0x80, 0x00, 0x00, 0x0F, 0xDF, 0x7E, 0x00, 0x00, 0x00, 0xFA, 0xFE, 0xBC, 0x00,
    0x00, 0x0F, 0x83, 0xE0, 0xF4, 0x00, 0x00, 0xB8, 0x0F, 0x02, 0xF0, 0x00, 0x0B, 0x80, 0x7C, 0x03,
    0xD0, 0x00, 0xBC, 0x02, 0xE0, 0x0F, 0x80, 0x2F, 0xF8, 0xBF, 0xF0, 0xFF, 0xC0, 0x06, 0x7F, 0x90,
    0x3E, 0x03, 0xD0, 0xE0, 0x0F, 0x83, 0x00, 0x3C, 0x00, 0x07, 0xD0, 0x07, 0xF8, 0x00, 0x00, 0x7C,
    0x00, 0x00, 0xF8, 0x00, 0x03, 0xE3, 0x00, 0x1F, 0x0E, 0x01, 0xF4, 0x0B, 0xFE, 0x00, 0x03, 0xFF,
    0x8F, 0xFF, 0x00, 0xBC, 0x02, 0xF0, 0x00, 0xF8, 0x0B, 0xE0, 0x00, 0xF4, 0x1F, 0xD0, 0x01, 0xF0,
    0x33, 0xC0, 0x02, 0xF0, 0xC7, 0xC0, 0x03, 0xE3, 0x4B, 0x80, 0x03, 0xD9, 0x0F, 0x40, 0x07, 0xE8,
    0x0F, 0x00, 0x0B, 0xE0, 0x1F, 0x00, 0x0F, 0xC0, 0x2E, 0x00, 0xFF, 0xF2, 0xFF, 0xC0, 0x00, 0x01,
    0xD0, 0x00, 0x00, 0x02, 0xD0, 0x80, 0x00, 0x01, 0xFF, 0x00, 0x00, 0x00, 0x00, 0x00, 0x03, 0xFF,
    0x8F, 0xFF, 0x00, 0xBC, 0x02, 0xF0, 0x00, 0xF8, 0x0B, 0xE0, 0x00, 0xF4, 0x1F, 0xD0, 0x01, 0xF0,
    0x33, 0xC0, 0x02, 0xF0, 0xC7, 0xC0, 0x03, 0xE3, 0x4B, 0x80, 0x03, 0xD9, 0x0F, 0x40, 0x07, 0xE8,
    0x0F, 0x00, 0x0B, 0xE0, 0x1F, 0x00, 0x0F, 0xC0, 0x2E, 0x00, 0xFF, 0xF2, 0xFF, 0xC0, 0x03, 0xFF,
    0x83, 0xFD, 0x00, 0xBC, 0x01, 0xD0, 0x00, 0xF8, 0x07, 0x00, 0x00, 0xF4, 0x28, 0x00, 0x01, 0xF0,
    0xD0, 0x00, 0x02, 0xF7, 0xD0, 0x00, 0x03, 0xFA, 0xE0, 0x00, 0x03, 0xD1, 0xF0, 0x00, 0x07, 0xC0,
    0xF8, 0x00, 0x0B, 0xC0, 0x7C, 0x00, 0x0F, 0x80, 0x3E, 0x00, 0xFF, 0xF0, 0xFF, 0xC0, 0x00, 0x2F,
    0xFF, 0xFF, 0x00, 0x03, 0x01, 0xF0, 0x00, 0x06, 0x02, 0xE0, 0x00, 0x09, 0x03, 0xD0, 0x00, 0x0C,
    0x03, 0xC0, 0x00, 0x0C, 0x07, 0xC0, 0x00, 0x24, 0x0B, 0x80, 0x00, 0x30, 0x0F, 0x40, 0x00, 0x60,
    0x0F, 0x00, 0x3C, 0xC0, 0x1F, 0x00, 0xBA, 0x80, 0x2E, 0x00, 0x7E, 0x02, 0xFF, 0xC0, 0x00, 0x00,
    0x00, 0x00, 0x03, 0xFC, 0x00, 0x07, 0xFC, 0x02, 0xF4, 0x00, 0x3F, 0x00, 0x0E, 0xE0, 0x03, 0x78,
    0x00, 0x33, 0x80, 0x16, 0xD0, 0x01, 0xCF, 0x00, 0xCF, 0x00, 0x0A, 0x3C, 0x08, 0x3C, 0x00, 0x34,
    0xB0, 0x61, 0xE0, 0x00, 0xC2, 0xD3, 0x0B, 0x40, 0x07, 0x07, 0xA4, 0x3C, 0x00, 0x28, 0x1F, 0x80,
    0xF0, 0x00, 0xD0, 0x3C, 0x07, 0x80, 0x3F, 0xE0, 0xD1, 0xFF, 0xC0, 0x03, 0xFF, 0x8F, 0xFF, 0x00,
    0xBC, 0x01, 0xF0, 0x00, 0xF8, 0x02, 0xE0, 0x00, 0xF0, 0x03, 0xD0, 0x01, 0xF0, 0x03, 0xC0, 0x02,
    0xFF, 0xFF, 0xC0, 0x03, 0xD0, 0x0B, 0x80, 0x03, 0xC0, 0x0F, 0x40, 0x07, 0xC0, 0x0F, 0x00, 0x0B,
    0x80, 0x1F, 0x00, 0x0F, 0x80, 0x2E, 0x00, 0xFF, 0xF2, 0xFF, 0xC0, 0x00, 0x1F, 0xF8, 0x00, 0x3D,
    0x07, 0xC0, 0x3C, 0x00, 0xB4, 0x3D, 0x00, 0x2E, 0x1F, 0x00, 0x0B, 0x8F, 0x80, 0x03, 0xE3, 0xD0,
    0x00, 0xF5, 0xF0, 0x00, 0xBC, 0x3C, 0x00, 0x3D, 0x0F, 0x00, 0x2E, 0x01, 0xF0, 0x2E, 0x00, 0x1B,
    0xF8, 0x00, 0x03, 0xFF, 0xFF, 0xFF, 0x00, 0xBC, 0x01, 0xF0, 0x00, 0xF8, 0x02, 0xE0, 0x00, 0xF4,
    0x03, 0xD0, 0x01, 0xF0, 0x03, 0xC0, 0x02, 0xF0, 0x07, 0xC0, 0x03, 0xE0, 0x0B, 0x80, 0x03, 0xD0,
    0x0F, 0x40, 0x07, 0xC0, 0x0F, 0x00, 0x0B, 0xC0, 0x1F, 0x00, 0x0F, 0x80, 0x2E, 0x00, 0xFF, 0xF2,
    0xFF, 0xC0, 0x03, 0xFF, 0xFE, 0x00, 0x0B, 0x80, 0xB8, 0x00, 0xF4, 0x07, 0xC0, 0x0F, 0x00, 0xBC,
    0x01, 0xF0, 0x0F, 0x80, 0x2E, 0x02, 0xE0, 0x03, 0xFF, 0xF4, 0x00, 0x3D, 0x00, 0x00, 0x07, 0xC0,
    0x00, 0x00, 0xBC, 0x00, 0x00, 0x0F, 0x80, 0x00, 0x0F, 0xFF, 0x00, 0x00, 0x00, 0x00, 0x00, 0x00,
    0x00, 0x1B, 0xF8, 0x90, 0x0F, 0x80, 0xBC, 0x03, 0xD0, 0x03, 0xC0, 0xF4, 0x00, 0x28, 0x2F, 0x00,
    0x01, 0x43, 0xE0, 0x00, 0x00, 0x3D, 0x00, 0x00, 0x03, 0xC0, 0x00, 0x00, 0x3C, 0x00, 0x08, 0x03,
    0xD0, 0x01, 0x80, 0x1F, 0x40, 0xA0, 0x00, 0x2F, 0xE4, 0x00, 0x2F, 0xFF, 0xFF, 0x38, 0x3E, 0x0E,
    0x60, 0x3D, 0x09, 0x90, 0x7C, 0x09, 0x00, 0xBC, 0x00, 0x00, 0xF8, 0x00, 0x00, 0xF4, 0x00, 0x01,
    0xF0, 0x00, 0x02, 0xF0, 0x00, 0x03, 0xE0, 0x00, 0x03, 0xD0, 0x00, 0xFF, 0xFD, 0x00, 0x00, 0x00,
    0x00, 0x03, 0xFF, 0x02, 0xFE, 0x0B, 0xC0, 0x0B, 0x00, 0x3D, 0x00, 0xC0, 0x03, 0xE0, 0x24, 0x00,
    0x1F, 0x07, 0x00, 0x00, 0xF4, 0xC0, 0x00, 0x0B, 0xE8, 0x00, 0x00, 0x7F, 0x00, 0x00, 0x03, 0xD0,
    0x00, 0x2C, 0x28, 0x00, 0x03, 0x8A, 0x00, 0x00, 0x2F, 0x40, 0x00, 0x00, 0x00, 0x1F, 0xFF, 0x00,
    0x00, 0x07, 0x80, 0x00, 0x0A, 0xFF, 0xF4, 0x01, 0xF4, 0xF4, 0xB8, 0x1F, 0x03, 0xC0, 0xF0, 0xF8,
    0x1E, 0x03, 0xC3, 0xD0, 0xB4, 0x2F, 0x0F, 0x03, 0xC0, 0xF4, 0x2F, 0x0F, 0x1F, 0x80, 0x1F, 0xFF,
    0xE0, 0x00, 0x02, 0xD0, 0x00, 0x00, 0xFF, 0xF4, 0x00, 0x03, 0xFF, 0x8F, 0xF8, 0x00, 0xF4, 0x0D,
    0x00, 0x03, 0xF0, 0xD0, 0x00, 0x07, 0xDD, 0x00, 0x00, 0x0F, 0xD0, 0x00, 0x00, 0x2F, 0x00, 0x00,
    0x00, 0xBD, 0x00, 0x00, 0x0A, 0xFC, 0x00, 0x00, 0xA1, 0xF0, 0x00, 0x07, 0x03, 0xE0, 0x00, 0x70,
    0x0B, 0xC0, 0x2F, 0xF0, 0xFF, 0xE0, 0x00, 0x00, 0x00, 0x00, 0x03, 0xFF, 0x8F, 0xFF, 0x00, 0xBC,
    0x01, 0xF0, 0x00, 0xF8, 0x02, 0xE0, 0x00, 0xF4, 0x03, 0xD0, 0x01, 0xF0, 0x03, 0xC0, 0x02, 0xF0,
    0x07, 0xC0, 0x03, 0xE0, 0x0B, 0x80, 0x03, 0xD0, 0x0F, 0x40, 0x07, 0xC0, 0x0F, 0x00, 0x0B, 0xC0,
    0x1F, 0x00, 0x0F, 0x80, 0x2E, 0x00, 0xFF, 0xFF, 0xFF, 0xD0, 0x00, 0x00, 0x01, 0xD0, 0x00, 0x00,
    0x00, 0xD0, 0x00, 0x00, 0x00, 0xC0, 0x3F, 0xF8, 0xFF, 0xF0, 0xBC, 0x01, 0xF0, 0x0F, 0x80, 0x2E,
    0x00, 0xF4, 0x03, 0xD0, 0x1F, 0x00, 0x3C, 0x00, 0xF0, 0x07, 0xC0, 0x03, 0xFE, 0xF8, 0x00, 0x00,
    0x0F, 0x40, 0x00, 0x00, 0xF0, 0x00, 0x00, 0x1F, 0x00, 0x00, 0x02, 0xE0, 0x00, 0x02, 0xFF, 0xC0,
    0x00, 0x00, 0x00, 0x00, 0x00, 0x00, 0x00, 0x00, 0x00, 0x00, 0x0F, 0xFE, 0x3F, 0xF8, 0xFF, 0xE0,
    0x0B, 0xC0, 0x2F, 0x00, 0xB8, 0x00, 0x3E, 0x00, 0xF8, 0x03, 0xD0, 0x00, 0xF4, 0x03, 0xD0, 0x0F,
    0x00, 0x07, 0xC0, 0x1F, 0x00, 0x7C, 0x00, 0x2F, 0x00, 0xB8, 0x02, 0xE0, 0x00, 0xF8, 0x03, 0xD0,
    0x0F, 0x40, 0x03, 0xD0, 0x0F, 0x00, 0x3C, 0x00, 0x1F, 0x00, 0x7C, 0x01, 0xF0, 0x00, 0xBC, 0x02,
    0xE0, 0x0B, 0x80, 0x03, 0xE0, 0x0F, 0x40, 0x3D, 0x00, 0xFF, 0xFF, 0xFF, 0xFF, 0xFF, 0x00, 0x00,
    0x00, 0x00, 0x00, 0x00, 0x00, 0x0F, 0xFE, 0x3F, 0xF8, 0xFF, 0xE0, 0x0B, 0xC0, 0x2F, 0x00, 0xB8,
    0x00, 0x3E, 0x00, 0xF8, 0x03, 0xD0, 0x00, 0xF4, 0x03, 0xD0, 0x0F, 0x00, 0x07, 0xC0, 0x1F, 0x00,
    0x7C, 0x00, 0x2F, 0x00, 0xB8, 0x02, 0xE0, 0x00, 0xF8, 0x03, 0xD0, 0x0F, 0x40, 0x03, 0xD0, 0x0F,
    0x00, 0x3C, 0x00, 0x1F, 0x00, 0x7C, 0x01, 0xF0, 0x00, 0xBC, 0x02, 0xE0, 0x0B, 0x80, 0x03, 0xE0,
    0x0F, 0x40, 0x3D, 0x00, 0xFF, 0xFF, 0xFF, 0xFF, 0xFF, 0x00, 0x00, 0x00, 0x00, 0x00, 0x1C, 0x00,
    0x00, 0x00, 0x00, 0x00, 0x30, 0x00, 0x00, 0x00, 0x00, 0x00, 0xC0, 0x2F, 0xFF, 0x80, 0x03, 0x82,
    0xD0, 0x00, 0x60, 0x3C, 0x00, 0x08, 0x03, 0xC0, 0x00, 0x00, 0x78, 0x00, 0x00, 0x0B, 0xFF, 0xE0,
    0x00, 0xF4, 0x0B, 0xC0, 0x0F, 0x00, 0x7C, 0x01, 0xE0, 0x07, 0xC0, 0x2D, 0x00, 0xF8, 0x03, 0xC0,
    0x2F, 0x03, 0xFF, 0xFF, 0x80, 0x00, 0x00, 0x00, 0x00, 0x00, 0x03, 0xFF, 0x80, 0x1F, 0xFD, 0x00,
    0xB8, 0x00, 0x03, 0xD0, 0x00, 0xF4, 0x00, 0x03, 0xC0, 0x00, 0xF0, 0x00, 0x0B, 0xC0, 0x01, 0xF0,
    0x00, 0x0F, 0x80, 0x02, 0xFF, 0xF8, 0x0F, 0x40, 0x03, 0xD0, 0x2F, 0x1F, 0x00, 0x03, 0xC0, 0x0F,
    0x2F, 0x00, 0x07, 0xC0, 0x1F, 0x3E, 0x00, 0x0B, 0x80, 0x2F, 0x3D, 0x00, 0x0F, 0x40, 0xBC, 0x7C,
    0x00, 0xFF, 0xFF, 0xE7, 0xFF, 0x80, 0x00, 0x00, 0x00, 0x00, 0xFF, 0xE0, 0x00, 0x0B, 0x80, 0x00,
    0x03, 0xD0, 0x00, 0x00, 0xF0, 0x00, 0x00, 0x7C, 0x00, 0x00, 0x2F, 0xFF, 0x80, 0x0F, 0x40, 0xBC,
    0x03, 0xC0, 0x0F, 0x01, 0xF0, 0x07, 0xC0, 0xB8, 0x02, 0xF0, 0x3D, 0x02, 0xF0, 0xFF, 0xFF, 0xE0,
    0x00, 0x09, 0x2F, 0xE0, 0x03, 0xE0, 0x1F, 0x40, 0xD0, 0x01, 0xF0, 0x60, 0x00, 0x3C, 0x00, 0x00,
    0x0F, 0x00, 0xBE, 0x0B, 0xC0, 0x07, 0xFB, 0xF0, 0x00, 0x00, 0xF4, 0x90, 0x00, 0xBC, 0x24, 0x00,
    0xBC, 0x03, 0x41, 0xFC, 0x00, 0x2F, 0xE4, 0x00, 0x00, 0x00, 0x00, 0x00, 0x00, 0x00, 0xFF, 0xE0,
    0x0B, 0xF8, 0x00, 0x0B, 0xC0, 0x2E, 0x03, 0xD0, 0x03, 0xE0, 0x2E, 0x00, 0x3C, 0x00, 0xF4, 0x1F,
    0x00, 0x0F, 0x00, 0x7C, 0x0F, 0x40, 0x03, 0xC0, 0x2F, 0x07, 0xC0, 0x01, 0xF0, 0x0F, 0xFF, 0xF0,
    0x00, 0xBC, 0x07, 0xD0, 0xB8, 0x00, 0x3D, 0x02, 0xF0, 0x3E, 0x00, 0x2F, 0x00, 0xF8, 0x0B, 0x80,
    0x1F, 0x03, 0xFF, 0xC0, 0xF4, 0x1F, 0x00, 0x00, 0x00, 0x0B, 0xFD, 0x00, 0x00, 0x00, 0x06, 0xFF,
    0xFF, 0x00, 0x2E, 0x01, 0xF0, 0x00, 0xBC, 0x02, 0xE0, 0x00, 0xF4, 0x03, 0xD0, 0x00, 0xF4, 0x03,
    0xC0, 0x00, 0xBC, 0x03, 0xC0, 0x00, 0x1F, 0xFF, 0x80, 0x00, 0x0F, 0x8B, 0x40, 0x00, 0x3D, 0x0F,
    0x00, 0x01, 0xF4, 0x1F, 0x00, 0x0B, 0xC0, 0x2E, 0x00, 0xBF, 0xE1, 0xFF, 0xC0, 0x02, 0xF5, 0x00,
    0xF0, 0xF0, 0x3C, 0x0F, 0x07, 0xC0, 0xE0, 0xB4, 0x1D, 0x0B, 0x42, 0xC0, 0x74, 0x7C, 0xC1, 0xF8,
    0xF0, 0x00, 0x06, 0xF0, 0x07, 0xFF, 0x00, 0x79, 0x00, 0x03, 0x80, 0x00, 0x1D, 0xFD, 0x00, 0xBC,
    0x1D, 0x03, 0xC0, 0x38, 0x0F, 0x01, 0xE0, 0x78, 0x0B, 0x42, 0xD0, 0x3C, 0x03, 0x82, 0xD0, 0x07,
    0xF8, 0x00, 0x02, 0xFE, 0x03, 0xD0, 0xA3, 0xC0, 0x75, 0xFF, 0xF8, 0x78, 0x0B, 0x9D, 0x01, 0xE3,
    0xC1, 0xF0, 0x2F, 0xE0, 0x06, 0xF8, 0x1D, 0x1D, 0x00, 0x2D, 0x01, 0xFC, 0x1F, 0xD0, 0x3C, 0x00,
    0x38, 0x78, 0x2F, 0xD0, 0x00, 0xFD, 0x00, 0x00, 0x78, 0x00, 0x03, 0xC0, 0x00, 0x3C, 0x02, 0xF7,
    0xC0, 0xF4, 0xBC, 0x2E, 0x0B, 0x83, 0xC0, 0xB4, 0x3C, 0x0F, 0x07, 0x81, 0xD0, 0x3C, 0x78, 0x01,
    0xFD, 0x00, 0x02, 0xFC, 0x0F, 0x0A, 0x3C, 0x1D, 0x7F, 0xF4, 0x74, 0x00, 0x74, 0x00, 0x38, 0x1D,
    0x1F, 0xE4, 0x07, 0xF4, 0x0D, 0x02, 0xFC, 0x28, 0x2D, 0x1E, 0x1F, 0x1D, 0x10, 0x1E, 0x2D, 0x3C,
    0x00, 0x00, 0x1F, 0xFF, 0xF8, 0x00, 0x00, 0x3D, 0x38, 0xB4, 0x00, 0x00, 0x3C, 0x78, 0xB0, 0x00,
    0x75, 0xF0, 0xB4, 0x78, 0x1D, 0x7F, 0x80, 0xB0, 0x1F, 0xE4, 0x06, 0xFC, 0x0D, 0x0F, 0x00, 0x1E,
    0x03, 0xF8, 0x00, 0x2D, 0x70, 0x2D, 0xB0, 0x7C, 0x2F, 0xD0, 0x1F, 0x00, 0x00, 0x8E, 0x03, 0x40,
    0x74, 0x1D, 0x02, 0xC0, 0xF0, 0x0E, 0x03, 0x80, 0x38, 0x1D, 0x00, 0xE1, 0xF6, 0x01, 0xF8, 0xB4,
    0x00, 0x74, 0x00, 0x03, 0xD0, 0x80, 0x07, 0xF8, 0x00, 0x00, 0x00, 0x1F, 0x00, 0x00, 0x8E, 0x03,
    0x40, 0x74, 0x1D, 0x02, 0xC0, 0xF0, 0x0E, 0x03, 0x80, 0x38, 0x1D, 0x00, 0xE1, 0xF6, 0x01, 0xF8,
    0xB4, 0x2E, 0x02, 0xD6, 0x74, 0x9D, 0x0B, 0x60, 0x00, 0xFD, 0x00, 0x0F, 0xBC, 0x01, 0xE2, 0xC0,
    0x2D, 0x2C, 0x92, 0xC0, 0xF8, 0x00, 0x1F, 0x40, 0x01, 0xCF, 0x00, 0x0C, 0x3C, 0x00, 0x61, 0xD0,
    0x02, 0x4B, 0x00, 0x0C, 0x3C, 0x0B, 0xA0, 0xF2, 0x2E, 0x01, 0xF0, 0x00, 0x60, 0x01, 0x80, 0x03,
    0xD0, 0x1F, 0x00, 0x0F, 0x80, 0xFC, 0x00, 0x6F, 0x09, 0xE0, 0x02, 0x6C, 0x5B, 0x40, 0x0C, 0x76,
    0x3C, 0x0B, 0x61, 0xF0, 0xF3, 0x2F, 0x03, 0x41, 0xF4, 0x2E, 0x00, 0x01, 0x9D, 0x03, 0x44, 0xB0,
    0x2D, 0x03, 0xFF, 0xF0, 0x0E, 0x03, 0x80, 0x74, 0x1D, 0x02, 0xC0, 0x76, 0x4A, 0x00, 0xB8, 0x02,
    0xFD, 0x03, 0xD1, 0xD3, 0xC0, 0x39, 0xF0, 0x1E, 0xB8, 0x0B, 0x5D, 0x03, 0xC3, 0x83, 0xD0, 0x7F,
    0x80, 0x00, 0x00, 0x00, 0xB8, 0xBD, 0x07, 0x7D, 0x2C, 0x26, 0xD0, 0xB0, 0x0F, 0x03, 0xC0, 0x3C,
    0x0E, 0x01, 0xE0, 0xB0, 0x0B, 0x42, 0xC9, 0x2C, 0x03, 0xE0, 0x00, 0x00, 0x00, 0x2E, 0x2F, 0x42,
    0x9F, 0x0B, 0x00, 0xB4, 0x2D, 0x03, 0xC0, 0xB4, 0x0E, 0x03, 0xC0, 0x74, 0x1E, 0x02, 0xE1, 0xF0,
    0x0F, 0xBE, 0x00, 0x38, 0x00, 0x01, 0xD0, 0x00, 0x1F, 0xD0, 0x00, 0x02, 0xFD, 0x0F, 0x4D, 0x3C,
    0x00, 0x7C, 0x00, 0xB4, 0x00, 0x74, 0x00, 0x38, 0x1D, 0x1F, 0xE4, 0x2E, 0x2F, 0x4B, 0xD0, 0x77,
    0xD2, 0xE4, 0xB0, 0x9B, 0x42, 0xD0, 0xB0, 0x0F, 0x03, 0xC0, 0xF0, 0x0F, 0x03, 0x80, 0xE0, 0x1E,
    0x07, 0x42, 0xD0, 0x2D, 0x0B, 0x02, 0xC8, 0x2C, 0x0A, 0x00, 0xF4, 0x1F, 0x00, 0x82, 0x38, 0x1E,
    0x07, 0x42, 0xD0, 0xB0, 0x3C, 0x0E, 0x03, 0xC0, 0xE0, 0x78, 0x0E, 0x0F, 0x40, 0x7F, 0xF0, 0x00,
    0x0E, 0x00, 0x02, 0xC0, 0x38, 0xB4, 0x02, 0xFC, 0x00, 0x00, 0x00, 0xFC, 0x00, 0x00, 0xF7, 0x40,
    0x00, 0x38, 0x00, 0x00, 0x1D, 0x00, 0x02, 0xFF, 0xBE, 0x03, 0xC3, 0xE0, 0xD3, 0xC0, 0xF0, 0x39,
    0xF0, 0x38, 0x1E, 0xB8, 0x1D, 0x0B, 0xAD, 0x0B, 0x43, 0xC7, 0x47, 0xC2, 0xD0, 0x7D, 0xFF, 0xD0,
    0x00, 0x38, 0x00, 0x00, 0x1C, 0x00, 0x00, 0xEE, 0x00, 0x00, 0x2E, 0x00, 0x00, 0x0B, 0xE2, 0xF0,
    0xD0, 0xF5, 0xD0, 0x03, 0xC0, 0x00, 0x1E, 0x00, 0x00, 0xB4, 0x00, 0x03, 0xC0, 0x07, 0x1F, 0x06,
    0x1F, 0x8B, 0xE0, 0x1F, 0x00, 0x00, 0x8E, 0x03, 0x40, 0x74, 0x2D, 0x02, 0xC0, 0xF0, 0x0E, 0x03,
    0xC0, 0x38, 0x1E, 0x00, 0xE0, 0xF7, 0x01, 0xF8, 0xFC, 0x00, 0x00, 0x24, 0x00, 0x00, 0xF0, 0x00,
    0x0F, 0x80, 0x00, 0x00, 0x1E, 0x00, 0x80, 0xDD, 0x0F, 0x09, 0xB4, 0x3C, 0x02, 0xD2, 0xD0, 0x03,
    0xFF, 0x00, 0x00, 0x3C, 0x00, 0x00, 0xF3, 0x00, 0x01, 0xF4, 0x1F, 0x00, 0x80, 0x20, 0x33, 0x81,
    0xE0, 0x38, 0x97, 0x42, 0xD0, 0xB4, 0x0B, 0x03, 0xC0, 0xF0, 0x0E, 0x03, 0x80, 0xF0, 0x0E, 0x07,
    0x41, 0xE0, 0x0E, 0x1F, 0x87, 0xD8, 0x07, 0xE2, 0xF8, 0xB4, 0x1F, 0x00, 0x00, 0x20, 0x23, 0x80,
    0xD0, 0x78, 0x07, 0x41, 0xD0, 0xB4, 0x0B, 0x03, 0xC0, 0xF0, 0x0E, 0x03, 0x80, 0xE0, 0x0E, 0x07,
    0x41, 0xD0, 0x0E, 0x1F, 0x87, 0xDC, 0x07, 0xE2, 0xF4, 0xFC, 0x00, 0x00, 0x00, 0x09, 0x00, 0x00,
    0x00, 0x0F, 0x00, 0x00, 0x00, 0x3E, 0x00, 0x00, 0x00, 0x00, 0x2F, 0xEA, 0x18, 0x7D, 0x00, 0xBF,
    0xE0, 0x78, 0x1D, 0x3C, 0x07, 0x8B, 0x07, 0xC0, 0xBF, 0x80, 0x1F, 0x00, 0x00, 0x0C, 0xE0, 0x03,
    0x49, 0x78, 0x02, 0xD0, 0x2F, 0xF4, 0xF0, 0x0F, 0x0F, 0x3C, 0x07, 0x83, 0xDE, 0x01, 0xD2, 0xE7,
    0x60, 0x2F, 0xD0, 0xF8, 0x1F, 0x00, 0x03, 0x38, 0x00, 0x97, 0x80, 0x00, 0xBF, 0xF4, 0x0F, 0x43,
    0xC1, 0xE0, 0x3C, 0x0E, 0x0B, 0x80, 0x7F, 0xD0, 0x07, 0xF8, 0x07, 0x43, 0xC1, 0x00, 0xF0, 0x0F,
    0xFC, 0x00, 0x1E, 0x00, 0x0B, 0x0B, 0x0B, 0x41, 0xFE, 0x00, 0x00, 0x00, 0x00, 0x02, 0xE0, 0x0B,
    0xF4, 0x67, 0x47, 0xC2, 0xD4, 0xB0, 0xF0, 0x1E, 0x0F, 0xFE, 0x01, 0xD0, 0xE2, 0xD0, 0x3C, 0x1E,
    0x2C, 0x03, 0x82, 0xD1, 0xE1, 0xF0, 0x2C, 0x07, 0xF8, 0x00, 0x01, 0xFF, 0xC0, 0x1F, 0x0F, 0x00,
    0xB4, 0x3C, 0x00, 0xBA, 0xE0, 0x02, 0xFF, 0x40, 0x0E, 0x3C, 0x0B, 0xB0, 0xF3, 0x2F, 0x41, 0xF4,
    0x02, 0xC0, 0x02, 0xF0, 0x00, 0x70, 0x00, 0x00, 0x02, 0xF8, 0x0F, 0x0A, 0x3C, 0x1E, 0x7F, 0xF4,
    0x74, 0x00, 0x74, 0x00, 0x38, 0x1D, 0x1F, 0xE4, 0x03, 0xC7, 0x80, 0xF2, 0xD0, 0x00, 0x00, 0x00,
    0x00, 0x02, 0xFC, 0x03, 0xD2, 0x82, 0xD1, 0xD0, 0xFF, 0xD0, 0x3C, 0x00, 0x0E, 0x00, 0x03, 0xC1,
    0xD0, 0x2F, 0x90, 0x00, 0x00, 0x00, 0x0F, 0x80, 0x00, 0x1E, 0x00, 0x0F, 0xFF, 0xFD, 0x02, 0xC0,
    0x00, 0x0F, 0x7F, 0x00, 0x3E, 0x0F, 0x01, 0xE0, 0x3C, 0x0F, 0x00, 0xF0, 0x3C, 0x07, 0x81, 0xE0,
    0x2C, 0x0B, 0x40, 0xE0, 0x2C, 0x07, 0x00, 0x00, 0x38, 0x00, 0x03, 0x80, 0x00, 0x78, 0x00, 0x00,
    0x1C, 0x00, 0xBC, 0x01, 0x90, 0x00, 0x00, 0x06, 0xF8, 0x1D, 0x1D, 0x00, 0x2D, 0x01, 0xFC, 0x1F,
    0xD0, 0x3C, 0x00, 0x38, 0x78, 0x2F, 0xD0, 0x02, 0xFE, 0x03, 0xC2, 0xC3, 0xC0, 0x01, 0xFF, 0x80,
    0xB4, 0x00, 0x1D, 0x00, 0x03, 0x81, 0xD0, 0x7F, 0x90, 0x02, 0xF8, 0x0E, 0x1C, 0x0C, 0x00, 0x0E,
    0x00, 0x02, 0xF8, 0x74, 0x28, 0xB0, 0x34, 0x2F, 0xD0, 0x01, 0xC0, 0x00, 0x00, 0x00, 0x00, 0x1F,
    0x02, 0x38, 0x07, 0x40, 0xF0, 0x0E, 0x02, 0xC0, 0x2C, 0x90, 0xF4, 0x0F, 0x2D, 0x1E, 0x2D, 0x00,
    0x00, 0x00, 0x00, 0x1F, 0x00, 0x23, 0x80, 0x07, 0x40, 0x0F, 0x00, 0x0E, 0x00, 0x2C, 0x00, 0x2C,
    0x90, 0x0F, 0x40, 0x00, 0x0A, 0x00, 0x00, 0x00, 0x00, 0x00, 0x00, 0x00, 0xF8, 0x02, 0x1D, 0x00,
    0x2D, 0x00, 0x3C, 0x00, 0x3C, 0x00, 0x78, 0x00, 0xB4, 0x00, 0xF0, 0x00, 0xF0, 0x01, 0xE0, 0x77,
    0xC0, 0x7E, 0x00, 0x00, 0x1F, 0x40, 0x00, 0x1C, 0xF0, 0x00, 0x0D, 0x3C, 0x00, 0x03, 0x0F, 0xF8,
    0x02, 0x87, 0x87, 0x40, 0xD2, 0xC1, 0xEB, 0xB0, 0xF0, 0xB6, 0xE0, 0x1F, 0xF4, 0x2E, 0x00, 0xD0,
    0x07, 0x74, 0x1E, 0x00, 0x9B, 0x02, 0xD0, 0x00, 0xFF, 0xFF, 0xF4, 0x0E, 0x03, 0xC3, 0xC1, 0xD0,
    0x74, 0x3C, 0x2C, 0x03, 0x8B, 0x82, 0xC0, 0x1F, 0xD0, 0x00, 0x00, 0x00, 0x0F, 0x80, 0x00, 0x1E,
    0x00, 0x0F, 0xFF, 0xF8, 0x02, 0xC0, 0x00, 0x0F, 0xBD, 0x00, 0x3D, 0x2C, 0x01, 0xD0, 0xB0, 0x0B,
    0x03, 0xC0, 0x3C, 0x0E, 0x01, 0xE0, 0xB0, 0x0B, 0x42, 0xC8, 0x2C, 0x03, 0xD0, 0x00, 0x07, 0x00,
    0x02, 0xF0, 0x00, 0x64, 0x00, 0x00, 0x00, 0x2E, 0x02, 0xD6, 0x74, 0x9D, 0x0B, 0x60, 0x00, 0xFD,
    0x00, 0x0F, 0xBC, 0x01, 0xE2, 0xC0, 0x2D, 0x2C, 0x92, 0xC0, 0xF8, 0x00, 0x34, 0x00, 0x01, 0xF0,
    0x00, 0x00, 0xA0, 0x00, 0x00, 0x00, 0x1F, 0x00, 0x00, 0x8E, 0x03, 0x40, 0x74, 0x1D, 0x02, 0xC0,
    0xF0, 0x0F, 0x03, 0x80, 0x38, 0x1D, 0x00, 0xE1, 0xF6, 0x01, 0xF8, 0xB4, 0x00, 0xF0, 0x00, 0x1E,
    0x05, 0x00, 0xBF, 0x40, 0x00, 0x00, 0x1F, 0x00, 0x82, 0x38, 0x1E, 0x07, 0x42, 0xD0, 0xB0, 0x3C,
    0x0E, 0x03, 0xC0, 0xE0, 0x78, 0x0E, 0x0F, 0x40, 0x7F, 0xF0, 0x00, 0x0E, 0x00, 0x02, 0xC0, 0x38,
    0xB4, 0x02, 0xFC, 0x00, 0x0B, 0xC0, 0x00, 0x28, 0xE0, 0xB0, 0x01, 0xD0, 0xF0, 0x02, 0xC1, 0xD0,
    0x03, 0x82, 0xC0, 0x03, 0x83, 0xC0, 0x03, 0x8B, 0xCC, 0x01, 0xF9, 0xF4, 0x00, 0x08, 0x00, 0x00,
    0x14, 0x00, 0x3F, 0xD0, 0x00, 0x00, 0x2F, 0x80, 0x7E, 0x00, 0x1F, 0x2C, 0x0D, 0x3C, 0x07, 0xC3,
    0x81, 0xD1, 0xE0, 0xF4, 0x00, 0x00, 0x1F, 0x1F, 0x00, 0x00, 0x02, 0xF3, 0xE0, 0x00, 0x00, 0x3E,
    0x3D, 0x02, 0xFC, 0x03, 0xD7, 0xC0, 0x0F, 0x00, 0x7C, 0x7C, 0x01, 0xE0, 0x0F, 0x83, 0xC0, 0x2D,
    0x01, 0xF0, 0x2D, 0x03, 0xD0, 0x7C, 0x00, 0xBF, 0x42, 0xFE, 0x00, 0x00, 0x00, 0x00, 0x03, 0xC0,
    0x74, 0x0F, 0x00, 0x3C, 0x2C, 0x00, 0x2C, 0x3C, 0x2C, 0x3C, 0x38, 0x38, 0x38, 0x34, 0x30, 0xB0,
    0x38, 0xB1, 0xD0, 0x0F, 0xAF, 0x40, 0x03, 0xFF, 0xC0, 0x00, 0x1F, 0x00, 0x02, 0xFF, 0xFF, 0xF0,
    0xD3, 0xD0, 0x2C, 0x60, 0xF0, 0x02, 0x00, 0x7C, 0x00, 0x00, 0x2F, 0xFF, 0x80, 0x0F, 0x40, 0xBC,
    0x03, 0xC0, 0x0F, 0x41, 0xF0, 0x07, 0xC0, 0xB8, 0x02, 0xF0, 0x3D, 0x02, 0xF0, 0xFF, 0xFF, 0xE0,
    0x00, 0x00, 0x00, 0x00, 0x02, 0xE2, 0xF4, 0x00, 0x37, 0xD2, 0xC0, 0x01, 0xB4, 0x2C, 0x00, 0x0F,
    0x03, 0xFF, 0x40, 0xF0, 0x3C, 0x3C, 0x1E, 0x07, 0x83, 0xC2, 0xD0, 0x34, 0xB8, 0x28, 0x01, 0xFD,
    0x00, 0x03, 0xFF, 0x80, 0x2F, 0xF5, 0xC0, 0x2F, 0x00, 0x7D, 0x03, 0xE0, 0x0F, 0x80, 0x7C, 0x00,
    0x74, 0x03, 0xD0, 0x7D, 0x00, 0x0C, 0x01, 0xF0, 0x3E, 0x00, 0x01, 0x00, 0xBC, 0x1F, 0x40, 0x00,
    0x00, 0x3F, 0xFF, 0xFF, 0xF9, 0x00, 0x0F, 0x42, 0xE0, 0x00, 0x00, 0x07, 0xC0, 0xB8, 0x00, 0x08,
    0x02, 0xF0, 0x1F, 0x00, 0x0D, 0x00, 0xF8, 0x02, 0xF0, 0x1D, 0x03, 0xFF, 0xC0, 0x1F, 0xF8, 0x00,
    0x00, 0x00, 0x00, 0x02, 0xE0, 0x0B, 0xF8, 0x67, 0x43, 0xC2, 0xC0, 0xB0, 0xF0, 0x00, 0x0F, 0xFF,
    0xF8, 0x00, 0xE1, 0xE0, 0x00, 0x1D, 0x1D, 0x00, 0x02, 0xC0, 0xE0, 0x74, 0x28, 0x07, 0xFD, 0x00,
    0x00, 0x00, 0x07, 0x40, 0x00, 0x00, 0x00, 0xF8, 0x00, 0x00, 0x00, 0x3F, 0xC0, 0x00, 0x00, 0x09,
    0x7D, 0x00, 0x00, 0x02, 0x83, 0xE0, 0x00, 0x00, 0x70, 0x2F, 0x00, 0x00, 0x0C, 0x01, 0xF0, 0x00,
    0x03, 0xFF, 0xFF, 0x40, 0x00, 0xE0, 0xE0, 0xFC, 0x00, 0x28, 0x0D, 0x0B, 0xC0, 0x07, 0x01, 0xC0,
    0x3D, 0x0B, 0xF0, 0xFF, 0x0F, 0xFC, 0x00, 0x0F, 0xE0, 0x00, 0x1D, 0x0F, 0x00, 0x0C, 0x03, 0x80,
    0x07, 0xFF, 0xD0, 0x03, 0x5C, 0xB0, 0x00, 0xCB, 0x3C, 0x0B, 0xA3, 0x8F, 0x32, 0xE0, 0xD1, 0xF4,
    0x03, 0xFF, 0x80, 0x00, 0x34, 0x00, 0x00, 0xBC, 0x00, 0x00, 0xFC, 0x00, 0x00, 0xF8, 0x00, 0x02,
    0xFC, 0x00, 0x00, 0xF4, 0x00, 0x06, 0x3D, 0x00, 0x01, 0xF0, 0x00, 0x0C, 0x3E, 0x00, 0x02, 0xF0,
    0x00, 0x34, 0x2F, 0x00, 0x03, 0xE0, 0x00, 0xA0, 0x1F, 0x00, 0x03, 0xFF, 0xFF, 0xFF, 0xFF, 0x40,
    0x07, 0xC0, 0x03, 0x0B, 0x0F, 0x80, 0x0B, 0xC0, 0x0C, 0x0E, 0x0B, 0xC0, 0x0F, 0x80, 0x34, 0x1D,
    0x07, 0xD0, 0xFF, 0xF3, 0xF8, 0xBF, 0x0F, 0xFC, 0x00, 0x00, 0x00, 0x00, 0x0B, 0x80, 0x02, 0xFE,
    0x06, 0x74, 0x02, 0x82, 0xD1, 0x2C, 0x01, 0x80, 0xB0, 0x0F, 0xFF, 0xFF, 0xFC, 0x03, 0x80, 0x33,
    0x8E, 0x01, 0xD0, 0x18, 0xD7, 0x40, 0xB0, 0xDC, 0x71, 0xD9, 0x2C, 0x3D, 0x1C, 0x2E, 0x00, 0x00,
    0x01, 0xFF, 0xFF, 0xE0, 0x00, 0x03, 0xD0, 0x06, 0x00, 0x00, 0x07, 0xC0, 0x60, 0x00, 0x00, 0x0F,
    0x46, 0x00, 0x00, 0x00, 0x1F, 0x60, 0x00, 0x00, 0x01, 0xBF, 0x90, 0x00, 0x00, 0xBD, 0xFA, 0xF0,
    0x00, 0x0B, 0x83, 0xC3, 0xD0, 0x00, 0x7C, 0x1F, 0x07, 0xC0, 0x07, 0xC0, 0xB8, 0x0F, 0x00, 0x7C,
    0x03, 0xD0, 0x3E, 0x0F, 0xFC, 0x3F, 0xC3, 0xFF, 0x00, 0x7F, 0xFF, 0x80, 0x00, 0xB0, 0x04, 0x00,
    0x00, 0xF1, 0x40, 0x00, 0x06, 0xF9, 0x00, 0x01, 0xE7, 0x9F, 0x00, 0x0E, 0x1D, 0x2C, 0x05, 0xB0,
    0xB0, 0xB2, 0x4F, 0x02, 0x80, 0xF8, 0x03, 0xFF, 0x80, 0x3F, 0xFF, 0xF8, 0x00, 0x2E, 0x00, 0x0B,
    0x80, 0x08, 0x00, 0x0F, 0x40, 0x00, 0xF0, 0x18, 0x00, 0x03, 0xC0, 0x00, 0x2E, 0x18, 0x00, 0x01,
    0xF0, 0x00, 0x03, 0xE8, 0x00, 0x00, 0xBF, 0xFF, 0xFF, 0xFF, 0xD0, 0x00, 0x3D, 0x00, 0x2E, 0x3D,
    0x7C, 0x00, 0x0F, 0x00, 0x2E, 0x0F, 0x0B, 0x80, 0x07, 0xC0, 0x1F, 0x07, 0xC1, 0xF0, 0x02, 0xE0,
    0x0F, 0x02, 0xE0, 0x3D, 0x00, 0xF4, 0x0F, 0x40, 0xF4, 0x0B, 0x83, 0xFF, 0xFF, 0xF0, 0xFF, 0x0F,
    0xFC, 0x2E, 0x00, 0x7F, 0xFF, 0x81, 0x9D, 0x00, 0xB0, 0x14, 0x04, 0xB0, 0x00, 0xB6, 0x00, 0x03,
    0xFF, 0xFF, 0xFE, 0x00, 0x0E, 0x01, 0xE7, 0x9F, 0x00, 0x78, 0x0E, 0x1D, 0x2C, 0x02, 0xD5, 0xB0,
    0xB0, 0xB2, 0x4B, 0x1F, 0x42, 0xC0, 0xF8, 0x00, 0x09, 0x0D, 0x00, 0x03, 0xB0, 0x00, 0x02, 0xE0,
    0x00, 0x39, 0x6C, 0x00, 0xF4, 0x1E, 0x00, 0xF4, 0x1D, 0x00, 0x00, 0x3C, 0x00, 0x00, 0xB4, 0x00,
    0x1F, 0xC0, 0x00, 0x00, 0x70, 0x00, 0x00, 0x34, 0x00, 0x00, 0x34, 0x00, 0x00, 0xB0, 0x00, 0x07,
    0xD0, 0x01, 0xBE, 0x00, 0x3F, 0x80, 0x00, 0xB0, 0x00, 0x00, 0x20, 0x00, 0x00, 0x00, 0x82, 0xC0,
    0x1A, 0x80, 0x1F, 0xE0, 0x0E, 0x0D, 0x00, 0x07, 0x00, 0x1F, 0x40, 0x00, 0xA0, 0x00, 0x1C, 0x00,
    0x0A, 0x00, 0x6E, 0x02, 0xF9, 0x02, 0xC0, 0x00, 0x3C, 0x00, 0x00, 0x00, 0xFF, 0xF4, 0x00, 0x03,
    0xC0, 0x03, 0xD1, 0xF0, 0xB8, 0xB4, 0xB8, 0x7C, 0x3D, 0x3D, 0x2E, 0x0F, 0x0F, 0x0F, 0x03, 0xC7,
    0xC7, 0x80, 0xB2, 0xE3, 0xC0, 0x0F, 0xFF, 0x80, 0x00, 0x7C, 0x00, 0x00, 0x1F, 0x00, 0x00, 0xBF,
    0xF8, 0x00, 0x00, 0x00, 0x00, 0x00, 0x07, 0xD0, 0x00, 0x02, 0xC0, 0x00, 0x03, 0xC0, 0x00, 0x03,
    0x80, 0x1F, 0x07, 0x5C, 0x33, 0x8B, 0x3D, 0x97, 0x4F, 0x0D, 0x0B, 0x0E, 0x0C, 0x0F, 0x1D, 0x18,
    0x0E, 0x2C, 0x30, 0x0F, 0x3D, 0x80, 0x07, 0xFD, 0x00, 0x00, 0x74, 0x00, 0x00, 0xB0, 0x00, 0x03,
    0xFC, 0x00, 0x00, 0x1B, 0xF8, 0x00, 0x3D, 0x07, 0xC0, 0x3C, 0x00, 0xF4, 0x3D, 0x00, 0x2E, 0x1F,
    0x00, 0x0B, 0x8F, 0xFF, 0x83, 0xE3, 0xE1, 0xFE, 0xF4, 0xF0, 0x00, 0x7C, 0x7C, 0x00, 0x3D, 0x0F,
    0x00, 0x2E, 0x02, 0xF0, 0x2E, 0x00, 0x1B, 0xF8, 0x00, 0x02, 0xFC, 0x03, 0xD3, 0xC2, 0xD0, 0xF0,
    0xFF, 0xFC, 0x3C, 0x0F, 0x0E, 0x0B, 0x43, 0xC7, 0x80, 0x3F, 0x40, 0x3F, 0xF0, 0x01, 0xF8, 0x0F,
    0x80, 0x07, 0x38, 0x0B, 0xC0, 0x0D, 0x00, 0x0B, 0xC0, 0x28, 0x00, 0x07, 0xC0, 0x70, 0x00, 0x03,
    0xC0, 0xD0, 0x00, 0x03, 0xD2, 0x80, 0x00, 0x03, 0xD7, 0x00, 0x00, 0x03, 0xEC, 0x00, 0x00, 0x02,
    0xF8, 0x00, 0x00, 0x02, 0xF0, 0x00, 0x00, 0x01, 0xC0, 0x00, 0x00, 0x2E, 0x00, 0x2F, 0x19, 0xE0,
    0x2A, 0xC0, 0x3C, 0x1C, 0x00, 0x0F, 0x0C, 0x00, 0x02, 0xC9, 0x00, 0x00, 0xBA, 0x00, 0x00, 0x1F,
    0x00, 0x00, 0x03, 0x40, 0x00, 0x00, 0xFB, 0xD0, 0x00, 0x00, 0x1C, 0xB0, 0x00, 0x3F, 0xF0, 0x01,
    0xF8, 0x0F, 0x80, 0x07, 0x38, 0x0B, 0xC0, 0x0D, 0x00, 0x0B, 0xC0, 0x28, 0x00, 0x07, 0xC0, 0x70,
    0x00, 0x03, 0xC0, 0xD0, 0x00, 0x03, 0xD2, 0x80, 0x00, 0x03, 0xD7, 0x00, 0x00, 0x03, 0xEC, 0x00,
    0x00, 0x02, 0xF8, 0x00, 0x00, 0x02, 0xF0, 0x00, 0x00, 0x01, 0xC0, 0x00, 0x00, 0x02, 0xCB, 0x00,
    0x00, 0xFB, 0xE0, 0x00, 0x07, 0x1C, 0x00, 0x00, 0x00, 0x00, 0x2E, 0x00, 0x2F, 0x19, 0xE0, 0x2A,
    0xC0, 0x3C, 0x1C, 0x00, 0x0F, 0x0C, 0x00, 0x02, 0xC9, 0x00, 0x00, 0xBA, 0x00, 0x00, 0x1F, 0x00,
    0x00, 0x03, 0x40, 0x00, 0x00, 0x00, 0x04, 0x00, 0x00, 0x00, 0x0F, 0x40, 0x00, 0x01, 0xBF, 0xFE,
    0x00, 0x07, 0xD1, 0xE0, 0xF4, 0x03, 0xC0, 0xB4, 0x0F, 0x03, 0xD0, 0x00, 0x03, 0xC1, 0xF0, 0x00,
    0x00, 0xF0, 0xF8, 0x00, 0x00, 0x7C, 0x3D, 0x00, 0x00, 0x2F, 0x1F, 0x00, 0x00, 0x0F, 0x87, 0xC0,
    0x00, 0x07, 0xC0, 0xF0, 0x19, 0x03, 0xD0, 0x3E, 0x0B, 0x43, 0xE0, 0x02, 0xFB, 0xEB, 0x80, 0x00,
    0x02, 0xF4, 0x00, 0x00, 0x00, 0x24, 0x00, 0x00, 0x00, 0x0D, 0x00, 0x1F, 0xFB, 0x81, 0xE2, 0xC3,
    0x8F, 0x00, 0x0F, 0x7C, 0x00, 0x7A, 0xE0, 0x02, 0xDB, 0x40, 0x0F, 0x1D, 0x38, 0x74, 0x2E, 0xFF,
    0x40, 0x03, 0x40, 0x00, 0x00, 0x00, 0x6F, 0xD0, 0x00, 0x00, 0x3D, 0x07, 0x80, 0x00, 0x0F, 0x0B,
    0x5C, 0x00, 0x00, 0x01, 0x24, 0x78, 0x00, 0x2F, 0x82, 0x7E, 0x00, 0x1F, 0x2C, 0x0D, 0x3C, 0x07,
    0xC3, 0x81, 0xD1, 0xE0, 0xF4, 0x00, 0x00, 0x1F, 0x1F, 0x00, 0x00, 0x02, 0xF3, 0xE0, 0x00, 0x00,
    0x3E, 0x3D, 0x02, 0xFC, 0x03, 0xD7, 0xC0, 0x0F, 0x00, 0x7C, 0x7C, 0x01, 0xE0, 0x0F, 0x83, 0xC0,
    0x2D, 0x01, 0xF0, 0x2D, 0x03, 0xD0, 0x7C, 0x00, 0xBF, 0x42, 0xFE, 0x00, 0x00, 0x0B, 0xF4, 0x00,
    0x08, 0x0B, 0x00, 0x04, 0x00, 0xA0, 0x00, 0x00, 0x0D, 0x01, 0x80, 0x20, 0x02, 0xD0, 0x0E, 0x01,
    0xD0, 0x02, 0xC0, 0xF0, 0xB0, 0xF0, 0x38, 0x38, 0x3C, 0x0D, 0x0C, 0x2D, 0x03, 0x8B, 0x1E, 0x00,
    0x3D, 0x7D, 0x00, 0x00, 0x00, 0x7B, 0x70, 0x00, 0x00, 0x08, 0xB3, 0x00, 0x00, 0x00, 0x00, 0x00,
    0x00, 0x02, 0xF8, 0x07, 0xE0, 0x01, 0xF2, 0xC0, 0xD3, 0xC0, 0x7C, 0x38, 0x1D, 0x1E, 0x0F, 0x40,
    0x00, 0x01, 0xF1, 0xF0, 0x00, 0x00, 0x2F, 0x3E, 0x00, 0x00, 0x03, 0xE3, 0xD0, 0x2F, 0xC0, 0x3D,
    0x7C, 0x00, 0xF0, 0x07, 0xC7, 0xC0, 0x1E, 0x00, 0xF8, 0x3C, 0x02, 0xD0, 0x1F, 0x02, 0xD0, 0x3D,
    0x07, 0xC0, 0x0B, 0xF4, 0x2F, 0xE0, 0x00, 0x00, 0x3B, 0xB4, 0x00, 0x67, 0x30, 0x00, 0x00, 0x00,
    0x02, 0xC0, 0x30, 0x0F, 0x00, 0x3C, 0x2D, 0x00, 0x2C, 0x3C, 0x2C, 0x3C, 0x38, 0x38, 0x38, 0x34,
    0x30, 0xB0, 0x38, 0xB1, 0xD0, 0x0F, 0x5F, 0x40, 0x00, 0x1B, 0xF8, 0x90, 0x0F, 0x40, 0xBC, 0x03,
    0xC0, 0x03, 0xC0, 0xF0, 0x00, 0x24, 0x1E, 0x00, 0x00, 0x03, 0xC0, 0x00, 0x00, 0x3C, 0x00, 0x00,
    0x07, 0xC0, 0x00, 0x00, 0x7C, 0x00, 0x00, 0x03, 0xC0, 0x00, 0x00, 0x3F, 0x40, 0x00, 0x00, 0xFF,
    0xE4, 0x00, 0x02, 0xFF, 0xF0, 0x00, 0x00, 0x1B, 0x80, 0x00, 0x00, 0x18, 0x00, 0x00, 0x01, 0x00,
    0x01, 0xFC, 0x0F, 0x0E, 0x2C, 0x1D, 0x38, 0x00, 0x74, 0x00, 0x74, 0x00, 0x3E, 0x40, 0x06, 0xF0,
    0x00, 0x38, 0x00, 0x34, 0x00, 0xA0, 0x00, 0x50, 0x08, 0xBC, 0x1A, 0x14, 0x60, 0x00, 0xA0, 0x00,
    0x00, 0x00, 0x18, 0x07, 0x4E, 0x66, 0xC7, 0x40, 0x90, 0x07, 0xFD, 0x03, 0x80, 0xB0, 0x00, 0x03,
    0xC0, 0x00, 0x0A, 0x2F, 0x69, 0xD8, 0x01, 0x00, 0x2F, 0x5D, 0x30, 0x08, 0x04, 0x00, 0x00, 0x00,
    0xE0, 0x00, 0x00, 0x00, 0x00, 0xB8, 0x00, 0x00, 0x03, 0xC0, 0x00, 0x02, 0xD0, 0x01, 0xE0, 0x00,
    0x00, 0xF0, 0x00, 0x00, 0x00, 0x00, 0x00, 0x00, 0x00, 0x00, 0x00, 0x00, 0x00, 0x00, 0x00, 0x00,
    0x00, 0x00, 0x00, 0x00, 0x00, 0x00, 0x00, 0x00, 0x00, 0x00, 0x00, 0x00, 0x0F, 0x00, 0x00, 0x00,
    0x03, 0xC3, 0xC0, 0x00, 0x00, 0x00, 0xF0, 0x00, 0x00, 0x00, 0x00, 0x00, 0x00, 0x00, 0x00, 0x00,
    0x00, 0x00, 0x00, 0x00, 0x00, 0x00, 0x00, 0x00, 0x00, 0x00, 0x00, 0x00, 0x3C, 0x00, 0x00, 0x2D,
    0x00, 0x1E, 0x00, 0x00, 0x0F, 0x00, 0x00, 0x00, 0x78, 0x00, 0x00, 0x00, 0x00, 0x2D, 0x00, 0x00,
    0x00, 0x00, 0x00, 0x00, 0x00, 0x00, 0x00, 0x00, 0x00, 0x00, 0x60, 0x00, 0x00, 0x00, 0x00, 0x07,
    0x80, 0x00, 0x00, 0x01, 0x00, 0x2F, 0x00, 0x00, 0x00, 0x1F, 0x00, 0x74, 0x07, 0xF0, 0x00, 0x7C,
    0x00, 0x00, 0x3D, 0x00, 0x00, 0x00, 0x00, 0x00, 0x00, 0x00, 0x00, 0x00, 0x00, 0x00, 0x00, 0x00,
    0x00, 0x00, 0x00, 0x00, 0x00, 0x00, 0x00, 0x00, 0x00, 0x00, 0x00, 0x00, 0x00, 0x00, 0x00, 0x00,
    0x07, 0xC0, 0x00, 0x00, 0x00, 0xF4, 0x1F, 0x00, 0x00, 0x00, 0x03, 0xD0, 0x00, 0x00, 0x00, 0x00,
    0x00, 0x00, 0x00, 0x00, 0x00, 0x00, 0x00, 0x00, 0x00, 0x00, 0x00, 0x00, 0x00, 0x00, 0x00, 0x00,
    0x00, 0x00, 0x00, 0x1F, 0x00, 0x00, 0x0F, 0x40, 0x03, 0xF8, 0x07, 0x40, 0x3D, 0x00, 0x00, 0x00,
    0x3E, 0x00, 0x10, 0x00, 0x00, 0x00, 0x70, 0x00, 0x00, 0x00, 0x00, 0x02, 0x00, 0x00, 0x00, 0x00,
    0x00, 0x01, 0xD0, 0x00, 0x00, 0x02, 0xD0, 0x80, 0x00, 0x01, 0xFF, 0x00, 0x00, 0x00, 0x00, 0x00,
    0x03, 0xFF, 0x8F, 0xFF, 0x00, 0xBC, 0x02, 0xF0, 0x00, 0xF4, 0x0B, 0xE0, 0x00, 0xF0, 0x1F, 0xD0,
    0x01, 0xF0, 0x73, 0xC0, 0x02, 0xE0, 0xC7, 0xC0, 0x03, 0xD3, 0x4B, 0x80, 0x03, 0xDD, 0x0F, 0x40,
    0x07, 0xF8, 0x0F, 0x00, 0x0B, 0xE0, 0x1F, 0x00, 0x0F, 0xC0, 0x2E, 0x00, 0xFF, 0xF2, 0xFF, 0xD0,
    0x00, 0x00, 0x01, 0xD0, 0x00, 0x00, 0x00, 0xD0, 0x00, 0x00, 0x00, 0xC0, 0x00, 0x74, 0x00, 0x03,
    0xD0, 0x80, 0x07, 0xF8, 0x00, 0x00, 0x00, 0x1F, 0x00, 0x00, 0x8E, 0x03, 0x40, 0x74, 0x2D, 0x02,
    0xC0, 0xF0, 0x0E, 0x03, 0xC0, 0x38, 0x1E, 0x00, 0xE0, 0xF7, 0x01, 0xF8, 0xFC, 0x00, 0x00, 0x24,
    0x00, 0x00, 0xF0, 0x00, 0x0F, 0x80, 0x00, 0x00, 0x03, 0xFF, 0x80, 0x00, 0x2E, 0x00, 0x03, 0xFF,
    0xFF, 0xF4, 0x03, 0xC0, 0x00, 0x01, 0xF0, 0x00, 0x00, 0xBF, 0xFE, 0x00, 0x3D, 0x02, 0xF0, 0x0F,
    0x00, 0x3D, 0x07, 0xC0, 0x1F, 0x02, 0xE0, 0x0B, 0xC0, 0xF4, 0x0B, 0xC3, 0xFF, 0xFF, 0x80, 0x00,
    0x00, 0x07, 0xE0, 0x00, 0xB4, 0x00, 0x3C, 0x00, 0x3F, 0xFC, 0x03, 0x80, 0x02, 0xD0, 0x00, 0xFF,
    0xF4, 0x3C, 0x0F, 0x1E, 0x03, 0xC3, 0x82, 0xE0, 0x7F, 0xD0, 0x03, 0xFF, 0xFE, 0x00, 0x0B, 0x80,
    0xB8, 0x00, 0xF4, 0x07, 0xC0, 0x0F, 0x00, 0xBC, 0x01, 0xF3, 0x0F, 0x40, 0x2E, 0x0E, 0xE0, 0x03,
    0xFF, 0xF8, 0x00, 0x3D, 0x00, 0xA0, 0x07, 0xC0, 0x00, 0x00, 0xBC, 0x00, 0x00, 0x0F, 0x80, 0x00,
    0x0F, 0xFF, 0x00, 0x00, 0x00, 0x00, 0x00, 0x00, 0x00, 0x00, 0x00, 0x2E, 0x2F, 0x02, 0x9F, 0x0B,
    0x00, 0xB4, 0x2D, 0x03, 0xC0, 0xB4, 0x0E, 0x17, 0xC0, 0x74, 0x2E, 0x02, 0xE0, 0xF4, 0x0F, 0xBE,
    0x30, 0x38, 0x00, 0x01, 0xD0, 0x00, 0x1F, 0xD0, 0x00, 0x00, 0x00, 0x00, 0x00, 0x00, 0x00, 0x09,
    0x00, 0x00, 0x00, 0xC0, 0x00, 0x00, 0x78, 0x03, 0xFF, 0xFF, 0x00, 0x0B, 0xC0, 0x00, 0x00, 0xF8,
    0x00, 0x00, 0x0F, 0x40, 0x00, 0x01, 0xF0, 0x00, 0x00, 0x2F, 0x00, 0x00, 0x03, 0xE0, 0x00, 0x00,
    0x3D, 0x00, 0x00, 0x07, 0xC0, 0x00, 0x00, 0xB8, 0x00, 0x00, 0x0F, 0x80, 0x00, 0x0F, 0xFF, 0x40,
    0x00, 0x00, 0x00, 0x0F, 0x00, 0x00, 0x1E, 0x00, 0x2F, 0xFD, 0x00, 0x3C, 0x00, 0x00, 0x3C, 0x00,
    0x00, 0x78, 0x00, 0x00, 0xB4, 0x00, 0x00, 0xF0, 0x00, 0x3A, 0xE0, 0x00, 0x3F, 0x40, 0x00, 0x03,
    0xFF, 0xFF, 0x00, 0xBC, 0x0B, 0x00, 0xF4, 0x06, 0x00, 0xF0, 0x06, 0x01, 0xF0, 0x00, 0x3F, 0xFF,
    0x00, 0x03, 0xD0, 0x00, 0x03, 0xC0, 0x00, 0x07, 0xC0, 0x00, 0x0B, 0x80, 0x00, 0x0F, 0x40, 0x00,
    0xFF, 0xF4, 0x00, 0x07, 0xF8, 0x19, 0x1D, 0x00, 0x7C, 0x3F, 0xFD, 0x1F, 0x90, 0x38, 0x00, 0x38,
    0x78, 0x2F, 0xD0, 0x03, 0xFF, 0xFF, 0x40, 0x2F, 0x01, 0xD0, 0x0F, 0x40, 0x30, 0x03, 0xC0, 0x0C,
    0x01, 0xF0, 0x00, 0x00, 0xBF, 0xFD, 0x00, 0x3D, 0x07, 0xE0, 0x0F, 0x00, 0x7C, 0x07, 0xC0, 0x0F,
    0x42, 0xE0, 0x03, 0xD0, 0xF8, 0x01, 0xF3, 0xFF, 0xD0, 0xBC, 0x00, 0x00, 0x3E, 0x00, 0x1D, 0x2F,
    0x00, 0x0F, 0x5F, 0x00, 0x01, 0xFE, 0x00, 0x0F, 0xFE, 0x1D, 0x00, 0x2C, 0x00, 0x3F, 0xE4, 0x38,
    0x7C, 0x78, 0x1D, 0xB4, 0x2D, 0x70, 0x3C, 0x00, 0x3C, 0x00, 0x78, 0x1D, 0xF0, 0x1F, 0x80, 0x02,
    0xFE, 0x0F, 0xFF, 0x0B, 0xF8, 0x00, 0xE0, 0x07, 0xC0, 0x0E, 0x00, 0x00, 0xD0, 0x2E, 0x01, 0xC0,
    0x00, 0x00, 0xC0, 0xF4, 0x28, 0x00, 0x00, 0x01, 0xC3, 0xC3, 0x40, 0x00, 0x00, 0x0F, 0x9F, 0x7D,
    0x00, 0x00, 0x00, 0xFA, 0xFE, 0xBC, 0x00, 0x00, 0x0F, 0x83, 0xE0, 0xF4, 0x00, 0x00, 0xB8, 0x0F,
    0x02, 0xF0, 0x00, 0x0B, 0x80, 0x7C, 0x03, 0xD0, 0x00, 0xBC, 0x02, 0xE0, 0x0F, 0x80, 0x2F, 0xF8,
    0xBF, 0xF0, 0x7F, 0xC0, 0x00, 0x00, 0x00, 0x00, 0x07, 0x00, 0x00, 0x00, 0x00, 0x00, 0x0C, 0x00,
    0x00, 0x00, 0x00, 0x00, 0x30, 0x00, 0x07, 0xF4, 0x0D, 0x02, 0xFC, 0x0A, 0x0B, 0x47, 0x87, 0xC7,
    0x41, 0x01, 0xE2, 0xD3, 0xC0, 0x00, 0x00, 0x7F, 0xFF, 0xE0, 0x00, 0x00, 0x2D, 0x38, 0xB4, 0x00,
    0x00, 0x0F, 0x1E, 0x2C, 0x00, 0x07, 0x0F, 0x0B, 0x47, 0x81, 0xE1, 0xFE, 0x02, 0xC0, 0x7F, 0xA4,
    0x00, 0x00, 0x00, 0x00, 0x06, 0x00, 0x00, 0x00, 0x00, 0x03, 0xC0, 0x00, 0x00, 0x00, 0x02, 0xE0,
    0x00, 0x00, 0x00, 0x00, 0x00, 0x06, 0x7F, 0x90, 0x3E, 0x03, 0xD0, 0xE0, 0x0F, 0x83, 0x00, 0x3C,
    0x00, 0x07, 0xD0, 0x07, 0xF8, 0x00, 0x00, 0x78, 0x00, 0x00, 0xF4, 0x40, 0x03, 0xE3, 0x00, 0x0F,
    0x4C, 0x00, 0xB8, 0x1C, 0x0B, 0x80, 0x0B, 0xD0, 0x00, 0x07, 0x80, 0x00, 0x2E, 0x00, 0x1F, 0xE0,
    0x00, 0x01, 0xBF, 0x00, 0xD0, 0xF0, 0x00, 0x78, 0x03, 0xF8, 0x00, 0x0B, 0x4B, 0x01, 0xE2, 0xC0,
    0xF0, 0x2A, 0xE0, 0x03, 0xC0, 0x00, 0x7C, 0x00, 0x1F, 0x00, 0xFE, 0x00, 0x03, 0xFF, 0x83, 0xFD,
    0x00, 0xBC, 0x01, 0xD0, 0x00, 0xF8, 0x07, 0x00, 0x00, 0xF4, 0x28, 0x00, 0x01, 0xF0, 0xD0, 0x00,
    0x02, 0xF7, 0xD0, 0x00, 0x03, 0xFA, 0xE0, 0x00, 0x03, 0xD1, 0xF0, 0x00, 0x07, 0xC0, 0xF8, 0x00,
    0x0B, 0xC0, 0x7C, 0x00, 0x0F, 0x80, 0x3E, 0x00, 0xFF, 0xF0, 0xFF, 0xC0, 0x00, 0x00, 0x02, 0xC0,
    0x00, 0x00, 0x00, 0xC0, 0x00, 0x00, 0x00, 0x80, 0x2E, 0x02, 0xD6, 0x74, 0x9D, 0x0B, 0x60, 0x00,
    0xFD, 0x00, 0x0F, 0xBC, 0x01, 0xE2, 0xC0, 0x2D, 0x2C, 0x82, 0xC0, 0xFC, 0x00, 0x00, 0x90, 0x00,
    0x0F, 0x00, 0x03, 0xE0, 0x00, 0x00, 0x00, 0x00, 0x00, 0x00, 0x00, 0xFF, 0xE0, 0x1F, 0xF0, 0x0B,
    0xC0, 0x03, 0x80, 0x03, 0xE4, 0x07, 0x40, 0x00, 0xF7, 0x0A, 0x00, 0x00, 0x7C, 0x9D, 0x00, 0x00,
    0x2F, 0xFF, 0x00, 0x00, 0x0F, 0xA7, 0xE0, 0x00, 0x03, 0xDC, 0x7D, 0x00, 0x01, 0xF0, 0x0F, 0xC0,
    0x00, 0xBC, 0x01, 0xF4, 0x00, 0x3E, 0x00, 0x2F, 0x00, 0xFF, 0xF0, 0x2F, 0xF4, 0x00, 0x2E, 0x00,
    0xB5, 0x9D, 0x06, 0xD0, 0xB2, 0x00, 0x03, 0xFE, 0x40, 0x0E, 0x2F, 0x00, 0x74, 0x2C, 0x02, 0xC0,
    0xB2, 0x4B, 0x00, 0xF8, 0x03, 0xFF, 0x83, 0xFD, 0x00, 0xBC, 0x01, 0x80, 0x0F, 0xFF, 0x8A, 0x00,
    0x00, 0xF0, 0x24, 0x00, 0x01, 0xF0, 0xC0, 0x00, 0x02, 0xF7, 0xD0, 0x00, 0x03, 0xF6, 0xF0, 0x00,
    0x03, 0xD0, 0xF0, 0x00, 0x07, 0xC0, 0xF8, 0x00, 0x0B, 0xC0, 0x7C, 0x00, 0x0F, 0x80, 0x3E, 0x00,
    0xFF, 0xF0, 0xFF, 0xC0, 0x00, 0x00, 0x03, 0xE0, 0x00, 0x78, 0x00, 0xBF, 0xC0, 0x0B, 0x00, 0x03,
    0xC2, 0xD0, 0xE2, 0x74, 0x76, 0x00, 0x2F, 0x40, 0x0F, 0xBC, 0x07, 0x8B, 0x02, 0xD2, 0xC9, 0xB0,
    0x3E, 0x00, 0x2F, 0xFF, 0xD0, 0xFF, 0x0E, 0x0F, 0x80, 0x1D, 0x06, 0x03, 0xD0, 0x28, 0x02, 0x01,
    0xF0, 0x34, 0x00, 0x00, 0xBC, 0x70, 0x00, 0x00, 0x3E, 0xBC, 0x00, 0x00, 0x0F, 0xDF, 0x40, 0x00,
    0x07, 0xC2, 0xF0, 0x00, 0x02, 0xF0, 0x3D, 0x00, 0x00, 0xF8, 0x0B, 0xC0, 0x00, 0x3D, 0x01, 0xF4,
    0x00, 0xFF, 0xE1, 0xFF, 0x80, 0x7F, 0xF4, 0x3C, 0xB0, 0xB5, 0xAC, 0x00, 0xF6, 0x00, 0x00, 0xFD,
    0x00, 0x01, 0xE7, 0x80, 0x02, 0xD3, 0xC9, 0x03, 0xC3, 0xCC, 0x02, 0x80, 0xF4, 0x00, 0x00, 0x00,
    0x00, 0x03, 0xFF, 0x8F, 0xFF, 0x00, 0xBC, 0x01, 0xF0, 0x00, 0xF8, 0x02, 0xE0, 0x00, 0xF0, 0x03,
    0xD0, 0x01, 0xF0, 0x03, 0xC0, 0x02, 0xFF, 0xFF, 0xC0, 0x03, 0xD0, 0x0B, 0x80, 0x03, 0xC0, 0x0F,
    0x40, 0x07, 0xC0, 0x0F, 0x00, 0x0B, 0x80, 0x1F, 0x00, 0x0F, 0x80, 0x2E, 0x00, 0xFF, 0xF2, 0xFF,
    0xD0, 0x00, 0x00, 0x01, 0xD0, 0x00, 0x00, 0x00, 0xD0, 0x00, 0x00, 0x00, 0xC0, 0x2E, 0x00, 0x01,
    0x9D, 0x03, 0x44, 0xB0, 0x2D, 0x03, 0xFF, 0xF0, 0x0E, 0x03, 0x80, 0x78, 0x1D, 0x02, 0xD0, 0x76,
    0x0B, 0x00, 0xFC, 0x00, 0x00, 0x24, 0x00, 0x00, 0xF0, 0x00, 0x0F, 0x80, 0x00, 0x00, 0x03, 0xFF,
    0x8F, 0xFF, 0xFC, 0x02, 0xF0, 0x07, 0xC0, 0xB0, 0x0F, 0x80, 0x2E, 0x01, 0x80, 0x3C, 0x00, 0xF4,
    0x05, 0x01, 0xF0, 0x03, 0xC0, 0x00, 0x0B, 0xFF, 0xFF, 0x00, 0x00, 0x3D, 0x00, 0xB8, 0x00, 0x00,
    0xF0, 0x03, 0xD0, 0x00, 0x07, 0xC0, 0x0F, 0x00, 0x00, 0x2E, 0x00, 0x7C, 0x00, 0x00, 0xF8, 0x02,
    0xE0, 0x00, 0x3F, 0xFC, 0xBF, 0xF0, 0x00, 0x2E, 0x00, 0xFF, 0xD6, 0x74, 0x1E, 0x0E, 0x4B, 0x02,
    0xD0, 0x80, 0xFF, 0xFC, 0x00, 0x0E, 0x03, 0xC0, 0x01, 0xD0, 0x78, 0x00, 0x2C, 0x07, 0x64, 0x02,
    0x80, 0x2E, 0x00, 0x03, 0xFF, 0xFF, 0xFF, 0x00, 0x00, 0xBC, 0x01, 0xF0, 0x00, 0x00, 0xF8, 0x02,
    0xE0, 0x00, 0x00, 0xF4, 0x03, 0xD0, 0x00, 0x01, 0xF0, 0x03, 0xC0, 0x00, 0x02, 0xF0, 0x07, 0xFF,
    0x90, 0x03, 0xE0, 0x0B, 0x82, 0xF4, 0x03, 0xD0, 0x0F, 0x40, 0xBC, 0x07, 0xC0, 0x0F, 0x00, 0x7C,
    0x0B, 0xC0, 0x1F, 0x00, 0x7C, 0x0F, 0x80, 0x2E, 0x00, 0xBC, 0xFF, 0xF2, 0xFF, 0xC0, 0xF8, 0x00,
    0x00, 0x00, 0x00, 0xF0, 0x00, 0x00, 0x02, 0xD3, 0xE0, 0x00, 0x00, 0x03, 0xDB, 0x80, 0x00, 0x00,
    0x01, 0xFD, 0x00, 0x00, 0x00, 0x00, 0x0B, 0x8B, 0xC0, 0x03, 0x7D, 0x38, 0x02, 0x6D, 0x0E, 0x00,
    0x0F, 0x07, 0x80, 0x03, 0xC2, 0xEB, 0x81, 0xE0, 0xF0, 0x74, 0xB0, 0x3C, 0x2D, 0x2C, 0x0D, 0x0F,
    0x00, 0x00, 0x03, 0xC0, 0x00, 0x01, 0xD0, 0x00, 0x1D, 0xF0, 0x00, 0x07, 0xE0, 0x00, 0x00, 0x2F,
    0xF8, 0x00, 0x2F, 0x40, 0xB0, 0x0B, 0xC0, 0x00, 0x00, 0xF4, 0x0B, 0xF4, 0x2F, 0x03, 0x83, 0xC3,
    0xE0, 0xB0, 0x2C, 0x3D, 0x0E, 0x03, 0xC7, 0xC1, 0xD0, 0x38, 0x7C, 0x1C, 0x0B, 0x07, 0xC1, 0xC1,
    0xE0, 0x3E, 0x0D, 0xB8, 0x00, 0x7F, 0xFD, 0x00, 0x00, 0x01, 0xFE, 0x00, 0x01, 0xFE, 0x02, 0xD0,
    0x01, 0xE2, 0xF4, 0xB5, 0xCB, 0x3C, 0xE3, 0x8F, 0x35, 0xD3, 0xCD, 0xF0, 0x2F, 0xE0, 0x00, 0x2F,
    0x00, 0x00, 0x1B, 0xF8, 0x90, 0x0B, 0x80, 0xBC, 0x03, 0xD0, 0x03, 0xC0, 0xB8, 0x00, 0x28, 0x1F,
    0x00, 0x02, 0x43, 0xE0, 0x00, 0x00, 0x3D, 0x00, 0x00, 0x03, 0xC0, 0x00, 0x00, 0x3C, 0x00, 0x05,
    0x03, 0xC0, 0x00, 0xC0, 0x2D, 0x00, 0x24, 0x00, 0xB4, 0x18, 0x00, 0x00, 0x7C, 0x00, 0x00, 0x00,
    0xE0, 0x00, 0x00, 0x2E, 0x00, 0x00, 0x7F, 0x40, 0x00, 0x02, 0xFD, 0x0F, 0x4D, 0x2D, 0x00, 0x3C,
    0x00, 0x78, 0x00, 0xB4, 0x00, 0x74, 0x06, 0x2D, 0xA8, 0x07, 0x80, 0x02, 0xD0, 0x02, 0xD0, 0x7F,
    0x40, 0x2F, 0xFF, 0xFF, 0x38, 0x3E, 0x0E, 0x60, 0x3D, 0x09, 0x90, 0x7C, 0x09, 0x00, 0xBC, 0x00,
    0x00, 0xF8, 0x00, 0x00, 0xF4, 0x00, 0x01, 0xF0, 0x00, 0x02, 0xF0, 0x00, 0x03, 0xE0, 0x00, 0x03,
    0xD0, 0x00, 0xFF, 0xFE, 0x00, 0x00, 0x1D, 0x00, 0x00, 0x09, 0x00, 0x00, 0x08, 0x00, 0x2E, 0x2F,
    0x4B, 0xD0, 0x77, 0xD2, 0xE4, 0xB0, 0x9B, 0x42, 0xD0, 0xB0, 0x0F, 0x03, 0xC0, 0xF0, 0x0F, 0x03,
    0x80, 0xE0, 0x1E, 0x07, 0x42, 0xC0, 0x2D, 0x0B, 0x02, 0xCC, 0x2C, 0x0B, 0x01, 0xFC, 0x00, 0x00,
    0x00, 0x0C, 0x00, 0x00, 0x00, 0x0E, 0x00, 0x00, 0x00, 0x3D, 0x00, 0x00, 0x00, 0x00, 0x7F, 0xF0,
    0x2F, 0xE0, 0xBC, 0x00, 0xE0, 0x07, 0xD0, 0x28, 0x00, 0x3E, 0x07, 0x00, 0x02, 0xF1, 0xC0, 0x00,
    0x1F, 0xB0, 0x00, 0x00, 0xFD, 0x00, 0x00, 0x0B, 0x80, 0x00, 0x00, 0xF4, 0x00, 0x00, 0x0F, 0x00,
    0x00, 0x01, 0xF0, 0x00, 0x01, 0xFF, 0xD0, 0x00, 0x2E, 0x00, 0x2F, 0x29, 0xD0, 0x2A, 0xC0, 0x38,
    0x1C, 0x00, 0x0F, 0x0C, 0x00, 0x03, 0xC6, 0x00, 0x00, 0xB7, 0x00, 0x00, 0x2F, 0x00, 0x00, 0x07,
    0x80, 0x00, 0x02, 0xC0, 0x00, 0x00, 0xF0, 0x00, 0x00, 0xFF, 0x00, 0x00, 0x00, 0x00, 0x00, 0x7F,
    0xF0, 0x2F, 0xE0, 0xBC, 0x00, 0xE0, 0x07, 0xD0, 0x28, 0x00, 0x3E, 0x0A, 0x00, 0x02, 0xF1, 0xC0,
    0x00, 0x0F, 0xB0, 0x00, 0x00, 0xFC, 0x00, 0x00, 0xFF, 0xFC, 0x00, 0x00, 0xF4, 0x00, 0x00, 0x0F,
    0x00, 0x00, 0x01, 0xF0, 0x00, 0x01, 0xFF, 0xD0, 0x00, 0x2E, 0x00, 0x2F, 0x0D, 0xD0, 0x2A, 0xC0,
    0x38, 0x0C, 0x00, 0x0F, 0x0D, 0x00, 0x03, 0xC6, 0x00, 0x00, 0xB3, 0x00, 0x00, 0x2F, 0x40, 0x00,
    0x07, 0x80, 0x00, 0x0F, 0xFC, 0x00, 0x00, 0xB0, 0x00, 0x01, 0xFF, 0x00, 0x00, 0x03, 0xFF, 0x8F,
    0xF8, 0x00, 0xF4, 0x0D, 0x00, 0x03, 0xF0, 0xD0, 0x00, 0x07, 0xDD, 0x00, 0x00, 0x0F, 0xD0, 0x00,
    0x00, 0x2F, 0x00, 0x00, 0x00, 0xBD, 0x00, 0x00, 0x0A, 0xFC, 0x00, 0x00, 0xA1, 0xF0, 0x00, 0x07,
    0x03, 0xE0, 0x00, 0x70, 0x0B, 0xC0, 0x2F, 0xF0, 0xFF, 0xF0, 0x00, 0x00, 0x02, 0xC0, 0x00, 0x00,
    0x06, 0x00, 0x00, 0x00, 0x18, 0x00, 0x0B, 0xD3, 0xE0, 0x81, 0xF2, 0xC0, 0x07, 0x80, 0x00, 0x2C,
    0x00, 0x00, 0xF0, 0x00, 0x03, 0x80, 0xCB, 0x2E, 0x0E, 0x1F, 0x4F, 0xD8, 0x00, 0x00, 0x70, 0x00,
    0x03, 0xC0, 0x00, 0x29, 0x00, 0x1F, 0xFF, 0xFE, 0x3F, 0xFC, 0xB0, 0xB8, 0x38, 0x1F, 0x03, 0x03,
    0xD0, 0x90, 0xB8, 0x18, 0x0F, 0x02, 0x03, 0xD0, 0x00, 0x7C, 0x00, 0x0F, 0x00, 0x02, 0xE0, 0x00,
    0x7C, 0x00, 0x0F, 0x40, 0x02, 0xE0, 0x00, 0x3C, 0x00, 0x0F, 0x40, 0x01, 0xF0, 0x00, 0x3C, 0x00,
    0x0B, 0x80, 0x01, 0xF0, 0x00, 0x3D, 0x00, 0x0B, 0x80, 0x0F, 0xFF, 0xFF, 0xFF, 0xD0, 0x00, 0x00,
    0x00, 0x07, 0x40, 0x00, 0x00, 0x00, 0x0C, 0x00, 0x00, 0x00, 0x00, 0x30, 0x00, 0x7F, 0xFF, 0xC7,
    0x0B, 0x0B, 0x40, 0xB0, 0x00, 0xB0, 0x0F, 0x00, 0x0F, 0x00, 0xE0, 0x00, 0xE0, 0x1D, 0x00, 0x1D,
    0x02, 0xC0, 0x01, 0xE0, 0xBD, 0x80, 0x0B, 0xF1, 0xF8, 0x00, 0x00, 0x00, 0xC0, 0x00, 0x00, 0x1D,
    0x00, 0x00, 0x07, 0xC0, 0x00, 0x00, 0x40, 0x3F, 0xF8, 0xFF, 0xF0, 0xBC, 0x01, 0xF0, 0x0F, 0x80,
    0x2E, 0x00, 0xF4, 0x03, 0xD0, 0x1F, 0x00, 0x3C, 0x00, 0xF0, 0x07, 0xC0, 0x03, 0xFE, 0xF8, 0x00,
    0x00, 0x0F, 0x40, 0x00, 0x00, 0xF0, 0x00, 0x00, 0x1F, 0x00, 0x00, 0x02, 0xE0, 0x00, 0x02, 0xFF,
    0xD0, 0x00, 0x00, 0x1D, 0x00, 0x00, 0x00, 0xC0, 0x00, 0x00, 0x0C, 0x00, 0x1E, 0x00, 0x00, 0x9D,
    0x0B, 0x00, 0xB4, 0x3C, 0x02, 0xD2, 0xE0, 0x03, 0xFF, 0x40, 0x00, 0x3C, 0x00, 0x00, 0xE6, 0x00,
    0x01, 0xF8, 0x00, 0x00, 0x30, 0x00, 0x01, 0xD0, 0x00, 0x1F, 0x00, 0x00, 0x40, 0x3F, 0xF8, 0xFF,
    0xF0, 0xB8, 0x01, 0xF0, 0x0F, 0x40, 0x2E, 0x00, 0xF0, 0x03, 0xD0, 0x1F, 0x08, 0x3C, 0x00, 0xF1,
    0x9B, 0xC0, 0x03, 0xFE, 0xF8, 0x00, 0x02, 0x0F, 0x40, 0x00, 0x30, 0xF0, 0x00, 0x01, 0x1F, 0x00,
    0x00, 0x02, 0xE0, 0x00, 0x02, 0xFF, 0xC0, 0x00, 0x00, 0x00, 0x00, 0x1E, 0x00, 0x80, 0xDD, 0x0B,
    0x09, 0xB4, 0x3C, 0x02, 0xC9, 0xD0, 0x02, 0xAF, 0x00, 0x01, 0x3C, 0x00, 0x00, 0xF2, 0x00, 0x01,
    0xF0, 0x03, 0xFF, 0x80, 0x00, 0x0B, 0xC0, 0x00, 0x00, 0xF8, 0x00, 0x00, 0x0F, 0x5F, 0xE0, 0x01,
    0xFE, 0x0B, 0x80, 0x2F, 0x40, 0x78, 0x03, 0xE0, 0x0B, 0x80, 0x3D, 0x00, 0xF4, 0x07, 0xC0, 0x0F,
    0x00, 0xBC, 0x01, 0xF0, 0x0F, 0x80, 0x2E, 0x0F, 0xFF, 0x2F, 0xFC, 0x0F, 0x80, 0x00, 0x78, 0x00,
    0x0B, 0x40, 0x00, 0xF0, 0x00, 0x0F, 0xBD, 0x01, 0xF4, 0xB0, 0x2D, 0x0B, 0x03, 0xC0, 0xF0, 0x3C,
    0x0E, 0x07, 0x82, 0xC0, 0xB4, 0x2C, 0x9B, 0x00, 0xF4, 0x00, 0x02, 0xFF, 0x80, 0x00, 0x7D, 0x07,
    0xC7, 0x8B, 0xC0, 0x0B, 0x7D, 0x7C, 0x00, 0x2D, 0xA3, 0xE0, 0x00, 0xF4, 0x7F, 0xFF, 0xFF, 0xC0,
    0x7C, 0x00, 0x00, 0x01, 0xF0, 0x00, 0x00, 0x07, 0xC0, 0x00, 0x00, 0x0F, 0x00, 0x00, 0x00, 0x1F,
    0x00, 0x68, 0x00, 0x1B, 0xFE, 0x40, 0x00, 0x2F, 0x82, 0x1E, 0x09, 0xB7, 0xC1, 0xD2, 0xFF, 0xE4,
    0x0B, 0x40, 0x00, 0xB0, 0x00, 0x03, 0x81, 0xD0, 0x1F, 0xE0, 0x00, 0x02, 0xFF, 0x80, 0x00, 0x7D,
    0x07, 0xC7, 0x8B, 0xC0, 0x0B, 0x7D, 0x7C, 0x00, 0x2D, 0xA3, 0xE0, 0x00, 0xF4, 0x7F, 0xFF, 0xFF,
    0xC0, 0x7C, 0x00, 0x00, 0x01, 0xF0, 0x00, 0x00, 0x07, 0xC0, 0x00, 0x00, 0x0F, 0x00, 0x00, 0x00,
    0x1F, 0x00, 0x64, 0x00, 0x1B, 0xFE, 0x00, 0x00, 0x0B, 0x00, 0x00, 0x00, 0x34, 0x00, 0x00, 0x01,
    0xD0, 0x00, 0x00, 0x03, 0xE0, 0x00, 0x00, 0x2F, 0x82, 0x1E, 0x09, 0xB7, 0xC1, 0xD2, 0xFF, 0xE4,
    0x0B, 0x40, 0x00, 0xB0, 0x00, 0x07, 0x81, 0xD0, 0x1F, 0xF0, 0x00, 0x1C, 0x00, 0x03, 0x00, 0x00,
    0x74, 0x00, 0x03, 0xF0, 0x03, 0xFF, 0xC0, 0x2F, 0x00, 0x0F, 0x80, 0x03, 0xD0, 0x01, 0xF0, 0x00,
    0xBC, 0x00, 0x3E, 0x00, 0x0F, 0x40, 0x07, 0xC0, 0x02, 0xF0, 0x00, 0xF8, 0x03, 0xFF, 0xC0, 0x00,
    0x00, 0x02, 0x01, 0x80, 0x00, 0x00, 0x00, 0x07, 0xF8, 0x00, 0x00, 0x00, 0x00, 0x00, 0x00, 0x00,
    0x00, 0xBF, 0x83, 0xFF, 0xC2, 0xFE, 0x00, 0x38, 0x01, 0xF0, 0x03, 0x40, 0x00, 0x34, 0x0B, 0x80,
    0x70, 0x00, 0x00, 0x30, 0x3D, 0x0A, 0x00, 0x00, 0x00, 0x70, 0xF0, 0xE0, 0x00, 0x00, 0x03, 0xF7,
    0xDF, 0x80, 0x00, 0x00, 0x3E, 0xBF, 0xAF, 0x00, 0x00, 0x03, 0xE0, 0xF8, 0x3D, 0x00, 0x00, 0x2E,
    0x03, 0xC0, 0xBC, 0x00, 0x02, 0xE0, 0x1F, 0x00, 0xF4, 0x00, 0x2F, 0x00, 0xB8, 0x03, 0xE0, 0x0B,
    0xFE, 0x2F, 0xFC, 0x3F, 0xF0, 0x00, 0x00, 0x00, 0x20, 0x14, 0x00, 0x00, 0x00, 0x2F, 0xD0, 0x00,
    0x00, 0x00, 0x00, 0x00, 0x00, 0x07, 0xF4, 0x0D, 0x02, 0xFC, 0x28, 0x2D, 0x1E, 0x1F, 0x1D, 0x10,
    0x1E, 0x2D, 0x3C, 0x00, 0x00, 0x1F, 0xFF, 0xF8, 0x00, 0x00, 0x3D, 0x38, 0xB4, 0x00, 0x00, 0x3C,
    0x78, 0xB0, 0x00, 0x75, 0xF0, 0xB4, 0x74, 0x1D, 0x7F, 0x80, 0xB0, 0x1F, 0xF4, 0x03, 0xFF, 0x83,
    0xFD, 0x00, 0xBC, 0x01, 0xD0, 0x00, 0xF4, 0x0A, 0x00, 0x00, 0xF0, 0x74, 0x00, 0x01, 0xF2, 0x80,
    0x00, 0x02, 0xFF, 0xF8, 0x00, 0x03, 0xD0, 0x2F, 0x00, 0x03, 0xC0, 0x0F, 0x80, 0x07, 0xC0, 0x0B,
    0xC0, 0x0B, 0x80, 0x0B, 0xC0, 0x0F, 0x80, 0x0F, 0x80, 0xFF, 0xF0, 0x0F, 0x40, 0x00, 0x00, 0x1F,
    0x00, 0x00, 0x00, 0x3D, 0x00, 0x00, 0x3C, 0xF8, 0x00, 0x00, 0x3F, 0x90, 0x00, 0x2E, 0x02, 0xD6,
    0x74, 0x5D, 0x0B, 0x40, 0x00, 0xFF, 0xD0, 0x0E, 0x1F, 0x41, 0xD0, 0x74, 0x2D, 0x0B, 0x02, 0xC0,
    0xF0, 0x00, 0x0F, 0x00, 0x01, 0xE0, 0x07, 0x7C, 0x00, 0x7E, 0x00, 0x00, 0x2F, 0xFF, 0xFF, 0x00,
    0x03, 0x01, 0xF0, 0x00, 0x06, 0x02, 0xE0, 0x00, 0x09, 0x03, 0xD0, 0x00, 0x0C, 0x03, 0xC0, 0x00,
    0x0C, 0x07, 0xC0, 0x00, 0x24, 0x0B, 0x80, 0x00, 0x30, 0x0F, 0x40, 0x00, 0x60, 0x0F, 0x00, 0x3C,
    0xD0, 0x1F, 0x00, 0xBA, 0x80, 0x2E, 0x00, 0x7E, 0x02, 0xFF, 0xC0, 0x00, 0x00, 0x03, 0x40, 0x00,
    0x00, 0x0D, 0x00, 0x00, 0x00, 0x38, 0x00, 0x00, 0x1F, 0x40, 0x00, 0xCF, 0x00, 0x09, 0x3C, 0x00,
    0x30, 0xE0, 0x01, 0x87, 0x40, 0x0D, 0x2C, 0x0B, 0xB0, 0xE1, 0x2E, 0x02, 0xF8, 0x00, 0x00, 0x30,
    0x00, 0x01, 0xD0, 0x00, 0x1F, 0x00, 0x00, 0x40, 0x03, 0xFF, 0x8F, 0xFF, 0x00, 0xBC, 0x01, 0xF0,
    0x00, 0xF8, 0x02, 0xE0, 0x00, 0xF0, 0x03, 0xD0, 0x01, 0xF0, 0x03, 0xC0, 0x02, 0xFF, 0xFF, 0xC0,
    0x03, 0xD0, 0x0B, 0x80, 0x03, 0xC0, 0x0F, 0x40, 0x07, 0xC0, 0x0F, 0x00, 0x0B, 0x80, 0x1F, 0x00,
    0x0F, 0x80, 0x2E, 0x00, 0xFF, 0xF0, 0x3D, 0x00, 0x00, 0x2C, 0x3C, 0x00, 0x00, 0x3C, 0x7C, 0x00,
    0x00, 0x3C, 0xF4, 0x00, 0x00, 0x1F, 0x80, 0x00, 0x2E, 0x00, 0x86, 0x74, 0x1D, 0x4B, 0x02, 0xD0,
    0xFF, 0xFC, 0x0E, 0x03, 0xC1, 0xD0, 0x78, 0x2D, 0x0B, 0x42, 0xC0, 0xF0, 0x00, 0x0F, 0x00, 0x01,
    0xD0, 0x07, 0x7C, 0x00, 0x7E, 0x00, 0x00, 0x00, 0x00, 0x00, 0x03, 0xFF, 0x8F, 0xFF, 0x00, 0xBC,
    0x01, 0xF0, 0x00, 0xF8, 0x02, 0xE0, 0x00, 0xF0, 0x03, 0xD0, 0x01, 0xF0, 0x03, 0xC0, 0x02, 0xFF,
    0xFF, 0xC0, 0x03, 0xD0, 0x0B, 0x80, 0x03, 0xC0, 0x0F, 0x40, 0x07, 0xC0, 0x0F, 0x00, 0x0B, 0x80,
    0x1F, 0x00, 0x0F, 0x80, 0x2E, 0x00, 0xFF, 0xF2, 0xFF, 0xD0, 0x00, 0x00, 0x03, 0x80, 0x00, 0x00,
    0x0E, 0x00, 0x00, 0x00, 0x38, 0x00, 0x3F, 0xF8, 0xFF, 0xF0, 0xBC, 0x01, 0xF0, 0x0F, 0x80, 0x2E,
    0x00, 0xF4, 0x03, 0xD0, 0x1F, 0x00, 0x3C, 0x00, 0xF0, 0x07, 0xC0, 0x03, 0xFD, 0xF8, 0x00, 0x00,
    0x0F, 0x40, 0x00, 0x00, 0xF0, 0x00, 0x00, 0x1F, 0x00, 0x00, 0x02, 0xE0, 0x00, 0x03, 0xFF, 0xC0,
    0x00, 0x74, 0x00, 0x00, 0x0D, 0x00, 0x00, 0x00, 0xC0, 0x00, 0x00, 0x1E, 0x00, 0x40, 0xDD, 0x0B,
    0x09, 0xB4, 0x3C, 0x02, 0xC2, 0xE0, 0x03, 0xFF, 0x40, 0x00, 0x3C, 0x80, 0x00, 0xF6, 0x00, 0x01,
    0xF0, 0x00, 0x00, 0x80, 0x00, 0x06, 0x00, 0x2F, 0xE0, 0x00, 0x03, 0xFC, 0x00, 0x07, 0xFC, 0x02,
    0xF4, 0x00, 0x3F, 0x00, 0x0E, 0xE0, 0x03, 0x78, 0x00, 0x33, 0x80, 0x16, 0xD0, 0x01, 0xCF, 0x00,
    0xCF, 0x00, 0x0A, 0x3C, 0x08, 0x3C, 0x00, 0x34, 0xB0, 0x61, 0xE0, 0x00, 0xC2, 0xD3, 0x0B, 0x40,
    0x07, 0x07, 0xA4, 0x3C, 0x00, 0x28, 0x1F, 0x80, 0xF0, 0x00, 0xD0, 0x3C, 0x07, 0x80, 0x3F, 0xE0,
    0xD1, 0xFF, 0xD0, 0x00, 0x00, 0x00, 0x0E, 0x00, 0x00, 0x00, 0x00, 0xE0, 0x00, 0x00, 0x00, 0x0E,
    0x00, 0x00, 0x00, 0x60, 0x01, 0x80, 0x03, 0xD0, 0x1F, 0x00, 0x0F, 0x80, 0xFC, 0x00, 0x6F, 0x09,
    0xE0, 0x02, 0x6C, 0x5B, 0x40, 0x0C, 0x76, 0x3C, 0x0B, 0x61, 0xF0, 0xF6, 0x2F, 0x03, 0x42, 0xF8,
    0x00, 0x00, 0x00, 0x30, 0x00, 0x00, 0x02, 0xD0, 0x00, 0x00, 0x2F, 0x00, 0x00, 0x00, 0x40, 0x00,
    0x02, 0x00, 0x80, 0x00, 0x7F, 0x80, 0x00, 0x00, 0x00, 0x00, 0x01, 0xC0, 0x00, 0x00, 0xF0, 0x00,
    0x00, 0xBC, 0x00, 0x00, 0x7F, 0x40, 0x00, 0x33, 0xD0, 0x00, 0x28, 0xF4, 0x00, 0x0C, 0x3E, 0x00,
    0x0D, 0x0B, 0x80, 0x07, 0xFF, 0xF0, 0x03, 0x00, 0x7C, 0x02, 0x80, 0x1F, 0x0B, 0xF8, 0x3F, 0xF8,
    0x00, 0x00, 0x00, 0x14, 0x18, 0x00, 0xBE, 0x00, 0x00, 0x00, 0x02, 0xF5, 0x00, 0xF0, 0xF0, 0x3C,
    0x0F, 0x07, 0xC0, 0xE0, 0xB4, 0x1D, 0x0B, 0x42, 0xC0, 0x74, 0x7C, 0xC1, 0xF8, 0xF0, 0x00, 0x02,
    0xC7, 0x80, 0x00, 0xF1, 0xD0, 0x00, 0x00, 0x00, 0x00, 0x01, 0xC0, 0x00, 0x00, 0xF0, 0x00, 0x00,
    0xBC, 0x00, 0x00, 0x7F, 0x40, 0x00, 0x33, 0xD0, 0x00, 0x28, 0xF4, 0x00, 0x0C, 0x3E, 0x00, 0x0D,
    0x0B, 0x80, 0x07, 0xFF, 0xF0, 0x03, 0x00, 0x7C, 0x02, 0x80, 0x1F, 0x0B, 0xF8, 0x3F, 0xF8, 0x01,
    0xE3, 0xC0, 0x2D, 0x3C, 0x00, 0x00, 0x00, 0x00, 0x00, 0x02, 0xF5, 0x00, 0xF0, 0xF0, 0x3C, 0x0F,
    0x07, 0xC0, 0xE0, 0xB4, 0x1D, 0x0B, 0x42, 0xC0, 0x74, 0x7C, 0xC1, 0xF8, 0xF4, 0x00, 0x03, 0xFF,
    0xFF, 0xC0, 0x00, 0x0D, 0xF0, 0x1C, 0x00, 0x02, 0x6E, 0x00, 0xC0, 0x00, 0x73, 0xD0, 0x0C, 0x00,
    0x0D, 0x3C, 0x00, 0x00, 0x02, 0x87, 0xC3, 0x40, 0x00, 0x3F, 0xFF, 0xF0, 0x00, 0x0E, 0x0F, 0x47,
    0x10, 0x01, 0xC0, 0xF0, 0x53, 0x00, 0x30, 0x1F, 0x00, 0xA0, 0x0A, 0x02, 0xE0, 0x2D, 0x0B, 0xF8,
    0xFF, 0xFF, 0xC0, 0x02, 0xF6, 0x6F, 0x40, 0xF4, 0xBD, 0x1C, 0x2E, 0x07, 0x02, 0xC3, 0xC0, 0xBF,
    0xE0, 0x3C, 0x0E, 0x00, 0x03, 0x80, 0xE0, 0x00, 0x3C, 0x7B, 0x07, 0x40, 0xFC, 0x2F, 0x80, 0x00,
    0x08, 0x02, 0x00, 0x00, 0xFE, 0x00, 0x00, 0x00, 0x00, 0x0F, 0xFF, 0xFE, 0x00, 0xBC, 0x03, 0x80,
    0x3D, 0x00, 0x90, 0x0F, 0x00, 0x24, 0x07, 0xC2, 0x00, 0x02, 0xFF, 0xC0, 0x00, 0xF4, 0xA0, 0x00,
    0x3C, 0x14, 0x20, 0x1F, 0x00, 0x24, 0x0B, 0x80, 0x0C, 0x03, 0xE0, 0x1E, 0x0F, 0xFF, 0xFF, 0x40,
    0x00, 0x00, 0x00, 0x80, 0x90, 0x1F, 0xD0, 0x00, 0x00, 0x02, 0xFC, 0x03, 0xC2, 0x83, 0xC1, 0xD1,
    0xFF, 0xD0, 0x74, 0x00, 0x1D, 0x00, 0x03, 0x81, 0xD0, 0x7F, 0x90, 0x09, 0x2F, 0xE0, 0x0F, 0xD0,
    0x7C, 0x0E, 0x00, 0x2E, 0x1C, 0x00, 0x1F, 0x00, 0x00, 0x1F, 0x00, 0x00, 0x2F, 0xBF, 0xFF, 0xFE,
    0xF4, 0x00, 0x3C, 0xF0, 0x00, 0xB8, 0xB4, 0x01, 0xF0, 0x7C, 0x0B, 0xC0, 0x1B, 0xF9, 0x00, 0x02,
    0xF8, 0x07, 0x43, 0xC0, 0x00, 0xF0, 0x2F, 0xFC, 0x38, 0x1E, 0x28, 0x0F, 0x07, 0x0B, 0x40, 0xBE,
    0x00, 0x00, 0x0F, 0x2D, 0x00, 0x07, 0x8F, 0x00, 0x00, 0x00, 0x00, 0x24, 0xBF, 0x80, 0x0F, 0xD0,
    0x3D, 0x03, 0x80, 0x03, 0xC1, 0xC0, 0x00, 0xF4, 0x00, 0x00, 0x3D, 0x00, 0x00, 0x0F, 0x6F, 0xFF,
    0xFF, 0xCF, 0x40, 0x02, 0xE3, 0xC0, 0x00, 0xF0, 0xB4, 0x00, 0xF4, 0x1F, 0x01, 0xF4, 0x00, 0xBF,
    0xE0, 0x00, 0x02, 0xD3, 0xC0, 0x2D, 0x78, 0x00, 0x00, 0x00, 0x00, 0x00, 0x02, 0xF8, 0x01, 0xD0,
    0xF0, 0x00, 0x0F, 0x00, 0xBF, 0xF0, 0x38, 0x1E, 0x0A, 0x03, 0xC0, 0x70, 0xB4, 0x02, 0xF8, 0x00,
    0x00, 0x00, 0x03, 0xC7, 0x80, 0x00, 0x00, 0x00, 0x0F, 0x2D, 0x00, 0x00, 0x00, 0x00, 0x00, 0x00,
    0x00, 0x00, 0xBF, 0x83, 0xFF, 0xC2, 0xFE, 0x00, 0x38, 0x01, 0xF0, 0x03, 0x40, 0x00, 0x34, 0x0B,
    0x80, 0x70, 0x00, 0x00, 0x30, 0x3D, 0x0A, 0x00, 0x00, 0x00, 0x70, 0xF0, 0xE0, 0x00, 0x00, 0x03,
    0xF7, 0xDF, 0x80, 0x00, 0x00, 0x3E, 0xBF, 0xAF, 0x00, 0x00, 0x03, 0xE0, 0xF8, 0x3D, 0x00, 0x00,
    0x2E, 0x03, 0xC0, 0xBC, 0x00, 0x02, 0xE0, 0x1F, 0x00, 0xF4, 0x00, 0x2F, 0x00, 0xB8, 0x03, 0xE0,
    0x0B, 0xFE, 0x2F, 0xFC, 0x3F, 0xF0, 0x00, 0x00, 0x00, 0x3C, 0xB4, 0x00, 0x00, 0x00, 0x38, 0xB4,
    0x00, 0x00, 0x00, 0x00, 0x00, 0x00, 0x00, 0x00, 0x00, 0x00, 0x00, 0x07, 0xF4, 0x0D, 0x02, 0xFC,
    0x28, 0x2D, 0x1E, 0x1F, 0x1D, 0x10, 0x1E, 0x2D, 0x3C, 0x00, 0x00, 0x1F, 0xFF, 0xF8, 0x00, 0x00,
    0x3D, 0x38, 0xB4, 0x00, 0x00, 0x3C, 0x78, 0xB0, 0x00, 0x75, 0xF0, 0xB4, 0x74, 0x1D, 0x7F, 0x80,
    0xB0, 0x1F, 0xF4, 0x00, 0x00, 0x00, 0x00, 0xF2, 0xD0, 0x07, 0x8F, 0x00, 0x00, 0x00, 0x06, 0x7F,
    0x90, 0x3E, 0x03, 0xD0, 0xE0, 0x0F, 0x83, 0x00, 0x3C, 0x00, 0x07, 0xD0, 0x07, 0xF8, 0x00, 0x00,
    0x7C, 0x00, 0x00, 0xF8, 0x00, 0x03, 0xE3, 0x00, 0x1F, 0x0E, 0x01, 0xF4, 0x0B, 0xFE, 0x00, 0x02,
    0xD3, 0xC0, 0x2D, 0x78, 0x00, 0x00, 0x00, 0x00, 0x00, 0x06, 0xFC, 0x00, 0xD0, 0xF0, 0x00, 0x1E,
    0x00, 0x3F, 0x80, 0x00, 0x2D, 0x07, 0x02, 0xD0, 0xB0, 0x7C, 0x02, 0xFD, 0x00, 0x02, 0xFF, 0xFD,
    0x03, 0x80, 0x28, 0x06, 0x01, 0xD0, 0x08, 0x0B, 0x00, 0x00, 0x7D, 0x00, 0x00, 0x57, 0xC0, 0x00,
    0x02, 0xD0, 0x00, 0x03, 0xE0, 0x00, 0x03, 0xD0, 0x3C, 0x07, 0xC0, 0x3C, 0x1F, 0x40, 0x2F, 0xF8,
    0x00, 0x03, 0xFF, 0xD0, 0x30, 0x38, 0x00, 0x0D, 0x00, 0x07, 0x00, 0x00, 0xAC, 0x00, 0x00, 0xE0,
    0x00, 0x0F, 0x02, 0xC1, 0xE0, 0x38, 0x2D, 0x03, 0x87, 0x80, 0x0F, 0xD0, 0x00, 0x00, 0x03, 0xFF,
    0xE0, 0x00, 0x00, 0x00, 0x00, 0x00, 0x00, 0x00, 0x00, 0x03, 0xFF, 0x8F, 0xFF, 0x00, 0xBC, 0x02,
    0xF0, 0x00, 0xF8, 0x0B, 0xE0, 0x00, 0xF4, 0x1F, 0xD0, 0x01, 0xF0, 0x33, 0xC0, 0x02, 0xF0, 0xC7,
    0xC0, 0x03, 0xE3, 0x4B, 0x80, 0x03, 0xD9, 0x0F, 0x40, 0x07, 0xE8, 0x0F, 0x00, 0x0B, 0xE0, 0x1F,
    0x00, 0x0F, 0xC0, 0x2E, 0x00, 0xFF, 0xF2, 0xFF, 0xC0, 0x00, 0xBF, 0xF4, 0x00, 0x00, 0x00, 0x00,
    0x00, 0x00, 0x00, 0x00, 0x1F, 0x00, 0x00, 0x8E, 0x03, 0x40, 0x74, 0x1D, 0x02, 0xC0, 0xF0, 0x0E,
    0x03, 0x80, 0x38, 0x1D, 0x00, 0xE1, 0xF6, 0x01, 0xF8, 0xB4, 0x00, 0x02, 0xD3, 0xC0, 0x00, 0x02,
    0xD7, 0x80, 0x00, 0x00, 0x00, 0x00, 0x03, 0xFF, 0x8F, 0xFF, 0x00, 0xBC, 0x02, 0xF0, 0x00, 0xF8,
    0x0B, 0xE0, 0x00, 0xF4, 0x1F, 0xD0, 0x01, 0xF0, 0x33, 0xC0, 0x02, 0xF0, 0xC7, 0xC0, 0x03, 0xE3,
    0x4B, 0x80, 0x03, 0xD9, 0x0F, 0x40, 0x07, 0xE8, 0x0F, 0x00, 0x0B, 0xE0, 0x1F, 0x00, 0x0F, 0xC0,
    0x2E, 0x00, 0xFF, 0xF2, 0xFF, 0xC0, 0x00, 0xB4, 0xF0, 0x02, 0xD7, 0x80, 0x00, 0x00, 0x00, 0x00,
    0x00, 0x1F, 0x00, 0x00, 0x8E, 0x03, 0x40, 0x74, 0x1D, 0x02, 0xC0, 0xF0, 0x0E, 0x03, 0x80, 0x38,
    0x1D, 0x00, 0xE1, 0xF6, 0x01, 0xF8, 0xB4, 0x00, 0x0F, 0x1E, 0x00, 0x03, 0xCB, 0x40, 0x00, 0x00,
    0x00, 0x00, 0x7F, 0xE0, 0x00, 0xF4, 0x1F, 0x00, 0xF0, 0x02, 0xD0, 0xF4, 0x00, 0xB8, 0x7C, 0x00,
    0x2E, 0x3E, 0x00, 0x0F, 0x8F, 0x40, 0x03, 0xD7, 0xC0, 0x02, 0xF0, 0xF0, 0x00, 0xF4, 0x3C, 0x00,
    0xB8, 0x07, 0xC0, 0xB8, 0x00, 0x6F, 0xE0, 0x00, 0x00, 0xF2, 0xD0, 0x0E, 0x2D, 0x00, 0x00, 0x00,
    0x00, 0x00, 0x01, 0xFE, 0x00, 0xB4, 0x38, 0x1E, 0x03, 0xC3, 0xC0, 0x3C, 0x3C, 0x03, 0xC3, 0x80,
    0xB4, 0x3C, 0x2E, 0x00, 0xBF, 0x40, 0x00, 0x1B, 0xF8, 0x00, 0x3D, 0x07, 0xC0, 0x3C, 0x00, 0xF4,
    0x3D, 0x00, 0x2E, 0x1F, 0x00, 0x0B, 0x8F, 0xFF, 0x83, 0xE3, 0xE1, 0xFE, 0xF4, 0xF0, 0x00, 0x7C,
    0x7C, 0x00, 0x3D, 0x0F, 0x00, 0x2E, 0x02, 0xF0, 0x2E, 0x00, 0x1B, 0xF8, 0x00, 0x01, 0xFE, 0x00,
    0xB4, 0x3C, 0x1E, 0x03, 0xC3, 0xFD, 0x3C, 0x3C, 0xFB, 0xC3, 0x80, 0xB4, 0x3C, 0x1E, 0x00, 0xBF,
    0x40, 0x00, 0x0F, 0x1E, 0x00, 0x03, 0xCB, 0x40, 0x00, 0x00, 0x00, 0x00, 0x6F, 0xE0, 0x00, 0xF4,
    0x1F, 0x00, 0xF0, 0x03, 0xD0, 0xF4, 0x00, 0xB8, 0x7C, 0x00, 0x2E, 0x3F, 0xFE, 0x0F, 0x8F, 0x87,
    0xFB, 0xD3, 0xC0, 0x01, 0xF1, 0xF0, 0x00, 0xF4, 0x3C, 0x00, 0xB8, 0x0B, 0xC0, 0xB8, 0x00, 0x6F,
    0xE0, 0x00, 0x00, 0xF2, 0xD0, 0x0E, 0x2D, 0x00, 0x00, 0x00, 0x00, 0x00, 0x01, 0xFE, 0x00, 0xB4,
    0x3C, 0x1E, 0x03, 0xC3, 0xFD, 0x3C, 0x3C, 0xFB, 0xC3, 0x80, 0xB4, 0x3C, 0x1E, 0x00, 0xBF, 0x40,
    0x00, 0x3C, 0x78, 0x00, 0x0F, 0x2D, 0x00, 0x00, 0x00, 0x00, 0x24, 0xBF, 0x80, 0x0F, 0x80, 0x7D,
    0x03, 0x40, 0x07, 0xC1, 0x80, 0x00, 0xF0, 0x00, 0x00, 0x3C, 0x02, 0xF8, 0x2F, 0x00, 0x1F, 0xEF,
    0xC0, 0x00, 0x03, 0xD2, 0x40, 0x02, 0xF0, 0x90, 0x02, 0xF0, 0x0D, 0x07, 0xF0, 0x00, 0xBF, 0x90,
    0x00, 0x02, 0xD3, 0xC0, 0x2D, 0x78, 0x00, 0x00, 0x00, 0x00, 0x00, 0x07, 0xF8, 0x01, 0xD0, 0xF0,
    0x10, 0x0F, 0x00, 0x3F, 0xF0, 0x00, 0x1E, 0x00, 0x02, 0xC0, 0xB0, 0xB4, 0x07, 0xF8, 0x00, 0x00,
    0x3F, 0xFE, 0x00, 0x00, 0x00, 0x00, 0x00, 0x00, 0x00, 0x03, 0xFF, 0x02, 0xFE, 0x0B, 0xC0, 0x0B,
    0x00, 0x3D, 0x00, 0xC0, 0x03, 0xE0, 0x24, 0x00, 0x1F, 0x07, 0x00, 0x00, 0xF4, 0xC0, 0x00, 0x0B,
    0xE8, 0x00, 0x00, 0x7F, 0x00, 0x00, 0x03, 0xD0, 0x00, 0x2C, 0x28, 0x00, 0x03, 0x8A, 0x00, 0x00,
    0x2F, 0x40, 0x00, 0x00, 0x00, 0xFF, 0xF0, 0x00, 0x00, 0x00, 0x00, 0x00, 0x00, 0x00, 0x00, 0x1F,
    0x00, 0x80, 0x8E, 0x07, 0x80, 0x74, 0x2D, 0x02, 0xC0, 0xF0, 0x0E, 0x03, 0xC0, 0x38, 0x1E, 0x00,
    0xE0, 0xF4, 0x01, 0xFF, 0xC0, 0x00, 0x0E, 0x00, 0x00, 0xB0, 0x03, 0x8B, 0x40, 0x0B, 0xF0, 0x00,
    0x00, 0x1D, 0x3C, 0x00, 0x02, 0xD3, 0x80, 0x00, 0x00, 0x00, 0x03, 0xFF, 0x02, 0xFE, 0x0B, 0xC0,
    0x0B, 0x00, 0x3D, 0x00, 0xC0, 0x03, 0xE0, 0x24, 0x00, 0x1F, 0x07, 0x00, 0x00, 0xF4, 0xC0, 0x00,
    0x0B, 0xE8, 0x00, 0x00, 0x7F, 0x00, 0x00, 0x03, 0xD0, 0x00, 0x2C, 0x28, 0x00, 0x03, 0x8A, 0x00,
    0x00, 0x2F, 0x40, 0x00, 0x00, 0x00, 0xF2, 0xD0, 0x1E, 0x2D, 0x00, 0x00, 0x00, 0x00, 0x00, 0x1F,
    0x00, 0x82, 0x38, 0x1E, 0x07, 0x42, 0xD0, 0xB0, 0x3C, 0x0E, 0x03, 0xC0, 0xE0, 0x78, 0x0E, 0x0F,
    0x40, 0x7F, 0xF0, 0x00, 0x0E, 0x00, 0x02, 0xC0, 0x38, 0xB4, 0x02, 0xFC, 0x00, 0x00, 0x07, 0xCB,
    0x00, 0x03, 0x9E, 0x40, 0x3F, 0xF0, 0x2F, 0xE0, 0xBC, 0x00, 0xB0, 0x03, 0xD0, 0x0C, 0x00, 0x3E,
    0x02, 0x40, 0x01, 0xF0, 0x70, 0x00, 0x0F, 0x4C, 0x00, 0x00, 0xBE, 0x80, 0x00, 0x07, 0xF0, 0x00,
    0x00, 0x3D, 0x00, 0x02, 0xC2, 0x80, 0x00, 0x38, 0xA0, 0x00, 0x02, 0xF4, 0x00, 0x00, 0x00, 0x00,
    0x00, 0x00, 0x79, 0xE0, 0x0A, 0x39, 0x00, 0x00, 0x00, 0x00, 0x00, 0x00, 0x7C, 0x02, 0x02, 0x38,
    0x1E, 0x01, 0xD0, 0xB4, 0x0B, 0x03, 0xC0, 0x38, 0x0F, 0x00, 0xE0, 0x78, 0x03, 0x83, 0xD0, 0x07,
    0xFF, 0x00, 0x00, 0x38, 0x00, 0x02, 0xC0, 0x0E, 0x2D, 0x00, 0x2F, 0xC0, 0x00, 0x00, 0x2D, 0x3C,
    0x00, 0x02, 0xD7, 0x80, 0x00, 0x00, 0x00, 0x03, 0xFF, 0x8F, 0xFF, 0x0B, 0xC0, 0x1F, 0x00, 0xF8,
    0x02, 0xE0, 0x0F, 0x40, 0x3D, 0x01, 0xF0, 0x03, 0xC0, 0x0F, 0x00, 0x7C, 0x00, 0x3F, 0xEF, 0x80,
    0x00, 0x00, 0xF4, 0x00, 0x00, 0x0F, 0x00, 0x00, 0x01, 0xF0, 0x00, 0x00, 0x2E, 0x00, 0x00, 0x2F,
    0xFC, 0x00, 0x00, 0x00, 0x00, 0x00, 0xB1, 0xE0, 0x03, 0xC7, 0x40, 0x00, 0x00, 0x00, 0x00, 0x00,
    0x1E, 0x00, 0x80, 0xDD, 0x0F, 0x09, 0xB4, 0x3C, 0x02, 0xC2, 0xD0, 0x03, 0xFF, 0x00, 0x00, 0x3C,
    0x00, 0x00, 0xF3, 0x00, 0x01, 0xF4, 0x03, 0xFF, 0xFF, 0x00, 0xBC, 0x0B, 0x00, 0xF8, 0x06, 0x00,
    0xF4, 0x06, 0x01, 0xF0, 0x00, 0x02, 0xF0, 0x00, 0x03, 0xE0, 0x00, 0x03, 0xD0, 0x00, 0x07, 0xC0,
    0x00, 0x0B, 0xC0, 0x00, 0x0F, 0x80, 0x00, 0xFF, 0xFC, 0x00, 0x00, 0x38, 0x00, 0x00, 0x18, 0x00,
    0x00, 0x14, 0x00, 0x06, 0xF8, 0x1D, 0x1D, 0x00, 0x2D, 0x02, 0xF8, 0x1F, 0x80, 0x38, 0x00, 0x38,
    0x78, 0x1F, 0x98, 0x00, 0x0C, 0x00, 0x2D, 0x00, 0xBC, 0x00, 0x40, 0x00, 0x00, 0x2C, 0x78, 0x00,
    0x00, 0x00, 0x3C, 0x74, 0x00, 0x00, 0x00, 0x00, 0x00, 0x00, 0x03, 0xFF, 0x80, 0x1F, 0xFD, 0x00,
    0xB8, 0x00, 0x03, 0xD0, 0x00, 0xF4, 0x00, 0x03, 0xC0, 0x00, 0xF0, 0x00, 0x0B, 0xC0, 0x01, 0xF0,
    0x00, 0x0F, 0x80, 0x02, 0xFF, 0xF8, 0x0F, 0x40, 0x03, 0xD0, 0x2F, 0x1F, 0x00, 0x03, 0xC0, 0x0F,
    0x2F, 0x00, 0x07, 0xC0, 0x1F, 0x3E, 0x00, 0x0B, 0x80, 0x2F, 0x3D, 0x00, 0x0F, 0x40, 0xBC, 0x7C,
    0x00, 0xFF, 0xFF, 0xE7, 0xFF, 0x80, 0x00, 0x2D, 0x3C, 0x00, 0x0B, 0x5E, 0x00, 0x00, 0x00, 0x00,
    0x00, 0x00, 0x00, 0x1F, 0x00, 0x00, 0x0C, 0xE0, 0x03, 0x49, 0x78, 0x02, 0xD0, 0x2F, 0xF4, 0xF0,
    0x0F, 0x0F, 0x3C, 0x07, 0x83, 0xDE, 0x01, 0xD2, 0xE7, 0x60, 0x2F, 0xD0, 0xF8, 0x00, 0x00, 0x00,
    0x00, 0x0F, 0xFE, 0x3F, 0xE0, 0x03, 0xD0, 0x34, 0x00, 0x0F, 0xC3, 0x40, 0x00, 0x1F, 0x74, 0x00,
    0x00, 0x3F, 0x40, 0x00, 0x00, 0xBC, 0x00, 0x00, 0x02, 0xF4, 0x00, 0x00, 0x2B, 0xF0, 0x00, 0x02,
    0x87, 0xC0, 0x00, 0x1C, 0x0F, 0x80, 0x01, 0xC0, 0x2F, 0x00, 0xFF, 0xC0, 0x3D, 0x00, 0x00, 0x74,
    0xF4, 0x00, 0x03, 0xD3, 0xC0, 0x00, 0x0F, 0x2D, 0x00, 0x00, 0x1F, 0xD0, 0x00, 0x0B, 0xE2, 0xF0,
    0xD0, 0xF5, 0xD0, 0x03, 0xC0, 0x00, 0x1E, 0x00, 0x00, 0xB4, 0x00, 0x03, 0xC0, 0xC7, 0x1F, 0x0A,
    0x1F, 0x8B, 0xE0, 0x00, 0x00, 0x40, 0x00, 0x08, 0x00, 0x3F, 0x80, 0x00, 0x00, 0x00, 0x00, 0x00,
    0x0F, 0xFE, 0x3F, 0xE0, 0x03, 0xD0, 0x34, 0x00, 0x0B, 0xC3, 0x00, 0x00, 0x1F, 0x70, 0x00, 0x00,
    0x3F, 0x00, 0x00, 0xBF, 0xFF, 0xFD, 0x00, 0x02, 0xF4, 0x00, 0x00, 0x2B, 0xF0, 0x00, 0x02, 0x87,
    0xC0, 0x00, 0x1C, 0x0F, 0x80, 0x01, 0xC0, 0x2F, 0x00, 0xFF, 0xC3, 0xFF, 0x80, 0x00, 0x00, 0x00,
    0x00, 0x1B, 0xE2, 0xF0, 0xD0, 0xF5, 0xD0, 0x03, 0x82, 0x07, 0xFF, 0xF4, 0x00, 0xB4, 0x00, 0x03,
    0xC0, 0x07, 0x1F, 0x06, 0x1F, 0x8B, 0xE0, 0x2A, 0x97, 0xFD, 0x00, 0x00, 0x2A, 0x97, 0xFD, 0x00,
    0x00, 0x2A, 0xAA, 0x90, 0x3F, 0xFF, 0xE0, 0xBF, 0xFF, 0xFF, 0xFF, 0xF0, 0x00, 0x00, 0x00, 0x00,
    0x00, 0x00, 0x41, 0x00, 0xDA, 0x00, 0xDD, 0x01, 0xDC, 0x02, 0xEC, 0x03, 0xF8, 0x03, 0xF4, 0x07,
    0xF0, 0x0B, 0xF0, 0x0F, 0xE0, 0x0F, 0xD0, 0x1F, 0xC0, 0x2F, 0xC0, 0x3F, 0x80, 0x3F, 0x40, 0x7F,
    0x00, 0x7A, 0x00, 0xB4, 0x00, 0xB0, 0x00, 0xB0, 0x00, 0xA0, 0x00, 0x00, 0x00, 0x04, 0x20, 0x7C,
    0xBC, 0x34, 0x0E, 0x0B, 0xC1, 0xF0, 0x08, 0x08, 0x08, 0x00, 0x00, 0x04, 0x3E, 0x2E, 0x04, 0x08,
    0x20, 0x00, 0x2C, 0x3D, 0xB8, 0x80, 0x80, 0x50, 0x00, 0x04, 0x05, 0x24, 0x18, 0x50, 0x20, 0x90,
    0x64, 0xF8, 0xBC, 0xB4, 0x74, 0x00, 0x00, 0x1D, 0x0E, 0x3E, 0x2F, 0x3E, 0x2F, 0x04, 0x01, 0x08,
    0x08, 0x20, 0x20, 0x00, 0x00, 0x2C, 0x1D, 0x7D, 0x3E, 0x3C, 0x3E, 0x08, 0x04, 0x08, 0x08, 0x20,
    0x20, 0x80, 0x50, 0x0F, 0x0B, 0x0B, 0xC7, 0xC3, 0xD2, 0xE0, 0x40, 0x80, 0x20, 0x20, 0x0C, 0x09,
    0x00, 0x00, 0x00, 0x01, 0xC0, 0x0B, 0x00, 0x24, 0x1E, 0xAC, 0x06, 0x00, 0x38, 0x01, 0xD0, 0x0B,
    0x00, 0x3C, 0x00, 0xE0, 0x03, 0x40, 0x1C, 0x00, 0xA0, 0x03, 0x40, 0x04, 0x00, 0x00, 0x00, 0x1C,
    0x00, 0x0B, 0x00, 0x02, 0x40, 0x1E, 0xED, 0x00, 0x60, 0x00, 0x3C, 0x00, 0x0D, 0x00, 0x07, 0x00,
    0x02, 0xC0, 0x00, 0x90, 0x03, 0xAB, 0x40, 0x1C, 0x00, 0x0F, 0x00, 0x03, 0x80, 0x00, 0x07, 0xF8,
    0x1F, 0xFD, 0x3F, 0xFE, 0x7F, 0xFE, 0xBF, 0xFC, 0x7F, 0xF8, 0x1F, 0xD0, 0x10, 0x01, 0x00, 0x13,
    0xE0, 0x3E, 0x02, 0xEB, 0x00, 0xB0, 0x0B, 0x00, 0x03, 0xFF, 0x07, 0xFE, 0x03, 0xFF, 0x41, 0xFF,
    0xC0, 0xBF, 0xF0, 0x1F, 0xF4, 0x02, 0xFC, 0x00, 0x07, 0x00, 0x01, 0x80, 0x00, 0x90, 0x00, 0x30,
    0x00, 0x0C, 0x00, 0x06, 0x00, 0x0F, 0xE0, 0x00, 0x01, 0xF4, 0x00, 0x20, 0x00, 0x07, 0x4E, 0x01,
    0xF0, 0x00, 0x0F, 0x0D, 0xFF, 0xE0, 0x00, 0x0E, 0x0C, 0x0B, 0xC0, 0x00, 0x1D, 0x28, 0x2F, 0x00,
    0x00, 0x0D, 0x70, 0xBC, 0x00, 0x00, 0x0B, 0xC2, 0xF0, 0x00, 0x00, 0x00, 0x0B, 0xDF, 0x80, 0xF8,
    0x00, 0x2F, 0x78, 0xC3, 0x8C, 0x00, 0xBD, 0xB0, 0x9F, 0x09, 0x02, 0xF4, 0xE0, 0xCE, 0x0C, 0x07,
    0xD0, 0xE3, 0x4E, 0x34, 0x2F, 0x40, 0x7D, 0x07, 0xD0, 0x1D, 0x00, 0x00, 0x00, 0x00, 0x04, 0x00,
    0x00, 0x00, 0x00, 0x01, 0xF4, 0x00, 0x20, 0x00, 0x00, 0x00, 0x1D, 0x38, 0x07, 0xC0, 0x00, 0x00,
    0x00, 0xF0, 0xDF, 0xFE, 0x00, 0x00, 0x00, 0x03, 0x83, 0x02, 0xF0, 0x00, 0x00, 0x00, 0x1D, 0x28,
    0x2F, 0x00, 0x00, 0x00, 0x00, 0x35, 0xC2, 0xF0, 0x00, 0x00, 0x00, 0x00, 0xBC, 0x2F, 0x00, 0x00,
    0x00, 0x00, 0x00, 0x02, 0xF7, 0xE0, 0x1F, 0x40, 0xBC, 0x00, 0x2F, 0x78, 0xC2, 0xD3, 0x0F, 0x18,
    0x02, 0xF6, 0xC2, 0x4E, 0x0C, 0x74, 0x60, 0x2F, 0x4E, 0x0C, 0x74, 0x62, 0xC3, 0x41, 0xF4, 0x38,
    0xD1, 0xC7, 0x0B, 0x2C, 0x2F, 0x40, 0x7D, 0x02, 0xF0, 0x0F, 0x80, 0x74, 0x00, 0x00, 0x00, 0x00,
    0x00, 0x00, 0x40, 0x00, 0x00, 0x00, 0x00, 0x00, 0x00, 0x00, 0x00, 0x05, 0x01, 0x80, 0x70, 0x3C,
    0x03, 0x80, 0x0C, 0x00, 0x90, 0x01, 0x00, 0x00, 0x00, 0x40, 0x06, 0x00, 0x30, 0x02, 0xC0, 0x3C,
    0x0E, 0x02, 0x40, 0x50, 0x00, 0x02, 0x0F, 0x09, 0x03, 0x8E, 0x38, 0x00, 0xD1, 0xD0, 0x00, 0x7B,
    0x00, 0x0E, 0x3C, 0x74, 0x0E, 0xED, 0x74, 0x07, 0xF7, 0x00, 0x1D, 0xB1, 0xC0, 0x10, 0x00, 0x40,
    0x00, 0x20, 0x00, 0x7E, 0x01, 0xEF, 0xF0, 0xE7, 0xCC, 0x35, 0xE7, 0x00, 0xBF, 0x40, 0x3F, 0x00,
    0x2E, 0x40, 0x00, 0x00, 0x03, 0xC0, 0x01, 0xF0, 0x00, 0x38, 0x00, 0x20, 0x02, 0x34, 0x1C, 0x0B,
    0xE0, 0x1B, 0xFD, 0x18, 0x00, 0xC0, 0x00, 0x00, 0x05, 0x00, 0x00, 0x0E, 0x00, 0x00, 0x2D, 0x00,
    0x00, 0x7C, 0x00, 0x00, 0xF4, 0x00, 0x02, 0xF0, 0x00, 0x03, 0xC0, 0x00, 0x0B, 0x80, 0x00, 0x1F,
    0x00, 0x00, 0x3D, 0x00, 0x00, 0xB8, 0x00, 0x01, 0xF0, 0x00, 0x03, 0xD0, 0x00, 0x0B, 0xC0, 0x00,
    0x0F, 0x00, 0x00, 0x2E, 0x00, 0x00, 0x3C, 0x00, 0x00, 0x74, 0x00, 0x00, 0x60, 0x00, 0x00, 0x00,
    0x00, 0x00, 0x00, 0x1F, 0x00, 0x70, 0x00, 0xC0, 0x01, 0xC0, 0x02, 0x80, 0x03, 0x00, 0x0B, 0x00,
    0x0B, 0x40, 0x02, 0xF0, 0x07, 0x40, 0x0C, 0x00, 0x2C, 0x00, 0x28, 0x00, 0x34, 0x00, 0x30, 0x00,
    0x30, 0x00, 0x6E, 0x00, 0x00, 0x00, 0x00, 0x00, 0x00, 0x0F, 0x40, 0x00, 0xB0, 0x00, 0x1C, 0x00,
    0x0A, 0x00, 0x03, 0x40, 0x00, 0xD0, 0x00, 0x70, 0x00, 0x74, 0x00, 0xF4, 0x00, 0x0F, 0x00, 0x01,
    0xD0, 0x00, 0xA0, 0x00, 0x34, 0x00, 0x0C, 0x00, 0x06, 0x00, 0x02, 0x00, 0x0E, 0x00, 0x00, 0x00,
    0x78, 0x14, 0x03, 0xF0, 0xD0, 0x0B, 0x4F, 0x40, 0x00, 0xBC, 0x00, 0x07, 0xC0, 0x00, 0x3D, 0x00,
    0x03, 0xE0, 0x00, 0x2F, 0x00, 0x01, 0xF0, 0x00, 0x0F, 0xF0, 0x00, 0xFF, 0xC0, 0x0B, 0xAE, 0x00,
    0x2C, 0x00, 0x00, 0x40, 0x00, 0x00, 0x00, 0x00, 0x00, 0x07, 0xF0, 0x24, 0x1C, 0x40, 0x04, 0x00,
    0x00, 0x40, 0x00, 0x01, 0xBF, 0x89, 0x00, 0xF8, 0xC7, 0xC0, 0x3D, 0x08, 0x3C, 0x0F, 0x81, 0x42,
    0x41, 0xF0, 0x20, 0x00, 0x3E, 0x03, 0x00, 0x03, 0xD0, 0x20, 0x00, 0x3C, 0x05, 0x00, 0x03, 0xC0,
    0x80, 0x90, 0x3C, 0x0C, 0x0C, 0x01, 0xE0, 0x83, 0x00, 0x07, 0xEA, 0x80, 0x00, 0x06, 0x40, 0x00,
    0x00, 0x00, 0x00, 0x00, 0x00, 0x0F, 0x40, 0x00, 0x50, 0x30, 0x00, 0x34, 0x08, 0x00, 0x1C, 0x0B,
    0x00, 0x0B, 0x00, 0x00, 0x0F, 0xFC, 0x00, 0x00, 0xF0, 0x00, 0x00, 0x74, 0x00, 0x00, 0xBF, 0xC0,
    0x02, 0xFF, 0x01, 0xC0, 0xFF, 0xDB, 0x80, 0x00, 0x68, 0x00, 0x00, 0x00, 0x00, 0x00, 0x00, 0x00,
    0xFF, 0xC0, 0x7F, 0xC0, 0x06, 0xF4, 0x03, 0xC0, 0x02, 0x2F, 0x01, 0xD0, 0x0F, 0xFF, 0xFF, 0xFE,
    0x00, 0x70, 0xBC, 0x34, 0x00, 0x2C, 0x0F, 0x4D, 0x00, 0x0D, 0x02, 0xF7, 0x40, 0x3F, 0xFF, 0xFF,
    0xF8, 0x01, 0xC0, 0x0B, 0xD0, 0x01, 0xF0, 0x00, 0xF4, 0x00, 0x07, 0x00, 0x05, 0x00, 0x01, 0xC0,
    0x00, 0x00, 0x00, 0x70, 0x00, 0x00, 0x00, 0x14, 0x00, 0x00, 0x00, 0x00, 0x00, 0x00, 0x00, 0x0F,
    0xFC, 0xFF, 0xD2, 0xFD, 0x03, 0xE0, 0x2F, 0x00, 0xD0, 0x02, 0xE0, 0x3F, 0x01, 0xC0, 0x1F, 0xFF,
    0xFF, 0xFF, 0xE0, 0x02, 0xF0, 0xDF, 0x05, 0x00, 0x01, 0xF3, 0x0F, 0x44, 0x00, 0x3F, 0xFF, 0xFF,
    0xEF, 0x80, 0x00, 0xFC, 0x0F, 0xD0, 0x00, 0x00, 0xF8, 0x0F, 0xC0, 0x00, 0x00, 0xF0, 0x0B, 0x40,
    0x00, 0x00, 0x00, 0x02, 0x00, 0x00, 0x00, 0x00, 0x00, 0x00, 0x00, 0x00, 0x00, 0x00, 0x00, 0x00,
    0x40, 0x00, 0x01, 0x00, 0x00, 0xF8, 0x00, 0x00, 0xE0, 0x00, 0x07, 0x40, 0x01, 0xFF, 0x00, 0x00,
    0xB0, 0x01, 0xFB, 0x80, 0x3D, 0x2C, 0x02, 0xE0, 0xA0, 0x0F, 0x03, 0x40, 0x3C, 0x0D, 0x00, 0xE0,
    0x70, 0x03, 0xC2, 0xD9, 0x03, 0xE2, 0xE0, 0x7F, 0xFE, 0x00, 0x00, 0x00, 0x6F, 0xE0, 0x00, 0x0F,
    0x42, 0xE0, 0x00, 0xF0, 0x02, 0x40, 0x0F, 0x40, 0x00, 0x3F, 0xFF, 0xFF, 0xC0, 0x03, 0xC0, 0x00,
    0x07, 0xFF, 0xFF, 0xD0, 0x00, 0x3C, 0x00, 0x20, 0x00, 0x7D, 0x07, 0x80, 0x00, 0x2F, 0xE4, 0x00,
    0x00, 0x00, 0x40, 0x00, 0x01, 0xBF, 0x49, 0x00, 0xF8, 0xC7, 0xC0, 0x3D, 0x08, 0x3C, 0x0F, 0x81,
    0x42, 0x41, 0xF0, 0x20, 0x00, 0x3E, 0x03, 0x00, 0x03, 0xD0, 0x20, 0x00, 0x3C, 0x07, 0xFF, 0x83,
    0xC0, 0x83, 0xD0, 0x3C, 0x0C, 0x3C, 0x00, 0xA0, 0x8B, 0xC0, 0x00, 0x2A, 0x98, 0x00, 0x00, 0x40,
    0x00, 0x00, 0x00, 0x0D, 0x00, 0x00, 0x00, 0x3E, 0x00, 0x00, 0x00, 0xFF, 0x00, 0x00, 0x02, 0x5F,
    0x40, 0x00, 0x0A, 0x0F, 0x80, 0x00, 0x18, 0x0B, 0xC0, 0x00, 0x70, 0x07, 0xD0, 0x00, 0xC0, 0x03,
    0xF0, 0x03, 0x00, 0x02, 0xF0, 0x0D, 0x00, 0x01, 0xF4, 0x2F, 0xFF, 0xFF, 0xFC, 0x7F, 0xFF, 0xFF,
    0xFC, 0x00, 0x00, 0x00, 0x00, 0x00, 0x24, 0x00, 0x00, 0x0F, 0xF0, 0x00, 0x0B, 0x80, 0x00, 0x03,
    0xC0, 0x00, 0x03, 0xE0, 0x00, 0x51, 0xF0, 0x00, 0x34, 0xF4, 0x00, 0x2D, 0x7C, 0x00, 0x03, 0x7D,
    0x00, 0x00, 0xFE, 0x00, 0x00, 0x3F, 0x00, 0x00, 0x0F, 0x80, 0x00, 0x03, 0xC0, 0x00, 0x00, 0xD0,
    0x00, 0x00, 0x30, 0x00, 0x00,
};

static const EpdGlyph cmu_8_bolditalicGlyphs[] = {
    { 0, 0, 6, 0, 0, 0, 0 }, // 
    { 0, 0, 7, 0, 0, 0, 0 }, //  
    { 6, 13, 7, 2, 13, 20, 0 }, // !
    { 7, 7, 10, 4, 12, 13, 20 }, // "
    { 15, 14, 16, 2, 12, 53, 33 }, // #
    { 9, 14, 10, 2, 13, 32, 86 }, // $
    { 15, 14, 16, 2, 13, 53, 118 }, // %
    { 14, 13, 15, 2, 13, 46, 171 }, // &
    { 3, 7, 6, 4, 12, 6, 217 }, // '
    { 8, 18, 8, 2, 13, 36, 223 }, // (
    { 8, 18, 8, 0, 13, 36, 259 }, // )
    { 8, 8, 10, 3, 13, 16, 295 }, // *
    { 13, 12, 15, 2, 10, 39, 311 }, // +
    { 4, 6, 6, 1, 2, 6, 350 }, // ,
    { 6, 1, 7, 1, 4, 2, 356 }, // -
    { 3, 2, 6, 2, 2, 2, 358 }, // .
    { 12, 18, 10, 0, 13, 54, 360 }, // /
    { 10, 12, 10, 1, 12, 30, 414 }, // 0
    { 7, 12, 10, 2, 12, 21, 444 }, // 1
    { 10, 12, 10, 1, 12, 30, 465 }, // 2
    { 10, 12, 10, 1, 12, 30, 495 }, // 3
    { 10, 15, 10, 0, 12, 38, 525 }, // 4
    { 9, 11, 10, 2, 11, 25, 563 }, // 5
    { 9, 12, 10, 2, 12, 27, 588 }, // 6
    { 10, 12, 10, 2, 12, 30, 615 }, // 7
    { 10, 12, 10, 1, 12, 30, 645 }, // 8
    { 9, 12, 10, 2, 12, 27, 675 }, // 9
    { 4, 7, 6, 2, 7, 7, 702 }, // :
    { 5, 11, 6, 1, 7, 14, 709 }, // ;
    { 13, 10, 15, 3, 10, 33, 723 }, // <
    { 14, 5, 15, 2, 7, 18, 756 }, // =
    { 14, 12, 15, 1, 11, 42, 774 }, // >
    { 8, 13, 10, 3, 13, 26, 816 }, // ?
    { 14, 12, 15, 2, 12, 42, 842 }, // @
    { 13, 12, 15, 1, 12, 39, 884 }, // A
    { 14, 12, 14, 1, 12, 42, 923 }, // B
    { 14, 12, 14, 2, 12, 42, 965 }, // C
    { 15, 12, 15, 1, 12, 45, 1007 }, // D
    { 13, 12, 13, 1, 12, 39, 1052 }, // E
    { 13, 13, 12, 1, 13, 43, 1091 }, // F
    { 14, 12, 15, 2, 12, 42, 1134 }, // G
    { 17, 13, 15, 1, 13, 56, 1176 }, // H
    { 9, 12, 8, 1, 12, 27, 1232 }, // I
    { 11, 13, 10, 1, 13, 36, 1259 }, // J
    { 16, 12, 15, 1, 12, 48, 1295 }, // K
    { 11, 12, 12, 1, 12, 33, 1343 }, // L
    { 19, 12, 18, 1, 12, 57, 1376 }, // M
    { 17, 12, 15, 1, 12, 51, 1433 }, // N
    { 13, 12, 15, 2, 12, 39, 1484 }, // O
    { 14, 13, 13, 1, 12, 46, 1523 }, // P
    { 13, 15, 15, 2, 12, 49, 1569 }, // Q
    { 14, 12, 15, 1, 12, 42, 1618 }, // R
    { 11, 12, 11, 1, 12, 33, 1660 }, // S
    { 12, 12, 14, 3, 12, 36, 1693 }, // T
    { 14, 13, 15, 3, 13, 46, 1729 }, // U
    { 14, 13, 15, 3, 13, 46, 1775 }, // V
    { 19, 12, 20, 3, 12, 57, 1821 }, // W
    { 15, 12, 15, 1, 12, 45, 1878 }, // X
    { 14, 12, 15, 3, 12, 42, 1923 }, // Y
    { 13, 12, 12, 1, 12, 39, 1965 }, // Z
    { 8, 17, 6, 1, 13, 34, 2004 }, // [
    { 4, 21, 10, 4, 16, 21, 2038 }, // <backslash>
    { 8, 17, 6, -1, 13, 34, 2059 }, // ]
    { 8, 2, 12, 4, 10, 4, 2093 }, // ^
    { 12, 1, 15, 0, -4, 3, 2097 }, // _
    { 4, 2, 10, 5, 12, 2, 2100 }, // `
    { 10, 8, 10, 1, 8, 20, 2102 }, // a
    { 9, 13, 9, 1, 13, 30, 2122 }, // b
    { 9, 8, 9, 1, 8, 18, 2152 }, // c
    { 10, 12, 10, 1, 12, 30, 2170 }, // d
    { 9, 8, 9, 1, 8, 18, 2200 }, // e
    { 11, 16, 7, -1, 12, 44, 2218 }, // f
    { 10, 12, 9, 0, 8, 30, 2262 }, // g
    { 10, 12, 10, 1, 12, 30, 2292 }, // h
    { 6, 12, 6, 1, 12, 18, 2322 }, // i
    { 8, 16, 6, -1, 12, 32, 2340 }, // j
    { 9, 12, 9, 1, 12, 27, 2372 }, // k
    { 5, 13, 5, 1, 13, 17, 2399 }, // l
    { 16, 8, 16, 1, 8, 32, 2416 }, // m
    { 11, 9, 11, 1, 9, 25, 2448 }, // n
    { 10, 8, 10, 1, 8, 20, 2473 }, // o
    { 11, 12, 10, 0, 9, 33, 2493 }, // p
    { 9, 11, 9, 1, 8, 25, 2526 }, // q
    { 9, 9, 9, 1, 9, 21, 2551 }, // r
    { 8, 8, 8, 1, 8, 16, 2572 }, // s
    { 7, 11, 7, 1, 11, 20, 2588 }, // t
    { 11, 8, 11, 1, 8, 22, 2608 }, // u
    { 9, 8, 9, 1, 8, 18, 2630 }, // v
    { 13, 8, 13, 1, 8, 26, 2648 }, // w
    { 10, 8, 10, 1, 8, 20, 2674 }, // x
    { 10, 12, 10, 1, 8, 30, 2694 }, // y
    { 9, 8, 8, 1, 8, 18, 2724 }, // z
    { 10, 17, 10, 2, 13, 43, 2742 }, // {
    { 6, 18, 6, 1, 13, 27, 2785 }, // |
    { 10, 17, 10, 0, 13, 43, 2812 }, // }
    { 9, 3, 12, 4, 12, 7, 2855 }, // ~
    { 0, 0, 7, 0, 0, 0, 2862 }, //  
    { 6, 12, 7, 1, 8, 18, 2862 }, // ¡
    { 10, 11, 10, 1, 9, 28, 2880 }, // ¢
    { 13, 12, 15, 1, 12, 39, 2908 }, // £
    { 15, 12, 15, 2, 12, 45, 2947 }, // ¥
    { 9, 16, 9, 1, 12, 36, 2992 }, // §
    { 7, 2, 10, 4, 12, 4, 3028 }, // ¨
    { 19, 18, 21, 2, 13, 86, 3032 }, // ©
    { 10, 8, 9, 0, 13, 20, 3118 }, // ª
    { 9, 9, 11, 3, 9, 21, 3138 }, // «
    { 11, 5, 13, 2, 6, 14, 3159 }, // ¬
    { 6, 3, 7, 1, 5, 5, 3173 }, // ­
    { 19, 18, 21, 2, 13, 86, 3178 }, // ®
    { 8, 1, 10, 4, 12, 2, 3264 }, // ¯
    { 5, 4, 7, 3, 12, 5, 3266 }, // °
    { 14, 12, 15, 1, 12, 42, 3271 }, // ±
    { 5, 2, 10, 6, 12, 3, 3313 }, // ´
    { 11, 13, 10, 0, 9, 36, 3316 }, // µ
    { 11, 15, 12, 3, 12, 42, 3352 }, // ¶
    { 3, 2, 5, 2, 5, 2, 3394 }, // ·
    { 6, 3, 9, 1, 0, 5, 3396 }, // ¸
    { 9, 8, 9, 0, 13, 18, 3401 }, // º
    { 9, 9, 11, 1, 9, 21, 3419 }, // »
    { 8, 12, 10, 1, 8, 24, 3440 }, // ¿
    { 13, 14, 15, 1, 14, 46, 3464 }, // À
    { 13, 15, 15, 1, 15, 49, 3510 }, // Á
    { 13, 16, 15, 1, 16, 52, 3559 }, // Â
    { 14, 15, 15, 1, 15, 53, 3611 }, // Ã
    { 13, 15, 15, 1, 15, 49, 3664 }, // Ä
    { 13, 16, 15, 1, 16, 52, 3713 }, // Å
    { 18, 12, 17, 1, 12, 54, 3765 }, // Æ
    { 14, 15, 14, 2, 12, 53, 3819 }, // Ç
    { 13, 14, 13, 1, 14, 46, 3872 }, // È
    { 13, 15, 13, 1, 15, 49, 3918 }, // É
    { 13, 16, 13, 1, 16, 52, 3967 }, // Ê
    { 13, 15, 13, 1, 15, 49, 4019 }, // Ë
    { 9, 14, 8, 1, 14, 32, 4068 }, // Ì
    { 9, 15, 8, 1, 15, 34, 4100 }, // Í
    { 9, 16, 8, 1, 16, 36, 4134 }, // Î
    { 10, 15, 8, 1, 15, 38, 4170 }, // Ï
    { 15, 12, 15, 1, 12, 45, 4208 }, // Ð
    { 17, 15, 15, 1, 15, 64, 4253 }, // Ñ
    { 13, 14, 15, 2, 14, 46, 4317 }, // Ò
    { 13, 15, 15, 2, 15, 49, 4363 }, // Ó
    { 13, 16, 15, 2, 16, 52, 4412 }, // Ô
    { 13, 15, 15, 2, 15, 49, 4464 }, // Õ
    { 13, 16, 15, 2, 16, 52, 4513 }, // Ö
    { 14, 14, 15, 2, 13, 49, 4565 }, // Ø
    { 14, 14, 15, 3, 14, 49, 4614 }, // Ù
    { 14, 15, 15, 3, 15, 53, 4663 }, // Ú
    { 14, 16, 15, 3, 16, 56, 4716 }, // Û
    { 14, 15, 15, 3, 15, 53, 4772 }, // Ü
    { 14, 15, 15, 3, 15, 53, 4825 }, // Ý
    { 12, 12, 12, 1, 12, 36, 4878 }, // Þ
    { 13, 15, 11, -1, 12, 49, 4914 }, // ß
    { 10, 12, 10, 1, 12, 30, 4963 }, // à
    { 10, 12, 10, 1, 12, 30, 4993 }, // á
    { 10, 11, 10, 1, 11, 28, 5023 }, // â
    { 10, 11, 10, 1, 11, 28, 5051 }, // ã
    { 10, 12, 10, 1, 12, 30, 5079 }, // ä
    { 10, 12, 10, 1, 12, 30, 5109 }, // å
    { 14, 8, 14, 1, 8, 28, 5139 }, // æ
    { 9, 11, 9, 1, 8, 25, 5167 }, // ç
    { 9, 12, 9, 1, 12, 27, 5192 }, // è
    { 9, 12, 9, 1, 12, 27, 5219 }, // é
    { 9, 11, 9, 1, 11, 25, 5246 }, // ê
    { 10, 12, 9, 1, 12, 30, 5271 }, // ë
    { 6, 12, 6, 1, 12, 18, 5301 }, // ì
    { 8, 12, 6, 1, 12, 24, 5319 }, // í
    { 7, 11, 6, 1, 11, 20, 5343 }, // î
    { 8, 12, 6, 1, 12, 24, 5363 }, // ï
    { 10, 13, 10, 1, 13, 33, 5387 }, // ð
    { 11, 11, 11, 1, 11, 31, 5420 }, // ñ
    { 10, 12, 10, 1, 12, 30, 5451 }, // ò
    { 10, 12, 10, 1, 12, 30, 5481 }, // ó
    { 10, 11, 10, 1, 11, 28, 5511 }, // ô
    { 10, 11, 10, 1, 11, 28, 5539 }, // õ
    { 10, 12, 10, 1, 12, 30, 5567 }, // ö
    { 13, 11, 15, 2, 10, 36, 5597 }, // ÷
    { 10, 12, 10, 1, 10, 30, 5633 }, // ø
    { 11, 12, 11, 1, 12, 33, 5663 }, // ù
    { 11, 12, 11, 1, 12, 33, 5696 }, // ú
    { 11, 11, 11, 1, 11, 31, 5729 }, // û
    { 11, 12, 11, 1, 12, 33, 5760 }, // ü
    { 10, 16, 10, 1, 12, 40, 5793 }, // ý
    { 11, 15, 10, 0, 12, 42, 5833 }, // þ
    { 10, 16, 10, 1, 12, 40, 5875 }, // ÿ
    { 14, 15, 15, 1, 15, 53, 5915 }, // Ā
    { 10, 11, 10, 1, 11, 28, 5968 }, // ā
    { 13, 15, 15, 1, 15, 49, 5996 }, // Ă
    { 10, 12, 10, 1, 12, 30, 6045 }, // ă
    { 13, 16, 15, 1, 12, 52, 6075 }, // Ą
    { 10, 12, 10, 1, 8, 30, 6127 }, // ą
    { 14, 15, 14, 2, 15, 53, 6157 }, // Ć
    { 9, 12, 9, 1, 12, 27, 6210 }, // ć
    { 14, 16, 14, 2, 16, 56, 6237 }, // Ĉ
    { 9, 12, 9, 1, 12, 27, 6293 }, // ĉ
    { 14, 15, 14, 2, 15, 53, 6320 }, // Ċ
    { 9, 12, 9, 1, 12, 27, 6373 }, // ċ
    { 14, 14, 14, 2, 14, 49, 6400 }, // Č
    { 10, 12, 9, 1, 12, 30, 6449 }, // č
    { 15, 14, 15, 1, 14, 53, 6479 }, // Ď
    { 14, 12, 10, 1, 12, 42, 6532 }, // ď
    { 15, 12, 15, 1, 12, 45, 6574 }, // Đ
    { 11, 13, 10, 1, 13, 36, 6619 }, // đ
    { 13, 15, 13, 1, 15, 49, 6655 }, // Ē
    { 10, 11, 9, 1, 11, 28, 6704 }, // ē
    { 13, 15, 13, 1, 15, 49, 6732 }, // Ė
    { 9, 12, 9, 1, 12, 27, 6781 }, // ė
    { 13, 16, 13, 1, 12, 52, 6808 }, // Ę
    { 9, 12, 9, 1, 8, 27, 6860 }, // ę
    { 13, 14, 13, 1, 14, 46, 6887 }, // Ě
    { 10, 12, 9, 1, 12, 30, 6933 }, // ě
    { 14, 16, 15, 2, 16, 56, 6963 }, // Ĝ
    { 10, 16, 9, 0, 12, 40, 7019 }, // ĝ
    { 14, 15, 15, 2, 15, 53, 7059 }, // Ğ
    { 10, 16, 9, 0, 12, 40, 7112 }, // ğ
    { 14, 15, 15, 2, 15, 53, 7152 }, // Ġ
    { 10, 16, 9, 0, 12, 40, 7205 }, // ġ
    { 17, 16, 15, 1, 16, 68, 7245 }, // Ĥ
    { 10, 16, 10, 1, 16, 40, 7313 }, // ĥ
    { 10, 14, 8, 1, 14, 35, 7353 }, // Ī
    { 8, 11, 6, 1, 11, 22, 7388 }, // ī
    { 9, 15, 8, 1, 15, 34, 7410 }, // İ
    { 6, 8, 6, 1, 8, 12, 7444 }, // ı
    { 12, 16, 10, 1, 16, 48, 7456 }, // Ĵ
    { 10, 16, 7, -1, 12, 40, 7504 }, // ĵ
    { 11, 15, 12, 1, 15, 42, 7544 }, // Ĺ
    { 8, 16, 5, 1, 16, 32, 7586 }, // ĺ
    { 12, 14, 12, 1, 14, 42, 7618 }, // Ľ
    { 9, 13, 5, 1, 13, 30, 7660 }, // ľ
    { 11, 12, 12, 1, 12, 33, 7690 }, // Ł
    { 6, 12, 6, 1, 12, 18, 7723 }, // ł
    { 17, 15, 15, 1, 15, 64, 7741 }, // Ń
    { 11, 12, 11, 1, 12, 33, 7805 }, // ń
    { 17, 14, 15, 1, 14, 60, 7838 }, // Ň
    { 11, 12, 11, 1, 12, 33, 7898 }, // ň
    { 13, 15, 15, 2, 15, 49, 7931 }, // Ő
    { 11, 13, 10, 1, 13, 36, 7980 }, // ő
    { 18, 12, 19, 3, 12, 54, 8016 }, // Œ
    { 14, 8, 14, 1, 8, 28, 8070 }, // œ
    { 14, 15, 15, 1, 15, 53, 8098 }, // Ŕ
    { 9, 12, 9, 1, 12, 27, 8151 }, // ŕ
    { 14, 14, 15, 1, 14, 49, 8178 }, // Ř
    { 9, 12, 9, 1, 12, 27, 8227 }, // ř
    { 11, 15, 11, 1, 15, 42, 8254 }, // Ś
    { 8, 12, 8, 1, 12, 24, 8296 }, // ś
    { 11, 16, 11, 1, 16, 44, 8320 }, // Ŝ
    { 8, 12, 8, 1, 12, 24, 8364 }, // ŝ
    { 11, 15, 11, 1, 12, 42, 8388 }, // Ş
    { 8, 11, 8, 1, 8, 22, 8430 }, // ş
    { 11, 14, 11, 1, 14, 39, 8452 }, // Š
    { 9, 12, 8, 1, 12, 27, 8491 }, // š
    { 12, 15, 14, 3, 12, 45, 8518 }, // Ţ
    { 8, 14, 7, 0, 11, 28, 8563 }, // ţ
    { 12, 14, 14, 3, 14, 42, 8591 }, // Ť
    { 9, 12, 7, 1, 12, 27, 8633 }, // ť
    { 14, 15, 15, 3, 15, 53, 8660 }, // Ū
    { 11, 11, 11, 1, 11, 31, 8713 }, // ū
    { 14, 15, 15, 3, 15, 53, 8744 }, // Ŭ
    { 11, 11, 11, 1, 11, 31, 8797 }, // ŭ
    { 14, 16, 15, 3, 16, 56, 8828 }, // Ů
    { 11, 12, 11, 1, 12, 33, 8884 }, // ů
    { 14, 14, 15, 3, 14, 49, 8917 }, // Ű
    { 12, 13, 11, 1, 13, 39, 8966 }, // ű
    { 14, 15, 15, 3, 15, 53, 9005 }, // Ÿ
    { 13, 15, 12, 1, 15, 49, 9058 }, // Ź
    { 9, 12, 8, 1, 12, 27, 9107 }, // ź
    { 13, 15, 12, 1, 15, 49, 9134 }, // Ż
    { 9, 12, 8, 1, 12, 27, 9183 }, // ż
    { 13, 14, 12, 1, 14, 46, 9210 }, // Ž
    { 9, 12, 8, 1, 12, 27, 9256 }, // ž
    { 13, 16, 13, 1, 16, 52, 9283 }, // Ѐ
    { 13, 15, 13, 1, 15, 49, 9335 }, // Ё
    { 14, 12, 16, 3, 12, 42, 9384 }, // Ђ
    { 12, 16, 12, 1, 16, 48, 9426 }, // Ѓ
    { 14, 12, 14, 2, 12, 42, 9474 }, // Є
    { 11, 12, 11, 1, 12, 33, 9516 }, // Ѕ
    { 9, 12, 8, 1, 12, 27, 9549 }, // І
    { 10, 15, 8, 1, 15, 38, 9576 }, // Ї
    { 11, 13, 10, 1, 13, 36, 9614 }, // Ј
    { 19, 12, 20, 1, 12, 57, 9650 }, // Љ
    { 19, 13, 20, 1, 13, 62, 9707 }, // Њ
    { 12, 12, 15, 3, 12, 36, 9769 }, // Ћ
    { 16, 15, 15, 1, 15, 60, 9805 }, // Ќ
    { 16, 16, 15, 1, 16, 64, 9865 }, // Ѝ
    { 14, 16, 15, 3, 16, 56, 9929 }, // Ў
    { 16, 16, 15, 1, 13, 64, 9985 }, // Џ
    { 13, 12, 15, 1, 12, 39, 10049 }, // А
    { 13, 12, 14, 1, 12, 39, 10088 }, // Б
    { 14, 12, 14, 1, 12, 42, 10127 }, // В
    { 12, 12, 12, 1, 12, 36, 10169 }, // Г
    { 18, 15, 15, -1, 12, 68, 10205 }, // Д
    { 13, 12, 13, 1, 12, 39, 10273 }, // Е
    { 23, 12, 22, 1, 12, 69, 10312 }, // Ж
    { 11, 12, 12, 2, 12, 33, 10381 }, // З
    { 16, 12, 15, 1, 12, 48, 10414 }, // И
    { 16, 16, 15, 1, 16, 64, 10462 }, // Й
    { 16, 12, 15, 1, 12, 48, 10526 }, // К
    { 16, 13, 15, 1, 12, 52, 10574 }, // Л
    { 19, 12, 18, 1, 12, 57, 10626 }, // М
    { 16, 12, 15, 1, 12, 48, 10683 }, // Н
    { 13, 12, 15, 2, 12, 39, 10731 }, // О
    { 16, 12, 15, 1, 12, 48, 10770 }, // П
    { 14, 13, 13, 1, 12, 46, 10818 }, // Р
    { 14, 12, 14, 2, 12, 42, 10864 }, // С
    { 12, 12, 14, 3, 12, 36, 10906 }, // Т
    { 14, 13, 15, 3, 13, 46, 10942 }, // У
    { 15, 12, 16, 2, 12, 45, 10988 }, // Ф
    { 15, 12, 15, 1, 12, 45, 11033 }, // Х
    { 16, 16, 15, 1, 13, 64, 11078 }, // Ц
    { 14, 13, 15, 3, 12, 46, 11142 }, // Ч
    { 23, 13, 22, 1, 13, 75, 11188 }, // Ш
    { 23, 16, 22, 1, 13, 92, 11263 }, // Щ
    { 14, 12, 17, 3, 12, 42, 11355 }, // Ъ
    { 20, 13, 19, 1, 13, 65, 11397 }, // Ы
    { 13, 13, 14, 1, 13, 43, 11462 }, // Ь
    { 13, 12, 14, 2, 12, 39, 11505 }, // Э
    { 21, 13, 21, 1, 13, 69, 11544 }, // Ю
    { 16, 12, 15, 1, 12, 48, 11613 }, // Я
    { 10, 8, 10, 1, 8, 20, 11661 }, // а
    { 11, 12, 9, 1, 12, 33, 11681 }, // б
    { 9, 8, 10, 1, 8, 18, 11714 }, // в
    { 8, 8, 8, 1, 8, 16, 11732 }, // г
    { 10, 12, 9, 1, 12, 30, 11748 }, // д
    { 8, 8, 9, 1, 8, 16, 11778 }, // е
    { 20, 8, 21, 1, 8, 40, 11794 }, // ж
    { 8, 8, 9, 1, 8, 16, 11834 }, // з
    { 11, 8, 11, 1, 8, 22, 11850 }, // и
    { 11, 12, 11, 1, 12, 33, 11872 }, // й
    { 10, 8, 10, 1, 8, 20, 11905 }, // к
    { 11, 8, 11, 1, 8, 22, 11925 }, // л
    { 15, 8, 15, 1, 8, 30, 11947 }, // м
    { 11, 8, 11, 1, 8, 22, 11977 }, // н
    { 9, 8, 9, 1, 8, 18, 11999 }, // о
    { 11, 9, 11, 1, 9, 25, 12017 }, // п
    { 11, 12, 10, 0, 9, 33, 12042 }, // р
    { 8, 8, 9, 1, 8, 16, 12075 }, // с
    { 16, 8, 16, 1, 8, 32, 12091 }, // т
    { 10, 12, 10, 1, 8, 30, 12123 }, // у
    { 13, 16, 13, 1, 12, 52, 12153 }, // ф
    { 11, 8, 11, 1, 8, 22, 12205 }, // х
    { 11, 12, 11, 1, 8, 33, 12227 }, // ц
    { 11, 8, 11, 1, 8, 22, 12260 }, // ч
    { 16, 8, 16, 1, 8, 32, 12282 }, // ш
    { 16, 12, 16, 1, 8, 48, 12314 }, // щ
    { 9, 7, 10, 1, 7, 16, 12362 }, // ъ
    { 13, 8, 13, 1, 8, 26, 12378 }, // ы
    { 10, 8, 10, 1, 8, 20, 12404 }, // ь
    { 9, 8, 9, 1, 8, 18, 12424 }, // э
    { 14, 9, 14, 1, 9, 32, 12442 }, // ю
    { 11, 8, 11, 1, 8, 22, 12474 }, // я
    { 8, 12, 9, 1, 12, 24, 12496 }, // ѐ
    { 9, 12, 9, 1, 12, 27, 12520 }, // ё
    { 11, 16, 9, 0, 13, 44, 12547 }, // ђ
    { 8, 12, 8, 1, 12, 24, 12591 }, // ѓ
    { 9, 8, 9, 1, 8, 18, 12615 }, // є
    { 8, 8, 8, 1, 8, 16, 12633 }, // ѕ
    { 6, 12, 6, 1, 12, 18, 12649 }, // і
    { 8, 12, 6, 1, 12, 24, 12667 }, // ї
    { 8, 16, 6, -1, 12, 32, 12691 }, // ј
    { 13, 8, 14, 1, 8, 26, 12723 }, // љ
    { 14, 8, 14, 1, 8, 28, 12749 }, // њ
    { 11, 13, 10, 0, 13, 36, 12777 }, // ћ
    { 10, 12, 10, 1, 12, 30, 12813 }, // ќ
    { 11, 12, 11, 1, 12, 33, 12843 }, // ѝ
    { 10, 16, 10, 1, 12, 40, 12876 }, // ў
    { 12, 11, 11, 0, 8, 33, 12916 }, // џ
    { 18, 12, 20, 2, 12, 54, 12949 }, // Ѡ
    { 12, 9, 12, 1, 9, 27, 13003 }, // ѡ
    { 13, 13, 16, 3, 13, 43, 13030 }, // Ѣ
    { 14, 9, 14, 1, 9, 32, 13073 }, // ѣ
    { 21, 12, 21, 1, 12, 63, 13105 }, // Ѥ
    { 14, 9, 14, 1, 9, 32, 13168 }, // ѥ
    { 18, 12, 19, 1, 12, 54, 13200 }, // Ѧ
    { 13, 8, 13, 1, 8, 26, 13254 }, // ѧ
    { 24, 12, 26, 1, 12, 72, 13280 }, // Ѩ
    { 17, 9, 17, 1, 9, 39, 13352 }, // ѩ
    { 19, 12, 20, 0, 12, 57, 13391 }, // Ѫ
    { 15, 8, 14, 0, 8, 30, 13448 }, // ѫ
    { 25, 12, 26, 1, 12, 75, 13478 }, // Ѭ
    { 19, 8, 19, 1, 8, 38, 13553 }, // ѭ
    { 12, 18, 11, 0, 15, 54, 13591 }, // Ѯ
    { 9, 13, 9, 0, 10, 30, 13645 }, // ѯ
    { 13, 12, 15, 3, 12, 39, 13675 }, // Ѱ
    { 12, 16, 12, 1, 13, 48, 13714 }, // ѱ
    { 13, 12, 15, 2, 12, 39, 13762 }, // Ѳ
    { 9, 8, 9, 1, 8, 18, 13801 }, // ѳ
    { 16, 12, 16, 3, 12, 48, 13819 }, // Ѵ
    { 13, 8, 12, 1, 8, 26, 13867 }, // ѵ
    { 16, 14, 16, 3, 14, 56, 13893 }, // Ѷ
    { 13, 12, 12, 1, 12, 39, 13949 }, // ѷ
    { 17, 16, 18, 2, 14, 68, 13988 }, // Ѻ
    { 11, 10, 11, 1, 9, 28, 14056 }, // ѻ
    { 18, 16, 20, 2, 16, 72, 14084 }, // Ѽ
    { 13, 12, 12, 1, 12, 39, 14156 }, // ѽ
    { 18, 15, 20, 2, 15, 68, 14195 }, // Ѿ
    { 12, 11, 12, 1, 11, 33, 14263 }, // ѿ
    { 14, 16, 14, 2, 12, 56, 14296 }, // Ҁ
    { 8, 11, 9, 1, 8, 22, 14352 }, // ҁ
    { 8, 6, 9, 1, 4, 12, 14374 }, // ҂
    { 9, 3, 0, -2, 12, 7, 14386 }, // ҃
    { 10, 4, 0, -8, 12, 10, 14393 }, // ҄
    { 5, 4, 0, -5, 12, 5, 14403 }, // ҅
    { 5, 4, 0, -5, 12, 5, 14408 }, // ҆
    { 21, 19, 0, -20, 14, 100, 14413 }, // ҈
    { 23, 22, 0, -21, 16, 127, 14513 }, // ҉
    { 16, 19, 15, 1, 16, 76, 14640 }, // Ҋ
    { 11, 16, 11, 1, 12, 44, 14716 }, // ҋ
    { 13, 12, 16, 3, 12, 39, 14760 }, // Ҍ
    { 9, 12, 10, 2, 12, 27, 14799 }, // ҍ
    { 14, 13, 13, 1, 12, 46, 14826 }, // Ҏ
    { 11, 12, 10, 0, 9, 33, 14872 }, // ҏ
    { 14, 16, 12, 1, 16, 56, 14905 }, // Ґ
    { 12, 10, 10, 0, 10, 30, 14961 }, // ґ
    { 12, 12, 12, 1, 12, 36, 14991 }, // Ғ
    { 8, 8, 8, 1, 8, 16, 15027 }, // ғ
    { 13, 16, 14, 1, 12, 52, 15043 }, // Ҕ
    { 8, 12, 10, 2, 8, 24, 15095 }, // ҕ
    { 23, 15, 22, 1, 12, 87, 15119 }, // Җ
    { 21, 12, 21, 1, 8, 63, 15206 }, // җ
    { 11, 16, 12, 2, 12, 44, 15269 }, // Ҙ
    { 9, 12, 9, 0, 8, 27, 15313 }, // ҙ
    { 16, 15, 15, 1, 12, 60, 15340 }, // Қ
    { 10, 12, 10, 1, 8, 30, 15400 }, // қ
    { 17, 13, 17, 1, 13, 56, 15430 }, // Ҝ
    { 11, 8, 11, 1, 8, 22, 15486 }, // ҝ
    { 16, 12, 15, 1, 12, 48, 15508 }, // Ҟ
    { 9, 13, 9, 1, 13, 30, 15556 }, // ҟ
    { 17, 12, 18, 3, 12, 51, 15586 }, // Ҡ
    { 12, 8, 13, 2, 8, 24, 15637 }, // ҡ
    { 16, 16, 15, 1, 13, 64, 15661 }, // Ң
    { 11, 12, 11, 1, 8, 33, 15725 }, // ң
    { 19, 12, 18, 1, 12, 57, 15758 }, // Ҥ
    { 14, 8, 14, 1, 8, 28, 15815 }, // ҥ
    { 20, 16, 21, 1, 12, 80, 15843 }, // Ҧ
    { 13, 13, 14, 1, 9, 43, 15923 }, // ҧ
    { 14, 13, 15, 2, 12, 46, 15966 }, // Ҩ
    { 9, 9, 10, 1, 8, 21, 16012 }, // ҩ
    { 14, 16, 14, 2, 12, 56, 16033 }, // Ҫ
    { 8, 12, 9, 1, 8, 24, 16089 }, // ҫ
    { 12, 15, 14, 3, 12, 45, 16113 }, // Ҭ
    { 16, 12, 16, 1, 8, 48, 16158 }, // ҭ
    { 14, 12, 15, 3, 12, 42, 16206 }, // Ү
    { 13, 12, 12, 1, 8, 39, 16248 }, // ү
    { 14, 12, 15, 3, 12, 42, 16287 }, // Ұ
    { 13, 11, 12, 1, 8, 36, 16329 }, // ұ
    { 15, 15, 15, 1, 12, 57, 16365 }, // Ҳ
    { 11, 11, 11, 1, 8, 31, 16422 }, // ҳ
    { 19, 15, 19, 2, 12, 72, 16453 }, // Ҵ
    { 14, 12, 15, 2, 8, 42, 16525 }, // ҵ
    { 14, 15, 15, 3, 12, 53, 16567 }, // Ҷ
    { 11, 12, 11, 1, 8, 33, 16620 }, // ҷ
    { 14, 13, 15, 3, 12, 46, 16653 }, // Ҹ
    { 11, 8, 11, 1, 8, 22, 16699 }, // ҹ
    { 14, 12, 15, 1, 12, 42, 16721 }, // Һ
    { 10, 12, 10, 1, 12, 30, 16763 }, // һ
    { 15, 12, 17, 3, 12, 45, 16793 }, // Ҽ
    { 10, 8, 12, 2, 8, 20, 16838 }, // ҽ
    { 15, 16, 17, 3, 12, 60, 16858 }, // Ҿ
    { 10, 12, 12, 2, 8, 30, 16918 }, // ҿ
    { 9, 12, 8, 1, 12, 27, 16948 }, // Ӏ
    { 23, 15, 22, 1, 15, 87, 16975 }, // Ӂ
    { 20, 11, 21, 1, 11, 55, 17062 }, // ӂ
    { 16, 16, 15, 1, 12, 64, 17117 }, // Ӄ
    { 10, 12, 10, 1, 8, 30, 17181 }, // ӄ
    { 16, 15, 15, 1, 12, 60, 17211 }, // Ӆ
    { 11, 12, 11, 1, 8, 33, 17271 }, // ӆ
    { 16, 16, 15, 1, 12, 64, 17304 }, // Ӈ
    { 10, 12, 10, 1, 8, 30, 17368 }, // ӈ
    { 16, 16, 15, 1, 13, 64, 17398 }, // Ӊ
    { 14, 15, 15, 3, 12, 53, 17462 }, // Ӌ
    { 11, 11, 11, 1, 8, 31, 17515 }, // ӌ
    { 19, 15, 18, 1, 12, 72, 17546 }, // Ӎ
    { 15, 12, 15, 1, 8, 45, 17618 }, // ӎ
    { 13, 15, 15, 1, 15, 49, 17663 }, // Ӑ
    { 10, 12, 10, 1, 12, 30, 17712 }, // ӑ
    { 13, 15, 15, 1, 15, 49, 17742 }, // Ӓ
    { 10, 12, 10, 1, 12, 30, 17791 }, // ӓ
    { 18, 12, 17, 1, 12, 54, 17821 }, // Ӕ
    { 14, 8, 14, 1, 8, 28, 17875 }, // ӕ
    { 13, 15, 13, 1, 15, 49, 17903 }, // Ӗ
    { 9, 12, 9, 1, 12, 27, 17952 }, // ӗ
    { 12, 12, 14, 2, 12, 36, 17979 }, // Ә
    { 9, 8, 9, 1, 8, 18, 18015 }, // ә
    { 13, 15, 14, 2, 15, 49, 18033 }, // Ӛ
    { 10, 12, 9, 1, 12, 30, 18082 }, // ӛ
    { 23, 15, 22, 1, 15, 87, 18112 }, // Ӝ
    { 20, 12, 21, 1, 12, 60, 18199 }, // ӝ
    { 11, 16, 12, 2, 16, 44, 18259 }, // Ӟ
    { 10, 12, 9, 1, 12, 30, 18303 }, // ӟ
    { 12, 12, 11, 1, 12, 36, 18333 }, // Ӡ
    { 10, 11, 9, 0, 7, 28, 18369 }, // ӡ
    { 16, 15, 15, 1, 15, 60, 18397 }, // Ӣ
    { 11, 12, 11, 1, 12, 33, 18457 }, // ӣ
    { 16, 15, 15, 1, 15, 60, 18490 }, // Ӥ
    { 11, 12, 11, 1, 12, 33, 18550 }, // ӥ
    { 13, 15, 15, 2, 15, 49, 18583 }, // Ӧ
    { 10, 12, 10, 1, 12, 30, 18632 }, // ӧ
    { 13, 12, 15, 2, 12, 39, 18662 }, // Ө
    { 10, 8, 10, 1, 8, 20, 18701 }, // ө
    { 13, 15, 15, 2, 15, 49, 18721 }, // Ӫ
    { 10, 12, 10, 1, 12, 30, 18770 }, // ӫ
    { 13, 15, 14, 2, 15, 49, 18800 }, // Ӭ
    { 10, 12, 9, 1, 12, 30, 18849 }, // ӭ
    { 14, 15, 15, 3, 15, 53, 18879 }, // Ӯ
    { 11, 16, 10, 1, 12, 44, 18932 }, // ӯ
    { 14, 15, 15, 3, 15, 53, 18976 }, // Ӱ
    { 10, 16, 10, 1, 12, 40, 19029 }, // ӱ
    { 14, 14, 15, 3, 14, 49, 19069 }, // Ӳ
    { 11, 17, 10, 1, 13, 47, 19118 }, // ӳ
    { 14, 16, 15, 3, 15, 56, 19165 }, // Ӵ
    { 11, 12, 11, 1, 12, 33, 19221 }, // ӵ
    { 12, 15, 12, 1, 12, 45, 19254 }, // Ӷ
    { 8, 12, 8, 1, 8, 24, 19299 }, // ӷ
    { 20, 15, 19, 1, 15, 75, 19323 }, // Ӹ
    { 13, 12, 13, 1, 12, 39, 19398 }, // ӹ
    { 15, 17, 15, 1, 13, 64, 19437 }, // Ӽ
    { 11, 11, 11, 1, 8, 31, 19501 }, // ӽ
    { 15, 14, 15, 1, 13, 53, 19532 }, // Ӿ
    { 11, 8, 11, 1, 8, 22, 19585 }, // ӿ
    { 0, 0, 10, 0, 0, 0, 19607 }, //  
    { 0, 0, 20, 0, 0, 0, 19607 }, //  
    { 0, 0, 10, 0, 0, 0, 19607 }, //  
    { 0, 0, 20, 0, 0, 0, 19607 }, //  
    { 0, 0, 7, 0, 0, 0, 19607 }, //  
    { 0, 0, 5, 0, 0, 0, 19607 }, //  
    { 0, 0, 3, 0, 0, 0, 19607 }, //  
    { 0, 0, 10, 0, 0, 0, 19607 }, //  
    { 0, 0, 6, 0, 0, 0, 19607 }, //  
    { 0, 0, 4, 0, 0, 0, 19607 }, //  
    { 0, 0, 0, 0, 0, 0, 19607 }, //  
    { 0, 0, 0, 0, 0, 0, 19607 }, // ​
    { 0, 0, 0, 0, 0, 0, 19607 }, // ‌
    { 0, 0, 0, 0, 0, 0, 19607 }, // ‍
    { 6, 3, 7, 1, 5, 5, 19607 }, // ‐
    { 6, 3, 7, 1, 5, 5, 19612 }, // ‑
    { 10, 1, 10, 1, 5, 3, 19617 }, // ‒
    { 10, 1, 10, 1, 5, 3, 19620 }, // –
    { 19, 2, 20, 2, 5, 10, 19623 }, // —
    { 8, 22, 10, 2, 13, 44, 19633 }, // ‖
    { 4, 5, 6, 3, 11, 5, 19677 }, // ‘
    { 5, 7, 6, 3, 11, 9, 19682 }, // ’
    { 4, 7, 6, 1, 3, 7, 19691 }, // ‚
    { 4, 7, 6, 4, 11, 7, 19698 }, // ‛
    { 8, 7, 8, 2, 12, 14, 19705 }, // “
    { 8, 7, 8, 2, 11, 14, 19719 }, // ”
    { 8, 7, 8, 0, 4, 14, 19733 }, // „
    { 9, 7, 8, 2, 11, 16, 19747 }, // ‟
    { 7, 15, 9, 3, 11, 27, 19763 }, // †
    { 9, 14, 9, 1, 11, 32, 19790 }, // ‡
    { 8, 7, 10, 2, 7, 14, 19822 }, // •
    { 15, 3, 18, 2, 3, 12, 19836 }, // …
    { 9, 14, 10, 3, 11, 32, 19848 }, //  
    { 0, 0, 3, 0, 0, 0, 19880 }, //  
    { 20, 15, 22, 2, 13, 75, 19880 }, // ‰
    { 27, 15, 29, 2, 13, 102, 19955 }, // ‱
    { 6, 9, 9, 3, 10, 14, 20057 }, // ‹
    { 6, 9, 9, 2, 10, 14, 20071 }, // ›
    { 12, 9, 12, 1, 9, 27, 20085 }, // ※
    { 9, 12, 11, 3, 13, 27, 20112 }, // ‽
    { 8, 3, 7, -1, -1, 6, 20139 }, // ‿
    { 9, 2, 10, 3, 11, 5, 20145 }, // ⁀
    { 12, 20, 10, 0, 13, 60, 20150 }, // ⁄
    { 8, 18, 8, 1, 13, 36, 20210 }, // ⁅
    { 9, 18, 8, 0, 14, 41, 20246 }, // ⁆
    { 11, 15, 10, 1, 13, 42, 20287 }, // ⁒
    { 8, 3, 7, -1, -1, 6, 20329 }, // ⁔
    { 0, 0, 4, 0, 0, 0, 20335 }, //  
    { 14, 14, 14, 2, 13, 49, 20335 }, // ₡
    { 13, 13, 15, 1, 13, 43, 20384 }, // ₤
    { 17, 16, 16, 1, 12, 68, 20427 }, // ₦
    { 20, 12, 20, 2, 11, 60, 20495 }, // ₩
    { 11, 17, 10, 1, 17, 47, 20555 }, // ₫
    { 15, 10, 15, 1, 11, 38, 20602 }, // €
    { 14, 14, 15, 2, 13, 49, 20640 }, // ₲
    { 16, 12, 17, 1, 12, 48, 20689 }, // ∆
    { 13, 16, 9, 1, 14, 52, 20737 }, // √
};

static const EpdUnicodeInterval cmu_8_bolditalicIntervals[] = {
    { 0xD, 0xD, 0x0 },
    { 0x20, 0x7E, 0x1 },
    { 0xA0, 0xA3, 0x60 },
    { 0xA5, 0xA5, 0x64 },
    { 0xA7, 0xB1, 0x65 },
    { 0xB4, 0xB8, 0x70 },
    { 0xBA, 0xBB, 0x75 },
    { 0xBF, 0xD6, 0x77 },
    { 0xD8, 0xFF, 0x8F },
    { 0x100, 0x113, 0xB7 },
    { 0x116, 0x121, 0xCB },
    { 0x124, 0x125, 0xD7 },
    { 0x12A, 0x12B, 0xD9 },
    { 0x130, 0x131, 0xDB },
    { 0x134, 0x135, 0xDD },
    { 0x139, 0x13A, 0xDF },
    { 0x13D, 0x13E, 0xE1 },
    { 0x141, 0x144, 0xE3 },
    { 0x147, 0x148, 0xE7 },
    { 0x150, 0x155, 0xE9 },
    { 0x158, 0x165, 0xEF },
    { 0x16A, 0x171, 0xFD },
    { 0x178, 0x17E, 0x105 },
    { 0x400, 0x477, 0x10C },
    { 0x47A, 0x486, 0x184 },
    { 0x488, 0x4C9, 0x191 },
    { 0x4CB, 0x4CE, 0x1D3 },
    { 0x4D0, 0x4F9, 0x1D7 },
    { 0x4FC, 0x4FF, 0x201 },
    { 0x2000, 0x200D, 0x205 },
    { 0x2010, 0x2014, 0x213 },
    { 0x2016, 0x2016, 0x218 },
    { 0x2018, 0x2022, 0x219 },
    { 0x2026, 0x2026, 0x224 },
    { 0x2029, 0x2029, 0x225 },
    { 0x202F, 0x2031, 0x226 },
    { 0x2039, 0x203B, 0x229 },
    { 0x203D, 0x203D, 0x22C },
    { 0x203F, 0x2040, 0x22D },
    { 0x2044, 0x2046, 0x22F },
    { 0x2052, 0x2052, 0x232 },
    { 0x2054, 0x2054, 0x233 },
    { 0x205F, 0x205F, 0x234 },
    { 0x20A1, 0x20A1, 0x235 },
    { 0x20A4, 0x20A4, 0x236 },
    { 0x20A6, 0x20A6, 0x237 },
    { 0x20A9, 0x20A9, 0x238 },
    { 0x20AB, 0x20AC, 0x239 },
    { 0x20B2, 0x20B2, 0x23B },
    { 0x2206, 0x2206, 0x23C },
    { 0x221A, 0x221A, 0x23D },
};

static const EpdFontData cmu_8_bolditalic = {
    cmu_8_bolditalicBitmaps,
    cmu_8_bolditalicGlyphs,
    cmu_8_bolditalicIntervals,
    51,
    22,
    16,
    -7,
    true,
};
