/**
 * generated by fontconvert.py
 * name: cmu_14_bold
 * size: 14
 * mode: 2-bit
 */
#pragma once
#include "EpdFontData.h"

static const uint8_t cmu_14_boldBitmaps[55693] = {
    0x05, 0x03, 0xFC, 0x3F, 0xD3, 0xFC, 0x3F, 0xC3, 0xFC, 0x2F, 0xC2, 0xF8, 0x1F, 0x81, 0xF4, 0x0F,
    0x40, 0xF0, 0x0F, 0x00, 0xB0, 0x01, 0x00, 0x00, 0x1F, 0x43, 0xFC, 0x3F, 0xD3, 0xFC, 0x1F, 0x40,
    0x19, 0x01, 0x83, 0xF0, 0xBF, 0x7F, 0x4B, 0xF3, 0xF0, 0xBF, 0x3F, 0x07, 0xE3, 0xF0, 0x3D, 0x2E,
    0x03, 0xD2, 0xE0, 0x3C, 0x1D, 0x02, 0xC0, 0xC0, 0x2C, 0x08, 0x01, 0x40, 0x00, 0x00, 0x00, 0x00,
    0x00, 0x00, 0x00, 0x00, 0x00, 0x24, 0x00, 0x30, 0x00, 0x00, 0x00, 0x0C, 0x00, 0x0C, 0x00, 0x00,
    0x00, 0x07, 0x00, 0x0A, 0x00, 0x00, 0x00, 0x02, 0x40, 0x03, 0x00, 0x00, 0x00, 0x00, 0xC0, 0x00,
    0xC0, 0x00, 0x00, 0x00, 0x70, 0x00, 0xA0, 0x00, 0x00, 0x00, 0x24, 0x00, 0x34, 0x00, 0x00, 0x00,
    0x0C, 0x00, 0x0C, 0x00, 0x00, 0x00, 0x03, 0x00, 0x06, 0x00, 0x03, 0xFF, 0xFF, 0xFF, 0xFF, 0xFF,
    0xF8, 0x00, 0x00, 0xC0, 0x00, 0xC0, 0x00, 0x00, 0x00, 0x30, 0x00, 0x60, 0x00, 0x00, 0x00, 0x18,
    0x00, 0x24, 0x00, 0x00, 0x00, 0x0D, 0x00, 0x0C, 0x00, 0x00, 0x00, 0x03, 0x00, 0x03, 0x00, 0x00,
    0x00, 0x01, 0xC0, 0x01, 0x80, 0x00, 0x0F, 0xFF, 0xFF, 0xFF, 0xFF, 0xFF, 0xE0, 0x00, 0x30, 0x00,
    0x30, 0x00, 0x00, 0x00, 0x1C, 0x00, 0x18, 0x00, 0x00, 0x00, 0x09, 0x00, 0x0D, 0x00, 0x00, 0x00,
    0x03, 0x00, 0x03, 0x00, 0x00, 0x00, 0x01, 0xC0, 0x01, 0x80, 0x00, 0x00, 0x00, 0x90, 0x00, 0xD0,
    0x00, 0x00, 0x00, 0x30, 0x00, 0x30, 0x00, 0x00, 0x00, 0x1C, 0x00, 0x18, 0x00, 0x00, 0x00, 0x05,
    0x00, 0x09, 0x00, 0x00, 0x00, 0x00, 0x00, 0x00, 0x00, 0x00, 0x00, 0x00, 0x07, 0x00, 0x00, 0x0B,
    0xFF, 0x80, 0x07, 0xD7, 0x1B, 0x41, 0xE0, 0x70, 0x1C, 0x3D, 0x07, 0x03, 0xE3, 0xC0, 0x70, 0xFE,
    0x3E, 0x07, 0x0B, 0xE3, 0xF8, 0x70, 0x28, 0x3F, 0xFF, 0x40, 0x01, 0xFF, 0xFF, 0x40, 0x0B, 0xFF,
    0xFF, 0x00, 0x1F, 0xFF, 0xF8, 0x00, 0x1B, 0xFF, 0xC0, 0x00, 0x71, 0xFE, 0x2F, 0x07, 0x07, 0xE3,
    0xF4, 0x70, 0x3E, 0x3F, 0x07, 0x02, 0xE3, 0xC0, 0x70, 0x3D, 0x1D, 0x07, 0x03, 0x80, 0xB8, 0x71,
    0xF0, 0x00, 0xBF, 0xE4, 0x00, 0x00, 0x70, 0x00, 0x01, 0xFE, 0x00, 0x00, 0x00, 0xB0, 0x02, 0xF0,
    0xB4, 0x00, 0x00, 0xBC, 0x01, 0xF0, 0x0F, 0xE4, 0x02, 0xFC, 0x00, 0xFC, 0x02, 0xCB, 0xFF, 0xBD,
    0x00, 0x3F, 0x00, 0x70, 0x00, 0x2E, 0x00, 0x0F, 0xC0, 0x1C, 0x00, 0x1F, 0x00, 0x03, 0xF0, 0x07,
    0x00, 0x0F, 0x00, 0x00, 0xFC, 0x01, 0xC0, 0x0F, 0x40, 0x00, 0x3F, 0x00, 0xB0, 0x0B, 0x80, 0x00,
    0x07, 0xC0, 0x34, 0x07, 0xC0, 0x00, 0x00, 0xBC, 0x3C, 0x03, 0xC0, 0x00, 0x00, 0x07, 0xF8, 0x03,
    0xD0, 0x00, 0x00, 0x00, 0x00, 0x02, 0xE0, 0x07, 0xF4, 0x00, 0x00, 0x01, 0xF0, 0x0F, 0x83, 0x80,
    0x00, 0x00, 0xF0, 0x0B, 0xC0, 0x30, 0x00, 0x00, 0xF4, 0x03, 0xF0, 0x0E, 0x00, 0x00, 0xB8, 0x00,
    0xF8, 0x02, 0xC0, 0x00, 0x7C, 0x00, 0x7E, 0x00, 0x70, 0x00, 0x3C, 0x00, 0x1F, 0x80, 0x1C, 0x00,
    0x3D, 0x00, 0x03, 0xE0, 0x0B, 0x00, 0x2E, 0x00, 0x00, 0xFC, 0x03, 0x80, 0x1F, 0x00, 0x00, 0x2F,
    0x00, 0xC0, 0x0F, 0x00, 0x00, 0x03, 0xE0, 0xE0, 0x03, 0x40, 0x00, 0x00, 0x1F, 0xD0, 0x00, 0x06,
    0xF8, 0x00, 0x00, 0x00, 0x00, 0x2F, 0x0A, 0x00, 0x00, 0x00, 0x00, 0x7C, 0x03, 0x00, 0x00, 0x00,
    0x00, 0xFC, 0x03, 0x40, 0x00, 0x00, 0x00, 0xFC, 0x07, 0x00, 0x00, 0x00, 0x00, 0xFC, 0x0E, 0x00,
    0x00, 0x00, 0x00, 0xFD, 0x38, 0x00, 0x00, 0x00, 0x00, 0xBF, 0xE0, 0x00, 0x3F, 0xFC, 0x00, 0x7F,
    0x80, 0x00, 0x07, 0x80, 0x00, 0x3F, 0xC0, 0x00, 0x0F, 0x00, 0x00, 0x7F, 0xD0, 0x00, 0x1C, 0x00,
    0x02, 0xCF, 0xF0, 0x00, 0x34, 0x00, 0x0B, 0x87, 0xF8, 0x00, 0xE0, 0x00, 0x2F, 0x02, 0xFD, 0x02,
    0xC0, 0x00, 0x7F, 0x00, 0xFF, 0x47, 0x40, 0x00, 0xBF, 0x00, 0x3F, 0xDD, 0x00, 0x00, 0xBF, 0x40,
    0x1F, 0xF8, 0x00, 0x00, 0x3F, 0x80, 0x07, 0xFC, 0x00, 0x1C, 0x1F, 0xD0, 0x2F, 0xBF, 0x80, 0x74,
    0x02, 0xFF, 0xE4, 0x06, 0xFF, 0x80, 0x09, 0x0F, 0xD3, 0xF4, 0xFD, 0x3F, 0x0B, 0xC2, 0xF0, 0x78,
    0x1D, 0x03, 0x40, 0x80, 0x00, 0x02, 0x00, 0x07, 0x40, 0x07, 0x80, 0x03, 0xC0, 0x03, 0xC0, 0x02,
    0xE0, 0x00, 0xF4, 0x00, 0xBC, 0x00, 0x3E, 0x00, 0x0F, 0x40, 0x07, 0xD0, 0x02, 0xF0, 0x00, 0xFC,
    0x00, 0x3F, 0x00, 0x0F, 0xC0, 0x03, 0xF0, 0x00, 0xFC, 0x00, 0x2F, 0x00, 0x07, 0xC0, 0x01, 0xF4,
    0x00, 0x3E, 0x00, 0x0B, 0xC0, 0x00, 0xF0, 0x00, 0x3E, 0x00, 0x03, 0xC0, 0x00, 0xB8, 0x00, 0x0B,
    0x00, 0x00, 0xF0, 0x00, 0x0B, 0x00, 0x00, 0x00, 0x20, 0x00, 0x07, 0x40, 0x00, 0xB4, 0x00, 0x0F,
    0x00, 0x01, 0xF0, 0x00, 0x3D, 0x00, 0x07, 0xC0, 0x00, 0xF4, 0x00, 0x2F, 0x00, 0x0B, 0xC0, 0x01,
    0xF4, 0x00, 0x3E, 0x00, 0x0F, 0x80, 0x03, 0xE0, 0x00, 0xFC, 0x00, 0x3F, 0x00, 0x0F, 0x80, 0x03,
    0xE0, 0x01, 0xF4, 0x00, 0x7C, 0x00, 0x2F, 0x00, 0x0F, 0x80, 0x03, 0xC0, 0x02, 0xE0, 0x00, 0xF0,
    0x00, 0xB4, 0x00, 0x78, 0x00, 0x38, 0x00, 0x38, 0x00, 0x00, 0x00, 0x00, 0x00, 0x04, 0x00, 0x00,
    0x0F, 0x80, 0x00, 0x03, 0xD0, 0x01, 0xD0, 0xB4, 0x2C, 0xFD, 0x2C, 0x3F, 0x5F, 0xE7, 0x3F, 0xC0,
    0xBF, 0xFF, 0x40, 0x02, 0xFD, 0x00, 0x0B, 0xFF, 0xF4, 0x1F, 0xE7, 0x3F, 0xCF, 0xE2, 0xC3, 0xF5,
    0xD0, 0xB4, 0x2C, 0x00, 0x3E, 0x00, 0x00, 0x0B, 0x40, 0x00, 0x00, 0x00, 0x01, 0x40, 0x00, 0x00,
    0x00, 0x00, 0x02, 0x40, 0x00, 0x00, 0x00, 0x00, 0x02, 0x40, 0x00, 0x00, 0x00, 0x00, 0x02, 0x40,
    0x00, 0x00, 0x00, 0x00, 0x02, 0x40, 0x00, 0x00, 0x00, 0x00, 0x02, 0x40, 0x00, 0x00, 0x00, 0x00,
    0x02, 0x40, 0x00, 0x00, 0x00, 0x00, 0x02, 0x40, 0x00, 0x00, 0x00, 0x00, 0x02, 0x40, 0x00, 0x00,
    0x00, 0x00, 0x02, 0x40, 0x00, 0x00, 0x3F, 0xFF, 0xFF, 0xFF, 0xFF, 0xFC, 0x00, 0x00, 0x02, 0x40,
    0x00, 0x00, 0x00, 0x00, 0x02, 0x40, 0x00, 0x00, 0x00, 0x00, 0x02, 0x40, 0x00, 0x00, 0x00, 0x00,
    0x02, 0x40, 0x00, 0x00, 0x00, 0x00, 0x02, 0x40, 0x00, 0x00, 0x00, 0x00, 0x02, 0x40, 0x00, 0x00,
    0x00, 0x00, 0x02, 0x40, 0x00, 0x00, 0x00, 0x00, 0x02, 0x40, 0x00, 0x00, 0x00, 0x00, 0x02, 0x40,
    0x00, 0x00, 0x00, 0x00, 0x02, 0x40, 0x00, 0x00, 0x00, 0x00, 0x00, 0x00, 0x00, 0x00, 0x2F, 0x07,
    0xF8, 0xBF, 0xC7, 0xFC, 0x2F, 0xC0, 0x0C, 0x01, 0xC0, 0x24, 0x07, 0x00, 0xD0, 0x24, 0x00, 0xBF,
    0xFF, 0xCB, 0xFF, 0xFC, 0xBF, 0xFF, 0xC0, 0x2E, 0x1F, 0xEB, 0xFD, 0xFE, 0x2E, 0x00, 0x00, 0x00,
    0x00, 0x10, 0x00, 0x00, 0x0A, 0x00, 0x00, 0x00, 0xC0, 0x00, 0x00, 0x18, 0x00, 0x00, 0x03, 0x40,
    0x00, 0x00, 0x70, 0x00, 0x00, 0x0D, 0x00, 0x00, 0x00, 0xC0, 0x00, 0x00, 0x28, 0x00, 0x00, 0x03,
    0x00, 0x00, 0x00, 0x60, 0x00, 0x00, 0x0D, 0x00, 0x00, 0x01, 0xC0, 0x00, 0x00, 0x24, 0x00, 0x00,
    0x03, 0x00, 0x00, 0x00, 0xA0, 0x00, 0x00, 0x0C, 0x00, 0x00, 0x01, 0x80, 0x00, 0x00, 0x34, 0x00,
    0x00, 0x07, 0x00, 0x00, 0x00, 0x90, 0x00, 0x00, 0x0C, 0x00, 0x00, 0x02, 0x80, 0x00, 0x00, 0x30,
    0x00, 0x00, 0x06, 0x00, 0x00, 0x00, 0xD0, 0x00, 0x00, 0x1C, 0x00, 0x00, 0x02, 0x40, 0x00, 0x00,
    0x30, 0x00, 0x00, 0x00, 0x00, 0x00, 0x00, 0x00, 0x7F, 0xE4, 0x00, 0x1F, 0x81, 0xFC, 0x00, 0xF8,
    0x00, 0xF8, 0x0B, 0xD0, 0x02, 0xF4, 0x3F, 0x00, 0x0B, 0xE1, 0xFC, 0x00, 0x1F, 0xCB, 0xF0, 0x00,
    0x7F, 0x2F, 0xC0, 0x01, 0xFD, 0xBF, 0x00, 0x07, 0xF6, 0xFC, 0x00, 0x1F, 0xDB, 0xF0, 0x00, 0x7F,
    0x6F, 0xC0, 0x01, 0xFD, 0xBF, 0x00, 0x07, 0xF1, 0xFC, 0x00, 0x1F, 0xC3, 0xF0, 0x00, 0xBE, 0x0B,
    0xD0, 0x02, 0xF4, 0x0F, 0xC0, 0x0F, 0xC0, 0x1F, 0x81, 0xFC, 0x00, 0x07, 0xFE, 0x40, 0x00, 0x00,
    0x0B, 0x00, 0x00, 0x6F, 0xD0, 0x0B, 0xFB, 0xF4, 0x00, 0x00, 0xFD, 0x00, 0x00, 0x3F, 0x40, 0x00,
    0x0F, 0xD0, 0x00, 0x03, 0xF4, 0x00, 0x00, 0xFD, 0x00, 0x00, 0x3F, 0x40, 0x00, 0x0F, 0xD0, 0x00,
    0x03, 0xF4, 0x00, 0x00, 0xFD, 0x00, 0x00, 0x3F, 0x40, 0x00, 0x0F, 0xD0, 0x00, 0x03, 0xF4, 0x00,
    0x00, 0xFD, 0x00, 0x00, 0x3F, 0x40, 0x00, 0x0F, 0xD0, 0x03, 0xFF, 0xFF, 0xF4, 0x00, 0x00, 0x00,
    0x01, 0xBF, 0xE4, 0x00, 0xF4, 0x0F, 0xF0, 0x3F, 0x00, 0x3F, 0xC7, 0xF8, 0x01, 0xFE, 0x7F, 0x80,
    0x0F, 0xF2, 0xF0, 0x00, 0xFF, 0x00, 0x00, 0x0F, 0xF0, 0x00, 0x02, 0xFD, 0x00, 0x00, 0x3F, 0x80,
    0x00, 0x0B, 0xE0, 0x00, 0x02, 0xF4, 0x00, 0x00, 0x7C, 0x00, 0x00, 0x1E, 0x00, 0x00, 0x07, 0x40,
    0x07, 0x01, 0xD0, 0x00, 0xF0, 0x7F, 0xFF, 0xFE, 0x0F, 0xFF, 0xFF, 0xD3, 0xFF, 0xFF, 0xFD, 0x7F,
    0xFF, 0xFF, 0xC0, 0x00, 0xBF, 0xE4, 0x00, 0x1E, 0x02, 0xFC, 0x01, 0xF8, 0x03, 0xFC, 0x0B, 0xF4,
    0x0B, 0xF4, 0x2F, 0xD0, 0x2F, 0xD0, 0x3E, 0x00, 0xFF, 0x00, 0x00, 0x07, 0xF4, 0x00, 0x00, 0x7F,
    0x00, 0x00, 0x7F, 0xF0, 0x00, 0x00, 0x02, 0xF8, 0x00, 0x00, 0x02, 0xFC, 0x00, 0x00, 0x07, 0xF8,
    0x00, 0x00, 0x0F, 0xF0, 0xBC, 0x00, 0x3F, 0xCB, 0xF8, 0x00, 0xFF, 0x2F, 0xF0, 0x07, 0xFC, 0x3F,
    0x40, 0x2F, 0xC0, 0x7D, 0x02, 0xFD, 0x00, 0x1B, 0xFE, 0x40, 0x00, 0x00, 0x00, 0x03, 0xC0, 0x00,
    0x00, 0x0F, 0xC0, 0x00, 0x00, 0x2F, 0xC0, 0x00, 0x00, 0x7F, 0xC0, 0x00, 0x00, 0xEF, 0xC0, 0x00,
    0x03, 0x5F, 0xC0, 0x00, 0x0E, 0x1F, 0xC0, 0x00, 0x2C, 0x1F, 0xC0, 0x00, 0x70, 0x1F, 0xC0, 0x01,
    0xC0, 0x1F, 0xC0, 0x03, 0x40, 0x1F, 0xC0, 0x0E, 0x00, 0x1F, 0xC0, 0x2C, 0x00, 0x1F, 0xC0, 0x3F,
    0xFF, 0xFF, 0xFE, 0x00, 0x00, 0x2F, 0xC0, 0x00, 0x00, 0x2F, 0xC0, 0x00, 0x00, 0x2F, 0xC0, 0x00,
    0x00, 0x2F, 0xC0, 0x00, 0x0F, 0xFF, 0xFE, 0x00, 0x00, 0x00, 0x00, 0x0E, 0x40, 0x07, 0x80, 0xFF,
    0xFF, 0xF0, 0x0F, 0xFF, 0xFD, 0x00, 0xFF, 0xFF, 0x40, 0x0F, 0xFF, 0x40, 0x00, 0xE0, 0x00, 0x00,
    0x0E, 0x00, 0x00, 0x00, 0xE7, 0xFE, 0x40, 0x0F, 0x90, 0x7F, 0x00, 0xE0, 0x01, 0xFC, 0x00, 0x00,
    0x0F, 0xD0, 0x00, 0x00, 0xFF, 0x00, 0x00, 0x0F, 0xF2, 0xF0, 0x00, 0xFF, 0x7F, 0x40, 0x0F, 0xF3,
    0xF4, 0x01, 0xFD, 0x3C, 0x00, 0x2F, 0x80, 0xF4, 0x0B, 0xE0, 0x01, 0xFF, 0xE0, 0x00, 0x00, 0x0B,
    0xFE, 0x00, 0x02, 0xF4, 0x1F, 0x00, 0x3F, 0x00, 0xFD, 0x03, 0xF0, 0x03, 0xF4, 0x1F, 0xC0, 0x0B,
    0xC0, 0xFE, 0x00, 0x00, 0x03, 0xF4, 0x00, 0x00, 0x1F, 0xD2, 0xFE, 0x00, 0xBF, 0xB4, 0x2F, 0x42,
    0xFF, 0x00, 0x3F, 0x0B, 0xF8, 0x00, 0xFF, 0x2F, 0xD0, 0x02, 0xFC, 0x7F, 0x40, 0x0B, 0xF0, 0xFD,
    0x00, 0x2F, 0xC3, 0xF4, 0x00, 0xBF, 0x0B, 0xE0, 0x03, 0xF8, 0x0F, 0xC0, 0x0F, 0xC0, 0x0F, 0x80,
    0xBD, 0x00, 0x07, 0xFF, 0x40, 0x00, 0x0E, 0x00, 0x00, 0x00, 0x1F, 0xFF, 0xFF, 0xFC, 0x1F, 0xFF,
    0xFF, 0xFC, 0x2F, 0xFF, 0xFF, 0xF0, 0x3F, 0xFF, 0xFF, 0xD0, 0x38, 0x00, 0x07, 0x40, 0x34, 0x00,
    0x1E, 0x00, 0x00, 0x00, 0x38, 0x00, 0x00, 0x00, 0xF0, 0x00, 0x00, 0x02, 0xD0, 0x00, 0x00, 0x03,
    0xC0, 0x00, 0x00, 0x0B, 0x80, 0x00, 0x00, 0x0F, 0x80, 0x00, 0x00, 0x2F, 0x40, 0x00, 0x00, 0x3F,
    0x40, 0x00, 0x00, 0x3F, 0x40, 0x00, 0x00, 0x7F, 0x00, 0x00, 0x00, 0x7F, 0x00, 0x00, 0x00, 0x7F,
    0x00, 0x00, 0x00, 0x2E, 0x00, 0x00, 0x00, 0xBF, 0xF4, 0x00, 0x0E, 0x00, 0xBD, 0x00, 0xE0, 0x00,
    0x7C, 0x07, 0x80, 0x00, 0xF4, 0x2F, 0x00, 0x03, 0xD0, 0xBF, 0x80, 0x0F, 0x01, 0xFF, 0xD0, 0xF4,
    0x03, 0xFF, 0xFF, 0x40, 0x03, 0xFF, 0xFC, 0x00, 0x07, 0xFF, 0xFD, 0x00, 0xBD, 0xBF, 0xFD, 0x0B,
    0xC0, 0x7F, 0xFC, 0x3D, 0x00, 0x1F, 0xF1, 0xF0, 0x00, 0x0F, 0xCB, 0xC0, 0x00, 0x1F, 0x1F, 0x00,
    0x00, 0x7C, 0x3E, 0x00, 0x02, 0xD0, 0x3E, 0x40, 0x6D, 0x00, 0x1B, 0xFF, 0x40, 0x00, 0x00, 0xBF,
    0xE4, 0x00, 0x1F, 0x81, 0xF8, 0x01, 0xF8, 0x00, 0xF8, 0x0F, 0xD0, 0x03, 0xF0, 0x7F, 0x40, 0x0F,
    0xE2, 0xFD, 0x00, 0x2F, 0xCB, 0xF4, 0x00, 0xBF, 0x1F, 0xD0, 0x03, 0xFC, 0x3F, 0x40, 0x0F, 0xF0,
    0xBE, 0x00, 0xBF, 0xC0, 0xBD, 0x07, 0xBF, 0x00, 0x2F, 0xE2, 0xFC, 0x00, 0x00, 0x0F, 0xF0, 0x00,
    0x00, 0x3F, 0x81, 0xF4, 0x00, 0xFC, 0x0B, 0xF0, 0x07, 0xE0, 0x2F, 0x80, 0x3F, 0x00, 0x3C, 0x07,
    0xE0, 0x00, 0x2F, 0xF8, 0x00, 0x00, 0x2E, 0x1F, 0xEB, 0xFD, 0xFE, 0x2E, 0x00, 0x00, 0x00, 0x00,
    0x2E, 0x1F, 0xEB, 0xFD, 0xFE, 0x2E, 0x00, 0x2E, 0x07, 0xF8, 0xBF, 0xC7, 0xF8, 0x2E, 0x00, 0x00,
    0x00, 0x00, 0x00, 0x2F, 0x07, 0xF8, 0xBF, 0xC7, 0xFC, 0x2F, 0xC0, 0x0C, 0x01, 0xC0, 0x24, 0x07,
    0x00, 0xD0, 0x24, 0x00, 0x00, 0x00, 0x00, 0x00, 0x00, 0x40, 0x00, 0x00, 0x00, 0x01, 0xB4, 0x00,
    0x00, 0x00, 0x01, 0xF4, 0x00, 0x00, 0x00, 0x01, 0xF4, 0x00, 0x00, 0x00, 0x02, 0xE4, 0x00, 0x00,
    0x00, 0x02, 0xE0, 0x00, 0x00, 0x00, 0x02, 0xE0, 0x00, 0x00, 0x00, 0x07, 0xD0, 0x00, 0x00, 0x00,
    0x07, 0xD0, 0x00, 0x00, 0x00, 0x03, 0xD0, 0x00, 0x00, 0x00, 0x00, 0x1F, 0x40, 0x00, 0x00, 0x00,
    0x00, 0x1F, 0x40, 0x00, 0x00, 0x00, 0x00, 0x1B, 0x80, 0x00, 0x00, 0x00, 0x00, 0x0B, 0x80, 0x00,
    0x00, 0x00, 0x00, 0x0B, 0x80, 0x00, 0x00, 0x00, 0x00, 0x07, 0xD0, 0x00, 0x00, 0x00, 0x00, 0x07,
    0xD0, 0x00, 0x00, 0x00, 0x00, 0x07, 0xD0, 0x00, 0x00, 0x00, 0x00, 0x02, 0xC0, 0x00, 0x00, 0x00,
    0x00, 0x00, 0x3F, 0xFF, 0xFF, 0xFF, 0xFF, 0xFC, 0x00, 0x00, 0x00, 0x00, 0x00, 0x00, 0x00, 0x00,
    0x00, 0x00, 0x00, 0x00, 0x00, 0x00, 0x00, 0x00, 0x00, 0x00, 0x00, 0x00, 0x00, 0x00, 0x00, 0x00,
    0x00, 0x00, 0x00, 0x00, 0x00, 0x00, 0x00, 0x00, 0x00, 0x00, 0x00, 0x00, 0x3F, 0xFF, 0xFF, 0xFF,
    0xFF, 0xFC, 0x10, 0x00, 0x00, 0x00, 0x00, 0x02, 0xE0, 0x00, 0x00, 0x00, 0x00, 0x01, 0xF4, 0x00,
    0x00, 0x00, 0x00, 0x01, 0xF4, 0x00, 0x00, 0x00, 0x00, 0x01, 0xF4, 0x00, 0x00, 0x00, 0x00, 0x01,
    0xB8, 0x00, 0x00, 0x00, 0x00, 0x00, 0xB8, 0x00, 0x00, 0x00, 0x00, 0x00, 0xB8, 0x00, 0x00, 0x00,
    0x00, 0x00, 0x7D, 0x00, 0x00, 0x00, 0x00, 0x00, 0x7C, 0x00, 0x00, 0x00, 0x00, 0x1F, 0x40, 0x00,
    0x00, 0x00, 0x1E, 0x40, 0x00, 0x00, 0x00, 0x2E, 0x00, 0x00, 0x00, 0x00, 0x2E, 0x00, 0x00, 0x00,
    0x00, 0x6E, 0x00, 0x00, 0x00, 0x00, 0x7D, 0x00, 0x00, 0x00, 0x00, 0x7D, 0x00, 0x00, 0x00, 0x00,
    0xB9, 0x00, 0x00, 0x00, 0x00, 0x38, 0x00, 0x00, 0x00, 0x00, 0x00, 0x00, 0x00, 0x00, 0x00, 0x00,
    0x02, 0xFF, 0xE4, 0x07, 0x90, 0x1F, 0xC3, 0xF0, 0x03, 0xF8, 0xFD, 0x00, 0xFF, 0x2F, 0x00, 0x3F,
    0x80, 0x00, 0x2F, 0xC0, 0x00, 0x1F, 0x80, 0x00, 0x0F, 0x40, 0x00, 0x0B, 0x00, 0x00, 0x03, 0x80,
    0x00, 0x00, 0xC0, 0x00, 0x00, 0x70, 0x00, 0x00, 0x0C, 0x00, 0x00, 0x00, 0x00, 0x00, 0x00, 0x00,
    0x00, 0x00, 0xB8, 0x00, 0x00, 0xBF, 0x40, 0x00, 0x3F, 0xE0, 0x00, 0x0B, 0xF4, 0x00, 0x00, 0xF8,
    0x00, 0x00, 0x01, 0xBF, 0xFE, 0x40, 0x00, 0x00, 0x1F, 0x40, 0x06, 0xF4, 0x00, 0x00, 0xB4, 0x00,
    0x00, 0x1E, 0x00, 0x02, 0xC0, 0x00, 0x00, 0x03, 0x80, 0x0B, 0x00, 0x6F, 0xF4, 0x00, 0xD0, 0x0D,
    0x02, 0xF4, 0x1F, 0x00, 0x70, 0x2C, 0x0B, 0xD0, 0x03, 0xE4, 0x34, 0x38, 0x0F, 0xC0, 0x02, 0xF8,
    0x28, 0x34, 0x2F, 0x80, 0x02, 0xF8, 0x1C, 0x34, 0x2F, 0x80, 0x02, 0xF8, 0x1C, 0x34, 0x2F, 0x80,
    0x02, 0xF8, 0x1C, 0x34, 0x2F, 0x80, 0x02, 0xF8, 0x1C, 0x38, 0x0F, 0xC0, 0x02, 0xF8, 0x1C, 0x2C,
    0x0B, 0xD0, 0x03, 0xF8, 0x24, 0x0D, 0x02, 0xF4, 0x1F, 0xFC, 0x70, 0x0B, 0x00, 0x6F, 0xF4, 0x7F,
    0xC0, 0x03, 0xC0, 0x00, 0x00, 0x00, 0x00, 0x00, 0xB4, 0x00, 0x00, 0x00, 0x00, 0x00, 0x1F, 0x40,
    0x00, 0x5A, 0x90, 0x00, 0x01, 0xBF, 0xFF, 0x90, 0x00, 0x00, 0x00, 0x07, 0x80, 0x00, 0x00, 0x00,
    0x00, 0x3F, 0x00, 0x00, 0x00, 0x00, 0x01, 0xFD, 0x00, 0x00, 0x00, 0x00, 0x0B, 0xFC, 0x00, 0x00,
    0x00, 0x00, 0x3F, 0xF4, 0x00, 0x00, 0x00, 0x02, 0xEF, 0xE0, 0x00, 0x00, 0x00, 0x0E, 0x3F, 0xC0,
    0x00, 0x00, 0x00, 0x74, 0xBF, 0x40, 0x00, 0x00, 0x02, 0xC1, 0xFF, 0x00, 0x00, 0x00, 0x0D, 0x03,
    0xFD, 0x00, 0x00, 0x00, 0xB0, 0x07, 0xF8, 0x00, 0x00, 0x03, 0x80, 0x0F, 0xF0, 0x00, 0x00, 0x1C,
    0x00, 0x2F, 0xE0, 0x00, 0x00, 0xFF, 0xFF, 0xFF, 0xC0, 0x00, 0x03, 0x00, 0x00, 0xBF, 0x40, 0x00,
    0x2C, 0x00, 0x01, 0xFE, 0x00, 0x00, 0xE0, 0x00, 0x03, 0xFC, 0x00, 0x07, 0x00, 0x00, 0x0B, 0xF8,
    0x00, 0x3C, 0x00, 0x00, 0x1F, 0xF0, 0x3F, 0xFF, 0x40, 0x0F, 0xFF, 0xFF, 0xFF, 0xFF, 0xFF, 0xFE,
    0x40, 0x00, 0xBF, 0x00, 0x02, 0xFC, 0x00, 0x2F, 0xC0, 0x00, 0x3F, 0xC0, 0x0B, 0xF0, 0x00, 0x07,
    0xF8, 0x02, 0xFC, 0x00, 0x00, 0xFF, 0x00, 0xBF, 0x00, 0x00, 0x7F, 0xC0, 0x2F, 0xC0, 0x00, 0x2F,
    0xE0, 0x0B, 0xF0, 0x00, 0x0F, 0xF0, 0x02, 0xFC, 0x00, 0x1F, 0xE0, 0x00, 0xBF, 0xFF, 0xFF, 0xD0,
    0x00, 0x2F, 0xC0, 0x00, 0x7F, 0x40, 0x0B, 0xF0, 0x00, 0x07, 0xF8, 0x02, 0xFC, 0x00, 0x00, 0xFF,
    0x40, 0xBF, 0x00, 0x00, 0x2F, 0xE0, 0x2F, 0xC0, 0x00, 0x07, 0xFC, 0x0B, 0xF0, 0x00, 0x02, 0xFE,
    0x02, 0xFC, 0x00, 0x00, 0xFF, 0x40, 0xBF, 0x00, 0x00, 0x7F, 0xC0, 0x2F, 0xC0, 0x00, 0x7F, 0x83,
    0xFF, 0xFF, 0xFF, 0xFE, 0x40, 0x00, 0x00, 0x6F, 0xFE, 0x41, 0xC0, 0x01, 0xFE, 0x40, 0x1F, 0xBC,
    0x00, 0xBF, 0x00, 0x00, 0x2F, 0xC0, 0x2F, 0xC0, 0x00, 0x00, 0xBC, 0x0B, 0xF4, 0x00, 0x00, 0x03,
    0xC0, 0xFF, 0x00, 0x00, 0x00, 0x2C, 0x2F, 0xE0, 0x00, 0x00, 0x01, 0xC3, 0xFD, 0x00, 0x00, 0x00,
    0x00, 0x3F, 0xD0, 0x00, 0x00, 0x00, 0x03, 0xFD, 0x00, 0x00, 0x00, 0x00, 0x3F, 0xD0, 0x00, 0x00,
    0x00, 0x03, 0xFD, 0x00, 0x00, 0x00, 0x00, 0x3F, 0xD0, 0x00, 0x00, 0x00, 0x02, 0xFE, 0x00, 0x00,
    0x00, 0x0C, 0x0F, 0xF0, 0x00, 0x00, 0x01, 0xC0, 0xBF, 0x40, 0x00, 0x00, 0x2C, 0x02, 0xFC, 0x00,
    0x00, 0x07, 0x00, 0x0B, 0xF0, 0x00, 0x01, 0xD0, 0x00, 0x1F, 0xE4, 0x01, 0xF0, 0x00, 0x00, 0x0A,
    0xFF, 0xE4, 0x00, 0xFF, 0xFF, 0xFF, 0xFE, 0x40, 0x00, 0x0B, 0xF0, 0x00, 0x6F, 0xD0, 0x00, 0x2F,
    0xC0, 0x00, 0x0F, 0xE0, 0x00, 0xBF, 0x00, 0x00, 0x0F, 0xD0, 0x02, 0xFC, 0x00, 0x00, 0x1F, 0xC0,
    0x0B, 0xF0, 0x00, 0x00, 0x3F, 0x80, 0x2F, 0xC0, 0x00, 0x00, 0xFF, 0x00, 0xBF, 0x00, 0x00, 0x02,
    0xFD, 0x02, 0xFC, 0x00, 0x00, 0x0B, 0xF8, 0x0B, 0xF0, 0x00, 0x00, 0x2F, 0xE0, 0x2F, 0xC0, 0x00,
    0x00, 0xBF, 0x80, 0xBF, 0x00, 0x00, 0x02, 0xFE, 0x02, 0xFC, 0x00, 0x00, 0x0B, 0xF4, 0x0B, 0xF0,
    0x00, 0x00, 0x3F, 0xC0, 0x2F, 0xC0, 0x00, 0x00, 0xFF, 0x00, 0xBF, 0x00, 0x00, 0x07, 0xF4, 0x02,
    0xFC, 0x00, 0x00, 0x3F, 0x80, 0x0B, 0xF0, 0x00, 0x03, 0xF8, 0x00, 0x2F, 0xC0, 0x00, 0xBF, 0x40,
    0x3F, 0xFF, 0xFF, 0xFF, 0x90, 0x00, 0xFF, 0xFF, 0xFF, 0xFF, 0xF0, 0x02, 0xFD, 0x00, 0x07, 0xF4,
    0x02, 0xFD, 0x00, 0x00, 0xF4, 0x02, 0xFD, 0x00, 0x00, 0x38, 0x02, 0xFD, 0x00, 0x00, 0x38, 0x02,
    0xFD, 0x00, 0x00, 0x2C, 0x02, 0xFD, 0x00, 0xD0, 0x1C, 0x02, 0xFD, 0x00, 0xD0, 0x00, 0x02, 0xFD,
    0x02, 0xD0, 0x00, 0x02, 0xFF, 0xFF, 0xD0, 0x00, 0x02, 0xFD, 0x02, 0xD0, 0x00, 0x02, 0xFD, 0x00,
    0xD0, 0x00, 0x02, 0xFD, 0x00, 0xD0, 0x00, 0x02, 0xFD, 0x00, 0x00, 0x0B, 0x02, 0xFD, 0x00, 0x00,
    0x0E, 0x02, 0xFD, 0x00, 0x00, 0x0D, 0x02, 0xFD, 0x00, 0x00, 0x2D, 0x02, 0xFD, 0x00, 0x00, 0xBC,
    0x02, 0xFD, 0x00, 0x06, 0xFC, 0xFF, 0xFF, 0xFF, 0xFF, 0xF8, 0xFF, 0xFF, 0xFF, 0xFF, 0xE0, 0x0B,
    0xF4, 0x00, 0x2F, 0xC0, 0x2F, 0xD0, 0x00, 0x1F, 0x00, 0xBF, 0x40, 0x00, 0x2C, 0x02, 0xFD, 0x00,
    0x00, 0x70, 0x0B, 0xF4, 0x00, 0x00, 0xD0, 0x2F, 0xD0, 0x00, 0x03, 0x40, 0xBF, 0x40, 0x34, 0x00,
    0x02, 0xFD, 0x01, 0xD0, 0x00, 0x0B, 0xF4, 0x0F, 0x40, 0x00, 0x2F, 0xFF, 0xFD, 0x00, 0x00, 0xBF,
    0x40, 0xF4, 0x00, 0x02, 0xFD, 0x01, 0xD0, 0x00, 0x0B, 0xF4, 0x03, 0x40, 0x00, 0x2F, 0xD0, 0x00,
    0x00, 0x00, 0xBF, 0x40, 0x00, 0x00, 0x02, 0xFD, 0x00, 0x00, 0x00, 0x0B, 0xF4, 0x00, 0x00, 0x00,
    0x2F, 0xD0, 0x00, 0x00, 0x3F, 0xFF, 0xFF, 0x40, 0x00, 0x00, 0x00, 0x6F, 0xFE, 0x01, 0xC0, 0x00,
    0x1F, 0xE4, 0x01, 0xFB, 0xC0, 0x00, 0xBF, 0x00, 0x00, 0x2F, 0xC0, 0x02, 0xFC, 0x00, 0x00, 0x0B,
    0xC0, 0x07, 0xF4, 0x00, 0x00, 0x03, 0xC0, 0x0F, 0xF0, 0x00, 0x00, 0x02, 0xC0, 0x2F, 0xE0, 0x00,
    0x00, 0x01, 0xC0, 0x3F, 0xD0, 0x00, 0x00, 0x00, 0x00, 0x3F, 0xD0, 0x00, 0x00, 0x00, 0x00, 0x3F,
    0xD0, 0x00, 0x00, 0x00, 0x00, 0x3F, 0xD0, 0x00, 0x00, 0x00, 0x00, 0x3F, 0xD0, 0x00, 0x00, 0x00,
    0x00, 0x3F, 0xD0, 0x00, 0x3F, 0xFF, 0xFE, 0x2F, 0xE0, 0x00, 0x00, 0x3F, 0xC0, 0x0F, 0xF0, 0x00,
    0x00, 0x3F, 0xC0, 0x07, 0xF4, 0x00, 0x00, 0x3F, 0xC0, 0x02, 0xFC, 0x00, 0x00, 0x3F, 0xC0, 0x00,
    0xBF, 0x40, 0x00, 0x7F, 0xC0, 0x00, 0x1F, 0xF4, 0x01, 0xEB, 0xC0, 0x00, 0x00, 0x6F, 0xFE, 0x01,
    0xC0, 0xFF, 0xFF, 0xF8, 0x1F, 0xFF, 0xFF, 0x02, 0xFD, 0x00, 0x00, 0x7F, 0xC0, 0x02, 0xFD, 0x00,
    0x00, 0x7F, 0xC0, 0x02, 0xFD, 0x00, 0x00, 0x7F, 0xC0, 0x02, 0xFD, 0x00, 0x00, 0x7F, 0xC0, 0x02,
    0xFD, 0x00, 0x00, 0x7F, 0xC0, 0x02, 0xFD, 0x00, 0x00, 0x7F, 0xC0, 0x02, 0xFD, 0x00, 0x00, 0x7F,
    0xC0, 0x02, 0xFD, 0x00, 0x00, 0x7F, 0xC0, 0x02, 0xFF, 0xFF, 0xFF, 0xFF, 0xC0, 0x02, 0xFD, 0x00,
    0x00, 0x7F, 0xC0, 0x02, 0xFD, 0x00, 0x00, 0x7F, 0xC0, 0x02, 0xFD, 0x00, 0x00, 0x7F, 0xC0, 0x02,
    0xFD, 0x00, 0x00, 0x7F, 0xC0, 0x02, 0xFD, 0x00, 0x00, 0x7F, 0xC0, 0x02, 0xFD, 0x00, 0x00, 0x7F,
    0xC0, 0x02, 0xFD, 0x00, 0x00, 0x7F, 0xC0, 0x02, 0xFD, 0x00, 0x00, 0x7F, 0xC0, 0x02, 0xFD, 0x00,
    0x00, 0x7F, 0xC0, 0xFF, 0xFF, 0xF8, 0x1F, 0xFF, 0xFF, 0x00, 0x00, 0x00, 0x3F, 0xFF, 0xFE, 0x00,
    0xBF, 0x40, 0x00, 0xBF, 0x40, 0x00, 0xBF, 0x40, 0x00, 0xBF, 0x40, 0x00, 0xBF, 0x40, 0x00, 0xBF,
    0x40, 0x00, 0xBF, 0x40, 0x00, 0xBF, 0x40, 0x00, 0xBF, 0x40, 0x00, 0xBF, 0x40, 0x00, 0xBF, 0x40,
    0x00, 0xBF, 0x40, 0x00, 0xBF, 0x40, 0x00, 0xBF, 0x40, 0x00, 0xBF, 0x40, 0x00, 0xBF, 0x40, 0x00,
    0xBF, 0x40, 0x00, 0xBF, 0x40, 0x3F, 0xFF, 0xFE, 0x00, 0x00, 0x00, 0x00, 0x00, 0x3F, 0xFF, 0xFD,
    0x00, 0x00, 0x3F, 0xC0, 0x00, 0x00, 0x3F, 0xC0, 0x00, 0x00, 0x3F, 0xC0, 0x00, 0x00, 0x3F, 0xC0,
    0x00, 0x00, 0x3F, 0xC0, 0x00, 0x00, 0x3F, 0xC0, 0x00, 0x00, 0x3F, 0xC0, 0x00, 0x00, 0x3F, 0xC0,
    0x00, 0x00, 0x3F, 0xC0, 0x00, 0x00, 0x3F, 0xC0, 0x00, 0x00, 0x3F, 0xC0, 0x00, 0x00, 0x3F, 0xC0,
    0x00, 0x00, 0x3F, 0xC0, 0x00, 0x00, 0x3F, 0xC0, 0x2F, 0x40, 0x3F, 0xC0, 0x3F, 0xC0, 0x3F, 0x80,
    0x3F, 0xC0, 0x7F, 0x40, 0x2F, 0x41, 0xFD, 0x00, 0x06, 0xFF, 0xE0, 0x00, 0xFF, 0xFF, 0xF8, 0x00,
    0xFF, 0xFC, 0x02, 0xFD, 0x00, 0x00, 0x1F, 0x40, 0x02, 0xFD, 0x00, 0x00, 0x7C, 0x00, 0x02, 0xFD,
    0x00, 0x01, 0xE0, 0x00, 0x02, 0xFD, 0x00, 0x07, 0x80, 0x00, 0x02, 0xFD, 0x00, 0x2E, 0x00, 0x00,
    0x02, 0xFD, 0x00, 0xB4, 0x00, 0x00, 0x02, 0xFD, 0x03, 0xD0, 0x00, 0x00, 0x02, 0xFD, 0x0F, 0xE0,
    0x00, 0x00, 0x02, 0xFD, 0x7F, 0xF4, 0x00, 0x00, 0x02, 0xFE, 0xF7, 0xFC, 0x00, 0x00, 0x02, 0xFF,
    0x82, 0xFF, 0x00, 0x00, 0x02, 0xFE, 0x00, 0xFF, 0x80, 0x00, 0x02, 0xFD, 0x00, 0x7F, 0xD0, 0x00,
    0x02, 0xFD, 0x00, 0x2F, 0xF0, 0x00, 0x02, 0xFD, 0x00, 0x0F, 0xFC, 0x00, 0x02, 0xFD, 0x00, 0x03,
    0xFE, 0x00, 0x02, 0xFD, 0x00, 0x01, 0xFF, 0x40, 0x02, 0xFD, 0x00, 0x00, 0xFF, 0xC0, 0xFF, 0xFF,
    0xF8, 0x0B, 0xFF, 0xFE, 0x00, 0x00, 0x00, 0x00, 0x0F, 0xFF, 0xFF, 0xD0, 0x00, 0x02, 0xFD, 0x00,
    0x00, 0x00, 0x2F, 0xD0, 0x00, 0x00, 0x02, 0xFD, 0x00, 0x00, 0x00, 0x2F, 0xD0, 0x00, 0x00, 0x02,
    0xFD, 0x00, 0x00, 0x00, 0x2F, 0xD0, 0x00, 0x00, 0x02, 0xFD, 0x00, 0x00, 0x00, 0x2F, 0xD0, 0x00,
    0x00, 0x02, 0xFD, 0x00, 0x00, 0x00, 0x2F, 0xD0, 0x00, 0x00, 0x02, 0xFD, 0x00, 0x00, 0x00, 0x2F,
    0xD0, 0x00, 0x00, 0x02, 0xFD, 0x00, 0x00, 0xE0, 0x2F, 0xD0, 0x00, 0x0D, 0x02, 0xFD, 0x00, 0x00,
    0xD0, 0x2F, 0xD0, 0x00, 0x2C, 0x02, 0xFD, 0x00, 0x0B, 0xC0, 0x2F, 0xD0, 0x06, 0xFC, 0xFF, 0xFF,
    0xFF, 0xFF, 0xC0, 0xFF, 0xFE, 0x00, 0x00, 0x00, 0x0F, 0xFF, 0xD0, 0x2F, 0xF0, 0x00, 0x00, 0x02,
    0xBF, 0x40, 0x02, 0xEF, 0x80, 0x00, 0x00, 0x37, 0xF4, 0x00, 0x2C, 0xFC, 0x00, 0x00, 0x06, 0x7F,
    0x40, 0x02, 0xCF, 0xE0, 0x00, 0x00, 0xC7, 0xF4, 0x00, 0x2C, 0x7F, 0x00, 0x00, 0x18, 0x7F, 0x40,
    0x02, 0xC3, 0xF4, 0x00, 0x03, 0x47, 0xF4, 0x00, 0x2C, 0x1F, 0xC0, 0x00, 0x30, 0x7F, 0x40, 0x02,
    0xC0, 0xFD, 0x00, 0x09, 0x07, 0xF4, 0x00, 0x2C, 0x0B, 0xF0, 0x00, 0xC0, 0x7F, 0x40, 0x02, 0xC0,
    0x3F, 0x00, 0x24, 0x07, 0xF4, 0x00, 0x2C, 0x02, 0xF8, 0x03, 0x00, 0x7F, 0x40, 0x02, 0xC0, 0x0F,
    0xC0, 0x60, 0x07, 0xF4, 0x00, 0x2C, 0x00, 0xFE, 0x0C, 0x00, 0x7F, 0x40, 0x02, 0xC0, 0x07, 0xF1,
    0x80, 0x07, 0xF4, 0x00, 0x2C, 0x00, 0x3F, 0x74, 0x00, 0x7F, 0x40, 0x02, 0xC0, 0x01, 0xFF, 0x00,
    0x07, 0xF4, 0x00, 0x2C, 0x00, 0x0F, 0xD0, 0x00, 0x7F, 0x40, 0x03, 0xC0, 0x00, 0xBC, 0x00, 0x07,
    0xF4, 0x0F, 0xFF, 0xF0, 0x03, 0x40, 0x1F, 0xFF, 0xFD, 0xFF, 0xFF, 0x00, 0x00, 0xFF, 0xFF, 0x02,
    0xFF, 0x80, 0x00, 0x03, 0xC0, 0x02, 0xFF, 0xD0, 0x00, 0x02, 0xC0, 0x02, 0xCF, 0xF4, 0x00, 0x02,
    0xC0, 0x02, 0xC7, 0xFC, 0x00, 0x02, 0xC0, 0x02, 0xC1, 0xFF, 0x00, 0x02, 0xC0, 0x02, 0xC0, 0xBF,
    0xC0, 0x02, 0xC0, 0x02, 0xC0, 0x3F, 0xE0, 0x02, 0xC0, 0x02, 0xC0, 0x0F, 0xF8, 0x02, 0xC0, 0x02,
    0xC0, 0x03, 0xFD, 0x02, 0xC0, 0x02, 0xC0, 0x01, 0xFF, 0x02, 0xC0, 0x02, 0xC0, 0x00, 0x7F, 0xC2,
    0xC0, 0x02, 0xC0, 0x00, 0x2F, 0xF2, 0xC0, 0x02, 0xC0, 0x00, 0x0F, 0xFA, 0xC0, 0x02, 0xC0, 0x00,
    0x03, 0xFF, 0xC0, 0x02, 0xC0, 0x00, 0x00, 0xFF, 0xC0, 0x02, 0xC0, 0x00, 0x00, 0x7F, 0xC0, 0x02,
    0xC0, 0x00, 0x00, 0x2F, 0xC0, 0x03, 0xC0, 0x00, 0x00, 0x0B, 0xC0, 0xFF, 0xFF, 0x00, 0x00, 0x03,
    0xC0, 0x00, 0x01, 0xBF, 0xF9, 0x00, 0x00, 0x00, 0x7F, 0x40, 0x7F, 0x80, 0x00, 0x0F, 0xE0, 0x00,
    0x2F, 0xC0, 0x00, 0xFE, 0x00, 0x00, 0x2F, 0xC0, 0x0B, 0xF0, 0x00, 0x00, 0x3F, 0x80, 0x3F, 0xC0,
    0x00, 0x00, 0xFF, 0x02, 0xFE, 0x00, 0x00, 0x02, 0xFE, 0x0F, 0xF4, 0x00, 0x00, 0x07, 0xFC, 0x3F,
    0xD0, 0x00, 0x00, 0x1F, 0xF0, 0xFF, 0x40, 0x00, 0x00, 0x7F, 0xC3, 0xFD, 0x00, 0x00, 0x01, 0xFF,
    0x0F, 0xF4, 0x00, 0x00, 0x07, 0xFC, 0x3F, 0xD0, 0x00, 0x00, 0x1F, 0xF0, 0xBF, 0x80, 0x00, 0x00,
    0xBF, 0x80, 0xFF, 0x00, 0x00, 0x03, 0xFC, 0x02, 0xFC, 0x00, 0x00, 0x0F, 0xE0, 0x03, 0xFC, 0x00,
    0x00, 0xFF, 0x00, 0x03, 0xF8, 0x00, 0x0B, 0xF0, 0x00, 0x02, 0xFD, 0x01, 0xFE, 0x00, 0x00, 0x00,
    0x6F, 0xFE, 0x40, 0x00, 0xFF, 0xFF, 0xFF, 0xFE, 0x00, 0x02, 0xFC, 0x00, 0x1F, 0xE0, 0x02, 0xFC,
    0x00, 0x03, 0xFC, 0x02, 0xFC, 0x00, 0x02, 0xFE, 0x02, 0xFC, 0x00, 0x02, 0xFF, 0x02, 0xFC, 0x00,
    0x02, 0xFF, 0x02, 0xFC, 0x00, 0x02, 0xFF, 0x02, 0xFC, 0x00, 0x02, 0xFD, 0x02, 0xFC, 0x00, 0x03,
    0xFC, 0x02, 0xFC, 0x00, 0x1F, 0xE0, 0x02, 0xFF, 0xFF, 0xFE, 0x00, 0x02, 0xFD, 0x00, 0x00, 0x00,
    0x02, 0xFD, 0x00, 0x00, 0x00, 0x02, 0xFD, 0x00, 0x00, 0x00, 0x02, 0xFD, 0x00, 0x00, 0x00, 0x02,
    0xFD, 0x00, 0x00, 0x00, 0x02, 0xFD, 0x00, 0x00, 0x00, 0x02, 0xFD, 0x00, 0x00, 0x00, 0x02, 0xFD,
    0x00, 0x00, 0x00, 0xFF, 0xFF, 0xF8, 0x00, 0x00, 0x00, 0x01, 0xBF, 0xF9, 0x00, 0x00, 0x00, 0xBF,
    0x40, 0x7F, 0x80, 0x00, 0x0F, 0xD0, 0x00, 0x1F, 0xC0, 0x00, 0xFE, 0x00, 0x00, 0x2F, 0xC0, 0x0B,
    0xF0, 0x00, 0x00, 0x3F, 0x80, 0x3F, 0x80, 0x00, 0x00, 0xBF, 0x02, 0xFD, 0x00, 0x00, 0x01, 0xFE,
    0x0F, 0xF4, 0x00, 0x00, 0x03, 0xFC, 0x3F, 0xC0, 0x00, 0x00, 0x0F, 0xF0, 0xFF, 0x00, 0x00, 0x00,
    0x3F, 0xC3, 0xFC, 0x00, 0x00, 0x00, 0xFF, 0x0F, 0xF0, 0x00, 0x00, 0x03, 0xFC, 0x3F, 0xD0, 0x00,
    0x00, 0x1F, 0xF0, 0xBF, 0x40, 0x00, 0x00, 0x7F, 0x80, 0xFE, 0x00, 0x00, 0x02, 0xFC, 0x02, 0xFC,
    0x03, 0xF4, 0x0F, 0xE0, 0x03, 0xF8, 0x34, 0x74, 0xBF, 0x00, 0x03, 0xF9, 0xC0, 0x7B, 0xF0, 0x00,
    0x02, 0xFF, 0x41, 0xFE, 0x00, 0x00, 0x00, 0x6F, 0xFF, 0xD0, 0x00, 0x00, 0x00, 0x00, 0x0B, 0xC0,
    0x34, 0x00, 0x00, 0x00, 0x1F, 0x82, 0xC0, 0x00, 0x00, 0x00, 0x3F, 0xFF, 0x00, 0x00, 0x00, 0x00,
    0xBF, 0xF8, 0x00, 0x00, 0x00, 0x00, 0xFF, 0xC0, 0x00, 0x00, 0x00, 0x01, 0xFC, 0x00, 0xFF, 0xFF,
    0xFF, 0xF9, 0x00, 0x00, 0x02, 0xFC, 0x00, 0x1F, 0xE0, 0x00, 0x02, 0xFC, 0x00, 0x03, 0xF8, 0x00,
    0x02, 0xFC, 0x00, 0x03, 0xFD, 0x00, 0x02, 0xFC, 0x00, 0x02, 0xFE, 0x00, 0x02, 0xFC, 0x00, 0x02,
    0xFE, 0x00, 0x02, 0xFC, 0x00, 0x03, 0xFD, 0x00, 0x02, 0xFC, 0x00, 0x03, 0xF8, 0x00, 0x02, 0xFC,
    0x00, 0x2F, 0xE0, 0x00, 0x02, 0xFF, 0xFF, 0xFE, 0x00, 0x00, 0x02, 0xFC, 0x00, 0xBF, 0x40, 0x00,
    0x02, 0xFC, 0x00, 0x2F, 0xD0, 0x00, 0x02, 0xFC, 0x00, 0x1F, 0xF0, 0x00, 0x02, 0xFC, 0x00, 0x0F,
    0xF0, 0x00, 0x02, 0xFC, 0x00, 0x0F, 0xF4, 0x00, 0x02, 0xFC, 0x00, 0x0F, 0xF4, 0x00, 0x02, 0xFC,
    0x00, 0x0F, 0xF8, 0x00, 0x02, 0xFC, 0x00, 0x0B, 0xFC, 0x07, 0x02, 0xFC, 0x00, 0x03, 0xFD, 0x0E,
    0xFF, 0xFF, 0xF4, 0x00, 0x6F, 0xF8, 0x00, 0xBF, 0xF8, 0x28, 0x07, 0xD0, 0x1B, 0xF8, 0x0F, 0x00,
    0x01, 0xF8, 0x2F, 0x00, 0x00, 0x78, 0x3F, 0x00, 0x00, 0x38, 0x3F, 0x00, 0x00, 0x28, 0x3F, 0xD0,
    0x00, 0x00, 0x3F, 0xFF, 0x90, 0x00, 0x1F, 0xFF, 0xFF, 0x40, 0x0B, 0xFF, 0xFF, 0xE0, 0x01, 0xFF,
    0xFF, 0xF4, 0x00, 0x06, 0xFF, 0xFC, 0x00, 0x00, 0x07, 0xFD, 0x00, 0x00, 0x00, 0xFE, 0x30, 0x00,
    0x00, 0x7E, 0x34, 0x00, 0x00, 0x3D, 0x3C, 0x00, 0x00, 0x7C, 0x3E, 0x00, 0x00, 0xF8, 0x3F, 0xE4,
    0x02, 0xE0, 0x34, 0x6F, 0xFE, 0x40, 0x3F, 0xFF, 0xFF, 0xFF, 0xFF, 0x5F, 0x80, 0x1F, 0xE0, 0x07,
    0xD7, 0x40, 0x07, 0xF8, 0x00, 0x7A, 0xC0, 0x01, 0xFE, 0x00, 0x0E, 0xB0, 0x00, 0x7F, 0x80, 0x02,
    0xE8, 0x00, 0x1F, 0xE0, 0x00, 0x70, 0x00, 0x07, 0xF8, 0x00, 0x00, 0x00, 0x01, 0xFE, 0x00, 0x00,
    0x00, 0x00, 0x7F, 0x80, 0x00, 0x00, 0x00, 0x1F, 0xE0, 0x00, 0x00, 0x00, 0x07, 0xF8, 0x00, 0x00,
    0x00, 0x01, 0xFE, 0x00, 0x00, 0x00, 0x00, 0x7F, 0x80, 0x00, 0x00, 0x00, 0x1F, 0xE0, 0x00, 0x00,
    0x00, 0x07, 0xF8, 0x00, 0x00, 0x00, 0x01, 0xFE, 0x00, 0x00, 0x00, 0x00, 0x7F, 0x80, 0x00, 0x00,
    0x00, 0x1F, 0xE0, 0x00, 0x00, 0x00, 0x07, 0xF8, 0x00, 0x00, 0x03, 0xFF, 0xFF, 0xFF, 0x00, 0x00,
    0x00, 0x00, 0x00, 0x00, 0x00, 0xFF, 0xFF, 0xF8, 0x01, 0xFF, 0xFE, 0x02, 0xFD, 0x00, 0x00, 0x07,
    0x80, 0x02, 0xFD, 0x00, 0x00, 0x03, 0x40, 0x02, 0xFD, 0x00, 0x00, 0x03, 0x40, 0x02, 0xFD, 0x00,
    0x00, 0x03, 0x40, 0x02, 0xFD, 0x00, 0x00, 0x03, 0x40, 0x02, 0xFD, 0x00, 0x00, 0x03, 0x40, 0x02,
    0xFD, 0x00, 0x00, 0x03, 0x40, 0x02, 0xFD, 0x00, 0x00, 0x03, 0x40, 0x02, 0xFD, 0x00, 0x00, 0x03,
    0x40, 0x02, 0xFD, 0x00, 0x00, 0x03, 0x40, 0x02, 0xFD, 0x00, 0x00, 0x03, 0x40, 0x02, 0xFD, 0x00,
    0x00, 0x03, 0x40, 0x02, 0xFD, 0x00, 0x00, 0x03, 0x40, 0x02, 0xFD, 0x00, 0x00, 0x07, 0x00, 0x00,
    0xFE, 0x00, 0x00, 0x0B, 0x00, 0x00, 0xBF, 0x00, 0x00, 0x0D, 0x00, 0x00, 0x3F, 0x80, 0x00, 0x3C,
    0x00, 0x00, 0x0B, 0xE4, 0x02, 0xE0, 0x00, 0x00, 0x00, 0x6F, 0xFE, 0x00, 0x00, 0x3F, 0xFF, 0xF4,
    0x00, 0x2F, 0xFF, 0x40, 0x7F, 0xC0, 0x00, 0x00, 0x78, 0x00, 0x0F, 0xF4, 0x00, 0x00, 0x2C, 0x00,
    0x01, 0xFF, 0x00, 0x00, 0x0E, 0x00, 0x00, 0x3F, 0xD0, 0x00, 0x07, 0x00, 0x00, 0x0B, 0xF8, 0x00,
    0x03, 0xC0, 0x00, 0x00, 0xFF, 0x00, 0x01, 0xD0, 0x00, 0x00, 0x2F, 0xE0, 0x00, 0xF0, 0x00, 0x00,
    0x07, 0xFC, 0x00, 0x34, 0x00, 0x00, 0x00, 0xFF, 0x40, 0x2C, 0x00, 0x00, 0x00, 0x1F, 0xF0, 0x0E,
    0x00, 0x00, 0x00, 0x03, 0xFD, 0x0B, 0x00, 0x00, 0x00, 0x00, 0xBF, 0xC3, 0x80, 0x00, 0x00, 0x00,
    0x0F, 0xF1, 0xD0, 0x00, 0x00, 0x00, 0x02, 0xFE, 0xF0, 0x00, 0x00, 0x00, 0x00, 0x3F, 0xF4, 0x00,
    0x00, 0x00, 0x00, 0x0F, 0xFC, 0x00, 0x00, 0x00, 0x00, 0x01, 0xFE, 0x00, 0x00, 0x00, 0x00, 0x00,
    0x3F, 0x00, 0x00, 0x00, 0x00, 0x00, 0x07, 0x80, 0x00, 0x00, 0x7F, 0xFF, 0xF0, 0x3F, 0xFF, 0xF4,
    0x07, 0xFF, 0xF0, 0x2F, 0xE0, 0x00, 0x2F, 0xE0, 0x00, 0x02, 0xC0, 0x00, 0xFF, 0x00, 0x00, 0xFF,
    0x00, 0x00, 0x38, 0x00, 0x0F, 0xF4, 0x00, 0x0B, 0xF8, 0x00, 0x03, 0x40, 0x00, 0x7F, 0xC0, 0x00,
    0xBF, 0xC0, 0x00, 0xB0, 0x00, 0x03, 0xFC, 0x00, 0x0F, 0xFD, 0x00, 0x0E, 0x00, 0x00, 0x2F, 0xE0,
    0x01, 0xEF, 0xE0, 0x01, 0xC0, 0x00, 0x01, 0xFF, 0x00, 0x38, 0xFF, 0x00, 0x2C, 0x00, 0x00, 0x0F,
    0xF4, 0x03, 0x4F, 0xF4, 0x03, 0x40, 0x00, 0x00, 0xBF, 0x80, 0xB0, 0x7F, 0xC0, 0x70, 0x00, 0x00,
    0x03, 0xFC, 0x0E, 0x03, 0xFC, 0x0E, 0x00, 0x00, 0x00, 0x3F, 0xD1, 0xC0, 0x2F, 0xE0, 0xD0, 0x00,
    0x00, 0x01, 0xFF, 0x2C, 0x01, 0xFF, 0x2C, 0x00, 0x00, 0x00, 0x0F, 0xF7, 0x40, 0x0F, 0xF7, 0x40,
    0x00, 0x00, 0x00, 0xBF, 0xF0, 0x00, 0xBF, 0xF0, 0x00, 0x00, 0x00, 0x07, 0xFE, 0x00, 0x03, 0xFE,
    0x00, 0x00, 0x00, 0x00, 0x3F, 0xC0, 0x00, 0x3F, 0xD0, 0x00, 0x00, 0x00, 0x02, 0xFC, 0x00, 0x01,
    0xFC, 0x00, 0x00, 0x00, 0x00, 0x0F, 0x40, 0x00, 0x0F, 0x80, 0x00, 0x00, 0x00, 0x00, 0xB0, 0x00,
    0x00, 0xB0, 0x00, 0x00, 0x2F, 0xFF, 0xFD, 0x07, 0xFF, 0xFC, 0x00, 0x1F, 0xF4, 0x00, 0x1F, 0x00,
    0x00, 0x02, 0xFF, 0x00, 0x0B, 0x40, 0x00, 0x00, 0x3F, 0xE0, 0x07, 0x80, 0x00, 0x00, 0x07, 0xFD,
    0x03, 0xC0, 0x00, 0x00, 0x00, 0xBF, 0xC3, 0xC0, 0x00, 0x00, 0x00, 0x0F, 0xFE, 0xD0, 0x00, 0x00,
    0x00, 0x01, 0xFF, 0xE0, 0x00, 0x00, 0x00, 0x00, 0x2F, 0xF0, 0x00, 0x00, 0x00, 0x00, 0x03, 0xFF,
    0x00, 0x00, 0x00, 0x00, 0x00, 0x7F, 0xE0, 0x00, 0x00, 0x00, 0x00, 0x3F, 0xFC, 0x00, 0x00, 0x00,
    0x00, 0x3C, 0xFF, 0xC0, 0x00, 0x00, 0x00, 0x2D, 0x0F, 0xF8, 0x00, 0x00, 0x00, 0x1E, 0x01, 0xFF,
    0x40, 0x00, 0x00, 0x0F, 0x00, 0x2F, 0xF0, 0x00, 0x00, 0x0F, 0x00, 0x03, 0xFE, 0x00, 0x00, 0x0B,
    0x40, 0x00, 0x7F, 0xD0, 0x00, 0x07, 0xC0, 0x00, 0x0B, 0xFC, 0x00, 0xFF, 0xFF, 0x40, 0x2F, 0xFF,
    0xFC, 0x7F, 0xFF, 0xF8, 0x00, 0x2F, 0xFF, 0x80, 0x7F, 0xE0, 0x00, 0x00, 0xB8, 0x00, 0x0B, 0xFC,
    0x00, 0x00, 0x3C, 0x00, 0x00, 0xFF, 0xC0, 0x00, 0x2C, 0x00, 0x00, 0x1F, 0xF4, 0x00, 0x1D, 0x00,
    0x00, 0x02, 0xFF, 0x00, 0x0F, 0x00, 0x00, 0x00, 0x3F, 0xF0, 0x0B, 0x00, 0x00, 0x00, 0x07, 0xFD,
    0x07, 0x80, 0x00, 0x00, 0x00, 0xBF, 0xC3, 0xC0, 0x00, 0x00, 0x00, 0x0F, 0xFA, 0xD0, 0x00, 0x00,
    0x00, 0x01, 0xFF, 0xE0, 0x00, 0x00, 0x00, 0x00, 0x3F, 0xF0, 0x00, 0x00, 0x00, 0x00, 0x07, 0xF8,
    0x00, 0x00, 0x00, 0x00, 0x01, 0xFE, 0x00, 0x00, 0x00, 0x00, 0x00, 0x7F, 0x80, 0x00, 0x00, 0x00,
    0x00, 0x1F, 0xE0, 0x00, 0x00, 0x00, 0x00, 0x07, 0xF8, 0x00, 0x00, 0x00, 0x00, 0x01, 0xFE, 0x00,
    0x00, 0x00, 0x00, 0x00, 0x7F, 0x80, 0x00, 0x00, 0x00, 0x0B, 0xFF, 0xFF, 0x80, 0x00, 0x00, 0x00,
    0x00, 0x00, 0x00, 0x00, 0x00, 0x1F, 0xFF, 0xFF, 0xFF, 0xD1, 0xFE, 0x40, 0x0B, 0xFC, 0x1F, 0x40,
    0x01, 0xFF, 0x42, 0xE0, 0x00, 0x3F, 0xE0, 0x2C, 0x00, 0x0B, 0xFC, 0x02, 0xC0, 0x01, 0xFF, 0x40,
    0x28, 0x00, 0x3F, 0xF0, 0x00, 0x00, 0x0B, 0xFC, 0x00, 0x00, 0x00, 0xFF, 0x80, 0x00, 0x00, 0x3F,
    0xF0, 0x00, 0x00, 0x0B, 0xFC, 0x00, 0x00, 0x00, 0xFF, 0x80, 0x00, 0x00, 0x3F, 0xF0, 0x00, 0xA0,
    0x0B, 0xFD, 0x00, 0x0E, 0x00, 0xFF, 0x80, 0x00, 0xE0, 0x3F, 0xF0, 0x00, 0x0D, 0x07, 0xFD, 0x00,
    0x02, 0xD0, 0xFF, 0x80, 0x00, 0x7D, 0x3F, 0xF0, 0x00, 0x6F, 0xD3, 0xFF, 0xFF, 0xFF, 0xFC, 0xFF,
    0xEF, 0xC0, 0xFC, 0x0F, 0xC0, 0xFC, 0x0F, 0xC0, 0xFC, 0x0F, 0xC0, 0xFC, 0x0F, 0xC0, 0xFC, 0x0F,
    0xC0, 0xFC, 0x0F, 0xC0, 0xFC, 0x0F, 0xC0, 0xFC, 0x0F, 0xC0, 0xFC, 0x0F, 0xC0, 0xFC, 0x0F, 0xC0,
    0xFC, 0x0F, 0xC0, 0xFC, 0x0F, 0xC0, 0xFC, 0x0F, 0xC0, 0xFF, 0xE0, 0x20, 0x00, 0x00, 0x03, 0x40,
    0x00, 0x00, 0x18, 0x00, 0x00, 0x00, 0xC0, 0x00, 0x00, 0x0A, 0x00, 0x00, 0x00, 0x30, 0x00, 0x00,
    0x03, 0x40, 0x00, 0x00, 0x1C, 0x00, 0x00, 0x00, 0xC0, 0x00, 0x00, 0x0A, 0x00, 0x00, 0x00, 0x30,
    0x00, 0x00, 0x02, 0x80, 0x00, 0x00, 0x0C, 0x00, 0x00, 0x00, 0xD0, 0x00, 0x00, 0x07, 0x00, 0x00,
    0x00, 0x30, 0x00, 0x00, 0x02, 0x80, 0x00, 0x00, 0x0C, 0x00, 0x00, 0x00, 0x90, 0x00, 0x00, 0x03,
    0x00, 0x00, 0x00, 0x34, 0x00, 0x00, 0x01, 0xC0, 0x00, 0x00, 0x0C, 0x00, 0x00, 0x00, 0xA0, 0x00,
    0x00, 0x03, 0x00, 0x00, 0x00, 0x24, 0x00, 0x00, 0x01, 0xC0, 0x00, 0x00, 0x0D, 0x00, 0x00, 0x00,
    0x60, 0x00, 0x00, 0x00, 0x7F, 0xF0, 0x0F, 0xC0, 0x3F, 0x00, 0xFC, 0x03, 0xF0, 0x0F, 0xC0, 0x3F,
    0x00, 0xFC, 0x03, 0xF0, 0x0F, 0xC0, 0x3F, 0x00, 0xFC, 0x03, 0xF0, 0x0F, 0xC0, 0x3F, 0x00, 0xFC,
    0x03, 0xF0, 0x0F, 0xC0, 0x3F, 0x00, 0xFC, 0x03, 0xF0, 0x0F, 0xC0, 0x3F, 0x00, 0xFC, 0x03, 0xF0,
    0x0F, 0xC0, 0x3F, 0x00, 0xFC, 0x7F, 0xF0, 0x00, 0x0B, 0x00, 0x00, 0x07, 0xFE, 0x00, 0x03, 0xFA,
    0xFD, 0x02, 0xF8, 0x01, 0xFC, 0x28, 0x00, 0x01, 0xC0, 0x3F, 0xFF, 0xFF, 0xFF, 0xFF, 0xC0, 0x3C,
    0x02, 0xFC, 0x0B, 0xFD, 0x06, 0xFD, 0x00, 0x60, 0x01, 0xBF, 0xF8, 0x00, 0x02, 0xF4, 0x0F, 0xD0,
    0x00, 0xFE, 0x00, 0xFD, 0x00, 0x1F, 0x00, 0x2F, 0x80, 0x00, 0x00, 0x0B, 0xE0, 0x00, 0x06, 0xBF,
    0xF8, 0x00, 0x2F, 0xE0, 0xBE, 0x00, 0x3F, 0x80, 0x2F, 0x80, 0x2F, 0x80, 0x0B, 0xE0, 0x0F, 0xD0,
    0x03, 0xF8, 0x03, 0xF4, 0x00, 0xFE, 0x00, 0x7F, 0x41, 0xEF, 0xC0, 0x02, 0xFF, 0x91, 0xFF, 0x00,
    0xFF, 0xC0, 0x00, 0x00, 0x03, 0xF0, 0x00, 0x00, 0x00, 0xFC, 0x00, 0x00, 0x00, 0x3F, 0x00, 0x00,
    0x00, 0x0F, 0xC0, 0x00, 0x00, 0x03, 0xF0, 0x00, 0x00, 0x00, 0xFC, 0x00, 0x00, 0x00, 0x3F, 0x1B,
    0xF9, 0x00, 0x0F, 0xFD, 0x07, 0xF0, 0x03, 0xF8, 0x00, 0x3F, 0x00, 0xFD, 0x00, 0x0B, 0xE0, 0x3F,
    0x40, 0x01, 0xFC, 0x0F, 0xD0, 0x00, 0x7F, 0x43, 0xF4, 0x00, 0x1F, 0xD0, 0xFD, 0x00, 0x07, 0xF4,
    0x3F, 0x40, 0x01, 0xFC, 0x0F, 0xD0, 0x00, 0xBE, 0x03, 0xFC, 0x00, 0x3F, 0x00, 0xFB, 0xD0, 0x7F,
    0x00, 0x38, 0x1F, 0xF9, 0x00, 0x00, 0xBF, 0xF8, 0x02, 0xF8, 0x0F, 0xC2, 0xF8, 0x03, 0xF4, 0xFC,
    0x00, 0xBC, 0xBF, 0x00, 0x00, 0x3F, 0xC0, 0x00, 0x0F, 0xF0, 0x00, 0x03, 0xFC, 0x00, 0x00, 0xBF,
    0x00, 0x00, 0x0F, 0xD0, 0x00, 0x02, 0xFC, 0x00, 0x28, 0x2F, 0x80, 0x2C, 0x00, 0xBF, 0xF4, 0x00,
    0x00, 0x00, 0x2F, 0xF4, 0x00, 0x00, 0x00, 0xFD, 0x00, 0x00, 0x00, 0x2F, 0x40, 0x00, 0x00, 0x0B,
    0xD0, 0x00, 0x00, 0x02, 0xF4, 0x00, 0x00, 0x00, 0xBD, 0x00, 0x00, 0x00, 0x2F, 0x40, 0x02, 0xFF,
    0x8B, 0xD0, 0x07, 0xE0, 0x1F, 0xF4, 0x07, 0xE0, 0x00, 0xFD, 0x03, 0xF0, 0x00, 0x3F, 0x42, 0xFC,
    0x00, 0x0F, 0xD0, 0xFF, 0x00, 0x03, 0xF4, 0x3F, 0xC0, 0x00, 0xFD, 0x0F, 0xF0, 0x00, 0x3F, 0x42,
    0xFC, 0x00, 0x0F, 0xD0, 0x7F, 0x00, 0x03, 0xF4, 0x0B, 0xD0, 0x00, 0xFD, 0x00, 0xBD, 0x01, 0xFF,
    0x80, 0x06, 0xFF, 0x9F, 0xFD, 0x00, 0x2F, 0xF8, 0x00, 0x0B, 0xD0, 0x7E, 0x00, 0xBD, 0x00, 0x7D,
    0x07, 0xF0, 0x00, 0xFC, 0x2F, 0xC0, 0x02, 0xF0, 0xFE, 0x00, 0x07, 0xD3, 0xFF, 0xFF, 0xFF, 0x4F,
    0xE0, 0x00, 0x00, 0x3F, 0xC0, 0x00, 0x00, 0x7F, 0x00, 0x00, 0xC0, 0xBE, 0x00, 0x0B, 0x00, 0xBE,
    0x01, 0xF0, 0x00, 0x2F, 0xFD, 0x00, 0x00, 0x2F, 0xF4, 0x01, 0xF8, 0xBD, 0x03, 0xE0, 0xFE, 0x0B,
    0xD0, 0x7C, 0x0B, 0xD0, 0x00, 0x0B, 0xD0, 0x00, 0x0B, 0xD0, 0x00, 0xFF, 0xFF, 0xC0, 0x0B, 0xE0,
    0x00, 0x0B, 0xE0, 0x00, 0x0B, 0xE0, 0x00, 0x0B, 0xE0, 0x00, 0x0B, 0xE0, 0x00, 0x0B, 0xE0, 0x00,
    0x0B, 0xE0, 0x00, 0x0B, 0xE0, 0x00, 0x0B, 0xE0, 0x00, 0x0B, 0xE0, 0x00, 0x0B, 0xE0, 0x00, 0xBF,
    0xFF, 0x00, 0x00, 0x00, 0x00, 0x00, 0xBF, 0xF4, 0xBE, 0x00, 0xFC, 0x1F, 0xD7, 0xC0, 0xFC, 0x01,
    0xF8, 0xF0, 0x3F, 0x00, 0x3F, 0x00, 0x1F, 0xC0, 0x0F, 0xC0, 0x03, 0xF0, 0x03, 0xF0, 0x00, 0xFC,
    0x01, 0xF8, 0x00, 0x0F, 0x81, 0xFC, 0x00, 0x07, 0x7F, 0xF4, 0x00, 0x03, 0xC0, 0x00, 0x00, 0x00,
    0xBF, 0xFF, 0xE4, 0x00, 0x1F, 0xFF, 0xFF, 0xD0, 0x07, 0xFF, 0xFF, 0xFC, 0x07, 0xC0, 0x00, 0x6F,
    0x83, 0xE0, 0x00, 0x03, 0xE0, 0xF8, 0x00, 0x00, 0xF8, 0x2F, 0x00, 0x00, 0x7C, 0x02, 0xF4, 0x00,
    0xBD, 0x00, 0x0B, 0xFF, 0xE4, 0x00, 0xBF, 0xD0, 0x00, 0x00, 0x03, 0xF4, 0x00, 0x00, 0x00, 0xBD,
    0x00, 0x00, 0x00, 0x2F, 0x40, 0x00, 0x00, 0x0B, 0xD0, 0x00, 0x00, 0x02, 0xF4, 0x00, 0x00, 0x00,
    0xBD, 0x00, 0x00, 0x00, 0x2F, 0x46, 0xFE, 0x00, 0x0B, 0xD7, 0x43, 0xF0, 0x02, 0xFA, 0x00, 0xBE,
    0x00, 0xBF, 0x00, 0x2F, 0xC0, 0x2F, 0x80, 0x07, 0xF0, 0x0B, 0xE0, 0x01, 0xFC, 0x02, 0xF8, 0x00,
    0x7F, 0x00, 0xBE, 0x00, 0x1F, 0xC0, 0x2F, 0x80, 0x07, 0xF0, 0x0B, 0xE0, 0x01, 0xFC, 0x02, 0xF8,
    0x00, 0x7F, 0x00, 0xBE, 0x00, 0x1F, 0xC2, 0xFF, 0xF8, 0x7F, 0xFF, 0x0B, 0x80, 0x2F, 0xE0, 0x2F,
    0xF0, 0x2F, 0xE0, 0x0B, 0x80, 0x00, 0x00, 0x00, 0x00, 0xBF, 0xE0, 0x0F, 0xE0, 0x0B, 0xE0, 0x0B,
    0xE0, 0x0B, 0xE0, 0x0B, 0xE0, 0x0B, 0xE0, 0x0B, 0xE0, 0x0B, 0xE0, 0x0B, 0xE0, 0x0B, 0xE0, 0x0B,
    0xE0, 0xBF, 0xFD, 0x00, 0x0B, 0x80, 0x02, 0xFE, 0x00, 0x2F, 0xE0, 0x02, 0xFE, 0x00, 0x0B, 0x80,
    0x00, 0x00, 0x00, 0x00, 0x00, 0x0B, 0xFF, 0x00, 0x0B, 0xF0, 0x00, 0x7F, 0x00, 0x07, 0xF0, 0x00,
    0x7F, 0x00, 0x07, 0xF0, 0x00, 0x7F, 0x00, 0x07, 0xF0, 0x00, 0x7F, 0x00, 0x07, 0xF0, 0x00, 0x7F,
    0x00, 0x07, 0xF0, 0x00, 0x7F, 0x00, 0x07, 0xF0, 0x00, 0x7E, 0x3D, 0x0B, 0xEB, 0xF0, 0xFC, 0x7E,
    0x1F, 0x41, 0xBF, 0x80, 0xFF, 0xC0, 0x00, 0x00, 0x03, 0xF0, 0x00, 0x00, 0x00, 0xFC, 0x00, 0x00,
    0x00, 0x3F, 0x00, 0x00, 0x00, 0x0F, 0xC0, 0x00, 0x00, 0x03, 0xF0, 0x00, 0x00, 0x00, 0xFC, 0x00,
    0x00, 0x00, 0x3F, 0x00, 0x7F, 0xF4, 0x0F, 0xC0, 0x0B, 0x80, 0x03, 0xF0, 0x0B, 0x80, 0x00, 0xFC,
    0x0F, 0x40, 0x00, 0x3F, 0x0F, 0x40, 0x00, 0x0F, 0xDF, 0xD0, 0x00, 0x03, 0xFF, 0xFC, 0x00, 0x00,
    0xFE, 0x2F, 0xC0, 0x00, 0x3F, 0x03, 0xF8, 0x00, 0x0F, 0xC0, 0x3F, 0x40, 0x03, 0xF0, 0x07, 0xF0,
    0x00, 0xFC, 0x00, 0xFF, 0x03, 0xFF, 0xF0, 0xBF, 0xFC, 0xBF, 0xE0, 0x0F, 0xE0, 0x0B, 0xE0, 0x0B,
    0xE0, 0x0B, 0xE0, 0x0B, 0xE0, 0x0B, 0xE0, 0x0B, 0xE0, 0x0B, 0xE0, 0x0B, 0xE0, 0x0B, 0xE0, 0x0B,
    0xE0, 0x0B, 0xE0, 0x0B, 0xE0, 0x0B, 0xE0, 0x0B, 0xE0, 0x0B, 0xE0, 0x0B, 0xE0, 0x0B, 0xE0, 0xBF,
    0xFD, 0xBF, 0xD1, 0xBF, 0x90, 0x6F, 0xF4, 0x00, 0x3F, 0x6D, 0x0F, 0xDB, 0x42, 0xF4, 0x00, 0xBF,
    0x80, 0x2F, 0xF0, 0x07, 0xF0, 0x02, 0xFC, 0x00, 0x7F, 0x40, 0x0F, 0xC0, 0x0B, 0xF0, 0x01, 0xFC,
    0x00, 0x3F, 0x00, 0x2F, 0x80, 0x07, 0xF0, 0x00, 0xFC, 0x00, 0xBE, 0x00, 0x1F, 0xC0, 0x03, 0xF0,
    0x02, 0xF8, 0x00, 0x7F, 0x00, 0x0F, 0xC0, 0x0B, 0xE0, 0x01, 0xFC, 0x00, 0x3F, 0x00, 0x2F, 0x80,
    0x07, 0xF0, 0x00, 0xFC, 0x00, 0xBE, 0x00, 0x1F, 0xC0, 0x03, 0xF0, 0x02, 0xF8, 0x00, 0x7F, 0x00,
    0x0F, 0xC0, 0xBF, 0xFE, 0x1F, 0xFF, 0xC3, 0xFF, 0xF0, 0xBF, 0xD1, 0xBF, 0x80, 0x03, 0xF6, 0xD0,
    0xFC, 0x00, 0xBF, 0x80, 0x2F, 0x80, 0x2F, 0xC0, 0x0B, 0xF0, 0x0B, 0xE0, 0x01, 0xFC, 0x02, 0xF8,
    0x00, 0x7F, 0x00, 0xBE, 0x00, 0x1F, 0xC0, 0x2F, 0x80, 0x07, 0xF0, 0x0B, 0xE0, 0x01, 0xFC, 0x02,
    0xF8, 0x00, 0x7F, 0x00, 0xBE, 0x00, 0x1F, 0xC0, 0x2F, 0x80, 0x07, 0xF0, 0xBF, 0xFE, 0x1F, 0xFF,
    0xC0, 0x00, 0x2F, 0xF9, 0x00, 0x02, 0xF4, 0x0B, 0xD0, 0x0B, 0xD0, 0x02, 0xF4, 0x1F, 0xC0, 0x00,
    0xFC, 0x2F, 0x80, 0x00, 0xFD, 0x3F, 0x80, 0x00, 0xFE, 0x3F, 0x80, 0x00, 0xFE, 0x3F, 0x80, 0x00,
    0xFE, 0x3F, 0x80, 0x00, 0xFD, 0x1F, 0xC0, 0x00, 0xFC, 0x0F, 0xD0, 0x02, 0xF4, 0x02, 0xF4, 0x0B,
    0xD0, 0x00, 0x6F, 0xFE, 0x00, 0xFF, 0xDB, 0xFF, 0x40, 0x03, 0xFF, 0x41, 0xFD, 0x00, 0xFE, 0x00,
    0x1F, 0xC0, 0x3F, 0x40, 0x02, 0xFC, 0x0F, 0xD0, 0x00, 0x7F, 0x03, 0xF4, 0x00, 0x1F, 0xD0, 0xFD,
    0x00, 0x07, 0xF4, 0x3F, 0x40, 0x01, 0xFD, 0x0F, 0xD0, 0x00, 0xBF, 0x03, 0xF4, 0x00, 0x3F, 0x80,
    0xFF, 0x00, 0x1F, 0xC0, 0x3F, 0xF4, 0x2F, 0xC0, 0x0F, 0xD7, 0xFE, 0x40, 0x03, 0xF4, 0x00, 0x00,
    0x00, 0xFD, 0x00, 0x00, 0x00, 0x3F, 0x40, 0x00, 0x00, 0x0F, 0xD0, 0x00, 0x00, 0x03, 0xF4, 0x00,
    0x00, 0x0F, 0xFF, 0xD0, 0x00, 0x00, 0x00, 0xBF, 0xE0, 0x34, 0x02, 0xFD, 0x0B, 0x3D, 0x02, 0xFC,
    0x00, 0xBF, 0x40, 0xFD, 0x00, 0x0F, 0xD0, 0xBF, 0x00, 0x02, 0xF4, 0x3F, 0xC0, 0x00, 0xBD, 0x0F,
    0xF0, 0x00, 0x2F, 0x43, 0xFC, 0x00, 0x0B, 0xD0, 0xBF, 0x00, 0x02, 0xF4, 0x0F, 0xD0, 0x00, 0xFD,
    0x02, 0xFC, 0x00, 0xBF, 0x40, 0x2F, 0x80, 0xBF, 0xD0, 0x00, 0xBF, 0xD3, 0xF4, 0x00, 0x00, 0x00,
    0xFD, 0x00, 0x00, 0x00, 0x3F, 0x40, 0x00, 0x00, 0x0F, 0xD0, 0x00, 0x00, 0x03, 0xF4, 0x00, 0x00,
    0x00, 0xFD, 0x00, 0x00, 0x03, 0xFF, 0xF4, 0xFF, 0xC7, 0xF8, 0x0F, 0xDD, 0xBE, 0x0F, 0xF4, 0xBF,
    0x0F, 0xF0, 0x3D, 0x0F, 0xE0, 0x00, 0x0F, 0xD0, 0x00, 0x0F, 0xC0, 0x00, 0x0F, 0xC0, 0x00, 0x0F,
    0xC0, 0x00, 0x0F, 0xC0, 0x00, 0x0F, 0xC0, 0x00, 0x0F, 0xC0, 0x00, 0xFF, 0xFE, 0x00, 0x0B, 0xFE,
    0xB0, 0x3D, 0x01, 0xF0, 0xB4, 0x00, 0x30, 0xF4, 0x00, 0x00, 0xFF, 0x54, 0x00, 0x7F, 0xFF, 0x80,
    0x1F, 0xFF, 0xF0, 0x00, 0x6F, 0xF8, 0x00, 0x00, 0xBC, 0xE0, 0x00, 0x3C, 0xF0, 0x00, 0x38, 0xFD,
    0x01, 0xF0, 0xE6, 0xFF, 0x80, 0x00, 0x34, 0x00, 0x00, 0x74, 0x00, 0x00, 0xB4, 0x00, 0x01, 0xF4,
    0x00, 0x07, 0xF4, 0x00, 0x7F, 0xFF, 0xF8, 0x03, 0xF4, 0x00, 0x03, 0xF4, 0x00, 0x03, 0xF4, 0x00,
    0x03, 0xF4, 0x00, 0x03, 0xF4, 0x00, 0x03, 0xF4, 0x00, 0x03, 0xF4, 0x04, 0x03, 0xF4, 0x1C, 0x03,
    0xF4, 0x1C, 0x03, 0xF4, 0x1C, 0x01, 0xFC, 0x34, 0x00, 0x6F, 0xD0, 0xBF, 0xE0, 0x1F, 0xFC, 0x03,
    0xF8, 0x00, 0xBF, 0x00, 0xBE, 0x00, 0x1F, 0xC0, 0x2F, 0x80, 0x07, 0xF0, 0x0B, 0xE0, 0x01, 0xFC,
    0x02, 0xF8, 0x00, 0x7F, 0x00, 0xBE, 0x00, 0x1F, 0xC0, 0x2F, 0x80, 0x07, 0xF0, 0x0B, 0xE0, 0x02,
    0xFC, 0x02, 0xF8, 0x00, 0xBF, 0x00, 0xBE, 0x00, 0x3F, 0xC0, 0x0F, 0xC0, 0x77, 0xF0, 0x00, 0xBF,
    0xE1, 0xFF, 0xC0, 0x3F, 0xFE, 0x00, 0xFF, 0xC0, 0xFD, 0x00, 0x0F, 0x00, 0x2F, 0xC0, 0x03, 0x40,
    0x07, 0xF0, 0x02, 0xC0, 0x00, 0xFE, 0x00, 0xD0, 0x00, 0x1F, 0xC0, 0xB0, 0x00, 0x03, 0xF8, 0x34,
    0x00, 0x00, 0x7F, 0x1C, 0x00, 0x00, 0x0F, 0xDE, 0x00, 0x00, 0x02, 0xFF, 0x00, 0x00, 0x00, 0x3F,
    0x80, 0x00, 0x00, 0x0B, 0xC0, 0x00, 0x00, 0x00, 0xE0, 0x00, 0x00, 0x7F, 0xFD, 0x3F, 0xFC, 0x0B,
    0xFD, 0x07, 0xF0, 0x03, 0xE0, 0x00, 0xE0, 0x03, 0xF4, 0x03, 0xF0, 0x01, 0xC0, 0x02, 0xFC, 0x03,
    0xF8, 0x03, 0x80, 0x00, 0xFC, 0x07, 0xFC, 0x03, 0x00, 0x00, 0xFE, 0x0E, 0xBD, 0x0B, 0x00, 0x00,
    0x7F, 0x0C, 0x3E, 0x0D, 0x00, 0x00, 0x3F, 0x6C, 0x3F, 0x1C, 0x00, 0x00, 0x2F, 0xF4, 0x1F, 0x78,
    0x00, 0x00, 0x0F, 0xF0, 0x0F, 0xF4, 0x00, 0x00, 0x0F, 0xE0, 0x0B, 0xF0, 0x00, 0x00, 0x07, 0xC0,
    0x03, 0xD0, 0x00, 0x00, 0x03, 0xC0, 0x02, 0xC0, 0x00, 0x3F, 0xFD, 0x07, 0xFF, 0x40, 0xFE, 0x00,
    0x78, 0x00, 0x0F, 0xD0, 0x38, 0x00, 0x00, 0xFD, 0x3C, 0x00, 0x00, 0x1F, 0xFC, 0x00, 0x00, 0x02,
    0xFD, 0x00, 0x00, 0x00, 0x3F, 0x80, 0x00, 0x00, 0x1F, 0xF4, 0x00, 0x00, 0x0E, 0x7F, 0x00, 0x00,
    0x0F, 0x0B, 0xF0, 0x00, 0x0B, 0x00, 0xBE, 0x00, 0x0B, 0x40, 0x0F, 0xE0, 0x7F, 0xF4, 0x0B, 0xFF,
    0xC0, 0x3F, 0xFE, 0x00, 0xFF, 0xC0, 0xFD, 0x00, 0x0F, 0x00, 0x2F, 0xC0, 0x03, 0x40, 0x07, 0xF0,
    0x02, 0xC0, 0x00, 0xFE, 0x00, 0xD0, 0x00, 0x1F, 0xC0, 0xB0, 0x00, 0x03, 0xF8, 0x34, 0x00, 0x00,
    0x7F, 0x1C, 0x00, 0x00, 0x0F, 0xDE, 0x00, 0x00, 0x02, 0xFF, 0x00, 0x00, 0x00, 0x3F, 0x80, 0x00,
    0x00, 0x0B, 0xC0, 0x00, 0x00, 0x00, 0xF0, 0x00, 0x00, 0x00, 0x34, 0x00, 0x00, 0x00, 0x2C, 0x00,
    0x00, 0xF4, 0x0D, 0x00, 0x00, 0x7F, 0x0B, 0x00, 0x00, 0x0F, 0x8B, 0x00, 0x00, 0x00, 0xFE, 0x00,
    0x00, 0x00, 0x1F, 0xFF, 0xFF, 0xC1, 0xF4, 0x03, 0xFC, 0x1D, 0x00, 0xFF, 0x02, 0xC0, 0x2F, 0xD0,
    0x2C, 0x07, 0xF8, 0x00, 0x00, 0xFF, 0x00, 0x00, 0x3F, 0xC0, 0x00, 0x0B, 0xF4, 0x00, 0x01, 0xFE,
    0x00, 0xD0, 0x3F, 0xC0, 0x0C, 0x0F, 0xF0, 0x02, 0xC2, 0xFD, 0x00, 0xBC, 0x3F, 0xFF, 0xFF, 0xC0,
    0x00, 0x00, 0x00, 0x00, 0x00, 0x6F, 0xC0, 0x01, 0xFE, 0x00, 0x00, 0xFD, 0x00, 0x00, 0x7F, 0x00,
    0x00, 0x1F, 0xC0, 0x00, 0x07, 0xF0, 0x00, 0x01, 0xFC, 0x00, 0x00, 0x7F, 0x00, 0x00, 0x1F, 0xC0,
    0x00, 0x07, 0xF0, 0x00, 0x01, 0xFC, 0x00, 0x00, 0x7F, 0x00, 0x00, 0x3F, 0x40, 0x00, 0x7F, 0x80,
    0x02, 0xFF, 0x00, 0x00, 0x07, 0xF8, 0x00, 0x00, 0x3F, 0x40, 0x00, 0x07, 0xF0, 0x00, 0x01, 0xFC,
    0x00, 0x00, 0x7F, 0x00, 0x00, 0x1F, 0xC0, 0x00, 0x07, 0xF0, 0x00, 0x01, 0xFC, 0x00, 0x00, 0x7F,
    0x00, 0x00, 0x1F, 0xC0, 0x00, 0x07, 0xF0, 0x00, 0x00, 0xFD, 0x00, 0x00, 0x1F, 0xE0, 0x00, 0x00,
    0x6F, 0xC0, 0x21, 0xD7, 0x5D, 0x75, 0xD7, 0x5D, 0x75, 0xD7, 0x5D, 0x75, 0xD7, 0x5D, 0x75, 0xD7,
    0x5D, 0x75, 0xD7, 0x5D, 0x75, 0xD7, 0x5D, 0x34, 0x00, 0xBF, 0x90, 0x00, 0x01, 0xFF, 0x00, 0x00,
    0x0F, 0xE0, 0x00, 0x01, 0xFC, 0x00, 0x00, 0x7F, 0x00, 0x00, 0x1F, 0xC0, 0x00, 0x07, 0xF0, 0x00,
    0x01, 0xFC, 0x00, 0x00, 0x7F, 0x00, 0x00, 0x1F, 0xC0, 0x00, 0x07, 0xF0, 0x00, 0x00, 0xFC, 0x00,
    0x00, 0x3F, 0x80, 0x00, 0x03, 0xF8, 0x00, 0x00, 0x2F, 0xF4, 0x00, 0x3F, 0x80, 0x00, 0x3F, 0x80,
    0x00, 0x1F, 0xC0, 0x00, 0x07, 0xF0, 0x00, 0x01, 0xFC, 0x00, 0x00, 0x7F, 0x00, 0x00, 0x1F, 0xC0,
    0x00, 0x07, 0xF0, 0x00, 0x01, 0xFC, 0x00, 0x00, 0x7F, 0x00, 0x00, 0x1F, 0xC0, 0x00, 0x0F, 0xE0,
    0x00, 0x1F, 0xF0, 0x00, 0xBF, 0x90, 0x00, 0x00, 0x07, 0xFE, 0x50, 0x1D, 0x1F, 0xFF, 0xFF, 0xFC,
    0x34, 0x01, 0xBF, 0xE0, 0x1F, 0x43, 0xFC, 0x3F, 0xD3, 0xFC, 0x1F, 0x40, 0x00, 0x00, 0x00, 0xA0,
    0x0F, 0x00, 0xF0, 0x0F, 0x00, 0xF4, 0x1F, 0x41, 0xF8, 0x2F, 0x83, 0xFC, 0x3F, 0xC3, 0xFC, 0x3F,
    0xD3, 0xFC, 0x1F, 0x40, 0x00, 0x01, 0xC0, 0x00, 0x00, 0x07, 0x00, 0x00, 0x06, 0xFF, 0xF8, 0x01,
    0xFD, 0x70, 0xFC, 0x1F, 0xC1, 0xC3, 0xF4, 0xFD, 0x07, 0x0F, 0xCB, 0xF0, 0x1C, 0x04, 0x3F, 0xC0,
    0x70, 0x00, 0xFF, 0x01, 0xC0, 0x03, 0xFC, 0x07, 0x00, 0x0B, 0xF0, 0x1C, 0x00, 0x0F, 0xD0, 0x70,
    0x05, 0x1F, 0xC1, 0xC0, 0x34, 0x1F, 0xDB, 0x07, 0x40, 0x06, 0xFF, 0xE0, 0x00, 0x00, 0x70, 0x00,
    0x00, 0x01, 0xC0, 0x00, 0x00, 0x00, 0x1B, 0xFD, 0x00, 0x00, 0x00, 0xBD, 0x07, 0x80, 0x00, 0x02,
    0xF4, 0x00, 0xE0, 0x00, 0x03, 0xF0, 0x00, 0xF0, 0x00, 0x07, 0xF0, 0x03, 0xF4, 0x00, 0x07, 0xF0,
    0x03, 0xF4, 0x00, 0x07, 0xF0, 0x02, 0xE0, 0x00, 0x07, 0xF0, 0x00, 0x00, 0x00, 0x07, 0xF0, 0x00,
    0x00, 0x00, 0x07, 0xF0, 0x00, 0x00, 0x00, 0xBF, 0xFF, 0xC0, 0x00, 0x00, 0x07, 0xF0, 0x00, 0x00,
    0x00, 0x07, 0xF0, 0x00, 0x00, 0x00, 0x07, 0xF0, 0x00, 0x00, 0x00, 0x07, 0xF0, 0x00, 0x00, 0x00,
    0x07, 0xF0, 0x00, 0x00, 0x0B, 0xFF, 0xE0, 0x00, 0x0C, 0x3F, 0xFF, 0xFF, 0x40, 0x7C, 0x3C, 0x2F,
    0xFF, 0xFF, 0xF4, 0x2F, 0xF8, 0x06, 0xFF, 0x80, 0x00, 0x00, 0x00, 0x00, 0x00, 0x7F, 0xFF, 0xF8,
    0x00, 0x2F, 0xFF, 0x80, 0x7F, 0xE0, 0x00, 0x00, 0xB8, 0x00, 0x0B, 0xFC, 0x00, 0x00, 0x3C, 0x00,
    0x00, 0xFF, 0x80, 0x00, 0x2D, 0x00, 0x00, 0x2F, 0xF4, 0x00, 0x0E, 0x00, 0x00, 0x03, 0xFF, 0x00,
    0x0F, 0x00, 0x00, 0x00, 0x7F, 0xD0, 0x07, 0x80, 0x00, 0x3F, 0xFF, 0xFF, 0xFF, 0xFF, 0xF0, 0x00,
    0x00, 0xFF, 0xC2, 0xC0, 0x00, 0x00, 0x00, 0x0F, 0xF9, 0xD0, 0x00, 0x00, 0x00, 0x01, 0xFF, 0xE0,
    0x00, 0x00, 0x00, 0x00, 0x2F, 0xF0, 0x00, 0x00, 0x00, 0x00, 0x07, 0xF8, 0x00, 0x00, 0x03, 0xFF,
    0xFF, 0xFF, 0xFF, 0xFF, 0x00, 0x00, 0x00, 0x7F, 0x80, 0x00, 0x00, 0x00, 0x00, 0x1F, 0xE0, 0x00,
    0x00, 0x00, 0x00, 0x07, 0xF8, 0x00, 0x00, 0x00, 0x00, 0x01, 0xFE, 0x00, 0x00, 0x00, 0x00, 0x00,
    0x7F, 0x80, 0x00, 0x00, 0x00, 0x0B, 0xFF, 0xFF, 0x80, 0x00, 0x00, 0x00, 0x00, 0x00, 0x00, 0x00,
    0x00, 0x02, 0xFE, 0x40, 0x1F, 0x41, 0xE0, 0x3C, 0x01, 0xF4, 0xB8, 0x02, 0xF8, 0xB4, 0x01, 0xF0,
    0xBC, 0x00, 0x00, 0x7F, 0xD0, 0x00, 0x3F, 0xFE, 0x00, 0x0F, 0xFF, 0xC0, 0x0F, 0xFF, 0xE0, 0x3D,
    0x7F, 0xF4, 0x78, 0x06, 0xF8, 0xB4, 0x00, 0x7C, 0xB8, 0x00, 0x3C, 0x7F, 0x40, 0x78, 0x3F, 0xF8,
    0xF0, 0x1F, 0xFF, 0xD0, 0x0B, 0xFF, 0xD0, 0x01, 0xFF, 0xF0, 0x00, 0x1B, 0xF8, 0x00, 0x00, 0xBC,
    0x2E, 0x00, 0x3C, 0x3F, 0x00, 0x3C, 0x3E, 0x00, 0xB4, 0x1E, 0x02, 0xE0, 0x02, 0xFE, 0x40, 0x0F,
    0x40, 0xB8, 0x3F, 0xC1, 0xFE, 0x3F, 0xD2, 0xFF, 0x3F, 0xC1, 0xFE, 0x1F, 0x40, 0xB8, 0x00, 0x00,
    0x00, 0x6F, 0xFF, 0xE4, 0x00, 0x00, 0x00, 0x00, 0x00, 0xBE, 0x40, 0x00, 0x6F, 0x80, 0x00, 0x00,
    0x00, 0x2E, 0x00, 0x00, 0x00, 0x02, 0xE0, 0x00, 0x00, 0x07, 0xC0, 0x00, 0x00, 0x00, 0x00, 0xF4,
    0x00, 0x00, 0x78, 0x00, 0x00, 0x00, 0x00, 0x00, 0xB4, 0x00, 0x07, 0x80, 0x00, 0x00, 0x00, 0x00,
    0x00, 0xB4, 0x00, 0x3C, 0x00, 0x00, 0x00, 0x00, 0x00, 0x00, 0xF0, 0x02, 0xC0, 0x00, 0x06, 0xFF,
    0xE5, 0xB0, 0x00, 0xE0, 0x0E, 0x00, 0x01, 0xFE, 0x00, 0x7F, 0xC0, 0x02, 0xC0, 0x74, 0x00, 0x2F,
    0xC0, 0x00, 0x3F, 0x00, 0x07, 0x83, 0xC0, 0x02, 0xFD, 0x00, 0x00, 0x3C, 0x00, 0x0F, 0x0F, 0x00,
    0x0F, 0xF0, 0x00, 0x00, 0xF0, 0x00, 0x3C, 0x38, 0x00, 0xBF, 0xC0, 0x00, 0x00, 0x40, 0x00, 0xB0,
    0xE0, 0x02, 0xFE, 0x00, 0x00, 0x00, 0x00, 0x02, 0xC3, 0x80, 0x0B, 0xF8, 0x00, 0x00, 0x00, 0x00,
    0x0B, 0x0E, 0x00, 0x2F, 0xE0, 0x00, 0x00, 0x00, 0x00, 0x2C, 0x3C, 0x00, 0x3F, 0xC0, 0x00, 0x01,
    0xC0, 0x00, 0xF0, 0xF0, 0x00, 0xBF, 0x40, 0x00, 0x0A, 0x00, 0x03, 0xC2, 0xD0, 0x00, 0xBF, 0x00,
    0x00, 0x70, 0x00, 0x1E, 0x03, 0x80, 0x00, 0x7F, 0x90, 0x1B, 0x00, 0x00, 0xB0, 0x0F, 0x00, 0x00,
    0x1B, 0xFF, 0x90, 0x00, 0x03, 0x80, 0x0E, 0x00, 0x00, 0x00, 0x00, 0x00, 0x00, 0x2C, 0x00, 0x2D,
    0x00, 0x00, 0x00, 0x00, 0x00, 0x01, 0xE0, 0x00, 0x3C, 0x00, 0x00, 0x00, 0x00, 0x00, 0x0F, 0x00,
    0x00, 0x3C, 0x00, 0x00, 0x00, 0x00, 0x00, 0xF0, 0x00, 0x00, 0x2D, 0x00, 0x00, 0x00, 0x00, 0x1E,
    0x00, 0x00, 0x00, 0x1F, 0x40, 0x00, 0x00, 0x07, 0xD0, 0x00, 0x00, 0x00, 0x07, 0xE4, 0x00, 0x06,
    0xF4, 0x00, 0x00, 0x00, 0x00, 0x00, 0x6F, 0xFF, 0xE4, 0x00, 0x00, 0x00, 0x01, 0xBF, 0x90, 0x00,
    0x2F, 0x0B, 0xE0, 0x00, 0xFE, 0x0F, 0xD0, 0x01, 0xF0, 0x2F, 0x80, 0x00, 0x00, 0xBF, 0x00, 0x00,
    0x02, 0xFC, 0x00, 0x1B, 0xFF, 0xF0, 0x07, 0xF9, 0x2F, 0xC0, 0x3F, 0x40, 0xBF, 0x00, 0xFE, 0x03,
    0xFC, 0x01, 0xFF, 0xF6, 0xFF, 0x00, 0x00, 0x00, 0x00, 0x00, 0x00, 0x00, 0x00, 0x7F, 0xFF, 0xFF,
    0x40, 0x00, 0x02, 0x00, 0x10, 0x00, 0xB0, 0x0D, 0x00, 0x1D, 0x02, 0xC0, 0x03, 0xC0, 0x74, 0x00,
    0xF0, 0x1F, 0x00, 0x7D, 0x0B, 0xC0, 0x2F, 0x83, 0xF4, 0x03, 0xF4, 0x7F, 0x00, 0x0B, 0xD0, 0xFC,
    0x00, 0x1F, 0x02, 0xE0, 0x00, 0x78, 0x0B, 0x40, 0x02, 0xC0, 0x3C, 0x00, 0x0E, 0x01, 0xD0, 0x00,
    0x30, 0x06, 0x00, 0x00, 0x00, 0x00, 0x00, 0x3F, 0xFF, 0xFF, 0xFF, 0xFC, 0x00, 0x00, 0x00, 0x00,
    0x1D, 0x00, 0x00, 0x00, 0x00, 0x1D, 0x00, 0x00, 0x00, 0x00, 0x1D, 0x00, 0x00, 0x00, 0x00, 0x1D,
    0x00, 0x00, 0x00, 0x00, 0x1D, 0x00, 0x00, 0x00, 0x00, 0x1D, 0x00, 0x00, 0x00, 0x00, 0x0C, 0xBF,
    0xFF, 0xCB, 0xFF, 0xFC, 0xBF, 0xFF, 0xC0, 0x00, 0x00, 0x00, 0x6F, 0xFF, 0xE4, 0x00, 0x00, 0x00,
    0x00, 0x00, 0xBE, 0x40, 0x00, 0x6F, 0x80, 0x00, 0x00, 0x00, 0x2E, 0x40, 0x00, 0x00, 0x06, 0xE0,
    0x00, 0x00, 0x03, 0xD0, 0x00, 0x00, 0x00, 0x01, 0xF0, 0x00, 0x00, 0x38, 0x00, 0x00, 0x00, 0x00,
    0x00, 0xB0, 0x00, 0x03, 0xC0, 0x00, 0x00, 0x00, 0x00, 0x00, 0xF0, 0x00, 0x3C, 0x00, 0x00, 0x00,
    0x00, 0x00, 0x00, 0xF0, 0x01, 0xD0, 0xFF, 0xFF, 0xFF, 0xE0, 0x00, 0x01, 0xE0, 0x0F, 0x00, 0x0F,
    0xF0, 0x07, 0xFC, 0x00, 0x03, 0xC0, 0x74, 0x00, 0x3F, 0xC0, 0x03, 0xFC, 0x00, 0x07, 0x42, 0xC0,
    0x00, 0xFF, 0x00, 0x0F, 0xF4, 0x00, 0x0E, 0x0F, 0x00, 0x03, 0xFC, 0x00, 0x3F, 0xD0, 0x00, 0x3C,
    0x38, 0x00, 0x0F, 0xF0, 0x00, 0xFF, 0x00, 0x00, 0xB0, 0xE0, 0x00, 0x3F, 0xC0, 0x1F, 0xF0, 0x00,
    0x02, 0xC3, 0x80, 0x00, 0xFF, 0xFF, 0xFD, 0x00, 0x00, 0x0B, 0x0E, 0x00, 0x03, 0xFC, 0x07, 0xFC,
    0x00, 0x00, 0x2C, 0x3C, 0x00, 0x0F, 0xF0, 0x07, 0xF8, 0x00, 0x00, 0xF0, 0xF0, 0x00, 0x3F, 0xC0,
    0x1F, 0xF0, 0x00, 0x03, 0xC2, 0xC0, 0x00, 0xFF, 0x00, 0x3F, 0xC0, 0x30, 0x0E, 0x07, 0x80, 0x03,
    0xFC, 0x00, 0xFF, 0x82, 0xC0, 0xB4, 0x0F, 0x03, 0xFF, 0xFF, 0xC0, 0xBF, 0xF8, 0x03, 0xC0, 0x1E,
    0x00, 0x00, 0x00, 0x00, 0x00, 0x00, 0x1D, 0x00, 0x3C, 0x00, 0x00, 0x00, 0x00, 0x00, 0x00, 0xE0,
    0x00, 0x3C, 0x00, 0x00, 0x00, 0x00, 0x00, 0x0F, 0x00, 0x00, 0x3C, 0x00, 0x00, 0x00, 0x00, 0x00,
    0xF0, 0x00, 0x00, 0x3D, 0x00, 0x00, 0x00, 0x00, 0x1F, 0x00, 0x00, 0x00, 0x2E, 0x40, 0x00, 0x00,
    0x07, 0xD0, 0x00, 0x00, 0x00, 0x0B, 0xE4, 0x00, 0x06, 0xF8, 0x00, 0x00, 0x00, 0x00, 0x00, 0x6F,
    0xFF, 0xE4, 0x00, 0x00, 0x00, 0xBF, 0xFF, 0xFF, 0x40, 0x07, 0xF8, 0x07, 0x47, 0xC3, 0xC0, 0xB0,
    0xE0, 0x2C, 0x3C, 0x0B, 0x07, 0x47, 0xC0, 0x7F, 0x80, 0x00, 0x00, 0x02, 0x80, 0x00, 0x00, 0x00,
    0x00, 0x03, 0xC0, 0x00, 0x00, 0x00, 0x00, 0x03, 0xC0, 0x00, 0x00, 0x00, 0x00, 0x03, 0xC0, 0x00,
    0x00, 0x00, 0x00, 0x03, 0xC0, 0x00, 0x00, 0x00, 0x00, 0x03, 0xC0, 0x00, 0x00, 0x00, 0x00, 0x03,
    0xC0, 0x00, 0x00, 0x00, 0x00, 0x03, 0xC0, 0x00, 0x00, 0x00, 0x00, 0x03, 0xC0, 0x00, 0x00, 0x00,
    0x00, 0x03, 0xC0, 0x00, 0x00, 0x3F, 0xFF, 0xFF, 0xFF, 0xFF, 0xFC, 0x00, 0x00, 0x03, 0xC0, 0x00,
    0x00, 0x00, 0x00, 0x03, 0xC0, 0x00, 0x00, 0x00, 0x00, 0x03, 0xC0, 0x00, 0x00, 0x00, 0x00, 0x03,
    0xC0, 0x00, 0x00, 0x00, 0x00, 0x03, 0xC0, 0x00, 0x00, 0x00, 0x00, 0x03, 0xC0, 0x00, 0x00, 0x00,
    0x00, 0x03, 0xC0, 0x00, 0x00, 0x00, 0x00, 0x03, 0xC0, 0x00, 0x00, 0x00, 0x00, 0x03, 0xC0, 0x00,
    0x00, 0x3F, 0xFF, 0xFF, 0xFF, 0xFF, 0xFC, 0x01, 0xE0, 0x2F, 0xD2, 0xFF, 0x2F, 0xE0, 0x64, 0x00,
    0xBF, 0xE0, 0x1F, 0xFC, 0x03, 0xF8, 0x00, 0xBF, 0x00, 0xBE, 0x00, 0x1F, 0xC0, 0x2F, 0x80, 0x07,
    0xF0, 0x0B, 0xE0, 0x01, 0xFC, 0x02, 0xF8, 0x00, 0x7F, 0x00, 0xBE, 0x00, 0x1F, 0xC0, 0x2F, 0x80,
    0x07, 0xF0, 0x0B, 0xE0, 0x02, 0xFC, 0x02, 0xF8, 0x00, 0xBF, 0x00, 0xBE, 0x00, 0x3F, 0xC0, 0x2F,
    0xC0, 0x7B, 0xF0, 0x0B, 0xFF, 0xE1, 0xFF, 0xC2, 0xF8, 0x00, 0x00, 0x00, 0xBE, 0x00, 0x00, 0x00,
    0x2F, 0x80, 0x00, 0x00, 0x0B, 0xE0, 0x00, 0x00, 0x02, 0xF8, 0x00, 0x00, 0x0B, 0xFF, 0xE0, 0x00,
    0x00, 0x00, 0x1B, 0xFF, 0xFF, 0xF0, 0x07, 0xFF, 0xF8, 0x38, 0x00, 0x7F, 0xFF, 0xE0, 0xE0, 0x03,
    0xFF, 0xFF, 0x83, 0x80, 0x3F, 0xFF, 0xFE, 0x0E, 0x00, 0xFF, 0xFF, 0xF8, 0x38, 0x03, 0xFF, 0xFF,
    0xE0, 0xE0, 0x0F, 0xFF, 0xFF, 0x83, 0x80, 0x3F, 0xFF, 0xFE, 0x0E, 0x00, 0x7F, 0xFF, 0xF8, 0x38,
    0x00, 0xFF, 0xFF, 0xE0, 0xE0, 0x00, 0xFF, 0xFF, 0x83, 0x80, 0x00, 0x7F, 0xFE, 0x0E, 0x00, 0x00,
    0x1B, 0xF8, 0x38, 0x00, 0x00, 0x00, 0xE0, 0xE0, 0x00, 0x00, 0x03, 0x83, 0x80, 0x00, 0x00, 0x0E,
    0x0E, 0x00, 0x00, 0x00, 0x38, 0x38, 0x00, 0x00, 0x00, 0xE0, 0xE0, 0x00, 0x00, 0x03, 0x83, 0x80,
    0x00, 0x00, 0x0E, 0x0E, 0x00, 0x00, 0x00, 0x38, 0x38, 0x00, 0x00, 0x00, 0xE0, 0xE0, 0x00, 0x00,
    0x03, 0x83, 0x80, 0x00, 0x00, 0x0E, 0x0E, 0x00, 0x00, 0x0B, 0xFF, 0xFF, 0xC0, 0x1F, 0x43, 0xFC,
    0x3F, 0xC3, 0xFC, 0x1F, 0x40, 0x01, 0xFD, 0x00, 0x01, 0xFC, 0x00, 0x0B, 0xF0, 0x00, 0xBE, 0x00,
    0x6F, 0xD3, 0xFF, 0x90, 0x00, 0xBF, 0xE4, 0x00, 0x7E, 0x03, 0xF0, 0x0F, 0xC0, 0x0F, 0xC2, 0xF8,
    0x00, 0xFD, 0x3F, 0x80, 0x0F, 0xE3, 0xF8, 0x00, 0xFF, 0x3F, 0x80, 0x0F, 0xF3, 0xF8, 0x00, 0xFE,
    0x1F, 0xC0, 0x0F, 0xC0, 0x7E, 0x03, 0xF0, 0x00, 0xBF, 0xF4, 0x00, 0x00, 0x00, 0x00, 0x00, 0x00,
    0x00, 0x01, 0xFF, 0xFF, 0xFD, 0x20, 0x05, 0x00, 0x03, 0x40, 0x70, 0x00, 0x1C, 0x03, 0xC0, 0x00,
    0xF0, 0x1E, 0x00, 0x07, 0xC0, 0xB8, 0x00, 0x2F, 0x03, 0xE0, 0x00, 0xFE, 0x0F, 0xD0, 0x0B, 0xF0,
    0xFD, 0x01, 0xF8, 0x2F, 0x40, 0x3D, 0x07, 0xC0, 0x0B, 0x40, 0xF0, 0x01, 0xD0, 0x2C, 0x00, 0x38,
    0x03, 0x40, 0x03, 0x00, 0x60, 0x00, 0x00, 0x2E, 0x00, 0x00, 0x2F, 0xD0, 0x00, 0x0F, 0xF8, 0x00,
    0x02, 0xFD, 0x00, 0x00, 0x2E, 0x00, 0x00, 0x00, 0x00, 0x00, 0x00, 0x00, 0x00, 0x00, 0x00, 0x00,
    0x00, 0x0C, 0x00, 0x00, 0x07, 0x00, 0x00, 0x01, 0xC0, 0x00, 0x00, 0xF0, 0x00, 0x00, 0x78, 0x00,
    0x00, 0x3C, 0x00, 0x00, 0x7E, 0x00, 0x00, 0x7F, 0x00, 0x00, 0x3F, 0x80, 0x1F, 0x4F, 0xE0, 0x0B,
    0xF3, 0xF8, 0x01, 0xF8, 0x7F, 0x00, 0xBC, 0x02, 0xFF, 0xE4, 0x00, 0x00, 0x01, 0xF4, 0x00, 0x00,
    0x00, 0x00, 0x0F, 0xFE, 0x00, 0x00, 0x00, 0x00, 0x1F, 0xFD, 0x00, 0x00, 0x00, 0x00, 0x00, 0x00,
    0x00, 0x00, 0x00, 0x00, 0x00, 0x00, 0x00, 0x00, 0x00, 0x00, 0x1E, 0x00, 0x00, 0x00, 0x00, 0x00,
    0xFC, 0x00, 0x00, 0x00, 0x00, 0x07, 0xF4, 0x00, 0x00, 0x00, 0x00, 0x2F, 0xF0, 0x00, 0x00, 0x00,
    0x00, 0xFF, 0xD0, 0x00, 0x00, 0x00, 0x0B, 0xBF, 0x80, 0x00, 0x00, 0x00, 0x38, 0xFF, 0x00, 0x00,
    0x00, 0x01, 0xD2, 0xFD, 0x00, 0x00, 0x00, 0x0B, 0x07, 0xFC, 0x00, 0x00, 0x00, 0x34, 0x0F, 0xF4,
    0x00, 0x00, 0x02, 0xC0, 0x1F, 0xE0, 0x00, 0x00, 0x0E, 0x00, 0x3F, 0xC0, 0x00, 0x00, 0x70, 0x00,
    0xBF, 0x80, 0x00, 0x03, 0xFF, 0xFF, 0xFF, 0x00, 0x00, 0x0C, 0x00, 0x02, 0xFD, 0x00, 0x00, 0xB0,
    0x00, 0x07, 0xF8, 0x00, 0x03, 0x80, 0x00, 0x0F, 0xF0, 0x00, 0x1C, 0x00, 0x00, 0x2F, 0xE0, 0x00,
    0xF0, 0x00, 0x00, 0x7F, 0xC0, 0xFF, 0xFD, 0x00, 0x3F, 0xFF, 0xFC, 0x00, 0x00, 0x00, 0x74, 0x00,
    0x00, 0x00, 0x00, 0x0B, 0xF0, 0x00, 0x00, 0x00, 0x00, 0xBF, 0xC0, 0x00, 0x00, 0x00, 0x0F, 0xFD,
    0x00, 0x00, 0x00, 0x00, 0x39, 0x00, 0x00, 0x00, 0x00, 0x00, 0x00, 0x00, 0x00, 0x00, 0x00, 0x00,
    0x78, 0x00, 0x00, 0x00, 0x00, 0x03, 0xF0, 0x00, 0x00, 0x00, 0x00, 0x1F, 0xD0, 0x00, 0x00, 0x00,
    0x00, 0xBF, 0xC0, 0x00, 0x00, 0x00, 0x03, 0xFF, 0x40, 0x00, 0x00, 0x00, 0x2E, 0xFE, 0x00, 0x00,
    0x00, 0x00, 0xE3, 0xFC, 0x00, 0x00, 0x00, 0x07, 0x4B, 0xF4, 0x00, 0x00, 0x00, 0x2C, 0x1F, 0xF0,
    0x00, 0x00, 0x00, 0xD0, 0x3F, 0xD0, 0x00, 0x00, 0x0B, 0x00, 0x7F, 0x80, 0x00, 0x00, 0x38, 0x00,
    0xFF, 0x00, 0x00, 0x01, 0xC0, 0x02, 0xFE, 0x00, 0x00, 0x0F, 0xFF, 0xFF, 0xFC, 0x00, 0x00, 0x30,
    0x00, 0x0B, 0xF4, 0x00, 0x02, 0xC0, 0x00, 0x1F, 0xE0, 0x00, 0x0E, 0x00, 0x00, 0x3F, 0xC0, 0x00,
    0x70, 0x00, 0x00, 0xBF, 0x80, 0x03, 0xC0, 0x00, 0x01, 0xFF, 0x03, 0xFF, 0xF4, 0x00, 0xFF, 0xFF,
    0xF0, 0x00, 0x00, 0x00, 0x00, 0x00, 0x00, 0x00, 0x00, 0x1D, 0x00, 0x00, 0x00, 0x00, 0x01, 0xFE,
    0x00, 0x00, 0x00, 0x00, 0x2F, 0x7F, 0x00, 0x00, 0x00, 0x03, 0xE0, 0x2F, 0x00, 0x00, 0x00, 0x04,
    0x00, 0x04, 0x00, 0x00, 0x00, 0x00, 0x00, 0x00, 0x00, 0x00, 0x00, 0x01, 0xE0, 0x00, 0x00, 0x00,
    0x00, 0x0F, 0xC0, 0x00, 0x00, 0x00, 0x00, 0x7F, 0x40, 0x00, 0x00, 0x00, 0x02, 0xFF, 0x00, 0x00,
    0x00, 0x00, 0x0F, 0xFD, 0x00, 0x00, 0x00, 0x00, 0xBB, 0xF8, 0x00, 0x00, 0x00, 0x03, 0x8F, 0xF0,
    0x00, 0x00, 0x00, 0x1D, 0x2F, 0xD0, 0x00, 0x00, 0x00, 0xB0, 0x7F, 0xC0, 0x00, 0x00, 0x03, 0x40,
    0xFF, 0x40, 0x00, 0x00, 0x2C, 0x01, 0xFE, 0x00, 0x00, 0x00, 0xE0, 0x03, 0xFC, 0x00, 0x00, 0x07,
    0x00, 0x0B, 0xF8, 0x00, 0x00, 0x3F, 0xFF, 0xFF, 0xF0, 0x00, 0x00, 0xC0, 0x00, 0x2F, 0xD0, 0x00,
    0x0B, 0x00, 0x00, 0x7F, 0x80, 0x00, 0x38, 0x00, 0x00, 0xFF, 0x00, 0x01, 0xC0, 0x00, 0x02, 0xFE,
    0x00, 0x0F, 0x00, 0x00, 0x07, 0xFC, 0x0F, 0xFF, 0xD0, 0x03, 0xFF, 0xFF, 0xC0, 0x00, 0x02, 0xFE,
    0x40, 0xA0, 0x00, 0x00, 0x3F, 0xFF, 0xFF, 0x40, 0x00, 0x02, 0x80, 0x6F, 0xF0, 0x00, 0x00, 0x00,
    0x00, 0x00, 0x00, 0x00, 0x00, 0x00, 0x00, 0x00, 0x00, 0x00, 0x00, 0x00, 0x00, 0x00, 0x00, 0x00,
    0x00, 0x00, 0x78, 0x00, 0x00, 0x00, 0x00, 0x03, 0xF0, 0x00, 0x00, 0x00, 0x00, 0x1F, 0xD0, 0x00,
    0x00, 0x00, 0x00, 0xBF, 0xC0, 0x00, 0x00, 0x00, 0x03, 0xFF, 0x40, 0x00, 0x00, 0x00, 0x2E, 0xFE,
    0x00, 0x00, 0x00, 0x00, 0xE3, 0xFC, 0x00, 0x00, 0x00, 0x07, 0x4B, 0xF4, 0x00, 0x00, 0x00, 0x2C,
    0x1F, 0xF0, 0x00, 0x00, 0x00, 0xD0, 0x3F, 0xD0, 0x00, 0x00, 0x0B, 0x00, 0x7F, 0x80, 0x00, 0x00,
    0x38, 0x00, 0xFF, 0x00, 0x00, 0x01, 0xC0, 0x02, 0xFE, 0x00, 0x00, 0x0F, 0xFF, 0xFF, 0xFC, 0x00,
    0x00, 0x30, 0x00, 0x0B, 0xF4, 0x00, 0x02, 0xC0, 0x00, 0x1F, 0xE0, 0x00, 0x0E, 0x00, 0x00, 0x3F,
    0xC0, 0x00, 0x70, 0x00, 0x00, 0xBF, 0x80, 0x03, 0xC0, 0x00, 0x01, 0xFF, 0x03, 0xFF, 0xF4, 0x00,
    0xFF, 0xFF, 0xF0, 0x00, 0x03, 0xE0, 0x1F, 0x00, 0x00, 0x00, 0x2F, 0xD0, 0xFF, 0x00, 0x00, 0x00,
    0xFF, 0x87, 0xFC, 0x00, 0x00, 0x02, 0xFD, 0x0F, 0xF0, 0x00, 0x00, 0x03, 0xE0, 0x1F, 0x00, 0x00,
    0x00, 0x00, 0x00, 0x00, 0x00, 0x00, 0x00, 0x00, 0x78, 0x00, 0x00, 0x00, 0x00, 0x03, 0xF0, 0x00,
    0x00, 0x00, 0x00, 0x1F, 0xD0, 0x00, 0x00, 0x00, 0x00, 0xBF, 0xC0, 0x00, 0x00, 0x00, 0x03, 0xFF,
    0x40, 0x00, 0x00, 0x00, 0x1E, 0xFE, 0x00, 0x00, 0x00, 0x00, 0xE3, 0xFC, 0x00, 0x00, 0x00, 0x07,
    0x4B, 0xF4, 0x00, 0x00, 0x00, 0x2C, 0x1F, 0xF0, 0x00, 0x00, 0x00, 0xD0, 0x3F, 0xD0, 0x00, 0x00,
    0x0B, 0x00, 0x7F, 0x80, 0x00, 0x00, 0x38, 0x00, 0xFF, 0x00, 0x00, 0x01, 0xC0, 0x02, 0xFE, 0x00,
    0x00, 0x0F, 0xFF, 0xFF, 0xFC, 0x00, 0x00, 0x30, 0x00, 0x0B, 0xF4, 0x00, 0x02, 0xC0, 0x00, 0x1F,
    0xE0, 0x00, 0x0E, 0x00, 0x00, 0x3F, 0xC0, 0x00, 0x70, 0x00, 0x00, 0xBF, 0x80, 0x03, 0xC0, 0x00,
    0x01, 0xFF, 0x03, 0xFF, 0xF4, 0x00, 0xFF, 0xFF, 0xF0, 0x00, 0x00, 0x1F, 0xD0, 0x00, 0x00, 0x00,
    0x01, 0xC0, 0xD0, 0x00, 0x00, 0x00, 0x0A, 0x01, 0xC0, 0x00, 0x00, 0x00, 0x34, 0x07, 0x00, 0x00,
    0x00, 0x00, 0xA0, 0x2C, 0x00, 0x00, 0x00, 0x01, 0xD1, 0xD0, 0x00, 0x00, 0x00, 0x00, 0xFD, 0x00,
    0x00, 0x00, 0x00, 0x03, 0xF0, 0x00, 0x00, 0x00, 0x00, 0x1F, 0xE0, 0x00, 0x00, 0x00, 0x00, 0xFF,
    0xC0, 0x00, 0x00, 0x00, 0x03, 0xFF, 0x40, 0x00, 0x00, 0x00, 0x2E, 0xFE, 0x00, 0x00, 0x00, 0x00,
    0xE3, 0xFC, 0x00, 0x00, 0x00, 0x07, 0x0B, 0xF8, 0x00, 0x00, 0x00, 0x3C, 0x1F, 0xF0, 0x00, 0x00,
    0x00, 0xD0, 0x3F, 0xD0, 0x00, 0x00, 0x0B, 0x00, 0x7F, 0x80, 0x00, 0x00, 0x38, 0x00, 0xFF, 0x00,
    0x00, 0x01, 0xC0, 0x02, 0xFE, 0x00, 0x00, 0x0F, 0xFF, 0xFF, 0xFC, 0x00, 0x00, 0x30, 0x00, 0x0B,
    0xF4, 0x00, 0x02, 0xC0, 0x00, 0x1F, 0xF0, 0x00, 0x0E, 0x00, 0x00, 0x3F, 0xC0, 0x00, 0x70, 0x00,
    0x00, 0xBF, 0x80, 0x03, 0xC0, 0x00, 0x01, 0xFF, 0x03, 0xFF, 0xF4, 0x00, 0xFF, 0xFF, 0xF0, 0x00,
    0x00, 0xFF, 0xFF, 0xFF, 0xFF, 0xF4, 0x00, 0x00, 0x03, 0x8F, 0xF0, 0x01, 0xBE, 0x00, 0x00, 0x01,
    0xD3, 0xFC, 0x00, 0x07, 0x80, 0x00, 0x00, 0xF0, 0xFF, 0x00, 0x00, 0xF0, 0x00, 0x00, 0x38, 0x3F,
    0xC0, 0x00, 0x1C, 0x00, 0x00, 0x2C, 0x0F, 0xF0, 0x00, 0x07, 0x00, 0x00, 0x0F, 0x03, 0xFC, 0x00,
    0x00, 0xC0, 0x00, 0x07, 0x40, 0xFF, 0x00, 0x70, 0x00, 0x00, 0x03, 0xC0, 0x3F, 0xC0, 0x2C, 0x00,
    0x00, 0x00, 0xE0, 0x0F, 0xF0, 0x6F, 0x00, 0x00, 0x00, 0xBF, 0xFF, 0xFF, 0xFF, 0xC0, 0x00, 0x00,
    0x38, 0x00, 0xFF, 0x01, 0xF0, 0x00, 0x00, 0x1C, 0x00, 0x3F, 0xC0, 0x2C, 0x00, 0x00, 0x0F, 0x00,
    0x0F, 0xF0, 0x07, 0x01, 0xC0, 0x03, 0x40, 0x03, 0xFC, 0x00, 0x00, 0x70, 0x02, 0xC0, 0x00, 0xFF,
    0x00, 0x00, 0x3C, 0x00, 0xE0, 0x00, 0x3F, 0xC0, 0x00, 0x0E, 0x00, 0x74, 0x00, 0x0F, 0xF0, 0x00,
    0x0F, 0x40, 0x3C, 0x00, 0x03, 0xFC, 0x00, 0x1F, 0xC3, 0xFF, 0xF4, 0x1F, 0xFF, 0xFF, 0xFF, 0xF0,
    0x00, 0x00, 0x6F, 0xFE, 0x41, 0xC0, 0x00, 0xFE, 0x40, 0x1F, 0xBC, 0x00, 0xBF, 0x00, 0x00, 0x2F,
    0xC0, 0x2F, 0xC0, 0x00, 0x00, 0xFC, 0x0B, 0xF4, 0x00, 0x00, 0x03, 0xC0, 0xFF, 0x00, 0x00, 0x00,
    0x3C, 0x2F, 0xE0, 0x00, 0x00, 0x01, 0xC3, 0xFD, 0x00, 0x00, 0x00, 0x08, 0x3F, 0xD0, 0x00, 0x00,
    0x00, 0x03, 0xFD, 0x00, 0x00, 0x00, 0x00, 0x3F, 0xD0, 0x00, 0x00, 0x00, 0x03, 0xFD, 0x00, 0x00,
    0x00, 0x00, 0x3F, 0xD0, 0x00, 0x00, 0x00, 0x02, 0xFE, 0x00, 0x00, 0x00, 0x0C, 0x0F, 0xF0, 0x00,
    0x00, 0x01, 0xC0, 0xBF, 0x40, 0x00, 0x00, 0x2C, 0x03, 0xFC, 0x00, 0x00, 0x07, 0x40, 0x0F, 0xF0,
    0x00, 0x01, 0xE0, 0x00, 0x2F, 0xE4, 0x01, 0xF8, 0x00, 0x00, 0x2F, 0xFF, 0xF8, 0x00, 0x00, 0x00,
    0x07, 0xF4, 0x00, 0x00, 0x00, 0x00, 0x3F, 0xE0, 0x00, 0x00, 0x00, 0x00, 0x3F, 0xC0, 0x00, 0x00,
    0x00, 0x01, 0xFC, 0x00, 0x00, 0x00, 0x00, 0x7F, 0x80, 0x00, 0x00, 0x0F, 0xFE, 0x90, 0x00, 0x00,
    0x02, 0xE0, 0x00, 0x00, 0x00, 0x07, 0xFF, 0x40, 0x00, 0x00, 0x02, 0xFF, 0xC0, 0x00, 0x00, 0x00,
    0x00, 0x00, 0x00, 0x00, 0x00, 0x00, 0x00, 0x00, 0xFF, 0xFF, 0xFF, 0xFF, 0xF0, 0x02, 0xFD, 0x00,
    0x07, 0xF4, 0x02, 0xFD, 0x00, 0x00, 0xF4, 0x02, 0xFD, 0x00, 0x00, 0x38, 0x02, 0xFD, 0x00, 0x00,
    0x38, 0x02, 0xFD, 0x00, 0x00, 0x2C, 0x02, 0xFD, 0x00, 0xD0, 0x1C, 0x02, 0xFD, 0x00, 0xD0, 0x00,
    0x02, 0xFD, 0x02, 0xD0, 0x00, 0x02, 0xFF, 0xFF, 0xD0, 0x00, 0x02, 0xFD, 0x02, 0xD0, 0x00, 0x02,
    0xFD, 0x00, 0xD0, 0x00, 0x02, 0xFD, 0x00, 0xD0, 0x00, 0x02, 0xFD, 0x00, 0x00, 0x0B, 0x02, 0xFD,
    0x00, 0x00, 0x0E, 0x02, 0xFD, 0x00, 0x00, 0x0D, 0x02, 0xFD, 0x00, 0x00, 0x2D, 0x02, 0xFD, 0x00,
    0x00, 0xBC, 0x02, 0xFD, 0x00, 0x06, 0xFC, 0xFF, 0xFF, 0xFF, 0xFF, 0xF8, 0x00, 0x00, 0x00, 0x74,
    0x00, 0x00, 0x00, 0x03, 0xFC, 0x00, 0x00, 0x00, 0x2F, 0xFC, 0x00, 0x00, 0x00, 0x3E, 0x90, 0x00,
    0x00, 0x00, 0x00, 0x00, 0x00, 0xFF, 0xFF, 0xFF, 0xFF, 0xF0, 0x02, 0xFD, 0x00, 0x07, 0xF4, 0x02,
    0xFD, 0x00, 0x00, 0xF4, 0x02, 0xFD, 0x00, 0x00, 0x38, 0x02, 0xFD, 0x00, 0x00, 0x38, 0x02, 0xFD,
    0x00, 0x00, 0x2C, 0x02, 0xFD, 0x00, 0xD0, 0x1C, 0x02, 0xFD, 0x00, 0xD0, 0x00, 0x02, 0xFD, 0x02,
    0xD0, 0x00, 0x02, 0xFF, 0xFF, 0xD0, 0x00, 0x02, 0xFD, 0x02, 0xD0, 0x00, 0x02, 0xFD, 0x00, 0xD0,
    0x00, 0x02, 0xFD, 0x00, 0xD0, 0x00, 0x02, 0xFD, 0x00, 0x00, 0x0B, 0x02, 0xFD, 0x00, 0x00, 0x0E,
    0x02, 0xFD, 0x00, 0x00, 0x0D, 0x02, 0xFD, 0x00, 0x00, 0x2D, 0x02, 0xFD, 0x00, 0x00, 0xBC, 0x02,
    0xFD, 0x00, 0x06, 0xFC, 0xFF, 0xFF, 0xFF, 0xFF, 0xF8, 0x00, 0x00, 0x00, 0x00, 0x00, 0x00, 0x00,
    0x2C, 0x00, 0x00, 0x00, 0x00, 0xBF, 0x40, 0x00, 0x00, 0x03, 0xFB, 0xD0, 0x00, 0x00, 0x0F, 0x40,
    0xB8, 0x00, 0x00, 0x04, 0x00, 0x10, 0x00, 0x00, 0x00, 0x00, 0x00, 0x00, 0xFF, 0xFF, 0xFF, 0xFF,
    0xF0, 0x02, 0xFD, 0x00, 0x07, 0xF4, 0x02, 0xFD, 0x00, 0x00, 0xF4, 0x02, 0xFD, 0x00, 0x00, 0x38,
    0x02, 0xFD, 0x00, 0x00, 0x38, 0x02, 0xFD, 0x00, 0x00, 0x2C, 0x02, 0xFD, 0x00, 0xD0, 0x1C, 0x02,
    0xFD, 0x00, 0xD0, 0x00, 0x02, 0xFD, 0x02, 0xD0, 0x00, 0x02, 0xFF, 0xFF, 0xD0, 0x00, 0x02, 0xFD,
    0x02, 0xD0, 0x00, 0x02, 0xFD, 0x00, 0xD0, 0x00, 0x02, 0xFD, 0x00, 0xD0, 0x00, 0x02, 0xFD, 0x00,
    0x00, 0x0B, 0x02, 0xFD, 0x00, 0x00, 0x0E, 0x02, 0xFD, 0x00, 0x00, 0x0D, 0x02, 0xFD, 0x00, 0x00,
    0x2D, 0x02, 0xFD, 0x00, 0x00, 0xBC, 0x02, 0xFD, 0x00, 0x06, 0xFC, 0xFF, 0xFF, 0xFF, 0xFF, 0xF8,
    0x00, 0x1F, 0x40, 0xB8, 0x00, 0x00, 0x3F, 0xC2, 0xFD, 0x00, 0x00, 0x3F, 0xC3, 0xFE, 0x00, 0x00,
    0x3F, 0xC2, 0xFD, 0x00, 0x00, 0x1F, 0x40, 0xB8, 0x00, 0x00, 0x00, 0x00, 0x00, 0x00, 0xFF, 0xFF,
    0xFF, 0xFF, 0xF0, 0x02, 0xFD, 0x00, 0x07, 0xF4, 0x02, 0xFD, 0x00, 0x00, 0xF4, 0x02, 0xFD, 0x00,
    0x00, 0x38, 0x02, 0xFD, 0x00, 0x00, 0x38, 0x02, 0xFD, 0x00, 0x00, 0x2C, 0x02, 0xFD, 0x00, 0xD0,
    0x1C, 0x02, 0xFD, 0x00, 0xD0, 0x00, 0x02, 0xFD, 0x02, 0xD0, 0x00, 0x02, 0xFF, 0xFF, 0xD0, 0x00,
    0x02, 0xFD, 0x02, 0xD0, 0x00, 0x02, 0xFD, 0x00, 0xD0, 0x00, 0x02, 0xFD, 0x00, 0xD0, 0x00, 0x02,
    0xFD, 0x00, 0x00, 0x0B, 0x02, 0xFD, 0x00, 0x00, 0x0E, 0x02, 0xFD, 0x00, 0x00, 0x0D, 0x02, 0xFD,
    0x00, 0x00, 0x2D, 0x02, 0xFD, 0x00, 0x00, 0xBC, 0x02, 0xFD, 0x00, 0x06, 0xFC, 0xFF, 0xFF, 0xFF,
    0xFF, 0xF8, 0x03, 0xE0, 0x00, 0x0B, 0xFE, 0x00, 0x07, 0xFF, 0x80, 0x00, 0x00, 0x00, 0x00, 0x00,
    0x00, 0x3F, 0xFF, 0xFE, 0x00, 0xBF, 0x40, 0x00, 0xBF, 0x40, 0x00, 0xBF, 0x40, 0x00, 0xBF, 0x40,
    0x00, 0xBF, 0x40, 0x00, 0xBF, 0x40, 0x00, 0xBF, 0x40, 0x00, 0xBF, 0x40, 0x00, 0xBF, 0x40, 0x00,
    0xBF, 0x40, 0x00, 0xBF, 0x40, 0x00, 0xBF, 0x40, 0x00, 0xBF, 0x40, 0x00, 0xBF, 0x40, 0x00, 0xBF,
    0x40, 0x00, 0xBF, 0x40, 0x00, 0xBF, 0x40, 0x00, 0xBF, 0x40, 0x3F, 0xFF, 0xFE, 0x00, 0x03, 0xC0,
    0x00, 0x0F, 0xE0, 0x00, 0x7F, 0xE0, 0x01, 0xFF, 0xD0, 0x02, 0xD0, 0x40, 0x00, 0x00, 0x00, 0x3F,
    0xFF, 0xFE, 0x00, 0xBF, 0x40, 0x00, 0xBF, 0x40, 0x00, 0xBF, 0x40, 0x00, 0xBF, 0x40, 0x00, 0xBF,
    0x40, 0x00, 0xBF, 0x40, 0x00, 0xBF, 0x40, 0x00, 0xBF, 0x40, 0x00, 0xBF, 0x40, 0x00, 0xBF, 0x40,
    0x00, 0xBF, 0x40, 0x00, 0xBF, 0x40, 0x00, 0xBF, 0x40, 0x00, 0xBF, 0x40, 0x00, 0xBF, 0x40, 0x00,
    0xBF, 0x40, 0x00, 0xBF, 0x40, 0x00, 0xBF, 0x40, 0x3F, 0xFF, 0xFE, 0x00, 0x00, 0x00, 0x00, 0x1C,
    0x00, 0x00, 0xBF, 0x40, 0x03, 0xF7, 0xE0, 0x0F, 0x40, 0xB8, 0x04, 0x00, 0x10, 0x00, 0x00, 0x00,
    0x3F, 0xFF, 0xFE, 0x00, 0xBF, 0x40, 0x00, 0xBF, 0x40, 0x00, 0xBF, 0x40, 0x00, 0xBF, 0x40, 0x00,
    0xBF, 0x40, 0x00, 0xBF, 0x40, 0x00, 0xBF, 0x40, 0x00, 0xBF, 0x40, 0x00, 0xBF, 0x40, 0x00, 0xBF,
    0x40, 0x00, 0xBF, 0x40, 0x00, 0xBF, 0x40, 0x00, 0xBF, 0x40, 0x00, 0xBF, 0x40, 0x00, 0xBF, 0x40,
    0x00, 0xBF, 0x40, 0x00, 0xBF, 0x40, 0x00, 0xBF, 0x40, 0x3F, 0xFF, 0xFE, 0x0F, 0x40, 0xB8, 0x3F,
    0xC1, 0xFE, 0x3F, 0xD2, 0xFF, 0x3F, 0xC1, 0xFE, 0x1F, 0x40, 0xB8, 0x00, 0x00, 0x00, 0x3F, 0xFF,
    0xFE, 0x00, 0xBF, 0x40, 0x00, 0xBF, 0x40, 0x00, 0xBF, 0x40, 0x00, 0xBF, 0x40, 0x00, 0xBF, 0x40,
    0x00, 0xBF, 0x40, 0x00, 0xBF, 0x40, 0x00, 0xBF, 0x40, 0x00, 0xBF, 0x40, 0x00, 0xBF, 0x40, 0x00,
    0xBF, 0x40, 0x00, 0xBF, 0x40, 0x00, 0xBF, 0x40, 0x00, 0xBF, 0x40, 0x00, 0xBF, 0x40, 0x00, 0xBF,
    0x40, 0x00, 0xBF, 0x40, 0x00, 0xBF, 0x40, 0x3F, 0xFF, 0xFE, 0xFF, 0xFF, 0xFF, 0xFE, 0x40, 0x00,
    0x0B, 0xF0, 0x00, 0x6F, 0xD0, 0x00, 0x2F, 0xC0, 0x00, 0x0F, 0xE0, 0x00, 0xBF, 0x00, 0x00, 0x0F,
    0xE0, 0x02, 0xFC, 0x00, 0x00, 0x1F, 0xD0, 0x0B, 0xF0, 0x00, 0x00, 0x3F, 0xC0, 0x2F, 0xC0, 0x00,
    0x00, 0xFF, 0x00, 0xBF, 0x00, 0x00, 0x02, 0xFD, 0x02, 0xFC, 0x00, 0x00, 0x0B, 0xF8, 0x0B, 0xF0,
    0x00, 0x00, 0x2F, 0xEB, 0xFF, 0xFF, 0xFC, 0x00, 0xBF, 0x80, 0xBF, 0x00, 0x00, 0x02, 0xFE, 0x02,
    0xFC, 0x00, 0x00, 0x0B, 0xF4, 0x0B, 0xF0, 0x00, 0x00, 0x3F, 0xC0, 0x2F, 0xC0, 0x00, 0x00, 0xFF,
    0x00, 0xBF, 0x00, 0x00, 0x07, 0xF4, 0x02, 0xFC, 0x00, 0x00, 0x3F, 0x80, 0x0B, 0xF0, 0x00, 0x03,
    0xF8, 0x00, 0x2F, 0xC0, 0x01, 0xBF, 0x40, 0x3F, 0xFF, 0xFF, 0xFF, 0x90, 0x00, 0x00, 0x01, 0xFE,
    0x40, 0x70, 0x00, 0x00, 0x0B, 0xFF, 0xFF, 0xE0, 0x00, 0x00, 0x0D, 0x01, 0xBF, 0x80, 0x00, 0x00,
    0x00, 0x00, 0x00, 0x00, 0x00, 0x00, 0x00, 0x00, 0x00, 0x00, 0x00, 0x00, 0x00, 0x00, 0x00, 0x00,
    0x00, 0xFF, 0xFF, 0x00, 0x00, 0xFF, 0xFF, 0x02, 0xFF, 0x80, 0x00, 0x03, 0xC0, 0x02, 0xFF, 0xD0,
    0x00, 0x02, 0xC0, 0x02, 0xCF, 0xF4, 0x00, 0x02, 0xC0, 0x02, 0xC7, 0xFC, 0x00, 0x02, 0xC0, 0x02,
    0xC1, 0xFF, 0x00, 0x02, 0xC0, 0x02, 0xC0, 0xBF, 0xC0, 0x02, 0xC0, 0x02, 0xC0, 0x3F, 0xE0, 0x02,
    0xC0, 0x02, 0xC0, 0x0F, 0xF8, 0x02, 0xC0, 0x02, 0xC0, 0x03, 0xFD, 0x02, 0xC0, 0x02, 0xC0, 0x01,
    0xFF, 0x02, 0xC0, 0x02, 0xC0, 0x00, 0x7F, 0xC2, 0xC0, 0x02, 0xC0, 0x00, 0x2F, 0xF2, 0xC0, 0x02,
    0xC0, 0x00, 0x0F, 0xFA, 0xC0, 0x02, 0xC0, 0x00, 0x03, 0xFF, 0xC0, 0x02, 0xC0, 0x00, 0x00, 0xFF,
    0xC0, 0x02, 0xC0, 0x00, 0x00, 0x7F, 0xC0, 0x02, 0xC0, 0x00, 0x00, 0x2F, 0xC0, 0x03, 0xC0, 0x00,
    0x00, 0x0B, 0xC0, 0xFF, 0xFF, 0x00, 0x00, 0x03, 0x80, 0x00, 0x00, 0xBD, 0x00, 0x00, 0x00, 0x00,
    0x03, 0xFF, 0x40, 0x00, 0x00, 0x00, 0x0B, 0xFF, 0x40, 0x00, 0x00, 0x00, 0x00, 0x00, 0x00, 0x00,
    0x00, 0x00, 0x00, 0x00, 0x00, 0x00, 0x00, 0x06, 0xFF, 0xE4, 0x00, 0x00, 0x01, 0xFD, 0x01, 0xFE,
    0x00, 0x00, 0x3F, 0x80, 0x00, 0xBF, 0x00, 0x03, 0xF8, 0x00, 0x00, 0xBF, 0x00, 0x2F, 0xC0, 0x00,
    0x00, 0xFE, 0x00, 0xFF, 0x00, 0x00, 0x03, 0xFC, 0x0B, 0xF8, 0x00, 0x00, 0x0B, 0xF8, 0x3F, 0xD0,
    0x00, 0x00, 0x1F, 0xF0, 0xFF, 0x40, 0x00, 0x00, 0x7F, 0xC3, 0xFD, 0x00, 0x00, 0x01, 0xFF, 0x0F,
    0xF4, 0x00, 0x00, 0x07, 0xFC, 0x3F, 0xD0, 0x00, 0x00, 0x1F, 0xF0, 0xFF, 0x40, 0x00, 0x00, 0x7F,
    0xC2, 0xFE, 0x00, 0x00, 0x02, 0xFE, 0x03, 0xFC, 0x00, 0x00, 0x0F, 0xF0, 0x0B, 0xF0, 0x00, 0x00,
    0x3F, 0x80, 0x0F, 0xF0, 0x00, 0x03, 0xFC, 0x00, 0x0F, 0xE0, 0x00, 0x2F, 0xC0, 0x00, 0x0B, 0xF4,
    0x07, 0xF8, 0x00, 0x00, 0x01, 0xBF, 0xF9, 0x00, 0x00, 0x00, 0x00, 0x00, 0x64, 0x00, 0x00, 0x00,
    0x00, 0x1F, 0xF0, 0x00, 0x00, 0x00, 0x02, 0xFF, 0xC0, 0x00, 0x00, 0x00, 0x1F, 0xA4, 0x00, 0x00,
    0x00, 0x00, 0x00, 0x00, 0x00, 0x00, 0x00, 0x06, 0xFF, 0xE4, 0x00, 0x00, 0x01, 0xFD, 0x01, 0xFE,
    0x00, 0x00, 0x3F, 0x80, 0x00, 0xBF, 0x00, 0x03, 0xF8, 0x00, 0x00, 0xBF, 0x00, 0x2F, 0xC0, 0x00,
    0x00, 0xFE, 0x00, 0xFF, 0x00, 0x00, 0x03, 0xFC, 0x0B, 0xF8, 0x00, 0x00, 0x0B, 0xF8, 0x3F, 0xD0,
    0x00, 0x00, 0x1F, 0xF0, 0xFF, 0x40, 0x00, 0x00, 0x7F, 0xC3, 0xFD, 0x00, 0x00, 0x01, 0xFF, 0x0F,
    0xF4, 0x00, 0x00, 0x07, 0xFC, 0x3F, 0xD0, 0x00, 0x00, 0x1F, 0xF0, 0xFF, 0x40, 0x00, 0x00, 0x7F,
    0xC2, 0xFE, 0x00, 0x00, 0x02, 0xFE, 0x03, 0xFC, 0x00, 0x00, 0x0F, 0xF0, 0x0B, 0xF0, 0x00, 0x00,
    0x3F, 0x80, 0x0F, 0xF0, 0x00, 0x03, 0xFC, 0x00, 0x0F, 0xE0, 0x00, 0x2F, 0xC0, 0x00, 0x0B, 0xF4,
    0x07, 0xF8, 0x00, 0x00, 0x01, 0xBF, 0xF9, 0x00, 0x00, 0x00, 0x00, 0x00, 0x00, 0x00, 0x00, 0x00,
    0x00, 0x1D, 0x00, 0x00, 0x00, 0x00, 0x02, 0xFE, 0x00, 0x00, 0x00, 0x00, 0x2F, 0x7E, 0x00, 0x00,
    0x00, 0x03, 0xE0, 0x2F, 0x00, 0x00, 0x00, 0x04, 0x00, 0x04, 0x00, 0x00, 0x00, 0x00, 0x00, 0x00,
    0x00, 0x00, 0x00, 0x6F, 0xFE, 0x40, 0x00, 0x00, 0x1F, 0xD0, 0x1F, 0xE0, 0x00, 0x03, 0xF8, 0x00,
    0x0B, 0xF0, 0x00, 0x3F, 0x80, 0x00, 0x0B, 0xF0, 0x02, 0xFC, 0x00, 0x00, 0x0F, 0xE0, 0x0F, 0xF0,
    0x00, 0x00, 0x3F, 0xC0, 0xBF, 0x80, 0x00, 0x00, 0xBF, 0x83, 0xFD, 0x00, 0x00, 0x01, 0xFF, 0x0F,
    0xF4, 0x00, 0x00, 0x07, 0xFC, 0x3F, 0xD0, 0x00, 0x00, 0x1F, 0xF0, 0xFF, 0x40, 0x00, 0x00, 0x7F,
    0xC3, 0xFD, 0x00, 0x00, 0x01, 0xFF, 0x0F, 0xF4, 0x00, 0x00, 0x07, 0xFC, 0x2F, 0xE0, 0x00, 0x00,
    0x2F, 0xE0, 0x3F, 0xC0, 0x00, 0x00, 0xFF, 0x00, 0xBF, 0x00, 0x00, 0x03, 0xF8, 0x00, 0xFF, 0x00,
    0x00, 0x3F, 0xC0, 0x00, 0xFE, 0x00, 0x02, 0xFC, 0x00, 0x00, 0xBF, 0x40, 0x7F, 0x80, 0x00, 0x00,
    0x1B, 0xFF, 0x90, 0x00, 0x00, 0x00, 0x02, 0xFE, 0x40, 0xA0, 0x00, 0x00, 0x3F, 0xFF, 0xFF, 0x00,
    0x00, 0x02, 0x80, 0x6F, 0xE0, 0x00, 0x00, 0x00, 0x00, 0x00, 0x00, 0x00, 0x00, 0x00, 0x00, 0x00,
    0x00, 0x00, 0x00, 0x00, 0x00, 0x00, 0x00, 0x00, 0x00, 0x1B, 0xFF, 0x90, 0x00, 0x00, 0x07, 0xF4,
    0x07, 0xF8, 0x00, 0x00, 0xFE, 0x00, 0x02, 0xFC, 0x00, 0x0F, 0xE0, 0x00, 0x02, 0xFC, 0x00, 0xBF,
    0x00, 0x00, 0x03, 0xF8, 0x03, 0xFC, 0x00, 0x00, 0x0F, 0xF0, 0x2F, 0xE0, 0x00, 0x00, 0x2F, 0xE0,
    0xFF, 0x40, 0x00, 0x00, 0x7F, 0xC3, 0xFD, 0x00, 0x00, 0x01, 0xFF, 0x0F, 0xF4, 0x00, 0x00, 0x07,
    0xFC, 0x3F, 0xD0, 0x00, 0x00, 0x1F, 0xF0, 0xFF, 0x40, 0x00, 0x00, 0x7F, 0xC3, 0xFD, 0x00, 0x00,
    0x01, 0xFF, 0x0B, 0xF8, 0x00, 0x00, 0x0B, 0xF8, 0x0F, 0xF0, 0x00, 0x00, 0x3F, 0xC0, 0x2F, 0xC0,
    0x00, 0x00, 0xFE, 0x00, 0x3F, 0xC0, 0x00, 0x0F, 0xF0, 0x00, 0x3F, 0x80, 0x00, 0xBF, 0x00, 0x00,
    0x2F, 0xD0, 0x1F, 0xE0, 0x00, 0x00, 0x06, 0xFF, 0xE4, 0x00, 0x00, 0x00, 0x03, 0xE0, 0x2F, 0x00,
    0x00, 0x00, 0x2F, 0xD1, 0xFE, 0x00, 0x00, 0x00, 0xFF, 0x47, 0xFC, 0x00, 0x00, 0x02, 0xFD, 0x1F,
    0xE0, 0x00, 0x00, 0x03, 0xE0, 0x2F, 0x00, 0x00, 0x00, 0x00, 0x00, 0x00, 0x00, 0x00, 0x00, 0x1B,
    0xFF, 0x90, 0x00, 0x00, 0x07, 0xF4, 0x07, 0xF8, 0x00, 0x00, 0xFE, 0x00, 0x02, 0xFC, 0x00, 0x0F,
    0xE0, 0x00, 0x02, 0xFC, 0x00, 0xBF, 0x00, 0x00, 0x03, 0xF8, 0x03, 0xFC, 0x00, 0x00, 0x0F, 0xF0,
    0x2F, 0xE0, 0x00, 0x00, 0x2F, 0xE0, 0xFF, 0x40, 0x00, 0x00, 0x7F, 0xC3, 0xFD, 0x00, 0x00, 0x01,
    0xFF, 0x0F, 0xF4, 0x00, 0x00, 0x07, 0xFC, 0x3F, 0xD0, 0x00, 0x00, 0x1F, 0xF0, 0xFF, 0x40, 0x00,
    0x00, 0x7F, 0xC3, 0xFD, 0x00, 0x00, 0x01, 0xFF, 0x0B, 0xF8, 0x00, 0x00, 0x0B, 0xF8, 0x0F, 0xF0,
    0x00, 0x00, 0x3F, 0xC0, 0x2F, 0xC0, 0x00, 0x00, 0xFE, 0x00, 0x3F, 0xC0, 0x00, 0x0F, 0xF0, 0x00,
    0x3F, 0x80, 0x00, 0xBF, 0x00, 0x00, 0x2F, 0xD0, 0x1F, 0xE0, 0x00, 0x00, 0x06, 0xFF, 0xE4, 0x00,
    0x00, 0x00, 0x00, 0x00, 0x00, 0x01, 0x00, 0x00, 0x00, 0x00, 0x00, 0x07, 0x00, 0x00, 0x01, 0xBF,
    0xFE, 0x4D, 0x00, 0x00, 0x1F, 0xD0, 0x07, 0xFC, 0x00, 0x00, 0xBD, 0x00, 0x00, 0xBE, 0x00, 0x03,
    0xF4, 0x00, 0x00, 0xFF, 0x80, 0x0B, 0xF0, 0x00, 0x03, 0x8F, 0xD0, 0x0F, 0xD0, 0x00, 0x0B, 0x0B,
    0xF0, 0x2F, 0xD0, 0x00, 0x1C, 0x07, 0xF4, 0x3F, 0xC0, 0x00, 0x34, 0x03, 0xF8, 0x3F, 0xC0, 0x00,
    0xA0, 0x03, 0xFC, 0x3F, 0xC0, 0x01, 0xC0, 0x03, 0xFC, 0x3F, 0xC0, 0x03, 0x40, 0x03, 0xFC, 0x3F,
    0xC0, 0x0E, 0x00, 0x03, 0xFC, 0x3F, 0xC0, 0x2C, 0x00, 0x03, 0xFC, 0x2F, 0xC0, 0x70, 0x00, 0x07,
    0xF4, 0x0F, 0xD0, 0xD0, 0x00, 0x0B, 0xF0, 0x0B, 0xF2, 0x80, 0x00, 0x0F, 0xE0, 0x03, 0xFB, 0x00,
    0x00, 0x2F, 0x80, 0x00, 0xFE, 0x00, 0x00, 0x7E, 0x00, 0x00, 0x3F, 0xD0, 0x07, 0xF4, 0x00, 0x00,
    0xB1, 0xBF, 0xFE, 0x40, 0x00, 0x01, 0xC0, 0x00, 0x00, 0x00, 0x00, 0x00, 0x00, 0x00, 0x00, 0x00,
    0x00, 0x00, 0x00, 0x3D, 0x00, 0x00, 0x00, 0x00, 0x00, 0xBF, 0xE0, 0x00, 0x00, 0x00, 0x00, 0x7F,
    0xF8, 0x00, 0x00, 0x00, 0x00, 0x00, 0x00, 0x00, 0x00, 0x00, 0x00, 0x00, 0x00, 0x00, 0x00, 0xFF,
    0xFF, 0xF8, 0x01, 0xFF, 0xFE, 0x02, 0xFD, 0x00, 0x00, 0x07, 0x80, 0x02, 0xFD, 0x00, 0x00, 0x03,
    0x40, 0x02, 0xFD, 0x00, 0x00, 0x03, 0x40, 0x02, 0xFD, 0x00, 0x00, 0x03, 0x40, 0x02, 0xFD, 0x00,
    0x00, 0x03, 0x40, 0x02, 0xFD, 0x00, 0x00, 0x03, 0x40, 0x02, 0xFD, 0x00, 0x00, 0x03, 0x40, 0x02,
    0xFD, 0x00, 0x00, 0x03, 0x40, 0x02, 0xFD, 0x00, 0x00, 0x03, 0x40, 0x02, 0xFD, 0x00, 0x00, 0x03,
    0x40, 0x02, 0xFD, 0x00, 0x00, 0x03, 0x40, 0x02, 0xFD, 0x00, 0x00, 0x03, 0x40, 0x02, 0xFD, 0x00,
    0x00, 0x03, 0x40, 0x02, 0xFD, 0x00, 0x00, 0x07, 0x00, 0x00, 0xFE, 0x00, 0x00, 0x0B, 0x00, 0x00,
    0xBF, 0x00, 0x00, 0x0D, 0x00, 0x00, 0x3F, 0x80, 0x00, 0x3C, 0x00, 0x00, 0x0B, 0xE4, 0x02, 0xE0,
    0x00, 0x00, 0x00, 0x6F, 0xFE, 0x00, 0x00, 0x00, 0x00, 0x00, 0x0A, 0x00, 0x00, 0x00, 0x00, 0x00,
    0x7F, 0x80, 0x00, 0x00, 0x00, 0x03, 0xFF, 0x80, 0x00, 0x00, 0x00, 0x0B, 0xE9, 0x00, 0x00, 0x00,
    0x00, 0x00, 0x00, 0x00, 0x00, 0xFF, 0xFF, 0xF8, 0x01, 0xFF, 0xFE, 0x02, 0xFD, 0x00, 0x00, 0x07,
    0x80, 0x02, 0xFD, 0x00, 0x00, 0x03, 0x40, 0x02, 0xFD, 0x00, 0x00, 0x03, 0x40, 0x02, 0xFD, 0x00,
    0x00, 0x03, 0x40, 0x02, 0xFD, 0x00, 0x00, 0x03, 0x40, 0x02, 0xFD, 0x00, 0x00, 0x03, 0x40, 0x02,
    0xFD, 0x00, 0x00, 0x03, 0x40, 0x02, 0xFD, 0x00, 0x00, 0x03, 0x40, 0x02, 0xFD, 0x00, 0x00, 0x03,
    0x40, 0x02, 0xFD, 0x00, 0x00, 0x03, 0x40, 0x02, 0xFD, 0x00, 0x00, 0x03, 0x40, 0x02, 0xFD, 0x00,
    0x00, 0x03, 0x40, 0x02, 0xFD, 0x00, 0x00, 0x03, 0x40, 0x02, 0xFD, 0x00, 0x00, 0x07, 0x00, 0x00,
    0xFE, 0x00, 0x00, 0x0B, 0x00, 0x00, 0xBF, 0x00, 0x00, 0x0D, 0x00, 0x00, 0x3F, 0x80, 0x00, 0x3C,
    0x00, 0x00, 0x0B, 0xE4, 0x02, 0xE0, 0x00, 0x00, 0x00, 0x6F, 0xFE, 0x00, 0x00, 0x00, 0x00, 0x00,
    0x00, 0x00, 0x00, 0x00, 0x00, 0x01, 0xD0, 0x00, 0x00, 0x00, 0x00, 0x0B, 0xF4, 0x00, 0x00, 0x00,
    0x00, 0x2F, 0x7E, 0x00, 0x00, 0x00, 0x00, 0xF8, 0x0B, 0xC0, 0x00, 0x00, 0x00, 0x40, 0x00, 0x40,
    0x00, 0x00, 0x00, 0x00, 0x00, 0x00, 0x00, 0xFF, 0xFF, 0xF8, 0x01, 0xFF, 0xFE, 0x02, 0xFD, 0x00,
    0x00, 0x07, 0x80, 0x02, 0xFD, 0x00, 0x00, 0x03, 0x40, 0x02, 0xFD, 0x00, 0x00, 0x03, 0x40, 0x02,
    0xFD, 0x00, 0x00, 0x03, 0x40, 0x02, 0xFD, 0x00, 0x00, 0x03, 0x40, 0x02, 0xFD, 0x00, 0x00, 0x03,
    0x40, 0x02, 0xFD, 0x00, 0x00, 0x03, 0x40, 0x02, 0xFD, 0x00, 0x00, 0x03, 0x40, 0x02, 0xFD, 0x00,
    0x00, 0x03, 0x40, 0x02, 0xFD, 0x00, 0x00, 0x03, 0x40, 0x02, 0xFD, 0x00, 0x00, 0x03, 0x40, 0x02,
    0xFD, 0x00, 0x00, 0x03, 0x40, 0x02, 0xFD, 0x00, 0x00, 0x03, 0x40, 0x02, 0xFD, 0x00, 0x00, 0x07,
    0x00, 0x00, 0xFE, 0x00, 0x00, 0x0B, 0x00, 0x00, 0xBF, 0x00, 0x00, 0x0D, 0x00, 0x00, 0x3F, 0x80,
    0x00, 0x3C, 0x00, 0x00, 0x0B, 0xE4, 0x02, 0xE0, 0x00, 0x00, 0x00, 0x6F, 0xFE, 0x00, 0x00, 0x00,
    0x02, 0xE0, 0x1F, 0x40, 0x00, 0x00, 0x07, 0xF8, 0x3F, 0xC0, 0x00, 0x00, 0x0B, 0xFC, 0x3F, 0xD0,
    0x00, 0x00, 0x07, 0xF8, 0x3F, 0xC0, 0x00, 0x00, 0x02, 0xE0, 0x1F, 0x40, 0x00, 0x00, 0x00, 0x00,
    0x00, 0x00, 0x00, 0xFF, 0xFF, 0xF8, 0x01, 0xFF, 0xFE, 0x02, 0xFD, 0x00, 0x00, 0x07, 0x80, 0x02,
    0xFD, 0x00, 0x00, 0x03, 0x40, 0x02, 0xFD, 0x00, 0x00, 0x03, 0x40, 0x02, 0xFD, 0x00, 0x00, 0x03,
    0x40, 0x02, 0xFD, 0x00, 0x00, 0x03, 0x40, 0x02, 0xFD, 0x00, 0x00, 0x03, 0x40, 0x02, 0xFD, 0x00,
    0x00, 0x03, 0x40, 0x02, 0xFD, 0x00, 0x00, 0x03, 0x40, 0x02, 0xFD, 0x00, 0x00, 0x03, 0x40, 0x02,
    0xFD, 0x00, 0x00, 0x03, 0x40, 0x02, 0xFD, 0x00, 0x00, 0x03, 0x40, 0x02, 0xFD, 0x00, 0x00, 0x03,
    0x40, 0x02, 0xFD, 0x00, 0x00, 0x03, 0x40, 0x02, 0xFD, 0x00, 0x00, 0x07, 0x00, 0x00, 0xFE, 0x00,
    0x00, 0x0B, 0x00, 0x00, 0xBF, 0x00, 0x00, 0x0D, 0x00, 0x00, 0x3F, 0x80, 0x00, 0x3C, 0x00, 0x00,
    0x0B, 0xE4, 0x02, 0xE0, 0x00, 0x00, 0x00, 0x6F, 0xFE, 0x00, 0x00, 0x00, 0x00, 0x00, 0x03, 0x80,
    0x00, 0x00, 0x00, 0x00, 0x07, 0xF4, 0x00, 0x00, 0x00, 0x00, 0x07, 0xFE, 0x00, 0x00, 0x00, 0x00,
    0x07, 0xFF, 0x40, 0x00, 0x00, 0x00, 0x03, 0x90, 0x00, 0x00, 0x00, 0x00, 0x00, 0x00, 0x00, 0x00,
    0x07, 0xFF, 0xFF, 0x80, 0x02, 0xFF, 0xF8, 0x07, 0xFE, 0x00, 0x00, 0x0B, 0x80, 0x00, 0xBF, 0xC0,
    0x00, 0x03, 0xC0, 0x00, 0x0F, 0xFC, 0x00, 0x02, 0xC0, 0x00, 0x01, 0xFF, 0x40, 0x01, 0xD0, 0x00,
    0x00, 0x2F, 0xF0, 0x00, 0xF0, 0x00, 0x00, 0x03, 0xFF, 0x00, 0xB0, 0x00, 0x00, 0x00, 0x7F, 0xD0,
    0x78, 0x00, 0x00, 0x00, 0x0B, 0xFC, 0x3C, 0x00, 0x00, 0x00, 0x00, 0xFF, 0xAD, 0x00, 0x00, 0x00,
    0x00, 0x1F, 0xFE, 0x00, 0x00, 0x00, 0x00, 0x03, 0xFF, 0x00, 0x00, 0x00, 0x00, 0x00, 0x7F, 0x80,
    0x00, 0x00, 0x00, 0x00, 0x1F, 0xE0, 0x00, 0x00, 0x00, 0x00, 0x07, 0xF8, 0x00, 0x00, 0x00, 0x00,
    0x01, 0xFE, 0x00, 0x00, 0x00, 0x00, 0x00, 0x7F, 0x80, 0x00, 0x00, 0x00, 0x00, 0x1F, 0xE0, 0x00,
    0x00, 0x00, 0x00, 0x07, 0xF8, 0x00, 0x00, 0x00, 0x00, 0xBF, 0xFF, 0xF8, 0x00, 0x00, 0x00, 0x00,
    0x00, 0x00, 0x00, 0x00, 0x00, 0x00, 0x00, 0x00, 0x03, 0xFF, 0xFF, 0xC0, 0x00, 0x00, 0x2F, 0xC0,
    0x00, 0x00, 0x00, 0xBF, 0x00, 0x00, 0x00, 0x02, 0xFC, 0x00, 0x00, 0x00, 0x0B, 0xFF, 0xFF, 0x90,
    0x00, 0x2F, 0xC0, 0x0B, 0xF4, 0x00, 0xBF, 0x00, 0x0F, 0xF0, 0x02, 0xFC, 0x00, 0x1F, 0xF0, 0x0B,
    0xF0, 0x00, 0x7F, 0xC0, 0x2F, 0xC0, 0x01, 0xFF, 0x00, 0xBF, 0x00, 0x07, 0xFC, 0x02, 0xFC, 0x00,
    0x3F, 0xD0, 0x0B, 0xF0, 0x03, 0xFD, 0x00, 0x2F, 0xFF, 0xFF, 0x40, 0x00, 0xBF, 0x00, 0x00, 0x00,
    0x02, 0xFC, 0x00, 0x00, 0x00, 0x0B, 0xF0, 0x00, 0x00, 0x00, 0x2F, 0xC0, 0x00, 0x00, 0x00, 0xBF,
    0x00, 0x00, 0x00, 0xFF, 0xFF, 0xF0, 0x00, 0x00, 0x00, 0xBF, 0xF4, 0x00, 0x03, 0xF0, 0x1F, 0x00,
    0x0B, 0xD0, 0x03, 0x40, 0x0F, 0xC0, 0x03, 0x80, 0x0F, 0xC0, 0x03, 0x80, 0x0F, 0xC0, 0x03, 0x40,
    0x0F, 0xC0, 0x03, 0x00, 0xFF, 0xC0, 0xB8, 0x00, 0x0F, 0xC1, 0xC0, 0x00, 0x0F, 0xC3, 0xC0, 0x00,
    0x0F, 0xC3, 0xD0, 0x00, 0x0F, 0xC3, 0xFE, 0x00, 0x0F, 0xC1, 0xFF, 0xE0, 0x0F, 0xC0, 0xFF, 0xF4,
    0x0F, 0xC0, 0x1B, 0xFC, 0x0F, 0xC0, 0x00, 0xBC, 0x0F, 0xC3, 0x40, 0x3C, 0x0F, 0xC3, 0x80, 0x3C,
    0x0F, 0xC3, 0xD0, 0xB4, 0xFF, 0xC3, 0xFF, 0xD0, 0x00, 0x1F, 0x00, 0x00, 0x00, 0x0F, 0xF0, 0x00,
    0x00, 0x02, 0xFF, 0x00, 0x00, 0x00, 0x1F, 0xF0, 0x00, 0x00, 0x00, 0x18, 0x00, 0x00, 0x00, 0x00,
    0x00, 0x00, 0x1B, 0xFF, 0x80, 0x00, 0x2F, 0x40, 0xFD, 0x00, 0x0F, 0xE0, 0x0F, 0xD0, 0x01, 0xF0,
    0x02, 0xF8, 0x00, 0x00, 0x00, 0xBE, 0x00, 0x00, 0x6B, 0xFF, 0x80, 0x02, 0xFE, 0x0B, 0xE0, 0x03,
    0xF8, 0x02, 0xF8, 0x02, 0xF8, 0x00, 0xBE, 0x00, 0xFD, 0x00, 0x3F, 0x80, 0x3F, 0x40, 0x0F, 0xE0,
    0x07, 0xF4, 0x1E, 0xFC, 0x00, 0x2F, 0xF9, 0x1F, 0xF0, 0x00, 0x00, 0x7C, 0x00, 0x00, 0x00, 0x7F,
    0x40, 0x00, 0x00, 0xBF, 0xD0, 0x00, 0x00, 0xBF, 0x80, 0x00, 0x00, 0x19, 0x00, 0x00, 0x00, 0x00,
    0x00, 0x00, 0x00, 0x1B, 0xFF, 0x80, 0x00, 0x2F, 0x40, 0xFD, 0x00, 0x0F, 0xE0, 0x0F, 0xD0, 0x01,
    0xF0, 0x02, 0xF8, 0x00, 0x00, 0x00, 0xBE, 0x00, 0x00, 0x6B, 0xFF, 0x80, 0x02, 0xFE, 0x0B, 0xE0,
    0x03, 0xF8, 0x02, 0xF8, 0x02, 0xF8, 0x00, 0xBE, 0x00, 0xFD, 0x00, 0x3F, 0x80, 0x3F, 0x40, 0x0F,
    0xE0, 0x07, 0xF4, 0x1E, 0xFC, 0x00, 0x2F, 0xF9, 0x1F, 0xF0, 0x00, 0x00, 0x00, 0x00, 0x00, 0x01,
    0xC0, 0x00, 0x00, 0x01, 0xFC, 0x00, 0x00, 0x01, 0xF7, 0xC0, 0x00, 0x01, 0xF0, 0x3D, 0x00, 0x00,
    0xE0, 0x02, 0x80, 0x00, 0x00, 0x00, 0x00, 0x00, 0x06, 0xFF, 0xE0, 0x00, 0x0B, 0xD0, 0x3F, 0x40,
    0x03, 0xF8, 0x03, 0xF4, 0x00, 0x7C, 0x00, 0xBE, 0x00, 0x00, 0x00, 0x2F, 0x80, 0x00, 0x1A, 0xFF,
    0xE0, 0x00, 0xBF, 0x82, 0xF8, 0x00, 0xFE, 0x00, 0xBE, 0x00, 0xBE, 0x00, 0x2F, 0x80, 0x3F, 0x40,
    0x0F, 0xE0, 0x0F, 0xD0, 0x03, 0xF8, 0x01, 0xFD, 0x07, 0xBF, 0x00, 0x0B, 0xFE, 0x47, 0xFC, 0x01,
    0xFE, 0x02, 0x80, 0x01, 0xFF, 0xFF, 0xC0, 0x00, 0xD0, 0x6F, 0x80, 0x00, 0x00, 0x00, 0x00, 0x00,
    0x00, 0x00, 0x00, 0x00, 0x00, 0x6F, 0xFE, 0x00, 0x00, 0xBD, 0x03, 0xF4, 0x00, 0x3F, 0x80, 0x3F,
    0x40, 0x07, 0xC0, 0x0B, 0xE0, 0x00, 0x00, 0x02, 0xF8, 0x00, 0x01, 0xAF, 0xFE, 0x00, 0x0B, 0xF8,
    0x2F, 0x80, 0x0F, 0xE0, 0x0B, 0xE0, 0x0B, 0xE0, 0x02, 0xF8, 0x03, 0xF4, 0x00, 0xFE, 0x00, 0xFD,
    0x00, 0x3F, 0x80, 0x1F, 0xD0, 0x7B, 0xF0, 0x00, 0xBF, 0xE4, 0x7F, 0xC0, 0x01, 0xF4, 0x0B, 0x80,
    0x00, 0xFF, 0x07, 0xF8, 0x00, 0x3F, 0xD2, 0xFF, 0x00, 0x0F, 0xF0, 0x7F, 0x80, 0x01, 0xF4, 0x0B,
    0x80, 0x00, 0x00, 0x00, 0x00, 0x00, 0x00, 0x00, 0x00, 0x00, 0x06, 0xFF, 0xE0, 0x00, 0x0B, 0xD0,
    0x3F, 0x40, 0x03, 0xF8, 0x03, 0xF4, 0x00, 0x7C, 0x00, 0xBE, 0x00, 0x00, 0x00, 0x2F, 0x80, 0x00,
    0x1A, 0xFF, 0xE0, 0x00, 0xBF, 0x82, 0xF8, 0x00, 0xFE, 0x00, 0xBE, 0x00, 0xBE, 0x00, 0x2F, 0x80,
    0x3F, 0x40, 0x0F, 0xE0, 0x0F, 0xD0, 0x03, 0xF8, 0x01, 0xFD, 0x07, 0xBF, 0x00, 0x0B, 0xFE, 0x47,
    0xFC, 0x00, 0x2F, 0xE0, 0x00, 0x00, 0x38, 0x0E, 0x00, 0x00, 0x0D, 0x02, 0xC0, 0x00, 0x03, 0x80,
    0xE0, 0x00, 0x00, 0x2F, 0xE0, 0x00, 0x00, 0x00, 0x00, 0x00, 0x00, 0x1B, 0xFF, 0x80, 0x00, 0x2F,
    0x40, 0xFD, 0x00, 0x0F, 0xE0, 0x0F, 0xD0, 0x01, 0xF0, 0x02, 0xF8, 0x00, 0x00, 0x00, 0xBE, 0x00,
    0x00, 0x6B, 0xFF, 0x80, 0x02, 0xFE, 0x0B, 0xE0, 0x03, 0xF8, 0x02, 0xF8, 0x02, 0xF8, 0x00, 0xBE,
    0x00, 0xFD, 0x00, 0x3F, 0x80, 0x3F, 0x40, 0x0F, 0xE0, 0x07, 0xF4, 0x1E, 0xFC, 0x00, 0x2F, 0xF9,
    0x1F, 0xF0, 0x06, 0xFF, 0xE0, 0x2F, 0xF8, 0x00, 0xBD, 0x07, 0xFB, 0xE0, 0x7D, 0x03, 0xF8, 0x03,
    0xFE, 0x00, 0x7C, 0x07, 0xC0, 0x0F, 0xF0, 0x00, 0xF8, 0x00, 0x00, 0x2F, 0xC0, 0x03, 0xF0, 0x00,
    0x00, 0xBE, 0x00, 0x0B, 0xC0, 0x06, 0xBF, 0xFF, 0xFF, 0xFF, 0x03, 0xFD, 0x4B, 0xE0, 0x00, 0x00,
    0x7F, 0x40, 0x1F, 0xC0, 0x00, 0x03, 0xF8, 0x00, 0x3F, 0x00, 0x01, 0xCF, 0xE0, 0x01, 0xFE, 0x00,
    0x0E, 0x1F, 0xD0, 0x2F, 0x7F, 0x41, 0xF0, 0x0B, 0xFF, 0x90, 0x1B, 0xFD, 0x00, 0x00, 0xBF, 0xF8,
    0x02, 0xF8, 0x0F, 0xC2, 0xF8, 0x03, 0xF4, 0xFC, 0x00, 0xBC, 0xBF, 0x00, 0x00, 0x3F, 0xC0, 0x00,
    0x0F, 0xF0, 0x00, 0x03, 0xFC, 0x00, 0x00, 0xBF, 0x00, 0x00, 0x1F, 0xD0, 0x00, 0x62, 0xFC, 0x00,
    0x38, 0x2F, 0x80, 0x7C, 0x01, 0xFF, 0xF8, 0x00, 0x07, 0xF0, 0x00, 0x01, 0xFF, 0x40, 0x00, 0x07,
    0xF4, 0x00, 0x00, 0xBE, 0x00, 0x00, 0x7F, 0x40, 0x3F, 0xF9, 0x00, 0x00, 0x0F, 0x40, 0x00, 0x00,
    0xBF, 0x40, 0x00, 0x01, 0xFF, 0x40, 0x00, 0x00, 0xBF, 0x40, 0x00, 0x00, 0x18, 0x00, 0x00, 0x00,
    0x00, 0x00, 0x02, 0xFF, 0x80, 0x00, 0xBD, 0x07, 0xE0, 0x0B, 0xD0, 0x07, 0xD0, 0x7F, 0x00, 0x0F,
    0xC2, 0xFC, 0x00, 0x2F, 0x0F, 0xE0, 0x00, 0x7D, 0x3F, 0xFF, 0xFF, 0xF4, 0xFE, 0x00, 0x00, 0x03,
    0xFC, 0x00, 0x00, 0x07, 0xF0, 0x00, 0x0C, 0x0B, 0xE0, 0x00, 0xB0, 0x0B, 0xE0, 0x1F, 0x00, 0x02,
    0xFF, 0xD0, 0x00, 0x00, 0x00, 0xF0, 0x00, 0x00, 0x0F, 0xE0, 0x00, 0x01, 0xFF, 0x80, 0x00, 0x1F,
    0xE4, 0x00, 0x00, 0x24, 0x00, 0x00, 0x00, 0x00, 0x00, 0x00, 0x06, 0xFF, 0x90, 0x00, 0xBD, 0x07,
    0xE0, 0x0B, 0xD0, 0x07, 0xD0, 0x7F, 0x00, 0x0F, 0xC3, 0xFC, 0x00, 0x2F, 0x0F, 0xE0, 0x00, 0x7D,
    0x3F, 0xFF, 0xFF, 0xF0, 0xFE, 0x00, 0x00, 0x02, 0xFC, 0x00, 0x00, 0x07, 0xF0, 0x00, 0x0C, 0x0B,
    0xE0, 0x00, 0xB0, 0x0B, 0xE0, 0x1F, 0x00, 0x02, 0xFF, 0xD0, 0x00, 0x00, 0x00, 0x00, 0x00, 0x00,
    0x0D, 0x00, 0x00, 0x00, 0xFD, 0x00, 0x00, 0x0F, 0x7D, 0x00, 0x01, 0xF0, 0x3D, 0x00, 0x0A, 0x00,
    0x2C, 0x00, 0x00, 0x00, 0x00, 0x00, 0x0B, 0xFE, 0x00, 0x02, 0xF4, 0x1F, 0x80, 0x2F, 0x40, 0x1F,
    0x41, 0xFC, 0x00, 0x3F, 0x0B, 0xF0, 0x00, 0xBC, 0x3F, 0x80, 0x01, 0xF4, 0xFF, 0xFF, 0xFF, 0xD3,
    0xF8, 0x00, 0x00, 0x0F, 0xF0, 0x00, 0x00, 0x1F, 0xC0, 0x00, 0x30, 0x2F, 0x80, 0x02, 0xC0, 0x2F,
    0x80, 0x7C, 0x00, 0x0B, 0xFF, 0x40, 0x03, 0xE0, 0x1F, 0x00, 0x2F, 0xD0, 0xFF, 0x00, 0xFF, 0x87,
    0xFC, 0x02, 0xFD, 0x0F, 0xF0, 0x03, 0xE0, 0x1F, 0x00, 0x00, 0x00, 0x00, 0x00, 0x00, 0x00, 0x00,
    0x00, 0x0B, 0xFE, 0x00, 0x02, 0xF4, 0x1F, 0x80, 0x2F, 0x40, 0x1F, 0x41, 0xFC, 0x00, 0x3F, 0x0B,
    0xF0, 0x00, 0xBC, 0x3F, 0x80, 0x01, 0xF4, 0xFF, 0xFF, 0xFF, 0xD3, 0xF8, 0x00, 0x00, 0x0F, 0xF0,
    0x00, 0x00, 0x1F, 0xC0, 0x00, 0x30, 0x2F, 0x80, 0x02, 0xC0, 0x2F, 0x80, 0x7C, 0x00, 0x0B, 0xFF,
    0x40, 0x1E, 0x00, 0x03, 0xFC, 0x00, 0x3F, 0xF0, 0x00, 0x7F, 0xC0, 0x00, 0x18, 0x00, 0x00, 0x00,
    0x0B, 0xFE, 0x00, 0x0F, 0xE0, 0x00, 0xBE, 0x00, 0x0B, 0xE0, 0x00, 0xBE, 0x00, 0x0B, 0xE0, 0x00,
    0xBE, 0x00, 0x0B, 0xE0, 0x00, 0xBE, 0x00, 0x0B, 0xE0, 0x00, 0xBE, 0x00, 0x0B, 0xE0, 0x0B, 0xFF,
    0xD0, 0x00, 0x2D, 0x00, 0x3F, 0xC0, 0x3F, 0xF0, 0x3F, 0x90, 0x09, 0x00, 0x00, 0x00, 0x0B, 0xFE,
    0x00, 0x3F, 0x80, 0x0B, 0xE0, 0x02, 0xF8, 0x00, 0xBE, 0x00, 0x2F, 0x80, 0x0B, 0xE0, 0x02, 0xF8,
    0x00, 0xBE, 0x00, 0x2F, 0x80, 0x0B, 0xE0, 0x02, 0xF8, 0x0B, 0xFF, 0xD0, 0x00, 0x00, 0x00, 0x0A,
    0x00, 0x02, 0xF8, 0x00, 0xFA, 0xE0, 0x3D, 0x0B, 0x87, 0x00, 0x1D, 0x00, 0x00, 0x02, 0xFF, 0x80,
    0x03, 0xF8, 0x00, 0x2F, 0x80, 0x02, 0xF8, 0x00, 0x2F, 0x80, 0x02, 0xF8, 0x00, 0x2F, 0x80, 0x02,
    0xF8, 0x00, 0x2F, 0x80, 0x02, 0xF8, 0x00, 0x2F, 0x80, 0x02, 0xF8, 0x02, 0xFF, 0xF4, 0x2E, 0x00,
    0xF4, 0x7F, 0x83, 0xFC, 0xBF, 0xC3, 0xFD, 0x7F, 0x83, 0xFC, 0x2E, 0x00, 0xF4, 0x00, 0x00, 0x00,
    0x00, 0x00, 0x00, 0x0B, 0xFD, 0x00, 0x00, 0xFD, 0x00, 0x00, 0xBD, 0x00, 0x00, 0xBD, 0x00, 0x00,
    0xBD, 0x00, 0x00, 0xBD, 0x00, 0x00, 0xBD, 0x00, 0x00, 0xBD, 0x00, 0x00, 0xBD, 0x00, 0x00, 0xBD,
    0x00, 0x00, 0xBD, 0x00, 0x00, 0xBD, 0x00, 0x0B, 0xFF, 0xC0, 0x07, 0xFE, 0x46, 0x80, 0x00, 0x7F,
    0xFE, 0x00, 0x00, 0x07, 0xFD, 0x00, 0x00, 0x0B, 0xFF, 0x40, 0x00, 0x39, 0x7F, 0xC0, 0x00, 0x00,
    0x1F, 0xF0, 0x00, 0x00, 0x07, 0xF8, 0x00, 0x2F, 0xF7, 0xFC, 0x02, 0xF4, 0x1F, 0xFD, 0x0B, 0xD0,
    0x03, 0xFE, 0x1F, 0xC0, 0x01, 0xFE, 0x3F, 0x80, 0x00, 0xFE, 0x3F, 0x80, 0x00, 0xFE, 0x3F, 0x80,
    0x00, 0xFE, 0x3F, 0x80, 0x00, 0xFE, 0x3F, 0x80, 0x00, 0xFD, 0x1F, 0xC0, 0x01, 0xFC, 0x0F, 0xD0,
    0x03, 0xF4, 0x02, 0xF4, 0x0B, 0xD0, 0x00, 0x2F, 0xFD, 0x00, 0x00, 0x3F, 0x90, 0x60, 0x00, 0x3F,
    0xFF, 0xF4, 0x00, 0x24, 0x1B, 0xF4, 0x00, 0x00, 0x00, 0x00, 0x00, 0x00, 0x00, 0x00, 0x00, 0x2F,
    0xF4, 0x6F, 0xE0, 0x00, 0xFD, 0xB4, 0x3F, 0x00, 0x2F, 0xE0, 0x0B, 0xE0, 0x0B, 0xF0, 0x02, 0xFC,
    0x02, 0xF8, 0x00, 0x7F, 0x00, 0xBE, 0x00, 0x1F, 0xC0, 0x2F, 0x80, 0x07, 0xF0, 0x0B, 0xE0, 0x01,
    0xFC, 0x02, 0xF8, 0x00, 0x7F, 0x00, 0xBE, 0x00, 0x1F, 0xC0, 0x2F, 0x80, 0x07, 0xF0, 0x0B, 0xE0,
    0x01, 0xFC, 0x2F, 0xFF, 0x87, 0xFF, 0xF0, 0x00, 0x1F, 0x00, 0x00, 0x00, 0x3F, 0xC0, 0x00, 0x00,
    0x2F, 0xF0, 0x00, 0x00, 0x06, 0xFC, 0x00, 0x00, 0x00, 0x18, 0x00, 0x00, 0x00, 0x00, 0x00, 0x00,
    0x2F, 0xF9, 0x00, 0x02, 0xF4, 0x0B, 0xD0, 0x0B, 0xD0, 0x02, 0xF4, 0x1F, 0xC0, 0x00, 0xFC, 0x2F,
    0x80, 0x00, 0xFD, 0x3F, 0x80, 0x00, 0xFE, 0x3F, 0x80, 0x00, 0xFE, 0x3F, 0x80, 0x00, 0xFE, 0x3F,
    0x80, 0x00, 0xFD, 0x1F, 0xC0, 0x00, 0xFC, 0x0F, 0xD0, 0x02, 0xF4, 0x02, 0xF4, 0x0B, 0xD0, 0x00,
    0x6F, 0xFE, 0x00, 0x00, 0x00, 0x7C, 0x00, 0x00, 0x01, 0xFD, 0x00, 0x00, 0x0B, 0xFD, 0x00, 0x00,
    0x2F, 0xE0, 0x00, 0x00, 0x19, 0x00, 0x00, 0x00, 0x00, 0x00, 0x00, 0x00, 0x2F, 0xF9, 0x00, 0x02,
    0xF4, 0x0B, 0xD0, 0x0B, 0xD0, 0x02, 0xF4, 0x1F, 0xC0, 0x00, 0xFC, 0x2F, 0x80, 0x00, 0xFD, 0x3F,
    0x80, 0x00, 0xFE, 0x3F, 0x80, 0x00, 0xFE, 0x3F, 0x80, 0x00, 0xFE, 0x3F, 0x80, 0x00, 0xFD, 0x1F,
    0xC0, 0x00, 0xFC, 0x0F, 0xD0, 0x02, 0xF4, 0x02, 0xF4, 0x0B, 0xD0, 0x00, 0x6F, 0xFE, 0x00, 0x00,
    0x00, 0x00, 0x00, 0x00, 0x01, 0xC0, 0x00, 0x00, 0x07, 0xF0, 0x00, 0x00, 0x1F, 0xBC, 0x00, 0x00,
    0xB8, 0x1F, 0x00, 0x00, 0xE0, 0x03, 0x80, 0x00, 0x00, 0x00, 0x00, 0x00, 0x2F, 0xF9, 0x00, 0x02,
    0xF4, 0x0B, 0xD0, 0x0B, 0xD0, 0x02, 0xF4, 0x1F, 0xC0, 0x00, 0xFC, 0x2F, 0x80, 0x00, 0xFD, 0x3F,
    0x80, 0x00, 0xFE, 0x3F, 0x80, 0x00, 0xFE, 0x3F, 0x80, 0x00, 0xFE, 0x3F, 0x80, 0x00, 0xFD, 0x1F,
    0xC0, 0x00, 0xFC, 0x0F, 0xD0, 0x02, 0xF4, 0x02, 0xF4, 0x0B, 0xD0, 0x00, 0x6F, 0xFE, 0x00, 0x00,
    0x7F, 0x80, 0xA0, 0x01, 0xFF, 0xFF, 0xC0, 0x03, 0x41, 0xBE, 0x00, 0x00, 0x00, 0x00, 0x00, 0x00,
    0x00, 0x00, 0x00, 0x00, 0x2F, 0xF9, 0x00, 0x02, 0xF4, 0x0B, 0xD0, 0x0B, 0xD0, 0x02, 0xF4, 0x1F,
    0xC0, 0x00, 0xFC, 0x2F, 0x80, 0x00, 0xFD, 0x3F, 0x80, 0x00, 0xFE, 0x3F, 0x80, 0x00, 0xFE, 0x3F,
    0x80, 0x00, 0xFE, 0x3F, 0x80, 0x00, 0xFD, 0x1F, 0xC0, 0x00, 0xFC, 0x0F, 0xD0, 0x02, 0xF4, 0x02,
    0xF4, 0x0B, 0xD0, 0x00, 0x6F, 0xFE, 0x00, 0x00, 0xF4, 0x0B, 0x80, 0x03, 0xFC, 0x1F, 0xE0, 0x03,
    0xFD, 0x2F, 0xF0, 0x03, 0xFC, 0x1F, 0xE0, 0x01, 0xF4, 0x0B, 0x80, 0x00, 0x00, 0x00, 0x00, 0x00,
    0x00, 0x00, 0x00, 0x00, 0x2F, 0xF9, 0x00, 0x02, 0xF4, 0x0B, 0xD0, 0x0B, 0xD0, 0x02, 0xF4, 0x1F,
    0xC0, 0x00, 0xFC, 0x2F, 0x80, 0x00, 0xFD, 0x3F, 0x80, 0x00, 0xFE, 0x3F, 0x80, 0x00, 0xFE, 0x3F,
    0x80, 0x00, 0xFE, 0x3F, 0x80, 0x00, 0xFD, 0x1F, 0xC0, 0x00, 0xFC, 0x0F, 0xD0, 0x02, 0xF4, 0x02,
    0xF4, 0x0B, 0xD0, 0x00, 0x6F, 0xFE, 0x00, 0x00, 0x00, 0x0B, 0xD0, 0x00, 0x00, 0x00, 0x00, 0x2F,
    0xF4, 0x00, 0x00, 0x00, 0x00, 0x2F, 0xF8, 0x00, 0x00, 0x00, 0x00, 0x2F, 0xF4, 0x00, 0x00, 0x00,
    0x00, 0x0B, 0xD0, 0x00, 0x00, 0x00, 0x00, 0x00, 0x00, 0x00, 0x00, 0x00, 0x00, 0x00, 0x00, 0x00,
    0x00, 0x00, 0x00, 0x00, 0x00, 0x00, 0x00, 0x00, 0x00, 0x00, 0x00, 0x00, 0x00, 0x00, 0x00, 0x00,
    0x00, 0x00, 0x00, 0x3F, 0xFF, 0xFF, 0xFF, 0xFF, 0xFC, 0x00, 0x00, 0x00, 0x00, 0x00, 0x00, 0x00,
    0x00, 0x00, 0x00, 0x00, 0x00, 0x00, 0x00, 0x00, 0x00, 0x00, 0x00, 0x00, 0x00, 0x00, 0x00, 0x00,
    0x00, 0x00, 0x00, 0x0B, 0xD0, 0x00, 0x00, 0x00, 0x00, 0x2F, 0xF4, 0x00, 0x00, 0x00, 0x00, 0x2F,
    0xF8, 0x00, 0x00, 0x00, 0x00, 0x2F, 0xF4, 0x00, 0x00, 0x00, 0x00, 0x0B, 0xD0, 0x00, 0x00, 0x00,
    0x00, 0x00, 0x20, 0x00, 0x00, 0x00, 0x30, 0x00, 0x00, 0x00, 0xD0, 0x00, 0x2F, 0xFA, 0x80, 0x02,
    0xF4, 0x0B, 0xD0, 0x0B, 0xC0, 0x0F, 0xF4, 0x1F, 0x80, 0x1C, 0xFC, 0x3F, 0x40, 0x30, 0xBD, 0x3F,
    0x00, 0xA0, 0xBE, 0x3F, 0x01, 0xC0, 0xBE, 0x3F, 0x03, 0x40, 0xBE, 0x3F, 0x4A, 0x00, 0xBD, 0x1F,
    0x8C, 0x00, 0xFC, 0x0F, 0xF4, 0x01, 0xF4, 0x02, 0xF4, 0x0B, 0xD0, 0x00, 0xEF, 0xFD, 0x00, 0x02,
    0x80, 0x00, 0x00, 0x07, 0x00, 0x00, 0x00, 0x09, 0x00, 0x00, 0x00, 0x00, 0x1E, 0x00, 0x00, 0x00,
    0x0F, 0xF0, 0x00, 0x00, 0x03, 0xFF, 0x00, 0x00, 0x00, 0x1F, 0xF0, 0x00, 0x00, 0x00, 0x28, 0x00,
    0x00, 0x00, 0x00, 0x00, 0x0B, 0xFE, 0x01, 0xFF, 0xC0, 0x3F, 0x80, 0x0B, 0xF0, 0x0B, 0xE0, 0x01,
    0xFC, 0x02, 0xF8, 0x00, 0x7F, 0x00, 0xBE, 0x00, 0x1F, 0xC0, 0x2F, 0x80, 0x07, 0xF0, 0x0B, 0xE0,
    0x01, 0xFC, 0x02, 0xF8, 0x00, 0x7F, 0x00, 0xBE, 0x00, 0x2F, 0xC0, 0x2F, 0x80, 0x0B, 0xF0, 0x0B,
    0xE0, 0x03, 0xFC, 0x00, 0xFC, 0x07, 0xBF, 0x00, 0x0B, 0xFE, 0x5F, 0xFC, 0x00, 0x00, 0x00, 0x00,
    0x00, 0x00, 0x3C, 0x00, 0x00, 0x00, 0x3F, 0x80, 0x00, 0x00, 0x7F, 0xE0, 0x00, 0x00, 0x7F, 0x90,
    0x00, 0x00, 0x09, 0x00, 0x00, 0x00, 0x00, 0x00, 0x00, 0x0B, 0xFE, 0x01, 0xFF, 0xC0, 0x3F, 0x80,
    0x0B, 0xF0, 0x0B, 0xE0, 0x01, 0xFC, 0x02, 0xF8, 0x00, 0x7F, 0x00, 0xBE, 0x00, 0x1F, 0xC0, 0x2F,
    0x80, 0x07, 0xF0, 0x0B, 0xE0, 0x01, 0xFC, 0x02, 0xF8, 0x00, 0x7F, 0x00, 0xBE, 0x00, 0x2F, 0xC0,
    0x2F, 0x80, 0x0B, 0xF0, 0x0B, 0xE0, 0x03, 0xFC, 0x00, 0xFC, 0x07, 0xBF, 0x00, 0x0B, 0xFE, 0x5F,
    0xFC, 0x00, 0x00, 0x00, 0x00, 0x00, 0x00, 0x00, 0x00, 0x00, 0x00, 0x34, 0x00, 0x00, 0x00, 0x3F,
    0x40, 0x00, 0x00, 0x7D, 0xF4, 0x00, 0x00, 0x7C, 0x0F, 0x40, 0x00, 0x38, 0x00, 0xB0, 0x00, 0x00,
    0x00, 0x00, 0x02, 0xFF, 0x80, 0x7F, 0xF0, 0x0F, 0xE0, 0x02, 0xFC, 0x02, 0xF8, 0x00, 0x7F, 0x00,
    0xBE, 0x00, 0x1F, 0xC0, 0x2F, 0x80, 0x07, 0xF0, 0x0B, 0xE0, 0x01, 0xFC, 0x02, 0xF8, 0x00, 0x7F,
    0x00, 0xBE, 0x00, 0x1F, 0xC0, 0x2F, 0x80, 0x0B, 0xF0, 0x0B, 0xE0, 0x02, 0xFC, 0x02, 0xF8, 0x00,
    0xFF, 0x00, 0x3F, 0x01, 0xDF, 0xC0, 0x02, 0xFF, 0x87, 0xFF, 0x00, 0x00, 0x00, 0x00, 0x00, 0x00,
    0xB8, 0x07, 0xC0, 0x00, 0xBF, 0x43, 0xFC, 0x00, 0x3F, 0xE1, 0xFF, 0x00, 0x0B, 0xF4, 0x3F, 0xC0,
    0x00, 0xF8, 0x07, 0xC0, 0x00, 0x00, 0x00, 0x00, 0x00, 0x00, 0x00, 0x00, 0x02, 0xFF, 0x80, 0x7F,
    0xF0, 0x0F, 0xE0, 0x02, 0xFC, 0x02, 0xF8, 0x00, 0x7F, 0x00, 0xBE, 0x00, 0x1F, 0xC0, 0x2F, 0x80,
    0x07, 0xF0, 0x0B, 0xE0, 0x01, 0xFC, 0x02, 0xF8, 0x00, 0x7F, 0x00, 0xBE, 0x00, 0x1F, 0xC0, 0x2F,
    0x80, 0x0B, 0xF0, 0x0B, 0xE0, 0x02, 0xFC, 0x02, 0xF8, 0x00, 0xFF, 0x00, 0x3F, 0x01, 0xEF, 0xC0,
    0x02, 0xFF, 0x97, 0xFF, 0x00, 0x00, 0x00, 0x00, 0x00, 0x00, 0x00, 0x03, 0xC0, 0x00, 0x00, 0x07,
    0xFC, 0x00, 0x00, 0x07, 0xFE, 0x00, 0x00, 0x07, 0xF8, 0x00, 0x00, 0x00, 0x40, 0x00, 0x00, 0x00,
    0x00, 0x00, 0x03, 0xFF, 0xE0, 0x0F, 0xFC, 0x0F, 0xD0, 0x00, 0xF0, 0x02, 0xFC, 0x00, 0x34, 0x00,
    0x7F, 0x00, 0x2C, 0x00, 0x0F, 0xE0, 0x0D, 0x00, 0x01, 0xFC, 0x0B, 0x00, 0x00, 0x3F, 0x83, 0x40,
    0x00, 0x07, 0xF1, 0xC0, 0x00, 0x00, 0xFD, 0xE0, 0x00, 0x00, 0x2F, 0xF0, 0x00, 0x00, 0x03, 0xF8,
    0x00, 0x00, 0x00, 0xBC, 0x00, 0x00, 0x00, 0x0F, 0x00, 0x00, 0x00, 0x03, 0x40, 0x00, 0x00, 0x02,
    0xC0, 0x00, 0x0F, 0x40, 0xD0, 0x00, 0x07, 0xF0, 0xB0, 0x00, 0x00, 0xF8, 0xB0, 0x00, 0x00, 0x0F,
    0xE0, 0x00, 0x00, 0x00, 0x00, 0x00, 0x00, 0x00, 0x3F, 0xF0, 0x00, 0x00, 0x00, 0xFC, 0x00, 0x00,
    0x00, 0x3F, 0x00, 0x00, 0x00, 0x0F, 0xC0, 0x00, 0x00, 0x03, 0xF0, 0x00, 0x00, 0x00, 0xFC, 0x00,
    0x00, 0x00, 0x3F, 0x00, 0x00, 0x00, 0x0F, 0xC6, 0xFF, 0x40, 0x03, 0xFF, 0x41, 0xFC, 0x00, 0xFE,
    0x00, 0x1F, 0xC0, 0x3F, 0x40, 0x03, 0xF8, 0x0F, 0xD0, 0x00, 0xBF, 0x03, 0xF4, 0x00, 0x1F, 0xD0,
    0xFD, 0x00, 0x07, 0xF4, 0x3F, 0x40, 0x01, 0xFD, 0x0F, 0xD0, 0x00, 0xBF, 0x03, 0xF4, 0x00, 0x3F,
    0x80, 0xFE, 0x00, 0x1F, 0xC0, 0x3F, 0xF4, 0x2F, 0xC0, 0x0F, 0xD7, 0xFE, 0x40, 0x03, 0xF4, 0x00,
    0x00, 0x00, 0xFD, 0x00, 0x00, 0x00, 0x3F, 0x40, 0x00, 0x00, 0x0F, 0xD0, 0x00, 0x00, 0x03, 0xF4,
    0x00, 0x00, 0x0F, 0xFF, 0xD0, 0x00, 0x00, 0x00, 0xB8, 0x07, 0xD0, 0x00, 0x7F, 0x83, 0xFC, 0x00,
    0x2F, 0xF0, 0xFF, 0x00, 0x07, 0xF8, 0x3F, 0xC0, 0x00, 0xB8, 0x07, 0xD0, 0x00, 0x00, 0x00, 0x00,
    0x00, 0x00, 0x00, 0x00, 0x00, 0xFF, 0xF8, 0x03, 0xFF, 0x03, 0xF4, 0x00, 0x3C, 0x00, 0xBF, 0x00,
    0x0D, 0x00, 0x1F, 0xC0, 0x0B, 0x00, 0x03, 0xF8, 0x03, 0x40, 0x00, 0x7F, 0x02, 0xC0, 0x00, 0x0F,
    0xE0, 0xD0, 0x00, 0x01, 0xFC, 0x70, 0x00, 0x00, 0x3F, 0x78, 0x00, 0x00, 0x0B, 0xFC, 0x00, 0x00,
    0x00, 0xFE, 0x00, 0x00, 0x00, 0x2F, 0x00, 0x00, 0x00, 0x03, 0xC0, 0x00, 0x00, 0x00, 0xD0, 0x00,
    0x00, 0x00, 0xB0, 0x00, 0x03, 0xD0, 0x34, 0x00, 0x01, 0xFC, 0x2C, 0x00, 0x00, 0x3E, 0x2C, 0x00,
    0x00, 0x03, 0xF8, 0x00, 0x00, 0x00, 0x00, 0x3F, 0xFF, 0xFF, 0xF4, 0x00, 0x00, 0x00, 0x00, 0x00,
    0x00, 0x00, 0x00, 0x00, 0x00, 0x00, 0x00, 0x00, 0x00, 0x00, 0x00, 0x00, 0x00, 0x00, 0x00, 0x07,
    0x80, 0x00, 0x00, 0x00, 0x00, 0x3F, 0x00, 0x00, 0x00, 0x00, 0x01, 0xFD, 0x00, 0x00, 0x00, 0x00,
    0x0B, 0xFC, 0x00, 0x00, 0x00, 0x00, 0x3F, 0xF4, 0x00, 0x00, 0x00, 0x01, 0xEF, 0xE0, 0x00, 0x00,
    0x00, 0x0E, 0x3F, 0xC0, 0x00, 0x00, 0x00, 0x74, 0xBF, 0x40, 0x00, 0x00, 0x02, 0xC1, 0xFF, 0x00,
    0x00, 0x00, 0x0D, 0x03, 0xFD, 0x00, 0x00, 0x00, 0xB0, 0x07, 0xF8, 0x00, 0x00, 0x03, 0x80, 0x0F,
    0xF0, 0x00, 0x00, 0x1C, 0x00, 0x2F, 0xE0, 0x00, 0x00, 0xFF, 0xFF, 0xFF, 0xC0, 0x00, 0x03, 0x00,
    0x00, 0xBF, 0x40, 0x00, 0x2C, 0x00, 0x01, 0xFE, 0x00, 0x00, 0xE0, 0x00, 0x03, 0xFC, 0x00, 0x07,
    0x00, 0x00, 0x0B, 0xF8, 0x00, 0x3C, 0x00, 0x00, 0x1F, 0xF0, 0x3F, 0xFF, 0x40, 0x0F, 0xFF, 0xFF,
    0x3F, 0xFF, 0xFF, 0xD0, 0x00, 0x00, 0x00, 0x00, 0x00, 0x00, 0x00, 0x00, 0x00, 0x00, 0x00, 0x00,
    0x00, 0x01, 0xBF, 0xF8, 0x00, 0x02, 0xF4, 0x0F, 0xD0, 0x00, 0xFE, 0x00, 0xFD, 0x00, 0x1F, 0x00,
    0x2F, 0x80, 0x00, 0x00, 0x0B, 0xE0, 0x00, 0x06, 0xBF, 0xF8, 0x00, 0x2F, 0xE0, 0xBE, 0x00, 0x3F,
    0x80, 0x2F, 0x80, 0x2F, 0x80, 0x0B, 0xE0, 0x0F, 0xD0, 0x03, 0xF8, 0x03, 0xF4, 0x00, 0xFE, 0x00,
    0x7F, 0x41, 0xEF, 0xC0, 0x02, 0xFF, 0x91, 0xFF, 0x00, 0x00, 0x0A, 0x00, 0x01, 0x80, 0x00, 0x00,
    0x0C, 0x00, 0x0D, 0x00, 0x00, 0x00, 0x1D, 0x01, 0xE0, 0x00, 0x00, 0x00, 0x0B, 0xF9, 0x00, 0x00,
    0x00, 0x00, 0x00, 0x00, 0x00, 0x00, 0x00, 0x00, 0x00, 0x00, 0x00, 0x00, 0x00, 0x00, 0x78, 0x00,
    0x00, 0x00, 0x00, 0x03, 0xF0, 0x00, 0x00, 0x00, 0x00, 0x1F, 0xD0, 0x00, 0x00, 0x00, 0x00, 0xBF,
    0xC0, 0x00, 0x00, 0x00, 0x03, 0xFF, 0x40, 0x00, 0x00, 0x00, 0x1E, 0xFE, 0x00, 0x00, 0x00, 0x00,
    0xE3, 0xFC, 0x00, 0x00, 0x00, 0x07, 0x4B, 0xF4, 0x00, 0x00, 0x00, 0x2C, 0x1F, 0xF0, 0x00, 0x00,
    0x00, 0xD0, 0x3F, 0xD0, 0x00, 0x00, 0x0B, 0x00, 0x7F, 0x80, 0x00, 0x00, 0x38, 0x00, 0xFF, 0x00,
    0x00, 0x01, 0xC0, 0x02, 0xFE, 0x00, 0x00, 0x0F, 0xFF, 0xFF, 0xFC, 0x00, 0x00, 0x30, 0x00, 0x0B,
    0xF4, 0x00, 0x02, 0xC0, 0x00, 0x1F, 0xE0, 0x00, 0x0E, 0x00, 0x00, 0x3F, 0xC0, 0x00, 0x70, 0x00,
    0x00, 0xBF, 0x80, 0x03, 0xC0, 0x00, 0x01, 0xFF, 0x03, 0xFF, 0xF4, 0x00, 0xFF, 0xFF, 0xF0, 0x03,
    0x40, 0x00, 0x90, 0x00, 0x60, 0x00, 0x30, 0x00, 0x0A, 0x40, 0x74, 0x00, 0x00, 0x6F, 0xE0, 0x00,
    0x00, 0x00, 0x00, 0x00, 0x00, 0x6F, 0xFE, 0x00, 0x00, 0xBD, 0x03, 0xF4, 0x00, 0x3F, 0x80, 0x3F,
    0x40, 0x07, 0xC0, 0x0B, 0xE0, 0x00, 0x00, 0x02, 0xF8, 0x00, 0x01, 0xAF, 0xFE, 0x00, 0x0B, 0xF8,
    0x2F, 0x80, 0x0F, 0xE0, 0x0B, 0xE0, 0x0B, 0xE0, 0x02, 0xF8, 0x03, 0xF4, 0x00, 0xFE, 0x00, 0xFD,
    0x00, 0x3F, 0x80, 0x1F, 0xD0, 0x7B, 0xF0, 0x00, 0xBF, 0xE4, 0x7F, 0xC0, 0x00, 0x00, 0x07, 0x80,
    0x00, 0x00, 0x00, 0x00, 0x3F, 0x00, 0x00, 0x00, 0x00, 0x01, 0xFD, 0x00, 0x00, 0x00, 0x00, 0x0B,
    0xFC, 0x00, 0x00, 0x00, 0x00, 0x3F, 0xF4, 0x00, 0x00, 0x00, 0x02, 0xEF, 0xE0, 0x00, 0x00, 0x00,
    0x0E, 0x3F, 0xC0, 0x00, 0x00, 0x00, 0x74, 0xBF, 0x40, 0x00, 0x00, 0x03, 0xC1, 0xFF, 0x00, 0x00,
    0x00, 0x1D, 0x03, 0xFD, 0x00, 0x00, 0x00, 0xB0, 0x07, 0xF8, 0x00, 0x00, 0x03, 0x80, 0x0F, 0xF0,
    0x00, 0x00, 0x2C, 0x00, 0x2F, 0xE0, 0x00, 0x00, 0xFF, 0xFF, 0xFF, 0xC0, 0x00, 0x07, 0x00, 0x00,
    0xBF, 0x40, 0x00, 0x3C, 0x00, 0x01, 0xFE, 0x00, 0x01, 0xE0, 0x00, 0x03, 0xFC, 0x00, 0x0B, 0x00,
    0x00, 0x0B, 0xF8, 0x00, 0x7C, 0x00, 0x00, 0x1F, 0xF0, 0x3F, 0xFF, 0x40, 0x0F, 0xFF, 0xFF, 0x00,
    0x00, 0x00, 0x00, 0x3C, 0x00, 0x00, 0x00, 0x00, 0x01, 0xE0, 0x00, 0x00, 0x00, 0x00, 0x0F, 0x40,
    0x00, 0x00, 0x00, 0x00, 0x3E, 0x00, 0x00, 0x00, 0x00, 0x00, 0xBD, 0x30, 0x00, 0x00, 0x00, 0x00,
    0xBF, 0x40, 0x01, 0xBF, 0xF8, 0x00, 0x02, 0xF4, 0x0F, 0xD0, 0x00, 0xFE, 0x00, 0xFD, 0x00, 0x1F,
    0x00, 0x3F, 0x80, 0x00, 0x00, 0x0B, 0xE0, 0x00, 0x06, 0xFF, 0xF8, 0x00, 0x2F, 0xD0, 0xBE, 0x00,
    0x3F, 0x40, 0x2F, 0x80, 0x3F, 0x80, 0x0B, 0xE0, 0x0F, 0xD0, 0x02, 0xF8, 0x03, 0xF8, 0x00, 0xFE,
    0x00, 0x7F, 0x41, 0xDF, 0xE4, 0x02, 0xFF, 0x82, 0xFF, 0x00, 0x00, 0x00, 0xF0, 0x00, 0x00, 0x00,
    0xF4, 0x00, 0x00, 0x00, 0x3D, 0x00, 0x00, 0x00, 0x0F, 0xC0, 0x00, 0x00, 0x02, 0xFF, 0xC0, 0x00,
    0x00, 0x2F, 0xD0, 0x00, 0x00, 0x00, 0x28, 0x00, 0x00, 0x00, 0x00, 0x1F, 0xF0, 0x00, 0x00, 0x00,
    0x0B, 0xFF, 0x00, 0x00, 0x00, 0x01, 0xFA, 0x40, 0x00, 0x00, 0x00, 0x00, 0x00, 0x00, 0x00, 0x00,
    0x06, 0xFF, 0xE4, 0x1C, 0x00, 0x1F, 0xE4, 0x01, 0xFB, 0xC0, 0x0B, 0xF0, 0x00, 0x02, 0xFC, 0x02,
    0xFC, 0x00, 0x00, 0x0B, 0xC0, 0xBF, 0x40, 0x00, 0x00, 0x3C, 0x0F, 0xF0, 0x00, 0x00, 0x02, 0xC2,
    0xFE, 0x00, 0x00, 0x00, 0x1C, 0x3F, 0xD0, 0x00, 0x00, 0x00, 0x03, 0xFD, 0x00, 0x00, 0x00, 0x00,
    0x3F, 0xD0, 0x00, 0x00, 0x00, 0x03, 0xFD, 0x00, 0x00, 0x00, 0x00, 0x3F, 0xD0, 0x00, 0x00, 0x00,
    0x03, 0xFD, 0x00, 0x00, 0x00, 0x00, 0x2F, 0xE0, 0x00, 0x00, 0x00, 0xC0, 0xFF, 0x00, 0x00, 0x00,
    0x1C, 0x0B, 0xF4, 0x00, 0x00, 0x02, 0xC0, 0x2F, 0xC0, 0x00, 0x00, 0x70, 0x00, 0xBF, 0x00, 0x00,
    0x1D, 0x00, 0x01, 0xFE, 0x40, 0x1F, 0x00, 0x00, 0x00, 0xAF, 0xFE, 0x40, 0x00, 0x00, 0x00, 0xB4,
    0x00, 0x00, 0xFF, 0x00, 0x00, 0xFF, 0x80, 0x00, 0xFE, 0x40, 0x00, 0x24, 0x00, 0x00, 0x00, 0x00,
    0x00, 0x0B, 0xFF, 0x80, 0x2F, 0x80, 0xFC, 0x2F, 0x80, 0x3F, 0x4F, 0xC0, 0x0B, 0xCB, 0xF0, 0x00,
    0x03, 0xFC, 0x00, 0x00, 0xFF, 0x00, 0x00, 0x3F, 0xC0, 0x00, 0x0B, 0xF0, 0x00, 0x00, 0xFD, 0x00,
    0x00, 0x2F, 0xC0, 0x02, 0x82, 0xF8, 0x02, 0xC0, 0x0B, 0xFF, 0x40, 0x00, 0x00, 0x00, 0x00, 0x00,
    0x00, 0x00, 0x00, 0x1D, 0x00, 0x00, 0x00, 0x00, 0x0B, 0xF4, 0x00, 0x00, 0x00, 0x02, 0xF7, 0xE0,
    0x00, 0x00, 0x00, 0xF8, 0x0B, 0xC0, 0x00, 0x00, 0x04, 0x00, 0x04, 0x00, 0x00, 0x00, 0x00, 0x00,
    0x00, 0x00, 0x00, 0x06, 0xFF, 0xE4, 0x1C, 0x00, 0x1F, 0xE4, 0x01, 0xFB, 0xC0, 0x0B, 0xF0, 0x00,
    0x02, 0xFC, 0x02, 0xFC, 0x00, 0x00, 0x0B, 0xC0, 0xBF, 0x40, 0x00, 0x00, 0x3C, 0x0F, 0xF0, 0x00,
    0x00, 0x02, 0xC2, 0xFE, 0x00, 0x00, 0x00, 0x1C, 0x3F, 0xD0, 0x00, 0x00, 0x00, 0x03, 0xFD, 0x00,
    0x00, 0x00, 0x00, 0x3F, 0xD0, 0x00, 0x00, 0x00, 0x03, 0xFD, 0x00, 0x00, 0x00, 0x00, 0x3F, 0xD0,
    0x00, 0x00, 0x00, 0x03, 0xFD, 0x00, 0x00, 0x00, 0x00, 0x2F, 0xE0, 0x00, 0x00, 0x00, 0xC0, 0xFF,
    0x00, 0x00, 0x00, 0x1C, 0x0B, 0xF4, 0x00, 0x00, 0x02, 0xC0, 0x2F, 0xC0, 0x00, 0x00, 0x70, 0x00,
    0xBF, 0x00, 0x00, 0x1D, 0x00, 0x01, 0xFE, 0x40, 0x1F, 0x00, 0x00, 0x00, 0xAF, 0xFE, 0x40, 0x00,
    0x00, 0x00, 0x00, 0x00, 0x01, 0xC0, 0x00, 0x01, 0xFC, 0x00, 0x01, 0xF7, 0xD0, 0x01, 0xF0, 0x3D,
    0x00, 0xE0, 0x02, 0xC0, 0x00, 0x00, 0x00, 0x02, 0xFF, 0xE0, 0x0B, 0xE0, 0x3F, 0x0B, 0xE0, 0x0F,
    0xD3, 0xF0, 0x02, 0xF2, 0xFC, 0x00, 0x00, 0xFF, 0x00, 0x00, 0x3F, 0xC0, 0x00, 0x0F, 0xF0, 0x00,
    0x02, 0xFC, 0x00, 0x00, 0x3F, 0x40, 0x00, 0x0B, 0xF0, 0x00, 0xA0, 0xBE, 0x00, 0xB0, 0x02, 0xFF,
    0xD0, 0x00, 0x00, 0x02, 0xE0, 0x00, 0x00, 0x00, 0x00, 0xBF, 0x80, 0x00, 0x00, 0x00, 0x0B, 0xF8,
    0x00, 0x00, 0x00, 0x00, 0xBF, 0x80, 0x00, 0x00, 0x00, 0x02, 0xE0, 0x00, 0x00, 0x00, 0x00, 0x00,
    0x00, 0x00, 0x00, 0x00, 0x00, 0x00, 0x00, 0x00, 0x00, 0x06, 0xFF, 0xE4, 0x1C, 0x00, 0x1F, 0xE4,
    0x01, 0xFB, 0xC0, 0x0B, 0xF0, 0x00, 0x02, 0xFC, 0x02, 0xFC, 0x00, 0x00, 0x0B, 0xC0, 0xBF, 0x40,
    0x00, 0x00, 0x3C, 0x0F, 0xF0, 0x00, 0x00, 0x02, 0xC2, 0xFE, 0x00, 0x00, 0x00, 0x1C, 0x3F, 0xD0,
    0x00, 0x00, 0x00, 0x03, 0xFD, 0x00, 0x00, 0x00, 0x00, 0x3F, 0xD0, 0x00, 0x00, 0x00, 0x03, 0xFD,
    0x00, 0x00, 0x00, 0x00, 0x3F, 0xD0, 0x00, 0x00, 0x00, 0x03, 0xFD, 0x00, 0x00, 0x00, 0x00, 0x2F,
    0xE0, 0x00, 0x00, 0x00, 0xC0, 0xFF, 0x00, 0x00, 0x00, 0x1C, 0x0B, 0xF4, 0x00, 0x00, 0x02, 0xC0,
    0x2F, 0xC0, 0x00, 0x00, 0x70, 0x00, 0xBF, 0x00, 0x00, 0x1D, 0x00, 0x01, 0xFE, 0x40, 0x1F, 0x00,
    0x00, 0x00, 0xAF, 0xFE, 0x40, 0x00, 0x00, 0x0B, 0x80, 0x00, 0x0B, 0xF4, 0x00, 0x03, 0xFE, 0x00,
    0x00, 0xBF, 0x40, 0x00, 0x0B, 0x80, 0x00, 0x00, 0x00, 0x00, 0x00, 0x00, 0x00, 0x02, 0xFF, 0xE0,
    0x0B, 0xE0, 0x3F, 0x0B, 0xE0, 0x0F, 0xD3, 0xF0, 0x02, 0xF2, 0xFC, 0x00, 0x00, 0xFF, 0x00, 0x00,
    0x3F, 0xC0, 0x00, 0x0F, 0xF0, 0x00, 0x02, 0xFC, 0x00, 0x00, 0x3F, 0x40, 0x00, 0x0B, 0xF0, 0x00,
    0xA0, 0xBE, 0x00, 0xB0, 0x02, 0xFF, 0xD0, 0x00, 0x00, 0xB9, 0x05, 0xB0, 0x00, 0x00, 0x02, 0xFF,
    0xFD, 0x00, 0x00, 0x00, 0x07, 0xFE, 0x00, 0x00, 0x00, 0x00, 0x0B, 0x00, 0x00, 0x00, 0x00, 0x00,
    0x00, 0x00, 0x00, 0x00, 0x00, 0x00, 0x00, 0x00, 0x00, 0x00, 0x6F, 0xFE, 0x41, 0xC0, 0x01, 0xFE,
    0x40, 0x1F, 0xBC, 0x00, 0xBF, 0x00, 0x00, 0x2F, 0xC0, 0x2F, 0xC0, 0x00, 0x00, 0xBC, 0x0B, 0xF4,
    0x00, 0x00, 0x03, 0xC0, 0xFF, 0x00, 0x00, 0x00, 0x2C, 0x2F, 0xE0, 0x00, 0x00, 0x01, 0xC3, 0xFD,
    0x00, 0x00, 0x00, 0x00, 0x3F, 0xD0, 0x00, 0x00, 0x00, 0x03, 0xFD, 0x00, 0x00, 0x00, 0x00, 0x3F,
    0xD0, 0x00, 0x00, 0x00, 0x03, 0xFD, 0x00, 0x00, 0x00, 0x00, 0x3F, 0xD0, 0x00, 0x00, 0x00, 0x02,
    0xFE, 0x00, 0x00, 0x00, 0x0C, 0x0F, 0xF0, 0x00, 0x00, 0x01, 0xC0, 0xBF, 0x40, 0x00, 0x00, 0x2C,
    0x02, 0xFC, 0x00, 0x00, 0x07, 0x00, 0x0B, 0xF0, 0x00, 0x01, 0xD0, 0x00, 0x1F, 0xE4, 0x01, 0xF0,
    0x00, 0x00, 0x0A, 0xFF, 0xE4, 0x00, 0x00, 0x00, 0x00, 0x01, 0xD0, 0x01, 0xC0, 0x1F, 0x07, 0xD0,
    0x01, 0xFF, 0xD0, 0x00, 0x1F, 0xD0, 0x00, 0x01, 0xD0, 0x00, 0x00, 0x00, 0x00, 0x02, 0xFF, 0xE0,
    0x0B, 0xE0, 0x3F, 0x0B, 0xE0, 0x0F, 0xD3, 0xF0, 0x02, 0xF2, 0xFC, 0x00, 0x00, 0xFF, 0x00, 0x00,
    0x3F, 0xC0, 0x00, 0x0F, 0xF0, 0x00, 0x02, 0xFC, 0x00, 0x00, 0x3F, 0x40, 0x00, 0x0B, 0xF0, 0x00,
    0xA0, 0xBE, 0x00, 0xB0, 0x02, 0xFF, 0xD0, 0x00, 0x2E, 0x41, 0xAC, 0x00, 0x00, 0x00, 0x3F, 0xFF,
    0xD0, 0x00, 0x00, 0x00, 0x1F, 0xF4, 0x00, 0x00, 0x00, 0x00, 0x0B, 0x00, 0x00, 0x00, 0x00, 0x00,
    0x00, 0x00, 0x00, 0x00, 0x00, 0x00, 0x00, 0x00, 0x00, 0x0F, 0xFF, 0xFF, 0xFF, 0xE4, 0x00, 0x00,
    0xBF, 0x00, 0x06, 0xFD, 0x00, 0x02, 0xFC, 0x00, 0x00, 0xFE, 0x00, 0x0B, 0xF0, 0x00, 0x00, 0xFD,
    0x00, 0x2F, 0xC0, 0x00, 0x01, 0xFC, 0x00, 0xBF, 0x00, 0x00, 0x03, 0xF8, 0x02, 0xFC, 0x00, 0x00,
    0x0F, 0xF0, 0x0B, 0xF0, 0x00, 0x00, 0x2F, 0xD0, 0x2F, 0xC0, 0x00, 0x00, 0xBF, 0x80, 0xBF, 0x00,
    0x00, 0x02, 0xFE, 0x02, 0xFC, 0x00, 0x00, 0x0B, 0xF8, 0x0B, 0xF0, 0x00, 0x00, 0x2F, 0xE0, 0x2F,
    0xC0, 0x00, 0x00, 0xBF, 0x40, 0xBF, 0x00, 0x00, 0x03, 0xFC, 0x02, 0xFC, 0x00, 0x00, 0x0F, 0xF0,
    0x0B, 0xF0, 0x00, 0x00, 0x7F, 0x40, 0x2F, 0xC0, 0x00, 0x03, 0xF8, 0x00, 0xBF, 0x00, 0x00, 0x3F,
    0x80, 0x02, 0xFC, 0x00, 0x0B, 0xF4, 0x03, 0xFF, 0xFF, 0xFF, 0xF9, 0x00, 0x00, 0x00, 0x00, 0x00,
    0x00, 0x3C, 0x00, 0x00, 0x00, 0x00, 0x3F, 0xC0, 0x00, 0x00, 0x00, 0x0F, 0xF4, 0x00, 0x00, 0xBF,
    0xD3, 0xFE, 0x00, 0x00, 0x03, 0xF4, 0x7F, 0x80, 0x00, 0x00, 0xBD, 0x00, 0x90, 0x00, 0x00, 0x2F,
    0x40, 0x70, 0x00, 0x00, 0x0B, 0xD0, 0x34, 0x00, 0x00, 0x02, 0xF4, 0x38, 0x00, 0x00, 0x00, 0xBD,
    0x00, 0x00, 0x0B, 0xFE, 0x2F, 0x40, 0x00, 0x1F, 0x80, 0x7F, 0xD0, 0x00, 0x1F, 0x80, 0x03, 0xF4,
    0x00, 0x0F, 0xC0, 0x00, 0xFD, 0x00, 0x0B, 0xF0, 0x00, 0x3F, 0x40, 0x03, 0xFC, 0x00, 0x0F, 0xD0,
    0x00, 0xFF, 0x00, 0x03, 0xF4, 0x00, 0x3F, 0xC0, 0x00, 0xFD, 0x00, 0x0B, 0xF0, 0x00, 0x3F, 0x40,
    0x01, 0xFC, 0x00, 0x0F, 0xD0, 0x00, 0x2F, 0x40, 0x03, 0xF4, 0x00, 0x02, 0xF4, 0x07, 0xFE, 0x00,
    0x00, 0x1B, 0xFE, 0x7F, 0xF4, 0x00, 0xFF, 0xFF, 0xFF, 0xFE, 0x40, 0x00, 0x0B, 0xF0, 0x00, 0x6F,
    0xD0, 0x00, 0x2F, 0xC0, 0x00, 0x0F, 0xE0, 0x00, 0xBF, 0x00, 0x00, 0x0F, 0xE0, 0x02, 0xFC, 0x00,
    0x00, 0x1F, 0xD0, 0x0B, 0xF0, 0x00, 0x00, 0x3F, 0xC0, 0x2F, 0xC0, 0x00, 0x00, 0xFF, 0x00, 0xBF,
    0x00, 0x00, 0x02, 0xFD, 0x02, 0xFC, 0x00, 0x00, 0x0B, 0xF8, 0x0B, 0xF0, 0x00, 0x00, 0x2F, 0xEB,
    0xFF, 0xFF, 0xFC, 0x00, 0xBF, 0x80, 0xBF, 0x00, 0x00, 0x02, 0xFE, 0x02, 0xFC, 0x00, 0x00, 0x0B,
    0xF4, 0x0B, 0xF0, 0x00, 0x00, 0x3F, 0xC0, 0x2F, 0xC0, 0x00, 0x00, 0xFF, 0x00, 0xBF, 0x00, 0x00,
    0x07, 0xF4, 0x02, 0xFC, 0x00, 0x00, 0x3F, 0x80, 0x0B, 0xF0, 0x00, 0x03, 0xF8, 0x00, 0x2F, 0xC0,
    0x01, 0xBF, 0x40, 0x3F, 0xFF, 0xFF, 0xFF, 0x90, 0x00, 0x00, 0x00, 0x2F, 0xF4, 0x00, 0x00, 0x00,
    0xFD, 0x00, 0x00, 0x00, 0x2F, 0x40, 0x00, 0x00, 0x0B, 0xD0, 0x00, 0x3F, 0xFF, 0xFF, 0x00, 0x00,
    0x00, 0xBD, 0x00, 0x00, 0x00, 0x2F, 0x40, 0x02, 0xFF, 0x8B, 0xD0, 0x07, 0xE0, 0x1F, 0xF4, 0x07,
    0xE0, 0x00, 0xFD, 0x03, 0xF0, 0x00, 0x3F, 0x42, 0xFC, 0x00, 0x0F, 0xD0, 0xFF, 0x00, 0x03, 0xF4,
    0x3F, 0xC0, 0x00, 0xFD, 0x0F, 0xF0, 0x00, 0x3F, 0x42, 0xFC, 0x00, 0x0F, 0xD0, 0x7F, 0x00, 0x03,
    0xF4, 0x0B, 0xE0, 0x01, 0xFD, 0x00, 0xBE, 0x02, 0xFF, 0x80, 0x02, 0xFF, 0x9F, 0xFD, 0x02, 0xFF,
    0xFF, 0xFF, 0xC0, 0x00, 0x00, 0x00, 0x00, 0x00, 0x00, 0x00, 0x00, 0x00, 0x00, 0x00, 0x00, 0x00,
    0x00, 0x00, 0xFF, 0xFF, 0xFF, 0xFF, 0xF0, 0x02, 0xFD, 0x00, 0x07, 0xF4, 0x02, 0xFD, 0x00, 0x00,
    0xF4, 0x02, 0xFD, 0x00, 0x00, 0x38, 0x02, 0xFD, 0x00, 0x00, 0x38, 0x02, 0xFD, 0x00, 0x00, 0x2C,
    0x02, 0xFD, 0x00, 0xD0, 0x1C, 0x02, 0xFD, 0x00, 0xD0, 0x00, 0x02, 0xFD, 0x02, 0xD0, 0x00, 0x02,
    0xFF, 0xFF, 0xD0, 0x00, 0x02, 0xFD, 0x02, 0xD0, 0x00, 0x02, 0xFD, 0x00, 0xD0, 0x00, 0x02, 0xFD,
    0x00, 0xD0, 0x00, 0x02, 0xFD, 0x00, 0x00, 0x0B, 0x02, 0xFD, 0x00, 0x00, 0x0E, 0x02, 0xFD, 0x00,
    0x00, 0x0D, 0x02, 0xFD, 0x00, 0x00, 0x2D, 0x02, 0xFD, 0x00, 0x00, 0xBC, 0x02, 0xFD, 0x00, 0x06,
    0xFC, 0xFF, 0xFF, 0xFF, 0xFF, 0xF8, 0x0F, 0xFF, 0xFF, 0xF0, 0x00, 0x00, 0x00, 0x00, 0x00, 0x00,
    0x00, 0x00, 0x00, 0x00, 0x00, 0x00, 0x2F, 0xF8, 0x00, 0x0B, 0xD0, 0x7E, 0x00, 0xBD, 0x00, 0x7D,
    0x07, 0xF0, 0x00, 0xFC, 0x2F, 0xC0, 0x02, 0xF0, 0xFE, 0x00, 0x07, 0xD3, 0xFF, 0xFF, 0xFF, 0x4F,
    0xE0, 0x00, 0x00, 0x3F, 0xC0, 0x00, 0x00, 0x7F, 0x00, 0x00, 0xC0, 0xBE, 0x00, 0x0B, 0x00, 0xBE,
    0x01, 0xF0, 0x00, 0x2F, 0xFD, 0x00, 0x00, 0x00, 0x7D, 0x00, 0x00, 0x00, 0x00, 0xFF, 0x00, 0x00,
    0x00, 0x00, 0xFF, 0x40, 0x00, 0x00, 0x00, 0xFF, 0x00, 0x00, 0x00, 0x00, 0x7D, 0x00, 0x00, 0x00,
    0x00, 0x00, 0x00, 0x00, 0x00, 0x00, 0x00, 0x00, 0x00, 0xFF, 0xFF, 0xFF, 0xFF, 0xF0, 0x02, 0xFD,
    0x00, 0x07, 0xF4, 0x02, 0xFD, 0x00, 0x00, 0xF4, 0x02, 0xFD, 0x00, 0x00, 0x38, 0x02, 0xFD, 0x00,
    0x00, 0x38, 0x02, 0xFD, 0x00, 0x00, 0x2C, 0x02, 0xFD, 0x00, 0xD0, 0x1C, 0x02, 0xFD, 0x00, 0xD0,
    0x00, 0x02, 0xFD, 0x02, 0xD0, 0x00, 0x02, 0xFF, 0xFF, 0xD0, 0x00, 0x02, 0xFD, 0x02, 0xD0, 0x00,
    0x02, 0xFD, 0x00, 0xD0, 0x00, 0x02, 0xFD, 0x00, 0xD0, 0x00, 0x02, 0xFD, 0x00, 0x00, 0x0B, 0x02,
    0xFD, 0x00, 0x00, 0x0E, 0x02, 0xFD, 0x00, 0x00, 0x0D, 0x02, 0xFD, 0x00, 0x00, 0x2D, 0x02, 0xFD,
    0x00, 0x00, 0xBC, 0x02, 0xFD, 0x00, 0x06, 0xFC, 0xFF, 0xFF, 0xFF, 0xFF, 0xF8, 0x00, 0x07, 0xD0,
    0x00, 0x00, 0x3F, 0xC0, 0x00, 0x00, 0xFF, 0x40, 0x00, 0x03, 0xFC, 0x00, 0x00, 0x07, 0xD0, 0x00,
    0x00, 0x00, 0x00, 0x00, 0x00, 0x00, 0x00, 0x00, 0x0B, 0xFE, 0x00, 0x02, 0xF4, 0x1F, 0x80, 0x2F,
    0x40, 0x1F, 0x41, 0xFC, 0x00, 0x3F, 0x0B, 0xF0, 0x00, 0xBC, 0x3F, 0x80, 0x01, 0xF4, 0xFF, 0xFF,
    0xFF, 0xD3, 0xF8, 0x00, 0x00, 0x0F, 0xF0, 0x00, 0x00, 0x1F, 0xC0, 0x00, 0x30, 0x2F, 0x80, 0x02,
    0xC0, 0x2F, 0x80, 0x7C, 0x00, 0x0B, 0xFF, 0x40, 0xFF, 0xFF, 0xFF, 0xFF, 0xF0, 0x02, 0xFD, 0x00,
    0x07, 0xF4, 0x02, 0xFD, 0x00, 0x00, 0xF4, 0x02, 0xFD, 0x00, 0x00, 0x38, 0x02, 0xFD, 0x00, 0x00,
    0x38, 0x02, 0xFD, 0x00, 0x00, 0x2C, 0x02, 0xFD, 0x00, 0xD0, 0x1C, 0x02, 0xFD, 0x00, 0xD0, 0x00,
    0x02, 0xFD, 0x02, 0xD0, 0x00, 0x02, 0xFF, 0xFF, 0xD0, 0x00, 0x02, 0xFD, 0x02, 0xD0, 0x00, 0x02,
    0xFD, 0x00, 0xD0, 0x00, 0x02, 0xFD, 0x00, 0xD0, 0x00, 0x02, 0xFD, 0x00, 0x00, 0x0B, 0x02, 0xFD,
    0x00, 0x00, 0x0E, 0x02, 0xFD, 0x00, 0x00, 0x0D, 0x02, 0xFD, 0x00, 0x00, 0x2D, 0x02, 0xFD, 0x00,
    0x00, 0x7C, 0x02, 0xFD, 0x00, 0x06, 0xFC, 0xFF, 0xFF, 0xFF, 0xFF, 0xF8, 0x00, 0x00, 0x00, 0x1E,
    0x00, 0x00, 0x00, 0x00, 0x3C, 0x00, 0x00, 0x00, 0x00, 0x7C, 0x00, 0x00, 0x00, 0x00, 0x7C, 0x00,
    0x00, 0x00, 0x00, 0x3E, 0x28, 0x00, 0x00, 0x00, 0x1F, 0xE0, 0x00, 0x2F, 0xF8, 0x00, 0x0B, 0xD0,
    0x7E, 0x00, 0xBD, 0x00, 0x7D, 0x07, 0xF0, 0x00, 0xFC, 0x3F, 0xC0, 0x02, 0xF0, 0xFE, 0x00, 0x07,
    0xD3, 0xFF, 0xFF, 0xFF, 0x0F, 0xE0, 0x00, 0x00, 0x3F, 0x80, 0x00, 0x00, 0x7F, 0x00, 0x00, 0x80,
    0xFD, 0x00, 0x0B, 0x00, 0xBE, 0x01, 0xF0, 0x00, 0x2F, 0xFE, 0x00, 0x00, 0x03, 0xD0, 0x00, 0x00,
    0x1E, 0x00, 0x00, 0x00, 0xB8, 0x00, 0x00, 0x03, 0xE0, 0x00, 0x00, 0x0B, 0xD3, 0x40, 0x00, 0x07,
    0xF4, 0x00, 0x00, 0xB9, 0x06, 0xE0, 0x00, 0x00, 0x3F, 0xFF, 0xD0, 0x00, 0x00, 0x07, 0xFD, 0x00,
    0x00, 0x00, 0x00, 0xA0, 0x00, 0x00, 0x00, 0x00, 0x00, 0x00, 0x00, 0x00, 0x00, 0x00, 0x00, 0x00,
    0xFF, 0xFF, 0xFF, 0xFF, 0xF0, 0x02, 0xFD, 0x00, 0x07, 0xF4, 0x02, 0xFD, 0x00, 0x00, 0xF4, 0x02,
    0xFD, 0x00, 0x00, 0x38, 0x02, 0xFD, 0x00, 0x00, 0x38, 0x02, 0xFD, 0x00, 0x00, 0x2C, 0x02, 0xFD,
    0x00, 0xD0, 0x1C, 0x02, 0xFD, 0x00, 0xD0, 0x00, 0x02, 0xFD, 0x02, 0xD0, 0x00, 0x02, 0xFF, 0xFF,
    0xD0, 0x00, 0x02, 0xFD, 0x02, 0xD0, 0x00, 0x02, 0xFD, 0x00, 0xD0, 0x00, 0x02, 0xFD, 0x00, 0xD0,
    0x00, 0x02, 0xFD, 0x00, 0x00, 0x0B, 0x02, 0xFD, 0x00, 0x00, 0x0E, 0x02, 0xFD, 0x00, 0x00, 0x0D,
    0x02, 0xFD, 0x00, 0x00, 0x2D, 0x02, 0xFD, 0x00, 0x00, 0xBC, 0x02, 0xFD, 0x00, 0x06, 0xFC, 0xFF,
    0xFF, 0xFF, 0xFF, 0xF8, 0x00, 0x00, 0x00, 0x00, 0x0A, 0x00, 0x0B, 0x00, 0x0F, 0x82, 0xF0, 0x00,
    0x0F, 0xFF, 0x00, 0x00, 0x0F, 0xF0, 0x00, 0x00, 0x0B, 0x00, 0x00, 0x00, 0x00, 0x00, 0x00, 0x0B,
    0xFE, 0x00, 0x02, 0xF4, 0x1F, 0x80, 0x2F, 0x40, 0x1F, 0x41, 0xFC, 0x00, 0x3F, 0x0B, 0xF0, 0x00,
    0xBC, 0x3F, 0x80, 0x01, 0xF4, 0xFF, 0xFF, 0xFF, 0xD3, 0xF8, 0x00, 0x00, 0x0F, 0xF0, 0x00, 0x00,
    0x1F, 0xC0, 0x00, 0x30, 0x2F, 0x80, 0x02, 0xC0, 0x2F, 0x80, 0x7C, 0x00, 0x0B, 0xFF, 0x40, 0x00,
    0x00, 0x00, 0x00, 0x00, 0x00, 0x00, 0x00, 0x01, 0xD0, 0x00, 0x00, 0x00, 0x00, 0x0B, 0xF4, 0x00,
    0x00, 0x00, 0x00, 0x2F, 0x7E, 0x00, 0x00, 0x00, 0x00, 0xF8, 0x0B, 0xC0, 0x00, 0x00, 0x00, 0x40,
    0x00, 0x40, 0x00, 0x00, 0x00, 0x00, 0x00, 0x00, 0x00, 0x00, 0x00, 0x6F, 0xFE, 0x01, 0xC0, 0x00,
    0x1F, 0xE4, 0x01, 0xFB, 0xC0, 0x00, 0xBF, 0x00, 0x00, 0x2F, 0xC0, 0x02, 0xFC, 0x00, 0x00, 0x0B,
    0xC0, 0x07, 0xF4, 0x00, 0x00, 0x03, 0xC0, 0x0F, 0xF0, 0x00, 0x00, 0x02, 0xC0, 0x2F, 0xE0, 0x00,
    0x00, 0x01, 0xC0, 0x3F, 0xD0, 0x00, 0x00, 0x00, 0x00, 0x3F, 0xD0, 0x00, 0x00, 0x00, 0x00, 0x3F,
    0xD0, 0x00, 0x00, 0x00, 0x00, 0x3F, 0xD0, 0x00, 0x00, 0x00, 0x00, 0x3F, 0xD0, 0x00, 0x00, 0x00,
    0x00, 0x3F, 0xD0, 0x00, 0x3F, 0xFF, 0xFE, 0x2F, 0xE0, 0x00, 0x00, 0x3F, 0xC0, 0x0F, 0xF0, 0x00,
    0x00, 0x3F, 0xC0, 0x07, 0xF4, 0x00, 0x00, 0x3F, 0xC0, 0x02, 0xFC, 0x00, 0x00, 0x3F, 0xC0, 0x00,
    0xBF, 0x40, 0x00, 0x7F, 0xC0, 0x00, 0x1F, 0xF4, 0x01, 0xEB, 0xC0, 0x00, 0x00, 0x6F, 0xFE, 0x01,
    0xC0, 0x00, 0x00, 0x00, 0x00, 0x00, 0x01, 0xC0, 0x00, 0x00, 0x01, 0xFC, 0x00, 0x00, 0x01, 0xF7,
    0xC0, 0x00, 0x01, 0xF0, 0x3D, 0x00, 0x00, 0xE0, 0x03, 0x80, 0x00, 0x00, 0x00, 0x00, 0x00, 0x02,
    0xFF, 0xD2, 0xF8, 0x03, 0xF0, 0x7F, 0x5F, 0x03, 0xF0, 0x07, 0xE3, 0xC0, 0xFC, 0x00, 0xFC, 0x00,
    0x7F, 0x00, 0x3F, 0x00, 0x0F, 0xC0, 0x0F, 0xC0, 0x03, 0xF0, 0x07, 0xE0, 0x00, 0x3E, 0x07, 0xF0,
    0x00, 0x1D, 0xFF, 0xD0, 0x00, 0x0F, 0x00, 0x00, 0x00, 0x02, 0xFF, 0xFF, 0x90, 0x00, 0x7F, 0xFF,
    0xFF, 0x40, 0x1F, 0xFF, 0xFF, 0xF0, 0x1F, 0x00, 0x01, 0xBE, 0x0F, 0x80, 0x00, 0x0F, 0x83, 0xE0,
    0x00, 0x03, 0xE0, 0xBC, 0x00, 0x01, 0xF0, 0x0B, 0xD0, 0x02, 0xF4, 0x00, 0x2F, 0xFF, 0x90, 0x00,
    0x00, 0x01, 0x80, 0x00, 0x60, 0x00, 0x00, 0x00, 0xC0, 0x00, 0xD0, 0x00, 0x00, 0x00, 0x74, 0x06,
    0x80, 0x00, 0x00, 0x00, 0x0B, 0xF9, 0x00, 0x00, 0x00, 0x00, 0x00, 0x00, 0x00, 0x00, 0x00, 0x00,
    0x00, 0x00, 0x00, 0x00, 0x00, 0x00, 0x6F, 0xFF, 0xE6, 0xC0, 0x00, 0x1F, 0xF4, 0x00, 0x6F, 0xC0,
    0x00, 0xBF, 0x40, 0x00, 0x07, 0xC0, 0x02, 0xFC, 0x00, 0x00, 0x02, 0xC0, 0x07, 0xF4, 0x00, 0x00,
    0x00, 0x40, 0x0F, 0xF0, 0x00, 0x00, 0x00, 0x00, 0x2F, 0xE0, 0x00, 0x00, 0x00, 0x00, 0x3F, 0xD0,
    0x00, 0x00, 0x00, 0x00, 0x3F, 0xD0, 0x00, 0x00, 0x00, 0x00, 0x3F, 0xD0, 0x00, 0x00, 0x00, 0x00,
    0x3F, 0xD0, 0x00, 0x00, 0x00, 0x00, 0x3F, 0xD0, 0x00, 0x00, 0x00, 0x00, 0x3F, 0xD0, 0x00, 0x3F,
    0xFF, 0xFE, 0x2F, 0xE0, 0x00, 0x00, 0x3F, 0xC0, 0x0F, 0xF0, 0x00, 0x00, 0x3F, 0xC0, 0x07, 0xF4,
    0x00, 0x00, 0x3F, 0xC0, 0x02, 0xFC, 0x00, 0x00, 0x3F, 0xC0, 0x00, 0xBF, 0x40, 0x00, 0x7F, 0xC0,
    0x00, 0x0F, 0xF4, 0x01, 0xFB, 0xC0, 0x00, 0x00, 0x6F, 0xFE, 0x40, 0x00, 0x03, 0x40, 0x00, 0x90,
    0x00, 0x60, 0x00, 0x30, 0x00, 0x0A, 0x40, 0x74, 0x00, 0x00, 0x6F, 0xE0, 0x00, 0x00, 0x00, 0x00,
    0x00, 0x00, 0x2F, 0xF9, 0x2F, 0x80, 0x3F, 0x07, 0xF5, 0xF0, 0x3F, 0x00, 0x7E, 0x3C, 0x0F, 0xC0,
    0x0F, 0xC0, 0x07, 0xF0, 0x03, 0xF0, 0x00, 0xFC, 0x00, 0xFC, 0x00, 0x3F, 0x00, 0x7E, 0x00, 0x03,
    0xE0, 0x7F, 0x00, 0x01, 0xDF, 0xFD, 0x00, 0x00, 0xF0, 0x00, 0x00, 0x00, 0x2F, 0xFF, 0xF9, 0x00,
    0x07, 0xFF, 0xFF, 0xF4, 0x01, 0xFF, 0xFF, 0xFF, 0x01, 0xF0, 0x00, 0x1B, 0xE0, 0xF8, 0x00, 0x00,
    0xF8, 0x3E, 0x00, 0x00, 0x3E, 0x0B, 0xC0, 0x00, 0x1F, 0x00, 0xBD, 0x00, 0x2F, 0x40, 0x02, 0xFF,
    0xF9, 0x00, 0x00, 0x00, 0x02, 0xE0, 0x00, 0x00, 0x00, 0x00, 0x0B, 0xF8, 0x00, 0x00, 0x00, 0x00,
    0x0B, 0xF8, 0x00, 0x00, 0x00, 0x00, 0x0B, 0xF8, 0x00, 0x00, 0x00, 0x00, 0x02, 0xE0, 0x00, 0x00,
    0x00, 0x00, 0x00, 0x00, 0x00, 0x00, 0x00, 0x00, 0x00, 0x00, 0x00, 0x00, 0x00, 0x00, 0x6F, 0xFE,
    0x01, 0xC0, 0x00, 0x1F, 0xE4, 0x01, 0xFB, 0xC0, 0x00, 0xBF, 0x00, 0x00, 0x2F, 0xC0, 0x02, 0xFC,
    0x00, 0x00, 0x0B, 0xC0, 0x07, 0xF4, 0x00, 0x00, 0x03, 0xC0, 0x0F, 0xF0, 0x00, 0x00, 0x02, 0xC0,
    0x2F, 0xE0, 0x00, 0x00, 0x01, 0xC0, 0x3F, 0xD0, 0x00, 0x00, 0x00, 0x00, 0x3F, 0xD0, 0x00, 0x00,
    0x00, 0x00, 0x3F, 0xD0, 0x00, 0x00, 0x00, 0x00, 0x3F, 0xD0, 0x00, 0x00, 0x00, 0x00, 0x3F, 0xD0,
    0x00, 0x00, 0x00, 0x00, 0x3F, 0xD0, 0x00, 0x3F, 0xFF, 0xFE, 0x2F, 0xE0, 0x00, 0x00, 0x3F, 0xC0,
    0x0F, 0xF0, 0x00, 0x00, 0x3F, 0xC0, 0x07, 0xF4, 0x00, 0x00, 0x3F, 0xC0, 0x02, 0xFC, 0x00, 0x00,
    0x3F, 0xC0, 0x00, 0xBF, 0x40, 0x00, 0x7F, 0xC0, 0x00, 0x1F, 0xF4, 0x01, 0xEF, 0xC0, 0x00, 0x00,
    0x6F, 0xFE, 0x41, 0xC0, 0x00, 0x0B, 0x80, 0x00, 0x00, 0x0B, 0xF4, 0x00, 0x00, 0x03, 0xFE, 0x00,
    0x00, 0x00, 0xBF, 0x40, 0x00, 0x00, 0x0F, 0x80, 0x00, 0x00, 0x00, 0x00, 0x00, 0x00, 0x00, 0x00,
    0x00, 0x00, 0x02, 0xFF, 0x92, 0xF8, 0x03, 0xF0, 0x7F, 0x5F, 0x03, 0xF0, 0x07, 0xE3, 0xC0, 0xFC,
    0x00, 0xFC, 0x00, 0x7F, 0x00, 0x3F, 0x00, 0x0F, 0xC0, 0x0F, 0xC0, 0x03, 0xF0, 0x07, 0xE0, 0x00,
    0x3E, 0x07, 0xF0, 0x00, 0x1D, 0xFF, 0xD0, 0x00, 0x0F, 0x00, 0x00, 0x00, 0x02, 0xFF, 0xFF, 0x90,
    0x00, 0x7F, 0xFF, 0xFF, 0x40, 0x1F, 0xFF, 0xFF, 0xF0, 0x1F, 0x00, 0x01, 0xBE, 0x0F, 0x80, 0x00,
    0x0F, 0x83, 0xE0, 0x00, 0x03, 0xE0, 0xBC, 0x00, 0x01, 0xF0, 0x0B, 0xD0, 0x02, 0xF4, 0x00, 0x2F,
    0xFF, 0x90, 0x00, 0x00, 0x00, 0x00, 0x00, 0x00, 0x00, 0x00, 0x00, 0x02, 0x80, 0x00, 0x00, 0x00,
    0x00, 0x0F, 0xF0, 0x00, 0x00, 0x00, 0x00, 0x7E, 0xBD, 0x00, 0x00, 0x00, 0x01, 0xF4, 0x0F, 0x40,
    0x00, 0x00, 0x00, 0x40, 0x01, 0x00, 0x00, 0x00, 0x00, 0x00, 0x00, 0x00, 0x00, 0xFF, 0xFF, 0xF8,
    0x1F, 0xFF, 0xFF, 0x02, 0xFD, 0x00, 0x00, 0x7F, 0xC0, 0x02, 0xFD, 0x00, 0x00, 0x7F, 0xC0, 0x02,
    0xFD, 0x00, 0x00, 0x7F, 0xC0, 0x02, 0xFD, 0x00, 0x00, 0x7F, 0xC0, 0x02, 0xFD, 0x00, 0x00, 0x7F,
    0xC0, 0x02, 0xFD, 0x00, 0x00, 0x7F, 0xC0, 0x02, 0xFD, 0x00, 0x00, 0x7F, 0xC0, 0x02, 0xFD, 0x00,
    0x00, 0x7F, 0xC0, 0x02, 0xFF, 0xFF, 0xFF, 0xFF, 0xC0, 0x02, 0xFD, 0x00, 0x00, 0x7F, 0xC0, 0x02,
    0xFD, 0x00, 0x00, 0x7F, 0xC0, 0x02, 0xFD, 0x00, 0x00, 0x7F, 0xC0, 0x02, 0xFD, 0x00, 0x00, 0x7F,
    0xC0, 0x02, 0xFD, 0x00, 0x00, 0x7F, 0xC0, 0x02, 0xFD, 0x00, 0x00, 0x7F, 0xC0, 0x02, 0xFD, 0x00,
    0x00, 0x7F, 0xC0, 0x02, 0xFD, 0x00, 0x00, 0x7F, 0xC0, 0x02, 0xFD, 0x00, 0x00, 0x7F, 0xC0, 0xFF,
    0xFF, 0xF8, 0x1F, 0xFF, 0xFF, 0x00, 0x00, 0x00, 0x00, 0x00, 0x00, 0x34, 0x00, 0x00, 0x00, 0x3F,
    0x40, 0x00, 0x00, 0x7D, 0xF4, 0x00, 0x00, 0x7C, 0x0F, 0x40, 0x00, 0x38, 0x00, 0xB0, 0x00, 0x00,
    0x00, 0x00, 0x02, 0xFF, 0x40, 0x00, 0x00, 0x0F, 0xD0, 0x00, 0x00, 0x02, 0xF4, 0x00, 0x00, 0x00,
    0xBD, 0x00, 0x00, 0x00, 0x2F, 0x40, 0x00, 0x00, 0x0B, 0xD0, 0x00, 0x00, 0x02, 0xF4, 0x00, 0x00,
    0x00, 0xBD, 0x1B, 0xF8, 0x00, 0x2F, 0x5D, 0x0F, 0xC0, 0x0B, 0xE8, 0x02, 0xF8, 0x02, 0xFC, 0x00,
    0xBF, 0x00, 0xBE, 0x00, 0x1F, 0xC0, 0x2F, 0x80, 0x07, 0xF0, 0x0B, 0xE0, 0x01, 0xFC, 0x02, 0xF8,
    0x00, 0x7F, 0x00, 0xBE, 0x00, 0x1F, 0xC0, 0x2F, 0x80, 0x07, 0xF0, 0x0B, 0xE0, 0x01, 0xFC, 0x02,
    0xF8, 0x00, 0x7F, 0x0B, 0xFF, 0xE1, 0xFF, 0xFC, 0x0F, 0xFD, 0x00, 0x00, 0x00, 0x03, 0xF4, 0x00,
    0x00, 0x00, 0x0F, 0xD0, 0x00, 0x00, 0x00, 0x3F, 0x40, 0x00, 0x00, 0x7F, 0xFF, 0xFF, 0x00, 0x00,
    0x03, 0xF4, 0x00, 0x00, 0x00, 0x0F, 0xD0, 0x00, 0x00, 0x00, 0x3F, 0x46, 0xFE, 0x00, 0x00, 0xFD,
    0xB4, 0x3F, 0x00, 0x03, 0xFA, 0x00, 0xBD, 0x00, 0x0F, 0xF0, 0x02, 0xF8, 0x00, 0x3F, 0x80, 0x0B,
    0xF0, 0x00, 0xFE, 0x00, 0x2F, 0xC0, 0x03, 0xF8, 0x00, 0xBF, 0x00, 0x0F, 0xE0, 0x02, 0xFC, 0x00,
    0x3F, 0x80, 0x0B, 0xF0, 0x00, 0xFE, 0x00, 0x2F, 0xC0, 0x03, 0xF8, 0x00, 0xBF, 0x00, 0x0F, 0xE0,
    0x02, 0xFC, 0x03, 0xFF, 0xF8, 0xBF, 0xFF, 0x00, 0x00, 0x00, 0x00, 0x00, 0xBF, 0xFF, 0xFF, 0x40,
    0x00, 0x00, 0x00, 0x00, 0x00, 0x00, 0xFF, 0xFF, 0xF8, 0x00, 0xBF, 0x40, 0x00, 0x2F, 0xD0, 0x00,
    0x0B, 0xF4, 0x00, 0x02, 0xFD, 0x00, 0x00, 0xBF, 0x40, 0x00, 0x2F, 0xD0, 0x00, 0x0B, 0xF4, 0x00,
    0x02, 0xFD, 0x00, 0x00, 0xBF, 0x40, 0x00, 0x2F, 0xD0, 0x00, 0x0B, 0xF4, 0x00, 0x02, 0xFD, 0x00,
    0x00, 0xBF, 0x40, 0x00, 0x2F, 0xD0, 0x00, 0x0B, 0xF4, 0x00, 0x02, 0xFD, 0x00, 0x00, 0xBF, 0x40,
    0x00, 0x2F, 0xD0, 0x03, 0xFF, 0xFF, 0xE0, 0x3F, 0xFF, 0xFF, 0xC0, 0x00, 0x00, 0x00, 0x00, 0x00,
    0x00, 0x00, 0x00, 0x00, 0x02, 0xFF, 0x80, 0x00, 0x0F, 0xE0, 0x00, 0x02, 0xF8, 0x00, 0x00, 0xBE,
    0x00, 0x00, 0x2F, 0x80, 0x00, 0x0B, 0xE0, 0x00, 0x02, 0xF8, 0x00, 0x00, 0xBE, 0x00, 0x00, 0x2F,
    0x80, 0x00, 0x0B, 0xE0, 0x00, 0x02, 0xF8, 0x00, 0x00, 0xBE, 0x00, 0x02, 0xFF, 0xF4, 0x00, 0x00,
    0x3E, 0x00, 0x00, 0xBF, 0x40, 0x00, 0xFF, 0x80, 0x00, 0xBF, 0x40, 0x00, 0x3E, 0x00, 0x00, 0x00,
    0x00, 0x00, 0x00, 0x00, 0x00, 0x00, 0x00, 0x3F, 0xFF, 0xFE, 0x00, 0xBF, 0x40, 0x00, 0xBF, 0x40,
    0x00, 0xBF, 0x40, 0x00, 0xBF, 0x40, 0x00, 0xBF, 0x40, 0x00, 0xBF, 0x40, 0x00, 0xBF, 0x40, 0x00,
    0xBF, 0x40, 0x00, 0xBF, 0x40, 0x00, 0xBF, 0x40, 0x00, 0xBF, 0x40, 0x00, 0xBF, 0x40, 0x00, 0xBF,
    0x40, 0x00, 0xBF, 0x40, 0x00, 0xBF, 0x40, 0x00, 0xBF, 0x40, 0x00, 0xBF, 0x40, 0x00, 0xBF, 0x40,
    0x3F, 0xFF, 0xFE, 0xBF, 0xE0, 0x0F, 0xE0, 0x0B, 0xE0, 0x0B, 0xE0, 0x0B, 0xE0, 0x0B, 0xE0, 0x0B,
    0xE0, 0x0B, 0xE0, 0x0B, 0xE0, 0x0B, 0xE0, 0x0B, 0xE0, 0x0B, 0xE0, 0xBF, 0xFD, 0x00, 0x00, 0x00,
    0x00, 0x00, 0x00, 0x0A, 0x00, 0x00, 0x00, 0x3F, 0xC0, 0x00, 0x01, 0xFA, 0xF4, 0x00, 0x07, 0xC0,
    0x7D, 0x00, 0x01, 0x00, 0x04, 0x00, 0x00, 0x00, 0x00, 0x00, 0x3F, 0xFF, 0xFD, 0x00, 0x00, 0x3F,
    0xC0, 0x00, 0x00, 0x3F, 0xC0, 0x00, 0x00, 0x3F, 0xC0, 0x00, 0x00, 0x3F, 0xC0, 0x00, 0x00, 0x3F,
    0xC0, 0x00, 0x00, 0x3F, 0xC0, 0x00, 0x00, 0x3F, 0xC0, 0x00, 0x00, 0x3F, 0xC0, 0x00, 0x00, 0x3F,
    0xC0, 0x00, 0x00, 0x3F, 0xC0, 0x00, 0x00, 0x3F, 0xC0, 0x00, 0x00, 0x3F, 0xC0, 0x00, 0x00, 0x3F,
    0xC0, 0x00, 0x00, 0x3F, 0xC0, 0x2F, 0x40, 0x3F, 0xC0, 0x3F, 0xC0, 0x3F, 0x80, 0x3F, 0xC0, 0x7F,
    0x40, 0x2F, 0x41, 0xFD, 0x00, 0x06, 0xFF, 0xE0, 0x00, 0x00, 0x00, 0x00, 0x00, 0x00, 0x70, 0x00,
    0x00, 0xBF, 0x00, 0x00, 0xBE, 0xF0, 0x00, 0xB8, 0x1F, 0x00, 0x34, 0x00, 0xD0, 0x00, 0x00, 0x00,
    0x02, 0xFF, 0xC0, 0x00, 0x0B, 0xF0, 0x00, 0x01, 0xFC, 0x00, 0x00, 0x7F, 0x00, 0x00, 0x1F, 0xC0,
    0x00, 0x07, 0xF0, 0x00, 0x01, 0xFC, 0x00, 0x00, 0x7F, 0x00, 0x00, 0x1F, 0xC0, 0x00, 0x07, 0xF0,
    0x00, 0x01, 0xFC, 0x00, 0x00, 0x7F, 0x00, 0x00, 0x1F, 0xC0, 0x00, 0x07, 0xF0, 0x00, 0x01, 0xF8,
    0x03, 0xD0, 0xBE, 0x02, 0xFC, 0x3F, 0x00, 0x7E, 0x1F, 0x40, 0x06, 0xFE, 0x00, 0x00, 0x00, 0x1E,
    0x00, 0x00, 0x00, 0x0B, 0xF0, 0x00, 0x00, 0x02, 0xFF, 0x00, 0x00, 0x00, 0xBF, 0xD0, 0x00, 0x00,
    0x0E, 0x40, 0x00, 0x00, 0x00, 0x00, 0x00, 0x00, 0x00, 0xFF, 0xFF, 0xFD, 0x00, 0x00, 0x2F, 0xD0,
    0x00, 0x00, 0x02, 0xFD, 0x00, 0x00, 0x00, 0x2F, 0xD0, 0x00, 0x00, 0x02, 0xFD, 0x00, 0x00, 0x00,
    0x2F, 0xD0, 0x00, 0x00, 0x02, 0xFD, 0x00, 0x00, 0x00, 0x2F, 0xD0, 0x00, 0x00, 0x02, 0xFD, 0x00,
    0x00, 0x00, 0x2F, 0xD0, 0x00, 0x00, 0x02, 0xFD, 0x00, 0x00, 0x00, 0x2F, 0xD0, 0x00, 0x00, 0x02,
    0xFD, 0x00, 0x00, 0x00, 0x2F, 0xD0, 0x00, 0x0E, 0x02, 0xFD, 0x00, 0x00, 0xD0, 0x2F, 0xD0, 0x00,
    0x0D, 0x02, 0xFD, 0x00, 0x02, 0xC0, 0x2F, 0xD0, 0x00, 0xBC, 0x02, 0xFD, 0x00, 0x6F, 0xCF, 0xFF,
    0xFF, 0xFF, 0xFC, 0x00, 0x0A, 0x00, 0x1F, 0xF0, 0x2F, 0xFC, 0x1F, 0xA4, 0x00, 0x00, 0x2F, 0xF8,
    0x00, 0xFE, 0x00, 0x2F, 0x80, 0x0B, 0xE0, 0x02, 0xF8, 0x00, 0xBE, 0x00, 0x2F, 0x80, 0x0B, 0xE0,
    0x02, 0xF8, 0x00, 0xBE, 0x00, 0x2F, 0x80, 0x0B, 0xE0, 0x02, 0xF8, 0x00, 0xBE, 0x00, 0x2F, 0x80,
    0x0B, 0xE0, 0x02, 0xF8, 0x00, 0xBE, 0x00, 0x2F, 0x80, 0xBF, 0xFD, 0x00, 0x00, 0x00, 0x02, 0xE0,
    0x00, 0x00, 0x00, 0xBF, 0x80, 0x00, 0x00, 0x0F, 0xFC, 0x00, 0x00, 0x00, 0xBF, 0xC0, 0x00, 0x00,
    0x07, 0xFC, 0x0F, 0xFF, 0xFF, 0xD0, 0xC0, 0x02, 0xFD, 0x00, 0x34, 0x00, 0x2F, 0xD0, 0x0A, 0x00,
    0x02, 0xFD, 0x02, 0x80, 0x00, 0x2F, 0xD0, 0x00, 0x00, 0x02, 0xFD, 0x00, 0x00, 0x00, 0x2F, 0xD0,
    0x00, 0x00, 0x02, 0xFD, 0x00, 0x00, 0x00, 0x2F, 0xD0, 0x00, 0x00, 0x02, 0xFD, 0x00, 0x00, 0x00,
    0x2F, 0xD0, 0x00, 0x00, 0x02, 0xFD, 0x00, 0x00, 0x00, 0x2F, 0xD0, 0x00, 0x00, 0x02, 0xFD, 0x00,
    0x00, 0xE0, 0x2F, 0xD0, 0x00, 0x0D, 0x02, 0xFD, 0x00, 0x01, 0xD0, 0x2F, 0xD0, 0x00, 0x3C, 0x02,
    0xFD, 0x00, 0x07, 0xC0, 0x2F, 0xD0, 0x06, 0xFC, 0xFF, 0xFF, 0xFF, 0xFF, 0xC0, 0x00, 0x00, 0xF0,
    0x00, 0x03, 0xFC, 0x00, 0x03, 0xFD, 0xBF, 0xE3, 0xFE, 0x0F, 0xE1, 0xFE, 0x0B, 0xE0, 0x0A, 0x0B,
    0xE0, 0x1C, 0x0B, 0xE0, 0x74, 0x0B, 0xE0, 0xD0, 0x0B, 0xE0, 0x00, 0x0B, 0xE0, 0x00, 0x0B, 0xE0,
    0x00, 0x0B, 0xE0, 0x00, 0x0B, 0xE0, 0x00, 0x0B, 0xE0, 0x00, 0x0B, 0xE0, 0x00, 0x0B, 0xE0, 0x00,
    0x0B, 0xE0, 0x00, 0x0B, 0xE0, 0x00, 0x0B, 0xE0, 0x00, 0x0B, 0xE0, 0x00, 0x0B, 0xE0, 0x00, 0xBF,
    0xFD, 0x00, 0x00, 0x00, 0x00, 0x00, 0x0F, 0xFF, 0xFF, 0xD0, 0x00, 0x02, 0xFD, 0x00, 0x00, 0x00,
    0x2F, 0xD0, 0x00, 0x00, 0x02, 0xFD, 0x00, 0x00, 0x00, 0x2F, 0xD0, 0x78, 0x00, 0x02, 0xFD, 0x2E,
    0x00, 0x00, 0x2F, 0xDF, 0x40, 0x00, 0x02, 0xFF, 0xD0, 0x00, 0x00, 0x2F, 0xF0, 0x00, 0x00, 0x02,
    0xFD, 0x00, 0x00, 0x00, 0x3F, 0xD0, 0x00, 0x00, 0x1F, 0xFD, 0x00, 0x00, 0x07, 0xBF, 0xD0, 0x00,
    0x00, 0x12, 0xFD, 0x00, 0x00, 0xE0, 0x2F, 0xD0, 0x00, 0x0D, 0x02, 0xFD, 0x00, 0x01, 0xD0, 0x2F,
    0xD0, 0x00, 0x3C, 0x02, 0xFD, 0x00, 0x07, 0xC0, 0x2F, 0xD0, 0x06, 0xFC, 0xFF, 0xFF, 0xFF, 0xFF,
    0xC0, 0x2F, 0xF4, 0x00, 0x3F, 0x40, 0x02, 0xF4, 0x00, 0x2F, 0x40, 0x02, 0xF4, 0x00, 0x2F, 0x40,
    0x02, 0xF5, 0x80, 0x2F, 0xF8, 0x02, 0xFD, 0x00, 0x2F, 0x40, 0x0B, 0xF4, 0x02, 0xFF, 0x40, 0x26,
    0xF4, 0x00, 0x2F, 0x40, 0x02, 0xF4, 0x00, 0x2F, 0x40, 0x02, 0xF4, 0x00, 0x2F, 0x40, 0x02, 0xF4,
    0x02, 0xFF, 0xF4, 0x00, 0x00, 0x00, 0x00, 0x00, 0x00, 0x28, 0x00, 0x00, 0x00, 0x00, 0x02, 0xFD,
    0x00, 0x00, 0x00, 0x00, 0x1F, 0xFE, 0x00, 0x00, 0x00, 0x00, 0x2F, 0xA4, 0x00, 0x00, 0x00, 0x00,
    0x00, 0x00, 0x00, 0x00, 0xFF, 0xFF, 0x00, 0x00, 0xFF, 0xFF, 0x02, 0xFF, 0x80, 0x00, 0x03, 0xC0,
    0x02, 0xFF, 0xD0, 0x00, 0x02, 0xC0, 0x02, 0xCF, 0xF4, 0x00, 0x02, 0xC0, 0x02, 0xC7, 0xFC, 0x00,
    0x02, 0xC0, 0x02, 0xC1, 0xFF, 0x00, 0x02, 0xC0, 0x02, 0xC0, 0xBF, 0xC0, 0x02, 0xC0, 0x02, 0xC0,
    0x3F, 0xE0, 0x02, 0xC0, 0x02, 0xC0, 0x0F, 0xF8, 0x02, 0xC0, 0x02, 0xC0, 0x03, 0xFD, 0x02, 0xC0,
    0x02, 0xC0, 0x01, 0xFF, 0x02, 0xC0, 0x02, 0xC0, 0x00, 0x7F, 0xC2, 0xC0, 0x02, 0xC0, 0x00, 0x2F,
    0xF2, 0xC0, 0x02, 0xC0, 0x00, 0x0F, 0xFA, 0xC0, 0x02, 0xC0, 0x00, 0x03, 0xFF, 0xC0, 0x02, 0xC0,
    0x00, 0x00, 0xFF, 0xC0, 0x02, 0xC0, 0x00, 0x00, 0x7F, 0xC0, 0x02, 0xC0, 0x00, 0x00, 0x2F, 0xC0,
    0x03, 0xC0, 0x00, 0x00, 0x0B, 0xC0, 0xFF, 0xFF, 0x00, 0x00, 0x03, 0xC0, 0x00, 0x00, 0x0F, 0x00,
    0x00, 0x00, 0x1F, 0xE0, 0x00, 0x00, 0x1F, 0xF4, 0x00, 0x00, 0x1F, 0xE0, 0x00, 0x00, 0x02, 0x40,
    0x00, 0x00, 0x00, 0x00, 0x00, 0x0B, 0xFD, 0x1B, 0xF8, 0x00, 0x3F, 0x6D, 0x0F, 0xC0, 0x0B, 0xF8,
    0x02, 0xF8, 0x02, 0xFC, 0x00, 0xBF, 0x00, 0xBE, 0x00, 0x1F, 0xC0, 0x2F, 0x80, 0x07, 0xF0, 0x0B,
    0xE0, 0x01, 0xFC, 0x02, 0xF8, 0x00, 0x7F, 0x00, 0xBE, 0x00, 0x1F, 0xC0, 0x2F, 0x80, 0x07, 0xF0,
    0x0B, 0xE0, 0x01, 0xFC, 0x02, 0xF8, 0x00, 0x7F, 0x0B, 0xFF, 0xE1, 0xFF, 0xFC, 0x00, 0x02, 0xE4,
    0x1A, 0x80, 0x00, 0x00, 0x00, 0xFF, 0xFF, 0x40, 0x00, 0x00, 0x00, 0x1F, 0xF4, 0x00, 0x00, 0x00,
    0x00, 0x02, 0x80, 0x00, 0x00, 0x00, 0x00, 0x00, 0x00, 0x00, 0x00, 0x00, 0x00, 0x00, 0x00, 0x00,
    0x00, 0xFF, 0xFF, 0x00, 0x00, 0xFF, 0xFF, 0x02, 0xFF, 0x80, 0x00, 0x03, 0xC0, 0x02, 0xFF, 0xD0,
    0x00, 0x02, 0xC0, 0x02, 0xCF, 0xF4, 0x00, 0x02, 0xC0, 0x02, 0xC7, 0xFC, 0x00, 0x02, 0xC0, 0x02,
    0xC1, 0xFF, 0x00, 0x02, 0xC0, 0x02, 0xC0, 0xBF, 0xC0, 0x02, 0xC0, 0x02, 0xC0, 0x3F, 0xE0, 0x02,
    0xC0, 0x02, 0xC0, 0x0F, 0xF8, 0x02, 0xC0, 0x02, 0xC0, 0x03, 0xFD, 0x02, 0xC0, 0x02, 0xC0, 0x01,
    0xFF, 0x02, 0xC0, 0x02, 0xC0, 0x00, 0x7F, 0xC2, 0xC0, 0x02, 0xC0, 0x00, 0x2F, 0xF2, 0xC0, 0x02,
    0xC0, 0x00, 0x0F, 0xFA, 0xC0, 0x02, 0xC0, 0x00, 0x03, 0xFF, 0xC0, 0x02, 0xC0, 0x00, 0x00, 0xFF,
    0xC0, 0x02, 0xC0, 0x00, 0x00, 0x7F, 0xC0, 0x02, 0xC0, 0x00, 0x00, 0x2F, 0xC0, 0x03, 0xC0, 0x00,
    0x00, 0x0B, 0xC0, 0xFF, 0xFF, 0x00, 0x00, 0x03, 0x80, 0x00, 0x00, 0x00, 0x00, 0x00, 0xE0, 0x01,
    0xD0, 0x00, 0x1F, 0x43, 0xE0, 0x00, 0x01, 0xFF, 0xE0, 0x00, 0x00, 0x1F, 0xE0, 0x00, 0x00, 0x01,
    0xE0, 0x00, 0x00, 0x00, 0x00, 0x00, 0x02, 0xFF, 0x46, 0xFE, 0x00, 0x0F, 0xDB, 0x43, 0xF0, 0x02,
    0xFE, 0x00, 0xBE, 0x00, 0xBF, 0x00, 0x2F, 0xC0, 0x2F, 0x80, 0x07, 0xF0, 0x0B, 0xE0, 0x01, 0xFC,
    0x02, 0xF8, 0x00, 0x7F, 0x00, 0xBE, 0x00, 0x1F, 0xC0, 0x2F, 0x80, 0x07, 0xF0, 0x0B, 0xE0, 0x01,
    0xFC, 0x02, 0xF8, 0x00, 0x7F, 0x00, 0xBE, 0x00, 0x1F, 0xC2, 0xFF, 0xF8, 0x7F, 0xFF, 0x00, 0x00,
    0x07, 0xC0, 0xB8, 0x00, 0x00, 0x00, 0xBF, 0x9F, 0xF0, 0x00, 0x00, 0x1F, 0xFF, 0xFF, 0xC0, 0x00,
    0x00, 0xBE, 0x9F, 0xA4, 0x00, 0x00, 0x00, 0x00, 0x00, 0x00, 0x00, 0x00, 0x06, 0xFF, 0xE4, 0x00,
    0x00, 0x01, 0xFD, 0x01, 0xFE, 0x00, 0x00, 0x3F, 0x80, 0x00, 0xBF, 0x00, 0x03, 0xF8, 0x00, 0x00,
    0xBF, 0x00, 0x2F, 0xC0, 0x00, 0x00, 0xFE, 0x00, 0xFF, 0x00, 0x00, 0x03, 0xFC, 0x0B, 0xF8, 0x00,
    0x00, 0x0B, 0xF8, 0x3F, 0xD0, 0x00, 0x00, 0x1F, 0xF0, 0xFF, 0x40, 0x00, 0x00, 0x7F, 0xC3, 0xFD,
    0x00, 0x00, 0x01, 0xFF, 0x0F, 0xF4, 0x00, 0x00, 0x07, 0xFC, 0x3F, 0xD0, 0x00, 0x00, 0x1F, 0xF0,
    0xFF, 0x40, 0x00, 0x00, 0x7F, 0xC2, 0xFE, 0x00, 0x00, 0x02, 0xFE, 0x03, 0xFC, 0x00, 0x00, 0x0F,
    0xF0, 0x0B, 0xF0, 0x00, 0x00, 0x3F, 0x80, 0x0F, 0xF0, 0x00, 0x03, 0xFC, 0x00, 0x0F, 0xE0, 0x00,
    0x2F, 0xC0, 0x00, 0x0B, 0xF4, 0x07, 0xF8, 0x00, 0x00, 0x01, 0xBF, 0xF9, 0x00, 0x00, 0x00, 0x01,
    0xF0, 0x2D, 0x00, 0x01, 0xFE, 0x3F, 0xC0, 0x02, 0xFF, 0x7F, 0xF0, 0x01, 0xFE, 0x7F, 0xD0, 0x00,
    0x64, 0x09, 0x00, 0x00, 0x00, 0x00, 0x00, 0x00, 0x02, 0xFF, 0x90, 0x00, 0x0B, 0xD0, 0x2F, 0x40,
    0x0B, 0xD0, 0x02, 0xF4, 0x07, 0xF0, 0x00, 0x3F, 0x02, 0xF8, 0x00, 0x0F, 0xD0, 0xFE, 0x00, 0x03,
    0xF8, 0x3F, 0x80, 0x00, 0xFE, 0x0F, 0xE0, 0x00, 0x3F, 0x83, 0xF8, 0x00, 0x0F, 0xD0, 0x7F, 0x00,
    0x03, 0xF0, 0x0F, 0xD0, 0x02, 0xF4, 0x00, 0xBD, 0x02, 0xF4, 0x00, 0x06, 0xFF, 0xE0, 0x00, 0x00,
    0x01, 0xBF, 0xFF, 0xFF, 0xFF, 0xFF, 0xC0, 0x00, 0xBF, 0x40, 0x7F, 0xF0, 0x00, 0x7F, 0x40, 0x1F,
    0xD0, 0x00, 0x7F, 0xC0, 0x00, 0x3D, 0x01, 0xFD, 0x00, 0x00, 0xFF, 0x00, 0x00, 0x38, 0x0F, 0xF0,
    0x00, 0x03, 0xFC, 0x00, 0x00, 0xE0, 0xBF, 0x40, 0x00, 0x0F, 0xF0, 0x00, 0x02, 0xC3, 0xFC, 0x00,
    0x00, 0x3F, 0xC0, 0x03, 0x47, 0x1F, 0xF0, 0x00, 0x00, 0xFF, 0x00, 0x1D, 0x00, 0x7F, 0xC0, 0x00,
    0x03, 0xFC, 0x01, 0xF4, 0x02, 0xFE, 0x00, 0x00, 0x0F, 0xFF, 0xFF, 0xD0, 0x0B, 0xFC, 0x00, 0x00,
    0x3F, 0xC0, 0x1F, 0x40, 0x1F, 0xF0, 0x00, 0x00, 0xFF, 0x00, 0x1D, 0x00, 0x7F, 0xC0, 0x00, 0x03,
    0xFC, 0x00, 0x34, 0x00, 0xFF, 0x00, 0x00, 0x0F, 0xF0, 0x00, 0x00, 0xB2, 0xFE, 0x00, 0x00, 0x3F,
    0xC0, 0x00, 0x03, 0x83, 0xFC, 0x00, 0x00, 0xFF, 0x00, 0x00, 0x0E, 0x03, 0xF8, 0x00, 0x03, 0xFC,
    0x00, 0x00, 0x74, 0x07, 0xF8, 0x00, 0x1F, 0xF0, 0x00, 0x07, 0xC0, 0x02, 0xFD, 0x01, 0xFF, 0xC0,
    0x01, 0xBF, 0x00, 0x00, 0x6F, 0xFF, 0xFF, 0xFF, 0xFF, 0xF8, 0x00, 0x2F, 0xF9, 0x00, 0xBF, 0xE0,
    0x00, 0xBD, 0x02, 0xF1, 0xF4, 0x1F, 0x40, 0xBC, 0x00, 0x2F, 0xF4, 0x01, 0xF0, 0x7E, 0x00, 0x03,
    0xFC, 0x00, 0x3E, 0x3F, 0x40, 0x00, 0xFE, 0x00, 0x0F, 0xCF, 0xD0, 0x00, 0x3F, 0x80, 0x03, 0xF3,
    0xF4, 0x00, 0x0F, 0xFF, 0xFF, 0xFC, 0xFD, 0x00, 0x03, 0xF8, 0x00, 0x00, 0x3F, 0x40, 0x00, 0xFE,
    0x00, 0x00, 0x07, 0xE0, 0x00, 0x3F, 0xC0, 0x00, 0x70, 0xFC, 0x00, 0x2F, 0xF8, 0x00, 0x38, 0x0B,
    0xD0, 0x2F, 0x5F, 0x90, 0x78, 0x00, 0x6F, 0xF9, 0x00, 0x7F, 0xE4, 0x00, 0x00, 0x00, 0x00, 0x00,
    0x00, 0x00, 0x00, 0x00, 0x00, 0x64, 0x00, 0x00, 0x00, 0x00, 0x02, 0xFC, 0x00, 0x00, 0x00, 0x00,
    0x1F, 0xFD, 0x00, 0x00, 0x00, 0x00, 0x3E, 0xA4, 0x00, 0x00, 0x00, 0x00, 0x00, 0x00, 0x00, 0x00,
    0xFF, 0xFF, 0xFF, 0xF9, 0x00, 0x00, 0x02, 0xFC, 0x00, 0x1F, 0xE0, 0x00, 0x02, 0xFC, 0x00, 0x03,
    0xF8, 0x00, 0x02, 0xFC, 0x00, 0x03, 0xFD, 0x00, 0x02, 0xFC, 0x00, 0x02, 0xFE, 0x00, 0x02, 0xFC,
    0x00, 0x02, 0xFE, 0x00, 0x02, 0xFC, 0x00, 0x03, 0xFD, 0x00, 0x02, 0xFC, 0x00, 0x03, 0xF8, 0x00,
    0x02, 0xFC, 0x00, 0x2F, 0xE0, 0x00, 0x02, 0xFF, 0xFF, 0xFE, 0x00, 0x00, 0x02, 0xFC, 0x00, 0xBF,
    0x40, 0x00, 0x02, 0xFC, 0x00, 0x2F, 0xD0, 0x00, 0x02, 0xFC, 0x00, 0x1F, 0xF0, 0x00, 0x02, 0xFC,
    0x00, 0x0F, 0xF0, 0x00, 0x02, 0xFC, 0x00, 0x0F, 0xF4, 0x00, 0x02, 0xFC, 0x00, 0x0F, 0xF4, 0x00,
    0x02, 0xFC, 0x00, 0x0F, 0xF8, 0x00, 0x02, 0xFC, 0x00, 0x0B, 0xFC, 0x07, 0x02, 0xFC, 0x00, 0x03,
    0xFD, 0x0E, 0xFF, 0xFF, 0xF4, 0x00, 0x6F, 0xF8, 0x00, 0x01, 0xE0, 0x00, 0x0B, 0xF4, 0x00, 0x2F,
    0xF0, 0x00, 0xBF, 0x40, 0x00, 0x60, 0x00, 0x00, 0x00, 0x00, 0xFF, 0xC7, 0xF8, 0x0F, 0xDD, 0xBE,
    0x0F, 0xF4, 0xBF, 0x0F, 0xF0, 0x3D, 0x0F, 0xE0, 0x00, 0x0F, 0xD0, 0x00, 0x0F, 0xC0, 0x00, 0x0F,
    0xC0, 0x00, 0x0F, 0xC0, 0x00, 0x0F, 0xC0, 0x00, 0x0F, 0xC0, 0x00, 0x0F, 0xC0, 0x00, 0xFF, 0xFE,
    0x00, 0x00, 0x39, 0x41, 0xB8, 0x00, 0x00, 0x00, 0x1F, 0xFF, 0xF0, 0x00, 0x00, 0x00, 0x02, 0xFF,
    0x40, 0x00, 0x00, 0x00, 0x00, 0x38, 0x00, 0x00, 0x00, 0x00, 0x00, 0x00, 0x00, 0x00, 0x00, 0x00,
    0x00, 0x00, 0x00, 0x00, 0x00, 0xFF, 0xFF, 0xFF, 0xF9, 0x00, 0x00, 0x02, 0xFC, 0x00, 0x1F, 0xE0,
    0x00, 0x02, 0xFC, 0x00, 0x03, 0xF8, 0x00, 0x02, 0xFC, 0x00, 0x03, 0xFD, 0x00, 0x02, 0xFC, 0x00,
    0x02, 0xFE, 0x00, 0x02, 0xFC, 0x00, 0x02, 0xFE, 0x00, 0x02, 0xFC, 0x00, 0x03, 0xFD, 0x00, 0x02,
    0xFC, 0x00, 0x03, 0xF8, 0x00, 0x02, 0xFC, 0x00, 0x2F, 0xE0, 0x00, 0x02, 0xFF, 0xFF, 0xFE, 0x00,
    0x00, 0x02, 0xFC, 0x00, 0xBF, 0x40, 0x00, 0x02, 0xFC, 0x00, 0x2F, 0xD0, 0x00, 0x02, 0xFC, 0x00,
    0x1F, 0xF0, 0x00, 0x02, 0xFC, 0x00, 0x0F, 0xF0, 0x00, 0x02, 0xFC, 0x00, 0x0F, 0xF4, 0x00, 0x02,
    0xFC, 0x00, 0x0F, 0xF4, 0x00, 0x02, 0xFC, 0x00, 0x0F, 0xF8, 0x00, 0x02, 0xFC, 0x00, 0x0B, 0xFC,
    0x07, 0x02, 0xFC, 0x00, 0x03, 0xFD, 0x0E, 0xFF, 0xFF, 0xF4, 0x00, 0x6F, 0xF8, 0x00, 0x00, 0x00,
    0x28, 0x00, 0x2C, 0x0F, 0x82, 0xF0, 0x03, 0xFF, 0xC0, 0x00, 0xFF, 0x00, 0x00, 0x3C, 0x00, 0x00,
    0x00, 0x00, 0xFF, 0xC7, 0xF8, 0x0F, 0xDD, 0xBE, 0x0F, 0xF4, 0xBF, 0x0F, 0xF0, 0x3D, 0x0F, 0xE0,
    0x00, 0x0F, 0xD0, 0x00, 0x0F, 0xC0, 0x00, 0x0F, 0xC0, 0x00, 0x0F, 0xC0, 0x00, 0x0F, 0xC0, 0x00,
    0x0F, 0xC0, 0x00, 0x0F, 0xC0, 0x00, 0xFF, 0xFE, 0x00, 0x00, 0x00, 0x74, 0x00, 0x00, 0x02, 0xFC,
    0x00, 0x00, 0x1F, 0xFC, 0x00, 0x00, 0x3E, 0xA4, 0x00, 0x00, 0x00, 0x00, 0x00, 0x00, 0xBF, 0xF8,
    0x28, 0x07, 0xD0, 0x1B, 0xF8, 0x0F, 0x00, 0x01, 0xF8, 0x2F, 0x00, 0x00, 0x78, 0x3F, 0x00, 0x00,
    0x38, 0x3F, 0x00, 0x00, 0x28, 0x3F, 0xD0, 0x00, 0x00, 0x3F, 0xFF, 0x90, 0x00, 0x1F, 0xFF, 0xFF,
    0x40, 0x0B, 0xFF, 0xFF, 0xE0, 0x01, 0xFF, 0xFF, 0xF4, 0x00, 0x06, 0xFF, 0xFC, 0x00, 0x00, 0x07,
    0xFD, 0x00, 0x00, 0x00, 0xFE, 0x30, 0x00, 0x00, 0x7E, 0x34, 0x00, 0x00, 0x3D, 0x3C, 0x00, 0x00,
    0x7C, 0x3E, 0x00, 0x00, 0xF8, 0x3F, 0xE4, 0x02, 0xE0, 0x34, 0x6F, 0xFE, 0x40, 0x00, 0x03, 0xC0,
    0x00, 0x1F, 0xE0, 0x00, 0x7F, 0xD0, 0x01, 0xFE, 0x40, 0x00, 0x90, 0x00, 0x00, 0x00, 0x00, 0x0B,
    0xFE, 0xB0, 0x3D, 0x01, 0xF0, 0xB0, 0x00, 0x70, 0xF8, 0x00, 0x30, 0xFF, 0x90, 0x00, 0x7F, 0xFF,
    0x80, 0x1F, 0xFF, 0xF0, 0x01, 0x6F, 0xF8, 0x00, 0x00, 0xFC, 0xE0, 0x00, 0x3C, 0xF0, 0x00, 0x3C,
    0xFD, 0x01, 0xF0, 0xE2, 0xFF, 0x80, 0x00, 0x00, 0x00, 0x00, 0x00, 0x00, 0x00, 0x00, 0x07, 0x00,
    0x00, 0x00, 0x2F, 0xD0, 0x00, 0x00, 0xFD, 0xF8, 0x00, 0x03, 0xD0, 0x2E, 0x00, 0x01, 0x00, 0x04,
    0x00, 0x00, 0x00, 0x00, 0x00, 0x00, 0xBF, 0xF8, 0x28, 0x07, 0xD0, 0x1B, 0xF8, 0x0F, 0x00, 0x01,
    0xF8, 0x2F, 0x00, 0x00, 0x78, 0x3F, 0x00, 0x00, 0x38, 0x3F, 0x00, 0x00, 0x28, 0x3F, 0xD0, 0x00,
    0x00, 0x3F, 0xFF, 0x90, 0x00, 0x1F, 0xFF, 0xFF, 0x40, 0x0B, 0xFF, 0xFF, 0xE0, 0x01, 0xFF, 0xFF,
    0xF4, 0x00, 0x06, 0xFF, 0xFC, 0x00, 0x00, 0x07, 0xFD, 0x00, 0x00, 0x00, 0xFE, 0x30, 0x00, 0x00,
    0x7E, 0x34, 0x00, 0x00, 0x3D, 0x3C, 0x00, 0x00, 0x7C, 0x3E, 0x00, 0x00, 0xF8, 0x3F, 0xE4, 0x02,
    0xE0, 0x34, 0x6F, 0xFE, 0x40, 0x00, 0x00, 0x00, 0x00, 0x70, 0x00, 0x01, 0xFC, 0x00, 0x07, 0xDF,
    0x40, 0x1F, 0x03, 0xD0, 0x38, 0x00, 0xA0, 0x00, 0x00, 0x00, 0x0B, 0xFE, 0xB0, 0x3D, 0x01, 0xF0,
    0xB4, 0x00, 0x30, 0xF4, 0x00, 0x00, 0xFF, 0x54, 0x00, 0x7F, 0xFF, 0x80, 0x1F, 0xFF, 0xF0, 0x00,
    0x6F, 0xF8, 0x00, 0x00, 0xBC, 0xE0, 0x00, 0x3C, 0xF0, 0x00, 0x38, 0xFD, 0x01, 0xF0, 0xE6, 0xFF,
    0x80, 0x00, 0x00, 0x00, 0x00, 0xBF, 0xF4, 0x28, 0x07, 0xD0, 0x1F, 0xF8, 0x0F, 0x00, 0x02, 0xF8,
    0x3F, 0x00, 0x00, 0xB8, 0x3E, 0x00, 0x00, 0x38, 0x3F, 0x00, 0x00, 0x38, 0x3F, 0xD0, 0x00, 0x14,
    0x3F, 0xFE, 0x50, 0x00, 0x1F, 0xFF, 0xFE, 0x40, 0x07, 0xFF, 0xFF, 0xE0, 0x01, 0xFF, 0xFF, 0xF4,
    0x00, 0x06, 0xFF, 0xFC, 0x00, 0x00, 0x07, 0xFD, 0x20, 0x00, 0x00, 0xFE, 0x34, 0x00, 0x00, 0x7E,
    0x38, 0x00, 0x00, 0x3E, 0x3C, 0x00, 0x00, 0x7C, 0x3F, 0x00, 0x00, 0xFC, 0x3F, 0xE4, 0x02, 0xF0,
    0x38, 0xBF, 0xFF, 0x80, 0x10, 0x02, 0xFC, 0x00, 0x00, 0x02, 0xFF, 0x40, 0x00, 0x00, 0x1F, 0xD0,
    0x00, 0x00, 0x0F, 0xE0, 0x00, 0x00, 0x2F, 0xC0, 0x00, 0x7F, 0xF9, 0x00, 0x0B, 0xFE, 0xB0, 0x3D,
    0x01, 0xF0, 0xB0, 0x00, 0x70, 0xF8, 0x00, 0x30, 0xFF, 0x90, 0x00, 0x7F, 0xFF, 0x80, 0x1F, 0xFF,
    0xF0, 0x00, 0x6F, 0xF8, 0x40, 0x00, 0xFC, 0xF0, 0x00, 0x3C, 0xF4, 0x00, 0x3C, 0xFD, 0x00, 0xB4,
    0xFB, 0xFF, 0xD0, 0x00, 0xFD, 0x00, 0x00, 0xFF, 0x40, 0x00, 0x0F, 0xE0, 0x00, 0x07, 0xF0, 0x00,
    0x1F, 0xE0, 0x3F, 0xFE, 0x00, 0x01, 0xE4, 0x16, 0xC0, 0x00, 0xBF, 0xFF, 0x40, 0x00, 0x1F, 0xF8,
    0x00, 0x00, 0x02, 0xD0, 0x00, 0x00, 0x00, 0x00, 0x00, 0x00, 0x00, 0x00, 0x00, 0x00, 0xBF, 0xF8,
    0x28, 0x07, 0xD0, 0x1B, 0xF8, 0x0F, 0x00, 0x01, 0xF8, 0x2F, 0x00, 0x00, 0x78, 0x3F, 0x00, 0x00,
    0x38, 0x3F, 0x00, 0x00, 0x28, 0x3F, 0xD0, 0x00, 0x00, 0x3F, 0xFF, 0x90, 0x00, 0x1F, 0xFF, 0xFF,
    0x40, 0x0B, 0xFF, 0xFF, 0xE0, 0x01, 0xFF, 0xFF, 0xF4, 0x00, 0x06, 0xFF, 0xFC, 0x00, 0x00, 0x07,
    0xFD, 0x00, 0x00, 0x00, 0xFE, 0x30, 0x00, 0x00, 0x7E, 0x34, 0x00, 0x00, 0x3D, 0x3C, 0x00, 0x00,
    0x7C, 0x3E, 0x00, 0x00, 0xF8, 0x3F, 0xE4, 0x02, 0xE0, 0x34, 0x6F, 0xFE, 0x40, 0x00, 0x00, 0x00,
    0xB0, 0x00, 0xB0, 0x2E, 0x07, 0xC0, 0x0B, 0xFF, 0x00, 0x02, 0xFC, 0x00, 0x00, 0xB0, 0x00, 0x00,
    0x00, 0x00, 0x0B, 0xFE, 0xB0, 0x3C, 0x01, 0xF0, 0xB0, 0x00, 0x70, 0xF8, 0x00, 0x30, 0xFF, 0x90,
    0x00, 0x7F, 0xFF, 0x80, 0x1F, 0xFF, 0xF0, 0x01, 0x6F, 0xF8, 0x00, 0x00, 0xFC, 0xE0, 0x00, 0x3C,
    0xF0, 0x00, 0x3C, 0xFD, 0x01, 0xF0, 0xE2, 0xFF, 0x80, 0x00, 0x00, 0x00, 0x7F, 0xFF, 0xFF, 0xFF,
    0xFF, 0x5F, 0x80, 0x1F, 0xE0, 0x0B, 0xD7, 0x80, 0x07, 0xF8, 0x00, 0xBA, 0xC0, 0x01, 0xFE, 0x00,
    0x0E, 0xB0, 0x00, 0x7F, 0x80, 0x02, 0xEC, 0x00, 0x1F, 0xE0, 0x00, 0xBE, 0x00, 0x07, 0xF8, 0x00,
    0x1C, 0x00, 0x01, 0xFE, 0x00, 0x00, 0x00, 0x00, 0x7F, 0x80, 0x00, 0x00, 0x00, 0x1F, 0xE0, 0x00,
    0x00, 0x00, 0x07, 0xF8, 0x00, 0x00, 0x00, 0x01, 0xFE, 0x00, 0x00, 0x00, 0x00, 0x7F, 0x80, 0x00,
    0x00, 0x00, 0x1F, 0xE0, 0x00, 0x00, 0x00, 0x07, 0xF8, 0x00, 0x00, 0x00, 0x01, 0xFE, 0x00, 0x00,
    0x00, 0x00, 0x7F, 0x80, 0x00, 0x00, 0x00, 0x1F, 0xE0, 0x00, 0x00, 0x00, 0x07, 0xF8, 0x00, 0x00,
    0x03, 0xFF, 0xFF, 0xFF, 0x00, 0x00, 0x00, 0x3F, 0x00, 0x00, 0x00, 0x00, 0x0F, 0xF8, 0x00, 0x00,
    0x00, 0x00, 0x3F, 0xC0, 0x00, 0x00, 0x00, 0x07, 0xF0, 0x00, 0x00, 0x00, 0x07, 0xF8, 0x00, 0x00,
    0x03, 0xFF, 0xE0, 0x00, 0x00, 0x00, 0x20, 0x00, 0x00, 0x0D, 0x00, 0x00, 0x07, 0x40, 0x00, 0x02,
    0xD0, 0x00, 0x01, 0xF4, 0x00, 0x02, 0xFD, 0x00, 0x07, 0xFF, 0xFF, 0x80, 0x0F, 0xD0, 0x00, 0x03,
    0xF4, 0x00, 0x00, 0xFD, 0x00, 0x00, 0x3F, 0x40, 0x00, 0x0F, 0xD0, 0x00, 0x03, 0xF4, 0x00, 0x00,
    0xFD, 0x01, 0x00, 0x3F, 0x41, 0xC0, 0x0F, 0xD0, 0x70, 0x03, 0xF4, 0x1C, 0x00, 0xBF, 0x0D, 0x00,
    0x07, 0xFE, 0x00, 0x00, 0x2F, 0x80, 0x00, 0x0B, 0xFD, 0x00, 0x00, 0x1F, 0xC0, 0x00, 0x03, 0xF4,
    0x00, 0x06, 0xFC, 0x01, 0xFF, 0xE4, 0x00, 0x00, 0x0E, 0x40, 0x6D, 0x00, 0x00, 0x01, 0xFF, 0xFE,
    0x00, 0x00, 0x00, 0x0B, 0xF8, 0x00, 0x00, 0x00, 0x00, 0x74, 0x00, 0x00, 0x00, 0x00, 0x00, 0x00,
    0x00, 0x00, 0x00, 0x00, 0x00, 0x00, 0x03, 0xFF, 0xFF, 0xFF, 0xFF, 0xF5, 0xF8, 0x01, 0xFE, 0x00,
    0x7D, 0x74, 0x00, 0x7F, 0x80, 0x07, 0xAC, 0x00, 0x1F, 0xE0, 0x00, 0xEB, 0x00, 0x07, 0xF8, 0x00,
    0x2E, 0x80, 0x01, 0xFE, 0x00, 0x07, 0x00, 0x00, 0x7F, 0x80, 0x00, 0x00, 0x00, 0x1F, 0xE0, 0x00,
    0x00, 0x00, 0x07, 0xF8, 0x00, 0x00, 0x00, 0x01, 0xFE, 0x00, 0x00, 0x00, 0x00, 0x7F, 0x80, 0x00,
    0x00, 0x00, 0x1F, 0xE0, 0x00, 0x00, 0x00, 0x07, 0xF8, 0x00, 0x00, 0x00, 0x01, 0xFE, 0x00, 0x00,
    0x00, 0x00, 0x7F, 0x80, 0x00, 0x00, 0x00, 0x1F, 0xE0, 0x00, 0x00, 0x00, 0x07, 0xF8, 0x00, 0x00,
    0x00, 0x01, 0xFE, 0x00, 0x00, 0x00, 0x00, 0x7F, 0x80, 0x00, 0x00, 0x3F, 0xFF, 0xFF, 0xF0, 0x00,
    0x00, 0x00, 0x00, 0x00, 0x00, 0x00, 0x00, 0x2E, 0x00, 0x00, 0x07, 0xFC, 0x00, 0x00, 0xBF, 0xC0,
    0x00, 0x07, 0xFC, 0x00, 0x00, 0x2E, 0xC0, 0x03, 0x40, 0x1C, 0x00, 0x74, 0x03, 0x00, 0x0B, 0x41,
    0xD0, 0x01, 0xF4, 0x00, 0x00, 0xBF, 0x40, 0x00, 0x7F, 0xFF, 0xF8, 0x00, 0x3F, 0x40, 0x00, 0x03,
    0xF4, 0x00, 0x00, 0x3F, 0x40, 0x00, 0x03, 0xF4, 0x00, 0x00, 0x3F, 0x40, 0x00, 0x03, 0xF4, 0x00,
    0x00, 0x3F, 0x40, 0x40, 0x03, 0xF4, 0x1C, 0x00, 0x3F, 0x41, 0xC0, 0x03, 0xF4, 0x1C, 0x00, 0x1F,
    0xC3, 0x40, 0x00, 0x7F, 0xD0, 0x00, 0x00, 0x3F, 0xFF, 0xFF, 0xF8, 0x00, 0x00, 0x00, 0x00, 0x00,
    0x00, 0x00, 0x00, 0x00, 0x00, 0x00, 0x00, 0x00, 0x00, 0x00, 0x00, 0x00, 0x00, 0x00, 0xFF, 0xFF,
    0xF8, 0x01, 0xFF, 0xFE, 0x02, 0xFD, 0x00, 0x00, 0x07, 0x80, 0x02, 0xFD, 0x00, 0x00, 0x03, 0x40,
    0x02, 0xFD, 0x00, 0x00, 0x03, 0x40, 0x02, 0xFD, 0x00, 0x00, 0x03, 0x40, 0x02, 0xFD, 0x00, 0x00,
    0x03, 0x40, 0x02, 0xFD, 0x00, 0x00, 0x03, 0x40, 0x02, 0xFD, 0x00, 0x00, 0x03, 0x40, 0x02, 0xFD,
    0x00, 0x00, 0x03, 0x40, 0x02, 0xFD, 0x00, 0x00, 0x03, 0x40, 0x02, 0xFD, 0x00, 0x00, 0x03, 0x40,
    0x02, 0xFD, 0x00, 0x00, 0x03, 0x40, 0x02, 0xFD, 0x00, 0x00, 0x03, 0x40, 0x02, 0xFD, 0x00, 0x00,
    0x03, 0x40, 0x02, 0xFD, 0x00, 0x00, 0x07, 0x00, 0x00, 0xFE, 0x00, 0x00, 0x0B, 0x00, 0x00, 0xBF,
    0x00, 0x00, 0x0D, 0x00, 0x00, 0x3F, 0x80, 0x00, 0x3C, 0x00, 0x00, 0x0B, 0xE4, 0x02, 0xE0, 0x00,
    0x00, 0x00, 0x6F, 0xFE, 0x00, 0x00, 0x07, 0xFF, 0xFF, 0xF8, 0x00, 0x00, 0x00, 0x00, 0x00, 0x00,
    0x00, 0x00, 0x00, 0x00, 0x00, 0x00, 0x00, 0xBF, 0xE0, 0x1F, 0xFC, 0x03, 0xF8, 0x00, 0xBF, 0x00,
    0xBE, 0x00, 0x1F, 0xC0, 0x2F, 0x80, 0x07, 0xF0, 0x0B, 0xE0, 0x01, 0xFC, 0x02, 0xF8, 0x00, 0x7F,
    0x00, 0xBE, 0x00, 0x1F, 0xC0, 0x2F, 0x80, 0x07, 0xF0, 0x0B, 0xE0, 0x02, 0xFC, 0x02, 0xF8, 0x00,
    0xBF, 0x00, 0xBE, 0x00, 0x3F, 0xC0, 0x0F, 0xC0, 0x7B, 0xF0, 0x00, 0xBF, 0xE5, 0xFF, 0xC0, 0x00,
    0x00, 0x00, 0x00, 0x00, 0x07, 0x00, 0x01, 0xC0, 0x00, 0x00, 0x03, 0x00, 0x02, 0x80, 0x00, 0x00,
    0x01, 0xD0, 0x0B, 0x00, 0x00, 0x00, 0x00, 0x2F, 0xF4, 0x00, 0x00, 0x00, 0x00, 0x00, 0x00, 0x00,
    0x00, 0x00, 0x00, 0x00, 0x00, 0x00, 0x00, 0xFF, 0xFF, 0xF8, 0x01, 0xFF, 0xFE, 0x02, 0xFD, 0x00,
    0x00, 0x07, 0x80, 0x02, 0xFD, 0x00, 0x00, 0x03, 0x40, 0x02, 0xFD, 0x00, 0x00, 0x03, 0x40, 0x02,
    0xFD, 0x00, 0x00, 0x03, 0x40, 0x02, 0xFD, 0x00, 0x00, 0x03, 0x40, 0x02, 0xFD, 0x00, 0x00, 0x03,
    0x40, 0x02, 0xFD, 0x00, 0x00, 0x03, 0x40, 0x02, 0xFD, 0x00, 0x00, 0x03, 0x40, 0x02, 0xFD, 0x00,
    0x00, 0x03, 0x40, 0x02, 0xFD, 0x00, 0x00, 0x03, 0x40, 0x02, 0xFD, 0x00, 0x00, 0x03, 0x40, 0x02,
    0xFD, 0x00, 0x00, 0x03, 0x40, 0x02, 0xFD, 0x00, 0x00, 0x03, 0x40, 0x02, 0xFD, 0x00, 0x00, 0x07,
    0x00, 0x00, 0xFE, 0x00, 0x00, 0x0B, 0x00, 0x00, 0xBF, 0x00, 0x00, 0x0D, 0x00, 0x00, 0x3F, 0x80,
    0x00, 0x3C, 0x00, 0x00, 0x0B, 0xE4, 0x02, 0xE0, 0x00, 0x00, 0x00, 0x6F, 0xFE, 0x00, 0x00, 0x02,
    0x80, 0x00, 0x60, 0x00, 0x30, 0x00, 0x34, 0x00, 0x07, 0x40, 0x78, 0x00, 0x00, 0x2F, 0xE4, 0x00,
    0x00, 0x00, 0x00, 0x00, 0x2F, 0xF8, 0x07, 0xFF, 0x00, 0xFE, 0x00, 0x2F, 0xC0, 0x2F, 0x80, 0x07,
    0xF0, 0x0B, 0xE0, 0x01, 0xFC, 0x02, 0xF8, 0x00, 0x7F, 0x00, 0xBE, 0x00, 0x1F, 0xC0, 0x2F, 0x80,
    0x07, 0xF0, 0x0B, 0xE0, 0x01, 0xFC, 0x02, 0xF8, 0x00, 0xBF, 0x00, 0xBE, 0x00, 0x2F, 0xC0, 0x2F,
    0x80, 0x0F, 0xF0, 0x03, 0xF0, 0x1E, 0xFC, 0x00, 0x2F, 0xF9, 0x7F, 0xF0, 0x00, 0x00, 0x00, 0x00,
    0x00, 0x00, 0x02, 0xFD, 0x00, 0x00, 0x00, 0x00, 0x0D, 0x07, 0x40, 0x00, 0x00, 0x00, 0x1C, 0x03,
    0x80, 0x00, 0x00, 0x00, 0x0D, 0x03, 0x40, 0x00, 0x00, 0x00, 0x02, 0xFD, 0x00, 0x00, 0x00, 0x00,
    0x00, 0x00, 0x00, 0x00, 0xFF, 0xFF, 0xF8, 0x01, 0xFF, 0xFE, 0x02, 0xFD, 0x00, 0x00, 0x07, 0x80,
    0x02, 0xFD, 0x00, 0x00, 0x03, 0x40, 0x02, 0xFD, 0x00, 0x00, 0x03, 0x40, 0x02, 0xFD, 0x00, 0x00,
    0x03, 0x40, 0x02, 0xFD, 0x00, 0x00, 0x03, 0x40, 0x02, 0xFD, 0x00, 0x00, 0x03, 0x40, 0x02, 0xFD,
    0x00, 0x00, 0x03, 0x40, 0x02, 0xFD, 0x00, 0x00, 0x03, 0x40, 0x02, 0xFD, 0x00, 0x00, 0x03, 0x40,
    0x02, 0xFD, 0x00, 0x00, 0x03, 0x40, 0x02, 0xFD, 0x00, 0x00, 0x03, 0x40, 0x02, 0xFD, 0x00, 0x00,
    0x03, 0x40, 0x02, 0xFD, 0x00, 0x00, 0x03, 0x40, 0x02, 0xFD, 0x00, 0x00, 0x07, 0x00, 0x00, 0xFE,
    0x00, 0x00, 0x0B, 0x00, 0x00, 0xBF, 0x00, 0x00, 0x0D, 0x00, 0x00, 0x3F, 0x80, 0x00, 0x3C, 0x00,
    0x00, 0x0B, 0xE4, 0x02, 0xE0, 0x00, 0x00, 0x00, 0x6F, 0xFE, 0x00, 0x00, 0x00, 0x0B, 0xF8, 0x00,
    0x00, 0x0B, 0x02, 0x80, 0x00, 0x03, 0x80, 0x70, 0x00, 0x00, 0xB0, 0x28, 0x00, 0x00, 0x0B, 0xF8,
    0x00, 0x00, 0x00, 0x00, 0x00, 0x0B, 0xFE, 0x01, 0xFF, 0xC0, 0x3F, 0x80, 0x0B, 0xF0, 0x0B, 0xE0,
    0x01, 0xFC, 0x02, 0xF8, 0x00, 0x7F, 0x00, 0xBE, 0x00, 0x1F, 0xC0, 0x2F, 0x80, 0x07, 0xF0, 0x0B,
    0xE0, 0x01, 0xFC, 0x02, 0xF8, 0x00, 0x7F, 0x00, 0xBE, 0x00, 0x2F, 0xC0, 0x2F, 0x80, 0x0B, 0xF0,
    0x0B, 0xE0, 0x03, 0xFC, 0x00, 0xFC, 0x07, 0xBF, 0x00, 0x0B, 0xFE, 0x5F, 0xFC, 0x00, 0x00, 0x00,
    0x00, 0x00, 0x00, 0x02, 0xD0, 0x7C, 0x00, 0x00, 0x00, 0x1F, 0xF3, 0xFD, 0x00, 0x00, 0x00, 0xBF,
    0xFF, 0xFD, 0x00, 0x00, 0x01, 0xFA, 0x7F, 0xA4, 0x00, 0x00, 0x00, 0x00, 0x00, 0x00, 0x00, 0xFF,
    0xFF, 0xF8, 0x01, 0xFF, 0xFE, 0x02, 0xFD, 0x00, 0x00, 0x07, 0x80, 0x02, 0xFD, 0x00, 0x00, 0x03,
    0x40, 0x02, 0xFD, 0x00, 0x00, 0x03, 0x40, 0x02, 0xFD, 0x00, 0x00, 0x03, 0x40, 0x02, 0xFD, 0x00,
    0x00, 0x03, 0x40, 0x02, 0xFD, 0x00, 0x00, 0x03, 0x40, 0x02, 0xFD, 0x00, 0x00, 0x03, 0x40, 0x02,
    0xFD, 0x00, 0x00, 0x03, 0x40, 0x02, 0xFD, 0x00, 0x00, 0x03, 0x40, 0x02, 0xFD, 0x00, 0x00, 0x03,
    0x40, 0x02, 0xFD, 0x00, 0x00, 0x03, 0x40, 0x02, 0xFD, 0x00, 0x00, 0x03, 0x40, 0x02, 0xFD, 0x00,
    0x00, 0x03, 0x40, 0x02, 0xFD, 0x00, 0x00, 0x07, 0x00, 0x00, 0xFE, 0x00, 0x00, 0x0B, 0x00, 0x00,
    0xBF, 0x00, 0x00, 0x0D, 0x00, 0x00, 0x3F, 0x80, 0x00, 0x3C, 0x00, 0x00, 0x0B, 0xE4, 0x02, 0xE0,
    0x00, 0x00, 0x00, 0x6F, 0xFE, 0x00, 0x00, 0x00, 0x00, 0xF0, 0x1E, 0x00, 0x00, 0xFF, 0x2F, 0xD0,
    0x00, 0xFF, 0xAF, 0xF0, 0x00, 0xFE, 0x6F, 0xE0, 0x00, 0x24, 0x06, 0x40, 0x00, 0x00, 0x00, 0x00,
    0x0B, 0xFE, 0x01, 0xFF, 0xC0, 0x3F, 0x80, 0x0B, 0xF0, 0x0B, 0xE0, 0x01, 0xFC, 0x02, 0xF8, 0x00,
    0x7F, 0x00, 0xBE, 0x00, 0x1F, 0xC0, 0x2F, 0x80, 0x07, 0xF0, 0x0B, 0xE0, 0x01, 0xFC, 0x02, 0xF8,
    0x00, 0x7F, 0x00, 0xBE, 0x00, 0x2F, 0xC0, 0x2F, 0x80, 0x0B, 0xF0, 0x0B, 0xE0, 0x03, 0xFC, 0x00,
    0xFC, 0x07, 0xBF, 0x00, 0x0B, 0xFE, 0x5F, 0xFC, 0x00, 0x00, 0x00, 0x00, 0x00, 0x00, 0xF8, 0x07,
    0xC0, 0x00, 0x00, 0x00, 0xBF, 0x43, 0xFC, 0x00, 0x00, 0x00, 0x3F, 0xE1, 0xFF, 0x00, 0x00, 0x00,
    0x0B, 0xF4, 0x3F, 0xC0, 0x00, 0x00, 0x00, 0xB8, 0x07, 0xC0, 0x00, 0x00, 0x00, 0x00, 0x00, 0x00,
    0x00, 0x07, 0xFF, 0xFF, 0x80, 0x02, 0xFF, 0xF8, 0x07, 0xFE, 0x00, 0x00, 0x0B, 0x80, 0x00, 0xBF,
    0xC0, 0x00, 0x03, 0xC0, 0x00, 0x0F, 0xFC, 0x00, 0x02, 0xC0, 0x00, 0x01, 0xFF, 0x40, 0x01, 0xD0,
    0x00, 0x00, 0x2F, 0xF0, 0x00, 0xF0, 0x00, 0x00, 0x03, 0xFF, 0x00, 0xB0, 0x00, 0x00, 0x00, 0x7F,
    0xD0, 0x78, 0x00, 0x00, 0x00, 0x0B, 0xFC, 0x3C, 0x00, 0x00, 0x00, 0x00, 0xFF, 0xAD, 0x00, 0x00,
    0x00, 0x00, 0x1F, 0xFE, 0x00, 0x00, 0x00, 0x00, 0x03, 0xFF, 0x00, 0x00, 0x00, 0x00, 0x00, 0x7F,
    0x80, 0x00, 0x00, 0x00, 0x00, 0x1F, 0xE0, 0x00, 0x00, 0x00, 0x00, 0x07, 0xF8, 0x00, 0x00, 0x00,
    0x00, 0x01, 0xFE, 0x00, 0x00, 0x00, 0x00, 0x00, 0x7F, 0x80, 0x00, 0x00, 0x00, 0x00, 0x1F, 0xE0,
    0x00, 0x00, 0x00, 0x00, 0x07, 0xF8, 0x00, 0x00, 0x00, 0x00, 0xBF, 0xFF, 0xF8, 0x00, 0x00, 0x00,
    0x00, 0x00, 0x00, 0x00, 0x00, 0x00, 0x00, 0x07, 0x40, 0x00, 0x00, 0x03, 0xFC, 0x00, 0x00, 0x02,
    0xFF, 0xC0, 0x00, 0x00, 0x3E, 0x90, 0x00, 0x00, 0x00, 0x00, 0x00, 0x01, 0xFF, 0xFF, 0xFF, 0xFD,
    0x1F, 0xE4, 0x00, 0xBF, 0xC1, 0xF4, 0x00, 0x1F, 0xF8, 0x2E, 0x00, 0x03, 0xFF, 0x02, 0xC0, 0x00,
    0xBF, 0xD0, 0x2C, 0x00, 0x1F, 0xF8, 0x02, 0x80, 0x03, 0xFF, 0x00, 0x00, 0x00, 0xBF, 0xD0, 0x00,
    0x00, 0x1F, 0xF8, 0x00, 0x00, 0x03, 0xFF, 0x00, 0x00, 0x00, 0xBF, 0xD0, 0x00, 0x00, 0x1F, 0xF8,
    0x00, 0x00, 0x03, 0xFF, 0x00, 0x0A, 0x00, 0xBF, 0xD0, 0x00, 0xE0, 0x1F, 0xF8, 0x00, 0x0E, 0x03,
    0xFF, 0x00, 0x00, 0xD0, 0xBF, 0xD0, 0x00, 0x2D, 0x1F, 0xF8, 0x00, 0x07, 0xD3, 0xFF, 0x00, 0x06,
    0xFD, 0x3F, 0xFF, 0xFF, 0xFF, 0xC0, 0x00, 0x00, 0x7C, 0x00, 0x00, 0x2F, 0xD0, 0x00, 0x0B, 0xFC,
    0x00, 0x02, 0xFD, 0x00, 0x00, 0x04, 0x00, 0x00, 0x00, 0x00, 0x00, 0x1F, 0xFF, 0xFF, 0xC1, 0xF4,
    0x03, 0xFC, 0x1D, 0x00, 0xFF, 0x02, 0xC0, 0x2F, 0xD0, 0x2C, 0x07, 0xF8, 0x00, 0x00, 0xFF, 0x00,
    0x00, 0x3F, 0xC0, 0x00, 0x0B, 0xF4, 0x00, 0x01, 0xFE, 0x00, 0xD0, 0x3F, 0xC0, 0x0C, 0x0F, 0xF0,
    0x02, 0xC2, 0xFD, 0x00, 0xBC, 0x3F, 0xFF, 0xFF, 0xC0, 0x00, 0x00, 0x3D, 0x00, 0x00, 0x00, 0x0F,
    0xF0, 0x00, 0x00, 0x00, 0xFF, 0x40, 0x00, 0x00, 0x0F, 0xF0, 0x00, 0x00, 0x00, 0x7D, 0x00, 0x00,
    0x00, 0x00, 0x00, 0x00, 0x00, 0x00, 0x00, 0x00, 0x00, 0x00, 0x00, 0x00, 0x00, 0x1F, 0xFF, 0xFF,
    0xFF, 0xD1, 0xFE, 0x40, 0x0B, 0xFC, 0x1F, 0x40, 0x01, 0xFF, 0x82, 0xE0, 0x00, 0x3F, 0xF0, 0x2C,
    0x00, 0x0B, 0xFD, 0x02, 0xC0, 0x01, 0xFF, 0x80, 0x28, 0x00, 0x3F, 0xF0, 0x00, 0x00, 0x0B, 0xFD,
    0x00, 0x00, 0x01, 0xFF, 0x80, 0x00, 0x00, 0x3F, 0xF0, 0x00, 0x00, 0x0B, 0xFD, 0x00, 0x00, 0x01,
    0xFF, 0x80, 0x00, 0x00, 0x3F, 0xF0, 0x00, 0xA0, 0x0B, 0xFD, 0x00, 0x0E, 0x01, 0xFF, 0x80, 0x00,
    0xE0, 0x3F, 0xF0, 0x00, 0x0D, 0x0B, 0xFD, 0x00, 0x02, 0xD1, 0xFF, 0x80, 0x00, 0x7D, 0x3F, 0xF0,
    0x00, 0x6F, 0xD3, 0xFF, 0xFF, 0xFF, 0xFC, 0x00, 0x07, 0xC0, 0x00, 0x00, 0xFF, 0x00, 0x00, 0x1F,
    0xF0, 0x00, 0x00, 0xFF, 0x00, 0x00, 0x07, 0xC0, 0x00, 0x00, 0x00, 0x00, 0x00, 0x00, 0x00, 0x01,
    0xFF, 0xFF, 0xFC, 0x1F, 0x40, 0x3F, 0xC1, 0xD0, 0x0F, 0xF0, 0x2C, 0x02, 0xFD, 0x02, 0xC0, 0x7F,
    0x80, 0x00, 0x0F, 0xF0, 0x00, 0x03, 0xFC, 0x00, 0x00, 0xBF, 0x40, 0x00, 0x1F, 0xE0, 0x0D, 0x03,
    0xFC, 0x00, 0xC0, 0xFF, 0x00, 0x2C, 0x2F, 0xD0, 0x0B, 0xC3, 0xFF, 0xFF, 0xFC, 0x00, 0xE4, 0x06,
    0xD0, 0x00, 0x07, 0xFF, 0xF8, 0x00, 0x00, 0x0B, 0xFC, 0x00, 0x00, 0x00, 0x1D, 0x00, 0x00, 0x00,
    0x00, 0x00, 0x00, 0x00, 0x00, 0x00, 0x00, 0x00, 0x1F, 0xFF, 0xFF, 0xFF, 0xD1, 0xFE, 0x40, 0x0B,
    0xFC, 0x1F, 0x40, 0x01, 0xFF, 0x42, 0xE0, 0x00, 0x3F, 0xE0, 0x2C, 0x00, 0x0B, 0xFC, 0x02, 0xC0,
    0x01, 0xFF, 0x40, 0x28, 0x00, 0x3F, 0xF0, 0x00, 0x00, 0x0B, 0xFC, 0x00, 0x00, 0x01, 0xFF, 0x80,
    0x00, 0x00, 0x3F, 0xF0, 0x00, 0x00, 0x0B, 0xFC, 0x00, 0x00, 0x01, 0xFF, 0x80, 0x00, 0x00, 0x3F,
    0xF0, 0x00, 0xA0, 0x0B, 0xFD, 0x00, 0x0E, 0x01, 0xFF, 0x80, 0x00, 0xE0, 0x3F, 0xF0, 0x00, 0x0D,
    0x0B, 0xFD, 0x00, 0x02, 0xD1, 0xFF, 0x80, 0x00, 0x7D, 0x3F, 0xF0, 0x00, 0x6F, 0xD3, 0xFF, 0xFF,
    0xFF, 0xFC, 0x00, 0x00, 0x00, 0x00, 0xA0, 0x00, 0xB0, 0x03, 0xE0, 0xBC, 0x00, 0x0F, 0xFF, 0x00,
    0x00, 0x3F, 0xC0, 0x00, 0x00, 0xF0, 0x00, 0x00, 0x00, 0x00, 0x01, 0xFF, 0xFF, 0xFC, 0x1F, 0x40,
    0x3F, 0xC1, 0xD0, 0x0F, 0xF0, 0x2C, 0x02, 0xFD, 0x02, 0xC0, 0x7F, 0x80, 0x00, 0x0F, 0xF0, 0x00,
    0x03, 0xFC, 0x00, 0x00, 0xBF, 0x40, 0x00, 0x1F, 0xE0, 0x0D, 0x03, 0xFC, 0x00, 0xC0, 0xFF, 0x00,
    0x2C, 0x2F, 0xD0, 0x0B, 0xC3, 0xFF, 0xFF, 0xFC, 0x00, 0x02, 0xE0, 0x00, 0x00, 0x00, 0x07, 0xFF,
    0x40, 0x00, 0x00, 0x02, 0xFF, 0xC0, 0x00, 0x00, 0x00, 0x00, 0x00, 0x00, 0x00, 0x00, 0x00, 0x00,
    0x00, 0xFF, 0xFF, 0xFF, 0xFF, 0xF0, 0x02, 0xFD, 0x00, 0x07, 0xF4, 0x02, 0xFD, 0x00, 0x00, 0xF4,
    0x02, 0xFD, 0x00, 0x00, 0x38, 0x02, 0xFD, 0x00, 0x00, 0x38, 0x02, 0xFD, 0x00, 0x00, 0x2C, 0x02,
    0xFD, 0x00, 0xD0, 0x1C, 0x02, 0xFD, 0x00, 0xD0, 0x00, 0x02, 0xFD, 0x03, 0xD0, 0x00, 0x02, 0xFF,
    0xFF, 0xD0, 0x00, 0x02, 0xFD, 0x02, 0xD0, 0x00, 0x02, 0xFD, 0x00, 0xD0, 0x00, 0x02, 0xFD, 0x00,
    0xD0, 0x00, 0x02, 0xFD, 0x00, 0x00, 0x0B, 0x02, 0xFD, 0x00, 0x00, 0x0E, 0x02, 0xFD, 0x00, 0x00,
    0x0D, 0x02, 0xFD, 0x00, 0x00, 0x2D, 0x02, 0xFD, 0x00, 0x00, 0x3C, 0x02, 0xFD, 0x00, 0x06, 0xFC,
    0xFF, 0xFF, 0xFF, 0xFF, 0xF8, 0x00, 0x1F, 0x40, 0xB8, 0x00, 0x00, 0x3F, 0xC2, 0xFD, 0x00, 0x00,
    0x3F, 0xC3, 0xFE, 0x00, 0x00, 0x3F, 0xC2, 0xFE, 0x00, 0x00, 0x1F, 0x40, 0xB8, 0x00, 0x00, 0x00,
    0x00, 0x00, 0x00, 0xFF, 0xFF, 0xFF, 0xFF, 0xF0, 0x02, 0xFD, 0x00, 0x07, 0xF4, 0x02, 0xFD, 0x00,
    0x00, 0xF4, 0x02, 0xFD, 0x00, 0x00, 0x38, 0x02, 0xFD, 0x00, 0x00, 0x38, 0x02, 0xFD, 0x00, 0x00,
    0x2C, 0x02, 0xFD, 0x00, 0xD0, 0x1C, 0x02, 0xFD, 0x00, 0xD0, 0x00, 0x02, 0xFD, 0x03, 0xD0, 0x00,
    0x02, 0xFF, 0xFF, 0xD0, 0x00, 0x02, 0xFD, 0x02, 0xD0, 0x00, 0x02, 0xFD, 0x00, 0xD0, 0x00, 0x02,
    0xFD, 0x00, 0xD0, 0x00, 0x02, 0xFD, 0x00, 0x00, 0x0B, 0x02, 0xFD, 0x00, 0x00, 0x0E, 0x02, 0xFD,
    0x00, 0x00, 0x0D, 0x02, 0xFD, 0x00, 0x00, 0x2D, 0x02, 0xFD, 0x00, 0x00, 0x3C, 0x02, 0xFD, 0x00,
    0x06, 0xFC, 0xFF, 0xFF, 0xFF, 0xFF, 0xF8, 0x3F, 0xFF, 0xFF, 0xFF, 0xFF, 0x40, 0x03, 0xF4, 0x07,
    0xF8, 0x01, 0xF8, 0x00, 0x7C, 0x00, 0x7F, 0x80, 0x03, 0x80, 0x07, 0x40, 0x07, 0xF8, 0x00, 0x2C,
    0x00, 0xB0, 0x00, 0x7F, 0x80, 0x01, 0xC0, 0x0B, 0x00, 0x07, 0xF8, 0x00, 0x00, 0x00, 0xE0, 0x00,
    0x7F, 0x80, 0x00, 0x00, 0x00, 0x00, 0x07, 0xF8, 0x1B, 0xFF, 0x90, 0x00, 0x00, 0x7F, 0x8A, 0x40,
    0x3F, 0xC0, 0x00, 0x07, 0xFF, 0x40, 0x00, 0xFD, 0x00, 0x00, 0x7F, 0xD0, 0x00, 0x0F, 0xF0, 0x00,
    0x07, 0xFC, 0x00, 0x00, 0xFF, 0x00, 0x00, 0x7F, 0x80, 0x00, 0x0F, 0xF0, 0x00, 0x07, 0xF8, 0x00,
    0x00, 0xFF, 0x00, 0x00, 0x7F, 0x80, 0x00, 0x0F, 0xF0, 0x00, 0x07, 0xF8, 0x0B, 0xC0, 0xFE, 0x00,
    0x00, 0x7F, 0x82, 0xFE, 0x0F, 0xD0, 0x00, 0x07, 0xF8, 0x2F, 0xE0, 0xFC, 0x00, 0x00, 0x7F, 0x80,
    0xF8, 0x3F, 0x00, 0x0F, 0xFF, 0xFF, 0x02, 0xFF, 0x40, 0x00, 0x00, 0x02, 0xE0, 0x00, 0x00, 0x01,
    0xFF, 0x00, 0x00, 0x00, 0xBF, 0xF0, 0x00, 0x00, 0x0F, 0xE4, 0x00, 0x00, 0x00, 0x00, 0x00, 0x0F,
    0xFF, 0xFF, 0xFF, 0xFC, 0x02, 0xFD, 0x00, 0x1F, 0xC0, 0x2F, 0xD0, 0x00, 0x3C, 0x02, 0xFD, 0x00,
    0x02, 0xC0, 0x2F, 0xD0, 0x00, 0x0D, 0x02, 0xFD, 0x00, 0x00, 0xD0, 0x2F, 0xD0, 0x00, 0x0E, 0x02,
    0xFD, 0x00, 0x00, 0x00, 0x2F, 0xD0, 0x00, 0x00, 0x02, 0xFD, 0x00, 0x00, 0x00, 0x2F, 0xD0, 0x00,
    0x00, 0x02, 0xFD, 0x00, 0x00, 0x00, 0x2F, 0xD0, 0x00, 0x00, 0x02, 0xFD, 0x00, 0x00, 0x00, 0x2F,
    0xD0, 0x00, 0x00, 0x02, 0xFD, 0x00, 0x00, 0x00, 0x2F, 0xD0, 0x00, 0x00, 0x02, 0xFD, 0x00, 0x00,
    0x00, 0x2F, 0xD0, 0x00, 0x00, 0xFF, 0xFF, 0xFD, 0x00, 0x00, 0x00, 0x00, 0x6F, 0xFE, 0x41, 0xC0,
    0x00, 0xBF, 0x40, 0x1F, 0xFC, 0x00, 0xBF, 0x40, 0x00, 0x2F, 0xC0, 0x2F, 0xD0, 0x00, 0x00, 0xBC,
    0x07, 0xF4, 0x00, 0x00, 0x03, 0xC0, 0xFF, 0x00, 0x00, 0x00, 0x2C, 0x2F, 0xE0, 0x00, 0x00, 0x00,
    0xC3, 0xFD, 0x00, 0x00, 0x00, 0x00, 0x3F, 0xD0, 0x00, 0x00, 0x00, 0x03, 0xFF, 0xFF, 0xF9, 0x00,
    0x00, 0x3F, 0xE0, 0xBF, 0xFF, 0xF0, 0x03, 0xFD, 0x00, 0xFF, 0xFC, 0x00, 0x3F, 0xE0, 0x02, 0xF9,
    0x00, 0x02, 0xFF, 0x00, 0x00, 0x00, 0x00, 0x0F, 0xF0, 0x00, 0x00, 0x00, 0xC0, 0xBF, 0x80, 0x00,
    0x00, 0x1C, 0x02, 0xFD, 0x00, 0x00, 0x03, 0x80, 0x0B, 0xF4, 0x00, 0x00, 0xB0, 0x00, 0x1F, 0xF4,
    0x01, 0xB8, 0x00, 0x00, 0x06, 0xFF, 0xE4, 0x00, 0x00, 0x00, 0x00, 0x00, 0x00, 0xBF, 0xF8, 0x28,
    0x07, 0xD0, 0x1B, 0xF8, 0x0F, 0x00, 0x01, 0xF8, 0x2F, 0x00, 0x00, 0x78, 0x3F, 0x00, 0x00, 0x38,
    0x3F, 0x00, 0x00, 0x28, 0x3F, 0xD0, 0x00, 0x00, 0x3F, 0xFF, 0x90, 0x00, 0x1F, 0xFF, 0xFF, 0x40,
    0x0B, 0xFF, 0xFF, 0xE0, 0x01, 0xFF, 0xFF, 0xF4, 0x00, 0x06, 0xFF, 0xFC, 0x00, 0x00, 0x07, 0xFD,
    0x00, 0x00, 0x00, 0xFE, 0x30, 0x00, 0x00, 0x7E, 0x34, 0x00, 0x00, 0x3D, 0x3C, 0x00, 0x00, 0x7C,
    0x3E, 0x00, 0x00, 0xF8, 0x3F, 0xE4, 0x02, 0xE0, 0x34, 0x6F, 0xFE, 0x40, 0x00, 0x00, 0x00, 0x3F,
    0xFF, 0xFE, 0x00, 0xBF, 0x40, 0x00, 0xBF, 0x40, 0x00, 0xBF, 0x40, 0x00, 0xBF, 0x40, 0x00, 0xBF,
    0x40, 0x00, 0xBF, 0x40, 0x00, 0xBF, 0x40, 0x00, 0xBF, 0x40, 0x00, 0xBF, 0x40, 0x00, 0xBF, 0x40,
    0x00, 0xBF, 0x40, 0x00, 0xBF, 0x40, 0x00, 0xBF, 0x40, 0x00, 0xBF, 0x40, 0x00, 0xBF, 0x40, 0x00,
    0xBF, 0x40, 0x00, 0xBF, 0x40, 0x00, 0xBF, 0x40, 0x3F, 0xFF, 0xFE, 0x00, 0x00, 0x00, 0x1F, 0x40,
    0xB8, 0x3F, 0xC1, 0xFE, 0x3F, 0xD2, 0xFF, 0x3F, 0xC1, 0xFE, 0x1F, 0x40, 0xB8, 0x00, 0x00, 0x00,
    0x3F, 0xFF, 0xFE, 0x00, 0xBF, 0x40, 0x00, 0xBF, 0x40, 0x00, 0xBF, 0x40, 0x00, 0xBF, 0x40, 0x00,
    0xBF, 0x40, 0x00, 0xBF, 0x40, 0x00, 0xBF, 0x40, 0x00, 0xBF, 0x40, 0x00, 0xBF, 0x40, 0x00, 0xBF,
    0x40, 0x00, 0xBF, 0x40, 0x00, 0xBF, 0x40, 0x00, 0xBF, 0x40, 0x00, 0xBF, 0x40, 0x00, 0xBF, 0x40,
    0x00, 0xBF, 0x40, 0x00, 0xBF, 0x40, 0x00, 0xBF, 0x40, 0x3F, 0xFF, 0xFE, 0x00, 0x00, 0x00, 0x00,
    0x00, 0x3F, 0xFF, 0xFD, 0x00, 0x00, 0x3F, 0xC0, 0x00, 0x00, 0x3F, 0xC0, 0x00, 0x00, 0x3F, 0xC0,
    0x00, 0x00, 0x3F, 0xC0, 0x00, 0x00, 0x3F, 0xC0, 0x00, 0x00, 0x3F, 0xC0, 0x00, 0x00, 0x3F, 0xC0,
    0x00, 0x00, 0x3F, 0xC0, 0x00, 0x00, 0x3F, 0xC0, 0x00, 0x00, 0x3F, 0xC0, 0x00, 0x00, 0x3F, 0xC0,
    0x00, 0x00, 0x3F, 0xC0, 0x00, 0x00, 0x3F, 0xC0, 0x00, 0x00, 0x3F, 0xC0, 0x2F, 0x40, 0x3F, 0xC0,
    0x3F, 0xC0, 0x3F, 0x80, 0x3F, 0xC0, 0x7F, 0x40, 0x2F, 0x41, 0xFD, 0x00, 0x06, 0xFF, 0xE0, 0x00,
    0x00, 0x1F, 0xFF, 0xFF, 0xFF, 0xFF, 0xC0, 0x00, 0x00, 0x00, 0x03, 0x40, 0x01, 0xFF, 0x00, 0x00,
    0x00, 0x00, 0x00, 0x34, 0x00, 0x1F, 0xF0, 0x00, 0x00, 0x00, 0x00, 0x03, 0x40, 0x01, 0xFF, 0x00,
    0x00, 0x00, 0x00, 0x00, 0x34, 0x00, 0x1F, 0xF0, 0x00, 0x00, 0x00, 0x00, 0x03, 0x40, 0x01, 0xFF,
    0x00, 0x00, 0x00, 0x00, 0x00, 0x34, 0x00, 0x1F, 0xF0, 0x00, 0x00, 0x00, 0x00, 0x03, 0x40, 0x01,
    0xFF, 0x00, 0x00, 0x00, 0x00, 0x00, 0x30, 0x00, 0x1F, 0xF0, 0x00, 0x00, 0x00, 0x00, 0x03, 0x00,
    0x01, 0xFF, 0xBF, 0xFE, 0x40, 0x00, 0x00, 0x70, 0x00, 0x1F, 0xF4, 0x01, 0xFF, 0x00, 0x00, 0x07,
    0x00, 0x01, 0xFF, 0x00, 0x07, 0xFC, 0x00, 0x00, 0xB0, 0x00, 0x1F, 0xF0, 0x00, 0x3F, 0xD0, 0x00,
    0x0A, 0x00, 0x01, 0xFF, 0x00, 0x02, 0xFF, 0x00, 0x00, 0xE0, 0x00, 0x1F, 0xF0, 0x00, 0x2F, 0xF1,
    0xF8, 0x0D, 0x00, 0x01, 0xFF, 0x00, 0x02, 0xFF, 0x3F, 0xC1, 0xC0, 0x00, 0x1F, 0xF0, 0x00, 0x3F,
    0xE3, 0xFC, 0x38, 0x00, 0x01, 0xFF, 0x00, 0x07, 0xFC, 0x2F, 0x8B, 0x00, 0x00, 0x1F, 0xF0, 0x01,
    0xFF, 0x00, 0x7F, 0x80, 0x00, 0x7F, 0xFF, 0xFF, 0xFE, 0x40, 0x00, 0x00, 0x00, 0x00, 0x00, 0x00,
    0x00, 0x00, 0x3F, 0xFF, 0xFE, 0x07, 0xFF, 0xFF, 0xC0, 0x00, 0x00, 0x2F, 0xD0, 0x00, 0x07, 0xFC,
    0x00, 0x00, 0x00, 0x0B, 0xF4, 0x00, 0x01, 0xFF, 0x00, 0x00, 0x00, 0x02, 0xFD, 0x00, 0x00, 0x7F,
    0xC0, 0x00, 0x00, 0x00, 0xBF, 0x40, 0x00, 0x1F, 0xF0, 0x00, 0x00, 0x00, 0x2F, 0xD0, 0x00, 0x07,
    0xFC, 0x00, 0x00, 0x00, 0x0B, 0xF4, 0x00, 0x01, 0xFF, 0x00, 0x00, 0x00, 0x02, 0xFD, 0x00, 0x00,
    0x7F, 0xC0, 0x00, 0x00, 0x00, 0xBF, 0x40, 0x00, 0x1F, 0xF6, 0xFF, 0xE0, 0x00, 0x2F, 0xFF, 0xFF,
    0xFF, 0xFE, 0x40, 0xBF, 0x80, 0x0B, 0xF4, 0x00, 0x01, 0xFF, 0x00, 0x0B, 0xF8, 0x02, 0xFD, 0x00,
    0x00, 0x7F, 0xC0, 0x00, 0xFF, 0x40, 0xBF, 0x40, 0x00, 0x1F, 0xF0, 0x00, 0x2F, 0xE0, 0x2F, 0xD0,
    0x00, 0x07, 0xFC, 0x00, 0x0B, 0xFC, 0x0B, 0xF4, 0x00, 0x01, 0xFF, 0x00, 0x02, 0xFF, 0x02, 0xFD,
    0x00, 0x00, 0x7F, 0xC0, 0x00, 0xBF, 0xC0, 0xBF, 0x40, 0x00, 0x1F, 0xF0, 0x00, 0x3F, 0xD0, 0x2F,
    0xD0, 0x00, 0x07, 0xFC, 0x00, 0x1F, 0xF0, 0x0B, 0xF4, 0x00, 0x01, 0xFF, 0x00, 0x1F, 0xF0, 0xFF,
    0xFF, 0xF8, 0x1F, 0xFF, 0xFF, 0xFF, 0x90, 0x00, 0x3F, 0xFF, 0xFF, 0xFF, 0xFD, 0x00, 0x0F, 0x80,
    0xFF, 0x00, 0x1F, 0x80, 0x07, 0x80, 0x3F, 0xC0, 0x00, 0xE0, 0x01, 0xD0, 0x0F, 0xF0, 0x00, 0x2C,
    0x00, 0xB0, 0x03, 0xFC, 0x00, 0x07, 0x00, 0x2C, 0x00, 0xFF, 0x00, 0x00, 0x00, 0x0E, 0x00, 0x3F,
    0xC0, 0x00, 0x00, 0x00, 0x00, 0x0F, 0xF0, 0x6F, 0xF8, 0x00, 0x00, 0x03, 0xFC, 0xA4, 0x1F, 0xC0,
    0x00, 0x00, 0xFF, 0xD0, 0x03, 0xF4, 0x00, 0x00, 0x3F, 0xF0, 0x00, 0xBE, 0x00, 0x00, 0x0F, 0xF4,
    0x00, 0x2F, 0x80, 0x00, 0x03, 0xFC, 0x00, 0x0B, 0xE0, 0x00, 0x00, 0xFF, 0x00, 0x02, 0xF8, 0x00,
    0x00, 0x3F, 0xC0, 0x00, 0xBE, 0x00, 0x00, 0x0F, 0xF0, 0x00, 0x2F, 0x80, 0x00, 0x03, 0xFC, 0x00,
    0x0B, 0xE0, 0x00, 0x00, 0xFF, 0x00, 0x02, 0xF8, 0x00, 0x00, 0x3F, 0xC0, 0x00, 0xBE, 0x00, 0x03,
    0xFF, 0xFF, 0x83, 0xFF, 0xFC, 0x00, 0x00, 0x00, 0x00, 0x00, 0x00, 0x00, 0x00, 0x00, 0x00, 0x0B,
    0x40, 0x00, 0x00, 0x00, 0x00, 0x7F, 0xC0, 0x00, 0x00, 0x00, 0x02, 0xFF, 0xC0, 0x00, 0x00, 0x00,
    0x07, 0xE9, 0x00, 0x00, 0x00, 0x00, 0x00, 0x00, 0x00, 0x00, 0xFF, 0xFF, 0xF8, 0x00, 0xFF, 0xFC,
    0x02, 0xFD, 0x00, 0x00, 0x1F, 0x40, 0x02, 0xFD, 0x00, 0x00, 0x7C, 0x00, 0x02, 0xFD, 0x00, 0x01,
    0xE0, 0x00, 0x02, 0xFD, 0x00, 0x07, 0x80, 0x00, 0x02, 0xFD, 0x00, 0x2E, 0x00, 0x00, 0x02, 0xFD,
    0x00, 0xB4, 0x00, 0x00, 0x02, 0xFD, 0x03, 0xD0, 0x00, 0x00, 0x02, 0xFD, 0x0F, 0xE0, 0x00, 0x00,
    0x02, 0xFD, 0x7F, 0xF4, 0x00, 0x00, 0x02, 0xFE, 0xF7, 0xFC, 0x00, 0x00, 0x02, 0xFF, 0x82, 0xFF,
    0x00, 0x00, 0x02, 0xFE, 0x00, 0xFF, 0x80, 0x00, 0x02, 0xFD, 0x00, 0x7F, 0xD0, 0x00, 0x02, 0xFD,
    0x00, 0x2F, 0xF0, 0x00, 0x02, 0xFD, 0x00, 0x0F, 0xFC, 0x00, 0x02, 0xFD, 0x00, 0x03, 0xFE, 0x00,
    0x02, 0xFD, 0x00, 0x01, 0xFF, 0x40, 0x02, 0xFD, 0x00, 0x00, 0xFF, 0xC0, 0xFF, 0xFF, 0xF8, 0x0B,
    0xFF, 0xFE, 0x00, 0x00, 0x3E, 0x00, 0x00, 0x00, 0x00, 0x00, 0x7F, 0xE4, 0x00, 0x00, 0x00, 0x00,
    0x3F, 0xFC, 0x00, 0x00, 0x00, 0x00, 0x00, 0x00, 0x00, 0x00, 0x00, 0x00, 0x00, 0x00, 0x00, 0x00,
    0xFF, 0xFF, 0xF8, 0x1F, 0xFF, 0xFF, 0x02, 0xFD, 0x00, 0x00, 0xBF, 0xC0, 0x02, 0xFD, 0x00, 0x00,
    0xFF, 0xC0, 0x02, 0xFD, 0x00, 0x03, 0xFF, 0xC0, 0x02, 0xFD, 0x00, 0x07, 0xBF, 0xC0, 0x02, 0xFD,
    0x00, 0x0E, 0x7F, 0xC0, 0x02, 0xFD, 0x00, 0x2C, 0x7F, 0xC0, 0x02, 0xFD, 0x00, 0x74, 0x7F, 0xC0,
    0x02, 0xFD, 0x00, 0xF0, 0x7F, 0xC0, 0x02, 0xFD, 0x01, 0xC0, 0x7F, 0xC0, 0x02, 0xFD, 0x03, 0x80,
    0x7F, 0xC0, 0x02, 0xFD, 0x0B, 0x00, 0x7F, 0xC0, 0x02, 0xFD, 0x1D, 0x00, 0x7F, 0xC0, 0x02, 0xFD,
    0x3C, 0x00, 0x7F, 0xC0, 0x02, 0xFD, 0xB0, 0x00, 0x7F, 0xC0, 0x02, 0xFE, 0xE0, 0x00, 0x7F, 0xC0,
    0x02, 0xFF, 0xC0, 0x00, 0x7F, 0xC0, 0x02, 0xFF, 0x40, 0x00, 0x7F, 0xC0, 0x02, 0xFE, 0x00, 0x00,
    0x7F, 0xC0, 0xFF, 0xFF, 0xF8, 0x1F, 0xFF, 0xFF, 0x00, 0x00, 0x2F, 0x00, 0xF8, 0x00, 0x00, 0x00,
    0x1F, 0xE0, 0xFF, 0x00, 0x00, 0x00, 0x03, 0xF8, 0x3F, 0xC0, 0x00, 0x00, 0x00, 0xBD, 0x07, 0xE0,
    0x00, 0x00, 0x00, 0x06, 0xFF, 0x80, 0x00, 0x00, 0x00, 0x00, 0x00, 0x00, 0x00, 0x03, 0xFF, 0xFF,
    0x80, 0x02, 0xFF, 0xF4, 0x03, 0xFD, 0x00, 0x00, 0x03, 0xC0, 0x00, 0x7F, 0xC0, 0x00, 0x01, 0xD0,
    0x00, 0x0F, 0xFC, 0x00, 0x00, 0xF0, 0x00, 0x00, 0xFF, 0x40, 0x00, 0x38, 0x00, 0x00, 0x1F, 0xF0,
    0x00, 0x2C, 0x00, 0x00, 0x03, 0xFE, 0x00, 0x0E, 0x00, 0x00, 0x00, 0x3F, 0xD0, 0x07, 0x40, 0x00,
    0x00, 0x0B, 0xFC, 0x03, 0xC0, 0x00, 0x00, 0x00, 0xFF, 0x80, 0xD0, 0x00, 0x00, 0x00, 0x0F, 0xF4,
    0xB0, 0x00, 0x00, 0x00, 0x02, 0xFF, 0x38, 0x00, 0x00, 0x00, 0x00, 0x3F, 0xFD, 0x00, 0x00, 0x00,
    0x00, 0x03, 0xFF, 0x00, 0x00, 0x00, 0x00, 0x00, 0xBF, 0x40, 0x00, 0x00, 0x07, 0xE0, 0x0F, 0xC0,
    0x00, 0x00, 0x03, 0xFD, 0x01, 0xD0, 0x00, 0x00, 0x00, 0xFF, 0x40, 0xE0, 0x00, 0x00, 0x00, 0x1F,
    0x81, 0xE0, 0x00, 0x00, 0x00, 0x01, 0xBF, 0x80, 0x00, 0x00, 0x00, 0x00, 0x00, 0x00, 0x00, 0x00,
    0x00, 0xFF, 0xFF, 0xF8, 0x1F, 0xFF, 0xFF, 0x02, 0xFD, 0x00, 0x00, 0x7F, 0xC0, 0x02, 0xFD, 0x00,
    0x00, 0x7F, 0xC0, 0x02, 0xFD, 0x00, 0x00, 0x7F, 0xC0, 0x02, 0xFD, 0x00, 0x00, 0x7F, 0xC0, 0x02,
    0xFD, 0x00, 0x00, 0x7F, 0xC0, 0x02, 0xFD, 0x00, 0x00, 0x7F, 0xC0, 0x02, 0xFD, 0x00, 0x00, 0x7F,
    0xC0, 0x02, 0xFD, 0x00, 0x00, 0x7F, 0xC0, 0x02, 0xFD, 0x00, 0x00, 0x7F, 0xC0, 0x02, 0xFD, 0x00,
    0x00, 0x7F, 0xC0, 0x02, 0xFD, 0x00, 0x00, 0x7F, 0xC0, 0x02, 0xFD, 0x00, 0x00, 0x7F, 0xC0, 0x02,
    0xFD, 0x00, 0x00, 0x7F, 0xC0, 0x02, 0xFD, 0x00, 0x00, 0x7F, 0xC0, 0x02, 0xFD, 0x00, 0x00, 0x7F,
    0xC0, 0x02, 0xFD, 0x00, 0x00, 0x7F, 0xC0, 0x02, 0xFD, 0x00, 0x00, 0x7F, 0xC0, 0x02, 0xFD, 0x00,
    0x00, 0x7F, 0xC0, 0xFF, 0xFF, 0xFF, 0xFF, 0xFF, 0xFF, 0x00, 0x00, 0x0B, 0xF0, 0x00, 0x00, 0x00,
    0x00, 0x07, 0xD0, 0x00, 0x00, 0x00, 0x00, 0x03, 0xC0, 0x00, 0x00, 0x00, 0x00, 0x03, 0xC0, 0x00,
    0x00, 0x00, 0x00, 0x02, 0xC0, 0x00, 0x00, 0x00, 0x00, 0x02, 0xC0, 0x00, 0x00, 0x00, 0x00, 0x07,
    0x80, 0x00, 0x00, 0x00, 0x00, 0x3F, 0x00, 0x00, 0x00, 0x00, 0x01, 0xFD, 0x00, 0x00, 0x00, 0x00,
    0x0B, 0xFC, 0x00, 0x00, 0x00, 0x00, 0x3F, 0xF4, 0x00, 0x00, 0x00, 0x02, 0xEF, 0xE0, 0x00, 0x00,
    0x00, 0x0E, 0x3F, 0xC0, 0x00, 0x00, 0x00, 0x74, 0xBF, 0x40, 0x00, 0x00, 0x02, 0xC1, 0xFF, 0x00,
    0x00, 0x00, 0x0D, 0x03, 0xFD, 0x00, 0x00, 0x00, 0xB0, 0x07, 0xF8, 0x00, 0x00, 0x03, 0x80, 0x0F,
    0xF0, 0x00, 0x00, 0x1C, 0x00, 0x2F, 0xE0, 0x00, 0x00, 0xFF, 0xFF, 0xFF, 0xC0, 0x00, 0x03, 0x00,
    0x00, 0xBF, 0x40, 0x00, 0x2C, 0x00, 0x01, 0xFE, 0x00, 0x00, 0xE0, 0x00, 0x03, 0xFC, 0x00, 0x07,
    0x00, 0x00, 0x0B, 0xF8, 0x00, 0x3C, 0x00, 0x00, 0x1F, 0xF0, 0x3F, 0xFF, 0x40, 0x0F, 0xFF, 0xFF,
    0xFF, 0xFF, 0xFF, 0xFF, 0xF0, 0x00, 0xBF, 0x00, 0x01, 0xFD, 0x00, 0x2F, 0xC0, 0x00, 0x0F, 0x40,
    0x0B, 0xF0, 0x00, 0x01, 0xE0, 0x02, 0xFC, 0x00, 0x00, 0x38, 0x00, 0xBF, 0x00, 0x00, 0x0B, 0x00,
    0x2F, 0xC0, 0x00, 0x01, 0xC0, 0x0B, 0xF0, 0x00, 0x00, 0x00, 0x02, 0xFD, 0x00, 0x00, 0x00, 0x00,
    0xBF, 0xFF, 0xFF, 0x90, 0x00, 0x2F, 0xD0, 0x01, 0xBF, 0x80, 0x0B, 0xF0, 0x00, 0x0B, 0xF8, 0x02,
    0xFC, 0x00, 0x00, 0xFF, 0x40, 0xBF, 0x00, 0x00, 0x2F, 0xE0, 0x2F, 0xC0, 0x00, 0x0B, 0xFC, 0x0B,
    0xF0, 0x00, 0x02, 0xFE, 0x02, 0xFC, 0x00, 0x00, 0xFF, 0x40, 0xBF, 0x00, 0x00, 0xBF, 0xC0, 0x2F,
    0xC0, 0x00, 0xBF, 0x83, 0xFF, 0xFF, 0xFF, 0xFE, 0x40, 0xFF, 0xFF, 0xFF, 0xFE, 0x40, 0x00, 0xBF,
    0x00, 0x02, 0xFC, 0x00, 0x2F, 0xC0, 0x00, 0x3F, 0xC0, 0x0B, 0xF0, 0x00, 0x07, 0xF8, 0x02, 0xFC,
    0x00, 0x00, 0xFF, 0x00, 0xBF, 0x00, 0x00, 0x7F, 0xC0, 0x2F, 0xC0, 0x00, 0x2F, 0xE0, 0x0B, 0xF0,
    0x00, 0x0F, 0xF0, 0x02, 0xFC, 0x00, 0x1F, 0xE0, 0x00, 0xBF, 0xFF, 0xFF, 0xD0, 0x00, 0x2F, 0xC0,
    0x00, 0x7F, 0x40, 0x0B, 0xF0, 0x00, 0x07, 0xF8, 0x02, 0xFC, 0x00, 0x00, 0xFF, 0x40, 0xBF, 0x00,
    0x00, 0x2F, 0xE0, 0x2F, 0xC0, 0x00, 0x07, 0xFC, 0x0B, 0xF0, 0x00, 0x02, 0xFE, 0x02, 0xFC, 0x00,
    0x00, 0xFF, 0x40, 0xBF, 0x00, 0x00, 0x7F, 0xC0, 0x2F, 0xC0, 0x00, 0x7F, 0x83, 0xFF, 0xFF, 0xFF,
    0xFE, 0x40, 0xFF, 0xFF, 0xFF, 0xFF, 0xC0, 0x2F, 0xD0, 0x01, 0xFC, 0x02, 0xFD, 0x00, 0x03, 0xC0,
    0x2F, 0xD0, 0x00, 0x2C, 0x02, 0xFD, 0x00, 0x00, 0xD0, 0x2F, 0xD0, 0x00, 0x0D, 0x02, 0xFD, 0x00,
    0x00, 0xE0, 0x2F, 0xD0, 0x00, 0x00, 0x02, 0xFD, 0x00, 0x00, 0x00, 0x2F, 0xD0, 0x00, 0x00, 0x02,
    0xFD, 0x00, 0x00, 0x00, 0x2F, 0xD0, 0x00, 0x00, 0x02, 0xFD, 0x00, 0x00, 0x00, 0x2F, 0xD0, 0x00,
    0x00, 0x02, 0xFD, 0x00, 0x00, 0x00, 0x2F, 0xD0, 0x00, 0x00, 0x02, 0xFD, 0x00, 0x00, 0x00, 0x2F,
    0xD0, 0x00, 0x00, 0x02, 0xFD, 0x00, 0x00, 0x0F, 0xFF, 0xFF, 0xD0, 0x00, 0x00, 0x03, 0xFF, 0xFF,
    0xFF, 0xFF, 0xF0, 0x00, 0x00, 0x0D, 0x00, 0x07, 0xFC, 0x00, 0x00, 0x00, 0x0D, 0x00, 0x07, 0xFC,
    0x00, 0x00, 0x00, 0x0D, 0x00, 0x07, 0xFC, 0x00, 0x00, 0x00, 0x0D, 0x00, 0x07, 0xFC, 0x00, 0x00,
    0x00, 0x0C, 0x00, 0x07, 0xFC, 0x00, 0x00, 0x00, 0x0C, 0x00, 0x07, 0xFC, 0x00, 0x00, 0x00, 0x1C,
    0x00, 0x07, 0xFC, 0x00, 0x00, 0x00, 0x2C, 0x00, 0x07, 0xFC, 0x00, 0x00, 0x00, 0x28, 0x00, 0x07,
    0xFC, 0x00, 0x00, 0x00, 0x34, 0x00, 0x07, 0xFC, 0x00, 0x00, 0x00, 0x30, 0x00, 0x07, 0xFC, 0x00,
    0x00, 0x00, 0x70, 0x00, 0x07, 0xFC, 0x00, 0x00, 0x00, 0xE0, 0x00, 0x07, 0xFC, 0x00, 0x00, 0x01,
    0xC0, 0x00, 0x07, 0xFC, 0x00, 0x00, 0x03, 0x80, 0x00, 0x07, 0xFC, 0x00, 0x00, 0x07, 0x00, 0x00,
    0x07, 0xFC, 0x00, 0x00, 0x1D, 0x00, 0x00, 0x07, 0xFC, 0x00, 0x00, 0x78, 0x00, 0x00, 0x07, 0xFC,
    0x00, 0x1F, 0xFF, 0xFF, 0xFF, 0xFF, 0xFF, 0xF4, 0x1F, 0xD0, 0x00, 0x00, 0x00, 0x06, 0xF4, 0x2E,
    0x00, 0x00, 0x00, 0x00, 0x00, 0xB8, 0x2C, 0x00, 0x00, 0x00, 0x00, 0x00, 0x38, 0x38, 0x00, 0x00,
    0x00, 0x00, 0x00, 0x2C, 0x38, 0x00, 0x00, 0x00, 0x00, 0x00, 0x1C, 0x34, 0x00, 0x00, 0x00, 0x00,
    0x00, 0x1C, 0xFF, 0xFF, 0xFF, 0xFF, 0xF0, 0x02, 0xFD, 0x00, 0x07, 0xF4, 0x02, 0xFD, 0x00, 0x00,
    0xF4, 0x02, 0xFD, 0x00, 0x00, 0x38, 0x02, 0xFD, 0x00, 0x00, 0x38, 0x02, 0xFD, 0x00, 0x00, 0x2C,
    0x02, 0xFD, 0x00, 0xD0, 0x1C, 0x02, 0xFD, 0x00, 0xD0, 0x00, 0x02, 0xFD, 0x03, 0xD0, 0x00, 0x02,
    0xFF, 0xFF, 0xD0, 0x00, 0x02, 0xFD, 0x02, 0xD0, 0x00, 0x02, 0xFD, 0x00, 0xD0, 0x00, 0x02, 0xFD,
    0x00, 0xD0, 0x00, 0x02, 0xFD, 0x00, 0x00, 0x0B, 0x02, 0xFD, 0x00, 0x00, 0x0E, 0x02, 0xFD, 0x00,
    0x00, 0x0D, 0x02, 0xFD, 0x00, 0x00, 0x2D, 0x02, 0xFD, 0x00, 0x00, 0x3C, 0x02, 0xFD, 0x00, 0x06,
    0xFC, 0xFF, 0xFF, 0xFF, 0xFF, 0xF8, 0x3F, 0xFF, 0x00, 0x1F, 0xFF, 0xFF, 0x00, 0x1F, 0xFF, 0x80,
    0x0F, 0x40, 0x00, 0x07, 0xFC, 0x00, 0x00, 0x3E, 0x00, 0x00, 0x3D, 0x00, 0x00, 0x7F, 0xC0, 0x00,
    0x0B, 0x40, 0x00, 0x00, 0xB4, 0x00, 0x07, 0xFC, 0x00, 0x03, 0xD0, 0x00, 0x00, 0x02, 0xE0, 0x00,
    0x7F, 0xC0, 0x00, 0xF0, 0x00, 0x00, 0x00, 0x07, 0x80, 0x07, 0xFC, 0x00, 0x7C, 0x00, 0x00, 0x00,
    0x00, 0x1F, 0x00, 0x7F, 0xC0, 0x1F, 0x00, 0x00, 0x00, 0x00, 0x00, 0x3C, 0x07, 0xFC, 0x07, 0xC0,
    0x00, 0x00, 0x00, 0x00, 0x0B, 0xF0, 0x7F, 0xC2, 0xFC, 0x00, 0x00, 0x00, 0x00, 0x01, 0xFF, 0xD7,
    0xFC, 0xBF, 0xF0, 0x00, 0x00, 0x00, 0x00, 0x3F, 0xEB, 0xBF, 0xFD, 0xFF, 0x80, 0x00, 0x00, 0x00,
    0x0F, 0xFC, 0x2F, 0xFF, 0x03, 0xFD, 0x00, 0x00, 0x00, 0x02, 0xFF, 0x00, 0xBF, 0xC0, 0x2F, 0xF0,
    0x00, 0x00, 0x00, 0x3F, 0xD0, 0x07, 0xFC, 0x00, 0xFF, 0xC0, 0x00, 0x00, 0x0F, 0xF8, 0x00, 0x7F,
    0xC0, 0x03, 0xFE, 0x00, 0x00, 0x02, 0xFF, 0x00, 0x07, 0xFC, 0x00, 0x1F, 0xF4, 0x00, 0x00, 0x7F,
    0xC0, 0x00, 0x7F, 0xC0, 0x00, 0xBF, 0xC0, 0x00, 0x0F, 0xF4, 0x00, 0x07, 0xFC, 0x00, 0x03, 0xFE,
    0x00, 0x03, 0xFF, 0x00, 0x00, 0x7F, 0xC0, 0x00, 0x1F, 0xF8, 0x0B, 0xFF, 0xFE, 0x01, 0xFF, 0xFF,
    0xF0, 0x0F, 0xFF, 0xFC, 0x39, 0x6F, 0xFF, 0x90, 0x03, 0xFE, 0x40, 0x7F, 0xC0, 0x3F, 0x00, 0x00,
    0xFF, 0x03, 0xD0, 0x00, 0x07, 0xF8, 0x3C, 0x00, 0x00, 0x3F, 0xC3, 0x80, 0x00, 0x03, 0xFC, 0x00,
    0x00, 0x00, 0x7F, 0x80, 0x00, 0x00, 0x0F, 0xF0, 0x00, 0x00, 0x07, 0xF8, 0x00, 0x01, 0xFF, 0xF8,
    0x00, 0x00, 0x00, 0x06, 0xFC, 0x00, 0x00, 0x00, 0x07, 0xF8, 0x00, 0x00, 0x00, 0x3F, 0xD0, 0x00,
    0x00, 0x01, 0xFF, 0x30, 0x00, 0x00, 0x1F, 0xF3, 0x40, 0x00, 0x01, 0xFF, 0x38, 0x00, 0x00, 0x3F,
    0xD1, 0xD0, 0x00, 0x07, 0xF8, 0x07, 0xD0, 0x06, 0xFD, 0x00, 0x06, 0xFF, 0xF9, 0x00, 0x00, 0x00,
    0x00, 0x00, 0x00, 0x00, 0xFF, 0xFF, 0xF8, 0x1F, 0xFF, 0xFF, 0x02, 0xFD, 0x00, 0x00, 0xBF, 0xC0,
    0x02, 0xFD, 0x00, 0x00, 0xFF, 0xC0, 0x02, 0xFD, 0x00, 0x03, 0xFF, 0xC0, 0x02, 0xFD, 0x00, 0x07,
    0xBF, 0xC0, 0x02, 0xFD, 0x00, 0x0E, 0x7F, 0xC0, 0x02, 0xFD, 0x00, 0x2C, 0x7F, 0xC0, 0x02, 0xFD,
    0x00, 0x74, 0x7F, 0xC0, 0x02, 0xFD, 0x00, 0xF0, 0x7F, 0xC0, 0x02, 0xFD, 0x01, 0xC0, 0x7F, 0xC0,
    0x02, 0xFD, 0x03, 0x80, 0x7F, 0xC0, 0x02, 0xFD, 0x0B, 0x00, 0x7F, 0xC0, 0x02, 0xFD, 0x1D, 0x00,
    0x7F, 0xC0, 0x02, 0xFD, 0x3C, 0x00, 0x7F, 0xC0, 0x02, 0xFD, 0xB0, 0x00, 0x7F, 0xC0, 0x02, 0xFE,
    0xE0, 0x00, 0x7F, 0xC0, 0x02, 0xFF, 0xC0, 0x00, 0x7F, 0xC0, 0x02, 0xFF, 0x40, 0x00, 0x7F, 0xC0,
    0x02, 0xFE, 0x00, 0x00, 0x7F, 0xC0, 0xFF, 0xFF, 0xF8, 0x1F, 0xFF, 0xFF, 0x00, 0x01, 0xF0, 0x0F,
    0x80, 0x00, 0x00, 0x03, 0xFC, 0x2F, 0xD0, 0x00, 0x00, 0x03, 0xFC, 0x2F, 0xC0, 0x00, 0x00, 0x02,
    0xF4, 0x0F, 0x80, 0x00, 0x00, 0x00, 0x2F, 0xF9, 0x00, 0x00, 0x00, 0x00, 0x00, 0x00, 0x00, 0x00,
    0xFF, 0xFF, 0xF8, 0x1F, 0xFF, 0xFF, 0x02, 0xFD, 0x00, 0x00, 0xBF, 0xC0, 0x02, 0xFD, 0x00, 0x00,
    0xFF, 0xC0, 0x02, 0xFD, 0x00, 0x03, 0xFF, 0xC0, 0x02, 0xFD, 0x00, 0x07, 0xBF, 0xC0, 0x02, 0xFD,
    0x00, 0x0E, 0x7F, 0xC0, 0x02, 0xFD, 0x00, 0x2C, 0x7F, 0xC0, 0x02, 0xFD, 0x00, 0x74, 0x7F, 0xC0,
    0x02, 0xFD, 0x00, 0xF0, 0x7F, 0xC0, 0x02, 0xFD, 0x01, 0xC0, 0x7F, 0xC0, 0x02, 0xFD, 0x03, 0x80,
    0x7F, 0xC0, 0x02, 0xFD, 0x0B, 0x00, 0x7F, 0xC0, 0x02, 0xFD, 0x1D, 0x00, 0x7F, 0xC0, 0x02, 0xFD,
    0x3C, 0x00, 0x7F, 0xC0, 0x02, 0xFD, 0xB0, 0x00, 0x7F, 0xC0, 0x02, 0xFE, 0xE0, 0x00, 0x7F, 0xC0,
    0x02, 0xFF, 0xC0, 0x00, 0x7F, 0xC0, 0x02, 0xFF, 0x40, 0x00, 0x7F, 0xC0, 0x02, 0xFE, 0x00, 0x00,
    0x7F, 0xC0, 0xFF, 0xFF, 0xF8, 0x1F, 0xFF, 0xFF, 0xFF, 0xFF, 0xF8, 0x00, 0xFF, 0xFC, 0x02, 0xFD,
    0x00, 0x00, 0x1F, 0x40, 0x02, 0xFD, 0x00, 0x00, 0x7C, 0x00, 0x02, 0xFD, 0x00, 0x01, 0xE0, 0x00,
    0x02, 0xFD, 0x00, 0x07, 0x80, 0x00, 0x02, 0xFD, 0x00, 0x2E, 0x00, 0x00, 0x02, 0xFD, 0x00, 0xB4,
    0x00, 0x00, 0x02, 0xFD, 0x03, 0xD0, 0x00, 0x00, 0x02, 0xFD, 0x0F, 0xE0, 0x00, 0x00, 0x02, 0xFD,
    0x7F, 0xF4, 0x00, 0x00, 0x02, 0xFE, 0xF7, 0xFC, 0x00, 0x00, 0x02, 0xFF, 0x82, 0xFF, 0x00, 0x00,
    0x02, 0xFE, 0x00, 0xFF, 0x80, 0x00, 0x02, 0xFD, 0x00, 0x7F, 0xD0, 0x00, 0x02, 0xFD, 0x00, 0x2F,
    0xF0, 0x00, 0x02, 0xFD, 0x00, 0x0F, 0xFC, 0x00, 0x02, 0xFD, 0x00, 0x03, 0xFE, 0x00, 0x02, 0xFD,
    0x00, 0x01, 0xFF, 0x40, 0x02, 0xFD, 0x00, 0x00, 0xFF, 0xC0, 0xFF, 0xFF, 0xF8, 0x0B, 0xFF, 0xFE,
    0x00, 0x1F, 0xFF, 0xFF, 0xFF, 0xFF, 0xC0, 0x00, 0x0D, 0x00, 0x07, 0xFC, 0x00, 0x00, 0x03, 0x40,
    0x01, 0xFF, 0x00, 0x00, 0x00, 0xD0, 0x00, 0x7F, 0xC0, 0x00, 0x00, 0x34, 0x00, 0x1F, 0xF0, 0x00,
    0x00, 0x0D, 0x00, 0x07, 0xFC, 0x00, 0x00, 0x03, 0x40, 0x01, 0xFF, 0x00, 0x00, 0x00, 0xD0, 0x00,
    0x7F, 0xC0, 0x00, 0x00, 0x30, 0x00, 0x1F, 0xF0, 0x00, 0x00, 0x0C, 0x00, 0x07, 0xFC, 0x00, 0x00,
    0x07, 0x00, 0x01, 0xFF, 0x00, 0x00, 0x01, 0xC0, 0x00, 0x7F, 0xC0, 0x00, 0x00, 0xB0, 0x00, 0x1F,
    0xF0, 0x00, 0x00, 0x28, 0x00, 0x07, 0xFC, 0x00, 0x00, 0x0E, 0x00, 0x01, 0xFF, 0x00, 0x7E, 0x03,
    0x40, 0x00, 0x7F, 0xC0, 0x3F, 0xC1, 0xC0, 0x00, 0x1F, 0xF0, 0x0F, 0xF0, 0xE0, 0x00, 0x07, 0xFC,
    0x02, 0xF8, 0xB0, 0x00, 0x01, 0xFF, 0x00, 0x1F, 0xE0, 0x00, 0x1F, 0xFF, 0xFF, 0x00, 0x00, 0x00,
    0x00, 0x00, 0x00, 0x00, 0xFF, 0xFE, 0x00, 0x00, 0x00, 0x0F, 0xFF, 0xD0, 0x2F, 0xF0, 0x00, 0x00,
    0x02, 0xBF, 0x40, 0x02, 0xEF, 0x80, 0x00, 0x00, 0x37, 0xF4, 0x00, 0x2C, 0xFC, 0x00, 0x00, 0x06,
    0x7F, 0x40, 0x02, 0xCF, 0xE0, 0x00, 0x00, 0xC7, 0xF4, 0x00, 0x2C, 0x7F, 0x00, 0x00, 0x18, 0x7F,
    0x40, 0x02, 0xC3, 0xF4, 0x00, 0x03, 0x47, 0xF4, 0x00, 0x2C, 0x1F, 0xC0, 0x00, 0x30, 0x7F, 0x40,
    0x02, 0xC0, 0xFD, 0x00, 0x09, 0x07, 0xF4, 0x00, 0x2C, 0x0B, 0xF0, 0x00, 0xC0, 0x7F, 0x40, 0x02,
    0xC0, 0x3F, 0x00, 0x24, 0x07, 0xF4, 0x00, 0x2C, 0x02, 0xF8, 0x03, 0x00, 0x7F, 0x40, 0x02, 0xC0,
    0x0F, 0xC0, 0x60, 0x07, 0xF4, 0x00, 0x2C, 0x00, 0xFE, 0x0C, 0x00, 0x7F, 0x40, 0x02, 0xC0, 0x07,
    0xF1, 0x80, 0x07, 0xF4, 0x00, 0x2C, 0x00, 0x3F, 0x74, 0x00, 0x7F, 0x40, 0x02, 0xC0, 0x01, 0xFF,
    0x00, 0x07, 0xF4, 0x00, 0x2C, 0x00, 0x0F, 0xD0, 0x00, 0x7F, 0x40, 0x03, 0xC0, 0x00, 0xBC, 0x00,
    0x07, 0xF4, 0x0F, 0xFF, 0xF0, 0x03, 0x40, 0x1F, 0xFF, 0xFD, 0x00, 0x00, 0x00, 0x00, 0x00, 0x00,
    0xFF, 0xFF, 0xF8, 0x1F, 0xFF, 0xFF, 0x02, 0xFD, 0x00, 0x00, 0x7F, 0xC0, 0x02, 0xFD, 0x00, 0x00,
    0x7F, 0xC0, 0x02, 0xFD, 0x00, 0x00, 0x7F, 0xC0, 0x02, 0xFD, 0x00, 0x00, 0x7F, 0xC0, 0x02, 0xFD,
    0x00, 0x00, 0x7F, 0xC0, 0x02, 0xFD, 0x00, 0x00, 0x7F, 0xC0, 0x02, 0xFD, 0x00, 0x00, 0x7F, 0xC0,
    0x02, 0xFD, 0x00, 0x00, 0x7F, 0xC0, 0x02, 0xFF, 0xFF, 0xFF, 0xFF, 0xC0, 0x02, 0xFD, 0x00, 0x00,
    0x7F, 0xC0, 0x02, 0xFD, 0x00, 0x00, 0x7F, 0xC0, 0x02, 0xFD, 0x00, 0x00, 0x7F, 0xC0, 0x02, 0xFD,
    0x00, 0x00, 0x7F, 0xC0, 0x02, 0xFD, 0x00, 0x00, 0x7F, 0xC0, 0x02, 0xFD, 0x00, 0x00, 0x7F, 0xC0,
    0x02, 0xFD, 0x00, 0x00, 0x7F, 0xC0, 0x02, 0xFD, 0x00, 0x00, 0x7F, 0xC0, 0x02, 0xFD, 0x00, 0x00,
    0x7F, 0xC0, 0xFF, 0xFF, 0xF8, 0x1F, 0xFF, 0xFF, 0x00, 0x01, 0xBF, 0xF9, 0x00, 0x00, 0x00, 0x7F,
    0x40, 0x7F, 0x80, 0x00, 0x0F, 0xE0, 0x00, 0x2F, 0xC0, 0x00, 0xFE, 0x00, 0x00, 0x2F, 0xC0, 0x0B,
    0xF0, 0x00, 0x00, 0x3F, 0x80, 0x3F, 0xC0, 0x00, 0x00, 0xFF, 0x02, 0xFE, 0x00, 0x00, 0x02, 0xFE,
    0x0F, 0xF4, 0x00, 0x00, 0x07, 0xFC, 0x3F, 0xD0, 0x00, 0x00, 0x1F, 0xF0, 0xFF, 0x40, 0x00, 0x00,
    0x7F, 0xC3, 0xFD, 0x00, 0x00, 0x01, 0xFF, 0x0F, 0xF4, 0x00, 0x00, 0x07, 0xFC, 0x3F, 0xD0, 0x00,
    0x00, 0x1F, 0xF0, 0xBF, 0x80, 0x00, 0x00, 0xBF, 0x80, 0xFF, 0x00, 0x00, 0x03, 0xFC, 0x02, 0xFC,
    0x00, 0x00, 0x0F, 0xE0, 0x03, 0xFC, 0x00, 0x00, 0xFF, 0x00, 0x03, 0xF8, 0x00, 0x0B, 0xF0, 0x00,
    0x02, 0xFD, 0x01, 0xFE, 0x00, 0x00, 0x00, 0x6F, 0xFE, 0x40, 0x00, 0xFF, 0xFF, 0xFF, 0xFF, 0xFF,
    0xFF, 0x02, 0xFD, 0x00, 0x00, 0x7F, 0xC0, 0x02, 0xFD, 0x00, 0x00, 0x7F, 0xC0, 0x02, 0xFD, 0x00,
    0x00, 0x7F, 0xC0, 0x02, 0xFD, 0x00, 0x00, 0x7F, 0xC0, 0x02, 0xFD, 0x00, 0x00, 0x7F, 0xC0, 0x02,
    0xFD, 0x00, 0x00, 0x7F, 0xC0, 0x02, 0xFD, 0x00, 0x00, 0x7F, 0xC0, 0x02, 0xFD, 0x00, 0x00, 0x7F,
    0xC0, 0x02, 0xFD, 0x00, 0x00, 0x7F, 0xC0, 0x02, 0xFD, 0x00, 0x00, 0x7F, 0xC0, 0x02, 0xFD, 0x00,
    0x00, 0x7F, 0xC0, 0x02, 0xFD, 0x00, 0x00, 0x7F, 0xC0, 0x02, 0xFD, 0x00, 0x00, 0x7F, 0xC0, 0x02,
    0xFD, 0x00, 0x00, 0x7F, 0xC0, 0x02, 0xFD, 0x00, 0x00, 0x7F, 0xC0, 0x02, 0xFD, 0x00, 0x00, 0x7F,
    0xC0, 0x02, 0xFD, 0x00, 0x00, 0x7F, 0xC0, 0x02, 0xFD, 0x00, 0x00, 0x7F, 0xC0, 0xFF, 0xFF, 0xF8,
    0x1F, 0xFF, 0xFF, 0xFF, 0xFF, 0xFF, 0xFE, 0x00, 0x02, 0xFC, 0x00, 0x1F, 0xE0, 0x02, 0xFC, 0x00,
    0x03, 0xFC, 0x02, 0xFC, 0x00, 0x02, 0xFE, 0x02, 0xFC, 0x00, 0x02, 0xFF, 0x02, 0xFC, 0x00, 0x02,
    0xFF, 0x02, 0xFC, 0x00, 0x02, 0xFF, 0x02, 0xFC, 0x00, 0x02, 0xFD, 0x02, 0xFC, 0x00, 0x03, 0xFC,
    0x02, 0xFC, 0x00, 0x1F, 0xE0, 0x02, 0xFF, 0xFF, 0xFE, 0x00, 0x02, 0xFD, 0x00, 0x00, 0x00, 0x02,
    0xFD, 0x00, 0x00, 0x00, 0x02, 0xFD, 0x00, 0x00, 0x00, 0x02, 0xFD, 0x00, 0x00, 0x00, 0x02, 0xFD,
    0x00, 0x00, 0x00, 0x02, 0xFD, 0x00, 0x00, 0x00, 0x02, 0xFD, 0x00, 0x00, 0x00, 0x02, 0xFD, 0x00,
    0x00, 0x00, 0xFF, 0xFF, 0xF8, 0x00, 0x00, 0x00, 0x00, 0x6F, 0xFE, 0x41, 0xC0, 0x01, 0xFE, 0x40,
    0x1F, 0xBC, 0x00, 0xBF, 0x00, 0x00, 0x2F, 0xC0, 0x2F, 0xC0, 0x00, 0x00, 0xBC, 0x0B, 0xF4, 0x00,
    0x00, 0x03, 0xC0, 0xFF, 0x00, 0x00, 0x00, 0x2C, 0x2F, 0xE0, 0x00, 0x00, 0x01, 0xC3, 0xFD, 0x00,
    0x00, 0x00, 0x00, 0x3F, 0xD0, 0x00, 0x00, 0x00, 0x03, 0xFD, 0x00, 0x00, 0x00, 0x00, 0x3F, 0xD0,
    0x00, 0x00, 0x00, 0x03, 0xFD, 0x00, 0x00, 0x00, 0x00, 0x3F, 0xD0, 0x00, 0x00, 0x00, 0x02, 0xFE,
    0x00, 0x00, 0x00, 0x0C, 0x0F, 0xF0, 0x00, 0x00, 0x01, 0xC0, 0xBF, 0x40, 0x00, 0x00, 0x2C, 0x02,
    0xFC, 0x00, 0x00, 0x07, 0x00, 0x0B, 0xF0, 0x00, 0x01, 0xD0, 0x00, 0x1F, 0xE4, 0x01, 0xF0, 0x00,
    0x00, 0x0A, 0xFF, 0xE4, 0x00, 0x7F, 0xFF, 0xFF, 0xFF, 0xFF, 0x5F, 0x90, 0x1F, 0xE0, 0x0B, 0xD7,
    0x80, 0x07, 0xF8, 0x00, 0xBA, 0xC0, 0x01, 0xFE, 0x00, 0x0E, 0xB0, 0x00, 0x7F, 0x80, 0x02, 0xEC,
    0x00, 0x1F, 0xE0, 0x00, 0xBE, 0x00, 0x07, 0xF8, 0x00, 0x1C, 0x00, 0x01, 0xFE, 0x00, 0x00, 0x00,
    0x00, 0x7F, 0x80, 0x00, 0x00, 0x00, 0x1F, 0xE0, 0x00, 0x00, 0x00, 0x07, 0xF8, 0x00, 0x00, 0x00,
    0x01, 0xFE, 0x00, 0x00, 0x00, 0x00, 0x7F, 0x80, 0x00, 0x00, 0x00, 0x1F, 0xE0, 0x00, 0x00, 0x00,
    0x07, 0xF8, 0x00, 0x00, 0x00, 0x01, 0xFE, 0x00, 0x00, 0x00, 0x00, 0x7F, 0x80, 0x00, 0x00, 0x00,
    0x1F, 0xE0, 0x00, 0x00, 0x00, 0x07, 0xF8, 0x00, 0x00, 0x03, 0xFF, 0xFF, 0xFF, 0x00, 0x00, 0x00,
    0x00, 0x00, 0x00, 0x00, 0x3F, 0xFF, 0xF8, 0x00, 0x2F, 0xFF, 0x40, 0x3F, 0xD0, 0x00, 0x00, 0x3C,
    0x00, 0x07, 0xFC, 0x00, 0x00, 0x1D, 0x00, 0x00, 0xFF, 0xC0, 0x00, 0x0F, 0x00, 0x00, 0x0F, 0xF4,
    0x00, 0x03, 0x80, 0x00, 0x01, 0xFF, 0x00, 0x02, 0xC0, 0x00, 0x00, 0x3F, 0xE0, 0x00, 0xE0, 0x00,
    0x00, 0x03, 0xFD, 0x00, 0x74, 0x00, 0x00, 0x00, 0xBF, 0xC0, 0x3C, 0x00, 0x00, 0x00, 0x0F, 0xF8,
    0x0D, 0x00, 0x00, 0x00, 0x00, 0xFF, 0x4B, 0x00, 0x00, 0x00, 0x00, 0x2F, 0xF3, 0x80, 0x00, 0x00,
    0x00, 0x03, 0xFF, 0xD0, 0x00, 0x00, 0x00, 0x00, 0x3F, 0xF0, 0x00, 0x00, 0x00, 0x00, 0x0B, 0xF4,
    0x00, 0x00, 0x00, 0x7E, 0x00, 0xFC, 0x00, 0x00, 0x00, 0x3F, 0xD0, 0x1D, 0x00, 0x00, 0x00, 0x0F,
    0xF4, 0x0E, 0x00, 0x00, 0x00, 0x01, 0xF8, 0x1E, 0x00, 0x00, 0x00, 0x00, 0x1B, 0xF8, 0x00, 0x00,
    0x00, 0x00, 0x00, 0x00, 0x00, 0x00, 0x00, 0x00, 0x00, 0xFF, 0xFF, 0xFE, 0x00, 0x00, 0x00, 0x00,
    0x3F, 0xC0, 0x00, 0x00, 0x00, 0x00, 0x0F, 0xF0, 0x00, 0x00, 0x00, 0x0A, 0xFF, 0xFF, 0xF9, 0x00,
    0x00, 0x7F, 0xD0, 0xFF, 0x07, 0xF8, 0x00, 0xBF, 0x40, 0x3F, 0xC0, 0x2F, 0xD0, 0x7F, 0x80, 0x0F,
    0xF0, 0x03, 0xFC, 0x3F, 0xD0, 0x03, 0xFC, 0x00, 0xBF, 0x8F, 0xF0, 0x00, 0xFF, 0x00, 0x1F, 0xF3,
    0xFC, 0x00, 0x3F, 0xC0, 0x07, 0xFC, 0xFF, 0x00, 0x0F, 0xF0, 0x01, 0xFF, 0x3F, 0xD0, 0x03, 0xFC,
    0x00, 0xBF, 0x87, 0xF8, 0x00, 0xFF, 0x00, 0x3F, 0xC0, 0xBF, 0x40, 0x3F, 0xC0, 0x2F, 0xD0, 0x07,
    0xF9, 0x0F, 0xF0, 0x7F, 0xC0, 0x00, 0x1A, 0xFF, 0xFF, 0xF9, 0x00, 0x00, 0x00, 0x00, 0xFF, 0x00,
    0x00, 0x00, 0x00, 0x00, 0x3F, 0xC0, 0x00, 0x00, 0x00, 0x00, 0x0F, 0xF0, 0x00, 0x00, 0x00, 0x03,
    0xFF, 0xFF, 0xF8, 0x00, 0x00, 0x00, 0x00, 0x00, 0x00, 0x00, 0x00, 0x2F, 0xFF, 0xFD, 0x07, 0xFF,
    0xFC, 0x00, 0x1F, 0xF4, 0x00, 0x1F, 0x00, 0x00, 0x02, 0xFF, 0x00, 0x0B, 0x40, 0x00, 0x00, 0x3F,
    0xE0, 0x07, 0x80, 0x00, 0x00, 0x07, 0xFD, 0x03, 0xC0, 0x00, 0x00, 0x00, 0xBF, 0xC3, 0xC0, 0x00,
    0x00, 0x00, 0x0F, 0xFE, 0xD0, 0x00, 0x00, 0x00, 0x01, 0xFF, 0xE0, 0x00, 0x00, 0x00, 0x00, 0x2F,
    0xF0, 0x00, 0x00, 0x00, 0x00, 0x03, 0xFF, 0x00, 0x00, 0x00, 0x00, 0x00, 0x7F, 0xE0, 0x00, 0x00,
    0x00, 0x00, 0x3F, 0xFC, 0x00, 0x00, 0x00, 0x00, 0x3C, 0xFF, 0xC0, 0x00, 0x00, 0x00, 0x2D, 0x0F,
    0xF8, 0x00, 0x00, 0x00, 0x1E, 0x01, 0xFF, 0x40, 0x00, 0x00, 0x0F, 0x00, 0x2F, 0xF0, 0x00, 0x00,
    0x0F, 0x00, 0x03, 0xFE, 0x00, 0x00, 0x0B, 0x40, 0x00, 0x7F, 0xD0, 0x00, 0x07, 0xC0, 0x00, 0x0B,
    0xFC, 0x00, 0xFF, 0xFF, 0x40, 0x2F, 0xFF, 0xFC, 0x00, 0x00, 0x00, 0x00, 0x00, 0x00, 0x0F, 0xFF,
    0xFF, 0x81, 0xFF, 0xFF, 0xF0, 0x02, 0xFD, 0x00, 0x00, 0x7F, 0xC0, 0x00, 0x2F, 0xD0, 0x00, 0x07,
    0xFC, 0x00, 0x02, 0xFD, 0x00, 0x00, 0x7F, 0xC0, 0x00, 0x2F, 0xD0, 0x00, 0x07, 0xFC, 0x00, 0x02,
    0xFD, 0x00, 0x00, 0x7F, 0xC0, 0x00, 0x2F, 0xD0, 0x00, 0x07, 0xFC, 0x00, 0x02, 0xFD, 0x00, 0x00,
    0x7F, 0xC0, 0x00, 0x2F, 0xD0, 0x00, 0x07, 0xFC, 0x00, 0x02, 0xFD, 0x00, 0x00, 0x7F, 0xC0, 0x00,
    0x2F, 0xD0, 0x00, 0x07, 0xFC, 0x00, 0x02, 0xFD, 0x00, 0x00, 0x7F, 0xC0, 0x00, 0x2F, 0xD0, 0x00,
    0x07, 0xFC, 0x00, 0x02, 0xFD, 0x00, 0x00, 0x7F, 0xC0, 0x00, 0x2F, 0xD0, 0x00, 0x07, 0xFC, 0x00,
    0x02, 0xFD, 0x00, 0x00, 0x7F, 0xC0, 0x00, 0x2F, 0xD0, 0x00, 0x07, 0xFC, 0x00, 0x02, 0xFD, 0x00,
    0x00, 0x7F, 0xC0, 0x00, 0x2F, 0xD0, 0x00, 0x07, 0xFC, 0x00, 0xFF, 0xFF, 0xFF, 0xFF, 0xFF, 0xFF,
    0x40, 0x00, 0x00, 0x00, 0x00, 0x06, 0xF4, 0x00, 0x00, 0x00, 0x00, 0x00, 0x0B, 0x80, 0x00, 0x00,
    0x00, 0x00, 0x00, 0x38, 0x00, 0x00, 0x00, 0x00, 0x00, 0x02, 0xC0, 0x00, 0x00, 0x00, 0x00, 0x00,
    0x1C, 0x00, 0x00, 0x00, 0x00, 0x00, 0x01, 0xC0, 0xFF, 0xFF, 0xF8, 0x1F, 0xFF, 0xFF, 0x02, 0xFD,
    0x00, 0x00, 0x7F, 0xC0, 0x02, 0xFD, 0x00, 0x00, 0x7F, 0xC0, 0x02, 0xFD, 0x00, 0x00, 0x7F, 0xC0,
    0x02, 0xFD, 0x00, 0x00, 0x7F, 0xC0, 0x02, 0xFD, 0x00, 0x00, 0x7F, 0xC0, 0x02, 0xFD, 0x00, 0x00,
    0x7F, 0xC0, 0x02, 0xFD, 0x00, 0x00, 0x7F, 0xC0, 0x01, 0xFE, 0x00, 0x00, 0x7F, 0xC0, 0x00, 0xBF,
    0x00, 0x00, 0xBF, 0xC0, 0x00, 0x2F, 0x80, 0x1B, 0xFF, 0xC0, 0x00, 0x02, 0xFF, 0xE9, 0x7F, 0xC0,
    0x00, 0x00, 0x00, 0x00, 0x7F, 0xC0, 0x00, 0x00, 0x00, 0x00, 0x7F, 0xC0, 0x00, 0x00, 0x00, 0x00,
    0x7F, 0xC0, 0x00, 0x00, 0x00, 0x00, 0x7F, 0xC0, 0x00, 0x00, 0x00, 0x00, 0x7F, 0xC0, 0x00, 0x00,
    0x00, 0x00, 0x7F, 0xC0, 0x00, 0x00, 0x00, 0x00, 0x7F, 0xC0, 0x00, 0x00, 0x00, 0x1F, 0xFF, 0xFF,
    0x00, 0x00, 0x00, 0x00, 0x00, 0x00, 0xFF, 0xFF, 0xF8, 0x3F, 0xFF, 0xFD, 0x0F, 0xFF, 0xFF, 0x40,
    0xBF, 0x40, 0x00, 0x3F, 0xD0, 0x00, 0x0F, 0xF4, 0x00, 0x2F, 0xD0, 0x00, 0x0F, 0xF4, 0x00, 0x03,
    0xFD, 0x00, 0x0B, 0xF4, 0x00, 0x03, 0xFD, 0x00, 0x00, 0xFF, 0x40, 0x02, 0xFD, 0x00, 0x00, 0xFF,
    0x40, 0x00, 0x3F, 0xD0, 0x00, 0xBF, 0x40, 0x00, 0x3F, 0xD0, 0x00, 0x0F, 0xF4, 0x00, 0x2F, 0xD0,
    0x00, 0x0F, 0xF4, 0x00, 0x03, 0xFD, 0x00, 0x0B, 0xF4, 0x00, 0x03, 0xFD, 0x00, 0x00, 0xFF, 0x40,
    0x02, 0xFD, 0x00, 0x00, 0xFF, 0x40, 0x00, 0x3F, 0xD0, 0x00, 0xBF, 0x40, 0x00, 0x3F, 0xD0, 0x00,
    0x0F, 0xF4, 0x00, 0x2F, 0xD0, 0x00, 0x0F, 0xF4, 0x00, 0x03, 0xFD, 0x00, 0x0B, 0xF4, 0x00, 0x03,
    0xFD, 0x00, 0x00, 0xFF, 0x40, 0x02, 0xFD, 0x00, 0x00, 0xFF, 0x40, 0x00, 0x3F, 0xD0, 0x00, 0xBF,
    0x40, 0x00, 0x3F, 0xD0, 0x00, 0x0F, 0xF4, 0x00, 0x2F, 0xD0, 0x00, 0x0F, 0xF4, 0x00, 0x03, 0xFD,
    0x00, 0x0B, 0xF4, 0x00, 0x03, 0xFD, 0x00, 0x00, 0xFF, 0x40, 0x02, 0xFD, 0x00, 0x00, 0xFF, 0x40,
    0x00, 0x3F, 0xD0, 0x00, 0xBF, 0x40, 0x00, 0x3F, 0xD0, 0x00, 0x0F, 0xF4, 0x00, 0x2F, 0xD0, 0x00,
    0x0F, 0xF4, 0x00, 0x03, 0xFD, 0x03, 0xFF, 0xFF, 0xFF, 0xFF, 0xFF, 0xFF, 0xFF, 0xFF, 0xFD, 0xFF,
    0xFF, 0xF8, 0x3F, 0xFF, 0xFD, 0x0F, 0xFF, 0xFF, 0x40, 0x2F, 0xD0, 0x00, 0x0F, 0xF4, 0x00, 0x03,
    0xFD, 0x00, 0x02, 0xFD, 0x00, 0x00, 0xFF, 0x40, 0x00, 0x3F, 0xD0, 0x00, 0x2F, 0xD0, 0x00, 0x0F,
    0xF4, 0x00, 0x03, 0xFD, 0x00, 0x02, 0xFD, 0x00, 0x00, 0xFF, 0x40, 0x00, 0x3F, 0xD0, 0x00, 0x2F,
    0xD0, 0x00, 0x0F, 0xF4, 0x00, 0x03, 0xFD, 0x00, 0x02, 0xFD, 0x00, 0x00, 0xFF, 0x40, 0x00, 0x3F,
    0xD0, 0x00, 0x2F, 0xD0, 0x00, 0x0F, 0xF4, 0x00, 0x03, 0xFD, 0x00, 0x02, 0xFD, 0x00, 0x00, 0xFF,
    0x40, 0x00, 0x3F, 0xD0, 0x00, 0x2F, 0xD0, 0x00, 0x0F, 0xF4, 0x00, 0x03, 0xFD, 0x00, 0x02, 0xFD,
    0x00, 0x00, 0xFF, 0x40, 0x00, 0x3F, 0xD0, 0x00, 0x2F, 0xD0, 0x00, 0x0F, 0xF4, 0x00, 0x03, 0xFD,
    0x00, 0x02, 0xFD, 0x00, 0x00, 0xFF, 0x40, 0x00, 0x3F, 0xD0, 0x00, 0x2F, 0xD0, 0x00, 0x0F, 0xF4,
    0x00, 0x03, 0xFD, 0x00, 0x02, 0xFD, 0x00, 0x00, 0xFF, 0x40, 0x00, 0x3F, 0xD0, 0x00, 0x2F, 0xD0,
    0x00, 0x0F, 0xF4, 0x00, 0x03, 0xFD, 0x00, 0x02, 0xFD, 0x00, 0x00, 0xFF, 0x40, 0x00, 0x3F, 0xD0,
    0x00, 0x2F, 0xD0, 0x00, 0x0F, 0xF4, 0x00, 0x03, 0xFD, 0x00, 0x02, 0xFD, 0x00, 0x00, 0xFF, 0x40,
    0x00, 0x3F, 0xD0, 0x0F, 0xFF, 0xFF, 0xFF, 0xFF, 0xFF, 0xFF, 0xFF, 0xFF, 0xFC, 0x00, 0x00, 0x00,
    0x00, 0x00, 0x00, 0x00, 0x00, 0x2F, 0xC0, 0x00, 0x00, 0x00, 0x00, 0x00, 0x00, 0x00, 0x00, 0x3C,
    0x00, 0x00, 0x00, 0x00, 0x00, 0x00, 0x00, 0x00, 0x02, 0xC0, 0x00, 0x00, 0x00, 0x00, 0x00, 0x00,
    0x00, 0x00, 0x0D, 0x00, 0x00, 0x00, 0x00, 0x00, 0x00, 0x00, 0x00, 0x00, 0xD0, 0x00, 0x00, 0x00,
    0x00, 0x00, 0x00, 0x00, 0x00, 0x0E, 0x7F, 0xFF, 0xFF, 0xF0, 0x00, 0x00, 0x01, 0xF9, 0x01, 0xFE,
    0x00, 0x00, 0x00, 0x07, 0x80, 0x07, 0xF8, 0x00, 0x00, 0x00, 0x2C, 0x00, 0x1F, 0xE0, 0x00, 0x00,
    0x00, 0xB0, 0x00, 0x7F, 0x80, 0x00, 0x00, 0x02, 0x80, 0x01, 0xFE, 0x00, 0x00, 0x00, 0x0E, 0x00,
    0x07, 0xF8, 0x00, 0x00, 0x00, 0x00, 0x00, 0x1F, 0xE0, 0x00, 0x00, 0x00, 0x00, 0x00, 0x7F, 0x80,
    0x00, 0x00, 0x00, 0x00, 0x01, 0xFF, 0xFF, 0xFF, 0x90, 0x00, 0x00, 0x07, 0xF9, 0x00, 0x1F, 0xF0,
    0x00, 0x00, 0x1F, 0xE0, 0x00, 0x0F, 0xF0, 0x00, 0x00, 0x7F, 0x80, 0x00, 0x2F, 0xF0, 0x00, 0x01,
    0xFE, 0x00, 0x00, 0x3F, 0xC0, 0x00, 0x07, 0xF8, 0x00, 0x00, 0xFF, 0x40, 0x00, 0x1F, 0xE0, 0x00,
    0x07, 0xFC, 0x00, 0x00, 0x7F, 0x80, 0x00, 0x2F, 0xF0, 0x00, 0x01, 0xFE, 0x00, 0x00, 0xFF, 0x40,
    0x00, 0x07, 0xF8, 0x00, 0x1F, 0xF4, 0x00, 0x07, 0xFF, 0xFF, 0xFF, 0xF9, 0x00, 0x00, 0x00, 0x00,
    0x00, 0x00, 0x00, 0x00, 0x03, 0xFF, 0xFF, 0xC0, 0x00, 0x03, 0xFF, 0xFF, 0xD0, 0x2F, 0xC0, 0x00,
    0x00, 0x00, 0x3F, 0xC0, 0x00, 0xBF, 0x00, 0x00, 0x00, 0x00, 0xFF, 0x00, 0x02, 0xFC, 0x00, 0x00,
    0x00, 0x03, 0xFC, 0x00, 0x0B, 0xF0, 0x00, 0x00, 0x00, 0x0F, 0xF0, 0x00, 0x2F, 0xC0, 0x00, 0x00,
    0x00, 0x3F, 0xC0, 0x00, 0xBF, 0x00, 0x00, 0x00, 0x00, 0xFF, 0x00, 0x02, 0xFC, 0x00, 0x00, 0x00,
    0x03, 0xFC, 0x00, 0x0B, 0xF0, 0x00, 0x00, 0x00, 0x0F, 0xF0, 0x00, 0x2F, 0xFF, 0xFF, 0xE8, 0x00,
    0x3F, 0xC0, 0x00, 0xBF, 0x00, 0x06, 0xFE, 0x00, 0xFF, 0x00, 0x02, 0xFC, 0x00, 0x02, 0xFF, 0x03,
    0xFC, 0x00, 0x0B, 0xF0, 0x00, 0x03, 0xFD, 0x0F, 0xF0, 0x00, 0x2F, 0xC0, 0x00, 0x0B, 0xF8, 0x3F,
    0xC0, 0x00, 0xBF, 0x00, 0x00, 0x2F, 0xF0, 0xFF, 0x00, 0x02, 0xFC, 0x00, 0x00, 0xFF, 0x83, 0xFC,
    0x00, 0x0B, 0xF0, 0x00, 0x03, 0xFD, 0x0F, 0xF0, 0x00, 0x2F, 0xC0, 0x00, 0x2F, 0xE0, 0x3F, 0xC0,
    0x00, 0xBF, 0x00, 0x02, 0xFE, 0x00, 0xFF, 0x00, 0xFF, 0xFF, 0xFF, 0xFF, 0x80, 0xFF, 0xFF, 0xF4,
    0x00, 0x00, 0x00, 0x00, 0x00, 0x3F, 0xFF, 0xFC, 0x00, 0x00, 0x00, 0x2F, 0xC0, 0x00, 0x00, 0x00,
    0x0B, 0xF0, 0x00, 0x00, 0x00, 0x02, 0xFC, 0x00, 0x00, 0x00, 0x00, 0xBF, 0x00, 0x00, 0x00, 0x00,
    0x2F, 0xC0, 0x00, 0x00, 0x00, 0x0B, 0xF0, 0x00, 0x00, 0x00, 0x02, 0xFC, 0x00, 0x00, 0x00, 0x00,
    0xBF, 0x00, 0x00, 0x00, 0x00, 0x2F, 0xFF, 0xFF, 0xE8, 0x00, 0x0B, 0xF0, 0x00, 0x6F, 0xE0, 0x02,
    0xFC, 0x00, 0x02, 0xFF, 0x00, 0xBF, 0x00, 0x00, 0x3F, 0xD0, 0x2F, 0xC0, 0x00, 0x0B, 0xF8, 0x0B,
    0xF0, 0x00, 0x02, 0xFF, 0x02, 0xFC, 0x00, 0x00, 0xFF, 0x80, 0xBF, 0x00, 0x00, 0x3F, 0xD0, 0x2F,
    0xC0, 0x00, 0x2F, 0xE0, 0x0B, 0xF0, 0x00, 0x2F, 0xE0, 0xFF, 0xFF, 0xFF, 0xFF, 0x80, 0x00, 0x00,
    0x00, 0x00, 0x00, 0x00, 0x03, 0x41, 0xBF, 0xF9, 0x00, 0x00, 0x3F, 0xF4, 0x01, 0xFE, 0x00, 0x03,
    0xF8, 0x00, 0x01, 0xFD, 0x00, 0x3F, 0x00, 0x00, 0x07, 0xF4, 0x03, 0xC0, 0x00, 0x00, 0x2F, 0xD0,
    0x38, 0x00, 0x00, 0x00, 0xFF, 0x03, 0x40, 0x00, 0x00, 0x0F, 0xF4, 0x10, 0x00, 0x00, 0x00, 0xBF,
    0x80, 0x00, 0x00, 0x00, 0x07, 0xFC, 0x00, 0x00, 0x00, 0x00, 0x7F, 0xC0, 0x06, 0xFF, 0xFF, 0xFB,
    0xFC, 0x00, 0x82, 0xFF, 0xFE, 0xBF, 0xC0, 0x00, 0x02, 0xFE, 0x0B, 0xFC, 0x00, 0x00, 0x00, 0x00,
    0xBF, 0xC3, 0x00, 0x00, 0x00, 0x0F, 0xF4, 0x34, 0x00, 0x00, 0x02, 0xFF, 0x02, 0xC0, 0x00, 0x00,
    0x7F, 0xC0, 0x0F, 0x00, 0x00, 0x1F, 0xF0, 0x00, 0x2E, 0x40, 0x1F, 0xF4, 0x00, 0x00, 0x1B, 0xFF,
    0xA4, 0x00, 0x00, 0x00, 0x00, 0x00, 0x00, 0x00, 0x00, 0x00, 0x00, 0x03, 0xFF, 0xFF, 0xE0, 0x00,
    0x06, 0xFF, 0xE4, 0x00, 0x00, 0x2F, 0xD0, 0x00, 0x02, 0xF9, 0x01, 0xFE, 0x00, 0x00, 0xBF, 0x40,
    0x00, 0x3F, 0x40, 0x00, 0xBF, 0x00, 0x02, 0xFD, 0x00, 0x03, 0xF4, 0x00, 0x00, 0xBF, 0x00, 0x0B,
    0xF4, 0x00, 0x3F, 0xC0, 0x00, 0x00, 0xFE, 0x00, 0x2F, 0xD0, 0x01, 0xFE, 0x00, 0x00, 0x03, 0xFC,
    0x00, 0xBF, 0x40, 0x0B, 0xF4, 0x00, 0x00, 0x0B, 0xF8, 0x02, 0xFD, 0x00, 0x3F, 0xC0, 0x00, 0x00,
    0x1F, 0xF0, 0x0B, 0xF4, 0x00, 0xFF, 0x00, 0x00, 0x00, 0x7F, 0xC0, 0x2F, 0xFF, 0xFF, 0xFC, 0x00,
    0x00, 0x01, 0xFF, 0x00, 0xBF, 0x40, 0x0F, 0xF0, 0x00, 0x00, 0x07, 0xFC, 0x02, 0xFD, 0x00, 0x3F,
    0xD0, 0x00, 0x00, 0x1F, 0xF0, 0x0B, 0xF4, 0x00, 0xFF, 0x40, 0x00, 0x00, 0xBF, 0x80, 0x2F, 0xD0,
    0x02, 0xFE, 0x00, 0x00, 0x03, 0xFD, 0x00, 0xBF, 0x40, 0x03, 0xFC, 0x00, 0x00, 0x0F, 0xF0, 0x02,
    0xFD, 0x00, 0x0B, 0xF0, 0x00, 0x00, 0x7F, 0x40, 0x0B, 0xF4, 0x00, 0x0F, 0xF0, 0x00, 0x03, 0xF8,
    0x00, 0x2F, 0xD0, 0x00, 0x0F, 0xE0, 0x00, 0x3F, 0x80, 0x00, 0xBF, 0x40, 0x00, 0x07, 0xF4, 0x07,
    0xF4, 0x00, 0xFF, 0xFF, 0xF8, 0x00, 0x01, 0xBF, 0xF9, 0x00, 0x00, 0x00, 0x01, 0xAF, 0xFF, 0xFF,
    0xFF, 0x00, 0x1F, 0xE4, 0x00, 0x3F, 0xC0, 0x00, 0xBF, 0x40, 0x00, 0x3F, 0xC0, 0x01, 0xFF, 0x00,
    0x00, 0x3F, 0xC0, 0x02, 0xFE, 0x00, 0x00, 0x3F, 0xC0, 0x02, 0xFE, 0x00, 0x00, 0x3F, 0xC0, 0x00,
    0xFF, 0x00, 0x00, 0x3F, 0xC0, 0x00, 0xBF, 0x40, 0x00, 0x3F, 0xC0, 0x00, 0x1F, 0xE4, 0x00, 0x3F,
    0xC0, 0x00, 0x01, 0xBF, 0xFF, 0xFF, 0xC0, 0x00, 0x00, 0x2F, 0xF0, 0x3F, 0xC0, 0x00, 0x00, 0x7F,
    0xD0, 0x3F, 0xC0, 0x00, 0x00, 0xFF, 0x80, 0x3F, 0xC0, 0x00, 0x03, 0xFF, 0x00, 0x3F, 0xC0, 0x00,
    0x0B, 0xFC, 0x00, 0x3F, 0xC0, 0x00, 0x1F, 0xF4, 0x00, 0x3F, 0xC0, 0x00, 0x3F, 0xE0, 0x00, 0x3F,
    0xC0, 0x00, 0xFF, 0xC0, 0x00, 0x3F, 0xC0, 0x02, 0xFF, 0x40, 0x00, 0x3F, 0xC0, 0xBF, 0xFF, 0xF0,
    0x1F, 0xFF, 0xFF, 0x01, 0xBF, 0xF8, 0x00, 0x02, 0xF4, 0x0F, 0xD0, 0x00, 0xFE, 0x00, 0xFD, 0x00,
    0x1F, 0x00, 0x2F, 0x80, 0x00, 0x00, 0x0B, 0xE0, 0x00, 0x06, 0xBF, 0xF8, 0x00, 0x2F, 0xE0, 0xBE,
    0x00, 0x3F, 0x80, 0x2F, 0x80, 0x2F, 0x80, 0x0B, 0xE0, 0x0F, 0xD0, 0x03, 0xF8, 0x03, 0xF4, 0x00,
    0xFE, 0x00, 0x7F, 0x41, 0xEF, 0xC0, 0x02, 0xFF, 0x91, 0xFF, 0x00, 0x00, 0x00, 0x05, 0xB8, 0x00,
    0x1B, 0xFF, 0xF8, 0x01, 0xFF, 0xFF, 0xF0, 0x07, 0xFF, 0xA9, 0x40, 0x0F, 0xD0, 0x00, 0x00, 0x1F,
    0x00, 0x00, 0x00, 0x2D, 0x00, 0x00, 0x00, 0x3C, 0x2F, 0xF9, 0x00, 0x3A, 0xF4, 0x0B, 0xD0, 0x3F,
    0xD0, 0x02, 0xF4, 0x3F, 0xC0, 0x00, 0xFC, 0x3F, 0x80, 0x00, 0xFD, 0x3F, 0x80, 0x00, 0xFE, 0x3F,
    0x80, 0x00, 0xFE, 0x3F, 0x80, 0x00, 0xFE, 0x3F, 0x80, 0x00, 0xFD, 0x1F, 0xC0, 0x01, 0xFC, 0x0F,
    0xD0, 0x02, 0xF4, 0x02, 0xF4, 0x0B, 0xD0, 0x00, 0x2F, 0xFD, 0x00, 0xFF, 0xFF, 0xFE, 0x00, 0x3F,
    0x40, 0x7F, 0x00, 0xFD, 0x00, 0xBE, 0x03, 0xF4, 0x02, 0xF8, 0x0F, 0xD0, 0x2F, 0x80, 0x3F, 0xFF,
    0xF4, 0x00, 0xFD, 0x00, 0xFC, 0x03, 0xF4, 0x01, 0xFC, 0x0F, 0xD0, 0x03, 0xF4, 0x3F, 0x40, 0x0F,
    0xD0, 0xFD, 0x00, 0x7F, 0x03, 0xF4, 0x07, 0xF4, 0xFF, 0xFF, 0xFE, 0x40, 0x3F, 0xFF, 0xFF, 0xC0,
    0x3F, 0x40, 0x7D, 0x03, 0xF4, 0x01, 0xD0, 0x3F, 0x40, 0x0D, 0x03, 0xF4, 0x00, 0xD0, 0x3F, 0x40,
    0x00, 0x03, 0xF4, 0x00, 0x00, 0x3F, 0x40, 0x00, 0x03, 0xF4, 0x00, 0x00, 0x3F, 0x40, 0x00, 0x03,
    0xF4, 0x00, 0x00, 0x3F, 0x40, 0x00, 0x3F, 0xFF, 0xC0, 0x00, 0x00, 0xBF, 0xFF, 0xFF, 0xE0, 0x00,
    0x38, 0x03, 0xF8, 0x00, 0x00, 0xE0, 0x0F, 0xE0, 0x00, 0x03, 0x40, 0x3F, 0x80, 0x00, 0x0D, 0x00,
    0xFE, 0x00, 0x00, 0x30, 0x03, 0xF8, 0x00, 0x00, 0xC0, 0x0F, 0xE0, 0x00, 0x07, 0x00, 0x3F, 0x80,
    0x00, 0x38, 0x00, 0xFE, 0x00, 0x01, 0xC0, 0x03, 0xF8, 0x00, 0x0D, 0x00, 0x0F, 0xE0, 0x01, 0xF0,
    0x00, 0x3F, 0x80, 0x7F, 0xFF, 0xFF, 0xFF, 0xF2, 0xF4, 0x00, 0x00, 0x0B, 0xCB, 0x00, 0x00, 0x00,
    0x0B, 0x2C, 0x00, 0x00, 0x00, 0x1C, 0xE0, 0x00, 0x00, 0x00, 0x34, 0x00, 0x2F, 0xF8, 0x00, 0x0B,
    0xD0, 0x7E, 0x00, 0xBD, 0x00, 0x7D, 0x07, 0xF0, 0x00, 0xFC, 0x2F, 0xC0, 0x02, 0xF0, 0xFE, 0x00,
    0x07, 0xD3, 0xFF, 0xFF, 0xFF, 0x4F, 0xE0, 0x00, 0x00, 0x3F, 0xC0, 0x00, 0x00, 0x7F, 0x00, 0x00,
    0xC0, 0xBE, 0x00, 0x0B, 0x00, 0xBE, 0x01, 0xF0, 0x00, 0x2F, 0xFD, 0x00, 0x2F, 0xF8, 0x0F, 0xFF,
    0xD0, 0x3F, 0xF4, 0x02, 0xF4, 0x00, 0xFD, 0x00, 0x1F, 0x40, 0x00, 0x3D, 0x00, 0xFD, 0x00, 0xB8,
    0x00, 0x00, 0x0B, 0x80, 0xFD, 0x03, 0xD0, 0x00, 0x00, 0x01, 0xF0, 0xFD, 0x1F, 0x00, 0x00, 0x00,
    0x01, 0xFD, 0xFD, 0xBF, 0x00, 0x00, 0x00, 0x03, 0xFF, 0xFF, 0xFF, 0xC0, 0x00, 0x00, 0x0F, 0xE1,
    0xFF, 0x0F, 0xF0, 0x00, 0x00, 0x3F, 0xC0, 0xFD, 0x03, 0xF8, 0x00, 0x00, 0xBF, 0x00, 0xFD, 0x01,
    0xFE, 0x00, 0x02, 0xFC, 0x00, 0xFD, 0x00, 0x7F, 0x40, 0x0B, 0xF8, 0x00, 0xFD, 0x00, 0x3F, 0xD0,
    0x7F, 0xFC, 0x0F, 0xFF, 0xD0, 0x7F, 0xFC, 0x3A, 0xFF, 0xF9, 0x03, 0xE4, 0x07, 0xF8, 0x38, 0x00,
    0x0F, 0xC2, 0x00, 0x01, 0xFC, 0x00, 0x00, 0x7F, 0x40, 0x03, 0xFF, 0x80, 0x00, 0x00, 0x7F, 0x40,
    0x00, 0x01, 0xFC, 0x00, 0x00, 0x0F, 0xE0, 0x00, 0x00, 0xFE, 0x30, 0x00, 0x1F, 0xD3, 0xD0, 0x07,
    0xF4, 0x06, 0xFF, 0xF8, 0x00, 0x3F, 0xFF, 0x4F, 0xFF, 0xE0, 0x3F, 0x40, 0x0F, 0xE0, 0x03, 0xF4,
    0x02, 0xFE, 0x00, 0x3F, 0x40, 0x7F, 0xE0, 0x03, 0xF4, 0x0D, 0xFE, 0x00, 0x3F, 0x42, 0x8F, 0xE0,
    0x03, 0xF4, 0x70, 0xFE, 0x00, 0x3F, 0x4D, 0x0F, 0xE0, 0x03, 0xF7, 0x80, 0xFE, 0x00, 0x3F, 0xF0,
    0x0F, 0xE0, 0x03, 0xFC, 0x00, 0xFE, 0x00, 0x3F, 0x80, 0x0F, 0xE0, 0x3F, 0xFF, 0x4F, 0xFF, 0xE0,
    0x00, 0x7D, 0x02, 0xE0, 0x00, 0x0F, 0xF0, 0xBF, 0x40, 0x00, 0xFF, 0x0B, 0xF4, 0x00, 0x07, 0xD0,
    0x3F, 0x00, 0x00, 0x0B, 0xFE, 0x40, 0x00, 0x00, 0x00, 0x00, 0x00, 0x00, 0x00, 0x00, 0x00, 0x03,
    0xFF, 0xF4, 0xFF, 0xFE, 0x03, 0xF4, 0x00, 0xFE, 0x00, 0x3F, 0x40, 0x2F, 0xE0, 0x03, 0xF4, 0x07,
    0xFE, 0x00, 0x3F, 0x40, 0xDF, 0xE0, 0x03, 0xF4, 0x28, 0xFE, 0x00, 0x3F, 0x47, 0x0F, 0xE0, 0x03,
    0xF4, 0xD0, 0xFE, 0x00, 0x3F, 0x78, 0x0F, 0xE0, 0x03, 0xFF, 0x00, 0xFE, 0x00, 0x3F, 0xC0, 0x0F,
    0xE0, 0x03, 0xF8, 0x00, 0xFE, 0x03, 0xFF, 0xF4, 0xFF, 0xFE, 0x3F, 0xFF, 0x00, 0xFF, 0xC0, 0x3F,
    0x00, 0x0B, 0xD0, 0x03, 0xF0, 0x02, 0xE0, 0x00, 0x3F, 0x01, 0xF4, 0x00, 0x03, 0xF0, 0xBC, 0x00,
    0x00, 0x3F, 0x7F, 0x80, 0x00, 0x03, 0xFF, 0xFE, 0x00, 0x00, 0x3F, 0x87, 0xF8, 0x00, 0x03, 0xF0,
    0x1F, 0xD0, 0x00, 0x3F, 0x00, 0xBF, 0x40, 0x03, 0xF0, 0x02, 0xFC, 0x00, 0x3F, 0x00, 0x0F, 0xF0,
    0x3F, 0xFF, 0x02, 0xFF, 0xF0, 0x00, 0xFF, 0xFF, 0xFF, 0xE0, 0x00, 0xF0, 0x0F, 0xE0, 0x00, 0x0A,
    0x00, 0xFE, 0x00, 0x00, 0xE0, 0x0F, 0xE0, 0x00, 0x0E, 0x00, 0xFE, 0x00, 0x00, 0xE0, 0x0F, 0xE0,
    0x00, 0x0E, 0x00, 0xFE, 0x00, 0x00, 0xD0, 0x0F, 0xE0, 0x00, 0x0D, 0x00, 0xFE, 0x03, 0xD0, 0xC0,
    0x0F, 0xE0, 0x7F, 0x1C, 0x00, 0xFE, 0x03, 0xF3, 0x80, 0x0F, 0xE0, 0x1F, 0xD0, 0x0F, 0xFF, 0xE0,
    0xFF, 0xF0, 0x00, 0x07, 0xFF, 0x0F, 0xF4, 0x00, 0x0F, 0xF0, 0x0F, 0xFC, 0x00, 0x1B, 0xF0, 0x0F,
    0x7D, 0x00, 0x33, 0xF0, 0x0F, 0x3F, 0x00, 0x63, 0xF0, 0x0F, 0x2F, 0x40, 0xC3, 0xF0, 0x0F, 0x0F,
    0x81, 0xC3, 0xF0, 0x0F, 0x0B, 0xC2, 0x43, 0xF0, 0x0F, 0x03, 0xE3, 0x03, 0xF0, 0x0F, 0x03, 0xF9,
    0x03, 0xF0, 0x0F, 0x01, 0xFC, 0x03, 0xF0, 0x0F, 0x00, 0xF8, 0x03, 0xF0, 0xFF, 0xE0, 0x70, 0x3F,
    0xFF, 0x3F, 0xFF, 0x4F, 0xFF, 0xE0, 0x3F, 0x40, 0x0F, 0xE0, 0x03, 0xF4, 0x00, 0xFE, 0x00, 0x3F,
    0x40, 0x0F, 0xE0, 0x03, 0xF4, 0x00, 0xFE, 0x00, 0x3F, 0xFF, 0xFF, 0xE0, 0x03, 0xF4, 0x00, 0xFE,
    0x00, 0x3F, 0x40, 0x0F, 0xE0, 0x03, 0xF4, 0x00, 0xFE, 0x00, 0x3F, 0x40, 0x0F, 0xE0, 0x03, 0xF4,
    0x00, 0xFE, 0x00, 0x3F, 0x40, 0x0F, 0xE0, 0x3F, 0xFF, 0x4F, 0xFF, 0xE0, 0x00, 0x2F, 0xF9, 0x00,
    0x02, 0xF4, 0x0B, 0xD0, 0x0B, 0xD0, 0x02, 0xF4, 0x1F, 0xC0, 0x00, 0xFC, 0x2F, 0x80, 0x00, 0xFD,
    0x3F, 0x80, 0x00, 0xFE, 0x3F, 0x80, 0x00, 0xFE, 0x3F, 0x80, 0x00, 0xFE, 0x3F, 0x80, 0x00, 0xFD,
    0x1F, 0xC0, 0x00, 0xFC, 0x0F, 0xD0, 0x02, 0xF4, 0x02, 0xF4, 0x0B, 0xD0, 0x00, 0x6F, 0xFE, 0x00,
    0x3F, 0xFF, 0xFF, 0xFF, 0xE0, 0x3F, 0x40, 0x0F, 0xE0, 0x03, 0xF4, 0x00, 0xFE, 0x00, 0x3F, 0x40,
    0x0F, 0xE0, 0x03, 0xF4, 0x00, 0xFE, 0x00, 0x3F, 0x40, 0x0F, 0xE0, 0x03, 0xF4, 0x00, 0xFE, 0x00,
    0x3F, 0x40, 0x0F, 0xE0, 0x03, 0xF4, 0x00, 0xFE, 0x00, 0x3F, 0x40, 0x0F, 0xE0, 0x03, 0xF4, 0x00,
    0xFE, 0x00, 0x3F, 0x40, 0x0F, 0xE0, 0x3F, 0xFF, 0x4F, 0xFF, 0xE0, 0xFF, 0xDB, 0xFF, 0x40, 0x03,
    0xFE, 0x41, 0xFD, 0x00, 0xFE, 0x00, 0x1F, 0xC0, 0x3F, 0x40, 0x03, 0xFC, 0x0F, 0xD0, 0x00, 0xBF,
    0x03, 0xF4, 0x00, 0x1F, 0xD0, 0xFD, 0x00, 0x07, 0xF4, 0x3F, 0x40, 0x01, 0xFC, 0x0F, 0xD0, 0x00,
    0xBF, 0x03, 0xF4, 0x00, 0x3F, 0x80, 0xFE, 0x00, 0x1F, 0xC0, 0x3F, 0xF4, 0x2F, 0xC0, 0x0F, 0xD7,
    0xFE, 0x40, 0x03, 0xF4, 0x00, 0x00, 0x00, 0xFD, 0x00, 0x00, 0x00, 0x3F, 0x40, 0x00, 0x00, 0x0F,
    0xD0, 0x00, 0x00, 0x03, 0xF4, 0x00, 0x00, 0x0F, 0xFF, 0xD0, 0x00, 0x00, 0x00, 0xBF, 0xF8, 0x02,
    0xF8, 0x0F, 0xC2, 0xF8, 0x03, 0xF4, 0xFC, 0x00, 0xBC, 0xBF, 0x00, 0x00, 0x3F, 0xC0, 0x00, 0x0F,
    0xF0, 0x00, 0x03, 0xFC, 0x00, 0x00, 0xBF, 0x00, 0x00, 0x0F, 0xD0, 0x00, 0x02, 0xFC, 0x00, 0x28,
    0x2F, 0x80, 0x2C, 0x00, 0xBF, 0xF4, 0x00, 0x3F, 0xFF, 0xFF, 0xF8, 0xF4, 0x3F, 0x82, 0xE3, 0x80,
    0xFE, 0x03, 0xCD, 0x03, 0xF8, 0x0B, 0x30, 0x0F, 0xE0, 0x1C, 0x00, 0x3F, 0x80, 0x00, 0x00, 0xFE,
    0x00, 0x00, 0x03, 0xF8, 0x00, 0x00, 0x0F, 0xE0, 0x00, 0x00, 0x3F, 0x80, 0x00, 0x00, 0xFE, 0x00,
    0x00, 0x03, 0xF8, 0x00, 0x02, 0xFF, 0xFF, 0x40, 0x3F, 0xFE, 0x00, 0xFF, 0xC1, 0xFD, 0x00, 0x0F,
    0x00, 0x3F, 0x80, 0x03, 0x40, 0x07, 0xF0, 0x02, 0xC0, 0x00, 0xFE, 0x00, 0xE0, 0x00, 0x1F, 0xC0,
    0x70, 0x00, 0x03, 0xF4, 0x38, 0x00, 0x00, 0xBF, 0x1C, 0x00, 0x00, 0x0F, 0xDE, 0x00, 0x00, 0x02,
    0xFF, 0x00, 0x00, 0x00, 0x3F, 0xC0, 0x00, 0x00, 0x0B, 0xD0, 0x00, 0x00, 0x01, 0xF0, 0x00, 0x00,
    0x00, 0x34, 0x00, 0x00, 0x00, 0x2C, 0x00, 0x00, 0xF4, 0x0D, 0x00, 0x00, 0x7F, 0x0B, 0x00, 0x00,
    0x0F, 0x8B, 0x00, 0x00, 0x00, 0xFE, 0x00, 0x00, 0x00, 0x00, 0x00, 0xBF, 0xE0, 0x00, 0x00, 0x00,
    0x00, 0x0F, 0xE0, 0x00, 0x00, 0x00, 0x00, 0x0B, 0xE0, 0x00, 0x00, 0x00, 0x00, 0x0B, 0xE0, 0x00,
    0x00, 0x00, 0x00, 0x0B, 0xE0, 0x00, 0x00, 0x00, 0x00, 0x0B, 0xE0, 0x00, 0x00, 0x00, 0x00, 0x0B,
    0xE0, 0x00, 0x00, 0x00, 0xBF, 0xEB, 0xEB, 0xFE, 0x00, 0x07, 0xF4, 0x2F, 0xF8, 0x1F, 0xD0, 0x2F,
    0xC0, 0x0F, 0xE0, 0x03, 0xF4, 0x3F, 0x40, 0x0B, 0xE0, 0x01, 0xFC, 0xBF, 0x00, 0x0B, 0xE0, 0x00,
    0xFE, 0xFF, 0x00, 0x0B, 0xE0, 0x00, 0xFE, 0xFF, 0x00, 0x0B, 0xE0, 0x00, 0xFF, 0xFF, 0x00, 0x0B,
    0xE0, 0x00, 0xFE, 0xBF, 0x00, 0x0B, 0xE0, 0x00, 0xFD, 0x3F, 0x40, 0x0B, 0xE0, 0x01, 0xFC, 0x1F,
    0xC0, 0x0F, 0xE0, 0x03, 0xF4, 0x07, 0xF4, 0x2F, 0xF8, 0x1F, 0xD0, 0x00, 0xBF, 0xEB, 0xEB, 0xFD,
    0x00, 0x00, 0x00, 0x0B, 0xE0, 0x00, 0x00, 0x00, 0x00, 0x0B, 0xE0, 0x00, 0x00, 0x00, 0x00, 0x0B,
    0xE0, 0x00, 0x00, 0x00, 0x00, 0x0B, 0xE0, 0x00, 0x00, 0x00, 0x00, 0x0B, 0xE0, 0x00, 0x00, 0x00,
    0x00, 0xBF, 0xFE, 0x00, 0x00, 0x3F, 0xFD, 0x07, 0xFF, 0x40, 0xFE, 0x00, 0x7D, 0x00, 0x0F, 0xD0,
    0x3C, 0x00, 0x01, 0xFC, 0x3C, 0x00, 0x00, 0x2F, 0xEC, 0x00, 0x00, 0x02, 0xFD, 0x00, 0x00, 0x00,
    0x3F, 0x80, 0x00, 0x00, 0x1F, 0xF4, 0x00, 0x00, 0x0E, 0x7F, 0x40, 0x00, 0x0F, 0x07, 0xF0, 0x00,
    0x0F, 0x00, 0xBF, 0x00, 0x0F, 0x40, 0x0F, 0xF0, 0x7F, 0xF4, 0x0B, 0xFF, 0xC0, 0x3F, 0xFF, 0x4F,
    0xFF, 0xE0, 0x0F, 0xD0, 0x03, 0xF8, 0x00, 0x3F, 0x40, 0x0F, 0xE0, 0x00, 0xFD, 0x00, 0x3F, 0x80,
    0x03, 0xF4, 0x00, 0xFE, 0x00, 0x0F, 0xD0, 0x03, 0xF8, 0x00, 0x3F, 0x40, 0x0F, 0xE0, 0x00, 0xFD,
    0x00, 0x3F, 0x80, 0x03, 0xF4, 0x00, 0xFE, 0x00, 0x0F, 0xD0, 0x03, 0xF8, 0x00, 0x3F, 0x40, 0x0F,
    0xE0, 0x00, 0xFD, 0x00, 0x3F, 0x80, 0x3F, 0xFF, 0xFF, 0xFF, 0xF0, 0x00, 0x00, 0x00, 0x0B, 0xC0,
    0x00, 0x00, 0x00, 0x0B, 0x00, 0x00, 0x00, 0x00, 0x1C, 0x00, 0x00, 0x00, 0x00, 0x34, 0x3F, 0xFF,
    0x4F, 0xFF, 0xE0, 0x3F, 0x40, 0x0F, 0xE0, 0x03, 0xF4, 0x00, 0xFE, 0x00, 0x3F, 0x40, 0x0F, 0xE0,
    0x03, 0xF4, 0x00, 0xFE, 0x00, 0x3F, 0x40, 0x0F, 0xE0, 0x01, 0xFC, 0x07, 0xFE, 0x00, 0x02, 0xFF,
    0x9F, 0xE0, 0x00, 0x00, 0x00, 0xFE, 0x00, 0x00, 0x00, 0x0F, 0xE0, 0x00, 0x00, 0x00, 0xFE, 0x00,
    0x00, 0x00, 0x0F, 0xE0, 0x00, 0x00, 0x0F, 0xFF, 0xE0, 0x3F, 0xFF, 0x4F, 0xFF, 0xD3, 0xFF, 0xF4,
    0x0F, 0xD0, 0x03, 0xF4, 0x00, 0xFD, 0x00, 0x3F, 0x40, 0x0F, 0xD0, 0x03, 0xF4, 0x00, 0xFD, 0x00,
    0x3F, 0x40, 0x0F, 0xD0, 0x03, 0xF4, 0x00, 0xFD, 0x00, 0x3F, 0x40, 0x0F, 0xD0, 0x03, 0xF4, 0x00,
    0xFD, 0x00, 0x3F, 0x40, 0x0F, 0xD0, 0x03, 0xF4, 0x00, 0xFD, 0x00, 0x3F, 0x40, 0x0F, 0xD0, 0x03,
    0xF4, 0x00, 0xFD, 0x00, 0x3F, 0x40, 0x0F, 0xD0, 0x03, 0xF4, 0x00, 0xFD, 0x00, 0x3F, 0x40, 0x0F,
    0xD0, 0x03, 0xF4, 0x00, 0xFD, 0x00, 0x3F, 0x40, 0x0F, 0xD0, 0x3F, 0xFF, 0xFF, 0xFF, 0xFF, 0xFF,
    0xF4, 0x3F, 0xFF, 0x4F, 0xFF, 0xD3, 0xFF, 0xF4, 0x03, 0xF4, 0x00, 0xFD, 0x00, 0x3F, 0x40, 0x03,
    0xF4, 0x00, 0xFD, 0x00, 0x3F, 0x40, 0x03, 0xF4, 0x00, 0xFD, 0x00, 0x3F, 0x40, 0x03, 0xF4, 0x00,
    0xFD, 0x00, 0x3F, 0x40, 0x03, 0xF4, 0x00, 0xFD, 0x00, 0x3F, 0x40, 0x03, 0xF4, 0x00, 0xFD, 0x00,
    0x3F, 0x40, 0x03, 0xF4, 0x00, 0xFD, 0x00, 0x3F, 0x40, 0x03, 0xF4, 0x00, 0xFD, 0x00, 0x3F, 0x40,
    0x03, 0xF4, 0x00, 0xFD, 0x00, 0x3F, 0x40, 0x03, 0xF4, 0x00, 0xFD, 0x00, 0x3F, 0x40, 0x03, 0xF4,
    0x00, 0xFD, 0x00, 0x3F, 0x40, 0x3F, 0xFF, 0xFF, 0xFF, 0xFF, 0xFF, 0xF8, 0x00, 0x00, 0x00, 0x00,
    0x00, 0x00, 0xBC, 0x00, 0x00, 0x00, 0x00, 0x00, 0x00, 0x3C, 0x00, 0x00, 0x00, 0x00, 0x00, 0x00,
    0x1C, 0x00, 0x00, 0x00, 0x00, 0x00, 0x00, 0x1C, 0x3F, 0xFF, 0xF8, 0x00, 0x00, 0xF4, 0x3F, 0x80,
    0x00, 0x03, 0x80, 0xFE, 0x00, 0x00, 0x0D, 0x03, 0xF8, 0x00, 0x00, 0x30, 0x0F, 0xE0, 0x00, 0x00,
    0x00, 0x3F, 0xFF, 0xF9, 0x00, 0x00, 0xFE, 0x01, 0xFE, 0x00, 0x03, 0xF8, 0x01, 0xFD, 0x00, 0x0F,
    0xE0, 0x03, 0xF8, 0x00, 0x3F, 0x80, 0x0F, 0xE0, 0x00, 0xFE, 0x00, 0x7F, 0x40, 0x03, 0xF8, 0x07,
    0xF8, 0x00, 0xBF, 0xFF, 0xFE, 0x40, 0x3F, 0xFF, 0x40, 0x00, 0xFF, 0xFC, 0x03, 0xF4, 0x00, 0x00,
    0x1F, 0xC0, 0x03, 0xF4, 0x00, 0x00, 0x0F, 0xC0, 0x03, 0xF4, 0x00, 0x00, 0x0F, 0xC0, 0x03, 0xF4,
    0x00, 0x00, 0x0F, 0xC0, 0x03, 0xFF, 0xFF, 0x80, 0x0F, 0xC0, 0x03, 0xF4, 0x07, 0xF4, 0x0F, 0xC0,
    0x03, 0xF4, 0x02, 0xFC, 0x0F, 0xC0, 0x03, 0xF4, 0x00, 0xFD, 0x0F, 0xC0, 0x03, 0xF4, 0x00, 0xFD,
    0x0F, 0xC0, 0x03, 0xF4, 0x02, 0xFC, 0x0F, 0xC0, 0x03, 0xF4, 0x0B, 0xF4, 0x1F, 0xC0, 0x3F, 0xFF,
    0xFF, 0x80, 0xFF, 0xFC, 0x3F, 0xFF, 0x40, 0x00, 0x03, 0xF4, 0x00, 0x00, 0x03, 0xF4, 0x00, 0x00,
    0x03, 0xF4, 0x00, 0x00, 0x03, 0xF4, 0x00, 0x00, 0x03, 0xFF, 0xFF, 0x80, 0x03, 0xF4, 0x0B, 0xF4,
    0x03, 0xF4, 0x02, 0xFC, 0x03, 0xF4, 0x00, 0xFD, 0x03, 0xF4, 0x00, 0xFD, 0x03, 0xF4, 0x02, 0xFC,
    0x03, 0xF4, 0x07, 0xF4, 0x3F, 0xFF, 0xFF, 0x80, 0x35, 0xBF, 0xD0, 0x03, 0xF4, 0x0F, 0xD0, 0x3C,
    0x00, 0x3F, 0x43, 0x40, 0x01, 0xFC, 0x00, 0x00, 0x0F, 0xD0, 0x2F, 0xD1, 0xFE, 0x00, 0x6F, 0xEF,
    0xE0, 0x00, 0x00, 0xFE, 0x00, 0x00, 0x0F, 0xD3, 0x40, 0x02, 0xFC, 0x2C, 0x00, 0x3F, 0x00, 0xB4,
    0x1F, 0xD0, 0x01, 0xBF, 0xD0, 0x00, 0x3F, 0xFF, 0x40, 0x2F, 0xFE, 0x00, 0x00, 0xFD, 0x00, 0x7E,
    0x01, 0xF8, 0x00, 0x3F, 0x40, 0x7E, 0x00, 0x1F, 0x80, 0x0F, 0xD0, 0x3F, 0x00, 0x03, 0xF4, 0x03,
    0xF4, 0x1F, 0xC0, 0x00, 0xBF, 0x00, 0xFF, 0xFF, 0xF0, 0x00, 0x2F, 0xC0, 0x3F, 0x42, 0xFC, 0x00,
    0x0B, 0xF0, 0x0F, 0xD0, 0xBF, 0x00, 0x02, 0xFC, 0x03, 0xF4, 0x1F, 0xC0, 0x00, 0xBE, 0x00, 0xFD,
    0x03, 0xF0, 0x00, 0x3F, 0x40, 0x3F, 0x40, 0x7E, 0x00, 0x1F, 0x80, 0x0F, 0xD0, 0x07, 0xE0, 0x1F,
    0x80, 0x3F, 0xFF, 0x40, 0x2F, 0xFE, 0x40, 0x00, 0x00, 0x00, 0x00, 0x00, 0x00, 0x00, 0x00, 0x6F,
    0xFF, 0xFF, 0x81, 0xFD, 0x00, 0xBE, 0x00, 0xFE, 0x00, 0x2F, 0x80, 0x3F, 0x80, 0x0B, 0xE0, 0x0F,
    0xF0, 0x02, 0xF8, 0x00, 0xFE, 0x00, 0xBE, 0x00, 0x06, 0xFF, 0xFF, 0x80, 0x00, 0x3F, 0xCB, 0xE0,
    0x00, 0x2F, 0xC2, 0xF8, 0x00, 0x2F, 0xC0, 0xBE, 0x00, 0x2F, 0xC0, 0x2F, 0x80, 0x2F, 0xE0, 0x0B,
    0xE0, 0x7F, 0xFD, 0x2F, 0xFF, 0x80, 0x00, 0x0F, 0x00, 0x00, 0x00, 0xBF, 0x40, 0x00, 0x01, 0xFF,
    0x40, 0x00, 0x01, 0xBF, 0x40, 0x00, 0x00, 0x18, 0x00, 0x00, 0x00, 0x00, 0x00, 0x06, 0xFF, 0x90,
    0x00, 0xBD, 0x07, 0xE0, 0x0B, 0xD0, 0x07, 0xD0, 0x7F, 0x00, 0x0F, 0xC3, 0xFC, 0x00, 0x2F, 0x0F,
    0xE0, 0x00, 0x7D, 0x3F, 0xFF, 0xFF, 0xF0, 0xFE, 0x00, 0x00, 0x02, 0xFC, 0x00, 0x00, 0x07, 0xF0,
    0x00, 0x0C, 0x0B, 0xE0, 0x00, 0xB0, 0x0B, 0xE0, 0x1F, 0x00, 0x02, 0xFF, 0xD0, 0x00, 0x02, 0xE0,
    0x1F, 0x00, 0x2F, 0xD0, 0xFF, 0x00, 0xFF, 0x87, 0xFC, 0x02, 0xFD, 0x0F, 0xF0, 0x03, 0xE0, 0x1F,
    0x00, 0x00, 0x00, 0x00, 0x00, 0x00, 0x00, 0x00, 0x00, 0x0B, 0xFE, 0x00, 0x02, 0xF4, 0x1F, 0x80,
    0x2F, 0x40, 0x1F, 0x41, 0xFC, 0x00, 0x3F, 0x0B, 0xF0, 0x00, 0xBC, 0x3F, 0x80, 0x01, 0xF4, 0xFF,
    0xFF, 0xFF, 0xD3, 0xF8, 0x00, 0x00, 0x0F, 0xF0, 0x00, 0x00, 0x1F, 0xC0, 0x00, 0x30, 0x2F, 0x80,
    0x02, 0xC0, 0x2F, 0x80, 0x7C, 0x00, 0x0B, 0xFF, 0x40, 0x2F, 0xF4, 0x00, 0x00, 0x00, 0xFD, 0x00,
    0x00, 0x00, 0x2F, 0x40, 0x00, 0x00, 0xFF, 0xFF, 0xFF, 0xFC, 0x02, 0xF4, 0x00, 0x00, 0x00, 0xBD,
    0x00, 0x00, 0x00, 0x2F, 0x40, 0x00, 0x00, 0x0B, 0xD0, 0xBF, 0x90, 0x02, 0xF5, 0xD0, 0xFD, 0x00,
    0xBF, 0x80, 0x1F, 0xC0, 0x2F, 0xC0, 0x07, 0xF0, 0x0B, 0xE0, 0x01, 0xFC, 0x02, 0xF8, 0x00, 0x7F,
    0x00, 0xBE, 0x00, 0x1F, 0xC0, 0x2F, 0x80, 0x07, 0xF0, 0x0B, 0xE0, 0x01, 0xFC, 0x02, 0xF8, 0x00,
    0x7F, 0x00, 0xBE, 0x00, 0x1F, 0x80, 0x3F, 0x80, 0x0B, 0xD0, 0xBF, 0xFE, 0x03, 0xF0, 0x00, 0x00,
    0x00, 0xF8, 0x00, 0x00, 0x00, 0x7C, 0x00, 0x00, 0x00, 0x3E, 0x00, 0x00, 0x00, 0x2E, 0x00, 0x00,
    0x00, 0x7E, 0x00, 0x00, 0x01, 0xF8, 0x00, 0x00, 0x00, 0x01, 0xE0, 0x00, 0x00, 0xBF, 0x40, 0x00,
    0x3F, 0xF0, 0x00, 0x0F, 0xE4, 0x00, 0x00, 0x50, 0x00, 0x00, 0x00, 0x00, 0x00, 0x3F, 0xFF, 0xFF,
    0xC0, 0x3F, 0x40, 0x7D, 0x03, 0xF4, 0x01, 0xD0, 0x3F, 0x40, 0x0D, 0x03, 0xF4, 0x00, 0xD0, 0x3F,
    0x40, 0x00, 0x03, 0xF4, 0x00, 0x00, 0x3F, 0x40, 0x00, 0x03, 0xF4, 0x00, 0x00, 0x3F, 0x40, 0x00,
    0x03, 0xF4, 0x00, 0x00, 0x3F, 0x40, 0x00, 0x3F, 0xFF, 0x80, 0x00, 0x00, 0x2F, 0xF8, 0xA0, 0x2F,
    0x40, 0xBE, 0x0B, 0xD0, 0x01, 0xE1, 0xFC, 0x00, 0x0A, 0x3F, 0xC0, 0x00, 0x03, 0xFF, 0xF9, 0x00,
    0x3F, 0x87, 0xF9, 0x03, 0xF8, 0x00, 0x00, 0x3F, 0xC0, 0x00, 0x01, 0xFC, 0x00, 0x00, 0x0B, 0xE0,
    0x00, 0xD0, 0x2F, 0x80, 0x7C, 0x00, 0x2F, 0xF9, 0x00, 0x0B, 0xFE, 0xB0, 0x3D, 0x01, 0xF0, 0xB4,
    0x00, 0x30, 0xF4, 0x00, 0x00, 0xFF, 0x54, 0x00, 0x7F, 0xFF, 0x80, 0x1F, 0xFF, 0xF0, 0x00, 0x6F,
    0xF8, 0x00, 0x00, 0xBC, 0xE0, 0x00, 0x3C, 0xF0, 0x00, 0x38, 0xFD, 0x01, 0xF0, 0xE6, 0xFF, 0x80,
    0x00, 0x00, 0x00, 0x0B, 0x80, 0x1F, 0xE0, 0x2F, 0xE0, 0x2F, 0xE0, 0x0B, 0x80, 0x00, 0x00, 0x00,
    0x00, 0xBF, 0xE0, 0x0F, 0xE0, 0x0B, 0xE0, 0x0B, 0xE0, 0x0B, 0xE0, 0x0B, 0xE0, 0x0B, 0xE0, 0x0B,
    0xE0, 0x0B, 0xE0, 0x0B, 0xE0, 0x0B, 0xE0, 0x0B, 0xE0, 0xBF, 0xFD, 0x2F, 0x00, 0xF4, 0x7F, 0x83,
    0xFC, 0x7F, 0xC3, 0xFD, 0x7F, 0x83, 0xFC, 0x2F, 0x00, 0xF4, 0x00, 0x00, 0x00, 0x00, 0x00, 0x00,
    0x0B, 0xFE, 0x00, 0x00, 0xFE, 0x00, 0x00, 0xBE, 0x00, 0x00, 0xBE, 0x00, 0x00, 0xBE, 0x00, 0x00,
    0xBE, 0x00, 0x00, 0xBE, 0x00, 0x00, 0xBE, 0x00, 0x00, 0xBE, 0x00, 0x00, 0xBE, 0x00, 0x00, 0xBE,
    0x00, 0x00, 0xBE, 0x00, 0x0B, 0xFF, 0xD0, 0x00, 0x0B, 0x80, 0x02, 0xFE, 0x00, 0x2F, 0xE0, 0x02,
    0xFE, 0x00, 0x0B, 0x80, 0x00, 0x00, 0x00, 0x00, 0x00, 0x0B, 0xFF, 0x00, 0x0B, 0xF0, 0x00, 0x7F,
    0x00, 0x07, 0xF0, 0x00, 0x7F, 0x00, 0x07, 0xF0, 0x00, 0x7F, 0x00, 0x07, 0xF0, 0x00, 0x7F, 0x00,
    0x07, 0xF0, 0x00, 0x7F, 0x00, 0x07, 0xF0, 0x00, 0x7F, 0x00, 0x07, 0xF0, 0x00, 0x7E, 0x3D, 0x0B,
    0xEB, 0xF0, 0xFC, 0x7E, 0x1F, 0x41, 0xBF, 0x80, 0x00, 0xFF, 0xFF, 0xFF, 0xE0, 0x00, 0x00, 0x0F,
    0x00, 0xFE, 0x00, 0x00, 0x00, 0x0A, 0x00, 0xFE, 0x00, 0x00, 0x00, 0x0A, 0x00, 0xFE, 0x00, 0x00,
    0x00, 0x0E, 0x00, 0xFE, 0x00, 0x00, 0x00, 0x0E, 0x00, 0xFF, 0xFF, 0x90, 0x00, 0x0E, 0x00, 0xFE,
    0x07, 0xFC, 0x00, 0x0D, 0x00, 0xFE, 0x00, 0xFE, 0x00, 0x0D, 0x00, 0xFE, 0x00, 0xFF, 0x3D, 0x0C,
    0x00, 0xFE, 0x00, 0xFF, 0x7F, 0x1C, 0x00, 0xFE, 0x00, 0xFD, 0x3F, 0x38, 0x00, 0xFE, 0x07, 0xF8,
    0x1F, 0xE0, 0x0F, 0xFF, 0xFF, 0x90, 0x3F, 0xFF, 0x4F, 0xFF, 0xE0, 0x00, 0x03, 0xF4, 0x00, 0xFE,
    0x00, 0x00, 0x03, 0xF4, 0x00, 0xFE, 0x00, 0x00, 0x03, 0xF4, 0x00, 0xFE, 0x00, 0x00, 0x03, 0xF4,
    0x00, 0xFE, 0x00, 0x00, 0x03, 0xFF, 0xFF, 0xFF, 0xFF, 0x90, 0x03, 0xF4, 0x00, 0xFE, 0x07, 0xF8,
    0x03, 0xF4, 0x00, 0xFE, 0x00, 0xFE, 0x03, 0xF4, 0x00, 0xFE, 0x00, 0xFF, 0x03, 0xF4, 0x00, 0xFE,
    0x00, 0xFF, 0x03, 0xF4, 0x00, 0xFE, 0x01, 0xFE, 0x03, 0xF4, 0x00, 0xFE, 0x07, 0xF8, 0x3F, 0xFF,
    0x4F, 0xFF, 0xFF, 0x90, 0x2F, 0xF4, 0x00, 0x00, 0x00, 0x3F, 0x40, 0x00, 0x00, 0x02, 0xF4, 0x00,
    0x00, 0x03, 0xFF, 0xFF, 0xFF, 0x00, 0x02, 0xF4, 0x00, 0x00, 0x00, 0x2F, 0x40, 0x00, 0x00, 0x02,
    0xF4, 0x00, 0x00, 0x00, 0x2F, 0x42, 0xFE, 0x00, 0x02, 0xF5, 0xD0, 0xFC, 0x00, 0x2F, 0xE0, 0x0B,
    0xE0, 0x02, 0xFC, 0x00, 0xBF, 0x00, 0x2F, 0x80, 0x07, 0xF0, 0x02, 0xF8, 0x00, 0x7F, 0x00, 0x2F,
    0x80, 0x07, 0xF0, 0x02, 0xF8, 0x00, 0x7F, 0x00, 0x2F, 0x80, 0x07, 0xF0, 0x02, 0xF8, 0x00, 0x7F,
    0x00, 0x2F, 0x80, 0x07, 0xF0, 0x03, 0xF8, 0x00, 0xBF, 0x02, 0xFF, 0xF8, 0x7F, 0xFF, 0x00, 0x00,
    0x1E, 0x00, 0x00, 0x00, 0x0B, 0xF4, 0x00, 0x00, 0x02, 0xFF, 0x00, 0x00, 0x00, 0xBF, 0x40, 0x00,
    0x00, 0x01, 0x00, 0x00, 0x00, 0x00, 0x00, 0x00, 0x00, 0x3F, 0xFF, 0x00, 0xFF, 0xC0, 0x3F, 0x00,
    0x0B, 0xD0, 0x03, 0xF0, 0x02, 0xE0, 0x00, 0x3F, 0x01, 0xF4, 0x00, 0x03, 0xF0, 0xBC, 0x00, 0x00,
    0x3F, 0x7F, 0x80, 0x00, 0x03, 0xFF, 0xFE, 0x00, 0x00, 0x3F, 0x87, 0xF8, 0x00, 0x03, 0xF0, 0x1F,
    0xD0, 0x00, 0x3F, 0x00, 0xBF, 0x40, 0x03, 0xF0, 0x02, 0xFC, 0x00, 0x3F, 0x00, 0x0F, 0xF0, 0x3F,
    0xFF, 0x02, 0xFF, 0xF0, 0x00, 0x0B, 0x40, 0x00, 0x00, 0x01, 0xFE, 0x00, 0x00, 0x00, 0x0F, 0xFC,
    0x00, 0x00, 0x00, 0x1B, 0xE0, 0x00, 0x00, 0x00, 0x04, 0x00, 0x00, 0x00, 0x00, 0x00, 0x00, 0x3F,
    0xFF, 0x4F, 0xFF, 0xE0, 0x3F, 0x40, 0x0F, 0xE0, 0x03, 0xF4, 0x02, 0xFE, 0x00, 0x3F, 0x40, 0x7F,
    0xE0, 0x03, 0xF4, 0x0D, 0xFE, 0x00, 0x3F, 0x42, 0x8F, 0xE0, 0x03, 0xF4, 0x70, 0xFE, 0x00, 0x3F,
    0x4D, 0x0F, 0xE0, 0x03, 0xF7, 0x80, 0xFE, 0x00, 0x3F, 0xF0, 0x0F, 0xE0, 0x03, 0xFC, 0x00, 0xFE,
    0x00, 0x3F, 0x80, 0x0F, 0xE0, 0x3F, 0xFF, 0x4F, 0xFF, 0xE0, 0x00, 0x7D, 0x02, 0xE0, 0x00, 0x3F,
    0xC1, 0xFD, 0x00, 0x0F, 0xF0, 0x7F, 0x80, 0x01, 0xF8, 0x0F, 0xC0, 0x00, 0x0B, 0xFE, 0x40, 0x00,
    0x00, 0x00, 0x00, 0x00, 0x00, 0x00, 0x00, 0x00, 0xFF, 0xF8, 0x03, 0xFF, 0x07, 0xF4, 0x00, 0x3C,
    0x00, 0xFE, 0x00, 0x0D, 0x00, 0x1F, 0xC0, 0x0B, 0x00, 0x03, 0xF8, 0x03, 0x80, 0x00, 0x7F, 0x01,
    0xC0, 0x00, 0x0F, 0xD0, 0xE0, 0x00, 0x02, 0xFC, 0x70, 0x00, 0x00, 0x3F, 0x78, 0x00, 0x00, 0x0B,
    0xFC, 0x00, 0x00, 0x00, 0xFF, 0x00, 0x00, 0x00, 0x2F, 0x40, 0x00, 0x00, 0x07, 0xC0, 0x00, 0x00,
    0x00, 0xD0, 0x00, 0x00, 0x00, 0xB0, 0x00, 0x03, 0xD0, 0x34, 0x00, 0x01, 0xFC, 0x2C, 0x00, 0x00,
    0x3E, 0x2C, 0x00, 0x00, 0x03, 0xF8, 0x00, 0x00, 0x00, 0x3F, 0xFF, 0x4F, 0xFF, 0xE0, 0x3F, 0x40,
    0x0F, 0xE0, 0x03, 0xF4, 0x00, 0xFE, 0x00, 0x3F, 0x40, 0x0F, 0xE0, 0x03, 0xF4, 0x00, 0xFE, 0x00,
    0x3F, 0x40, 0x0F, 0xE0, 0x03, 0xF4, 0x00, 0xFE, 0x00, 0x3F, 0x40, 0x0F, 0xE0, 0x03, 0xF4, 0x00,
    0xFE, 0x00, 0x3F, 0x40, 0x0F, 0xE0, 0x03, 0xF4, 0x00, 0xFE, 0x00, 0x3F, 0x40, 0x0F, 0xE0, 0x3F,
    0xFF, 0xFF, 0xFF, 0xE0, 0x00, 0x0F, 0x80, 0x00, 0x00, 0x00, 0xF0, 0x00, 0x00, 0x00, 0x0B, 0x00,
    0x00, 0x00, 0x00, 0x70, 0x00, 0x00, 0x00, 0x06, 0xFE, 0x00, 0x00, 0xBF, 0xD0, 0x00, 0x00, 0x7F,
    0x03, 0xC0, 0x03, 0xD0, 0xBD, 0x00, 0x01, 0xFC, 0x0B, 0xE0, 0x07, 0xF0, 0x2F, 0x80, 0x07, 0xF4,
    0x0F, 0xE0, 0x0B, 0xF0, 0x0F, 0xD0, 0x0F, 0xF0, 0x07, 0xC0, 0x03, 0xD0, 0x0B, 0xF0, 0x1F, 0xE0,
    0x00, 0x00, 0x00, 0x00, 0x07, 0xF4, 0x2F, 0xD0, 0x00, 0x00, 0x00, 0x00, 0x07, 0xFC, 0x3F, 0xD0,
    0x00, 0x00, 0x00, 0x00, 0x03, 0xFC, 0x3F, 0xD0, 0x00, 0x00, 0x00, 0x00, 0x03, 0xFC, 0x3F, 0xD0,
    0x00, 0x00, 0x00, 0x00, 0x03, 0xFD, 0x3F, 0xD0, 0x00, 0x7F, 0xFE, 0x00, 0x03, 0xFD, 0x3F, 0xD0,
    0x00, 0x0F, 0xF0, 0x00, 0x03, 0xFD, 0x3F, 0xD0, 0x00, 0x0F, 0xF0, 0x00, 0x03, 0xFC, 0x3F, 0xD0,
    0x00, 0x0F, 0xF0, 0x00, 0x07, 0xFC, 0x2F, 0xE0, 0x00, 0x0F, 0xF0, 0x00, 0x07, 0xF8, 0x0F, 0xF0,
    0x00, 0x0F, 0xF0, 0x00, 0x0B, 0xF4, 0x0B, 0xF4, 0x00, 0x0F, 0xF0, 0x00, 0x0F, 0xE0, 0x02, 0xFC,
    0x00, 0x0F, 0xF0, 0x00, 0x2F, 0xC0, 0x00, 0xBF, 0x00, 0x7D, 0x3D, 0x00, 0xBE, 0x00, 0x00, 0x0B,
    0xFF, 0x90, 0x06, 0xFF, 0xE4, 0x00, 0x00, 0xBF, 0xD0, 0x02, 0xFF, 0x80, 0x02, 0xF8, 0x7D, 0x01,
    0xF0, 0xBE, 0x02, 0xF8, 0x2F, 0x80, 0xBE, 0x0B, 0xE1, 0xFC, 0x07, 0xC0, 0x1F, 0x01, 0xFC, 0xBF,
    0x00, 0x00, 0x00, 0x00, 0x3F, 0x7F, 0xC0, 0x0F, 0xFF, 0x80, 0x0F, 0xEF, 0xF0, 0x00, 0x7F, 0x00,
    0x03, 0xFB, 0xFC, 0x00, 0x0F, 0xC0, 0x00, 0xFE, 0xBF, 0x00, 0x03, 0xF0, 0x00, 0x3F, 0x4F, 0xC0,
    0x00, 0xFC, 0x00, 0x1F, 0xC2, 0xF8, 0x00, 0x7F, 0x00, 0x0F, 0xD0, 0x2F, 0x80, 0xB8, 0xF4, 0x0B,
    0xD0, 0x01, 0xBF, 0xE4, 0x06, 0xFF, 0x80, 0x00, 0x00, 0x00, 0x00, 0x00, 0x00, 0x00, 0x00, 0x00,
    0x00, 0x00, 0x00, 0x00, 0x00, 0x3F, 0xFF, 0xFC, 0x00, 0x00, 0x00, 0x00, 0x3F, 0x80, 0x00, 0x00,
    0x00, 0x00, 0x0F, 0xE0, 0x00, 0x00, 0x00, 0x2F, 0xFF, 0xFF, 0xFF, 0xFF, 0xC0, 0x0F, 0x80, 0xFE,
    0x00, 0x07, 0xF0, 0x03, 0x80, 0x3F, 0x80, 0x00, 0x2C, 0x00, 0xD0, 0x0F, 0xE0, 0x00, 0x07, 0x40,
    0x30, 0x03, 0xF8, 0x00, 0x00, 0xD0, 0x00, 0x00, 0xFE, 0x00, 0x00, 0x00, 0x00, 0x00, 0x3F, 0x80,
    0x00, 0x00, 0x00, 0x00, 0x0F, 0xFF, 0xFF, 0xF9, 0x00, 0x00, 0x03, 0xF8, 0x00, 0x1F, 0xF4, 0x00,
    0x00, 0xFE, 0x00, 0x00, 0xFF, 0x80, 0x00, 0x3F, 0x80, 0x00, 0x1F, 0xF0, 0x00, 0x0F, 0xE0, 0x00,
    0x03, 0xFD, 0x00, 0x03, 0xF8, 0x00, 0x00, 0xFF, 0x40, 0x00, 0xFE, 0x00, 0x00, 0x3F, 0xD0, 0x00,
    0x3F, 0x80, 0x00, 0x1F, 0xF0, 0x00, 0x0F, 0xE0, 0x00, 0x0F, 0xF4, 0x00, 0x03, 0xF8, 0x00, 0x0F,
    0xF4, 0x00, 0x3F, 0xFF, 0xFF, 0xFF, 0x90, 0x00, 0x10, 0x01, 0x00, 0x00, 0x3C, 0x0B, 0x00, 0x00,
    0x1F, 0x2E, 0x00, 0x00, 0x0F, 0xFC, 0x00, 0x00, 0x07, 0xF8, 0x00, 0x00, 0x03, 0xF4, 0x00, 0x00,
    0x03, 0xF4, 0x00, 0x00, 0x7F, 0xFF, 0xF4, 0x00, 0x03, 0xF4, 0x00, 0x00, 0x03, 0xF4, 0x00, 0x00,
    0x03, 0xF4, 0x00, 0x00, 0x03, 0xF4, 0x00, 0x00, 0x03, 0xFF, 0xFF, 0x80, 0x03, 0xF4, 0x0B, 0xF4,
    0x03, 0xF4, 0x02, 0xFC, 0x03, 0xF4, 0x00, 0xFD, 0x03, 0xF4, 0x00, 0xFD, 0x03, 0xF4, 0x02, 0xFC,
    0x03, 0xF4, 0x07, 0xF4, 0x3F, 0xFF, 0xFF, 0x80, 0x00, 0x00, 0x00, 0x00, 0x00, 0x00, 0x00, 0x00,
    0x0F, 0xFF, 0xFF, 0x80, 0x00, 0x0A, 0xFF, 0xE4, 0x2C, 0x02, 0xFD, 0x00, 0x00, 0x1F, 0xF4, 0x01,
    0xFF, 0xC0, 0x2F, 0xD0, 0x00, 0x0B, 0xF4, 0x00, 0x02, 0xFC, 0x02, 0xFD, 0x00, 0x03, 0xFC, 0x00,
    0x00, 0x0B, 0xC0, 0x2F, 0xD0, 0x00, 0xBF, 0x40, 0x00, 0x00, 0x3C, 0x02, 0xFD, 0x00, 0x1F, 0xF0,
    0x00, 0x00, 0x02, 0xC0, 0x2F, 0xD0, 0x02, 0xFE, 0x00, 0x00, 0x00, 0x18, 0x02, 0xFD, 0x00, 0x3F,
    0xD0, 0x00, 0x00, 0x00, 0x00, 0x2F, 0xD0, 0x03, 0xFC, 0x00, 0x00, 0x00, 0x00, 0x02, 0xFF, 0xFF,
    0xFF, 0xEF, 0xFE, 0x90, 0x70, 0x00, 0x2F, 0xD0, 0x03, 0xFE, 0x0B, 0xFF, 0xFD, 0x00, 0x02, 0xFD,
    0x00, 0x3F, 0xD0, 0x1F, 0xFE, 0x00, 0x00, 0x2F, 0xD0, 0x03, 0xFD, 0x00, 0x2F, 0x40, 0x00, 0x02,
    0xFD, 0x00, 0x1F, 0xE0, 0x00, 0x00, 0x00, 0x00, 0x2F, 0xD0, 0x00, 0xFF, 0x00, 0x00, 0x00, 0x0C,
    0x02, 0xFD, 0x00, 0x07, 0xF8, 0x00, 0x00, 0x01, 0xC0, 0x2F, 0xD0, 0x00, 0x2F, 0xD0, 0x00, 0x00,
    0x38, 0x02, 0xFD, 0x00, 0x00, 0x7F, 0x40, 0x00, 0x0E, 0x00, 0x2F, 0xD0, 0x00, 0x00, 0xBF, 0x40,
    0x1B, 0x40, 0xFF, 0xFF, 0xF8, 0x00, 0x00, 0x6F, 0xFE, 0x40, 0x00, 0x3F, 0xFF, 0x40, 0x1F, 0xFE,
    0xB0, 0x0F, 0xD0, 0x07, 0xF4, 0x1F, 0xC0, 0x3F, 0x40, 0x7F, 0x00, 0x0F, 0x00, 0xFD, 0x03, 0xF4,
    0x00, 0x0C, 0x03, 0xF4, 0x1F, 0xD0, 0x00, 0x00, 0x0F, 0xFF, 0xFF, 0xFF, 0xF4, 0x00, 0x3F, 0x42,
    0xFC, 0x00, 0x00, 0x00, 0xFD, 0x07, 0xF0, 0x00, 0x00, 0x03, 0xF4, 0x0F, 0xD0, 0x00, 0x00, 0x0F,
    0xD0, 0x3F, 0x80, 0x01, 0x00, 0x3F, 0x40, 0x3F, 0x00, 0x0D, 0x00, 0xFD, 0x00, 0x7F, 0x40, 0xE0,
    0x3F, 0xFF, 0x40, 0x2F, 0xFD, 0x00, 0x00, 0x00, 0x00, 0x00, 0x00, 0x00, 0x00, 0x00, 0x00, 0x07,
    0x80, 0x00, 0x00, 0x00, 0x00, 0x00, 0x00, 0x0F, 0xD0, 0x00, 0x00, 0x00, 0x00, 0x00, 0x00, 0x3F,
    0xF0, 0x00, 0x00, 0x00, 0x00, 0x00, 0x00, 0x7F, 0xF8, 0x00, 0x00, 0x00, 0x00, 0x00, 0x00, 0xE3,
    0xFD, 0x00, 0x00, 0x00, 0x00, 0x00, 0x02, 0xC2, 0xFF, 0x00, 0x00, 0x00, 0x00, 0x00, 0x03, 0x40,
    0xFF, 0x80, 0x00, 0x00, 0x00, 0x00, 0x0F, 0x00, 0x7F, 0xC0, 0x00, 0x00, 0x00, 0x00, 0x1C, 0x00,
    0x2F, 0xE0, 0x00, 0x00, 0x00, 0x00, 0x38, 0x00, 0x0F, 0xF4, 0x00, 0x00, 0x00, 0x00, 0xB0, 0x00,
    0x07, 0xFC, 0x00, 0x00, 0x00, 0x00, 0xFF, 0xFF, 0xFF, 0xFE, 0x00, 0x00, 0x00, 0x03, 0x80, 0x3E,
    0x00, 0xFF, 0x00, 0x00, 0x00, 0x07, 0x00, 0x3E, 0x00, 0x7F, 0x80, 0x00, 0x00, 0x0D, 0x00, 0x3E,
    0x00, 0x3F, 0xD0, 0x00, 0x00, 0x2C, 0x00, 0x3E, 0x00, 0x1F, 0xF0, 0x00, 0x00, 0x74, 0x00, 0x3E,
    0x00, 0x0F, 0xF8, 0x00, 0x00, 0xF0, 0x00, 0x3E, 0x00, 0x07, 0xFC, 0x00, 0x02, 0xE0, 0x00, 0x3E,
    0x00, 0x03, 0xFF, 0x00, 0xBF, 0xF8, 0x07, 0xFF, 0xF0, 0x0F, 0xFF, 0xFC, 0x00, 0x00, 0x02, 0xE0,
    0x00, 0x00, 0x00, 0x00, 0x01, 0xFE, 0x00, 0x00, 0x00, 0x00, 0x00, 0xFF, 0xD0, 0x00, 0x00, 0x00,
    0x00, 0xE3, 0xFC, 0x00, 0x00, 0x00, 0x00, 0xB0, 0x3F, 0x80, 0x00, 0x00, 0x00, 0x70, 0x07, 0xF4,
    0x00, 0x00, 0x00, 0x34, 0x00, 0x7F, 0x00, 0x00, 0x00, 0x3F, 0xFF, 0xFF, 0xF0, 0x00, 0x00, 0x2C,
    0x07, 0xD0, 0xFE, 0x00, 0x00, 0x1C, 0x01, 0xF4, 0x1F, 0xD0, 0x00, 0x0E, 0x00, 0x7D, 0x02, 0xFC,
    0x00, 0x0F, 0x00, 0x1F, 0x40, 0x3F, 0xC0, 0x3F, 0xC0, 0x1F, 0xF4, 0x1F, 0xFF, 0x00, 0x00, 0x00,
    0x00, 0x00, 0x00, 0x00, 0x00, 0x00, 0x00, 0x00, 0x0F, 0xFF, 0xFF, 0x80, 0x00, 0x00, 0x01, 0xF0,
    0x00, 0x00, 0x00, 0x02, 0xFD, 0x00, 0x00, 0x00, 0x00, 0x3F, 0xC0, 0x00, 0x00, 0x00, 0x2F, 0xD0,
    0x00, 0x00, 0x00, 0x0B, 0xFD, 0x00, 0x00, 0x00, 0x02, 0xFD, 0x00, 0x00, 0x00, 0x00, 0xEF, 0xF0,
    0x00, 0x00, 0x00, 0x2F, 0xD0, 0x00, 0x00, 0x00, 0x3C, 0xBF, 0x80, 0x00, 0x00, 0x02, 0xFD, 0x00,
    0x00, 0x00, 0x07, 0x43, 0xFC, 0x00, 0x00, 0x00, 0x2F, 0xD0, 0x00, 0x00, 0x00, 0xF0, 0x2F, 0xE0,
    0x00, 0x00, 0x02, 0xFD, 0x00, 0x00, 0x00, 0x2C, 0x00, 0xFF, 0x40, 0x00, 0x00, 0x2F, 0xD0, 0x00,
    0x00, 0x03, 0x80, 0x07, 0xFC, 0x00, 0x00, 0x02, 0xFD, 0x00, 0x00, 0x00, 0xB0, 0x00, 0x3F, 0xD0,
    0x00, 0x00, 0x2F, 0xD0, 0x00, 0x00, 0x1E, 0x00, 0x01, 0xFF, 0x00, 0x00, 0x02, 0xFF, 0xFF, 0xFF,
    0xFF, 0xFF, 0xFF, 0xFF, 0xF8, 0x00, 0x00, 0x2F, 0xD0, 0x00, 0x00, 0xB0, 0x0F, 0xC0, 0x3F, 0xC0,
    0x00, 0x02, 0xFD, 0x00, 0x00, 0x0E, 0x00, 0xFC, 0x01, 0xFE, 0x00, 0x00, 0x2F, 0xD0, 0x00, 0x02,
    0xC0, 0x0F, 0xC0, 0x0F, 0xF4, 0x00, 0x02, 0xFD, 0x00, 0x00, 0x38, 0x00, 0xFC, 0x00, 0x7F, 0xC0,
    0x00, 0x2F, 0xD0, 0x00, 0x0B, 0x00, 0x0F, 0xC0, 0x03, 0xFD, 0x00, 0x02, 0xFD, 0x00, 0x00, 0xE0,
    0x00, 0xFC, 0x00, 0x1F, 0xF0, 0x00, 0x2F, 0xD0, 0x00, 0x2D, 0x00, 0x0F, 0xC0, 0x00, 0xFF, 0x80,
    0xFF, 0xFF, 0xF8, 0xFF, 0xF8, 0x0F, 0xFF, 0xC0, 0x7F, 0xFF, 0xF0, 0x3F, 0xFF, 0x40, 0x00, 0x00,
    0xB8, 0x00, 0x00, 0x00, 0xFD, 0x00, 0x00, 0x00, 0xBF, 0x40, 0x00, 0x00, 0x3F, 0x40, 0x00, 0x00,
    0x7F, 0xF0, 0x00, 0x00, 0x0F, 0xD0, 0x00, 0x00, 0x34, 0xFF, 0x00, 0x00, 0x03, 0xF4, 0x00, 0x00,
    0x38, 0x0F, 0xE0, 0x00, 0x00, 0xFD, 0x00, 0x00, 0x3C, 0x01, 0xFD, 0x00, 0x00, 0x3F, 0x40, 0x00,
    0x2C, 0x00, 0x2F, 0xC0, 0x00, 0x0F, 0xFF, 0xFF, 0xFF, 0xFF, 0xFF, 0xFC, 0x00, 0x03, 0xF4, 0x00,
    0x0E, 0x01, 0xF0, 0x3F, 0x80, 0x00, 0xFD, 0x00, 0x0B, 0x00, 0x7C, 0x0B, 0xF4, 0x00, 0x3F, 0x40,
    0x07, 0x40, 0x1F, 0x00, 0xFF, 0x00, 0x0F, 0xD0, 0x07, 0xC0, 0x0B, 0xC0, 0x1F, 0xF0, 0x3F, 0xFF,
    0x4F, 0xF0, 0x0B, 0xFD, 0x0B, 0xFF, 0xC0, 0x00, 0x00, 0xFF, 0xFF, 0xFF, 0xFF, 0xF8, 0x00, 0x00,
    0x00, 0x0B, 0xFC, 0x00, 0x00, 0x0F, 0x00, 0x00, 0x00, 0x00, 0x2F, 0xE0, 0x00, 0x02, 0xC0, 0x00,
    0x00, 0x00, 0x00, 0xFF, 0x80, 0x00, 0x74, 0x00, 0x00, 0x00, 0x00, 0x03, 0xFD, 0x00, 0x1D, 0x00,
    0x00, 0x00, 0x00, 0x00, 0x0F, 0xF0, 0x03, 0x80, 0x00, 0x00, 0x00, 0x00, 0x00, 0x7F, 0xC0, 0xF0,
    0x00, 0x00, 0x00, 0x00, 0x00, 0x02, 0xFE, 0x2C, 0x00, 0x00, 0x00, 0x00, 0x00, 0x00, 0x0F, 0xFB,
    0x00, 0x00, 0x00, 0x00, 0x00, 0x00, 0x6F, 0xFF, 0xFF, 0xE0, 0x00, 0x00, 0x00, 0x00, 0x3F, 0xE7,
    0xFE, 0xBF, 0xD0, 0x00, 0x00, 0x00, 0x0F, 0xE0, 0x3F, 0xD0, 0x7F, 0x80, 0x00, 0x00, 0x03, 0xFC,
    0x03, 0xFD, 0x02, 0xFC, 0x00, 0x00, 0x00, 0x7F, 0x40, 0x3F, 0xD0, 0x0F, 0xF0, 0x00, 0x00, 0x0F,
    0xF0, 0x03, 0xFD, 0x00, 0x7F, 0x80, 0x00, 0x03, 0xFD, 0x00, 0x3F, 0xD0, 0x03, 0xFC, 0x00, 0x00,
    0x7F, 0x80, 0x03, 0xFD, 0x00, 0x0F, 0xF0, 0x00, 0x0F, 0xF0, 0x00, 0x3F, 0xD0, 0x00, 0xBF, 0x80,
    0x02, 0xFE, 0x00, 0x03, 0xFD, 0x00, 0x07, 0xFD, 0x07, 0xFF, 0xFE, 0x01, 0xFF, 0xFC, 0x07, 0xFF,
    0xFF, 0x00, 0x0F, 0xFF, 0xFF, 0xFF, 0xF0, 0x00, 0x00, 0x03, 0xF0, 0x00, 0x02, 0x80, 0x00, 0x00,
    0x00, 0x7D, 0x00, 0x0D, 0x00, 0x00, 0x00, 0x00, 0x0F, 0x80, 0xA0, 0x00, 0x00, 0x00, 0x00, 0x02,
    0xF7, 0x40, 0x00, 0x00, 0x00, 0x00, 0x6F, 0xFF, 0xF9, 0x00, 0x00, 0x00, 0x03, 0xF4, 0xBD, 0x1F,
    0xC0, 0x00, 0x00, 0x0F, 0xC0, 0xBD, 0x03, 0xF0, 0x00, 0x00, 0x3F, 0x00, 0xBD, 0x01, 0xF8, 0x00,
    0x00, 0xFD, 0x00, 0xBD, 0x00, 0xBE, 0x00, 0x02, 0xF8, 0x00, 0xBD, 0x00, 0x3F, 0x40, 0x0B, 0xF4,
    0x00, 0xBD, 0x00, 0x2F, 0xD0, 0x7F, 0xFC, 0x03, 0xFF, 0xC0, 0x7F, 0xFC, 0xFF, 0xFF, 0xF8, 0x00,
    0x0F, 0xFF, 0xFF, 0xFF, 0xFF, 0xC0, 0x00, 0x00, 0xBF, 0x40, 0x00, 0x01, 0xFF, 0x00, 0x00, 0x02,
    0xD0, 0x00, 0x00, 0x2F, 0xD0, 0x00, 0x00, 0x1F, 0xF0, 0x00, 0x01, 0xE0, 0x00, 0x00, 0x0B, 0xF4,
    0x00, 0x00, 0x02, 0xFF, 0x00, 0x00, 0xE0, 0x00, 0x00, 0x02, 0xFD, 0x00, 0x00, 0x00, 0x3F, 0xE0,
    0x00, 0xF0, 0x00, 0x00, 0x00, 0xBF, 0x40, 0x00, 0x00, 0x03, 0xFD, 0x00, 0xB0, 0x00, 0x00, 0x00,
    0x2F, 0xD0, 0x00, 0x00, 0x00, 0x3F, 0xC0, 0x74, 0x00, 0x00, 0x00, 0x0B, 0xF4, 0x00, 0x00, 0x00,
    0x07, 0xFC, 0x34, 0x00, 0x00, 0x00, 0x02, 0xFD, 0x00, 0x00, 0x00, 0x00, 0xBF, 0xB8, 0x00, 0x00,
    0x00, 0x00, 0xBF, 0xFF, 0xFF, 0xFF, 0xFF, 0xFF, 0xFF, 0xE4, 0x00, 0x00, 0x00, 0x2F, 0xD0, 0x00,
    0x00, 0x3F, 0xD2, 0xFE, 0x1F, 0xE0, 0x00, 0x00, 0x0B, 0xF4, 0x00, 0x00, 0x3F, 0xC0, 0xBF, 0x80,
    0xFE, 0x00, 0x00, 0x02, 0xFD, 0x00, 0x00, 0x2F, 0xD0, 0x2F, 0xE0, 0x0F, 0xD0, 0x00, 0x00, 0xBF,
    0x40, 0x00, 0x0F, 0xF0, 0x0B, 0xF8, 0x02, 0xFC, 0x00, 0x00, 0x2F, 0xD0, 0x00, 0x0F, 0xF0, 0x02,
    0xFE, 0x00, 0x3F, 0x80, 0x00, 0x0B, 0xF4, 0x00, 0x07, 0xF8, 0x00, 0xBF, 0x80, 0x0B, 0xF4, 0x00,
    0x02, 0xFD, 0x00, 0x03, 0xFC, 0x00, 0x2F, 0xE0, 0x00, 0xFF, 0x00, 0x00, 0xBF, 0x40, 0x02, 0xFE,
    0x00, 0x0B, 0xF8, 0x00, 0x1F, 0xE0, 0x00, 0x2F, 0xD0, 0x00, 0xFF, 0x00, 0x02, 0xFE, 0x00, 0x03,
    0xFD, 0x03, 0xFF, 0xFF, 0xEF, 0xFF, 0xFC, 0x03, 0xFF, 0xF0, 0x0F, 0xFF, 0xFC, 0x3F, 0xFF, 0x40,
    0x01, 0xFF, 0xFF, 0xFF, 0xFE, 0x00, 0x00, 0xFD, 0x00, 0x00, 0x1F, 0x80, 0x00, 0x0D, 0x00, 0x00,
    0x3F, 0x40, 0x00, 0x00, 0xBC, 0x00, 0x1C, 0x00, 0x00, 0x0F, 0xD0, 0x00, 0x00, 0x07, 0xD0, 0x28,
    0x00, 0x00, 0x03, 0xF4, 0x00, 0x00, 0x00, 0x3E, 0x74, 0x00, 0x00, 0x00, 0xFF, 0xFF, 0xFF, 0xFF,
    0xFF, 0xFF, 0xE0, 0x00, 0x00, 0x3F, 0x40, 0x00, 0x07, 0xE4, 0xFC, 0x2F, 0x80, 0x00, 0x0F, 0xD0,
    0x00, 0x07, 0xE0, 0x3F, 0x01, 0xF8, 0x00, 0x03, 0xF4, 0x00, 0x03, 0xF0, 0x0F, 0xC0, 0x2F, 0x40,
    0x00, 0xFD, 0x00, 0x03, 0xF0, 0x03, 0xF0, 0x03, 0xF4, 0x00, 0x3F, 0x40, 0x03, 0xF4, 0x00, 0xFC,
    0x00, 0x7F, 0x00, 0x0F, 0xD0, 0x03, 0xFC, 0x00, 0x3F, 0x00, 0x0F, 0xF4, 0x3F, 0xFF, 0x4B, 0xFF,
    0xC0, 0x7F, 0xF8, 0x0B, 0xFF, 0xC0, 0x00, 0xF8, 0x02, 0xE0, 0x00, 0x02, 0xF5, 0xF0, 0x00, 0x00,
    0x07, 0xF8, 0x00, 0x00, 0x00, 0x6F, 0x90, 0x00, 0x00, 0xBF, 0xFF, 0xE0, 0x00, 0x3E, 0x40, 0x2F,
    0xC0, 0x0B, 0xF0, 0x00, 0xBE, 0x00, 0xFF, 0x40, 0x07, 0xF0, 0x0B, 0xE0, 0x00, 0x3F, 0x00, 0x00,
    0x00, 0x03, 0xF0, 0x00, 0x00, 0x00, 0x7F, 0x00, 0x00, 0x00, 0x0F, 0xC0, 0x00, 0x00, 0x07, 0xF0,
    0x00, 0x00, 0x7F, 0xF8, 0x00, 0x00, 0x00, 0x01, 0xB4, 0x00, 0x00, 0x00, 0x01, 0xE0, 0x00, 0x00,
    0x00, 0x0F, 0x40, 0x00, 0x00, 0x00, 0xBC, 0x00, 0x00, 0x00, 0x0B, 0xC0, 0x00, 0x00, 0x00, 0xFC,
    0x00, 0x00, 0x00, 0x3F, 0xC0, 0x00, 0x00, 0x6F, 0xF8, 0x00, 0x01, 0xBF, 0xFF, 0x00, 0x07, 0xFF,
    0xFF, 0xC0, 0x0B, 0xFF, 0xFF, 0xD0, 0x03, 0xFF, 0xFE, 0x40, 0x00, 0x3F, 0xF9, 0x00, 0x00, 0x03,
    0xF4, 0x00, 0x00, 0x00, 0x3E, 0x00, 0x00, 0x00, 0x00, 0xA0, 0x00, 0x00, 0x00, 0x0A, 0x00, 0x7C,
    0x00, 0x70, 0x74, 0x00, 0x03, 0xA0, 0x00, 0x2F, 0xFF, 0x90, 0x3F, 0x00, 0x7D, 0x0F, 0xD0, 0x0B,
    0xC2, 0xE0, 0x02, 0xF0, 0x00, 0x01, 0xF4, 0x00, 0x3F, 0xF4, 0x00, 0x00, 0x0B, 0x40, 0x00, 0x00,
    0xB0, 0x00, 0x00, 0x1E, 0x00, 0x00, 0x0F, 0x80, 0x00, 0x1F, 0xE0, 0x06, 0xFF, 0xF0, 0x2F, 0xFF,
    0xF4, 0x2F, 0xFF, 0xE0, 0x0F, 0xF9, 0x00, 0x03, 0xD0, 0x00, 0x00, 0xF0, 0x00, 0x00, 0x2D, 0x20,
    0x00, 0x02, 0xF8, 0x00, 0x00, 0x00, 0x00, 0x00, 0x00, 0x00, 0x00, 0x00, 0x0F, 0xFF, 0xFF, 0xE0,
    0x00, 0x00, 0x00, 0x0F, 0xE0, 0x00, 0x00, 0x00, 0x00, 0x0F, 0xE0, 0x00, 0x00, 0x00, 0x00, 0x0F,
    0xE0, 0x00, 0x00, 0x3F, 0xD0, 0x0F, 0xE0, 0x07, 0xFC, 0x0F, 0xF0, 0x0F, 0xE0, 0x0F, 0xF0, 0x0B,
    0xF4, 0x0F, 0xE0, 0x1F, 0xD0, 0x07, 0xF4, 0x0F, 0xE0, 0x2F, 0xD0, 0x07, 0xF4, 0x0F, 0xE0, 0x2F,
    0xC0, 0x03, 0xF8, 0x0F, 0xE0, 0x2F, 0xC0, 0x03, 0xF8, 0x0F, 0xE0, 0x3F, 0xC0, 0x02, 0xFC, 0x0F,
    0xE0, 0x3F, 0x80, 0x00, 0xFD, 0x0F, 0xE0, 0xBF, 0x00, 0x00, 0x7F, 0x4F, 0xE1, 0xFC, 0x00, 0x00,
    0x0F, 0xEF, 0xFF, 0xE0, 0x00, 0x00, 0x01, 0xBF, 0xF9, 0x00, 0x00, 0x00, 0x00, 0x0F, 0xE0, 0x00,
    0x00, 0x00, 0x00, 0x0F, 0xE0, 0x00, 0x00, 0x00, 0x00, 0x0F, 0xE0, 0x00, 0x00, 0x00, 0x0F, 0xFF,
    0xFF, 0xE0, 0x00, 0x00, 0x00, 0x00, 0x00, 0x00, 0x00, 0x00, 0x03, 0xFF, 0x00, 0x00, 0x00, 0x00,
    0x0F, 0xC0, 0x00, 0x00, 0x00, 0x03, 0xF0, 0x00, 0x00, 0x00, 0x00, 0xFC, 0x00, 0x00, 0x00, 0x00,
    0x3F, 0x00, 0x00, 0x00, 0x00, 0x0F, 0xC0, 0x00, 0x00, 0x00, 0x03, 0xF0, 0x00, 0x00, 0xF8, 0x00,
    0xFC, 0x00, 0xBC, 0x0B, 0xD0, 0x3F, 0x00, 0xFC, 0x01, 0xF8, 0x0F, 0xC0, 0x7E, 0x00, 0xBF, 0x03,
    0xF0, 0x2F, 0xC0, 0x2F, 0x80, 0xFC, 0x07, 0xF0, 0x0F, 0xE0, 0x3F, 0x01, 0xFC, 0x03, 0xF8, 0x0F,
    0xC0, 0x7F, 0x40, 0xFE, 0x03, 0xF0, 0x1F, 0xD0, 0x3F, 0x80, 0xFC, 0x07, 0xF4, 0x0F, 0xF0, 0x3F,
    0x02, 0xFC, 0x01, 0xFC, 0x0F, 0xC0, 0xFE, 0x00, 0x2F, 0xD3, 0xF0, 0xFF, 0x00, 0x01, 0xFF, 0xFF,
    0xFD, 0x00, 0x00, 0x00, 0x7F, 0x90, 0x00, 0x00, 0x00, 0x0F, 0xD0, 0x00, 0x00, 0x00, 0x03, 0xF4,
    0x00, 0x00, 0x00, 0x00, 0xFD, 0x00, 0x00, 0x00, 0x00, 0x3F, 0x40, 0x00, 0x00, 0x00, 0xFF, 0xFD,
    0x00, 0x00, 0x00, 0x01, 0xBF, 0xF9, 0x00, 0x00, 0x00, 0xBF, 0x40, 0x7F, 0x80, 0x00, 0x0F, 0xE0,
    0x00, 0x2F, 0xC0, 0x00, 0xFE, 0x00, 0x00, 0x2F, 0xC0, 0x0B, 0xF0, 0x00, 0x00, 0x3F, 0x80, 0x7F,
    0xC0, 0x00, 0x00, 0xFF, 0x42, 0xFE, 0x00, 0x00, 0x02, 0xFE, 0x0F, 0xF4, 0x00, 0x00, 0x07, 0xFC,
    0x3F, 0xD6, 0xFF, 0x90, 0x1F, 0xF0, 0xFF, 0xFF, 0xFF, 0xFF, 0xFF, 0xC3, 0xFD, 0x01, 0xBF, 0xE5,
    0xFF, 0x0F, 0xF4, 0x00, 0x00, 0x07, 0xFC, 0x3F, 0xD0, 0x00, 0x00, 0x1F, 0xF0, 0xBF, 0x80, 0x00,
    0x00, 0xBF, 0x80, 0xFF, 0x00, 0x00, 0x03, 0xFC, 0x02, 0xFD, 0x00, 0x00, 0x1F, 0xE0, 0x03, 0xFC,
    0x00, 0x00, 0xFF, 0x00, 0x03, 0xF8, 0x00, 0x0B, 0xF0, 0x00, 0x02, 0xFD, 0x01, 0xFE, 0x00, 0x00,
    0x00, 0x6F, 0xFE, 0x40, 0x00, 0x00, 0x7F, 0xE4, 0x00, 0x3E, 0x07, 0xE0, 0x0F, 0xC0, 0x0F, 0x82,
    0xF8, 0x00, 0xFD, 0x3F, 0x40, 0x0B, 0xE3, 0xFF, 0xFF, 0xFF, 0x3F, 0x40, 0x0B, 0xF3, 0xF4, 0x00,
    0xBF, 0x3F, 0x40, 0x0B, 0xE1, 0xF8, 0x00, 0xFC, 0x0F, 0xC0, 0x1F, 0x80, 0x3F, 0x07, 0xE0, 0x00,
    0x7F, 0xE4, 0x00, 0x7F, 0xFF, 0xF4, 0x00, 0x00, 0x2F, 0xD0, 0x07, 0xFC, 0x00, 0x00, 0x02, 0xCB,
    0xC0, 0x0F, 0xF4, 0x00, 0x00, 0x1C, 0x3F, 0x40, 0x1F, 0xF0, 0x00, 0x00, 0xE0, 0xBC, 0x00, 0x3F,
    0xD0, 0x00, 0x07, 0x00, 0x00, 0x00, 0xBF, 0x80, 0x00, 0x2C, 0x00, 0x00, 0x00, 0xFF, 0x00, 0x00,
    0xD0, 0x00, 0x00, 0x02, 0xFE, 0x00, 0x0B, 0x00, 0x00, 0x00, 0x07, 0xFC, 0x00, 0x34, 0x00, 0x00,
    0x00, 0x0F, 0xF4, 0x02, 0xC0, 0x00, 0x00, 0x00, 0x1F, 0xF0, 0x0E, 0x00, 0x00, 0x00, 0x00, 0x3F,
    0xD0, 0x70, 0x00, 0x00, 0x00, 0x00, 0xBF, 0xC3, 0x80, 0x00, 0x00, 0x00, 0x00, 0xFF, 0x1D, 0x00,
    0x00, 0x00, 0x00, 0x02, 0xFE, 0xF0, 0x00, 0x00, 0x00, 0x00, 0x03, 0xFF, 0x40, 0x00, 0x00, 0x00,
    0x00, 0x0F, 0xFC, 0x00, 0x00, 0x00, 0x00, 0x00, 0x1F, 0xE0, 0x00, 0x00, 0x00, 0x00, 0x00, 0x3F,
    0x00, 0x00, 0x00, 0x00, 0x00, 0x00, 0x78, 0x00, 0x00, 0x00, 0x7F, 0xFE, 0x00, 0x07, 0xF4, 0x07,
    0xF4, 0x00, 0x1E, 0xFC, 0x03, 0xF8, 0x00, 0x35, 0xFC, 0x01, 0xFC, 0x00, 0x70, 0xB4, 0x00, 0xFD,
    0x00, 0xD0, 0x00, 0x00, 0xBF, 0x01, 0xC0, 0x00, 0x00, 0x3F, 0x43, 0x80, 0x00, 0x00, 0x2F, 0xC7,
    0x00, 0x00, 0x00, 0x0F, 0xDE, 0x00, 0x00, 0x00, 0x0B, 0xFC, 0x00, 0x00, 0x00, 0x03, 0xF8, 0x00,
    0x00, 0x00, 0x02, 0xF4, 0x00, 0x00, 0x00, 0x00, 0xE0, 0x00, 0x00, 0x00, 0x2E, 0x03, 0xD0, 0x00,
    0x00, 0x00, 0x00, 0xFF, 0x6F, 0xE0, 0x00, 0x00, 0x00, 0x03, 0xFF, 0xFF, 0xF4, 0x00, 0x00, 0x00,
    0x01, 0xAF, 0x6B, 0xE0, 0x00, 0x00, 0x00, 0x00, 0x00, 0x00, 0x00, 0x00, 0x01, 0xFF, 0xFF, 0xD0,
    0x00, 0x00, 0x7F, 0x40, 0x1F, 0xF0, 0x00, 0x00, 0x0B, 0x6F, 0x00, 0x3F, 0xD0, 0x00, 0x00, 0x74,
    0xFD, 0x00, 0x7F, 0xC0, 0x00, 0x03, 0xC2, 0xF0, 0x00, 0xFF, 0x40, 0x00, 0x1D, 0x00, 0x00, 0x02,
    0xFE, 0x00, 0x00, 0xB0, 0x00, 0x00, 0x03, 0xFC, 0x00, 0x03, 0x80, 0x00, 0x00, 0x0B, 0xF8, 0x00,
    0x2C, 0x00, 0x00, 0x00, 0x1F, 0xF0, 0x00, 0xE0, 0x00, 0x00, 0x00, 0x3F, 0xD0, 0x0B, 0x00, 0x00,
    0x00, 0x00, 0x7F, 0xC0, 0x38, 0x00, 0x00, 0x00, 0x00, 0xFF, 0x41, 0xD0, 0x00, 0x00, 0x00, 0x02,
    0xFF, 0x0F, 0x00, 0x00, 0x00, 0x00, 0x03, 0xFC, 0x74, 0x00, 0x00, 0x00, 0x00, 0x0B, 0xFB, 0xC0,
    0x00, 0x00, 0x00, 0x00, 0x0F, 0xFD, 0x00, 0x00, 0x00, 0x00, 0x00, 0x3F, 0xF0, 0x00, 0x00, 0x00,
    0x00, 0x00, 0x7F, 0x80, 0x00, 0x00, 0x00, 0x00, 0x00, 0xFC, 0x00, 0x00, 0x00, 0x00, 0x00, 0x01,
    0xE0, 0x00, 0x00, 0x00, 0x1E, 0x03, 0xD0, 0x00, 0x00, 0x3F, 0xC7, 0xF8, 0x00, 0x00, 0x2F, 0xF7,
    0xFE, 0x00, 0x00, 0x02, 0xFC, 0x6F, 0x80, 0x00, 0x00, 0x14, 0x01, 0x00, 0x00, 0x00, 0x00, 0x00,
    0x00, 0x00, 0x7F, 0xFE, 0x00, 0x07, 0xF4, 0x07, 0xF4, 0x00, 0x1E, 0xFC, 0x03, 0xF8, 0x00, 0x35,
    0xFC, 0x01, 0xFC, 0x00, 0xB0, 0xB4, 0x00, 0xFE, 0x00, 0xD0, 0x00, 0x00, 0xBF, 0x01, 0xC0, 0x00,
    0x00, 0x3F, 0x43, 0x80, 0x00, 0x00, 0x2F, 0xC7, 0x00, 0x00, 0x00, 0x0F, 0xDE, 0x00, 0x00, 0x00,
    0x0B, 0xFC, 0x00, 0x00, 0x00, 0x03, 0xF8, 0x00, 0x00, 0x00, 0x02, 0xF0, 0x00, 0x00, 0x00, 0x00,
    0xE0, 0x00, 0x00, 0x00, 0x00, 0x00, 0x2F, 0x00, 0x00, 0x00, 0x00, 0x00, 0x00, 0x1F, 0xF0, 0x00,
    0x00, 0x00, 0x00, 0x00, 0x1B, 0xFD, 0x40, 0x00, 0x00, 0x00, 0x0B, 0xFF, 0xFF, 0xFF, 0x90, 0x00,
    0x00, 0x3F, 0xE0, 0x7F, 0x81, 0xFF, 0x40, 0x00, 0x7F, 0x80, 0x0F, 0xE0, 0x07, 0xF8, 0x00, 0x7F,
    0x80, 0x03, 0xF8, 0x00, 0x7F, 0x80, 0x3F, 0xC0, 0x00, 0x00, 0x00, 0x0B, 0xF4, 0x1F, 0xF0, 0x00,
    0x00, 0x00, 0x01, 0xFF, 0x0B, 0xF8, 0x00, 0x00, 0x00, 0x00, 0x3F, 0xC3, 0xFD, 0x00, 0x00, 0x00,
    0x00, 0x0F, 0xF4, 0xFF, 0x40, 0x00, 0x00, 0x00, 0x03, 0xFD, 0x3F, 0xD0, 0x00, 0x00, 0x00, 0x00,
    0xFF, 0x8F, 0xF4, 0x00, 0x00, 0x00, 0x00, 0x3F, 0xE3, 0xFD, 0x00, 0x00, 0x00, 0x00, 0x0F, 0xF8,
    0xFF, 0x40, 0x00, 0x00, 0x00, 0x03, 0xFD, 0x2F, 0xE0, 0x00, 0x00, 0x00, 0x00, 0xFF, 0x07, 0xFC,
    0x00, 0x00, 0x00, 0x00, 0x7F, 0xC0, 0xFF, 0x40, 0x00, 0x00, 0x00, 0x3F, 0xD0, 0x1F, 0xF0, 0x00,
    0xFE, 0x00, 0x1F, 0xF0, 0x01, 0xFF, 0x00, 0x3F, 0x80, 0x1F, 0xF0, 0x00, 0x1F, 0xF9, 0x1F, 0xE0,
    0x7F, 0xE0, 0x00, 0x00, 0x6F, 0xFF, 0xFF, 0xFF, 0x40, 0x00, 0x00, 0x00, 0x16, 0xFF, 0x50, 0x00,
    0x00, 0x00, 0x00, 0x00, 0x7F, 0xC0, 0x00, 0x00, 0x00, 0x00, 0x00, 0x0B, 0xC0, 0x00, 0x00, 0x00,
    0x00, 0x00, 0x3D, 0x00, 0x00, 0x00, 0x00, 0xBF, 0x00, 0x00, 0x00, 0x7F, 0xFF, 0xFE, 0x00, 0x03,
    0xF4, 0x7E, 0x0B, 0xD0, 0x0F, 0xC0, 0x7E, 0x03, 0xF4, 0x1F, 0xC0, 0x00, 0x02, 0xFC, 0x3F, 0x80,
    0x00, 0x01, 0xFC, 0x3F, 0x80, 0x00, 0x01, 0xFD, 0x3F, 0x80, 0x00, 0x01, 0xFD, 0x3F, 0x80, 0x00,
    0x01, 0xFD, 0x3F, 0x80, 0x00, 0x01, 0xFC, 0x2F, 0xC0, 0x00, 0x02, 0xFC, 0x0F, 0xD0, 0x7E, 0x03,
    0xF4, 0x07, 0xF4, 0x7E, 0x0F, 0xE0, 0x00, 0xBF, 0xFF, 0xFE, 0x00, 0x00, 0x00, 0xBF, 0x40, 0x00,
    0x00, 0x00, 0x3D, 0x00, 0x00, 0x00, 0x00, 0x00, 0x00, 0x00, 0x00, 0x00, 0x00, 0x00, 0x00, 0x06,
    0xFF, 0xFE, 0x40, 0x00, 0x00, 0x00, 0x00, 0x7F, 0x80, 0x07, 0xF8, 0x00, 0x00, 0x00, 0x02, 0xF8,
    0x07, 0xE0, 0x7E, 0x00, 0x00, 0x00, 0x03, 0xF0, 0x1C, 0x34, 0x1F, 0xC0, 0x00, 0x00, 0x00, 0x00,
    0x20, 0x34, 0x02, 0xF8, 0x00, 0x00, 0x00, 0x00, 0x00, 0xF0, 0x00, 0x00, 0x00, 0x00, 0x06, 0xFE,
    0x00, 0x90, 0xBF, 0xD0, 0x00, 0x00, 0x7F, 0x03, 0xC0, 0x03, 0xD0, 0xBD, 0x00, 0x01, 0xFC, 0x0B,
    0xE0, 0x07, 0xF0, 0x2F, 0x80, 0x07, 0xF4, 0x0F, 0xE0, 0x0B, 0xF0, 0x0F, 0xD0, 0x0F, 0xF0, 0x07,
    0xC0, 0x03, 0xD0, 0x0B, 0xF0, 0x1F, 0xE0, 0x00, 0x00, 0x00, 0x00, 0x07, 0xF4, 0x2F, 0xD0, 0x00,
    0x00, 0x00, 0x00, 0x07, 0xFC, 0x3F, 0xD0, 0x00, 0x00, 0x00, 0x00, 0x03, 0xFC, 0x3F, 0xD0, 0x00,
    0x00, 0x00, 0x00, 0x03, 0xFC, 0x3F, 0xD0, 0x00, 0x00, 0x00, 0x00, 0x03, 0xFD, 0x3F, 0xD0, 0x00,
    0x7F, 0xFE, 0x00, 0x03, 0xFD, 0x3F, 0xD0, 0x00, 0x0F, 0xF0, 0x00, 0x03, 0xFD, 0x3F, 0xD0, 0x00,
    0x0F, 0xF0, 0x00, 0x03, 0xFC, 0x3F, 0xD0, 0x00, 0x0F, 0xF0, 0x00, 0x07, 0xFC, 0x2F, 0xE0, 0x00,
    0x0F, 0xF0, 0x00, 0x07, 0xF8, 0x0F, 0xF0, 0x00, 0x0F, 0xF0, 0x00, 0x0B, 0xF4, 0x0B, 0xF4, 0x00,
    0x0F, 0xF0, 0x00, 0x0F, 0xE0, 0x02, 0xFC, 0x00, 0x0F, 0xF0, 0x00, 0x2F, 0xC0, 0x00, 0xBF, 0x00,
    0x7D, 0x3D, 0x00, 0xBE, 0x00, 0x00, 0x0B, 0xFF, 0x90, 0x06, 0xFF, 0xE4, 0x00, 0x00, 0x01, 0xBF,
    0xFE, 0x40, 0x00, 0x00, 0x07, 0xF4, 0x02, 0xFC, 0x00, 0x00, 0x07, 0xE0, 0x3F, 0x0F, 0xC0, 0x00,
    0x03, 0xF0, 0x30, 0xF0, 0xFD, 0x00, 0x00, 0x00, 0x18, 0x3C, 0x07, 0xD0, 0x00, 0x00, 0x00, 0x1D,
    0x00, 0x00, 0x00, 0x0B, 0xFD, 0x0A, 0x2F, 0xF8, 0x00, 0x2F, 0x87, 0xD0, 0x1F, 0x0B, 0xE0, 0x2F,
    0x82, 0xF8, 0x0B, 0xE0, 0xBE, 0x1F, 0xC0, 0x7C, 0x01, 0xF0, 0x1F, 0xCB, 0xF0, 0x00, 0x00, 0x00,
    0x03, 0xF7, 0xFC, 0x00, 0xFF, 0xF8, 0x00, 0xFE, 0xFF, 0x00, 0x07, 0xF0, 0x00, 0x3F, 0xBF, 0xC0,
    0x00, 0xFC, 0x00, 0x0F, 0xEB, 0xF0, 0x00, 0x3F, 0x00, 0x03, 0xF4, 0xFC, 0x00, 0x0F, 0xC0, 0x01,
    0xFC, 0x2F, 0x80, 0x07, 0xF0, 0x00, 0xFD, 0x02, 0xF8, 0x0B, 0x8F, 0x40, 0xBD, 0x00, 0x1B, 0xFE,
    0x40, 0x6F, 0xF8, 0x00, 0x00, 0x00, 0x00, 0x00, 0x00, 0x00, 0x00, 0x00, 0x03, 0xFF, 0xFF, 0xD0,
    0x00, 0x00, 0x00, 0x00, 0x03, 0xD7, 0xD3, 0xD0, 0x00, 0x00, 0x00, 0x00, 0x03, 0x83, 0xD1, 0xD0,
    0x00, 0x00, 0x00, 0x00, 0x03, 0x43, 0xD0, 0xD0, 0x00, 0x00, 0x00, 0x00, 0x03, 0x43, 0xD0, 0xD0,
    0x00, 0x00, 0x00, 0x00, 0x00, 0x00, 0x00, 0x00, 0x00, 0x00, 0x00, 0x06, 0xFE, 0x00, 0x00, 0xBF,
    0xD0, 0x00, 0x00, 0x7F, 0x03, 0xC0, 0x03, 0xD0, 0xBD, 0x00, 0x01, 0xFC, 0x0B, 0xE0, 0x07, 0xF0,
    0x2F, 0x80, 0x07, 0xF4, 0x0F, 0xE0, 0x0B, 0xF0, 0x0F, 0xD0, 0x0F, 0xF0, 0x07, 0xC0, 0x03, 0xD0,
    0x0B, 0xF0, 0x1F, 0xE0, 0x00, 0x00, 0x00, 0x00, 0x07, 0xF4, 0x2F, 0xD0, 0x00, 0x00, 0x00, 0x00,
    0x07, 0xFC, 0x3F, 0xD0, 0x00, 0x00, 0x00, 0x00, 0x03, 0xFC, 0x3F, 0xD0, 0x00, 0x00, 0x00, 0x00,
    0x03, 0xFC, 0x3F, 0xD0, 0x00, 0x00, 0x00, 0x00, 0x03, 0xFD, 0x3F, 0xD0, 0x00, 0x7F, 0xFE, 0x00,
    0x03, 0xFD, 0x3F, 0xD0, 0x00, 0x0F, 0xF0, 0x00, 0x03, 0xFD, 0x3F, 0xD0, 0x00, 0x0F, 0xF0, 0x00,
    0x03, 0xFC, 0x3F, 0xD0, 0x00, 0x0F, 0xF0, 0x00, 0x07, 0xFC, 0x2F, 0xE0, 0x00, 0x0F, 0xF0, 0x00,
    0x07, 0xF8, 0x0F, 0xF0, 0x00, 0x0F, 0xF0, 0x00, 0x0B, 0xF4, 0x0B, 0xF4, 0x00, 0x0F, 0xF0, 0x00,
    0x0F, 0xE0, 0x02, 0xFC, 0x00, 0x0F, 0xF0, 0x00, 0x2F, 0xC0, 0x00, 0xBF, 0x00, 0x7D, 0x3D, 0x00,
    0xBE, 0x00, 0x00, 0x0B, 0xFF, 0x90, 0x06, 0xFF, 0xE4, 0x00, 0x00, 0x03, 0xFF, 0xFF, 0xE0, 0x00,
    0x00, 0x00, 0xF8, 0xF8, 0xB8, 0x00, 0x00, 0x00, 0x3C, 0x3E, 0x0E, 0x00, 0x00, 0x00, 0x0E, 0x0F,
    0x83, 0x80, 0x00, 0x00, 0x03, 0x83, 0xE0, 0xE0, 0x00, 0x00, 0x00, 0x00, 0x00, 0x00, 0x00, 0x00,
    0x0B, 0xFD, 0x00, 0x2F, 0xF8, 0x00, 0x2F, 0x87, 0xD0, 0x1F, 0x0B, 0xE0, 0x2F, 0x82, 0xF8, 0x0B,
    0xE0, 0xBE, 0x1F, 0xC0, 0x7C, 0x01, 0xF0, 0x1F, 0xCB, 0xF0, 0x00, 0x00, 0x00, 0x03, 0xF7, 0xFC,
    0x00, 0xFF, 0xF8, 0x00, 0xFE, 0xFF, 0x00, 0x07, 0xF0, 0x00, 0x3F, 0xBF, 0xC0, 0x00, 0xFC, 0x00,
    0x0F, 0xEB, 0xF0, 0x00, 0x3F, 0x00, 0x03, 0xF4, 0xFC, 0x00, 0x0F, 0xC0, 0x01, 0xFC, 0x2F, 0x80,
    0x07, 0xF0, 0x00, 0xFD, 0x02, 0xF8, 0x0B, 0x8F, 0x40, 0xBD, 0x00, 0x1B, 0xFE, 0x40, 0x6F, 0xF8,
    0x00, 0x00, 0x00, 0x00, 0x00, 0x00, 0x00, 0x00, 0x00, 0x6F, 0xF9, 0x00, 0xC0, 0x00, 0x2F, 0x40,
    0x1B, 0x5F, 0x00, 0x07, 0xD0, 0x00, 0x03, 0xFC, 0x00, 0xBD, 0x00, 0x00, 0x03, 0xF0, 0x07, 0xE0,
    0x00, 0x00, 0x03, 0xC0, 0x3F, 0x00, 0x00, 0x00, 0x0F, 0x01, 0xFC, 0x00, 0x00, 0x00, 0x1C, 0x0B,
    0xE0, 0x00, 0x00, 0x00, 0x10, 0x3F, 0x40, 0x00, 0x00, 0x00, 0x00, 0xFD, 0x00, 0x00, 0x00, 0x00,
    0x03, 0xF4, 0x00, 0x00, 0x00, 0x00, 0x0F, 0xE0, 0x00, 0x00, 0x00, 0x00, 0x3F, 0x80, 0x00, 0x00,
    0x00, 0x00, 0xFF, 0x00, 0x00, 0x00, 0x00, 0x02, 0xFE, 0x00, 0x00, 0x00, 0x00, 0x07, 0xFD, 0x00,
    0x00, 0x00, 0x00, 0x0F, 0xFD, 0x00, 0x00, 0x00, 0x00, 0x0F, 0xFF, 0x40, 0x00, 0x00, 0x00, 0x0F,
    0xFF, 0xFA, 0x40, 0x00, 0x00, 0x0B, 0xFF, 0xFF, 0xF9, 0x00, 0x00, 0x06, 0xFF, 0xFF, 0xFF, 0x40,
    0x00, 0x00, 0x5B, 0xFF, 0xFF, 0x40, 0x00, 0x00, 0x00, 0x1B, 0xFF, 0x00, 0x00, 0x00, 0x00, 0x00,
    0x7D, 0x00, 0x00, 0x00, 0x00, 0x00, 0x30, 0x00, 0x00, 0x00, 0x00, 0x01, 0x40, 0x00, 0x2F, 0xFE,
    0x00, 0x2F, 0x40, 0xFC, 0x0B, 0xC0, 0x1F, 0xD1, 0xF0, 0x00, 0xB8, 0x3F, 0x00, 0x00, 0x03, 0xF0,
    0x00, 0x00, 0x3F, 0x00, 0x00, 0x03, 0xF0, 0x00, 0x00, 0x3F, 0x40, 0x00, 0x02, 0xFD, 0x00, 0x00,
    0x0F, 0xF9, 0x00, 0x00, 0x3F, 0xFF, 0x40, 0x00, 0x7F, 0xFF, 0x00, 0x00, 0x1B, 0xFC, 0x00, 0x00,
    0x0B, 0xE0, 0x00, 0x00, 0x1F, 0x00, 0x00, 0x00, 0xE0, 0x00, 0x00, 0x1D, 0x00, 0x00, 0x07, 0x40,
    0x00, 0x03, 0x00, 0x03, 0x40, 0x70, 0x00, 0x39, 0xBF, 0xF0, 0x0F, 0xD0, 0x70, 0x0E, 0x34, 0x06,
    0x09, 0x07, 0x00, 0x03, 0xD0, 0x00, 0x00, 0xF8, 0x00, 0x00, 0x2D, 0x00, 0x00, 0x00, 0x00, 0x00,
    0x07, 0xD7, 0xF9, 0x00, 0x7E, 0xBD, 0x6F, 0x97, 0xEB, 0xD0, 0x06, 0xFD, 0x7D, 0x00, 0x00, 0x00,
    0x00, 0x6F, 0xFE, 0x40, 0x00, 0x2F, 0x80, 0x2F, 0x80, 0x02, 0xF0, 0x00, 0x0F, 0xC0, 0x1F, 0x40,
    0x00, 0x0F, 0x80, 0x00, 0x00, 0x00, 0x0F, 0x80, 0x00, 0x00, 0x00, 0x07, 0xC0, 0x0B, 0xF8, 0x0F,
    0x1F, 0xC7, 0x03, 0xF5, 0xC0, 0xB8, 0x24, 0x00, 0x00, 0x0B, 0xF9, 0x0F, 0xE2, 0xD3, 0xF4, 0x3C,
    0x7C, 0x0A, 0x00, 0x02, 0x00, 0x00, 0x00, 0x00, 0x00, 0x2E, 0x00, 0x00, 0x00, 0x00, 0x00, 0x00,
    0x00, 0x00, 0x2F, 0xE0, 0x00, 0x00, 0x00, 0x00, 0x00, 0x00, 0x00, 0x0B, 0xF8, 0x00, 0x00, 0x00,
    0x00, 0x00, 0x7D, 0x00, 0x00, 0xF8, 0x00, 0x01, 0xF4, 0x00, 0x00, 0x3F, 0xC0, 0x00, 0x00, 0x00,
    0x00, 0xFF, 0x00, 0x00, 0x0F, 0xF0, 0x00, 0x00, 0x00, 0x00, 0x3F, 0xC0, 0x00, 0x01, 0xF4, 0x00,
    0x00, 0x00, 0x00, 0x07, 0xD0, 0x00, 0x00, 0x00, 0x00, 0x00, 0x00, 0x00, 0x00, 0x00, 0x00, 0x00,
    0x00, 0x00, 0x00, 0x00, 0x00, 0x00, 0x00, 0x00, 0x00, 0x00, 0x00, 0x00, 0x00, 0x00, 0x00, 0x00,
    0x00, 0x00, 0x00, 0x00, 0x00, 0x00, 0x00, 0x00, 0x00, 0x00, 0x00, 0x00, 0x00, 0x00, 0x00, 0x00,
    0x00, 0x00, 0x00, 0x00, 0x00, 0x00, 0x00, 0x00, 0x00, 0x00, 0x00, 0x00, 0x00, 0x00, 0x00, 0x00,
    0x00, 0x00, 0x00, 0x00, 0x00, 0x00, 0x02, 0xF0, 0x00, 0x00, 0x00, 0x00, 0x00, 0x00, 0x03, 0xE1,
    0xFF, 0x00, 0x00, 0x00, 0x00, 0x00, 0x00, 0x03, 0xFD, 0x7F, 0xC0, 0x00, 0x00, 0x00, 0x00, 0x00,
    0x00, 0xFF, 0x4B, 0xC0, 0x00, 0x00, 0x00, 0x00, 0x00, 0x00, 0x0F, 0x80, 0x00, 0x00, 0x00, 0x00,
    0x00, 0x00, 0x00, 0x00, 0x00, 0x00, 0x00, 0x00, 0x00, 0x00, 0x00, 0x00, 0x00, 0x00, 0x00, 0x00,
    0x00, 0x00, 0x00, 0x00, 0x00, 0x00, 0x00, 0x00, 0x00, 0x00, 0x00, 0x00, 0x00, 0x00, 0x00, 0x00,
    0x00, 0x00, 0x00, 0x00, 0x00, 0x00, 0x00, 0x00, 0x00, 0x00, 0x00, 0x00, 0x00, 0x00, 0x00, 0x00,
    0x00, 0x00, 0x00, 0x00, 0x1F, 0x40, 0x00, 0x00, 0x00, 0x00, 0x7D, 0x00, 0x00, 0x0F, 0xF0, 0x00,
    0x00, 0x00, 0x00, 0x3F, 0xC0, 0x00, 0x03, 0xFC, 0x00, 0x00, 0x00, 0x00, 0x0F, 0xF0, 0x00, 0x00,
    0x7D, 0x00, 0x00, 0xB8, 0x00, 0x01, 0xF4, 0x00, 0x00, 0x00, 0x00, 0x00, 0xBF, 0x80, 0x00, 0x00,
    0x00, 0x00, 0x00, 0x00, 0x00, 0x2F, 0xE0, 0x00, 0x00, 0x00, 0x00, 0x00, 0x00, 0x00, 0x03, 0xE0,
    0x00, 0x00, 0x00, 0x00, 0x00, 0x00, 0x00, 0x00, 0x00, 0x00, 0x00, 0x00, 0x00, 0x00, 0x00, 0x00,
    0x00, 0x00, 0x00, 0x0D, 0x00, 0x00, 0x00, 0x00, 0x00, 0x00, 0x00, 0x00, 0x00, 0x1C, 0x00, 0x00,
    0x00, 0x00, 0x00, 0x00, 0x00, 0x00, 0x00, 0x0F, 0x80, 0x00, 0x00, 0x00, 0x00, 0x00, 0x01, 0x00,
    0x00, 0x0B, 0xF8, 0x00, 0x00, 0x00, 0x00, 0x00, 0x02, 0x40, 0x00, 0x02, 0xFE, 0x00, 0x00, 0x00,
    0x00, 0x00, 0x00, 0xAF, 0x40, 0x00, 0x2E, 0x00, 0x00, 0x6F, 0xF0, 0x00, 0x00, 0x1F, 0xF0, 0x00,
    0x00, 0x00, 0x00, 0x3F, 0xC9, 0x00, 0x00, 0x03, 0xFC, 0x00, 0x00, 0x00, 0x00, 0x0F, 0xF0, 0x00,
    0x00, 0x00, 0x7D, 0x00, 0x00, 0x00, 0x00, 0x01, 0xF4, 0x00, 0x00, 0x00, 0x00, 0x00, 0x00, 0x00,
    0x00, 0x00, 0x00, 0x00, 0x00, 0x00, 0x00, 0x00, 0x00, 0x00, 0x00, 0x00, 0x00, 0x00, 0x00, 0x00,
    0x00, 0x00, 0x00, 0x00, 0x00, 0x00, 0x00, 0x00, 0x00, 0x00, 0x00, 0x00, 0x00, 0x00, 0x00, 0x00,
    0x00, 0x00, 0x00, 0x00, 0x00, 0x00, 0x00, 0x00, 0x00, 0x00, 0x00, 0x00, 0x00, 0x00, 0x00, 0x00,
    0x00, 0x00, 0x00, 0x00, 0x00, 0x00, 0x00, 0x00, 0x00, 0x00, 0x00, 0x00, 0x00, 0x00, 0x00, 0x00,
    0x00, 0x00, 0x20, 0xBC, 0x00, 0x00, 0x00, 0x00, 0x00, 0x00, 0x00, 0xF8, 0x03, 0x7F, 0x80, 0x00,
    0x00, 0x00, 0x00, 0x00, 0x00, 0xFF, 0xD0, 0x7F, 0xF0, 0x00, 0x00, 0x00, 0x00, 0x00, 0x00, 0x3F,
    0xDC, 0x02, 0xF0, 0x00, 0x00, 0x00, 0x00, 0x00, 0x00, 0x03, 0xE0, 0x80, 0x00, 0x00, 0x00, 0x00,
    0x00, 0x00, 0x00, 0x00, 0x00, 0x00, 0x00, 0x00, 0x00, 0x00, 0x00, 0x00, 0x00, 0x00, 0x00, 0x00,
    0x00, 0x00, 0x00, 0x00, 0x00, 0x00, 0x00, 0x00, 0x00, 0x00, 0x00, 0x00, 0x00, 0x00, 0x00, 0x00,
    0x00, 0x00, 0x00, 0x00, 0x00, 0x00, 0x00, 0x00, 0x00, 0x00, 0x00, 0x00, 0x00, 0x00, 0x00, 0x00,
    0x00, 0x00, 0x00, 0x00, 0x00, 0x00, 0x00, 0x00, 0x00, 0x00, 0x07, 0xD0, 0x00, 0x00, 0x00, 0x00,
    0x1F, 0x40, 0x00, 0x00, 0x03, 0xFC, 0x00, 0x00, 0x00, 0x00, 0x0F, 0xF0, 0x00, 0x00, 0x00, 0xFF,
    0x00, 0x00, 0x00, 0x00, 0x03, 0xFD, 0x00, 0x00, 0x03, 0xFE, 0x40, 0x00, 0x2E, 0x00, 0x00, 0x7E,
    0x80, 0x00, 0x00, 0x00, 0x00, 0x00, 0x2F, 0xD0, 0x00, 0x00, 0x60, 0x00, 0x00, 0x00, 0x00, 0x00,
    0x0B, 0xF8, 0x00, 0x00, 0x14, 0x00, 0x00, 0x00, 0x00, 0x00, 0x00, 0xFD, 0x00, 0x00, 0x00, 0x00,
    0x00, 0x00, 0x00, 0x00, 0x00, 0x0E, 0x00, 0x00, 0x00, 0x00, 0x00, 0x00, 0x00, 0x00, 0x00, 0x0E,
    0x00, 0x00, 0x00, 0x00, 0x00, 0x00, 0x00, 0x00, 0x00, 0x05, 0x00, 0x00, 0x00, 0x00, 0x00, 0x00,
    0x00, 0x01, 0xF0, 0x0F, 0x80, 0x00, 0x00, 0x00, 0x3F, 0xC2, 0xFD, 0x00, 0x00, 0x00, 0x03, 0xFC,
    0x2F, 0xC0, 0x00, 0x00, 0x00, 0x2F, 0x40, 0xF8, 0x00, 0x00, 0x00, 0x00, 0x2F, 0xF9, 0x00, 0x00,
    0x00, 0x00, 0x00, 0x00, 0x00, 0x00, 0x00, 0xFF, 0xFF, 0xF8, 0x1F, 0xFF, 0xFF, 0x00, 0x2F, 0xD0,
    0x00, 0x0B, 0xFC, 0x00, 0x02, 0xFD, 0x00, 0x00, 0xFF, 0xC0, 0x00, 0x2F, 0xD0, 0x00, 0x3F, 0xFC,
    0x00, 0x02, 0xFD, 0x00, 0x07, 0xBF, 0xC0, 0x00, 0x2F, 0xD0, 0x00, 0xE7, 0xFC, 0x00, 0x02, 0xFD,
    0x00, 0x2C, 0x7F, 0xC0, 0x00, 0x2F, 0xD0, 0x07, 0x47, 0xFC, 0x00, 0x02, 0xFD, 0x00, 0xF0, 0x7F,
    0xC0, 0x00, 0x2F, 0xD0, 0x1C, 0x07, 0xFC, 0x00, 0x02, 0xFD, 0x03, 0x80, 0x7F, 0xC0, 0x00, 0x2F,
    0xD0, 0xB0, 0x07, 0xFC, 0x00, 0x02, 0xFD, 0x1D, 0x00, 0x7F, 0xC0, 0x00, 0x2F, 0xD3, 0xC0, 0x07,
    0xFC, 0x00, 0x02, 0xFD, 0xB0, 0x00, 0x7F, 0xC0, 0x00, 0x2F, 0xEE, 0x00, 0x07, 0xFC, 0x00, 0x02,
    0xFF, 0xC0, 0x00, 0x7F, 0xC0, 0x00, 0x2F, 0xF4, 0x00, 0x07, 0xFC, 0x00, 0x02, 0xFE, 0x00, 0x00,
    0x7F, 0xC0, 0x0F, 0xFF, 0xFF, 0x81, 0xFF, 0xFF, 0xF4, 0x00, 0x00, 0x00, 0x00, 0x00, 0x6F, 0x80,
    0x00, 0x00, 0x00, 0x00, 0x00, 0xB8, 0x00, 0x00, 0x00, 0x00, 0x00, 0x03, 0xC0, 0x00, 0x00, 0x00,
    0x00, 0x00, 0x2C, 0x00, 0x00, 0x00, 0x00, 0x00, 0x01, 0xC0, 0x00, 0x00, 0x00, 0x00, 0x00, 0x1C,
    0x00, 0x7D, 0x02, 0xE0, 0x00, 0x03, 0xFC, 0x2F, 0xD0, 0x00, 0x0F, 0xF0, 0xBF, 0x40, 0x00, 0x1F,
    0x40, 0xFC, 0x00, 0x00, 0x0B, 0xFE, 0x40, 0x00, 0x00, 0x00, 0x00, 0x00, 0x00, 0x00, 0x00, 0x00,
    0x00, 0x0F, 0xFF, 0xD3, 0xFF, 0xF8, 0x03, 0xF4, 0x00, 0xFE, 0x00, 0x0F, 0xD0, 0x0B, 0xF8, 0x00,
    0x3F, 0x40, 0x7F, 0xE0, 0x00, 0xFD, 0x03, 0x7F, 0x80, 0x03, 0xF4, 0x28, 0xFE, 0x00, 0x0F, 0xD1,
    0xC3, 0xF8, 0x00, 0x3F, 0x4D, 0x0F, 0xE0, 0x00, 0xFD, 0xE0, 0x3F, 0x80, 0x03, 0xFF, 0x00, 0xFE,
    0x00, 0x0F, 0xF0, 0x03, 0xF8, 0x00, 0x3F, 0x80, 0x0F, 0xE0, 0x0F, 0xFF, 0xD3, 0xFF, 0xFC, 0x00,
    0x00, 0x00, 0x02, 0xF0, 0x00, 0x00, 0x00, 0x02, 0xC0, 0x00, 0x00, 0x00, 0x03, 0x00, 0x00, 0x00,
    0x00, 0x0D, 0x00, 0x00, 0x00, 0x00, 0x00, 0x00, 0x00, 0x3F, 0xFF, 0xFC, 0x00, 0x00, 0x00, 0x00,
    0x3F, 0x80, 0x00, 0x00, 0x00, 0x00, 0x0F, 0xE0, 0x00, 0x00, 0x00, 0x7F, 0xFF, 0xFF, 0xFF, 0xFF,
    0xD0, 0x00, 0x00, 0xFE, 0x00, 0x00, 0x00, 0x00, 0x00, 0x3F, 0x80, 0x00, 0x00, 0x00, 0x00, 0x0F,
    0xE0, 0x00, 0x00, 0x00, 0x00, 0x03, 0xF8, 0x00, 0x00, 0x00, 0x00, 0x00, 0xFE, 0x00, 0x00, 0x00,
    0x00, 0x00, 0x3F, 0xFF, 0xFF, 0xE4, 0x00, 0x00, 0x0F, 0xE0, 0x00, 0x7F, 0xD0, 0x00, 0x03, 0xF8,
    0x00, 0x03, 0xFE, 0x00, 0x00, 0xFE, 0x00, 0x00, 0x7F, 0xC0, 0x00, 0x3F, 0x80, 0x00, 0x0F, 0xF4,
    0x00, 0x0F, 0xE0, 0x00, 0x03, 0xFD, 0x00, 0x03, 0xF8, 0x00, 0x00, 0xFF, 0x40, 0x00, 0xFE, 0x00,
    0x00, 0x7F, 0xC0, 0x00, 0x3F, 0x80, 0x00, 0x3F, 0xD0, 0x00, 0x0F, 0xE0, 0x00, 0x3F, 0xD0, 0x00,
    0xFF, 0xFF, 0xFF, 0xFE, 0x40, 0x00, 0x05, 0xBD, 0x00, 0x00, 0x3F, 0xFF, 0x40, 0x00, 0x00, 0x1F,
    0xD0, 0x00, 0x00, 0x03, 0xF4, 0x00, 0x00, 0x00, 0xFD, 0x00, 0x00, 0x00, 0x3F, 0x40, 0x00, 0x00,
    0x0F, 0xD0, 0x00, 0x00, 0x7F, 0xFF, 0xFF, 0x00, 0x00, 0xFD, 0x00, 0x00, 0x00, 0x3F, 0x40, 0x00,
    0x00, 0x0F, 0xD0, 0x00, 0x00, 0x03, 0xF4, 0x00, 0x00, 0x00, 0xFF, 0xFF, 0xE0, 0x00, 0x3F, 0x40,
    0x7F, 0x40, 0x0F, 0xD0, 0x0B, 0xF0, 0x03, 0xF4, 0x00, 0xFD, 0x00, 0xFD, 0x00, 0x3F, 0x40, 0x3F,
    0x40, 0x2F, 0xC0, 0x0F, 0xD0, 0x1F, 0xD0, 0x3F, 0xFF, 0xFF, 0x80, 0xFF, 0xFF, 0xFF, 0xFE, 0x00,
    0x00, 0xBF, 0x00, 0x07, 0xF8, 0x00, 0x2F, 0xC0, 0x00, 0x3F, 0xC0, 0x0B, 0xF0, 0x00, 0x0B, 0xF4,
    0x02, 0xFC, 0x00, 0x02, 0xFF, 0x00, 0xBF, 0x00, 0x00, 0xBF, 0xC0, 0x2F, 0xC1, 0x80, 0x2F, 0xF0,
    0x0B, 0xF0, 0x7C, 0x0B, 0xF4, 0x02, 0xFC, 0x03, 0xD3, 0xFC, 0x00, 0xBF, 0x00, 0x3F, 0xF8, 0x00,
    0x2F, 0xFF, 0xFF, 0xF4, 0x00, 0x0B, 0xF4, 0x00, 0x0F, 0x40, 0x02, 0xFD, 0x00, 0x00, 0xB8, 0x00,
    0xBF, 0x40, 0x00, 0x07, 0xC0, 0x2F, 0xD0, 0x00, 0x00, 0x10, 0x0B, 0xF4, 0x00, 0x00, 0x00, 0x02,
    0xFD, 0x00, 0x00, 0x00, 0x00, 0xBF, 0x40, 0x00, 0x00, 0x00, 0x2F, 0xD0, 0x00, 0x00, 0x03, 0xFF,
    0xFF, 0xE0, 0x00, 0x00, 0xFF, 0xDB, 0xFF, 0x40, 0x00, 0xFF, 0x90, 0x7F, 0x40, 0x0F, 0xE0, 0x01,
    0xFC, 0x00, 0xFD, 0x00, 0x0F, 0xF0, 0x0F, 0xD0, 0x00, 0x7F, 0x00, 0xFD, 0x00, 0x07, 0xF4, 0x0F,
    0xD0, 0x08, 0x7F, 0x40, 0xFD, 0x01, 0xFB, 0xF0, 0x0F, 0xD0, 0x07, 0xFF, 0x00, 0xFD, 0x00, 0x0F,
    0xE0, 0x0F, 0xE0, 0x02, 0xFE, 0x00, 0xFF, 0xD0, 0xBF, 0x7C, 0x0F, 0xD7, 0xFE, 0x40, 0xC0, 0xFD,
    0x00, 0x00, 0x00, 0x0F, 0xD0, 0x00, 0x00, 0x00, 0xFD, 0x00, 0x00, 0x00, 0x0F, 0xD0, 0x00, 0x00,
    0x00, 0xFD, 0x00, 0x00, 0x00, 0xFF, 0xFD, 0x00, 0x00, 0x00, 0x00, 0x00, 0x00, 0x00, 0x70, 0x00,
    0x00, 0x00, 0x02, 0xC0, 0x00, 0x00, 0x00, 0x0B, 0x00, 0x00, 0x00, 0x00, 0x38, 0x00, 0x00, 0x00,
    0x02, 0xE0, 0x00, 0x00, 0x00, 0x6F, 0x4F, 0xFF, 0xFF, 0xFF, 0xFD, 0x00, 0xBF, 0x40, 0x00, 0x00,
    0x02, 0xFD, 0x00, 0x00, 0x00, 0x0B, 0xF4, 0x00, 0x00, 0x00, 0x2F, 0xD0, 0x00, 0x00, 0x00, 0xBF,
    0x40, 0x00, 0x00, 0x02, 0xFD, 0x00, 0x00, 0x00, 0x0B, 0xF4, 0x00, 0x00, 0x00, 0x2F, 0xD0, 0x00,
    0x00, 0x00, 0xBF, 0x40, 0x00, 0x00, 0x02, 0xFD, 0x00, 0x00, 0x00, 0x0B, 0xF4, 0x00, 0x00, 0x00,
    0x2F, 0xD0, 0x00, 0x00, 0x00, 0xBF, 0x40, 0x00, 0x00, 0x02, 0xFD, 0x00, 0x00, 0x00, 0x0B, 0xF4,
    0x00, 0x00, 0x00, 0x2F, 0xD0, 0x00, 0x00, 0x00, 0xBF, 0x40, 0x00, 0x00, 0x02, 0xFD, 0x00, 0x00,
    0x03, 0xFF, 0xFF, 0xF4, 0x00, 0x00, 0x00, 0x00, 0x00, 0xD0, 0x00, 0x00, 0x0D, 0x00, 0x00, 0x02,
    0xC0, 0x00, 0x00, 0x7C, 0x3F, 0xFF, 0xFF, 0xC0, 0x3F, 0x40, 0x00, 0x03, 0xF4, 0x00, 0x00, 0x3F,
    0x40, 0x00, 0x03, 0xF4, 0x00, 0x00, 0x3F, 0x40, 0x00, 0x03, 0xF4, 0x00, 0x00, 0x3F, 0x40, 0x00,
    0x03, 0xF4, 0x00, 0x00, 0x3F, 0x40, 0x00, 0x03, 0xF4, 0x00, 0x00, 0x3F, 0x40, 0x00, 0x3F, 0xFF,
    0xC0, 0x00, 0x3F, 0xFF, 0xFF, 0xFF, 0xF0, 0x02, 0xFD, 0x00, 0x2F, 0xC0, 0x0B, 0xF4, 0x00, 0x0F,
    0x00, 0x2F, 0xD0, 0x00, 0x2C, 0x00, 0xBF, 0x40, 0x00, 0x34, 0x02, 0xFD, 0x00, 0x00, 0xD0, 0x0B,
    0xF4, 0x00, 0x03, 0x80, 0x2F, 0xD0, 0x00, 0x00, 0x00, 0xBF, 0x40, 0x00, 0x01, 0xFF, 0xFF, 0xFD,
    0x00, 0x00, 0x0B, 0xF4, 0x00, 0x00, 0x00, 0x2F, 0xD0, 0x00, 0x00, 0x00, 0xBF, 0x40, 0x00, 0x00,
    0x02, 0xFD, 0x00, 0x00, 0x00, 0x0B, 0xF4, 0x00, 0x00, 0x00, 0x2F, 0xD0, 0x00, 0x00, 0x00, 0xBF,
    0x40, 0x00, 0x00, 0x02, 0xFD, 0x00, 0x00, 0x00, 0x0B, 0xF4, 0x00, 0x00, 0x0F, 0xFF, 0xFF, 0xD0,
    0x00, 0x00, 0x00, 0x00, 0x00, 0x00, 0x3F, 0xFF, 0xFF, 0xC0, 0x3F, 0x40, 0x7D, 0x03, 0xF4, 0x01,
    0xD0, 0x3F, 0x40, 0x0D, 0x03, 0xF4, 0x00, 0xD7, 0xFF, 0xFE, 0x00, 0x03, 0xF4, 0x00, 0x00, 0x3F,
    0x40, 0x00, 0x03, 0xF4, 0x00, 0x00, 0x3F, 0x40, 0x00, 0x03, 0xF4, 0x00, 0x00, 0x3F, 0x40, 0x00,
    0x3F, 0xFF, 0xC0, 0x00, 0xFF, 0xFF, 0xFF, 0xFF, 0xE0, 0x00, 0x2F, 0xD0, 0x00, 0xBF, 0x00, 0x02,
    0xFD, 0x00, 0x01, 0xF0, 0x00, 0x2F, 0xD0, 0x00, 0x0B, 0x00, 0x02, 0xFD, 0x00, 0x00, 0x70, 0x00,
    0x2F, 0xD0, 0x00, 0x03, 0x40, 0x02, 0xFD, 0x00, 0x00, 0x34, 0x00, 0x2F, 0xD0, 0x00, 0x00, 0x00,
    0x02, 0xFD, 0x00, 0x00, 0x00, 0x00, 0x2F, 0xFF, 0xFF, 0x90, 0x00, 0x02, 0xFD, 0x00, 0x6F, 0xF0,
    0x00, 0x2F, 0xD0, 0x00, 0x3F, 0xD0, 0x02, 0xFD, 0x00, 0x00, 0xFF, 0x00, 0x2F, 0xD0, 0x00, 0x0B,
    0xFC, 0x02, 0xFD, 0x00, 0x00, 0x3F, 0xC0, 0x2F, 0xD0, 0x00, 0x03, 0xFD, 0x02, 0xFD, 0x00, 0x00,
    0x3F, 0xE0, 0x2F, 0xD0, 0x00, 0x02, 0xFE, 0x02, 0xFD, 0x00, 0x00, 0x2F, 0xEF, 0xFF, 0xFF, 0xD0,
    0x03, 0xFE, 0x00, 0x00, 0x00, 0x00, 0x3F, 0xD0, 0x00, 0x02, 0xF0, 0x03, 0xFC, 0x00, 0x00, 0x7F,
    0xC0, 0xBF, 0x40, 0x00, 0x07, 0xFC, 0x0F, 0xE0, 0x00, 0x00, 0x3F, 0x87, 0xF4, 0x00, 0x00, 0x00,
    0xBF, 0xE4, 0x00, 0x3F, 0xFF, 0xFF, 0xD0, 0x00, 0xFD, 0x00, 0xB4, 0x00, 0x3F, 0x40, 0x0D, 0x00,
    0x0F, 0xD0, 0x00, 0x00, 0x03, 0xF4, 0x00, 0x00, 0x00, 0xFF, 0xFF, 0xE0, 0x00, 0x3F, 0x40, 0x7F,
    0x80, 0x0F, 0xD0, 0x03, 0xF4, 0x03, 0xF4, 0x00, 0xBF, 0x00, 0xFD, 0x00, 0x1F, 0xD0, 0x3F, 0x40,
    0x03, 0xF8, 0x0F, 0xD0, 0x00, 0xFE, 0x3F, 0xFF, 0x40, 0x3F, 0x80, 0x00, 0x00, 0x0F, 0xE0, 0x00,
    0x00, 0x07, 0xF0, 0x00, 0xB8, 0x02, 0xFC, 0x00, 0x3F, 0x40, 0xFC, 0x00, 0x0B, 0xC1, 0xFC, 0x00,
    0x00, 0x7F, 0xE4, 0x00, 0x3F, 0xFF, 0x00, 0x1F, 0xFF, 0xFF, 0x00, 0x1F, 0xFF, 0x80, 0x03, 0xD0,
    0x00, 0x01, 0xFF, 0x00, 0x00, 0x0F, 0x80, 0x00, 0x03, 0xD0, 0x00, 0x07, 0xFC, 0x00, 0x00, 0xB4,
    0x00, 0x00, 0x02, 0xD0, 0x00, 0x1F, 0xF0, 0x00, 0x0F, 0x40, 0x00, 0x00, 0x02, 0xE0, 0x00, 0x7F,
    0xC0, 0x00, 0xF0, 0x00, 0x00, 0x00, 0x01, 0xE0, 0x01, 0xFF, 0x00, 0x1F, 0x00, 0x00, 0x00, 0x00,
    0x01, 0xF0, 0x07, 0xFC, 0x01, 0xF0, 0x00, 0x00, 0x00, 0x00, 0x00, 0xF0, 0x1F, 0xF0, 0x1F, 0x00,
    0x00, 0x00, 0x00, 0x00, 0x0B, 0xF0, 0x7F, 0xC2, 0xFC, 0x00, 0x00, 0x00, 0x00, 0x00, 0x7F, 0xF5,
    0xFF, 0x2F, 0xFC, 0x00, 0x00, 0x00, 0x00, 0x03, 0xFE, 0xBB, 0xFF, 0xDF, 0xF8, 0x00, 0x00, 0x00,
    0x00, 0x3F, 0xF0, 0xBF, 0xFC, 0x1F, 0xF4, 0x00, 0x00, 0x00, 0x02, 0xFF, 0x00, 0xBF, 0xC0, 0x2F,
    0xF0, 0x00, 0x00, 0x00, 0x0F, 0xF4, 0x01, 0xFF, 0x00, 0x3F, 0xF0, 0x00, 0x00, 0x00, 0xFF, 0x80,
    0x07, 0xFC, 0x00, 0x3F, 0xE0, 0x00, 0x00, 0x0B, 0xFC, 0x00, 0x1F, 0xF0, 0x00, 0x7F, 0xD0, 0x00,
    0x00, 0x7F, 0xC0, 0x00, 0x7F, 0xC0, 0x00, 0xBF, 0xC0, 0x00, 0x03, 0xFD, 0x00, 0x01, 0xFF, 0x00,
    0x00, 0xFF, 0x80, 0x00, 0x3F, 0xF0, 0x00, 0x07, 0xFC, 0x00, 0x00, 0xFF, 0x40, 0x2F, 0xFF, 0xF8,
    0x07, 0xFF, 0xFF, 0xC0, 0x0F, 0xFF, 0xF4, 0x00, 0x00, 0x00, 0x00, 0x00, 0x00, 0x00, 0x00, 0x0B,
    0xD0, 0x00, 0x00, 0x00, 0x00, 0x00, 0x00, 0x00, 0x00, 0x07, 0x80, 0x00, 0x00, 0x00, 0x00, 0x00,
    0x00, 0x00, 0x00, 0x0E, 0x00, 0x00, 0x00, 0x00, 0x00, 0x00, 0x00, 0x00, 0x00, 0x2C, 0x00, 0x00,
    0x00, 0x00, 0x00, 0x00, 0x00, 0x00, 0x00, 0xB0, 0x00, 0x00, 0x00, 0x00, 0x00, 0x00, 0x00, 0x00,
    0x01, 0xC0, 0x2F, 0xF8, 0x0F, 0xFF, 0xD0, 0x3F, 0xF4, 0x02, 0xF4, 0x00, 0xFD, 0x00, 0x1F, 0x40,
    0x00, 0x3D, 0x00, 0xFD, 0x00, 0xB8, 0x00, 0x00, 0x0B, 0x80, 0xFD, 0x03, 0xD0, 0x00, 0x00, 0x01,
    0xF0, 0xFD, 0x1F, 0x00, 0x00, 0x00, 0x01, 0xFD, 0xFD, 0xBF, 0x00, 0x00, 0x00, 0x03, 0xFF, 0xFF,
    0xFF, 0xC0, 0x00, 0x00, 0x0F, 0xE1, 0xFF, 0x0F, 0xF0, 0x00, 0x00, 0x3F, 0xC0, 0xFD, 0x03, 0xF8,
    0x00, 0x00, 0xBF, 0x00, 0xFD, 0x01, 0xFE, 0x00, 0x02, 0xFC, 0x00, 0xFD, 0x00, 0x7F, 0x40, 0x0B,
    0xF8, 0x00, 0xFD, 0x00, 0x2F, 0xD0, 0x7F, 0xFC, 0x0F, 0xFF, 0xD0, 0x7F, 0xFD, 0x00, 0x00, 0x00,
    0x00, 0x00, 0x00, 0x7D, 0x00, 0x00, 0x00, 0x00, 0x00, 0x00, 0x0D, 0x00, 0x00, 0x00, 0x00, 0x00,
    0x00, 0x0E, 0x00, 0x00, 0x00, 0x00, 0x00, 0x00, 0x0A, 0x38, 0x2F, 0xFF, 0x80, 0x03, 0xFE, 0x40,
    0x7F, 0xC0, 0x3F, 0x40, 0x00, 0xFF, 0x03, 0xD0, 0x00, 0x07, 0xF8, 0x3C, 0x00, 0x00, 0x3F, 0xC3,
    0x80, 0x00, 0x03, 0xFC, 0x00, 0x00, 0x00, 0x7F, 0x80, 0x00, 0x00, 0x0F, 0xF0, 0x00, 0x00, 0x07,
    0xF8, 0x00, 0x01, 0xFF, 0xF8, 0x00, 0x00, 0x00, 0x06, 0xFD, 0x00, 0x00, 0x00, 0x07, 0xF8, 0x00,
    0x00, 0x00, 0x3F, 0xD0, 0x00, 0x00, 0x01, 0xFF, 0x70, 0x00, 0x00, 0x1F, 0xF3, 0x40, 0x00, 0x01,
    0xFF, 0x3C, 0x00, 0x00, 0x2F, 0xD1, 0xE0, 0x00, 0x07, 0xF8, 0x07, 0xD0, 0x02, 0xFD, 0x00, 0x07,
    0xFF, 0xF9, 0x00, 0x00, 0x03, 0xF4, 0x00, 0x00, 0x00, 0x3F, 0xD0, 0x00, 0x00, 0x00, 0x7F, 0x80,
    0x00, 0x00, 0x00, 0xFC, 0x00, 0x00, 0x00, 0x0F, 0xC0, 0x00, 0x00, 0x07, 0xF8, 0x00, 0x00, 0xBF,
    0xE8, 0x00, 0x00, 0x3A, 0xFF, 0xF8, 0x03, 0xF4, 0x07, 0xF4, 0x3C, 0x00, 0x0F, 0xC3, 0x40, 0x01,
    0xFC, 0x00, 0x00, 0x7F, 0x80, 0x03, 0xFF, 0x80, 0x00, 0x00, 0x7F, 0x40, 0x00, 0x01, 0xFC, 0x00,
    0x00, 0x0F, 0xE3, 0x00, 0x00, 0xFE, 0x34, 0x00, 0x1F, 0xD1, 0xE0, 0x07, 0xF8, 0x06, 0xFF, 0xF9,
    0x00, 0x03, 0xF0, 0x00, 0x00, 0x3F, 0x80, 0x00, 0x00, 0x7F, 0x40, 0x00, 0x02, 0xFC, 0x00, 0x00,
    0x2F, 0xC0, 0x00, 0x0B, 0xF4, 0x00, 0xFF, 0xE4, 0x00, 0x00, 0x00, 0x00, 0x00, 0x00, 0x00, 0x3F,
    0xFF, 0xFE, 0x00, 0x3F, 0xFF, 0x40, 0x2F, 0xD0, 0x00, 0x01, 0xF4, 0x00, 0x0B, 0xF4, 0x00, 0x01,
    0xF0, 0x00, 0x02, 0xFD, 0x00, 0x01, 0xE0, 0x00, 0x00, 0xBF, 0x40, 0x02, 0xE0, 0x00, 0x00, 0x2F,
    0xD0, 0x02, 0xE0, 0x00, 0x00, 0x0B, 0xF4, 0x02, 0xD0, 0x00, 0x00, 0x02, 0xFD, 0x03, 0xD0, 0x00,
    0x00, 0x00, 0xBF, 0x43, 0xF8, 0x00, 0x00, 0x00, 0x2F, 0xD7, 0xFF, 0x40, 0x00, 0x00, 0x0B, 0xFB,
    0xDF, 0xF0, 0x00, 0x00, 0x02, 0xFF, 0x82, 0xFF, 0x00, 0x00, 0x00, 0xBF, 0x80, 0x3F, 0xE0, 0x00,
    0x00, 0x2F, 0xD0, 0x03, 0xFD, 0x00, 0x00, 0x0B, 0xF4, 0x00, 0xBF, 0xC0, 0x00, 0x02, 0xFD, 0x00,
    0x0F, 0xFC, 0x00, 0x00, 0xBF, 0x40, 0x00, 0xFF, 0x80, 0x00, 0x2F, 0xD0, 0x00, 0x1F, 0xF4, 0x00,
    0x0B, 0xF4, 0x00, 0x02, 0xFF, 0x00, 0xFF, 0xFF, 0xF8, 0x0B, 0xFF, 0xFF, 0x00, 0x00, 0x00, 0x00,
    0x00, 0x1F, 0xC0, 0x00, 0x00, 0x00, 0x00, 0x00, 0xF0, 0x00, 0x00, 0x00, 0x00, 0x00, 0x1C, 0x00,
    0x00, 0x00, 0x00, 0x00, 0x03, 0x40, 0x00, 0x00, 0x00, 0x00, 0x00, 0xD0, 0x00, 0x00, 0x00, 0x00,
    0x00, 0x38, 0x3F, 0xFF, 0x00, 0xFF, 0xC0, 0x0F, 0xC0, 0x02, 0xF4, 0x00, 0x3F, 0x00, 0x2E, 0x00,
    0x00, 0xFC, 0x07, 0xD0, 0x00, 0x03, 0xF0, 0xBC, 0x00, 0x00, 0x0F, 0xDF, 0xE0, 0x00, 0x00, 0x3F,
    0xFF, 0xE0, 0x00, 0x00, 0xFE, 0x1F, 0xE0, 0x00, 0x03, 0xF0, 0x1F, 0xD0, 0x00, 0x0F, 0xC0, 0x2F,
    0xD0, 0x00, 0x3F, 0x00, 0x2F, 0xC0, 0x00, 0xFC, 0x00, 0x3F, 0xC0, 0x3F, 0xFF, 0x02, 0xFF, 0xF0,
    0x00, 0x00, 0x00, 0x07, 0xC0, 0x00, 0x00, 0x00, 0x07, 0x00, 0x00, 0x00, 0x00, 0x0D, 0x00, 0x00,
    0x00, 0x00, 0x34, 0x00, 0x00, 0x00, 0x00, 0x00, 0x00, 0x03, 0xFF, 0xFF, 0xE0, 0x00, 0x0F, 0xFF,
    0xC0, 0x2F, 0xD0, 0x00, 0x00, 0x0F, 0x80, 0x00, 0xBF, 0x40, 0x00, 0x00, 0xF4, 0x00, 0x02, 0xFD,
    0x00, 0x00, 0x1F, 0x00, 0x00, 0x0B, 0xF4, 0xB0, 0x02, 0xE0, 0x00, 0x00, 0x2F, 0xD2, 0xC0, 0x3D,
    0x00, 0x00, 0x00, 0xBF, 0x4B, 0x07, 0xC0, 0x00, 0x00, 0x02, 0xFD, 0x2C, 0xBC, 0x00, 0x00, 0x00,
    0x0B, 0xFF, 0xFF, 0xF8, 0x00, 0x00, 0x00, 0x2F, 0xD2, 0xDF, 0xF4, 0x00, 0x00, 0x00, 0xBF, 0x4B,
    0x1F, 0xF0, 0x00, 0x00, 0x02, 0xFD, 0x2C, 0x2F, 0xF0, 0x00, 0x00, 0x0B, 0xF4, 0xB0, 0x3F, 0xF0,
    0x00, 0x00, 0x2F, 0xD0, 0x00, 0x3F, 0xE0, 0x00, 0x00, 0xBF, 0x40, 0x00, 0x7F, 0xD0, 0x00, 0x02,
    0xFD, 0x00, 0x00, 0xBF, 0xC0, 0x00, 0x0B, 0xF4, 0x00, 0x00, 0xBF, 0xC0, 0x00, 0x2F, 0xD0, 0x00,
    0x00, 0xFF, 0xC0, 0x00, 0xBF, 0x40, 0x00, 0x01, 0xFF, 0x80, 0xFF, 0xFF, 0xF8, 0x00, 0x3F, 0xFF,
    0xF8, 0x3F, 0xFF, 0x40, 0x03, 0xFF, 0x00, 0xFD, 0x00, 0x00, 0xFD, 0x00, 0x3F, 0x40, 0x00, 0xB8,
    0x00, 0x0F, 0xD0, 0x60, 0xF4, 0x00, 0x03, 0xF4, 0x19, 0xF0, 0x00, 0x00, 0xFF, 0xFF, 0xFD, 0x00,
    0x00, 0x3F, 0x41, 0xAF, 0xC0, 0x00, 0x0F, 0xD0, 0x63, 0xFC, 0x00, 0x03, 0xF4, 0x00, 0x3F, 0xC0,
    0x00, 0xFD, 0x00, 0x07, 0xF8, 0x00, 0x3F, 0x40, 0x00, 0xBF, 0x40, 0x0F, 0xD0, 0x00, 0x0F, 0xF0,
    0x3F, 0xFF, 0x40, 0x0F, 0xFF, 0x80, 0x3F, 0xFF, 0xFE, 0x00, 0x3F, 0xFF, 0x40, 0x2F, 0xD0, 0x00,
    0x01, 0xF0, 0x00, 0x0B, 0xF4, 0x00, 0x01, 0xE0, 0x00, 0x02, 0xFD, 0x00, 0x02, 0xE0, 0x00, 0x7F,
    0xFF, 0xFF, 0x02, 0xD0, 0x00, 0x00, 0x2F, 0xD0, 0x03, 0xD0, 0x00, 0x00, 0x0B, 0xF4, 0x03, 0xD0,
    0x00, 0x00, 0x02, 0xFD, 0x03, 0xD0, 0x00, 0x00, 0x00, 0xBF, 0x47, 0xFC, 0x00, 0x00, 0x00, 0x2F,
    0xD7, 0xFF, 0x80, 0x00, 0x00, 0x0B, 0xFF, 0x9F, 0xF4, 0x00, 0x00, 0x02, 0xFF, 0x82, 0xFF, 0x00,
    0x00, 0x00, 0xBF, 0x80, 0x3F, 0xE0, 0x00, 0x00, 0x2F, 0xD0, 0x03, 0xFD, 0x00, 0x00, 0x0B, 0xF4,
    0x00, 0x7F, 0xC0, 0x00, 0x02, 0xFD, 0x00, 0x0F, 0xFC, 0x00, 0x00, 0xBF, 0x40, 0x00, 0xFF, 0x80,
    0x00, 0x2F, 0xD0, 0x00, 0x1F, 0xF0, 0x00, 0x0B, 0xF4, 0x00, 0x03, 0xFF, 0x00, 0xFF, 0xFF, 0xF8,
    0x0B, 0xFF, 0xFE, 0x3F, 0xF0, 0x00, 0x00, 0x00, 0x3F, 0x00, 0x00, 0x00, 0x03, 0xF0, 0x00, 0x00,
    0x07, 0xFF, 0xF0, 0x00, 0x00, 0x03, 0xF0, 0x00, 0x00, 0x00, 0x3F, 0x00, 0x00, 0x00, 0x03, 0xF0,
    0x00, 0x00, 0x00, 0x3F, 0x00, 0x0F, 0xFC, 0x03, 0xF0, 0x00, 0xBD, 0x00, 0x3F, 0x00, 0x2E, 0x00,
    0x03, 0xF0, 0x1F, 0x40, 0x00, 0x3F, 0x0B, 0xC0, 0x00, 0x03, 0xF7, 0xFC, 0x00, 0x00, 0x3F, 0xFF,
    0xE0, 0x00, 0x03, 0xF8, 0x3F, 0x80, 0x00, 0x3F, 0x01, 0xFD, 0x00, 0x03, 0xF0, 0x07, 0xF4, 0x00,
    0x3F, 0x00, 0x2F, 0xC0, 0x03, 0xF0, 0x00, 0xFF, 0x03, 0xFF, 0xF0, 0x2F, 0xFF, 0x7F, 0xFF, 0xFF,
    0xFF, 0x00, 0x2F, 0xFF, 0x87, 0xE4, 0x07, 0xF8, 0x00, 0x00, 0x3C, 0x00, 0x78, 0x00, 0x7F, 0x80,
    0x00, 0x0F, 0x00, 0x0B, 0x00, 0x07, 0xF8, 0x00, 0x03, 0xC0, 0x00, 0xB0, 0x00, 0x7F, 0x80, 0x01,
    0xF0, 0x00, 0x0A, 0x00, 0x07, 0xF8, 0x00, 0x78, 0x00, 0x00, 0xE0, 0x00, 0x7F, 0x80, 0x1E, 0x00,
    0x00, 0x00, 0x00, 0x07, 0xF8, 0x0B, 0x80, 0x00, 0x00, 0x00, 0x00, 0x7F, 0x82, 0xFC, 0x00, 0x00,
    0x00, 0x00, 0x07, 0xF8, 0xFF, 0xE0, 0x00, 0x00, 0x00, 0x00, 0x7F, 0xFD, 0xFF, 0x40, 0x00, 0x00,
    0x00, 0x07, 0xFF, 0x07, 0xFC, 0x00, 0x00, 0x00, 0x00, 0x7F, 0xC0, 0x2F, 0xF0, 0x00, 0x00, 0x00,
    0x07, 0xF8, 0x00, 0xFF, 0x80, 0x00, 0x00, 0x00, 0x7F, 0x80, 0x07, 0xFD, 0x00, 0x00, 0x00, 0x07,
    0xF8, 0x00, 0x2F, 0xF0, 0x00, 0x00, 0x00, 0x7F, 0x80, 0x00, 0xFF, 0x80, 0x00, 0x00, 0x07, 0xF8,
    0x00, 0x03, 0xFD, 0x00, 0x00, 0x00, 0x7F, 0x80, 0x00, 0x2F, 0xF4, 0x00, 0x02, 0xFF, 0xFF, 0xF0,
    0x1F, 0xFF, 0xFC, 0x3F, 0xFF, 0xFD, 0x03, 0xFF, 0x43, 0xD0, 0xFD, 0x00, 0x2F, 0x40, 0x38, 0x0F,
    0xD0, 0x0B, 0x80, 0x03, 0x40, 0xFD, 0x03, 0xD0, 0x00, 0x30, 0x0F, 0xD1, 0xF0, 0x00, 0x00, 0x00,
    0xFD, 0xBF, 0x00, 0x00, 0x00, 0x0F, 0xFF, 0xFC, 0x00, 0x00, 0x00, 0xFF, 0x0F, 0xF0, 0x00, 0x00,
    0x0F, 0xD0, 0x3F, 0x80, 0x00, 0x00, 0xFD, 0x01, 0xFE, 0x00, 0x00, 0x0F, 0xD0, 0x07, 0xF4, 0x00,
    0x00, 0xFD, 0x00, 0x3F, 0xD0, 0x00, 0xFF, 0xFD, 0x07, 0xFF, 0xC0, 0x00, 0x00, 0x00, 0x00, 0x00,
    0x00, 0x0F, 0xFF, 0xFF, 0x81, 0xFF, 0xFF, 0xF0, 0x02, 0xFD, 0x00, 0x00, 0x7F, 0xC0, 0x00, 0x2F,
    0xD0, 0x00, 0x07, 0xFC, 0x00, 0x02, 0xFD, 0x00, 0x00, 0x7F, 0xC0, 0x00, 0x2F, 0xD0, 0x00, 0x07,
    0xFC, 0x00, 0x02, 0xFD, 0x00, 0x00, 0x7F, 0xC0, 0x00, 0x2F, 0xD0, 0x00, 0x07, 0xFC, 0x00, 0x02,
    0xFD, 0x00, 0x00, 0x7F, 0xC0, 0x00, 0x2F, 0xD0, 0x00, 0x07, 0xFC, 0x00, 0x02, 0xFF, 0xFF, 0xFF,
    0xFF, 0xC0, 0x00, 0x2F, 0xD0, 0x00, 0x07, 0xFC, 0x00, 0x02, 0xFD, 0x00, 0x00, 0x7F, 0xC0, 0x00,
    0x2F, 0xD0, 0x00, 0x07, 0xFC, 0x00, 0x02, 0xFD, 0x00, 0x00, 0x7F, 0xC0, 0x00, 0x2F, 0xD0, 0x00,
    0x07, 0xFC, 0x00, 0x02, 0xFD, 0x00, 0x00, 0x7F, 0xC0, 0x00, 0x2F, 0xD0, 0x00, 0x07, 0xFC, 0x00,
    0x02, 0xFD, 0x00, 0x00, 0x7F, 0xC0, 0x00, 0x2F, 0xD0, 0x00, 0x07, 0xFC, 0x00, 0xFF, 0xFF, 0xF8,
    0x1F, 0xFF, 0xFF, 0x40, 0x00, 0x00, 0x00, 0x00, 0x06, 0xF4, 0x00, 0x00, 0x00, 0x00, 0x00, 0x0B,
    0x80, 0x00, 0x00, 0x00, 0x00, 0x00, 0x38, 0x00, 0x00, 0x00, 0x00, 0x00, 0x02, 0xC0, 0x00, 0x00,
    0x00, 0x00, 0x00, 0x1C, 0x00, 0x00, 0x00, 0x00, 0x00, 0x01, 0xC0, 0x3F, 0xFF, 0x4F, 0xFF, 0xE0,
    0x0F, 0xD0, 0x03, 0xF8, 0x00, 0x3F, 0x40, 0x0F, 0xE0, 0x00, 0xFD, 0x00, 0x3F, 0x80, 0x03, 0xF4,
    0x00, 0xFE, 0x00, 0x0F, 0xFF, 0xFF, 0xF8, 0x00, 0x3F, 0x40, 0x0F, 0xE0, 0x00, 0xFD, 0x00, 0x3F,
    0x80, 0x03, 0xF4, 0x00, 0xFE, 0x00, 0x0F, 0xD0, 0x03, 0xF8, 0x00, 0x3F, 0x40, 0x0F, 0xE0, 0x00,
    0xFD, 0x00, 0x3F, 0x80, 0x3F, 0xFF, 0x4F, 0xFF, 0xF0, 0x00, 0x00, 0x00, 0x0B, 0xC0, 0x00, 0x00,
    0x00, 0x0B, 0x00, 0x00, 0x00, 0x00, 0x0C, 0x00, 0x00, 0x00, 0x00, 0x34, 0xFF, 0xFF, 0xF8, 0x1F,
    0xFF, 0xFF, 0xFF, 0xC0, 0x2F, 0xD0, 0x00, 0x07, 0xFC, 0x01, 0xFC, 0x02, 0xFD, 0x00, 0x00, 0x7F,
    0xC0, 0x03, 0xC0, 0x2F, 0xD0, 0x00, 0x07, 0xFC, 0x00, 0x2C, 0x02, 0xFD, 0x00, 0x00, 0x7F, 0xC0,
    0x01, 0xC0, 0x2F, 0xD0, 0x00, 0x07, 0xFC, 0x00, 0x0D, 0x02, 0xFD, 0x00, 0x00, 0x7F, 0xC0, 0x00,
    0xD0, 0x2F, 0xD0, 0x00, 0x07, 0xFC, 0x00, 0x00, 0x02, 0xFD, 0x00, 0x00, 0x7F, 0xC0, 0x00, 0x00,
    0x2F, 0xFF, 0xFF, 0xFF, 0xFC, 0x00, 0x00, 0x02, 0xFD, 0x00, 0x00, 0x7F, 0xC0, 0x00, 0x00, 0x2F,
    0xD0, 0x00, 0x07, 0xFC, 0x00, 0x00, 0x02, 0xFD, 0x00, 0x00, 0x7F, 0xC0, 0x00, 0x00, 0x2F, 0xD0,
    0x00, 0x07, 0xFC, 0x00, 0x00, 0x02, 0xFD, 0x00, 0x00, 0x7F, 0xC0, 0x00, 0x00, 0x2F, 0xD0, 0x00,
    0x07, 0xFC, 0x00, 0x00, 0x02, 0xFD, 0x00, 0x00, 0x7F, 0xC0, 0x00, 0x00, 0x2F, 0xD0, 0x00, 0x07,
    0xFC, 0x00, 0x00, 0x02, 0xFD, 0x00, 0x00, 0x7F, 0xC0, 0x00, 0x0F, 0xFF, 0xFF, 0x81, 0xFF, 0xFF,
    0xF0, 0x00, 0x3F, 0xFF, 0x4F, 0xFF, 0xFF, 0x80, 0xFD, 0x00, 0x3F, 0x82, 0xE0, 0x3F, 0x40, 0x0F,
    0xE0, 0x3C, 0x0F, 0xD0, 0x03, 0xF8, 0x0B, 0x03, 0xF4, 0x00, 0xFE, 0x02, 0xC0, 0xFF, 0xFF, 0xFF,
    0x80, 0x00, 0x3F, 0x40, 0x0F, 0xE0, 0x00, 0x0F, 0xD0, 0x03, 0xF8, 0x00, 0x03, 0xF4, 0x00, 0xFE,
    0x00, 0x00, 0xFD, 0x00, 0x3F, 0x80, 0x00, 0x3F, 0x40, 0x0F, 0xE0, 0x00, 0x0F, 0xD0, 0x03, 0xF8,
    0x00, 0x3F, 0xFF, 0x4F, 0xFF, 0xE0, 0x00, 0xFF, 0xFF, 0xFF, 0xFF, 0xFF, 0xFF, 0x00, 0x00, 0x00,
    0x0B, 0xF4, 0x00, 0x01, 0xFF, 0x00, 0x00, 0x00, 0x00, 0x2F, 0xD0, 0x00, 0x07, 0xFC, 0x00, 0x00,
    0x00, 0x00, 0xBF, 0x40, 0x00, 0x1F, 0xF0, 0x00, 0x00, 0x00, 0x02, 0xFD, 0x00, 0x00, 0x7F, 0xC0,
    0x00, 0x00, 0x00, 0x0B, 0xF4, 0x00, 0x01, 0xFF, 0x00, 0x00, 0x00, 0x00, 0x2F, 0xD0, 0x00, 0x07,
    0xFC, 0x00, 0x00, 0x00, 0x00, 0xBF, 0x40, 0x00, 0x1F, 0xF0, 0x00, 0x00, 0x00, 0x02, 0xFD, 0x00,
    0x00, 0x7F, 0xC0, 0x00, 0x00, 0x00, 0x0B, 0xF4, 0x00, 0x01, 0xFF, 0xFF, 0xE9, 0x00, 0x00, 0x2F,
    0xD0, 0x00, 0x07, 0xFC, 0x06, 0xFF, 0x40, 0x00, 0xBF, 0x40, 0x00, 0x1F, 0xF0, 0x00, 0xBF, 0x80,
    0x02, 0xFD, 0x00, 0x00, 0x7F, 0xC0, 0x00, 0xBF, 0x80, 0x0B, 0xF4, 0x00, 0x01, 0xFF, 0x00, 0x00,
    0xFF, 0x40, 0x2F, 0xD0, 0x00, 0x07, 0xFC, 0x00, 0x02, 0xFE, 0x00, 0xBF, 0x40, 0x00, 0x1F, 0xF0,
    0x00, 0x07, 0xFC, 0x02, 0xFD, 0x00, 0x00, 0x7F, 0xC0, 0x00, 0x1F, 0xF0, 0x0B, 0xF4, 0x00, 0x01,
    0xFF, 0x00, 0x00, 0x3F, 0xC0, 0x2F, 0xD0, 0x00, 0x07, 0xFC, 0x00, 0x00, 0xFF, 0x3F, 0xFF, 0xFE,
    0x07, 0xFF, 0xFF, 0xC0, 0x07, 0xFC, 0x00, 0x00, 0x00, 0x00, 0x00, 0x00, 0x00, 0x1F, 0xF0, 0x00,
    0x00, 0x00, 0x00, 0x00, 0x3E, 0x00, 0xBF, 0x80, 0x00, 0x00, 0x00, 0x00, 0x02, 0xFD, 0x03, 0xFC,
    0x00, 0x00, 0x00, 0x00, 0x00, 0x0F, 0xF8, 0x2F, 0xC0, 0x00, 0x00, 0x00, 0x00, 0x00, 0x1F, 0xC2,
    0xFC, 0x00, 0x00, 0x00, 0x00, 0x00, 0x00, 0x1B, 0xFE, 0x40, 0x00, 0x3F, 0xFF, 0xFF, 0xFF, 0xE0,
    0x00, 0x00, 0xFD, 0x00, 0x3F, 0x80, 0x00, 0x00, 0x3F, 0x40, 0x0F, 0xE0, 0x00, 0x00, 0x0F, 0xD0,
    0x03, 0xF8, 0x00, 0x00, 0x03, 0xF4, 0x00, 0xFE, 0x00, 0x00, 0x00, 0xFD, 0x00, 0x3F, 0xFF, 0x90,
    0x00, 0x3F, 0x40, 0x0F, 0xE1, 0xFF, 0x00, 0x0F, 0xD0, 0x03, 0xF8, 0x0F, 0xF0, 0x03, 0xF4, 0x00,
    0xFE, 0x00, 0xFD, 0x00, 0xFD, 0x00, 0x3F, 0x80, 0x3F, 0x80, 0x3F, 0x40, 0x0F, 0xE0, 0x0F, 0xF0,
    0x0F, 0xD0, 0x03, 0xF8, 0x02, 0xFC, 0x3F, 0xFF, 0x4F, 0xFF, 0xE0, 0xBF, 0x00, 0x00, 0x00, 0x00,
    0x00, 0x3F, 0xC0, 0x00, 0x00, 0x00, 0x00, 0x0F, 0xE0, 0x00, 0x00, 0x00, 0xF4, 0x07, 0xF0, 0x00,
    0x00, 0x00, 0xBE, 0x03, 0xF8, 0x00, 0x00, 0x00, 0x1F, 0x42, 0xF4, 0x00, 0x00, 0x00, 0x01, 0xBF,
    0xE0, 0x00, 0x00, 0x06, 0xFF, 0xFF, 0x90, 0x00, 0x00, 0x7F, 0x90, 0x01, 0xF4, 0x00, 0x02, 0xFC,
    0x00, 0x00, 0x00, 0x00, 0x0B, 0xF4, 0x00, 0x00, 0x00, 0x00, 0x0F, 0xF0, 0x00, 0x00, 0x00, 0x00,
    0x2F, 0xE0, 0x00, 0x1B, 0xFE, 0x40, 0x3F, 0xD0, 0x00, 0xBC, 0x07, 0xF0, 0x3F, 0xD0, 0x01, 0xF0,
    0x02, 0xF8, 0x3F, 0xD0, 0x03, 0xE0, 0x00, 0xFC, 0x3F, 0xD0, 0x03, 0xD0, 0x00, 0xFC, 0x3F, 0xD0,
    0x07, 0xD0, 0x00, 0xFC, 0x3F, 0xD0, 0x07, 0xD0, 0x00, 0xFC, 0x3F, 0xD0, 0x07, 0xD0, 0x00, 0xFC,
    0x2F, 0xD0, 0x07, 0xD0, 0x01, 0xF8, 0x1F, 0xE0, 0x07, 0xD0, 0x02, 0xF4, 0x0F, 0xF0, 0x03, 0xE0,
    0x03, 0xF0, 0x0B, 0xF4, 0x03, 0xF0, 0x07, 0xD0, 0x02, 0xFC, 0x01, 0xF0, 0x1F, 0x80, 0x00, 0x7F,
    0x90, 0xFD, 0xFD, 0x00, 0x00, 0x06, 0xFF, 0xFF, 0xD0, 0x00, 0x00, 0x00, 0x00, 0x07, 0xF4, 0x00,
    0x00, 0x00, 0x00, 0x00, 0x6B, 0xFF, 0x00, 0x7F, 0xFE, 0x00, 0x07, 0xF4, 0x00, 0x00, 0x0F, 0xC0,
    0x00, 0x00, 0x2F, 0xC0, 0x00, 0x00, 0x3F, 0x80, 0x7F, 0xE4, 0x3F, 0x80, 0xF0, 0xBD, 0x3F, 0x82,
    0xE0, 0x3E, 0x3F, 0x83, 0xE0, 0x3E, 0x3F, 0x83, 0xD0, 0x7E, 0x2F, 0xC3, 0xE0, 0x7D, 0x0F, 0xD2,
    0xE0, 0xFC, 0x07, 0xFA, 0xFB, 0xF0, 0x00, 0x6B, 0xFE, 0x40, 0x00, 0x00, 0x2F, 0x40, 0x00, 0x00,
    0x06, 0xFE, 0x00, 0x00, 0x6F, 0xFE, 0x41, 0xC0, 0x01, 0xFE, 0x40, 0x1F, 0xBC, 0x00, 0xBF, 0x00,
    0x00, 0x2F, 0xC0, 0x2F, 0xC0, 0x00, 0x00, 0xFC, 0x0B, 0xF4, 0x00, 0x00, 0x03, 0xC0, 0xFF, 0x00,
    0x00, 0x00, 0x3C, 0x2F, 0xE0, 0x00, 0x00, 0x01, 0xC3, 0xFD, 0x00, 0x00, 0x00, 0x08, 0x3F, 0xD0,
    0x00, 0x00, 0x00, 0x03, 0xFD, 0x00, 0x00, 0x00, 0x00, 0x3F, 0xD0, 0x00, 0x00, 0x00, 0x03, 0xFD,
    0x00, 0x00, 0x00, 0x00, 0x3F, 0xD0, 0x00, 0x00, 0x00, 0x02, 0xFE, 0x00, 0x00, 0x00, 0x0C, 0x0F,
    0xF0, 0x00, 0x00, 0x01, 0xC0, 0xBF, 0x40, 0x00, 0x00, 0x2C, 0x03, 0xFC, 0x00, 0x00, 0x07, 0x00,
    0x0F, 0xF0, 0x00, 0x01, 0xE0, 0x00, 0x2F, 0xE4, 0x01, 0xF4, 0x00, 0x00, 0x2F, 0xFF, 0xF8, 0x00,
    0x00, 0x00, 0x07, 0xF4, 0x00, 0x00, 0x00, 0x00, 0x3F, 0x90, 0x00, 0x00, 0x00, 0x00, 0x7F, 0x80,
    0x00, 0x00, 0x00, 0x01, 0xFC, 0x00, 0x00, 0x00, 0x00, 0x1F, 0xC0, 0x00, 0x00, 0x00, 0x07, 0xF4,
    0x00, 0x00, 0x00, 0xFF, 0xE8, 0x00, 0x00, 0x00, 0xBF, 0xF8, 0x02, 0xF8, 0x0F, 0xC2, 0xF8, 0x03,
    0xF4, 0xFC, 0x00, 0xBC, 0xBF, 0x00, 0x00, 0x3F, 0xC0, 0x00, 0x0F, 0xF0, 0x00, 0x03, 0xFC, 0x00,
    0x00, 0xBF, 0x00, 0x00, 0x0F, 0xD0, 0x00, 0x62, 0xFC, 0x00, 0x38, 0x2F, 0xC0, 0x78, 0x01, 0xFF,
    0xF4, 0x00, 0x07, 0xF0, 0x00, 0x01, 0xFE, 0x00, 0x00, 0x0B, 0xF4, 0x00, 0x00, 0xBE, 0x00, 0x00,
    0x2F, 0x80, 0x00, 0x6F, 0xC0, 0x0F, 0xFE, 0x40, 0x7F, 0xFF, 0xFF, 0xFF, 0xFF, 0x5F, 0x90, 0x1F,
    0xE0, 0x0B, 0xD7, 0x80, 0x07, 0xF8, 0x00, 0xBA, 0xC0, 0x01, 0xFE, 0x00, 0x0E, 0xB0, 0x00, 0x7F,
    0x80, 0x02, 0xEC, 0x00, 0x1F, 0xE0, 0x00, 0xBE, 0x00, 0x07, 0xF8, 0x00, 0x1C, 0x00, 0x01, 0xFE,
    0x00, 0x00, 0x00, 0x00, 0x7F, 0x80, 0x00, 0x00, 0x00, 0x1F, 0xE0, 0x00, 0x00, 0x00, 0x07, 0xF8,
    0x00, 0x00, 0x00, 0x01, 0xFE, 0x00, 0x00, 0x00, 0x00, 0x7F, 0x80, 0x00, 0x00, 0x00, 0x1F, 0xE0,
    0x00, 0x00, 0x00, 0x07, 0xF8, 0x00, 0x00, 0x00, 0x01, 0xFE, 0x00, 0x00, 0x00, 0x00, 0x7F, 0x80,
    0x00, 0x00, 0x00, 0x1F, 0xE0, 0x00, 0x00, 0x00, 0x07, 0xF8, 0x00, 0x00, 0x03, 0xFF, 0xFF, 0xFF,
    0x00, 0x00, 0x00, 0x00, 0x1F, 0xD0, 0x00, 0x00, 0x00, 0x00, 0xF4, 0x00, 0x00, 0x00, 0x00, 0x1E,
    0x00, 0x00, 0x00, 0x00, 0x03, 0x80, 0x00, 0x00, 0x00, 0x00, 0xB0, 0x00, 0x00, 0x00, 0x00, 0x2C,
    0x00, 0x3F, 0xFF, 0xFF, 0xF8, 0xF4, 0x3F, 0x82, 0xE3, 0x80, 0xFE, 0x03, 0x8D, 0x03, 0xF8, 0x0B,
    0x30, 0x0F, 0xE0, 0x1C, 0x00, 0x3F, 0x80, 0x00, 0x00, 0xFE, 0x00, 0x00, 0x03, 0xF8, 0x00, 0x00,
    0x0F, 0xE0, 0x00, 0x00, 0x3F, 0x80, 0x00, 0x00, 0xFE, 0x00, 0x00, 0x03, 0xF8, 0x00, 0x02, 0xFF,
    0xFF, 0x40, 0x00, 0x00, 0x7E, 0x00, 0x00, 0x00, 0x38, 0x00, 0x00, 0x00, 0xA0, 0x00, 0x00, 0x02,
    0xC0, 0x7F, 0xFF, 0xF8, 0x00, 0x2F, 0xFF, 0x80, 0x7F, 0xE0, 0x00, 0x00, 0xB8, 0x00, 0x0B, 0xFC,
    0x00, 0x00, 0x3C, 0x00, 0x00, 0xFF, 0xC0, 0x00, 0x2C, 0x00, 0x00, 0x1F, 0xF4, 0x00, 0x1D, 0x00,
    0x00, 0x02, 0xFF, 0x00, 0x0F, 0x00, 0x00, 0x00, 0x3F, 0xF0, 0x0B, 0x00, 0x00, 0x00, 0x07, 0xFD,
    0x07, 0x80, 0x00, 0x00, 0x00, 0xBF, 0xC3, 0xC0, 0x00, 0x00, 0x00, 0x0F, 0xFA, 0xD0, 0x00, 0x00,
    0x00, 0x01, 0xFF, 0xE0, 0x00, 0x00, 0x00, 0x00, 0x3F, 0xF0, 0x00, 0x00, 0x00, 0x00, 0x07, 0xF8,
    0x00, 0x00, 0x00, 0x00, 0x01, 0xFE, 0x00, 0x00, 0x00, 0x00, 0x00, 0x7F, 0x80, 0x00, 0x00, 0x00,
    0x00, 0x1F, 0xE0, 0x00, 0x00, 0x00, 0x00, 0x07, 0xF8, 0x00, 0x00, 0x00, 0x00, 0x01, 0xFE, 0x00,
    0x00, 0x00, 0x00, 0x00, 0x7F, 0x80, 0x00, 0x00, 0x00, 0x0B, 0xFF, 0xFF, 0x80, 0x00, 0x00, 0x00,
    0x00, 0x00, 0x00, 0x00, 0x00, 0xBF, 0xFC, 0x00, 0xBF, 0xC0, 0xFF, 0x00, 0x02, 0xE0, 0x07, 0xF0,
    0x00, 0x2C, 0x00, 0x3F, 0x40, 0x03, 0x80, 0x02, 0xFC, 0x00, 0x70, 0x00, 0x0F, 0xD0, 0x0E, 0x00,
    0x00, 0xBE, 0x01, 0xD0, 0x00, 0x07, 0xF0, 0x2C, 0x00, 0x00, 0x3F, 0x83, 0x40, 0x00, 0x01, 0xFC,
    0x70, 0x00, 0x00, 0x0F, 0xDE, 0x00, 0x00, 0x00, 0xBF, 0xC0, 0x00, 0x00, 0x03, 0xFC, 0x00, 0x00,
    0x00, 0x3F, 0x40, 0x00, 0x00, 0x03, 0xF4, 0x00, 0x00, 0x00, 0x3F, 0x40, 0x00, 0x00, 0x03, 0xF4,
    0x00, 0x00, 0x00, 0x3F, 0x40, 0x00, 0x00, 0x3F, 0xFF, 0x40, 0x00, 0x00, 0x00, 0x00, 0x00, 0x7F,
    0xFF, 0xF8, 0x00, 0x2F, 0xFF, 0x80, 0x7F, 0xE0, 0x00, 0x00, 0xB8, 0x00, 0x0B, 0xFC, 0x00, 0x00,
    0x3C, 0x00, 0x00, 0xFF, 0xC0, 0x00, 0x2C, 0x00, 0x00, 0x1F, 0xF4, 0x00, 0x1D, 0x00, 0x00, 0x02,
    0xFF, 0x00, 0x0F, 0x00, 0x00, 0x00, 0x3F, 0xF0, 0x0B, 0x00, 0x00, 0x00, 0x07, 0xFD, 0x07, 0x80,
    0x00, 0x00, 0x00, 0xBF, 0xC3, 0xC0, 0x00, 0x00, 0x00, 0x0F, 0xFA, 0xC0, 0x00, 0x00, 0x00, 0x01,
    0xFF, 0xE0, 0x00, 0x00, 0x00, 0x00, 0x2F, 0xF0, 0x00, 0x00, 0x00, 0x07, 0xFF, 0xFF, 0xF8, 0x00,
    0x00, 0x00, 0x01, 0xFE, 0x00, 0x00, 0x00, 0x00, 0x00, 0x7F, 0x80, 0x00, 0x00, 0x00, 0x00, 0x1F,
    0xE0, 0x00, 0x00, 0x00, 0x00, 0x07, 0xF8, 0x00, 0x00, 0x00, 0x00, 0x01, 0xFE, 0x00, 0x00, 0x00,
    0x00, 0x00, 0x7F, 0x80, 0x00, 0x00, 0x00, 0x0B, 0xFF, 0xFF, 0x80, 0x00, 0x00, 0x00, 0x00, 0x00,
    0x00, 0x00, 0x00, 0xBF, 0xFC, 0x00, 0xBF, 0xC0, 0xFF, 0x00, 0x02, 0xE0, 0x07, 0xF0, 0x00, 0x2C,
    0x00, 0x3F, 0x80, 0x03, 0x40, 0x01, 0xFC, 0x00, 0xB0, 0x00, 0x0F, 0xD0, 0x0E, 0x00, 0x00, 0xBF,
    0x01, 0xC0, 0x00, 0x03, 0xF4, 0x38, 0x00, 0x00, 0x2F, 0x83, 0x40, 0x00, 0x01, 0xFC, 0xB0, 0x00,
    0x00, 0x0F, 0xED, 0x00, 0x00, 0x00, 0x7F, 0xC0, 0x00, 0x00, 0x03, 0xF8, 0x00, 0x00, 0x0B, 0xFF,
    0xFC, 0x00, 0x00, 0x03, 0xF4, 0x00, 0x00, 0x00, 0x3F, 0x40, 0x00, 0x00, 0x03, 0xF4, 0x00, 0x00,
    0x00, 0x3F, 0x40, 0x00, 0x00, 0x3F, 0xFF, 0x40, 0x00, 0x00, 0x00, 0x00, 0x00, 0x2F, 0xFF, 0xFD,
    0x07, 0xFF, 0xFC, 0x00, 0x07, 0xFD, 0x00, 0x07, 0xD0, 0x00, 0x00, 0x2F, 0xF0, 0x00, 0xB4, 0x00,
    0x00, 0x00, 0xFF, 0x80, 0x1E, 0x00, 0x00, 0x00, 0x07, 0xFD, 0x03, 0xC0, 0x00, 0x00, 0x00, 0x2F,
    0xF0, 0xF0, 0x00, 0x00, 0x00, 0x00, 0xFF, 0xAD, 0x00, 0x00, 0x00, 0x00, 0x07, 0xFF, 0x80, 0x00,
    0x00, 0x00, 0x00, 0x2F, 0xF0, 0x00, 0x00, 0x00, 0x00, 0x00, 0xFF, 0xC0, 0x00, 0x00, 0x00, 0x00,
    0x0B, 0xFD, 0x00, 0x00, 0x00, 0x00, 0x00, 0xFF, 0xF0, 0x00, 0x00, 0x00, 0x00, 0x3C, 0xFF, 0xC0,
    0x00, 0x00, 0x00, 0x0B, 0x43, 0xFE, 0x00, 0x00, 0x00, 0x01, 0xE0, 0x1F, 0xF4, 0x00, 0x00, 0x00,
    0x3C, 0x00, 0xBF, 0xC0, 0x00, 0x00, 0x0F, 0x00, 0x03, 0xFE, 0x00, 0x00, 0x01, 0xD0, 0x00, 0x1F,
    0xF4, 0x00, 0x00, 0x7C, 0x00, 0x00, 0xBF, 0xC0, 0x03, 0xFF, 0xFD, 0x00, 0xBF, 0xFF, 0xF8, 0x00,
    0x00, 0x00, 0x00, 0x00, 0x2F, 0x80, 0x00, 0x00, 0x00, 0x00, 0x00, 0x7C, 0x00, 0x00, 0x00, 0x00,
    0x00, 0x03, 0xC0, 0x00, 0x00, 0x00, 0x00, 0x00, 0x1C, 0x00, 0x00, 0x00, 0x00, 0x00, 0x01, 0xC0,
    0x00, 0x00, 0x00, 0x00, 0x00, 0x0D, 0x3F, 0xFD, 0x07, 0xFF, 0x40, 0x3F, 0x80, 0x1F, 0x40, 0x00,
    0xFD, 0x03, 0xC0, 0x00, 0x07, 0xF0, 0xF0, 0x00, 0x00, 0x2F, 0xEC, 0x00, 0x00, 0x00, 0xBF, 0x40,
    0x00, 0x00, 0x03, 0xF8, 0x00, 0x00, 0x00, 0x7F, 0xD0, 0x00, 0x00, 0x0E, 0x7F, 0x40, 0x00, 0x03,
    0xC1, 0xFC, 0x00, 0x00, 0xF0, 0x0B, 0xF0, 0x00, 0x3D, 0x00, 0x3F, 0xC0, 0x7F, 0xF4, 0x0B, 0xFF,
    0xC0, 0x00, 0x00, 0x00, 0x7D, 0x00, 0x00, 0x00, 0x01, 0xD0, 0x00, 0x00, 0x00, 0x0E, 0x00, 0x00,
    0x00, 0x00, 0xE0, 0x7F, 0xFF, 0xFF, 0xFF, 0xFD, 0x0F, 0xFF, 0xFF, 0x07, 0xE0, 0x0F, 0xF0, 0x0B,
    0xD0, 0x03, 0xFC, 0x00, 0xB4, 0x00, 0xFF, 0x00, 0x2D, 0x00, 0x3F, 0xC0, 0x0B, 0x00, 0x0F, 0xF0,
    0x00, 0xD0, 0x03, 0xFC, 0x00, 0xB0, 0x00, 0xFF, 0x00, 0x0E, 0x00, 0x3F, 0xC0, 0x0A, 0x00, 0x0F,
    0xF0, 0x00, 0xE0, 0x03, 0xFC, 0x00, 0xE0, 0x00, 0xFF, 0x00, 0x0A, 0x00, 0x3F, 0xC0, 0x00, 0x00,
    0x0F, 0xF0, 0x00, 0x00, 0x03, 0xFC, 0x00, 0x00, 0x00, 0xFF, 0x00, 0x00, 0x00, 0x3F, 0xC0, 0x00,
    0x00, 0x0F, 0xF0, 0x00, 0x00, 0x03, 0xFC, 0x00, 0x00, 0x00, 0xFF, 0x00, 0x00, 0x00, 0x3F, 0xC0,
    0x00, 0x00, 0x0F, 0xF0, 0x00, 0x00, 0x03, 0xFC, 0x00, 0x00, 0x00, 0xFF, 0x00, 0x00, 0x00, 0x3F,
    0xC0, 0x00, 0x00, 0x0F, 0xF0, 0x00, 0x00, 0x03, 0xFC, 0x00, 0x00, 0x00, 0xFF, 0x00, 0x00, 0x00,
    0x3F, 0xC0, 0x00, 0x00, 0x0F, 0xF0, 0x00, 0x00, 0x03, 0xFC, 0x00, 0x00, 0x00, 0xFF, 0x00, 0x00,
    0x00, 0x3F, 0xC0, 0x00, 0x00, 0x0F, 0xF0, 0x00, 0x00, 0x03, 0xFC, 0x00, 0x00, 0x00, 0xFF, 0x00,
    0x00, 0x00, 0x3F, 0xC0, 0x00, 0x07, 0xFF, 0xFF, 0xFF, 0xFF, 0xFF, 0xFF, 0xF8, 0x00, 0x00, 0x00,
    0x00, 0x00, 0x00, 0x00, 0x2F, 0xC0, 0x00, 0x00, 0x00, 0x00, 0x00, 0x00, 0x00, 0x7C, 0x00, 0x00,
    0x00, 0x00, 0x00, 0x00, 0x00, 0x02, 0xC0, 0x00, 0x00, 0x00, 0x00, 0x00, 0x00, 0x00, 0x1C, 0x00,
    0x00, 0x00, 0x00, 0x00, 0x00, 0x00, 0x00, 0xD0, 0x00, 0x00, 0x00, 0x00, 0x00, 0x00, 0x00, 0x0D,
    0x3F, 0xFF, 0xFF, 0x0F, 0xFF, 0xD0, 0xF4, 0xFD, 0x3C, 0x03, 0xF4, 0x03, 0x83, 0xF0, 0x70, 0x0F,
    0xD0, 0x0D, 0x0F, 0xC0, 0xC0, 0x3F, 0x40, 0x30, 0x3F, 0x03, 0x40, 0xFD, 0x00, 0x00, 0xFC, 0x00,
    0x03, 0xF4, 0x00, 0x03, 0xF0, 0x00, 0x0F, 0xD0, 0x00, 0x0F, 0xC0, 0x00, 0x3F, 0x40, 0x00, 0x3F,
    0x00, 0x00, 0xFD, 0x00, 0x00, 0xFC, 0x00, 0x03, 0xF4, 0x00, 0x03, 0xF0, 0x00, 0x0F, 0xD0, 0x00,
    0x0F, 0xD0, 0x00, 0x3F, 0x40, 0x03, 0xFF, 0xFF, 0xFF, 0xFF, 0xE0, 0x00, 0x00, 0x00, 0x00, 0x0B,
    0xC0, 0x00, 0x00, 0x00, 0x00, 0x0F, 0x00, 0x00, 0x00, 0x00, 0x00, 0x1C, 0x00, 0x00, 0x00, 0x00,
    0x00, 0x70, 0xFF, 0xFF, 0xF8, 0x1F, 0xFF, 0xFF, 0x00, 0x2F, 0xD0, 0x00, 0x07, 0xFC, 0x00, 0x02,
    0xFD, 0x00, 0x00, 0x7F, 0xC0, 0x00, 0x2F, 0xD0, 0x00, 0x07, 0xFC, 0x00, 0x02, 0xFD, 0x00, 0x00,
    0x7F, 0xC0, 0x00, 0x2F, 0xD0, 0x00, 0x07, 0xFC, 0x00, 0x02, 0xFD, 0x00, 0x00, 0x7F, 0xC0, 0x00,
    0x2F, 0xD0, 0x00, 0x07, 0xFC, 0x00, 0x01, 0xFE, 0x00, 0x00, 0x7F, 0xC0, 0x00, 0x0B, 0xF0, 0x00,
    0x0B, 0xFC, 0x00, 0x00, 0x2F, 0x80, 0x1B, 0xFF, 0xC0, 0x00, 0x00, 0x2F, 0xFE, 0x97, 0xFC, 0x00,
    0x00, 0x00, 0x00, 0x00, 0x7F, 0xC0, 0x00, 0x00, 0x00, 0x00, 0x07, 0xFC, 0x00, 0x00, 0x00, 0x00,
    0x00, 0x7F, 0xC0, 0x00, 0x00, 0x00, 0x00, 0x07, 0xFC, 0x00, 0x00, 0x00, 0x00, 0x00, 0x7F, 0xC0,
    0x00, 0x00, 0x00, 0x00, 0x07, 0xFC, 0x00, 0x00, 0x00, 0x00, 0x00, 0x7F, 0xC0, 0x00, 0x00, 0x00,
    0x01, 0xFF, 0xFF, 0xF4, 0x00, 0x00, 0x00, 0x00, 0x00, 0x6F, 0x40, 0x00, 0x00, 0x00, 0x00, 0x00,
    0xB8, 0x00, 0x00, 0x00, 0x00, 0x00, 0x03, 0x80, 0x00, 0x00, 0x00, 0x00, 0x00, 0x2C, 0x00, 0x00,
    0x00, 0x00, 0x00, 0x01, 0xC0, 0x00, 0x00, 0x00, 0x00, 0x00, 0x1C, 0x3F, 0xFF, 0x4F, 0xFF, 0xE0,
    0x0F, 0xD0, 0x03, 0xF8, 0x00, 0x3F, 0x40, 0x0F, 0xE0, 0x00, 0xFD, 0x00, 0x3F, 0x80, 0x03, 0xF4,
    0x00, 0xFE, 0x00, 0x07, 0xF0, 0x1B, 0xF8, 0x00, 0x06, 0xFF, 0x9F, 0xE0, 0x00, 0x00, 0x00, 0x3F,
    0x80, 0x00, 0x00, 0x00, 0xFE, 0x00, 0x00, 0x00, 0x03, 0xF8, 0x00, 0x00, 0x00, 0x0F, 0xE0, 0x00,
    0x00, 0x00, 0x3F, 0x80, 0x00, 0x00, 0x0F, 0xFF, 0xF0, 0x00, 0x00, 0x00, 0x0B, 0xC0, 0x00, 0x00,
    0x00, 0x0B, 0x00, 0x00, 0x00, 0x00, 0x0C, 0x00, 0x00, 0x00, 0x00, 0x34, 0xFF, 0xFF, 0xF8, 0x1F,
    0xFF, 0xFF, 0x02, 0xFD, 0x00, 0x00, 0x7F, 0xC0, 0x02, 0xFD, 0x00, 0x00, 0x7F, 0xC0, 0x02, 0xFD,
    0x00, 0x00, 0x7F, 0xC0, 0x02, 0xFD, 0x00, 0x00, 0x7F, 0xC0, 0x02, 0xFD, 0x00, 0x00, 0x7F, 0xC0,
    0x02, 0xFD, 0x00, 0x00, 0x7F, 0xC0, 0x02, 0xFD, 0x02, 0xC0, 0x7F, 0xC0, 0x01, 0xFE, 0x02, 0xC0,
    0x7F, 0xC0, 0x00, 0xBF, 0x02, 0xC0, 0xBF, 0xC0, 0x00, 0x2F, 0x82, 0xDB, 0xFF, 0xC0, 0x00, 0x02,
    0xFF, 0xF8, 0x7F, 0xC0, 0x00, 0x00, 0x02, 0xC0, 0x7F, 0xC0, 0x00, 0x00, 0x02, 0xC0, 0x7F, 0xC0,
    0x00, 0x00, 0x02, 0xC0, 0x7F, 0xC0, 0x00, 0x00, 0x02, 0xC0, 0x7F, 0xC0, 0x00, 0x00, 0x00, 0x00,
    0x7F, 0xC0, 0x00, 0x00, 0x00, 0x00, 0x7F, 0xC0, 0x00, 0x00, 0x00, 0x00, 0x7F, 0xC0, 0x00, 0x00,
    0x00, 0x1F, 0xFF, 0xFF, 0x00, 0x00, 0x00, 0x00, 0x00, 0x00, 0x3F, 0xFF, 0x4F, 0xFF, 0xE0, 0x3F,
    0x40, 0x0F, 0xE0, 0x03, 0xF4, 0x00, 0xFE, 0x00, 0x3F, 0x40, 0x0F, 0xE0, 0x03, 0xF4, 0x00, 0xFE,
    0x00, 0x3F, 0x43, 0x0F, 0xE0, 0x01, 0xFC, 0x36, 0xFE, 0x00, 0x02, 0xFF, 0x9F, 0xE0, 0x00, 0x00,
    0x30, 0xFE, 0x00, 0x00, 0x03, 0x0F, 0xE0, 0x00, 0x00, 0x00, 0xFE, 0x00, 0x00, 0x00, 0x0F, 0xE0,
    0x00, 0x00, 0x0F, 0xFF, 0xE0, 0x00, 0x00, 0x00, 0x00, 0x00, 0x00, 0xFF, 0xFF, 0xF8, 0x00, 0x00,
    0x00, 0x02, 0xFD, 0x00, 0x00, 0x00, 0x00, 0x02, 0xFD, 0x00, 0x00, 0x00, 0x00, 0x02, 0xFD, 0x00,
    0x00, 0x00, 0x00, 0x02, 0xFD, 0x00, 0x00, 0x00, 0x00, 0x02, 0xFD, 0x06, 0xFF, 0xE0, 0x00, 0x02,
    0xFD, 0x2D, 0x02, 0xFD, 0x00, 0x02, 0xFE, 0xE0, 0x00, 0xBF, 0x00, 0x02, 0xFF, 0x80, 0x00, 0x7F,
    0x80, 0x02, 0xFF, 0x00, 0x00, 0x7F, 0xC0, 0x02, 0xFE, 0x00, 0x00, 0x7F, 0xC0, 0x02, 0xFD, 0x00,
    0x00, 0x7F, 0xC0, 0x02, 0xFD, 0x00, 0x00, 0x7F, 0xC0, 0x02, 0xFD, 0x00, 0x00, 0x7F, 0xC0, 0x02,
    0xFD, 0x00, 0x00, 0x7F, 0xC0, 0x02, 0xFD, 0x00, 0x00, 0x7F, 0xC0, 0x02, 0xFD, 0x00, 0x00, 0x7F,
    0xC0, 0x02, 0xFD, 0x00, 0x00, 0x7F, 0xC0, 0x02, 0xFD, 0x00, 0x00, 0x7F, 0xC0, 0xFF, 0xFF, 0xF8,
    0x1F, 0xFF, 0xFF, 0xBF, 0xD0, 0x00, 0x00, 0x03, 0xF4, 0x00, 0x00, 0x00, 0xBD, 0x00, 0x00, 0x00,
    0x2F, 0x40, 0x00, 0x00, 0x0B, 0xD0, 0x00, 0x00, 0x02, 0xF4, 0x00, 0x00, 0x00, 0xBD, 0x00, 0x00,
    0x00, 0x2F, 0x42, 0xFE, 0x00, 0x0B, 0xDB, 0x43, 0xF0, 0x02, 0xFE, 0x00, 0xBE, 0x00, 0xBF, 0x00,
    0x1F, 0xC0, 0x2F, 0x80, 0x07, 0xF0, 0x0B, 0xE0, 0x01, 0xFC, 0x02, 0xF8, 0x00, 0x7F, 0x00, 0xBE,
    0x00, 0x1F, 0xC0, 0x2F, 0x80, 0x07, 0xF0, 0x0B, 0xE0, 0x01, 0xFC, 0x02, 0xF8, 0x00, 0x7F, 0x00,
    0xFE, 0x00, 0x2F, 0xC2, 0xFF, 0xF8, 0x7F, 0xFF, 0x00, 0x00, 0x00, 0x1B, 0xFF, 0xA0, 0x00, 0x00,
    0x00, 0x01, 0xFD, 0x00, 0xBF, 0x00, 0x00, 0x00, 0x0B, 0xE0, 0x00, 0x1F, 0xD0, 0x1F, 0x80, 0x2F,
    0xC0, 0x00, 0x07, 0xF0, 0x3F, 0xC0, 0x7F, 0x40, 0x00, 0x03, 0xF8, 0x3F, 0xC0, 0xFF, 0x00, 0x00,
    0x02, 0xFC, 0x3F, 0x81, 0xFF, 0x00, 0x00, 0x01, 0xFD, 0x1E, 0x02, 0xFE, 0x00, 0x00, 0x01, 0xFE,
    0x07, 0xD3, 0xFE, 0x00, 0x00, 0x00, 0xFF, 0x00, 0x6F, 0xFF, 0xFF, 0xFF, 0xFF, 0xFE, 0x00, 0x03,
    0xFE, 0x00, 0x00, 0x00, 0x00, 0x00, 0x03, 0xFE, 0x00, 0x00, 0x00, 0x00, 0x00, 0x02, 0xFE, 0x00,
    0x00, 0x00, 0x00, 0x00, 0x01, 0xFF, 0x00, 0x00, 0x00, 0x00, 0x00, 0x00, 0xFF, 0x00, 0x00, 0x00,
    0x00, 0x00, 0x00, 0x7F, 0x80, 0x00, 0x00, 0x00, 0x00, 0x00, 0x2F, 0xC0, 0x00, 0x00, 0x0A, 0x00,
    0x00, 0x0B, 0xF0, 0x00, 0x00, 0x2C, 0x00, 0x00, 0x01, 0xFE, 0x40, 0x06, 0xE0, 0x00, 0x00, 0x00,
    0x06, 0xFF, 0xF9, 0x00, 0x00, 0x00, 0x06, 0xFF, 0x80, 0x04, 0x00, 0x3F, 0x42, 0xF0, 0x3F, 0x00,
    0xFC, 0x00, 0xBC, 0x3F, 0x02, 0xF8, 0x00, 0x3D, 0x3F, 0x03, 0xF4, 0x00, 0x3F, 0x1E, 0x47, 0xF4,
    0x00, 0x3F, 0x02, 0xFF, 0xFF, 0xFF, 0xFF, 0x00, 0x07, 0xF4, 0x00, 0x00, 0x00, 0x03, 0xF4, 0x00,
    0x00, 0x00, 0x03, 0xF8, 0x00, 0x02, 0x00, 0x00, 0xFC, 0x00, 0x0E, 0x00, 0x00, 0x3F, 0x40, 0x78,
    0x00, 0x00, 0x06, 0xFF, 0x90, 0x00, 0x00, 0x00, 0x1B, 0xFF, 0xA0, 0x00, 0x00, 0x00, 0x01, 0xFD,
    0x00, 0xBF, 0x00, 0x00, 0x00, 0x0B, 0xE0, 0x00, 0x1F, 0xD0, 0x1F, 0x80, 0x2F, 0xC0, 0x00, 0x07,
    0xF0, 0x3F, 0xC0, 0x7F, 0x40, 0x00, 0x03, 0xF8, 0x3F, 0xC0, 0xFF, 0x00, 0x00, 0x02, 0xFC, 0x3F,
    0x81, 0xFF, 0x00, 0x00, 0x01, 0xFD, 0x1E, 0x02, 0xFE, 0x00, 0x00, 0x01, 0xFE, 0x07, 0xD3, 0xFE,
    0x00, 0x00, 0x00, 0xFF, 0x00, 0x6F, 0xFF, 0xFF, 0xFF, 0xFF, 0xFE, 0x00, 0x03, 0xFE, 0x00, 0x00,
    0x00, 0x00, 0x00, 0x03, 0xFE, 0x00, 0x00, 0x00, 0x00, 0x00, 0x02, 0xFE, 0x00, 0x00, 0x00, 0x00,
    0x00, 0x01, 0xFF, 0x00, 0x00, 0x00, 0x00, 0x00, 0x00, 0xFF, 0x00, 0x00, 0x00, 0x00, 0x00, 0x00,
    0x7F, 0x80, 0x00, 0x00, 0x00, 0x00, 0x00, 0x2F, 0xC0, 0x00, 0x00, 0x0A, 0x00, 0x00, 0x0B, 0xF0,
    0x00, 0x00, 0x2C, 0x00, 0x00, 0x01, 0xFE, 0x40, 0x06, 0xF0, 0x00, 0x00, 0x00, 0x1B, 0xFF, 0xFE,
    0x00, 0x00, 0x00, 0x00, 0x00, 0x2D, 0x00, 0x00, 0x00, 0x00, 0x00, 0x00, 0x3C, 0x00, 0x00, 0x00,
    0x00, 0x00, 0x00, 0xBC, 0x00, 0x00, 0x00, 0x00, 0x00, 0x00, 0xBE, 0x00, 0x00, 0x00, 0x00, 0x00,
    0x00, 0x3F, 0xF4, 0x00, 0x00, 0x00, 0x00, 0x00, 0x1F, 0xD0, 0x00, 0x00, 0x00, 0x06, 0xFF, 0x80,
    0x04, 0x00, 0x3F, 0x42, 0xF0, 0x3F, 0x00, 0xFC, 0x00, 0xBC, 0x3F, 0x02, 0xF8, 0x00, 0x3D, 0x3F,
    0x03, 0xF4, 0x00, 0x3F, 0x1E, 0x47, 0xF4, 0x00, 0x3F, 0x02, 0xFF, 0xFF, 0xFF, 0xFF, 0x00, 0x07,
    0xF4, 0x00, 0x00, 0x00, 0x03, 0xF4, 0x00, 0x00, 0x00, 0x03, 0xF8, 0x00, 0x06, 0x00, 0x00, 0xFC,
    0x00, 0x0E, 0x00, 0x00, 0x3F, 0x40, 0x78, 0x00, 0x00, 0x06, 0xFF, 0xD0, 0x00, 0x00, 0x00, 0x0F,
    0x00, 0x00, 0x00, 0x00, 0x1E, 0x00, 0x00, 0x00, 0x00, 0x3D, 0x00, 0x00, 0x00, 0x00, 0x3E, 0x00,
    0x00, 0x00, 0x00, 0x3F, 0x49, 0x00, 0x00, 0x00, 0x0B, 0xF4, 0x00, 0x00, 0x00, 0x3F, 0xFF, 0xFE,
    0x00, 0xBF, 0x40, 0x00, 0xBF, 0x40, 0x00, 0xBF, 0x40, 0x00, 0xBF, 0x40, 0x00, 0xBF, 0x40, 0x00,
    0xBF, 0x40, 0x00, 0xBF, 0x40, 0x00, 0xBF, 0x40, 0x00, 0xBF, 0x40, 0x00, 0xBF, 0x40, 0x00, 0xBF,
    0x40, 0x00, 0xBF, 0x40, 0x00, 0xBF, 0x40, 0x00, 0xBF, 0x40, 0x00, 0xBF, 0x40, 0x00, 0xBF, 0x40,
    0x00, 0xBF, 0x40, 0x00, 0xBF, 0x40, 0x3F, 0xFF, 0xFE, 0x00, 0x00, 0x00, 0x1C, 0x00, 0x07, 0x00,
    0x00, 0x00, 0x00, 0x00, 0x00, 0x00, 0xC0, 0x00, 0xA0, 0x00, 0x00, 0x00, 0x00, 0x00, 0x00, 0x07,
    0x40, 0x28, 0x00, 0x00, 0x00, 0x00, 0x00, 0x00, 0x00, 0x0B, 0xFD, 0x00, 0x00, 0x00, 0x00, 0x00,
    0x00, 0x00, 0x00, 0x00, 0x00, 0x00, 0x00, 0x00, 0x00, 0x00, 0x00, 0x00, 0x00, 0x00, 0x00, 0x00,
    0x00, 0x00, 0x3F, 0xFF, 0x00, 0x1F, 0xFF, 0xFF, 0x00, 0x1F, 0xFF, 0x80, 0x0F, 0x40, 0x00, 0x07,
    0xFC, 0x00, 0x00, 0x3E, 0x00, 0x00, 0x3D, 0x00, 0x00, 0x7F, 0xC0, 0x00, 0x0B, 0x40, 0x00, 0x00,
    0xB4, 0x00, 0x07, 0xFC, 0x00, 0x03, 0xD0, 0x00, 0x00, 0x02, 0xE0, 0x00, 0x7F, 0xC0, 0x00, 0xF0,
    0x00, 0x00, 0x00, 0x07, 0x80, 0x07, 0xFC, 0x00, 0x7C, 0x00, 0x00, 0x00, 0x00, 0x1F, 0x00, 0x7F,
    0xC0, 0x1F, 0x00, 0x00, 0x00, 0x00, 0x00, 0x3C, 0x07, 0xFC, 0x07, 0xC0, 0x00, 0x00, 0x00, 0x00,
    0x0B, 0xF0, 0x7F, 0xC2, 0xFC, 0x00, 0x00, 0x00, 0x00, 0x01, 0xFF, 0xD7, 0xFC, 0xBF, 0xF0, 0x00,
    0x00, 0x00, 0x00, 0x3F, 0xEB, 0xBF, 0xFD, 0xFF, 0x80, 0x00, 0x00, 0x00, 0x0F, 0xFC, 0x2F, 0xFF,
    0x03, 0xFD, 0x00, 0x00, 0x00, 0x02, 0xFF, 0x00, 0xBF, 0xC0, 0x2F, 0xF0, 0x00, 0x00, 0x00, 0x3F,
    0xD0, 0x07, 0xFC, 0x00, 0xFF, 0xC0, 0x00, 0x00, 0x0F, 0xF8, 0x00, 0x7F, 0xC0, 0x03, 0xFE, 0x00,
    0x00, 0x02, 0xFF, 0x00, 0x07, 0xFC, 0x00, 0x1F, 0xF4, 0x00, 0x00, 0x7F, 0xC0, 0x00, 0x7F, 0xC0,
    0x00, 0xBF, 0xC0, 0x00, 0x0F, 0xF4, 0x00, 0x07, 0xFC, 0x00, 0x03, 0xFE, 0x00, 0x03, 0xFF, 0x00,
    0x00, 0x7F, 0xC0, 0x00, 0x1F, 0xF8, 0x0B, 0xFF, 0xFE, 0x01, 0xFF, 0xFF, 0xF0, 0x0F, 0xFF, 0xFC,
    0x00, 0x00, 0x70, 0x00, 0x0C, 0x00, 0x00, 0x00, 0x00, 0x30, 0x00, 0x28, 0x00, 0x00, 0x00, 0x00,
    0x1D, 0x00, 0xB0, 0x00, 0x00, 0x00, 0x00, 0x02, 0xFF, 0x40, 0x00, 0x00, 0x00, 0x00, 0x00, 0x00,
    0x00, 0x00, 0x00, 0x2F, 0xF8, 0x0F, 0xFF, 0xD0, 0x3F, 0xF4, 0x02, 0xF4, 0x00, 0xFD, 0x00, 0x1F,
    0x40, 0x00, 0x3D, 0x00, 0xFD, 0x00, 0xB8, 0x00, 0x00, 0x0B, 0x80, 0xFD, 0x03, 0xD0, 0x00, 0x00,
    0x01, 0xF0, 0xFD, 0x1F, 0x00, 0x00, 0x00, 0x01, 0xFD, 0xFD, 0xBF, 0x00, 0x00, 0x00, 0x03, 0xFF,
    0xFF, 0xFF, 0xC0, 0x00, 0x00, 0x0F, 0xE1, 0xFF, 0x0F, 0xF0, 0x00, 0x00, 0x3F, 0xC0, 0xFD, 0x03,
    0xF8, 0x00, 0x00, 0xBF, 0x00, 0xFD, 0x01, 0xFE, 0x00, 0x02, 0xFC, 0x00, 0xFD, 0x00, 0x7F, 0x40,
    0x0B, 0xF8, 0x00, 0xFD, 0x00, 0x3F, 0xD0, 0x7F, 0xFC, 0x0F, 0xFF, 0xD0, 0x7F, 0xFC, 0x00, 0x00,
    0x00, 0x00, 0x00, 0x00, 0xFF, 0xFF, 0xF8, 0x00, 0xFF, 0xFD, 0x02, 0xFD, 0x00, 0x00, 0x1F, 0x40,
    0x02, 0xFD, 0x00, 0x00, 0x7C, 0x00, 0x02, 0xFD, 0x00, 0x01, 0xE0, 0x00, 0x02, 0xFD, 0x00, 0x0B,
    0x80, 0x00, 0x02, 0xFD, 0x00, 0x2D, 0x00, 0x00, 0x02, 0xFD, 0x00, 0xF4, 0x00, 0x00, 0x02, 0xFD,
    0x03, 0xD0, 0x00, 0x00, 0x02, 0xFD, 0x0F, 0x00, 0x00, 0x00, 0x02, 0xFF, 0xFF, 0xFE, 0x40, 0x00,
    0x02, 0xFD, 0x00, 0x1F, 0xF8, 0x00, 0x02, 0xFD, 0x00, 0x01, 0xFF, 0x00, 0x02, 0xFD, 0x00, 0x00,
    0x7F, 0xC0, 0x02, 0xFD, 0x00, 0x00, 0x2F, 0xE0, 0x02, 0xFD, 0x00, 0x00, 0x1F, 0xF0, 0x02, 0xFD,
    0x00, 0x00, 0x0F, 0xF4, 0x02, 0xFD, 0x00, 0x00, 0x0F, 0xF8, 0x02, 0xFD, 0x00, 0x00, 0x0F, 0xF8,
    0x02, 0xFD, 0x00, 0x00, 0x0F, 0xF8, 0xFF, 0xFF, 0xF8, 0x00, 0x0F, 0xF8, 0x00, 0x00, 0x00, 0x00,
    0x0F, 0xF4, 0x00, 0x00, 0x0B, 0xC0, 0x0F, 0xF0, 0x00, 0x00, 0x1F, 0xF0, 0x2F, 0xD0, 0x00, 0x00,
    0x1F, 0xF0, 0x3F, 0x80, 0x00, 0x00, 0x0F, 0xE1, 0xFD, 0x00, 0x00, 0x00, 0x02, 0xFF, 0x90, 0x00,
    0x3F, 0xFF, 0x40, 0xFF, 0xC0, 0x3F, 0x40, 0x0F, 0xD0, 0x03, 0xF4, 0x03, 0xD0, 0x00, 0x3F, 0x41,
    0xF0, 0x00, 0x03, 0xF4, 0xF4, 0x00, 0x00, 0x3F, 0xFF, 0xF8, 0x00, 0x03, 0xF4, 0x07, 0xF8, 0x00,
    0x3F, 0x40, 0x0F, 0xD0, 0x03, 0xF4, 0x00, 0xBF, 0x00, 0x3F, 0x40, 0x07, 0xF4, 0x03, 0xF4, 0x00,
    0x3F, 0x80, 0x3F, 0x40, 0x03, 0xF8, 0x3F, 0xFF, 0x40, 0x3F, 0x80, 0x00, 0x00, 0x03, 0xF4, 0x00,
    0x00, 0x00, 0x7F, 0x00, 0x02, 0xE0, 0x0B, 0xF0, 0x00, 0x3F, 0x40, 0xFC, 0x00, 0x02, 0xF0, 0x7F,
    0x00, 0x00, 0x07, 0xFE, 0x40, 0x00, 0x00, 0x1F, 0xFF, 0xFF, 0xFF, 0xFF, 0xC0, 0x00, 0x0D, 0x00,
    0x07, 0xFC, 0x00, 0x00, 0x03, 0x40, 0x01, 0xFF, 0x00, 0x00, 0x00, 0xD0, 0x00, 0x7F, 0xC0, 0x00,
    0x00, 0x34, 0x00, 0x1F, 0xF0, 0x00, 0x00, 0x0D, 0x00, 0x07, 0xFC, 0x00, 0x00, 0x03, 0x40, 0x01,
    0xFF, 0x00, 0x00, 0x00, 0xD0, 0x00, 0x7F, 0xC0, 0x00, 0x00, 0x30, 0x00, 0x1F, 0xF0, 0x00, 0x00,
    0x0C, 0x00, 0x07, 0xFC, 0x00, 0x00, 0x07, 0x00, 0x01, 0xFF, 0x00, 0x00, 0x01, 0xC0, 0x00, 0x7F,
    0xC0, 0x00, 0x00, 0xB0, 0x00, 0x1F, 0xF0, 0x00, 0x00, 0x28, 0x00, 0x07, 0xFC, 0x00, 0x00, 0x0E,
    0x00, 0x01, 0xFF, 0x00, 0x7E, 0x03, 0x40, 0x00, 0x7F, 0xC0, 0x3F, 0xC1, 0xC0, 0x00, 0x1F, 0xF0,
    0x0F, 0xF0, 0xE0, 0x00, 0x07, 0xFC, 0x02, 0xF8, 0xB0, 0x00, 0x01, 0xFF, 0x00, 0x2F, 0xE0, 0x00,
    0x1F, 0xFF, 0xFE, 0x00, 0x00, 0x00, 0x00, 0x00, 0x1F, 0x40, 0x00, 0x00, 0x00, 0x00, 0x0F, 0xC0,
    0x00, 0x00, 0x00, 0x00, 0x03, 0xD0, 0x00, 0x00, 0x00, 0x00, 0x02, 0xF0, 0x00, 0x00, 0x00, 0x00,
    0x00, 0xF4, 0x00, 0x00, 0x00, 0x00, 0x00, 0xBC, 0x00, 0x00, 0xFF, 0xFF, 0xFF, 0xE0, 0x00, 0xF0,
    0x0F, 0xE0, 0x00, 0x0A, 0x00, 0xFE, 0x00, 0x00, 0xE0, 0x0F, 0xE0, 0x00, 0x0E, 0x00, 0xFE, 0x00,
    0x00, 0xE0, 0x0F, 0xE0, 0x00, 0x0E, 0x00, 0xFE, 0x00, 0x00, 0xD0, 0x0F, 0xE0, 0x00, 0x0D, 0x00,
    0xFE, 0x03, 0xD0, 0xC0, 0x0F, 0xE0, 0x7F, 0x1C, 0x00, 0xFE, 0x03, 0xF3, 0x80, 0x0F, 0xE0, 0x1F,
    0xD0, 0x0F, 0xFF, 0xE0, 0x00, 0x00, 0x00, 0x7C, 0x00, 0x00, 0x00, 0x0F, 0x80, 0x00, 0x00, 0x01,
    0xF0, 0x00, 0x00, 0x00, 0x3E, 0x00, 0x00, 0x00, 0x00, 0x00, 0x00, 0x00, 0xFF, 0xFF, 0xF8, 0x1F,
    0xFF, 0xFF, 0x02, 0xFD, 0x00, 0x00, 0x7F, 0xC0, 0x02, 0xFD, 0x00, 0x00, 0x7F, 0xC0, 0x02, 0xFD,
    0x00, 0x00, 0x7F, 0xC0, 0x02, 0xFD, 0x00, 0x00, 0x7F, 0xC0, 0x02, 0xFD, 0x00, 0x00, 0x7F, 0xC0,
    0x02, 0xFD, 0x00, 0x00, 0x7F, 0xC0, 0x02, 0xFD, 0x00, 0x00, 0x7F, 0xC0, 0x02, 0xFD, 0x00, 0x00,
    0x7F, 0xC0, 0x02, 0xFF, 0xFF, 0xFF, 0xFF, 0xC0, 0x02, 0xFD, 0x00, 0x00, 0x7F, 0xC0, 0x02, 0xFD,
    0x00, 0x00, 0x7F, 0xC0, 0x02, 0xFD, 0x00, 0x00, 0x7F, 0xC0, 0x02, 0xFD, 0x00, 0x00, 0x7F, 0xC0,
    0x02, 0xFD, 0x00, 0x00, 0x7F, 0xC0, 0x02, 0xFD, 0x00, 0x00, 0x7F, 0xC0, 0x02, 0xFD, 0x00, 0x00,
    0x7F, 0xC0, 0x02, 0xFD, 0x00, 0x00, 0x7F, 0xC0, 0x02, 0xFD, 0x00, 0x00, 0x7F, 0xC0, 0xFF, 0xFF,
    0xF8, 0x00, 0x7F, 0xC0, 0x00, 0x00, 0x00, 0x00, 0x7F, 0xC0, 0x00, 0x00, 0x07, 0xD0, 0x7F, 0xC0,
    0x00, 0x00, 0x0F, 0xF0, 0x7F, 0x80, 0x00, 0x00, 0x0F, 0xF0, 0x7F, 0x40, 0x00, 0x00, 0x0B, 0xE0,
    0xFD, 0x00, 0x00, 0x00, 0x01, 0xBF, 0xE0, 0x00, 0x3F, 0xFF, 0x4F, 0xFF, 0xE0, 0x3F, 0x40, 0x0F,
    0xE0, 0x03, 0xF4, 0x00, 0xFE, 0x00, 0x3F, 0x40, 0x0F, 0xE0, 0x03, 0xF4, 0x00, 0xFE, 0x00, 0x3F,
    0xFF, 0xFF, 0xE0, 0x03, 0xF4, 0x00, 0xFE, 0x00, 0x3F, 0x40, 0x0F, 0xE0, 0x03, 0xF4, 0x00, 0xFE,
    0x00, 0x3F, 0x40, 0x0F, 0xE0, 0x03, 0xF4, 0x00, 0xFE, 0x00, 0x3F, 0x40, 0x0F, 0xE0, 0x3F, 0xFF,
    0x40, 0xFE, 0x00, 0x00, 0x00, 0x0F, 0xE0, 0x00, 0x00, 0x00, 0xFD, 0x00, 0x00, 0x7C, 0x0F, 0xD0,
    0x00, 0x0F, 0xD0, 0xFC, 0x00, 0x00, 0xBC, 0x2F, 0x40, 0x00, 0x01, 0xFF, 0x80, 0x00, 0x00, 0x00,
    0x00, 0x00, 0x00, 0x00, 0x3F, 0xFF, 0xFE, 0x07, 0xFF, 0xFF, 0xC0, 0x2F, 0xD0, 0x00, 0x07, 0xFC,
    0x00, 0x0B, 0xF4, 0x00, 0x01, 0xFF, 0x00, 0x02, 0xFD, 0x00, 0x00, 0x7F, 0xC0, 0x00, 0xBF, 0x40,
    0x00, 0x1F, 0xF0, 0x00, 0x2F, 0xD0, 0x00, 0x07, 0xFC, 0x00, 0x0B, 0xF4, 0x00, 0x01, 0xFF, 0x00,
    0x02, 0xFD, 0x00, 0x00, 0x7F, 0xC0, 0x00, 0xBF, 0x40, 0x00, 0x1F, 0xF0, 0x00, 0x2F, 0xFF, 0xFF,
    0xFF, 0xFC, 0x00, 0x0B, 0xF4, 0x00, 0x01, 0xFF, 0x00, 0x02, 0xFD, 0x00, 0x00, 0x7F, 0xC0, 0x00,
    0xBF, 0x40, 0x00, 0x1F, 0xF0, 0x00, 0x2F, 0xD0, 0x00, 0x07, 0xFC, 0x00, 0x0B, 0xF4, 0x00, 0x01,
    0xFF, 0x00, 0x02, 0xFD, 0x00, 0x00, 0x7F, 0xC0, 0x00, 0xBF, 0x40, 0x00, 0x1F, 0xF0, 0x00, 0x2F,
    0xD0, 0x00, 0x07, 0xFC, 0x00, 0x0B, 0xF4, 0x00, 0x01, 0xFF, 0x00, 0xFF, 0xFF, 0xF8, 0x1F, 0xFF,
    0xFF, 0x00, 0x00, 0x00, 0x00, 0x00, 0x0F, 0x80, 0x00, 0x00, 0x00, 0x00, 0x0B, 0xC0, 0x00, 0x00,
    0x00, 0x00, 0x03, 0xD0, 0x00, 0x00, 0x00, 0x00, 0x02, 0xF0, 0x00, 0x00, 0x00, 0x00, 0x00, 0xF4,
    0x00, 0x00, 0x00, 0x00, 0x00, 0x68, 0x00, 0x3F, 0xFF, 0x4F, 0xFF, 0xE0, 0x3F, 0x40, 0x0F, 0xE0,
    0x03, 0xF4, 0x00, 0xFE, 0x00, 0x3F, 0x40, 0x0F, 0xE0, 0x03, 0xF4, 0x00, 0xFE, 0x00, 0x3F, 0xFF,
    0xFF, 0xE0, 0x03, 0xF4, 0x00, 0xFE, 0x00, 0x3F, 0x40, 0x0F, 0xE0, 0x03, 0xF4, 0x00, 0xFE, 0x00,
    0x3F, 0x40, 0x0F, 0xE0, 0x03, 0xF4, 0x00, 0xFE, 0x00, 0x3F, 0x40, 0x0F, 0xE0, 0x3F, 0xFF, 0x4F,
    0xFF, 0xE0, 0x00, 0x00, 0x00, 0x7C, 0x00, 0x00, 0x00, 0x0F, 0x80, 0x00, 0x00, 0x01, 0xF0, 0x00,
    0x00, 0x00, 0x3E, 0x00, 0xFF, 0xFF, 0xF8, 0x1F, 0xFF, 0xFF, 0x02, 0xFD, 0x00, 0x00, 0x7F, 0xC0,
    0x02, 0xFD, 0x00, 0x00, 0x7F, 0xC0, 0x02, 0xFD, 0x00, 0x00, 0x7F, 0xC0, 0x02, 0xFD, 0x00, 0x00,
    0x7F, 0xC0, 0x02, 0xFD, 0x00, 0x00, 0x7F, 0xC0, 0x02, 0xFD, 0x00, 0x00, 0x7F, 0xC0, 0x02, 0xFD,
    0x00, 0x00, 0x7F, 0xC0, 0x01, 0xFE, 0x00, 0x00, 0x7F, 0xC0, 0x00, 0xBF, 0x00, 0x00, 0xBF, 0xC0,
    0x00, 0x2F, 0x80, 0x1B, 0xFF, 0xC0, 0x00, 0x02, 0xFF, 0xE9, 0x7F, 0xC0, 0x00, 0x00, 0x00, 0x00,
    0x7F, 0xC0, 0x00, 0x00, 0x00, 0x00, 0x7F, 0xC0, 0x00, 0x00, 0x00, 0x00, 0x7F, 0xC0, 0x00, 0x00,
    0x00, 0x00, 0x7F, 0xC0, 0x00, 0x00, 0x00, 0x00, 0x7F, 0xC0, 0x00, 0x00, 0x00, 0x00, 0x7F, 0xC0,
    0x00, 0x00, 0x00, 0x00, 0x7F, 0xC0, 0x00, 0x00, 0x00, 0x3F, 0xFF, 0xFF, 0x00, 0x00, 0x00, 0x3F,
    0x80, 0x00, 0x00, 0x00, 0x00, 0x3C, 0x00, 0x00, 0x00, 0x00, 0x00, 0x38, 0x00, 0x00, 0x00, 0x00,
    0x00, 0x70, 0x00, 0x00, 0x00, 0x00, 0x00, 0x70, 0x00, 0x00, 0x00, 0x00, 0x00, 0xB0, 0x00, 0x00,
    0x3F, 0xFF, 0x4F, 0xFF, 0xE0, 0x3F, 0x40, 0x0F, 0xE0, 0x03, 0xF4, 0x00, 0xFE, 0x00, 0x3F, 0x40,
    0x0F, 0xE0, 0x03, 0xF4, 0x00, 0xFE, 0x00, 0x1F, 0xC0, 0x6F, 0xE0, 0x00, 0x6F, 0xF9, 0xFE, 0x00,
    0x00, 0x00, 0x0F, 0xE0, 0x00, 0x00, 0x00, 0xFE, 0x00, 0x00, 0x00, 0x0F, 0xE0, 0x00, 0x00, 0x00,
    0xFE, 0x00, 0x00, 0x00, 0x0F, 0xE0, 0x00, 0x00, 0x0F, 0xFF, 0xE0, 0x00, 0x01, 0xF4, 0x00, 0x00,
    0x00, 0x1D, 0x00, 0x00, 0x00, 0x01, 0xC0, 0x00, 0x00, 0x00, 0x2C, 0x00, 0x00, 0xFF, 0xFE, 0x00,
    0x00, 0x00, 0x0F, 0xFF, 0xD0, 0x2F, 0xF0, 0x00, 0x00, 0x02, 0xFF, 0x40, 0x02, 0xEF, 0x80, 0x00,
    0x00, 0x37, 0xF4, 0x00, 0x2C, 0xFC, 0x00, 0x00, 0x06, 0x7F, 0x40, 0x02, 0xCF, 0xE0, 0x00, 0x00,
    0xC7, 0xF4, 0x00, 0x2C, 0x7F, 0x00, 0x00, 0x18, 0x7F, 0x40, 0x02, 0xC3, 0xF4, 0x00, 0x03, 0x47,
    0xF4, 0x00, 0x2C, 0x1F, 0xC0, 0x00, 0x30, 0x7F, 0x40, 0x02, 0xC0, 0xFD, 0x00, 0x09, 0x07, 0xF4,
    0x00, 0x2C, 0x0B, 0xE0, 0x00, 0xC0, 0x7F, 0x40, 0x02, 0xC0, 0x3F, 0x00, 0x24, 0x07, 0xF4, 0x00,
    0x2C, 0x02, 0xF8, 0x03, 0x00, 0x7F, 0x40, 0x02, 0xC0, 0x1F, 0xC0, 0x60, 0x07, 0xF4, 0x00, 0x2C,
    0x00, 0xFE, 0x0C, 0x00, 0x7F, 0x40, 0x02, 0xC0, 0x07, 0xF1, 0x80, 0x07, 0xF4, 0x00, 0x2C, 0x00,
    0x3F, 0x74, 0x00, 0x7F, 0x40, 0x02, 0xC0, 0x02, 0xFF, 0x00, 0x07, 0xF4, 0x00, 0x2C, 0x00, 0x0F,
    0xD0, 0x00, 0x7F, 0x40, 0x03, 0xC0, 0x00, 0xBC, 0x00, 0x07, 0xF4, 0x0F, 0xFF, 0xF0, 0x03, 0x40,
    0x1F, 0xFF, 0xFE, 0x00, 0x00, 0x00, 0x00, 0x00, 0x00, 0x0B, 0xC0, 0x00, 0x00, 0x00, 0x00, 0x00,
    0x00, 0xF4, 0x00, 0x00, 0x00, 0x00, 0x00, 0x00, 0x2F, 0x00, 0x00, 0x00, 0x00, 0x00, 0x00, 0x03,
    0xD0, 0x00, 0x00, 0x00, 0x00, 0x00, 0x00, 0xBC, 0x00, 0x00, 0x00, 0x00, 0x00, 0x00, 0x0A, 0x40,
    0xFF, 0xF0, 0x00, 0x0B, 0xFF, 0x03, 0xFD, 0x00, 0x03, 0xFC, 0x00, 0xFF, 0xC0, 0x01, 0xBF, 0x00,
    0x3D, 0xF4, 0x00, 0xCF, 0xC0, 0x0F, 0x3F, 0x00, 0x63, 0xF0, 0x03, 0xCB, 0xD0, 0x30, 0xFC, 0x00,
    0xF0, 0xF8, 0x1C, 0x3F, 0x00, 0x3C, 0x2F, 0x09, 0x0F, 0xC0, 0x0F, 0x03, 0xE3, 0x03, 0xF0, 0x03,
    0xC0, 0xFE, 0x40, 0xFC, 0x00, 0xF0, 0x1F, 0xC0, 0x3F, 0x00, 0x3C, 0x03, 0xE0, 0x0F, 0xC0, 0xFF,
    0xE0, 0x70, 0x3F, 0xFF, 0x00, 0x00, 0x00, 0x00, 0x0F, 0x80, 0x00, 0x00, 0x00, 0x07, 0xC0, 0x00,
    0x00, 0x00, 0x03, 0xE0, 0x00, 0x00, 0x00, 0x01, 0xF0, 0x00, 0x00, 0x0A, 0x00, 0x01, 0x80, 0x00,
    0x00, 0x0C, 0x00, 0x0D, 0x00, 0x00, 0x00, 0x1D, 0x01, 0xE0, 0x00, 0x00, 0x00, 0x0B, 0xF9, 0x00,
    0x00, 0x00, 0x00, 0x00, 0x00, 0x00, 0x00, 0x00, 0x00, 0x00, 0x00, 0x00, 0x00, 0x00, 0x00, 0x78,
    0x00, 0x00, 0x00, 0x00, 0x03, 0xF0, 0x00, 0x00, 0x00, 0x00, 0x1F, 0xD0, 0x00, 0x00, 0x00, 0x00,
    0xBF, 0xC0, 0x00, 0x00, 0x00, 0x03, 0xFF, 0x40, 0x00, 0x00, 0x00, 0x1E, 0xFE, 0x00, 0x00, 0x00,
    0x00, 0xE3, 0xFC, 0x00, 0x00, 0x00, 0x07, 0x4B, 0xF4, 0x00, 0x00, 0x00, 0x2C, 0x1F, 0xF0, 0x00,
    0x00, 0x00, 0xD0, 0x3F, 0xD0, 0x00, 0x00, 0x0B, 0x00, 0x7F, 0x80, 0x00, 0x00, 0x38, 0x00, 0xFF,
    0x00, 0x00, 0x01, 0xC0, 0x02, 0xFE, 0x00, 0x00, 0x0F, 0xFF, 0xFF, 0xFC, 0x00, 0x00, 0x30, 0x00,
    0x0B, 0xF4, 0x00, 0x02, 0xC0, 0x00, 0x1F, 0xE0, 0x00, 0x0E, 0x00, 0x00, 0x3F, 0xC0, 0x00, 0x70,
    0x00, 0x00, 0xBF, 0x80, 0x03, 0xC0, 0x00, 0x01, 0xFF, 0x03, 0xFF, 0xF4, 0x00, 0xFF, 0xFF, 0xF0,
    0x03, 0x40, 0x00, 0x90, 0x00, 0x60, 0x00, 0x30, 0x00, 0x0A, 0x40, 0x74, 0x00, 0x00, 0x6F, 0xE0,
    0x00, 0x00, 0x00, 0x00, 0x00, 0x00, 0x6F, 0xFE, 0x00, 0x00, 0xBD, 0x03, 0xF4, 0x00, 0x3F, 0x80,
    0x3F, 0x40, 0x07, 0xC0, 0x0B, 0xE0, 0x00, 0x00, 0x02, 0xF8, 0x00, 0x01, 0xAF, 0xFE, 0x00, 0x0B,
    0xF8, 0x2F, 0x80, 0x0F, 0xE0, 0x0B, 0xE0, 0x0B, 0xE0, 0x02, 0xF8, 0x03, 0xF4, 0x00, 0xFE, 0x00,
    0xFD, 0x00, 0x3F, 0x80, 0x1F, 0xD0, 0x7B, 0xF0, 0x00, 0xBF, 0xE4, 0x7F, 0xC0, 0x00, 0x03, 0xE0,
    0x1F, 0x00, 0x00, 0x00, 0x2F, 0xD0, 0xFF, 0x00, 0x00, 0x00, 0xFF, 0x87, 0xFC, 0x00, 0x00, 0x02,
    0xFD, 0x0F, 0xF0, 0x00, 0x00, 0x03, 0xE0, 0x1F, 0x00, 0x00, 0x00, 0x00, 0x00, 0x00, 0x00, 0x00,
    0x00, 0x00, 0x78, 0x00, 0x00, 0x00, 0x00, 0x03, 0xF0, 0x00, 0x00, 0x00, 0x00, 0x1F, 0xD0, 0x00,
    0x00, 0x00, 0x00, 0xBF, 0xC0, 0x00, 0x00, 0x00, 0x03, 0xFF, 0x40, 0x00, 0x00, 0x00, 0x1E, 0xFE,
    0x00, 0x00, 0x00, 0x00, 0xE3, 0xFC, 0x00, 0x00, 0x00, 0x07, 0x4B, 0xF4, 0x00, 0x00, 0x00, 0x2C,
    0x1F, 0xF0, 0x00, 0x00, 0x00, 0xD0, 0x3F, 0xD0, 0x00, 0x00, 0x0B, 0x00, 0x7F, 0x80, 0x00, 0x00,
    0x38, 0x00, 0xFF, 0x00, 0x00, 0x01, 0xC0, 0x02, 0xFE, 0x00, 0x00, 0x0F, 0xFF, 0xFF, 0xFC, 0x00,
    0x00, 0x30, 0x00, 0x0B, 0xF4, 0x00, 0x02, 0xC0, 0x00, 0x1F, 0xE0, 0x00, 0x0E, 0x00, 0x00, 0x3F,
    0xC0, 0x00, 0x70, 0x00, 0x00, 0xBF, 0x80, 0x03, 0xC0, 0x00, 0x01, 0xFF, 0x03, 0xFF, 0xF4, 0x00,
    0xFF, 0xFF, 0xF0, 0x01, 0xF4, 0x0B, 0x80, 0x00, 0xFF, 0x07, 0xF8, 0x00, 0x3F, 0xD2, 0xFF, 0x00,
    0x0F, 0xF0, 0x7F, 0x80, 0x01, 0xF4, 0x0B, 0x80, 0x00, 0x00, 0x00, 0x00, 0x00, 0x00, 0x00, 0x00,
    0x00, 0x06, 0xFF, 0xE0, 0x00, 0x0B, 0xD0, 0x3F, 0x40, 0x03, 0xF8, 0x03, 0xF4, 0x00, 0x7C, 0x00,
    0xBE, 0x00, 0x00, 0x00, 0x2F, 0x80, 0x00, 0x1A, 0xFF, 0xE0, 0x00, 0xBF, 0x82, 0xF8, 0x00, 0xFE,
    0x00, 0xBE, 0x00, 0xBE, 0x00, 0x2F, 0x80, 0x3F, 0x40, 0x0F, 0xE0, 0x0F, 0xD0, 0x03, 0xF8, 0x01,
    0xFD, 0x07, 0xBF, 0x00, 0x0B, 0xFE, 0x47, 0xFC, 0x00, 0x00, 0xFF, 0xFF, 0xFF, 0xFF, 0xF4, 0x00,
    0x00, 0x03, 0x8F, 0xF0, 0x01, 0xBE, 0x00, 0x00, 0x01, 0xD3, 0xFC, 0x00, 0x07, 0x80, 0x00, 0x00,
    0xF0, 0xFF, 0x00, 0x00, 0xF0, 0x00, 0x00, 0x38, 0x3F, 0xC0, 0x00, 0x1C, 0x00, 0x00, 0x2C, 0x0F,
    0xF0, 0x00, 0x07, 0x00, 0x00, 0x0F, 0x03, 0xFC, 0x00, 0x00, 0xC0, 0x00, 0x07, 0x40, 0xFF, 0x00,
    0x70, 0x00, 0x00, 0x03, 0xC0, 0x3F, 0xC0, 0x2C, 0x00, 0x00, 0x00, 0xE0, 0x0F, 0xF0, 0x6F, 0x00,
    0x00, 0x00, 0xBF, 0xFF, 0xFF, 0xFF, 0xC0, 0x00, 0x00, 0x38, 0x00, 0xFF, 0x01, 0xF0, 0x00, 0x00,
    0x1C, 0x00, 0x3F, 0xC0, 0x2C, 0x00, 0x00, 0x0F, 0x00, 0x0F, 0xF0, 0x07, 0x01, 0xC0, 0x03, 0x40,
    0x03, 0xFC, 0x00, 0x00, 0x70, 0x02, 0xC0, 0x00, 0xFF, 0x00, 0x00, 0x3C, 0x00, 0xE0, 0x00, 0x3F,
    0xC0, 0x00, 0x0E, 0x00, 0x74, 0x00, 0x0F, 0xF0, 0x00, 0x0F, 0x40, 0x3C, 0x00, 0x03, 0xFC, 0x00,
    0x1F, 0xC3, 0xFF, 0xF4, 0x1F, 0xFF, 0xFF, 0xFF, 0xF0, 0x06, 0xFF, 0xE0, 0x2F, 0xF8, 0x00, 0xBD,
    0x07, 0xFB, 0xE0, 0x7D, 0x03, 0xF8, 0x03, 0xFE, 0x00, 0x7C, 0x07, 0xC0, 0x0F, 0xF0, 0x00, 0xF8,
    0x00, 0x00, 0x2F, 0xC0, 0x03, 0xF0, 0x00, 0x00, 0xBE, 0x00, 0x0B, 0xC0, 0x06, 0xBF, 0xFF, 0xFF,
    0xFF, 0x03, 0xFD, 0x4B, 0xE0, 0x00, 0x00, 0x7F, 0x40, 0x1F, 0xC0, 0x00, 0x03, 0xF8, 0x00, 0x3F,
    0x00, 0x01, 0xCF, 0xE0, 0x01, 0xFE, 0x00, 0x0E, 0x1F, 0xD0, 0x2F, 0x7F, 0x41, 0xF0, 0x0B, 0xFF,
    0x90, 0x1B, 0xFD, 0x00, 0x00, 0x30, 0x00, 0x0D, 0x00, 0x00, 0x28, 0x00, 0x0C, 0x00, 0x00, 0x0E,
    0x00, 0x74, 0x00, 0x00, 0x01, 0xFF, 0x80, 0x00, 0x00, 0x00, 0x00, 0x00, 0x00, 0x00, 0x00, 0x00,
    0x00, 0x00, 0xFF, 0xFF, 0xFF, 0xFF, 0xF0, 0x02, 0xFD, 0x00, 0x07, 0xF4, 0x02, 0xFD, 0x00, 0x00,
    0xF4, 0x02, 0xFD, 0x00, 0x00, 0x38, 0x02, 0xFD, 0x00, 0x00, 0x38, 0x02, 0xFD, 0x00, 0x00, 0x2C,
    0x02, 0xFD, 0x00, 0xD0, 0x1C, 0x02, 0xFD, 0x00, 0xD0, 0x00, 0x02, 0xFD, 0x03, 0xD0, 0x00, 0x02,
    0xFF, 0xFF, 0xD0, 0x00, 0x02, 0xFD, 0x02, 0xD0, 0x00, 0x02, 0xFD, 0x00, 0xD0, 0x00, 0x02, 0xFD,
    0x00, 0xD0, 0x00, 0x02, 0xFD, 0x00, 0x00, 0x0B, 0x02, 0xFD, 0x00, 0x00, 0x0E, 0x02, 0xFD, 0x00,
    0x00, 0x0D, 0x02, 0xFD, 0x00, 0x00, 0x2D, 0x02, 0xFD, 0x00, 0x00, 0x3C, 0x02, 0xFD, 0x00, 0x06,
    0xFC, 0xFF, 0xFF, 0xFF, 0xFF, 0xF8, 0x06, 0x00, 0x01, 0x80, 0x0C, 0x00, 0x0D, 0x00, 0x1D, 0x01,
    0xE0, 0x00, 0x0B, 0xF9, 0x00, 0x00, 0x00, 0x00, 0x00, 0x00, 0xBF, 0xE0, 0x00, 0x2F, 0x41, 0xF8,
    0x02, 0xF4, 0x01, 0xF4, 0x1F, 0xC0, 0x03, 0xF0, 0xBF, 0x00, 0x0B, 0xC3, 0xF8, 0x00, 0x1F, 0x4F,
    0xFF, 0xFF, 0xFD, 0x3F, 0x80, 0x00, 0x00, 0xFF, 0x00, 0x00, 0x01, 0xFC, 0x00, 0x03, 0x02, 0xF8,
    0x00, 0x2C, 0x02, 0xF8, 0x07, 0xC0, 0x00, 0xBF, 0xF4, 0x00, 0x00, 0x00, 0x00, 0x00, 0x00, 0x00,
    0xD0, 0x6F, 0xFE, 0x40, 0x00, 0x0F, 0xFE, 0x00, 0x6F, 0x80, 0x00, 0xFE, 0x00, 0x00, 0x7F, 0x40,
    0x0F, 0x80, 0x00, 0x01, 0xFC, 0x00, 0xF0, 0x00, 0x00, 0x0F, 0xF0, 0x0E, 0x00, 0x00, 0x00, 0x7F,
    0x80, 0x80, 0x00, 0x00, 0x03, 0xFC, 0x00, 0x00, 0x00, 0x00, 0x3F, 0xD0, 0x00, 0x00, 0x00, 0x03,
    0xFD, 0x00, 0x00, 0x00, 0x00, 0x3F, 0xE3, 0xFF, 0xFF, 0xFF, 0xFF, 0xFE, 0x3F, 0xC0, 0x00, 0x00,
    0x3F, 0xE3, 0xFC, 0x00, 0x00, 0x03, 0xFD, 0x3F, 0xC0, 0x00, 0x00, 0x3F, 0xC1, 0xFD, 0x00, 0x00,
    0x07, 0xF8, 0x0F, 0xE0, 0x00, 0x00, 0xBF, 0x00, 0x7F, 0x00, 0x00, 0x0F, 0xD0, 0x02, 0xFC, 0x00,
    0x03, 0xF4, 0x00, 0x07, 0xF8, 0x02, 0xFD, 0x00, 0x00, 0x06, 0xFF, 0xF8, 0x00, 0x00, 0x0D, 0xBF,
    0xE4, 0x00, 0x7E, 0x41, 0xF8, 0x01, 0xD0, 0x00, 0xFC, 0x06, 0x00, 0x02, 0xF8, 0x00, 0x00, 0x0B,
    0xF0, 0x00, 0x00, 0x1F, 0xC0, 0x00, 0x00, 0x7F, 0x4F, 0xFF, 0xFF, 0xFD, 0x3E, 0x00, 0x07, 0xF0,
    0xFC, 0x00, 0x2F, 0x81, 0xF4, 0x00, 0xFC, 0x02, 0xF4, 0x1F, 0xC0, 0x00, 0xBF, 0xE4, 0x00, 0x00,
    0x01, 0xF0, 0x0F, 0x40, 0x00, 0x00, 0x0F, 0xF0, 0xFF, 0x40, 0x00, 0x00, 0x7F, 0xC3, 0xFD, 0x00,
    0x00, 0x00, 0xFF, 0x0F, 0xF4, 0x00, 0x00, 0x01, 0xF0, 0x0F, 0x80, 0x00, 0x00, 0x00, 0x00, 0x00,
    0x00, 0x00, 0xD0, 0x6F, 0xFF, 0x90, 0x00, 0x03, 0xFF, 0x90, 0x07, 0xF8, 0x00, 0x0F, 0xE0, 0x00,
    0x01, 0xFC, 0x00, 0x3E, 0x00, 0x00, 0x01, 0xFC, 0x00, 0xF0, 0x00, 0x00, 0x03, 0xFC, 0x03, 0x80,
    0x00, 0x00, 0x07, 0xF8, 0x04, 0x00, 0x00, 0x00, 0x0F, 0xF0, 0x00, 0x00, 0x00, 0x00, 0x3F, 0xD0,
    0x00, 0x00, 0x00, 0x00, 0xFF, 0x40, 0x00, 0x00, 0x00, 0x03, 0xFE, 0x3F, 0xFF, 0xFF, 0xFF, 0xFF,
    0xF8, 0xFF, 0x00, 0x00, 0x00, 0x3F, 0xE3, 0xFC, 0x00, 0x00, 0x00, 0xFF, 0x4F, 0xF0, 0x00, 0x00,
    0x03, 0xFC, 0x1F, 0xD0, 0x00, 0x00, 0x1F, 0xE0, 0x3F, 0xC0, 0x00, 0x00, 0xBF, 0x00, 0x7F, 0x40,
    0x00, 0x07, 0xF4, 0x00, 0x7F, 0x00, 0x00, 0x7F, 0x40, 0x00, 0x3F, 0x90, 0x1B, 0xE0, 0x00, 0x00,
    0x0A, 0xFF, 0xE4, 0x00, 0x00, 0x02, 0xE0, 0x1F, 0x00, 0x2F, 0xD0, 0xFF, 0x00, 0xFF, 0x87, 0xFC,
    0x02, 0xFD, 0x0F, 0xF0, 0x03, 0xE0, 0x1F, 0x00, 0x00, 0x00, 0x00, 0x00, 0x00, 0x00, 0x00, 0x03,
    0x6F, 0xF9, 0x00, 0x1F, 0x90, 0x7E, 0x00, 0x74, 0x00, 0x3F, 0x01, 0x80, 0x00, 0xBE, 0x00, 0x00,
    0x02, 0xFC, 0x00, 0x00, 0x07, 0xF0, 0x00, 0x00, 0x1F, 0xD3, 0xFF, 0xFF, 0xFF, 0x4F, 0x80, 0x01,
    0xFC, 0x3F, 0x00, 0x0B, 0xE0, 0x7D, 0x00, 0x3F, 0x00, 0xBD, 0x07, 0xF0, 0x00, 0x2F, 0xF9, 0x00,
    0x00, 0x00, 0x00, 0x0B, 0x80, 0x7D, 0x00, 0x00, 0x00, 0x00, 0x00, 0x00, 0x01, 0xFE, 0x0F, 0xF0,
    0x00, 0x00, 0x00, 0x00, 0x00, 0x00, 0x2F, 0xF0, 0xFF, 0x40, 0x00, 0x00, 0x00, 0x00, 0x00, 0x01,
    0xFE, 0x0F, 0xF0, 0x00, 0x00, 0x00, 0x00, 0x00, 0x00, 0x0B, 0x80, 0x7D, 0x00, 0x00, 0x00, 0x00,
    0x00, 0x00, 0x00, 0x00, 0x00, 0x00, 0x00, 0x00, 0x00, 0x3F, 0xFF, 0x00, 0x1F, 0xFF, 0xFF, 0x00,
    0x1F, 0xFF, 0x80, 0x0F, 0x40, 0x00, 0x07, 0xFC, 0x00, 0x00, 0x3E, 0x00, 0x00, 0x3D, 0x00, 0x00,
    0x7F, 0xC0, 0x00, 0x0B, 0x40, 0x00, 0x00, 0xB4, 0x00, 0x07, 0xFC, 0x00, 0x03, 0xD0, 0x00, 0x00,
    0x02, 0xE0, 0x00, 0x7F, 0xC0, 0x00, 0xF0, 0x00, 0x00, 0x00, 0x07, 0x80, 0x07, 0xFC, 0x00, 0x7C,
    0x00, 0x00, 0x00, 0x00, 0x1F, 0x00, 0x7F, 0xC0, 0x1F, 0x00, 0x00, 0x00, 0x00, 0x00, 0x3C, 0x07,
    0xFC, 0x07, 0xC0, 0x00, 0x00, 0x00, 0x00, 0x0B, 0xF0, 0x7F, 0xC2, 0xFC, 0x00, 0x00, 0x00, 0x00,
    0x01, 0xFF, 0xD7, 0xFC, 0xBF, 0xF0, 0x00, 0x00, 0x00, 0x00, 0x3F, 0xEB, 0xBF, 0xFD, 0xFF, 0x80,
    0x00, 0x00, 0x00, 0x0F, 0xFC, 0x2F, 0xFF, 0x03, 0xFD, 0x00, 0x00, 0x00, 0x02, 0xFF, 0x00, 0xBF,
    0xC0, 0x2F, 0xF0, 0x00, 0x00, 0x00, 0x3F, 0xD0, 0x07, 0xFC, 0x00, 0xFF, 0xC0, 0x00, 0x00, 0x0F,
    0xF8, 0x00, 0x7F, 0xC0, 0x03, 0xFE, 0x00, 0x00, 0x02, 0xFF, 0x00, 0x07, 0xFC, 0x00, 0x1F, 0xF4,
    0x00, 0x00, 0x7F, 0xC0, 0x00, 0x7F, 0xC0, 0x00, 0xBF, 0xC0, 0x00, 0x0F, 0xF4, 0x00, 0x07, 0xFC,
    0x00, 0x03, 0xFE, 0x00, 0x03, 0xFF, 0x00, 0x00, 0x7F, 0xC0, 0x00, 0x1F, 0xF8, 0x0B, 0xFF, 0xFE,
    0x01, 0xFF, 0xFF, 0xF0, 0x0F, 0xFF, 0xFC, 0x00, 0x00, 0x2E, 0x01, 0xF4, 0x00, 0x00, 0x00, 0x00,
    0x7F, 0x83, 0xFC, 0x00, 0x00, 0x00, 0x00, 0xBF, 0xC3, 0xFC, 0x00, 0x00, 0x00, 0x00, 0x7F, 0x83,
    0xFC, 0x00, 0x00, 0x00, 0x00, 0x2E, 0x01, 0xF4, 0x00, 0x00, 0x00, 0x00, 0x00, 0x00, 0x00, 0x00,
    0x00, 0x00, 0x00, 0x00, 0x00, 0x00, 0x00, 0x00, 0x2F, 0xF8, 0x0F, 0xFF, 0xD0, 0x3F, 0xF4, 0x02,
    0xF4, 0x00, 0xFD, 0x00, 0x1F, 0x40, 0x00, 0x3D, 0x00, 0xFD, 0x00, 0xB8, 0x00, 0x00, 0x0B, 0x80,
    0xFD, 0x03, 0xD0, 0x00, 0x00, 0x01, 0xF0, 0xFD, 0x1F, 0x00, 0x00, 0x00, 0x01, 0xFD, 0xFD, 0xBF,
    0x00, 0x00, 0x00, 0x03, 0xFF, 0xFF, 0xFF, 0xC0, 0x00, 0x00, 0x0F, 0xE1, 0xFF, 0x0F, 0xF0, 0x00,
    0x00, 0x3F, 0xC0, 0xFD, 0x03, 0xF8, 0x00, 0x00, 0xBF, 0x00, 0xFD, 0x01, 0xFE, 0x00, 0x02, 0xFC,
    0x00, 0xFD, 0x00, 0x7F, 0x40, 0x0B, 0xF8, 0x00, 0xFD, 0x00, 0x3F, 0xD0, 0x7F, 0xFC, 0x0F, 0xFF,
    0xD0, 0x7F, 0xFC, 0x00, 0x7D, 0x02, 0xE0, 0x00, 0x0F, 0xF0, 0xBF, 0x40, 0x01, 0xFF, 0x0F, 0xF8,
    0x00, 0x0F, 0xF0, 0xBF, 0x40, 0x00, 0x7D, 0x02, 0xE0, 0x00, 0x00, 0x00, 0x00, 0x00, 0x39, 0x6F,
    0xFF, 0x90, 0x03, 0xFE, 0x40, 0x7F, 0xC0, 0x3F, 0x00, 0x00, 0xFF, 0x03, 0xD0, 0x00, 0x07, 0xF8,
    0x3C, 0x00, 0x00, 0x3F, 0xC3, 0x80, 0x00, 0x03, 0xFC, 0x00, 0x00, 0x00, 0x7F, 0x80, 0x00, 0x00,
    0x0F, 0xF0, 0x00, 0x00, 0x07, 0xF8, 0x00, 0x01, 0xFF, 0xF8, 0x00, 0x00, 0x00, 0x06, 0xFC, 0x00,
    0x00, 0x00, 0x07, 0xF8, 0x00, 0x00, 0x00, 0x3F, 0xD0, 0x00, 0x00, 0x01, 0xFF, 0x30, 0x00, 0x00,
    0x1F, 0xF3, 0x40, 0x00, 0x01, 0xFF, 0x38, 0x00, 0x00, 0x3F, 0xD1, 0xD0, 0x00, 0x07, 0xF8, 0x07,
    0xD0, 0x06, 0xFD, 0x00, 0x06, 0xFF, 0xF9, 0x00, 0x03, 0xD0, 0x2E, 0x00, 0xFF, 0x07, 0xF8, 0x0F,
    0xF4, 0xBF, 0xC0, 0xFF, 0x07, 0xF8, 0x03, 0xD0, 0x2E, 0x00, 0x00, 0x00, 0x00, 0x00, 0x00, 0x00,
    0x03, 0xAF, 0xFF, 0x90, 0x3E, 0x40, 0x7F, 0x83, 0x80, 0x00, 0xFC, 0x20, 0x00, 0x1F, 0xC0, 0x00,
    0x07, 0xF4, 0x00, 0x3F, 0xF8, 0x00, 0x00, 0x07, 0xF4, 0x00, 0x00, 0x1F, 0xC0, 0x00, 0x00, 0xFE,
    0x00, 0x00, 0x0F, 0xE3, 0x00, 0x01, 0xFD, 0x3D, 0x00, 0x7F, 0x40, 0x6F, 0xFF, 0x80, 0x3F, 0xFF,
    0xFF, 0xFF, 0x0F, 0xFF, 0xFF, 0xFF, 0xC3, 0xFF, 0xFF, 0xFF, 0xF0, 0xFD, 0x00, 0x00, 0xB8, 0x7C,
    0x00, 0x00, 0xF0, 0x1C, 0x00, 0x02, 0xE0, 0x0B, 0x00, 0x03, 0xD0, 0x00, 0x00, 0x0B, 0x80, 0x00,
    0x00, 0x0F, 0xD4, 0x00, 0x00, 0x0F, 0xFF, 0xF4, 0x00, 0x00, 0x00, 0xBF, 0x40, 0x00, 0x00, 0x0B,
    0xF4, 0x00, 0x00, 0x01, 0xFF, 0x00, 0x00, 0x00, 0x7F, 0xC2, 0xF0, 0x00, 0x1F, 0xF1, 0xFE, 0x00,
    0x07, 0xFC, 0xBF, 0xC0, 0x02, 0xFE, 0x1F, 0xD0, 0x00, 0xFF, 0x03, 0xF0, 0x01, 0xFE, 0x00, 0x1B,
    0xFF, 0xE4, 0x00, 0x7F, 0xFF, 0xFF, 0x5F, 0x40, 0x03, 0xC7, 0x40, 0x03, 0xC2, 0xC0, 0x03, 0xC0,
    0xB0, 0x03, 0xC0, 0x00, 0x03, 0xC0, 0x00, 0x03, 0xC0, 0x00, 0x03, 0xFE, 0x40, 0x01, 0xEB, 0xF8,
    0x00, 0x00, 0x3F, 0x40, 0x00, 0x0B, 0xF0, 0x00, 0x01, 0xFC, 0x00, 0x00, 0x7F, 0x40, 0x00, 0x1F,
    0xD3, 0xD0, 0x07, 0xF2, 0xF8, 0x02, 0xFC, 0x7C, 0x00, 0xFD, 0x0B, 0x40, 0xBD, 0x00, 0x6F, 0xF8,
    0x00, 0x00, 0x0B, 0xFF, 0xFF, 0xE0, 0x00, 0x00, 0x00, 0x00, 0x00, 0x00, 0x00, 0x00, 0x00, 0x00,
    0x00, 0x00, 0x00, 0x00, 0x00, 0x00, 0x00, 0x00, 0x00, 0x00, 0x00, 0x00, 0x00, 0x00, 0x00, 0xFF,
    0xFF, 0xF8, 0x1F, 0xFF, 0xFF, 0x02, 0xFD, 0x00, 0x00, 0xBF, 0xC0, 0x02, 0xFD, 0x00, 0x00, 0xFF,
    0xC0, 0x02, 0xFD, 0x00, 0x03, 0xFF, 0xC0, 0x02, 0xFD, 0x00, 0x07, 0xBF, 0xC0, 0x02, 0xFD, 0x00,
    0x0E, 0x7F, 0xC0, 0x02, 0xFD, 0x00, 0x2C, 0x7F, 0xC0, 0x02, 0xFD, 0x00, 0x74, 0x7F, 0xC0, 0x02,
    0xFD, 0x00, 0xF0, 0x7F, 0xC0, 0x02, 0xFD, 0x01, 0xC0, 0x7F, 0xC0, 0x02, 0xFD, 0x03, 0x80, 0x7F,
    0xC0, 0x02, 0xFD, 0x0B, 0x00, 0x7F, 0xC0, 0x02, 0xFD, 0x1D, 0x00, 0x7F, 0xC0, 0x02, 0xFD, 0x3C,
    0x00, 0x7F, 0xC0, 0x02, 0xFD, 0xB0, 0x00, 0x7F, 0xC0, 0x02, 0xFE, 0xE0, 0x00, 0x7F, 0xC0, 0x02,
    0xFF, 0xC0, 0x00, 0x7F, 0xC0, 0x02, 0xFF, 0x40, 0x00, 0x7F, 0xC0, 0x02, 0xFE, 0x00, 0x00, 0x7F,
    0xC0, 0xFF, 0xFF, 0xF8, 0x1F, 0xFF, 0xFF, 0x00, 0xFF, 0xFF, 0xF4, 0x00, 0x00, 0x00, 0x00, 0x00,
    0x00, 0x00, 0x00, 0x00, 0x00, 0x00, 0x00, 0x00, 0x00, 0x00, 0x00, 0x00, 0x00, 0x00, 0x00, 0x00,
    0x00, 0x00, 0x00, 0x00, 0x00, 0x00, 0x03, 0xFF, 0xF4, 0xFF, 0xFE, 0x03, 0xF4, 0x00, 0xFE, 0x00,
    0x3F, 0x40, 0x2F, 0xE0, 0x03, 0xF4, 0x07, 0xFE, 0x00, 0x3F, 0x40, 0xDF, 0xE0, 0x03, 0xF4, 0x28,
    0xFE, 0x00, 0x3F, 0x47, 0x0F, 0xE0, 0x03, 0xF4, 0xD0, 0xFE, 0x00, 0x3F, 0x78, 0x0F, 0xE0, 0x03,
    0xFF, 0x00, 0xFE, 0x00, 0x3F, 0xC0, 0x0F, 0xE0, 0x03, 0xF8, 0x00, 0xFE, 0x03, 0xFF, 0xF4, 0xFF,
    0xFE, 0x00, 0x01, 0xF0, 0x0F, 0x80, 0x00, 0x00, 0x03, 0xFC, 0x2F, 0xD0, 0x00, 0x00, 0x07, 0xFC,
    0x3F, 0xE0, 0x00, 0x00, 0x03, 0xFC, 0x2F, 0xD0, 0x00, 0x00, 0x01, 0xF0, 0x0F, 0x80, 0x00, 0x00,
    0x00, 0x00, 0x00, 0x00, 0x00, 0xFF, 0xFF, 0xF8, 0x1F, 0xFF, 0xFF, 0x02, 0xFD, 0x00, 0x00, 0xBF,
    0xC0, 0x02, 0xFD, 0x00, 0x00, 0xFF, 0xC0, 0x02, 0xFD, 0x00, 0x03, 0xFF, 0xC0, 0x02, 0xFD, 0x00,
    0x07, 0xBF, 0xC0, 0x02, 0xFD, 0x00, 0x0E, 0x7F, 0xC0, 0x02, 0xFD, 0x00, 0x2C, 0x7F, 0xC0, 0x02,
    0xFD, 0x00, 0x74, 0x7F, 0xC0, 0x02, 0xFD, 0x00, 0xF0, 0x7F, 0xC0, 0x02, 0xFD, 0x01, 0xC0, 0x7F,
    0xC0, 0x02, 0xFD, 0x03, 0x80, 0x7F, 0xC0, 0x02, 0xFD, 0x0B, 0x00, 0x7F, 0xC0, 0x02, 0xFD, 0x1D,
    0x00, 0x7F, 0xC0, 0x02, 0xFD, 0x3C, 0x00, 0x7F, 0xC0, 0x02, 0xFD, 0xB0, 0x00, 0x7F, 0xC0, 0x02,
    0xFE, 0xE0, 0x00, 0x7F, 0xC0, 0x02, 0xFF, 0xC0, 0x00, 0x7F, 0xC0, 0x02, 0xFF, 0x40, 0x00, 0x7F,
    0xC0, 0x02, 0xFE, 0x00, 0x00, 0x7F, 0xC0, 0xFF, 0xFF, 0xF8, 0x1F, 0xFF, 0xFF, 0x00, 0x7D, 0x02,
    0xE0, 0x00, 0x0F, 0xF0, 0xBF, 0x40, 0x00, 0xFF, 0x0B, 0xF8, 0x00, 0x0F, 0xF0, 0xBF, 0x80, 0x00,
    0x7D, 0x02, 0xE0, 0x00, 0x00, 0x00, 0x00, 0x00, 0x00, 0x00, 0x00, 0x00, 0x03, 0xFF, 0xF4, 0xFF,
    0xFE, 0x03, 0xF4, 0x00, 0xFE, 0x00, 0x3F, 0x40, 0x2F, 0xE0, 0x03, 0xF4, 0x07, 0xFE, 0x00, 0x3F,
    0x40, 0xDF, 0xE0, 0x03, 0xF4, 0x28, 0xFE, 0x00, 0x3F, 0x47, 0x0F, 0xE0, 0x03, 0xF4, 0xD0, 0xFE,
    0x00, 0x3F, 0x78, 0x0F, 0xE0, 0x03, 0xFF, 0x00, 0xFE, 0x00, 0x3F, 0xC0, 0x0F, 0xE0, 0x03, 0xF8,
    0x00, 0xFE, 0x03, 0xFF, 0xF4, 0xFF, 0xFE, 0x00, 0x03, 0xE0, 0x2F, 0x00, 0x00, 0x00, 0x3F, 0xD1,
    0xFF, 0x00, 0x00, 0x00, 0xFF, 0x47, 0xFC, 0x00, 0x00, 0x03, 0xFD, 0x1F, 0xE0, 0x00, 0x00, 0x03,
    0xE0, 0x2F, 0x00, 0x00, 0x00, 0x00, 0x00, 0x00, 0x00, 0x00, 0x00, 0x1B, 0xFF, 0x90, 0x00, 0x00,
    0x07, 0xF4, 0x07, 0xF8, 0x00, 0x00, 0xFE, 0x00, 0x02, 0xFC, 0x00, 0x0F, 0xE0, 0x00, 0x02, 0xFC,
    0x00, 0xBF, 0x00, 0x00, 0x03, 0xF8, 0x03, 0xFC, 0x00, 0x00, 0x0F, 0xF0, 0x2F, 0xE0, 0x00, 0x00,
    0x2F, 0xE0, 0xFF, 0x40, 0x00, 0x00, 0x7F, 0xC3, 0xFD, 0x00, 0x00, 0x01, 0xFF, 0x0F, 0xF4, 0x00,
    0x00, 0x07, 0xFC, 0x3F, 0xD0, 0x00, 0x00, 0x1F, 0xF0, 0xFF, 0x40, 0x00, 0x00, 0x7F, 0xC3, 0xFD,
    0x00, 0x00, 0x01, 0xFF, 0x0B, 0xF8, 0x00, 0x00, 0x0B, 0xF8, 0x0F, 0xF0, 0x00, 0x00, 0x3F, 0xC0,
    0x2F, 0xC0, 0x00, 0x00, 0xFE, 0x00, 0x3F, 0xC0, 0x00, 0x0F, 0xF0, 0x00, 0x3F, 0x80, 0x00, 0xBF,
    0x00, 0x00, 0x2F, 0xD0, 0x1F, 0xE0, 0x00, 0x00, 0x06, 0xFF, 0xE4, 0x00, 0x00, 0x01, 0xF4, 0x0B,
    0x80, 0x03, 0xFC, 0x1F, 0xE0, 0x03, 0xFD, 0x2F, 0xF0, 0x03, 0xFC, 0x1F, 0xE0, 0x01, 0xF4, 0x0B,
    0x80, 0x00, 0x00, 0x00, 0x00, 0x00, 0x00, 0x00, 0x00, 0x00, 0x2F, 0xF9, 0x00, 0x02, 0xF4, 0x0B,
    0xD0, 0x0B, 0xD0, 0x02, 0xF4, 0x1F, 0xC0, 0x00, 0xFC, 0x2F, 0x80, 0x00, 0xFD, 0x3F, 0x80, 0x00,
    0xFE, 0x3F, 0x80, 0x00, 0xFE, 0x3F, 0x80, 0x00, 0xFE, 0x3F, 0x80, 0x00, 0xFD, 0x1F, 0xC0, 0x00,
    0xFC, 0x0F, 0xD0, 0x02, 0xF4, 0x02, 0xF4, 0x0B, 0xD0, 0x00, 0x6F, 0xFE, 0x00, 0x00, 0x01, 0xBF,
    0xF9, 0x00, 0x00, 0x00, 0xBF, 0x40, 0x7F, 0x80, 0x00, 0x0F, 0xE0, 0x00, 0x2F, 0xC0, 0x00, 0xFE,
    0x00, 0x00, 0x2F, 0xC0, 0x0B, 0xF0, 0x00, 0x00, 0x3F, 0x80, 0x7F, 0xC0, 0x00, 0x00, 0xFF, 0x42,
    0xFE, 0x00, 0x00, 0x02, 0xFE, 0x0F, 0xF4, 0x00, 0x00, 0x07, 0xFC, 0x3F, 0xD6, 0xFF, 0x90, 0x1F,
    0xF0, 0xFF, 0xFF, 0xFF, 0xFF, 0xFF, 0xC3, 0xFD, 0x01, 0xBF, 0xE5, 0xFF, 0x0F, 0xF4, 0x00, 0x00,
    0x07, 0xFC, 0x3F, 0xD0, 0x00, 0x00, 0x1F, 0xF0, 0xBF, 0x80, 0x00, 0x00, 0xBF, 0x80, 0xFF, 0x00,
    0x00, 0x03, 0xFC, 0x02, 0xFD, 0x00, 0x00, 0x1F, 0xE0, 0x03, 0xFC, 0x00, 0x00, 0xFF, 0x00, 0x03,
    0xF8, 0x00, 0x0B, 0xF0, 0x00, 0x02, 0xFD, 0x01, 0xFE, 0x00, 0x00, 0x00, 0x6F, 0xFE, 0x40, 0x00,
    0x00, 0x2F, 0xF9, 0x00, 0x02, 0xF4, 0x0B, 0xD0, 0x0B, 0xD0, 0x02, 0xF4, 0x1F, 0xC0, 0x00, 0xFC,
    0x3F, 0x80, 0x00, 0xFD, 0x3F, 0xFF, 0x91, 0xFE, 0x3F, 0x87, 0xF9, 0xFE, 0x3F, 0x80, 0x00, 0xFE,
    0x3F, 0x80, 0x00, 0xFD, 0x1F, 0xC0, 0x01, 0xFC, 0x0B, 0xD0, 0x02, 0xF4, 0x02, 0xF4, 0x0B, 0xD0,
    0x00, 0x2F, 0xFD, 0x00, 0x00, 0x03, 0xE0, 0x2F, 0x00, 0x00, 0x00, 0x3F, 0xD1, 0xFF, 0x00, 0x00,
    0x00, 0xFF, 0x47, 0xFC, 0x00, 0x00, 0x03, 0xFD, 0x1F, 0xE0, 0x00, 0x00, 0x03, 0xE0, 0x2F, 0x00,
    0x00, 0x00, 0x00, 0x00, 0x00, 0x00, 0x00, 0x00, 0x1B, 0xFF, 0x90, 0x00, 0x00, 0x0B, 0xF4, 0x07,
    0xF8, 0x00, 0x00, 0xFE, 0x00, 0x02, 0xFC, 0x00, 0x0F, 0xE0, 0x00, 0x02, 0xFC, 0x00, 0xBF, 0x00,
    0x00, 0x03, 0xF8, 0x07, 0xFC, 0x00, 0x00, 0x0F, 0xF4, 0x2F, 0xE0, 0x00, 0x00, 0x2F, 0xE0, 0xFF,
    0x40, 0x00, 0x00, 0x7F, 0xC3, 0xFD, 0x6F, 0xF9, 0x01, 0xFF, 0x0F, 0xFF, 0xFF, 0xFF, 0xFF, 0xFC,
    0x3F, 0xD0, 0x1B, 0xFE, 0x5F, 0xF0, 0xFF, 0x40, 0x00, 0x00, 0x7F, 0xC3, 0xFD, 0x00, 0x00, 0x01,
    0xFF, 0x0B, 0xF8, 0x00, 0x00, 0x0B, 0xF8, 0x0F, 0xF0, 0x00, 0x00, 0x3F, 0xC0, 0x2F, 0xD0, 0x00,
    0x01, 0xFE, 0x00, 0x3F, 0xC0, 0x00, 0x0F, 0xF0, 0x00, 0x3F, 0x80, 0x00, 0xBF, 0x00, 0x00, 0x2F,
    0xD0, 0x1F, 0xE0, 0x00, 0x00, 0x06, 0xFF, 0xE4, 0x00, 0x00, 0x01, 0xF4, 0x0B, 0x80, 0x03, 0xFC,
    0x1F, 0xE0, 0x03, 0xFD, 0x2F, 0xF0, 0x03, 0xFC, 0x1F, 0xE0, 0x01, 0xF4, 0x0B, 0x80, 0x00, 0x00,
    0x00, 0x00, 0x00, 0x00, 0x00, 0x00, 0x00, 0x2F, 0xF9, 0x00, 0x02, 0xF4, 0x0B, 0xD0, 0x0B, 0xD0,
    0x02, 0xF4, 0x1F, 0xC0, 0x00, 0xFC, 0x3F, 0x80, 0x00, 0xFD, 0x3F, 0xFF, 0x91, 0xFE, 0x3F, 0x87,
    0xF9, 0xFE, 0x3F, 0x80, 0x00, 0xFE, 0x3F, 0x80, 0x00, 0xFD, 0x1F, 0xC0, 0x01, 0xFC, 0x0B, 0xD0,
    0x02, 0xF4, 0x02, 0xF4, 0x0B, 0xD0, 0x00, 0x2F, 0xFD, 0x00, 0x00, 0x3D, 0x02, 0xF0, 0x00, 0x00,
    0x0F, 0xF0, 0x7F, 0x80, 0x00, 0x00, 0xFF, 0x4B, 0xFC, 0x00, 0x00, 0x0F, 0xF0, 0x7F, 0x80, 0x00,
    0x00, 0x3D, 0x02, 0xF0, 0x00, 0x00, 0x00, 0x00, 0x00, 0x00, 0x00, 0x34, 0x1B, 0xFF, 0x90, 0x00,
    0x03, 0xFF, 0x40, 0x1F, 0xE0, 0x00, 0x3F, 0x80, 0x00, 0x1F, 0xD0, 0x03, 0xF0, 0x00, 0x00, 0x7F,
    0x40, 0x3C, 0x00, 0x00, 0x02, 0xFD, 0x03, 0x80, 0x00, 0x00, 0x0F, 0xF0, 0x34, 0x00, 0x00, 0x00,
    0xFF, 0x41, 0x00, 0x00, 0x00, 0x0B, 0xF8, 0x00, 0x00, 0x00, 0x00, 0x7F, 0xC0, 0x00, 0x00, 0x00,
    0x07, 0xFC, 0x00, 0x6F, 0xFF, 0xFF, 0xBF, 0xC0, 0x08, 0x2F, 0xFF, 0xEB, 0xFC, 0x00, 0x00, 0x2F,
    0xE0, 0xBF, 0xC0, 0x00, 0x00, 0x00, 0x0B, 0xFC, 0x30, 0x00, 0x00, 0x00, 0xFF, 0x43, 0x40, 0x00,
    0x00, 0x2F, 0xF0, 0x2C, 0x00, 0x00, 0x07, 0xFC, 0x00, 0xF0, 0x00, 0x01, 0xFF, 0x00, 0x02, 0xE4,
    0x01, 0xFF, 0x40, 0x00, 0x01, 0xBF, 0xFA, 0x40, 0x00, 0x03, 0xD0, 0x2E, 0x00, 0xFF, 0x07, 0xF8,
    0x0F, 0xF4, 0xBF, 0xC0, 0xFF, 0x07, 0xF8, 0x03, 0xD0, 0x2E, 0x00, 0x00, 0x00, 0x00, 0x00, 0x00,
    0x00, 0x03, 0x5B, 0xFD, 0x00, 0x3F, 0x40, 0xFD, 0x03, 0xC0, 0x03, 0xF4, 0x34, 0x00, 0x1F, 0xC0,
    0x00, 0x00, 0xFD, 0x02, 0xFD, 0x1F, 0xE0, 0x06, 0xFE, 0xFE, 0x00, 0x00, 0x0F, 0xE0, 0x00, 0x00,
    0xFD, 0x34, 0x00, 0x2F, 0xC2, 0xC0, 0x03, 0xF0, 0x0B, 0x41, 0xFD, 0x00, 0x1B, 0xFD, 0x00, 0x00,
    0x01, 0xFF, 0xFF, 0xFC, 0x00, 0x00, 0x00, 0x00, 0x00, 0x00, 0x00, 0x00, 0x00, 0x00, 0x00, 0x00,
    0x00, 0x00, 0x00, 0x00, 0x00, 0x00, 0x00, 0x00, 0x00, 0x00, 0x00, 0x00, 0x00, 0x00, 0x0F, 0xFF,
    0xFE, 0x00, 0x0B, 0xFF, 0xD0, 0x0F, 0xF4, 0x00, 0x00, 0x0F, 0x00, 0x01, 0xFF, 0x00, 0x00, 0x07,
    0x40, 0x00, 0x3F, 0xF0, 0x00, 0x03, 0xC0, 0x00, 0x03, 0xFD, 0x00, 0x00, 0xE0, 0x00, 0x00, 0x7F,
    0xC0, 0x00, 0xB0, 0x00, 0x00, 0x0F, 0xF8, 0x00, 0x38, 0x00, 0x00, 0x00, 0xFF, 0x40, 0x1D, 0x00,
    0x00, 0x00, 0x2F, 0xF0, 0x0F, 0x00, 0x00, 0x00, 0x03, 0xFE, 0x03, 0x40, 0x00, 0x00, 0x00, 0x3F,
    0xD2, 0xC0, 0x00, 0x00, 0x00, 0x0B, 0xFC, 0xE0, 0x00, 0x00, 0x00, 0x00, 0xFF, 0xF4, 0x00, 0x00,
    0x00, 0x00, 0x0F, 0xFC, 0x00, 0x00, 0x00, 0x00, 0x02, 0xFD, 0x00, 0x00, 0x00, 0x1F, 0x80, 0x3F,
    0x00, 0x00, 0x00, 0x0F, 0xF4, 0x07, 0x40, 0x00, 0x00, 0x03, 0xFD, 0x03, 0x80, 0x00, 0x00, 0x00,
    0x7E, 0x07, 0x80, 0x00, 0x00, 0x00, 0x06, 0xFE, 0x00, 0x00, 0x00, 0x00, 0x00, 0xFF, 0xFF, 0xF4,
    0x00, 0x00, 0x00, 0x00, 0x00, 0x00, 0x00, 0x00, 0x00, 0x00, 0x00, 0x00, 0x00, 0x00, 0x00, 0x00,
    0x00, 0x00, 0x00, 0x00, 0x00, 0x00, 0x00, 0x00, 0x00, 0x00, 0xFF, 0xF8, 0x03, 0xFF, 0x07, 0xF4,
    0x00, 0x3C, 0x00, 0xFE, 0x00, 0x0D, 0x00, 0x1F, 0xC0, 0x0B, 0x00, 0x03, 0xF8, 0x03, 0x80, 0x00,
    0x7F, 0x01, 0xC0, 0x00, 0x0F, 0xD0, 0xE0, 0x00, 0x02, 0xFC, 0x70, 0x00, 0x00, 0x3F, 0x78, 0x00,
    0x00, 0x0B, 0xFC, 0x00, 0x00, 0x00, 0xFF, 0x00, 0x00, 0x00, 0x2F, 0x40, 0x00, 0x00, 0x07, 0xC0,
    0x00, 0x00, 0x00, 0xD0, 0x00, 0x00, 0x00, 0xB0, 0x00, 0x03, 0xD0, 0x34, 0x00, 0x01, 0xFC, 0x2C,
    0x00, 0x00, 0x3E, 0x2C, 0x00, 0x00, 0x03, 0xF8, 0x00, 0x00, 0x00, 0x00, 0x00, 0x7D, 0x02, 0xE0,
    0x00, 0x00, 0x00, 0x3F, 0xC1, 0xFE, 0x00, 0x00, 0x00, 0x0F, 0xF4, 0xBF, 0x80, 0x00, 0x00, 0x03,
    0xFC, 0x1F, 0xE0, 0x00, 0x00, 0x00, 0x7D, 0x02, 0xE0, 0x00, 0x00, 0x00, 0x00, 0x00, 0x00, 0x00,
    0x03, 0xFF, 0xFF, 0x80, 0x02, 0xFF, 0xF4, 0x03, 0xFD, 0x00, 0x00, 0x03, 0xC0, 0x00, 0x7F, 0xC0,
    0x00, 0x01, 0xD0, 0x00, 0x0F, 0xFC, 0x00, 0x00, 0xF0, 0x00, 0x00, 0xFF, 0x40, 0x00, 0x38, 0x00,
    0x00, 0x1F, 0xF0, 0x00, 0x2C, 0x00, 0x00, 0x03, 0xFE, 0x00, 0x0E, 0x00, 0x00, 0x00, 0x3F, 0xD0,
    0x07, 0x40, 0x00, 0x00, 0x0B, 0xFC, 0x03, 0xC0, 0x00, 0x00, 0x00, 0xFF, 0x80, 0xD0, 0x00, 0x00,
    0x00, 0x0F, 0xF4, 0xB0, 0x00, 0x00, 0x00, 0x02, 0xFF, 0x38, 0x00, 0x00, 0x00, 0x00, 0x3F, 0xFD,
    0x00, 0x00, 0x00, 0x00, 0x03, 0xFF, 0x00, 0x00, 0x00, 0x00, 0x00, 0xBF, 0x40, 0x00, 0x00, 0x07,
    0xE0, 0x0F, 0xC0, 0x00, 0x00, 0x03, 0xFD, 0x01, 0xD0, 0x00, 0x00, 0x00, 0xFF, 0x40, 0xE0, 0x00,
    0x00, 0x00, 0x1F, 0x81, 0xE0, 0x00, 0x00, 0x00, 0x01, 0xBF, 0x80, 0x00, 0x00, 0x00, 0x00, 0x7D,
    0x02, 0xE0, 0x00, 0x3F, 0xC1, 0xFE, 0x00, 0x0F, 0xF4, 0xBF, 0x80, 0x03, 0xFC, 0x1F, 0xE0, 0x00,
    0x7D, 0x02, 0xE0, 0x00, 0x00, 0x00, 0x00, 0x00, 0x00, 0x00, 0x00, 0x00, 0xFF, 0xF8, 0x03, 0xFF,
    0x07, 0xF4, 0x00, 0x3C, 0x00, 0xFE, 0x00, 0x0D, 0x00, 0x1F, 0xC0, 0x0B, 0x00, 0x03, 0xF8, 0x03,
    0x80, 0x00, 0x7F, 0x01, 0xC0, 0x00, 0x0F, 0xD0, 0xE0, 0x00, 0x02, 0xFC, 0x70, 0x00, 0x00, 0x3F,
    0x78, 0x00, 0x00, 0x0B, 0xFC, 0x00, 0x00, 0x00, 0xFF, 0x00, 0x00, 0x00, 0x2F, 0x40, 0x00, 0x00,
    0x07, 0xC0, 0x00, 0x00, 0x00, 0xD0, 0x00, 0x00, 0x00, 0xB0, 0x00, 0x03, 0xD0, 0x34, 0x00, 0x01,
    0xFC, 0x2C, 0x00, 0x00, 0x3E, 0x2C, 0x00, 0x00, 0x03, 0xF8, 0x00, 0x00, 0x00, 0x00, 0x00, 0x00,
    0x00, 0x00, 0x00, 0x00, 0x00, 0x00, 0x3C, 0x0B, 0x80, 0x00, 0x00, 0x00, 0xBF, 0x9F, 0xF4, 0x00,
    0x00, 0x00, 0xFF, 0xFF, 0xFC, 0x00, 0x00, 0x00, 0xB9, 0x4F, 0xA4, 0x00, 0x00, 0x00, 0x00, 0x00,
    0x00, 0x00, 0x03, 0xFF, 0xFF, 0x80, 0x02, 0xFF, 0xF4, 0x03, 0xFD, 0x00, 0x00, 0x03, 0xC0, 0x00,
    0x7F, 0xC0, 0x00, 0x01, 0xD0, 0x00, 0x0F, 0xFC, 0x00, 0x00, 0xF0, 0x00, 0x00, 0xFF, 0x40, 0x00,
    0x38, 0x00, 0x00, 0x1F, 0xF0, 0x00, 0x2C, 0x00, 0x00, 0x03, 0xFE, 0x00, 0x0E, 0x00, 0x00, 0x00,
    0x3F, 0xD0, 0x07, 0x40, 0x00, 0x00, 0x0B, 0xFC, 0x03, 0xC0, 0x00, 0x00, 0x00, 0xFF, 0x80, 0xD0,
    0x00, 0x00, 0x00, 0x0F, 0xF4, 0xB0, 0x00, 0x00, 0x00, 0x02, 0xFF, 0x38, 0x00, 0x00, 0x00, 0x00,
    0x3F, 0xFD, 0x00, 0x00, 0x00, 0x00, 0x03, 0xFF, 0x00, 0x00, 0x00, 0x00, 0x00, 0xBF, 0x40, 0x00,
    0x00, 0x07, 0xE0, 0x0F, 0xC0, 0x00, 0x00, 0x03, 0xFD, 0x01, 0xD0, 0x00, 0x00, 0x00, 0xFF, 0x40,
    0xE0, 0x00, 0x00, 0x00, 0x1F, 0x81, 0xE0, 0x00, 0x00, 0x00, 0x01, 0xBF, 0x80, 0x00, 0x00, 0x00,
    0x00, 0x00, 0xB4, 0x1F, 0x00, 0x00, 0xFF, 0x1F, 0xE0, 0x00, 0xFF, 0xAF, 0xF4, 0x00, 0xFE, 0x6F,
    0xD0, 0x00, 0x14, 0x01, 0x00, 0x00, 0x00, 0x00, 0x00, 0x03, 0xFF, 0xE0, 0x0F, 0xFC, 0x1F, 0xD0,
    0x00, 0xF0, 0x03, 0xF8, 0x00, 0x34, 0x00, 0x7F, 0x00, 0x2C, 0x00, 0x0F, 0xE0, 0x0E, 0x00, 0x01,
    0xFC, 0x07, 0x00, 0x00, 0x3F, 0x43, 0x80, 0x00, 0x0B, 0xF1, 0xC0, 0x00, 0x00, 0xFD, 0xE0, 0x00,
    0x00, 0x2F, 0xF0, 0x00, 0x00, 0x03, 0xFC, 0x00, 0x00, 0x00, 0xBD, 0x00, 0x00, 0x00, 0x1F, 0x00,
    0x00, 0x00, 0x03, 0x40, 0x00, 0x00, 0x02, 0xC0, 0x00, 0x0F, 0x40, 0xD0, 0x00, 0x07, 0xF0, 0xB0,
    0x00, 0x00, 0xF8, 0xB0, 0x00, 0x00, 0x0F, 0xE0, 0x00, 0x00, 0x00, 0x00, 0x01, 0xF0, 0x0F, 0x80,
    0x00, 0x00, 0x03, 0xFC, 0x2F, 0xD0, 0x00, 0x00, 0x07, 0xFC, 0x3F, 0xE0, 0x00, 0x00, 0x03, 0xFC,
    0x2F, 0xD0, 0x00, 0x00, 0x01, 0xF0, 0x0F, 0x80, 0x00, 0x00, 0x00, 0x00, 0x00, 0x00, 0x00, 0xFF,
    0xFF, 0xF8, 0x1F, 0xFF, 0xFF, 0x02, 0xFD, 0x00, 0x00, 0x7F, 0xC0, 0x02, 0xFD, 0x00, 0x00, 0x7F,
    0xC0, 0x02, 0xFD, 0x00, 0x00, 0x7F, 0xC0, 0x02, 0xFD, 0x00, 0x00, 0x7F, 0xC0, 0x02, 0xFD, 0x00,
    0x00, 0x7F, 0xC0, 0x02, 0xFD, 0x00, 0x00, 0x7F, 0xC0, 0x02, 0xFD, 0x00, 0x00, 0x7F, 0xC0, 0x01,
    0xFE, 0x00, 0x00, 0x7F, 0xC0, 0x00, 0xBF, 0x00, 0x00, 0xBF, 0xC0, 0x00, 0x2F, 0x80, 0x1B, 0xFF,
    0xC0, 0x00, 0x02, 0xFF, 0xE9, 0x7F, 0xC0, 0x00, 0x00, 0x00, 0x00, 0x7F, 0xC0, 0x00, 0x00, 0x00,
    0x00, 0x7F, 0xC0, 0x00, 0x00, 0x00, 0x00, 0x7F, 0xC0, 0x00, 0x00, 0x00, 0x00, 0x7F, 0xC0, 0x00,
    0x00, 0x00, 0x00, 0x7F, 0xC0, 0x00, 0x00, 0x00, 0x00, 0x7F, 0xC0, 0x00, 0x00, 0x00, 0x00, 0x7F,
    0xC0, 0x00, 0x00, 0x00, 0x1F, 0xFF, 0xFF, 0x00, 0x00, 0x00, 0x00, 0x00, 0x00, 0x00, 0x7D, 0x02,
    0xE0, 0x00, 0x0F, 0xF0, 0xBF, 0x40, 0x00, 0xFF, 0x0B, 0xF8, 0x00, 0x0F, 0xF0, 0xBF, 0x80, 0x00,
    0x7D, 0x02, 0xE0, 0x00, 0x00, 0x00, 0x00, 0x00, 0x00, 0x00, 0x00, 0x00, 0x03, 0xFF, 0xF4, 0xFF,
    0xFE, 0x03, 0xF4, 0x00, 0xFE, 0x00, 0x3F, 0x40, 0x0F, 0xE0, 0x03, 0xF4, 0x00, 0xFE, 0x00, 0x3F,
    0x40, 0x0F, 0xE0, 0x03, 0xF4, 0x00, 0xFE, 0x00, 0x1F, 0xC0, 0x7F, 0xE0, 0x00, 0x2F, 0xF9, 0xFE,
    0x00, 0x00, 0x00, 0x0F, 0xE0, 0x00, 0x00, 0x00, 0xFE, 0x00, 0x00, 0x00, 0x0F, 0xE0, 0x00, 0x00,
    0x00, 0xFE, 0x00, 0x00, 0x00, 0xFF, 0xFE, 0xFF, 0xFF, 0xFF, 0xFF, 0xC0, 0x2F, 0xD0, 0x01, 0xFC,
    0x02, 0xFD, 0x00, 0x03, 0xC0, 0x2F, 0xD0, 0x00, 0x2C, 0x02, 0xFD, 0x00, 0x00, 0xD0, 0x2F, 0xD0,
    0x00, 0x0D, 0x02, 0xFD, 0x00, 0x00, 0xE0, 0x2F, 0xD0, 0x00, 0x00, 0x02, 0xFD, 0x00, 0x00, 0x00,
    0x2F, 0xD0, 0x00, 0x00, 0x02, 0xFD, 0x00, 0x00, 0x00, 0x2F, 0xD0, 0x00, 0x00, 0x02, 0xFD, 0x00,
    0x00, 0x00, 0x2F, 0xD0, 0x00, 0x00, 0x02, 0xFD, 0x00, 0x00, 0x00, 0x2F, 0xD0, 0x00, 0x00, 0x02,
    0xFD, 0x00, 0x00, 0x00, 0x2F, 0xD0, 0x00, 0x00, 0x02, 0xFD, 0x00, 0x00, 0x0F, 0xFF, 0xFF, 0xF0,
    0x00, 0x00, 0x01, 0xBF, 0x00, 0x00, 0x00, 0x01, 0xF0, 0x00, 0x00, 0x00, 0x0B, 0x40, 0x00, 0x00,
    0x00, 0x34, 0x00, 0x00, 0x00, 0x03, 0x80, 0x00, 0x00, 0x00, 0x38, 0x00, 0x3F, 0xFF, 0xFF, 0xC0,
    0x3F, 0x40, 0x7D, 0x03, 0xF4, 0x01, 0xD0, 0x3F, 0x40, 0x0D, 0x03, 0xF4, 0x00, 0xD0, 0x3F, 0x40,
    0x00, 0x03, 0xF4, 0x00, 0x00, 0x3F, 0x40, 0x00, 0x03, 0xF4, 0x00, 0x00, 0x3F, 0x40, 0x00, 0x03,
    0xF4, 0x00, 0x00, 0x3F, 0x40, 0x00, 0x3F, 0xFF, 0xC0, 0x00, 0x00, 0x7D, 0x00, 0x00, 0x01, 0xD0,
    0x00, 0x00, 0x0E, 0x00, 0x00, 0x00, 0xE0, 0x00, 0x00, 0x00, 0x07, 0xD0, 0x2E, 0x00, 0x00, 0x00,
    0x00, 0x00, 0x3F, 0xC1, 0xFE, 0x00, 0x00, 0x00, 0x00, 0x00, 0xFF, 0x4B, 0xF8, 0x00, 0x00, 0x00,
    0x00, 0x03, 0xFC, 0x1F, 0xE0, 0x00, 0x00, 0x00, 0x00, 0x07, 0xD0, 0x2E, 0x00, 0x00, 0x00, 0x00,
    0x00, 0x00, 0x00, 0x00, 0x00, 0x00, 0x0F, 0xFF, 0xFF, 0x00, 0x00, 0x0F, 0xFF, 0xFF, 0x40, 0xBF,
    0x00, 0x00, 0x00, 0x00, 0xFF, 0x00, 0x02, 0xFC, 0x00, 0x00, 0x00, 0x03, 0xFC, 0x00, 0x0B, 0xF0,
    0x00, 0x00, 0x00, 0x0F, 0xF0, 0x00, 0x2F, 0xC0, 0x00, 0x00, 0x00, 0x3F, 0xC0, 0x00, 0xBF, 0x00,
    0x00, 0x00, 0x00, 0xFF, 0x00, 0x02, 0xFC, 0x00, 0x00, 0x00, 0x03, 0xFC, 0x00, 0x0B, 0xF0, 0x00,
    0x00, 0x00, 0x0F, 0xF0, 0x00, 0x2F, 0xC0, 0x00, 0x00, 0x00, 0x3F, 0xC0, 0x00, 0xBF, 0xFF, 0xFF,
    0xA0, 0x00, 0xFF, 0x00, 0x02, 0xFC, 0x00, 0x1B, 0xF8, 0x03, 0xFC, 0x00, 0x0B, 0xF0, 0x00, 0x0B,
    0xFC, 0x0F, 0xF0, 0x00, 0x2F, 0xC0, 0x00, 0x0F, 0xF4, 0x3F, 0xC0, 0x00, 0xBF, 0x00, 0x00, 0x2F,
    0xE0, 0xFF, 0x00, 0x02, 0xFC, 0x00, 0x00, 0xBF, 0xC3, 0xFC, 0x00, 0x0B, 0xF0, 0x00, 0x03, 0xFE,
    0x0F, 0xF0, 0x00, 0x2F, 0xC0, 0x00, 0x0F, 0xF4, 0x3F, 0xC0, 0x00, 0xBF, 0x00, 0x00, 0xBF, 0x80,
    0xFF, 0x00, 0x02, 0xFC, 0x00, 0x0B, 0xF8, 0x03, 0xFC, 0x03, 0xFF, 0xFF, 0xFF, 0xFE, 0x03, 0xFF,
    0xFF, 0xD0, 0x00, 0x01, 0xF0, 0x0F, 0x80, 0x00, 0x00, 0x03, 0xFC, 0x2F, 0xD0, 0x00, 0x00, 0x07,
    0xFC, 0x3F, 0xD0, 0x00, 0x00, 0x03, 0xFC, 0x2F, 0xD0, 0x00, 0x00, 0x01, 0xF0, 0x0F, 0x80, 0x00,
    0x00, 0x00, 0x00, 0x00, 0x00, 0x00, 0x00, 0x00, 0x00, 0x00, 0x00, 0x00, 0x3F, 0xFF, 0x40, 0x00,
    0xFF, 0xFC, 0x03, 0xF4, 0x00, 0x00, 0x1F, 0xC0, 0x03, 0xF4, 0x00, 0x00, 0x0F, 0xC0, 0x03, 0xF4,
    0x00, 0x00, 0x0F, 0xC0, 0x03, 0xF4, 0x00, 0x00, 0x0F, 0xC0, 0x03, 0xFF, 0xFF, 0x80, 0x0F, 0xC0,
    0x03, 0xF4, 0x07, 0xF4, 0x0F, 0xC0, 0x03, 0xF4, 0x02, 0xFC, 0x0F, 0xC0, 0x03, 0xF4, 0x00, 0xFD,
    0x0F, 0xC0, 0x03, 0xF4, 0x00, 0xFD, 0x0F, 0xC0, 0x03, 0xF4, 0x02, 0xFC, 0x0F, 0xC0, 0x03, 0xF4,
    0x0B, 0xF4, 0x1F, 0xC0, 0x3F, 0xFF, 0xFF, 0x80, 0xFF, 0xFC, 0x2F, 0xFF, 0xFD, 0x07, 0xFF, 0xFC,
    0x01, 0xFF, 0x40, 0x01, 0xF4, 0x00, 0x02, 0xFF, 0x00, 0x0B, 0x40, 0x00, 0x03, 0xFE, 0x00, 0x78,
    0x00, 0x00, 0x07, 0xFD, 0x03, 0xC0, 0x00, 0x00, 0x0B, 0xFC, 0x3C, 0x00, 0x00, 0x00, 0x0F, 0xFA,
    0xD0, 0x00, 0x00, 0x00, 0x1F, 0xFE, 0x00, 0x00, 0x00, 0x00, 0x2F, 0xF0, 0x00, 0x00, 0x00, 0x00,
    0x3F, 0xF0, 0x00, 0x00, 0x00, 0x00, 0xBF, 0xE0, 0x00, 0x00, 0x00, 0x03, 0xFF, 0xD0, 0x00, 0x00,
    0x00, 0x3C, 0xFF, 0xC0, 0x00, 0x00, 0x02, 0xD0, 0xFF, 0x80, 0x00, 0x00, 0x1E, 0x01, 0xFF, 0x40,
    0x00, 0x00, 0xF0, 0x02, 0xFF, 0x00, 0x00, 0x0F, 0x00, 0x03, 0xFF, 0x00, 0x00, 0x74, 0x00, 0x07,
    0xFE, 0x00, 0x07, 0xC0, 0x00, 0x0B, 0xFC, 0x0F, 0xFF, 0xF4, 0x00, 0x0F, 0xFC, 0x00, 0x00, 0x00,
    0x00, 0x0F, 0xF0, 0x00, 0x00, 0x03, 0xE0, 0x3F, 0xD0, 0x00, 0x00, 0x2F, 0xD0, 0xFF, 0x00, 0x00,
    0x00, 0xFF, 0x83, 0xFC, 0x00, 0x00, 0x01, 0xFC, 0x2F, 0xC0, 0x00, 0x00, 0x00, 0xBF, 0xE4, 0x00,
    0x3F, 0xFD, 0x07, 0xFF, 0x40, 0xFE, 0x00, 0x7D, 0x00, 0x0F, 0xD0, 0x3C, 0x00, 0x01, 0xFC, 0x3C,
    0x00, 0x00, 0x2F, 0xEC, 0x00, 0x00, 0x02, 0xFD, 0x00, 0x00, 0x00, 0x3F, 0x80, 0x00, 0x00, 0x1F,
    0xF4, 0x00, 0x00, 0x0E, 0x7F, 0x40, 0x00, 0x0F, 0x07, 0xF0, 0x00, 0x0F, 0x00, 0xBF, 0x00, 0x0F,
    0x40, 0x0B, 0xE0, 0x7F, 0xF4, 0x00, 0xFE, 0x00, 0x00, 0x00, 0x1F, 0xC0, 0x00, 0x00, 0x03, 0xF0,
    0x00, 0x0B, 0x80, 0xFC, 0x00, 0x07, 0xF0, 0x3E, 0x00, 0x00, 0xFC, 0x2F, 0x00, 0x00, 0x0B, 0xF9,
    0x00, 0x2F, 0xFF, 0xFD, 0x07, 0xFF, 0xFC, 0x00, 0x1F, 0xF4, 0x00, 0x1F, 0x40, 0x00, 0x02, 0xFF,
    0x00, 0x0B, 0x40, 0x00, 0x00, 0x3F, 0xE0, 0x07, 0x80, 0x00, 0x00, 0x07, 0xFD, 0x03, 0xC0, 0x00,
    0x00, 0x00, 0xBF, 0xC3, 0xC0, 0x00, 0x00, 0x00, 0x0F, 0xFA, 0xD0, 0x00, 0x00, 0x00, 0x01, 0xFF,
    0xE0, 0x00, 0x00, 0x00, 0x00, 0x2F, 0xF0, 0x00, 0x00, 0x03, 0xFF, 0xFF, 0xFF, 0xFF, 0xFF, 0x00,
    0x00, 0x00, 0xBF, 0xD0, 0x00, 0x00, 0x00, 0x00, 0x3F, 0xFC, 0x00, 0x00, 0x00, 0x00, 0x3C, 0xFF,
    0xC0, 0x00, 0x00, 0x00, 0x2D, 0x0F, 0xF8, 0x00, 0x00, 0x00, 0x1E, 0x01, 0xFF, 0x40, 0x00, 0x00,
    0x0F, 0x00, 0x2F, 0xF0, 0x00, 0x00, 0x0B, 0x00, 0x03, 0xFE, 0x00, 0x00, 0x07, 0x40, 0x00, 0x7F,
    0xD0, 0x00, 0x07, 0xC0, 0x00, 0x0B, 0xFC, 0x00, 0xFF, 0xFF, 0x40, 0x2F, 0xFF, 0xFC, 0x3F, 0xFD,
    0x07, 0xFF, 0x40, 0xFE, 0x00, 0x7D, 0x00, 0x0F, 0xD0, 0x3C, 0x00, 0x00, 0xFD, 0x3C, 0x00, 0x00,
    0x1F, 0xFC, 0x00, 0x1F, 0xFF, 0xFF, 0xFF, 0xF0, 0x00, 0x3F, 0xC0, 0x00, 0x00, 0x2F, 0xF8, 0x00,
    0x00, 0x1E, 0x3F, 0x40, 0x00, 0x0E, 0x07, 0xF0, 0x00, 0x0F, 0x00, 0xBF, 0x00, 0x1F, 0x40, 0x0F,
    0xF0, 0x7F, 0xF4, 0x0B, 0xFF, 0xC0, 0xBF, 0xFF, 0xCB, 0xFF, 0xFC, 0xBF, 0xFF, 0xC0, 0xBF, 0xFF,
    0xCB, 0xFF, 0xFC, 0xBF, 0xFF, 0xC0, 0x55, 0x55, 0x55, 0x55, 0x6A, 0xAA, 0xAA, 0xAA, 0x90, 0xFF,
    0xFF, 0xFF, 0xFF, 0x80, 0xFF, 0xFF, 0xFF, 0xFF, 0xFF, 0xFF, 0xFF, 0xFF, 0xD0, 0x60, 0x22, 0xC2,
    0xCB, 0x0B, 0x2C, 0x2C, 0xB0, 0xB2, 0xC2, 0xCB, 0x0B, 0x2C, 0x2C, 0xB0, 0xB2, 0xC2, 0xCB, 0x0B,
    0x2C, 0x2C, 0xB0, 0xB2, 0xC2, 0xCB, 0x0B, 0x2C, 0x2C, 0xB0, 0xB2, 0xC2, 0xCB, 0x0B, 0x2C, 0x2C,
    0xB0, 0xB2, 0xC2, 0xCB, 0x0B, 0x2C, 0x2C, 0xB0, 0xB2, 0xC2, 0xCB, 0x0B, 0x2C, 0x2C, 0xB0, 0x70,
    0x00, 0x00, 0x00, 0x00, 0x1C, 0x07, 0x00, 0xC0, 0x28, 0x03, 0x00, 0x31, 0x43, 0xFD, 0x3F, 0xF2,
    0xFE, 0x0B, 0xC0, 0x00, 0x2F, 0x07, 0xF8, 0xBF, 0xC7, 0xFD, 0x2E, 0xD0, 0x0C, 0x01, 0xC0, 0x24,
    0x07, 0x01, 0xC0, 0x10, 0x00, 0x05, 0x07, 0xF4, 0xBF, 0xC7, 0xFC, 0x2F, 0xC0, 0x0C, 0x01, 0xC0,
    0x34, 0x07, 0x01, 0xC0, 0x10, 0x00, 0x1F, 0x43, 0xFC, 0x7F, 0xDB, 0xFC, 0xAF, 0x46, 0x00, 0x30,
    0x03, 0x40, 0x1C, 0x00, 0x70, 0x01, 0x00, 0x00, 0x00, 0x00, 0x00, 0x34, 0x00, 0x30, 0x0E, 0x00,
    0x0D, 0x02, 0x80, 0x03, 0x40, 0x30, 0x00, 0x30, 0x06, 0x00, 0x0A, 0x00, 0xA5, 0x00, 0xD5, 0x0B,
    0xFC, 0x0F, 0xF8, 0xBF, 0xD0, 0xBF, 0xC3, 0xFC, 0x07, 0xFC, 0x1F, 0x40, 0x2F, 0x40, 0x00, 0x00,
    0x00, 0x00, 0x00, 0x00, 0x01, 0xF8, 0x02, 0xF4, 0x3F, 0xD0, 0x3F, 0xC3, 0xFE, 0x07, 0xFD, 0x2F,
    0xF0, 0x3F, 0xE0, 0x56, 0x00, 0x5A, 0x00, 0xA0, 0x00, 0xD0, 0x0C, 0x00, 0x0C, 0x02, 0x80, 0x03,
    0x40, 0xB0, 0x00, 0xB0, 0x0C, 0x00, 0x1C, 0x00, 0x05, 0x00, 0x05, 0x03, 0xFC, 0x03, 0xFC, 0x3F,
    0xD0, 0x7F, 0xD3, 0xFE, 0x03, 0xFE, 0x1F, 0xB0, 0x1F, 0xE0, 0x06, 0x00, 0x09, 0x00, 0xD0, 0x00,
    0xC0, 0x0C, 0x00, 0x1C, 0x03, 0x40, 0x03, 0x00, 0xE0, 0x00, 0xD0, 0x04, 0x00, 0x04, 0x00, 0x0B,
    0x80, 0x0B, 0x82, 0xFE, 0x03, 0xFD, 0x3F, 0xE0, 0x3F, 0xE3, 0xFE, 0x07, 0xFD, 0x3B, 0x80, 0x7F,
    0x83, 0x00, 0x03, 0x00, 0x34, 0x00, 0x30, 0x01, 0xC0, 0x02, 0x80, 0x0E, 0x00, 0x0D, 0x00, 0x38,
    0x00, 0x34, 0x00, 0x40, 0x00, 0x40, 0x00, 0x2D, 0x00, 0x00, 0x3F, 0x00, 0x00, 0x3F, 0x00, 0x00,
    0x3F, 0x00, 0x00, 0x2D, 0x00, 0x00, 0x1C, 0x00, 0x2F, 0x4C, 0xBD, 0x3F, 0xFF, 0xFF, 0x2F, 0x4C,
    0xBD, 0x00, 0x1C, 0x00, 0x00, 0x3E, 0x00, 0x00, 0x3F, 0x00, 0x00, 0x3F, 0x00, 0x00, 0x3F, 0x00,
    0x00, 0x3F, 0x00, 0x00, 0x3F, 0x00, 0x00, 0x3F, 0x00, 0x00, 0x3F, 0x00, 0x00, 0x3F, 0x00, 0x00,
    0x3F, 0x00, 0x00, 0x3E, 0x00, 0x00, 0x3E, 0x00, 0x00, 0x2D, 0x00, 0x00, 0x2D, 0x00, 0x00, 0x1C,
    0x00, 0x00, 0x1C, 0x00, 0x00, 0x00, 0x00, 0x00, 0x2D, 0x00, 0x00, 0x3F, 0x00, 0x00, 0x3F, 0x00,
    0x00, 0x3E, 0x00, 0x00, 0x2D, 0x00, 0x2F, 0x5C, 0xBD, 0x3F, 0xFF, 0xFF, 0x2F, 0x5C, 0xBD, 0x00,
    0x2D, 0x00, 0x00, 0x3E, 0x00, 0x00, 0x3F, 0x00, 0x00, 0x3F, 0x00, 0x00, 0x1C, 0x00, 0x00, 0x3F,
    0x00, 0x00, 0x3F, 0x00, 0x00, 0x3E, 0x00, 0x00, 0x2D, 0x00, 0x2F, 0x5C, 0xBD, 0x3F, 0xFF, 0xFF,
    0x2F, 0x5C, 0xBD, 0x00, 0x2D, 0x00, 0x00, 0x3E, 0x00, 0x00, 0x3F, 0x00, 0x00, 0x3F, 0x00, 0x00,
    0x2D, 0x00, 0x00, 0x7F, 0xE4, 0x00, 0x3F, 0xFF, 0xE0, 0x0F, 0xFF, 0xFF, 0x82, 0xFF, 0xFF, 0xFC,
    0x3F, 0xFF, 0xFF, 0xD3, 0xFF, 0xFF, 0xFE, 0x3F, 0xFF, 0xFF, 0xF3, 0xFF, 0xFF, 0xFE, 0x3F, 0xFF,
    0xFF, 0xE2, 0xFF, 0xFF, 0xFC, 0x0F, 0xFF, 0xFF, 0x80, 0x3F, 0xFF, 0xE0, 0x00, 0x7F, 0xE4, 0x00,
    0x05, 0x00, 0x01, 0x40, 0x00, 0x50, 0x3F, 0x40, 0x0F, 0xE0, 0x02, 0xFC, 0xBF, 0xC0, 0x1F, 0xF0,
    0x03, 0xFD, 0x7F, 0x80, 0x0F, 0xF0, 0x03, 0xFC, 0x2F, 0x00, 0x07, 0xC0, 0x01, 0xF4, 0x00, 0x7F,
    0xFF, 0xE0, 0x3F, 0xFF, 0xC0, 0x0F, 0xFF, 0xFC, 0x02, 0xFF, 0xFF, 0xC0, 0x3F, 0xFF, 0xFC, 0x03,
    0xFF, 0xFF, 0xC0, 0x3F, 0xFF, 0xFC, 0x03, 0xFF, 0xFF, 0xC0, 0x3F, 0xFF, 0xFC, 0x01, 0xFF, 0xFF,
    0xC0, 0x0B, 0xFF, 0xFC, 0x00, 0x1F, 0xFF, 0xC0, 0x00, 0x2F, 0xFC, 0x00, 0x00, 0x07, 0xC0, 0x00,
    0x00, 0x3C, 0x00, 0x00, 0x03, 0xC0, 0x00, 0x00, 0x3C, 0x00, 0x00, 0x03, 0xC0, 0x00, 0x00, 0x3C,
    0x00, 0x00, 0x03, 0xC0, 0x00, 0x00, 0x3C, 0x00, 0x00, 0x03, 0xC0, 0x00, 0x00, 0x3C, 0x00, 0x00,
    0x03, 0xC0, 0x00, 0x07, 0xFF, 0xE0, 0x00, 0xA9, 0x00, 0x00, 0x00, 0x60, 0x00, 0x00, 0x00, 0x01,
    0xF5, 0xE0, 0x00, 0x00, 0x7C, 0x00, 0x00, 0x00, 0x00, 0xF4, 0x0F, 0x80, 0x00, 0xBD, 0x00, 0x00,
    0x00, 0x00, 0xBC, 0x02, 0xEF, 0xEB, 0xFE, 0x00, 0x00, 0x00, 0x00, 0x3F, 0x00, 0x70, 0x15, 0x2E,
    0x00, 0x00, 0x00, 0x00, 0x0F, 0xC0, 0x1C, 0x00, 0x1F, 0x00, 0x00, 0x00, 0x00, 0x03, 0xF0, 0x07,
    0x00, 0x0F, 0x00, 0x00, 0x00, 0x00, 0x00, 0xFC, 0x01, 0xC0, 0x0F, 0x40, 0x00, 0x00, 0x00, 0x00,
    0x3F, 0x00, 0xB0, 0x0B, 0x80, 0x00, 0x00, 0x00, 0x00, 0x07, 0xC0, 0x34, 0x07, 0xC0, 0x00, 0x00,
    0x00, 0x00, 0x00, 0xBC, 0x3C, 0x03, 0xC0, 0x00, 0x00, 0x00, 0x00, 0x00, 0x06, 0xF8, 0x03, 0xD0,
    0x00, 0x00, 0x00, 0x00, 0x00, 0x00, 0x00, 0x02, 0xE0, 0x0B, 0xF8, 0x00, 0x2F, 0xE0, 0x00, 0x00,
    0x01, 0xE0, 0x0F, 0x83, 0x80, 0x3E, 0x0F, 0x00, 0x00, 0x01, 0xF0, 0x0B, 0xC0, 0x34, 0x2F, 0x00,
    0xD0, 0x00, 0x00, 0xF0, 0x03, 0xE0, 0x0A, 0x0F, 0xC0, 0x2C, 0x00, 0x00, 0xF4, 0x00, 0xF8, 0x02,
    0xC3, 0xF0, 0x07, 0x00, 0x00, 0xB8, 0x00, 0x7E, 0x00, 0x70, 0xF8, 0x01, 0xC0, 0x00, 0x7C, 0x00,
    0x1F, 0x80, 0x1C, 0x3E, 0x00, 0x70, 0x00, 0x3C, 0x00, 0x03, 0xE0, 0x0B, 0x0F, 0xC0, 0x2C, 0x00,
    0x3D, 0x00, 0x00, 0xFC, 0x03, 0x83, 0xF0, 0x0E, 0x00, 0x2E, 0x00, 0x00, 0x1F, 0x01, 0xC0, 0x3D,
    0x07, 0x00, 0x1F, 0x00, 0x00, 0x01, 0xF6, 0xD0, 0x07, 0xEB, 0x40, 0x02, 0x00, 0x00, 0x00, 0x06,
    0x80, 0x00, 0x19, 0x00, 0x00, 0xA9, 0x00, 0x00, 0x00, 0x60, 0x00, 0x00, 0x00, 0x00, 0x00, 0x00,
    0x00, 0x7D, 0x78, 0x00, 0x00, 0x1F, 0x00, 0x00, 0x00, 0x00, 0x00, 0x00, 0x00, 0x0F, 0x40, 0xF8,
    0x00, 0x0B, 0xD0, 0x00, 0x00, 0x00, 0x00, 0x00, 0x00, 0x02, 0xF0, 0x0B, 0xBF, 0xAF, 0xF8, 0x00,
    0x00, 0x00, 0x00, 0x00, 0x00, 0x00, 0x3F, 0x00, 0x70, 0x15, 0x2E, 0x00, 0x00, 0x00, 0x00, 0x00,
    0x00, 0x00, 0x03, 0xF0, 0x07, 0x00, 0x07, 0xC0, 0x00, 0x00, 0x00, 0x00, 0x00, 0x00, 0x00, 0x3F,
    0x00, 0x70, 0x00, 0xF0, 0x00, 0x00, 0x00, 0x00, 0x00, 0x00, 0x00, 0x03, 0xF0, 0x07, 0x00, 0x3D,
    0x00, 0x00, 0x00, 0x00, 0x00, 0x00, 0x00, 0x00, 0x3F, 0x00, 0xB0, 0x0B, 0x80, 0x00, 0x00, 0x00,
    0x00, 0x00, 0x00, 0x00, 0x01, 0xF0, 0x0D, 0x01, 0xF0, 0x00, 0x00, 0x00, 0x00, 0x00, 0x00, 0x00,
    0x00, 0x0B, 0xC3, 0xC0, 0x3C, 0x00, 0x00, 0x00, 0x00, 0x00, 0x00, 0x00, 0x00, 0x00, 0x1B, 0xE0,
    0x0F, 0x40, 0x00, 0x00, 0x00, 0x00, 0x00, 0x00, 0x00, 0x00, 0x00, 0x00, 0x02, 0xE0, 0x0B, 0xF8,
    0x00, 0x07, 0xF8, 0x00, 0x07, 0xFC, 0x00, 0x00, 0x00, 0x78, 0x03, 0xE0, 0xE0, 0x02, 0xF0, 0xB0,
    0x01, 0xF0, 0xB0, 0x00, 0x00, 0x1F, 0x00, 0xBC, 0x03, 0x40, 0x7C, 0x03, 0x80, 0x3D, 0x02, 0xC0,
    0x00, 0x03, 0xC0, 0x0F, 0x80, 0x28, 0x0F, 0xC0, 0x1C, 0x0B, 0xC0, 0x1C, 0x00, 0x00, 0xF4, 0x00,
    0xF8, 0x02, 0xC0, 0xFC, 0x01, 0xC0, 0xFC, 0x00, 0xD0, 0x00, 0x2E, 0x00, 0x1F, 0x80, 0x1C, 0x0F,
    0xC0, 0x0C, 0x0F, 0xC0, 0x0D, 0x00, 0x07, 0xC0, 0x01, 0xF8, 0x01, 0xC0, 0xFC, 0x01, 0xC0, 0xFC,
    0x00, 0xD0, 0x00, 0xF0, 0x00, 0x0F, 0x80, 0x2C, 0x0F, 0xC0, 0x1C, 0x0B, 0xC0, 0x0C, 0x00, 0x3D,
    0x00, 0x00, 0xFC, 0x03, 0x80, 0xBC, 0x02, 0xC0, 0x7D, 0x01, 0xC0, 0x0B, 0x80, 0x00, 0x07, 0xC0,
    0x70, 0x03, 0xD0, 0x34, 0x03, 0xE0, 0x38, 0x01, 0xF0, 0x00, 0x00, 0x1F, 0x6D, 0x00, 0x1F, 0xAE,
    0x00, 0x0F, 0xAE, 0x00, 0x08, 0x00, 0x00, 0x00, 0x1A, 0x00, 0x00, 0x1A, 0x00, 0x00, 0x1A, 0x40,
    0x00, 0x02, 0x00, 0x02, 0xC0, 0x00, 0xD0, 0x00, 0xF0, 0x00, 0xF4, 0x01, 0xF8, 0x02, 0xF8, 0x00,
    0xFD, 0x00, 0x0B, 0xD0, 0x00, 0x7C, 0x00, 0x07, 0x80, 0x00, 0xB0, 0x00, 0x0E, 0x00, 0x00, 0xC0,
    0x10, 0x00, 0x0D, 0x00, 0x02, 0xC0, 0x00, 0x3C, 0x00, 0x0B, 0x80, 0x00, 0xFC, 0x00, 0x0F, 0xD0,
    0x02, 0xF8, 0x01, 0xF4, 0x00, 0xF4, 0x00, 0xF0, 0x00, 0x74, 0x00, 0x38, 0x00, 0x0C, 0x00, 0x00,
    0x00, 0x00, 0x00, 0x00, 0x0F, 0x00, 0xB8, 0x03, 0xC2, 0xF0, 0x7F, 0x43, 0xF0, 0x2F, 0x1F, 0xD3,
    0xFC, 0x02, 0xF2, 0xE3, 0xF4, 0x00, 0x2F, 0x03, 0xF0, 0x01, 0xF2, 0xF3, 0xF3, 0xD0, 0xFE, 0x2F,
    0xE2, 0xFC, 0x3F, 0x83, 0xF0, 0xBF, 0x07, 0xC3, 0xFF, 0x0F, 0x40, 0x03, 0xF2, 0xF0, 0x00, 0x03,
    0xFB, 0xAF, 0x00, 0x03, 0xFB, 0xF6, 0xF0, 0x03, 0xF9, 0xFD, 0x2F, 0x02, 0xFC, 0x2E, 0x02, 0xF0,
    0x3C, 0x00, 0x00, 0x10, 0x05, 0x00, 0x00, 0x00, 0x00, 0x00, 0x00, 0x00, 0x00, 0x00, 0x05, 0x00,
    0x00, 0x0F, 0xE0, 0x00, 0x07, 0xFC, 0x00, 0x1F, 0xFF, 0xF4, 0x2F, 0x3F, 0xFF, 0x4F, 0xDF, 0xEF,
    0xF3, 0xF7, 0xFB, 0xFC, 0x64, 0xFF, 0xFD, 0x00, 0x2F, 0xF8, 0x00, 0x0B, 0xF4, 0x00, 0x01, 0xF0,
    0x00, 0x00, 0x3C, 0x00, 0x00, 0x1F, 0x00, 0x00, 0x07, 0x80, 0x00, 0x00, 0x40, 0x00, 0x00, 0x7C,
    0x00, 0x00, 0x3F, 0xC0, 0x00, 0x1F, 0xF0, 0x00, 0x03, 0xFC, 0x00, 0x00, 0x7C, 0x00, 0x40, 0x00,
    0x02, 0x18, 0x00, 0x01, 0xC3, 0x80, 0x00, 0xD0, 0x3D, 0x02, 0xE0, 0x02, 0xFF, 0x90, 0x00, 0x02,
    0xBF, 0xF9, 0x00, 0x79, 0x00, 0x1F, 0x07, 0x00, 0x00, 0x0B, 0x28, 0x00, 0x00, 0x0C, 0x00, 0x00,
    0x00, 0x50, 0x00, 0x00, 0x0E, 0x00, 0x00, 0x02, 0xE0, 0x00, 0x00, 0x3E, 0x00, 0x00, 0x07, 0xE0,
    0x00, 0x00, 0xFD, 0x00, 0x00, 0x0F, 0xC0, 0x00, 0x02, 0xF8, 0x00, 0x00, 0x3F, 0x00, 0x00, 0x07,
    0xF0, 0x00, 0x00, 0xFD, 0x00, 0x00, 0x1F, 0xC0, 0x00, 0x02, 0xF8, 0x00, 0x00, 0x3F, 0x00, 0x00,
    0x0B, 0xE0, 0x00, 0x00, 0xFD, 0x00, 0x00, 0x1F, 0xC0, 0x00, 0x03, 0xF4, 0x00, 0x00, 0x3F, 0x00,
    0x00, 0x0B, 0xE0, 0x00, 0x00, 0xFC, 0x00, 0x00, 0x1F, 0xC0, 0x00, 0x03, 0xF4, 0x00, 0x00, 0x3F,
    0x00, 0x00, 0x0B, 0xE0, 0x00, 0x00, 0xFC, 0x00, 0x00, 0x1F, 0xC0, 0x00, 0x03, 0xF4, 0x00, 0x00,
    0x3F, 0x00, 0x00, 0x03, 0xE0, 0x00, 0x00, 0x3C, 0x00, 0x00, 0x03, 0x80, 0x00, 0x00, 0x10, 0x00,
    0x00, 0x00, 0x06, 0xFE, 0x2F, 0xD0, 0xBF, 0x00, 0xFD, 0x00, 0xFD, 0x00, 0xFD, 0x00, 0xFD, 0x00,
    0xFD, 0x00, 0xFD, 0x00, 0xFD, 0x00, 0xFD, 0x00, 0xFD, 0x00, 0x7F, 0x00, 0x2F, 0xD0, 0x03, 0xFE,
    0x1F, 0xD0, 0x7F, 0x00, 0xFE, 0x00, 0xFD, 0x00, 0xFD, 0x00, 0xFD, 0x00, 0xFD, 0x00, 0xFD, 0x00,
    0xFD, 0x00, 0xFD, 0x00, 0xFD, 0x00, 0xFE, 0x00, 0x7F, 0x00, 0x2F, 0xD0, 0x01, 0xBE, 0x00, 0x00,
    0xBF, 0x90, 0x07, 0xF8, 0x00, 0xFE, 0x00, 0x7F, 0x00, 0x7F, 0x00, 0x7F, 0x00, 0x7F, 0x00, 0x7F,
    0x00, 0x7F, 0x00, 0x7F, 0x00, 0x7F, 0x00, 0x7F, 0x00, 0xFD, 0x07, 0xF8, 0xBF, 0xD0, 0x07, 0xF8,
    0x00, 0xFD, 0x00, 0x7F, 0x00, 0x7F, 0x00, 0x7F, 0x00, 0x7F, 0x00, 0x7F, 0x00, 0x7F, 0x00, 0x7F,
    0x00, 0x7F, 0x00, 0x7F, 0x00, 0xFE, 0x07, 0xF8, 0xBE, 0x40, 0x00, 0x00, 0x00, 0x50, 0x2F, 0x40,
    0x1E, 0x07, 0xFC, 0x03, 0xE0, 0xBF, 0xD0, 0x7E, 0x07, 0xFC, 0x0F, 0xD0, 0x2F, 0x42, 0xFC, 0x00,
    0x00, 0x3F, 0x40, 0x00, 0x0B, 0xF0, 0x00, 0x00, 0xFC, 0x00, 0x00, 0x3F, 0x80, 0x00, 0x07, 0xF0,
    0x00, 0x00, 0xFE, 0x00, 0x00, 0x1F, 0xC0, 0x00, 0x03, 0xF4, 0x00, 0x00, 0xBF, 0x00, 0x00, 0x0F,
    0xDB, 0xD0, 0x02, 0xFA, 0xFF, 0x00, 0x7F, 0x3F, 0xF4, 0x0F, 0xE2, 0xFF, 0x01, 0xFC, 0x0B, 0xD0,
    0x3F, 0x40, 0x00, 0x00, 0xF0, 0x00, 0x00, 0x05, 0x00, 0x00, 0x00, 0x00, 0x00, 0x00, 0x01, 0xBF,
    0x80, 0x03, 0xD0, 0x2D, 0x03, 0x80, 0x01, 0xC1, 0xC0, 0x00, 0x1C, 0x90, 0x00, 0x03, 0x00, 0x00,
    0x00, 0x00, 0x00, 0x00, 0x00, 0xD0, 0x00, 0x00, 0x00, 0x00, 0x0D, 0x00, 0x00, 0x00, 0x01, 0xBF,
    0xFE, 0x41, 0xC0, 0x02, 0xFE, 0x0D, 0x1F, 0xFC, 0x00, 0xFE, 0x00, 0xD0, 0x2F, 0xC0, 0x7F, 0x80,
    0x0D, 0x00, 0xBC, 0x0F, 0xF0, 0x00, 0xD0, 0x03, 0xC2, 0xFE, 0x00, 0x0D, 0x00, 0x2C, 0x3F, 0xD0,
    0x00, 0xD0, 0x01, 0xC3, 0xFD, 0x00, 0x0D, 0x00, 0x00, 0x3F, 0xD0, 0x00, 0xD0, 0x00, 0x03, 0xFD,
    0x00, 0x0D, 0x00, 0x00, 0x3F, 0xD0, 0x00, 0xD0, 0x00, 0x02, 0xFE, 0x00, 0x0D, 0x00, 0x0C, 0x1F,
    0xF0, 0x00, 0xD0, 0x01, 0xC0, 0xFF, 0x80, 0x0D, 0x00, 0x3C, 0x07, 0xFE, 0x00, 0xD0, 0x0F, 0x40,
    0x2F, 0xFE, 0x4D, 0x1B, 0xE0, 0x00, 0x7F, 0xFF, 0xFF, 0xFC, 0x00, 0x00, 0xBF, 0xFF, 0xFE, 0x00,
    0x00, 0x00, 0x6F, 0xFE, 0x00, 0x00, 0x00, 0x00, 0x0D, 0x00, 0x00, 0x00, 0x00, 0x1B, 0xFD, 0x00,
    0x00, 0x00, 0xBD, 0x07, 0x80, 0x00, 0x02, 0xF4, 0x00, 0xE0, 0x00, 0x03, 0xF0, 0x00, 0xF0, 0x00,
    0x07, 0xF0, 0x03, 0xF4, 0x00, 0x07, 0xF0, 0x03, 0xF4, 0x00, 0x07, 0xF0, 0x02, 0xE0, 0x00, 0x07,
    0xF0, 0x00, 0x00, 0x00, 0xBF, 0xFF, 0xC0, 0x00, 0x00, 0x07, 0xF0, 0x00, 0x00, 0x00, 0x07, 0xF0,
    0x00, 0x00, 0x00, 0x07, 0xF0, 0x00, 0x00, 0x00, 0x07, 0xF0, 0x00, 0x00, 0x00, 0xBF, 0xFF, 0xC0,
    0x00, 0x00, 0x07, 0xF0, 0x00, 0x00, 0x0B, 0xFF, 0xF0, 0x00, 0x0D, 0x3F, 0xFF, 0xE0, 0x00, 0x7C,
    0x3C, 0x2F, 0xFE, 0x4F, 0xF4, 0x2F, 0xF8, 0x7F, 0xFF, 0x80, 0x00, 0x00, 0x04, 0x00, 0x00, 0x1F,
    0xFF, 0xD0, 0x00, 0x1F, 0xFF, 0xD0, 0x2A, 0xFF, 0xC0, 0x00, 0x2B, 0xFA, 0x00, 0x07, 0xFF, 0xC0,
    0x00, 0x07, 0x40, 0x00, 0x1D, 0xFF, 0xC0, 0x00, 0x1D, 0x00, 0x00, 0x74, 0xFF, 0x80, 0x00, 0x74,
    0x00, 0x01, 0xD1, 0xFF, 0x80, 0x01, 0xD0, 0x01, 0x57, 0x56, 0xFF, 0x95, 0x57, 0x55, 0x1B, 0xFF,
    0xFF, 0xFF, 0xFF, 0xFF, 0xF8, 0x00, 0x74, 0x02, 0xFF, 0x00, 0x74, 0x00, 0x01, 0xD0, 0x03, 0xFF,
    0x01, 0xD0, 0x00, 0x07, 0x40, 0x03, 0xFE, 0x07, 0x40, 0x00, 0x1D, 0x00, 0x03, 0xFE, 0x1D, 0x00,
    0x00, 0x74, 0x00, 0x07, 0xFD, 0x74, 0x01, 0xFF, 0xFF, 0xFF, 0xFF, 0xFF, 0xFF, 0xD0, 0x07, 0x40,
    0x00, 0x0B, 0xFF, 0x40, 0x00, 0x1D, 0x00, 0x00, 0x0F, 0xFD, 0x00, 0x00, 0x74, 0x00, 0x00, 0x0F,
    0xF4, 0x00, 0x01, 0xD0, 0x00, 0x00, 0x0F, 0xD0, 0x00, 0x5B, 0x94, 0x00, 0x00, 0x1F, 0x40, 0x07,
    0xFF, 0xF4, 0x00, 0x00, 0x1C, 0x00, 0x7F, 0xFF, 0xF0, 0x3F, 0xFF, 0xF4, 0x07, 0xFF, 0xF0, 0x2F,
    0xE0, 0x00, 0x1F, 0xE0, 0x00, 0x02, 0x80, 0x00, 0xFF, 0x00, 0x00, 0xFF, 0x00, 0x00, 0x34, 0x00,
    0x0F, 0xF4, 0x00, 0x0B, 0xF8, 0x00, 0x07, 0x00, 0x00, 0x7F, 0xC0, 0x00, 0xFF, 0xC0, 0x00, 0xA0,
    0x00, 0x03, 0xFD, 0x00, 0x0F, 0xFD, 0x00, 0x0D, 0x00, 0x0B, 0xFF, 0xFF, 0xFF, 0xFF, 0xFF, 0xFF,
    0xFF, 0x00, 0x00, 0xFF, 0x00, 0x38, 0xFF, 0x00, 0x38, 0x00, 0x00, 0x0F, 0xF4, 0x07, 0x0B, 0xF8,
    0x07, 0x00, 0x00, 0x00, 0x7F, 0xC0, 0xE0, 0x3F, 0xC0, 0xB0, 0x00, 0x00, 0x03, 0xFD, 0x0D, 0x03,
    0xFD, 0x0D, 0x00, 0x00, 0x00, 0x2F, 0xE2, 0xC0, 0x1F, 0xF2, 0xC0, 0x00, 0x0B, 0xFF, 0xFF, 0xFF,
    0xFF, 0xFF, 0xFF, 0xFF, 0x00, 0x00, 0x0B, 0xFF, 0x00, 0x0B, 0xFF, 0x00, 0x00, 0x00, 0x00, 0x7F,
    0xD0, 0x00, 0x7F, 0xD0, 0x00, 0x00, 0x00, 0x03, 0xFC, 0x00, 0x03, 0xFC, 0x00, 0x00, 0x00, 0x00,
    0x1F, 0x80, 0x00, 0x2F, 0x80, 0x00, 0x00, 0x00, 0x00, 0xF0, 0x00, 0x00, 0xF0, 0x00, 0x00, 0x00,
    0x00, 0x00, 0x00, 0x00, 0x00, 0x00, 0x00, 0x00, 0x00, 0x00, 0x01, 0xB4, 0x00, 0x00, 0x0B, 0xFD,
    0x00, 0x00, 0x00, 0x3F, 0x40, 0x00, 0x00, 0x0B, 0xD0, 0x00, 0x3F, 0xFF, 0xFF, 0x00, 0x00, 0x00,
    0xBD, 0x00, 0x00, 0x00, 0x2F, 0x40, 0x02, 0xFF, 0x8B, 0xD0, 0x0B, 0xE0, 0x1F, 0xF4, 0x0B, 0xE0,
    0x00, 0xFD, 0x07, 0xF0, 0x00, 0x3F, 0x42, 0xFC, 0x00, 0x0F, 0xD0, 0xFF, 0x00, 0x03, 0xF4, 0x3F,
    0xC0, 0x00, 0xFD, 0x0B, 0xF0, 0x00, 0x3F, 0x41, 0xFC, 0x00, 0x0F, 0xD0, 0x3F, 0x40, 0x07, 0xF4,
    0x02, 0xF4, 0x0B, 0xFE, 0x00, 0x1B, 0xFE, 0x3F, 0xF4, 0x00, 0x00, 0x00, 0x00, 0x00, 0x00, 0x00,
    0x00, 0x0B, 0xFF, 0xFF, 0xFF, 0xE0, 0x00, 0x00, 0x00, 0x00, 0x00, 0x00, 0x00, 0x6F, 0xF9, 0x00,
    0x00, 0x00, 0x0F, 0xFF, 0xFF, 0x80, 0x00, 0x01, 0xFF, 0xFF, 0xFF, 0x80, 0x00, 0x1F, 0xF9, 0x01,
    0xFE, 0x00, 0x00, 0xFF, 0x40, 0x00, 0xB0, 0x00, 0x0B, 0xF4, 0x00, 0x00, 0x40, 0x00, 0x3F, 0x80,
    0x00, 0x00, 0x0F, 0xFF, 0xFF, 0xFF, 0xFF, 0xF0, 0x7F, 0xFF, 0xFF, 0xFF, 0xFF, 0x40, 0x00, 0x3F,
    0x80, 0x00, 0x00, 0x03, 0xFF, 0xFF, 0xFF, 0xFF, 0xD0, 0x1F, 0xFF, 0xFF, 0xFF, 0xFF, 0x00, 0x00,
    0x03, 0xF8, 0x00, 0x00, 0x00, 0x00, 0x0B, 0xF8, 0x00, 0x00, 0x70, 0x00, 0x0F, 0xFD, 0x00, 0x6F,
    0xC0, 0x00, 0x0B, 0xFF, 0xFF, 0xFF, 0x00, 0x00, 0x07, 0xFF, 0xFF, 0xE0, 0x00, 0x00, 0x01, 0xBF,
    0xE4, 0x00, 0x00, 0x00, 0x00, 0xD0, 0x00, 0x00, 0x00, 0x00, 0x00, 0xD0, 0x00, 0x00, 0x00, 0x01,
    0xAF, 0xFE, 0x41, 0xC0, 0x00, 0x1F, 0xE4, 0xD1, 0xFB, 0xC0, 0x00, 0xFE, 0x00, 0xD0, 0x2F, 0xC0,
    0x03, 0xFC, 0x00, 0xD0, 0x0B, 0xC0, 0x0B, 0xF0, 0x00, 0xD0, 0x03, 0xC0, 0x1F, 0xF0, 0x00, 0xD0,
    0x02, 0xC0, 0x2F, 0xE0, 0x00, 0xD0, 0x01, 0xC0, 0x3F, 0xD0, 0x00, 0xD0, 0x00, 0x00, 0x3F, 0xD0,
    0x00, 0xD0, 0x00, 0x00, 0x3F, 0xD0, 0x00, 0xD0, 0x00, 0x00, 0x3F, 0xD0, 0x00, 0xD0, 0x00, 0x00,
    0x3F, 0xE0, 0x00, 0xFF, 0xFF, 0xFE, 0x2F, 0xF0, 0x00, 0xFF, 0xFF, 0xFE, 0x0F, 0xF8, 0x00, 0xFF,
    0xFF, 0xFE, 0x0B, 0xFE, 0x00, 0xD0, 0x3F, 0xC0, 0x02, 0xFF, 0xE4, 0xD0, 0x7F, 0xC0, 0x00, 0xBF,
    0xFF, 0xFF, 0xE7, 0xC0, 0x00, 0x1F, 0xFF, 0xFF, 0x81, 0xC0, 0x00, 0x00, 0x6F, 0xF9, 0x00, 0x00,
    0x00, 0x00, 0x00, 0xD0, 0x00, 0x00, 0x00, 0x00, 0x00, 0x00, 0x00, 0x00, 0x00, 0x00, 0x00, 0x1F,
    0x00, 0x00, 0x00, 0x00, 0x00, 0x03, 0xFC, 0x00, 0x00, 0x00, 0x00, 0x00, 0xBF, 0xD0, 0x00, 0x00,
    0x00, 0x00, 0x1F, 0xFF, 0x00, 0x00, 0x00, 0x00, 0x03, 0xCF, 0xF8, 0x00, 0x00, 0x00, 0x00, 0x74,
    0xBF, 0xC0, 0x00, 0x00, 0x00, 0x0E, 0x03, 0xFF, 0x00, 0x00, 0x00, 0x02, 0xC0, 0x1F, 0xF4, 0x00,
    0x00, 0x00, 0x78, 0x00, 0xFF, 0xC0, 0x00, 0x00, 0x0F, 0x00, 0x03, 0xFE, 0x00, 0x00, 0x01, 0xD0,
    0x00, 0x2F, 0xF0, 0x00, 0x00, 0x38, 0x00, 0x00, 0xFF, 0xC0, 0x00, 0x0B, 0x00, 0x00, 0x07, 0xFD,
    0x00, 0x01, 0xE0, 0x00, 0x00, 0x3F, 0xF0, 0x00, 0x3C, 0x00, 0x00, 0x00, 0xFF, 0x80, 0x07, 0x40,
    0x00, 0x00, 0x0B, 0xFC, 0x00, 0xFA, 0xAA, 0xAA, 0xAA, 0xBF, 0xF0, 0x2F, 0xFF, 0xFF, 0xFF, 0xFF,
    0xFF, 0x47, 0xFF, 0xFF, 0xFF, 0xFF, 0xFF, 0xFC, 0xBF, 0xFF, 0xFF, 0xFF, 0xFF, 0xFF, 0xD0, 0x00,
    0x00, 0x00, 0x00, 0x00, 0x00, 0x00, 0x10, 0x00, 0x00, 0x00, 0x02, 0x40, 0x00, 0x00, 0x00, 0x38,
    0x00, 0x00, 0x00, 0x07, 0xFF, 0xD0, 0x00, 0x00, 0xBE, 0x00, 0x00, 0x00, 0x0F, 0xC0, 0x00, 0x00,
    0x00, 0xFC, 0x00, 0x00, 0x00, 0x2F, 0x80, 0x00, 0x00, 0x03, 0xF4, 0x00, 0x00, 0x00, 0x3F, 0x00,
    0x00, 0x00, 0x07, 0xE0, 0x00, 0x00, 0x00, 0xFD, 0x00, 0x00, 0x00, 0x0F, 0xC0, 0x00, 0x00, 0x01,
    0xFC, 0x00, 0x00, 0x00, 0x2F, 0x40, 0x00, 0x00, 0x93, 0xF0, 0x00, 0x00, 0x0E, 0x7F, 0x00, 0x00,
    0x03, 0xF7, 0xE0, 0x00, 0x00, 0x7F, 0x7C, 0x00, 0x00, 0x0E, 0xFB, 0xC0, 0x00, 0x03, 0x4F, 0xF8,
    0x00, 0x00, 0x20, 0xFF, 0x40, 0x00, 0x00, 0x0B, 0xF0, 0x00, 0x00, 0x00, 0xBE, 0x00, 0x00, 0x00,
    0x07, 0xD0, 0x00, 0x00, 0x00, 0x3C, 0x00, 0x00, 0x00, 0x02, 0x40, 0x00, 0x00,
};

static const EpdGlyph cmu_14_boldGlyphs[] = {
    { 0, 0, 10, 0, 0, 0, 0 }, // 
    { 0, 0, 11, 0, 0, 0, 0 }, //  
    { 6, 21, 10, 2, 21, 32, 0 }, // !
    { 10, 11, 17, 3, 21, 28, 32 }, // "
    { 25, 28, 28, 1, 21, 175, 60 }, // #
    { 14, 22, 17, 1, 21, 77, 235 }, // $
    { 25, 24, 28, 1, 22, 150, 312 }, // %
    { 24, 20, 26, 1, 20, 120, 462 }, // &
    { 5, 11, 9, 2, 21, 14, 582 }, // '
    { 9, 30, 13, 3, 22, 68, 596 }, // (
    { 9, 30, 13, 1, 22, 68, 664 }, // )
    { 13, 14, 17, 2, 23, 46, 732 }, // *
    { 24, 22, 26, 1, 18, 132, 778 }, // +
    { 6, 11, 9, 2, 5, 17, 910 }, // ,
    { 10, 3, 11, 0, 8, 8, 927 }, // -
    { 5, 5, 9, 2, 5, 7, 935 }, // .
    { 14, 30, 17, 1, 22, 105, 942 }, // /
    { 15, 19, 17, 1, 19, 72, 1047 }, // 0
    { 13, 20, 17, 2, 19, 65, 1119 }, // 1
    { 14, 19, 17, 1, 19, 67, 1184 }, // 2
    { 15, 19, 17, 1, 19, 72, 1251 }, // 3
    { 16, 20, 17, 0, 19, 80, 1323 }, // 4
    { 14, 19, 17, 1, 19, 67, 1403 }, // 5
    { 15, 19, 17, 1, 19, 72, 1470 }, // 6
    { 16, 20, 17, 1, 20, 80, 1542 }, // 7
    { 15, 19, 17, 1, 19, 72, 1622 }, // 8
    { 15, 19, 17, 1, 19, 72, 1694 }, // 9
    { 5, 13, 9, 2, 13, 17, 1766 }, // :
    { 6, 19, 9, 2, 13, 29, 1783 }, // ;
    { 22, 20, 26, 2, 17, 110, 1812 }, // <
    { 24, 8, 26, 1, 11, 48, 1922 }, // =
    { 22, 20, 26, 2, 17, 110, 1970 }, // >
    { 13, 20, 16, 1, 20, 65, 2080 }, // ?
    { 24, 20, 26, 1, 20, 120, 2145 }, // @
    { 23, 20, 25, 1, 20, 115, 2265 }, // A
    { 21, 20, 24, 1, 20, 105, 2380 }, // B
    { 22, 20, 24, 1, 20, 110, 2485 }, // C
    { 23, 20, 26, 1, 20, 115, 2595 }, // D
    { 20, 20, 22, 1, 20, 100, 2710 }, // E
    { 19, 20, 21, 1, 20, 95, 2810 }, // F
    { 24, 20, 26, 1, 20, 120, 2905 }, // G
    { 24, 20, 26, 1, 20, 120, 3025 }, // H
    { 12, 21, 13, 0, 21, 63, 3145 }, // I
    { 16, 21, 17, 0, 21, 84, 3208 }, // J
    { 24, 20, 26, 1, 20, 120, 3292 }, // K
    { 18, 21, 20, 1, 21, 95, 3412 }, // L
    { 30, 20, 32, 1, 20, 150, 3507 }, // M
    { 24, 20, 26, 1, 20, 120, 3657 }, // N
    { 23, 20, 25, 1, 20, 115, 3777 }, // O
    { 20, 20, 23, 1, 20, 100, 3892 }, // P
    { 23, 26, 25, 1, 20, 150, 3992 }, // Q
    { 24, 20, 25, 1, 20, 120, 4142 }, // R
    { 16, 20, 19, 1, 20, 80, 4262 }, // S
    { 21, 21, 23, 1, 20, 111, 4342 }, // T
    { 24, 20, 26, 1, 20, 120, 4453 }, // U
    { 25, 20, 25, 0, 20, 125, 4573 }, // V
    { 34, 20, 34, 0, 20, 170, 4698 }, // W
    { 25, 20, 25, 0, 20, 125, 4868 }, // X
    { 25, 21, 25, 0, 20, 132, 4993 }, // Y
    { 18, 20, 20, 1, 20, 90, 5125 }, // Z
    { 6, 29, 9, 3, 22, 44, 5215 }, // [
    { 14, 30, 17, 1, 22, 105, 5259 }, // <backslash>
    { 7, 29, 9, 0, 22, 51, 5364 }, // ]
    { 14, 5, 20, 3, 18, 18, 5415 }, // ^
    { 22, 1, 26, 2, -8, 6, 5433 }, // _
    { 7, 5, 17, 3, 19, 9, 5439 }, // `
    { 17, 13, 16, 0, 13, 56, 5448 }, // a
    { 17, 20, 19, 1, 20, 85, 5504 }, // b
    { 13, 13, 15, 1, 13, 43, 5589 }, // c
    { 17, 20, 19, 1, 20, 85, 5632 }, // d
    { 15, 13, 15, 0, 13, 49, 5717 }, // e
    { 12, 21, 10, 1, 20, 63, 5766 }, // f
    { 17, 19, 17, 0, 13, 81, 5829 }, // g
    { 17, 20, 19, 1, 20, 85, 5910 }, // h
    { 8, 20, 9, 1, 20, 40, 5995 }, // i
    { 10, 26, 10, -2, 20, 65, 6035 }, // j
    { 17, 20, 18, 1, 20, 85, 6100 }, // k
    { 8, 20, 9, 1, 20, 40, 6185 }, // l
    { 27, 13, 28, 1, 13, 88, 6225 }, // m
    { 17, 13, 19, 1, 13, 56, 6313 }, // n
    { 16, 13, 17, 0, 13, 52, 6369 }, // o
    { 17, 19, 19, 1, 13, 81, 6421 }, // p
    { 17, 19, 18, 1, 13, 81, 6502 }, // q
    { 12, 13, 14, 1, 13, 39, 6583 }, // r
    { 12, 13, 13, 1, 13, 39, 6622 }, // s
    { 12, 18, 13, 0, 18, 54, 6661 }, // t
    { 17, 13, 19, 1, 13, 56, 6715 }, // u
    { 17, 13, 18, 0, 13, 56, 6771 }, // v
    { 24, 13, 24, 0, 13, 78, 6827 }, // w
    { 17, 13, 18, 0, 13, 56, 6905 }, // x
    { 17, 19, 18, 0, 13, 81, 6961 }, // y
    { 14, 13, 15, 0, 13, 46, 7042 }, // z
    { 13, 30, 17, 2, 23, 98, 7088 }, // {
    { 3, 30, 9, 3, 22, 23, 7186 }, // |
    { 13, 29, 17, 2, 22, 95, 7209 }, // }
    { 16, 3, 20, 2, 20, 12, 7304 }, // ~
    { 0, 0, 11, 0, 0, 0, 7316 }, //  
    { 6, 21, 10, 2, 15, 32, 7316 }, // ¡
    { 15, 17, 17, 1, 15, 64, 7348 }, // ¢
    { 20, 21, 21, 1, 20, 105, 7412 }, // £
    { 25, 21, 25, 0, 20, 132, 7517 }, // ¥
    { 12, 26, 15, 2, 20, 78, 7649 }, // §
    { 12, 5, 17, 2, 20, 15, 7727 }, // ¨
    { 35, 29, 37, 1, 21, 254, 7742 }, // ©
    { 15, 14, 15, 0, 22, 53, 7996 }, // ª
    { 14, 14, 19, 3, 14, 49, 8049 }, // «
    { 20, 9, 22, 1, 11, 45, 8098 }, // ¬
    { 10, 3, 11, 0, 8, 8, 8143 }, // ­
    { 35, 29, 37, 1, 21, 254, 8151 }, // ®
    { 13, 1, 17, 2, 20, 4, 8405 }, // ¯
    { 9, 7, 11, 1, 20, 16, 8409 }, // °
    { 24, 21, 26, 1, 20, 126, 8425 }, // ±
    { 7, 5, 17, 7, 19, 9, 8551 }, // ´
    { 17, 19, 19, 1, 13, 81, 8560 }, // µ
    { 19, 26, 20, 1, 20, 124, 8641 }, // ¶
    { 6, 5, 8, 1, 10, 8, 8765 }, // ·
    { 10, 6, 15, 2, 0, 15, 8773 }, // ¸
    { 14, 14, 15, 0, 22, 49, 8788 }, // º
    { 14, 14, 19, 1, 14, 49, 8837 }, // »
    { 13, 21, 16, 1, 15, 69, 8886 }, // ¿
    { 23, 25, 25, 1, 25, 144, 8955 }, // À
    { 23, 26, 25, 1, 26, 150, 9099 }, // Á
    { 23, 27, 25, 1, 27, 156, 9249 }, // Â
    { 23, 26, 25, 1, 26, 150, 9405 }, // Ã
    { 23, 26, 25, 1, 26, 150, 9555 }, // Ä
    { 23, 26, 25, 1, 26, 150, 9705 }, // Å
    { 29, 20, 30, 1, 20, 145, 9855 }, // Æ
    { 22, 26, 24, 1, 20, 143, 10000 }, // Ç
    { 20, 25, 22, 1, 25, 125, 10143 }, // È
    { 20, 25, 22, 1, 25, 125, 10268 }, // É
    { 20, 27, 22, 1, 27, 135, 10393 }, // Ê
    { 20, 26, 22, 1, 26, 130, 10528 }, // Ë
    { 12, 25, 13, 0, 25, 75, 10658 }, // Ì
    { 12, 26, 13, 0, 26, 78, 10733 }, // Í
    { 12, 27, 13, 0, 27, 81, 10811 }, // Î
    { 12, 26, 13, 0, 26, 78, 10892 }, // Ï
    { 23, 20, 26, 1, 20, 115, 10970 }, // Ð
    { 24, 26, 26, 1, 26, 156, 11085 }, // Ñ
    { 23, 25, 25, 1, 25, 144, 11241 }, // Ò
    { 23, 25, 25, 1, 25, 144, 11385 }, // Ó
    { 23, 27, 25, 1, 27, 156, 11529 }, // Ô
    { 23, 26, 25, 1, 26, 150, 11685 }, // Õ
    { 23, 26, 25, 1, 26, 150, 11835 }, // Ö
    { 24, 24, 26, 1, 22, 144, 11985 }, // Ø
    { 24, 25, 26, 1, 25, 150, 12129 }, // Ù
    { 24, 25, 26, 1, 25, 150, 12279 }, // Ú
    { 24, 27, 26, 1, 27, 162, 12429 }, // Û
    { 24, 26, 26, 1, 26, 156, 12591 }, // Ü
    { 25, 27, 25, 0, 26, 169, 12747 }, // Ý
    { 19, 21, 21, 1, 21, 100, 12916 }, // Þ
    { 16, 20, 17, 1, 20, 80, 13016 }, // ß
    { 17, 19, 16, 0, 19, 81, 13096 }, // à
    { 17, 19, 16, 0, 19, 81, 13177 }, // á
    { 17, 20, 16, 0, 20, 85, 13258 }, // â
    { 17, 18, 16, 0, 18, 77, 13343 }, // ã
    { 17, 20, 16, 0, 20, 85, 13420 }, // ä
    { 17, 19, 16, 0, 19, 81, 13505 }, // å
    { 23, 13, 24, 1, 13, 75, 13586 }, // æ
    { 13, 19, 15, 1, 13, 62, 13661 }, // ç
    { 15, 19, 15, 0, 19, 72, 13723 }, // è
    { 15, 19, 15, 0, 19, 72, 13795 }, // é
    { 15, 20, 15, 0, 20, 75, 13867 }, // ê
    { 15, 20, 15, 0, 20, 75, 13942 }, // ë
    { 10, 19, 9, -1, 19, 48, 14017 }, // ì
    { 9, 19, 9, 1, 19, 43, 14065 }, // í
    { 10, 20, 9, 0, 20, 50, 14108 }, // î
    { 12, 20, 11, 0, 20, 60, 14158 }, // ï
    { 16, 20, 17, 0, 20, 80, 14218 }, // ð
    { 17, 18, 19, 1, 18, 77, 14298 }, // ñ
    { 16, 19, 17, 0, 19, 76, 14375 }, // ò
    { 16, 19, 17, 0, 19, 76, 14451 }, // ó
    { 16, 20, 17, 0, 20, 80, 14527 }, // ô
    { 16, 18, 17, 0, 18, 72, 14607 }, // õ
    { 16, 20, 17, 0, 20, 80, 14679 }, // ö
    { 24, 20, 26, 1, 17, 120, 14759 }, // ÷
    { 16, 19, 17, 0, 16, 76, 14879 }, // ø
    { 17, 20, 19, 1, 19, 85, 14955 }, // ù
    { 17, 20, 19, 1, 19, 85, 15040 }, // ú
    { 17, 21, 19, 1, 20, 90, 15125 }, // û
    { 17, 21, 19, 1, 20, 90, 15215 }, // ü
    { 17, 25, 18, 0, 19, 107, 15305 }, // ý
    { 17, 27, 19, 1, 21, 115, 15412 }, // þ
    { 17, 26, 18, 0, 20, 111, 15527 }, // ÿ
    { 23, 24, 25, 1, 24, 138, 15638 }, // Ā
    { 17, 17, 16, 0, 17, 73, 15776 }, // ā
    { 23, 26, 25, 1, 26, 150, 15849 }, // Ă
    { 17, 18, 16, 0, 18, 77, 15999 }, // ă
    { 23, 26, 25, 1, 20, 150, 16076 }, // Ą
    { 17, 19, 16, 0, 13, 81, 16226 }, // ą
    { 22, 25, 24, 1, 25, 138, 16307 }, // Ć
    { 13, 19, 15, 1, 19, 62, 16445 }, // ć
    { 22, 27, 24, 1, 27, 149, 16507 }, // Ĉ
    { 13, 20, 15, 1, 20, 65, 16656 }, // ĉ
    { 22, 27, 24, 1, 27, 149, 16721 }, // Ċ
    { 13, 20, 15, 1, 20, 65, 16870 }, // ċ
    { 22, 26, 24, 1, 26, 143, 16935 }, // Č
    { 13, 20, 15, 1, 20, 65, 17078 }, // č
    { 23, 26, 26, 1, 26, 150, 17143 }, // Ď
    { 21, 23, 23, 1, 23, 121, 17293 }, // ď
    { 23, 20, 26, 1, 20, 115, 17414 }, // Đ
    { 17, 20, 19, 1, 20, 85, 17529 }, // đ
    { 20, 24, 22, 1, 24, 120, 17614 }, // Ē
    { 15, 17, 15, 0, 17, 64, 17734 }, // ē
    { 20, 27, 22, 1, 27, 135, 17798 }, // Ė
    { 15, 20, 15, 0, 20, 75, 17933 }, // ė
    { 20, 26, 22, 1, 20, 130, 18008 }, // Ę
    { 15, 19, 15, 0, 13, 72, 18138 }, // ę
    { 20, 26, 22, 1, 26, 130, 18210 }, // Ě
    { 15, 20, 15, 0, 20, 75, 18340 }, // ě
    { 24, 27, 26, 1, 27, 162, 18415 }, // Ĝ
    { 17, 26, 17, 0, 20, 111, 18577 }, // ĝ
    { 24, 26, 26, 1, 26, 156, 18688 }, // Ğ
    { 17, 24, 17, 0, 18, 102, 18844 }, // ğ
    { 24, 27, 26, 1, 27, 162, 18946 }, // Ġ
    { 17, 26, 17, 0, 20, 111, 19108 }, // ġ
    { 24, 27, 26, 1, 27, 162, 19219 }, // Ĥ
    { 17, 27, 19, 1, 27, 115, 19381 }, // ĥ
    { 19, 21, 19, 0, 20, 100, 19496 }, // ħ
    { 13, 23, 13, 0, 23, 75, 19596 }, // Ī
    { 13, 17, 9, -2, 17, 56, 19671 }, // ī
    { 12, 28, 13, 0, 28, 84, 19727 }, // İ
    { 8, 13, 9, 1, 13, 26, 19811 }, // ı
    { 16, 27, 17, 0, 27, 108, 19837 }, // Ĵ
    { 13, 26, 10, -2, 20, 85, 19945 }, // ĵ
    { 18, 26, 20, 1, 26, 117, 20030 }, // Ĺ
    { 9, 25, 9, 1, 25, 57, 20147 }, // ĺ
    { 18, 25, 20, 1, 25, 113, 20204 }, // Ľ
    { 12, 23, 15, 1, 23, 69, 20317 }, // ľ
    { 18, 21, 20, 1, 21, 95, 20386 }, // Ł
    { 10, 21, 11, 1, 20, 53, 20481 }, // ł
    { 24, 25, 26, 1, 25, 150, 20534 }, // Ń
    { 17, 19, 19, 1, 19, 81, 20684 }, // ń
    { 24, 26, 26, 1, 26, 156, 20765 }, // Ň
    { 17, 20, 19, 1, 20, 85, 20921 }, // ň
    { 23, 25, 25, 1, 25, 144, 21006 }, // Ő
    { 17, 19, 17, 0, 19, 81, 21150 }, // ő
    { 31, 20, 34, 2, 20, 155, 21231 }, // Œ
    { 25, 14, 26, 0, 13, 88, 21386 }, // œ
    { 24, 25, 25, 1, 25, 150, 21474 }, // Ŕ
    { 12, 19, 14, 1, 19, 57, 21624 }, // ŕ
    { 24, 26, 25, 1, 26, 156, 21681 }, // Ř
    { 12, 20, 14, 1, 20, 60, 21837 }, // ř
    { 16, 25, 19, 1, 25, 100, 21897 }, // Ś
    { 12, 20, 13, 1, 19, 60, 21997 }, // ś
    { 16, 27, 19, 1, 27, 108, 22057 }, // Ŝ
    { 12, 21, 13, 1, 20, 63, 22165 }, // ŝ
    { 16, 26, 19, 1, 20, 104, 22228 }, // Ş
    { 12, 19, 13, 1, 13, 57, 22332 }, // ş
    { 16, 26, 19, 1, 26, 104, 22389 }, // Š
    { 12, 21, 13, 1, 20, 63, 22493 }, // š
    { 21, 26, 23, 1, 20, 137, 22556 }, // Ţ
    { 13, 25, 13, 0, 19, 82, 22693 }, // ţ
    { 21, 27, 23, 1, 26, 142, 22775 }, // Ť
    { 14, 23, 13, 0, 23, 81, 22917 }, // ť
    { 24, 24, 26, 1, 24, 144, 22998 }, // Ū
    { 17, 18, 19, 1, 17, 77, 23142 }, // ū
    { 24, 26, 26, 1, 26, 156, 23219 }, // Ŭ
    { 17, 19, 19, 1, 18, 81, 23375 }, // ŭ
    { 24, 26, 26, 1, 26, 156, 23456 }, // Ů
    { 17, 20, 19, 1, 19, 85, 23612 }, // ů
    { 24, 25, 26, 1, 25, 150, 23697 }, // Ű
    { 17, 20, 19, 1, 19, 85, 23847 }, // ű
    { 25, 27, 25, 0, 26, 169, 23932 }, // Ÿ
    { 18, 25, 20, 1, 25, 113, 24101 }, // Ź
    { 14, 19, 15, 0, 19, 67, 24214 }, // ź
    { 18, 28, 20, 1, 28, 126, 24281 }, // Ż
    { 14, 20, 15, 0, 20, 70, 24407 }, // ż
    { 18, 26, 20, 1, 26, 117, 24477 }, // Ž
    { 14, 20, 15, 0, 20, 70, 24594 }, // ž
    { 20, 25, 22, 1, 25, 125, 24664 }, // Ѐ
    { 20, 26, 22, 1, 26, 130, 24789 }, // Ё
    { 26, 20, 28, 1, 20, 130, 24919 }, // Ђ
    { 18, 25, 20, 1, 25, 113, 25049 }, // Ѓ
    { 22, 20, 24, 1, 20, 110, 25162 }, // Є
    { 16, 21, 19, 1, 21, 84, 25272 }, // Ѕ
    { 12, 21, 13, 0, 21, 63, 25356 }, // І
    { 12, 27, 13, 0, 27, 81, 25419 }, // Ї
    { 16, 21, 17, 0, 21, 84, 25500 }, // Ј
    { 34, 20, 36, 0, 20, 170, 25584 }, // Љ
    { 33, 21, 36, 1, 21, 174, 25754 }, // Њ
    { 25, 21, 25, 1, 20, 132, 25928 }, // Ћ
    { 24, 25, 26, 1, 25, 150, 26060 }, // Ќ
    { 24, 25, 26, 1, 25, 150, 26210 }, // Ѝ
    { 25, 26, 25, 0, 26, 163, 26360 }, // Ў
    { 24, 27, 26, 1, 21, 162, 26523 }, // Џ
    { 23, 20, 25, 1, 20, 115, 26685 }, // А
    { 21, 20, 24, 1, 20, 105, 26800 }, // Б
    { 21, 20, 24, 1, 20, 105, 26905 }, // В
    { 18, 20, 20, 1, 20, 90, 27010 }, // Г
    { 28, 26, 26, -1, 20, 182, 27100 }, // Д
    { 20, 20, 22, 1, 20, 100, 27282 }, // Е
    { 38, 20, 40, 1, 20, 190, 27382 }, // Ж
    { 18, 20, 20, 1, 20, 90, 27572 }, // З
    { 24, 21, 26, 1, 21, 126, 27662 }, // И
    { 24, 26, 26, 1, 26, 156, 27788 }, // Й
    { 24, 20, 26, 1, 20, 120, 27944 }, // К
    { 25, 21, 26, 0, 20, 132, 28064 }, // Л
    { 30, 20, 32, 1, 20, 150, 28196 }, // М
    { 24, 21, 26, 1, 21, 126, 28346 }, // Н
    { 23, 20, 25, 1, 20, 115, 28472 }, // О
    { 24, 20, 26, 1, 20, 120, 28587 }, // П
    { 20, 20, 23, 1, 20, 100, 28707 }, // Р
    { 22, 20, 24, 1, 20, 110, 28807 }, // С
    { 21, 21, 23, 1, 20, 111, 28917 }, // Т
    { 25, 20, 25, 0, 20, 125, 29028 }, // У
    { 25, 22, 28, 1, 21, 138, 29153 }, // Ф
    { 25, 20, 25, 0, 20, 125, 29291 }, // Х
    { 26, 27, 26, 1, 21, 176, 29416 }, // Ц
    { 24, 21, 26, 1, 20, 126, 29592 }, // Ч
    { 37, 20, 39, 1, 20, 185, 29718 }, // Ш
    { 38, 26, 39, 1, 20, 247, 29903 }, // Щ
    { 27, 20, 29, 1, 20, 135, 30150 }, // Ъ
    { 31, 21, 33, 1, 21, 163, 30285 }, // Ы
    { 21, 21, 24, 1, 21, 111, 30448 }, // Ь
    { 22, 21, 24, 1, 21, 116, 30559 }, // Э
    { 35, 21, 37, 1, 21, 184, 30675 }, // Ю
    { 24, 20, 26, 1, 20, 120, 30859 }, // Я
    { 17, 13, 16, 0, 13, 56, 30979 }, // а
    { 16, 20, 17, 0, 20, 80, 31035 }, // б
    { 15, 13, 17, 1, 13, 49, 31115 }, // в
    { 14, 13, 14, 0, 13, 46, 31164 }, // г
    { 19, 17, 19, 0, 13, 81, 31210 }, // д
    { 15, 13, 15, 0, 13, 49, 31291 }, // е
    { 28, 13, 28, 0, 13, 91, 31340 }, // ж
    { 14, 13, 15, 0, 13, 46, 31431 }, // з
    { 18, 13, 19, 0, 13, 59, 31477 }, // и
    { 18, 20, 19, 0, 20, 90, 31536 }, // й
    { 18, 13, 19, 0, 13, 59, 31626 }, // к
    { 18, 13, 19, 0, 13, 59, 31685 }, // л
    { 20, 13, 22, 1, 13, 65, 31744 }, // м
    { 18, 13, 19, 0, 13, 59, 31809 }, // н
    { 16, 13, 17, 0, 13, 52, 31868 }, // о
    { 18, 13, 19, 0, 13, 59, 31920 }, // п
    { 17, 19, 19, 1, 13, 81, 31979 }, // р
    { 13, 13, 15, 1, 13, 43, 32060 }, // с
    { 15, 13, 16, 0, 13, 49, 32103 }, // т
    { 17, 19, 18, 0, 13, 81, 32152 }, // у
    { 24, 26, 26, 1, 20, 156, 32233 }, // ф
    { 17, 13, 18, 0, 13, 56, 32389 }, // х
    { 19, 17, 19, 0, 13, 81, 32445 }, // ц
    { 18, 13, 19, 0, 13, 59, 32526 }, // ч
    { 27, 13, 27, 0, 13, 88, 32585 }, // ш
    { 28, 17, 27, 0, 13, 119, 32673 }, // щ
    { 19, 13, 20, 0, 13, 62, 32792 }, // ъ
    { 24, 13, 24, 0, 13, 78, 32854 }, // ы
    { 16, 13, 17, 0, 13, 52, 32932 }, // ь
    { 14, 13, 15, 0, 13, 46, 32984 }, // э
    { 25, 14, 25, 0, 13, 88, 33030 }, // ю
    { 17, 13, 18, 0, 13, 56, 33118 }, // я
    { 15, 19, 15, 0, 19, 72, 33174 }, // ѐ
    { 15, 20, 15, 0, 20, 75, 33246 }, // ё
    { 17, 26, 18, 0, 20, 111, 33321 }, // ђ
    { 14, 19, 14, 0, 19, 67, 33432 }, // ѓ
    { 14, 13, 15, 0, 13, 46, 33499 }, // є
    { 12, 14, 13, 1, 13, 42, 33545 }, // ѕ
    { 8, 20, 9, 1, 20, 40, 33587 }, // і
    { 12, 20, 9, -1, 20, 60, 33627 }, // ї
    { 10, 26, 10, -2, 20, 65, 33687 }, // ј
    { 24, 13, 25, 0, 13, 78, 33752 }, // љ
    { 24, 13, 25, 0, 13, 78, 33830 }, // њ
    { 18, 20, 19, 0, 20, 90, 33908 }, // ћ
    { 18, 19, 19, 0, 19, 86, 33998 }, // ќ
    { 18, 19, 19, 0, 19, 86, 34084 }, // ѝ
    { 17, 26, 18, 0, 20, 111, 34170 }, // ў
    { 18, 17, 19, 0, 13, 77, 34281 }, // џ
    { 32, 20, 34, 1, 20, 160, 34358 }, // Ѡ
    { 25, 14, 27, 1, 13, 88, 34518 }, // ѡ
    { 25, 22, 27, 1, 22, 138, 34606 }, // Ѣ
    { 16, 20, 17, 0, 20, 80, 34744 }, // ѣ
    { 34, 21, 36, 1, 21, 179, 34824 }, // Ѥ
    { 23, 14, 23, 0, 13, 81, 35003 }, // ѥ
    { 32, 20, 33, 1, 20, 160, 35084 }, // Ѧ
    { 25, 13, 25, 0, 13, 82, 35244 }, // ѧ
    { 42, 21, 45, 1, 21, 221, 35326 }, // Ѩ
    { 33, 13, 34, 0, 13, 108, 35547 }, // ѩ
    { 34, 20, 34, 0, 20, 170, 35655 }, // Ѫ
    { 28, 13, 28, 0, 13, 91, 35825 }, // ѫ
    { 45, 20, 46, 1, 20, 225, 35916 }, // Ѭ
    { 37, 13, 38, 0, 13, 121, 36141 }, // ѭ
    { 18, 30, 19, 0, 24, 135, 36262 }, // Ѯ
    { 13, 22, 14, 0, 16, 72, 36397 }, // ѯ
    { 24, 22, 26, 1, 21, 132, 36469 }, // Ѱ
    { 21, 26, 21, 0, 20, 137, 36601 }, // ѱ
    { 23, 20, 25, 1, 20, 115, 36738 }, // Ѳ
    { 14, 13, 15, 0, 13, 46, 36853 }, // ѳ
    { 27, 20, 27, 0, 20, 135, 36899 }, // Ѵ
    { 20, 13, 20, 0, 13, 65, 37034 }, // ѵ
    { 27, 25, 27, 0, 25, 169, 37099 }, // Ѷ
    { 20, 19, 20, 0, 19, 95, 37268 }, // ѷ
    { 29, 26, 32, 1, 23, 189, 37363 }, // Ѻ
    { 20, 17, 20, 0, 15, 85, 37552 }, // ѻ
    { 32, 27, 34, 1, 27, 216, 37637 }, // Ѽ
    { 25, 20, 27, 1, 19, 125, 37853 }, // ѽ
    { 32, 26, 34, 1, 26, 208, 37978 }, // Ѿ
    { 25, 20, 27, 1, 19, 125, 38186 }, // ѿ
    { 23, 26, 24, 1, 20, 150, 38311 }, // Ҁ
    { 14, 19, 15, 0, 13, 67, 38461 }, // ҁ
    { 13, 9, 15, 1, 6, 30, 38528 }, // ҂
    { 14, 5, 0, -7, 20, 18, 38558 }, // ҃
    { 19, 6, 0, -18, 19, 29, 38576 }, // ҄
    { 9, 5, 0, -13, 20, 12, 38605 }, // ҅
    { 9, 5, 0, -13, 20, 12, 38617 }, // ҆
    { 37, 31, 0, -37, 23, 287, 38629 }, // ҈
    { 41, 37, 0, -39, 26, 380, 38916 }, // ҉
    { 26, 32, 26, 1, 26, 208, 39296 }, // Ҋ
    { 19, 24, 19, 0, 20, 114, 39504 }, // ҋ
    { 25, 21, 27, 1, 21, 132, 39618 }, // Ҍ
    { 17, 20, 17, -1, 20, 85, 39750 }, // ҍ
    { 21, 20, 23, 1, 20, 105, 39835 }, // Ҏ
    { 18, 19, 19, 1, 13, 86, 39940 }, // ҏ
    { 19, 26, 20, 1, 26, 124, 40026 }, // Ґ
    { 14, 17, 14, 0, 17, 60, 40150 }, // ґ
    { 19, 21, 20, 0, 20, 100, 40210 }, // Ғ
    { 14, 13, 14, 0, 13, 46, 40310 }, // ғ
    { 22, 26, 25, 1, 20, 143, 40356 }, // Ҕ
    { 17, 19, 19, 0, 13, 81, 40499 }, // ҕ
    { 39, 26, 40, 1, 20, 254, 40580 }, // Җ
    { 28, 17, 28, 0, 13, 119, 40834 }, // җ
    { 18, 27, 20, 1, 20, 122, 40953 }, // Ҙ
    { 14, 20, 15, 0, 13, 70, 41075 }, // ҙ
    { 25, 27, 26, 1, 21, 169, 41145 }, // Қ
    { 19, 17, 19, 0, 13, 81, 41314 }, // қ
    { 27, 21, 29, 1, 21, 142, 41395 }, // Ҝ
    { 21, 13, 21, 0, 13, 69, 41537 }, // ҝ
    { 25, 20, 26, 0, 20, 125, 41606 }, // Ҟ
    { 18, 20, 19, 0, 20, 90, 41731 }, // ҟ
    { 30, 20, 31, 1, 20, 150, 41821 }, // Ҡ
    { 22, 13, 22, 0, 13, 72, 41971 }, // ҡ
    { 26, 27, 26, 1, 21, 176, 42043 }, // Ң
    { 19, 17, 19, 0, 13, 81, 42219 }, // ң
    { 30, 20, 32, 1, 20, 150, 42300 }, // Ҥ
    { 21, 13, 22, 0, 13, 69, 42450 }, // ҥ
    { 35, 26, 36, 1, 20, 228, 42519 }, // Ҧ
    { 25, 19, 26, 0, 13, 119, 42747 }, // ҧ
    { 24, 22, 26, 1, 20, 132, 42866 }, // Ҩ
    { 16, 15, 17, 0, 13, 60, 42998 }, // ҩ
    { 22, 27, 24, 1, 20, 149, 43058 }, // Ҫ
    { 13, 20, 15, 1, 13, 65, 43207 }, // ҫ
    { 21, 26, 23, 1, 20, 137, 43272 }, // Ҭ
    { 15, 17, 16, 0, 13, 64, 43409 }, // ҭ
    { 25, 21, 25, 0, 20, 132, 43473 }, // Ү
    { 18, 20, 18, 0, 13, 90, 43605 }, // ү
    { 25, 21, 25, 0, 20, 132, 43695 }, // Ұ
    { 18, 20, 18, 0, 13, 90, 43827 }, // ұ
    { 26, 26, 25, 0, 20, 169, 43917 }, // Ҳ
    { 18, 17, 18, 0, 13, 77, 44086 }, // ҳ
    { 34, 26, 33, 0, 20, 221, 44163 }, // Ҵ
    { 23, 17, 22, 0, 13, 98, 44384 }, // ҵ
    { 26, 26, 26, 1, 20, 169, 44482 }, // Ҷ
    { 19, 17, 19, 0, 13, 81, 44651 }, // ҷ
    { 24, 21, 26, 1, 20, 126, 44732 }, // Ҹ
    { 18, 13, 19, 0, 13, 59, 44858 }, // ҹ
    { 24, 21, 26, 1, 21, 126, 44917 }, // Һ
    { 17, 20, 19, 1, 20, 85, 45043 }, // һ
    { 28, 20, 29, 0, 20, 140, 45128 }, // Ҽ
    { 20, 13, 21, 0, 13, 65, 45268 }, // ҽ
    { 28, 26, 29, 0, 20, 182, 45333 }, // Ҿ
    { 20, 19, 21, 0, 13, 95, 45515 }, // ҿ
    { 12, 21, 13, 0, 21, 63, 45610 }, // Ӏ
    { 38, 26, 40, 1, 26, 247, 45673 }, // Ӂ
    { 28, 18, 28, 0, 18, 126, 45920 }, // ӂ
    { 24, 27, 26, 1, 21, 162, 46046 }, // Ӄ
    { 18, 19, 19, 0, 13, 86, 46208 }, // ӄ
    { 25, 26, 26, 0, 20, 163, 46294 }, // Ӆ
    { 18, 17, 19, 0, 13, 77, 46457 }, // ӆ
    { 24, 27, 26, 1, 21, 162, 46534 }, // Ӈ
    { 18, 19, 19, 0, 13, 86, 46696 }, // ӈ
    { 25, 27, 26, 1, 21, 169, 46782 }, // Ӊ
    { 18, 17, 19, 0, 13, 77, 46951 }, // ӊ
    { 24, 26, 26, 1, 20, 156, 47028 }, // Ӌ
    { 18, 17, 19, 0, 13, 77, 47184 }, // ӌ
    { 30, 26, 32, 1, 20, 195, 47261 }, // Ӎ
    { 21, 17, 22, 1, 13, 90, 47456 }, // ӎ
    { 23, 26, 25, 1, 26, 150, 47546 }, // Ӑ
    { 17, 18, 16, 0, 18, 77, 47696 }, // ӑ
    { 23, 26, 25, 1, 26, 150, 47773 }, // Ӓ
    { 17, 20, 16, 0, 20, 85, 47923 }, // ӓ
    { 29, 20, 30, 1, 20, 145, 48008 }, // Ӕ
    { 23, 13, 24, 1, 13, 75, 48153 }, // ӕ
    { 20, 26, 22, 1, 26, 130, 48228 }, // Ӗ
    { 15, 18, 15, 0, 18, 68, 48358 }, // ӗ
    { 22, 21, 23, 0, 21, 116, 48426 }, // Ә
    { 15, 13, 15, 0, 13, 49, 48542 }, // ә
    { 23, 26, 24, 0, 26, 150, 48591 }, // Ӛ
    { 15, 20, 15, 0, 20, 75, 48741 }, // ӛ
    { 38, 26, 40, 1, 26, 247, 48816 }, // Ӝ
    { 28, 20, 28, 0, 20, 140, 49063 }, // ӝ
    { 18, 26, 20, 1, 26, 117, 49203 }, // Ӟ
    { 14, 20, 15, 0, 20, 70, 49320 }, // ӟ
    { 17, 20, 19, 1, 20, 85, 49390 }, // Ӡ
    { 13, 19, 15, 1, 13, 62, 49475 }, // ӡ
    { 24, 25, 26, 1, 25, 150, 49537 }, // Ӣ
    { 18, 20, 19, 0, 20, 90, 49687 }, // ӣ
    { 24, 26, 26, 1, 26, 156, 49777 }, // Ӥ
    { 18, 20, 19, 0, 20, 90, 49933 }, // ӥ
    { 23, 26, 25, 1, 26, 150, 50023 }, // Ӧ
    { 16, 20, 17, 0, 20, 80, 50173 }, // ӧ
    { 23, 20, 25, 1, 20, 115, 50253 }, // Ө
    { 16, 13, 17, 0, 13, 52, 50368 }, // ө
    { 23, 26, 25, 1, 26, 150, 50420 }, // Ӫ
    { 16, 20, 17, 0, 20, 80, 50570 }, // ӫ
    { 22, 26, 24, 1, 26, 143, 50650 }, // Ӭ
    { 14, 20, 15, 0, 20, 70, 50793 }, // ӭ
    { 25, 25, 25, 0, 25, 157, 50863 }, // Ӯ
    { 17, 26, 18, 0, 20, 111, 51020 }, // ӯ
    { 25, 26, 25, 0, 26, 163, 51131 }, // Ӱ
    { 17, 26, 18, 0, 20, 111, 51294 }, // ӱ
    { 25, 26, 25, 0, 26, 163, 51405 }, // Ӳ
    { 17, 25, 18, 0, 19, 107, 51568 }, // ӳ
    { 24, 27, 26, 1, 26, 162, 51675 }, // Ӵ
    { 18, 20, 19, 0, 20, 90, 51837 }, // ӵ
    { 18, 26, 20, 1, 20, 117, 51927 }, // Ӷ
    { 14, 17, 14, 0, 13, 60, 52044 }, // ӷ
    { 31, 26, 33, 1, 26, 202, 52104 }, // Ӹ
    { 24, 20, 24, 0, 20, 120, 52306 }, // ӹ
    { 23, 26, 25, 0, 20, 150, 52426 }, // Ӽ
    { 17, 19, 18, 0, 13, 81, 52576 }, // ӽ
    { 25, 20, 25, 0, 20, 125, 52657 }, // Ӿ
    { 17, 13, 18, 0, 13, 56, 52782 }, // ӿ
    { 0, 0, 17, 0, 0, 0, 52838 }, //  
    { 0, 0, 33, 0, 0, 0, 52838 }, //  
    { 0, 0, 17, 0, 0, 0, 52838 }, //  
    { 0, 0, 33, 0, 0, 0, 52838 }, //  
    { 0, 0, 11, 0, 0, 0, 52838 }, //  
    { 0, 0, 8, 0, 0, 0, 52838 }, //  
    { 0, 0, 6, 0, 0, 0, 52838 }, //  
    { 0, 0, 17, 0, 0, 0, 52838 }, //  
    { 0, 0, 9, 0, 0, 0, 52838 }, //  
    { 0, 0, 7, 0, 0, 0, 52838 }, //  
    { 0, 0, 1, 0, 0, 0, 52838 }, //  
    { 0, 0, 0, 0, 0, 0, 52838 }, // ​
    { 0, 0, 0, 0, 0, 0, 52838 }, // ‌
    { 0, 0, 0, 0, 0, 0, 52838 }, // ‍
    { 10, 3, 11, 0, 8, 8, 52838 }, // ‐
    { 10, 3, 11, 0, 8, 8, 52846 }, // ‑
    { 17, 2, 17, 0, 9, 9, 52854 }, // ‒
    { 17, 1, 17, 0, 8, 5, 52863 }, // –
    { 34, 1, 33, 0, 8, 9, 52868 }, // —
    { 7, 30, 17, 5, 22, 53, 52877 }, // ‖
    { 6, 12, 9, 1, 21, 18, 52930 }, // ‘
    { 6, 11, 9, 2, 20, 17, 52948 }, // ’
    { 6, 11, 9, 2, 5, 17, 52965 }, // ‚
    { 6, 11, 9, 2, 20, 17, 52982 }, // ‛
    { 14, 12, 12, -1, 21, 42, 52999 }, // “
    { 14, 11, 12, -1, 21, 39, 53041 }, // ”
    { 14, 11, 12, -1, 5, 39, 53080 }, // „
    { 14, 11, 12, -1, 20, 39, 53119 }, // ‟
    { 12, 27, 15, 1, 20, 81, 53158 }, // †
    { 12, 25, 15, 1, 20, 75, 53239 }, // ‡
    { 14, 13, 17, 1, 14, 46, 53314 }, // •
    { 24, 5, 28, 2, 5, 30, 53360 }, // …
    { 14, 25, 16, 1, 20, 88, 53390 }, //  
    { 0, 0, 5, 0, 0, 0, 53478 }, //  
    { 37, 24, 39, 1, 22, 222, 53478 }, // ‰
    { 50, 24, 52, 1, 22, 300, 53700 }, // ‱
    { 9, 14, 15, 3, 15, 32, 54000 }, // ‹
    { 9, 14, 15, 3, 15, 32, 54032 }, // ›
    { 17, 18, 19, 1, 16, 77, 54064 }, // ※
    { 13, 20, 16, 1, 21, 65, 54141 }, // ‽
    { 13, 5, 12, 0, -2, 17, 54206 }, // ‿
    { 15, 4, 17, 1, 18, 15, 54223 }, // ⁀
    { 14, 33, 17, 1, 22, 116, 54238 }, // ⁄
    { 8, 31, 12, 2, 22, 62, 54354 }, // ⁅
    { 8, 29, 12, 2, 22, 58, 54416 }, // ⁆
    { 14, 24, 17, 1, 22, 84, 54474 }, // ⁒
    { 13, 6, 12, 0, -2, 20, 54558 }, // ⁔
    { 0, 0, 7, 0, 0, 0, 54578 }, //  
    { 22, 22, 24, 1, 22, 121, 54578 }, // ₡
    { 20, 20, 21, 1, 20, 100, 54699 }, // ₤
    { 27, 20, 27, 0, 20, 135, 54799 }, // ₦
    { 34, 19, 34, 0, 19, 162, 54934 }, // ₩
    { 17, 23, 19, 1, 22, 98, 55096 }, // ₫
    { 23, 18, 26, 0, 19, 104, 55194 }, // €
    { 24, 22, 26, 1, 22, 132, 55298 }, // ₲
    { 26, 21, 30, 2, 21, 137, 55430 }, // ∆
    { 18, 28, 16, 0, 25, 126, 55567 }, // √
};

static const EpdUnicodeInterval cmu_14_boldIntervals[] = {
    { 0xD, 0xD, 0x0 },
    { 0x20, 0x7E, 0x1 },
    { 0xA0, 0xA3, 0x60 },
    { 0xA5, 0xA5, 0x64 },
    { 0xA7, 0xB1, 0x65 },
    { 0xB4, 0xB8, 0x70 },
    { 0xBA, 0xBB, 0x75 },
    { 0xBF, 0xD6, 0x77 },
    { 0xD8, 0xFF, 0x8F },
    { 0x100, 0x113, 0xB7 },
    { 0x116, 0x121, 0xCB },
    { 0x124, 0x125, 0xD7 },
    { 0x127, 0x127, 0xD9 },
    { 0x12A, 0x12B, 0xDA },
    { 0x130, 0x131, 0xDC },
    { 0x134, 0x135, 0xDE },
    { 0x139, 0x13A, 0xE0 },
    { 0x13D, 0x13E, 0xE2 },
    { 0x141, 0x144, 0xE4 },
    { 0x147, 0x148, 0xE8 },
    { 0x150, 0x155, 0xEA },
    { 0x158, 0x165, 0xF0 },
    { 0x16A, 0x171, 0xFE },
    { 0x178, 0x17E, 0x106 },
    { 0x400, 0x477, 0x10D },
    { 0x47A, 0x486, 0x185 },
    { 0x488, 0x4CE, 0x192 },
    { 0x4D0, 0x4F9, 0x1D9 },
    { 0x4FC, 0x4FF, 0x203 },
    { 0x2000, 0x200D, 0x207 },
    { 0x2010, 0x2014, 0x215 },
    { 0x2016, 0x2016, 0x21A },
    { 0x2018, 0x2022, 0x21B },
    { 0x2026, 0x2026, 0x226 },
    { 0x2029, 0x2029, 0x227 },
    { 0x202F, 0x2031, 0x228 },
    { 0x2039, 0x203B, 0x22B },
    { 0x203D, 0x203D, 0x22E },
    { 0x203F, 0x2040, 0x22F },
    { 0x2044, 0x2046, 0x231 },
    { 0x2052, 0x2052, 0x234 },
    { 0x2054, 0x2054, 0x235 },
    { 0x205F, 0x205F, 0x236 },
    { 0x20A1, 0x20A1, 0x237 },
    { 0x20A4, 0x20A4, 0x238 },
    { 0x20A6, 0x20A6, 0x239 },
    { 0x20A9, 0x20A9, 0x23A },
    { 0x20AB, 0x20AC, 0x23B },
    { 0x20B2, 0x20B2, 0x23D },
    { 0x2206, 0x2206, 0x23E },
    { 0x221A, 0x221A, 0x23F },
};

static const EpdFontData cmu_14_bold = {
    cmu_14_boldBitmaps,
    cmu_14_boldGlyphs,
    cmu_14_boldIntervals,
    51,
    39,
    28,
    -12,
    true,
};
