/**
 * generated by fontconvert.py
 * name: cmu_16_bolditalic
 * size: 16
 * mode: 2-bit
 */
#pragma once
#include "EpdFontData.h"

static const uint8_t cmu_16_bolditalicBitmaps[74574] = {
    0x00, 0x02, 0x80, 0x00, 0x3F, 0xC0, 0x02, 0xFF, 0x00, 0x0F, 0xFC, 0x00, 0x3F, 0xD0, 0x00, 0xFF,
    0x00, 0x07, 0xFC, 0x00, 0x1F, 0xD0, 0x00, 0xBF, 0x00, 0x02, 0xF8, 0x00, 0x0F, 0xD0, 0x00, 0x3F,
    0x00, 0x00, 0xF8, 0x00, 0x07, 0xC0, 0x00, 0x1F, 0x00, 0x00, 0xB8, 0x00, 0x01, 0x80, 0x00, 0x00,
    0x00, 0x00, 0x00, 0x00, 0x03, 0xE0, 0x00, 0x3F, 0xD0, 0x01, 0xFF, 0x40, 0x07, 0xFC, 0x00, 0x0B,
    0x80, 0x00, 0x0B, 0x80, 0xF4, 0xBF, 0x0F, 0xF3, 0xFC, 0x3F, 0x8F, 0xE0, 0xFD, 0x3F, 0x07, 0xF0,
    0xF8, 0x1F, 0x87, 0xD0, 0xBC, 0x1F, 0x02, 0xF0, 0xB8, 0x0B, 0x42, 0xC0, 0x3C, 0x0F, 0x00, 0xE0,
    0x24, 0x03, 0x00, 0x00, 0x00, 0x00, 0x00, 0x00, 0x00, 0x00, 0x60, 0x00, 0x60, 0x00, 0x00, 0x00,
    0x00, 0xD0, 0x00, 0xD0, 0x00, 0x00, 0x00, 0x02, 0xC0, 0x01, 0xC0, 0x00, 0x00, 0x00, 0x03, 0x40,
    0x03, 0x40, 0x00, 0x00, 0x00, 0x0B, 0x00, 0x07, 0x00, 0x00, 0x00, 0x00, 0x0D, 0x00, 0x0D, 0x00,
    0x00, 0x00, 0x00, 0x2C, 0x00, 0x1C, 0x00, 0x00, 0x00, 0x00, 0x34, 0x00, 0x34, 0x00, 0x00, 0x00,
    0x00, 0xB0, 0x00, 0x70, 0x00, 0x00, 0x00, 0x00, 0xD0, 0x00, 0xD0, 0x00, 0x00, 0x00, 0x02, 0xC0,
    0x01, 0xC0, 0x00, 0x0F, 0xFF, 0xFF, 0xFF, 0xFF, 0xFF, 0xFC, 0x00, 0x00, 0x0E, 0x00, 0x0A, 0x00,
    0x00, 0x00, 0x00, 0x1C, 0x00, 0x0C, 0x00, 0x00, 0x00, 0x00, 0x34, 0x00, 0x28, 0x00, 0x00, 0x00,
    0x00, 0x70, 0x00, 0x70, 0x00, 0x00, 0x00, 0x00, 0xD0, 0x00, 0xE0, 0x00, 0x00, 0x00, 0x02, 0xC0,
    0x01, 0xC0, 0x00, 0x00, 0xBF, 0xFF, 0xFF, 0xFF, 0xFF, 0xFF, 0xC0, 0x00, 0x0E, 0x00, 0x0B, 0x00,
    0x00, 0x00, 0x00, 0x1C, 0x00, 0x0C, 0x00, 0x00, 0x00, 0x00, 0x38, 0x00, 0x28, 0x00, 0x00, 0x00,
    0x00, 0x70, 0x00, 0x70, 0x00, 0x00, 0x00, 0x00, 0xD0, 0x00, 0xE0, 0x00, 0x00, 0x00, 0x02, 0xC0,
    0x01, 0xC0, 0x00, 0x00, 0x00, 0x03, 0x40, 0x03, 0x40, 0x00, 0x00, 0x00, 0x0A, 0x00, 0x0B, 0x00,
    0x00, 0x00, 0x00, 0x0C, 0x00, 0x0D, 0x00, 0x00, 0x00, 0x00, 0x28, 0x00, 0x18, 0x00, 0x00, 0x00,
    0x00, 0x00, 0x00, 0x03, 0x40, 0x00, 0x00, 0x07, 0xFE, 0x40, 0x00, 0x07, 0xFF, 0xFE, 0x00, 0x02,
    0xF8, 0xF1, 0xF4, 0x00, 0x7D, 0x0E, 0x07, 0xC0, 0x0F, 0x81, 0xD0, 0x7C, 0x01, 0xF0, 0x2C, 0x2F,
    0xC0, 0x3F, 0x03, 0x83, 0xFC, 0x03, 0xF0, 0x34, 0x3F, 0x00, 0x3F, 0xC7, 0x00, 0x00, 0x03, 0xFF,
    0xF8, 0x00, 0x00, 0x3F, 0xFF, 0xF8, 0x00, 0x01, 0xFF, 0xFF, 0xD0, 0x00, 0x07, 0xFF, 0xFF, 0x00,
    0x00, 0x07, 0xFF, 0xF4, 0x00, 0x00, 0x38, 0xBF, 0x40, 0x1A, 0x03, 0x43, 0xF4, 0x07, 0xF4, 0x70,
    0x2F, 0x00, 0xBF, 0x0B, 0x02, 0xF0, 0x0F, 0xD0, 0xE0, 0x3E, 0x00, 0xB0, 0x0D, 0x0B, 0xC0, 0x0B,
    0x81, 0xC1, 0xF4, 0x00, 0x3E, 0x2D, 0xBE, 0x00, 0x01, 0xFF, 0xFF, 0x40, 0x00, 0x06, 0xFF, 0x40,
    0x00, 0x00, 0x03, 0x40, 0x00, 0x00, 0x00, 0x10, 0x00, 0x00, 0x00, 0x00, 0x06, 0xF8, 0x00, 0x00,
    0x00, 0xB0, 0x00, 0xBC, 0x3D, 0x00, 0x00, 0x0B, 0xC0, 0x07, 0xC0, 0xBD, 0x00, 0x00, 0xBC, 0x00,
    0x3E, 0x01, 0xFE, 0x40, 0x6F, 0xC0, 0x02, 0xF4, 0x07, 0x4B, 0xFF, 0xFC, 0x00, 0x0F, 0xC0, 0x1D,
    0x00, 0x03, 0xC0, 0x00, 0x7F, 0x00, 0xB4, 0x00, 0x3C, 0x00, 0x02, 0xF8, 0x03, 0xC0, 0x03, 0xC0,
    0x00, 0x0F, 0xD0, 0x0E, 0x00, 0x3C, 0x00, 0x00, 0x3F, 0x00, 0x74, 0x03, 0xC0, 0x00, 0x00, 0xFC,
    0x03, 0xC0, 0x3C, 0x00, 0x00, 0x02, 0xF0, 0x2D, 0x03, 0xC0, 0x00, 0x00, 0x03, 0xD2, 0xD0, 0x3D,
    0x00, 0x00, 0x00, 0x02, 0xF8, 0x03, 0xD0, 0x00, 0x00, 0x00, 0x00, 0x00, 0x3D, 0x00, 0x6F, 0xD0,
    0x00, 0x00, 0x03, 0xD0, 0x0B, 0xD2, 0xC0, 0x00, 0x00, 0x3D, 0x00, 0xBC, 0x03, 0x80, 0x00, 0x03,
    0xD0, 0x07, 0xE0, 0x0E, 0x00, 0x00, 0x3D, 0x00, 0x3F, 0x40, 0x38, 0x00, 0x03, 0xD0, 0x00, 0xFC,
    0x01, 0xE0, 0x00, 0x3D, 0x00, 0x07, 0xF0, 0x0B, 0x00, 0x03, 0xD0, 0x00, 0x2F, 0x80, 0x3C, 0x00,
    0x3D, 0x00, 0x00, 0xBD, 0x01, 0xD0, 0x03, 0xD0, 0x00, 0x01, 0xF0, 0x0E, 0x00, 0x3E, 0x00, 0x00,
    0x03, 0xE1, 0xE0, 0x00, 0xD0, 0x00, 0x00, 0x02, 0xFD, 0x00, 0x00, 0x00, 0x00, 0x7F, 0xD0, 0x00,
    0x00, 0x00, 0x00, 0x3E, 0x07, 0x80, 0x00, 0xBD, 0x00, 0x0F, 0x80, 0x3D, 0x00, 0x1F, 0xE0, 0x03,
    0xF0, 0x0F, 0xD0, 0x01, 0xFC, 0x00, 0xBF, 0x02, 0xFC, 0x00, 0x0B, 0xC0, 0x0F, 0xD0, 0x1F, 0x40,
    0x00, 0xF0, 0x01, 0xFC, 0x00, 0x00, 0x00, 0x3D, 0x00, 0x2F, 0xC0, 0x00, 0x00, 0x1F, 0x40, 0x02,
    0xFE, 0xFC, 0x00, 0x0F, 0xF0, 0x00, 0x2F, 0xF0, 0xF0, 0x0B, 0xDF, 0x40, 0x01, 0xFC, 0x0F, 0x02,
    0xE0, 0x7C, 0x00, 0x3F, 0xD2, 0xD0, 0x3C, 0x03, 0xC0, 0x0F, 0xFF, 0xF4, 0x0B, 0xBE, 0x2D, 0x01,
    0xFE, 0x00, 0x00, 0xBF, 0xE1, 0xD0, 0x2F, 0xC0, 0x00, 0x07, 0xFD, 0x1D, 0x03, 0xFC, 0x00, 0x00,
    0x1F, 0x82, 0xD0, 0x3F, 0x80, 0x00, 0x00, 0x00, 0x3C, 0x07, 0xF8, 0x00, 0x00, 0x00, 0x07, 0x80,
    0x7F, 0x40, 0x00, 0x00, 0x00, 0xF0, 0x03, 0xF4, 0x00, 0x00, 0x00, 0x2D, 0x00, 0x2F, 0xC0, 0x00,
    0x00, 0x0B, 0x80, 0x00, 0xFE, 0x00, 0x00, 0x02, 0xE0, 0x00, 0x01, 0xFD, 0x00, 0x07, 0xE0, 0x00,
    0x00, 0x01, 0xBF, 0xFF, 0x90, 0x00, 0x00, 0x0B, 0x82, 0xFC, 0x3F, 0xC3, 0xF8, 0x3F, 0x03, 0xF0,
    0x7D, 0x07, 0xC0, 0xB8, 0x0B, 0x00, 0xB0, 0x09, 0x00, 0x00, 0x00, 0x00, 0x00, 0x00, 0x90, 0x00,
    0x00, 0x3C, 0x00, 0x00, 0x1F, 0x00, 0x00, 0x07, 0xC0, 0x00, 0x01, 0xF0, 0x00, 0x00, 0x3D, 0x00,
    0x00, 0x0F, 0xC0, 0x00, 0x02, 0xF0, 0x00, 0x00, 0x7E, 0x00, 0x00, 0x0F, 0xC0, 0x00, 0x01, 0xF8,
    0x00, 0x00, 0x3F, 0x00, 0x00, 0x07, 0xF0, 0x00, 0x00, 0xBD, 0x00, 0x00, 0x0F, 0xC0, 0x00, 0x01,
    0xF8, 0x00, 0x00, 0x2F, 0x40, 0x00, 0x03, 0xF0, 0x00, 0x00, 0x3F, 0x00, 0x00, 0x03, 0xF0, 0x00,
    0x00, 0x7E, 0x00, 0x00, 0x07, 0xE0, 0x00, 0x00, 0x7D, 0x00, 0x00, 0x07, 0xD0, 0x00, 0x00, 0x7D,
    0x00, 0x00, 0x03, 0xD0, 0x00, 0x00, 0x3D, 0x00, 0x00, 0x03, 0xE0, 0x00, 0x00, 0x1F, 0x00, 0x00,
    0x00, 0xF0, 0x00, 0x00, 0x0B, 0x40, 0x00, 0x00, 0x3C, 0x00, 0x00, 0x00, 0xD0, 0x00, 0x00, 0x00,
    0x00, 0x00, 0x00, 0x00, 0x80, 0x00, 0x00, 0x0B, 0x00, 0x00, 0x00, 0x3C, 0x00, 0x00, 0x02, 0xD0,
    0x00, 0x00, 0x0F, 0x00, 0x00, 0x00, 0xF4, 0x00, 0x00, 0x0F, 0x80, 0x00, 0x00, 0xBC, 0x00, 0x00,
    0x0B, 0xC0, 0x00, 0x00, 0xBC, 0x00, 0x00, 0x0B, 0xC0, 0x00, 0x00, 0xFC, 0x00, 0x00, 0x0F, 0xC0,
    0x00, 0x00, 0xFC, 0x00, 0x00, 0x1F, 0xC0, 0x00, 0x01, 0xF8, 0x00, 0x00, 0x2F, 0x40, 0x00, 0x03,
    0xF0, 0x00, 0x00, 0x7F, 0x00, 0x00, 0x0B, 0xE0, 0x00, 0x00, 0xFC, 0x00, 0x00, 0x1F, 0x80, 0x00,
    0x02, 0xF4, 0x00, 0x00, 0x3F, 0x00, 0x00, 0x0B, 0xC0, 0x00, 0x00, 0xF8, 0x00, 0x00, 0x2F, 0x00,
    0x00, 0x07, 0xC0, 0x00, 0x00, 0xF4, 0x00, 0x00, 0x3D, 0x00, 0x00, 0x0F, 0x40, 0x00, 0x03, 0xD0,
    0x00, 0x00, 0xB0, 0x00, 0x00, 0x00, 0x00, 0x00, 0x00, 0x00, 0x00, 0x00, 0x00, 0x00, 0x00, 0x7C,
    0x00, 0x00, 0x00, 0xFC, 0x00, 0x00, 0x00, 0xF4, 0x00, 0x03, 0xC0, 0xF0, 0x2C, 0x0B, 0xF0, 0xE2,
    0xFC, 0x01, 0xFE, 0xEF, 0xD0, 0x00, 0x1F, 0xF8, 0x00, 0x00, 0x2F, 0xF4, 0x00, 0x07, 0xFB, 0x7F,
    0x80, 0x3F, 0x87, 0x0F, 0xF0, 0x3C, 0x0F, 0x03, 0xD0, 0x00, 0x0F, 0x00, 0x00, 0x00, 0x2F, 0x00,
    0x00, 0x00, 0x2D, 0x00, 0x00, 0x00, 0x00, 0x00, 0x00, 0x00, 0x00, 0x00, 0x0C, 0x00, 0x00, 0x00,
    0x00, 0x00, 0x1C, 0x00, 0x00, 0x00, 0x00, 0x00, 0x28, 0x00, 0x00, 0x00, 0x00, 0x00, 0x34, 0x00,
    0x00, 0x00, 0x00, 0x00, 0x30, 0x00, 0x00, 0x00, 0x00, 0x00, 0x70, 0x00, 0x00, 0x00, 0x00, 0x00,
    0xA0, 0x00, 0x00, 0x00, 0x00, 0x00, 0xD0, 0x00, 0x00, 0x00, 0x00, 0x00, 0xC0, 0x00, 0x00, 0x00,
    0x00, 0x01, 0xC0, 0x00, 0x00, 0x00, 0x00, 0x02, 0x80, 0x00, 0x00, 0xFF, 0xFF, 0xFF, 0xFF, 0xFF,
    0xFC, 0x00, 0x00, 0x07, 0x00, 0x00, 0x00, 0x00, 0x00, 0x07, 0x00, 0x00, 0x00, 0x00, 0x00, 0x0A,
    0x00, 0x00, 0x00, 0x00, 0x00, 0x0D, 0x00, 0x00, 0x00, 0x00, 0x00, 0x0C, 0x00, 0x00, 0x00, 0x00,
    0x00, 0x1C, 0x00, 0x00, 0x00, 0x00, 0x00, 0x28, 0x00, 0x00, 0x00, 0x00, 0x00, 0x34, 0x00, 0x00,
    0x00, 0x00, 0x00, 0x30, 0x00, 0x00, 0x00, 0x00, 0x00, 0x70, 0x00, 0x00, 0x00, 0x00, 0x00, 0xA0,
    0x00, 0x00, 0x00, 0x02, 0xF4, 0x0B, 0xFC, 0x0F, 0xFC, 0x0F, 0xFC, 0x07, 0xFC, 0x00, 0x34, 0x00,
    0x70, 0x00, 0xD0, 0x03, 0xC0, 0x0F, 0x00, 0x38, 0x00, 0x00, 0x00, 0x7F, 0xFF, 0xEB, 0xFF, 0xFE,
    0xFF, 0xFF, 0xDF, 0xFF, 0xFC, 0x0B, 0xD2, 0xFF, 0x3F, 0xF3, 0xFD, 0x1F, 0x40, 0x00, 0x00, 0x00,
    0x00, 0x00, 0x50, 0x00, 0x00, 0x00, 0x00, 0x0C, 0x00, 0x00, 0x00, 0x00, 0x03, 0x80, 0x00, 0x00,
    0x00, 0x00, 0x70, 0x00, 0x00, 0x00, 0x00, 0x0D, 0x00, 0x00, 0x00, 0x00, 0x02, 0x80, 0x00, 0x00,
    0x00, 0x00, 0x70, 0x00, 0x00, 0x00, 0x00, 0x0D, 0x00, 0x00, 0x00, 0x00, 0x02, 0xC0, 0x00, 0x00,
    0x00, 0x00, 0x70, 0x00, 0x00, 0x00, 0x00, 0x0E, 0x00, 0x00, 0x00, 0x00, 0x02, 0xC0, 0x00, 0x00,
    0x00, 0x00, 0x30, 0x00, 0x00, 0x00, 0x00, 0x0E, 0x00, 0x00, 0x00, 0x00, 0x02, 0xC0, 0x00, 0x00,
    0x00, 0x00, 0x34, 0x00, 0x00, 0x00, 0x00, 0x0E, 0x00, 0x00, 0x00, 0x00, 0x01, 0xC0, 0x00, 0x00,
    0x00, 0x00, 0x34, 0x00, 0x00, 0x00, 0x00, 0x0A, 0x00, 0x00, 0x00, 0x00, 0x01, 0xC0, 0x00, 0x00,
    0x00, 0x00, 0x34, 0x00, 0x00, 0x00, 0x00, 0x0B, 0x00, 0x00, 0x00, 0x00, 0x01, 0xC0, 0x00, 0x00,
    0x00, 0x00, 0x38, 0x00, 0x00, 0x00, 0x00, 0x0B, 0x00, 0x00, 0x00, 0x00, 0x00, 0xD0, 0x00, 0x00,
    0x00, 0x00, 0x38, 0x00, 0x00, 0x00, 0x00, 0x07, 0x00, 0x00, 0x00, 0x00, 0x00, 0xD0, 0x00, 0x00,
    0x00, 0x00, 0x28, 0x00, 0x00, 0x00, 0x00, 0x07, 0x00, 0x00, 0x00, 0x00, 0x00, 0xD0, 0x00, 0x00,
    0x00, 0x00, 0x00, 0x00, 0x00, 0x00, 0x00, 0x00, 0x00, 0x00, 0x6F, 0xF8, 0x00, 0x00, 0x0F, 0xD0,
    0x7E, 0x00, 0x00, 0xF8, 0x00, 0xBD, 0x00, 0x0F, 0xC0, 0x01, 0xF8, 0x00, 0xFD, 0x00, 0x07, 0xF0,
    0x07, 0xF0, 0x00, 0x2F, 0xC0, 0x3F, 0x80, 0x00, 0xBF, 0x01, 0xFD, 0x00, 0x03, 0xFC, 0x0B, 0xF0,
    0x00, 0x0F, 0xE0, 0x3F, 0xC0, 0x00, 0x7F, 0x81, 0xFE, 0x00, 0x02, 0xFD, 0x0B, 0xF4, 0x00, 0x0F,
    0xF0, 0x3F, 0xC0, 0x00, 0x3F, 0xC0, 0xFF, 0x00, 0x01, 0xFD, 0x03, 0xF8, 0x00, 0x0B, 0xF0, 0x1F,
    0xD0, 0x00, 0x3F, 0x80, 0x7F, 0x40, 0x01, 0xFC, 0x00, 0xFC, 0x00, 0x0B, 0xE0, 0x03, 0xF0, 0x00,
    0x3F, 0x00, 0x0B, 0xD0, 0x03, 0xF0, 0x00, 0x0F, 0xD0, 0x7E, 0x00, 0x00, 0x07, 0xFF, 0x80, 0x00,
    0x00, 0x00, 0x00, 0x00, 0x00, 0x00, 0x00, 0x00, 0x00, 0x80, 0x00, 0x01, 0xF0, 0x00, 0x02, 0xF8,
    0x00, 0x1B, 0xFD, 0x00, 0xFF, 0xFF, 0x00, 0x3E, 0x7F, 0xC0, 0x00, 0x0F, 0xE0, 0x00, 0x07, 0xF4,
    0x00, 0x02, 0xFC, 0x00, 0x00, 0xFF, 0x00, 0x00, 0x3F, 0x80, 0x00, 0x1F, 0xD0, 0x00, 0x0B, 0xF0,
    0x00, 0x03, 0xFC, 0x00, 0x00, 0xFE, 0x00, 0x00, 0x7F, 0x40, 0x00, 0x2F, 0xC0, 0x00, 0x0F, 0xF0,
    0x00, 0x03, 0xF8, 0x00, 0x01, 0xFD, 0x00, 0xBF, 0xFF, 0xFF, 0x2F, 0xFF, 0xFF, 0xC0, 0x00, 0x00,
    0x1F, 0xF9, 0x00, 0x00, 0x03, 0xD0, 0x7E, 0x00, 0x00, 0x78, 0x00, 0xBE, 0x00, 0x07, 0x84, 0x01,
    0xFC, 0x00, 0x3C, 0x30, 0x07, 0xF4, 0x02, 0xD0, 0xD0, 0x1F, 0xD0, 0x0F, 0x03, 0x40, 0xBF, 0x40,
    0x78, 0x1C, 0x03, 0xFC, 0x01, 0xD0, 0xE0, 0x1F, 0xE0, 0x03, 0x8B, 0x00, 0xFF, 0x00, 0x0B, 0xE0,
    0x0B, 0xF0, 0x00, 0x00, 0x00, 0xBE, 0x00, 0x00, 0x00, 0x1F, 0xC0, 0x00, 0x00, 0x02, 0xF4, 0x00,
    0x00, 0x00, 0xB8, 0x00, 0x0E, 0x00, 0x0E, 0x00, 0x00, 0x38, 0x00, 0xD0, 0x00, 0x03, 0xD0, 0x0F,
    0xF9, 0x40, 0x7F, 0x00, 0xB0, 0xFF, 0xFF, 0xF4, 0x07, 0x40, 0xBF, 0xFF, 0xC0, 0x3C, 0x00, 0xBF,
    0xFC, 0x00, 0xE0, 0x00, 0x7F, 0x40, 0x00, 0x00, 0x00, 0x6F, 0xF9, 0x00, 0x00, 0x3E, 0x01, 0xF8,
    0x00, 0x1F, 0x00, 0x0B, 0xD0, 0x03, 0xC0, 0x00, 0xBE, 0x00, 0xB0, 0xC0, 0x0B, 0xE0, 0x0F, 0x0D,
    0x00, 0xFE, 0x00, 0xF1, 0xC0, 0x0F, 0xD0, 0x03, 0xF0, 0x02, 0xFC, 0x00, 0x00, 0x00, 0x3F, 0x00,
    0x00, 0x00, 0x1F, 0xD0, 0x00, 0x03, 0xFF, 0xF4, 0x00, 0x00, 0x3F, 0xFC, 0x00, 0x00, 0x00, 0x07,
    0xF0, 0x00, 0x00, 0x00, 0x2F, 0x80, 0x00, 0x00, 0x02, 0xFC, 0x01, 0xF0, 0x00, 0x3F, 0xC0, 0x3F,
    0x80, 0x03, 0xFC, 0x07, 0xF0, 0x00, 0x7F, 0x40, 0x7C, 0x00, 0x0F, 0xF0, 0x03, 0xC0, 0x02, 0xFC,
    0x00, 0x1E, 0x01, 0xBE, 0x00, 0x00, 0x2F, 0xF9, 0x00, 0x00, 0x00, 0x00, 0x00, 0x00, 0x00, 0x00,
    0x00, 0x07, 0xD0, 0x00, 0x00, 0x03, 0xF4, 0x00, 0x00, 0x01, 0xFD, 0x00, 0x00, 0x00, 0xBF, 0x00,
    0x00, 0x00, 0x3F, 0x80, 0x00, 0x00, 0x1F, 0xC0, 0x00, 0x00, 0x0B, 0xE0, 0x00, 0x00, 0x03, 0xF4,
    0x00, 0x00, 0x01, 0xFC, 0x00, 0x00, 0x00, 0xFC, 0x00, 0x00, 0x00, 0x7E, 0x00, 0x00, 0x00, 0x3F,
    0x00, 0x00, 0x00, 0x2F, 0x40, 0x00, 0x00, 0x0F, 0x40, 0x00, 0x00, 0x0F, 0x81, 0x90, 0x00, 0x0B,
    0xC1, 0xFC, 0x00, 0x0B, 0xC0, 0xFE, 0x00, 0x07, 0xC0, 0x3F, 0x80, 0x0B, 0xC0, 0x1F, 0xD0, 0x0B,
    0xFE, 0x4B, 0xF0, 0x0F, 0xFF, 0xFF, 0xFC, 0x03, 0x90, 0x1B, 0xFF, 0xFC, 0x00, 0x00, 0x7F, 0xE8,
    0x00, 0x00, 0x2F, 0xC0, 0x00, 0x00, 0x0F, 0xF0, 0x00, 0x00, 0x03, 0xF8, 0x00, 0x00, 0x00, 0xFC,
    0x00, 0x00, 0x00, 0x3E, 0x00, 0x00, 0x00, 0x0B, 0x40, 0x06, 0xE0, 0x00, 0xFF, 0xFF, 0xFC, 0x00,
    0x0F, 0xFF, 0xFF, 0x00, 0x01, 0xFF, 0xFF, 0x80, 0x00, 0x2F, 0xFE, 0x40, 0x00, 0x03, 0xC0, 0x00,
    0x00, 0x00, 0x3C, 0x00, 0x00, 0x00, 0x07, 0x80, 0x00, 0x00, 0x00, 0xB9, 0xFF, 0x80, 0x00, 0x0F,
    0xD0, 0x3F, 0x00, 0x00, 0xE0, 0x01, 0xFC, 0x00, 0x00, 0x00, 0x1F, 0xD0, 0x00, 0x00, 0x02, 0xFE,
    0x00, 0x00, 0x00, 0x2F, 0xE0, 0x00, 0x00, 0x03, 0xFE, 0x00, 0xB8, 0x00, 0x3F, 0xD0, 0x2F, 0xD0,
    0x07, 0xFC, 0x03, 0xFC, 0x00, 0xBF, 0x40, 0x3F, 0x40, 0x0F, 0xE0, 0x03, 0xC0, 0x03, 0xF8, 0x00,
    0x1F, 0x01, 0xFD, 0x00, 0x00, 0x2F, 0xF9, 0x00, 0x00, 0x00, 0x00, 0x1B, 0xFD, 0x00, 0x00, 0x7E,
    0x42, 0xD0, 0x00, 0xBD, 0x02, 0xF8, 0x00, 0xFD, 0x00, 0xFE, 0x00, 0xBE, 0x00, 0x3E, 0x00, 0x7F,
    0x00, 0x00, 0x00, 0x3F, 0xC0, 0x00, 0x00, 0x2F, 0xD0, 0x00, 0x00, 0x0F, 0xF1, 0xFF, 0x40, 0x07,
    0xFF, 0x81, 0xF8, 0x02, 0xFF, 0x80, 0x3F, 0x40, 0xFF, 0xC0, 0x0F, 0xF0, 0x3F, 0xD0, 0x03, 0xFC,
    0x1F, 0xF0, 0x00, 0xFF, 0x0B, 0xF8, 0x00, 0x7F, 0xC2, 0xFD, 0x00, 0x2F, 0xE0, 0xBF, 0x00, 0x0F,
    0xF0, 0x2F, 0xC0, 0x03, 0xF8, 0x07, 0xF0, 0x02, 0xFC, 0x00, 0xFC, 0x00, 0xFC, 0x00, 0x1F, 0x81,
    0xF8, 0x00, 0x00, 0xBF, 0xE0, 0x00, 0x00, 0x00, 0x00, 0x00, 0x00, 0x00, 0x00, 0xB1, 0xFC, 0x00,
    0x2C, 0x01, 0xFF, 0xFF, 0x00, 0x7C, 0x03, 0xFF, 0xFF, 0x00, 0xF0, 0x07, 0xFF, 0xFF, 0x87, 0xD0,
    0x0F, 0xF9, 0x06, 0xFF, 0xC0, 0x1F, 0x80, 0x00, 0x0F, 0x40, 0x3E, 0x00, 0x00, 0x3E, 0x00, 0x38,
    0x00, 0x00, 0x7C, 0x00, 0x00, 0x00, 0x00, 0xF8, 0x00, 0x00, 0x00, 0x03, 0xF0, 0x00, 0x00, 0x00,
    0x07, 0xE0, 0x00, 0x00, 0x00, 0x0F, 0xC0, 0x00, 0x00, 0x00, 0x2F, 0xC0, 0x00, 0x00, 0x00, 0x3F,
    0x40, 0x00, 0x00, 0x00, 0xBF, 0x00, 0x00, 0x00, 0x00, 0xFE, 0x00, 0x00, 0x00, 0x02, 0xFD, 0x00,
    0x00, 0x00, 0x03, 0xFC, 0x00, 0x00, 0x00, 0x07, 0xFC, 0x00, 0x00, 0x00, 0x0B, 0xF4, 0x00, 0x00,
    0x00, 0x0F, 0xF0, 0x00, 0x00, 0x00, 0x0F, 0xF0, 0x00, 0x00, 0x00, 0x0B, 0xC0, 0x00, 0x00, 0x00,
    0x00, 0x2F, 0xF8, 0x00, 0x00, 0x2E, 0x01, 0xF8, 0x00, 0x0F, 0x00, 0x07, 0xC0, 0x02, 0xE0, 0x00,
    0x3D, 0x00, 0x3D, 0x00, 0x03, 0xD0, 0x0B, 0xE0, 0x00, 0xBC, 0x00, 0xBF, 0x80, 0x0F, 0x80, 0x0B,
    0xFF, 0x03, 0xE0, 0x00, 0xBF, 0xFE, 0xF8, 0x00, 0x03, 0xFF, 0xFD, 0x00, 0x00, 0x1F, 0xFF, 0xF0,
    0x00, 0x07, 0xFF, 0xFF, 0xC0, 0x02, 0xF4, 0x7F, 0xFD, 0x00, 0xBD, 0x00, 0xFF, 0xE0, 0x1F, 0x40,
    0x02, 0xFE, 0x03, 0xF0, 0x00, 0x0F, 0xD0, 0x7E, 0x00, 0x00, 0xBC, 0x07, 0xD0, 0x00, 0x0F, 0x80,
    0x7D, 0x00, 0x01, 0xF0, 0x03, 0xF0, 0x00, 0x3D, 0x00, 0x1F, 0x80, 0x2F, 0x00, 0x00, 0x1F, 0xFE,
    0x40, 0x00, 0x00, 0x01, 0xBF, 0xE0, 0x00, 0x02, 0xF4, 0x2F, 0x00, 0x03, 0xF0, 0x03, 0xE0, 0x03,
    0xF8, 0x00, 0xFC, 0x02, 0xFC, 0x00, 0x3F, 0x40, 0xFF, 0x00, 0x0F, 0xD0, 0xBF, 0x80, 0x07, 0xF4,
    0x3F, 0xD0, 0x02, 0xFD, 0x0F, 0xF0, 0x00, 0xFF, 0x03, 0xFC, 0x00, 0x7F, 0xC0, 0xFE, 0x00, 0x2F,
    0xF0, 0x3F, 0x80, 0x0F, 0xF8, 0x0B, 0xE0, 0x0F, 0xFC, 0x00, 0xFC, 0x0E, 0xFF, 0x00, 0x07, 0xFD,
    0x7F, 0x40, 0x00, 0x00, 0x2F, 0xC0, 0x00, 0x00, 0x0F, 0xD0, 0x0F, 0x80, 0x0B, 0xE0, 0x0F, 0xF0,
    0x07, 0xE0, 0x03, 0xF8, 0x07, 0xE0, 0x00, 0xB8, 0x0B, 0xD0, 0x00, 0x07, 0xFE, 0x40, 0x00, 0x00,
    0x00, 0x3E, 0x00, 0x3F, 0xD0, 0x1F, 0xF4, 0x07, 0xFC, 0x00, 0xB8, 0x00, 0x00, 0x00, 0x00, 0x00,
    0x00, 0x00, 0x00, 0x00, 0x00, 0x00, 0x00, 0xBD, 0x00, 0xBF, 0xC0, 0x3F, 0xF0, 0x0F, 0xF4, 0x01,
    0xF4, 0x00, 0x00, 0x0F, 0x80, 0x03, 0xFD, 0x00, 0xBF, 0xD0, 0x0B, 0xFC, 0x00, 0x3E, 0x00, 0x00,
    0x00, 0x00, 0x00, 0x00, 0x00, 0x00, 0x00, 0x00, 0x00, 0x00, 0x00, 0x02, 0xF0, 0x00, 0xBF, 0xC0,
    0x0F, 0xFC, 0x00, 0xFF, 0xC0, 0x07, 0xFC, 0x00, 0x03, 0x40, 0x00, 0x70, 0x00, 0x0D, 0x00, 0x03,
    0xC0, 0x00, 0xF0, 0x00, 0x38, 0x00, 0x00, 0x00, 0x00, 0x00, 0x00, 0x00, 0x00, 0x00, 0x1E, 0x00,
    0x00, 0x00, 0x00, 0x01, 0xE0, 0x00, 0x00, 0x00, 0x00, 0x2E, 0x00, 0x00, 0x00, 0x00, 0x06, 0xD0,
    0x00, 0x00, 0x00, 0x00, 0x7D, 0x00, 0x00, 0x00, 0x00, 0x0B, 0x80, 0x00, 0x00, 0x00, 0x00, 0xB8,
    0x00, 0x00, 0x00, 0x00, 0x1F, 0x40, 0x00, 0x00, 0x00, 0x01, 0xF4, 0x00, 0x00, 0x00, 0x00, 0x2E,
    0x00, 0x00, 0x00, 0x00, 0x00, 0xF4, 0x00, 0x00, 0x00, 0x00, 0x00, 0x2E, 0x00, 0x00, 0x00, 0x00,
    0x00, 0x07, 0xE0, 0x00, 0x00, 0x00, 0x00, 0x00, 0x7D, 0x00, 0x00, 0x00, 0x00, 0x00, 0x0B, 0xD0,
    0x00, 0x00, 0x00, 0x00, 0x00, 0xB8, 0x00, 0x00, 0x00, 0x00, 0x00, 0x0F, 0x80, 0x00, 0x00, 0x00,
    0x00, 0x01, 0xF4, 0x00, 0x00, 0x00, 0x00, 0x00, 0x1F, 0x00, 0x00, 0x00, 0x00, 0x00, 0x02, 0xE0,
    0x00, 0x00, 0x00, 0x00, 0x00, 0x28, 0x00, 0x0F, 0xFF, 0xFF, 0xFF, 0xFF, 0xFF, 0xC0, 0x00, 0x00,
    0x00, 0x00, 0x00, 0x00, 0x00, 0x00, 0x00, 0x00, 0x00, 0x00, 0x00, 0x00, 0x00, 0x00, 0x00, 0x00,
    0x00, 0x00, 0x00, 0x00, 0x00, 0x00, 0x00, 0x00, 0x00, 0x00, 0x00, 0x00, 0x00, 0x00, 0x00, 0x00,
    0x00, 0x00, 0x00, 0x00, 0x0B, 0xFF, 0xFF, 0xFF, 0xFF, 0xFF, 0xC0, 0x00, 0x1C, 0x00, 0x00, 0x00,
    0x00, 0x00, 0x02, 0xE0, 0x00, 0x00, 0x00, 0x00, 0x00, 0x0B, 0x80, 0x00, 0x00, 0x00, 0x00, 0x00,
    0x7D, 0x00, 0x00, 0x00, 0x00, 0x00, 0x01, 0xF4, 0x00, 0x00, 0x00, 0x00, 0x00, 0x0B, 0x80, 0x00,
    0x00, 0x00, 0x00, 0x00, 0x2E, 0x00, 0x00, 0x00, 0x00, 0x00, 0x01, 0xF4, 0x00, 0x00, 0x00, 0x00,
    0x00, 0x07, 0xD0, 0x00, 0x00, 0x00, 0x00, 0x00, 0x2E, 0x00, 0x00, 0x00, 0x00, 0x00, 0x00, 0xF0,
    0x00, 0x00, 0x00, 0x00, 0x02, 0xF4, 0x00, 0x00, 0x00, 0x00, 0x0B, 0xD0, 0x00, 0x00, 0x00, 0x00,
    0x7E, 0x00, 0x00, 0x00, 0x00, 0x01, 0xF4, 0x00, 0x00, 0x00, 0x00, 0x0B, 0xD0, 0x00, 0x00, 0x00,
    0x00, 0x2E, 0x00, 0x00, 0x00, 0x00, 0x01, 0xF4, 0x00, 0x00, 0x00, 0x00, 0x07, 0xD0, 0x00, 0x00,
    0x00, 0x00, 0x2E, 0x00, 0x00, 0x00, 0x00, 0x00, 0x78, 0x00, 0x00, 0x00, 0x00, 0x00, 0x00, 0x00,
    0x1B, 0xF9, 0x00, 0x0F, 0x40, 0xB4, 0x07, 0x80, 0x03, 0xC0, 0xF0, 0x00, 0x2C, 0x3C, 0x00, 0x03,
    0xC7, 0xE0, 0x00, 0x7C, 0xFF, 0x00, 0x1F, 0x8F, 0xE0, 0x0F, 0xF0, 0x78, 0x07, 0xFD, 0x00, 0x03,
    0xFF, 0x00, 0x01, 0xFF, 0x80, 0x00, 0x3F, 0xC0, 0x00, 0x07, 0xE0, 0x00, 0x00, 0xB8, 0x2C, 0x00,
    0x07, 0x4B, 0x40, 0x00, 0x2F, 0x80, 0x00, 0x00, 0x00, 0x00, 0x00, 0x00, 0x00, 0x00, 0x00, 0x00,
    0x00, 0x00, 0xBC, 0x00, 0x00, 0x2F, 0xE0, 0x00, 0x03, 0xFF, 0x00, 0x00, 0x3F, 0xD0, 0x00, 0x01,
    0xF4, 0x00, 0x00, 0x00, 0x00, 0x01, 0xBF, 0xF8, 0x00, 0x00, 0x00, 0x1F, 0x90, 0x06, 0xF0, 0x00,
    0x00, 0x3D, 0x00, 0x00, 0x0F, 0x00, 0x00, 0x7C, 0x00, 0x00, 0x00, 0xF0, 0x00, 0x7C, 0x00, 0x00,
    0x00, 0x0E, 0x00, 0x3C, 0x00, 0xBF, 0xD0, 0x03, 0xC0, 0x3C, 0x02, 0xF4, 0x1F, 0x00, 0xB4, 0x1E,
    0x03, 0xF4, 0x01, 0xE4, 0x1D, 0x0F, 0x03, 0xF8, 0x00, 0x3F, 0x47, 0x87, 0x82, 0xFC, 0x00, 0x1F,
    0xC1, 0xD3, 0xC0, 0xFD, 0x00, 0x0B, 0xF0, 0x74, 0xF0, 0x7F, 0x00, 0x03, 0xF8, 0x2C, 0x78, 0x2F,
    0xC0, 0x00, 0xFD, 0x0F, 0x2D, 0x0F, 0xE0, 0x00, 0x7F, 0x03, 0x8B, 0x03, 0xF8, 0x00, 0x2F, 0xC1,
    0xD2, 0xC0, 0xBE, 0x00, 0x0F, 0xE0, 0xF0, 0xB0, 0x1F, 0xC0, 0x0B, 0xF4, 0x74, 0x1D, 0x02, 0xF4,
    0x1F, 0xFD, 0x74, 0x03, 0x80, 0x0B, 0xFD, 0x1F, 0xF4, 0x00, 0xB0, 0x00, 0x00, 0x00, 0x00, 0x00,
    0x0E, 0x00, 0x00, 0x00, 0x00, 0x00, 0x01, 0xE0, 0x00, 0x00, 0x06, 0xF8, 0x00, 0x1F, 0x90, 0x01,
    0x6F, 0xE4, 0x00, 0x00, 0x6F, 0xFF, 0xE5, 0x00, 0x00, 0x00, 0x00, 0x00, 0x00, 0x3C, 0x00, 0x00,
    0x00, 0x00, 0x00, 0x3F, 0x00, 0x00, 0x00, 0x00, 0x00, 0x2F, 0xD0, 0x00, 0x00, 0x00, 0x00, 0x0F,
    0xF4, 0x00, 0x00, 0x00, 0x00, 0x0B, 0xFE, 0x00, 0x00, 0x00, 0x00, 0x07, 0xFF, 0x80, 0x00, 0x00,
    0x00, 0x03, 0xFF, 0xE0, 0x00, 0x00, 0x00, 0x01, 0xFF, 0xFC, 0x00, 0x00, 0x00, 0x00, 0xF6, 0xFF,
    0x00, 0x00, 0x00, 0x00, 0xBC, 0xBF, 0xC0, 0x00, 0x00, 0x00, 0x7C, 0x1F, 0xF0, 0x00, 0x00, 0x00,
    0x3E, 0x07, 0xFD, 0x00, 0x00, 0x00, 0x1F, 0x00, 0xFF, 0x40, 0x00, 0x00, 0x0F, 0x40, 0x3F, 0xE0,
    0x00, 0x00, 0x0B, 0x80, 0x0F, 0xF8, 0x00, 0x00, 0x03, 0xC0, 0x03, 0xFE, 0x00, 0x00, 0x03, 0xFF,
    0xFF, 0xFF, 0xC0, 0x00, 0x01, 0xFF, 0xFF, 0xFF, 0xF0, 0x00, 0x00, 0xF4, 0x00, 0x0B, 0xFC, 0x00,
    0x00, 0xB8, 0x00, 0x01, 0xFF, 0x00, 0x00, 0x3C, 0x00, 0x00, 0x7F, 0xD0, 0x00, 0x7E, 0x00, 0x00,
    0x1F, 0xF4, 0x07, 0xFF, 0xFC, 0x01, 0xFF, 0xFF, 0xF5, 0xFF, 0xFE, 0x00, 0x7F, 0xFF, 0xFD, 0x00,
    0x1F, 0xFF, 0xFF, 0xFF, 0xE4, 0x00, 0x01, 0xFF, 0xFF, 0xFF, 0xFF, 0xF0, 0x00, 0x00, 0x7F, 0xC0,
    0x01, 0xFF, 0x80, 0x00, 0x0B, 0xF8, 0x00, 0x07, 0xFC, 0x00, 0x00, 0xFF, 0x40, 0x00, 0x3F, 0xD0,
    0x00, 0x0F, 0xF0, 0x00, 0x03, 0xFD, 0x00, 0x01, 0xFF, 0x00, 0x00, 0x7F, 0xC0, 0x00, 0x2F, 0xE0,
    0x00, 0x0B, 0xF8, 0x00, 0x03, 0xFD, 0x00, 0x00, 0xFF, 0x00, 0x00, 0x3F, 0xC0, 0x00, 0x3F, 0xC0,
    0x00, 0x07, 0xFC, 0x00, 0x1F, 0xD0, 0x00, 0x00, 0xBF, 0xFF, 0xFF, 0xE0, 0x00, 0x00, 0x0F, 0xF4,
    0x00, 0x0F, 0xE0, 0x00, 0x00, 0xFF, 0x00, 0x00, 0x3F, 0xC0, 0x00, 0x1F, 0xF0, 0x00, 0x03, 0xFE,
    0x00, 0x02, 0xFE, 0x00, 0x00, 0x3F, 0xE0, 0x00, 0x3F, 0xD0, 0x00, 0x03, 0xFE, 0x00, 0x03, 0xFC,
    0x00, 0x00, 0x7F, 0xD0, 0x00, 0x7F, 0x80, 0x00, 0x0F, 0xFC, 0x00, 0x0B, 0xF4, 0x00, 0x02, 0xFF,
    0x00, 0x00, 0xFF, 0x00, 0x01, 0xFF, 0xD0, 0x0B, 0xFF, 0xFF, 0xFF, 0xFF, 0xF0, 0x00, 0xBF, 0xFF,
    0xFF, 0xFF, 0xE0, 0x00, 0x00, 0x00, 0x00, 0x01, 0xBF, 0xF4, 0x01, 0xC0, 0x00, 0x0B, 0xFF, 0xFF,
    0xC2, 0xE0, 0x00, 0x2F, 0xF9, 0x00, 0xBE, 0xF8, 0x00, 0x3F, 0xE0, 0x00, 0x07, 0xFD, 0x00, 0x3F,
    0xE0, 0x00, 0x00, 0xBF, 0x00, 0x3F, 0xE0, 0x00, 0x00, 0x1F, 0xC0, 0x3F, 0xF0, 0x00, 0x00, 0x03,
    0xE0, 0x1F, 0xF0, 0x00, 0x00, 0x00, 0xF4, 0x0F, 0xF8, 0x00, 0x00, 0x00, 0x3C, 0x07, 0xFD, 0x00,
    0x00, 0x00, 0x05, 0x03, 0xFF, 0x00, 0x00, 0x00, 0x00, 0x00, 0xFF, 0x80, 0x00, 0x00, 0x00, 0x00,
    0x7F, 0xD0, 0x00, 0x00, 0x00, 0x00, 0x2F, 0xF0, 0x00, 0x00, 0x00, 0x00, 0x0B, 0xFC, 0x00, 0x00,
    0x00, 0x00, 0x02, 0xFF, 0x00, 0x00, 0x00, 0x00, 0x00, 0xBF, 0xC0, 0x00, 0x00, 0x02, 0xC0, 0x1F,
    0xF0, 0x00, 0x00, 0x00, 0xD0, 0x03, 0xFC, 0x00, 0x00, 0x00, 0xF0, 0x00, 0xBF, 0x80, 0x00, 0x00,
    0xF0, 0x00, 0x0F, 0xF4, 0x00, 0x01, 0xF4, 0x00, 0x01, 0xFF, 0x90, 0x07, 0xF0, 0x00, 0x00, 0x0B,
    0xFF, 0xFF, 0xE0, 0x00, 0x00, 0x00, 0x2F, 0xFE, 0x40, 0x00, 0x00, 0x00, 0x1F, 0xFF, 0xFF, 0xFF,
    0xE4, 0x00, 0x00, 0x1F, 0xFF, 0xFF, 0xFF, 0xFF, 0x40, 0x00, 0x00, 0x7F, 0xC0, 0x01, 0xBF, 0xD0,
    0x00, 0x00, 0xBF, 0x80, 0x00, 0x1F, 0xF0, 0x00, 0x00, 0xFF, 0x40, 0x00, 0x0B, 0xF4, 0x00, 0x00,
    0xFF, 0x00, 0x00, 0x07, 0xFC, 0x00, 0x01, 0xFF, 0x00, 0x00, 0x03, 0xFC, 0x00, 0x02, 0xFE, 0x00,
    0x00, 0x03, 0xFC, 0x00, 0x03, 0xFD, 0x00, 0x00, 0x03, 0xFC, 0x00, 0x03, 0xFC, 0x00, 0x00, 0x07,
    0xFC, 0x00, 0x07, 0xFC, 0x00, 0x00, 0x0B, 0xFC, 0x00, 0x0B, 0xF8, 0x00, 0x00, 0x0F, 0xFC, 0x00,
    0x0F, 0xF4, 0x00, 0x00, 0x0F, 0xF8, 0x00, 0x0F, 0xF0, 0x00, 0x00, 0x1F, 0xF0, 0x00, 0x1F, 0xF0,
    0x00, 0x00, 0x2F, 0xF0, 0x00, 0x2F, 0xE0, 0x00, 0x00, 0x3F, 0xD0, 0x00, 0x3F, 0xD0, 0x00, 0x00,
    0xBF, 0x80, 0x00, 0x3F, 0xC0, 0x00, 0x01, 0xFF, 0x00, 0x00, 0x7F, 0xC0, 0x00, 0x03, 0xFC, 0x00,
    0x00, 0xBF, 0x80, 0x00, 0x1F, 0xF4, 0x00, 0x00, 0xFF, 0x40, 0x02, 0xFF, 0xC0, 0x00, 0xBF, 0xFF,
    0xFF, 0xFF, 0xFD, 0x00, 0x00, 0xBF, 0xFF, 0xFF, 0xFF, 0x80, 0x00, 0x00, 0x00, 0x1F, 0xFF, 0xFF,
    0xFF, 0xFF, 0x40, 0x07, 0xFF, 0xFF, 0xFF, 0xFF, 0xD0, 0x00, 0x07, 0xFC, 0x00, 0x07, 0xF4, 0x00,
    0x02, 0xFF, 0x00, 0x00, 0x7C, 0x00, 0x00, 0xFF, 0x80, 0x00, 0x0F, 0x00, 0x00, 0x3F, 0xD0, 0x00,
    0x03, 0xC0, 0x00, 0x1F, 0xF0, 0x00, 0x00, 0xF0, 0x00, 0x0B, 0xFC, 0x02, 0xC0, 0x38, 0x00, 0x03,
    0xFE, 0x00, 0xF0, 0x00, 0x00, 0x00, 0xFF, 0x41, 0xF8, 0x00, 0x00, 0x00, 0x7F, 0xFF, 0xFD, 0x00,
    0x00, 0x00, 0x2F, 0xFF, 0xFF, 0x00, 0x00, 0x00, 0x0F, 0xF8, 0x0B, 0xC0, 0x00, 0x00, 0x03, 0xFD,
    0x01, 0xE0, 0x00, 0x00, 0x01, 0xFF, 0x00, 0x74, 0x03, 0xC0, 0x00, 0xBF, 0xC0, 0x18, 0x01, 0xE0,
    0x00, 0x3F, 0xE0, 0x00, 0x00, 0xF0, 0x00, 0x0F, 0xF4, 0x00, 0x00, 0x7C, 0x00, 0x07, 0xFC, 0x00,
    0x00, 0x3D, 0x00, 0x02, 0xFF, 0x00, 0x00, 0x7F, 0x00, 0x00, 0xFF, 0x80, 0x01, 0xBF, 0x80, 0x2F,
    0xFF, 0xFF, 0xFF, 0xFF, 0xC0, 0x0B, 0xFF, 0xFF, 0xFF, 0xFF, 0xE0, 0x00, 0x00, 0x00, 0x00, 0x00,
    0x00, 0x00, 0x00, 0x1F, 0xFF, 0xFF, 0xFF, 0xFF, 0x00, 0x1F, 0xFF, 0xFF, 0xFF, 0xFF, 0x00, 0x00,
    0x7F, 0xC0, 0x01, 0xBF, 0x00, 0x00, 0xBF, 0xC0, 0x00, 0x3E, 0x00, 0x00, 0xFF, 0x80, 0x00, 0x2E,
    0x00, 0x00, 0xFF, 0x40, 0x00, 0x1D, 0x00, 0x01, 0xFF, 0x00, 0x00, 0x2D, 0x00, 0x02, 0xFE, 0x00,
    0xF0, 0x1C, 0x00, 0x03, 0xFD, 0x01, 0xE0, 0x00, 0x00, 0x03, 0xFC, 0x07, 0xD0, 0x00, 0x00, 0x07,
    0xFF, 0xFF, 0xC0, 0x00, 0x00, 0x0B, 0xFF, 0xFF, 0xC0, 0x00, 0x00, 0x0F, 0xF8, 0x0F, 0x80, 0x00,
    0x00, 0x0F, 0xF4, 0x0B, 0x40, 0x00, 0x00, 0x1F, 0xF0, 0x0F, 0x00, 0x00, 0x00, 0x2F, 0xF0, 0x0A,
    0x00, 0x00, 0x00, 0x3F, 0xE0, 0x00, 0x00, 0x00, 0x00, 0x3F, 0xD0, 0x00, 0x00, 0x00, 0x00, 0x7F,
    0xC0, 0x00, 0x00, 0x00, 0x00, 0xBF, 0xC0, 0x00, 0x00, 0x00, 0x00, 0xFF, 0x80, 0x00, 0x00, 0x00,
    0xBF, 0xFF, 0xFF, 0x40, 0x00, 0x00, 0xBF, 0xFF, 0xFF, 0x40, 0x00, 0x00, 0x00, 0x00, 0x01, 0xBF,
    0xF4, 0x01, 0xC0, 0x00, 0x0B, 0xFF, 0xFF, 0xC2, 0xE0, 0x00, 0x2F, 0xFD, 0x00, 0xBE, 0xF8, 0x00,
    0x3F, 0xF4, 0x00, 0x07, 0xFD, 0x00, 0x3F, 0xE0, 0x00, 0x00, 0xBF, 0x00, 0x3F, 0xE0, 0x00, 0x00,
    0x1F, 0xC0, 0x2F, 0xF0, 0x00, 0x00, 0x03, 0xE0, 0x1F, 0xF4, 0x00, 0x00, 0x00, 0xF4, 0x0F, 0xFC,
    0x00, 0x00, 0x00, 0x3C, 0x07, 0xFD, 0x00, 0x00, 0x00, 0x00, 0x03, 0xFF, 0x00, 0x00, 0x00, 0x00,
    0x00, 0xFF, 0x80, 0x00, 0x00, 0x00, 0x00, 0x7F, 0xD0, 0x00, 0x00, 0x00, 0x00, 0x2F, 0xF0, 0x00,
    0x00, 0x00, 0x00, 0x0B, 0xFC, 0x00, 0x07, 0xFF, 0xFF, 0xE2, 0xFF, 0x00, 0x01, 0xFF, 0xFF, 0xF8,
    0xBF, 0xC0, 0x00, 0x00, 0xBF, 0xC0, 0x1F, 0xF0, 0x00, 0x00, 0x3F, 0xF0, 0x03, 0xFC, 0x00, 0x00,
    0x0F, 0xF8, 0x00, 0xFF, 0x40, 0x00, 0x07, 0xFD, 0x00, 0x0F, 0xF4, 0x00, 0x03, 0xFF, 0x00, 0x01,
    0xFF, 0x90, 0x0B, 0xEF, 0x80, 0x00, 0x0B, 0xFF, 0xFF, 0xC0, 0xD0, 0x00, 0x00, 0x2F, 0xFE, 0x40,
    0x00, 0x00, 0x00, 0x00, 0x00, 0x00, 0x00, 0x00, 0x00, 0x00, 0x00, 0x1F, 0xFF, 0xFF, 0xC1, 0xFF,
    0xFF, 0xFC, 0x00, 0x00, 0x7F, 0xD0, 0x00, 0x07, 0xFD, 0x00, 0x00, 0x00, 0xBF, 0xC0, 0x00, 0x0B,
    0xFC, 0x00, 0x00, 0x00, 0xFF, 0xC0, 0x00, 0x0F, 0xFC, 0x00, 0x00, 0x00, 0xFF, 0x80, 0x00, 0x0F,
    0xF8, 0x00, 0x00, 0x01, 0xFF, 0x40, 0x00, 0x1F, 0xF4, 0x00, 0x00, 0x02, 0xFF, 0x00, 0x00, 0x2F,
    0xF0, 0x00, 0x00, 0x03, 0xFF, 0x00, 0x00, 0x3F, 0xF0, 0x00, 0x00, 0x03, 0xFE, 0x00, 0x00, 0x3F,
    0xE0, 0x00, 0x00, 0x07, 0xFD, 0x00, 0x00, 0x7F, 0xD0, 0x00, 0x00, 0x0B, 0xFF, 0xFF, 0xFF, 0xFF,
    0xC0, 0x00, 0x00, 0x0F, 0xFF, 0xFF, 0xFF, 0xFF, 0xC0, 0x00, 0x00, 0x0F, 0xF8, 0x00, 0x00, 0xFF,
    0x80, 0x00, 0x00, 0x1F, 0xF4, 0x00, 0x00, 0xFF, 0x40, 0x00, 0x00, 0x2F, 0xF0, 0x00, 0x01, 0xFF,
    0x00, 0x00, 0x00, 0x3F, 0xF0, 0x00, 0x02, 0xFF, 0x00, 0x00, 0x00, 0x3F, 0xE0, 0x00, 0x03, 0xFE,
    0x00, 0x00, 0x00, 0x3F, 0xD0, 0x00, 0x03, 0xFD, 0x00, 0x00, 0x00, 0x7F, 0xC0, 0x00, 0x07, 0xFC,
    0x00, 0x00, 0x00, 0xBF, 0xC0, 0x00, 0x0B, 0xFC, 0x00, 0x00, 0x00, 0xFF, 0x80, 0x00, 0x0F, 0xF8,
    0x00, 0x00, 0xBF, 0xFF, 0xFE, 0x0B, 0xFF, 0xFF, 0xE0, 0x00, 0xBF, 0xFF, 0xFE, 0x0B, 0xFF, 0xFF,
    0xE0, 0x00, 0x00, 0x0B, 0xFF, 0xFF, 0xF0, 0x00, 0x2F, 0xFF, 0xFF, 0xC0, 0x00, 0x01, 0xFF, 0x00,
    0x00, 0x00, 0x0B, 0xFC, 0x00, 0x00, 0x00, 0x3F, 0xE0, 0x00, 0x00, 0x00, 0xFF, 0x40, 0x00, 0x00,
    0x07, 0xFC, 0x00, 0x00, 0x00, 0x2F, 0xF0, 0x00, 0x00, 0x00, 0xFF, 0x80, 0x00, 0x00, 0x03, 0xFD,
    0x00, 0x00, 0x00, 0x1F, 0xF0, 0x00, 0x00, 0x00, 0xBF, 0xC0, 0x00, 0x00, 0x03, 0xFE, 0x00, 0x00,
    0x00, 0x0F, 0xF4, 0x00, 0x00, 0x00, 0x7F, 0xC0, 0x00, 0x00, 0x02, 0xFF, 0x00, 0x00, 0x00, 0x0F,
    0xF8, 0x00, 0x00, 0x00, 0x3F, 0xD0, 0x00, 0x00, 0x01, 0xFF, 0x00, 0x00, 0x00, 0x0B, 0xFC, 0x00,
    0x00, 0x00, 0x3F, 0xE0, 0x00, 0x00, 0xFF, 0xFF, 0xFF, 0x00, 0x03, 0xFF, 0xFF, 0xF8, 0x00, 0x00,
    0x00, 0x00, 0x00, 0x00, 0x00, 0x00, 0x00, 0x0B, 0xFF, 0xFF, 0xE0, 0x00, 0x00, 0x02, 0xFE, 0x00,
    0x00, 0x00, 0x00, 0xFF, 0x40, 0x00, 0x00, 0x00, 0x3F, 0xC0, 0x00, 0x00, 0x00, 0x1F, 0xF0, 0x00,
    0x00, 0x00, 0x0B, 0xF8, 0x00, 0x00, 0x00, 0x03, 0xFD, 0x00, 0x00, 0x00, 0x00, 0xFF, 0x00, 0x00,
    0x00, 0x00, 0x7F, 0xC0, 0x00, 0x00, 0x00, 0x2F, 0xF0, 0x00, 0x00, 0x00, 0x0F, 0xF8, 0x00, 0x00,
    0x00, 0x03, 0xFD, 0x00, 0x00, 0x00, 0x01, 0xFF, 0x00, 0x00, 0x00, 0x00, 0xBF, 0xC0, 0x00, 0x00,
    0x00, 0x3F, 0xE0, 0x00, 0x00, 0x00, 0x0F, 0xF4, 0x00, 0x00, 0x00, 0x07, 0xFC, 0x00, 0x01, 0xF8,
    0x02, 0xFF, 0x00, 0x01, 0xFF, 0x40, 0xFF, 0x40, 0x00, 0xBF, 0xC0, 0x7F, 0xC0, 0x00, 0x2F, 0xD0,
    0x3F, 0xC0, 0x00, 0x03, 0xE0, 0x7F, 0x80, 0x00, 0x00, 0x1F, 0xFE, 0x00, 0x00, 0x00, 0x00, 0x1F,
    0xFF, 0xFF, 0xC0, 0x1F, 0xFF, 0xF0, 0x00, 0x7F, 0xFF, 0xFF, 0x00, 0x7F, 0xFF, 0xC0, 0x00, 0x07,
    0xFD, 0x00, 0x00, 0x2F, 0x80, 0x00, 0x00, 0x2F, 0xF0, 0x00, 0x03, 0xF0, 0x00, 0x00, 0x00, 0xFF,
    0x80, 0x00, 0x7E, 0x00, 0x00, 0x00, 0x03, 0xFD, 0x00, 0x0B, 0xD0, 0x00, 0x00, 0x00, 0x1F, 0xF0,
    0x00, 0xF8, 0x00, 0x00, 0x00, 0x00, 0xBF, 0xC0, 0x1F, 0x40, 0x00, 0x00, 0x00, 0x03, 0xFE, 0x02,
    0xF0, 0x00, 0x00, 0x00, 0x00, 0x0F, 0xF4, 0x3F, 0x80, 0x00, 0x00, 0x00, 0x00, 0x7F, 0xC7, 0xFF,
    0x00, 0x00, 0x00, 0x00, 0x02, 0xFF, 0xBF, 0xFD, 0x00, 0x00, 0x00, 0x00, 0x0F, 0xFF, 0x8F, 0xFC,
    0x00, 0x00, 0x00, 0x00, 0x3F, 0xF4, 0x1F, 0xF4, 0x00, 0x00, 0x00, 0x01, 0xFF, 0x00, 0x3F, 0xF0,
    0x00, 0x00, 0x00, 0x0B, 0xFC, 0x00, 0xBF, 0xC0, 0x00, 0x00, 0x00, 0x3F, 0xE0, 0x00, 0xFF, 0x80,
    0x00, 0x00, 0x00, 0xFF, 0x40, 0x02, 0xFF, 0x00, 0x00, 0x00, 0x07, 0xFC, 0x00, 0x03, 0xFE, 0x00,
    0x00, 0x00, 0x2F, 0xF0, 0x00, 0x0B, 0xFC, 0x00, 0x00, 0x00, 0xFF, 0x80, 0x00, 0x1F, 0xF8, 0x00,
    0x02, 0xFF, 0xFF, 0xF8, 0x0F, 0xFF, 0xFF, 0x00, 0x0B, 0xFF, 0xFF, 0xE0, 0x3F, 0xFF, 0xFC, 0x00,
    0x00, 0x00, 0x1F, 0xFF, 0xFF, 0xF0, 0x00, 0x07, 0xFF, 0xFF, 0xF8, 0x00, 0x00, 0x07, 0xFC, 0x00,
    0x00, 0x00, 0x02, 0xFF, 0x00, 0x00, 0x00, 0x00, 0xFF, 0x80, 0x00, 0x00, 0x00, 0x3F, 0xD0, 0x00,
    0x00, 0x00, 0x1F, 0xF0, 0x00, 0x00, 0x00, 0x0B, 0xFC, 0x00, 0x00, 0x00, 0x03, 0xFE, 0x00, 0x00,
    0x00, 0x00, 0xFF, 0x40, 0x00, 0x00, 0x00, 0x7F, 0xC0, 0x00, 0x00, 0x00, 0x2F, 0xF0, 0x00, 0x00,
    0x00, 0x0F, 0xF8, 0x00, 0x00, 0x00, 0x03, 0xFD, 0x00, 0x00, 0x00, 0x01, 0xFF, 0x00, 0x00, 0x74,
    0x00, 0xBF, 0xC0, 0x00, 0x3C, 0x00, 0x3F, 0xE0, 0x00, 0x1F, 0x00, 0x0F, 0xF4, 0x00, 0x0F, 0x80,
    0x07, 0xFC, 0x00, 0x0B, 0xC0, 0x02, 0xFF, 0x00, 0x0B, 0xF0, 0x00, 0xFF, 0x80, 0x1F, 0xF4, 0x2F,
    0xFF, 0xFF, 0xFF, 0xFC, 0x0B, 0xFF, 0xFF, 0xFF, 0xFE, 0x00, 0x00, 0x1F, 0xFF, 0xF0, 0x00, 0x00,
    0x00, 0xBF, 0xFF, 0x80, 0x07, 0xFF, 0xFC, 0x00, 0x00, 0x00, 0x7F, 0xFF, 0xE0, 0x00, 0x07, 0xFF,
    0x40, 0x00, 0x00, 0x3F, 0xFC, 0x00, 0x00, 0x02, 0xEF, 0xD0, 0x00, 0x00, 0x2E, 0xFE, 0x00, 0x00,
    0x00, 0xF7, 0xF8, 0x00, 0x00, 0x0E, 0xBF, 0x40, 0x00, 0x00, 0x3C, 0xFF, 0x00, 0x00, 0x0F, 0x3F,
    0xC0, 0x00, 0x00, 0x1E, 0x3F, 0xC0, 0x00, 0x0B, 0x4F, 0xF0, 0x00, 0x00, 0x0B, 0x4B, 0xF0, 0x00,
    0x03, 0x87, 0xF8, 0x00, 0x00, 0x03, 0xC2, 0xFC, 0x00, 0x03, 0xC2, 0xFD, 0x00, 0x00, 0x00, 0xF0,
    0x7F, 0x40, 0x01, 0xD0, 0xFF, 0x00, 0x00, 0x00, 0x78, 0x0F, 0xE0, 0x00, 0xE0, 0x3F, 0xC0, 0x00,
    0x00, 0x2D, 0x03, 0xF8, 0x00, 0xB0, 0x1F, 0xE0, 0x00, 0x00, 0x0F, 0x00, 0xFF, 0x00, 0x74, 0x0B,
    0xF4, 0x00, 0x00, 0x03, 0xC0, 0x2F, 0xC0, 0x38, 0x03, 0xFC, 0x00, 0x00, 0x01, 0xE0, 0x0B, 0xF0,
    0x2C, 0x00, 0xFF, 0x00, 0x00, 0x00, 0xB4, 0x01, 0xFD, 0x1D, 0x00, 0x7F, 0x80, 0x00, 0x00, 0x3C,
    0x00, 0x7F, 0x8E, 0x00, 0x2F, 0xD0, 0x00, 0x00, 0x0F, 0x00, 0x0F, 0xEB, 0x00, 0x0F, 0xF0, 0x00,
    0x00, 0x07, 0x80, 0x03, 0xFF, 0x40, 0x03, 0xFC, 0x00, 0x00, 0x02, 0xD0, 0x00, 0xFF, 0xC0, 0x01,
    0xFE, 0x00, 0x00, 0x01, 0xF0, 0x00, 0x2F, 0xC0, 0x00, 0xBF, 0x40, 0x00, 0x2F, 0xFF, 0xF0, 0x07,
    0xD0, 0x1F, 0xFF, 0xFF, 0x40, 0x0B, 0xFF, 0xFC, 0x00, 0xE0, 0x07, 0xFF, 0xFF, 0xD0, 0x00, 0x00,
    0x1F, 0xFF, 0xE0, 0x00, 0x0F, 0xFF, 0xFC, 0x00, 0x1F, 0xFF, 0xF0, 0x00, 0x0F, 0xFF, 0xFC, 0x00,
    0x00, 0x7F, 0xF8, 0x00, 0x00, 0x3D, 0x00, 0x00, 0x00, 0xBF, 0xFC, 0x00, 0x00, 0x3C, 0x00, 0x00,
    0x00, 0xF7, 0xFE, 0x00, 0x00, 0x78, 0x00, 0x00, 0x00, 0xF2, 0xFF, 0x00, 0x00, 0xB4, 0x00, 0x00,
    0x01, 0xE0, 0xFF, 0x80, 0x00, 0xF0, 0x00, 0x00, 0x02, 0xD0, 0xBF, 0xD0, 0x00, 0xF0, 0x00, 0x00,
    0x03, 0xC0, 0x3F, 0xF0, 0x01, 0xE0, 0x00, 0x00, 0x03, 0xC0, 0x2F, 0xF4, 0x02, 0xD0, 0x00, 0x00,
    0x07, 0x80, 0x0F, 0xFC, 0x03, 0xC0, 0x00, 0x00, 0x0B, 0x40, 0x0B, 0xFD, 0x03, 0xC0, 0x00, 0x00,
    0x0F, 0x00, 0x03, 0xFF, 0x07, 0x80, 0x00, 0x00, 0x0F, 0x00, 0x02, 0xFF, 0x4B, 0x40, 0x00, 0x00,
    0x1E, 0x00, 0x00, 0xFF, 0xCF, 0x00, 0x00, 0x00, 0x2D, 0x00, 0x00, 0xBF, 0xDF, 0x00, 0x00, 0x00,
    0x3C, 0x00, 0x00, 0x3F, 0xFE, 0x00, 0x00, 0x00, 0x3C, 0x00, 0x00, 0x1F, 0xFD, 0x00, 0x00, 0x00,
    0x78, 0x00, 0x00, 0x0F, 0xFC, 0x00, 0x00, 0x00, 0xB4, 0x00, 0x00, 0x07, 0xFC, 0x00, 0x00, 0x00,
    0xF0, 0x00, 0x00, 0x03, 0xF8, 0x00, 0x00, 0xBF, 0xFF, 0xC0, 0x00, 0x01, 0xF4, 0x00, 0x00, 0xBF,
    0xFF, 0xC0, 0x00, 0x00, 0xF0, 0x00, 0x00, 0x00, 0x00, 0x02, 0xFF, 0xE4, 0x00, 0x00, 0x00, 0x7F,
    0x40, 0x7F, 0x40, 0x00, 0x03, 0xF8, 0x00, 0x0F, 0xE0, 0x00, 0x0F, 0xD0, 0x00, 0x07, 0xF4, 0x00,
    0x3F, 0x80, 0x00, 0x03, 0xFC, 0x00, 0xFF, 0x00, 0x00, 0x03, 0xFC, 0x02, 0xFD, 0x00, 0x00, 0x03,
    0xFD, 0x07, 0xFC, 0x00, 0x00, 0x03, 0xFD, 0x0F, 0xF8, 0x00, 0x00, 0x03, 0xFE, 0x1F, 0xF0, 0x00,
    0x00, 0x03, 0xFD, 0x2F, 0xF0, 0x00, 0x00, 0x07, 0xFD, 0x3F, 0xE0, 0x00, 0x00, 0x0B, 0xFC, 0x7F,
    0xD0, 0x00, 0x00, 0x0F, 0xFC, 0xBF, 0xC0, 0x00, 0x00, 0x0F, 0xF8, 0xBF, 0xC0, 0x00, 0x00, 0x1F,
    0xF0, 0xBF, 0xC0, 0x00, 0x00, 0x3F, 0xE0, 0xBF, 0xC0, 0x00, 0x00, 0x3F, 0xC0, 0xBF, 0xC0, 0x00,
    0x00, 0xBF, 0x80, 0x7F, 0xC0, 0x00, 0x00, 0xFF, 0x00, 0x3F, 0xC0, 0x00, 0x03, 0xFC, 0x00, 0x2F,
    0xD0, 0x00, 0x0B, 0xF0, 0x00, 0x0F, 0xF0, 0x00, 0x2F, 0x80, 0x00, 0x02, 0xFD, 0x01, 0xFD, 0x00,
    0x00, 0x00, 0x1B, 0xFE, 0x40, 0x00, 0x00, 0x00, 0x1F, 0xFF, 0xFF, 0xFF, 0xD0, 0x00, 0x01, 0xFF,
    0xFF, 0xFF, 0xFF, 0xD0, 0x00, 0x00, 0x7F, 0xC0, 0x01, 0xFF, 0x40, 0x00, 0x0B, 0xF8, 0x00, 0x0B,
    0xFC, 0x00, 0x00, 0xFF, 0x40, 0x00, 0x7F, 0xC0, 0x00, 0x0F, 0xF0, 0x00, 0x07, 0xFC, 0x00, 0x01,
    0xFF, 0x00, 0x00, 0xBF, 0xC0, 0x00, 0x2F, 0xF0, 0x00, 0x0F, 0xFC, 0x00, 0x03, 0xFE, 0x00, 0x00,
    0xFF, 0x40, 0x00, 0x3F, 0xD0, 0x00, 0x2F, 0xE0, 0x00, 0x07, 0xFC, 0x00, 0x07, 0xF8, 0x00, 0x00,
    0xBF, 0xC0, 0x06, 0xFD, 0x00, 0x00, 0x0F, 0xFF, 0xFF, 0xF9, 0x00, 0x00, 0x00, 0xFF, 0x40, 0x00,
    0x00, 0x00, 0x00, 0x1F, 0xF0, 0x00, 0x00, 0x00, 0x00, 0x02, 0xFF, 0x00, 0x00, 0x00, 0x00, 0x00,
    0x3F, 0xE0, 0x00, 0x00, 0x00, 0x00, 0x03, 0xFD, 0x00, 0x00, 0x00, 0x00, 0x00, 0x7F, 0xC0, 0x00,
    0x00, 0x00, 0x00, 0x0B, 0xFC, 0x00, 0x00, 0x00, 0x00, 0x00, 0xFF, 0x80, 0x00, 0x00, 0x00, 0x0B,
    0xFF, 0xFF, 0xE0, 0x00, 0x00, 0x00, 0xBF, 0xFF, 0xFE, 0x00, 0x00, 0x00, 0x00, 0x00, 0x00, 0x00,
    0x00, 0x00, 0x00, 0x00, 0x00, 0x02, 0xFF, 0xE4, 0x00, 0x00, 0x00, 0x7F, 0x40, 0x7F, 0x40, 0x00,
    0x03, 0xF4, 0x00, 0x0F, 0xE0, 0x00, 0x1F, 0xD0, 0x00, 0x07, 0xF4, 0x00, 0x3F, 0x40, 0x00, 0x03,
    0xFC, 0x00, 0xFF, 0x00, 0x00, 0x03, 0xFC, 0x03, 0xFC, 0x00, 0x00, 0x03, 0xFD, 0x07, 0xF8, 0x00,
    0x00, 0x03, 0xFE, 0x0F, 0xF4, 0x00, 0x00, 0x03, 0xFE, 0x1F, 0xF0, 0x00, 0x00, 0x03, 0xFD, 0x3F,
    0xE0, 0x00, 0x00, 0x07, 0xFD, 0x3F, 0xD0, 0x00, 0x00, 0x07, 0xFC, 0x7F, 0xC0, 0x00, 0x00, 0x0B,
    0xFC, 0xBF, 0xC0, 0x00, 0x00, 0x0F, 0xF8, 0xBF, 0xC0, 0x00, 0x00, 0x1F, 0xF0, 0xBF, 0x80, 0x00,
    0x00, 0x2F, 0xF0, 0xBF, 0x80, 0x00, 0x00, 0x3F, 0xD0, 0xBF, 0x80, 0x00, 0x00, 0xBF, 0x80, 0x7F,
    0x80, 0x7E, 0x00, 0xFF, 0x00, 0x3F, 0xC2, 0xC2, 0x83, 0xFD, 0x00, 0x1F, 0xD3, 0x00, 0xCB, 0xF4,
    0x00, 0x0B, 0xFB, 0x00, 0xFF, 0xC0, 0x00, 0x02, 0xFF, 0x02, 0xFE, 0x00, 0x00, 0x00, 0x1B, 0xFF,
    0xF0, 0x02, 0x40, 0x00, 0x00, 0x00, 0xF8, 0x0B, 0x00, 0x00, 0x00, 0x00, 0xFF, 0xFF, 0x00, 0x00,
    0x00, 0x00, 0xFF, 0xFD, 0x00, 0x00, 0x00, 0x00, 0xFF, 0xF8, 0x00, 0x00, 0x00, 0x00, 0xBF, 0xF0,
    0x00, 0x00, 0x00, 0x00, 0x2F, 0x80, 0x00, 0x00, 0x1F, 0xFF, 0xFF, 0xFF, 0x90, 0x00, 0x01, 0xFF,
    0xFF, 0xFF, 0xFF, 0xD0, 0x00, 0x00, 0x7F, 0xC0, 0x02, 0xFF, 0x40, 0x00, 0x0B, 0xF8, 0x00, 0x0B,
    0xFC, 0x00, 0x00, 0xFF, 0x40, 0x00, 0x7F, 0xC0, 0x00, 0x0F, 0xF0, 0x00, 0x0B, 0xFC, 0x00, 0x01,
    0xFF, 0x00, 0x00, 0xBF, 0xC0, 0x00, 0x2F, 0xE0, 0x00, 0x0F, 0xF8, 0x00, 0x03, 0xFD, 0x00, 0x01,
    0xFF, 0x00, 0x00, 0x3F, 0xC0, 0x00, 0x3F, 0xC0, 0x00, 0x07, 0xFC, 0x00, 0x6F, 0xD0, 0x00, 0x00,
    0xBF, 0xFF, 0xFF, 0xD0, 0x00, 0x00, 0x0F, 0xF4, 0x01, 0xFF, 0x00, 0x00, 0x00, 0xFF, 0x00, 0x07,
    0xFC, 0x00, 0x00, 0x1F, 0xF0, 0x00, 0x7F, 0xC0, 0x00, 0x02, 0xFE, 0x00, 0x07, 0xFC, 0x00, 0x00,
    0x3F, 0xD0, 0x00, 0xBF, 0xC0, 0x00, 0x03, 0xFC, 0x00, 0x0F, 0xFC, 0x00, 0x00, 0x7F, 0xC0, 0x00,
    0xFF, 0x80, 0x00, 0x0B, 0xF8, 0x00, 0x0F, 0xF8, 0x0F, 0x00, 0xFF, 0x40, 0x00, 0xFF, 0x81, 0xEB,
    0xFF, 0xFF, 0xD0, 0x07, 0xFC, 0x3C, 0xBF, 0xFF, 0xFD, 0x00, 0x0B, 0xFE, 0x00, 0x00, 0x00, 0x07,
    0xFF, 0x42, 0xC0, 0x00, 0x0B, 0xD0, 0x1F, 0xFC, 0x00, 0x02, 0xF0, 0x00, 0x3F, 0x80, 0x00, 0xBC,
    0x00, 0x02, 0xF4, 0x00, 0x0F, 0x80, 0x00, 0x1F, 0x00, 0x02, 0xF4, 0x00, 0x01, 0xF0, 0x00, 0x3F,
    0x80, 0x00, 0x1E, 0x00, 0x03, 0xFC, 0x00, 0x01, 0xD0, 0x00, 0x3F, 0xF9, 0x00, 0x00, 0x00, 0x03,
    0xFF, 0xFF, 0x80, 0x00, 0x00, 0x1F, 0xFF, 0xFF, 0x40, 0x00, 0x00, 0xBF, 0xFF, 0xFD, 0x00, 0x00,
    0x01, 0xFF, 0xFF, 0xF0, 0x00, 0x00, 0x00, 0x6F, 0xFF, 0x00, 0x00, 0x00, 0x00, 0x1F, 0xF4, 0x00,
    0x00, 0x00, 0x00, 0x7F, 0x00, 0x07, 0x40, 0x00, 0x07, 0xF0, 0x00, 0xB4, 0x00, 0x00, 0x7F, 0x00,
    0x0F, 0x40, 0x00, 0x0B, 0xD0, 0x00, 0xF8, 0x00, 0x00, 0xFC, 0x00, 0x1F, 0xD0, 0x00, 0x3F, 0x40,
    0x02, 0xFF, 0x80, 0x1F, 0xD0, 0x00, 0x3C, 0x7F, 0xFF, 0xF4, 0x00, 0x03, 0x40, 0x7F, 0xE4, 0x00,
    0x00, 0x02, 0xFF, 0xFF, 0xFF, 0xFF, 0xFE, 0x03, 0xFF, 0xFF, 0xFF, 0xFF, 0xFE, 0x07, 0xF4, 0x03,
    0xFD, 0x00, 0xBD, 0x0B, 0xC0, 0x07, 0xFC, 0x00, 0x3C, 0x0F, 0x40, 0x0B, 0xFC, 0x00, 0x3C, 0x1F,
    0x00, 0x0F, 0xF8, 0x00, 0x3C, 0x2D, 0x00, 0x0F, 0xF4, 0x00, 0x38, 0x3C, 0x00, 0x1F, 0xF0, 0x00,
    0x00, 0x00, 0x00, 0x2F, 0xF0, 0x00, 0x00, 0x00, 0x00, 0x3F, 0xE0, 0x00, 0x00, 0x00, 0x00, 0x3F,
    0xD0, 0x00, 0x00, 0x00, 0x00, 0x7F, 0xC0, 0x00, 0x00, 0x00, 0x00, 0xBF, 0xC0, 0x00, 0x00, 0x00,
    0x00, 0xFF, 0x80, 0x00, 0x00, 0x00, 0x00, 0xFF, 0x40, 0x00, 0x00, 0x00, 0x01, 0xFF, 0x00, 0x00,
    0x00, 0x00, 0x02, 0xFF, 0x00, 0x00, 0x00, 0x00, 0x03, 0xFE, 0x00, 0x00, 0x00, 0x00, 0x03, 0xFD,
    0x00, 0x00, 0x00, 0x00, 0x07, 0xFC, 0x00, 0x00, 0x00, 0x00, 0x0B, 0xFC, 0x00, 0x00, 0x00, 0x3F,
    0xFF, 0xFF, 0xFD, 0x00, 0x00, 0x3F, 0xFF, 0xFF, 0xFD, 0x00, 0x00, 0x00, 0x00, 0x00, 0x00, 0x00,
    0x00, 0x07, 0xFF, 0xFF, 0xF0, 0x0B, 0xFF, 0xFD, 0x7F, 0xFF, 0xFF, 0x00, 0xBF, 0xFF, 0xD0, 0x1F,
    0xF0, 0x00, 0x00, 0x2F, 0x00, 0x02, 0xFF, 0x00, 0x00, 0x02, 0xD0, 0x00, 0x3F, 0xE0, 0x00, 0x00,
    0x3C, 0x00, 0x03, 0xFD, 0x00, 0x00, 0x03, 0xC0, 0x00, 0x7F, 0xC0, 0x00, 0x00, 0x78, 0x00, 0x0B,
    0xFC, 0x00, 0x00, 0x0B, 0x40, 0x00, 0xFF, 0x80, 0x00, 0x00, 0xF0, 0x00, 0x0F, 0xF4, 0x00, 0x00,
    0x0F, 0x00, 0x01, 0xFF, 0x00, 0x00, 0x01, 0xE0, 0x00, 0x2F, 0xF0, 0x00, 0x00, 0x2D, 0x00, 0x03,
    0xFE, 0x00, 0x00, 0x03, 0xC0, 0x00, 0x3F, 0xD0, 0x00, 0x00, 0x3C, 0x00, 0x07, 0xFC, 0x00, 0x00,
    0x07, 0x80, 0x00, 0xBF, 0xC0, 0x00, 0x00, 0xF4, 0x00, 0x0F, 0xF8, 0x00, 0x00, 0x0F, 0x00, 0x00,
    0xFF, 0x40, 0x00, 0x03, 0xD0, 0x00, 0x0B, 0xF4, 0x00, 0x00, 0xBC, 0x00, 0x00, 0x3F, 0x80, 0x00,
    0x2F, 0x00, 0x00, 0x02, 0xFE, 0x00, 0x6F, 0xC0, 0x00, 0x00, 0x07, 0xFF, 0xFF, 0xE0, 0x00, 0x00,
    0x00, 0x06, 0xFF, 0x90, 0x00, 0x00, 0x00, 0x00, 0x00, 0x00, 0x00, 0x00, 0x00, 0x0B, 0xFF, 0xFF,
    0xC0, 0x03, 0xFF, 0xFC, 0x0B, 0xFF, 0x40, 0x00, 0x02, 0xF4, 0x00, 0x3F, 0xE0, 0x00, 0x00, 0x3C,
    0x00, 0x03, 0xFF, 0x00, 0x00, 0x0B, 0x40, 0x00, 0x2F, 0xF0, 0x00, 0x01, 0xF0, 0x00, 0x01, 0xFF,
    0x00, 0x00, 0x3C, 0x00, 0x00, 0x1F, 0xF4, 0x00, 0x07, 0x80, 0x00, 0x00, 0xFF, 0x40, 0x00, 0xF0,
    0x00, 0x00, 0x0F, 0xF8, 0x00, 0x2D, 0x00, 0x00, 0x00, 0xFF, 0x80, 0x07, 0x80, 0x00, 0x00, 0x0F,
    0xFC, 0x00, 0xF0, 0x00, 0x00, 0x00, 0xBF, 0xC0, 0x2D, 0x00, 0x00, 0x00, 0x07, 0xFC, 0x03, 0xC0,
    0x00, 0x00, 0x00, 0x7F, 0xD0, 0xB0, 0x00, 0x00, 0x00, 0x03, 0xFD, 0x1E, 0x00, 0x00, 0x00, 0x00,
    0x3F, 0xE3, 0xC0, 0x00, 0x00, 0x00, 0x03, 0xFE, 0xB4, 0x00, 0x00, 0x00, 0x00, 0x3F, 0xFE, 0x00,
    0x00, 0x00, 0x00, 0x02, 0xFF, 0xC0, 0x00, 0x00, 0x00, 0x00, 0x2F, 0xF4, 0x00, 0x00, 0x00, 0x00,
    0x01, 0xFF, 0x00, 0x00, 0x00, 0x00, 0x00, 0x0F, 0xC0, 0x00, 0x00, 0x00, 0x00, 0x00, 0xF4, 0x00,
    0x00, 0x00, 0x00, 0xBF, 0xFF, 0xF8, 0x3F, 0xFF, 0xFC, 0x03, 0xFF, 0xFE, 0xEF, 0xFF, 0xE0, 0xEF,
    0xFD, 0xB0, 0x0E, 0xBE, 0xA0, 0x3F, 0xD0, 0x00, 0x2F, 0xF0, 0x00, 0x03, 0xC0, 0x00, 0xFF, 0x80,
    0x00, 0xBF, 0xC0, 0x00, 0x1D, 0x00, 0x03, 0xFE, 0x00, 0x02, 0xFF, 0x00, 0x00, 0xF0, 0x00, 0x0F,
    0xF8, 0x00, 0x0F, 0xFC, 0x00, 0x0B, 0x00, 0x00, 0x2F, 0xF0, 0x00, 0xBF, 0xF4, 0x00, 0x38, 0x00,
    0x00, 0xBF, 0xC0, 0x03, 0xFF, 0xD0, 0x02, 0xC0, 0x00, 0x02, 0xFF, 0x00, 0x2D, 0xFF, 0x40, 0x0E,
    0x00, 0x00, 0x07, 0xFC, 0x01, 0xE3, 0xFE, 0x00, 0xF0, 0x00, 0x00, 0x1F, 0xF0, 0x0F, 0x0F, 0xF8,
    0x07, 0x40, 0x00, 0x00, 0x7F, 0xD0, 0x74, 0x3F, 0xE0, 0x3C, 0x00, 0x00, 0x00, 0xFF, 0x43, 0xC0,
    0xFF, 0xC1, 0xC0, 0x00, 0x00, 0x03, 0xFD, 0x1D, 0x02, 0xFF, 0x0E, 0x00, 0x00, 0x00, 0x0F, 0xF8,
    0xE0, 0x0B, 0xFC, 0xB0, 0x00, 0x00, 0x00, 0x3F, 0xEB, 0x00, 0x1F, 0xF3, 0x40, 0x00, 0x00, 0x00,
    0xFF, 0xF8, 0x00, 0x7F, 0xFC, 0x00, 0x00, 0x00, 0x02, 0xFF, 0xC0, 0x01, 0xFF, 0xD0, 0x00, 0x00,
    0x00, 0x0B, 0xFD, 0x00, 0x03, 0xFF, 0x00, 0x00, 0x00, 0x00, 0x2F, 0xF0, 0x00, 0x0F, 0xF0, 0x00,
    0x00, 0x00, 0x00, 0x7F, 0x00, 0x00, 0x3F, 0x80, 0x00, 0x00, 0x00, 0x01, 0xF8, 0x00, 0x00, 0xFC,
    0x00, 0x00, 0x00, 0x00, 0x03, 0xC0, 0x00, 0x02, 0xD0, 0x00, 0x00, 0x00, 0x00, 0x00, 0x0F, 0xFF,
    0xFF, 0x83, 0xFF, 0xFF, 0x40, 0x03, 0xFF, 0xFF, 0xE0, 0xFF, 0xFF, 0xD0, 0x00, 0x03, 0xFF, 0x40,
    0x02, 0xF4, 0x00, 0x00, 0x00, 0x7F, 0xD0, 0x01, 0xF0, 0x00, 0x00, 0x00, 0x0F, 0xFC, 0x01, 0xF0,
    0x00, 0x00, 0x00, 0x02, 0xFF, 0x41, 0xF4, 0x00, 0x00, 0x00, 0x00, 0x3F, 0xE0, 0xF4, 0x00, 0x00,
    0x00, 0x00, 0x0F, 0xFD, 0xF4, 0x00, 0x00, 0x00, 0x00, 0x01, 0xFF, 0xF4, 0x00, 0x00, 0x00, 0x00,
    0x00, 0x3F, 0xF8, 0x00, 0x00, 0x00, 0x00, 0x00, 0x0B, 0xFD, 0x00, 0x00, 0x00, 0x00, 0x00, 0x00,
    0xFF, 0xC0, 0x00, 0x00, 0x00, 0x00, 0x00, 0xFF, 0xF0, 0x00, 0x00, 0x00, 0x00, 0x00, 0xFF, 0xFE,
    0x00, 0x00, 0x00, 0x00, 0x00, 0xB8, 0xFF, 0xC0, 0x00, 0x00, 0x00, 0x00, 0xBC, 0x2F, 0xF4, 0x00,
    0x00, 0x00, 0x00, 0xBC, 0x03, 0xFF, 0x00, 0x00, 0x00, 0x00, 0xBC, 0x00, 0xBF, 0xD0, 0x00, 0x00,
    0x00, 0xBC, 0x00, 0x1F, 0xF8, 0x00, 0x00, 0x00, 0xBC, 0x00, 0x03, 0xFF, 0x00, 0x00, 0x00, 0xBD,
    0x00, 0x00, 0xBF, 0xE0, 0x00, 0x2F, 0xFF, 0xF8, 0x03, 0xFF, 0xFF, 0xE0, 0x0B, 0xFF, 0xFE, 0x00,
    0xFF, 0xFF, 0xF8, 0x00, 0xFF, 0xFF, 0xFC, 0x00, 0x3F, 0xFF, 0xDF, 0xFF, 0xFF, 0xC0, 0x03, 0xFF,
    0xFC, 0x03, 0xFF, 0x40, 0x00, 0x03, 0xE0, 0x00, 0x1F, 0xF8, 0x00, 0x00, 0xB8, 0x00, 0x00, 0xFF,
    0xC0, 0x00, 0x2F, 0x00, 0x00, 0x0B, 0xFD, 0x00, 0x07, 0xC0, 0x00, 0x00, 0x7F, 0xE0, 0x01, 0xF0,
    0x00, 0x00, 0x03, 0xFF, 0x00, 0x7D, 0x00, 0x00, 0x00, 0x2F, 0xF4, 0x0F, 0x40, 0x00, 0x00, 0x01,
    0xFF, 0xC3, 0xD0, 0x00, 0x00, 0x00, 0x0F, 0xFD, 0xF8, 0x00, 0x00, 0x00, 0x00, 0xBF, 0xFE, 0x00,
    0x00, 0x00, 0x00, 0x03, 0xFF, 0xC0, 0x00, 0x00, 0x00, 0x00, 0x3F, 0xF0, 0x00, 0x00, 0x00, 0x00,
    0x03, 0xFE, 0x00, 0x00, 0x00, 0x00, 0x00, 0x3F, 0xC0, 0x00, 0x00, 0x00, 0x00, 0x07, 0xFC, 0x00,
    0x00, 0x00, 0x00, 0x00, 0xBF, 0x80, 0x00, 0x00, 0x00, 0x00, 0x0F, 0xF4, 0x00, 0x00, 0x00, 0x00,
    0x00, 0xFF, 0x00, 0x00, 0x00, 0x00, 0x00, 0x1F, 0xF0, 0x00, 0x00, 0x00, 0x00, 0xFF, 0xFF, 0xFC,
    0x00, 0x00, 0x00, 0x0F, 0xFF, 0xFF, 0xC0, 0x00, 0x00, 0x00, 0x00, 0x0B, 0xFF, 0xFF, 0xFF, 0xFC,
    0x00, 0x3F, 0xFF, 0xFF, 0xFF, 0xE0, 0x00, 0xFF, 0x90, 0x03, 0xFF, 0x00, 0x0B, 0xF0, 0x00, 0x2F,
    0xF0, 0x00, 0x3F, 0x00, 0x02, 0xFF, 0x00, 0x00, 0xF0, 0x00, 0x2F, 0xF4, 0x00, 0x07, 0x80, 0x01,
    0xFF, 0x80, 0x00, 0x2D, 0x00, 0x1F, 0xF8, 0x00, 0x00, 0x60, 0x00, 0xFF, 0xC0, 0x00, 0x00, 0x00,
    0x0F, 0xFC, 0x00, 0x00, 0x00, 0x00, 0xFF, 0xC0, 0x00, 0x00, 0x00, 0x0B, 0xFD, 0x00, 0x00, 0x00,
    0x00, 0xBF, 0xD0, 0x00, 0x00, 0x00, 0x07, 0xFE, 0x00, 0x00, 0x00, 0x00, 0x7F, 0xF0, 0x00, 0xE0,
    0x00, 0x03, 0xFF, 0x00, 0x07, 0x80, 0x00, 0x3F, 0xF0, 0x00, 0x2D, 0x00, 0x03, 0xFF, 0x40, 0x00,
    0xF0, 0x00, 0x3F, 0xF4, 0x00, 0x0B, 0x80, 0x02, 0xFF, 0x80, 0x00, 0x7D, 0x00, 0x2F, 0xFC, 0x00,
    0x07, 0xF0, 0x01, 0xFF, 0xC0, 0x01, 0xFF, 0x80, 0x0F, 0xFF, 0xFF, 0xFF, 0xFC, 0x00, 0x00, 0x00,
    0x00, 0xBF, 0xE0, 0x00, 0x0F, 0xC0, 0x00, 0x00, 0xFC, 0x00, 0x00, 0x1F, 0x80, 0x00, 0x02, 0xF4,
    0x00, 0x00, 0x3F, 0x40, 0x00, 0x03, 0xF0, 0x00, 0x00, 0x7F, 0x00, 0x00, 0x0B, 0xE0, 0x00, 0x00,
    0xFD, 0x00, 0x00, 0x0F, 0xC0, 0x00, 0x01, 0xFC, 0x00, 0x00, 0x2F, 0x80, 0x00, 0x03, 0xF4, 0x00,
    0x00, 0x3F, 0x00, 0x00, 0x07, 0xF0, 0x00, 0x00, 0xBE, 0x00, 0x00, 0x0F, 0xD0, 0x00, 0x00, 0xFC,
    0x00, 0x00, 0x1F, 0xC0, 0x00, 0x02, 0xF8, 0x00, 0x00, 0x3F, 0x40, 0x00, 0x07, 0xF0, 0x00, 0x00,
    0xBF, 0x00, 0x00, 0x0F, 0xE0, 0x00, 0x00, 0xFD, 0x00, 0x00, 0x1F, 0xC0, 0x00, 0x02, 0xFC, 0x00,
    0x00, 0x3F, 0x80, 0x00, 0x03, 0xF4, 0x00, 0x00, 0x7F, 0x00, 0x00, 0x0B, 0xF0, 0x00, 0x00, 0xBF,
    0xE0, 0x00, 0x00, 0x00, 0x0C, 0x00, 0x90, 0x0A, 0x00, 0x60, 0x03, 0x00, 0x30, 0x03, 0x00, 0x30,
    0x02, 0x40, 0x28, 0x01, 0x80, 0x1C, 0x00, 0xC0, 0x0C, 0x00, 0xD0, 0x09, 0x00, 0xA0, 0x06, 0x00,
    0x70, 0x03, 0x00, 0x30, 0x03, 0x40, 0x24, 0x02, 0x80, 0x18, 0x01, 0xC0, 0x0C, 0x00, 0xC0, 0x0D,
    0x00, 0xD0, 0x0A, 0x00, 0x00, 0x00, 0x00, 0x3F, 0xF4, 0x00, 0x00, 0x0F, 0xD0, 0x00, 0x00, 0x3F,
    0x00, 0x00, 0x01, 0xFC, 0x00, 0x00, 0x0B, 0xE0, 0x00, 0x00, 0x3F, 0x40, 0x00, 0x00, 0xFC, 0x00,
    0x00, 0x07, 0xF0, 0x00, 0x00, 0x2F, 0x80, 0x00, 0x00, 0xFD, 0x00, 0x00, 0x03, 0xF0, 0x00, 0x00,
    0x1F, 0xC0, 0x00, 0x00, 0xBE, 0x00, 0x00, 0x03, 0xF4, 0x00, 0x00, 0x0F, 0xC0, 0x00, 0x00, 0x7F,
    0x00, 0x00, 0x02, 0xF8, 0x00, 0x00, 0x0F, 0xD0, 0x00, 0x00, 0x3F, 0x00, 0x00, 0x01, 0xFC, 0x00,
    0x00, 0x0B, 0xE0, 0x00, 0x00, 0x3F, 0x40, 0x00, 0x00, 0xFC, 0x00, 0x00, 0x07, 0xF0, 0x00, 0x00,
    0x2F, 0x80, 0x00, 0x00, 0xFD, 0x00, 0x00, 0x03, 0xF0, 0x00, 0x00, 0x1F, 0xC0, 0x00, 0x00, 0xBE,
    0x00, 0x00, 0x03, 0xF4, 0x00, 0x00, 0x0F, 0xC0, 0x00, 0x00, 0x7F, 0x00, 0x00, 0x3F, 0xF8, 0x00,
    0x00, 0x00, 0x01, 0xE0, 0x00, 0x00, 0x3F, 0xF0, 0x00, 0x0B, 0xFF, 0xF4, 0x02, 0xFF, 0x4B, 0xF4,
    0x3F, 0x80, 0x03, 0xF8, 0xE0, 0x00, 0x01, 0xD0, 0x3F, 0xFF, 0xFF, 0xFF, 0xFF, 0xE3, 0xFF, 0xFF,
    0xFF, 0xFF, 0xFE, 0x1E, 0x00, 0xFF, 0x03, 0xFF, 0x02, 0xFE, 0x00, 0x78, 0x00, 0x07, 0xFE, 0x14,
    0x00, 0x07, 0xE0, 0x7F, 0xD0, 0x01, 0xF8, 0x01, 0xFD, 0x00, 0x7F, 0x00, 0x1F, 0xC0, 0x0F, 0xE0,
    0x02, 0xFC, 0x02, 0xFD, 0x00, 0x3F, 0x80, 0x3F, 0xC0, 0x03, 0xF4, 0x07, 0xF8, 0x00, 0x7F, 0x00,
    0x7F, 0x40, 0x0B, 0xF0, 0x0B, 0xF4, 0x00, 0xFE, 0x00, 0xBF, 0x00, 0x0F, 0xD1, 0xD7, 0xF0, 0x01,
    0xFC, 0x2C, 0x3F, 0x00, 0x3F, 0xC3, 0x81, 0xF8, 0x1F, 0xFC, 0xB0, 0x02, 0xFE, 0x42, 0xFC, 0x00,
    0x00, 0x00, 0x00, 0x00, 0x2F, 0xFC, 0x00, 0x00, 0x0B, 0xF0, 0x00, 0x00, 0x3F, 0xC0, 0x00, 0x00,
    0xFE, 0x00, 0x00, 0x07, 0xF4, 0x00, 0x00, 0x2F, 0xC0, 0x00, 0x00, 0xFF, 0x00, 0x00, 0x03, 0xF8,
    0x00, 0x00, 0x1F, 0xEB, 0xF8, 0x00, 0xBF, 0xE0, 0xBD, 0x03, 0xFD, 0x00, 0xFC, 0x0F, 0xE0, 0x03,
    0xF8, 0x7F, 0x40, 0x0F, 0xE2, 0xFC, 0x00, 0x3F, 0x8F, 0xF0, 0x01, 0xFE, 0x3F, 0x80, 0x0B, 0xF4,
    0xFD, 0x00, 0x3F, 0xC7, 0xF0, 0x00, 0xFE, 0x1F, 0xC0, 0x07, 0xF0, 0x3F, 0x00, 0x3F, 0x80, 0xFC,
    0x02, 0xF8, 0x00, 0xF8, 0x2F, 0x40, 0x00, 0xBF, 0xE0, 0x00, 0x00, 0x06, 0xFF, 0x80, 0x00, 0xFD,
    0x07, 0xC0, 0x1F, 0xC0, 0x3F, 0x40, 0xFD, 0x01, 0xFD, 0x0F, 0xE0, 0x03, 0xE0, 0x7F, 0x40, 0x00,
    0x03, 0xFC, 0x00, 0x00, 0x0F, 0xE0, 0x00, 0x00, 0x7F, 0x40, 0x00, 0x01, 0xFD, 0x00, 0x00, 0x07,
    0xF0, 0x00, 0x00, 0x0F, 0xC0, 0x00, 0x0D, 0x2F, 0x40, 0x01, 0xF4, 0x3F, 0x40, 0x7F, 0x00, 0x1B,
    0xFF, 0x90, 0x00, 0x00, 0x00, 0x00, 0xFF, 0xF0, 0x00, 0x00, 0x00, 0xFE, 0x00, 0x00, 0x00, 0x1F,
    0xD0, 0x00, 0x00, 0x02, 0xFC, 0x00, 0x00, 0x00, 0x3F, 0xC0, 0x00, 0x00, 0x03, 0xF8, 0x00, 0x00,
    0x00, 0x3F, 0x40, 0x00, 0x00, 0x07, 0xF0, 0x00, 0x07, 0xFE, 0xFF, 0x00, 0x07, 0xE0, 0x7F, 0xE0,
    0x01, 0xF8, 0x01, 0xFD, 0x00, 0x7F, 0x00, 0x1F, 0xC0, 0x0F, 0xE0, 0x02, 0xFC, 0x02, 0xFD, 0x00,
    0x3F, 0xC0, 0x3F, 0xC0, 0x03, 0xF8, 0x07, 0xF8, 0x00, 0x7F, 0x40, 0x7F, 0x40, 0x0B, 0xF0, 0x0B,
    0xF4, 0x00, 0xFF, 0x00, 0xBF, 0x00, 0x0F, 0xE1, 0xD7, 0xF0, 0x01, 0xFD, 0x2C, 0x3F, 0x00, 0x3F,
    0xC3, 0x81, 0xF8, 0x1F, 0xFC, 0xB0, 0x02, 0xFE, 0x42, 0xFC, 0x00, 0x00, 0x06, 0xFF, 0x80, 0x00,
    0xFD, 0x07, 0xC0, 0x1F, 0xC0, 0x0F, 0x40, 0xFD, 0x00, 0x2E, 0x0F, 0xF0, 0x00, 0xF4, 0x7F, 0x40,
    0x0B, 0xC3, 0xFC, 0x06, 0xF8, 0x0F, 0xFF, 0xF9, 0x00, 0x7F, 0x80, 0x00, 0x01, 0xFD, 0x00, 0x00,
    0x07, 0xF0, 0x00, 0x00, 0x0F, 0xC0, 0x00, 0x09, 0x2F, 0x40, 0x01, 0xF4, 0x3F, 0x40, 0x7F, 0x40,
    0x1B, 0xFF, 0x90, 0x00, 0x00, 0x00, 0x00, 0x2F, 0xD0, 0x00, 0x00, 0x07, 0xD7, 0xD0, 0x00, 0x00,
    0x3F, 0x3F, 0x80, 0x00, 0x02, 0xF8, 0xFE, 0x00, 0x00, 0x0F, 0xD2, 0xE0, 0x00, 0x00, 0x3F, 0x40,
    0x00, 0x00, 0x01, 0xFC, 0x00, 0x00, 0x00, 0x0B, 0xF0, 0x00, 0x00, 0x00, 0x3F, 0x80, 0x00, 0x00,
    0xFF, 0xFF, 0xFF, 0x00, 0x03, 0xFF, 0xFF, 0xFC, 0x00, 0x00, 0x1F, 0xC0, 0x00, 0x00, 0x00, 0xBF,
    0x00, 0x00, 0x00, 0x02, 0xFC, 0x00, 0x00, 0x00, 0x0F, 0xE0, 0x00, 0x00, 0x00, 0x3F, 0x40, 0x00,
    0x00, 0x00, 0xFD, 0x00, 0x00, 0x00, 0x07, 0xF0, 0x00, 0x00, 0x00, 0x2F, 0xC0, 0x00, 0x00, 0x00,
    0xFE, 0x00, 0x00, 0x00, 0x03, 0xF8, 0x00, 0x00, 0x00, 0x0F, 0xD0, 0x00, 0x00, 0x00, 0x7F, 0x00,
    0x00, 0x00, 0x02, 0xFC, 0x00, 0x00, 0x00, 0x0B, 0xE0, 0x00, 0x00, 0x00, 0x3F, 0x40, 0x00, 0x02,
    0xF0, 0xFC, 0x00, 0x00, 0x1F, 0xD7, 0xD0, 0x00, 0x00, 0xBF, 0x2F, 0x00, 0x00, 0x01, 0xF4, 0xF0,
    0x00, 0x00, 0x01, 0xFE, 0x00, 0x00, 0x00, 0x00, 0x00, 0x00, 0x7F, 0xE1, 0x40, 0x00, 0x7E, 0x07,
    0xFD, 0x00, 0x1F, 0x80, 0x1F, 0xD0, 0x07, 0xF0, 0x01, 0xFD, 0x00, 0xFE, 0x00, 0x2F, 0xC0, 0x1F,
    0xD0, 0x03, 0xFC, 0x03, 0xFC, 0x00, 0x3F, 0x80, 0x3F, 0xC0, 0x07, 0xF4, 0x07, 0xF8, 0x00, 0xBF,
    0x00, 0x7F, 0x40, 0x0F, 0xE0, 0x07, 0xF0, 0x00, 0xFD, 0x00, 0x7F, 0x00, 0x1F, 0xC0, 0x03, 0xF0,
    0x03, 0xFC, 0x00, 0x0F, 0x81, 0xFF, 0x80, 0x00, 0x2F, 0xE7, 0xF4, 0x00, 0x00, 0x00, 0x7F, 0x00,
    0x00, 0x00, 0x0B, 0xF0, 0x00, 0x00, 0x00, 0xFE, 0x00, 0x1F, 0x40, 0x1F, 0xD0, 0x03, 0xFC, 0x03,
    0xF8, 0x00, 0x3F, 0x41, 0xFD, 0x00, 0x00, 0xBF, 0xF9, 0x00, 0x00, 0x02, 0xFF, 0xC0, 0x00, 0x00,
    0x00, 0xFF, 0x00, 0x00, 0x00, 0x03, 0xFC, 0x00, 0x00, 0x00, 0x0F, 0xE0, 0x00, 0x00, 0x00, 0x7F,
    0x40, 0x00, 0x00, 0x02, 0xFC, 0x00, 0x00, 0x00, 0x0F, 0xF0, 0x00, 0x00, 0x00, 0x3F, 0x80, 0x00,
    0x00, 0x01, 0xFD, 0x6F, 0xE0, 0x00, 0x0B, 0xFF, 0x43, 0xF4, 0x00, 0x3F, 0xF0, 0x07, 0xF0, 0x00,
    0xFF, 0x00, 0x1F, 0xC0, 0x07, 0xF4, 0x00, 0xBF, 0x00, 0x2F, 0xC0, 0x03, 0xF8, 0x00, 0xFF, 0x00,
    0x0F, 0xD0, 0x03, 0xF8, 0x00, 0x7F, 0x00, 0x1F, 0xD0, 0x03, 0xFC, 0x00, 0xBF, 0x00, 0x0F, 0xD0,
    0x03, 0xFC, 0x00, 0x7F, 0x07, 0x4F, 0xE0, 0x03, 0xF8, 0x2C, 0x7F, 0x40, 0x0F, 0xD1, 0xE1, 0xFC,
    0x00, 0x2F, 0x4E, 0x03, 0xD0, 0x00, 0x1F, 0xD0, 0x00, 0x00, 0x02, 0xE0, 0x00, 0x1F, 0xC0, 0x00,
    0xBF, 0x00, 0x01, 0xF4, 0x00, 0x00, 0x00, 0x00, 0x00, 0x00, 0x00, 0x00, 0x00, 0x00, 0x00, 0x01,
    0xFD, 0x00, 0x2D, 0x7E, 0x01, 0xD1, 0xFC, 0x0F, 0x0B, 0xF0, 0x74, 0x3F, 0x80, 0x01, 0xFC, 0x00,
    0x0F, 0xF0, 0x00, 0x3F, 0x40, 0x02, 0xFC, 0x00, 0x0F, 0xE0, 0x00, 0x3F, 0x43, 0x82, 0xFC, 0x1D,
    0x0B, 0xE0, 0xF0, 0x1F, 0x8F, 0x00, 0x1F, 0xE0, 0x00, 0x00, 0x00, 0x01, 0xF0, 0x00, 0x00, 0x0F,
    0xE0, 0x00, 0x00, 0x7F, 0x40, 0x00, 0x00, 0xF8, 0x00, 0x00, 0x00, 0x00, 0x00, 0x00, 0x00, 0x00,
    0x00, 0x00, 0x00, 0x00, 0x00, 0x00, 0x00, 0x00, 0x01, 0xFE, 0x00, 0x00, 0x3C, 0x3F, 0x00, 0x03,
    0x80, 0xFD, 0x00, 0x2C, 0x03, 0xF4, 0x00, 0xD0, 0x1F, 0xC0, 0x00, 0x00, 0xBF, 0x00, 0x00, 0x03,
    0xF8, 0x00, 0x00, 0x0F, 0xD0, 0x00, 0x00, 0x7F, 0x00, 0x00, 0x02, 0xFC, 0x00, 0x00, 0x0F, 0xE0,
    0x00, 0x00, 0x3F, 0x40, 0x00, 0x01, 0xFC, 0x00, 0x00, 0x0B, 0xF0, 0x00, 0x00, 0x3F, 0x80, 0x00,
    0x00, 0xFD, 0x00, 0x00, 0x07, 0xF0, 0x00, 0x00, 0x2F, 0xC0, 0x03, 0xE0, 0xFD, 0x00, 0x3F, 0xCB,
    0xE0, 0x00, 0xFD, 0xBD, 0x00, 0x00, 0xBF, 0x80, 0x00, 0x00, 0x02, 0xFF, 0xC0, 0x00, 0x00, 0x0F,
    0xF0, 0x00, 0x00, 0x03, 0xFC, 0x00, 0x00, 0x00, 0xFE, 0x00, 0x00, 0x00, 0x7F, 0x40, 0x00, 0x00,
    0x2F, 0xC0, 0x00, 0x00, 0x0F, 0xF0, 0x00, 0x00, 0x03, 0xF4, 0x00, 0x00, 0x01, 0xFC, 0x00, 0xBE,
    0x00, 0xBF, 0x01, 0xD6, 0xD0, 0x3F, 0x81, 0xC3, 0xF4, 0x0F, 0xD1, 0xC1, 0xFD, 0x07, 0xF2, 0xC0,
    0x3D, 0x02, 0xFE, 0xC0, 0x00, 0x00, 0xFF, 0xD0, 0x00, 0x00, 0x3F, 0xFF, 0xD0, 0x00, 0x1F, 0xC2,
    0xFD, 0x00, 0x0B, 0xF0, 0x2F, 0xC0, 0x03, 0xFC, 0x0B, 0xF0, 0x34, 0xFD, 0x02, 0xFC, 0x2C, 0x7F,
    0x00, 0xBE, 0x0E, 0x1F, 0xC0, 0x0F, 0x8B, 0x03, 0xD0, 0x00, 0xBE, 0x00, 0x00, 0x00, 0x00, 0x2F,
    0xFC, 0x00, 0x3F, 0xC0, 0x03, 0xFC, 0x00, 0x3F, 0x80, 0x07, 0xF4, 0x00, 0xBF, 0x00, 0x0F, 0xF0,
    0x00, 0xFE, 0x00, 0x1F, 0xD0, 0x02, 0xFC, 0x00, 0x3F, 0xC0, 0x03, 0xF8, 0x00, 0x7F, 0x40, 0x0B,
    0xF0, 0x00, 0xFF, 0x00, 0x0F, 0xE0, 0x01, 0xFD, 0x00, 0x2F, 0xC0, 0x03, 0xFC, 0x38, 0x3F, 0x87,
    0x83, 0xF4, 0xB0, 0x1F, 0x5D, 0x00, 0x7F, 0x40, 0x02, 0xF8, 0x06, 0xFE, 0x00, 0x7F, 0xE0, 0x00,
    0x38, 0xFC, 0xF4, 0x3F, 0x5E, 0x03, 0xF0, 0x02, 0xC3, 0xFF, 0x00, 0x7F, 0xD0, 0x0F, 0xD0, 0x0F,
    0x0F, 0xF0, 0x02, 0xFE, 0x00, 0x3F, 0x80, 0x74, 0x7F, 0x40, 0x0B, 0xF0, 0x00, 0xFE, 0x00, 0x42,
    0xFC, 0x00, 0x3F, 0x80, 0x03, 0xF4, 0x00, 0x0F, 0xE0, 0x00, 0xFD, 0x00, 0x1F, 0xC0, 0x00, 0x3F,
    0x40, 0x07, 0xF0, 0x00, 0xFF, 0x00, 0x01, 0xFC, 0x00, 0x2F, 0xC0, 0x03, 0xF4, 0x00, 0x0B, 0xF0,
    0x00, 0xFE, 0x00, 0x1F, 0xC0, 0x00, 0x3F, 0x80, 0x03, 0xF4, 0x00, 0xFE, 0x0B, 0x00, 0xFD, 0x00,
    0x1F, 0xC0, 0x03, 0xF4, 0x38, 0x07, 0xF0, 0x00, 0xBF, 0x00, 0x0F, 0xC2, 0xC0, 0x2F, 0xC0, 0x03,
    0xF8, 0x00, 0x3F, 0x1D, 0x00, 0x7D, 0x00, 0x0B, 0xC0, 0x00, 0x2F, 0x80, 0x00, 0x00, 0x00, 0x00,
    0x00, 0x00, 0x00, 0xBE, 0x01, 0xBF, 0x80, 0x00, 0xE3, 0xF3, 0xD0, 0xFD, 0x00, 0xB0, 0xFF, 0x80,
    0x1F, 0xC0, 0x38, 0x3F, 0xC0, 0x07, 0xF0, 0x1D, 0x1F, 0xD0, 0x02, 0xFC, 0x00, 0x0B, 0xF0, 0x00,
    0xFE, 0x00, 0x03, 0xF8, 0x00, 0x3F, 0x40, 0x00, 0xFD, 0x00, 0x2F, 0xC0, 0x00, 0x7F, 0x00, 0x0F,
    0xE0, 0x00, 0x2F, 0xC0, 0x03, 0xF4, 0x00, 0x0F, 0xE0, 0x02, 0xFC, 0x1D, 0x03, 0xF4, 0x00, 0xFE,
    0x0B, 0x01, 0xFC, 0x00, 0x3F, 0x43, 0x80, 0xBF, 0x00, 0x0B, 0xD7, 0x80, 0x1F, 0x40, 0x00, 0x7F,
    0x40, 0x00, 0x06, 0xFF, 0x90, 0x00, 0x0F, 0xD0, 0x7F, 0x00, 0x1F, 0xC0, 0x07, 0xF0, 0x0F, 0xD0,
    0x00, 0xFD, 0x0F, 0xE0, 0x00, 0x3F, 0x87, 0xF4, 0x00, 0x0F, 0xE3, 0xFC, 0x00, 0x07, 0xF8, 0xFE,
    0x00, 0x02, 0xFD, 0x7F, 0x80, 0x00, 0xFF, 0x1F, 0xD0, 0x00, 0x3F, 0x87, 0xF0, 0x00, 0x2F, 0xC0,
    0xFC, 0x00, 0x0F, 0xD0, 0x2F, 0x40, 0x0F, 0xD0, 0x03, 0xF4, 0x1F, 0xC0, 0x00, 0x1B, 0xFE, 0x40,
    0x00, 0x00, 0x00, 0x00, 0x00, 0x00, 0x00, 0x2F, 0x81, 0xBF, 0x80, 0x00, 0xE3, 0xFF, 0x82, 0xF4,
    0x02, 0xC3, 0xFD, 0x00, 0xFC, 0x03, 0x83, 0xF8, 0x00, 0xFD, 0x07, 0x47, 0xF0, 0x00, 0xFE, 0x00,
    0x0B, 0xF0, 0x00, 0xFE, 0x00, 0x0F, 0xE0, 0x01, 0xFE, 0x00, 0x0F, 0xD0, 0x02, 0xFD, 0x00, 0x1F,
    0xC0, 0x03, 0xFC, 0x00, 0x2F, 0xC0, 0x03, 0xF8, 0x00, 0x3F, 0x80, 0x0B, 0xF0, 0x00, 0x3F, 0x40,
    0x0F, 0xD0, 0x00, 0x7F, 0x80, 0x2F, 0x80, 0x00, 0xBF, 0xD0, 0xBD, 0x00, 0x00, 0xFE, 0x7F, 0xD0,
    0x00, 0x00, 0xFD, 0x00, 0x00, 0x00, 0x02, 0xFC, 0x00, 0x00, 0x00, 0x03, 0xFC, 0x00, 0x00, 0x00,
    0x03, 0xF8, 0x00, 0x00, 0x00, 0x3F, 0xFF, 0x40, 0x00, 0x00, 0x3F, 0xFF, 0x40, 0x00, 0x00, 0x00,
    0x07, 0xFE, 0x1F, 0x00, 0x7E, 0x07, 0xFF, 0x01, 0xF8, 0x02, 0xFE, 0x07, 0xF0, 0x01, 0xFD, 0x0F,
    0xE0, 0x02, 0xFC, 0x2F, 0xD0, 0x03, 0xFC, 0x3F, 0xC0, 0x03, 0xF8, 0x3F, 0x80, 0x07, 0xF4, 0x7F,
    0x40, 0x0B, 0xF0, 0xBF, 0x40, 0x0F, 0xF0, 0xBF, 0x00, 0x0F, 0xE0, 0x7F, 0x00, 0x1F, 0xD0, 0x3F,
    0x00, 0x3F, 0xC0, 0x1F, 0x81, 0xFF, 0xC0, 0x02, 0xFF, 0xBF, 0x80, 0x00, 0x00, 0x7F, 0x40, 0x00,
    0x00, 0xBF, 0x00, 0x00, 0x00, 0xFF, 0x00, 0x00, 0x00, 0xFE, 0x00, 0x00, 0x01, 0xFD, 0x00, 0x00,
    0x3F, 0xFF, 0xD0, 0x00, 0x00, 0x00, 0x00, 0x00, 0xBE, 0x06, 0xFE, 0x00, 0xE3, 0xFB, 0x41, 0xF0,
    0xB0, 0xFF, 0x40, 0xFD, 0x38, 0x3F, 0x80, 0x7F, 0x5D, 0x1F, 0xC0, 0x0F, 0x80, 0x0B, 0xF0, 0x00,
    0x00, 0x03, 0xF8, 0x00, 0x00, 0x00, 0xFD, 0x00, 0x00, 0x00, 0x7F, 0x00, 0x00, 0x00, 0x2F, 0xC0,
    0x00, 0x00, 0x0F, 0xE0, 0x00, 0x00, 0x03, 0xF4, 0x00, 0x00, 0x01, 0xFC, 0x00, 0x00, 0x00, 0xBF,
    0x00, 0x00, 0x00, 0x1F, 0x00, 0x00, 0x00, 0x00, 0x06, 0xFE, 0x40, 0x03, 0xD0, 0x2E, 0x00, 0xB8,
    0x03, 0xF0, 0x0F, 0x00, 0x7F, 0x01, 0xF0, 0x03, 0xC0, 0x1F, 0xD0, 0x00, 0x00, 0xFF, 0xF8, 0x00,
    0x07, 0xFF, 0xF4, 0x00, 0x0B, 0xFF, 0xC0, 0x00, 0x01, 0xFC, 0x1F, 0x40, 0x07, 0xC3, 0xF8, 0x00,
    0x78, 0x3F, 0x00, 0x0F, 0x02, 0xE4, 0x07, 0xC0, 0x06, 0xFF, 0x90, 0x00, 0x00, 0x1F, 0x40, 0x00,
    0xFD, 0x00, 0x07, 0xF4, 0x00, 0x2F, 0xC0, 0x00, 0xFF, 0x00, 0x03, 0xF8, 0x0F, 0xFF, 0xFF, 0xBF,
    0xFF, 0xFD, 0x03, 0xFC, 0x00, 0x0F, 0xE0, 0x00, 0x7F, 0x40, 0x02, 0xFC, 0x00, 0x0F, 0xF0, 0x00,
    0x3F, 0x80, 0x01, 0xFD, 0x00, 0x0B, 0xF0, 0x00, 0x3F, 0xC0, 0x38, 0xFE, 0x02, 0xC3, 0xF4, 0x1D,
    0x0B, 0xD2, 0xD0, 0x07, 0xF8, 0x00, 0x01, 0xFD, 0x00, 0x03, 0xC0, 0x0B, 0x5F, 0x80, 0x0F, 0xE0,
    0x1D, 0x1F, 0xC0, 0x0F, 0xD0, 0x3C, 0x2F, 0xC0, 0x1F, 0xC0, 0x74, 0x3F, 0x80, 0x2F, 0xC0, 0x00,
    0x7F, 0x00, 0x3F, 0x80, 0x00, 0xBF, 0x00, 0x3F, 0x40, 0x00, 0xFE, 0x00, 0x7F, 0x00, 0x01, 0xFC,
    0x00, 0xBF, 0x00, 0x02, 0xFC, 0x00, 0xFE, 0x00, 0x02, 0xF8, 0x00, 0xFD, 0x1D, 0x02, 0xF8, 0x01,
    0xFC, 0x2C, 0x01, 0xF8, 0x03, 0xFC, 0x3C, 0x00, 0xFD, 0x1F, 0xFC, 0xB0, 0x00, 0x1F, 0xF4, 0x2F,
    0xC0, 0x01, 0xFD, 0x00, 0x3D, 0x02, 0xD7, 0xE0, 0x3F, 0xC1, 0xD1, 0xFC, 0x0F, 0xF0, 0xF0, 0xBF,
    0x01, 0xFC, 0x74, 0x3F, 0x80, 0x2F, 0x00, 0x1F, 0xC0, 0x03, 0xC0, 0x0B, 0xF0, 0x01, 0xE0, 0x03,
    0xF8, 0x00, 0xB4, 0x01, 0xFC, 0x00, 0x3C, 0x00, 0xBF, 0x00, 0x0D, 0x00, 0x2F, 0xC0, 0x0B, 0x00,
    0x0B, 0xE0, 0x03, 0x80, 0x01, 0xFC, 0x02, 0xC0, 0x00, 0x3F, 0x42, 0xC0, 0x00, 0x01, 0xBF, 0x80,
    0x00, 0x01, 0xFD, 0x00, 0x06, 0x40, 0x7C, 0x02, 0xD7, 0xE0, 0x03, 0xF0, 0x3F, 0xC1, 0xD1, 0xFC,
    0x02, 0xFC, 0x1F, 0xF0, 0xF0, 0xBF, 0x00, 0xFE, 0x02, 0xFC, 0x74, 0x3F, 0x80, 0x3F, 0x40, 0x3F,
    0x00, 0x1F, 0xC0, 0x1F, 0xC0, 0x07, 0x80, 0x0B, 0xF0, 0x0B, 0xF0, 0x01, 0xD0, 0x03, 0xF8, 0x03,
    0xF8, 0x00, 0xB0, 0x01, 0xFC, 0x00, 0xFD, 0x00, 0x3C, 0x00, 0xBF, 0x00, 0x7F, 0x00, 0x1D, 0x00,
    0x2F, 0xC0, 0x1F, 0xC0, 0x0B, 0x00, 0x0B, 0xE0, 0x07, 0xF0, 0x03, 0x80, 0x01, 0xFC, 0x03, 0xFC,
    0x02, 0xC0, 0x00, 0x2F, 0x82, 0xEF, 0x82, 0xC0, 0x00, 0x01, 0xBF, 0x81, 0xBF, 0x80, 0x00, 0x00,
    0xBF, 0xD0, 0xBF, 0x40, 0x7D, 0x1F, 0xFC, 0x3E, 0x0E, 0x00, 0xBF, 0x4B, 0xF3, 0xC0, 0x0F, 0xF0,
    0xFE, 0x74, 0x00, 0xFE, 0x0B, 0x80, 0x00, 0x0F, 0xD0, 0x00, 0x00, 0x01, 0xFC, 0x00, 0x00, 0x00,
    0x2F, 0xC0, 0x00, 0x00, 0x03, 0xF8, 0x00, 0x00, 0x00, 0x3F, 0x40, 0x00, 0x2E, 0x07, 0xF0, 0x01,
    0xDB, 0xF0, 0xFF, 0x00, 0x3C, 0xFF, 0x0F, 0xF0, 0x0B, 0x47, 0xC3, 0xFF, 0x42, 0xD0, 0x1F, 0xE0,
    0x7F, 0xE0, 0x00, 0x01, 0xFD, 0x00, 0x02, 0x80, 0xB5, 0xF8, 0x00, 0xBE, 0x1D, 0x1F, 0xC0, 0x0F,
    0xD3, 0xC2, 0xFC, 0x01, 0xFC, 0x78, 0x3F, 0x80, 0x2F, 0xC1, 0x07, 0xF0, 0x03, 0xF8, 0x00, 0xBF,
    0x00, 0x3F, 0x40, 0x0F, 0xE0, 0x07, 0xF0, 0x01, 0xFC, 0x00, 0xBF, 0x00, 0x2F, 0xC0, 0x0F, 0xE0,
    0x02, 0xF8, 0x00, 0xFD, 0x00, 0x2F, 0x80, 0x1F, 0xC0, 0x01, 0xF8, 0x03, 0xFC, 0x00, 0x0F, 0xD1,
    0xFF, 0x80, 0x00, 0x2F, 0xFB, 0xF4, 0x00, 0x00, 0x00, 0x7F, 0x00, 0x00, 0x00, 0x0B, 0xF0, 0x00,
    0xBC, 0x00, 0xFC, 0x00, 0x1F, 0xD0, 0x2F, 0x80, 0x01, 0xFC, 0x0B, 0xE0, 0x00, 0x0F, 0x42, 0xF4,
    0x00, 0x00, 0x2F, 0xF4, 0x00, 0x00, 0x00, 0x00, 0x00, 0x00, 0x00, 0x1F, 0x80, 0x0E, 0x00, 0xBF,
    0xF0, 0x2D, 0x01, 0xFF, 0xFC, 0x78, 0x03, 0xFF, 0xFF, 0xE0, 0x03, 0x80, 0x07, 0x80, 0x00, 0x00,
    0x1E, 0x00, 0x00, 0x00, 0x78, 0x00, 0x00, 0x02, 0xE0, 0x00, 0x00, 0x0B, 0x40, 0x00, 0x00, 0x3D,
    0x00, 0x00, 0x00, 0xF0, 0x00, 0x2C, 0x03, 0xC0, 0x00, 0xBC, 0x0F, 0xFF, 0xFF, 0xF8, 0x2D, 0x1F,
    0xFF, 0xF0, 0x78, 0x07, 0xFF, 0xC0, 0xF0, 0x00, 0xFD, 0x00, 0x00, 0x00, 0x01, 0xBF, 0xC0, 0x00,
    0x01, 0xFE, 0x40, 0x00, 0x00, 0x7F, 0x40, 0x00, 0x00, 0x0F, 0xE0, 0x00, 0x00, 0x00, 0xFD, 0x00,
    0x00, 0x00, 0x1F, 0xC0, 0x00, 0x00, 0x02, 0xFC, 0x00, 0x00, 0x00, 0x3F, 0x80, 0x00, 0x00, 0x03,
    0xF4, 0x00, 0x00, 0x00, 0x7F, 0x00, 0x00, 0x00, 0x0B, 0xF0, 0x00, 0x00, 0x00, 0xFE, 0x00, 0x00,
    0x00, 0x1F, 0xD0, 0x00, 0x00, 0x07, 0xF8, 0x00, 0x00, 0x02, 0xFE, 0x00, 0x00, 0x07, 0xFE, 0x00,
    0x00, 0x00, 0x1B, 0xF0, 0x00, 0x00, 0x00, 0x1F, 0xC0, 0x00, 0x00, 0x00, 0xFD, 0x00, 0x00, 0x00,
    0x0F, 0xE0, 0x00, 0x00, 0x00, 0xFD, 0x00, 0x00, 0x00, 0x1F, 0xC0, 0x00, 0x00, 0x02, 0xFC, 0x00,
    0x00, 0x00, 0x3F, 0x80, 0x00, 0x00, 0x03, 0xF4, 0x00, 0x00, 0x00, 0x7F, 0x00, 0x00, 0x00, 0x0B,
    0xF0, 0x00, 0x00, 0x00, 0xFE, 0x00, 0x00, 0x00, 0x0F, 0xD0, 0x00, 0x00, 0x00, 0xFE, 0x00, 0x00,
    0x00, 0x03, 0xF8, 0x00, 0x00, 0x00, 0x06, 0xFC, 0x00, 0x00, 0x00, 0x00, 0x90, 0x00, 0x1E, 0x00,
    0x02, 0xE0, 0x00, 0x3D, 0x00, 0x03, 0xC0, 0x00, 0x7C, 0x00, 0x0B, 0x80, 0x00, 0xF4, 0x00, 0x0F,
    0x00, 0x01, 0xF0, 0x00, 0x2E, 0x00, 0x03, 0xD0, 0x00, 0x3C, 0x00, 0x07, 0xC0, 0x00, 0xB8, 0x00,
    0x0F, 0x40, 0x00, 0xF0, 0x00, 0x1F, 0x00, 0x02, 0xD0, 0x00, 0x3C, 0x00, 0x03, 0xC0, 0x00, 0x78,
    0x00, 0x0B, 0x40, 0x00, 0xF0, 0x00, 0x0F, 0x00, 0x01, 0xE0, 0x00, 0x2D, 0x00, 0x03, 0xC0, 0x00,
    0x3C, 0x00, 0x07, 0x80, 0x00, 0xB4, 0x00, 0x0F, 0x00, 0x00, 0xF0, 0x00, 0x00, 0x00, 0x00, 0x00,
    0x00, 0x7F, 0x90, 0x00, 0x00, 0x00, 0x7F, 0x80, 0x00, 0x00, 0x01, 0xFD, 0x00, 0x00, 0x00, 0x0F,
    0xE0, 0x00, 0x00, 0x00, 0xFE, 0x00, 0x00, 0x00, 0x0F, 0xD0, 0x00, 0x00, 0x01, 0xFC, 0x00, 0x00,
    0x00, 0x2F, 0xC0, 0x00, 0x00, 0x03, 0xF8, 0x00, 0x00, 0x00, 0x3F, 0x40, 0x00, 0x00, 0x07, 0xF0,
    0x00, 0x00, 0x00, 0xBF, 0x00, 0x00, 0x00, 0x0F, 0xE0, 0x00, 0x00, 0x00, 0xFE, 0x00, 0x00, 0x00,
    0x0F, 0xE0, 0x00, 0x00, 0x00, 0x7F, 0x40, 0x00, 0x00, 0x00, 0xBF, 0xC0, 0x00, 0x00, 0x2F, 0xE4,
    0x00, 0x00, 0x2F, 0xD0, 0x00, 0x00, 0x07, 0xF4, 0x00, 0x00, 0x00, 0xFE, 0x00, 0x00, 0x00, 0x0F,
    0xD0, 0x00, 0x00, 0x01, 0xFC, 0x00, 0x00, 0x00, 0x2F, 0xC0, 0x00, 0x00, 0x03, 0xF8, 0x00, 0x00,
    0x00, 0x3F, 0x40, 0x00, 0x00, 0x07, 0xF0, 0x00, 0x00, 0x00, 0xBF, 0x00, 0x00, 0x00, 0x0F, 0xE0,
    0x00, 0x00, 0x01, 0xFC, 0x00, 0x00, 0x00, 0x3F, 0x80, 0x00, 0x00, 0x1F, 0xE0, 0x00, 0x00, 0x7F,
    0x90, 0x00, 0x00, 0x00, 0x00, 0xBE, 0x00, 0x00, 0x81, 0xD1, 0xF4, 0x00, 0xD1, 0xC0, 0x0B, 0x81,
    0xC0, 0xC0, 0x00, 0x7F, 0x80, 0x00, 0x00, 0x00, 0x00, 0x00, 0x00, 0x07, 0xE0, 0x00, 0x3F, 0xC0,
    0x02, 0xFF, 0x40, 0x07, 0xFC, 0x00, 0x0B, 0x80, 0x00, 0x00, 0x00, 0x00, 0x00, 0x00, 0x00, 0x00,
    0x00, 0x1D, 0x00, 0x00, 0xF4, 0x00, 0x03, 0xC0, 0x00, 0x2F, 0x00, 0x00, 0xFC, 0x00, 0x07, 0xF0,
    0x00, 0x2F, 0x80, 0x00, 0xFD, 0x00, 0x07, 0xF4, 0x00, 0x3F, 0xC0, 0x00, 0xFF, 0x00, 0x0B, 0xFC,
    0x00, 0x3F, 0xF0, 0x00, 0xFF, 0x80, 0x07, 0xFD, 0x00, 0x0F, 0xD0, 0x00, 0x00, 0x00, 0x00, 0x00,
    0x00, 0x02, 0x80, 0x00, 0x00, 0x00, 0x38, 0x00, 0x00, 0x00, 0x07, 0x40, 0x00, 0x00, 0x1F, 0xFF,
    0xE0, 0x00, 0x1F, 0xDF, 0x0F, 0xC0, 0x0F, 0xE0, 0xE2, 0xFC, 0x03, 0xF8, 0x1D, 0x3F, 0xC0, 0xBF,
    0x02, 0xC1, 0xF0, 0x0F, 0xE0, 0x3C, 0x00, 0x02, 0xFD, 0x03, 0x80, 0x00, 0x3F, 0xC0, 0x74, 0x00,
    0x03, 0xFC, 0x0B, 0x00, 0x00, 0x7F, 0x80, 0xF0, 0x00, 0x03, 0xF8, 0x0E, 0x00, 0x40, 0x3F, 0x81,
    0xD0, 0x2D, 0x01, 0xFC, 0x1C, 0x0B, 0x40, 0x0B, 0xF6, 0xC7, 0xD0, 0x00, 0x0B, 0xFF, 0x90, 0x00,
    0x00, 0x07, 0x40, 0x00, 0x00, 0x00, 0xB0, 0x00, 0x00, 0x00, 0x0B, 0x00, 0x00, 0x00, 0x00, 0x00,
    0x00, 0x00, 0x00, 0x00, 0x00, 0x02, 0xFF, 0x40, 0x00, 0x00, 0x00, 0xBD, 0x07, 0x80, 0x00, 0x00,
    0x0F, 0xC0, 0x07, 0x40, 0x00, 0x00, 0xBE, 0x00, 0x0E, 0x00, 0x00, 0x07, 0xF0, 0x01, 0xFC, 0x00,
    0x00, 0x2F, 0xC0, 0x0F, 0xF0, 0x00, 0x00, 0xFD, 0x00, 0x3F, 0x40, 0x00, 0x07, 0xF0, 0x00, 0xB8,
    0x00, 0x00, 0x2F, 0xC0, 0x00, 0x00, 0x00, 0x00, 0xFE, 0x00, 0x00, 0x00, 0x00, 0xBF, 0xFF, 0xF0,
    0x00, 0x00, 0x02, 0xFF, 0xFF, 0x80, 0x00, 0x00, 0x00, 0xBF, 0x00, 0x00, 0x00, 0x00, 0x03, 0xF8,
    0x00, 0x00, 0x00, 0x00, 0x0F, 0xD0, 0x00, 0x00, 0x00, 0x00, 0x7F, 0x00, 0x00, 0x00, 0x00, 0x02,
    0xFC, 0x00, 0x00, 0x00, 0x00, 0x0F, 0xE0, 0x00, 0x00, 0x00, 0x7F, 0xFF, 0x40, 0x00, 0xB4, 0x0B,
    0xFF, 0xFE, 0x00, 0x03, 0xC0, 0x7C, 0x2F, 0xFF, 0xD0, 0x7C, 0x02, 0xE1, 0xFE, 0xFF, 0xFF, 0xC0,
    0x03, 0xFE, 0x40, 0x6F, 0xF8, 0x00, 0x00, 0x03, 0xFF, 0xFF, 0xF0, 0x00, 0xFF, 0xFF, 0x40, 0xFF,
    0xFF, 0xFC, 0x00, 0x3F, 0xFF, 0xC0, 0x00, 0xFF, 0xD0, 0x00, 0x00, 0xF9, 0x00, 0x00, 0x1F, 0xF8,
    0x00, 0x00, 0xB8, 0x00, 0x00, 0x03, 0xFF, 0x00, 0x00, 0x7C, 0x00, 0x00, 0x00, 0xFF, 0xD0, 0x00,
    0x7C, 0x00, 0x00, 0x00, 0x1F, 0xF8, 0x00, 0x3C, 0x00, 0x00, 0x00, 0x03, 0xFF, 0x00, 0x3D, 0x00,
    0x00, 0x03, 0xFF, 0xFF, 0xFF, 0xFF, 0xFF, 0x80, 0x00, 0x00, 0x1F, 0xFC, 0x3D, 0x00, 0x00, 0x00,
    0x00, 0x03, 0xFF, 0x7E, 0x00, 0x00, 0x00, 0x00, 0x00, 0xBF, 0xFE, 0x00, 0x00, 0x00, 0x00, 0x00,
    0x0F, 0xFF, 0x00, 0x00, 0x00, 0x00, 0x00, 0x03, 0xFF, 0x00, 0x00, 0x00, 0x00, 0x00, 0x00, 0xFF,
    0x80, 0x00, 0x00, 0x00, 0xFF, 0xFF, 0xFF, 0xFF, 0xFF, 0xF0, 0x00, 0x00, 0x00, 0x1F, 0xF0, 0x00,
    0x00, 0x00, 0x00, 0x00, 0x0B, 0xF8, 0x00, 0x00, 0x00, 0x00, 0x00, 0x03, 0xFD, 0x00, 0x00, 0x00,
    0x00, 0x00, 0x00, 0xFF, 0x00, 0x00, 0x00, 0x00, 0x00, 0x00, 0x7F, 0xC0, 0x00, 0x00, 0x00, 0x00,
    0x0F, 0xFF, 0xFF, 0xC0, 0x00, 0x00, 0x00, 0x03, 0xFF, 0xFF, 0xF0, 0x00, 0x00, 0x00, 0x00, 0x00,
    0x2F, 0xE4, 0x00, 0x00, 0x78, 0x0B, 0x80, 0x00, 0xB8, 0x02, 0xF0, 0x00, 0x7C, 0x02, 0xFC, 0x00,
    0x3D, 0x00, 0x7D, 0x00, 0x0F, 0x00, 0x00, 0x00, 0x03, 0xD0, 0x00, 0x00, 0x00, 0xFE, 0x00, 0x00,
    0x00, 0x3F, 0xF8, 0x00, 0x00, 0x0B, 0xFF, 0xC0, 0x00, 0x00, 0xFF, 0xFC, 0x00, 0x00, 0xFF, 0xFF,
    0x40, 0x00, 0xF4, 0xBF, 0xE0, 0x00, 0xF8, 0x02, 0xFC, 0x00, 0x3C, 0x00, 0x2F, 0x00, 0x2E, 0x00,
    0x0B, 0x80, 0x0B, 0xC0, 0x03, 0xD0, 0x02, 0xFD, 0x01, 0xF0, 0x00, 0x7F, 0xF4, 0xF0, 0x00, 0x0F,
    0xFF, 0xF4, 0x00, 0x02, 0xFF, 0xF4, 0x00, 0x00, 0x2F, 0xFF, 0x00, 0x00, 0x01, 0xFF, 0xD0, 0x00,
    0x00, 0x0B, 0xF4, 0x00, 0x00, 0x00, 0x3D, 0x00, 0x00, 0x00, 0x0F, 0x40, 0x03, 0xD0, 0x03, 0xC0,
    0x02, 0xF8, 0x02, 0xE0, 0x00, 0xFC, 0x01, 0xF0, 0x00, 0x1F, 0x02, 0xE0, 0x00, 0x00, 0xBF, 0x80,
    0x00, 0x00, 0x0B, 0xC0, 0x2E, 0x0B, 0xF8, 0x3F, 0xE3, 0xFF, 0x0F, 0xF8, 0xFF, 0x43, 0xFC, 0x1F,
    0x40, 0xBD, 0x00, 0x00, 0x00, 0x00, 0x00, 0x1B, 0xFF, 0xF9, 0x00, 0x00, 0x00, 0x00, 0x00, 0x06,
    0xF9, 0x00, 0x01, 0xB9, 0x00, 0x00, 0x00, 0x00, 0x1F, 0x80, 0x00, 0x00, 0x02, 0xE0, 0x00, 0x00,
    0x00, 0x3E, 0x00, 0x00, 0x00, 0x00, 0x0F, 0x00, 0x00, 0x00, 0x7C, 0x00, 0x00, 0x00, 0x00, 0x00,
    0xF0, 0x00, 0x00, 0xB8, 0x00, 0x00, 0x00, 0x00, 0x00, 0x0F, 0x00, 0x00, 0xB8, 0x00, 0x00, 0x00,
    0x00, 0x00, 0x02, 0xD0, 0x00, 0xB8, 0x00, 0x00, 0x00, 0x00, 0x00, 0x00, 0x3C, 0x00, 0x78, 0x00,
    0x00, 0x6F, 0xF9, 0x07, 0x00, 0x0F, 0x00, 0x3C, 0x00, 0x02, 0xFF, 0xFF, 0xEB, 0xC0, 0x02, 0xD0,
    0x2D, 0x00, 0x07, 0xFF, 0x40, 0x2F, 0xF0, 0x00, 0xB4, 0x0F, 0x00, 0x07, 0xFD, 0x00, 0x03, 0xF4,
    0x00, 0x1E, 0x0B, 0x40, 0x07, 0xFD, 0x00, 0x00, 0x7C, 0x00, 0x07, 0x83, 0xC0, 0x03, 0xFE, 0x00,
    0x00, 0x1F, 0x00, 0x02, 0xE2, 0xD0, 0x02, 0xFF, 0x00, 0x00, 0x03, 0x80, 0x00, 0xB4, 0xF0, 0x00,
    0xFF, 0xC0, 0x00, 0x00, 0x00, 0x00, 0x3C, 0x3C, 0x00, 0x7F, 0xD0, 0x00, 0x00, 0x00, 0x00, 0x0F,
    0x1E, 0x00, 0x1F, 0xF0, 0x00, 0x00, 0x00, 0x00, 0x03, 0xC7, 0x80, 0x0B, 0xFC, 0x00, 0x00, 0x00,
    0x00, 0x02, 0xD2, 0xD0, 0x01, 0xFF, 0x00, 0x00, 0x07, 0x40, 0x00, 0xF0, 0xB4, 0x00, 0x7F, 0xC0,
    0x00, 0x03, 0xC0, 0x00, 0x78, 0x2D, 0x00, 0x0F, 0xF8, 0x00, 0x03, 0xC0, 0x00, 0x3C, 0x07, 0x40,
    0x00, 0xFF, 0x90, 0x1B, 0xD0, 0x00, 0x1E, 0x01, 0xE0, 0x00, 0x0F, 0xFF, 0xFF, 0x80, 0x00, 0x0F,
    0x00, 0x3C, 0x00, 0x00, 0x2F, 0xFE, 0x00, 0x00, 0x07, 0x80, 0x0F, 0x00, 0x00, 0x00, 0x00, 0x00,
    0x00, 0x03, 0xC0, 0x02, 0xD0, 0x00, 0x00, 0x00, 0x00, 0x00, 0x03, 0xC0, 0x00, 0x3C, 0x00, 0x00,
    0x00, 0x00, 0x00, 0x03, 0xC0, 0x00, 0x07, 0x80, 0x00, 0x00, 0x00, 0x00, 0x03, 0xC0, 0x00, 0x00,
    0xB4, 0x00, 0x00, 0x00, 0x00, 0x07, 0xC0, 0x00, 0x00, 0x0B, 0x40, 0x00, 0x00, 0x00, 0x1F, 0x80,
    0x00, 0x00, 0x00, 0x7D, 0x00, 0x00, 0x00, 0x6E, 0x00, 0x00, 0x00, 0x00, 0x02, 0xF5, 0x00, 0x16,
    0xF8, 0x00, 0x00, 0x00, 0x00, 0x00, 0x06, 0xFF, 0xFE, 0x40, 0x00, 0x00, 0x00, 0x00, 0x00, 0x02,
    0xFE, 0x50, 0x00, 0x01, 0xF8, 0x3F, 0xC0, 0x00, 0x7F, 0x02, 0xFC, 0x00, 0x0F, 0xD0, 0x3F, 0x80,
    0x03, 0xFC, 0x03, 0xF4, 0x00, 0x3F, 0x80, 0x7F, 0x00, 0x0B, 0xF4, 0x0B, 0xF0, 0x00, 0xBF, 0x00,
    0xFE, 0x00, 0x0F, 0xF0, 0x0F, 0xD0, 0xD0, 0xBF, 0x00, 0xFC, 0x2D, 0x07, 0xF0, 0x2F, 0xC3, 0xC0,
    0x3F, 0x0B, 0xFD, 0xB4, 0x00, 0x7F, 0x92, 0xFD, 0x00, 0x00, 0x00, 0x00, 0x00, 0x00, 0x00, 0x00,
    0x00, 0x03, 0xFF, 0xFF, 0xFF, 0x40, 0x00, 0x00, 0x10, 0x01, 0x00, 0x00, 0x2C, 0x02, 0xC0, 0x00,
    0x1D, 0x01, 0xD0, 0x00, 0x1E, 0x01, 0xE0, 0x00, 0x1F, 0x01, 0xF0, 0x00, 0x2F, 0x02, 0xF0, 0x00,
    0x3F, 0x43, 0xF0, 0x00, 0xBF, 0x0B, 0xF0, 0x00, 0x3F, 0x83, 0xF4, 0x00, 0x03, 0xF0, 0x3F, 0x00,
    0x00, 0x3D, 0x03, 0xD0, 0x00, 0x07, 0xC0, 0x78, 0x00, 0x00, 0xF0, 0x0F, 0x00, 0x00, 0x1D, 0x01,
    0xD0, 0x00, 0x03, 0x80, 0x38, 0x00, 0x00, 0x50, 0x09, 0x00, 0x3F, 0xFF, 0xFF, 0xFF, 0xFF, 0x00,
    0x00, 0x00, 0x00, 0x07, 0xC0, 0x00, 0x00, 0x00, 0x01, 0xF0, 0x00, 0x00, 0x00, 0x00, 0xB8, 0x00,
    0x00, 0x00, 0x00, 0x3D, 0x00, 0x00, 0x00, 0x00, 0x0F, 0x00, 0x00, 0x00, 0x00, 0x07, 0xC0, 0x00,
    0x00, 0x00, 0x02, 0xE0, 0x00, 0x00, 0x00, 0x00, 0xF4, 0x00, 0x00, 0x00, 0x00, 0x2C, 0x00, 0x7F,
    0xFF, 0xEF, 0xFF, 0xFE, 0xFF, 0xFF, 0xD0, 0x00, 0x00, 0x00, 0x00, 0x00, 0x00, 0x1B, 0xFF, 0xF9,
    0x00, 0x00, 0x00, 0x00, 0x00, 0x02, 0xF9, 0x00, 0x05, 0xF8, 0x00, 0x00, 0x00, 0x00, 0x0F, 0x80,
    0x00, 0x00, 0x02, 0xE0, 0x00, 0x00, 0x00, 0x2E, 0x00, 0x00, 0x00, 0x00, 0x1F, 0x00, 0x00, 0x00,
    0x7D, 0x00, 0x00, 0x00, 0x00, 0x00, 0xF0, 0x00, 0x00, 0x7C, 0x00, 0x00, 0x00, 0x00, 0x00, 0x1E,
    0x00, 0x00, 0x78, 0x00, 0x00, 0x00, 0x00, 0x00, 0x02, 0xD0, 0x00, 0x7C, 0x00, 0x00, 0x00, 0x00,
    0x00, 0x00, 0x78, 0x00, 0x3C, 0x00, 0x00, 0x00, 0x00, 0x00, 0x00, 0x0F, 0x00, 0x3C, 0x0F, 0xFF,
    0xFF, 0xFE, 0x40, 0x00, 0x02, 0xD0, 0x1E, 0x03, 0xFF, 0xFF, 0xFF, 0xFD, 0x00, 0x00, 0xB4, 0x0F,
    0x00, 0x03, 0xFD, 0x00, 0xBF, 0xC0, 0x00, 0x1E, 0x0B, 0x80, 0x00, 0xFF, 0x00, 0x0F, 0xF8, 0x00,
    0x07, 0x83, 0xC0, 0x00, 0x7F, 0xC0, 0x03, 0xFE, 0x00, 0x01, 0xE1, 0xE0, 0x00, 0x2F, 0xE0, 0x01,
    0xFF, 0x00, 0x00, 0xB4, 0xB4, 0x00, 0x0F, 0xF4, 0x00, 0xFF, 0x80, 0x00, 0x2D, 0x3C, 0x00, 0x07,
    0xFD, 0x01, 0xBF, 0x40, 0x00, 0x0F, 0x0F, 0x00, 0x02, 0xFF, 0xFF, 0xFD, 0x00, 0x00, 0x03, 0xC7,
    0x80, 0x00, 0xFF, 0x80, 0x7F, 0xC0, 0x00, 0x01, 0xE2, 0xD0, 0x00, 0x3F, 0xD0, 0x0F, 0xF4, 0x00,
    0x00, 0xF0, 0xB4, 0x00, 0x1F, 0xF0, 0x07, 0xFD, 0x00, 0x00, 0x3C, 0x2D, 0x00, 0x0B, 0xFC, 0x02,
    0xFF, 0x01, 0xC0, 0x2D, 0x0B, 0x40, 0x03, 0xFE, 0x00, 0xBF, 0xC0, 0xF0, 0x0F, 0x01, 0xE0, 0xBF,
    0xFF, 0xFE, 0x1F, 0xF4, 0xB4, 0x0B, 0x40, 0x78, 0x2F, 0xFF, 0xFF, 0x81, 0xBF, 0xF4, 0x07, 0x80,
    0x0F, 0x00, 0x00, 0x00, 0x00, 0x00, 0x00, 0x03, 0xC0, 0x02, 0xD0, 0x00, 0x00, 0x00, 0x00, 0x00,
    0x03, 0xC0, 0x00, 0x3C, 0x00, 0x00, 0x00, 0x00, 0x00, 0x03, 0xD0, 0x00, 0x0B, 0x40, 0x00, 0x00,
    0x00, 0x00, 0x03, 0xD0, 0x00, 0x00, 0xF0, 0x00, 0x00, 0x00, 0x00, 0x07, 0xC0, 0x00, 0x00, 0x0F,
    0x40, 0x00, 0x00, 0x00, 0x0F, 0x80, 0x00, 0x00, 0x00, 0xB8, 0x00, 0x00, 0x00, 0x6E, 0x00, 0x00,
    0x00, 0x00, 0x02, 0xF5, 0x00, 0x06, 0xF8, 0x00, 0x00, 0x00, 0x00, 0x00, 0x06, 0xFF, 0xFE, 0x40,
    0x00, 0x00, 0x00, 0x00, 0xBF, 0xFF, 0xFF, 0xBF, 0xFF, 0xFF, 0xD0, 0x02, 0xF8, 0x03, 0xFF, 0xC3,
    0xE0, 0xB5, 0xF0, 0x2D, 0x78, 0x0F, 0x5E, 0x0B, 0xC3, 0xFF, 0xC0, 0x3F, 0x80, 0x00, 0x00, 0x00,
    0x00, 0xB0, 0x00, 0x00, 0x00, 0x00, 0x00, 0x0F, 0x00, 0x00, 0x00, 0x00, 0x00, 0x01, 0xF0, 0x00,
    0x00, 0x00, 0x00, 0x00, 0x2E, 0x00, 0x00, 0x00, 0x00, 0x00, 0x03, 0xD0, 0x00, 0x00, 0x00, 0x00,
    0x00, 0x3C, 0x00, 0x00, 0x00, 0x00, 0x00, 0x07, 0xC0, 0x00, 0x00, 0x00, 0x00, 0x00, 0xB8, 0x00,
    0x00, 0x00, 0x00, 0x00, 0x0F, 0x40, 0x00, 0x00, 0x00, 0x00, 0x00, 0xF0, 0x00, 0x00, 0x00, 0x00,
    0x00, 0x1F, 0x00, 0x00, 0x00, 0x3F, 0xFF, 0xFF, 0xFF, 0xFF, 0xFE, 0x00, 0x00, 0x00, 0x3C, 0x00,
    0x00, 0x00, 0x00, 0x00, 0x03, 0xC0, 0x00, 0x00, 0x00, 0x00, 0x00, 0x78, 0x00, 0x00, 0x00, 0x00,
    0x00, 0x0B, 0x40, 0x00, 0x00, 0x00, 0x00, 0x00, 0xF0, 0x00, 0x00, 0x00, 0x00, 0x00, 0x0F, 0x00,
    0x00, 0x00, 0x00, 0x00, 0x01, 0xF0, 0x00, 0x00, 0x00, 0x00, 0x00, 0x2E, 0x00, 0x00, 0x00, 0x00,
    0x00, 0x03, 0xD0, 0x00, 0x00, 0x00, 0x00, 0x00, 0x3C, 0x00, 0x00, 0x00, 0xBF, 0xFF, 0xFF, 0xFF,
    0xFF, 0xFC, 0x00, 0x00, 0x2D, 0x01, 0xFF, 0x0B, 0xFF, 0x3F, 0xF8, 0x7E, 0x40, 0x00, 0x00, 0x00,
    0x00, 0x00, 0x00, 0x03, 0xF0, 0x00, 0x28, 0x00, 0x02, 0xFC, 0x00, 0x2F, 0x80, 0x00, 0xFE, 0x00,
    0x0F, 0xD0, 0x00, 0x3F, 0x40, 0x07, 0xF4, 0x00, 0x1F, 0xC0, 0x02, 0xFC, 0x00, 0x0B, 0xF0, 0x00,
    0xFF, 0x00, 0x03, 0xF8, 0x00, 0x3F, 0x80, 0x00, 0xFD, 0x00, 0x1F, 0xD0, 0x00, 0x7F, 0x40, 0x0B,
    0xF0, 0x00, 0x2F, 0xC0, 0x03, 0xFC, 0x00, 0x0F, 0xF0, 0x00, 0xFE, 0x1D, 0x03, 0xFC, 0x00, 0x7F,
    0x4B, 0x41, 0xFF, 0x00, 0x3F, 0xC3, 0xC0, 0xBF, 0xD0, 0x7A, 0xF2, 0xC0, 0x3F, 0xFF, 0xE0, 0x2F,
    0xC0, 0x0F, 0xD0, 0x00, 0x00, 0x00, 0x07, 0xF0, 0x00, 0x00, 0x00, 0x02, 0xFC, 0x00, 0x00, 0x00,
    0x00, 0xFE, 0x00, 0x00, 0x00, 0x00, 0x3F, 0x40, 0x00, 0x00, 0x00, 0x0F, 0xC0, 0x00, 0x00, 0x00,
    0x02, 0xD0, 0x00, 0x00, 0x00, 0x00, 0x00, 0x01, 0xBF, 0xFF, 0xFF, 0x80, 0x0B, 0xFF, 0xF0, 0x78,
    0x00, 0x0F, 0xFF, 0xFC, 0x2D, 0x00, 0x0F, 0xFF, 0xFE, 0x0F, 0x00, 0x0F, 0xFF, 0xFF, 0x43, 0xC0,
    0x0B, 0xFF, 0xFF, 0xC1, 0xE0, 0x03, 0xFF, 0xFF, 0xF0, 0xB4, 0x01, 0xFF, 0xFF, 0xF8, 0x3C, 0x00,
    0x7F, 0xFF, 0xFE, 0x0F, 0x00, 0x1F, 0xFF, 0xFF, 0x47, 0x80, 0x03, 0xFF, 0xFF, 0xC2, 0xD0, 0x00,
    0xFF, 0xFF, 0xF0, 0xF0, 0x00, 0x1F, 0xFF, 0xF8, 0x3C, 0x00, 0x01, 0xFF, 0xFD, 0x1F, 0x00, 0x00,
    0x0B, 0xFF, 0x0B, 0x80, 0x00, 0x00, 0x1B, 0xC3, 0xD0, 0x00, 0x00, 0x01, 0xE0, 0xF0, 0x00, 0x00,
    0x00, 0xB4, 0x3C, 0x00, 0x00, 0x00, 0x3C, 0x1E, 0x00, 0x00, 0x00, 0x0F, 0x0B, 0x40, 0x00, 0x00,
    0x07, 0x83, 0xC0, 0x00, 0x00, 0x02, 0xD0, 0xF0, 0x00, 0x00, 0x00, 0xF0, 0x78, 0x00, 0x00, 0x00,
    0x3C, 0x2D, 0x00, 0x00, 0x00, 0x1F, 0x0F, 0x00, 0x00, 0x00, 0x0B, 0x83, 0xC0, 0x00, 0x00, 0x03,
    0xD1, 0xE0, 0x00, 0x00, 0x00, 0xF0, 0xB4, 0x00, 0x00, 0x0F, 0xFF, 0xFF, 0xE0, 0x00, 0x00, 0x0B,
    0x83, 0xFD, 0x7F, 0xD7, 0xFC, 0x2E, 0x00, 0x00, 0x3F, 0x40, 0x00, 0xFD, 0x00, 0x07, 0xF4, 0x00,
    0x1F, 0xF8, 0x00, 0x07, 0xF4, 0x00, 0x0F, 0xD0, 0x01, 0xFE, 0x0F, 0xFF, 0x90, 0x00, 0x01, 0xBF,
    0xE0, 0x00, 0x03, 0xF4, 0x3F, 0x00, 0x07, 0xF0, 0x07, 0xF0, 0x03, 0xF4, 0x01, 0xFC, 0x02, 0xFC,
    0x00, 0x7F, 0x40, 0xFE, 0x00, 0x2F, 0xD0, 0x7F, 0x40, 0x0F, 0xF0, 0x2F, 0xC0, 0x03, 0xFC, 0x0B,
    0xF0, 0x01, 0xFD, 0x02, 0xFC, 0x00, 0xFE, 0x00, 0x3F, 0x00, 0x7F, 0x00, 0x07, 0xE0, 0xBE, 0x00,
    0x00, 0x2F, 0xF8, 0x00, 0x00, 0x00, 0x00, 0x00, 0x00, 0x00, 0x00, 0x00, 0x00, 0xFF, 0xFF, 0xFF,
    0x40, 0x00, 0x40, 0x04, 0x00, 0x00, 0xC0, 0x1C, 0x00, 0x00, 0xD0, 0x0D, 0x00, 0x00, 0xF0, 0x0F,
    0x00, 0x00, 0xB4, 0x0B, 0x40, 0x00, 0x7C, 0x07, 0xC0, 0x00, 0x3F, 0x03, 0xF0, 0x00, 0x1F, 0xC1,
    0xFC, 0x00, 0x1F, 0xD1, 0xFD, 0x00, 0x7F, 0x07, 0xF0, 0x01, 0xF8, 0x1F, 0x40, 0x03, 0xD0, 0x7D,
    0x00, 0x0F, 0x00, 0xF0, 0x00, 0x3C, 0x03, 0xC0, 0x00, 0x74, 0x07, 0x00, 0x00, 0x90, 0x0D, 0x00,
    0x00, 0x00, 0x00, 0x2F, 0x00, 0x00, 0x0B, 0xF8, 0x00, 0x00, 0xFF, 0x80, 0x00, 0x0F, 0xF0, 0x00,
    0x00, 0x7D, 0x00, 0x00, 0x00, 0x00, 0x00, 0x00, 0x00, 0x00, 0x00, 0x00, 0x00, 0x00, 0x07, 0xF4,
    0x00, 0x02, 0xD3, 0xC0, 0x00, 0x74, 0x3C, 0x00, 0x00, 0x0F, 0xC0, 0x00, 0x0B, 0xF8, 0x00, 0x07,
    0xFF, 0x00, 0x02, 0xFF, 0x40, 0x00, 0xBF, 0xC0, 0x28, 0x2F, 0xD0, 0x0F, 0xD3, 0xF0, 0x01, 0xFD,
    0x7C, 0x00, 0x0F, 0xCB, 0x40, 0x00, 0xB4, 0xB4, 0x00, 0x1E, 0x07, 0x40, 0x07, 0xC0, 0x3D, 0x02,
    0xE0, 0x00, 0xBF, 0xE0, 0x00, 0x00, 0x00, 0x00, 0x01, 0xE0, 0x00, 0x00, 0x00, 0x00, 0x00, 0xFF,
    0x00, 0x00, 0x00, 0x00, 0x00, 0x7F, 0xF4, 0x00, 0x00, 0x00, 0x00, 0x0F, 0xFF, 0x00, 0x00, 0x00,
    0x00, 0x00, 0x1B, 0xC0, 0x00, 0x00, 0x00, 0x00, 0x00, 0x00, 0x00, 0x00, 0x00, 0x00, 0x03, 0xC0,
    0x00, 0x00, 0x00, 0x00, 0x03, 0xF0, 0x00, 0x00, 0x00, 0x00, 0x02, 0xFD, 0x00, 0x00, 0x00, 0x00,
    0x00, 0xFF, 0x40, 0x00, 0x00, 0x00, 0x00, 0xBF, 0xE0, 0x00, 0x00, 0x00, 0x00, 0x7F, 0xF8, 0x00,
    0x00, 0x00, 0x00, 0x3F, 0xFE, 0x00, 0x00, 0x00, 0x00, 0x1F, 0xFF, 0xC0, 0x00, 0x00, 0x00, 0x0F,
    0x6F, 0xF0, 0x00, 0x00, 0x00, 0x0B, 0xCB, 0xFC, 0x00, 0x00, 0x00, 0x07, 0xC1, 0xFF, 0x00, 0x00,
    0x00, 0x03, 0xE0, 0x7F, 0xD0, 0x00, 0x00, 0x01, 0xF0, 0x0F, 0xF4, 0x00, 0x00, 0x00, 0xF4, 0x03,
    0xFE, 0x00, 0x00, 0x00, 0xB8, 0x00, 0xFF, 0x80, 0x00, 0x00, 0x3C, 0x00, 0x3F, 0xE0, 0x00, 0x00,
    0x3F, 0xFF, 0xFF, 0xFC, 0x00, 0x00, 0x1F, 0xFF, 0xFF, 0xFF, 0x00, 0x00, 0x0F, 0x40, 0x00, 0xBF,
    0xC0, 0x00, 0x0B, 0x80, 0x00, 0x1F, 0xF0, 0x00, 0x03, 0xC0, 0x00, 0x07, 0xFD, 0x00, 0x07, 0xE0,
    0x00, 0x01, 0xFF, 0x40, 0x7F, 0xFF, 0xC0, 0x1F, 0xFF, 0xFF, 0x5F, 0xFF, 0xE0, 0x07, 0xFF, 0xFF,
    0xD0, 0x00, 0x00, 0x00, 0x00, 0x01, 0xF4, 0x00, 0x00, 0x00, 0x00, 0x0B, 0xFE, 0x00, 0x00, 0x00,
    0x00, 0x2F, 0xFE, 0x00, 0x00, 0x00, 0x00, 0x06, 0x50, 0x00, 0x00, 0x00, 0x00, 0x00, 0x00, 0x00,
    0x00, 0x00, 0x00, 0x00, 0x0F, 0x00, 0x00, 0x00, 0x00, 0x00, 0x0F, 0xC0, 0x00, 0x00, 0x00, 0x00,
    0x0B, 0xF4, 0x00, 0x00, 0x00, 0x00, 0x03, 0xFD, 0x00, 0x00, 0x00, 0x00, 0x02, 0xFF, 0x80, 0x00,
    0x00, 0x00, 0x01, 0xFF, 0xE0, 0x00, 0x00, 0x00, 0x00, 0xFF, 0xF8, 0x00, 0x00, 0x00, 0x00, 0x7F,
    0xFF, 0x00, 0x00, 0x00, 0x00, 0x3D, 0xBF, 0xC0, 0x00, 0x00, 0x00, 0x2F, 0x2F, 0xF0, 0x00, 0x00,
    0x00, 0x1F, 0x07, 0xFC, 0x00, 0x00, 0x00, 0x0F, 0x81, 0xFF, 0x40, 0x00, 0x00, 0x07, 0xC0, 0x3F,
    0xD0, 0x00, 0x00, 0x03, 0xD0, 0x0F, 0xF8, 0x00, 0x00, 0x02, 0xE0, 0x03, 0xFE, 0x00, 0x00, 0x00,
    0xF0, 0x00, 0xFF, 0x80, 0x00, 0x00, 0xFF, 0xFF, 0xFF, 0xF0, 0x00, 0x00, 0x7F, 0xFF, 0xFF, 0xFC,
    0x00, 0x00, 0x3D, 0x00, 0x02, 0xFF, 0x00, 0x00, 0x2E, 0x00, 0x00, 0x7F, 0xC0, 0x00, 0x0F, 0x00,
    0x00, 0x1F, 0xF4, 0x00, 0x1F, 0x80, 0x00, 0x07, 0xFD, 0x01, 0xFF, 0xFF, 0x00, 0x7F, 0xFF, 0xFD,
    0x7F, 0xFF, 0x80, 0x1F, 0xFF, 0xFF, 0x40, 0x00, 0x00, 0x00, 0x00, 0x06, 0x00, 0x00, 0x00, 0x00,
    0x00, 0x0B, 0xF0, 0x00, 0x00, 0x00, 0x00, 0x0F, 0xFF, 0x00, 0x00, 0x00, 0x00, 0x2F, 0xC3, 0xF0,
    0x00, 0x00, 0x00, 0x1F, 0x40, 0x3E, 0x00, 0x00, 0x00, 0x01, 0x00, 0x01, 0x00, 0x00, 0x00, 0x00,
    0x03, 0xC0, 0x00, 0x00, 0x00, 0x00, 0x03, 0xF0, 0x00, 0x00, 0x00, 0x00, 0x02, 0xFD, 0x00, 0x00,
    0x00, 0x00, 0x00, 0xFF, 0x40, 0x00, 0x00, 0x00, 0x00, 0xBF, 0xE0, 0x00, 0x00, 0x00, 0x00, 0x7F,
    0xF8, 0x00, 0x00, 0x00, 0x00, 0x3F, 0xFE, 0x00, 0x00, 0x00, 0x00, 0x1F, 0xFF, 0xC0, 0x00, 0x00,
    0x00, 0x0F, 0x6F, 0xF0, 0x00, 0x00, 0x00, 0x0B, 0xCB, 0xFC, 0x00, 0x00, 0x00, 0x07, 0xC1, 0xFF,
    0x00, 0x00, 0x00, 0x03, 0xE0, 0x7F, 0xD0, 0x00, 0x00, 0x01, 0xF0, 0x0F, 0xF4, 0x00, 0x00, 0x00,
    0xF4, 0x03, 0xFE, 0x00, 0x00, 0x00, 0xB8, 0x00, 0xFF, 0x80, 0x00, 0x00, 0x3C, 0x00, 0x3F, 0xE0,
    0x00, 0x00, 0x3F, 0xFF, 0xFF, 0xFC, 0x00, 0x00, 0x1F, 0xFF, 0xFF, 0xFF, 0x00, 0x00, 0x0F, 0x40,
    0x00, 0xBF, 0xC0, 0x00, 0x0B, 0x80, 0x00, 0x1F, 0xF0, 0x00, 0x03, 0xC0, 0x00, 0x07, 0xFD, 0x00,
    0x07, 0xE0, 0x00, 0x01, 0xFF, 0x40, 0x7F, 0xFF, 0xC0, 0x1F, 0xFF, 0xFF, 0x5F, 0xFF, 0xE0, 0x07,
    0xFF, 0xFF, 0xD0, 0x00, 0x00, 0x00, 0x0B, 0xFE, 0x40, 0xB0, 0x00, 0x00, 0x01, 0x90, 0x1B, 0xF9,
    0x00, 0x00, 0x00, 0x00, 0x00, 0x00, 0x00, 0x00, 0x00, 0x00, 0x00, 0x00, 0x00, 0x00, 0x00, 0x00,
    0x00, 0x00, 0x3C, 0x00, 0x00, 0x00, 0x00, 0x00, 0x03, 0xF0, 0x00, 0x00, 0x00, 0x00, 0x00, 0x2F,
    0xD0, 0x00, 0x00, 0x00, 0x00, 0x00, 0xFF, 0x40, 0x00, 0x00, 0x00, 0x00, 0x0B, 0xFE, 0x00, 0x00,
    0x00, 0x00, 0x00, 0x7F, 0xF8, 0x00, 0x00, 0x00, 0x00, 0x03, 0xFF, 0xE0, 0x00, 0x00, 0x00, 0x00,
    0x1F, 0xFF, 0xC0, 0x00, 0x00, 0x00, 0x00, 0xF6, 0xFF, 0x00, 0x00, 0x00, 0x00, 0x0B, 0xCB, 0xFC,
    0x00, 0x00, 0x00, 0x00, 0x7C, 0x1F, 0xF0, 0x00, 0x00, 0x00, 0x03, 0xE0, 0x7F, 0xD0, 0x00, 0x00,
    0x00, 0x1F, 0x00, 0xFF, 0x40, 0x00, 0x00, 0x00, 0xF4, 0x03, 0xFE, 0x00, 0x00, 0x00, 0x0B, 0x80,
    0x0F, 0xF8, 0x00, 0x00, 0x00, 0x3C, 0x00, 0x3F, 0xE0, 0x00, 0x00, 0x03, 0xFF, 0xFF, 0xFF, 0xC0,
    0x00, 0x00, 0x1F, 0xFF, 0xFF, 0xFF, 0x00, 0x00, 0x00, 0xF4, 0x00, 0x0B, 0xFC, 0x00, 0x00, 0x0B,
    0x80, 0x00, 0x1F, 0xF0, 0x00, 0x00, 0x3C, 0x00, 0x00, 0x7F, 0xD0, 0x00, 0x07, 0xE0, 0x00, 0x01,
    0xFF, 0x40, 0x07, 0xFF, 0xFC, 0x01, 0xFF, 0xFF, 0xF4, 0x1F, 0xFF, 0xE0, 0x07, 0xFF, 0xFF, 0xD0,
    0x00, 0x00, 0x00, 0x07, 0xD0, 0x2F, 0x00, 0x00, 0x00, 0x07, 0xFC, 0x2F, 0xF0, 0x00, 0x00, 0x03,
    0xFF, 0x0F, 0xFC, 0x00, 0x00, 0x00, 0xFF, 0x83, 0xFD, 0x00, 0x00, 0x00, 0x0F, 0x80, 0x7D, 0x00,
    0x00, 0x00, 0x00, 0x00, 0x00, 0x00, 0x00, 0x00, 0x00, 0x07, 0xC0, 0x00, 0x00, 0x00, 0x00, 0x03,
    0xF0, 0x00, 0x00, 0x00, 0x00, 0x02, 0xFD, 0x00, 0x00, 0x00, 0x00, 0x00, 0xFF, 0x40, 0x00, 0x00,
    0x00, 0x00, 0xBF, 0xE0, 0x00, 0x00, 0x00, 0x00, 0x7F, 0xF8, 0x00, 0x00, 0x00, 0x00, 0x3F, 0xFE,
    0x00, 0x00, 0x00, 0x00, 0x1F, 0xFF, 0xC0, 0x00, 0x00, 0x00, 0x0F, 0x6F, 0xF0, 0x00, 0x00, 0x00,
    0x0B, 0xCB, 0xFC, 0x00, 0x00, 0x00, 0x07, 0xC1, 0xFF, 0x00, 0x00, 0x00, 0x03, 0xE0, 0x7F, 0xD0,
    0x00, 0x00, 0x01, 0xF0, 0x0F, 0xF4, 0x00, 0x00, 0x00, 0xF4, 0x03, 0xFE, 0x00, 0x00, 0x00, 0xB8,
    0x00, 0xFF, 0x80, 0x00, 0x00, 0x3C, 0x00, 0x3F, 0xE0, 0x00, 0x00, 0x3F, 0xFF, 0xFF, 0xFC, 0x00,
    0x00, 0x1F, 0xFF, 0xFF, 0xFF, 0x00, 0x00, 0x0F, 0x40, 0x00, 0xBF, 0xC0, 0x00, 0x0B, 0x80, 0x00,
    0x1F, 0xF0, 0x00, 0x03, 0xC0, 0x00, 0x07, 0xFD, 0x00, 0x07, 0xE0, 0x00, 0x01, 0xFF, 0x40, 0x7F,
    0xFF, 0xC0, 0x1F, 0xFF, 0xFF, 0x5F, 0xFF, 0xE0, 0x07, 0xFF, 0xFF, 0xD0, 0x00, 0x00, 0x00, 0x00,
    0x1F, 0xE0, 0x00, 0x00, 0x00, 0x00, 0x2C, 0x1D, 0x00, 0x00, 0x00, 0x00, 0x2C, 0x03, 0x80, 0x00,
    0x00, 0x00, 0x0F, 0x00, 0xE0, 0x00, 0x00, 0x00, 0x03, 0x80, 0x74, 0x00, 0x00, 0x00, 0x00, 0xE0,
    0x3C, 0x00, 0x00, 0x00, 0x00, 0x3E, 0xBC, 0x00, 0x00, 0x00, 0x00, 0x03, 0xF8, 0x00, 0x00, 0x00,
    0x00, 0x00, 0xFD, 0x00, 0x00, 0x00, 0x00, 0x00, 0xFF, 0x40, 0x00, 0x00, 0x00, 0x00, 0x7F, 0xE0,
    0x00, 0x00, 0x00, 0x00, 0x3F, 0xF8, 0x00, 0x00, 0x00, 0x00, 0x2F, 0xFF, 0x00, 0x00, 0x00, 0x00,
    0x0F, 0xFF, 0xC0, 0x00, 0x00, 0x00, 0x0B, 0x6F, 0xF0, 0x00, 0x00, 0x00, 0x07, 0xCB, 0xFC, 0x00,
    0x00, 0x00, 0x03, 0xC1, 0xFF, 0x00, 0x00, 0x00, 0x01, 0xE0, 0x7F, 0xD0, 0x00, 0x00, 0x00, 0xF0,
    0x0F, 0xF4, 0x00, 0x00, 0x00, 0xB4, 0x03, 0xFE, 0x00, 0x00, 0x00, 0x38, 0x00, 0xFF, 0x80, 0x00,
    0x00, 0x3C, 0x00, 0x3F, 0xE0, 0x00, 0x00, 0x1F, 0xFF, 0xFF, 0xFC, 0x00, 0x00, 0x0F, 0xFF, 0xFF,
    0xFF, 0x00, 0x00, 0x0B, 0x40, 0x00, 0xBF, 0xC0, 0x00, 0x03, 0xC0, 0x00, 0x1F, 0xF0, 0x00, 0x02,
    0xD0, 0x00, 0x07, 0xFD, 0x00, 0x01, 0xF0, 0x00, 0x00, 0xFF, 0x40, 0x01, 0xF8, 0x00, 0x00, 0xBF,
    0xE0, 0x1F, 0xFF, 0xE0, 0x07, 0xFF, 0xFF, 0xD0, 0x00, 0x00, 0x00, 0x0F, 0xFF, 0xFF, 0xFF, 0xFF,
    0xC0, 0x00, 0x00, 0x00, 0xFF, 0xFF, 0xFF, 0xFF, 0xFD, 0x00, 0x00, 0x00, 0x01, 0xF7, 0xFC, 0x00,
    0x1F, 0xC0, 0x00, 0x00, 0x00, 0x3C, 0x7F, 0xC0, 0x00, 0x7C, 0x00, 0x00, 0x00, 0x0B, 0x4B, 0xF8,
    0x00, 0x03, 0xC0, 0x00, 0x00, 0x01, 0xF0, 0xFF, 0x40, 0x00, 0x3C, 0x00, 0x00, 0x00, 0x3C, 0x0F,
    0xF0, 0x00, 0x03, 0x80, 0x00, 0x00, 0x0B, 0x81, 0xFF, 0x00, 0x00, 0x34, 0x00, 0x00, 0x00, 0xF0,
    0x2F, 0xE0, 0x0B, 0x00, 0x00, 0x00, 0x00, 0x3D, 0x03, 0xFD, 0x00, 0xF0, 0x00, 0x00, 0x00, 0x07,
    0x80, 0x3F, 0xC0, 0x7E, 0x00, 0x00, 0x00, 0x00, 0xFF, 0xFF, 0xFF, 0xFF, 0xD0, 0x00, 0x00, 0x00,
    0x2F, 0xFF, 0xFF, 0xFF, 0xFC, 0x00, 0x00, 0x00, 0x07, 0xC0, 0x0F, 0xF4, 0x0B, 0xC0, 0x00, 0x00,
    0x00, 0xF4, 0x00, 0xFF, 0x00, 0x78, 0x0E, 0x00, 0x00, 0x2E, 0x00, 0x1F, 0xF0, 0x07, 0x42, 0xD0,
    0x00, 0x07, 0xC0, 0x02, 0xFE, 0x00, 0x20, 0x3C, 0x00, 0x00, 0xF4, 0x00, 0x3F, 0xD0, 0x00, 0x0B,
    0x80, 0x00, 0x2E, 0x00, 0x03, 0xFC, 0x00, 0x01, 0xF0, 0x00, 0x03, 0xC0, 0x00, 0x7F, 0xC0, 0x00,
    0x7F, 0x00, 0x01, 0xF8, 0x00, 0x0B, 0xF8, 0x00, 0x6F, 0xD0, 0x07, 0xFF, 0xFC, 0x2F, 0xFF, 0xFF,
    0xFF, 0xFC, 0x00, 0x7F, 0xFF, 0xC2, 0xFF, 0xFF, 0xFF, 0xFF, 0x40, 0x00, 0x00, 0x00, 0x01, 0xBF,
    0xF4, 0x01, 0xC0, 0x00, 0x0B, 0xFF, 0xFF, 0xC2, 0xF0, 0x00, 0x2F, 0xF9, 0x00, 0xBE, 0xF8, 0x00,
    0x3F, 0xF0, 0x00, 0x07, 0xFD, 0x00, 0x3F, 0xE0, 0x00, 0x00, 0xBF, 0x00, 0x3F, 0xE0, 0x00, 0x00,
    0x1F, 0xC0, 0x2F, 0xF0, 0x00, 0x00, 0x03, 0xE0, 0x1F, 0xF4, 0x00, 0x00, 0x00, 0xF4, 0x0F, 0xFC,
    0x00, 0x00, 0x00, 0x3C, 0x07, 0xFD, 0x00, 0x00, 0x00, 0x0A, 0x02, 0xFF, 0x00, 0x00, 0x00, 0x00,
    0x00, 0xFF, 0xC0, 0x00, 0x00, 0x00, 0x00, 0x7F, 0xE0, 0x00, 0x00, 0x00, 0x00, 0x1F, 0xF4, 0x00,
    0x00, 0x00, 0x00, 0x0B, 0xFC, 0x00, 0x00, 0x00, 0x00, 0x02, 0xFF, 0x00, 0x00, 0x00, 0x01, 0x00,
    0xBF, 0xC0, 0x00, 0x00, 0x03, 0xC0, 0x2F, 0xF0, 0x00, 0x00, 0x00, 0xF0, 0x07, 0xFC, 0x00, 0x00,
    0x00, 0xF4, 0x00, 0xFF, 0x00, 0x00, 0x00, 0x78, 0x00, 0x2F, 0xE0, 0x00, 0x00, 0x7C, 0x00, 0x03,
    0xFD, 0x00, 0x00, 0xBC, 0x00, 0x00, 0x2F, 0xF4, 0x02, 0xF8, 0x00, 0x00, 0x01, 0xFF, 0xFF, 0xE0,
    0x00, 0x00, 0x00, 0x01, 0xFF, 0x40, 0x00, 0x00, 0x00, 0x00, 0x3F, 0xE0, 0x00, 0x00, 0x00, 0x00,
    0x01, 0xFF, 0x00, 0x00, 0x00, 0x00, 0x00, 0x2F, 0xC0, 0x00, 0x00, 0x00, 0x00, 0x6F, 0xD0, 0x00,
    0x00, 0x00, 0x2F, 0xFE, 0x40, 0x00, 0x00, 0x00, 0x00, 0x00, 0x00, 0x03, 0xD0, 0x00, 0x00, 0x00,
    0x00, 0x02, 0xFE, 0x00, 0x00, 0x00, 0x00, 0x00, 0xFF, 0xF0, 0x00, 0x00, 0x00, 0x00, 0x1F, 0xFF,
    0x00, 0x00, 0x00, 0x00, 0x00, 0x1B, 0x80, 0x00, 0x00, 0x00, 0x00, 0x00, 0x00, 0x00, 0x00, 0x00,
    0x00, 0x00, 0x00, 0x00, 0x00, 0x7F, 0xFF, 0xFF, 0xFF, 0xFD, 0x00, 0x1F, 0xFF, 0xFF, 0xFF, 0xFF,
    0x40, 0x00, 0x1F, 0xF0, 0x00, 0x1F, 0xD0, 0x00, 0x0B, 0xFC, 0x00, 0x01, 0xF0, 0x00, 0x03, 0xFE,
    0x00, 0x00, 0x3C, 0x00, 0x00, 0xFF, 0x40, 0x00, 0x0F, 0x00, 0x00, 0x7F, 0xC0, 0x00, 0x03, 0xC0,
    0x00, 0x2F, 0xF0, 0x0B, 0x00, 0xE0, 0x00, 0x0F, 0xF8, 0x03, 0xC0, 0x00, 0x00, 0x03, 0xFD, 0x07,
    0xE0, 0x00, 0x00, 0x01, 0xFF, 0xFF, 0xF4, 0x00, 0x00, 0x00, 0xBF, 0xFF, 0xFC, 0x00, 0x00, 0x00,
    0x3F, 0xE0, 0x2F, 0x00, 0x00, 0x00, 0x0F, 0xF4, 0x07, 0x80, 0x00, 0x00, 0x07, 0xFC, 0x01, 0xD0,
    0x0F, 0x00, 0x02, 0xFF, 0x00, 0x60, 0x07, 0x80, 0x00, 0xFF, 0x80, 0x00, 0x03, 0xC0, 0x00, 0x3F,
    0xD0, 0x00, 0x01, 0xF0, 0x00, 0x1F, 0xF0, 0x00, 0x00, 0xF4, 0x00, 0x0B, 0xFC, 0x00, 0x01, 0xFC,
    0x00, 0x03, 0xFE, 0x00, 0x06, 0xFE, 0x00, 0xBF, 0xFF, 0xFF, 0xFF, 0xFF, 0x00, 0x2F, 0xFF, 0xFF,
    0xFF, 0xFF, 0x80, 0x00, 0x00, 0x00, 0x00, 0x00, 0x01, 0xF4, 0x00, 0x00, 0x00, 0x00, 0x07, 0xFE,
    0x00, 0x00, 0x00, 0x00, 0x0F, 0xFF, 0x40, 0x00, 0x00, 0x00, 0x0F, 0xFE, 0x40, 0x00, 0x00, 0x00,
    0x01, 0x40, 0x00, 0x00, 0x00, 0x00, 0x00, 0x00, 0x00, 0x00, 0x01, 0xFF, 0xFF, 0xFF, 0xFF, 0xF4,
    0x00, 0x7F, 0xFF, 0xFF, 0xFF, 0xFD, 0x00, 0x00, 0x7F, 0xC0, 0x00, 0x7F, 0x40, 0x00, 0x2F, 0xF0,
    0x00, 0x07, 0xC0, 0x00, 0x0F, 0xF8, 0x00, 0x00, 0xF0, 0x00, 0x03, 0xFD, 0x00, 0x00, 0x3C, 0x00,
    0x01, 0xFF, 0x00, 0x00, 0x0F, 0x00, 0x00, 0xBF, 0xC0, 0x2C, 0x03, 0x80, 0x00, 0x3F, 0xE0, 0x0F,
    0x00, 0x00, 0x00, 0x0F, 0xF4, 0x1F, 0x80, 0x00, 0x00, 0x07, 0xFF, 0xFF, 0xD0, 0x00, 0x00, 0x02,
    0xFF, 0xFF, 0xF0, 0x00, 0x00, 0x00, 0xFF, 0x80, 0xBC, 0x00, 0x00, 0x00, 0x3F, 0xD0, 0x1E, 0x00,
    0x00, 0x00, 0x1F, 0xF0, 0x07, 0x40, 0x3C, 0x00, 0x0B, 0xFC, 0x01, 0x80, 0x1E, 0x00, 0x03, 0xFE,
    0x00, 0x00, 0x0F, 0x00, 0x00, 0xFF, 0x40, 0x00, 0x07, 0xC0, 0x00, 0x7F, 0xC0, 0x00, 0x03, 0xD0,
    0x00, 0x2F, 0xF0, 0x00, 0x07, 0xF0, 0x00, 0x0F, 0xF8, 0x00, 0x1B, 0xF8, 0x02, 0xFF, 0xFF, 0xFF,
    0xFF, 0xFC, 0x00, 0xBF, 0xFF, 0xFF, 0xFF, 0xFE, 0x00, 0x00, 0x00, 0x00, 0x00, 0x00, 0x28, 0x00,
    0x00, 0x00, 0x00, 0x00, 0x3F, 0x80, 0x00, 0x00, 0x00, 0x00, 0xBF, 0xF8, 0x00, 0x00, 0x00, 0x00,
    0xFE, 0x2F, 0x80, 0x00, 0x00, 0x00, 0xFC, 0x01, 0xF0, 0x00, 0x00, 0x00, 0x14, 0x00, 0x14, 0x00,
    0x00, 0x00, 0x00, 0x00, 0x00, 0x00, 0x00, 0x7F, 0xFF, 0xFF, 0xFF, 0xFD, 0x00, 0x1F, 0xFF, 0xFF,
    0xFF, 0xFF, 0x40, 0x00, 0x1F, 0xF0, 0x00, 0x1F, 0xD0, 0x00, 0x0B, 0xFC, 0x00, 0x01, 0xF0, 0x00,
    0x03, 0xFE, 0x00, 0x00, 0x3C, 0x00, 0x00, 0xFF, 0x40, 0x00, 0x0F, 0x00, 0x00, 0x7F, 0xC0, 0x00,
    0x03, 0xC0, 0x00, 0x2F, 0xF0, 0x0B, 0x00, 0xE0, 0x00, 0x0F, 0xF8, 0x03, 0xC0, 0x00, 0x00, 0x03,
    0xFD, 0x07, 0xE0, 0x00, 0x00, 0x01, 0xFF, 0xFF, 0xF4, 0x00, 0x00, 0x00, 0xBF, 0xFF, 0xFC, 0x00,
    0x00, 0x00, 0x3F, 0xE0, 0x2F, 0x00, 0x00, 0x00, 0x0F, 0xF4, 0x07, 0x80, 0x00, 0x00, 0x07, 0xFC,
    0x01, 0xD0, 0x0F, 0x00, 0x02, 0xFF, 0x00, 0x60, 0x07, 0x80, 0x00, 0xFF, 0x80, 0x00, 0x03, 0xC0,
    0x00, 0x3F, 0xD0, 0x00, 0x01, 0xF0, 0x00, 0x1F, 0xF0, 0x00, 0x00, 0xF4, 0x00, 0x0B, 0xFC, 0x00,
    0x01, 0xFC, 0x00, 0x03, 0xFE, 0x00, 0x06, 0xFE, 0x00, 0xBF, 0xFF, 0xFF, 0xFF, 0xFF, 0x00, 0x2F,
    0xFF, 0xFF, 0xFF, 0xFF, 0x80, 0x00, 0x00, 0x00, 0x00, 0x2E, 0x00, 0xF8, 0x00, 0x00, 0x00, 0x3F,
    0xE0, 0xFF, 0x40, 0x00, 0x00, 0x0F, 0xF8, 0x7F, 0xD0, 0x00, 0x00, 0x03, 0xFC, 0x1F, 0xF0, 0x00,
    0x00, 0x00, 0xBD, 0x02, 0xF0, 0x00, 0x00, 0x00, 0x00, 0x00, 0x00, 0x00, 0x00, 0x00, 0x00, 0x00,
    0x00, 0x00, 0x00, 0x7F, 0xFF, 0xFF, 0xFF, 0xFD, 0x00, 0x1F, 0xFF, 0xFF, 0xFF, 0xFF, 0x40, 0x00,
    0x1F, 0xF0, 0x00, 0x1F, 0xD0, 0x00, 0x0B, 0xFC, 0x00, 0x01, 0xF0, 0x00, 0x03, 0xFE, 0x00, 0x00,
    0x3C, 0x00, 0x00, 0xFF, 0x40, 0x00, 0x0F, 0x00, 0x00, 0x7F, 0xC0, 0x00, 0x03, 0xC0, 0x00, 0x2F,
    0xF0, 0x0B, 0x00, 0xE0, 0x00, 0x0F, 0xF8, 0x03, 0xC0, 0x00, 0x00, 0x03, 0xFD, 0x07, 0xE0, 0x00,
    0x00, 0x01, 0xFF, 0xFF, 0xF4, 0x00, 0x00, 0x00, 0xBF, 0xFF, 0xFC, 0x00, 0x00, 0x00, 0x3F, 0xE0,
    0x2F, 0x00, 0x00, 0x00, 0x0F, 0xF4, 0x07, 0x80, 0x00, 0x00, 0x07, 0xFC, 0x01, 0xD0, 0x0F, 0x00,
    0x02, 0xFF, 0x00, 0x60, 0x07, 0x80, 0x00, 0xFF, 0x80, 0x00, 0x03, 0xC0, 0x00, 0x3F, 0xD0, 0x00,
    0x01, 0xF0, 0x00, 0x1F, 0xF0, 0x00, 0x00, 0xF4, 0x00, 0x0B, 0xFC, 0x00, 0x01, 0xFC, 0x00, 0x03,
    0xFE, 0x00, 0x06, 0xFE, 0x00, 0xBF, 0xFF, 0xFF, 0xFF, 0xFF, 0x00, 0x2F, 0xFF, 0xFF, 0xFF, 0xFF,
    0x80, 0x00, 0x00, 0x00, 0x0B, 0x80, 0x00, 0x00, 0x00, 0x7F, 0xD0, 0x00, 0x00, 0x01, 0xFF, 0xD0,
    0x00, 0x00, 0x02, 0xFF, 0xD0, 0x00, 0x00, 0x00, 0x6F, 0x00, 0x00, 0x00, 0x00, 0x00, 0x00, 0x00,
    0x00, 0x00, 0x00, 0x00, 0x02, 0xFF, 0xFF, 0xFC, 0x00, 0x0B, 0xFF, 0xFF, 0xF0, 0x00, 0x00, 0x7F,
    0xC0, 0x00, 0x00, 0x02, 0xFF, 0x00, 0x00, 0x00, 0x0F, 0xF8, 0x00, 0x00, 0x00, 0x3F, 0xD0, 0x00,
    0x00, 0x01, 0xFF, 0x00, 0x00, 0x00, 0x0B, 0xFC, 0x00, 0x00, 0x00, 0x3F, 0xE0, 0x00, 0x00, 0x00,
    0xFF, 0x40, 0x00, 0x00, 0x07, 0xFC, 0x00, 0x00, 0x00, 0x2F, 0xF0, 0x00, 0x00, 0x00, 0xFF, 0x80,
    0x00, 0x00, 0x03, 0xFD, 0x00, 0x00, 0x00, 0x1F, 0xF0, 0x00, 0x00, 0x00, 0xBF, 0xC0, 0x00, 0x00,
    0x03, 0xFE, 0x00, 0x00, 0x00, 0x0F, 0xF4, 0x00, 0x00, 0x00, 0x7F, 0xC0, 0x00, 0x00, 0x02, 0xFF,
    0x00, 0x00, 0x00, 0x0F, 0xF8, 0x00, 0x00, 0x3F, 0xFF, 0xFF, 0xC0, 0x00, 0xFF, 0xFF, 0xFE, 0x00,
    0x00, 0x00, 0x00, 0x00, 0x1B, 0x80, 0x00, 0x00, 0x07, 0xFF, 0x00, 0x00, 0x01, 0xFF, 0xF4, 0x00,
    0x00, 0x07, 0xE4, 0x00, 0x00, 0x00, 0x00, 0x00, 0x00, 0x00, 0x00, 0x00, 0x00, 0x00, 0x00, 0xBF,
    0xFF, 0xFF, 0x00, 0x02, 0xFF, 0xFF, 0xFC, 0x00, 0x00, 0x1F, 0xF0, 0x00, 0x00, 0x00, 0xBF, 0xC0,
    0x00, 0x00, 0x03, 0xFE, 0x00, 0x00, 0x00, 0x0F, 0xF4, 0x00, 0x00, 0x00, 0x7F, 0xC0, 0x00, 0x00,
    0x02, 0xFF, 0x00, 0x00, 0x00, 0x0F, 0xF8, 0x00, 0x00, 0x00, 0x3F, 0xD0, 0x00, 0x00, 0x01, 0xFF,
    0x00, 0x00, 0x00, 0x0B, 0xFC, 0x00, 0x00, 0x00, 0x3F, 0xE0, 0x00, 0x00, 0x00, 0xFF, 0x40, 0x00,
    0x00, 0x07, 0xFC, 0x00, 0x00, 0x00, 0x2F, 0xF0, 0x00, 0x00, 0x00, 0xFF, 0x80, 0x00, 0x00, 0x03,
    0xFD, 0x00, 0x00, 0x00, 0x1F, 0xF0, 0x00, 0x00, 0x00, 0xBF, 0xC0, 0x00, 0x00, 0x03, 0xFE, 0x00,
    0x00, 0x0F, 0xFF, 0xFF, 0xF0, 0x00, 0x3F, 0xFF, 0xFF, 0x80, 0x00, 0x00, 0x00, 0x00, 0x28, 0x00,
    0x00, 0x00, 0x03, 0xF8, 0x00, 0x00, 0x00, 0xBF, 0xF8, 0x00, 0x00, 0x0F, 0xE2, 0xF8, 0x00, 0x00,
    0xFC, 0x01, 0xF0, 0x00, 0x01, 0x40, 0x00, 0x40, 0x00, 0x00, 0x00, 0x00, 0x00, 0x02, 0xFF, 0xFF,
    0xFC, 0x00, 0x0B, 0xFF, 0xFF, 0xF0, 0x00, 0x00, 0x7F, 0xC0, 0x00, 0x00, 0x02, 0xFF, 0x00, 0x00,
    0x00, 0x0F, 0xF8, 0x00, 0x00, 0x00, 0x3F, 0xD0, 0x00, 0x00, 0x01, 0xFF, 0x00, 0x00, 0x00, 0x0B,
    0xFC, 0x00, 0x00, 0x00, 0x3F, 0xE0, 0x00, 0x00, 0x00, 0xFF, 0x40, 0x00, 0x00, 0x07, 0xFC, 0x00,
    0x00, 0x00, 0x2F, 0xF0, 0x00, 0x00, 0x00, 0xFF, 0x80, 0x00, 0x00, 0x03, 0xFD, 0x00, 0x00, 0x00,
    0x1F, 0xF0, 0x00, 0x00, 0x00, 0xBF, 0xC0, 0x00, 0x00, 0x03, 0xFE, 0x00, 0x00, 0x00, 0x0F, 0xF4,
    0x00, 0x00, 0x00, 0x7F, 0xC0, 0x00, 0x00, 0x02, 0xFF, 0x00, 0x00, 0x00, 0x0F, 0xF8, 0x00, 0x00,
    0x3F, 0xFF, 0xFF, 0xC0, 0x00, 0xFF, 0xFF, 0xFE, 0x00, 0x00, 0x00, 0x00, 0x2E, 0x00, 0xF8, 0x00,
    0x00, 0xFF, 0x83, 0xFD, 0x00, 0x01, 0xFF, 0x87, 0xFD, 0x00, 0x00, 0xFF, 0x07, 0xFC, 0x00, 0x00,
    0xBD, 0x02, 0xE0, 0x00, 0x00, 0x00, 0x00, 0x00, 0x00, 0x00, 0x00, 0x00, 0x00, 0x00, 0x0B, 0xFF,
    0xFF, 0xF0, 0x00, 0x0B, 0xFF, 0xFF, 0xF0, 0x00, 0x00, 0x1F, 0xF0, 0x00, 0x00, 0x00, 0x2F, 0xF0,
    0x00, 0x00, 0x00, 0x3F, 0xE0, 0x00, 0x00, 0x00, 0x3F, 0xD0, 0x00, 0x00, 0x00, 0x7F, 0xC0, 0x00,
    0x00, 0x00, 0xBF, 0xC0, 0x00, 0x00, 0x00, 0xFF, 0x80, 0x00, 0x00, 0x00, 0xFF, 0x40, 0x00, 0x00,
    0x01, 0xFF, 0x00, 0x00, 0x00, 0x02, 0xFF, 0x00, 0x00, 0x00, 0x03, 0xFE, 0x00, 0x00, 0x00, 0x03,
    0xFD, 0x00, 0x00, 0x00, 0x07, 0xFC, 0x00, 0x00, 0x00, 0x0B, 0xFC, 0x00, 0x00, 0x00, 0x0F, 0xF8,
    0x00, 0x00, 0x00, 0x0F, 0xF4, 0x00, 0x00, 0x00, 0x1F, 0xF0, 0x00, 0x00, 0x00, 0x2F, 0xF0, 0x00,
    0x00, 0x00, 0x3F, 0xE0, 0x00, 0x00, 0x3F, 0xFF, 0xFF, 0xC0, 0x00, 0x3F, 0xFF, 0xFF, 0x80, 0x00,
    0x00, 0x1F, 0xFF, 0xFF, 0xFF, 0xE4, 0x00, 0x00, 0x1F, 0xFF, 0xFF, 0xFF, 0xFF, 0x40, 0x00, 0x00,
    0x7F, 0xC0, 0x01, 0xBF, 0xD0, 0x00, 0x00, 0xBF, 0x80, 0x00, 0x1F, 0xF0, 0x00, 0x00, 0xFF, 0x40,
    0x00, 0x0B, 0xF4, 0x00, 0x00, 0xFF, 0x00, 0x00, 0x07, 0xFC, 0x00, 0x01, 0xFF, 0x00, 0x00, 0x03,
    0xFC, 0x00, 0x02, 0xFE, 0x00, 0x00, 0x03, 0xFC, 0x00, 0x03, 0xFD, 0x00, 0x00, 0x03, 0xFC, 0x00,
    0x03, 0xFC, 0x00, 0x00, 0x07, 0xFC, 0x00, 0x07, 0xFC, 0x00, 0x00, 0x0B, 0xFC, 0x03, 0xFF, 0xFF,
    0xFF, 0x40, 0x0F, 0xFC, 0x03, 0xFF, 0xFF, 0xFF, 0x40, 0x0F, 0xF8, 0x00, 0x0F, 0xF4, 0x00, 0x00,
    0x1F, 0xF0, 0x00, 0x1F, 0xF0, 0x00, 0x00, 0x2F, 0xF0, 0x00, 0x2F, 0xF0, 0x00, 0x00, 0x3F, 0xD0,
    0x00, 0x3F, 0xD0, 0x00, 0x00, 0xBF, 0x80, 0x00, 0x3F, 0xC0, 0x00, 0x01, 0xFF, 0x00, 0x00, 0x7F,
    0xC0, 0x00, 0x03, 0xFC, 0x00, 0x00, 0xBF, 0x80, 0x00, 0x1F, 0xF4, 0x00, 0x00, 0xFF, 0x40, 0x02,
    0xFF, 0xC0, 0x00, 0xBF, 0xFF, 0xFF, 0xFF, 0xFD, 0x00, 0x00, 0xBF, 0xFF, 0xFF, 0xFF, 0x90, 0x00,
    0x00, 0x00, 0x00, 0x00, 0x06, 0xFE, 0x40, 0x64, 0x00, 0x00, 0x00, 0x00, 0x24, 0x06, 0xFF, 0x80,
    0x00, 0x00, 0x00, 0x00, 0x00, 0x00, 0x00, 0x00, 0x00, 0x00, 0x00, 0x00, 0x00, 0x00, 0x00, 0x00,
    0x00, 0x00, 0x00, 0x00, 0x00, 0x00, 0x00, 0x00, 0x00, 0x00, 0x1F, 0xFF, 0xE0, 0x00, 0x0F, 0xFF,
    0xFC, 0x00, 0x1F, 0xFF, 0xF0, 0x00, 0x0F, 0xFF, 0xFC, 0x00, 0x00, 0x7F, 0xF8, 0x00, 0x00, 0x3D,
    0x00, 0x00, 0x00, 0xBF, 0xFC, 0x00, 0x00, 0x3C, 0x00, 0x00, 0x00, 0xF7, 0xFE, 0x00, 0x00, 0x78,
    0x00, 0x00, 0x00, 0xF2, 0xFF, 0x00, 0x00, 0xB4, 0x00, 0x00, 0x01, 0xE0, 0xFF, 0x80, 0x00, 0xF0,
    0x00, 0x00, 0x02, 0xD0, 0xBF, 0xD0, 0x00, 0xF0, 0x00, 0x00, 0x03, 0xC0, 0x3F, 0xF0, 0x01, 0xE0,
    0x00, 0x00, 0x03, 0xC0, 0x2F, 0xF4, 0x02, 0xD0, 0x00, 0x00, 0x07, 0x80, 0x0F, 0xFC, 0x03, 0xC0,
    0x00, 0x00, 0x0B, 0x40, 0x0B, 0xFD, 0x03, 0xC0, 0x00, 0x00, 0x0F, 0x00, 0x03, 0xFF, 0x07, 0x80,
    0x00, 0x00, 0x0F, 0x00, 0x02, 0xFF, 0x4B, 0x40, 0x00, 0x00, 0x1E, 0x00, 0x00, 0xFF, 0xCF, 0x00,
    0x00, 0x00, 0x2D, 0x00, 0x00, 0xBF, 0xDF, 0x00, 0x00, 0x00, 0x3C, 0x00, 0x00, 0x3F, 0xFE, 0x00,
    0x00, 0x00, 0x3C, 0x00, 0x00, 0x2F, 0xFD, 0x00, 0x00, 0x00, 0x78, 0x00, 0x00, 0x0F, 0xFC, 0x00,
    0x00, 0x00, 0xB4, 0x00, 0x00, 0x0B, 0xFC, 0x00, 0x00, 0x00, 0xF0, 0x00, 0x00, 0x03, 0xF8, 0x00,
    0x00, 0xBF, 0xFF, 0xC0, 0x00, 0x01, 0xF4, 0x00, 0x00, 0xBF, 0xFF, 0xC0, 0x00, 0x00, 0xF0, 0x00,
    0x00, 0x00, 0x00, 0x00, 0x2E, 0x00, 0x00, 0x00, 0x00, 0x00, 0x7F, 0xC0, 0x00, 0x00, 0x00, 0x00,
    0xBF, 0xF4, 0x00, 0x00, 0x00, 0x00, 0x3F, 0xFC, 0x00, 0x00, 0x00, 0x00, 0x01, 0xBC, 0x00, 0x00,
    0x00, 0x00, 0x00, 0x00, 0x00, 0x00, 0x00, 0x02, 0xFF, 0xE4, 0x00, 0x00, 0x00, 0x7F, 0x40, 0x7F,
    0x40, 0x00, 0x03, 0xF8, 0x00, 0x0F, 0xE0, 0x00, 0x0F, 0xD0, 0x00, 0x07, 0xF4, 0x00, 0x3F, 0x80,
    0x00, 0x03, 0xFC, 0x00, 0xFF, 0x00, 0x00, 0x03, 0xFC, 0x02, 0xFD, 0x00, 0x00, 0x03, 0xFD, 0x07,
    0xFC, 0x00, 0x00, 0x03, 0xFD, 0x0F, 0xF8, 0x00, 0x00, 0x03, 0xFE, 0x1F, 0xF0, 0x00, 0x00, 0x03,
    0xFD, 0x2F, 0xF0, 0x00, 0x00, 0x07, 0xFD, 0x3F, 0xE0, 0x00, 0x00, 0x0B, 0xFC, 0x7F, 0xD0, 0x00,
    0x00, 0x0F, 0xFC, 0xBF, 0xC0, 0x00, 0x00, 0x0F, 0xF8, 0xBF, 0xC0, 0x00, 0x00, 0x1F, 0xF0, 0xBF,
    0xC0, 0x00, 0x00, 0x3F, 0xE0, 0xBF, 0xC0, 0x00, 0x00, 0x3F, 0xC0, 0xBF, 0xC0, 0x00, 0x00, 0xBF,
    0x80, 0x7F, 0xC0, 0x00, 0x00, 0xFF, 0x00, 0x3F, 0xC0, 0x00, 0x03, 0xFC, 0x00, 0x2F, 0xD0, 0x00,
    0x0B, 0xF0, 0x00, 0x0F, 0xF0, 0x00, 0x2F, 0x80, 0x00, 0x02, 0xFD, 0x01, 0xFD, 0x00, 0x00, 0x00,
    0x1B, 0xFE, 0x40, 0x00, 0x00, 0x00, 0x00, 0x00, 0x00, 0x7D, 0x00, 0x00, 0x00, 0x00, 0x0B, 0xFE,
    0x00, 0x00, 0x00, 0x00, 0xBF, 0xF8, 0x00, 0x00, 0x00, 0x00, 0xA5, 0x00, 0x00, 0x00, 0x00, 0x00,
    0x00, 0x00, 0x00, 0x00, 0x00, 0x02, 0xFF, 0xE4, 0x00, 0x00, 0x00, 0x7F, 0x40, 0x7F, 0x40, 0x00,
    0x03, 0xF8, 0x00, 0x0F, 0xE0, 0x00, 0x0F, 0xD0, 0x00, 0x07, 0xF4, 0x00, 0x3F, 0x80, 0x00, 0x03,
    0xFC, 0x00, 0xFF, 0x00, 0x00, 0x03, 0xFC, 0x02, 0xFD, 0x00, 0x00, 0x03, 0xFD, 0x07, 0xFC, 0x00,
    0x00, 0x03, 0xFD, 0x0F, 0xF8, 0x00, 0x00, 0x03, 0xFE, 0x1F, 0xF0, 0x00, 0x00, 0x03, 0xFD, 0x2F,
    0xF0, 0x00, 0x00, 0x07, 0xFD, 0x3F, 0xE0, 0x00, 0x00, 0x0B, 0xFC, 0x7F, 0xD0, 0x00, 0x00, 0x0F,
    0xFC, 0xBF, 0xC0, 0x00, 0x00, 0x0F, 0xF8, 0xBF, 0xC0, 0x00, 0x00, 0x1F, 0xF0, 0xBF, 0xC0, 0x00,
    0x00, 0x3F, 0xE0, 0xBF, 0xC0, 0x00, 0x00, 0x3F, 0xC0, 0xBF, 0xC0, 0x00, 0x00, 0xBF, 0x80, 0x7F,
    0xC0, 0x00, 0x00, 0xFF, 0x00, 0x3F, 0xC0, 0x00, 0x03, 0xFC, 0x00, 0x2F, 0xD0, 0x00, 0x0B, 0xF0,
    0x00, 0x0F, 0xF0, 0x00, 0x2F, 0x80, 0x00, 0x02, 0xFD, 0x01, 0xFD, 0x00, 0x00, 0x00, 0x1B, 0xFE,
    0x40, 0x00, 0x00, 0x00, 0x00, 0x00, 0x01, 0x80, 0x00, 0x00, 0x00, 0x00, 0x0B, 0xF0, 0x00, 0x00,
    0x00, 0x00, 0x7F, 0xFC, 0x00, 0x00, 0x00, 0x02, 0xF8, 0x7F, 0x00, 0x00, 0x00, 0x0B, 0xD0, 0x0F,
    0x40, 0x00, 0x00, 0x01, 0x00, 0x02, 0x00, 0x00, 0x00, 0x02, 0xFF, 0xE4, 0x00, 0x00, 0x00, 0x7F,
    0x40, 0x7F, 0x40, 0x00, 0x03, 0xF8, 0x00, 0x0F, 0xE0, 0x00, 0x0F, 0xD0, 0x00, 0x07, 0xF4, 0x00,
    0x3F, 0x80, 0x00, 0x03, 0xFC, 0x00, 0xFF, 0x00, 0x00, 0x03, 0xFC, 0x02, 0xFD, 0x00, 0x00, 0x03,
    0xFD, 0x07, 0xFC, 0x00, 0x00, 0x03, 0xFD, 0x0F, 0xF8, 0x00, 0x00, 0x03, 0xFE, 0x1F, 0xF0, 0x00,
    0x00, 0x03, 0xFD, 0x2F, 0xF0, 0x00, 0x00, 0x07, 0xFD, 0x3F, 0xE0, 0x00, 0x00, 0x0B, 0xFC, 0x7F,
    0xD0, 0x00, 0x00, 0x0F, 0xFC, 0xBF, 0xC0, 0x00, 0x00, 0x0F, 0xF8, 0xBF, 0xC0, 0x00, 0x00, 0x1F,
    0xF0, 0xBF, 0xC0, 0x00, 0x00, 0x3F, 0xE0, 0xBF, 0xC0, 0x00, 0x00, 0x3F, 0xC0, 0xBF, 0xC0, 0x00,
    0x00, 0xBF, 0x80, 0x7F, 0xC0, 0x00, 0x00, 0xFF, 0x00, 0x3F, 0xC0, 0x00, 0x03, 0xFC, 0x00, 0x2F,
    0xD0, 0x00, 0x0B, 0xF0, 0x00, 0x0F, 0xF0, 0x00, 0x2F, 0x80, 0x00, 0x02, 0xFD, 0x01, 0xFD, 0x00,
    0x00, 0x00, 0x1B, 0xFE, 0x40, 0x00, 0x00, 0x00, 0x00, 0x02, 0xFF, 0x90, 0x68, 0x00, 0x00, 0x29,
    0x02, 0xFF, 0x90, 0x00, 0x00, 0x00, 0x00, 0x00, 0x00, 0x00, 0x00, 0x00, 0x00, 0x00, 0x00, 0x00,
    0x00, 0x00, 0x00, 0x00, 0x00, 0x00, 0x00, 0x02, 0xFF, 0xE4, 0x00, 0x00, 0x00, 0x7F, 0x40, 0x7F,
    0x40, 0x00, 0x03, 0xF8, 0x00, 0x0F, 0xE0, 0x00, 0x0F, 0xD0, 0x00, 0x07, 0xF4, 0x00, 0x3F, 0x80,
    0x00, 0x03, 0xFC, 0x00, 0xFF, 0x00, 0x00, 0x03, 0xFC, 0x02, 0xFD, 0x00, 0x00, 0x03, 0xFD, 0x07,
    0xFC, 0x00, 0x00, 0x03, 0xFD, 0x0F, 0xF8, 0x00, 0x00, 0x03, 0xFE, 0x1F, 0xF0, 0x00, 0x00, 0x03,
    0xFD, 0x2F, 0xF0, 0x00, 0x00, 0x07, 0xFD, 0x3F, 0xE0, 0x00, 0x00, 0x0B, 0xFC, 0x7F, 0xD0, 0x00,
    0x00, 0x0F, 0xFC, 0xBF, 0xC0, 0x00, 0x00, 0x0F, 0xF8, 0xBF, 0xC0, 0x00, 0x00, 0x1F, 0xF0, 0xBF,
    0xC0, 0x00, 0x00, 0x3F, 0xE0, 0xBF, 0xC0, 0x00, 0x00, 0x3F, 0xC0, 0xBF, 0xC0, 0x00, 0x00, 0xBF,
    0x80, 0x7F, 0xC0, 0x00, 0x00, 0xFF, 0x00, 0x3F, 0xC0, 0x00, 0x03, 0xFC, 0x00, 0x2F, 0xD0, 0x00,
    0x0B, 0xF0, 0x00, 0x0F, 0xF0, 0x00, 0x2F, 0x80, 0x00, 0x02, 0xFD, 0x01, 0xFD, 0x00, 0x00, 0x00,
    0x1B, 0xFE, 0x40, 0x00, 0x00, 0x00, 0x00, 0x00, 0x00, 0x00, 0x00, 0x00, 0x00, 0x02, 0xF0, 0x0B,
    0xC0, 0x00, 0x00, 0x0B, 0xFC, 0x3F, 0xE0, 0x00, 0x00, 0x0F, 0xFC, 0x3F, 0xE0, 0x00, 0x00, 0x0F,
    0xF4, 0x3F, 0xD0, 0x00, 0x00, 0x07, 0xD0, 0x1F, 0x40, 0x00, 0x00, 0x00, 0x00, 0x00, 0x00, 0x00,
    0x00, 0x02, 0xFF, 0xE4, 0x00, 0x00, 0x00, 0x7F, 0x40, 0x7F, 0x40, 0x00, 0x03, 0xF8, 0x00, 0x0F,
    0xE0, 0x00, 0x0F, 0xD0, 0x00, 0x07, 0xF4, 0x00, 0x3F, 0x80, 0x00, 0x03, 0xFC, 0x00, 0xFF, 0x00,
    0x00, 0x03, 0xFC, 0x02, 0xFD, 0x00, 0x00, 0x03, 0xFD, 0x07, 0xFC, 0x00, 0x00, 0x03, 0xFD, 0x0F,
    0xF8, 0x00, 0x00, 0x03, 0xFE, 0x1F, 0xF0, 0x00, 0x00, 0x03, 0xFD, 0x2F, 0xF0, 0x00, 0x00, 0x07,
    0xFD, 0x3F, 0xE0, 0x00, 0x00, 0x0B, 0xFC, 0x7F, 0xD0, 0x00, 0x00, 0x0F, 0xFC, 0xBF, 0xC0, 0x00,
    0x00, 0x0F, 0xF8, 0xBF, 0xC0, 0x00, 0x00, 0x1F, 0xF0, 0xBF, 0xC0, 0x00, 0x00, 0x3F, 0xE0, 0xBF,
    0xC0, 0x00, 0x00, 0x3F, 0xC0, 0xBF, 0xC0, 0x00, 0x00, 0xBF, 0x80, 0x7F, 0xC0, 0x00, 0x00, 0xFF,
    0x00, 0x3F, 0xC0, 0x00, 0x03, 0xFC, 0x00, 0x2F, 0xD0, 0x00, 0x0B, 0xF0, 0x00, 0x0F, 0xF0, 0x00,
    0x2F, 0x80, 0x00, 0x02, 0xFD, 0x01, 0xFD, 0x00, 0x00, 0x00, 0x1B, 0xFE, 0x40, 0x00, 0x00, 0x00,
    0x00, 0x00, 0x00, 0x00, 0x01, 0x00, 0x00, 0x00, 0x00, 0x00, 0x02, 0xC0, 0x00, 0x00, 0x1B, 0xFF,
    0x91, 0xD0, 0x00, 0x00, 0xBD, 0x00, 0x7F, 0xD0, 0x00, 0x02, 0xF4, 0x00, 0x03, 0xF4, 0x00, 0x03,
    0xF4, 0x00, 0x00, 0xFF, 0x00, 0x03, 0xF4, 0x00, 0x00, 0xFF, 0xF0, 0x03, 0xF8, 0x00, 0x00, 0xF2,
    0xFC, 0x02, 0xFC, 0x00, 0x00, 0xB0, 0xBF, 0x41, 0xFE, 0x00, 0x00, 0xB4, 0x2F, 0xD0, 0xFF, 0x00,
    0x00, 0x74, 0x0B, 0xF4, 0x7F, 0xC0, 0x00, 0x74, 0x03, 0xFD, 0x3F, 0xE0, 0x00, 0x38, 0x00, 0xFF,
    0x4F, 0xF4, 0x00, 0x38, 0x00, 0x7F, 0xC7, 0xFC, 0x00, 0x3C, 0x00, 0x2F, 0xF2, 0xFF, 0x00, 0x3C,
    0x00, 0x0F, 0xF8, 0xBF, 0x80, 0x2C, 0x00, 0x03, 0xFC, 0x2F, 0xE0, 0x2D, 0x00, 0x01, 0xFE, 0x0B,
    0xF4, 0x1D, 0x00, 0x00, 0xFF, 0x02, 0xFD, 0x1E, 0x00, 0x00, 0x7F, 0x80, 0x7F, 0x4E, 0x00, 0x00,
    0x3F, 0xC0, 0x0F, 0xEE, 0x00, 0x00, 0x2F, 0xC0, 0x02, 0xFF, 0x00, 0x00, 0x1F, 0xC0, 0x00, 0x2F,
    0x80, 0x00, 0x2F, 0x80, 0x00, 0x0B, 0xFD, 0x00, 0xBE, 0x00, 0x00, 0x0B, 0x46, 0xFF, 0xE4, 0x00,
    0x00, 0x07, 0x40, 0x00, 0x00, 0x00, 0x00, 0x00, 0x40, 0x00, 0x00, 0x00, 0x00, 0x00, 0x00, 0x00,
    0x01, 0xF0, 0x00, 0x00, 0x00, 0x00, 0x00, 0x3F, 0xD0, 0x00, 0x00, 0x00, 0x00, 0x03, 0xFF, 0x80,
    0x00, 0x00, 0x00, 0x00, 0x2F, 0xFD, 0x00, 0x00, 0x00, 0x00, 0x00, 0x1B, 0xD0, 0x00, 0x00, 0x00,
    0x00, 0x00, 0x00, 0x00, 0x00, 0x00, 0x00, 0x00, 0x00, 0x00, 0x00, 0x07, 0xFF, 0xFF, 0xF0, 0x0B,
    0xFF, 0xFD, 0x7F, 0xFF, 0xFF, 0x00, 0xBF, 0xFF, 0xD0, 0x1F, 0xF0, 0x00, 0x00, 0x2F, 0x00, 0x02,
    0xFF, 0x00, 0x00, 0x02, 0xD0, 0x00, 0x3F, 0xE0, 0x00, 0x00, 0x3C, 0x00, 0x03, 0xFD, 0x00, 0x00,
    0x03, 0xC0, 0x00, 0x7F, 0xC0, 0x00, 0x00, 0x78, 0x00, 0x0B, 0xFC, 0x00, 0x00, 0x0B, 0x40, 0x00,
    0xFF, 0x80, 0x00, 0x00, 0xF0, 0x00, 0x0F, 0xF4, 0x00, 0x00, 0x0F, 0x00, 0x01, 0xFF, 0x00, 0x00,
    0x01, 0xE0, 0x00, 0x2F, 0xF0, 0x00, 0x00, 0x2D, 0x00, 0x03, 0xFE, 0x00, 0x00, 0x03, 0xC0, 0x00,
    0x3F, 0xD0, 0x00, 0x00, 0x3C, 0x00, 0x07, 0xFC, 0x00, 0x00, 0x07, 0x80, 0x00, 0xBF, 0xC0, 0x00,
    0x00, 0xF4, 0x00, 0x0F, 0xF8, 0x00, 0x00, 0x0F, 0x00, 0x00, 0xFF, 0x40, 0x00, 0x03, 0xD0, 0x00,
    0x0B, 0xF4, 0x00, 0x00, 0xBC, 0x00, 0x00, 0x3F, 0x80, 0x00, 0x2F, 0x00, 0x00, 0x02, 0xFE, 0x00,
    0x6F, 0xC0, 0x00, 0x00, 0x07, 0xFF, 0xFF, 0xE0, 0x00, 0x00, 0x00, 0x06, 0xFF, 0x90, 0x00, 0x00,
    0x00, 0x00, 0x00, 0x00, 0x00, 0xBC, 0x00, 0x00, 0x00, 0x00, 0x00, 0xBF, 0xD0, 0x00, 0x00, 0x00,
    0x00, 0xBF, 0xFC, 0x00, 0x00, 0x00, 0x00, 0x0F, 0x94, 0x00, 0x00, 0x00, 0x00, 0x00, 0x00, 0x00,
    0x00, 0x00, 0x00, 0x00, 0x00, 0x00, 0x00, 0x00, 0x7F, 0xFF, 0xFF, 0x00, 0xBF, 0xFF, 0xD7, 0xFF,
    0xFF, 0xF0, 0x0B, 0xFF, 0xFD, 0x01, 0xFF, 0x00, 0x00, 0x02, 0xF0, 0x00, 0x2F, 0xF0, 0x00, 0x00,
    0x2D, 0x00, 0x03, 0xFE, 0x00, 0x00, 0x03, 0xC0, 0x00, 0x3F, 0xD0, 0x00, 0x00, 0x3C, 0x00, 0x07,
    0xFC, 0x00, 0x00, 0x07, 0x80, 0x00, 0xBF, 0xC0, 0x00, 0x00, 0xB4, 0x00, 0x0F, 0xF8, 0x00, 0x00,
    0x0F, 0x00, 0x00, 0xFF, 0x40, 0x00, 0x00, 0xF0, 0x00, 0x1F, 0xF0, 0x00, 0x00, 0x1E, 0x00, 0x02,
    0xFF, 0x00, 0x00, 0x02, 0xD0, 0x00, 0x3F, 0xE0, 0x00, 0x00, 0x3C, 0x00, 0x03, 0xFD, 0x00, 0x00,
    0x03, 0xC0, 0x00, 0x7F, 0xC0, 0x00, 0x00, 0x78, 0x00, 0x0B, 0xFC, 0x00, 0x00, 0x0F, 0x40, 0x00,
    0xFF, 0x80, 0x00, 0x00, 0xF0, 0x00, 0x0F, 0xF4, 0x00, 0x00, 0x3D, 0x00, 0x00, 0xBF, 0x40, 0x00,
    0x0B, 0xC0, 0x00, 0x03, 0xF8, 0x00, 0x02, 0xF0, 0x00, 0x00, 0x2F, 0xE0, 0x06, 0xFC, 0x00, 0x00,
    0x00, 0x7F, 0xFF, 0xFE, 0x00, 0x00, 0x00, 0x00, 0x6F, 0xF9, 0x00, 0x00, 0x00, 0x00, 0x00, 0x00,
    0x00, 0x06, 0x00, 0x00, 0x00, 0x00, 0x00, 0x02, 0xFC, 0x00, 0x00, 0x00, 0x00, 0x01, 0xFF, 0xF0,
    0x00, 0x00, 0x00, 0x00, 0xBE, 0x1F, 0xC0, 0x00, 0x00, 0x00, 0x2F, 0x40, 0x3D, 0x00, 0x00, 0x00,
    0x00, 0x40, 0x00, 0x40, 0x00, 0x00, 0x00, 0x00, 0x00, 0x00, 0x00, 0x07, 0xFF, 0xFF, 0xF0, 0x0B,
    0xFF, 0xFD, 0x7F, 0xFF, 0xFF, 0x00, 0xBF, 0xFF, 0xD0, 0x1F, 0xF0, 0x00, 0x00, 0x2F, 0x00, 0x02,
    0xFF, 0x00, 0x00, 0x02, 0xD0, 0x00, 0x3F, 0xE0, 0x00, 0x00, 0x3C, 0x00, 0x03, 0xFD, 0x00, 0x00,
    0x03, 0xC0, 0x00, 0x7F, 0xC0, 0x00, 0x00, 0x78, 0x00, 0x0B, 0xFC, 0x00, 0x00, 0x0B, 0x40, 0x00,
    0xFF, 0x80, 0x00, 0x00, 0xF0, 0x00, 0x0F, 0xF4, 0x00, 0x00, 0x0F, 0x00, 0x01, 0xFF, 0x00, 0x00,
    0x01, 0xE0, 0x00, 0x2F, 0xF0, 0x00, 0x00, 0x2D, 0x00, 0x03, 0xFE, 0x00, 0x00, 0x03, 0xC0, 0x00,
    0x3F, 0xD0, 0x00, 0x00, 0x3C, 0x00, 0x07, 0xFC, 0x00, 0x00, 0x07, 0x80, 0x00, 0xBF, 0xC0, 0x00,
    0x00, 0xF4, 0x00, 0x0F, 0xF8, 0x00, 0x00, 0x0F, 0x00, 0x00, 0xFF, 0x40, 0x00, 0x03, 0xD0, 0x00,
    0x0B, 0xF4, 0x00, 0x00, 0xBC, 0x00, 0x00, 0x3F, 0x80, 0x00, 0x2F, 0x00, 0x00, 0x02, 0xFE, 0x00,
    0x6F, 0xC0, 0x00, 0x00, 0x07, 0xFF, 0xFF, 0xE0, 0x00, 0x00, 0x00, 0x06, 0xFF, 0x90, 0x00, 0x00,
    0x00, 0x00, 0x00, 0x1F, 0x80, 0x7D, 0x00, 0x00, 0x00, 0x03, 0xFC, 0x1F, 0xF0, 0x00, 0x00, 0x00,
    0xBF, 0xC3, 0xFF, 0x00, 0x00, 0x00, 0x0B, 0xFC, 0x2F, 0xE0, 0x00, 0x00, 0x00, 0x3E, 0x00, 0xF8,
    0x00, 0x00, 0x00, 0x00, 0x00, 0x00, 0x00, 0x00, 0x00, 0x00, 0x00, 0x00, 0x00, 0x00, 0x07, 0xFF,
    0xFF, 0xF0, 0x0B, 0xFF, 0xFD, 0x7F, 0xFF, 0xFF, 0x00, 0xBF, 0xFF, 0xD0, 0x1F, 0xF0, 0x00, 0x00,
    0x2F, 0x00, 0x02, 0xFF, 0x00, 0x00, 0x02, 0xD0, 0x00, 0x3F, 0xE0, 0x00, 0x00, 0x3C, 0x00, 0x03,
    0xFD, 0x00, 0x00, 0x03, 0xC0, 0x00, 0x7F, 0xC0, 0x00, 0x00, 0x78, 0x00, 0x0B, 0xFC, 0x00, 0x00,
    0x0B, 0x40, 0x00, 0xFF, 0x80, 0x00, 0x00, 0xF0, 0x00, 0x0F, 0xF4, 0x00, 0x00, 0x0F, 0x00, 0x01,
    0xFF, 0x00, 0x00, 0x01, 0xE0, 0x00, 0x2F, 0xF0, 0x00, 0x00, 0x2D, 0x00, 0x03, 0xFE, 0x00, 0x00,
    0x03, 0xC0, 0x00, 0x3F, 0xD0, 0x00, 0x00, 0x3C, 0x00, 0x07, 0xFC, 0x00, 0x00, 0x07, 0x80, 0x00,
    0xBF, 0xC0, 0x00, 0x00, 0xF4, 0x00, 0x0F, 0xF8, 0x00, 0x00, 0x0F, 0x00, 0x00, 0xFF, 0x40, 0x00,
    0x03, 0xD0, 0x00, 0x0B, 0xF4, 0x00, 0x00, 0xBC, 0x00, 0x00, 0x3F, 0x80, 0x00, 0x2F, 0x00, 0x00,
    0x02, 0xFE, 0x00, 0x6F, 0xC0, 0x00, 0x00, 0x07, 0xFF, 0xFF, 0xE0, 0x00, 0x00, 0x00, 0x06, 0xFF,
    0x90, 0x00, 0x00, 0x00, 0x00, 0x00, 0x00, 0x00, 0xB8, 0x00, 0x00, 0x00, 0x00, 0x01, 0xBF, 0xC0,
    0x00, 0x00, 0x00, 0x00, 0xFF, 0xF8, 0x00, 0x00, 0x00, 0x00, 0x0F, 0x94, 0x00, 0x00, 0x00, 0x00,
    0x00, 0x00, 0x00, 0x00, 0x00, 0x00, 0x00, 0x00, 0x00, 0x00, 0x00, 0xFF, 0xFF, 0xFC, 0x00, 0x3F,
    0xFF, 0xDF, 0xFF, 0xFF, 0xC0, 0x03, 0xFF, 0xFC, 0x03, 0xFF, 0x40, 0x00, 0x03, 0xE0, 0x00, 0x1F,
    0xF8, 0x00, 0x00, 0xB8, 0x00, 0x00, 0xFF, 0xC0, 0x00, 0x2F, 0x00, 0x00, 0x0B, 0xFD, 0x00, 0x07,
    0xC0, 0x00, 0x00, 0x7F, 0xE0, 0x01, 0xF0, 0x00, 0x00, 0x03, 0xFF, 0x00, 0x7D, 0x00, 0x00, 0x00,
    0x2F, 0xF4, 0x0F, 0x40, 0x00, 0x00, 0x01, 0xFF, 0xC3, 0xD0, 0x00, 0x00, 0x00, 0x0F, 0xFD, 0xF8,
    0x00, 0x00, 0x00, 0x00, 0xBF, 0xFE, 0x00, 0x00, 0x00, 0x00, 0x03, 0xFF, 0xC0, 0x00, 0x00, 0x00,
    0x00, 0x3F, 0xF0, 0x00, 0x00, 0x00, 0x00, 0x03, 0xFE, 0x00, 0x00, 0x00, 0x00, 0x00, 0x3F, 0xC0,
    0x00, 0x00, 0x00, 0x00, 0x07, 0xFC, 0x00, 0x00, 0x00, 0x00, 0x00, 0xBF, 0x80, 0x00, 0x00, 0x00,
    0x00, 0x0F, 0xF4, 0x00, 0x00, 0x00, 0x00, 0x00, 0xFF, 0x00, 0x00, 0x00, 0x00, 0x00, 0x1F, 0xF0,
    0x00, 0x00, 0x00, 0x00, 0xFF, 0xFF, 0xFC, 0x00, 0x00, 0x00, 0x0F, 0xFF, 0xFF, 0xC0, 0x00, 0x00,
    0x00, 0x00, 0x1F, 0xFF, 0xFF, 0x80, 0x00, 0x00, 0x7F, 0xFF, 0xFD, 0x00, 0x00, 0x00, 0x07, 0xFC,
    0x00, 0x00, 0x00, 0x00, 0x2F, 0xD0, 0x00, 0x00, 0x00, 0x00, 0xFF, 0xFF, 0xF9, 0x00, 0x00, 0x03,
    0xFF, 0xFF, 0xFF, 0x00, 0x00, 0x1F, 0xF0, 0x07, 0xFE, 0x00, 0x00, 0xBF, 0x80, 0x07, 0xFC, 0x00,
    0x03, 0xFD, 0x00, 0x0F, 0xF4, 0x00, 0x0F, 0xF0, 0x00, 0x7F, 0xD0, 0x00, 0x7F, 0x80, 0x02, 0xFF,
    0x00, 0x02, 0xFD, 0x00, 0x0F, 0xFC, 0x00, 0x0F, 0xF0, 0x00, 0x7F, 0xD0, 0x00, 0x3F, 0xC0, 0x03,
    0xFE, 0x00, 0x01, 0xFE, 0x00, 0xBF, 0xF0, 0x00, 0x0B, 0xFF, 0xFF, 0xFE, 0x00, 0x00, 0x3F, 0xFF,
    0xFE, 0x40, 0x00, 0x00, 0xFF, 0x00, 0x00, 0x00, 0x00, 0x07, 0xF8, 0x00, 0x00, 0x00, 0x00, 0x2F,
    0xD0, 0x00, 0x00, 0x00, 0x00, 0xFF, 0x40, 0x00, 0x00, 0x02, 0xFF, 0xFF, 0xF4, 0x00, 0x00, 0x0B,
    0xFF, 0xFF, 0xD0, 0x00, 0x00, 0x00, 0x00, 0x00, 0x00, 0x1B, 0xFF, 0x90, 0x00, 0x00, 0x00, 0xFD,
    0x02, 0xFC, 0x00, 0x00, 0x03, 0xF0, 0x00, 0xFE, 0x00, 0x00, 0x0B, 0xF0, 0x00, 0xFF, 0x00, 0x00,
    0x0F, 0xE0, 0x00, 0xFE, 0x00, 0x00, 0x1F, 0xD0, 0x00, 0xFC, 0x00, 0x00, 0x2F, 0xC0, 0x02, 0xF4,
    0x00, 0x00, 0x3F, 0xC0, 0x03, 0xE0, 0x00, 0x3F, 0xFF, 0xC0, 0x0B, 0xC0, 0x00, 0x3F, 0xFF, 0x80,
    0x2F, 0x00, 0x00, 0x00, 0x7F, 0x40, 0x3E, 0x00, 0x00, 0x00, 0x7F, 0x00, 0x7C, 0x00, 0x00, 0x00,
    0xBF, 0x00, 0xBC, 0x00, 0x00, 0x00, 0xFF, 0x00, 0xBF, 0x00, 0x00, 0x00, 0xFE, 0x00, 0xBF, 0x80,
    0x00, 0x00, 0xFD, 0x00, 0x3F, 0xD0, 0x00, 0x01, 0xFD, 0x00, 0x2F, 0xF0, 0x00, 0x02, 0xFC, 0x00,
    0x0F, 0xF0, 0x00, 0x02, 0xFC, 0x00, 0x0F, 0xF0, 0x00, 0x03, 0xFC, 0xB8, 0x0F, 0xF0, 0x00, 0x03,
    0xF8, 0xFC, 0x1F, 0xE0, 0x00, 0x07, 0xF4, 0xF4, 0x2F, 0x80, 0x00, 0x07, 0xF0, 0xF4, 0x7E, 0x00,
    0x00, 0x0B, 0xF0, 0x2F, 0xE4, 0x00, 0x00, 0x0F, 0xE0, 0x00, 0x00, 0x00, 0x00, 0x0F, 0xD0, 0x00,
    0x00, 0x00, 0x1F, 0x0F, 0xC0, 0x00, 0x00, 0x00, 0x3F, 0xAF, 0x40, 0x00, 0x00, 0x00, 0x7F, 0x7F,
    0x00, 0x00, 0x00, 0x00, 0x3E, 0xBC, 0x00, 0x00, 0x00, 0x00, 0x1F, 0xE0, 0x00, 0x00, 0x00, 0x00,
    0x00, 0x01, 0xE0, 0x00, 0x00, 0x00, 0x3F, 0x80, 0x00, 0x00, 0x07, 0xFE, 0x00, 0x00, 0x00, 0x2F,
    0xF4, 0x00, 0x00, 0x00, 0x2F, 0xC0, 0x00, 0x00, 0x00, 0x24, 0x00, 0x00, 0x00, 0x00, 0x00, 0x00,
    0x00, 0x00, 0x00, 0x00, 0x00, 0x07, 0xFE, 0x14, 0x00, 0x07, 0xE0, 0x7F, 0xD0, 0x01, 0xF8, 0x01,
    0xFD, 0x00, 0x7F, 0x00, 0x1F, 0xC0, 0x0F, 0xE0, 0x02, 0xFC, 0x02, 0xFD, 0x00, 0x3F, 0x80, 0x3F,
    0xC0, 0x03, 0xF4, 0x07, 0xF8, 0x00, 0x7F, 0x00, 0x7F, 0x40, 0x0B, 0xF0, 0x0B, 0xF4, 0x00, 0xFE,
    0x00, 0xBF, 0x00, 0x0F, 0xD1, 0xD7, 0xF0, 0x01, 0xFC, 0x2C, 0x3F, 0x00, 0x3F, 0xC3, 0x81, 0xF8,
    0x1F, 0xFC, 0xB0, 0x02, 0xFE, 0x42, 0xFC, 0x00, 0x00, 0x00, 0x00, 0x0B, 0x40, 0x00, 0x00, 0x07,
    0xFC, 0x00, 0x00, 0x02, 0xFF, 0xC0, 0x00, 0x00, 0xFF, 0xE0, 0x00, 0x00, 0x0F, 0x90, 0x00, 0x00,
    0x00, 0x00, 0x00, 0x00, 0x00, 0x00, 0x00, 0x00, 0x00, 0x00, 0x00, 0x00, 0x00, 0x07, 0xFE, 0x14,
    0x00, 0x07, 0xE0, 0x7F, 0xD0, 0x01, 0xF8, 0x01, 0xFD, 0x00, 0x7F, 0x00, 0x1F, 0xC0, 0x0F, 0xE0,
    0x02, 0xFC, 0x02, 0xFD, 0x00, 0x3F, 0x80, 0x3F, 0xC0, 0x03, 0xF4, 0x07, 0xF8, 0x00, 0x7F, 0x00,
    0x7F, 0x40, 0x0B, 0xF0, 0x0B, 0xF4, 0x00, 0xFE, 0x00, 0xBF, 0x00, 0x0F, 0xD1, 0xD7, 0xF0, 0x01,
    0xFC, 0x2C, 0x3F, 0x00, 0x3F, 0xC3, 0x81, 0xF8, 0x1F, 0xFC, 0xB0, 0x02, 0xFE, 0x42, 0xFC, 0x00,
    0x00, 0x00, 0x02, 0x80, 0x00, 0x00, 0x00, 0xBC, 0x00, 0x00, 0x00, 0x2F, 0xF0, 0x00, 0x00, 0x0B,
    0xCF, 0x40, 0x00, 0x02, 0xE0, 0x7C, 0x00, 0x00, 0x78, 0x02, 0xD0, 0x00, 0x0D, 0x00, 0x0E, 0x00,
    0x00, 0x7F, 0xE1, 0x40, 0x00, 0x7E, 0x07, 0xFD, 0x00, 0x1F, 0x80, 0x1F, 0xD0, 0x07, 0xF0, 0x01,
    0xFC, 0x00, 0xFE, 0x00, 0x2F, 0xC0, 0x2F, 0xD0, 0x03, 0xF8, 0x03, 0xFC, 0x00, 0x3F, 0x40, 0x7F,
    0x80, 0x07, 0xF0, 0x07, 0xF4, 0x00, 0xBF, 0x00, 0xBF, 0x40, 0x0F, 0xE0, 0x0B, 0xF0, 0x00, 0xFD,
    0x1D, 0x7F, 0x00, 0x1F, 0xC2, 0xC3, 0xF0, 0x03, 0xFC, 0x38, 0x1F, 0x81, 0xFF, 0xCB, 0x00, 0x2F,
    0xE4, 0x2F, 0xC0, 0x00, 0x02, 0xF4, 0x02, 0x40, 0x00, 0xD2, 0xE1, 0xD0, 0x00, 0x60, 0x0B, 0xE0,
    0x00, 0x00, 0x00, 0x00, 0x00, 0x00, 0x00, 0x00, 0x00, 0x00, 0x00, 0x00, 0x00, 0x00, 0x00, 0x07,
    0xFE, 0x14, 0x00, 0x07, 0xE0, 0x7F, 0xD0, 0x01, 0xF8, 0x01, 0xFD, 0x00, 0x7F, 0x00, 0x1F, 0xC0,
    0x0F, 0xE0, 0x02, 0xFC, 0x02, 0xFD, 0x00, 0x3F, 0x80, 0x3F, 0xC0, 0x03, 0xF4, 0x07, 0xF8, 0x00,
    0x7F, 0x00, 0x7F, 0x40, 0x0B, 0xF0, 0x0B, 0xF4, 0x00, 0xFE, 0x00, 0xBF, 0x00, 0x0F, 0xD1, 0xD7,
    0xF0, 0x01, 0xFC, 0x2C, 0x3F, 0x00, 0x3F, 0xC3, 0x81, 0xF8, 0x1F, 0xFC, 0xB0, 0x02, 0xFE, 0x42,
    0xFC, 0x00, 0x00, 0x02, 0xF0, 0x0B, 0x80, 0x00, 0xBF, 0x83, 0xFE, 0x00, 0x0F, 0xFC, 0x3F, 0xE0,
    0x00, 0xFF, 0x43, 0xFC, 0x00, 0x07, 0xD0, 0x2F, 0x40, 0x00, 0x00, 0x00, 0x00, 0x00, 0x00, 0x00,
    0x00, 0x00, 0x00, 0x00, 0x00, 0x00, 0x00, 0x07, 0xFE, 0x14, 0x00, 0x07, 0xE0, 0x7F, 0xD0, 0x01,
    0xF8, 0x01, 0xFD, 0x00, 0x7F, 0x00, 0x1F, 0xC0, 0x0F, 0xE0, 0x02, 0xFC, 0x02, 0xFD, 0x00, 0x3F,
    0x80, 0x3F, 0xC0, 0x03, 0xF4, 0x07, 0xF8, 0x00, 0x7F, 0x00, 0x7F, 0x40, 0x0B, 0xF0, 0x0B, 0xF4,
    0x00, 0xFE, 0x00, 0xBF, 0x00, 0x0F, 0xD1, 0xD7, 0xF0, 0x01, 0xFC, 0x2C, 0x3F, 0x00, 0x3F, 0xC3,
    0xC1, 0xF8, 0x1F, 0xFC, 0xB0, 0x02, 0xFE, 0x42, 0xFC, 0x00, 0x00, 0x00, 0x6F, 0xD0, 0x00, 0x00,
    0x1D, 0x0B, 0x00, 0x00, 0x03, 0x80, 0x74, 0x00, 0x00, 0x74, 0x0B, 0x00, 0x00, 0x03, 0x81, 0xD0,
    0x00, 0x00, 0x1F, 0xE4, 0x00, 0x00, 0x00, 0x00, 0x00, 0x00, 0x00, 0x7F, 0xE1, 0x40, 0x00, 0x7E,
    0x07, 0xFD, 0x00, 0x1F, 0x80, 0x1F, 0xD0, 0x07, 0xF0, 0x01, 0xFC, 0x00, 0xFE, 0x00, 0x2F, 0xC0,
    0x2F, 0xD0, 0x03, 0xF8, 0x03, 0xFC, 0x00, 0x3F, 0x40, 0x7F, 0x80, 0x07, 0xF0, 0x07, 0xF4, 0x00,
    0xBF, 0x00, 0xBF, 0x40, 0x0F, 0xE0, 0x0B, 0xF0, 0x00, 0xFD, 0x1D, 0x7F, 0x00, 0x1F, 0xC2, 0xC3,
    0xF0, 0x03, 0xFC, 0x38, 0x1F, 0x81, 0xFF, 0xCB, 0x00, 0x2F, 0xE4, 0x2F, 0xC0, 0x00, 0x07, 0xFE,
    0x3D, 0x6F, 0xF4, 0x00, 0x1F, 0x81, 0xFF, 0xF9, 0x0B, 0x80, 0x1F, 0x80, 0x1F, 0xF8, 0x00, 0xF0,
    0x1F, 0xC0, 0x03, 0xFC, 0x00, 0x3C, 0x0F, 0xE0, 0x01, 0xFC, 0x00, 0x0F, 0x0B, 0xF4, 0x00, 0xBF,
    0x00, 0x0F, 0x83, 0xFC, 0x00, 0x3F, 0x40, 0x6F, 0x80, 0xFF, 0x00, 0x0F, 0xFF, 0xF9, 0x00, 0x7F,
    0x80, 0x03, 0xF0, 0x00, 0x00, 0x1F, 0xD0, 0x01, 0xF8, 0x00, 0x00, 0x07, 0xF0, 0x00, 0xBE, 0x00,
    0x00, 0x01, 0xFC, 0x00, 0x3F, 0x80, 0x00, 0x20, 0x3F, 0x00, 0x3E, 0xF0, 0x00, 0x7C, 0x07, 0xE0,
    0x7C, 0x3E, 0x01, 0xBC, 0x00, 0x2F, 0xE4, 0x01, 0xFF, 0xE4, 0x00, 0x00, 0x02, 0xFF, 0x80, 0x00,
    0xBD, 0x07, 0xC0, 0x0F, 0xC0, 0x3F, 0x40, 0xFD, 0x01, 0xFD, 0x0F, 0xF0, 0x03, 0xE0, 0x7F, 0x40,
    0x00, 0x03, 0xFC, 0x00, 0x00, 0x0F, 0xF0, 0x00, 0x00, 0x7F, 0x80, 0x00, 0x01, 0xFD, 0x00, 0x00,
    0x07, 0xF0, 0x00, 0x00, 0x1F, 0xC0, 0x00, 0x08, 0x3F, 0x40, 0x00, 0xF4, 0x3F, 0x00, 0x1F, 0x40,
    0x2F, 0xFF, 0x90, 0x00, 0x0F, 0xD0, 0x00, 0x00, 0x7F, 0xD0, 0x00, 0x00, 0x2F, 0xD0, 0x00, 0x00,
    0x3F, 0x40, 0x00, 0x07, 0xFC, 0x00, 0x3F, 0xFE, 0x40, 0x00, 0x00, 0x07, 0xC0, 0x00, 0x00, 0x3F,
    0x80, 0x00, 0x00, 0xFF, 0x80, 0x00, 0x02, 0xFF, 0x40, 0x00, 0x00, 0xBF, 0x00, 0x00, 0x00, 0x24,
    0x00, 0x00, 0x00, 0x00, 0x00, 0x00, 0x00, 0x00, 0x00, 0x06, 0xFF, 0x80, 0x01, 0xFD, 0x07, 0xC0,
    0x1F, 0xC0, 0x0B, 0x41, 0xFC, 0x00, 0x3D, 0x0F, 0xE0, 0x01, 0xF0, 0xBF, 0x01, 0x7F, 0x03, 0xFF,
    0xFE, 0x90, 0x1F, 0xE0, 0x00, 0x00, 0x7F, 0x40, 0x00, 0x01, 0xFC, 0x00, 0x00, 0x07, 0xF0, 0x00,
    0x00, 0x0F, 0xD0, 0x00, 0x1D, 0x1F, 0x80, 0x02, 0xF0, 0x2F, 0x40, 0x7E, 0x00, 0x1B, 0xFF, 0x80,
    0x00, 0x00, 0x00, 0x00, 0x2E, 0x00, 0x00, 0x00, 0x7F, 0xC0, 0x00, 0x00, 0xBF, 0xF0, 0x00, 0x00,
    0xFF, 0xE0, 0x00, 0x00, 0x3E, 0x40, 0x00, 0x00, 0x00, 0x00, 0x00, 0x00, 0x00, 0x00, 0x00, 0x00,
    0x00, 0x00, 0x00, 0x00, 0x06, 0xFF, 0x80, 0x00, 0x1F, 0xD0, 0x7C, 0x00, 0x1F, 0xC0, 0x0B, 0x80,
    0x1F, 0xC0, 0x03, 0xD0, 0x0F, 0xE0, 0x01, 0xF0, 0x0B, 0xF0, 0x17, 0xF0, 0x03, 0xFF, 0xFE, 0x90,
    0x01, 0xFE, 0x00, 0x00, 0x00, 0x7F, 0x40, 0x00, 0x00, 0x1F, 0xC0, 0x00, 0x00, 0x07, 0xF0, 0x00,
    0x00, 0x00, 0xFD, 0x00, 0x01, 0xD0, 0x1F, 0x80, 0x02, 0xF0, 0x02, 0xF4, 0x07, 0xE0, 0x00, 0x1B,
    0xFF, 0x80, 0x00, 0x00, 0x00, 0x0E, 0x00, 0x00, 0x01, 0xFD, 0x00, 0x00, 0x1F, 0xFD, 0x00, 0x02,
    0xF8, 0xFC, 0x00, 0x3F, 0x40, 0xF8, 0x00, 0xE0, 0x00, 0xE0, 0x00, 0x00, 0x00, 0x00, 0x01, 0xBF,
    0xE0, 0x00, 0x3F, 0x41, 0xF0, 0x07, 0xF0, 0x03, 0xD0, 0x3F, 0x40, 0x0B, 0x83, 0xFC, 0x00, 0x3D,
    0x1F, 0xD0, 0x02, 0xF0, 0xFF, 0x01, 0xBE, 0x03, 0xFF, 0xFE, 0x40, 0x1F, 0xE0, 0x00, 0x00, 0x7F,
    0x40, 0x00, 0x01, 0xFC, 0x00, 0x00, 0x03, 0xF0, 0x00, 0x02, 0x4B, 0xD0, 0x00, 0x7D, 0x0F, 0xD0,
    0x1F, 0xD0, 0x06, 0xFF, 0xE4, 0x00, 0x00, 0x0B, 0xC0, 0x2F, 0x00, 0x0B, 0xFC, 0x3F, 0xE0, 0x03,
    0xFF, 0x0F, 0xF8, 0x00, 0xFF, 0x43, 0xFC, 0x00, 0x1F, 0x40, 0x7D, 0x00, 0x00, 0x00, 0x00, 0x00,
    0x00, 0x00, 0x00, 0x00, 0x00, 0x00, 0x00, 0x00, 0x00, 0x06, 0xFF, 0x80, 0x00, 0x1F, 0xD0, 0x7C,
    0x00, 0x1F, 0xC0, 0x0B, 0x80, 0x1F, 0xC0, 0x03, 0xD0, 0x0F, 0xE0, 0x01, 0xF0, 0x0B, 0xF0, 0x17,
    0xF0, 0x03, 0xFF, 0xFE, 0x90, 0x01, 0xFE, 0x00, 0x00, 0x00, 0x7F, 0x40, 0x00, 0x00, 0x1F, 0xC0,
    0x00, 0x00, 0x07, 0xF0, 0x00, 0x00, 0x00, 0xFD, 0x00, 0x01, 0xD0, 0x1F, 0x80, 0x02, 0xF0, 0x02,
    0xF4, 0x07, 0xE0, 0x00, 0x1B, 0xFF, 0x80, 0x00, 0x00, 0x7C, 0x00, 0x03, 0xFC, 0x00, 0x0F, 0xF8,
    0x00, 0x2F, 0xF4, 0x00, 0x0B, 0xF0, 0x00, 0x02, 0x80, 0x00, 0x00, 0x00, 0x00, 0x00, 0x01, 0xFD,
    0x00, 0x2D, 0x7E, 0x01, 0xD1, 0xFC, 0x0F, 0x0B, 0xF0, 0x74, 0x3F, 0x80, 0x01, 0xFC, 0x00, 0x0F,
    0xF0, 0x00, 0x3F, 0x40, 0x02, 0xFC, 0x00, 0x0F, 0xE0, 0x00, 0x3F, 0x43, 0x82, 0xFC, 0x1D, 0x0B,
    0xE0, 0xF0, 0x1F, 0x8F, 0x00, 0x1F, 0xE0, 0x00, 0x00, 0x00, 0x02, 0xE0, 0x00, 0x00, 0x7F, 0xC0,
    0x00, 0x0B, 0xFF, 0x00, 0x00, 0xFF, 0xF0, 0x00, 0x03, 0xE4, 0x00, 0x00, 0x00, 0x00, 0x00, 0x00,
    0x00, 0x00, 0x00, 0x00, 0x00, 0x00, 0x01, 0xFD, 0x00, 0x00, 0x2D, 0x7E, 0x00, 0x01, 0xD1, 0xFC,
    0x00, 0x0F, 0x0B, 0xF0, 0x00, 0x74, 0x3F, 0x80, 0x00, 0x01, 0xFC, 0x00, 0x00, 0x0F, 0xF0, 0x00,
    0x00, 0x3F, 0x40, 0x00, 0x02, 0xFC, 0x00, 0x00, 0x0F, 0xE0, 0x00, 0x00, 0x3F, 0x43, 0x80, 0x02,
    0xFC, 0x1D, 0x00, 0x0B, 0xE0, 0xF0, 0x00, 0x1F, 0x8F, 0x00, 0x00, 0x1F, 0xE0, 0x00, 0x00, 0x00,
    0x07, 0x40, 0x00, 0x2F, 0xC0, 0x00, 0xFF, 0xF0, 0x03, 0xF5, 0xF8, 0x1F, 0xC0, 0x7D, 0x1D, 0x00,
    0x1D, 0x00, 0x00, 0x00, 0x01, 0xFD, 0x00, 0x0B, 0x5F, 0x80, 0x1D, 0x1F, 0xC0, 0x3C, 0x2F, 0xC0,
    0x74, 0x3F, 0x80, 0x00, 0x7F, 0x00, 0x00, 0xFF, 0x00, 0x00, 0xFD, 0x00, 0x02, 0xFC, 0x00, 0x03,
    0xF8, 0x00, 0x03, 0xF4, 0x38, 0x0B, 0xF0, 0x74, 0x0B, 0xE0, 0xF0, 0x07, 0xE3, 0xC0, 0x01, 0xFE,
    0x00, 0x00, 0xBC, 0x02, 0xF0, 0x0B, 0xFC, 0x2F, 0xE0, 0x3F, 0xF0, 0xFF, 0x80, 0xFF, 0x43, 0xFD,
    0x01, 0xF8, 0x07, 0xD0, 0x00, 0x00, 0x00, 0x00, 0x00, 0x00, 0x00, 0x00, 0x00, 0x00, 0x00, 0x01,
    0xFD, 0x00, 0x00, 0x2D, 0x7E, 0x00, 0x01, 0xD1, 0xFC, 0x00, 0x0F, 0x0B, 0xF0, 0x00, 0x74, 0x3F,
    0x80, 0x00, 0x01, 0xFC, 0x00, 0x00, 0x0F, 0xF0, 0x00, 0x00, 0x3F, 0x40, 0x00, 0x02, 0xFC, 0x00,
    0x00, 0x0F, 0xE0, 0x00, 0x00, 0x3F, 0x43, 0x80, 0x02, 0xFC, 0x1D, 0x00, 0x0B, 0xE0, 0xF0, 0x00,
    0x1F, 0x8F, 0x00, 0x00, 0x1F, 0xE0, 0x00, 0x00, 0x00, 0x00, 0x00, 0x00, 0x00, 0x00, 0x3E, 0x40,
    0x24, 0x00, 0x01, 0xFF, 0x6F, 0x40, 0x00, 0x02, 0xFF, 0x80, 0x00, 0x00, 0x1F, 0xF8, 0x00, 0x00,
    0x1F, 0xBF, 0xD0, 0x00, 0x01, 0x80, 0xFF, 0x00, 0x00, 0x00, 0x0B, 0xF4, 0x00, 0x00, 0x00, 0x7F,
    0xC0, 0x00, 0x2F, 0xFB, 0xFC, 0x00, 0x2F, 0x41, 0xFF, 0xC0, 0x0F, 0xC0, 0x07, 0xFC, 0x03, 0xF0,
    0x00, 0x3F, 0xC0, 0xFE, 0x00, 0x03, 0xFC, 0x1F, 0xD0, 0x00, 0x3F, 0xC3, 0xFC, 0x00, 0x07, 0xF8,
    0x3F, 0xC0, 0x00, 0xBF, 0x47, 0xF8, 0x00, 0x0F, 0xF0, 0x7F, 0x40, 0x00, 0xFE, 0x07, 0xF0, 0x00,
    0x2F, 0xC0, 0x7F, 0x00, 0x03, 0xF4, 0x03, 0xF4, 0x00, 0xBD, 0x00, 0x0F, 0xD0, 0x7F, 0x00, 0x00,
    0x1F, 0xFE, 0x00, 0x00, 0x00, 0x00, 0x07, 0xE0, 0x0A, 0x00, 0x00, 0x0D, 0x2E, 0x1D, 0x00, 0x00,
    0x18, 0x01, 0xF8, 0x00, 0x00, 0x00, 0x00, 0x00, 0x00, 0x00, 0x00, 0x00, 0x00, 0x00, 0x00, 0x00,
    0x00, 0x00, 0x00, 0x00, 0x2F, 0x80, 0x6F, 0xE0, 0x00, 0x38, 0xFC, 0xF4, 0x3F, 0x40, 0x2C, 0x3F,
    0xE0, 0x07, 0xF0, 0x0F, 0x0F, 0xF0, 0x01, 0xFC, 0x07, 0x47, 0xF4, 0x00, 0xBF, 0x00, 0x42, 0xFC,
    0x00, 0x3F, 0x80, 0x00, 0xFE, 0x00, 0x0F, 0xD0, 0x00, 0x3F, 0x40, 0x0B, 0xF0, 0x00, 0x1F, 0xC0,
    0x03, 0xF8, 0x00, 0x0B, 0xF0, 0x00, 0xFD, 0x00, 0x03, 0xF8, 0x00, 0xBF, 0x07, 0x40, 0xFD, 0x00,
    0x3F, 0x82, 0xC0, 0x7F, 0x00, 0x0F, 0xD0, 0xE0, 0x2F, 0xC0, 0x02, 0xF5, 0xE0, 0x07, 0xD0, 0x00,
    0x1F, 0xD0, 0x00, 0x00, 0x01, 0xE0, 0x00, 0x00, 0x00, 0xFE, 0x00, 0x00, 0x00, 0x3F, 0xE0, 0x00,
    0x00, 0x0B, 0xFD, 0x00, 0x00, 0x00, 0x2F, 0xC0, 0x00, 0x00, 0x00, 0x90, 0x00, 0x00, 0x00, 0x00,
    0x00, 0x00, 0x00, 0x00, 0x00, 0x00, 0x06, 0xFF, 0x90, 0x00, 0x0F, 0xD0, 0x7F, 0x00, 0x1F, 0xC0,
    0x07, 0xF0, 0x0F, 0xD0, 0x00, 0xFD, 0x0F, 0xE0, 0x00, 0x3F, 0x87, 0xF4, 0x00, 0x0F, 0xE3, 0xFC,
    0x00, 0x07, 0xF8, 0xFE, 0x00, 0x02, 0xFD, 0x7F, 0x80, 0x00, 0xFF, 0x1F, 0xD0, 0x00, 0x3F, 0x87,
    0xF0, 0x00, 0x2F, 0xC0, 0xFC, 0x00, 0x0F, 0xD0, 0x2F, 0x40, 0x0F, 0xD0, 0x03, 0xF4, 0x1F, 0xC0,
    0x00, 0x1B, 0xFE, 0x40, 0x00, 0x00, 0x00, 0x00, 0x0B, 0x40, 0x00, 0x00, 0x1F, 0xF0, 0x00, 0x00,
    0x2F, 0xFC, 0x00, 0x00, 0x3F, 0xF8, 0x00, 0x00, 0x0F, 0x90, 0x00, 0x00, 0x00, 0x00, 0x00, 0x00,
    0x00, 0x00, 0x00, 0x00, 0x00, 0x00, 0x00, 0x00, 0x06, 0xFF, 0x90, 0x00, 0x0F, 0xD0, 0x7F, 0x00,
    0x1F, 0xC0, 0x07, 0xF0, 0x0F, 0xD0, 0x00, 0xFD, 0x0F, 0xE0, 0x00, 0x3F, 0x87, 0xF4, 0x00, 0x0F,
    0xE3, 0xFC, 0x00, 0x07, 0xF8, 0xFE, 0x00, 0x02, 0xFD, 0x7F, 0x80, 0x00, 0xFF, 0x1F, 0xD0, 0x00,
    0x3F, 0x87, 0xF0, 0x00, 0x2F, 0xC0, 0xFC, 0x00, 0x0F, 0xD0, 0x2F, 0x40, 0x0F, 0xD0, 0x03, 0xF4,
    0x1F, 0xC0, 0x00, 0x1B, 0xFE, 0x40, 0x00, 0x00, 0x00, 0x02, 0x80, 0x00, 0x00, 0x02, 0xF0, 0x00,
    0x00, 0x02, 0xFF, 0x00, 0x00, 0x02, 0xF3, 0xD0, 0x00, 0x02, 0xE0, 0x7C, 0x00, 0x01, 0xE0, 0x0B,
    0x80, 0x00, 0xD0, 0x00, 0xA0, 0x00, 0x1B, 0xFE, 0x40, 0x00, 0x3F, 0x41, 0xFC, 0x00, 0x7F, 0x00,
    0x1F, 0xC0, 0x3F, 0x40, 0x03, 0xF4, 0x3F, 0x80, 0x00, 0xFE, 0x1F, 0xD0, 0x00, 0x3F, 0x8F, 0xF0,
    0x00, 0x1F, 0xE3, 0xF8, 0x00, 0x0B, 0xF5, 0xFE, 0x00, 0x03, 0xFC, 0x7F, 0x40, 0x00, 0xFE, 0x1F,
    0xC0, 0x00, 0xBF, 0x03, 0xF0, 0x00, 0x3F, 0x40, 0xBD, 0x00, 0x3F, 0x40, 0x0F, 0xD0, 0x7F, 0x00,
    0x00, 0x6F, 0xF9, 0x00, 0x00, 0x00, 0x00, 0x7E, 0x00, 0x90, 0x00, 0x34, 0xB8, 0x74, 0x00, 0x18,
    0x01, 0xF8, 0x00, 0x00, 0x00, 0x00, 0x00, 0x00, 0x00, 0x00, 0x00, 0x00, 0x00, 0x00, 0x00, 0x00,
    0x00, 0x06, 0xFF, 0x90, 0x00, 0x03, 0xF4, 0x1F, 0xC0, 0x01, 0xFC, 0x00, 0x7F, 0x00, 0x3F, 0x40,
    0x03, 0xF4, 0x0F, 0xE0, 0x00, 0x3F, 0x81, 0xFD, 0x00, 0x03, 0xF8, 0x3F, 0xC0, 0x00, 0x7F, 0x83,
    0xF8, 0x00, 0x0B, 0xF4, 0x7F, 0x80, 0x00, 0xFF, 0x07, 0xF4, 0x00, 0x0F, 0xE0, 0x7F, 0x00, 0x02,
    0xFC, 0x03, 0xF0, 0x00, 0x3F, 0x40, 0x2F, 0x40, 0x0F, 0xD0, 0x00, 0xFD, 0x07, 0xF0, 0x00, 0x01,
    0xBF, 0xE4, 0x00, 0x00, 0x00, 0x02, 0xF0, 0x0B, 0x80, 0x00, 0xBF, 0x83, 0xFE, 0x00, 0x0F, 0xFC,
    0x3F, 0xE0, 0x00, 0xFF, 0x43, 0xFC, 0x00, 0x07, 0xD0, 0x2F, 0x40, 0x00, 0x00, 0x00, 0x00, 0x00,
    0x00, 0x00, 0x00, 0x00, 0x00, 0x00, 0x00, 0x00, 0x00, 0x06, 0xFF, 0x90, 0x00, 0x03, 0xF4, 0x1F,
    0xC0, 0x01, 0xFC, 0x00, 0x7F, 0x00, 0x3F, 0x40, 0x03, 0xF4, 0x0F, 0xE0, 0x00, 0x3F, 0x81, 0xFD,
    0x00, 0x03, 0xF8, 0x3F, 0xC0, 0x00, 0x7F, 0x83, 0xF8, 0x00, 0x0B, 0xF4, 0x7F, 0x80, 0x00, 0xFF,
    0x07, 0xF4, 0x00, 0x0F, 0xE0, 0x7F, 0x00, 0x02, 0xFC, 0x03, 0xF0, 0x00, 0x3F, 0x40, 0x2F, 0x40,
    0x0F, 0xD0, 0x00, 0xFD, 0x07, 0xF0, 0x00, 0x01, 0xBF, 0xE4, 0x00, 0x00, 0x00, 0x00, 0x00, 0xBE,
    0x00, 0x00, 0x00, 0x00, 0x02, 0xFF, 0x40, 0x00, 0x00, 0x00, 0x03, 0xFF, 0x80, 0x00, 0x00, 0x00,
    0x07, 0xFF, 0x40, 0x00, 0x00, 0x00, 0x03, 0xFF, 0x00, 0x00, 0x00, 0x00, 0x01, 0xF8, 0x00, 0x00,
    0x00, 0x00, 0x00, 0x00, 0x00, 0x00, 0x00, 0x00, 0x00, 0x00, 0x00, 0x00, 0x00, 0x00, 0x00, 0x00,
    0x00, 0x00, 0x00, 0x00, 0x00, 0x00, 0x00, 0x00, 0x00, 0x00, 0x00, 0x00, 0x00, 0x00, 0xBF, 0xFF,
    0xFF, 0xFF, 0xFF, 0xFC, 0x00, 0x00, 0x00, 0x00, 0x00, 0x00, 0x00, 0x00, 0x00, 0x00, 0x00, 0x00,
    0x00, 0x00, 0x00, 0x00, 0x00, 0x00, 0x00, 0x00, 0x00, 0x00, 0x00, 0x00, 0x00, 0x00, 0xBE, 0x00,
    0x00, 0x00, 0x00, 0x02, 0xFF, 0x40, 0x00, 0x00, 0x00, 0x07, 0xFF, 0x80, 0x00, 0x00, 0x00, 0x07,
    0xFF, 0x40, 0x00, 0x00, 0x00, 0x03, 0xFF, 0x00, 0x00, 0x00, 0x00, 0x01, 0xF8, 0x00, 0x00, 0x00,
    0x00, 0x00, 0x00, 0x00, 0x00, 0x00, 0x00, 0x00, 0x00, 0xD0, 0x00, 0x00, 0x00, 0x0F, 0x00, 0x00,
    0x00, 0x00, 0xB0, 0x00, 0x00, 0xBF, 0xEB, 0x00, 0x00, 0x2F, 0x41, 0xFC, 0x00, 0x03, 0xF0, 0x03,
    0xF8, 0x00, 0x3F, 0x00, 0x3B, 0xF0, 0x02, 0xF8, 0x02, 0xCF, 0xD0, 0x0F, 0xC0, 0x2C, 0x3F, 0x40,
    0xBF, 0x01, 0xC0, 0xFD, 0x03, 0xF4, 0x0D, 0x07, 0xF0, 0x0F, 0xC0, 0xE0, 0x2F, 0xC0, 0x7F, 0x0E,
    0x00, 0xFD, 0x00, 0xFC, 0xB0, 0x07, 0xF0, 0x03, 0xFB, 0x00, 0x3F, 0x00, 0x0B, 0xF4, 0x03, 0xF0,
    0x00, 0x0F, 0xD0, 0x7E, 0x00, 0x00, 0x3A, 0xFF, 0x80, 0x00, 0x03, 0x80, 0x00, 0x00, 0x00, 0x2C,
    0x00, 0x00, 0x00, 0x01, 0xC0, 0x00, 0x00, 0x00, 0x00, 0x00, 0x00, 0x00, 0x00, 0x00, 0x00, 0x00,
    0x2D, 0x00, 0x00, 0x00, 0x00, 0xBF, 0x00, 0x00, 0x00, 0x00, 0xFF, 0xC0, 0x00, 0x00, 0x00, 0x7F,
    0xF0, 0x00, 0x00, 0x00, 0x0B, 0xF4, 0x00, 0x00, 0x00, 0x00, 0x60, 0x00, 0x00, 0x00, 0x00, 0x00,
    0x00, 0x00, 0x00, 0x00, 0x00, 0x00, 0x01, 0xFD, 0x00, 0x03, 0xC0, 0x0B, 0x5F, 0x80, 0x0F, 0xE0,
    0x1D, 0x1F, 0xC0, 0x0F, 0xD0, 0x3C, 0x2F, 0xC0, 0x1F, 0xC0, 0x78, 0x3F, 0x80, 0x2F, 0xC0, 0x10,
    0x7F, 0x00, 0x3F, 0x80, 0x00, 0xBF, 0x00, 0x3F, 0x40, 0x00, 0xFE, 0x00, 0x7F, 0x00, 0x01, 0xFC,
    0x00, 0xBF, 0x00, 0x02, 0xFC, 0x00, 0xFE, 0x00, 0x02, 0xF8, 0x00, 0xFD, 0x1D, 0x02, 0xF8, 0x01,
    0xFC, 0x2C, 0x02, 0xF8, 0x03, 0xFC, 0x3C, 0x00, 0xFC, 0x1F, 0xFC, 0xB0, 0x00, 0x2F, 0xF4, 0x2F,
    0xC0, 0x00, 0x00, 0x00, 0x01, 0xF0, 0x00, 0x00, 0x00, 0x0F, 0xF4, 0x00, 0x00, 0x00, 0x7F, 0xF0,
    0x00, 0x00, 0x02, 0xFF, 0xD0, 0x00, 0x00, 0x03, 0xE4, 0x00, 0x00, 0x00, 0x00, 0x00, 0x00, 0x00,
    0x00, 0x00, 0x00, 0x00, 0x00, 0x00, 0x00, 0x00, 0x00, 0x01, 0xFD, 0x00, 0x03, 0xC0, 0x0B, 0x5F,
    0x80, 0x0F, 0xE0, 0x1D, 0x1F, 0xC0, 0x0F, 0xD0, 0x3C, 0x2F, 0xC0, 0x1F, 0xC0, 0x78, 0x3F, 0x80,
    0x2F, 0xC0, 0x10, 0x7F, 0x00, 0x3F, 0x80, 0x00, 0xBF, 0x00, 0x3F, 0x40, 0x00, 0xFE, 0x00, 0x7F,
    0x00, 0x01, 0xFC, 0x00, 0xBF, 0x00, 0x02, 0xFC, 0x00, 0xFE, 0x00, 0x02, 0xF8, 0x00, 0xFD, 0x1D,
    0x02, 0xF8, 0x01, 0xFC, 0x2C, 0x02, 0xF8, 0x03, 0xFC, 0x3C, 0x00, 0xFC, 0x1F, 0xFC, 0xB0, 0x00,
    0x2F, 0xF4, 0x2F, 0xC0, 0x00, 0x00, 0x00, 0x70, 0x00, 0x00, 0x00, 0x02, 0xFC, 0x00, 0x00, 0x00,
    0x0F, 0xFE, 0x00, 0x00, 0x00, 0x7F, 0x5F, 0x40, 0x00, 0x02, 0xF8, 0x0B, 0xC0, 0x00, 0x02, 0xC0,
    0x01, 0xC0, 0x00, 0x00, 0x00, 0x00, 0x00, 0x01, 0xFD, 0x00, 0x03, 0xC0, 0x0B, 0x5F, 0x80, 0x0F,
    0xE0, 0x1D, 0x1F, 0xC0, 0x0F, 0xD0, 0x3C, 0x2F, 0xC0, 0x1F, 0xC0, 0x78, 0x3F, 0x80, 0x2F, 0xC0,
    0x10, 0x7F, 0x00, 0x3F, 0x80, 0x00, 0xBF, 0x00, 0x3F, 0x40, 0x00, 0xFE, 0x00, 0x7F, 0x00, 0x01,
    0xFC, 0x00, 0xBF, 0x00, 0x02, 0xFC, 0x00, 0xFE, 0x00, 0x02, 0xF8, 0x00, 0xFD, 0x1D, 0x02, 0xF8,
    0x01, 0xFC, 0x2C, 0x02, 0xF8, 0x03, 0xFC, 0x3C, 0x00, 0xFC, 0x1F, 0xFC, 0xB0, 0x00, 0x2F, 0xF4,
    0x2F, 0xC0, 0x00, 0x00, 0x7E, 0x01, 0xF4, 0x00, 0x00, 0xFF, 0x07, 0xFC, 0x00, 0x02, 0xFF, 0x4B,
    0xFC, 0x00, 0x02, 0xFF, 0x0B, 0xF8, 0x00, 0x00, 0xB8, 0x03, 0xE0, 0x00, 0x00, 0x00, 0x00, 0x00,
    0x00, 0x00, 0x00, 0x00, 0x00, 0x00, 0x00, 0x00, 0x00, 0x00, 0x01, 0xFD, 0x00, 0x03, 0xC0, 0x0B,
    0x5F, 0x80, 0x0F, 0xE0, 0x1D, 0x1F, 0xC0, 0x0F, 0xD0, 0x3C, 0x2F, 0xC0, 0x1F, 0xC0, 0x78, 0x3F,
    0x80, 0x2F, 0xC0, 0x10, 0x7F, 0x00, 0x3F, 0x80, 0x00, 0xBF, 0x00, 0x3F, 0x40, 0x00, 0xFE, 0x00,
    0x7F, 0x00, 0x01, 0xFC, 0x00, 0xBF, 0x00, 0x02, 0xFC, 0x00, 0xFE, 0x00, 0x02, 0xF8, 0x00, 0xFD,
    0x1D, 0x02, 0xF8, 0x01, 0xFC, 0x2C, 0x02, 0xF8, 0x03, 0xFC, 0x3C, 0x00, 0xFC, 0x1F, 0xFC, 0xB0,
    0x00, 0x2F, 0xF4, 0x2F, 0xC0, 0x00, 0x00, 0x00, 0x07, 0xC0, 0x00, 0x00, 0x02, 0xFD, 0x00, 0x00,
    0x01, 0xFF, 0xD0, 0x00, 0x00, 0xBF, 0xF4, 0x00, 0x00, 0x0B, 0x90, 0x00, 0x00, 0x00, 0x00, 0x00,
    0x00, 0x00, 0x00, 0x00, 0x00, 0x00, 0x00, 0x00, 0x00, 0x01, 0xFD, 0x00, 0x02, 0x80, 0xB5, 0xF8,
    0x00, 0xBE, 0x1D, 0x1F, 0xC0, 0x0F, 0xD3, 0xC2, 0xFC, 0x01, 0xFC, 0x78, 0x3F, 0x80, 0x2F, 0xC1,
    0x07, 0xF0, 0x03, 0xF8, 0x00, 0xBF, 0x00, 0x3F, 0x40, 0x0F, 0xE0, 0x07, 0xF0, 0x01, 0xFC, 0x00,
    0xBF, 0x00, 0x2F, 0xC0, 0x0F, 0xE0, 0x02, 0xF8, 0x00, 0xFD, 0x00, 0x2F, 0x80, 0x1F, 0xC0, 0x02,
    0xF8, 0x03, 0xFC, 0x00, 0x0F, 0xC1, 0xFF, 0x80, 0x00, 0x2F, 0xFB, 0xF4, 0x00, 0x00, 0x00, 0x7F,
    0x00, 0x00, 0x00, 0x0B, 0xF0, 0x00, 0xBC, 0x00, 0xFC, 0x00, 0x1F, 0xD0, 0x2F, 0x80, 0x01, 0xFC,
    0x0B, 0xE0, 0x00, 0x0F, 0x42, 0xF4, 0x00, 0x00, 0x2F, 0xF4, 0x00, 0x00, 0x00, 0x02, 0xFF, 0xC0,
    0x00, 0x00, 0x00, 0x2F, 0xC0, 0x00, 0x00, 0x00, 0x3F, 0x80, 0x00, 0x00, 0x00, 0x3F, 0x40, 0x00,
    0x00, 0x00, 0x7F, 0x00, 0x00, 0x00, 0x00, 0xBF, 0x00, 0x00, 0x00, 0x00, 0xFE, 0x00, 0x00, 0x00,
    0x00, 0xFD, 0x00, 0x00, 0x00, 0x01, 0xFD, 0xBF, 0x80, 0x00, 0x02, 0xFF, 0x82, 0xF4, 0x00, 0x03,
    0xFC, 0x00, 0xFC, 0x00, 0x03, 0xF8, 0x00, 0xFD, 0x00, 0x07, 0xF4, 0x00, 0xFD, 0x00, 0x0B, 0xF0,
    0x01, 0xFD, 0x00, 0x0F, 0xE0, 0x02, 0xFD, 0x00, 0x0F, 0xD0, 0x03, 0xFC, 0x00, 0x1F, 0xC0, 0x03,
    0xFC, 0x00, 0x2F, 0xC0, 0x07, 0xF4, 0x00, 0x3F, 0x80, 0x0F, 0xF0, 0x00, 0x3F, 0x40, 0x0F, 0xC0,
    0x00, 0x7F, 0x80, 0x3F, 0x40, 0x00, 0xBF, 0xD0, 0xFD, 0x00, 0x00, 0xFE, 0x7F, 0x90, 0x00, 0x00,
    0xFD, 0x00, 0x00, 0x00, 0x01, 0xFC, 0x00, 0x00, 0x00, 0x02, 0xFC, 0x00, 0x00, 0x00, 0x03, 0xF8,
    0x00, 0x00, 0x00, 0x7F, 0xFF, 0x80, 0x00, 0x00, 0xBF, 0xFF, 0x80, 0x00, 0x00, 0x00, 0x00, 0xF8,
    0x07, 0xD0, 0x00, 0x0F, 0xF0, 0x7F, 0xC0, 0x00, 0xBF, 0xD2, 0xFF, 0x00, 0x01, 0xFF, 0x0B, 0xF8,
    0x00, 0x02, 0xE0, 0x0F, 0x80, 0x00, 0x00, 0x00, 0x00, 0x00, 0x00, 0x00, 0x00, 0x00, 0x00, 0x00,
    0x00, 0x00, 0x00, 0x01, 0xFD, 0x00, 0x02, 0x80, 0x2D, 0x7E, 0x00, 0x2F, 0x81, 0xD1, 0xFC, 0x00,
    0xFD, 0x0F, 0x0B, 0xF0, 0x07, 0xF0, 0x78, 0x3F, 0x80, 0x2F, 0xC0, 0x41, 0xFC, 0x00, 0xFE, 0x00,
    0x0B, 0xF0, 0x03, 0xF4, 0x00, 0x3F, 0x80, 0x1F, 0xC0, 0x01, 0xFC, 0x00, 0xBF, 0x00, 0x0B, 0xF0,
    0x03, 0xF8, 0x00, 0x2F, 0x80, 0x0F, 0xD0, 0x00, 0xBE, 0x00, 0x7F, 0x00, 0x02, 0xF8, 0x03, 0xFC,
    0x00, 0x03, 0xF0, 0x7F, 0xE0, 0x00, 0x02, 0xFF, 0xBF, 0x40, 0x00, 0x00, 0x01, 0xFC, 0x00, 0x00,
    0x00, 0x0B, 0xF0, 0x00, 0x2F, 0x00, 0x3F, 0x00, 0x01, 0xFD, 0x02, 0xF8, 0x00, 0x07, 0xF0, 0x2F,
    0x80, 0x00, 0x0F, 0x42, 0xF4, 0x00, 0x00, 0x0B, 0xFD, 0x00, 0x00, 0x00, 0x00, 0x00, 0x02, 0xFF,
    0xFF, 0xFF, 0xFC, 0x00, 0x00, 0x00, 0x00, 0x00, 0x00, 0x00, 0x00, 0x00, 0x00, 0x00, 0x00, 0x00,
    0x00, 0x00, 0x00, 0x00, 0x0F, 0x00, 0x00, 0x00, 0x00, 0x00, 0x00, 0xFC, 0x00, 0x00, 0x00, 0x00,
    0x00, 0x0B, 0xF4, 0x00, 0x00, 0x00, 0x00, 0x00, 0x3F, 0xD0, 0x00, 0x00, 0x00, 0x00, 0x02, 0xFF,
    0x80, 0x00, 0x00, 0x00, 0x00, 0x1F, 0xFE, 0x00, 0x00, 0x00, 0x00, 0x00, 0xFF, 0xF8, 0x00, 0x00,
    0x00, 0x00, 0x07, 0xFF, 0xF0, 0x00, 0x00, 0x00, 0x00, 0x3D, 0xBF, 0xC0, 0x00, 0x00, 0x00, 0x02,
    0xF2, 0xFF, 0x00, 0x00, 0x00, 0x00, 0x1F, 0x07, 0xFC, 0x00, 0x00, 0x00, 0x00, 0xF8, 0x1F, 0xF4,
    0x00, 0x00, 0x00, 0x07, 0xC0, 0x3F, 0xD0, 0x00, 0x00, 0x00, 0x3D, 0x00, 0xFF, 0x80, 0x00, 0x00,
    0x02, 0xE0, 0x03, 0xFE, 0x00, 0x00, 0x00, 0x0F, 0x00, 0x0F, 0xF8, 0x00, 0x00, 0x00, 0xFF, 0xFF,
    0xFF, 0xF0, 0x00, 0x00, 0x07, 0xFF, 0xFF, 0xFF, 0xC0, 0x00, 0x00, 0x3D, 0x00, 0x02, 0xFF, 0x00,
    0x00, 0x02, 0xE0, 0x00, 0x07, 0xFC, 0x00, 0x00, 0x0F, 0x00, 0x00, 0x1F, 0xF4, 0x00, 0x01, 0xF8,
    0x00, 0x00, 0x7F, 0xD0, 0x01, 0xFF, 0xFF, 0x00, 0x7F, 0xFF, 0xFD, 0x07, 0xFF, 0xF8, 0x01, 0xFF,
    0xFF, 0xF4, 0x00, 0x00, 0xBF, 0xFF, 0xFF, 0x80, 0x0B, 0xFF, 0xFF, 0xF8, 0x00, 0x00, 0x00, 0x00,
    0x00, 0x00, 0x00, 0x00, 0x00, 0x00, 0x00, 0x00, 0x00, 0x00, 0x00, 0x00, 0x00, 0x00, 0x00, 0x07,
    0xFE, 0x14, 0x00, 0x07, 0xE0, 0x7F, 0xD0, 0x01, 0xF8, 0x01, 0xFD, 0x00, 0x7F, 0x00, 0x1F, 0xC0,
    0x0F, 0xE0, 0x02, 0xFC, 0x02, 0xFD, 0x00, 0x3F, 0x80, 0x3F, 0xC0, 0x03, 0xF4, 0x07, 0xF8, 0x00,
    0x7F, 0x00, 0x7F, 0x40, 0x0B, 0xF0, 0x0B, 0xF4, 0x00, 0xFE, 0x00, 0xBF, 0x00, 0x0F, 0xD1, 0xD7,
    0xF0, 0x01, 0xFC, 0x2C, 0x3F, 0x00, 0x3F, 0xC3, 0x81, 0xF8, 0x1F, 0xFC, 0xB0, 0x02, 0xFE, 0x42,
    0xFC, 0x00, 0x00, 0x00, 0x00, 0x0C, 0x00, 0x00, 0x80, 0x00, 0x00, 0x03, 0x40, 0x00, 0xA0, 0x00,
    0x00, 0x00, 0xB4, 0x01, 0xE0, 0x00, 0x00, 0x00, 0x06, 0xFF, 0x80, 0x00, 0x00, 0x00, 0x00, 0x00,
    0x00, 0x00, 0x00, 0x00, 0x00, 0x0F, 0x00, 0x00, 0x00, 0x00, 0x00, 0x0F, 0xC0, 0x00, 0x00, 0x00,
    0x00, 0x0B, 0xF4, 0x00, 0x00, 0x00, 0x00, 0x03, 0xFD, 0x00, 0x00, 0x00, 0x00, 0x02, 0xFF, 0x80,
    0x00, 0x00, 0x00, 0x01, 0xFF, 0xE0, 0x00, 0x00, 0x00, 0x00, 0xFF, 0xF8, 0x00, 0x00, 0x00, 0x00,
    0x7F, 0xFF, 0x00, 0x00, 0x00, 0x00, 0x3D, 0xBF, 0xC0, 0x00, 0x00, 0x00, 0x2F, 0x2F, 0xF0, 0x00,
    0x00, 0x00, 0x1F, 0x07, 0xFC, 0x00, 0x00, 0x00, 0x0F, 0x81, 0xFF, 0x40, 0x00, 0x00, 0x07, 0xC0,
    0x3F, 0xD0, 0x00, 0x00, 0x03, 0xD0, 0x0F, 0xF8, 0x00, 0x00, 0x02, 0xE0, 0x03, 0xFE, 0x00, 0x00,
    0x00, 0xF0, 0x00, 0xFF, 0x80, 0x00, 0x00, 0xFF, 0xFF, 0xFF, 0xF0, 0x00, 0x00, 0x7F, 0xFF, 0xFF,
    0xFC, 0x00, 0x00, 0x3D, 0x00, 0x02, 0xFF, 0x00, 0x00, 0x2E, 0x00, 0x00, 0x7F, 0xC0, 0x00, 0x0F,
    0x00, 0x00, 0x1F, 0xF4, 0x00, 0x1F, 0x80, 0x00, 0x07, 0xFD, 0x01, 0xFF, 0xFF, 0x00, 0x7F, 0xFF,
    0xFD, 0x7F, 0xFF, 0x80, 0x1F, 0xFF, 0xFF, 0x40, 0x00, 0x06, 0x00, 0x00, 0x80, 0x00, 0xB0, 0x00,
    0x1C, 0x00, 0x03, 0x80, 0x1B, 0x40, 0x00, 0x0B, 0xFE, 0x40, 0x00, 0x00, 0x00, 0x00, 0x00, 0x00,
    0x00, 0x00, 0x00, 0x00, 0x07, 0xFE, 0x14, 0x00, 0x07, 0xE0, 0x7F, 0xD0, 0x01, 0xF8, 0x01, 0xFD,
    0x00, 0x7F, 0x00, 0x1F, 0xC0, 0x0F, 0xE0, 0x02, 0xFC, 0x02, 0xFD, 0x00, 0x3F, 0x80, 0x3F, 0xC0,
    0x03, 0xF4, 0x07, 0xF8, 0x00, 0x7F, 0x00, 0x7F, 0x40, 0x0B, 0xF0, 0x0B, 0xF4, 0x00, 0xFE, 0x00,
    0xBF, 0x00, 0x0F, 0xD1, 0xD7, 0xF0, 0x01, 0xFC, 0x2C, 0x3F, 0x00, 0x3F, 0xC3, 0x81, 0xF8, 0x1F,
    0xFC, 0xB0, 0x02, 0xFE, 0x42, 0xFC, 0x00, 0x00, 0x00, 0x00, 0x00, 0x7C, 0x00, 0x00, 0x00, 0x00,
    0x00, 0x3F, 0x00, 0x00, 0x00, 0x00, 0x00, 0x1F, 0xD0, 0x00, 0x00, 0x00, 0x00, 0x0F, 0xF4, 0x00,
    0x00, 0x00, 0x00, 0x0B, 0xFE, 0x00, 0x00, 0x00, 0x00, 0x03, 0xFF, 0x80, 0x00, 0x00, 0x00, 0x03,
    0xFF, 0xE0, 0x00, 0x00, 0x00, 0x01, 0xFF, 0xFC, 0x00, 0x00, 0x00, 0x00, 0xF6, 0xFF, 0x00, 0x00,
    0x00, 0x00, 0xBC, 0xBF, 0xC0, 0x00, 0x00, 0x00, 0x3C, 0x1F, 0xF0, 0x00, 0x00, 0x00, 0x2E, 0x07,
    0xFD, 0x00, 0x00, 0x00, 0x1F, 0x00, 0xFF, 0x40, 0x00, 0x00, 0x0F, 0x40, 0x3F, 0xE0, 0x00, 0x00,
    0x07, 0x80, 0x0F, 0xF8, 0x00, 0x00, 0x03, 0xC0, 0x03, 0xFE, 0x00, 0x00, 0x02, 0xFF, 0xFF, 0xFF,
    0xC0, 0x00, 0x00, 0xFF, 0xFF, 0xFF, 0xF0, 0x00, 0x00, 0xF4, 0x00, 0x0B, 0xFC, 0x00, 0x00, 0x78,
    0x00, 0x01, 0xFF, 0x00, 0x00, 0x3C, 0x00, 0x00, 0x7F, 0xD0, 0x00, 0x2E, 0x00, 0x00, 0x0F, 0xF4,
    0x07, 0xFF, 0xFC, 0x01, 0xFF, 0xFF, 0xF5, 0xFF, 0xFE, 0x00, 0x7F, 0xFF, 0xFD, 0x00, 0x00, 0x00,
    0x00, 0x1F, 0x00, 0x00, 0x00, 0x00, 0x00, 0x1F, 0x00, 0x00, 0x00, 0x00, 0x00, 0x0F, 0x80, 0x00,
    0x00, 0x00, 0x00, 0x03, 0xE0, 0x00, 0x00, 0x00, 0x00, 0x00, 0xFC, 0x00, 0x00, 0x00, 0x00, 0x00,
    0x3F, 0xFC, 0x00, 0x00, 0x00, 0x00, 0x02, 0xF8, 0x00, 0x00, 0x07, 0xFE, 0x14, 0x00, 0x07, 0xE0,
    0x7F, 0xD0, 0x01, 0xF8, 0x01, 0xFD, 0x00, 0x7F, 0x00, 0x1F, 0xC0, 0x0F, 0xE0, 0x02, 0xFC, 0x02,
    0xFD, 0x00, 0x3F, 0x80, 0x3F, 0xC0, 0x03, 0xF4, 0x07, 0xF8, 0x00, 0x7F, 0x00, 0x7F, 0x40, 0x0B,
    0xF0, 0x0B, 0xF4, 0x00, 0xFE, 0x00, 0xBF, 0x00, 0x0F, 0xD0, 0xD7, 0xF0, 0x01, 0xFC, 0x2D, 0x3F,
    0x00, 0x3F, 0xC3, 0xC1, 0xF8, 0x1F, 0xFC, 0xB0, 0x02, 0xFE, 0x43, 0xFC, 0x00, 0x00, 0x00, 0x38,
    0x00, 0x00, 0x00, 0x0E, 0x00, 0x00, 0x00, 0x03, 0xC0, 0x00, 0x00, 0x00, 0x3C, 0x00, 0x00, 0x00,
    0x07, 0xD0, 0x00, 0x00, 0x00, 0x3F, 0x18, 0x00, 0x00, 0x00, 0xBE, 0x00, 0x00, 0x00, 0x00, 0x00,
    0x1F, 0x00, 0x00, 0x00, 0x00, 0x00, 0xBF, 0xD0, 0x00, 0x00, 0x00, 0x02, 0xFF, 0xE0, 0x00, 0x00,
    0x00, 0x00, 0xA5, 0x00, 0x00, 0x00, 0x00, 0x00, 0x00, 0x00, 0x00, 0x00, 0x00, 0x00, 0x6F, 0xFD,
    0x00, 0x70, 0x00, 0x02, 0xFF, 0xFF, 0xF0, 0xB8, 0x00, 0x0B, 0xFE, 0x40, 0x2F, 0xBE, 0x00, 0x0F,
    0xF8, 0x00, 0x01, 0xFF, 0x40, 0x0F, 0xF8, 0x00, 0x00, 0x2F, 0xC0, 0x0F, 0xF8, 0x00, 0x00, 0x07,
    0xF0, 0x0F, 0xFC, 0x00, 0x00, 0x00, 0xF8, 0x07, 0xFC, 0x00, 0x00, 0x00, 0x3D, 0x03, 0xFE, 0x00,
    0x00, 0x00, 0x0F, 0x01, 0xFF, 0x40, 0x00, 0x00, 0x01, 0x40, 0xFF, 0xC0, 0x00, 0x00, 0x00, 0x00,
    0x3F, 0xE0, 0x00, 0x00, 0x00, 0x00, 0x1F, 0xF4, 0x00, 0x00, 0x00, 0x00, 0x0B, 0xFC, 0x00, 0x00,
    0x00, 0x00, 0x02, 0xFF, 0x00, 0x00, 0x00, 0x00, 0x00, 0xBF, 0xC0, 0x00, 0x00, 0x00, 0x00, 0x2F,
    0xF0, 0x00, 0x00, 0x00, 0xB0, 0x07, 0xFC, 0x00, 0x00, 0x00, 0x34, 0x00, 0xFF, 0x00, 0x00, 0x00,
    0x3C, 0x00, 0x2F, 0xE0, 0x00, 0x00, 0x3C, 0x00, 0x03, 0xFD, 0x00, 0x00, 0x7D, 0x00, 0x00, 0x7F,
    0xE4, 0x01, 0xFC, 0x00, 0x00, 0x02, 0xFF, 0xFF, 0xF8, 0x00, 0x00, 0x00, 0x0B, 0xFF, 0x90, 0x00,
    0x00, 0x00, 0x00, 0x00, 0x00, 0x7C, 0x00, 0x00, 0x02, 0xFE, 0x00, 0x00, 0x1F, 0xFD, 0x00, 0x00,
    0xBF, 0xF4, 0x00, 0x00, 0xB9, 0x00, 0x00, 0x00, 0x00, 0x00, 0x00, 0x00, 0x00, 0x00, 0x00, 0x00,
    0x00, 0x00, 0x00, 0x06, 0xFF, 0x80, 0x00, 0x3F, 0x41, 0xF0, 0x01, 0xFC, 0x03, 0xF4, 0x03, 0xF4,
    0x07, 0xF4, 0x0F, 0xE0, 0x03, 0xE0, 0x1F, 0xD0, 0x00, 0x00, 0x3F, 0xC0, 0x00, 0x00, 0x3F, 0x80,
    0x00, 0x00, 0x7F, 0x40, 0x00, 0x00, 0x7F, 0x40, 0x00, 0x00, 0x7F, 0x00, 0x00, 0x00, 0x3F, 0x00,
    0x00, 0x34, 0x2F, 0x40, 0x01, 0xF4, 0x0F, 0xD0, 0x1F, 0xC0, 0x01, 0xBF, 0xF9, 0x00, 0x00, 0x00,
    0x00, 0x00, 0x60, 0x00, 0x00, 0x00, 0x00, 0x00, 0xFF, 0x00, 0x00, 0x00, 0x00, 0x01, 0xFF, 0xF0,
    0x00, 0x00, 0x00, 0x02, 0xF8, 0x7E, 0x00, 0x00, 0x00, 0x02, 0xF4, 0x03, 0xD0, 0x00, 0x00, 0x00,
    0x10, 0x00, 0x10, 0x00, 0x00, 0x00, 0x1B, 0xFF, 0x40, 0x1C, 0x00, 0x00, 0xBF, 0xFF, 0xFC, 0x2E,
    0x00, 0x02, 0xFF, 0x90, 0x0B, 0xEF, 0x80, 0x03, 0xFE, 0x00, 0x00, 0x7F, 0xD0, 0x03, 0xFE, 0x00,
    0x00, 0x0B, 0xF0, 0x03, 0xFE, 0x00, 0x00, 0x01, 0xFC, 0x03, 0xFF, 0x00, 0x00, 0x00, 0x3E, 0x01,
    0xFF, 0x00, 0x00, 0x00, 0x0F, 0x40, 0xFF, 0x80, 0x00, 0x00, 0x03, 0xC0, 0x7F, 0xD0, 0x00, 0x00,
    0x00, 0x50, 0x3F, 0xF0, 0x00, 0x00, 0x00, 0x00, 0x0F, 0xF8, 0x00, 0x00, 0x00, 0x00, 0x07, 0xFD,
    0x00, 0x00, 0x00, 0x00, 0x02, 0xFF, 0x00, 0x00, 0x00, 0x00, 0x00, 0xBF, 0xC0, 0x00, 0x00, 0x00,
    0x00, 0x2F, 0xF0, 0x00, 0x00, 0x00, 0x00, 0x0B, 0xFC, 0x00, 0x00, 0x00, 0x2C, 0x01, 0xFF, 0x00,
    0x00, 0x00, 0x0D, 0x00, 0x3F, 0xC0, 0x00, 0x00, 0x0F, 0x00, 0x0B, 0xF8, 0x00, 0x00, 0x0F, 0x00,
    0x00, 0xFF, 0x40, 0x00, 0x1F, 0x40, 0x00, 0x1F, 0xF9, 0x00, 0x7F, 0x00, 0x00, 0x00, 0xBF, 0xFF,
    0xFE, 0x00, 0x00, 0x00, 0x02, 0xFF, 0xE4, 0x00, 0x00, 0x00, 0x00, 0x00, 0x02, 0x40, 0x00, 0x00,
    0x0F, 0xD0, 0x00, 0x00, 0x7F, 0xF0, 0x00, 0x02, 0xF8, 0xF8, 0x00, 0x0F, 0xD0, 0x3D, 0x00, 0x1E,
    0x00, 0x1E, 0x00, 0x00, 0x00, 0x00, 0x00, 0x06, 0xFF, 0x80, 0x00, 0x3F, 0x41, 0xF0, 0x01, 0xFC,
    0x03, 0xF4, 0x03, 0xF4, 0x07, 0xF4, 0x0F, 0xE0, 0x03, 0xE0, 0x1F, 0xD0, 0x00, 0x00, 0x3F, 0xC0,
    0x00, 0x00, 0x3F, 0x80, 0x00, 0x00, 0x7F, 0x40, 0x00, 0x00, 0x7F, 0x40, 0x00, 0x00, 0x7F, 0x00,
    0x00, 0x00, 0x3F, 0x00, 0x00, 0x34, 0x2F, 0x40, 0x01, 0xF4, 0x0F, 0xD0, 0x1F, 0xC0, 0x01, 0xBF,
    0xF9, 0x00, 0x00, 0x00, 0x00, 0x01, 0xF8, 0x00, 0x00, 0x00, 0x00, 0x00, 0xFF, 0x00, 0x00, 0x00,
    0x00, 0x00, 0xBF, 0xD0, 0x00, 0x00, 0x00, 0x00, 0x1F, 0xF0, 0x00, 0x00, 0x00, 0x00, 0x02, 0xE0,
    0x00, 0x00, 0x00, 0x00, 0x00, 0x00, 0x00, 0x00, 0x00, 0x00, 0x1B, 0xFF, 0x40, 0x1C, 0x00, 0x00,
    0xBF, 0xFF, 0xFC, 0x2E, 0x00, 0x02, 0xFF, 0x90, 0x0B, 0xEF, 0x80, 0x03, 0xFE, 0x00, 0x00, 0x7F,
    0xD0, 0x03, 0xFE, 0x00, 0x00, 0x0B, 0xF0, 0x03, 0xFE, 0x00, 0x00, 0x01, 0xFC, 0x03, 0xFF, 0x00,
    0x00, 0x00, 0x3E, 0x01, 0xFF, 0x00, 0x00, 0x00, 0x0F, 0x40, 0xFF, 0x80, 0x00, 0x00, 0x03, 0xC0,
    0x7F, 0xD0, 0x00, 0x00, 0x00, 0x50, 0x3F, 0xF0, 0x00, 0x00, 0x00, 0x00, 0x0F, 0xF8, 0x00, 0x00,
    0x00, 0x00, 0x07, 0xFD, 0x00, 0x00, 0x00, 0x00, 0x02, 0xFF, 0x00, 0x00, 0x00, 0x00, 0x00, 0xBF,
    0xC0, 0x00, 0x00, 0x00, 0x00, 0x2F, 0xF0, 0x00, 0x00, 0x00, 0x00, 0x0B, 0xFC, 0x00, 0x00, 0x00,
    0x2C, 0x01, 0xFF, 0x00, 0x00, 0x00, 0x0D, 0x00, 0x3F, 0xC0, 0x00, 0x00, 0x0F, 0x00, 0x0B, 0xF8,
    0x00, 0x00, 0x0F, 0x00, 0x00, 0xFF, 0x40, 0x00, 0x1F, 0x40, 0x00, 0x1F, 0xF9, 0x00, 0x7F, 0x00,
    0x00, 0x00, 0xBF, 0xFF, 0xFE, 0x00, 0x00, 0x00, 0x02, 0xFF, 0xE4, 0x00, 0x00, 0x00, 0x00, 0x00,
    0x07, 0xD0, 0x00, 0x00, 0x7F, 0xC0, 0x00, 0x02, 0xFF, 0x00, 0x00, 0x0B, 0xF8, 0x00, 0x00, 0x0F,
    0x80, 0x00, 0x00, 0x00, 0x00, 0x00, 0x00, 0x00, 0x00, 0x00, 0x00, 0x00, 0x00, 0x06, 0xFF, 0x80,
    0x00, 0xFD, 0x07, 0xC0, 0x1F, 0xC0, 0x3F, 0x40, 0xFD, 0x01, 0xFD, 0x0F, 0xE0, 0x03, 0xE0, 0x7F,
    0x40, 0x00, 0x03, 0xFC, 0x00, 0x00, 0x0F, 0xE0, 0x00, 0x00, 0x7F, 0x40, 0x00, 0x01, 0xFD, 0x00,
    0x00, 0x07, 0xF0, 0x00, 0x00, 0x0F, 0xC0, 0x00, 0x0D, 0x2F, 0x40, 0x01, 0xF4, 0x3F, 0x40, 0x7F,
    0x00, 0x1B, 0xFF, 0x90, 0x00, 0x00, 0x00, 0x00, 0x3F, 0xFF, 0xFC, 0x00, 0x00, 0x00, 0x07, 0xFF,
    0xFD, 0x00, 0x00, 0x00, 0x00, 0x3F, 0xF4, 0x00, 0x00, 0x00, 0x00, 0x02, 0xD0, 0x00, 0x00, 0x00,
    0x00, 0x00, 0x00, 0x00, 0x00, 0x00, 0x00, 0x00, 0x00, 0x00, 0x00, 0x00, 0x00, 0x1B, 0xFF, 0x40,
    0x1C, 0x00, 0x00, 0xBF, 0xFF, 0xFC, 0x2E, 0x00, 0x02, 0xFF, 0x90, 0x0B, 0xEF, 0x80, 0x03, 0xFE,
    0x00, 0x00, 0x7F, 0xD0, 0x03, 0xFE, 0x00, 0x00, 0x0B, 0xF0, 0x03, 0xFE, 0x00, 0x00, 0x01, 0xFC,
    0x03, 0xFF, 0x00, 0x00, 0x00, 0x3E, 0x01, 0xFF, 0x00, 0x00, 0x00, 0x0F, 0x40, 0xFF, 0x80, 0x00,
    0x00, 0x03, 0xC0, 0x7F, 0xD0, 0x00, 0x00, 0x00, 0x50, 0x3F, 0xF0, 0x00, 0x00, 0x00, 0x00, 0x0F,
    0xF8, 0x00, 0x00, 0x00, 0x00, 0x07, 0xFD, 0x00, 0x00, 0x00, 0x00, 0x02, 0xFF, 0x00, 0x00, 0x00,
    0x00, 0x00, 0xBF, 0xC0, 0x00, 0x00, 0x00, 0x00, 0x2F, 0xF0, 0x00, 0x00, 0x00, 0x00, 0x0B, 0xFC,
    0x00, 0x00, 0x00, 0x2C, 0x01, 0xFF, 0x00, 0x00, 0x00, 0x0D, 0x00, 0x3F, 0xC0, 0x00, 0x00, 0x0F,
    0x00, 0x0B, 0xF8, 0x00, 0x00, 0x0F, 0x00, 0x00, 0xFF, 0x40, 0x00, 0x1F, 0x40, 0x00, 0x1F, 0xF9,
    0x00, 0x7F, 0x00, 0x00, 0x00, 0xBF, 0xFF, 0xFE, 0x00, 0x00, 0x00, 0x02, 0xFF, 0xE4, 0x00, 0x00,
    0x00, 0x00, 0x01, 0x00, 0x00, 0x40, 0x00, 0x3D, 0x00, 0xBC, 0x00, 0x01, 0xF8, 0xBF, 0x00, 0x00,
    0x0B, 0xFF, 0x80, 0x00, 0x00, 0x3F, 0xD0, 0x00, 0x00, 0x00, 0xF0, 0x00, 0x00, 0x00, 0x00, 0x00,
    0x00, 0x00, 0x6F, 0xF8, 0x00, 0x00, 0x3F, 0x41, 0xF0, 0x00, 0x1F, 0xC0, 0x3F, 0x40, 0x03, 0xF4,
    0x07, 0xF4, 0x00, 0xFE, 0x00, 0x3E, 0x00, 0x1F, 0xD0, 0x00, 0x00, 0x03, 0xFC, 0x00, 0x00, 0x00,
    0x3F, 0x80, 0x00, 0x00, 0x07, 0xF4, 0x00, 0x00, 0x00, 0x7F, 0x40, 0x00, 0x00, 0x07, 0xF0, 0x00,
    0x00, 0x00, 0x3F, 0x00, 0x00, 0x34, 0x02, 0xF4, 0x00, 0x1F, 0x40, 0x0F, 0xD0, 0x1F, 0xC0, 0x00,
    0x1B, 0xFF, 0x90, 0x00, 0x00, 0x00, 0x00, 0x3F, 0xFF, 0xFC, 0x00, 0x00, 0x00, 0x00, 0x1F, 0xFF,
    0xF4, 0x00, 0x00, 0x00, 0x00, 0x03, 0xFF, 0x40, 0x00, 0x00, 0x00, 0x00, 0x00, 0xB4, 0x00, 0x00,
    0x00, 0x00, 0x00, 0x00, 0x00, 0x00, 0x00, 0x00, 0x00, 0x00, 0x00, 0x00, 0x00, 0x00, 0x00, 0x00,
    0x00, 0x00, 0x00, 0x00, 0x00, 0x00, 0x1F, 0xFF, 0xFF, 0xFF, 0xE4, 0x00, 0x00, 0x1F, 0xFF, 0xFF,
    0xFF, 0xFF, 0x40, 0x00, 0x00, 0x7F, 0xC0, 0x01, 0xBF, 0xD0, 0x00, 0x00, 0xBF, 0x80, 0x00, 0x1F,
    0xF0, 0x00, 0x00, 0xFF, 0x40, 0x00, 0x0B, 0xF4, 0x00, 0x00, 0xFF, 0x00, 0x00, 0x07, 0xFC, 0x00,
    0x01, 0xFF, 0x00, 0x00, 0x03, 0xFC, 0x00, 0x02, 0xFE, 0x00, 0x00, 0x03, 0xFC, 0x00, 0x03, 0xFD,
    0x00, 0x00, 0x03, 0xFC, 0x00, 0x03, 0xFC, 0x00, 0x00, 0x07, 0xFC, 0x00, 0x07, 0xFC, 0x00, 0x00,
    0x0B, 0xFC, 0x00, 0x0B, 0xF8, 0x00, 0x00, 0x0F, 0xFC, 0x00, 0x0F, 0xF4, 0x00, 0x00, 0x0F, 0xF8,
    0x00, 0x0F, 0xF0, 0x00, 0x00, 0x1F, 0xF0, 0x00, 0x1F, 0xF0, 0x00, 0x00, 0x2F, 0xF0, 0x00, 0x2F,
    0xE0, 0x00, 0x00, 0x3F, 0xD0, 0x00, 0x3F, 0xD0, 0x00, 0x00, 0xBF, 0x80, 0x00, 0x3F, 0xC0, 0x00,
    0x01, 0xFF, 0x00, 0x00, 0x7F, 0xC0, 0x00, 0x03, 0xFC, 0x00, 0x00, 0xBF, 0x80, 0x00, 0x1F, 0xF4,
    0x00, 0x00, 0xFF, 0x40, 0x02, 0xFF, 0xC0, 0x00, 0xBF, 0xFF, 0xFF, 0xFF, 0xFD, 0x00, 0x00, 0xBF,
    0xFF, 0xFF, 0xFF, 0x80, 0x00, 0x00, 0x00, 0x00, 0x00, 0x00, 0x00, 0x3D, 0x00, 0x00, 0x00, 0x00,
    0x00, 0x3F, 0xC0, 0x00, 0x00, 0x00, 0x00, 0x1F, 0xF4, 0x00, 0x00, 0x03, 0xFF, 0xCB, 0xFD, 0x00,
    0x00, 0x00, 0x0F, 0xE1, 0xFF, 0x40, 0x00, 0x00, 0x07, 0xF4, 0x02, 0xC0, 0x00, 0x00, 0x02, 0xFC,
    0x02, 0xC0, 0x00, 0x00, 0x00, 0xFF, 0x02, 0xD0, 0x00, 0x00, 0x00, 0x3F, 0x83, 0xD0, 0x00, 0x00,
    0x00, 0x0F, 0xD0, 0x40, 0x00, 0x00, 0x6F, 0xC7, 0xF0, 0x00, 0x00, 0x00, 0xF8, 0x1F, 0xFC, 0x00,
    0x00, 0x00, 0xFC, 0x02, 0xFE, 0x00, 0x00, 0x00, 0xFC, 0x00, 0x7F, 0x40, 0x00, 0x00, 0xFF, 0x00,
    0x1F, 0xC0, 0x00, 0x00, 0x7F, 0x40, 0x0B, 0xF0, 0x00, 0x00, 0x3F, 0xC0, 0x03, 0xFC, 0x00, 0x00,
    0x0F, 0xF0, 0x00, 0xFE, 0x00, 0x00, 0x07, 0xF8, 0x00, 0x7F, 0x40, 0x00, 0x02, 0xFD, 0x00, 0x2F,
    0xC0, 0x00, 0x00, 0xBF, 0x00, 0x0F, 0xF0, 0x00, 0x00, 0x1F, 0xC0, 0x03, 0xF8, 0x74, 0x00, 0x07,
    0xF0, 0x01, 0xFD, 0x2C, 0x00, 0x00, 0xFC, 0x00, 0xFF, 0x0E, 0x00, 0x00, 0x0F, 0x81, 0xFF, 0xCB,
    0x00, 0x00, 0x00, 0xBF, 0x90, 0xBF, 0x00, 0x00, 0x00, 0x00, 0x1F, 0xFF, 0xFF, 0xFF, 0xE4, 0x00,
    0x00, 0x1F, 0xFF, 0xFF, 0xFF, 0xFF, 0x40, 0x00, 0x00, 0x7F, 0xC0, 0x01, 0xBF, 0xD0, 0x00, 0x00,
    0xBF, 0x80, 0x00, 0x1F, 0xF0, 0x00, 0x00, 0xFF, 0x40, 0x00, 0x0B, 0xF4, 0x00, 0x00, 0xFF, 0x00,
    0x00, 0x07, 0xFC, 0x00, 0x01, 0xFF, 0x00, 0x00, 0x03, 0xFC, 0x00, 0x02, 0xFE, 0x00, 0x00, 0x03,
    0xFC, 0x00, 0x03, 0xFD, 0x00, 0x00, 0x03, 0xFC, 0x00, 0x03, 0xFC, 0x00, 0x00, 0x07, 0xFC, 0x00,
    0x07, 0xFC, 0x00, 0x00, 0x0B, 0xFC, 0x03, 0xFF, 0xFF, 0xFF, 0x40, 0x0F, 0xFC, 0x03, 0xFF, 0xFF,
    0xFF, 0x40, 0x0F, 0xF8, 0x00, 0x0F, 0xF4, 0x00, 0x00, 0x1F, 0xF0, 0x00, 0x1F, 0xF0, 0x00, 0x00,
    0x2F, 0xF0, 0x00, 0x2F, 0xF0, 0x00, 0x00, 0x3F, 0xD0, 0x00, 0x3F, 0xD0, 0x00, 0x00, 0xBF, 0x80,
    0x00, 0x3F, 0xC0, 0x00, 0x01, 0xFF, 0x00, 0x00, 0x7F, 0xC0, 0x00, 0x03, 0xFC, 0x00, 0x00, 0xBF,
    0x80, 0x00, 0x1F, 0xF4, 0x00, 0x00, 0xFF, 0x40, 0x02, 0xFF, 0xC0, 0x00, 0xBF, 0xFF, 0xFF, 0xFF,
    0xFD, 0x00, 0x00, 0xBF, 0xFF, 0xFF, 0xFF, 0x90, 0x00, 0x00, 0x00, 0x00, 0x00, 0x00, 0x00, 0x00,
    0x00, 0x03, 0xFF, 0x80, 0x00, 0x00, 0x00, 0xFE, 0x00, 0x00, 0x00, 0x03, 0xF4, 0x00, 0x00, 0x00,
    0x1F, 0xC0, 0x00, 0x00, 0x3F, 0xFF, 0xD0, 0x00, 0x00, 0xFF, 0xFF, 0x40, 0x00, 0x00, 0x0F, 0xE0,
    0x00, 0x00, 0x00, 0x7F, 0x40, 0x00, 0x1F, 0xFB, 0xFC, 0x00, 0x07, 0xE0, 0x7F, 0xF0, 0x00, 0x7E,
    0x00, 0x7F, 0x80, 0x07, 0xF0, 0x01, 0xFD, 0x00, 0x3F, 0x80, 0x0B, 0xF0, 0x02, 0xFD, 0x00, 0x3F,
    0xC0, 0x0F, 0xF0, 0x00, 0xFE, 0x00, 0x7F, 0x80, 0x07, 0xF4, 0x01, 0xFD, 0x00, 0x2F, 0xC0, 0x0B,
    0xF4, 0x00, 0xFF, 0x00, 0x2F, 0xC0, 0x03, 0xF8, 0x34, 0x7F, 0x00, 0x1F, 0xD2, 0xD0, 0xFC, 0x00,
    0xFF, 0x0F, 0x01, 0xF8, 0x1F, 0xFC, 0xB0, 0x00, 0xBF, 0x90, 0xBF, 0x00, 0x00, 0x00, 0x2F, 0xFF,
    0xFF, 0xFF, 0xC0, 0x00, 0x00, 0x00, 0x00, 0x00, 0x00, 0x00, 0x00, 0x00, 0x00, 0x00, 0x00, 0x00,
    0x00, 0x00, 0x00, 0x00, 0x00, 0x00, 0x00, 0x1F, 0xFF, 0xFF, 0xFF, 0xFF, 0x40, 0x01, 0xFF, 0xFF,
    0xFF, 0xFF, 0xF4, 0x00, 0x00, 0x7F, 0xC0, 0x00, 0x7F, 0x40, 0x00, 0x0B, 0xFC, 0x00, 0x01, 0xF0,
    0x00, 0x00, 0xFF, 0x80, 0x00, 0x0F, 0x00, 0x00, 0x0F, 0xF4, 0x00, 0x00, 0xF0, 0x00, 0x01, 0xFF,
    0x00, 0x00, 0x0F, 0x00, 0x00, 0x2F, 0xF0, 0x0B, 0x00, 0xE0, 0x00, 0x03, 0xFE, 0x00, 0xF0, 0x00,
    0x00, 0x00, 0x3F, 0xD0, 0x7E, 0x00, 0x00, 0x00, 0x07, 0xFF, 0xFF, 0xD0, 0x00, 0x00, 0x00, 0xBF,
    0xFF, 0xFC, 0x00, 0x00, 0x00, 0x0F, 0xF8, 0x0B, 0xC0, 0x00, 0x00, 0x00, 0xFF, 0x40, 0x78, 0x00,
    0x00, 0x00, 0x1F, 0xF0, 0x07, 0x40, 0x3C, 0x00, 0x02, 0xFF, 0x00, 0x60, 0x07, 0x80, 0x00, 0x3F,
    0xE0, 0x00, 0x00, 0xF0, 0x00, 0x03, 0xFD, 0x00, 0x00, 0x1F, 0x00, 0x00, 0x7F, 0xC0, 0x00, 0x03,
    0xD0, 0x00, 0x0B, 0xFC, 0x00, 0x01, 0xFC, 0x00, 0x00, 0xFF, 0x80, 0x01, 0xBF, 0x80, 0x0B, 0xFF,
    0xFF, 0xFF, 0xFF, 0xF0, 0x00, 0xBF, 0xFF, 0xFF, 0xFF, 0xFE, 0x00, 0x00, 0x00, 0x2F, 0xFF, 0xFF,
    0xE0, 0x02, 0xFF, 0xFF, 0xFE, 0x00, 0x00, 0x00, 0x00, 0x00, 0x00, 0x00, 0x00, 0x00, 0x00, 0x00,
    0x00, 0x00, 0x00, 0x00, 0x00, 0x00, 0x00, 0x00, 0x06, 0xFF, 0x80, 0x00, 0x03, 0xF4, 0x1F, 0x00,
    0x01, 0xFC, 0x00, 0xF4, 0x00, 0x3F, 0x40, 0x0B, 0x80, 0x0F, 0xF0, 0x00, 0xF4, 0x01, 0xFD, 0x00,
    0x2F, 0x00, 0x3F, 0xC0, 0x6F, 0x80, 0x03, 0xFF, 0xFE, 0x40, 0x00, 0x7F, 0x80, 0x00, 0x00, 0x07,
    0xF4, 0x00, 0x00, 0x00, 0x7F, 0x00, 0x00, 0x00, 0x03, 0xF0, 0x00, 0x02, 0x40, 0x2F, 0x40, 0x01,
    0xF4, 0x00, 0xFD, 0x01, 0xFD, 0x00, 0x01, 0xBF, 0xF9, 0x00, 0x00, 0x00, 0x00, 0x00, 0x00, 0xBC,
    0x00, 0x00, 0x00, 0x00, 0x00, 0xBF, 0x80, 0x00, 0x00, 0x00, 0x00, 0x3F, 0xE0, 0x00, 0x00, 0x00,
    0x00, 0x0F, 0xF4, 0x00, 0x00, 0x00, 0x00, 0x01, 0xF4, 0x00, 0x00, 0x00, 0x00, 0x00, 0x00, 0x00,
    0x00, 0x00, 0x00, 0x00, 0x00, 0x00, 0x00, 0x00, 0x7F, 0xFF, 0xFF, 0xFF, 0xFD, 0x00, 0x1F, 0xFF,
    0xFF, 0xFF, 0xFF, 0x40, 0x00, 0x1F, 0xF0, 0x00, 0x1F, 0xD0, 0x00, 0x0B, 0xFC, 0x00, 0x01, 0xF0,
    0x00, 0x03, 0xFE, 0x00, 0x00, 0x3C, 0x00, 0x00, 0xFF, 0x40, 0x00, 0x0F, 0x00, 0x00, 0x7F, 0xC0,
    0x00, 0x03, 0xC0, 0x00, 0x2F, 0xF0, 0x0B, 0x00, 0xE0, 0x00, 0x0F, 0xF8, 0x03, 0xC0, 0x00, 0x00,
    0x03, 0xFD, 0x07, 0xE0, 0x00, 0x00, 0x01, 0xFF, 0xFF, 0xF4, 0x00, 0x00, 0x00, 0xBF, 0xFF, 0xFC,
    0x00, 0x00, 0x00, 0x3F, 0xE0, 0x2F, 0x00, 0x00, 0x00, 0x0F, 0xF4, 0x07, 0x80, 0x00, 0x00, 0x07,
    0xFC, 0x01, 0xD0, 0x0F, 0x00, 0x02, 0xFF, 0x00, 0x60, 0x07, 0x80, 0x00, 0xFF, 0x80, 0x00, 0x03,
    0xC0, 0x00, 0x3F, 0xD0, 0x00, 0x01, 0xF0, 0x00, 0x1F, 0xF0, 0x00, 0x00, 0xF4, 0x00, 0x0B, 0xFC,
    0x00, 0x01, 0xFC, 0x00, 0x03, 0xFE, 0x00, 0x06, 0xFE, 0x00, 0xBF, 0xFF, 0xFF, 0xFF, 0xFF, 0x00,
    0x2F, 0xFF, 0xFF, 0xFF, 0xFF, 0x80, 0x00, 0x00, 0x00, 0x07, 0xD0, 0x00, 0x00, 0x7F, 0xC0, 0x00,
    0x03, 0xFF, 0x00, 0x00, 0x0B, 0xF8, 0x00, 0x00, 0x0F, 0x80, 0x00, 0x00, 0x00, 0x00, 0x00, 0x00,
    0x00, 0x00, 0x00, 0x00, 0x00, 0x00, 0x06, 0xFF, 0x80, 0x01, 0xFD, 0x07, 0xC0, 0x1F, 0xC0, 0x0B,
    0x81, 0xFC, 0x00, 0x3D, 0x0F, 0xE0, 0x01, 0xF0, 0xBF, 0x01, 0x7F, 0x03, 0xFF, 0xFE, 0x90, 0x1F,
    0xE0, 0x00, 0x00, 0x7F, 0x40, 0x00, 0x01, 0xFC, 0x00, 0x00, 0x07, 0xF0, 0x00, 0x00, 0x0F, 0xD0,
    0x00, 0x1D, 0x1F, 0x80, 0x02, 0xF0, 0x2F, 0x40, 0x7E, 0x00, 0x1B, 0xFF, 0x80, 0x00, 0x00, 0x1F,
    0xFF, 0xFF, 0xFF, 0xFF, 0x40, 0x07, 0xFF, 0xFF, 0xFF, 0xFF, 0xD0, 0x00, 0x07, 0xFC, 0x00, 0x07,
    0xF4, 0x00, 0x02, 0xFF, 0x00, 0x00, 0x7C, 0x00, 0x00, 0xFF, 0x80, 0x00, 0x0F, 0x00, 0x00, 0x3F,
    0xD0, 0x00, 0x03, 0xC0, 0x00, 0x1F, 0xF0, 0x00, 0x00, 0xF0, 0x00, 0x0B, 0xFC, 0x02, 0xC0, 0x38,
    0x00, 0x03, 0xFE, 0x00, 0xF0, 0x00, 0x00, 0x00, 0xFF, 0x41, 0xF8, 0x00, 0x00, 0x00, 0x7F, 0xFF,
    0xFD, 0x00, 0x00, 0x00, 0x2F, 0xFF, 0xFF, 0x00, 0x00, 0x00, 0x0F, 0xF8, 0x0B, 0xC0, 0x00, 0x00,
    0x03, 0xFD, 0x01, 0xE0, 0x00, 0x00, 0x01, 0xFF, 0x00, 0x74, 0x03, 0xC0, 0x00, 0xBF, 0xC0, 0x18,
    0x01, 0xE0, 0x00, 0x3F, 0xE0, 0x00, 0x00, 0xF0, 0x00, 0x0F, 0xF4, 0x00, 0x00, 0x7C, 0x00, 0x07,
    0xFC, 0x00, 0x00, 0x3D, 0x00, 0x02, 0xFF, 0x00, 0x00, 0x7F, 0x00, 0x00, 0xFF, 0x80, 0x01, 0xBF,
    0x80, 0x2F, 0xFF, 0xFF, 0xFF, 0xFF, 0xC0, 0x0B, 0xFF, 0xFF, 0xFF, 0xFF, 0xE0, 0x00, 0x00, 0x00,
    0x00, 0xBC, 0x00, 0x00, 0x00, 0x00, 0x00, 0x7C, 0x00, 0x00, 0x00, 0x00, 0x00, 0x3E, 0x00, 0x00,
    0x00, 0x00, 0x00, 0x0F, 0x40, 0x00, 0x00, 0x00, 0x00, 0x07, 0xF0, 0x00, 0x00, 0x00, 0x00, 0x00,
    0xFF, 0xF0, 0x00, 0x00, 0x00, 0x00, 0x0F, 0xE0, 0x00, 0x00, 0x00, 0x06, 0xFF, 0x80, 0x00, 0xFD,
    0x07, 0xC0, 0x1F, 0xC0, 0x0F, 0x40, 0xFD, 0x00, 0x2E, 0x0F, 0xF0, 0x00, 0xF4, 0xBF, 0x40, 0x0B,
    0xC3, 0xFC, 0x06, 0xF8, 0x0F, 0xFF, 0xFA, 0x00, 0x7F, 0x80, 0x00, 0x01, 0xFD, 0x00, 0x00, 0x07,
    0xF0, 0x00, 0x00, 0x0F, 0xC0, 0x00, 0x09, 0x2F, 0x40, 0x01, 0xF4, 0x3F, 0x40, 0x7F, 0x40, 0x1B,
    0xFF, 0xD0, 0x00, 0x00, 0x78, 0x00, 0x00, 0x03, 0xC0, 0x00, 0x00, 0x2D, 0x00, 0x00, 0x00, 0xF4,
    0x00, 0x00, 0x03, 0xE0, 0x00, 0x00, 0x0F, 0xC3, 0x00, 0x00, 0x0B, 0xE0, 0x00, 0x00, 0x00, 0x00,
    0xFF, 0xFF, 0xF0, 0x00, 0x00, 0x00, 0x2F, 0xFF, 0xF0, 0x00, 0x00, 0x00, 0x01, 0xFF, 0xD0, 0x00,
    0x00, 0x00, 0x00, 0x0B, 0x40, 0x00, 0x00, 0x00, 0x00, 0x00, 0x00, 0x00, 0x00, 0x00, 0x00, 0x00,
    0x00, 0x00, 0x00, 0x00, 0x00, 0x00, 0x00, 0x00, 0x00, 0x00, 0x7F, 0xFF, 0xFF, 0xFF, 0xFD, 0x00,
    0x1F, 0xFF, 0xFF, 0xFF, 0xFF, 0x40, 0x00, 0x1F, 0xF0, 0x00, 0x1F, 0xD0, 0x00, 0x0B, 0xFC, 0x00,
    0x01, 0xF0, 0x00, 0x03, 0xFE, 0x00, 0x00, 0x3C, 0x00, 0x00, 0xFF, 0x40, 0x00, 0x0F, 0x00, 0x00,
    0x7F, 0xC0, 0x00, 0x03, 0xC0, 0x00, 0x2F, 0xF0, 0x0B, 0x00, 0xE0, 0x00, 0x0F, 0xF8, 0x03, 0xC0,
    0x00, 0x00, 0x03, 0xFD, 0x07, 0xE0, 0x00, 0x00, 0x01, 0xFF, 0xFF, 0xF4, 0x00, 0x00, 0x00, 0xBF,
    0xFF, 0xFC, 0x00, 0x00, 0x00, 0x3F, 0xE0, 0x2F, 0x00, 0x00, 0x00, 0x0F, 0xF4, 0x07, 0x80, 0x00,
    0x00, 0x07, 0xFC, 0x01, 0xD0, 0x0F, 0x00, 0x02, 0xFF, 0x00, 0x60, 0x07, 0x80, 0x00, 0xFF, 0x80,
    0x00, 0x03, 0xC0, 0x00, 0x3F, 0xD0, 0x00, 0x01, 0xF0, 0x00, 0x1F, 0xF0, 0x00, 0x00, 0xF4, 0x00,
    0x0B, 0xFC, 0x00, 0x01, 0xFC, 0x00, 0x03, 0xFE, 0x00, 0x06, 0xFE, 0x00, 0xBF, 0xFF, 0xFF, 0xFF,
    0xFF, 0x00, 0x2F, 0xFF, 0xFF, 0xFF, 0xFF, 0x80, 0x00, 0x00, 0x01, 0x00, 0x00, 0x40, 0x00, 0x2E,
    0x00, 0x7D, 0x00, 0x00, 0xFC, 0x7F, 0x40, 0x00, 0x07, 0xFF, 0xC0, 0x00, 0x00, 0x2F, 0xE0, 0x00,
    0x00, 0x00, 0xF4, 0x00, 0x00, 0x00, 0x00, 0x00, 0x00, 0x00, 0x6F, 0xF8, 0x00, 0x00, 0x3F, 0x41,
    0xF0, 0x00, 0x1F, 0xC0, 0x0F, 0x40, 0x03, 0xF4, 0x00, 0xB8, 0x00, 0xFF, 0x00, 0x0F, 0x40, 0x1F,
    0xD0, 0x02, 0xF0, 0x03, 0xFC, 0x06, 0xF8, 0x00, 0x3F, 0xFF, 0xE4, 0x00, 0x07, 0xF8, 0x00, 0x00,
    0x00, 0x7F, 0x40, 0x00, 0x00, 0x07, 0xF0, 0x00, 0x00, 0x00, 0x3F, 0x00, 0x00, 0x24, 0x02, 0xF4,
    0x00, 0x1F, 0x40, 0x0F, 0xD0, 0x1F, 0xD0, 0x00, 0x1B, 0xFF, 0x90, 0x00, 0x00, 0x00, 0x00, 0x00,
    0x60, 0x00, 0x00, 0x00, 0x00, 0x00, 0xFF, 0x00, 0x00, 0x00, 0x00, 0x01, 0xFF, 0xF0, 0x00, 0x00,
    0x00, 0x02, 0xF8, 0x7E, 0x00, 0x00, 0x00, 0x02, 0xF4, 0x03, 0xD0, 0x00, 0x00, 0x00, 0x10, 0x00,
    0x10, 0x00, 0x00, 0x00, 0x1B, 0xFF, 0x40, 0x1C, 0x00, 0x00, 0xBF, 0xFF, 0xFC, 0x2E, 0x00, 0x02,
    0xFF, 0xD0, 0x0B, 0xEF, 0x80, 0x03, 0xFF, 0x40, 0x00, 0x7F, 0xD0, 0x03, 0xFE, 0x00, 0x00, 0x0B,
    0xF0, 0x03, 0xFE, 0x00, 0x00, 0x01, 0xFC, 0x02, 0xFF, 0x00, 0x00, 0x00, 0x3E, 0x01, 0xFF, 0x40,
    0x00, 0x00, 0x0F, 0x40, 0xFF, 0xC0, 0x00, 0x00, 0x03, 0xC0, 0x7F, 0xD0, 0x00, 0x00, 0x00, 0x00,
    0x3F, 0xF0, 0x00, 0x00, 0x00, 0x00, 0x0F, 0xF8, 0x00, 0x00, 0x00, 0x00, 0x07, 0xFD, 0x00, 0x00,
    0x00, 0x00, 0x02, 0xFF, 0x00, 0x00, 0x00, 0x00, 0x00, 0xBF, 0xC0, 0x00, 0x7F, 0xFF, 0xFE, 0x2F,
    0xF0, 0x00, 0x1F, 0xFF, 0xFF, 0x8B, 0xFC, 0x00, 0x00, 0x0B, 0xFC, 0x01, 0xFF, 0x00, 0x00, 0x03,
    0xFF, 0x00, 0x3F, 0xC0, 0x00, 0x00, 0xFF, 0x80, 0x0F, 0xF4, 0x00, 0x00, 0x7F, 0xD0, 0x00, 0xFF,
    0x40, 0x00, 0x3F, 0xF0, 0x00, 0x1F, 0xF9, 0x00, 0xBE, 0xF8, 0x00, 0x00, 0xBF, 0xFF, 0xFC, 0x0D,
    0x00, 0x00, 0x02, 0xFF, 0xE4, 0x00, 0x00, 0x00, 0x00, 0x00, 0x00, 0x90, 0x00, 0x00, 0x00, 0x3F,
    0x40, 0x00, 0x00, 0x1F, 0xFC, 0x00, 0x00, 0x0B, 0xE3, 0xF0, 0x00, 0x02, 0xF4, 0x0F, 0x80, 0x00,
    0x3C, 0x00, 0x3C, 0x00, 0x00, 0x00, 0x00, 0x00, 0x00, 0x07, 0xFE, 0x14, 0x00, 0x07, 0xE0, 0x7F,
    0xD0, 0x01, 0xF8, 0x01, 0xFD, 0x00, 0x7F, 0x00, 0x1F, 0xD0, 0x0F, 0xE0, 0x02, 0xFC, 0x01, 0xFD,
    0x00, 0x3F, 0xC0, 0x3F, 0xC0, 0x03, 0xF8, 0x03, 0xFC, 0x00, 0x7F, 0x40, 0x7F, 0x80, 0x0B, 0xF0,
    0x07, 0xF4, 0x00, 0xFE, 0x00, 0x7F, 0x00, 0x0F, 0xD0, 0x07, 0xF0, 0x01, 0xFC, 0x00, 0x3F, 0x00,
    0x3F, 0xC0, 0x00, 0xF8, 0x1F, 0xF8, 0x00, 0x02, 0xFE, 0x7F, 0x40, 0x00, 0x00, 0x07, 0xF0, 0x00,
    0x00, 0x00, 0xBF, 0x00, 0x00, 0x00, 0x0F, 0xE0, 0x01, 0xF4, 0x01, 0xFD, 0x00, 0x3F, 0xC0, 0x3F,
    0x80, 0x03, 0xF4, 0x1F, 0xD0, 0x00, 0x0B, 0xFF, 0x90, 0x00, 0x00, 0x00, 0x00, 0x00, 0xC0, 0x00,
    0x18, 0x00, 0x00, 0x00, 0x30, 0x00, 0x0D, 0x00, 0x00, 0x00, 0x0B, 0x40, 0x1E, 0x00, 0x00, 0x00,
    0x00, 0x6F, 0xF8, 0x00, 0x00, 0x00, 0x00, 0x00, 0x00, 0x00, 0x00, 0x00, 0x00, 0x6F, 0xFE, 0x40,
    0xB0, 0x00, 0x02, 0xFF, 0xFF, 0xFE, 0xF8, 0x00, 0x0B, 0xFF, 0x40, 0x07, 0xFD, 0x00, 0x0F, 0xFD,
    0x00, 0x00, 0x2F, 0x00, 0x0F, 0xF8, 0x00, 0x00, 0x03, 0xC0, 0x0F, 0xF8, 0x00, 0x00, 0x00, 0x00,
    0x0B, 0xFC, 0x00, 0x00, 0x00, 0x00, 0x07, 0xFD, 0x00, 0x00, 0x00, 0x00, 0x03, 0xFF, 0x00, 0x00,
    0x00, 0x00, 0x01, 0xFF, 0x40, 0x00, 0x00, 0x00, 0x00, 0xFF, 0xC0, 0x00, 0x00, 0x00, 0x00, 0x3F,
    0xE0, 0x00, 0x00, 0x00, 0x00, 0x1F, 0xF4, 0x00, 0x00, 0x00, 0x00, 0x0B, 0xFC, 0x00, 0x00, 0x00,
    0x00, 0x02, 0xFF, 0x00, 0x01, 0xFF, 0xFF, 0xF8, 0xBF, 0xC0, 0x00, 0x7F, 0xFF, 0xFE, 0x2F, 0xF0,
    0x00, 0x00, 0x2F, 0xF0, 0x07, 0xFC, 0x00, 0x00, 0x0F, 0xFC, 0x00, 0xFF, 0x00, 0x00, 0x03, 0xFE,
    0x00, 0x3F, 0xD0, 0x00, 0x01, 0xFF, 0x00, 0x03, 0xFD, 0x00, 0x00, 0xFF, 0xC0, 0x00, 0x7F, 0xE4,
    0x02, 0xFB, 0xE0, 0x00, 0x02, 0xFF, 0xFF, 0xF0, 0x24, 0x00, 0x00, 0x0B, 0xFF, 0x90, 0x00, 0x00,
    0x00, 0x00, 0x01, 0x80, 0x00, 0x20, 0x00, 0x07, 0x00, 0x01, 0xC0, 0x00, 0x0E, 0x00, 0x6D, 0x00,
    0x00, 0x0B, 0xFF, 0x40, 0x00, 0x00, 0x00, 0x00, 0x00, 0x00, 0x00, 0x00, 0x00, 0x00, 0x00, 0x07,
    0xFE, 0x14, 0x00, 0x01, 0xF8, 0x1F, 0xF4, 0x00, 0x1F, 0x80, 0x1F, 0xD0, 0x01, 0xFC, 0x00, 0x7F,
    0x40, 0x0F, 0xE0, 0x02, 0xFC, 0x00, 0x7F, 0x40, 0x0F, 0xF0, 0x03, 0xFC, 0x00, 0x3F, 0x80, 0x0F,
    0xF0, 0x01, 0xFD, 0x00, 0x7F, 0x80, 0x0B, 0xF0, 0x01, 0xFD, 0x00, 0x3F, 0x80, 0x07, 0xF0, 0x00,
    0xFD, 0x00, 0x1F, 0xC0, 0x07, 0xF0, 0x00, 0x3F, 0x00, 0x3F, 0xC0, 0x00, 0x3E, 0x07, 0xFE, 0x00,
    0x00, 0x2F, 0xE7, 0xF4, 0x00, 0x00, 0x00, 0x1F, 0xC0, 0x00, 0x00, 0x00, 0xBF, 0x00, 0x00, 0x00,
    0x03, 0xF8, 0x00, 0x1F, 0x40, 0x1F, 0xD0, 0x00, 0xFF, 0x00, 0xFE, 0x00, 0x03, 0xF4, 0x1F, 0xD0,
    0x00, 0x02, 0xFF, 0xE4, 0x00, 0x00, 0x00, 0x00, 0x00, 0x01, 0xF8, 0x00, 0x00, 0x00, 0x00, 0x00,
    0xFF, 0x00, 0x00, 0x00, 0x00, 0x00, 0xBF, 0xD0, 0x00, 0x00, 0x00, 0x00, 0x1F, 0xF0, 0x00, 0x00,
    0x00, 0x00, 0x02, 0xE0, 0x00, 0x00, 0x00, 0x00, 0x00, 0x00, 0x00, 0x00, 0x00, 0x00, 0x1B, 0xFF,
    0x40, 0x1C, 0x00, 0x00, 0xBF, 0xFF, 0xFC, 0x2E, 0x00, 0x02, 0xFF, 0xD0, 0x0B, 0xEF, 0x80, 0x03,
    0xFF, 0x40, 0x00, 0x7F, 0xD0, 0x03, 0xFE, 0x00, 0x00, 0x0B, 0xF0, 0x03, 0xFE, 0x00, 0x00, 0x01,
    0xFC, 0x02, 0xFF, 0x00, 0x00, 0x00, 0x3E, 0x01, 0xFF, 0x40, 0x00, 0x00, 0x0F, 0x40, 0xFF, 0xC0,
    0x00, 0x00, 0x03, 0xC0, 0x7F, 0xD0, 0x00, 0x00, 0x00, 0x00, 0x3F, 0xF0, 0x00, 0x00, 0x00, 0x00,
    0x0F, 0xF8, 0x00, 0x00, 0x00, 0x00, 0x07, 0xFD, 0x00, 0x00, 0x00, 0x00, 0x02, 0xFF, 0x00, 0x00,
    0x00, 0x00, 0x00, 0xBF, 0xC0, 0x00, 0x7F, 0xFF, 0xFE, 0x2F, 0xF0, 0x00, 0x1F, 0xFF, 0xFF, 0x8B,
    0xFC, 0x00, 0x00, 0x0B, 0xFC, 0x01, 0xFF, 0x00, 0x00, 0x03, 0xFF, 0x00, 0x3F, 0xC0, 0x00, 0x00,
    0xFF, 0x80, 0x0F, 0xF4, 0x00, 0x00, 0x7F, 0xC0, 0x00, 0xFF, 0x40, 0x00, 0x3F, 0xF0, 0x00, 0x1F,
    0xF9, 0x00, 0xBE, 0xF8, 0x00, 0x00, 0xBF, 0xFF, 0xFC, 0x09, 0x00, 0x00, 0x02, 0xFF, 0xE4, 0x00,
    0x00, 0x00, 0x00, 0x00, 0x01, 0xF4, 0x00, 0x00, 0x00, 0x7F, 0xC0, 0x00, 0x00, 0x0B, 0xFC, 0x00,
    0x00, 0x00, 0xBF, 0x80, 0x00, 0x00, 0x03, 0xE0, 0x00, 0x00, 0x00, 0x00, 0x00, 0x00, 0x00, 0x00,
    0x00, 0x00, 0x00, 0x00, 0x00, 0x00, 0x00, 0x00, 0x7F, 0xE1, 0x40, 0x00, 0x7E, 0x07, 0xFD, 0x00,
    0x1F, 0x80, 0x1F, 0xD0, 0x07, 0xF0, 0x01, 0xFD, 0x00, 0xFE, 0x00, 0x2F, 0xC0, 0x1F, 0xD0, 0x03,
    0xFC, 0x03, 0xFC, 0x00, 0x3F, 0x80, 0x3F, 0xC0, 0x07, 0xF4, 0x07, 0xF8, 0x00, 0xBF, 0x00, 0x7F,
    0x40, 0x0F, 0xE0, 0x07, 0xF0, 0x00, 0xFD, 0x00, 0x7F, 0x00, 0x1F, 0xC0, 0x03, 0xF0, 0x03, 0xFC,
    0x00, 0x0F, 0x81, 0xFF, 0x80, 0x00, 0x2F, 0xE7, 0xF4, 0x00, 0x00, 0x00, 0x7F, 0x00, 0x00, 0x00,
    0x0B, 0xF0, 0x00, 0x00, 0x00, 0xFE, 0x00, 0x1F, 0x40, 0x1F, 0xD0, 0x03, 0xFC, 0x03, 0xF8, 0x00,
    0x3F, 0x41, 0xFD, 0x00, 0x00, 0xBF, 0xF9, 0x00, 0x00, 0x00, 0x00, 0x00, 0x00, 0x02, 0x80, 0x00,
    0x00, 0x00, 0x00, 0x00, 0x00, 0x1F, 0xE0, 0x00, 0x00, 0x00, 0x00, 0x00, 0x00, 0xBF, 0xF8, 0x00,
    0x00, 0x00, 0x00, 0x00, 0x03, 0xF8, 0xBD, 0x00, 0x00, 0x00, 0x00, 0x00, 0x0F, 0x80, 0x1F, 0x00,
    0x00, 0x00, 0x00, 0x00, 0x05, 0x00, 0x01, 0x00, 0x00, 0x00, 0x00, 0x00, 0x00, 0x00, 0x00, 0x00,
    0x00, 0x00, 0x1F, 0xFF, 0xFF, 0xC1, 0xFF, 0xFF, 0xFC, 0x00, 0x00, 0x7F, 0xD0, 0x00, 0x07, 0xFD,
    0x00, 0x00, 0x00, 0xBF, 0xC0, 0x00, 0x0B, 0xFC, 0x00, 0x00, 0x00, 0xFF, 0xC0, 0x00, 0x0F, 0xFC,
    0x00, 0x00, 0x00, 0xFF, 0x80, 0x00, 0x0F, 0xF8, 0x00, 0x00, 0x01, 0xFF, 0x40, 0x00, 0x1F, 0xF4,
    0x00, 0x00, 0x02, 0xFF, 0x00, 0x00, 0x2F, 0xF0, 0x00, 0x00, 0x03, 0xFF, 0x00, 0x00, 0x3F, 0xF0,
    0x00, 0x00, 0x03, 0xFE, 0x00, 0x00, 0x3F, 0xE0, 0x00, 0x00, 0x07, 0xFD, 0x00, 0x00, 0x7F, 0xD0,
    0x00, 0x00, 0x0B, 0xFF, 0xFF, 0xFF, 0xFF, 0xC0, 0x00, 0x00, 0x0F, 0xFF, 0xFF, 0xFF, 0xFF, 0xC0,
    0x00, 0x00, 0x0F, 0xF8, 0x00, 0x00, 0xFF, 0x80, 0x00, 0x00, 0x1F, 0xF4, 0x00, 0x00, 0xFF, 0x40,
    0x00, 0x00, 0x2F, 0xF0, 0x00, 0x01, 0xFF, 0x00, 0x00, 0x00, 0x3F, 0xF0, 0x00, 0x02, 0xFF, 0x00,
    0x00, 0x00, 0x3F, 0xE0, 0x00, 0x03, 0xFE, 0x00, 0x00, 0x00, 0x3F, 0xD0, 0x00, 0x03, 0xFD, 0x00,
    0x00, 0x00, 0x7F, 0xC0, 0x00, 0x07, 0xFC, 0x00, 0x00, 0x00, 0xBF, 0xC0, 0x00, 0x0B, 0xFC, 0x00,
    0x00, 0x00, 0xFF, 0x80, 0x00, 0x0F, 0xF8, 0x00, 0x00, 0xBF, 0xFF, 0xFE, 0x0B, 0xFF, 0xFF, 0xE0,
    0x00, 0xBF, 0xFF, 0xFE, 0x0B, 0xFF, 0xFF, 0xE0, 0x00, 0x00, 0x00, 0x00, 0x14, 0x00, 0x00, 0x00,
    0x02, 0xF4, 0x00, 0x00, 0x00, 0x3F, 0xF0, 0x00, 0x00, 0x07, 0xF3, 0xE0, 0x00, 0x00, 0xBE, 0x03,
    0xD0, 0x00, 0x03, 0xD0, 0x07, 0xC0, 0x00, 0x04, 0x00, 0x00, 0x00, 0xBF, 0xF0, 0x00, 0x00, 0x00,
    0x3F, 0xC0, 0x00, 0x00, 0x00, 0xFF, 0x00, 0x00, 0x00, 0x03, 0xF8, 0x00, 0x00, 0x00, 0x1F, 0xD0,
    0x00, 0x00, 0x00, 0xBF, 0x00, 0x00, 0x00, 0x03, 0xFC, 0x00, 0x00, 0x00, 0x0F, 0xE0, 0x00, 0x00,
    0x00, 0x7F, 0x5B, 0xF8, 0x00, 0x02, 0xFF, 0xD0, 0xFD, 0x00, 0x0F, 0xFC, 0x01, 0xFC, 0x00, 0x3F,
    0xC0, 0x07, 0xF0, 0x01, 0xFD, 0x00, 0x2F, 0xC0, 0x0B, 0xF0, 0x00, 0xFE, 0x00, 0x3F, 0xC0, 0x03,
    0xF4, 0x00, 0xFE, 0x00, 0x1F, 0xC0, 0x07, 0xF4, 0x00, 0xFF, 0x00, 0x2F, 0xC0, 0x03, 0xF4, 0x00,
    0xFF, 0x00, 0x1F, 0xC1, 0xD3, 0xF8, 0x00, 0xFE, 0x0B, 0x1F, 0xD0, 0x03, 0xF4, 0x78, 0x7F, 0x00,
    0x0B, 0xD3, 0x80, 0xF4, 0x00, 0x07, 0xF4, 0x00, 0x00, 0x03, 0xFF, 0xFF, 0xFD, 0x00, 0x03, 0xFF,
    0xFF, 0xFD, 0x00, 0x00, 0x00, 0x00, 0x00, 0x00, 0x00, 0x00, 0x00, 0x00, 0x00, 0x0B, 0xFF, 0xFF,
    0xF0, 0x00, 0x0B, 0xFF, 0xFF, 0xF0, 0x00, 0x00, 0x1F, 0xF0, 0x00, 0x00, 0x00, 0x2F, 0xF0, 0x00,
    0x00, 0x00, 0x3F, 0xE0, 0x00, 0x00, 0x00, 0x3F, 0xD0, 0x00, 0x00, 0x00, 0x7F, 0xC0, 0x00, 0x00,
    0x00, 0xBF, 0xC0, 0x00, 0x00, 0x00, 0xFF, 0x80, 0x00, 0x00, 0x00, 0xFF, 0x40, 0x00, 0x00, 0x01,
    0xFF, 0x00, 0x00, 0x00, 0x02, 0xFF, 0x00, 0x00, 0x00, 0x03, 0xFE, 0x00, 0x00, 0x00, 0x03, 0xFD,
    0x00, 0x00, 0x00, 0x07, 0xFC, 0x00, 0x00, 0x00, 0x0B, 0xFC, 0x00, 0x00, 0x00, 0x0F, 0xF8, 0x00,
    0x00, 0x00, 0x0F, 0xF4, 0x00, 0x00, 0x00, 0x1F, 0xF0, 0x00, 0x00, 0x00, 0x2F, 0xF0, 0x00, 0x00,
    0x00, 0x3F, 0xE0, 0x00, 0x00, 0x3F, 0xFF, 0xFF, 0xC0, 0x00, 0x3F, 0xFF, 0xFF, 0x80, 0x00, 0x07,
    0xFF, 0xFF, 0xFC, 0x07, 0xFF, 0xFF, 0xFC, 0x00, 0x00, 0x00, 0x00, 0x00, 0x00, 0x00, 0x00, 0x00,
    0x00, 0x00, 0x00, 0x00, 0x00, 0x00, 0x00, 0x01, 0xFD, 0x00, 0x00, 0x0B, 0x5F, 0x80, 0x00, 0x1D,
    0x1F, 0xC0, 0x00, 0x3C, 0x2F, 0xC0, 0x00, 0x74, 0x3F, 0x80, 0x00, 0x00, 0x7F, 0x00, 0x00, 0x00,
    0xFF, 0x00, 0x00, 0x00, 0xFD, 0x00, 0x00, 0x02, 0xFC, 0x00, 0x00, 0x03, 0xF8, 0x00, 0x00, 0x03,
    0xF4, 0x38, 0x00, 0x0B, 0xF0, 0x74, 0x00, 0x0B, 0xE0, 0xF0, 0x00, 0x07, 0xE3, 0xC0, 0x00, 0x01,
    0xFE, 0x00, 0x00, 0x00, 0x00, 0x00, 0x7D, 0x00, 0x00, 0x00, 0x07, 0xFC, 0x00, 0x00, 0x00, 0x2F,
    0xF0, 0x00, 0x00, 0x00, 0xBF, 0x80, 0x00, 0x00, 0x00, 0xF8, 0x00, 0x00, 0x00, 0x00, 0x00, 0x00,
    0x00, 0x00, 0x00, 0x00, 0x00, 0x00, 0x00, 0x00, 0x00, 0x00, 0x0B, 0xFF, 0xFF, 0xF0, 0x00, 0x2F,
    0xFF, 0xFF, 0xC0, 0x00, 0x01, 0xFF, 0x00, 0x00, 0x00, 0x0B, 0xFC, 0x00, 0x00, 0x00, 0x3F, 0xE0,
    0x00, 0x00, 0x00, 0xFF, 0x40, 0x00, 0x00, 0x07, 0xFC, 0x00, 0x00, 0x00, 0x2F, 0xF0, 0x00, 0x00,
    0x00, 0xFF, 0x80, 0x00, 0x00, 0x03, 0xFD, 0x00, 0x00, 0x00, 0x1F, 0xF0, 0x00, 0x00, 0x00, 0xBF,
    0xC0, 0x00, 0x00, 0x03, 0xFE, 0x00, 0x00, 0x00, 0x0F, 0xF4, 0x00, 0x00, 0x00, 0x7F, 0xC0, 0x00,
    0x00, 0x02, 0xFF, 0x00, 0x00, 0x00, 0x0F, 0xF8, 0x00, 0x00, 0x00, 0x3F, 0xD0, 0x00, 0x00, 0x01,
    0xFF, 0x00, 0x00, 0x00, 0x0B, 0xFC, 0x00, 0x00, 0x00, 0x3F, 0xE0, 0x00, 0x00, 0xFF, 0xFF, 0xFF,
    0x00, 0x03, 0xFF, 0xFF, 0xF8, 0x00, 0x00, 0x01, 0xFD, 0x00, 0x2D, 0x7E, 0x01, 0xD1, 0xFC, 0x0F,
    0x0B, 0xF0, 0x74, 0x3F, 0x80, 0x01, 0xFC, 0x00, 0x0F, 0xF0, 0x00, 0x3F, 0x40, 0x02, 0xFC, 0x00,
    0x0F, 0xE0, 0x00, 0x3F, 0x43, 0x82, 0xFC, 0x1D, 0x0B, 0xE0, 0xF0, 0x1F, 0x8F, 0x00, 0x1F, 0xE0,
    0x00, 0x00, 0x00, 0x00, 0x00, 0x24, 0x00, 0x00, 0x00, 0x00, 0x1F, 0xD0, 0x00, 0x00, 0x00, 0x0F,
    0xFF, 0x40, 0x00, 0x00, 0x07, 0xF4, 0xFC, 0x00, 0x00, 0x00, 0xF8, 0x02, 0xF0, 0x00, 0x00, 0x04,
    0x00, 0x04, 0x00, 0x00, 0x00, 0x00, 0x00, 0x00, 0x00, 0x02, 0xFF, 0xFF, 0xF8, 0x00, 0x00, 0x00,
    0x2F, 0xE0, 0x00, 0x00, 0x00, 0x03, 0xFD, 0x00, 0x00, 0x00, 0x00, 0x3F, 0xC0, 0x00, 0x00, 0x00,
    0x07, 0xFC, 0x00, 0x00, 0x00, 0x00, 0xBF, 0x80, 0x00, 0x00, 0x00, 0x0F, 0xF4, 0x00, 0x00, 0x00,
    0x00, 0xFF, 0x00, 0x00, 0x00, 0x00, 0x1F, 0xF0, 0x00, 0x00, 0x00, 0x02, 0xFF, 0x00, 0x00, 0x00,
    0x00, 0x3F, 0xE0, 0x00, 0x00, 0x00, 0x03, 0xFD, 0x00, 0x00, 0x00, 0x00, 0x7F, 0xC0, 0x00, 0x00,
    0x00, 0x0B, 0xFC, 0x00, 0x00, 0x00, 0x00, 0xFF, 0x80, 0x00, 0x00, 0x00, 0x0F, 0xF4, 0x00, 0x00,
    0x00, 0x01, 0xFF, 0x00, 0x00, 0x1F, 0x80, 0x2F, 0xF0, 0x00, 0x07, 0xFD, 0x03, 0xFD, 0x00, 0x00,
    0xBF, 0xC0, 0x7F, 0xC0, 0x00, 0x0B, 0xF4, 0x0F, 0xF0, 0x00, 0x00, 0x3E, 0x07, 0xF8, 0x00, 0x00,
    0x00, 0x7F, 0xF8, 0x00, 0x00, 0x00, 0x00, 0x00, 0x00, 0x00, 0x00, 0x00, 0x00, 0x00, 0x00, 0x28,
    0x00, 0x00, 0x00, 0x03, 0xF8, 0x00, 0x00, 0x00, 0x3F, 0xF4, 0x00, 0x00, 0x07, 0xE2, 0xF0, 0x00,
    0x00, 0xBD, 0x03, 0xE0, 0x00, 0x03, 0xC0, 0x03, 0xC0, 0x00, 0x00, 0x00, 0x00, 0x00, 0x00, 0x7F,
    0x80, 0x00, 0x00, 0x0F, 0x0F, 0xC0, 0x00, 0x00, 0xE0, 0x3F, 0x40, 0x00, 0x0B, 0x00, 0xFD, 0x00,
    0x00, 0x34, 0x07, 0xF0, 0x00, 0x00, 0x00, 0x2F, 0xC0, 0x00, 0x00, 0x00, 0xFE, 0x00, 0x00, 0x00,
    0x03, 0xF4, 0x00, 0x00, 0x00, 0x1F, 0xC0, 0x00, 0x00, 0x00, 0xBF, 0x00, 0x00, 0x00, 0x03, 0xF8,
    0x00, 0x00, 0x00, 0x0F, 0xD0, 0x00, 0x00, 0x00, 0x7F, 0x00, 0x00, 0x00, 0x02, 0xFC, 0x00, 0x00,
    0x00, 0x0F, 0xE0, 0x00, 0x00, 0x00, 0x3F, 0x40, 0x00, 0x00, 0x01, 0xFC, 0x00, 0x00, 0x00, 0x0B,
    0xF0, 0x00, 0x00, 0xF8, 0x3F, 0x40, 0x00, 0x0F, 0xF2, 0xF8, 0x00, 0x00, 0x3F, 0x5F, 0x80, 0x00,
    0x00, 0x2F, 0xE0, 0x00, 0x00, 0x00, 0x00, 0x00, 0x00, 0xBC, 0x00, 0x00, 0x00, 0x02, 0xFF, 0x40,
    0x00, 0x00, 0x0B, 0xFF, 0xC0, 0x00, 0x00, 0x03, 0xE5, 0x00, 0x00, 0x00, 0x00, 0x00, 0x00, 0x00,
    0x00, 0x00, 0x00, 0x00, 0x00, 0x00, 0x01, 0xFF, 0xFF, 0xFF, 0x00, 0x00, 0x7F, 0xFF, 0xFF, 0x80,
    0x00, 0x00, 0x7F, 0xC0, 0x00, 0x00, 0x00, 0x2F, 0xF0, 0x00, 0x00, 0x00, 0x0F, 0xF8, 0x00, 0x00,
    0x00, 0x03, 0xFD, 0x00, 0x00, 0x00, 0x01, 0xFF, 0x00, 0x00, 0x00, 0x00, 0xBF, 0xC0, 0x00, 0x00,
    0x00, 0x3F, 0xE0, 0x00, 0x00, 0x00, 0x0F, 0xF4, 0x00, 0x00, 0x00, 0x07, 0xFC, 0x00, 0x00, 0x00,
    0x02, 0xFF, 0x00, 0x00, 0x00, 0x00, 0xFF, 0x80, 0x00, 0x00, 0x00, 0x3F, 0xD0, 0x00, 0x00, 0x00,
    0x1F, 0xF0, 0x00, 0x07, 0x40, 0x0B, 0xFC, 0x00, 0x03, 0xC0, 0x03, 0xFE, 0x00, 0x01, 0xF0, 0x00,
    0xFF, 0x40, 0x00, 0xF8, 0x00, 0x7F, 0xC0, 0x00, 0xBC, 0x00, 0x2F, 0xF0, 0x00, 0xBF, 0x00, 0x0F,
    0xF8, 0x01, 0xFF, 0x42, 0xFF, 0xFF, 0xFF, 0xFF, 0xC0, 0xBF, 0xFF, 0xFF, 0xFF, 0xE0, 0x00, 0x00,
    0x00, 0x00, 0x10, 0x00, 0x00, 0x0B, 0xE0, 0x00, 0x02, 0xFF, 0x80, 0x00, 0x7F, 0xFC, 0x00, 0x02,
    0xF9, 0x00, 0x00, 0x00, 0x00, 0x00, 0x00, 0x00, 0x00, 0x00, 0xBF, 0xF0, 0x00, 0x00, 0x3F, 0xC0,
    0x00, 0x00, 0xFF, 0x00, 0x00, 0x03, 0xF8, 0x00, 0x00, 0x1F, 0xD0, 0x00, 0x00, 0xBF, 0x00, 0x00,
    0x03, 0xFC, 0x00, 0x00, 0x0F, 0xE0, 0x00, 0x00, 0x7F, 0x40, 0x00, 0x02, 0xFC, 0x00, 0x00, 0x0F,
    0xF0, 0x00, 0x00, 0x3F, 0x80, 0x00, 0x01, 0xFD, 0x00, 0x00, 0x0B, 0xF0, 0x00, 0x00, 0x3F, 0xC0,
    0x00, 0x00, 0xFE, 0x00, 0x00, 0x07, 0xF4, 0x00, 0x00, 0x2F, 0xC0, 0x00, 0x00, 0xFF, 0x0E, 0x00,
    0x03, 0xF8, 0x78, 0x00, 0x0F, 0xD2, 0xC0, 0x00, 0x1F, 0x5D, 0x00, 0x00, 0x1F, 0xD0, 0x00, 0x00,
    0x00, 0x00, 0x00, 0x00, 0x1F, 0x80, 0x00, 0x00, 0x00, 0x07, 0xFD, 0x00, 0x00, 0x00, 0x00, 0xBF,
    0xE0, 0x00, 0x00, 0x00, 0x07, 0xFD, 0x00, 0x1F, 0xFF, 0xFF, 0xFE, 0xC0, 0x01, 0xFF, 0xFF, 0xFE,
    0x38, 0x00, 0x00, 0x7F, 0xD0, 0x0B, 0x00, 0x00, 0x0B, 0xFC, 0x02, 0xC0, 0x00, 0x00, 0xFF, 0x80,
    0xE0, 0x00, 0x00, 0x0F, 0xF4, 0x00, 0x00, 0x00, 0x01, 0xFF, 0x00, 0x00, 0x00, 0x00, 0x2F, 0xF0,
    0x00, 0x00, 0x00, 0x03, 0xFE, 0x00, 0x00, 0x00, 0x00, 0x3F, 0xD0, 0x00, 0x00, 0x00, 0x07, 0xFC,
    0x00, 0x00, 0x00, 0x00, 0xBF, 0xC0, 0x00, 0x00, 0x00, 0x0F, 0xF8, 0x00, 0x00, 0x00, 0x00, 0xFF,
    0x40, 0x00, 0x00, 0x00, 0x1F, 0xF0, 0x00, 0x07, 0x40, 0x02, 0xFF, 0x00, 0x00, 0xF0, 0x00, 0x3F,
    0xE0, 0x00, 0x1F, 0x00, 0x03, 0xFD, 0x00, 0x03, 0xE0, 0x00, 0x7F, 0xC0, 0x00, 0xBC, 0x00, 0x0B,
    0xFC, 0x00, 0x2F, 0xC0, 0x00, 0xFF, 0x80, 0x1F, 0xF4, 0x0B, 0xFF, 0xFF, 0xFF, 0xFF, 0x00, 0xBF,
    0xFF, 0xFF, 0xFF, 0xE0, 0x00, 0x00, 0x00, 0x00, 0xB8, 0x00, 0x00, 0x02, 0xFD, 0x00, 0x00, 0x03,
    0xFE, 0x02, 0xFF, 0xC7, 0xFF, 0x00, 0x3F, 0xC3, 0xFE, 0x00, 0x3F, 0xC0, 0x1C, 0x00, 0x3F, 0x80,
    0x78, 0x00, 0x7F, 0x41, 0xE0, 0x00, 0xBF, 0x0B, 0x80, 0x00, 0xFF, 0x04, 0x00, 0x00, 0xFE, 0x00,
    0x00, 0x01, 0xFD, 0x00, 0x00, 0x02, 0xFC, 0x00, 0x00, 0x03, 0xFC, 0x00, 0x00, 0x03, 0xF8, 0x00,
    0x00, 0x07, 0xF4, 0x00, 0x00, 0x0B, 0xF0, 0x00, 0x00, 0x0F, 0xF0, 0x00, 0x00, 0x0F, 0xE0, 0x00,
    0x00, 0x1F, 0xD0, 0x00, 0x00, 0x2F, 0xC0, 0x00, 0x00, 0x3F, 0xC3, 0x80, 0x00, 0x3F, 0x87, 0x80,
    0x00, 0x3F, 0x4B, 0x00, 0x00, 0x1F, 0x5D, 0x00, 0x00, 0x07, 0xF4, 0x00, 0x00, 0x00, 0x1F, 0xFF,
    0xFF, 0xF0, 0x00, 0x07, 0xFF, 0xFF, 0xF8, 0x00, 0x00, 0x07, 0xFC, 0x00, 0x00, 0x00, 0x02, 0xFF,
    0x00, 0x00, 0x00, 0x00, 0xFF, 0x80, 0x10, 0x00, 0x00, 0x3F, 0xD0, 0x7C, 0x00, 0x00, 0x1F, 0xF0,
    0xBC, 0x00, 0x00, 0x0B, 0xFD, 0xF8, 0x00, 0x00, 0x03, 0xFF, 0xF0, 0x00, 0x00, 0x00, 0xFF, 0xE0,
    0x00, 0x00, 0x00, 0x7F, 0xC0, 0x00, 0x00, 0x00, 0x2F, 0xF0, 0x00, 0x00, 0x00, 0x2F, 0xF8, 0x00,
    0x00, 0x00, 0x7F, 0xFD, 0x00, 0x00, 0x00, 0x7E, 0xFF, 0x00, 0x00, 0x74, 0x04, 0xBF, 0xC0, 0x00,
    0x3C, 0x00, 0x3F, 0xE0, 0x00, 0x1F, 0x00, 0x0F, 0xF4, 0x00, 0x0F, 0x80, 0x07, 0xFC, 0x00, 0x0B,
    0xC0, 0x02, 0xFF, 0x00, 0x0B, 0xF0, 0x00, 0xFF, 0x80, 0x1F, 0xF4, 0x2F, 0xFF, 0xFF, 0xFF, 0xFC,
    0x0B, 0xFF, 0xFF, 0xFF, 0xFE, 0x00, 0x00, 0xFF, 0xE0, 0x00, 0x7F, 0x80, 0x02, 0xFD, 0x00, 0x0B,
    0xF0, 0x00, 0x3F, 0xC0, 0x00, 0xFE, 0x00, 0x07, 0xF4, 0x40, 0x2F, 0xCF, 0x00, 0xFF, 0xF0, 0x03,
    0xFE, 0x00, 0x1F, 0xE0, 0x00, 0xFF, 0x00, 0x1F, 0xFC, 0x01, 0xFF, 0xE0, 0x00, 0x7F, 0x40, 0x02,
    0xFC, 0x00, 0x0F, 0xF0, 0x00, 0x3F, 0x80, 0x01, 0xFD, 0x1C, 0x07, 0xF0, 0xF0, 0x1F, 0xC7, 0x80,
    0x3F, 0x3C, 0x00, 0x2F, 0x80, 0x00, 0x00, 0x00, 0x00, 0x00, 0x00, 0xBC, 0x00, 0x00, 0x00, 0x00,
    0x00, 0x00, 0x0B, 0xFC, 0x00, 0x00, 0x00, 0x00, 0x00, 0x00, 0xFF, 0xF8, 0x00, 0x00, 0x00, 0x00,
    0x00, 0x00, 0xF9, 0x40, 0x00, 0x00, 0x00, 0x00, 0x00, 0x00, 0x00, 0x00, 0x00, 0x00, 0x00, 0x00,
    0x00, 0x00, 0x00, 0x00, 0x00, 0x00, 0x00, 0x1F, 0xFF, 0xE0, 0x00, 0x0F, 0xFF, 0xFC, 0x00, 0x1F,
    0xFF, 0xF0, 0x00, 0x0F, 0xFF, 0xFC, 0x00, 0x00, 0x7F, 0xF8, 0x00, 0x00, 0x3D, 0x00, 0x00, 0x00,
    0xBF, 0xFC, 0x00, 0x00, 0x3C, 0x00, 0x00, 0x00, 0xF7, 0xFE, 0x00, 0x00, 0x78, 0x00, 0x00, 0x00,
    0xF2, 0xFF, 0x00, 0x00, 0xB4, 0x00, 0x00, 0x01, 0xE0, 0xFF, 0x80, 0x00, 0xF0, 0x00, 0x00, 0x02,
    0xD0, 0xBF, 0xD0, 0x00, 0xF0, 0x00, 0x00, 0x03, 0xC0, 0x3F, 0xF0, 0x01, 0xE0, 0x00, 0x00, 0x03,
    0xC0, 0x2F, 0xF4, 0x02, 0xD0, 0x00, 0x00, 0x07, 0x80, 0x0F, 0xFC, 0x03, 0xC0, 0x00, 0x00, 0x0B,
    0x40, 0x0B, 0xFD, 0x03, 0xC0, 0x00, 0x00, 0x0F, 0x00, 0x03, 0xFF, 0x07, 0x80, 0x00, 0x00, 0x0F,
    0x00, 0x02, 0xFF, 0x4B, 0x40, 0x00, 0x00, 0x1E, 0x00, 0x00, 0xFF, 0xCF, 0x00, 0x00, 0x00, 0x2D,
    0x00, 0x00, 0xBF, 0xDF, 0x00, 0x00, 0x00, 0x3C, 0x00, 0x00, 0x3F, 0xFE, 0x00, 0x00, 0x00, 0x3C,
    0x00, 0x00, 0x1F, 0xFD, 0x00, 0x00, 0x00, 0x78, 0x00, 0x00, 0x0F, 0xFC, 0x00, 0x00, 0x00, 0xB4,
    0x00, 0x00, 0x07, 0xFC, 0x00, 0x00, 0x00, 0xF0, 0x00, 0x00, 0x03, 0xF8, 0x00, 0x00, 0xBF, 0xFF,
    0xC0, 0x00, 0x01, 0xF4, 0x00, 0x00, 0xBF, 0xFF, 0xC0, 0x00, 0x00, 0xF0, 0x00, 0x00, 0x00, 0x00,
    0x00, 0x02, 0xD0, 0x00, 0x00, 0x00, 0x07, 0xFC, 0x00, 0x00, 0x00, 0x0B, 0xFF, 0x00, 0x00, 0x00,
    0x0F, 0xFE, 0x00, 0x00, 0x00, 0x07, 0xE4, 0x00, 0x00, 0x00, 0x00, 0x00, 0x00, 0x00, 0x00, 0x00,
    0x00, 0x00, 0x00, 0x00, 0x00, 0x00, 0x00, 0x00, 0x02, 0xF8, 0x06, 0xFE, 0x00, 0x03, 0x8F, 0xCF,
    0x43, 0xF4, 0x02, 0xC3, 0xFE, 0x00, 0x7F, 0x00, 0xF0, 0xFF, 0x00, 0x1F, 0xC0, 0x74, 0x7F, 0x40,
    0x0B, 0xF0, 0x04, 0x2F, 0xC0, 0x03, 0xF8, 0x00, 0x0F, 0xE0, 0x00, 0xFD, 0x00, 0x03, 0xF4, 0x00,
    0xBF, 0x00, 0x01, 0xFC, 0x00, 0x3F, 0x80, 0x00, 0xBF, 0x00, 0x0F, 0xD0, 0x00, 0x3F, 0x80, 0x0B,
    0xF0, 0x74, 0x0F, 0xD0, 0x03, 0xF8, 0x2C, 0x07, 0xF0, 0x00, 0xFD, 0x0E, 0x02, 0xFC, 0x00, 0x2F,
    0x5E, 0x00, 0x7D, 0x00, 0x01, 0xFD, 0x00, 0x00, 0x00, 0x00, 0x03, 0xFF, 0xFF, 0xC0, 0x00, 0x00,
    0x00, 0x00, 0x01, 0xFF, 0xFF, 0x40, 0x00, 0x00, 0x00, 0x00, 0x00, 0x3F, 0xF4, 0x00, 0x00, 0x00,
    0x00, 0x00, 0x00, 0x0B, 0x40, 0x00, 0x00, 0x00, 0x00, 0x00, 0x00, 0x00, 0x00, 0x00, 0x00, 0x00,
    0x00, 0x00, 0x00, 0x00, 0x00, 0x00, 0x00, 0x00, 0x00, 0x00, 0x00, 0x00, 0x00, 0x00, 0x00, 0x00,
    0x1F, 0xFF, 0xE0, 0x00, 0x0F, 0xFF, 0xFC, 0x00, 0x1F, 0xFF, 0xF0, 0x00, 0x0F, 0xFF, 0xFC, 0x00,
    0x00, 0x7F, 0xF8, 0x00, 0x00, 0x3D, 0x00, 0x00, 0x00, 0xBF, 0xFC, 0x00, 0x00, 0x3C, 0x00, 0x00,
    0x00, 0xF7, 0xFE, 0x00, 0x00, 0x78, 0x00, 0x00, 0x00, 0xF2, 0xFF, 0x00, 0x00, 0xB4, 0x00, 0x00,
    0x01, 0xE0, 0xFF, 0x80, 0x00, 0xF0, 0x00, 0x00, 0x02, 0xD0, 0xBF, 0xD0, 0x00, 0xF0, 0x00, 0x00,
    0x03, 0xC0, 0x3F, 0xF0, 0x01, 0xE0, 0x00, 0x00, 0x03, 0xC0, 0x2F, 0xF4, 0x02, 0xD0, 0x00, 0x00,
    0x07, 0x80, 0x0F, 0xFC, 0x03, 0xC0, 0x00, 0x00, 0x0B, 0x40, 0x0B, 0xFD, 0x03, 0xC0, 0x00, 0x00,
    0x0F, 0x00, 0x03, 0xFF, 0x07, 0x80, 0x00, 0x00, 0x0F, 0x00, 0x02, 0xFF, 0x4B, 0x40, 0x00, 0x00,
    0x1E, 0x00, 0x00, 0xFF, 0xCF, 0x00, 0x00, 0x00, 0x2D, 0x00, 0x00, 0xBF, 0xDF, 0x00, 0x00, 0x00,
    0x3C, 0x00, 0x00, 0x3F, 0xFE, 0x00, 0x00, 0x00, 0x3C, 0x00, 0x00, 0x1F, 0xFD, 0x00, 0x00, 0x00,
    0x78, 0x00, 0x00, 0x0F, 0xFC, 0x00, 0x00, 0x00, 0xB4, 0x00, 0x00, 0x07, 0xFC, 0x00, 0x00, 0x00,
    0xF0, 0x00, 0x00, 0x03, 0xF8, 0x00, 0x00, 0xBF, 0xFF, 0xC0, 0x00, 0x01, 0xF4, 0x00, 0x00, 0xBF,
    0xFF, 0xC0, 0x00, 0x00, 0xF0, 0x00, 0x00, 0x00, 0x00, 0x40, 0x00, 0x10, 0x00, 0x00, 0x78, 0x00,
    0xB8, 0x00, 0x00, 0x0B, 0xD6, 0xF4, 0x00, 0x00, 0x00, 0xFF, 0xF4, 0x00, 0x00, 0x00, 0x0F, 0xF0,
    0x00, 0x00, 0x00, 0x01, 0xE0, 0x00, 0x00, 0x00, 0x00, 0x00, 0x00, 0x00, 0x0B, 0xE0, 0x1B, 0xF8,
    0x00, 0x0E, 0x3F, 0x3D, 0x0F, 0xD0, 0x0B, 0x0F, 0xF8, 0x01, 0xFC, 0x03, 0xC3, 0xFC, 0x00, 0x7F,
    0x01, 0xD1, 0xFD, 0x00, 0x2F, 0xC0, 0x10, 0xBF, 0x00, 0x0F, 0xE0, 0x00, 0x3F, 0x80, 0x03, 0xF4,
    0x00, 0x0F, 0xD0, 0x02, 0xFC, 0x00, 0x07, 0xF0, 0x00, 0xFE, 0x00, 0x02, 0xFC, 0x00, 0x3F, 0x40,
    0x00, 0xFE, 0x00, 0x2F, 0xC1, 0xD0, 0x3F, 0x40, 0x0F, 0xE0, 0xB0, 0x1F, 0xC0, 0x03, 0xF4, 0x38,
    0x0B, 0xF0, 0x00, 0xBD, 0x78, 0x01, 0xF4, 0x00, 0x07, 0xF4, 0x00, 0x00, 0x00, 0x00, 0x06, 0xE0,
    0x2E, 0x00, 0x00, 0x00, 0x7F, 0xF6, 0xFF, 0x00, 0x00, 0x03, 0xFF, 0xFF, 0xFD, 0x00, 0x00, 0x07,
    0xE4, 0xBE, 0x50, 0x00, 0x00, 0x00, 0x00, 0x00, 0x00, 0x00, 0x00, 0x02, 0xFF, 0xE4, 0x00, 0x00,
    0x00, 0x7F, 0x40, 0x7F, 0x40, 0x00, 0x03, 0xF8, 0x00, 0x0F, 0xE0, 0x00, 0x0F, 0xD0, 0x00, 0x07,
    0xF4, 0x00, 0x3F, 0x80, 0x00, 0x03, 0xFC, 0x00, 0xFF, 0x00, 0x00, 0x03, 0xFC, 0x02, 0xFD, 0x00,
    0x00, 0x03, 0xFD, 0x07, 0xFC, 0x00, 0x00, 0x03, 0xFD, 0x0F, 0xF8, 0x00, 0x00, 0x03, 0xFE, 0x1F,
    0xF0, 0x00, 0x00, 0x03, 0xFD, 0x2F, 0xF0, 0x00, 0x00, 0x07, 0xFD, 0x3F, 0xE0, 0x00, 0x00, 0x0B,
    0xFC, 0x7F, 0xD0, 0x00, 0x00, 0x0F, 0xFC, 0xBF, 0xC0, 0x00, 0x00, 0x0F, 0xF8, 0xBF, 0xC0, 0x00,
    0x00, 0x1F, 0xF0, 0xBF, 0xC0, 0x00, 0x00, 0x3F, 0xE0, 0xBF, 0xC0, 0x00, 0x00, 0x3F, 0xC0, 0xBF,
    0xC0, 0x00, 0x00, 0xBF, 0x80, 0x7F, 0xC0, 0x00, 0x00, 0xFF, 0x00, 0x3F, 0xC0, 0x00, 0x03, 0xFC,
    0x00, 0x2F, 0xD0, 0x00, 0x0B, 0xF0, 0x00, 0x0F, 0xF0, 0x00, 0x2F, 0x80, 0x00, 0x02, 0xFD, 0x01,
    0xFD, 0x00, 0x00, 0x00, 0x1B, 0xFE, 0x40, 0x00, 0x00, 0x00, 0x00, 0x00, 0x00, 0x00, 0x00, 0x00,
    0x02, 0xE0, 0x2D, 0x00, 0x00, 0x1F, 0xF1, 0xFF, 0x00, 0x00, 0xBF, 0xFF, 0xFE, 0x00, 0x03, 0xFF,
    0xFF, 0xF8, 0x00, 0x03, 0xE4, 0x7A, 0x40, 0x00, 0x00, 0x00, 0x00, 0x00, 0x00, 0x00, 0x00, 0x00,
    0x00, 0x00, 0x00, 0x00, 0x00, 0x00, 0x00, 0x06, 0xFF, 0x90, 0x00, 0x00, 0x3F, 0x41, 0xFC, 0x00,
    0x01, 0xFC, 0x00, 0x7F, 0x00, 0x03, 0xF4, 0x00, 0x3F, 0x40, 0x0F, 0xE0, 0x00, 0x3F, 0x80, 0x1F,
    0xD0, 0x00, 0x3F, 0x80, 0x3F, 0xC0, 0x00, 0x7F, 0x80, 0x3F, 0x80, 0x00, 0xBF, 0x40, 0x7F, 0x80,
    0x00, 0xFF, 0x00, 0x7F, 0x40, 0x00, 0xFE, 0x00, 0x7F, 0x00, 0x02, 0xFC, 0x00, 0x3F, 0x00, 0x03,
    0xF4, 0x00, 0x2F, 0x40, 0x0F, 0xD0, 0x00, 0x0F, 0xD0, 0x7F, 0x00, 0x00, 0x01, 0xBF, 0xE4, 0x00,
    0x00, 0x00, 0x00, 0x01, 0xBF, 0xF9, 0x00, 0x00, 0x00, 0x00, 0x00, 0x00, 0x7F, 0x40, 0x7F, 0xFF,
    0xFF, 0xFF, 0xC0, 0x00, 0x0F, 0xE0, 0x00, 0x7F, 0xFF, 0xFF, 0xFF, 0x00, 0x01, 0xFD, 0x00, 0x01,
    0xFF, 0x00, 0x02, 0xFC, 0x00, 0x2F, 0xD0, 0x00, 0x07, 0xFC, 0x00, 0x02, 0xF0, 0x01, 0xFE, 0x00,
    0x00, 0x1F, 0xE0, 0x00, 0x07, 0xC0, 0x0F, 0xF0, 0x00, 0x00, 0xBF, 0x40, 0x00, 0x0E, 0x00, 0xBF,
    0x80, 0x00, 0x03, 0xFC, 0x00, 0x38, 0x78, 0x03, 0xFC, 0x00, 0x00, 0x0F, 0xE0, 0x01, 0xE0, 0xD0,
    0x2F, 0xE0, 0x00, 0x00, 0x7F, 0x40, 0x1F, 0x40, 0x00, 0xFF, 0x40, 0x00, 0x02, 0xFF, 0xFF, 0xFC,
    0x00, 0x07, 0xFC, 0x00, 0x00, 0x0F, 0xFF, 0xFF, 0xF0, 0x00, 0x2F, 0xF0, 0x00, 0x00, 0x3F, 0x80,
    0x1F, 0x80, 0x00, 0xFF, 0x80, 0x00, 0x01, 0xFD, 0x00, 0x2D, 0x00, 0x03, 0xFE, 0x00, 0x00, 0x0B,
    0xF4, 0x00, 0xF0, 0x00, 0x0F, 0xF4, 0x00, 0x00, 0x3F, 0xC0, 0x03, 0xC0, 0xE0, 0x3F, 0xD0, 0x00,
    0x00, 0xFF, 0x00, 0x00, 0x0B, 0x40, 0xFF, 0x40, 0x00, 0x07, 0xF8, 0x00, 0x00, 0x3C, 0x02, 0xFE,
    0x00, 0x00, 0x2F, 0xD0, 0x00, 0x02, 0xE0, 0x07, 0xFC, 0x00, 0x00, 0xFF, 0x00, 0x00, 0x1F, 0x00,
    0x0B, 0xF0, 0x00, 0x07, 0xFC, 0x00, 0x01, 0xF8, 0x00, 0x0F, 0xF0, 0x00, 0x3F, 0xE0, 0x00, 0x7F,
    0xD0, 0x00, 0x0B, 0xF4, 0x07, 0xFF, 0xFF, 0xFF, 0xFF, 0x00, 0x00, 0x01, 0xBF, 0xFF, 0xFF, 0xFF,
    0xFF, 0xF4, 0x00, 0x00, 0x06, 0xFE, 0x00, 0x2B, 0xE4, 0x00, 0x1F, 0x81, 0xF4, 0xFD, 0x0F, 0x80,
    0x1F, 0x80, 0x3F, 0xF8, 0x00, 0xF0, 0x1F, 0xC0, 0x0B, 0xFC, 0x00, 0x3C, 0x0F, 0xE0, 0x02, 0xFD,
    0x00, 0x0F, 0x07, 0xF4, 0x00, 0xFF, 0x00, 0x0F, 0x83, 0xFC, 0x00, 0x3F, 0x80, 0x6F, 0x80, 0xFE,
    0x00, 0x1F, 0xFF, 0xF9, 0x00, 0x7F, 0x40, 0x0B, 0xF0, 0x00, 0x00, 0x2F, 0xD0, 0x03, 0xFC, 0x00,
    0x00, 0x0B, 0xF0, 0x00, 0xFE, 0x00, 0x00, 0x01, 0xFC, 0x00, 0xBF, 0xC0, 0x00, 0x70, 0x3F, 0x00,
    0x7F, 0xF0, 0x00, 0x7C, 0x07, 0xE0, 0xBD, 0x3F, 0x41, 0xF8, 0x00, 0x2F, 0xF8, 0x01, 0xBF, 0x90,
    0x00, 0x00, 0x00, 0x00, 0x00, 0x00, 0xB8, 0x00, 0x00, 0x00, 0x00, 0x00, 0xBF, 0xC0, 0x00, 0x00,
    0x00, 0x00, 0xBF, 0xF8, 0x00, 0x00, 0x00, 0x00, 0x2F, 0xF9, 0x00, 0x00, 0x00, 0x00, 0x00, 0x40,
    0x00, 0x00, 0x00, 0x00, 0x00, 0x00, 0x00, 0x00, 0x00, 0x1F, 0xFF, 0xFF, 0xFF, 0x90, 0x00, 0x01,
    0xFF, 0xFF, 0xFF, 0xFF, 0xD0, 0x00, 0x00, 0x7F, 0xC0, 0x02, 0xFF, 0x40, 0x00, 0x0B, 0xF8, 0x00,
    0x0B, 0xFC, 0x00, 0x00, 0xFF, 0x40, 0x00, 0x7F, 0xC0, 0x00, 0x0F, 0xF0, 0x00, 0x0B, 0xFC, 0x00,
    0x01, 0xFF, 0x00, 0x00, 0xBF, 0xC0, 0x00, 0x2F, 0xE0, 0x00, 0x0F, 0xF8, 0x00, 0x03, 0xFD, 0x00,
    0x01, 0xFF, 0x00, 0x00, 0x3F, 0xC0, 0x00, 0x3F, 0xC0, 0x00, 0x07, 0xFC, 0x00, 0x6F, 0xD0, 0x00,
    0x00, 0xBF, 0xFF, 0xFF, 0xD0, 0x00, 0x00, 0x0F, 0xF4, 0x01, 0xFF, 0x00, 0x00, 0x00, 0xFF, 0x00,
    0x07, 0xFC, 0x00, 0x00, 0x1F, 0xF0, 0x00, 0x7F, 0xC0, 0x00, 0x02, 0xFE, 0x00, 0x07, 0xFC, 0x00,
    0x00, 0x3F, 0xD0, 0x00, 0xBF, 0xC0, 0x00, 0x03, 0xFC, 0x00, 0x0F, 0xFC, 0x00, 0x00, 0x7F, 0xC0,
    0x00, 0xFF, 0x80, 0x00, 0x0B, 0xF8, 0x00, 0x0F, 0xF8, 0x0F, 0x00, 0xFF, 0x40, 0x00, 0xFF, 0x81,
    0xEB, 0xFF, 0xFF, 0xD0, 0x07, 0xFC, 0x3C, 0xBF, 0xFF, 0xFD, 0x00, 0x0B, 0xFE, 0x00, 0x00, 0x00,
    0x00, 0x7C, 0x00, 0x00, 0x00, 0xBF, 0x40, 0x00, 0x01, 0xFF, 0xD0, 0x00, 0x02, 0xFF, 0xD0, 0x00,
    0x00, 0xB9, 0x00, 0x00, 0x00, 0x00, 0x00, 0x00, 0x00, 0x00, 0x00, 0x00, 0x00, 0x00, 0x00, 0x00,
    0x02, 0xF8, 0x1B, 0xF8, 0x03, 0x8F, 0xEE, 0x07, 0xC2, 0xC3, 0xFD, 0x03, 0xF4, 0xF0, 0xFE, 0x01,
    0xFD, 0x74, 0x7F, 0x00, 0x3D, 0x00, 0x2F, 0xC0, 0x00, 0x00, 0x0F, 0xE0, 0x00, 0x00, 0x03, 0xF4,
    0x00, 0x00, 0x01, 0xFC, 0x00, 0x00, 0x00, 0xBF, 0x00, 0x00, 0x00, 0x3F, 0x80, 0x00, 0x00, 0x0F,
    0xD0, 0x00, 0x00, 0x07, 0xF0, 0x00, 0x00, 0x02, 0xFC, 0x00, 0x00, 0x00, 0x7C, 0x00, 0x00, 0x00,
    0x00, 0x00, 0x00, 0x7F, 0xFF, 0xF8, 0x00, 0x00, 0x00, 0x02, 0xFF, 0xFE, 0x00, 0x00, 0x00, 0x00,
    0x07, 0xFE, 0x00, 0x00, 0x00, 0x00, 0x00, 0x0F, 0x40, 0x00, 0x00, 0x00, 0x00, 0x00, 0x00, 0x00,
    0x00, 0x00, 0x00, 0x00, 0x00, 0x00, 0x00, 0x00, 0x00, 0x00, 0x00, 0x00, 0x00, 0x00, 0x01, 0xFF,
    0xFF, 0xFF, 0xF9, 0x00, 0x00, 0x1F, 0xFF, 0xFF, 0xFF, 0xFD, 0x00, 0x00, 0x07, 0xFC, 0x00, 0x2F,
    0xF4, 0x00, 0x00, 0xBF, 0x80, 0x00, 0xBF, 0xC0, 0x00, 0x0F, 0xF4, 0x00, 0x07, 0xFC, 0x00, 0x00,
    0xFF, 0x00, 0x00, 0xBF, 0xC0, 0x00, 0x1F, 0xF0, 0x00, 0x0B, 0xFC, 0x00, 0x02, 0xFE, 0x00, 0x00,
    0xFF, 0x80, 0x00, 0x3F, 0xD0, 0x00, 0x1F, 0xF0, 0x00, 0x03, 0xFC, 0x00, 0x03, 0xFC, 0x00, 0x00,
    0x7F, 0xC0, 0x06, 0xFD, 0x00, 0x00, 0x0B, 0xFF, 0xFF, 0xFD, 0x00, 0x00, 0x00, 0xFF, 0x40, 0x1F,
    0xF0, 0x00, 0x00, 0x0F, 0xF0, 0x00, 0x7F, 0xC0, 0x00, 0x01, 0xFF, 0x00, 0x07, 0xFC, 0x00, 0x00,
    0x2F, 0xE0, 0x00, 0x7F, 0xC0, 0x00, 0x03, 0xFD, 0x00, 0x0B, 0xFC, 0x00, 0x00, 0x3F, 0xC0, 0x00,
    0xFF, 0xC0, 0x00, 0x07, 0xFC, 0x00, 0x0F, 0xF8, 0x00, 0x00, 0xBF, 0x80, 0x00, 0xFF, 0x80, 0xF0,
    0x0F, 0xF4, 0x00, 0x0F, 0xF8, 0x1E, 0xBF, 0xFF, 0xFD, 0x00, 0x7F, 0xC3, 0xCB, 0xFF, 0xFF, 0xD0,
    0x00, 0xBF, 0xE0, 0x00, 0x10, 0x00, 0x04, 0x00, 0x0F, 0x40, 0x2F, 0x00, 0x01, 0xF8, 0xBF, 0x00,
    0x00, 0x2F, 0xFE, 0x00, 0x00, 0x03, 0xFD, 0x00, 0x00, 0x00, 0x3C, 0x00, 0x00, 0x00, 0x00, 0x00,
    0x00, 0x0B, 0xE0, 0x6F, 0xE0, 0x0E, 0x3F, 0xB4, 0x1F, 0x0B, 0x0F, 0xF4, 0x0F, 0xD3, 0xC3, 0xF8,
    0x07, 0xF5, 0xD1, 0xFC, 0x00, 0xF4, 0x00, 0xBF, 0x00, 0x00, 0x00, 0x3F, 0x80, 0x00, 0x00, 0x0F,
    0xD0, 0x00, 0x00, 0x07, 0xF0, 0x00, 0x00, 0x02, 0xFC, 0x00, 0x00, 0x00, 0xFE, 0x00, 0x00, 0x00,
    0x3F, 0x40, 0x00, 0x00, 0x1F, 0xC0, 0x00, 0x00, 0x0B, 0xF0, 0x00, 0x00, 0x01, 0xF0, 0x00, 0x00,
    0x00, 0x00, 0x00, 0x00, 0x01, 0xF4, 0x00, 0x00, 0x00, 0x02, 0xFF, 0x80, 0x00, 0x00, 0x02, 0xFF,
    0xE0, 0x00, 0x00, 0x00, 0x19, 0x40, 0x00, 0x00, 0x00, 0x00, 0x00, 0x00, 0x00, 0x00, 0x00, 0x7F,
    0xF4, 0x2C, 0x00, 0x00, 0xBD, 0x01, 0xFF, 0xC0, 0x00, 0x2F, 0x00, 0x03, 0xF8, 0x00, 0x0B, 0xC0,
    0x00, 0x2F, 0x40, 0x00, 0xF8, 0x00, 0x01, 0xF0, 0x00, 0x2F, 0x40, 0x00, 0x1F, 0x00, 0x03, 0xF8,
    0x00, 0x01, 0xE0, 0x00, 0x3F, 0xC0, 0x00, 0x1D, 0x00, 0x03, 0xFF, 0x90, 0x00, 0x00, 0x00, 0x3F,
    0xFF, 0xF8, 0x00, 0x00, 0x01, 0xFF, 0xFF, 0xF4, 0x00, 0x00, 0x0B, 0xFF, 0xFF, 0xD0, 0x00, 0x00,
    0x1F, 0xFF, 0xFF, 0x00, 0x00, 0x00, 0x06, 0xFF, 0xF0, 0x00, 0x00, 0x00, 0x01, 0xFF, 0x40, 0x00,
    0x00, 0x00, 0x07, 0xF0, 0x00, 0x74, 0x00, 0x00, 0x7F, 0x00, 0x0B, 0x40, 0x00, 0x07, 0xF0, 0x00,
    0xF4, 0x00, 0x00, 0xBD, 0x00, 0x0F, 0x80, 0x00, 0x0F, 0xC0, 0x01, 0xFD, 0x00, 0x03, 0xF4, 0x00,
    0x2F, 0xF8, 0x01, 0xFD, 0x00, 0x03, 0xC7, 0xFF, 0xFF, 0x40, 0x00, 0x34, 0x07, 0xFE, 0x40, 0x00,
    0x00, 0x00, 0x00, 0x00, 0xB8, 0x00, 0x00, 0x03, 0xFD, 0x00, 0x00, 0x1F, 0xFC, 0x00, 0x00, 0xBF,
    0xF4, 0x00, 0x00, 0xF9, 0x00, 0x00, 0x00, 0x00, 0x00, 0x00, 0x00, 0x00, 0x00, 0x00, 0x00, 0x00,
    0x00, 0x00, 0x06, 0xFE, 0x40, 0x00, 0x3D, 0x02, 0xE0, 0x00, 0xB4, 0x03, 0xF0, 0x00, 0xF0, 0x07,
    0xF0, 0x01, 0xF0, 0x03, 0xC0, 0x01, 0xFD, 0x00, 0x00, 0x00, 0xFF, 0xF8, 0x00, 0x00, 0x7F, 0xFF,
    0x40, 0x00, 0x0B, 0xFF, 0xC0, 0x00, 0x00, 0x1F, 0xC0, 0x1F, 0x40, 0x07, 0xC0, 0x3F, 0x80, 0x07,
    0xC0, 0x3F, 0x00, 0x0F, 0x00, 0x2E, 0x00, 0x7D, 0x00, 0x06, 0xFF, 0x90, 0x00, 0x00, 0x00, 0x00,
    0x09, 0x00, 0x00, 0x00, 0x00, 0x07, 0xF8, 0x00, 0x00, 0x00, 0x02, 0xFF, 0xD0, 0x00, 0x00, 0x00,
    0xFD, 0x2F, 0x40, 0x00, 0x00, 0x3E, 0x00, 0x7C, 0x00, 0x00, 0x01, 0x40, 0x01, 0x40, 0x00, 0x00,
    0x07, 0xFF, 0x42, 0xC0, 0x00, 0x0B, 0xD0, 0x1F, 0xFC, 0x00, 0x02, 0xF0, 0x00, 0x3F, 0x80, 0x00,
    0xBC, 0x00, 0x02, 0xF4, 0x00, 0x0F, 0x80, 0x00, 0x1F, 0x00, 0x02, 0xF4, 0x00, 0x01, 0xF0, 0x00,
    0x3F, 0x80, 0x00, 0x1E, 0x00, 0x03, 0xFC, 0x00, 0x01, 0xD0, 0x00, 0x3F, 0xF9, 0x00, 0x00, 0x00,
    0x03, 0xFF, 0xFF, 0x80, 0x00, 0x00, 0x1F, 0xFF, 0xFF, 0x40, 0x00, 0x00, 0xBF, 0xFF, 0xFD, 0x00,
    0x00, 0x01, 0xFF, 0xFF, 0xF0, 0x00, 0x00, 0x00, 0x6F, 0xFF, 0x00, 0x00, 0x00, 0x00, 0x1F, 0xF4,
    0x00, 0x00, 0x00, 0x00, 0x7F, 0x00, 0x07, 0x40, 0x00, 0x07, 0xF0, 0x00, 0xB4, 0x00, 0x00, 0x7F,
    0x00, 0x0F, 0x40, 0x00, 0x0B, 0xD0, 0x00, 0xF8, 0x00, 0x00, 0xFC, 0x00, 0x1F, 0xD0, 0x00, 0x3F,
    0x40, 0x02, 0xFF, 0x80, 0x1F, 0xD0, 0x00, 0x3C, 0x7F, 0xFF, 0xF4, 0x00, 0x03, 0x40, 0x7F, 0xE4,
    0x00, 0x00, 0x00, 0x00, 0x06, 0x00, 0x00, 0x00, 0x2F, 0x80, 0x00, 0x00, 0xFF, 0xD0, 0x00, 0x07,
    0xF2, 0xF0, 0x00, 0x2F, 0x40, 0xFC, 0x00, 0x3C, 0x00, 0x3C, 0x00, 0x00, 0x00, 0x00, 0x00, 0x06,
    0xFE, 0x40, 0x00, 0x3D, 0x02, 0xE0, 0x00, 0xB8, 0x03, 0xF0, 0x00, 0xF0, 0x07, 0xF0, 0x01, 0xF0,
    0x03, 0xC0, 0x01, 0xFD, 0x00, 0x00, 0x00, 0xFF, 0xF8, 0x00, 0x00, 0x7F, 0xFF, 0x40, 0x00, 0x0B,
    0xFF, 0xC0, 0x00, 0x00, 0x1F, 0xC0, 0x1F, 0x40, 0x07, 0xC0, 0x3F, 0x80, 0x07, 0x80, 0x3F, 0x00,
    0x0F, 0x00, 0x2E, 0x40, 0x7C, 0x00, 0x06, 0xFF, 0x90, 0x00, 0x00, 0x00, 0x07, 0xFF, 0x42, 0xC0,
    0x00, 0x0B, 0xD0, 0x1F, 0xFC, 0x00, 0x02, 0xF0, 0x00, 0x3F, 0x80, 0x00, 0xBD, 0x00, 0x02, 0xF4,
    0x00, 0x0F, 0xC0, 0x00, 0x1F, 0x00, 0x02, 0xF8, 0x00, 0x01, 0xF0, 0x00, 0x3F, 0x40, 0x00, 0x1E,
    0x00, 0x03, 0xF8, 0x00, 0x01, 0xD0, 0x00, 0x3F, 0xC0, 0x00, 0x00, 0x00, 0x03, 0xFF, 0x40, 0x00,
    0x00, 0x00, 0x2F, 0xFF, 0xE4, 0x00, 0x00, 0x00, 0xFF, 0xFF, 0xF4, 0x00, 0x00, 0x07, 0xFF, 0xFF,
    0xD0, 0x00, 0x00, 0x1F, 0xFF, 0xFF, 0x00, 0x00, 0x00, 0x06, 0xFF, 0xF0, 0x00, 0x00, 0x00, 0x01,
    0xFF, 0x40, 0x02, 0x00, 0x00, 0x07, 0xF0, 0x00, 0xB4, 0x00, 0x00, 0x7F, 0x00, 0x0F, 0x40, 0x00,
    0x07, 0xE0, 0x00, 0xF4, 0x00, 0x00, 0xBC, 0x00, 0x1F, 0xC0, 0x00, 0x1F, 0x80, 0x02, 0xFE, 0x00,
    0x07, 0xE0, 0x00, 0x3E, 0xBE, 0x9B, 0xF8, 0x00, 0x03, 0x40, 0xBF, 0xF8, 0x00, 0x00, 0x00, 0x01,
    0xFD, 0x00, 0x00, 0x00, 0x00, 0x1F, 0xF8, 0x00, 0x00, 0x00, 0x00, 0x1F, 0xD0, 0x00, 0x00, 0x00,
    0x01, 0xFD, 0x00, 0x00, 0x00, 0x00, 0x7F, 0x80, 0x00, 0x00, 0x0F, 0xFE, 0x90, 0x00, 0x00, 0x00,
    0x01, 0xBF, 0x90, 0x00, 0x0F, 0x40, 0xB8, 0x00, 0x2D, 0x00, 0xFC, 0x00, 0x3C, 0x01, 0xFC, 0x00,
    0x7D, 0x00, 0xF4, 0x00, 0x7F, 0xE4, 0x00, 0x00, 0x3F, 0xFF, 0x80, 0x00, 0x1F, 0xFF, 0xE0, 0x00,
    0x01, 0xBF, 0xF0, 0x01, 0x80, 0x07, 0xF0, 0x0B, 0xE0, 0x01, 0xF0, 0x0F, 0xE0, 0x01, 0xF0, 0x0F,
    0xC0, 0x03, 0xD0, 0x0B, 0x80, 0x0B, 0x40, 0x01, 0xFF, 0xF8, 0x00, 0x00, 0x3F, 0x80, 0x00, 0x00,
    0x3F, 0xE0, 0x00, 0x00, 0x07, 0xF8, 0x00, 0x00, 0x03, 0xF8, 0x00, 0x00, 0x1B, 0xF4, 0x00, 0x3F,
    0xFE, 0x40, 0x00, 0x00, 0x00, 0x03, 0xFF, 0xFF, 0xC0, 0x00, 0x00, 0x1F, 0xFF, 0xF4, 0x00, 0x00,
    0x00, 0x3F, 0xF4, 0x00, 0x00, 0x00, 0x00, 0xB4, 0x00, 0x00, 0x00, 0x00, 0x00, 0x00, 0x00, 0x00,
    0x00, 0x00, 0x00, 0x00, 0x00, 0x00, 0x07, 0xFF, 0x42, 0xC0, 0x00, 0x0B, 0xD0, 0x1F, 0xFC, 0x00,
    0x02, 0xF0, 0x00, 0x3F, 0x80, 0x00, 0xBC, 0x00, 0x02, 0xF4, 0x00, 0x0F, 0x80, 0x00, 0x1F, 0x00,
    0x02, 0xF4, 0x00, 0x01, 0xF0, 0x00, 0x3F, 0x80, 0x00, 0x1E, 0x00, 0x03, 0xFC, 0x00, 0x01, 0xD0,
    0x00, 0x3F, 0xF9, 0x00, 0x00, 0x00, 0x03, 0xFF, 0xFF, 0x80, 0x00, 0x00, 0x1F, 0xFF, 0xFF, 0x40,
    0x00, 0x00, 0xBF, 0xFF, 0xFD, 0x00, 0x00, 0x01, 0xFF, 0xFF, 0xF0, 0x00, 0x00, 0x00, 0x6F, 0xFF,
    0x00, 0x00, 0x00, 0x00, 0x1F, 0xF4, 0x00, 0x00, 0x00, 0x00, 0x7F, 0x00, 0x07, 0x40, 0x00, 0x07,
    0xF0, 0x00, 0xB4, 0x00, 0x00, 0x7F, 0x00, 0x0F, 0x40, 0x00, 0x0B, 0xD0, 0x00, 0xF8, 0x00, 0x00,
    0xFC, 0x00, 0x1F, 0xD0, 0x00, 0x3F, 0x40, 0x02, 0xFF, 0x80, 0x1F, 0xD0, 0x00, 0x3C, 0x7F, 0xFF,
    0xF4, 0x00, 0x03, 0x40, 0x7F, 0xE4, 0x00, 0x00, 0x00, 0x04, 0x00, 0x01, 0x00, 0x02, 0xD0, 0x07,
    0xC0, 0x00, 0x3F, 0x1F, 0xC0, 0x00, 0x07, 0xFF, 0x80, 0x00, 0x00, 0xBF, 0x80, 0x00, 0x00, 0x0F,
    0x40, 0x00, 0x00, 0x00, 0x00, 0x00, 0x00, 0x1F, 0xF9, 0x00, 0x00, 0x3D, 0x02, 0xE0, 0x00, 0x2D,
    0x00, 0xFC, 0x00, 0x0F, 0x00, 0x7F, 0x00, 0x07, 0xE0, 0x0F, 0x00, 0x01, 0xFF, 0x90, 0x00, 0x00,
    0x3F, 0xFF, 0x40, 0x00, 0x03, 0xFF, 0xF8, 0x00, 0x00, 0x1B, 0xFF, 0x00, 0x00, 0x00, 0x1F, 0xC0,
    0x07, 0xD0, 0x01, 0xF0, 0x03, 0xF8, 0x00, 0x78, 0x00, 0xFC, 0x00, 0x3C, 0x00, 0x2E, 0x00, 0x7D,
    0x00, 0x01, 0xBF, 0xE4, 0x00, 0x00, 0x02, 0xFF, 0xFF, 0xFF, 0xFF, 0xFE, 0x03, 0xFF, 0xFF, 0xFF,
    0xFF, 0xFE, 0x07, 0xF4, 0x03, 0xFD, 0x00, 0xBD, 0x0B, 0xC0, 0x07, 0xFC, 0x00, 0x3C, 0x0F, 0x40,
    0x0B, 0xFC, 0x00, 0x3C, 0x0F, 0x00, 0x0F, 0xF8, 0x00, 0x3C, 0x2D, 0x00, 0x0F, 0xF4, 0x00, 0x38,
    0x3C, 0x00, 0x1F, 0xF0, 0x00, 0x00, 0x24, 0x00, 0x2F, 0xF0, 0x00, 0x00, 0x00, 0x00, 0x3F, 0xF0,
    0x00, 0x00, 0x00, 0x00, 0x3F, 0xE0, 0x00, 0x00, 0x00, 0x00, 0x7F, 0xD0, 0x00, 0x00, 0x00, 0x00,
    0xBF, 0xC0, 0x00, 0x00, 0x00, 0x00, 0xBF, 0xC0, 0x00, 0x00, 0x00, 0x00, 0xFF, 0x80, 0x00, 0x00,
    0x00, 0x00, 0xFF, 0x40, 0x00, 0x00, 0x00, 0x01, 0xFF, 0x00, 0x00, 0x00, 0x00, 0x02, 0xFF, 0x00,
    0x00, 0x00, 0x00, 0x03, 0xFE, 0x00, 0x00, 0x00, 0x00, 0x03, 0xFD, 0x00, 0x00, 0x00, 0x00, 0x07,
    0xFC, 0x00, 0x00, 0x00, 0x00, 0x0B, 0xFC, 0x00, 0x00, 0x00, 0x3F, 0xFF, 0xFF, 0xFD, 0x00, 0x00,
    0x00, 0x0F, 0xF0, 0x00, 0x00, 0x00, 0x00, 0x0F, 0xF4, 0x00, 0x00, 0x00, 0x00, 0x01, 0xFE, 0x00,
    0x00, 0x00, 0x00, 0x00, 0xFF, 0x00, 0x00, 0x00, 0x00, 0x06, 0xFD, 0x00, 0x00, 0x00, 0x0B, 0xFF,
    0x90, 0x00, 0x00, 0x00, 0x00, 0x01, 0xF4, 0x00, 0x00, 0xFD, 0x00, 0x00, 0x7F, 0x00, 0x00, 0x2F,
    0xC0, 0x00, 0x0F, 0xE0, 0x00, 0x03, 0xF4, 0x00, 0xFF, 0xFF, 0xF8, 0x3F, 0xFF, 0xFD, 0x00, 0x3F,
    0xC0, 0x00, 0x0F, 0xE0, 0x00, 0x07, 0xF4, 0x00, 0x02, 0xFC, 0x00, 0x00, 0xFF, 0x00, 0x00, 0x3F,
    0x80, 0x00, 0x1F, 0xD0, 0x00, 0x0B, 0xF0, 0x04, 0x03, 0xFC, 0x07, 0x80, 0xFE, 0x03, 0xC0, 0x3F,
    0x41, 0xE0, 0x0B, 0xD2, 0xE0, 0x00, 0xBF, 0xD0, 0x00, 0x0F, 0xD0, 0x00, 0x07, 0xFD, 0x00, 0x00,
    0x2F, 0xD0, 0x00, 0x03, 0xF4, 0x00, 0x07, 0xFC, 0x03, 0xFF, 0xE4, 0x00, 0x00, 0x00, 0x0B, 0xFF,
    0xFF, 0x40, 0x00, 0x00, 0x03, 0xFF, 0xFE, 0x00, 0x00, 0x00, 0x00, 0xBF, 0xE0, 0x00, 0x00, 0x00,
    0x00, 0x1E, 0x00, 0x00, 0x00, 0x00, 0x00, 0x00, 0x00, 0x00, 0x00, 0x00, 0x00, 0x00, 0x00, 0x00,
    0x00, 0x00, 0x00, 0x00, 0x00, 0x00, 0x02, 0xFF, 0xFF, 0xFF, 0xFF, 0xFE, 0x03, 0xFF, 0xFF, 0xFF,
    0xFF, 0xFE, 0x07, 0xF4, 0x03, 0xFD, 0x00, 0xBD, 0x0B, 0xC0, 0x07, 0xFC, 0x00, 0x3C, 0x0F, 0x40,
    0x0B, 0xFC, 0x00, 0x3C, 0x1F, 0x00, 0x0F, 0xF8, 0x00, 0x3C, 0x2D, 0x00, 0x0F, 0xF4, 0x00, 0x38,
    0x3C, 0x00, 0x1F, 0xF0, 0x00, 0x00, 0x00, 0x00, 0x2F, 0xF0, 0x00, 0x00, 0x00, 0x00, 0x3F, 0xE0,
    0x00, 0x00, 0x00, 0x00, 0x3F, 0xD0, 0x00, 0x00, 0x00, 0x00, 0x7F, 0xC0, 0x00, 0x00, 0x00, 0x00,
    0xBF, 0xC0, 0x00, 0x00, 0x00, 0x00, 0xFF, 0x80, 0x00, 0x00, 0x00, 0x00, 0xFF, 0x40, 0x00, 0x00,
    0x00, 0x01, 0xFF, 0x00, 0x00, 0x00, 0x00, 0x02, 0xFF, 0x00, 0x00, 0x00, 0x00, 0x03, 0xFE, 0x00,
    0x00, 0x00, 0x00, 0x03, 0xFD, 0x00, 0x00, 0x00, 0x00, 0x07, 0xFC, 0x00, 0x00, 0x00, 0x00, 0x0B,
    0xFC, 0x00, 0x00, 0x00, 0x3F, 0xFF, 0xFF, 0xFD, 0x00, 0x00, 0x3F, 0xFF, 0xFF, 0xFD, 0x00, 0x00,
    0x00, 0x00, 0x02, 0xF0, 0x00, 0x00, 0x3F, 0xE0, 0x00, 0x01, 0xFF, 0xC0, 0x00, 0x07, 0xFF, 0x00,
    0x1F, 0x4B, 0xF8, 0x00, 0xFD, 0x01, 0xC0, 0x07, 0xF4, 0x0E, 0x00, 0x2F, 0xC0, 0xB0, 0x00, 0xFF,
    0x0B, 0x00, 0x03, 0xF8, 0xA0, 0x0F, 0xFF, 0xFF, 0x80, 0x3F, 0xFF, 0xFD, 0x00, 0x03, 0xFC, 0x00,
    0x00, 0x0F, 0xE0, 0x00, 0x00, 0x7F, 0x40, 0x00, 0x02, 0xFC, 0x00, 0x00, 0x0F, 0xF0, 0x00, 0x00,
    0x3F, 0x80, 0x00, 0x01, 0xFD, 0x00, 0x00, 0x0B, 0xF0, 0x00, 0x00, 0x3F, 0xC0, 0x38, 0x00, 0xFE,
    0x02, 0xC0, 0x03, 0xF4, 0x1D, 0x00, 0x0B, 0xD2, 0xD0, 0x00, 0x07, 0xF8, 0x00, 0x00, 0x00, 0x07,
    0xFF, 0xFF, 0xFF, 0xF0, 0x00, 0x00, 0x00, 0x00, 0x00, 0x00, 0x00, 0x00, 0x00, 0x00, 0x00, 0x00,
    0x00, 0x00, 0x00, 0x00, 0x00, 0x00, 0x00, 0x00, 0x7F, 0xFF, 0xFF, 0x00, 0xBF, 0xFF, 0xD7, 0xFF,
    0xFF, 0xF0, 0x0B, 0xFF, 0xFD, 0x01, 0xFF, 0x00, 0x00, 0x02, 0xF0, 0x00, 0x2F, 0xF0, 0x00, 0x00,
    0x2D, 0x00, 0x03, 0xFE, 0x00, 0x00, 0x03, 0xC0, 0x00, 0x3F, 0xD0, 0x00, 0x00, 0x3C, 0x00, 0x07,
    0xFC, 0x00, 0x00, 0x07, 0x80, 0x00, 0xBF, 0xC0, 0x00, 0x00, 0xB4, 0x00, 0x0F, 0xF8, 0x00, 0x00,
    0x0F, 0x00, 0x00, 0xFF, 0x40, 0x00, 0x00, 0xF0, 0x00, 0x1F, 0xF0, 0x00, 0x00, 0x1E, 0x00, 0x02,
    0xFF, 0x00, 0x00, 0x02, 0xD0, 0x00, 0x3F, 0xE0, 0x00, 0x00, 0x3C, 0x00, 0x03, 0xFD, 0x00, 0x00,
    0x03, 0xC0, 0x00, 0x7F, 0xC0, 0x00, 0x00, 0x78, 0x00, 0x0B, 0xFC, 0x00, 0x00, 0x0F, 0x40, 0x00,
    0xFF, 0x80, 0x00, 0x00, 0xF0, 0x00, 0x0F, 0xF4, 0x00, 0x00, 0x3D, 0x00, 0x00, 0xBF, 0x40, 0x00,
    0x0B, 0xC0, 0x00, 0x03, 0xF8, 0x00, 0x02, 0xF0, 0x00, 0x00, 0x2F, 0xE0, 0x06, 0xFC, 0x00, 0x00,
    0x00, 0x7F, 0xFF, 0xFE, 0x00, 0x00, 0x00, 0x00, 0x6F, 0xF9, 0x00, 0x00, 0x00, 0x00, 0x00, 0x03,
    0xFF, 0xFF, 0xFD, 0x00, 0x03, 0xFF, 0xFF, 0xFD, 0x00, 0x00, 0x00, 0x00, 0x00, 0x00, 0x00, 0x00,
    0x00, 0x00, 0x00, 0x00, 0x00, 0x00, 0x00, 0x00, 0x00, 0x00, 0x00, 0x00, 0x01, 0xFD, 0x00, 0x03,
    0xC0, 0x0B, 0x5F, 0x80, 0x0F, 0xE0, 0x1D, 0x1F, 0xC0, 0x0F, 0xD0, 0x3C, 0x2F, 0xC0, 0x1F, 0xC0,
    0x78, 0x3F, 0x80, 0x2F, 0xC0, 0x10, 0x7F, 0x00, 0x3F, 0x80, 0x00, 0xBF, 0x00, 0x3F, 0x40, 0x00,
    0xFE, 0x00, 0x7F, 0x00, 0x01, 0xFC, 0x00, 0xBF, 0x00, 0x02, 0xFC, 0x00, 0xFE, 0x00, 0x02, 0xF8,
    0x00, 0xFD, 0x1D, 0x02, 0xF8, 0x01, 0xFC, 0x2C, 0x01, 0xF8, 0x03, 0xFC, 0x3C, 0x00, 0xFD, 0x1F,
    0xFC, 0xB0, 0x00, 0x1F, 0xF4, 0x2F, 0xC0, 0x00, 0x00, 0x24, 0x00, 0x03, 0x00, 0x00, 0x00, 0x03,
    0x40, 0x00, 0xA0, 0x00, 0x00, 0x00, 0x1D, 0x00, 0x68, 0x00, 0x00, 0x00, 0x00, 0x2F, 0xF9, 0x00,
    0x00, 0x00, 0x00, 0x00, 0x00, 0x00, 0x00, 0x00, 0x00, 0x00, 0x00, 0x00, 0x00, 0x00, 0x7F, 0xFF,
    0xFF, 0x00, 0xBF, 0xFF, 0xD7, 0xFF, 0xFF, 0xF0, 0x0B, 0xFF, 0xFD, 0x01, 0xFF, 0x00, 0x00, 0x02,
    0xF0, 0x00, 0x2F, 0xF0, 0x00, 0x00, 0x2D, 0x00, 0x03, 0xFE, 0x00, 0x00, 0x03, 0xC0, 0x00, 0x3F,
    0xD0, 0x00, 0x00, 0x3C, 0x00, 0x07, 0xFC, 0x00, 0x00, 0x07, 0x80, 0x00, 0xBF, 0xC0, 0x00, 0x00,
    0xB4, 0x00, 0x0F, 0xF8, 0x00, 0x00, 0x0F, 0x00, 0x00, 0xFF, 0x40, 0x00, 0x00, 0xF0, 0x00, 0x1F,
    0xF0, 0x00, 0x00, 0x1E, 0x00, 0x02, 0xFF, 0x00, 0x00, 0x02, 0xD0, 0x00, 0x3F, 0xE0, 0x00, 0x00,
    0x3C, 0x00, 0x03, 0xFD, 0x00, 0x00, 0x03, 0xC0, 0x00, 0x7F, 0xC0, 0x00, 0x00, 0x78, 0x00, 0x0B,
    0xFC, 0x00, 0x00, 0x0F, 0x40, 0x00, 0xFF, 0x80, 0x00, 0x00, 0xF0, 0x00, 0x0F, 0xF4, 0x00, 0x00,
    0x3D, 0x00, 0x00, 0xBF, 0x40, 0x00, 0x0B, 0xC0, 0x00, 0x03, 0xF8, 0x00, 0x02, 0xF0, 0x00, 0x00,
    0x2F, 0xE0, 0x06, 0xFC, 0x00, 0x00, 0x00, 0x7F, 0xFF, 0xFE, 0x00, 0x00, 0x00, 0x00, 0x6F, 0xF9,
    0x00, 0x00, 0x00, 0x00, 0x00, 0x00, 0xC0, 0x00, 0x0C, 0x00, 0x00, 0xD0, 0x00, 0x34, 0x00, 0x00,
    0xB4, 0x02, 0xD0, 0x00, 0x00, 0x1B, 0xFE, 0x00, 0x00, 0x00, 0x00, 0x00, 0x00, 0x00, 0x00, 0x00,
    0x00, 0x00, 0x01, 0xFD, 0x00, 0x03, 0xC0, 0x0B, 0x5F, 0x80, 0x0F, 0xE0, 0x1D, 0x1F, 0xC0, 0x0F,
    0xD0, 0x3C, 0x2F, 0xC0, 0x1F, 0xC0, 0x78, 0x3F, 0x80, 0x2F, 0xC0, 0x10, 0x7F, 0x00, 0x3F, 0x80,
    0x00, 0xBF, 0x00, 0x3F, 0x40, 0x00, 0xFE, 0x00, 0x7F, 0x00, 0x01, 0xFC, 0x00, 0xBF, 0x00, 0x02,
    0xFC, 0x00, 0xFE, 0x00, 0x02, 0xF8, 0x00, 0xFD, 0x1D, 0x02, 0xF8, 0x01, 0xFC, 0x2C, 0x01, 0xF8,
    0x03, 0xFC, 0x3C, 0x00, 0xFD, 0x1F, 0xFC, 0xB0, 0x00, 0x1F, 0xF4, 0x2F, 0xC0, 0x00, 0x00, 0x00,
    0x1B, 0xF4, 0x00, 0x00, 0x00, 0x00, 0x07, 0x42, 0xC0, 0x00, 0x00, 0x00, 0x00, 0xE0, 0x1D, 0x00,
    0x00, 0x00, 0x00, 0x1D, 0x02, 0xC0, 0x00, 0x00, 0x00, 0x01, 0xE0, 0x74, 0x00, 0x00, 0x00, 0x00,
    0x07, 0xF9, 0x00, 0x00, 0x00, 0x00, 0x00, 0x00, 0x00, 0x00, 0x07, 0xFF, 0xFF, 0xF0, 0x0B, 0xFF,
    0xFD, 0x7F, 0xFF, 0xFF, 0x00, 0xBF, 0xFF, 0xD0, 0x1F, 0xF0, 0x00, 0x00, 0x2F, 0x00, 0x02, 0xFF,
    0x00, 0x00, 0x02, 0xD0, 0x00, 0x3F, 0xE0, 0x00, 0x00, 0x3C, 0x00, 0x03, 0xFD, 0x00, 0x00, 0x03,
    0xC0, 0x00, 0x7F, 0xC0, 0x00, 0x00, 0x78, 0x00, 0x0B, 0xFC, 0x00, 0x00, 0x0B, 0x40, 0x00, 0xFF,
    0x80, 0x00, 0x00, 0xF0, 0x00, 0x0F, 0xF4, 0x00, 0x00, 0x0F, 0x00, 0x01, 0xFF, 0x00, 0x00, 0x01,
    0xE0, 0x00, 0x2F, 0xF0, 0x00, 0x00, 0x2D, 0x00, 0x03, 0xFE, 0x00, 0x00, 0x03, 0xC0, 0x00, 0x3F,
    0xD0, 0x00, 0x00, 0x3C, 0x00, 0x07, 0xFC, 0x00, 0x00, 0x07, 0x80, 0x00, 0xBF, 0xC0, 0x00, 0x00,
    0xF4, 0x00, 0x0F, 0xF8, 0x00, 0x00, 0x0F, 0x00, 0x00, 0xFF, 0x40, 0x00, 0x03, 0xD0, 0x00, 0x0B,
    0xF4, 0x00, 0x00, 0xBC, 0x00, 0x00, 0x3F, 0x80, 0x00, 0x2F, 0x00, 0x00, 0x02, 0xFE, 0x00, 0x6F,
    0xC0, 0x00, 0x00, 0x07, 0xFF, 0xFF, 0xE0, 0x00, 0x00, 0x00, 0x06, 0xFF, 0x90, 0x00, 0x00, 0x00,
    0x00, 0x00, 0x02, 0xFE, 0x00, 0x00, 0x00, 0x0E, 0x03, 0xC0, 0x00, 0x00, 0x2C, 0x03, 0xC0, 0x00,
    0x00, 0x3C, 0x03, 0x80, 0x00, 0x00, 0x3C, 0x0B, 0x00, 0x00, 0x00, 0x0F, 0xF8, 0x00, 0x00, 0x00,
    0x00, 0x00, 0x00, 0x01, 0xFD, 0x00, 0x03, 0xC0, 0x0B, 0x5F, 0x80, 0x0F, 0xE0, 0x1D, 0x1F, 0xC0,
    0x0F, 0xD0, 0x3C, 0x2F, 0xC0, 0x1F, 0xC0, 0x78, 0x3F, 0x80, 0x2F, 0xC0, 0x10, 0x7F, 0x00, 0x3F,
    0x80, 0x00, 0xBF, 0x00, 0x3F, 0x40, 0x00, 0xFE, 0x00, 0x7F, 0x00, 0x01, 0xFC, 0x00, 0xBF, 0x00,
    0x02, 0xFC, 0x00, 0xFE, 0x00, 0x02, 0xF8, 0x00, 0xFD, 0x1D, 0x02, 0xF8, 0x01, 0xFC, 0x2C, 0x02,
    0xF8, 0x03, 0xFC, 0x3C, 0x00, 0xFC, 0x1F, 0xFC, 0xB0, 0x00, 0x2F, 0xF4, 0x2F, 0xC0, 0x00, 0x00,
    0x00, 0x1F, 0x01, 0xF0, 0x00, 0x00, 0x00, 0x0B, 0xF9, 0xFF, 0x40, 0x00, 0x00, 0x07, 0xFF, 0xFF,
    0xF4, 0x00, 0x00, 0x03, 0xFF, 0xFF, 0xFE, 0x00, 0x00, 0x00, 0x3E, 0x53, 0xE9, 0x00, 0x00, 0x00,
    0x00, 0x00, 0x00, 0x00, 0x00, 0x00, 0x00, 0x00, 0x00, 0x00, 0x00, 0x07, 0xFF, 0xFF, 0xF0, 0x0B,
    0xFF, 0xFD, 0x7F, 0xFF, 0xFF, 0x00, 0xBF, 0xFF, 0xD0, 0x1F, 0xF0, 0x00, 0x00, 0x2F, 0x00, 0x02,
    0xFF, 0x00, 0x00, 0x02, 0xD0, 0x00, 0x3F, 0xE0, 0x00, 0x00, 0x3C, 0x00, 0x03, 0xFD, 0x00, 0x00,
    0x03, 0xC0, 0x00, 0x7F, 0xC0, 0x00, 0x00, 0x78, 0x00, 0x0B, 0xFC, 0x00, 0x00, 0x0B, 0x40, 0x00,
    0xFF, 0x80, 0x00, 0x00, 0xF0, 0x00, 0x0F, 0xF4, 0x00, 0x00, 0x0F, 0x00, 0x01, 0xFF, 0x00, 0x00,
    0x01, 0xE0, 0x00, 0x2F, 0xF0, 0x00, 0x00, 0x2D, 0x00, 0x03, 0xFE, 0x00, 0x00, 0x03, 0xC0, 0x00,
    0x3F, 0xD0, 0x00, 0x00, 0x3C, 0x00, 0x07, 0xFC, 0x00, 0x00, 0x07, 0x80, 0x00, 0xBF, 0xC0, 0x00,
    0x00, 0xF4, 0x00, 0x0F, 0xF8, 0x00, 0x00, 0x0F, 0x00, 0x00, 0xFF, 0x40, 0x00, 0x03, 0xD0, 0x00,
    0x0B, 0xF4, 0x00, 0x00, 0xBC, 0x00, 0x00, 0x3F, 0x80, 0x00, 0x2F, 0x00, 0x00, 0x02, 0xFE, 0x00,
    0x6F, 0xC0, 0x00, 0x00, 0x07, 0xFF, 0xFF, 0xE0, 0x00, 0x00, 0x00, 0x06, 0xFF, 0x90, 0x00, 0x00,
    0x00, 0x00, 0x00, 0x00, 0x00, 0x00, 0x00, 0x00, 0x00, 0x07, 0xC0, 0x7C, 0x00, 0x00, 0x02, 0xFD,
    0x3F, 0xD0, 0x00, 0x00, 0xBF, 0xFF, 0xFC, 0x00, 0x00, 0x3F, 0xFF, 0xFF, 0x40, 0x00, 0x0B, 0x90,
    0xF9, 0x00, 0x00, 0x00, 0x00, 0x00, 0x00, 0x00, 0x00, 0x00, 0x00, 0x00, 0x00, 0x00, 0x00, 0x00,
    0x00, 0x00, 0x00, 0x1F, 0xD0, 0x00, 0x3C, 0x00, 0x0B, 0x5F, 0x80, 0x0F, 0xE0, 0x01, 0xD1, 0xFC,
    0x00, 0xFD, 0x00, 0x3C, 0x2F, 0xC0, 0x1F, 0xC0, 0x07, 0x83, 0xF8, 0x02, 0xFC, 0x00, 0x10, 0x7F,
    0x00, 0x3F, 0x80, 0x00, 0x0F, 0xE0, 0x03, 0xF4, 0x00, 0x00, 0xFD, 0x00, 0x7F, 0x00, 0x00, 0x0F,
    0xD0, 0x0B, 0xF0, 0x00, 0x01, 0xFC, 0x00, 0xFE, 0x00, 0x00, 0x1F, 0xC0, 0x0F, 0xD1, 0xD0, 0x01,
    0xFC, 0x01, 0xFC, 0x2C, 0x00, 0x0F, 0xC0, 0x3F, 0xC3, 0xC0, 0x00, 0x7D, 0x1F, 0xFC, 0xB0, 0x00,
    0x01, 0xBF, 0x82, 0xFC, 0x00, 0x00, 0x00, 0x1F, 0x40, 0xBC, 0x00, 0x00, 0x00, 0x07, 0xFC, 0x2F,
    0xF0, 0x00, 0x00, 0x00, 0xFF, 0xC3, 0xFF, 0x00, 0x00, 0x00, 0x0F, 0xF8, 0x3F, 0xD0, 0x00, 0x00,
    0x00, 0x3E, 0x01, 0xF4, 0x00, 0x00, 0x00, 0x00, 0x00, 0x00, 0x00, 0x00, 0x00, 0x00, 0x00, 0x00,
    0x00, 0x00, 0x0F, 0xFF, 0xFF, 0xC0, 0x03, 0xFF, 0xFD, 0xFF, 0xFF, 0xFC, 0x00, 0x3F, 0xFF, 0xC0,
    0x3F, 0xF4, 0x00, 0x00, 0x3E, 0x00, 0x01, 0xFF, 0x80, 0x00, 0x0B, 0x80, 0x00, 0x0F, 0xFC, 0x00,
    0x02, 0xF0, 0x00, 0x00, 0xBF, 0xD0, 0x00, 0x7C, 0x00, 0x00, 0x07, 0xFE, 0x00, 0x1F, 0x00, 0x00,
    0x00, 0x3F, 0xF0, 0x07, 0xD0, 0x00, 0x00, 0x02, 0xFF, 0x40, 0xF4, 0x00, 0x00, 0x00, 0x1F, 0xFC,
    0x3D, 0x00, 0x00, 0x00, 0x00, 0xFF, 0xDF, 0x80, 0x00, 0x00, 0x00, 0x0B, 0xFF, 0xE0, 0x00, 0x00,
    0x00, 0x00, 0x3F, 0xFC, 0x00, 0x00, 0x00, 0x00, 0x03, 0xFF, 0x00, 0x00, 0x00, 0x00, 0x00, 0x3F,
    0xE0, 0x00, 0x00, 0x00, 0x00, 0x03, 0xFC, 0x00, 0x00, 0x00, 0x00, 0x00, 0x7F, 0xC0, 0x00, 0x00,
    0x00, 0x00, 0x0B, 0xF8, 0x00, 0x00, 0x00, 0x00, 0x00, 0xFF, 0x40, 0x00, 0x00, 0x00, 0x00, 0x0F,
    0xF0, 0x00, 0x00, 0x00, 0x00, 0x01, 0xFF, 0x00, 0x00, 0x00, 0x00, 0x0F, 0xFF, 0xFF, 0xC0, 0x00,
    0x00, 0x00, 0xFF, 0xFF, 0xFC, 0x00, 0x00, 0x00, 0x00, 0x00, 0x00, 0x00, 0x7D, 0x00, 0x00, 0x00,
    0x00, 0x1F, 0xF8, 0x00, 0x00, 0x00, 0x07, 0xFF, 0xD0, 0x00, 0x00, 0x00, 0x3F, 0xE8, 0x00, 0x00,
    0x00, 0x00, 0x50, 0x00, 0x00, 0x00, 0x00, 0x00, 0x00, 0x00, 0x00, 0x00, 0xBF, 0xFF, 0xFF, 0xFF,
    0xC0, 0x03, 0xFF, 0xFF, 0xFF, 0xFE, 0x00, 0x0F, 0xF9, 0x00, 0x3F, 0xE0, 0x00, 0xBF, 0x00, 0x03,
    0xFF, 0x00, 0x03, 0xF0, 0x00, 0x2F, 0xF0, 0x00, 0x0F, 0x00, 0x02, 0xFF, 0x40, 0x00, 0x78, 0x00,
    0x1F, 0xF4, 0x00, 0x02, 0xD0, 0x01, 0xFF, 0x80, 0x00, 0x06, 0x00, 0x0F, 0xFC, 0x00, 0x00, 0x00,
    0x00, 0xFF, 0xC0, 0x00, 0x00, 0x00, 0x0F, 0xFC, 0x00, 0x00, 0x00, 0x00, 0xFF, 0xD0, 0x00, 0x00,
    0x00, 0x0B, 0xFD, 0x00, 0x00, 0x00, 0x00, 0xBF, 0xE0, 0x00, 0x00, 0x00, 0x07, 0xFF, 0x00, 0x0E,
    0x00, 0x00, 0x7F, 0xF0, 0x00, 0x78, 0x00, 0x03, 0xFF, 0x00, 0x02, 0xD0, 0x00, 0x3F, 0xF4, 0x00,
    0x0F, 0x00, 0x03, 0xFF, 0x40, 0x00, 0xB8, 0x00, 0x3F, 0xF8, 0x00, 0x07, 0xD0, 0x02, 0xFF, 0xC0,
    0x00, 0x7F, 0x00, 0x2F, 0xFC, 0x00, 0x1F, 0xF8, 0x00, 0xFF, 0xFF, 0xFF, 0xFF, 0xC0, 0x00, 0x00,
    0x00, 0x00, 0x7C, 0x00, 0x00, 0x03, 0xFD, 0x00, 0x00, 0x1F, 0xFC, 0x00, 0x00, 0xBF, 0xF4, 0x00,
    0x00, 0xF9, 0x00, 0x00, 0x00, 0x00, 0x00, 0x00, 0x00, 0x00, 0x00, 0x00, 0x1F, 0x80, 0x0E, 0x00,
    0xBF, 0xF0, 0x2D, 0x01, 0xFF, 0xFC, 0x78, 0x03, 0xFF, 0xFF, 0xE0, 0x03, 0x80, 0x07, 0x80, 0x00,
    0x00, 0x1E, 0x00, 0x00, 0x00, 0x78, 0x00, 0x00, 0x02, 0xD0, 0x00, 0x00, 0x0B, 0x40, 0x00, 0x00,
    0x3C, 0x00, 0x00, 0x00, 0xF0, 0x00, 0x2C, 0x03, 0xC0, 0x00, 0xBC, 0x0F, 0xFF, 0xFF, 0xF8, 0x2D,
    0x1F, 0xFF, 0xF0, 0x78, 0x07, 0xFF, 0xC0, 0xF0, 0x00, 0xFD, 0x00, 0x00, 0x00, 0x00, 0x01, 0xF4,
    0x00, 0x00, 0x00, 0x00, 0x1F, 0xF0, 0x00, 0x00, 0x00, 0x00, 0xFF, 0xC0, 0x00, 0x00, 0x00, 0x02,
    0xFE, 0x00, 0x00, 0x00, 0x00, 0x03, 0xE0, 0x00, 0x00, 0x00, 0x00, 0x00, 0x00, 0x00, 0x00, 0x00,
    0x00, 0x00, 0x00, 0x00, 0x00, 0x00, 0x00, 0x00, 0x00, 0x00, 0x0B, 0xFF, 0xFF, 0xFF, 0xFC, 0x00,
    0x3F, 0xFF, 0xFF, 0xFF, 0xE0, 0x00, 0xFF, 0x90, 0x03, 0xFF, 0x00, 0x0B, 0xF0, 0x00, 0x2F, 0xF0,
    0x00, 0x3F, 0x00, 0x02, 0xFF, 0x00, 0x00, 0xF0, 0x00, 0x2F, 0xF4, 0x00, 0x07, 0x80, 0x01, 0xFF,
    0x80, 0x00, 0x2D, 0x00, 0x1F, 0xF8, 0x00, 0x00, 0x60, 0x00, 0xFF, 0xC0, 0x00, 0x00, 0x00, 0x0F,
    0xFC, 0x00, 0x00, 0x00, 0x00, 0xFF, 0xC0, 0x00, 0x00, 0x00, 0x0B, 0xFD, 0x00, 0x00, 0x00, 0x00,
    0xBF, 0xD0, 0x00, 0x00, 0x00, 0x07, 0xFE, 0x00, 0x00, 0x00, 0x00, 0x7F, 0xF0, 0x00, 0xE0, 0x00,
    0x03, 0xFF, 0x00, 0x07, 0x80, 0x00, 0x3F, 0xF0, 0x00, 0x2D, 0x00, 0x03, 0xFF, 0x40, 0x00, 0xF0,
    0x00, 0x3F, 0xF4, 0x00, 0x0B, 0x80, 0x02, 0xFF, 0x80, 0x00, 0x7D, 0x00, 0x2F, 0xFC, 0x00, 0x07,
    0xF0, 0x01, 0xFF, 0xC0, 0x01, 0xFF, 0x80, 0x0F, 0xFF, 0xFF, 0xFF, 0xFC, 0x00, 0x00, 0x00, 0x00,
    0x03, 0xD0, 0x00, 0x00, 0x0F, 0xE0, 0x00, 0x00, 0x0F, 0xE0, 0x00, 0x00, 0x0B, 0x80, 0x00, 0x00,
    0x00, 0x00, 0x00, 0x00, 0x00, 0x00, 0x00, 0x00, 0x00, 0x00, 0x00, 0x1F, 0x80, 0x0E, 0x00, 0xBF,
    0xF0, 0x2D, 0x01, 0xFF, 0xFC, 0x78, 0x03, 0xFF, 0xFF, 0xE0, 0x03, 0x80, 0x07, 0x80, 0x00, 0x00,
    0x1E, 0x00, 0x00, 0x00, 0x78, 0x00, 0x00, 0x02, 0xD0, 0x00, 0x00, 0x0B, 0x40, 0x00, 0x00, 0x3C,
    0x00, 0x00, 0x00, 0xF0, 0x00, 0x2C, 0x03, 0xC0, 0x00, 0xBC, 0x0F, 0xFF, 0xFF, 0xF8, 0x2D, 0x1F,
    0xFF, 0xF0, 0x78, 0x07, 0xFF, 0xC0, 0xF0, 0x00, 0xFD, 0x00, 0x00, 0x00, 0x0B, 0xFF, 0xFF, 0x40,
    0x00, 0x00, 0x0F, 0xFF, 0xF8, 0x00, 0x00, 0x00, 0x0B, 0xFE, 0x00, 0x00, 0x00, 0x00, 0x07, 0x80,
    0x00, 0x00, 0x00, 0x00, 0x00, 0x00, 0x00, 0x00, 0x00, 0x00, 0x00, 0x00, 0x00, 0x00, 0x00, 0x00,
    0x00, 0x00, 0x00, 0x02, 0xFF, 0xFF, 0xFF, 0xFF, 0x00, 0x0F, 0xFF, 0xFF, 0xFF, 0xF8, 0x00, 0x3F,
    0xE4, 0x00, 0xFF, 0xC0, 0x02, 0xFC, 0x00, 0x0B, 0xFC, 0x00, 0x0F, 0xC0, 0x00, 0xBF, 0xC0, 0x00,
    0x3C, 0x00, 0x0B, 0xFD, 0x00, 0x01, 0xE0, 0x00, 0x7F, 0xE0, 0x00, 0x0B, 0x40, 0x07, 0xFE, 0x00,
    0x00, 0x18, 0x00, 0x3F, 0xF0, 0x00, 0x00, 0x00, 0x03, 0xFF, 0x00, 0x00, 0x00, 0x00, 0x3F, 0xF0,
    0x00, 0x00, 0x00, 0x02, 0xFF, 0x40, 0x00, 0x00, 0x00, 0x2F, 0xF4, 0x00, 0x00, 0x00, 0x01, 0xFF,
    0x80, 0x00, 0x00, 0x00, 0x1F, 0xFC, 0x00, 0x38, 0x00, 0x00, 0xFF, 0xC0, 0x01, 0xE0, 0x00, 0x0F,
    0xFC, 0x00, 0x0B, 0x40, 0x00, 0xFF, 0xD0, 0x00, 0x3C, 0x00, 0x0F, 0xFD, 0x00, 0x02, 0xE0, 0x00,
    0xBF, 0xE0, 0x00, 0x1F, 0x40, 0x0B, 0xFF, 0x00, 0x01, 0xFC, 0x00, 0x7F, 0xF0, 0x00, 0x7F, 0xE0,
    0x03, 0xFF, 0xFF, 0xFF, 0xFF, 0x00, 0x00, 0x00, 0x01, 0x00, 0x00, 0x40, 0x00, 0xF0, 0x02, 0xE0,
    0x00, 0x2F, 0x4B, 0xE0, 0x00, 0x03, 0xFF, 0xD0, 0x00, 0x00, 0x3F, 0xC0, 0x00, 0x00, 0x07, 0x80,
    0x00, 0x01, 0xF8, 0x00, 0xE0, 0x02, 0xFF, 0xC0, 0xB4, 0x01, 0xFF, 0xFC, 0x78, 0x00, 0xFF, 0xFF,
    0xF8, 0x00, 0x38, 0x00, 0x78, 0x00, 0x00, 0x00, 0x78, 0x00, 0x00, 0x00, 0x78, 0x00, 0x00, 0x00,
    0xB8, 0x00, 0x00, 0x00, 0xB4, 0x00, 0x00, 0x00, 0xF4, 0x00, 0x00, 0x00, 0xF0, 0x00, 0x2C, 0x00,
    0xF0, 0x00, 0x2F, 0x00, 0xFF, 0xFF, 0xFF, 0x80, 0xB4, 0x7F, 0xFF, 0xC0, 0x78, 0x07, 0xFF, 0xC0,
    0x3C, 0x00, 0x3F, 0x40, 0x00, 0x00, 0x00, 0x00, 0x01, 0x40, 0x00, 0x00, 0x00, 0x00, 0x01, 0xFC,
    0x00, 0x00, 0x00, 0x00, 0x00, 0xFF, 0xD0, 0x00, 0x00, 0x00, 0x00, 0x2F, 0xFE, 0x00, 0x00, 0x00,
    0x00, 0x00, 0x6F, 0x80, 0x00, 0x00, 0x00, 0x00, 0x00, 0x00, 0x00, 0x00, 0x00, 0x00, 0x00, 0x00,
    0x00, 0x00, 0x7F, 0xFF, 0xFF, 0xFF, 0xFD, 0x00, 0x1F, 0xFF, 0xFF, 0xFF, 0xFF, 0x40, 0x00, 0x1F,
    0xF0, 0x00, 0x1F, 0xD0, 0x00, 0x0B, 0xFC, 0x00, 0x01, 0xF0, 0x00, 0x03, 0xFE, 0x00, 0x00, 0x3C,
    0x00, 0x00, 0xFF, 0x40, 0x00, 0x0F, 0x00, 0x00, 0x7F, 0xC0, 0x00, 0x03, 0xC0, 0x00, 0x2F, 0xF0,
    0x0B, 0x00, 0xE0, 0x00, 0x0F, 0xF8, 0x03, 0xC0, 0x00, 0x00, 0x03, 0xFD, 0x07, 0xE0, 0x00, 0x00,
    0x01, 0xFF, 0xFF, 0xF4, 0x00, 0x00, 0x00, 0xBF, 0xFF, 0xFC, 0x00, 0x00, 0x00, 0x3F, 0xE0, 0x2F,
    0x00, 0x00, 0x00, 0x0F, 0xF4, 0x07, 0x80, 0x00, 0x00, 0x07, 0xFC, 0x01, 0xD0, 0x0F, 0x00, 0x02,
    0xFF, 0x00, 0x60, 0x07, 0x80, 0x00, 0xFF, 0x80, 0x00, 0x03, 0xC0, 0x00, 0x3F, 0xD0, 0x00, 0x01,
    0xF0, 0x00, 0x1F, 0xF0, 0x00, 0x00, 0xF4, 0x00, 0x0B, 0xFC, 0x00, 0x01, 0xFC, 0x00, 0x03, 0xFE,
    0x00, 0x06, 0xFE, 0x00, 0xBF, 0xFF, 0xFF, 0xFF, 0xFF, 0x00, 0x2F, 0xFF, 0xFF, 0xFF, 0xFF, 0x80,
    0x00, 0x00, 0x00, 0x00, 0x2E, 0x00, 0xF8, 0x00, 0x00, 0x00, 0x3F, 0xE0, 0xFF, 0x40, 0x00, 0x00,
    0x0F, 0xF8, 0x7F, 0xD0, 0x00, 0x00, 0x03, 0xFC, 0x1F, 0xF0, 0x00, 0x00, 0x00, 0xBD, 0x02, 0xF0,
    0x00, 0x00, 0x00, 0x00, 0x00, 0x00, 0x00, 0x00, 0x00, 0x00, 0x00, 0x00, 0x00, 0x00, 0x7F, 0xFF,
    0xFF, 0xFF, 0xFD, 0x00, 0x1F, 0xFF, 0xFF, 0xFF, 0xFF, 0x40, 0x00, 0x1F, 0xF0, 0x00, 0x1F, 0xD0,
    0x00, 0x0B, 0xFC, 0x00, 0x01, 0xF0, 0x00, 0x03, 0xFE, 0x00, 0x00, 0x3C, 0x00, 0x00, 0xFF, 0x40,
    0x00, 0x0F, 0x00, 0x00, 0x7F, 0xC0, 0x00, 0x03, 0xC0, 0x00, 0x2F, 0xF0, 0x0B, 0x00, 0xE0, 0x00,
    0x0F, 0xF8, 0x03, 0xC0, 0x00, 0x00, 0x03, 0xFD, 0x07, 0xE0, 0x00, 0x00, 0x01, 0xFF, 0xFF, 0xF4,
    0x00, 0x00, 0x00, 0xBF, 0xFF, 0xFC, 0x00, 0x00, 0x00, 0x3F, 0xE0, 0x2F, 0x00, 0x00, 0x00, 0x0F,
    0xF4, 0x07, 0x80, 0x00, 0x00, 0x07, 0xFC, 0x01, 0xD0, 0x0F, 0x00, 0x02, 0xFF, 0x00, 0x60, 0x07,
    0x80, 0x00, 0xFF, 0x80, 0x00, 0x03, 0xC0, 0x00, 0x3F, 0xD0, 0x00, 0x01, 0xF0, 0x00, 0x1F, 0xF0,
    0x00, 0x00, 0xF4, 0x00, 0x0B, 0xFC, 0x00, 0x01, 0xFC, 0x00, 0x03, 0xFE, 0x00, 0x06, 0xFE, 0x00,
    0xBF, 0xFF, 0xFF, 0xFF, 0xFF, 0x00, 0x2F, 0xFF, 0xFF, 0xFF, 0xFF, 0x80, 0x00, 0x01, 0xFF, 0xFF,
    0xFF, 0xFF, 0xFE, 0x00, 0x0B, 0xFF, 0xFF, 0xFF, 0xFF, 0xF8, 0x00, 0x3F, 0x80, 0x3F, 0xD0, 0x07,
    0xE0, 0x02, 0xF0, 0x01, 0xFF, 0x00, 0x0B, 0x40, 0x0F, 0x40, 0x0B, 0xFC, 0x00, 0x2D, 0x00, 0x7C,
    0x00, 0x3F, 0xE0, 0x00, 0x70, 0x02, 0xD0, 0x00, 0xFF, 0x40, 0x00, 0x00, 0x05, 0x00, 0x07, 0xFC,
    0x02, 0xFF, 0xE0, 0x00, 0x00, 0x2F, 0xF0, 0xA4, 0x0B, 0xF0, 0x00, 0x00, 0xFF, 0x9C, 0x00, 0x0F,
    0xE0, 0x00, 0x03, 0xFE, 0x80, 0x00, 0x3F, 0xC0, 0x00, 0x1F, 0xFC, 0x00, 0x00, 0xFF, 0x00, 0x00,
    0xBF, 0xD0, 0x00, 0x07, 0xF8, 0x00, 0x03, 0xFF, 0x00, 0x00, 0x2F, 0xD0, 0x00, 0x0F, 0xF4, 0x00,
    0x00, 0xFF, 0x00, 0x00, 0x7F, 0xC0, 0x00, 0x03, 0xFC, 0x00, 0x02, 0xFF, 0x02, 0xF4, 0x1F, 0xE0,
    0x00, 0x0F, 0xF8, 0x2F, 0xF0, 0xBF, 0x00, 0x00, 0x3F, 0xD0, 0xFF, 0xC3, 0xF8, 0x00, 0x01, 0xFF,
    0x03, 0xFD, 0x1F, 0xC0, 0x00, 0x0B, 0xFC, 0x0F, 0xD0, 0xFC, 0x00, 0xFF, 0xFF, 0xFC, 0x1E, 0x0F,
    0xC0, 0x03, 0xFF, 0xFF, 0xF0, 0x1F, 0xE4, 0x00, 0x00, 0x00, 0x00, 0x00, 0x00, 0x00, 0x40, 0x00,
    0x00, 0x00, 0x00, 0x0B, 0xE0, 0x00, 0x00, 0x00, 0x00, 0xBF, 0xE0, 0x00, 0x00, 0x00, 0x0B, 0xFF,
    0xC0, 0x00, 0x00, 0x00, 0x0B, 0xE4, 0x00, 0x00, 0x00, 0x00, 0x00, 0x00, 0x00, 0x00, 0x00, 0x00,
    0x00, 0x00, 0x00, 0x00, 0x1F, 0xFF, 0xFF, 0xFF, 0xFC, 0x00, 0x1F, 0xFF, 0xFF, 0xFF, 0xFC, 0x00,
    0x00, 0x7F, 0xC0, 0x02, 0xFC, 0x00, 0x00, 0xBF, 0xC0, 0x00, 0xBC, 0x00, 0x00, 0xFF, 0x80, 0x00,
    0x78, 0x00, 0x00, 0xFF, 0x40, 0x00, 0x78, 0x00, 0x01, 0xFF, 0x00, 0x00, 0x74, 0x00, 0x02, 0xFF,
    0x00, 0x00, 0x70, 0x00, 0x03, 0xFE, 0x00, 0x00, 0x00, 0x00, 0x03, 0xFD, 0x00, 0x00, 0x00, 0x00,
    0x07, 0xFC, 0x00, 0x00, 0x00, 0x00, 0x0B, 0xFC, 0x00, 0x00, 0x00, 0x00, 0x0F, 0xF8, 0x00, 0x00,
    0x00, 0x00, 0x0F, 0xF4, 0x00, 0x00, 0x00, 0x00, 0x1F, 0xF0, 0x00, 0x00, 0x00, 0x00, 0x2F, 0xF0,
    0x00, 0x00, 0x00, 0x00, 0x3F, 0xE0, 0x00, 0x00, 0x00, 0x00, 0x3F, 0xD0, 0x00, 0x00, 0x00, 0x00,
    0x7F, 0xC0, 0x00, 0x00, 0x00, 0x00, 0xBF, 0xC0, 0x00, 0x00, 0x00, 0x00, 0xFF, 0x80, 0x00, 0x00,
    0x00, 0xBF, 0xFF, 0xFF, 0x40, 0x00, 0x00, 0xBF, 0xFF, 0xFF, 0x40, 0x00, 0x00, 0x00, 0x00, 0x01,
    0xBF, 0xF4, 0x02, 0xC0, 0x00, 0x0B, 0xFF, 0xFF, 0xD2, 0xE0, 0x00, 0x2F, 0xFE, 0x00, 0x7F, 0xF8,
    0x00, 0x3F, 0xF4, 0x00, 0x03, 0xFD, 0x00, 0x3F, 0xF0, 0x00, 0x00, 0x7F, 0x00, 0x3F, 0xF0, 0x00,
    0x00, 0x0F, 0xC0, 0x2F, 0xF0, 0x00, 0x00, 0x03, 0xE0, 0x1F, 0xF4, 0x00, 0x00, 0x00, 0xB0, 0x0F,
    0xFC, 0x00, 0x00, 0x00, 0x00, 0x07, 0xFE, 0x00, 0x00, 0x00, 0x00, 0x02, 0xFF, 0x00, 0x00, 0x00,
    0x00, 0x00, 0xFF, 0xEF, 0xFE, 0x40, 0x00, 0x00, 0x7F, 0xFF, 0xFF, 0xFF, 0xD0, 0x00, 0x2F, 0xF4,
    0x1F, 0xFF, 0xFC, 0x00, 0x0B, 0xFC, 0x00, 0x7F, 0xE4, 0x00, 0x02, 0xFF, 0x00, 0x00, 0x00, 0x00,
    0x00, 0xBF, 0xC0, 0x00, 0x00, 0x00, 0x00, 0x2F, 0xF0, 0x00, 0x00, 0x00, 0xE0, 0x07, 0xFD, 0x00,
    0x00, 0x00, 0xB8, 0x00, 0xFF, 0x80, 0x00, 0x00, 0x7C, 0x00, 0x1F, 0xF8, 0x00, 0x00, 0xBC, 0x00,
    0x01, 0xFF, 0xD0, 0x06, 0xFC, 0x00, 0x00, 0x0F, 0xFF, 0xFF, 0xF4, 0x00, 0x00, 0x00, 0x2F, 0xFF,
    0x90, 0x00, 0x00, 0x00, 0x00, 0x07, 0xFF, 0x42, 0xC0, 0x00, 0x0B, 0xD0, 0x1F, 0xFC, 0x00, 0x02,
    0xF0, 0x00, 0x3F, 0x80, 0x00, 0xBC, 0x00, 0x02, 0xF4, 0x00, 0x0F, 0x80, 0x00, 0x1F, 0x00, 0x02,
    0xF4, 0x00, 0x01, 0xF0, 0x00, 0x3F, 0x80, 0x00, 0x1E, 0x00, 0x03, 0xFC, 0x00, 0x01, 0xD0, 0x00,
    0x3F, 0xF9, 0x00, 0x00, 0x00, 0x03, 0xFF, 0xFF, 0x80, 0x00, 0x00, 0x1F, 0xFF, 0xFF, 0x40, 0x00,
    0x00, 0xBF, 0xFF, 0xFD, 0x00, 0x00, 0x01, 0xFF, 0xFF, 0xF0, 0x00, 0x00, 0x00, 0x6F, 0xFF, 0x00,
    0x00, 0x00, 0x00, 0x1F, 0xF4, 0x00, 0x00, 0x00, 0x00, 0x7F, 0x00, 0x07, 0x40, 0x00, 0x07, 0xF0,
    0x00, 0xB4, 0x00, 0x00, 0x7F, 0x00, 0x0F, 0x40, 0x00, 0x0B, 0xD0, 0x00, 0xF8, 0x00, 0x00, 0xFC,
    0x00, 0x1F, 0xD0, 0x00, 0x3F, 0x40, 0x02, 0xFF, 0x80, 0x1F, 0xD0, 0x00, 0x3C, 0x7F, 0xFF, 0xF4,
    0x00, 0x03, 0x40, 0x7F, 0xE4, 0x00, 0x00, 0x00, 0x0B, 0xFF, 0xFF, 0xF0, 0x00, 0x2F, 0xFF, 0xFF,
    0xC0, 0x00, 0x01, 0xFF, 0x00, 0x00, 0x00, 0x0B, 0xFC, 0x00, 0x00, 0x00, 0x3F, 0xE0, 0x00, 0x00,
    0x00, 0xFF, 0x40, 0x00, 0x00, 0x07, 0xFC, 0x00, 0x00, 0x00, 0x2F, 0xF0, 0x00, 0x00, 0x00, 0xFF,
    0x80, 0x00, 0x00, 0x03, 0xFD, 0x00, 0x00, 0x00, 0x1F, 0xF0, 0x00, 0x00, 0x00, 0xBF, 0xC0, 0x00,
    0x00, 0x03, 0xFE, 0x00, 0x00, 0x00, 0x0F, 0xF4, 0x00, 0x00, 0x00, 0x7F, 0xC0, 0x00, 0x00, 0x02,
    0xFF, 0x00, 0x00, 0x00, 0x0F, 0xF8, 0x00, 0x00, 0x00, 0x3F, 0xD0, 0x00, 0x00, 0x01, 0xFF, 0x00,
    0x00, 0x00, 0x0B, 0xFC, 0x00, 0x00, 0x00, 0x3F, 0xE0, 0x00, 0x00, 0xFF, 0xFF, 0xFF, 0x00, 0x03,
    0xFF, 0xFF, 0xF8, 0x00, 0x00, 0x00, 0x00, 0x2E, 0x00, 0xF8, 0x00, 0x00, 0xFF, 0x83, 0xFD, 0x00,
    0x01, 0xFF, 0x87, 0xFD, 0x00, 0x00, 0xFF, 0x07, 0xFC, 0x00, 0x00, 0xBD, 0x02, 0xE0, 0x00, 0x00,
    0x00, 0x00, 0x00, 0x00, 0x00, 0x00, 0x00, 0x00, 0x00, 0x0B, 0xFF, 0xFF, 0xF0, 0x00, 0x0B, 0xFF,
    0xFF, 0xF0, 0x00, 0x00, 0x1F, 0xF0, 0x00, 0x00, 0x00, 0x2F, 0xF0, 0x00, 0x00, 0x00, 0x3F, 0xE0,
    0x00, 0x00, 0x00, 0x3F, 0xD0, 0x00, 0x00, 0x00, 0x7F, 0xC0, 0x00, 0x00, 0x00, 0xBF, 0xC0, 0x00,
    0x00, 0x00, 0xFF, 0x80, 0x00, 0x00, 0x00, 0xFF, 0x40, 0x00, 0x00, 0x01, 0xFF, 0x00, 0x00, 0x00,
    0x02, 0xFF, 0x00, 0x00, 0x00, 0x03, 0xFE, 0x00, 0x00, 0x00, 0x03, 0xFD, 0x00, 0x00, 0x00, 0x07,
    0xFC, 0x00, 0x00, 0x00, 0x0B, 0xFC, 0x00, 0x00, 0x00, 0x0F, 0xF8, 0x00, 0x00, 0x00, 0x0F, 0xF4,
    0x00, 0x00, 0x00, 0x1F, 0xF0, 0x00, 0x00, 0x00, 0x2F, 0xF0, 0x00, 0x00, 0x00, 0x3F, 0xE0, 0x00,
    0x00, 0x3F, 0xFF, 0xFF, 0xC0, 0x00, 0x3F, 0xFF, 0xFF, 0x80, 0x00, 0x00, 0x00, 0x00, 0x00, 0x00,
    0x00, 0x00, 0x0B, 0xFF, 0xFF, 0xE0, 0x00, 0x00, 0x02, 0xFE, 0x00, 0x00, 0x00, 0x00, 0xFF, 0x40,
    0x00, 0x00, 0x00, 0x3F, 0xC0, 0x00, 0x00, 0x00, 0x1F, 0xF0, 0x00, 0x00, 0x00, 0x0B, 0xF8, 0x00,
    0x00, 0x00, 0x03, 0xFD, 0x00, 0x00, 0x00, 0x00, 0xFF, 0x00, 0x00, 0x00, 0x00, 0x7F, 0xC0, 0x00,
    0x00, 0x00, 0x2F, 0xF0, 0x00, 0x00, 0x00, 0x0F, 0xF8, 0x00, 0x00, 0x00, 0x03, 0xFD, 0x00, 0x00,
    0x00, 0x01, 0xFF, 0x00, 0x00, 0x00, 0x00, 0xBF, 0xC0, 0x00, 0x00, 0x00, 0x3F, 0xE0, 0x00, 0x00,
    0x00, 0x0F, 0xF4, 0x00, 0x00, 0x00, 0x07, 0xFC, 0x00, 0x01, 0xF8, 0x02, 0xFF, 0x00, 0x01, 0xFF,
    0x40, 0xFF, 0x40, 0x00, 0xBF, 0xC0, 0x7F, 0xC0, 0x00, 0x2F, 0xD0, 0x3F, 0xC0, 0x00, 0x03, 0xE0,
    0x7F, 0x80, 0x00, 0x00, 0x1F, 0xFE, 0x00, 0x00, 0x00, 0x00, 0x00, 0x00, 0x00, 0x00, 0x00, 0x00,
    0x00, 0x0F, 0xFF, 0xFF, 0xFF, 0xFF, 0xFC, 0x00, 0x00, 0x00, 0x03, 0xFF, 0xFF, 0xFF, 0xFF, 0xFF,
    0x00, 0x00, 0x00, 0x00, 0x02, 0xD0, 0x00, 0x7F, 0xC0, 0x00, 0x00, 0x00, 0x00, 0x00, 0xF0, 0x00,
    0x2F, 0xF0, 0x00, 0x00, 0x00, 0x00, 0x00, 0x3C, 0x00, 0x0F, 0xF8, 0x00, 0x00, 0x00, 0x00, 0x00,
    0x1D, 0x00, 0x03, 0xFD, 0x00, 0x00, 0x00, 0x00, 0x00, 0x0B, 0x00, 0x01, 0xFF, 0x00, 0x00, 0x00,
    0x00, 0x00, 0x03, 0xC0, 0x00, 0xBF, 0xC0, 0x00, 0x00, 0x00, 0x00, 0x00, 0xE0, 0x00, 0x3F, 0xE0,
    0x00, 0x00, 0x00, 0x00, 0x00, 0x74, 0x00, 0x0F, 0xF4, 0x00, 0x00, 0x00, 0x00, 0x00, 0x3C, 0x00,
    0x07, 0xFF, 0xFF, 0xFE, 0x00, 0x00, 0x00, 0x0F, 0x00, 0x02, 0xFF, 0x50, 0x2F, 0xF4, 0x00, 0x00,
    0x07, 0x40, 0x00, 0xFF, 0x80, 0x02, 0xFF, 0x00, 0x00, 0x03, 0xC0, 0x00, 0x3F, 0xD0, 0x00, 0x7F,
    0xD0, 0x00, 0x00, 0xF0, 0x00, 0x1F, 0xF0, 0x00, 0x1F, 0xF4, 0x00, 0x00, 0x74, 0x00, 0x0F, 0xFC,
    0x00, 0x07, 0xFD, 0x00, 0x00, 0x3C, 0x00, 0x03, 0xFE, 0x00, 0x02, 0xFF, 0x02, 0xF0, 0x1E, 0x00,
    0x01, 0xFF, 0x40, 0x00, 0xFF, 0x83, 0xFE, 0x0F, 0x00, 0x00, 0xBF, 0xC0, 0x00, 0xBF, 0xC0, 0xFF,
    0x87, 0x80, 0x00, 0x3F, 0xF0, 0x00, 0x7F, 0xE0, 0x3F, 0xD3, 0x80, 0x00, 0x0F, 0xF8, 0x00, 0x7F,
    0xE0, 0x0F, 0xD7, 0x80, 0x02, 0xFF, 0xFF, 0xFF, 0xFF, 0xE0, 0x00, 0xBF, 0x40, 0x00, 0xBF, 0xFF,
    0xFF, 0xFF, 0x80, 0x00, 0x00, 0x00, 0x00, 0x00, 0x00, 0x00, 0x00, 0x00, 0x00, 0x00, 0x07, 0xFF,
    0xFF, 0xF0, 0xBF, 0xFF, 0xFF, 0x00, 0x00, 0x01, 0xFF, 0xFF, 0xFC, 0x1F, 0xFF, 0xFF, 0xC0, 0x00,
    0x00, 0x01, 0xFF, 0x40, 0x00, 0x1F, 0xF0, 0x00, 0x00, 0x00, 0x00, 0xBF, 0xC0, 0x00, 0x0B, 0xFC,
    0x00, 0x00, 0x00, 0x00, 0x3F, 0xE0, 0x00, 0x03, 0xFE, 0x00, 0x00, 0x00, 0x00, 0x0F, 0xF4, 0x00,
    0x00, 0xFF, 0x40, 0x00, 0x00, 0x00, 0x07, 0xFC, 0x00, 0x00, 0xBF, 0xC0, 0x00, 0x00, 0x00, 0x02,
    0xFF, 0x00, 0x00, 0x3F, 0xF0, 0x00, 0x00, 0x00, 0x00, 0xFF, 0x80, 0x00, 0x0F, 0xF8, 0x00, 0x00,
    0x00, 0x00, 0x3F, 0xD0, 0x00, 0x07, 0xFD, 0x00, 0x00, 0x00, 0x00, 0x1F, 0xFF, 0xFF, 0xFF, 0xFF,
    0xFF, 0xFF, 0x40, 0x00, 0x0B, 0xFF, 0xFF, 0xFF, 0xFF, 0xE4, 0x0B, 0xFC, 0x00, 0x03, 0xFE, 0x00,
    0x00, 0x3F, 0xE0, 0x00, 0xFF, 0xC0, 0x00, 0xFF, 0x40, 0x00, 0x0F, 0xF4, 0x00, 0x1F, 0xF0, 0x00,
    0x7F, 0xC0, 0x00, 0x07, 0xFC, 0x00, 0x07, 0xFD, 0x00, 0x2F, 0xF0, 0x00, 0x02, 0xFF, 0x00, 0x01,
    0xFF, 0x40, 0x0F, 0xF8, 0x00, 0x00, 0xFF, 0x80, 0x00, 0xBF, 0xC0, 0x03, 0xFD, 0x00, 0x00, 0x7F,
    0xD0, 0x00, 0x3F, 0xF0, 0x01, 0xFF, 0x00, 0x00, 0x2F, 0xF0, 0x00, 0x2F, 0xF4, 0x00, 0xBF, 0xC0,
    0x00, 0x0F, 0xF8, 0x00, 0x0F, 0xF8, 0x00, 0x3F, 0xE0, 0x00, 0x03, 0xFD, 0x00, 0x1F, 0xFC, 0x0B,
    0xFF, 0xFF, 0xE0, 0xBF, 0xFF, 0xFF, 0xFF, 0xF8, 0x02, 0xFF, 0xFF, 0xF8, 0x3F, 0xFF, 0xFF, 0xFF,
    0xE0, 0x00, 0x07, 0xFF, 0xFF, 0xFF, 0xFF, 0xE0, 0xBF, 0xFF, 0xFF, 0xFF, 0xFF, 0x0F, 0xD0, 0x7F,
    0xC0, 0x07, 0xE1, 0xF0, 0x0B, 0xFC, 0x00, 0x2E, 0x3D, 0x00, 0xFF, 0x80, 0x01, 0xD3, 0xC0, 0x0F,
    0xF4, 0x00, 0x1C, 0x74, 0x02, 0xFF, 0x00, 0x00, 0x0F, 0x00, 0x3F, 0xF0, 0x00, 0x00, 0x00, 0x03,
    0xFE, 0x0B, 0xFE, 0x40, 0x00, 0x7F, 0xDB, 0x41, 0xFC, 0x00, 0x0B, 0xFF, 0x80, 0x0F, 0xE0, 0x00,
    0xFF, 0xE0, 0x00, 0xFE, 0x00, 0x0F, 0xFC, 0x00, 0x0F, 0xD0, 0x01, 0xFF, 0x40, 0x01, 0xFC, 0x00,
    0x2F, 0xF0, 0x00, 0x2F, 0xC0, 0x03, 0xFF, 0x00, 0x03, 0xF8, 0x00, 0x3F, 0xE0, 0x00, 0x3F, 0x40,
    0x07, 0xFC, 0x00, 0x07, 0xF0, 0x00, 0xBF, 0xC0, 0x00, 0xBF, 0x00, 0x0F, 0xF8, 0x00, 0x0F, 0xE0,
    0x00, 0xFF, 0x40, 0x00, 0xFD, 0x0F, 0xFF, 0xFF, 0x83, 0xFF, 0xFE, 0xFF, 0xFF, 0xF8, 0x3F, 0xFF,
    0xE0, 0x00, 0x00, 0x00, 0x00, 0x00, 0x1F, 0x40, 0x00, 0x00, 0x00, 0x00, 0x00, 0x0B, 0xFE, 0x00,
    0x00, 0x00, 0x00, 0x00, 0x01, 0xFF, 0xF0, 0x00, 0x00, 0x00, 0x00, 0x00, 0x0B, 0xA4, 0x00, 0x00,
    0x00, 0x00, 0x00, 0x00, 0x00, 0x00, 0x00, 0x00, 0x00, 0x00, 0x00, 0x00, 0x00, 0x00, 0x00, 0x00,
    0x01, 0xFF, 0xFF, 0xFC, 0x01, 0xFF, 0xFF, 0x00, 0x07, 0xFF, 0xFF, 0xF0, 0x07, 0xFF, 0xFC, 0x00,
    0x00, 0x7F, 0xD0, 0x00, 0x02, 0xF8, 0x00, 0x00, 0x02, 0xFF, 0x00, 0x00, 0x3F, 0x00, 0x00, 0x00,
    0x0F, 0xF8, 0x00, 0x07, 0xE0, 0x00, 0x00, 0x00, 0x3F, 0xD0, 0x00, 0xBD, 0x00, 0x00, 0x00, 0x01,
    0xFF, 0x00, 0x0F, 0x80, 0x00, 0x00, 0x00, 0x0B, 0xFC, 0x01, 0xF4, 0x00, 0x00, 0x00, 0x00, 0x3F,
    0xE0, 0x2F, 0x00, 0x00, 0x00, 0x00, 0x00, 0xFF, 0x43, 0xF8, 0x00, 0x00, 0x00, 0x00, 0x07, 0xFC,
    0x7F, 0xF0, 0x00, 0x00, 0x00, 0x00, 0x2F, 0xFB, 0xFF, 0xD0, 0x00, 0x00, 0x00, 0x00, 0xFF, 0xF8,
    0xFF, 0xC0, 0x00, 0x00, 0x00, 0x03, 0xFF, 0x41, 0xFF, 0x40, 0x00, 0x00, 0x00, 0x1F, 0xF0, 0x03,
    0xFF, 0x00, 0x00, 0x00, 0x00, 0xBF, 0xC0, 0x0B, 0xFC, 0x00, 0x00, 0x00, 0x03, 0xFE, 0x00, 0x0F,
    0xF8, 0x00, 0x00, 0x00, 0x0F, 0xF4, 0x00, 0x2F, 0xF0, 0x00, 0x00, 0x00, 0x7F, 0xC0, 0x00, 0x3F,
    0xE0, 0x00, 0x00, 0x02, 0xFF, 0x00, 0x00, 0xBF, 0xC0, 0x00, 0x00, 0x0F, 0xF8, 0x00, 0x01, 0xFF,
    0x80, 0x00, 0x2F, 0xFF, 0xFF, 0x80, 0xFF, 0xFF, 0xF0, 0x00, 0xBF, 0xFF, 0xFE, 0x03, 0xFF, 0xFF,
    0xC0, 0x00, 0x00, 0x00, 0x00, 0x00, 0x14, 0x00, 0x00, 0x00, 0x00, 0x00, 0x00, 0x01, 0xFC, 0x00,
    0x00, 0x00, 0x00, 0x00, 0x00, 0x0F, 0xFD, 0x00, 0x00, 0x00, 0x00, 0x00, 0x00, 0x2F, 0xFE, 0x00,
    0x00, 0x00, 0x00, 0x00, 0x00, 0x06, 0xF8, 0x00, 0x00, 0x00, 0x00, 0x00, 0x00, 0x00, 0x00, 0x00,
    0x00, 0x00, 0x00, 0x00, 0x00, 0x00, 0x00, 0x00, 0x00, 0x07, 0xFF, 0xFF, 0xF0, 0x7F, 0xFF, 0xFF,
    0x00, 0x1F, 0xFF, 0xFF, 0xC1, 0xFF, 0xFF, 0xFC, 0x00, 0x01, 0xFF, 0x40, 0x00, 0x3F, 0xF0, 0x00,
    0x00, 0x0B, 0xFC, 0x00, 0x02, 0xFF, 0xC0, 0x00, 0x00, 0x3F, 0xE0, 0x00, 0x1F, 0xFE, 0x00, 0x00,
    0x00, 0xFF, 0x40, 0x01, 0xFF, 0xF4, 0x00, 0x00, 0x07, 0xFC, 0x00, 0x0F, 0xBF, 0xC0, 0x00, 0x00,
    0x2F, 0xF0, 0x00, 0xF2, 0xFF, 0x00, 0x00, 0x00, 0xFF, 0x80, 0x0F, 0x4F, 0xF8, 0x00, 0x00, 0x03,
    0xFD, 0x00, 0xB4, 0x3F, 0xD0, 0x00, 0x00, 0x1F, 0xF0, 0x0B, 0x81, 0xFF, 0x00, 0x00, 0x00, 0xBF,
    0xC0, 0x78, 0x0B, 0xFC, 0x00, 0x00, 0x03, 0xFE, 0x07, 0xC0, 0x3F, 0xE0, 0x00, 0x00, 0x0F, 0xF4,
    0x3C, 0x00, 0xFF, 0x40, 0x00, 0x00, 0x7F, 0xC3, 0xC0, 0x0B, 0xFC, 0x00, 0x00, 0x02, 0xFF, 0x3D,
    0x00, 0x3F, 0xF0, 0x00, 0x00, 0x0F, 0xFA, 0xD0, 0x00, 0xFF, 0x80, 0x00, 0x00, 0x3F, 0xFE, 0x00,
    0x07, 0xFD, 0x00, 0x00, 0x01, 0xFF, 0xE0, 0x00, 0x2F, 0xF0, 0x00, 0x00, 0x0B, 0xFF, 0x00, 0x00,
    0xFF, 0x80, 0x00, 0x00, 0x3F, 0xF0, 0x00, 0x03, 0xFE, 0x00, 0x00, 0xBF, 0xFF, 0xFE, 0x0B, 0xFF,
    0xFF, 0xE0, 0x02, 0xFF, 0xFF, 0xF8, 0x3F, 0xFF, 0xFF, 0x80, 0x00, 0x00, 0x00, 0x02, 0xF0, 0x00,
    0x00, 0x00, 0x00, 0x00, 0xBF, 0x40, 0x00, 0x00, 0x00, 0x00, 0x0F, 0xF8, 0x00, 0x00, 0x00, 0x00,
    0x00, 0xFF, 0x00, 0x0C, 0x00, 0x00, 0x00, 0x0B, 0xD0, 0x07, 0x40, 0x00, 0x00, 0x00, 0x1F, 0xFF,
    0x80, 0x00, 0x00, 0x00, 0x00, 0x00, 0x00, 0x00, 0x00, 0x00, 0x00, 0x00, 0x00, 0x00, 0x00, 0x7F,
    0xFF, 0xFC, 0x00, 0x3F, 0xFF, 0xC7, 0xFF, 0xFF, 0xC0, 0x03, 0xFF, 0xFC, 0x02, 0xFF, 0x40, 0x00,
    0x02, 0xF4, 0x00, 0x0F, 0xF8, 0x00, 0x00, 0x3D, 0x00, 0x00, 0xFF, 0xC0, 0x00, 0x0B, 0x80, 0x00,
    0x0B, 0xFD, 0x00, 0x00, 0xF0, 0x00, 0x00, 0x3F, 0xE0, 0x00, 0x3D, 0x00, 0x00, 0x03, 0xFF, 0x00,
    0x07, 0xC0, 0x00, 0x00, 0x1F, 0xF4, 0x00, 0xF4, 0x00, 0x00, 0x00, 0xFF, 0xC0, 0x2E, 0x00, 0x00,
    0x00, 0x0B, 0xFC, 0x03, 0xC0, 0x00, 0x00, 0x00, 0x7F, 0xE0, 0xF4, 0x00, 0x00, 0x00, 0x03, 0xFF,
    0x1F, 0x00, 0x00, 0x00, 0x00, 0x2F, 0xF7, 0xC0, 0x00, 0x00, 0x00, 0x00, 0xFF, 0xF8, 0x00, 0x00,
    0x00, 0x00, 0x0F, 0xFF, 0x00, 0x00, 0x00, 0x00, 0x00, 0x7F, 0xD0, 0x00, 0x00, 0x01, 0xF8, 0x03,
    0xF8, 0x00, 0x00, 0x00, 0x7F, 0xC0, 0x3F, 0x00, 0x00, 0x00, 0x0B, 0xFC, 0x02, 0xD0, 0x00, 0x00,
    0x00, 0xBF, 0x80, 0xB4, 0x00, 0x00, 0x00, 0x07, 0xD0, 0x7D, 0x00, 0x00, 0x00, 0x00, 0x1F, 0xF9,
    0x00, 0x00, 0x00, 0x00, 0x00, 0x00, 0x00, 0x00, 0x00, 0x00, 0x00, 0x00, 0x00, 0x00, 0x7F, 0xFF,
    0xFF, 0x0B, 0xFF, 0xFF, 0xF0, 0x00, 0x07, 0xFD, 0x00, 0x00, 0x7F, 0xD0, 0x00, 0x00, 0x2F, 0xF0,
    0x00, 0x02, 0xFF, 0x00, 0x00, 0x00, 0xFF, 0xC0, 0x00, 0x0F, 0xFC, 0x00, 0x00, 0x03, 0xFE, 0x00,
    0x00, 0x3F, 0xE0, 0x00, 0x00, 0x1F, 0xF4, 0x00, 0x01, 0xFF, 0x40, 0x00, 0x00, 0xBF, 0xC0, 0x00,
    0x0B, 0xFC, 0x00, 0x00, 0x03, 0xFF, 0x00, 0x00, 0x3F, 0xF0, 0x00, 0x00, 0x0F, 0xF8, 0x00, 0x00,
    0xFF, 0x80, 0x00, 0x00, 0x3F, 0xD0, 0x00, 0x07, 0xFD, 0x00, 0x00, 0x01, 0xFF, 0x00, 0x00, 0x2F,
    0xF0, 0x00, 0x00, 0x0B, 0xFC, 0x00, 0x00, 0xBF, 0xC0, 0x00, 0x00, 0x3F, 0xE0, 0x00, 0x03, 0xFE,
    0x00, 0x00, 0x00, 0xFF, 0x80, 0x00, 0x0F, 0xF4, 0x00, 0x00, 0x07, 0xFD, 0x00, 0x00, 0x7F, 0xC0,
    0x00, 0x00, 0x2F, 0xF0, 0x00, 0x02, 0xFF, 0x00, 0x00, 0x00, 0xFF, 0xC0, 0x00, 0x0F, 0xF8, 0x00,
    0x00, 0x03, 0xFE, 0x00, 0x00, 0x3F, 0xD0, 0x00, 0x00, 0x1F, 0xF4, 0x00, 0x01, 0xFF, 0x00, 0x00,
    0x00, 0xBF, 0xC0, 0x00, 0x0B, 0xFC, 0x00, 0x00, 0x03, 0xFF, 0x00, 0x00, 0x3F, 0xF0, 0x00, 0x00,
    0x2F, 0xF8, 0x00, 0x00, 0xFF, 0x80, 0x00, 0x2F, 0xFF, 0xFF, 0xFF, 0xFF, 0xFF, 0xF8, 0x00, 0x00,
    0x00, 0x03, 0xF8, 0x00, 0x00, 0x00, 0x00, 0x00, 0x00, 0x0F, 0xC0, 0x00, 0x00, 0x00, 0x00, 0x00,
    0x00, 0x3D, 0x00, 0x00, 0x00, 0x00, 0x00, 0x00, 0x01, 0xF0, 0x00, 0x00, 0x00, 0x00, 0x00, 0x00,
    0x07, 0x80, 0x00, 0x00, 0x00, 0x00, 0x00, 0x00, 0x1C, 0x00, 0x00, 0x00, 0x00, 0x00, 0x00, 0x00,
    0x00, 0x00, 0x3C, 0x00, 0x00, 0x00, 0x00, 0x00, 0x3F, 0x00, 0x00, 0x00, 0x00, 0x00, 0x2F, 0xD0,
    0x00, 0x00, 0x00, 0x00, 0x0F, 0xF4, 0x00, 0x00, 0x00, 0x00, 0x0B, 0xFE, 0x00, 0x00, 0x00, 0x00,
    0x07, 0xFF, 0x80, 0x00, 0x00, 0x00, 0x03, 0xFF, 0xE0, 0x00, 0x00, 0x00, 0x01, 0xFF, 0xFC, 0x00,
    0x00, 0x00, 0x00, 0xF6, 0xFF, 0x00, 0x00, 0x00, 0x00, 0xBC, 0xBF, 0xC0, 0x00, 0x00, 0x00, 0x7C,
    0x1F, 0xF0, 0x00, 0x00, 0x00, 0x3E, 0x07, 0xFD, 0x00, 0x00, 0x00, 0x1F, 0x00, 0xFF, 0x40, 0x00,
    0x00, 0x0F, 0x40, 0x3F, 0xE0, 0x00, 0x00, 0x0B, 0x80, 0x0F, 0xF8, 0x00, 0x00, 0x03, 0xC0, 0x03,
    0xFE, 0x00, 0x00, 0x03, 0xFF, 0xFF, 0xFF, 0xC0, 0x00, 0x01, 0xFF, 0xFF, 0xFF, 0xF0, 0x00, 0x00,
    0xF4, 0x00, 0x0B, 0xFC, 0x00, 0x00, 0xB8, 0x00, 0x01, 0xFF, 0x00, 0x00, 0x3C, 0x00, 0x00, 0x7F,
    0xD0, 0x00, 0x7E, 0x00, 0x00, 0x1F, 0xF4, 0x07, 0xFF, 0xFC, 0x01, 0xFF, 0xFF, 0xF5, 0xFF, 0xFE,
    0x00, 0x7F, 0xFF, 0xFD, 0x00, 0x1F, 0xFF, 0xFF, 0xFF, 0xFF, 0x40, 0x07, 0xFF, 0xFF, 0xFF, 0xFF,
    0xE0, 0x00, 0x07, 0xFC, 0x00, 0x07, 0xF4, 0x00, 0x02, 0xFE, 0x00, 0x00, 0x3D, 0x00, 0x00, 0xFF,
    0x40, 0x00, 0x0F, 0x00, 0x00, 0x3F, 0xC0, 0x00, 0x03, 0xC0, 0x00, 0x1F, 0xF0, 0x00, 0x00, 0xF0,
    0x00, 0x0B, 0xF8, 0x00, 0x00, 0x38, 0x00, 0x03, 0xFD, 0x00, 0x00, 0x00, 0x00, 0x00, 0xFF, 0x00,
    0x00, 0x00, 0x00, 0x00, 0x7F, 0xFF, 0xFF, 0xE8, 0x00, 0x00, 0x2F, 0xE4, 0x00, 0x7F, 0xD0, 0x00,
    0x0F, 0xF0, 0x00, 0x0B, 0xFD, 0x00, 0x03, 0xFC, 0x00, 0x00, 0xFF, 0x80, 0x01, 0xFE, 0x00, 0x00,
    0x3F, 0xF0, 0x00, 0xBF, 0x40, 0x00, 0x0F, 0xF8, 0x00, 0x3F, 0xC0, 0x00, 0x07, 0xFD, 0x00, 0x0F,
    0xF0, 0x00, 0x02, 0xFF, 0x00, 0x07, 0xF8, 0x00, 0x01, 0xFF, 0x80, 0x02, 0xFD, 0x00, 0x00, 0xFF,
    0xC0, 0x00, 0xFF, 0x00, 0x02, 0xFF, 0xC0, 0x2F, 0xFF, 0xFF, 0xFF, 0xFF, 0x80, 0x0B, 0xFF, 0xFF,
    0xFF, 0xFE, 0x00, 0x00, 0x00, 0x1F, 0xFF, 0xFF, 0xFF, 0xE4, 0x00, 0x01, 0xFF, 0xFF, 0xFF, 0xFF,
    0xF0, 0x00, 0x00, 0x7F, 0xC0, 0x01, 0xFF, 0x80, 0x00, 0x0B, 0xF8, 0x00, 0x07, 0xFC, 0x00, 0x00,
    0xFF, 0x40, 0x00, 0x3F, 0xD0, 0x00, 0x0F, 0xF0, 0x00, 0x03, 0xFD, 0x00, 0x01, 0xFF, 0x00, 0x00,
    0x7F, 0xC0, 0x00, 0x2F, 0xE0, 0x00, 0x0B, 0xF8, 0x00, 0x03, 0xFD, 0x00, 0x00, 0xFF, 0x00, 0x00,
    0x3F, 0xC0, 0x00, 0x3F, 0xC0, 0x00, 0x07, 0xFC, 0x00, 0x1F, 0xD0, 0x00, 0x00, 0xBF, 0xFF, 0xFF,
    0xE0, 0x00, 0x00, 0x0F, 0xF4, 0x00, 0x0F, 0xE0, 0x00, 0x00, 0xFF, 0x00, 0x00, 0x3F, 0xC0, 0x00,
    0x1F, 0xF0, 0x00, 0x03, 0xFE, 0x00, 0x02, 0xFE, 0x00, 0x00, 0x3F, 0xE0, 0x00, 0x3F, 0xD0, 0x00,
    0x03, 0xFE, 0x00, 0x03, 0xFC, 0x00, 0x00, 0x7F, 0xD0, 0x00, 0x7F, 0x80, 0x00, 0x0F, 0xFC, 0x00,
    0x0B, 0xF4, 0x00, 0x02, 0xFF, 0x00, 0x00, 0xFF, 0x00, 0x01, 0xFF, 0xD0, 0x0B, 0xFF, 0xFF, 0xFF,
    0xFF, 0xF0, 0x00, 0xBF, 0xFF, 0xFF, 0xFF, 0xE0, 0x00, 0x00, 0x00, 0x1F, 0xFF, 0xFF, 0xFF, 0xFC,
    0x00, 0x1F, 0xFF, 0xFF, 0xFF, 0xFC, 0x00, 0x00, 0x7F, 0xC0, 0x02, 0xFC, 0x00, 0x00, 0xBF, 0xC0,
    0x00, 0xBC, 0x00, 0x00, 0xFF, 0x80, 0x00, 0x78, 0x00, 0x00, 0xFF, 0x40, 0x00, 0x78, 0x00, 0x01,
    0xFF, 0x00, 0x00, 0x74, 0x00, 0x02, 0xFF, 0x00, 0x00, 0x70, 0x00, 0x03, 0xFE, 0x00, 0x00, 0x00,
    0x00, 0x03, 0xFD, 0x00, 0x00, 0x00, 0x00, 0x07, 0xFC, 0x00, 0x00, 0x00, 0x00, 0x0B, 0xFC, 0x00,
    0x00, 0x00, 0x00, 0x0F, 0xF8, 0x00, 0x00, 0x00, 0x00, 0x0F, 0xF4, 0x00, 0x00, 0x00, 0x00, 0x1F,
    0xF0, 0x00, 0x00, 0x00, 0x00, 0x2F, 0xF0, 0x00, 0x00, 0x00, 0x00, 0x3F, 0xE0, 0x00, 0x00, 0x00,
    0x00, 0x3F, 0xD0, 0x00, 0x00, 0x00, 0x00, 0x7F, 0xC0, 0x00, 0x00, 0x00, 0x00, 0xBF, 0xC0, 0x00,
    0x00, 0x00, 0x00, 0xFF, 0x80, 0x00, 0x00, 0x00, 0xBF, 0xFF, 0xFF, 0x40, 0x00, 0x00, 0xBF, 0xFF,
    0xFF, 0x40, 0x00, 0x00, 0x00, 0x00, 0x00, 0x2F, 0xFF, 0xFF, 0xFF, 0xFF, 0xF0, 0x00, 0x00, 0x02,
    0xFF, 0xFF, 0xFF, 0xFF, 0xFF, 0x00, 0x00, 0x00, 0x00, 0xB4, 0x00, 0x1F, 0xF0, 0x00, 0x00, 0x00,
    0x00, 0x0F, 0x00, 0x02, 0xFF, 0x00, 0x00, 0x00, 0x00, 0x00, 0xE0, 0x00, 0x3F, 0xE0, 0x00, 0x00,
    0x00, 0x00, 0x1D, 0x00, 0x03, 0xFD, 0x00, 0x00, 0x00, 0x00, 0x02, 0xC0, 0x00, 0x7F, 0xC0, 0x00,
    0x00, 0x00, 0x00, 0x3C, 0x00, 0x0B, 0xFC, 0x00, 0x00, 0x00, 0x00, 0x07, 0x40, 0x00, 0xFF, 0x80,
    0x00, 0x00, 0x00, 0x00, 0xB0, 0x00, 0x0F, 0xF4, 0x00, 0x00, 0x00, 0x00, 0x0E, 0x00, 0x01, 0xFF,
    0x00, 0x00, 0x00, 0x00, 0x02, 0xC0, 0x00, 0x2F, 0xF0, 0x00, 0x00, 0x00, 0x00, 0x3C, 0x00, 0x03,
    0xFE, 0x00, 0x00, 0x00, 0x00, 0x07, 0x40, 0x00, 0x3F, 0xD0, 0x00, 0x00, 0x00, 0x00, 0xF0, 0x00,
    0x07, 0xFC, 0x00, 0x00, 0x00, 0x00, 0x2C, 0x00, 0x00, 0xBF, 0xC0, 0x00, 0x00, 0x00, 0x03, 0x80,
    0x00, 0x0F, 0xF8, 0x00, 0x00, 0x00, 0x00, 0xF0, 0x00, 0x00, 0xFF, 0x40, 0x00, 0x00, 0x00, 0x2D,
    0x00, 0x00, 0x1F, 0xF0, 0x00, 0x00, 0x00, 0x07, 0x80, 0x00, 0x02, 0xFF, 0x00, 0x00, 0x00, 0x01,
    0xF0, 0x00, 0x00, 0x2F, 0xE0, 0x00, 0x00, 0x00, 0xBC, 0x00, 0x00, 0x03, 0xFF, 0x40, 0x00, 0x03,
    0xFF, 0xFF, 0xFF, 0xFF, 0xFF, 0xFF, 0xC0, 0x00, 0xBF, 0x40, 0x00, 0x00, 0x00, 0x06, 0xFC, 0x00,
    0x0F, 0x80, 0x00, 0x00, 0x00, 0x00, 0x0B, 0xC0, 0x01, 0xE0, 0x00, 0x00, 0x00, 0x00, 0x00, 0x7C,
    0x00, 0x3C, 0x00, 0x00, 0x00, 0x00, 0x00, 0x07, 0x80, 0x07, 0x80, 0x00, 0x00, 0x00, 0x00, 0x00,
    0x78, 0x00, 0xB0, 0x00, 0x00, 0x00, 0x00, 0x00, 0x07, 0x40, 0x00, 0x00, 0x1F, 0xFF, 0xFF, 0xFF,
    0xFF, 0x40, 0x07, 0xFF, 0xFF, 0xFF, 0xFF, 0xD0, 0x00, 0x07, 0xFC, 0x00, 0x07, 0xF4, 0x00, 0x02,
    0xFF, 0x00, 0x00, 0x7C, 0x00, 0x00, 0xFF, 0x80, 0x00, 0x0F, 0x00, 0x00, 0x3F, 0xD0, 0x00, 0x03,
    0xC0, 0x00, 0x1F, 0xF0, 0x00, 0x00, 0xF0, 0x00, 0x0B, 0xFC, 0x02, 0xC0, 0x38, 0x00, 0x03, 0xFE,
    0x00, 0xF0, 0x00, 0x00, 0x00, 0xFF, 0x41, 0xF8, 0x00, 0x00, 0x00, 0x7F, 0xFF, 0xFD, 0x00, 0x00,
    0x00, 0x2F, 0xFF, 0xFF, 0x00, 0x00, 0x00, 0x0F, 0xF8, 0x0B, 0xC0, 0x00, 0x00, 0x03, 0xFD, 0x01,
    0xE0, 0x00, 0x00, 0x01, 0xFF, 0x00, 0x74, 0x03, 0xC0, 0x00, 0xBF, 0xC0, 0x18, 0x01, 0xE0, 0x00,
    0x3F, 0xE0, 0x00, 0x00, 0xF0, 0x00, 0x0F, 0xF4, 0x00, 0x00, 0x7C, 0x00, 0x07, 0xFC, 0x00, 0x00,
    0x3D, 0x00, 0x02, 0xFF, 0x00, 0x00, 0x7F, 0x00, 0x00, 0xFF, 0x80, 0x01, 0xBF, 0x80, 0x2F, 0xFF,
    0xFF, 0xFF, 0xFF, 0xC0, 0x0B, 0xFF, 0xFF, 0xFF, 0xFF, 0xE0, 0x00, 0x00, 0x07, 0xFF, 0xFC, 0x01,
    0xFF, 0xFF, 0xFC, 0x01, 0xFF, 0xFF, 0x00, 0x07, 0xFF, 0xFC, 0x01, 0xFF, 0xFF, 0xFC, 0x01, 0xFF,
    0xFF, 0x00, 0x00, 0x2F, 0x80, 0x00, 0x07, 0xFC, 0x00, 0x00, 0x2F, 0x40, 0x00, 0x00, 0x0B, 0xC0,
    0x00, 0x0B, 0xFC, 0x00, 0x00, 0xF8, 0x00, 0x00, 0x00, 0x02, 0xF0, 0x00, 0x0F, 0xF8, 0x00, 0x07,
    0xD0, 0x00, 0x00, 0x00, 0x00, 0xFC, 0x00, 0x0F, 0xF4, 0x00, 0x2F, 0x00, 0x00, 0x00, 0x00, 0x00,
    0x3E, 0x00, 0x1F, 0xF0, 0x00, 0xF8, 0x00, 0x00, 0x00, 0x00, 0x00, 0x0F, 0x40, 0x2F, 0xF0, 0x07,
    0xD0, 0x00, 0x00, 0x00, 0x00, 0x00, 0x07, 0xD0, 0x3F, 0xE0, 0x2F, 0x00, 0x00, 0x00, 0x00, 0x00,
    0x00, 0x07, 0xF0, 0x3F, 0xD0, 0xFD, 0x00, 0x00, 0x00, 0x00, 0x00, 0x00, 0x1F, 0xFC, 0x7F, 0xC7,
    0xFF, 0x00, 0x00, 0x00, 0x00, 0x00, 0x00, 0x7F, 0xFF, 0xFF, 0xEF, 0xFF, 0x40, 0x00, 0x00, 0x00,
    0x00, 0x01, 0xFF, 0x8F, 0xFF, 0xF8, 0xFF, 0xC0, 0x00, 0x00, 0x00, 0x00, 0x03, 0xFE, 0x03, 0xFF,
    0xD0, 0xBF, 0xD0, 0x00, 0x00, 0x00, 0x00, 0x0F, 0xF8, 0x02, 0xFF, 0x00, 0x3F, 0xF0, 0x00, 0x00,
    0x00, 0x00, 0x3F, 0xE0, 0x02, 0xFF, 0x00, 0x2F, 0xF0, 0x00, 0x00, 0x00, 0x00, 0xFF, 0x80, 0x03,
    0xFE, 0x00, 0x0F, 0xF8, 0x00, 0x00, 0x00, 0x03, 0xFE, 0x00, 0x03, 0xFD, 0x00, 0x0B, 0xFC, 0x00,
    0x00, 0x00, 0x0F, 0xF8, 0x00, 0x0B, 0xFC, 0x00, 0x03, 0xFE, 0x00, 0x00, 0x00, 0x3F, 0xF0, 0x00,
    0x0F, 0xFC, 0x00, 0x03, 0xFF, 0x00, 0x00, 0x01, 0xFF, 0xC0, 0x00, 0x0F, 0xF8, 0x00, 0x01, 0xFF,
    0x80, 0x00, 0x3F, 0xFF, 0xF8, 0x0B, 0xFF, 0xFF, 0xE0, 0x1F, 0xFF, 0xFC, 0x00, 0x7F, 0xFF, 0xFC,
    0x0B, 0xFF, 0xFF, 0xE0, 0x3F, 0xFF, 0xFC, 0x00, 0x00, 0x34, 0x1B, 0xFE, 0x40, 0x00, 0x1F, 0x7F,
    0xFF, 0xFD, 0x00, 0x0B, 0xFE, 0x40, 0x7F, 0xD0, 0x03, 0xFC, 0x00, 0x07, 0xFC, 0x01, 0xF8, 0x00,
    0x00, 0xFF, 0x40, 0xBC, 0x00, 0x00, 0x3F, 0xD0, 0x2C, 0x00, 0x00, 0x0F, 0xF0, 0x00, 0x00, 0x00,
    0x0B, 0xFC, 0x00, 0x00, 0x00, 0x07, 0xFC, 0x00, 0x00, 0x00, 0x03, 0xFC, 0x00, 0x00, 0x00, 0x1B,
    0xF4, 0x00, 0x00, 0x0F, 0xFF, 0xD0, 0x00, 0x00, 0x00, 0x00, 0xBF, 0x40, 0x00, 0x00, 0x00, 0x0B,
    0xF8, 0x00, 0x00, 0x00, 0x00, 0xFF, 0x00, 0x00, 0x00, 0x00, 0x3F, 0xD0, 0x00, 0x00, 0x00, 0x0F,
    0xF4, 0x2C, 0x00, 0x00, 0x07, 0xFD, 0x0F, 0x00, 0x00, 0x03, 0xFF, 0x03, 0xC0, 0x00, 0x02, 0xFF,
    0x40, 0xF8, 0x00, 0x01, 0xFF, 0x80, 0x1F, 0x90, 0x07, 0xFF, 0x40, 0x01, 0xFF, 0xFF, 0xFE, 0x00,
    0x00, 0x0B, 0xFF, 0xE4, 0x00, 0x00, 0x00, 0x1F, 0xFF, 0xFF, 0xC1, 0xFF, 0xFF, 0xFC, 0x00, 0x7F,
    0xFF, 0xFF, 0x07, 0xFF, 0xFF, 0xF0, 0x00, 0x07, 0xFD, 0x00, 0x00, 0xFF, 0xC0, 0x00, 0x00, 0x2F,
    0xF0, 0x00, 0x0B, 0xFF, 0x00, 0x00, 0x00, 0xFF, 0x80, 0x00, 0x7F, 0xF8, 0x00, 0x00, 0x03, 0xFD,
    0x00, 0x07, 0xFF, 0xD0, 0x00, 0x00, 0x1F, 0xF0, 0x00, 0x3E, 0xFF, 0x00, 0x00, 0x00, 0xBF, 0xC0,
    0x03, 0xCB, 0xFC, 0x00, 0x00, 0x03, 0xFE, 0x00, 0x3D, 0x3F, 0xE0, 0x00, 0x00, 0x0F, 0xF4, 0x02,
    0xD0, 0xFF, 0x40, 0x00, 0x00, 0x7F, 0xC0, 0x2E, 0x07, 0xFC, 0x00, 0x00, 0x02, 0xFF, 0x01, 0xE0,
    0x2F, 0xF0, 0x00, 0x00, 0x0F, 0xF8, 0x1F, 0x00, 0xFF, 0x80, 0x00, 0x00, 0x3F, 0xD0, 0xF0, 0x03,
    0xFD, 0x00, 0x00, 0x01, 0xFF, 0x0F, 0x00, 0x2F, 0xF0, 0x00, 0x00, 0x0B, 0xFC, 0xF4, 0x00, 0xFF,
    0xC0, 0x00, 0x00, 0x3F, 0xEB, 0x40, 0x03, 0xFE, 0x00, 0x00, 0x00, 0xFF, 0xF8, 0x00, 0x1F, 0xF4,
    0x00, 0x00, 0x07, 0xFF, 0x80, 0x00, 0xBF, 0xC0, 0x00, 0x00, 0x2F, 0xFC, 0x00, 0x03, 0xFE, 0x00,
    0x00, 0x00, 0xFF, 0xC0, 0x00, 0x0F, 0xF8, 0x00, 0x02, 0xFF, 0xFF, 0xF8, 0x2F, 0xFF, 0xFF, 0x80,
    0x0B, 0xFF, 0xFF, 0xE0, 0xFF, 0xFF, 0xFE, 0x00, 0x00, 0x00, 0x00, 0x00, 0x02, 0xF0, 0x00, 0x00,
    0x00, 0x00, 0x00, 0x00, 0x1F, 0xE0, 0x00, 0x00, 0x00, 0x00, 0x00, 0x00, 0xFF, 0x80, 0x00, 0x00,
    0x00, 0x00, 0x00, 0x03, 0xFD, 0x00, 0x30, 0x00, 0x00, 0x00, 0x00, 0x0B, 0xD0, 0x07, 0x80, 0x00,
    0x00, 0x00, 0x00, 0x06, 0xFF, 0xE4, 0x00, 0x00, 0x00, 0x00, 0x00, 0x00, 0x00, 0x00, 0x00, 0x00,
    0x00, 0x00, 0x00, 0x00, 0x00, 0x00, 0x00, 0x00, 0x1F, 0xFF, 0xFF, 0xC1, 0xFF, 0xFF, 0xFC, 0x00,
    0x7F, 0xFF, 0xFF, 0x07, 0xFF, 0xFF, 0xF0, 0x00, 0x07, 0xFD, 0x00, 0x00, 0xFF, 0xC0, 0x00, 0x00,
    0x2F, 0xF0, 0x00, 0x0B, 0xFF, 0x00, 0x00, 0x00, 0xFF, 0x80, 0x00, 0x7F, 0xF8, 0x00, 0x00, 0x03,
    0xFD, 0x00, 0x07, 0xFF, 0xD0, 0x00, 0x00, 0x1F, 0xF0, 0x00, 0x3E, 0xFF, 0x00, 0x00, 0x00, 0xBF,
    0xC0, 0x03, 0xCB, 0xFC, 0x00, 0x00, 0x03, 0xFE, 0x00, 0x3D, 0x3F, 0xE0, 0x00, 0x00, 0x0F, 0xF4,
    0x02, 0xD0, 0xFF, 0x40, 0x00, 0x00, 0x7F, 0xC0, 0x2E, 0x07, 0xFC, 0x00, 0x00, 0x02, 0xFF, 0x01,
    0xE0, 0x2F, 0xF0, 0x00, 0x00, 0x0F, 0xF8, 0x1F, 0x00, 0xFF, 0x80, 0x00, 0x00, 0x3F, 0xD0, 0xF0,
    0x03, 0xFD, 0x00, 0x00, 0x01, 0xFF, 0x0F, 0x00, 0x2F, 0xF0, 0x00, 0x00, 0x0B, 0xFC, 0xF4, 0x00,
    0xFF, 0xC0, 0x00, 0x00, 0x3F, 0xEB, 0x40, 0x03, 0xFE, 0x00, 0x00, 0x00, 0xFF, 0xF8, 0x00, 0x1F,
    0xF4, 0x00, 0x00, 0x07, 0xFF, 0x80, 0x00, 0xBF, 0xC0, 0x00, 0x00, 0x2F, 0xFC, 0x00, 0x03, 0xFE,
    0x00, 0x00, 0x00, 0xFF, 0xC0, 0x00, 0x0F, 0xF8, 0x00, 0x02, 0xFF, 0xFF, 0xF8, 0x2F, 0xFF, 0xFF,
    0x80, 0x0B, 0xFF, 0xFF, 0xE0, 0xFF, 0xFF, 0xFE, 0x00, 0x00, 0x00, 0x1F, 0xFF, 0xFF, 0xC0, 0x1F,
    0xFF, 0xF0, 0x00, 0x7F, 0xFF, 0xFF, 0x00, 0x7F, 0xFF, 0xC0, 0x00, 0x07, 0xFD, 0x00, 0x00, 0x2F,
    0x80, 0x00, 0x00, 0x2F, 0xF0, 0x00, 0x03, 0xF0, 0x00, 0x00, 0x00, 0xFF, 0x80, 0x00, 0x7E, 0x00,
    0x00, 0x00, 0x03, 0xFD, 0x00, 0x0B, 0xD0, 0x00, 0x00, 0x00, 0x1F, 0xF0, 0x00, 0xF8, 0x00, 0x00,
    0x00, 0x00, 0xBF, 0xC0, 0x1F, 0x40, 0x00, 0x00, 0x00, 0x03, 0xFE, 0x02, 0xF0, 0x00, 0x00, 0x00,
    0x00, 0x0F, 0xF4, 0x3F, 0x80, 0x00, 0x00, 0x00, 0x00, 0x7F, 0xC7, 0xFF, 0x00, 0x00, 0x00, 0x00,
    0x02, 0xFF, 0xBF, 0xFD, 0x00, 0x00, 0x00, 0x00, 0x0F, 0xFF, 0x8F, 0xFC, 0x00, 0x00, 0x00, 0x00,
    0x3F, 0xF4, 0x1F, 0xF4, 0x00, 0x00, 0x00, 0x01, 0xFF, 0x00, 0x3F, 0xF0, 0x00, 0x00, 0x00, 0x0B,
    0xFC, 0x00, 0xBF, 0xC0, 0x00, 0x00, 0x00, 0x3F, 0xE0, 0x00, 0xFF, 0x80, 0x00, 0x00, 0x00, 0xFF,
    0x40, 0x02, 0xFF, 0x00, 0x00, 0x00, 0x07, 0xFC, 0x00, 0x03, 0xFE, 0x00, 0x00, 0x00, 0x2F, 0xF0,
    0x00, 0x0B, 0xFC, 0x00, 0x00, 0x00, 0xFF, 0x80, 0x00, 0x1F, 0xF8, 0x00, 0x02, 0xFF, 0xFF, 0xF8,
    0x0F, 0xFF, 0xFF, 0x00, 0x0B, 0xFF, 0xFF, 0xE0, 0x3F, 0xFF, 0xFC, 0x00, 0x00, 0x00, 0x00, 0x0F,
    0xFF, 0xFF, 0xFF, 0xFF, 0xFC, 0x00, 0x00, 0x3F, 0xFF, 0xFF, 0xFF, 0xFF, 0xF0, 0x00, 0x00, 0x02,
    0xD0, 0x00, 0x7F, 0xC0, 0x00, 0x00, 0x00, 0x0F, 0x00, 0x02, 0xFF, 0x00, 0x00, 0x00, 0x00, 0x3C,
    0x00, 0x0F, 0xF8, 0x00, 0x00, 0x00, 0x01, 0xD0, 0x00, 0x3F, 0xD0, 0x00, 0x00, 0x00, 0x0B, 0x00,
    0x01, 0xFF, 0x00, 0x00, 0x00, 0x00, 0x3C, 0x00, 0x0B, 0xFC, 0x00, 0x00, 0x00, 0x00, 0xE0, 0x00,
    0x3F, 0xE0, 0x00, 0x00, 0x00, 0x0B, 0x40, 0x00, 0xFF, 0x40, 0x00, 0x00, 0x00, 0x3C, 0x00, 0x07,
    0xFC, 0x00, 0x00, 0x00, 0x00, 0xF0, 0x00, 0x2F, 0xF0, 0x00, 0x00, 0x00, 0x07, 0x40, 0x00, 0xFF,
    0x80, 0x00, 0x00, 0x00, 0x3C, 0x00, 0x03, 0xFD, 0x00, 0x00, 0x00, 0x00, 0xE0, 0x00, 0x1F, 0xF0,
    0x00, 0x00, 0x00, 0x0B, 0x40, 0x00, 0xBF, 0xC0, 0x00, 0x00, 0x00, 0x3C, 0x00, 0x03, 0xFE, 0x00,
    0x00, 0x2F, 0x01, 0xD0, 0x00, 0x0F, 0xF4, 0x00, 0x03, 0xFE, 0x0F, 0x00, 0x00, 0x7F, 0xC0, 0x00,
    0x0F, 0xF8, 0x74, 0x00, 0x02, 0xFF, 0x00, 0x00, 0x3F, 0xD3, 0x80, 0x00, 0x0F, 0xF8, 0x00, 0x00,
    0xFD, 0x78, 0x00, 0x00, 0x3F, 0xE0, 0x00, 0x00, 0xBF, 0x40, 0x00, 0xFF, 0xFF, 0xFE, 0x00, 0x00,
    0x00, 0x00, 0x03, 0xFF, 0xFF, 0xF4, 0x00, 0x00, 0x00, 0x00, 0x00, 0x00, 0x00, 0x00, 0x00, 0x00,
    0x1F, 0xFF, 0xF0, 0x00, 0x00, 0x00, 0xBF, 0xFF, 0x80, 0x07, 0xFF, 0xFC, 0x00, 0x00, 0x00, 0x7F,
    0xFF, 0xE0, 0x00, 0x07, 0xFF, 0x40, 0x00, 0x00, 0x3F, 0xFC, 0x00, 0x00, 0x02, 0xEF, 0xD0, 0x00,
    0x00, 0x2E, 0xFE, 0x00, 0x00, 0x00, 0xF7, 0xF8, 0x00, 0x00, 0x0E, 0xBF, 0x40, 0x00, 0x00, 0x3C,
    0xFF, 0x00, 0x00, 0x0F, 0x3F, 0xC0, 0x00, 0x00, 0x1E, 0x3F, 0xC0, 0x00, 0x0B, 0x4F, 0xF0, 0x00,
    0x00, 0x0B, 0x4B, 0xF0, 0x00, 0x03, 0x87, 0xF8, 0x00, 0x00, 0x03, 0xC2, 0xFC, 0x00, 0x03, 0xC2,
    0xFD, 0x00, 0x00, 0x00, 0xF0, 0x7F, 0x40, 0x01, 0xD0, 0xFF, 0x00, 0x00, 0x00, 0x78, 0x0F, 0xE0,
    0x00, 0xE0, 0x3F, 0xC0, 0x00, 0x00, 0x2D, 0x03, 0xF8, 0x00, 0xB0, 0x1F, 0xE0, 0x00, 0x00, 0x0F,
    0x00, 0xFF, 0x00, 0x74, 0x0B, 0xF4, 0x00, 0x00, 0x03, 0xC0, 0x2F, 0xC0, 0x38, 0x03, 0xFC, 0x00,
    0x00, 0x01, 0xE0, 0x0B, 0xF0, 0x2C, 0x00, 0xFF, 0x00, 0x00, 0x00, 0xB4, 0x01, 0xFD, 0x1D, 0x00,
    0x7F, 0x80, 0x00, 0x00, 0x3C, 0x00, 0x7F, 0x8E, 0x00, 0x2F, 0xD0, 0x00, 0x00, 0x0F, 0x00, 0x0F,
    0xEB, 0x00, 0x0F, 0xF0, 0x00, 0x00, 0x07, 0x80, 0x03, 0xFF, 0x40, 0x03, 0xFC, 0x00, 0x00, 0x02,
    0xD0, 0x00, 0xFF, 0xC0, 0x01, 0xFE, 0x00, 0x00, 0x01, 0xF0, 0x00, 0x2F, 0xC0, 0x00, 0xBF, 0x40,
    0x00, 0x2F, 0xFF, 0xF0, 0x07, 0xD0, 0x1F, 0xFF, 0xFF, 0x40, 0x0B, 0xFF, 0xFC, 0x00, 0xE0, 0x07,
    0xFF, 0xFF, 0xD0, 0x00, 0x00, 0x1F, 0xFF, 0xFF, 0xC1, 0xFF, 0xFF, 0xFC, 0x00, 0x7F, 0xFF, 0xFF,
    0x07, 0xFF, 0xFF, 0xF0, 0x00, 0x07, 0xFD, 0x00, 0x00, 0x7F, 0xC0, 0x00, 0x00, 0x2F, 0xF0, 0x00,
    0x02, 0xFF, 0x00, 0x00, 0x00, 0xFF, 0x80, 0x00, 0x0F, 0xF8, 0x00, 0x00, 0x03, 0xFD, 0x00, 0x00,
    0x3F, 0xD0, 0x00, 0x00, 0x1F, 0xF0, 0x00, 0x02, 0xFF, 0x00, 0x00, 0x00, 0xBF, 0xC0, 0x00, 0x0F,
    0xFC, 0x00, 0x00, 0x03, 0xFE, 0x00, 0x00, 0x3F, 0xE0, 0x00, 0x00, 0x0F, 0xF4, 0x00, 0x01, 0xFF,
    0x40, 0x00, 0x00, 0x7F, 0xFF, 0xFF, 0xFF, 0xFC, 0x00, 0x00, 0x02, 0xFF, 0xFF, 0xFF, 0xFF, 0xF0,
    0x00, 0x00, 0x0F, 0xF8, 0x00, 0x00, 0xFF, 0x80, 0x00, 0x00, 0x3F, 0xD0, 0x00, 0x03, 0xFD, 0x00,
    0x00, 0x01, 0xFF, 0x00, 0x00, 0x1F, 0xF0, 0x00, 0x00, 0x0B, 0xFC, 0x00, 0x00, 0xBF, 0xC0, 0x00,
    0x00, 0x3F, 0xE0, 0x00, 0x03, 0xFE, 0x00, 0x00, 0x00, 0xFF, 0x40, 0x00, 0x1F, 0xF4, 0x00, 0x00,
    0x07, 0xFC, 0x00, 0x00, 0xBF, 0xC0, 0x00, 0x00, 0x2F, 0xF0, 0x00, 0x03, 0xFE, 0x00, 0x00, 0x00,
    0xFF, 0x80, 0x00, 0x0F, 0xF8, 0x00, 0x02, 0xFF, 0xFF, 0xF8, 0x2F, 0xFF, 0xFF, 0x80, 0x0B, 0xFF,
    0xFF, 0xE0, 0xBF, 0xFF, 0xFE, 0x00, 0x00, 0x00, 0x00, 0x02, 0xFF, 0xE4, 0x00, 0x00, 0x00, 0x7F,
    0x40, 0x7F, 0x40, 0x00, 0x03, 0xF8, 0x00, 0x0F, 0xE0, 0x00, 0x0F, 0xD0, 0x00, 0x07, 0xF4, 0x00,
    0x3F, 0x80, 0x00, 0x03, 0xFC, 0x00, 0xFF, 0x00, 0x00, 0x03, 0xFC, 0x02, 0xFD, 0x00, 0x00, 0x03,
    0xFD, 0x07, 0xFC, 0x00, 0x00, 0x03, 0xFD, 0x0F, 0xF8, 0x00, 0x00, 0x03, 0xFE, 0x1F, 0xF0, 0x00,
    0x00, 0x03, 0xFD, 0x2F, 0xF0, 0x00, 0x00, 0x07, 0xFD, 0x3F, 0xE0, 0x00, 0x00, 0x0B, 0xFC, 0x7F,
    0xD0, 0x00, 0x00, 0x0F, 0xFC, 0xBF, 0xC0, 0x00, 0x00, 0x0F, 0xF8, 0xBF, 0xC0, 0x00, 0x00, 0x1F,
    0xF0, 0xBF, 0xC0, 0x00, 0x00, 0x3F, 0xE0, 0xBF, 0xC0, 0x00, 0x00, 0x3F, 0xC0, 0xBF, 0xC0, 0x00,
    0x00, 0xBF, 0x80, 0x7F, 0xC0, 0x00, 0x00, 0xFF, 0x00, 0x3F, 0xC0, 0x00, 0x03, 0xFC, 0x00, 0x2F,
    0xD0, 0x00, 0x0B, 0xF0, 0x00, 0x0F, 0xF0, 0x00, 0x2F, 0x80, 0x00, 0x02, 0xFD, 0x01, 0xFD, 0x00,
    0x00, 0x00, 0x1B, 0xFE, 0x40, 0x00, 0x00, 0x00, 0x1F, 0xFF, 0xFF, 0xFF, 0xFF, 0xFF, 0xFC, 0x00,
    0x7F, 0xFF, 0xFF, 0xFF, 0xFF, 0xFF, 0xE0, 0x00, 0x07, 0xFC, 0x00, 0x00, 0x7F, 0xC0, 0x00, 0x00,
    0x2F, 0xF0, 0x00, 0x02, 0xFF, 0x00, 0x00, 0x00, 0xFF, 0x80, 0x00, 0x0F, 0xF8, 0x00, 0x00, 0x03,
    0xFD, 0x00, 0x00, 0x3F, 0xD0, 0x00, 0x00, 0x1F, 0xF0, 0x00, 0x01, 0xFF, 0x00, 0x00, 0x00, 0xBF,
    0xC0, 0x00, 0x0B, 0xFC, 0x00, 0x00, 0x03, 0xFE, 0x00, 0x00, 0x3F, 0xE0, 0x00, 0x00, 0x0F, 0xF4,
    0x00, 0x00, 0xFF, 0x40, 0x00, 0x00, 0x7F, 0xC0, 0x00, 0x07, 0xFC, 0x00, 0x00, 0x02, 0xFF, 0x00,
    0x00, 0x2F, 0xF0, 0x00, 0x00, 0x0F, 0xF8, 0x00, 0x00, 0xFF, 0x80, 0x00, 0x00, 0x3F, 0xD0, 0x00,
    0x03, 0xFD, 0x00, 0x00, 0x01, 0xFF, 0x00, 0x00, 0x1F, 0xF0, 0x00, 0x00, 0x0B, 0xFC, 0x00, 0x00,
    0xFF, 0xC0, 0x00, 0x00, 0x3F, 0xE0, 0x00, 0x03, 0xFE, 0x00, 0x00, 0x00, 0xFF, 0x40, 0x00, 0x1F,
    0xF4, 0x00, 0x00, 0x07, 0xFC, 0x00, 0x00, 0xBF, 0xC0, 0x00, 0x00, 0x2F, 0xF0, 0x00, 0x03, 0xFE,
    0x00, 0x00, 0x00, 0xFF, 0x80, 0x00, 0x0F, 0xF8, 0x00, 0x02, 0xFF, 0xFF, 0xF8, 0x2F, 0xFF, 0xFF,
    0x80, 0x0B, 0xFF, 0xFF, 0xE0, 0xBF, 0xFF, 0xFE, 0x00, 0x00, 0x00, 0x1F, 0xFF, 0xFF, 0xFF, 0xD0,
    0x00, 0x01, 0xFF, 0xFF, 0xFF, 0xFF, 0xD0, 0x00, 0x00, 0x7F, 0xC0, 0x01, 0xFF, 0x40, 0x00, 0x0B,
    0xF8, 0x00, 0x0B, 0xFC, 0x00, 0x00, 0xFF, 0x40, 0x00, 0x7F, 0xC0, 0x00, 0x0F, 0xF0, 0x00, 0x07,
    0xFC, 0x00, 0x01, 0xFF, 0x00, 0x00, 0xBF, 0xC0, 0x00, 0x2F, 0xF0, 0x00, 0x0F, 0xFC, 0x00, 0x03,
    0xFE, 0x00, 0x00, 0xFF, 0x40, 0x00, 0x3F, 0xD0, 0x00, 0x2F, 0xE0, 0x00, 0x07, 0xFC, 0x00, 0x07,
    0xF8, 0x00, 0x00, 0xBF, 0xC0, 0x06, 0xFD, 0x00, 0x00, 0x0F, 0xFF, 0xFF, 0xF9, 0x00, 0x00, 0x00,
    0xFF, 0x40, 0x00, 0x00, 0x00, 0x00, 0x1F, 0xF0, 0x00, 0x00, 0x00, 0x00, 0x02, 0xFF, 0x00, 0x00,
    0x00, 0x00, 0x00, 0x3F, 0xE0, 0x00, 0x00, 0x00, 0x00, 0x03, 0xFD, 0x00, 0x00, 0x00, 0x00, 0x00,
    0x7F, 0xC0, 0x00, 0x00, 0x00, 0x00, 0x0B, 0xFC, 0x00, 0x00, 0x00, 0x00, 0x00, 0xFF, 0x80, 0x00,
    0x00, 0x00, 0x0B, 0xFF, 0xFF, 0xE0, 0x00, 0x00, 0x00, 0xBF, 0xFF, 0xFE, 0x00, 0x00, 0x00, 0x00,
    0x00, 0x00, 0x00, 0x00, 0x00, 0x00, 0x00, 0x00, 0x01, 0xBF, 0xF4, 0x01, 0xC0, 0x00, 0x0B, 0xFF,
    0xFF, 0xC2, 0xE0, 0x00, 0x2F, 0xF9, 0x00, 0xBE, 0xF8, 0x00, 0x3F, 0xE0, 0x00, 0x07, 0xFD, 0x00,
    0x3F, 0xE0, 0x00, 0x00, 0xBF, 0x00, 0x3F, 0xE0, 0x00, 0x00, 0x1F, 0xC0, 0x3F, 0xF0, 0x00, 0x00,
    0x03, 0xE0, 0x1F, 0xF0, 0x00, 0x00, 0x00, 0xF4, 0x0F, 0xF8, 0x00, 0x00, 0x00, 0x3C, 0x07, 0xFD,
    0x00, 0x00, 0x00, 0x05, 0x03, 0xFF, 0x00, 0x00, 0x00, 0x00, 0x00, 0xFF, 0x80, 0x00, 0x00, 0x00,
    0x00, 0x7F, 0xD0, 0x00, 0x00, 0x00, 0x00, 0x2F, 0xF0, 0x00, 0x00, 0x00, 0x00, 0x0B, 0xFC, 0x00,
    0x00, 0x00, 0x00, 0x02, 0xFF, 0x00, 0x00, 0x00, 0x00, 0x00, 0xBF, 0xC0, 0x00, 0x00, 0x02, 0xC0,
    0x1F, 0xF0, 0x00, 0x00, 0x00, 0xD0, 0x03, 0xFC, 0x00, 0x00, 0x00, 0xF0, 0x00, 0xBF, 0x80, 0x00,
    0x00, 0xF0, 0x00, 0x0F, 0xF4, 0x00, 0x01, 0xF4, 0x00, 0x01, 0xFF, 0x90, 0x07, 0xF0, 0x00, 0x00,
    0x0B, 0xFF, 0xFF, 0xE0, 0x00, 0x00, 0x00, 0x2F, 0xFE, 0x40, 0x00, 0x00, 0x01, 0xFF, 0xFF, 0xFF,
    0xFF, 0xFE, 0x03, 0xFF, 0xFF, 0xFF, 0xFF, 0xFE, 0x03, 0xF4, 0x03, 0xFD, 0x00, 0xBE, 0x0B, 0xC0,
    0x07, 0xFC, 0x00, 0x3D, 0x0F, 0x40, 0x0B, 0xFC, 0x00, 0x3C, 0x0F, 0x00, 0x0F, 0xF8, 0x00, 0x3C,
    0x2D, 0x00, 0x0F, 0xF4, 0x00, 0x3C, 0x3C, 0x00, 0x1F, 0xF0, 0x00, 0x38, 0x00, 0x00, 0x2F, 0xF0,
    0x00, 0x00, 0x00, 0x00, 0x3F, 0xE0, 0x00, 0x00, 0x00, 0x00, 0x3F, 0xD0, 0x00, 0x00, 0x00, 0x00,
    0x7F, 0xC0, 0x00, 0x00, 0x00, 0x00, 0xBF, 0xC0, 0x00, 0x00, 0x00, 0x00, 0xFF, 0x80, 0x00, 0x00,
    0x00, 0x00, 0xFF, 0x40, 0x00, 0x00, 0x00, 0x01, 0xFF, 0x00, 0x00, 0x00, 0x00, 0x02, 0xFF, 0x00,
    0x00, 0x00, 0x00, 0x03, 0xFE, 0x00, 0x00, 0x00, 0x00, 0x03, 0xFD, 0x00, 0x00, 0x00, 0x00, 0x07,
    0xFC, 0x00, 0x00, 0x00, 0x00, 0x0B, 0xFC, 0x00, 0x00, 0x00, 0x3F, 0xFF, 0xFF, 0xFD, 0x00, 0x00,
    0x3F, 0xFF, 0xFF, 0xFD, 0x00, 0x00, 0x00, 0x00, 0x00, 0x00, 0x00, 0x00, 0x07, 0xFF, 0xFF, 0xC0,
    0x03, 0xFF, 0xFC, 0x7F, 0xFF, 0xFC, 0x00, 0x3F, 0xFF, 0xC0, 0x2F, 0xF4, 0x00, 0x00, 0x2F, 0x40,
    0x00, 0xFF, 0x80, 0x00, 0x03, 0xD0, 0x00, 0x0F, 0xFC, 0x00, 0x00, 0xB8, 0x00, 0x00, 0xBF, 0xD0,
    0x00, 0x0F, 0x00, 0x00, 0x03, 0xFE, 0x00, 0x03, 0xD0, 0x00, 0x00, 0x3F, 0xF0, 0x00, 0x7C, 0x00,
    0x00, 0x01, 0xFF, 0x40, 0x0F, 0x40, 0x00, 0x00, 0x0F, 0xFC, 0x02, 0xE0, 0x00, 0x00, 0x00, 0xBF,
    0xC0, 0x3C, 0x00, 0x00, 0x00, 0x07, 0xFE, 0x0F, 0x40, 0x00, 0x00, 0x00, 0x3F, 0xF1, 0xF0, 0x00,
    0x00, 0x00, 0x02, 0xFF, 0x7C, 0x00, 0x00, 0x00, 0x00, 0x0F, 0xFF, 0x80, 0x00, 0x00, 0x00, 0x00,
    0xFF, 0xF0, 0x00, 0x00, 0x00, 0x00, 0x07, 0xFD, 0x00, 0x00, 0x00, 0x1F, 0x80, 0x3F, 0x80, 0x00,
    0x00, 0x07, 0xFC, 0x03, 0xF0, 0x00, 0x00, 0x00, 0xBF, 0xC0, 0x2D, 0x00, 0x00, 0x00, 0x0B, 0xF8,
    0x0B, 0x40, 0x00, 0x00, 0x00, 0x7D, 0x07, 0xD0, 0x00, 0x00, 0x00, 0x01, 0xFF, 0x90, 0x00, 0x00,
    0x00, 0x00, 0x00, 0x00, 0x1F, 0xFF, 0xFF, 0xF4, 0x00, 0x00, 0x00, 0x7F, 0xFF, 0xFF, 0xD0, 0x00,
    0x00, 0x00, 0x01, 0xFF, 0x00, 0x00, 0x00, 0x00, 0x00, 0x0B, 0xF8, 0x00, 0x00, 0x00, 0x00, 0x6F,
    0xFF, 0xFF, 0xA4, 0x00, 0x00, 0x7F, 0x90, 0xFF, 0x07, 0xFD, 0x00, 0x0F, 0xF0, 0x07, 0xFC, 0x02,
    0xFE, 0x00, 0xFF, 0x00, 0x2F, 0xD0, 0x03, 0xFC, 0x0F, 0xF4, 0x00, 0xFF, 0x00, 0x0F, 0xF4, 0xBF,
    0xC0, 0x03, 0xFC, 0x00, 0x3F, 0xD3, 0xFE, 0x00, 0x1F, 0xE0, 0x01, 0xFF, 0x0F, 0xF4, 0x00, 0xBF,
    0x40, 0x0B, 0xFC, 0x7F, 0xC0, 0x03, 0xFC, 0x00, 0x3F, 0xE1, 0xFF, 0x00, 0x0F, 0xF0, 0x01, 0xFF,
    0x03, 0xFD, 0x00, 0x7F, 0x80, 0x0F, 0xF0, 0x0B, 0xFC, 0x03, 0xFD, 0x01, 0xFF, 0x00, 0x07, 0xFD,
    0x0F, 0xF0, 0x7F, 0xD0, 0x00, 0x01, 0xBF, 0xFF, 0xFF, 0x90, 0x00, 0x00, 0x00, 0x02, 0xFE, 0x00,
    0x00, 0x00, 0x00, 0x00, 0x0F, 0xF4, 0x00, 0x00, 0x00, 0x00, 0x00, 0x3F, 0xC0, 0x00, 0x00, 0x00,
    0x02, 0xFF, 0xFF, 0xFF, 0x00, 0x00, 0x00, 0x0B, 0xFF, 0xFF, 0xFC, 0x00, 0x00, 0x00, 0x00, 0x0F,
    0xFF, 0xFF, 0x83, 0xFF, 0xFF, 0x40, 0x03, 0xFF, 0xFF, 0xE0, 0xFF, 0xFF, 0xD0, 0x00, 0x03, 0xFF,
    0x40, 0x02, 0xF4, 0x00, 0x00, 0x00, 0x7F, 0xD0, 0x01, 0xF0, 0x00, 0x00, 0x00, 0x0F, 0xFC, 0x01,
    0xF0, 0x00, 0x00, 0x00, 0x02, 0xFF, 0x41, 0xF4, 0x00, 0x00, 0x00, 0x00, 0x3F, 0xE0, 0xF4, 0x00,
    0x00, 0x00, 0x00, 0x0F, 0xFD, 0xF4, 0x00, 0x00, 0x00, 0x00, 0x01, 0xFF, 0xF4, 0x00, 0x00, 0x00,
    0x00, 0x00, 0x3F, 0xF8, 0x00, 0x00, 0x00, 0x00, 0x00, 0x0B, 0xFD, 0x00, 0x00, 0x00, 0x00, 0x00,
    0x00, 0xFF, 0xC0, 0x00, 0x00, 0x00, 0x00, 0x00, 0xFF, 0xF0, 0x00, 0x00, 0x00, 0x00, 0x00, 0xFF,
    0xFE, 0x00, 0x00, 0x00, 0x00, 0x00, 0xB8, 0xFF, 0xC0, 0x00, 0x00, 0x00, 0x00, 0xBC, 0x2F, 0xF4,
    0x00, 0x00, 0x00, 0x00, 0xBC, 0x03, 0xFF, 0x00, 0x00, 0x00, 0x00, 0xBC, 0x00, 0xBF, 0xD0, 0x00,
    0x00, 0x00, 0xBC, 0x00, 0x1F, 0xF8, 0x00, 0x00, 0x00, 0xBC, 0x00, 0x03, 0xFF, 0x00, 0x00, 0x00,
    0xBD, 0x00, 0x00, 0xBF, 0xE0, 0x00, 0x2F, 0xFF, 0xF8, 0x03, 0xFF, 0xFF, 0xE0, 0x0B, 0xFF, 0xFE,
    0x00, 0xFF, 0xFF, 0xF8, 0x00, 0x00, 0x00, 0x00, 0x00, 0x00, 0x00, 0x00, 0x00, 0x00, 0x7F, 0xFF,
    0xFF, 0x0B, 0xFF, 0xFF, 0xF0, 0x00, 0x07, 0xFD, 0x00, 0x00, 0x7F, 0xD0, 0x00, 0x00, 0x2F, 0xF0,
    0x00, 0x02, 0xFF, 0x00, 0x00, 0x00, 0xFF, 0xC0, 0x00, 0x0F, 0xFC, 0x00, 0x00, 0x03, 0xFE, 0x00,
    0x00, 0x3F, 0xE0, 0x00, 0x00, 0x1F, 0xF4, 0x00, 0x01, 0xFF, 0x40, 0x00, 0x00, 0xBF, 0xC0, 0x00,
    0x0B, 0xFC, 0x00, 0x00, 0x03, 0xFF, 0x00, 0x00, 0x3F, 0xF0, 0x00, 0x00, 0x0F, 0xF8, 0x00, 0x00,
    0xFF, 0x80, 0x00, 0x00, 0x3F, 0xD0, 0x00, 0x07, 0xFD, 0x00, 0x00, 0x01, 0xFF, 0x00, 0x00, 0x2F,
    0xF0, 0x00, 0x00, 0x0B, 0xFC, 0x00, 0x00, 0xBF, 0xC0, 0x00, 0x00, 0x3F, 0xE0, 0x00, 0x03, 0xFE,
    0x00, 0x00, 0x00, 0xFF, 0x80, 0x00, 0x0F, 0xF4, 0x00, 0x00, 0x07, 0xFD, 0x00, 0x00, 0x7F, 0xC0,
    0x00, 0x00, 0x2F, 0xF0, 0x00, 0x02, 0xFF, 0x00, 0x00, 0x00, 0xFF, 0xC0, 0x00, 0x0F, 0xF8, 0x00,
    0x00, 0x03, 0xFE, 0x00, 0x00, 0x3F, 0xD0, 0x00, 0x00, 0x1F, 0xF4, 0x00, 0x01, 0xFF, 0x00, 0x00,
    0x00, 0xBF, 0xC0, 0x00, 0x0B, 0xFC, 0x00, 0x00, 0x03, 0xFF, 0x00, 0x00, 0x3F, 0xE0, 0x00, 0x00,
    0x2F, 0xF8, 0x00, 0x00, 0xFF, 0xD0, 0x00, 0x2F, 0xFF, 0xFF, 0xFF, 0xFF, 0xFF, 0xFC, 0x00, 0x00,
    0x00, 0x00, 0x00, 0x00, 0x0B, 0xF0, 0x00, 0x00, 0x00, 0x00, 0x00, 0x00, 0x0B, 0xC0, 0x00, 0x00,
    0x00, 0x00, 0x00, 0x00, 0x1F, 0x00, 0x00, 0x00, 0x00, 0x00, 0x00, 0x00, 0x78, 0x00, 0x00, 0x00,
    0x00, 0x00, 0x00, 0x01, 0xE0, 0x00, 0x00, 0x00, 0x00, 0x00, 0x00, 0x07, 0x40, 0x00, 0x7F, 0xFF,
    0xFF, 0x0B, 0xFF, 0xFF, 0xF7, 0xFF, 0xFF, 0xF0, 0x7F, 0xFF, 0xFF, 0x01, 0xFF, 0x40, 0x00, 0x1F,
    0xF0, 0x00, 0x2F, 0xF0, 0x00, 0x02, 0xFF, 0x00, 0x03, 0xFE, 0x00, 0x00, 0x3F, 0xE0, 0x00, 0x3F,
    0xD0, 0x00, 0x03, 0xFD, 0x00, 0x07, 0xFC, 0x00, 0x00, 0x7F, 0xC0, 0x00, 0xBF, 0xC0, 0x00, 0x0B,
    0xFC, 0x00, 0x0F, 0xF8, 0x00, 0x00, 0xFF, 0x80, 0x00, 0xFF, 0x40, 0x00, 0x0F, 0xF4, 0x00, 0x0F,
    0xF4, 0x00, 0x01, 0xFF, 0x00, 0x00, 0x7F, 0x80, 0x00, 0x7F, 0xF0, 0x00, 0x02, 0xFD, 0x01, 0xBB,
    0xFE, 0x00, 0x00, 0x06, 0xFF, 0xE4, 0x7F, 0xC0, 0x00, 0x00, 0x00, 0x00, 0x0B, 0xFC, 0x00, 0x00,
    0x00, 0x00, 0x00, 0xFF, 0x80, 0x00, 0x00, 0x00, 0x00, 0x0F, 0xF4, 0x00, 0x00, 0x00, 0x00, 0x01,
    0xFF, 0x00, 0x00, 0x00, 0x00, 0x00, 0x2F, 0xF0, 0x00, 0x00, 0x00, 0x00, 0x03, 0xFE, 0x00, 0x00,
    0x00, 0x00, 0x00, 0x3F, 0xD0, 0x00, 0x00, 0x00, 0x03, 0xFF, 0xFF, 0xF8, 0x00, 0x00, 0x00, 0x3F,
    0xFF, 0xFF, 0x40, 0x00, 0x00, 0x00, 0x00, 0x00, 0x00, 0x00, 0x00, 0x00, 0x00, 0x00, 0x00, 0x00,
    0x00, 0x00, 0x00, 0x00, 0x00, 0x00, 0x07, 0xFF, 0xFF, 0xF0, 0xFF, 0xFF, 0xFD, 0x1F, 0xFF, 0xFF,
    0xC0, 0x00, 0x07, 0xFD, 0x00, 0x00, 0xFF, 0xC0, 0x00, 0x1F, 0xF4, 0x00, 0x00, 0x02, 0xFF, 0x00,
    0x00, 0x3F, 0xE0, 0x00, 0x0B, 0xFC, 0x00, 0x00, 0x00, 0xFF, 0xC0, 0x00, 0x1F, 0xF4, 0x00, 0x03,
    0xFF, 0x00, 0x00, 0x00, 0x3F, 0xE0, 0x00, 0x0B, 0xFC, 0x00, 0x00, 0xFF, 0x80, 0x00, 0x00, 0x1F,
    0xF4, 0x00, 0x03, 0xFF, 0x00, 0x00, 0x3F, 0xD0, 0x00, 0x00, 0x0B, 0xFC, 0x00, 0x00, 0xFF, 0x80,
    0x00, 0x1F, 0xF0, 0x00, 0x00, 0x03, 0xFF, 0x00, 0x00, 0x3F, 0xD0, 0x00, 0x0B, 0xFC, 0x00, 0x00,
    0x00, 0xFF, 0x80, 0x00, 0x1F, 0xF0, 0x00, 0x03, 0xFE, 0x00, 0x00, 0x00, 0x7F, 0xD0, 0x00, 0x0B,
    0xFC, 0x00, 0x00, 0xFF, 0x40, 0x00, 0x00, 0x2F, 0xF0, 0x00, 0x03, 0xFE, 0x00, 0x00, 0x7F, 0xC0,
    0x00, 0x00, 0x0F, 0xFC, 0x00, 0x00, 0xFF, 0x40, 0x00, 0x2F, 0xF0, 0x00, 0x00, 0x03, 0xFE, 0x00,
    0x00, 0x7F, 0xD0, 0x00, 0x0F, 0xF8, 0x00, 0x00, 0x00, 0xFF, 0x40, 0x00, 0x2F, 0xF0, 0x00, 0x03,
    0xFD, 0x00, 0x00, 0x00, 0x7F, 0xC0, 0x00, 0x0F, 0xFC, 0x00, 0x01, 0xFF, 0x00, 0x00, 0x00, 0x2F,
    0xF0, 0x00, 0x03, 0xFE, 0x00, 0x00, 0xBF, 0xC0, 0x00, 0x00, 0x0F, 0xFC, 0x00, 0x01, 0xFF, 0x40,
    0x00, 0x3F, 0xF0, 0x00, 0x00, 0x03, 0xFE, 0x00, 0x00, 0xBF, 0xC0, 0x00, 0x0F, 0xF8, 0x00, 0x00,
    0x01, 0xFF, 0x40, 0x00, 0x2F, 0xF0, 0x00, 0x03, 0xFD, 0x00, 0x00, 0x00, 0xBF, 0xC0, 0x00, 0x0F,
    0xF8, 0x00, 0x01, 0xFF, 0x00, 0x00, 0x00, 0x3F, 0xF0, 0x00, 0x03, 0xFD, 0x00, 0x00, 0xBF, 0xC0,
    0x00, 0x00, 0x2F, 0xF8, 0x00, 0x01, 0xFF, 0x00, 0x00, 0x3F, 0xE0, 0x00, 0x02, 0xFF, 0xFF, 0xFF,
    0xFF, 0xFF, 0xFF, 0xFF, 0xFF, 0xFF, 0xE0, 0x00, 0x00, 0x00, 0x00, 0x00, 0x00, 0x00, 0x00, 0x00,
    0x00, 0x00, 0x00, 0x00, 0x07, 0xFF, 0xFF, 0xF0, 0xFF, 0xFF, 0xFD, 0x1F, 0xFF, 0xFF, 0xC0, 0x00,
    0x07, 0xFE, 0x00, 0x00, 0xFF, 0xC0, 0x00, 0x1F, 0xF4, 0x00, 0x00, 0x02, 0xFF, 0x00, 0x00, 0x3F,
    0xE0, 0x00, 0x0B, 0xFC, 0x00, 0x00, 0x00, 0xFF, 0xC0, 0x00, 0x1F, 0xF4, 0x00, 0x03, 0xFF, 0x00,
    0x00, 0x00, 0x3F, 0xE0, 0x00, 0x0B, 0xFC, 0x00, 0x00, 0xFF, 0x80, 0x00, 0x00, 0x1F, 0xF4, 0x00,
    0x03, 0xFF, 0x00, 0x00, 0x3F, 0xD0, 0x00, 0x00, 0x0B, 0xFC, 0x00, 0x00, 0xFF, 0x80, 0x00, 0x1F,
    0xF0, 0x00, 0x00, 0x03, 0xFF, 0x00, 0x00, 0x3F, 0xD0, 0x00, 0x0B, 0xFC, 0x00, 0x00, 0x00, 0xFF,
    0x80, 0x00, 0x1F, 0xF0, 0x00, 0x03, 0xFE, 0x00, 0x00, 0x00, 0x7F, 0xD0, 0x00, 0x0B, 0xFC, 0x00,
    0x00, 0xFF, 0x40, 0x00, 0x00, 0x2F, 0xF0, 0x00, 0x03, 0xFF, 0x00, 0x00, 0x7F, 0xC0, 0x00, 0x00,
    0x0F, 0xFC, 0x00, 0x00, 0xFF, 0x80, 0x00, 0x2F, 0xF0, 0x00, 0x00, 0x03, 0xFE, 0x00, 0x00, 0x7F,
    0xD0, 0x00, 0x0F, 0xF8, 0x00, 0x00, 0x00, 0xFF, 0x40, 0x00, 0x2F, 0xF0, 0x00, 0x03, 0xFD, 0x00,
    0x00, 0x00, 0x7F, 0xC0, 0x00, 0x0F, 0xFC, 0x00, 0x01, 0xFF, 0x40, 0x00, 0x00, 0x2F, 0xF0, 0x00,
    0x03, 0xFE, 0x00, 0x00, 0xBF, 0xC0, 0x00, 0x00, 0x0F, 0xFC, 0x00, 0x01, 0xFF, 0x40, 0x00, 0x3F,
    0xF0, 0x00, 0x00, 0x03, 0xFE, 0x00, 0x00, 0xBF, 0xC0, 0x00, 0x0F, 0xF8, 0x00, 0x00, 0x01, 0xFF,
    0x40, 0x00, 0x2F, 0xF0, 0x00, 0x03, 0xFD, 0x00, 0x00, 0x00, 0xBF, 0xC0, 0x00, 0x0F, 0xF8, 0x00,
    0x01, 0xFF, 0x00, 0x00, 0x00, 0x3F, 0xF0, 0x00, 0x03, 0xFD, 0x00, 0x00, 0xBF, 0xC0, 0x00, 0x00,
    0x2F, 0xF8, 0x00, 0x01, 0xFF, 0x00, 0x00, 0x3F, 0xE0, 0x00, 0x02, 0xFF, 0xFF, 0xFF, 0xFF, 0xFF,
    0xFF, 0xFF, 0xFF, 0xFF, 0xF0, 0x00, 0x00, 0x00, 0x00, 0x00, 0x00, 0x00, 0x00, 0x00, 0x02, 0xFC,
    0x00, 0x00, 0x00, 0x00, 0x00, 0x00, 0x00, 0x00, 0x00, 0x00, 0x2F, 0x00, 0x00, 0x00, 0x00, 0x00,
    0x00, 0x00, 0x00, 0x00, 0x00, 0x07, 0xC0, 0x00, 0x00, 0x00, 0x00, 0x00, 0x00, 0x00, 0x00, 0x00,
    0x00, 0xF0, 0x00, 0x00, 0x00, 0x00, 0x00, 0x00, 0x00, 0x00, 0x00, 0x00, 0x78, 0x00, 0x00, 0x00,
    0x00, 0x00, 0x00, 0x00, 0x00, 0x00, 0x00, 0x1D, 0x00, 0x00, 0x07, 0xFF, 0xFF, 0xFF, 0x40, 0x00,
    0x00, 0xFF, 0xFF, 0xFF, 0xF4, 0x00, 0x00, 0x1F, 0xD0, 0x0B, 0xF4, 0x00, 0x00, 0x02, 0xF0, 0x00,
    0xFF, 0x00, 0x00, 0x00, 0x3D, 0x00, 0x0F, 0xF0, 0x00, 0x00, 0x07, 0x80, 0x01, 0xFE, 0x00, 0x00,
    0x00, 0xB4, 0x00, 0x2F, 0xD0, 0x00, 0x00, 0x0B, 0x00, 0x03, 0xFC, 0x00, 0x00, 0x00, 0x00, 0x00,
    0x3F, 0xC0, 0x00, 0x00, 0x00, 0x00, 0x07, 0xF8, 0x00, 0x00, 0x00, 0x00, 0x00, 0xBF, 0xFF, 0xFF,
    0xE4, 0x00, 0x00, 0x0F, 0xF9, 0x00, 0x2F, 0xF0, 0x00, 0x00, 0xFF, 0x00, 0x00, 0xFF, 0xC0, 0x00,
    0x1F, 0xE0, 0x00, 0x07, 0xFD, 0x00, 0x02, 0xFD, 0x00, 0x00, 0x7F, 0xD0, 0x00, 0x3F, 0xC0, 0x00,
    0x07, 0xFD, 0x00, 0x03, 0xFC, 0x00, 0x00, 0xBF, 0xC0, 0x00, 0x7F, 0x80, 0x00, 0x0F, 0xF8, 0x00,
    0x0B, 0xF4, 0x00, 0x02, 0xFF, 0x00, 0x00, 0xFF, 0x00, 0x00, 0x7F, 0xE0, 0x00, 0x0F, 0xF0, 0x00,
    0x6F, 0xF8, 0x00, 0xFF, 0xFF, 0xFF, 0xFF, 0xFD, 0x00, 0x0F, 0xFF, 0xFF, 0xFF, 0xF9, 0x00, 0x00,
    0x00, 0x00, 0x00, 0x00, 0x00, 0x00, 0x00, 0x00, 0x00, 0x00, 0x01, 0xFF, 0xFF, 0xF8, 0x00, 0x00,
    0xFF, 0xFF, 0xFD, 0x00, 0x1F, 0xFF, 0xFF, 0x40, 0x00, 0x0F, 0xFF, 0xFF, 0xD0, 0x00, 0x07, 0xFC,
    0x00, 0x00, 0x00, 0x03, 0xFE, 0x00, 0x00, 0x00, 0xBF, 0x80, 0x00, 0x00, 0x00, 0x3F, 0xD0, 0x00,
    0x00, 0x0F, 0xF4, 0x00, 0x00, 0x00, 0x07, 0xFC, 0x00, 0x00, 0x00, 0xFF, 0x00, 0x00, 0x00, 0x00,
    0xBF, 0xC0, 0x00, 0x00, 0x1F, 0xF0, 0x00, 0x00, 0x00, 0x0F, 0xF8, 0x00, 0x00, 0x02, 0xFE, 0x00,
    0x00, 0x00, 0x00, 0xFF, 0x40, 0x00, 0x00, 0x3F, 0xD0, 0x00, 0x00, 0x00, 0x1F, 0xF0, 0x00, 0x00,
    0x03, 0xFC, 0x00, 0x00, 0x00, 0x02, 0xFF, 0x00, 0x00, 0x00, 0x7F, 0xFF, 0xFF, 0xE8, 0x00, 0x3F,
    0xE0, 0x00, 0x00, 0x0B, 0xF9, 0x00, 0x1F, 0xF4, 0x03, 0xFD, 0x00, 0x00, 0x00, 0xFF, 0x00, 0x00,
    0xBF, 0xD0, 0x7F, 0xC0, 0x00, 0x00, 0x0F, 0xF0, 0x00, 0x03, 0xFE, 0x0B, 0xFC, 0x00, 0x00, 0x01,
    0xFE, 0x00, 0x00, 0x3F, 0xF0, 0xFF, 0x80, 0x00, 0x00, 0x2F, 0xD0, 0x00, 0x03, 0xFE, 0x0F, 0xF4,
    0x00, 0x00, 0x03, 0xFC, 0x00, 0x00, 0x7F, 0xD1, 0xFF, 0x00, 0x00, 0x00, 0x3F, 0xC0, 0x00, 0x0B,
    0xFC, 0x2F, 0xF0, 0x00, 0x00, 0x07, 0xF8, 0x00, 0x01, 0xFF, 0x83, 0xFE, 0x00, 0x00, 0x00, 0xBF,
    0x40, 0x00, 0x3F, 0xF0, 0x3F, 0xD0, 0x00, 0x00, 0x0F, 0xF0, 0x00, 0x2F, 0xFC, 0x07, 0xFC, 0x00,
    0x00, 0xBF, 0xFF, 0xFF, 0xFF, 0xFE, 0x3F, 0xFF, 0xFF, 0x00, 0x0B, 0xFF, 0xFF, 0xFF, 0xFE, 0x03,
    0xFF, 0xFF, 0xF0, 0x00, 0x00, 0x00, 0x00, 0x00, 0x00, 0x00, 0x00, 0x1F, 0xFF, 0xFF, 0x80, 0x00,
    0x00, 0x1F, 0xFF, 0xFF, 0x40, 0x00, 0x00, 0x00, 0x7F, 0xC0, 0x00, 0x00, 0x00, 0x00, 0xBF, 0x80,
    0x00, 0x00, 0x00, 0x00, 0xFF, 0x40, 0x00, 0x00, 0x00, 0x00, 0xFF, 0x00, 0x00, 0x00, 0x00, 0x01,
    0xFF, 0x00, 0x00, 0x00, 0x00, 0x02, 0xFE, 0x00, 0x00, 0x00, 0x00, 0x03, 0xFD, 0x00, 0x00, 0x00,
    0x00, 0x03, 0xFC, 0x00, 0x00, 0x00, 0x00, 0x07, 0xFF, 0xFF, 0xFE, 0x80, 0x00, 0x0B, 0xF9, 0x00,
    0x1F, 0xF4, 0x00, 0x0F, 0xF0, 0x00, 0x0B, 0xFD, 0x00, 0x0F, 0xF0, 0x00, 0x03, 0xFE, 0x00, 0x1F,
    0xE0, 0x00, 0x03, 0xFF, 0x00, 0x2F, 0xD0, 0x00, 0x03, 0xFE, 0x00, 0x3F, 0xC0, 0x00, 0x07, 0xFD,
    0x00, 0x3F, 0xC0, 0x00, 0x0B, 0xFC, 0x00, 0x7F, 0x80, 0x00, 0x1F, 0xF8, 0x00, 0xBF, 0x40, 0x00,
    0x3F, 0xF0, 0x00, 0xFF, 0x00, 0x02, 0xFF, 0xC0, 0xBF, 0xFF, 0xFF, 0xFF, 0xFE, 0x00, 0xBF, 0xFF,
    0xFF, 0xFF, 0xE0, 0x00, 0x00, 0x70, 0x06, 0xFF, 0x90, 0x00, 0x00, 0xBC, 0x7F, 0xFF, 0xFE, 0x00,
    0x00, 0xFF, 0xF4, 0x01, 0xFF, 0xC0, 0x00, 0xFF, 0x80, 0x00, 0x2F, 0xF0, 0x01, 0xFD, 0x00, 0x00,
    0x0F, 0xF4, 0x02, 0xF4, 0x00, 0x00, 0x07, 0xFC, 0x03, 0xE0, 0x00, 0x00, 0x03, 0xFC, 0x03, 0xC0,
    0x00, 0x00, 0x03, 0xFD, 0x01, 0x40, 0x00, 0x00, 0x03, 0xFD, 0x00, 0x00, 0x00, 0x00, 0x03, 0xFE,
    0x00, 0x00, 0x00, 0x00, 0x07, 0xFD, 0x00, 0x1B, 0xFF, 0x90, 0x07, 0xFD, 0x00, 0x3F, 0xFF, 0xFF,
    0xFF, 0xFC, 0x00, 0x00, 0xBF, 0xFF, 0xEF, 0xFC, 0x00, 0x00, 0x0B, 0xF8, 0x1F, 0xF4, 0x00, 0x00,
    0x00, 0x00, 0x3F, 0xF0, 0x20, 0x00, 0x00, 0x00, 0x7F, 0xD0, 0xB4, 0x00, 0x00, 0x00, 0xFF, 0x80,
    0xB4, 0x00, 0x00, 0x03, 0xFF, 0x00, 0x78, 0x00, 0x00, 0x0F, 0xFC, 0x00, 0x3D, 0x00, 0x00, 0x7F,
    0xF0, 0x00, 0x1F, 0x90, 0x0B, 0xFF, 0x80, 0x00, 0x07, 0xFF, 0xFF, 0xF8, 0x00, 0x00, 0x00, 0x6F,
    0xFE, 0x40, 0x00, 0x00, 0x00, 0x00, 0x00, 0x00, 0x00, 0x00, 0x06, 0xFF, 0xE4, 0x00, 0x00, 0x1F,
    0xFF, 0xFF, 0xC0, 0x00, 0xBE, 0x40, 0xBF, 0x00, 0x00, 0x00, 0x7F, 0xC0, 0x00, 0x07, 0xF0, 0x00,
    0x1F, 0xC0, 0x00, 0x00, 0xBF, 0xC0, 0x00, 0x2F, 0xC0, 0x00, 0x0F, 0xF0, 0x00, 0x00, 0xFF, 0x80,
    0x00, 0xBF, 0x00, 0x00, 0x07, 0xF4, 0x00, 0x00, 0xFF, 0x40, 0x02, 0xFD, 0x00, 0x00, 0x07, 0xFC,
    0x00, 0x01, 0xFF, 0x00, 0x07, 0xFC, 0x00, 0x00, 0x07, 0xFC, 0x00, 0x02, 0xFF, 0x00, 0x0F, 0xF4,
    0x00, 0x00, 0x07, 0xFC, 0x00, 0x03, 0xFE, 0x00, 0x1F, 0xF0, 0x00, 0x00, 0x07, 0xFC, 0x00, 0x03,
    0xFD, 0x00, 0x3F, 0xE0, 0x00, 0x00, 0x0B, 0xFC, 0x00, 0x07, 0xFC, 0x00, 0x7F, 0xD0, 0x00, 0x00,
    0x0F, 0xFC, 0x00, 0x0B, 0xFF, 0xFF, 0xFF, 0xC0, 0x00, 0x00, 0x0F, 0xF8, 0x00, 0x0F, 0xFF, 0xFF,
    0xFF, 0xC0, 0x00, 0x00, 0x1F, 0xF4, 0x00, 0x0F, 0xF4, 0x00, 0xFF, 0x80, 0x00, 0x00, 0x2F, 0xF0,
    0x00, 0x1F, 0xF0, 0x00, 0xFF, 0x80, 0x00, 0x00, 0x3F, 0xE0, 0x00, 0x2F, 0xF0, 0x00, 0xFF, 0x40,
    0x00, 0x00, 0x3F, 0xD0, 0x00, 0x3F, 0xE0, 0x00, 0xFF, 0x40, 0x00, 0x00, 0xBF, 0xC0, 0x00, 0x3F,
    0xD0, 0x00, 0xFF, 0x40, 0x00, 0x00, 0xFF, 0x00, 0x00, 0x7F, 0xC0, 0x00, 0xFF, 0x40, 0x00, 0x02,
    0xFD, 0x00, 0x00, 0xBF, 0xC0, 0x00, 0x7F, 0x80, 0x00, 0x07, 0xF8, 0x00, 0x00, 0xFF, 0x80, 0x00,
    0x3F, 0xC0, 0x00, 0x0F, 0xE0, 0x00, 0xBF, 0xFF, 0xFE, 0x00, 0x0F, 0xE0, 0x00, 0x7F, 0x40, 0x00,
    0xBF, 0xFF, 0xFE, 0x00, 0x03, 0xF8, 0x06, 0xF8, 0x00, 0x00, 0x00, 0x00, 0x00, 0x00, 0x00, 0x6F,
    0xFE, 0x40, 0x00, 0x00, 0x00, 0x00, 0x00, 0x06, 0xFF, 0xFF, 0xFF, 0xFC, 0x00, 0x00, 0x02, 0xFF,
    0xFF, 0xFF, 0xFF, 0xF0, 0x00, 0x00, 0xBF, 0xE4, 0x00, 0x7F, 0xC0, 0x00, 0x00, 0x0B, 0xFC, 0x00,
    0x01, 0xFF, 0x00, 0x00, 0x00, 0xBF, 0xC0, 0x00, 0x0F, 0xF8, 0x00, 0x00, 0x03, 0xFE, 0x00, 0x00,
    0x3F, 0xD0, 0x00, 0x00, 0x1F, 0xF4, 0x00, 0x01, 0xFF, 0x00, 0x00, 0x00, 0x7F, 0xD0, 0x00, 0x0B,
    0xFC, 0x00, 0x00, 0x00, 0xFF, 0x00, 0x00, 0x3F, 0xE0, 0x00, 0x00, 0x02, 0xFE, 0x00, 0x00, 0xFF,
    0x40, 0x00, 0x00, 0x02, 0xFE, 0x40, 0x07, 0xFC, 0x00, 0x00, 0x00, 0x00, 0x6F, 0xFF, 0xFF, 0xF0,
    0x00, 0x00, 0x00, 0x00, 0x7F, 0xD0, 0xFF, 0x80, 0x00, 0x00, 0x00, 0x07, 0xFD, 0x03, 0xFD, 0x00,
    0x00, 0x00, 0x00, 0xBF, 0xD0, 0x1F, 0xF0, 0x00, 0x00, 0x00, 0x0B, 0xFD, 0x00, 0xBF, 0xC0, 0x00,
    0x00, 0x00, 0xBF, 0xD0, 0x03, 0xFE, 0x00, 0x00, 0x00, 0x0B, 0xFD, 0x00, 0x0F, 0xF4, 0x00, 0x00,
    0x00, 0xBF, 0xD0, 0x00, 0x7F, 0xC0, 0x00, 0x00, 0x0B, 0xFD, 0x00, 0x02, 0xFE, 0x00, 0x00, 0x01,
    0xFF, 0xD0, 0x00, 0x0F, 0xF8, 0x00, 0x00, 0xFF, 0xFF, 0xF0, 0x2F, 0xFF, 0xFF, 0x80, 0x03, 0xFF,
    0xFF, 0xC0, 0xBF, 0xFF, 0xFE, 0x00, 0x00, 0x00, 0x06, 0xFE, 0x04, 0x00, 0x03, 0xF4, 0x3F, 0xF0,
    0x00, 0xFC, 0x00, 0xFE, 0x00, 0x3F, 0x40, 0x0F, 0xE0, 0x0B, 0xF0, 0x01, 0xFD, 0x01, 0xFE, 0x00,
    0x2F, 0xC0, 0x2F, 0xD0, 0x03, 0xFC, 0x03, 0xFC, 0x00, 0x3F, 0x80, 0x3F, 0xC0, 0x07, 0xF4, 0x03,
    0xF8, 0x00, 0xBF, 0x00, 0x3F, 0x40, 0x0F, 0xF0, 0xF3, 0xF4, 0x00, 0xFE, 0x1D, 0x2F, 0x40, 0x3F,
    0xD2, 0xC0, 0xFC, 0x1F, 0xBD, 0x74, 0x01, 0xFF, 0x81, 0xFD, 0x00, 0x00, 0x00, 0x00, 0x01, 0xBD,
    0x00, 0x00, 0x06, 0xFF, 0xFC, 0x00, 0x01, 0xFF, 0xFF, 0xF4, 0x00, 0x0B, 0xFF, 0xFF, 0x80, 0x00,
    0x2F, 0xF9, 0x00, 0x00, 0x00, 0x7F, 0x00, 0x00, 0x00, 0x00, 0xFC, 0x00, 0x00, 0x00, 0x01, 0xF0,
    0x00, 0x00, 0x00, 0x03, 0xD1, 0xBF, 0xE0, 0x00, 0x03, 0xEF, 0x40, 0xBD, 0x00, 0x0B, 0xFC, 0x00,
    0x3F, 0x00, 0x0F, 0xF4, 0x00, 0x2F, 0x80, 0x0F, 0xF0, 0x00, 0x2F, 0xC0, 0x1F, 0xE0, 0x00, 0x3F,
    0xC0, 0x2F, 0xD0, 0x00, 0x3F, 0xC0, 0x3F, 0xC0, 0x00, 0x7F, 0x80, 0x3F, 0xC0, 0x00, 0xBF, 0x40,
    0x3F, 0x80, 0x00, 0xFF, 0x00, 0x3F, 0x40, 0x00, 0xFD, 0x00, 0x3F, 0x40, 0x02, 0xF8, 0x00, 0x2F,
    0x80, 0x07, 0xE0, 0x00, 0x0B, 0xE0, 0x2F, 0x40, 0x00, 0x01, 0xBF, 0xE4, 0x00, 0x00, 0x00, 0x01,
    0xBF, 0xF8, 0x00, 0x07, 0xF4, 0x0B, 0xC0, 0x0B, 0xE0, 0x00, 0xB8, 0x0F, 0xF0, 0x00, 0x1E, 0x0B,
    0xF0, 0x00, 0x0B, 0x83, 0xFC, 0x00, 0x0B, 0xC2, 0xFD, 0x00, 0x6F, 0xC0, 0xFF, 0xFF, 0xFF, 0xD0,
    0x3F, 0xC0, 0x00, 0xBF, 0x0F, 0xE0, 0x00, 0x0F, 0xE3, 0xF8, 0x00, 0x03, 0xFC, 0xBE, 0x00, 0x01,
    0xFE, 0x0F, 0xC0, 0x00, 0xFF, 0x00, 0xFD, 0x01, 0xFE, 0x00, 0x06, 0xFF, 0xE4, 0x00, 0x00, 0x6F,
    0xFD, 0x00, 0x3F, 0x41, 0xFC, 0x0F, 0x40, 0x0F, 0xD0, 0xC0, 0x00, 0xFD, 0x00, 0x00, 0x2F, 0xC0,
    0x00, 0x0B, 0xF8, 0x00, 0x1F, 0xFF, 0x00, 0x2F, 0xFF, 0x80, 0x0F, 0xFF, 0x80, 0x03, 0xFF, 0x40,
    0x00, 0x7F, 0x40, 0x00, 0x0F, 0xF0, 0x00, 0xB0, 0xBE, 0x00, 0x2F, 0x03, 0xF0, 0x1F, 0x80, 0x0B,
    0xFE, 0x40, 0x00, 0x00, 0x03, 0xFF, 0x80, 0x00, 0x00, 0x00, 0xBD, 0x00, 0x00, 0x00, 0x0B, 0xD0,
    0x00, 0x00, 0x00, 0xFC, 0x00, 0x00, 0x00, 0x3F, 0x40, 0x00, 0x00, 0x0F, 0xE0, 0x00, 0x00, 0x03,
    0xF8, 0x00, 0x00, 0x00, 0xFE, 0x00, 0x07, 0xFC, 0x7F, 0x80, 0x1F, 0x81, 0xEF, 0xE0, 0x1F, 0x80,
    0x2F, 0xF4, 0x1F, 0xC0, 0x0B, 0xFD, 0x0F, 0xE0, 0x02, 0xFF, 0x0B, 0xF4, 0x00, 0xBF, 0xC3, 0xFC,
    0x00, 0x2F, 0xD0, 0xFF, 0x00, 0x0F, 0xF0, 0x7F, 0x80, 0x03, 0xF8, 0x2F, 0xD0, 0x01, 0xFD, 0x0B,
    0xF4, 0x00, 0xBF, 0x02, 0xFC, 0x00, 0x3F, 0x00, 0x7F, 0x00, 0x2F, 0x40, 0x0F, 0xC0, 0x0F, 0x80,
    0x01, 0xF8, 0x1F, 0x40, 0x00, 0x0B, 0xFE, 0x00, 0x00, 0x00, 0x02, 0xFF, 0x80, 0x00, 0xBE, 0x07,
    0xD0, 0x0F, 0xD0, 0x07, 0xC0, 0xFE, 0x00, 0x1F, 0x0B, 0xF0, 0x00, 0xB8, 0x3F, 0x80, 0x07, 0xC2,
    0xFD, 0x01, 0xFC, 0x0F, 0xFF, 0xFA, 0x40, 0x3F, 0xC0, 0x00, 0x00, 0xFE, 0x00, 0x00, 0x03, 0xF8,
    0x00, 0x00, 0x0F, 0xE0, 0x00, 0x0A, 0x1F, 0xC0, 0x00, 0xF8, 0x2F, 0x80, 0x6F, 0x40, 0x0B, 0xFF,
    0x90, 0x00, 0x00, 0x0B, 0xF9, 0x00, 0x00, 0xF0, 0x00, 0x06, 0xFE, 0x40, 0x0B, 0x81, 0xFC, 0x00,
    0x3F, 0x80, 0x07, 0xE0, 0x3D, 0x03, 0xD0, 0x07, 0xF0, 0x03, 0xF4, 0x02, 0xF4, 0x0B, 0xF0, 0xB8,
    0x00, 0x3F, 0x40, 0x7F, 0x00, 0xBE, 0x00, 0xFE, 0x0E, 0x00, 0x03, 0xF8, 0x0B, 0xF0, 0x1F, 0xC0,
    0x0B, 0x80, 0x40, 0x00, 0x3F, 0x80, 0xFE, 0x03, 0xF8, 0x00, 0x00, 0x00, 0x00, 0x03, 0xF8, 0x0F,
    0xD0, 0x7F, 0x40, 0x00, 0x00, 0x00, 0x00, 0x7F, 0xFF, 0xFF, 0xFF, 0xF0, 0x00, 0x00, 0x00, 0x00,
    0x0B, 0xF4, 0x2F, 0xC0, 0xFF, 0x00, 0x00, 0x00, 0x00, 0x00, 0xFF, 0x03, 0xF8, 0x0F, 0xE0, 0x00,
    0x00, 0x1F, 0x40, 0x1F, 0xD0, 0x3F, 0x40, 0xFE, 0x00, 0x00, 0x03, 0xF8, 0x03, 0xF8, 0x07, 0xF0,
    0x0F, 0xE0, 0x00, 0x0A, 0x3F, 0x40, 0xFE, 0x00, 0xBF, 0x00, 0x7E, 0x00, 0x02, 0xF3, 0xE0, 0x7F,
    0x40, 0x0F, 0xE0, 0x02, 0xF8, 0x06, 0xF8, 0x0B, 0xFE, 0x40, 0x00, 0xFD, 0x00, 0x06, 0xFF, 0xE4,
    0x00, 0x00, 0x06, 0xFF, 0x90, 0x00, 0x7D, 0x03, 0xF8, 0x01, 0xF0, 0x01, 0xFD, 0x02, 0xC0, 0x01,
    0xFD, 0x00, 0x00, 0x02, 0xFC, 0x00, 0x00, 0x03, 0xF8, 0x00, 0x00, 0x1F, 0xE0, 0x00, 0x2F, 0xFF,
    0x40, 0x00, 0x00, 0x1F, 0xE0, 0x2F, 0x00, 0x07, 0xF4, 0x7F, 0x40, 0x07, 0xF8, 0xBF, 0x00, 0x0B,
    0xF4, 0x7D, 0x00, 0x0F, 0xE0, 0x3E, 0x00, 0x7F, 0x40, 0x06, 0xFF, 0xE4, 0x00, 0x01, 0xFD, 0x00,
    0x00, 0xF0, 0x02, 0xD7, 0xE0, 0x00, 0xFE, 0x01, 0xD1, 0xFC, 0x00, 0x3F, 0x40, 0xF0, 0xBF, 0x00,
    0x1F, 0xC0, 0x74, 0x3F, 0x80, 0x0B, 0xF0, 0x00, 0x1F, 0xC0, 0x03, 0xF8, 0x00, 0x0B, 0xF0, 0x00,
    0xFD, 0x00, 0x03, 0xF8, 0x00, 0x7F, 0x00, 0x01, 0xFC, 0x00, 0x2F, 0xC0, 0x00, 0xBF, 0x00, 0x0F,
    0xE0, 0x00, 0x2F, 0xC0, 0x03, 0xF4, 0x74, 0x0B, 0xE0, 0x01, 0xFC, 0x2C, 0x01, 0xFC, 0x01, 0xFF,
    0x0E, 0x00, 0x3F, 0x41, 0xEF, 0xCB, 0x00, 0x01, 0xBF, 0x80, 0xBE, 0x00, 0x00, 0x00, 0x2F, 0x00,
    0x00, 0x00, 0x00, 0x1F, 0xE0, 0x00, 0x00, 0x00, 0x0F, 0xF8, 0x00, 0x00, 0x00, 0x03, 0xFD, 0x00,
    0x30, 0x00, 0x00, 0xFD, 0x00, 0x78, 0x00, 0x00, 0x0B, 0xFF, 0xE0, 0x00, 0x00, 0x00, 0x00, 0x00,
    0x00, 0x00, 0x00, 0x00, 0x00, 0x00, 0x01, 0xFD, 0x00, 0x00, 0xF0, 0x02, 0xD7, 0xE0, 0x00, 0xFE,
    0x01, 0xD1, 0xFC, 0x00, 0x3F, 0x40, 0xF0, 0xBF, 0x00, 0x1F, 0xC0, 0x74, 0x3F, 0x80, 0x0B, 0xF0,
    0x00, 0x1F, 0xC0, 0x03, 0xF8, 0x00, 0x0B, 0xF0, 0x00, 0xFD, 0x00, 0x03, 0xF8, 0x00, 0x7F, 0x00,
    0x01, 0xFC, 0x00, 0x2F, 0xC0, 0x00, 0xBF, 0x00, 0x0F, 0xE0, 0x00, 0x2F, 0xC0, 0x03, 0xF4, 0x74,
    0x0B, 0xE0, 0x01, 0xFC, 0x2C, 0x01, 0xFC, 0x01, 0xFF, 0x0E, 0x00, 0x3F, 0x41, 0xEF, 0xCB, 0x00,
    0x01, 0xBF, 0x80, 0xBE, 0x00, 0x02, 0xF8, 0x00, 0x0B, 0xE0, 0x38, 0xFC, 0x02, 0xD7, 0xD2, 0xC3,
    0xF4, 0x2C, 0x3F, 0x4F, 0x0F, 0xD1, 0xC2, 0xFC, 0x74, 0x7F, 0x1C, 0x03, 0xD0, 0x02, 0xFE, 0xC0,
    0x00, 0x00, 0x0F, 0xFD, 0x00, 0x00, 0x00, 0x3F, 0xFF, 0xD0, 0x00, 0x01, 0xFD, 0x7F, 0xD0, 0x00,
    0x0B, 0xF0, 0x3F, 0xC0, 0x00, 0x3F, 0x80, 0xBF, 0x03, 0x40, 0xFD, 0x02, 0xF8, 0x2C, 0x07, 0xF0,
    0x0B, 0xE0, 0xE0, 0x2F, 0xC0, 0x0F, 0x8B, 0x00, 0x7C, 0x00, 0x0B, 0xE0, 0x00, 0x00, 0x00, 0x02,
    0xFE, 0x00, 0x00, 0x00, 0x0E, 0x1F, 0xC0, 0x00, 0x00, 0x3C, 0x0F, 0xD0, 0x00, 0x00, 0x74, 0x1F,
    0xC0, 0x00, 0x00, 0xF0, 0x2F, 0xC0, 0x00, 0x02, 0xD0, 0x3F, 0x80, 0x00, 0x03, 0xC0, 0x3F, 0x40,
    0x00, 0x03, 0x80, 0x7F, 0x00, 0x00, 0x0B, 0x40, 0xBF, 0x00, 0x00, 0x0F, 0x00, 0xFE, 0x00, 0x2E,
    0x0E, 0x00, 0xFD, 0x1D, 0xBF, 0x1D, 0x01, 0xFC, 0x2C, 0xFF, 0x3C, 0x01, 0xFC, 0x38, 0xB5, 0xF0,
    0x00, 0xFC, 0xB0, 0x3F, 0x40, 0x00, 0x2F, 0xC0, 0x00, 0x00, 0x69, 0x00, 0x00, 0x0A, 0x90, 0x00,
    0x00, 0xFF, 0x00, 0x00, 0x2F, 0xD0, 0x00, 0x00, 0xFF, 0x40, 0x00, 0x7F, 0xC0, 0x00, 0x01, 0xFF,
    0x80, 0x00, 0xFF, 0xC0, 0x00, 0x02, 0xFF, 0x80, 0x02, 0xFF, 0x80, 0x00, 0x03, 0xDF, 0xC0, 0x07,
    0x7F, 0x40, 0x00, 0x03, 0xCF, 0xC0, 0x0D, 0x7F, 0x00, 0x00, 0x07, 0x8F, 0xD0, 0x3C, 0xBF, 0x00,
    0x00, 0x0B, 0x4B, 0xE0, 0xB0, 0xFE, 0x00, 0x00, 0x0F, 0x07, 0xF1, 0xD0, 0xFD, 0x00, 0x2E, 0x0F,
    0x07, 0xF3, 0x81, 0xFC, 0x2C, 0xBF, 0x1D, 0x03, 0xFF, 0x02, 0xFC, 0x3C, 0xBE, 0x3C, 0x03, 0xFC,
    0x02, 0xFC, 0x78, 0x78, 0xB0, 0x02, 0xF4, 0x00, 0xFC, 0xF0, 0x1F, 0xC0, 0x01, 0xE0, 0x00, 0x2F,
    0x80, 0x02, 0xF8, 0x00, 0x00, 0x00, 0x03, 0x8F, 0xC0, 0x00, 0x3D, 0x01, 0xC3, 0xF4, 0x00, 0x3F,
    0x40, 0xF0, 0xFD, 0x00, 0x0F, 0xC0, 0x78, 0x7F, 0x40, 0x07, 0xF0, 0x1D, 0x2F, 0xC0, 0x02, 0xF8,
    0x00, 0x0F, 0xF0, 0x00, 0xFD, 0x00, 0x03, 0xFF, 0xFF, 0xFF, 0x00, 0x01, 0xFD, 0x00, 0x2F, 0xC0,
    0x00, 0xBF, 0x00, 0x0F, 0xE0, 0x00, 0x3F, 0x80, 0x03, 0xF4, 0x74, 0x0F, 0xD0, 0x01, 0xFC, 0x2C,
    0x07, 0xF0, 0x00, 0x7F, 0x0E, 0x02, 0xFC, 0x00, 0x0F, 0xCB, 0x00, 0x7D, 0x00, 0x00, 0xBF, 0x00,
    0x00, 0x01, 0xFF, 0xE0, 0x00, 0x0B, 0xE0, 0x2F, 0x40, 0x0F, 0xD0, 0x03, 0xF0, 0x0F, 0xE0, 0x00,
    0xBE, 0x0B, 0xF0, 0x00, 0x2F, 0xC3, 0xF8, 0x00, 0x0F, 0xF2, 0xFD, 0x00, 0x03, 0xFC, 0xFF, 0x00,
    0x01, 0xFE, 0x3F, 0xC0, 0x00, 0xBF, 0x4F, 0xE0, 0x00, 0x3F, 0xC3, 0xF4, 0x00, 0x1F, 0xD0, 0xFD,
    0x00, 0x0F, 0xE0, 0x1F, 0x80, 0x0B, 0xE0, 0x02, 0xF8, 0x1F, 0xD0, 0x00, 0x0B, 0xFE, 0x40, 0x00,
    0x00, 0x00, 0x00, 0x00, 0x00, 0x00, 0xBE, 0x01, 0xBF, 0x80, 0x00, 0xE3, 0xF3, 0xD0, 0xFD, 0x00,
    0xB0, 0xFF, 0x80, 0x1F, 0xC0, 0x3C, 0x3F, 0xC0, 0x07, 0xF0, 0x1D, 0x1F, 0xD0, 0x02, 0xFC, 0x01,
    0x0B, 0xF0, 0x00, 0xFE, 0x00, 0x03, 0xF8, 0x00, 0x3F, 0x40, 0x00, 0xFD, 0x00, 0x2F, 0xC0, 0x00,
    0x7F, 0x00, 0x0F, 0xE0, 0x00, 0x2F, 0xC0, 0x03, 0xF4, 0x00, 0x0F, 0xE0, 0x02, 0xFC, 0x1D, 0x03,
    0xF4, 0x00, 0xFE, 0x0B, 0x01, 0xFC, 0x00, 0x3F, 0x43, 0x80, 0xBF, 0x00, 0x0B, 0xD7, 0x80, 0x1F,
    0x40, 0x00, 0x7F, 0x40, 0x00, 0x00, 0x00, 0x00, 0x00, 0x00, 0x0F, 0xE0, 0x6F, 0xE4, 0x00, 0x0E,
    0x3F, 0xB8, 0x1F, 0x80, 0x0B, 0x0F, 0xF4, 0x02, 0xF4, 0x03, 0x83, 0xF8, 0x00, 0x7F, 0x01, 0xD1,
    0xFC, 0x00, 0x2F, 0xC0, 0x00, 0xBF, 0x00, 0x0B, 0xF0, 0x00, 0x3F, 0x80, 0x03, 0xFC, 0x00, 0x0F,
    0xD0, 0x00, 0xFF, 0x00, 0x07, 0xF0, 0x00, 0x7F, 0x80, 0x02, 0xFC, 0x00, 0x2F, 0xC0, 0x00, 0xFE,
    0x00, 0x0F, 0xE0, 0x00, 0x3F, 0x40, 0x0B, 0xF0, 0x00, 0x1F, 0xE0, 0x03, 0xF0, 0x00, 0x0B, 0xFE,
    0x07, 0xE0, 0x00, 0x03, 0xF9, 0xBF, 0x80, 0x00, 0x00, 0xFD, 0x00, 0x00, 0x00, 0x00, 0xBF, 0x00,
    0x00, 0x00, 0x00, 0x3F, 0xC0, 0x00, 0x00, 0x00, 0x0F, 0xE0, 0x00, 0x00, 0x00, 0x3F, 0xFF, 0x40,
    0x00, 0x00, 0x0F, 0xFF, 0xD0, 0x00, 0x00, 0x00, 0x00, 0x01, 0xFF, 0x80, 0x00, 0xBE, 0x03, 0xD0,
    0x0F, 0xD0, 0x2F, 0x80, 0xFE, 0x00, 0xFE, 0x0B, 0xF0, 0x02, 0xE0, 0x3F, 0x80, 0x00, 0x02, 0xFD,
    0x00, 0x00, 0x0F, 0xF0, 0x00, 0x00, 0x3F, 0xC0, 0x00, 0x00, 0xFE, 0x00, 0x00, 0x03, 0xF4, 0x00,
    0x00, 0x0F, 0xD0, 0x00, 0x0A, 0x1F, 0x80, 0x00, 0xF8, 0x2F, 0x80, 0x6F, 0x40, 0x0B, 0xFF, 0x90,
    0x00, 0x02, 0xF8, 0x06, 0xFE, 0x00, 0x7F, 0xE0, 0x00, 0x38, 0xFC, 0xF4, 0x3F, 0x5E, 0x03, 0xF0,
    0x02, 0xC3, 0xFF, 0x00, 0x7F, 0xD0, 0x0F, 0xD0, 0x0F, 0x0F, 0xF0, 0x02, 0xFE, 0x00, 0x3F, 0x80,
    0x74, 0x7F, 0x40, 0x0B, 0xF0, 0x00, 0xFE, 0x00, 0x42, 0xFC, 0x00, 0x3F, 0x80, 0x03, 0xF4, 0x00,
    0x0F, 0xE0, 0x00, 0xFD, 0x00, 0x1F, 0xC0, 0x00, 0x3F, 0x40, 0x07, 0xF0, 0x00, 0xFF, 0x00, 0x01,
    0xFC, 0x00, 0x2F, 0xC0, 0x03, 0xF4, 0x00, 0x0B, 0xF0, 0x00, 0xFE, 0x00, 0x1F, 0xC0, 0x00, 0x3F,
    0x80, 0x03, 0xF4, 0x00, 0xFE, 0x0B, 0x00, 0xFD, 0x00, 0x1F, 0xC0, 0x03, 0xF4, 0x38, 0x07, 0xF0,
    0x00, 0xBF, 0x00, 0x0F, 0xC2, 0xC0, 0x2F, 0xC0, 0x03, 0xF8, 0x00, 0x3F, 0x1D, 0x00, 0x7D, 0x00,
    0x0B, 0xC0, 0x00, 0x2F, 0x80, 0x00, 0x01, 0xFD, 0x00, 0x00, 0xA0, 0x2D, 0x7E, 0x00, 0x0B, 0xE1,
    0xD1, 0xFC, 0x00, 0x3F, 0x4F, 0x0B, 0xF0, 0x01, 0xFC, 0x74, 0x3F, 0x80, 0x0B, 0xF0, 0x01, 0xFC,
    0x00, 0x3F, 0x80, 0x0B, 0xF0, 0x00, 0xFD, 0x00, 0x3F, 0x80, 0x07, 0xF0, 0x01, 0xFC, 0x00, 0x2F,
    0xC0, 0x0B, 0xF0, 0x00, 0xFE, 0x00, 0x2F, 0xC0, 0x03, 0xF4, 0x00, 0xBE, 0x00, 0x1F, 0xC0, 0x01,
    0xFC, 0x00, 0xFF, 0x00, 0x03, 0xF4, 0x1F, 0xF8, 0x00, 0x01, 0xBF, 0xEF, 0xD0, 0x00, 0x00, 0x00,
    0x7F, 0x00, 0x00, 0x00, 0x02, 0xF8, 0x00, 0x2F, 0x00, 0x0F, 0xC0, 0x01, 0xFD, 0x00, 0xFD, 0x00,
    0x07, 0xF0, 0x0B, 0xD0, 0x00, 0x0F, 0x81, 0xFC, 0x00, 0x00, 0x0B, 0xFE, 0x40, 0x00, 0x00, 0x00,
    0x00, 0x00, 0x00, 0xBF, 0x80, 0x00, 0x00, 0x00, 0x00, 0xF8, 0xBC, 0x00, 0x00, 0x00, 0x00, 0xFC,
    0x7F, 0x00, 0x00, 0x00, 0x00, 0x7F, 0x2F, 0xC0, 0x00, 0x00, 0x00, 0x2F, 0x87, 0xD0, 0x00, 0x00,
    0x00, 0x0F, 0xE0, 0x00, 0x00, 0x00, 0x00, 0x03, 0xF4, 0x00, 0x00, 0x00, 0x00, 0x01, 0xFC, 0x00,
    0x00, 0x00, 0x00, 0x00, 0xBF, 0x00, 0x00, 0x00, 0x01, 0xBF, 0xBF, 0xCB, 0xF8, 0x00, 0x03, 0xF4,
    0x3F, 0xFE, 0x07, 0xD0, 0x03, 0xF0, 0x03, 0xFD, 0x00, 0xFC, 0x03, 0xF4, 0x01, 0xFE, 0x00, 0x3F,
    0x82, 0xFC, 0x00, 0x7F, 0x00, 0x0F, 0xE1, 0xFE, 0x00, 0x2F, 0xC0, 0x03, 0xF8, 0xBF, 0x40, 0x0F,
    0xE0, 0x01, 0xFE, 0x3F, 0xC0, 0x03, 0xF8, 0x00, 0xBF, 0x4F, 0xF0, 0x00, 0xFD, 0x00, 0x3F, 0xC3,
    0xF8, 0x00, 0x7F, 0x00, 0x0F, 0xF0, 0xFD, 0x00, 0x2F, 0xC0, 0x07, 0xF4, 0x3F, 0x40, 0x0F, 0xF0,
    0x03, 0xF8, 0x0B, 0xD0, 0x0B, 0xF8, 0x02, 0xF8, 0x00, 0xFC, 0x1F, 0xFF, 0x42, 0xF4, 0x00, 0x07,
    0xFE, 0x7F, 0x7F, 0xE0, 0x00, 0x00, 0x00, 0x1F, 0xC0, 0x00, 0x00, 0x00, 0x00, 0x0B, 0xE0, 0x00,
    0x00, 0x00, 0x0B, 0xC3, 0xF0, 0x00, 0x00, 0x00, 0x07, 0xF4, 0xF8, 0x00, 0x00, 0x00, 0x01, 0xFC,
    0x7C, 0x00, 0x00, 0x00, 0x00, 0x3E, 0x3D, 0x00, 0x00, 0x00, 0x00, 0x02, 0xF8, 0x00, 0x00, 0x00,
    0x00, 0x00, 0x2F, 0xF8, 0x0B, 0xF8, 0x00, 0xB8, 0x0F, 0xEF, 0x0B, 0xC0, 0xB4, 0x01, 0xFF, 0x07,
    0xF4, 0x78, 0x00, 0x7F, 0x42, 0xFC, 0x3C, 0x00, 0x2F, 0xC0, 0x3D, 0x00, 0x00, 0x0F, 0xF0, 0x00,
    0x00, 0x00, 0x03, 0xF8, 0x00, 0x00, 0x00, 0x01, 0xFD, 0x00, 0x00, 0x00, 0x00, 0xBF, 0x00, 0x00,
    0x00, 0x00, 0x3F, 0xC0, 0x00, 0x01, 0xF4, 0x0F, 0xE0, 0x00, 0xF0, 0xFE, 0x07, 0xF4, 0x00, 0x74,
    0x7F, 0x43, 0xFD, 0x00, 0x78, 0x0F, 0x82, 0xEF, 0xC0, 0xB8, 0x00, 0xBF, 0x80, 0xBF, 0xE0, 0x00,
    0x01, 0xFD, 0x00, 0x00, 0xF0, 0x00, 0xB5, 0xF8, 0x00, 0x3F, 0x80, 0x1D, 0x1F, 0xC0, 0x03, 0xF4,
    0x03, 0xC2, 0xFC, 0x00, 0x7F, 0x00, 0x74, 0x3F, 0x80, 0x0B, 0xF0, 0x00, 0x07, 0xF0, 0x00, 0xFE,
    0x00, 0x00, 0xBF, 0x00, 0x0F, 0xD0, 0x00, 0x0F, 0xE0, 0x01, 0xFC, 0x00, 0x01, 0xFC, 0x00, 0x2F,
    0xC0, 0x00, 0x2F, 0xC0, 0x03, 0xF8, 0x00, 0x02, 0xFC, 0x00, 0x3F, 0x40, 0x00, 0x2F, 0x80, 0x07,
    0xF0, 0x50, 0x01, 0xFC, 0x00, 0xFF, 0x0E, 0x00, 0x0F, 0xD0, 0x7B, 0xF2, 0xD0, 0x00, 0x1B, 0xF9,
    0x1F, 0xEE, 0x00, 0x00, 0x00, 0x00, 0x00, 0xF0, 0x00, 0x00, 0x00, 0x00, 0x0F, 0x40, 0x00, 0x00,
    0x00, 0x00, 0xFC, 0x00, 0x00, 0x00, 0x00, 0x3F, 0xC0, 0x00, 0x00, 0x00, 0x0F, 0xFC, 0x00, 0x00,
    0x00, 0x03, 0xFE, 0x00, 0x00, 0x00, 0x00, 0x60, 0x00, 0x02, 0xF8, 0x00, 0x02, 0x80, 0x0B, 0x2F,
    0x00, 0x0F, 0xE0, 0x1D, 0x3F, 0x40, 0x0F, 0xD0, 0x3C, 0x3F, 0x40, 0x1F, 0xC0, 0x78, 0x7F, 0x00,
    0x2F, 0xC0, 0x20, 0xBF, 0x00, 0x3F, 0x80, 0x00, 0xBF, 0x00, 0x3F, 0x40, 0x00, 0x3F, 0x41, 0xFF,
    0x00, 0x00, 0x0B, 0xFF, 0xFF, 0x00, 0x00, 0x00, 0x00, 0xFE, 0x00, 0x00, 0x00, 0x00, 0xFD, 0x1D,
    0x00, 0x00, 0x01, 0xFC, 0x2C, 0x00, 0x00, 0x01, 0xFC, 0x3C, 0x00, 0x00, 0x00, 0xFC, 0xB0, 0x00,
    0x00, 0x00, 0x2F, 0xC0, 0x01, 0xFD, 0x00, 0x00, 0xA0, 0x00, 0x09, 0x00, 0x2D, 0x7E, 0x00, 0x0F,
    0xE0, 0x00, 0xFC, 0x01, 0xD1, 0xFC, 0x00, 0x3F, 0x40, 0x07, 0xF0, 0x0F, 0x0B, 0xF0, 0x01, 0xFC,
    0x00, 0x2F, 0xC0, 0x78, 0x3F, 0x80, 0x0B, 0xF0, 0x00, 0xFE, 0x00, 0x41, 0xFC, 0x00, 0x3F, 0x80,
    0x03, 0xF4, 0x00, 0x0B, 0xF0, 0x00, 0xFD, 0x00, 0x1F, 0xC0, 0x00, 0x3F, 0x80, 0x07, 0xF0, 0x00,
    0xBF, 0x00, 0x01, 0xFC, 0x00, 0x2F, 0xC0, 0x03, 0xF8, 0x00, 0x0B, 0xF0, 0x00, 0xFE, 0x00, 0x0F,
    0xD0, 0x00, 0x2F, 0xC0, 0x03, 0xF4, 0x00, 0x7F, 0x0B, 0x00, 0xBE, 0x00, 0x1F, 0xD0, 0x03, 0xFC,
    0x3C, 0x01, 0xFC, 0x01, 0xFF, 0x00, 0x3F, 0xE1, 0xD0, 0x02, 0xF4, 0x1E, 0xBE, 0x07, 0x9F, 0xCE,
    0x00, 0x01, 0xFF, 0x80, 0x7F, 0xE4, 0x0B, 0xE0, 0x00, 0x01, 0xFD, 0x00, 0x01, 0xF0, 0x00, 0x19,
    0x00, 0x2D, 0x7E, 0x00, 0x0F, 0xE0, 0x00, 0xFC, 0x01, 0xD1, 0xFC, 0x00, 0x3F, 0x40, 0x07, 0xF0,
    0x0F, 0x0B, 0xF0, 0x01, 0xFC, 0x00, 0x2F, 0xC0, 0x74, 0x3F, 0x80, 0x0B, 0xF0, 0x00, 0xFE, 0x00,
    0x01, 0xFC, 0x00, 0x3F, 0x80, 0x03, 0xF4, 0x00, 0x0B, 0xF0, 0x00, 0xFD, 0x00, 0x1F, 0xC0, 0x00,
    0x3F, 0x80, 0x07, 0xF0, 0x00, 0xBF, 0x00, 0x01, 0xFC, 0x00, 0x2F, 0xC0, 0x03, 0xF8, 0x00, 0x0B,
    0xF0, 0x00, 0xFE, 0x00, 0x0F, 0xD0, 0x00, 0x2F, 0xC0, 0x03, 0xF4, 0x00, 0x7F, 0x00, 0x00, 0xBE,
    0x00, 0x1F, 0xD0, 0x03, 0xFC, 0x14, 0x01, 0xFC, 0x01, 0xFF, 0x00, 0x3F, 0xE0, 0xD0, 0x02, 0xF4,
    0x1E, 0xBE, 0x07, 0xAF, 0x8F, 0x00, 0x01, 0xFF, 0x80, 0x7F, 0xE4, 0x1F, 0xEC, 0x00, 0x00, 0x00,
    0x00, 0x00, 0x00, 0x00, 0x78, 0x00, 0x00, 0x00, 0x00, 0x00, 0x00, 0x00, 0xF0, 0x00, 0x00, 0x00,
    0x00, 0x00, 0x00, 0x07, 0xE0, 0x00, 0x00, 0x00, 0x00, 0x00, 0x00, 0x7F, 0xC0, 0x00, 0x00, 0x00,
    0x00, 0x00, 0x07, 0xFD, 0x00, 0x00, 0x00, 0x00, 0x00, 0x00, 0x7F, 0xD0, 0x00, 0x00, 0x00, 0x00,
    0x00, 0x01, 0x40, 0x00, 0x00, 0xBF, 0x90, 0x14, 0x02, 0xFF, 0xFF, 0xFF, 0x02, 0xFF, 0xFF, 0xFF,
    0x40, 0xF0, 0x07, 0xFF, 0x00, 0x00, 0x07, 0xE4, 0x00, 0x00, 0x0F, 0xFF, 0xF8, 0x00, 0x0F, 0xF4,
    0x0F, 0xE0, 0x0B, 0xF0, 0x00, 0xFD, 0x03, 0xF4, 0x00, 0x3F, 0x82, 0xFC, 0x00, 0x0F, 0xE0, 0xFE,
    0x00, 0x07, 0xF8, 0x3F, 0x40, 0x03, 0xFC, 0x07, 0xE0, 0x01, 0xFD, 0x00, 0xFD, 0x02, 0xFC, 0x00,
    0x06, 0xFF, 0xE4, 0x00, 0x01, 0xFD, 0x00, 0x00, 0x01, 0xF0, 0x02, 0xD7, 0xE0, 0x00, 0x00, 0xFD,
    0x02, 0xD1, 0xFC, 0x00, 0x00, 0x3F, 0x40, 0xF0, 0xBF, 0x00, 0x00, 0x1F, 0xC0, 0x74, 0x3F, 0x80,
    0x00, 0x0B, 0xF0, 0x00, 0x1F, 0xFF, 0xF4, 0x03, 0xF8, 0x00, 0x0B, 0xF8, 0x1F, 0xC0, 0xFD, 0x00,
    0x03, 0xF4, 0x03, 0xF8, 0x7F, 0x00, 0x01, 0xFC, 0x00, 0xFF, 0x2F, 0xC0, 0x00, 0xBF, 0x00, 0x3F,
    0xCF, 0xE0, 0x00, 0x3F, 0x80, 0x1F, 0xE3, 0xF4, 0x70, 0x0F, 0xD0, 0x0B, 0xF1, 0xFC, 0x3C, 0x02,
    0xF4, 0x03, 0xF4, 0x7F, 0x0D, 0x00, 0x3F, 0x07, 0xF4, 0x0F, 0xCF, 0x00, 0x01, 0xFF, 0x90, 0x00,
    0xBE, 0x00, 0x01, 0xFD, 0x00, 0x00, 0x00, 0xB5, 0xF8, 0x00, 0x00, 0x1D, 0x1F, 0xC0, 0x00, 0x03,
    0xC2, 0xFC, 0x00, 0x00, 0x78, 0x3F, 0x80, 0x00, 0x00, 0x07, 0xFB, 0xFF, 0x90, 0x00, 0xBF, 0x90,
    0x2F, 0x80, 0x0F, 0xE0, 0x00, 0xFD, 0x01, 0xFC, 0x00, 0x0F, 0xE0, 0x2F, 0xC0, 0x00, 0xFE, 0x03,
    0xF8, 0x00, 0x1F, 0xD0, 0x3F, 0x80, 0x03, 0xFC, 0x01, 0xF8, 0x00, 0x7F, 0x00, 0x0B, 0xD0, 0x2F,
    0xC0, 0x00, 0x1B, 0xFF, 0x90, 0x00, 0x00, 0x07, 0xFE, 0x40, 0x00, 0x7D, 0x07, 0xF0, 0x02, 0xE0,
    0x01, 0xFC, 0x07, 0x80, 0x00, 0xFD, 0x0B, 0x00, 0x00, 0xFE, 0x00, 0x00, 0x00, 0xFE, 0x00, 0x00,
    0x00, 0xFE, 0x00, 0x1F, 0xFF, 0xFD, 0x00, 0x00, 0x03, 0xFC, 0x00, 0x00, 0x03, 0xFC, 0x2E, 0x00,
    0x0B, 0xF0, 0xBF, 0x00, 0x0F, 0xD0, 0xBE, 0x00, 0x3F, 0x40, 0x7D, 0x02, 0xF8, 0x00, 0x0B, 0xFE,
    0x40, 0x00, 0x00, 0x00, 0x00, 0x00, 0x00, 0x00, 0x00, 0x0B, 0xE0, 0x00, 0x01, 0xBF, 0xE4, 0x00,
    0xE3, 0xF0, 0x00, 0x3F, 0x41, 0xF8, 0x07, 0x0F, 0xD0, 0x07, 0xE0, 0x02, 0xF4, 0x3C, 0x3F, 0x40,
    0x7F, 0x00, 0x07, 0xF1, 0xE1, 0xFD, 0x03, 0xF4, 0x00, 0x1F, 0xC7, 0x4B, 0xF0, 0x2F, 0xC0, 0x00,
    0x7F, 0x40, 0x3F, 0xC0, 0xFE, 0x00, 0x02, 0xFD, 0x00, 0xFF, 0xFF, 0xF4, 0x00, 0x0F, 0xF0, 0x07,
    0xF4, 0x2F, 0xC0, 0x00, 0x3F, 0xC0, 0x2F, 0xC0, 0xFF, 0x00, 0x01, 0xFD, 0x00, 0xFF, 0x02, 0xFC,
    0x00, 0x0F, 0xF0, 0x03, 0xF8, 0x0B, 0xF0, 0x00, 0x7F, 0x00, 0x1F, 0xD0, 0x0F, 0xC0, 0x03, 0xF0,
    0x00, 0xBF, 0x00, 0x1F, 0xC0, 0xBE, 0x00, 0x01, 0xF4, 0x00, 0x07, 0xFF, 0x80, 0x00, 0x00, 0x01,
    0xBF, 0xFF, 0xE0, 0x00, 0x0F, 0xE0, 0x0F, 0xE0, 0x00, 0x3F, 0xC0, 0x0F, 0xC0, 0x00, 0x7F, 0x40,
    0x1F, 0xC0, 0x00, 0x7F, 0x40, 0x3F, 0x80, 0x00, 0x3F, 0x80, 0x3F, 0x40, 0x00, 0x06, 0xFF, 0xFF,
    0x00, 0x00, 0x02, 0xFD, 0xBF, 0x00, 0x00, 0x0F, 0xF0, 0xFE, 0x00, 0x2E, 0x1F, 0xC0, 0xFD, 0x1D,
    0xBF, 0x3F, 0x81, 0xFC, 0x2C, 0xBE, 0x3F, 0x01, 0xFC, 0x3C, 0x78, 0xBD, 0x00, 0xFC, 0xB0, 0x1F,
    0xE0, 0x00, 0x2F, 0xC0, 0x00, 0x03, 0xC0, 0x00, 0x00, 0x3F, 0xC0, 0x00, 0x00, 0xFF, 0xC0, 0x00,
    0x01, 0xFF, 0x80, 0x00, 0x00, 0xBF, 0x00, 0x00, 0x00, 0x28, 0x00, 0x00, 0x00, 0x00, 0x00, 0x00,
    0x00, 0x00, 0x00, 0x02, 0xFF, 0x80, 0x00, 0xBE, 0x03, 0xD0, 0x0F, 0xC0, 0x07, 0xC0, 0xFD, 0x00,
    0x1F, 0x0F, 0xF0, 0x00, 0xF4, 0x7F, 0x40, 0x6F, 0x43, 0xFF, 0xFF, 0x90, 0x0F, 0xF0, 0x00, 0x00,
    0x3F, 0x80, 0x00, 0x00, 0xFE, 0x00, 0x00, 0x03, 0xF4, 0x00, 0x00, 0x0B, 0xE0, 0x00, 0x0F, 0x0F,
    0xC0, 0x01, 0xF4, 0x1F, 0x80, 0x7F, 0x40, 0x0B, 0xFF, 0x90, 0x00, 0x00, 0x1F, 0x40, 0x7D, 0x00,
    0x7F, 0xC1, 0xFF, 0x00, 0xBF, 0xC3, 0xFF, 0x00, 0xBF, 0x83, 0xFE, 0x00, 0x3E, 0x01, 0xF8, 0x00,
    0x00, 0x00, 0x00, 0x00, 0x00, 0x00, 0x00, 0x00, 0x00, 0x00, 0x00, 0x00, 0x07, 0xFE, 0x40, 0x00,
    0x7E, 0x03, 0xD0, 0x02, 0xF8, 0x01, 0xF0, 0x0B, 0xF0, 0x01, 0xF0, 0x1F, 0xD0, 0x03, 0xD0, 0x3F,
    0xC0, 0x6F, 0x40, 0x3F, 0xFF, 0xE4, 0x00, 0x7F, 0x40, 0x00, 0x00, 0xBF, 0x40, 0x00, 0x00, 0xBF,
    0x00, 0x00, 0x00, 0x7F, 0x00, 0x00, 0x00, 0x3F, 0x00, 0x00, 0xF0, 0x2F, 0x40, 0x07, 0xD0, 0x0F,
    0xC0, 0x6F, 0x40, 0x01, 0xFF, 0xE4, 0x00, 0x00, 0x00, 0x00, 0x00, 0x00, 0x00, 0xBF, 0xF0, 0x00,
    0x00, 0x00, 0x0B, 0xF0, 0x00, 0x00, 0x00, 0x0F, 0xE0, 0x00, 0x00, 0x7F, 0xFF, 0xFF, 0xFF, 0xFC,
    0x7F, 0xFF, 0xFF, 0xFF, 0xFC, 0x00, 0x1F, 0xC0, 0x00, 0x00, 0x00, 0x2F, 0xC0, 0x00, 0x00, 0x00,
    0x3F, 0x80, 0x00, 0x00, 0x00, 0x3F, 0x46, 0xFE, 0x40, 0x00, 0x7F, 0x7D, 0x0B, 0xE0, 0x00, 0xBF,
    0xD0, 0x03, 0xF0, 0x00, 0xFF, 0x40, 0x03, 0xF4, 0x01, 0xFE, 0x00, 0x03, 0xF4, 0x02, 0xFC, 0x00,
    0x07, 0xF0, 0x03, 0xFC, 0x00, 0x0B, 0xF0, 0x03, 0xF8, 0x00, 0x0F, 0xE0, 0x07, 0xF4, 0x00, 0x0F,
    0xD0, 0x0B, 0xF0, 0x00, 0x1F, 0xC0, 0x0F, 0xF0, 0x00, 0x2F, 0x80, 0x0F, 0xE0, 0x00, 0x3F, 0x00,
    0x1F, 0xD0, 0x00, 0x7E, 0x00, 0x1F, 0xC0, 0x00, 0xBC, 0x00, 0x0F, 0x40, 0x00, 0xF8, 0x00, 0x00,
    0x00, 0x02, 0xF0, 0x00, 0x00, 0x00, 0x03, 0xD0, 0x00, 0x00, 0x00, 0x0B, 0x80, 0x00, 0x00, 0x00,
    0x2E, 0x00, 0x00, 0x00, 0x00, 0xB8, 0x00, 0x00, 0x00, 0x0B, 0x80, 0x00, 0x00, 0x00, 0x00, 0x07,
    0x80, 0x00, 0x02, 0xFD, 0x00, 0x00, 0xFF, 0xC0, 0x00, 0x7F, 0xF4, 0x00, 0x0F, 0xF4, 0x00, 0x00,
    0xA0, 0x00, 0x00, 0x00, 0x00, 0x00, 0x00, 0x00, 0x00, 0x00, 0x6F, 0xFD, 0x00, 0x3F, 0x41, 0xFC,
    0x0F, 0x40, 0x0F, 0xD0, 0xC0, 0x00, 0xFD, 0x00, 0x00, 0x2F, 0xC0, 0x00, 0x0B, 0xF8, 0x00, 0x1F,
    0xFF, 0x00, 0x2F, 0xFF, 0x80, 0x0F, 0xFF, 0x80, 0x03, 0xFF, 0x40, 0x00, 0x7F, 0x40, 0x00, 0x0F,
    0xF0, 0x00, 0xB0, 0xBE, 0x00, 0x2F, 0x03, 0xF0, 0x1F, 0x80, 0x0B, 0xFE, 0x40, 0x00, 0x00, 0x01,
    0xFF, 0xE0, 0x00, 0x2F, 0x80, 0x7C, 0x00, 0xFD, 0x00, 0xFE, 0x03, 0xF8, 0x00, 0xFE, 0x0B, 0xF0,
    0x00, 0xF8, 0x0F, 0xF0, 0x00, 0x00, 0x2F, 0xD0, 0x00, 0x00, 0x3F, 0xFF, 0xF8, 0x00, 0x3F, 0xC0,
    0x00, 0x00, 0x3F, 0x80, 0x00, 0x00, 0x3F, 0x40, 0x00, 0x00, 0x3F, 0x40, 0x00, 0x28, 0x1F, 0x80,
    0x00, 0xF8, 0x0B, 0xE0, 0x1B, 0xD0, 0x01, 0xBF, 0xF9, 0x00, 0x00, 0x06, 0xFE, 0x40, 0x03, 0xD0,
    0x2E, 0x00, 0xB8, 0x03, 0xF0, 0x0F, 0x00, 0x7F, 0x01, 0xF0, 0x03, 0xC0, 0x1F, 0xD0, 0x00, 0x00,
    0xFF, 0xF8, 0x00, 0x07, 0xFF, 0xF4, 0x00, 0x0B, 0xFF, 0xC0, 0x00, 0x01, 0xFC, 0x1F, 0x40, 0x07,
    0xC3, 0xF8, 0x00, 0x78, 0x3F, 0x00, 0x0F, 0x02, 0xE4, 0x07, 0xC0, 0x06, 0xFF, 0x90, 0x00, 0x00,
    0x02, 0xE0, 0x00, 0x1F, 0xC0, 0x00, 0xBF, 0x00, 0x01, 0xF4, 0x00, 0x00, 0x00, 0x00, 0x00, 0x00,
    0x00, 0x00, 0x00, 0x00, 0x00, 0x01, 0xFD, 0x00, 0x2D, 0x7E, 0x01, 0xD1, 0xFC, 0x0F, 0x0B, 0xF0,
    0x74, 0x3F, 0x80, 0x01, 0xFC, 0x00, 0x0F, 0xF0, 0x00, 0x3F, 0x40, 0x02, 0xFC, 0x00, 0x0F, 0xE0,
    0x00, 0x3F, 0x43, 0x82, 0xFC, 0x1D, 0x0B, 0xE0, 0xF0, 0x1F, 0x8F, 0x00, 0x1F, 0xE0, 0x00, 0x00,
    0xBD, 0x02, 0xF0, 0x0B, 0xFC, 0x2F, 0xE0, 0x3F, 0xF0, 0xFF, 0x80, 0xFF, 0x83, 0xFD, 0x01, 0xF8,
    0x07, 0xD0, 0x00, 0x00, 0x00, 0x00, 0x00, 0x00, 0x00, 0x00, 0x00, 0x00, 0x00, 0x01, 0xFD, 0x00,
    0x00, 0x2D, 0x7E, 0x00, 0x01, 0xD1, 0xFC, 0x00, 0x0F, 0x0B, 0xF0, 0x00, 0x74, 0x3F, 0x80, 0x00,
    0x01, 0xFC, 0x00, 0x00, 0x0F, 0xF0, 0x00, 0x00, 0x3F, 0x40, 0x00, 0x02, 0xFC, 0x00, 0x00, 0x0F,
    0xE0, 0x00, 0x00, 0x3F, 0x43, 0x80, 0x02, 0xFC, 0x1D, 0x00, 0x0B, 0xE0, 0xF0, 0x00, 0x1F, 0x8F,
    0x00, 0x00, 0x1F, 0xE0, 0x00, 0x00, 0x00, 0x00, 0x01, 0xF0, 0x00, 0x00, 0x0F, 0xE0, 0x00, 0x00,
    0x7F, 0x40, 0x00, 0x00, 0xF8, 0x00, 0x00, 0x00, 0x00, 0x00, 0x00, 0x00, 0x00, 0x00, 0x00, 0x00,
    0x00, 0x00, 0x00, 0x00, 0x00, 0x01, 0xFE, 0x00, 0x00, 0x3C, 0x3F, 0x00, 0x03, 0x80, 0xFD, 0x00,
    0x2C, 0x03, 0xF4, 0x00, 0xD0, 0x1F, 0xC0, 0x00, 0x00, 0xBF, 0x00, 0x00, 0x03, 0xF8, 0x00, 0x00,
    0x0F, 0xD0, 0x00, 0x00, 0x7F, 0x00, 0x00, 0x02, 0xFC, 0x00, 0x00, 0x0F, 0xE0, 0x00, 0x00, 0x3F,
    0x40, 0x00, 0x01, 0xFC, 0x00, 0x00, 0x0B, 0xF0, 0x00, 0x00, 0x3F, 0x80, 0x00, 0x00, 0xFD, 0x00,
    0x00, 0x07, 0xF0, 0x00, 0x00, 0x2F, 0xC0, 0x03, 0xE0, 0xFD, 0x00, 0x3F, 0xCB, 0xE0, 0x00, 0xFD,
    0xBD, 0x00, 0x00, 0xBF, 0x80, 0x00, 0x00, 0x00, 0x00, 0x02, 0xFE, 0x00, 0x00, 0x00, 0x00, 0x03,
    0x87, 0xF0, 0x00, 0x00, 0x00, 0x03, 0xC0, 0xFD, 0x00, 0x00, 0x00, 0x02, 0xD0, 0x7F, 0x00, 0x00,
    0x00, 0x00, 0xF0, 0x2F, 0xC0, 0x00, 0x00, 0x00, 0xB4, 0x0F, 0xFF, 0xF9, 0x00, 0x00, 0x3C, 0x03,
    0xFD, 0x0B, 0xD0, 0x00, 0x1E, 0x01, 0xFC, 0x00, 0xFC, 0x00, 0x0B, 0x40, 0xBF, 0x00, 0x3F, 0x40,
    0x03, 0xC0, 0x3F, 0x80, 0x1F, 0xE2, 0xE0, 0xF0, 0x0F, 0xD0, 0x07, 0xF5, 0xFC, 0xB4, 0x03, 0xF4,
    0x03, 0xFC, 0xBF, 0x3C, 0x00, 0xFC, 0x01, 0xFD, 0x3F, 0x7C, 0x00, 0x1F, 0x41, 0xFD, 0x03, 0xF4,
    0x00, 0x01, 0xBF, 0xE4, 0x00, 0x02, 0xF8, 0x00, 0x00, 0xF4, 0x00, 0x00, 0xE3, 0xF0, 0x00, 0x3F,
    0x80, 0x00, 0x2C, 0x3F, 0x40, 0x03, 0xF4, 0x00, 0x03, 0xC3, 0xF4, 0x00, 0x7F, 0x00, 0x00, 0x78,
    0x7F, 0x00, 0x0B, 0xF0, 0x00, 0x01, 0x0B, 0xF0, 0x00, 0xFF, 0xFF, 0x80, 0x00, 0xFF, 0x00, 0x0F,
    0xF4, 0x2F, 0x40, 0x0F, 0xFF, 0xFF, 0xFC, 0x00, 0xFC, 0x01, 0xFD, 0x00, 0x2F, 0xC0, 0x0F, 0xD0,
    0x2F, 0xC0, 0x03, 0xF8, 0x01, 0xFE, 0x03, 0xFC, 0x00, 0x3F, 0x40, 0x2F, 0xD0, 0x3F, 0x40, 0x03,
    0xF0, 0x03, 0xFC, 0x07, 0xF0, 0x00, 0x3F, 0x00, 0x7F, 0x40, 0xBF, 0x00, 0x01, 0xF8, 0x1F, 0xD0,
    0x07, 0xC0, 0x00, 0x02, 0xFF, 0x90, 0x00, 0x00, 0x00, 0x00, 0x00, 0x00, 0x00, 0xBF, 0xF0, 0x00,
    0x00, 0x00, 0x0B, 0xF0, 0x00, 0x00, 0x00, 0x0F, 0xE0, 0x00, 0x00, 0x7F, 0xFF, 0xFF, 0xFF, 0xE0,
    0x7F, 0xFF, 0xFF, 0xFF, 0xE0, 0x00, 0x1F, 0xC0, 0x00, 0x00, 0x00, 0x2F, 0xC0, 0x00, 0x00, 0x00,
    0x3F, 0x80, 0x00, 0x00, 0x00, 0x3F, 0x5B, 0xF8, 0x00, 0x00, 0x7F, 0xF4, 0x3F, 0x40, 0x00, 0xBF,
    0xC0, 0x1F, 0xC0, 0x00, 0xFF, 0x00, 0x1F, 0xC0, 0x00, 0xFD, 0x00, 0x2F, 0xC0, 0x01, 0xFC, 0x00,
    0x3F, 0x80, 0x02, 0xFC, 0x00, 0x3F, 0x40, 0x03, 0xF8, 0x00, 0x7F, 0x00, 0x07, 0xF4, 0x00, 0xFF,
    0x00, 0x0B, 0xF0, 0x00, 0xFD, 0x00, 0x0F, 0xF0, 0x01, 0xFC, 0x1D, 0x0F, 0xE0, 0x02, 0xF8, 0x2C,
    0x1F, 0xD0, 0x03, 0xF4, 0x34, 0x1F, 0xC0, 0x01, 0xF4, 0xE0, 0x0F, 0x40, 0x00, 0x7F, 0x40, 0x00,
    0x00, 0x00, 0x2E, 0x00, 0x00, 0x00, 0x03, 0xFC, 0x00, 0x00, 0x00, 0x7F, 0xF0, 0x00, 0x00, 0x07,
    0xFF, 0x00, 0x00, 0x00, 0x7F, 0x80, 0x00, 0x00, 0x00, 0x90, 0x00, 0x00, 0x00, 0x00, 0x00, 0x00,
    0x00, 0x00, 0x00, 0x00, 0x00, 0x02, 0xF8, 0x00, 0x0B, 0xE0, 0x38, 0xFC, 0x02, 0xD7, 0xD2, 0xC3,
    0xF4, 0x2C, 0x3F, 0x4F, 0x0F, 0xD1, 0xC2, 0xFC, 0x74, 0x7F, 0x1C, 0x03, 0xD0, 0x02, 0xFE, 0xC0,
    0x00, 0x00, 0x0F, 0xFD, 0x00, 0x00, 0x00, 0x3F, 0xFF, 0xD0, 0x00, 0x01, 0xFD, 0x7F, 0xD0, 0x00,
    0x0B, 0xF0, 0x3F, 0xC0, 0x00, 0x3F, 0x80, 0xBF, 0x03, 0x40, 0xFD, 0x02, 0xF8, 0x2C, 0x07, 0xF0,
    0x0B, 0xE0, 0xE0, 0x2F, 0xC0, 0x0F, 0x8B, 0x00, 0x7C, 0x00, 0x0B, 0xE0, 0x00, 0x00, 0x00, 0x1E,
    0x00, 0x00, 0x00, 0x00, 0x0F, 0xE0, 0x00, 0x00, 0x00, 0x07, 0xFD, 0x00, 0x00, 0x00, 0x00, 0xBF,
    0xD0, 0x00, 0x00, 0x00, 0x02, 0xFC, 0x00, 0x00, 0x00, 0x00, 0x09, 0x00, 0x00, 0x00, 0x00, 0x00,
    0x00, 0x00, 0x00, 0x00, 0x00, 0x00, 0x00, 0x01, 0xFD, 0x00, 0x00, 0xF0, 0x02, 0xD7, 0xE0, 0x00,
    0xFE, 0x01, 0xD1, 0xFC, 0x00, 0x3F, 0x40, 0xF0, 0xBF, 0x00, 0x1F, 0xC0, 0x74, 0x3F, 0x80, 0x0B,
    0xF0, 0x00, 0x1F, 0xC0, 0x03, 0xF8, 0x00, 0x0B, 0xF0, 0x00, 0xFD, 0x00, 0x03, 0xF8, 0x00, 0x7F,
    0x00, 0x01, 0xFC, 0x00, 0x2F, 0xC0, 0x00, 0xBF, 0x00, 0x0F, 0xE0, 0x00, 0x2F, 0xC0, 0x03, 0xF4,
    0x74, 0x0B, 0xE0, 0x01, 0xFC, 0x2C, 0x01, 0xFC, 0x01, 0xFF, 0x0E, 0x00, 0x3F, 0x42, 0xEF, 0xCB,
    0x00, 0x01, 0xFF, 0x80, 0xBE, 0x00, 0x00, 0x00, 0xBC, 0x00, 0x00, 0x00, 0x07, 0xF8, 0x00, 0x00,
    0x00, 0x3F, 0xE0, 0x00, 0x00, 0x00, 0xFF, 0x40, 0x0C, 0x00, 0x02, 0xF8, 0x01, 0xE0, 0x00, 0x01,
    0xBF, 0xF9, 0x00, 0x00, 0x00, 0x00, 0x00, 0x00, 0x00, 0x00, 0x00, 0x00, 0x01, 0xFD, 0x00, 0x00,
    0xA0, 0x2D, 0x7E, 0x00, 0x0B, 0xE1, 0xD1, 0xFC, 0x00, 0x3F, 0x4F, 0x0B, 0xF0, 0x01, 0xFC, 0x74,
    0x3F, 0x80, 0x0B, 0xF0, 0x01, 0xFC, 0x00, 0x3F, 0x80, 0x0B, 0xF0, 0x00, 0xFD, 0x00, 0x3F, 0x80,
    0x07, 0xF0, 0x01, 0xFC, 0x00, 0x2F, 0xC0, 0x0B, 0xF0, 0x00, 0xFE, 0x00, 0x2F, 0xC0, 0x03, 0xF4,
    0x00, 0xBE, 0x00, 0x1F, 0xC0, 0x01, 0xFC, 0x00, 0xFF, 0x00, 0x03, 0xF4, 0x1F, 0xF8, 0x00, 0x01,
    0xBF, 0xEF, 0xD0, 0x00, 0x00, 0x00, 0x7F, 0x00, 0x00, 0x00, 0x02, 0xF8, 0x00, 0x2F, 0x00, 0x0F,
    0xC0, 0x01, 0xFD, 0x00, 0xFD, 0x00, 0x07, 0xF0, 0x0B, 0xD0, 0x00, 0x0F, 0x81, 0xFC, 0x00, 0x00,
    0x0B, 0xFE, 0x40, 0x00, 0x00, 0x00, 0x7F, 0x40, 0x00, 0xF0, 0x00, 0xB5, 0xF8, 0x00, 0xFE, 0x00,
    0xB4, 0x7F, 0x00, 0x3F, 0x40, 0x3C, 0x2F, 0xC0, 0x1F, 0xC0, 0x1D, 0x0F, 0xE0, 0x0B, 0xF0, 0x00,
    0x07, 0xF0, 0x03, 0xF8, 0x00, 0x02, 0xFC, 0x00, 0xFD, 0x00, 0x00, 0xFE, 0x00, 0x7F, 0x00, 0x00,
    0x7F, 0x00, 0x2F, 0xC0, 0x00, 0x2F, 0xC0, 0x0F, 0xE0, 0x00, 0x0B, 0xF0, 0x03, 0xF4, 0x74, 0x02,
    0xF8, 0x01, 0xFC, 0x2C, 0x00, 0x7E, 0x00, 0xFF, 0x0F, 0x00, 0x0F, 0xD1, 0xFF, 0xCB, 0x00, 0x00,
    0x7F, 0xF0, 0xBF, 0x00, 0x00, 0x00, 0x0C, 0x00, 0x00, 0x00, 0x00, 0x07, 0x00, 0x00, 0x00, 0x00,
    0x0B, 0x40, 0x00, 0x07, 0xFF, 0xFF, 0x80, 0x00, 0x01, 0xFF, 0xFF, 0x80, 0x00, 0x00, 0x1F, 0xFE,
    0x40, 0x00, 0x00, 0x00, 0x00, 0x00, 0x1B, 0xF8, 0x00, 0x01, 0xBF, 0x90, 0x00, 0x00, 0x1F, 0xD0,
    0xF0, 0x00, 0xBC, 0x1F, 0xC0, 0x00, 0x0B, 0xE0, 0x3F, 0x40, 0x1F, 0xC0, 0x7F, 0x00, 0x02, 0xFC,
    0x0B, 0xF4, 0x02, 0xFC, 0x03, 0xF8, 0x00, 0xBF, 0x40, 0x3E, 0x00, 0x1F, 0x40, 0x3F, 0xC0, 0x1F,
    0xE0, 0x00, 0x00, 0x00, 0x00, 0x03, 0xFC, 0x03, 0xFD, 0x00, 0x00, 0x00, 0x00, 0x00, 0x3F, 0xD0,
    0x7F, 0xC0, 0x00, 0x00, 0x00, 0x00, 0x03, 0xFD, 0x0F, 0xF8, 0x00, 0x00, 0x00, 0x00, 0x00, 0x3F,
    0xD1, 0xFF, 0x00, 0x00, 0x00, 0x00, 0x00, 0x07, 0xFD, 0x2F, 0xF0, 0x00, 0x00, 0x00, 0x00, 0x00,
    0xBF, 0xC3, 0xFE, 0x00, 0x00, 0x00, 0x00, 0x00, 0x0F, 0xFC, 0x3F, 0xD0, 0x00, 0x3F, 0xFF, 0x40,
    0x00, 0xFF, 0xC7, 0xFC, 0x00, 0x03, 0xFF, 0xF4, 0x00, 0x1F, 0xF4, 0xBF, 0xC0, 0x00, 0x0B, 0xF4,
    0x00, 0x02, 0xFF, 0x0F, 0xFC, 0x00, 0x00, 0xFF, 0x00, 0x00, 0x3F, 0xE0, 0xFF, 0x80, 0x00, 0x0F,
    0xF0, 0x00, 0x07, 0xFD, 0x0F, 0xF8, 0x00, 0x01, 0xFE, 0x00, 0x00, 0xBF, 0x80, 0xFF, 0x40, 0x00,
    0x3F, 0xD0, 0x00, 0x0F, 0xF0, 0x0B, 0xF4, 0x00, 0x03, 0xFC, 0x00, 0x02, 0xFD, 0x00, 0x7F, 0x80,
    0x00, 0x7F, 0xC0, 0x00, 0x7F, 0x80, 0x02, 0xFC, 0x00, 0x0B, 0xFC, 0x00, 0x0F, 0xE0, 0x00, 0x0F,
    0xE0, 0x17, 0xD2, 0xE4, 0x0B, 0xF4, 0x00, 0x00, 0x1B, 0xFF, 0x80, 0x02, 0xFF, 0xE4, 0x00, 0x00,
    0x00, 0x00, 0x00, 0x00, 0x00, 0x00, 0x02, 0xD0, 0x00, 0x3C, 0x00, 0x07, 0xF4, 0x00, 0x0F, 0xC0,
    0x07, 0xF4, 0x00, 0x02, 0xFC, 0x07, 0xF0, 0x00, 0x00, 0x3F, 0x03, 0xF8, 0x00, 0x00, 0x0F, 0xD2,
    0xFC, 0x01, 0xF0, 0x03, 0xF8, 0xFE, 0x00, 0xFD, 0x00, 0xFD, 0x3F, 0x40, 0x7F, 0x00, 0x7F, 0x1F,
    0xC0, 0x1F, 0xC0, 0x2F, 0xC7, 0xF0, 0x0B, 0xE0, 0x0F, 0xD1, 0xF8, 0x02, 0xF0, 0x07, 0xF0, 0x3E,
    0x00, 0xB8, 0x03, 0xF0, 0x0F, 0x80, 0x3C, 0x02, 0xF4, 0x01, 0xF0, 0x7B, 0x82, 0xF0, 0x00, 0x0B,
    0xF4, 0x2F, 0xD0, 0x00, 0x00, 0x0F, 0xFF, 0xFF, 0xC0, 0x00, 0x00, 0x0F, 0xFF, 0xFF, 0xC0, 0x00,
    0x00, 0x00, 0x3F, 0xC0, 0x00, 0x00, 0x07, 0xFF, 0xFF, 0xFF, 0xFF, 0xFC, 0x0B, 0xFF, 0xFF, 0xFF,
    0xFF, 0xFC, 0x0F, 0x80, 0xFF, 0x40, 0x01, 0xFC, 0x1D, 0x00, 0xFF, 0x00, 0x00, 0x7C, 0x28, 0x01,
    0xFF, 0x00, 0x00, 0x38, 0x00, 0x02, 0xFE, 0x00, 0x00, 0x00, 0x00, 0x03, 0xFD, 0x00, 0x00, 0x00,
    0x00, 0x03, 0xFC, 0x00, 0x00, 0x00, 0x00, 0x07, 0xFC, 0x00, 0x00, 0x00, 0x00, 0x0B, 0xFF, 0xFF,
    0xFE, 0x40, 0x00, 0x0F, 0xF9, 0x00, 0x2F, 0xF4, 0x00, 0x0F, 0xF0, 0x00, 0x0B, 0xFC, 0x00, 0x1F,
    0xF0, 0x00, 0x03, 0xFE, 0x00, 0x2F, 0xE0, 0x00, 0x03, 0xFE, 0x00, 0x3F, 0xD0, 0x00, 0x03, 0xFE,
    0x00, 0x3F, 0xC0, 0x00, 0x07, 0xFD, 0x00, 0x7F, 0xC0, 0x00, 0x0F, 0xFC, 0x00, 0xBF, 0x80, 0x00,
    0x1F, 0xF4, 0x00, 0xBF, 0x40, 0x00, 0x3F, 0xF0, 0x00, 0xFF, 0x00, 0x02, 0xFF, 0xC0, 0xBF, 0xFF,
    0xFF, 0xFF, 0xFE, 0x00, 0xFF, 0xFF, 0xFF, 0xFF, 0x90, 0x00, 0x00, 0x00, 0x00, 0x00, 0x00, 0x00,
    0x00, 0x2F, 0x80, 0x6F, 0xE0, 0x00, 0x00, 0x0E, 0x3F, 0x3D, 0x0F, 0xD0, 0x00, 0x02, 0xC3, 0xFE,
    0x00, 0x7F, 0x00, 0x00, 0x3C, 0x3F, 0xC0, 0x0B, 0xF0, 0x00, 0x07, 0x47, 0xF4, 0x00, 0xBF, 0x00,
    0x00, 0x00, 0xBF, 0x00, 0x0F, 0xFF, 0xF8, 0x00, 0x0F, 0xE0, 0x00, 0xFF, 0x42, 0xF8, 0x00, 0xFD,
    0x00, 0x1F, 0xC0, 0x0F, 0xD0, 0x1F, 0xC0, 0x02, 0xFC, 0x00, 0xFE, 0x02, 0xFC, 0x00, 0x3F, 0x80,
    0x1F, 0xD0, 0x3F, 0x80, 0x03, 0xF4, 0x02, 0xFD, 0x03, 0xF4, 0x00, 0x3F, 0x00, 0x3F, 0xC0, 0x7F,
    0x00, 0x03, 0xF0, 0x07, 0xF0, 0x0B, 0xF0, 0x00, 0x1F, 0x81, 0xFC, 0x00, 0x7D, 0x00, 0x00, 0x2F,
    0xF9, 0x00, 0x00, 0x00, 0x00, 0x00, 0x00, 0x00, 0x01, 0xBF, 0xE4, 0x03, 0x40, 0x07, 0xFF, 0xFF,
    0xF0, 0x00, 0x1F, 0xFF, 0xFF, 0x83, 0xD0, 0x01, 0xFF, 0xFF, 0xFC, 0x00, 0x7F, 0xF9, 0x00, 0xBF,
    0xF0, 0x00, 0x01, 0xFF, 0x00, 0x00, 0xBF, 0xE0, 0x00, 0x0B, 0xFC, 0x00, 0x00, 0xBF, 0xC0, 0x00,
    0xBF, 0xD0, 0x00, 0x00, 0xFE, 0x00, 0x00, 0x3F, 0xE0, 0x00, 0x7F, 0xD0, 0x00, 0x00, 0x1F, 0x40,
    0x00, 0x0F, 0xF4, 0x00, 0x7F, 0xE0, 0x00, 0x00, 0x03, 0xC0, 0x00, 0x07, 0xFC, 0x00, 0x3F, 0xF0,
    0x00, 0x00, 0x00, 0xF0, 0x00, 0x02, 0xFE, 0x00, 0x1F, 0xF8, 0x00, 0x00, 0x00, 0x24, 0x00, 0x00,
    0xFF, 0x40, 0x0F, 0xFC, 0x00, 0x00, 0x00, 0x00, 0x00, 0x00, 0x3F, 0xC0, 0x07, 0xFE, 0x00, 0x00,
    0x00, 0x00, 0x00, 0x00, 0x1F, 0xFF, 0xFF, 0xFF, 0xAF, 0xFE, 0x41, 0x90, 0x00, 0x00, 0x0B, 0xFF,
    0xFF, 0xFF, 0xFF, 0xFF, 0xFF, 0xF0, 0x00, 0x00, 0x03, 0xFE, 0x00, 0x3F, 0xF0, 0x6F, 0xFF, 0xD0,
    0x00, 0x00, 0x00, 0xFF, 0x40, 0x0F, 0xF8, 0x00, 0xBF, 0x40, 0x00, 0x00, 0x00, 0x7F, 0xC0, 0x03,
    0xFE, 0x00, 0x00, 0x00, 0x00, 0x00, 0x00, 0x2F, 0xF0, 0x00, 0xFF, 0x80, 0x00, 0x00, 0x00, 0x00,
    0x00, 0x0F, 0xF8, 0x00, 0x3F, 0xE0, 0x00, 0x00, 0x01, 0xD0, 0x00, 0x03, 0xFD, 0x00, 0x0B, 0xFC,
    0x00, 0x00, 0x00, 0xF0, 0x00, 0x01, 0xFF, 0x00, 0x01, 0xFF, 0x40, 0x00, 0x00, 0xB8, 0x00, 0x00,
    0xBF, 0xC0, 0x00, 0x2F, 0xF4, 0x00, 0x01, 0xF8, 0x00, 0x00, 0x3F, 0xE0, 0x00, 0x03, 0xFF, 0x90,
    0x07, 0xF8, 0x00, 0x0B, 0xFF, 0xFF, 0xE0, 0x00, 0x1F, 0xFF, 0xFF, 0xE0, 0x00, 0x02, 0xFF, 0xFF,
    0xF8, 0x00, 0x00, 0x6F, 0xFE, 0x40, 0x00, 0x00, 0x00, 0x00, 0x00, 0x00, 0x00, 0x00, 0x00, 0x2F,
    0x80, 0x00, 0x02, 0xFF, 0xE0, 0x0E, 0x3F, 0x00, 0x02, 0xF4, 0x07, 0xC1, 0xC3, 0xF4, 0x00, 0xFD,
    0x00, 0xFD, 0x38, 0x3F, 0x40, 0x3F, 0x80, 0x1F, 0xD7, 0x47, 0xF4, 0x0B, 0xF0, 0x00, 0xF8, 0x00,
    0xBF, 0x00, 0xFE, 0x00, 0x00, 0x00, 0x0F, 0xF0, 0x2F, 0xD0, 0x00, 0x00, 0x00, 0xFF, 0xFF, 0xFF,
    0xFF, 0x80, 0x00, 0x1F, 0xD0, 0x3F, 0x80, 0x00, 0x00, 0x02, 0xFC, 0x07, 0xF4, 0x00, 0x00, 0x00,
    0x3F, 0x80, 0x7F, 0x40, 0x00, 0x00, 0x03, 0xF4, 0x03, 0xF4, 0x00, 0x02, 0x40, 0x7F, 0x00, 0x2F,
    0x80, 0x01, 0xF4, 0x0B, 0xF0, 0x00, 0xFD, 0x01, 0xFD, 0x00, 0x7D, 0x00, 0x01, 0xBF, 0xF9, 0x00,
    0x00, 0x00, 0x00, 0x00, 0x00, 0x3E, 0x00, 0x00, 0x00, 0x00, 0x00, 0x00, 0x00, 0x0F, 0xF0, 0x00,
    0x00, 0x00, 0x00, 0x00, 0x00, 0x02, 0xFF, 0x00, 0x00, 0x00, 0x00, 0x00, 0x00, 0x00, 0x7F, 0xF8,
    0x00, 0x00, 0x00, 0x00, 0x00, 0x00, 0x0F, 0xFF, 0xC0, 0x00, 0x00, 0x00, 0x00, 0x00, 0x03, 0xFF,
    0xFC, 0x00, 0x00, 0x00, 0x00, 0x00, 0x00, 0xBC, 0xBF, 0xD0, 0x00, 0x00, 0x00, 0x00, 0x00, 0x1F,
    0x43, 0xFE, 0x00, 0x00, 0x00, 0x00, 0x00, 0x07, 0xE0, 0x3F, 0xF0, 0x00, 0x00, 0x00, 0x00, 0x00,
    0xF8, 0x02, 0xFF, 0x40, 0x00, 0x00, 0x00, 0x00, 0x3F, 0x00, 0x1F, 0xF8, 0x00, 0x00, 0x00, 0x00,
    0x0B, 0xC0, 0x00, 0xFF, 0xC0, 0x00, 0x00, 0x00, 0x01, 0xF4, 0x00, 0x0F, 0xFC, 0x00, 0x00, 0x00,
    0x00, 0x3E, 0x00, 0x00, 0x7F, 0xE0, 0x00, 0x00, 0x00, 0x0F, 0xFF, 0xFF, 0xFF, 0xFF, 0x00, 0x00,
    0x00, 0x02, 0xFF, 0xFF, 0xFF, 0xFF, 0xF0, 0x00, 0x00, 0x00, 0x7E, 0x00, 0xFC, 0x02, 0xFF, 0x40,
    0x00, 0x00, 0x1F, 0x80, 0x1F, 0x80, 0x1F, 0xF8, 0x00, 0x00, 0x03, 0xE0, 0x02, 0xF4, 0x00, 0xFF,
    0xC0, 0x00, 0x00, 0xF8, 0x00, 0x3F, 0x00, 0x0B, 0xFD, 0x00, 0x00, 0x2F, 0x00, 0x07, 0xF0, 0x00,
    0x7F, 0xE0, 0x00, 0x0B, 0xC0, 0x00, 0xBE, 0x00, 0x03, 0xFF, 0x00, 0x7F, 0xFF, 0x00, 0xFF, 0xFD,
    0x02, 0xFF, 0xFF, 0xC7, 0xFF, 0xF0, 0x0F, 0xFF, 0xD0, 0x2F, 0xFF, 0xFC, 0x00, 0x00, 0x00, 0x7F,
    0xF8, 0x00, 0x00, 0x00, 0x03, 0xD0, 0x7F, 0x40, 0x00, 0x00, 0x0E, 0x00, 0x1F, 0xC0, 0x00, 0x00,
    0x3C, 0x00, 0x1F, 0xC0, 0x00, 0x00, 0xB4, 0x00, 0x2F, 0xC0, 0x00, 0x00, 0xE0, 0x00, 0x3F, 0x80,
    0x00, 0x02, 0xD0, 0x00, 0x3F, 0x40, 0x00, 0x03, 0xFF, 0xFF, 0xFF, 0x00, 0x00, 0x07, 0x43, 0xF0,
    0xBF, 0x00, 0x00, 0x0F, 0x03, 0xE0, 0xFE, 0x00, 0x2E, 0x0F, 0x07, 0xD0, 0xFD, 0x1D, 0xBF, 0x1D,
    0x0B, 0xC1, 0xFC, 0x3C, 0xBE, 0x3C, 0x0F, 0xC1, 0xFC, 0x38, 0x78, 0xB0, 0x0F, 0x80, 0xFC, 0xF0,
    0x1F, 0x80, 0x0F, 0x00, 0x2F, 0x80, 0x00, 0x00, 0x00, 0x00, 0x00, 0x00, 0x00, 0x00, 0x3E, 0x00,
    0x00, 0x00, 0x07, 0xFF, 0xFF, 0xF0, 0x00, 0x00, 0x00, 0x3F, 0xC0, 0x00, 0x00, 0x01, 0xFF, 0xFF,
    0xFC, 0x00, 0x00, 0x00, 0x2F, 0xF0, 0x00, 0x00, 0x00, 0x01, 0xFF, 0x00, 0x00, 0x00, 0x00, 0x1F,
    0xFD, 0x00, 0x00, 0x00, 0x00, 0xBF, 0xC0, 0x00, 0x00, 0x00, 0x0F, 0xFF, 0x80, 0x00, 0x00, 0x00,
    0x3F, 0xE0, 0x00, 0x00, 0x00, 0x0F, 0xFF, 0xF0, 0x00, 0x00, 0x00, 0x0F, 0xF4, 0x00, 0x00, 0x00,
    0x0B, 0xCB, 0xFC, 0x00, 0x00, 0x00, 0x07, 0xFC, 0x00, 0x00, 0x00, 0x0B, 0xD1, 0xFF, 0x40, 0x00,
    0x00, 0x02, 0xFF, 0x00, 0x00, 0x00, 0x07, 0xD0, 0x3F, 0xF0, 0x00, 0x00, 0x00, 0xFF, 0x40, 0x00,
    0x00, 0x03, 0xE0, 0x0B, 0xFC, 0x00, 0x00, 0x00, 0x3F, 0xC0, 0x00, 0x00, 0x03, 0xE0, 0x01, 0xFF,
    0x40, 0x00, 0x00, 0x1F, 0xF0, 0x00, 0x00, 0x02, 0xF0, 0x00, 0x3F, 0xE0, 0x00, 0x00, 0x0B, 0xF8,
    0x00, 0x00, 0x01, 0xF0, 0x00, 0x0F, 0xFC, 0x00, 0x00, 0x03, 0xFF, 0xFF, 0xFF, 0xFF, 0xFF, 0xFF,
    0xFF, 0xFF, 0x00, 0x00, 0x00, 0xFF, 0xFF, 0xFF, 0xFF, 0xFF, 0xFF, 0xFF, 0xFF, 0xD0, 0x00, 0x00,
    0x7F, 0xC0, 0x00, 0x00, 0x7C, 0x03, 0xF0, 0x0F, 0xF8, 0x00, 0x00, 0x2F, 0xF0, 0x00, 0x00, 0x3D,
    0x01, 0xF8, 0x03, 0xFF, 0x00, 0x00, 0x0F, 0xF8, 0x00, 0x00, 0x2E, 0x00, 0xBD, 0x00, 0xBF, 0xC0,
    0x00, 0x03, 0xFD, 0x00, 0x00, 0x1F, 0x00, 0x3F, 0x40, 0x1F, 0xF4, 0x00, 0x01, 0xFF, 0x00, 0x00,
    0x0F, 0x00, 0x0F, 0xC0, 0x03, 0xFE, 0x00, 0x00, 0xBF, 0xC0, 0x00, 0x0F, 0x80, 0x07, 0xF0, 0x00,
    0xFF, 0xC0, 0x00, 0x3F, 0xE0, 0x00, 0x07, 0xC0, 0x02, 0xF8, 0x00, 0x2F, 0xF0, 0x00, 0x1F, 0xF8,
    0x00, 0x0B, 0xD0, 0x00, 0xFE, 0x00, 0x0B, 0xFE, 0x02, 0xFF, 0xFF, 0xF8, 0xBF, 0xFD, 0x07, 0xFF,
    0xF4, 0x1F, 0xFF, 0xFD, 0x00, 0x00, 0x00, 0x00, 0x00, 0x00, 0x00, 0x00, 0x00, 0xBE, 0x00, 0x00,
    0x00, 0x0B, 0xFF, 0x80, 0x00, 0xE3, 0xF0, 0x00, 0x00, 0x1E, 0x01, 0xFD, 0x00, 0x70, 0xFD, 0x00,
    0x00, 0x1E, 0x00, 0x2F, 0xC0, 0x3C, 0x3F, 0x40, 0x00, 0x0E, 0x00, 0x0B, 0xF0, 0x1E, 0x1F, 0xD0,
    0x00, 0x0F, 0x00, 0x03, 0xF8, 0x07, 0x4B, 0xF0, 0x00, 0x07, 0x40, 0x00, 0xFD, 0x00, 0x03, 0xFC,
    0x00, 0x03, 0xC0, 0x00, 0x7F, 0x00, 0x00, 0xFF, 0xFF, 0xFF, 0xFF, 0xFF, 0xFF, 0xC0, 0x00, 0x7F,
    0x40, 0x00, 0xB0, 0x3E, 0x0F, 0xE0, 0x00, 0x2F, 0xC0, 0x00, 0x3C, 0x1F, 0x43, 0xF4, 0x00, 0x0F,
    0xF0, 0x3E, 0x1E, 0x0B, 0xC1, 0xFC, 0x2C, 0x03, 0xF4, 0x3F, 0xCB, 0x03, 0xF0, 0xBF, 0x0F, 0x01,
    0xFC, 0x0F, 0xD3, 0x80, 0xF8, 0x2F, 0x87, 0x40, 0xBF, 0x02, 0xD3, 0xC0, 0x7D, 0x07, 0xE3, 0xC0,
    0x1F, 0x00, 0x2F, 0x80, 0x1E, 0x00, 0x2F, 0x80, 0x00, 0x00, 0x00, 0x1F, 0xFF, 0xFF, 0xFF, 0xFF,
    0xE0, 0x00, 0x00, 0x00, 0x0F, 0xFF, 0xFF, 0xFF, 0xFF, 0x80, 0x00, 0x00, 0x00, 0x07, 0xFC, 0x00,
    0x00, 0x0E, 0x00, 0x00, 0x00, 0x00, 0x03, 0xFD, 0x00, 0x00, 0x3C, 0x00, 0x00, 0x00, 0x00, 0x01,
    0xFF, 0x00, 0x00, 0xF0, 0x00, 0x00, 0x00, 0x00, 0x00, 0xFF, 0x40, 0x03, 0xC0, 0x00, 0x00, 0x00,
    0x00, 0x00, 0x7F, 0xC0, 0x0F, 0x00, 0x00, 0x00, 0x00, 0x00, 0x00, 0x3F, 0xD0, 0x3C, 0x00, 0x00,
    0x00, 0x00, 0x00, 0x00, 0x1F, 0xF0, 0xF0, 0x00, 0x00, 0x00, 0x00, 0x00, 0x00, 0x0F, 0xFB, 0xC0,
    0x00, 0x00, 0x00, 0x00, 0x00, 0x01, 0x6F, 0xFF, 0xA4, 0x00, 0x00, 0x00, 0x00, 0x00, 0x2F, 0xFF,
    0xFF, 0xFF, 0x80, 0x00, 0x00, 0x00, 0x02, 0xFF, 0x4B, 0xFC, 0x6F, 0xF0, 0x00, 0x00, 0x00, 0x0B,
    0xF8, 0x0F, 0xF8, 0x0B, 0xF8, 0x00, 0x00, 0x00, 0x2F, 0xE0, 0x0F, 0xF4, 0x07, 0xFC, 0x00, 0x00,
    0x00, 0x7F, 0xC0, 0x1F, 0xF0, 0x03, 0xFD, 0x00, 0x00, 0x01, 0xFF, 0x00, 0x2F, 0xF0, 0x02, 0xFE,
    0x00, 0x00, 0x07, 0xFC, 0x00, 0x3F, 0xE0, 0x01, 0xFF, 0x00, 0x00, 0x0F, 0xF4, 0x00, 0x3F, 0xD0,
    0x00, 0xFF, 0x40, 0x00, 0x3F, 0xD0, 0x00, 0x7F, 0xC0, 0x00, 0xBF, 0xC0, 0x01, 0xFF, 0x80, 0x00,
    0xBF, 0xC0, 0x00, 0x7F, 0xD0, 0x3F, 0xFF, 0xF8, 0x0B, 0xFF, 0xF4, 0x0F, 0xFF, 0xFE, 0x3F, 0xFF,
    0xF8, 0x0B, 0xFF, 0xF4, 0x0F, 0xFF, 0xFE, 0x00, 0x00, 0x00, 0x00, 0x00, 0x00, 0x00, 0x00, 0x00,
    0x1F, 0xFF, 0xFF, 0xFF, 0xF0, 0x00, 0x00, 0x02, 0xFC, 0x00, 0x01, 0xE0, 0x00, 0x00, 0x00, 0x2F,
    0xC0, 0x02, 0xD0, 0x00, 0x00, 0x00, 0x03, 0xF8, 0x03, 0xC0, 0x00, 0x00, 0x00, 0x00, 0x3F, 0x83,
    0x80, 0x00, 0x00, 0x00, 0x00, 0x03, 0xFB, 0x40, 0x00, 0x00, 0x00, 0x00, 0x6F, 0xFF, 0xFE, 0x40,
    0x00, 0x00, 0x02, 0xFE, 0x6F, 0xC7, 0xFC, 0x00, 0x00, 0x02, 0xFD, 0x0F, 0xF0, 0x3F, 0x80, 0x02,
    0xC0, 0xFD, 0x03, 0xF4, 0x0F, 0xE0, 0x70, 0xF0, 0xBF, 0x01, 0xFC, 0x03, 0xF4, 0x3C, 0x38, 0x3F,
    0x40, 0xBF, 0x00, 0xFD, 0x0D, 0x0F, 0x2F, 0x40, 0x2F, 0x80, 0x1F, 0x4F, 0x00, 0xFE, 0x00, 0x0B,
    0xC0, 0x01, 0xFE, 0x00, 0x00, 0x1F, 0xFF, 0xFF, 0xC0, 0x00, 0x7F, 0xFF, 0xFF, 0xFF, 0xFF, 0x40,
    0x00, 0x7F, 0xFF, 0xFF, 0x00, 0x00, 0xFF, 0xFF, 0xFF, 0xFF, 0xF8, 0x00, 0x00, 0x07, 0xFC, 0x00,
    0x00, 0x02, 0xFF, 0x00, 0x00, 0x03, 0x80, 0x00, 0x00, 0x2F, 0xF0, 0x00, 0x00, 0x03, 0xFD, 0x00,
    0x00, 0x38, 0x00, 0x00, 0x00, 0xFF, 0x80, 0x00, 0x00, 0x0B, 0xFC, 0x00, 0x03, 0x80, 0x00, 0x00,
    0x03, 0xFD, 0x00, 0x00, 0x00, 0x0F, 0xF4, 0x00, 0x38, 0x00, 0x00, 0x00, 0x1F, 0xF0, 0x00, 0x00,
    0x00, 0x1F, 0xF0, 0x07, 0x80, 0x00, 0x00, 0x00, 0xBF, 0xC0, 0x00, 0x00, 0x00, 0x3F, 0xD0, 0x78,
    0x00, 0x00, 0x00, 0x03, 0xFE, 0x00, 0x00, 0x00, 0x00, 0x7F, 0xC7, 0x80, 0x00, 0x00, 0x00, 0x0F,
    0xF4, 0x00, 0x00, 0x00, 0x00, 0xFF, 0xF8, 0x00, 0x00, 0x00, 0x00, 0x7F, 0xFF, 0xFF, 0xFF, 0xFF,
    0xFF, 0xFF, 0xFE, 0x40, 0x00, 0x00, 0x02, 0xFF, 0xFF, 0xFF, 0xFF, 0xFF, 0xFF, 0xFF, 0xFF, 0xC0,
    0x00, 0x00, 0x0F, 0xF8, 0x00, 0x00, 0x07, 0xFD, 0x2F, 0xF1, 0xBF, 0xC0, 0x00, 0x00, 0x3F, 0xD0,
    0x00, 0x00, 0xBF, 0x80, 0xFF, 0x80, 0xFF, 0x40, 0x00, 0x01, 0xFF, 0x00, 0x00, 0x0B, 0xF8, 0x03,
    0xFD, 0x01, 0xFF, 0x00, 0x00, 0x0B, 0xFC, 0x00, 0x00, 0x7F, 0xC0, 0x1F, 0xF0, 0x03, 0xFC, 0x00,
    0x00, 0x3F, 0xE0, 0x00, 0x07, 0xFC, 0x00, 0xBF, 0xC0, 0x0F, 0xF8, 0x00, 0x00, 0xFF, 0x40, 0x00,
    0x3F, 0xC0, 0x03, 0xFE, 0x00, 0x1F, 0xF0, 0x00, 0x07, 0xFC, 0x00, 0x03, 0xFD, 0x00, 0x0F, 0xF4,
    0x00, 0x3F, 0xD0, 0x00, 0x2F, 0xF0, 0x00, 0x3F, 0xD0, 0x00, 0x7F, 0xC0, 0x00, 0xBF, 0xC0, 0x00,
    0xFF, 0x80, 0x07, 0xFE, 0x00, 0x02, 0xFF, 0x00, 0x02, 0xFF, 0x42, 0xFF, 0xFF, 0xFF, 0xFF, 0xFF,
    0x80, 0xBF, 0xFF, 0x00, 0xFF, 0xFF, 0xEB, 0xFF, 0xFF, 0xEF, 0xFF, 0xFE, 0x02, 0xFF, 0xFC, 0x03,
    0xFF, 0xFF, 0x80, 0x00, 0x00, 0x00, 0x00, 0x00, 0x00, 0x00, 0x00, 0x00, 0x00, 0xBE, 0x00, 0x00,
    0x2F, 0xFF, 0xFF, 0xFF, 0xE0, 0x00, 0xE3, 0xF0, 0x00, 0x03, 0xF8, 0x00, 0x02, 0xD0, 0x00, 0xB0,
    0xFD, 0x00, 0x00, 0x3F, 0x80, 0x02, 0xD0, 0x00, 0x38, 0x7F, 0x40, 0x00, 0x03, 0xF4, 0x03, 0xC0,
    0x00, 0x1D, 0x2F, 0xC0, 0x00, 0x00, 0x7F, 0x47, 0x80, 0x00, 0x00, 0x0F, 0xF0, 0x00, 0x00, 0x07,
    0xFB, 0x40, 0x00, 0x00, 0x03, 0xFF, 0xFF, 0xFF, 0xFF, 0xFF, 0xF9, 0x00, 0x00, 0x01, 0xFD, 0x00,
    0x02, 0xFE, 0x7F, 0x9B, 0xF8, 0x00, 0x00, 0xBF, 0x00, 0x03, 0xFC, 0x0F, 0xD0, 0x7F, 0x40, 0x00,
    0x3F, 0xC3, 0x82, 0xFC, 0x07, 0xF0, 0x0F, 0xD0, 0xB0, 0x0F, 0xE0, 0xE0, 0xFE, 0x02, 0xFC, 0x03,
    0xF0, 0x38, 0x07, 0xF4, 0x34, 0x7F, 0x00, 0xFE, 0x00, 0xFC, 0x2C, 0x02, 0xFC, 0x0E, 0x3F, 0x40,
    0x3F, 0x40, 0x2F, 0x1E, 0x00, 0x7D, 0x01, 0xFD, 0x00, 0x0F, 0x80, 0x01, 0xFD, 0x00, 0x00, 0x00,
    0x00, 0xA0, 0x01, 0xF0, 0x00, 0x00, 0x02, 0xF0, 0x1F, 0x80, 0x00, 0x00, 0x03, 0xF1, 0xF0, 0x00,
    0x00, 0x00, 0x03, 0xFF, 0x00, 0x00, 0x00, 0x00, 0x07, 0xF0, 0x00, 0x00, 0x00, 0x01, 0xFF, 0xF9,
    0x00, 0x00, 0x00, 0xBF, 0xAA, 0xFE, 0x00, 0x00, 0x0B, 0xD0, 0x01, 0xFC, 0x00, 0x00, 0xBF, 0x00,
    0x03, 0xF4, 0x00, 0x03, 0xFE, 0x00, 0x0F, 0xD0, 0x00, 0x1F, 0xF4, 0x00, 0x3F, 0x40, 0x00, 0x7F,
    0xC0, 0x01, 0xFC, 0x00, 0x00, 0x68, 0x00, 0x0F, 0xE0, 0x00, 0x00, 0x00, 0x00, 0x7F, 0x00, 0x00,
    0x00, 0x00, 0x07, 0xF4, 0x00, 0x00, 0x00, 0x00, 0xBE, 0x00, 0x00, 0x00, 0x03, 0xFF, 0xC0, 0x00,
    0x00, 0x00, 0x00, 0x06, 0xE0, 0x00, 0x00, 0x00, 0x00, 0x02, 0xE0, 0x00, 0x00, 0x00, 0x00, 0x03,
    0xD0, 0x00, 0x00, 0x00, 0x00, 0x0F, 0x40, 0x00, 0x00, 0x00, 0x00, 0x7D, 0x00, 0x00, 0x00, 0x00,
    0x02, 0xF4, 0x00, 0x00, 0x00, 0x00, 0x2F, 0xC0, 0x00, 0x00, 0x00, 0x07, 0xFD, 0x00, 0x00, 0x00,
    0x02, 0xFF, 0xE0, 0x00, 0x00, 0x06, 0xFF, 0xFE, 0x00, 0x00, 0x06, 0xFF, 0xFF, 0x80, 0x00, 0x02,
    0xFF, 0xFF, 0x90, 0x00, 0x00, 0x7F, 0xFF, 0x90, 0x00, 0x00, 0x03, 0xFF, 0x90, 0x00, 0x00, 0x00,
    0x1F, 0xC0, 0x00, 0x00, 0x00, 0x00, 0x7C, 0x00, 0x00, 0x00, 0x00, 0x00, 0xB8, 0x00, 0x00, 0x00,
    0x00, 0x00, 0x00, 0x00, 0x00, 0x00, 0x00, 0x00, 0x00, 0x00, 0x00, 0x00, 0x00, 0x00, 0x1E, 0x00,
    0x7C, 0x00, 0x00, 0x78, 0x3D, 0x00, 0x00, 0x01, 0xFE, 0x00, 0x00, 0x01, 0xFF, 0xF4, 0x00, 0x00,
    0xFC, 0x07, 0xF0, 0x00, 0x2F, 0xC0, 0x2F, 0x40, 0x02, 0xF4, 0x01, 0xF4, 0x00, 0x00, 0x00, 0x2F,
    0x00, 0x00, 0x00, 0x03, 0xE0, 0x00, 0x00, 0x01, 0xFC, 0x00, 0x00, 0x03, 0xFE, 0x00, 0x00, 0x00,
    0x01, 0xF0, 0x00, 0x00, 0x00, 0x03, 0xC0, 0x00, 0x00, 0x00, 0x3C, 0x00, 0x00, 0x00, 0x03, 0xC0,
    0x00, 0x00, 0x00, 0xFC, 0x00, 0x00, 0x00, 0xBF, 0xC0, 0x00, 0x06, 0xFF, 0xF0, 0x00, 0x2F, 0xFF,
    0xFD, 0x00, 0x0F, 0xFF, 0xFF, 0x40, 0x02, 0xFF, 0xFF, 0x80, 0x00, 0x3F, 0xF9, 0x00, 0x00, 0x03,
    0xF0, 0x00, 0x00, 0x00, 0x3D, 0x74, 0x00, 0x00, 0x01, 0xFD, 0x00, 0x00, 0x00, 0x00, 0x07, 0xFF,
    0xFF, 0xFD, 0x00, 0x00, 0x0B, 0xFF, 0xFF, 0xFC, 0x00, 0x00, 0x00, 0x0B, 0xF8, 0x00, 0x00, 0x00,
    0x00, 0x0F, 0xF4, 0x00, 0x00, 0x00, 0x00, 0x0F, 0xF0, 0x00, 0x00, 0xBF, 0xC0, 0x1F, 0xF0, 0x07,
    0xFD, 0x3F, 0xE0, 0x2F, 0xE0, 0x1F, 0xF0, 0x2F, 0xE0, 0x3F, 0xD0, 0x2F, 0xE0, 0x2F, 0xE0, 0x3F,
    0xC0, 0x3F, 0xC0, 0x3F, 0xD0, 0x3F, 0xC0, 0x7F, 0xC0, 0x3F, 0xC0, 0x7F, 0x80, 0xBF, 0x80, 0x3F,
    0xC0, 0xBF, 0x40, 0xFF, 0x00, 0x3F, 0xC0, 0xFF, 0x01, 0xFE, 0x00, 0x3F, 0x80, 0xFF, 0x03, 0xFC,
    0x00, 0x3F, 0xC1, 0xFE, 0x0F, 0xF4, 0x00, 0x2F, 0xC2, 0xFD, 0x7F, 0xD0, 0x00, 0x0F, 0xF3, 0xFF,
    0xFE, 0x00, 0x00, 0x02, 0xFF, 0xFE, 0x50, 0x00, 0x00, 0x00, 0x1F, 0xF8, 0x00, 0x00, 0x00, 0x00,
    0x0B, 0xF4, 0x00, 0x00, 0x00, 0x00, 0x0F, 0xF0, 0x00, 0x00, 0x00, 0x2F, 0xDF, 0xFF, 0xF0, 0x00,
    0x00, 0x3F, 0xFF, 0xFF, 0xF0, 0x00, 0x00, 0x00, 0x00, 0x00, 0x00, 0x00, 0x00, 0x00, 0x00, 0x01,
    0xFF, 0xC0, 0x00, 0x00, 0x00, 0x00, 0x7F, 0x00, 0x00, 0x00, 0x00, 0x02, 0xFC, 0x00, 0x00, 0x00,
    0x00, 0x0F, 0xE0, 0x00, 0x00, 0x00, 0x00, 0x3F, 0x40, 0x00, 0x00, 0x00, 0x01, 0xFC, 0x00, 0x00,
    0x00, 0x00, 0x0B, 0xF0, 0x00, 0x00, 0x00, 0x00, 0x3F, 0x80, 0x00, 0x07, 0xF4, 0x00, 0xFD, 0x1F,
    0x40, 0xB5, 0xF8, 0x07, 0xF0, 0xFF, 0x07, 0x47, 0xF0, 0x2F, 0xC3, 0xFC, 0x3C, 0x2F, 0xC0, 0xFE,
    0x0B, 0xF1, 0xE0, 0xFE, 0x03, 0xF4, 0x0B, 0xC1, 0x07, 0xF0, 0x1F, 0xC0, 0x1E, 0x00, 0x2F, 0xC0,
    0xBF, 0x00, 0x74, 0x00, 0xFD, 0x03, 0xF8, 0x03, 0xC0, 0x07, 0xF0, 0x0F, 0xD0, 0x0E, 0x00, 0x2F,
    0xC0, 0x7F, 0x00, 0xF0, 0x00, 0xBF, 0x02, 0xFC, 0x0B, 0x80, 0x01, 0xFC, 0x0B, 0xE0, 0x78, 0x00,
    0x03, 0xF4, 0x3F, 0x4B, 0x80, 0x00, 0x07, 0xF9, 0xFE, 0xF4, 0x00, 0x00, 0x01, 0xFF, 0xFE, 0x00,
    0x00, 0x00, 0x00, 0x2F, 0xC0, 0x00, 0x00, 0x00, 0x00, 0xFE, 0x00, 0x00, 0x00, 0x00, 0x03, 0xF4,
    0x00, 0x00, 0x00, 0x00, 0x1F, 0xC0, 0x00, 0x00, 0x00, 0x00, 0xFF, 0x00, 0x00, 0x00, 0x00, 0x3F,
    0xFF, 0x80, 0x00, 0x00, 0x00, 0x00, 0x06, 0xFF, 0xE4, 0x00, 0x00, 0x00, 0x7F, 0x40, 0x7F, 0x40,
    0x00, 0x03, 0xF8, 0x00, 0x0F, 0xD0, 0x00, 0x1F, 0xD0, 0x00, 0x07, 0xF0, 0x00, 0x7F, 0x80, 0x00,
    0x03, 0xFC, 0x00, 0xFF, 0x00, 0x00, 0x03, 0xFC, 0x03, 0xFD, 0x00, 0x00, 0x03, 0xFD, 0x07, 0xFC,
    0x00, 0x00, 0x03, 0xFD, 0x0F, 0xF8, 0x00, 0x00, 0x03, 0xFE, 0x1F, 0xF4, 0x00, 0x00, 0x03, 0xFD,
    0x3F, 0xF1, 0xBF, 0xE4, 0x07, 0xFD, 0x3F, 0xFF, 0xFF, 0xFF, 0xFF, 0xFC, 0x7F, 0xD0, 0x1B, 0xFE,
    0x8F, 0xFC, 0xBF, 0xC0, 0x00, 0x00, 0x0F, 0xF8, 0xBF, 0xC0, 0x00, 0x00, 0x2F, 0xF4, 0xBF, 0xC0,
    0x00, 0x00, 0x3F, 0xF0, 0xBF, 0xC0, 0x00, 0x00, 0x7F, 0xD0, 0xBF, 0xC0, 0x00, 0x00, 0xBF, 0x80,
    0x7F, 0xC0, 0x00, 0x00, 0xFF, 0x00, 0x3F, 0xC0, 0x00, 0x03, 0xFC, 0x00, 0x1F, 0xD0, 0x00, 0x0B,
    0xF0, 0x00, 0x0B, 0xF0, 0x00, 0x2F, 0x80, 0x00, 0x01, 0xFD, 0x02, 0xFD, 0x00, 0x00, 0x00, 0x1B,
    0xFE, 0x40, 0x00, 0x00, 0x00, 0x07, 0xFE, 0x00, 0x01, 0xF8, 0x2F, 0x40, 0x1F, 0x80, 0x3F, 0x01,
    0xFC, 0x00, 0xFE, 0x0F, 0xE0, 0x03, 0xF8, 0xBF, 0x00, 0x0F, 0xE3, 0xFF, 0xFF, 0xFF, 0x9F, 0xE0,
    0x02, 0xFD, 0x7F, 0x40, 0x0F, 0xF2, 0xFC, 0x00, 0x3F, 0x8B, 0xF0, 0x02, 0xFC, 0x1F, 0xC0, 0x0F,
    0xD0, 0x3F, 0x00, 0xBE, 0x00, 0x3E, 0x0B, 0xD0, 0x00, 0x2F, 0xF8, 0x00, 0x00, 0x00, 0x00, 0x00,
    0x00, 0x00, 0x07, 0xF8, 0xBF, 0xFF, 0xFC, 0x00, 0x00, 0x3C, 0x3E, 0xBF, 0xFF, 0xF8, 0x00, 0x00,
    0xF0, 0xFF, 0x03, 0xFF, 0x00, 0x00, 0x03, 0xC0, 0xFE, 0x03, 0xFF, 0x00, 0x00, 0x0B, 0x80, 0xB8,
    0x02, 0xFF, 0x00, 0x00, 0x0F, 0x00, 0x00, 0x01, 0xFF, 0x00, 0x00, 0x2D, 0x00, 0x00, 0x01, 0xFF,
    0x40, 0x00, 0x78, 0x00, 0x00, 0x00, 0xFF, 0x40, 0x00, 0xF0, 0x00, 0x00, 0x00, 0xFF, 0x80, 0x02,
    0xD0, 0x00, 0x00, 0x00, 0xFF, 0x80, 0x03, 0x80, 0x00, 0x00, 0x00, 0xFF, 0xC0, 0x0F, 0x00, 0x00,
    0x00, 0x00, 0xBF, 0xC0, 0x1D, 0x00, 0x00, 0x00, 0x00, 0x7F, 0xC0, 0x3C, 0x00, 0x00, 0x00, 0x00,
    0x7F, 0xD0, 0xB0, 0x00, 0x00, 0x00, 0x00, 0x3F, 0xD1, 0xE0, 0x00, 0x00, 0x00, 0x00, 0x3F, 0xE3,
    0xC0, 0x00, 0x00, 0x00, 0x00, 0x3F, 0xEB, 0x40, 0x00, 0x00, 0x00, 0x00, 0x3F, 0xFE, 0x00, 0x00,
    0x00, 0x00, 0x00, 0x2F, 0xFC, 0x00, 0x00, 0x00, 0x00, 0x00, 0x1F, 0xF4, 0x00, 0x00, 0x00, 0x00,
    0x00, 0x1F, 0xF0, 0x00, 0x00, 0x00, 0x00, 0x00, 0x0F, 0xC0, 0x00, 0x00, 0x00, 0x00, 0x00, 0x0F,
    0x40, 0x00, 0x00, 0x00, 0x00, 0x02, 0xF9, 0x00, 0x00, 0x07, 0xFC, 0x0E, 0x3F, 0x40, 0x00, 0x3D,
    0x7F, 0x2C, 0x2F, 0xC0, 0x00, 0xB0, 0xFF, 0x38, 0x1F, 0xC0, 0x01, 0xD0, 0xBC, 0x74, 0x1F, 0xD0,
    0x03, 0x80, 0x00, 0x00, 0x0F, 0xD0, 0x0B, 0x00, 0x00, 0x00, 0x0F, 0xE0, 0x1D, 0x00, 0x00, 0x00,
    0x0F, 0xF0, 0x38, 0x00, 0x00, 0x00, 0x0B, 0xF0, 0xF0, 0x00, 0x00, 0x00, 0x07, 0xF1, 0xD0, 0x00,
    0x00, 0x00, 0x07, 0xF7, 0x80, 0x00, 0x00, 0x00, 0x03, 0xFF, 0x00, 0x00, 0x00, 0x00, 0x03, 0xFD,
    0x00, 0x00, 0x00, 0x00, 0x03, 0xF8, 0x00, 0x00, 0x00, 0x00, 0x01, 0xF0, 0x00, 0x00, 0x00, 0x00,
    0x02, 0xD0, 0x3D, 0x00, 0x00, 0x00, 0x00, 0x0B, 0xF8, 0xFF, 0x80, 0x00, 0x00, 0x00, 0x0F, 0xFF,
    0xFF, 0xE0, 0x00, 0x00, 0x00, 0x07, 0xFF, 0xFF, 0xF8, 0x00, 0x00, 0x00, 0x00, 0x1B, 0x86, 0xF4,
    0x00, 0x00, 0x00, 0x00, 0x00, 0x00, 0x00, 0x00, 0x00, 0x00, 0x00, 0x00, 0x00, 0x00, 0x07, 0xF8,
    0xBF, 0xFF, 0xFC, 0x00, 0x00, 0x3C, 0x3E, 0xBF, 0xFF, 0xFC, 0x00, 0x00, 0xF0, 0xFF, 0x03, 0xFF,
    0x00, 0x00, 0x03, 0xC0, 0xFE, 0x03, 0xFF, 0x00, 0x00, 0x0B, 0x80, 0xB8, 0x02, 0xFF, 0x00, 0x00,
    0x0F, 0x00, 0x00, 0x01, 0xFF, 0x00, 0x00, 0x2D, 0x00, 0x00, 0x01, 0xFF, 0x40, 0x00, 0x78, 0x00,
    0x00, 0x00, 0xFF, 0x40, 0x00, 0xF0, 0x00, 0x00, 0x00, 0xFF, 0x80, 0x02, 0xD0, 0x00, 0x00, 0x00,
    0xFF, 0x80, 0x03, 0x80, 0x00, 0x00, 0x00, 0xFF, 0xC0, 0x0F, 0x00, 0x00, 0x00, 0x00, 0xBF, 0xC0,
    0x1D, 0x00, 0x00, 0x00, 0x00, 0x7F, 0xC0, 0x3C, 0x00, 0x00, 0x00, 0x00, 0x7F, 0xD0, 0xB0, 0x00,
    0x00, 0x00, 0x00, 0x3F, 0xD1, 0xE0, 0x00, 0x00, 0x00, 0x00, 0x3F, 0xE3, 0xC0, 0x00, 0x00, 0x00,
    0x00, 0x3F, 0xEB, 0x40, 0x00, 0x00, 0x00, 0x00, 0x3F, 0xFE, 0x00, 0x00, 0x00, 0x00, 0x00, 0x2F,
    0xFC, 0x00, 0x00, 0x00, 0x00, 0x00, 0x1F, 0xF4, 0x00, 0x00, 0x00, 0x00, 0x00, 0x1F, 0xF0, 0x00,
    0x00, 0x00, 0x00, 0x00, 0x0F, 0xC0, 0x00, 0x00, 0x00, 0x00, 0x00, 0x0F, 0x40, 0x00, 0x00, 0x00,
    0x00, 0x00, 0x07, 0xC0, 0x78, 0x00, 0x00, 0x00, 0x0F, 0xE0, 0xFE, 0x00, 0x00, 0x00, 0x0F, 0xF9,
    0xFF, 0x40, 0x00, 0x00, 0x0B, 0xFD, 0xFF, 0xC0, 0x00, 0x00, 0x00, 0xBF, 0x1F, 0xE0, 0x00, 0x00,
    0x00, 0x09, 0x01, 0x90, 0x00, 0x00, 0x00, 0x00, 0x00, 0x00, 0x00, 0x00, 0x00, 0x00, 0x00, 0x00,
    0x00, 0x02, 0xF9, 0x00, 0x00, 0x07, 0xFC, 0x0E, 0x3F, 0x40, 0x00, 0x3D, 0x7F, 0x2C, 0x2F, 0xC0,
    0x00, 0xB0, 0xFF, 0x38, 0x1F, 0xC0, 0x01, 0xD0, 0xBC, 0x74, 0x1F, 0xD0, 0x03, 0x80, 0x00, 0x00,
    0x0F, 0xD0, 0x0B, 0x00, 0x00, 0x00, 0x0F, 0xE0, 0x1D, 0x00, 0x00, 0x00, 0x0F, 0xF0, 0x38, 0x00,
    0x00, 0x00, 0x0B, 0xF0, 0xF0, 0x00, 0x00, 0x00, 0x07, 0xF1, 0xD0, 0x00, 0x00, 0x00, 0x07, 0xF7,
    0x80, 0x00, 0x00, 0x00, 0x03, 0xFF, 0x00, 0x00, 0x00, 0x00, 0x03, 0xFD, 0x00, 0x00, 0x00, 0x00,
    0x03, 0xF8, 0x00, 0x00, 0x00, 0x00, 0x01, 0xF0, 0x00, 0x00, 0x00, 0x00, 0x00, 0x00, 0x00, 0x2F,
    0x00, 0x00, 0x00, 0x00, 0x00, 0x00, 0x02, 0xFF, 0x00, 0x00, 0x00, 0x00, 0x00, 0x00, 0x1F, 0xFD,
    0x00, 0x00, 0x00, 0x00, 0x01, 0xBF, 0xFF, 0xFF, 0xF4, 0x00, 0x00, 0x00, 0xBF, 0xD5, 0xFF, 0x1B,
    0xFE, 0x00, 0x00, 0x1F, 0xF0, 0x0B, 0xFC, 0x02, 0xFE, 0x00, 0x02, 0xFD, 0x00, 0x2F, 0xD0, 0x03,
    0xFD, 0x00, 0x2F, 0xE0, 0x00, 0xFF, 0x00, 0x07, 0xFC, 0x02, 0xFF, 0x00, 0x01, 0xA4, 0x00, 0x0F,
    0xF0, 0x0F, 0xF4, 0x00, 0x00, 0x00, 0x00, 0x3F, 0xD0, 0xBF, 0xC0, 0x00, 0x00, 0x00, 0x00, 0xFF,
    0x43, 0xFD, 0x00, 0x00, 0x00, 0x00, 0x03, 0xFD, 0x2F, 0xF0, 0x00, 0x00, 0x00, 0x00, 0x1F, 0xF4,
    0xFF, 0xC0, 0x00, 0x00, 0x00, 0x00, 0xBF, 0xC3, 0xFE, 0x00, 0x00, 0x00, 0x00, 0x03, 0xFF, 0x1F,
    0xF4, 0x00, 0x00, 0x00, 0x00, 0x0F, 0xF8, 0xBF, 0xC0, 0x00, 0x00, 0x00, 0x00, 0x7F, 0xD3, 0xFF,
    0x00, 0x00, 0x00, 0x00, 0x02, 0xFF, 0x0F, 0xFC, 0x00, 0x00, 0x00, 0x00, 0x0F, 0xF8, 0x3F, 0xF0,
    0x00, 0x00, 0x00, 0x00, 0xBF, 0xC0, 0xBF, 0xC0, 0x00, 0x14, 0x00, 0x03, 0xFD, 0x01, 0xFF, 0x00,
    0x07, 0xF4, 0x00, 0x3F, 0xE0, 0x03, 0xFD, 0x00, 0x2F, 0xD0, 0x02, 0xFE, 0x00, 0x07, 0xFD, 0x00,
    0xFF, 0x40, 0x3F, 0xE0, 0x00, 0x07, 0xFE, 0x07, 0xFC, 0x1B, 0xFD, 0x00, 0x00, 0x02, 0xFF, 0xFF,
    0xFF, 0xFE, 0x40, 0x00, 0x00, 0x00, 0x1A, 0xFF, 0xE5, 0x00, 0x00, 0x00, 0x00, 0x00, 0x03, 0xFD,
    0x00, 0x00, 0x00, 0x00, 0x00, 0x00, 0x0F, 0xE0, 0x00, 0x00, 0x00, 0x00, 0x00, 0x00, 0x04, 0x00,
    0x00, 0x00, 0x00, 0x00, 0x00, 0x00, 0x01, 0xF0, 0x00, 0x00, 0x00, 0x16, 0xFF, 0x90, 0x00, 0x01,
    0xFF, 0xFF, 0xBF, 0xD0, 0x02, 0xFC, 0x1F, 0xC1, 0xFC, 0x03, 0xFC, 0x07, 0xD0, 0x3F, 0x82, 0xFC,
    0x00, 0x00, 0x0F, 0xF0, 0xFF, 0x00, 0x00, 0x03, 0xFC, 0x7F, 0x80, 0x00, 0x00, 0xFF, 0x3F, 0xC0,
    0x00, 0x00, 0x7F, 0x8F, 0xF0, 0x00, 0x00, 0x2F, 0xD3, 0xF8, 0x00, 0x00, 0x0F, 0xF1, 0xFE, 0x00,
    0x00, 0x03, 0xF8, 0x3F, 0x40, 0x00, 0x02, 0xFC, 0x0F, 0xD0, 0x2F, 0x00, 0xFD, 0x02, 0xFC, 0x0F,
    0xC1, 0xFD, 0x00, 0x1F, 0xEF, 0xFB, 0xF8, 0x00, 0x00, 0x5B, 0xFE, 0x50, 0x00, 0x00, 0x00, 0x7C,
    0x00, 0x00, 0x00, 0x00, 0x00, 0x00, 0x00, 0x6F, 0xFE, 0x40, 0x00, 0x00, 0x00, 0x00, 0x00, 0xBF,
    0x40, 0x7F, 0x40, 0x00, 0x00, 0x00, 0x00, 0x7F, 0x40, 0x00, 0xBE, 0x00, 0x00, 0x00, 0x00, 0x2F,
    0xC0, 0x2F, 0x43, 0xF4, 0x00, 0x00, 0x00, 0x07, 0xF0, 0x0D, 0x3C, 0x0F, 0xD0, 0x00, 0x00, 0x00,
    0x00, 0x02, 0x43, 0xC0, 0x1F, 0xC0, 0x00, 0x00, 0x1B, 0xF8, 0x30, 0x79, 0xBF, 0x90, 0x00, 0x00,
    0x1F, 0xD0, 0xF0, 0x0F, 0xBC, 0x1F, 0xC0, 0x00, 0x0B, 0xE0, 0x3F, 0x42, 0x9F, 0xC0, 0x7F, 0x00,
    0x02, 0xFC, 0x0B, 0xF4, 0x02, 0xFC, 0x03, 0xF8, 0x00, 0xBF, 0x40, 0x3E, 0x00, 0x1F, 0x40, 0x3F,
    0xC0, 0x1F, 0xE0, 0x00, 0x00, 0x00, 0x00, 0x03, 0xFC, 0x03, 0xFD, 0x00, 0x00, 0x00, 0x00, 0x00,
    0x3F, 0xD0, 0x7F, 0xC0, 0x00, 0x00, 0x00, 0x00, 0x03, 0xFD, 0x0F, 0xF8, 0x00, 0x00, 0x00, 0x00,
    0x00, 0x3F, 0xD1, 0xFF, 0x00, 0x00, 0x00, 0x00, 0x00, 0x07, 0xFD, 0x2F, 0xF0, 0x00, 0x00, 0x00,
    0x00, 0x00, 0xBF, 0xC3, 0xFE, 0x00, 0x00, 0x00, 0x00, 0x00, 0x0F, 0xFC, 0x3F, 0xD0, 0x00, 0x3F,
    0xFF, 0x40, 0x00, 0xFF, 0xC7, 0xFC, 0x00, 0x03, 0xFF, 0xF4, 0x00, 0x1F, 0xF4, 0xBF, 0xC0, 0x00,
    0x0B, 0xF4, 0x00, 0x02, 0xFF, 0x0F, 0xFC, 0x00, 0x00, 0xFF, 0x00, 0x00, 0x3F, 0xE0, 0xFF, 0x80,
    0x00, 0x0F, 0xF0, 0x00, 0x07, 0xFD, 0x0F, 0xF8, 0x00, 0x01, 0xFE, 0x00, 0x00, 0xBF, 0x80, 0xFF,
    0x40, 0x00, 0x3F, 0xD0, 0x00, 0x0F, 0xF0, 0x0B, 0xF4, 0x00, 0x03, 0xFC, 0x00, 0x02, 0xFD, 0x00,
    0x7F, 0x80, 0x00, 0x7F, 0xC0, 0x00, 0x7F, 0x80, 0x02, 0xFC, 0x00, 0x0B, 0xFC, 0x00, 0x0F, 0xE0,
    0x00, 0x0F, 0xE0, 0x17, 0xD2, 0xE4, 0x0B, 0xF4, 0x00, 0x00, 0x1B, 0xFF, 0x80, 0x02, 0xFF, 0xE4,
    0x00, 0x00, 0x00, 0x00, 0x00, 0xBF, 0xE0, 0x00, 0x00, 0x00, 0x0B, 0xFF, 0xFD, 0x00, 0x00, 0x00,
    0x3D, 0x00, 0xBF, 0x40, 0x00, 0x00, 0xE0, 0x00, 0x0F, 0x80, 0x00, 0x01, 0x80, 0x00, 0x03, 0xC0,
    0x00, 0x02, 0x00, 0x00, 0x01, 0xE0, 0x00, 0x00, 0x00, 0x00, 0x00, 0x7C, 0x00, 0x01, 0x00, 0x00,
    0x00, 0x00, 0x00, 0x1F, 0x40, 0x00, 0xF4, 0x00, 0x00, 0xBF, 0x00, 0x00, 0xFD, 0x00, 0x02, 0xFC,
    0x00, 0x00, 0x7F, 0x00, 0x0B, 0xF0, 0x00, 0x00, 0x3F, 0x40, 0x0F, 0xD0, 0x00, 0x00, 0x3F, 0x40,
    0x2F, 0xC0, 0x1F, 0x00, 0x3F, 0x80, 0x3F, 0x80, 0x3F, 0x40, 0x3F, 0x40, 0x3F, 0x40, 0x7F, 0x00,
    0x7F, 0x00, 0x7F, 0x00, 0x7F, 0x00, 0xBF, 0x00, 0x7F, 0x00, 0xBE, 0x00, 0xFD, 0x00, 0x7E, 0x00,
    0xBC, 0x01, 0xF8, 0x00, 0x3E, 0x00, 0xB8, 0x03, 0xF0, 0x00, 0x3E, 0x00, 0xF0, 0x0B, 0xC0, 0x00,
    0x0F, 0x07, 0xF8, 0x2F, 0x00, 0x00, 0x02, 0xFD, 0x0F, 0xF4, 0x00, 0x00, 0x00, 0x00, 0x00, 0x00,
    0xFF, 0xFF, 0xF4, 0x00, 0x00, 0x00, 0x00, 0x00, 0x1F, 0xBF, 0xAF, 0x40, 0x00, 0x00, 0x00, 0x00,
    0x02, 0xE2, 0xF0, 0xF0, 0x00, 0x00, 0x00, 0x00, 0x00, 0x3C, 0x3F, 0x0F, 0x00, 0x00, 0x00, 0x00,
    0x00, 0x03, 0x83, 0xE0, 0xE0, 0x00, 0x00, 0x00, 0x00, 0x00, 0x00, 0x00, 0x00, 0x00, 0x00, 0x00,
    0x00, 0x1B, 0xF8, 0x00, 0x01, 0xBF, 0x90, 0x00, 0x00, 0x1F, 0xD0, 0xF0, 0x00, 0xBC, 0x1F, 0xC0,
    0x00, 0x0B, 0xE0, 0x3F, 0x40, 0x1F, 0xC0, 0x7F, 0x00, 0x02, 0xFC, 0x0B, 0xF4, 0x02, 0xFC, 0x03,
    0xF8, 0x00, 0xBF, 0x40, 0x3E, 0x00, 0x1F, 0x40, 0x3F, 0xC0, 0x1F, 0xE0, 0x00, 0x00, 0x00, 0x00,
    0x03, 0xFC, 0x03, 0xFD, 0x00, 0x00, 0x00, 0x00, 0x00, 0x3F, 0xD0, 0x7F, 0xC0, 0x00, 0x00, 0x00,
    0x00, 0x03, 0xFD, 0x0F, 0xF8, 0x00, 0x00, 0x00, 0x00, 0x00, 0x3F, 0xD1, 0xFF, 0x00, 0x00, 0x00,
    0x00, 0x00, 0x07, 0xFD, 0x2F, 0xF0, 0x00, 0x00, 0x00, 0x00, 0x00, 0xBF, 0xC3, 0xFE, 0x00, 0x00,
    0x00, 0x00, 0x00, 0x0F, 0xFC, 0x3F, 0xD0, 0x00, 0x3F, 0xFF, 0x40, 0x00, 0xFF, 0xC7, 0xFC, 0x00,
    0x03, 0xFF, 0xF4, 0x00, 0x1F, 0xF4, 0xBF, 0xC0, 0x00, 0x0B, 0xF4, 0x00, 0x02, 0xFF, 0x0F, 0xFC,
    0x00, 0x00, 0xFF, 0x00, 0x00, 0x3F, 0xE0, 0xFF, 0x80, 0x00, 0x0F, 0xF0, 0x00, 0x07, 0xFD, 0x0F,
    0xF8, 0x00, 0x01, 0xFE, 0x00, 0x00, 0xBF, 0x80, 0xFF, 0x40, 0x00, 0x3F, 0xD0, 0x00, 0x0F, 0xF0,
    0x0B, 0xF4, 0x00, 0x03, 0xFC, 0x00, 0x02, 0xFD, 0x00, 0x7F, 0x80, 0x00, 0x7F, 0xC0, 0x00, 0x7F,
    0x80, 0x02, 0xFC, 0x00, 0x0B, 0xFC, 0x00, 0x0F, 0xE0, 0x00, 0x0F, 0xE0, 0x17, 0xD2, 0xE4, 0x0B,
    0xF4, 0x00, 0x00, 0x1B, 0xFF, 0x80, 0x02, 0xFF, 0xE4, 0x00, 0x00, 0x00, 0x00, 0x7F, 0xFF, 0xFC,
    0x00, 0x00, 0x3F, 0x7F, 0x6F, 0x00, 0x00, 0x0F, 0x0F, 0xC3, 0xC0, 0x00, 0x03, 0x83, 0xE0, 0xE0,
    0x00, 0x01, 0xD1, 0xF4, 0x34, 0x00, 0x00, 0x00, 0x00, 0x00, 0x00, 0x00, 0x00, 0x00, 0x00, 0x00,
    0x00, 0x2D, 0x00, 0x03, 0xC0, 0x00, 0x7F, 0x40, 0x00, 0xFC, 0x00, 0x7F, 0x00, 0x00, 0x2F, 0xC0,
    0x7F, 0x00, 0x00, 0x03, 0xF4, 0x3F, 0x80, 0x00, 0x00, 0xFD, 0x2F, 0xC0, 0x1F, 0x00, 0x3F, 0x8F,
    0xE0, 0x0F, 0xD0, 0x0F, 0xD3, 0xF4, 0x07, 0xF0, 0x07, 0xF1, 0xFC, 0x01, 0xFC, 0x02, 0xFC, 0x7F,
    0x00, 0xBE, 0x00, 0xFD, 0x1F, 0x80, 0x2F, 0x00, 0x7F, 0x03, 0xE0, 0x0B, 0x80, 0x3F, 0x00, 0xF8,
    0x03, 0xC0, 0x2F, 0x00, 0x0F, 0x07, 0xF8, 0x2F, 0x00, 0x00, 0xBF, 0x43, 0xFD, 0x00, 0x00, 0x00,
    0x00, 0x01, 0xBF, 0xF4, 0x02, 0xC0, 0x00, 0x0B, 0xFF, 0xFF, 0xD3, 0xE0, 0x00, 0x2F, 0xF8, 0x01,
    0xBF, 0xF4, 0x00, 0x2F, 0xD0, 0x00, 0x0B, 0xFC, 0x00, 0x3F, 0xC0, 0x00, 0x00, 0xFF, 0x00, 0x3F,
    0xC0, 0x00, 0x00, 0x1F, 0x80, 0x2F, 0xD0, 0x00, 0x00, 0x03, 0xD0, 0x0F, 0xE0, 0x00, 0x00, 0x00,
    0xF0, 0x0B, 0xF0, 0x00, 0x00, 0x00, 0x3C, 0x07, 0xF8, 0x00, 0x00, 0x00, 0x00, 0x02, 0xFC, 0x00,
    0x00, 0x00, 0x00, 0x00, 0xFF, 0x00, 0x00, 0x00, 0x00, 0x00, 0x7F, 0x80, 0x00, 0x00, 0x00, 0x00,
    0x2F, 0xD0, 0x00, 0x00, 0x00, 0x00, 0x0B, 0xF4, 0x00, 0x00, 0x00, 0x00, 0x03, 0xFD, 0x00, 0x00,
    0x00, 0x00, 0x00, 0xFF, 0x40, 0x00, 0x00, 0x00, 0x00, 0x3F, 0xD0, 0x00, 0x00, 0x00, 0x00, 0x0F,
    0xFC, 0x00, 0x00, 0x00, 0x00, 0x02, 0xFF, 0x40, 0x00, 0x00, 0x00, 0x00, 0x3F, 0xF4, 0x00, 0x00,
    0x00, 0x00, 0x0F, 0xFF, 0xE4, 0x00, 0x00, 0x00, 0x00, 0xFF, 0xFF, 0xF9, 0x00, 0x00, 0x00, 0x0F,
    0xFF, 0xFF, 0xFD, 0x00, 0x00, 0x00, 0xBF, 0xFF, 0xFF, 0xF0, 0x00, 0x00, 0x01, 0xBF, 0xFF, 0xFF,
    0x00, 0x00, 0x00, 0x00, 0x1B, 0xFF, 0xD0, 0x00, 0x00, 0x00, 0x00, 0x07, 0xF8, 0x00, 0x00, 0x00,
    0x00, 0x00, 0x2D, 0x00, 0x00, 0x00, 0x00, 0x00, 0x0B, 0x00, 0x00, 0x00, 0x00, 0x00, 0x03, 0x00,
    0x00, 0x00, 0x00, 0x00, 0x00, 0x00, 0x00, 0x00, 0x06, 0xFE, 0x00, 0x07, 0xE0, 0x3C, 0x02, 0xF0,
    0x03, 0xE0, 0xBC, 0x00, 0xFF, 0x1F, 0x80, 0x0F, 0xE3, 0xF0, 0x00, 0xB8, 0x7F, 0x00, 0x00, 0x0B,
    0xE0, 0x00, 0x00, 0xFD, 0x00, 0x00, 0x0F, 0xD0, 0x00, 0x00, 0xFD, 0x00, 0x00, 0x0B, 0xF0, 0x00,
    0x00, 0x7F, 0xD0, 0x00, 0x03, 0xFF, 0xE4, 0x00, 0x0B, 0xFF, 0xF0, 0x00, 0x0B, 0xFF, 0xC0, 0x00,
    0x02, 0xFD, 0x00, 0x00, 0x07, 0xE0, 0x00, 0x00, 0x3E, 0x00, 0x00, 0x03, 0xD0, 0x00, 0x00, 0x78,
    0x00, 0x00, 0x3D, 0x00, 0x00, 0x00, 0x20, 0x00, 0x05, 0x00, 0xE0, 0x00, 0x0D, 0x1B, 0xFF, 0x00,
    0x2F, 0xE5, 0xD0, 0x03, 0xF8, 0x01, 0x80, 0x3C, 0x34, 0x00, 0x02, 0xC0, 0x90, 0x00, 0x1F, 0x40,
    0x00, 0x00, 0xBD, 0x00, 0x00, 0x00, 0xE0, 0x00, 0x00, 0x00, 0x00, 0x00, 0x00, 0xBC, 0x2F, 0xE0,
    0x00, 0xFC, 0x3F, 0xBF, 0x41, 0xFC, 0x3F, 0x02, 0xFA, 0xF8, 0x7F, 0x00, 0x1B, 0xF4, 0xBD, 0x00,
    0x00, 0x00, 0x00, 0x06, 0xFF, 0x90, 0x00, 0x00, 0x7E, 0x41, 0xFC, 0x00, 0x02, 0xF0, 0x00, 0x3F,
    0x00, 0x0F, 0xC0, 0x00, 0x1F, 0x80, 0x2F, 0x00, 0x00, 0x0F, 0xC0, 0x00, 0x00, 0x00, 0x07, 0xD0,
    0x00, 0x00, 0x00, 0x02, 0xF4, 0x00, 0x00, 0x00, 0x00, 0x7D, 0x02, 0xFE, 0x01, 0xE0, 0xFC, 0x38,
    0x2F, 0xC7, 0x02, 0xFC, 0x70, 0x1F, 0x43, 0x80, 0x00, 0x00, 0x00, 0x00, 0x07, 0xFE, 0x0B, 0xC2,
    0xE7, 0xF0, 0x3A, 0xFC, 0x0E, 0x7D, 0x0B, 0x00, 0x07, 0x40, 0x00, 0x00, 0x00, 0x00, 0x00, 0x00,
    0x00, 0x07, 0xD0, 0x00, 0x00, 0x00, 0x00, 0x00, 0x00, 0x00, 0x00, 0x7F, 0xC0, 0x00, 0x00, 0x00,
    0x00, 0x00, 0x00, 0x00, 0x03, 0xFF, 0x00, 0x00, 0x00, 0x00, 0x00, 0x00, 0x00, 0x00, 0x0F, 0xF8,
    0x00, 0x00, 0x00, 0x00, 0x00, 0x1F, 0x40, 0x00, 0x1F, 0x80, 0x00, 0x2F, 0x40, 0x00, 0x02, 0xFF,
    0x00, 0x00, 0x00, 0x00, 0x02, 0xFF, 0x00, 0x00, 0x0F, 0xFC, 0x00, 0x00, 0x00, 0x00, 0x0F, 0xFC,
    0x00, 0x00, 0x3F, 0xE0, 0x00, 0x00, 0x00, 0x00, 0x3F, 0xE0, 0x00, 0x00, 0x7E, 0x00, 0x00, 0x00,
    0x00, 0x00, 0x7E, 0x00, 0x00, 0x00, 0x00, 0x00, 0x00, 0x00, 0x00, 0x00, 0x00, 0x00, 0x00, 0x00,
    0x00, 0x00, 0x00, 0x00, 0x00, 0x00, 0x00, 0x00, 0x00, 0x00, 0x00, 0x00, 0x00, 0x00, 0x00, 0x00,
    0x00, 0x00, 0x00, 0x00, 0x00, 0x00, 0x00, 0x00, 0x00, 0x00, 0x00, 0x00, 0x00, 0x00, 0x00, 0x00,
    0x00, 0x00, 0x00, 0x00, 0x00, 0x00, 0x00, 0x00, 0x00, 0x00, 0x00, 0x00, 0x00, 0x00, 0x00, 0x00,
    0x00, 0x00, 0x00, 0x00, 0x00, 0x00, 0x00, 0x00, 0x0B, 0xC0, 0x00, 0x00, 0x00, 0x00, 0x00, 0x00,
    0x02, 0xE0, 0xFF, 0x80, 0x00, 0x00, 0x00, 0x00, 0x00, 0x00, 0x3F, 0xE7, 0xFE, 0x00, 0x00, 0x00,
    0x00, 0x00, 0x00, 0x01, 0xFF, 0x9F, 0xF0, 0x00, 0x00, 0x00, 0x00, 0x00, 0x00, 0x07, 0xFC, 0x2F,
    0x40, 0x00, 0x00, 0x00, 0x00, 0x00, 0x00, 0x0B, 0xC0, 0x00, 0x00, 0x00, 0x00, 0x00, 0x00, 0x00,
    0x00, 0x00, 0x00, 0x00, 0x00, 0x00, 0x00, 0x00, 0x00, 0x00, 0x00, 0x00, 0x00, 0x00, 0x00, 0x00,
    0x00, 0x00, 0x00, 0x00, 0x00, 0x00, 0x00, 0x00, 0x00, 0x00, 0x00, 0x00, 0x00, 0x00, 0x00, 0x00,
    0x00, 0x00, 0x00, 0x00, 0x00, 0x00, 0x00, 0x00, 0x00, 0x00, 0x00, 0x00, 0x00, 0x00, 0x00, 0x00,
    0x00, 0x00, 0x00, 0x00, 0x00, 0x00, 0x00, 0x00, 0x00, 0x00, 0x00, 0x00, 0x00, 0x01, 0xF4, 0x00,
    0x00, 0x00, 0x00, 0x01, 0xF4, 0x00, 0x00, 0x1F, 0xF0, 0x00, 0x00, 0x00, 0x00, 0x1F, 0xF0, 0x00,
    0x00, 0xFF, 0xC0, 0x00, 0x00, 0x00, 0x00, 0xFF, 0xC0, 0x00, 0x03, 0xFE, 0x00, 0x00, 0x00, 0x00,
    0x03, 0xFE, 0x00, 0x00, 0x03, 0xE0, 0x00, 0x07, 0xD0, 0x00, 0x03, 0xE0, 0x00, 0x00, 0x00, 0x00,
    0x00, 0xBF, 0xC0, 0x00, 0x00, 0x00, 0x00, 0x00, 0x00, 0x00, 0x03, 0xFF, 0x00, 0x00, 0x00, 0x00,
    0x00, 0x00, 0x00, 0x00, 0x0F, 0xF8, 0x00, 0x00, 0x00, 0x00, 0x00, 0x00, 0x00, 0x00, 0x1F, 0x80,
    0x00, 0x00, 0x00, 0x00, 0x00, 0x00, 0x00, 0x00, 0x00, 0x00, 0x00, 0x00, 0x40, 0x00, 0x00, 0x00,
    0x00, 0x00, 0x00, 0x00, 0x00, 0x00, 0x1E, 0x00, 0x00, 0x00, 0x00, 0x00, 0x00, 0x00, 0x00, 0x00,
    0x02, 0xD0, 0x00, 0x00, 0x00, 0x00, 0x00, 0x00, 0x00, 0x00, 0x00, 0x2F, 0x40, 0x00, 0x00, 0x00,
    0x00, 0x00, 0x01, 0x00, 0x00, 0x01, 0xFF, 0x00, 0x00, 0x00, 0x00, 0x00, 0x00, 0x0C, 0x00, 0x00,
    0x0F, 0xFC, 0x00, 0x00, 0x00, 0x00, 0x00, 0x00, 0x90, 0x00, 0x00, 0x3F, 0xE0, 0x00, 0x00, 0x00,
    0x00, 0x00, 0x03, 0xBD, 0x00, 0x00, 0x7E, 0x00, 0x00, 0x2F, 0xF8, 0x00, 0x00, 0x0F, 0xFC, 0x00,
    0x00, 0x00, 0x00, 0x07, 0xFC, 0x00, 0x00, 0x00, 0x3F, 0xF0, 0x00, 0x00, 0x00, 0x00, 0x3F, 0xF0,
    0x00, 0x00, 0x00, 0xFF, 0x80, 0x00, 0x00, 0x00, 0x00, 0xFF, 0x80, 0x00, 0x00, 0x01, 0xF8, 0x00,
    0x00, 0x00, 0x00, 0x01, 0xF8, 0x00, 0x00, 0x00, 0x00, 0x00, 0x00, 0x00, 0x00, 0x00, 0x00, 0x00,
    0x00, 0x00, 0x00, 0x00, 0x00, 0x00, 0x00, 0x00, 0x00, 0x00, 0x00, 0x00, 0x00, 0x00, 0x00, 0x00,
    0x00, 0x00, 0x00, 0x00, 0x00, 0x00, 0x00, 0x00, 0x00, 0x00, 0x00, 0x00, 0x00, 0x00, 0x00, 0x00,
    0x00, 0x00, 0x00, 0x00, 0x00, 0x00, 0x00, 0x00, 0x00, 0x00, 0x00, 0x00, 0x00, 0x00, 0x00, 0x00,
    0x00, 0x00, 0x00, 0x00, 0x00, 0x00, 0x00, 0x00, 0x00, 0x00, 0x00, 0x00, 0x00, 0x00, 0x00, 0x00,
    0x00, 0x14, 0x2E, 0x00, 0x00, 0x00, 0x00, 0x00, 0x00, 0x00, 0x0B, 0xC0, 0x73, 0xFE, 0x00, 0x00,
    0x00, 0x00, 0x00, 0x00, 0x00, 0xFF, 0xC0, 0xEF, 0xF8, 0x00, 0x00, 0x00, 0x00, 0x00, 0x00, 0x07,
    0xFE, 0xC0, 0xFF, 0xC0, 0x00, 0x00, 0x00, 0x00, 0x00, 0x00, 0x1F, 0xF2, 0x40, 0xBC, 0x00, 0x00,
    0x00, 0x00, 0x00, 0x00, 0x00, 0x2F, 0x01, 0x00, 0x00, 0x00, 0x00, 0x00, 0x00, 0x00, 0x00, 0x00,
    0x00, 0x00, 0x00, 0x00, 0x00, 0x00, 0x00, 0x00, 0x00, 0x00, 0x00, 0x00, 0x00, 0x00, 0x00, 0x00,
    0x00, 0x00, 0x00, 0x00, 0x00, 0x00, 0x00, 0x00, 0x00, 0x00, 0x00, 0x00, 0x00, 0x00, 0x00, 0x00,
    0x00, 0x00, 0x00, 0x00, 0x00, 0x00, 0x00, 0x00, 0x00, 0x00, 0x00, 0x00, 0x00, 0x00, 0x00, 0x00,
    0x00, 0x00, 0x00, 0x00, 0x00, 0x00, 0x00, 0x00, 0x00, 0x00, 0x00, 0x00, 0x00, 0x00, 0x00, 0x00,
    0x00, 0x00, 0x00, 0x07, 0xD0, 0x00, 0x00, 0x00, 0x00, 0x07, 0xD0, 0x00, 0x00, 0x00, 0x7F, 0xC0,
    0x00, 0x00, 0x00, 0x00, 0x7F, 0xC0, 0x00, 0x00, 0x03, 0xFF, 0x00, 0x00, 0x00, 0x00, 0x03, 0xFF,
    0x00, 0x00, 0x00, 0x0B, 0xF8, 0x00, 0x00, 0x00, 0x00, 0x0F, 0xFC, 0x00, 0x00, 0x0B, 0xFF, 0x80,
    0x00, 0x1F, 0x40, 0x00, 0x1F, 0xB0, 0x00, 0x00, 0x00, 0x00, 0x00, 0x01, 0xFF, 0x00, 0x00, 0x01,
    0x80, 0x00, 0x00, 0x00, 0x00, 0x00, 0x0F, 0xFC, 0x00, 0x00, 0x0D, 0x00, 0x00, 0x00, 0x00, 0x00,
    0x00, 0x3F, 0xE0, 0x00, 0x00, 0x10, 0x00, 0x00, 0x00, 0x00, 0x00, 0x00, 0x7F, 0x00, 0x00, 0x00,
    0x00, 0x00, 0x00, 0x00, 0x00, 0x00, 0x00, 0xB0, 0x00, 0x00, 0x00, 0x00, 0x00, 0x00, 0x00, 0x00,
    0x00, 0x1E, 0x00, 0x00, 0x00, 0x00, 0x00, 0x00, 0x00, 0x00, 0x00, 0x00, 0x80, 0x00, 0x00, 0x00,
    0x00, 0x00, 0x00, 0x00, 0x00, 0x00, 0x00, 0x02, 0xF0, 0x00, 0x00, 0x00, 0x00, 0x00, 0x00, 0x1F,
    0xE0, 0x00, 0x00, 0x00, 0x00, 0x00, 0x00, 0xFF, 0x80, 0x00, 0x00, 0x00, 0x00, 0x00, 0x03, 0xFD,
    0x00, 0x30, 0x00, 0x00, 0x00, 0x00, 0x0B, 0xD0, 0x07, 0x80, 0x00, 0x00, 0x00, 0x00, 0x07, 0xFF,
    0xE0, 0x00, 0x00, 0x00, 0x00, 0x00, 0x00, 0x00, 0x00, 0x00, 0x00, 0x00, 0x00, 0x00, 0x00, 0x00,
    0x00, 0x00, 0x00, 0x1F, 0xFF, 0xFF, 0xC1, 0xFF, 0xFF, 0xFC, 0x00, 0x7F, 0xFF, 0xFF, 0x07, 0xFF,
    0xFF, 0xF0, 0x00, 0x07, 0xFD, 0x00, 0x00, 0xFF, 0xC0, 0x00, 0x00, 0x2F, 0xF0, 0x00, 0x0B, 0xFF,
    0x00, 0x00, 0x00, 0xFF, 0x80, 0x00, 0xBF, 0xF8, 0x00, 0x00, 0x03, 0xFD, 0x00, 0x07, 0xFF, 0xD0,
    0x00, 0x00, 0x1F, 0xF0, 0x00, 0x7E, 0xFF, 0x00, 0x00, 0x00, 0xBF, 0xC0, 0x03, 0xCB, 0xFC, 0x00,
    0x00, 0x03, 0xFE, 0x00, 0x3D, 0x3F, 0xE0, 0x00, 0x00, 0x0F, 0xF4, 0x03, 0xD0, 0xFF, 0x40, 0x00,
    0x00, 0x7F, 0xC0, 0x2E, 0x07, 0xFC, 0x00, 0x00, 0x02, 0xFF, 0x02, 0xE0, 0x2F, 0xF0, 0x00, 0x00,
    0x0F, 0xF8, 0x1F, 0x00, 0xFF, 0x80, 0x00, 0x00, 0x3F, 0xD1, 0xF0, 0x03, 0xFD, 0x00, 0x00, 0x01,
    0xFF, 0x1F, 0x00, 0x2F, 0xF0, 0x00, 0x00, 0x0B, 0xFC, 0xF4, 0x00, 0xFF, 0xC0, 0x00, 0x00, 0x3F,
    0xEF, 0x40, 0x03, 0xFE, 0x00, 0x00, 0x00, 0xFF, 0xF8, 0x00, 0x1F, 0xF4, 0x00, 0x00, 0x07, 0xFF,
    0x80, 0x00, 0xBF, 0xC0, 0x00, 0x00, 0x2F, 0xF8, 0x00, 0x03, 0xFF, 0x00, 0x00, 0x00, 0xFF, 0xC0,
    0x00, 0x0F, 0xF8, 0x00, 0x02, 0xFF, 0xFF, 0xF8, 0x2F, 0xFF, 0xFF, 0xC0, 0x0B, 0xFF, 0xFF, 0xE0,
    0xBF, 0xFF, 0xFF, 0x00, 0x00, 0x00, 0x00, 0x00, 0x00, 0x06, 0xFC, 0x00, 0x00, 0x00, 0x00, 0x00,
    0x00, 0x02, 0xF0, 0x00, 0x00, 0x00, 0x00, 0x00, 0x00, 0x07, 0x80, 0x00, 0x00, 0x00, 0x00, 0x00,
    0x00, 0x1E, 0x00, 0x00, 0x00, 0x00, 0x00, 0x00, 0x00, 0x74, 0x00, 0x00, 0x00, 0x00, 0x00, 0x00,
    0x01, 0xC0, 0x00, 0x00, 0x00, 0x2F, 0x00, 0x00, 0x00, 0x00, 0x07, 0xF8, 0x00, 0x00, 0x00, 0x00,
    0xFF, 0x80, 0x00, 0x00, 0x00, 0x0F, 0xF4, 0x00, 0xC0, 0x00, 0x00, 0xFD, 0x00, 0x78, 0x00, 0x00,
    0x02, 0xFF, 0xF8, 0x00, 0x00, 0x00, 0x00, 0x00, 0x00, 0x00, 0x00, 0x00, 0x00, 0x00, 0x00, 0x01,
    0xFD, 0x00, 0x00, 0xF0, 0x00, 0xB5, 0xF8, 0x00, 0x3F, 0x80, 0x1D, 0x1F, 0xC0, 0x03, 0xF4, 0x03,
    0xC2, 0xFC, 0x00, 0x7F, 0x00, 0x74, 0x3F, 0x80, 0x0B, 0xF0, 0x00, 0x07, 0xF0, 0x00, 0xFE, 0x00,
    0x00, 0xBF, 0x00, 0x0F, 0xD0, 0x00, 0x0F, 0xE0, 0x01, 0xFC, 0x00, 0x01, 0xFC, 0x00, 0x2F, 0xC0,
    0x00, 0x2F, 0xC0, 0x03, 0xF8, 0x00, 0x02, 0xFC, 0x00, 0x3F, 0x40, 0x00, 0x2F, 0x80, 0x07, 0xF0,
    0x50, 0x01, 0xFC, 0x00, 0xFF, 0x0E, 0x00, 0x0F, 0xD0, 0x7B, 0xF2, 0xD0, 0x00, 0x1B, 0xF9, 0x1F,
    0xEE, 0x00, 0x00, 0x00, 0x00, 0x00, 0xF0, 0x00, 0x00, 0x00, 0x00, 0x0F, 0x40, 0x00, 0x00, 0x00,
    0x00, 0xFC, 0x00, 0x00, 0x00, 0x00, 0x3F, 0xC0, 0x00, 0x00, 0x00, 0x0F, 0xFC, 0x00, 0x00, 0x00,
    0x03, 0xFE, 0x00, 0x00, 0x00, 0x00, 0x60, 0x00, 0x00, 0x2F, 0xFF, 0xFF, 0x40, 0x00, 0x00, 0x2F,
    0xFF, 0xFF, 0x40, 0x00, 0x00, 0x00, 0xBF, 0x80, 0x00, 0x00, 0x1F, 0xFF, 0xFF, 0xFF, 0xFF, 0xFE,
    0x1F, 0xFF, 0xFF, 0xFF, 0xFF, 0xFE, 0x00, 0x01, 0xFF, 0x00, 0x00, 0x00, 0x00, 0x02, 0xFE, 0x00,
    0x00, 0x00, 0x00, 0x03, 0xFD, 0x00, 0x00, 0x00, 0x00, 0x03, 0xFC, 0x00, 0x00, 0x00, 0x00, 0x07,
    0xFD, 0x00, 0x00, 0x00, 0x00, 0x0B, 0xFF, 0xFF, 0xFE, 0x40, 0x00, 0x0F, 0xF9, 0x00, 0x2F, 0xF4,
    0x00, 0x0F, 0xF0, 0x00, 0x0B, 0xFC, 0x00, 0x1F, 0xF0, 0x00, 0x03, 0xFE, 0x00, 0x2F, 0xE0, 0x00,
    0x03, 0xFE, 0x00, 0x3F, 0xD0, 0x00, 0x03, 0xFE, 0x00, 0x3F, 0xC0, 0x00, 0x07, 0xFD, 0x00, 0x3F,
    0xC0, 0x00, 0x0F, 0xFC, 0x00, 0x7F, 0x80, 0x00, 0x1F, 0xF4, 0x00, 0xBF, 0x40, 0x00, 0x3F, 0xF0,
    0x00, 0xFF, 0x00, 0x02, 0xFF, 0xC0, 0xBF, 0xFF, 0xFF, 0xFF, 0xFE, 0x00, 0xFF, 0xFF, 0xFF, 0xFF,
    0x90, 0x00, 0x00, 0x00, 0x00, 0x00, 0x3F, 0xF8, 0x00, 0x00, 0x0F, 0xD0, 0x00, 0x00, 0x7F, 0x00,
    0x00, 0x02, 0xFC, 0x00, 0x00, 0x0F, 0xE0, 0x00, 0x0B, 0xFF, 0xFF, 0xF8, 0x2F, 0xFF, 0xFF, 0xE0,
    0x0B, 0xF0, 0x00, 0x00, 0x3F, 0x80, 0x00, 0x00, 0xFD, 0x00, 0x00, 0x07, 0xF0, 0x00, 0x00, 0x2F,
    0xDB, 0xFE, 0x00, 0xFF, 0xD0, 0x2F, 0x83, 0xFC, 0x00, 0x3F, 0x5F, 0xD0, 0x00, 0xFE, 0xBF, 0x00,
    0x03, 0xFB, 0xF8, 0x00, 0x1F, 0xEF, 0xE0, 0x00, 0xFF, 0x1F, 0x80, 0x07, 0xF4, 0x2F, 0x40, 0xBF,
    0x00, 0x1B, 0xFF, 0x90, 0x00, 0x00, 0x1F, 0xFF, 0xFF, 0xFF, 0xD0, 0x00, 0x01, 0xFF, 0xFF, 0xFF,
    0xFF, 0xD0, 0x00, 0x00, 0x7F, 0xC0, 0x01, 0xFF, 0x40, 0x00, 0x0B, 0xF8, 0x00, 0x0B, 0xFC, 0x00,
    0x00, 0xFF, 0x40, 0x00, 0x7F, 0xC0, 0x00, 0x0F, 0xF0, 0x00, 0x07, 0xFC, 0x00, 0x01, 0xFF, 0x00,
    0x00, 0xBF, 0xC0, 0x00, 0x2F, 0xF0, 0x00, 0x0F, 0xFC, 0x00, 0x03, 0xFE, 0x28, 0x00, 0xFF, 0x40,
    0x00, 0x3F, 0xD1, 0xF0, 0x2F, 0xE0, 0x00, 0x07, 0xFC, 0x07, 0xC7, 0xFC, 0x00, 0x00, 0xBF, 0xC0,
    0x1F, 0xFE, 0x00, 0x00, 0x0F, 0xFF, 0xFF, 0xFF, 0x00, 0x00, 0x00, 0xFF, 0x40, 0x00, 0xB8, 0x00,
    0x00, 0x1F, 0xF0, 0x00, 0x02, 0xE0, 0x00, 0x02, 0xFF, 0x00, 0x00, 0x0B, 0x80, 0x00, 0x3F, 0xE0,
    0x00, 0x00, 0x2C, 0x00, 0x03, 0xFD, 0x00, 0x00, 0x00, 0x00, 0x00, 0x7F, 0xC0, 0x00, 0x00, 0x00,
    0x00, 0x0B, 0xFC, 0x00, 0x00, 0x00, 0x00, 0x00, 0xFF, 0x80, 0x00, 0x00, 0x00, 0x0B, 0xFF, 0xFF,
    0xE0, 0x00, 0x00, 0x00, 0xBF, 0xFF, 0xFE, 0x00, 0x00, 0x00, 0x00, 0x00, 0x00, 0x00, 0x00, 0x00,
    0x00, 0x00, 0x00, 0x00, 0x00, 0x00, 0x00, 0x0F, 0xE0, 0x6F, 0xF4, 0x00, 0x0E, 0x3F, 0xB8, 0x1F,
    0x80, 0x0B, 0x0F, 0xF4, 0x02, 0xF4, 0x03, 0x83, 0xF8, 0x00, 0x7F, 0x01, 0xD1, 0xFC, 0x00, 0x2F,
    0xC0, 0x00, 0xBF, 0x00, 0x0B, 0xF0, 0x00, 0x3F, 0x80, 0x03, 0xFC, 0x00, 0x0F, 0xD0, 0x00, 0xFF,
    0x00, 0x07, 0xF0, 0x2D, 0x7F, 0x80, 0x02, 0xFC, 0x03, 0xFF, 0xC0, 0x00, 0xFE, 0x00, 0x3F, 0xE0,
    0x00, 0x3F, 0x40, 0x0B, 0xF0, 0x00, 0x1F, 0xE0, 0x03, 0xFD, 0x00, 0x0B, 0xFE, 0x07, 0xF7, 0xD0,
    0x03, 0xF9, 0xBF, 0x90, 0x34, 0x00, 0xFD, 0x00, 0x00, 0x00, 0x00, 0xBF, 0x00, 0x00, 0x00, 0x00,
    0x3F, 0xC0, 0x00, 0x00, 0x00, 0x0F, 0xE0, 0x00, 0x00, 0x00, 0x3F, 0xFF, 0x40, 0x00, 0x00, 0x0F,
    0xFF, 0xD0, 0x00, 0x00, 0x00, 0x00, 0x00, 0x00, 0x00, 0x00, 0x00, 0x10, 0x00, 0x00, 0x00, 0x00,
    0x00, 0x03, 0xC0, 0x00, 0x00, 0x00, 0x00, 0x00, 0x1E, 0x00, 0x00, 0x00, 0x00, 0x00, 0x00, 0xF4,
    0x00, 0x00, 0x00, 0x00, 0x00, 0x07, 0xC0, 0x00, 0x00, 0x00, 0x00, 0x00, 0x7E, 0x00, 0x00, 0x00,
    0x00, 0x00, 0x1B, 0xF0, 0x00, 0x07, 0xFF, 0xFF, 0xFF, 0xFF, 0xC0, 0x00, 0x1F, 0xFF, 0xFF, 0xFF,
    0xFD, 0x00, 0x00, 0x01, 0xFF, 0x00, 0x00, 0x00, 0x00, 0x00, 0x0B, 0xFC, 0x00, 0x00, 0x00, 0x00,
    0x00, 0x3F, 0xE0, 0x00, 0x00, 0x00, 0x00, 0x00, 0xFF, 0x40, 0x00, 0x00, 0x00, 0x00, 0x07, 0xFC,
    0x00, 0x00, 0x00, 0x00, 0x00, 0x2F, 0xF0, 0x00, 0x00, 0x00, 0x00, 0x00, 0xFF, 0x80, 0x00, 0x00,
    0x00, 0x00, 0x03, 0xFD, 0x00, 0x00, 0x00, 0x00, 0x00, 0x1F, 0xF0, 0x00, 0x00, 0x00, 0x00, 0x00,
    0xBF, 0xC0, 0x00, 0x00, 0x00, 0x00, 0x03, 0xFE, 0x00, 0x00, 0x00, 0x00, 0x00, 0x0F, 0xF4, 0x00,
    0x00, 0x00, 0x00, 0x00, 0x7F, 0xC0, 0x00, 0x00, 0x00, 0x00, 0x02, 0xFF, 0x00, 0x00, 0x00, 0x00,
    0x00, 0x0F, 0xF8, 0x00, 0x00, 0x00, 0x00, 0x00, 0x3F, 0xD0, 0x00, 0x00, 0x00, 0x00, 0x01, 0xFF,
    0x00, 0x00, 0x00, 0x00, 0x00, 0x0B, 0xFC, 0x00, 0x00, 0x00, 0x00, 0x00, 0x3F, 0xE0, 0x00, 0x00,
    0x00, 0x00, 0xBF, 0xFF, 0xFF, 0x40, 0x00, 0x00, 0x02, 0xFF, 0xFF, 0xFD, 0x00, 0x00, 0x00, 0x00,
    0x00, 0x00, 0x00, 0x00, 0x02, 0xE0, 0x00, 0x00, 0x00, 0x00, 0x2F, 0xC0, 0x00, 0x00, 0x00, 0x00,
    0xFF, 0x00, 0x00, 0x00, 0x00, 0x03, 0xFC, 0x00, 0x00, 0x00, 0x00, 0x1F, 0xE0, 0x00, 0x00, 0x00,
    0x00, 0xFF, 0x00, 0x00, 0x02, 0xFF, 0xFF, 0xF8, 0x00, 0x00, 0x0F, 0xE0, 0x00, 0x00, 0x00, 0x00,
    0x3F, 0x40, 0x00, 0x00, 0x00, 0x01, 0xFC, 0x00, 0x00, 0x00, 0x00, 0x0B, 0xF0, 0x00, 0x00, 0x00,
    0x00, 0x3F, 0x80, 0x00, 0x00, 0x00, 0x00, 0xFD, 0x00, 0x00, 0x00, 0x00, 0x07, 0xF0, 0x00, 0x00,
    0x00, 0x00, 0x2F, 0xC0, 0x00, 0x00, 0x00, 0x00, 0xFE, 0x00, 0x00, 0x00, 0x2F, 0x07, 0xF0, 0x00,
    0x00, 0x01, 0xFD, 0x3F, 0x40, 0x00, 0x00, 0x07, 0xF7, 0xF4, 0x00, 0x00, 0x00, 0x07, 0xF9, 0x00,
    0x00, 0x00, 0x00, 0x00, 0x1F, 0xFF, 0xFF, 0xFF, 0xFC, 0x00, 0x1F, 0xFF, 0xFF, 0xFF, 0xFC, 0x00,
    0x00, 0x7F, 0xC0, 0x02, 0xFC, 0x00, 0x00, 0xBF, 0xC0, 0x00, 0xBC, 0x00, 0x00, 0xFF, 0x80, 0x00,
    0x78, 0x00, 0x00, 0xFF, 0x40, 0x00, 0x78, 0x00, 0x01, 0xFF, 0x00, 0x00, 0x74, 0x00, 0x02, 0xFF,
    0x00, 0x00, 0x70, 0x00, 0x03, 0xFE, 0x00, 0x00, 0x00, 0x00, 0x03, 0xFD, 0x00, 0x00, 0x00, 0x0F,
    0xFF, 0xFF, 0xFF, 0x00, 0x00, 0x0F, 0xFF, 0xFF, 0xFF, 0x00, 0x00, 0x00, 0x0F, 0xF8, 0x00, 0x00,
    0x00, 0x00, 0x0F, 0xF4, 0x00, 0x00, 0x00, 0x00, 0x1F, 0xF0, 0x00, 0x00, 0x00, 0x00, 0x2F, 0xF0,
    0x00, 0x00, 0x00, 0x00, 0x3F, 0xE0, 0x00, 0x00, 0x00, 0x00, 0x3F, 0xD0, 0x00, 0x00, 0x00, 0x00,
    0x7F, 0xC0, 0x00, 0x00, 0x00, 0x00, 0xBF, 0xC0, 0x00, 0x00, 0x00, 0x00, 0xFF, 0x80, 0x00, 0x00,
    0x00, 0xBF, 0xFF, 0xFF, 0x40, 0x00, 0x00, 0xBF, 0xFF, 0xFF, 0x40, 0x00, 0x00, 0x00, 0x6F, 0xFD,
    0x00, 0x3E, 0x41, 0xFC, 0x0F, 0x40, 0x0F, 0xD0, 0xC0, 0x00, 0xFD, 0x00, 0x00, 0x2F, 0xC0, 0x00,
    0x2F, 0xF4, 0x7F, 0xFF, 0xFF, 0xD0, 0x7F, 0xFF, 0x40, 0x1F, 0xFE, 0x40, 0x03, 0xFD, 0x00, 0x00,
    0xBF, 0x00, 0x00, 0x0B, 0xF0, 0x00, 0xB0, 0xBE, 0x00, 0x2F, 0x03, 0xF0, 0x1F, 0x80, 0x0B, 0xFE,
    0x40, 0x00, 0x00, 0x1F, 0xFF, 0xFF, 0xFF, 0xFF, 0x00, 0x07, 0xFF, 0xFF, 0xFF, 0xFF, 0xC0, 0x00,
    0x07, 0xFC, 0x00, 0x1B, 0xF0, 0x00, 0x02, 0xFF, 0x00, 0x00, 0xBC, 0x00, 0x00, 0xFF, 0x80, 0x00,
    0x1E, 0x00, 0x00, 0x3F, 0xD0, 0x00, 0x07, 0x80, 0x00, 0x1F, 0xF0, 0x00, 0x01, 0xD0, 0x00, 0x0B,
    0xFC, 0x00, 0x00, 0x70, 0x00, 0x03, 0xFE, 0x00, 0x00, 0x00, 0x00, 0x00, 0xFF, 0x40, 0x00, 0x00,
    0x00, 0x00, 0x7F, 0xC0, 0x00, 0x00, 0x00, 0x00, 0x2F, 0xFF, 0xFF, 0xE4, 0x00, 0x00, 0x0F, 0xF8,
    0x01, 0xBF, 0xE0, 0x00, 0x03, 0xFD, 0x00, 0x03, 0xFE, 0x00, 0x01, 0xFF, 0x00, 0x00, 0x7F, 0xD0,
    0x00, 0xBF, 0xC0, 0x00, 0x0F, 0xF8, 0x00, 0x3F, 0xE0, 0x00, 0x02, 0xFF, 0x00, 0x0F, 0xF4, 0x00,
    0x00, 0xBF, 0xC0, 0x07, 0xFC, 0x00, 0x00, 0x3F, 0xF0, 0x02, 0xFF, 0x00, 0x00, 0x0F, 0xFC, 0x00,
    0xFF, 0x80, 0x00, 0x03, 0xFE, 0x2F, 0xFF, 0xFF, 0xE0, 0x01, 0xFF, 0x4B, 0xFF, 0xFF, 0xF8, 0x00,
    0xFF, 0xC0, 0x00, 0x00, 0x00, 0x00, 0x3F, 0xE0, 0x00, 0x00, 0x2F, 0x00, 0x2F, 0xF0, 0x00, 0x00,
    0x1F, 0xF0, 0x0F, 0xF4, 0x00, 0x00, 0x0F, 0xFC, 0x0F, 0xF4, 0x00, 0x00, 0x03, 0xFE, 0x0B, 0xF4,
    0x00, 0x00, 0x00, 0xBF, 0x0B, 0xE0, 0x00, 0x00, 0x00, 0x07, 0xFF, 0x80, 0x00, 0x00, 0x01, 0xFF,
    0xFF, 0xFC, 0x02, 0xFC, 0x00, 0x00, 0x03, 0xF8, 0x00, 0x00, 0x03, 0xF4, 0x00, 0x00, 0x07, 0xF0,
    0x00, 0x00, 0x0B, 0xF0, 0x00, 0x00, 0x0F, 0xFF, 0xF9, 0x00, 0x0F, 0xD1, 0xBF, 0xC0, 0x1F, 0xC0,
    0x0B, 0xF0, 0x2F, 0xC0, 0x07, 0xF4, 0x3F, 0x80, 0x07, 0xF0, 0x3F, 0x40, 0x0B, 0xF0, 0x7F, 0x00,
    0x0F, 0xF0, 0x3D, 0x00, 0x0F, 0xE0, 0x00, 0x00, 0x1F, 0xD0, 0x00, 0x00, 0x2F, 0xC0, 0x00, 0x00,
    0x3F, 0x80, 0x01, 0xF4, 0x3F, 0x00, 0x03, 0xF8, 0xFD, 0x00, 0x03, 0xF6, 0xF4, 0x00, 0x01, 0xFF,
    0x40, 0x00, 0x00, 0x07, 0xFF, 0xFC, 0x01, 0xFF, 0xFF, 0xFC, 0x01, 0xFF, 0xFF, 0x00, 0x07, 0xFF,
    0xFC, 0x01, 0xFF, 0xFF, 0xFC, 0x01, 0xFF, 0xFF, 0x00, 0x00, 0x2F, 0x80, 0x00, 0x07, 0xFC, 0x00,
    0x00, 0x2F, 0x80, 0x00, 0x00, 0x0B, 0xC0, 0x00, 0x0B, 0xFC, 0x00, 0x00, 0xBC, 0x00, 0x00, 0x00,
    0x03, 0xF0, 0x00, 0x0F, 0xF8, 0x00, 0x03, 0xE0, 0x00, 0x00, 0x00, 0x00, 0xF8, 0x00, 0x0F, 0xF4,
    0x00, 0x1F, 0x40, 0x00, 0x00, 0x00, 0x00, 0x3E, 0x00, 0x1F, 0xF0, 0x00, 0xBC, 0x00, 0x00, 0x00,
    0x00, 0x00, 0x1F, 0x40, 0x2F, 0xF0, 0x03, 0xE0, 0x00, 0x00, 0x00, 0x00, 0x00, 0x0B, 0xC0, 0x3F,
    0xE0, 0x1F, 0x40, 0x00, 0x00, 0x00, 0x00, 0x00, 0x03, 0xF0, 0x3F, 0xD0, 0xBD, 0x00, 0x00, 0x00,
    0x00, 0x00, 0x00, 0x0F, 0xFC, 0x7F, 0xC3, 0xFF, 0x00, 0x00, 0x00, 0x00, 0x00, 0x00, 0x3F, 0xFE,
    0xBF, 0xDF, 0xFF, 0x00, 0x00, 0x00, 0x00, 0x00, 0x00, 0xBF, 0xEF, 0xFF, 0xFE, 0xFF, 0x80, 0x00,
    0x00, 0x00, 0x00, 0x02, 0xFF, 0x07, 0xFF, 0xF0, 0xFF, 0xC0, 0x00, 0x00, 0x00, 0x00, 0x0B, 0xFD,
    0x02, 0xFF, 0x80, 0x7F, 0xD0, 0x00, 0x00, 0x00, 0x00, 0x2F, 0xF4, 0x02, 0xFF, 0x00, 0x3F, 0xF0,
    0x00, 0x00, 0x00, 0x00, 0x7F, 0xD0, 0x03, 0xFE, 0x00, 0x1F, 0xF4, 0x00, 0x00, 0x00, 0x01, 0xFF,
    0x40, 0x03, 0xFD, 0x00, 0x0F, 0xFC, 0x00, 0x00, 0x00, 0x07, 0xFE, 0x00, 0x07, 0xFC, 0x00, 0x0B,
    0xFC, 0x00, 0x00, 0x00, 0x0F, 0xF8, 0x00, 0x0B, 0xFC, 0x00, 0x03, 0xFE, 0x00, 0x00, 0x00, 0x3F,
    0xE0, 0x00, 0x0F, 0xFC, 0x00, 0x02, 0xFF, 0x00, 0x00, 0x01, 0xFF, 0xC0, 0x00, 0x1F, 0xF8, 0x00,
    0x01, 0xFF, 0x80, 0x00, 0x3F, 0xFF, 0xF8, 0x0B, 0xFF, 0xFF, 0xD0, 0x0F, 0xFF, 0xFC, 0x00, 0x00,
    0x00, 0x00, 0x00, 0x00, 0x00, 0x00, 0x00, 0x01, 0xFC, 0x00, 0x00, 0x00, 0x00, 0x00, 0x00, 0x00,
    0x00, 0x00, 0x00, 0x7C, 0x00, 0x00, 0x00, 0x00, 0x00, 0x00, 0x00, 0x00, 0x00, 0x00, 0x3C, 0x00,
    0x00, 0x00, 0x00, 0x00, 0x00, 0x00, 0x00, 0x00, 0x00, 0x3C, 0x00, 0x00, 0x00, 0x00, 0x00, 0x00,
    0x00, 0x00, 0x00, 0x00, 0x78, 0x00, 0x00, 0x00, 0x00, 0x00, 0x00, 0x00, 0x00, 0x00, 0x00, 0x34,
    0x00, 0x00, 0x0B, 0xF9, 0x00, 0x00, 0xF0, 0x00, 0x06, 0xFE, 0x40, 0x02, 0xE0, 0x7F, 0x00, 0x0F,
    0xE0, 0x01, 0xF8, 0x0F, 0x40, 0x3D, 0x00, 0x7F, 0x00, 0x3F, 0x40, 0x2F, 0x40, 0xBF, 0x02, 0xE0,
    0x00, 0xFD, 0x01, 0xFC, 0x02, 0xF8, 0x03, 0xF8, 0x0E, 0x00, 0x03, 0xF8, 0x0B, 0xF0, 0x1F, 0xC0,
    0x0B, 0x80, 0x10, 0x00, 0x0F, 0xE0, 0x3F, 0x80, 0xFE, 0x00, 0x00, 0x00, 0x00, 0x00, 0x3F, 0x80,
    0xFD, 0x07, 0xF4, 0x00, 0x00, 0x00, 0x00, 0x01, 0xFF, 0xFF, 0xFF, 0xFF, 0xC0, 0x00, 0x00, 0x00,
    0x00, 0x0B, 0xF4, 0x2F, 0xC0, 0xFF, 0x00, 0x00, 0x00, 0x00, 0x00, 0x3F, 0xC0, 0xFE, 0x03, 0xF8,
    0x00, 0x00, 0x01, 0xF4, 0x01, 0xFD, 0x03, 0xF4, 0x0F, 0xE0, 0x00, 0x00, 0x0F, 0xE0, 0x0F, 0xE0,
    0x1F, 0xC0, 0x3F, 0x80, 0x00, 0x28, 0x3F, 0x40, 0xBE, 0x00, 0xBF, 0x00, 0x7E, 0x00, 0x02, 0xF0,
    0xF8, 0x1F, 0xD0, 0x03, 0xF8, 0x00, 0xBE, 0x01, 0xBF, 0x80, 0xBF, 0xE4, 0x00, 0x0F, 0xD0, 0x00,
    0x2F, 0xFE, 0x4D, 0x00, 0x00, 0x00, 0x00, 0x00, 0x00, 0x00, 0x00, 0x00, 0x3C, 0x00, 0x00, 0x00,
    0x00, 0x00, 0x00, 0x00, 0x00, 0x00, 0xF4, 0x00, 0x00, 0x00, 0x00, 0x00, 0x00, 0x00, 0x00, 0x07,
    0xF0, 0x00, 0x00, 0x00, 0x00, 0x00, 0x00, 0x00, 0x00, 0x3F, 0xC0, 0x00, 0x00, 0x00, 0x00, 0x00,
    0x00, 0x00, 0x07, 0xFE, 0x00, 0x00, 0x00, 0x00, 0x00, 0x00, 0x00, 0x00, 0x7F, 0x90, 0x00, 0x00,
    0x00, 0x00, 0x00, 0x00, 0x00, 0x00, 0x40, 0x00, 0x00, 0x34, 0x1B, 0xFE, 0x40, 0x00, 0x1F, 0xFF,
    0xFF, 0xFD, 0x00, 0x0B, 0xFE, 0x40, 0x7F, 0xD0, 0x03, 0xFC, 0x00, 0x07, 0xFC, 0x01, 0xF8, 0x00,
    0x00, 0xFF, 0x00, 0xBC, 0x00, 0x00, 0x3F, 0xD0, 0x2C, 0x00, 0x00, 0x0F, 0xF4, 0x00, 0x00, 0x00,
    0x07, 0xFC, 0x00, 0x00, 0x00, 0x03, 0xFE, 0x00, 0x00, 0x00, 0x01, 0xFF, 0x00, 0x00, 0x00, 0x01,
    0xFE, 0x00, 0x00, 0x00, 0x06, 0xFD, 0x00, 0x00, 0x03, 0xFF, 0xF4, 0x00, 0x00, 0x00, 0x00, 0x2F,
    0xD0, 0x00, 0x00, 0x00, 0x02, 0xFE, 0x00, 0x00, 0x00, 0x00, 0x3F, 0xC0, 0x00, 0x00, 0x00, 0x0F,
    0xF4, 0x18, 0x00, 0x00, 0x03, 0xFD, 0x0F, 0x00, 0x00, 0x01, 0xFF, 0x43, 0xC0, 0x00, 0x00, 0xFF,
    0xC0, 0xF0, 0x00, 0x00, 0xBF, 0xD0, 0x2E, 0x00, 0x00, 0xBF, 0xD0, 0x03, 0xF4, 0x01, 0xFF, 0xD0,
    0x00, 0x3F, 0xFF, 0xFF, 0x80, 0x00, 0x01, 0xBF, 0xE5, 0x00, 0x00, 0x00, 0x0F, 0xF0, 0x00, 0x00,
    0x00, 0x03, 0xFF, 0x40, 0x00, 0x00, 0x00, 0x0F, 0xF0, 0x00, 0x00, 0x00, 0x02, 0xFC, 0x00, 0x00,
    0x00, 0x06, 0xFC, 0x00, 0x00, 0x03, 0xFF, 0xE4, 0x00, 0x00, 0x00, 0x00, 0x01, 0xBF, 0xE4, 0x00,
    0x07, 0xD0, 0x3F, 0x80, 0x07, 0xC0, 0x07, 0xF4, 0x02, 0xC0, 0x01, 0xFD, 0x00, 0x00, 0x00, 0xBF,
    0x00, 0x00, 0x00, 0x3F, 0x80, 0x00, 0x00, 0x7F, 0x80, 0x00, 0x2F, 0xFF, 0x40, 0x00, 0x00, 0x07,
    0xF8, 0x00, 0x90, 0x00, 0x3F, 0x40, 0xFD, 0x00, 0x1F, 0xE0, 0xBF, 0x00, 0x0B, 0xF4, 0x2F, 0x80,
    0x03, 0xFC, 0x03, 0xD0, 0x03, 0xFC, 0x00, 0x7F, 0xAF, 0xF4, 0x00, 0x01, 0xFE, 0x40, 0x00, 0x00,
    0x7F, 0x40, 0x00, 0x00, 0x0B, 0xFC, 0x00, 0x00, 0x00, 0x3F, 0x40, 0x00, 0x00, 0x1F, 0xD0, 0x00,
    0x00, 0x1F, 0xE0, 0x00, 0x1F, 0xFE, 0x80, 0x00, 0x00, 0x00, 0x00, 0x00, 0x00, 0x00, 0x1F, 0xFF,
    0xFF, 0xC0, 0x1F, 0xFF, 0xF0, 0x00, 0x7F, 0xFF, 0xFF, 0x00, 0x7F, 0xFF, 0xC0, 0x00, 0x07, 0xFD,
    0x00, 0x00, 0x2F, 0x80, 0x00, 0x00, 0x2F, 0xF0, 0x00, 0x03, 0xF0, 0x00, 0x00, 0x00, 0xFF, 0x80,
    0x00, 0x7E, 0x00, 0x00, 0x00, 0x03, 0xFD, 0x00, 0x0B, 0xD0, 0x00, 0x00, 0x00, 0x1F, 0xF0, 0x00,
    0xF8, 0x00, 0x00, 0x00, 0x00, 0xBF, 0xC0, 0x1F, 0x40, 0x00, 0x00, 0x00, 0x03, 0xFE, 0x02, 0xF0,
    0x00, 0x00, 0x00, 0x00, 0x0F, 0xF4, 0x3F, 0x80, 0x00, 0x00, 0x00, 0x00, 0x7F, 0xC7, 0xFF, 0x00,
    0x00, 0x00, 0x00, 0x02, 0xFF, 0xBF, 0xFD, 0x00, 0x00, 0x00, 0x00, 0x0F, 0xFF, 0x8F, 0xFC, 0x00,
    0x00, 0x00, 0x00, 0x3F, 0xF4, 0x1F, 0xF4, 0x00, 0x00, 0x00, 0x01, 0xFF, 0x00, 0x3F, 0xF0, 0x00,
    0x00, 0x00, 0x0B, 0xFC, 0x00, 0xBF, 0xC0, 0x00, 0x00, 0x00, 0x3F, 0xE0, 0x00, 0xFF, 0x80, 0x00,
    0x00, 0x00, 0xFF, 0x40, 0x02, 0xFF, 0x00, 0x00, 0x00, 0x07, 0xFC, 0x00, 0x03, 0xFE, 0x00, 0x00,
    0x00, 0x2F, 0xF0, 0x00, 0x0F, 0xFC, 0x00, 0x00, 0x00, 0xFF, 0x80, 0x00, 0x1F, 0xF8, 0x00, 0x02,
    0xFF, 0xFF, 0xF8, 0x0F, 0xFF, 0xFF, 0x00, 0x0B, 0xFF, 0xFF, 0xE0, 0x3F, 0xFF, 0xFC, 0x00, 0x00,
    0x00, 0x00, 0x00, 0x00, 0x07, 0xF0, 0x00, 0x00, 0x00, 0x00, 0x00, 0x00, 0x07, 0xC0, 0x00, 0x00,
    0x00, 0x00, 0x00, 0x00, 0x0F, 0x00, 0x00, 0x00, 0x00, 0x00, 0x00, 0x00, 0x38, 0x00, 0x00, 0x00,
    0x00, 0x00, 0x00, 0x01, 0xE0, 0x00, 0x00, 0x00, 0x00, 0x00, 0x00, 0x03, 0x40, 0x00, 0x02, 0xF8,
    0x00, 0x0B, 0xE0, 0x0E, 0x3F, 0x00, 0xB5, 0xF4, 0x2C, 0x3F, 0x42, 0xC3, 0xF4, 0x3C, 0x3F, 0x47,
    0x0B, 0xF0, 0x74, 0x7F, 0x1C, 0x03, 0xD0, 0x00, 0xBF, 0xB0, 0x00, 0x00, 0x00, 0xFF, 0xD0, 0x00,
    0x00, 0x00, 0xFF, 0xFF, 0x40, 0x00, 0x01, 0xFD, 0x7F, 0xD0, 0x00, 0x02, 0xFC, 0x0F, 0xF0, 0x00,
    0x03, 0xF8, 0x0B, 0xF0, 0x00, 0x03, 0xF4, 0x0B, 0xE0, 0x00, 0x07, 0xF0, 0x0B, 0xE0, 0x60, 0x0B,
    0xF0, 0x03, 0xE1, 0xE0, 0x07, 0xC0, 0x00, 0xBE, 0xE0, 0x00, 0x00, 0x00, 0x00, 0xF0, 0x00, 0x00,
    0x00, 0x00, 0xF8, 0x00, 0x00, 0x00, 0x00, 0xFC, 0x00, 0x00, 0x00, 0x03, 0xFC, 0x00, 0x00, 0x00,
    0x0F, 0xFC, 0x00, 0x00, 0x00, 0x3F, 0xE0, 0x00, 0x00, 0x00, 0x20, 0x00, 0x00, 0x00, 0x00, 0x00,
    0x00, 0x00, 0x00, 0x00, 0x00, 0x07, 0xFF, 0xFF, 0xF0, 0x00, 0x2F, 0xFF, 0xE0, 0x00, 0x07, 0xFD,
    0x00, 0x00, 0x00, 0xFD, 0x00, 0x00, 0x02, 0xFF, 0x00, 0x00, 0x00, 0xFC, 0x00, 0x00, 0x00, 0xFF,
    0xC0, 0x00, 0x01, 0xF8, 0x00, 0x00, 0x00, 0x3F, 0xE1, 0x40, 0x02, 0xF4, 0x00, 0x00, 0x00, 0x1F,
    0xF4, 0xE0, 0x03, 0xF0, 0x00, 0x00, 0x00, 0x0B, 0xFC, 0x34, 0x07, 0xE0, 0x00, 0x00, 0x00, 0x03,
    0xFF, 0x1C, 0x0B, 0xD0, 0x00, 0x00, 0x00, 0x00, 0xFF, 0x8B, 0x0B, 0xD0, 0x00, 0x00, 0x00, 0x00,
    0x7F, 0xD3, 0x8F, 0xC0, 0x00, 0x00, 0x00, 0x00, 0x2F, 0xFF, 0xFF, 0xF8, 0x00, 0x00, 0x00, 0x00,
    0x0F, 0xFC, 0x73, 0xFF, 0x00, 0x00, 0x00, 0x00, 0x03, 0xFE, 0x2C, 0x7F, 0xE0, 0x00, 0x00, 0x00,
    0x01, 0xFF, 0x4E, 0x0F, 0xFD, 0x00, 0x00, 0x00, 0x00, 0xBF, 0xC3, 0x40, 0xFF, 0xC0, 0x00, 0x00,
    0x00, 0x2F, 0xF1, 0xC0, 0x2F, 0xF4, 0x00, 0x00, 0x00, 0x0F, 0xF8, 0x00, 0x03, 0xFF, 0x00, 0x00,
    0x00, 0x03, 0xFD, 0x00, 0x00, 0x7F, 0xE0, 0x00, 0x00, 0x01, 0xFF, 0x00, 0x00, 0x0F, 0xFC, 0x00,
    0x00, 0x00, 0xBF, 0xC0, 0x00, 0x01, 0xFF, 0x80, 0x00, 0x00, 0x3F, 0xE0, 0x00, 0x00, 0x3F, 0xF4,
    0x00, 0x0B, 0xFF, 0xFF, 0xE0, 0x00, 0xFF, 0xFF, 0xF0, 0x02, 0xFF, 0xFF, 0xF8, 0x00, 0x3F, 0xFF,
    0xFC, 0x00, 0x02, 0xF8, 0x00, 0x00, 0xBD, 0x03, 0x8F, 0xC0, 0x00, 0xA7, 0xC1, 0xC3, 0xF4, 0x00,
    0x77, 0xF4, 0xE0, 0xFD, 0x00, 0x32, 0xFC, 0x74, 0x7F, 0x46, 0x38, 0x3D, 0x14, 0x2F, 0xC3, 0x6C,
    0x00, 0x00, 0x0F, 0xF0, 0xFD, 0x00, 0x00, 0x03, 0xFF, 0xFF, 0x40, 0x00, 0x01, 0xFD, 0x19, 0xFC,
    0x00, 0x00, 0xBF, 0x09, 0x2F, 0x80, 0x00, 0x3F, 0xC3, 0x0B, 0xF0, 0x74, 0x0F, 0xD0, 0x02, 0xF8,
    0x2C, 0x07, 0xF0, 0x00, 0xBE, 0x0E, 0x02, 0xFC, 0x00, 0x1F, 0x8B, 0x00, 0x7C, 0x00, 0x00, 0xBE,
    0x00, 0x00, 0x1F, 0xFF, 0xFF, 0xC0, 0x1F, 0xFF, 0xF0, 0x00, 0x7F, 0xFF, 0xFF, 0x00, 0x7F, 0xFF,
    0xC0, 0x00, 0x07, 0xFD, 0x00, 0x00, 0x2E, 0x40, 0x00, 0x00, 0x3F, 0xF0, 0x00, 0x03, 0xD0, 0x00,
    0x01, 0xFF, 0xFF, 0xFF, 0x80, 0x7C, 0x00, 0x00, 0x07, 0xFF, 0xFF, 0xFE, 0x0B, 0x80, 0x00, 0x00,
    0x00, 0x1F, 0xF0, 0x00, 0xF4, 0x00, 0x00, 0x00, 0x00, 0xBF, 0xC0, 0x1F, 0x00, 0x00, 0x00, 0x00,
    0x03, 0xFE, 0x02, 0xE0, 0x00, 0x00, 0x00, 0x00, 0x0F, 0xF4, 0x3F, 0x80, 0x00, 0x00, 0x00, 0x00,
    0x7F, 0xC7, 0xFF, 0x00, 0x00, 0x00, 0x00, 0x02, 0xFF, 0xBF, 0xFE, 0x00, 0x00, 0x00, 0x00, 0x0F,
    0xFF, 0x4F, 0xFC, 0x00, 0x00, 0x00, 0x00, 0x3F, 0xF4, 0x1F, 0xF4, 0x00, 0x00, 0x00, 0x01, 0xFF,
    0x00, 0x3F, 0xF0, 0x00, 0x00, 0x00, 0x0B, 0xFC, 0x00, 0x7F, 0xD0, 0x00, 0x00, 0x00, 0x3F, 0xE0,
    0x00, 0xFF, 0x80, 0x00, 0x00, 0x00, 0xFF, 0x40, 0x02, 0xFF, 0x00, 0x00, 0x00, 0x07, 0xFC, 0x00,
    0x03, 0xFE, 0x00, 0x00, 0x00, 0x2F, 0xF0, 0x00, 0x0B, 0xFC, 0x00, 0x00, 0x00, 0xFF, 0x80, 0x00,
    0x1F, 0xF8, 0x00, 0x02, 0xFF, 0xFF, 0xF8, 0x0F, 0xFF, 0xFF, 0x00, 0x0B, 0xFF, 0xFF, 0xE0, 0x3F,
    0xFF, 0xFC, 0x00, 0x00, 0x00, 0x00, 0x00, 0x00, 0x00, 0xBF, 0xF0, 0x00, 0x00, 0x02, 0xFC, 0x00,
    0x00, 0x00, 0xFE, 0x00, 0x00, 0x0B, 0xFF, 0xFD, 0x00, 0x02, 0xFF, 0xFF, 0x40, 0x00, 0x07, 0xF0,
    0x00, 0x00, 0x02, 0xFC, 0x00, 0x00, 0x00, 0xFE, 0x00, 0x00, 0x00, 0x3F, 0x40, 0x2F, 0x80, 0x1F,
    0xC0, 0x75, 0xB4, 0x0B, 0xF0, 0x70, 0xFD, 0x03, 0xF8, 0x70, 0x7F, 0x40, 0xFD, 0x70, 0x0F, 0x40,
    0x7F, 0xB0, 0x00, 0x00, 0x2F, 0xF4, 0x00, 0x00, 0x0F, 0xFF, 0xF4, 0x00, 0x07, 0xF4, 0xBF, 0x40,
    0x02, 0xFC, 0x0F, 0xF0, 0x00, 0xFF, 0x02, 0xFC, 0x0D, 0x3F, 0x80, 0xBF, 0x0B, 0x1F, 0xC0, 0x2F,
    0x83, 0x87, 0xF0, 0x03, 0xE2, 0xC0, 0xF4, 0x00, 0x2F, 0x80, 0x07, 0xFF, 0xFF, 0xFF, 0xF4, 0x03,
    0xFF, 0xFC, 0x0F, 0xFF, 0xFF, 0xFF, 0xF0, 0x03, 0xFF, 0xFC, 0x1F, 0xD0, 0x0F, 0xF8, 0x00, 0x00,
    0x7E, 0x40, 0x2F, 0x00, 0x1F, 0xF4, 0x00, 0x02, 0xF4, 0x00, 0x3D, 0x00, 0x2F, 0xF0, 0x00, 0x0F,
    0xC0, 0x00, 0x7C, 0x00, 0x3F, 0xF0, 0x00, 0x7E, 0x00, 0x00, 0xB4, 0x00, 0x3F, 0xE0, 0x02, 0xF4,
    0x00, 0x00, 0xB0, 0x00, 0x7F, 0xD0, 0x0F, 0x80, 0x00, 0x00, 0x00, 0x00, 0xBF, 0xC0, 0x7D, 0x00,
    0x00, 0x00, 0x00, 0x00, 0xFF, 0x82, 0xFC, 0x00, 0x00, 0x00, 0x00, 0x00, 0xFF, 0x4F, 0xFD, 0x00,
    0x00, 0x00, 0x00, 0x01, 0xFF, 0xBF, 0xFF, 0x00, 0x00, 0x00, 0x00, 0x02, 0xFF, 0xF2, 0xFF, 0x00,
    0x00, 0x00, 0x00, 0x03, 0xFF, 0x80, 0xFF, 0x80, 0x00, 0x00, 0x00, 0x03, 0xFE, 0x00, 0xBF, 0xC0,
    0x00, 0x00, 0x00, 0x07, 0xFC, 0x00, 0x3F, 0xE0, 0x00, 0x00, 0x00, 0x0B, 0xFC, 0x00, 0x2F, 0xF0,
    0x00, 0x00, 0x00, 0x0F, 0xF8, 0x00, 0x1F, 0xF4, 0x00, 0x00, 0x00, 0x0F, 0xF4, 0x00, 0x0F, 0xFC,
    0x00, 0x00, 0x00, 0x1F, 0xF0, 0x00, 0x07, 0xFD, 0x00, 0x00, 0x00, 0x2F, 0xF0, 0x00, 0x03, 0xFF,
    0x00, 0x00, 0x1F, 0xFF, 0xFF, 0xC0, 0x7F, 0xFF, 0xF4, 0x00, 0x1F, 0xFF, 0xFF, 0xC0, 0xBF, 0xFF,
    0xF4, 0x00, 0x1F, 0xFF, 0xFF, 0x40, 0x2F, 0xC3, 0xF8, 0x07, 0xF4, 0x1E, 0x2E, 0xBF, 0x00, 0xBF,
    0x0B, 0x4F, 0xFF, 0xE0, 0x0F, 0xF2, 0xC0, 0xFE, 0x7C, 0x00, 0xFE, 0xB0, 0x0B, 0x80, 0x00, 0x1F,
    0xF8, 0x00, 0x00, 0x00, 0x02, 0xFF, 0xF8, 0x00, 0x00, 0x00, 0x3F, 0x9B, 0xF8, 0x00, 0x00, 0x03,
    0xF4, 0x1F, 0xC0, 0x00, 0x00, 0x7F, 0x00, 0xFD, 0x0B, 0x00, 0x0B, 0xF0, 0x1F, 0xC0, 0xE0, 0x00,
    0xFE, 0x01, 0xFC, 0x2C, 0x00, 0x0F, 0xD0, 0x0F, 0xC7, 0x80, 0x00, 0xF8, 0x00, 0x1F, 0xD0, 0x00,
    0x00, 0x00, 0x00, 0x00, 0x00, 0x00, 0x00, 0x00, 0x7F, 0xFF, 0xFF, 0x0B, 0xFF, 0xFF, 0xF0, 0x00,
    0x07, 0xFE, 0x00, 0x00, 0x7F, 0xD0, 0x00, 0x00, 0x2F, 0xF0, 0x00, 0x02, 0xFF, 0x00, 0x00, 0x00,
    0xFF, 0xC0, 0x00, 0x0F, 0xFC, 0x00, 0x00, 0x03, 0xFE, 0x00, 0x00, 0x3F, 0xE0, 0x00, 0x00, 0x1F,
    0xF4, 0x00, 0x01, 0xFF, 0x40, 0x00, 0x00, 0xBF, 0xC0, 0x00, 0x0B, 0xFC, 0x00, 0x00, 0x03, 0xFF,
    0x00, 0x00, 0x3F, 0xF0, 0x00, 0x00, 0x0F, 0xF8, 0x00, 0x00, 0xFF, 0x80, 0x00, 0x00, 0x7F, 0xD0,
    0x00, 0x07, 0xFD, 0x00, 0x00, 0x02, 0xFF, 0xFF, 0xFF, 0xFF, 0xF0, 0x00, 0x00, 0x0F, 0xFF, 0xFF,
    0xFF, 0xFF, 0xC0, 0x00, 0x00, 0x3F, 0xE0, 0x00, 0x03, 0xFE, 0x00, 0x00, 0x01, 0xFF, 0x40, 0x00,
    0x0F, 0xF4, 0x00, 0x00, 0x0B, 0xFC, 0x00, 0x00, 0x7F, 0xC0, 0x00, 0x00, 0x2F, 0xF0, 0x00, 0x02,
    0xFF, 0x00, 0x00, 0x00, 0xFF, 0x80, 0x00, 0x0F, 0xF8, 0x00, 0x00, 0x03, 0xFD, 0x00, 0x00, 0x7F,
    0xD0, 0x00, 0x00, 0x1F, 0xF0, 0x00, 0x02, 0xFF, 0x00, 0x00, 0x00, 0xBF, 0xC0, 0x00, 0x0F, 0xFC,
    0x00, 0x00, 0x03, 0xFE, 0x00, 0x00, 0x3F, 0xE0, 0x00, 0x0B, 0xFF, 0xFF, 0xE0, 0xBF, 0xFF, 0xFF,
    0x00, 0x2F, 0xFF, 0xFF, 0x82, 0xFF, 0xFF, 0xFC, 0x00, 0x00, 0x00, 0x00, 0x00, 0x00, 0x1B, 0xF0,
    0x00, 0x00, 0x00, 0x00, 0x00, 0x00, 0x0B, 0xC0, 0x00, 0x00, 0x00, 0x00, 0x00, 0x00, 0x1E, 0x00,
    0x00, 0x00, 0x00, 0x00, 0x00, 0x00, 0x78, 0x00, 0x00, 0x00, 0x00, 0x00, 0x00, 0x01, 0xD0, 0x00,
    0x00, 0x00, 0x00, 0x00, 0x00, 0x07, 0x00, 0x00, 0x02, 0xF8, 0x00, 0x00, 0x00, 0x00, 0xF3, 0xF0,
    0x00, 0x1F, 0x40, 0x1C, 0x3F, 0x40, 0x03, 0xF4, 0x03, 0xC3, 0xF4, 0x00, 0x3F, 0x00, 0x78, 0x7F,
    0x40, 0x07, 0xF0, 0x07, 0x4B, 0xF0, 0x00, 0xFE, 0x00, 0x00, 0xFF, 0x00, 0x0F, 0xD0, 0x00, 0x0F,
    0xFF, 0xFF, 0xFC, 0x00, 0x01, 0xFD, 0x00, 0x2F, 0xC0, 0x00, 0x2F, 0xC0, 0x03, 0xF8, 0x00, 0x03,
    0xFC, 0x00, 0x3F, 0x40, 0x00, 0x3F, 0x80, 0x07, 0xF0, 0x00, 0x07, 0xF4, 0x00, 0xBF, 0x0A, 0x00,
    0xBF, 0x00, 0x07, 0xF1, 0xD0, 0x07, 0xD0, 0x00, 0x1F, 0xEE, 0x00, 0x00, 0x00, 0x00, 0x00, 0xF0,
    0x00, 0x00, 0x00, 0x00, 0x0F, 0x40, 0x00, 0x00, 0x00, 0x00, 0xFC, 0x00, 0x00, 0x00, 0x00, 0x3F,
    0xC0, 0x00, 0x00, 0x00, 0x0F, 0xFC, 0x00, 0x00, 0x00, 0x03, 0xFE, 0x00, 0x00, 0x00, 0x00, 0x60,
    0x00, 0x00, 0x1F, 0xFF, 0xFF, 0xC1, 0xFF, 0xFF, 0xFF, 0xFF, 0x80, 0x07, 0xFF, 0xFF, 0xF0, 0x7F,
    0xFF, 0xFF, 0xFF, 0xE0, 0x00, 0x07, 0xFD, 0x00, 0x00, 0x7F, 0xC0, 0x07, 0xF4, 0x00, 0x02, 0xFF,
    0x00, 0x00, 0x2F, 0xF0, 0x00, 0x3D, 0x00, 0x00, 0xFF, 0x80, 0x00, 0x0F, 0xF8, 0x00, 0x0F, 0x00,
    0x00, 0x3F, 0xD0, 0x00, 0x03, 0xFD, 0x00, 0x03, 0xC0, 0x00, 0x1F, 0xF0, 0x00, 0x02, 0xFF, 0x00,
    0x00, 0xF0, 0x00, 0x0B, 0xFC, 0x00, 0x00, 0xFF, 0xC0, 0x00, 0x38, 0x00, 0x03, 0xFE, 0x00, 0x00,
    0x3F, 0xE0, 0x00, 0x00, 0x00, 0x00, 0xFF, 0x40, 0x00, 0x1F, 0xF4, 0x00, 0x00, 0x00, 0x00, 0x7F,
    0xFF, 0xFF, 0xFF, 0xFC, 0x00, 0x00, 0x00, 0x00, 0x2F, 0xFF, 0xFF, 0xFF, 0xFF, 0x00, 0x00, 0x00,
    0x00, 0x0F, 0xF8, 0x00, 0x00, 0xFF, 0x80, 0x00, 0x00, 0x00, 0x03, 0xFD, 0x00, 0x00, 0x3F, 0xD0,
    0x00, 0x00, 0x00, 0x01, 0xFF, 0x00, 0x00, 0x1F, 0xF0, 0x00, 0x00, 0x00, 0x00, 0xBF, 0xC0, 0x00,
    0x0B, 0xFC, 0x00, 0x00, 0x00, 0x00, 0x3F, 0xE0, 0x00, 0x03, 0xFE, 0x00, 0x00, 0x00, 0x00, 0x0F,
    0xF4, 0x00, 0x01, 0xFF, 0x00, 0x00, 0x00, 0x00, 0x07, 0xFC, 0x00, 0x00, 0xBF, 0xC0, 0x00, 0x00,
    0x00, 0x02, 0xFF, 0x00, 0x00, 0x3F, 0xE0, 0x00, 0x00, 0x00, 0x00, 0xFF, 0x80, 0x00, 0x0F, 0xF8,
    0x00, 0x00, 0x00, 0x2F, 0xFF, 0xFF, 0x82, 0xFF, 0xFF, 0xF8, 0x00, 0x00, 0x0B, 0xFF, 0xFF, 0xE0,
    0xBF, 0xFF, 0xFE, 0x00, 0x00, 0x00, 0x02, 0xF8, 0x00, 0x03, 0xFF, 0xFF, 0xE0, 0x38, 0xFC, 0x00,
    0x0F, 0xE0, 0x0F, 0xD2, 0xC3, 0xF4, 0x00, 0x7F, 0x40, 0x3F, 0x4E, 0x0F, 0xD0, 0x02, 0xFC, 0x01,
    0xFC, 0x74, 0x7F, 0x00, 0x0F, 0xF0, 0x03, 0xD0, 0x02, 0xFC, 0x00, 0x3F, 0x80, 0x00, 0x00, 0x0F,
    0xFF, 0xFF, 0xFC, 0x00, 0x00, 0x00, 0x7F, 0x40, 0x0B, 0xF0, 0x00, 0x00, 0x02, 0xFC, 0x00, 0x3F,
    0x80, 0x00, 0x00, 0x0F, 0xE0, 0x00, 0xFD, 0x1D, 0x00, 0x00, 0x3F, 0x40, 0x07, 0xF0, 0xB0, 0x00,
    0x01, 0xFC, 0x00, 0x1F, 0xC3, 0x80, 0x00, 0x0B, 0xF0, 0x00, 0x3F, 0x2C, 0x00, 0x00, 0x1F, 0x40,
    0x00, 0x2F, 0xC0, 0x00, 0x00, 0x00, 0x1F, 0xFF, 0xFF, 0xFF, 0xFF, 0xFF, 0xFC, 0x00, 0x00, 0x01,
    0xFF, 0xFF, 0xFF, 0xFF, 0xFF, 0xFF, 0xC0, 0x00, 0x00, 0x00, 0x7F, 0xC0, 0x00, 0x07, 0xFC, 0x00,
    0x00, 0x00, 0x00, 0x0B, 0xFC, 0x00, 0x00, 0xBF, 0xC0, 0x00, 0x00, 0x00, 0x00, 0xFF, 0x80, 0x00,
    0x0F, 0xF8, 0x00, 0x00, 0x00, 0x00, 0x0F, 0xF4, 0x00, 0x00, 0xFF, 0x40, 0x00, 0x00, 0x00, 0x01,
    0xFF, 0x00, 0x00, 0x1F, 0xF0, 0x00, 0x00, 0x00, 0x00, 0x2F, 0xF0, 0x00, 0x02, 0xFF, 0x00, 0x00,
    0x00, 0x00, 0x03, 0xFE, 0x00, 0x00, 0x3F, 0xE0, 0x00, 0x00, 0x00, 0x00, 0x3F, 0xD0, 0x00, 0x03,
    0xFD, 0x00, 0x00, 0x00, 0x00, 0x07, 0xFC, 0x00, 0x00, 0x7F, 0xC0, 0x00, 0x00, 0x00, 0x00, 0xBF,
    0xC0, 0x00, 0x0B, 0xFF, 0xFF, 0xA4, 0x00, 0x00, 0x0F, 0xF8, 0x00, 0x00, 0xFF, 0x80, 0x6F, 0xF4,
    0x00, 0x00, 0xFF, 0x40, 0x00, 0x0F, 0xF4, 0x00, 0x3F, 0xE0, 0x00, 0x1F, 0xF0, 0x00, 0x01, 0xFF,
    0x00, 0x00, 0xFF, 0x40, 0x02, 0xFF, 0x00, 0x00, 0x3F, 0xF0, 0x00, 0x0F, 0xF8, 0x00, 0x3F, 0xE0,
    0x00, 0x03, 0xFE, 0x00, 0x00, 0xBF, 0xC0, 0x03, 0xFD, 0x00, 0x00, 0x7F, 0xD0, 0x00, 0x0B, 0xFC,
    0x00, 0x7F, 0xC0, 0x00, 0x0B, 0xFC, 0x00, 0x00, 0xFF, 0xC0, 0x0B, 0xFC, 0x00, 0x00, 0xFF, 0xC0,
    0x00, 0x0F, 0xFC, 0x00, 0xFF, 0x80, 0x00, 0x0F, 0xF8, 0x00, 0x00, 0xFF, 0x8B, 0xFF, 0xFF, 0xE0,
    0xBF, 0xFF, 0xFE, 0x00, 0x1F, 0xF4, 0xBF, 0xFF, 0xFE, 0x0B, 0xFF, 0xFF, 0xE0, 0x02, 0xFF, 0x00,
    0x00, 0x00, 0x00, 0x00, 0x00, 0x00, 0x00, 0x3F, 0xE0, 0x00, 0x00, 0x00, 0x00, 0x00, 0x07, 0xD0,
    0x0B, 0xFC, 0x00, 0x00, 0x00, 0x00, 0x00, 0x01, 0xFF, 0x00, 0xFF, 0x40, 0x00, 0x00, 0x00, 0x00,
    0x00, 0x3F, 0xF0, 0x2F, 0xD0, 0x00, 0x00, 0x00, 0x00, 0x00, 0x03, 0xFE, 0x0B, 0xF4, 0x00, 0x00,
    0x00, 0x00, 0x00, 0x00, 0x2F, 0xC2, 0xFC, 0x00, 0x00, 0x00, 0x00, 0x00, 0x00, 0x00, 0x7F, 0xF8,
    0x00, 0x00, 0x00, 0x00, 0x00, 0x00, 0x00, 0x00, 0x00, 0xBE, 0x02, 0xFF, 0x40, 0x00, 0x00, 0xE3,
    0xFB, 0x82, 0xF4, 0x00, 0x00, 0xB0, 0xFF, 0x40, 0x7F, 0x00, 0x00, 0x3C, 0x3F, 0x80, 0x1F, 0xC0,
    0x00, 0x1D, 0x1F, 0xC0, 0x0B, 0xF0, 0x00, 0x01, 0x0B, 0xF0, 0x03, 0xF8, 0x00, 0x00, 0x03, 0xF8,
    0x00, 0xFE, 0x50, 0x00, 0x00, 0xFD, 0x00, 0x7F, 0xBF, 0xE0, 0x00, 0x7F, 0x00, 0x2F, 0xC0, 0xBF,
    0x40, 0x2F, 0xC0, 0x0F, 0xE0, 0x0F, 0xF0, 0x0F, 0xE0, 0x03, 0xF4, 0x01, 0xFC, 0x03, 0xF4, 0x01,
    0xFC, 0x00, 0xBF, 0x01, 0xFC, 0x00, 0xBF, 0x00, 0x3F, 0x80, 0xBF, 0x00, 0x3F, 0x80, 0x0F, 0xD0,
    0x0F, 0x00, 0x07, 0x80, 0x07, 0xF0, 0x00, 0x00, 0x00, 0x00, 0x02, 0xFC, 0x00, 0x00, 0x00, 0x00,
    0x00, 0xFE, 0x00, 0x00, 0x00, 0x00, 0x00, 0x3F, 0x40, 0x00, 0x00, 0x00, 0xBC, 0x2F, 0xC0, 0x00,
    0x00, 0x00, 0x7F, 0x4F, 0xC0, 0x00, 0x00, 0x00, 0x1F, 0xDF, 0xC0, 0x00, 0x00, 0x00, 0x01, 0xFE,
    0x40, 0x00, 0x00, 0x00, 0x01, 0xBF, 0xFF, 0x90, 0x00, 0x00, 0x07, 0xF9, 0x00, 0x1B, 0x80, 0x00,
    0x02, 0xFC, 0x00, 0x00, 0x00, 0x00, 0x00, 0xFF, 0x00, 0x00, 0x00, 0x00, 0x00, 0x3F, 0xD0, 0x00,
    0x00, 0x00, 0x00, 0x07, 0xF8, 0x00, 0x00, 0x00, 0x00, 0x00, 0xFF, 0x00, 0x00, 0x00, 0x00, 0x00,
    0x2F, 0xF0, 0x00, 0x06, 0xFF, 0x90, 0x03, 0xFD, 0x00, 0x03, 0xE0, 0x2F, 0x80, 0x7F, 0xC0, 0x00,
    0xF4, 0x00, 0xFC, 0x0B, 0xFC, 0x00, 0x3F, 0x00, 0x0F, 0xD0, 0xFF, 0x80, 0x0B, 0xD0, 0x00, 0xFC,
    0x1F, 0xF4, 0x00, 0xFC, 0x00, 0x1F, 0xC2, 0xFF, 0x00, 0x1F, 0x80, 0x02, 0xFC, 0x2F, 0xF0, 0x02,
    0xF4, 0x00, 0x3F, 0x43, 0xFF, 0x00, 0x3F, 0x00, 0x03, 0xF0, 0x3F, 0xE0, 0x03, 0xF0, 0x00, 0xBF,
    0x03, 0xFE, 0x00, 0x7E, 0x00, 0x0F, 0xD0, 0x3F, 0xE0, 0x07, 0xE0, 0x02, 0xFC, 0x02, 0xFE, 0x00,
    0x7E, 0x00, 0x7F, 0x00, 0x1F, 0xF0, 0x03, 0xE0, 0x0F, 0xD0, 0x00, 0xBF, 0x80, 0x3F, 0x07, 0xF4,
    0x00, 0x02, 0xFE, 0x42, 0xFB, 0xFC, 0x00, 0x00, 0x01, 0xBF, 0xFF, 0xF9, 0x00, 0x00, 0x00, 0x00,
    0x00, 0x2F, 0x40, 0x00, 0x00, 0x00, 0x00, 0x00, 0x7E, 0x40, 0x00, 0x00, 0x00, 0x00, 0x00, 0x6F,
    0xF4, 0x00, 0x00, 0x02, 0xFF, 0xE0, 0x00, 0x0B, 0xD0, 0x00, 0x00, 0x0F, 0xC0, 0x00, 0x00, 0x0F,
    0xD0, 0x00, 0x00, 0x0B, 0xF0, 0x0B, 0xF8, 0x03, 0xF8, 0x0F, 0x0F, 0xC2, 0xFD, 0x0F, 0x43, 0xF0,
    0xFF, 0x07, 0xC0, 0xFC, 0x3F, 0xC3, 0xE0, 0x3F, 0x1F, 0xE0, 0xF4, 0x2F, 0x87, 0xF4, 0x7C, 0x0F,
    0xC0, 0xFD, 0x1F, 0x07, 0xE0, 0x3F, 0x87, 0xC7, 0xE0, 0x03, 0xF5, 0xFB, 0xE0, 0x00, 0x2F, 0xFF,
    0x90, 0x00, 0x00, 0x03, 0xD0, 0x00, 0x00, 0x00, 0x3E, 0x40, 0x00, 0x00, 0x01, 0xBE, 0x00, 0x00,
    0x00, 0x01, 0xBF, 0xF4, 0x01, 0xC0, 0x00, 0x0B, 0xFF, 0xFF, 0xC2, 0xF0, 0x00, 0x2F, 0xFD, 0x00,
    0xBE, 0xF8, 0x00, 0x3F, 0xF0, 0x00, 0x07, 0xFD, 0x00, 0x3F, 0xE0, 0x00, 0x00, 0xBF, 0x00, 0x3F,
    0xE0, 0x00, 0x00, 0x1F, 0xC0, 0x2F, 0xF0, 0x00, 0x00, 0x03, 0xE0, 0x1F, 0xF4, 0x00, 0x00, 0x00,
    0xF4, 0x0F, 0xFC, 0x00, 0x00, 0x00, 0x3C, 0x07, 0xFD, 0x00, 0x00, 0x00, 0x0A, 0x02, 0xFF, 0x00,
    0x00, 0x00, 0x00, 0x00, 0xFF, 0xC0, 0x00, 0x00, 0x00, 0x00, 0x7F, 0xE0, 0x00, 0x00, 0x00, 0x00,
    0x1F, 0xF4, 0x00, 0x00, 0x00, 0x00, 0x0B, 0xFC, 0x00, 0x00, 0x00, 0x00, 0x02, 0xFF, 0x00, 0x00,
    0x00, 0x01, 0x00, 0xBF, 0xC0, 0x00, 0x00, 0x03, 0xC0, 0x2F, 0xF0, 0x00, 0x00, 0x00, 0xF0, 0x07,
    0xFC, 0x00, 0x00, 0x00, 0xF4, 0x00, 0xFF, 0x00, 0x00, 0x00, 0x78, 0x00, 0x2F, 0xE0, 0x00, 0x00,
    0x7C, 0x00, 0x03, 0xFD, 0x00, 0x00, 0xBC, 0x00, 0x00, 0x3F, 0xF4, 0x01, 0xF8, 0x00, 0x00, 0x02,
    0xFF, 0xFF, 0xF4, 0x00, 0x00, 0x00, 0x06, 0xFF, 0x40, 0x00, 0x00, 0x00, 0x00, 0x3F, 0x80, 0x00,
    0x00, 0x00, 0x00, 0x0F, 0xFC, 0x00, 0x00, 0x00, 0x00, 0x00, 0x3F, 0x80, 0x00, 0x00, 0x00, 0x00,
    0x0F, 0xE0, 0x00, 0x00, 0x00, 0x00, 0x1B, 0xF0, 0x00, 0x00, 0x00, 0x0F, 0xFF, 0x90, 0x00, 0x00,
    0x00, 0x00, 0x01, 0xFF, 0x90, 0x00, 0xBE, 0x03, 0xD0, 0x0F, 0xD0, 0x2F, 0x80, 0xFE, 0x00, 0xFE,
    0x0B, 0xF0, 0x02, 0xE0, 0x3F, 0x80, 0x00, 0x02, 0xFD, 0x00, 0x00, 0x0F, 0xF0, 0x00, 0x00, 0x3F,
    0xC0, 0x00, 0x00, 0xFE, 0x00, 0x00, 0x03, 0xF4, 0x00, 0x00, 0x0F, 0xD0, 0x00, 0x0A, 0x2F, 0x80,
    0x00, 0xB8, 0x2F, 0x40, 0x2F, 0x80, 0x2F, 0xFF, 0xE0, 0x00, 0x0F, 0xE0, 0x00, 0x00, 0x3F, 0x80,
    0x00, 0x00, 0xBF, 0xC0, 0x00, 0x00, 0x3F, 0x80, 0x00, 0x00, 0xFE, 0x00, 0x00, 0x1F, 0xF0, 0x00,
    0xFF, 0xF9, 0x00, 0x00, 0x01, 0xFF, 0xFF, 0xFF, 0xFF, 0xFE, 0x03, 0xFF, 0xFF, 0xFF, 0xFF, 0xFE,
    0x03, 0xF4, 0x03, 0xFE, 0x00, 0xBE, 0x0B, 0xC0, 0x07, 0xFC, 0x00, 0x3D, 0x0F, 0x40, 0x0B, 0xFC,
    0x00, 0x3C, 0x0F, 0x00, 0x0F, 0xF8, 0x00, 0x3C, 0x2D, 0x00, 0x0F, 0xF4, 0x00, 0x3C, 0x3C, 0x00,
    0x1F, 0xF0, 0x00, 0x38, 0x00, 0x00, 0x2F, 0xF0, 0x00, 0x00, 0x00, 0x00, 0x3F, 0xE0, 0x00, 0x00,
    0x00, 0x00, 0x3F, 0xD0, 0x00, 0x00, 0x00, 0x00, 0x7F, 0xC0, 0x00, 0x00, 0x00, 0x00, 0xBF, 0xC0,
    0x00, 0x00, 0x00, 0x00, 0xFF, 0x80, 0x00, 0x00, 0x00, 0x00, 0xFF, 0x40, 0x00, 0x00, 0x00, 0x01,
    0xFF, 0x00, 0x00, 0x00, 0x00, 0x02, 0xFF, 0x00, 0x00, 0x00, 0x00, 0x03, 0xFE, 0x00, 0x00, 0x00,
    0x00, 0x03, 0xFD, 0x00, 0x00, 0x00, 0x00, 0x07, 0xFC, 0x00, 0x00, 0x00, 0x00, 0x0F, 0xFC, 0x00,
    0x00, 0x00, 0x3F, 0xFF, 0xFF, 0xFD, 0x00, 0x00, 0x3F, 0xFF, 0xFF, 0xFE, 0x00, 0x00, 0x00, 0x00,
    0x01, 0xFD, 0x00, 0x00, 0x00, 0x00, 0x00, 0x7D, 0x00, 0x00, 0x00, 0x00, 0x00, 0x3C, 0x00, 0x00,
    0x00, 0x00, 0x00, 0x3C, 0x00, 0x00, 0x00, 0x00, 0x00, 0x3C, 0x00, 0x00, 0x00, 0x00, 0x00, 0x3C,
    0x00, 0x00, 0x02, 0xF8, 0x06, 0xFE, 0x00, 0x7F, 0xE0, 0x00, 0x38, 0xFC, 0xF4, 0x3F, 0x5E, 0x43,
    0xF0, 0x02, 0xC3, 0xFF, 0x00, 0x7F, 0xD0, 0x0F, 0xD0, 0x0F, 0x0F, 0xF0, 0x01, 0xFE, 0x00, 0x3F,
    0x80, 0x74, 0x7F, 0x40, 0x0B, 0xF0, 0x00, 0xFE, 0x00, 0x42, 0xFC, 0x00, 0x3F, 0x80, 0x03, 0xF4,
    0x00, 0x0F, 0xE0, 0x00, 0xFD, 0x00, 0x1F, 0xC0, 0x00, 0x3F, 0x40, 0x07, 0xF0, 0x00, 0xFF, 0x00,
    0x01, 0xFC, 0x00, 0x2F, 0xC0, 0x03, 0xF4, 0x00, 0x0B, 0xF0, 0x00, 0xFE, 0x00, 0x1F, 0xC0, 0x00,
    0x3F, 0x80, 0x03, 0xF4, 0x00, 0xFE, 0x00, 0x00, 0xFD, 0x00, 0x1F, 0xC0, 0x03, 0xF4, 0x00, 0x07,
    0xF0, 0x00, 0xBF, 0x00, 0x0F, 0xC0, 0xE0, 0x2F, 0xC0, 0x03, 0xF8, 0x00, 0x3F, 0x1F, 0x00, 0x7D,
    0x00, 0x0B, 0xC0, 0x00, 0x2F, 0xBC, 0x00, 0x00, 0x00, 0x00, 0x00, 0x00, 0x00, 0xB0, 0x00, 0x00,
    0x00, 0x00, 0x00, 0x00, 0x01, 0xF0, 0x00, 0x00, 0x00, 0x00, 0x00, 0x00, 0x0F, 0xD0, 0x00, 0x00,
    0x00, 0x00, 0x00, 0x00, 0xBF, 0x40, 0x00, 0x00, 0x00, 0x00, 0x00, 0x0B, 0xFC, 0x00, 0x00, 0x00,
    0x00, 0x00, 0x00, 0xFF, 0x80, 0x00, 0x00, 0x00, 0x00, 0x00, 0x01, 0x00, 0x00, 0xFF, 0xFF, 0xFC,
    0x00, 0x3F, 0xFF, 0xDF, 0xFF, 0xFF, 0xC0, 0x03, 0xFF, 0xFC, 0x03, 0xFF, 0x40, 0x00, 0x03, 0xE0,
    0x00, 0x1F, 0xF8, 0x00, 0x00, 0xB8, 0x00, 0x00, 0xFF, 0xC0, 0x00, 0x2F, 0x00, 0x00, 0x0B, 0xFD,
    0x00, 0x07, 0xC0, 0x00, 0x00, 0x7F, 0xE0, 0x01, 0xF0, 0x00, 0x00, 0x03, 0xFF, 0x00, 0x7D, 0x00,
    0x00, 0x00, 0x2F, 0xF4, 0x0F, 0x40, 0x00, 0x00, 0x01, 0xFF, 0xC3, 0xD0, 0x00, 0x00, 0x00, 0x0F,
    0xFD, 0xF8, 0x00, 0x00, 0x00, 0x00, 0xBF, 0xFE, 0x00, 0x00, 0x00, 0x00, 0x03, 0xFF, 0xC0, 0x00,
    0x00, 0x00, 0x00, 0x3F, 0xF0, 0x00, 0x00, 0x00, 0x00, 0x03, 0xFE, 0x00, 0x00, 0x00, 0x00, 0x00,
    0x3F, 0xC0, 0x00, 0x00, 0x00, 0x00, 0x07, 0xFC, 0x00, 0x00, 0x00, 0x00, 0x00, 0xBF, 0x80, 0x00,
    0x00, 0x00, 0x00, 0x0F, 0xF4, 0x00, 0x00, 0x00, 0x00, 0x00, 0xFF, 0x00, 0x00, 0x00, 0x00, 0x00,
    0x1F, 0xF0, 0x00, 0x00, 0x00, 0x00, 0xFF, 0xFF, 0xFC, 0x00, 0x00, 0x00, 0x0F, 0xFF, 0xFF, 0xC0,
    0x00, 0x00, 0x00, 0x02, 0xF8, 0x00, 0x00, 0x02, 0xF8, 0x0E, 0x3F, 0x40, 0x00, 0x2D, 0x7F, 0x2C,
    0x3F, 0x80, 0x00, 0xB0, 0xFF, 0x38, 0x2F, 0xC0, 0x01, 0xE0, 0xBC, 0x74, 0x1F, 0xC0, 0x03, 0xC0,
    0x00, 0x00, 0x1F, 0xD0, 0x0B, 0x00, 0x00, 0x00, 0x0F, 0xD0, 0x0E, 0x00, 0x00, 0x00, 0x0F, 0xE0,
    0x3C, 0x00, 0x00, 0x00, 0x0F, 0xE0, 0x70, 0x00, 0x00, 0x00, 0x0B, 0xF0, 0xE0, 0x00, 0x00, 0x00,
    0x0B, 0xF3, 0xC0, 0x00, 0x00, 0x00, 0x07, 0xFB, 0x00, 0x00, 0x00, 0x00, 0x07, 0xFE, 0x00, 0x00,
    0x00, 0x00, 0x03, 0xFC, 0x00, 0x00, 0x00, 0x00, 0x03, 0xF4, 0x00, 0x00, 0x00, 0x00, 0x03, 0xF0,
    0x00, 0x00, 0x00, 0x00, 0x07, 0xF0, 0x00, 0x00, 0x00, 0x00, 0x0F, 0xE0, 0x00, 0x00, 0x00, 0x00,
    0x0F, 0xD0, 0x00, 0x00, 0x00, 0x02, 0xFF, 0xFD, 0x00, 0x00, 0x00, 0x02, 0xFF, 0xFD, 0x00, 0x00,
    0x00, 0x00, 0x00, 0x00, 0x00, 0x00, 0x00, 0xFF, 0xFF, 0xFC, 0x00, 0x3F, 0xFF, 0xDF, 0xFF, 0xFF,
    0xC0, 0x03, 0xFF, 0xFC, 0x03, 0xFF, 0x40, 0x00, 0x03, 0xE0, 0x00, 0x1F, 0xF8, 0x00, 0x00, 0xB8,
    0x00, 0x00, 0xFF, 0xC0, 0x00, 0x2F, 0x00, 0x00, 0x0F, 0xFD, 0x00, 0x07, 0xC0, 0x00, 0x00, 0x7F,
    0xE0, 0x01, 0xF0, 0x00, 0x00, 0x03, 0xFF, 0x00, 0x3D, 0x00, 0x00, 0x00, 0x2F, 0xF4, 0x0F, 0x40,
    0x00, 0x00, 0x01, 0xFF, 0xC3, 0xE0, 0x00, 0x00, 0x00, 0x0F, 0xFC, 0xB8, 0x00, 0x00, 0x00, 0x00,
    0xBF, 0xFF, 0x00, 0x00, 0x00, 0x00, 0x03, 0xFF, 0xC0, 0x00, 0x00, 0x00, 0x00, 0x3F, 0xF0, 0x00,
    0x00, 0x00, 0x07, 0xFF, 0xFF, 0xFF, 0x00, 0x00, 0x00, 0x7F, 0xFF, 0xFF, 0xF0, 0x00, 0x00, 0x00,
    0x03, 0xFC, 0x00, 0x00, 0x00, 0x00, 0x00, 0xBF, 0xC0, 0x00, 0x00, 0x00, 0x00, 0x0F, 0xF8, 0x00,
    0x00, 0x00, 0x00, 0x00, 0xFF, 0x00, 0x00, 0x00, 0x00, 0x00, 0x1F, 0xF0, 0x00, 0x00, 0x00, 0x00,
    0xFF, 0xFF, 0xFC, 0x00, 0x00, 0x00, 0x0F, 0xFF, 0xFF, 0xC0, 0x00, 0x00, 0x00, 0x02, 0xFD, 0x00,
    0x00, 0x02, 0xF8, 0x0E, 0x3F, 0x00, 0x00, 0x2D, 0x7F, 0x2C, 0x3F, 0x80, 0x00, 0xB0, 0xFF, 0x3C,
    0x2F, 0xC0, 0x01, 0xE0, 0xBC, 0x74, 0x1F, 0xC0, 0x03, 0xC0, 0x00, 0x00, 0x1F, 0xD0, 0x0B, 0x40,
    0x00, 0x00, 0x0F, 0xD0, 0x0E, 0x00, 0x00, 0x00, 0x0F, 0xE0, 0x3C, 0x00, 0x00, 0x00, 0x0F, 0xE0,
    0x74, 0x00, 0x00, 0x00, 0x0B, 0xF0, 0xF0, 0x00, 0x00, 0x00, 0x0B, 0xF2, 0xC0, 0x00, 0x00, 0x00,
    0x07, 0xF7, 0x80, 0x00, 0x00, 0x00, 0x07, 0xFF, 0x00, 0x00, 0x00, 0x00, 0x03, 0xFD, 0x00, 0x00,
    0x00, 0x00, 0x03, 0xF8, 0x00, 0x00, 0x00, 0x01, 0xFF, 0xFF, 0xD0, 0x00, 0x00, 0x00, 0x07, 0xF0,
    0x00, 0x00, 0x00, 0x00, 0x0B, 0xE0, 0x00, 0x00, 0x00, 0x00, 0x0F, 0xD0, 0x00, 0x00, 0x00, 0x02,
    0xFF, 0xFD, 0x00, 0x00, 0x00, 0x02, 0xFF, 0xFC, 0x00, 0x00, 0x00, 0x00, 0x0F, 0xFF, 0xFF, 0x83,
    0xFF, 0xFF, 0x40, 0x03, 0xFF, 0xFF, 0xE0, 0xFF, 0xFF, 0xD0, 0x00, 0x03, 0xFF, 0x40, 0x02, 0xF4,
    0x00, 0x00, 0x00, 0x7F, 0xD0, 0x01, 0xF0, 0x00, 0x00, 0x00, 0x0F, 0xFC, 0x01, 0xF4, 0x00, 0x00,
    0x00, 0x02, 0xFF, 0x41, 0xF4, 0x00, 0x00, 0x00, 0x00, 0x3F, 0xE0, 0xF4, 0x00, 0x00, 0x00, 0x00,
    0x0F, 0xFD, 0xF4, 0x00, 0x00, 0x00, 0x00, 0x01, 0xFF, 0xF4, 0x00, 0x00, 0x00, 0x00, 0x00, 0x3F,
    0xF8, 0x00, 0x00, 0x00, 0x00, 0x00, 0x0B, 0xFD, 0x00, 0x00, 0x00, 0x00, 0x00, 0x00, 0xFF, 0xC0,
    0x00, 0x00, 0x00, 0x00, 0x00, 0xFF, 0xF0, 0x00, 0x00, 0x00, 0x00, 0x00, 0xFF, 0xFE, 0x00, 0x00,
    0x00, 0x00, 0x00, 0xB8, 0xFF, 0xC0, 0x00, 0x00, 0x00, 0x00, 0xBC, 0x2F, 0xF4, 0x00, 0x00, 0x00,
    0x00, 0xBC, 0x03, 0xFF, 0x00, 0x00, 0x00, 0x00, 0xBC, 0x00, 0xBF, 0xD0, 0x00, 0x00, 0x00, 0xBC,
    0x00, 0x1F, 0xF8, 0x00, 0x00, 0x00, 0xBC, 0x00, 0x03, 0xFF, 0x00, 0x00, 0x00, 0xBD, 0x00, 0x00,
    0x7F, 0xE0, 0x00, 0x2F, 0xFF, 0xF8, 0x03, 0xFF, 0xFF, 0xF0, 0x0B, 0xFF, 0xFE, 0x00, 0xFF, 0xFF,
    0xFC, 0x00, 0x00, 0x00, 0x00, 0x00, 0x00, 0xBF, 0x00, 0x00, 0x00, 0x00, 0x00, 0x00, 0x0B, 0x80,
    0x00, 0x00, 0x00, 0x00, 0x00, 0x01, 0xE0, 0x00, 0x00, 0x00, 0x00, 0x00, 0x00, 0x78, 0x00, 0x00,
    0x00, 0x00, 0x00, 0x00, 0x2D, 0x00, 0x00, 0x00, 0x00, 0x00, 0x00, 0x07, 0x00, 0x00, 0x00, 0x6F,
    0xE4, 0x1F, 0xE4, 0x03, 0xD0, 0x7E, 0xF4, 0x3D, 0x0F, 0x00, 0x3F, 0xD0, 0xFF, 0x3C, 0x00, 0x3F,
    0xC0, 0xFE, 0x74, 0x00, 0x3F, 0x80, 0xB8, 0x00, 0x00, 0x7F, 0x40, 0x00, 0x00, 0x00, 0xBF, 0x00,
    0x00, 0x00, 0x00, 0xFF, 0x00, 0x00, 0x00, 0x00, 0xFE, 0x00, 0x00, 0x00, 0x01, 0xFD, 0x00, 0x08,
    0x2E, 0x02, 0xFC, 0x00, 0x2D, 0xBF, 0x03, 0xFC, 0x00, 0x3C, 0xFF, 0x07, 0xFC, 0x00, 0xF8, 0x7C,
    0x1F, 0xBD, 0x07, 0xF4, 0x1B, 0xF4, 0x1B, 0xFD, 0x78, 0x00, 0x00, 0x00, 0x00, 0x3C, 0x00, 0x00,
    0x00, 0x00, 0x3D, 0x00, 0x00, 0x00, 0x00, 0xBE, 0x00, 0x00, 0x00, 0x01, 0xFE, 0x00, 0x00, 0x00,
    0x07, 0xFD, 0x00, 0x00, 0x00, 0x2F, 0xE4, 0x00, 0x00, 0x00, 0x10, 0x00, 0x0B, 0xFF, 0xFF, 0xFF,
    0xFF, 0xE0, 0xFF, 0xFF, 0xFD, 0x0F, 0xFF, 0xFF, 0xFF, 0xFF, 0xE0, 0xFF, 0xFF, 0xFD, 0x1F, 0xD0,
    0x2F, 0xF0, 0x0B, 0xD0, 0x03, 0xFF, 0x00, 0x3F, 0x00, 0x3F, 0xE0, 0x03, 0xD0, 0x03, 0xFD, 0x00,
    0x3C, 0x00, 0x3F, 0xD0, 0x03, 0xC0, 0x07, 0xFD, 0x00, 0x78, 0x00, 0x7F, 0xC0, 0x03, 0xC0, 0x0B,
    0xFC, 0x00, 0xB0, 0x00, 0xBF, 0xC0, 0x03, 0xC0, 0x0F, 0xFC, 0x00, 0xF0, 0x00, 0xFF, 0x80, 0x03,
    0x40, 0x0F, 0xF8, 0x00, 0x00, 0x00, 0xFF, 0x40, 0x00, 0x00, 0x0F, 0xF4, 0x00, 0x00, 0x01, 0xFF,
    0x00, 0x00, 0x00, 0x1F, 0xF0, 0x00, 0x00, 0x02, 0xFF, 0x00, 0x00, 0x00, 0x2F, 0xF0, 0x00, 0x00,
    0x03, 0xFE, 0x00, 0x00, 0x00, 0x3F, 0xE0, 0x00, 0x00, 0x03, 0xFD, 0x00, 0x00, 0x00, 0x3F, 0xD0,
    0x00, 0x00, 0x07, 0xFC, 0x00, 0x00, 0x00, 0x7F, 0xC0, 0x00, 0x00, 0x0B, 0xFC, 0x00, 0x00, 0x00,
    0xBF, 0xC0, 0x00, 0x00, 0x0F, 0xF8, 0x00, 0x00, 0x00, 0xFF, 0x80, 0x00, 0x00, 0x0F, 0xF4, 0x00,
    0x00, 0x00, 0xFF, 0x40, 0x00, 0x00, 0x1F, 0xF4, 0x00, 0x00, 0x01, 0xFF, 0x00, 0x00, 0x00, 0x2F,
    0xF0, 0x00, 0x00, 0x02, 0xFF, 0x00, 0x00, 0x00, 0x3F, 0xF0, 0x00, 0x00, 0x03, 0xFE, 0x00, 0x00,
    0x00, 0x3F, 0xE0, 0x00, 0x00, 0x03, 0xFD, 0x00, 0x00, 0x00, 0xBF, 0xD0, 0x00, 0x00, 0x07, 0xFC,
    0x00, 0x00, 0x3F, 0xFF, 0xFF, 0xFF, 0xFF, 0xFF, 0xFF, 0xF8, 0x00, 0x00, 0x00, 0x00, 0x00, 0x00,
    0x00, 0x07, 0xF8, 0x00, 0x00, 0x00, 0x00, 0x00, 0x00, 0x00, 0x00, 0xF8, 0x00, 0x00, 0x00, 0x00,
    0x00, 0x00, 0x00, 0x00, 0xB4, 0x00, 0x00, 0x00, 0x00, 0x00, 0x00, 0x00, 0x00, 0xB4, 0x00, 0x00,
    0x00, 0x00, 0x00, 0x00, 0x00, 0x00, 0xF0, 0x00, 0x00, 0x00, 0x00, 0x00, 0x00, 0x00, 0x00, 0xB0,
    0x00, 0x1F, 0xFF, 0xFF, 0xFF, 0xF0, 0xBC, 0x03, 0xF8, 0x07, 0xF4, 0x00, 0x0F, 0xD0, 0xBF, 0x00,
    0xBF, 0x00, 0x01, 0xFC, 0x0B, 0xE0, 0x0F, 0xF0, 0x00, 0x2F, 0xC0, 0x7C, 0x00, 0xFD, 0x00, 0x03,
    0xF8, 0x00, 0x00, 0x1F, 0xC0, 0x00, 0x3F, 0x40, 0x00, 0x02, 0xFC, 0x00, 0x07, 0xF0, 0x00, 0x00,
    0x3F, 0x80, 0x00, 0xBF, 0x00, 0x00, 0x03, 0xF4, 0x00, 0x0F, 0xE0, 0x00, 0x00, 0x3F, 0x40, 0x00,
    0xFD, 0x00, 0x00, 0x03, 0xF0, 0x00, 0x2F, 0xC0, 0x40, 0x00, 0x3F, 0x40, 0x0B, 0xFC, 0x38, 0x00,
    0x01, 0xFD, 0x07, 0xEF, 0x8B, 0x40, 0x00, 0x02, 0xFF, 0xD0, 0x7F, 0xB4, 0x00, 0x00, 0x00, 0x00,
    0x00, 0x03, 0xC0, 0x00, 0x00, 0x00, 0x00, 0x00, 0x3D, 0x00, 0x00, 0x00, 0x00, 0x00, 0x07, 0xF0,
    0x00, 0x00, 0x00, 0x00, 0x00, 0xFF, 0x00, 0x00, 0x00, 0x00, 0x00, 0x3F, 0xE0, 0x00, 0x00, 0x00,
    0x00, 0x0F, 0xF8, 0x00, 0x00, 0x00, 0x00, 0x01, 0x40, 0x00, 0x7F, 0xFF, 0xFF, 0x0B, 0xFF, 0xFF,
    0xF7, 0xFF, 0xFF, 0xF0, 0x7F, 0xFF, 0xFF, 0x01, 0xFF, 0x40, 0x00, 0x1F, 0xF0, 0x00, 0x2F, 0xF0,
    0x00, 0x02, 0xFF, 0x00, 0x03, 0xFE, 0x00, 0x00, 0x3F, 0xE0, 0x00, 0x3F, 0xD0, 0x00, 0x03, 0xFD,
    0x00, 0x07, 0xFC, 0x00, 0x00, 0x7F, 0xC0, 0x00, 0xBF, 0xC0, 0x00, 0x0B, 0xFC, 0x00, 0x0F, 0xF8,
    0x00, 0x00, 0xFF, 0x80, 0x00, 0xFF, 0x40, 0x00, 0x0F, 0xF4, 0x00, 0x0B, 0xF4, 0x00, 0x01, 0xFF,
    0x00, 0x00, 0x2F, 0xC0, 0x05, 0xBF, 0xF0, 0x00, 0x00, 0x6F, 0xFF, 0xEB, 0xFE, 0x00, 0x00, 0x00,
    0x00, 0x00, 0x7F, 0xD0, 0x00, 0x00, 0x00, 0x00, 0x0B, 0xFC, 0x00, 0x00, 0x00, 0x00, 0x00, 0xFF,
    0xC0, 0x00, 0x00, 0x00, 0x00, 0x0F, 0xF8, 0x00, 0x00, 0x00, 0x00, 0x01, 0xFF, 0x40, 0x00, 0x00,
    0x00, 0x00, 0x2F, 0xF0, 0x00, 0x00, 0x00, 0x00, 0x03, 0xFF, 0x00, 0x00, 0x00, 0x00, 0x00, 0x3F,
    0xE0, 0x00, 0x00, 0x00, 0x02, 0xFF, 0xFF, 0xFC, 0x00, 0x00, 0x00, 0x3F, 0xFF, 0xFF, 0xC0, 0x00,
    0x00, 0x00, 0x00, 0x06, 0xFC, 0x00, 0x00, 0x00, 0x00, 0x00, 0x0B, 0xC0, 0x00, 0x00, 0x00, 0x00,
    0x00, 0x78, 0x00, 0x00, 0x00, 0x00, 0x00, 0x07, 0x80, 0x00, 0x00, 0x00, 0x00, 0x00, 0x74, 0x00,
    0x00, 0x00, 0x00, 0x00, 0x07, 0x00, 0x00, 0x02, 0xF8, 0x00, 0x00, 0x00, 0x02, 0xCB, 0xC0, 0x02,
    0xF4, 0x01, 0xC3, 0xF4, 0x00, 0xFD, 0x00, 0xE0, 0xFD, 0x00, 0x7F, 0x00, 0x74, 0x7F, 0x00, 0x2F,
    0xC0, 0x00, 0x2F, 0xC0, 0x0F, 0xE0, 0x00, 0x0B, 0xF0, 0x03, 0xF4, 0x00, 0x00, 0xFD, 0x07, 0xFC,
    0x00, 0x00, 0x0B, 0xFE, 0xFF, 0x00, 0x00, 0x00, 0x00, 0x3F, 0x80, 0x00, 0x00, 0x00, 0x0F, 0xD0,
    0x00, 0x00, 0x00, 0x07, 0xF0, 0x10, 0x00, 0x00, 0x01, 0xFC, 0x38, 0x00, 0x00, 0x00, 0x3F, 0x2D,
    0x00, 0x00, 0x00, 0x06, 0xFB, 0x80, 0x00, 0x00, 0x00, 0x00, 0xF0, 0x00, 0x00, 0x00, 0x00, 0x3E,
    0x00, 0x00, 0x00, 0x00, 0x0F, 0xC0, 0x00, 0x00, 0x00, 0x0F, 0xF0, 0x00, 0x00, 0x00, 0x0F, 0xFC,
    0x00, 0x00, 0x00, 0x0F, 0xF8, 0x00, 0x00, 0x00, 0x02, 0x00, 0x00, 0x7F, 0xFF, 0xFF, 0x0B, 0xFF,
    0xFF, 0xF7, 0xFF, 0xFF, 0xF0, 0x7F, 0xFF, 0xFF, 0x01, 0xFF, 0x40, 0x00, 0x1F, 0xF0, 0x00, 0x2F,
    0xF0, 0x00, 0x02, 0xFF, 0x00, 0x03, 0xFE, 0x00, 0x00, 0x3F, 0xE0, 0x00, 0x3F, 0xD0, 0x00, 0x03,
    0xFD, 0x00, 0x07, 0xFC, 0x00, 0x00, 0x7F, 0xC0, 0x00, 0xBF, 0xC0, 0x00, 0x0B, 0xFC, 0x00, 0x0F,
    0xFC, 0x07, 0x00, 0xFF, 0x80, 0x00, 0xFF, 0x80, 0xB0, 0x0F, 0xF4, 0x00, 0x0F, 0xF4, 0x0F, 0x01,
    0xFF, 0x00, 0x00, 0x7F, 0x80, 0xE0, 0x2F, 0xF0, 0x00, 0x02, 0xFC, 0x1E, 0x6F, 0xFE, 0x00, 0x00,
    0x06, 0xFF, 0xF9, 0x7F, 0xD0, 0x00, 0x00, 0x00, 0x3C, 0x07, 0xFC, 0x00, 0x00, 0x00, 0x03, 0x80,
    0xBF, 0x80, 0x00, 0x00, 0x00, 0x74, 0x0F, 0xF4, 0x00, 0x00, 0x00, 0x0B, 0x00, 0xFF, 0x00, 0x00,
    0x00, 0x00, 0xB0, 0x1F, 0xF0, 0x00, 0x00, 0x00, 0x00, 0x03, 0xFE, 0x00, 0x00, 0x00, 0x00, 0x00,
    0x3F, 0xD0, 0x00, 0x00, 0x00, 0x03, 0xFF, 0xFF, 0xF8, 0x00, 0x00, 0x00, 0x3F, 0xFF, 0xFF, 0x40,
    0x00, 0x00, 0x00, 0x00, 0x00, 0x00, 0x00, 0x02, 0xF8, 0x00, 0x02, 0x80, 0x0B, 0x2F, 0x00, 0x0F,
    0xE0, 0x1C, 0x3F, 0x40, 0x0F, 0xD0, 0x3C, 0x3F, 0x40, 0x1F, 0xC0, 0x74, 0x7F, 0x00, 0x2F, 0xC0,
    0x10, 0xBF, 0x0C, 0x3F, 0x80, 0x00, 0xBF, 0x1C, 0x7F, 0x40, 0x00, 0x3F, 0xAE, 0xFF, 0x00, 0x00,
    0x0B, 0xFE, 0xFF, 0x00, 0x00, 0x00, 0x30, 0xFE, 0x00, 0x00, 0x00, 0x70, 0xFD, 0x0D, 0x00, 0x00,
    0x61, 0xFC, 0x2C, 0x00, 0x00, 0x01, 0xFC, 0x38, 0x00, 0x00, 0x00, 0xFC, 0xB0, 0x00, 0x00, 0x00,
    0x2F, 0xC0, 0x00, 0x1F, 0xFF, 0xFF, 0xC0, 0x00, 0x00, 0x01, 0xFF, 0xFF, 0xFC, 0x00, 0x00, 0x00,
    0x00, 0x7F, 0xD0, 0x00, 0x00, 0x00, 0x00, 0x0B, 0xFC, 0x00, 0x00, 0x00, 0x00, 0x00, 0xFF, 0x80,
    0x00, 0x00, 0x00, 0x00, 0x0F, 0xF4, 0x00, 0x00, 0x00, 0x00, 0x01, 0xFF, 0x01, 0xBF, 0xF8, 0x00,
    0x00, 0x2F, 0xF2, 0xF4, 0x0F, 0xF0, 0x00, 0x03, 0xFF, 0xF4, 0x00, 0x7F, 0xC0, 0x00, 0x3F, 0xFC,
    0x00, 0x07, 0xFC, 0x00, 0x07, 0xFF, 0x00, 0x00, 0xBF, 0x80, 0x00, 0xBF, 0xD0, 0x00, 0x0B, 0xF8,
    0x00, 0x0F, 0xFC, 0x00, 0x00, 0xFF, 0x40, 0x00, 0xFF, 0x40, 0x00, 0x0F, 0xF0, 0x00, 0x1F, 0xF0,
    0x00, 0x01, 0xFF, 0x00, 0x02, 0xFF, 0x00, 0x00, 0x2F, 0xE0, 0x00, 0x3F, 0xE0, 0x00, 0x03, 0xFD,
    0x00, 0x03, 0xFD, 0x00, 0x00, 0x7F, 0xC0, 0x00, 0x7F, 0xC0, 0x00, 0x0B, 0xFC, 0x00, 0x0B, 0xFC,
    0x00, 0x00, 0xFF, 0x80, 0x00, 0xFF, 0x80, 0x00, 0x0F, 0xF8, 0x0B, 0xFF, 0xFF, 0xE0, 0xBF, 0xFF,
    0xFE, 0xBF, 0xFF, 0xFE, 0x0B, 0xFF, 0xFF, 0xE0, 0x02, 0xFF, 0xC0, 0x00, 0x00, 0x00, 0xFF, 0x00,
    0x00, 0x00, 0x03, 0xFC, 0x00, 0x00, 0x00, 0x0F, 0xE0, 0x00, 0x00, 0x00, 0x7F, 0x40, 0x00, 0x00,
    0x02, 0xFC, 0x00, 0x00, 0x00, 0x0F, 0xF0, 0x00, 0x00, 0x00, 0x3F, 0x80, 0x00, 0x00, 0x01, 0xFD,
    0x6F, 0xE0, 0x00, 0x0B, 0xFF, 0x43, 0xF4, 0x00, 0x3F, 0xF0, 0x07, 0xF0, 0x00, 0xFF, 0x00, 0x1F,
    0xC0, 0x07, 0xF4, 0x00, 0xBF, 0x00, 0x2F, 0xC0, 0x03, 0xF8, 0x00, 0xFF, 0x00, 0x0F, 0xD0, 0x03,
    0xF8, 0x00, 0x7F, 0x00, 0x1F, 0xD0, 0x03, 0xFC, 0x00, 0xBF, 0x00, 0x0F, 0xD0, 0x03, 0xFC, 0x00,
    0x7F, 0x07, 0x4F, 0xE0, 0x03, 0xF8, 0x2C, 0x7F, 0x40, 0x0F, 0xD1, 0xE1, 0xFC, 0x00, 0x2F, 0x4E,
    0x03, 0xD0, 0x00, 0x1F, 0xD0, 0x00, 0x00, 0x00, 0x00, 0x01, 0xBF, 0xF9, 0x00, 0x00, 0x00, 0x00,
    0x2F, 0x90, 0x1F, 0xD0, 0x00, 0x00, 0x01, 0xFD, 0x00, 0x03, 0xF4, 0x1F, 0x40, 0x0B, 0xF0, 0x00,
    0x02, 0xFC, 0x7F, 0xC0, 0x2F, 0xD0, 0x00, 0x01, 0xFD, 0xFF, 0xC0, 0xBF, 0x80, 0x00, 0x00, 0xFE,
    0xFF, 0x81, 0xFF, 0x00, 0x00, 0x00, 0xFF, 0xFE, 0x03, 0xFE, 0x00, 0x00, 0x01, 0xFF, 0xB4, 0x07,
    0xFC, 0x00, 0x00, 0x01, 0xFF, 0x3C, 0x0F, 0xFC, 0x00, 0x00, 0x02, 0xFE, 0x1F, 0x9F, 0xF8, 0x00,
    0x00, 0x02, 0xFD, 0x01, 0xBF, 0xFF, 0xFF, 0xFF, 0xFF, 0xFC, 0x00, 0x3F, 0xF0, 0x00, 0x00, 0x00,
    0x00, 0x00, 0x3F, 0xF0, 0x00, 0x00, 0x00, 0x00, 0x00, 0x3F, 0xE0, 0x00, 0x00, 0x00, 0x00, 0x00,
    0x3F, 0xD0, 0x00, 0x00, 0x00, 0x00, 0x00, 0x3F, 0xD0, 0x00, 0x00, 0x00, 0x00, 0x00, 0x3F, 0xD0,
    0x00, 0x00, 0x00, 0x00, 0x00, 0x2F, 0xD0, 0x00, 0x00, 0x00, 0x00, 0x00, 0x0F, 0xE0, 0x00, 0x00,
    0x02, 0xC0, 0x00, 0x0B, 0xF0, 0x00, 0x00, 0x0B, 0x80, 0x00, 0x03, 0xF8, 0x00, 0x00, 0x3E, 0x00,
    0x00, 0x00, 0xBF, 0x40, 0x07, 0xE0, 0x00, 0x00, 0x00, 0x06, 0xFF, 0xF9, 0x00, 0x00, 0x00, 0x00,
    0x06, 0xFF, 0x40, 0x00, 0x00, 0xFD, 0x0B, 0xC1, 0xF0, 0x1F, 0xC0, 0x0F, 0x4F, 0xE1, 0xFC, 0x00,
    0x3D, 0x7F, 0x4F, 0xE0, 0x00, 0xF1, 0xF8, 0xBF, 0x40, 0x0F, 0x82, 0xE3, 0xFC, 0x06, 0xF8, 0x01,
    0xFF, 0xFF, 0xF9, 0x00, 0x00, 0xBF, 0x40, 0x00, 0x00, 0x02, 0xFC, 0x00, 0x00, 0x00, 0x0B, 0xF0,
    0x00, 0x00, 0x00, 0x1F, 0xC0, 0x00, 0x08, 0x00, 0x3F, 0x40, 0x01, 0xF0, 0x00, 0x3F, 0x40, 0x7F,
    0x00, 0x00, 0x1B, 0xFE, 0x80, 0x00, 0x00, 0x00, 0x00, 0x01, 0xBF, 0xF9, 0x00, 0x00, 0x00, 0x00,
    0x2F, 0x90, 0x1F, 0xD0, 0x00, 0x00, 0x01, 0xFD, 0x00, 0x03, 0xF4, 0x1F, 0x40, 0x0B, 0xF0, 0x00,
    0x02, 0xFC, 0x7F, 0xC0, 0x2F, 0xD0, 0x00, 0x01, 0xFD, 0xFF, 0xC0, 0xBF, 0x80, 0x00, 0x00, 0xFE,
    0xFF, 0x81, 0xFF, 0x00, 0x00, 0x00, 0xFF, 0xFE, 0x03, 0xFE, 0x00, 0x00, 0x01, 0xFF, 0xB4, 0x07,
    0xFC, 0x00, 0x00, 0x01, 0xFF, 0x3C, 0x0F, 0xFC, 0x00, 0x00, 0x02, 0xFE, 0x1F, 0x9F, 0xF8, 0x00,
    0x00, 0x02, 0xFD, 0x01, 0xBF, 0xFF, 0xFF, 0xFF, 0xFF, 0xFC, 0x00, 0x3F, 0xF0, 0x00, 0x00, 0x00,
    0x00, 0x00, 0x3F, 0xF0, 0x00, 0x00, 0x00, 0x00, 0x00, 0x3F, 0xE0, 0x00, 0x00, 0x00, 0x00, 0x00,
    0x3F, 0xD0, 0x00, 0x00, 0x00, 0x00, 0x00, 0x3F, 0xD0, 0x00, 0x00, 0x00, 0x00, 0x00, 0x3F, 0xD0,
    0x00, 0x00, 0x00, 0x00, 0x00, 0x2F, 0xD0, 0x00, 0x00, 0x00, 0x00, 0x00, 0x1F, 0xE0, 0x00, 0x00,
    0x02, 0xC0, 0x00, 0x0B, 0xF0, 0x00, 0x00, 0x0B, 0x80, 0x00, 0x03, 0xF8, 0x00, 0x00, 0x3E, 0x00,
    0x00, 0x00, 0xBF, 0x40, 0x07, 0xF4, 0x00, 0x00, 0x00, 0x0B, 0xFF, 0xF9, 0x00, 0x00, 0x00, 0x00,
    0x00, 0x7D, 0x00, 0x00, 0x00, 0x00, 0x00, 0x00, 0xF4, 0x00, 0x00, 0x00, 0x00, 0x00, 0x03, 0xF0,
    0x00, 0x00, 0x00, 0x00, 0x00, 0x03, 0xE0, 0x00, 0x00, 0x00, 0x00, 0x00, 0x03, 0xF0, 0x00, 0x00,
    0x00, 0x00, 0x00, 0x03, 0xFF, 0xD0, 0x00, 0x00, 0x00, 0x00, 0x00, 0xBE, 0x40, 0x00, 0x00, 0x00,
    0x00, 0x06, 0xFF, 0x40, 0x00, 0x00, 0xFD, 0x0B, 0xC1, 0xF0, 0x1F, 0xC0, 0x0F, 0x4F, 0xE1, 0xFC,
    0x00, 0x3D, 0x7F, 0x4F, 0xE0, 0x00, 0xF1, 0xF8, 0xBF, 0x40, 0x0F, 0x82, 0xE3, 0xFC, 0x06, 0xF8,
    0x01, 0xFF, 0xFF, 0xF9, 0x00, 0x00, 0xBF, 0x40, 0x00, 0x00, 0x02, 0xFC, 0x00, 0x00, 0x00, 0x0B,
    0xF0, 0x00, 0x00, 0x00, 0x1F, 0xC0, 0x00, 0x08, 0x00, 0x3F, 0x40, 0x01, 0xF0, 0x00, 0x3F, 0x40,
    0x7F, 0x00, 0x00, 0x1B, 0xFF, 0xD0, 0x00, 0x00, 0x00, 0xB8, 0x00, 0x00, 0x00, 0x0B, 0x80, 0x00,
    0x00, 0x00, 0x7C, 0x00, 0x00, 0x00, 0x03, 0xF0, 0x00, 0x00, 0x00, 0x0F, 0xC0, 0x00, 0x00, 0x00,
    0x3F, 0x87, 0x00, 0x00, 0x00, 0x2F, 0xE0, 0x00, 0x00, 0x0B, 0xFF, 0xFF, 0xF0, 0x00, 0x2F, 0xFF,
    0xFF, 0xC0, 0x00, 0x01, 0xFF, 0x00, 0x00, 0x00, 0x0B, 0xFC, 0x00, 0x00, 0x00, 0x3F, 0xE0, 0x00,
    0x00, 0x00, 0xFF, 0x40, 0x00, 0x00, 0x07, 0xFC, 0x00, 0x00, 0x00, 0x2F, 0xF0, 0x00, 0x00, 0x00,
    0xFF, 0x80, 0x00, 0x00, 0x03, 0xFD, 0x00, 0x00, 0x00, 0x1F, 0xF0, 0x00, 0x00, 0x00, 0xBF, 0xC0,
    0x00, 0x00, 0x03, 0xFE, 0x00, 0x00, 0x00, 0x0F, 0xF4, 0x00, 0x00, 0x00, 0x7F, 0xC0, 0x00, 0x00,
    0x02, 0xFF, 0x00, 0x00, 0x00, 0x0F, 0xF8, 0x00, 0x00, 0x00, 0x3F, 0xD0, 0x00, 0x00, 0x01, 0xFF,
    0x00, 0x00, 0x00, 0x0B, 0xFC, 0x00, 0x00, 0x00, 0x3F, 0xE0, 0x00, 0x00, 0xFF, 0xFF, 0xFF, 0x00,
    0x03, 0xFF, 0xFF, 0xF8, 0x00, 0x00, 0x00, 0x00, 0x00, 0x00, 0x00, 0x18, 0x00, 0x02, 0x40, 0x00,
    0x00, 0x00, 0x00, 0x00, 0x00, 0x00, 0x2C, 0x00, 0x03, 0x00, 0x00, 0x00, 0x00, 0x00, 0x00, 0x00,
    0x00, 0x0E, 0x00, 0x2C, 0x00, 0x00, 0x00, 0x00, 0x00, 0x00, 0x00, 0x00, 0x02, 0xFF, 0x90, 0x00,
    0x00, 0x00, 0x00, 0x00, 0x00, 0x00, 0x00, 0x00, 0x00, 0x00, 0x00, 0x00, 0x00, 0x00, 0x00, 0x00,
    0x00, 0x00, 0x00, 0x00, 0x00, 0x00, 0x00, 0x00, 0x00, 0x07, 0xFF, 0xFC, 0x01, 0xFF, 0xFF, 0xFC,
    0x01, 0xFF, 0xFF, 0x00, 0x07, 0xFF, 0xFC, 0x01, 0xFF, 0xFF, 0xFC, 0x01, 0xBF, 0xFF, 0x00, 0x00,
    0x2F, 0x80, 0x00, 0x07, 0xFC, 0x00, 0x00, 0x3F, 0x40, 0x00, 0x00, 0x0B, 0xC0, 0x00, 0x0B, 0xFC,
    0x00, 0x01, 0xF8, 0x00, 0x00, 0x00, 0x02, 0xF0, 0x00, 0x0F, 0xF8, 0x00, 0x0B, 0xD0, 0x00, 0x00,
    0x00, 0x00, 0xFC, 0x00, 0x0F, 0xF4, 0x00, 0x3F, 0x00, 0x00, 0x00, 0x00, 0x00, 0x3E, 0x00, 0x1F,
    0xF0, 0x01, 0xF8, 0x00, 0x00, 0x00, 0x00, 0x00, 0x0F, 0x40, 0x2F, 0xF0, 0x0B, 0xD0, 0x00, 0x00,
    0x00, 0x00, 0x00, 0x07, 0xD0, 0x3F, 0xE0, 0x3F, 0x00, 0x00, 0x00, 0x00, 0x00, 0x00, 0x07, 0xF0,
    0x3F, 0xD0, 0xFD, 0x00, 0x00, 0x00, 0x00, 0x00, 0x00, 0x1F, 0xFC, 0x7F, 0xC7, 0xFF, 0x00, 0x00,
    0x00, 0x00, 0x00, 0x00, 0x7F, 0xFF, 0xFF, 0xEF, 0xFF, 0x40, 0x00, 0x00, 0x00, 0x00, 0x01, 0xFF,
    0x8F, 0xFF, 0xF8, 0xFF, 0xC0, 0x00, 0x00, 0x00, 0x00, 0x03, 0xFE, 0x03, 0xFF, 0xD0, 0xBF, 0xD0,
    0x00, 0x00, 0x00, 0x00, 0x0F, 0xF8, 0x02, 0xFF, 0x00, 0x3F, 0xF0, 0x00, 0x00, 0x00, 0x00, 0x3F,
    0xE0, 0x02, 0xFF, 0x00, 0x2F, 0xF0, 0x00, 0x00, 0x00, 0x00, 0xFF, 0x80, 0x03, 0xFE, 0x00, 0x0F,
    0xF8, 0x00, 0x00, 0x00, 0x03, 0xFE, 0x00, 0x03, 0xFD, 0x00, 0x0B, 0xFC, 0x00, 0x00, 0x00, 0x0F,
    0xF8, 0x00, 0x0B, 0xFC, 0x00, 0x03, 0xFE, 0x00, 0x00, 0x00, 0x3F, 0xF0, 0x00, 0x0F, 0xFC, 0x00,
    0x03, 0xFF, 0x00, 0x00, 0x01, 0xFF, 0xC0, 0x00, 0x0F, 0xF8, 0x00, 0x01, 0xFF, 0x80, 0x00, 0x3F,
    0xFF, 0xFC, 0x0B, 0xFF, 0xFF, 0xE0, 0x1F, 0xFF, 0xFC, 0x00, 0x3F, 0xFF, 0xF8, 0x0B, 0xFF, 0xFF,
    0xE0, 0x3F, 0xFF, 0xFC, 0x00, 0x00, 0x00, 0x00, 0x00, 0x24, 0x00, 0x03, 0x00, 0x00, 0x00, 0x00,
    0x00, 0x00, 0x03, 0x40, 0x00, 0xA0, 0x00, 0x00, 0x00, 0x00, 0x00, 0x00, 0x1D, 0x00, 0x78, 0x00,
    0x00, 0x00, 0x00, 0x00, 0x00, 0x00, 0x2F, 0xF8, 0x00, 0x00, 0x00, 0x00, 0x00, 0x00, 0x00, 0x00,
    0x00, 0x00, 0x00, 0x00, 0x00, 0x00, 0x00, 0x00, 0x00, 0x00, 0x00, 0x00, 0x00, 0x00, 0x00, 0x0B,
    0xF9, 0x00, 0x00, 0xF0, 0x00, 0x06, 0xFE, 0x40, 0x0B, 0x81, 0xFC, 0x00, 0x3F, 0x80, 0x07, 0xE0,
    0x3D, 0x03, 0xD0, 0x07, 0xF0, 0x03, 0xF4, 0x02, 0xF4, 0x0B, 0xF0, 0xB8, 0x00, 0x3F, 0x40, 0x7F,
    0x00, 0xBE, 0x00, 0xFE, 0x0E, 0x00, 0x03, 0xF8, 0x0B, 0xF0, 0x1F, 0xC0, 0x0B, 0x80, 0x40, 0x00,
    0x3F, 0x80, 0xFE, 0x03, 0xF8, 0x00, 0x00, 0x00, 0x00, 0x03, 0xF8, 0x0F, 0xD0, 0x7F, 0x40, 0x00,
    0x00, 0x00, 0x00, 0x7F, 0xFF, 0xFF, 0xFF, 0xF0, 0x00, 0x00, 0x00, 0x00, 0x0B, 0xF4, 0x2F, 0xC0,
    0xFF, 0x00, 0x00, 0x00, 0x00, 0x00, 0xFF, 0x03, 0xF8, 0x0F, 0xE0, 0x00, 0x00, 0x1F, 0x40, 0x1F,
    0xD0, 0x3F, 0x40, 0xFE, 0x00, 0x00, 0x03, 0xF8, 0x03, 0xF8, 0x07, 0xF0, 0x0F, 0xE0, 0x00, 0x05,
    0x3F, 0x40, 0xFE, 0x00, 0xBF, 0x00, 0x7E, 0x00, 0x02, 0xF3, 0xE0, 0x7F, 0x40, 0x0F, 0xE0, 0x02,
    0xF8, 0x06, 0xF8, 0x0B, 0xFE, 0x40, 0x00, 0xFD, 0x00, 0x06, 0xFF, 0xE4, 0x00, 0x00, 0x1F, 0xFF,
    0xFF, 0xC0, 0x1F, 0xFF, 0xF0, 0x00, 0x7F, 0xFF, 0xFF, 0x00, 0x7F, 0xFF, 0xC0, 0x00, 0x07, 0xFD,
    0x00, 0x00, 0x2F, 0x80, 0x00, 0x00, 0x2F, 0xF0, 0x00, 0x02, 0xF0, 0x00, 0x00, 0x00, 0xFF, 0x80,
    0x00, 0x3E, 0x00, 0x00, 0x00, 0x03, 0xFD, 0x00, 0x07, 0xD0, 0x00, 0x00, 0x00, 0x1F, 0xF0, 0x00,
    0xBC, 0x00, 0x00, 0x00, 0x00, 0xBF, 0xC0, 0x0F, 0xC0, 0x00, 0x00, 0x00, 0x03, 0xFE, 0x00, 0xF8,
    0x00, 0x00, 0x00, 0x00, 0x0F, 0xF4, 0x1F, 0x40, 0x00, 0x00, 0x00, 0x00, 0x7F, 0xC2, 0xF0, 0x00,
    0x00, 0x00, 0x00, 0x02, 0xFF, 0xFF, 0xFF, 0x90, 0x00, 0x00, 0x00, 0x0F, 0xF8, 0x00, 0x6F, 0xF4,
    0x00, 0x00, 0x00, 0x3F, 0xD0, 0x00, 0x0F, 0xF8, 0x00, 0x00, 0x01, 0xFF, 0x00, 0x00, 0x1F, 0xF4,
    0x00, 0x00, 0x0B, 0xFC, 0x00, 0x00, 0x3F, 0xE0, 0x00, 0x00, 0x3F, 0xE0, 0x00, 0x00, 0xFF, 0xC0,
    0x00, 0x00, 0xFF, 0x40, 0x00, 0x03, 0xFF, 0x00, 0x00, 0x07, 0xFC, 0x00, 0x00, 0x0F, 0xFC, 0x00,
    0x00, 0x2F, 0xF0, 0x00, 0x00, 0x3F, 0xE0, 0x00, 0x00, 0xFF, 0x80, 0x00, 0x01, 0xFF, 0x40, 0x02,
    0xFF, 0xFF, 0xF8, 0x00, 0x0B, 0xFC, 0x00, 0x0B, 0xFF, 0xFF, 0xE0, 0x00, 0x3F, 0xF0, 0x00, 0x00,
    0x00, 0x00, 0x00, 0x00, 0xFF, 0x40, 0x00, 0x00, 0x00, 0x00, 0x00, 0x0B, 0xF8, 0x00, 0x00, 0x00,
    0x00, 0x2F, 0x40, 0x3F, 0xC0, 0x00, 0x00, 0x00, 0x03, 0xFF, 0x03, 0xFD, 0x00, 0x00, 0x00, 0x00,
    0x0F, 0xF8, 0x2F, 0xD0, 0x00, 0x00, 0x00, 0x00, 0x3F, 0xC3, 0xF8, 0x00, 0x00, 0x00, 0x00, 0x00,
    0x2F, 0xFE, 0x00, 0x00, 0x00, 0x00, 0x02, 0xF8, 0x00, 0x0B, 0xE0, 0x38, 0xFC, 0x02, 0xD7, 0xD1,
    0xC3, 0xF4, 0x2C, 0x3F, 0x4F, 0x0F, 0xD1, 0xC2, 0xFC, 0x74, 0x7F, 0x1C, 0x03, 0xD0, 0x42, 0xFE,
    0xD0, 0x00, 0x00, 0x0F, 0xFD, 0x00, 0x00, 0x00, 0x3F, 0xFF, 0xE4, 0x00, 0x01, 0xFD, 0x06, 0xFD,
    0x00, 0x0B, 0xF0, 0x02, 0xFC, 0x00, 0x3F, 0x80, 0x03, 0xF4, 0x00, 0xFD, 0x00, 0x1F, 0xC0, 0x07,
    0xF0, 0x00, 0xBF, 0x00, 0x2F, 0xC0, 0x03, 0xFC, 0x00, 0x7D, 0x00, 0x0F, 0xE0, 0x00, 0x00, 0x00,
    0x7F, 0x40, 0x00, 0x00, 0x02, 0xFC, 0x00, 0x00, 0x00, 0x0F, 0xE0, 0x00, 0x01, 0xF4, 0x3F, 0x00,
    0x00, 0x0F, 0xE3, 0xF4, 0x00, 0x00, 0x3F, 0x6F, 0x40, 0x00, 0x00, 0x7F, 0xD0, 0x00, 0x00, 0x00,
    0x00, 0x0F, 0xFF, 0xFF, 0xFF, 0xFF, 0xFC, 0x00, 0x00, 0x3F, 0xFF, 0xFF, 0xFF, 0xFF, 0xF0, 0x00,
    0x00, 0x02, 0xD0, 0x00, 0x7F, 0xC0, 0x00, 0x00, 0x00, 0x0F, 0x00, 0x02, 0xFF, 0x00, 0x00, 0x00,
    0x00, 0x3C, 0x00, 0x0F, 0xF8, 0x00, 0x00, 0x00, 0x01, 0xD0, 0x00, 0x3F, 0xD0, 0x00, 0x00, 0x00,
    0x0B, 0x00, 0x01, 0xFF, 0x00, 0x00, 0x00, 0x00, 0x3C, 0x00, 0x0B, 0xFC, 0x00, 0x00, 0x00, 0x00,
    0xE0, 0x00, 0x3F, 0xE0, 0x00, 0x00, 0x00, 0x0B, 0x40, 0x00, 0xFF, 0x40, 0x00, 0x00, 0x00, 0x3C,
    0x00, 0x07, 0xFC, 0x00, 0x00, 0x00, 0x00, 0xF0, 0x00, 0x2F, 0xF0, 0x00, 0x00, 0x00, 0x07, 0x40,
    0x00, 0xFF, 0x80, 0x00, 0x00, 0x00, 0x3C, 0x00, 0x03, 0xFD, 0x00, 0x00, 0x00, 0x00, 0xE0, 0x00,
    0x1F, 0xF0, 0x00, 0x00, 0x00, 0x0B, 0x40, 0x00, 0xBF, 0xC0, 0x00, 0x00, 0x00, 0x3C, 0x00, 0x03,
    0xFE, 0x00, 0x00, 0x2F, 0x01, 0xD0, 0x00, 0x0F, 0xF4, 0x00, 0x03, 0xFE, 0x0F, 0x00, 0x00, 0x7F,
    0xC0, 0x00, 0x0F, 0xF8, 0x74, 0x00, 0x02, 0xFF, 0x00, 0x00, 0x3F, 0xD3, 0x80, 0x00, 0x0F, 0xF8,
    0x00, 0x00, 0xFD, 0x78, 0x00, 0x2F, 0xFF, 0xFF, 0x80, 0x00, 0xBF, 0x40, 0x00, 0xFF, 0xFF, 0xFE,
    0x00, 0x00, 0x00, 0x00, 0x00, 0x00, 0x0B, 0xE0, 0x00, 0x00, 0x00, 0x00, 0x00, 0x00, 0xBF, 0x00,
    0x00, 0x00, 0x00, 0x00, 0x00, 0x07, 0xF0, 0x00, 0x00, 0x00, 0x00, 0x00, 0x00, 0x7F, 0x00, 0x00,
    0x00, 0x00, 0x00, 0x00, 0x07, 0xF0, 0x00, 0x00, 0x00, 0x00, 0x00, 0x00, 0x2F, 0x00, 0x00, 0x00,
    0x00, 0x00, 0x02, 0xFE, 0x00, 0x00, 0x00, 0x03, 0x87, 0xF0, 0x00, 0x00, 0x03, 0xC0, 0xFD, 0x00,
    0x00, 0x01, 0xD0, 0x7F, 0x00, 0x00, 0x00, 0xF0, 0x2F, 0xC0, 0x00, 0x00, 0x74, 0x0F, 0xE0, 0x00,
    0x00, 0x2C, 0x03, 0xF4, 0x00, 0x00, 0x0F, 0x01, 0xFC, 0x00, 0x00, 0x07, 0x40, 0xBF, 0x00, 0x00,
    0x03, 0xC0, 0x3F, 0xC0, 0x02, 0xE0, 0xF0, 0x0F, 0xE0, 0x01, 0xFC, 0x74, 0x03, 0xF4, 0x00, 0xBF,
    0x3C, 0x01, 0xFC, 0x28, 0x3F, 0xBC, 0x00, 0x7F, 0x1D, 0x03, 0xF4, 0x00, 0x07, 0xFB, 0x80, 0x00,
    0x00, 0x00, 0x00, 0xF0, 0x00, 0x00, 0x00, 0x00, 0x3E, 0x00, 0x00, 0x00, 0x00, 0x0F, 0xC0, 0x00,
    0x00, 0x00, 0x0F, 0xF0, 0x00, 0x00, 0x00, 0x0F, 0xFC, 0x00, 0x00, 0x00, 0x0F, 0xF8, 0x00, 0x00,
    0x00, 0x02, 0x00, 0x00, 0x00, 0x1F, 0xFF, 0xFF, 0xC2, 0xFF, 0xFF, 0xFC, 0x00, 0x7F, 0xFF, 0xFF,
    0x07, 0xFF, 0xFF, 0xF0, 0x00, 0x07, 0xFD, 0x00, 0x00, 0x7F, 0xC0, 0x00, 0x00, 0x2F, 0xF0, 0x00,
    0x02, 0xFF, 0x00, 0x00, 0x00, 0xFF, 0x80, 0x00, 0x0F, 0xF8, 0x00, 0x00, 0x03, 0xFD, 0x00, 0x00,
    0x3F, 0xD0, 0x00, 0x00, 0x1F, 0xF0, 0x00, 0x02, 0xFF, 0x00, 0x00, 0x00, 0xBF, 0xC0, 0x00, 0x0F,
    0xFC, 0x00, 0x00, 0x03, 0xFE, 0x00, 0x00, 0x3F, 0xE0, 0x00, 0x00, 0x0F, 0xF4, 0x00, 0x01, 0xFF,
    0x40, 0x00, 0x00, 0xBF, 0xFF, 0xFF, 0xFF, 0xFC, 0x00, 0x00, 0x03, 0xFF, 0xFF, 0xFF, 0xFF, 0xF0,
    0x00, 0x00, 0x0F, 0xF8, 0x00, 0x00, 0xFF, 0x80, 0x00, 0x00, 0x7F, 0xD0, 0x00, 0x03, 0xFD, 0x00,
    0x00, 0x02, 0xFF, 0x00, 0x00, 0x1F, 0xF0, 0x00, 0x00, 0x0F, 0xFC, 0x00, 0x00, 0xBF, 0xC0, 0x00,
    0x00, 0x3F, 0xD0, 0x00, 0x03, 0xFE, 0x00, 0x00, 0x01, 0xFF, 0x00, 0x00, 0x0F, 0xF4, 0x00, 0x00,
    0x0B, 0xFC, 0x00, 0x00, 0x7F, 0xC0, 0x00, 0x00, 0x3F, 0xE0, 0x00, 0x02, 0xFF, 0x00, 0x00, 0xBF,
    0xFF, 0xFE, 0x00, 0x0F, 0xF8, 0x00, 0x02, 0xFF, 0xFF, 0xF8, 0x00, 0x3F, 0xD0, 0x00, 0x00, 0x00,
    0x00, 0x90, 0x01, 0xFF, 0x00, 0x00, 0x00, 0x00, 0x01, 0xF4, 0x0B, 0xFC, 0x00, 0x00, 0x00, 0x00,
    0x0F, 0xF0, 0x3F, 0xE0, 0x00, 0x00, 0x00, 0x00, 0xBF, 0xC0, 0xFF, 0x00, 0x00, 0x00, 0x00, 0x03,
    0xFF, 0x07, 0xF8, 0x00, 0x00, 0x00, 0x00, 0x0F, 0xF4, 0x3F, 0xC0, 0x00, 0x00, 0x00, 0x00, 0x1F,
    0x82, 0xF8, 0x00, 0x00, 0x00, 0x00, 0x00, 0x0B, 0xFE, 0x00, 0x00, 0x00, 0x00, 0x02, 0xF8, 0x00,
    0x00, 0xA0, 0x38, 0xFC, 0x00, 0x0B, 0xE1, 0xC3, 0xF4, 0x00, 0x3F, 0x4F, 0x0F, 0xD0, 0x01, 0xFC,
    0x78, 0x7F, 0x40, 0x0B, 0xF1, 0xD2, 0xFC, 0x00, 0x3F, 0x80, 0x0F, 0xF0, 0x00, 0xFD, 0x00, 0x3F,
    0xFF, 0xFF, 0xF0, 0x01, 0xFD, 0x00, 0x2F, 0xC0, 0x0B, 0xF0, 0x00, 0xFE, 0x00, 0x3F, 0xC0, 0x03,
    0xF4, 0x00, 0xFD, 0x00, 0x1F, 0xC0, 0x07, 0xF0, 0x00, 0xBF, 0x00, 0x2F, 0xC0, 0x03, 0xF8, 0x00,
    0x7D, 0x00, 0x0F, 0xD0, 0x00, 0x00, 0x00, 0x7F, 0x00, 0x00, 0x00, 0x02, 0xFC, 0x00, 0x00, 0x00,
    0x0F, 0xE0, 0x00, 0x01, 0xF4, 0x7F, 0x00, 0x00, 0x0F, 0xE3, 0xF4, 0x00, 0x00, 0x3F, 0x7F, 0x40,
    0x00, 0x00, 0x7F, 0xD0, 0x00, 0x00, 0x00, 0x00, 0x00, 0x00, 0x00, 0x00, 0x00, 0x00, 0x00, 0x7F,
    0xFF, 0xFF, 0x0B, 0xFF, 0xFF, 0xF0, 0x00, 0x07, 0xFE, 0x00, 0x00, 0x7F, 0xD0, 0x00, 0x00, 0x2F,
    0xF0, 0x00, 0x02, 0xFF, 0x00, 0x00, 0x00, 0xFF, 0xC0, 0x00, 0x0F, 0xFC, 0x00, 0x00, 0x03, 0xFE,
    0x00, 0x00, 0x3F, 0xE0, 0x00, 0x00, 0x1F, 0xF4, 0x00, 0x01, 0xFF, 0x40, 0x00, 0x00, 0xBF, 0xC0,
    0x00, 0x0B, 0xFC, 0x00, 0x00, 0x03, 0xFF, 0x00, 0x00, 0x3F, 0xF0, 0x00, 0x00, 0x0F, 0xF8, 0x00,
    0x00, 0xFF, 0x80, 0x00, 0x00, 0x7F, 0xD0, 0x00, 0x07, 0xFD, 0x00, 0x00, 0x02, 0xFF, 0xFF, 0xFF,
    0xFF, 0xF0, 0x00, 0x00, 0x0F, 0xFF, 0xFF, 0xFF, 0xFF, 0xC0, 0x00, 0x00, 0x3F, 0xE0, 0x00, 0x03,
    0xFE, 0x00, 0x00, 0x01, 0xFF, 0x40, 0x00, 0x0F, 0xF4, 0x00, 0x00, 0x0B, 0xFC, 0x00, 0x00, 0x7F,
    0xC0, 0x00, 0x00, 0x2F, 0xF0, 0x00, 0x02, 0xFF, 0x00, 0x00, 0x00, 0xFF, 0x80, 0x00, 0x0F, 0xF8,
    0x00, 0x00, 0x03, 0xFD, 0x00, 0x00, 0x3F, 0xD0, 0x00, 0x00, 0x1F, 0xF0, 0x00, 0x01, 0xFF, 0x00,
    0x00, 0x00, 0xBF, 0xC0, 0x00, 0x0B, 0xFC, 0x00, 0x00, 0x03, 0xFE, 0x00, 0x00, 0x3F, 0xE0, 0x00,
    0x0B, 0xFF, 0xFF, 0xE0, 0xBF, 0xFF, 0xFF, 0x00, 0x2F, 0xFF, 0xFF, 0x82, 0xFF, 0xFF, 0xF8, 0x00,
    0x00, 0x00, 0x00, 0x00, 0x00, 0x1F, 0x80, 0x00, 0x00, 0x00, 0x00, 0x00, 0x01, 0xF8, 0x00, 0x00,
    0x00, 0x00, 0x00, 0x00, 0x1F, 0xC0, 0x00, 0x00, 0x00, 0x00, 0x00, 0x01, 0xFC, 0x00, 0x00, 0x00,
    0x00, 0x00, 0x00, 0x0F, 0xC0, 0x00, 0x00, 0x00, 0x00, 0x00, 0x00, 0xBC, 0x00, 0x00, 0x00, 0x7F,
    0xFF, 0xFF, 0x0B, 0xFF, 0xFF, 0xF7, 0xFF, 0xFF, 0xF0, 0x7F, 0xFF, 0xFF, 0x01, 0xFF, 0x40, 0x00,
    0x1F, 0xF0, 0x00, 0x2F, 0xF0, 0x00, 0x02, 0xFF, 0x00, 0x03, 0xFE, 0x00, 0x00, 0x3F, 0xE0, 0x00,
    0x3F, 0xD0, 0x00, 0x03, 0xFD, 0x00, 0x07, 0xFC, 0x00, 0x00, 0x7F, 0xC0, 0x00, 0xBF, 0xC0, 0x00,
    0x0B, 0xFC, 0x00, 0x0F, 0xF8, 0x00, 0x00, 0xFF, 0x80, 0x00, 0xFF, 0x40, 0x00, 0x0F, 0xF4, 0x00,
    0x0B, 0xF4, 0x00, 0x01, 0xFF, 0x00, 0x00, 0x2F, 0xC0, 0x05, 0xBF, 0xF0, 0x00, 0x00, 0x6F, 0xFF,
    0x97, 0xFD, 0x00, 0x00, 0x00, 0x00, 0x00, 0x7F, 0xC0, 0x00, 0x00, 0x00, 0x00, 0x0B, 0xFC, 0x00,
    0x00, 0x00, 0x00, 0x00, 0xFF, 0x80, 0x00, 0x00, 0x00, 0x00, 0x0F, 0xF4, 0x00, 0x00, 0x00, 0x00,
    0x01, 0xFF, 0x00, 0x00, 0x00, 0x00, 0x00, 0x2F, 0xF0, 0x00, 0x00, 0x00, 0x00, 0x03, 0xFE, 0x00,
    0x00, 0x00, 0x00, 0x00, 0x3F, 0xD0, 0x00, 0x00, 0x00, 0x03, 0xFF, 0xFF, 0xF8, 0x00, 0x00, 0x00,
    0xBF, 0xFF, 0xFF, 0x80, 0x00, 0x00, 0x0F, 0xF4, 0x00, 0x00, 0x00, 0x00, 0x01, 0xF4, 0x00, 0x00,
    0x00, 0x00, 0x00, 0x3E, 0x00, 0x00, 0x00, 0x00, 0x00, 0x03, 0xC0, 0x00, 0x00, 0x00, 0x00, 0x00,
    0xB4, 0x00, 0x00, 0x00, 0x00, 0x00, 0x0B, 0x00, 0x00, 0x00, 0x00, 0x00, 0x02, 0xF8, 0x00, 0x02,
    0x80, 0x0B, 0x2F, 0x00, 0x0F, 0xE0, 0x1C, 0x3F, 0x40, 0x0F, 0xD0, 0x3C, 0x3F, 0x40, 0x1F, 0xC0,
    0x78, 0x7F, 0x00, 0x2F, 0xC0, 0x20, 0xBF, 0x00, 0x3F, 0x80, 0x00, 0xBF, 0x00, 0x3F, 0x40, 0x00,
    0x3F, 0x41, 0xFF, 0x00, 0x00, 0x0B, 0xFF, 0xFF, 0x00, 0x00, 0x00, 0x00, 0xFE, 0x04, 0x00, 0x00,
    0x00, 0xFD, 0x1D, 0x00, 0x00, 0x01, 0xFC, 0x2C, 0x00, 0x00, 0x01, 0xFC, 0x38, 0x00, 0x00, 0x00,
    0xFC, 0xB0, 0x00, 0x00, 0x00, 0x2F, 0xD0, 0x00, 0x00, 0x00, 0x00, 0xA0, 0x00, 0x00, 0x00, 0x00,
    0xD0, 0x00, 0x00, 0x00, 0x07, 0xC0, 0x00, 0x0B, 0xFF, 0xFF, 0x40, 0x00, 0x0B, 0xFF, 0xFD, 0x00,
    0x00, 0x02, 0xFF, 0xE0, 0x00, 0x00, 0x1F, 0xFF, 0xF0, 0x00, 0x00, 0x00, 0xBF, 0xFF, 0x80, 0x07,
    0xFF, 0xFC, 0x00, 0x00, 0x00, 0x7F, 0xFF, 0xE0, 0x00, 0x07, 0xFF, 0x40, 0x00, 0x00, 0x3F, 0xFC,
    0x00, 0x00, 0x02, 0xEF, 0xD0, 0x00, 0x00, 0x2E, 0xFE, 0x00, 0x00, 0x00, 0xF7, 0xF8, 0x00, 0x00,
    0x0E, 0xBF, 0x40, 0x00, 0x00, 0x3C, 0xFF, 0x00, 0x00, 0x0F, 0x3F, 0xC0, 0x00, 0x00, 0x1E, 0x3F,
    0xC0, 0x00, 0x0B, 0x4F, 0xF0, 0x00, 0x00, 0x0B, 0x4B, 0xF0, 0x00, 0x03, 0x87, 0xF8, 0x00, 0x00,
    0x03, 0xC2, 0xFC, 0x00, 0x03, 0xC2, 0xFD, 0x00, 0x00, 0x00, 0xF0, 0x7F, 0x40, 0x01, 0xD0, 0xFF,
    0x00, 0x00, 0x00, 0x78, 0x0F, 0xE0, 0x00, 0xE0, 0x3F, 0xC0, 0x00, 0x00, 0x2D, 0x03, 0xF8, 0x00,
    0xB0, 0x1F, 0xE0, 0x00, 0x00, 0x0F, 0x00, 0xFF, 0x00, 0x74, 0x0B, 0xF4, 0x00, 0x00, 0x03, 0xC0,
    0x2F, 0xC0, 0x38, 0x03, 0xFC, 0x00, 0x00, 0x01, 0xE0, 0x0B, 0xF0, 0x2C, 0x00, 0xFF, 0x00, 0x00,
    0x00, 0xB4, 0x01, 0xFD, 0x1D, 0x00, 0x7F, 0x80, 0x00, 0x00, 0x3C, 0x00, 0x7F, 0x8E, 0x00, 0x2F,
    0xD0, 0x00, 0x00, 0x0F, 0x00, 0x0F, 0xEB, 0x00, 0x0F, 0xF0, 0x00, 0x00, 0x07, 0x80, 0x03, 0xFF,
    0x40, 0x03, 0xFC, 0x00, 0x00, 0x02, 0xD0, 0x00, 0xFF, 0xC0, 0x01, 0xFE, 0x00, 0x00, 0x01, 0xF0,
    0x00, 0x2F, 0xC0, 0x00, 0xBF, 0x40, 0x00, 0x2F, 0xFF, 0xF0, 0x07, 0xD0, 0x1F, 0xFF, 0xFF, 0x80,
    0x0B, 0xFF, 0xFC, 0x00, 0xE0, 0x07, 0xFF, 0xFF, 0xD0, 0x00, 0x00, 0x00, 0x00, 0x00, 0x00, 0x00,
    0x07, 0xE0, 0x00, 0x00, 0x00, 0x00, 0x00, 0x00, 0x00, 0x07, 0xE0, 0x00, 0x00, 0x00, 0x00, 0x00,
    0x00, 0x00, 0x07, 0xE0, 0x00, 0x00, 0x00, 0x00, 0x00, 0x00, 0x00, 0x07, 0xF0, 0x00, 0x00, 0x00,
    0x00, 0x00, 0x00, 0x00, 0x07, 0xF0, 0x00, 0x00, 0x00, 0x00, 0x00, 0x00, 0x00, 0x03, 0xF0, 0x00,
    0x00, 0x00, 0x00, 0x00, 0x69, 0x00, 0x00, 0x0A, 0x90, 0x00, 0x00, 0xFF, 0x00, 0x00, 0x2F, 0xD0,
    0x00, 0x00, 0xFF, 0x40, 0x00, 0x7F, 0xC0, 0x00, 0x01, 0xFF, 0x80, 0x00, 0xFF, 0xC0, 0x00, 0x02,
    0xFF, 0x80, 0x02, 0xFF, 0x80, 0x00, 0x03, 0xDF, 0xC0, 0x07, 0x7F, 0x40, 0x00, 0x03, 0xCF, 0xC0,
    0x0D, 0x7F, 0x00, 0x00, 0x07, 0x8F, 0xD0, 0x38, 0xBF, 0x00, 0x00, 0x0B, 0x4B, 0xE0, 0xB0, 0xFE,
    0x00, 0x00, 0x0F, 0x0B, 0xF1, 0xD0, 0xFD, 0x00, 0x2E, 0x0F, 0x07, 0xF3, 0x81, 0xFC, 0x00, 0xBF,
    0x1D, 0x03, 0xFF, 0x02, 0xFC, 0x28, 0xBE, 0x3C, 0x03, 0xFC, 0x02, 0xF8, 0x38, 0x78, 0xB0, 0x02,
    0xF4, 0x01, 0xF8, 0xF4, 0x1F, 0x80, 0x01, 0xE0, 0x00, 0x7F, 0xF0, 0x00, 0x00, 0x00, 0x00, 0x00,
    0x00, 0x78, 0x00, 0x00, 0x00, 0x00, 0x00, 0x00, 0x3C, 0x00, 0x00, 0x00, 0x00, 0x00, 0x00, 0xBE,
    0x00, 0x00, 0x00, 0x00, 0x00, 0x01, 0xFE, 0x00, 0x00, 0x00, 0x00, 0x00, 0x07, 0xFD, 0x00, 0x00,
    0x00, 0x00, 0x00, 0x1F, 0xF4, 0x00, 0x00, 0x00, 0x00, 0x00, 0x24, 0x00, 0x00, 0x00, 0x00, 0x0C,
    0x00, 0x00, 0xC0, 0x00, 0x00, 0x03, 0x40, 0x00, 0xE0, 0x00, 0x00, 0x00, 0xB4, 0x01, 0xA0, 0x00,
    0x00, 0x00, 0x06, 0xFF, 0x80, 0x00, 0x00, 0x00, 0x00, 0x00, 0x00, 0x00, 0x00, 0x00, 0x00, 0x0F,
    0x00, 0x00, 0x00, 0x00, 0x00, 0x0F, 0xC0, 0x00, 0x00, 0x00, 0x00, 0x0B, 0xF4, 0x00, 0x00, 0x00,
    0x00, 0x03, 0xFD, 0x00, 0x00, 0x00, 0x00, 0x02, 0xFF, 0x80, 0x00, 0x00, 0x00, 0x01, 0xFF, 0xE0,
    0x00, 0x00, 0x00, 0x00, 0xFF, 0xF8, 0x00, 0x00, 0x00, 0x00, 0x7F, 0xFF, 0x00, 0x00, 0x00, 0x00,
    0x3D, 0xBF, 0xC0, 0x00, 0x00, 0x00, 0x2F, 0x2F, 0xF0, 0x00, 0x00, 0x00, 0x1F, 0x07, 0xFC, 0x00,
    0x00, 0x00, 0x0F, 0x81, 0xFF, 0x40, 0x00, 0x00, 0x07, 0xC0, 0x3F, 0xD0, 0x00, 0x00, 0x03, 0xD0,
    0x0F, 0xF8, 0x00, 0x00, 0x02, 0xE0, 0x03, 0xFE, 0x00, 0x00, 0x00, 0xF0, 0x00, 0xFF, 0x80, 0x00,
    0x00, 0xFF, 0xFF, 0xFF, 0xF0, 0x00, 0x00, 0x7F, 0xFF, 0xFF, 0xFC, 0x00, 0x00, 0x3D, 0x00, 0x02,
    0xFF, 0x00, 0x00, 0x2E, 0x00, 0x00, 0x7F, 0xC0, 0x00, 0x0F, 0x00, 0x00, 0x1F, 0xF4, 0x00, 0x1F,
    0x80, 0x00, 0x07, 0xFD, 0x01, 0xFF, 0xFF, 0x00, 0x7F, 0xFF, 0xFD, 0x7F, 0xFF, 0x80, 0x1F, 0xFF,
    0xFF, 0x40, 0x00, 0x03, 0x00, 0x00, 0x50, 0x00, 0x30, 0x00, 0x0D, 0x00, 0x02, 0xD0, 0x0B, 0x80,
    0x00, 0x07, 0xFF, 0x80, 0x00, 0x00, 0x00, 0x00, 0x00, 0x00, 0x00, 0x00, 0x00, 0x00, 0x06, 0xFE,
    0x04, 0x00, 0x03, 0xF4, 0x3F, 0xF0, 0x00, 0xFC, 0x00, 0xFE, 0x00, 0x3F, 0x40, 0x0F, 0xE0, 0x0B,
    0xF0, 0x01, 0xFD, 0x01, 0xFE, 0x00, 0x2F, 0xC0, 0x2F, 0xD0, 0x03, 0xFC, 0x03, 0xFC, 0x00, 0x3F,
    0x80, 0x3F, 0xC0, 0x07, 0xF4, 0x03, 0xF8, 0x00, 0xBF, 0x00, 0x3F, 0x40, 0x0F, 0xF0, 0xF3, 0xF4,
    0x00, 0xFE, 0x1D, 0x2F, 0x40, 0x3F, 0xD2, 0xC0, 0xFC, 0x1F, 0xBD, 0x74, 0x01, 0xFF, 0x81, 0xFD,
    0x00, 0x00, 0x00, 0x00, 0x07, 0xD0, 0x2F, 0x00, 0x00, 0x00, 0x07, 0xFC, 0x2F, 0xF0, 0x00, 0x00,
    0x03, 0xFF, 0x0F, 0xFC, 0x00, 0x00, 0x00, 0xFF, 0x83, 0xFD, 0x00, 0x00, 0x00, 0x0F, 0x80, 0x7D,
    0x00, 0x00, 0x00, 0x00, 0x00, 0x00, 0x00, 0x00, 0x00, 0x00, 0x07, 0xC0, 0x00, 0x00, 0x00, 0x00,
    0x03, 0xF0, 0x00, 0x00, 0x00, 0x00, 0x02, 0xFD, 0x00, 0x00, 0x00, 0x00, 0x00, 0xFF, 0x40, 0x00,
    0x00, 0x00, 0x00, 0xBF, 0xE0, 0x00, 0x00, 0x00, 0x00, 0x7F, 0xF8, 0x00, 0x00, 0x00, 0x00, 0x3F,
    0xFE, 0x00, 0x00, 0x00, 0x00, 0x1F, 0xFF, 0xC0, 0x00, 0x00, 0x00, 0x0F, 0x6F, 0xF0, 0x00, 0x00,
    0x00, 0x0B, 0xCB, 0xFC, 0x00, 0x00, 0x00, 0x07, 0xC1, 0xFF, 0x00, 0x00, 0x00, 0x03, 0xE0, 0x7F,
    0xD0, 0x00, 0x00, 0x01, 0xF0, 0x0F, 0xF4, 0x00, 0x00, 0x00, 0xF4, 0x03, 0xFE, 0x00, 0x00, 0x00,
    0xB8, 0x00, 0xFF, 0x80, 0x00, 0x00, 0x3C, 0x00, 0x3F, 0xE0, 0x00, 0x00, 0x3F, 0xFF, 0xFF, 0xFC,
    0x00, 0x00, 0x1F, 0xFF, 0xFF, 0xFF, 0x00, 0x00, 0x0F, 0x40, 0x00, 0xBF, 0xC0, 0x00, 0x0B, 0x80,
    0x00, 0x1F, 0xF0, 0x00, 0x03, 0xC0, 0x00, 0x07, 0xFD, 0x00, 0x07, 0xE0, 0x00, 0x01, 0xFF, 0x40,
    0x7F, 0xFF, 0xC0, 0x1F, 0xFF, 0xFF, 0x5F, 0xFF, 0xE0, 0x07, 0xFF, 0xFF, 0xD0, 0x00, 0x01, 0xF4,
    0x0B, 0xD0, 0x00, 0x7F, 0xC2, 0xFF, 0x00, 0x0B, 0xFC, 0x3F, 0xF0, 0x00, 0xBF, 0x83, 0xFD, 0x00,
    0x03, 0xE0, 0x1F, 0x40, 0x00, 0x00, 0x00, 0x00, 0x00, 0x00, 0x00, 0x00, 0x00, 0x00, 0x00, 0x00,
    0x00, 0x00, 0x06, 0xFE, 0x04, 0x00, 0x03, 0xF4, 0x3F, 0xF0, 0x00, 0xFC, 0x00, 0xFE, 0x00, 0x3F,
    0x40, 0x0F, 0xE0, 0x0B, 0xF0, 0x01, 0xFD, 0x01, 0xFE, 0x00, 0x2F, 0xC0, 0x2F, 0xD0, 0x03, 0xFC,
    0x03, 0xFC, 0x00, 0x3F, 0x80, 0x3F, 0xC0, 0x07, 0xF4, 0x03, 0xF8, 0x00, 0xBF, 0x00, 0x3F, 0x40,
    0x0F, 0xF0, 0xF3, 0xF4, 0x00, 0xFE, 0x1E, 0x2F, 0x40, 0x3F, 0xD2, 0xC0, 0xFC, 0x1F, 0xBD, 0x74,
    0x01, 0xFF, 0x81, 0xFD, 0x00, 0x00, 0x00, 0x00, 0x0F, 0xFF, 0xFF, 0xFF, 0xFF, 0xC0, 0x00, 0x00,
    0x00, 0xFF, 0xFF, 0xFF, 0xFF, 0xFD, 0x00, 0x00, 0x00, 0x01, 0xF7, 0xFC, 0x00, 0x1F, 0xC0, 0x00,
    0x00, 0x00, 0x3C, 0x7F, 0xC0, 0x00, 0x7C, 0x00, 0x00, 0x00, 0x0B, 0x4B, 0xF8, 0x00, 0x03, 0xC0,
    0x00, 0x00, 0x01, 0xF0, 0xFF, 0x40, 0x00, 0x3C, 0x00, 0x00, 0x00, 0x3C, 0x0F, 0xF0, 0x00, 0x03,
    0x80, 0x00, 0x00, 0x0B, 0x81, 0xFF, 0x00, 0x00, 0x34, 0x00, 0x00, 0x00, 0xF0, 0x2F, 0xE0, 0x0B,
    0x00, 0x00, 0x00, 0x00, 0x3D, 0x03, 0xFD, 0x00, 0xF0, 0x00, 0x00, 0x00, 0x07, 0x80, 0x3F, 0xC0,
    0x7E, 0x00, 0x00, 0x00, 0x00, 0xFF, 0xFF, 0xFF, 0xFF, 0xD0, 0x00, 0x00, 0x00, 0x2F, 0xFF, 0xFF,
    0xFF, 0xFC, 0x00, 0x00, 0x00, 0x07, 0xC0, 0x0F, 0xF4, 0x0B, 0xC0, 0x00, 0x00, 0x00, 0xF4, 0x00,
    0xFF, 0x00, 0x78, 0x0E, 0x00, 0x00, 0x2E, 0x00, 0x1F, 0xF0, 0x07, 0x42, 0xD0, 0x00, 0x07, 0xC0,
    0x02, 0xFE, 0x00, 0x20, 0x3C, 0x00, 0x00, 0xF4, 0x00, 0x3F, 0xD0, 0x00, 0x0B, 0x80, 0x00, 0x2E,
    0x00, 0x03, 0xFC, 0x00, 0x01, 0xF0, 0x00, 0x03, 0xC0, 0x00, 0x7F, 0xC0, 0x00, 0x7F, 0x00, 0x01,
    0xF8, 0x00, 0x0B, 0xF8, 0x00, 0x6F, 0xD0, 0x07, 0xFF, 0xFC, 0x2F, 0xFF, 0xFF, 0xFF, 0xFC, 0x00,
    0x7F, 0xFF, 0xC2, 0xFF, 0xFF, 0xFF, 0xFF, 0x40, 0x00, 0x00, 0x07, 0xFE, 0x3D, 0x6F, 0xF4, 0x00,
    0x1F, 0x81, 0xFF, 0xF9, 0x0B, 0x80, 0x1F, 0x80, 0x1F, 0xF8, 0x00, 0xF0, 0x1F, 0xC0, 0x03, 0xFC,
    0x00, 0x3C, 0x0F, 0xE0, 0x01, 0xFC, 0x00, 0x0F, 0x0B, 0xF4, 0x00, 0xBF, 0x00, 0x0F, 0x83, 0xFC,
    0x00, 0x3F, 0x40, 0x6F, 0x80, 0xFF, 0x00, 0x0F, 0xFF, 0xF9, 0x00, 0x7F, 0x80, 0x03, 0xF0, 0x00,
    0x00, 0x1F, 0xD0, 0x01, 0xF8, 0x00, 0x00, 0x07, 0xF0, 0x00, 0xBE, 0x00, 0x00, 0x01, 0xFC, 0x00,
    0x3F, 0x80, 0x00, 0x20, 0x3F, 0x00, 0x3E, 0xF0, 0x00, 0x7C, 0x07, 0xE0, 0x7C, 0x3E, 0x01, 0xBC,
    0x00, 0x2F, 0xE4, 0x01, 0xFF, 0xE4, 0x00, 0x00, 0x00, 0x00, 0x80, 0x00, 0x0C, 0x00, 0x00, 0x00,
    0x34, 0x00, 0x0A, 0x00, 0x00, 0x00, 0x07, 0x40, 0x1A, 0x00, 0x00, 0x00, 0x00, 0x2F, 0xF9, 0x00,
    0x00, 0x00, 0x00, 0x00, 0x00, 0x00, 0x00, 0x00, 0x00, 0x00, 0x00, 0x00, 0x00, 0x01, 0xFF, 0xFF,
    0xFF, 0xFF, 0xF4, 0x00, 0x7F, 0xFF, 0xFF, 0xFF, 0xFD, 0x00, 0x00, 0x7F, 0xC0, 0x00, 0x7F, 0x40,
    0x00, 0x2F, 0xF0, 0x00, 0x07, 0xC0, 0x00, 0x0F, 0xF8, 0x00, 0x00, 0xF0, 0x00, 0x03, 0xFD, 0x00,
    0x00, 0x3C, 0x00, 0x01, 0xFF, 0x00, 0x00, 0x0F, 0x00, 0x00, 0xBF, 0xC0, 0x2C, 0x03, 0x80, 0x00,
    0x3F, 0xE0, 0x0F, 0x00, 0x00, 0x00, 0x0F, 0xF4, 0x1F, 0x80, 0x00, 0x00, 0x07, 0xFF, 0xFF, 0xD0,
    0x00, 0x00, 0x02, 0xFF, 0xFF, 0xF0, 0x00, 0x00, 0x00, 0xFF, 0x80, 0xBC, 0x00, 0x00, 0x00, 0x3F,
    0xD0, 0x1E, 0x00, 0x00, 0x00, 0x1F, 0xF0, 0x07, 0x40, 0x3C, 0x00, 0x0B, 0xFC, 0x01, 0x80, 0x1E,
    0x00, 0x03, 0xFE, 0x00, 0x00, 0x0F, 0x00, 0x00, 0xFF, 0x40, 0x00, 0x07, 0xC0, 0x00, 0x7F, 0xC0,
    0x00, 0x03, 0xD0, 0x00, 0x2F, 0xF0, 0x00, 0x07, 0xF0, 0x00, 0x0F, 0xF8, 0x00, 0x1B, 0xF8, 0x02,
    0xFF, 0xFF, 0xFF, 0xFF, 0xFC, 0x00, 0xBF, 0xFF, 0xFF, 0xFF, 0xFE, 0x00, 0x00, 0x00, 0x0C, 0x00,
    0x01, 0x40, 0x03, 0x00, 0x00, 0xD0, 0x00, 0xB4, 0x02, 0xE0, 0x00, 0x07, 0xFF, 0x80, 0x00, 0x00,
    0x00, 0x00, 0x00, 0x00, 0x00, 0x00, 0x00, 0x00, 0x2F, 0xF8, 0x00, 0x00, 0xBE, 0x07, 0xD0, 0x00,
    0xFD, 0x00, 0x7C, 0x00, 0xFE, 0x00, 0x1F, 0x00, 0xBF, 0x00, 0x0B, 0x80, 0x3F, 0x80, 0x07, 0xC0,
    0x2F, 0xD0, 0x1F, 0xC0, 0x0F, 0xFF, 0xFA, 0x40, 0x03, 0xFC, 0x00, 0x00, 0x00, 0xFE, 0x00, 0x00,
    0x00, 0x3F, 0x80, 0x00, 0x00, 0x0F, 0xE0, 0x00, 0x0A, 0x01, 0xFC, 0x00, 0x0F, 0x80, 0x2F, 0x80,
    0x6F, 0x40, 0x00, 0xBF, 0xF9, 0x00, 0x00, 0x00, 0x70, 0x06, 0xFF, 0x90, 0x00, 0x00, 0xBC, 0x7F,
    0xFF, 0xFD, 0x00, 0x00, 0xFF, 0xF9, 0x01, 0xBF, 0x80, 0x00, 0xFF, 0x80, 0x00, 0x2F, 0xE0, 0x01,
    0xFD, 0x00, 0x00, 0x0F, 0xF0, 0x02, 0xF4, 0x00, 0x00, 0x0B, 0xF8, 0x03, 0xE0, 0x00, 0x00, 0x07,
    0xFC, 0x03, 0xC0, 0x00, 0x00, 0x07, 0xFC, 0x00, 0x00, 0x00, 0x00, 0x07, 0xFC, 0x00, 0x00, 0x00,
    0x00, 0x0B, 0xFC, 0x00, 0x00, 0x00, 0x00, 0x0F, 0xFC, 0x00, 0x00, 0x00, 0x00, 0x0F, 0xF8, 0x7F,
    0xFF, 0xFF, 0xFF, 0xFF, 0xF4, 0xBF, 0x80, 0x00, 0x00, 0x2F, 0xF0, 0xBF, 0x40, 0x00, 0x00, 0x3F,
    0xF0, 0xFF, 0x40, 0x00, 0x00, 0x3F, 0xD0, 0xFF, 0x00, 0x00, 0x00, 0xBF, 0xC0, 0xFF, 0x00, 0x00,
    0x00, 0xFF, 0x40, 0xBF, 0x00, 0x00, 0x02, 0xFE, 0x00, 0x7F, 0x40, 0x00, 0x07, 0xF8, 0x00, 0x3F,
    0x80, 0x00, 0x0F, 0xE0, 0x00, 0x1F, 0xC0, 0x00, 0x7F, 0x40, 0x00, 0x07, 0xF4, 0x06, 0xF8, 0x00,
    0x00, 0x00, 0x6F, 0xFE, 0x40, 0x00, 0x00, 0x00, 0x06, 0xFF, 0x40, 0x00, 0x7D, 0x07, 0xF0, 0x01,
    0xF0, 0x00, 0xFC, 0x03, 0xC0, 0x00, 0xFD, 0x03, 0x40, 0x00, 0xFE, 0x00, 0x00, 0x00, 0xFE, 0x00,
    0x00, 0x00, 0xFE, 0x00, 0x6B, 0xFF, 0xFD, 0x07, 0xE4, 0x03, 0xFC, 0x1F, 0x00, 0x03, 0xF8, 0x3D,
    0x00, 0x0B, 0xF0, 0x3C, 0x00, 0x0F, 0xC0, 0x3C, 0x00, 0x3F, 0x00, 0x2E, 0x06, 0xF8, 0x00, 0x07,
    0xFE, 0x40, 0x00, 0x00, 0x00, 0x00, 0xF8, 0x07, 0xE0, 0x00, 0x00, 0x00, 0xFF, 0x43, 0xFC, 0x00,
    0x00, 0x00, 0x7F, 0xD2, 0xFF, 0x00, 0x00, 0x00, 0x1F, 0xF0, 0xBF, 0xC0, 0x00, 0x00, 0x02, 0xF0,
    0x0F, 0x80, 0x00, 0x00, 0x00, 0x00, 0x00, 0x00, 0x00, 0x07, 0x00, 0x2F, 0xFE, 0x40, 0x00, 0x02,
    0xF0, 0xFF, 0xFF, 0xFD, 0x00, 0x00, 0xFF, 0xFD, 0x00, 0x7F, 0xE0, 0x00, 0x3F, 0xF0, 0x00, 0x02,
    0xFD, 0x00, 0x1F, 0xE0, 0x00, 0x00, 0x3F, 0xC0, 0x0B, 0xD0, 0x00, 0x00, 0x0B, 0xF4, 0x03, 0xE0,
    0x00, 0x00, 0x01, 0xFF, 0x00, 0xF0, 0x00, 0x00, 0x00, 0x7F, 0xC0, 0x00, 0x00, 0x00, 0x00, 0x1F,
    0xF0, 0x00, 0x00, 0x00, 0x00, 0x0B, 0xFC, 0x00, 0x00, 0x00, 0x00, 0x03, 0xFF, 0x00, 0x00, 0x00,
    0x00, 0x00, 0xFF, 0xC3, 0xFF, 0xFF, 0xFF, 0xFF, 0xFF, 0xE2, 0xFE, 0x00, 0x00, 0x00, 0x2F, 0xF0,
    0xBF, 0x40, 0x00, 0x00, 0x0F, 0xFC, 0x3F, 0xD0, 0x00, 0x00, 0x07, 0xFD, 0x0F, 0xF0, 0x00, 0x00,
    0x02, 0xFF, 0x03, 0xFC, 0x00, 0x00, 0x00, 0xFF, 0x00, 0xBF, 0x40, 0x00, 0x00, 0xBF, 0x80, 0x1F,
    0xD0, 0x00, 0x00, 0x7F, 0x80, 0x03, 0xF8, 0x00, 0x00, 0x7F, 0x80, 0x00, 0x3F, 0x40, 0x00, 0x7F,
    0x40, 0x00, 0x03, 0xF8, 0x01, 0xFE, 0x00, 0x00, 0x00, 0x0B, 0xFF, 0xE4, 0x00, 0x00, 0x00, 0x00,
    0x02, 0xF0, 0x0B, 0xC0, 0x00, 0xBF, 0xC3, 0xFE, 0x00, 0x0F, 0xFC, 0x3F, 0xE0, 0x00, 0xFF, 0x43,
    0xFC, 0x00, 0x07, 0xD0, 0x2F, 0x40, 0x00, 0x00, 0x00, 0x00, 0x00, 0x00, 0x00, 0x00, 0x00, 0x00,
    0x00, 0x00, 0x00, 0x00, 0x06, 0xFF, 0x80, 0x00, 0x07, 0xD0, 0x3F, 0x40, 0x02, 0xE0, 0x00, 0xFC,
    0x00, 0x7C, 0x00, 0x0F, 0xE0, 0x02, 0x00, 0x00, 0xFE, 0x00, 0x00, 0x00, 0x0F, 0xE0, 0x00, 0x1B,
    0xFF, 0xFE, 0x00, 0x3F, 0x40, 0x3F, 0xD0, 0x0F, 0x40, 0x03, 0xFC, 0x03, 0xD0, 0x00, 0x7F, 0x40,
    0x3C, 0x00, 0x0F, 0xF0, 0x03, 0xC0, 0x01, 0xFC, 0x00, 0x3C, 0x00, 0x7F, 0x00, 0x02, 0xE0, 0x6F,
    0x40, 0x00, 0x07, 0xFE, 0x40, 0x00, 0x00, 0x00, 0x00, 0x00, 0x00, 0x00, 0x0B, 0x80, 0x3E, 0x00,
    0x00, 0x00, 0x00, 0x00, 0x00, 0x00, 0x00, 0x3F, 0xE0, 0xFF, 0x40, 0x00, 0x00, 0x00, 0x00, 0x00,
    0x00, 0x00, 0x7F, 0xE1, 0xFF, 0x40, 0x00, 0x00, 0x00, 0x00, 0x00, 0x00, 0x00, 0x3F, 0xC1, 0xFF,
    0x00, 0x00, 0x00, 0x00, 0x00, 0x00, 0x00, 0x00, 0x2F, 0x40, 0xB8, 0x00, 0x00, 0x00, 0x00, 0x00,
    0x00, 0x00, 0x00, 0x00, 0x00, 0x00, 0x00, 0x00, 0x00, 0x00, 0x00, 0x00, 0x00, 0x00, 0x00, 0x00,
    0x00, 0x00, 0x00, 0x00, 0x00, 0x07, 0xFF, 0xFC, 0x01, 0xFF, 0xFF, 0xFC, 0x01, 0xFF, 0xFF, 0x00,
    0x07, 0xFF, 0xFC, 0x01, 0xFF, 0xFF, 0xFC, 0x01, 0xBF, 0xFF, 0x00, 0x00, 0x2F, 0x80, 0x00, 0x07,
    0xFC, 0x00, 0x00, 0x3F, 0x40, 0x00, 0x00, 0x0B, 0xC0, 0x00, 0x0B, 0xFC, 0x00, 0x01, 0xF8, 0x00,
    0x00, 0x00, 0x02, 0xF0, 0x00, 0x0F, 0xF8, 0x00, 0x0B, 0xD0, 0x00, 0x00, 0x00, 0x00, 0xFC, 0x00,
    0x0F, 0xF4, 0x00, 0x3F, 0x00, 0x00, 0x00, 0x00, 0x00, 0x3E, 0x00, 0x1F, 0xF0, 0x01, 0xF8, 0x00,
    0x00, 0x00, 0x00, 0x00, 0x0F, 0x40, 0x2F, 0xF0, 0x0B, 0xD0, 0x00, 0x00, 0x00, 0x00, 0x00, 0x07,
    0xD0, 0x3F, 0xE0, 0x3F, 0x00, 0x00, 0x00, 0x00, 0x00, 0x00, 0x07, 0xF0, 0x3F, 0xD0, 0xFD, 0x00,
    0x00, 0x00, 0x00, 0x00, 0x00, 0x1F, 0xFC, 0x7F, 0xC7, 0xFF, 0x00, 0x00, 0x00, 0x00, 0x00, 0x00,
    0x7F, 0xFF, 0xFF, 0xEF, 0xFF, 0x40, 0x00, 0x00, 0x00, 0x00, 0x01, 0xFF, 0x8F, 0xFF, 0xF8, 0xFF,
    0xC0, 0x00, 0x00, 0x00, 0x00, 0x03, 0xFE, 0x03, 0xFF, 0xD0, 0xBF, 0xD0, 0x00, 0x00, 0x00, 0x00,
    0x0F, 0xF8, 0x02, 0xFF, 0x00, 0x3F, 0xF0, 0x00, 0x00, 0x00, 0x00, 0x3F, 0xE0, 0x02, 0xFF, 0x00,
    0x2F, 0xF0, 0x00, 0x00, 0x00, 0x00, 0xFF, 0x80, 0x03, 0xFE, 0x00, 0x0F, 0xF8, 0x00, 0x00, 0x00,
    0x03, 0xFE, 0x00, 0x03, 0xFD, 0x00, 0x0B, 0xFC, 0x00, 0x00, 0x00, 0x0F, 0xF8, 0x00, 0x0B, 0xFC,
    0x00, 0x03, 0xFE, 0x00, 0x00, 0x00, 0x3F, 0xF0, 0x00, 0x0F, 0xFC, 0x00, 0x03, 0xFF, 0x00, 0x00,
    0x01, 0xFF, 0xC0, 0x00, 0x0F, 0xF8, 0x00, 0x01, 0xFF, 0x80, 0x00, 0x3F, 0xFF, 0xFC, 0x0B, 0xFF,
    0xFF, 0xE0, 0x1F, 0xFF, 0xFC, 0x00, 0x3F, 0xFF, 0xF8, 0x0B, 0xFF, 0xFF, 0xE0, 0x3F, 0xFF, 0xFC,
    0x00, 0x00, 0x00, 0x00, 0x00, 0x0B, 0x80, 0x3E, 0x00, 0x00, 0x00, 0x00, 0x00, 0x00, 0x03, 0xFD,
    0x0F, 0xF4, 0x00, 0x00, 0x00, 0x00, 0x00, 0x00, 0x7F, 0xE2, 0xFF, 0x40, 0x00, 0x00, 0x00, 0x00,
    0x00, 0x07, 0xFC, 0x1F, 0xF0, 0x00, 0x00, 0x00, 0x00, 0x00, 0x00, 0x2F, 0x40, 0xB8, 0x00, 0x00,
    0x00, 0x00, 0x00, 0x00, 0x00, 0x00, 0x00, 0x00, 0x00, 0x00, 0x00, 0x00, 0x00, 0x00, 0x00, 0x00,
    0x00, 0x00, 0x00, 0x00, 0x00, 0x00, 0x00, 0x00, 0x00, 0x00, 0x00, 0x00, 0x00, 0x00, 0x1B, 0xF9,
    0x00, 0x00, 0xF4, 0x00, 0x07, 0xFE, 0x40, 0x0F, 0x80, 0xFD, 0x00, 0x3F, 0x80, 0x0B, 0xE0, 0x3D,
    0x03, 0xC0, 0x03, 0xF0, 0x03, 0xF4, 0x07, 0xF4, 0x0B, 0xF0, 0xF0, 0x00, 0x3F, 0x40, 0x7F, 0x00,
    0xFE, 0x00, 0xFE, 0x09, 0x00, 0x03, 0xF8, 0x0F, 0xF0, 0x3F, 0xC0, 0x0B, 0x80, 0x00, 0x00, 0x3F,
    0x80, 0xFD, 0x07, 0xF8, 0x00, 0x00, 0x00, 0x00, 0x07, 0xFF, 0xFF, 0xFF, 0xFF, 0x40, 0x00, 0x00,
    0x00, 0x00, 0xBF, 0x42, 0xFC, 0x0F, 0xF0, 0x00, 0x00, 0x00, 0x00, 0x0F, 0xF0, 0x3F, 0x80, 0xFF,
    0x00, 0x00, 0x00, 0x00, 0x00, 0xFE, 0x03, 0xF4, 0x0F, 0xE0, 0x00, 0x00, 0x1F, 0x40, 0x2F, 0xC0,
    0x7F, 0x00, 0xFD, 0x00, 0x00, 0x03, 0xF8, 0x03, 0xF4, 0x0B, 0xF0, 0x0B, 0xE0, 0x00, 0x0F, 0x3F,
    0x40, 0xFD, 0x00, 0xFF, 0x00, 0x3F, 0x00, 0x03, 0xE3, 0xE0, 0x7F, 0x00, 0x0F, 0xE0, 0x01, 0xF8,
    0x06, 0xF4, 0x0B, 0xFE, 0x40, 0x00, 0xFD, 0x00, 0x02, 0xFF, 0xE4, 0x00, 0x00, 0x00, 0x00, 0x00,
    0x00, 0x00, 0x00, 0x02, 0xE0, 0x1F, 0x80, 0x00, 0x03, 0xFD, 0x0F, 0xF0, 0x00, 0x01, 0xFF, 0x4B,
    0xFC, 0x00, 0x00, 0x7F, 0xC1, 0xFF, 0x00, 0x00, 0x0B, 0xC0, 0x2E, 0x00, 0x00, 0x00, 0x00, 0x00,
    0x00, 0x00, 0xD0, 0x6F, 0xF9, 0x00, 0x00, 0x7D, 0xFF, 0xFF, 0xF4, 0x00, 0x2F, 0xF9, 0x01, 0xFF,
    0x40, 0x0F, 0xF0, 0x00, 0x1F, 0xF0, 0x07, 0xE0, 0x00, 0x03, 0xFD, 0x02, 0xF0, 0x00, 0x00, 0xFF,
    0x40, 0xB0, 0x00, 0x00, 0x3F, 0xC0, 0x00, 0x00, 0x00, 0x2F, 0xF0, 0x00, 0x00, 0x00, 0x1F, 0xF0,
    0x00, 0x00, 0x00, 0x0F, 0xF0, 0x00, 0x00, 0x00, 0x6F, 0xD0, 0x00, 0x00, 0x3F, 0xFF, 0x40, 0x00,
    0x00, 0x00, 0x02, 0xFD, 0x00, 0x00, 0x00, 0x00, 0x2F, 0xE0, 0x00, 0x00, 0x00, 0x03, 0xFC, 0x00,
    0x00, 0x00, 0x00, 0xFF, 0x40, 0x00, 0x00, 0x00, 0x3F, 0xD0, 0xB0, 0x00, 0x00, 0x1F, 0xF4, 0x3C,
    0x00, 0x00, 0x0F, 0xFC, 0x0F, 0x00, 0x00, 0x0B, 0xFD, 0x03, 0xE0, 0x00, 0x07, 0xFE, 0x00, 0x7E,
    0x40, 0x1F, 0xFD, 0x00, 0x07, 0xFF, 0xFF, 0xF8, 0x00, 0x00, 0x2F, 0xFF, 0x90, 0x00, 0x00, 0x00,
    0x02, 0xF0, 0x0B, 0xC0, 0x00, 0xBF, 0xC3, 0xFE, 0x00, 0x0F, 0xFC, 0x3F, 0xE0, 0x00, 0xFF, 0x43,
    0xFC, 0x00, 0x07, 0xD0, 0x2F, 0x40, 0x00, 0x00, 0x00, 0x00, 0x00, 0x00, 0x00, 0x00, 0x00, 0x00,
    0x00, 0x00, 0x00, 0x00, 0x06, 0xFF, 0x90, 0x00, 0x07, 0xD0, 0x2F, 0x80, 0x01, 0xF0, 0x01, 0xFD,
    0x00, 0x2C, 0x00, 0x2F, 0xD0, 0x00, 0x00, 0x03, 0xFC, 0x00, 0x00, 0x01, 0xFE, 0x00, 0x00, 0x2F,
    0xFF, 0x40, 0x00, 0x00, 0x01, 0xFE, 0x00, 0x00, 0x00, 0x07, 0xF4, 0x02, 0xF0, 0x00, 0x3F, 0x80,
    0x7F, 0x40, 0x07, 0xF8, 0x0B, 0xF0, 0x00, 0xFF, 0x00, 0x7D, 0x00, 0x1F, 0xE0, 0x03, 0xE0, 0x0B,
    0xF4, 0x00, 0x06, 0xFF, 0xE4, 0x00, 0x00, 0x00, 0x0F, 0xFF, 0xFF, 0xFF, 0xC0, 0x02, 0xFF, 0xFF,
    0xFF, 0xFC, 0x00, 0x3F, 0xFF, 0xFF, 0xFF, 0xC0, 0x07, 0xFF, 0xFF, 0xFF, 0xFC, 0x00, 0xFF, 0x40,
    0x00, 0x2F, 0x40, 0x0F, 0x80, 0x00, 0x0F, 0xC0, 0x02, 0xE0, 0x00, 0x0B, 0xD0, 0x00, 0x2C, 0x00,
    0x07, 0xE0, 0x00, 0x00, 0x00, 0x02, 0xF4, 0x00, 0x00, 0x00, 0x01, 0xF8, 0x00, 0x00, 0x00, 0x00,
    0xFF, 0x90, 0x00, 0x00, 0x00, 0x3F, 0xBF, 0xE0, 0x00, 0x00, 0x00, 0x00, 0x7F, 0x80, 0x00, 0x00,
    0x00, 0x03, 0xFD, 0x00, 0x00, 0x00, 0x00, 0x3F, 0xE0, 0x00, 0x00, 0x00, 0x03, 0xFE, 0x00, 0x1F,
    0x80, 0x00, 0x3F, 0xE0, 0x03, 0xFC, 0x00, 0x07, 0xFC, 0x00, 0xBF, 0xC0, 0x00, 0xFF, 0x80, 0x0B,
    0xFC, 0x00, 0x1F, 0xF0, 0x00, 0xBF, 0x00, 0x03, 0xFC, 0x00, 0x03, 0xE4, 0x01, 0xFE, 0x00, 0x00,
    0x06, 0xFF, 0xF9, 0x00, 0x00, 0x00, 0x00, 0x2F, 0xFF, 0xFF, 0xD0, 0x03, 0xFF, 0xFF, 0xFD, 0x00,
    0x7F, 0xFF, 0xFF, 0x80, 0x0B, 0xD0, 0x02, 0xE0, 0x00, 0xF4, 0x00, 0xB8, 0x00, 0x09, 0x00, 0x3D,
    0x00, 0x00, 0x00, 0x0F, 0x40, 0x00, 0x00, 0x07, 0xD0, 0x00, 0x00, 0x01, 0xF4, 0x00, 0x00, 0x00,
    0x7F, 0xF4, 0x00, 0x00, 0x06, 0x0B, 0xD0, 0x00, 0x00, 0x00, 0x7F, 0x00, 0x00, 0x00, 0x07, 0xF0,
    0x00, 0x00, 0x00, 0xBF, 0x40, 0x00, 0x00, 0x0B, 0xF0, 0x00, 0xF4, 0x00, 0xFF, 0x00, 0x3F, 0xC0,
    0x0F, 0xE0, 0x03, 0xF8, 0x02, 0xFC, 0x00, 0x3F, 0x00, 0x3F, 0x80, 0x03, 0xD0, 0x07, 0xE0, 0x00,
    0x0F, 0x42, 0xF8, 0x00, 0x00, 0x2F, 0xF8, 0x00, 0x00, 0x00, 0x00, 0x00, 0x1F, 0xFF, 0xFF, 0xF4,
    0x00, 0x00, 0x00, 0x00, 0x7F, 0xFF, 0xFF, 0xD0, 0x00, 0x00, 0x00, 0x00, 0x00, 0x00, 0x00, 0x00,
    0x00, 0x00, 0x00, 0x00, 0x00, 0x00, 0x00, 0x00, 0x00, 0x00, 0x00, 0x00, 0x00, 0x00, 0x00, 0x00,
    0x00, 0x00, 0x00, 0x00, 0x00, 0x00, 0x00, 0x00, 0x00, 0x00, 0x00, 0x00, 0x00, 0x00, 0x00, 0x00,
    0x07, 0xFF, 0xFF, 0xF0, 0x7F, 0xFF, 0xFF, 0x00, 0x1F, 0xFF, 0xFF, 0xC1, 0xFF, 0xFF, 0xFC, 0x00,
    0x01, 0xFF, 0x40, 0x00, 0x3F, 0xF0, 0x00, 0x00, 0x0B, 0xFC, 0x00, 0x02, 0xFF, 0xC0, 0x00, 0x00,
    0x3F, 0xE0, 0x00, 0x1F, 0xFE, 0x00, 0x00, 0x00, 0xFF, 0x40, 0x01, 0xFF, 0xF4, 0x00, 0x00, 0x07,
    0xFC, 0x00, 0x0F, 0xBF, 0xC0, 0x00, 0x00, 0x2F, 0xF0, 0x00, 0xF2, 0xFF, 0x00, 0x00, 0x00, 0xFF,
    0x80, 0x0F, 0x4F, 0xF8, 0x00, 0x00, 0x03, 0xFD, 0x00, 0xB4, 0x3F, 0xD0, 0x00, 0x00, 0x1F, 0xF0,
    0x0B, 0x81, 0xFF, 0x00, 0x00, 0x00, 0xBF, 0xC0, 0x78, 0x0B, 0xFC, 0x00, 0x00, 0x03, 0xFE, 0x07,
    0xC0, 0x3F, 0xE0, 0x00, 0x00, 0x0F, 0xF4, 0x3C, 0x00, 0xFF, 0x40, 0x00, 0x00, 0x7F, 0xC3, 0xC0,
    0x0B, 0xFC, 0x00, 0x00, 0x02, 0xFF, 0x3D, 0x00, 0x3F, 0xF0, 0x00, 0x00, 0x0F, 0xFA, 0xD0, 0x00,
    0xFF, 0x80, 0x00, 0x00, 0x3F, 0xFE, 0x00, 0x07, 0xFD, 0x00, 0x00, 0x01, 0xFF, 0xE0, 0x00, 0x2F,
    0xF0, 0x00, 0x00, 0x0B, 0xFF, 0x00, 0x00, 0xFF, 0x80, 0x00, 0x00, 0x3F, 0xF0, 0x00, 0x03, 0xFE,
    0x00, 0x00, 0xBF, 0xFF, 0xFE, 0x0B, 0xFF, 0xFF, 0xE0, 0x02, 0xFF, 0xFF, 0xF8, 0x3F, 0xFF, 0xFF,
    0x80, 0x00, 0x00, 0x00, 0xBF, 0xFF, 0xFF, 0x40, 0x00, 0x2F, 0xFF, 0xFF, 0xC0, 0x00, 0x00, 0x00,
    0x00, 0x00, 0x00, 0x00, 0x00, 0x00, 0x00, 0x00, 0x00, 0x00, 0x00, 0x00, 0x00, 0x00, 0x00, 0x00,
    0x00, 0x00, 0x00, 0x00, 0x00, 0x00, 0x00, 0x00, 0x00, 0x00, 0x00, 0x00, 0x00, 0x00, 0x00, 0x00,
    0x00, 0x00, 0x7F, 0x40, 0x00, 0x3C, 0x00, 0xB5, 0xF8, 0x00, 0x3F, 0x80, 0x74, 0x7F, 0x00, 0x0F,
    0xD0, 0x3C, 0x2F, 0xC0, 0x07, 0xF0, 0x1D, 0x0F, 0xE0, 0x02, 0xFC, 0x00, 0x07, 0xF0, 0x00, 0xFE,
    0x00, 0x02, 0xFC, 0x00, 0x3F, 0x40, 0x00, 0xFE, 0x00, 0x1F, 0xC0, 0x00, 0x7F, 0x00, 0x0B, 0xF0,
    0x00, 0x2F, 0xC0, 0x03, 0xF8, 0x00, 0x0B, 0xF0, 0x00, 0xFD, 0x1D, 0x02, 0xF8, 0x00, 0x7F, 0x0B,
    0x00, 0x7F, 0x00, 0x7F, 0xC3, 0x80, 0x0F, 0xD0, 0x7B, 0xF2, 0xC0, 0x00, 0x6F, 0xE0, 0x2F, 0x80,
    0x00, 0x00, 0x00, 0x02, 0xE0, 0x0F, 0x80, 0x00, 0x00, 0x00, 0x00, 0x3F, 0xE0, 0xFF, 0x40, 0x00,
    0x00, 0x00, 0x01, 0xFF, 0x8B, 0xFD, 0x00, 0x00, 0x00, 0x00, 0x03, 0xFC, 0x1F, 0xF0, 0x00, 0x00,
    0x00, 0x00, 0x0B, 0xD0, 0x2E, 0x00, 0x00, 0x00, 0x00, 0x00, 0x00, 0x00, 0x00, 0x00, 0x00, 0x00,
    0x00, 0x00, 0x00, 0x00, 0x00, 0x00, 0x00, 0x07, 0xFF, 0xFF, 0xF0, 0x7F, 0xFF, 0xFF, 0x00, 0x1F,
    0xFF, 0xFF, 0xC1, 0xFF, 0xFF, 0xFC, 0x00, 0x01, 0xFF, 0x40, 0x00, 0x3F, 0xF0, 0x00, 0x00, 0x0B,
    0xFC, 0x00, 0x02, 0xFF, 0xC0, 0x00, 0x00, 0x3F, 0xE0, 0x00, 0x1F, 0xFE, 0x00, 0x00, 0x00, 0xFF,
    0x40, 0x01, 0xFF, 0xF4, 0x00, 0x00, 0x07, 0xFC, 0x00, 0x0F, 0xBF, 0xC0, 0x00, 0x00, 0x2F, 0xF0,
    0x00, 0xF2, 0xFF, 0x00, 0x00, 0x00, 0xFF, 0x80, 0x0F, 0x4F, 0xF8, 0x00, 0x00, 0x03, 0xFD, 0x00,
    0xB4, 0x3F, 0xD0, 0x00, 0x00, 0x1F, 0xF0, 0x0B, 0x81, 0xFF, 0x00, 0x00, 0x00, 0xBF, 0xC0, 0x78,
    0x0B, 0xFC, 0x00, 0x00, 0x03, 0xFE, 0x07, 0xC0, 0x3F, 0xE0, 0x00, 0x00, 0x0F, 0xF4, 0x3C, 0x00,
    0xFF, 0x40, 0x00, 0x00, 0x7F, 0xC3, 0xC0, 0x0B, 0xFC, 0x00, 0x00, 0x02, 0xFF, 0x3D, 0x00, 0x3F,
    0xF0, 0x00, 0x00, 0x0F, 0xFA, 0xD0, 0x00, 0xFF, 0x80, 0x00, 0x00, 0x3F, 0xFE, 0x00, 0x07, 0xFD,
    0x00, 0x00, 0x01, 0xFF, 0xE0, 0x00, 0x2F, 0xF0, 0x00, 0x00, 0x0B, 0xFF, 0x00, 0x00, 0xFF, 0x80,
    0x00, 0x00, 0x3F, 0xF0, 0x00, 0x03, 0xFE, 0x00, 0x00, 0xBF, 0xFF, 0xFE, 0x0B, 0xFF, 0xFF, 0xE0,
    0x02, 0xFF, 0xFF, 0xF8, 0x3F, 0xFF, 0xFF, 0x80, 0x00, 0x00, 0x00, 0x2F, 0x00, 0xB8, 0x00, 0x00,
    0x2F, 0xE0, 0xFF, 0x80, 0x00, 0x0F, 0xFC, 0x7F, 0xE0, 0x00, 0x03, 0xFD, 0x0F, 0xF0, 0x00, 0x00,
    0x7D, 0x02, 0xF4, 0x00, 0x00, 0x00, 0x00, 0x00, 0x00, 0x00, 0x00, 0x00, 0x00, 0x00, 0x00, 0x00,
    0x00, 0x00, 0x00, 0x01, 0xFD, 0x00, 0x00, 0xF0, 0x02, 0xD7, 0xE0, 0x00, 0xFE, 0x01, 0xD1, 0xFC,
    0x00, 0x3F, 0x40, 0xF0, 0xBF, 0x00, 0x1F, 0xC0, 0x74, 0x3F, 0x80, 0x0B, 0xF0, 0x00, 0x1F, 0xC0,
    0x03, 0xF8, 0x00, 0x0B, 0xF0, 0x00, 0xFD, 0x00, 0x03, 0xF8, 0x00, 0x7F, 0x00, 0x01, 0xFC, 0x00,
    0x2F, 0xC0, 0x00, 0xBF, 0x00, 0x0F, 0xE0, 0x00, 0x2F, 0xC0, 0x03, 0xF4, 0x74, 0x0B, 0xE0, 0x01,
    0xFC, 0x2C, 0x01, 0xFC, 0x01, 0xFF, 0x0E, 0x00, 0x3F, 0x41, 0xEF, 0xCB, 0x00, 0x01, 0xBF, 0x80,
    0xBE, 0x00, 0x00, 0x00, 0x02, 0xF0, 0x0B, 0xC0, 0x00, 0x00, 0x0B, 0xFC, 0x2F, 0xE0, 0x00, 0x00,
    0x0F, 0xFC, 0x3F, 0xE0, 0x00, 0x00, 0x0F, 0xF4, 0x3F, 0xD0, 0x00, 0x00, 0x07, 0xD0, 0x1F, 0x40,
    0x00, 0x00, 0x00, 0x00, 0x00, 0x00, 0x00, 0x00, 0x02, 0xFF, 0xE4, 0x00, 0x00, 0x00, 0x7F, 0x40,
    0x7F, 0x40, 0x00, 0x03, 0xF8, 0x00, 0x0F, 0xE0, 0x00, 0x0F, 0xD0, 0x00, 0x07, 0xF4, 0x00, 0x3F,
    0x80, 0x00, 0x03, 0xFC, 0x00, 0xFF, 0x00, 0x00, 0x03, 0xFC, 0x02, 0xFD, 0x00, 0x00, 0x03, 0xFD,
    0x07, 0xFC, 0x00, 0x00, 0x03, 0xFD, 0x0F, 0xF8, 0x00, 0x00, 0x03, 0xFE, 0x1F, 0xF0, 0x00, 0x00,
    0x03, 0xFD, 0x2F, 0xF0, 0x00, 0x00, 0x07, 0xFD, 0x3F, 0xE0, 0x00, 0x00, 0x0B, 0xFC, 0x7F, 0xD0,
    0x00, 0x00, 0x0F, 0xFC, 0xBF, 0xC0, 0x00, 0x00, 0x0F, 0xF8, 0xBF, 0xC0, 0x00, 0x00, 0x1F, 0xF0,
    0xBF, 0xC0, 0x00, 0x00, 0x3F, 0xE0, 0xBF, 0xC0, 0x00, 0x00, 0x3F, 0xC0, 0xBF, 0xC0, 0x00, 0x00,
    0xBF, 0x80, 0x7F, 0xC0, 0x00, 0x00, 0xFF, 0x00, 0x3F, 0xC0, 0x00, 0x03, 0xFC, 0x00, 0x2F, 0xD0,
    0x00, 0x0B, 0xF0, 0x00, 0x0F, 0xF0, 0x00, 0x2F, 0x80, 0x00, 0x02, 0xFD, 0x01, 0xFD, 0x00, 0x00,
    0x00, 0x1B, 0xFE, 0x40, 0x00, 0x00, 0x00, 0x02, 0xF0, 0x0B, 0xC0, 0x00, 0xBF, 0x83, 0xFE, 0x00,
    0x0F, 0xFC, 0x3F, 0xE0, 0x00, 0xFF, 0x43, 0xFC, 0x00, 0x07, 0xD0, 0x2F, 0x40, 0x00, 0x00, 0x00,
    0x00, 0x00, 0x00, 0x00, 0x00, 0x00, 0x00, 0x00, 0x00, 0x00, 0x00, 0x06, 0xFF, 0x90, 0x00, 0x03,
    0xF4, 0x1F, 0xC0, 0x01, 0xFC, 0x00, 0x7F, 0x00, 0x3F, 0x40, 0x03, 0xF4, 0x0F, 0xE0, 0x00, 0x3F,
    0x81, 0xFD, 0x00, 0x03, 0xF8, 0x3F, 0xC0, 0x00, 0x7F, 0x83, 0xF8, 0x00, 0x0B, 0xF4, 0x7F, 0x80,
    0x00, 0xFF, 0x07, 0xF4, 0x00, 0x0F, 0xE0, 0x7F, 0x00, 0x02, 0xFC, 0x03, 0xF0, 0x00, 0x3F, 0x40,
    0x2F, 0x40, 0x0F, 0xD0, 0x00, 0xFD, 0x07, 0xF0, 0x00, 0x01, 0xBF, 0xE4, 0x00, 0x00, 0x00, 0x00,
    0x06, 0xFF, 0xE4, 0x00, 0x00, 0x00, 0x7F, 0x40, 0x7F, 0x40, 0x00, 0x03, 0xF8, 0x00, 0x0F, 0xD0,
    0x00, 0x1F, 0xD0, 0x00, 0x07, 0xF0, 0x00, 0x7F, 0x80, 0x00, 0x03, 0xFC, 0x00, 0xFF, 0x00, 0x00,
    0x03, 0xFC, 0x03, 0xFD, 0x00, 0x00, 0x03, 0xFD, 0x07, 0xFC, 0x00, 0x00, 0x03, 0xFD, 0x0F, 0xF8,
    0x00, 0x00, 0x03, 0xFE, 0x1F, 0xF4, 0x00, 0x00, 0x03, 0xFD, 0x3F, 0xF1, 0xBF, 0xE4, 0x07, 0xFD,
    0x3F, 0xFF, 0xFF, 0xFF, 0xFF, 0xFC, 0x7F, 0xD0, 0x1B, 0xFE, 0x8F, 0xFC, 0xBF, 0xC0, 0x00, 0x00,
    0x0F, 0xF8, 0xBF, 0xC0, 0x00, 0x00, 0x2F, 0xF4, 0xBF, 0xC0, 0x00, 0x00, 0x3F, 0xF0, 0xBF, 0xC0,
    0x00, 0x00, 0x7F, 0xD0, 0xBF, 0xC0, 0x00, 0x00, 0xBF, 0x80, 0x7F, 0xC0, 0x00, 0x00, 0xFF, 0x00,
    0x3F, 0xC0, 0x00, 0x03, 0xFC, 0x00, 0x1F, 0xD0, 0x00, 0x0B, 0xF0, 0x00, 0x0B, 0xF0, 0x00, 0x2F,
    0x80, 0x00, 0x01, 0xFD, 0x02, 0xFD, 0x00, 0x00, 0x00, 0x1B, 0xFE, 0x40, 0x00, 0x00, 0x00, 0x02,
    0xFF, 0x90, 0x00, 0x0B, 0xE0, 0x7F, 0x00, 0x0F, 0xC0, 0x07, 0xF0, 0x0F, 0xD0, 0x00, 0xFD, 0x0F,
    0xF0, 0x00, 0x3F, 0x87, 0xF4, 0x00, 0x0F, 0xE3, 0xFF, 0xF8, 0x03, 0xF8, 0xFF, 0xFF, 0xD2, 0xFD,
    0x7F, 0x87, 0xFE, 0xFF, 0x1F, 0xD0, 0x00, 0x3F, 0x87, 0xF0, 0x00, 0x1F, 0xC1, 0xFC, 0x00, 0x0F,
    0xD0, 0x3F, 0x40, 0x0B, 0xD0, 0x03, 0xF4, 0x1F, 0xD0, 0x00, 0x1B, 0xFE, 0x40, 0x00, 0x00, 0x00,
    0x02, 0xF0, 0x0B, 0xC0, 0x00, 0x00, 0x0B, 0xFC, 0x2F, 0xE0, 0x00, 0x00, 0x0F, 0xFC, 0x3F, 0xE0,
    0x00, 0x00, 0x0F, 0xF4, 0x3F, 0xD0, 0x00, 0x00, 0x07, 0xD0, 0x1F, 0x40, 0x00, 0x00, 0x00, 0x00,
    0x00, 0x00, 0x00, 0x00, 0x06, 0xFF, 0xE4, 0x00, 0x00, 0x00, 0x7F, 0x40, 0x7F, 0x40, 0x00, 0x03,
    0xF8, 0x00, 0x0F, 0xD0, 0x00, 0x1F, 0xD0, 0x00, 0x07, 0xF0, 0x00, 0x7F, 0x80, 0x00, 0x03, 0xFC,
    0x00, 0xFF, 0x00, 0x00, 0x03, 0xFC, 0x03, 0xFD, 0x00, 0x00, 0x03, 0xFD, 0x07, 0xFC, 0x00, 0x00,
    0x03, 0xFD, 0x0F, 0xF8, 0x00, 0x00, 0x03, 0xFE, 0x1F, 0xF4, 0x00, 0x00, 0x03, 0xFD, 0x3F, 0xF1,
    0xBF, 0xE4, 0x07, 0xFD, 0x3F, 0xFF, 0xFF, 0xFF, 0xFF, 0xFC, 0x7F, 0xD0, 0x1B, 0xFE, 0x8F, 0xFC,
    0xBF, 0xC0, 0x00, 0x00, 0x0F, 0xF8, 0xBF, 0xC0, 0x00, 0x00, 0x2F, 0xF4, 0xBF, 0xC0, 0x00, 0x00,
    0x3F, 0xF0, 0xBF, 0xC0, 0x00, 0x00, 0x7F, 0xD0, 0xBF, 0xC0, 0x00, 0x00, 0xBF, 0x80, 0x7F, 0xC0,
    0x00, 0x00, 0xFF, 0x00, 0x3F, 0xC0, 0x00, 0x03, 0xFC, 0x00, 0x1F, 0xD0, 0x00, 0x0B, 0xF0, 0x00,
    0x0B, 0xF0, 0x00, 0x2F, 0x80, 0x00, 0x01, 0xFD, 0x02, 0xFD, 0x00, 0x00, 0x00, 0x1B, 0xFE, 0x40,
    0x00, 0x00, 0x00, 0x02, 0xF0, 0x0B, 0xC0, 0x00, 0xBF, 0x83, 0xFE, 0x00, 0x0F, 0xFC, 0x3F, 0xE0,
    0x00, 0xFF, 0x43, 0xFC, 0x00, 0x07, 0xD0, 0x2F, 0x40, 0x00, 0x00, 0x00, 0x00, 0x00, 0x00, 0x00,
    0x00, 0x00, 0x00, 0x00, 0x00, 0x00, 0x00, 0x06, 0xFF, 0xD0, 0x00, 0x07, 0xF4, 0x1F, 0xD0, 0x02,
    0xFC, 0x00, 0x3F, 0x00, 0xBF, 0x00, 0x03, 0xF4, 0x1F, 0xE0, 0x00, 0x3F, 0x83, 0xFF, 0xFE, 0x07,
    0xF8, 0x3F, 0xFF, 0xFE, 0xFF, 0x47, 0xF8, 0x00, 0x0F, 0xF0, 0x7F, 0x40, 0x00, 0xFF, 0x07, 0xF0,
    0x00, 0x1F, 0xD0, 0x3F, 0x00, 0x03, 0xFC, 0x03, 0xF0, 0x00, 0x7F, 0x00, 0x1F, 0x80, 0x0F, 0xD0,
    0x00, 0x7D, 0x07, 0xF0, 0x00, 0x00, 0xBF, 0xE0, 0x00, 0x00, 0x00, 0x00, 0x0B, 0xC0, 0x2F, 0x00,
    0x00, 0x00, 0x2F, 0xF0, 0xFF, 0x80, 0x00, 0x00, 0x3F, 0xF0, 0xFF, 0x80, 0x00, 0x00, 0x3F, 0xD0,
    0xFF, 0x40, 0x00, 0x00, 0x1F, 0x40, 0xBD, 0x00, 0x00, 0x00, 0x00, 0x00, 0x00, 0x00, 0x00, 0x70,
    0x06, 0xFF, 0x90, 0x00, 0x00, 0xBC, 0x7F, 0xFF, 0xFE, 0x00, 0x00, 0xFF, 0xF4, 0x01, 0xFF, 0xC0,
    0x00, 0xFF, 0x80, 0x00, 0x2F, 0xF0, 0x01, 0xFD, 0x00, 0x00, 0x0F, 0xF4, 0x02, 0xF4, 0x00, 0x00,
    0x07, 0xFC, 0x03, 0xE0, 0x00, 0x00, 0x03, 0xFC, 0x03, 0xC0, 0x00, 0x00, 0x03, 0xFD, 0x01, 0x40,
    0x00, 0x00, 0x03, 0xFD, 0x00, 0x00, 0x00, 0x00, 0x03, 0xFE, 0x00, 0x00, 0x00, 0x00, 0x07, 0xFD,
    0x00, 0x1B, 0xFF, 0x90, 0x07, 0xFD, 0x00, 0x3F, 0xFF, 0xFF, 0xFF, 0xFC, 0x00, 0x00, 0xBF, 0xFF,
    0xEF, 0xFC, 0x00, 0x00, 0x0B, 0xF8, 0x1F, 0xF4, 0x00, 0x00, 0x00, 0x00, 0x3F, 0xF0, 0x20, 0x00,
    0x00, 0x00, 0x7F, 0xD0, 0xB4, 0x00, 0x00, 0x00, 0xFF, 0x80, 0xB4, 0x00, 0x00, 0x03, 0xFF, 0x00,
    0x78, 0x00, 0x00, 0x0F, 0xFC, 0x00, 0x3D, 0x00, 0x00, 0x7F, 0xF0, 0x00, 0x1F, 0x90, 0x0B, 0xFF,
    0x80, 0x00, 0x07, 0xFF, 0xFF, 0xF8, 0x00, 0x00, 0x00, 0x6F, 0xFE, 0x40, 0x00, 0x00, 0x00, 0x02,
    0xF0, 0x0B, 0xC0, 0x00, 0xBF, 0xC3, 0xFE, 0x00, 0x0F, 0xFC, 0x3F, 0xE0, 0x00, 0xFF, 0x43, 0xFC,
    0x00, 0x07, 0xD0, 0x2F, 0x40, 0x00, 0x00, 0x00, 0x00, 0x00, 0x00, 0x00, 0x00, 0x00, 0x00, 0x00,
    0x00, 0x00, 0x00, 0x0B, 0xFE, 0x40, 0x00, 0x0B, 0x90, 0x7F, 0x00, 0x03, 0xD0, 0x00, 0xFC, 0x00,
    0xB4, 0x00, 0x0F, 0xD0, 0x05, 0x00, 0x00, 0xFE, 0x00, 0x00, 0x00, 0x0F, 0xE0, 0x00, 0x1F, 0xFF,
    0xFE, 0x00, 0x00, 0x00, 0x2F, 0xD0, 0x00, 0x00, 0x03, 0xFC, 0x00, 0x00, 0x00, 0x7F, 0x80, 0x2E,
    0x00, 0x0F, 0xF0, 0x0B, 0xF0, 0x01, 0xFC, 0x00, 0xBE, 0x00, 0x7F, 0x00, 0x07, 0xD0, 0x2F, 0x80,
    0x00, 0x0B, 0xFE, 0x40, 0x00, 0x00, 0x00, 0x00, 0x7F, 0xFF, 0xFF, 0xD0, 0x00, 0x00, 0x07, 0xFF,
    0xFF, 0xFD, 0x00, 0x00, 0x00, 0x00, 0x00, 0x00, 0x00, 0x00, 0x00, 0x00, 0x00, 0x00, 0x00, 0x00,
    0x00, 0x00, 0x00, 0x00, 0x00, 0x00, 0x00, 0x00, 0x00, 0x00, 0x00, 0x00, 0x00, 0x00, 0x00, 0x00,
    0x00, 0x00, 0x00, 0x07, 0xFF, 0xFF, 0xC0, 0x03, 0xFF, 0xFC, 0x7F, 0xFF, 0xFC, 0x00, 0x3F, 0xFF,
    0xC0, 0x2F, 0xF4, 0x00, 0x00, 0x2F, 0x40, 0x00, 0xFF, 0x80, 0x00, 0x03, 0xD0, 0x00, 0x0F, 0xFC,
    0x00, 0x00, 0xB8, 0x00, 0x00, 0xBF, 0xD0, 0x00, 0x0F, 0x00, 0x00, 0x03, 0xFE, 0x00, 0x03, 0xD0,
    0x00, 0x00, 0x3F, 0xF0, 0x00, 0x7C, 0x00, 0x00, 0x01, 0xFF, 0x40, 0x0F, 0x40, 0x00, 0x00, 0x0F,
    0xFC, 0x02, 0xE0, 0x00, 0x00, 0x00, 0xBF, 0xC0, 0x3C, 0x00, 0x00, 0x00, 0x07, 0xFE, 0x0F, 0x40,
    0x00, 0x00, 0x00, 0x3F, 0xF1, 0xF0, 0x00, 0x00, 0x00, 0x02, 0xFF, 0x7C, 0x00, 0x00, 0x00, 0x00,
    0x0F, 0xFF, 0x80, 0x00, 0x00, 0x00, 0x00, 0xFF, 0xF0, 0x00, 0x00, 0x00, 0x00, 0x07, 0xFD, 0x00,
    0x00, 0x00, 0x1F, 0x80, 0x3F, 0x80, 0x00, 0x00, 0x07, 0xFC, 0x03, 0xF0, 0x00, 0x00, 0x00, 0xBF,
    0xC0, 0x2D, 0x00, 0x00, 0x00, 0x0B, 0xF8, 0x0B, 0x40, 0x00, 0x00, 0x00, 0x7D, 0x07, 0xD0, 0x00,
    0x00, 0x00, 0x01, 0xFF, 0x90, 0x00, 0x00, 0x00, 0x00, 0x00, 0x02, 0xFF, 0xFF, 0xFD, 0x00, 0x02,
    0xFF, 0xFF, 0xFC, 0x00, 0x00, 0x00, 0x00, 0x00, 0x00, 0x00, 0x00, 0x00, 0x00, 0x00, 0x00, 0x00,
    0x00, 0x00, 0x00, 0x00, 0x00, 0x00, 0x00, 0x00, 0x00, 0x00, 0x00, 0x00, 0x00, 0x00, 0x00, 0x00,
    0x00, 0x00, 0x00, 0x00, 0x00, 0x00, 0x01, 0xFD, 0x00, 0x00, 0xA0, 0x0B, 0x5F, 0x80, 0x02, 0xF8,
    0x1D, 0x1F, 0xC0, 0x03, 0xF4, 0x3C, 0x2F, 0xC0, 0x07, 0xF0, 0x74, 0x3F, 0x80, 0x0B, 0xF0, 0x00,
    0x7F, 0x00, 0x0F, 0xE0, 0x00, 0xBF, 0x00, 0x0F, 0xD0, 0x00, 0xFE, 0x00, 0x1F, 0xC0, 0x01, 0xFC,
    0x00, 0x2F, 0xC0, 0x02, 0xFC, 0x00, 0x3F, 0x80, 0x02, 0xFC, 0x00, 0x3F, 0x40, 0x02, 0xF8, 0x00,
    0x7F, 0x00, 0x01, 0xFC, 0x00, 0xFF, 0x00, 0x00, 0xFD, 0x07, 0xFE, 0x00, 0x00, 0x1B, 0xFE, 0xFD,
    0x00, 0x00, 0x00, 0x01, 0xFC, 0x00, 0x00, 0x00, 0x02, 0xF8, 0x00, 0x0B, 0xC0, 0x03, 0xF0, 0x00,
    0x1F, 0xD0, 0x0F, 0xD0, 0x00, 0x1F, 0xC0, 0x2F, 0x40, 0x00, 0x0F, 0x81, 0xFC, 0x00, 0x00, 0x02,
    0xFF, 0x90, 0x00, 0x00, 0x00, 0x00, 0x0B, 0xC0, 0x2E, 0x00, 0x00, 0x00, 0x02, 0xFE, 0x0F, 0xF4,
    0x00, 0x00, 0x00, 0x3F, 0xE1, 0xFF, 0x40, 0x00, 0x00, 0x03, 0xFD, 0x1F, 0xF0, 0x00, 0x00, 0x00,
    0x1F, 0x40, 0xBC, 0x00, 0x00, 0x00, 0x00, 0x00, 0x00, 0x00, 0x00, 0x00, 0x00, 0x00, 0x00, 0x00,
    0x00, 0x07, 0xFF, 0xFF, 0xC0, 0x03, 0xFF, 0xFC, 0x7F, 0xFF, 0xFC, 0x00, 0x3F, 0xFF, 0xC0, 0x2F,
    0xF4, 0x00, 0x00, 0x2F, 0x40, 0x00, 0xFF, 0x80, 0x00, 0x03, 0xD0, 0x00, 0x0F, 0xFC, 0x00, 0x00,
    0xB8, 0x00, 0x00, 0xBF, 0xD0, 0x00, 0x0F, 0x00, 0x00, 0x03, 0xFE, 0x00, 0x03, 0xD0, 0x00, 0x00,
    0x3F, 0xF0, 0x00, 0x7C, 0x00, 0x00, 0x01, 0xFF, 0x40, 0x0F, 0x40, 0x00, 0x00, 0x0F, 0xFC, 0x02,
    0xE0, 0x00, 0x00, 0x00, 0xBF, 0xC0, 0x3C, 0x00, 0x00, 0x00, 0x07, 0xFE, 0x0F, 0x40, 0x00, 0x00,
    0x00, 0x3F, 0xF1, 0xF0, 0x00, 0x00, 0x00, 0x02, 0xFF, 0x7C, 0x00, 0x00, 0x00, 0x00, 0x0F, 0xFF,
    0x80, 0x00, 0x00, 0x00, 0x00, 0xFF, 0xF0, 0x00, 0x00, 0x00, 0x00, 0x07, 0xFD, 0x00, 0x00, 0x00,
    0x1F, 0x80, 0x3F, 0x80, 0x00, 0x00, 0x07, 0xFC, 0x03, 0xF0, 0x00, 0x00, 0x00, 0xBF, 0xC0, 0x2D,
    0x00, 0x00, 0x00, 0x0B, 0xF8, 0x0B, 0x40, 0x00, 0x00, 0x00, 0x7D, 0x07, 0xD0, 0x00, 0x00, 0x00,
    0x01, 0xFF, 0x90, 0x00, 0x00, 0x00, 0x00, 0x00, 0x00, 0xBC, 0x02, 0xF0, 0x00, 0x0B, 0xF8, 0x3F,
    0xE0, 0x00, 0x3F, 0xF0, 0xFF, 0x80, 0x00, 0xFF, 0x43, 0xFC, 0x00, 0x01, 0xF4, 0x0B, 0xD0, 0x00,
    0x00, 0x00, 0x00, 0x00, 0x00, 0x00, 0x00, 0x00, 0x00, 0x00, 0x00, 0x00, 0x00, 0x01, 0xFD, 0x00,
    0x00, 0xA0, 0x2D, 0x7E, 0x00, 0x0B, 0xE1, 0xD1, 0xFC, 0x00, 0x3F, 0x4F, 0x0B, 0xF0, 0x01, 0xFC,
    0x74, 0x3F, 0x80, 0x0B, 0xF0, 0x01, 0xFC, 0x00, 0x3F, 0x80, 0x0B, 0xF0, 0x00, 0xFD, 0x00, 0x3F,
    0x80, 0x07, 0xF0, 0x01, 0xFC, 0x00, 0x2F, 0xC0, 0x0B, 0xF0, 0x00, 0xFE, 0x00, 0x2F, 0xC0, 0x03,
    0xF4, 0x00, 0xBE, 0x00, 0x1F, 0xC0, 0x01, 0xFC, 0x00, 0xFF, 0x00, 0x03, 0xF4, 0x1F, 0xF8, 0x00,
    0x01, 0xBF, 0xEF, 0xD0, 0x00, 0x00, 0x00, 0x7F, 0x00, 0x00, 0x00, 0x02, 0xF8, 0x00, 0x2F, 0x00,
    0x0F, 0xC0, 0x01, 0xFD, 0x00, 0xFD, 0x00, 0x07, 0xF0, 0x0B, 0xD0, 0x00, 0x0F, 0x81, 0xFC, 0x00,
    0x00, 0x0B, 0xFE, 0x40, 0x00, 0x00, 0x00, 0x00, 0x00, 0x1F, 0x02, 0xE0, 0x00, 0x00, 0x00, 0x0F,
    0xF6, 0xFF, 0x00, 0x00, 0x00, 0x0B, 0xFF, 0xFF, 0xF0, 0x00, 0x00, 0x03, 0xFF, 0xFF, 0xFD, 0x00,
    0x00, 0x00, 0x3E, 0x57, 0xE5, 0x00, 0x00, 0x00, 0x00, 0x00, 0x00, 0x00, 0x00, 0x00, 0x00, 0x00,
    0x00, 0x00, 0x00, 0x07, 0xFF, 0xFF, 0xC0, 0x03, 0xFF, 0xFC, 0x7F, 0xFF, 0xFC, 0x00, 0x3F, 0xFF,
    0xC0, 0x2F, 0xF4, 0x00, 0x00, 0x2F, 0x40, 0x00, 0xFF, 0x80, 0x00, 0x03, 0xD0, 0x00, 0x0F, 0xFC,
    0x00, 0x00, 0xB8, 0x00, 0x00, 0xBF, 0xD0, 0x00, 0x0F, 0x00, 0x00, 0x03, 0xFE, 0x00, 0x03, 0xD0,
    0x00, 0x00, 0x3F, 0xF0, 0x00, 0x7C, 0x00, 0x00, 0x01, 0xFF, 0x40, 0x0F, 0x40, 0x00, 0x00, 0x0F,
    0xFC, 0x02, 0xE0, 0x00, 0x00, 0x00, 0xBF, 0xC0, 0x3C, 0x00, 0x00, 0x00, 0x07, 0xFE, 0x0F, 0x40,
    0x00, 0x00, 0x00, 0x3F, 0xF1, 0xF0, 0x00, 0x00, 0x00, 0x02, 0xFF, 0x7C, 0x00, 0x00, 0x00, 0x00,
    0x0F, 0xFF, 0x80, 0x00, 0x00, 0x00, 0x00, 0xFF, 0xF0, 0x00, 0x00, 0x00, 0x00, 0x07, 0xFD, 0x00,
    0x00, 0x00, 0x1F, 0x80, 0x3F, 0x80, 0x00, 0x00, 0x07, 0xFC, 0x03, 0xF0, 0x00, 0x00, 0x00, 0xBF,
    0xC0, 0x2D, 0x00, 0x00, 0x00, 0x0B, 0xF8, 0x0B, 0x40, 0x00, 0x00, 0x00, 0x7D, 0x07, 0xD0, 0x00,
    0x00, 0x00, 0x01, 0xFF, 0x90, 0x00, 0x00, 0x00, 0x00, 0x00, 0x00, 0x00, 0x00, 0x00, 0x00, 0x00,
    0x00, 0x2E, 0x02, 0xD0, 0x00, 0x00, 0x7F, 0xC3, 0xFC, 0x00, 0x00, 0xBF, 0xF7, 0xFD, 0x00, 0x00,
    0xFF, 0xFF, 0xF8, 0x00, 0x00, 0x3E, 0x47, 0x90, 0x00, 0x00, 0x00, 0x00, 0x00, 0x00, 0x00, 0x00,
    0x00, 0x00, 0x00, 0x00, 0x00, 0x00, 0x00, 0x00, 0x00, 0x7F, 0x40, 0x00, 0x28, 0x00, 0xB5, 0xF8,
    0x00, 0x2F, 0x80, 0x74, 0x7F, 0x00, 0x0F, 0xD0, 0x3C, 0x2F, 0xC0, 0x07, 0xF0, 0x1D, 0x0F, 0xE0,
    0x02, 0xFC, 0x00, 0x07, 0xF0, 0x00, 0xFE, 0x00, 0x02, 0xFC, 0x00, 0x3F, 0x40, 0x00, 0xFE, 0x00,
    0x1F, 0xC0, 0x00, 0x7F, 0x00, 0x0B, 0xF0, 0x00, 0x2F, 0xC0, 0x03, 0xF8, 0x00, 0x0B, 0xE0, 0x00,
    0xFD, 0x00, 0x02, 0xF8, 0x00, 0x7F, 0x00, 0x00, 0x7F, 0x00, 0x3F, 0xC0, 0x00, 0x0F, 0xD0, 0x7F,
    0xE0, 0x00, 0x00, 0x7F, 0xFB, 0xF4, 0x00, 0x00, 0x00, 0x01, 0xFC, 0x00, 0x00, 0x00, 0x00, 0xBE,
    0x00, 0x00, 0xBC, 0x00, 0x3F, 0x00, 0x00, 0x7F, 0x40, 0x3F, 0x40, 0x00, 0x1F, 0xC0, 0x2F, 0x40,
    0x00, 0x03, 0xE0, 0x7F, 0x00, 0x00, 0x00, 0x2F, 0xF9, 0x00, 0x00, 0x00, 0x00, 0x00, 0x0B, 0x80,
    0x3E, 0x00, 0x00, 0x00, 0x03, 0xFD, 0x0F, 0xF4, 0x00, 0x00, 0x00, 0x7F, 0xE2, 0xFF, 0x40, 0x00,
    0x00, 0x07, 0xFC, 0x1F, 0xF0, 0x00, 0x00, 0x00, 0x2F, 0x00, 0xB8, 0x00, 0x00, 0x00, 0x00, 0x00,
    0x00, 0x00, 0x00, 0x00, 0x00, 0x00, 0x00, 0x00, 0x00, 0x07, 0xFF, 0xFF, 0xF0, 0xBF, 0xFF, 0xFF,
    0x7F, 0xFF, 0xFF, 0x07, 0xFF, 0xFF, 0xF0, 0x1F, 0xF4, 0x00, 0x01, 0xFF, 0x00, 0x02, 0xFF, 0x00,
    0x00, 0x2F, 0xF0, 0x00, 0x3F, 0xE0, 0x00, 0x03, 0xFE, 0x00, 0x03, 0xFD, 0x00, 0x00, 0x3F, 0xD0,
    0x00, 0x7F, 0xC0, 0x00, 0x07, 0xFC, 0x00, 0x0B, 0xFC, 0x00, 0x00, 0xBF, 0xC0, 0x00, 0xFF, 0x80,
    0x00, 0x0F, 0xF8, 0x00, 0x0F, 0xF4, 0x00, 0x00, 0xFF, 0x40, 0x00, 0xFF, 0x40, 0x00, 0x1F, 0xF0,
    0x00, 0x07, 0xF8, 0x00, 0x07, 0xFF, 0x00, 0x00, 0x2F, 0xD0, 0x1B, 0xBF, 0xE0, 0x00, 0x00, 0x6F,
    0xFE, 0x47, 0xFC, 0x00, 0x00, 0x00, 0x00, 0x00, 0xBF, 0xC0, 0x00, 0x00, 0x00, 0x00, 0x0F, 0xF8,
    0x00, 0x00, 0x00, 0x00, 0x00, 0xFF, 0x40, 0x00, 0x00, 0x00, 0x00, 0x1F, 0xF0, 0x00, 0x00, 0x00,
    0x00, 0x02, 0xFF, 0x00, 0x00, 0x00, 0x00, 0x00, 0x3F, 0xE0, 0x00, 0x00, 0x00, 0x00, 0x03, 0xFD,
    0x00, 0x00, 0x00, 0x00, 0x3F, 0xFF, 0xFF, 0x80, 0x00, 0x00, 0x03, 0xFF, 0xFF, 0xF4, 0x00, 0x00,
    0x00, 0x00, 0x00, 0x00, 0x00, 0x00, 0x00, 0x00, 0x7E, 0x01, 0xF4, 0x00, 0x00, 0xFF, 0x07, 0xFC,
    0x00, 0x02, 0xFF, 0x4B, 0xFC, 0x00, 0x02, 0xFF, 0x0B, 0xF8, 0x00, 0x00, 0xB8, 0x03, 0xE0, 0x00,
    0x00, 0x00, 0x00, 0x00, 0x00, 0x00, 0x00, 0x00, 0x00, 0x00, 0x00, 0x00, 0x00, 0x00, 0x02, 0xF8,
    0x00, 0x02, 0x80, 0x0B, 0x2F, 0x00, 0x0F, 0xE0, 0x1D, 0x3F, 0x40, 0x0F, 0xD0, 0x3C, 0x3F, 0x40,
    0x1F, 0xC0, 0x78, 0x7F, 0x00, 0x2F, 0xC0, 0x20, 0xBF, 0x00, 0x3F, 0x80, 0x00, 0xBF, 0x00, 0x3F,
    0x40, 0x00, 0x3F, 0x41, 0xFF, 0x00, 0x00, 0x0B, 0xFE, 0xFF, 0x00, 0x00, 0x00, 0x00, 0xFE, 0x00,
    0x00, 0x00, 0x00, 0xFD, 0x1D, 0x00, 0x00, 0x01, 0xFC, 0x2C, 0x00, 0x00, 0x01, 0xFC, 0x3C, 0x00,
    0x00, 0x00, 0xFC, 0xB0, 0x00, 0x00, 0x00, 0x2F, 0xC0, 0x00, 0x1F, 0xFF, 0xFF, 0xFF, 0xFC, 0x00,
    0x1F, 0xFF, 0xFF, 0xFF, 0xFC, 0x00, 0x00, 0x7F, 0xC0, 0x02, 0xFC, 0x00, 0x00, 0xBF, 0xC0, 0x00,
    0xBC, 0x00, 0x00, 0xFF, 0x80, 0x00, 0x78, 0x00, 0x00, 0xFF, 0x40, 0x00, 0x78, 0x00, 0x01, 0xFF,
    0x00, 0x00, 0x74, 0x00, 0x02, 0xFF, 0x00, 0x00, 0x70, 0x00, 0x03, 0xFE, 0x00, 0x00, 0x00, 0x00,
    0x03, 0xFD, 0x00, 0x00, 0x00, 0x00, 0x07, 0xFC, 0x00, 0x00, 0x00, 0x00, 0x0B, 0xFC, 0x00, 0x00,
    0x00, 0x00, 0x0F, 0xF8, 0x00, 0x00, 0x00, 0x00, 0x0F, 0xF4, 0x00, 0x00, 0x00, 0x00, 0x1F, 0xF0,
    0x00, 0x00, 0x00, 0x00, 0x2F, 0xF0, 0x00, 0x00, 0x00, 0x00, 0x3F, 0xE0, 0x00, 0x00, 0x00, 0x00,
    0x3F, 0xD0, 0x00, 0x00, 0x00, 0x00, 0x7F, 0xC0, 0x00, 0x00, 0x00, 0x00, 0xBF, 0xC0, 0x00, 0x00,
    0x00, 0x00, 0xFF, 0x80, 0x00, 0x00, 0x00, 0xBF, 0xFF, 0xFF, 0xC0, 0x00, 0x00, 0xBF, 0xFF, 0xFF,
    0xC0, 0x00, 0x00, 0x00, 0x00, 0x6F, 0xC0, 0x00, 0x00, 0x00, 0x00, 0x0B, 0xC0, 0x00, 0x00, 0x00,
    0x00, 0x07, 0xC0, 0x00, 0x00, 0x00, 0x00, 0x03, 0x80, 0x00, 0x00, 0x00, 0x00, 0x07, 0x80, 0x00,
    0x00, 0x00, 0x00, 0x03, 0x40, 0x00, 0x00, 0x00, 0x2F, 0xFD, 0x00, 0x3F, 0x41, 0xFC, 0x0F, 0x40,
    0x0F, 0xD0, 0xC0, 0x00, 0xFD, 0x00, 0x00, 0x2F, 0xC0, 0x00, 0x1F, 0xF8, 0x00, 0x2F, 0xFF, 0x00,
    0x2F, 0xFF, 0x80, 0x0F, 0xFF, 0x80, 0x03, 0xFE, 0x00, 0x00, 0xBF, 0x40, 0x00, 0x0F, 0xF0, 0x00,
    0xB0, 0xBE, 0x00, 0x2F, 0x03, 0xF0, 0x1F, 0xE0, 0x0B, 0xFF, 0x8E, 0x00, 0x00, 0x00, 0xF0, 0x00,
    0x00, 0x0F, 0x80, 0x00, 0x00, 0xFC, 0x00, 0x00, 0x3F, 0xC0, 0x00, 0x0F, 0xFC, 0x00, 0x03, 0xFE,
    0x00, 0x00, 0x10, 0x00, 0x00, 0x00, 0x00, 0x00, 0x0B, 0xD0, 0x2F, 0x00, 0x00, 0x00, 0x00, 0x00,
    0x00, 0x02, 0xFF, 0x0B, 0xF8, 0x00, 0x00, 0x00, 0x00, 0x00, 0x00, 0x3F, 0xF0, 0xFF, 0x80, 0x00,
    0x00, 0x00, 0x00, 0x00, 0x03, 0xFE, 0x0F, 0xF4, 0x00, 0x00, 0x00, 0x00, 0x00, 0x00, 0x1F, 0x80,
    0x7D, 0x00, 0x00, 0x00, 0x00, 0x00, 0x00, 0x00, 0x00, 0x00, 0x00, 0x00, 0x00, 0x00, 0x00, 0x00,
    0x00, 0x00, 0x00, 0x00, 0x00, 0x00, 0x00, 0x01, 0xFF, 0xFF, 0xF8, 0x00, 0x00, 0xFF, 0xFF, 0xFD,
    0x00, 0x1F, 0xFF, 0xFF, 0x40, 0x00, 0x0F, 0xFF, 0xFF, 0xD0, 0x00, 0x07, 0xFC, 0x00, 0x00, 0x00,
    0x03, 0xFE, 0x00, 0x00, 0x00, 0xBF, 0x80, 0x00, 0x00, 0x00, 0x3F, 0xD0, 0x00, 0x00, 0x0F, 0xF4,
    0x00, 0x00, 0x00, 0x07, 0xFC, 0x00, 0x00, 0x00, 0xFF, 0x00, 0x00, 0x00, 0x00, 0xBF, 0xC0, 0x00,
    0x00, 0x1F, 0xF0, 0x00, 0x00, 0x00, 0x0F, 0xF8, 0x00, 0x00, 0x02, 0xFE, 0x00, 0x00, 0x00, 0x00,
    0xFF, 0x40, 0x00, 0x00, 0x3F, 0xD0, 0x00, 0x00, 0x00, 0x1F, 0xF0, 0x00, 0x00, 0x03, 0xFC, 0x00,
    0x00, 0x00, 0x02, 0xFF, 0x00, 0x00, 0x00, 0x7F, 0xFF, 0xFF, 0xE8, 0x00, 0x3F, 0xE0, 0x00, 0x00,
    0x0B, 0xF9, 0x00, 0x1F, 0xF4, 0x03, 0xFD, 0x00, 0x00, 0x00, 0xFF, 0x00, 0x00, 0xBF, 0xD0, 0x7F,
    0xC0, 0x00, 0x00, 0x0F, 0xF0, 0x00, 0x03, 0xFE, 0x0B, 0xFC, 0x00, 0x00, 0x01, 0xFE, 0x00, 0x00,
    0x3F, 0xF0, 0xFF, 0x80, 0x00, 0x00, 0x2F, 0xD0, 0x00, 0x03, 0xFE, 0x0F, 0xF4, 0x00, 0x00, 0x03,
    0xFC, 0x00, 0x00, 0x7F, 0xD1, 0xFF, 0x00, 0x00, 0x00, 0x3F, 0xC0, 0x00, 0x0B, 0xFC, 0x2F, 0xF0,
    0x00, 0x00, 0x07, 0xF8, 0x00, 0x01, 0xFF, 0x83, 0xFE, 0x00, 0x00, 0x00, 0xBF, 0x40, 0x00, 0x3F,
    0xF0, 0x3F, 0xD0, 0x00, 0x00, 0x0F, 0xF0, 0x00, 0x2F, 0xFC, 0x07, 0xFC, 0x00, 0x00, 0xBF, 0xFF,
    0xFF, 0xFF, 0xFE, 0x3F, 0xFF, 0xFF, 0x00, 0x0B, 0xFF, 0xFF, 0xFF, 0xFE, 0x03, 0xFF, 0xFF, 0xF0,
    0x00, 0x00, 0x00, 0x02, 0xF0, 0x0B, 0x80, 0x00, 0x00, 0x02, 0xFE, 0x0F, 0xF4, 0x00, 0x00, 0x00,
    0xFF, 0x87, 0xFD, 0x00, 0x00, 0x00, 0x3F, 0xD1, 0xFF, 0x00, 0x00, 0x00, 0x07, 0xD0, 0x2F, 0x00,
    0x00, 0x00, 0x00, 0x00, 0x00, 0x00, 0x00, 0x00, 0x00, 0x00, 0x00, 0x00, 0x00, 0x00, 0x00, 0x00,
    0x00, 0x00, 0x00, 0x01, 0xFD, 0x00, 0x00, 0x01, 0xF0, 0x02, 0xD7, 0xE0, 0x00, 0x00, 0xFD, 0x02,
    0xD1, 0xFC, 0x00, 0x00, 0x3F, 0x40, 0xF0, 0xBF, 0x00, 0x00, 0x1F, 0xC0, 0x74, 0x3F, 0x80, 0x00,
    0x0B, 0xF0, 0x00, 0x1F, 0xFF, 0xF4, 0x03, 0xF8, 0x00, 0x0B, 0xF8, 0x1F, 0xC0, 0xFD, 0x00, 0x03,
    0xF4, 0x03, 0xF8, 0x7F, 0x00, 0x01, 0xFC, 0x00, 0xFF, 0x2F, 0xC0, 0x00, 0xBF, 0x00, 0x3F, 0xCF,
    0xE0, 0x00, 0x3F, 0x80, 0x1F, 0xE3, 0xF4, 0x70, 0x0F, 0xD0, 0x0B, 0xF1, 0xFC, 0x3C, 0x02, 0xF4,
    0x03, 0xF4, 0x7F, 0x0D, 0x00, 0x3F, 0x07, 0xF4, 0x0F, 0xCF, 0x00, 0x01, 0xFF, 0x90, 0x00, 0xBE,
    0x00, 0x00, 0x00, 0x00, 0x00, 0x00, 0x00, 0x00, 0x00, 0x03, 0xFF, 0xFF, 0xE0, 0xFF, 0xFF, 0xD0,
    0x00, 0xFF, 0xFF, 0xF8, 0x3F, 0xFF, 0xF4, 0x00, 0x00, 0xFF, 0xD0, 0x00, 0xBD, 0x00, 0x00, 0x00,
    0x1F, 0xF8, 0x00, 0x7C, 0x00, 0x00, 0x00, 0x03, 0xFF, 0x00, 0x7C, 0x00, 0x00, 0x00, 0x00, 0xBF,
    0xD0, 0x7C, 0x00, 0x00, 0x00, 0x00, 0x0F, 0xFC, 0x7C, 0x00, 0x00, 0x00, 0x00, 0x02, 0xFF, 0xBC,
    0x00, 0x00, 0x00, 0x00, 0x00, 0x7F, 0xFC, 0x00, 0x00, 0x00, 0x00, 0x00, 0x0F, 0xFD, 0x00, 0x00,
    0x00, 0x00, 0x00, 0x01, 0xFF, 0x80, 0x00, 0x00, 0x00, 0x00, 0x00, 0x7F, 0xF0, 0x00, 0x00, 0x00,
    0x00, 0x00, 0x7F, 0xFD, 0x00, 0x00, 0x00, 0x00, 0x00, 0x7D, 0xFF, 0xC0, 0x00, 0x00, 0x00, 0x00,
    0x7C, 0x2F, 0xF4, 0x00, 0x00, 0x00, 0x00, 0x7C, 0x07, 0xFE, 0x00, 0x00, 0x00, 0x00, 0x7C, 0x00,
    0xFF, 0xC0, 0x00, 0x00, 0x00, 0x7C, 0x00, 0x2F, 0xF8, 0x00, 0x00, 0x00, 0x7C, 0x00, 0x03, 0xFF,
    0x00, 0x00, 0x00, 0xBD, 0x00, 0x00, 0xFF, 0xD0, 0x00, 0x2F, 0xFF, 0xF4, 0x00, 0x1F, 0xF8, 0x00,
    0x0B, 0xFF, 0xFE, 0x00, 0x03, 0xFF, 0x00, 0x00, 0x00, 0x03, 0x40, 0x00, 0xBF, 0xC0, 0x00, 0x00,
    0x00, 0x02, 0xE0, 0x2F, 0xF0, 0x00, 0x00, 0x00, 0x03, 0xFD, 0x0B, 0xFC, 0x00, 0x00, 0x00, 0x01,
    0xFF, 0x43, 0xFE, 0x00, 0x00, 0x00, 0x00, 0x7F, 0xD0, 0xFF, 0x00, 0x00, 0x00, 0x00, 0x1F, 0xF0,
    0xBF, 0x00, 0x00, 0x00, 0x00, 0x03, 0xF0, 0x7F, 0x00, 0x00, 0x00, 0x00, 0x00, 0x1F, 0xF9, 0x00,
    0x00, 0x00, 0x00, 0x2F, 0xF8, 0x0B, 0xF8, 0x00, 0xB8, 0x0F, 0xEE, 0x0B, 0xC0, 0xB4, 0x01, 0xFF,
    0x07, 0xF4, 0x78, 0x00, 0x7F, 0x42, 0xFC, 0x3C, 0x00, 0x2F, 0xC0, 0x3D, 0x00, 0x00, 0x0F, 0xF0,
    0x00, 0x00, 0x00, 0x03, 0xF8, 0x00, 0x00, 0x00, 0x01, 0xFD, 0x00, 0x00, 0x00, 0x00, 0xBF, 0x00,
    0x00, 0x00, 0x00, 0x3F, 0xC0, 0x01, 0x41, 0xF4, 0x0F, 0xE0, 0x00, 0xF0, 0xFE, 0x07, 0xF4, 0x00,
    0xB4, 0x7F, 0x43, 0xFD, 0x00, 0x78, 0x0F, 0x82, 0xEF, 0xC0, 0xB8, 0x00, 0xBF, 0x80, 0xBF, 0xF4,
    0x00, 0x00, 0x00, 0x00, 0x09, 0x00, 0x00, 0x00, 0x00, 0x03, 0x40, 0x00, 0x00, 0x00, 0x07, 0xC0,
    0x00, 0x03, 0xFF, 0xFF, 0xD0, 0x00, 0x00, 0xFF, 0xFF, 0xD0, 0x00, 0x00, 0x0B, 0xFF, 0x40, 0x00,
    0x00, 0x00, 0x00, 0x00, 0x00, 0x00, 0x00, 0x00, 0x00, 0x03, 0xFF, 0xFF, 0xF0, 0xFF, 0xFF, 0xD0,
    0x00, 0xFF, 0xFF, 0xF8, 0x3F, 0xFF, 0xF4, 0x00, 0x00, 0xFF, 0xC0, 0x00, 0xBD, 0x00, 0x00, 0x00,
    0x2F, 0xF4, 0x00, 0x3D, 0x00, 0x00, 0x00, 0x03, 0xFF, 0x00, 0x3D, 0x00, 0x00, 0x00, 0x00, 0xBF,
    0xC0, 0x3D, 0x00, 0x00, 0x00, 0x00, 0x1F, 0xF8, 0x3E, 0x00, 0x00, 0x00, 0x00, 0x03, 0xFF, 0x2E,
    0x00, 0x00, 0x00, 0x00, 0x00, 0xBF, 0xFF, 0x00, 0x00, 0x00, 0x00, 0x00, 0x0F, 0xFF, 0x00, 0x00,
    0x00, 0x00, 0x00, 0x03, 0xFF, 0x40, 0x00, 0x00, 0x00, 0xBF, 0xFF, 0xFF, 0xFF, 0xFF, 0xF0, 0x00,
    0x00, 0x00, 0x1F, 0xFC, 0x00, 0x00, 0x00, 0x00, 0x00, 0x1F, 0xFF, 0x40, 0x00, 0x00, 0x00, 0x00,
    0x1F, 0x7F, 0xF0, 0x00, 0x00, 0x00, 0x00, 0x1F, 0x0B, 0xFD, 0x00, 0x00, 0x00, 0x00, 0x1F, 0x00,
    0xFF, 0x80, 0x00, 0x00, 0x00, 0x1F, 0x00, 0x3F, 0xF0, 0x00, 0x00, 0x00, 0x1F, 0x00, 0x07, 0xFE,
    0x00, 0x00, 0x00, 0x1F, 0x00, 0x00, 0xFF, 0xC0, 0x00, 0x00, 0x2F, 0x40, 0x00, 0x2F, 0xF8, 0x00,
    0x0B, 0xFF, 0xFE, 0x00, 0xFF, 0xFF, 0xF8, 0x02, 0xFF, 0xFF, 0x80, 0x3F, 0xFF, 0xFE, 0x00, 0x00,
    0x00, 0x00, 0x00, 0x00, 0x00, 0x00, 0x00, 0x00, 0x2F, 0xF8, 0x0B, 0xF8, 0x00, 0xB8, 0x0F, 0xEE,
    0x0B, 0xC0, 0xF4, 0x01, 0xFF, 0x07, 0xF4, 0xB4, 0x00, 0x7F, 0x42, 0xFC, 0x3C, 0x00, 0x2F, 0xC0,
    0x7D, 0x00, 0x00, 0x0F, 0xE0, 0x00, 0x00, 0x3F, 0xFF, 0xFF, 0xFF, 0x40, 0x00, 0x01, 0xFC, 0x00,
    0x00, 0x00, 0x00, 0xBF, 0x00, 0x00, 0x00, 0x00, 0x3F, 0xC0, 0x00, 0x01, 0xF4, 0x0F, 0xE0, 0x00,
    0xF0, 0xFE, 0x07, 0xF4, 0x00, 0x74, 0x7F, 0x43, 0xFD, 0x00, 0x78, 0x0F, 0x82, 0xDF, 0xC0, 0xB4,
    0x00, 0xBF, 0x80, 0xBF, 0xE0, 0x00, 0x7F, 0xFF, 0xEF, 0xFF, 0xFE, 0xFF, 0xFF, 0xD0, 0x00, 0x00,
    0x7F, 0xFF, 0xEF, 0xFF, 0xFE, 0xFF, 0xFF, 0xD0, 0x00, 0x00, 0x6A, 0xAA, 0xAA, 0xAA, 0x92, 0xAA,
    0xAA, 0xAA, 0xA8, 0x7F, 0xFF, 0xFF, 0xFF, 0xD0, 0xBF, 0xFF, 0xFF, 0xFF, 0xFF, 0xFF, 0xFF, 0xFF,
    0xFC, 0x00, 0x00, 0x00, 0x00, 0x00, 0x00, 0x00, 0x00, 0x00, 0x00, 0x00, 0x20, 0x24, 0x00, 0x02,
    0xD0, 0xF0, 0x00, 0x0F, 0x47, 0xC0, 0x00, 0x3D, 0x2F, 0x00, 0x01, 0xF4, 0xFC, 0x00, 0x0B, 0xD3,
    0xF0, 0x00, 0x3F, 0x5F, 0x80, 0x00, 0xFD, 0xBE, 0x00, 0x07, 0xF7, 0xF8, 0x00, 0x2F, 0xEF, 0xE0,
    0x00, 0xFF, 0xBF, 0x80, 0x03, 0xFE, 0xFD, 0x00, 0x1F, 0xEF, 0xF0, 0x00, 0xBF, 0xBF, 0xC0, 0x03,
    0xFE, 0xFE, 0x00, 0x0F, 0xFB, 0xF4, 0x00, 0x7F, 0xBF, 0xC0, 0x02, 0xFE, 0xFF, 0x00, 0x0F, 0xFB,
    0xF8, 0x00, 0x3F, 0xEF, 0xD0, 0x01, 0xFE, 0xFF, 0x00, 0x0B, 0xFB, 0xFC, 0x00, 0x3F, 0xEF, 0xE0,
    0x00, 0xFF, 0xBF, 0x40, 0x07, 0xFB, 0xFC, 0x00, 0x2F, 0xEF, 0xF0, 0x00, 0xFF, 0xBF, 0x80, 0x03,
    0xFE, 0xFD, 0x00, 0x1F, 0xEF, 0xF0, 0x00, 0xBF, 0xBF, 0xC0, 0x03, 0xFE, 0xFE, 0x00, 0x0F, 0xFB,
    0xF4, 0x00, 0x3F, 0xAF, 0xC0, 0x00, 0xFD, 0xBF, 0x00, 0x03, 0xF2, 0xF8, 0x00, 0x0F, 0xCF, 0xD0,
    0x00, 0x3E, 0x3F, 0x00, 0x00, 0xF4, 0xFC, 0x00, 0x07, 0xC3, 0xE0, 0x00, 0x1F, 0x0F, 0x40, 0x00,
    0x78, 0x3C, 0x00, 0x00, 0x40, 0x10, 0x00, 0x00, 0x00, 0x28, 0x03, 0x80, 0x34, 0x03, 0x40, 0x28,
    0x00, 0xFF, 0x07, 0xFF, 0x1F, 0xF8, 0x3F, 0xD0, 0x7D, 0x00, 0x03, 0xE0, 0x3F, 0xD1, 0xFF, 0x87,
    0xFE, 0x0F, 0xF4, 0x01, 0xC0, 0x0A, 0x00, 0x70, 0x07, 0x40, 0x74, 0x07, 0x40, 0x00, 0x00, 0x01,
    0xF0, 0x07, 0xFC, 0x0F, 0xFC, 0x0F, 0xFC, 0x07, 0xFC, 0x00, 0x34, 0x00, 0x70, 0x00, 0xD0, 0x02,
    0xC0, 0x0B, 0x00, 0x3C, 0x00, 0x00, 0x00, 0x02, 0xF0, 0x3F, 0xD3, 0xFF, 0x1F, 0xF8, 0xBF, 0x83,
    0x40, 0x0D, 0x00, 0x38, 0x00, 0xB0, 0x01, 0xD0, 0x03, 0xC0, 0x00, 0x00, 0x00, 0x08, 0x00, 0x09,
    0x00, 0x78, 0x00, 0x3C, 0x01, 0xD0, 0x00, 0xE0, 0x03, 0x40, 0x03, 0x80, 0x0E, 0x00, 0x07, 0x00,
    0x1C, 0x00, 0x0D, 0x00, 0x29, 0x40, 0x1D, 0x40, 0x3F, 0xF0, 0x2F, 0xF0, 0x3F, 0xF0, 0x2F, 0xF4,
    0x3F, 0xF0, 0x2F, 0xF0, 0x1F, 0xC0, 0x0F, 0xD0, 0x01, 0x00, 0x01, 0x00, 0x02, 0xF0, 0x01, 0xF4,
    0x0F, 0xF8, 0x07, 0xFC, 0x0F, 0xFC, 0x0F, 0xFC, 0x0F, 0xFC, 0x0F, 0xFC, 0x0B, 0xF8, 0x07, 0xFC,
    0x00, 0x34, 0x00, 0x28, 0x00, 0x70, 0x00, 0x30, 0x00, 0xD0, 0x00, 0xA0, 0x03, 0x80, 0x02, 0xC0,
    0x0E, 0x00, 0x0B, 0x00, 0x38, 0x00, 0x3C, 0x00, 0x00, 0x00, 0x00, 0x00, 0x07, 0xD0, 0x03, 0xE0,
    0x7F, 0xC0, 0x3F, 0xE2, 0xFF, 0x41, 0xFF, 0xCB, 0xFD, 0x07, 0xFE, 0x0F, 0xB0, 0x0B, 0xF8, 0x01,
    0xC0, 0x00, 0xD0, 0x0E, 0x00, 0x0B, 0x00, 0x70, 0x00, 0x34, 0x03, 0x40, 0x03, 0xC0, 0x38, 0x00,
    0x2C, 0x03, 0xC0, 0x02, 0xC0, 0x28, 0x00, 0x1C, 0x00, 0x02, 0xF0, 0x01, 0xF4, 0x0F, 0xF8, 0x07,
    0xFC, 0x2F, 0xF8, 0x0F, 0xFC, 0x3F, 0xF0, 0x2F, 0xF4, 0x7F, 0x80, 0x3B, 0xD0, 0xB0, 0x00, 0x30,
    0x00, 0xA0, 0x00, 0x70, 0x00, 0xB0, 0x00, 0x30, 0x00, 0x70, 0x00, 0x34, 0x00, 0x38, 0x00, 0x2C,
    0x00, 0x2C, 0x00, 0x0E, 0x00, 0x00, 0x00, 0x00, 0x00, 0x00, 0x02, 0xD0, 0x00, 0x01, 0xFC, 0x00,
    0x00, 0xFE, 0x00, 0x00, 0x3F, 0x40, 0x00, 0x0F, 0xC0, 0x00, 0x03, 0xD0, 0x00, 0x00, 0xF0, 0x00,
    0xBE, 0x35, 0xFC, 0x7F, 0xFF, 0xFF, 0x0F, 0x9A, 0x2F, 0x40, 0x03, 0x80, 0x00, 0x02, 0xE0, 0x00,
    0x00, 0xFC, 0x00, 0x00, 0xBE, 0x00, 0x00, 0x3F, 0x80, 0x00, 0x0F, 0xD0, 0x00, 0x07, 0xF0, 0x00,
    0x02, 0xFC, 0x00, 0x00, 0xFE, 0x00, 0x00, 0x3F, 0x40, 0x00, 0x0F, 0xC0, 0x00, 0x07, 0xF0, 0x00,
    0x02, 0xF4, 0x00, 0x00, 0xFC, 0x00, 0x00, 0x3F, 0x00, 0x00, 0x0F, 0x40, 0x00, 0x07, 0xC0, 0x00,
    0x02, 0xF0, 0x00, 0x00, 0xB4, 0x00, 0x00, 0x3C, 0x00, 0x00, 0x00, 0x00, 0x00, 0x00, 0x00, 0x00,
    0x0B, 0x80, 0x00, 0x00, 0x2F, 0xC0, 0x00, 0x00, 0x3F, 0x40, 0x00, 0x00, 0x2F, 0x00, 0x00, 0x00,
    0x2D, 0x00, 0x00, 0x7D, 0x2C, 0xBC, 0x00, 0xFF, 0xFF, 0xFE, 0x00, 0xFF, 0xFF, 0xFD, 0x00, 0xB9,
    0x71, 0xF8, 0x00, 0x00, 0xF0, 0x00, 0x00, 0x01, 0xF0, 0x00, 0x00, 0x03, 0xF0, 0x00, 0x00, 0x07,
    0xF0, 0x00, 0x00, 0x07, 0xE0, 0x00, 0x00, 0x03, 0x80, 0x00, 0x00, 0x0F, 0xC0, 0x00, 0x00, 0x1F,
    0xC0, 0x00, 0x00, 0x2F, 0x80, 0x00, 0x00, 0x2F, 0x00, 0x00, 0x00, 0x1E, 0x00, 0x00, 0x3E, 0x1C,
    0x7D, 0x00, 0xBF, 0xFF, 0xFF, 0x00, 0xFF, 0xFF, 0xFE, 0x00, 0x7D, 0x34, 0xB8, 0x00, 0x00, 0xF4,
    0x00, 0x00, 0x01, 0xF4, 0x00, 0x00, 0x03, 0xF4, 0x00, 0x00, 0x03, 0xF0, 0x00, 0x00, 0x03, 0xE0,
    0x00, 0x00, 0x00, 0x0B, 0xFE, 0x00, 0x02, 0xFF, 0xFF, 0x40, 0x2F, 0xFF, 0xFF, 0x01, 0xFF, 0xFF,
    0xFE, 0x0F, 0xFF, 0xFF, 0xF8, 0xBF, 0xFF, 0xFF, 0xE3, 0xFF, 0xFF, 0xFF, 0x8F, 0xFF, 0xFF, 0xFD,
    0x3F, 0xFF, 0xFF, 0xF0, 0xFF, 0xFF, 0xFF, 0x83, 0xFF, 0xFF, 0xFC, 0x0B, 0xFF, 0xFF, 0xC0, 0x0B,
    0xFF, 0xFC, 0x00, 0x07, 0xFE, 0x40, 0x00, 0x07, 0xC0, 0x00, 0x0B, 0x80, 0x00, 0x0B, 0x41, 0xFF,
    0x00, 0x02, 0xFE, 0x00, 0x03, 0xFC, 0x3F, 0xF0, 0x00, 0x3F, 0xE0, 0x00, 0xBF, 0xD3, 0xFD, 0x00,
    0x03, 0xFC, 0x00, 0x0B, 0xFC, 0x1F, 0x40, 0x00, 0x2F, 0x40, 0x00, 0x3E, 0x00, 0x00, 0x0B, 0xFF,
    0xFE, 0x00, 0xBF, 0xFF, 0x80, 0x02, 0xFF, 0xFF, 0x40, 0x0B, 0xFF, 0xFF, 0x00, 0x1F, 0xFF, 0xFF,
    0x00, 0x3F, 0xFF, 0xFF, 0x00, 0x3F, 0xFF, 0xFE, 0x00, 0x7F, 0xFF, 0xFD, 0x00, 0x7F, 0xFF, 0xFC,
    0x00, 0x7F, 0xFF, 0xFC, 0x00, 0x3F, 0xFF, 0xF8, 0x00, 0x2F, 0xFF, 0xF4, 0x00, 0x0F, 0xFF, 0xF0,
    0x00, 0x02, 0xFF, 0xF0, 0x00, 0x00, 0x2F, 0xE0, 0x00, 0x00, 0x02, 0xD0, 0x00, 0x00, 0x03, 0xC0,
    0x00, 0x00, 0x03, 0xC0, 0x00, 0x00, 0x07, 0x80, 0x00, 0x00, 0x0B, 0x40, 0x00, 0x00, 0x0F, 0x00,
    0x00, 0x00, 0x0F, 0x00, 0x00, 0x00, 0x1E, 0x00, 0x00, 0x00, 0x2D, 0x00, 0x00, 0x00, 0x3C, 0x00,
    0x00, 0x00, 0x3C, 0x00, 0x00, 0x00, 0x78, 0x00, 0x00, 0x1F, 0xFF, 0xC0, 0x00, 0x00, 0x06, 0xF8,
    0x00, 0x00, 0x00, 0xA0, 0x00, 0x00, 0x00, 0x0B, 0xC3, 0xD0, 0x00, 0x00, 0xBC, 0x00, 0x00, 0x00,
    0x07, 0xC0, 0xBD, 0x00, 0x00, 0xBF, 0x00, 0x00, 0x00, 0x03, 0xE0, 0x1F, 0xE4, 0x06, 0xFF, 0xC0,
    0x00, 0x00, 0x02, 0xF4, 0x07, 0x4B, 0xFE, 0xBF, 0xE0, 0x00, 0x00, 0x00, 0xFC, 0x01, 0xD0, 0x00,
    0x7F, 0xF0, 0x00, 0x00, 0x00, 0x7F, 0x00, 0xB4, 0x00, 0x7F, 0xF4, 0x00, 0x00, 0x00, 0x2F, 0x80,
    0x3C, 0x00, 0x3F, 0xF4, 0x00, 0x00, 0x00, 0x0F, 0xD0, 0x0E, 0x00, 0x3F, 0xF4, 0x00, 0x00, 0x00,
    0x03, 0xF0, 0x07, 0x40, 0x3F, 0xF4, 0x00, 0x00, 0x00, 0x00, 0xFC, 0x03, 0xC0, 0x3F, 0xF4, 0x00,
    0x00, 0x00, 0x00, 0x2F, 0x02, 0xD0, 0x3F, 0xF8, 0x00, 0x00, 0x00, 0x00, 0x03, 0xD2, 0xD0, 0x3F,
    0xF8, 0x00, 0x00, 0x00, 0x00, 0x00, 0x2F, 0x80, 0x3F, 0xF8, 0x00, 0x00, 0x00, 0x00, 0x00, 0x00,
    0x00, 0x3F, 0xF8, 0x6F, 0xD0, 0x00, 0x7F, 0x80, 0x00, 0x00, 0x3F, 0xF8, 0xBC, 0x2D, 0x00, 0xF8,
    0x3C, 0x00, 0x00, 0x3F, 0xF8, 0xBC, 0x03, 0x80, 0xFC, 0x0B, 0x40, 0x00, 0x3F, 0xF8, 0x7E, 0x00,
    0xE0, 0xFD, 0x01, 0xD0, 0x00, 0x2F, 0xFC, 0x3F, 0x00, 0x78, 0x7F, 0x00, 0xB0, 0x00, 0x2F, 0xFC,
    0x1F, 0xC0, 0x2D, 0x2F, 0x80, 0x3C, 0x00, 0x2F, 0xFC, 0x0B, 0xE0, 0x0F, 0x0F, 0xD0, 0x0E, 0x00,
    0x2F, 0xFC, 0x02, 0xF4, 0x07, 0x83, 0xF0, 0x0B, 0x00, 0x2F, 0xFC, 0x00, 0xBC, 0x03, 0xC0, 0xFC,
    0x07, 0x40, 0x2F, 0xFC, 0x00, 0x0F, 0x87, 0xC0, 0x1F, 0x07, 0x80, 0x2F, 0xFC, 0x00, 0x00, 0xBF,
    0x40, 0x01, 0xFE, 0x40, 0x03, 0xFC, 0x00, 0x00, 0x00, 0x00, 0x00, 0x00, 0x00, 0x00, 0xFC, 0x00,
    0x00, 0x00, 0x00, 0x00, 0x00, 0x00, 0x00, 0x2C, 0x00, 0x00, 0x00, 0x00, 0x00, 0x00, 0x00, 0x00,
    0x04, 0x00, 0x00, 0x00, 0x00, 0x00, 0x00, 0x00, 0x00, 0x00, 0x00, 0x00, 0x00, 0x00, 0x00, 0x00,
    0x00, 0x00, 0x00, 0x00, 0x06, 0xF8, 0x00, 0x00, 0x00, 0xA0, 0x00, 0x00, 0x00, 0x00, 0x00, 0x00,
    0x00, 0xBC, 0x3D, 0x00, 0x00, 0x0B, 0xC0, 0x00, 0x00, 0x00, 0x00, 0x00, 0x00, 0x07, 0xC0, 0xBD,
    0x00, 0x00, 0xBF, 0x00, 0x00, 0x00, 0x00, 0x00, 0x00, 0x00, 0x3E, 0x01, 0xFE, 0x40, 0x6F, 0xFC,
    0x00, 0x00, 0x00, 0x00, 0x00, 0x00, 0x02, 0xF4, 0x07, 0x4B, 0xFE, 0xBF, 0xE0, 0x00, 0x00, 0x00,
    0x00, 0x00, 0x00, 0x0F, 0xC0, 0x1D, 0x00, 0x07, 0xFF, 0x00, 0x00, 0x00, 0x00, 0x00, 0x00, 0x00,
    0x7F, 0x00, 0xB4, 0x00, 0x7F, 0xF4, 0x00, 0x00, 0x00, 0x00, 0x00, 0x00, 0x02, 0xF8, 0x03, 0xC0,
    0x03, 0xFF, 0x40, 0x00, 0x00, 0x00, 0x00, 0x00, 0x00, 0x0F, 0xD0, 0x0E, 0x00, 0x3F, 0xF4, 0x00,
    0x00, 0x00, 0x00, 0x00, 0x00, 0x00, 0x3F, 0x00, 0x74, 0x03, 0xFF, 0x40, 0x00, 0x00, 0x00, 0x00,
    0x00, 0x00, 0x00, 0xFC, 0x03, 0xC0, 0x3F, 0xF4, 0x00, 0x00, 0x00, 0x00, 0x00, 0x00, 0x00, 0x02,
    0xF0, 0x2D, 0x03, 0xFF, 0x80, 0x00, 0x00, 0x00, 0x00, 0x00, 0x00, 0x00, 0x03, 0xD2, 0xD0, 0x3F,
    0xF8, 0x00, 0x00, 0x00, 0x00, 0x00, 0x00, 0x00, 0x00, 0x02, 0xF8, 0x03, 0xFF, 0x80, 0x00, 0x00,
    0x00, 0x00, 0x00, 0x00, 0x00, 0x00, 0x00, 0x00, 0x3F, 0xF8, 0x6F, 0xD0, 0x00, 0x1B, 0xF0, 0x00,
    0x07, 0xF8, 0x00, 0x00, 0x03, 0xFF, 0x8B, 0xC2, 0xD0, 0x02, 0xF0, 0xB0, 0x00, 0xFC, 0x3C, 0x00,
    0x00, 0x3F, 0xF8, 0xBC, 0x03, 0x80, 0x3F, 0x00, 0xE0, 0x0F, 0xC0, 0x74, 0x00, 0x03, 0xFF, 0x87,
    0xE0, 0x0E, 0x02, 0xF8, 0x03, 0x80, 0xBD, 0x01, 0xE0, 0x00, 0x2F, 0xFC, 0x3F, 0x00, 0x78, 0x0F,
    0xC0, 0x1E, 0x03, 0xF0, 0x07, 0x40, 0x02, 0xFF, 0xC1, 0xFC, 0x02, 0xD0, 0x7F, 0x00, 0xB4, 0x2F,
    0x80, 0x2C, 0x00, 0x2F, 0xFC, 0x0B, 0xE0, 0x0F, 0x02, 0xF8, 0x03, 0xC0, 0xBD, 0x00, 0xF0, 0x02,
    0xFF, 0xC0, 0x2F, 0x40, 0x78, 0x0B, 0xD0, 0x1D, 0x03, 0xF0, 0x0B, 0x40, 0x2F, 0xFC, 0x00, 0xBC,
    0x03, 0xC0, 0x2F, 0x00, 0xF0, 0x0B, 0xC0, 0x38, 0x02, 0xFF, 0xC0, 0x00, 0xF8, 0x7C, 0x00, 0x3D,
    0x1F, 0x00, 0x0F, 0x47, 0x80, 0x2F, 0xFC, 0x00, 0x00, 0xBF, 0x40, 0x00, 0x2F, 0xD0, 0x00, 0x0B,
    0xF4, 0x00, 0x3F, 0xC0, 0x00, 0x00, 0x00, 0x00, 0x00, 0x00, 0x00, 0x00, 0x00, 0x00, 0x00, 0xFC,
    0x00, 0x00, 0x00, 0x00, 0x00, 0x00, 0x00, 0x00, 0x00, 0x00, 0x00, 0x02, 0xC0, 0x00, 0x00, 0x00,
    0x00, 0x00, 0x00, 0x00, 0x00, 0x00, 0x00, 0x00, 0x04, 0x00, 0x00, 0x00, 0x00, 0x00, 0x00, 0x00,
    0x00, 0x00, 0x00, 0x00, 0x00, 0x00, 0x00, 0x00, 0x00, 0x00, 0x00, 0x00, 0x00, 0x00, 0x00, 0x00,
    0x00, 0x00, 0x00, 0x00, 0x10, 0x00, 0x01, 0xC0, 0x00, 0x1E, 0x00, 0x00, 0xF0, 0x00, 0x1F, 0x00,
    0x01, 0xF0, 0x00, 0x2F, 0x40, 0x07, 0xF4, 0x00, 0x3F, 0x80, 0x00, 0x3F, 0x00, 0x00, 0x3E, 0x00,
    0x00, 0x7C, 0x00, 0x00, 0xB0, 0x00, 0x00, 0xD0, 0x00, 0x03, 0x80, 0x00, 0x06, 0x00, 0x00, 0x40,
    0x00, 0x1C, 0x00, 0x00, 0xD0, 0x00, 0x0F, 0x00, 0x00, 0xB4, 0x00, 0x07, 0xC0, 0x00, 0x3F, 0x00,
    0x01, 0xFC, 0x00, 0x1F, 0xD0, 0x07, 0xF0, 0x01, 0xF4, 0x00, 0x7D, 0x00, 0x0F, 0x00, 0x03, 0xC0,
    0x00, 0x74, 0x00, 0x0D, 0x00, 0x00, 0x00, 0xB0, 0x02, 0xF0, 0x03, 0xD0, 0x0B, 0xC0, 0xBF, 0x81,
    0xFC, 0x00, 0x3E, 0x0B, 0xF4, 0xBE, 0x00, 0x00, 0xF4, 0x3E, 0x2F, 0x40, 0x00, 0x07, 0xC0, 0x0F,
    0xC0, 0x00, 0x00, 0x2F, 0x07, 0xF0, 0x00, 0x02, 0xE0, 0xFA, 0xF8, 0xBC, 0x00, 0xBF, 0x43, 0xFD,
    0x2F, 0xD0, 0x0F, 0xF4, 0x3F, 0x43, 0xFD, 0x00, 0x7D, 0x1F, 0xFC, 0x1F, 0x40, 0x00, 0x0B, 0xE3,
    0xE0, 0x00, 0x00, 0x02, 0xF4, 0x0F, 0x40, 0x00, 0x00, 0xFD, 0xF8, 0x7C, 0x00, 0x00, 0x7F, 0x3F,
    0xD2, 0xF0, 0x00, 0x2F, 0x83, 0xFC, 0x0F, 0x80, 0x0B, 0xD0, 0x1F, 0x40, 0x3D, 0x00, 0x00, 0x00,
    0x00, 0x00, 0x00, 0x00, 0x00, 0x00, 0xB8, 0x00, 0x00, 0x0F, 0xF4, 0x00, 0x01, 0xBF, 0xE0, 0x00,
    0xBF, 0xFF, 0xF8, 0x1F, 0x4B, 0xFC, 0xF4, 0xF4, 0x3F, 0xE0, 0xFB, 0xF0, 0xFF, 0x07, 0xFF, 0xC3,
    0xFC, 0x7E, 0x7C, 0x0F, 0xEF, 0xF0, 0x00, 0x7F, 0xFF, 0x00, 0x02, 0xFF, 0xF0, 0x00, 0x1F, 0xFD,
    0x00, 0x02, 0xFF, 0x40, 0x00, 0x0F, 0xF8, 0x80, 0x00, 0x3F, 0xEF, 0x00, 0x00, 0x2F, 0x90, 0x00,
    0x00, 0x00, 0x00, 0x00, 0x00, 0x00, 0x00, 0x00, 0x2F, 0x00, 0x00, 0x02, 0xFE, 0x00, 0x00, 0x0F,
    0xFC, 0x00, 0x00, 0x3F, 0xD0, 0x00, 0x00, 0x7D, 0x00, 0x00, 0x00, 0x30, 0x00, 0x00, 0x20, 0xD0,
    0x00, 0x01, 0xC3, 0x80, 0x00, 0x1C, 0x07, 0x40, 0x01, 0xC0, 0x0B, 0x80, 0x78, 0x00, 0x07, 0xFE,
    0x00, 0x00, 0x00, 0x6F, 0xFF, 0x90, 0x0B, 0xD0, 0x01, 0xB8, 0x3D, 0x00, 0x00, 0x2D, 0x38, 0x00,
    0x00, 0x1D, 0x00, 0x00, 0x00, 0x00, 0x00, 0x80, 0x00, 0x00, 0x00, 0x00, 0x3D, 0x00, 0x00, 0x00,
    0x00, 0x0B, 0xD0, 0x00, 0x00, 0x00, 0x00, 0xFD, 0x00, 0x00, 0x00, 0x00, 0x2F, 0xC0, 0x00, 0x00,
    0x00, 0x07, 0xFC, 0x00, 0x00, 0x00, 0x00, 0xFF, 0x80, 0x00, 0x00, 0x00, 0x2F, 0xF0, 0x00, 0x00,
    0x00, 0x07, 0xFD, 0x00, 0x00, 0x00, 0x00, 0xFF, 0xC0, 0x00, 0x00, 0x00, 0x1F, 0xF0, 0x00, 0x00,
    0x00, 0x03, 0xFE, 0x00, 0x00, 0x00, 0x00, 0xBF, 0xC0, 0x00, 0x00, 0x00, 0x1F, 0xF4, 0x00, 0x00,
    0x00, 0x03, 0xFE, 0x00, 0x00, 0x00, 0x00, 0xBF, 0xC0, 0x00, 0x00, 0x00, 0x0F, 0xF4, 0x00, 0x00,
    0x00, 0x03, 0xFF, 0x00, 0x00, 0x00, 0x00, 0x7F, 0xC0, 0x00, 0x00, 0x00, 0x0F, 0xF8, 0x00, 0x00,
    0x00, 0x02, 0xFF, 0x00, 0x00, 0x00, 0x00, 0x7F, 0xD0, 0x00, 0x00, 0x00, 0x0F, 0xF8, 0x00, 0x00,
    0x00, 0x02, 0xFF, 0x00, 0x00, 0x00, 0x00, 0x3F, 0xD0, 0x00, 0x00, 0x00, 0x0F, 0xFC, 0x00, 0x00,
    0x00, 0x01, 0xFF, 0x00, 0x00, 0x00, 0x00, 0x3F, 0xE0, 0x00, 0x00, 0x00, 0x0B, 0xFC, 0x00, 0x00,
    0x00, 0x01, 0xFF, 0x40, 0x00, 0x00, 0x00, 0x3F, 0xE0, 0x00, 0x00, 0x00, 0x07, 0xFC, 0x00, 0x00,
    0x00, 0x00, 0x7F, 0x40, 0x00, 0x00, 0x00, 0x0B, 0xF0, 0x00, 0x00, 0x00, 0x00, 0xBC, 0x00, 0x00,
    0x00, 0x00, 0x0F, 0x80, 0x00, 0x00, 0x00, 0x00, 0xB0, 0x00, 0x00, 0x00, 0x00, 0x00, 0x00, 0x00,
    0x00, 0xBC, 0x00, 0x00, 0x07, 0x80, 0x00, 0x00, 0x1C, 0x00, 0x00, 0x00, 0x34, 0x00, 0x00, 0x00,
    0xB0, 0x00, 0x00, 0x00, 0xE0, 0x00, 0x00, 0x01, 0xD0, 0x00, 0x00, 0x02, 0xC0, 0x00, 0x00, 0x03,
    0x80, 0x00, 0x00, 0x03, 0x40, 0x00, 0x00, 0x07, 0x00, 0x00, 0x00, 0x0B, 0x00, 0x00, 0x00, 0x0B,
    0x00, 0x00, 0x00, 0x4E, 0x00, 0x00, 0x00, 0xAF, 0x00, 0x00, 0x00, 0x2F, 0xD0, 0x00, 0x00, 0x07,
    0xFC, 0x00, 0x00, 0x0F, 0x80, 0x00, 0x00, 0x2D, 0x00, 0x00, 0x00, 0x74, 0x00, 0x00, 0x00, 0xF0,
    0x00, 0x00, 0x01, 0xE0, 0x00, 0x00, 0x02, 0xC0, 0x00, 0x00, 0x03, 0xC0, 0x00, 0x00, 0x07, 0x80,
    0x00, 0x00, 0x07, 0x40, 0x00, 0x00, 0x0B, 0x00, 0x00, 0x00, 0x0B, 0x00, 0x00, 0x00, 0x0F, 0x00,
    0x00, 0x00, 0x0E, 0x00, 0x00, 0x00, 0x0E, 0x00, 0x00, 0x00, 0x4F, 0x00, 0x00, 0x00, 0xCF, 0xC0,
    0x00, 0x00, 0xD6, 0xFC, 0x00, 0x00, 0xC0, 0x00, 0x00, 0x00, 0xC0, 0x00, 0x00, 0x00, 0x80, 0x00,
    0x00, 0x00, 0x00, 0x00, 0x00, 0x00, 0x00, 0x00, 0x00, 0x00, 0x00, 0x00, 0x00, 0x00, 0x00, 0x00,
    0x7F, 0x81, 0x00, 0x00, 0x07, 0xFA, 0x00, 0x00, 0x00, 0xF8, 0x00, 0x00, 0x00, 0xF8, 0x00, 0x00,
    0x00, 0xF4, 0x00, 0x00, 0x00, 0xF0, 0x00, 0x00, 0x01, 0xF0, 0x00, 0x00, 0x02, 0xE0, 0x00, 0x00,
    0x03, 0xE0, 0x00, 0x00, 0x03, 0xD0, 0x00, 0x00, 0x07, 0xC0, 0x00, 0x00, 0x0B, 0xC0, 0x00, 0x00,
    0x0F, 0x40, 0x00, 0x00, 0x1F, 0x00, 0x00, 0x00, 0x7C, 0x00, 0x00, 0x02, 0xF4, 0x00, 0x00, 0x7F,
    0xC0, 0x00, 0x00, 0x0B, 0xF4, 0x00, 0x00, 0x01, 0xFC, 0x00, 0x00, 0x00, 0xFE, 0x00, 0x00, 0x00,
    0xFC, 0x00, 0x00, 0x00, 0xF4, 0x00, 0x00, 0x01, 0xF0, 0x00, 0x00, 0x02, 0xD0, 0x00, 0x00, 0x03,
    0xD0, 0x00, 0x00, 0x03, 0xC0, 0x00, 0x00, 0x07, 0xC0, 0x00, 0x00, 0x0B, 0x40, 0x00, 0x00, 0x0F,
    0x00, 0x00, 0x00, 0x1D, 0x00, 0x00, 0x00, 0x38, 0x00, 0x00, 0x02, 0xE0, 0x00, 0x00, 0x7E, 0x00,
    0x00, 0x00, 0x00, 0x00, 0x00, 0x00, 0x08, 0x00, 0x00, 0x7E, 0x00, 0x3D, 0x00, 0x01, 0xFF, 0x40,
    0xBD, 0x00, 0x03, 0xFF, 0x82, 0xFD, 0x00, 0x03, 0xFF, 0x47, 0xFC, 0x00, 0x03, 0xFF, 0x0F, 0xFC,
    0x00, 0x01, 0xF8, 0x3F, 0xF0, 0x00, 0x00, 0x00, 0xBF, 0xD0, 0x00, 0x00, 0x01, 0xFF, 0x80, 0x00,
    0x00, 0x03, 0xFF, 0x00, 0x00, 0x00, 0x0F, 0xFC, 0x00, 0x00, 0x00, 0x2F, 0xF4, 0x00, 0x00, 0x00,
    0x7F, 0xE0, 0x00, 0x00, 0x00, 0xFF, 0xC0, 0x00, 0x00, 0x03, 0xFF, 0x00, 0x00, 0x00, 0x0B, 0xFD,
    0x00, 0x00, 0x00, 0x1F, 0xF8, 0x00, 0x00, 0x00, 0x3F, 0xFE, 0x00, 0x00, 0x00, 0xFF, 0xFF, 0x80,
    0x00, 0x02, 0xFF, 0xFF, 0xC0, 0x00, 0x07, 0xFF, 0xFF, 0x80, 0x00, 0x0F, 0xFE, 0xFF, 0x00, 0x00,
    0x3F, 0xF0, 0xBC, 0x00, 0x00, 0x7F, 0xD0, 0x00, 0x00, 0x00, 0x1F, 0x80, 0x00, 0x00, 0x00, 0x0F,
    0x00, 0x00, 0x00, 0x00, 0x0C, 0x00, 0x00, 0x00, 0x00, 0x00, 0x00, 0x00, 0x00, 0x00, 0x00, 0x1B,
    0xF9, 0x00, 0x0E, 0x40, 0xB8, 0x07, 0x40, 0x01, 0xD0, 0xC0, 0x00, 0x0F, 0x34, 0x00, 0x00, 0x72,
    0x00, 0x00, 0x02, 0x00, 0x00, 0x00, 0x00, 0x00, 0x00, 0x00, 0x00, 0x40, 0x00, 0x00, 0x00, 0x00,
    0x00, 0xB0, 0x00, 0x00, 0x00, 0x00, 0x1B, 0xFF, 0x80, 0x2C, 0x00, 0x00, 0xBF, 0x5D, 0x2D, 0x3E,
    0x00, 0x02, 0xFD, 0x0B, 0x01, 0xFF, 0x40, 0x03, 0xF8, 0x03, 0xC0, 0x3F, 0xC0, 0x03, 0xF8, 0x00,
    0xE0, 0x07, 0xF0, 0x03, 0xFC, 0x00, 0x74, 0x00, 0xF8, 0x03, 0xFD, 0x00, 0x2C, 0x00, 0x3D, 0x01,
    0xFF, 0x00, 0x0F, 0x00, 0x0F, 0x00, 0xFF, 0x40, 0x03, 0x80, 0x03, 0xC0, 0xBF, 0xC0, 0x01, 0xD0,
    0x00, 0x00, 0x3F, 0xF0, 0x00, 0xB0, 0x00, 0x00, 0x0F, 0xF8, 0x00, 0x3C, 0x00, 0x00, 0x07, 0xFD,
    0x00, 0x0E, 0x00, 0x00, 0x02, 0xFF, 0x00, 0x07, 0x40, 0x00, 0x00, 0xBF, 0xC0, 0x02, 0xC0, 0x00,
    0x00, 0x2F, 0xF0, 0x00, 0xF0, 0x00, 0xB0, 0x0B, 0xFC, 0x00, 0x38, 0x00, 0x3C, 0x01, 0xFF, 0x00,
    0x1D, 0x00, 0x2D, 0x00, 0x3F, 0xC0, 0x0B, 0x00, 0x1F, 0x00, 0x0B, 0xF4, 0x03, 0xC0, 0x0F, 0x00,
    0x00, 0xFF, 0x40, 0xE0, 0x1F, 0x00, 0x00, 0x0F, 0xF8, 0x74, 0x7E, 0x00, 0x00, 0x00, 0x7F, 0xFF,
    0xFD, 0x00, 0x00, 0x00, 0x01, 0x6F, 0x90, 0x00, 0x00, 0x00, 0x00, 0x02, 0x40, 0x00, 0x00, 0x00,
    0x00, 0x00, 0x00, 0x04, 0x00, 0x00, 0x00, 0x00, 0x00, 0x32, 0xFD, 0x00, 0x00, 0x00, 0x00, 0x00,
    0x1E, 0x00, 0x00, 0x00, 0x34, 0x00, 0x1D, 0x00, 0x00, 0x02, 0xC0, 0x00, 0x38, 0x00, 0x00, 0x1F,
    0x00, 0x07, 0xF0, 0x00, 0x00, 0xBC, 0x00, 0x3F, 0x80, 0x00, 0x03, 0xF0, 0x00, 0xFD, 0x00, 0x00,
    0x0F, 0xC0, 0x02, 0xE0, 0x00, 0x00, 0x7F, 0x00, 0x00, 0x00, 0x00, 0x02, 0xFC, 0x00, 0x00, 0x00,
    0x01, 0xFF, 0xFF, 0xC0, 0x00, 0x00, 0x00, 0x3F, 0x40, 0x00, 0x00, 0x00, 0x01, 0xFC, 0x00, 0x00,
    0x00, 0x00, 0x0B, 0xF0, 0x00, 0x00, 0x00, 0x00, 0x3E, 0x40, 0x00, 0x00, 0x00, 0x2F, 0xFB, 0xF8,
    0x00, 0x00, 0x00, 0x0B, 0xD0, 0x00, 0x00, 0x00, 0x7F, 0xFF, 0x40, 0x00, 0xB4, 0x0B, 0xFF, 0xFC,
    0x00, 0x03, 0xC0, 0x7C, 0x2F, 0xF0, 0x00, 0x7C, 0x02, 0xE1, 0xFF, 0xF9, 0xBF, 0xC0, 0x03, 0xFF,
    0xEF, 0xFF, 0xF8, 0x00, 0x00, 0x00, 0x02, 0x90, 0x00, 0x00, 0x00, 0x0F, 0xFF, 0xF8, 0x00, 0x07,
    0xFF, 0xFD, 0x00, 0x00, 0x3F, 0xFC, 0x00, 0x00, 0x2F, 0xD0, 0x00, 0x00, 0x3F, 0xFE, 0x00, 0x00,
    0x2F, 0x80, 0x00, 0x00, 0x7B, 0xFF, 0x00, 0x00, 0x3F, 0x00, 0x00, 0x00, 0xB5, 0xFF, 0x80, 0x00,
    0x3F, 0x00, 0x00, 0x00, 0xF0, 0xFF, 0xC0, 0x00, 0x7E, 0x00, 0x00, 0x00, 0xF0, 0x7F, 0xE0, 0x00,
    0xBE, 0x00, 0x02, 0xFF, 0xFF, 0xFF, 0xFF, 0xFF, 0xFF, 0xF4, 0x00, 0x02, 0xE0, 0x0F, 0xF8, 0x00,
    0xF2, 0x00, 0x00, 0x03, 0xE0, 0x0B, 0xFC, 0x01, 0xF0, 0x00, 0x00, 0x03, 0xD0, 0x03, 0xFF, 0x02,
    0xF0, 0x00, 0x00, 0x07, 0xC0, 0x02, 0xFF, 0x43, 0xF0, 0x00, 0x00, 0x0B, 0x80, 0x00, 0xFF, 0xC7,
    0xF0, 0x00, 0x00, 0x0F, 0x00, 0x00, 0x7F, 0xDB, 0xF0, 0x00, 0x1F, 0xFF, 0xFF, 0xFF, 0xFF, 0xFF,
    0xFF, 0x40, 0x00, 0x2E, 0x00, 0x00, 0x1F, 0xFF, 0x10, 0x00, 0x00, 0x3E, 0x00, 0x00, 0x0F, 0xFF,
    0x00, 0x00, 0x00, 0x3D, 0x00, 0x00, 0x07, 0xFF, 0x00, 0x00, 0x00, 0x7D, 0x00, 0x00, 0x03, 0xFF,
    0x00, 0x00, 0x16, 0xFD, 0x00, 0x00, 0x01, 0xFF, 0x00, 0x00, 0x7F, 0xFC, 0x00, 0x00, 0x00, 0xFF,
    0x00, 0x00, 0x00, 0x03, 0xD0, 0x00, 0x00, 0x0A, 0x00, 0x00, 0x00, 0x03, 0xE0, 0x00, 0x00, 0x06,
    0x00, 0x00, 0x00, 0x03, 0xF0, 0x00, 0x00, 0x02, 0x00, 0x00, 0x00, 0x03, 0xF0, 0x00, 0x00, 0x01,
    0x00, 0x00, 0x00, 0x07, 0xE0, 0x00, 0x00, 0x00, 0x00, 0x00, 0x00, 0x07, 0x80, 0x00, 0x00, 0x00,
    0x00, 0x00, 0x00, 0x00, 0x00, 0x00, 0x00, 0x00, 0x00, 0x00, 0x0B, 0xFF, 0xFF, 0x87, 0xFF, 0xFF,
    0xC0, 0x3F, 0xFF, 0x80, 0x0F, 0xF4, 0x00, 0x0F, 0xFC, 0x00, 0x00, 0xBC, 0x00, 0x03, 0xFD, 0x00,
    0x02, 0xFF, 0x00, 0x00, 0x3D, 0x00, 0x00, 0xFF, 0x80, 0x00, 0xBF, 0xC0, 0x00, 0x2F, 0x00, 0x00,
    0x3F, 0xE0, 0x00, 0x3F, 0xF0, 0x00, 0x0F, 0x40, 0x00, 0x0F, 0xFC, 0x00, 0x2F, 0xFC, 0x00, 0x0B,
    0x80, 0x00, 0x02, 0xFF, 0x00, 0x0F, 0xFF, 0x40, 0x03, 0xC0, 0x00, 0x3F, 0xFF, 0xFF, 0xFF, 0xFF,
    0xFF, 0xFF, 0xFF, 0x00, 0x00, 0x2F, 0xF0, 0x03, 0xCF, 0xF4, 0x02, 0xD0, 0x00, 0x00, 0x07, 0xFC,
    0x02, 0xD3, 0xFE, 0x00, 0xF0, 0x00, 0x00, 0x01, 0xFF, 0x00, 0xE0, 0xFF, 0x80, 0xB0, 0x00, 0x00,
    0x00, 0x3F, 0xD0, 0xF0, 0x3F, 0xF0, 0x78, 0x00, 0x00, 0x00, 0x0F, 0xF4, 0x78, 0x0B, 0xFC, 0x3C,
    0x00, 0x00, 0x00, 0x03, 0xFE, 0x3C, 0x02, 0xFF, 0x2D, 0x00, 0x00, 0x0B, 0xFF, 0xFF, 0xFF, 0xFF,
    0xFF, 0xFF, 0xFF, 0xD0, 0x00, 0x00, 0x3F, 0xFE, 0x00, 0x1F, 0xFF, 0x00, 0x00, 0x00, 0x00, 0x0B,
    0xFF, 0x00, 0x07, 0xFF, 0x80, 0x00, 0x00, 0x00, 0x02, 0xFF, 0x80, 0x01, 0xFF, 0xC0, 0x00, 0x00,
    0x00, 0x00, 0xBF, 0xC0, 0x00, 0x3F, 0xE0, 0x00, 0x00, 0x00, 0x00, 0x1F, 0xD0, 0x00, 0x0F, 0xF0,
    0x00, 0x00, 0x00, 0x00, 0x07, 0xF0, 0x00, 0x03, 0xF8, 0x00, 0x00, 0x00, 0x00, 0x00, 0x00, 0x00,
    0x00, 0x0C, 0x00, 0x00, 0x00, 0x00, 0x00, 0x00, 0x00, 0x00, 0x00, 0x00, 0x00, 0x00, 0x00, 0x00,
    0x00, 0x00, 0x00, 0x00, 0x00, 0x00, 0x00, 0x00, 0x00, 0x00, 0x00, 0x00, 0x00, 0x01, 0x00, 0x00,
    0x00, 0x00, 0x05, 0x00, 0x00, 0x00, 0x00, 0x05, 0x00, 0x00, 0x00, 0x00, 0x05, 0x00, 0x00, 0x00,
    0x00, 0x05, 0x00, 0x00, 0x00, 0x00, 0x05, 0x00, 0x00, 0x00, 0x00, 0x09, 0x00, 0x00, 0x00, 0x00,
    0x09, 0x00, 0x00, 0x00, 0x00, 0x09, 0x00, 0x00, 0x00, 0x1F, 0xF4, 0x00, 0x00, 0x00, 0x02, 0xF4,
    0x00, 0x00, 0x00, 0x03, 0xF4, 0x00, 0x00, 0x00, 0x03, 0xF4, 0x00, 0x00, 0x00, 0x03, 0xF4, 0x00,
    0x00, 0x03, 0xFF, 0xFE, 0x00, 0x00, 0x00, 0x0F, 0xD0, 0x00, 0x00, 0x00, 0x0F, 0x80, 0x00, 0x00,
    0x00, 0x1F, 0x00, 0x00, 0x01, 0xFF, 0x6C, 0x00, 0x00, 0x0F, 0x81, 0xF4, 0x00, 0x00, 0x7E, 0x00,
    0xB0, 0x00, 0x00, 0xFC, 0x00, 0x70, 0x00, 0x03, 0xF8, 0x00, 0xB0, 0x00, 0x07, 0xF4, 0x00, 0xF0,
    0x00, 0x0F, 0xF0, 0x00, 0xF0, 0x00, 0x0F, 0xF0, 0x01, 0xF0, 0x00, 0x1F, 0xE0, 0x02, 0xF0, 0x00,
    0x2F, 0xD0, 0x03, 0xF0, 0x00, 0x2F, 0xC0, 0x03, 0xF0, 0x00, 0x1F, 0xC0, 0x07, 0xF0, 0x74, 0x1F,
    0xC0, 0x0B, 0xF0, 0xB0, 0x0F, 0xC0, 0x1F, 0xF0, 0xF0, 0x03, 0xE0, 0xBF, 0xF6, 0xC0, 0x00, 0xBF,
    0x90, 0xBE, 0x00, 0x3F, 0xFF, 0xFF, 0xFC, 0x00, 0x00, 0x00, 0x00, 0x00, 0x0A, 0xFF, 0x90, 0x00,
    0x00, 0x00, 0x00, 0x3F, 0xFF, 0xFF, 0x40, 0x00, 0x00, 0x00, 0xBF, 0xFF, 0xFF, 0xF4, 0x00, 0x00,
    0x00, 0xFF, 0xFF, 0xFF, 0xFE, 0x00, 0x00, 0x00, 0xFF, 0xF4, 0x01, 0xBF, 0x00, 0x00, 0x00, 0xFF,
    0xD0, 0x00, 0x03, 0x40, 0x00, 0x00, 0xFF, 0xC0, 0x00, 0x00, 0x00, 0x00, 0x00, 0x7F, 0xC0, 0x00,
    0x00, 0x00, 0x07, 0xFF, 0xFF, 0xFF, 0xFF, 0xFF, 0xD0, 0x03, 0xFF, 0xFF, 0xFF, 0xFF, 0xFF, 0xF0,
    0x00, 0xFF, 0xFF, 0xFF, 0xFF, 0xFF, 0xF4, 0x00, 0x7F, 0xFF, 0xFF, 0xFF, 0xFF, 0xD0, 0x00, 0x3F,
    0xFF, 0xFF, 0xFF, 0xFF, 0xF0, 0x00, 0x1F, 0xFF, 0xFF, 0xFF, 0xFF, 0xF8, 0x00, 0x00, 0x00, 0x1F,
    0xF0, 0x00, 0x00, 0x00, 0x00, 0x00, 0x03, 0xFE, 0x00, 0x00, 0x07, 0x40, 0x00, 0x00, 0xBF, 0xF4,
    0x00, 0x6F, 0xD0, 0x00, 0x00, 0x0F, 0xFF, 0xFF, 0xFF, 0xF0, 0x00, 0x00, 0x01, 0xFF, 0xFF, 0xFF,
    0xF4, 0x00, 0x00, 0x00, 0x0F, 0xFF, 0xFF, 0xE0, 0x00, 0x00, 0x00, 0x00, 0x6F, 0xFE, 0x40, 0x00,
    0x00, 0x00, 0x00, 0x00, 0x02, 0xC0, 0x00, 0x00, 0x00, 0x00, 0x6F, 0xFE, 0x40, 0xB0, 0x00, 0x06,
    0xFD, 0x74, 0xBE, 0xF8, 0x00, 0x0B, 0xF4, 0x2C, 0x07, 0xFD, 0x00, 0x1F, 0xE0, 0x0F, 0x00, 0xFF,
    0x00, 0x1F, 0xE0, 0x03, 0x80, 0x1F, 0xC0, 0x0F, 0xF0, 0x01, 0xD0, 0x03, 0xE0, 0x0F, 0xF4, 0x00,
    0xB0, 0x00, 0xF4, 0x0B, 0xFC, 0x00, 0x3C, 0x00, 0x3C, 0x03, 0xFD, 0x00, 0x0E, 0x00, 0x0F, 0x02,
    0xFF, 0x00, 0x07, 0x40, 0x00, 0x00, 0xFF, 0xC0, 0x02, 0xC0, 0x00, 0x00, 0x7F, 0xE0, 0x00, 0xF0,
    0x00, 0x00, 0x1F, 0xF4, 0x00, 0x38, 0x00, 0x00, 0x0B, 0xFC, 0x00, 0x1D, 0x00, 0x00, 0x02, 0xFF,
    0x00, 0x0B, 0xFF, 0xFF, 0xF8, 0xBF, 0xC0, 0x03, 0xC0, 0xBF, 0xC0, 0x2F, 0xF0, 0x00, 0xE0, 0x2F,
    0xF0, 0x03, 0xFC, 0x00, 0x74, 0x0F, 0xF8, 0x00, 0xFF, 0x00, 0x2C, 0x03, 0xFD, 0x00, 0x1F, 0xE0,
    0x0F, 0x02, 0xFF, 0x00, 0x01, 0xFD, 0x03, 0x81, 0xFF, 0xC0, 0x00, 0x0F, 0xE1, 0xD2, 0xF7, 0xE0,
    0x00, 0x00, 0x1B, 0xFF, 0xE0, 0x24, 0x00, 0x00, 0x00, 0x3E, 0x40, 0x00, 0x00, 0x00, 0x00, 0x00,
    0x00, 0x00, 0x00, 0x00, 0x00, 0x00, 0x00, 0x00, 0x00, 0x00, 0x00, 0x00, 0x00, 0x00, 0x00, 0x00,
    0x2F, 0x00, 0x00, 0x00, 0x00, 0x00, 0x00, 0x0B, 0xF0, 0x00, 0x00, 0x00, 0x00, 0x00, 0x02, 0xFF,
    0x80, 0x00, 0x00, 0x00, 0x00, 0x00, 0x7F, 0xFC, 0x00, 0x00, 0x00, 0x00, 0x00, 0x0F, 0xFF, 0xD0,
    0x00, 0x00, 0x00, 0x00, 0x03, 0xCF, 0xFE, 0x00, 0x00, 0x00, 0x00, 0x00, 0xF0, 0x7F, 0xF0, 0x00,
    0x00, 0x00, 0x00, 0x2D, 0x03, 0xFF, 0x40, 0x00, 0x00, 0x00, 0x0B, 0x40, 0x3F, 0xF8, 0x00, 0x00,
    0x00, 0x01, 0xE0, 0x01, 0xFF, 0xC0, 0x00, 0x00, 0x00, 0x78, 0x00, 0x0F, 0xFD, 0x00, 0x00, 0x00,
    0x0F, 0x00, 0x00, 0xBF, 0xF0, 0x00, 0x00, 0x03, 0xC0, 0x00, 0x07, 0xFF, 0x00, 0x00, 0x00, 0xF0,
    0x00, 0x00, 0x3F, 0xF4, 0x00, 0x00, 0x2D, 0x00, 0x00, 0x02, 0xFF, 0xC0, 0x00, 0x0B, 0x80, 0x00,
    0x00, 0x1F, 0xFC, 0x00, 0x01, 0xE0, 0x00, 0x00, 0x00, 0xFF, 0xD0, 0x00, 0x7C, 0x00, 0x00, 0x00,
    0x0B, 0xFF, 0x00, 0x0F, 0x00, 0x00, 0x00, 0x00, 0x7F, 0xF0, 0x03, 0xFF, 0xFF, 0xFF, 0xFF, 0xFF,
    0xFF, 0x80, 0xFF, 0xFF, 0xFF, 0xFF, 0xFF, 0xFF, 0xFC, 0x2F, 0xFF, 0xFF, 0xFF, 0xFF, 0xFF, 0xFF,
    0xC7, 0xFF, 0xFF, 0xFF, 0xFF, 0xFF, 0xFF, 0xFD, 0x00, 0x00, 0x00, 0x00, 0x00, 0x00, 0x00, 0x00,
    0x00, 0x00, 0x20, 0x00, 0x00, 0x00, 0x00, 0x00, 0x70, 0x00, 0x00, 0x00, 0x00, 0x00, 0xF0, 0x00,
    0x00, 0x00, 0x00, 0x02, 0xF4, 0x00, 0x00, 0x00, 0x00, 0x03, 0xFF, 0xFD, 0x00, 0x00, 0x00, 0x0B,
    0xFC, 0x00, 0x00, 0x00, 0x00, 0x0F, 0xF4, 0x00, 0x00, 0x00, 0x00, 0x2F, 0xF0, 0x00, 0x00, 0x00,
    0x00, 0x7F, 0xD0, 0x00, 0x00, 0x00, 0x00, 0xFF, 0x80, 0x00, 0x00, 0x00, 0x01, 0xFF, 0x00, 0x00,
    0x00, 0x00, 0x03, 0xFE, 0x00, 0x00, 0x00, 0x38, 0x07, 0xFC, 0x00, 0x00, 0x00, 0xF8, 0x0F, 0xF8,
    0x00, 0x00, 0x03, 0xF8, 0x2F, 0xF0, 0x00, 0x00, 0x0F, 0xF8, 0x3F, 0xD0, 0x00, 0x00, 0x38, 0xF8,
    0xBF, 0xC0, 0x00, 0x00, 0x10, 0xF8, 0xFF, 0x40, 0x00, 0x00, 0x00, 0xFB, 0xFF, 0x00, 0x00, 0x00,
    0x01, 0xFF, 0xFD, 0x00, 0x00, 0x00, 0x01, 0xFF, 0xF8, 0x00, 0x00, 0x00, 0x01, 0xFF, 0xF0, 0x00,
    0x00, 0x00, 0x01, 0xFF, 0xE0, 0x00, 0x00, 0x00, 0x01, 0xFF, 0xC0, 0x00, 0x00, 0x00, 0x01, 0xFF,
    0x80, 0x00, 0x00, 0x00, 0x01, 0xFF, 0x00, 0x00, 0x00, 0x00, 0x01, 0xFD, 0x00, 0x00, 0x00, 0x00,
    0x01, 0xFC, 0x00, 0x00, 0x00, 0x00, 0x01, 0xF4, 0x00, 0x00, 0x00, 0x00, 0x01, 0xF0, 0x00, 0x00,
    0x00, 0x00, 0x01, 0xD0, 0x00, 0x00, 0x00, 0x00, 0x00, 0xC0, 0x00, 0x00, 0x00, 0x00,
};

static const EpdGlyph cmu_16_bolditalicGlyphs[] = {
    { 0, 0, 11, 0, 0, 0, 0 }, // 
    { 0, 0, 14, 0, 0, 0, 0 }, //  
    { 11, 24, 13, 4, 24, 66, 0 }, // !
    { 11, 13, 20, 9, 24, 36, 66 }, // "
    { 28, 29, 31, 4, 23, 203, 102 }, // #
    { 18, 27, 20, 4, 25, 122, 305 }, // $
    { 27, 26, 31, 5, 25, 176, 427 }, // %
    { 26, 24, 29, 4, 24, 156, 603 }, // &
    { 6, 13, 12, 8, 24, 20, 759 }, // '
    { 14, 34, 16, 5, 25, 119, 779 }, // (
    { 14, 34, 16, 1, 25, 119, 898 }, // )
    { 16, 16, 20, 6, 25, 64, 1017 }, // *
    { 24, 23, 29, 5, 20, 138, 1081 }, // +
    { 8, 12, 12, 2, 5, 24, 1219 }, // ,
    { 10, 4, 14, 3, 10, 10, 1243 }, // -
    { 6, 5, 12, 3, 5, 8, 1253 }, // .
    { 22, 34, 20, 1, 25, 187, 1261 }, // /
    { 19, 23, 20, 3, 22, 110, 1448 }, // 0
    { 13, 22, 20, 4, 22, 72, 1558 }, // 1
    { 19, 22, 20, 2, 22, 105, 1630 }, // 2
    { 18, 22, 20, 3, 22, 99, 1735 }, // 3
    { 17, 29, 20, 1, 23, 124, 1834 }, // 4
    { 18, 22, 20, 3, 22, 99, 1958 }, // 5
    { 17, 22, 20, 4, 22, 94, 2057 }, // 6
    { 20, 24, 20, 4, 24, 120, 2151 }, // 7
    { 18, 22, 20, 3, 22, 99, 2271 }, // 8
    { 17, 22, 20, 4, 22, 94, 2370 }, // 9
    { 9, 15, 12, 3, 15, 34, 2464 }, // :
    { 10, 22, 12, 2, 15, 55, 2498 }, // ;
    { 24, 21, 29, 6, 19, 126, 2553 }, // <
    { 26, 8, 29, 4, 12, 52, 2679 }, // =
    { 25, 21, 29, 3, 19, 132, 2731 }, // >
    { 14, 24, 20, 7, 24, 84, 2863 }, // ?
    { 25, 24, 29, 5, 24, 150, 2947 }, // @
    { 25, 24, 29, 2, 24, 150, 3097 }, // A
    { 26, 23, 27, 2, 23, 150, 3247 }, // B
    { 25, 24, 27, 5, 24, 150, 3397 }, // C
    { 28, 23, 29, 2, 23, 161, 3547 }, // D
    { 25, 23, 25, 2, 23, 144, 3708 }, // E
    { 24, 24, 24, 2, 24, 144, 3852 }, // F
    { 25, 24, 30, 5, 24, 150, 3996 }, // G
    { 32, 24, 30, 2, 24, 192, 4146 }, // H
    { 19, 23, 16, 1, 23, 110, 4338 }, // I
    { 21, 24, 20, 2, 24, 126, 4448 }, // J
    { 31, 23, 30, 2, 23, 179, 4574 }, // K
    { 21, 23, 23, 2, 23, 121, 4753 }, // L
    { 37, 23, 35, 2, 23, 213, 4874 }, // M
    { 32, 23, 30, 2, 23, 184, 5087 }, // N
    { 24, 24, 28, 5, 24, 144, 5271 }, // O
    { 26, 24, 26, 2, 23, 156, 5415 }, // P
    { 24, 30, 28, 5, 24, 180, 5571 }, // Q
    { 26, 23, 28, 2, 23, 150, 5751 }, // R
    { 22, 24, 21, 2, 24, 132, 5901 }, // S
    { 24, 23, 26, 5, 23, 138, 6033 }, // T
    { 26, 24, 29, 7, 24, 156, 6171 }, // U
    { 26, 24, 29, 7, 24, 156, 6327 }, // V
    { 35, 23, 38, 7, 23, 202, 6483 }, // W
    { 29, 23, 29, 2, 23, 167, 6685 }, // X
    { 26, 23, 29, 7, 23, 150, 6852 }, // Y
    { 23, 23, 23, 3, 23, 133, 7002 }, // Z
    { 14, 33, 12, 2, 25, 116, 7135 }, // [
    { 6, 33, 20, 9, 24, 50, 7251 }, // <backslash>
    { 15, 33, 12, -1, 25, 124, 7301 }, // ]
    { 15, 6, 23, 8, 21, 23, 7425 }, // ^
    { 22, 2, 29, 1, -8, 11, 7448 }, // _
    { 7, 5, 20, 9, 23, 9, 7459 }, // `
    { 18, 15, 20, 3, 15, 68, 7468 }, // a
    { 15, 24, 18, 3, 24, 90, 7536 }, // b
    { 15, 15, 18, 3, 15, 57, 7626 }, // c
    { 18, 23, 20, 3, 23, 104, 7683 }, // d
    { 15, 15, 18, 3, 15, 57, 7787 }, // e
    { 19, 31, 13, -1, 24, 148, 7844 }, // f
    { 18, 22, 18, 1, 15, 99, 7992 }, // g
    { 19, 23, 20, 2, 23, 110, 8091 }, // h
    { 11, 23, 12, 2, 23, 64, 8201 }, // i
    { 15, 30, 12, -1, 23, 113, 8265 }, // j
    { 17, 23, 18, 2, 23, 98, 8378 }, // k
    { 10, 24, 10, 2, 24, 60, 8476 }, // l
    { 31, 15, 31, 2, 15, 117, 8536 }, // m
    { 21, 16, 21, 2, 16, 84, 8653 }, // n
    { 17, 15, 20, 3, 15, 64, 8737 }, // o
    { 20, 22, 20, 0, 16, 110, 8801 }, // p
    { 16, 21, 18, 3, 15, 84, 8911 }, // q
    { 17, 16, 17, 2, 16, 68, 8995 }, // r
    { 14, 15, 16, 2, 15, 53, 9063 }, // s
    { 11, 21, 13, 3, 21, 58, 9116 }, // t
    { 20, 15, 20, 2, 15, 75, 9174 }, // u
    { 17, 15, 18, 2, 15, 64, 9249 }, // v
    { 25, 15, 25, 2, 15, 94, 9313 }, // w
    { 18, 15, 18, 2, 15, 68, 9407 }, // x
    { 18, 22, 19, 2, 15, 99, 9475 }, // y
    { 16, 17, 16, 2, 17, 68, 9574 }, // z
    { 18, 32, 20, 5, 24, 144, 9642 }, // {
    { 10, 34, 12, 3, 25, 85, 9786 }, // |
    { 18, 33, 20, 1, 25, 149, 9871 }, // }
    { 17, 5, 23, 8, 23, 22, 10020 }, // ~
    { 0, 0, 14, 0, 0, 0, 10042 }, //  
    { 11, 25, 13, 2, 17, 69, 10042 }, // ¡
    { 18, 22, 20, 3, 18, 99, 10111 }, // ¢
    { 23, 23, 29, 3, 23, 133, 10210 }, // £
    { 29, 23, 29, 4, 23, 167, 10343 }, // ¥
    { 17, 31, 18, 3, 24, 132, 10510 }, // §
    { 13, 5, 20, 8, 23, 17, 10642 }, // ¨
    { 37, 34, 41, 4, 25, 315, 10659 }, // ©
    { 18, 16, 18, 1, 25, 72, 10974 }, // ª
    { 17, 16, 21, 6, 16, 68, 11046 }, // «
    { 21, 10, 25, 5, 11, 53, 11114 }, // ¬
    { 10, 4, 14, 3, 9, 10, 11167 }, // ­
    { 37, 34, 41, 4, 25, 315, 11177 }, // ®
    { 13, 2, 20, 9, 24, 7, 11492 }, // ¯
    { 9, 8, 14, 7, 23, 18, 11499 }, // °
    { 26, 23, 29, 3, 23, 150, 11517 }, // ±
    { 8, 5, 20, 12, 23, 10, 11667 }, // ´
    { 21, 23, 20, 0, 16, 121, 11677 }, // µ
    { 21, 29, 23, 6, 23, 153, 11798 }, // ¶
    { 6, 5, 10, 4, 10, 8, 11951 }, // ·
    { 11, 8, 18, 2, 2, 22, 11959 }, // ¸
    { 17, 16, 18, 1, 25, 68, 11981 }, // º
    { 16, 16, 21, 3, 16, 64, 12049 }, // »
    { 14, 24, 20, 3, 17, 84, 12113 }, // ¿
    { 25, 30, 29, 2, 30, 188, 12197 }, // À
    { 25, 29, 29, 2, 29, 182, 12385 }, // Á
    { 25, 30, 29, 2, 30, 188, 12567 }, // Â
    { 27, 28, 29, 2, 28, 189, 12755 }, // Ã
    { 25, 30, 29, 2, 30, 188, 12944 }, // Ä
    { 25, 30, 29, 2, 30, 188, 13132 }, // Å
    { 34, 23, 34, 2, 23, 196, 13320 }, // Æ
    { 25, 30, 27, 5, 24, 188, 13516 }, // Ç
    { 25, 30, 25, 2, 30, 188, 13704 }, // È
    { 25, 29, 25, 2, 29, 182, 13892 }, // É
    { 25, 30, 25, 2, 30, 188, 14074 }, // Ê
    { 25, 30, 25, 2, 30, 188, 14262 }, // Ë
    { 19, 30, 16, 1, 30, 143, 14450 }, // Ì
    { 19, 29, 16, 1, 29, 138, 14593 }, // Í
    { 19, 30, 16, 1, 30, 143, 14731 }, // Î
    { 20, 30, 16, 1, 30, 150, 14874 }, // Ï
    { 28, 23, 29, 2, 23, 161, 15024 }, // Ð
    { 32, 28, 30, 2, 28, 224, 15185 }, // Ñ
    { 24, 30, 28, 5, 30, 180, 15409 }, // Ò
    { 24, 29, 28, 5, 29, 174, 15589 }, // Ó
    { 24, 30, 28, 5, 30, 180, 15763 }, // Ô
    { 24, 29, 28, 5, 29, 174, 15943 }, // Õ
    { 24, 31, 28, 5, 31, 186, 16117 }, // Ö
    { 25, 28, 29, 5, 26, 175, 16303 }, // Ø
    { 26, 30, 29, 7, 30, 195, 16478 }, // Ù
    { 26, 29, 29, 7, 29, 189, 16673 }, // Ú
    { 26, 30, 29, 7, 30, 195, 16862 }, // Û
    { 26, 30, 29, 7, 30, 195, 17057 }, // Ü
    { 26, 29, 29, 7, 29, 189, 17252 }, // Ý
    { 23, 23, 24, 2, 23, 133, 17441 }, // Þ
    { 24, 31, 22, -1, 24, 186, 17574 }, // ß
    { 18, 23, 20, 3, 23, 104, 17760 }, // à
    { 18, 23, 20, 3, 23, 104, 17864 }, // á
    { 18, 22, 20, 3, 22, 99, 17968 }, // â
    { 18, 21, 20, 3, 21, 95, 18067 }, // ã
    { 18, 23, 20, 3, 23, 104, 18162 }, // ä
    { 18, 22, 20, 3, 22, 99, 18266 }, // å
    { 25, 15, 27, 3, 15, 94, 18365 }, // æ
    { 15, 21, 18, 3, 15, 79, 18459 }, // ç
    { 15, 23, 18, 3, 23, 87, 18538 }, // è
    { 17, 23, 18, 3, 23, 98, 18625 }, // é
    { 15, 22, 18, 3, 22, 83, 18723 }, // ê
    { 17, 23, 18, 3, 23, 98, 18806 }, // ë
    { 11, 23, 12, 2, 23, 64, 18904 }, // ì
    { 15, 23, 12, 2, 23, 87, 18968 }, // í
    { 12, 22, 12, 2, 22, 66, 19055 }, // î
    { 15, 23, 12, 2, 23, 87, 19121 }, // ï
    { 18, 24, 20, 3, 24, 108, 19208 }, // ð
    { 21, 21, 21, 2, 21, 111, 19316 }, // ñ
    { 17, 23, 20, 3, 23, 98, 19427 }, // ò
    { 17, 23, 20, 3, 23, 98, 19525 }, // ó
    { 17, 22, 20, 3, 22, 94, 19623 }, // ô
    { 18, 21, 20, 3, 21, 95, 19717 }, // õ
    { 18, 23, 20, 3, 23, 104, 19812 }, // ö
    { 24, 22, 29, 5, 19, 132, 19916 }, // ÷
    { 19, 23, 20, 2, 19, 110, 20048 }, // ø
    { 20, 23, 20, 2, 23, 115, 20158 }, // ù
    { 20, 23, 20, 2, 23, 115, 20273 }, // ú
    { 20, 22, 20, 2, 22, 110, 20388 }, // û
    { 20, 23, 20, 2, 23, 115, 20498 }, // ü
    { 18, 30, 19, 2, 23, 135, 20613 }, // ý
    { 20, 29, 20, 0, 23, 145, 20748 }, // þ
    { 19, 30, 19, 2, 23, 143, 20893 }, // ÿ
    { 27, 27, 29, 2, 27, 183, 21036 }, // Ā
    { 18, 21, 20, 3, 21, 95, 21219 }, // ā
    { 25, 29, 29, 2, 29, 182, 21314 }, // Ă
    { 18, 21, 20, 3, 21, 95, 21496 }, // ă
    { 25, 31, 29, 2, 24, 194, 21591 }, // Ą
    { 18, 22, 20, 3, 15, 99, 21785 }, // ą
    { 25, 29, 27, 5, 29, 182, 21884 }, // Ć
    { 16, 23, 18, 3, 23, 92, 22066 }, // ć
    { 25, 30, 27, 5, 30, 188, 22158 }, // Ĉ
    { 16, 22, 18, 3, 22, 88, 22346 }, // ĉ
    { 25, 30, 27, 5, 30, 188, 22434 }, // Ċ
    { 15, 23, 18, 3, 23, 87, 22622 }, // ċ
    { 25, 30, 27, 5, 30, 188, 22709 }, // Č
    { 18, 22, 18, 3, 22, 99, 22897 }, // č
    { 28, 30, 29, 2, 30, 210, 22996 }, // Ď
    { 25, 26, 20, 3, 26, 163, 23206 }, // ď
    { 28, 23, 29, 2, 23, 161, 23369 }, // Đ
    { 19, 24, 20, 3, 24, 114, 23530 }, // đ
    { 26, 27, 25, 2, 27, 176, 23644 }, // Ē
    { 18, 21, 18, 3, 21, 95, 23820 }, // ē
    { 25, 30, 25, 2, 30, 188, 23915 }, // Ė
    { 15, 23, 18, 3, 23, 87, 24103 }, // ė
    { 25, 30, 25, 2, 23, 188, 24190 }, // Ę
    { 15, 22, 18, 3, 15, 83, 24378 }, // ę
    { 25, 30, 25, 2, 30, 188, 24461 }, // Ě
    { 18, 22, 18, 3, 22, 99, 24649 }, // ě
    { 25, 30, 30, 5, 30, 188, 24748 }, // Ĝ
    { 18, 29, 18, 1, 22, 131, 24936 }, // ĝ
    { 25, 29, 30, 5, 29, 182, 25067 }, // Ğ
    { 19, 28, 18, 1, 21, 133, 25249 }, // ğ
    { 25, 30, 30, 5, 30, 188, 25382 }, // Ġ
    { 18, 30, 18, 1, 23, 135, 25570 }, // ġ
    { 32, 30, 30, 2, 30, 240, 25705 }, // Ĥ
    { 19, 30, 20, 2, 30, 143, 25945 }, // ĥ
    { 20, 27, 16, 1, 27, 135, 26088 }, // Ī
    { 16, 21, 12, 2, 21, 84, 26223 }, // ī
    { 19, 31, 16, 1, 31, 148, 26307 }, // İ
    { 11, 15, 12, 2, 15, 42, 26455 }, // ı
    { 22, 31, 20, 2, 30, 171, 26497 }, // Ĵ
    { 19, 29, 13, -1, 22, 138, 26668 }, // ĵ
    { 21, 29, 23, 2, 29, 153, 26806 }, // Ĺ
    { 15, 30, 10, 2, 30, 113, 26959 }, // ĺ
    { 22, 27, 23, 2, 27, 149, 27072 }, // Ľ
    { 16, 26, 10, 2, 26, 104, 27221 }, // ľ
    { 21, 23, 23, 2, 23, 121, 27325 }, // Ł
    { 11, 23, 12, 2, 23, 64, 27446 }, // ł
    { 32, 29, 30, 2, 29, 232, 27510 }, // Ń
    { 21, 23, 21, 2, 23, 121, 27742 }, // ń
    { 32, 30, 30, 2, 30, 240, 27863 }, // Ň
    { 21, 22, 21, 2, 22, 116, 28103 }, // ň
    { 24, 29, 28, 5, 29, 174, 28219 }, // Ő
    { 20, 24, 20, 3, 24, 120, 28393 }, // ő
    { 35, 24, 38, 5, 24, 210, 28513 }, // Œ
    { 25, 15, 27, 3, 15, 94, 28723 }, // œ
    { 26, 29, 28, 2, 29, 189, 28817 }, // Ŕ
    { 17, 23, 17, 2, 23, 98, 29006 }, // ŕ
    { 26, 30, 28, 2, 30, 195, 29104 }, // Ř
    { 17, 22, 17, 2, 22, 94, 29299 }, // ř
    { 22, 29, 21, 2, 29, 160, 29393 }, // Ś
    { 16, 23, 16, 2, 23, 92, 29553 }, // ś
    { 22, 30, 21, 2, 30, 165, 29645 }, // Ŝ
    { 16, 22, 16, 2, 22, 88, 29810 }, // ŝ
    { 22, 30, 21, 2, 24, 165, 29898 }, // Ş
    { 16, 21, 16, 1, 15, 84, 30063 }, // ş
    { 22, 30, 21, 2, 30, 165, 30147 }, // Š
    { 17, 22, 16, 2, 22, 94, 30312 }, // š
    { 24, 29, 26, 5, 23, 174, 30406 }, // Ţ
    { 13, 27, 13, 1, 21, 88, 30580 }, // ţ
    { 24, 30, 26, 5, 30, 180, 30668 }, // Ť
    { 15, 25, 13, 3, 25, 94, 30848 }, // ť
    { 26, 27, 29, 7, 27, 176, 30942 }, // Ū
    { 20, 21, 20, 2, 21, 105, 31118 }, // ū
    { 26, 29, 29, 7, 29, 189, 31223 }, // Ŭ
    { 20, 21, 20, 2, 21, 105, 31412 }, // ŭ
    { 26, 30, 29, 7, 30, 195, 31517 }, // Ů
    { 20, 22, 20, 2, 22, 110, 31712 }, // ů
    { 26, 30, 29, 7, 30, 195, 31822 }, // Ű
    { 22, 24, 20, 2, 24, 132, 32017 }, // ű
    { 26, 30, 29, 7, 30, 195, 32149 }, // Ÿ
    { 23, 29, 23, 3, 29, 167, 32344 }, // Ź
    { 16, 23, 16, 2, 23, 92, 32511 }, // ź
    { 23, 31, 23, 3, 31, 179, 32603 }, // Ż
    { 16, 23, 16, 2, 23, 92, 32782 }, // ż
    { 23, 30, 23, 3, 30, 173, 32874 }, // Ž
    { 17, 22, 16, 2, 22, 94, 33047 }, // ž
    { 25, 30, 25, 2, 30, 188, 33141 }, // Ѐ
    { 25, 30, 25, 2, 30, 188, 33329 }, // Ё
    { 27, 23, 31, 5, 23, 156, 33517 }, // Ђ
    { 24, 30, 23, 2, 30, 180, 33673 }, // Ѓ
    { 25, 24, 27, 5, 24, 150, 33853 }, // Є
    { 22, 24, 21, 2, 24, 132, 34003 }, // Ѕ
    { 19, 23, 16, 1, 23, 110, 34135 }, // І
    { 20, 30, 16, 1, 30, 150, 34245 }, // Ї
    { 21, 25, 20, 2, 24, 132, 34395 }, // Ј
    { 37, 23, 40, 2, 23, 213, 34527 }, // Љ
    { 37, 24, 40, 2, 24, 222, 34740 }, // Њ
    { 22, 23, 29, 6, 23, 127, 34962 }, // Ћ
    { 31, 29, 30, 2, 29, 225, 35089 }, // Ќ
    { 31, 30, 30, 2, 30, 233, 35314 }, // Ѝ
    { 26, 31, 29, 7, 31, 202, 35547 }, // Ў
    { 31, 30, 30, 2, 24, 233, 35749 }, // Џ
    { 25, 24, 29, 2, 24, 150, 35982 }, // А
    { 25, 23, 27, 2, 23, 144, 36132 }, // Б
    { 26, 23, 27, 2, 23, 150, 36276 }, // В
    { 24, 23, 23, 2, 23, 138, 36426 }, // Г
    { 34, 29, 30, -1, 23, 247, 36564 }, // Д
    { 25, 23, 25, 2, 23, 144, 36811 }, // Е
    { 44, 23, 43, 2, 23, 253, 36955 }, // Ж
    { 21, 24, 23, 4, 24, 126, 37208 }, // З
    { 31, 23, 30, 2, 23, 179, 37334 }, // И
    { 31, 31, 30, 2, 31, 241, 37513 }, // Й
    { 31, 23, 30, 2, 23, 179, 37754 }, // К
    { 31, 25, 30, 2, 23, 194, 37933 }, // Л
    { 37, 23, 35, 2, 23, 213, 38127 }, // М
    { 31, 23, 30, 2, 23, 179, 38340 }, // Н
    { 24, 24, 28, 5, 24, 144, 38519 }, // О
    { 31, 23, 30, 2, 23, 179, 38663 }, // П
    { 26, 24, 26, 2, 23, 156, 38842 }, // Р
    { 25, 24, 27, 5, 24, 150, 38998 }, // С
    { 24, 23, 26, 5, 23, 138, 39148 }, // Т
    { 26, 24, 29, 7, 24, 156, 39286 }, // У
    { 27, 23, 31, 5, 23, 156, 39442 }, // Ф
    { 29, 23, 29, 2, 23, 167, 39598 }, // Х
    { 31, 30, 30, 2, 24, 233, 39765 }, // Ц
    { 26, 24, 30, 7, 23, 156, 39998 }, // Ч
    { 45, 24, 43, 2, 24, 270, 40154 }, // Ш
    { 45, 30, 43, 2, 24, 338, 40424 }, // Щ
    { 26, 23, 33, 6, 23, 150, 40762 }, // Ъ
    { 38, 24, 36, 2, 24, 228, 40912 }, // Ы
    { 24, 24, 27, 2, 24, 144, 41140 }, // Ь
    { 24, 24, 27, 4, 24, 144, 41284 }, // Э
    { 40, 24, 41, 2, 24, 240, 41428 }, // Ю
    { 31, 23, 30, 2, 23, 179, 41668 }, // Я
    { 18, 15, 19, 2, 15, 68, 41847 }, // а
    { 20, 23, 18, 2, 23, 115, 41915 }, // б
    { 17, 15, 19, 2, 15, 64, 42030 }, // в
    { 14, 15, 16, 3, 15, 53, 42094 }, // г
    { 17, 24, 18, 3, 24, 102, 42147 }, // д
    { 15, 15, 17, 2, 15, 57, 42249 }, // е
    { 38, 15, 40, 2, 15, 143, 42306 }, // ж
    { 16, 15, 18, 2, 15, 60, 42449 }, // з
    { 21, 15, 21, 2, 15, 79, 42509 }, // и
    { 21, 23, 21, 2, 23, 121, 42588 }, // й
    { 19, 15, 20, 2, 15, 72, 42709 }, // к
    { 20, 15, 20, 2, 15, 75, 42781 }, // л
    { 28, 15, 28, 2, 15, 105, 42856 }, // м
    { 21, 15, 21, 2, 15, 79, 42961 }, // н
    { 17, 15, 18, 2, 15, 64, 43040 }, // о
    { 21, 16, 21, 2, 16, 84, 43104 }, // п
    { 21, 22, 19, 0, 16, 116, 43188 }, // р
    { 15, 15, 17, 2, 15, 57, 43304 }, // с
    { 31, 15, 31, 2, 15, 117, 43361 }, // т
    { 19, 22, 20, 2, 15, 105, 43478 }, // у
    { 25, 31, 26, 2, 24, 194, 43583 }, // ф
    { 21, 15, 21, 2, 15, 79, 43777 }, // х
    { 22, 22, 22, 2, 15, 121, 43856 }, // ц
    { 20, 15, 20, 2, 15, 75, 43977 }, // ч
    { 31, 15, 31, 2, 15, 117, 44052 }, // ш
    { 31, 22, 31, 2, 15, 171, 44169 }, // щ
    { 17, 15, 19, 2, 15, 64, 44340 }, // ъ
    { 25, 15, 25, 2, 15, 94, 44404 }, // ы
    { 18, 15, 20, 2, 15, 68, 44498 }, // ь
    { 16, 15, 17, 2, 15, 60, 44566 }, // э
    { 27, 16, 28, 2, 16, 108, 44626 }, // ю
    { 20, 14, 20, 2, 14, 70, 44734 }, // я
    { 15, 23, 17, 2, 23, 87, 44804 }, // ѐ
    { 16, 23, 17, 3, 23, 92, 44891 }, // ё
    { 20, 30, 18, 1, 24, 150, 44983 }, // ђ
    { 14, 23, 16, 3, 23, 81, 45133 }, // ѓ
    { 16, 15, 17, 2, 15, 60, 45214 }, // є
    { 14, 15, 16, 2, 15, 53, 45274 }, // ѕ
    { 11, 23, 12, 2, 23, 64, 45327 }, // і
    { 15, 23, 12, 2, 23, 87, 45391 }, // ї
    { 15, 30, 12, -1, 23, 113, 45478 }, // ј
    { 25, 15, 26, 2, 15, 94, 45591 }, // љ
    { 26, 15, 27, 2, 15, 98, 45685 }, // њ
    { 20, 24, 20, 1, 24, 120, 45783 }, // ћ
    { 19, 23, 20, 2, 23, 110, 45903 }, // ќ
    { 21, 23, 21, 2, 23, 121, 46013 }, // ѝ
    { 19, 30, 20, 2, 23, 143, 46134 }, // ў
    { 21, 21, 20, 1, 15, 111, 46277 }, // џ
    { 34, 24, 38, 5, 24, 204, 46388 }, // Ѡ
    { 21, 16, 23, 3, 16, 84, 46592 }, // ѡ
    { 24, 25, 31, 6, 25, 150, 46676 }, // Ѣ
    { 26, 16, 27, 2, 16, 104, 46826 }, // ѣ
    { 41, 24, 40, 2, 24, 246, 46930 }, // Ѥ
    { 26, 16, 27, 2, 16, 104, 47176 }, // ѥ
    { 34, 24, 38, 2, 24, 204, 47280 }, // Ѧ
    { 24, 15, 24, 2, 15, 90, 47484 }, // ѧ
    { 45, 24, 50, 2, 24, 270, 47574 }, // Ѩ
    { 33, 16, 33, 2, 16, 132, 47844 }, // ѩ
    { 36, 23, 38, 1, 23, 207, 47976 }, // Ѫ
    { 29, 15, 27, 0, 15, 109, 48183 }, // ѫ
    { 47, 23, 50, 2, 23, 271, 48292 }, // Ѭ
    { 37, 15, 37, 2, 15, 139, 48563 }, // ѭ
    { 23, 35, 21, 0, 28, 202, 48702 }, // Ѯ
    { 18, 26, 17, 0, 19, 117, 48904 }, // ѯ
    { 24, 23, 29, 7, 23, 138, 49021 }, // Ѱ
    { 23, 30, 23, 2, 24, 173, 49159 }, // ѱ
    { 24, 24, 28, 5, 24, 144, 49332 }, // Ѳ
    { 15, 15, 18, 3, 15, 57, 49476 }, // ѳ
    { 28, 24, 31, 7, 24, 168, 49533 }, // Ѵ
    { 24, 15, 24, 2, 15, 90, 49701 }, // ѵ
    { 28, 30, 31, 7, 30, 210, 49791 }, // Ѷ
    { 24, 23, 24, 2, 23, 138, 50001 }, // ѷ
    { 31, 30, 35, 5, 26, 233, 50139 }, // Ѻ
    { 21, 18, 22, 2, 16, 95, 50372 }, // ѻ
    { 34, 30, 38, 5, 30, 255, 50467 }, // Ѽ
    { 24, 23, 23, 3, 23, 138, 50722 }, // ѽ
    { 34, 30, 38, 5, 30, 255, 50860 }, // Ѿ
    { 21, 22, 23, 3, 22, 116, 51115 }, // ѿ
    { 25, 32, 27, 5, 24, 200, 51231 }, // Ҁ
    { 14, 22, 17, 3, 15, 77, 51431 }, // ҁ
    { 15, 10, 18, 2, 6, 38, 51508 }, // ҂
    { 16, 6, 0, -3, 23, 24, 51546 }, // ҃
    { 20, 8, 0, -16, 23, 40, 51570 }, // ҄
    { 10, 7, 0, -10, 23, 18, 51610 }, // ҅
    { 9, 7, 0, -9, 23, 16, 51628 }, // ҆
    { 39, 37, 0, -38, 27, 361, 51644 }, // ҈
    { 43, 43, 0, -40, 30, 463, 52005 }, // ҉
    { 31, 37, 30, 2, 31, 287, 52468 }, // Ҋ
    { 22, 30, 22, 2, 23, 165, 52755 }, // ҋ
    { 24, 23, 31, 6, 23, 138, 52920 }, // Ҍ
    { 15, 22, 20, 5, 22, 83, 53058 }, // ҍ
    { 26, 24, 26, 2, 23, 156, 53141 }, // Ҏ
    { 21, 22, 19, 0, 16, 116, 53297 }, // ҏ
    { 27, 30, 24, 2, 30, 203, 53413 }, // Ґ
    { 23, 20, 20, 1, 20, 115, 53616 }, // ґ
    { 24, 23, 23, 2, 23, 138, 53731 }, // Ғ
    { 14, 15, 16, 3, 15, 53, 53869 }, // ғ
    { 25, 30, 28, 2, 23, 188, 53922 }, // Ҕ
    { 16, 21, 19, 4, 14, 84, 54110 }, // ҕ
    { 44, 29, 43, 2, 23, 319, 54194 }, // Җ
    { 39, 22, 40, 2, 15, 215, 54513 }, // җ
    { 21, 31, 23, 4, 24, 163, 54728 }, // Ҙ
    { 17, 23, 18, 1, 15, 98, 54891 }, // ҙ
    { 31, 29, 30, 2, 23, 225, 54989 }, // Қ
    { 20, 22, 20, 2, 15, 110, 55214 }, // қ
    { 33, 24, 32, 2, 24, 198, 55324 }, // Ҝ
    { 21, 15, 21, 2, 15, 79, 55522 }, // ҝ
    { 31, 23, 30, 2, 23, 179, 55601 }, // Ҟ
    { 17, 24, 18, 2, 24, 102, 55780 }, // ҟ
    { 32, 23, 35, 6, 23, 184, 55882 }, // Ҡ
    { 22, 14, 25, 4, 14, 77, 56066 }, // ҡ
    { 31, 30, 30, 2, 24, 233, 56143 }, // Ң
    { 22, 22, 22, 2, 15, 121, 56376 }, // ң
    { 37, 23, 35, 2, 23, 213, 56497 }, // Ҥ
    { 27, 14, 27, 2, 14, 95, 56710 }, // ҥ
    { 38, 30, 40, 2, 23, 285, 56805 }, // Ҧ
    { 25, 23, 27, 2, 16, 144, 57090 }, // ҧ
    { 26, 27, 29, 4, 24, 176, 57234 }, // Ҩ
    { 17, 18, 20, 3, 15, 77, 57410 }, // ҩ
    { 25, 31, 27, 5, 24, 194, 57487 }, // Ҫ
    { 15, 22, 17, 2, 15, 83, 57681 }, // ҫ
    { 24, 29, 26, 5, 23, 174, 57764 }, // Ҭ
    { 31, 22, 31, 2, 15, 171, 57938 }, // ҭ
    { 26, 23, 29, 7, 23, 150, 58109 }, // Ү
    { 24, 22, 24, 2, 15, 132, 58259 }, // ү
    { 26, 23, 29, 7, 23, 150, 58391 }, // Ұ
    { 24, 21, 24, 2, 15, 126, 58541 }, // ұ
    { 29, 29, 29, 2, 23, 211, 58667 }, // Ҳ
    { 20, 22, 21, 2, 15, 110, 58878 }, // ҳ
    { 36, 29, 37, 5, 23, 261, 58988 }, // Ҵ
    { 26, 21, 29, 4, 14, 137, 59249 }, // ҵ
    { 26, 29, 30, 7, 23, 189, 59386 }, // Ҷ
    { 21, 22, 21, 2, 15, 116, 59575 }, // ҷ
    { 26, 24, 30, 7, 23, 156, 59691 }, // Ҹ
    { 20, 15, 20, 2, 15, 75, 59847 }, // ҹ
    { 26, 23, 30, 2, 23, 150, 59922 }, // Һ
    { 19, 23, 20, 2, 23, 110, 60072 }, // һ
    { 28, 24, 32, 6, 24, 168, 60182 }, // Ҽ
    { 19, 15, 22, 4, 15, 72, 60350 }, // ҽ
    { 28, 31, 32, 6, 24, 217, 60422 }, // Ҿ
    { 19, 22, 22, 4, 15, 105, 60639 }, // ҿ
    { 19, 23, 16, 1, 23, 110, 60744 }, // Ӏ
    { 44, 29, 43, 2, 29, 319, 60854 }, // Ӂ
    { 38, 21, 40, 2, 21, 200, 61173 }, // ӂ
    { 31, 30, 30, 2, 23, 233, 61373 }, // Ӄ
    { 19, 22, 20, 2, 15, 105, 61606 }, // ӄ
    { 31, 29, 30, 2, 23, 225, 61711 }, // Ӆ
    { 21, 22, 21, 2, 15, 116, 61936 }, // ӆ
    { 31, 30, 30, 2, 23, 233, 62052 }, // Ӈ
    { 19, 22, 20, 2, 15, 105, 62285 }, // ӈ
    { 31, 30, 30, 2, 24, 233, 62390 }, // Ӊ
    { 26, 29, 30, 7, 23, 189, 62623 }, // Ӌ
    { 20, 21, 20, 2, 15, 105, 62812 }, // ӌ
    { 37, 29, 35, 2, 23, 269, 62917 }, // Ӎ
    { 28, 22, 28, 2, 15, 154, 63186 }, // ӎ
    { 25, 29, 29, 2, 29, 182, 63340 }, // Ӑ
    { 18, 21, 19, 2, 21, 95, 63522 }, // ӑ
    { 25, 30, 29, 2, 30, 188, 63617 }, // Ӓ
    { 18, 23, 19, 2, 23, 104, 63805 }, // ӓ
    { 34, 23, 34, 2, 23, 196, 63909 }, // Ӕ
    { 25, 15, 27, 3, 15, 94, 64105 }, // ӕ
    { 25, 29, 25, 2, 29, 182, 64199 }, // Ӗ
    { 17, 21, 17, 2, 21, 90, 64381 }, // ӗ
    { 24, 24, 26, 4, 24, 144, 64471 }, // Ә
    { 16, 15, 17, 2, 15, 60, 64615 }, // ә
    { 25, 30, 27, 4, 30, 188, 64675 }, // Ӛ
    { 18, 23, 17, 2, 23, 104, 64863 }, // ӛ
    { 44, 30, 43, 2, 30, 330, 64967 }, // Ӝ
    { 38, 23, 40, 2, 23, 219, 65297 }, // ӝ
    { 21, 31, 23, 4, 31, 163, 65516 }, // Ӟ
    { 18, 23, 18, 2, 23, 104, 65679 }, // ӟ
    { 22, 23, 21, 3, 23, 127, 65783 }, // Ӡ
    { 18, 22, 18, 1, 15, 99, 65910 }, // ӡ
    { 31, 30, 30, 2, 30, 233, 66009 }, // Ӣ
    { 21, 24, 21, 2, 24, 126, 66242 }, // ӣ
    { 31, 30, 30, 2, 30, 233, 66368 }, // Ӥ
    { 21, 23, 21, 2, 23, 121, 66601 }, // ӥ
    { 24, 30, 28, 5, 30, 180, 66722 }, // Ӧ
    { 18, 23, 20, 3, 23, 104, 66902 }, // ӧ
    { 24, 24, 28, 5, 24, 144, 67006 }, // Ө
    { 17, 15, 20, 3, 15, 64, 67150 }, // ө
    { 24, 30, 28, 5, 30, 180, 67214 }, // Ӫ
    { 18, 23, 20, 3, 23, 104, 67394 }, // ӫ
    { 24, 30, 27, 4, 30, 180, 67498 }, // Ӭ
    { 18, 23, 17, 2, 23, 104, 67678 }, // ӭ
    { 26, 30, 29, 7, 30, 195, 67782 }, // Ӯ
    { 20, 31, 20, 2, 24, 155, 67977 }, // ӯ
    { 26, 30, 29, 7, 30, 195, 68132 }, // Ӱ
    { 19, 30, 20, 2, 23, 143, 68327 }, // ӱ
    { 26, 30, 29, 7, 30, 195, 68470 }, // Ӳ
    { 21, 31, 20, 2, 24, 163, 68665 }, // ӳ
    { 26, 31, 30, 7, 30, 202, 68828 }, // Ӵ
    { 20, 23, 20, 2, 23, 115, 69030 }, // ӵ
    { 24, 29, 23, 2, 23, 174, 69145 }, // Ӷ
    { 14, 22, 16, 3, 15, 77, 69319 }, // ӷ
    { 38, 30, 36, 2, 30, 285, 69396 }, // Ӹ
    { 25, 23, 25, 2, 23, 144, 69681 }, // ӹ
    { 29, 31, 29, 2, 24, 225, 69825 }, // Ӽ
    { 21, 21, 21, 2, 15, 111, 70050 }, // ӽ
    { 29, 25, 29, 2, 24, 182, 70161 }, // Ӿ
    { 21, 15, 21, 2, 15, 79, 70343 }, // ӿ
    { 0, 0, 20, 0, 0, 0, 70422 }, //  
    { 0, 0, 39, 0, 0, 0, 70422 }, //  
    { 0, 0, 20, 0, 0, 0, 70422 }, //  
    { 0, 0, 39, 0, 0, 0, 70422 }, //  
    { 0, 0, 13, 0, 0, 0, 70422 }, //  
    { 0, 0, 10, 0, 0, 0, 70422 }, //  
    { 0, 0, 7, 0, 0, 0, 70422 }, //  
    { 0, 0, 20, 0, 0, 0, 70422 }, //  
    { 0, 0, 12, 0, 0, 0, 70422 }, //  
    { 0, 0, 8, 0, 0, 0, 70422 }, //  
    { 0, 0, 1, 0, 0, 0, 70422 }, //  
    { 0, 0, 0, 0, 0, 0, 70422 }, // ​
    { 0, 0, 0, 0, 0, 0, 70422 }, // ‌
    { 0, 0, 0, 0, 0, 0, 70422 }, // ‍
    { 10, 4, 14, 3, 9, 10, 70422 }, // ‐
    { 10, 4, 14, 3, 9, 10, 70432 }, // ‑
    { 18, 2, 20, 3, 10, 9, 70442 }, // ‒
    { 18, 1, 20, 3, 9, 5, 70451 }, // –
    { 36, 2, 39, 4, 9, 18, 70456 }, // —
    { 15, 42, 20, 4, 25, 158, 70474 }, // ‖
    { 7, 10, 12, 6, 22, 18, 70632 }, // ‘
    { 7, 12, 12, 7, 22, 21, 70650 }, // ’
    { 8, 12, 12, 2, 5, 24, 70671 }, // ‚
    { 7, 12, 12, 8, 22, 21, 70695 }, // ‛
    { 16, 12, 15, 3, 23, 48, 70716 }, // “
    { 16, 12, 15, 4, 22, 48, 70764 }, // ”
    { 15, 12, 15, 0, 6, 45, 70812 }, // „
    { 16, 12, 15, 5, 22, 48, 70857 }, // ‟
    { 13, 31, 18, 6, 23, 101, 70905 }, // †
    { 16, 29, 18, 3, 23, 116, 71006 }, // ‡
    { 15, 14, 20, 4, 15, 53, 71122 }, // •
    { 30, 5, 35, 3, 5, 38, 71175 }, // …
    { 16, 28, 19, 6, 22, 112, 71213 }, //  
    { 0, 0, 6, 0, 0, 0, 71325 }, //  
    { 37, 30, 43, 5, 25, 278, 71325 }, // ‰
    { 51, 30, 57, 5, 25, 383, 71603 }, // ‱
    { 11, 16, 18, 6, 17, 44, 71986 }, // ‹
    { 10, 16, 18, 5, 17, 40, 72030 }, // ›
    { 22, 17, 23, 3, 17, 94, 72070 }, // ※
    { 15, 23, 22, 7, 24, 87, 72164 }, // ‽
    { 15, 6, 14, -1, -2, 23, 72251 }, // ‿
    { 16, 4, 20, 6, 21, 16, 72274 }, // ⁀
    { 22, 37, 20, 1, 25, 204, 72290 }, // ⁄
    { 16, 39, 15, 2, 25, 156, 72494 }, // ⁅
    { 16, 34, 15, 1, 26, 136, 72650 }, // ⁆
    { 20, 28, 20, 3, 25, 140, 72786 }, // ⁒
    { 14, 7, 14, -2, -3, 25, 72926 }, // ⁔
    { 0, 0, 8, 0, 0, 0, 72951 }, //  
    { 25, 27, 27, 5, 25, 169, 72951 }, // ₡
    { 23, 24, 29, 3, 24, 138, 73120 }, // ₤
    { 32, 28, 31, 2, 22, 224, 73258 }, // ₦
    { 37, 23, 38, 5, 22, 213, 73482 }, // ₩
    { 20, 37, 20, 2, 37, 185, 73695 }, // ₫
    { 29, 21, 29, 2, 22, 153, 73880 }, // €
    { 25, 26, 30, 5, 24, 163, 74033 }, // ₲
    { 30, 24, 34, 2, 24, 180, 74196 }, // ∆
    { 24, 33, 18, 2, 28, 198, 74376 }, // √
};

static const EpdUnicodeInterval cmu_16_bolditalicIntervals[] = {
    { 0xD, 0xD, 0x0 },
    { 0x20, 0x7E, 0x1 },
    { 0xA0, 0xA3, 0x60 },
    { 0xA5, 0xA5, 0x64 },
    { 0xA7, 0xB1, 0x65 },
    { 0xB4, 0xB8, 0x70 },
    { 0xBA, 0xBB, 0x75 },
    { 0xBF, 0xD6, 0x77 },
    { 0xD8, 0xFF, 0x8F },
    { 0x100, 0x113, 0xB7 },
    { 0x116, 0x121, 0xCB },
    { 0x124, 0x125, 0xD7 },
    { 0x12A, 0x12B, 0xD9 },
    { 0x130, 0x131, 0xDB },
    { 0x134, 0x135, 0xDD },
    { 0x139, 0x13A, 0xDF },
    { 0x13D, 0x13E, 0xE1 },
    { 0x141, 0x144, 0xE3 },
    { 0x147, 0x148, 0xE7 },
    { 0x150, 0x155, 0xE9 },
    { 0x158, 0x165, 0xEF },
    { 0x16A, 0x171, 0xFD },
    { 0x178, 0x17E, 0x105 },
    { 0x400, 0x477, 0x10C },
    { 0x47A, 0x486, 0x184 },
    { 0x488, 0x4C9, 0x191 },
    { 0x4CB, 0x4CE, 0x1D3 },
    { 0x4D0, 0x4F9, 0x1D7 },
    { 0x4FC, 0x4FF, 0x201 },
    { 0x2000, 0x200D, 0x205 },
    { 0x2010, 0x2014, 0x213 },
    { 0x2016, 0x2016, 0x218 },
    { 0x2018, 0x2022, 0x219 },
    { 0x2026, 0x2026, 0x224 },
    { 0x2029, 0x2029, 0x225 },
    { 0x202F, 0x2031, 0x226 },
    { 0x2039, 0x203B, 0x229 },
    { 0x203D, 0x203D, 0x22C },
    { 0x203F, 0x2040, 0x22D },
    { 0x2044, 0x2046, 0x22F },
    { 0x2052, 0x2052, 0x232 },
    { 0x2054, 0x2054, 0x233 },
    { 0x205F, 0x205F, 0x234 },
    { 0x20A1, 0x20A1, 0x235 },
    { 0x20A4, 0x20A4, 0x236 },
    { 0x20A6, 0x20A6, 0x237 },
    { 0x20A9, 0x20A9, 0x238 },
    { 0x20AB, 0x20AC, 0x239 },
    { 0x20B2, 0x20B2, 0x23B },
    { 0x2206, 0x2206, 0x23C },
    { 0x221A, 0x221A, 0x23D },
};

static const EpdFontData cmu_16_bolditalic = {
    cmu_16_bolditalicBitmaps,
    cmu_16_bolditalicGlyphs,
    cmu_16_bolditalicIntervals,
    51,
    45,
    32,
    -14,
    true,
};
