/**
 * generated by fontconvert.py
 * name: cmu_12_bold
 * size: 12
 * mode: 2-bit
 */
#pragma once
#include "EpdFontData.h"

static const uint8_t cmu_12_boldBitmaps[41920] = {
    0x18, 0x1F, 0xCB, 0xF5, 0xFC, 0x7F, 0x0F, 0xC3, 0xE0, 0xF8, 0x2D, 0x0B, 0x41, 0xC0, 0x70, 0x04,
    0x00, 0x02, 0xE1, 0xFC, 0x7F, 0x0F, 0x80, 0x28, 0x19, 0x3F, 0x4F, 0xCB, 0xC3, 0xF2, 0xF0, 0xFC,
    0x7C, 0x2F, 0x1F, 0x07, 0x83, 0x81, 0xD0, 0xD0, 0x34, 0x34, 0x0C, 0x00, 0x00, 0x00, 0x00, 0x00,
    0x08, 0x00, 0x30, 0x00, 0x00, 0x00, 0xC0, 0x06, 0x00, 0x00, 0x00, 0x18, 0x00, 0x90, 0x00, 0x00,
    0x02, 0x40, 0x0C, 0x00, 0x00, 0x00, 0x30, 0x01, 0x80, 0x00, 0x00, 0x06, 0x00, 0x24, 0x00, 0x00,
    0x00, 0x90, 0x03, 0x00, 0x03, 0xFF, 0xFF, 0xFF, 0xFF, 0xFC, 0x00, 0x01, 0x80, 0x09, 0x00, 0x00,
    0x00, 0x24, 0x00, 0xC0, 0x00, 0x00, 0x03, 0x00, 0x0C, 0x00, 0x00, 0x00, 0x30, 0x01, 0x80, 0x00,
    0x00, 0x05, 0x00, 0x20, 0x00, 0x03, 0xFF, 0xFF, 0xFF, 0xFF, 0xFC, 0x00, 0x0C, 0x00, 0x60, 0x00,
    0x00, 0x01, 0x80, 0x09, 0x00, 0x00, 0x00, 0x20, 0x00, 0xC0, 0x00, 0x00, 0x03, 0x00, 0x18, 0x00,
    0x00, 0x00, 0x60, 0x02, 0x40, 0x00, 0x00, 0x09, 0x00, 0x30, 0x00, 0x00, 0x00, 0xC0, 0x02, 0x00,
    0x00, 0x00, 0x00, 0x00, 0x00, 0x00, 0x00, 0x00, 0x1C, 0x00, 0x02, 0xFF, 0x90, 0x0F, 0x5C, 0x78,
    0x3C, 0x1C, 0x0D, 0x38, 0x1C, 0x3E, 0x7C, 0x1C, 0x7E, 0x7E, 0x1C, 0x28, 0x3F, 0xFD, 0x00, 0x2F,
    0xFF, 0xD0, 0x0B, 0xFF, 0xF8, 0x00, 0xBF, 0xFC, 0x00, 0x1D, 0xFE, 0x3D, 0x1C, 0x3E, 0x7E, 0x1C,
    0x1E, 0x7C, 0x1C, 0x1D, 0x34, 0x1C, 0x2C, 0x0E, 0x1C, 0xB4, 0x02, 0xFF, 0x80, 0x00, 0x1C, 0x00,
    0x02, 0xF4, 0x00, 0x00, 0x28, 0x01, 0xF0, 0xF0, 0x00, 0x07, 0x80, 0x3D, 0x03, 0xE4, 0x07, 0xF0,
    0x03, 0xC0, 0x35, 0xBF, 0xBC, 0x00, 0x7C, 0x02, 0x80, 0x07, 0x00, 0x07, 0xC0, 0x28, 0x00, 0xD0,
    0x00, 0x7C, 0x02, 0x40, 0x38, 0x00, 0x03, 0xD0, 0x30, 0x0F, 0x00, 0x00, 0x1F, 0x0A, 0x02, 0xC0,
    0x00, 0x00, 0x7F, 0x80, 0x74, 0x00, 0x00, 0x00, 0x00, 0x0E, 0x01, 0xFD, 0x00, 0x00, 0x03, 0x80,
    0xB8, 0x74, 0x00, 0x00, 0xF0, 0x0F, 0x01, 0xC0, 0x00, 0x2C, 0x01, 0xF0, 0x0C, 0x00, 0x07, 0x40,
    0x2F, 0x00, 0xD0, 0x00, 0xE0, 0x02, 0xF0, 0x0D, 0x00, 0x3C, 0x00, 0x1F, 0x00, 0xC0, 0x0F, 0x00,
    0x00, 0xF0, 0x1C, 0x02, 0xD0, 0x00, 0x0B, 0x87, 0x40, 0x34, 0x00, 0x00, 0x1F, 0xD0, 0x00, 0x1F,
    0xD0, 0x00, 0x00, 0x00, 0x78, 0x70, 0x00, 0x00, 0x00, 0xF0, 0x34, 0x00, 0x00, 0x02, 0xF0, 0x28,
    0x00, 0x00, 0x02, 0xF0, 0x34, 0x00, 0x00, 0x02, 0xF0, 0x70, 0x00, 0x00, 0x02, 0xF5, 0xC0, 0x00,
    0x00, 0x01, 0xFF, 0x00, 0x0B, 0xFF, 0x00, 0xFC, 0x00, 0x00, 0xD0, 0x00, 0xFE, 0x00, 0x02, 0x80,
    0x02, 0xBF, 0x00, 0x07, 0x00, 0x0F, 0x2F, 0xC0, 0x0D, 0x00, 0x3E, 0x0F, 0xE0, 0x38, 0x00, 0xBD,
    0x03, 0xF8, 0xA0, 0x00, 0xFE, 0x00, 0xFF, 0xC0, 0x00, 0xBF, 0x00, 0x3F, 0x80, 0x0A, 0x3F, 0x41,
    0xBB, 0xF4, 0x1C, 0x06, 0xFE, 0x40, 0x6F, 0xE0, 0x28, 0xBD, 0xBD, 0x7D, 0x3C, 0x3C, 0x3C, 0x28,
    0x28, 0x00, 0x00, 0x05, 0x00, 0x2C, 0x00, 0xB0, 0x01, 0xD0, 0x03, 0xC0, 0x0B, 0x40, 0x0F, 0x00,
    0x1F, 0x00, 0x3E, 0x00, 0x3D, 0x00, 0x3D, 0x00, 0x3C, 0x00, 0x7C, 0x00, 0x7C, 0x00, 0x3C, 0x00,
    0x3D, 0x00, 0x3D, 0x00, 0x2E, 0x00, 0x1F, 0x00, 0x0F, 0x00, 0x07, 0x80, 0x02, 0xC0, 0x00, 0xE0,
    0x00, 0x34, 0x00, 0x0D, 0x00, 0x00, 0x20, 0x00, 0x2C, 0x00, 0x0F, 0x00, 0x03, 0x80, 0x02, 0xC0,
    0x01, 0xF0, 0x00, 0xF4, 0x00, 0xB8, 0x00, 0x7C, 0x00, 0x3C, 0x00, 0x3D, 0x00, 0x3D, 0x00, 0x3D,
    0x00, 0x3D, 0x00, 0x3D, 0x00, 0x3C, 0x00, 0x7C, 0x00, 0xBC, 0x00, 0xF4, 0x00, 0xF0, 0x01, 0xE0,
    0x03, 0xC0, 0x0B, 0x00, 0x1D, 0x00, 0x34, 0x00, 0x00, 0x00, 0x00, 0x00, 0x00, 0x00, 0x3C, 0x00,
    0x00, 0x3C, 0x00, 0x3C, 0x2C, 0x2D, 0x3F, 0x5C, 0xFD, 0x06, 0xFF, 0x90, 0x06, 0xFF, 0x90, 0x3F,
    0x5C, 0xFD, 0x3C, 0x2C, 0x2D, 0x00, 0x3C, 0x00, 0x00, 0x3C, 0x00, 0x00, 0x04, 0x00, 0x00, 0x00,
    0x08, 0x00, 0x00, 0x00, 0x00, 0x18, 0x00, 0x00, 0x00, 0x00, 0x18, 0x00, 0x00, 0x00, 0x00, 0x18,
    0x00, 0x00, 0x00, 0x00, 0x18, 0x00, 0x00, 0x00, 0x00, 0x18, 0x00, 0x00, 0x00, 0x00, 0x18, 0x00,
    0x00, 0x00, 0x00, 0x18, 0x00, 0x00, 0x00, 0x00, 0x18, 0x00, 0x00, 0x3F, 0xFF, 0xFF, 0xFF, 0xFE,
    0x00, 0x00, 0x18, 0x00, 0x00, 0x00, 0x00, 0x18, 0x00, 0x00, 0x00, 0x00, 0x18, 0x00, 0x00, 0x00,
    0x00, 0x18, 0x00, 0x00, 0x00, 0x00, 0x18, 0x00, 0x00, 0x00, 0x00, 0x18, 0x00, 0x00, 0x00, 0x00,
    0x18, 0x00, 0x00, 0x00, 0x00, 0x18, 0x00, 0x00, 0x00, 0x00, 0x08, 0x00, 0x00, 0x00, 0x00, 0x00,
    0x00, 0x00, 0x7C, 0x3F, 0xCF, 0xF1, 0xFC, 0x03, 0x00, 0xC0, 0x90, 0x60, 0x30, 0x00, 0xBF, 0xFF,
    0xBF, 0xFF, 0x7C, 0xFF, 0xFF, 0x7C, 0x00, 0x00, 0x01, 0x00, 0x00, 0x09, 0x00, 0x00, 0x0C, 0x00,
    0x00, 0x18, 0x00, 0x00, 0x30, 0x00, 0x00, 0x20, 0x00, 0x00, 0x90, 0x00, 0x00, 0xC0, 0x00, 0x02,
    0x40, 0x00, 0x03, 0x00, 0x00, 0x06, 0x00, 0x00, 0x0C, 0x00, 0x00, 0x0C, 0x00, 0x00, 0x24, 0x00,
    0x00, 0x30, 0x00, 0x00, 0x90, 0x00, 0x00, 0xC0, 0x00, 0x01, 0x80, 0x00, 0x03, 0x00, 0x00, 0x03,
    0x00, 0x00, 0x09, 0x00, 0x00, 0x0C, 0x00, 0x00, 0x18, 0x00, 0x00, 0x30, 0x00, 0x00, 0x60, 0x00,
    0x00, 0x00, 0x00, 0x00, 0x01, 0xFF, 0x80, 0x03, 0xE0, 0x7D, 0x02, 0xF0, 0x07, 0xC0, 0xF8, 0x00,
    0xF8, 0xBD, 0x00, 0x3F, 0x2F, 0x40, 0x0F, 0xCF, 0xD0, 0x03, 0xF3, 0xF4, 0x00, 0xFC, 0xFD, 0x00,
    0x3F, 0x3F, 0x40, 0x0F, 0xCB, 0xD0, 0x03, 0xF2, 0xF4, 0x00, 0xFC, 0x3E, 0x00, 0x3E, 0x0F, 0xC0,
    0x1F, 0x00, 0xF8, 0x1F, 0x40, 0x07, 0xFE, 0x00, 0x00, 0x7C, 0x03, 0xFB, 0xF0, 0x00, 0x0F, 0xC0,
    0x00, 0x3F, 0x00, 0x00, 0xFC, 0x00, 0x03, 0xF0, 0x00, 0x0F, 0xC0, 0x00, 0x3F, 0x00, 0x00, 0xFC,
    0x00, 0x03, 0xF0, 0x00, 0x0F, 0xC0, 0x00, 0x3F, 0x00, 0x00, 0xFC, 0x00, 0x03, 0xF0, 0x00, 0x0F,
    0xC0, 0x2F, 0xFF, 0xFD, 0x00, 0x00, 0x00, 0x06, 0xFF, 0x80, 0x2D, 0x07, 0xF4, 0x7E, 0x00, 0xFD,
    0xBF, 0x00, 0xBF, 0x3D, 0x00, 0xBF, 0x00, 0x00, 0xBF, 0x00, 0x00, 0xFD, 0x00, 0x01, 0xF8, 0x00,
    0x03, 0xE0, 0x00, 0x0F, 0x40, 0x00, 0x3C, 0x00, 0x00, 0xE0, 0x07, 0x03, 0x40, 0x0A, 0x0F, 0xFF,
    0xFE, 0x3F, 0xFF, 0xFD, 0xBF, 0xFF, 0xFC, 0x02, 0xFF, 0x80, 0x07, 0x80, 0xBD, 0x03, 0xF0, 0x0F,
    0xC0, 0xFD, 0x03, 0xF4, 0x1F, 0x00, 0xFC, 0x00, 0x00, 0xBE, 0x00, 0x00, 0x7E, 0x00, 0x03, 0xFE,
    0x00, 0x00, 0x02, 0xF4, 0x00, 0x00, 0x3F, 0x40, 0x00, 0x0B, 0xF1, 0xF4, 0x02, 0xFC, 0xBF, 0x00,
    0xBF, 0x2F, 0x80, 0x3F, 0x83, 0xD0, 0x2F, 0x80, 0x1B, 0xFE, 0x40, 0x00, 0x00, 0x2C, 0x00, 0x00,
    0x07, 0xC0, 0x00, 0x00, 0xFC, 0x00, 0x00, 0x3F, 0xC0, 0x00, 0x0D, 0xBC, 0x00, 0x02, 0x4B, 0xC0,
    0x00, 0xA0, 0xBC, 0x00, 0x1C, 0x0B, 0xC0, 0x03, 0x00, 0xBC, 0x00, 0xD0, 0x0B, 0xC0, 0x34, 0x00,
    0xBC, 0x03, 0xFF, 0xFF, 0xFE, 0x00, 0x00, 0xFC, 0x00, 0x00, 0x0F, 0xC0, 0x00, 0x00, 0xFC, 0x00,
    0x03, 0xFF, 0xFE, 0x00, 0x00, 0x00, 0x00, 0x1D, 0x00, 0x68, 0x1F, 0xFF, 0xF0, 0x1F, 0xFF, 0xC0,
    0x1F, 0xFD, 0x00, 0x1C, 0x00, 0x00, 0x1C, 0x00, 0x00, 0x1D, 0xBF, 0x80, 0x1E, 0x42, 0xF4, 0x04,
    0x00, 0xFC, 0x00, 0x00, 0xBE, 0x3D, 0x00, 0xBF, 0xBE, 0x00, 0xBF, 0x7E, 0x00, 0xBE, 0x38, 0x00,
    0xFC, 0x1D, 0x02, 0xF4, 0x02, 0xFF, 0x80, 0x00, 0x6F, 0xE0, 0x00, 0xF8, 0x0F, 0x00, 0xF8, 0x0B,
    0xD0, 0xFC, 0x01, 0xF0, 0x3F, 0x00, 0x00, 0x2F, 0x8F, 0xE4, 0x0B, 0xEC, 0x1F, 0x83, 0xFC, 0x01,
    0xF4, 0xFF, 0x00, 0x7F, 0x2F, 0x80, 0x1F, 0xCB, 0xE0, 0x07, 0xF1, 0xF8, 0x01, 0xFC, 0x3F, 0x00,
    0x7F, 0x07, 0xC0, 0x2F, 0x40, 0xB8, 0x1F, 0x40, 0x06, 0xFE, 0x00, 0x2D, 0x00, 0x00, 0x0B, 0xFF,
    0xFF, 0xF3, 0xFF, 0xFF, 0xF4, 0xFF, 0xFF, 0xF8, 0x30, 0x00, 0x38, 0x1C, 0x00, 0x38, 0x00, 0x00,
    0x2C, 0x00, 0x00, 0x1C, 0x00, 0x00, 0x0E, 0x00, 0x00, 0x0B, 0x40, 0x00, 0x03, 0xC0, 0x00, 0x02,
    0xF0, 0x00, 0x00, 0xFC, 0x00, 0x00, 0x3F, 0x00, 0x00, 0x0F, 0xC0, 0x00, 0x03, 0xF0, 0x00, 0x00,
    0xB4, 0x00, 0x00, 0x01, 0xFF, 0x90, 0x03, 0x80, 0x2E, 0x02, 0xC0, 0x03, 0xC0, 0xF0, 0x00, 0xB4,
    0x3F, 0x40, 0x2C, 0x0F, 0xFD, 0x1E, 0x01, 0xFF, 0xFD, 0x00, 0x1F, 0xFF, 0x80, 0x0B, 0xBF, 0xFC,
    0x0F, 0x42, 0xFF, 0x87, 0x80, 0x0B, 0xF2, 0xD0, 0x00, 0x7C, 0xB4, 0x00, 0x0F, 0x1F, 0x00, 0x07,
    0x82, 0xF4, 0x07, 0x80, 0x1B, 0xFE, 0x40, 0x02, 0xFF, 0x80, 0x07, 0xE0, 0x7D, 0x03, 0xF0, 0x0B,
    0xC2, 0xF8, 0x01, 0xF4, 0xFE, 0x00, 0x7F, 0x3F, 0x80, 0x1F, 0xCB, 0xE0, 0x07, 0xF0, 0xFC, 0x03,
    0xFC, 0x1F, 0x42, 0xBF, 0x00, 0xBF, 0x5F, 0xC0, 0x00, 0x07, 0xF0, 0x00, 0x01, 0xF4, 0x2E, 0x00,
    0xBC, 0x0F, 0xC0, 0x7D, 0x02, 0xD0, 0x7D, 0x00, 0x1F, 0xF8, 0x00, 0x7C, 0xFF, 0xFF, 0x7D, 0x00,
    0x00, 0x00, 0x7C, 0xFF, 0xFF, 0x7D, 0x7C, 0x3F, 0xCF, 0xF1, 0xF0, 0x00, 0x00, 0x00, 0x01, 0xF0,
    0xFF, 0x3F, 0xC7, 0xF0, 0x0C, 0x03, 0x02, 0x41, 0x80, 0xC0, 0x00, 0x00, 0x00, 0x00, 0x00, 0x00,
    0x00, 0x00, 0x1E, 0x00, 0x00, 0x00, 0x2E, 0x00, 0x00, 0x00, 0x2D, 0x00, 0x00, 0x00, 0x6D, 0x00,
    0x00, 0x00, 0x79, 0x00, 0x00, 0x00, 0x78, 0x00, 0x00, 0x00, 0xB8, 0x00, 0x00, 0x00, 0x78, 0x00,
    0x00, 0x00, 0x02, 0xE0, 0x00, 0x00, 0x00, 0x01, 0xE0, 0x00, 0x00, 0x00, 0x01, 0xE0, 0x00, 0x00,
    0x00, 0x01, 0xF4, 0x00, 0x00, 0x00, 0x00, 0xB4, 0x00, 0x00, 0x00, 0x00, 0xB4, 0x00, 0x00, 0x00,
    0x00, 0xB8, 0x00, 0x00, 0x00, 0x00, 0x60, 0x7F, 0xFF, 0xFF, 0xFF, 0xFE, 0x00, 0x00, 0x00, 0x00,
    0x00, 0x00, 0x00, 0x00, 0x00, 0x00, 0x00, 0x00, 0x00, 0x00, 0x00, 0x00, 0x00, 0x00, 0x00, 0x00,
    0x00, 0x00, 0x00, 0x00, 0x00, 0x7F, 0xFF, 0xFF, 0xFF, 0xFE, 0x00, 0x00, 0x00, 0x00, 0x07, 0x80,
    0x00, 0x00, 0x00, 0x07, 0x80, 0x00, 0x00, 0x00, 0x07, 0xD0, 0x00, 0x00, 0x00, 0x02, 0xD0, 0x00,
    0x00, 0x00, 0x02, 0xD0, 0x00, 0x00, 0x00, 0x02, 0xE0, 0x00, 0x00, 0x00, 0x01, 0xE0, 0x00, 0x00,
    0x00, 0x01, 0xE0, 0x00, 0x00, 0x00, 0x78, 0x00, 0x00, 0x00, 0x78, 0x00, 0x00, 0x00, 0xB8, 0x00,
    0x00, 0x00, 0xB4, 0x00, 0x00, 0x00, 0xB4, 0x00, 0x00, 0x01, 0xE4, 0x00, 0x00, 0x01, 0xE0, 0x00,
    0x00, 0x00, 0x60, 0x00, 0x00, 0x00, 0x00, 0x0B, 0xFF, 0x80, 0xF4, 0x0B, 0xD7, 0xE0, 0x1F, 0xCF,
    0x40, 0x7F, 0x00, 0x02, 0xF4, 0x00, 0x2F, 0x00, 0x01, 0xE0, 0x00, 0x0E, 0x00, 0x00, 0x30, 0x00,
    0x00, 0xC0, 0x00, 0x03, 0x00, 0x00, 0x00, 0x00, 0x00, 0x00, 0x00, 0x00, 0x00, 0x00, 0x0B, 0x80,
    0x00, 0x7F, 0x00, 0x01, 0xFC, 0x00, 0x02, 0xE0, 0x00, 0x00, 0x06, 0xFF, 0xE0, 0x00, 0x00, 0x79,
    0x00, 0x6E, 0x00, 0x02, 0xC0, 0x00, 0x02, 0xC0, 0x07, 0x00, 0x00, 0x00, 0xB0, 0x0C, 0x01, 0xFF,
    0x40, 0x38, 0x28, 0x0F, 0x81, 0xE0, 0x1C, 0x30, 0x3F, 0x00, 0x3E, 0x0D, 0x30, 0x3E, 0x00, 0x3F,
    0x0A, 0x70, 0x7D, 0x00, 0x3F, 0x0A, 0x70, 0xBD, 0x00, 0x3F, 0x06, 0x70, 0x7D, 0x00, 0x3F, 0x06,
    0x30, 0x3E, 0x00, 0x3F, 0x0A, 0x34, 0x3F, 0x00, 0x3F, 0x0D, 0x1C, 0x0F, 0x80, 0xFF, 0x1C, 0x0E,
    0x01, 0xFF, 0x4B, 0xF0, 0x03, 0x80, 0x00, 0x00, 0x00, 0x00, 0xB9, 0x00, 0x06, 0xB8, 0x00, 0x06,
    0xFF, 0xF9, 0x00, 0x00, 0x00, 0x38, 0x00, 0x00, 0x00, 0x00, 0x7C, 0x00, 0x00, 0x00, 0x00, 0xFE,
    0x00, 0x00, 0x00, 0x01, 0xFF, 0x00, 0x00, 0x00, 0x03, 0xFF, 0x40, 0x00, 0x00, 0x03, 0x3F, 0xC0,
    0x00, 0x00, 0x0B, 0x1F, 0xD0, 0x00, 0x00, 0x0D, 0x0F, 0xE0, 0x00, 0x00, 0x1C, 0x07, 0xF0, 0x00,
    0x00, 0x38, 0x03, 0xF8, 0x00, 0x00, 0x70, 0x02, 0xFC, 0x00, 0x00, 0xBF, 0xFF, 0xFD, 0x00, 0x00,
    0xC0, 0x00, 0xBF, 0x00, 0x02, 0xC0, 0x00, 0x7F, 0x00, 0x03, 0x40, 0x00, 0x3F, 0x80, 0x0B, 0x00,
    0x00, 0x2F, 0xC0, 0xFF, 0xF0, 0x03, 0xFF, 0xFE, 0x3F, 0xFF, 0xFF, 0xF9, 0x00, 0x07, 0xF0, 0x00,
    0xBE, 0x00, 0x1F, 0xC0, 0x00, 0xFD, 0x00, 0x7F, 0x00, 0x02, 0xFC, 0x01, 0xFC, 0x00, 0x0B, 0xF0,
    0x07, 0xF0, 0x00, 0x2F, 0xC0, 0x1F, 0xC0, 0x00, 0xFD, 0x00, 0x7F, 0x00, 0x1F, 0xC0, 0x01, 0xFF,
    0xFF, 0xF8, 0x00, 0x07, 0xF0, 0x00, 0x7E, 0x00, 0x1F, 0xC0, 0x00, 0x7F, 0x00, 0x7F, 0x00, 0x00,
    0xFE, 0x01, 0xFC, 0x00, 0x03, 0xFC, 0x07, 0xF0, 0x00, 0x0F, 0xE0, 0x1F, 0xC0, 0x00, 0x7F, 0x40,
    0x7F, 0x00, 0x07, 0xF4, 0x3F, 0xFF, 0xFF, 0xFE, 0x00, 0x00, 0x06, 0xFF, 0xE0, 0x30, 0x01, 0xFD,
    0x00, 0x7B, 0xC0, 0x3F, 0x80, 0x00, 0x3F, 0x02, 0xF8, 0x00, 0x00, 0x3C, 0x1F, 0xC0, 0x00, 0x00,
    0xB0, 0xFF, 0x00, 0x00, 0x00, 0xC3, 0xF8, 0x00, 0x00, 0x00, 0x1F, 0xD0, 0x00, 0x00, 0x00, 0x7F,
    0x40, 0x00, 0x00, 0x01, 0xFD, 0x00, 0x00, 0x00, 0x03, 0xF8, 0x00, 0x00, 0x00, 0x0F, 0xF0, 0x00,
    0x00, 0x0C, 0x1F, 0xC0, 0x00, 0x00, 0x30, 0x2F, 0x80, 0x00, 0x02, 0x80, 0x3F, 0x80, 0x00, 0x2C,
    0x00, 0x1F, 0xD0, 0x07, 0x80, 0x00, 0x06, 0xFF, 0xE0, 0x00, 0x3F, 0xFF, 0xFF, 0xF9, 0x00, 0x00,
    0x7F, 0x00, 0x0B, 0xF0, 0x00, 0x1F, 0xC0, 0x00, 0x3F, 0x00, 0x07, 0xF0, 0x00, 0x03, 0xF0, 0x01,
    0xFC, 0x00, 0x00, 0xFE, 0x00, 0x7F, 0x00, 0x00, 0x2F, 0xC0, 0x1F, 0xC0, 0x00, 0x07, 0xF0, 0x07,
    0xF0, 0x00, 0x01, 0xFD, 0x01, 0xFC, 0x00, 0x00, 0x7F, 0x40, 0x7F, 0x00, 0x00, 0x1F, 0xD0, 0x1F,
    0xC0, 0x00, 0x07, 0xF0, 0x07, 0xF0, 0x00, 0x01, 0xFC, 0x01, 0xFC, 0x00, 0x00, 0xBE, 0x00, 0x7F,
    0x00, 0x00, 0x3F, 0x00, 0x1F, 0xC0, 0x00, 0x3F, 0x40, 0x07, 0xF0, 0x00, 0x7F, 0x00, 0x3F, 0xFF,
    0xFF, 0xF9, 0x00, 0x00, 0x3F, 0xFF, 0xFF, 0xFF, 0x80, 0x07, 0xF0, 0x00, 0x7E, 0x00, 0x1F, 0xC0,
    0x00, 0x3C, 0x00, 0x7F, 0x00, 0x00, 0x70, 0x01, 0xFC, 0x00, 0x00, 0xC0, 0x07, 0xF0, 0x0D, 0x03,
    0x00, 0x1F, 0xC0, 0x34, 0x00, 0x00, 0x7F, 0x02, 0xD0, 0x00, 0x01, 0xFF, 0xFF, 0x40, 0x00, 0x07,
    0xF0, 0x2D, 0x00, 0x00, 0x1F, 0xC0, 0x34, 0x00, 0x00, 0x7F, 0x00, 0xD0, 0x1C, 0x01, 0xFC, 0x00,
    0x00, 0xB0, 0x07, 0xF0, 0x00, 0x03, 0x80, 0x1F, 0xC0, 0x00, 0x2D, 0x00, 0x7F, 0x00, 0x07, 0xF0,
    0x3F, 0xFF, 0xFF, 0xFF, 0xC0, 0x3F, 0xFF, 0xFF, 0xFF, 0x00, 0x7F, 0x00, 0x0B, 0xD0, 0x1F, 0xC0,
    0x00, 0x74, 0x07, 0xF0, 0x00, 0x0E, 0x01, 0xFC, 0x00, 0x02, 0x80, 0x7F, 0x00, 0xD0, 0x70, 0x1F,
    0xC0, 0x34, 0x00, 0x07, 0xF0, 0x2D, 0x00, 0x01, 0xFF, 0xFF, 0x40, 0x00, 0x7F, 0x02, 0xD0, 0x00,
    0x1F, 0xC0, 0x34, 0x00, 0x07, 0xF0, 0x0D, 0x00, 0x01, 0xFC, 0x00, 0x00, 0x00, 0x7F, 0x00, 0x00,
    0x00, 0x1F, 0xC0, 0x00, 0x00, 0x07, 0xF0, 0x00, 0x00, 0x3F, 0xFF, 0xF8, 0x00, 0x00, 0x00, 0x06,
    0xFF, 0xE0, 0x70, 0x00, 0x1F, 0xD0, 0x07, 0xBC, 0x00, 0x3F, 0x40, 0x00, 0x3F, 0x00, 0x3F, 0x80,
    0x00, 0x03, 0xC0, 0x1F, 0xC0, 0x00, 0x00, 0xB0, 0x0F, 0xE0, 0x00, 0x00, 0x0C, 0x03, 0xF8, 0x00,
    0x00, 0x00, 0x01, 0xFD, 0x00, 0x00, 0x00, 0x00, 0x7F, 0x40, 0x00, 0x00, 0x00, 0x1F, 0xD0, 0x00,
    0x00, 0x00, 0x03, 0xF8, 0x00, 0x3F, 0xFF, 0xF0, 0xFF, 0x00, 0x00, 0x1F, 0xC0, 0x1F, 0xC0, 0x00,
    0x07, 0xF0, 0x02, 0xF8, 0x00, 0x01, 0xFC, 0x00, 0x2F, 0x80, 0x00, 0xBF, 0x00, 0x01, 0xFD, 0x00,
    0xBB, 0xC0, 0x00, 0x06, 0xFF, 0xE0, 0x70, 0x00, 0x3F, 0xFF, 0xF0, 0x7F, 0xFF, 0xD0, 0x1F, 0xC0,
    0x00, 0x3F, 0xC0, 0x01, 0xFC, 0x00, 0x03, 0xFC, 0x00, 0x1F, 0xC0, 0x00, 0x3F, 0xC0, 0x01, 0xFC,
    0x00, 0x03, 0xFC, 0x00, 0x1F, 0xC0, 0x00, 0x3F, 0xC0, 0x01, 0xFC, 0x00, 0x03, 0xFC, 0x00, 0x1F,
    0xC0, 0x00, 0x3F, 0xC0, 0x01, 0xFF, 0xFF, 0xFF, 0xFC, 0x00, 0x1F, 0xC0, 0x00, 0x3F, 0xC0, 0x01,
    0xFC, 0x00, 0x03, 0xFC, 0x00, 0x1F, 0xC0, 0x00, 0x3F, 0xC0, 0x01, 0xFC, 0x00, 0x03, 0xFC, 0x00,
    0x1F, 0xC0, 0x00, 0x3F, 0xC0, 0x01, 0xFC, 0x00, 0x03, 0xFC, 0x00, 0x1F, 0xC0, 0x00, 0x3F, 0xC0,
    0x3F, 0xFF, 0xF0, 0x7F, 0xFF, 0xD0, 0x00, 0x00, 0x00, 0xFF, 0xFF, 0xC0, 0x1F, 0xC0, 0x00, 0x7F,
    0x00, 0x01, 0xFC, 0x00, 0x07, 0xF0, 0x00, 0x1F, 0xC0, 0x00, 0x7F, 0x00, 0x01, 0xFC, 0x00, 0x07,
    0xF0, 0x00, 0x1F, 0xC0, 0x00, 0x7F, 0x00, 0x01, 0xFC, 0x00, 0x07, 0xF0, 0x00, 0x1F, 0xC0, 0x00,
    0x7F, 0x00, 0x01, 0xFC, 0x00, 0xFF, 0xFF, 0xC0, 0x00, 0x00, 0x00, 0x00, 0x0F, 0xFF, 0xFC, 0x00,
    0x01, 0xFC, 0x00, 0x00, 0x1F, 0xC0, 0x00, 0x01, 0xFC, 0x00, 0x00, 0x1F, 0xC0, 0x00, 0x01, 0xFC,
    0x00, 0x00, 0x1F, 0xC0, 0x00, 0x01, 0xFC, 0x00, 0x00, 0x1F, 0xC0, 0x00, 0x01, 0xFC, 0x00, 0x00,
    0x1F, 0xC0, 0x00, 0x01, 0xFC, 0x02, 0xE0, 0x1F, 0xC0, 0x7F, 0x41, 0xFC, 0x07, 0xF0, 0x2F, 0xC0,
    0x3E, 0x07, 0xF0, 0x00, 0x7F, 0xF4, 0x00, 0x3F, 0xFF, 0xF0, 0x07, 0xFF, 0xC0, 0x1F, 0xC0, 0x00,
    0x0F, 0x40, 0x01, 0xFC, 0x00, 0x03, 0xC0, 0x00, 0x1F, 0xC0, 0x00, 0xE0, 0x00, 0x01, 0xFC, 0x00,
    0x78, 0x00, 0x00, 0x1F, 0xC0, 0x1D, 0x00, 0x00, 0x01, 0xFC, 0x0B, 0x40, 0x00, 0x00, 0x1F, 0xC3,
    0xFC, 0x00, 0x00, 0x01, 0xFD, 0xFF, 0xE0, 0x00, 0x00, 0x1F, 0xF8, 0xBF, 0x40, 0x00, 0x01, 0xFE,
    0x03, 0xFC, 0x00, 0x00, 0x1F, 0xC0, 0x0F, 0xF0, 0x00, 0x01, 0xFC, 0x00, 0x7F, 0x80, 0x00, 0x1F,
    0xC0, 0x02, 0xFD, 0x00, 0x01, 0xFC, 0x00, 0x0F, 0xF0, 0x00, 0x1F, 0xC0, 0x00, 0x3F, 0xC0, 0x3F,
    0xFF, 0xF0, 0x2F, 0xFF, 0xD0, 0x00, 0x00, 0x00, 0x00, 0x0F, 0xFF, 0xFE, 0x00, 0x00, 0x1F, 0xC0,
    0x00, 0x00, 0x07, 0xF0, 0x00, 0x00, 0x01, 0xFC, 0x00, 0x00, 0x00, 0x7F, 0x00, 0x00, 0x00, 0x1F,
    0xC0, 0x00, 0x00, 0x07, 0xF0, 0x00, 0x00, 0x01, 0xFC, 0x00, 0x00, 0x00, 0x7F, 0x00, 0x00, 0x00,
    0x1F, 0xC0, 0x00, 0x00, 0x07, 0xF0, 0x00, 0x00, 0x01, 0xFC, 0x00, 0x03, 0x00, 0x7F, 0x00, 0x01,
    0xC0, 0x1F, 0xC0, 0x00, 0xF0, 0x07, 0xF0, 0x00, 0x78, 0x01, 0xFC, 0x00, 0xBD, 0x0F, 0xFF, 0xFF,
    0xFF, 0x40, 0xFF, 0xF8, 0x00, 0x00, 0x07, 0xFF, 0xD0, 0x7F, 0xC0, 0x00, 0x00, 0xEF, 0x80, 0x07,
    0x7E, 0x00, 0x00, 0x0A, 0xF8, 0x00, 0x73, 0xF0, 0x00, 0x02, 0x6F, 0x80, 0x07, 0x2F, 0x40, 0x00,
    0x32, 0xF8, 0x00, 0x70, 0xFC, 0x00, 0x09, 0x2F, 0x80, 0x07, 0x0B, 0xD0, 0x00, 0xC2, 0xF8, 0x00,
    0x70, 0x3F, 0x00, 0x14, 0x2F, 0x80, 0x07, 0x02, 0xF0, 0x03, 0x02, 0xF8, 0x00, 0x70, 0x0F, 0x80,
    0x60, 0x2F, 0x80, 0x07, 0x00, 0xFC, 0x0C, 0x02, 0xF8, 0x00, 0x70, 0x07, 0xE1, 0x80, 0x2F, 0x80,
    0x07, 0x00, 0x3F, 0x20, 0x02, 0xF8, 0x00, 0x70, 0x01, 0xFB, 0x00, 0x2F, 0x80, 0x07, 0x00, 0x0F,
    0xD0, 0x02, 0xF8, 0x00, 0x70, 0x00, 0xBC, 0x00, 0x2F, 0x80, 0xFF, 0xF8, 0x03, 0x40, 0x3F, 0xFF,
    0xD0, 0x3F, 0xFE, 0x00, 0x03, 0xFF, 0xD0, 0x1F, 0xF8, 0x00, 0x02, 0xC0, 0x01, 0xEF, 0xD0, 0x00,
    0x2C, 0x00, 0x1C, 0xBF, 0x40, 0x02, 0xC0, 0x01, 0xC3, 0xFC, 0x00, 0x2C, 0x00, 0x1C, 0x0F, 0xF0,
    0x02, 0xC0, 0x01, 0xC0, 0x3F, 0xC0, 0x2C, 0x00, 0x1C, 0x01, 0xFE, 0x02, 0xC0, 0x01, 0xC0, 0x07,
    0xF4, 0x2C, 0x00, 0x1C, 0x00, 0x2F, 0xD2, 0xC0, 0x01, 0xC0, 0x00, 0xFF, 0x2C, 0x00, 0x1C, 0x00,
    0x03, 0xFE, 0xC0, 0x01, 0xC0, 0x00, 0x0F, 0xFC, 0x00, 0x1C, 0x00, 0x00, 0x7F, 0xC0, 0x01, 0xC0,
    0x00, 0x01, 0xFC, 0x00, 0x1C, 0x00, 0x00, 0x0B, 0xC0, 0x3F, 0xFE, 0x00, 0x00, 0x28, 0x00, 0x00,
    0x0B, 0xFF, 0x90, 0x00, 0x02, 0xF8, 0x07, 0xF4, 0x00, 0x3F, 0x00, 0x02, 0xF8, 0x03, 0xF4, 0x00,
    0x03, 0xF4, 0x1F, 0xC0, 0x00, 0x07, 0xF0, 0xFE, 0x00, 0x00, 0x0F, 0xD3, 0xF8, 0x00, 0x00, 0x3F,
    0x9F, 0xD0, 0x00, 0x00, 0xFF, 0x7F, 0x40, 0x00, 0x03, 0xFD, 0xFD, 0x00, 0x00, 0x0F, 0xF3, 0xF8,
    0x00, 0x00, 0x3F, 0xCF, 0xE0, 0x00, 0x00, 0xFD, 0x2F, 0xC0, 0x00, 0x07, 0xF0, 0x3F, 0x40, 0x00,
    0x3F, 0x40, 0x3F, 0x40, 0x02, 0xF8, 0x00, 0x2F, 0x80, 0x7F, 0x40, 0x00, 0x0B, 0xFF, 0x90, 0x00,
    0x3F, 0xFF, 0xFF, 0xF8, 0x00, 0x07, 0xF0, 0x01, 0xFE, 0x00, 0x1F, 0xC0, 0x00, 0xFD, 0x00, 0x7F,
    0x00, 0x03, 0xFC, 0x01, 0xFC, 0x00, 0x0F, 0xF0, 0x07, 0xF0, 0x00, 0x3F, 0xC0, 0x1F, 0xC0, 0x00,
    0xFD, 0x00, 0x7F, 0x00, 0x1F, 0xD0, 0x01, 0xFF, 0xFF, 0xF8, 0x00, 0x07, 0xF0, 0x00, 0x00, 0x00,
    0x1F, 0xC0, 0x00, 0x00, 0x00, 0x7F, 0x00, 0x00, 0x00, 0x01, 0xFC, 0x00, 0x00, 0x00, 0x07, 0xF0,
    0x00, 0x00, 0x00, 0x1F, 0xC0, 0x00, 0x00, 0x00, 0x7F, 0x00, 0x00, 0x00, 0x3F, 0xFF, 0xF0, 0x00,
    0x00, 0x00, 0x0B, 0xFF, 0x90, 0x00, 0x00, 0xBE, 0x01, 0xBD, 0x00, 0x03, 0xF0, 0x00, 0x2F, 0x80,
    0x0F, 0xD0, 0x00, 0x0F, 0xD0, 0x1F, 0xC0, 0x00, 0x07, 0xF0, 0x3F, 0x80, 0x00, 0x03, 0xF4, 0x3F,
    0x40, 0x00, 0x03, 0xF8, 0x7F, 0x40, 0x00, 0x03, 0xFC, 0x7F, 0x40, 0x00, 0x02, 0xFC, 0x7F, 0x40,
    0x00, 0x03, 0xFC, 0x3F, 0x40, 0x00, 0x03, 0xF8, 0x3F, 0x80, 0x00, 0x03, 0xF4, 0x2F, 0xC0, 0x00,
    0x07, 0xF0, 0x0F, 0xC0, 0xBD, 0x0B, 0xD0, 0x03, 0xF2, 0x83, 0x5F, 0x80, 0x00, 0xBF, 0x81, 0xFD,
    0x00, 0x00, 0x0B, 0xFF, 0xF0, 0x00, 0x00, 0x00, 0x00, 0xB8, 0x0C, 0x00, 0x00, 0x00, 0x7F, 0xFC,
    0x00, 0x00, 0x00, 0x3F, 0xF8, 0x00, 0x00, 0x00, 0x2F, 0xF0, 0x00, 0x00, 0x00, 0x0B, 0xD0, 0x3F,
    0xFF, 0xFF, 0xE4, 0x00, 0x00, 0x1F, 0xC0, 0x07, 0xF4, 0x00, 0x01, 0xFC, 0x00, 0x1F, 0xC0, 0x00,
    0x1F, 0xC0, 0x00, 0xFE, 0x00, 0x01, 0xFC, 0x00, 0x0F, 0xF0, 0x00, 0x1F, 0xC0, 0x00, 0xFE, 0x00,
    0x01, 0xFC, 0x00, 0x1F, 0xC0, 0x00, 0x1F, 0xC0, 0x07, 0xF4, 0x00, 0x01, 0xFF, 0xFF, 0xF4, 0x00,
    0x00, 0x1F, 0xC0, 0x1F, 0xD0, 0x00, 0x01, 0xFC, 0x00, 0x7F, 0x00, 0x00, 0x1F, 0xC0, 0x03, 0xF8,
    0x00, 0x01, 0xFC, 0x00, 0x3F, 0x80, 0x00, 0x1F, 0xC0, 0x03, 0xFC, 0x00, 0x01, 0xFC, 0x00, 0x3F,
    0xC0, 0x90, 0x1F, 0xC0, 0x01, 0xFE, 0x1C, 0x3F, 0xFF, 0xF0, 0x02, 0xFF, 0x40, 0x02, 0xFF, 0x92,
    0x40, 0xF4, 0x07, 0xF8, 0x3D, 0x00, 0x0B, 0x83, 0xC0, 0x00, 0x38, 0x7D, 0x00, 0x02, 0x87, 0xF8,
    0x00, 0x00, 0x3F, 0xFE, 0x90, 0x01, 0xFF, 0xFF, 0xC0, 0x07, 0xFF, 0xFF, 0x00, 0x06, 0xFF, 0xFC,
    0x00, 0x00, 0x7F, 0xC0, 0x00, 0x00, 0xBD, 0x70, 0x00, 0x03, 0xD7, 0x00, 0x00, 0x3C, 0x78, 0x00,
    0x07, 0x87, 0xF4, 0x01, 0xF0, 0x70, 0xBF, 0xF4, 0x00, 0x7F, 0xFF, 0xFF, 0xFF, 0xDB, 0xD0, 0x3F,
    0xC0, 0x7E, 0xB0, 0x03, 0xFC, 0x00, 0xEA, 0x00, 0x3F, 0xC0, 0x0A, 0xD0, 0x03, 0xFC, 0x00, 0x7D,
    0x00, 0x3F, 0xC0, 0x07, 0x00, 0x03, 0xFC, 0x00, 0x00, 0x00, 0x3F, 0xC0, 0x00, 0x00, 0x03, 0xFC,
    0x00, 0x00, 0x00, 0x3F, 0xC0, 0x00, 0x00, 0x03, 0xFC, 0x00, 0x00, 0x00, 0x3F, 0xC0, 0x00, 0x00,
    0x03, 0xFC, 0x00, 0x00, 0x00, 0x3F, 0xC0, 0x00, 0x00, 0x03, 0xFC, 0x00, 0x00, 0x00, 0x3F, 0xC0,
    0x00, 0x02, 0xFF, 0xFF, 0xF8, 0x00, 0x00, 0x00, 0x00, 0x00, 0x3F, 0xFF, 0xF0, 0x0B, 0xFF, 0xC0,
    0x1F, 0xC0, 0x00, 0x03, 0x80, 0x01, 0xFC, 0x00, 0x00, 0x34, 0x00, 0x1F, 0xC0, 0x00, 0x03, 0x40,
    0x01, 0xFC, 0x00, 0x00, 0x34, 0x00, 0x1F, 0xC0, 0x00, 0x03, 0x40, 0x01, 0xFC, 0x00, 0x00, 0x34,
    0x00, 0x1F, 0xC0, 0x00, 0x03, 0x40, 0x01, 0xFC, 0x00, 0x00, 0x34, 0x00, 0x1F, 0xC0, 0x00, 0x03,
    0x40, 0x01, 0xFC, 0x00, 0x00, 0x34, 0x00, 0x1F, 0xC0, 0x00, 0x03, 0x40, 0x00, 0xFD, 0x00, 0x00,
    0x34, 0x00, 0x0B, 0xE0, 0x00, 0x07, 0x00, 0x00, 0x3F, 0x00, 0x00, 0xD0, 0x00, 0x00, 0xFD, 0x00,
    0xB4, 0x00, 0x00, 0x01, 0xBF, 0xF8, 0x00, 0x00, 0x7F, 0xFF, 0xC0, 0x03, 0xFF, 0xC0, 0x3F, 0xC0,
    0x00, 0x03, 0x80, 0x01, 0xFD, 0x00, 0x00, 0x70, 0x00, 0x0F, 0xF0, 0x00, 0x0E, 0x00, 0x00, 0x7F,
    0x00, 0x01, 0xC0, 0x00, 0x03, 0xF8, 0x00, 0x28, 0x00, 0x00, 0x2F, 0xC0, 0x03, 0x40, 0x00, 0x00,
    0xFE, 0x00, 0xB0, 0x00, 0x00, 0x0B, 0xF0, 0x0D, 0x00, 0x00, 0x00, 0x3F, 0x42, 0xC0, 0x00, 0x00,
    0x03, 0xFC, 0x34, 0x00, 0x00, 0x00, 0x1F, 0xD7, 0x00, 0x00, 0x00, 0x00, 0xFF, 0xE0, 0x00, 0x00,
    0x00, 0x07, 0xFC, 0x00, 0x00, 0x00, 0x00, 0x3F, 0x80, 0x00, 0x00, 0x00, 0x02, 0xF4, 0x00, 0x00,
    0x00, 0x00, 0x0E, 0x00, 0x00, 0x00, 0x7F, 0xFF, 0xC3, 0xFF, 0xFC, 0x03, 0xFF, 0xC0, 0x3F, 0x80,
    0x02, 0xFC, 0x00, 0x02, 0xC0, 0x02, 0xFC, 0x00, 0x0F, 0xD0, 0x00, 0x34, 0x00, 0x1F, 0xD0, 0x00,
    0xFF, 0x00, 0x07, 0x00, 0x00, 0xFF, 0x00, 0x0F, 0xF0, 0x00, 0xA0, 0x00, 0x07, 0xF0, 0x02, 0xFF,
    0x80, 0x0C, 0x00, 0x00, 0x3F, 0x80, 0x36, 0xFC, 0x01, 0xC0, 0x00, 0x02, 0xFC, 0x07, 0x1F, 0xD0,
    0x34, 0x00, 0x00, 0x1F, 0xD0, 0xA0, 0xFF, 0x03, 0x00, 0x00, 0x00, 0xFE, 0x0C, 0x07, 0xF0, 0xA0,
    0x00, 0x00, 0x0B, 0xF1, 0xC0, 0x3F, 0x8C, 0x00, 0x00, 0x00, 0x3F, 0xB4, 0x02, 0xFD, 0xC0, 0x00,
    0x00, 0x03, 0xFF, 0x00, 0x1F, 0xF4, 0x00, 0x00, 0x00, 0x1F, 0xE0, 0x00, 0xFF, 0x00, 0x00, 0x00,
    0x00, 0xFC, 0x00, 0x0B, 0xE0, 0x00, 0x00, 0x00, 0x0B, 0xC0, 0x00, 0x3D, 0x00, 0x00, 0x00, 0x00,
    0x34, 0x00, 0x02, 0xC0, 0x00, 0x00, 0x3F, 0xFF, 0xF0, 0x7F, 0xFE, 0x00, 0x3F, 0xC0, 0x02, 0xD0,
    0x00, 0x07, 0xFC, 0x00, 0xE0, 0x00, 0x00, 0xBF, 0x80, 0xF0, 0x00, 0x00, 0x0F, 0xF0, 0xB0, 0x00,
    0x00, 0x00, 0xFF, 0x74, 0x00, 0x00, 0x00, 0x1F, 0xF8, 0x00, 0x00, 0x00, 0x02, 0xFD, 0x00, 0x00,
    0x00, 0x00, 0x3F, 0xC0, 0x00, 0x00, 0x00, 0x1F, 0xFC, 0x00, 0x00, 0x00, 0x0E, 0xBF, 0x40, 0x00,
    0x00, 0x0F, 0x0F, 0xF0, 0x00, 0x00, 0x0B, 0x00, 0xFF, 0x00, 0x00, 0x07, 0x40, 0x1F, 0xE0, 0x00,
    0x03, 0x80, 0x02, 0xFD, 0x00, 0x03, 0xC0, 0x00, 0x3F, 0xC0, 0x3F, 0xFF, 0x00, 0xBF, 0xFF, 0xC0,
    0xBF, 0xFF, 0xC0, 0x03, 0xFF, 0xC0, 0x2F, 0xD0, 0x00, 0x07, 0x40, 0x00, 0xFF, 0x00, 0x00, 0xE0,
    0x00, 0x07, 0xF8, 0x00, 0x2C, 0x00, 0x00, 0x2F, 0xD0, 0x03, 0x40, 0x00, 0x00, 0xFF, 0x00, 0xE0,
    0x00, 0x00, 0x07, 0xFC, 0x2C, 0x00, 0x00, 0x00, 0x2F, 0xD3, 0x40, 0x00, 0x00, 0x00, 0xFF, 0xE0,
    0x00, 0x00, 0x00, 0x07, 0xFC, 0x00, 0x00, 0x00, 0x00, 0x3F, 0x80, 0x00, 0x00, 0x00, 0x03, 0xF8,
    0x00, 0x00, 0x00, 0x00, 0x3F, 0x80, 0x00, 0x00, 0x00, 0x03, 0xF8, 0x00, 0x00, 0x00, 0x00, 0x3F,
    0x80, 0x00, 0x00, 0x00, 0x03, 0xF8, 0x00, 0x00, 0x00, 0x0B, 0xFF, 0xFD, 0x00, 0x00, 0x00, 0x00,
    0x00, 0x00, 0x00, 0x2F, 0xFF, 0xFF, 0xFC, 0x3F, 0x90, 0x0B, 0xF4, 0x3D, 0x00, 0x0F, 0xF0, 0x38,
    0x00, 0x3F, 0xC0, 0x34, 0x00, 0xBF, 0x40, 0x30, 0x00, 0xFF, 0x00, 0x00, 0x03, 0xFC, 0x00, 0x00,
    0x0B, 0xF4, 0x00, 0x00, 0x1F, 0xF0, 0x00, 0x00, 0x3F, 0xC0, 0x00, 0x00, 0xBF, 0x40, 0x0C, 0x01,
    0xFF, 0x00, 0x0C, 0x03, 0xFC, 0x00, 0x1C, 0x0B, 0xF4, 0x00, 0x2C, 0x1F, 0xF0, 0x00, 0x7C, 0x3F,
    0xC0, 0x06, 0xFC, 0x7F, 0xFF, 0xFF, 0xF8, 0x7F, 0xD7, 0xD0, 0x7D, 0x07, 0xD0, 0x7D, 0x07, 0xD0,
    0x7D, 0x07, 0xD0, 0x7D, 0x07, 0xD0, 0x7D, 0x07, 0xD0, 0x7D, 0x07, 0xD0, 0x7D, 0x07, 0xD0, 0x7D,
    0x07, 0xD0, 0x7D, 0x07, 0xD0, 0x7D, 0x07, 0xD0, 0x7D, 0x07, 0xD0, 0x7F, 0xD0, 0x10, 0x00, 0x00,
    0x30, 0x00, 0x00, 0x24, 0x00, 0x00, 0x18, 0x00, 0x00, 0x0C, 0x00, 0x00, 0x06, 0x00, 0x00, 0x03,
    0x00, 0x00, 0x02, 0x40, 0x00, 0x00, 0xC0, 0x00, 0x00, 0x90, 0x00, 0x00, 0x60, 0x00, 0x00, 0x30,
    0x00, 0x00, 0x18, 0x00, 0x00, 0x0C, 0x00, 0x00, 0x09, 0x00, 0x00, 0x03, 0x00, 0x00, 0x02, 0x40,
    0x00, 0x01, 0x80, 0x00, 0x00, 0xC0, 0x00, 0x00, 0x60, 0x00, 0x00, 0x30, 0x00, 0x00, 0x24, 0x00,
    0x00, 0x0C, 0x00, 0x00, 0x09, 0x00, 0x00, 0x06, 0x00, 0x00, 0x00, 0x7F, 0xD0, 0x7D, 0x07, 0xD0,
    0x7D, 0x07, 0xD0, 0x7D, 0x07, 0xD0, 0x7D, 0x07, 0xD0, 0x7D, 0x07, 0xD0, 0x7D, 0x07, 0xD0, 0x7D,
    0x07, 0xD0, 0x7D, 0x07, 0xD0, 0x7D, 0x07, 0xD0, 0x7D, 0x07, 0xD0, 0x7D, 0x07, 0xD0, 0x7D, 0x7F,
    0xD0, 0x00, 0x78, 0x00, 0x02, 0xFF, 0x40, 0x2F, 0x42, 0xF4, 0x64, 0x00, 0x2C, 0x7F, 0xFF, 0xFF,
    0xFF, 0xE0, 0x2D, 0x00, 0xFD, 0x02, 0xFE, 0x00, 0x7C, 0x00, 0x00, 0x06, 0xFF, 0xD0, 0x00, 0xFC,
    0x0F, 0xC0, 0x0F, 0x80, 0x3E, 0x00, 0x00, 0x03, 0xF0, 0x00, 0x6F, 0xFF, 0x00, 0x7F, 0x43, 0xF0,
    0x2F, 0x80, 0x3F, 0x03, 0xF0, 0x03, 0xF0, 0x3F, 0x00, 0x7F, 0x03, 0xF4, 0x1F, 0xF0, 0x07, 0xFE,
    0x0F, 0xF0, 0x3F, 0xD0, 0x00, 0x00, 0x1F, 0x40, 0x00, 0x00, 0x7D, 0x00, 0x00, 0x01, 0xF4, 0x00,
    0x00, 0x07, 0xD0, 0x00, 0x00, 0x1F, 0x40, 0x00, 0x00, 0x7D, 0x7F, 0xE0, 0x01, 0xFE, 0x02, 0xF4,
    0x07, 0xE0, 0x02, 0xF0, 0x1F, 0x80, 0x07, 0xE0, 0x7E, 0x00, 0x0F, 0xC1, 0xF8, 0x00, 0x3F, 0x07,
    0xE0, 0x01, 0xFC, 0x1F, 0x80, 0x07, 0xE0, 0x7E, 0x00, 0x2F, 0x01, 0xFE, 0x02, 0xF4, 0x07, 0x07,
    0xFE, 0x00, 0x00, 0xBF, 0xF8, 0x07, 0xE0, 0x7E, 0x0F, 0x80, 0x3D, 0x2F, 0x40, 0x00, 0x3F, 0x00,
    0x00, 0x3F, 0x00, 0x00, 0x3F, 0x00, 0x00, 0x2F, 0x40, 0x00, 0x0F, 0xC0, 0x07, 0x07, 0xE0, 0x1D,
    0x00, 0xBF, 0xE0, 0x00, 0x00, 0x3F, 0xD0, 0x00, 0x00, 0x0B, 0xD0, 0x00, 0x00, 0x07, 0xD0, 0x00,
    0x00, 0x07, 0xD0, 0x00, 0x00, 0x07, 0xD0, 0x00, 0x00, 0x07, 0xD0, 0x00, 0xBF, 0xD7, 0xD0, 0x03,
    0xE0, 0x2F, 0xD0, 0x0F, 0x80, 0x0B, 0xD0, 0x2F, 0x40, 0x0B, 0xD0, 0x3F, 0x00, 0x0B, 0xD0, 0x3F,
    0x00, 0x0B, 0xD0, 0x3F, 0x00, 0x0B, 0xD0, 0x2F, 0x40, 0x0B, 0xD0, 0x1F, 0x80, 0x0B, 0xD0, 0x07,
    0xD0, 0x2F, 0xD0, 0x00, 0xBF, 0xDB, 0xFC, 0x00, 0xBF, 0xE0, 0x01, 0xF4, 0x1F, 0x00, 0xF4, 0x02,
    0xF0, 0xBC, 0x00, 0x3C, 0x3F, 0x00, 0x0F, 0x4F, 0xFF, 0xFF, 0xD3, 0xF0, 0x00, 0x00, 0xFC, 0x00,
    0x00, 0x1F, 0x80, 0x03, 0x01, 0xF8, 0x07, 0x80, 0x0B, 0xFE, 0x40, 0x00, 0x7F, 0xC0, 0x3E, 0x3F,
    0x0B, 0xC3, 0xE0, 0xF8, 0x00, 0x0F, 0x40, 0x00, 0xF4, 0x00, 0x0F, 0x40, 0x0F, 0xFF, 0xE0, 0x0F,
    0x80, 0x00, 0xF8, 0x00, 0x0F, 0x80, 0x00, 0xF8, 0x00, 0x0F, 0x80, 0x00, 0xF8, 0x00, 0x0F, 0x80,
    0x00, 0xF8, 0x00, 0x0F, 0x80, 0x0F, 0xFF, 0xC0, 0x00, 0x00, 0x00, 0x01, 0xFF, 0x87, 0xD0, 0xBC,
    0x1F, 0x8F, 0x1F, 0x40, 0xBC, 0xE2, 0xF0, 0x07, 0xD0, 0x1F, 0x00, 0x7D, 0x00, 0xB8, 0x0F, 0x80,
    0x0A, 0xBF, 0xD0, 0x00, 0xC0, 0x00, 0x00, 0x0E, 0x00, 0x00, 0x00, 0xFF, 0xFF, 0x90, 0x07, 0xFF,
    0xFF, 0xC2, 0xD0, 0x00, 0x7D, 0x3C, 0x00, 0x02, 0xE3, 0xD0, 0x00, 0x3D, 0x1F, 0x40, 0x1F, 0x80,
    0x2F, 0xFF, 0x80, 0xFF, 0x80, 0x00, 0x00, 0x7E, 0x00, 0x00, 0x00, 0xF8, 0x00, 0x00, 0x03, 0xE0,
    0x00, 0x00, 0x0F, 0x80, 0x00, 0x00, 0x3E, 0x00, 0x00, 0x00, 0xF8, 0x7F, 0x80, 0x03, 0xEA, 0x0B,
    0xC0, 0x0F, 0xD0, 0x1F, 0x80, 0x3F, 0x00, 0x3E, 0x00, 0xF8, 0x00, 0xF8, 0x03, 0xE0, 0x03, 0xE0,
    0x0F, 0x80, 0x0F, 0x80, 0x3E, 0x00, 0x3E, 0x00, 0xF8, 0x00, 0xF8, 0x03, 0xE0, 0x03, 0xE0, 0xFF,
    0xF4, 0xFF, 0xF4, 0x1F, 0x00, 0xFF, 0x03, 0xFC, 0x07, 0xC0, 0x00, 0x00, 0x00, 0x0F, 0xF8, 0x03,
    0xE0, 0x0F, 0x80, 0x3E, 0x00, 0xF8, 0x03, 0xE0, 0x0F, 0x80, 0x3E, 0x00, 0xF8, 0x03, 0xE0, 0xFF,
    0xF0, 0x00, 0x1F, 0x00, 0x0F, 0xE0, 0x03, 0xF8, 0x00, 0x7C, 0x00, 0x00, 0x00, 0x00, 0x00, 0x0F,
    0xF8, 0x00, 0x3E, 0x00, 0x0F, 0x80, 0x03, 0xE0, 0x00, 0xF8, 0x00, 0x3E, 0x00, 0x0F, 0x80, 0x03,
    0xE0, 0x00, 0xF8, 0x00, 0x3E, 0x00, 0x0F, 0x80, 0x03, 0xE0, 0x00, 0xF8, 0xF4, 0x7D, 0x7E, 0x3E,
    0x07, 0xFD, 0x00, 0x3F, 0xD0, 0x00, 0x00, 0x1F, 0x40, 0x00, 0x00, 0x7D, 0x00, 0x00, 0x01, 0xF4,
    0x00, 0x00, 0x07, 0xD0, 0x00, 0x00, 0x1F, 0x40, 0x00, 0x00, 0x7D, 0x03, 0xFF, 0x01, 0xF4, 0x07,
    0x80, 0x07, 0xD0, 0x78, 0x00, 0x1F, 0x4B, 0x40, 0x00, 0x7D, 0xFC, 0x00, 0x01, 0xFF, 0xF8, 0x00,
    0x07, 0xE2, 0xF4, 0x00, 0x1F, 0x03, 0xF0, 0x00, 0x7C, 0x03, 0xF0, 0x01, 0xF0, 0x07, 0xF0, 0x3F,
    0xFC, 0x3F, 0xF8, 0xFF, 0x80, 0x3E, 0x00, 0xF8, 0x03, 0xE0, 0x0F, 0x80, 0x3E, 0x00, 0xF8, 0x03,
    0xE0, 0x0F, 0x80, 0x3E, 0x00, 0xF8, 0x03, 0xE0, 0x0F, 0x80, 0x3E, 0x00, 0xF8, 0x03, 0xE0, 0xFF,
    0xF4, 0xFF, 0x4B, 0xFD, 0x0B, 0xFD, 0x00, 0x7D, 0xE0, 0xBD, 0xE0, 0xBC, 0x00, 0xFD, 0x01, 0xFD,
    0x01, 0xF8, 0x03, 0xF0, 0x03, 0xF0, 0x03, 0xE0, 0x0F, 0x80, 0x0F, 0x80, 0x0F, 0x80, 0x3E, 0x00,
    0x3E, 0x00, 0x3E, 0x00, 0xF8, 0x00, 0xF8, 0x00, 0xF8, 0x03, 0xE0, 0x03, 0xE0, 0x03, 0xE0, 0x0F,
    0x80, 0x0F, 0x80, 0x0F, 0x80, 0x3E, 0x00, 0x3E, 0x00, 0x3E, 0x0F, 0xFF, 0x4F, 0xFF, 0x4F, 0xFF,
    0x40, 0xFF, 0x4B, 0xF8, 0x00, 0x7D, 0xE0, 0xBC, 0x00, 0xFD, 0x01, 0xF8, 0x03, 0xF0, 0x03, 0xE0,
    0x0F, 0x80, 0x0F, 0x80, 0x3E, 0x00, 0x3E, 0x00, 0xF8, 0x00, 0xF8, 0x03, 0xE0, 0x03, 0xE0, 0x0F,
    0x80, 0x0F, 0x80, 0x3E, 0x00, 0x3E, 0x0F, 0xFF, 0x4F, 0xFF, 0x40, 0x00, 0xBF, 0xE4, 0x00, 0x7D,
    0x03, 0xE0, 0x0F, 0x40, 0x0F, 0x83, 0xF0, 0x00, 0xFC, 0x3F, 0x00, 0x0B, 0xD3, 0xF0, 0x00, 0xBE,
    0x3F, 0x00, 0x0B, 0xD3, 0xF0, 0x00, 0xFC, 0x1F, 0x40, 0x0F, 0x80, 0x7D, 0x03, 0xF0, 0x00, 0xBF,
    0xE4, 0x00, 0x3F, 0xEB, 0xFE, 0x00, 0x1F, 0xE0, 0x2F, 0x40, 0x7E, 0x00, 0x3F, 0x01, 0xF8, 0x00,
    0x7E, 0x07, 0xE0, 0x01, 0xFC, 0x1F, 0x80, 0x03, 0xF0, 0x7E, 0x00, 0x1F, 0xC1, 0xF8, 0x00, 0xBE,
    0x07, 0xE0, 0x03, 0xF0, 0x1F, 0xE0, 0x3F, 0x00, 0x7E, 0x7F, 0xD0, 0x01, 0xF8, 0x00, 0x00, 0x07,
    0xE0, 0x00, 0x00, 0x1F, 0x80, 0x00, 0x00, 0x7E, 0x00, 0x00, 0x0F, 0xFF, 0x00, 0x00, 0x00, 0xBF,
    0xD0, 0xD0, 0x07, 0xF0, 0x3A, 0xD0, 0x0F, 0xC0, 0x0F, 0xD0, 0x2F, 0x40, 0x0B, 0xD0, 0x3F, 0x00,
    0x07, 0xD0, 0x3F, 0x00, 0x07, 0xD0, 0x3F, 0x00, 0x07, 0xD0, 0x2F, 0x40, 0x07, 0xD0, 0x0F, 0xC0,
    0x0F, 0xD0, 0x07, 0xE0, 0x7F, 0xD0, 0x00, 0xBF, 0x9B, 0xD0, 0x00, 0x00, 0x0B, 0xD0, 0x00, 0x00,
    0x0B, 0xD0, 0x00, 0x00, 0x0B, 0xD0, 0x00, 0x00, 0x0B, 0xD0, 0x00, 0x00, 0x7F, 0xFC, 0x3F, 0xC7,
    0xF4, 0x07, 0xDC, 0xFC, 0x07, 0xF0, 0xB8, 0x07, 0xE0, 0x00, 0x07, 0xD0, 0x00, 0x07, 0xD0, 0x00,
    0x07, 0xD0, 0x00, 0x07, 0xD0, 0x00, 0x07, 0xD0, 0x00, 0x07, 0xD0, 0x00, 0x3F, 0xFE, 0x00, 0x06,
    0xFE, 0xA0, 0x74, 0x07, 0x83, 0xC0, 0x0A, 0x0F, 0xD4, 0x00, 0x2F, 0xFF, 0x40, 0x1F, 0xFF, 0x80,
    0x01, 0xBF, 0x0C, 0x00, 0x2D, 0x38, 0x00, 0x70, 0xF8, 0x07, 0x83, 0x5F, 0xF4, 0x00, 0x00, 0xD0,
    0x00, 0x0D, 0x00, 0x02, 0xD0, 0x00, 0xBD, 0x00, 0x7F, 0xFF, 0xC0, 0x7D, 0x00, 0x07, 0xD0, 0x00,
    0x7D, 0x00, 0x07, 0xD0, 0x00, 0x7D, 0x00, 0x07, 0xD0, 0x50, 0x7D, 0x0A, 0x07, 0xD0, 0x90, 0x3F,
    0x1C, 0x00, 0xBF, 0x40, 0xFF, 0x80, 0xFF, 0x80, 0x7E, 0x00, 0x7E, 0x00, 0xF8, 0x00, 0xF8, 0x03,
    0xE0, 0x03, 0xE0, 0x0F, 0x80, 0x0F, 0x80, 0x3E, 0x00, 0x3E, 0x00, 0xF8, 0x00, 0xF8, 0x03, 0xE0,
    0x07, 0xE0, 0x0F, 0x80, 0x2F, 0x80, 0x2F, 0x02, 0xBF, 0x00, 0x1F, 0xF4, 0xFF, 0x40, 0x7F, 0xF8,
    0x0B, 0xF4, 0x2F, 0x40, 0x0A, 0x00, 0x3F, 0x00, 0x30, 0x00, 0xBD, 0x02, 0x80, 0x00, 0xFC, 0x0D,
    0x00, 0x02, 0xF4, 0xB0, 0x00, 0x03, 0xF3, 0x40, 0x00, 0x0B, 0xEC, 0x00, 0x00, 0x1F, 0xD0, 0x00,
    0x00, 0x3F, 0x00, 0x00, 0x00, 0x74, 0x00, 0x00, 0x7F, 0xF5, 0xFF, 0xC0, 0xFF, 0x02, 0xF0, 0x0B,
    0xC0, 0x0E, 0x00, 0x7E, 0x01, 0xF4, 0x03, 0x00, 0x0F, 0xC0, 0xBE, 0x02, 0x80, 0x01, 0xF4, 0x37,
    0xC0, 0xC0, 0x00, 0x3F, 0x28, 0xF8, 0x70, 0x00, 0x0B, 0xDD, 0x2F, 0x34, 0x00, 0x00, 0xFF, 0x03,
    0xEC, 0x00, 0x00, 0x3F, 0x40, 0xBE, 0x00, 0x00, 0x07, 0xC0, 0x1F, 0x00, 0x00, 0x00, 0xE0, 0x03,
    0x80, 0x00, 0x7F, 0xF4, 0x2F, 0xF0, 0x0F, 0xC0, 0x38, 0x00, 0x1F, 0x83, 0x80, 0x00, 0x1F, 0xAC,
    0x00, 0x00, 0x2F, 0xC0, 0x00, 0x00, 0x3F, 0x00, 0x00, 0x01, 0xFF, 0x00, 0x00, 0x0D, 0x3F, 0x00,
    0x00, 0xE0, 0x7E, 0x00, 0x0E, 0x00, 0xBD, 0x07, 0xFD, 0x03, 0xFF, 0x80, 0x7F, 0xF8, 0x0B, 0xF4,
    0x2F, 0x40, 0x0A, 0x00, 0x3F, 0x00, 0x30, 0x00, 0xBD, 0x02, 0x80, 0x00, 0xFC, 0x0C, 0x00, 0x02,
    0xF4, 0xB0, 0x00, 0x03, 0xF3, 0x40, 0x00, 0x0B, 0xEC, 0x00, 0x00, 0x0F, 0xD0, 0x00, 0x00, 0x2F,
    0x00, 0x00, 0x00, 0x74, 0x00, 0x00, 0x01, 0xC0, 0x00, 0x00, 0x0D, 0x00, 0x00, 0xF0, 0x70, 0x00,
    0x07, 0xC7, 0x00, 0x00, 0x0B, 0xE0, 0x00, 0x00, 0x2F, 0xFF, 0xFD, 0x2E, 0x01, 0xFC, 0x28, 0x03,
    0xF0, 0x34, 0x0F, 0xD0, 0x00, 0x2F, 0x80, 0x00, 0xBF, 0x00, 0x01, 0xFC, 0x09, 0x03, 0xF4, 0x0D,
    0x0F, 0xD0, 0x0D, 0x2F, 0x80, 0x7C, 0x3F, 0xFF, 0xFC, 0x00, 0x00, 0x00, 0x00, 0x02, 0xFD, 0x00,
    0x1F, 0xD0, 0x00, 0x3F, 0x00, 0x00, 0x3E, 0x00, 0x00, 0x7E, 0x00, 0x00, 0x7E, 0x00, 0x00, 0x7E,
    0x00, 0x00, 0x7E, 0x00, 0x00, 0x7E, 0x00, 0x00, 0x7E, 0x00, 0x00, 0xBD, 0x00, 0x02, 0xF8, 0x00,
    0x3F, 0xD0, 0x00, 0x02, 0xF8, 0x00, 0x00, 0xBD, 0x00, 0x00, 0x7E, 0x00, 0x00, 0x7E, 0x00, 0x00,
    0x7E, 0x00, 0x00, 0x7E, 0x00, 0x00, 0x7E, 0x00, 0x00, 0x7E, 0x00, 0x00, 0x3E, 0x00, 0x00, 0x3F,
    0x00, 0x00, 0x1F, 0x90, 0x00, 0x02, 0xFD, 0x5E, 0xEE, 0xEE, 0xEE, 0xEE, 0xEE, 0xEE, 0xEE, 0xEE,
    0xEE, 0xEE, 0xEE, 0xA0, 0x3F, 0x90, 0x00, 0x02, 0xF8, 0x00, 0x00, 0xBD, 0x00, 0x00, 0x7E, 0x00,
    0x00, 0x7E, 0x00, 0x00, 0x7E, 0x00, 0x00, 0x7E, 0x00, 0x00, 0x7E, 0x00, 0x00, 0x7E, 0x00, 0x00,
    0x3E, 0x00, 0x00, 0x3F, 0x00, 0x00, 0x1F, 0xD0, 0x00, 0x03, 0xFD, 0x00, 0x1F, 0xD0, 0x00, 0x3F,
    0x00, 0x00, 0x3E, 0x00, 0x00, 0x7E, 0x00, 0x00, 0x7E, 0x00, 0x00, 0x7E, 0x00, 0x00, 0x7E, 0x00,
    0x00, 0x7E, 0x00, 0x00, 0x7D, 0x00, 0x01, 0xFC, 0x00, 0x3F, 0x90, 0x00, 0x0F, 0xF9, 0x01, 0xC7,
    0x42, 0xFF, 0xF4, 0x10, 0x01, 0xFD, 0x00, 0x2E, 0x1F, 0xC7, 0xF0, 0xB8, 0x00, 0x00, 0x00, 0xC0,
    0x70, 0x2D, 0x0B, 0x43, 0xE0, 0xF8, 0x3F, 0x0F, 0xC7, 0xF1, 0xFC, 0xBF, 0x4F, 0x80, 0x00, 0x00,
    0x02, 0x80, 0x00, 0x00, 0x28, 0x00, 0x00, 0x6F, 0xFE, 0x40, 0x3F, 0x28, 0xBC, 0x0F, 0xC2, 0x8F,
    0xC2, 0xF4, 0x28, 0x24, 0x3F, 0x02, 0x80, 0x03, 0xF0, 0x28, 0x00, 0x3F, 0x42, 0x80, 0x02, 0xF4,
    0x28, 0x00, 0x0F, 0xC2, 0x80, 0xD0, 0x3F, 0x68, 0x78, 0x00, 0x6F, 0xF9, 0x00, 0x00, 0x28, 0x00,
    0x00, 0x02, 0x80, 0x00, 0x00, 0x00, 0xBF, 0x90, 0x00, 0x00, 0xF4, 0x1D, 0x00, 0x00, 0xF8, 0x00,
    0xC0, 0x00, 0x3D, 0x00, 0xF8, 0x00, 0x1F, 0x40, 0x7E, 0x00, 0x07, 0xD0, 0x0F, 0x40, 0x01, 0xF4,
    0x00, 0x00, 0x00, 0x7D, 0x00, 0x00, 0x00, 0x1F, 0x40, 0x00, 0x00, 0x7F, 0xFF, 0x00, 0x00, 0x01,
    0xF4, 0x00, 0x00, 0x00, 0x7D, 0x00, 0x00, 0x00, 0x1F, 0x40, 0x00, 0x00, 0x07, 0xD0, 0x00, 0x00,
    0x01, 0xF0, 0x00, 0x00, 0x00, 0x7E, 0x40, 0x05, 0x2F, 0xFF, 0xFF, 0x07, 0x0F, 0xF8, 0x1B, 0xFE,
    0x00, 0x00, 0x00, 0x00, 0x00, 0xBF, 0xFF, 0xC0, 0x03, 0xFF, 0xC0, 0x2F, 0xD0, 0x00, 0x07, 0x40,
    0x00, 0xFF, 0x00, 0x00, 0xE0, 0x00, 0x03, 0xFC, 0x00, 0x2C, 0x00, 0x00, 0x1F, 0xE0, 0x0B, 0x00,
    0x00, 0xFF, 0xFF, 0xFF, 0xFF, 0xF0, 0x00, 0x03, 0xFC, 0x3C, 0x00, 0x00, 0x00, 0x1F, 0xEB, 0x00,
    0x00, 0x00, 0x00, 0xFF, 0xE0, 0x00, 0x00, 0x00, 0x03, 0xFC, 0x00, 0x00, 0x00, 0x00, 0x3F, 0x80,
    0x00, 0x00, 0xFF, 0xFF, 0xFF, 0xFF, 0xF0, 0x00, 0x00, 0x3F, 0x80, 0x00, 0x00, 0x00, 0x03, 0xF8,
    0x00, 0x00, 0x00, 0x00, 0x3F, 0x80, 0x00, 0x00, 0x00, 0x03, 0xF8, 0x00, 0x00, 0x00, 0x0B, 0xFF,
    0xFD, 0x00, 0x00, 0x00, 0x00, 0x00, 0x00, 0x00, 0x02, 0xFE, 0x00, 0x3D, 0x0B, 0x42, 0xC0, 0x3F,
    0x0F, 0x00, 0xB4, 0x3C, 0x00, 0x00, 0xFD, 0x00, 0x01, 0xFF, 0x80, 0x02, 0xFF, 0xD0, 0x0B, 0xFF,
    0xC0, 0x74, 0xBF, 0x83, 0xC0, 0x2F, 0x0F, 0x00, 0x2C, 0x3E, 0x00, 0xB0, 0x7F, 0xD3, 0x80, 0xFF,
    0xF8, 0x00, 0xFF, 0xF0, 0x00, 0xBF, 0xE0, 0x00, 0x1F, 0xC0, 0x00, 0x0F, 0x07, 0xC0, 0x2C, 0x2F,
    0x00, 0xF0, 0x38, 0x0F, 0x00, 0x2F, 0xE0, 0x00, 0x2E, 0x07, 0xC7, 0xF0, 0xFF, 0x7F, 0x0F, 0xF2,
    0xE0, 0x7C, 0x00, 0x00, 0x06, 0xFF, 0xF9, 0x00, 0x00, 0x00, 0x00, 0x1F, 0x90, 0x00, 0x6F, 0x40,
    0x00, 0x00, 0x1F, 0x40, 0x00, 0x00, 0x1F, 0x00, 0x00, 0x07, 0x80, 0x00, 0x00, 0x00, 0x2D, 0x00,
    0x01, 0xD0, 0x00, 0x00, 0x00, 0x00, 0x74, 0x00, 0x34, 0x00, 0x00, 0x00, 0x00, 0x02, 0xC0, 0x0E,
    0x00, 0x00, 0x00, 0x00, 0x00, 0x0E, 0x01, 0xC0, 0x00, 0x1B, 0xFE, 0x5C, 0x00, 0x74, 0x2C, 0x00,
    0x1F, 0xD0, 0x1F, 0xD0, 0x03, 0x83, 0x80, 0x0B, 0xE0, 0x00, 0x3D, 0x00, 0x2C, 0x34, 0x01, 0xFC,
    0x00, 0x01, 0xD0, 0x01, 0xC7, 0x00, 0x3F, 0xC0, 0x00, 0x08, 0x00, 0x1C, 0x70, 0x03, 0xFC, 0x00,
    0x00, 0x00, 0x00, 0xD7, 0x00, 0x3F, 0xC0, 0x00, 0x00, 0x00, 0x1D, 0x70, 0x03, 0xFC, 0x00, 0x00,
    0x00, 0x01, 0xC3, 0x40, 0x1F, 0xC0, 0x00, 0x0C, 0x00, 0x1C, 0x38, 0x00, 0xBE, 0x00, 0x01, 0xC0,
    0x02, 0xC2, 0xC0, 0x01, 0xFD, 0x00, 0xB0, 0x00, 0x38, 0x0D, 0x00, 0x01, 0xBF, 0xF4, 0x00, 0x07,
    0x00, 0xB0, 0x00, 0x00, 0x00, 0x00, 0x00, 0xE0, 0x03, 0x80, 0x00, 0x00, 0x00, 0x00, 0x2C, 0x00,
    0x1D, 0x00, 0x00, 0x00, 0x00, 0x0B, 0x00, 0x00, 0x78, 0x00, 0x00, 0x00, 0x02, 0xD0, 0x00, 0x00,
    0xF4, 0x00, 0x00, 0x01, 0xF0, 0x00, 0x00, 0x01, 0xF9, 0x00, 0x06, 0xF4, 0x00, 0x00, 0x00, 0x00,
    0x6F, 0xFF, 0x90, 0x00, 0x00, 0x02, 0xFE, 0x00, 0x03, 0xD1, 0xF4, 0x00, 0xFC, 0x3F, 0x00, 0x2D,
    0x0B, 0xC0, 0x00, 0x02, 0xF0, 0x00, 0xAF, 0xFC, 0x01, 0xFD, 0x2F, 0x00, 0xFC, 0x0B, 0xC0, 0x3F,
    0x07, 0xF4, 0x07, 0xFF, 0x7F, 0xC0, 0x00, 0x00, 0x00, 0xBF, 0xFF, 0xF4, 0x00, 0x14, 0x04, 0x00,
    0x30, 0x1C, 0x00, 0xE0, 0x38, 0x02, 0xC0, 0xF0, 0x0B, 0x43, 0xC0, 0x7E, 0x1F, 0x40, 0x7D, 0x2F,
    0x40, 0x0F, 0x47, 0xC0, 0x03, 0xC0, 0xF0, 0x00, 0xE0, 0x34, 0x00, 0x70, 0x1C, 0x00, 0x24, 0x08,
    0x00, 0x00, 0x00, 0x00, 0x0F, 0xFF, 0xFF, 0xFF, 0xD0, 0x00, 0x00, 0x00, 0x38, 0x00, 0x00, 0x00,
    0x0E, 0x00, 0x00, 0x00, 0x03, 0x80, 0x00, 0x00, 0x00, 0xE0, 0x00, 0x00, 0x00, 0x38, 0x00, 0x00,
    0x00, 0x0D, 0xBF, 0xFE, 0xBF, 0xFF, 0x6A, 0xAA, 0x00, 0x00, 0x06, 0xFF, 0xF9, 0x00, 0x00, 0x00,
    0x00, 0x2F, 0x90, 0x00, 0x6F, 0x40, 0x00, 0x00, 0x1E, 0x40, 0x00, 0x00, 0x1F, 0x00, 0x00, 0x0B,
    0x40, 0x00, 0x00, 0x00, 0x2D, 0x00, 0x02, 0xC0, 0x00, 0x00, 0x00, 0x00, 0x74, 0x00, 0x74, 0x00,
    0x00, 0x00, 0x00, 0x01, 0xD0, 0x0E, 0x00, 0x00, 0x00, 0x00, 0x00, 0x0B, 0x01, 0xC0, 0xFF, 0xFF,
    0xFE, 0x40, 0x00, 0x34, 0x38, 0x00, 0x7F, 0x00, 0xBF, 0x00, 0x03, 0x83, 0x40, 0x07, 0xF0, 0x03,
    0xFC, 0x00, 0x2C, 0x70, 0x00, 0x7F, 0x00, 0x3F, 0xC0, 0x01, 0xC7, 0x00, 0x07, 0xF0, 0x0B, 0xF0,
    0x00, 0x1D, 0x70, 0x00, 0x7F, 0xFF, 0xF4, 0x00, 0x00, 0xD7, 0x00, 0x07, 0xF0, 0x2F, 0xC0, 0x00,
    0x1C, 0x34, 0x00, 0x7F, 0x00, 0xFD, 0x00, 0x01, 0xC3, 0x40, 0x07, 0xF0, 0x0F, 0xE0, 0x00, 0x2C,
    0x38, 0x00, 0x7F, 0x00, 0xFF, 0x03, 0x03, 0x82, 0xC0, 0x07, 0xF0, 0x0B, 0xF4, 0xB0, 0x34, 0x0E,
    0x0F, 0xFF, 0xF8, 0x2F, 0xFC, 0x0B, 0x00, 0xB0, 0x00, 0x00, 0x00, 0x00, 0x00, 0xD0, 0x03, 0x80,
    0x00, 0x00, 0x00, 0x00, 0x3C, 0x00, 0x0E, 0x00, 0x00, 0x00, 0x00, 0x0B, 0x00, 0x00, 0x38, 0x00,
    0x00, 0x00, 0x03, 0xC0, 0x00, 0x00, 0xF4, 0x00, 0x00, 0x01, 0xE0, 0x00, 0x00, 0x01, 0xF9, 0x00,
    0x06, 0xE0, 0x00, 0x00, 0x00, 0x00, 0x6F, 0xFF, 0x90, 0x00, 0x00, 0xFF, 0xFF, 0xF4, 0x0B, 0xE0,
    0xE0, 0xE7, 0x02, 0xDC, 0x0B, 0x38, 0x38, 0x2F, 0x80, 0x00, 0x00, 0x18, 0x00, 0x00, 0x00, 0x00,
    0x2C, 0x00, 0x00, 0x00, 0x00, 0x2C, 0x00, 0x00, 0x00, 0x00, 0x2C, 0x00, 0x00, 0x00, 0x00, 0x2C,
    0x00, 0x00, 0x00, 0x00, 0x2C, 0x00, 0x00, 0x00, 0x00, 0x2C, 0x00, 0x00, 0x00, 0x00, 0x2C, 0x00,
    0x00, 0x00, 0x00, 0x2C, 0x00, 0x00, 0x3F, 0xFF, 0xFF, 0xFF, 0xFE, 0x00, 0x00, 0x2C, 0x00, 0x00,
    0x00, 0x00, 0x2C, 0x00, 0x00, 0x00, 0x00, 0x2C, 0x00, 0x00, 0x00, 0x00, 0x2C, 0x00, 0x00, 0x00,
    0x00, 0x2C, 0x00, 0x00, 0x00, 0x00, 0x2C, 0x00, 0x00, 0x00, 0x00, 0x2C, 0x00, 0x00, 0x00, 0x00,
    0x2C, 0x00, 0x00, 0x3F, 0xFF, 0xFF, 0xFF, 0xFD, 0x03, 0xC0, 0xFD, 0x3F, 0xCB, 0x80, 0x00, 0x00,
    0xFF, 0x80, 0xFF, 0x80, 0x7E, 0x00, 0x7E, 0x00, 0xF8, 0x00, 0xF8, 0x03, 0xE0, 0x03, 0xE0, 0x0F,
    0x80, 0x0F, 0x80, 0x3E, 0x00, 0x3E, 0x00, 0xF8, 0x00, 0xF8, 0x03, 0xE0, 0x07, 0xE0, 0x0F, 0x80,
    0x2F, 0x80, 0x3F, 0x02, 0xFF, 0x00, 0xFF, 0xF8, 0xFF, 0x43, 0xE0, 0x00, 0x00, 0x0F, 0x80, 0x00,
    0x00, 0x3E, 0x00, 0x00, 0x00, 0xF8, 0x00, 0x00, 0x3F, 0xFD, 0x00, 0x00, 0x00, 0x6F, 0xFF, 0xFE,
    0x07, 0xFF, 0xF0, 0xD0, 0x1F, 0xFF, 0xF0, 0xD0, 0x3F, 0xFF, 0xF0, 0xD0, 0x7F, 0xFF, 0xF0, 0xD0,
    0x7F, 0xFF, 0xF0, 0xD0, 0x7F, 0xFF, 0xF0, 0xD0, 0x3F, 0xFF, 0xF0, 0xD0, 0x2F, 0xFF, 0xF0, 0xD0,
    0x0B, 0xFF, 0xF0, 0xD0, 0x01, 0xFF, 0xF0, 0xD0, 0x00, 0x1A, 0xF0, 0xD0, 0x00, 0x00, 0xB0, 0xD0,
    0x00, 0x00, 0xB0, 0xD0, 0x00, 0x00, 0xB0, 0xD0, 0x00, 0x00, 0xB0, 0xD0, 0x00, 0x00, 0xB0, 0xD0,
    0x00, 0x00, 0xB0, 0xD0, 0x00, 0x00, 0xB0, 0xD0, 0x00, 0x00, 0xB0, 0xD0, 0x00, 0x00, 0xB0, 0xD0,
    0x00, 0x0F, 0xFF, 0xFE, 0x2E, 0x1F, 0xD7, 0xF4, 0xB8, 0x03, 0xF4, 0x00, 0x1F, 0xC0, 0x02, 0xF0,
    0x01, 0xFC, 0x7F, 0xE4, 0x00, 0x01, 0xFF, 0x80, 0x0B, 0xC1, 0xF4, 0x2F, 0x00, 0x7C, 0x3F, 0x00,
    0x7E, 0x3F, 0x00, 0x7F, 0x3F, 0x00, 0x7F, 0x3F, 0x00, 0x7F, 0x2F, 0x00, 0x7D, 0x0F, 0xC1, 0xF8,
    0x01, 0xFF, 0x90, 0x00, 0x00, 0x00, 0x2F, 0xFF, 0xFD, 0x10, 0x14, 0x00, 0x30, 0x0C, 0x00, 0x2C,
    0x0E, 0x00, 0x0F, 0x03, 0x80, 0x07, 0xC2, 0xE0, 0x02, 0xF4, 0xBD, 0x01, 0xF8, 0xBD, 0x03, 0xD1,
    0xF0, 0x0F, 0x03, 0xC0, 0x2C, 0x0B, 0x00, 0x34, 0x0C, 0x00, 0x60, 0x14, 0x00, 0x00, 0xB8, 0x00,
    0x07, 0xF0, 0x00, 0x1F, 0xC0, 0x00, 0x2E, 0x00, 0x00, 0x00, 0x00, 0x00, 0x00, 0x00, 0x00, 0x00,
    0x00, 0x0C, 0x00, 0x00, 0x70, 0x00, 0x01, 0xC0, 0x00, 0x0E, 0x00, 0x00, 0xB0, 0x00, 0x0B, 0x80,
    0x00, 0xFC, 0x00, 0x07, 0xF0, 0x0B, 0x9F, 0xC0, 0x3F, 0x3F, 0x00, 0xB4, 0x2F, 0xFE, 0x40, 0x00,
    0x0B, 0x80, 0x00, 0x00, 0x00, 0x0F, 0xF8, 0x00, 0x00, 0x00, 0x0B, 0xFD, 0x00, 0x00, 0x00, 0x00,
    0x00, 0x00, 0x00, 0x00, 0x00, 0x00, 0x00, 0x00, 0x00, 0x00, 0x38, 0x00, 0x00, 0x00, 0x00, 0x7C,
    0x00, 0x00, 0x00, 0x00, 0xFE, 0x00, 0x00, 0x00, 0x01, 0xFF, 0x00, 0x00, 0x00, 0x03, 0xFF, 0x40,
    0x00, 0x00, 0x03, 0x3F, 0xC0, 0x00, 0x00, 0x0B, 0x1F, 0xD0, 0x00, 0x00, 0x0D, 0x0F, 0xE0, 0x00,
    0x00, 0x1C, 0x07, 0xF0, 0x00, 0x00, 0x38, 0x03, 0xF8, 0x00, 0x00, 0x70, 0x02, 0xFC, 0x00, 0x00,
    0xBF, 0xFF, 0xFD, 0x00, 0x00, 0xC0, 0x00, 0xBF, 0x00, 0x02, 0xC0, 0x00, 0x7F, 0x00, 0x03, 0x40,
    0x00, 0x3F, 0x80, 0x0B, 0x00, 0x00, 0x2F, 0xC0, 0xFF, 0xF0, 0x03, 0xFF, 0xFE, 0x00, 0x00, 0x0B,
    0x40, 0x00, 0x00, 0x00, 0x2F, 0xC0, 0x00, 0x00, 0x00, 0xFF, 0x40, 0x00, 0x00, 0x02, 0x90, 0x00,
    0x00, 0x00, 0x00, 0x00, 0x00, 0x00, 0x00, 0x00, 0x38, 0x00, 0x00, 0x00, 0x00, 0x7C, 0x00, 0x00,
    0x00, 0x00, 0xFE, 0x00, 0x00, 0x00, 0x01, 0xFF, 0x00, 0x00, 0x00, 0x03, 0xFF, 0x40, 0x00, 0x00,
    0x03, 0x3F, 0xC0, 0x00, 0x00, 0x0B, 0x1F, 0xD0, 0x00, 0x00, 0x0D, 0x0F, 0xE0, 0x00, 0x00, 0x1C,
    0x07, 0xF0, 0x00, 0x00, 0x38, 0x03, 0xF8, 0x00, 0x00, 0x70, 0x02, 0xFC, 0x00, 0x00, 0xBF, 0xFF,
    0xFD, 0x00, 0x00, 0xC0, 0x00, 0xBF, 0x00, 0x02, 0xC0, 0x00, 0x7F, 0x00, 0x03, 0x40, 0x00, 0x3F,
    0x80, 0x0B, 0x00, 0x00, 0x2F, 0xC0, 0xFF, 0xF0, 0x03, 0xFF, 0xFE, 0x00, 0x00, 0x00, 0x00, 0x00,
    0x00, 0x00, 0x7C, 0x00, 0x00, 0x00, 0x02, 0xFF, 0x40, 0x00, 0x00, 0x0F, 0x42, 0xD0, 0x00, 0x00,
    0x04, 0x00, 0x00, 0x00, 0x00, 0x00, 0x00, 0x00, 0x00, 0x00, 0x00, 0x38, 0x00, 0x00, 0x00, 0x00,
    0x7C, 0x00, 0x00, 0x00, 0x00, 0xFE, 0x00, 0x00, 0x00, 0x01, 0xFF, 0x00, 0x00, 0x00, 0x03, 0xFF,
    0x40, 0x00, 0x00, 0x03, 0x3F, 0xC0, 0x00, 0x00, 0x0B, 0x1F, 0xD0, 0x00, 0x00, 0x0D, 0x0F, 0xE0,
    0x00, 0x00, 0x1C, 0x07, 0xF0, 0x00, 0x00, 0x38, 0x03, 0xF8, 0x00, 0x00, 0x70, 0x02, 0xFC, 0x00,
    0x00, 0xBF, 0xFF, 0xFD, 0x00, 0x00, 0xC0, 0x00, 0xBF, 0x00, 0x02, 0xC0, 0x00, 0x7F, 0x00, 0x03,
    0x40, 0x00, 0x3F, 0x80, 0x0B, 0x00, 0x00, 0x2F, 0xC0, 0xFF, 0xF0, 0x03, 0xFF, 0xFE, 0x00, 0x0B,
    0xD0, 0x04, 0x00, 0x00, 0x2F, 0xFD, 0x1C, 0x00, 0x00, 0x60, 0x1B, 0xF4, 0x00, 0x00, 0x00, 0x00,
    0x00, 0x00, 0x00, 0x00, 0x00, 0x00, 0x00, 0x00, 0x00, 0x00, 0x00, 0x00, 0x00, 0x00, 0x38, 0x00,
    0x00, 0x00, 0x00, 0x7C, 0x00, 0x00, 0x00, 0x00, 0xFE, 0x00, 0x00, 0x00, 0x01, 0xFF, 0x00, 0x00,
    0x00, 0x03, 0xFF, 0x40, 0x00, 0x00, 0x03, 0x3F, 0xC0, 0x00, 0x00, 0x0B, 0x1F, 0xD0, 0x00, 0x00,
    0x0D, 0x0F, 0xE0, 0x00, 0x00, 0x1C, 0x07, 0xF0, 0x00, 0x00, 0x38, 0x03, 0xF8, 0x00, 0x00, 0x70,
    0x02, 0xFC, 0x00, 0x00, 0xBF, 0xFF, 0xFD, 0x00, 0x00, 0xC0, 0x00, 0xBF, 0x00, 0x02, 0xC0, 0x00,
    0x7F, 0x00, 0x03, 0x40, 0x00, 0x3F, 0x80, 0x0B, 0x00, 0x00, 0x2F, 0xC0, 0xFF, 0xF0, 0x03, 0xFF,
    0xFE, 0x00, 0x0F, 0x42, 0xE0, 0x00, 0x00, 0x3F, 0xC3, 0xF4, 0x00, 0x00, 0x3F, 0xC3, 0xF4, 0x00,
    0x00, 0x0F, 0x42, 0xE0, 0x00, 0x00, 0x00, 0x00, 0x00, 0x00, 0x00, 0x00, 0x38, 0x00, 0x00, 0x00,
    0x00, 0x7C, 0x00, 0x00, 0x00, 0x00, 0xFE, 0x00, 0x00, 0x00, 0x01, 0xFF, 0x00, 0x00, 0x00, 0x03,
    0xFF, 0x40, 0x00, 0x00, 0x03, 0x7F, 0xC0, 0x00, 0x00, 0x0B, 0x1F, 0xD0, 0x00, 0x00, 0x0D, 0x0F,
    0xE0, 0x00, 0x00, 0x1C, 0x0B, 0xF0, 0x00, 0x00, 0x38, 0x03, 0xF8, 0x00, 0x00, 0x70, 0x02, 0xFC,
    0x00, 0x00, 0xBF, 0xFF, 0xFD, 0x00, 0x00, 0xC0, 0x00, 0xBF, 0x00, 0x02, 0xC0, 0x00, 0x7F, 0x00,
    0x03, 0x40, 0x00, 0x3F, 0x80, 0x0B, 0x00, 0x00, 0x2F, 0xC0, 0xFF, 0xF0, 0x03, 0xFF, 0xFE, 0x00,
    0x00, 0xBD, 0x00, 0x00, 0x00, 0x02, 0x83, 0x40, 0x00, 0x00, 0x03, 0x01, 0x80, 0x00, 0x00, 0x03,
    0x01, 0xC0, 0x00, 0x00, 0x03, 0x42, 0x80, 0x00, 0x00, 0x00, 0xFE, 0x00, 0x00, 0x00, 0x00, 0x7C,
    0x00, 0x00, 0x00, 0x00, 0xFD, 0x00, 0x00, 0x00, 0x00, 0xFF, 0x00, 0x00, 0x00, 0x02, 0xFF, 0x00,
    0x00, 0x00, 0x03, 0xBF, 0x80, 0x00, 0x00, 0x07, 0x2F, 0xC0, 0x00, 0x00, 0x0E, 0x0F, 0xD0, 0x00,
    0x00, 0x0D, 0x0F, 0xF0, 0x00, 0x00, 0x2C, 0x07, 0xF0, 0x00, 0x00, 0x34, 0x03, 0xF8, 0x00, 0x00,
    0x70, 0x02, 0xFC, 0x00, 0x00, 0xFF, 0xFF, 0xFD, 0x00, 0x00, 0xC0, 0x00, 0xFF, 0x00, 0x02, 0xC0,
    0x00, 0x7F, 0x00, 0x03, 0x40, 0x00, 0x3F, 0x80, 0x07, 0x40, 0x00, 0x2F, 0xC0, 0xFF, 0xF0, 0x03,
    0xFF, 0xFE, 0x00, 0x07, 0xFF, 0xFF, 0xFF, 0xF8, 0x00, 0x00, 0x2C, 0xFD, 0x00, 0x6F, 0x00, 0x00,
    0x0D, 0x3F, 0x40, 0x03, 0xC0, 0x00, 0x07, 0x0F, 0xD0, 0x00, 0x70, 0x00, 0x03, 0x83, 0xF4, 0x00,
    0x0C, 0x00, 0x00, 0xC0, 0xFD, 0x01, 0xC3, 0x40, 0x00, 0xB0, 0x3F, 0x40, 0xB0, 0x00, 0x00, 0x34,
    0x0F, 0xD0, 0x3C, 0x00, 0x00, 0x1F, 0xFF, 0xFF, 0xFF, 0x00, 0x00, 0x0D, 0x00, 0xFD, 0x07, 0xC0,
    0x00, 0x07, 0x00, 0x3F, 0x40, 0xB0, 0x00, 0x02, 0x80, 0x0F, 0xD0, 0x1C, 0x0C, 0x00, 0xD0, 0x03,
    0xF4, 0x00, 0x07, 0x00, 0xB0, 0x00, 0xFD, 0x00, 0x02, 0x80, 0x34, 0x00, 0x3F, 0x40, 0x01, 0xE0,
    0x1D, 0x00, 0x0F, 0xD0, 0x02, 0xF4, 0xFF, 0xF0, 0x3F, 0xFF, 0xFF, 0xFC, 0x00, 0x00, 0x06, 0xFF,
    0xE0, 0x30, 0x01, 0xFD, 0x00, 0xBB, 0xC0, 0x2F, 0x80, 0x00, 0x3F, 0x02, 0xF8, 0x00, 0x00, 0x7C,
    0x0F, 0xC0, 0x00, 0x00, 0xF0, 0xFF, 0x00, 0x00, 0x01, 0xC3, 0xF8, 0x00, 0x00, 0x03, 0x1F, 0xD0,
    0x00, 0x00, 0x00, 0x7F, 0x40, 0x00, 0x00, 0x01, 0xFD, 0x00, 0x00, 0x00, 0x07, 0xF4, 0x00, 0x00,
    0x00, 0x0F, 0xE0, 0x00, 0x00, 0x04, 0x2F, 0xC0, 0x00, 0x00, 0x30, 0x7F, 0x00, 0x00, 0x01, 0xC0,
    0xBE, 0x00, 0x00, 0x0D, 0x00, 0xBE, 0x00, 0x00, 0xA0, 0x00, 0x7F, 0x40, 0x1E, 0x00, 0x00, 0x1B,
    0xFF, 0x80, 0x00, 0x00, 0x02, 0xF9, 0x00, 0x00, 0x00, 0x00, 0xBD, 0x00, 0x00, 0x00, 0x02, 0xF4,
    0x00, 0x00, 0x0F, 0xFE, 0x40, 0x00, 0x00, 0x03, 0xD0, 0x00, 0x00, 0x00, 0x1F, 0xF4, 0x00, 0x00,
    0x00, 0x3F, 0xF0, 0x00, 0x00, 0x00, 0x00, 0x00, 0x00, 0x00, 0x00, 0x00, 0x00, 0x00, 0xFF, 0xFF,
    0xFF, 0xFE, 0x00, 0x1F, 0xC0, 0x01, 0xF8, 0x00, 0x7F, 0x00, 0x00, 0xF0, 0x01, 0xFC, 0x00, 0x01,
    0xC0, 0x07, 0xF0, 0x00, 0x03, 0x00, 0x1F, 0xC0, 0x34, 0x0C, 0x00, 0x7F, 0x00, 0xD0, 0x00, 0x01,
    0xFC, 0x0B, 0x40, 0x00, 0x07, 0xFF, 0xFD, 0x00, 0x00, 0x1F, 0xC0, 0xB4, 0x00, 0x00, 0x7F, 0x00,
    0xD0, 0x00, 0x01, 0xFC, 0x03, 0x40, 0x70, 0x07, 0xF0, 0x00, 0x02, 0xC0, 0x1F, 0xC0, 0x00, 0x0E,
    0x00, 0x7F, 0x00, 0x00, 0xB4, 0x01, 0xFC, 0x00, 0x1F, 0xC0, 0xFF, 0xFF, 0xFF, 0xFF, 0x00, 0x00,
    0x00, 0x00, 0x40, 0x00, 0x00, 0x00, 0x1F, 0xC0, 0x00, 0x00, 0x03, 0xFF, 0x00, 0x00, 0x00, 0x2F,
    0x90, 0x00, 0x00, 0x00, 0x00, 0x00, 0x00, 0xFF, 0xFF, 0xFF, 0xFE, 0x00, 0x1F, 0xC0, 0x01, 0xF8,
    0x00, 0x7F, 0x00, 0x00, 0xF0, 0x01, 0xFC, 0x00, 0x01, 0xC0, 0x07, 0xF0, 0x00, 0x03, 0x00, 0x1F,
    0xC0, 0x34, 0x0C, 0x00, 0x7F, 0x00, 0xD0, 0x00, 0x01, 0xFC, 0x0B, 0x40, 0x00, 0x07, 0xFF, 0xFD,
    0x00, 0x00, 0x1F, 0xC0, 0xB4, 0x00, 0x00, 0x7F, 0x00, 0xD0, 0x00, 0x01, 0xFC, 0x03, 0x40, 0x70,
    0x07, 0xF0, 0x00, 0x02, 0xC0, 0x1F, 0xC0, 0x00, 0x0E, 0x00, 0x7F, 0x00, 0x00, 0xB4, 0x01, 0xFC,
    0x00, 0x1F, 0xC0, 0xFF, 0xFF, 0xFF, 0xFF, 0x00, 0x00, 0x00, 0x10, 0x00, 0x00, 0x00, 0x02, 0xF0,
    0x00, 0x00, 0x00, 0x2F, 0xF4, 0x00, 0x00, 0x03, 0xD0, 0xB4, 0x00, 0x00, 0x04, 0x00, 0x40, 0x00,
    0x00, 0x00, 0x00, 0x00, 0x03, 0xFF, 0xFF, 0xFF, 0xF8, 0x00, 0x7F, 0x00, 0x07, 0xE0, 0x01, 0xFC,
    0x00, 0x03, 0xC0, 0x07, 0xF0, 0x00, 0x07, 0x00, 0x1F, 0xC0, 0x00, 0x0C, 0x00, 0x7F, 0x00, 0xD0,
    0x30, 0x01, 0xFC, 0x03, 0x40, 0x00, 0x07, 0xF0, 0x2D, 0x00, 0x00, 0x1F, 0xFF, 0xF4, 0x00, 0x00,
    0x7F, 0x02, 0xD0, 0x00, 0x01, 0xFC, 0x03, 0x40, 0x00, 0x07, 0xF0, 0x0D, 0x01, 0xC0, 0x1F, 0xC0,
    0x00, 0x0B, 0x00, 0x7F, 0x00, 0x00, 0x38, 0x01, 0xFC, 0x00, 0x02, 0xD0, 0x07, 0xF0, 0x00, 0x7F,
    0x03, 0xFF, 0xFF, 0xFF, 0xFC, 0x00, 0x00, 0x1F, 0x02, 0xE0, 0x00, 0x00, 0xFE, 0x1F, 0xD0, 0x00,
    0x03, 0xF8, 0x7F, 0x40, 0x00, 0x07, 0xC0, 0xB8, 0x00, 0x00, 0x00, 0x00, 0x00, 0x00, 0xFF, 0xFF,
    0xFF, 0xFE, 0x00, 0x1F, 0xC0, 0x01, 0xF8, 0x00, 0x7F, 0x00, 0x00, 0xF0, 0x01, 0xFC, 0x00, 0x01,
    0xC0, 0x07, 0xF0, 0x00, 0x03, 0x00, 0x1F, 0xC0, 0x34, 0x0C, 0x00, 0x7F, 0x00, 0xD0, 0x00, 0x01,
    0xFC, 0x0B, 0x40, 0x00, 0x07, 0xFF, 0xFD, 0x00, 0x00, 0x1F, 0xC0, 0xB4, 0x00, 0x00, 0x7F, 0x00,
    0xD0, 0x00, 0x01, 0xFC, 0x03, 0x40, 0x70, 0x07, 0xF0, 0x00, 0x02, 0xC0, 0x1F, 0xC0, 0x00, 0x0E,
    0x00, 0x7F, 0x00, 0x00, 0xB4, 0x01, 0xFC, 0x00, 0x1F, 0xC0, 0xFF, 0xFF, 0xFF, 0xFF, 0x00, 0x0B,
    0x80, 0x00, 0x3F, 0xE0, 0x00, 0xBF, 0xD0, 0x00, 0x00, 0x00, 0x00, 0x00, 0x00, 0xFF, 0xFF, 0xC0,
    0x1F, 0xC0, 0x00, 0x7F, 0x00, 0x01, 0xFC, 0x00, 0x07, 0xF0, 0x00, 0x1F, 0xC0, 0x00, 0x7F, 0x00,
    0x01, 0xFC, 0x00, 0x07, 0xF0, 0x00, 0x1F, 0xC0, 0x00, 0x7F, 0x00, 0x01, 0xFC, 0x00, 0x07, 0xF0,
    0x00, 0x1F, 0xC0, 0x00, 0x7F, 0x00, 0x01, 0xFC, 0x00, 0xFF, 0xFF, 0xC0, 0x00, 0x0E, 0x00, 0x01,
    0xFD, 0x00, 0x2F, 0xF0, 0x00, 0xE4, 0x40, 0x00, 0x00, 0x00, 0xFF, 0xFF, 0xC0, 0x1F, 0xC0, 0x00,
    0x7F, 0x00, 0x01, 0xFC, 0x00, 0x07, 0xF0, 0x00, 0x1F, 0xC0, 0x00, 0x7F, 0x00, 0x01, 0xFC, 0x00,
    0x07, 0xF0, 0x00, 0x1F, 0xC0, 0x00, 0x7F, 0x00, 0x01, 0xFC, 0x00, 0x07, 0xF0, 0x00, 0x1F, 0xC0,
    0x00, 0x7F, 0x00, 0x01, 0xFC, 0x00, 0xFF, 0xFF, 0xC0, 0x00, 0x10, 0x00, 0x02, 0xE0, 0x00, 0x3E,
    0xF0, 0x03, 0xC0, 0xF0, 0x04, 0x00, 0x40, 0x00, 0x00, 0x03, 0xFF, 0xFF, 0x00, 0x7F, 0x00, 0x01,
    0xFC, 0x00, 0x07, 0xF0, 0x00, 0x1F, 0xC0, 0x00, 0x7F, 0x00, 0x01, 0xFC, 0x00, 0x07, 0xF0, 0x00,
    0x1F, 0xC0, 0x00, 0x7F, 0x00, 0x01, 0xFC, 0x00, 0x07, 0xF0, 0x00, 0x1F, 0xC0, 0x00, 0x7F, 0x00,
    0x01, 0xFC, 0x00, 0x07, 0xF0, 0x03, 0xFF, 0xFF, 0x00, 0x2E, 0x03, 0xD0, 0xFE, 0x2F, 0xC3, 0xF4,
    0xBF, 0x0B, 0x80, 0xF4, 0x00, 0x00, 0x00, 0xFF, 0xFF, 0xC0, 0x1F, 0xC0, 0x00, 0x7F, 0x00, 0x01,
    0xFC, 0x00, 0x07, 0xF0, 0x00, 0x1F, 0xC0, 0x00, 0x7F, 0x00, 0x01, 0xFC, 0x00, 0x07, 0xF0, 0x00,
    0x1F, 0xC0, 0x00, 0x7F, 0x00, 0x01, 0xFC, 0x00, 0x07, 0xF0, 0x00, 0x1F, 0xC0, 0x00, 0x7F, 0x00,
    0x01, 0xFC, 0x00, 0xFF, 0xFF, 0xC0, 0x3F, 0xFF, 0xFF, 0xF8, 0x00, 0x00, 0x7F, 0x00, 0x0B, 0xF0,
    0x00, 0x1F, 0xC0, 0x00, 0x3F, 0x00, 0x07, 0xF0, 0x00, 0x03, 0xF0, 0x01, 0xFC, 0x00, 0x00, 0xFE,
    0x00, 0x7F, 0x00, 0x00, 0x1F, 0xC0, 0x1F, 0xC0, 0x00, 0x07, 0xF0, 0x07, 0xF0, 0x00, 0x01, 0xFD,
    0x3F, 0xFF, 0xFF, 0x00, 0x7F, 0x40, 0x7F, 0x00, 0x00, 0x1F, 0xD0, 0x1F, 0xC0, 0x00, 0x07, 0xF4,
    0x07, 0xF0, 0x00, 0x01, 0xFC, 0x01, 0xFC, 0x00, 0x00, 0xBE, 0x00, 0x7F, 0x00, 0x00, 0x3F, 0x00,
    0x1F, 0xC0, 0x00, 0x3F, 0x40, 0x07, 0xF0, 0x00, 0xBF, 0x00, 0x3F, 0xFF, 0xFF, 0xF9, 0x00, 0x00,
    0x00, 0x01, 0xF8, 0x00, 0x40, 0x00, 0x00, 0x3F, 0xF4, 0x38, 0x00, 0x00, 0x08, 0x06, 0xFE, 0x00,
    0x00, 0x00, 0x00, 0x00, 0x00, 0x00, 0x00, 0x00, 0x00, 0x00, 0x00, 0x00, 0x00, 0x00, 0x00, 0x00,
    0x00, 0x3F, 0xFE, 0x00, 0x03, 0xFF, 0xD0, 0x1F, 0xF8, 0x00, 0x02, 0xC0, 0x01, 0xEF, 0xD0, 0x00,
    0x2C, 0x00, 0x1C, 0xBF, 0x40, 0x02, 0xC0, 0x01, 0xC3, 0xFC, 0x00, 0x2C, 0x00, 0x1C, 0x0F, 0xF0,
    0x02, 0xC0, 0x01, 0xC0, 0x3F, 0xC0, 0x2C, 0x00, 0x1C, 0x01, 0xFE, 0x02, 0xC0, 0x01, 0xC0, 0x07,
    0xF4, 0x2C, 0x00, 0x1C, 0x00, 0x2F, 0xD2, 0xC0, 0x01, 0xC0, 0x00, 0xFF, 0x2C, 0x00, 0x1C, 0x00,
    0x03, 0xFE, 0xC0, 0x01, 0xC0, 0x00, 0x0F, 0xFC, 0x00, 0x1C, 0x00, 0x00, 0x7F, 0xC0, 0x01, 0xC0,
    0x00, 0x01, 0xFC, 0x00, 0x1C, 0x00, 0x00, 0x0B, 0xC0, 0x3F, 0xFE, 0x00, 0x00, 0x28, 0x00, 0x00,
    0x03, 0xD0, 0x00, 0x00, 0x00, 0x1F, 0xF4, 0x00, 0x00, 0x00, 0x3F, 0xF0, 0x00, 0x00, 0x00, 0x00,
    0x00, 0x00, 0x00, 0x00, 0x00, 0x00, 0x00, 0x00, 0x2F, 0xFE, 0x40, 0x00, 0x0B, 0xE0, 0x1F, 0xD0,
    0x00, 0xFC, 0x00, 0x0B, 0xE0, 0x0F, 0xD0, 0x00, 0x0F, 0xD0, 0x7F, 0x00, 0x00, 0x1F, 0xC3, 0xF8,
    0x00, 0x00, 0x3F, 0x4F, 0xE0, 0x00, 0x00, 0xFE, 0x7F, 0x40, 0x00, 0x03, 0xFD, 0xFD, 0x00, 0x00,
    0x0F, 0xF7, 0xF4, 0x00, 0x00, 0x3F, 0xCF, 0xE0, 0x00, 0x00, 0xFF, 0x3F, 0x80, 0x00, 0x03, 0xF4,
    0xBF, 0x00, 0x00, 0x1F, 0xC0, 0xFD, 0x00, 0x00, 0xFD, 0x00, 0xFD, 0x00, 0x0B, 0xE0, 0x00, 0xBE,
    0x01, 0xFD, 0x00, 0x00, 0x2F, 0xFE, 0x40, 0x00, 0x00, 0x00, 0x01, 0x00, 0x00, 0x00, 0x00, 0x7E,
    0x00, 0x00, 0x00, 0x0F, 0xFC, 0x00, 0x00, 0x00, 0xBA, 0x40, 0x00, 0x00, 0x00, 0x00, 0x00, 0x00,
    0x00, 0x2F, 0xFE, 0x40, 0x00, 0x0B, 0xE0, 0x1F, 0xD0, 0x00, 0xFC, 0x00, 0x0B, 0xE0, 0x0F, 0xD0,
    0x00, 0x0F, 0xD0, 0x7F, 0x00, 0x00, 0x1F, 0xC3, 0xF8, 0x00, 0x00, 0x3F, 0x4F, 0xE0, 0x00, 0x00,
    0xFE, 0x7F, 0x40, 0x00, 0x03, 0xFD, 0xFD, 0x00, 0x00, 0x0F, 0xF7, 0xF4, 0x00, 0x00, 0x3F, 0xCF,
    0xE0, 0x00, 0x00, 0xFF, 0x3F, 0x80, 0x00, 0x03, 0xF4, 0xBF, 0x00, 0x00, 0x1F, 0xC0, 0xFD, 0x00,
    0x00, 0xFD, 0x00, 0xFD, 0x00, 0x0B, 0xE0, 0x00, 0xBE, 0x01, 0xFD, 0x00, 0x00, 0x2F, 0xFE, 0x40,
    0x00, 0x00, 0x00, 0x10, 0x00, 0x00, 0x00, 0x01, 0xF0, 0x00, 0x00, 0x00, 0x2F, 0xF4, 0x00, 0x00,
    0x03, 0xD0, 0xB4, 0x00, 0x00, 0x04, 0x00, 0x40, 0x00, 0x00, 0x00, 0x00, 0x00, 0x00, 0x00, 0xBF,
    0xF9, 0x00, 0x00, 0x2F, 0x80, 0x7F, 0x40, 0x03, 0xF0, 0x00, 0x2F, 0x80, 0x3F, 0x40, 0x00, 0x3F,
    0x41, 0xFC, 0x00, 0x00, 0x7F, 0x0F, 0xE0, 0x00, 0x00, 0xFD, 0x3F, 0x80, 0x00, 0x03, 0xF9, 0xFD,
    0x00, 0x00, 0x0F, 0xF7, 0xF4, 0x00, 0x00, 0x3F, 0xDF, 0xD0, 0x00, 0x00, 0xFF, 0x3F, 0x80, 0x00,
    0x03, 0xFC, 0xFE, 0x00, 0x00, 0x0F, 0xD2, 0xFC, 0x00, 0x00, 0x7F, 0x03, 0xF4, 0x00, 0x03, 0xF4,
    0x03, 0xF4, 0x00, 0x2F, 0x80, 0x02, 0xF8, 0x07, 0xF4, 0x00, 0x00, 0xBF, 0xF9, 0x00, 0x00, 0x00,
    0x0B, 0xD0, 0x08, 0x00, 0x00, 0xBF, 0xF4, 0x70, 0x00, 0x06, 0x02, 0xFF, 0x40, 0x00, 0x00, 0x00,
    0x00, 0x00, 0x00, 0x00, 0x00, 0x00, 0x00, 0x00, 0x00, 0x00, 0x00, 0x00, 0x00, 0xBF, 0xF9, 0x00,
    0x00, 0x2F, 0x80, 0x7F, 0x40, 0x03, 0xF0, 0x00, 0x2F, 0x80, 0x3F, 0x40, 0x00, 0x3F, 0x41, 0xFC,
    0x00, 0x00, 0x7F, 0x0F, 0xE0, 0x00, 0x00, 0xFD, 0x3F, 0x80, 0x00, 0x03, 0xF9, 0xFD, 0x00, 0x00,
    0x0F, 0xF7, 0xF4, 0x00, 0x00, 0x3F, 0xDF, 0xD0, 0x00, 0x00, 0xFF, 0x3F, 0x80, 0x00, 0x03, 0xFC,
    0xFE, 0x00, 0x00, 0x0F, 0xD2, 0xFC, 0x00, 0x00, 0x7F, 0x03, 0xF4, 0x00, 0x03, 0xF4, 0x03, 0xF4,
    0x00, 0x2F, 0x80, 0x02, 0xF8, 0x07, 0xF4, 0x00, 0x00, 0xBF, 0xF9, 0x00, 0x00, 0x00, 0x1F, 0x02,
    0xE0, 0x00, 0x00, 0xFF, 0x1F, 0xD0, 0x00, 0x03, 0xFC, 0x7F, 0x40, 0x00, 0x07, 0xC0, 0xB8, 0x00,
    0x00, 0x00, 0x00, 0x00, 0x00, 0x00, 0x2F, 0xFE, 0x40, 0x00, 0x0B, 0xE0, 0x1F, 0xD0, 0x00, 0xFC,
    0x00, 0x0B, 0xE0, 0x0F, 0xD0, 0x00, 0x0F, 0xD0, 0x7F, 0x00, 0x00, 0x1F, 0xC3, 0xF8, 0x00, 0x00,
    0x3F, 0x4F, 0xE0, 0x00, 0x00, 0xFE, 0x7F, 0x40, 0x00, 0x03, 0xFD, 0xFD, 0x00, 0x00, 0x0F, 0xF7,
    0xF4, 0x00, 0x00, 0x3F, 0xCF, 0xE0, 0x00, 0x00, 0xFF, 0x3F, 0x80, 0x00, 0x03, 0xF4, 0xBF, 0x00,
    0x00, 0x1F, 0xC0, 0xFD, 0x00, 0x00, 0xFD, 0x00, 0xFD, 0x00, 0x0B, 0xE0, 0x00, 0xBE, 0x01, 0xFD,
    0x00, 0x00, 0x2F, 0xFE, 0x40, 0x00, 0x00, 0x00, 0x00, 0x00, 0x00, 0x00, 0x00, 0x00, 0x00, 0xC0,
    0x00, 0x06, 0xFF, 0x92, 0x80, 0x00, 0xBE, 0x00, 0x7F, 0x00, 0x03, 0xF0, 0x00, 0x0F, 0xC0, 0x0F,
    0xC0, 0x00, 0x2B, 0xF0, 0x1F, 0x80, 0x00, 0x61, 0xF8, 0x3F, 0x40, 0x00, 0xC0, 0xFC, 0x3F, 0x00,
    0x03, 0x40, 0xFD, 0x7F, 0x00, 0x0A, 0x00, 0xFE, 0x7F, 0x00, 0x18, 0x00, 0xFE, 0x7F, 0x00, 0x30,
    0x00, 0xFE, 0x3F, 0x00, 0xD0, 0x00, 0xFE, 0x3F, 0x42, 0x80, 0x00, 0xFC, 0x1F, 0x87, 0x00, 0x01,
    0xFC, 0x0F, 0xDC, 0x00, 0x03, 0xF0, 0x03, 0xF4, 0x00, 0x0B, 0xD0, 0x00, 0xFE, 0x00, 0x7F, 0x00,
    0x01, 0xC6, 0xFF, 0xE0, 0x00, 0x03, 0x00, 0x00, 0x00, 0x00, 0x00, 0x00, 0x00, 0x00, 0x00, 0x00,
    0x00, 0xB8, 0x00, 0x00, 0x00, 0x00, 0x0F, 0xF8, 0x00, 0x00, 0x00, 0x00, 0xBF, 0xD0, 0x00, 0x00,
    0x00, 0x00, 0x00, 0x00, 0x00, 0x00, 0x00, 0x00, 0x00, 0x00, 0x03, 0xFF, 0xFF, 0x00, 0xBF, 0xFC,
    0x01, 0xFC, 0x00, 0x00, 0x38, 0x00, 0x1F, 0xC0, 0x00, 0x03, 0x40, 0x01, 0xFC, 0x00, 0x00, 0x34,
    0x00, 0x1F, 0xC0, 0x00, 0x03, 0x40, 0x01, 0xFC, 0x00, 0x00, 0x34, 0x00, 0x1F, 0xC0, 0x00, 0x03,
    0x40, 0x01, 0xFC, 0x00, 0x00, 0x34, 0x00, 0x1F, 0xC0, 0x00, 0x03, 0x40, 0x01, 0xFC, 0x00, 0x00,
    0x34, 0x00, 0x1F, 0xC0, 0x00, 0x03, 0x40, 0x01, 0xFC, 0x00, 0x00, 0x34, 0x00, 0x0F, 0xD0, 0x00,
    0x03, 0x40, 0x00, 0xBE, 0x00, 0x00, 0x70, 0x00, 0x03, 0xF0, 0x00, 0x0D, 0x00, 0x00, 0x0F, 0xD0,
    0x0B, 0x40, 0x00, 0x00, 0x1B, 0xFF, 0x80, 0x00, 0x00, 0x00, 0x00, 0x10, 0x00, 0x00, 0x00, 0x00,
    0x0F, 0xC0, 0x00, 0x00, 0x00, 0x0B, 0xFC, 0x00, 0x00, 0x00, 0x00, 0xFA, 0x40, 0x00, 0x00, 0x00,
    0x00, 0x00, 0x00, 0x03, 0xFF, 0xFF, 0x00, 0xBF, 0xFC, 0x01, 0xFC, 0x00, 0x00, 0x38, 0x00, 0x1F,
    0xC0, 0x00, 0x03, 0x40, 0x01, 0xFC, 0x00, 0x00, 0x34, 0x00, 0x1F, 0xC0, 0x00, 0x03, 0x40, 0x01,
    0xFC, 0x00, 0x00, 0x34, 0x00, 0x1F, 0xC0, 0x00, 0x03, 0x40, 0x01, 0xFC, 0x00, 0x00, 0x34, 0x00,
    0x1F, 0xC0, 0x00, 0x03, 0x40, 0x01, 0xFC, 0x00, 0x00, 0x34, 0x00, 0x1F, 0xC0, 0x00, 0x03, 0x40,
    0x01, 0xFC, 0x00, 0x00, 0x34, 0x00, 0x0F, 0xD0, 0x00, 0x03, 0x40, 0x00, 0xBE, 0x00, 0x00, 0x70,
    0x00, 0x03, 0xF0, 0x00, 0x0D, 0x00, 0x00, 0x0F, 0xD0, 0x0B, 0x40, 0x00, 0x00, 0x1B, 0xFF, 0x80,
    0x00, 0x00, 0x00, 0x01, 0x00, 0x00, 0x00, 0x00, 0x00, 0xBC, 0x00, 0x00, 0x00, 0x00, 0x3E, 0xF0,
    0x00, 0x00, 0x00, 0x0F, 0x43, 0xD0, 0x00, 0x00, 0x00, 0x40, 0x04, 0x00, 0x00, 0x00, 0x00, 0x00,
    0x00, 0x00, 0x3F, 0xFF, 0xF0, 0x0B, 0xFF, 0xC0, 0x1F, 0xC0, 0x00, 0x03, 0x80, 0x01, 0xFC, 0x00,
    0x00, 0x34, 0x00, 0x1F, 0xC0, 0x00, 0x03, 0x40, 0x01, 0xFC, 0x00, 0x00, 0x34, 0x00, 0x1F, 0xC0,
    0x00, 0x03, 0x40, 0x01, 0xFC, 0x00, 0x00, 0x34, 0x00, 0x1F, 0xC0, 0x00, 0x03, 0x40, 0x01, 0xFC,
    0x00, 0x00, 0x34, 0x00, 0x1F, 0xC0, 0x00, 0x03, 0x40, 0x01, 0xFC, 0x00, 0x00, 0x34, 0x00, 0x1F,
    0xC0, 0x00, 0x03, 0x40, 0x00, 0xFD, 0x00, 0x00, 0x34, 0x00, 0x0B, 0xE0, 0x00, 0x07, 0x00, 0x00,
    0x3F, 0x00, 0x00, 0xD0, 0x00, 0x00, 0xFD, 0x00, 0xB4, 0x00, 0x00, 0x01, 0xBF, 0xF8, 0x00, 0x00,
    0x00, 0x03, 0xD0, 0x7C, 0x00, 0x00, 0x00, 0xBF, 0x0F, 0xE0, 0x00, 0x00, 0x0B, 0xF0, 0xFE, 0x00,
    0x00, 0x00, 0x3D, 0x07, 0xC0, 0x00, 0x00, 0x00, 0x00, 0x00, 0x00, 0x03, 0xFF, 0xFF, 0x00, 0xBF,
    0xFC, 0x01, 0xFC, 0x00, 0x00, 0x38, 0x00, 0x1F, 0xC0, 0x00, 0x03, 0x40, 0x01, 0xFC, 0x00, 0x00,
    0x34, 0x00, 0x1F, 0xC0, 0x00, 0x03, 0x40, 0x01, 0xFC, 0x00, 0x00, 0x34, 0x00, 0x1F, 0xC0, 0x00,
    0x03, 0x40, 0x01, 0xFC, 0x00, 0x00, 0x34, 0x00, 0x1F, 0xC0, 0x00, 0x03, 0x40, 0x01, 0xFC, 0x00,
    0x00, 0x34, 0x00, 0x1F, 0xC0, 0x00, 0x03, 0x40, 0x01, 0xFC, 0x00, 0x00, 0x34, 0x00, 0x0F, 0xD0,
    0x00, 0x03, 0x40, 0x00, 0xBE, 0x00, 0x00, 0x70, 0x00, 0x03, 0xF0, 0x00, 0x0D, 0x00, 0x00, 0x0F,
    0xD0, 0x0B, 0x40, 0x00, 0x00, 0x1B, 0xFF, 0x80, 0x00, 0x00, 0x00, 0x00, 0x78, 0x00, 0x00, 0x00,
    0x00, 0x2F, 0xC0, 0x00, 0x00, 0x00, 0x0F, 0xFC, 0x00, 0x00, 0x00, 0x01, 0xD0, 0x00, 0x00, 0x00,
    0x00, 0x00, 0x00, 0x00, 0x0B, 0xFF, 0xFC, 0x00, 0x3F, 0xFC, 0x02, 0xFD, 0x00, 0x00, 0x74, 0x00,
    0x0F, 0xF0, 0x00, 0x0E, 0x00, 0x00, 0x7F, 0x80, 0x02, 0xC0, 0x00, 0x02, 0xFD, 0x00, 0x34, 0x00,
    0x00, 0x0F, 0xF0, 0x0E, 0x00, 0x00, 0x00, 0x7F, 0xC2, 0xC0, 0x00, 0x00, 0x02, 0xFD, 0x34, 0x00,
    0x00, 0x00, 0x0F, 0xFE, 0x00, 0x00, 0x00, 0x00, 0x7F, 0xC0, 0x00, 0x00, 0x00, 0x03, 0xF8, 0x00,
    0x00, 0x00, 0x00, 0x3F, 0x80, 0x00, 0x00, 0x00, 0x03, 0xF8, 0x00, 0x00, 0x00, 0x00, 0x3F, 0x80,
    0x00, 0x00, 0x00, 0x03, 0xF8, 0x00, 0x00, 0x00, 0x00, 0x3F, 0x80, 0x00, 0x00, 0x00, 0xBF, 0xFF,
    0xD0, 0x00, 0x00, 0x00, 0x00, 0x00, 0x00, 0x00, 0x00, 0x00, 0x00, 0x00, 0x0F, 0xFF, 0xF8, 0x00,
    0x00, 0x1F, 0xC0, 0x00, 0x00, 0x07, 0xF0, 0x00, 0x00, 0x01, 0xFF, 0xFF, 0xD0, 0x00, 0x7F, 0x00,
    0x7F, 0x00, 0x1F, 0xC0, 0x0B, 0xF0, 0x07, 0xF0, 0x01, 0xFD, 0x01, 0xFC, 0x00, 0x7F, 0x40, 0x7F,
    0x00, 0x1F, 0xD0, 0x1F, 0xC0, 0x0F, 0xF0, 0x07, 0xF0, 0x0B, 0xF0, 0x01, 0xFF, 0xFF, 0x90, 0x00,
    0x7F, 0x00, 0x00, 0x00, 0x1F, 0xC0, 0x00, 0x00, 0x07, 0xF0, 0x00, 0x00, 0x01, 0xFC, 0x00, 0x00,
    0x0F, 0xFF, 0xF8, 0x00, 0x00, 0x00, 0x7F, 0xE0, 0x00, 0x2F, 0x01, 0xC0, 0x03, 0xD0, 0x0D, 0x00,
    0x7D, 0x00, 0xA0, 0x07, 0xD0, 0x0A, 0x00, 0x7D, 0x00, 0xA0, 0x07, 0xD0, 0x0D, 0x03, 0xFD, 0x0E,
    0x40, 0x07, 0xD3, 0xC0, 0x00, 0x7D, 0x3C, 0x00, 0x07, 0xD3, 0xE0, 0x00, 0x7D, 0x2F, 0xF4, 0x07,
    0xD0, 0xFF, 0xD0, 0x7D, 0x01, 0xBF, 0x07, 0xD3, 0x00, 0xF0, 0x7D, 0x34, 0x0F, 0x07, 0xD3, 0xC1,
    0xD3, 0xFD, 0x3B, 0xF4, 0x00, 0x3C, 0x00, 0x00, 0x0B, 0xF0, 0x00, 0x00, 0x3F, 0xC0, 0x00, 0x00,
    0x6E, 0x00, 0x00, 0x00, 0x00, 0x00, 0x00, 0x00, 0x00, 0x06, 0xFF, 0xD0, 0x00, 0xFC, 0x0F, 0xC0,
    0x0F, 0x80, 0x3E, 0x00, 0x00, 0x03, 0xF0, 0x00, 0x6F, 0xFF, 0x00, 0x7F, 0x43, 0xF0, 0x2F, 0x80,
    0x3F, 0x03, 0xF0, 0x03, 0xF0, 0x3F, 0x00, 0x7F, 0x03, 0xF4, 0x1F, 0xF0, 0x07, 0xFE, 0x0F, 0xF0,
    0x00, 0x02, 0xD0, 0x00, 0x00, 0xBF, 0x00, 0x00, 0x3F, 0xD0, 0x00, 0x07, 0x90, 0x00, 0x00, 0x00,
    0x00, 0x00, 0x00, 0x00, 0x00, 0x06, 0xFF, 0xD0, 0x00, 0xFC, 0x0F, 0xC0, 0x0F, 0x80, 0x3E, 0x00,
    0x00, 0x03, 0xF0, 0x00, 0x6F, 0xFF, 0x00, 0x7F, 0x43, 0xF0, 0x2F, 0x80, 0x3F, 0x03, 0xF0, 0x03,
    0xF0, 0x3F, 0x00, 0x7F, 0x03, 0xF4, 0x1F, 0xF0, 0x07, 0xFE, 0x0F, 0xF0, 0x00, 0x00, 0x00, 0x00,
    0x02, 0xD0, 0x00, 0x00, 0xBF, 0x40, 0x00, 0x2D, 0x1E, 0x00, 0x07, 0x00, 0x70, 0x00, 0x00, 0x00,
    0x00, 0x06, 0xFF, 0xD0, 0x00, 0xFC, 0x0F, 0xC0, 0x0F, 0x80, 0x3E, 0x00, 0x00, 0x03, 0xF0, 0x00,
    0x6F, 0xFF, 0x00, 0x7F, 0x43, 0xF0, 0x2F, 0x80, 0x3F, 0x03, 0xF0, 0x03, 0xF0, 0x3F, 0x00, 0x7F,
    0x03, 0xF4, 0x1F, 0xF0, 0x07, 0xFE, 0x0F, 0xF0, 0x02, 0xF8, 0x18, 0x00, 0x82, 0xFF, 0x40, 0x04,
    0x07, 0xD0, 0x00, 0x00, 0x00, 0x00, 0x00, 0x00, 0x00, 0x00, 0x6F, 0xFD, 0x00, 0x0F, 0xC0, 0xFC,
    0x00, 0xF8, 0x03, 0xE0, 0x00, 0x00, 0x3F, 0x00, 0x06, 0xFF, 0xF0, 0x07, 0xF4, 0x3F, 0x02, 0xF8,
    0x03, 0xF0, 0x3F, 0x00, 0x3F, 0x03, 0xF0, 0x07, 0xF0, 0x3F, 0x41, 0xFF, 0x00, 0x7F, 0xE0, 0xFF,
    0x02, 0xE0, 0x7C, 0x00, 0x7F, 0x0F, 0xF0, 0x07, 0xF0, 0xFF, 0x00, 0x2E, 0x07, 0xC0, 0x00, 0x00,
    0x00, 0x00, 0x00, 0x00, 0x00, 0x06, 0xFF, 0xD0, 0x00, 0xFC, 0x0F, 0xC0, 0x0F, 0x80, 0x3E, 0x00,
    0x00, 0x03, 0xF0, 0x00, 0x6F, 0xFF, 0x00, 0x7F, 0x43, 0xF0, 0x2F, 0x80, 0x3F, 0x03, 0xF0, 0x03,
    0xF0, 0x3F, 0x00, 0x7F, 0x03, 0xF4, 0x1F, 0xF0, 0x07, 0xFE, 0x0F, 0xF0, 0x00, 0x7F, 0x40, 0x00,
    0x1C, 0x0C, 0x00, 0x02, 0x80, 0xD0, 0x00, 0x1C, 0x0C, 0x00, 0x00, 0x7F, 0x40, 0x00, 0x00, 0x00,
    0x00, 0x06, 0xFF, 0xD0, 0x00, 0xFC, 0x0F, 0xC0, 0x0F, 0x80, 0x3E, 0x00, 0x00, 0x03, 0xF0, 0x00,
    0x6F, 0xFF, 0x00, 0x7F, 0x43, 0xF0, 0x2F, 0x80, 0x3F, 0x03, 0xF0, 0x03, 0xF0, 0x3F, 0x00, 0x7F,
    0x03, 0xF4, 0x1F, 0xF0, 0x07, 0xFE, 0x0F, 0xF0, 0x06, 0xFF, 0x90, 0xBF, 0xD0, 0x0F, 0x81, 0xFF,
    0xD0, 0xB8, 0x0F, 0x80, 0x7F, 0x40, 0x3D, 0x00, 0x00, 0x3F, 0x00, 0x2E, 0x00, 0x00, 0x3F, 0x00,
    0x1F, 0x00, 0x6F, 0xFF, 0xFF, 0xFF, 0x0B, 0xE4, 0x3F, 0x00, 0x00, 0x3F, 0x40, 0x2F, 0x00, 0x00,
    0x3F, 0x00, 0x2F, 0x80, 0x07, 0x2F, 0x80, 0xBB, 0xE4, 0x2D, 0x07, 0xFF, 0x80, 0x7F, 0xE0, 0x00,
    0x7F, 0xF8, 0x03, 0xE0, 0x7E, 0x0F, 0xC0, 0x3D, 0x2F, 0x40, 0x00, 0x3F, 0x00, 0x00, 0x3F, 0x00,
    0x00, 0x3F, 0x00, 0x00, 0x3F, 0x40, 0x00, 0x2F, 0x40, 0x01, 0x0F, 0xC0, 0x0A, 0x03, 0xF0, 0x2C,
    0x00, 0x7F, 0xD0, 0x00, 0x1F, 0xD0, 0x00, 0x01, 0xFC, 0x00, 0x01, 0xFC, 0x02, 0xFF, 0x90, 0x00,
    0x3C, 0x00, 0x00, 0x1F, 0xC0, 0x00, 0x03, 0xFC, 0x00, 0x00, 0x2F, 0xC0, 0x00, 0x00, 0x50, 0x00,
    0x00, 0x00, 0x00, 0x0B, 0xFE, 0x00, 0x1F, 0x41, 0xF0, 0x0F, 0x40, 0x2F, 0x0B, 0xC0, 0x03, 0xC3,
    0xF0, 0x00, 0xF4, 0xFF, 0xFF, 0xFD, 0x3F, 0x00, 0x00, 0x0F, 0xC0, 0x00, 0x01, 0xF8, 0x00, 0x30,
    0x1F, 0x80, 0x78, 0x00, 0xBF, 0xE4, 0x00, 0x00, 0x03, 0x80, 0x00, 0x03, 0xF0, 0x00, 0x03, 0xFC,
    0x00, 0x03, 0xF8, 0x00, 0x00, 0x90, 0x00, 0x00, 0x00, 0x00, 0x00, 0x0B, 0xFE, 0x00, 0x1F, 0x41,
    0xF0, 0x1F, 0x40, 0x2F, 0x0F, 0xC0, 0x03, 0xC3, 0xF0, 0x00, 0xF4, 0xFF, 0xFF, 0xFD, 0x3F, 0x00,
    0x00, 0x0F, 0xC0, 0x00, 0x01, 0xF8, 0x00, 0x30, 0x1F, 0x80, 0x78, 0x00, 0xBF, 0xE4, 0x00, 0x00,
    0x00, 0x00, 0x00, 0x07, 0x80, 0x00, 0x0B, 0xF8, 0x00, 0x0B, 0x47, 0x80, 0x03, 0x00, 0x34, 0x00,
    0x00, 0x00, 0x00, 0x0B, 0xFE, 0x00, 0x1F, 0x41, 0xF0, 0x0F, 0x40, 0x2F, 0x0B, 0xC0, 0x03, 0xC3,
    0xF0, 0x00, 0xF4, 0xFF, 0xFF, 0xFD, 0x3F, 0x00, 0x00, 0x0F, 0xC0, 0x00, 0x01, 0xF8, 0x00, 0x30,
    0x1F, 0x80, 0x78, 0x00, 0xBF, 0xE4, 0x00, 0x07, 0xC0, 0xB8, 0x03, 0xF8, 0xBF, 0x00, 0xFE, 0x2F,
    0xC0, 0x1F, 0x02, 0xE0, 0x00, 0x00, 0x00, 0x00, 0x00, 0x00, 0x00, 0x0B, 0xFE, 0x00, 0x1F, 0x41,
    0xF0, 0x0F, 0x80, 0x2F, 0x0B, 0xC0, 0x03, 0xC3, 0xF0, 0x00, 0xF4, 0xFF, 0xFF, 0xFD, 0x3F, 0x00,
    0x00, 0x0F, 0xC0, 0x00, 0x01, 0xF8, 0x00, 0x30, 0x1F, 0x80, 0x78, 0x00, 0xBF, 0xE4, 0x00, 0x2D,
    0x00, 0x0F, 0xD0, 0x03, 0xFD, 0x00, 0x1F, 0xC0, 0x00, 0x60, 0x00, 0x00, 0x00, 0xFF, 0x80, 0x03,
    0xE0, 0x00, 0xF8, 0x00, 0x3E, 0x00, 0x0F, 0x80, 0x03, 0xE0, 0x00, 0xF8, 0x00, 0x3E, 0x00, 0x0F,
    0x80, 0x03, 0xE0, 0x0F, 0xFF, 0x00, 0x00, 0xB4, 0x0B, 0xE0, 0xBF, 0x87, 0xF4, 0x08, 0x00, 0x00,
    0x0F, 0xF8, 0x03, 0xE0, 0x0F, 0x80, 0x3E, 0x00, 0xF8, 0x03, 0xE0, 0x0F, 0x80, 0x3E, 0x00, 0xF8,
    0x03, 0xE0, 0xFF, 0xF0, 0x00, 0x00, 0x00, 0xB4, 0x00, 0xFF, 0x40, 0xF0, 0xB4, 0x70, 0x07, 0x00,
    0x00, 0x03, 0xFE, 0x00, 0x0F, 0x80, 0x03, 0xE0, 0x00, 0xF8, 0x00, 0x3E, 0x00, 0x0F, 0x80, 0x03,
    0xE0, 0x00, 0xF8, 0x00, 0x3E, 0x00, 0x0F, 0x80, 0x3F, 0xFC, 0x00, 0x3D, 0x07, 0xCB, 0xF0, 0xFE,
    0xBF, 0x0F, 0xE3, 0xD0, 0x7C, 0x00, 0x00, 0x00, 0x00, 0x00, 0x0F, 0xF4, 0x00, 0x1F, 0x40, 0x01,
    0xF4, 0x00, 0x1F, 0x40, 0x01, 0xF4, 0x00, 0x1F, 0x40, 0x01, 0xF4, 0x00, 0x1F, 0x40, 0x01, 0xF4,
    0x00, 0x1F, 0x40, 0x0F, 0xFF, 0x00, 0x0B, 0xF8, 0x2C, 0x00, 0x07, 0xFE, 0x00, 0x00, 0x1F, 0xF4,
    0x00, 0x07, 0x5F, 0xC0, 0x00, 0x00, 0xBF, 0x00, 0x00, 0x03, 0xF8, 0x00, 0xBF, 0xAF, 0xC0, 0x7D,
    0x07, 0xFD, 0x1F, 0x40, 0x1F, 0xD3, 0xF0, 0x00, 0xFE, 0x3F, 0x00, 0x0B, 0xE3, 0xF0, 0x00, 0xBE,
    0x3F, 0x00, 0x0B, 0xD3, 0xF0, 0x00, 0xFC, 0x1F, 0x40, 0x0F, 0x80, 0x7D, 0x07, 0xE0, 0x00, 0xBF,
    0xE4, 0x00, 0x00, 0xBD, 0x06, 0x00, 0x08, 0x2F, 0xF4, 0x00, 0x50, 0x1F, 0x40, 0x00, 0x00, 0x00,
    0x00, 0x00, 0x00, 0x00, 0x03, 0xFD, 0x2F, 0xE0, 0x01, 0xF7, 0x82, 0xF0, 0x03, 0xF4, 0x07, 0xE0,
    0x0F, 0xC0, 0x0F, 0x80, 0x3E, 0x00, 0x3E, 0x00, 0xF8, 0x00, 0xF8, 0x03, 0xE0, 0x03, 0xE0, 0x0F,
    0x80, 0x0F, 0x80, 0x3E, 0x00, 0x3E, 0x00, 0xF8, 0x00, 0xF8, 0x3F, 0xFD, 0x3F, 0xFD, 0x00, 0x38,
    0x00, 0x00, 0x0B, 0xF0, 0x00, 0x00, 0x7F, 0x80, 0x00, 0x01, 0xFE, 0x00, 0x00, 0x00, 0x90, 0x00,
    0x00, 0x00, 0x00, 0x00, 0xBF, 0xE4, 0x00, 0x7D, 0x03, 0xE0, 0x0F, 0x40, 0x0F, 0x83, 0xF0, 0x00,
    0xFC, 0x3F, 0x00, 0x0B, 0xD3, 0xF0, 0x00, 0xBE, 0x3F, 0x00, 0x0B, 0xD3, 0xF0, 0x00, 0xFC, 0x1F,
    0x40, 0x0F, 0x80, 0x7D, 0x03, 0xF0, 0x00, 0xBF, 0xE4, 0x00, 0x00, 0x01, 0xD0, 0x00, 0x00, 0xBF,
    0x00, 0x00, 0x1F, 0xE0, 0x00, 0x07, 0xF4, 0x00, 0x00, 0x24, 0x00, 0x00, 0x00, 0x00, 0x00, 0x00,
    0xBF, 0xE4, 0x00, 0x7D, 0x03, 0xE0, 0x0F, 0x40, 0x0F, 0x83, 0xF0, 0x00, 0xFC, 0x3F, 0x00, 0x0B,
    0xD3, 0xF0, 0x00, 0xBE, 0x3F, 0x00, 0x0B, 0xD3, 0xF0, 0x00, 0xFC, 0x1F, 0x40, 0x0F, 0x80, 0x7D,
    0x03, 0xF0, 0x00, 0xBF, 0xE4, 0x00, 0x00, 0x00, 0x00, 0x00, 0x00, 0xF0, 0x00, 0x00, 0x3F, 0xD0,
    0x00, 0x0F, 0x0B, 0x40, 0x02, 0x80, 0x1C, 0x00, 0x00, 0x00, 0x00, 0x00, 0xBF, 0xE4, 0x00, 0x7D,
    0x03, 0xE0, 0x0F, 0x40, 0x0F, 0x83, 0xF0, 0x00, 0xFC, 0x3F, 0x00, 0x0B, 0xD3, 0xF0, 0x00, 0xBE,
    0x3F, 0x00, 0x0B, 0xD3, 0xF0, 0x00, 0xFC, 0x1F, 0x40, 0x0F, 0x80, 0x7D, 0x03, 0xF0, 0x00, 0xBF,
    0xE4, 0x00, 0x00, 0xFD, 0x06, 0x00, 0x20, 0xBF, 0xD0, 0x05, 0x01, 0xF4, 0x00, 0x00, 0x00, 0x00,
    0x00, 0x00, 0x00, 0x00, 0x0B, 0xFE, 0x40, 0x07, 0xD0, 0x3E, 0x00, 0xF4, 0x00, 0xF8, 0x3F, 0x00,
    0x0F, 0xC3, 0xF0, 0x00, 0xBD, 0x3F, 0x00, 0x0B, 0xE3, 0xF0, 0x00, 0xBD, 0x3F, 0x00, 0x0F, 0xC1,
    0xF4, 0x00, 0xF8, 0x07, 0xD0, 0x3F, 0x00, 0x0B, 0xFE, 0x40, 0x02, 0xE0, 0x7C, 0x00, 0x7F, 0x0F,
    0xF0, 0x07, 0xF0, 0xFF, 0x00, 0x2E, 0x07, 0xC0, 0x00, 0x00, 0x00, 0x00, 0x00, 0x00, 0x00, 0x00,
    0xBF, 0xE4, 0x00, 0x7D, 0x03, 0xE0, 0x0F, 0x40, 0x0F, 0x83, 0xF0, 0x00, 0xFC, 0x3F, 0x00, 0x0B,
    0xD3, 0xF0, 0x00, 0xBE, 0x3F, 0x00, 0x0B, 0xD3, 0xF0, 0x00, 0xFC, 0x1F, 0x40, 0x0F, 0x80, 0x7D,
    0x03, 0xF0, 0x00, 0xBF, 0xE4, 0x00, 0x00, 0x00, 0x7D, 0x00, 0x00, 0x00, 0x00, 0xFF, 0x00, 0x00,
    0x00, 0x00, 0xFF, 0x40, 0x00, 0x00, 0x00, 0xFF, 0x40, 0x00, 0x00, 0x00, 0x7D, 0x00, 0x00, 0x00,
    0x00, 0x00, 0x00, 0x00, 0x00, 0x00, 0x00, 0x00, 0x00, 0x00, 0x00, 0x00, 0x00, 0x00, 0x3F, 0xFF,
    0xFF, 0xFF, 0xFE, 0x00, 0x00, 0x00, 0x00, 0x00, 0x00, 0x00, 0x00, 0x00, 0x00, 0x00, 0x00, 0x00,
    0x00, 0x00, 0x00, 0x00, 0x7D, 0x00, 0x00, 0x00, 0x00, 0xFF, 0x00, 0x00, 0x00, 0x00, 0xFF, 0x40,
    0x00, 0x00, 0x00, 0xFF, 0x40, 0x00, 0x00, 0x00, 0x7D, 0x00, 0x00, 0x00, 0x00, 0x00, 0x00, 0x00,
    0x00, 0x34, 0x00, 0x00, 0x06, 0x00, 0x0B, 0xFE, 0xC0, 0x07, 0xD0, 0x3E, 0x01, 0xF0, 0x06, 0xF8,
    0x3F, 0x00, 0xC7, 0xC3, 0xE0, 0x24, 0x7D, 0x3E, 0x06, 0x07, 0xE3, 0xE0, 0xC0, 0x7D, 0x3F, 0x24,
    0x07, 0xC1, 0xF6, 0x00, 0xF8, 0x07, 0xD0, 0x2E, 0x00, 0x2B, 0xFE, 0x40, 0x07, 0x00, 0x00, 0x00,
    0xC0, 0x00, 0x00, 0x04, 0x00, 0x00, 0x00, 0x00, 0x78, 0x00, 0x00, 0x03, 0xF8, 0x00, 0x00, 0x07,
    0xFC, 0x00, 0x00, 0x01, 0xB4, 0x00, 0x00, 0x00, 0x00, 0x00, 0x00, 0x00, 0x00, 0x0F, 0xF8, 0x0F,
    0xF8, 0x07, 0xE0, 0x07, 0xE0, 0x0F, 0x80, 0x0F, 0x80, 0x3E, 0x00, 0x3E, 0x00, 0xF8, 0x00, 0xF8,
    0x03, 0xE0, 0x03, 0xE0, 0x0F, 0x80, 0x0F, 0x80, 0x3E, 0x00, 0x7E, 0x00, 0xF8, 0x02, 0xF8, 0x03,
    0xF0, 0x2F, 0xF0, 0x02, 0xFF, 0x8F, 0xF4, 0x00, 0x00, 0x00, 0x00, 0x00, 0x01, 0xD0, 0x00, 0x00,
    0x2F, 0xC0, 0x00, 0x02, 0xFD, 0x00, 0x00, 0x0E, 0x40, 0x00, 0x00, 0x00, 0x00, 0x00, 0x00, 0x00,
    0x00, 0x0F, 0xF8, 0x0F, 0xF8, 0x07, 0xE0, 0x07, 0xE0, 0x0F, 0x80, 0x0F, 0x80, 0x3E, 0x00, 0x3E,
    0x00, 0xF8, 0x00, 0xF8, 0x03, 0xE0, 0x03, 0xE0, 0x0F, 0x80, 0x0F, 0x80, 0x3E, 0x00, 0x7E, 0x00,
    0xF8, 0x02, 0xF8, 0x03, 0xF0, 0x2F, 0xF0, 0x02, 0xFF, 0x8F, 0xF4, 0x00, 0x00, 0x00, 0x00, 0x00,
    0x00, 0x00, 0x00, 0x00, 0x2D, 0x00, 0x00, 0x03, 0xFD, 0x00, 0x00, 0x3C, 0x2D, 0x00, 0x01, 0xC0,
    0x1C, 0x00, 0x00, 0x00, 0x00, 0x0F, 0xF8, 0x0F, 0xF8, 0x07, 0xE0, 0x07, 0xE0, 0x0F, 0x80, 0x0F,
    0x80, 0x3E, 0x00, 0x3E, 0x00, 0xF8, 0x00, 0xF8, 0x03, 0xE0, 0x03, 0xE0, 0x0F, 0x80, 0x0F, 0x80,
    0x3E, 0x00, 0x7E, 0x00, 0xF8, 0x02, 0xF8, 0x02, 0xF0, 0x2B, 0xF0, 0x01, 0xFF, 0x4F, 0xF4, 0x00,
    0x00, 0x00, 0x00, 0x02, 0xE0, 0x3D, 0x00, 0x1F, 0xD3, 0xFC, 0x00, 0x7F, 0x4F, 0xF0, 0x00, 0xB8,
    0x0F, 0x40, 0x00, 0x00, 0x00, 0x00, 0x00, 0x00, 0x00, 0x0F, 0xF8, 0x0F, 0xF8, 0x07, 0xE0, 0x07,
    0xE0, 0x0F, 0x80, 0x0F, 0x80, 0x3E, 0x00, 0x3E, 0x00, 0xF8, 0x00, 0xF8, 0x03, 0xE0, 0x03, 0xE0,
    0x0F, 0x80, 0x0F, 0x80, 0x3E, 0x00, 0x7E, 0x00, 0xF8, 0x02, 0xF8, 0x03, 0xF0, 0x2F, 0xF0, 0x02,
    0xFF, 0x8F, 0xF4, 0x00, 0x00, 0x00, 0x00, 0x00, 0x00, 0x1D, 0x00, 0x00, 0x02, 0xFC, 0x00, 0x00,
    0x2F, 0xE0, 0x00, 0x01, 0xF9, 0x00, 0x00, 0x01, 0x00, 0x00, 0x00, 0x00, 0x00, 0x07, 0xFF, 0x80,
    0xBF, 0x42, 0xF4, 0x00, 0xA0, 0x03, 0xF0, 0x03, 0x00, 0x0B, 0xD0, 0x28, 0x00, 0x0F, 0xC0, 0xC0,
    0x00, 0x2F, 0x4B, 0x00, 0x00, 0x3F, 0x34, 0x00, 0x00, 0xBE, 0xC0, 0x00, 0x00, 0xFD, 0x00, 0x00,
    0x02, 0xF0, 0x00, 0x00, 0x07, 0x40, 0x00, 0x00, 0x1C, 0x00, 0x00, 0x00, 0xD0, 0x00, 0x0F, 0x07,
    0x00, 0x00, 0x7C, 0x70, 0x00, 0x00, 0xBE, 0x00, 0x00, 0x00, 0x00, 0x00, 0x00, 0x00, 0xFF, 0x40,
    0x00, 0x00, 0xBD, 0x00, 0x00, 0x01, 0xF4, 0x00, 0x00, 0x07, 0xD0, 0x00, 0x00, 0x1F, 0x40, 0x00,
    0x00, 0x7D, 0x00, 0x00, 0x01, 0xF5, 0xFF, 0x80, 0x07, 0xF8, 0x0B, 0xD0, 0x1F, 0x80, 0x0F, 0xC0,
    0x7D, 0x00, 0x1F, 0x81, 0xF4, 0x00, 0x7F, 0x07, 0xD0, 0x00, 0xFC, 0x1F, 0x40, 0x07, 0xF0, 0x7D,
    0x00, 0x1F, 0x81, 0xF8, 0x00, 0xFC, 0x07, 0xF8, 0x0F, 0xC0, 0x1F, 0x5F, 0xF4, 0x00, 0x7D, 0x00,
    0x00, 0x01, 0xF4, 0x00, 0x00, 0x07, 0xD0, 0x00, 0x00, 0x1F, 0x40, 0x00, 0x03, 0xFF, 0xC0, 0x00,
    0x00, 0x01, 0xF0, 0x2E, 0x00, 0x0F, 0xE1, 0xFC, 0x00, 0x3F, 0x87, 0xF0, 0x00, 0x7C, 0x0B, 0x80,
    0x00, 0x00, 0x00, 0x00, 0x00, 0x00, 0x00, 0x07, 0xFF, 0x80, 0xBF, 0x42, 0xF4, 0x00, 0xA0, 0x03,
    0xF0, 0x03, 0x00, 0x0B, 0xD0, 0x28, 0x00, 0x0F, 0xC0, 0xC0, 0x00, 0x2F, 0x4B, 0x00, 0x00, 0x3F,
    0x34, 0x00, 0x00, 0xBE, 0xC0, 0x00, 0x00, 0xFD, 0x00, 0x00, 0x02, 0xF0, 0x00, 0x00, 0x07, 0x40,
    0x00, 0x00, 0x1C, 0x00, 0x00, 0x00, 0xD0, 0x00, 0x0F, 0x07, 0x00, 0x00, 0x7C, 0x70, 0x00, 0x00,
    0xBE, 0x00, 0x00, 0x00, 0x00, 0xFF, 0xFF, 0xFE, 0x00, 0x00, 0x00, 0x00, 0x00, 0x00, 0x00, 0x00,
    0x00, 0x00, 0x00, 0x00, 0x00, 0x00, 0x00, 0x00, 0x00, 0x00, 0x38, 0x00, 0x00, 0x00, 0x00, 0x7C,
    0x00, 0x00, 0x00, 0x00, 0xFE, 0x00, 0x00, 0x00, 0x01, 0xFF, 0x00, 0x00, 0x00, 0x03, 0xFF, 0x40,
    0x00, 0x00, 0x03, 0x7F, 0xC0, 0x00, 0x00, 0x0B, 0x1F, 0xD0, 0x00, 0x00, 0x0D, 0x0F, 0xE0, 0x00,
    0x00, 0x1C, 0x0B, 0xF0, 0x00, 0x00, 0x38, 0x03, 0xF8, 0x00, 0x00, 0x70, 0x02, 0xFC, 0x00, 0x00,
    0xBF, 0xFF, 0xFD, 0x00, 0x00, 0xC0, 0x00, 0xBF, 0x00, 0x02, 0xC0, 0x00, 0x7F, 0x00, 0x03, 0x40,
    0x00, 0x3F, 0x80, 0x0B, 0x00, 0x00, 0x2F, 0xC0, 0xFF, 0xF0, 0x03, 0xFF, 0xFE, 0x3F, 0xFF, 0xFD,
    0x00, 0x00, 0x00, 0x00, 0x00, 0x00, 0x00, 0x00, 0x00, 0x00, 0x00, 0x06, 0xFF, 0xD0, 0x00, 0xFC,
    0x0F, 0xC0, 0x0F, 0x80, 0x3E, 0x00, 0x00, 0x03, 0xF0, 0x00, 0x6F, 0xFF, 0x00, 0x7F, 0x43, 0xF0,
    0x2F, 0x80, 0x3F, 0x03, 0xF0, 0x03, 0xF0, 0x3F, 0x00, 0x7F, 0x03, 0xF4, 0x1F, 0xF0, 0x07, 0xFE,
    0x0F, 0xF0, 0x00, 0x24, 0x00, 0x30, 0x00, 0x00, 0x0D, 0x00, 0xA0, 0x00, 0x00, 0x02, 0xFF, 0x40,
    0x00, 0x00, 0x00, 0x00, 0x00, 0x00, 0x00, 0x00, 0x00, 0x00, 0x00, 0x00, 0x00, 0x38, 0x00, 0x00,
    0x00, 0x00, 0x7C, 0x00, 0x00, 0x00, 0x00, 0xFE, 0x00, 0x00, 0x00, 0x01, 0xFF, 0x00, 0x00, 0x00,
    0x03, 0xFF, 0x40, 0x00, 0x00, 0x03, 0x7F, 0xC0, 0x00, 0x00, 0x0B, 0x1F, 0xD0, 0x00, 0x00, 0x0D,
    0x0F, 0xE0, 0x00, 0x00, 0x1C, 0x0B, 0xF0, 0x00, 0x00, 0x38, 0x03, 0xF8, 0x00, 0x00, 0x70, 0x02,
    0xFC, 0x00, 0x00, 0xBF, 0xFF, 0xFD, 0x00, 0x00, 0xC0, 0x00, 0xBF, 0x00, 0x02, 0xC0, 0x00, 0x7F,
    0x00, 0x03, 0x40, 0x00, 0x3F, 0x80, 0x0B, 0x00, 0x00, 0x2F, 0xC0, 0xFF, 0xF0, 0x03, 0xFF, 0xFE,
    0x03, 0x00, 0x09, 0x00, 0x28, 0x02, 0xC0, 0x00, 0x7F, 0xD0, 0x00, 0x00, 0x00, 0x00, 0x06, 0xFF,
    0xD0, 0x00, 0xFC, 0x0F, 0xC0, 0x0F, 0x80, 0x3E, 0x00, 0x00, 0x03, 0xF0, 0x00, 0x6F, 0xFF, 0x00,
    0x7F, 0x43, 0xF0, 0x2F, 0x80, 0x3F, 0x03, 0xF0, 0x03, 0xF0, 0x3F, 0x00, 0x7F, 0x03, 0xF4, 0x1F,
    0xF0, 0x07, 0xFE, 0x0F, 0xF0, 0x00, 0x00, 0x38, 0x00, 0x00, 0x00, 0x00, 0xBC, 0x00, 0x00, 0x00,
    0x00, 0xFE, 0x00, 0x00, 0x00, 0x01, 0xFF, 0x00, 0x00, 0x00, 0x03, 0xFF, 0x40, 0x00, 0x00, 0x03,
    0x3F, 0xC0, 0x00, 0x00, 0x0B, 0x1F, 0xD0, 0x00, 0x00, 0x0D, 0x0F, 0xE0, 0x00, 0x00, 0x2C, 0x07,
    0xF0, 0x00, 0x00, 0x34, 0x03, 0xF8, 0x00, 0x00, 0x70, 0x02, 0xFC, 0x00, 0x00, 0xFF, 0xFF, 0xFD,
    0x00, 0x01, 0xC0, 0x00, 0xFF, 0x00, 0x02, 0xC0, 0x00, 0x7F, 0x00, 0x03, 0x40, 0x00, 0x3F, 0x80,
    0x0B, 0x40, 0x00, 0x2F, 0xC0, 0xFF, 0xF0, 0x03, 0xFF, 0xFE, 0x00, 0x00, 0x00, 0x07, 0x40, 0x00,
    0x00, 0x00, 0x0E, 0x00, 0x00, 0x00, 0x00, 0x1E, 0x00, 0x00, 0x00, 0x00, 0x0F, 0x4C, 0x00, 0x00,
    0x00, 0x07, 0xF4, 0x06, 0xFF, 0xD0, 0x00, 0xF8, 0x0F, 0xC0, 0x0F, 0x80, 0x7E, 0x00, 0x00, 0x03,
    0xF0, 0x00, 0x6F, 0xFF, 0x00, 0xBF, 0x43, 0xF0, 0x2F, 0x40, 0x3F, 0x03, 0xF0, 0x03, 0xF0, 0x3F,
    0x00, 0x7F, 0x02, 0xF8, 0x1E, 0xF9, 0x06, 0xFE, 0x0F, 0xF0, 0x00, 0x02, 0xC0, 0x00, 0x00, 0x38,
    0x00, 0x00, 0x07, 0x80, 0x00, 0x00, 0x7C, 0x60, 0x00, 0x01, 0xFC, 0x00, 0x00, 0x00, 0x40, 0x00,
    0x00, 0x00, 0x2F, 0x40, 0x00, 0x00, 0x07, 0xFE, 0x00, 0x00, 0x00, 0x3E, 0x90, 0x00, 0x00, 0x00,
    0x00, 0x00, 0x00, 0x00, 0x1B, 0xFF, 0x80, 0xC0, 0x07, 0xF4, 0x01, 0xEF, 0x00, 0xFE, 0x00, 0x00,
    0xFC, 0x0B, 0xE0, 0x00, 0x00, 0xF0, 0x7F, 0x00, 0x00, 0x02, 0xC3, 0xFC, 0x00, 0x00, 0x03, 0x0F,
    0xE0, 0x00, 0x00, 0x00, 0x7F, 0x40, 0x00, 0x00, 0x01, 0xFD, 0x00, 0x00, 0x00, 0x07, 0xF4, 0x00,
    0x00, 0x00, 0x0F, 0xE0, 0x00, 0x00, 0x00, 0x3F, 0xC0, 0x00, 0x00, 0x30, 0x7F, 0x00, 0x00, 0x00,
    0xC0, 0xBE, 0x00, 0x00, 0x0A, 0x00, 0xFE, 0x00, 0x00, 0xB0, 0x00, 0x7F, 0x40, 0x1E, 0x00, 0x00,
    0x1B, 0xFF, 0x80, 0x00, 0x00, 0x00, 0xE0, 0x00, 0x03, 0xF4, 0x00, 0x0F, 0xF0, 0x00, 0x3F, 0x80,
    0x00, 0x24, 0x00, 0x00, 0x00, 0x00, 0x00, 0xBF, 0xF8, 0x07, 0xE0, 0x7E, 0x0F, 0x80, 0x3D, 0x2F,
    0x40, 0x00, 0x3F, 0x00, 0x00, 0x3F, 0x00, 0x00, 0x3F, 0x00, 0x00, 0x2F, 0x40, 0x00, 0x0F, 0xC0,
    0x07, 0x07, 0xE0, 0x1D, 0x00, 0xBF, 0xE0, 0x00, 0x00, 0x04, 0x00, 0x00, 0x00, 0x00, 0xBC, 0x00,
    0x00, 0x00, 0x0F, 0xBC, 0x00, 0x00, 0x00, 0xF4, 0x3D, 0x00, 0x00, 0x01, 0x00, 0x10, 0x00, 0x00,
    0x00, 0x00, 0x00, 0x00, 0x00, 0x6F, 0xFE, 0x03, 0x00, 0x1F, 0xD0, 0x07, 0xBC, 0x03, 0xF8, 0x00,
    0x03, 0xF0, 0x2F, 0x80, 0x00, 0x03, 0xC1, 0xFC, 0x00, 0x00, 0x0B, 0x0F, 0xF0, 0x00, 0x00, 0x0C,
    0x3F, 0x80, 0x00, 0x00, 0x01, 0xFD, 0x00, 0x00, 0x00, 0x07, 0xF4, 0x00, 0x00, 0x00, 0x1F, 0xD0,
    0x00, 0x00, 0x00, 0x3F, 0x80, 0x00, 0x00, 0x00, 0xFF, 0x00, 0x00, 0x00, 0xC1, 0xFC, 0x00, 0x00,
    0x03, 0x02, 0xF8, 0x00, 0x00, 0x28, 0x03, 0xF8, 0x00, 0x02, 0xC0, 0x01, 0xFD, 0x00, 0x78, 0x00,
    0x00, 0x6F, 0xFE, 0x00, 0x00, 0x00, 0x00, 0x00, 0x00, 0x0B, 0x40, 0x00, 0x3F, 0xD0, 0x00, 0xF0,
    0xB4, 0x01, 0xC0, 0x1C, 0x00, 0x00, 0x00, 0x00, 0xBF, 0xF8, 0x07, 0xE0, 0x7E, 0x0F, 0x80, 0x3D,
    0x2F, 0x40, 0x00, 0x3F, 0x00, 0x00, 0x3F, 0x00, 0x00, 0x3F, 0x00, 0x00, 0x2F, 0x40, 0x00, 0x0F,
    0xC0, 0x07, 0x07, 0xE0, 0x1D, 0x00, 0xBF, 0xE0, 0x00, 0x00, 0x2E, 0x00, 0x00, 0x00, 0x00, 0xFD,
    0x00, 0x00, 0x00, 0x03, 0xF4, 0x00, 0x00, 0x00, 0x0B, 0x80, 0x00, 0x00, 0x00, 0x00, 0x00, 0x00,
    0x00, 0x00, 0x00, 0x00, 0x00, 0x00, 0x6F, 0xFE, 0x03, 0x00, 0x1F, 0xD0, 0x07, 0xBC, 0x03, 0xF8,
    0x00, 0x03, 0xF0, 0x2F, 0x80, 0x00, 0x03, 0xC1, 0xFC, 0x00, 0x00, 0x0B, 0x0F, 0xF0, 0x00, 0x00,
    0x0C, 0x3F, 0x80, 0x00, 0x00, 0x01, 0xFD, 0x00, 0x00, 0x00, 0x07, 0xF4, 0x00, 0x00, 0x00, 0x1F,
    0xD0, 0x00, 0x00, 0x00, 0x3F, 0x80, 0x00, 0x00, 0x00, 0xFF, 0x00, 0x00, 0x00, 0xC1, 0xFC, 0x00,
    0x00, 0x03, 0x02, 0xF8, 0x00, 0x00, 0x28, 0x03, 0xF8, 0x00, 0x02, 0xC0, 0x01, 0xFD, 0x00, 0x78,
    0x00, 0x00, 0x6F, 0xFE, 0x00, 0x00, 0x00, 0x0F, 0x40, 0x00, 0x2F, 0xC0, 0x00, 0x2F, 0xC0, 0x00,
    0x0F, 0x40, 0x00, 0x00, 0x00, 0x00, 0x00, 0x00, 0x00, 0xBF, 0xF8, 0x07, 0xE0, 0x7E, 0x0F, 0x80,
    0x3D, 0x2F, 0x40, 0x00, 0x3F, 0x00, 0x00, 0x3F, 0x00, 0x00, 0x3F, 0x00, 0x00, 0x2F, 0x40, 0x00,
    0x0F, 0xC0, 0x07, 0x07, 0xE0, 0x1D, 0x00, 0xBF, 0xE0, 0x00, 0x02, 0x40, 0x09, 0x00, 0x00, 0x07,
    0xD2, 0xF0, 0x00, 0x00, 0x03, 0xFE, 0x00, 0x00, 0x00, 0x02, 0xD0, 0x00, 0x00, 0x00, 0x00, 0x00,
    0x00, 0x00, 0x00, 0x00, 0x00, 0x00, 0x00, 0x6F, 0xFE, 0x03, 0x00, 0x1F, 0xD0, 0x07, 0xBC, 0x03,
    0xF8, 0x00, 0x03, 0xF0, 0x2F, 0x80, 0x00, 0x03, 0xC1, 0xFC, 0x00, 0x00, 0x0B, 0x0F, 0xF0, 0x00,
    0x00, 0x0C, 0x3F, 0x80, 0x00, 0x00, 0x01, 0xFD, 0x00, 0x00, 0x00, 0x07, 0xF4, 0x00, 0x00, 0x00,
    0x1F, 0xD0, 0x00, 0x00, 0x00, 0x3F, 0x80, 0x00, 0x00, 0x00, 0xFF, 0x00, 0x00, 0x00, 0xC1, 0xFC,
    0x00, 0x00, 0x03, 0x02, 0xF8, 0x00, 0x00, 0x28, 0x03, 0xF8, 0x00, 0x02, 0xC0, 0x01, 0xFD, 0x00,
    0x78, 0x00, 0x00, 0x6F, 0xFE, 0x00, 0x00, 0x01, 0x00, 0x04, 0x02, 0xD0, 0x2C, 0x00, 0xBE, 0xF0,
    0x00, 0x2F, 0xC0, 0x00, 0x0B, 0x00, 0x00, 0x00, 0x00, 0x00, 0xBF, 0xF8, 0x07, 0xE0, 0x7E, 0x0F,
    0x80, 0x3D, 0x2F, 0x40, 0x00, 0x3F, 0x00, 0x00, 0x3F, 0x00, 0x00, 0x3F, 0x00, 0x00, 0x2F, 0x40,
    0x00, 0x0F, 0xC0, 0x07, 0x07, 0xE0, 0x1D, 0x00, 0xBF, 0xE0, 0x00, 0x18, 0x00, 0x60, 0x00, 0x00,
    0x03, 0xE1, 0xF4, 0x00, 0x00, 0x00, 0x2F, 0xF0, 0x00, 0x00, 0x00, 0x01, 0xE0, 0x00, 0x00, 0x00,
    0x00, 0x00, 0x00, 0x00, 0x00, 0x00, 0x00, 0x00, 0x00, 0x03, 0xFF, 0xFF, 0xFF, 0x90, 0x00, 0x07,
    0xF0, 0x00, 0xBF, 0x00, 0x01, 0xFC, 0x00, 0x03, 0xF0, 0x00, 0x7F, 0x00, 0x00, 0x3F, 0x00, 0x1F,
    0xC0, 0x00, 0x0F, 0xE0, 0x07, 0xF0, 0x00, 0x02, 0xFC, 0x01, 0xFC, 0x00, 0x00, 0x7F, 0x00, 0x7F,
    0x00, 0x00, 0x1F, 0xD0, 0x1F, 0xC0, 0x00, 0x07, 0xF4, 0x07, 0xF0, 0x00, 0x01, 0xFD, 0x01, 0xFC,
    0x00, 0x00, 0x7F, 0x00, 0x7F, 0x00, 0x00, 0x1F, 0xC0, 0x1F, 0xC0, 0x00, 0x0B, 0xE0, 0x07, 0xF0,
    0x00, 0x03, 0xF0, 0x01, 0xFC, 0x00, 0x03, 0xF4, 0x00, 0x7F, 0x00, 0x07, 0xF0, 0x03, 0xFF, 0xFF,
    0xFF, 0x90, 0x00, 0x00, 0x00, 0x00, 0x02, 0xD0, 0x00, 0x00, 0x00, 0x1F, 0xD0, 0x00, 0x03, 0xFD,
    0x7F, 0x80, 0x00, 0x02, 0xF4, 0xFE, 0x00, 0x00, 0x07, 0xD0, 0x24, 0x00, 0x00, 0x1F, 0x41, 0xC0,
    0x00, 0x00, 0x7D, 0x1C, 0x00, 0x00, 0x01, 0xF4, 0x40, 0x00, 0xBF, 0xD7, 0xD0, 0x00, 0x0F, 0x80,
    0xBF, 0x40, 0x00, 0xF8, 0x00, 0xBD, 0x00, 0x0B, 0xD0, 0x02, 0xF4, 0x00, 0x3F, 0x00, 0x0B, 0xD0,
    0x00, 0xFC, 0x00, 0x2F, 0x40, 0x03, 0xF0, 0x00, 0xBD, 0x00, 0x0B, 0xD0, 0x02, 0xF4, 0x00, 0x1F,
    0x80, 0x0B, 0xD0, 0x00, 0x1F, 0x40, 0xBF, 0x40, 0x00, 0x0B, 0xFD, 0xBF, 0xC0, 0x00, 0x3F, 0xFF,
    0xFF, 0xF8, 0x00, 0x00, 0x7F, 0x00, 0x0B, 0xF0, 0x00, 0x1F, 0xC0, 0x00, 0x3F, 0x00, 0x07, 0xF0,
    0x00, 0x03, 0xF0, 0x01, 0xFC, 0x00, 0x00, 0xFE, 0x00, 0x7F, 0x00, 0x00, 0x1F, 0xC0, 0x1F, 0xC0,
    0x00, 0x07, 0xF0, 0x07, 0xF0, 0x00, 0x01, 0xFD, 0x3F, 0xFF, 0xFF, 0x00, 0x7F, 0x40, 0x7F, 0x00,
    0x00, 0x1F, 0xD0, 0x1F, 0xC0, 0x00, 0x07, 0xF4, 0x07, 0xF0, 0x00, 0x01, 0xFC, 0x01, 0xFC, 0x00,
    0x00, 0xBE, 0x00, 0x7F, 0x00, 0x00, 0x3F, 0x00, 0x1F, 0xC0, 0x00, 0x3F, 0x40, 0x07, 0xF0, 0x00,
    0xBF, 0x00, 0x3F, 0xFF, 0xFF, 0xF9, 0x00, 0x00, 0x00, 0x00, 0x3F, 0xD0, 0x00, 0x00, 0x0B, 0xD0,
    0x00, 0x00, 0x07, 0xD0, 0x00, 0x3F, 0xFF, 0xF8, 0x00, 0x00, 0x07, 0xD0, 0x00, 0x00, 0x07, 0xD0,
    0x00, 0xBF, 0xD7, 0xD0, 0x07, 0xE0, 0x2F, 0xD0, 0x0F, 0x80, 0x0B, 0xD0, 0x2F, 0x40, 0x0B, 0xD0,
    0x3F, 0x00, 0x0B, 0xD0, 0x3F, 0x00, 0x0B, 0xD0, 0x3F, 0x00, 0x0B, 0xD0, 0x2F, 0x40, 0x0B, 0xD0,
    0x1F, 0x80, 0x0F, 0xD0, 0x07, 0xE0, 0x7F, 0xD0, 0x00, 0xBF, 0xDB, 0xFC, 0x01, 0xFF, 0xFF, 0xFD,
    0x00, 0x00, 0x00, 0x00, 0x00, 0x00, 0x00, 0x00, 0x00, 0x00, 0x00, 0x00, 0x00, 0x00, 0x00, 0x3F,
    0xFF, 0xFF, 0xFF, 0x80, 0x07, 0xF0, 0x00, 0x7E, 0x00, 0x1F, 0xC0, 0x00, 0x3C, 0x00, 0x7F, 0x00,
    0x00, 0x70, 0x01, 0xFC, 0x00, 0x00, 0xC0, 0x07, 0xF0, 0x0D, 0x03, 0x00, 0x1F, 0xC0, 0x34, 0x00,
    0x00, 0x7F, 0x02, 0xD0, 0x00, 0x01, 0xFF, 0xFF, 0x40, 0x00, 0x07, 0xF0, 0x2D, 0x00, 0x00, 0x1F,
    0xC0, 0x34, 0x00, 0x00, 0x7F, 0x00, 0xD0, 0x1C, 0x01, 0xFC, 0x00, 0x00, 0xB0, 0x07, 0xF0, 0x00,
    0x03, 0x80, 0x1F, 0xC0, 0x00, 0x2D, 0x00, 0x7F, 0x00, 0x07, 0xF0, 0x3F, 0xFF, 0xFF, 0xFF, 0xC0,
    0x0F, 0xFF, 0xFF, 0x00, 0x00, 0x00, 0x00, 0x00, 0x00, 0x00, 0x00, 0x00, 0x00, 0x00, 0xBF, 0xE0,
    0x01, 0xF4, 0x1F, 0x00, 0xF4, 0x02, 0xF0, 0xBC, 0x00, 0x3C, 0x3F, 0x00, 0x0F, 0x4F, 0xFF, 0xFF,
    0xD3, 0xF0, 0x00, 0x00, 0xFC, 0x00, 0x00, 0x1F, 0x80, 0x03, 0x01, 0xF8, 0x07, 0x80, 0x0B, 0xFE,
    0x40, 0x00, 0x00, 0xB8, 0x00, 0x00, 0x00, 0x07, 0xF4, 0x00, 0x00, 0x00, 0x1F, 0xD0, 0x00, 0x00,
    0x00, 0x2E, 0x00, 0x00, 0x00, 0x00, 0x00, 0x00, 0x00, 0x00, 0x00, 0x00, 0x00, 0x03, 0xFF, 0xFF,
    0xFF, 0xF8, 0x00, 0x7F, 0x00, 0x07, 0xE0, 0x01, 0xFC, 0x00, 0x03, 0xC0, 0x07, 0xF0, 0x00, 0x07,
    0x00, 0x1F, 0xC0, 0x00, 0x0C, 0x00, 0x7F, 0x00, 0xD0, 0x30, 0x01, 0xFC, 0x03, 0x40, 0x00, 0x07,
    0xF0, 0x2D, 0x00, 0x00, 0x1F, 0xFF, 0xF4, 0x00, 0x00, 0x7F, 0x02, 0xD0, 0x00, 0x01, 0xFC, 0x03,
    0x40, 0x00, 0x07, 0xF0, 0x0D, 0x01, 0xC0, 0x1F, 0xC0, 0x00, 0x0B, 0x00, 0x7F, 0x00, 0x00, 0x38,
    0x01, 0xFC, 0x00, 0x02, 0xD0, 0x07, 0xF0, 0x00, 0x7F, 0x03, 0xFF, 0xFF, 0xFF, 0xFC, 0x00, 0x00,
    0x1F, 0x00, 0x00, 0x0F, 0xF0, 0x00, 0x03, 0xFC, 0x00, 0x00, 0x7C, 0x00, 0x00, 0x00, 0x00, 0x00,
    0x00, 0x00, 0x00, 0x0B, 0xFE, 0x00, 0x1F, 0x41, 0xF0, 0x0F, 0x80, 0x2F, 0x0B, 0xC0, 0x03, 0xC3,
    0xF0, 0x00, 0xF4, 0xFF, 0xFF, 0xFD, 0x3F, 0x00, 0x00, 0x0F, 0xC0, 0x00, 0x01, 0xF8, 0x00, 0x30,
    0x1F, 0x80, 0x78, 0x00, 0xBF, 0xE4, 0x00, 0x3F, 0xFF, 0xFF, 0xFF, 0x80, 0x07, 0xF0, 0x00, 0x7E,
    0x00, 0x1F, 0xC0, 0x00, 0x3C, 0x00, 0x7F, 0x00, 0x00, 0x70, 0x01, 0xFC, 0x00, 0x00, 0xC0, 0x07,
    0xF0, 0x0D, 0x03, 0x00, 0x1F, 0xC0, 0x34, 0x00, 0x00, 0x7F, 0x02, 0xD0, 0x00, 0x01, 0xFF, 0xFF,
    0x40, 0x00, 0x07, 0xF0, 0x2D, 0x00, 0x00, 0x1F, 0xC0, 0x34, 0x00, 0x00, 0x7F, 0x00, 0xD0, 0x0C,
    0x01, 0xFC, 0x00, 0x00, 0x70, 0x07, 0xF0, 0x00, 0x03, 0x80, 0x1F, 0xC0, 0x00, 0x1D, 0x00, 0x7F,
    0x00, 0x06, 0xF0, 0x3F, 0xFF, 0xFF, 0xFF, 0xC0, 0x00, 0x00, 0x01, 0xD0, 0x00, 0x00, 0x00, 0x0E,
    0x00, 0x00, 0x00, 0x00, 0x78, 0x00, 0x00, 0x00, 0x00, 0xF4, 0xC0, 0x00, 0x00, 0x01, 0xFD, 0x00,
    0x00, 0xBF, 0xE0, 0x01, 0xF4, 0x1F, 0x01, 0xF4, 0x02, 0xE0, 0xFC, 0x00, 0x3C, 0x3F, 0x00, 0x0F,
    0x4F, 0xFF, 0xFF, 0xD3, 0xF0, 0x00, 0x00, 0xFC, 0x00, 0x00, 0x1F, 0x80, 0x03, 0x01, 0xF8, 0x07,
    0x80, 0x0B, 0xFF, 0x00, 0x00, 0x0F, 0x00, 0x00, 0x0B, 0x40, 0x00, 0x03, 0xD0, 0x00, 0x00, 0xBC,
    0x90, 0x00, 0x0B, 0xE0, 0x00, 0x60, 0x01, 0x80, 0x00, 0x00, 0xF8, 0x7D, 0x00, 0x00, 0x00, 0xBF,
    0xC0, 0x00, 0x00, 0x00, 0x78, 0x00, 0x00, 0x00, 0x00, 0x00, 0x00, 0x00, 0x00, 0x00, 0x00, 0x00,
    0x03, 0xFF, 0xFF, 0xFF, 0xF8, 0x00, 0x7F, 0x00, 0x07, 0xE0, 0x01, 0xFC, 0x00, 0x03, 0xC0, 0x07,
    0xF0, 0x00, 0x07, 0x00, 0x1F, 0xC0, 0x00, 0x0C, 0x00, 0x7F, 0x00, 0xD0, 0x30, 0x01, 0xFC, 0x03,
    0x40, 0x00, 0x07, 0xF0, 0x2D, 0x00, 0x00, 0x1F, 0xFF, 0xF4, 0x00, 0x00, 0x7F, 0x02, 0xD0, 0x00,
    0x01, 0xFC, 0x03, 0x40, 0x00, 0x07, 0xF0, 0x0D, 0x01, 0xC0, 0x1F, 0xC0, 0x00, 0x0B, 0x00, 0x7F,
    0x00, 0x00, 0x38, 0x01, 0xFC, 0x00, 0x02, 0xD0, 0x07, 0xF0, 0x00, 0x7F, 0x03, 0xFF, 0xFF, 0xFF,
    0xFC, 0x00, 0x01, 0x00, 0x04, 0x00, 0xF0, 0x1E, 0x00, 0x0F, 0xAE, 0x00, 0x00, 0xFE, 0x00, 0x00,
    0x0E, 0x00, 0x00, 0x00, 0x00, 0x00, 0x0B, 0xFE, 0x00, 0x1F, 0x41, 0xF0, 0x0F, 0x40, 0x2F, 0x0B,
    0xC0, 0x03, 0xC3, 0xF0, 0x00, 0xF4, 0xFF, 0xFF, 0xFD, 0x3F, 0x00, 0x00, 0x0F, 0xC0, 0x00, 0x01,
    0xF8, 0x00, 0x30, 0x1F, 0x80, 0x78, 0x00, 0xBF, 0xE4, 0x00, 0x00, 0x00, 0x04, 0x00, 0x00, 0x00,
    0x00, 0x0B, 0xC0, 0x00, 0x00, 0x00, 0x0F, 0xBC, 0x00, 0x00, 0x00, 0x0F, 0x43, 0xD0, 0x00, 0x00,
    0x01, 0x00, 0x10, 0x00, 0x00, 0x00, 0x00, 0x00, 0x00, 0x00, 0x00, 0x6F, 0xFE, 0x07, 0x00, 0x01,
    0xFD, 0x00, 0x7B, 0xC0, 0x03, 0xF4, 0x00, 0x03, 0xF0, 0x03, 0xF8, 0x00, 0x00, 0x3C, 0x01, 0xFC,
    0x00, 0x00, 0x0B, 0x00, 0xFE, 0x00, 0x00, 0x00, 0xC0, 0x3F, 0x80, 0x00, 0x00, 0x00, 0x1F, 0xD0,
    0x00, 0x00, 0x00, 0x07, 0xF4, 0x00, 0x00, 0x00, 0x01, 0xFD, 0x00, 0x00, 0x00, 0x00, 0x3F, 0x80,
    0x03, 0xFF, 0xFF, 0x0F, 0xF0, 0x00, 0x01, 0xFC, 0x01, 0xFC, 0x00, 0x00, 0x7F, 0x00, 0x2F, 0x80,
    0x00, 0x1F, 0xC0, 0x02, 0xF8, 0x00, 0x0B, 0xF0, 0x00, 0x1F, 0xD0, 0x0B, 0xBC, 0x00, 0x00, 0x6F,
    0xFE, 0x07, 0x00, 0x00, 0x00, 0x00, 0x00, 0x02, 0xD0, 0x00, 0x00, 0xBF, 0x40, 0x00, 0x3D, 0x2E,
    0x00, 0x07, 0x00, 0x70, 0x00, 0x00, 0x00, 0x00, 0x01, 0xFF, 0x87, 0xD0, 0xBC, 0x1F, 0x8F, 0x1F,
    0x40, 0xBC, 0xE2, 0xF0, 0x07, 0xD0, 0x1F, 0x00, 0x7D, 0x00, 0xB8, 0x0F, 0x80, 0x0A, 0xBF, 0xD0,
    0x00, 0xC0, 0x00, 0x00, 0x0E, 0x00, 0x00, 0x00, 0xFF, 0xFF, 0x90, 0x07, 0xFF, 0xFF, 0xC2, 0xD0,
    0x00, 0x7D, 0x3C, 0x00, 0x02, 0xE3, 0xD0, 0x00, 0x3D, 0x1F, 0x40, 0x1F, 0x80, 0x2F, 0xFF, 0x80,
    0x00, 0x09, 0x00, 0x0C, 0x00, 0x00, 0x00, 0xD0, 0x0A, 0x00, 0x00, 0x00, 0x0B, 0xF9, 0x00, 0x00,
    0x00, 0x00, 0x00, 0x00, 0x00, 0x00, 0x00, 0x00, 0x00, 0x00, 0x00, 0x01, 0xBF, 0xFE, 0x6C, 0x00,
    0x07, 0xF4, 0x00, 0x7F, 0x00, 0x0F, 0xE0, 0x00, 0x02, 0xC0, 0x0B, 0xE0, 0x00, 0x00, 0x20, 0x07,
    0xF0, 0x00, 0x00, 0x00, 0x03, 0xF8, 0x00, 0x00, 0x00, 0x00, 0xFE, 0x00, 0x00, 0x00, 0x00, 0x7F,
    0x40, 0x00, 0x00, 0x00, 0x1F, 0xD0, 0x00, 0x00, 0x00, 0x07, 0xF4, 0x00, 0x00, 0x00, 0x00, 0xFE,
    0x00, 0x0F, 0xFF, 0xFC, 0x3F, 0xC0, 0x00, 0x07, 0xF0, 0x07, 0xF0, 0x00, 0x01, 0xFC, 0x00, 0xBE,
    0x00, 0x00, 0x7F, 0x00, 0x0B, 0xE0, 0x00, 0x2F, 0xC0, 0x00, 0x7F, 0x40, 0x2E, 0xF0, 0x00, 0x01,
    0xBF, 0xF8, 0x00, 0x00, 0x03, 0x00, 0x09, 0x00, 0x28, 0x02, 0xC0, 0x00, 0x7F, 0xD0, 0x00, 0x00,
    0x00, 0x00, 0x01, 0xFF, 0x87, 0xD0, 0xBC, 0x1F, 0x8F, 0x1F, 0x40, 0xBC, 0xE2, 0xF0, 0x07, 0xD0,
    0x1F, 0x00, 0x7D, 0x00, 0xB8, 0x0F, 0x80, 0x0A, 0xBF, 0xD0, 0x00, 0xC0, 0x00, 0x00, 0x0E, 0x00,
    0x00, 0x00, 0xFF, 0xFF, 0x90, 0x07, 0xFF, 0xFF, 0xC2, 0xD0, 0x00, 0x7D, 0x3C, 0x00, 0x02, 0xE3,
    0xD0, 0x00, 0x3D, 0x1F, 0x40, 0x1F, 0x80, 0x2F, 0xFF, 0x80, 0x00, 0x00, 0x2E, 0x00, 0x00, 0x00,
    0x00, 0x0F, 0xD0, 0x00, 0x00, 0x00, 0x03, 0xF4, 0x00, 0x00, 0x00, 0x00, 0xB8, 0x00, 0x00, 0x00,
    0x00, 0x00, 0x00, 0x00, 0x00, 0x00, 0x00, 0x00, 0x00, 0x00, 0x00, 0x6F, 0xFE, 0x07, 0x00, 0x01,
    0xFD, 0x00, 0x7B, 0xC0, 0x03, 0xF4, 0x00, 0x03, 0xF0, 0x03, 0xF8, 0x00, 0x00, 0x3C, 0x01, 0xFC,
    0x00, 0x00, 0x0B, 0x00, 0xFE, 0x00, 0x00, 0x00, 0xC0, 0x3F, 0x80, 0x00, 0x00, 0x00, 0x1F, 0xD0,
    0x00, 0x00, 0x00, 0x07, 0xF4, 0x00, 0x00, 0x00, 0x01, 0xFD, 0x00, 0x00, 0x00, 0x00, 0x3F, 0x80,
    0x03, 0xFF, 0xFF, 0x0F, 0xF0, 0x00, 0x01, 0xFC, 0x01, 0xFC, 0x00, 0x00, 0x7F, 0x00, 0x2F, 0x80,
    0x00, 0x1F, 0xC0, 0x02, 0xF8, 0x00, 0x0B, 0xF0, 0x00, 0x1F, 0xD0, 0x0B, 0xFC, 0x00, 0x00, 0x6F,
    0xFE, 0x07, 0x00, 0x00, 0x2E, 0x00, 0x00, 0x07, 0xF0, 0x00, 0x00, 0x7F, 0x00, 0x00, 0x03, 0xE0,
    0x00, 0x00, 0x00, 0x00, 0x00, 0x00, 0x00, 0x00, 0x01, 0xFF, 0x87, 0xD0, 0xBC, 0x1F, 0x8F, 0x1F,
    0x40, 0xBC, 0xE2, 0xF0, 0x07, 0xD0, 0x1F, 0x00, 0x7D, 0x00, 0xB8, 0x0F, 0x80, 0x0A, 0xBF, 0xD0,
    0x00, 0xC0, 0x00, 0x00, 0x0E, 0x00, 0x00, 0x00, 0xFF, 0xFF, 0x90, 0x07, 0xFF, 0xFF, 0xC2, 0xD0,
    0x00, 0x7D, 0x3C, 0x00, 0x02, 0xE3, 0xD0, 0x00, 0x3D, 0x1F, 0x40, 0x1F, 0x80, 0x2F, 0xFF, 0x80,
    0x00, 0x00, 0x01, 0x00, 0x00, 0x00, 0x00, 0x00, 0xF8, 0x00, 0x00, 0x00, 0x00, 0x7F, 0xE0, 0x00,
    0x00, 0x00, 0x1E, 0x07, 0xC0, 0x00, 0x00, 0x00, 0x40, 0x04, 0x00, 0x00, 0x00, 0x00, 0x00, 0x00,
    0x00, 0x3F, 0xFF, 0xF0, 0x7F, 0xFF, 0xD0, 0x1F, 0xC0, 0x00, 0x3F, 0xC0, 0x01, 0xFC, 0x00, 0x03,
    0xFC, 0x00, 0x1F, 0xC0, 0x00, 0x3F, 0xC0, 0x01, 0xFC, 0x00, 0x03, 0xFC, 0x00, 0x1F, 0xC0, 0x00,
    0x3F, 0xC0, 0x01, 0xFC, 0x00, 0x03, 0xFC, 0x00, 0x1F, 0xC0, 0x00, 0x3F, 0xC0, 0x01, 0xFF, 0xFF,
    0xFF, 0xFC, 0x00, 0x1F, 0xC0, 0x00, 0x3F, 0xC0, 0x01, 0xFC, 0x00, 0x03, 0xFC, 0x00, 0x1F, 0xC0,
    0x00, 0x3F, 0xC0, 0x01, 0xFC, 0x00, 0x03, 0xFC, 0x00, 0x1F, 0xC0, 0x00, 0x3F, 0xC0, 0x01, 0xFC,
    0x00, 0x03, 0xFC, 0x00, 0x1F, 0xC0, 0x00, 0x3F, 0xC0, 0x3F, 0xFF, 0xF0, 0x7F, 0xFF, 0xD0, 0x00,
    0x00, 0x00, 0x00, 0x00, 0x3D, 0x00, 0x00, 0x03, 0xFD, 0x00, 0x00, 0x3C, 0x2D, 0x00, 0x01, 0x80,
    0x1C, 0x00, 0x00, 0x00, 0x00, 0x0F, 0xF8, 0x00, 0x00, 0x07, 0xE0, 0x00, 0x00, 0x0F, 0x80, 0x00,
    0x00, 0x3E, 0x00, 0x00, 0x00, 0xF8, 0x00, 0x00, 0x03, 0xE0, 0x00, 0x00, 0x0F, 0x87, 0xF8, 0x00,
    0x3E, 0xA0, 0xBC, 0x00, 0xFD, 0x01, 0xF8, 0x03, 0xF0, 0x03, 0xE0, 0x0F, 0x80, 0x0F, 0x80, 0x3E,
    0x00, 0x3E, 0x00, 0xF8, 0x00, 0xF8, 0x03, 0xE0, 0x03, 0xE0, 0x0F, 0x80, 0x0F, 0x80, 0x3E, 0x00,
    0x3E, 0x0F, 0xFF, 0x4F, 0xFF, 0x40, 0x0F, 0xF4, 0x00, 0x00, 0x00, 0xBD, 0x00, 0x00, 0x00, 0x1F,
    0x40, 0x00, 0x01, 0xFF, 0xFF, 0xD0, 0x00, 0x01, 0xF4, 0x00, 0x00, 0x00, 0x7D, 0x00, 0x00, 0x00,
    0x1F, 0x4B, 0xF8, 0x00, 0x07, 0xDD, 0x0F, 0xC0, 0x01, 0xFC, 0x01, 0xF4, 0x00, 0x7E, 0x00, 0x7D,
    0x00, 0x1F, 0x80, 0x1F, 0x40, 0x07, 0xD0, 0x07, 0xD0, 0x01, 0xF4, 0x01, 0xF4, 0x00, 0x7D, 0x00,
    0x7D, 0x00, 0x1F, 0x40, 0x1F, 0x40, 0x07, 0xD0, 0x07, 0xD0, 0x0F, 0xFF, 0x0F, 0xFF, 0x00, 0x00,
    0x00, 0x00, 0x00, 0xFF, 0xFF, 0xF8, 0x00, 0x00, 0x00, 0x00, 0x00, 0x0F, 0xFF, 0xFC, 0x01, 0xFC,
    0x00, 0x07, 0xF0, 0x00, 0x1F, 0xC0, 0x00, 0x7F, 0x00, 0x01, 0xFC, 0x00, 0x07, 0xF0, 0x00, 0x1F,
    0xC0, 0x00, 0x7F, 0x00, 0x01, 0xFC, 0x00, 0x07, 0xF0, 0x00, 0x1F, 0xC0, 0x00, 0x7F, 0x00, 0x01,
    0xFC, 0x00, 0x07, 0xF0, 0x00, 0x1F, 0xC0, 0x0F, 0xFF, 0xFC, 0xFF, 0xFF, 0xF4, 0x00, 0x00, 0x00,
    0x00, 0x00, 0x00, 0x00, 0x00, 0x0F, 0xF8, 0x00, 0x03, 0xE0, 0x00, 0x0F, 0x80, 0x00, 0x3E, 0x00,
    0x00, 0xF8, 0x00, 0x03, 0xE0, 0x00, 0x0F, 0x80, 0x00, 0x3E, 0x00, 0x00, 0xF8, 0x00, 0x03, 0xE0,
    0x00, 0xFF, 0xF0, 0x00, 0x00, 0xB8, 0x00, 0x07, 0xF4, 0x00, 0x1F, 0xD0, 0x00, 0x2E, 0x00, 0x00,
    0x00, 0x00, 0x00, 0x00, 0x00, 0x00, 0x00, 0x0F, 0xFF, 0xFC, 0x01, 0xFC, 0x00, 0x07, 0xF0, 0x00,
    0x1F, 0xC0, 0x00, 0x7F, 0x00, 0x01, 0xFC, 0x00, 0x07, 0xF0, 0x00, 0x1F, 0xC0, 0x00, 0x7F, 0x00,
    0x01, 0xFC, 0x00, 0x07, 0xF0, 0x00, 0x1F, 0xC0, 0x00, 0x7F, 0x00, 0x01, 0xFC, 0x00, 0x07, 0xF0,
    0x00, 0x1F, 0xC0, 0x0F, 0xFF, 0xFC, 0xFF, 0x80, 0x3E, 0x00, 0xF8, 0x03, 0xE0, 0x0F, 0x80, 0x3E,
    0x00, 0xF8, 0x03, 0xE0, 0x0F, 0x80, 0x3E, 0x0F, 0xFF, 0x00, 0x00, 0x00, 0x10, 0x00, 0x00, 0x0B,
    0x80, 0x00, 0x03, 0xEF, 0x00, 0x00, 0xF0, 0x3C, 0x00, 0x04, 0x00, 0x40, 0x00, 0x00, 0x00, 0x00,
    0xFF, 0xFF, 0xC0, 0x00, 0x1F, 0xC0, 0x00, 0x01, 0xFC, 0x00, 0x00, 0x1F, 0xC0, 0x00, 0x01, 0xFC,
    0x00, 0x00, 0x1F, 0xC0, 0x00, 0x01, 0xFC, 0x00, 0x00, 0x1F, 0xC0, 0x00, 0x01, 0xFC, 0x00, 0x00,
    0x1F, 0xC0, 0x00, 0x01, 0xFC, 0x00, 0x00, 0x1F, 0xC0, 0x2E, 0x01, 0xFC, 0x07, 0xF4, 0x1F, 0xC0,
    0x7F, 0x02, 0xFC, 0x03, 0xE0, 0x7F, 0x00, 0x07, 0xFF, 0x40, 0x00, 0x00, 0x00, 0x00, 0x00, 0x0B,
    0x40, 0x00, 0x2F, 0xD0, 0x00, 0xF4, 0xB4, 0x01, 0xC0, 0x1C, 0x00, 0x00, 0x00, 0x00, 0xFF, 0x80,
    0x00, 0x0F, 0x80, 0x00, 0x0F, 0x80, 0x00, 0x0F, 0x80, 0x00, 0x0F, 0x80, 0x00, 0x0F, 0x80, 0x00,
    0x0F, 0x80, 0x00, 0x0F, 0x80, 0x00, 0x0F, 0x80, 0x00, 0x0F, 0x80, 0x00, 0x0F, 0x80, 0x00, 0x0F,
    0x80, 0x00, 0x0F, 0x80, 0x3D, 0x1F, 0x40, 0x7E, 0x3E, 0x00, 0x1F, 0xF4, 0x00, 0x00, 0x1D, 0x00,
    0x00, 0x00, 0x2F, 0xC0, 0x00, 0x00, 0x3F, 0xD0, 0x00, 0x00, 0x2D, 0x00, 0x00, 0x00, 0x00, 0x00,
    0x00, 0x00, 0x0F, 0xFF, 0xFE, 0x00, 0x00, 0x1F, 0xC0, 0x00, 0x00, 0x07, 0xF0, 0x00, 0x00, 0x01,
    0xFC, 0x00, 0x00, 0x00, 0x7F, 0x00, 0x00, 0x00, 0x1F, 0xC0, 0x00, 0x00, 0x07, 0xF0, 0x00, 0x00,
    0x01, 0xFC, 0x00, 0x00, 0x00, 0x7F, 0x00, 0x00, 0x00, 0x1F, 0xC0, 0x00, 0x00, 0x07, 0xF0, 0x00,
    0x00, 0x01, 0xFC, 0x00, 0x03, 0x00, 0x7F, 0x00, 0x01, 0xC0, 0x1F, 0xC0, 0x00, 0xF0, 0x07, 0xF0,
    0x00, 0x78, 0x01, 0xFC, 0x00, 0xBD, 0x0F, 0xFF, 0xFF, 0xFF, 0x40, 0x00, 0x04, 0x00, 0xBD, 0x07,
    0xFD, 0x0F, 0xA4, 0x00, 0x00, 0xFF, 0x80, 0x0F, 0x80, 0x0F, 0x80, 0x0F, 0x80, 0x0F, 0x80, 0x0F,
    0x80, 0x0F, 0x80, 0x0F, 0x80, 0x0F, 0x80, 0x0F, 0x80, 0x0F, 0x80, 0x0F, 0x80, 0x0F, 0x80, 0x0F,
    0x80, 0x0F, 0x80, 0x0F, 0x80, 0xFF, 0xF4, 0x00, 0x00, 0x0B, 0x80, 0x00, 0x00, 0x03, 0xF8, 0x00,
    0x00, 0x01, 0xFF, 0x00, 0x00, 0x00, 0x3F, 0xC0, 0x3F, 0xFF, 0xF8, 0x20, 0x00, 0x7F, 0x00, 0x30,
    0x00, 0x1F, 0xC0, 0x34, 0x00, 0x07, 0xF0, 0x04, 0x00, 0x01, 0xFC, 0x00, 0x00, 0x00, 0x7F, 0x00,
    0x00, 0x00, 0x1F, 0xC0, 0x00, 0x00, 0x07, 0xF0, 0x00, 0x00, 0x01, 0xFC, 0x00, 0x00, 0x00, 0x7F,
    0x00, 0x00, 0x00, 0x1F, 0xC0, 0x00, 0x00, 0x07, 0xF0, 0x00, 0x0C, 0x01, 0xFC, 0x00, 0x07, 0x00,
    0x7F, 0x00, 0x03, 0xC0, 0x1F, 0xC0, 0x01, 0xE0, 0x07, 0xF0, 0x02, 0xF8, 0x3F, 0xFF, 0xFF, 0xFD,
    0x00, 0x00, 0x0B, 0x80, 0x00, 0x3F, 0x8F, 0xF8, 0xFF, 0x03, 0xE2, 0xFC, 0x0F, 0x80, 0x60, 0x3E,
    0x03, 0x00, 0xF8, 0x74, 0x03, 0xE0, 0x00, 0x0F, 0x80, 0x00, 0x3E, 0x00, 0x00, 0xF8, 0x00, 0x03,
    0xE0, 0x00, 0x0F, 0x80, 0x00, 0x3E, 0x00, 0x00, 0xF8, 0x00, 0x03, 0xE0, 0x00, 0x0F, 0x80, 0x00,
    0x3E, 0x00, 0x0F, 0xFF, 0x40, 0x00, 0x00, 0x00, 0x00, 0x00, 0x0F, 0xFF, 0xFE, 0x00, 0x00, 0x1F,
    0xC0, 0x00, 0x00, 0x07, 0xF0, 0x00, 0x00, 0x01, 0xFC, 0x06, 0x00, 0x00, 0x7F, 0x0B, 0x40, 0x00,
    0x1F, 0xDF, 0x00, 0x00, 0x07, 0xFE, 0x00, 0x00, 0x01, 0xFD, 0x00, 0x00, 0x00, 0x7F, 0x00, 0x00,
    0x00, 0x7F, 0xC0, 0x00, 0x00, 0x7B, 0xF0, 0x00, 0x00, 0x01, 0xFC, 0x00, 0x03, 0x00, 0x7F, 0x00,
    0x01, 0xC0, 0x1F, 0xC0, 0x00, 0xF0, 0x07, 0xF0, 0x00, 0x78, 0x01, 0xFC, 0x00, 0xBE, 0x0F, 0xFF,
    0xFF, 0xFF, 0x40, 0x3F, 0xD0, 0x07, 0xD0, 0x07, 0xD0, 0x07, 0xD0, 0x07, 0xD0, 0x07, 0xD5, 0x07,
    0xFD, 0x07, 0xF0, 0x0B, 0xD0, 0x2F, 0xD0, 0x27, 0xD0, 0x07, 0xD0, 0x07, 0xD0, 0x07, 0xD0, 0x07,
    0xD0, 0x07, 0xD0, 0x3F, 0xFC, 0x00, 0x00, 0x00, 0x00, 0x00, 0x40, 0x00, 0x00, 0x00, 0x00, 0x3F,
    0x00, 0x00, 0x00, 0x00, 0x2F, 0xF0, 0x00, 0x00, 0x00, 0x03, 0xE9, 0x00, 0x00, 0x00, 0x00, 0x00,
    0x00, 0x00, 0x03, 0xFF, 0xE0, 0x00, 0x3F, 0xFD, 0x01, 0xFF, 0x80, 0x00, 0x2C, 0x00, 0x1E, 0xFD,
    0x00, 0x02, 0xC0, 0x01, 0xCB, 0xF4, 0x00, 0x2C, 0x00, 0x1C, 0x3F, 0xC0, 0x02, 0xC0, 0x01, 0xC0,
    0xFF, 0x00, 0x2C, 0x00, 0x1C, 0x03, 0xFC, 0x02, 0xC0, 0x01, 0xC0, 0x1F, 0xE0, 0x2C, 0x00, 0x1C,
    0x00, 0x7F, 0x42, 0xC0, 0x01, 0xC0, 0x02, 0xFD, 0x2C, 0x00, 0x1C, 0x00, 0x0F, 0xF2, 0xC0, 0x01,
    0xC0, 0x00, 0x3F, 0xEC, 0x00, 0x1C, 0x00, 0x00, 0xFF, 0xC0, 0x01, 0xC0, 0x00, 0x07, 0xFC, 0x00,
    0x1C, 0x00, 0x00, 0x1F, 0xC0, 0x01, 0xC0, 0x00, 0x00, 0xBC, 0x03, 0xFF, 0xE0, 0x00, 0x02, 0x80,
    0x00, 0x00, 0xB4, 0x00, 0x00, 0x0B, 0xE0, 0x00, 0x00, 0xBF, 0x80, 0x00, 0x07, 0xF4, 0x00, 0x00,
    0x08, 0x00, 0x00, 0x00, 0x00, 0x00, 0x0F, 0xF4, 0xBF, 0x80, 0x07, 0xDE, 0x0B, 0xC0, 0x0F, 0xD0,
    0x1F, 0x80, 0x3F, 0x00, 0x3E, 0x00, 0xF8, 0x00, 0xF8, 0x03, 0xE0, 0x03, 0xE0, 0x0F, 0x80, 0x0F,
    0x80, 0x3E, 0x00, 0x3E, 0x00, 0xF8, 0x00, 0xF8, 0x03, 0xE0, 0x03, 0xE0, 0xFF, 0xF4, 0xFF, 0xF4,
    0x00, 0x02, 0x40, 0x09, 0x00, 0x00, 0x00, 0x1F, 0x4B, 0xC0, 0x00, 0x00, 0x00, 0x3F, 0xE0, 0x00,
    0x00, 0x00, 0x00, 0xB4, 0x00, 0x00, 0x00, 0x00, 0x00, 0x00, 0x00, 0x00, 0x00, 0x00, 0x00, 0x00,
    0x00, 0x3F, 0xFE, 0x00, 0x03, 0xFF, 0xD0, 0x1F, 0xF8, 0x00, 0x02, 0xC0, 0x01, 0xEF, 0xD0, 0x00,
    0x2C, 0x00, 0x1C, 0xBF, 0x40, 0x02, 0xC0, 0x01, 0xC3, 0xFC, 0x00, 0x2C, 0x00, 0x1C, 0x0F, 0xF0,
    0x02, 0xC0, 0x01, 0xC0, 0x3F, 0xC0, 0x2C, 0x00, 0x1C, 0x01, 0xFE, 0x02, 0xC0, 0x01, 0xC0, 0x07,
    0xF4, 0x2C, 0x00, 0x1C, 0x00, 0x2F, 0xD2, 0xC0, 0x01, 0xC0, 0x00, 0xFF, 0x2C, 0x00, 0x1C, 0x00,
    0x03, 0xFE, 0xC0, 0x01, 0xC0, 0x00, 0x0F, 0xFC, 0x00, 0x1C, 0x00, 0x00, 0x7F, 0xC0, 0x01, 0xC0,
    0x00, 0x01, 0xFC, 0x00, 0x1C, 0x00, 0x00, 0x0B, 0xC0, 0x3F, 0xFE, 0x00, 0x00, 0x28, 0x00, 0x04,
    0x00, 0x04, 0x00, 0x1E, 0x02, 0xD0, 0x00, 0x1F, 0xBD, 0x00, 0x00, 0x1F, 0xD0, 0x00, 0x00, 0x1D,
    0x00, 0x00, 0x00, 0x00, 0x00, 0x0F, 0xF4, 0xBF, 0x80, 0x07, 0xDE, 0x0B, 0xC0, 0x0F, 0xD0, 0x1F,
    0x80, 0x3F, 0x00, 0x3E, 0x00, 0xF8, 0x00, 0xF8, 0x03, 0xE0, 0x03, 0xE0, 0x0F, 0x80, 0x0F, 0x80,
    0x3E, 0x00, 0x3E, 0x00, 0xF8, 0x00, 0xF8, 0x03, 0xE0, 0x03, 0xE0, 0xFF, 0xF4, 0xFF, 0xF4, 0x00,
    0x00, 0x7C, 0x1F, 0x00, 0x00, 0x1F, 0xFA, 0xFD, 0x00, 0x00, 0xFA, 0x7E, 0x90, 0x00, 0x00, 0x00,
    0x00, 0x00, 0x00, 0x0B, 0xFF, 0x90, 0x00, 0x02, 0xF8, 0x07, 0xF4, 0x00, 0x3F, 0x00, 0x02, 0xF8,
    0x03, 0xF4, 0x00, 0x03, 0xF4, 0x1F, 0xC0, 0x00, 0x07, 0xF0, 0xFE, 0x00, 0x00, 0x0F, 0xD3, 0xF8,
    0x00, 0x00, 0x3F, 0x9F, 0xD0, 0x00, 0x00, 0xFF, 0x7F, 0x40, 0x00, 0x03, 0xFD, 0xFD, 0x00, 0x00,
    0x0F, 0xF3, 0xF8, 0x00, 0x00, 0x3F, 0xCF, 0xE0, 0x00, 0x00, 0xFD, 0x2F, 0xC0, 0x00, 0x07, 0xF0,
    0x3F, 0x40, 0x00, 0x3F, 0x40, 0x3F, 0x40, 0x02, 0xF8, 0x00, 0x2F, 0x80, 0x7F, 0x40, 0x00, 0x0B,
    0xFF, 0x90, 0x00, 0x00, 0x07, 0x81, 0xD0, 0x01, 0xFC, 0xBF, 0x00, 0x7F, 0xDF, 0xE0, 0x0F, 0xE7,
    0xF4, 0x00, 0x90, 0x24, 0x00, 0x00, 0x00, 0x00, 0x00, 0xBF, 0xE4, 0x00, 0x7D, 0x03, 0xE0, 0x0F,
    0x40, 0x0F, 0x83, 0xF0, 0x00, 0xFC, 0x3F, 0x00, 0x0B, 0xD3, 0xF0, 0x00, 0xBE, 0x3F, 0x00, 0x0B,
    0xD3, 0xF0, 0x00, 0xFC, 0x1F, 0x40, 0x0F, 0x80, 0x7D, 0x03, 0xF0, 0x00, 0xBF, 0xE4, 0x00, 0x00,
    0x1B, 0xFF, 0xFF, 0xFF, 0xFF, 0xC0, 0x03, 0xF4, 0x07, 0xFC, 0x00, 0x2F, 0x00, 0x7F, 0x00, 0x07,
    0xF0, 0x00, 0x2C, 0x03, 0xF0, 0x00, 0x1F, 0xC0, 0x00, 0x34, 0x3F, 0x80, 0x00, 0x3F, 0x00, 0x00,
    0xD1, 0xFC, 0x00, 0x00, 0xFC, 0x00, 0xD2, 0x8B, 0xF0, 0x00, 0x03, 0xF0, 0x03, 0x40, 0x3F, 0xC0,
    0x00, 0x0F, 0xC0, 0x2D, 0x00, 0xFF, 0x00, 0x00, 0x3F, 0xFF, 0xF4, 0x03, 0xFC, 0x00, 0x00, 0xFC,
    0x02, 0xD0, 0x0F, 0xF0, 0x00, 0x03, 0xF0, 0x03, 0x40, 0x1F, 0xC0, 0x00, 0x0F, 0xC0, 0x0D, 0x0D,
    0x3F, 0x80, 0x00, 0x3F, 0x00, 0x00, 0x30, 0x7F, 0x00, 0x01, 0xFC, 0x00, 0x01, 0xC0, 0xBF, 0x00,
    0x07, 0xF0, 0x00, 0x0F, 0x00, 0x7F, 0x40, 0x7F, 0xC0, 0x02, 0xF8, 0x00, 0x1B, 0xFF, 0xFF, 0xFF,
    0xFF, 0xD0, 0x00, 0xBF, 0xE0, 0x1B, 0xF8, 0x00, 0x7D, 0x07, 0xDB, 0xC0, 0xF4, 0x1F, 0x40, 0x0F,
    0xF0, 0x07, 0xC3, 0xF0, 0x00, 0xBE, 0x00, 0x3D, 0x3E, 0x00, 0x0B, 0xD0, 0x03, 0xD3, 0xE0, 0x00,
    0x7F, 0xFF, 0xFD, 0x3F, 0x00, 0x0B, 0xD0, 0x00, 0x03, 0xF0, 0x00, 0xBE, 0x00, 0x00, 0x1F, 0x40,
    0x0F, 0xF0, 0x00, 0xD0, 0x7D, 0x07, 0xEB, 0xD0, 0x7C, 0x00, 0xBF, 0xE0, 0x0B, 0xFD, 0x00, 0x00,
    0x00, 0x00, 0x00, 0x00, 0x00, 0x00, 0x00, 0x40, 0x00, 0x00, 0x00, 0x00, 0x7F, 0x00, 0x00, 0x00,
    0x00, 0x2F, 0xF0, 0x00, 0x00, 0x00, 0x07, 0xE8, 0x00, 0x00, 0x00, 0x00, 0x00, 0x00, 0x00, 0x03,
    0xFF, 0xFF, 0xFE, 0x40, 0x00, 0x01, 0xFC, 0x00, 0x7F, 0x40, 0x00, 0x1F, 0xC0, 0x01, 0xFC, 0x00,
    0x01, 0xFC, 0x00, 0x0F, 0xE0, 0x00, 0x1F, 0xC0, 0x00, 0xFF, 0x00, 0x01, 0xFC, 0x00, 0x0F, 0xE0,
    0x00, 0x1F, 0xC0, 0x01, 0xFC, 0x00, 0x01, 0xFC, 0x00, 0x7F, 0x40, 0x00, 0x1F, 0xFF, 0xFF, 0x40,
    0x00, 0x01, 0xFC, 0x01, 0xFD, 0x00, 0x00, 0x1F, 0xC0, 0x07, 0xF0, 0x00, 0x01, 0xFC, 0x00, 0x3F,
    0x80, 0x00, 0x1F, 0xC0, 0x03, 0xF8, 0x00, 0x01, 0xFC, 0x00, 0x3F, 0xC0, 0x00, 0x1F, 0xC0, 0x03,
    0xFC, 0x09, 0x01, 0xFC, 0x00, 0x1F, 0xE1, 0xC3, 0xFF, 0xFF, 0x00, 0x2F, 0xF4, 0x00, 0x02, 0xD0,
    0x00, 0x0B, 0xF0, 0x00, 0x2F, 0xE0, 0x00, 0x7F, 0x40, 0x00, 0x20, 0x00, 0x00, 0x00, 0x00, 0x3F,
    0xC7, 0xF4, 0x07, 0xDC, 0xFC, 0x07, 0xF0, 0xB8, 0x07, 0xE0, 0x00, 0x07, 0xD0, 0x00, 0x07, 0xD0,
    0x00, 0x07, 0xD0, 0x00, 0x07, 0xD0, 0x00, 0x07, 0xD0, 0x00, 0x07, 0xD0, 0x00, 0x3F, 0xFE, 0x00,
    0x00, 0x24, 0x00, 0x90, 0x00, 0x00, 0x01, 0xF4, 0xB8, 0x00, 0x00, 0x00, 0x03, 0xFD, 0x00, 0x00,
    0x00, 0x00, 0x0B, 0x00, 0x00, 0x00, 0x00, 0x00, 0x00, 0x00, 0x00, 0x00, 0x00, 0x00, 0x00, 0x00,
    0x00, 0x3F, 0xFF, 0xFF, 0xE4, 0x00, 0x00, 0x1F, 0xC0, 0x07, 0xF4, 0x00, 0x01, 0xFC, 0x00, 0x1F,
    0xC0, 0x00, 0x1F, 0xC0, 0x00, 0xFE, 0x00, 0x01, 0xFC, 0x00, 0x0F, 0xF0, 0x00, 0x1F, 0xC0, 0x00,
    0xFE, 0x00, 0x01, 0xFC, 0x00, 0x1F, 0xC0, 0x00, 0x1F, 0xC0, 0x07, 0xF4, 0x00, 0x01, 0xFF, 0xFF,
    0xF4, 0x00, 0x00, 0x1F, 0xC0, 0x1F, 0xD0, 0x00, 0x01, 0xFC, 0x00, 0x7F, 0x00, 0x00, 0x1F, 0xC0,
    0x03, 0xF8, 0x00, 0x01, 0xFC, 0x00, 0x3F, 0x80, 0x00, 0x1F, 0xC0, 0x03, 0xFC, 0x00, 0x01, 0xFC,
    0x00, 0x3F, 0xC0, 0x90, 0x1F, 0xC0, 0x01, 0xFE, 0x1C, 0x3F, 0xFF, 0xF0, 0x02, 0xFF, 0x40, 0x04,
    0x00, 0x10, 0x0B, 0x40, 0xF0, 0x02, 0xEB, 0xC0, 0x00, 0xBF, 0x00, 0x00, 0x2C, 0x00, 0x00, 0x00,
    0x00, 0x3F, 0xC7, 0xF4, 0x07, 0xDC, 0xFC, 0x07, 0xF0, 0xB8, 0x07, 0xE0, 0x00, 0x07, 0xD0, 0x00,
    0x07, 0xD0, 0x00, 0x07, 0xD0, 0x00, 0x07, 0xD0, 0x00, 0x07, 0xD0, 0x00, 0x07, 0xD0, 0x00, 0x3F,
    0xFE, 0x00, 0x00, 0x00, 0x40, 0x00, 0x00, 0xBD, 0x00, 0x00, 0x7F, 0xE0, 0x00, 0x0F, 0xA4, 0x00,
    0x00, 0x00, 0x00, 0x00, 0x2F, 0xF9, 0x24, 0x0F, 0x40, 0x7F, 0x83, 0xD0, 0x00, 0xB8, 0x3C, 0x00,
    0x03, 0x87, 0xD0, 0x00, 0x28, 0x7F, 0x80, 0x00, 0x03, 0xFF, 0xE9, 0x00, 0x1F, 0xFF, 0xFC, 0x00,
    0x7F, 0xFF, 0xF0, 0x00, 0x6F, 0xFF, 0xC0, 0x00, 0x07, 0xFC, 0x00, 0x00, 0x0B, 0xD7, 0x00, 0x00,
    0x3D, 0x70, 0x00, 0x03, 0xC7, 0x80, 0x00, 0x78, 0x7F, 0x40, 0x1F, 0x07, 0x0B, 0xFF, 0x40, 0x00,
    0x07, 0x80, 0x00, 0x3F, 0x00, 0x03, 0xFC, 0x00, 0x3F, 0x80, 0x00, 0x90, 0x00, 0x00, 0x00, 0x00,
    0x7F, 0xEA, 0x0B, 0x40, 0x78, 0x3C, 0x00, 0xA0, 0xFD, 0x40, 0x02, 0xFF, 0xF4, 0x02, 0xFF, 0xF8,
    0x00, 0x1B, 0xF0, 0xC0, 0x02, 0xD3, 0x80, 0x07, 0x0F, 0x80, 0x7C, 0x35, 0xFF, 0x80, 0x00, 0x00,
    0x00, 0x00, 0x00, 0x00, 0x00, 0x03, 0xD0, 0x00, 0x01, 0xFF, 0x80, 0x00, 0x78, 0x1F, 0x00, 0x01,
    0x00, 0x10, 0x00, 0x00, 0x00, 0x00, 0x02, 0xFF, 0x92, 0x40, 0xF4, 0x07, 0xF8, 0x3D, 0x00, 0x0B,
    0x83, 0xC0, 0x00, 0x38, 0x7D, 0x00, 0x02, 0x87, 0xF8, 0x00, 0x00, 0x3F, 0xFE, 0x90, 0x01, 0xFF,
    0xFF, 0xC0, 0x07, 0xFF, 0xFF, 0x00, 0x06, 0xFF, 0xFC, 0x00, 0x00, 0x7F, 0xC0, 0x00, 0x00, 0xBD,
    0x70, 0x00, 0x03, 0xD7, 0x00, 0x00, 0x3C, 0x78, 0x00, 0x07, 0x87, 0xF4, 0x01, 0xF0, 0x70, 0xBF,
    0xF4, 0x00, 0x00, 0x00, 0x00, 0x01, 0xE0, 0x00, 0x2F, 0xE0, 0x02, 0xD1, 0xE0, 0x0C, 0x00, 0xC0,
    0x00, 0x00, 0x00, 0x6F, 0xEA, 0x07, 0x40, 0x78, 0x3C, 0x00, 0xA0, 0xFD, 0x40, 0x02, 0xFF, 0xF4,
    0x01, 0xFF, 0xF8, 0x00, 0x1B, 0xF0, 0xC0, 0x02, 0xD3, 0x80, 0x07, 0x0F, 0x80, 0x78, 0x35, 0xFF,
    0x40, 0x00, 0x00, 0x00, 0x01, 0xFF, 0x92, 0x40, 0xF4, 0x0B, 0xF8, 0x2D, 0x00, 0x0F, 0x83, 0xC0,
    0x00, 0x78, 0x7C, 0x00, 0x03, 0x87, 0xF0, 0x00, 0x24, 0x3F, 0xE4, 0x00, 0x03, 0xFF, 0xFE, 0x00,
    0x0F, 0xFF, 0xFD, 0x00, 0x2F, 0xFF, 0xF4, 0x00, 0x1B, 0xFF, 0xC0, 0x00, 0x01, 0xFC, 0x60, 0x00,
    0x0B, 0xD7, 0x00, 0x00, 0x3D, 0x74, 0x00, 0x03, 0xC7, 0xC0, 0x00, 0xB8, 0x7F, 0x90, 0x1F, 0x06,
    0x1B, 0xFF, 0x40, 0x00, 0x0B, 0xE0, 0x00, 0x00, 0x0B, 0xD0, 0x00, 0x00, 0xBD, 0x00, 0x0F, 0xFE,
    0x40, 0x07, 0xFE, 0xA0, 0x74, 0x0B, 0x83, 0xC0, 0x0A, 0x0F, 0xD4, 0x00, 0x2F, 0xFF, 0x40, 0x2F,
    0xFF, 0x80, 0x01, 0xBF, 0x0C, 0x00, 0x3D, 0x38, 0x00, 0x70, 0xF8, 0x03, 0xC3, 0xAF, 0xF8, 0x00,
    0x3F, 0x00, 0x00, 0x6F, 0x80, 0x00, 0x1F, 0x40, 0x01, 0xFC, 0x03, 0xFF, 0x80, 0x03, 0x00, 0x1C,
    0x00, 0x2E, 0x1F, 0x40, 0x00, 0x7F, 0xC0, 0x00, 0x00, 0xE0, 0x00, 0x00, 0x00, 0x00, 0x00, 0x00,
    0x00, 0x00, 0x02, 0xFF, 0x92, 0x40, 0xF4, 0x07, 0xF8, 0x3D, 0x00, 0x0B, 0x83, 0xC0, 0x00, 0x38,
    0x7D, 0x00, 0x02, 0x87, 0xF8, 0x00, 0x00, 0x3F, 0xFE, 0x90, 0x01, 0xFF, 0xFF, 0xC0, 0x07, 0xFF,
    0xFF, 0x00, 0x06, 0xFF, 0xFC, 0x00, 0x00, 0x7F, 0xC0, 0x00, 0x00, 0xBD, 0x70, 0x00, 0x03, 0xD7,
    0x00, 0x00, 0x3C, 0x78, 0x00, 0x07, 0x87, 0xF4, 0x01, 0xF0, 0x70, 0xBF, 0xF4, 0x00, 0x10, 0x00,
    0x00, 0x74, 0x0B, 0x00, 0x7E, 0xF0, 0x00, 0x7F, 0x00, 0x00, 0x70, 0x00, 0x00, 0x00, 0x00, 0x7F,
    0xEA, 0x0B, 0x40, 0x78, 0x3C, 0x00, 0xA0, 0xFD, 0x40, 0x02, 0xFF, 0xF4, 0x02, 0xFF, 0xF8, 0x00,
    0x1B, 0xF0, 0xC0, 0x02, 0xD3, 0x80, 0x07, 0x0F, 0x80, 0x7C, 0x35, 0xFF, 0x80, 0x00, 0x00, 0x00,
    0x7F, 0xFF, 0xFF, 0xFF, 0xDB, 0xD0, 0x3F, 0xC0, 0x7E, 0xB0, 0x03, 0xFC, 0x00, 0xEE, 0x00, 0x3F,
    0xC0, 0x0A, 0xD0, 0x03, 0xFC, 0x00, 0x7D, 0x00, 0x3F, 0xC0, 0x07, 0x00, 0x03, 0xFC, 0x00, 0x00,
    0x00, 0x3F, 0xC0, 0x00, 0x00, 0x03, 0xFC, 0x00, 0x00, 0x00, 0x3F, 0xC0, 0x00, 0x00, 0x03, 0xFC,
    0x00, 0x00, 0x00, 0x3F, 0xC0, 0x00, 0x00, 0x03, 0xFC, 0x00, 0x00, 0x00, 0x3F, 0xC0, 0x00, 0x00,
    0x03, 0xFC, 0x00, 0x00, 0x00, 0x3F, 0xC0, 0x00, 0x02, 0xFF, 0xFF, 0xF8, 0x00, 0x00, 0x1F, 0x40,
    0x00, 0x00, 0x00, 0xBF, 0x00, 0x00, 0x00, 0x00, 0xF8, 0x00, 0x00, 0x00, 0x2F, 0x80, 0x00, 0x03,
    0xFF, 0x90, 0x00, 0x00, 0x90, 0x00, 0x03, 0x40, 0x00, 0x0D, 0x00, 0x00, 0xB4, 0x00, 0x0B, 0xD0,
    0x01, 0xFF, 0xFF, 0x00, 0x7D, 0x00, 0x01, 0xF4, 0x00, 0x07, 0xD0, 0x00, 0x1F, 0x40, 0x00, 0x7D,
    0x00, 0x01, 0xF4, 0x14, 0x07, 0xD0, 0xA0, 0x1F, 0x42, 0x40, 0x3F, 0x0C, 0x00, 0x2F, 0xD0, 0x00,
    0x2F, 0x40, 0x00, 0x2F, 0xC0, 0x00, 0x0F, 0x80, 0x00, 0xBD, 0x03, 0xFF, 0x90, 0x00, 0x34, 0x01,
    0xC0, 0x00, 0x02, 0xE0, 0xF8, 0x00, 0x00, 0x07, 0xFD, 0x00, 0x00, 0x00, 0x0F, 0x00, 0x00, 0x00,
    0x00, 0x00, 0x00, 0x00, 0x00, 0x00, 0x00, 0x00, 0x7F, 0xFF, 0xFF, 0xFF, 0xDB, 0xD0, 0x3F, 0xC0,
    0x7E, 0xB0, 0x03, 0xFC, 0x00, 0xEA, 0x00, 0x3F, 0xC0, 0x0A, 0xD0, 0x03, 0xFC, 0x00, 0x7D, 0x00,
    0x3F, 0xC0, 0x07, 0x00, 0x03, 0xFC, 0x00, 0x00, 0x00, 0x3F, 0xC0, 0x00, 0x00, 0x03, 0xFC, 0x00,
    0x00, 0x00, 0x3F, 0xC0, 0x00, 0x00, 0x03, 0xFC, 0x00, 0x00, 0x00, 0x3F, 0xC0, 0x00, 0x00, 0x03,
    0xFC, 0x00, 0x00, 0x00, 0x3F, 0xC0, 0x00, 0x00, 0x03, 0xFC, 0x00, 0x00, 0x00, 0x3F, 0xC0, 0x00,
    0x02, 0xFF, 0xFF, 0xF8, 0x00, 0x00, 0x00, 0x00, 0x00, 0x00, 0x00, 0xF4, 0x00, 0x02, 0xFC, 0x00,
    0x02, 0xFD, 0x00, 0x00, 0xFD, 0x00, 0x00, 0x0C, 0x00, 0xD0, 0x28, 0x00, 0xD0, 0xA0, 0x02, 0xD0,
    0x40, 0x0B, 0xD0, 0x00, 0x7F, 0xFF, 0xC0, 0x07, 0xD0, 0x00, 0x07, 0xD0, 0x00, 0x07, 0xD0, 0x00,
    0x07, 0xD0, 0x00, 0x07, 0xD0, 0x00, 0x07, 0xD0, 0x50, 0x07, 0xD0, 0xA0, 0x07, 0xD0, 0x90, 0x03,
    0xF1, 0xC0, 0x00, 0xBF, 0x40, 0x00, 0x3F, 0xFF, 0xFF, 0xC0, 0x00, 0x00, 0x00, 0x00, 0x00, 0x00,
    0x00, 0x00, 0x00, 0x00, 0x00, 0x00, 0x00, 0x00, 0x00, 0x00, 0x00, 0x3F, 0xFF, 0xF0, 0x0B, 0xFF,
    0xC0, 0x1F, 0xC0, 0x00, 0x03, 0x80, 0x01, 0xFC, 0x00, 0x00, 0x34, 0x00, 0x1F, 0xC0, 0x00, 0x03,
    0x40, 0x01, 0xFC, 0x00, 0x00, 0x34, 0x00, 0x1F, 0xC0, 0x00, 0x03, 0x40, 0x01, 0xFC, 0x00, 0x00,
    0x34, 0x00, 0x1F, 0xC0, 0x00, 0x03, 0x40, 0x01, 0xFC, 0x00, 0x00, 0x34, 0x00, 0x1F, 0xC0, 0x00,
    0x03, 0x40, 0x01, 0xFC, 0x00, 0x00, 0x34, 0x00, 0x1F, 0xC0, 0x00, 0x03, 0x40, 0x00, 0xFD, 0x00,
    0x00, 0x34, 0x00, 0x0B, 0xE0, 0x00, 0x07, 0x00, 0x00, 0x3F, 0x00, 0x00, 0xD0, 0x00, 0x00, 0xFD,
    0x00, 0xB4, 0x00, 0x00, 0x01, 0xBF, 0xF8, 0x00, 0x00, 0x0F, 0xFF, 0xFF, 0x40, 0x00, 0x00, 0x00,
    0x00, 0x00, 0x00, 0x00, 0x00, 0x00, 0x00, 0x00, 0xFF, 0x80, 0xFF, 0x80, 0x7E, 0x00, 0x7E, 0x00,
    0xF8, 0x00, 0xF8, 0x03, 0xE0, 0x03, 0xE0, 0x0F, 0x80, 0x0F, 0x80, 0x3E, 0x00, 0x3E, 0x00, 0xF8,
    0x00, 0xF8, 0x03, 0xE0, 0x07, 0xE0, 0x0F, 0x80, 0x2F, 0x80, 0x3F, 0x02, 0xFF, 0x00, 0x2F, 0xF8,
    0xFF, 0x40, 0x00, 0x00, 0x00, 0x00, 0x06, 0x00, 0x09, 0x00, 0x00, 0x00, 0x38, 0x02, 0xC0, 0x00,
    0x00, 0x00, 0x7F, 0xD0, 0x00, 0x00, 0x00, 0x00, 0x00, 0x00, 0x00, 0x00, 0x00, 0x00, 0x00, 0x00,
    0x03, 0xFF, 0xFF, 0x00, 0xBF, 0xFC, 0x01, 0xFC, 0x00, 0x00, 0x38, 0x00, 0x1F, 0xC0, 0x00, 0x03,
    0x40, 0x01, 0xFC, 0x00, 0x00, 0x34, 0x00, 0x1F, 0xC0, 0x00, 0x03, 0x40, 0x01, 0xFC, 0x00, 0x00,
    0x34, 0x00, 0x1F, 0xC0, 0x00, 0x03, 0x40, 0x01, 0xFC, 0x00, 0x00, 0x34, 0x00, 0x1F, 0xC0, 0x00,
    0x03, 0x40, 0x01, 0xFC, 0x00, 0x00, 0x34, 0x00, 0x1F, 0xC0, 0x00, 0x03, 0x40, 0x01, 0xFC, 0x00,
    0x00, 0x34, 0x00, 0x0F, 0xD0, 0x00, 0x03, 0x40, 0x00, 0xBE, 0x00, 0x00, 0x70, 0x00, 0x03, 0xF0,
    0x00, 0x0D, 0x00, 0x00, 0x0F, 0xD0, 0x0B, 0x40, 0x00, 0x00, 0x1B, 0xFF, 0x80, 0x00, 0x03, 0x00,
    0x06, 0x00, 0x0B, 0x40, 0x70, 0x00, 0x06, 0xFE, 0x00, 0x00, 0x00, 0x00, 0x00, 0xFF, 0x80, 0xFF,
    0x80, 0x7E, 0x00, 0x7E, 0x00, 0xF8, 0x00, 0xF8, 0x03, 0xE0, 0x03, 0xE0, 0x0F, 0x80, 0x0F, 0x80,
    0x3E, 0x00, 0x3E, 0x00, 0xF8, 0x00, 0xF8, 0x03, 0xE0, 0x07, 0xE0, 0x0F, 0x80, 0x2F, 0x80, 0x3F,
    0x02, 0xFF, 0x00, 0x2F, 0xF8, 0xFF, 0x40, 0x00, 0x00, 0x00, 0x00, 0x00, 0x0B, 0xE0, 0x00, 0x00,
    0x00, 0x02, 0x81, 0xC0, 0x00, 0x00, 0x00, 0x34, 0x0C, 0x00, 0x00, 0x00, 0x02, 0x81, 0xC0, 0x00,
    0x00, 0x00, 0x0B, 0xF0, 0x00, 0x00, 0x00, 0x00, 0x00, 0x00, 0x00, 0x3F, 0xFF, 0xF0, 0x0B, 0xFF,
    0xC0, 0x1F, 0xC0, 0x00, 0x03, 0x80, 0x01, 0xFC, 0x00, 0x00, 0x34, 0x00, 0x1F, 0xC0, 0x00, 0x03,
    0x40, 0x01, 0xFC, 0x00, 0x00, 0x34, 0x00, 0x1F, 0xC0, 0x00, 0x03, 0x40, 0x01, 0xFC, 0x00, 0x00,
    0x34, 0x00, 0x1F, 0xC0, 0x00, 0x03, 0x40, 0x01, 0xFC, 0x00, 0x00, 0x34, 0x00, 0x1F, 0xC0, 0x00,
    0x03, 0x40, 0x01, 0xFC, 0x00, 0x00, 0x34, 0x00, 0x1F, 0xC0, 0x00, 0x03, 0x40, 0x00, 0xFD, 0x00,
    0x00, 0x34, 0x00, 0x0B, 0xE0, 0x00, 0x07, 0x00, 0x00, 0x3F, 0x00, 0x00, 0xD0, 0x00, 0x00, 0xFD,
    0x00, 0xB4, 0x00, 0x00, 0x01, 0xBF, 0xF8, 0x00, 0x00, 0x00, 0x2F, 0xC0, 0x00, 0x01, 0xC1, 0xC0,
    0x00, 0x09, 0x03, 0x00, 0x00, 0x1C, 0x1C, 0x00, 0x00, 0x2F, 0xC0, 0x00, 0x00, 0x00, 0x00, 0x0F,
    0xF8, 0x0F, 0xF8, 0x07, 0xE0, 0x07, 0xE0, 0x0F, 0x80, 0x0F, 0x80, 0x3E, 0x00, 0x3E, 0x00, 0xF8,
    0x00, 0xF8, 0x03, 0xE0, 0x03, 0xE0, 0x0F, 0x80, 0x0F, 0x80, 0x3E, 0x00, 0x7E, 0x00, 0xF8, 0x02,
    0xF8, 0x03, 0xF0, 0x2F, 0xF0, 0x02, 0xFF, 0x8F, 0xF4, 0x00, 0x00, 0x00, 0x00, 0x00, 0x00, 0x0B,
    0x42, 0xD0, 0x00, 0x00, 0x0B, 0xFD, 0xFE, 0x00, 0x00, 0x02, 0xE9, 0xFA, 0x40, 0x00, 0x00, 0x00,
    0x00, 0x00, 0x00, 0x3F, 0xFF, 0xF0, 0x0B, 0xFF, 0xC0, 0x1F, 0xC0, 0x00, 0x03, 0x80, 0x01, 0xFC,
    0x00, 0x00, 0x34, 0x00, 0x1F, 0xC0, 0x00, 0x03, 0x40, 0x01, 0xFC, 0x00, 0x00, 0x34, 0x00, 0x1F,
    0xC0, 0x00, 0x03, 0x40, 0x01, 0xFC, 0x00, 0x00, 0x34, 0x00, 0x1F, 0xC0, 0x00, 0x03, 0x40, 0x01,
    0xFC, 0x00, 0x00, 0x34, 0x00, 0x1F, 0xC0, 0x00, 0x03, 0x40, 0x01, 0xFC, 0x00, 0x00, 0x34, 0x00,
    0x1F, 0xC0, 0x00, 0x03, 0x40, 0x00, 0xFD, 0x00, 0x00, 0x34, 0x00, 0x0B, 0xE0, 0x00, 0x07, 0x00,
    0x00, 0x3F, 0x00, 0x00, 0xD0, 0x00, 0x00, 0xFD, 0x00, 0xB4, 0x00, 0x00, 0x01, 0xBF, 0xF8, 0x00,
    0x00, 0x00, 0x07, 0x82, 0xD0, 0x00, 0x7F, 0x2F, 0xC0, 0x0B, 0xFA, 0xFD, 0x00, 0x3D, 0x1E, 0x40,
    0x00, 0x00, 0x00, 0x00, 0x00, 0x00, 0x00, 0x0F, 0xF8, 0x0F, 0xF8, 0x07, 0xE0, 0x07, 0xE0, 0x0F,
    0x80, 0x0F, 0x80, 0x3E, 0x00, 0x3E, 0x00, 0xF8, 0x00, 0xF8, 0x03, 0xE0, 0x03, 0xE0, 0x0F, 0x80,
    0x0F, 0x80, 0x3E, 0x00, 0x7E, 0x00, 0xF8, 0x02, 0xF8, 0x03, 0xF0, 0x2F, 0xF0, 0x02, 0xFF, 0x8F,
    0xF4, 0x00, 0x00, 0x00, 0x00, 0x00, 0x03, 0xD0, 0xB8, 0x00, 0x00, 0x00, 0xFF, 0x0F, 0xD0, 0x00,
    0x00, 0x0F, 0xF0, 0xFD, 0x00, 0x00, 0x00, 0x3D, 0x0B, 0x80, 0x00, 0x00, 0x00, 0x00, 0x00, 0x00,
    0x0B, 0xFF, 0xFC, 0x00, 0x3F, 0xFC, 0x02, 0xFD, 0x00, 0x00, 0x74, 0x00, 0x0F, 0xF0, 0x00, 0x0E,
    0x00, 0x00, 0x7F, 0x80, 0x02, 0xC0, 0x00, 0x02, 0xFD, 0x00, 0x34, 0x00, 0x00, 0x0F, 0xF0, 0x0E,
    0x00, 0x00, 0x00, 0x7F, 0xC2, 0xC0, 0x00, 0x00, 0x02, 0xFD, 0x34, 0x00, 0x00, 0x00, 0x0F, 0xFE,
    0x00, 0x00, 0x00, 0x00, 0x7F, 0xC0, 0x00, 0x00, 0x00, 0x03, 0xF8, 0x00, 0x00, 0x00, 0x00, 0x3F,
    0x80, 0x00, 0x00, 0x00, 0x03, 0xF8, 0x00, 0x00, 0x00, 0x00, 0x3F, 0x80, 0x00, 0x00, 0x00, 0x03,
    0xF8, 0x00, 0x00, 0x00, 0x00, 0x3F, 0x80, 0x00, 0x00, 0x00, 0xBF, 0xFF, 0xD0, 0x00, 0x00, 0x00,
    0x00, 0x00, 0x00, 0x00, 0x00, 0x00, 0x10, 0x00, 0x00, 0x00, 0xFC, 0x00, 0x00, 0x0B, 0xFC, 0x00,
    0x00, 0x0F, 0xA4, 0x00, 0x00, 0x00, 0x00, 0x00, 0x2F, 0xFF, 0xFF, 0xFC, 0x3F, 0x90, 0x0B, 0xF8,
    0x3D, 0x00, 0x0F, 0xF0, 0x38, 0x00, 0x3F, 0xC0, 0x34, 0x00, 0xBF, 0x80, 0x30, 0x01, 0xFF, 0x00,
    0x00, 0x03, 0xFC, 0x00, 0x00, 0x0B, 0xF8, 0x00, 0x00, 0x1F, 0xF0, 0x00, 0x00, 0x3F, 0xC0, 0x00,
    0x00, 0xBF, 0x40, 0x0C, 0x01, 0xFF, 0x00, 0x0C, 0x03, 0xFC, 0x00, 0x1C, 0x0B, 0xF4, 0x00, 0x2C,
    0x1F, 0xF0, 0x00, 0x7C, 0x3F, 0xC0, 0x06, 0xFC, 0x7F, 0xFF, 0xFF, 0xF8, 0x00, 0x02, 0xD0, 0x00,
    0x0B, 0xF0, 0x00, 0x2F, 0xE0, 0x00, 0x7E, 0x40, 0x00, 0x10, 0x00, 0x00, 0x00, 0x00, 0x2F, 0xFF,
    0xFD, 0x2E, 0x01, 0xFC, 0x28, 0x03, 0xF0, 0x34, 0x0F, 0xD0, 0x00, 0x2F, 0x80, 0x00, 0xBF, 0x00,
    0x01, 0xFC, 0x09, 0x03, 0xF4, 0x0D, 0x0F, 0xD0, 0x0D, 0x2F, 0x80, 0x7C, 0x3F, 0xFF, 0xFC, 0x00,
    0x02, 0xE0, 0x00, 0x00, 0x07, 0xF4, 0x00, 0x00, 0x07, 0xF4, 0x00, 0x00, 0x02, 0xE0, 0x00, 0x00,
    0x00, 0x00, 0x00, 0x00, 0x00, 0x00, 0x00, 0x00, 0x00, 0x00, 0x00, 0x2F, 0xFF, 0xFF, 0xFC, 0x3F,
    0x90, 0x0B, 0xF8, 0x3D, 0x00, 0x0F, 0xF0, 0x3C, 0x00, 0x3F, 0xC0, 0x34, 0x00, 0xBF, 0x80, 0x30,
    0x01, 0xFF, 0x00, 0x00, 0x03, 0xFC, 0x00, 0x00, 0x0B, 0xF8, 0x00, 0x00, 0x1F, 0xF0, 0x00, 0x00,
    0x3F, 0xC0, 0x00, 0x00, 0xBF, 0x40, 0x0C, 0x01, 0xFF, 0x00, 0x0C, 0x03, 0xFC, 0x00, 0x1C, 0x0B,
    0xF4, 0x00, 0x2C, 0x1F, 0xF0, 0x00, 0x7C, 0x3F, 0xC0, 0x06, 0xFC, 0x7F, 0xFF, 0xFF, 0xF8, 0x00,
    0x1F, 0x00, 0x00, 0x3F, 0x80, 0x00, 0x3F, 0x80, 0x00, 0x1F, 0x00, 0x00, 0x00, 0x00, 0x00, 0x00,
    0x00, 0x2F, 0xFF, 0xFD, 0x2E, 0x01, 0xFC, 0x28, 0x03, 0xF0, 0x34, 0x0F, 0xD0, 0x00, 0x2F, 0x80,
    0x00, 0xBF, 0x00, 0x01, 0xFC, 0x09, 0x03, 0xF4, 0x0D, 0x0F, 0xD0, 0x0D, 0x2F, 0x80, 0x7C, 0x3F,
    0xFF, 0xFC, 0x02, 0x40, 0x09, 0x00, 0x01, 0xF4, 0xBC, 0x00, 0x00, 0x3F, 0xE0, 0x00, 0x00, 0x0B,
    0x40, 0x00, 0x00, 0x00, 0x00, 0x00, 0x00, 0x00, 0x00, 0x00, 0x2F, 0xFF, 0xFF, 0xFC, 0x3F, 0x90,
    0x0B, 0xF4, 0x3D, 0x00, 0x0F, 0xF0, 0x38, 0x00, 0x3F, 0xC0, 0x34, 0x00, 0xBF, 0x40, 0x30, 0x01,
    0xFF, 0x00, 0x00, 0x03, 0xFC, 0x00, 0x00, 0x0B, 0xF4, 0x00, 0x00, 0x1F, 0xF0, 0x00, 0x00, 0x3F,
    0xC0, 0x00, 0x00, 0xBF, 0x40, 0x0C, 0x01, 0xFF, 0x00, 0x0C, 0x03, 0xFC, 0x00, 0x1C, 0x0B, 0xF4,
    0x00, 0x2C, 0x1F, 0xF0, 0x00, 0x7C, 0x3F, 0xC0, 0x06, 0xFC, 0x7F, 0xFF, 0xFF, 0xF8, 0x04, 0x00,
    0x10, 0x0B, 0x40, 0xF0, 0x02, 0xEB, 0xC0, 0x00, 0xBF, 0x00, 0x00, 0x2C, 0x00, 0x00, 0x00, 0x00,
    0x2F, 0xFF, 0xFD, 0x2E, 0x01, 0xFC, 0x28, 0x03, 0xF0, 0x34, 0x0F, 0xD0, 0x00, 0x2F, 0x80, 0x00,
    0xBF, 0x00, 0x01, 0xFC, 0x09, 0x03, 0xF4, 0x0D, 0x0F, 0xD0, 0x0D, 0x2F, 0x80, 0x7C, 0x3F, 0xFF,
    0xFC, 0x00, 0x03, 0xD0, 0x00, 0x00, 0x00, 0x1F, 0xF4, 0x00, 0x00, 0x00, 0x3F, 0xF0, 0x00, 0x00,
    0x00, 0x00, 0x00, 0x00, 0x00, 0x00, 0x00, 0x00, 0x00, 0xFF, 0xFF, 0xFF, 0xFE, 0x00, 0x1F, 0xC0,
    0x01, 0xF8, 0x00, 0x7F, 0x00, 0x00, 0xF0, 0x01, 0xFC, 0x00, 0x01, 0xC0, 0x07, 0xF0, 0x00, 0x03,
    0x00, 0x1F, 0xC0, 0x34, 0x0C, 0x00, 0x7F, 0x00, 0xD0, 0x00, 0x01, 0xFC, 0x0B, 0x40, 0x00, 0x07,
    0xFF, 0xFD, 0x00, 0x00, 0x1F, 0xC0, 0xB4, 0x00, 0x00, 0x7F, 0x00, 0xD0, 0x00, 0x01, 0xFC, 0x03,
    0x40, 0x30, 0x07, 0xF0, 0x00, 0x01, 0xC0, 0x1F, 0xC0, 0x00, 0x0E, 0x00, 0x7F, 0x00, 0x00, 0x74,
    0x01, 0xFC, 0x00, 0x1B, 0xC0, 0xFF, 0xFF, 0xFF, 0xFF, 0x00, 0x00, 0x1F, 0x02, 0xE0, 0x00, 0x00,
    0xFE, 0x1F, 0xD0, 0x00, 0x03, 0xF8, 0x7F, 0x40, 0x00, 0x07, 0xC0, 0xB8, 0x00, 0x00, 0x00, 0x00,
    0x00, 0x00, 0xFF, 0xFF, 0xFF, 0xFE, 0x00, 0x1F, 0xC0, 0x01, 0xF8, 0x00, 0x7F, 0x00, 0x00, 0xF0,
    0x01, 0xFC, 0x00, 0x01, 0xC0, 0x07, 0xF0, 0x00, 0x03, 0x00, 0x1F, 0xC0, 0x34, 0x0C, 0x00, 0x7F,
    0x00, 0xD0, 0x00, 0x01, 0xFC, 0x0B, 0x40, 0x00, 0x07, 0xFF, 0xFD, 0x00, 0x00, 0x1F, 0xC0, 0xB4,
    0x00, 0x00, 0x7F, 0x00, 0xD0, 0x00, 0x01, 0xFC, 0x03, 0x40, 0x30, 0x07, 0xF0, 0x00, 0x01, 0xC0,
    0x1F, 0xC0, 0x00, 0x0E, 0x00, 0x7F, 0x00, 0x00, 0x74, 0x01, 0xFC, 0x00, 0x1B, 0xC0, 0xFF, 0xFF,
    0xFF, 0xFF, 0x00, 0x7F, 0xFF, 0xFF, 0xFF, 0xD0, 0x01, 0xF4, 0x0F, 0xF0, 0x0B, 0x80, 0x0B, 0x00,
    0x3F, 0xC0, 0x0A, 0x00, 0x28, 0x00, 0xFF, 0x00, 0x1C, 0x00, 0xD0, 0x03, 0xFC, 0x00, 0x00, 0x03,
    0x40, 0x0F, 0xF0, 0x00, 0x00, 0x00, 0x00, 0x3F, 0xC1, 0xBF, 0xE4, 0x00, 0x00, 0xFF, 0x38, 0x03,
    0xF8, 0x00, 0x03, 0xFE, 0x00, 0x03, 0xF0, 0x00, 0x0F, 0xF0, 0x00, 0x0F, 0xC0, 0x00, 0x3F, 0xC0,
    0x00, 0x3F, 0x00, 0x00, 0xFF, 0x00, 0x00, 0xFC, 0x00, 0x03, 0xFC, 0x00, 0x03, 0xF0, 0x00, 0x0F,
    0xF0, 0x7D, 0x0F, 0xC0, 0x00, 0x3F, 0xC3, 0xFC, 0x7E, 0x00, 0x00, 0xFF, 0x0B, 0xD3, 0xE0, 0x02,
    0xFF, 0xFF, 0x07, 0xFD, 0x00, 0x00, 0x00, 0x07, 0x80, 0x00, 0x00, 0x0F, 0xF0, 0x00, 0x00, 0x1F,
    0xF8, 0x00, 0x00, 0x01, 0x40, 0x00, 0x00, 0x00, 0x00, 0x00, 0x0F, 0xFF, 0xFF, 0xFF, 0x40, 0x1F,
    0xC0, 0x07, 0xE0, 0x07, 0xF0, 0x00, 0x38, 0x01, 0xFC, 0x00, 0x0B, 0x00, 0x7F, 0x00, 0x01, 0xC0,
    0x1F, 0xC0, 0x00, 0x30, 0x07, 0xF0, 0x00, 0x00, 0x01, 0xFC, 0x00, 0x00, 0x00, 0x7F, 0x00, 0x00,
    0x00, 0x1F, 0xC0, 0x00, 0x00, 0x07, 0xF0, 0x00, 0x00, 0x01, 0xFC, 0x00, 0x00, 0x00, 0x7F, 0x00,
    0x00, 0x00, 0x1F, 0xC0, 0x00, 0x00, 0x07, 0xF0, 0x00, 0x00, 0x01, 0xFC, 0x00, 0x00, 0x0F, 0xFF,
    0xFE, 0x00, 0x00, 0x00, 0x06, 0xFF, 0xE4, 0x70, 0x01, 0xFE, 0x00, 0x7F, 0xC0, 0x2F, 0x80, 0x00,
    0x3F, 0x02, 0xFC, 0x00, 0x00, 0x3C, 0x0F, 0xC0, 0x00, 0x00, 0xB0, 0xBF, 0x00, 0x00, 0x00, 0xC3,
    0xF8, 0x00, 0x00, 0x00, 0x1F, 0xD0, 0x00, 0x00, 0x00, 0x7F, 0xFF, 0xF9, 0x00, 0x01, 0xFE, 0x0B,
    0xFF, 0xF0, 0x07, 0xF8, 0x02, 0xF8, 0x00, 0x0F, 0xF0, 0x00, 0x00, 0x00, 0x2F, 0xC0, 0x00, 0x00,
    0x30, 0x3F, 0x80, 0x00, 0x01, 0xC0, 0x3F, 0x80, 0x00, 0x0D, 0x00, 0x2F, 0xD0, 0x06, 0xD0, 0x00,
    0x06, 0xFF, 0xE4, 0x00, 0x00, 0x00, 0x00, 0x00, 0x2F, 0xF9, 0x24, 0x0F, 0x40, 0x7F, 0x83, 0xD0,
    0x00, 0xB8, 0x3C, 0x00, 0x03, 0x87, 0xD0, 0x00, 0x28, 0x7F, 0x80, 0x00, 0x03, 0xFF, 0xE9, 0x00,
    0x1F, 0xFF, 0xFC, 0x00, 0x7F, 0xFF, 0xF0, 0x00, 0x6F, 0xFF, 0xC0, 0x00, 0x07, 0xFC, 0x00, 0x00,
    0x0B, 0xD7, 0x00, 0x00, 0x3D, 0x70, 0x00, 0x03, 0xC7, 0x80, 0x00, 0x78, 0x7F, 0x40, 0x1F, 0x07,
    0x0B, 0xFF, 0x40, 0x00, 0x00, 0x00, 0xFF, 0xFF, 0xC0, 0x1F, 0xC0, 0x00, 0x7F, 0x00, 0x01, 0xFC,
    0x00, 0x07, 0xF0, 0x00, 0x1F, 0xC0, 0x00, 0x7F, 0x00, 0x01, 0xFC, 0x00, 0x07, 0xF0, 0x00, 0x1F,
    0xC0, 0x00, 0x7F, 0x00, 0x01, 0xFC, 0x00, 0x07, 0xF0, 0x00, 0x1F, 0xC0, 0x00, 0x7F, 0x00, 0x01,
    0xFC, 0x00, 0xFF, 0xFF, 0xC0, 0x00, 0x00, 0x00, 0xB8, 0x0F, 0x43, 0xF4, 0xBF, 0x0F, 0xE2, 0xFC,
    0x2E, 0x03, 0xD0, 0x00, 0x00, 0x03, 0xFF, 0xFF, 0x00, 0x7F, 0x00, 0x01, 0xFC, 0x00, 0x07, 0xF0,
    0x00, 0x1F, 0xC0, 0x00, 0x7F, 0x00, 0x01, 0xFC, 0x00, 0x07, 0xF0, 0x00, 0x1F, 0xC0, 0x00, 0x7F,
    0x00, 0x01, 0xFC, 0x00, 0x07, 0xF0, 0x00, 0x1F, 0xC0, 0x00, 0x7F, 0x00, 0x01, 0xFC, 0x00, 0x07,
    0xF0, 0x03, 0xFF, 0xFF, 0x00, 0x00, 0x00, 0x00, 0x00, 0x0F, 0xFF, 0xFC, 0x00, 0x01, 0xFC, 0x00,
    0x00, 0x1F, 0xC0, 0x00, 0x01, 0xFC, 0x00, 0x00, 0x1F, 0xC0, 0x00, 0x01, 0xFC, 0x00, 0x00, 0x1F,
    0xC0, 0x00, 0x01, 0xFC, 0x00, 0x00, 0x1F, 0xC0, 0x00, 0x01, 0xFC, 0x00, 0x00, 0x1F, 0xC0, 0x00,
    0x01, 0xFC, 0x02, 0xE0, 0x1F, 0xC0, 0x7F, 0x41, 0xFC, 0x07, 0xF0, 0x2F, 0xC0, 0x3E, 0x07, 0xF0,
    0x00, 0x7F, 0xF4, 0x00, 0x00, 0x3F, 0xFF, 0xFF, 0xFF, 0xE0, 0x00, 0x00, 0x00, 0x0C, 0x00, 0x2F,
    0xC0, 0x00, 0x00, 0x00, 0x00, 0xC0, 0x02, 0xFC, 0x00, 0x00, 0x00, 0x00, 0x0C, 0x00, 0x2F, 0xC0,
    0x00, 0x00, 0x00, 0x01, 0xC0, 0x02, 0xFC, 0x00, 0x00, 0x00, 0x00, 0x1C, 0x00, 0x2F, 0xC0, 0x00,
    0x00, 0x00, 0x01, 0xC0, 0x02, 0xFC, 0x00, 0x00, 0x00, 0x00, 0x1C, 0x00, 0x2F, 0xEF, 0xFE, 0x40,
    0x00, 0x01, 0x80, 0x02, 0xFD, 0x01, 0xFE, 0x00, 0x00, 0x28, 0x00, 0x2F, 0xC0, 0x07, 0xF4, 0x00,
    0x02, 0x40, 0x02, 0xFC, 0x00, 0x3F, 0xC0, 0x00, 0x34, 0x00, 0x2F, 0xC0, 0x02, 0xFC, 0x00, 0x03,
    0x00, 0x02, 0xFC, 0x00, 0x2F, 0xC2, 0xF0, 0x70, 0x00, 0x2F, 0xC0, 0x03, 0xFC, 0x3F, 0x8A, 0x00,
    0x02, 0xFC, 0x00, 0x3F, 0x83, 0xF1, 0xC0, 0x00, 0x2F, 0xC0, 0x0F, 0xE0, 0x0B, 0xE0, 0x00, 0x7F,
    0xFF, 0xFF, 0xE4, 0x00, 0x00, 0x00, 0x00, 0x00, 0x00, 0x00, 0x00, 0x03, 0xFF, 0xFF, 0x07, 0xFF,
    0xFE, 0x00, 0x00, 0x01, 0xFC, 0x00, 0x02, 0xFC, 0x00, 0x00, 0x00, 0x1F, 0xC0, 0x00, 0x2F, 0xC0,
    0x00, 0x00, 0x01, 0xFC, 0x00, 0x02, 0xFC, 0x00, 0x00, 0x00, 0x1F, 0xC0, 0x00, 0x2F, 0xC0, 0x00,
    0x00, 0x01, 0xFC, 0x00, 0x02, 0xFC, 0x00, 0x00, 0x00, 0x1F, 0xC0, 0x00, 0x2F, 0xC0, 0x00, 0x00,
    0x01, 0xFC, 0x00, 0x02, 0xFC, 0x00, 0x00, 0x00, 0x1F, 0xFF, 0xFF, 0xFF, 0xFF, 0xFE, 0x40, 0x01,
    0xFC, 0x00, 0x02, 0xFC, 0x01, 0xFF, 0x00, 0x1F, 0xC0, 0x00, 0x2F, 0xC0, 0x03, 0xF8, 0x01, 0xFC,
    0x00, 0x02, 0xFC, 0x00, 0x2F, 0xC0, 0x1F, 0xC0, 0x00, 0x2F, 0xC0, 0x02, 0xFC, 0x01, 0xFC, 0x00,
    0x02, 0xFC, 0x00, 0x3F, 0xC0, 0x1F, 0xC0, 0x00, 0x2F, 0xC0, 0x03, 0xF8, 0x01, 0xFC, 0x00, 0x02,
    0xFC, 0x00, 0xFF, 0x03, 0xFF, 0xFF, 0x07, 0xFF, 0xFF, 0xFF, 0x40, 0x7F, 0xFF, 0xFF, 0xFF, 0x80,
    0x1F, 0x43, 0xF8, 0x01, 0xF0, 0x0B, 0x00, 0xFE, 0x00, 0x2C, 0x02, 0x80, 0x3F, 0x80, 0x03, 0x00,
    0xD0, 0x0F, 0xE0, 0x00, 0x00, 0x34, 0x03, 0xF8, 0x00, 0x00, 0x00, 0x00, 0xFE, 0x1F, 0xF8, 0x00,
    0x00, 0x3F, 0xA8, 0x0F, 0xC0, 0x00, 0x0F, 0xF4, 0x01, 0xF4, 0x00, 0x03, 0xFC, 0x00, 0x7E, 0x00,
    0x00, 0xFE, 0x00, 0x1F, 0x80, 0x00, 0x3F, 0x80, 0x07, 0xE0, 0x00, 0x0F, 0xE0, 0x01, 0xF8, 0x00,
    0x03, 0xF8, 0x00, 0x7E, 0x00, 0x00, 0xFE, 0x00, 0x1F, 0x80, 0x00, 0x3F, 0x80, 0x07, 0xE0, 0x02,
    0xFF, 0xFE, 0x1F, 0xFF, 0x80, 0x00, 0x00, 0x00, 0x00, 0x00, 0x00, 0x00, 0x00, 0x7C, 0x00, 0x00,
    0x00, 0x00, 0x7F, 0xD0, 0x00, 0x00, 0x00, 0x0F, 0xA4, 0x00, 0x00, 0x00, 0x00, 0x00, 0x00, 0x00,
    0x3F, 0xFF, 0xF0, 0x07, 0xFF, 0xC0, 0x1F, 0xC0, 0x00, 0x0F, 0x40, 0x01, 0xFC, 0x00, 0x03, 0xC0,
    0x00, 0x1F, 0xC0, 0x00, 0xE0, 0x00, 0x01, 0xFC, 0x00, 0x78, 0x00, 0x00, 0x1F, 0xC0, 0x1D, 0x00,
    0x00, 0x01, 0xFC, 0x0B, 0x40, 0x00, 0x00, 0x1F, 0xC3, 0xFC, 0x00, 0x00, 0x01, 0xFD, 0xFF, 0xE0,
    0x00, 0x00, 0x1F, 0xF8, 0xBF, 0x40, 0x00, 0x01, 0xFE, 0x03, 0xFC, 0x00, 0x00, 0x1F, 0xC0, 0x0F,
    0xF0, 0x00, 0x01, 0xFC, 0x00, 0x7F, 0x80, 0x00, 0x1F, 0xC0, 0x02, 0xFD, 0x00, 0x01, 0xFC, 0x00,
    0x0F, 0xF0, 0x00, 0x1F, 0xC0, 0x00, 0x3F, 0xC0, 0x3F, 0xFF, 0xF0, 0x2F, 0xFF, 0xD0, 0x00, 0x00,
    0x78, 0x00, 0x00, 0x00, 0x00, 0x0F, 0xF8, 0x00, 0x00, 0x00, 0x00, 0x7F, 0xE0, 0x00, 0x00, 0x00,
    0x00, 0x00, 0x00, 0x00, 0x00, 0x00, 0x00, 0x00, 0x00, 0x03, 0xFF, 0xFF, 0x07, 0xFF, 0xFE, 0x01,
    0xFC, 0x00, 0x03, 0xFC, 0x00, 0x1F, 0xC0, 0x00, 0xBF, 0xC0, 0x01, 0xFC, 0x00, 0x1F, 0xFC, 0x00,
    0x1F, 0xC0, 0x03, 0xAF, 0xC0, 0x01, 0xFC, 0x00, 0xB2, 0xFC, 0x00, 0x1F, 0xC0, 0x0D, 0x2F, 0xC0,
    0x01, 0xFC, 0x03, 0x82, 0xFC, 0x00, 0x1F, 0xC0, 0x70, 0x2F, 0xC0, 0x01, 0xFC, 0x0D, 0x02, 0xFC,
    0x00, 0x1F, 0xC2, 0x80, 0x2F, 0xC0, 0x01, 0xFC, 0x70, 0x02, 0xFC, 0x00, 0x1F, 0xDD, 0x00, 0x2F,
    0xC0, 0x01, 0xFF, 0xC0, 0x02, 0xFC, 0x00, 0x1F, 0xF0, 0x00, 0x2F, 0xC0, 0x01, 0xFE, 0x00, 0x02,
    0xFC, 0x03, 0xFF, 0xFF, 0x07, 0xFF, 0xFE, 0x00, 0x00, 0xF4, 0x1F, 0x00, 0x00, 0x00, 0x1F, 0xC3,
    0xF8, 0x00, 0x00, 0x00, 0xF8, 0x1F, 0x40, 0x00, 0x00, 0x02, 0xFF, 0x80, 0x00, 0x00, 0x00, 0x00,
    0x00, 0x00, 0x03, 0xFF, 0xFC, 0x00, 0x3F, 0xFC, 0x02, 0xFD, 0x00, 0x00, 0x3C, 0x00, 0x0F, 0xF0,
    0x00, 0x03, 0x40, 0x00, 0x3F, 0x80, 0x00, 0xB0, 0x00, 0x02, 0xFD, 0x00, 0x0D, 0x00, 0x00, 0x0F,
    0xF0, 0x01, 0xC0, 0x00, 0x00, 0x3F, 0x80, 0x38, 0x00, 0x00, 0x02, 0xFD, 0x07, 0x00, 0x00, 0x00,
    0x0F, 0xF0, 0xB0, 0x00, 0x00, 0x00, 0x3F, 0xCD, 0x00, 0x00, 0x00, 0x01, 0xFF, 0xC0, 0x00, 0x00,
    0x00, 0x0F, 0xF8, 0x00, 0x00, 0x03, 0xD0, 0x3F, 0x00, 0x00, 0x00, 0xBF, 0x01, 0xD0, 0x00, 0x00,
    0x0B, 0xF0, 0x2C, 0x00, 0x00, 0x00, 0x3D, 0x0B, 0x00, 0x00, 0x00, 0x00, 0xBF, 0x40, 0x00, 0x00,
    0x00, 0x00, 0x00, 0x00, 0x00, 0x03, 0xFF, 0xFF, 0x07, 0xFF, 0xFE, 0x01, 0xFC, 0x00, 0x02, 0xFC,
    0x00, 0x1F, 0xC0, 0x00, 0x2F, 0xC0, 0x01, 0xFC, 0x00, 0x02, 0xFC, 0x00, 0x1F, 0xC0, 0x00, 0x2F,
    0xC0, 0x01, 0xFC, 0x00, 0x02, 0xFC, 0x00, 0x1F, 0xC0, 0x00, 0x2F, 0xC0, 0x01, 0xFC, 0x00, 0x02,
    0xFC, 0x00, 0x1F, 0xC0, 0x00, 0x2F, 0xC0, 0x01, 0xFC, 0x00, 0x02, 0xFC, 0x00, 0x1F, 0xC0, 0x00,
    0x2F, 0xC0, 0x01, 0xFC, 0x00, 0x02, 0xFC, 0x00, 0x1F, 0xC0, 0x00, 0x2F, 0xC0, 0x01, 0xFC, 0x00,
    0x02, 0xFC, 0x00, 0x1F, 0xC0, 0x00, 0x2F, 0xC0, 0x01, 0xFC, 0x00, 0x02, 0xFC, 0x03, 0xFF, 0xFF,
    0xFF, 0xFF, 0xFE, 0x00, 0x00, 0x1F, 0xC0, 0x00, 0x00, 0x00, 0x00, 0xF4, 0x00, 0x00, 0x00, 0x00,
    0x0B, 0x00, 0x00, 0x00, 0x00, 0x00, 0x70, 0x00, 0x00, 0x00, 0x00, 0x07, 0x00, 0x00, 0x00, 0x00,
    0x00, 0x38, 0x00, 0x00, 0x00, 0x00, 0x7C, 0x00, 0x00, 0x00, 0x00, 0xFE, 0x00, 0x00, 0x00, 0x01,
    0xFF, 0x00, 0x00, 0x00, 0x03, 0xFF, 0x40, 0x00, 0x00, 0x03, 0x3F, 0xC0, 0x00, 0x00, 0x0B, 0x1F,
    0xD0, 0x00, 0x00, 0x0D, 0x0F, 0xE0, 0x00, 0x00, 0x1C, 0x07, 0xF0, 0x00, 0x00, 0x38, 0x03, 0xF8,
    0x00, 0x00, 0x70, 0x02, 0xFC, 0x00, 0x00, 0xBF, 0xFF, 0xFD, 0x00, 0x00, 0xC0, 0x00, 0xBF, 0x00,
    0x02, 0xC0, 0x00, 0x7F, 0x00, 0x03, 0x40, 0x00, 0x3F, 0x80, 0x0B, 0x00, 0x00, 0x2F, 0xC0, 0xFF,
    0xF0, 0x03, 0xFF, 0xFE, 0x3F, 0xFF, 0xFF, 0xFF, 0x80, 0x07, 0xF0, 0x00, 0x7E, 0x00, 0x1F, 0xC0,
    0x00, 0x3C, 0x00, 0x7F, 0x00, 0x00, 0xB0, 0x01, 0xFC, 0x00, 0x00, 0xC0, 0x07, 0xF0, 0x00, 0x03,
    0x00, 0x1F, 0xC0, 0x00, 0x00, 0x00, 0x7F, 0xAF, 0xFE, 0x40, 0x01, 0xFD, 0x00, 0x2F, 0xC0, 0x07,
    0xF0, 0x00, 0x3F, 0xC0, 0x1F, 0xC0, 0x00, 0x7F, 0x80, 0x7F, 0x00, 0x00, 0xFF, 0x01, 0xFC, 0x00,
    0x03, 0xF8, 0x07, 0xF0, 0x00, 0x0F, 0xE0, 0x1F, 0xC0, 0x00, 0xBF, 0x00, 0x7F, 0x00, 0x0B, 0xF4,
    0x3F, 0xFF, 0xFF, 0xFE, 0x00, 0x3F, 0xFF, 0xFF, 0xF9, 0x00, 0x07, 0xF0, 0x00, 0xBE, 0x00, 0x1F,
    0xC0, 0x00, 0xFD, 0x00, 0x7F, 0x00, 0x02, 0xFC, 0x01, 0xFC, 0x00, 0x0B, 0xF0, 0x07, 0xF0, 0x00,
    0x2F, 0xC0, 0x1F, 0xC0, 0x00, 0xFD, 0x00, 0x7F, 0x00, 0x1F, 0xC0, 0x01, 0xFF, 0xFF, 0xF8, 0x00,
    0x07, 0xF0, 0x00, 0x7E, 0x00, 0x1F, 0xC0, 0x00, 0x7F, 0x00, 0x7F, 0x00, 0x00, 0xFE, 0x01, 0xFC,
    0x00, 0x03, 0xFC, 0x07, 0xF0, 0x00, 0x0F, 0xE0, 0x1F, 0xC0, 0x00, 0x7F, 0x40, 0x7F, 0x00, 0x07,
    0xF4, 0x3F, 0xFF, 0xFF, 0xFE, 0x00, 0x3F, 0xFF, 0xFF, 0xFD, 0x00, 0x7F, 0x00, 0x1F, 0x80, 0x1F,
    0xC0, 0x00, 0xE0, 0x07, 0xF0, 0x00, 0x2C, 0x01, 0xFC, 0x00, 0x07, 0x00, 0x7F, 0x00, 0x00, 0xC0,
    0x1F, 0xC0, 0x00, 0x00, 0x07, 0xF0, 0x00, 0x00, 0x01, 0xFC, 0x00, 0x00, 0x00, 0x7F, 0x00, 0x00,
    0x00, 0x1F, 0xC0, 0x00, 0x00, 0x07, 0xF0, 0x00, 0x00, 0x01, 0xFC, 0x00, 0x00, 0x00, 0x7F, 0x00,
    0x00, 0x00, 0x1F, 0xC0, 0x00, 0x00, 0x07, 0xF0, 0x00, 0x00, 0x3F, 0xFF, 0xF8, 0x00, 0x00, 0x00,
    0x0F, 0xFF, 0xFF, 0xFF, 0xF8, 0x00, 0x00, 0x30, 0x00, 0xBF, 0x00, 0x00, 0x00, 0x30, 0x00, 0xBF,
    0x00, 0x00, 0x00, 0x70, 0x00, 0xBF, 0x00, 0x00, 0x00, 0x70, 0x00, 0xBF, 0x00, 0x00, 0x00, 0x60,
    0x00, 0xBF, 0x00, 0x00, 0x00, 0xA0, 0x00, 0xBF, 0x00, 0x00, 0x00, 0x90, 0x00, 0xBF, 0x00, 0x00,
    0x00, 0xD0, 0x00, 0xBF, 0x00, 0x00, 0x00, 0xC0, 0x00, 0xBF, 0x00, 0x00, 0x01, 0x80, 0x00, 0xBF,
    0x00, 0x00, 0x03, 0x40, 0x00, 0xBF, 0x00, 0x00, 0x07, 0x00, 0x00, 0xBF, 0x00, 0x00, 0x0D, 0x00,
    0x00, 0xBF, 0x00, 0x00, 0x2C, 0x00, 0x00, 0xBF, 0x00, 0x00, 0xB0, 0x00, 0x00, 0xBF, 0x00, 0x1F,
    0xFF, 0xFF, 0xFF, 0xFF, 0xFC, 0x1F, 0x40, 0x00, 0x00, 0x01, 0xBC, 0x2C, 0x00, 0x00, 0x00, 0x00,
    0x2C, 0x28, 0x00, 0x00, 0x00, 0x00, 0x0D, 0x34, 0x00, 0x00, 0x00, 0x00, 0x0D, 0x30, 0x00, 0x00,
    0x00, 0x00, 0x0A, 0x3F, 0xFF, 0xFF, 0xFF, 0x80, 0x07, 0xF0, 0x00, 0x7E, 0x00, 0x1F, 0xC0, 0x00,
    0x3C, 0x00, 0x7F, 0x00, 0x00, 0x70, 0x01, 0xFC, 0x00, 0x00, 0xC0, 0x07, 0xF0, 0x0D, 0x03, 0x00,
    0x1F, 0xC0, 0x34, 0x00, 0x00, 0x7F, 0x02, 0xD0, 0x00, 0x01, 0xFF, 0xFF, 0x40, 0x00, 0x07, 0xF0,
    0x2D, 0x00, 0x00, 0x1F, 0xC0, 0x34, 0x00, 0x00, 0x7F, 0x00, 0xD0, 0x0C, 0x01, 0xFC, 0x00, 0x00,
    0x70, 0x07, 0xF0, 0x00, 0x03, 0x80, 0x1F, 0xC0, 0x00, 0x1D, 0x00, 0x7F, 0x00, 0x06, 0xF0, 0x3F,
    0xFF, 0xFF, 0xFF, 0xC0, 0x7F, 0xFC, 0x01, 0xFF, 0xFF, 0x80, 0x2F, 0xFE, 0x02, 0xD0, 0x00, 0x0B,
    0xF0, 0x00, 0x07, 0x80, 0x00, 0x74, 0x00, 0x0B, 0xF0, 0x00, 0x1E, 0x00, 0x00, 0x1E, 0x00, 0x0B,
    0xF0, 0x00, 0xB4, 0x00, 0x00, 0x03, 0xC0, 0x0B, 0xF0, 0x02, 0xC0, 0x00, 0x00, 0x00, 0xF0, 0x0B,
    0xF0, 0x0F, 0x00, 0x00, 0x00, 0x00, 0x3D, 0x0B, 0xF0, 0x3C, 0x00, 0x00, 0x00, 0x00, 0x7F, 0x4B,
    0xF1, 0xFD, 0x00, 0x00, 0x00, 0x00, 0xFF, 0xEB, 0xF7, 0xFF, 0x00, 0x00, 0x00, 0x03, 0xFC, 0x3F,
    0xFD, 0x3F, 0xC0, 0x00, 0x00, 0x0B, 0xF4, 0x0F, 0xF0, 0x0F, 0xE0, 0x00, 0x00, 0x1F, 0xE0, 0x0B,
    0xF0, 0x07, 0xF4, 0x00, 0x00, 0x3F, 0xC0, 0x0B, 0xF0, 0x02, 0xFC, 0x00, 0x00, 0xFF, 0x00, 0x0B,
    0xF0, 0x00, 0xFF, 0x00, 0x02, 0xFD, 0x00, 0x0B, 0xF0, 0x00, 0x7F, 0x80, 0x07, 0xF8, 0x00, 0x0B,
    0xF0, 0x00, 0x2F, 0xE0, 0xFF, 0xFF, 0x01, 0xFF, 0xFF, 0x80, 0xFF, 0xFF, 0x35, 0xBF, 0xF9, 0x00,
    0x7F, 0x90, 0x2F, 0xC0, 0x7D, 0x00, 0x0B, 0xF0, 0x78, 0x00, 0x03, 0xF4, 0x30, 0x00, 0x03, 0xF8,
    0x20, 0x00, 0x03, 0xF4, 0x00, 0x00, 0x0B, 0xF0, 0x00, 0x00, 0x2F, 0x80, 0x00, 0x7F, 0xFD, 0x00,
    0x00, 0x00, 0x1F, 0xD0, 0x00, 0x00, 0x03, 0xF8, 0x00, 0x00, 0x02, 0xFC, 0x60, 0x00, 0x01, 0xFD,
    0x70, 0x00, 0x02, 0xFC, 0x38, 0x00, 0x03, 0xF8, 0x0F, 0x40, 0x1F, 0xE0, 0x01, 0xBF, 0xF9, 0x00,
    0x00, 0x00, 0x00, 0x00, 0x00, 0x03, 0xFF, 0xFF, 0x07, 0xFF, 0xFE, 0x01, 0xFC, 0x00, 0x03, 0xFC,
    0x00, 0x1F, 0xC0, 0x00, 0xBF, 0xC0, 0x01, 0xFC, 0x00, 0x1F, 0xFC, 0x00, 0x1F, 0xC0, 0x03, 0xAF,
    0xC0, 0x01, 0xFC, 0x00, 0xB2, 0xFC, 0x00, 0x1F, 0xC0, 0x0D, 0x2F, 0xC0, 0x01, 0xFC, 0x03, 0x82,
    0xFC, 0x00, 0x1F, 0xC0, 0x70, 0x2F, 0xC0, 0x01, 0xFC, 0x0D, 0x02, 0xFC, 0x00, 0x1F, 0xC2, 0x80,
    0x2F, 0xC0, 0x01, 0xFC, 0x70, 0x02, 0xFC, 0x00, 0x1F, 0xDD, 0x00, 0x2F, 0xC0, 0x01, 0xFF, 0xC0,
    0x02, 0xFC, 0x00, 0x1F, 0xF0, 0x00, 0x2F, 0xC0, 0x01, 0xFE, 0x00, 0x02, 0xFC, 0x03, 0xFF, 0xFF,
    0x07, 0xFF, 0xFE, 0x00, 0x02, 0xE0, 0x7D, 0x00, 0x00, 0x00, 0x7F, 0x0B, 0xF0, 0x00, 0x00, 0x03,
    0xF0, 0x7D, 0x00, 0x00, 0x00, 0x07, 0xFE, 0x40, 0x00, 0x00, 0x00, 0x00, 0x00, 0x00, 0x03, 0xFF,
    0xFF, 0x07, 0xFF, 0xFE, 0x01, 0xFC, 0x00, 0x03, 0xFC, 0x00, 0x1F, 0xC0, 0x00, 0xBF, 0xC0, 0x01,
    0xFC, 0x00, 0x1F, 0xFC, 0x00, 0x1F, 0xC0, 0x03, 0xAF, 0xC0, 0x01, 0xFC, 0x00, 0xB2, 0xFC, 0x00,
    0x1F, 0xC0, 0x0D, 0x2F, 0xC0, 0x01, 0xFC, 0x03, 0x82, 0xFC, 0x00, 0x1F, 0xC0, 0x70, 0x2F, 0xC0,
    0x01, 0xFC, 0x0D, 0x02, 0xFC, 0x00, 0x1F, 0xC2, 0x80, 0x2F, 0xC0, 0x01, 0xFC, 0x70, 0x02, 0xFC,
    0x00, 0x1F, 0xDD, 0x00, 0x2F, 0xC0, 0x01, 0xFF, 0xC0, 0x02, 0xFC, 0x00, 0x1F, 0xF0, 0x00, 0x2F,
    0xC0, 0x01, 0xFE, 0x00, 0x02, 0xFC, 0x03, 0xFF, 0xFF, 0x07, 0xFF, 0xFE, 0x3F, 0xFF, 0xF0, 0x07,
    0xFF, 0xC0, 0x1F, 0xC0, 0x00, 0x0F, 0x40, 0x01, 0xFC, 0x00, 0x03, 0xC0, 0x00, 0x1F, 0xC0, 0x00,
    0xE0, 0x00, 0x01, 0xFC, 0x00, 0x78, 0x00, 0x00, 0x1F, 0xC0, 0x1D, 0x00, 0x00, 0x01, 0xFC, 0x0B,
    0x40, 0x00, 0x00, 0x1F, 0xC3, 0xFC, 0x00, 0x00, 0x01, 0xFD, 0xFF, 0xE0, 0x00, 0x00, 0x1F, 0xF8,
    0xBF, 0x40, 0x00, 0x01, 0xFE, 0x03, 0xFC, 0x00, 0x00, 0x1F, 0xC0, 0x0F, 0xF0, 0x00, 0x01, 0xFC,
    0x00, 0x7F, 0x80, 0x00, 0x1F, 0xC0, 0x02, 0xFD, 0x00, 0x01, 0xFC, 0x00, 0x0F, 0xF0, 0x00, 0x1F,
    0xC0, 0x00, 0x3F, 0xC0, 0x3F, 0xFF, 0xF0, 0x2F, 0xFF, 0xD0, 0x00, 0x3F, 0xFF, 0xFF, 0xFF, 0xE0,
    0x00, 0x0C, 0x00, 0x2F, 0xC0, 0x00, 0x00, 0xC0, 0x02, 0xFC, 0x00, 0x00, 0x0C, 0x00, 0x2F, 0xC0,
    0x00, 0x01, 0xC0, 0x02, 0xFC, 0x00, 0x00, 0x1C, 0x00, 0x2F, 0xC0, 0x00, 0x01, 0xC0, 0x02, 0xFC,
    0x00, 0x00, 0x1C, 0x00, 0x2F, 0xC0, 0x00, 0x01, 0x80, 0x02, 0xFC, 0x00, 0x00, 0x28, 0x00, 0x2F,
    0xC0, 0x00, 0x02, 0x40, 0x02, 0xFC, 0x00, 0x00, 0x34, 0x00, 0x2F, 0xC0, 0x00, 0x03, 0x00, 0x02,
    0xFC, 0x02, 0xF0, 0x70, 0x00, 0x2F, 0xC0, 0x3F, 0x8A, 0x00, 0x02, 0xFC, 0x03, 0xF1, 0xC0, 0x00,
    0x2F, 0xC0, 0x0B, 0xE0, 0x00, 0x7F, 0xFF, 0xE0, 0x00, 0x00, 0x00, 0x00, 0x00, 0xFF, 0xF8, 0x00,
    0x00, 0x07, 0xFF, 0xD0, 0x7F, 0xC0, 0x00, 0x00, 0xEF, 0x80, 0x07, 0x7E, 0x00, 0x00, 0x0A, 0xF8,
    0x00, 0x73, 0xF0, 0x00, 0x02, 0x6F, 0x80, 0x07, 0x2F, 0x40, 0x00, 0x32, 0xF8, 0x00, 0x70, 0xFC,
    0x00, 0x09, 0x2F, 0x80, 0x07, 0x0B, 0xD0, 0x00, 0xC2, 0xF8, 0x00, 0x70, 0x3F, 0x00, 0x14, 0x2F,
    0x80, 0x07, 0x02, 0xF0, 0x03, 0x02, 0xF8, 0x00, 0x70, 0x0F, 0x80, 0x60, 0x2F, 0x80, 0x07, 0x00,
    0xFC, 0x0C, 0x02, 0xF8, 0x00, 0x70, 0x07, 0xE1, 0x80, 0x2F, 0x80, 0x07, 0x00, 0x3F, 0x20, 0x02,
    0xF8, 0x00, 0x70, 0x01, 0xFB, 0x00, 0x2F, 0x80, 0x07, 0x00, 0x0F, 0xD0, 0x02, 0xF8, 0x00, 0x70,
    0x00, 0xBC, 0x00, 0x2F, 0x80, 0xFF, 0xF8, 0x03, 0x40, 0x3F, 0xFF, 0xD0, 0x00, 0x00, 0x00, 0x00,
    0x00, 0x03, 0xFF, 0xFF, 0x07, 0xFF, 0xFE, 0x01, 0xFC, 0x00, 0x02, 0xFC, 0x00, 0x1F, 0xC0, 0x00,
    0x2F, 0xC0, 0x01, 0xFC, 0x00, 0x02, 0xFC, 0x00, 0x1F, 0xC0, 0x00, 0x2F, 0xC0, 0x01, 0xFC, 0x00,
    0x02, 0xFC, 0x00, 0x1F, 0xC0, 0x00, 0x2F, 0xC0, 0x01, 0xFC, 0x00, 0x02, 0xFC, 0x00, 0x1F, 0xFF,
    0xFF, 0xFF, 0xC0, 0x01, 0xFC, 0x00, 0x02, 0xFC, 0x00, 0x1F, 0xC0, 0x00, 0x2F, 0xC0, 0x01, 0xFC,
    0x00, 0x02, 0xFC, 0x00, 0x1F, 0xC0, 0x00, 0x2F, 0xC0, 0x01, 0xFC, 0x00, 0x02, 0xFC, 0x00, 0x1F,
    0xC0, 0x00, 0x2F, 0xC0, 0x01, 0xFC, 0x00, 0x02, 0xFC, 0x03, 0xFF, 0xFF, 0x07, 0xFF, 0xFE, 0x00,
    0x0B, 0xFF, 0x90, 0x00, 0x02, 0xF8, 0x07, 0xF4, 0x00, 0x3F, 0x00, 0x02, 0xF8, 0x03, 0xF4, 0x00,
    0x03, 0xF4, 0x1F, 0xC0, 0x00, 0x07, 0xF0, 0xFE, 0x00, 0x00, 0x0F, 0xD3, 0xF8, 0x00, 0x00, 0x3F,
    0x9F, 0xD0, 0x00, 0x00, 0xFF, 0x7F, 0x40, 0x00, 0x03, 0xFD, 0xFD, 0x00, 0x00, 0x0F, 0xF3, 0xF8,
    0x00, 0x00, 0x3F, 0xCF, 0xE0, 0x00, 0x00, 0xFD, 0x2F, 0xC0, 0x00, 0x07, 0xF0, 0x3F, 0x40, 0x00,
    0x3F, 0x40, 0x3F, 0x40, 0x02, 0xF8, 0x00, 0x2F, 0x80, 0x7F, 0x40, 0x00, 0x0B, 0xFF, 0x90, 0x00,
    0x3F, 0xFF, 0xFF, 0xFF, 0xFF, 0xE0, 0x1F, 0xC0, 0x00, 0x2F, 0xC0, 0x01, 0xFC, 0x00, 0x02, 0xFC,
    0x00, 0x1F, 0xC0, 0x00, 0x2F, 0xC0, 0x01, 0xFC, 0x00, 0x02, 0xFC, 0x00, 0x1F, 0xC0, 0x00, 0x2F,
    0xC0, 0x01, 0xFC, 0x00, 0x02, 0xFC, 0x00, 0x1F, 0xC0, 0x00, 0x2F, 0xC0, 0x01, 0xFC, 0x00, 0x02,
    0xFC, 0x00, 0x1F, 0xC0, 0x00, 0x2F, 0xC0, 0x01, 0xFC, 0x00, 0x02, 0xFC, 0x00, 0x1F, 0xC0, 0x00,
    0x2F, 0xC0, 0x01, 0xFC, 0x00, 0x02, 0xFC, 0x00, 0x1F, 0xC0, 0x00, 0x2F, 0xC0, 0x01, 0xFC, 0x00,
    0x02, 0xFC, 0x00, 0x1F, 0xC0, 0x00, 0x2F, 0xC0, 0x3F, 0xFF, 0xF0, 0x7F, 0xFF, 0xE0, 0x3F, 0xFF,
    0xFF, 0xF8, 0x00, 0x07, 0xF0, 0x01, 0xFE, 0x00, 0x1F, 0xC0, 0x00, 0xFD, 0x00, 0x7F, 0x00, 0x03,
    0xFC, 0x01, 0xFC, 0x00, 0x0F, 0xF0, 0x07, 0xF0, 0x00, 0x3F, 0xC0, 0x1F, 0xC0, 0x00, 0xFD, 0x00,
    0x7F, 0x00, 0x1F, 0xD0, 0x01, 0xFF, 0xFF, 0xF8, 0x00, 0x07, 0xF0, 0x00, 0x00, 0x00, 0x1F, 0xC0,
    0x00, 0x00, 0x00, 0x7F, 0x00, 0x00, 0x00, 0x01, 0xFC, 0x00, 0x00, 0x00, 0x07, 0xF0, 0x00, 0x00,
    0x00, 0x1F, 0xC0, 0x00, 0x00, 0x00, 0x7F, 0x00, 0x00, 0x00, 0x3F, 0xFF, 0xF0, 0x00, 0x00, 0x00,
    0x06, 0xFF, 0xE0, 0x30, 0x01, 0xFD, 0x00, 0x7B, 0xC0, 0x3F, 0x80, 0x00, 0x3F, 0x02, 0xF8, 0x00,
    0x00, 0x3C, 0x1F, 0xC0, 0x00, 0x00, 0xB0, 0xFF, 0x00, 0x00, 0x00, 0xC3, 0xF8, 0x00, 0x00, 0x00,
    0x1F, 0xD0, 0x00, 0x00, 0x00, 0x7F, 0x40, 0x00, 0x00, 0x01, 0xFD, 0x00, 0x00, 0x00, 0x03, 0xF8,
    0x00, 0x00, 0x00, 0x0F, 0xF0, 0x00, 0x00, 0x0C, 0x1F, 0xC0, 0x00, 0x00, 0x30, 0x2F, 0x80, 0x00,
    0x02, 0x80, 0x3F, 0x80, 0x00, 0x2C, 0x00, 0x1F, 0xD0, 0x07, 0x80, 0x00, 0x06, 0xFF, 0xE0, 0x00,
    0xBF, 0xFF, 0xFF, 0xFF, 0xDB, 0xD0, 0x3F, 0xC0, 0x7E, 0xB0, 0x03, 0xFC, 0x00, 0xEE, 0x00, 0x3F,
    0xC0, 0x0A, 0xD0, 0x03, 0xFC, 0x00, 0x7D, 0x00, 0x3F, 0xC0, 0x07, 0x00, 0x03, 0xFC, 0x00, 0x00,
    0x00, 0x3F, 0xC0, 0x00, 0x00, 0x03, 0xFC, 0x00, 0x00, 0x00, 0x3F, 0xC0, 0x00, 0x00, 0x03, 0xFC,
    0x00, 0x00, 0x00, 0x3F, 0xC0, 0x00, 0x00, 0x03, 0xFC, 0x00, 0x00, 0x00, 0x3F, 0xC0, 0x00, 0x00,
    0x03, 0xFC, 0x00, 0x00, 0x00, 0x3F, 0xC0, 0x00, 0x02, 0xFF, 0xFF, 0xF8, 0x00, 0x00, 0x00, 0x00,
    0x00, 0x3F, 0xFF, 0xC0, 0x03, 0xFF, 0xC0, 0x2F, 0xD0, 0x00, 0x03, 0xC0, 0x00, 0xFF, 0x00, 0x00,
    0x34, 0x00, 0x03, 0xF8, 0x00, 0x0B, 0x00, 0x00, 0x2F, 0xD0, 0x00, 0xD0, 0x00, 0x00, 0xFF, 0x00,
    0x1C, 0x00, 0x00, 0x03, 0xF8, 0x03, 0x80, 0x00, 0x00, 0x2F, 0xD0, 0x70, 0x00, 0x00, 0x00, 0xFF,
    0x0B, 0x00, 0x00, 0x00, 0x03, 0xFC, 0xD0, 0x00, 0x00, 0x00, 0x1F, 0xFC, 0x00, 0x00, 0x00, 0x00,
    0xFF, 0x80, 0x00, 0x00, 0x3D, 0x03, 0xF0, 0x00, 0x00, 0x0B, 0xF0, 0x1D, 0x00, 0x00, 0x00, 0xBF,
    0x02, 0xC0, 0x00, 0x00, 0x03, 0xD0, 0xB0, 0x00, 0x00, 0x00, 0x0B, 0xF4, 0x00, 0x00, 0x00, 0x00,
    0x00, 0x00, 0x00, 0x00, 0x00, 0x00, 0xFF, 0xFF, 0xF0, 0x00, 0x00, 0x00, 0x2F, 0x80, 0x00, 0x00,
    0x06, 0xBF, 0xFF, 0xE8, 0x00, 0x07, 0xF9, 0x2F, 0x86, 0xFC, 0x01, 0xFD, 0x02, 0xF8, 0x07, 0xF0,
    0x3F, 0x80, 0x2F, 0x80, 0x3F, 0xC3, 0xF4, 0x02, 0xF8, 0x01, 0xFC, 0x7F, 0x40, 0x2F, 0x80, 0x1F,
    0xD7, 0xF4, 0x02, 0xF8, 0x01, 0xFD, 0x3F, 0x40, 0x2F, 0x80, 0x1F, 0xC3, 0xF8, 0x02, 0xF8, 0x03,
    0xFC, 0x1F, 0xD0, 0x2F, 0x80, 0x7F, 0x00, 0x7F, 0x92, 0xF8, 0x6F, 0xC0, 0x00, 0x6F, 0xFF, 0xFF,
    0x90, 0x00, 0x00, 0x02, 0xF8, 0x00, 0x00, 0x00, 0x00, 0x2F, 0x80, 0x00, 0x00, 0x00, 0xFF, 0xFF,
    0xF0, 0x00, 0x00, 0x00, 0x00, 0x00, 0x00, 0x00, 0x3F, 0xFF, 0xF0, 0x7F, 0xFE, 0x00, 0x3F, 0xC0,
    0x02, 0xD0, 0x00, 0x07, 0xFC, 0x00, 0xE0, 0x00, 0x00, 0xBF, 0x80, 0xF0, 0x00, 0x00, 0x0F, 0xF0,
    0xB0, 0x00, 0x00, 0x00, 0xFF, 0x74, 0x00, 0x00, 0x00, 0x1F, 0xF8, 0x00, 0x00, 0x00, 0x02, 0xFD,
    0x00, 0x00, 0x00, 0x00, 0x3F, 0xC0, 0x00, 0x00, 0x00, 0x1F, 0xFC, 0x00, 0x00, 0x00, 0x0E, 0xBF,
    0x40, 0x00, 0x00, 0x0F, 0x0F, 0xF0, 0x00, 0x00, 0x0B, 0x00, 0xFF, 0x00, 0x00, 0x07, 0x40, 0x1F,
    0xE0, 0x00, 0x03, 0x80, 0x02, 0xFD, 0x00, 0x03, 0xC0, 0x00, 0x3F, 0xC0, 0x3F, 0xFF, 0x00, 0xBF,
    0xFF, 0xC0, 0x00, 0x00, 0x00, 0x00, 0x00, 0x00, 0xFF, 0xFF, 0xC1, 0xFF, 0xFF, 0x80, 0x1F, 0xC0,
    0x00, 0x2F, 0xC0, 0x00, 0x7F, 0x00, 0x00, 0xBF, 0x00, 0x01, 0xFC, 0x00, 0x02, 0xFC, 0x00, 0x07,
    0xF0, 0x00, 0x0B, 0xF0, 0x00, 0x1F, 0xC0, 0x00, 0x2F, 0xC0, 0x00, 0x7F, 0x00, 0x00, 0xBF, 0x00,
    0x01, 0xFC, 0x00, 0x02, 0xFC, 0x00, 0x07, 0xF0, 0x00, 0x0B, 0xF0, 0x00, 0x1F, 0xC0, 0x00, 0x2F,
    0xC0, 0x00, 0x7F, 0x00, 0x00, 0xBF, 0x00, 0x01, 0xFC, 0x00, 0x02, 0xFC, 0x00, 0x07, 0xF0, 0x00,
    0x0B, 0xF0, 0x00, 0x1F, 0xC0, 0x00, 0x2F, 0xC0, 0x00, 0x7F, 0x00, 0x00, 0xBF, 0x00, 0x01, 0xFC,
    0x00, 0x02, 0xFC, 0x00, 0xFF, 0xFF, 0xFF, 0xFF, 0xFF, 0xC0, 0x00, 0x00, 0x00, 0x00, 0x6F, 0x00,
    0x00, 0x00, 0x00, 0x00, 0x2C, 0x00, 0x00, 0x00, 0x00, 0x00, 0x34, 0x00, 0x00, 0x00, 0x00, 0x00,
    0xD0, 0x00, 0x00, 0x00, 0x00, 0x02, 0x80, 0x3F, 0xFF, 0xF0, 0x7F, 0xFF, 0xE0, 0x1F, 0xC0, 0x00,
    0x2F, 0xC0, 0x01, 0xFC, 0x00, 0x02, 0xFC, 0x00, 0x1F, 0xC0, 0x00, 0x2F, 0xC0, 0x01, 0xFC, 0x00,
    0x02, 0xFC, 0x00, 0x1F, 0xC0, 0x00, 0x2F, 0xC0, 0x00, 0xFD, 0x00, 0x02, 0xFC, 0x00, 0x0F, 0xD0,
    0x00, 0x3F, 0xC0, 0x00, 0x3F, 0x40, 0x6F, 0xFC, 0x00, 0x00, 0x6F, 0xF9, 0x2F, 0xC0, 0x00, 0x00,
    0x00, 0x02, 0xFC, 0x00, 0x00, 0x00, 0x00, 0x2F, 0xC0, 0x00, 0x00, 0x00, 0x02, 0xFC, 0x00, 0x00,
    0x00, 0x00, 0x2F, 0xC0, 0x00, 0x00, 0x00, 0x02, 0xFC, 0x00, 0x00, 0x00, 0x00, 0x2F, 0xC0, 0x00,
    0x00, 0x00, 0x7F, 0xFF, 0xE0, 0x00, 0x00, 0x00, 0x00, 0x00, 0x3F, 0xFF, 0xF0, 0xFF, 0xFF, 0xC2,
    0xFF, 0xFF, 0x40, 0x7F, 0x00, 0x00, 0xFD, 0x00, 0x03, 0xF8, 0x00, 0x1F, 0xC0, 0x00, 0x3F, 0x40,
    0x00, 0xFE, 0x00, 0x07, 0xF0, 0x00, 0x0F, 0xD0, 0x00, 0x3F, 0x80, 0x01, 0xFC, 0x00, 0x03, 0xF4,
    0x00, 0x0F, 0xE0, 0x00, 0x7F, 0x00, 0x00, 0xFD, 0x00, 0x03, 0xF8, 0x00, 0x1F, 0xC0, 0x00, 0x3F,
    0x40, 0x00, 0xFE, 0x00, 0x07, 0xF0, 0x00, 0x0F, 0xD0, 0x00, 0x3F, 0x80, 0x01, 0xFC, 0x00, 0x03,
    0xF4, 0x00, 0x0F, 0xE0, 0x00, 0x7F, 0x00, 0x00, 0xFD, 0x00, 0x03, 0xF8, 0x00, 0x1F, 0xC0, 0x00,
    0x3F, 0x40, 0x00, 0xFE, 0x00, 0x07, 0xF0, 0x00, 0x0F, 0xD0, 0x00, 0x3F, 0x80, 0x01, 0xFC, 0x00,
    0x03, 0xF4, 0x00, 0x0F, 0xE0, 0x00, 0x7F, 0x00, 0x00, 0xFD, 0x00, 0x03, 0xF8, 0x00, 0x1F, 0xC0,
    0x00, 0x3F, 0x40, 0x00, 0xFE, 0x00, 0x07, 0xF0, 0x00, 0x0F, 0xD0, 0x00, 0x3F, 0x80, 0x3F, 0xFF,
    0xFF, 0xFF, 0xFF, 0xFF, 0xFF, 0xFF, 0x40, 0x3F, 0xFF, 0xF0, 0xFF, 0xFF, 0xC2, 0xFF, 0xFF, 0x40,
    0x1F, 0xC0, 0x00, 0x3F, 0x40, 0x00, 0xFE, 0x00, 0x01, 0xFC, 0x00, 0x03, 0xF4, 0x00, 0x0F, 0xE0,
    0x00, 0x1F, 0xC0, 0x00, 0x3F, 0x40, 0x00, 0xFE, 0x00, 0x01, 0xFC, 0x00, 0x03, 0xF4, 0x00, 0x0F,
    0xE0, 0x00, 0x1F, 0xC0, 0x00, 0x3F, 0x40, 0x00, 0xFE, 0x00, 0x01, 0xFC, 0x00, 0x03, 0xF4, 0x00,
    0x0F, 0xE0, 0x00, 0x1F, 0xC0, 0x00, 0x3F, 0x40, 0x00, 0xFE, 0x00, 0x01, 0xFC, 0x00, 0x03, 0xF4,
    0x00, 0x0F, 0xE0, 0x00, 0x1F, 0xC0, 0x00, 0x3F, 0x40, 0x00, 0xFE, 0x00, 0x01, 0xFC, 0x00, 0x03,
    0xF4, 0x00, 0x0F, 0xE0, 0x00, 0x1F, 0xC0, 0x00, 0x3F, 0x40, 0x00, 0xFE, 0x00, 0x01, 0xFC, 0x00,
    0x03, 0xF4, 0x00, 0x0F, 0xE0, 0x00, 0x1F, 0xC0, 0x00, 0x3F, 0x40, 0x00, 0xFE, 0x00, 0x01, 0xFC,
    0x00, 0x03, 0xF4, 0x00, 0x0F, 0xE0, 0x00, 0x1F, 0xC0, 0x00, 0x3F, 0x40, 0x00, 0xFE, 0x00, 0x3F,
    0xFF, 0xFF, 0xFF, 0xFF, 0xFF, 0xFF, 0xFF, 0x80, 0x00, 0x00, 0x00, 0x00, 0x00, 0x00, 0x01, 0xF8,
    0x00, 0x00, 0x00, 0x00, 0x00, 0x00, 0x00, 0x03, 0xC0, 0x00, 0x00, 0x00, 0x00, 0x00, 0x00, 0x00,
    0x1C, 0x00, 0x00, 0x00, 0x00, 0x00, 0x00, 0x00, 0x00, 0xC0, 0x00, 0x00, 0x00, 0x00, 0x00, 0x00,
    0x00, 0x0D, 0xBF, 0xFF, 0xFF, 0x00, 0x00, 0x02, 0xF4, 0x0B, 0xE0, 0x00, 0x00, 0x0B, 0x00, 0x2F,
    0x80, 0x00, 0x00, 0x38, 0x00, 0xBE, 0x00, 0x00, 0x00, 0xD0, 0x02, 0xF8, 0x00, 0x00, 0x03, 0x40,
    0x0B, 0xE0, 0x00, 0x00, 0x00, 0x00, 0x2F, 0x80, 0x00, 0x00, 0x00, 0x00, 0xBF, 0xBF, 0xFE, 0x40,
    0x00, 0x02, 0xFD, 0x00, 0x7F, 0x80, 0x00, 0x0B, 0xE0, 0x00, 0x3F, 0x80, 0x00, 0x2F, 0x80, 0x00,
    0xBF, 0x40, 0x00, 0xBE, 0x00, 0x01, 0xFD, 0x00, 0x02, 0xF8, 0x00, 0x07, 0xF4, 0x00, 0x0B, 0xE0,
    0x00, 0x2F, 0xD0, 0x00, 0x2F, 0x80, 0x00, 0xFF, 0x00, 0x00, 0xBE, 0x00, 0x0F, 0xF0, 0x00, 0x7F,
    0xFF, 0xFF, 0xF9, 0x00, 0x00, 0x00, 0x00, 0x00, 0x00, 0x00, 0x00, 0xFF, 0xFF, 0x80, 0x00, 0x3F,
    0xFF, 0xF0, 0x1F, 0xC0, 0x00, 0x00, 0x07, 0xF4, 0x00, 0x7F, 0x00, 0x00, 0x00, 0x1F, 0xD0, 0x01,
    0xFC, 0x00, 0x00, 0x00, 0x7F, 0x40, 0x07, 0xF0, 0x00, 0x00, 0x01, 0xFD, 0x00, 0x1F, 0xC0, 0x00,
    0x00, 0x07, 0xF4, 0x00, 0x7F, 0x00, 0x00, 0x00, 0x1F, 0xD0, 0x01, 0xFF, 0xFF, 0xF9, 0x00, 0x7F,
    0x40, 0x07, 0xF0, 0x00, 0xBF, 0x01, 0xFD, 0x00, 0x1F, 0xC0, 0x00, 0xBF, 0x07, 0xF4, 0x00, 0x7F,
    0x00, 0x00, 0xFE, 0x1F, 0xD0, 0x01, 0xFC, 0x00, 0x03, 0xFC, 0x7F, 0x40, 0x07, 0xF0, 0x00, 0x0F,
    0xE1, 0xFD, 0x00, 0x1F, 0xC0, 0x00, 0x7F, 0x47, 0xF4, 0x00, 0x7F, 0x00, 0x02, 0xFC, 0x1F, 0xD0,
    0x01, 0xFC, 0x00, 0x2F, 0xC0, 0x7F, 0x40, 0xFF, 0xFF, 0xFF, 0xF4, 0x3F, 0xFF, 0xF0, 0x00, 0x00,
    0x00, 0x00, 0x00, 0xFF, 0xFF, 0x80, 0x00, 0x00, 0x1F, 0xC0, 0x00, 0x00, 0x00, 0x7F, 0x00, 0x00,
    0x00, 0x01, 0xFC, 0x00, 0x00, 0x00, 0x07, 0xF0, 0x00, 0x00, 0x00, 0x1F, 0xC0, 0x00, 0x00, 0x00,
    0x7F, 0x00, 0x00, 0x00, 0x01, 0xFF, 0xFF, 0xF9, 0x00, 0x07, 0xF0, 0x00, 0xBF, 0x00, 0x1F, 0xC0,
    0x00, 0xBF, 0x00, 0x7F, 0x00, 0x00, 0xFE, 0x01, 0xFC, 0x00, 0x03, 0xFC, 0x07, 0xF0, 0x00, 0x0F,
    0xE0, 0x1F, 0xC0, 0x00, 0x7F, 0x40, 0x7F, 0x00, 0x02, 0xFC, 0x01, 0xFC, 0x00, 0x2F, 0xC0, 0xFF,
    0xFF, 0xFF, 0xF4, 0x00, 0x00, 0x00, 0x00, 0x00, 0x01, 0xC1, 0xBF, 0xF8, 0x00, 0x07, 0xFD, 0x01,
    0xBF, 0x00, 0x1F, 0x80, 0x00, 0x3F, 0x40, 0x78, 0x00, 0x00, 0x3F, 0x41, 0xC0, 0x00, 0x00, 0xBF,
    0x07, 0x00, 0x00, 0x00, 0xFE, 0x00, 0x00, 0x00, 0x03, 0xFC, 0x00, 0x00, 0x00, 0x0F, 0xF0, 0x0B,
    0xFE, 0x40, 0x7F, 0xC0, 0x01, 0xBF, 0xFF, 0xFF, 0x00, 0x00, 0x2F, 0x93, 0xFC, 0x00, 0x00, 0x00,
    0x0F, 0xE1, 0x80, 0x00, 0x00, 0x7F, 0x03, 0x00, 0x00, 0x03, 0xF8, 0x0B, 0x00, 0x00, 0x3F, 0x80,
    0x0B, 0x80, 0x1B, 0xF4, 0x00, 0x01, 0xBF, 0xF9, 0x00, 0x00, 0x00, 0x00, 0x00, 0x00, 0x00, 0x00,
    0x00, 0x00, 0xFF, 0xFF, 0xC0, 0x00, 0x6F, 0xF9, 0x00, 0x00, 0x1F, 0xC0, 0x00, 0x2F, 0x80, 0x2F,
    0x80, 0x00, 0x7F, 0x00, 0x02, 0xF4, 0x00, 0x1F, 0xC0, 0x01, 0xFC, 0x00, 0x2F, 0x80, 0x00, 0x2F,
    0x80, 0x07, 0xF0, 0x00, 0xFC, 0x00, 0x00, 0x3F, 0x40, 0x1F, 0xC0, 0x0B, 0xF0, 0x00, 0x00, 0xFE,
    0x00, 0x7F, 0x00, 0x3F, 0xC0, 0x00, 0x02, 0xFC, 0x01, 0xFC, 0x00, 0xFE, 0x00, 0x00, 0x0B, 0xF0,
    0x07, 0xFF, 0xFF, 0xF8, 0x00, 0x00, 0x2F, 0xC0, 0x1F, 0xC0, 0x0F, 0xE0, 0x00, 0x00, 0xBF, 0x00,
    0x7F, 0x00, 0x3F, 0xC0, 0x00, 0x02, 0xFC, 0x01, 0xFC, 0x00, 0xBF, 0x00, 0x00, 0x0F, 0xE0, 0x07,
    0xF0, 0x00, 0xFD, 0x00, 0x00, 0x3F, 0x40, 0x1F, 0xC0, 0x02, 0xF8, 0x00, 0x02, 0xF8, 0x00, 0x7F,
    0x00, 0x02, 0xF4, 0x00, 0x1F, 0xC0, 0x01, 0xFC, 0x00, 0x02, 0xF8, 0x06, 0xF8, 0x00, 0xFF, 0xFF,
    0xC0, 0x00, 0x6F, 0xF9, 0x00, 0x00, 0x00, 0x06, 0xFF, 0xFF, 0xFF, 0x80, 0x2F, 0xD0, 0x02, 0xFC,
    0x00, 0x2F, 0xC0, 0x00, 0xBF, 0x00, 0x0F, 0xE0, 0x00, 0x2F, 0xC0, 0x07, 0xF8, 0x00, 0x0B, 0xF0,
    0x00, 0xFE, 0x00, 0x02, 0xFC, 0x00, 0x1F, 0xC0, 0x00, 0xBF, 0x00, 0x01, 0xFD, 0x00, 0x2F, 0xC0,
    0x00, 0x06, 0xFF, 0xFF, 0xF0, 0x00, 0x00, 0x3F, 0xC2, 0xFC, 0x00, 0x00, 0x3F, 0xC0, 0xBF, 0x00,
    0x00, 0x3F, 0xC0, 0x2F, 0xC0, 0x00, 0x2F, 0xD0, 0x0B, 0xF0, 0x00, 0x2F, 0xE0, 0x02, 0xFC, 0x00,
    0x1F, 0xE0, 0x00, 0xBF, 0x00, 0x1F, 0xF0, 0x00, 0x2F, 0xC0, 0xFF, 0xFF, 0x41, 0xFF, 0xFF, 0x80,
    0x06, 0xFF, 0xD0, 0x00, 0xFC, 0x0F, 0xC0, 0x0F, 0x80, 0x3E, 0x00, 0x00, 0x03, 0xF0, 0x00, 0x6F,
    0xFF, 0x00, 0x7F, 0x43, 0xF0, 0x2F, 0x80, 0x3F, 0x03, 0xF0, 0x03, 0xF0, 0x3F, 0x00, 0x7F, 0x03,
    0xF4, 0x1F, 0xF0, 0x07, 0xFE, 0x0F, 0xF0, 0x00, 0x00, 0x6B, 0x80, 0x0B, 0xFF, 0xF8, 0x07, 0xFF,
    0xFE, 0x00, 0xFE, 0x40, 0x00, 0x2E, 0x00, 0x00, 0x03, 0xC0, 0x00, 0x00, 0x34, 0xBF, 0xE4, 0x03,
    0xBD, 0x03, 0xE0, 0x3F, 0x40, 0x0F, 0x83, 0xF0, 0x00, 0xFC, 0x3F, 0x00, 0x0B, 0xD3, 0xF0, 0x00,
    0xBE, 0x3F, 0x00, 0x0B, 0xD3, 0xF0, 0x00, 0xFC, 0x1F, 0x40, 0x0F, 0x80, 0x7D, 0x07, 0xE0, 0x00,
    0xBF, 0xE4, 0x00, 0x3F, 0xFF, 0xF9, 0x00, 0x7E, 0x02, 0xF4, 0x07, 0xD0, 0x0F, 0x80, 0x7D, 0x03,
    0xF0, 0x07, 0xFF, 0xF8, 0x00, 0x7D, 0x01, 0xF4, 0x07, 0xD0, 0x0F, 0xC0, 0x7D, 0x00, 0xBD, 0x07,
    0xD0, 0x0F, 0xC0, 0x7E, 0x02, 0xF8, 0x3F, 0xFF, 0xFD, 0x00, 0x3F, 0xFF, 0xFD, 0x0B, 0xD0, 0x2D,
    0x07, 0xD0, 0x0E, 0x07, 0xD0, 0x0A, 0x07, 0xD0, 0x00, 0x07, 0xD0, 0x00, 0x07, 0xD0, 0x00, 0x07,
    0xD0, 0x00, 0x07, 0xD0, 0x00, 0x0B, 0xD0, 0x00, 0x3F, 0xFE, 0x00, 0x01, 0xFF, 0xFF, 0xFC, 0x00,
    0x28, 0x0B, 0xD0, 0x00, 0x24, 0x07, 0xD0, 0x00, 0x24, 0x07, 0xD0, 0x00, 0x34, 0x07, 0xD0, 0x00,
    0x30, 0x07, 0xD0, 0x00, 0x70, 0x07, 0xD0, 0x00, 0x90, 0x07, 0xD0, 0x01, 0xC0, 0x07, 0xD0, 0x07,
    0x00, 0x0B, 0xD0, 0xBF, 0xFF, 0xFF, 0xFD, 0xB4, 0x00, 0x00, 0x2E, 0xA0, 0x00, 0x00, 0x0A, 0xD0,
    0x00, 0x00, 0x07, 0x00, 0xBF, 0xE0, 0x01, 0xF4, 0x1F, 0x00, 0xF4, 0x02, 0xF0, 0xBC, 0x00, 0x3C,
    0x3F, 0x00, 0x0F, 0x4F, 0xFF, 0xFF, 0xD3, 0xF0, 0x00, 0x00, 0xFC, 0x00, 0x00, 0x1F, 0x80, 0x03,
    0x01, 0xF8, 0x07, 0x80, 0x0B, 0xFE, 0x40, 0x3F, 0xE0, 0x3F, 0xFC, 0x0B, 0xFC, 0x02, 0xD0, 0x0B,
    0xD0, 0x0B, 0x80, 0x00, 0x78, 0x07, 0xD0, 0x2D, 0x00, 0x00, 0x0F, 0x47, 0xD1, 0xE0, 0x00, 0x00,
    0x03, 0xE7, 0xDB, 0xC0, 0x00, 0x00, 0x0F, 0xFF, 0xFF, 0xF0, 0x00, 0x00, 0x3F, 0x0B, 0xE1, 0xFC,
    0x00, 0x00, 0xFD, 0x07, 0xD0, 0x7F, 0x00, 0x03, 0xF4, 0x07, 0xD0, 0x1F, 0xC0, 0x0B, 0xE0, 0x0B,
    0xD0, 0x0B, 0xE0, 0xBF, 0xF0, 0x3F, 0xFC, 0x1F, 0xFD, 0x36, 0xFF, 0xE0, 0x3D, 0x01, 0xFC, 0x30,
    0x00, 0xBD, 0x00, 0x01, 0xFC, 0x00, 0xFF, 0xD0, 0x00, 0x01, 0xF8, 0x00, 0x00, 0xBE, 0x00, 0x00,
    0x7F, 0x70, 0x00, 0x7E, 0x38, 0x01, 0xFC, 0x0B, 0xFF, 0x90, 0x3F, 0xFC, 0x3F, 0xFC, 0x0B, 0xD0,
    0x0F, 0xD0, 0x07, 0xD0, 0x1F, 0xD0, 0x07, 0xD0, 0x3B, 0xD0, 0x07, 0xD0, 0xD7, 0xD0, 0x07, 0xD2,
    0x87, 0xD0, 0x07, 0xD7, 0x07, 0xD0, 0x07, 0xEC, 0x07, 0xD0, 0x07, 0xF4, 0x07, 0xD0, 0x0B, 0xE0,
    0x0B, 0xD0, 0x3F, 0xFC, 0x3F, 0xFC, 0x00, 0xF4, 0x1F, 0x00, 0x02, 0xFC, 0x3F, 0x40, 0x02, 0xFC,
    0x3F, 0x40, 0x00, 0xF4, 0x1F, 0x00, 0x00, 0x2F, 0xF4, 0x00, 0x00, 0x00, 0x00, 0x00, 0x3F, 0xFC,
    0x3F, 0xFC, 0x0B, 0xD0, 0x0F, 0xD0, 0x07, 0xD0, 0x1F, 0xD0, 0x07, 0xD0, 0x3B, 0xD0, 0x07, 0xD0,
    0xD7, 0xD0, 0x07, 0xD2, 0x87, 0xD0, 0x07, 0xD7, 0x07, 0xD0, 0x07, 0xEC, 0x07, 0xD0, 0x07, 0xF4,
    0x07, 0xD0, 0x0B, 0xE0, 0x0B, 0xD0, 0x3F, 0xFC, 0x3F, 0xFC, 0x3F, 0xFC, 0x0B, 0xFC, 0x0B, 0xD0,
    0x0B, 0x80, 0x07, 0xD0, 0x2D, 0x00, 0x07, 0xD1, 0xF0, 0x00, 0x07, 0xDB, 0xC0, 0x00, 0x07, 0xFF,
    0xF0, 0x00, 0x07, 0xE1, 0xFC, 0x00, 0x07, 0xD0, 0x7F, 0x00, 0x07, 0xD0, 0x1F, 0xC0, 0x0B, 0xD0,
    0x0B, 0xE0, 0x3F, 0xFC, 0x0F, 0xFD, 0x01, 0xFE, 0xAF, 0xFC, 0x00, 0x28, 0x07, 0xD0, 0x00, 0x28,
    0x07, 0xD0, 0x00, 0x28, 0x07, 0xD0, 0x00, 0x28, 0x07, 0xD0, 0x00, 0x24, 0x07, 0xD0, 0x00, 0x34,
    0x07, 0xD0, 0x00, 0x34, 0x07, 0xD0, 0x3C, 0x30, 0x07, 0xD0, 0x7D, 0xA0, 0x0B, 0xD0, 0x2F, 0x80,
    0x3F, 0xFC, 0xFF, 0xC0, 0x00, 0xBF, 0xC1, 0xFE, 0x00, 0x0F, 0xD0, 0x0E, 0xF0, 0x02, 0x7D, 0x00,
    0xCF, 0x40, 0x33, 0xD0, 0x0C, 0xBC, 0x09, 0x3D, 0x00, 0xC3, 0xD0, 0xC3, 0xD0, 0x0C, 0x2F, 0x24,
    0x3D, 0x00, 0xC0, 0xF7, 0x03, 0xD0, 0x0C, 0x0B, 0xD0, 0x3D, 0x01, 0xD0, 0x3C, 0x03, 0xD0, 0xFF,
    0xC2, 0x43, 0xFF, 0xC0, 0x3F, 0xFC, 0x3F, 0xFC, 0x0B, 0xD0, 0x0B, 0xD0, 0x07, 0xD0, 0x07, 0xD0,
    0x07, 0xD0, 0x07, 0xD0, 0x07, 0xFF, 0xFF, 0xD0, 0x07, 0xD0, 0x07, 0xD0, 0x07, 0xD0, 0x07, 0xD0,
    0x07, 0xD0, 0x07, 0xD0, 0x07, 0xD0, 0x07, 0xD0, 0x0B, 0xD0, 0x0B, 0xD0, 0x3F, 0xFC, 0x3F, 0xFC,
    0x00, 0xBF, 0xE4, 0x00, 0x7D, 0x03, 0xE0, 0x0F, 0x40, 0x0F, 0x83, 0xF0, 0x00, 0xFC, 0x3F, 0x00,
    0x0B, 0xD3, 0xF0, 0x00, 0xBE, 0x3F, 0x00, 0x0B, 0xD3, 0xF0, 0x00, 0xFC, 0x1F, 0x40, 0x0F, 0x80,
    0x7D, 0x03, 0xF0, 0x00, 0xBF, 0xE4, 0x00, 0x3F, 0xFF, 0xFF, 0xFC, 0x0B, 0xD0, 0x0B, 0xD0, 0x07,
    0xD0, 0x07, 0xD0, 0x07, 0xD0, 0x07, 0xD0, 0x07, 0xD0, 0x07, 0xD0, 0x07, 0xD0, 0x07, 0xD0, 0x07,
    0xD0, 0x07, 0xD0, 0x07, 0xD0, 0x07, 0xD0, 0x07, 0xD0, 0x07, 0xD0, 0x0B, 0xD0, 0x0B, 0xD0, 0x3F,
    0xFC, 0x3F, 0xFC, 0x3F, 0xEB, 0xFE, 0x00, 0x2F, 0xE0, 0x2F, 0x40, 0x7E, 0x00, 0x3F, 0x01, 0xF4,
    0x00, 0x7E, 0x07, 0xD0, 0x01, 0xFC, 0x1F, 0x40, 0x03, 0xF0, 0x7D, 0x00, 0x1F, 0xC1, 0xF4, 0x00,
    0xBE, 0x07, 0xE0, 0x03, 0xF0, 0x1F, 0xE0, 0x3F, 0x00, 0x7D, 0x7F, 0xD0, 0x01, 0xF4, 0x00, 0x00,
    0x07, 0xD0, 0x00, 0x00, 0x1F, 0x40, 0x00, 0x00, 0x7D, 0x00, 0x00, 0x0F, 0xFF, 0x00, 0x00, 0x00,
    0xBF, 0xF8, 0x07, 0xE0, 0x7E, 0x0F, 0x80, 0x3D, 0x2F, 0x40, 0x00, 0x3F, 0x00, 0x00, 0x3F, 0x00,
    0x00, 0x3F, 0x00, 0x00, 0x2F, 0x40, 0x00, 0x0F, 0xC0, 0x07, 0x07, 0xE0, 0x1D, 0x00, 0xBF, 0xE0,
    0x3F, 0xFF, 0xFF, 0x8E, 0x0B, 0xD1, 0xE3, 0x02, 0xF0, 0x2D, 0xC0, 0xBC, 0x07, 0x00, 0x2F, 0x00,
    0x00, 0x0B, 0xC0, 0x00, 0x02, 0xF0, 0x00, 0x00, 0xBC, 0x00, 0x00, 0x2F, 0x00, 0x00, 0x0B, 0xD0,
    0x00, 0x3F, 0xFF, 0x80, 0x7F, 0xF8, 0x0F, 0xF4, 0x2F, 0x40, 0x0B, 0x00, 0x3F, 0x00, 0x34, 0x00,
    0xBD, 0x01, 0xC0, 0x00, 0xFC, 0x0D, 0x00, 0x02, 0xF4, 0x70, 0x00, 0x07, 0xE3, 0x40, 0x00, 0x0F,
    0xEC, 0x00, 0x00, 0x1F, 0xD0, 0x00, 0x00, 0x3F, 0x00, 0x00, 0x00, 0x74, 0x00, 0x00, 0x01, 0xC0,
    0x00, 0x00, 0x0D, 0x00, 0x00, 0xF0, 0x70, 0x00, 0x07, 0xD7, 0x00, 0x00, 0x0B, 0xE0, 0x00, 0x00,
    0x00, 0x00, 0xFF, 0x80, 0x00, 0x00, 0x00, 0x01, 0xF8, 0x00, 0x00, 0x00, 0x00, 0x0F, 0x80, 0x00,
    0x00, 0x00, 0x00, 0xF8, 0x00, 0x00, 0x00, 0x00, 0x0F, 0x80, 0x00, 0x00, 0x00, 0x00, 0xF8, 0x00,
    0x00, 0x00, 0xBF, 0xDF, 0xAF, 0xE0, 0x00, 0x7F, 0x03, 0xFD, 0x0B, 0xE0, 0x0F, 0xC0, 0x0F, 0x80,
    0x2F, 0x82, 0xF4, 0x00, 0xF8, 0x00, 0xFC, 0x3F, 0x00, 0x0F, 0x80, 0x0F, 0xD3, 0xF0, 0x00, 0xF8,
    0x00, 0xFD, 0x3F, 0x00, 0x0F, 0x80, 0x0F, 0xD2, 0xF4, 0x00, 0xF8, 0x00, 0xFC, 0x0F, 0xC0, 0x1F,
    0x80, 0x2F, 0x40, 0x7F, 0x03, 0xFD, 0x0B, 0xE0, 0x00, 0x7F, 0xDF, 0xAF, 0xE0, 0x00, 0x00, 0x00,
    0xF8, 0x00, 0x00, 0x00, 0x00, 0x0F, 0x80, 0x00, 0x00, 0x00, 0x00, 0xF8, 0x00, 0x00, 0x00, 0x00,
    0x0F, 0x80, 0x00, 0x00, 0x00, 0x0F, 0xFF, 0x40, 0x00, 0x7F, 0xF4, 0x2F, 0xF0, 0x1F, 0x80, 0x3C,
    0x00, 0x2F, 0x82, 0xC0, 0x00, 0x2F, 0x6C, 0x00, 0x00, 0x2F, 0xC0, 0x00, 0x00, 0x3F, 0x00, 0x00,
    0x01, 0xFF, 0x00, 0x00, 0x1D, 0x3F, 0x00, 0x01, 0xD0, 0x7F, 0x00, 0x1E, 0x00, 0xBE, 0x07, 0xFD,
    0x03, 0xFF, 0x80, 0x3F, 0xFC, 0x3F, 0xFC, 0x07, 0xE0, 0x0B, 0xD0, 0x07, 0xD0, 0x07, 0xD0, 0x07,
    0xD0, 0x07, 0xD0, 0x07, 0xD0, 0x07, 0xD0, 0x07, 0xD0, 0x07, 0xD0, 0x07, 0xD0, 0x07, 0xD0, 0x07,
    0xD0, 0x07, 0xD0, 0x07, 0xD0, 0x07, 0xD0, 0x0B, 0xD0, 0x0B, 0xD0, 0x3F, 0xFF, 0xFF, 0xFD, 0x00,
    0x00, 0x00, 0x2E, 0x00, 0x00, 0x00, 0x0A, 0x00, 0x00, 0x00, 0x07, 0x3F, 0xFC, 0x3F, 0xFC, 0x0B,
    0xE0, 0x0B, 0xD0, 0x07, 0xD0, 0x07, 0xD0, 0x07, 0xD0, 0x07, 0xD0, 0x07, 0xD0, 0x07, 0xD0, 0x03,
    0xF0, 0x2F, 0xD0, 0x00, 0xBF, 0xDB, 0xD0, 0x00, 0x00, 0x07, 0xD0, 0x00, 0x00, 0x07, 0xD0, 0x00,
    0x00, 0x0B, 0xD0, 0x00, 0x00, 0x3F, 0xFC, 0x3F, 0xFC, 0x7F, 0xFC, 0xBF, 0xF8, 0x2F, 0x80, 0x2F,
    0x40, 0x3F, 0x00, 0x7D, 0x00, 0xBC, 0x00, 0xFC, 0x01, 0xF4, 0x02, 0xF0, 0x03, 0xF0, 0x07, 0xD0,
    0x0B, 0xC0, 0x0F, 0xC0, 0x1F, 0x40, 0x2F, 0x00, 0x3F, 0x00, 0x7D, 0x00, 0xBC, 0x00, 0xFC, 0x01,
    0xF4, 0x02, 0xF0, 0x03, 0xF0, 0x07, 0xD0, 0x0B, 0xC0, 0x0F, 0xC0, 0x2F, 0x40, 0x2F, 0x40, 0x3F,
    0x03, 0xFF, 0xFF, 0xFF, 0xFF, 0xFF, 0x80, 0x3F, 0xFC, 0x7F, 0xFC, 0xBF, 0xF8, 0x0B, 0xE0, 0x0B,
    0xD0, 0x0F, 0xC0, 0x07, 0xD0, 0x0B, 0xC0, 0x0F, 0xC0, 0x07, 0xD0, 0x0B, 0xC0, 0x0F, 0xC0, 0x07,
    0xD0, 0x0B, 0xC0, 0x0F, 0xC0, 0x07, 0xD0, 0x0B, 0xC0, 0x0F, 0xC0, 0x07, 0xD0, 0x0B, 0xC0, 0x0F,
    0xC0, 0x07, 0xD0, 0x0B, 0xC0, 0x0F, 0xC0, 0x07, 0xD0, 0x0B, 0xC0, 0x0F, 0xC0, 0x0B, 0xD0, 0x0B,
    0xD0, 0x0F, 0xC0, 0x3F, 0xFF, 0xFF, 0xFF, 0xFF, 0xFC, 0x00, 0x00, 0x00, 0x00, 0x00, 0x3C, 0x00,
    0x00, 0x00, 0x00, 0x00, 0x0C, 0x00, 0x00, 0x00, 0x00, 0x00, 0x0D, 0x3F, 0xFF, 0xC0, 0x00, 0x0E,
    0x0B, 0xD0, 0x00, 0x03, 0x02, 0xF0, 0x00, 0x01, 0xC0, 0xBC, 0x00, 0x00, 0x00, 0x2F, 0xFF, 0xE0,
    0x00, 0x0B, 0xC0, 0x7F, 0x40, 0x02, 0xF0, 0x03, 0xF0, 0x00, 0xBC, 0x00, 0xFC, 0x00, 0x2F, 0x00,
    0x3F, 0x00, 0x0B, 0xC0, 0x3F, 0x40, 0x1F, 0xFF, 0xFE, 0x00, 0x3F, 0xFC, 0x00, 0x1F, 0xFF, 0x0B,
    0xD0, 0x00, 0x03, 0xF4, 0x07, 0xD0, 0x00, 0x02, 0xF0, 0x07, 0xD0, 0x00, 0x02, 0xF0, 0x07, 0xFF,
    0xF9, 0x02, 0xF0, 0x07, 0xD0, 0x2F, 0x82, 0xF0, 0x07, 0xD0, 0x0F, 0xC2, 0xF0, 0x07, 0xD0, 0x0F,
    0xD2, 0xF0, 0x07, 0xD0, 0x0F, 0xC2, 0xF0, 0x0B, 0xE0, 0x7F, 0x82, 0xF0, 0x3F, 0xFF, 0xF9, 0x1F,
    0xFF, 0x3F, 0xFC, 0x00, 0x00, 0xBD, 0x00, 0x00, 0x07, 0xD0, 0x00, 0x00, 0x7D, 0x00, 0x00, 0x07,
    0xFF, 0xF9, 0x00, 0x7D, 0x02, 0xF8, 0x07, 0xD0, 0x0F, 0xC0, 0x7D, 0x00, 0xFD, 0x07, 0xD0, 0x0F,
    0xC0, 0x7D, 0x02, 0xF8, 0x3F, 0xFF, 0xF9, 0x00, 0x36, 0xFF, 0x40, 0x3D, 0x02, 0xF0, 0x34, 0x00,
    0xFC, 0x00, 0x00, 0xBD, 0x07, 0xF4, 0xBE, 0x00, 0xBE, 0xBF, 0x00, 0x00, 0xBE, 0x10, 0x00, 0xBD,
    0x34, 0x00, 0xFC, 0x1D, 0x07, 0xF0, 0x02, 0xFF, 0x40, 0x3F, 0xFC, 0x02, 0xFF, 0x90, 0x02, 0xF4,
    0x07, 0xE0, 0x2F, 0x00, 0x7D, 0x07, 0xE0, 0x03, 0xF0, 0x1F, 0x43, 0xF4, 0x00, 0xBD, 0x07, 0xFF,
    0xFC, 0x00, 0x1F, 0x81, 0xF4, 0x3F, 0x00, 0x07, 0xE0, 0x7D, 0x0F, 0xC0, 0x01, 0xF8, 0x1F, 0x42,
    0xF4, 0x00, 0xBD, 0x07, 0xD0, 0x3E, 0x00, 0x3F, 0x02, 0xF4, 0x07, 0xD0, 0x2F, 0x03, 0xFF, 0xC0,
    0x2F, 0xFD, 0x00, 0x00, 0x00, 0x00, 0x00, 0x00, 0x01, 0xBF, 0xFF, 0xF4, 0x3F, 0x40, 0x3E, 0x01,
    0xFC, 0x00, 0xF8, 0x03, 0xF0, 0x03, 0xE0, 0x0B, 0xE0, 0x0F, 0x80, 0x06, 0xFF, 0xFE, 0x00, 0x03,
    0xF4, 0xF8, 0x00, 0x2F, 0x43, 0xE0, 0x02, 0xF4, 0x0F, 0x80, 0x2F, 0x80, 0x7E, 0x0B, 0xFF, 0x4F,
    0xFF, 0x40, 0x00, 0x3C, 0x00, 0x00, 0x1F, 0xC0, 0x00, 0x03, 0xFC, 0x00, 0x00, 0x2F, 0xC0, 0x00,
    0x00, 0x60, 0x00, 0x00, 0x00, 0x00, 0x0B, 0xFE, 0x00, 0x1F, 0x41, 0xF0, 0x1F, 0x40, 0x2F, 0x0F,
    0xC0, 0x03, 0xC3, 0xF0, 0x00, 0xF4, 0xFF, 0xFF, 0xFD, 0x3F, 0x00, 0x00, 0x0F, 0xC0, 0x00, 0x01,
    0xF8, 0x00, 0x30, 0x1F, 0x80, 0x78, 0x00, 0xBF, 0xE4, 0x00, 0x07, 0xC0, 0xB4, 0x03, 0xF8, 0x7F,
    0x00, 0xFE, 0x2F, 0xC0, 0x1F, 0x03, 0xE0, 0x00, 0x00, 0x00, 0x00, 0x00, 0x00, 0x00, 0x0B, 0xFE,
    0x00, 0x1F, 0x41, 0xF0, 0x0F, 0x80, 0x2F, 0x0B, 0xC0, 0x03, 0xC3, 0xF0, 0x00, 0xF4, 0xFF, 0xFF,
    0xFD, 0x3F, 0x00, 0x00, 0x0F, 0xC0, 0x00, 0x01, 0xF8, 0x00, 0x30, 0x1F, 0x80, 0x78, 0x00, 0xBF,
    0xE4, 0x00, 0x3F, 0xE0, 0x00, 0x00, 0x7E, 0x00, 0x00, 0x03, 0xE0, 0x00, 0x03, 0xFF, 0xFF, 0xFF,
    0x03, 0xE0, 0x00, 0x00, 0x3E, 0x00, 0x00, 0x03, 0xE1, 0xFF, 0x40, 0x3E, 0xA0, 0xBD, 0x03, 0xF4,
    0x03, 0xE0, 0x3F, 0x00, 0x3F, 0x03, 0xE0, 0x03, 0xF0, 0x3E, 0x00, 0x3F, 0x03, 0xE0, 0x03, 0xE0,
    0x3E, 0x00, 0x3E, 0x03, 0xE0, 0x03, 0xD0, 0x7E, 0x00, 0x7D, 0x3F, 0xFD, 0x0B, 0xC0, 0x00, 0x00,
    0xF8, 0x00, 0x00, 0x1F, 0x00, 0x00, 0x03, 0xD0, 0x00, 0x01, 0xF4, 0x00, 0x00, 0xF4, 0x00, 0x00,
    0x0B, 0x40, 0x00, 0x2F, 0xC0, 0x00, 0xBF, 0x80, 0x01, 0xF9, 0x00, 0x00, 0x40, 0x00, 0x00, 0x00,
    0x00, 0x3F, 0xFF, 0xFD, 0x0B, 0xD0, 0x2D, 0x07, 0xD0, 0x0E, 0x07, 0xD0, 0x0A, 0x07, 0xD0, 0x00,
    0x07, 0xD0, 0x00, 0x07, 0xD0, 0x00, 0x07, 0xD0, 0x00, 0x07, 0xD0, 0x00, 0x0B, 0xD0, 0x00, 0x3F,
    0xFE, 0x00, 0x00, 0xBF, 0xDA, 0x07, 0xD0, 0x6F, 0x1F, 0x80, 0x0B, 0x3F, 0x00, 0x00, 0x3F, 0xFE,
    0x00, 0x3F, 0x1F, 0xD0, 0x3F, 0x00, 0x00, 0x3F, 0x40, 0x00, 0x1F, 0x80, 0x0A, 0x07, 0xE0, 0x2C,
    0x00, 0xBF, 0xE0, 0x06, 0xFE, 0xA0, 0x74, 0x07, 0x83, 0xC0, 0x0A, 0x0F, 0xD4, 0x00, 0x2F, 0xFF,
    0x40, 0x1F, 0xFF, 0x80, 0x01, 0xBF, 0x0C, 0x00, 0x2D, 0x38, 0x00, 0x70, 0xF8, 0x07, 0x83, 0x5F,
    0xF4, 0x00, 0x00, 0x00, 0x1F, 0x00, 0xFE, 0x03, 0xF8, 0x07, 0xC0, 0x00, 0x00, 0x00, 0x0F, 0xF8,
    0x07, 0xE0, 0x0F, 0x80, 0x3E, 0x00, 0xF8, 0x03, 0xE0, 0x0F, 0x80, 0x3E, 0x00, 0xF8, 0x03, 0xE0,
    0xFF, 0xF0, 0x2E, 0x03, 0xD7, 0xF4, 0xFF, 0x7F, 0x4F, 0xF2, 0xE0, 0x3D, 0x00, 0x00, 0x00, 0x00,
    0x00, 0x0B, 0xF8, 0x00, 0x0F, 0x80, 0x00, 0xF8, 0x00, 0x0F, 0x80, 0x00, 0xF8, 0x00, 0x0F, 0x80,
    0x00, 0xF8, 0x00, 0x0F, 0x80, 0x00, 0xF8, 0x00, 0x0F, 0x80, 0x0F, 0xFF, 0x00, 0x00, 0x1F, 0x00,
    0x0F, 0xE0, 0x03, 0xF8, 0x00, 0x7C, 0x00, 0x00, 0x00, 0x00, 0x00, 0x0F, 0xF8, 0x00, 0x3E, 0x00,
    0x0F, 0x80, 0x03, 0xE0, 0x00, 0xF8, 0x00, 0x3E, 0x00, 0x0F, 0x80, 0x03, 0xE0, 0x00, 0xF8, 0x00,
    0x3E, 0x00, 0x0F, 0x80, 0x03, 0xE0, 0x00, 0xF8, 0xF4, 0x7D, 0x7E, 0x3E, 0x07, 0xFD, 0x00, 0x01,
    0xFF, 0xFF, 0xFC, 0x00, 0x00, 0x0A, 0x01, 0xF4, 0x00, 0x00, 0x02, 0x80, 0x7D, 0x00, 0x00, 0x00,
    0xA0, 0x1F, 0x40, 0x00, 0x00, 0x28, 0x07, 0xFF, 0xF4, 0x00, 0x09, 0x01, 0xF4, 0x2F, 0xC0, 0x03,
    0x40, 0x7D, 0x03, 0xF4, 0x00, 0xD0, 0x1F, 0x40, 0xBE, 0x3C, 0x30, 0x07, 0xD0, 0x3F, 0x5F, 0x6C,
    0x01, 0xF4, 0x2F, 0xC2, 0xF8, 0x03, 0xFF, 0xFF, 0x40, 0x3F, 0xFC, 0x3F, 0xFC, 0x00, 0x02, 0xF4,
    0x02, 0xF4, 0x00, 0x00, 0x7D, 0x00, 0x7D, 0x00, 0x00, 0x1F, 0x40, 0x1F, 0x40, 0x00, 0x07, 0xFF,
    0xFF, 0xFF, 0xF4, 0x01, 0xF4, 0x01, 0xF4, 0x2F, 0xC0, 0x7D, 0x00, 0x7D, 0x03, 0xF4, 0x1F, 0x40,
    0x1F, 0x40, 0xBE, 0x07, 0xD0, 0x07, 0xD0, 0x3F, 0x42, 0xF4, 0x02, 0xF4, 0x2F, 0xC3, 0xFF, 0xC3,
    0xFF, 0xFF, 0x40, 0x3F, 0xE0, 0x00, 0x00, 0x07, 0xE0, 0x00, 0x00, 0x03, 0xE0, 0x00, 0x00, 0x3F,
    0xFF, 0xFF, 0x00, 0x03, 0xE0, 0x00, 0x00, 0x03, 0xE0, 0x00, 0x00, 0x03, 0xE1, 0xFF, 0x40, 0x03,
    0xEA, 0x0B, 0xC0, 0x03, 0xF4, 0x07, 0xE0, 0x03, 0xF0, 0x03, 0xE0, 0x03, 0xE0, 0x03, 0xE0, 0x03,
    0xE0, 0x03, 0xE0, 0x03, 0xE0, 0x03, 0xE0, 0x03, 0xE0, 0x03, 0xE0, 0x03, 0xE0, 0x03, 0xE0, 0x07,
    0xE0, 0x07, 0xE0, 0x3F, 0xFD, 0x3F, 0xFD, 0x00, 0x00, 0xB0, 0x00, 0x00, 0x02, 0xF8, 0x00, 0x00,
    0x0B, 0xF4, 0x00, 0x00, 0x2F, 0x80, 0x00, 0x00, 0x04, 0x00, 0x00, 0x00, 0x00, 0x00, 0x00, 0x3F,
    0xFC, 0x0B, 0xFC, 0x0B, 0xD0, 0x0B, 0x80, 0x07, 0xD0, 0x2D, 0x00, 0x07, 0xD1, 0xF0, 0x00, 0x07,
    0xDB, 0xC0, 0x00, 0x07, 0xFF, 0xF0, 0x00, 0x07, 0xE1, 0xFC, 0x00, 0x07, 0xD0, 0x7F, 0x00, 0x07,
    0xD0, 0x1F, 0xC0, 0x0B, 0xD0, 0x0B, 0xE0, 0x3F, 0xFC, 0x0F, 0xFD, 0x00, 0x2D, 0x00, 0x00, 0x00,
    0x3F, 0x40, 0x00, 0x00, 0x3F, 0xD0, 0x00, 0x00, 0x06, 0xF0, 0x00, 0x00, 0x00, 0x10, 0x00, 0x00,
    0x00, 0x00, 0x00, 0x3F, 0xFC, 0x3F, 0xFC, 0x0B, 0xD0, 0x0F, 0xD0, 0x07, 0xD0, 0x1F, 0xD0, 0x07,
    0xD0, 0x3B, 0xD0, 0x07, 0xD0, 0xD7, 0xD0, 0x07, 0xD2, 0x87, 0xD0, 0x07, 0xD7, 0x07, 0xD0, 0x07,
    0xEC, 0x07, 0xD0, 0x07, 0xF4, 0x07, 0xD0, 0x0B, 0xE0, 0x0B, 0xD0, 0x3F, 0xFC, 0x3F, 0xFC, 0x00,
    0xF4, 0x1F, 0x00, 0x07, 0xF0, 0xFD, 0x00, 0x2F, 0xC3, 0xF8, 0x00, 0x3D, 0x07, 0xC0, 0x00, 0x2F,
    0xF8, 0x00, 0x00, 0x00, 0x00, 0x07, 0xFF, 0x80, 0xFF, 0x42, 0xF4, 0x00, 0xB0, 0x03, 0xF0, 0x03,
    0x40, 0x0B, 0xD0, 0x1C, 0x00, 0x0F, 0xC0, 0xD0, 0x00, 0x2F, 0x47, 0x00, 0x00, 0x7E, 0x34, 0x00,
    0x00, 0xFE, 0xC0, 0x00, 0x01, 0xFD, 0x00, 0x00, 0x03, 0xF0, 0x00, 0x00, 0x07, 0x40, 0x00, 0x00,
    0x1C, 0x00, 0x00, 0x00, 0xD0, 0x00, 0x0F, 0x07, 0x00, 0x00, 0x7D, 0x70, 0x00, 0x00, 0xBE, 0x00,
    0x00, 0x00, 0x3F, 0xFC, 0x3F, 0xFC, 0x0B, 0xE0, 0x0B, 0xD0, 0x07, 0xD0, 0x07, 0xD0, 0x07, 0xD0,
    0x07, 0xD0, 0x07, 0xD0, 0x07, 0xD0, 0x07, 0xD0, 0x07, 0xD0, 0x07, 0xD0, 0x07, 0xD0, 0x07, 0xD0,
    0x07, 0xD0, 0x07, 0xD0, 0x07, 0xD0, 0x0B, 0xD0, 0x0B, 0xD0, 0x3F, 0xFF, 0xFF, 0xFC, 0x00, 0x03,
    0xC0, 0x00, 0x00, 0x03, 0x80, 0x00, 0x00, 0x02, 0x80, 0x00, 0x00, 0x2F, 0xF4, 0x00, 0x2F, 0xE4,
    0x00, 0x07, 0xE0, 0xB4, 0x03, 0xD1, 0xFC, 0x00, 0xBE, 0x07, 0xE0, 0x0F, 0xC0, 0xFC, 0x03, 0xF0,
    0x0F, 0x40, 0x3D, 0x02, 0xF8, 0x2F, 0x80, 0x00, 0x00, 0x00, 0x07, 0xF0, 0xFE, 0x00, 0x00, 0x00,
    0x00, 0x0F, 0xD7, 0xF4, 0x00, 0x00, 0x00, 0x00, 0x3F, 0x9F, 0xD0, 0x00, 0x00, 0x00, 0x00, 0xFF,
    0x7F, 0x40, 0x07, 0xFF, 0x80, 0x03, 0xFD, 0xFD, 0x00, 0x03, 0xF4, 0x00, 0x0F, 0xF3, 0xF4, 0x00,
    0x0F, 0xD0, 0x00, 0x3F, 0x8F, 0xE0, 0x00, 0x3F, 0x40, 0x00, 0xFD, 0x2F, 0xC0, 0x00, 0xFD, 0x00,
    0x07, 0xF0, 0x3F, 0x00, 0x03, 0xF4, 0x00, 0x2F, 0x80, 0xBE, 0x00, 0x0F, 0xD0, 0x00, 0xFC, 0x00,
    0xBE, 0x01, 0xB2, 0xD0, 0x1F, 0xC0, 0x00, 0x2F, 0xF9, 0x01, 0xBF, 0xF4, 0x00, 0x00, 0xBF, 0xC0,
    0x0B, 0xF8, 0x00, 0x1F, 0x8B, 0xC0, 0xFC, 0x7E, 0x01, 0xF8, 0x2E, 0x02, 0xE0, 0xBD, 0x0F, 0xD0,
    0x00, 0x00, 0x00, 0xFC, 0x3F, 0x00, 0x3F, 0xF0, 0x03, 0xF0, 0xFC, 0x00, 0x3F, 0x00, 0x0F, 0xC3,
    0xF0, 0x00, 0xFC, 0x00, 0x3F, 0x0B, 0xD0, 0x03, 0xF0, 0x01, 0xF8, 0x0F, 0x80, 0x0F, 0xC0, 0x0B,
    0xC0, 0x1F, 0x40, 0xB7, 0x90, 0x7D, 0x00, 0x0B, 0xFE, 0x01, 0xFF, 0x80, 0x00, 0x00, 0x00, 0x00,
    0x00, 0x00, 0x00, 0x00, 0x00, 0x00, 0x00, 0x00, 0xFF, 0xFF, 0xC0, 0x00, 0x00, 0x00, 0xFC, 0x00,
    0x00, 0x00, 0x00, 0x3F, 0x00, 0x00, 0x00, 0x3F, 0xFF, 0xFF, 0xFF, 0xF0, 0x0E, 0x03, 0xF0, 0x00,
    0x7C, 0x07, 0x00, 0xFC, 0x00, 0x07, 0x01, 0xC0, 0x3F, 0x00, 0x00, 0xD0, 0x00, 0x0F, 0xC0, 0x00,
    0x00, 0x00, 0x03, 0xF0, 0x00, 0x00, 0x00, 0x00, 0xFF, 0xFF, 0xFD, 0x00, 0x00, 0x3F, 0x00, 0x0B,
    0xF4, 0x00, 0x0F, 0xC0, 0x00, 0xBF, 0x40, 0x03, 0xF0, 0x00, 0x0F, 0xF0, 0x00, 0xFC, 0x00, 0x03,
    0xFC, 0x00, 0x3F, 0x00, 0x00, 0xFF, 0x00, 0x0F, 0xC0, 0x00, 0x3F, 0x80, 0x03, 0xF0, 0x00, 0x2F,
    0xC0, 0x00, 0xFC, 0x00, 0x1F, 0xD0, 0x0F, 0xFF, 0xFF, 0xFF, 0x80, 0x10, 0x04, 0x00, 0x03, 0x82,
    0xC0, 0x00, 0x1F, 0xF4, 0x00, 0x00, 0xFF, 0x00, 0x00, 0x07, 0xD0, 0x00, 0x00, 0x7D, 0x00, 0x00,
    0x7F, 0xFF, 0xC0, 0x00, 0x7D, 0x00, 0x00, 0x07, 0xD0, 0x00, 0x00, 0x7D, 0x00, 0x00, 0x07, 0xFF,
    0xF9, 0x00, 0x7D, 0x02, 0xF8, 0x07, 0xD0, 0x0F, 0xC0, 0x7D, 0x00, 0xFD, 0x07, 0xD0, 0x0F, 0xC0,
    0x7D, 0x02, 0xF8, 0x3F, 0xFF, 0xF9, 0x00, 0x00, 0x00, 0x00, 0x00, 0x00, 0x00, 0x00, 0x03, 0xFF,
    0xFF, 0x00, 0x00, 0xBF, 0xF9, 0x1D, 0x01, 0xFC, 0x00, 0x00, 0xFE, 0x40, 0x7F, 0xD0, 0x1F, 0xC0,
    0x00, 0x7F, 0x00, 0x00, 0xBD, 0x01, 0xFC, 0x00, 0x1F, 0xC0, 0x00, 0x03, 0xD0, 0x1F, 0xC0, 0x03,
    0xF8, 0x00, 0x00, 0x1D, 0x01, 0xFC, 0x00, 0xBF, 0x00, 0x00, 0x00, 0xD0, 0x1F, 0xC0, 0x0F, 0xF0,
    0x00, 0x00, 0x00, 0x01, 0xFC, 0x00, 0xFE, 0x00, 0x00, 0x00, 0x00, 0x1F, 0xFF, 0xFF, 0xFF, 0xFE,
    0x41, 0x80, 0x01, 0xFC, 0x00, 0xFF, 0x07, 0xFF, 0x80, 0x00, 0x1F, 0xC0, 0x0F, 0xF0, 0x07, 0xE0,
    0x00, 0x01, 0xFC, 0x00, 0xBF, 0x00, 0x00, 0x00, 0x00, 0x1F, 0xC0, 0x03, 0xF4, 0x00, 0x00, 0x0D,
    0x01, 0xFC, 0x00, 0x1F, 0xC0, 0x00, 0x00, 0xC0, 0x1F, 0xC0, 0x00, 0xBF, 0x00, 0x00, 0x38, 0x01,
    0xFC, 0x00, 0x01, 0xFE, 0x40, 0x2E, 0x03, 0xFF, 0xFF, 0x00, 0x00, 0xBF, 0xF9, 0x00, 0x3F, 0xFC,
    0x02, 0xFF, 0x9C, 0x0B, 0xD0, 0x1F, 0x80, 0xBC, 0x07, 0xD0, 0x3F, 0x00, 0x1C, 0x07, 0xD0, 0xBD,
    0x00, 0x00, 0x07, 0xFF, 0xFF, 0xFF, 0x80, 0x07, 0xD0, 0xFD, 0x00, 0x00, 0x07, 0xD0, 0xBD, 0x00,
    0x00, 0x07, 0xD0, 0x7E, 0x00, 0x00, 0x07, 0xD0, 0x3F, 0x00, 0x28, 0x0B, 0xD0, 0x0F, 0xC0, 0x70,
    0x3F, 0xFC, 0x02, 0xFF, 0x80, 0x00, 0x00, 0x00, 0x00, 0x00, 0x00, 0x00, 0x00, 0xB4, 0x00, 0x00,
    0x00, 0x00, 0x00, 0x07, 0xF0, 0x00, 0x00, 0x00, 0x00, 0x00, 0x3F, 0xE0, 0x00, 0x00, 0x00, 0x00,
    0x02, 0xFF, 0xD0, 0x00, 0x00, 0x00, 0x00, 0x0D, 0x3F, 0xC0, 0x00, 0x00, 0x00, 0x00, 0xF0, 0xBF,
    0x80, 0x00, 0x00, 0x00, 0x07, 0x40, 0xFF, 0x00, 0x00, 0x00, 0x00, 0x38, 0x01, 0xFF, 0x00, 0x00,
    0x00, 0x02, 0xC0, 0x03, 0xFD, 0x00, 0x00, 0x00, 0x1D, 0x00, 0x03, 0xFC, 0x00, 0x00, 0x00, 0xFF,
    0xFF, 0xFF, 0xF8, 0x00, 0x00, 0x0B, 0x00, 0xF4, 0x0F, 0xF4, 0x00, 0x00, 0x34, 0x03, 0xD0, 0x0F,
    0xF0, 0x00, 0x03, 0xC0, 0x0F, 0x40, 0x2F, 0xE0, 0x00, 0x1C, 0x00, 0x3D, 0x00, 0x3F, 0xC0, 0x00,
    0xE0, 0x00, 0xF4, 0x00, 0x7F, 0xC0, 0xFF, 0xE0, 0x3F, 0xFC, 0x07, 0xFF, 0xF8, 0x00, 0x00, 0x1F,
    0x00, 0x00, 0x00, 0x00, 0x0F, 0xE0, 0x00, 0x00, 0x00, 0x0E, 0xFD, 0x00, 0x00, 0x00, 0x0B, 0x0F,
    0xC0, 0x00, 0x00, 0x07, 0x01, 0xFC, 0x00, 0x00, 0x03, 0x40, 0x2F, 0x80, 0x00, 0x03, 0xFF, 0xFF,
    0xF8, 0x00, 0x02, 0xC0, 0xF4, 0x3F, 0x40, 0x01, 0xC0, 0x3D, 0x07, 0xF0, 0x01, 0xD0, 0x0F, 0x80,
    0xBF, 0x03, 0xF8, 0x0F, 0xF4, 0x3F, 0xFC, 0x00, 0x00, 0x00, 0x00, 0x00, 0x00, 0x00, 0x00, 0x00,
    0x0F, 0xFF, 0xFC, 0x00, 0x00, 0x00, 0xF0, 0x00, 0x00, 0x00, 0x1F, 0xC0, 0x00, 0x00, 0x00, 0xBF,
    0x00, 0x00, 0x00, 0x07, 0xF0, 0x00, 0x00, 0x00, 0x7F, 0xD0, 0x00, 0x00, 0x01, 0xFC, 0x00, 0x00,
    0x00, 0x3A, 0xFC, 0x00, 0x00, 0x00, 0x7F, 0x00, 0x00, 0x00, 0x2C, 0x3F, 0x80, 0x00, 0x00, 0x1F,
    0xC0, 0x00, 0x00, 0x0E, 0x0B, 0xF0, 0x00, 0x00, 0x07, 0xF0, 0x00, 0x00, 0x0B, 0x00, 0xFF, 0x00,
    0x00, 0x01, 0xFC, 0x00, 0x00, 0x07, 0x80, 0x2F, 0xD0, 0x00, 0x00, 0x7F, 0x00, 0x00, 0x03, 0xC0,
    0x03, 0xFC, 0x00, 0x00, 0x1F, 0xC0, 0x00, 0x01, 0xD0, 0x00, 0xBF, 0x80, 0x00, 0x07, 0xFF, 0xFF,
    0xFF, 0xFF, 0xFF, 0xFF, 0xF0, 0x00, 0x01, 0xFC, 0x00, 0x00, 0x70, 0x1F, 0x01, 0xFE, 0x00, 0x00,
    0x7F, 0x00, 0x00, 0x38, 0x07, 0xC0, 0x2F, 0xD0, 0x00, 0x1F, 0xC0, 0x00, 0x2C, 0x01, 0xF0, 0x03,
    0xFC, 0x00, 0x07, 0xF0, 0x00, 0x0D, 0x00, 0x7C, 0x00, 0x7F, 0x80, 0x01, 0xFC, 0x00, 0x0F, 0x00,
    0x1F, 0x00, 0x0F, 0xF0, 0x0F, 0xFF, 0xFC, 0xBF, 0xF0, 0x3F, 0xFC, 0x0F, 0xFF, 0xF0, 0x3F, 0xFC,
    0x00, 0x00, 0x2D, 0x00, 0x00, 0x02, 0xF4, 0x00, 0x00, 0x2F, 0xD0, 0x00, 0x00, 0x7D, 0x00, 0x00,
    0x1E, 0xFC, 0x00, 0x00, 0x1F, 0x40, 0x00, 0x0D, 0x2F, 0xC0, 0x00, 0x07, 0xD0, 0x00, 0x0E, 0x02,
    0xF8, 0x00, 0x01, 0xF4, 0x00, 0x0B, 0x00, 0x3F, 0x40, 0x00, 0x7F, 0xFF, 0xFF, 0xFF, 0xFF, 0xF0,
    0x00, 0x1F, 0x40, 0x03, 0x40, 0xF0, 0xBF, 0x00, 0x07, 0xD0, 0x03, 0x80, 0x3C, 0x0F, 0xE0, 0x02,
    0xF4, 0x02, 0xC0, 0x0F, 0x00, 0xFD, 0x03, 0xFF, 0xCB, 0xF0, 0x0F, 0xF0, 0x3F, 0xF4, 0x00, 0x03,
    0xFF, 0xFF, 0xFF, 0xFC, 0x00, 0x00, 0x00, 0x2F, 0xC0, 0x00, 0x07, 0x00, 0x00, 0x00, 0x00, 0xBF,
    0x00, 0x00, 0xD0, 0x00, 0x00, 0x00, 0x03, 0xFC, 0x00, 0x38, 0x00, 0x00, 0x00, 0x00, 0x0F, 0xE0,
    0x0A, 0x00, 0x00, 0x00, 0x00, 0x00, 0x3F, 0x42, 0xC0, 0x00, 0x00, 0x00, 0x00, 0x01, 0xFD, 0x70,
    0x00, 0x00, 0x00, 0x00, 0x00, 0x1F, 0xFE, 0x40, 0x00, 0x00, 0x00, 0x00, 0xBF, 0xFF, 0xFF, 0xD0,
    0x00, 0x00, 0x00, 0x3F, 0x43, 0xF8, 0x2F, 0x80, 0x00, 0x00, 0x0B, 0xE0, 0x3F, 0x80, 0xFD, 0x00,
    0x00, 0x01, 0xFC, 0x03, 0xF8, 0x07, 0xF0, 0x00, 0x00, 0x3F, 0x40, 0x3F, 0x80, 0x2F, 0xC0, 0x00,
    0x0F, 0xE0, 0x03, 0xF8, 0x00, 0xFD, 0x00, 0x01, 0xFC, 0x00, 0x3F, 0x80, 0x07, 0xF0, 0x00, 0x7F,
    0x80, 0x03, 0xF8, 0x00, 0x3F, 0xC0, 0xBF, 0xFF, 0x40, 0xFF, 0xF0, 0x2F, 0xFF, 0xC0, 0x00, 0x3F,
    0xFF, 0xFF, 0xF8, 0x00, 0x00, 0x07, 0x80, 0x00, 0x90, 0x00, 0x00, 0x00, 0xF4, 0x06, 0x00, 0x00,
    0x00, 0x00, 0x1F, 0x64, 0x00, 0x00, 0x00, 0x01, 0xFF, 0xFF, 0x40, 0x00, 0x00, 0x0F, 0x87, 0xC2,
    0xF0, 0x00, 0x00, 0x3E, 0x07, 0xC0, 0xBC, 0x00, 0x00, 0xFC, 0x07, 0xC0, 0x3F, 0x00, 0x03, 0xF0,
    0x07, 0xC0, 0x0F, 0xC0, 0x0F, 0xD0, 0x07, 0xC0, 0x0B, 0xE0, 0xBF, 0xF0, 0x2F, 0xF4, 0x0F, 0xFD,
    0x3F, 0xFF, 0xF0, 0x00, 0x7F, 0xFF, 0xFF, 0xFF, 0x80, 0x00, 0x07, 0xF0, 0x00, 0x00, 0xFF, 0x00,
    0x00, 0x1C, 0x00, 0x00, 0x1F, 0xC0, 0x00, 0x00, 0xFE, 0x00, 0x01, 0xD0, 0x00, 0x00, 0x7F, 0x00,
    0x00, 0x01, 0xFD, 0x00, 0x0D, 0x00, 0x00, 0x01, 0xFC, 0x00, 0x00, 0x01, 0xFC, 0x00, 0xE0, 0x00,
    0x00, 0x07, 0xF0, 0x00, 0x00, 0x02, 0xFC, 0x0B, 0x00, 0x00, 0x00, 0x1F, 0xC0, 0x00, 0x00, 0x03,
    0xF8, 0x70, 0x00, 0x00, 0x00, 0x7F, 0x00, 0x00, 0x00, 0x03, 0xFB, 0x40, 0x00, 0x00, 0x01, 0xFF,
    0xFF, 0xFF, 0xFF, 0xFF, 0xFF, 0xE4, 0x00, 0x00, 0x07, 0xF0, 0x00, 0x00, 0xFE, 0x1F, 0xD1, 0xFC,
    0x00, 0x00, 0x1F, 0xC0, 0x00, 0x0F, 0xE0, 0x3F, 0x41, 0xFC, 0x00, 0x00, 0x7F, 0x00, 0x00, 0x7F,
    0x00, 0xFD, 0x02, 0xF8, 0x00, 0x01, 0xFC, 0x00, 0x03, 0xF4, 0x03, 0xF4, 0x03, 0xF4, 0x00, 0x07,
    0xF0, 0x00, 0x3F, 0x80, 0x0F, 0xD0, 0x07, 0xF0, 0x00, 0x1F, 0xC0, 0x01, 0xFC, 0x00, 0x3F, 0x40,
    0x0F, 0xE0, 0x00, 0x7F, 0x00, 0x0F, 0xD0, 0x00, 0xFD, 0x00, 0x1F, 0xD0, 0x3F, 0xFF, 0xFF, 0xFF,
    0xF0, 0x1F, 0xFE, 0x03, 0xFF, 0xFC, 0x3F, 0xFC, 0x00, 0x1F, 0xFF, 0xFF, 0xFC, 0x00, 0x0B, 0xD0,
    0x00, 0x03, 0xD0, 0x00, 0x60, 0x00, 0x07, 0xD0, 0x00, 0x00, 0xB8, 0x02, 0x40, 0x00, 0x07, 0xD0,
    0x00, 0x00, 0x0F, 0x58, 0x00, 0x00, 0x07, 0xFF, 0xFF, 0xFF, 0xFF, 0xFF, 0x80, 0x00, 0x07, 0xD0,
    0x00, 0x0B, 0xD3, 0xE1, 0xF8, 0x00, 0x07, 0xD0, 0x00, 0x2F, 0x03, 0xE0, 0x3D, 0x00, 0x07, 0xD0,
    0x00, 0xBC, 0x03, 0xE0, 0x1F, 0x40, 0x07, 0xD0, 0x02, 0xF4, 0x03, 0xE0, 0x0B, 0xC0, 0x0B, 0xE0,
    0x07, 0xF0, 0x03, 0xE0, 0x03, 0xF4, 0x3F, 0xFC, 0x3F, 0xF8, 0x0F, 0xFC, 0x0F, 0xFF, 0x01, 0xE0,
    0x1E, 0x00, 0x01, 0xF2, 0xD0, 0x00, 0x00, 0xFC, 0x00, 0x00, 0x2F, 0xFF, 0x40, 0x07, 0xD0, 0x1F,
    0xC0, 0x3F, 0x40, 0x1F, 0x40, 0xFE, 0x00, 0x3F, 0x02, 0xF0, 0x00, 0xFC, 0x00, 0x00, 0x03, 0xE0,
    0x00, 0x00, 0x1F, 0x00, 0x00, 0x01, 0xF4, 0x00, 0x07, 0xFF, 0x00, 0x00, 0x00, 0x07, 0x80, 0x00,
    0x00, 0x03, 0xC0, 0x00, 0x00, 0x0B, 0x40, 0x00, 0x00, 0x2E, 0x00, 0x00, 0x00, 0xF8, 0x00, 0x00,
    0x2F, 0xE0, 0x00, 0x2F, 0xFF, 0x00, 0x6F, 0xFF, 0xF0, 0x1F, 0xFF, 0xF9, 0x00, 0xFF, 0xF9, 0x00,
    0x07, 0xF9, 0x00, 0x00, 0x0F, 0x00, 0x00, 0x00, 0x1D, 0x00, 0x00, 0x00, 0x08, 0x01, 0xD0, 0x0D,
    0x1D, 0x00, 0x0A, 0x80, 0x06, 0xFF, 0xE0, 0x3E, 0x01, 0xF0, 0xF8, 0x03, 0xD0, 0x00, 0x1F, 0x00,
    0x2F, 0xF0, 0x00, 0x00, 0xF0, 0x00, 0x00, 0xE0, 0x00, 0x03, 0xC0, 0x00, 0x2F, 0x00, 0x1F, 0xF4,
    0x2F, 0xFF, 0x43, 0xFE, 0x40, 0x0F, 0x00, 0x00, 0x38, 0x00, 0x00, 0xF1, 0x40, 0x00, 0xF8, 0x00,
    0x00, 0x00, 0x00, 0x00, 0x00, 0x00, 0x00, 0x3F, 0xFF, 0xFC, 0x00, 0x00, 0x00, 0xBE, 0x00, 0x00,
    0x00, 0x00, 0xBE, 0x00, 0x00, 0x3F, 0x40, 0xBE, 0x01, 0xFE, 0x1F, 0xC0, 0xBE, 0x03, 0xF8, 0x0F,
    0xD0, 0xBE, 0x03, 0xF4, 0x0F, 0xD0, 0xBE, 0x03, 0xF0, 0x0F, 0xD0, 0xBE, 0x03, 0xF0, 0x0B, 0xE0,
    0xBE, 0x07, 0xF0, 0x07, 0xF0, 0xBE, 0x0B, 0xE0, 0x03, 0xF4, 0xBE, 0x0F, 0xC0, 0x00, 0xFD, 0xBE,
    0x3F, 0x00, 0x00, 0x1F, 0xFF, 0xF8, 0x00, 0x00, 0x00, 0xBF, 0x00, 0x00, 0x00, 0x00, 0xBE, 0x00,
    0x00, 0x00, 0x00, 0xBE, 0x00, 0x00, 0x00, 0x3F, 0xFF, 0xFC, 0x00, 0x00, 0x00, 0x00, 0x00, 0x00,
    0x00, 0x0F, 0xF8, 0x00, 0x00, 0x00, 0x1F, 0x80, 0x00, 0x00, 0x00, 0xF8, 0x00, 0x00, 0x00, 0x0F,
    0x80, 0x00, 0x00, 0x00, 0xF8, 0x00, 0x00, 0x00, 0x0F, 0x80, 0x00, 0x3D, 0x00, 0xF8, 0x07, 0xD0,
    0xF8, 0x0F, 0x81, 0xF4, 0x0F, 0xC0, 0xF8, 0x2F, 0x00, 0xFC, 0x0F, 0x82, 0xF4, 0x0F, 0xC0, 0xF8,
    0x2F, 0x41, 0xFC, 0x0F, 0x81, 0xF8, 0x1F, 0xC0, 0xF8, 0x1F, 0x81, 0xFC, 0x0F, 0x82, 0xF8, 0x0F,
    0xC0, 0xF8, 0x3F, 0x40, 0x3F, 0x0F, 0x8B, 0xE0, 0x00, 0xBF, 0xFF, 0xE4, 0x00, 0x00, 0x1F, 0x80,
    0x00, 0x00, 0x00, 0xF8, 0x00, 0x00, 0x00, 0x0F, 0x80, 0x00, 0x00, 0x01, 0xF8, 0x00, 0x00, 0x00,
    0xFF, 0xF4, 0x00, 0x00, 0x0B, 0xFF, 0x90, 0x00, 0x02, 0xF4, 0x07, 0xF4, 0x00, 0x3F, 0x00, 0x02,
    0xF8, 0x03, 0xF4, 0x00, 0x03, 0xF4, 0x2F, 0xC0, 0x00, 0x07, 0xF0, 0xFE, 0x00, 0x00, 0x0F, 0xD3,
    0xF4, 0x00, 0x00, 0x3F, 0xDF, 0xEB, 0xFE, 0x40, 0xFF, 0x7F, 0x80, 0x6F, 0xFB, 0xFD, 0xFD, 0x00,
    0x00, 0x0F, 0xF3, 0xF8, 0x00, 0x00, 0x3F, 0x8F, 0xF0, 0x00, 0x00, 0xFD, 0x1F, 0xC0, 0x00, 0x0B,
    0xF0, 0x3F, 0x40, 0x00, 0x3F, 0x40, 0x3F, 0x40, 0x02, 0xF8, 0x00, 0x2F, 0x80, 0x7F, 0x40, 0x00,
    0x0B, 0xFF, 0x90, 0x00, 0x01, 0xBF, 0x80, 0x0B, 0xC1, 0xF4, 0x2F, 0x00, 0x7D, 0x3F, 0x00, 0x3E,
    0x3F, 0xFF, 0xFF, 0x3E, 0x00, 0x3F, 0x3F, 0x00, 0x3F, 0x3F, 0x00, 0x3E, 0x1F, 0x00, 0x7C, 0x0B,
    0xC1, 0xF4, 0x01, 0xBF, 0x80, 0x7F, 0xFF, 0xC0, 0x00, 0x0B, 0xE0, 0x0F, 0xF0, 0x00, 0x00, 0xA7,
    0xE0, 0x1F, 0xD0, 0x00, 0x03, 0x0F, 0x40, 0x3F, 0xC0, 0x00, 0x28, 0x00, 0x00, 0x7F, 0x40, 0x00,
    0xC0, 0x00, 0x00, 0xFE, 0x00, 0x0A, 0x00, 0x00, 0x02, 0xFC, 0x00, 0x34, 0x00, 0x00, 0x03, 0xF8,
    0x02, 0xC0, 0x00, 0x00, 0x0B, 0xF0, 0x0D, 0x00, 0x00, 0x00, 0x0F, 0xD0, 0x70, 0x00, 0x00, 0x00,
    0x3F, 0xC3, 0x80, 0x00, 0x00, 0x00, 0x7F, 0x5C, 0x00, 0x00, 0x00, 0x00, 0xFF, 0xE0, 0x00, 0x00,
    0x00, 0x01, 0xFF, 0x00, 0x00, 0x00, 0x00, 0x03, 0xF8, 0x00, 0x00, 0x00, 0x00, 0x0B, 0xD0, 0x00,
    0x00, 0x00, 0x00, 0x0E, 0x00, 0x00, 0x00, 0x7F, 0xF8, 0x00, 0x7E, 0x03, 0xF4, 0x00, 0x7B, 0xD0,
    0x7E, 0x00, 0x36, 0xF4, 0x0F, 0xC0, 0x1C, 0x3C, 0x01, 0xF8, 0x0D, 0x00, 0x00, 0x3F, 0x07, 0x00,
    0x00, 0x07, 0xE3, 0x40, 0x00, 0x00, 0xFD, 0xC0, 0x00, 0x00, 0x1F, 0xD0, 0x00, 0x00, 0x03, 0xF0,
    0x00, 0x00, 0x00, 0x74, 0x00, 0x00, 0x00, 0x78, 0x2E, 0x00, 0x00, 0x00, 0x02, 0xFE, 0xFF, 0x80,
    0x00, 0x00, 0x01, 0xAE, 0x6F, 0x40, 0x00, 0x00, 0x00, 0x00, 0x00, 0x00, 0x00, 0x7F, 0xFF, 0xC0,
    0x00, 0x0B, 0xE0, 0x0F, 0xF0, 0x00, 0x00, 0xB7, 0xE0, 0x1F, 0xD0, 0x00, 0x03, 0x4F, 0x40, 0x3F,
    0xC0, 0x00, 0x2C, 0x00, 0x00, 0x7F, 0x40, 0x00, 0xD0, 0x00, 0x00, 0xFE, 0x00, 0x0B, 0x00, 0x00,
    0x02, 0xFC, 0x00, 0x34, 0x00, 0x00, 0x03, 0xF8, 0x02, 0xC0, 0x00, 0x00, 0x0B, 0xF0, 0x0E, 0x00,
    0x00, 0x00, 0x0F, 0xD0, 0x70, 0x00, 0x00, 0x00, 0x3F, 0xC3, 0x80, 0x00, 0x00, 0x00, 0x7F, 0x5C,
    0x00, 0x00, 0x00, 0x00, 0xFF, 0xE0, 0x00, 0x00, 0x00, 0x01, 0xFF, 0x00, 0x00, 0x00, 0x00, 0x03,
    0xFC, 0x00, 0x00, 0x00, 0x00, 0x0B, 0xD0, 0x00, 0x00, 0x00, 0x00, 0x0E, 0x00, 0x00, 0x00, 0x2D,
    0x0F, 0x00, 0x00, 0x0F, 0xD7, 0xF0, 0x00, 0x03, 0xFE, 0xFF, 0x00, 0x00, 0x1F, 0xC7, 0xF0, 0x00,
    0x00, 0x10, 0x14, 0x00, 0x00, 0x00, 0x00, 0x00, 0x07, 0xFF, 0x80, 0x07, 0xE0, 0x2F, 0x40, 0x07,
    0xBD, 0x03, 0xF0, 0x03, 0x6F, 0x40, 0xBD, 0x02, 0xC3, 0xC0, 0x0F, 0xC0, 0xD0, 0x00, 0x03, 0xF4,
    0x70, 0x00, 0x00, 0x7E, 0x34, 0x00, 0x00, 0x0F, 0xEC, 0x00, 0x00, 0x01, 0xFD, 0x00, 0x00, 0x00,
    0x3F, 0x00, 0x00, 0x00, 0x07, 0x40, 0x00, 0x00, 0x00, 0x00, 0x02, 0xE0, 0x00, 0x00, 0x00, 0x00,
    0x01, 0xFD, 0x00, 0x00, 0x00, 0x00, 0x1A, 0xFF, 0xE9, 0x00, 0x00, 0x01, 0xFE, 0x5F, 0xE6, 0xFD,
    0x00, 0x02, 0xF8, 0x03, 0xF0, 0x0B, 0xF0, 0x02, 0xF8, 0x00, 0xFC, 0x00, 0xBF, 0x01, 0xFC, 0x00,
    0x00, 0x00, 0x0F, 0xD0, 0xFF, 0x00, 0x00, 0x00, 0x02, 0xFC, 0x3F, 0x80, 0x00, 0x00, 0x00, 0x7F,
    0x1F, 0xD0, 0x00, 0x00, 0x00, 0x1F, 0xD7, 0xF4, 0x00, 0x00, 0x00, 0x07, 0xF5, 0xFD, 0x00, 0x00,
    0x00, 0x01, 0xFE, 0x7F, 0x40, 0x00, 0x00, 0x00, 0x7F, 0x4F, 0xE0, 0x00, 0x00, 0x00, 0x1F, 0xD3,
    0xFC, 0x00, 0x00, 0x00, 0x0B, 0xF0, 0x7F, 0x00, 0x00, 0x00, 0x03, 0xF8, 0x0F, 0xF0, 0x03, 0xF0,
    0x02, 0xFC, 0x00, 0xFF, 0x00, 0xFC, 0x02, 0xFC, 0x00, 0x07, 0xFE, 0xBF, 0x9B, 0xF4, 0x00, 0x00,
    0x06, 0xBF, 0xFA, 0x40, 0x00, 0x00, 0x00, 0x07, 0xF4, 0x00, 0x00, 0x00, 0x00, 0x00, 0xB8, 0x00,
    0x00, 0x00, 0x00, 0x01, 0xE0, 0x00, 0x00, 0x00, 0xBD, 0x00, 0x00, 0x1F, 0xFF, 0xFE, 0x00, 0x2F,
    0x4B, 0xC2, 0xF4, 0x1F, 0x42, 0xF0, 0x3F, 0x0F, 0xC0, 0x00, 0x0B, 0xD3, 0xF0, 0x00, 0x01, 0xF8,
    0xFC, 0x00, 0x00, 0x7E, 0x3F, 0x00, 0x00, 0x1F, 0x8F, 0xC0, 0x00, 0x0B, 0xE2, 0xF4, 0x2F, 0x03,
    0xF0, 0x3F, 0x4B, 0xC2, 0xF4, 0x01, 0xFF, 0xFF, 0xE0, 0x00, 0x00, 0xFD, 0x00, 0x00, 0x00, 0x1E,
    0x00, 0x00, 0x00, 0x00, 0x6F, 0xFF, 0xD0, 0x00, 0x00, 0x00, 0x0B, 0xE0, 0x06, 0xF4, 0x00, 0x00,
    0x00, 0xBC, 0x0B, 0xD1, 0xF4, 0x00, 0x00, 0x00, 0x10, 0x62, 0xC1, 0xF4, 0x00, 0x00, 0x00, 0x02,
    0x0A, 0x00, 0xB8, 0x00, 0x00, 0x00, 0x00, 0x20, 0x00, 0x00, 0x00, 0x02, 0xFF, 0x40, 0x02, 0xFE,
    0x40, 0x00, 0x7E, 0x0B, 0x40, 0x3D, 0x1F, 0xC0, 0x0B, 0xE0, 0x7E, 0x00, 0xFC, 0x0F, 0xC0, 0x3F,
    0x00, 0xF4, 0x03, 0xD0, 0x2F, 0x82, 0xF8, 0x00, 0x00, 0x00, 0x00, 0x7F, 0x0F, 0xE0, 0x00, 0x00,
    0x00, 0x00, 0xFD, 0x7F, 0x40, 0x00, 0x00, 0x00, 0x03, 0xF9, 0xFD, 0x00, 0x00, 0x00, 0x00, 0x0F,
    0xF7, 0xF4, 0x00, 0x7F, 0xF8, 0x00, 0x3F, 0xDF, 0xD0, 0x00, 0x3F, 0x40, 0x00, 0xFF, 0x3F, 0x40,
    0x00, 0xFD, 0x00, 0x03, 0xF8, 0xFE, 0x00, 0x03, 0xF4, 0x00, 0x0F, 0xD2, 0xFC, 0x00, 0x0F, 0xD0,
    0x00, 0x7F, 0x03, 0xF0, 0x00, 0x3F, 0x40, 0x02, 0xF8, 0x0B, 0xE0, 0x00, 0xFD, 0x00, 0x0F, 0xC0,
    0x0B, 0xE0, 0x1B, 0x2D, 0x01, 0xFC, 0x00, 0x02, 0xFF, 0x90, 0x1B, 0xFF, 0x40, 0x00, 0x00, 0x01,
    0xBF, 0xF8, 0x00, 0x00, 0x00, 0x7E, 0x40, 0xBD, 0x00, 0x00, 0x03, 0xE0, 0xBC, 0x7D, 0x00, 0x00,
    0x00, 0x0A, 0x38, 0x7D, 0x00, 0x00, 0x00, 0x20, 0xD0, 0x2D, 0x00, 0x00, 0x00, 0x06, 0x00, 0x00,
    0x00, 0x0B, 0xFC, 0x00, 0xBF, 0x80, 0x01, 0xF8, 0xBC, 0x0F, 0xC7, 0xE0, 0x1F, 0x82, 0xE0, 0x2E,
    0x0B, 0xD0, 0xFD, 0x00, 0x00, 0x00, 0x0F, 0xC3, 0xF0, 0x03, 0xFF, 0x00, 0x3F, 0x0F, 0xC0, 0x03,
    0xF0, 0x00, 0xFC, 0x3F, 0x00, 0x0F, 0xC0, 0x03, 0xF0, 0xBD, 0x00, 0x3F, 0x00, 0x1F, 0x80, 0xF8,
    0x00, 0xFC, 0x00, 0xBC, 0x01, 0xF4, 0x0B, 0x79, 0x07, 0xD0, 0x00, 0xBF, 0xE0, 0x1F, 0xF8, 0x00,
    0x00, 0x00, 0x00, 0x00, 0x00, 0x00, 0x00, 0x00, 0x2F, 0xFF, 0xF0, 0x00, 0x00, 0x00, 0x00, 0xB5,
    0xF2, 0xC0, 0x00, 0x00, 0x00, 0x02, 0x87, 0xC3, 0x00, 0x00, 0x00, 0x00, 0x09, 0x1F, 0x0C, 0x00,
    0x00, 0x00, 0x00, 0x00, 0x00, 0x00, 0x00, 0x00, 0x00, 0xBF, 0xD0, 0x00, 0xBF, 0x90, 0x00, 0x1F,
    0x82, 0xD0, 0x0F, 0x47, 0xF0, 0x02, 0xF8, 0x1F, 0x80, 0x3F, 0x03, 0xF0, 0x0F, 0xC0, 0x3D, 0x00,
    0xF4, 0x0B, 0xE0, 0xBE, 0x00, 0x00, 0x00, 0x00, 0x1F, 0xC3, 0xF8, 0x00, 0x00, 0x00, 0x00, 0x3F,
    0x5F, 0xD0, 0x00, 0x00, 0x00, 0x00, 0xFE, 0x7F, 0x40, 0x00, 0x00, 0x00, 0x03, 0xFD, 0xFD, 0x00,
    0x1F, 0xFE, 0x00, 0x0F, 0xF7, 0xF4, 0x00, 0x0F, 0xD0, 0x00, 0x3F, 0xCF, 0xD0, 0x00, 0x3F, 0x40,
    0x00, 0xFE, 0x3F, 0x80, 0x00, 0xFD, 0x00, 0x03, 0xF4, 0xBF, 0x00, 0x03, 0xF4, 0x00, 0x1F, 0xC0,
    0xFC, 0x00, 0x0F, 0xD0, 0x00, 0xBE, 0x02, 0xF8, 0x00, 0x3F, 0x40, 0x03, 0xF0, 0x02, 0xF8, 0x06,
    0xCB, 0x40, 0x7F, 0x00, 0x00, 0xBF, 0xE4, 0x06, 0xFF, 0xD0, 0x00, 0x00, 0x03, 0xFF, 0xFF, 0x00,
    0x00, 0x00, 0x0F, 0x6E, 0x3C, 0x00, 0x00, 0x00, 0x34, 0xB8, 0x70, 0x00, 0x00, 0x00, 0xD2, 0xE0,
    0xC0, 0x00, 0x00, 0x00, 0x00, 0x00, 0x00, 0x00, 0x02, 0xFF, 0x00, 0x2F, 0xE0, 0x00, 0x7E, 0x2F,
    0x03, 0xF1, 0xF8, 0x07, 0xE0, 0xB8, 0x0B, 0x82, 0xF4, 0x3F, 0x40, 0x00, 0x00, 0x03, 0xF0, 0xFC,
    0x00, 0xFF, 0xC0, 0x0F, 0xC3, 0xF0, 0x00, 0xFC, 0x00, 0x3F, 0x0F, 0xC0, 0x03, 0xF0, 0x00, 0xFC,
    0x2F, 0x40, 0x0F, 0xC0, 0x07, 0xE0, 0x3E, 0x00, 0x3F, 0x00, 0x2F, 0x00, 0x7D, 0x02, 0xDE, 0x41,
    0xF4, 0x00, 0x2F, 0xF8, 0x07, 0xFE, 0x00, 0x00, 0x00, 0x00, 0x00, 0x00, 0x00, 0x00, 0x06, 0xFF,
    0x90, 0x30, 0x00, 0x7E, 0x40, 0x6D, 0xF0, 0x02, 0xF0, 0x00, 0x07, 0xF0, 0x0B, 0xC0, 0x00, 0x01,
    0xF0, 0x0F, 0x40, 0x00, 0x00, 0xB0, 0x2F, 0x00, 0x00, 0x00, 0x70, 0x3F, 0x00, 0x00, 0x00, 0x20,
    0x7E, 0x00, 0x00, 0x00, 0x00, 0x7E, 0x00, 0x00, 0x00, 0x00, 0x7E, 0x00, 0x00, 0x00, 0x00, 0x7F,
    0x00, 0x00, 0x00, 0x00, 0x3F, 0x00, 0x00, 0x00, 0x00, 0x3F, 0xC0, 0x00, 0x00, 0x00, 0x1F, 0xE0,
    0x00, 0x00, 0x00, 0x0F, 0xFD, 0x00, 0x00, 0x00, 0x03, 0xFF, 0xE9, 0x00, 0x00, 0x00, 0xBF, 0xFF,
    0xF9, 0x00, 0x00, 0x0B, 0xFF, 0xFF, 0xD0, 0x00, 0x00, 0x1A, 0xFF, 0xF4, 0x00, 0x00, 0x00, 0x06,
    0xFC, 0x00, 0x00, 0x00, 0x00, 0x1C, 0x00, 0x00, 0x00, 0x00, 0x18, 0x00, 0x00, 0x00, 0x00, 0x00,
    0x00, 0xBF, 0xE0, 0x07, 0xD0, 0x7C, 0x0F, 0x00, 0xBD, 0x2E, 0x00, 0x7C, 0x3D, 0x00, 0x00, 0x3D,
    0x00, 0x00, 0x3D, 0x00, 0x00, 0x3E, 0x00, 0x00, 0x3F, 0x00, 0x00, 0x1F, 0xD0, 0x00, 0x0B, 0xFE,
    0x40, 0x01, 0xFF, 0xF4, 0x00, 0x06, 0xFD, 0x00, 0x00, 0x2F, 0x00, 0x00, 0x0F, 0x00, 0x00, 0x0E,
    0x00, 0x00, 0x28, 0x08, 0x09, 0x00, 0x29, 0xBF, 0xD0, 0xBD, 0x06, 0x0D, 0x18, 0x00, 0x78, 0x00,
    0x00, 0xF0, 0x00, 0x00, 0x00, 0x00, 0x3E, 0xBE, 0x90, 0x3E, 0xBC, 0x16, 0xBE, 0xBC, 0x00, 0x00,
    0x00, 0xBF, 0xF8, 0x00, 0x01, 0xF4, 0x0B, 0xD0, 0x01, 0xF0, 0x00, 0x3D, 0x00, 0xF4, 0x00, 0x07,
    0xC0, 0x00, 0x00, 0x00, 0x7C, 0x00, 0x00, 0x00, 0x02, 0xC0, 0x1F, 0xE1, 0xD3, 0xFA, 0x0B, 0xA8,
    0x00, 0x10, 0x00, 0x1F, 0xE0, 0x7E, 0x2C, 0x3D, 0x0D, 0x00, 0x0C, 0x00, 0x00, 0x00, 0x00, 0x00,
    0x03, 0xC0, 0x00, 0x00, 0x00, 0x00, 0x00, 0x00, 0x0B, 0xF0, 0x00, 0x00, 0x00, 0x00, 0x00, 0x00,
    0x0F, 0xF0, 0x00, 0x00, 0x00, 0x00, 0x3D, 0x00, 0x07, 0xD0, 0x00, 0x7C, 0x00, 0x00, 0xBF, 0x00,
    0x00, 0x00, 0x00, 0xFE, 0x00, 0x00, 0xBF, 0x00, 0x00, 0x00, 0x00, 0xFE, 0x00, 0x00, 0x3D, 0x00,
    0x00, 0x00, 0x00, 0x7C, 0x00, 0x00, 0x00, 0x00, 0x00, 0x00, 0x00, 0x00, 0x00, 0x00, 0x00, 0x00,
    0x00, 0x00, 0x00, 0x00, 0x00, 0x00, 0x00, 0x00, 0x00, 0x00, 0x00, 0x00, 0x00, 0x00, 0x00, 0x00,
    0x00, 0x00, 0x00, 0x00, 0x00, 0x00, 0x00, 0x00, 0x00, 0x00, 0x00, 0x00, 0x00, 0x2E, 0x00, 0x00,
    0x00, 0x00, 0x00, 0x00, 0x78, 0x7F, 0x00, 0x00, 0x00, 0x00, 0x00, 0x00, 0xFD, 0x7F, 0x00, 0x00,
    0x00, 0x00, 0x00, 0x00, 0xFD, 0x2E, 0x00, 0x00, 0x00, 0x00, 0x00, 0x00, 0x78, 0x00, 0x00, 0x00,
    0x00, 0x00, 0x00, 0x00, 0x00, 0x00, 0x00, 0x00, 0x00, 0x00, 0x00, 0x00, 0x00, 0x00, 0x00, 0x00,
    0x00, 0x00, 0x00, 0x00, 0x00, 0x00, 0x00, 0x00, 0x00, 0x00, 0x00, 0x00, 0x00, 0x00, 0x3D, 0x00,
    0x00, 0x00, 0x00, 0x7C, 0x00, 0x00, 0xBF, 0x00, 0x00, 0x00, 0x00, 0xFE, 0x00, 0x00, 0xBF, 0x00,
    0x00, 0x00, 0x00, 0xFE, 0x00, 0x00, 0x3D, 0x00, 0x03, 0xC0, 0x00, 0x7C, 0x00, 0x00, 0x00, 0x00,
    0x0B, 0xF0, 0x00, 0x00, 0x00, 0x00, 0x00, 0x00, 0x0B, 0xF0, 0x00, 0x00, 0x00, 0x00, 0x00, 0x00,
    0x03, 0xD0, 0x00, 0x00, 0x00, 0x00, 0x00, 0x00, 0x00, 0x06, 0x00, 0x00, 0x00, 0x00, 0x00, 0x00,
    0x00, 0x00, 0x18, 0x00, 0x00, 0x00, 0x00, 0x00, 0x00, 0x00, 0x00, 0x7D, 0x00, 0x00, 0x00, 0x00,
    0x00, 0x04, 0x00, 0x00, 0xFF, 0x00, 0x00, 0x00, 0x00, 0x00, 0x08, 0x00, 0x00, 0xBF, 0x00, 0x00,
    0x00, 0x00, 0x00, 0x0F, 0xD0, 0x00, 0x3D, 0x00, 0x02, 0xFE, 0x00, 0x00, 0x0F, 0xF0, 0x00, 0x00,
    0x00, 0x0F, 0xE6, 0x00, 0x00, 0x0B, 0xF0, 0x00, 0x00, 0x00, 0x0F, 0xE0, 0x00, 0x00, 0x03, 0xD0,
    0x00, 0x00, 0x00, 0x07, 0xC0, 0x00, 0x00, 0x00, 0x00, 0x00, 0x00, 0x00, 0x00, 0x00, 0x00, 0x00,
    0x00, 0x00, 0x00, 0x00, 0x00, 0x00, 0x00, 0x00, 0x00, 0x00, 0x00, 0x00, 0x00, 0x00, 0x00, 0x00,
    0x00, 0x00, 0x00, 0x00, 0x00, 0x00, 0x00, 0x00, 0x00, 0x00, 0x00, 0x00, 0x00, 0x00, 0x00, 0x00,
    0x00, 0x00, 0x00, 0x01, 0xE0, 0x00, 0x00, 0x00, 0x00, 0x00, 0x07, 0xD0, 0x53, 0xF0, 0x00, 0x00,
    0x00, 0x00, 0x00, 0x0F, 0xE8, 0x2B, 0xF0, 0x00, 0x00, 0x00, 0x00, 0x00, 0x0F, 0xC5, 0x07, 0xE0,
    0x00, 0x00, 0x00, 0x00, 0x00, 0x07, 0x80, 0x00, 0x00, 0x00, 0x00, 0x00, 0x00, 0x00, 0x00, 0x00,
    0x00, 0x00, 0x00, 0x00, 0x00, 0x00, 0x00, 0x00, 0x00, 0x00, 0x00, 0x00, 0x00, 0x00, 0x00, 0x00,
    0x00, 0x00, 0x00, 0x00, 0x00, 0x00, 0x00, 0x00, 0x00, 0x00, 0x00, 0x00, 0x03, 0xD0, 0x00, 0x00,
    0x00, 0x07, 0xC0, 0x00, 0x00, 0x0B, 0xF0, 0x00, 0x00, 0x00, 0x0F, 0xF0, 0x00, 0x00, 0x07, 0xF0,
    0x00, 0x00, 0x00, 0x0F, 0xF0, 0x00, 0x00, 0x7F, 0xC0, 0x00, 0x3D, 0x00, 0x07, 0xE0, 0x00, 0x00,
    0x00, 0x00, 0x00, 0xFF, 0x00, 0x00, 0x20, 0x00, 0x00, 0x00, 0x00, 0x00, 0xBF, 0x00, 0x00, 0x20,
    0x00, 0x00, 0x00, 0x00, 0x00, 0x2D, 0x00, 0x00, 0x00, 0x00, 0x00, 0x00, 0x00, 0x00, 0x24, 0x00,
    0x00, 0x00, 0x00, 0x00, 0x00, 0x00, 0x00, 0x80, 0x00, 0x00, 0x00, 0x00, 0x00, 0x02, 0xE0, 0x7D,
    0x00, 0x00, 0x00, 0x1F, 0xC2, 0xFC, 0x00, 0x00, 0x00, 0x3F, 0x07, 0xD0, 0x00, 0x00, 0x00, 0x1F,
    0xF9, 0x00, 0x00, 0x00, 0x00, 0x00, 0x00, 0x00, 0x00, 0xFF, 0xFF, 0xC1, 0xFF, 0xFF, 0x80, 0x1F,
    0xC0, 0x00, 0x3F, 0xC0, 0x00, 0x7F, 0x00, 0x02, 0xFF, 0x00, 0x01, 0xFC, 0x00, 0x1F, 0xFC, 0x00,
    0x07, 0xF0, 0x00, 0xEB, 0xF0, 0x00, 0x1F, 0xC0, 0x0B, 0x2F, 0xC0, 0x00, 0x7F, 0x00, 0x34, 0xBF,
    0x00, 0x01, 0xFC, 0x03, 0x82, 0xFC, 0x00, 0x07, 0xF0, 0x1C, 0x0B, 0xF0, 0x00, 0x1F, 0xC0, 0xD0,
    0x2F, 0xC0, 0x00, 0x7F, 0x0A, 0x00, 0xBF, 0x00, 0x01, 0xFC, 0x70, 0x02, 0xFC, 0x00, 0x07, 0xF7,
    0x40, 0x0B, 0xF0, 0x00, 0x1F, 0xFC, 0x00, 0x2F, 0xC0, 0x00, 0x7F, 0xC0, 0x00, 0xBF, 0x00, 0x01,
    0xFE, 0x00, 0x02, 0xFC, 0x00, 0xFF, 0xFF, 0xC1, 0xFF, 0xFF, 0xC0, 0x00, 0x00, 0x00, 0x00, 0x6F,
    0x00, 0x00, 0x00, 0x00, 0x00, 0x2C, 0x00, 0x00, 0x00, 0x00, 0x00, 0x34, 0x00, 0x00, 0x00, 0x00,
    0x00, 0xD0, 0x00, 0x00, 0x00, 0x00, 0x02, 0x80, 0x00, 0xF4, 0x1F, 0x00, 0x02, 0xFC, 0x3F, 0x40,
    0x02, 0xFC, 0x3F, 0x40, 0x00, 0xF4, 0x1F, 0x00, 0x00, 0x2F, 0xF4, 0x00, 0x00, 0x00, 0x00, 0x00,
    0x3F, 0xFC, 0x3F, 0xFC, 0x0B, 0xD0, 0x0F, 0xD0, 0x07, 0xD0, 0x1F, 0xD0, 0x07, 0xD0, 0x3B, 0xD0,
    0x07, 0xD0, 0xD7, 0xD0, 0x07, 0xD2, 0x87, 0xD0, 0x07, 0xD7, 0x07, 0xD0, 0x07, 0xEC, 0x07, 0xD0,
    0x07, 0xF4, 0x07, 0xD0, 0x0B, 0xE0, 0x0B, 0xD0, 0x3F, 0xFC, 0x3F, 0xFD, 0x00, 0x00, 0x00, 0x2E,
    0x00, 0x00, 0x00, 0x0A, 0x00, 0x00, 0x00, 0x07, 0x00, 0x00, 0x00, 0x00, 0x00, 0x00, 0xFF, 0xFF,
    0xC0, 0x00, 0x00, 0x00, 0xFC, 0x00, 0x00, 0x00, 0x00, 0x3F, 0x00, 0x00, 0x00, 0xBF, 0xFF, 0xFF,
    0xFF, 0xF4, 0x00, 0x03, 0xF0, 0x00, 0x00, 0x00, 0x00, 0xFC, 0x00, 0x00, 0x00, 0x00, 0x3F, 0x00,
    0x00, 0x00, 0x00, 0x0F, 0xFF, 0xFF, 0xD0, 0x00, 0x03, 0xF0, 0x00, 0xBF, 0x40, 0x00, 0xFC, 0x00,
    0x0B, 0xF4, 0x00, 0x3F, 0x00, 0x00, 0xFF, 0x00, 0x0F, 0xC0, 0x00, 0x3F, 0xC0, 0x03, 0xF0, 0x00,
    0x0F, 0xF0, 0x00, 0xFC, 0x00, 0x03, 0xF8, 0x00, 0x3F, 0x00, 0x02, 0xFC, 0x00, 0x0F, 0xC0, 0x01,
    0xFD, 0x00, 0xFF, 0xFF, 0xFF, 0xF8, 0x00, 0x06, 0xB4, 0x00, 0x03, 0xFF, 0xD0, 0x00, 0x00, 0x2F,
    0x40, 0x00, 0x00, 0x7D, 0x00, 0x00, 0x01, 0xF4, 0x00, 0x00, 0x07, 0xD0, 0x00, 0x01, 0xFF, 0xFF,
    0xD0, 0x00, 0x7D, 0x00, 0x00, 0x01, 0xF4, 0x00, 0x00, 0x07, 0xD0, 0x00, 0x00, 0x1F, 0xFF, 0xE4,
    0x00, 0x7D, 0x02, 0xF8, 0x01, 0xF4, 0x03, 0xF0, 0x07, 0xD0, 0x0F, 0xD0, 0x1F, 0x40, 0x3F, 0x00,
    0x7D, 0x02, 0xF8, 0x0F, 0xFF, 0xFE, 0x40, 0x3F, 0xFF, 0xFF, 0xF8, 0x00, 0x07, 0xF0, 0x01, 0xFD,
    0x00, 0x1F, 0xC0, 0x00, 0xFD, 0x00, 0x7F, 0x00, 0x03, 0xFC, 0x01, 0xFC, 0x00, 0x0F, 0xF0, 0x07,
    0xF0, 0xD0, 0x3F, 0xC0, 0x1F, 0xC1, 0xE0, 0xFD, 0x00, 0x7F, 0x00, 0xBF, 0xD0, 0x01, 0xFF, 0xFF,
    0xFC, 0x00, 0x07, 0xF0, 0x00, 0x3C, 0x00, 0x1F, 0xC0, 0x00, 0x2D, 0x00, 0x7F, 0x00, 0x00, 0x2C,
    0x01, 0xFC, 0x00, 0x00, 0x00, 0x07, 0xF0, 0x00, 0x00, 0x00, 0x1F, 0xC0, 0x00, 0x00, 0x00, 0x7F,
    0x00, 0x00, 0x00, 0x3F, 0xFF, 0xF0, 0x00, 0x00, 0x3F, 0xEB, 0xFE, 0x00, 0x02, 0xFE, 0x02, 0xF4,
    0x00, 0x7E, 0x00, 0x3F, 0x00, 0x1F, 0x40, 0x07, 0xE0, 0x07, 0xD0, 0x01, 0xFC, 0x01, 0xF4, 0x04,
    0x3F, 0x00, 0x7D, 0x02, 0xEF, 0xC0, 0x1F, 0x40, 0x1F, 0xD0, 0x07, 0xE0, 0x03, 0xF0, 0x01, 0xFE,
    0x03, 0xFB, 0x40, 0x7D, 0x7F, 0xD0, 0x60, 0x1F, 0x40, 0x00, 0x00, 0x07, 0xD0, 0x00, 0x00, 0x01,
    0xF4, 0x00, 0x00, 0x00, 0x7D, 0x00, 0x00, 0x00, 0xFF, 0xF0, 0x00, 0x00, 0x00, 0x00, 0x00, 0x03,
    0x40, 0x00, 0x00, 0x00, 0xD0, 0x00, 0x00, 0x00, 0x30, 0x00, 0x00, 0x00, 0x2C, 0x00, 0x00, 0x00,
    0x2F, 0x0F, 0xFF, 0xFF, 0xFF, 0xC0, 0x1F, 0xC0, 0x00, 0x00, 0x07, 0xF0, 0x00, 0x00, 0x01, 0xFC,
    0x00, 0x00, 0x00, 0x7F, 0x00, 0x00, 0x00, 0x1F, 0xC0, 0x00, 0x00, 0x07, 0xF0, 0x00, 0x00, 0x01,
    0xFC, 0x00, 0x00, 0x00, 0x7F, 0x00, 0x00, 0x00, 0x1F, 0xC0, 0x00, 0x00, 0x07, 0xF0, 0x00, 0x00,
    0x01, 0xFC, 0x00, 0x00, 0x00, 0x7F, 0x00, 0x00, 0x00, 0x1F, 0xC0, 0x00, 0x00, 0x07, 0xF0, 0x00,
    0x00, 0x01, 0xFC, 0x00, 0x00, 0x0F, 0xFF, 0xFE, 0x00, 0x00, 0x00, 0x00, 0x0A, 0x00, 0x00, 0x0D,
    0x00, 0x00, 0x2D, 0x3F, 0xFF, 0xFC, 0x07, 0xD0, 0x00, 0x07, 0xD0, 0x00, 0x07, 0xD0, 0x00, 0x07,
    0xD0, 0x00, 0x07, 0xD0, 0x00, 0x07, 0xD0, 0x00, 0x07, 0xD0, 0x00, 0x07, 0xD0, 0x00, 0x0B, 0xE0,
    0x00, 0x3F, 0xFE, 0x00, 0x3F, 0xFF, 0xFF, 0xFD, 0x00, 0x7F, 0x00, 0x1F, 0x40, 0x1F, 0xC0, 0x00,
    0xE0, 0x07, 0xF0, 0x00, 0x2C, 0x01, 0xFC, 0x00, 0x07, 0x00, 0x7F, 0x00, 0x00, 0xC0, 0x1F, 0xC0,
    0x00, 0x00, 0x07, 0xF0, 0x00, 0x00, 0x7F, 0xFF, 0xF8, 0x00, 0x00, 0x7F, 0x00, 0x00, 0x00, 0x1F,
    0xC0, 0x00, 0x00, 0x07, 0xF0, 0x00, 0x00, 0x01, 0xFC, 0x00, 0x00, 0x00, 0x7F, 0x00, 0x00, 0x00,
    0x1F, 0xC0, 0x00, 0x00, 0x07, 0xF0, 0x00, 0x00, 0x3F, 0xFF, 0xF8, 0x00, 0x00, 0x00, 0x00, 0x00,
    0x00, 0x3F, 0xFF, 0xFD, 0x0B, 0xD0, 0x2D, 0x07, 0xD0, 0x0E, 0x07, 0xD0, 0x0A, 0x7F, 0xFF, 0x40,
    0x07, 0xD0, 0x00, 0x07, 0xD0, 0x00, 0x07, 0xD0, 0x00, 0x07, 0xD0, 0x00, 0x0B, 0xD0, 0x00, 0x3F,
    0xFE, 0x00, 0x3F, 0xFF, 0xFF, 0xFF, 0x00, 0x01, 0xFC, 0x00, 0x2F, 0x40, 0x01, 0xFC, 0x00, 0x07,
    0x40, 0x01, 0xFC, 0x00, 0x03, 0x80, 0x01, 0xFC, 0x00, 0x02, 0x80, 0x01, 0xFC, 0x00, 0x01, 0xC0,
    0x01, 0xFC, 0x00, 0x00, 0x00, 0x01, 0xFC, 0x00, 0x00, 0x00, 0x01, 0xFF, 0xFF, 0xE8, 0x00, 0x01,
    0xFC, 0x00, 0xBF, 0x80, 0x01, 0xFC, 0x00, 0x0F, 0xF0, 0x01, 0xFC, 0x00, 0x03, 0xF8, 0x01, 0xFC,
    0x00, 0x02, 0xFC, 0x01, 0xFC, 0x00, 0x01, 0xFD, 0x01, 0xFC, 0x00, 0x01, 0xFE, 0x01, 0xFC, 0x00,
    0x01, 0xFE, 0x3F, 0xFF, 0xF8, 0x01, 0xFD, 0x00, 0x00, 0x00, 0x01, 0xFC, 0x00, 0x00, 0x3D, 0x02,
    0xFC, 0x00, 0x00, 0xBF, 0x07, 0xF0, 0x00, 0x00, 0x7F, 0x1F, 0xC0, 0x00, 0x00, 0x1F, 0xF9, 0x00,
    0x3F, 0xFF, 0xFD, 0x00, 0x2F, 0x40, 0x78, 0x00, 0x7D, 0x00, 0xA0, 0x01, 0xF4, 0x00, 0x00, 0x07,
    0xFF, 0xF9, 0x00, 0x1F, 0x40, 0xBF, 0x00, 0x7D, 0x00, 0xBE, 0x01, 0xF4, 0x00, 0xFC, 0x07, 0xD0,
    0x03, 0xF0, 0x2F, 0x40, 0x0F, 0xD3, 0xFF, 0xC0, 0x3F, 0x40, 0x00, 0x00, 0xFC, 0x00, 0x00, 0x03,
    0xF0, 0x01, 0xF0, 0x2F, 0x40, 0x0B, 0xC2, 0xF4, 0x00, 0x0B, 0xFE, 0x00, 0x7F, 0xFC, 0x01, 0xFF,
    0xFF, 0x80, 0x2F, 0xFE, 0x00, 0xB4, 0x00, 0x02, 0xFC, 0x00, 0x01, 0xE0, 0x00, 0x07, 0x40, 0x00,
    0xBF, 0x00, 0x01, 0xE0, 0x00, 0x00, 0x78, 0x00, 0x2F, 0xC0, 0x02, 0xD0, 0x00, 0x00, 0x03, 0xC0,
    0x0B, 0xF0, 0x02, 0xC0, 0x00, 0x00, 0x00, 0x3C, 0x02, 0xFC, 0x03, 0xC0, 0x00, 0x00, 0x00, 0x03,
    0xD0, 0xBF, 0x03, 0xC0, 0x00, 0x00, 0x00, 0x01, 0xFD, 0x2F, 0xC7, 0xF4, 0x00, 0x00, 0x00, 0x00,
    0xFF, 0xEB, 0xF7, 0xFF, 0x40, 0x00, 0x00, 0x00, 0xFF, 0x0F, 0xFF, 0x4F, 0xF0, 0x00, 0x00, 0x00,
    0xBF, 0x40, 0xFF, 0x00, 0xFE, 0x00, 0x00, 0x00, 0x7F, 0x80, 0x2F, 0xC0, 0x1F, 0xD0, 0x00, 0x00,
    0x3F, 0xC0, 0x0B, 0xF0, 0x02, 0xFD, 0x00, 0x00, 0x3F, 0xC0, 0x02, 0xFC, 0x00, 0x3F, 0xC0, 0x00,
    0x2F, 0xD0, 0x00, 0xBF, 0x00, 0x03, 0xF8, 0x00, 0x1F, 0xE0, 0x00, 0x2F, 0xC0, 0x00, 0x7F, 0x80,
    0xFF, 0xFF, 0x01, 0xFF, 0xFF, 0x80, 0x3F, 0xFF, 0x00, 0x00, 0x00, 0x00, 0x00, 0x00, 0x00, 0x07,
    0xC0, 0x00, 0x00, 0x00, 0x00, 0x00, 0x00, 0x00, 0x70, 0x00, 0x00, 0x00, 0x00, 0x00, 0x00, 0x00,
    0x0D, 0x00, 0x00, 0x00, 0x00, 0x00, 0x00, 0x00, 0x02, 0x80, 0x00, 0x00, 0x00, 0x00, 0x00, 0x00,
    0x00, 0xA0, 0x3F, 0xE0, 0x3F, 0xFC, 0x0B, 0xFC, 0x02, 0xD0, 0x0B, 0xD0, 0x0B, 0x80, 0x00, 0x78,
    0x07, 0xD0, 0x2D, 0x00, 0x00, 0x0F, 0x47, 0xD1, 0xE0, 0x00, 0x00, 0x03, 0xE7, 0xDB, 0xC0, 0x00,
    0x00, 0x0F, 0xFF, 0xFF, 0xF0, 0x00, 0x00, 0x3F, 0x0B, 0xE1, 0xFC, 0x00, 0x00, 0xFD, 0x07, 0xD0,
    0x7F, 0x00, 0x03, 0xF4, 0x07, 0xD0, 0x1F, 0xC0, 0x0F, 0xE0, 0x0B, 0xD0, 0x0B, 0xE0, 0xBF, 0xF0,
    0x3F, 0xFC, 0x1F, 0xFE, 0x00, 0x00, 0x00, 0x00, 0x00, 0x1E, 0x00, 0x00, 0x00, 0x00, 0x00, 0x0A,
    0x00, 0x00, 0x00, 0x00, 0x00, 0x07, 0x34, 0xBF, 0xF9, 0x00, 0x7F, 0x90, 0x2F, 0xC0, 0x7D, 0x00,
    0x0B, 0xF0, 0x78, 0x00, 0x03, 0xF4, 0x70, 0x00, 0x03, 0xF8, 0x20, 0x00, 0x03, 0xF4, 0x00, 0x00,
    0x0B, 0xF0, 0x00, 0x00, 0x2F, 0x80, 0x00, 0x7F, 0xFD, 0x00, 0x00, 0x00, 0x1F, 0xD0, 0x00, 0x00,
    0x03, 0xF8, 0x00, 0x00, 0x02, 0xFC, 0x60, 0x00, 0x01, 0xFD, 0x70, 0x00, 0x02, 0xFC, 0x38, 0x00,
    0x03, 0xF8, 0x1E, 0x40, 0x1F, 0xE0, 0x01, 0xFF, 0xFE, 0x00, 0x00, 0x0F, 0xC0, 0x00, 0x00, 0x0F,
    0xE0, 0x00, 0x00, 0x01, 0xFC, 0x00, 0x00, 0x00, 0xBC, 0x00, 0x00, 0x01, 0xFC, 0x00, 0x01, 0xFF,
    0x90, 0x00, 0x3A, 0xFF, 0xD0, 0x3D, 0x01, 0xFC, 0x34, 0x00, 0xBD, 0x30, 0x00, 0xBD, 0x00, 0x01,
    0xF8, 0x00, 0xFF, 0xD0, 0x00, 0x01, 0xFC, 0x00, 0x00, 0x7E, 0x20, 0x00, 0x7E, 0x38, 0x01, 0xFD,
    0x0B, 0xFF, 0xE0, 0x00, 0xFC, 0x00, 0x00, 0xFE, 0x00, 0x00, 0x1F, 0xC0, 0x00, 0x0B, 0xD0, 0x00,
    0x1F, 0xC0, 0x1F, 0xF9, 0x00, 0x00, 0x00, 0x00, 0x00, 0x00, 0x00, 0xFF, 0xFF, 0xC0, 0x1F, 0xFF,
    0x00, 0x1F, 0xC0, 0x00, 0x0F, 0x00, 0x00, 0x7F, 0x00, 0x00, 0xF0, 0x00, 0x01, 0xFC, 0x00, 0x0E,
    0x00, 0x00, 0x07, 0xF0, 0x01, 0xE0, 0x00, 0x00, 0x1F, 0xC0, 0x2D, 0x00, 0x00, 0x00, 0x7F, 0x02,
    0xD0, 0x00, 0x00, 0x01, 0xFC, 0x3F, 0xC0, 0x00, 0x00, 0x07, 0xF7, 0xFF, 0x80, 0x00, 0x00, 0x1F,
    0xF8, 0xBF, 0x40, 0x00, 0x00, 0x7F, 0x80, 0xFF, 0x00, 0x00, 0x01, 0xFC, 0x00, 0xFF, 0x00, 0x00,
    0x07, 0xF0, 0x01, 0xFE, 0x00, 0x00, 0x1F, 0xC0, 0x02, 0xFD, 0x00, 0x00, 0x7F, 0x00, 0x03, 0xFC,
    0x00, 0x01, 0xFC, 0x00, 0x03, 0xFC, 0x00, 0xFF, 0xFF, 0xC0, 0xBF, 0xFF, 0x40, 0x00, 0x00, 0x00,
    0x00, 0x7E, 0x00, 0x00, 0x00, 0x00, 0x00, 0x38, 0x00, 0x00, 0x00, 0x00, 0x00, 0xB0, 0x00, 0x00,
    0x00, 0x00, 0x01, 0xC0, 0x00, 0x00, 0x00, 0x00, 0x03, 0x00, 0x3F, 0xFC, 0x0B, 0xFC, 0x07, 0xD0,
    0x0B, 0x80, 0x07, 0xD0, 0x2D, 0x00, 0x07, 0xD1, 0xF0, 0x00, 0x07, 0xDB, 0xC0, 0x00, 0x07, 0xFF,
    0xF0, 0x00, 0x07, 0xE1, 0xFC, 0x00, 0x07, 0xD0, 0x7F, 0x00, 0x07, 0xD0, 0x1F, 0xC0, 0x0B, 0xD0,
    0x0B, 0xE0, 0x3F, 0xFC, 0x1F, 0xFE, 0x00, 0x00, 0x00, 0x1E, 0x00, 0x00, 0x00, 0x0B, 0x00, 0x00,
    0x00, 0x07, 0x00, 0x00, 0x00, 0x00, 0x00, 0x00, 0x3F, 0xFF, 0xF0, 0x00, 0x3F, 0xFD, 0x01, 0xFC,
    0x00, 0x00, 0x0F, 0x40, 0x01, 0xFC, 0x00, 0x00, 0x3C, 0x00, 0x01, 0xFC, 0x00, 0x01, 0xE0, 0x00,
    0x01, 0xFC, 0x30, 0x0B, 0x40, 0x00, 0x01, 0xFC, 0x30, 0x3C, 0x00, 0x00, 0x01, 0xFC, 0x35, 0xF0,
    0x00, 0x00, 0x01, 0xFF, 0xFF, 0xF4, 0x00, 0x00, 0x01, 0xFC, 0x37, 0xFD, 0x00, 0x00, 0x01, 0xFC,
    0x30, 0xFF, 0x00, 0x00, 0x01, 0xFC, 0x30, 0x7F, 0xC0, 0x00, 0x01, 0xFC, 0x00, 0x1F, 0xF0, 0x00,
    0x01, 0xFC, 0x00, 0x0B, 0xF8, 0x00, 0x01, 0xFC, 0x00, 0x02, 0xFD, 0x00, 0x01, 0xFC, 0x00, 0x00,
    0xFF, 0x40, 0x01, 0xFC, 0x00, 0x00, 0x3F, 0xD0, 0x3F, 0xFF, 0xF0, 0x01, 0xFF, 0xFE, 0x3F, 0xFC,
    0x00, 0x7F, 0xC0, 0xBD, 0x00, 0x03, 0xD0, 0x07, 0xD0, 0x81, 0xE0, 0x00, 0x7D, 0x08, 0xB4, 0x00,
    0x07, 0xFF, 0xFF, 0x40, 0x00, 0x7D, 0x09, 0xFD, 0x00, 0x07, 0xD0, 0x87, 0xF0, 0x00, 0x7D, 0x00,
    0x2F, 0xC0, 0x07, 0xD0, 0x00, 0xBE, 0x00, 0xBD, 0x00, 0x03, 0xF4, 0x3F, 0xFC, 0x00, 0xFF, 0xF0,
    0x3F, 0xFF, 0xF0, 0x07, 0xFF, 0xC0, 0x1F, 0xC0, 0x00, 0x0F, 0x00, 0x01, 0xFC, 0x00, 0x03, 0xC0,
    0x00, 0x1F, 0xC0, 0x00, 0xF0, 0x00, 0x7F, 0xFF, 0xF0, 0x78, 0x00, 0x00, 0x1F, 0xC0, 0x1E, 0x00,
    0x00, 0x01, 0xFC, 0x0B, 0x80, 0x00, 0x00, 0x1F, 0xC2, 0xF8, 0x00, 0x00, 0x01, 0xFD, 0xBF, 0xD0,
    0x00, 0x00, 0x1F, 0xFC, 0xFF, 0x00, 0x00, 0x01, 0xFE, 0x03, 0xFC, 0x00, 0x00, 0x1F, 0xC0, 0x0F,
    0xE0, 0x00, 0x01, 0xFC, 0x00, 0x7F, 0x40, 0x00, 0x1F, 0xC0, 0x02, 0xFD, 0x00, 0x01, 0xFC, 0x00,
    0x0F, 0xF0, 0x00, 0x1F, 0xC0, 0x00, 0x3F, 0xC0, 0x3F, 0xFF, 0xF0, 0x2F, 0xFF, 0xD0, 0x3F, 0xD0,
    0x00, 0x00, 0x0B, 0xD0, 0x00, 0x00, 0x07, 0xD0, 0x00, 0x00, 0x7F, 0xFC, 0x00, 0x00, 0x07, 0xD0,
    0x00, 0x00, 0x07, 0xD0, 0x00, 0x00, 0x07, 0xD0, 0x0B, 0xFC, 0x07, 0xD0, 0x0B, 0x80, 0x07, 0xD0,
    0x2D, 0x00, 0x07, 0xD1, 0xF0, 0x00, 0x07, 0xDB, 0xC0, 0x00, 0x07, 0xFF, 0xF0, 0x00, 0x07, 0xE1,
    0xFC, 0x00, 0x07, 0xC0, 0x7F, 0x00, 0x07, 0xC0, 0x1F, 0xC0, 0x07, 0xD0, 0x0B, 0xE0, 0x3F, 0xFC,
    0x0F, 0xFD, 0xBF, 0xFF, 0xFF, 0xD0, 0x0F, 0xFF, 0x6F, 0x40, 0xFF, 0x00, 0x00, 0x74, 0x0B, 0x00,
    0x3F, 0xC0, 0x00, 0x74, 0x03, 0x80, 0x0F, 0xF0, 0x00, 0xB0, 0x00, 0xD0, 0x03, 0xFC, 0x00, 0xB0,
    0x00, 0x34, 0x00, 0xFF, 0x00, 0xF0, 0x00, 0x00, 0x00, 0x3F, 0xC0, 0xF0, 0x00, 0x00, 0x00, 0x0F,
    0xF1, 0xFD, 0x00, 0x00, 0x00, 0x03, 0xFD, 0xFF, 0xC0, 0x00, 0x00, 0x00, 0xFF, 0xD3, 0xFC, 0x00,
    0x00, 0x00, 0x3F, 0xC0, 0x7F, 0x80, 0x00, 0x00, 0x0F, 0xF0, 0x0B, 0xF4, 0x00, 0x00, 0x03, 0xFC,
    0x00, 0xFF, 0x00, 0x00, 0x00, 0xFF, 0x00, 0x0F, 0xF0, 0x00, 0x00, 0x3F, 0xC0, 0x01, 0xFE, 0x00,
    0x00, 0x0F, 0xF0, 0x00, 0x2F, 0xD0, 0x00, 0x7F, 0xFF, 0xD0, 0x3F, 0xFF, 0xC0, 0x3F, 0xFF, 0xF0,
    0x3F, 0xE0, 0xE0, 0xBC, 0x00, 0xB8, 0x03, 0x02, 0xF0, 0x0F, 0x00, 0x1C, 0x0B, 0xC1, 0xE0, 0x00,
    0x00, 0x2F, 0x2F, 0x00, 0x00, 0x00, 0xBF, 0xFF, 0x00, 0x00, 0x02, 0xF4, 0x7E, 0x00, 0x00, 0x0B,
    0xC0, 0xBE, 0x00, 0x00, 0x2F, 0x00, 0xBE, 0x00, 0x00, 0xBC, 0x00, 0xFE, 0x00, 0x1F, 0xFF, 0x07,
    0xFF, 0x40, 0x00, 0x00, 0x00, 0x00, 0x00, 0x00, 0xFF, 0xFF, 0xC1, 0xFF, 0xFF, 0x80, 0x1F, 0xC0,
    0x00, 0x2F, 0xC0, 0x00, 0x7F, 0x00, 0x00, 0xBF, 0x00, 0x01, 0xFC, 0x00, 0x02, 0xFC, 0x00, 0x07,
    0xF0, 0x00, 0x0B, 0xF0, 0x00, 0x1F, 0xC0, 0x00, 0x2F, 0xC0, 0x00, 0x7F, 0x00, 0x00, 0xBF, 0x00,
    0x01, 0xFC, 0x00, 0x02, 0xFC, 0x00, 0x07, 0xFF, 0xFF, 0xFF, 0xF0, 0x00, 0x1F, 0xC0, 0x00, 0x2F,
    0xC0, 0x00, 0x7F, 0x00, 0x00, 0xBF, 0x00, 0x01, 0xFC, 0x00, 0x02, 0xFC, 0x00, 0x07, 0xF0, 0x00,
    0x0B, 0xF0, 0x00, 0x1F, 0xC0, 0x00, 0x2F, 0xC0, 0x00, 0x7F, 0x00, 0x00, 0xBF, 0x00, 0x01, 0xFC,
    0x00, 0x02, 0xFC, 0x00, 0xFF, 0xFF, 0xC1, 0xFF, 0xFF, 0xC0, 0x00, 0x00, 0x00, 0x00, 0x6F, 0x00,
    0x00, 0x00, 0x00, 0x00, 0x2C, 0x00, 0x00, 0x00, 0x00, 0x00, 0x34, 0x00, 0x00, 0x00, 0x00, 0x00,
    0xD0, 0x00, 0x00, 0x00, 0x00, 0x02, 0x80, 0x3F, 0xFC, 0x3F, 0xFC, 0x0B, 0xD0, 0x0B, 0xD0, 0x07,
    0xD0, 0x07, 0xD0, 0x07, 0xD0, 0x07, 0xD0, 0x07, 0xFF, 0xFF, 0xD0, 0x07, 0xD0, 0x07, 0xD0, 0x07,
    0xD0, 0x07, 0xD0, 0x07, 0xD0, 0x07, 0xD0, 0x07, 0xD0, 0x07, 0xD0, 0x0B, 0xD0, 0x0B, 0xD0, 0x3F,
    0xFC, 0x3F, 0xFD, 0x00, 0x00, 0x00, 0x2E, 0x00, 0x00, 0x00, 0x0A, 0x00, 0x00, 0x00, 0x07, 0x3F,
    0xFF, 0xF0, 0x7F, 0xFF, 0xFF, 0xE0, 0x07, 0xF0, 0x00, 0x0B, 0xF0, 0x0B, 0xC0, 0x1F, 0xC0, 0x00,
    0x2F, 0xC0, 0x0F, 0x00, 0x7F, 0x00, 0x00, 0xBF, 0x00, 0x1C, 0x01, 0xFC, 0x00, 0x02, 0xFC, 0x00,
    0x30, 0x07, 0xF0, 0x00, 0x0B, 0xF0, 0x00, 0xC0, 0x1F, 0xC0, 0x00, 0x2F, 0xC0, 0x00, 0x00, 0x7F,
    0x00, 0x00, 0xBF, 0x00, 0x00, 0x01, 0xFF, 0xFF, 0xFF, 0xFC, 0x00, 0x00, 0x07, 0xF0, 0x00, 0x0B,
    0xF0, 0x00, 0x00, 0x1F, 0xC0, 0x00, 0x2F, 0xC0, 0x00, 0x00, 0x7F, 0x00, 0x00, 0xBF, 0x00, 0x00,
    0x01, 0xFC, 0x00, 0x02, 0xFC, 0x00, 0x00, 0x07, 0xF0, 0x00, 0x0B, 0xF0, 0x00, 0x00, 0x1F, 0xC0,
    0x00, 0x2F, 0xC0, 0x00, 0x00, 0x7F, 0x00, 0x00, 0xBF, 0x00, 0x00, 0x3F, 0xFF, 0xF0, 0x7F, 0xFF,
    0xE0, 0x00, 0x3F, 0xFC, 0x3F, 0xFF, 0xF0, 0x2F, 0x40, 0x2F, 0x47, 0xC0, 0x7D, 0x00, 0x7D, 0x07,
    0x01, 0xF4, 0x01, 0xF4, 0x0C, 0x07, 0xFF, 0xFF, 0xD0, 0x00, 0x1F, 0x40, 0x1F, 0x40, 0x00, 0x7D,
    0x00, 0x7D, 0x00, 0x01, 0xF4, 0x01, 0xF4, 0x00, 0x07, 0xD0, 0x07, 0xD0, 0x00, 0x2F, 0x40, 0x2F,
    0x40, 0x03, 0xFF, 0xC3, 0xFF, 0xC0, 0x00, 0x3F, 0xFF, 0xFF, 0xFF, 0xFF, 0xE0, 0x00, 0x00, 0x07,
    0xF0, 0x00, 0x0B, 0xF0, 0x00, 0x00, 0x00, 0x1F, 0xC0, 0x00, 0x2F, 0xC0, 0x00, 0x00, 0x00, 0x7F,
    0x00, 0x00, 0xBF, 0x00, 0x00, 0x00, 0x01, 0xFC, 0x00, 0x02, 0xFC, 0x00, 0x00, 0x00, 0x07, 0xF0,
    0x00, 0x0B, 0xF0, 0x00, 0x00, 0x00, 0x1F, 0xC0, 0x00, 0x2F, 0xC0, 0x00, 0x00, 0x00, 0x7F, 0x00,
    0x00, 0xBF, 0x00, 0x00, 0x00, 0x01, 0xFC, 0x00, 0x02, 0xFF, 0xFF, 0x90, 0x00, 0x07, 0xF0, 0x00,
    0x0B, 0xF0, 0x1B, 0xF8, 0x00, 0x1F, 0xC0, 0x00, 0x2F, 0xC0, 0x07, 0xF8, 0x00, 0x7F, 0x00, 0x00,
    0xBF, 0x00, 0x07, 0xF4, 0x01, 0xFC, 0x00, 0x02, 0xFC, 0x00, 0x0F, 0xF0, 0x07, 0xF0, 0x00, 0x0B,
    0xF0, 0x00, 0x2F, 0xC0, 0x1F, 0xC0, 0x00, 0x2F, 0xC0, 0x00, 0x7F, 0x40, 0x7F, 0x00, 0x00, 0xBF,
    0x00, 0x01, 0xFD, 0x3F, 0xFF, 0xF0, 0x7F, 0xFF, 0xE0, 0x07, 0xF4, 0x00, 0x00, 0x00, 0x00, 0x00,
    0x00, 0x2F, 0xC0, 0x00, 0x00, 0x00, 0x00, 0x1F, 0x40, 0xFE, 0x00, 0x00, 0x00, 0x00, 0x00, 0xFF,
    0x07, 0xF0, 0x00, 0x00, 0x00, 0x00, 0x02, 0xF8, 0x7F, 0x00, 0x00, 0x00, 0x00, 0x00, 0x02, 0xFF,
    0x90, 0x00, 0x3F, 0xFF, 0xFF, 0xFC, 0x00, 0x02, 0xF4, 0x02, 0xF4, 0x00, 0x00, 0x7D, 0x00, 0x7D,
    0x00, 0x00, 0x1F, 0x40, 0x1F, 0x40, 0x00, 0x07, 0xD0, 0x07, 0xFF, 0xD0, 0x01, 0xF4, 0x01, 0xF4,
    0x7F, 0x00, 0x7D, 0x00, 0x7D, 0x07, 0xF0, 0x1F, 0x40, 0x1F, 0x40, 0xFD, 0x07, 0xD0, 0x07, 0xD0,
    0x2F, 0x82, 0xF4, 0x02, 0xF4, 0x07, 0xE3, 0xFF, 0xC3, 0xFF, 0xC2, 0xF8, 0x00, 0x00, 0x00, 0x00,
    0xBE, 0x00, 0x00, 0x00, 0x00, 0x3F, 0x00, 0x00, 0x00, 0xF4, 0x1F, 0x80, 0x00, 0x00, 0x7D, 0x1F,
    0x80, 0x00, 0x00, 0x07, 0xFE, 0x40, 0x00, 0x1B, 0xFF, 0xE8, 0x00, 0x00, 0xBF, 0x40, 0x1B, 0xC0,
    0x00, 0xBE, 0x00, 0x00, 0x00, 0x00, 0x7F, 0x00, 0x00, 0x00, 0x00, 0x3F, 0x80, 0x01, 0xFF, 0xD0,
    0x0F, 0xE0, 0x02, 0xE0, 0x3F, 0x07, 0xF4, 0x01, 0xF0, 0x07, 0xD1, 0xFD, 0x00, 0xB8, 0x00, 0xF8,
    0x7F, 0x40, 0x3D, 0x00, 0x3E, 0x1F, 0xD0, 0x0F, 0x40, 0x0F, 0x83, 0xF4, 0x03, 0xD0, 0x03, 0xE0,
    0xFE, 0x00, 0xF4, 0x01, 0xF4, 0x2F, 0xC0, 0x3D, 0x00, 0xBC, 0x07, 0xF0, 0x0B, 0x80, 0x3E, 0x00,
    0xBE, 0x01, 0xF0, 0x2F, 0x00, 0x0B, 0xF4, 0x2E, 0x7E, 0x00, 0x00, 0x1B, 0xFF, 0xF8, 0x00, 0x00,
    0x00, 0x00, 0x1F, 0x90, 0x00, 0x00, 0x00, 0x00, 0x6F, 0xF4, 0x01, 0xBF, 0xF4, 0x00, 0xFD, 0x00,
    0x00, 0x2F, 0x40, 0x00, 0x03, 0xF0, 0x1F, 0xF4, 0x3F, 0x07, 0x87, 0xD3, 0xF0, 0xB0, 0x3E, 0x3F,
    0x0F, 0x03, 0xE3, 0xF0, 0xF0, 0x3D, 0x2F, 0x4B, 0x47, 0xC0, 0xFD, 0xB9, 0xF4, 0x01, 0xFF, 0xF8,
    0x00, 0x00, 0x0F, 0x40, 0x00, 0x00, 0x2F, 0xD0, 0x00, 0x06, 0xFF, 0xE0, 0x30, 0x01, 0xFD, 0x00,
    0xBB, 0xC0, 0x2F, 0x80, 0x00, 0x3F, 0x02, 0xF8, 0x00, 0x00, 0x3C, 0x1F, 0xC0, 0x00, 0x00, 0xB0,
    0xFE, 0x00, 0x00, 0x01, 0xC3, 0xF8, 0x00, 0x00, 0x01, 0x1F, 0xD0, 0x00, 0x00, 0x00, 0x7F, 0x40,
    0x00, 0x00, 0x01, 0xFD, 0x00, 0x00, 0x00, 0x03, 0xF8, 0x00, 0x00, 0x00, 0x0F, 0xF0, 0x00, 0x00,
    0x0C, 0x1F, 0xC0, 0x00, 0x00, 0x70, 0x3F, 0x80, 0x00, 0x03, 0x80, 0x3F, 0x80, 0x00, 0x2C, 0x00,
    0x2F, 0xD0, 0x07, 0xC0, 0x00, 0x1B, 0xFF, 0xF4, 0x00, 0x00, 0x00, 0xFD, 0x00, 0x00, 0x00, 0x02,
    0xF8, 0x00, 0x00, 0x00, 0x00, 0xFC, 0x00, 0x00, 0x00, 0x01, 0xF8, 0x00, 0x00, 0x00, 0x1F, 0xC0,
    0x00, 0x00, 0x3F, 0xF8, 0x00, 0x00, 0x00, 0xBF, 0xF8, 0x07, 0xE0, 0x7E, 0x0F, 0x80, 0x3D, 0x2F,
    0x40, 0x00, 0x3F, 0x00, 0x00, 0x3F, 0x00, 0x00, 0x3F, 0x00, 0x00, 0x2F, 0x40, 0x00, 0x0F, 0xC0,
    0x0B, 0x07, 0xE0, 0x2C, 0x00, 0xBF, 0xE0, 0x00, 0x1F, 0x80, 0x00, 0x1F, 0xD0, 0x00, 0x02, 0xF8,
    0x00, 0x00, 0xFC, 0x00, 0x02, 0xF8, 0x02, 0xFF, 0x90, 0xBF, 0xFF, 0xFF, 0xFF, 0xDB, 0xD0, 0x3F,
    0xC0, 0x7E, 0xB0, 0x03, 0xFC, 0x00, 0xEE, 0x00, 0x3F, 0xC0, 0x0A, 0xD0, 0x03, 0xFC, 0x00, 0x7D,
    0x00, 0x3F, 0xC0, 0x07, 0x00, 0x03, 0xFC, 0x00, 0x00, 0x00, 0x3F, 0xC0, 0x00, 0x00, 0x03, 0xFC,
    0x00, 0x00, 0x00, 0x3F, 0xC0, 0x00, 0x00, 0x03, 0xFC, 0x00, 0x00, 0x00, 0x3F, 0xC0, 0x00, 0x00,
    0x03, 0xFC, 0x00, 0x00, 0x00, 0x3F, 0xC0, 0x00, 0x00, 0x03, 0xFC, 0x00, 0x00, 0x00, 0x3F, 0xC0,
    0x00, 0x02, 0xFF, 0xFF, 0xF8, 0x00, 0x00, 0x00, 0x1F, 0xC0, 0x00, 0x00, 0x00, 0x3C, 0x00, 0x00,
    0x00, 0x01, 0xC0, 0x00, 0x00, 0x00, 0x0C, 0x00, 0x00, 0x00, 0x00, 0xD0, 0x3F, 0xFF, 0xFF, 0x8E,
    0x0B, 0xD1, 0xE3, 0x02, 0xF0, 0x29, 0xC0, 0xBC, 0x07, 0x00, 0x2F, 0x00, 0x00, 0x0B, 0xC0, 0x00,
    0x02, 0xF0, 0x00, 0x00, 0xBC, 0x00, 0x00, 0x2F, 0x00, 0x00, 0x0B, 0xD0, 0x00, 0x3F, 0xFF, 0x80,
    0x00, 0x01, 0xF0, 0x00, 0x00, 0x1C, 0x00, 0x00, 0x03, 0x00, 0xBF, 0xFF, 0xC0, 0x03, 0xFF, 0xC0,
    0x2F, 0xD0, 0x00, 0x07, 0x40, 0x00, 0xFF, 0x00, 0x00, 0xE0, 0x00, 0x07, 0xF8, 0x00, 0x2C, 0x00,
    0x00, 0x2F, 0xD0, 0x03, 0x40, 0x00, 0x00, 0xFF, 0x00, 0xE0, 0x00, 0x00, 0x07, 0xFC, 0x2C, 0x00,
    0x00, 0x00, 0x2F, 0xD3, 0x40, 0x00, 0x00, 0x00, 0xFF, 0xE0, 0x00, 0x00, 0x00, 0x07, 0xFC, 0x00,
    0x00, 0x00, 0x00, 0x3F, 0x80, 0x00, 0x00, 0x00, 0x03, 0xF8, 0x00, 0x00, 0x00, 0x00, 0x3F, 0x80,
    0x00, 0x00, 0x00, 0x03, 0xF8, 0x00, 0x00, 0x00, 0x00, 0x3F, 0x80, 0x00, 0x00, 0x00, 0x03, 0xF8,
    0x00, 0x00, 0x00, 0x0B, 0xFF, 0xFD, 0x00, 0x00, 0x00, 0x00, 0x00, 0x00, 0x00, 0xBF, 0xF0, 0x07,
    0xFC, 0x3F, 0x00, 0x07, 0x40, 0xBD, 0x00, 0x28, 0x00, 0xFC, 0x00, 0xD0, 0x02, 0xF0, 0x07, 0x00,
    0x07, 0xE0, 0x34, 0x00, 0x0F, 0xC1, 0xC0, 0x00, 0x1F, 0x8A, 0x00, 0x00, 0x3F, 0x30, 0x00, 0x00,
    0xBF, 0x80, 0x00, 0x00, 0xFD, 0x00, 0x00, 0x03, 0xF0, 0x00, 0x00, 0x0F, 0xC0, 0x00, 0x00, 0x3F,
    0x00, 0x00, 0x00, 0xFC, 0x00, 0x00, 0x2F, 0xFE, 0x00, 0x00, 0x00, 0x00, 0x00, 0xBF, 0xFF, 0xC0,
    0x03, 0xFF, 0xC0, 0x2F, 0xD0, 0x00, 0x07, 0x80, 0x00, 0xFF, 0x00, 0x00, 0xF0, 0x00, 0x07, 0xFC,
    0x00, 0x2C, 0x00, 0x00, 0x2F, 0xD0, 0x07, 0x40, 0x00, 0x00, 0xFF, 0x00, 0xE0, 0x00, 0x00, 0x07,
    0xFC, 0x2C, 0x00, 0x00, 0x00, 0x2F, 0xE7, 0x40, 0x00, 0x00, 0x00, 0xFF, 0xE0, 0x00, 0x00, 0x00,
    0x03, 0xFC, 0x00, 0x00, 0x00, 0x1F, 0xFF, 0xFF, 0x00, 0x00, 0x00, 0x03, 0xF8, 0x00, 0x00, 0x00,
    0x00, 0x3F, 0x80, 0x00, 0x00, 0x00, 0x03, 0xF8, 0x00, 0x00, 0x00, 0x00, 0x3F, 0x80, 0x00, 0x00,
    0x00, 0x03, 0xF8, 0x00, 0x00, 0x00, 0x0B, 0xFF, 0xFD, 0x00, 0x00, 0x00, 0x00, 0x00, 0x00, 0x00,
    0xBF, 0xF0, 0x07, 0xFC, 0x3F, 0x00, 0x07, 0x40, 0xBD, 0x00, 0x28, 0x00, 0xFC, 0x00, 0xD0, 0x02,
    0xF4, 0x07, 0x00, 0x03, 0xE0, 0x34, 0x00, 0x0F, 0xC1, 0xC0, 0x00, 0x1F, 0x8D, 0x00, 0x00, 0x3F,
    0x70, 0x00, 0x00, 0x7F, 0x80, 0x00, 0x00, 0xFC, 0x00, 0x00, 0x3F, 0xFF, 0x40, 0x00, 0x0F, 0xC0,
    0x00, 0x00, 0x3F, 0x00, 0x00, 0x00, 0xFC, 0x00, 0x00, 0x2F, 0xFE, 0x00, 0x00, 0x00, 0x00, 0x00,
    0x3F, 0xFF, 0xF0, 0x7F, 0xFE, 0x00, 0x0F, 0xF0, 0x00, 0xB4, 0x00, 0x00, 0x7F, 0xC0, 0x0E, 0x00,
    0x00, 0x02, 0xFE, 0x03, 0xC0, 0x00, 0x00, 0x0F, 0xF0, 0xB0, 0x00, 0x00, 0x00, 0x3F, 0xDD, 0x00,
    0x00, 0x00, 0x01, 0xFF, 0x80, 0x00, 0x00, 0x00, 0x0B, 0xF4, 0x00, 0x00, 0x00, 0x00, 0x3F, 0xC0,
    0x00, 0x00, 0x00, 0x07, 0xFF, 0x00, 0x00, 0x00, 0x00, 0xEB, 0xF4, 0x00, 0x00, 0x00, 0x3C, 0x3F,
    0xC0, 0x00, 0x00, 0x0B, 0x00, 0xFF, 0x00, 0x00, 0x01, 0xD0, 0x07, 0xF8, 0x00, 0x00, 0x38, 0x00,
    0x2F, 0xD0, 0x00, 0x0F, 0x00, 0x00, 0xFF, 0x00, 0x3F, 0xFF, 0x00, 0xBF, 0xFF, 0xC0, 0x00, 0x00,
    0x00, 0x00, 0x7D, 0x00, 0x00, 0x00, 0x00, 0x01, 0xD0, 0x00, 0x00, 0x00, 0x00, 0x0E, 0x00, 0x00,
    0x00, 0x00, 0x00, 0xA0, 0x00, 0x00, 0x00, 0x00, 0x07, 0x7F, 0xF4, 0x2F, 0xF0, 0x07, 0xE0, 0x0F,
    0x00, 0x02, 0xF8, 0x2C, 0x00, 0x00, 0xBD, 0xB0, 0x00, 0x00, 0x2F, 0xC0, 0x00, 0x00, 0x0F, 0xC0,
    0x00, 0x00, 0x1F, 0xF0, 0x00, 0x00, 0x74, 0xFC, 0x00, 0x01, 0xD0, 0x7F, 0x00, 0x07, 0x80, 0x1F,
    0x80, 0x7F, 0xD0, 0x3F, 0xFC, 0x00, 0x00, 0x00, 0x3C, 0x00, 0x00, 0x00, 0x1C, 0x00, 0x00, 0x00,
    0x0C, 0xBF, 0xFF, 0xFF, 0xFF, 0x83, 0xFF, 0xFF, 0x2F, 0x40, 0xFD, 0x06, 0xE0, 0x07, 0xF0, 0x0B,
    0x00, 0x3F, 0x40, 0x3C, 0x01, 0xFC, 0x02, 0x80, 0x0F, 0xD0, 0x0B, 0x00, 0x7F, 0x00, 0xD0, 0x03,
    0xF4, 0x01, 0xC0, 0x1F, 0xC0, 0x34, 0x00, 0xFD, 0x00, 0x70, 0x07, 0xF0, 0x00, 0x00, 0x3F, 0x40,
    0x00, 0x01, 0xFC, 0x00, 0x00, 0x0F, 0xD0, 0x00, 0x00, 0x7F, 0x00, 0x00, 0x03, 0xF4, 0x00, 0x00,
    0x1F, 0xC0, 0x00, 0x00, 0xFD, 0x00, 0x00, 0x07, 0xF0, 0x00, 0x00, 0x3F, 0x40, 0x00, 0x01, 0xFC,
    0x00, 0x00, 0x0F, 0xD0, 0x00, 0x00, 0x7F, 0x00, 0x00, 0x03, 0xF4, 0x00, 0x00, 0x1F, 0xC0, 0x00,
    0x00, 0xFD, 0x00, 0x00, 0x07, 0xF0, 0x00, 0x00, 0x3F, 0x40, 0x00, 0x01, 0xFC, 0x00, 0x00, 0x0F,
    0xD0, 0x00, 0x00, 0x7F, 0x00, 0x00, 0xFF, 0xFF, 0xFF, 0xFF, 0xFF, 0xFF, 0x00, 0x00, 0x00, 0x00,
    0x00, 0x00, 0x0B, 0xD0, 0x00, 0x00, 0x00, 0x00, 0x00, 0x00, 0x74, 0x00, 0x00, 0x00, 0x00, 0x00,
    0x00, 0x0E, 0x00, 0x00, 0x00, 0x00, 0x00, 0x00, 0x02, 0x80, 0x00, 0x00, 0x00, 0x00, 0x00, 0x00,
    0x70, 0x3F, 0xFF, 0xF4, 0xFF, 0xF4, 0x38, 0xFC, 0x74, 0x0F, 0x80, 0x30, 0xFC, 0x38, 0x0F, 0x80,
    0x70, 0xFC, 0x28, 0x0F, 0x80, 0x00, 0xFC, 0x00, 0x0F, 0x80, 0x00, 0xFC, 0x00, 0x0F, 0x80, 0x00,
    0xFC, 0x00, 0x0F, 0x80, 0x00, 0xFC, 0x00, 0x0F, 0x80, 0x00, 0xFC, 0x00, 0x0F, 0x80, 0x00, 0xFC,
    0x00, 0x0F, 0x80, 0x0B, 0xFF, 0xFF, 0xFF, 0xF8, 0x00, 0x00, 0x00, 0x00, 0x7C, 0x00, 0x00, 0x00,
    0x00, 0x1C, 0x00, 0x00, 0x00, 0x00, 0x0C, 0x3F, 0xFF, 0xF0, 0x7F, 0xFF, 0xE0, 0x07, 0xF0, 0x00,
    0x0B, 0xF0, 0x00, 0x1F, 0xC0, 0x00, 0x2F, 0xC0, 0x00, 0x7F, 0x00, 0x00, 0xBF, 0x00, 0x01, 0xFC,
    0x00, 0x02, 0xFC, 0x00, 0x07, 0xF0, 0x00, 0x0B, 0xF0, 0x00, 0x0F, 0xD0, 0x00, 0x2F, 0xC0, 0x00,
    0x3F, 0x40, 0x00, 0xFF, 0x00, 0x00, 0x3F, 0x40, 0x6F, 0xFC, 0x00, 0x00, 0x1B, 0xFE, 0x4B, 0xF0,
    0x00, 0x00, 0x00, 0x00, 0x2F, 0xC0, 0x00, 0x00, 0x00, 0x00, 0xBF, 0x00, 0x00, 0x00, 0x00, 0x02,
    0xFC, 0x00, 0x00, 0x00, 0x00, 0x0B, 0xF0, 0x00, 0x00, 0x00, 0x00, 0x2F, 0xC0, 0x00, 0x00, 0x00,
    0x00, 0xBF, 0x00, 0x00, 0x00, 0x00, 0x7F, 0xFF, 0xF0, 0x00, 0x00, 0x00, 0x00, 0x1B, 0xC0, 0x00,
    0x00, 0x00, 0x00, 0x0B, 0x00, 0x00, 0x00, 0x00, 0x00, 0x0D, 0x00, 0x00, 0x00, 0x00, 0x00, 0x34,
    0x00, 0x00, 0x00, 0x00, 0x00, 0xA0, 0x3F, 0xFC, 0x3F, 0xFC, 0x0B, 0xE0, 0x0B, 0xD0, 0x07, 0xD0,
    0x07, 0xD0, 0x07, 0xD0, 0x07, 0xD0, 0x03, 0xF0, 0x1F, 0xD0, 0x00, 0xBF, 0xDB, 0xD0, 0x00, 0x00,
    0x07, 0xD0, 0x00, 0x00, 0x07, 0xD0, 0x00, 0x00, 0x07, 0xD0, 0x00, 0x00, 0x0B, 0xD0, 0x00, 0x00,
    0x3F, 0xFD, 0x00, 0x00, 0x00, 0x2E, 0x00, 0x00, 0x00, 0x0A, 0x00, 0x00, 0x00, 0x07, 0x3F, 0xFF,
    0xF0, 0x7F, 0xFF, 0xE0, 0x1F, 0xC0, 0x00, 0x2F, 0xC0, 0x01, 0xFC, 0x00, 0x02, 0xFC, 0x00, 0x1F,
    0xC0, 0x00, 0x2F, 0xC0, 0x01, 0xFC, 0x00, 0x02, 0xFC, 0x00, 0x1F, 0xC0, 0x00, 0x2F, 0xC0, 0x01,
    0xFD, 0x07, 0x02, 0xFC, 0x00, 0x0F, 0xD0, 0x70, 0x3F, 0xC0, 0x00, 0x3F, 0x47, 0x6F, 0xFC, 0x00,
    0x00, 0x6F, 0xFE, 0x6F, 0xC0, 0x00, 0x00, 0x07, 0x02, 0xFC, 0x00, 0x00, 0x00, 0x70, 0x2F, 0xC0,
    0x00, 0x00, 0x07, 0x02, 0xFC, 0x00, 0x00, 0x00, 0x00, 0x2F, 0xC0, 0x00, 0x00, 0x00, 0x02, 0xFC,
    0x00, 0x00, 0x00, 0x00, 0x2F, 0xC0, 0x00, 0x00, 0x00, 0x7F, 0xFF, 0xE0, 0x00, 0x00, 0x00, 0x00,
    0x00, 0x3F, 0xFC, 0x3F, 0xFC, 0x0B, 0xE0, 0x0B, 0xD0, 0x07, 0xD0, 0x07, 0xD0, 0x07, 0xD0, 0x07,
    0xD0, 0x07, 0xD1, 0x47, 0xD0, 0x03, 0xF1, 0x9F, 0xD0, 0x00, 0xBF, 0xDB, 0xD0, 0x00, 0x01, 0x47,
    0xD0, 0x00, 0x01, 0x47, 0xD0, 0x00, 0x00, 0x0B, 0xD0, 0x00, 0x00, 0x3F, 0xFC, 0x00, 0x00, 0x00,
    0x00, 0x00, 0x03, 0xFF, 0xFF, 0x00, 0x00, 0x00, 0x01, 0xFC, 0x00, 0x00, 0x00, 0x00, 0x1F, 0xC0,
    0x00, 0x00, 0x00, 0x01, 0xFC, 0x00, 0x00, 0x00, 0x00, 0x1F, 0xC0, 0xBF, 0xF4, 0x00, 0x01, 0xFC,
    0xB8, 0x0B, 0xF0, 0x00, 0x1F, 0xFC, 0x00, 0x3F, 0x40, 0x01, 0xFF, 0x00, 0x03, 0xF8, 0x00, 0x1F,
    0xE0, 0x00, 0x2F, 0xC0, 0x01, 0xFD, 0x00, 0x02, 0xFC, 0x00, 0x1F, 0xD0, 0x00, 0x2F, 0xC0, 0x01,
    0xFC, 0x00, 0x02, 0xFC, 0x00, 0x1F, 0xC0, 0x00, 0x2F, 0xC0, 0x01, 0xFC, 0x00, 0x02, 0xFC, 0x00,
    0x1F, 0xC0, 0x00, 0x2F, 0xC0, 0x01, 0xFC, 0x00, 0x02, 0xFC, 0x03, 0xFF, 0xFF, 0x07, 0xFF, 0xFE,
    0xFF, 0x80, 0x00, 0x00, 0x7E, 0x00, 0x00, 0x00, 0xF8, 0x00, 0x00, 0x03, 0xE0, 0x00, 0x00, 0x0F,
    0x80, 0x00, 0x00, 0x3E, 0x00, 0x00, 0x00, 0xF8, 0x7F, 0xD0, 0x03, 0xEA, 0x0B, 0xC0, 0x0F, 0xD0,
    0x1F, 0x80, 0x3F, 0x00, 0x3E, 0x00, 0xF8, 0x00, 0xF8, 0x03, 0xE0, 0x03, 0xE0, 0x0F, 0x80, 0x0F,
    0x80, 0x3E, 0x00, 0x3E, 0x00, 0xF8, 0x00, 0xF8, 0x03, 0xF0, 0x07, 0xE0, 0xFF, 0xF4, 0xFF, 0xF4,
    0x00, 0x00, 0x01, 0xBF, 0xF8, 0x00, 0x00, 0x00, 0x1F, 0xD0, 0x1F, 0x80, 0x2F, 0x00, 0x7E, 0x00,
    0x03, 0xF0, 0x3F, 0x81, 0xFC, 0x00, 0x01, 0xF8, 0x3F, 0x83, 0xF4, 0x00, 0x00, 0xFD, 0x3F, 0x07,
    0xF0, 0x00, 0x00, 0xBE, 0x2C, 0x0B, 0xF0, 0x00, 0x00, 0xBF, 0x0B, 0x8F, 0xF0, 0x00, 0x00, 0x7F,
    0x01, 0xBF, 0xFF, 0xFF, 0xFF, 0xFF, 0x00, 0x0F, 0xF0, 0x00, 0x00, 0x00, 0x00, 0x0B, 0xF0, 0x00,
    0x00, 0x00, 0x00, 0x07, 0xF0, 0x00, 0x00, 0x00, 0x00, 0x03, 0xF4, 0x00, 0x00, 0x00, 0x00, 0x01,
    0xFC, 0x00, 0x00, 0x00, 0x00, 0x00, 0xBE, 0x00, 0x00, 0x07, 0x00, 0x00, 0x1F, 0xD0, 0x00, 0x7C,
    0x00, 0x00, 0x01, 0xBF, 0xFE, 0x80, 0x00, 0x00, 0x2F, 0xF4, 0x00, 0x40, 0x2F, 0x42, 0xF0, 0x3E,
    0x07, 0xD0, 0x0B, 0x83, 0xE0, 0xFC, 0x00, 0x7C, 0x2D, 0x1F, 0xC0, 0x03, 0xC0, 0x7F, 0xFF, 0xFF,
    0xFC, 0x00, 0x1F, 0xC0, 0x00, 0x00, 0x00, 0xFC, 0x00, 0x00, 0x00, 0x0B, 0xD0, 0x00, 0xC0, 0x00,
    0x2F, 0x40, 0x74, 0x00, 0x00, 0x2F, 0xF8, 0x00, 0x00, 0x00, 0x01, 0xBF, 0xF8, 0x00, 0x00, 0x00,
    0x1F, 0xD0, 0x1F, 0x80, 0x2F, 0x00, 0x7E, 0x00, 0x03, 0xF0, 0x3F, 0x81, 0xFC, 0x00, 0x01, 0xF8,
    0x3F, 0x83, 0xF4, 0x00, 0x00, 0xFD, 0x3F, 0x07, 0xF0, 0x00, 0x00, 0xBE, 0x2C, 0x0B, 0xF0, 0x00,
    0x00, 0xBF, 0x0B, 0x8F, 0xF0, 0x00, 0x00, 0x7F, 0x01, 0xBF, 0xFF, 0xFF, 0xFF, 0xFF, 0x00, 0x0F,
    0xF0, 0x00, 0x00, 0x00, 0x00, 0x0B, 0xF0, 0x00, 0x00, 0x00, 0x00, 0x07, 0xF0, 0x00, 0x00, 0x00,
    0x00, 0x03, 0xF4, 0x00, 0x00, 0x00, 0x00, 0x01, 0xFC, 0x00, 0x00, 0x01, 0x00, 0x00, 0xBE, 0x00,
    0x00, 0x0A, 0x00, 0x00, 0x1F, 0xD0, 0x01, 0xB8, 0x00, 0x00, 0x01, 0xBF, 0xFF, 0x80, 0x00, 0x00,
    0x00, 0x03, 0xC0, 0x00, 0x00, 0x00, 0x00, 0x0B, 0x40, 0x00, 0x00, 0x00, 0x00, 0x0F, 0x40, 0x00,
    0x00, 0x00, 0x00, 0x0F, 0xC9, 0x00, 0x00, 0x00, 0x00, 0x02, 0xF8, 0x00, 0x00, 0x00, 0x2F, 0xF4,
    0x00, 0x40, 0x2F, 0x42, 0xF0, 0x3E, 0x07, 0xD0, 0x0B, 0x83, 0xE0, 0xFC, 0x00, 0x7C, 0x2D, 0x1F,
    0xC0, 0x03, 0xC0, 0x7F, 0xFF, 0xFF, 0xFC, 0x00, 0x1F, 0xC0, 0x00, 0x00, 0x00, 0xFC, 0x00, 0x00,
    0x00, 0x0B, 0xD0, 0x00, 0xC0, 0x00, 0x2F, 0x40, 0x74, 0x00, 0x00, 0x2F, 0xFC, 0x00, 0x00, 0x00,
    0x0F, 0x00, 0x00, 0x00, 0x01, 0xD0, 0x00, 0x00, 0x00, 0x3D, 0x00, 0x00, 0x00, 0x02, 0xF0, 0x80,
    0x00, 0x00, 0x0B, 0xE0, 0x00, 0x00, 0x00, 0xFF, 0xFF, 0xC0, 0x1F, 0xC0, 0x00, 0x7F, 0x00, 0x01,
    0xFC, 0x00, 0x07, 0xF0, 0x00, 0x1F, 0xC0, 0x00, 0x7F, 0x00, 0x01, 0xFC, 0x00, 0x07, 0xF0, 0x00,
    0x1F, 0xC0, 0x00, 0x7F, 0x00, 0x01, 0xFC, 0x00, 0x07, 0xF0, 0x00, 0x1F, 0xC0, 0x00, 0x7F, 0x00,
    0x01, 0xFC, 0x00, 0xFF, 0xFF, 0xC0, 0x00, 0x00, 0x01, 0x80, 0x02, 0x40, 0x00, 0x00, 0x00, 0x00,
    0x00, 0xE0, 0x0B, 0x00, 0x00, 0x00, 0x00, 0x00, 0x00, 0x1F, 0xF4, 0x00, 0x00, 0x00, 0x00, 0x00,
    0x00, 0x00, 0x00, 0x00, 0x00, 0x00, 0x00, 0x00, 0x00, 0x00, 0x00, 0x00, 0x00, 0x00, 0x7F, 0xFC,
    0x01, 0xFF, 0xFF, 0x80, 0x2F, 0xFE, 0x02, 0xD0, 0x00, 0x0B, 0xF0, 0x00, 0x07, 0x80, 0x00, 0x74,
    0x00, 0x0B, 0xF0, 0x00, 0x1E, 0x00, 0x00, 0x1E, 0x00, 0x0B, 0xF0, 0x00, 0xB4, 0x00, 0x00, 0x03,
    0xC0, 0x0B, 0xF0, 0x02, 0xC0, 0x00, 0x00, 0x00, 0xF0, 0x0B, 0xF0, 0x0F, 0x00, 0x00, 0x00, 0x00,
    0x3D, 0x0B, 0xF0, 0x3C, 0x00, 0x00, 0x00, 0x00, 0x7F, 0x4B, 0xF1, 0xFD, 0x00, 0x00, 0x00, 0x00,
    0xFF, 0xEB, 0xF7, 0xFF, 0x00, 0x00, 0x00, 0x03, 0xFC, 0x3F, 0xFD, 0x3F, 0xC0, 0x00, 0x00, 0x0B,
    0xF4, 0x0F, 0xF0, 0x0F, 0xE0, 0x00, 0x00, 0x1F, 0xE0, 0x0B, 0xF0, 0x07, 0xF4, 0x00, 0x00, 0x3F,
    0xC0, 0x0B, 0xF0, 0x02, 0xFC, 0x00, 0x00, 0xFF, 0x00, 0x0B, 0xF0, 0x00, 0xFF, 0x00, 0x02, 0xFD,
    0x00, 0x0B, 0xF0, 0x00, 0x7F, 0x80, 0x07, 0xF8, 0x00, 0x0B, 0xF0, 0x00, 0x2F, 0xE0, 0xFF, 0xFF,
    0x01, 0xFF, 0xFF, 0x80, 0xFF, 0xFF, 0x00, 0x01, 0x80, 0x03, 0x00, 0x00, 0x00, 0x00, 0xE0, 0x0A,
    0x00, 0x00, 0x00, 0x00, 0x1F, 0xF4, 0x00, 0x00, 0x00, 0x00, 0x00, 0x00, 0x00, 0x00, 0x3F, 0xE0,
    0x3F, 0xFC, 0x0B, 0xFC, 0x02, 0xD0, 0x0B, 0xD0, 0x0B, 0x80, 0x00, 0x78, 0x07, 0xD0, 0x2D, 0x00,
    0x00, 0x0F, 0x47, 0xD1, 0xE0, 0x00, 0x00, 0x03, 0xE7, 0xDB, 0xC0, 0x00, 0x00, 0x0F, 0xFF, 0xFF,
    0xF0, 0x00, 0x00, 0x3F, 0x0B, 0xE1, 0xFC, 0x00, 0x00, 0xFD, 0x07, 0xD0, 0x7F, 0x00, 0x03, 0xF4,
    0x07, 0xD0, 0x1F, 0xC0, 0x0B, 0xE0, 0x0B, 0xD0, 0x0B, 0xE0, 0xBF, 0xF0, 0x3F, 0xFC, 0x1F, 0xFD,
    0x00, 0x00, 0x00, 0x00, 0x00, 0x0F, 0xFF, 0xFC, 0x01, 0xFF, 0xF0, 0x1F, 0xC0, 0x00, 0x0F, 0x40,
    0x07, 0xF0, 0x00, 0x0F, 0x00, 0x01, 0xFC, 0x00, 0x0F, 0x00, 0x00, 0x7F, 0x00, 0x0E, 0x00, 0x00,
    0x1F, 0xC0, 0x1E, 0x00, 0x00, 0x07, 0xF0, 0x1D, 0x00, 0x00, 0x01, 0xFC, 0x2D, 0x00, 0x00, 0x00,
    0x7F, 0xFF, 0xFE, 0x40, 0x00, 0x1F, 0xC0, 0x06, 0xFD, 0x00, 0x07, 0xF0, 0x00, 0x0F, 0xE0, 0x01,
    0xFC, 0x00, 0x01, 0xFD, 0x00, 0x7F, 0x00, 0x00, 0x3F, 0xC0, 0x1F, 0xC0, 0x00, 0x0B, 0xF4, 0x07,
    0xF0, 0x00, 0x01, 0xFD, 0x01, 0xFC, 0x00, 0x00, 0x7F, 0x4F, 0xFF, 0xFC, 0x00, 0x2F, 0xD0, 0x00,
    0x00, 0x00, 0x0B, 0xF0, 0x00, 0x00, 0x7D, 0x03, 0xF8, 0x00, 0x00, 0x3F, 0xC1, 0xFC, 0x00, 0x00,
    0x0B, 0xE1, 0xFC, 0x00, 0x00, 0x00, 0xBF, 0xE4, 0x00, 0x3F, 0xFC, 0x0B, 0xFC, 0x1F, 0x40, 0x2E,
    0x00, 0x7D, 0x07, 0xC0, 0x01, 0xF4, 0xB4, 0x00, 0x07, 0xFF, 0xF9, 0x00, 0x1F, 0x40, 0xBE, 0x00,
    0x7D, 0x00, 0xBE, 0x01, 0xF4, 0x00, 0xFC, 0x07, 0xD0, 0x03, 0xF0, 0x2F, 0x40, 0x0F, 0xD3, 0xFF,
    0xC0, 0x3F, 0x40, 0x00, 0x00, 0xFC, 0x00, 0x00, 0x03, 0xF0, 0x01, 0xF0, 0x2F, 0x40, 0x0B, 0xC2,
    0xF4, 0x00, 0x0B, 0xFE, 0x00, 0x00, 0x3F, 0xFF, 0xFF, 0xFF, 0xE0, 0x00, 0x0C, 0x00, 0x2F, 0xC0,
    0x00, 0x00, 0xC0, 0x02, 0xFC, 0x00, 0x00, 0x0C, 0x00, 0x2F, 0xC0, 0x00, 0x01, 0xC0, 0x02, 0xFC,
    0x00, 0x00, 0x1C, 0x00, 0x2F, 0xC0, 0x00, 0x01, 0xC0, 0x02, 0xFC, 0x00, 0x00, 0x1C, 0x00, 0x2F,
    0xC0, 0x00, 0x01, 0x80, 0x02, 0xFC, 0x00, 0x00, 0x28, 0x00, 0x2F, 0xC0, 0x00, 0x02, 0x80, 0x02,
    0xFC, 0x00, 0x00, 0x34, 0x00, 0x2F, 0xC0, 0x00, 0x03, 0x00, 0x02, 0xFC, 0x02, 0xF0, 0x70, 0x00,
    0x2F, 0xC0, 0x3F, 0x8A, 0x00, 0x02, 0xFC, 0x03, 0xF1, 0xC0, 0x00, 0x2F, 0xC0, 0x0B, 0xE0, 0x00,
    0x7F, 0xFF, 0xD0, 0x00, 0x00, 0x00, 0x00, 0x7C, 0x00, 0x00, 0x00, 0x00, 0x0F, 0x40, 0x00, 0x00,
    0x00, 0x01, 0xF0, 0x00, 0x00, 0x00, 0x00, 0x2D, 0x00, 0x00, 0x00, 0x00, 0x03, 0xC0, 0x01, 0xFE,
    0xAF, 0xFC, 0x00, 0x28, 0x07, 0xD0, 0x00, 0x28, 0x07, 0xD0, 0x00, 0x28, 0x07, 0xD0, 0x00, 0x28,
    0x07, 0xD0, 0x00, 0x24, 0x07, 0xD0, 0x00, 0x34, 0x07, 0xD0, 0x00, 0x34, 0x07, 0xD0, 0x3C, 0x30,
    0x07, 0xD0, 0x7D, 0xA0, 0x0B, 0xD0, 0x2F, 0x80, 0x3F, 0xFC, 0x00, 0x00, 0x00, 0x78, 0x00, 0x00,
    0x00, 0xF0, 0x00, 0x00, 0x02, 0xE0, 0x00, 0x00, 0x00, 0x00, 0x00, 0x03, 0xFF, 0xFF, 0x07, 0xFF,
    0xFE, 0x01, 0xFC, 0x00, 0x02, 0xFC, 0x00, 0x1F, 0xC0, 0x00, 0x2F, 0xC0, 0x01, 0xFC, 0x00, 0x02,
    0xFC, 0x00, 0x1F, 0xC0, 0x00, 0x2F, 0xC0, 0x01, 0xFC, 0x00, 0x02, 0xFC, 0x00, 0x1F, 0xC0, 0x00,
    0x2F, 0xC0, 0x01, 0xFC, 0x00, 0x02, 0xFC, 0x00, 0x1F, 0xFF, 0xFF, 0xFF, 0xC0, 0x01, 0xFC, 0x00,
    0x02, 0xFC, 0x00, 0x1F, 0xC0, 0x00, 0x2F, 0xC0, 0x01, 0xFC, 0x00, 0x02, 0xFC, 0x00, 0x1F, 0xC0,
    0x00, 0x2F, 0xC0, 0x01, 0xFC, 0x00, 0x02, 0xFC, 0x00, 0x1F, 0xC0, 0x00, 0x2F, 0xC0, 0x01, 0xFC,
    0x00, 0x02, 0xFC, 0x03, 0xFF, 0xFF, 0x00, 0x2F, 0xC0, 0x00, 0x00, 0x00, 0x02, 0xFC, 0x00, 0x00,
    0x00, 0xF4, 0x2F, 0xC0, 0x00, 0x00, 0x2F, 0xC3, 0xF8, 0x00, 0x00, 0x01, 0xF8, 0x7F, 0x00, 0x00,
    0x00, 0x07, 0xFE, 0x40, 0x00, 0x3F, 0xFC, 0x3F, 0xFC, 0x0B, 0xD0, 0x0B, 0xD0, 0x07, 0xD0, 0x07,
    0xD0, 0x07, 0xD0, 0x07, 0xD0, 0x07, 0xFF, 0xFF, 0xD0, 0x07, 0xD0, 0x07, 0xD0, 0x07, 0xD0, 0x07,
    0xD0, 0x07, 0xD0, 0x07, 0xD0, 0x07, 0xD0, 0x07, 0xD0, 0x0B, 0xD0, 0x07, 0xD0, 0x3F, 0xFC, 0x07,
    0xD0, 0x00, 0x00, 0x07, 0xD0, 0x00, 0x00, 0x07, 0xD0, 0x00, 0x1E, 0x0B, 0xC0, 0x00, 0x2F, 0x0F,
    0x80, 0x00, 0x0B, 0xF9, 0x00, 0x00, 0x00, 0x00, 0x00, 0x00, 0x03, 0xFF, 0xFF, 0x07, 0xFF, 0xFE,
    0x01, 0xFC, 0x00, 0x02, 0xFC, 0x00, 0x1F, 0xC0, 0x00, 0x2F, 0xC0, 0x01, 0xFC, 0x00, 0x02, 0xFC,
    0x00, 0x1F, 0xC0, 0x00, 0x2F, 0xC0, 0x01, 0xFC, 0x00, 0x02, 0xFC, 0x00, 0x1F, 0xC0, 0x00, 0x2F,
    0xC0, 0x01, 0xFC, 0x00, 0x02, 0xFC, 0x00, 0x1F, 0xFF, 0xFF, 0xFF, 0xC0, 0x01, 0xFC, 0x00, 0x02,
    0xFC, 0x00, 0x1F, 0xC0, 0x00, 0x2F, 0xC0, 0x01, 0xFC, 0x00, 0x02, 0xFC, 0x00, 0x1F, 0xC0, 0x00,
    0x2F, 0xC0, 0x01, 0xFC, 0x00, 0x02, 0xFC, 0x00, 0x1F, 0xC0, 0x00, 0x2F, 0xC0, 0x01, 0xFC, 0x00,
    0x02, 0xFC, 0x03, 0xFF, 0xFF, 0x07, 0xFF, 0xFE, 0x00, 0x00, 0x00, 0x00, 0x03, 0xC0, 0x00, 0x00,
    0x00, 0x00, 0xB8, 0x00, 0x00, 0x00, 0x00, 0x0F, 0x00, 0x00, 0x00, 0x00, 0x02, 0xE0, 0x00, 0x00,
    0x00, 0x00, 0x3C, 0x00, 0x3F, 0xFC, 0x3F, 0xFC, 0x0B, 0xD0, 0x0B, 0xD0, 0x07, 0xD0, 0x07, 0xD0,
    0x07, 0xD0, 0x07, 0xD0, 0x07, 0xFF, 0xFF, 0xD0, 0x07, 0xD0, 0x07, 0xD0, 0x07, 0xD0, 0x07, 0xD0,
    0x07, 0xD0, 0x07, 0xD0, 0x07, 0xD0, 0x07, 0xD0, 0x0B, 0xD0, 0x0B, 0xD0, 0x3F, 0xFC, 0x3F, 0xFC,
    0x00, 0x00, 0x00, 0x78, 0x00, 0x00, 0x00, 0xF0, 0x00, 0x00, 0x02, 0xE0, 0x3F, 0xFF, 0xF0, 0x7F,
    0xFF, 0xE0, 0x1F, 0xC0, 0x00, 0x2F, 0xC0, 0x01, 0xFC, 0x00, 0x02, 0xFC, 0x00, 0x1F, 0xC0, 0x00,
    0x2F, 0xC0, 0x01, 0xFC, 0x00, 0x02, 0xFC, 0x00, 0x1F, 0xC0, 0x00, 0x2F, 0xC0, 0x00, 0xFD, 0x00,
    0x02, 0xFC, 0x00, 0x0F, 0xD0, 0x00, 0x3F, 0xC0, 0x00, 0x3F, 0x40, 0x6F, 0xFC, 0x00, 0x00, 0x6F,
    0xF9, 0x2F, 0xC0, 0x00, 0x00, 0x00, 0x02, 0xFC, 0x00, 0x00, 0x00, 0x00, 0x2F, 0xC0, 0x00, 0x00,
    0x00, 0x02, 0xFC, 0x00, 0x00, 0x00, 0x00, 0x2F, 0xC0, 0x00, 0x00, 0x00, 0x02, 0xFC, 0x00, 0x00,
    0x00, 0x00, 0x2F, 0xC0, 0x00, 0x00, 0x00, 0xFF, 0xFF, 0xE0, 0x00, 0x00, 0x0F, 0x90, 0x00, 0x00,
    0x00, 0x00, 0xE0, 0x00, 0x00, 0x00, 0x00, 0x0D, 0x00, 0x00, 0x00, 0x00, 0x01, 0xC0, 0x00, 0x00,
    0x00, 0x00, 0x1C, 0x00, 0x00, 0x3F, 0xFC, 0x3F, 0xFC, 0x0B, 0xE0, 0x0B, 0xD0, 0x07, 0xD0, 0x07,
    0xD0, 0x07, 0xD0, 0x07, 0xD0, 0x03, 0xF0, 0x1F, 0xD0, 0x00, 0xBF, 0xDB, 0xD0, 0x00, 0x00, 0x07,
    0xD0, 0x00, 0x00, 0x07, 0xD0, 0x00, 0x00, 0x07, 0xD0, 0x00, 0x00, 0x0B, 0xD0, 0x00, 0x00, 0xBF,
    0xFC, 0x00, 0x00, 0xB4, 0x00, 0x00, 0x00, 0xE0, 0x00, 0x00, 0x00, 0xD0, 0x00, 0xFF, 0xF8, 0x00,
    0x00, 0x07, 0xFF, 0xD0, 0x7F, 0xC0, 0x00, 0x00, 0xFF, 0x80, 0x07, 0x7E, 0x00, 0x00, 0x0A, 0xF8,
    0x00, 0x73, 0xF0, 0x00, 0x02, 0x6F, 0x80, 0x07, 0x2F, 0x40, 0x00, 0x32, 0xF8, 0x00, 0x70, 0xFC,
    0x00, 0x09, 0x2F, 0x80, 0x07, 0x0B, 0xD0, 0x00, 0xC2, 0xF8, 0x00, 0x70, 0x3F, 0x00, 0x14, 0x2F,
    0x80, 0x07, 0x02, 0xF0, 0x03, 0x02, 0xF8, 0x00, 0x70, 0x1F, 0x80, 0x60, 0x2F, 0x80, 0x07, 0x00,
    0xFC, 0x0C, 0x02, 0xF8, 0x00, 0x70, 0x07, 0xE1, 0x80, 0x2F, 0x80, 0x07, 0x00, 0x3F, 0x30, 0x02,
    0xF8, 0x00, 0x70, 0x01, 0xFB, 0x00, 0x2F, 0x80, 0x07, 0x00, 0x0F, 0xD0, 0x02, 0xF8, 0x00, 0x70,
    0x00, 0xBC, 0x00, 0x2F, 0x80, 0xFF, 0xF8, 0x03, 0x40, 0x7F, 0xFF, 0xD0, 0x00, 0x00, 0x00, 0x00,
    0x00, 0x7C, 0x00, 0x00, 0x00, 0x00, 0x00, 0x0F, 0x40, 0x00, 0x00, 0x00, 0x00, 0x01, 0xF0, 0x00,
    0x00, 0x00, 0x00, 0x00, 0x3D, 0x00, 0x00, 0x00, 0x00, 0x00, 0x07, 0x80, 0xFF, 0xC0, 0x00, 0xBF,
    0xC1, 0xFE, 0x00, 0x0F, 0xD0, 0x0E, 0xF0, 0x02, 0x7D, 0x00, 0xCF, 0x40, 0x33, 0xD0, 0x0C, 0xBC,
    0x09, 0x3D, 0x00, 0xC3, 0xD0, 0xC3, 0xD0, 0x0C, 0x2F, 0x24, 0x3D, 0x00, 0xC0, 0xF7, 0x03, 0xD0,
    0x0C, 0x0B, 0xD0, 0x3D, 0x01, 0xD0, 0x3C, 0x03, 0xD0, 0xFF, 0xC2, 0x43, 0xFF, 0xC0, 0x00, 0x00,
    0x00, 0x78, 0x00, 0x00, 0x00, 0x0F, 0x00, 0x00, 0x00, 0x02, 0xE0, 0x00, 0x24, 0x00, 0x30, 0x00,
    0x00, 0x0D, 0x00, 0xA0, 0x00, 0x00, 0x02, 0xFF, 0x40, 0x00, 0x00, 0x00, 0x00, 0x00, 0x00, 0x00,
    0x00, 0x00, 0x00, 0x00, 0x00, 0x00, 0x38, 0x00, 0x00, 0x00, 0x00, 0x7C, 0x00, 0x00, 0x00, 0x00,
    0xFE, 0x00, 0x00, 0x00, 0x01, 0xFF, 0x00, 0x00, 0x00, 0x03, 0xFF, 0x40, 0x00, 0x00, 0x03, 0x7F,
    0xC0, 0x00, 0x00, 0x0B, 0x1F, 0xD0, 0x00, 0x00, 0x0D, 0x0F, 0xE0, 0x00, 0x00, 0x1C, 0x0B, 0xF0,
    0x00, 0x00, 0x38, 0x03, 0xF8, 0x00, 0x00, 0x70, 0x02, 0xFC, 0x00, 0x00, 0xBF, 0xFF, 0xFD, 0x00,
    0x00, 0xC0, 0x00, 0xBF, 0x00, 0x02, 0xC0, 0x00, 0x7F, 0x00, 0x03, 0x40, 0x00, 0x3F, 0x80, 0x0B,
    0x00, 0x00, 0x2F, 0xC0, 0xFF, 0xF0, 0x03, 0xFF, 0xFE, 0x03, 0x00, 0x09, 0x00, 0x28, 0x02, 0xC0,
    0x00, 0x7F, 0xD0, 0x00, 0x00, 0x00, 0x00, 0x06, 0xFF, 0xD0, 0x00, 0xFC, 0x0F, 0xC0, 0x0F, 0x80,
    0x3E, 0x00, 0x00, 0x03, 0xF0, 0x00, 0x6F, 0xFF, 0x00, 0x7F, 0x43, 0xF0, 0x2F, 0x80, 0x3F, 0x03,
    0xF0, 0x03, 0xF0, 0x3F, 0x00, 0x7F, 0x03, 0xF4, 0x1F, 0xF0, 0x07, 0xFE, 0x0F, 0xF0, 0x00, 0x0F,
    0x42, 0xE0, 0x00, 0x00, 0x3F, 0xC3, 0xF4, 0x00, 0x00, 0x3F, 0xC3, 0xF4, 0x00, 0x00, 0x0F, 0x42,
    0xE0, 0x00, 0x00, 0x00, 0x00, 0x00, 0x00, 0x00, 0x00, 0x38, 0x00, 0x00, 0x00, 0x00, 0x7C, 0x00,
    0x00, 0x00, 0x00, 0xFE, 0x00, 0x00, 0x00, 0x01, 0xFF, 0x00, 0x00, 0x00, 0x03, 0xFF, 0x40, 0x00,
    0x00, 0x03, 0x7F, 0xC0, 0x00, 0x00, 0x0B, 0x1F, 0xD0, 0x00, 0x00, 0x0D, 0x0F, 0xE0, 0x00, 0x00,
    0x1C, 0x0B, 0xF0, 0x00, 0x00, 0x38, 0x03, 0xF8, 0x00, 0x00, 0x70, 0x02, 0xFC, 0x00, 0x00, 0xBF,
    0xFF, 0xFD, 0x00, 0x00, 0xC0, 0x00, 0xBF, 0x00, 0x02, 0xC0, 0x00, 0x7F, 0x00, 0x03, 0x40, 0x00,
    0x3F, 0x80, 0x0B, 0x00, 0x00, 0x2F, 0xC0, 0xFF, 0xF0, 0x03, 0xFF, 0xFE, 0x02, 0xE0, 0x7C, 0x00,
    0x7F, 0x0F, 0xF0, 0x07, 0xF0, 0xFF, 0x00, 0x2E, 0x07, 0xC0, 0x00, 0x00, 0x00, 0x00, 0x00, 0x00,
    0x00, 0x06, 0xFF, 0xD0, 0x00, 0xFC, 0x0F, 0xC0, 0x0F, 0x80, 0x3E, 0x00, 0x00, 0x03, 0xF0, 0x00,
    0x6F, 0xFF, 0x00, 0x7F, 0x43, 0xF0, 0x2F, 0x80, 0x3F, 0x03, 0xF0, 0x03, 0xF0, 0x3F, 0x00, 0x7F,
    0x03, 0xF4, 0x1F, 0xF0, 0x07, 0xFE, 0x0F, 0xF0, 0x00, 0x07, 0xFF, 0xFF, 0xFF, 0xF8, 0x00, 0x00,
    0x2C, 0xFD, 0x00, 0x6F, 0x00, 0x00, 0x0D, 0x3F, 0x40, 0x03, 0xC0, 0x00, 0x07, 0x0F, 0xD0, 0x00,
    0x70, 0x00, 0x03, 0x83, 0xF4, 0x00, 0x0C, 0x00, 0x00, 0xC0, 0xFD, 0x01, 0xC3, 0x40, 0x00, 0xB0,
    0x3F, 0x40, 0xB0, 0x00, 0x00, 0x34, 0x0F, 0xD0, 0x3C, 0x00, 0x00, 0x1F, 0xFF, 0xFF, 0xFF, 0x00,
    0x00, 0x0D, 0x00, 0xFD, 0x07, 0xC0, 0x00, 0x07, 0x00, 0x3F, 0x40, 0xB0, 0x00, 0x02, 0x80, 0x0F,
    0xD0, 0x1C, 0x0C, 0x00, 0xD0, 0x03, 0xF4, 0x00, 0x07, 0x00, 0xB0, 0x00, 0xFD, 0x00, 0x02, 0x80,
    0x34, 0x00, 0x3F, 0x40, 0x01, 0xE0, 0x1D, 0x00, 0x0F, 0xD0, 0x02, 0xF4, 0xFF, 0xF0, 0x3F, 0xFF,
    0xFF, 0xFC, 0x00, 0x06, 0xFF, 0x90, 0xBF, 0xD0, 0x0F, 0x81, 0xFF, 0xD0, 0xB8, 0x0F, 0x80, 0x7F,
    0x40, 0x3D, 0x00, 0x00, 0x3F, 0x00, 0x2E, 0x00, 0x00, 0x3F, 0x00, 0x1F, 0x00, 0x6F, 0xFF, 0xFF,
    0xFF, 0x0B, 0xE4, 0x3F, 0x00, 0x00, 0x3F, 0x40, 0x2F, 0x00, 0x00, 0x3F, 0x00, 0x2F, 0x80, 0x07,
    0x2F, 0x80, 0xBB, 0xE4, 0x2D, 0x07, 0xFF, 0x80, 0x7F, 0xE0, 0x00, 0x24, 0x00, 0x30, 0x00, 0x00,
    0x34, 0x07, 0x40, 0x00, 0x00, 0x2F, 0xE4, 0x00, 0x00, 0x00, 0x00, 0x00, 0x00, 0x00, 0x00, 0x00,
    0x00, 0x00, 0xFF, 0xFF, 0xFF, 0xFE, 0x00, 0x1F, 0xC0, 0x01, 0xF8, 0x00, 0x7F, 0x00, 0x00, 0xF0,
    0x01, 0xFC, 0x00, 0x01, 0xC0, 0x07, 0xF0, 0x00, 0x03, 0x00, 0x1F, 0xC0, 0x34, 0x0C, 0x00, 0x7F,
    0x00, 0xD0, 0x00, 0x01, 0xFC, 0x0B, 0x40, 0x00, 0x07, 0xFF, 0xFD, 0x00, 0x00, 0x1F, 0xC0, 0xB4,
    0x00, 0x00, 0x7F, 0x00, 0xD0, 0x00, 0x01, 0xFC, 0x03, 0x40, 0x30, 0x07, 0xF0, 0x00, 0x01, 0xC0,
    0x1F, 0xC0, 0x00, 0x0E, 0x00, 0x7F, 0x00, 0x00, 0x74, 0x01, 0xFC, 0x00, 0x1B, 0xC0, 0xFF, 0xFF,
    0xFF, 0xFF, 0x00, 0x0C, 0x00, 0x0C, 0x01, 0xD0, 0x1D, 0x00, 0x0B, 0xF8, 0x00, 0x00, 0x00, 0x00,
    0x00, 0xBF, 0xE0, 0x01, 0xF4, 0x1F, 0x00, 0xF4, 0x02, 0xF0, 0xBC, 0x00, 0x3C, 0x3F, 0x00, 0x0F,
    0x4F, 0xFF, 0xFF, 0xD3, 0xF0, 0x00, 0x00, 0xFC, 0x00, 0x00, 0x1F, 0x80, 0x03, 0x01, 0xF8, 0x07,
    0x80, 0x0B, 0xFE, 0x40, 0x00, 0x00, 0x00, 0x00, 0x00, 0x70, 0x6F, 0xFE, 0x00, 0x01, 0xFF, 0x40,
    0x2F, 0xC0, 0x07, 0xD0, 0x00, 0x0F, 0xD0, 0x1E, 0x00, 0x00, 0x0F, 0xC0, 0x70, 0x00, 0x00, 0x2F,
    0xC0, 0x00, 0x00, 0x00, 0x7F, 0x00, 0x00, 0x00, 0x01, 0xFD, 0x00, 0x00, 0x00, 0x03, 0xF8, 0xFF,
    0xFF, 0xFF, 0xFF, 0xE3, 0xF0, 0x00, 0x00, 0x3F, 0x8F, 0xD0, 0x00, 0x01, 0xFD, 0x3F, 0x40, 0x00,
    0x07, 0xF0, 0xBE, 0x00, 0x00, 0x2F, 0x80, 0xFC, 0x00, 0x00, 0xFC, 0x01, 0xFC, 0x00, 0x0F, 0xC0,
    0x01, 0xFD, 0x01, 0xFC, 0x00, 0x00, 0x6F, 0xFE, 0x40, 0x00, 0x19, 0xBF, 0x80, 0x0B, 0xD0, 0x7D,
    0x02, 0xC0, 0x07, 0xD0, 0x00, 0x00, 0xFC, 0x00, 0x00, 0x3F, 0x00, 0x00, 0x0F, 0xD3, 0xFF, 0xFF,
    0xF4, 0xF0, 0x00, 0xFC, 0x3E, 0x00, 0x7E, 0x03, 0xD0, 0x7E, 0x00, 0x2F, 0xF9, 0x00, 0x00, 0x0B,
    0x80, 0xF4, 0x00, 0x00, 0x1F, 0xD2, 0xFC, 0x00, 0x00, 0x1F, 0xD2, 0xFC, 0x00, 0x00, 0x0B, 0x80,
    0xF4, 0x00, 0x00, 0x00, 0x00, 0x00, 0x00, 0x1C, 0x1B, 0xFF, 0x90, 0x00, 0x1F, 0xF4, 0x01, 0xBE,
    0x00, 0x1F, 0x80, 0x00, 0x0F, 0xC0, 0x1E, 0x00, 0x00, 0x07, 0xF0, 0x1C, 0x00, 0x00, 0x03, 0xF8,
    0x00, 0x00, 0x00, 0x02, 0xFC, 0x00, 0x00, 0x00, 0x01, 0xFD, 0x00, 0x00, 0x00, 0x01, 0xFD, 0x3F,
    0xFF, 0xFF, 0xFF, 0xFD, 0x3F, 0x00, 0x00, 0x01, 0xFD, 0x3F, 0x40, 0x00, 0x01, 0xFC, 0x3F, 0x80,
    0x00, 0x02, 0xFC, 0x1F, 0xC0, 0x00, 0x03, 0xF4, 0x0F, 0xD0, 0x00, 0x07, 0xF0, 0x03, 0xF0, 0x00,
    0x0F, 0xC0, 0x00, 0xFD, 0x00, 0xBE, 0x00, 0x00, 0x0B, 0xFF, 0x90, 0x00, 0x07, 0xC0, 0xB4, 0x03,
    0xF8, 0x7F, 0x00, 0xFE, 0x2F, 0xC0, 0x1F, 0x03, 0xE0, 0x00, 0x00, 0x00, 0x00, 0x00, 0x00, 0x01,
    0x9B, 0xF8, 0x00, 0xBD, 0x07, 0xD0, 0x2C, 0x00, 0x7D, 0x00, 0x00, 0x0F, 0xC0, 0x00, 0x03, 0xF0,
    0x00, 0x00, 0xFD, 0x3F, 0xFF, 0xFF, 0x4F, 0x00, 0x0F, 0xC3, 0xE0, 0x07, 0xE0, 0x3D, 0x07, 0xE0,
    0x02, 0xFF, 0x90, 0x00, 0x00, 0x00, 0x00, 0xF4, 0x1F, 0x00, 0x00, 0x00, 0x00, 0x00, 0x02, 0xFC,
    0x3F, 0x80, 0x00, 0x00, 0x00, 0x00, 0x02, 0xFC, 0x3F, 0x80, 0x00, 0x00, 0x00, 0x00, 0x00, 0xF4,
    0x1F, 0x00, 0x00, 0x00, 0x00, 0x00, 0x00, 0x00, 0x00, 0x00, 0x00, 0x00, 0x7F, 0xFC, 0x01, 0xFF,
    0xFF, 0x80, 0x2F, 0xFE, 0x02, 0xD0, 0x00, 0x0B, 0xF0, 0x00, 0x07, 0x80, 0x00, 0x74, 0x00, 0x0B,
    0xF0, 0x00, 0x1E, 0x00, 0x00, 0x1E, 0x00, 0x0B, 0xF0, 0x00, 0xB4, 0x00, 0x00, 0x03, 0xC0, 0x0B,
    0xF0, 0x02, 0xC0, 0x00, 0x00, 0x00, 0xF0, 0x0B, 0xF0, 0x0F, 0x00, 0x00, 0x00, 0x00, 0x3D, 0x0B,
    0xF0, 0x3C, 0x00, 0x00, 0x00, 0x00, 0x7F, 0x4B, 0xF1, 0xFD, 0x00, 0x00, 0x00, 0x00, 0xFF, 0xEB,
    0xF7, 0xFF, 0x00, 0x00, 0x00, 0x03, 0xFC, 0x3F, 0xFD, 0x3F, 0xC0, 0x00, 0x00, 0x0B, 0xF4, 0x0F,
    0xF0, 0x0F, 0xE0, 0x00, 0x00, 0x1F, 0xE0, 0x0B, 0xF0, 0x07, 0xF4, 0x00, 0x00, 0x3F, 0xC0, 0x0B,
    0xF0, 0x02, 0xFC, 0x00, 0x00, 0xFF, 0x00, 0x0B, 0xF0, 0x00, 0xFF, 0x00, 0x02, 0xFD, 0x00, 0x0B,
    0xF0, 0x00, 0x7F, 0x80, 0x07, 0xF8, 0x00, 0x0B, 0xF0, 0x00, 0x2F, 0xE0, 0xFF, 0xFF, 0x01, 0xFF,
    0xFF, 0x80, 0xFF, 0xFF, 0x00, 0x00, 0xF4, 0x2E, 0x00, 0x00, 0x00, 0x02, 0xFC, 0x3F, 0x80, 0x00,
    0x00, 0x02, 0xFC, 0x3F, 0x80, 0x00, 0x00, 0x00, 0xF4, 0x1F, 0x00, 0x00, 0x00, 0x00, 0x00, 0x00,
    0x00, 0x00, 0x00, 0x00, 0x00, 0x00, 0x00, 0x00, 0x3F, 0xE0, 0x3F, 0xFC, 0x0B, 0xFC, 0x02, 0xD0,
    0x0B, 0xD0, 0x0B, 0x80, 0x00, 0x78, 0x07, 0xD0, 0x2D, 0x00, 0x00, 0x0F, 0x47, 0xD1, 0xE0, 0x00,
    0x00, 0x03, 0xE7, 0xDB, 0xC0, 0x00, 0x00, 0x0F, 0xFF, 0xFF, 0xF0, 0x00, 0x00, 0x3F, 0x0B, 0xE1,
    0xFC, 0x00, 0x00, 0xFD, 0x07, 0xD0, 0x7F, 0x00, 0x03, 0xF4, 0x07, 0xD0, 0x1F, 0xC0, 0x0B, 0xE0,
    0x0B, 0xD0, 0x0B, 0xE0, 0xBF, 0xF0, 0x3F, 0xFC, 0x1F, 0xFD, 0x01, 0xF0, 0x2E, 0x00, 0x03, 0xFC,
    0x7F, 0x40, 0x03, 0xFC, 0x7F, 0x40, 0x01, 0xF0, 0x2E, 0x00, 0x00, 0x00, 0x00, 0x00, 0x35, 0xBF,
    0xF9, 0x00, 0x7F, 0x90, 0x2F, 0xC0, 0x7D, 0x00, 0x0B, 0xF0, 0x78, 0x00, 0x03, 0xF4, 0x30, 0x00,
    0x03, 0xF8, 0x20, 0x00, 0x03, 0xF4, 0x00, 0x00, 0x0B, 0xF0, 0x00, 0x00, 0x2F, 0x80, 0x00, 0x7F,
    0xFD, 0x00, 0x00, 0x00, 0x1F, 0xD0, 0x00, 0x00, 0x03, 0xF8, 0x00, 0x00, 0x02, 0xFC, 0x60, 0x00,
    0x01, 0xFD, 0x70, 0x00, 0x02, 0xFC, 0x38, 0x00, 0x03, 0xF8, 0x0F, 0x40, 0x1F, 0xE0, 0x01, 0xBF,
    0xF9, 0x00, 0x0B, 0x80, 0xF4, 0x1F, 0xD2, 0xFC, 0x1F, 0xD2, 0xFC, 0x0B, 0x80, 0xF4, 0x00, 0x00,
    0x00, 0x00, 0x00, 0x00, 0x36, 0xFF, 0xE0, 0x3D, 0x01, 0xFC, 0x30, 0x00, 0xBD, 0x00, 0x01, 0xFC,
    0x00, 0xFF, 0xD0, 0x00, 0x01, 0xF8, 0x00, 0x00, 0xBE, 0x00, 0x00, 0x7F, 0x70, 0x00, 0x7E, 0x38,
    0x01, 0xFC, 0x0B, 0xFF, 0x90, 0x3F, 0xFF, 0xFF, 0xE7, 0xFF, 0xFF, 0xFE, 0x7D, 0x00, 0x02, 0xEB,
    0x00, 0x00, 0xF8, 0xA0, 0x00, 0x7C, 0x0D, 0x00, 0x2E, 0x00, 0x00, 0x1F, 0x40, 0x00, 0x0B, 0xF9,
    0x00, 0x00, 0x55, 0xBE, 0x00, 0x00, 0x02, 0xFC, 0x00, 0x00, 0x0F, 0xD0, 0x00, 0x00, 0xFE, 0x3D,
    0x00, 0x0F, 0xEF, 0xF0, 0x00, 0xFD, 0xBF, 0x00, 0x2F, 0xC7, 0xD0, 0x07, 0xF0, 0x0B, 0xFF, 0xE4,
    0x00, 0xBF, 0xFF, 0xF6, 0xE0, 0x02, 0xCA, 0x00, 0x2D, 0x34, 0x02, 0xC0, 0x00, 0x2C, 0x00, 0x02,
    0xC0, 0x00, 0x2F, 0xE0, 0x00, 0x92, 0xF4, 0x00, 0x03, 0xF0, 0x00, 0x0B, 0xD0, 0x00, 0x2F, 0x80,
    0x00, 0xBD, 0x78, 0x02, 0xF7, 0xF0, 0x0F, 0xC7, 0x80, 0xBC, 0x02, 0xFF, 0x80, 0x00, 0x0B, 0xFF,
    0xFF, 0x00, 0x00, 0x00, 0x00, 0x00, 0x00, 0x00, 0x00, 0x00, 0x00, 0x00, 0x00, 0x00, 0x00, 0x00,
    0x00, 0x00, 0x00, 0x00, 0x00, 0x00, 0x00, 0x00, 0x03, 0xFF, 0xFF, 0x07, 0xFF, 0xFE, 0x01, 0xFC,
    0x00, 0x03, 0xFC, 0x00, 0x1F, 0xC0, 0x00, 0xBF, 0xC0, 0x01, 0xFC, 0x00, 0x1F, 0xFC, 0x00, 0x1F,
    0xC0, 0x03, 0xAF, 0xC0, 0x01, 0xFC, 0x00, 0xB2, 0xFC, 0x00, 0x1F, 0xC0, 0x0D, 0x2F, 0xC0, 0x01,
    0xFC, 0x03, 0x82, 0xFC, 0x00, 0x1F, 0xC0, 0x70, 0x2F, 0xC0, 0x01, 0xFC, 0x0D, 0x02, 0xFC, 0x00,
    0x1F, 0xC2, 0x80, 0x2F, 0xC0, 0x01, 0xFC, 0x70, 0x02, 0xFC, 0x00, 0x1F, 0xDD, 0x00, 0x2F, 0xC0,
    0x01, 0xFF, 0xC0, 0x02, 0xFC, 0x00, 0x1F, 0xF0, 0x00, 0x2F, 0xC0, 0x01, 0xFE, 0x00, 0x02, 0xFC,
    0x03, 0xFF, 0xFF, 0x07, 0xFF, 0xFE, 0x01, 0xFF, 0xFF, 0x40, 0x00, 0x00, 0x00, 0x00, 0x00, 0x00,
    0x00, 0x00, 0x00, 0x00, 0x00, 0x00, 0x00, 0x00, 0x00, 0x00, 0x00, 0x00, 0x00, 0x00, 0x3F, 0xFC,
    0x3F, 0xFC, 0x0B, 0xD0, 0x0F, 0xD0, 0x07, 0xD0, 0x1F, 0xD0, 0x07, 0xD0, 0x3B, 0xD0, 0x07, 0xD0,
    0xD7, 0xD0, 0x07, 0xD2, 0x87, 0xD0, 0x07, 0xD7, 0x07, 0xD0, 0x07, 0xEC, 0x07, 0xD0, 0x07, 0xF4,
    0x07, 0xD0, 0x0B, 0xE0, 0x0B, 0xD0, 0x3F, 0xFC, 0x3F, 0xFC, 0x00, 0x02, 0xE0, 0x3D, 0x00, 0x00,
    0x00, 0x7F, 0x4F, 0xF0, 0x00, 0x00, 0x07, 0xF4, 0xFF, 0x00, 0x00, 0x00, 0x2E, 0x03, 0xD0, 0x00,
    0x00, 0x00, 0x00, 0x00, 0x00, 0x03, 0xFF, 0xFF, 0x07, 0xFF, 0xFE, 0x01, 0xFC, 0x00, 0x03, 0xFC,
    0x00, 0x1F, 0xC0, 0x00, 0xBF, 0xC0, 0x01, 0xFC, 0x00, 0x1F, 0xFC, 0x00, 0x1F, 0xC0, 0x03, 0xAF,
    0xC0, 0x01, 0xFC, 0x00, 0xB2, 0xFC, 0x00, 0x1F, 0xC0, 0x0D, 0x2F, 0xC0, 0x01, 0xFC, 0x03, 0x82,
    0xFC, 0x00, 0x1F, 0xC0, 0x70, 0x2F, 0xC0, 0x01, 0xFC, 0x0D, 0x02, 0xFC, 0x00, 0x1F, 0xC2, 0x80,
    0x2F, 0xC0, 0x01, 0xFC, 0x70, 0x02, 0xFC, 0x00, 0x1F, 0xDD, 0x00, 0x2F, 0xC0, 0x01, 0xFF, 0xC0,
    0x02, 0xFC, 0x00, 0x1F, 0xF0, 0x00, 0x2F, 0xC0, 0x01, 0xFE, 0x00, 0x02, 0xFC, 0x03, 0xFF, 0xFF,
    0x07, 0xFF, 0xFE, 0x00, 0xF4, 0x1F, 0x00, 0x02, 0xFC, 0x3F, 0x80, 0x02, 0xFC, 0x3F, 0x80, 0x00,
    0xF4, 0x1F, 0x00, 0x00, 0x00, 0x00, 0x00, 0x00, 0x00, 0x00, 0x00, 0x3F, 0xFC, 0x3F, 0xFC, 0x0B,
    0xD0, 0x0F, 0xD0, 0x07, 0xD0, 0x1F, 0xD0, 0x07, 0xD0, 0x3B, 0xD0, 0x07, 0xD0, 0xD7, 0xD0, 0x07,
    0xD2, 0x87, 0xD0, 0x07, 0xD7, 0x07, 0xD0, 0x07, 0xEC, 0x07, 0xD0, 0x07, 0xF4, 0x07, 0xD0, 0x0B,
    0xE0, 0x0B, 0xD0, 0x3F, 0xFC, 0x3F, 0xFC, 0x00, 0x1F, 0x02, 0xE0, 0x00, 0x00, 0xFF, 0x1F, 0xD0,
    0x00, 0x03, 0xFC, 0x7F, 0x40, 0x00, 0x07, 0xC0, 0xB8, 0x00, 0x00, 0x00, 0x00, 0x00, 0x00, 0x00,
    0x2F, 0xFE, 0x40, 0x00, 0x0B, 0xE0, 0x1F, 0xD0, 0x00, 0xFC, 0x00, 0x0B, 0xE0, 0x0F, 0xD0, 0x00,
    0x0F, 0xD0, 0x7F, 0x00, 0x00, 0x1F, 0xC3, 0xF8, 0x00, 0x00, 0x3F, 0x4F, 0xE0, 0x00, 0x00, 0xFE,
    0x7F, 0x40, 0x00, 0x03, 0xFD, 0xFD, 0x00, 0x00, 0x0F, 0xF7, 0xF4, 0x00, 0x00, 0x3F, 0xCF, 0xE0,
    0x00, 0x00, 0xFF, 0x3F, 0x80, 0x00, 0x03, 0xF4, 0xBF, 0x00, 0x00, 0x1F, 0xC0, 0xFD, 0x00, 0x00,
    0xFD, 0x00, 0xFD, 0x00, 0x0B, 0xE0, 0x00, 0xBE, 0x01, 0xFD, 0x00, 0x00, 0x2F, 0xFE, 0x40, 0x00,
    0x02, 0xE0, 0x7C, 0x00, 0x7F, 0x0F, 0xF0, 0x07, 0xF0, 0xFF, 0x00, 0x2E, 0x07, 0xC0, 0x00, 0x00,
    0x00, 0x00, 0x00, 0x00, 0x00, 0x00, 0xBF, 0xE4, 0x00, 0x7D, 0x03, 0xE0, 0x0F, 0x40, 0x0F, 0x83,
    0xF0, 0x00, 0xFC, 0x3F, 0x00, 0x0B, 0xD3, 0xF0, 0x00, 0xBE, 0x3F, 0x00, 0x0B, 0xD3, 0xF0, 0x00,
    0xFC, 0x1F, 0x40, 0x0F, 0x80, 0x7D, 0x03, 0xF0, 0x00, 0xBF, 0xE4, 0x00, 0x00, 0x0B, 0xFF, 0x90,
    0x00, 0x02, 0xF4, 0x07, 0xF4, 0x00, 0x3F, 0x00, 0x02, 0xF8, 0x03, 0xF4, 0x00, 0x03, 0xF4, 0x2F,
    0xC0, 0x00, 0x07, 0xF0, 0xFE, 0x00, 0x00, 0x0F, 0xD3, 0xF4, 0x00, 0x00, 0x3F, 0xDF, 0xEB, 0xFE,
    0x40, 0xFF, 0x7F, 0x80, 0x6F, 0xFB, 0xFD, 0xFD, 0x00, 0x00, 0x0F, 0xF3, 0xF8, 0x00, 0x00, 0x3F,
    0x8F, 0xF0, 0x00, 0x00, 0xFD, 0x1F, 0xC0, 0x00, 0x0B, 0xF0, 0x3F, 0x40, 0x00, 0x3F, 0x40, 0x3F,
    0x40, 0x02, 0xF8, 0x00, 0x2F, 0x80, 0x7F, 0x40, 0x00, 0x0B, 0xFF, 0x90, 0x00, 0x00, 0xBF, 0xE4,
    0x00, 0x7D, 0x03, 0xE0, 0x1F, 0x40, 0x0F, 0x83, 0xF0, 0x00, 0xFC, 0x3F, 0xFE, 0x0F, 0xD3, 0xF1,
    0xFE, 0xFE, 0x3F, 0x00, 0x0B, 0xD3, 0xF0, 0x00, 0xFC, 0x1F, 0x40, 0x0F, 0x80, 0x7D, 0x03, 0xE0,
    0x00, 0xBF, 0xE4, 0x00, 0x00, 0x1F, 0x02, 0xE0, 0x00, 0x00, 0xFF, 0x1F, 0xD0, 0x00, 0x03, 0xFC,
    0x7F, 0x40, 0x00, 0x07, 0xC0, 0xB8, 0x00, 0x00, 0x00, 0x00, 0x00, 0x00, 0x00, 0x2F, 0xFE, 0x40,
    0x00, 0x0B, 0xD0, 0x1F, 0xD0, 0x00, 0xFC, 0x00, 0x0B, 0xE0, 0x0F, 0xD0, 0x00, 0x0F, 0xD0, 0xBF,
    0x00, 0x00, 0x1F, 0xC3, 0xF8, 0x00, 0x00, 0x3F, 0x4F, 0xD0, 0x00, 0x00, 0xFF, 0x7F, 0xAF, 0xF9,
    0x03, 0xFD, 0xFE, 0x01, 0xBF, 0xEF, 0xF7, 0xF4, 0x00, 0x00, 0x3F, 0xCF, 0xE0, 0x00, 0x00, 0xFE,
    0x3F, 0xC0, 0x00, 0x03, 0xF4, 0x7F, 0x00, 0x00, 0x2F, 0xC0, 0xFD, 0x00, 0x00, 0xFD, 0x00, 0xFD,
    0x00, 0x0B, 0xE0, 0x00, 0xBE, 0x01, 0xFD, 0x00, 0x00, 0x2F, 0xFE, 0x40, 0x00, 0x02, 0xE0, 0x7C,
    0x00, 0x7F, 0x0F, 0xF0, 0x07, 0xF0, 0xFF, 0x00, 0x2E, 0x07, 0xC0, 0x00, 0x00, 0x00, 0x00, 0x00,
    0x00, 0x00, 0x00, 0xBF, 0xE4, 0x00, 0x7D, 0x03, 0xE0, 0x1F, 0x40, 0x0F, 0x83, 0xF0, 0x00, 0xFC,
    0x3F, 0xFE, 0x0F, 0xD3, 0xF1, 0xFE, 0xFE, 0x3F, 0x00, 0x0B, 0xD3, 0xF0, 0x00, 0xFC, 0x1F, 0x40,
    0x0F, 0x80, 0x7D, 0x03, 0xE0, 0x00, 0xBF, 0xE4, 0x00, 0x00, 0xF4, 0x1F, 0x00, 0x00, 0x0B, 0xF0,
    0xFE, 0x00, 0x00, 0x2F, 0xC3, 0xF8, 0x00, 0x00, 0x3D, 0x07, 0xC0, 0x00, 0x00, 0x00, 0x00, 0x00,
    0x01, 0xC1, 0xBF, 0xF8, 0x00, 0x07, 0xFD, 0x01, 0xBF, 0x00, 0x1F, 0x80, 0x00, 0x3F, 0x40, 0x78,
    0x00, 0x00, 0x3F, 0x41, 0xC0, 0x00, 0x00, 0xBF, 0x07, 0x00, 0x00, 0x00, 0xFE, 0x00, 0x00, 0x00,
    0x03, 0xFC, 0x00, 0x00, 0x00, 0x0F, 0xF0, 0x0B, 0xFE, 0x40, 0x7F, 0xC0, 0x01, 0xBF, 0xFF, 0xFF,
    0x00, 0x00, 0x2F, 0x93, 0xFC, 0x00, 0x00, 0x00, 0x0F, 0xE1, 0x80, 0x00, 0x00, 0x7F, 0x03, 0x00,
    0x00, 0x03, 0xF8, 0x0B, 0x00, 0x00, 0x3F, 0x80, 0x0B, 0x80, 0x1B, 0xF4, 0x00, 0x01, 0xBF, 0xF9,
    0x00, 0x00, 0x0B, 0x80, 0xF4, 0x1F, 0xD2, 0xFC, 0x1F, 0xD2, 0xFC, 0x0B, 0x80, 0xF4, 0x00, 0x00,
    0x00, 0x00, 0x00, 0x00, 0x36, 0xFF, 0x40, 0x3D, 0x02, 0xF0, 0x34, 0x00, 0xFC, 0x00, 0x00, 0xBD,
    0x07, 0xF4, 0xBE, 0x00, 0xBE, 0xBF, 0x00, 0x00, 0xBE, 0x10, 0x00, 0xBD, 0x34, 0x00, 0xFC, 0x1D,
    0x07, 0xF0, 0x02, 0xFF, 0x40, 0x00, 0x07, 0xFF, 0xFF, 0x40, 0x00, 0x00, 0x00, 0x00, 0x00, 0x00,
    0x00, 0x00, 0x00, 0x00, 0x00, 0x00, 0x00, 0x00, 0x00, 0x00, 0x00, 0x00, 0x00, 0x00, 0x00, 0x00,
    0x03, 0xFF, 0xFC, 0x00, 0x3F, 0xFC, 0x02, 0xFD, 0x00, 0x00, 0x3C, 0x00, 0x0F, 0xF0, 0x00, 0x03,
    0x40, 0x00, 0x3F, 0x80, 0x00, 0xB0, 0x00, 0x02, 0xFD, 0x00, 0x0D, 0x00, 0x00, 0x0F, 0xF0, 0x01,
    0xC0, 0x00, 0x00, 0x3F, 0x80, 0x38, 0x00, 0x00, 0x02, 0xFD, 0x07, 0x00, 0x00, 0x00, 0x0F, 0xF0,
    0xB0, 0x00, 0x00, 0x00, 0x3F, 0xCD, 0x00, 0x00, 0x00, 0x01, 0xFF, 0xC0, 0x00, 0x00, 0x00, 0x0F,
    0xF8, 0x00, 0x00, 0x03, 0xD0, 0x3F, 0x00, 0x00, 0x00, 0xBF, 0x01, 0xD0, 0x00, 0x00, 0x0B, 0xF0,
    0x2C, 0x00, 0x00, 0x00, 0x3D, 0x0B, 0x00, 0x00, 0x00, 0x00, 0xBF, 0x40, 0x00, 0x00, 0x01, 0xFF,
    0xFF, 0x40, 0x00, 0x00, 0x00, 0x00, 0x00, 0x00, 0x00, 0x00, 0x00, 0x00, 0x00, 0x00, 0x00, 0x00,
    0x00, 0x00, 0x00, 0x00, 0x07, 0xFF, 0x80, 0xFF, 0x42, 0xF4, 0x00, 0xB0, 0x03, 0xF0, 0x03, 0x40,
    0x0B, 0xD0, 0x1C, 0x00, 0x0F, 0xC0, 0xD0, 0x00, 0x2F, 0x47, 0x00, 0x00, 0x7E, 0x34, 0x00, 0x00,
    0xFE, 0xC0, 0x00, 0x01, 0xFD, 0x00, 0x00, 0x03, 0xF0, 0x00, 0x00, 0x07, 0x40, 0x00, 0x00, 0x1C,
    0x00, 0x00, 0x00, 0xD0, 0x00, 0x0F, 0x07, 0x00, 0x00, 0x7D, 0x70, 0x00, 0x00, 0xBE, 0x00, 0x00,
    0x00, 0x00, 0x02, 0xE0, 0x3D, 0x00, 0x00, 0x00, 0x3F, 0x4B, 0xF0, 0x00, 0x00, 0x03, 0xF4, 0xBF,
    0x00, 0x00, 0x00, 0x2E, 0x03, 0xD0, 0x00, 0x00, 0x00, 0x00, 0x00, 0x00, 0x03, 0xFF, 0xFC, 0x00,
    0x3F, 0xFC, 0x02, 0xFD, 0x00, 0x00, 0x3C, 0x00, 0x0F, 0xF0, 0x00, 0x03, 0x40, 0x00, 0x3F, 0x80,
    0x00, 0xB0, 0x00, 0x02, 0xFD, 0x00, 0x0D, 0x00, 0x00, 0x0F, 0xF0, 0x01, 0xC0, 0x00, 0x00, 0x3F,
    0x80, 0x38, 0x00, 0x00, 0x02, 0xFD, 0x07, 0x00, 0x00, 0x00, 0x0F, 0xF0, 0xB0, 0x00, 0x00, 0x00,
    0x3F, 0xCD, 0x00, 0x00, 0x00, 0x01, 0xFF, 0xC0, 0x00, 0x00, 0x00, 0x0F, 0xF8, 0x00, 0x00, 0x03,
    0xD0, 0x3F, 0x00, 0x00, 0x00, 0xBF, 0x01, 0xD0, 0x00, 0x00, 0x0B, 0xF0, 0x2C, 0x00, 0x00, 0x00,
    0x3D, 0x0B, 0x00, 0x00, 0x00, 0x00, 0xBF, 0x40, 0x00, 0x00, 0x00, 0xF4, 0x1F, 0x00, 0x0B, 0xF0,
    0xFE, 0x00, 0x2F, 0xC3, 0xF8, 0x00, 0x3D, 0x07, 0xC0, 0x00, 0x00, 0x00, 0x00, 0x00, 0x00, 0x00,
    0x07, 0xFF, 0x80, 0xFF, 0x42, 0xF4, 0x00, 0xB0, 0x03, 0xF0, 0x03, 0x40, 0x0B, 0xD0, 0x1C, 0x00,
    0x0F, 0xC0, 0xD0, 0x00, 0x2F, 0x47, 0x00, 0x00, 0x7E, 0x34, 0x00, 0x00, 0xFE, 0xC0, 0x00, 0x01,
    0xFD, 0x00, 0x00, 0x03, 0xF0, 0x00, 0x00, 0x07, 0x40, 0x00, 0x00, 0x1C, 0x00, 0x00, 0x00, 0xD0,
    0x00, 0x0F, 0x07, 0x00, 0x00, 0x7D, 0x70, 0x00, 0x00, 0xBE, 0x00, 0x00, 0x00, 0x00, 0x00, 0x00,
    0x00, 0x00, 0x00, 0x00, 0x00, 0xB4, 0x7C, 0x00, 0x00, 0x00, 0x3F, 0xAF, 0xD0, 0x00, 0x00, 0x1F,
    0xFF, 0xFD, 0x00, 0x00, 0x02, 0xE4, 0xF9, 0x00, 0x00, 0x00, 0x00, 0x00, 0x00, 0x00, 0x3F, 0xFF,
    0xC0, 0x03, 0xFF, 0xC0, 0x2F, 0xD0, 0x00, 0x03, 0xC0, 0x00, 0xFF, 0x00, 0x00, 0x34, 0x00, 0x03,
    0xF8, 0x00, 0x0B, 0x00, 0x00, 0x2F, 0xD0, 0x00, 0xD0, 0x00, 0x00, 0xFF, 0x00, 0x1C, 0x00, 0x00,
    0x03, 0xF8, 0x03, 0x80, 0x00, 0x00, 0x2F, 0xD0, 0x70, 0x00, 0x00, 0x00, 0xFF, 0x0B, 0x00, 0x00,
    0x00, 0x03, 0xFC, 0xD0, 0x00, 0x00, 0x00, 0x1F, 0xFC, 0x00, 0x00, 0x00, 0x00, 0xFF, 0x80, 0x00,
    0x00, 0x3D, 0x03, 0xF0, 0x00, 0x00, 0x0B, 0xF0, 0x1D, 0x00, 0x00, 0x00, 0xBF, 0x02, 0xC0, 0x00,
    0x00, 0x03, 0xD0, 0xB0, 0x00, 0x00, 0x00, 0x0B, 0xF4, 0x00, 0x00, 0x00, 0x00, 0x03, 0xC0, 0xE0,
    0x00, 0x3F, 0x4F, 0xD0, 0x03, 0xFD, 0xFF, 0x00, 0x2F, 0x8F, 0xD0, 0x00, 0x50, 0x14, 0x00, 0x00,
    0x00, 0x00, 0x07, 0xFF, 0x80, 0xFF, 0x42, 0xF4, 0x00, 0xB0, 0x03, 0xF0, 0x03, 0x40, 0x0B, 0xD0,
    0x1C, 0x00, 0x0F, 0xC0, 0xD0, 0x00, 0x2F, 0x47, 0x00, 0x00, 0x7E, 0x34, 0x00, 0x00, 0xFE, 0xC0,
    0x00, 0x01, 0xFD, 0x00, 0x00, 0x03, 0xF0, 0x00, 0x00, 0x07, 0x40, 0x00, 0x00, 0x1C, 0x00, 0x00,
    0x00, 0xD0, 0x00, 0x0F, 0x07, 0x00, 0x00, 0x7D, 0x70, 0x00, 0x00, 0xBE, 0x00, 0x00, 0x00, 0x00,
    0x02, 0xE0, 0x3D, 0x00, 0x00, 0x00, 0x7F, 0x4F, 0xF0, 0x00, 0x00, 0x07, 0xF4, 0xFF, 0x00, 0x00,
    0x00, 0x2E, 0x03, 0xD0, 0x00, 0x00, 0x00, 0x00, 0x00, 0x00, 0x03, 0xFF, 0xFF, 0x07, 0xFF, 0xFE,
    0x01, 0xFC, 0x00, 0x02, 0xFC, 0x00, 0x1F, 0xC0, 0x00, 0x2F, 0xC0, 0x01, 0xFC, 0x00, 0x02, 0xFC,
    0x00, 0x1F, 0xC0, 0x00, 0x2F, 0xC0, 0x01, 0xFC, 0x00, 0x02, 0xFC, 0x00, 0x0F, 0xD0, 0x00, 0x2F,
    0xC0, 0x00, 0xFD, 0x00, 0x03, 0xFC, 0x00, 0x03, 0xF4, 0x06, 0xFF, 0xC0, 0x00, 0x06, 0xFF, 0x92,
    0xFC, 0x00, 0x00, 0x00, 0x00, 0x2F, 0xC0, 0x00, 0x00, 0x00, 0x02, 0xFC, 0x00, 0x00, 0x00, 0x00,
    0x2F, 0xC0, 0x00, 0x00, 0x00, 0x02, 0xFC, 0x00, 0x00, 0x00, 0x00, 0x2F, 0xC0, 0x00, 0x00, 0x00,
    0x02, 0xFC, 0x00, 0x00, 0x00, 0x07, 0xFF, 0xFE, 0x00, 0x00, 0x00, 0x00, 0x00, 0x00, 0x00, 0xF4,
    0x1F, 0x00, 0x02, 0xFC, 0x3F, 0x80, 0x02, 0xFC, 0x3F, 0x80, 0x00, 0xF4, 0x1F, 0x00, 0x00, 0x00,
    0x00, 0x00, 0x00, 0x00, 0x00, 0x00, 0x3F, 0xFC, 0x3F, 0xFC, 0x0B, 0xE0, 0x0B, 0xD0, 0x07, 0xD0,
    0x07, 0xD0, 0x07, 0xD0, 0x07, 0xD0, 0x07, 0xD0, 0x07, 0xD0, 0x03, 0xF0, 0x2F, 0xD0, 0x00, 0xBF,
    0xDB, 0xD0, 0x00, 0x00, 0x07, 0xD0, 0x00, 0x00, 0x07, 0xD0, 0x00, 0x00, 0x0B, 0xD0, 0x00, 0x00,
    0x3F, 0xFC, 0x3F, 0xFF, 0xFF, 0xFD, 0x00, 0x7F, 0x00, 0x1F, 0x80, 0x1F, 0xC0, 0x00, 0xE0, 0x07,
    0xF0, 0x00, 0x2C, 0x01, 0xFC, 0x00, 0x07, 0x00, 0x7F, 0x00, 0x00, 0xC0, 0x1F, 0xC0, 0x00, 0x00,
    0x07, 0xF0, 0x00, 0x00, 0x01, 0xFC, 0x00, 0x00, 0x00, 0x7F, 0x00, 0x00, 0x00, 0x1F, 0xC0, 0x00,
    0x00, 0x07, 0xF0, 0x00, 0x00, 0x01, 0xFC, 0x00, 0x00, 0x00, 0x7F, 0x00, 0x00, 0x00, 0x1F, 0xC0,
    0x00, 0x00, 0x07, 0xF0, 0x00, 0x00, 0x3F, 0xFF, 0xFC, 0x00, 0x00, 0x00, 0x6F, 0x40, 0x00, 0x00,
    0x02, 0xD0, 0x00, 0x00, 0x00, 0x38, 0x00, 0x00, 0x00, 0x0A, 0x00, 0x00, 0x00, 0x01, 0xC0, 0x00,
    0x3F, 0xFF, 0xFD, 0x0B, 0xD0, 0x2D, 0x07, 0xD0, 0x0E, 0x07, 0xD0, 0x0A, 0x07, 0xD0, 0x00, 0x07,
    0xD0, 0x00, 0x07, 0xD0, 0x00, 0x07, 0xD0, 0x00, 0x07, 0xD0, 0x00, 0x0B, 0xD0, 0x00, 0x3F, 0xFF,
    0x00, 0x00, 0x1F, 0x00, 0x00, 0x07, 0x00, 0x00, 0x03, 0x40, 0x00, 0x00, 0x0F, 0x41, 0xF0, 0x00,
    0x00, 0x00, 0x00, 0xBF, 0x0F, 0xE0, 0x00, 0x00, 0x00, 0x02, 0xFC, 0x3F, 0x80, 0x00, 0x00, 0x00,
    0x03, 0xD0, 0x7C, 0x00, 0x00, 0x00, 0x00, 0x00, 0x00, 0x00, 0x00, 0x00, 0xFF, 0xFF, 0x80, 0x00,
    0x3F, 0xFF, 0xF0, 0x1F, 0xC0, 0x00, 0x00, 0x07, 0xF4, 0x00, 0x7F, 0x00, 0x00, 0x00, 0x1F, 0xD0,
    0x01, 0xFC, 0x00, 0x00, 0x00, 0x7F, 0x40, 0x07, 0xF0, 0x00, 0x00, 0x01, 0xFD, 0x00, 0x1F, 0xC0,
    0x00, 0x00, 0x07, 0xF4, 0x00, 0x7F, 0x00, 0x00, 0x00, 0x1F, 0xD0, 0x01, 0xFF, 0xFF, 0xF9, 0x00,
    0x7F, 0x40, 0x07, 0xF0, 0x00, 0xBF, 0x01, 0xFD, 0x00, 0x1F, 0xC0, 0x00, 0xBF, 0x07, 0xF4, 0x00,
    0x7F, 0x00, 0x00, 0xFE, 0x1F, 0xD0, 0x01, 0xFC, 0x00, 0x03, 0xFC, 0x7F, 0x40, 0x07, 0xF0, 0x00,
    0x0F, 0xE1, 0xFD, 0x00, 0x1F, 0xC0, 0x00, 0x7F, 0x47, 0xF4, 0x00, 0x7F, 0x00, 0x02, 0xFC, 0x1F,
    0xD0, 0x01, 0xFC, 0x00, 0x2F, 0xC0, 0x7F, 0x40, 0xFF, 0xFF, 0xFF, 0xF4, 0x3F, 0xFF, 0xF0, 0x00,
    0x0B, 0x80, 0xF4, 0x00, 0x00, 0x1F, 0xD2, 0xFC, 0x00, 0x00, 0x1F, 0xD2, 0xFC, 0x00, 0x00, 0x0B,
    0x80, 0xF4, 0x00, 0x00, 0x00, 0x00, 0x00, 0x00, 0x00, 0x00, 0x00, 0x00, 0x00, 0x3F, 0xFC, 0x00,
    0x1F, 0xFF, 0x0B, 0xD0, 0x00, 0x03, 0xF4, 0x07, 0xD0, 0x00, 0x02, 0xF0, 0x07, 0xD0, 0x00, 0x02,
    0xF0, 0x07, 0xFF, 0xF9, 0x02, 0xF0, 0x07, 0xD0, 0x2F, 0x82, 0xF0, 0x07, 0xD0, 0x0F, 0xC2, 0xF0,
    0x07, 0xD0, 0x0F, 0xD2, 0xF0, 0x07, 0xD0, 0x0F, 0xC2, 0xF0, 0x0B, 0xE0, 0x7F, 0x82, 0xF0, 0x3F,
    0xFF, 0xF9, 0x1F, 0xFF, 0x3F, 0xFF, 0xF0, 0x7F, 0xFE, 0x00, 0xFF, 0x00, 0x0B, 0x40, 0x00, 0x7F,
    0xC0, 0x0E, 0x00, 0x00, 0x2F, 0xE0, 0x3C, 0x00, 0x00, 0x0F, 0xF0, 0xB0, 0x00, 0x00, 0x03, 0xFD,
    0xD0, 0x00, 0x00, 0x01, 0xFF, 0x80, 0x00, 0x00, 0x00, 0xBF, 0x40, 0x00, 0x00, 0x00, 0x3F, 0xC0,
    0x00, 0x00, 0x00, 0x7F, 0xF0, 0x00, 0x00, 0x00, 0xEB, 0xF8, 0x00, 0x00, 0x03, 0xC3, 0xFD, 0x00,
    0x00, 0x0B, 0x00, 0xFF, 0x00, 0x00, 0x1D, 0x00, 0x7F, 0x80, 0x00, 0x38, 0x00, 0x2F, 0xD0, 0x00,
    0xF0, 0x00, 0x0F, 0xF0, 0x3F, 0xFF, 0x00, 0x03, 0xF8, 0x00, 0x00, 0x00, 0x02, 0xFC, 0x00, 0x00,
    0x0B, 0xC1, 0xFC, 0x00, 0x00, 0x1F, 0xD1, 0xFC, 0x00, 0x00, 0x0F, 0xC3, 0xF4, 0x00, 0x00, 0x02,
    0xFF, 0x80, 0x7F, 0xF4, 0x2F, 0xF0, 0x1F, 0x80, 0x3C, 0x00, 0x1F, 0x82, 0xC0, 0x00, 0x2F, 0x6C,
    0x00, 0x00, 0x2F, 0xC0, 0x00, 0x00, 0x3F, 0x00, 0x00, 0x01, 0xFF, 0x00, 0x00, 0x1D, 0x3F, 0x00,
    0x01, 0xD0, 0x7E, 0x00, 0x1E, 0x00, 0x7E, 0x07, 0xFD, 0x00, 0xBD, 0x00, 0x00, 0x00, 0xFC, 0x00,
    0x00, 0x03, 0xF0, 0x00, 0x3D, 0x0F, 0x80, 0x00, 0xF4, 0x7C, 0x00, 0x01, 0xFF, 0x80, 0x3F, 0xFF,
    0xF0, 0x7F, 0xFE, 0x00, 0x3F, 0xC0, 0x02, 0xD0, 0x00, 0x03, 0xFC, 0x00, 0xD0, 0x00, 0x00, 0x7F,
    0x80, 0xE0, 0x00, 0x00, 0x0B, 0xF4, 0xF0, 0x00, 0x00, 0x00, 0xFF, 0xF0, 0x00, 0x00, 0x00, 0x0F,
    0xF4, 0x00, 0x00, 0x3F, 0xFF, 0xFF, 0xFF, 0xFC, 0x00, 0x00, 0x3F, 0xD0, 0x00, 0x00, 0x00, 0x2F,
    0xFC, 0x00, 0x00, 0x00, 0x1D, 0x7F, 0x80, 0x00, 0x00, 0x0E, 0x0B, 0xF4, 0x00, 0x00, 0x0B, 0x00,
    0xFF, 0x00, 0x00, 0x07, 0x40, 0x1F, 0xE0, 0x00, 0x03, 0x80, 0x02, 0xFD, 0x00, 0x03, 0xC0, 0x00,
    0x3F, 0xC0, 0x3F, 0xFF, 0x00, 0xBF, 0xFF, 0xC0, 0x7F, 0xF4, 0x2F, 0xF0, 0x1F, 0xC0, 0x38, 0x00,
    0x1F, 0x83, 0x80, 0x00, 0x0F, 0xF8, 0x00, 0x7F, 0xFF, 0xFF, 0xF8, 0x00, 0x3F, 0x40, 0x00, 0x02,
    0xFF, 0x40, 0x00, 0x2C, 0x3F, 0x00, 0x01, 0xD0, 0x3F, 0x00, 0x1E, 0x00, 0x7E, 0x07, 0xFD, 0x03,
    0xFF, 0x80, 0xBF, 0xFE, 0xBF, 0xFF, 0x6A, 0xAA, 0xBF, 0xFE, 0xBF, 0xFF, 0x6A, 0xAA, 0x55, 0x55,
    0x55, 0x52, 0xAA, 0xAA, 0xAA, 0x80, 0xFF, 0xFF, 0xFF, 0xF4, 0xFF, 0xFF, 0xFF, 0xFF, 0xFF, 0xFF,
    0xFF, 0x80, 0x20, 0x57, 0x0E, 0x70, 0xE7, 0x0E, 0x70, 0xE7, 0x0E, 0x70, 0xE7, 0x0E, 0x70, 0xE7,
    0x0E, 0x70, 0xE7, 0x0E, 0x70, 0xE7, 0x0E, 0x70, 0xE7, 0x0E, 0x70, 0xE7, 0x0E, 0x70, 0xE7, 0x0E,
    0x70, 0xE7, 0x0E, 0x70, 0xE7, 0x0E, 0x70, 0xE0, 0x00, 0x00, 0x01, 0xC0, 0xC0, 0xC0, 0x30, 0x19,
    0x47, 0xF8, 0xFF, 0x2F, 0x81, 0x40, 0x7D, 0x3F, 0xCF, 0xF1, 0xFD, 0x03, 0x00, 0xC0, 0x90, 0x70,
    0x20, 0x00, 0x3C, 0x3F, 0xCF, 0xF1, 0xFC, 0x03, 0x00, 0xC0, 0x90, 0xA0, 0x20, 0x00, 0x2E, 0x2F,
    0xCF, 0xF3, 0xB8, 0xC0, 0x24, 0x03, 0x00, 0x70, 0x05, 0x00, 0x00, 0x00, 0x00, 0x0A, 0x00, 0x34,
    0x18, 0x00, 0xA0, 0x30, 0x00, 0xC0, 0x60, 0x02, 0x40, 0xA5, 0x03, 0x50, 0xBF, 0x43, 0xFC, 0x7F,
    0x82, 0xFD, 0x3F, 0x40, 0xFC, 0x04, 0x00, 0x10, 0x04, 0x00, 0x10, 0x3F, 0x40, 0xFC, 0x3F, 0xC1,
    0xFE, 0x3F, 0xC0, 0xFF, 0x05, 0xC0, 0x27, 0x00, 0xC0, 0x06, 0x02, 0x80, 0x0D, 0x03, 0x00, 0x18,
    0x0C, 0x00, 0x70, 0x00, 0x00, 0x00, 0x1E, 0x00, 0xB8, 0x3F, 0x81, 0xFD, 0x3F, 0xC1, 0xFF, 0x1F,
    0xC0, 0xBB, 0x00, 0xC0, 0x02, 0x01, 0x80, 0x09, 0x03, 0x40, 0x0C, 0x0A, 0x00, 0x34, 0x08, 0x00,
    0x50, 0x0F, 0x40, 0x7C, 0x3F, 0xC0, 0xFF, 0x3F, 0xC1, 0xFF, 0x3F, 0x41, 0xFC, 0x30, 0x01, 0x80,
    0x30, 0x00, 0xC0, 0x18, 0x00, 0x90, 0x0A, 0x00, 0x34, 0x02, 0x00, 0x08, 0x00, 0xB4, 0x00, 0x03,
    0xE0, 0x00, 0x0F, 0x40, 0x00, 0x1C, 0x00, 0x3E, 0x72, 0xE1, 0xFF, 0xFF, 0xC3, 0xE3, 0x2E, 0x00,
    0x1C, 0x00, 0x00, 0xB4, 0x00, 0x03, 0xE0, 0x00, 0x0F, 0xC0, 0x00, 0x3F, 0x00, 0x00, 0xF8, 0x00,
    0x03, 0xE0, 0x00, 0x0F, 0x80, 0x00, 0x3E, 0x00, 0x00, 0xF8, 0x00, 0x02, 0xD0, 0x00, 0x0B, 0x40,
    0x00, 0x1C, 0x00, 0x00, 0x70, 0x00, 0x00, 0x80, 0x00, 0x00, 0xB4, 0x00, 0x03, 0xF0, 0x00, 0x0F,
    0x80, 0x00, 0x2C, 0x00, 0x3E, 0x72, 0xE1, 0xFF, 0xFF, 0xC3, 0xE7, 0x2E, 0x00, 0x2C, 0x00, 0x00,
    0xF8, 0x00, 0x03, 0xF0, 0x00, 0x0B, 0x40, 0x00, 0x2D, 0x00, 0x00, 0xFC, 0x00, 0x03, 0xE0, 0x00,
    0x0B, 0x00, 0x0F, 0x9C, 0xB8, 0x7F, 0xFF, 0xF0, 0xF9, 0xCB, 0x80, 0x0B, 0x00, 0x00, 0x3E, 0x00,
    0x00, 0xFC, 0x00, 0x02, 0xD0, 0x00, 0x01, 0xFF, 0x80, 0x0B, 0xFF, 0xF0, 0x2F, 0xFF, 0xFC, 0x3F,
    0xFF, 0xFD, 0x7F, 0xFF, 0xFE, 0x7F, 0xFF, 0xFE, 0x7F, 0xFF, 0xFE, 0x3F, 0xFF, 0xFD, 0x2F, 0xFF,
    0xFC, 0x0F, 0xFF, 0xF0, 0x01, 0xFF, 0x80, 0x3C, 0x00, 0x3C, 0x00, 0x3C, 0xFF, 0x00, 0xFF, 0x00,
    0xFE, 0xFF, 0x00, 0xFF, 0x00, 0xFF, 0x7C, 0x00, 0x7C, 0x00, 0x7C, 0x01, 0xFF, 0xFE, 0x0F, 0xFF,
    0xD0, 0x2F, 0xFF, 0xD0, 0x3F, 0xFF, 0xD0, 0x7F, 0xFF, 0xD0, 0x7F, 0xFF, 0xD0, 0x7F, 0xFF, 0xD0,
    0x3F, 0xFF, 0xD0, 0x1F, 0xFF, 0xD0, 0x07, 0xFF, 0xD0, 0x00, 0x7F, 0xD0, 0x00, 0x01, 0xD0, 0x00,
    0x00, 0xD0, 0x00, 0x00, 0xD0, 0x00, 0x00, 0xD0, 0x00, 0x00, 0xD0, 0x00, 0x00, 0xD0, 0x00, 0x00,
    0xD0, 0x00, 0x00, 0xD0, 0x00, 0x00, 0xD0, 0x00, 0x1F, 0xFE, 0x01, 0xA4, 0x00, 0x00, 0x18, 0x00,
    0x00, 0x00, 0x3D, 0x78, 0x00, 0x01, 0xE0, 0x00, 0x00, 0x03, 0xD0, 0x3E, 0x40, 0x7F, 0x00, 0x00,
    0x00, 0x0F, 0x00, 0xD6, 0xBA, 0xF0, 0x00, 0x00, 0x00, 0x7C, 0x02, 0x80, 0x0B, 0x40, 0x00, 0x00,
    0x01, 0xF0, 0x0A, 0x00, 0x78, 0x00, 0x00, 0x00, 0x07, 0xC0, 0x24, 0x03, 0xC0, 0x00, 0x00, 0x00,
    0x0F, 0x40, 0xD0, 0x3C, 0x00, 0x00, 0x00, 0x00, 0x2E, 0x07, 0x02, 0xD0, 0x00, 0x00, 0x00, 0x00,
    0x2E, 0xB0, 0x1E, 0x00, 0x00, 0x00, 0x00, 0x00, 0x04, 0x00, 0xF0, 0x06, 0x80, 0x01, 0xA4, 0x00,
    0x00, 0x0F, 0x01, 0xF5, 0xC0, 0x2E, 0x78, 0x00, 0x00, 0xB0, 0x0F, 0x01, 0xC1, 0xF0, 0x34, 0x00,
    0x07, 0x40, 0x7C, 0x03, 0x0F, 0x80, 0x60, 0x00, 0x78, 0x02, 0xF0, 0x0D, 0x3E, 0x01, 0xC0, 0x03,
    0xC0, 0x0B, 0xC0, 0x34, 0xF8, 0x07, 0x00, 0x3C, 0x00, 0x2F, 0x00, 0xC3, 0xE0, 0x1C, 0x02, 0xD0,
    0x00, 0x7C, 0x03, 0x0B, 0x80, 0xA0, 0x1E, 0x00, 0x00, 0xF4, 0x28, 0x0F, 0x03, 0x00, 0xF0, 0x00,
    0x00, 0xFB, 0xC0, 0x1F, 0xB4, 0x01, 0x00, 0x00, 0x00, 0x14, 0x00, 0x05, 0x00, 0x01, 0xA4, 0x00,
    0x00, 0x18, 0x00, 0x00, 0x00, 0x00, 0x00, 0x00, 0x3D, 0x78, 0x00, 0x01, 0xE0, 0x00, 0x00, 0x00,
    0x00, 0x00, 0x03, 0xD0, 0x3E, 0x40, 0x7F, 0x00, 0x00, 0x00, 0x00, 0x00, 0x00, 0x0F, 0x00, 0xD6,
    0xBA, 0xF0, 0x00, 0x00, 0x00, 0x00, 0x00, 0x00, 0x7C, 0x02, 0x80, 0x0B, 0x40, 0x00, 0x00, 0x00,
    0x00, 0x00, 0x01, 0xF0, 0x0A, 0x00, 0x78, 0x00, 0x00, 0x00, 0x00, 0x00, 0x00, 0x07, 0xC0, 0x24,
    0x03, 0xC0, 0x00, 0x00, 0x00, 0x00, 0x00, 0x00, 0x0F, 0x40, 0xD0, 0x3C, 0x00, 0x00, 0x00, 0x00,
    0x00, 0x00, 0x00, 0x2E, 0x07, 0x02, 0xD0, 0x00, 0x00, 0x00, 0x00, 0x00, 0x00, 0x00, 0x2E, 0xB0,
    0x1E, 0x00, 0x00, 0x00, 0x00, 0x00, 0x00, 0x00, 0x00, 0x04, 0x00, 0xF0, 0x06, 0x80, 0x00, 0x69,
    0x00, 0x01, 0xA0, 0x00, 0x00, 0x0F, 0x01, 0xF5, 0xC0, 0x0B, 0x9E, 0x00, 0x3D, 0x74, 0x00, 0x00,
    0xB0, 0x0F, 0x01, 0xC0, 0x7C, 0x0D, 0x03, 0xD0, 0x70, 0x00, 0x07, 0x40, 0x7C, 0x03, 0x03, 0xE0,
    0x28, 0x1F, 0x00, 0xC0, 0x00, 0x78, 0x02, 0xF0, 0x0D, 0x0F, 0x40, 0x70, 0x7C, 0x03, 0x40, 0x03,
    0xC0, 0x0B, 0xC0, 0x34, 0x3D, 0x01, 0xC2, 0xF0, 0x0D, 0x00, 0x3C, 0x00, 0x2F, 0x00, 0xC0, 0xF8,
    0x07, 0x07, 0xC0, 0x34, 0x02, 0xD0, 0x00, 0x7C, 0x03, 0x02, 0xE0, 0x28, 0x0F, 0x00, 0xC0, 0x1E,
    0x00, 0x00, 0xF4, 0x28, 0x07, 0xC0, 0xC0, 0x2D, 0x0A, 0x00, 0xF0, 0x00, 0x00, 0xFB, 0xC0, 0x07,
    0xED, 0x00, 0x2E, 0xF0, 0x01, 0x00, 0x00, 0x00, 0x14, 0x00, 0x01, 0x40, 0x00, 0x05, 0x00, 0x00,
    0x14, 0x00, 0xC0, 0x0E, 0x00, 0xB0, 0x0B, 0x40, 0xF8, 0x07, 0xD0, 0x03, 0xD0, 0x03, 0xC0, 0x03,
    0x80, 0x07, 0x00, 0x09, 0x80, 0x02, 0x80, 0x03, 0x40, 0x07, 0x40, 0x0F, 0x40, 0x0F, 0x80, 0x2F,
    0x02, 0xE0, 0x1E, 0x00, 0xE0, 0x07, 0x00, 0x20, 0x00, 0x00, 0x00, 0x00, 0x03, 0x40, 0xF4, 0x0D,
    0x3D, 0x1F, 0xC3, 0xE0, 0xF4, 0xF4, 0xFE, 0x03, 0xD0, 0x3F, 0x00, 0x0F, 0x4F, 0x80, 0x3D, 0x3F,
    0xD3, 0xD7, 0xF0, 0xF8, 0x7E, 0x3D, 0x3F, 0xD3, 0xD0, 0x0F, 0x4F, 0x40, 0x03, 0xFF, 0x7D, 0x00,
    0xFE, 0xFC, 0xF4, 0x3F, 0x4F, 0x43, 0xD1, 0xE0, 0x00, 0x04, 0x0C, 0x00, 0x00, 0x00, 0x00, 0x00,
    0x00, 0x00, 0x24, 0x00, 0x03, 0xF8, 0x00, 0x6F, 0xF4, 0x0B, 0x7F, 0xFD, 0x7E, 0xFE, 0xFD, 0xFB,
    0xFB, 0xF1, 0x8B, 0xFF, 0x40, 0x1F, 0xE0, 0x00, 0x7D, 0x00, 0x00, 0xF0, 0x00, 0x03, 0x80, 0x00,
    0x0D, 0x00, 0x00, 0x10, 0x00, 0x01, 0xF0, 0x00, 0x0F, 0xE0, 0x00, 0x3F, 0x80, 0x00, 0x7C, 0x00,
    0x00, 0x00, 0x02, 0x40, 0x00, 0x97, 0x00, 0x07, 0x0B, 0x40, 0xB4, 0x06, 0xFE, 0x40, 0x0B, 0xFF,
    0xE4, 0x1E, 0x00, 0x07, 0x8D, 0x00, 0x00, 0x30, 0x00, 0x00, 0x05, 0x00, 0x00, 0x0E, 0x00, 0x00,
    0x1E, 0x00, 0x00, 0x3E, 0x00, 0x00, 0x7E, 0x00, 0x00, 0xBD, 0x00, 0x00, 0xFC, 0x00, 0x01, 0xFC,
    0x00, 0x03, 0xF4, 0x00, 0x07, 0xF0, 0x00, 0x0B, 0xE0, 0x00, 0x0F, 0xC0, 0x00, 0x2F, 0x80, 0x00,
    0x3F, 0x40, 0x00, 0x7F, 0x00, 0x00, 0xFD, 0x00, 0x00, 0xFC, 0x00, 0x02, 0xF8, 0x00, 0x03, 0xF0,
    0x00, 0x07, 0xF0, 0x00, 0x0F, 0xD0, 0x00, 0x1F, 0xC0, 0x00, 0x2F, 0x80, 0x00, 0x3F, 0x00, 0x00,
    0x3F, 0x00, 0x00, 0x3D, 0x00, 0x00, 0x7C, 0x00, 0x00, 0x78, 0x00, 0x00, 0x70, 0x00, 0x00, 0x00,
    0x00, 0x00, 0x02, 0xFD, 0x1F, 0xD0, 0x3F, 0x00, 0x3E, 0x00, 0x7E, 0x00, 0x7E, 0x00, 0x7E, 0x00,
    0x7E, 0x00, 0x7E, 0x00, 0x3E, 0x00, 0x3F, 0x00, 0x1F, 0xD0, 0x03, 0xFD, 0x1F, 0xD0, 0x3F, 0x00,
    0x3E, 0x00, 0x7E, 0x00, 0x7E, 0x00, 0x7E, 0x00, 0x7E, 0x00, 0x7E, 0x00, 0x3E, 0x00, 0x3F, 0x00,
    0x1F, 0xD0, 0x02, 0xFD, 0x00, 0x00, 0x3F, 0x90, 0x02, 0xFC, 0x00, 0xBD, 0x00, 0x7E, 0x00, 0x7E,
    0x00, 0x7E, 0x00, 0x7E, 0x00, 0x7E, 0x00, 0x7E, 0x00, 0x7E, 0x00, 0xBD, 0x02, 0xF8, 0x3F, 0xD0,
    0x02, 0xF8, 0x00, 0xBD, 0x00, 0x7E, 0x00, 0x7E, 0x00, 0x7E, 0x00, 0x7E, 0x00, 0x7E, 0x00, 0x7E,
    0x00, 0x7E, 0x00, 0xBD, 0x01, 0xFC, 0x3F, 0x90, 0x07, 0xD0, 0x05, 0x0F, 0xF0, 0x0E, 0x0F, 0xF0,
    0x2E, 0x0F, 0xF0, 0x7E, 0x07, 0xD0, 0xFD, 0x00, 0x01, 0xFC, 0x00, 0x03, 0xF4, 0x00, 0x0B, 0xF0,
    0x00, 0x0F, 0xD0, 0x00, 0x2F, 0xC0, 0x00, 0x3F, 0x00, 0x00, 0xFE, 0x00, 0x01, 0xFC, 0x00, 0x03,
    0xFB, 0xE0, 0x07, 0xFF, 0xF4, 0x0F, 0xDF, 0xF8, 0x2F, 0xCB, 0xF4, 0x3F, 0x43, 0xE0, 0x1F, 0x00,
    0x00, 0x0C, 0x00, 0x00, 0x04, 0x00, 0x00, 0x00, 0x00, 0x00, 0x02, 0xFE, 0x00, 0x74, 0x0B, 0x07,
    0x00, 0x07, 0x20, 0x00, 0x05, 0x00, 0x00, 0x00, 0x00, 0x00, 0x0D, 0x00, 0x00, 0x00, 0x1B, 0xFF,
    0x81, 0xC0, 0x0B, 0xE4, 0xD1, 0xFF, 0x00, 0xFD, 0x03, 0x40, 0xFC, 0x0F, 0xD0, 0x0D, 0x00, 0xF0,
    0xBF, 0x00, 0x34, 0x02, 0xC3, 0xF8, 0x00, 0xD0, 0x03, 0x1F, 0xD0, 0x03, 0x40, 0x00, 0x7F, 0x40,
    0x0D, 0x00, 0x01, 0xFD, 0x00, 0x34, 0x00, 0x07, 0xF4, 0x00, 0xD0, 0x00, 0x0F, 0xE0, 0x03, 0x40,
    0x0C, 0x2F, 0xC0, 0x0D, 0x00, 0x30, 0x3F, 0x40, 0x34, 0x02, 0xC0, 0xBF, 0x40, 0xD0, 0x2D, 0x00,
    0xBF, 0xD3, 0x47, 0xE0, 0x00, 0x7F, 0xFF, 0xFE, 0x00, 0x00, 0x1B, 0xFF, 0x80, 0x00, 0x00, 0x00,
    0xD0, 0x00, 0x00, 0x00, 0x00, 0xBF, 0x90, 0x00, 0x00, 0xF4, 0x1D, 0x00, 0x00, 0xFC, 0x00, 0xC0,
    0x00, 0x3E, 0x00, 0xF8, 0x00, 0x1F, 0x40, 0x7E, 0x00, 0x07, 0xD0, 0x0F, 0x40, 0x01, 0xF4, 0x00,
    0x00, 0x00, 0x7D, 0x00, 0x00, 0x01, 0xFF, 0xFC, 0x00, 0x00, 0x07, 0xD0, 0x00, 0x00, 0x01, 0xF4,
    0x00, 0x00, 0x00, 0x7D, 0x00, 0x00, 0x01, 0xFF, 0xFC, 0x00, 0x00, 0x07, 0xD0, 0x00, 0x00, 0x01,
    0xF4, 0x00, 0x00, 0x00, 0x7E, 0x40, 0x05, 0x2F, 0xFF, 0xFE, 0x07, 0x4F, 0xF8, 0x1B, 0xFE, 0x40,
    0x00, 0x00, 0x00, 0x00, 0x00, 0x00, 0x00, 0x00, 0x00, 0x00, 0xBF, 0xFD, 0x00, 0x0F, 0xFF, 0xC0,
    0x0F, 0xFC, 0x00, 0x01, 0xD0, 0x00, 0x3B, 0xFC, 0x00, 0x03, 0x00, 0x00, 0xD7, 0xFC, 0x00, 0x0C,
    0x00, 0x03, 0x4B, 0xF8, 0x00, 0x30, 0x01, 0x5E, 0x5F, 0xF9, 0x56, 0xE5, 0x45, 0x79, 0x5F, 0xF9,
    0x5B, 0x95, 0x00, 0xD0, 0x0F, 0xF0, 0x0C, 0x00, 0x03, 0x40, 0x0F, 0xF0, 0x30, 0x00, 0x0D, 0x00,
    0x1F, 0xF0, 0xC0, 0x00, 0x34, 0x00, 0x1F, 0xE3, 0x00, 0x7F, 0xFF, 0xFF, 0xFF, 0xFF, 0xF8, 0x03,
    0x40, 0x00, 0x2F, 0xF0, 0x00, 0x0D, 0x00, 0x00, 0x3F, 0xC0, 0x00, 0x34, 0x00, 0x00, 0x3F, 0x00,
    0x01, 0xE0, 0x00, 0x00, 0x3C, 0x00, 0xBF, 0xFC, 0x00, 0x00, 0x70, 0x00, 0x7F, 0xFF, 0xC3, 0xFF,
    0xFC, 0x03, 0xFB, 0xC0, 0x3F, 0x80, 0x02, 0xFC, 0x00, 0x02, 0x40, 0x02, 0xFC, 0x00, 0x1F, 0xE0,
    0x00, 0x30, 0x00, 0x0F, 0xE0, 0x00, 0xFF, 0x00, 0x06, 0x00, 0x00, 0xBF, 0x00, 0x0F, 0xF4, 0x00,
    0xD0, 0x00, 0xFF, 0xFF, 0xFF, 0xFF, 0xFF, 0xFF, 0xE0, 0x00, 0x3F, 0x80, 0x32, 0xFC, 0x02, 0x80,
    0x00, 0x02, 0xFC, 0x07, 0x0F, 0xD0, 0x34, 0x00, 0x00, 0x1F, 0xD0, 0xE0, 0xFF, 0x07, 0x00, 0x00,
    0x00, 0xFF, 0x0C, 0x07, 0xF0, 0xA0, 0x00, 0x00, 0x0B, 0xF1, 0xC0, 0x3F, 0x8D, 0x00, 0x00, 0xFF,
    0xFF, 0xFF, 0xFF, 0xFF, 0xFF, 0xE0, 0x00, 0x03, 0xFF, 0x00, 0x1F, 0xF4, 0x00, 0x00, 0x00, 0x1F,
    0xE0, 0x00, 0xFF, 0x00, 0x00, 0x00, 0x00, 0xFC, 0x00, 0x0B, 0xE0, 0x00, 0x00, 0x00, 0x0B, 0x80,
    0x00, 0x3C, 0x00, 0x00, 0x00, 0x00, 0x34, 0x00, 0x03, 0xC0, 0x00, 0x00, 0x00, 0x00, 0x06, 0xD0,
    0x00, 0x00, 0x3F, 0xD0, 0x00, 0x00, 0x07, 0xD0, 0x00, 0x3F, 0xFF, 0xF8, 0x00, 0x00, 0x07, 0xD0,
    0x00, 0x00, 0x07, 0xD0, 0x00, 0xBF, 0xD7, 0xD0, 0x07, 0xE0, 0x2F, 0xD0, 0x1F, 0x80, 0x0B, 0xD0,
    0x3F, 0x40, 0x0B, 0xD0, 0x3F, 0x00, 0x0B, 0xD0, 0x3F, 0x00, 0x0B, 0xD0, 0x3F, 0x00, 0x0B, 0xD0,
    0x1F, 0x80, 0x0B, 0xD0, 0x0B, 0xD0, 0x2F, 0xD0, 0x00, 0xBF, 0xDB, 0xFC, 0x00, 0x00, 0x00, 0x00,
    0x00, 0x00, 0x00, 0x00, 0x0F, 0xFF, 0xFF, 0xFC, 0x00, 0x00, 0x00, 0x00, 0x00, 0x00, 0x06, 0xFF,
    0x80, 0x00, 0x00, 0x2F, 0xFF, 0xF8, 0x00, 0x00, 0xFF, 0xFF, 0xFE, 0x00, 0x03, 0xFE, 0x00, 0xBD,
    0x00, 0x0B, 0xF0, 0x00, 0x08, 0x00, 0x0F, 0xC0, 0x00, 0x00, 0x7F, 0xFF, 0xFF, 0xFF, 0xF0, 0x00,
    0x2F, 0x40, 0x00, 0x00, 0x00, 0x2F, 0x40, 0x00, 0x00, 0x00, 0x2F, 0x40, 0x00, 0x00, 0x7F, 0xFF,
    0xFF, 0xFF, 0x40, 0x00, 0x0F, 0xD0, 0x00, 0x00, 0x00, 0x07, 0xFD, 0x00, 0x1A, 0x00, 0x02, 0xFF,
    0xFF, 0xFF, 0x00, 0x00, 0x7F, 0xFF, 0xFD, 0x00, 0x00, 0x06, 0xFF, 0x90, 0x00, 0x00, 0x0D, 0x00,
    0x00, 0x00, 0x01, 0xBF, 0xF8, 0x1C, 0x00, 0x0B, 0xF4, 0xD1, 0xEF, 0x00, 0x0F, 0xD0, 0x34, 0x0F,
    0xC0, 0x0F, 0xE0, 0x0D, 0x00, 0xF0, 0x07, 0xF0, 0x03, 0x40, 0x2C, 0x03, 0xF8, 0x00, 0xD0, 0x03,
    0x00, 0xFE, 0x00, 0x34, 0x00, 0x00, 0x7F, 0x40, 0x0D, 0x00, 0x00, 0x1F, 0xD0, 0x03, 0x40, 0x00,
    0x07, 0xF4, 0x00, 0xD0, 0x00, 0x00, 0xFE, 0x00, 0x3F, 0xFF, 0xFC, 0x3F, 0xC0, 0x0F, 0xFF, 0xFF,
    0x07, 0xF8, 0x03, 0x41, 0xFC, 0x00, 0xBF, 0x40, 0xD0, 0x7F, 0x00, 0x0B, 0xFD, 0x34, 0x7F, 0xC0,
    0x00, 0x7F, 0xFF, 0xF8, 0xF0, 0x00, 0x01, 0xBF, 0xF4, 0x04, 0x00, 0x00, 0x00, 0xD0, 0x00, 0x00,
    0x00, 0x00, 0x01, 0x40, 0x00, 0x00, 0x00, 0x00, 0x2F, 0x00, 0x00, 0x00, 0x00, 0x00, 0xFF, 0x00,
    0x00, 0x00, 0x00, 0x0B, 0xFD, 0x00, 0x00, 0x00, 0x00, 0x77, 0xFC, 0x00, 0x00, 0x00, 0x03, 0x8B,
    0xF8, 0x00, 0x00, 0x00, 0x2C, 0x0F, 0xF0, 0x00, 0x00, 0x00, 0xD0, 0x1F, 0xF0, 0x00, 0x00, 0x0B,
    0x00, 0x3F, 0xD0, 0x00, 0x00, 0x70, 0x00, 0x3F, 0xC0, 0x00, 0x03, 0x80, 0x00, 0xBF, 0x80, 0x00,
    0x2C, 0x00, 0x00, 0xFF, 0x00, 0x00, 0xD0, 0x00, 0x01, 0xFF, 0x00, 0x0B, 0x00, 0x00, 0x03, 0xFD,
    0x00, 0x74, 0x00, 0x00, 0x03, 0xFC, 0x03, 0xFF, 0xFF, 0xFF, 0xFF, 0xF8, 0x2F, 0xFF, 0xFF, 0xFF,
    0xFF, 0xF0, 0xFF, 0xFF, 0xFF, 0xFF, 0xFF, 0xE0, 0x00, 0x00, 0x00, 0x00, 0x00, 0x00, 0x04, 0x00,
    0x00, 0x00, 0x14, 0x00, 0x00, 0x00, 0x28, 0x00, 0x00, 0x00, 0x3C, 0x00, 0x00, 0x00, 0x3F, 0xFC,
    0x00, 0x00, 0x7E, 0x00, 0x00, 0x00, 0xFD, 0x00, 0x00, 0x00, 0xFC, 0x00, 0x00, 0x01, 0xF8, 0x00,
    0x00, 0x02, 0xF4, 0x00, 0x00, 0x03, 0xF0, 0x00, 0x00, 0x07, 0xF0, 0x00, 0x00, 0x0B, 0xD0, 0x00,
    0x00, 0x0F, 0xC0, 0x00, 0x00, 0x8F, 0xC0, 0x00, 0x02, 0xDF, 0x80, 0x00, 0x07, 0xDF, 0x00, 0x00,
    0x0F, 0xEF, 0x00, 0x00, 0x37, 0xFE, 0x00, 0x00, 0x22, 0xFD, 0x00, 0x00, 0x01, 0xFC, 0x00, 0x00,
    0x00, 0xF8, 0x00, 0x00, 0x00, 0xF4, 0x00, 0x00, 0x00, 0xB0, 0x00, 0x00, 0x00, 0x00, 0x00, 0x00,
};

static const EpdGlyph cmu_12_boldGlyphs[] = {
    { 0, 0, 8, 0, 0, 0, 0 }, // 
    { 0, 0, 10, 0, 0, 0, 0 }, //  
    { 5, 18, 9, 2, 18, 23, 0 }, // !
    { 9, 10, 14, 3, 18, 23, 23 }, // "
    { 22, 22, 24, 1, 17, 121, 46 }, // #
    { 12, 19, 14, 1, 18, 57, 167 }, // $
    { 22, 20, 24, 1, 19, 110, 224 }, // %
    { 20, 18, 22, 1, 18, 90, 334 }, // &
    { 4, 10, 8, 2, 18, 10, 424 }, // '
    { 8, 26, 11, 2, 19, 52, 434 }, // (
    { 8, 26, 11, 1, 19, 52, 486 }, // )
    { 12, 12, 14, 1, 19, 36, 538 }, // *
    { 20, 20, 22, 1, 16, 100, 574 }, // +
    { 5, 9, 8, 2, 4, 12, 674 }, // ,
    { 8, 2, 10, 0, 6, 4, 686 }, // -
    { 4, 4, 8, 2, 4, 4, 690 }, // .
    { 12, 26, 14, 1, 19, 78, 694 }, // /
    { 13, 16, 14, 1, 16, 52, 772 }, // 0
    { 11, 17, 14, 2, 16, 47, 824 }, // 1
    { 12, 16, 14, 1, 16, 48, 871 }, // 2
    { 13, 16, 14, 1, 16, 52, 919 }, // 3
    { 14, 17, 14, 0, 16, 60, 971 }, // 4
    { 12, 16, 14, 1, 16, 48, 1031 }, // 5
    { 13, 16, 14, 1, 16, 52, 1079 }, // 6
    { 13, 17, 14, 1, 17, 56, 1131 }, // 7
    { 13, 16, 14, 1, 16, 52, 1187 }, // 8
    { 13, 16, 14, 1, 16, 52, 1239 }, // 9
    { 4, 11, 8, 2, 11, 11, 1291 }, // :
    { 5, 16, 8, 2, 11, 20, 1302 }, // ;
    { 18, 17, 22, 2, 15, 77, 1322 }, // <
    { 20, 7, 22, 1, 10, 35, 1399 }, // =
    { 18, 17, 22, 2, 15, 77, 1434 }, // >
    { 11, 18, 14, 1, 18, 50, 1511 }, // ?
    { 20, 18, 22, 1, 18, 90, 1561 }, // @
    { 20, 17, 22, 1, 17, 85, 1651 }, // A
    { 19, 17, 20, 0, 17, 81, 1736 }, // B
    { 19, 17, 21, 1, 17, 81, 1817 }, // C
    { 21, 17, 22, 0, 17, 90, 1898 }, // D
    { 19, 17, 19, 0, 17, 81, 1988 }, // E
    { 17, 17, 18, 0, 17, 73, 2069 }, // F
    { 21, 17, 23, 1, 17, 90, 2142 }, // G
    { 22, 17, 23, 0, 17, 94, 2232 }, // H
    { 11, 18, 11, 0, 18, 50, 2326 }, // I
    { 14, 18, 15, 0, 18, 63, 2376 }, // J
    { 22, 17, 23, 0, 17, 94, 2439 }, // K
    { 17, 18, 17, 0, 18, 77, 2533 }, // L
    { 26, 17, 27, 1, 17, 111, 2610 }, // M
    { 22, 17, 23, 0, 17, 94, 2721 }, // N
    { 19, 17, 22, 1, 17, 81, 2815 }, // O
    { 19, 17, 20, 0, 17, 81, 2896 }, // P
    { 20, 22, 22, 1, 17, 110, 2977 }, // Q
    { 22, 17, 22, 0, 17, 94, 3087 }, // R
    { 14, 17, 16, 1, 17, 60, 3181 }, // S
    { 18, 18, 20, 1, 17, 81, 3241 }, // T
    { 22, 17, 22, 0, 17, 94, 3322 }, // U
    { 22, 17, 22, 0, 17, 94, 3416 }, // V
    { 30, 17, 30, 0, 17, 128, 3510 }, // W
    { 21, 17, 22, 0, 17, 90, 3638 }, // X
    { 22, 18, 22, 0, 17, 99, 3728 }, // Y
    { 16, 17, 18, 1, 17, 68, 3827 }, // Z
    { 6, 25, 8, 2, 19, 38, 3895 }, // [
    { 12, 26, 14, 1, 19, 78, 3933 }, // <backslash>
    { 6, 25, 8, 0, 19, 38, 4011 }, // ]
    { 12, 4, 18, 3, 16, 12, 4049 }, // ^
    { 18, 1, 22, 2, -7, 5, 4061 }, // _
    { 7, 5, 14, 2, 17, 9, 4066 }, // `
    { 14, 11, 14, 0, 11, 39, 4075 }, // a
    { 15, 17, 16, 0, 17, 64, 4114 }, // b
    { 12, 11, 13, 0, 11, 33, 4178 }, // c
    { 16, 17, 16, 0, 17, 68, 4211 }, // d
    { 13, 11, 13, 0, 11, 36, 4279 }, // e
    { 10, 19, 9, 1, 18, 48, 4315 }, // f
    { 14, 16, 14, 0, 11, 56, 4363 }, // g
    { 15, 17, 16, 1, 17, 64, 4419 }, // h
    { 7, 17, 8, 1, 17, 30, 4483 }, // i
    { 9, 22, 9, -2, 17, 50, 4513 }, // j
    { 15, 17, 15, 0, 17, 64, 4563 }, // k
    { 7, 17, 8, 1, 17, 30, 4627 }, // l
    { 23, 11, 24, 1, 11, 64, 4657 }, // m
    { 15, 11, 16, 1, 11, 42, 4721 }, // n
    { 14, 11, 14, 0, 11, 39, 4763 }, // o
    { 15, 16, 16, 0, 11, 60, 4802 }, // p
    { 16, 16, 15, 0, 11, 64, 4862 }, // q
    { 12, 11, 12, 0, 11, 33, 4926 }, // r
    { 11, 11, 11, 0, 11, 31, 4959 }, // s
    { 10, 15, 11, 0, 15, 38, 4990 }, // t
    { 15, 11, 16, 1, 11, 42, 5028 }, // u
    { 15, 11, 15, 0, 11, 42, 5070 }, // v
    { 21, 11, 21, 0, 11, 58, 5112 }, // w
    { 15, 11, 15, 0, 11, 42, 5170 }, // x
    { 15, 16, 15, 0, 11, 60, 5212 }, // y
    { 12, 11, 13, 0, 11, 33, 5272 }, // z
    { 12, 26, 14, 1, 20, 78, 5305 }, // {
    { 2, 26, 8, 3, 19, 13, 5383 }, // |
    { 12, 24, 14, 1, 19, 72, 5396 }, // }
    { 14, 3, 18, 2, 17, 11, 5468 }, // ~
    { 0, 0, 10, 0, 0, 0, 5479 }, //  
    { 5, 19, 9, 2, 13, 24, 5479 }, // ¡
    { 14, 15, 14, 0, 13, 53, 5503 }, // ¢
    { 17, 19, 18, 1, 18, 81, 5556 }, // £
    { 22, 18, 22, 0, 17, 99, 5637 }, // ¥
    { 11, 23, 13, 1, 18, 64, 5736 }, // §
    { 10, 4, 14, 2, 17, 10, 5800 }, // ¨
    { 30, 26, 32, 1, 19, 195, 5810 }, // ©
    { 13, 12, 13, 0, 19, 39, 6005 }, // ª
    { 12, 12, 16, 3, 12, 36, 6044 }, // «
    { 17, 8, 19, 1, 10, 34, 6080 }, // ¬
    { 8, 3, 10, 0, 7, 6, 6114 }, // ­
    { 30, 26, 32, 1, 19, 195, 6120 }, // ®
    { 11, 1, 14, 2, 17, 3, 6315 }, // ¯
    { 7, 6, 10, 1, 17, 11, 6318 }, // °
    { 20, 19, 22, 1, 18, 95, 6329 }, // ±
    { 6, 5, 14, 6, 17, 8, 6424 }, // ´
    { 15, 16, 16, 1, 11, 60, 6432 }, // µ
    { 16, 22, 18, 1, 17, 88, 6492 }, // ¶
    { 5, 4, 7, 1, 8, 5, 6580 }, // ·
    { 9, 5, 13, 2, 0, 12, 6585 }, // ¸
    { 12, 12, 13, 0, 19, 36, 6597 }, // º
    { 12, 12, 16, 1, 12, 36, 6633 }, // »
    { 11, 18, 14, 1, 13, 50, 6669 }, // ¿
    { 20, 22, 22, 1, 22, 110, 6719 }, // À
    { 20, 22, 22, 1, 22, 110, 6829 }, // Á
    { 20, 23, 22, 1, 23, 115, 6939 }, // Â
    { 20, 23, 22, 1, 23, 115, 7054 }, // Ã
    { 20, 22, 22, 1, 22, 110, 7169 }, // Ä
    { 20, 23, 22, 1, 23, 115, 7279 }, // Å
    { 25, 17, 26, 1, 17, 107, 7394 }, // Æ
    { 19, 22, 21, 1, 17, 105, 7501 }, // Ç
    { 19, 22, 19, 0, 22, 105, 7606 }, // È
    { 19, 22, 19, 0, 22, 105, 7711 }, // É
    { 19, 23, 19, 0, 23, 110, 7816 }, // Ê
    { 19, 22, 19, 0, 22, 105, 7926 }, // Ë
    { 11, 22, 11, 0, 22, 61, 8031 }, // Ì
    { 11, 22, 11, 0, 22, 61, 8092 }, // Í
    { 11, 23, 11, 0, 23, 64, 8153 }, // Î
    { 11, 22, 11, 0, 22, 61, 8217 }, // Ï
    { 21, 17, 22, 0, 17, 90, 8278 }, // Ð
    { 22, 23, 23, 0, 23, 127, 8368 }, // Ñ
    { 19, 22, 22, 1, 22, 105, 8495 }, // Ò
    { 19, 22, 22, 1, 22, 105, 8600 }, // Ó
    { 19, 23, 22, 1, 23, 110, 8705 }, // Ô
    { 19, 23, 22, 1, 23, 110, 8815 }, // Õ
    { 19, 22, 22, 1, 22, 105, 8925 }, // Ö
    { 20, 21, 22, 1, 19, 105, 9030 }, // Ø
    { 22, 22, 22, 0, 22, 121, 9135 }, // Ù
    { 22, 22, 22, 0, 22, 121, 9256 }, // Ú
    { 22, 23, 22, 0, 23, 127, 9377 }, // Û
    { 22, 22, 22, 0, 22, 121, 9504 }, // Ü
    { 22, 23, 22, 0, 22, 127, 9625 }, // Ý
    { 17, 18, 18, 0, 18, 77, 9752 }, // Þ
    { 14, 18, 15, 0, 18, 63, 9829 }, // ß
    { 14, 17, 14, 0, 17, 60, 9892 }, // à
    { 14, 17, 14, 0, 17, 60, 9952 }, // á
    { 14, 17, 14, 0, 17, 60, 10012 }, // â
    { 14, 16, 14, 0, 16, 56, 10072 }, // ã
    { 14, 17, 14, 0, 17, 60, 10128 }, // ä
    { 14, 17, 14, 0, 17, 60, 10188 }, // å
    { 20, 11, 21, 0, 11, 55, 10248 }, // æ
    { 12, 16, 13, 0, 11, 48, 10303 }, // ç
    { 13, 17, 13, 0, 17, 56, 10351 }, // è
    { 13, 17, 13, 0, 17, 56, 10407 }, // é
    { 13, 17, 13, 0, 17, 56, 10463 }, // ê
    { 13, 17, 13, 0, 17, 56, 10519 }, // ë
    { 9, 17, 8, -1, 17, 39, 10575 }, // ì
    { 7, 17, 8, 1, 17, 30, 10614 }, // í
    { 9, 17, 8, 0, 17, 39, 10644 }, // î
    { 10, 17, 10, 0, 17, 43, 10683 }, // ï
    { 14, 17, 14, 0, 17, 60, 10726 }, // ð
    { 15, 16, 16, 1, 16, 60, 10786 }, // ñ
    { 14, 17, 14, 0, 17, 60, 10846 }, // ò
    { 14, 17, 14, 0, 17, 60, 10906 }, // ó
    { 14, 17, 14, 0, 17, 60, 10966 }, // ô
    { 14, 16, 14, 0, 16, 56, 11026 }, // õ
    { 14, 17, 14, 0, 17, 60, 11082 }, // ö
    { 20, 17, 22, 1, 15, 85, 11142 }, // ÷
    { 14, 17, 14, 0, 14, 60, 11227 }, // ø
    { 15, 18, 16, 1, 17, 68, 11287 }, // ù
    { 15, 18, 16, 1, 17, 68, 11355 }, // ú
    { 15, 18, 16, 1, 17, 68, 11423 }, // û
    { 15, 18, 16, 1, 17, 68, 11491 }, // ü
    { 15, 22, 15, 0, 17, 83, 11559 }, // ý
    { 15, 23, 16, 0, 18, 87, 11642 }, // þ
    { 15, 22, 15, 0, 17, 83, 11729 }, // ÿ
    { 20, 21, 22, 1, 21, 105, 11812 }, // Ā
    { 14, 15, 14, 0, 15, 53, 11917 }, // ā
    { 20, 22, 22, 1, 22, 110, 11970 }, // Ă
    { 14, 15, 14, 0, 15, 53, 12080 }, // ă
    { 20, 22, 22, 1, 17, 110, 12133 }, // Ą
    { 14, 16, 14, 0, 11, 56, 12243 }, // ą
    { 19, 22, 21, 1, 22, 105, 12299 }, // Ć
    { 12, 17, 13, 0, 17, 51, 12404 }, // ć
    { 19, 23, 21, 1, 23, 110, 12455 }, // Ĉ
    { 12, 17, 13, 0, 17, 51, 12565 }, // ĉ
    { 19, 23, 21, 1, 23, 110, 12616 }, // Ċ
    { 12, 17, 13, 0, 17, 51, 12726 }, // ċ
    { 19, 23, 21, 1, 23, 110, 12777 }, // Č
    { 12, 17, 13, 0, 17, 51, 12887 }, // č
    { 21, 23, 22, 0, 23, 121, 12938 }, // Ď
    { 19, 19, 20, 0, 19, 91, 13059 }, // ď
    { 21, 17, 22, 0, 17, 90, 13150 }, // Đ
    { 16, 17, 16, 0, 17, 68, 13240 }, // đ
    { 19, 21, 19, 0, 21, 100, 13308 }, // Ē
    { 13, 15, 13, 0, 15, 49, 13408 }, // ē
    { 19, 23, 19, 0, 23, 110, 13457 }, // Ė
    { 13, 17, 13, 0, 17, 56, 13567 }, // ė
    { 19, 22, 19, 0, 17, 105, 13623 }, // Ę
    { 13, 16, 13, 0, 11, 52, 13728 }, // ę
    { 19, 23, 19, 0, 23, 110, 13780 }, // Ě
    { 13, 17, 13, 0, 17, 56, 13890 }, // ě
    { 21, 23, 23, 1, 23, 121, 13946 }, // Ĝ
    { 14, 22, 14, 0, 17, 77, 14067 }, // ĝ
    { 21, 22, 23, 1, 22, 116, 14144 }, // Ğ
    { 14, 20, 14, 0, 15, 70, 14260 }, // ğ
    { 21, 23, 23, 1, 23, 121, 14330 }, // Ġ
    { 14, 22, 14, 0, 17, 77, 14451 }, // ġ
    { 22, 23, 23, 0, 23, 127, 14528 }, // Ĥ
    { 15, 23, 16, 1, 23, 87, 14655 }, // ĥ
    { 17, 18, 17, 0, 17, 77, 14742 }, // ħ
    { 11, 20, 11, 0, 20, 55, 14819 }, // Ī
    { 11, 15, 8, -1, 15, 42, 14874 }, // ī
    { 11, 24, 11, 0, 24, 66, 14916 }, // İ
    { 7, 11, 8, 1, 11, 20, 14982 }, // ı
    { 14, 23, 15, 0, 23, 81, 15002 }, // Ĵ
    { 12, 22, 9, -2, 17, 66, 15083 }, // ĵ
    { 17, 22, 17, 0, 22, 94, 15149 }, // Ĺ
    { 8, 22, 8, 1, 22, 44, 15243 }, // ĺ
    { 17, 21, 17, 0, 21, 90, 15287 }, // Ľ
    { 11, 19, 13, 1, 19, 53, 15377 }, // ľ
    { 17, 18, 17, 0, 18, 77, 15430 }, // Ł
    { 8, 18, 10, 1, 17, 36, 15507 }, // ł
    { 22, 22, 23, 0, 22, 121, 15543 }, // Ń
    { 15, 17, 16, 1, 17, 64, 15664 }, // ń
    { 22, 23, 23, 0, 23, 127, 15728 }, // Ň
    { 15, 17, 16, 1, 17, 64, 15855 }, // ň
    { 19, 21, 22, 1, 21, 100, 15919 }, // Ő
    { 14, 17, 14, 0, 17, 60, 16019 }, // ő
    { 27, 17, 29, 2, 17, 115, 16079 }, // Œ
    { 22, 12, 22, 0, 11, 66, 16194 }, // œ
    { 22, 22, 22, 0, 22, 121, 16260 }, // Ŕ
    { 12, 17, 12, 0, 17, 51, 16381 }, // ŕ
    { 22, 23, 22, 0, 23, 127, 16432 }, // Ř
    { 12, 17, 12, 0, 17, 51, 16559 }, // ř
    { 14, 22, 16, 1, 22, 77, 16610 }, // Ś
    { 11, 18, 11, 0, 17, 50, 16687 }, // ś
    { 14, 23, 16, 1, 23, 81, 16737 }, // Ŝ
    { 11, 18, 11, 0, 17, 50, 16818 }, // ŝ
    { 14, 22, 16, 1, 17, 77, 16868 }, // Ş
    { 11, 16, 11, 0, 11, 44, 16945 }, // ş
    { 14, 23, 16, 1, 23, 81, 16989 }, // Š
    { 11, 18, 11, 0, 17, 50, 17070 }, // š
    { 18, 22, 20, 1, 17, 99, 17120 }, // Ţ
    { 11, 21, 11, 0, 16, 58, 17219 }, // ţ
    { 18, 24, 20, 1, 23, 108, 17277 }, // Ť
    { 12, 20, 11, 0, 20, 60, 17385 }, // ť
    { 22, 21, 22, 0, 21, 116, 17445 }, // Ū
    { 15, 16, 16, 1, 15, 60, 17561 }, // ū
    { 22, 22, 22, 0, 22, 121, 17621 }, // Ŭ
    { 15, 16, 16, 1, 15, 60, 17742 }, // ŭ
    { 22, 23, 22, 0, 23, 127, 17802 }, // Ů
    { 15, 18, 16, 1, 17, 68, 17929 }, // ů
    { 22, 21, 22, 0, 21, 116, 17997 }, // Ű
    { 15, 18, 16, 1, 17, 68, 18113 }, // ű
    { 22, 23, 22, 0, 22, 127, 18181 }, // Ÿ
    { 16, 22, 18, 1, 22, 88, 18308 }, // Ź
    { 12, 17, 13, 0, 17, 51, 18396 }, // ź
    { 16, 24, 18, 1, 24, 96, 18447 }, // Ż
    { 12, 17, 13, 0, 17, 51, 18543 }, // ż
    { 16, 23, 18, 1, 23, 92, 18594 }, // Ž
    { 12, 17, 13, 0, 17, 51, 18686 }, // ž
    { 19, 22, 19, 0, 22, 105, 18737 }, // Ѐ
    { 19, 22, 19, 0, 22, 105, 18842 }, // Ё
    { 23, 17, 24, 1, 17, 98, 18947 }, // Ђ
    { 17, 22, 17, 0, 22, 94, 19045 }, // Ѓ
    { 19, 17, 21, 1, 17, 81, 19139 }, // Є
    { 14, 18, 16, 1, 18, 63, 19220 }, // Ѕ
    { 11, 18, 11, 0, 18, 50, 19283 }, // І
    { 11, 23, 11, 0, 23, 64, 19333 }, // Ї
    { 14, 18, 15, 0, 18, 63, 19397 }, // Ј
    { 30, 17, 31, 0, 17, 128, 19460 }, // Љ
    { 30, 18, 31, 0, 18, 135, 19588 }, // Њ
    { 21, 18, 22, 1, 17, 95, 19723 }, // Ћ
    { 22, 21, 23, 0, 21, 116, 19818 }, // Ќ
    { 22, 22, 23, 0, 22, 121, 19934 }, // Ѝ
    { 22, 22, 22, 0, 22, 121, 20055 }, // Ў
    { 22, 23, 23, 0, 18, 127, 20176 }, // Џ
    { 20, 17, 22, 1, 17, 85, 20303 }, // А
    { 19, 17, 20, 0, 17, 81, 20388 }, // Б
    { 19, 17, 20, 0, 17, 81, 20469 }, // В
    { 17, 17, 17, 0, 17, 73, 20550 }, // Г
    { 24, 22, 23, -1, 17, 132, 20623 }, // Д
    { 19, 17, 19, 0, 17, 81, 20755 }, // Е
    { 32, 17, 34, 1, 17, 136, 20836 }, // Ж
    { 16, 17, 18, 1, 17, 68, 20972 }, // З
    { 22, 18, 23, 0, 18, 99, 21040 }, // И
    { 22, 22, 23, 0, 22, 121, 21139 }, // Й
    { 22, 17, 23, 0, 17, 94, 21260 }, // К
    { 22, 18, 23, 0, 17, 99, 21354 }, // Л
    { 26, 17, 27, 1, 17, 111, 21453 }, // М
    { 22, 18, 23, 0, 18, 99, 21564 }, // Н
    { 19, 17, 22, 1, 17, 81, 21663 }, // О
    { 22, 17, 23, 0, 17, 94, 21744 }, // П
    { 19, 17, 20, 0, 17, 81, 21838 }, // Р
    { 19, 17, 21, 1, 17, 81, 21919 }, // С
    { 18, 18, 20, 1, 17, 81, 22000 }, // Т
    { 22, 17, 22, 0, 17, 94, 22081 }, // У
    { 22, 19, 24, 1, 18, 105, 22175 }, // Ф
    { 21, 17, 22, 0, 17, 90, 22280 }, // Х
    { 23, 23, 23, 0, 18, 133, 22370 }, // Ц
    { 22, 18, 23, 0, 17, 99, 22503 }, // Ч
    { 33, 17, 33, 0, 17, 141, 22602 }, // Ш
    { 34, 22, 33, 0, 17, 187, 22743 }, // Щ
    { 23, 17, 25, 1, 17, 98, 22930 }, // Ъ
    { 27, 18, 28, 0, 18, 122, 23028 }, // Ы
    { 19, 18, 20, 0, 18, 86, 23150 }, // Ь
    { 19, 18, 21, 1, 18, 86, 23236 }, // Э
    { 31, 18, 32, 0, 18, 140, 23322 }, // Ю
    { 21, 17, 23, 1, 17, 90, 23462 }, // Я
    { 14, 11, 14, 0, 11, 39, 23552 }, // а
    { 14, 17, 14, 0, 17, 60, 23591 }, // б
    { 14, 11, 14, 0, 11, 39, 23651 }, // в
    { 12, 11, 12, 0, 11, 33, 23690 }, // г
    { 16, 14, 16, 0, 11, 56, 23723 }, // д
    { 13, 11, 13, 0, 11, 36, 23779 }, // е
    { 24, 11, 24, 0, 11, 66, 23815 }, // ж
    { 12, 11, 13, 0, 11, 33, 23881 }, // з
    { 16, 11, 16, 0, 11, 44, 23914 }, // и
    { 16, 17, 16, 0, 17, 68, 23958 }, // й
    { 16, 11, 16, 0, 11, 44, 24026 }, // к
    { 16, 11, 16, 0, 11, 44, 24070 }, // л
    { 18, 11, 19, 1, 11, 50, 24114 }, // м
    { 16, 11, 16, 0, 11, 44, 24164 }, // н
    { 14, 11, 14, 0, 11, 39, 24208 }, // о
    { 16, 11, 16, 0, 11, 44, 24247 }, // п
    { 15, 16, 16, 0, 11, 60, 24291 }, // р
    { 12, 11, 13, 0, 11, 33, 24351 }, // с
    { 13, 11, 14, 0, 11, 36, 24384 }, // т
    { 15, 16, 15, 0, 11, 60, 24420 }, // у
    { 22, 22, 22, 0, 17, 121, 24480 }, // ф
    { 15, 11, 15, 0, 11, 42, 24601 }, // х
    { 16, 14, 16, 0, 11, 56, 24643 }, // ц
    { 16, 11, 16, 0, 11, 44, 24699 }, // ч
    { 23, 11, 24, 0, 11, 64, 24743 }, // ш
    { 24, 14, 24, 0, 11, 84, 24807 }, // щ
    { 17, 11, 17, 0, 11, 47, 24891 }, // ъ
    { 20, 11, 21, 0, 11, 55, 24938 }, // ы
    { 14, 11, 14, 0, 11, 39, 24993 }, // ь
    { 12, 11, 13, 0, 11, 33, 25032 }, // э
    { 21, 12, 22, 0, 11, 63, 25065 }, // ю
    { 15, 11, 15, 0, 11, 42, 25128 }, // я
    { 13, 17, 13, 0, 17, 56, 25170 }, // ѐ
    { 13, 17, 13, 0, 17, 56, 25226 }, // ё
    { 14, 22, 15, 0, 17, 77, 25282 }, // ђ
    { 12, 17, 12, 0, 17, 51, 25359 }, // ѓ
    { 12, 11, 13, 0, 11, 33, 25410 }, // є
    { 11, 12, 11, 0, 11, 33, 25443 }, // ѕ
    { 7, 17, 8, 1, 17, 30, 25476 }, // і
    { 10, 17, 8, -1, 17, 43, 25506 }, // ї
    { 9, 22, 9, -2, 17, 50, 25549 }, // ј
    { 21, 11, 22, 0, 11, 58, 25599 }, // љ
    { 21, 11, 22, 0, 11, 58, 25657 }, // њ
    { 16, 17, 16, 0, 17, 68, 25715 }, // ћ
    { 16, 17, 16, 0, 17, 68, 25783 }, // ќ
    { 16, 17, 16, 0, 17, 68, 25851 }, // ѝ
    { 15, 22, 15, 0, 17, 83, 25919 }, // ў
    { 16, 14, 16, 0, 11, 56, 26002 }, // џ
    { 27, 17, 30, 1, 17, 115, 26058 }, // Ѡ
    { 23, 12, 23, 0, 11, 69, 26173 }, // ѡ
    { 21, 20, 24, 1, 20, 105, 26242 }, // Ѣ
    { 14, 17, 14, 0, 17, 60, 26347 }, // ѣ
    { 30, 18, 31, 0, 18, 135, 26407 }, // Ѥ
    { 20, 12, 20, 0, 11, 60, 26542 }, // ѥ
    { 27, 17, 29, 1, 17, 115, 26602 }, // Ѧ
    { 21, 11, 22, 0, 11, 58, 26717 }, // ѧ
    { 37, 18, 39, 0, 18, 167, 26775 }, // Ѩ
    { 29, 11, 29, 0, 11, 80, 26942 }, // ѩ
    { 30, 17, 30, 0, 17, 128, 27022 }, // Ѫ
    { 24, 11, 24, 0, 11, 66, 27150 }, // ѫ
    { 39, 17, 39, 0, 17, 166, 27216 }, // Ѭ
    { 32, 11, 32, 0, 11, 88, 27382 }, // ѭ
    { 15, 25, 16, 0, 20, 94, 27470 }, // Ѯ
    { 11, 19, 12, 0, 14, 53, 27564 }, // ѯ
    { 20, 19, 22, 1, 18, 95, 27617 }, // Ѱ
    { 18, 22, 18, 0, 17, 99, 27712 }, // ѱ
    { 19, 17, 22, 1, 17, 81, 27811 }, // Ѳ
    { 12, 11, 13, 0, 11, 33, 27892 }, // ѳ
    { 23, 17, 24, 0, 17, 98, 27925 }, // Ѵ
    { 17, 11, 17, 0, 11, 47, 28023 }, // ѵ
    { 23, 21, 24, 0, 21, 121, 28070 }, // Ѷ
    { 17, 17, 17, 0, 17, 73, 28191 }, // ѷ
    { 25, 22, 27, 1, 20, 138, 28264 }, // Ѻ
    { 17, 15, 18, 0, 13, 64, 28402 }, // ѻ
    { 27, 23, 30, 1, 23, 156, 28466 }, // Ѽ
    { 23, 18, 23, 0, 17, 104, 28622 }, // ѽ
    { 27, 22, 30, 1, 22, 149, 28726 }, // Ѿ
    { 23, 17, 23, 0, 16, 98, 28875 }, // ѿ
    { 20, 23, 21, 1, 17, 115, 28973 }, // Ҁ
    { 12, 17, 13, 0, 12, 51, 29088 }, // ҁ
    { 11, 6, 13, 1, 4, 17, 29139 }, // ҂
    { 12, 4, 0, -6, 17, 12, 29156 }, // ҃
    { 17, 6, 0, -16, 17, 26, 29168 }, // ҄
    { 7, 5, 0, -11, 17, 9, 29194 }, // ҅
    { 8, 5, 0, -11, 17, 10, 29203 }, // ҆
    { 32, 27, 0, -32, 20, 216, 29213 }, // ҈
    { 36, 31, 0, -34, 22, 279, 29429 }, // ҉
    { 23, 27, 23, 0, 22, 156, 29708 }, // Ҋ
    { 16, 20, 16, 0, 17, 80, 29864 }, // ҋ
    { 21, 18, 24, 1, 18, 95, 29944 }, // Ҍ
    { 15, 17, 14, -1, 17, 64, 30039 }, // ҍ
    { 19, 17, 20, 0, 17, 81, 30103 }, // Ҏ
    { 17, 16, 16, 0, 11, 68, 30184 }, // ҏ
    { 17, 22, 18, 0, 22, 94, 30252 }, // Ґ
    { 12, 14, 12, 0, 14, 42, 30346 }, // ґ
    { 17, 18, 17, 0, 17, 77, 30388 }, // Ғ
    { 12, 11, 12, 0, 11, 33, 30465 }, // ғ
    { 20, 22, 21, 0, 17, 110, 30498 }, // Ҕ
    { 15, 16, 16, 0, 11, 60, 30608 }, // ҕ
    { 33, 22, 34, 1, 17, 182, 30668 }, // Җ
    { 24, 14, 24, 0, 11, 84, 30850 }, // җ
    { 16, 23, 18, 1, 17, 92, 30934 }, // Ҙ
    { 12, 17, 13, 0, 11, 51, 31026 }, // ҙ
    { 23, 23, 23, 0, 18, 133, 31077 }, // Қ
    { 16, 14, 16, 0, 11, 56, 31210 }, // қ
    { 24, 18, 25, 0, 18, 108, 31266 }, // Ҝ
    { 18, 11, 18, 0, 11, 50, 31374 }, // ҝ
    { 22, 17, 23, 0, 17, 94, 31424 }, // Ҟ
    { 16, 17, 16, 0, 17, 68, 31518 }, // ҟ
    { 25, 17, 27, 1, 17, 107, 31586 }, // Ҡ
    { 19, 11, 19, 0, 11, 53, 31693 }, // ҡ
    { 23, 23, 23, 0, 18, 133, 31746 }, // Ң
    { 16, 14, 16, 0, 11, 56, 31879 }, // ң
    { 27, 17, 27, 0, 17, 115, 31935 }, // Ҥ
    { 19, 11, 19, 0, 11, 53, 32050 }, // ҥ
    { 31, 22, 31, 0, 17, 171, 32103 }, // Ҧ
    { 21, 16, 22, 0, 11, 84, 32274 }, // ҧ
    { 21, 19, 22, 1, 17, 100, 32358 }, // Ҩ
    { 14, 13, 14, 0, 11, 46, 32458 }, // ҩ
    { 19, 23, 21, 1, 17, 110, 32504 }, // Ҫ
    { 12, 17, 13, 0, 11, 51, 32614 }, // ҫ
    { 18, 22, 20, 1, 17, 99, 32665 }, // Ҭ
    { 13, 14, 14, 0, 11, 46, 32764 }, // ҭ
    { 22, 18, 22, 0, 17, 99, 32810 }, // Ү
    { 15, 17, 15, 0, 11, 64, 32909 }, // ү
    { 22, 18, 22, 0, 17, 99, 32973 }, // Ұ
    { 15, 17, 15, 0, 11, 64, 33072 }, // ұ
    { 22, 22, 22, 0, 17, 121, 33136 }, // Ҳ
    { 16, 14, 15, 0, 11, 56, 33257 }, // ҳ
    { 29, 22, 29, 0, 17, 160, 33313 }, // Ҵ
    { 20, 14, 19, 0, 11, 70, 33473 }, // ҵ
    { 23, 22, 23, 0, 17, 127, 33543 }, // Ҷ
    { 16, 14, 16, 0, 11, 56, 33670 }, // ҷ
    { 22, 18, 23, 0, 17, 99, 33726 }, // Ҹ
    { 16, 11, 16, 0, 11, 44, 33825 }, // ҹ
    { 22, 18, 23, 0, 18, 99, 33869 }, // Һ
    { 15, 17, 16, 1, 17, 64, 33968 }, // һ
    { 24, 17, 25, 0, 17, 102, 34032 }, // Ҽ
    { 18, 11, 18, 0, 11, 50, 34134 }, // ҽ
    { 24, 22, 25, 0, 17, 132, 34184 }, // Ҿ
    { 18, 16, 18, 0, 11, 72, 34316 }, // ҿ
    { 11, 18, 11, 0, 18, 50, 34388 }, // Ӏ
    { 32, 22, 34, 1, 22, 176, 34438 }, // Ӂ
    { 24, 15, 24, 0, 15, 90, 34614 }, // ӂ
    { 21, 23, 23, 0, 18, 121, 34704 }, // Ӄ
    { 15, 16, 16, 0, 11, 60, 34825 }, // ӄ
    { 22, 22, 23, 0, 17, 121, 34885 }, // Ӆ
    { 16, 14, 16, 0, 11, 56, 35006 }, // ӆ
    { 22, 23, 23, 0, 18, 127, 35062 }, // Ӈ
    { 16, 16, 16, 0, 11, 64, 35189 }, // ӈ
    { 22, 23, 23, 0, 18, 127, 35253 }, // Ӊ
    { 16, 14, 16, 0, 11, 56, 35380 }, // ӊ
    { 22, 22, 23, 0, 17, 121, 35436 }, // Ӌ
    { 16, 14, 16, 0, 11, 56, 35557 }, // ӌ
    { 26, 22, 27, 1, 17, 143, 35613 }, // Ӎ
    { 18, 14, 19, 1, 11, 63, 35756 }, // ӎ
    { 20, 22, 22, 1, 22, 110, 35819 }, // Ӑ
    { 14, 15, 14, 0, 15, 53, 35929 }, // ӑ
    { 20, 22, 22, 1, 22, 110, 35982 }, // Ӓ
    { 14, 17, 14, 0, 17, 60, 36092 }, // ӓ
    { 25, 17, 26, 1, 17, 107, 36152 }, // Ӕ
    { 20, 11, 21, 0, 11, 55, 36259 }, // ӕ
    { 19, 22, 19, 0, 22, 105, 36314 }, // Ӗ
    { 13, 15, 13, 0, 15, 49, 36419 }, // ӗ
    { 19, 18, 20, 0, 18, 86, 36468 }, // Ә
    { 13, 11, 13, 0, 11, 36, 36554 }, // ә
    { 20, 22, 21, 0, 22, 110, 36590 }, // Ӛ
    { 13, 17, 13, 0, 17, 56, 36700 }, // ӛ
    { 32, 22, 34, 1, 22, 176, 36756 }, // Ӝ
    { 24, 17, 24, 0, 17, 102, 36932 }, // ӝ
    { 16, 22, 18, 1, 22, 88, 37034 }, // Ӟ
    { 12, 17, 13, 0, 17, 51, 37122 }, // ӟ
    { 14, 17, 16, 1, 17, 60, 37173 }, // Ӡ
    { 11, 16, 13, 1, 11, 44, 37233 }, // ӡ
    { 22, 22, 23, 0, 22, 121, 37277 }, // Ӣ
    { 16, 17, 16, 0, 17, 68, 37398 }, // ӣ
    { 22, 22, 23, 0, 22, 121, 37466 }, // Ӥ
    { 16, 17, 16, 0, 17, 68, 37587 }, // ӥ
    { 19, 22, 22, 1, 22, 105, 37655 }, // Ӧ
    { 14, 17, 14, 0, 17, 60, 37760 }, // ӧ
    { 19, 17, 22, 1, 17, 81, 37820 }, // Ө
    { 14, 11, 14, 0, 11, 39, 37901 }, // ө
    { 19, 22, 22, 1, 22, 105, 37940 }, // Ӫ
    { 14, 17, 14, 0, 17, 60, 38045 }, // ӫ
    { 19, 22, 21, 1, 22, 105, 38105 }, // Ӭ
    { 12, 17, 13, 0, 17, 51, 38210 }, // ӭ
    { 22, 22, 22, 0, 22, 121, 38261 }, // Ӯ
    { 15, 22, 15, 0, 17, 83, 38382 }, // ӯ
    { 22, 22, 22, 0, 22, 121, 38465 }, // Ӱ
    { 15, 22, 15, 0, 17, 83, 38586 }, // ӱ
    { 22, 23, 22, 0, 23, 127, 38669 }, // Ӳ
    { 15, 22, 15, 0, 17, 83, 38796 }, // ӳ
    { 22, 23, 23, 0, 22, 127, 38879 }, // Ӵ
    { 16, 17, 16, 0, 17, 68, 39006 }, // ӵ
    { 17, 22, 17, 0, 17, 94, 39074 }, // Ӷ
    { 12, 14, 12, 0, 11, 42, 39168 }, // ӷ
    { 27, 22, 28, 0, 22, 149, 39210 }, // Ӹ
    { 20, 17, 21, 0, 17, 85, 39359 }, // ӹ
    { 20, 22, 22, 0, 17, 110, 39444 }, // Ӽ
    { 15, 16, 15, 0, 11, 60, 39554 }, // ӽ
    { 21, 17, 22, 0, 17, 90, 39614 }, // Ӿ
    { 15, 11, 15, 0, 11, 42, 39704 }, // ӿ
    { 0, 0, 14, 0, 0, 0, 39746 }, //  
    { 0, 0, 29, 0, 0, 0, 39746 }, //  
    { 0, 0, 14, 0, 0, 0, 39746 }, //  
    { 0, 0, 29, 0, 0, 0, 39746 }, //  
    { 0, 0, 10, 0, 0, 0, 39746 }, //  
    { 0, 0, 7, 0, 0, 0, 39746 }, //  
    { 0, 0, 5, 0, 0, 0, 39746 }, //  
    { 0, 0, 14, 0, 0, 0, 39746 }, //  
    { 0, 0, 8, 0, 0, 0, 39746 }, //  
    { 0, 0, 6, 0, 0, 0, 39746 }, //  
    { 0, 0, 1, 0, 0, 0, 39746 }, //  
    { 0, 0, 0, 0, 0, 0, 39746 }, // ​
    { 0, 0, 0, 0, 0, 0, 39746 }, // ‌
    { 0, 0, 0, 0, 0, 0, 39746 }, // ‍
    { 8, 3, 10, 0, 7, 6, 39746 }, // ‐
    { 8, 3, 10, 0, 7, 6, 39752 }, // ‑
    { 15, 2, 14, 0, 8, 8, 39758 }, // ‒
    { 15, 1, 14, 0, 7, 4, 39766 }, // –
    { 29, 1, 29, 0, 7, 8, 39770 }, // —
    { 6, 26, 14, 4, 19, 39, 39778 }, // ‖
    { 5, 10, 8, 1, 18, 13, 39817 }, // ‘
    { 5, 9, 8, 2, 17, 12, 39830 }, // ’
    { 5, 9, 8, 2, 4, 12, 39842 }, // ‚
    { 5, 9, 8, 2, 17, 12, 39854 }, // ‛
    { 12, 10, 10, -1, 18, 30, 39866 }, // “
    { 12, 10, 10, -1, 18, 30, 39896 }, // ”
    { 12, 9, 10, -1, 4, 27, 39926 }, // „
    { 12, 9, 10, -1, 17, 27, 39953 }, // ‟
    { 11, 22, 13, 1, 17, 61, 39980 }, // †
    { 11, 22, 13, 1, 17, 61, 40041 }, // ‡
    { 12, 11, 14, 1, 12, 33, 40102 }, // •
    { 20, 4, 24, 2, 4, 20, 40135 }, // …
    { 12, 21, 14, 1, 17, 63, 40155 }, //  
    { 0, 0, 5, 0, 0, 0, 40218 }, //  
    { 31, 21, 34, 1, 19, 163, 40218 }, // ‰
    { 43, 21, 45, 1, 19, 226, 40381 }, // ‱
    { 7, 12, 13, 3, 13, 21, 40607 }, // ‹
    { 7, 12, 13, 3, 13, 21, 40628 }, // ›
    { 14, 16, 16, 1, 14, 56, 40649 }, // ※
    { 11, 17, 14, 1, 18, 47, 40705 }, // ‽
    { 11, 5, 11, 0, -1, 14, 40752 }, // ‿
    { 13, 3, 14, 1, 16, 10, 40766 }, // ⁀
    { 12, 30, 14, 1, 19, 90, 40776 }, // ⁄
    { 8, 26, 10, 1, 19, 52, 40866 }, // ⁅
    { 8, 25, 10, 1, 19, 50, 40918 }, // ⁆
    { 12, 22, 14, 1, 19, 66, 40968 }, // ⁒
    { 11, 5, 11, 0, -2, 14, 41034 }, // ⁔
    { 0, 0, 6, 0, 0, 0, 41048 }, //  
    { 19, 19, 21, 1, 18, 91, 41048 }, // ₡
    { 17, 19, 18, 1, 18, 81, 41139 }, // ₤
    { 23, 18, 23, 0, 18, 104, 41220 }, // ₦
    { 30, 17, 30, 0, 17, 128, 41324 }, // ₩
    { 16, 20, 16, 0, 19, 80, 41452 }, // ₫
    { 20, 16, 22, 0, 17, 80, 41532 }, // €
    { 21, 19, 23, 1, 18, 100, 41612 }, // ₲
    { 23, 18, 26, 1, 18, 104, 41712 }, // ∆
    { 16, 26, 14, 0, 23, 104, 41816 }, // √
};

static const EpdUnicodeInterval cmu_12_boldIntervals[] = {
    { 0xD, 0xD, 0x0 },
    { 0x20, 0x7E, 0x1 },
    { 0xA0, 0xA3, 0x60 },
    { 0xA5, 0xA5, 0x64 },
    { 0xA7, 0xB1, 0x65 },
    { 0xB4, 0xB8, 0x70 },
    { 0xBA, 0xBB, 0x75 },
    { 0xBF, 0xD6, 0x77 },
    { 0xD8, 0xFF, 0x8F },
    { 0x100, 0x113, 0xB7 },
    { 0x116, 0x121, 0xCB },
    { 0x124, 0x125, 0xD7 },
    { 0x127, 0x127, 0xD9 },
    { 0x12A, 0x12B, 0xDA },
    { 0x130, 0x131, 0xDC },
    { 0x134, 0x135, 0xDE },
    { 0x139, 0x13A, 0xE0 },
    { 0x13D, 0x13E, 0xE2 },
    { 0x141, 0x144, 0xE4 },
    { 0x147, 0x148, 0xE8 },
    { 0x150, 0x155, 0xEA },
    { 0x158, 0x165, 0xF0 },
    { 0x16A, 0x171, 0xFE },
    { 0x178, 0x17E, 0x106 },
    { 0x400, 0x477, 0x10D },
    { 0x47A, 0x486, 0x185 },
    { 0x488, 0x4CE, 0x192 },
    { 0x4D0, 0x4F9, 0x1D9 },
    { 0x4FC, 0x4FF, 0x203 },
    { 0x2000, 0x200D, 0x207 },
    { 0x2010, 0x2014, 0x215 },
    { 0x2016, 0x2016, 0x21A },
    { 0x2018, 0x2022, 0x21B },
    { 0x2026, 0x2026, 0x226 },
    { 0x2029, 0x2029, 0x227 },
    { 0x202F, 0x2031, 0x228 },
    { 0x2039, 0x203B, 0x22B },
    { 0x203D, 0x203D, 0x22E },
    { 0x203F, 0x2040, 0x22F },
    { 0x2044, 0x2046, 0x231 },
    { 0x2052, 0x2052, 0x234 },
    { 0x2054, 0x2054, 0x235 },
    { 0x205F, 0x205F, 0x236 },
    { 0x20A1, 0x20A1, 0x237 },
    { 0x20A4, 0x20A4, 0x238 },
    { 0x20A6, 0x20A6, 0x239 },
    { 0x20A9, 0x20A9, 0x23A },
    { 0x20AB, 0x20AC, 0x23B },
    { 0x20B2, 0x20B2, 0x23D },
    { 0x2206, 0x2206, 0x23E },
    { 0x221A, 0x221A, 0x23F },
};

static const EpdFontData cmu_12_bold = {
    cmu_12_boldBitmaps,
    cmu_12_boldGlyphs,
    cmu_12_boldIntervals,
    51,
    33,
    24,
    -10,
    true,
};
