/**
 * generated by fontconvert.py
 * name: cmu_16_bold
 * size: 16
 * mode: 2-bit
 */
#pragma once
#include "EpdFontData.h"

static const uint8_t cmu_16_boldBitmaps[71186] = {
    0x00, 0x03, 0xF8, 0xBF, 0xCF, 0xFD, 0xBF, 0xCB, 0xFC, 0x7F, 0xC3, 0xFC, 0x3F, 0x83, 0xF4, 0x3F,
    0x42, 0xF0, 0x2F, 0x01, 0xF0, 0x1F, 0x00, 0xE0, 0x08, 0x00, 0x00, 0x00, 0x02, 0xF4, 0xBF, 0xCF,
    0xFD, 0xBF, 0xC2, 0xF4, 0x04, 0x00, 0x41, 0xFC, 0x0F, 0xDF, 0xF4, 0x7F, 0xAF, 0xC1, 0xFE, 0xBF,
    0x03, 0xF5, 0xFC, 0x0F, 0xD3, 0xF0, 0x3F, 0x0F, 0x80, 0xBC, 0x3D, 0x02, 0xF0, 0xF4, 0x07, 0x82,
    0xC0, 0x0E, 0x07, 0x00, 0x34, 0x00, 0x00, 0x00, 0x00, 0x00, 0x00, 0x00, 0x00, 0x00, 0x00, 0x00,
    0x00, 0x00, 0x20, 0x00, 0x0C, 0x00, 0x00, 0x00, 0x00, 0x30, 0x00, 0x0C, 0x00, 0x00, 0x00, 0x00,
    0x70, 0x00, 0x28, 0x00, 0x00, 0x00, 0x00, 0xA0, 0x00, 0x34, 0x00, 0x00, 0x00, 0x00, 0xD0, 0x00,
    0x30, 0x00, 0x00, 0x00, 0x01, 0xC0, 0x00, 0x70, 0x00, 0x00, 0x00, 0x02, 0x80, 0x00, 0xA0, 0x00,
    0x00, 0x00, 0x03, 0x40, 0x00, 0xC0, 0x00, 0x00, 0x00, 0x03, 0x00, 0x01, 0xC0, 0x00, 0x00, 0x00,
    0x07, 0x00, 0x02, 0x80, 0x00, 0x00, 0x00, 0x0D, 0x00, 0x03, 0x40, 0x00, 0xBF, 0xFF, 0xFF, 0xFF,
    0xFF, 0xFF, 0xFD, 0x00, 0x00, 0x2C, 0x00, 0x0A, 0x00, 0x00, 0x00, 0x00, 0x34, 0x00, 0x0D, 0x00,
    0x00, 0x00, 0x00, 0x30, 0x00, 0x0C, 0x00, 0x00, 0x00, 0x00, 0x70, 0x00, 0x28, 0x00, 0x00, 0x00,
    0x00, 0xD0, 0x00, 0x34, 0x00, 0x00, 0x00, 0x00, 0xC0, 0x00, 0x30, 0x00, 0x00, 0xBF, 0xFF, 0xFF,
    0xFF, 0xFF, 0xFF, 0xFD, 0x00, 0x03, 0x40, 0x00, 0xD0, 0x00, 0x00, 0x00, 0x03, 0x00, 0x00, 0xC0,
    0x00, 0x00, 0x00, 0x07, 0x00, 0x02, 0x80, 0x00, 0x00, 0x00, 0x0E, 0x00, 0x03, 0x40, 0x00, 0x00,
    0x00, 0x0C, 0x00, 0x03, 0x00, 0x00, 0x00, 0x00, 0x1C, 0x00, 0x07, 0x00, 0x00, 0x00, 0x00, 0x28,
    0x00, 0x0D, 0x00, 0x00, 0x00, 0x00, 0x34, 0x00, 0x0C, 0x00, 0x00, 0x00, 0x00, 0x70, 0x00, 0x1C,
    0x00, 0x00, 0x00, 0x00, 0xA0, 0x00, 0x24, 0x00, 0x00, 0x00, 0x00, 0x00, 0x00, 0x00, 0x00, 0x00,
    0x00, 0x00, 0x07, 0x40, 0x00, 0x01, 0xFF, 0xE0, 0x00, 0x7F, 0xFF, 0xF8, 0x07, 0xE5, 0xD1, 0xF8,
    0x3D, 0x07, 0x40, 0xF2, 0xF0, 0x1D, 0x07, 0xEF, 0xC0, 0x74, 0x3F, 0xFF, 0x01, 0xD0, 0xFE, 0xFF,
    0x07, 0x42, 0xF6, 0xFF, 0xAD, 0x00, 0x03, 0xFF, 0xFE, 0x40, 0x0B, 0xFF, 0xFF, 0xC0, 0x07, 0xFF,
    0xFF, 0xC0, 0x02, 0xFF, 0xFF, 0xC0, 0x00, 0x7B, 0xFF, 0x45, 0x01, 0xD1, 0xFE, 0xBF, 0x07, 0x41,
    0xFF, 0xFC, 0x1D, 0x03, 0xFF, 0xF0, 0x74, 0x0F, 0xAD, 0x01, 0xD0, 0x3D, 0x3C, 0x07, 0x42, 0xF0,
    0xBE, 0x1D, 0x7F, 0x40, 0xBF, 0xFF, 0xF4, 0x00, 0x2F, 0xFD, 0x00, 0x00, 0x07, 0x40, 0x00, 0x01,
    0xFE, 0x00, 0x00, 0x00, 0x07, 0x00, 0x0F, 0x82, 0xC0, 0x00, 0x00, 0x1F, 0x00, 0x2F, 0x00, 0xF8,
    0x00, 0x00, 0xBD, 0x00, 0x3E, 0x00, 0x7F, 0x90, 0x07, 0xF8, 0x00, 0xBE, 0x00, 0x35, 0xBF, 0xFB,
    0xF0, 0x00, 0xFE, 0x00, 0x38, 0x00, 0x03, 0xC0, 0x00, 0xFE, 0x00, 0x38, 0x00, 0x0F, 0x40, 0x00,
    0xFE, 0x00, 0x38, 0x00, 0x2E, 0x00, 0x00, 0xFE, 0x00, 0x38, 0x00, 0x7C, 0x00, 0x00, 0xBE, 0x00,
    0x34, 0x01, 0xF0, 0x00, 0x00, 0x7E, 0x00, 0x70, 0x03, 0xD0, 0x00, 0x00, 0x3F, 0x00, 0xE0, 0x0F,
    0x80, 0x00, 0x00, 0x0F, 0x82, 0xC0, 0x2F, 0x00, 0x00, 0x00, 0x01, 0xFE, 0x00, 0x7C, 0x00, 0x00,
    0x00, 0x00, 0x00, 0x00, 0xF4, 0x00, 0xBF, 0x80, 0x00, 0x00, 0x03, 0xE0, 0x03, 0xE0, 0xF0, 0x00,
    0x00, 0x0B, 0x80, 0x0F, 0xC0, 0x38, 0x00, 0x00, 0x1F, 0x00, 0x2F, 0x80, 0x2C, 0x00, 0x00, 0x3C,
    0x00, 0x3F, 0x40, 0x1D, 0x00, 0x00, 0xF4, 0x00, 0x3F, 0x40, 0x0D, 0x00, 0x02, 0xE0, 0x00, 0x3F,
    0x40, 0x0D, 0x00, 0x0B, 0xC0, 0x00, 0x3F, 0x40, 0x0D, 0x00, 0x1F, 0x00, 0x00, 0x3F, 0x40, 0x1D,
    0x00, 0x3D, 0x00, 0x00, 0x2F, 0x80, 0x2C, 0x00, 0xF8, 0x00, 0x00, 0x0F, 0xC0, 0x38, 0x02, 0xF0,
    0x00, 0x00, 0x03, 0xE0, 0xF0, 0x01, 0xC0, 0x00, 0x00, 0x00, 0xBF, 0x80, 0x00, 0x00, 0xBF, 0x40,
    0x00, 0x00, 0x00, 0x00, 0x1F, 0x47, 0x40, 0x00, 0x00, 0x00, 0x01, 0xF4, 0x0B, 0x00, 0x00, 0x00,
    0x00, 0x0F, 0xC0, 0x1C, 0x00, 0x00, 0x00, 0x00, 0x3F, 0x00, 0x70, 0x00, 0x00, 0x00, 0x01, 0xFC,
    0x03, 0xC0, 0x00, 0x00, 0x00, 0x07, 0xF4, 0x1D, 0x00, 0x00, 0x00, 0x00, 0x0F, 0xE0, 0xE0, 0x00,
    0x00, 0x00, 0x00, 0x3F, 0xCE, 0x00, 0x02, 0xFF, 0xF8, 0x00, 0xBF, 0xE0, 0x00, 0x0B, 0xFF, 0xE0,
    0x01, 0xFF, 0x00, 0x00, 0x02, 0xE0, 0x00, 0x03, 0xFC, 0x00, 0x00, 0x0E, 0x00, 0x00, 0x2F, 0xF8,
    0x00, 0x00, 0xF0, 0x00, 0x03, 0xCF, 0xF4, 0x00, 0x0B, 0x00, 0x00, 0x7D, 0x1F, 0xF4, 0x00, 0x74,
    0x00, 0x07, 0xF0, 0x2F, 0xF0, 0x07, 0x80, 0x00, 0x3F, 0xC0, 0x3F, 0xF0, 0x78, 0x00, 0x01, 0xFF,
    0x00, 0x3F, 0xF7, 0x80, 0x00, 0x07, 0xFC, 0x00, 0x2F, 0xFC, 0x00, 0x00, 0x0F, 0xF4, 0x00, 0x2F,
    0xF4, 0x00, 0x1D, 0x2F, 0xF4, 0x07, 0xFF, 0xFD, 0x02, 0xF0, 0x1F, 0xFF, 0xFE, 0x07, 0xFF, 0xFF,
    0x40, 0x0B, 0xFE, 0x40, 0x01, 0xBF, 0xE0, 0x00, 0x14, 0x2F, 0xCF, 0xF6, 0xFC, 0xBF, 0x1F, 0xC7,
    0xE0, 0xF8, 0x3D, 0x0F, 0x42, 0xC0, 0x70, 0x00, 0x00, 0x00, 0x00, 0x90, 0x00, 0x3C, 0x00, 0x0F,
    0x00, 0x03, 0xD0, 0x00, 0xB8, 0x00, 0x1F, 0x00, 0x03, 0xE0, 0x00, 0x7D, 0x00, 0x0F, 0xC0, 0x01,
    0xF8, 0x00, 0x2F, 0x40, 0x03, 0xF0, 0x00, 0x3F, 0x00, 0x03, 0xF0, 0x00, 0x7F, 0x00, 0x07, 0xF0,
    0x00, 0x7F, 0x00, 0x07, 0xF0, 0x00, 0x7F, 0x00, 0x07, 0xF0, 0x00, 0x3F, 0x00, 0x03, 0xF0, 0x00,
    0x2F, 0x40, 0x01, 0xF8, 0x00, 0x0F, 0xC0, 0x00, 0xBC, 0x00, 0x03, 0xD0, 0x00, 0x2F, 0x00, 0x00,
    0xF4, 0x00, 0x07, 0xC0, 0x00, 0x1F, 0x00, 0x00, 0x78, 0x00, 0x01, 0xD0, 0x00, 0x00, 0x90, 0x00,
    0x07, 0x80, 0x00, 0x1E, 0x00, 0x00, 0xB8, 0x00, 0x03, 0xD0, 0x00, 0x1F, 0x00, 0x00, 0xF8, 0x00,
    0x0B, 0xC0, 0x00, 0x3E, 0x00, 0x03, 0xF0, 0x00, 0x2F, 0x40, 0x01, 0xF8, 0x00, 0x1F, 0x80, 0x00,
    0xFC, 0x00, 0x0F, 0xC0, 0x00, 0xFC, 0x00, 0x0F, 0xC0, 0x00, 0xFC, 0x00, 0x0F, 0xC0, 0x00, 0xFC,
    0x00, 0x1F, 0xC0, 0x01, 0xF8, 0x00, 0x2F, 0x40, 0x03, 0xF0, 0x00, 0x3F, 0x00, 0x07, 0xD0, 0x00,
    0xFC, 0x00, 0x0F, 0x40, 0x02, 0xE0, 0x00, 0x7C, 0x00, 0x0F, 0x00, 0x03, 0xC0, 0x00, 0xB0, 0x00,
    0x00, 0x00, 0x00, 0x00, 0x07, 0x40, 0x00, 0x00, 0x3F, 0x00, 0x00, 0x00, 0xFC, 0x00, 0x0F, 0x02,
    0xE0, 0x3C, 0x7F, 0x47, 0x47, 0xF4, 0xFF, 0x9D, 0xBF, 0xC0, 0x6F, 0xFF, 0xE4, 0x00, 0x0B, 0xF8,
    0x00, 0x06, 0xFF, 0xFE, 0x40, 0xFF, 0x9D, 0xBF, 0xC7, 0xF4, 0xB4, 0x7F, 0x4F, 0x02, 0xE0, 0x3C,
    0x00, 0x0F, 0xC0, 0x00, 0x00, 0x3F, 0x00, 0x00, 0x00, 0x64, 0x00, 0x00, 0x00, 0x00, 0x00, 0xC0,
    0x00, 0x00, 0x00, 0x00, 0x00, 0x0D, 0x00, 0x00, 0x00, 0x00, 0x00, 0x00, 0xD0, 0x00, 0x00, 0x00,
    0x00, 0x00, 0x0D, 0x00, 0x00, 0x00, 0x00, 0x00, 0x00, 0xD0, 0x00, 0x00, 0x00, 0x00, 0x00, 0x0D,
    0x00, 0x00, 0x00, 0x00, 0x00, 0x00, 0xD0, 0x00, 0x00, 0x00, 0x00, 0x00, 0x0D, 0x00, 0x00, 0x00,
    0x00, 0x00, 0x00, 0xD0, 0x00, 0x00, 0x00, 0x00, 0x00, 0x0D, 0x00, 0x00, 0x00, 0x00, 0x00, 0x00,
    0xD0, 0x00, 0x00, 0x00, 0x00, 0x00, 0x0D, 0x00, 0x00, 0x00, 0xBF, 0xFF, 0xFF, 0xFF, 0xFF, 0xFF,
    0xC0, 0x00, 0x00, 0x0D, 0x00, 0x00, 0x00, 0x00, 0x00, 0x00, 0xD0, 0x00, 0x00, 0x00, 0x00, 0x00,
    0x0D, 0x00, 0x00, 0x00, 0x00, 0x00, 0x00, 0xD0, 0x00, 0x00, 0x00, 0x00, 0x00, 0x0D, 0x00, 0x00,
    0x00, 0x00, 0x00, 0x00, 0xD0, 0x00, 0x00, 0x00, 0x00, 0x00, 0x0D, 0x00, 0x00, 0x00, 0x00, 0x00,
    0x00, 0xD0, 0x00, 0x00, 0x00, 0x00, 0x00, 0x0D, 0x00, 0x00, 0x00, 0x00, 0x00, 0x00, 0xD0, 0x00,
    0x00, 0x00, 0x00, 0x00, 0x0D, 0x00, 0x00, 0x00, 0x00, 0x00, 0x00, 0xC0, 0x00, 0x00, 0x00, 0x00,
    0x00, 0x00, 0x00, 0x00, 0x00, 0x1F, 0x80, 0xFF, 0x87, 0xFF, 0x0F, 0xFC, 0x1F, 0xB0, 0x00, 0xC0,
    0x07, 0x00, 0x34, 0x02, 0xC0, 0x2C, 0x00, 0xC0, 0x00, 0xBF, 0xFF, 0xF6, 0xFF, 0xFF, 0xDB, 0xFF,
    0xFF, 0x40, 0x1F, 0x83, 0xFE, 0x7F, 0xF3, 0xFE, 0x1F, 0x80, 0x00, 0x00, 0x00, 0x04, 0x00, 0x00,
    0x00, 0xA0, 0x00, 0x00, 0x03, 0x00, 0x00, 0x00, 0x2C, 0x00, 0x00, 0x00, 0xD0, 0x00, 0x00, 0x07,
    0x00, 0x00, 0x00, 0x34, 0x00, 0x00, 0x01, 0xC0, 0x00, 0x00, 0x0A, 0x00, 0x00, 0x00, 0x30, 0x00,
    0x00, 0x02, 0xC0, 0x00, 0x00, 0x0D, 0x00, 0x00, 0x00, 0x70, 0x00, 0x00, 0x03, 0x80, 0x00, 0x00,
    0x0C, 0x00, 0x00, 0x00, 0xA0, 0x00, 0x00, 0x03, 0x00, 0x00, 0x00, 0x2C, 0x00, 0x00, 0x00, 0xD0,
    0x00, 0x00, 0x07, 0x00, 0x00, 0x00, 0x38, 0x00, 0x00, 0x00, 0xC0, 0x00, 0x00, 0x0A, 0x00, 0x00,
    0x00, 0x30, 0x00, 0x00, 0x02, 0xC0, 0x00, 0x00, 0x0D, 0x00, 0x00, 0x00, 0x70, 0x00, 0x00, 0x03,
    0x80, 0x00, 0x00, 0x0C, 0x00, 0x00, 0x00, 0xA0, 0x00, 0x00, 0x03, 0x40, 0x00, 0x00, 0x1C, 0x00,
    0x00, 0x00, 0xD0, 0x00, 0x00, 0x00, 0x00, 0x00, 0x00, 0x00, 0x00, 0x2F, 0xFD, 0x00, 0x00, 0xBE,
    0x02, 0xF4, 0x00, 0x7E, 0x00, 0x2F, 0x40, 0x3F, 0x00, 0x03, 0xF0, 0x2F, 0xC0, 0x00, 0xFE, 0x0F,
    0xF0, 0x00, 0x3F, 0xC3, 0xFC, 0x00, 0x0F, 0xF1, 0xFE, 0x00, 0x03, 0xFD, 0x7F, 0x80, 0x00, 0xFF,
    0x6F, 0xE0, 0x00, 0x3F, 0xDB, 0xF8, 0x00, 0x0F, 0xF6, 0xFE, 0x00, 0x03, 0xFD, 0x7F, 0x80, 0x00,
    0xFF, 0x5F, 0xF0, 0x00, 0x3F, 0xD3, 0xFC, 0x00, 0x0F, 0xF0, 0xFF, 0x00, 0x03, 0xFC, 0x2F, 0xC0,
    0x00, 0xFE, 0x03, 0xF0, 0x00, 0x3F, 0x00, 0xBE, 0x00, 0x2F, 0x40, 0x0B, 0xE0, 0x2F, 0x40, 0x00,
    0x2F, 0xFE, 0x00, 0x00, 0x00, 0x16, 0xE0, 0x00, 0xFF, 0xFF, 0x80, 0x03, 0xF9, 0xFE, 0x00, 0x00,
    0x07, 0xF8, 0x00, 0x00, 0x1F, 0xE0, 0x00, 0x00, 0x7F, 0x80, 0x00, 0x01, 0xFE, 0x00, 0x00, 0x07,
    0xF8, 0x00, 0x00, 0x1F, 0xE0, 0x00, 0x00, 0x7F, 0x80, 0x00, 0x01, 0xFE, 0x00, 0x00, 0x07, 0xF8,
    0x00, 0x00, 0x1F, 0xE0, 0x00, 0x00, 0x7F, 0x80, 0x00, 0x01, 0xFE, 0x00, 0x00, 0x07, 0xF8, 0x00,
    0x00, 0x1F, 0xE0, 0x00, 0x00, 0x7F, 0x80, 0x00, 0x01, 0xFE, 0x00, 0x00, 0x07, 0xF8, 0x00, 0x3F,
    0xFF, 0xFF, 0xF4, 0x00, 0x00, 0x00, 0x00, 0x00, 0x6F, 0xF9, 0x00, 0x01, 0xFF, 0xFF, 0xF4, 0x01,
    0xF8, 0x02, 0xFF, 0x40, 0xFE, 0x00, 0x2F, 0xF0, 0x3F, 0xE0, 0x03, 0xFE, 0x0F, 0xF8, 0x00, 0xBF,
    0xC1, 0xF8, 0x00, 0x2F, 0xF0, 0x00, 0x00, 0x0B, 0xFC, 0x00, 0x00, 0x03, 0xFF, 0x00, 0x00, 0x00,
    0xFF, 0x40, 0x00, 0x00, 0xBF, 0x80, 0x00, 0x00, 0x7F, 0x80, 0x00, 0x00, 0x3F, 0x40, 0x00, 0x00,
    0x3F, 0x00, 0x00, 0x00, 0x3E, 0x00, 0x00, 0x00, 0x3D, 0x00, 0x2C, 0x00, 0x3D, 0x00, 0x0F, 0x00,
    0x3C, 0x00, 0x03, 0x80, 0x3F, 0xFF, 0xFF, 0xE0, 0x3F, 0xFF, 0xFF, 0xF4, 0x3F, 0xFF, 0xFF, 0xFD,
    0x0F, 0xFF, 0xFF, 0xFF, 0x00, 0x00, 0x6F, 0xFE, 0x40, 0x00, 0xB8, 0x07, 0xF8, 0x00, 0xBC, 0x00,
    0xBF, 0xC0, 0x3F, 0xC0, 0x1F, 0xF0, 0x1F, 0xF0, 0x03, 0xFD, 0x03, 0xFC, 0x01, 0xFF, 0x00, 0x7D,
    0x00, 0xBF, 0x80, 0x00, 0x00, 0x3F, 0xC0, 0x00, 0x00, 0x7F, 0x80, 0x00, 0x07, 0xFF, 0x40, 0x00,
    0x00, 0x01, 0xFE, 0x00, 0x00, 0x00, 0x1F, 0xF0, 0x00, 0x00, 0x03, 0xFE, 0x00, 0x00, 0x00, 0xBF,
    0xC1, 0xF8, 0x00, 0x2F, 0xF4, 0xFF, 0x40, 0x0B, 0xFD, 0x7F, 0xE0, 0x02, 0xFF, 0x0F, 0xF4, 0x00,
    0xFF, 0x82, 0xF8, 0x00, 0x7F, 0xC0, 0x2E, 0x40, 0x7F, 0x80, 0x00, 0xBF, 0xFE, 0x00, 0x00, 0x00,
    0x00, 0x01, 0xE0, 0x00, 0x00, 0x01, 0xF8, 0x00, 0x00, 0x00, 0xFE, 0x00, 0x00, 0x00, 0xFF, 0x80,
    0x00, 0x00, 0xDF, 0xE0, 0x00, 0x00, 0xA3, 0xF8, 0x00, 0x00, 0xA0, 0xFE, 0x00, 0x00, 0x70, 0x3F,
    0x80, 0x00, 0x70, 0x0F, 0xE0, 0x00, 0x34, 0x03, 0xF8, 0x00, 0x38, 0x00, 0xFE, 0x00, 0x38, 0x00,
    0x3F, 0x80, 0x2C, 0x00, 0x0F, 0xE0, 0x2C, 0x00, 0x03, 0xF8, 0x0F, 0xFF, 0xFF, 0xFF, 0xFF, 0xFF,
    0xFF, 0xFF, 0xFF, 0x00, 0x00, 0x1F, 0xE0, 0x00, 0x00, 0x07, 0xF8, 0x00, 0x00, 0x01, 0xFE, 0x00,
    0x00, 0x00, 0x7F, 0x80, 0x00, 0x0F, 0xFF, 0xFF, 0xC0, 0x00, 0x00, 0x00, 0x00, 0x07, 0x90, 0x01,
    0xB4, 0x01, 0xFF, 0xFF, 0xFC, 0x00, 0x7F, 0xFF, 0xFC, 0x00, 0x1F, 0xFF, 0xF8, 0x00, 0x07, 0xFF,
    0xE0, 0x00, 0x01, 0xD0, 0x00, 0x00, 0x00, 0x74, 0x00, 0x00, 0x00, 0x1D, 0x00, 0x00, 0x00, 0x07,
    0x5F, 0xFE, 0x00, 0x01, 0xF9, 0x03, 0xF8, 0x00, 0x74, 0x00, 0x3F, 0x80, 0x00, 0x00, 0x0F, 0xF4,
    0x00, 0x00, 0x02, 0xFE, 0x00, 0x00, 0x00, 0xBF, 0xC1, 0xF4, 0x00, 0x2F, 0xF0, 0xFF, 0x00, 0x0B,
    0xFC, 0x3F, 0xC0, 0x02, 0xFE, 0x0F, 0xE0, 0x00, 0xFF, 0x00, 0xE0, 0x00, 0x7F, 0x40, 0x1F, 0x40,
    0x7F, 0x40, 0x00, 0x7F, 0xF9, 0x00, 0x00, 0x00, 0x02, 0xFF, 0x90, 0x00, 0x0F, 0xD0, 0x2D, 0x00,
    0x1F, 0xC0, 0x0F, 0xC0, 0x1F, 0xC0, 0x0B, 0xF4, 0x0F, 0xE0, 0x02, 0xFD, 0x0B, 0xF4, 0x00, 0x3E,
    0x03, 0xFC, 0x00, 0x00, 0x00, 0xFF, 0x0B, 0xF9, 0x00, 0x7F, 0xDD, 0x0B, 0xE0, 0x1F, 0xFC, 0x00,
    0xBF, 0x07, 0xFE, 0x00, 0x1F, 0xE1, 0xFF, 0x40, 0x03, 0xFC, 0x7F, 0xC0, 0x00, 0xFF, 0x0F, 0xF0,
    0x00, 0x3F, 0xD3, 0xFC, 0x00, 0x0F, 0xF4, 0xBF, 0x00, 0x03, 0xFC, 0x1F, 0xD0, 0x00, 0xFF, 0x03,
    0xF4, 0x00, 0x7F, 0x40, 0x3F, 0x00, 0x2F, 0xC0, 0x03, 0xF0, 0x2F, 0x80, 0x00, 0x1B, 0xFE, 0x00,
    0x00, 0x3D, 0x00, 0x00, 0x00, 0x0F, 0xFF, 0xFF, 0xFF, 0xD3, 0xFF, 0xFF, 0xFF, 0xF0, 0xFF, 0xFF,
    0xFF, 0xF4, 0x7F, 0xFF, 0xFF, 0xF4, 0x2D, 0x00, 0x00, 0xB8, 0x0B, 0x00, 0x00, 0xB8, 0x03, 0x80,
    0x00, 0x7C, 0x00, 0x00, 0x00, 0x3C, 0x00, 0x00, 0x00, 0x3D, 0x00, 0x00, 0x00, 0x1F, 0x00, 0x00,
    0x00, 0x0F, 0x40, 0x00, 0x00, 0x0B, 0xC0, 0x00, 0x00, 0x03, 0xF0, 0x00, 0x00, 0x01, 0xFC, 0x00,
    0x00, 0x00, 0xFE, 0x00, 0x00, 0x00, 0x3F, 0x80, 0x00, 0x00, 0x1F, 0xE0, 0x00, 0x00, 0x07, 0xF8,
    0x00, 0x00, 0x02, 0xFD, 0x00, 0x00, 0x00, 0xBF, 0x40, 0x00, 0x00, 0x1F, 0xD0, 0x00, 0x00, 0x03,
    0xE0, 0x00, 0x00, 0x00, 0x2F, 0xFE, 0x40, 0x00, 0x78, 0x01, 0xFC, 0x00, 0x74, 0x00, 0x0F, 0xC0,
    0x3C, 0x00, 0x01, 0xF0, 0x0F, 0x40, 0x00, 0x3D, 0x07, 0xF8, 0x00, 0x1F, 0x00, 0xFF, 0xD0, 0x0F,
    0xC0, 0x3F, 0xFF, 0x4B, 0xC0, 0x07, 0xFF, 0xFF, 0x80, 0x00, 0x7F, 0xFF, 0xE0, 0x00, 0x0B, 0xFF,
    0xFF, 0x40, 0x1F, 0xDF, 0xFF, 0xF0, 0x1F, 0x80, 0x7F, 0xFF, 0x0F, 0xC0, 0x02, 0xFF, 0xC7, 0xE0,
    0x00, 0x0B, 0xF5, 0xF4, 0x00, 0x00, 0xFD, 0x7D, 0x00, 0x00, 0x2F, 0x0F, 0xC0, 0x00, 0x0B, 0x82,
    0xF4, 0x00, 0x03, 0xC0, 0x1F, 0x90, 0x0B, 0xC0, 0x00, 0x6F, 0xFE, 0x40, 0x00, 0x00, 0x2F, 0xFE,
    0x00, 0x00, 0xBE, 0x02, 0xF4, 0x00, 0xFE, 0x00, 0x3F, 0x40, 0xBF, 0x40, 0x07, 0xF0, 0x3F, 0xC0,
    0x01, 0xFD, 0x1F, 0xF0, 0x00, 0x3F, 0xC7, 0xFC, 0x00, 0x0F, 0xF1, 0xFF, 0x00, 0x03, 0xFC, 0x3F,
    0xC0, 0x01, 0xFF, 0x4B, 0xF0, 0x00, 0xBF, 0xD0, 0xFD, 0x00, 0x3F, 0xF4, 0x0F, 0xD0, 0x77, 0xFC,
    0x00, 0x6F, 0xE0, 0xFF, 0x00, 0x00, 0x00, 0x3F, 0xC0, 0x00, 0x00, 0x1F, 0xE0, 0x2F, 0x00, 0x07,
    0xF4, 0x1F, 0xE0, 0x02, 0xFC, 0x07, 0xF8, 0x00, 0xFC, 0x00, 0xFC, 0x00, 0xFD, 0x00, 0x1E, 0x01,
    0xFC, 0x00, 0x00, 0xBF, 0xE4, 0x00, 0x00, 0x1F, 0x83, 0xFE, 0x7F, 0xF3, 0xFE, 0x1F, 0x80, 0x00,
    0x00, 0x00, 0x00, 0x00, 0x00, 0x00, 0x1F, 0x83, 0xFE, 0x7F, 0xF3, 0xFE, 0x1F, 0x80, 0x1F, 0x80,
    0xFF, 0x87, 0xFF, 0x0F, 0xF8, 0x1F, 0x80, 0x00, 0x00, 0x00, 0x00, 0x00, 0x00, 0x00, 0x00, 0x01,
    0xF8, 0x0F, 0xF8, 0x7F, 0xF0, 0xFF, 0xC1, 0xFB, 0x00, 0x0C, 0x00, 0x70, 0x03, 0x40, 0x2C, 0x02,
    0xC0, 0x0C, 0x00, 0x00, 0x00, 0x00, 0x00, 0x00, 0x1C, 0x00, 0x00, 0x00, 0x00, 0x02, 0xF4, 0x00,
    0x00, 0x00, 0x00, 0x2F, 0x40, 0x00, 0x00, 0x00, 0x02, 0xE4, 0x00, 0x00, 0x00, 0x00, 0x7E, 0x00,
    0x00, 0x00, 0x00, 0x07, 0xE0, 0x00, 0x00, 0x00, 0x00, 0x7D, 0x00, 0x00, 0x00, 0x00, 0x0B, 0xD0,
    0x00, 0x00, 0x00, 0x00, 0xBD, 0x00, 0x00, 0x00, 0x00, 0x0B, 0x80, 0x00, 0x00, 0x00, 0x00, 0xB8,
    0x00, 0x00, 0x00, 0x00, 0x00, 0x3E, 0x00, 0x00, 0x00, 0x00, 0x00, 0x02, 0xE4, 0x00, 0x00, 0x00,
    0x00, 0x00, 0x2F, 0x40, 0x00, 0x00, 0x00, 0x00, 0x02, 0xF4, 0x00, 0x00, 0x00, 0x00, 0x00, 0x1F,
    0x80, 0x00, 0x00, 0x00, 0x00, 0x01, 0xF8, 0x00, 0x00, 0x00, 0x00, 0x00, 0x1B, 0x80, 0x00, 0x00,
    0x00, 0x00, 0x00, 0xBD, 0x00, 0x00, 0x00, 0x00, 0x00, 0x0B, 0xD0, 0x00, 0x00, 0x00, 0x00, 0x00,
    0xBC, 0x00, 0x00, 0x00, 0x00, 0x00, 0x04, 0xBF, 0xFF, 0xFF, 0xFF, 0xFF, 0xFF, 0xC0, 0x00, 0x00,
    0x00, 0x00, 0x00, 0x00, 0x00, 0x00, 0x00, 0x00, 0x00, 0x00, 0x00, 0x00, 0x00, 0x00, 0x00, 0x00,
    0x00, 0x00, 0x00, 0x00, 0x00, 0x00, 0x00, 0x00, 0x00, 0x00, 0x00, 0x00, 0x00, 0x00, 0x00, 0x00,
    0x00, 0x00, 0x00, 0x00, 0x0B, 0xFF, 0xFF, 0xFF, 0xFF, 0xFF, 0xFC, 0xA0, 0x00, 0x00, 0x00, 0x00,
    0x00, 0x2E, 0x40, 0x00, 0x00, 0x00, 0x00, 0x02, 0xF4, 0x00, 0x00, 0x00, 0x00, 0x00, 0x2F, 0x40,
    0x00, 0x00, 0x00, 0x00, 0x01, 0xF8, 0x00, 0x00, 0x00, 0x00, 0x00, 0x1F, 0x80, 0x00, 0x00, 0x00,
    0x00, 0x01, 0xB8, 0x00, 0x00, 0x00, 0x00, 0x00, 0x0B, 0x90, 0x00, 0x00, 0x00, 0x00, 0x00, 0xBD,
    0x00, 0x00, 0x00, 0x00, 0x00, 0x07, 0xD0, 0x00, 0x00, 0x00, 0x00, 0x00, 0x7C, 0x00, 0x00, 0x00,
    0x00, 0x01, 0xF4, 0x00, 0x00, 0x00, 0x00, 0x2F, 0x40, 0x00, 0x00, 0x00, 0x02, 0xF4, 0x00, 0x00,
    0x00, 0x00, 0x2E, 0x40, 0x00, 0x00, 0x00, 0x07, 0xE0, 0x00, 0x00, 0x00, 0x00, 0x7E, 0x00, 0x00,
    0x00, 0x00, 0x07, 0xD0, 0x00, 0x00, 0x00, 0x00, 0xBD, 0x00, 0x00, 0x00, 0x00, 0x0B, 0xD0, 0x00,
    0x00, 0x00, 0x00, 0xB8, 0x00, 0x00, 0x00, 0x00, 0x00, 0x00, 0x00, 0x00, 0x00, 0x00, 0x00, 0x02,
    0xFF, 0xE4, 0x02, 0xE4, 0x07, 0xF8, 0x7E, 0x00, 0x2F, 0xDF, 0xF0, 0x01, 0xFE, 0xFF, 0x00, 0x2F,
    0xE3, 0xD0, 0x03, 0xFD, 0x00, 0x00, 0xBF, 0x80, 0x00, 0x1F, 0xD0, 0x00, 0x03, 0xE0, 0x00, 0x00,
    0xB8, 0x00, 0x00, 0x0F, 0x00, 0x00, 0x00, 0xE0, 0x00, 0x00, 0x1D, 0x00, 0x00, 0x01, 0xC0, 0x00,
    0x00, 0x1C, 0x00, 0x00, 0x00, 0x00, 0x00, 0x00, 0x00, 0x00, 0x00, 0x00, 0x00, 0x00, 0x00, 0x3E,
    0x00, 0x00, 0x0F, 0xF8, 0x00, 0x00, 0xFF, 0xC0, 0x00, 0x0F, 0xF8, 0x00, 0x00, 0x3E, 0x00, 0x00,
    0x00, 0x00, 0x6F, 0xFF, 0x90, 0x00, 0x00, 0x00, 0xB9, 0x00, 0x1B, 0xD0, 0x00, 0x00, 0x78, 0x00,
    0x00, 0x07, 0xC0, 0x00, 0x2D, 0x00, 0x00, 0x00, 0x0B, 0x00, 0x07, 0x40, 0x00, 0x00, 0x00, 0x3C,
    0x00, 0xD0, 0x01, 0xBF, 0xD0, 0x00, 0xE0, 0x2C, 0x01, 0xFD, 0x07, 0xC0, 0x07, 0x03, 0x40, 0x7F,
    0x00, 0x0F, 0x50, 0x38, 0x70, 0x0F, 0xE0, 0x00, 0x7F, 0x42, 0xCB, 0x01, 0xFC, 0x00, 0x07, 0xF4,
    0x1C, 0xF0, 0x2F, 0xC0, 0x00, 0x7F, 0x41, 0xCE, 0x03, 0xFC, 0x00, 0x07, 0xF4, 0x0D, 0xE0, 0x3F,
    0xC0, 0x00, 0x7F, 0x40, 0xDF, 0x02, 0xFC, 0x00, 0x07, 0xF4, 0x0D, 0xB0, 0x1F, 0xC0, 0x00, 0x7F,
    0x41, 0xC7, 0x40, 0xFE, 0x00, 0x07, 0xF4, 0x1C, 0x38, 0x07, 0xF0, 0x00, 0xFF, 0x43, 0x81, 0xC0,
    0x1F, 0xD0, 0x7F, 0xF8, 0x70, 0x0B, 0x00, 0x1B, 0xFD, 0x0B, 0xF8, 0x00, 0x3C, 0x00, 0x00, 0x00,
    0x00, 0x00, 0x00, 0xB4, 0x00, 0x00, 0x00, 0x1F, 0xC0, 0x01, 0xF9, 0x00, 0x05, 0xBF, 0x90, 0x00,
    0x00, 0x6F, 0xFF, 0xE9, 0x00, 0x00, 0x00, 0x00, 0x00, 0xB4, 0x00, 0x00, 0x00, 0x00, 0x00, 0x03,
    0xF0, 0x00, 0x00, 0x00, 0x00, 0x00, 0x2F, 0xD0, 0x00, 0x00, 0x00, 0x00, 0x00, 0xFF, 0xC0, 0x00,
    0x00, 0x00, 0x00, 0x07, 0xFF, 0x00, 0x00, 0x00, 0x00, 0x00, 0x3F, 0xFE, 0x00, 0x00, 0x00, 0x00,
    0x01, 0xEF, 0xFC, 0x00, 0x00, 0x00, 0x00, 0x0F, 0x2F, 0xF4, 0x00, 0x00, 0x00, 0x00, 0x3C, 0x3F,
    0xF0, 0x00, 0x00, 0x00, 0x02, 0xD0, 0xBF, 0xD0, 0x00, 0x00, 0x00, 0x0F, 0x01, 0xFF, 0x80, 0x00,
    0x00, 0x00, 0x78, 0x03, 0xFF, 0x00, 0x00, 0x00, 0x03, 0xC0, 0x07, 0xFE, 0x00, 0x00, 0x00, 0x1E,
    0x00, 0x0F, 0xFC, 0x00, 0x00, 0x00, 0xB4, 0x00, 0x2F, 0xF4, 0x00, 0x00, 0x03, 0xFF, 0xFF, 0xFF,
    0xF0, 0x00, 0x00, 0x2F, 0xFF, 0xFF, 0xFF, 0xC0, 0x00, 0x00, 0xF0, 0x00, 0x02, 0xFF, 0x80, 0x00,
    0x07, 0x80, 0x00, 0x03, 0xFF, 0x00, 0x00, 0x3C, 0x00, 0x00, 0x0B, 0xFD, 0x00, 0x01, 0xF0, 0x00,
    0x00, 0x0F, 0xFC, 0x02, 0xFF, 0xFE, 0x00, 0x0F, 0xFF, 0xFF, 0xDB, 0xFF, 0xF8, 0x00, 0x3F, 0xFF,
    0xFF, 0x40, 0xBF, 0xFF, 0xFF, 0xFF, 0xE4, 0x00, 0xBF, 0xFF, 0xFF, 0xFF, 0xFF, 0x40, 0x00, 0xFF,
    0x00, 0x00, 0xBF, 0xD0, 0x00, 0xFF, 0x00, 0x00, 0x2F, 0xF0, 0x00, 0xFF, 0x00, 0x00, 0x0F, 0xF4,
    0x00, 0xFF, 0x00, 0x00, 0x0F, 0xF8, 0x00, 0xFF, 0x00, 0x00, 0x0F, 0xFC, 0x00, 0xFF, 0x00, 0x00,
    0x0F, 0xF8, 0x00, 0xFF, 0x00, 0x00, 0x1F, 0xF0, 0x00, 0xFF, 0x00, 0x00, 0x3F, 0xD0, 0x00, 0xFF,
    0x00, 0x01, 0xFE, 0x00, 0x00, 0xFF, 0xFF, 0xFF, 0xF4, 0x00, 0x00, 0xFF, 0x00, 0x00, 0x7F, 0x80,
    0x00, 0xFF, 0x00, 0x00, 0x0F, 0xF4, 0x00, 0xFF, 0x00, 0x00, 0x07, 0xFC, 0x00, 0xFF, 0x00, 0x00,
    0x03, 0xFE, 0x00, 0xFF, 0x00, 0x00, 0x03, 0xFF, 0x00, 0xFF, 0x00, 0x00, 0x03, 0xFF, 0x00, 0xFF,
    0x00, 0x00, 0x07, 0xFE, 0x00, 0xFF, 0x00, 0x00, 0x0F, 0xFC, 0x00, 0xFF, 0x00, 0x00, 0x7F, 0xF4,
    0xBF, 0xFF, 0xFF, 0xFF, 0xFF, 0xD0, 0xBF, 0xFF, 0xFF, 0xFF, 0xF9, 0x00, 0x00, 0x00, 0x6F, 0xFE,
    0x40, 0x0C, 0x00, 0x0B, 0xFF, 0xFF, 0xF4, 0x3D, 0x00, 0x7F, 0xF9, 0x00, 0x6E, 0xFD, 0x01, 0xFF,
    0x80, 0x00, 0x07, 0xFD, 0x07, 0xFD, 0x00, 0x00, 0x00, 0xFD, 0x0F, 0xF8, 0x00, 0x00, 0x00, 0x7D,
    0x2F, 0xF0, 0x00, 0x00, 0x00, 0x3D, 0x3F, 0xE0, 0x00, 0x00, 0x00, 0x1C, 0x7F, 0xD0, 0x00, 0x00,
    0x00, 0x00, 0xBF, 0xD0, 0x00, 0x00, 0x00, 0x00, 0xFF, 0xC0, 0x00, 0x00, 0x00, 0x00, 0xFF, 0xC0,
    0x00, 0x00, 0x00, 0x00, 0xFF, 0xC0, 0x00, 0x00, 0x00, 0x00, 0xBF, 0xD0, 0x00, 0x00, 0x00, 0x00,
    0x7F, 0xD0, 0x00, 0x00, 0x00, 0x00, 0x3F, 0xE0, 0x00, 0x00, 0x00, 0x0C, 0x2F, 0xF0, 0x00, 0x00,
    0x00, 0x1C, 0x0F, 0xF8, 0x00, 0x00, 0x00, 0x3C, 0x07, 0xFD, 0x00, 0x00, 0x00, 0xB4, 0x01, 0xFF,
    0x40, 0x00, 0x02, 0xE0, 0x00, 0x7F, 0xF9, 0x00, 0x6F, 0x80, 0x00, 0x0B, 0xFF, 0xFF, 0xFD, 0x00,
    0x00, 0x00, 0x6F, 0xFF, 0x90, 0x00, 0xBF, 0xFF, 0xFF, 0xFF, 0xE4, 0x00, 0x0B, 0xFF, 0xFF, 0xFF,
    0xFF, 0xF4, 0x00, 0x00, 0xFF, 0x40, 0x01, 0xBF, 0xF0, 0x00, 0x0F, 0xF4, 0x00, 0x00, 0xBF, 0xC0,
    0x00, 0xFF, 0x40, 0x00, 0x02, 0xFF, 0x00, 0x0F, 0xF4, 0x00, 0x00, 0x0F, 0xF4, 0x00, 0xFF, 0x40,
    0x00, 0x00, 0xBF, 0xC0, 0x0F, 0xF4, 0x00, 0x00, 0x07, 0xFD, 0x00, 0xFF, 0x40, 0x00, 0x00, 0x3F,
    0xE0, 0x0F, 0xF4, 0x00, 0x00, 0x03, 0xFF, 0x00, 0xFF, 0x40, 0x00, 0x00, 0x3F, 0xF0, 0x0F, 0xF4,
    0x00, 0x00, 0x03, 0xFF, 0x00, 0xFF, 0x40, 0x00, 0x00, 0x3F, 0xF0, 0x0F, 0xF4, 0x00, 0x00, 0x03,
    0xFF, 0x00, 0xFF, 0x40, 0x00, 0x00, 0x3F, 0xE0, 0x0F, 0xF4, 0x00, 0x00, 0x03, 0xFD, 0x00, 0xFF,
    0x40, 0x00, 0x00, 0x7F, 0xC0, 0x0F, 0xF4, 0x00, 0x00, 0x0F, 0xF8, 0x00, 0xFF, 0x40, 0x00, 0x02,
    0xFF, 0x00, 0x0F, 0xF4, 0x00, 0x00, 0xBF, 0xC0, 0x00, 0xFF, 0x40, 0x00, 0xBF, 0xF0, 0x0B, 0xFF,
    0xFF, 0xFF, 0xFF, 0xF8, 0x00, 0xBF, 0xFF, 0xFF, 0xFF, 0xE4, 0x00, 0x00, 0xBF, 0xFF, 0xFF, 0xFF,
    0xFF, 0xC2, 0xFF, 0xFF, 0xFF, 0xFF, 0xFF, 0x00, 0x0F, 0xF8, 0x00, 0x06, 0xFC, 0x00, 0x3F, 0xE0,
    0x00, 0x00, 0xF4, 0x00, 0xFF, 0x80, 0x00, 0x02, 0xD0, 0x03, 0xFE, 0x00, 0x00, 0x03, 0x80, 0x0F,
    0xF8, 0x00, 0x00, 0x0E, 0x00, 0x3F, 0xE0, 0x03, 0x40, 0x00, 0x00, 0xFF, 0x80, 0x1D, 0x00, 0x00,
    0x03, 0xFE, 0x01, 0xF4, 0x00, 0x00, 0x0F, 0xFF, 0xFF, 0xD0, 0x00, 0x00, 0x3F, 0xFF, 0xFF, 0x40,
    0x00, 0x00, 0xFF, 0x80, 0x7D, 0x00, 0x00, 0x03, 0xFE, 0x00, 0x74, 0x00, 0x00, 0x0F, 0xF8, 0x00,
    0xD0, 0x03, 0xC0, 0x3F, 0xE0, 0x00, 0x00, 0x0E, 0x00, 0xFF, 0x80, 0x00, 0x00, 0x34, 0x03, 0xFE,
    0x00, 0x00, 0x02, 0xD0, 0x0F, 0xF8, 0x00, 0x00, 0x0F, 0x00, 0x3F, 0xE0, 0x00, 0x00, 0xFC, 0x00,
    0xFF, 0x80, 0x00, 0x6F, 0xF2, 0xFF, 0xFF, 0xFF, 0xFF, 0xFF, 0x8B, 0xFF, 0xFF, 0xFF, 0xFF, 0xFD,
    0x00, 0xBF, 0xFF, 0xFF, 0xFF, 0xFF, 0x4B, 0xFF, 0xFF, 0xFF, 0xFF, 0xF4, 0x00, 0xFF, 0x80, 0x00,
    0x7F, 0x80, 0x0F, 0xF8, 0x00, 0x00, 0xBC, 0x00, 0xFF, 0x80, 0x00, 0x03, 0xC0, 0x0F, 0xF8, 0x00,
    0x00, 0x2C, 0x00, 0xFF, 0x80, 0x00, 0x01, 0xC0, 0x0F, 0xF8, 0x01, 0xC0, 0x00, 0x00, 0xFF, 0x80,
    0x2C, 0x00, 0x00, 0x0F, 0xF8, 0x07, 0xC0, 0x00, 0x00, 0xFF, 0xFF, 0xFC, 0x00, 0x00, 0x0F, 0xFF,
    0xFF, 0xC0, 0x00, 0x00, 0xFF, 0x80, 0x7C, 0x00, 0x00, 0x0F, 0xF8, 0x02, 0xC0, 0x00, 0x00, 0xFF,
    0x80, 0x1C, 0x00, 0x00, 0x0F, 0xF8, 0x00, 0x00, 0x00, 0x00, 0xFF, 0x80, 0x00, 0x00, 0x00, 0x0F,
    0xF8, 0x00, 0x00, 0x00, 0x00, 0xFF, 0x80, 0x00, 0x00, 0x00, 0x0F, 0xF8, 0x00, 0x00, 0x00, 0x00,
    0xFF, 0x80, 0x00, 0x00, 0x0B, 0xFF, 0xFF, 0xFC, 0x00, 0x00, 0xBF, 0xFF, 0xFF, 0xC0, 0x00, 0x00,
    0x00, 0x00, 0x6F, 0xFE, 0x40, 0x0C, 0x00, 0x00, 0xBF, 0xFF, 0xFF, 0x43, 0xD0, 0x00, 0x7F, 0xF9,
    0x00, 0x6E, 0xFD, 0x00, 0x1F, 0xF8, 0x00, 0x00, 0x7F, 0xD0, 0x07, 0xFD, 0x00, 0x00, 0x00, 0xFD,
    0x00, 0xFF, 0x80, 0x00, 0x00, 0x07, 0xD0, 0x2F, 0xF0, 0x00, 0x00, 0x00, 0x3D, 0x03, 0xFE, 0x00,
    0x00, 0x00, 0x01, 0xC0, 0x7F, 0xD0, 0x00, 0x00, 0x00, 0x00, 0x0B, 0xFD, 0x00, 0x00, 0x00, 0x00,
    0x00, 0xFF, 0xC0, 0x00, 0x00, 0x00, 0x00, 0x0F, 0xFC, 0x00, 0x00, 0x00, 0x00, 0x00, 0xFF, 0xC0,
    0x00, 0x00, 0x00, 0x00, 0x0B, 0xFD, 0x00, 0x00, 0x00, 0x00, 0x00, 0xBF, 0xD0, 0x00, 0x0F, 0xFF,
    0xFF, 0xF3, 0xFE, 0x00, 0x00, 0x00, 0x7F, 0xD0, 0x3F, 0xF0, 0x00, 0x00, 0x07, 0xFD, 0x01, 0xFF,
    0x80, 0x00, 0x00, 0x7F, 0xD0, 0x0B, 0xFD, 0x00, 0x00, 0x07, 0xFD, 0x00, 0x2F, 0xF8, 0x00, 0x00,
    0xFF, 0xD0, 0x00, 0x7F, 0xF9, 0x00, 0x7F, 0xFD, 0x00, 0x00, 0xBF, 0xFF, 0xFF, 0xCB, 0xD0, 0x00,
    0x00, 0x6F, 0xFF, 0x90, 0x1C, 0x00, 0xBF, 0xFF, 0xFF, 0x01, 0xFF, 0xFF, 0xFD, 0xBF, 0xFF, 0xFF,
    0x01, 0xFF, 0xFF, 0xFD, 0x00, 0xFF, 0x80, 0x00, 0x03, 0xFF, 0x00, 0x00, 0xFF, 0x80, 0x00, 0x03,
    0xFF, 0x00, 0x00, 0xFF, 0x80, 0x00, 0x03, 0xFF, 0x00, 0x00, 0xFF, 0x80, 0x00, 0x03, 0xFF, 0x00,
    0x00, 0xFF, 0x80, 0x00, 0x03, 0xFF, 0x00, 0x00, 0xFF, 0x80, 0x00, 0x03, 0xFF, 0x00, 0x00, 0xFF,
    0x80, 0x00, 0x03, 0xFF, 0x00, 0x00, 0xFF, 0x80, 0x00, 0x03, 0xFF, 0x00, 0x00, 0xFF, 0xFF, 0xFF,
    0xFF, 0xFF, 0x00, 0x00, 0xFF, 0xFF, 0xFF, 0xFF, 0xFF, 0x00, 0x00, 0xFF, 0x80, 0x00, 0x03, 0xFF,
    0x00, 0x00, 0xFF, 0x80, 0x00, 0x03, 0xFF, 0x00, 0x00, 0xFF, 0x80, 0x00, 0x03, 0xFF, 0x00, 0x00,
    0xFF, 0x80, 0x00, 0x03, 0xFF, 0x00, 0x00, 0xFF, 0x80, 0x00, 0x03, 0xFF, 0x00, 0x00, 0xFF, 0x80,
    0x00, 0x03, 0xFF, 0x00, 0x00, 0xFF, 0x80, 0x00, 0x03, 0xFF, 0x00, 0x00, 0xFF, 0x80, 0x00, 0x03,
    0xFF, 0x00, 0x00, 0xFF, 0x80, 0x00, 0x03, 0xFF, 0x00, 0xBF, 0xFF, 0xFF, 0x01, 0xFF, 0xFF, 0xFD,
    0xBF, 0xFF, 0xFF, 0x01, 0xFF, 0xFF, 0xFD, 0x00, 0x00, 0x00, 0x3F, 0xFF, 0xFF, 0xD0, 0x0F, 0xF8,
    0x00, 0x03, 0xFE, 0x00, 0x00, 0xFF, 0x80, 0x00, 0x3F, 0xE0, 0x00, 0x0F, 0xF8, 0x00, 0x03, 0xFE,
    0x00, 0x00, 0xFF, 0x80, 0x00, 0x3F, 0xE0, 0x00, 0x0F, 0xF8, 0x00, 0x03, 0xFE, 0x00, 0x00, 0xFF,
    0x80, 0x00, 0x3F, 0xE0, 0x00, 0x0F, 0xF8, 0x00, 0x03, 0xFE, 0x00, 0x00, 0xFF, 0x80, 0x00, 0x3F,
    0xE0, 0x00, 0x0F, 0xF8, 0x00, 0x03, 0xFE, 0x00, 0x00, 0xFF, 0x80, 0x00, 0x3F, 0xE0, 0x0F, 0xFF,
    0xFF, 0xF7, 0xFF, 0xFF, 0xFD, 0x00, 0x00, 0x00, 0x00, 0x00, 0x01, 0xFF, 0xFF, 0xFD, 0x00, 0x00,
    0x0F, 0xF8, 0x00, 0x00, 0x00, 0xFF, 0x80, 0x00, 0x00, 0x0F, 0xF8, 0x00, 0x00, 0x00, 0xFF, 0x80,
    0x00, 0x00, 0x0F, 0xF8, 0x00, 0x00, 0x00, 0xFF, 0x80, 0x00, 0x00, 0x0F, 0xF8, 0x00, 0x00, 0x00,
    0xFF, 0x80, 0x00, 0x00, 0x0F, 0xF8, 0x00, 0x00, 0x00, 0xFF, 0x80, 0x00, 0x00, 0x0F, 0xF8, 0x00,
    0x00, 0x00, 0xFF, 0x80, 0x00, 0x00, 0x0F, 0xF8, 0x00, 0x00, 0x00, 0xFF, 0x80, 0x00, 0x00, 0x0F,
    0xF8, 0x00, 0x00, 0x00, 0xFF, 0x80, 0x1F, 0x80, 0x0F, 0xF8, 0x03, 0xFE, 0x00, 0xFF, 0x80, 0x3F,
    0xF0, 0x0F, 0xF4, 0x03, 0xFD, 0x01, 0xFE, 0x00, 0x0F, 0xC0, 0x7F, 0x80, 0x00, 0x1B, 0xFF, 0x80,
    0x00, 0xBF, 0xFF, 0xFF, 0x00, 0x0B, 0xFF, 0xF8, 0xBF, 0xFF, 0xFF, 0x00, 0x0B, 0xFF, 0xF8, 0x00,
    0xFF, 0x80, 0x00, 0x00, 0xBD, 0x00, 0x00, 0xFF, 0x80, 0x00, 0x02, 0xE0, 0x00, 0x00, 0xFF, 0x80,
    0x00, 0x0F, 0x80, 0x00, 0x00, 0xFF, 0x80, 0x00, 0x3D, 0x00, 0x00, 0x00, 0xFF, 0x80, 0x01, 0xF0,
    0x00, 0x00, 0x00, 0xFF, 0x80, 0x0B, 0xC0, 0x00, 0x00, 0x00, 0xFF, 0x80, 0x2E, 0x00, 0x00, 0x00,
    0x00, 0xFF, 0x80, 0xFD, 0x00, 0x00, 0x00, 0x00, 0xFF, 0x87, 0xFF, 0x00, 0x00, 0x00, 0x00, 0xFF,
    0x9F, 0xFF, 0xC0, 0x00, 0x00, 0x00, 0xFF, 0xF8, 0x7F, 0xE0, 0x00, 0x00, 0x00, 0xFF, 0xE0, 0x2F,
    0xF8, 0x00, 0x00, 0x00, 0xFF, 0x80, 0x0F, 0xFD, 0x00, 0x00, 0x00, 0xFF, 0x80, 0x03, 0xFF, 0x00,
    0x00, 0x00, 0xFF, 0x80, 0x01, 0xFF, 0xC0, 0x00, 0x00, 0xFF, 0x80, 0x00, 0xBF, 0xE0, 0x00, 0x00,
    0xFF, 0x80, 0x00, 0x3F, 0xF4, 0x00, 0x00, 0xFF, 0x80, 0x00, 0x0F, 0xFC, 0x00, 0x00, 0xFF, 0x80,
    0x00, 0x07, 0xFF, 0x00, 0xBF, 0xFF, 0xFF, 0x00, 0xBF, 0xFF, 0xFC, 0xBF, 0xFF, 0xFF, 0x00, 0xBF,
    0xFF, 0xFC, 0x00, 0x00, 0x00, 0x00, 0x00, 0x2F, 0xFF, 0xFF, 0xF0, 0x00, 0x00, 0x0F, 0xF8, 0x00,
    0x00, 0x00, 0x03, 0xFE, 0x00, 0x00, 0x00, 0x00, 0xFF, 0x80, 0x00, 0x00, 0x00, 0x3F, 0xE0, 0x00,
    0x00, 0x00, 0x0F, 0xF8, 0x00, 0x00, 0x00, 0x03, 0xFE, 0x00, 0x00, 0x00, 0x00, 0xFF, 0x80, 0x00,
    0x00, 0x00, 0x3F, 0xE0, 0x00, 0x00, 0x00, 0x0F, 0xF8, 0x00, 0x00, 0x00, 0x03, 0xFE, 0x00, 0x00,
    0x00, 0x00, 0xFF, 0x80, 0x00, 0x00, 0x00, 0x3F, 0xE0, 0x00, 0x00, 0x00, 0x0F, 0xF8, 0x00, 0x00,
    0x00, 0x03, 0xFE, 0x00, 0x00, 0x1C, 0x00, 0xFF, 0x80, 0x00, 0x0B, 0x00, 0x3F, 0xE0, 0x00, 0x03,
    0xC0, 0x0F, 0xF8, 0x00, 0x00, 0xF0, 0x03, 0xFE, 0x00, 0x00, 0xB8, 0x00, 0xFF, 0x80, 0x00, 0xBE,
    0x00, 0x3F, 0xE0, 0x01, 0xFF, 0x4B, 0xFF, 0xFF, 0xFF, 0xFF, 0xD2, 0xFF, 0xFF, 0xFF, 0xFF, 0xF0,
    0xBF, 0xFF, 0xC0, 0x00, 0x00, 0x00, 0x3F, 0xFF, 0xEB, 0xFF, 0xFD, 0x00, 0x00, 0x00, 0x07, 0xFF,
    0xFE, 0x00, 0xFF, 0xF0, 0x00, 0x00, 0x00, 0xEF, 0xF0, 0x00, 0x0E, 0xFF, 0x40, 0x00, 0x00, 0x1D,
    0xFF, 0x00, 0x00, 0xE7, 0xFC, 0x00, 0x00, 0x02, 0xCF, 0xF0, 0x00, 0x0E, 0x3F, 0xC0, 0x00, 0x00,
    0x34, 0xFF, 0x00, 0x00, 0xE1, 0xFE, 0x00, 0x00, 0x0B, 0x0F, 0xF0, 0x00, 0x0E, 0x0F, 0xF0, 0x00,
    0x00, 0xD0, 0xFF, 0x00, 0x00, 0xE0, 0xBF, 0x80, 0x00, 0x2C, 0x0F, 0xF0, 0x00, 0x0E, 0x03, 0xFC,
    0x00, 0x03, 0x80, 0xFF, 0x00, 0x00, 0xE0, 0x2F, 0xD0, 0x00, 0x70, 0x0F, 0xF0, 0x00, 0x0E, 0x00,
    0xFF, 0x00, 0x0E, 0x00, 0xFF, 0x00, 0x00, 0xE0, 0x0F, 0xF4, 0x01, 0xC0, 0x0F, 0xF0, 0x00, 0x0E,
    0x00, 0x7F, 0xC0, 0x38, 0x00, 0xFF, 0x00, 0x00, 0xE0, 0x03, 0xFD, 0x07, 0x40, 0x0F, 0xF0, 0x00,
    0x0E, 0x00, 0x1F, 0xF0, 0xB0, 0x00, 0xFF, 0x00, 0x00, 0xE0, 0x00, 0xFF, 0x0D, 0x00, 0x0F, 0xF0,
    0x00, 0x0E, 0x00, 0x07, 0xFA, 0xC0, 0x00, 0xFF, 0x00, 0x00, 0xE0, 0x00, 0x3F, 0xF4, 0x00, 0x0F,
    0xF0, 0x00, 0x0E, 0x00, 0x02, 0xFF, 0x00, 0x00, 0xFF, 0x00, 0x01, 0xF0, 0x00, 0x0F, 0xE0, 0x00,
    0x0F, 0xF0, 0x0B, 0xFF, 0xFC, 0x00, 0xBC, 0x00, 0xBF, 0xFF, 0xFE, 0xBF, 0xFF, 0xC0, 0x03, 0x40,
    0x0B, 0xFF, 0xFF, 0xE0, 0xBF, 0xFF, 0xC0, 0x00, 0x07, 0xFF, 0xFD, 0xBF, 0xFF, 0xF0, 0x00, 0x0B,
    0xFF, 0xFD, 0x00, 0xFF, 0xF8, 0x00, 0x00, 0x0F, 0x00, 0x00, 0xFF, 0xFE, 0x00, 0x00, 0x0F, 0x00,
    0x00, 0xE7, 0xFF, 0x40, 0x00, 0x0F, 0x00, 0x00, 0xE2, 0xFF, 0xD0, 0x00, 0x0F, 0x00, 0x00, 0xE0,
    0xBF, 0xF0, 0x00, 0x0F, 0x00, 0x00, 0xE0, 0x3F, 0xFC, 0x00, 0x0F, 0x00, 0x00, 0xE0, 0x0F, 0xFF,
    0x00, 0x0F, 0x00, 0x00, 0xE0, 0x03, 0xFF, 0x80, 0x0F, 0x00, 0x00, 0xE0, 0x01, 0xFF, 0xD0, 0x0F,
    0x00, 0x00, 0xE0, 0x00, 0x7F, 0xF4, 0x0F, 0x00, 0x00, 0xE0, 0x00, 0x2F, 0xFC, 0x0F, 0x00, 0x00,
    0xE0, 0x00, 0x0B, 0xFF, 0x0F, 0x00, 0x00, 0xE0, 0x00, 0x03, 0xFF, 0xCF, 0x00, 0x00, 0xE0, 0x00,
    0x00, 0xFF, 0xEF, 0x00, 0x00, 0xE0, 0x00, 0x00, 0x3F, 0xFF, 0x00, 0x00, 0xE0, 0x00, 0x00, 0x1F,
    0xFF, 0x00, 0x00, 0xE0, 0x00, 0x00, 0x07, 0xFF, 0x00, 0x00, 0xE0, 0x00, 0x00, 0x02, 0xFF, 0x00,
    0x01, 0xE0, 0x00, 0x00, 0x00, 0xBF, 0x00, 0xBF, 0xFF, 0xC0, 0x00, 0x00, 0x3F, 0x00, 0xBF, 0xFF,
    0xC0, 0x00, 0x00, 0x0E, 0x00, 0x00, 0x00, 0xBF, 0xFE, 0x40, 0x00, 0x00, 0x07, 0xF9, 0x01, 0xFE,
    0x00, 0x00, 0x0B, 0xF0, 0x00, 0x0B, 0xF0, 0x00, 0x0F, 0xF0, 0x00, 0x00, 0xBF, 0x40, 0x0B, 0xF4,
    0x00, 0x00, 0x0F, 0xF0, 0x07, 0xFC, 0x00, 0x00, 0x01, 0xFF, 0x03, 0xFE, 0x00, 0x00, 0x00, 0x3F,
    0xD0, 0xFF, 0x40, 0x00, 0x00, 0x0F, 0xF8, 0xBF, 0xD0, 0x00, 0x00, 0x03, 0xFF, 0x2F, 0xF0, 0x00,
    0x00, 0x00, 0xFF, 0xCF, 0xFC, 0x00, 0x00, 0x00, 0x2F, 0xF7, 0xFF, 0x00, 0x00, 0x00, 0x0B, 0xFD,
    0xFF, 0xC0, 0x00, 0x00, 0x02, 0xFF, 0x6F, 0xF4, 0x00, 0x00, 0x00, 0xFF, 0xCB, 0xFD, 0x00, 0x00,
    0x00, 0x3F, 0xF1, 0xFF, 0x80, 0x00, 0x00, 0x0F, 0xFC, 0x3F, 0xF0, 0x00, 0x00, 0x07, 0xFD, 0x07,
    0xFC, 0x00, 0x00, 0x02, 0xFF, 0x00, 0xFF, 0x80, 0x00, 0x00, 0xFF, 0x40, 0x0F, 0xF0, 0x00, 0x00,
    0xBF, 0x40, 0x00, 0xBF, 0x40, 0x00, 0xBF, 0x40, 0x00, 0x07, 0xF9, 0x01, 0xFE, 0x00, 0x00, 0x00,
    0x1B, 0xFF, 0xE4, 0x00, 0x00, 0xBF, 0xFF, 0xFF, 0xFF, 0xA0, 0x02, 0xFF, 0xFF, 0xFF, 0xFF, 0xF8,
    0x00, 0x0F, 0xF4, 0x00, 0x1F, 0xFC, 0x00, 0x3F, 0xD0, 0x00, 0x0F, 0xF8, 0x00, 0xFF, 0x40, 0x00,
    0x1F, 0xF4, 0x03, 0xFD, 0x00, 0x00, 0x7F, 0xE0, 0x0F, 0xF4, 0x00, 0x01, 0xFF, 0x80, 0x3F, 0xD0,
    0x00, 0x07, 0xFE, 0x00, 0xFF, 0x40, 0x00, 0x1F, 0xF8, 0x03, 0xFD, 0x00, 0x00, 0xBF, 0xC0, 0x0F,
    0xF4, 0x00, 0x03, 0xFD, 0x00, 0x3F, 0xD0, 0x00, 0x7F, 0xD0, 0x00, 0xFF, 0xFF, 0xFF, 0xE4, 0x00,
    0x03, 0xFE, 0x00, 0x00, 0x00, 0x00, 0x0F, 0xF8, 0x00, 0x00, 0x00, 0x00, 0x3F, 0xE0, 0x00, 0x00,
    0x00, 0x00, 0xFF, 0x80, 0x00, 0x00, 0x00, 0x03, 0xFE, 0x00, 0x00, 0x00, 0x00, 0x0F, 0xF8, 0x00,
    0x00, 0x00, 0x00, 0x3F, 0xE0, 0x00, 0x00, 0x00, 0x00, 0xFF, 0x80, 0x00, 0x00, 0x02, 0xFF, 0xFF,
    0xFC, 0x00, 0x00, 0x0B, 0xFF, 0xFF, 0xF0, 0x00, 0x00, 0x00, 0x00, 0x00, 0xBF, 0xFE, 0x40, 0x00,
    0x00, 0x07, 0xF9, 0x01, 0xFE, 0x00, 0x00, 0x0B, 0xF0, 0x00, 0x0B, 0xF0, 0x00, 0x0F, 0xF0, 0x00,
    0x00, 0xBF, 0x40, 0x0B, 0xF4, 0x00, 0x00, 0x0F, 0xF0, 0x07, 0xFC, 0x00, 0x00, 0x01, 0xFF, 0x03,
    0xFE, 0x00, 0x00, 0x00, 0x3F, 0xD0, 0xFF, 0x40, 0x00, 0x00, 0x0F, 0xF8, 0x7F, 0xC0, 0x00, 0x00,
    0x02, 0xFF, 0x2F, 0xF0, 0x00, 0x00, 0x00, 0xBF, 0xCF, 0xFC, 0x00, 0x00, 0x00, 0x2F, 0xF7, 0xFF,
    0x00, 0x00, 0x00, 0x07, 0xFD, 0xFF, 0xC0, 0x00, 0x00, 0x02, 0xFF, 0x6F, 0xF0, 0x00, 0x00, 0x00,
    0xBF, 0xCB, 0xFC, 0x00, 0x00, 0x00, 0x2F, 0xF1, 0xFF, 0x40, 0x00, 0x00, 0x0F, 0xFC, 0x3F, 0xD0,
    0x00, 0x00, 0x03, 0xFD, 0x07, 0xFC, 0x00, 0x00, 0x01, 0xFF, 0x00, 0xFF, 0x00, 0xBE, 0x40, 0xFF,
    0x40, 0x0F, 0xF0, 0xA0, 0x74, 0x7F, 0x80, 0x00, 0xFF, 0x34, 0x07, 0xBF, 0x80, 0x00, 0x07, 0xFE,
    0x01, 0xFF, 0x40, 0x00, 0x00, 0x1B, 0xFF, 0xFF, 0x00, 0x14, 0x00, 0x00, 0x00, 0x07, 0xE0, 0x1E,
    0x00, 0x00, 0x00, 0x00, 0xFF, 0xFF, 0x40, 0x00, 0x00, 0x00, 0x3F, 0xFF, 0xC0, 0x00, 0x00, 0x00,
    0x07, 0xFF, 0xE0, 0x00, 0x00, 0x00, 0x00, 0xFF, 0xF0, 0x00, 0x00, 0x00, 0x00, 0x0B, 0xE0, 0x00,
    0xBF, 0xFF, 0xFF, 0xFF, 0x90, 0x00, 0x00, 0xBF, 0xFF, 0xFF, 0xFF, 0xFD, 0x00, 0x00, 0x00, 0xFF,
    0x40, 0x06, 0xFF, 0x80, 0x00, 0x00, 0xFF, 0x40, 0x00, 0x3F, 0xE0, 0x00, 0x00, 0xFF, 0x40, 0x00,
    0x2F, 0xF0, 0x00, 0x00, 0xFF, 0x40, 0x00, 0x1F, 0xF8, 0x00, 0x00, 0xFF, 0x40, 0x00, 0x1F, 0xF8,
    0x00, 0x00, 0xFF, 0x40, 0x00, 0x1F, 0xF4, 0x00, 0x00, 0xFF, 0x40, 0x00, 0x2F, 0xF0, 0x00, 0x00,
    0xFF, 0x40, 0x00, 0x3F, 0xD0, 0x00, 0x00, 0xFF, 0x40, 0x06, 0xFE, 0x00, 0x00, 0x00, 0xFF, 0xFF,
    0xFF, 0xE0, 0x00, 0x00, 0x00, 0xFF, 0x40, 0x0B, 0xF8, 0x00, 0x00, 0x00, 0xFF, 0x40, 0x02, 0xFF,
    0x00, 0x00, 0x00, 0xFF, 0x40, 0x01, 0xFF, 0x80, 0x00, 0x00, 0xFF, 0x40, 0x00, 0xFF, 0xC0, 0x00,
    0x00, 0xFF, 0x40, 0x00, 0xFF, 0xC0, 0x00, 0x00, 0xFF, 0x40, 0x00, 0xFF, 0xC0, 0x00, 0x00, 0xFF,
    0x40, 0x00, 0xFF, 0xC0, 0x00, 0x00, 0xFF, 0x40, 0x00, 0xBF, 0xD0, 0x0C, 0x00, 0xFF, 0x40, 0x00,
    0x7F, 0xE0, 0x1C, 0xBF, 0xFF, 0xFF, 0x00, 0x2F, 0xF4, 0x78, 0xBF, 0xFF, 0xFF, 0x00, 0x02, 0xFF,
    0xE0, 0x00, 0xBF, 0xF9, 0x0B, 0x02, 0xF4, 0x02, 0xFF, 0xC2, 0xF0, 0x00, 0x0F, 0xF1, 0xF8, 0x00,
    0x00, 0xFC, 0xBD, 0x00, 0x00, 0x1F, 0x3F, 0x40, 0x00, 0x03, 0xCF, 0xF0, 0x00, 0x00, 0xB2, 0xFF,
    0x00, 0x00, 0x00, 0x7F, 0xFE, 0x40, 0x00, 0x0F, 0xFF, 0xFF, 0x90, 0x01, 0xFF, 0xFF, 0xFF, 0x40,
    0x1F, 0xFF, 0xFF, 0xF4, 0x00, 0xBF, 0xFF, 0xFF, 0x00, 0x00, 0x6F, 0xFF, 0xE0, 0x00, 0x00, 0x2F,
    0xFC, 0x00, 0x00, 0x00, 0xFF, 0xE0, 0x00, 0x00, 0x1F, 0xFC, 0x00, 0x00, 0x07, 0xEF, 0x40, 0x00,
    0x01, 0xF7, 0xF4, 0x00, 0x00, 0xFC, 0xFF, 0xE4, 0x01, 0xFD, 0x3D, 0x3F, 0xFF, 0xFD, 0x0D, 0x01,
    0xBF, 0xF8, 0x00, 0x3F, 0xFF, 0xFF, 0xFF, 0xFF, 0xFD, 0x3F, 0xFF, 0xFF, 0xFF, 0xFF, 0xFD, 0x3F,
    0x40, 0x0F, 0xF8, 0x01, 0xBE, 0x7C, 0x00, 0x0F, 0xF8, 0x00, 0x2E, 0x74, 0x00, 0x0F, 0xF8, 0x00,
    0x0E, 0x70, 0x00, 0x0F, 0xF8, 0x00, 0x0F, 0xB0, 0x00, 0x0F, 0xF8, 0x00, 0x0B, 0x00, 0x00, 0x0F,
    0xF8, 0x00, 0x00, 0x00, 0x00, 0x0F, 0xF8, 0x00, 0x00, 0x00, 0x00, 0x0F, 0xF8, 0x00, 0x00, 0x00,
    0x00, 0x0F, 0xF8, 0x00, 0x00, 0x00, 0x00, 0x0F, 0xF8, 0x00, 0x00, 0x00, 0x00, 0x0F, 0xF8, 0x00,
    0x00, 0x00, 0x00, 0x0F, 0xF8, 0x00, 0x00, 0x00, 0x00, 0x0F, 0xF8, 0x00, 0x00, 0x00, 0x00, 0x0F,
    0xF8, 0x00, 0x00, 0x00, 0x00, 0x0F, 0xF8, 0x00, 0x00, 0x00, 0x00, 0x0F, 0xF8, 0x00, 0x00, 0x00,
    0x00, 0x0F, 0xF8, 0x00, 0x00, 0x00, 0x00, 0x0F, 0xF8, 0x00, 0x00, 0x00, 0x00, 0x0F, 0xF8, 0x00,
    0x00, 0x00, 0x00, 0x0F, 0xF8, 0x00, 0x00, 0x00, 0x3F, 0xFF, 0xFF, 0xFE, 0x00, 0x00, 0x00, 0x00,
    0x00, 0x00, 0x00, 0xBF, 0xFF, 0xFF, 0x00, 0x0F, 0xFF, 0xFE, 0xFF, 0xFF, 0xFC, 0x00, 0x3F, 0xFF,
    0xF0, 0x0F, 0xF8, 0x00, 0x00, 0x02, 0xD0, 0x00, 0x3F, 0xE0, 0x00, 0x00, 0x07, 0x40, 0x00, 0xFF,
    0x80, 0x00, 0x00, 0x1D, 0x00, 0x03, 0xFE, 0x00, 0x00, 0x00, 0x74, 0x00, 0x0F, 0xF8, 0x00, 0x00,
    0x01, 0xD0, 0x00, 0x3F, 0xE0, 0x00, 0x00, 0x07, 0x40, 0x00, 0xFF, 0x80, 0x00, 0x00, 0x1D, 0x00,
    0x03, 0xFE, 0x00, 0x00, 0x00, 0x74, 0x00, 0x0F, 0xF8, 0x00, 0x00, 0x01, 0xD0, 0x00, 0x3F, 0xE0,
    0x00, 0x00, 0x07, 0x40, 0x00, 0xFF, 0x80, 0x00, 0x00, 0x1D, 0x00, 0x03, 0xFE, 0x00, 0x00, 0x00,
    0x74, 0x00, 0x0F, 0xF8, 0x00, 0x00, 0x01, 0xD0, 0x00, 0x3F, 0xE0, 0x00, 0x00, 0x07, 0x40, 0x00,
    0xFF, 0x80, 0x00, 0x00, 0x2C, 0x00, 0x02, 0xFF, 0x00, 0x00, 0x00, 0xF0, 0x00, 0x07, 0xFC, 0x00,
    0x00, 0x0B, 0x40, 0x00, 0x0B, 0xFC, 0x00, 0x00, 0xBC, 0x00, 0x00, 0x0B, 0xFE, 0x00, 0x1F, 0xC0,
    0x00, 0x00, 0x07, 0xFF, 0xFF, 0xFC, 0x00, 0x00, 0x00, 0x01, 0xBF, 0xFE, 0x00, 0x00, 0x00, 0x3F,
    0xFF, 0xFF, 0x00, 0x01, 0xFF, 0xFF, 0x3F, 0xFF, 0xFF, 0x00, 0x01, 0xFF, 0xFF, 0x00, 0xFF, 0xC0,
    0x00, 0x00, 0x0B, 0x80, 0x00, 0x7F, 0xD0, 0x00, 0x00, 0x0F, 0x00, 0x00, 0x3F, 0xF0, 0x00, 0x00,
    0x1E, 0x00, 0x00, 0x2F, 0xF4, 0x00, 0x00, 0x2C, 0x00, 0x00, 0x0F, 0xFC, 0x00, 0x00, 0x38, 0x00,
    0x00, 0x0B, 0xFD, 0x00, 0x00, 0xB4, 0x00, 0x00, 0x03, 0xFF, 0x00, 0x00, 0xF0, 0x00, 0x00, 0x02,
    0xFF, 0x00, 0x02, 0xD0, 0x00, 0x00, 0x01, 0xFF, 0x80, 0x03, 0xC0, 0x00, 0x00, 0x00, 0xFF, 0xC0,
    0x07, 0x40, 0x00, 0x00, 0x00, 0x7F, 0xE0, 0x0F, 0x00, 0x00, 0x00, 0x00, 0x3F, 0xF0, 0x1E, 0x00,
    0x00, 0x00, 0x00, 0x1F, 0xF4, 0x3C, 0x00, 0x00, 0x00, 0x00, 0x0F, 0xFC, 0x38, 0x00, 0x00, 0x00,
    0x00, 0x0B, 0xFD, 0xB0, 0x00, 0x00, 0x00, 0x00, 0x03, 0xFF, 0xF0, 0x00, 0x00, 0x00, 0x00, 0x02,
    0xFF, 0xD0, 0x00, 0x00, 0x00, 0x00, 0x00, 0xFF, 0xC0, 0x00, 0x00, 0x00, 0x00, 0x00, 0xFF, 0x40,
    0x00, 0x00, 0x00, 0x00, 0x00, 0x7F, 0x00, 0x00, 0x00, 0x00, 0x00, 0x00, 0x2D, 0x00, 0x00, 0x00,
    0x3F, 0xFF, 0xFE, 0x07, 0xFF, 0xFF, 0xD0, 0x0B, 0xFF, 0xF4, 0xFF, 0xFF, 0xF8, 0x1F, 0xFF, 0xFF,
    0x40, 0x2F, 0xFF, 0xD0, 0x0F, 0xF8, 0x00, 0x01, 0xFF, 0x40, 0x00, 0x02, 0xD0, 0x00, 0x3F, 0xF0,
    0x00, 0x03, 0xFF, 0x00, 0x00, 0x0B, 0x00, 0x00, 0x7F, 0xD0, 0x00, 0x0B, 0xFC, 0x00, 0x00, 0x38,
    0x00, 0x00, 0xFF, 0xC0, 0x00, 0x1F, 0xF8, 0x00, 0x01, 0xC0, 0x00, 0x02, 0xFF, 0x00, 0x00, 0xBF,
    0xF0, 0x00, 0x0F, 0x00, 0x00, 0x03, 0xFE, 0x00, 0x03, 0xFF, 0xD0, 0x00, 0x74, 0x00, 0x00, 0x0F,
    0xFC, 0x00, 0x1D, 0xFF, 0xC0, 0x02, 0xC0, 0x00, 0x00, 0x1F, 0xF4, 0x00, 0xF2, 0xFF, 0x00, 0x0E,
    0x00, 0x00, 0x00, 0x3F, 0xF0, 0x03, 0x43, 0xFE, 0x00, 0x70, 0x00, 0x00, 0x00, 0xBF, 0xC0, 0x2C,
    0x0F, 0xFC, 0x03, 0xC0, 0x00, 0x00, 0x01, 0xFF, 0x80, 0xE0, 0x1F, 0xF4, 0x0D, 0x00, 0x00, 0x00,
    0x03, 0xFF, 0x07, 0x40, 0x3F, 0xF0, 0xB0, 0x00, 0x00, 0x00, 0x07, 0xFD, 0x3C, 0x00, 0xBF, 0xC3,
    0x80, 0x00, 0x00, 0x00, 0x0F, 0xFC, 0xD0, 0x01, 0xFF, 0x9D, 0x00, 0x00, 0x00, 0x00, 0x2F, 0xFB,
    0x00, 0x03, 0xFF, 0xF0, 0x00, 0x00, 0x00, 0x00, 0x7F, 0xF8, 0x00, 0x07, 0xFF, 0x40, 0x00, 0x00,
    0x00, 0x00, 0xFF, 0xD0, 0x00, 0x0F, 0xFC, 0x00, 0x00, 0x00, 0x00, 0x01, 0xFF, 0x00, 0x00, 0x2F,
    0xE0, 0x00, 0x00, 0x00, 0x00, 0x03, 0xF8, 0x00, 0x00, 0x7F, 0x40, 0x00, 0x00, 0x00, 0x00, 0x0B,
    0xC0, 0x00, 0x00, 0xFC, 0x00, 0x00, 0x00, 0x00, 0x00, 0x1E, 0x00, 0x00, 0x01, 0xD0, 0x00, 0x00,
    0x00, 0x7F, 0xFF, 0xFF, 0x01, 0xFF, 0xFF, 0xC1, 0xFF, 0xFF, 0xFC, 0x0B, 0xFF, 0xFF, 0x00, 0x0F,
    0xFE, 0x00, 0x00, 0xF8, 0x00, 0x00, 0x0F, 0xFD, 0x00, 0x07, 0xC0, 0x00, 0x00, 0x1F, 0xFC, 0x00,
    0x3C, 0x00, 0x00, 0x00, 0x2F, 0xFC, 0x03, 0xD0, 0x00, 0x00, 0x00, 0x3F, 0xF8, 0x2E, 0x00, 0x00,
    0x00, 0x00, 0x3F, 0xF5, 0xE0, 0x00, 0x00, 0x00, 0x00, 0x7F, 0xFF, 0x00, 0x00, 0x00, 0x00, 0x00,
    0xBF, 0xF0, 0x00, 0x00, 0x00, 0x00, 0x00, 0xFF, 0xE0, 0x00, 0x00, 0x00, 0x00, 0x00, 0xFF, 0xD0,
    0x00, 0x00, 0x00, 0x00, 0x07, 0xFF, 0xC0, 0x00, 0x00, 0x00, 0x00, 0x3E, 0xFF, 0x80, 0x00, 0x00,
    0x00, 0x03, 0xD3, 0xFF, 0x40, 0x00, 0x00, 0x00, 0x2E, 0x03, 0xFF, 0x00, 0x00, 0x00, 0x01, 0xE0,
    0x07, 0xFF, 0x00, 0x00, 0x00, 0x1F, 0x00, 0x0B, 0xFE, 0x00, 0x00, 0x00, 0xF0, 0x00, 0x0F, 0xFD,
    0x00, 0x00, 0x0F, 0x40, 0x00, 0x0F, 0xFC, 0x00, 0x00, 0xBC, 0x00, 0x00, 0x1F, 0xFC, 0x03, 0xFF,
    0xFF, 0x80, 0x0F, 0xFF, 0xFF, 0xEF, 0xFF, 0xFE, 0x00, 0x2F, 0xFF, 0xFF, 0x80, 0x7F, 0xFF, 0xFF,
    0x00, 0x00, 0xFF, 0xFF, 0x1F, 0xFF, 0xFF, 0xC0, 0x00, 0x3F, 0xFF, 0xC0, 0x0F, 0xFE, 0x00, 0x00,
    0x00, 0xF8, 0x00, 0x00, 0xFF, 0xD0, 0x00, 0x00, 0x7C, 0x00, 0x00, 0x1F, 0xFC, 0x00, 0x00, 0x3C,
    0x00, 0x00, 0x03, 0xFF, 0x80, 0x00, 0x2D, 0x00, 0x00, 0x00, 0x3F, 0xF4, 0x00, 0x1F, 0x00, 0x00,
    0x00, 0x07, 0xFF, 0x00, 0x0F, 0x00, 0x00, 0x00, 0x00, 0xFF, 0xE0, 0x0B, 0x40, 0x00, 0x00, 0x00,
    0x0F, 0xFD, 0x07, 0xC0, 0x00, 0x00, 0x00, 0x01, 0xFF, 0xC3, 0xC0, 0x00, 0x00, 0x00, 0x00, 0x3F,
    0xFA, 0xD0, 0x00, 0x00, 0x00, 0x00, 0x03, 0xFF, 0xF0, 0x00, 0x00, 0x00, 0x00, 0x00, 0x7F, 0xF0,
    0x00, 0x00, 0x00, 0x00, 0x00, 0x0F, 0xF8, 0x00, 0x00, 0x00, 0x00, 0x00, 0x03, 0xFE, 0x00, 0x00,
    0x00, 0x00, 0x00, 0x00, 0xFF, 0x80, 0x00, 0x00, 0x00, 0x00, 0x00, 0x3F, 0xE0, 0x00, 0x00, 0x00,
    0x00, 0x00, 0x0F, 0xF8, 0x00, 0x00, 0x00, 0x00, 0x00, 0x03, 0xFE, 0x00, 0x00, 0x00, 0x00, 0x00,
    0x00, 0xFF, 0x80, 0x00, 0x00, 0x00, 0x00, 0x00, 0x3F, 0xE0, 0x00, 0x00, 0x00, 0x00, 0x07, 0xFF,
    0xFF, 0xF0, 0x00, 0x00, 0x00, 0x00, 0x00, 0x00, 0x00, 0x00, 0x00, 0x3F, 0xFF, 0xFF, 0xFF, 0xFC,
    0x3F, 0xFF, 0xFF, 0xFF, 0xFC, 0x3F, 0xE4, 0x00, 0x3F, 0xF4, 0x3F, 0x00, 0x00, 0x7F, 0xF0, 0x3C,
    0x00, 0x00, 0xFF, 0xC0, 0x38, 0x00, 0x03, 0xFF, 0x40, 0x74, 0x00, 0x07, 0xFF, 0x00, 0x74, 0x00,
    0x0F, 0xFC, 0x00, 0x00, 0x00, 0x3F, 0xF4, 0x00, 0x00, 0x00, 0x7F, 0xF0, 0x00, 0x00, 0x00, 0xFF,
    0xC0, 0x00, 0x00, 0x03, 0xFF, 0x80, 0x00, 0x00, 0x07, 0xFF, 0x00, 0x00, 0x00, 0x0F, 0xFC, 0x00,
    0x00, 0x00, 0x3F, 0xF8, 0x00, 0x1C, 0x00, 0xBF, 0xF0, 0x00, 0x1C, 0x00, 0xFF, 0xC0, 0x00, 0x2C,
    0x03, 0xFF, 0x80, 0x00, 0x3C, 0x0B, 0xFF, 0x00, 0x00, 0x3C, 0x0F, 0xFD, 0x00, 0x00, 0xBC, 0x3F,
    0xF8, 0x00, 0x02, 0xFC, 0xBF, 0xF0, 0x00, 0x1F, 0xFC, 0xFF, 0xFF, 0xFF, 0xFF, 0xF8, 0xBF, 0xFA,
    0xFC, 0x0B, 0xF0, 0x2F, 0xC0, 0xBF, 0x02, 0xFC, 0x0B, 0xF0, 0x2F, 0xC0, 0xBF, 0x02, 0xFC, 0x0B,
    0xF0, 0x2F, 0xC0, 0xBF, 0x02, 0xFC, 0x0B, 0xF0, 0x2F, 0xC0, 0xBF, 0x02, 0xFC, 0x0B, 0xF0, 0x2F,
    0xC0, 0xBF, 0x02, 0xFC, 0x0B, 0xF0, 0x2F, 0xC0, 0xBF, 0x02, 0xFC, 0x0B, 0xF0, 0x2F, 0xC0, 0xBF,
    0x02, 0xFC, 0x0B, 0xF0, 0x2F, 0xC0, 0xBF, 0xF8, 0x80, 0x00, 0x00, 0x02, 0x80, 0x00, 0x00, 0x07,
    0x00, 0x00, 0x00, 0x0D, 0x00, 0x00, 0x00, 0x1C, 0x00, 0x00, 0x00, 0x34, 0x00, 0x00, 0x00, 0xB0,
    0x00, 0x00, 0x00, 0xC0, 0x00, 0x00, 0x02, 0x80, 0x00, 0x00, 0x07, 0x00, 0x00, 0x00, 0x0D, 0x00,
    0x00, 0x00, 0x1C, 0x00, 0x00, 0x00, 0x34, 0x00, 0x00, 0x00, 0xA0, 0x00, 0x00, 0x00, 0xC0, 0x00,
    0x00, 0x02, 0x80, 0x00, 0x00, 0x07, 0x00, 0x00, 0x00, 0x0D, 0x00, 0x00, 0x00, 0x1C, 0x00, 0x00,
    0x00, 0x34, 0x00, 0x00, 0x00, 0xA0, 0x00, 0x00, 0x00, 0xC0, 0x00, 0x00, 0x03, 0x80, 0x00, 0x00,
    0x07, 0x00, 0x00, 0x00, 0x0D, 0x00, 0x00, 0x00, 0x1C, 0x00, 0x00, 0x00, 0x34, 0x00, 0x00, 0x00,
    0xA0, 0x00, 0x00, 0x00, 0xC0, 0x00, 0x00, 0x03, 0x80, 0x00, 0x00, 0x07, 0x00, 0x00, 0x00, 0x0D,
    0x00, 0x00, 0x00, 0x18, 0x00, 0x00, 0x00, 0x00, 0x3F, 0xFC, 0x02, 0xFC, 0x02, 0xFC, 0x02, 0xFC,
    0x02, 0xFC, 0x02, 0xFC, 0x02, 0xFC, 0x02, 0xFC, 0x02, 0xFC, 0x02, 0xFC, 0x02, 0xFC, 0x02, 0xFC,
    0x02, 0xFC, 0x02, 0xFC, 0x02, 0xFC, 0x02, 0xFC, 0x02, 0xFC, 0x02, 0xFC, 0x02, 0xFC, 0x02, 0xFC,
    0x02, 0xFC, 0x02, 0xFC, 0x02, 0xFC, 0x02, 0xFC, 0x02, 0xFC, 0x02, 0xFC, 0x02, 0xFC, 0x02, 0xFC,
    0x02, 0xFC, 0x02, 0xFC, 0x02, 0xFC, 0x02, 0xFC, 0x3F, 0xFC, 0x00, 0x07, 0x80, 0x00, 0x01, 0xFF,
    0xD0, 0x00, 0x7F, 0xDF, 0xF4, 0x0F, 0xE0, 0x02, 0xFD, 0x34, 0x00, 0x00, 0x74, 0xBF, 0xFF, 0xFF,
    0xFF, 0xFF, 0xFC, 0xBF, 0xFF, 0xFF, 0xFF, 0xFF, 0xFC, 0x2E, 0x00, 0x3F, 0xC0, 0x3F, 0xF0, 0x1F,
    0xFC, 0x01, 0xBE, 0x00, 0x04, 0x01, 0xFF, 0xF9, 0x00, 0x00, 0xFD, 0x02, 0xFC, 0x00, 0x2F, 0xD0,
    0x0F, 0xF0, 0x02, 0xFD, 0x00, 0x7F, 0x40, 0x0B, 0x80, 0x07, 0xF8, 0x00, 0x00, 0x00, 0x3F, 0x80,
    0x00, 0x1A, 0xFF, 0xF8, 0x00, 0x7F, 0xE4, 0x3F, 0x80, 0x2F, 0xD0, 0x03, 0xF8, 0x0B, 0xF4, 0x00,
    0x3F, 0x80, 0xFF, 0x00, 0x07, 0xF8, 0x0F, 0xF0, 0x00, 0x7F, 0x80, 0xBF, 0x40, 0x0E, 0xF8, 0x03,
    0xFD, 0x07, 0x5F, 0xFD, 0x06, 0xFF, 0x80, 0xBF, 0xD0, 0xFF, 0xF0, 0x00, 0x00, 0x03, 0xFF, 0xC0,
    0x00, 0x00, 0x00, 0xBF, 0x00, 0x00, 0x00, 0x02, 0xFC, 0x00, 0x00, 0x00, 0x0B, 0xF0, 0x00, 0x00,
    0x00, 0x2F, 0xC0, 0x00, 0x00, 0x00, 0xBF, 0x00, 0x00, 0x00, 0x02, 0xFC, 0x00, 0x00, 0x00, 0x0B,
    0xF1, 0xBF, 0xE4, 0x00, 0x2F, 0xFD, 0x01, 0xFC, 0x00, 0xBF, 0xC0, 0x01, 0xFC, 0x02, 0xFD, 0x00,
    0x03, 0xF8, 0x0B, 0xF4, 0x00, 0x0B, 0xF0, 0x2F, 0xD0, 0x00, 0x1F, 0xE0, 0xBF, 0x40, 0x00, 0x7F,
    0x82, 0xFD, 0x00, 0x01, 0xFF, 0x0B, 0xF4, 0x00, 0x07, 0xF8, 0x2F, 0xD0, 0x00, 0x2F, 0xE0, 0xBF,
    0x40, 0x00, 0xBF, 0x02, 0xFD, 0x00, 0x03, 0xF8, 0x0B, 0xFC, 0x00, 0x2F, 0xC0, 0x2F, 0x6D, 0x02,
    0xF8, 0x00, 0x74, 0x1B, 0xFE, 0x00, 0x00, 0x00, 0x2F, 0xFE, 0x40, 0x0B, 0xE0, 0x1F, 0xC0, 0xFE,
    0x00, 0xBF, 0x4B, 0xF0, 0x02, 0xFC, 0x3F, 0x80, 0x03, 0xE1, 0xFE, 0x00, 0x00, 0x0B, 0xF4, 0x00,
    0x00, 0x2F, 0xD0, 0x00, 0x00, 0xBF, 0x80, 0x00, 0x02, 0xFE, 0x00, 0x00, 0x03, 0xFC, 0x00, 0x00,
    0x0B, 0xF0, 0x00, 0x0E, 0x0F, 0xF0, 0x00, 0x74, 0x0B, 0xF4, 0x0B, 0x40, 0x02, 0xFF, 0xE0, 0x00,
    0x00, 0x00, 0x07, 0xFF, 0x80, 0x00, 0x00, 0x1F, 0xFE, 0x00, 0x00, 0x00, 0x03, 0xF8, 0x00, 0x00,
    0x00, 0x0F, 0xE0, 0x00, 0x00, 0x00, 0x3F, 0x80, 0x00, 0x00, 0x00, 0xFE, 0x00, 0x00, 0x00, 0x03,
    0xF8, 0x00, 0x00, 0x00, 0x0F, 0xE0, 0x00, 0x2F, 0xFD, 0x3F, 0x80, 0x0B, 0xE0, 0x1F, 0xFE, 0x00,
    0xFE, 0x00, 0x0B, 0xF8, 0x0B, 0xF0, 0x00, 0x0F, 0xE0, 0x3F, 0x80, 0x00, 0x3F, 0x82, 0xFE, 0x00,
    0x00, 0xFE, 0x0B, 0xF8, 0x00, 0x03, 0xF8, 0x2F, 0xD0, 0x00, 0x0F, 0xE0, 0xBF, 0x40, 0x00, 0x3F,
    0x81, 0xFE, 0x00, 0x00, 0xFE, 0x03, 0xF8, 0x00, 0x03, 0xF8, 0x0B, 0xF0, 0x00, 0x1F, 0xE0, 0x0F,
    0xD0, 0x01, 0xFF, 0x80, 0x0B, 0xD0, 0x2E, 0xFF, 0xF0, 0x06, 0xFF, 0x83, 0xFF, 0xC0, 0x00, 0x6F,
    0xF9, 0x00, 0x03, 0xF4, 0x0F, 0xC0, 0x0F, 0xD0, 0x03, 0xF0, 0x3F, 0xC0, 0x01, 0xF8, 0x7F, 0x80,
    0x00, 0xFC, 0xBF, 0x40, 0x00, 0xFC, 0xFF, 0x40, 0x00, 0xFD, 0xFF, 0xFF, 0xFF, 0xFC, 0xFF, 0x40,
    0x00, 0x00, 0xBF, 0x40, 0x00, 0x00, 0x7F, 0x80, 0x00, 0x00, 0x3F, 0xC0, 0x00, 0x1C, 0x0F, 0xD0,
    0x00, 0x3C, 0x02, 0xF8, 0x02, 0xE0, 0x00, 0x2F, 0xFE, 0x40, 0x00, 0x0B, 0xFE, 0x00, 0x0B, 0xE1,
    0xFC, 0x01, 0xFC, 0x2F, 0xD0, 0x3F, 0x40, 0xF8, 0x03, 0xF4, 0x00, 0x00, 0x3F, 0x00, 0x00, 0x03,
    0xF0, 0x00, 0x00, 0x3F, 0x00, 0x00, 0xBF, 0xFF, 0xF0, 0x0B, 0xFF, 0xFF, 0x00, 0x03, 0xF4, 0x00,
    0x00, 0x3F, 0x40, 0x00, 0x03, 0xF4, 0x00, 0x00, 0x3F, 0x40, 0x00, 0x03, 0xF4, 0x00, 0x00, 0x3F,
    0x40, 0x00, 0x03, 0xF4, 0x00, 0x00, 0x3F, 0x40, 0x00, 0x03, 0xF4, 0x00, 0x00, 0x3F, 0x40, 0x00,
    0x03, 0xF4, 0x00, 0x00, 0x3F, 0x40, 0x00, 0x7F, 0xFF, 0xD0, 0x00, 0x00, 0x00, 0x00, 0x00, 0xBF,
    0xF8, 0x6F, 0x80, 0x7E, 0x02, 0xFC, 0x7D, 0x1F, 0xC0, 0x0F, 0xD3, 0xC3, 0xF8, 0x00, 0xFF, 0x00,
    0x3F, 0x80, 0x0B, 0xF0, 0x03, 0xF8, 0x00, 0xBF, 0x00, 0x3F, 0x80, 0x0F, 0xE0, 0x01, 0xFC, 0x00,
    0xFC, 0x00, 0x0B, 0xE0, 0x3F, 0x40, 0x00, 0xDB, 0xFF, 0x80, 0x00, 0x1C, 0x00, 0x00, 0x00, 0x02,
    0xE0, 0x00, 0x00, 0x00, 0x1F, 0xFF, 0xFF, 0x90, 0x00, 0xFF, 0xFF, 0xFF, 0xC0, 0x0B, 0xFF, 0xFF,
    0xFF, 0x03, 0xE0, 0x00, 0x07, 0xF8, 0xFC, 0x00, 0x00, 0x0F, 0xCF, 0xC0, 0x00, 0x00, 0xFC, 0xBC,
    0x00, 0x00, 0x0F, 0x83, 0xF0, 0x00, 0x03, 0xF0, 0x0F, 0xD0, 0x01, 0xFC, 0x00, 0x1B, 0xFF, 0xF9,
    0x00, 0xBF, 0xF4, 0x00, 0x00, 0x00, 0xBF, 0xF4, 0x00, 0x00, 0x00, 0x07, 0xF4, 0x00, 0x00, 0x00,
    0x07, 0xF4, 0x00, 0x00, 0x00, 0x07, 0xF4, 0x00, 0x00, 0x00, 0x07, 0xF4, 0x00, 0x00, 0x00, 0x07,
    0xF4, 0x00, 0x00, 0x00, 0x07, 0xF4, 0x00, 0x00, 0x00, 0x07, 0xF4, 0x2F, 0xF8, 0x00, 0x07, 0xF5,
    0xD0, 0x7F, 0x00, 0x07, 0xFB, 0x00, 0x3F, 0x80, 0x07, 0xFC, 0x00, 0x3F, 0xC0, 0x07, 0xFC, 0x00,
    0x2F, 0xC0, 0x07, 0xF8, 0x00, 0x2F, 0xC0, 0x07, 0xF8, 0x00, 0x2F, 0xC0, 0x07, 0xF8, 0x00, 0x2F,
    0xC0, 0x07, 0xF8, 0x00, 0x2F, 0xC0, 0x07, 0xF8, 0x00, 0x2F, 0xC0, 0x07, 0xF8, 0x00, 0x2F, 0xC0,
    0x07, 0xF8, 0x00, 0x2F, 0xC0, 0x07, 0xF8, 0x00, 0x2F, 0xC0, 0xBF, 0xFF, 0xC3, 0xFF, 0xFD, 0xBF,
    0xFF, 0xC3, 0xFF, 0xFD, 0x07, 0xE0, 0x03, 0xFD, 0x01, 0xFF, 0x80, 0x3F, 0xD0, 0x07, 0xE0, 0x00,
    0x00, 0x00, 0x00, 0x00, 0x00, 0x00, 0x7F, 0xF4, 0x1F, 0xFD, 0x00, 0x7F, 0x40, 0x0F, 0xD0, 0x03,
    0xF4, 0x00, 0xFD, 0x00, 0x3F, 0x40, 0x0F, 0xD0, 0x03, 0xF4, 0x00, 0xFD, 0x00, 0x3F, 0x40, 0x0F,
    0xD0, 0x03, 0xF4, 0x1F, 0xFF, 0xD7, 0xFF, 0xF4, 0x00, 0x07, 0xE0, 0x00, 0x3F, 0xE0, 0x01, 0xFF,
    0xC0, 0x03, 0xFE, 0x00, 0x07, 0xE0, 0x00, 0x00, 0x00, 0x00, 0x00, 0x00, 0x00, 0x00, 0x00, 0x7F,
    0xFC, 0x01, 0xFF, 0xF0, 0x00, 0x3F, 0xC0, 0x00, 0xFF, 0x00, 0x03, 0xFC, 0x00, 0x0F, 0xF0, 0x00,
    0x3F, 0xC0, 0x00, 0xFF, 0x00, 0x03, 0xFC, 0x00, 0x0F, 0xF0, 0x00, 0x3F, 0xC0, 0x00, 0xFF, 0x00,
    0x03, 0xFC, 0x00, 0x0F, 0xF0, 0x00, 0x3F, 0xC0, 0x00, 0xFF, 0x00, 0x03, 0xFC, 0xF4, 0x0F, 0xEB,
    0xF0, 0x3F, 0x7F, 0xC1, 0xFC, 0x7F, 0x0F, 0xC0, 0x2F, 0xF4, 0x00, 0xFF, 0xF0, 0x00, 0x00, 0x03,
    0xFF, 0xC0, 0x00, 0x00, 0x00, 0xBF, 0x00, 0x00, 0x00, 0x02, 0xFC, 0x00, 0x00, 0x00, 0x0B, 0xF0,
    0x00, 0x00, 0x00, 0x2F, 0xC0, 0x00, 0x00, 0x00, 0xBF, 0x00, 0x00, 0x00, 0x02, 0xFC, 0x00, 0x00,
    0x00, 0x0B, 0xF0, 0x03, 0xFF, 0xE0, 0x2F, 0xC0, 0x0F, 0xFF, 0x80, 0xBF, 0x00, 0x0F, 0x80, 0x02,
    0xFC, 0x01, 0xF4, 0x00, 0x0B, 0xF0, 0x2F, 0x00, 0x00, 0x2F, 0xC3, 0xE0, 0x00, 0x00, 0xBF, 0x7F,
    0xC0, 0x00, 0x02, 0xFF, 0xFF, 0x80, 0x00, 0x0B, 0xF8, 0xBF, 0x80, 0x00, 0x2F, 0xC0, 0xBF, 0x40,
    0x00, 0xBF, 0x00, 0xFF, 0x40, 0x02, 0xFC, 0x00, 0xFF, 0x00, 0x0B, 0xF0, 0x01, 0xFF, 0x03, 0xFF,
    0xFC, 0x0F, 0xFF, 0xDF, 0xFF, 0xF0, 0x3F, 0xFF, 0x40, 0x7F, 0xF4, 0x1F, 0xFD, 0x00, 0x7F, 0x40,
    0x0F, 0xD0, 0x03, 0xF4, 0x00, 0xFD, 0x00, 0x3F, 0x40, 0x0F, 0xD0, 0x03, 0xF4, 0x00, 0xFD, 0x00,
    0x3F, 0x40, 0x0F, 0xD0, 0x03, 0xF4, 0x00, 0xFD, 0x00, 0x3F, 0x40, 0x0F, 0xD0, 0x03, 0xF4, 0x00,
    0xFD, 0x00, 0x3F, 0x40, 0x0F, 0xD0, 0x03, 0xF4, 0x1F, 0xFF, 0xE7, 0xFF, 0xF8, 0xBF, 0xF0, 0x1F,
    0xF8, 0x01, 0xBF, 0xD0, 0x0B, 0xFF, 0x0D, 0x07, 0xF0, 0xA4, 0x3F, 0x80, 0x07, 0xF7, 0x00, 0x3F,
    0xA8, 0x01, 0xFC, 0x00, 0x7F, 0xC0, 0x02, 0xFE, 0x00, 0x0F, 0xD0, 0x07, 0xFC, 0x00, 0x2F, 0xD0,
    0x00, 0xFE, 0x00, 0x7F, 0x80, 0x02, 0xFC, 0x00, 0x0F, 0xE0, 0x07, 0xF8, 0x00, 0x2F, 0xC0, 0x00,
    0xFE, 0x00, 0x7F, 0x80, 0x02, 0xFC, 0x00, 0x0F, 0xE0, 0x07, 0xF8, 0x00, 0x2F, 0xC0, 0x00, 0xFE,
    0x00, 0x7F, 0x80, 0x02, 0xFC, 0x00, 0x0F, 0xE0, 0x07, 0xF8, 0x00, 0x2F, 0xC0, 0x00, 0xFE, 0x00,
    0x7F, 0x80, 0x02, 0xFC, 0x00, 0x0F, 0xE0, 0x07, 0xF8, 0x00, 0x2F, 0xC0, 0x00, 0xFE, 0x0B, 0xFF,
    0xFC, 0x3F, 0xFF, 0xD1, 0xFF, 0xFF, 0xBF, 0xFF, 0xC3, 0xFF, 0xFD, 0x1F, 0xFF, 0xF0, 0xBF, 0xF0,
    0x2F, 0xF8, 0x00, 0xBF, 0xF0, 0xD0, 0x7F, 0x00, 0x07, 0xF7, 0x00, 0x3F, 0x80, 0x07, 0xFC, 0x00,
    0x3F, 0xC0, 0x07, 0xFC, 0x00, 0x2F, 0xC0, 0x07, 0xF8, 0x00, 0x2F, 0xC0, 0x07, 0xF8, 0x00, 0x2F,
    0xC0, 0x07, 0xF8, 0x00, 0x2F, 0xC0, 0x07, 0xF8, 0x00, 0x2F, 0xC0, 0x07, 0xF8, 0x00, 0x2F, 0xC0,
    0x07, 0xF8, 0x00, 0x2F, 0xC0, 0x07, 0xF8, 0x00, 0x2F, 0xC0, 0x07, 0xF8, 0x00, 0x2F, 0xC0, 0xBF,
    0xFF, 0xC3, 0xFF, 0xFD, 0xBF, 0xFF, 0xC3, 0xFF, 0xFD, 0x00, 0x2F, 0xFE, 0x00, 0x00, 0xBD, 0x01,
    0xF8, 0x00, 0xFC, 0x00, 0x0F, 0xC0, 0xBE, 0x00, 0x02, 0xF8, 0x7F, 0x40, 0x00, 0xBF, 0x2F, 0xD0,
    0x00, 0x1F, 0xEF, 0xF4, 0x00, 0x07, 0xFF, 0xFD, 0x00, 0x01, 0xFF, 0xFF, 0x40, 0x00, 0x7F, 0xEF,
    0xD0, 0x00, 0x1F, 0xE7, 0xF4, 0x00, 0x0B, 0xF4, 0xFE, 0x00, 0x03, 0xFC, 0x0F, 0xC0, 0x01, 0xFC,
    0x00, 0xFD, 0x01, 0xFC, 0x00, 0x06, 0xFF, 0xE4, 0x00, 0xFF, 0xF0, 0xBF, 0xE4, 0x03, 0xFF, 0xED,
    0x02, 0xFC, 0x00, 0xBF, 0xC0, 0x03, 0xFC, 0x02, 0xFD, 0x00, 0x03, 0xF8, 0x0B, 0xF4, 0x00, 0x0F,
    0xF0, 0x2F, 0xD0, 0x00, 0x2F, 0xE0, 0xBF, 0x40, 0x00, 0x7F, 0x82, 0xFD, 0x00, 0x01, 0xFF, 0x0B,
    0xF4, 0x00, 0x07, 0xF8, 0x2F, 0xD0, 0x00, 0x2F, 0xE0, 0xBF, 0x40, 0x00, 0xFF, 0x42, 0xFD, 0x00,
    0x03, 0xF8, 0x0B, 0xFC, 0x00, 0x3F, 0xC0, 0x2F, 0xFD, 0x07, 0xF8, 0x00, 0xBF, 0x5B, 0xFE, 0x00,
    0x02, 0xFD, 0x00, 0x00, 0x00, 0x0B, 0xF4, 0x00, 0x00, 0x00, 0x2F, 0xD0, 0x00, 0x00, 0x00, 0xBF,
    0x40, 0x00, 0x00, 0x3F, 0xFF, 0xE0, 0x00, 0x00, 0xFF, 0xFF, 0x80, 0x00, 0x00, 0x00, 0x2F, 0xF8,
    0x03, 0x80, 0x0B, 0xF4, 0x1E, 0x3E, 0x00, 0xFF, 0x00, 0x0F, 0xF8, 0x0B, 0xF0, 0x00, 0x2F, 0xE0,
    0x3F, 0xC0, 0x00, 0x3F, 0x82, 0xFE, 0x00, 0x00, 0xFE, 0x0B, 0xF8, 0x00, 0x03, 0xF8, 0x2F, 0xD0,
    0x00, 0x0F, 0xE0, 0xBF, 0x80, 0x00, 0x3F, 0x81, 0xFE, 0x00, 0x00, 0xFE, 0x03, 0xFC, 0x00, 0x03,
    0xF8, 0x0B, 0xF0, 0x00, 0x1F, 0xE0, 0x0F, 0xF0, 0x01, 0xFF, 0x80, 0x0B, 0xE0, 0x2E, 0xFE, 0x00,
    0x02, 0xFF, 0x83, 0xF8, 0x00, 0x00, 0x00, 0x0F, 0xE0, 0x00, 0x00, 0x00, 0x3F, 0x80, 0x00, 0x00,
    0x00, 0xFE, 0x00, 0x00, 0x00, 0x03, 0xF8, 0x00, 0x00, 0x01, 0xFF, 0xFF, 0x00, 0x00, 0x07, 0xFF,
    0xFC, 0xFF, 0xE0, 0xBF, 0x4F, 0xFE, 0x35, 0xFD, 0x0B, 0xE9, 0x1F, 0xE0, 0xBF, 0xC0, 0xBC, 0x0B,
    0xF8, 0x00, 0x00, 0xBF, 0x40, 0x00, 0x0B, 0xF0, 0x00, 0x00, 0xBF, 0x00, 0x00, 0x0B, 0xF0, 0x00,
    0x00, 0xBF, 0x00, 0x00, 0x0B, 0xF0, 0x00, 0x00, 0xBF, 0x00, 0x00, 0x0B, 0xF0, 0x00, 0x0F, 0xFF,
    0xFC, 0x00, 0xFF, 0xFF, 0xC0, 0x00, 0x02, 0xFF, 0xDE, 0x0B, 0x80, 0x1F, 0xC7, 0xC0, 0x00, 0xF2,
    0xE0, 0x00, 0x38, 0xBD, 0x00, 0x00, 0x2F, 0xF6, 0x40, 0x03, 0xFF, 0xFF, 0x40, 0x2F, 0xFF, 0xF8,
    0x00, 0xAF, 0xFF, 0x00, 0x00, 0x1F, 0xEB, 0x00, 0x00, 0xFB, 0xD0, 0x00, 0x2E, 0xFC, 0x00, 0x0F,
    0x3F, 0xD0, 0x1B, 0x4B, 0x5F, 0xFE, 0x00, 0x00, 0x1C, 0x00, 0x00, 0x0B, 0x00, 0x00, 0x03, 0xC0,
    0x00, 0x01, 0xF0, 0x00, 0x00, 0xFC, 0x00, 0x01, 0xFF, 0xFF, 0xC7, 0xFF, 0xFF, 0xF0, 0x0B, 0xF0,
    0x00, 0x02, 0xFC, 0x00, 0x00, 0xBF, 0x00, 0x00, 0x2F, 0xC0, 0x00, 0x0B, 0xF0, 0x00, 0x02, 0xFC,
    0x00, 0x00, 0xBF, 0x00, 0x00, 0x2F, 0xC0, 0x24, 0x0B, 0xF0, 0x0E, 0x02, 0xFC, 0x03, 0x80, 0x7F,
    0x40, 0xD0, 0x0B, 0xF0, 0xF0, 0x00, 0x7F, 0xE0, 0xBF, 0xF8, 0x03, 0xFF, 0xC0, 0xBF, 0xF8, 0x03,
    0xFF, 0xC0, 0x07, 0xF8, 0x00, 0x3F, 0xC0, 0x07, 0xF8, 0x00, 0x2F, 0xC0, 0x07, 0xF8, 0x00, 0x2F,
    0xC0, 0x07, 0xF8, 0x00, 0x2F, 0xC0, 0x07, 0xF8, 0x00, 0x2F, 0xC0, 0x07, 0xF8, 0x00, 0x2F, 0xC0,
    0x07, 0xF8, 0x00, 0x2F, 0xC0, 0x07, 0xF8, 0x00, 0x2F, 0xC0, 0x03, 0xF8, 0x00, 0x3F, 0xC0, 0x03,
    0xF8, 0x00, 0x3F, 0xC0, 0x03, 0xF8, 0x00, 0xBF, 0xC0, 0x01, 0xFC, 0x02, 0xAF, 0xFD, 0x00, 0x2F,
    0xF9, 0x2F, 0xFD, 0x3F, 0xFF, 0x80, 0x1F, 0xFC, 0x3F, 0xFF, 0x80, 0x1F, 0xFC, 0x03, 0xFC, 0x00,
    0x03, 0xC0, 0x01, 0xFE, 0x00, 0x07, 0x40, 0x00, 0xFF, 0x00, 0x0F, 0x00, 0x00, 0x7F, 0x80, 0x1D,
    0x00, 0x00, 0x3F, 0xC0, 0x3C, 0x00, 0x00, 0x1F, 0xE0, 0x74, 0x00, 0x00, 0x0F, 0xF0, 0xF0, 0x00,
    0x00, 0x07, 0xF4, 0xD0, 0x00, 0x00, 0x03, 0xFE, 0xC0, 0x00, 0x00, 0x02, 0xFF, 0x80, 0x00, 0x00,
    0x00, 0xFF, 0x00, 0x00, 0x00, 0x00, 0xBE, 0x00, 0x00, 0x00, 0x00, 0x3C, 0x00, 0x00, 0x3F, 0xFF,
    0x4F, 0xFF, 0xC0, 0x3F, 0xF8, 0xFF, 0xFD, 0x3F, 0xFF, 0x40, 0xFF, 0xE0, 0x3F, 0xC0, 0x0B, 0xE0,
    0x00, 0x78, 0x00, 0xBF, 0x40, 0x1F, 0xC0, 0x02, 0xC0, 0x00, 0xFE, 0x00, 0x7F, 0x40, 0x0E, 0x00,
    0x03, 0xFC, 0x03, 0xFF, 0x00, 0x70, 0x00, 0x07, 0xF8, 0x1D, 0xFD, 0x03, 0x80, 0x00, 0x0F, 0xF0,
    0xB2, 0xF8, 0x1D, 0x00, 0x00, 0x2F, 0xD3, 0x83, 0xF0, 0xF0, 0x00, 0x00, 0x3F, 0xEC, 0x0B, 0xE3,
    0x40, 0x00, 0x00, 0xBF, 0xE0, 0x1F, 0xEC, 0x00, 0x00, 0x01, 0xFF, 0x40, 0x3F, 0xE0, 0x00, 0x00,
    0x03, 0xFC, 0x00, 0x7F, 0x00, 0x00, 0x00, 0x07, 0xD0, 0x00, 0xFC, 0x00, 0x00, 0x00, 0x0F, 0x00,
    0x02, 0xD0, 0x00, 0x00, 0x3F, 0xFF, 0x80, 0xFF, 0xF8, 0x3F, 0xFF, 0x80, 0xFF, 0xF8, 0x01, 0xFE,
    0x00, 0x3E, 0x00, 0x00, 0x7F, 0x80, 0xB4, 0x00, 0x00, 0x2F, 0xD2, 0xE0, 0x00, 0x00, 0x0B, 0xFB,
    0x80, 0x00, 0x00, 0x02, 0xFE, 0x00, 0x00, 0x00, 0x00, 0xFF, 0x00, 0x00, 0x00, 0x01, 0xFF, 0xC0,
    0x00, 0x00, 0x07, 0xCF, 0xF0, 0x00, 0x00, 0x0F, 0x07, 0xF8, 0x00, 0x00, 0x3C, 0x01, 0xFE, 0x00,
    0x01, 0xF0, 0x00, 0x7F, 0x80, 0x7F, 0xFC, 0x01, 0xFF, 0xFD, 0x7F, 0xFC, 0x01, 0xFF, 0xFD, 0x3F,
    0xFF, 0x80, 0x1F, 0xFC, 0x3F, 0xFF, 0x80, 0x1F, 0xFC, 0x03, 0xFC, 0x00, 0x03, 0xC0, 0x01, 0xFE,
    0x00, 0x07, 0x40, 0x00, 0xFF, 0x00, 0x0F, 0x00, 0x00, 0x7F, 0x80, 0x1D, 0x00, 0x00, 0x3F, 0xC0,
    0x3C, 0x00, 0x00, 0x2F, 0xD0, 0x34, 0x00, 0x00, 0x0F, 0xF0, 0xB0, 0x00, 0x00, 0x0B, 0xF4, 0xE0,
    0x00, 0x00, 0x03, 0xFE, 0xC0, 0x00, 0x00, 0x02, 0xFF, 0x80, 0x00, 0x00, 0x00, 0xFF, 0x00, 0x00,
    0x00, 0x00, 0xFF, 0x00, 0x00, 0x00, 0x00, 0x7D, 0x00, 0x00, 0x00, 0x00, 0x3C, 0x00, 0x00, 0x00,
    0x00, 0x74, 0x00, 0x00, 0x00, 0x00, 0xF0, 0x00, 0x00, 0x2F, 0x01, 0xD0, 0x00, 0x00, 0x3F, 0x43,
    0xC0, 0x00, 0x00, 0x3F, 0x1F, 0x00, 0x00, 0x00, 0x0B, 0xF4, 0x00, 0x00, 0x00, 0x3F, 0xFF, 0xFF,
    0xF0, 0xF9, 0x00, 0xFF, 0x83, 0xC0, 0x0B, 0xFC, 0x1D, 0x00, 0x7F, 0xD0, 0x70, 0x03, 0xFE, 0x00,
    0x00, 0x2F, 0xF0, 0x00, 0x01, 0xFF, 0x00, 0x00, 0x0F, 0xF4, 0x00, 0x00, 0xFF, 0x80, 0x00, 0x0B,
    0xFC, 0x01, 0xC0, 0x7F, 0xC0, 0x0B, 0x03, 0xFD, 0x00, 0x3C, 0x3F, 0xE0, 0x01, 0xF1, 0xFF, 0x00,
    0x1F, 0xCF, 0xFF, 0xFF, 0xFE, 0x00, 0x00, 0x00, 0x00, 0x00, 0x00, 0x01, 0xBF, 0xC0, 0x00, 0x2F,
    0xD0, 0x00, 0x03, 0xFC, 0x00, 0x00, 0x1F, 0xE0, 0x00, 0x00, 0x7F, 0x40, 0x00, 0x01, 0xFD, 0x00,
    0x00, 0x07, 0xF4, 0x00, 0x00, 0x1F, 0xD0, 0x00, 0x00, 0x7F, 0x40, 0x00, 0x01, 0xFD, 0x00, 0x00,
    0x07, 0xF4, 0x00, 0x00, 0x1F, 0xD0, 0x00, 0x00, 0x7F, 0x40, 0x00, 0x02, 0xFC, 0x00, 0x00, 0x1F,
    0xE0, 0x00, 0x06, 0xFE, 0x00, 0x01, 0xFF, 0xC0, 0x00, 0x00, 0x6F, 0xE0, 0x00, 0x00, 0x1F, 0xE0,
    0x00, 0x00, 0x2F, 0xC0, 0x00, 0x00, 0x7F, 0x40, 0x00, 0x01, 0xFD, 0x00, 0x00, 0x07, 0xF4, 0x00,
    0x00, 0x1F, 0xD0, 0x00, 0x00, 0x7F, 0x40, 0x00, 0x01, 0xFD, 0x00, 0x00, 0x07, 0xF4, 0x00, 0x00,
    0x1F, 0xD0, 0x00, 0x00, 0x7F, 0x40, 0x00, 0x01, 0xFE, 0x00, 0x00, 0x03, 0xFC, 0x00, 0x00, 0x03,
    0xFD, 0x00, 0x00, 0x00, 0xAF, 0xC0, 0x62, 0xCF, 0x3C, 0xF3, 0xCF, 0x3C, 0xF3, 0xCF, 0x3C, 0xF3,
    0xCF, 0x3C, 0xF3, 0xCF, 0x3C, 0xF3, 0xCF, 0x3C, 0xF3, 0xCF, 0x3C, 0xF3, 0xCF, 0x2C, 0xB0, 0x00,
    0x7F, 0x90, 0x00, 0x00, 0x0B, 0xF8, 0x00, 0x00, 0x03, 0xFC, 0x00, 0x00, 0x0B, 0xF0, 0x00, 0x00,
    0x1F, 0xD0, 0x00, 0x00, 0x7F, 0x40, 0x00, 0x01, 0xFD, 0x00, 0x00, 0x07, 0xF4, 0x00, 0x00, 0x1F,
    0xD0, 0x00, 0x00, 0x7F, 0x40, 0x00, 0x01, 0xFD, 0x00, 0x00, 0x07, 0xF4, 0x00, 0x00, 0x1F, 0xD0,
    0x00, 0x00, 0x3F, 0x80, 0x00, 0x00, 0xBF, 0x00, 0x00, 0x00, 0xBF, 0x80, 0x00, 0x00, 0x7F, 0xF0,
    0x00, 0x0B, 0xF8, 0x00, 0x00, 0xBF, 0x00, 0x00, 0x03, 0xF8, 0x00, 0x00, 0x1F, 0xD0, 0x00, 0x00,
    0x7F, 0x40, 0x00, 0x01, 0xFD, 0x00, 0x00, 0x07, 0xF4, 0x00, 0x00, 0x1F, 0xD0, 0x00, 0x00, 0x7F,
    0x40, 0x00, 0x01, 0xFD, 0x00, 0x00, 0x07, 0xF4, 0x00, 0x00, 0x1F, 0xD0, 0x00, 0x00, 0xBF, 0x00,
    0x00, 0x07, 0xFC, 0x00, 0x01, 0xBF, 0x80, 0x00, 0x7F, 0x90, 0x00, 0x00, 0x0B, 0xFE, 0x90, 0x02,
    0x8F, 0xFF, 0xFF, 0xFF, 0xCA, 0x00, 0x1A, 0xFF, 0x80, 0x2F, 0x4B, 0xFC, 0xFF, 0xDB, 0xFC, 0x2F,
    0x40, 0x00, 0x00, 0x00, 0xD0, 0x0E, 0x01, 0xF0, 0x1F, 0x02, 0xF0, 0x2F, 0x43, 0xF4, 0x3F, 0x83,
    0xF8, 0x7F, 0xC7, 0xFC, 0xBF, 0xCB, 0xFC, 0xFF, 0xD7, 0xFC, 0x1A, 0x00, 0x00, 0x00, 0x74, 0x00,
    0x00, 0x00, 0x1D, 0x00, 0x00, 0x00, 0x07, 0x40, 0x00, 0x00, 0x6F, 0xFF, 0xE0, 0x01, 0xFD, 0x74,
    0x7F, 0x02, 0xFC, 0x1D, 0x2F, 0xD1, 0xFC, 0x07, 0x47, 0xF4, 0xFF, 0x01, 0xD0, 0xB8, 0x7F, 0x80,
    0x74, 0x00, 0x2F, 0xE0, 0x1D, 0x00, 0x0B, 0xF4, 0x07, 0x40, 0x02, 0xFE, 0x01, 0xD0, 0x00, 0x7F,
    0x80, 0x74, 0x00, 0x0F, 0xF0, 0x1D, 0x00, 0x02, 0xFD, 0x07, 0x40, 0x3C, 0x2F, 0xC1, 0xD0, 0x2C,
    0x01, 0xFD, 0x74, 0x2D, 0x00, 0x06, 0xFF, 0xE4, 0x00, 0x00, 0x07, 0x40, 0x00, 0x00, 0x01, 0xD0,
    0x00, 0x00, 0x00, 0x74, 0x00, 0x00, 0x00, 0x00, 0x07, 0xFF, 0x40, 0x00, 0x00, 0x07, 0xE0, 0x1F,
    0x00, 0x00, 0x01, 0xFC, 0x00, 0x3C, 0x00, 0x00, 0x3F, 0x80, 0x00, 0xD0, 0x00, 0x03, 0xF4, 0x00,
    0x7F, 0x00, 0x00, 0x7F, 0x40, 0x0F, 0xF0, 0x00, 0x07, 0xF4, 0x00, 0xFF, 0x00, 0x00, 0x7F, 0x40,
    0x07, 0xD0, 0x00, 0x07, 0xF4, 0x00, 0x00, 0x00, 0x00, 0x7F, 0x40, 0x00, 0x00, 0x00, 0xFF, 0xFF,
    0xF0, 0x00, 0x00, 0x0F, 0xFF, 0xFF, 0x00, 0x00, 0x00, 0x07, 0xF4, 0x00, 0x00, 0x00, 0x00, 0x7F,
    0x40, 0x00, 0x00, 0x00, 0x07, 0xF4, 0x00, 0x00, 0x00, 0x00, 0x7F, 0x40, 0x00, 0x00, 0x00, 0x07,
    0xF4, 0x00, 0x00, 0x00, 0x00, 0x7F, 0x40, 0x00, 0x00, 0x00, 0x07, 0xF0, 0x00, 0x00, 0xC1, 0xBF,
    0xFF, 0x90, 0x00, 0x2C, 0xBF, 0xFF, 0xFF, 0xF4, 0x0B, 0x8F, 0x47, 0xFF, 0xFF, 0xFF, 0xE0, 0x7F,
    0xF8, 0x01, 0xBF, 0xE4, 0x00, 0x00, 0x00, 0x00, 0x00, 0x00, 0x7F, 0xFF, 0xFF, 0x00, 0x00, 0xFF,
    0xFF, 0x1F, 0xFF, 0xFF, 0xC0, 0x00, 0x3F, 0xFF, 0xC0, 0x0F, 0xFE, 0x00, 0x00, 0x00, 0xF8, 0x00,
    0x00, 0xFF, 0xD0, 0x00, 0x00, 0x7C, 0x00, 0x00, 0x1F, 0xFC, 0x00, 0x00, 0x3C, 0x00, 0x00, 0x03,
    0xFF, 0x80, 0x00, 0x2D, 0x00, 0x00, 0x00, 0x3F, 0xF4, 0x00, 0x1F, 0x00, 0x00, 0x00, 0x07, 0xFF,
    0x00, 0x0F, 0x00, 0x00, 0x0B, 0xFF, 0xFF, 0xFF, 0xFF, 0xFF, 0xF0, 0x00, 0x00, 0x0F, 0xFE, 0x0B,
    0x80, 0x00, 0x00, 0x00, 0x00, 0xFF, 0xD7, 0xC0, 0x00, 0x00, 0x00, 0x00, 0x1F, 0xFF, 0xC0, 0x00,
    0x00, 0x00, 0x00, 0x03, 0xFF, 0xD0, 0x00, 0x00, 0x00, 0x00, 0x00, 0x3F, 0xF0, 0x00, 0x00, 0x00,
    0x00, 0x00, 0x0F, 0xF8, 0x00, 0x00, 0x00, 0x2F, 0xFF, 0xFF, 0xFF, 0xFF, 0xFF, 0xC0, 0x00, 0x00,
    0x00, 0xFF, 0x80, 0x00, 0x00, 0x00, 0x00, 0x00, 0x3F, 0xE0, 0x00, 0x00, 0x00, 0x00, 0x00, 0x0F,
    0xF8, 0x00, 0x00, 0x00, 0x00, 0x00, 0x03, 0xFE, 0x00, 0x00, 0x00, 0x00, 0x00, 0x00, 0xFF, 0x80,
    0x00, 0x00, 0x00, 0x00, 0x00, 0x3F, 0xE0, 0x00, 0x00, 0x00, 0x00, 0x07, 0xFF, 0xFF, 0xF0, 0x00,
    0x00, 0x00, 0x00, 0x00, 0x00, 0x00, 0x00, 0x00, 0x00, 0xBF, 0xD0, 0x02, 0xF4, 0x1F, 0x01, 0xF0,
    0x02, 0xF0, 0xF4, 0x01, 0xFC, 0x7C, 0x00, 0x7F, 0x1F, 0x00, 0x0B, 0x83, 0xF4, 0x00, 0x00, 0xFF,
    0xD0, 0x00, 0x1F, 0xFF, 0x80, 0x03, 0xFF, 0xFC, 0x00, 0x3F, 0xFF, 0xC0, 0x3F, 0xFF, 0xF8, 0x2E,
    0x0B, 0xFF, 0x0F, 0x00, 0x1F, 0xE7, 0xC0, 0x00, 0xF9, 0xF4, 0x00, 0x2F, 0x3F, 0x80, 0x0B, 0x8F,
    0xFE, 0x43, 0xC1, 0xFF, 0xFF, 0xD0, 0x2F, 0xFF, 0xE0, 0x02, 0xFF, 0xFC, 0x00, 0x1F, 0xFF, 0xC0,
    0x00, 0x6F, 0xF4, 0x00, 0x00, 0xBE, 0x0F, 0x40, 0x0B, 0xCB, 0xF0, 0x02, 0xF3, 0xFC, 0x00, 0xF8,
    0x7C, 0x00, 0x7C, 0x0B, 0x80, 0xBC, 0x00, 0x2F, 0xF4, 0x00, 0x2F, 0x40, 0x7E, 0x2F, 0xF0, 0x3F,
    0xDB, 0xFD, 0x1F, 0xFA, 0xFF, 0x03, 0xFD, 0x2F, 0x40, 0x7E, 0x00, 0x00, 0x00, 0x00, 0x1B, 0xFF,
    0xFE, 0x40, 0x00, 0x00, 0x00, 0x00, 0x00, 0x2F, 0xFF, 0xFF, 0xFF, 0xF8, 0x00, 0x00, 0x00, 0x00,
    0x0B, 0xFE, 0x40, 0x00, 0x1B, 0xFE, 0x00, 0x00, 0x00, 0x01, 0xFE, 0x00, 0x00, 0x00, 0x00, 0xBF,
    0x80, 0x00, 0x00, 0x2F, 0x80, 0x00, 0x00, 0x00, 0x00, 0x2F, 0xC0, 0x00, 0x02, 0xF4, 0x00, 0x00,
    0x00, 0x00, 0x00, 0x1F, 0xC0, 0x00, 0x2F, 0x00, 0x00, 0x00, 0x00, 0x00, 0x00, 0x0F, 0xC0, 0x01,
    0xF0, 0x00, 0x00, 0x00, 0x00, 0x00, 0x00, 0x0F, 0x80, 0x0F, 0x40, 0x00, 0x02, 0xBF, 0xE4, 0x0D,
    0x00, 0x0F, 0x00, 0x78, 0x00, 0x01, 0xFF, 0xFF, 0xFD, 0xF4, 0x00, 0x2E, 0x03, 0xC0, 0x00, 0x2F,
    0xF9, 0x00, 0x7F, 0xD0, 0x00, 0x3C, 0x0F, 0x00, 0x02, 0xFF, 0x40, 0x00, 0x3F, 0x40, 0x00, 0xB4,
    0x78, 0x00, 0x1F, 0xF4, 0x00, 0x00, 0x3D, 0x00, 0x01, 0xE2, 0xD0, 0x00, 0xFF, 0xC0, 0x00, 0x00,
    0xB4, 0x00, 0x03, 0xCF, 0x00, 0x03, 0xFE, 0x00, 0x00, 0x00, 0xD0, 0x00, 0x0F, 0x3C, 0x00, 0x1F,
    0xF8, 0x00, 0x00, 0x00, 0x00, 0x00, 0x3C, 0xF0, 0x00, 0x7F, 0xE0, 0x00, 0x00, 0x00, 0x00, 0x00,
    0xF3, 0xC0, 0x01, 0xFF, 0x80, 0x00, 0x00, 0x00, 0x00, 0x03, 0xCF, 0x40, 0x03, 0xFE, 0x00, 0x00,
    0x00, 0x00, 0x00, 0x0F, 0x2D, 0x00, 0x0F, 0xFC, 0x00, 0x00, 0x03, 0x40, 0x00, 0x7C, 0x78, 0x00,
    0x1F, 0xF4, 0x00, 0x00, 0x1D, 0x00, 0x01, 0xE0, 0xF0, 0x00, 0x2F, 0xF4, 0x00, 0x00, 0xF0, 0x00,
    0x0F, 0x43, 0xD0, 0x00, 0x2F, 0xFD, 0x00, 0x6F, 0x00, 0x00, 0x3C, 0x0B, 0xC0, 0x00, 0x1F, 0xFF,
    0xFF, 0xF0, 0x00, 0x02, 0xE0, 0x0F, 0x40, 0x00, 0x02, 0xBF, 0xF9, 0x00, 0x00, 0x0F, 0x00, 0x2F,
    0x00, 0x00, 0x00, 0x00, 0x00, 0x00, 0x00, 0xB8, 0x00, 0x3E, 0x00, 0x00, 0x00, 0x00, 0x00, 0x00,
    0x07, 0xC0, 0x00, 0x3D, 0x00, 0x00, 0x00, 0x00, 0x00, 0x00, 0x7D, 0x00, 0x00, 0x7E, 0x00, 0x00,
    0x00, 0x00, 0x00, 0x0B, 0xD0, 0x00, 0x00, 0x7F, 0x00, 0x00, 0x00, 0x00, 0x00, 0xFD, 0x00, 0x00,
    0x00, 0x3F, 0x90, 0x00, 0x00, 0x00, 0x6F, 0xC0, 0x00, 0x00, 0x00, 0x1F, 0xF9, 0x40, 0x00, 0x6F,
    0xF8, 0x00, 0x00, 0x00, 0x00, 0x07, 0xFF, 0xFF, 0xFF, 0xFD, 0x00, 0x00, 0x00, 0x00, 0x00, 0x00,
    0x6F, 0xFF, 0xF9, 0x00, 0x00, 0x00, 0x00, 0x01, 0xFF, 0x90, 0x00, 0x0F, 0x82, 0xF8, 0x00, 0x2F,
    0xD0, 0xFE, 0x00, 0x2F, 0xD0, 0xBF, 0x00, 0x0F, 0x80, 0x7F, 0x40, 0x00, 0x00, 0x7F, 0x40, 0x00,
    0x00, 0x7F, 0x40, 0x01, 0xAF, 0xFF, 0x40, 0x2F, 0xE4, 0x7F, 0x40, 0xBF, 0x40, 0x7F, 0x40, 0xFF,
    0x00, 0x7F, 0x40, 0xFF, 0x41, 0xFF, 0x80, 0x2F, 0xFF, 0x5F, 0xFC, 0x00, 0x00, 0x00, 0x00, 0x00,
    0x00, 0x00, 0x00, 0x7F, 0xFF, 0xFF, 0xF0, 0x00, 0x01, 0x00, 0x04, 0x00, 0x0D, 0x00, 0xB0, 0x00,
    0xF0, 0x07, 0x40, 0x0B, 0x40, 0x3C, 0x00, 0x7C, 0x03, 0xD0, 0x07, 0xC0, 0x3E, 0x00, 0xBE, 0x07,
    0xF0, 0x0F, 0xE0, 0xBF, 0x00, 0xBF, 0x43, 0xFC, 0x00, 0x7F, 0x03, 0xF8, 0x00, 0x3F, 0x02, 0xF4,
    0x00, 0x3E, 0x01, 0xF0, 0x00, 0x3C, 0x02, 0xE0, 0x00, 0x3C, 0x02, 0xC0, 0x00, 0x70, 0x03, 0x80,
    0x00, 0x90, 0x07, 0x00, 0x00, 0x00, 0x00, 0x00, 0x0B, 0xFF, 0xFF, 0xFF, 0xFF, 0xFC, 0x00, 0x00,
    0x00, 0x00, 0x03, 0xC0, 0x00, 0x00, 0x00, 0x00, 0x3C, 0x00, 0x00, 0x00, 0x00, 0x03, 0xC0, 0x00,
    0x00, 0x00, 0x00, 0x3C, 0x00, 0x00, 0x00, 0x00, 0x03, 0xC0, 0x00, 0x00, 0x00, 0x00, 0x3C, 0x00,
    0x00, 0x00, 0x00, 0x03, 0xC0, 0x00, 0x00, 0x00, 0x00, 0x3C, 0x00, 0x00, 0x00, 0x00, 0x02, 0xC0,
    0xBF, 0xFF, 0xF6, 0xFF, 0xFF, 0xDB, 0xFF, 0xFF, 0x45, 0x55, 0x54, 0x00, 0x00, 0x00, 0x1A, 0xFF,
    0xFE, 0x40, 0x00, 0x00, 0x00, 0x00, 0x00, 0x1F, 0xFF, 0xFF, 0xFF, 0xF8, 0x00, 0x00, 0x00, 0x00,
    0x0B, 0xFE, 0x50, 0x00, 0x1B, 0xFE, 0x00, 0x00, 0x00, 0x01, 0xFE, 0x40, 0x00, 0x00, 0x00, 0xBF,
    0x40, 0x00, 0x00, 0x1F, 0xC0, 0x00, 0x00, 0x00, 0x00, 0x2F, 0x80, 0x00, 0x01, 0xF4, 0x00, 0x00,
    0x00, 0x00, 0x00, 0x1F, 0x80, 0x00, 0x1F, 0x40, 0x00, 0x00, 0x00, 0x00, 0x00, 0x1F, 0x40, 0x00,
    0xF4, 0x00, 0x00, 0x00, 0x00, 0x00, 0x00, 0x1F, 0x00, 0x0B, 0x80, 0x00, 0x00, 0x00, 0x00, 0x00,
    0x00, 0x2F, 0x00, 0x3C, 0x0F, 0xFF, 0xFF, 0xFF, 0x90, 0x00, 0x00, 0x3D, 0x02, 0xD0, 0x3F, 0xFF,
    0xFF, 0xFF, 0xF8, 0x00, 0x00, 0x7C, 0x0F, 0x00, 0x01, 0xFF, 0x00, 0x1F, 0xFC, 0x00, 0x00, 0xF0,
    0x78, 0x00, 0x07, 0xFC, 0x00, 0x1F, 0xF8, 0x00, 0x02, 0xD2, 0xD0, 0x00, 0x1F, 0xF0, 0x00, 0x3F,
    0xF0, 0x00, 0x07, 0x8B, 0x40, 0x00, 0x7F, 0xC0, 0x00, 0xFF, 0xC0, 0x00, 0x0F, 0x3C, 0x00, 0x01,
    0xFF, 0x00, 0x07, 0xFD, 0x00, 0x00, 0x3C, 0xF0, 0x00, 0x07, 0xFC, 0x00, 0x7F, 0xD0, 0x00, 0x00,
    0xF3, 0xC0, 0x00, 0x1F, 0xFF, 0xFF, 0xF4, 0x00, 0x00, 0x03, 0xCF, 0x00, 0x00, 0x7F, 0xC0, 0x1F,
    0xF4, 0x00, 0x00, 0x0F, 0x3D, 0x00, 0x01, 0xFF, 0x00, 0x2F, 0xF0, 0x00, 0x00, 0x3C, 0xB4, 0x00,
    0x07, 0xFC, 0x00, 0xBF, 0xD0, 0x00, 0x01, 0xE1, 0xE0, 0x00, 0x1F, 0xF0, 0x02, 0xFF, 0x80, 0x70,
    0x0B, 0x83, 0xC0, 0x00, 0x7F, 0xC0, 0x07, 0xFF, 0x02, 0xC0, 0x3D, 0x0F, 0x40, 0xFF, 0xFF, 0xFE,
    0x0F, 0xFE, 0x1D, 0x01, 0xF0, 0x1F, 0x03, 0xFF, 0xFF, 0xF8, 0x06, 0xFF, 0xD0, 0x0F, 0x40, 0x3E,
    0x00, 0x00, 0x00, 0x00, 0x00, 0x00, 0x00, 0x7C, 0x00, 0x7D, 0x00, 0x00, 0x00, 0x00, 0x00, 0x00,
    0x03, 0xD0, 0x00, 0xBC, 0x00, 0x00, 0x00, 0x00, 0x00, 0x00, 0x3E, 0x00, 0x00, 0xBD, 0x00, 0x00,
    0x00, 0x00, 0x00, 0x07, 0xE0, 0x00, 0x00, 0xBE, 0x00, 0x00, 0x00, 0x00, 0x00, 0xBE, 0x00, 0x00,
    0x00, 0x7F, 0x80, 0x00, 0x00, 0x00, 0x2F, 0xD0, 0x00, 0x00, 0x00, 0x2F, 0xF9, 0x00, 0x00, 0x6F,
    0xF8, 0x00, 0x00, 0x00, 0x00, 0x0B, 0xFF, 0xFF, 0xFF, 0xFE, 0x00, 0x00, 0x00, 0x00, 0x00, 0x00,
    0x6F, 0xFF, 0xF9, 0x00, 0x00, 0x00, 0x00, 0x7F, 0xFF, 0xFF, 0xF4, 0x0B, 0xF4, 0x0F, 0xFF, 0x8B,
    0xC1, 0xF3, 0xD0, 0x2D, 0xF0, 0x0B, 0x7D, 0x02, 0xD7, 0xC1, 0xF0, 0xFF, 0xF8, 0x0B, 0xF4, 0x00,
    0x00, 0x00, 0x00, 0xD0, 0x00, 0x00, 0x00, 0x00, 0x00, 0x1E, 0x00, 0x00, 0x00, 0x00, 0x00, 0x01,
    0xE0, 0x00, 0x00, 0x00, 0x00, 0x00, 0x1E, 0x00, 0x00, 0x00, 0x00, 0x00, 0x01, 0xE0, 0x00, 0x00,
    0x00, 0x00, 0x00, 0x1E, 0x00, 0x00, 0x00, 0x00, 0x00, 0x01, 0xE0, 0x00, 0x00, 0x00, 0x00, 0x00,
    0x1E, 0x00, 0x00, 0x00, 0x00, 0x00, 0x01, 0xE0, 0x00, 0x00, 0x00, 0x00, 0x00, 0x1E, 0x00, 0x00,
    0x00, 0x00, 0x00, 0x01, 0xE0, 0x00, 0x00, 0x0B, 0xFF, 0xFF, 0xFF, 0xFF, 0xFF, 0xFC, 0xBF, 0xFF,
    0xFF, 0xFF, 0xFF, 0xFF, 0xC0, 0x00, 0x00, 0x1F, 0x00, 0x00, 0x00, 0x00, 0x00, 0x01, 0xF0, 0x00,
    0x00, 0x00, 0x00, 0x00, 0x1F, 0x00, 0x00, 0x00, 0x00, 0x00, 0x01, 0xF0, 0x00, 0x00, 0x00, 0x00,
    0x00, 0x1F, 0x00, 0x00, 0x00, 0x00, 0x00, 0x01, 0xF0, 0x00, 0x00, 0x00, 0x00, 0x00, 0x1F, 0x00,
    0x00, 0x00, 0x00, 0x00, 0x01, 0xF0, 0x00, 0x00, 0x00, 0x00, 0x00, 0x1F, 0x00, 0x00, 0x00, 0xBF,
    0xFF, 0xFF, 0xFF, 0xFF, 0xFF, 0xCB, 0xFF, 0xFF, 0xFF, 0xFF, 0xFF, 0xFC, 0x00, 0xB4, 0x03, 0xFC,
    0x0F, 0xFC, 0x7F, 0xF4, 0xBE, 0x40, 0x10, 0x00, 0xBF, 0xF8, 0x03, 0xFF, 0xC0, 0xBF, 0xF8, 0x03,
    0xFF, 0xC0, 0x07, 0xF8, 0x00, 0x3F, 0xC0, 0x07, 0xF8, 0x00, 0x2F, 0xC0, 0x07, 0xF8, 0x00, 0x2F,
    0xC0, 0x07, 0xF8, 0x00, 0x2F, 0xC0, 0x07, 0xF8, 0x00, 0x2F, 0xC0, 0x07, 0xF8, 0x00, 0x2F, 0xC0,
    0x07, 0xF8, 0x00, 0x2F, 0xC0, 0x07, 0xF8, 0x00, 0x2F, 0xC0, 0x07, 0xF8, 0x00, 0x3F, 0xC0, 0x07,
    0xF8, 0x00, 0x3F, 0xC0, 0x07, 0xF8, 0x00, 0xBF, 0xD0, 0x07, 0xFD, 0x02, 0x6F, 0xFD, 0x07, 0xFF,
    0xF9, 0x2F, 0xFD, 0x07, 0xF8, 0x00, 0x00, 0x00, 0x07, 0xF8, 0x00, 0x00, 0x00, 0x07, 0xF8, 0x00,
    0x00, 0x00, 0x07, 0xF8, 0x00, 0x00, 0x00, 0xBF, 0xFF, 0xC0, 0x00, 0x00, 0xBF, 0xFF, 0xC0, 0x00,
    0x00, 0x00, 0x1B, 0xFF, 0xFF, 0xFF, 0x00, 0x7F, 0xFF, 0xD0, 0xF0, 0x00, 0xBF, 0xFF, 0xF4, 0x3C,
    0x00, 0xBF, 0xFF, 0xFD, 0x0F, 0x00, 0x7F, 0xFF, 0xFF, 0x43, 0xC0, 0x2F, 0xFF, 0xFF, 0xD0, 0xF0,
    0x0F, 0xFF, 0xFF, 0xF4, 0x3C, 0x03, 0xFF, 0xFF, 0xFD, 0x0F, 0x00, 0xBF, 0xFF, 0xFF, 0x43, 0xC0,
    0x1F, 0xFF, 0xFF, 0xD0, 0xF0, 0x03, 0xFF, 0xFF, 0xF4, 0x3C, 0x00, 0x3F, 0xFF, 0xFD, 0x0F, 0x00,
    0x03, 0xFF, 0xFF, 0x43, 0xC0, 0x00, 0x2F, 0xFF, 0xD0, 0xF0, 0x00, 0x00, 0x6F, 0xF4, 0x3C, 0x00,
    0x00, 0x00, 0x2D, 0x0F, 0x00, 0x00, 0x00, 0x0B, 0x43, 0xC0, 0x00, 0x00, 0x02, 0xD0, 0xF0, 0x00,
    0x00, 0x00, 0xB4, 0x3C, 0x00, 0x00, 0x00, 0x2D, 0x0F, 0x00, 0x00, 0x00, 0x0B, 0x43, 0xC0, 0x00,
    0x00, 0x02, 0xD0, 0xF0, 0x00, 0x00, 0x00, 0xB4, 0x3C, 0x00, 0x00, 0x00, 0x2D, 0x0F, 0x00, 0x00,
    0x00, 0x0B, 0x43, 0xC0, 0x00, 0x00, 0x02, 0xD0, 0xF0, 0x00, 0x00, 0x00, 0xB4, 0x3C, 0x00, 0x00,
    0x0B, 0xFF, 0xFF, 0xFC, 0x00, 0x02, 0xFF, 0xFF, 0xFF, 0x00, 0x0B, 0xC0, 0xFF, 0xC3, 0xFF, 0x0F,
    0xFC, 0x0B, 0xC0, 0x01, 0xFE, 0x00, 0x00, 0x7F, 0x80, 0x00, 0xBF, 0x40, 0x01, 0xFD, 0x00, 0x0B,
    0xF0, 0x01, 0xBF, 0x4B, 0xFF, 0x90, 0x00, 0x00, 0xBF, 0xF4, 0x00, 0x2F, 0x80, 0xBD, 0x02, 0xF8,
    0x00, 0xFD, 0x0F, 0xD0, 0x02, 0xFC, 0xBF, 0x40, 0x0B, 0xF7, 0xFD, 0x00, 0x1F, 0xEF, 0xF4, 0x00,
    0x7F, 0xFF, 0xD0, 0x01, 0xFE, 0xBF, 0x40, 0x0B, 0xF9, 0xFD, 0x00, 0x2F, 0xC2, 0xF8, 0x00, 0xFE,
    0x02, 0xF8, 0x0B, 0xD0, 0x00, 0xBF, 0xF8, 0x00, 0x00, 0x00, 0x00, 0x00, 0x00, 0x00, 0x00, 0x1F,
    0xFF, 0xFF, 0xFC, 0x40, 0x01, 0x00, 0x02, 0x80, 0x1C, 0x00, 0x07, 0x40, 0x3C, 0x00, 0x0F, 0x00,
    0x78, 0x00, 0x1F, 0x00, 0xF4, 0x00, 0x2F, 0x00, 0xF8, 0x00, 0x3F, 0x41, 0xF8, 0x00, 0x3F, 0x82,
    0xFD, 0x00, 0xBF, 0x07, 0xF8, 0x0B, 0xF0, 0x3F, 0x40, 0x7E, 0x03, 0xF0, 0x03, 0xE0, 0x2F, 0x00,
    0x2E, 0x00, 0xF0, 0x00, 0xE0, 0x0B, 0x00, 0x0B, 0x00, 0x34, 0x00, 0x24, 0x01, 0x80, 0x00, 0x00,
    0x3E, 0x00, 0x00, 0x0F, 0xF8, 0x00, 0x00, 0xFF, 0xC0, 0x00, 0x0F, 0xF8, 0x00, 0x00, 0x3E, 0x00,
    0x00, 0x00, 0x00, 0x00, 0x00, 0x00, 0x00, 0x00, 0x00, 0x00, 0x00, 0x00, 0x1C, 0x00, 0x00, 0x01,
    0xC0, 0x00, 0x00, 0x2C, 0x00, 0x00, 0x02, 0xC0, 0x00, 0x00, 0x3C, 0x00, 0x00, 0x0B, 0x80, 0x00,
    0x02, 0xF0, 0x00, 0x00, 0xBE, 0x00, 0x00, 0x3F, 0xC0, 0x00, 0x0B, 0xF8, 0x00, 0xBC, 0xFF, 0x40,
    0x0F, 0xEF, 0xF4, 0x01, 0xFE, 0xBF, 0x40, 0x0B, 0xD3, 0xFC, 0x01, 0xF4, 0x06, 0xFF, 0xE4, 0x00,
    0x00, 0x00, 0x3D, 0x00, 0x00, 0x00, 0x00, 0x00, 0x02, 0xFF, 0x40, 0x00, 0x00, 0x00, 0x00, 0x0B,
    0xFF, 0x80, 0x00, 0x00, 0x00, 0x00, 0x0F, 0xFF, 0x40, 0x00, 0x00, 0x00, 0x00, 0x00, 0x00, 0x00,
    0x00, 0x00, 0x00, 0x00, 0x00, 0x00, 0x00, 0x00, 0x00, 0x00, 0x00, 0x0B, 0x40, 0x00, 0x00, 0x00,
    0x00, 0x00, 0x3F, 0x00, 0x00, 0x00, 0x00, 0x00, 0x02, 0xFD, 0x00, 0x00, 0x00, 0x00, 0x00, 0x0F,
    0xFC, 0x00, 0x00, 0x00, 0x00, 0x00, 0x7F, 0xF0, 0x00, 0x00, 0x00, 0x00, 0x03, 0xFF, 0xE0, 0x00,
    0x00, 0x00, 0x00, 0x1E, 0xFF, 0xC0, 0x00, 0x00, 0x00, 0x00, 0xF2, 0xFF, 0x40, 0x00, 0x00, 0x00,
    0x03, 0xC3, 0xFF, 0x00, 0x00, 0x00, 0x00, 0x2D, 0x0B, 0xFD, 0x00, 0x00, 0x00, 0x00, 0xF0, 0x1F,
    0xF8, 0x00, 0x00, 0x00, 0x07, 0x80, 0x3F, 0xF0, 0x00, 0x00, 0x00, 0x3C, 0x00, 0x7F, 0xE0, 0x00,
    0x00, 0x01, 0xE0, 0x00, 0xFF, 0xC0, 0x00, 0x00, 0x0B, 0x40, 0x02, 0xFF, 0x40, 0x00, 0x00, 0x3F,
    0xFF, 0xFF, 0xFF, 0x00, 0x00, 0x02, 0xFF, 0xFF, 0xFF, 0xFC, 0x00, 0x00, 0x0F, 0x00, 0x00, 0x2F,
    0xF8, 0x00, 0x00, 0x78, 0x00, 0x00, 0x3F, 0xF0, 0x00, 0x03, 0xC0, 0x00, 0x00, 0xBF, 0xD0, 0x00,
    0x1F, 0x00, 0x00, 0x00, 0xFF, 0xC0, 0x2F, 0xFF, 0xE0, 0x00, 0xFF, 0xFF, 0xFD, 0xBF, 0xFF, 0x80,
    0x03, 0xFF, 0xFF, 0xF4, 0x00, 0x00, 0x00, 0x0B, 0x80, 0x00, 0x00, 0x00, 0x00, 0x00, 0xFF, 0x00,
    0x00, 0x00, 0x00, 0x00, 0x1F, 0xFD, 0x00, 0x00, 0x00, 0x00, 0x01, 0xFF, 0xE0, 0x00, 0x00, 0x00,
    0x00, 0x0F, 0x90, 0x00, 0x00, 0x00, 0x00, 0x00, 0x00, 0x00, 0x00, 0x00, 0x00, 0x00, 0x00, 0x0B,
    0x40, 0x00, 0x00, 0x00, 0x00, 0x00, 0x3F, 0x00, 0x00, 0x00, 0x00, 0x00, 0x02, 0xFD, 0x00, 0x00,
    0x00, 0x00, 0x00, 0x0F, 0xFC, 0x00, 0x00, 0x00, 0x00, 0x00, 0x7F, 0xF0, 0x00, 0x00, 0x00, 0x00,
    0x03, 0xFF, 0xE0, 0x00, 0x00, 0x00, 0x00, 0x1E, 0xFF, 0xC0, 0x00, 0x00, 0x00, 0x00, 0xF2, 0xFF,
    0x40, 0x00, 0x00, 0x00, 0x03, 0xC3, 0xFF, 0x00, 0x00, 0x00, 0x00, 0x2D, 0x0B, 0xFD, 0x00, 0x00,
    0x00, 0x00, 0xF0, 0x1F, 0xF8, 0x00, 0x00, 0x00, 0x07, 0x80, 0x3F, 0xF0, 0x00, 0x00, 0x00, 0x3C,
    0x00, 0x7F, 0xE0, 0x00, 0x00, 0x01, 0xE0, 0x00, 0xFF, 0xC0, 0x00, 0x00, 0x0B, 0x40, 0x02, 0xFF,
    0x40, 0x00, 0x00, 0x3F, 0xFF, 0xFF, 0xFF, 0x00, 0x00, 0x02, 0xFF, 0xFF, 0xFF, 0xFC, 0x00, 0x00,
    0x0F, 0x00, 0x00, 0x2F, 0xF8, 0x00, 0x00, 0x78, 0x00, 0x00, 0x3F, 0xF0, 0x00, 0x03, 0xC0, 0x00,
    0x00, 0xBF, 0xD0, 0x00, 0x1F, 0x00, 0x00, 0x00, 0xFF, 0xC0, 0x2F, 0xFF, 0xE0, 0x00, 0xFF, 0xFF,
    0xFD, 0xBF, 0xFF, 0x80, 0x03, 0xFF, 0xFF, 0xF4, 0x00, 0x00, 0x00, 0x10, 0x00, 0x00, 0x00, 0x00,
    0x00, 0x07, 0xE0, 0x00, 0x00, 0x00, 0x00, 0x00, 0x7F, 0xF0, 0x00, 0x00, 0x00, 0x00, 0x0B, 0xE3,
    0xF4, 0x00, 0x00, 0x00, 0x00, 0xBC, 0x01, 0xF4, 0x00, 0x00, 0x00, 0x00, 0x40, 0x00, 0x40, 0x00,
    0x00, 0x00, 0x00, 0x00, 0x00, 0x00, 0x00, 0x00, 0x00, 0x00, 0x2D, 0x00, 0x00, 0x00, 0x00, 0x00,
    0x00, 0xFC, 0x00, 0x00, 0x00, 0x00, 0x00, 0x0B, 0xF4, 0x00, 0x00, 0x00, 0x00, 0x00, 0x3F, 0xF0,
    0x00, 0x00, 0x00, 0x00, 0x01, 0xFF, 0xC0, 0x00, 0x00, 0x00, 0x00, 0x0F, 0xFF, 0x80, 0x00, 0x00,
    0x00, 0x00, 0x7B, 0xFF, 0x00, 0x00, 0x00, 0x00, 0x03, 0xCB, 0xFD, 0x00, 0x00, 0x00, 0x00, 0x0F,
    0x0F, 0xFC, 0x00, 0x00, 0x00, 0x00, 0xB4, 0x2F, 0xF4, 0x00, 0x00, 0x00, 0x03, 0xC0, 0x7F, 0xE0,
    0x00, 0x00, 0x00, 0x1E, 0x00, 0xFF, 0xC0, 0x00, 0x00, 0x00, 0xF0, 0x01, 0xFF, 0x80, 0x00, 0x00,
    0x07, 0x80, 0x03, 0xFF, 0x00, 0x00, 0x00, 0x2D, 0x00, 0x0B, 0xFD, 0x00, 0x00, 0x00, 0xFF, 0xFF,
    0xFF, 0xFC, 0x00, 0x00, 0x0B, 0xFF, 0xFF, 0xFF, 0xF0, 0x00, 0x00, 0x3C, 0x00, 0x00, 0xBF, 0xE0,
    0x00, 0x01, 0xE0, 0x00, 0x00, 0xFF, 0xC0, 0x00, 0x0F, 0x00, 0x00, 0x02, 0xFF, 0x40, 0x00, 0x7C,
    0x00, 0x00, 0x03, 0xFF, 0x00, 0xBF, 0xFF, 0x80, 0x03, 0xFF, 0xFF, 0xF6, 0xFF, 0xFE, 0x00, 0x0F,
    0xFF, 0xFF, 0xD0, 0x00, 0x00, 0xBF, 0xA4, 0x07, 0x40, 0x00, 0x00, 0x0F, 0xFF, 0xFF, 0xF8, 0x00,
    0x00, 0x00, 0xA0, 0x06, 0xFF, 0x40, 0x00, 0x00, 0x00, 0x00, 0x00, 0x00, 0x00, 0x00, 0x00, 0x00,
    0x00, 0x00, 0x00, 0x00, 0x00, 0x00, 0x00, 0x00, 0x00, 0x00, 0x00, 0x00, 0x00, 0x00, 0x0B, 0x40,
    0x00, 0x00, 0x00, 0x00, 0x00, 0x3F, 0x00, 0x00, 0x00, 0x00, 0x00, 0x02, 0xFD, 0x00, 0x00, 0x00,
    0x00, 0x00, 0x0F, 0xFC, 0x00, 0x00, 0x00, 0x00, 0x00, 0x7F, 0xF0, 0x00, 0x00, 0x00, 0x00, 0x03,
    0xFF, 0xE0, 0x00, 0x00, 0x00, 0x00, 0x1E, 0xFF, 0xC0, 0x00, 0x00, 0x00, 0x00, 0xF2, 0xFF, 0x40,
    0x00, 0x00, 0x00, 0x03, 0xC3, 0xFF, 0x00, 0x00, 0x00, 0x00, 0x2D, 0x0B, 0xFD, 0x00, 0x00, 0x00,
    0x00, 0xF0, 0x1F, 0xF8, 0x00, 0x00, 0x00, 0x07, 0x80, 0x3F, 0xF0, 0x00, 0x00, 0x00, 0x3C, 0x00,
    0x7F, 0xE0, 0x00, 0x00, 0x01, 0xE0, 0x00, 0xFF, 0xC0, 0x00, 0x00, 0x0B, 0x40, 0x02, 0xFF, 0x40,
    0x00, 0x00, 0x3F, 0xFF, 0xFF, 0xFF, 0x00, 0x00, 0x02, 0xFF, 0xFF, 0xFF, 0xFC, 0x00, 0x00, 0x0F,
    0x00, 0x00, 0x2F, 0xF8, 0x00, 0x00, 0x78, 0x00, 0x00, 0x3F, 0xF0, 0x00, 0x03, 0xC0, 0x00, 0x00,
    0xBF, 0xD0, 0x00, 0x1F, 0x00, 0x00, 0x00, 0xFF, 0xC0, 0x2F, 0xFF, 0xE0, 0x00, 0xFF, 0xFF, 0xFD,
    0xBF, 0xFF, 0x80, 0x03, 0xFF, 0xFF, 0xF4, 0x00, 0x00, 0xBC, 0x01, 0xF4, 0x00, 0x00, 0x00, 0x0B,
    0xFC, 0x1F, 0xF4, 0x00, 0x00, 0x00, 0x3F, 0xF0, 0xBF, 0xE0, 0x00, 0x00, 0x00, 0xBF, 0xC1, 0xFF,
    0x40, 0x00, 0x00, 0x00, 0xBC, 0x01, 0xF4, 0x00, 0x00, 0x00, 0x00, 0x00, 0x00, 0x00, 0x00, 0x00,
    0x00, 0x00, 0x0B, 0x40, 0x00, 0x00, 0x00, 0x00, 0x00, 0x3F, 0x00, 0x00, 0x00, 0x00, 0x00, 0x02,
    0xFD, 0x00, 0x00, 0x00, 0x00, 0x00, 0x0F, 0xFC, 0x00, 0x00, 0x00, 0x00, 0x00, 0x7F, 0xF0, 0x00,
    0x00, 0x00, 0x00, 0x03, 0xFF, 0xE0, 0x00, 0x00, 0x00, 0x00, 0x1E, 0xFF, 0xC0, 0x00, 0x00, 0x00,
    0x00, 0xF2, 0xFF, 0x40, 0x00, 0x00, 0x00, 0x03, 0xC3, 0xFF, 0x00, 0x00, 0x00, 0x00, 0x2D, 0x0B,
    0xFD, 0x00, 0x00, 0x00, 0x00, 0xF0, 0x1F, 0xF8, 0x00, 0x00, 0x00, 0x07, 0x80, 0x3F, 0xF0, 0x00,
    0x00, 0x00, 0x3C, 0x00, 0x7F, 0xE0, 0x00, 0x00, 0x01, 0xE0, 0x00, 0xFF, 0xC0, 0x00, 0x00, 0x0B,
    0x40, 0x02, 0xFF, 0x40, 0x00, 0x00, 0x3F, 0xFF, 0xFF, 0xFF, 0x00, 0x00, 0x02, 0xFF, 0xFF, 0xFF,
    0xFC, 0x00, 0x00, 0x0F, 0x00, 0x00, 0x2F, 0xF8, 0x00, 0x00, 0x78, 0x00, 0x00, 0x3F, 0xF0, 0x00,
    0x03, 0xC0, 0x00, 0x00, 0xBF, 0xD0, 0x00, 0x1F, 0x00, 0x00, 0x00, 0xFF, 0xC0, 0x2F, 0xFF, 0xE0,
    0x00, 0xFF, 0xFF, 0xFD, 0xBF, 0xFF, 0x80, 0x03, 0xFF, 0xFF, 0xF4, 0x00, 0x00, 0x02, 0xFD, 0x00,
    0x00, 0x00, 0x00, 0x00, 0x38, 0x1E, 0x00, 0x00, 0x00, 0x00, 0x01, 0xC0, 0x2C, 0x00, 0x00, 0x00,
    0x00, 0x0B, 0x00, 0x70, 0x00, 0x00, 0x00, 0x00, 0x2C, 0x01, 0xC0, 0x00, 0x00, 0x00, 0x00, 0x70,
    0x0B, 0x00, 0x00, 0x00, 0x00, 0x00, 0xB5, 0xB4, 0x00, 0x00, 0x00, 0x00, 0x00, 0x7F, 0x00, 0x00,
    0x00, 0x00, 0x00, 0x01, 0xFC, 0x00, 0x00, 0x00, 0x00, 0x00, 0x0F, 0xF4, 0x00, 0x00, 0x00, 0x00,
    0x00, 0x3F, 0xF0, 0x00, 0x00, 0x00, 0x00, 0x02, 0xFF, 0xD0, 0x00, 0x00, 0x00, 0x00, 0x0F, 0xFF,
    0x80, 0x00, 0x00, 0x00, 0x00, 0x7B, 0xFF, 0x00, 0x00, 0x00, 0x00, 0x03, 0xC7, 0xFE, 0x00, 0x00,
    0x00, 0x00, 0x1E, 0x0F, 0xFC, 0x00, 0x00, 0x00, 0x00, 0xB4, 0x2F, 0xF4, 0x00, 0x00, 0x00, 0x03,
    0xC0, 0x3F, 0xE0, 0x00, 0x00, 0x00, 0x2D, 0x00, 0xFF, 0xC0, 0x00, 0x00, 0x00, 0xF0, 0x01, 0xFF,
    0x80, 0x00, 0x00, 0x07, 0x80, 0x03, 0xFF, 0x00, 0x00, 0x00, 0x3D, 0x00, 0x0B, 0xFD, 0x00, 0x00,
    0x00, 0xFF, 0xFF, 0xFF, 0xFC, 0x00, 0x00, 0x0B, 0xFF, 0xFF, 0xFF, 0xF0, 0x00, 0x00, 0x3C, 0x00,
    0x00, 0xBF, 0xE0, 0x00, 0x01, 0xE0, 0x00, 0x00, 0xFF, 0xC0, 0x00, 0x0F, 0x00, 0x00, 0x02, 0xFF,
    0x40, 0x00, 0x7C, 0x00, 0x00, 0x03, 0xFF, 0x00, 0xBF, 0xFF, 0x80, 0x03, 0xFF, 0xFF, 0xF6, 0xFF,
    0xFE, 0x00, 0x0F, 0xFF, 0xFF, 0xD0, 0x00, 0x00, 0x3F, 0xFF, 0xFF, 0xFF, 0xFF, 0xF4, 0x00, 0x00,
    0x0F, 0xFF, 0xFF, 0xFF, 0xFF, 0xFD, 0x00, 0x00, 0x00, 0x1D, 0x3F, 0xD0, 0x00, 0x7F, 0x80, 0x00,
    0x00, 0x0F, 0x0F, 0xF4, 0x00, 0x03, 0xE0, 0x00, 0x00, 0x07, 0x83, 0xFD, 0x00, 0x00, 0x3C, 0x00,
    0x00, 0x03, 0xC0, 0xFF, 0x40, 0x00, 0x0F, 0x00, 0x00, 0x00, 0xE0, 0x3F, 0xD0, 0x00, 0x02, 0xC0,
    0x00, 0x00, 0xB4, 0x0F, 0xF4, 0x00, 0x00, 0x70, 0x00, 0x00, 0x3C, 0x03, 0xFD, 0x00, 0x34, 0x00,
    0x00, 0x00, 0x1D, 0x00, 0xFF, 0x40, 0x1D, 0x00, 0x00, 0x00, 0x0F, 0x00, 0x3F, 0xD0, 0x1F, 0x40,
    0x00, 0x00, 0x07, 0xFF, 0xFF, 0xFF, 0xFF, 0xD0, 0x00, 0x00, 0x03, 0xFF, 0xFF, 0xFF, 0xFF, 0xF4,
    0x00, 0x00, 0x00, 0xF0, 0x00, 0xFF, 0x40, 0x7D, 0x00, 0x00, 0x00, 0xB4, 0x00, 0x3F, 0xD0, 0x07,
    0x40, 0x70, 0x00, 0x3C, 0x00, 0x0F, 0xF4, 0x00, 0xD0, 0x2C, 0x00, 0x2D, 0x00, 0x03, 0xFD, 0x00,
    0x00, 0x0F, 0x00, 0x0F, 0x00, 0x00, 0xFF, 0x40, 0x00, 0x03, 0x80, 0x07, 0x80, 0x00, 0x3F, 0xD0,
    0x00, 0x02, 0xE0, 0x03, 0xC0, 0x00, 0x0F, 0xF4, 0x00, 0x02, 0xF4, 0x01, 0xF0, 0x00, 0x03, 0xFD,
    0x00, 0x07, 0xFC, 0x2F, 0xFF, 0xE0, 0x3F, 0xFF, 0xFF, 0xFF, 0xFF, 0x0B, 0xFF, 0xF8, 0x0F, 0xFF,
    0xFF, 0xFF, 0xFF, 0xC0, 0x00, 0x00, 0x6F, 0xFE, 0x40, 0x0C, 0x00, 0x07, 0xFF, 0xFF, 0xF4, 0x3D,
    0x00, 0x3F, 0xF9, 0x00, 0x7E, 0xFD, 0x01, 0xFF, 0x80, 0x00, 0x0B, 0xFD, 0x07, 0xFD, 0x00, 0x00,
    0x01, 0xFD, 0x0F, 0xF8, 0x00, 0x00, 0x00, 0xBD, 0x2F, 0xF0, 0x00, 0x00, 0x00, 0x3D, 0x3F, 0xE0,
    0x00, 0x00, 0x00, 0x3D, 0x7F, 0xD0, 0x00, 0x00, 0x00, 0x2D, 0xBF, 0xD0, 0x00, 0x00, 0x00, 0x04,
    0xFF, 0xC0, 0x00, 0x00, 0x00, 0x00, 0xFF, 0xC0, 0x00, 0x00, 0x00, 0x00, 0xFF, 0xC0, 0x00, 0x00,
    0x00, 0x00, 0xFF, 0xC0, 0x00, 0x00, 0x00, 0x00, 0xBF, 0xD0, 0x00, 0x00, 0x00, 0x00, 0x7F, 0xD0,
    0x00, 0x00, 0x00, 0x0C, 0x3F, 0xE0, 0x00, 0x00, 0x00, 0x1C, 0x2F, 0xF0, 0x00, 0x00, 0x00, 0x2C,
    0x0F, 0xF8, 0x00, 0x00, 0x00, 0x38, 0x03, 0xFD, 0x00, 0x00, 0x00, 0xF0, 0x00, 0xFF, 0x80, 0x00,
    0x03, 0xC0, 0x00, 0x2F, 0xF9, 0x00, 0x6F, 0x00, 0x00, 0x02, 0xFF, 0xFF, 0xF4, 0x00, 0x00, 0x00,
    0x02, 0xFE, 0x00, 0x00, 0x00, 0x00, 0x01, 0xFF, 0x80, 0x00, 0x00, 0x00, 0x00, 0x1F, 0xF0, 0x00,
    0x00, 0x00, 0x00, 0x07, 0xF4, 0x00, 0x00, 0x00, 0x00, 0x07, 0xF4, 0x00, 0x00, 0x00, 0x00, 0x6F,
    0xF0, 0x00, 0x00, 0x00, 0xBF, 0xFA, 0x40, 0x00, 0x00, 0x00, 0xB8, 0x00, 0x00, 0x00, 0x00, 0x03,
    0xFE, 0x00, 0x00, 0x00, 0x00, 0x0F, 0xFF, 0x40, 0x00, 0x00, 0x00, 0x2F, 0xFF, 0x00, 0x00, 0x00,
    0x00, 0x00, 0x00, 0x00, 0x00, 0x00, 0x00, 0x00, 0x00, 0x00, 0x0B, 0xFF, 0xFF, 0xFF, 0xFF, 0xFC,
    0x2F, 0xFF, 0xFF, 0xFF, 0xFF, 0xF0, 0x00, 0xFF, 0x80, 0x00, 0x6F, 0xC0, 0x03, 0xFE, 0x00, 0x00,
    0x0F, 0x40, 0x0F, 0xF8, 0x00, 0x00, 0x2D, 0x00, 0x3F, 0xE0, 0x00, 0x00, 0x38, 0x00, 0xFF, 0x80,
    0x00, 0x00, 0xE0, 0x03, 0xFE, 0x00, 0x34, 0x00, 0x00, 0x0F, 0xF8, 0x01, 0xD0, 0x00, 0x00, 0x3F,
    0xE0, 0x1F, 0x40, 0x00, 0x00, 0xFF, 0xFF, 0xFD, 0x00, 0x00, 0x03, 0xFF, 0xFF, 0xF4, 0x00, 0x00,
    0x0F, 0xF8, 0x07, 0xD0, 0x00, 0x00, 0x3F, 0xE0, 0x07, 0x40, 0x00, 0x00, 0xFF, 0x80, 0x0D, 0x00,
    0x3C, 0x03, 0xFE, 0x00, 0x00, 0x00, 0xE0, 0x0F, 0xF8, 0x00, 0x00, 0x03, 0x40, 0x3F, 0xE0, 0x00,
    0x00, 0x2D, 0x00, 0xFF, 0x80, 0x00, 0x00, 0xF0, 0x03, 0xFE, 0x00, 0x00, 0x0F, 0xC0, 0x0F, 0xF8,
    0x00, 0x06, 0xFF, 0x2F, 0xFF, 0xFF, 0xFF, 0xFF, 0xF8, 0xBF, 0xFF, 0xFF, 0xFF, 0xFF, 0xD0, 0x00,
    0x00, 0x00, 0x00, 0x00, 0x00, 0x00, 0x00, 0x00, 0x7F, 0x00, 0x00, 0x00, 0x00, 0x0B, 0xFD, 0x00,
    0x00, 0x00, 0x01, 0xFF, 0xF4, 0x00, 0x00, 0x00, 0x0F, 0xE9, 0x40, 0x00, 0x00, 0x00, 0x00, 0x00,
    0x00, 0x0B, 0xFF, 0xFF, 0xFF, 0xFF, 0xFC, 0x2F, 0xFF, 0xFF, 0xFF, 0xFF, 0xF0, 0x00, 0xFF, 0x80,
    0x00, 0x6F, 0xC0, 0x03, 0xFE, 0x00, 0x00, 0x0F, 0x40, 0x0F, 0xF8, 0x00, 0x00, 0x2D, 0x00, 0x3F,
    0xE0, 0x00, 0x00, 0x38, 0x00, 0xFF, 0x80, 0x00, 0x00, 0xE0, 0x03, 0xFE, 0x00, 0x34, 0x00, 0x00,
    0x0F, 0xF8, 0x01, 0xD0, 0x00, 0x00, 0x3F, 0xE0, 0x1F, 0x40, 0x00, 0x00, 0xFF, 0xFF, 0xFD, 0x00,
    0x00, 0x03, 0xFF, 0xFF, 0xF4, 0x00, 0x00, 0x0F, 0xF8, 0x07, 0xD0, 0x00, 0x00, 0x3F, 0xE0, 0x07,
    0x40, 0x00, 0x00, 0xFF, 0x80, 0x0D, 0x00, 0x3C, 0x03, 0xFE, 0x00, 0x00, 0x00, 0xE0, 0x0F, 0xF8,
    0x00, 0x00, 0x03, 0x40, 0x3F, 0xE0, 0x00, 0x00, 0x2D, 0x00, 0xFF, 0x80, 0x00, 0x00, 0xF0, 0x03,
    0xFE, 0x00, 0x00, 0x0F, 0xC0, 0x0F, 0xF8, 0x00, 0x06, 0xFF, 0x2F, 0xFF, 0xFF, 0xFF, 0xFF, 0xF8,
    0xBF, 0xFF, 0xFF, 0xFF, 0xFF, 0xD0, 0x00, 0x00, 0x01, 0x00, 0x00, 0x00, 0x00, 0x00, 0x2F, 0x40,
    0x00, 0x00, 0x00, 0x03, 0xFF, 0x80, 0x00, 0x00, 0x00, 0x7F, 0x1F, 0x80, 0x00, 0x00, 0x03, 0xD0,
    0x0B, 0x80, 0x00, 0x00, 0x04, 0x00, 0x04, 0x00, 0x00, 0x00, 0x00, 0x00, 0x00, 0x00, 0x2F, 0xFF,
    0xFF, 0xFF, 0xFF, 0xF0, 0xBF, 0xFF, 0xFF, 0xFF, 0xFF, 0xC0, 0x03, 0xFE, 0x00, 0x01, 0xBF, 0x00,
    0x0F, 0xF8, 0x00, 0x00, 0x3D, 0x00, 0x3F, 0xE0, 0x00, 0x00, 0xB4, 0x00, 0xFF, 0x80, 0x00, 0x00,
    0xE0, 0x03, 0xFE, 0x00, 0x00, 0x03, 0x80, 0x0F, 0xF8, 0x00, 0xD0, 0x00, 0x00, 0x3F, 0xE0, 0x07,
    0x40, 0x00, 0x00, 0xFF, 0x80, 0x7D, 0x00, 0x00, 0x03, 0xFF, 0xFF, 0xF4, 0x00, 0x00, 0x0F, 0xFF,
    0xFF, 0xD0, 0x00, 0x00, 0x3F, 0xE0, 0x1F, 0x40, 0x00, 0x00, 0xFF, 0x80, 0x1D, 0x00, 0x00, 0x03,
    0xFE, 0x00, 0x34, 0x00, 0xF0, 0x0F, 0xF8, 0x00, 0x00, 0x03, 0x80, 0x3F, 0xE0, 0x00, 0x00, 0x0D,
    0x00, 0xFF, 0x80, 0x00, 0x00, 0xB4, 0x03, 0xFE, 0x00, 0x00, 0x03, 0xC0, 0x0F, 0xF8, 0x00, 0x00,
    0x3F, 0x00, 0x3F, 0xE0, 0x00, 0x1B, 0xFC, 0xBF, 0xFF, 0xFF, 0xFF, 0xFF, 0xE2, 0xFF, 0xFF, 0xFF,
    0xFF, 0xFF, 0x40, 0x00, 0x07, 0xE0, 0x0F, 0x80, 0x00, 0x00, 0x3F, 0xD0, 0xFF, 0xC0, 0x00, 0x01,
    0xFF, 0x83, 0xFF, 0x00, 0x00, 0x03, 0xFD, 0x0F, 0xFC, 0x00, 0x00, 0x07, 0xE0, 0x0F, 0x80, 0x00,
    0x00, 0x00, 0x00, 0x00, 0x00, 0x0B, 0xFF, 0xFF, 0xFF, 0xFF, 0xFC, 0x2F, 0xFF, 0xFF, 0xFF, 0xFF,
    0xF0, 0x00, 0xFF, 0x80, 0x00, 0x6F, 0xC0, 0x03, 0xFE, 0x00, 0x00, 0x0F, 0x40, 0x0F, 0xF8, 0x00,
    0x00, 0x2D, 0x00, 0x3F, 0xE0, 0x00, 0x00, 0x38, 0x00, 0xFF, 0x80, 0x00, 0x00, 0xE0, 0x03, 0xFE,
    0x00, 0x34, 0x00, 0x00, 0x0F, 0xF8, 0x01, 0xD0, 0x00, 0x00, 0x3F, 0xE0, 0x1F, 0x40, 0x00, 0x00,
    0xFF, 0xFF, 0xFD, 0x00, 0x00, 0x03, 0xFF, 0xFF, 0xF4, 0x00, 0x00, 0x0F, 0xF8, 0x07, 0xD0, 0x00,
    0x00, 0x3F, 0xE0, 0x07, 0x40, 0x00, 0x00, 0xFF, 0x80, 0x0D, 0x00, 0x3C, 0x03, 0xFE, 0x00, 0x00,
    0x00, 0xE0, 0x0F, 0xF8, 0x00, 0x00, 0x03, 0x40, 0x3F, 0xE0, 0x00, 0x00, 0x2D, 0x00, 0xFF, 0x80,
    0x00, 0x00, 0xF0, 0x03, 0xFE, 0x00, 0x00, 0x0F, 0xC0, 0x0F, 0xF8, 0x00, 0x06, 0xFF, 0x2F, 0xFF,
    0xFF, 0xFF, 0xFF, 0xF8, 0xBF, 0xFF, 0xFF, 0xFF, 0xFF, 0xD0, 0x0B, 0x80, 0x00, 0x07, 0xFE, 0x00,
    0x01, 0xFF, 0xF4, 0x00, 0x2F, 0xFF, 0x00, 0x00, 0x00, 0x00, 0x00, 0x00, 0x00, 0x0F, 0xFF, 0xFF,
    0xF4, 0x03, 0xFE, 0x00, 0x00, 0xFF, 0x80, 0x00, 0x3F, 0xE0, 0x00, 0x0F, 0xF8, 0x00, 0x03, 0xFE,
    0x00, 0x00, 0xFF, 0x80, 0x00, 0x3F, 0xE0, 0x00, 0x0F, 0xF8, 0x00, 0x03, 0xFE, 0x00, 0x00, 0xFF,
    0x80, 0x00, 0x3F, 0xE0, 0x00, 0x0F, 0xF8, 0x00, 0x03, 0xFE, 0x00, 0x00, 0xFF, 0x80, 0x00, 0x3F,
    0xE0, 0x00, 0x0F, 0xF8, 0x00, 0x03, 0xFE, 0x00, 0x00, 0xFF, 0x80, 0x00, 0x3F, 0xE0, 0x00, 0x0F,
    0xF8, 0x03, 0xFF, 0xFF, 0xFD, 0xFF, 0xFF, 0xFF, 0x40, 0x00, 0x03, 0xC0, 0x00, 0x07, 0xFC, 0x00,
    0x0B, 0xFF, 0x00, 0x0B, 0xFF, 0x80, 0x03, 0x90, 0x40, 0x00, 0x00, 0x00, 0x0F, 0xFF, 0xFF, 0xF4,
    0x03, 0xFE, 0x00, 0x00, 0xFF, 0x80, 0x00, 0x3F, 0xE0, 0x00, 0x0F, 0xF8, 0x00, 0x03, 0xFE, 0x00,
    0x00, 0xFF, 0x80, 0x00, 0x3F, 0xE0, 0x00, 0x0F, 0xF8, 0x00, 0x03, 0xFE, 0x00, 0x00, 0xFF, 0x80,
    0x00, 0x3F, 0xE0, 0x00, 0x0F, 0xF8, 0x00, 0x03, 0xFE, 0x00, 0x00, 0xFF, 0x80, 0x00, 0x3F, 0xE0,
    0x00, 0x0F, 0xF8, 0x00, 0x03, 0xFE, 0x00, 0x00, 0xFF, 0x80, 0x00, 0x3F, 0xE0, 0x00, 0x0F, 0xF8,
    0x03, 0xFF, 0xFF, 0xFD, 0xFF, 0xFF, 0xFF, 0x40, 0x00, 0x04, 0x00, 0x00, 0x1F, 0x80, 0x00, 0x2F,
    0xFC, 0x00, 0x2F, 0x5F, 0xD0, 0x3E, 0x00, 0x7C, 0x01, 0x00, 0x01, 0x00, 0x00, 0x00, 0x03, 0xFF,
    0xFF, 0xFD, 0x00, 0xFF, 0x80, 0x00, 0x3F, 0xE0, 0x00, 0x0F, 0xF8, 0x00, 0x03, 0xFE, 0x00, 0x00,
    0xFF, 0x80, 0x00, 0x3F, 0xE0, 0x00, 0x0F, 0xF8, 0x00, 0x03, 0xFE, 0x00, 0x00, 0xFF, 0x80, 0x00,
    0x3F, 0xE0, 0x00, 0x0F, 0xF8, 0x00, 0x03, 0xFE, 0x00, 0x00, 0xFF, 0x80, 0x00, 0x3F, 0xE0, 0x00,
    0x0F, 0xF8, 0x00, 0x03, 0xFE, 0x00, 0x00, 0xFF, 0x80, 0x00, 0x3F, 0xE0, 0x00, 0x0F, 0xF8, 0x00,
    0x03, 0xFE, 0x00, 0xFF, 0xFF, 0xFF, 0x7F, 0xFF, 0xFF, 0xD0, 0x0B, 0x80, 0x2F, 0x43, 0xFF, 0x07,
    0xFC, 0x3F, 0xF0, 0xBF, 0xD3, 0xFF, 0x07, 0xFC, 0x0B, 0x80, 0x2F, 0x40, 0x00, 0x00, 0x00, 0x3F,
    0xFF, 0xFF, 0xD0, 0x03, 0xFE, 0x00, 0x00, 0x3F, 0xE0, 0x00, 0x03, 0xFE, 0x00, 0x00, 0x3F, 0xE0,
    0x00, 0x03, 0xFE, 0x00, 0x00, 0x3F, 0xE0, 0x00, 0x03, 0xFE, 0x00, 0x00, 0x3F, 0xE0, 0x00, 0x03,
    0xFE, 0x00, 0x00, 0x3F, 0xE0, 0x00, 0x03, 0xFE, 0x00, 0x00, 0x3F, 0xE0, 0x00, 0x03, 0xFE, 0x00,
    0x00, 0x3F, 0xE0, 0x00, 0x03, 0xFE, 0x00, 0x00, 0x3F, 0xE0, 0x00, 0x03, 0xFE, 0x00, 0x00, 0x3F,
    0xE0, 0x00, 0x03, 0xFE, 0x00, 0x00, 0x3F, 0xE0, 0x03, 0xFF, 0xFF, 0xFD, 0x3F, 0xFF, 0xFF, 0xD0,
    0xBF, 0xFF, 0xFF, 0xFF, 0xE4, 0x00, 0x0B, 0xFF, 0xFF, 0xFF, 0xFF, 0xF4, 0x00, 0x00, 0xFF, 0x40,
    0x01, 0xBF, 0xF0, 0x00, 0x0F, 0xF4, 0x00, 0x00, 0xBF, 0xC0, 0x00, 0xFF, 0x40, 0x00, 0x02, 0xFF,
    0x00, 0x0F, 0xF4, 0x00, 0x00, 0x0F, 0xF8, 0x00, 0xFF, 0x40, 0x00, 0x00, 0xBF, 0xC0, 0x0F, 0xF4,
    0x00, 0x00, 0x03, 0xFD, 0x00, 0xFF, 0x40, 0x00, 0x00, 0x3F, 0xE0, 0x0F, 0xF4, 0x00, 0x00, 0x03,
    0xFF, 0x00, 0xFF, 0x40, 0x00, 0x00, 0x3F, 0xF7, 0xFF, 0xFF, 0xFF, 0xC0, 0x03, 0xFF, 0xBF, 0xFF,
    0xFF, 0xF8, 0x00, 0x3F, 0xF0, 0x0F, 0xF4, 0x00, 0x00, 0x03, 0xFF, 0x00, 0xFF, 0x40, 0x00, 0x00,
    0x3F, 0xE0, 0x0F, 0xF4, 0x00, 0x00, 0x03, 0xFD, 0x00, 0xFF, 0x40, 0x00, 0x00, 0x7F, 0xC0, 0x0F,
    0xF4, 0x00, 0x00, 0x0F, 0xF8, 0x00, 0xFF, 0x40, 0x00, 0x02, 0xFF, 0x00, 0x0F, 0xF4, 0x00, 0x00,
    0xBF, 0xC0, 0x00, 0xFF, 0x40, 0x01, 0xBF, 0xF0, 0x0B, 0xFF, 0xFF, 0xFF, 0xFF, 0xF8, 0x00, 0xBF,
    0xFF, 0xFF, 0xFF, 0xE4, 0x00, 0x00, 0x00, 0x00, 0x7F, 0xE4, 0x02, 0xC0, 0x00, 0x00, 0x02, 0xFF,
    0xFF, 0xFF, 0x40, 0x00, 0x00, 0x03, 0x40, 0x6B, 0xF8, 0x00, 0x00, 0x00, 0x00, 0x00, 0x00, 0x00,
    0x00, 0x00, 0x00, 0x00, 0x00, 0x00, 0x00, 0x00, 0x00, 0x00, 0x00, 0x00, 0x00, 0x00, 0x00, 0x00,
    0xBF, 0xFF, 0xC0, 0x00, 0x07, 0xFF, 0xFD, 0xBF, 0xFF, 0xF0, 0x00, 0x0B, 0xFF, 0xFD, 0x00, 0xFF,
    0xF8, 0x00, 0x00, 0x0F, 0x00, 0x00, 0xFF, 0xFE, 0x00, 0x00, 0x0F, 0x00, 0x00, 0xE7, 0xFF, 0x40,
    0x00, 0x0F, 0x00, 0x00, 0xE2, 0xFF, 0xD0, 0x00, 0x0F, 0x00, 0x00, 0xE0, 0xBF, 0xF0, 0x00, 0x0F,
    0x00, 0x00, 0xE0, 0x3F, 0xFC, 0x00, 0x0F, 0x00, 0x00, 0xE0, 0x0F, 0xFF, 0x00, 0x0F, 0x00, 0x00,
    0xE0, 0x03, 0xFF, 0x80, 0x0F, 0x00, 0x00, 0xE0, 0x01, 0xFF, 0xD0, 0x0F, 0x00, 0x00, 0xE0, 0x00,
    0x7F, 0xF4, 0x0F, 0x00, 0x00, 0xE0, 0x00, 0x2F, 0xFC, 0x0F, 0x00, 0x00, 0xE0, 0x00, 0x0B, 0xFF,
    0x0F, 0x00, 0x00, 0xE0, 0x00, 0x03, 0xFF, 0xCF, 0x00, 0x00, 0xE0, 0x00, 0x00, 0xFF, 0xEF, 0x00,
    0x00, 0xE0, 0x00, 0x00, 0x3F, 0xFF, 0x00, 0x00, 0xE0, 0x00, 0x00, 0x1F, 0xFF, 0x00, 0x00, 0xE0,
    0x00, 0x00, 0x07, 0xFF, 0x00, 0x00, 0xE0, 0x00, 0x00, 0x02, 0xFF, 0x00, 0x01, 0xE0, 0x00, 0x00,
    0x00, 0xBF, 0x00, 0xBF, 0xFF, 0xC0, 0x00, 0x00, 0x3F, 0x00, 0xBF, 0xFF, 0xC0, 0x00, 0x00, 0x0E,
    0x00, 0x00, 0x00, 0x3D, 0x00, 0x00, 0x00, 0x00, 0x00, 0x2F, 0xF4, 0x00, 0x00, 0x00, 0x00, 0x0F,
    0xFF, 0x80, 0x00, 0x00, 0x00, 0x00, 0xFF, 0xF4, 0x00, 0x00, 0x00, 0x00, 0x00, 0x00, 0x00, 0x00,
    0x00, 0x00, 0x00, 0x00, 0x00, 0x00, 0x00, 0x00, 0x0B, 0xFF, 0xE4, 0x00, 0x00, 0x00, 0x7F, 0x90,
    0x1F, 0xE0, 0x00, 0x00, 0xBF, 0x00, 0x00, 0xBF, 0x00, 0x00, 0xFF, 0x00, 0x00, 0x0B, 0xF4, 0x00,
    0xBF, 0x40, 0x00, 0x00, 0xFF, 0x00, 0x7F, 0xC0, 0x00, 0x00, 0x1F, 0xF0, 0x3F, 0xE0, 0x00, 0x00,
    0x03, 0xFD, 0x0F, 0xF4, 0x00, 0x00, 0x00, 0xFF, 0x8B, 0xFD, 0x00, 0x00, 0x00, 0x3F, 0xF2, 0xFF,
    0x00, 0x00, 0x00, 0x0F, 0xFC, 0xFF, 0xC0, 0x00, 0x00, 0x02, 0xFF, 0x7F, 0xF0, 0x00, 0x00, 0x00,
    0xBF, 0xDF, 0xFC, 0x00, 0x00, 0x00, 0x2F, 0xF6, 0xFF, 0x40, 0x00, 0x00, 0x0F, 0xFC, 0xBF, 0xD0,
    0x00, 0x00, 0x03, 0xFF, 0x1F, 0xF8, 0x00, 0x00, 0x00, 0xFF, 0xC3, 0xFF, 0x00, 0x00, 0x00, 0x7F,
    0xD0, 0x7F, 0xC0, 0x00, 0x00, 0x2F, 0xF0, 0x0F, 0xF8, 0x00, 0x00, 0x0F, 0xF4, 0x00, 0xFF, 0x00,
    0x00, 0x0B, 0xF4, 0x00, 0x0B, 0xF4, 0x00, 0x0B, 0xF4, 0x00, 0x00, 0x7F, 0x90, 0x1F, 0xE0, 0x00,
    0x00, 0x01, 0xBF, 0xFE, 0x40, 0x00, 0x00, 0x00, 0x00, 0x00, 0x00, 0x00, 0x00, 0x00, 0x00, 0x00,
    0x1F, 0x80, 0x00, 0x00, 0x00, 0x00, 0x2F, 0xF0, 0x00, 0x00, 0x00, 0x00, 0x7F, 0xFC, 0x00, 0x00,
    0x00, 0x00, 0x3F, 0xA4, 0x00, 0x00, 0x00, 0x00, 0x00, 0x00, 0x00, 0x00, 0x00, 0x00, 0x0B, 0xFF,
    0xE4, 0x00, 0x00, 0x00, 0x7F, 0x90, 0x1F, 0xE0, 0x00, 0x00, 0xBF, 0x00, 0x00, 0xBF, 0x00, 0x00,
    0xFF, 0x00, 0x00, 0x0B, 0xF4, 0x00, 0xBF, 0x40, 0x00, 0x00, 0xFF, 0x00, 0x7F, 0xC0, 0x00, 0x00,
    0x1F, 0xF0, 0x3F, 0xE0, 0x00, 0x00, 0x03, 0xFD, 0x0F, 0xF4, 0x00, 0x00, 0x00, 0xFF, 0x8B, 0xFD,
    0x00, 0x00, 0x00, 0x3F, 0xF2, 0xFF, 0x00, 0x00, 0x00, 0x0F, 0xFC, 0xFF, 0xC0, 0x00, 0x00, 0x02,
    0xFF, 0x7F, 0xF0, 0x00, 0x00, 0x00, 0xBF, 0xDF, 0xFC, 0x00, 0x00, 0x00, 0x2F, 0xF6, 0xFF, 0x40,
    0x00, 0x00, 0x0F, 0xFC, 0xBF, 0xD0, 0x00, 0x00, 0x03, 0xFF, 0x1F, 0xF8, 0x00, 0x00, 0x00, 0xFF,
    0xC3, 0xFF, 0x00, 0x00, 0x00, 0x7F, 0xD0, 0x7F, 0xC0, 0x00, 0x00, 0x2F, 0xF0, 0x0F, 0xF8, 0x00,
    0x00, 0x0F, 0xF4, 0x00, 0xFF, 0x00, 0x00, 0x0B, 0xF4, 0x00, 0x0B, 0xF4, 0x00, 0x0B, 0xF4, 0x00,
    0x00, 0x7F, 0x90, 0x1F, 0xE0, 0x00, 0x00, 0x01, 0xBF, 0xFE, 0x40, 0x00, 0x00, 0x00, 0x00, 0x00,
    0x40, 0x00, 0x00, 0x00, 0x00, 0x01, 0xF8, 0x00, 0x00, 0x00, 0x00, 0x02, 0xFF, 0xC0, 0x00, 0x00,
    0x00, 0x02, 0xF8, 0xFD, 0x00, 0x00, 0x00, 0x02, 0xE0, 0x07, 0xC0, 0x00, 0x00, 0x00, 0x10, 0x00,
    0x10, 0x00, 0x00, 0x00, 0x00, 0x00, 0x00, 0x00, 0x00, 0x00, 0x02, 0xFF, 0xF9, 0x00, 0x00, 0x00,
    0x1F, 0xE4, 0x07, 0xF8, 0x00, 0x00, 0x2F, 0xC0, 0x00, 0x2F, 0xC0, 0x00, 0x3F, 0xC0, 0x00, 0x02,
    0xFD, 0x00, 0x2F, 0xD0, 0x00, 0x00, 0x3F, 0xC0, 0x1F, 0xF0, 0x00, 0x00, 0x07, 0xFC, 0x0F, 0xF8,
    0x00, 0x00, 0x00, 0xFF, 0x43, 0xFD, 0x00, 0x00, 0x00, 0x3F, 0xE2, 0xFF, 0x40, 0x00, 0x00, 0x0F,
    0xFC, 0xBF, 0xC0, 0x00, 0x00, 0x03, 0xFF, 0x3F, 0xF0, 0x00, 0x00, 0x00, 0xBF, 0xDF, 0xFC, 0x00,
    0x00, 0x00, 0x2F, 0xF7, 0xFF, 0x00, 0x00, 0x00, 0x0B, 0xFD, 0xBF, 0xD0, 0x00, 0x00, 0x03, 0xFF,
    0x2F, 0xF4, 0x00, 0x00, 0x00, 0xFF, 0xC7, 0xFE, 0x00, 0x00, 0x00, 0x3F, 0xF0, 0xFF, 0xC0, 0x00,
    0x00, 0x1F, 0xF4, 0x1F, 0xF0, 0x00, 0x00, 0x0B, 0xFC, 0x03, 0xFE, 0x00, 0x00, 0x03, 0xFD, 0x00,
    0x3F, 0xC0, 0x00, 0x02, 0xFD, 0x00, 0x02, 0xFD, 0x00, 0x02, 0xFD, 0x00, 0x00, 0x1F, 0xE4, 0x07,
    0xF8, 0x00, 0x00, 0x00, 0x6F, 0xFF, 0x90, 0x00, 0x00, 0x00, 0x02, 0xFE, 0x90, 0x1D, 0x00, 0x00,
    0x07, 0xFF, 0xFF, 0xFE, 0x00, 0x00, 0x03, 0x80, 0x1B, 0xFD, 0x00, 0x00, 0x00, 0x00, 0x00, 0x00,
    0x00, 0x00, 0x00, 0x00, 0x00, 0x00, 0x00, 0x00, 0x00, 0x00, 0x00, 0x00, 0x00, 0x00, 0x00, 0x00,
    0x0B, 0xFF, 0xE4, 0x00, 0x00, 0x00, 0x7F, 0x90, 0x1F, 0xE0, 0x00, 0x00, 0xBF, 0x00, 0x00, 0xBF,
    0x00, 0x00, 0xFF, 0x00, 0x00, 0x0B, 0xF4, 0x00, 0xBF, 0x40, 0x00, 0x00, 0xFF, 0x00, 0x7F, 0xC0,
    0x00, 0x00, 0x1F, 0xF0, 0x3F, 0xE0, 0x00, 0x00, 0x03, 0xFD, 0x0F, 0xF4, 0x00, 0x00, 0x00, 0xFF,
    0x8B, 0xFD, 0x00, 0x00, 0x00, 0x3F, 0xF2, 0xFF, 0x00, 0x00, 0x00, 0x0F, 0xFC, 0xFF, 0xC0, 0x00,
    0x00, 0x02, 0xFF, 0x7F, 0xF0, 0x00, 0x00, 0x00, 0xBF, 0xDF, 0xFC, 0x00, 0x00, 0x00, 0x2F, 0xF6,
    0xFF, 0x40, 0x00, 0x00, 0x0F, 0xFC, 0xBF, 0xD0, 0x00, 0x00, 0x03, 0xFF, 0x1F, 0xF8, 0x00, 0x00,
    0x00, 0xFF, 0xC3, 0xFF, 0x00, 0x00, 0x00, 0x7F, 0xD0, 0x7F, 0xC0, 0x00, 0x00, 0x2F, 0xF0, 0x0F,
    0xF8, 0x00, 0x00, 0x0F, 0xF4, 0x00, 0xFF, 0x00, 0x00, 0x0B, 0xF4, 0x00, 0x0B, 0xF4, 0x00, 0x0B,
    0xF4, 0x00, 0x00, 0x7F, 0x90, 0x1F, 0xE0, 0x00, 0x00, 0x01, 0xBF, 0xFE, 0x40, 0x00, 0x00, 0x00,
    0x02, 0xF0, 0x0B, 0xD0, 0x00, 0x00, 0x02, 0xFF, 0x07, 0xFC, 0x00, 0x00, 0x00, 0xFF, 0xC2, 0xFF,
    0x40, 0x00, 0x00, 0x2F, 0xF0, 0x7F, 0xC0, 0x00, 0x00, 0x02, 0xF0, 0x0B, 0xD0, 0x00, 0x00, 0x00,
    0x00, 0x00, 0x00, 0x00, 0x00, 0x00, 0x0B, 0xFF, 0xE4, 0x00, 0x00, 0x00, 0x7F, 0x90, 0x1F, 0xE0,
    0x00, 0x00, 0xBF, 0x00, 0x00, 0xBF, 0x00, 0x00, 0xFF, 0x00, 0x00, 0x0B, 0xF4, 0x00, 0xBF, 0x40,
    0x00, 0x00, 0xFF, 0x00, 0x7F, 0xC0, 0x00, 0x00, 0x1F, 0xF0, 0x3F, 0xE0, 0x00, 0x00, 0x03, 0xFD,
    0x0F, 0xF4, 0x00, 0x00, 0x00, 0xFF, 0x8B, 0xFD, 0x00, 0x00, 0x00, 0x3F, 0xF2, 0xFF, 0x00, 0x00,
    0x00, 0x0F, 0xFC, 0xFF, 0xC0, 0x00, 0x00, 0x02, 0xFF, 0x7F, 0xF0, 0x00, 0x00, 0x00, 0xBF, 0xDF,
    0xFC, 0x00, 0x00, 0x00, 0x2F, 0xF6, 0xFF, 0x40, 0x00, 0x00, 0x0F, 0xFC, 0xBF, 0xD0, 0x00, 0x00,
    0x03, 0xFF, 0x1F, 0xF8, 0x00, 0x00, 0x00, 0xFF, 0xC3, 0xFF, 0x00, 0x00, 0x00, 0x7F, 0xD0, 0x7F,
    0xC0, 0x00, 0x00, 0x2F, 0xF0, 0x0F, 0xF8, 0x00, 0x00, 0x0F, 0xF4, 0x00, 0xFF, 0x00, 0x00, 0x0B,
    0xF4, 0x00, 0x0B, 0xF4, 0x00, 0x0B, 0xF4, 0x00, 0x00, 0x7F, 0x90, 0x1F, 0xE0, 0x00, 0x00, 0x01,
    0xBF, 0xFE, 0x40, 0x00, 0x00, 0x00, 0x00, 0x00, 0x00, 0x00, 0x20, 0x00, 0x00, 0x00, 0x00, 0x00,
    0x0B, 0x00, 0x00, 0x00, 0x6F, 0xFF, 0x91, 0xD0, 0x00, 0x00, 0xBE, 0x40, 0x1F, 0xF8, 0x00, 0x00,
    0xBF, 0x00, 0x00, 0x1F, 0xD0, 0x00, 0x2F, 0xC0, 0x00, 0x01, 0xFF, 0x40, 0x0B, 0xF0, 0x00, 0x00,
    0x36, 0xFC, 0x01, 0xFE, 0x00, 0x00, 0x0F, 0x0F, 0xF0, 0x3F, 0xD0, 0x00, 0x02, 0xC0, 0xFF, 0x43,
    0xFC, 0x00, 0x00, 0x74, 0x0B, 0xF8, 0xBF, 0xC0, 0x00, 0x0E, 0x00, 0x7F, 0xCB, 0xFC, 0x00, 0x02,
    0xC0, 0x07, 0xFC, 0xFF, 0xC0, 0x00, 0x74, 0x00, 0x7F, 0xDF, 0xFC, 0x00, 0x0E, 0x00, 0x07, 0xFD,
    0xFF, 0xC0, 0x03, 0xC0, 0x00, 0x7F, 0xDF, 0xFC, 0x00, 0xB0, 0x00, 0x07, 0xFC, 0xBF, 0xC0, 0x0D,
    0x00, 0x00, 0x7F, 0xC7, 0xFC, 0x03, 0x80, 0x00, 0x0B, 0xF8, 0x3F, 0xC0, 0xB0, 0x00, 0x00, 0xFF,
    0x41, 0xFE, 0x1D, 0x00, 0x00, 0x0F, 0xF0, 0x0F, 0xF3, 0x80, 0x00, 0x02, 0xFC, 0x00, 0x3F, 0xF0,
    0x00, 0x00, 0x7F, 0x40, 0x00, 0xFF, 0x00, 0x00, 0x1F, 0xC0, 0x00, 0x03, 0xFE, 0x40, 0x1F, 0xE0,
    0x00, 0x00, 0xF1, 0xAF, 0xFF, 0x90, 0x00, 0x00, 0x2C, 0x00, 0x00, 0x00, 0x00, 0x00, 0x01, 0x40,
    0x00, 0x00, 0x00, 0x00, 0x00, 0x00, 0x00, 0x0B, 0x80, 0x00, 0x00, 0x00, 0x00, 0x00, 0x7F, 0xD0,
    0x00, 0x00, 0x00, 0x00, 0x01, 0xFF, 0xF4, 0x00, 0x00, 0x00, 0x00, 0x02, 0xFF, 0xE0, 0x00, 0x00,
    0x00, 0x00, 0x00, 0x00, 0x00, 0x00, 0x00, 0x00, 0x00, 0x00, 0x00, 0x00, 0x00, 0x0B, 0xFF, 0xFF,
    0xF0, 0x00, 0xFF, 0xFF, 0xEF, 0xFF, 0xFF, 0xC0, 0x03, 0xFF, 0xFF, 0x00, 0xFF, 0x80, 0x00, 0x00,
    0x2D, 0x00, 0x03, 0xFE, 0x00, 0x00, 0x00, 0x74, 0x00, 0x0F, 0xF8, 0x00, 0x00, 0x01, 0xD0, 0x00,
    0x3F, 0xE0, 0x00, 0x00, 0x07, 0x40, 0x00, 0xFF, 0x80, 0x00, 0x00, 0x1D, 0x00, 0x03, 0xFE, 0x00,
    0x00, 0x00, 0x74, 0x00, 0x0F, 0xF8, 0x00, 0x00, 0x01, 0xD0, 0x00, 0x3F, 0xE0, 0x00, 0x00, 0x07,
    0x40, 0x00, 0xFF, 0x80, 0x00, 0x00, 0x1D, 0x00, 0x03, 0xFE, 0x00, 0x00, 0x00, 0x74, 0x00, 0x0F,
    0xF8, 0x00, 0x00, 0x01, 0xD0, 0x00, 0x3F, 0xE0, 0x00, 0x00, 0x07, 0x40, 0x00, 0xFF, 0x80, 0x00,
    0x00, 0x1D, 0x00, 0x03, 0xFE, 0x00, 0x00, 0x00, 0x74, 0x00, 0x0F, 0xF8, 0x00, 0x00, 0x02, 0xC0,
    0x00, 0x2F, 0xF0, 0x00, 0x00, 0x0F, 0x00, 0x00, 0x7F, 0xC0, 0x00, 0x00, 0xB4, 0x00, 0x00, 0xBF,
    0xC0, 0x00, 0x0B, 0xC0, 0x00, 0x00, 0xBF, 0xE0, 0x01, 0xFC, 0x00, 0x00, 0x00, 0x7F, 0xFF, 0xFF,
    0xC0, 0x00, 0x00, 0x00, 0x1B, 0xFF, 0xE0, 0x00, 0x00, 0x00, 0x00, 0x00, 0x00, 0x00, 0x00, 0x00,
    0x00, 0x00, 0x00, 0x07, 0xE0, 0x00, 0x00, 0x00, 0x00, 0x00, 0xBF, 0xC0, 0x00, 0x00, 0x00, 0x00,
    0x1F, 0xFF, 0x00, 0x00, 0x00, 0x00, 0x00, 0xFE, 0x90, 0x00, 0x00, 0x00, 0x00, 0x00, 0x00, 0x00,
    0x00, 0x0B, 0xFF, 0xFF, 0xF0, 0x00, 0xFF, 0xFF, 0xEF, 0xFF, 0xFF, 0xC0, 0x03, 0xFF, 0xFF, 0x00,
    0xFF, 0x80, 0x00, 0x00, 0x2D, 0x00, 0x03, 0xFE, 0x00, 0x00, 0x00, 0x74, 0x00, 0x0F, 0xF8, 0x00,
    0x00, 0x01, 0xD0, 0x00, 0x3F, 0xE0, 0x00, 0x00, 0x07, 0x40, 0x00, 0xFF, 0x80, 0x00, 0x00, 0x1D,
    0x00, 0x03, 0xFE, 0x00, 0x00, 0x00, 0x74, 0x00, 0x0F, 0xF8, 0x00, 0x00, 0x01, 0xD0, 0x00, 0x3F,
    0xE0, 0x00, 0x00, 0x07, 0x40, 0x00, 0xFF, 0x80, 0x00, 0x00, 0x1D, 0x00, 0x03, 0xFE, 0x00, 0x00,
    0x00, 0x74, 0x00, 0x0F, 0xF8, 0x00, 0x00, 0x01, 0xD0, 0x00, 0x3F, 0xE0, 0x00, 0x00, 0x07, 0x40,
    0x00, 0xFF, 0x80, 0x00, 0x00, 0x1D, 0x00, 0x03, 0xFE, 0x00, 0x00, 0x00, 0x74, 0x00, 0x0F, 0xF8,
    0x00, 0x00, 0x02, 0xC0, 0x00, 0x2F, 0xF0, 0x00, 0x00, 0x0F, 0x00, 0x00, 0x7F, 0xC0, 0x00, 0x00,
    0xB4, 0x00, 0x00, 0xBF, 0xC0, 0x00, 0x0B, 0xC0, 0x00, 0x00, 0xBF, 0xE0, 0x01, 0xFC, 0x00, 0x00,
    0x00, 0x7F, 0xFF, 0xFF, 0xC0, 0x00, 0x00, 0x00, 0x1B, 0xFF, 0xE0, 0x00, 0x00, 0x00, 0x00, 0x00,
    0x04, 0x00, 0x00, 0x00, 0x00, 0x00, 0x01, 0xFC, 0x00, 0x00, 0x00, 0x00, 0x00, 0x1F, 0xFC, 0x00,
    0x00, 0x00, 0x00, 0x02, 0xF8, 0xFD, 0x00, 0x00, 0x00, 0x00, 0x2F, 0x00, 0x7D, 0x00, 0x00, 0x00,
    0x00, 0x10, 0x00, 0x10, 0x00, 0x00, 0x00, 0x00, 0x00, 0x00, 0x00, 0x00, 0x2F, 0xFF, 0xFF, 0xC0,
    0x03, 0xFF, 0xFF, 0xBF, 0xFF, 0xFF, 0x00, 0x0F, 0xFF, 0xFC, 0x03, 0xFE, 0x00, 0x00, 0x00, 0xB4,
    0x00, 0x0F, 0xF8, 0x00, 0x00, 0x01, 0xD0, 0x00, 0x3F, 0xE0, 0x00, 0x00, 0x07, 0x40, 0x00, 0xFF,
    0x80, 0x00, 0x00, 0x1D, 0x00, 0x03, 0xFE, 0x00, 0x00, 0x00, 0x74, 0x00, 0x0F, 0xF8, 0x00, 0x00,
    0x01, 0xD0, 0x00, 0x3F, 0xE0, 0x00, 0x00, 0x07, 0x40, 0x00, 0xFF, 0x80, 0x00, 0x00, 0x1D, 0x00,
    0x03, 0xFE, 0x00, 0x00, 0x00, 0x74, 0x00, 0x0F, 0xF8, 0x00, 0x00, 0x01, 0xD0, 0x00, 0x3F, 0xE0,
    0x00, 0x00, 0x07, 0x40, 0x00, 0xFF, 0x80, 0x00, 0x00, 0x1D, 0x00, 0x03, 0xFE, 0x00, 0x00, 0x00,
    0x74, 0x00, 0x0F, 0xF8, 0x00, 0x00, 0x01, 0xD0, 0x00, 0x3F, 0xE0, 0x00, 0x00, 0x0B, 0x00, 0x00,
    0xBF, 0xC0, 0x00, 0x00, 0x3C, 0x00, 0x01, 0xFF, 0x00, 0x00, 0x02, 0xD0, 0x00, 0x02, 0xFF, 0x00,
    0x00, 0x2F, 0x00, 0x00, 0x02, 0xFF, 0x80, 0x07, 0xF0, 0x00, 0x00, 0x01, 0xFF, 0xFF, 0xFF, 0x00,
    0x00, 0x00, 0x00, 0x6F, 0xFF, 0x80, 0x00, 0x00, 0x00, 0x00, 0xBD, 0x01, 0xF8, 0x00, 0x00, 0x00,
    0x07, 0xFC, 0x0F, 0xF8, 0x00, 0x00, 0x00, 0x2F, 0xF4, 0x3F, 0xF0, 0x00, 0x00, 0x00, 0x7F, 0xC0,
    0xFF, 0x80, 0x00, 0x00, 0x00, 0xBD, 0x01, 0xF8, 0x00, 0x00, 0x00, 0x00, 0x00, 0x00, 0x00, 0x00,
    0x0B, 0xFF, 0xFF, 0xF0, 0x00, 0xFF, 0xFF, 0xEF, 0xFF, 0xFF, 0xC0, 0x03, 0xFF, 0xFF, 0x00, 0xFF,
    0x80, 0x00, 0x00, 0x2D, 0x00, 0x03, 0xFE, 0x00, 0x00, 0x00, 0x74, 0x00, 0x0F, 0xF8, 0x00, 0x00,
    0x01, 0xD0, 0x00, 0x3F, 0xE0, 0x00, 0x00, 0x07, 0x40, 0x00, 0xFF, 0x80, 0x00, 0x00, 0x1D, 0x00,
    0x03, 0xFE, 0x00, 0x00, 0x00, 0x74, 0x00, 0x0F, 0xF8, 0x00, 0x00, 0x01, 0xD0, 0x00, 0x3F, 0xE0,
    0x00, 0x00, 0x07, 0x40, 0x00, 0xFF, 0x80, 0x00, 0x00, 0x1D, 0x00, 0x03, 0xFE, 0x00, 0x00, 0x00,
    0x74, 0x00, 0x0F, 0xF8, 0x00, 0x00, 0x01, 0xD0, 0x00, 0x3F, 0xE0, 0x00, 0x00, 0x07, 0x40, 0x00,
    0xFF, 0x80, 0x00, 0x00, 0x1D, 0x00, 0x03, 0xFE, 0x00, 0x00, 0x00, 0x74, 0x00, 0x0F, 0xF8, 0x00,
    0x00, 0x02, 0xC0, 0x00, 0x2F, 0xF0, 0x00, 0x00, 0x0F, 0x00, 0x00, 0x7F, 0xC0, 0x00, 0x00, 0xB4,
    0x00, 0x00, 0xBF, 0xC0, 0x00, 0x0B, 0xC0, 0x00, 0x00, 0xBF, 0xE0, 0x01, 0xFC, 0x00, 0x00, 0x00,
    0x7F, 0xFF, 0xFF, 0xC0, 0x00, 0x00, 0x00, 0x1B, 0xFF, 0xE0, 0x00, 0x00, 0x00, 0x00, 0x00, 0x00,
    0x3C, 0x00, 0x00, 0x00, 0x00, 0x00, 0x00, 0x7F, 0xC0, 0x00, 0x00, 0x00, 0x00, 0x00, 0xBF, 0xF0,
    0x00, 0x00, 0x00, 0x00, 0x00, 0xFF, 0xF8, 0x00, 0x00, 0x00, 0x00, 0x00, 0x79, 0x04, 0x00, 0x00,
    0x00, 0x00, 0x00, 0x00, 0x00, 0x00, 0x00, 0x07, 0xFF, 0xFF, 0xF0, 0x00, 0x0F, 0xFF, 0xF1, 0xFF,
    0xFF, 0xFC, 0x00, 0x03, 0xFF, 0xFC, 0x00, 0xFF, 0xE0, 0x00, 0x00, 0x0F, 0x80, 0x00, 0x0F, 0xFD,
    0x00, 0x00, 0x07, 0xC0, 0x00, 0x01, 0xFF, 0xC0, 0x00, 0x03, 0xC0, 0x00, 0x00, 0x3F, 0xF8, 0x00,
    0x02, 0xD0, 0x00, 0x00, 0x03, 0xFF, 0x40, 0x01, 0xF0, 0x00, 0x00, 0x00, 0x7F, 0xF0, 0x00, 0xF0,
    0x00, 0x00, 0x00, 0x0F, 0xFE, 0x00, 0xB4, 0x00, 0x00, 0x00, 0x00, 0xFF, 0xD0, 0x7C, 0x00, 0x00,
    0x00, 0x00, 0x1F, 0xFC, 0x3C, 0x00, 0x00, 0x00, 0x00, 0x03, 0xFF, 0xAD, 0x00, 0x00, 0x00, 0x00,
    0x00, 0x3F, 0xFF, 0x00, 0x00, 0x00, 0x00, 0x00, 0x07, 0xFF, 0x00, 0x00, 0x00, 0x00, 0x00, 0x00,
    0xFF, 0x80, 0x00, 0x00, 0x00, 0x00, 0x00, 0x3F, 0xE0, 0x00, 0x00, 0x00, 0x00, 0x00, 0x0F, 0xF8,
    0x00, 0x00, 0x00, 0x00, 0x00, 0x03, 0xFE, 0x00, 0x00, 0x00, 0x00, 0x00, 0x00, 0xFF, 0x80, 0x00,
    0x00, 0x00, 0x00, 0x00, 0x3F, 0xE0, 0x00, 0x00, 0x00, 0x00, 0x00, 0x0F, 0xF8, 0x00, 0x00, 0x00,
    0x00, 0x00, 0x03, 0xFE, 0x00, 0x00, 0x00, 0x00, 0x00, 0x7F, 0xFF, 0xFF, 0x00, 0x00, 0x00, 0x00,
    0x00, 0x00, 0x00, 0x00, 0x00, 0x00, 0x00, 0x00, 0x00, 0x00, 0x00, 0x2F, 0xFF, 0xFF, 0xC0, 0x00,
    0x00, 0x0F, 0xF0, 0x00, 0x00, 0x00, 0x03, 0xFC, 0x00, 0x00, 0x00, 0x00, 0xFF, 0x00, 0x00, 0x00,
    0x00, 0x3F, 0xFF, 0xFF, 0x90, 0x00, 0x0F, 0xFF, 0xFF, 0xFF, 0x40, 0x03, 0xFC, 0x00, 0x7F, 0xF0,
    0x00, 0xFF, 0x00, 0x03, 0xFF, 0x00, 0x3F, 0xC0, 0x00, 0xBF, 0xD0, 0x0F, 0xF0, 0x00, 0x1F, 0xF8,
    0x03, 0xFC, 0x00, 0x03, 0xFE, 0x00, 0xFF, 0x00, 0x01, 0xFF, 0x80, 0x3F, 0xC0, 0x00, 0xBF, 0xD0,
    0x0F, 0xF0, 0x00, 0x3F, 0xF0, 0x03, 0xFC, 0x00, 0x7F, 0xF4, 0x00, 0xFF, 0xFF, 0xFF, 0xF0, 0x00,
    0x3F, 0xFF, 0xFF, 0x90, 0x00, 0x0F, 0xF0, 0x00, 0x00, 0x00, 0x03, 0xFC, 0x00, 0x00, 0x00, 0x00,
    0xFF, 0x00, 0x00, 0x00, 0x00, 0x3F, 0xC0, 0x00, 0x00, 0x0B, 0xFF, 0xFF, 0xF0, 0x00, 0x02, 0xFF,
    0xFF, 0xFC, 0x00, 0x00, 0x00, 0x2F, 0xFE, 0x00, 0x00, 0x1F, 0xD0, 0x2D, 0x00, 0x03, 0xF4, 0x00,
    0xB0, 0x00, 0x7F, 0x00, 0x03, 0x40, 0x0B, 0xF0, 0x00, 0x34, 0x00, 0xBF, 0x00, 0x03, 0x40, 0x0B,
    0xF0, 0x00, 0x34, 0x00, 0xBF, 0x00, 0x0B, 0x00, 0xFF, 0xF0, 0x0F, 0xD0, 0x0F, 0xFF, 0x03, 0xC0,
    0x00, 0x0B, 0xF0, 0xB8, 0x00, 0x00, 0xBF, 0x0F, 0x80, 0x00, 0x0B, 0xF0, 0xFC, 0x00, 0x00, 0xBF,
    0x0B, 0xF9, 0x00, 0x0B, 0xF0, 0x7F, 0xFE, 0x00, 0xBF, 0x02, 0xFF, 0xF4, 0x0B, 0xF0, 0x02, 0xFF,
    0xC0, 0xBF, 0x00, 0x00, 0xBD, 0x0B, 0xF0, 0xA0, 0x03, 0xD0, 0xBF, 0x0F, 0x00, 0x3D, 0x0B, 0xF0,
    0xF4, 0x03, 0xCF, 0xFF, 0x0F, 0xD0, 0xF4, 0xFF, 0xF0, 0xAB, 0xF8, 0x00, 0x00, 0x1F, 0x00, 0x00,
    0x00, 0x03, 0xFC, 0x00, 0x00, 0x00, 0x3F, 0xF0, 0x00, 0x00, 0x01, 0xFF, 0xD0, 0x00, 0x00, 0x01,
    0xBF, 0x00, 0x00, 0x00, 0x00, 0x40, 0x00, 0x00, 0x00, 0x00, 0x00, 0x00, 0x1F, 0xFF, 0x90, 0x00,
    0x0F, 0xD0, 0x2F, 0xC0, 0x02, 0xFD, 0x00, 0xFF, 0x00, 0x2F, 0xD0, 0x07, 0xF4, 0x00, 0xB8, 0x00,
    0x7F, 0x80, 0x00, 0x00, 0x03, 0xF8, 0x00, 0x01, 0xAF, 0xFF, 0x80, 0x07, 0xFE, 0x43, 0xF8, 0x02,
    0xFD, 0x00, 0x3F, 0x80, 0xBF, 0x40, 0x03, 0xF8, 0x0F, 0xF0, 0x00, 0x7F, 0x80, 0xFF, 0x00, 0x07,
    0xF8, 0x0B, 0xF4, 0x00, 0xEF, 0x80, 0x3F, 0xD0, 0x75, 0xFF, 0xD0, 0x6F, 0xF8, 0x0B, 0xFD, 0x00,
    0x00, 0x3D, 0x00, 0x00, 0x00, 0x0F, 0xF0, 0x00, 0x00, 0x07, 0xFF, 0x00, 0x00, 0x01, 0xFF, 0xD0,
    0x00, 0x00, 0x3F, 0x80, 0x00, 0x00, 0x00, 0x40, 0x00, 0x00, 0x00, 0x00, 0x00, 0x00, 0x00, 0x1F,
    0xFF, 0x90, 0x00, 0x0F, 0xD0, 0x2F, 0xC0, 0x02, 0xFD, 0x00, 0xFF, 0x00, 0x2F, 0xD0, 0x07, 0xF4,
    0x00, 0xB8, 0x00, 0x7F, 0x80, 0x00, 0x00, 0x03, 0xF8, 0x00, 0x01, 0xAF, 0xFF, 0x80, 0x07, 0xFE,
    0x43, 0xF8, 0x02, 0xFD, 0x00, 0x3F, 0x80, 0xBF, 0x40, 0x03, 0xF8, 0x0F, 0xF0, 0x00, 0x7F, 0x80,
    0xFF, 0x00, 0x07, 0xF8, 0x0B, 0xF4, 0x00, 0xEF, 0x80, 0x3F, 0xD0, 0x75, 0xFF, 0xD0, 0x6F, 0xF8,
    0x0B, 0xFD, 0x00, 0x01, 0x00, 0x00, 0x00, 0x00, 0xF8, 0x00, 0x00, 0x00, 0x3F, 0xE0, 0x00, 0x00,
    0x0F, 0x8F, 0xC0, 0x00, 0x03, 0xE0, 0x2F, 0x00, 0x00, 0xB4, 0x00, 0x74, 0x00, 0x00, 0x00, 0x00,
    0x00, 0x00, 0x1F, 0xFF, 0x90, 0x00, 0x0F, 0xD0, 0x2F, 0xC0, 0x02, 0xFD, 0x00, 0xFF, 0x00, 0x2F,
    0xD0, 0x07, 0xF4, 0x00, 0xB8, 0x00, 0x7F, 0x80, 0x00, 0x00, 0x03, 0xF8, 0x00, 0x01, 0xAF, 0xFF,
    0x80, 0x07, 0xFE, 0x43, 0xF8, 0x02, 0xFD, 0x00, 0x3F, 0x80, 0xBF, 0x40, 0x03, 0xF8, 0x0F, 0xF0,
    0x00, 0x7F, 0x80, 0xFF, 0x00, 0x07, 0xF8, 0x0B, 0xF4, 0x00, 0xEF, 0x80, 0x3F, 0xD0, 0x75, 0xFF,
    0xD0, 0x6F, 0xF8, 0x0B, 0xFD, 0x02, 0xFE, 0x40, 0xD0, 0x00, 0xFF, 0xFF, 0xF8, 0x00, 0x28, 0x06,
    0xFD, 0x00, 0x00, 0x00, 0x00, 0x00, 0x00, 0x00, 0x00, 0x00, 0x00, 0x00, 0x1F, 0xFF, 0x90, 0x00,
    0x0F, 0xD0, 0x2F, 0xC0, 0x02, 0xFD, 0x00, 0xFF, 0x00, 0x2F, 0xD0, 0x07, 0xF4, 0x00, 0xB8, 0x00,
    0x7F, 0x80, 0x00, 0x00, 0x03, 0xF8, 0x00, 0x01, 0xAF, 0xFF, 0x80, 0x07, 0xFE, 0x43, 0xF8, 0x02,
    0xFD, 0x00, 0x3F, 0x80, 0xBF, 0x40, 0x03, 0xF8, 0x0F, 0xF0, 0x00, 0x7F, 0x80, 0xFF, 0x00, 0x07,
    0xF8, 0x0B, 0xF4, 0x00, 0xEF, 0x80, 0x3F, 0xD0, 0x75, 0xFF, 0xD0, 0x6F, 0xF8, 0x0B, 0xFD, 0x02,
    0xF4, 0x07, 0xE0, 0x00, 0xBF, 0xC0, 0xFF, 0x40, 0x0B, 0xFD, 0x1F, 0xF8, 0x00, 0xBF, 0xC0, 0xFF,
    0x40, 0x02, 0xF4, 0x07, 0xE0, 0x00, 0x00, 0x00, 0x00, 0x00, 0x00, 0x00, 0x00, 0x00, 0x00, 0x00,
    0x00, 0x00, 0x00, 0x01, 0xFF, 0xF9, 0x00, 0x00, 0xFD, 0x02, 0xFC, 0x00, 0x2F, 0xD0, 0x0F, 0xF0,
    0x02, 0xFD, 0x00, 0x7F, 0x40, 0x0B, 0x80, 0x07, 0xF8, 0x00, 0x00, 0x00, 0x3F, 0x80, 0x00, 0x1A,
    0xFF, 0xF8, 0x00, 0x7F, 0xE4, 0x3F, 0x80, 0x2F, 0xD0, 0x03, 0xF8, 0x0B, 0xF4, 0x00, 0x3F, 0x80,
    0xFF, 0x00, 0x07, 0xF8, 0x0F, 0xF0, 0x00, 0x7F, 0x80, 0xBF, 0x40, 0x0E, 0xF8, 0x03, 0xFD, 0x07,
    0x5F, 0xFD, 0x06, 0xFF, 0x80, 0xBF, 0xD0, 0x00, 0x2F, 0xE0, 0x00, 0x00, 0x0E, 0x02, 0xC0, 0x00,
    0x01, 0xC0, 0x1C, 0x00, 0x00, 0x1C, 0x01, 0xC0, 0x00, 0x00, 0xE0, 0x3C, 0x00, 0x00, 0x02, 0xFE,
    0x00, 0x00, 0x00, 0x00, 0x00, 0x00, 0x00, 0x1F, 0xFF, 0x90, 0x00, 0x0F, 0xD0, 0x2F, 0xC0, 0x02,
    0xFD, 0x00, 0xFF, 0x00, 0x2F, 0xD0, 0x07, 0xF4, 0x00, 0xB8, 0x00, 0x7F, 0x80, 0x00, 0x00, 0x03,
    0xF8, 0x00, 0x01, 0xAF, 0xFF, 0x80, 0x07, 0xFE, 0x43, 0xF8, 0x02, 0xFD, 0x00, 0x3F, 0x80, 0xBF,
    0x40, 0x03, 0xF8, 0x0F, 0xF0, 0x00, 0x7F, 0x80, 0xFF, 0x00, 0x07, 0xF8, 0x0B, 0xF4, 0x00, 0xEF,
    0x80, 0x3F, 0xD0, 0x75, 0xFF, 0xD0, 0x6F, 0xF8, 0x0B, 0xFD, 0x02, 0xFF, 0xF9, 0x01, 0xFF, 0xE0,
    0x00, 0xFC, 0x03, 0xFE, 0xF8, 0x0B, 0xD0, 0x2F, 0xD0, 0x0F, 0xFE, 0x00, 0x3F, 0x02, 0xFD, 0x00,
    0x7F, 0xC0, 0x01, 0xF8, 0x0F, 0x80, 0x07, 0xFC, 0x00, 0x0F, 0xC0, 0x00, 0x00, 0x3F, 0x80, 0x00,
    0xFC, 0x00, 0x00, 0x03, 0xF8, 0x00, 0x0F, 0xD0, 0x01, 0xAF, 0xFF, 0xFF, 0xFF, 0xFC, 0x07, 0xFE,
    0x43, 0xF8, 0x00, 0x00, 0x02, 0xFD, 0x00, 0x3F, 0x80, 0x00, 0x00, 0x7F, 0x40, 0x02, 0xFC, 0x00,
    0x00, 0x0B, 0xF0, 0x00, 0x2F, 0xD0, 0x00, 0x1C, 0xBF, 0x40, 0x07, 0xFF, 0x00, 0x03, 0xC3, 0xFD,
    0x02, 0xF9, 0xFD, 0x06, 0xF0, 0x06, 0xFF, 0xE4, 0x01, 0xBF, 0xE4, 0x00, 0x00, 0x2F, 0xFE, 0x40,
    0x0B, 0xE0, 0x1F, 0xC0, 0xFE, 0x00, 0xBF, 0x4B, 0xF0, 0x02, 0xFD, 0x3F, 0x80, 0x03, 0xE1, 0xFE,
    0x00, 0x00, 0x0B, 0xF8, 0x00, 0x00, 0x2F, 0xD0, 0x00, 0x00, 0xBF, 0x80, 0x00, 0x02, 0xFE, 0x00,
    0x00, 0x03, 0xFC, 0x00, 0x00, 0x0B, 0xF0, 0x00, 0x0E, 0x0F, 0xF0, 0x00, 0xB0, 0x0F, 0xF4, 0x1B,
    0x40, 0x07, 0xFF, 0xE0, 0x00, 0x01, 0xFD, 0x00, 0x00, 0x07, 0xFE, 0x00, 0x00, 0x01, 0xFF, 0x00,
    0x00, 0x01, 0xFD, 0x00, 0x00, 0x07, 0xF4, 0x00, 0x01, 0xBF, 0x80, 0x0B, 0xFF, 0xE0, 0x00, 0x00,
    0x1F, 0x40, 0x00, 0x00, 0x3F, 0xE0, 0x00, 0x00, 0x1F, 0xFC, 0x00, 0x00, 0x02, 0xFF, 0x00, 0x00,
    0x00, 0x06, 0x00, 0x00, 0x00, 0x00, 0x00, 0x00, 0x6F, 0xF9, 0x00, 0x03, 0xF4, 0x0F, 0xC0, 0x0F,
    0xD0, 0x03, 0xF0, 0x3F, 0xC0, 0x01, 0xF8, 0x7F, 0x80, 0x00, 0xFC, 0xBF, 0x40, 0x00, 0xFC, 0xFF,
    0x40, 0x00, 0xFD, 0xFF, 0xFF, 0xFF, 0xFC, 0xFF, 0x40, 0x00, 0x00, 0xBF, 0x40, 0x00, 0x00, 0x7F,
    0x80, 0x00, 0x00, 0x3F, 0xC0, 0x00, 0x1C, 0x0F, 0xD0, 0x00, 0x3C, 0x02, 0xF8, 0x02, 0xE0, 0x00,
    0x2F, 0xFE, 0x40, 0x00, 0x00, 0xB4, 0x00, 0x00, 0x03, 0xFC, 0x00, 0x00, 0x0F, 0xFC, 0x00, 0x00,
    0x3F, 0xF4, 0x00, 0x00, 0xBE, 0x40, 0x00, 0x00, 0x10, 0x00, 0x00, 0x00, 0x00, 0x00, 0x00, 0x00,
    0x6F, 0xF9, 0x00, 0x03, 0xF4, 0x0F, 0xC0, 0x0F, 0xD0, 0x03, 0xF0, 0x3F, 0xC0, 0x01, 0xF8, 0x7F,
    0x80, 0x00, 0xFC, 0xBF, 0x40, 0x00, 0xFC, 0xFF, 0x40, 0x00, 0xFD, 0xFF, 0xFF, 0xFF, 0xFC, 0xFF,
    0x40, 0x00, 0x00, 0xBF, 0x40, 0x00, 0x00, 0x7F, 0x80, 0x00, 0x00, 0x2F, 0xC0, 0x00, 0x1C, 0x0F,
    0xD0, 0x00, 0x3C, 0x02, 0xF8, 0x02, 0xE0, 0x00, 0x2F, 0xFE, 0x40, 0x00, 0x01, 0x00, 0x00, 0x00,
    0x0B, 0xC0, 0x00, 0x00, 0x2F, 0xF0, 0x00, 0x00, 0xBC, 0xBC, 0x00, 0x03, 0xE0, 0x1F, 0x00, 0x07,
    0x40, 0x03, 0x80, 0x00, 0x00, 0x00, 0x00, 0x00, 0x6F, 0xF9, 0x00, 0x03, 0xF4, 0x0F, 0xC0, 0x0F,
    0xD0, 0x03, 0xF0, 0x3F, 0xC0, 0x01, 0xF8, 0x7F, 0x80, 0x00, 0xFC, 0xBF, 0x40, 0x00, 0xFC, 0xFF,
    0x40, 0x00, 0xFD, 0xFF, 0xFF, 0xFF, 0xFC, 0xFF, 0x40, 0x00, 0x00, 0xBF, 0x40, 0x00, 0x00, 0x7F,
    0x80, 0x00, 0x00, 0x3F, 0xC0, 0x00, 0x1C, 0x0F, 0xD0, 0x00, 0x3C, 0x02, 0xF8, 0x02, 0xE0, 0x00,
    0x2F, 0xFE, 0x40, 0x07, 0xD0, 0x0F, 0x80, 0x1F, 0xF4, 0x3F, 0xE0, 0x2F, 0xF4, 0x3F, 0xF0, 0x1F,
    0xF4, 0x3F, 0xE0, 0x07, 0xD0, 0x0F, 0x80, 0x00, 0x00, 0x00, 0x00, 0x00, 0x00, 0x00, 0x00, 0x00,
    0x00, 0x00, 0x00, 0x00, 0x6F, 0xF9, 0x00, 0x03, 0xF4, 0x0F, 0xC0, 0x0F, 0xD0, 0x03, 0xF0, 0x3F,
    0xC0, 0x01, 0xF8, 0x7F, 0x80, 0x00, 0xFC, 0xBF, 0x40, 0x00, 0xFC, 0xFF, 0x40, 0x00, 0xFD, 0xFF,
    0xFF, 0xFF, 0xFC, 0xFF, 0x40, 0x00, 0x00, 0xBF, 0x40, 0x00, 0x00, 0x7F, 0x80, 0x00, 0x00, 0x3F,
    0xC0, 0x00, 0x1C, 0x0F, 0xD0, 0x00, 0x3C, 0x02, 0xF8, 0x02, 0xE0, 0x00, 0x2F, 0xFE, 0x40, 0x1F,
    0x00, 0x00, 0xFF, 0x00, 0x03, 0xFF, 0x40, 0x07, 0xFF, 0x40, 0x01, 0xBF, 0x00, 0x00, 0x10, 0x00,
    0x00, 0x00, 0x01, 0xFF, 0xD0, 0x07, 0xFF, 0x40, 0x01, 0xFD, 0x00, 0x03, 0xF4, 0x00, 0x0F, 0xD0,
    0x00, 0x3F, 0x40, 0x00, 0xFD, 0x00, 0x03, 0xF4, 0x00, 0x0F, 0xD0, 0x00, 0x3F, 0x40, 0x00, 0xFD,
    0x00, 0x03, 0xF4, 0x00, 0x0F, 0xD0, 0x07, 0xFF, 0xF4, 0x1F, 0xFF, 0xD0, 0x00, 0x0B, 0x80, 0x03,
    0xFC, 0x00, 0xFF, 0xC0, 0x3F, 0xF4, 0x0B, 0xE4, 0x00, 0x10, 0x00, 0x00, 0x00, 0x07, 0xFF, 0x40,
    0x7F, 0xF4, 0x00, 0x7F, 0x40, 0x03, 0xF4, 0x00, 0x3F, 0x40, 0x03, 0xF4, 0x00, 0x3F, 0x40, 0x03,
    0xF4, 0x00, 0x3F, 0x40, 0x03, 0xF4, 0x00, 0x3F, 0x40, 0x03, 0xF4, 0x00, 0x3F, 0x40, 0x7F, 0xFF,
    0x47, 0xFF, 0xF4, 0x00, 0x10, 0x00, 0x02, 0xF0, 0x00, 0x2F, 0xF0, 0x03, 0xF2, 0xF0, 0x3E, 0x01,
    0xF1, 0xD0, 0x01, 0xE0, 0x00, 0x00, 0x07, 0xFF, 0x40, 0x1F, 0xFD, 0x00, 0x07, 0xF4, 0x00, 0x0F,
    0xD0, 0x00, 0x3F, 0x40, 0x00, 0xFD, 0x00, 0x03, 0xF4, 0x00, 0x0F, 0xD0, 0x00, 0x3F, 0x40, 0x00,
    0xFD, 0x00, 0x03, 0xF4, 0x00, 0x0F, 0xD0, 0x00, 0x3F, 0x40, 0x1F, 0xFF, 0xD0, 0x7F, 0xFF, 0x40,
    0x1F, 0x40, 0x3E, 0x1F, 0xF4, 0x3F, 0xEB, 0xFD, 0x0F, 0xFD, 0xFF, 0x43, 0xFE, 0x1F, 0x40, 0x3E,
    0x00, 0x00, 0x00, 0x00, 0x00, 0x00, 0x00, 0x00, 0x00, 0x00, 0x07, 0xFF, 0x40, 0x01, 0xFF, 0xD0,
    0x00, 0x07, 0xF4, 0x00, 0x00, 0xFD, 0x00, 0x00, 0x3F, 0x40, 0x00, 0x0F, 0xD0, 0x00, 0x03, 0xF4,
    0x00, 0x00, 0xFD, 0x00, 0x00, 0x3F, 0x40, 0x00, 0x0F, 0xD0, 0x00, 0x03, 0xF4, 0x00, 0x00, 0xFD,
    0x00, 0x00, 0x3F, 0x40, 0x01, 0xFF, 0xFE, 0x00, 0x7F, 0xFF, 0x80, 0x0B, 0xFA, 0x41, 0xD0, 0x00,
    0x1F, 0xFF, 0xD0, 0x00, 0x00, 0x7F, 0xE0, 0x00, 0x00, 0x2F, 0xFF, 0x00, 0x00, 0x39, 0x3F, 0xE0,
    0x00, 0x00, 0x03, 0xFE, 0x00, 0x00, 0x00, 0x7F, 0xC0, 0x00, 0x00, 0x0F, 0xF8, 0x00, 0x2F, 0xF9,
    0xFF, 0x00, 0xBD, 0x02, 0xFF, 0xD0, 0xFD, 0x00, 0x2F, 0xF8, 0xFE, 0x00, 0x03, 0xFF, 0x7F, 0x40,
    0x00, 0xBF, 0xEF, 0xD0, 0x00, 0x2F, 0xFF, 0xF4, 0x00, 0x07, 0xFF, 0xFD, 0x00, 0x01, 0xFF, 0xFF,
    0x40, 0x00, 0x7F, 0xBF, 0xD0, 0x00, 0x1F, 0xE7, 0xF4, 0x00, 0x0B, 0xF0, 0xFE, 0x00, 0x03, 0xF8,
    0x0F, 0xD0, 0x01, 0xFC, 0x00, 0xFD, 0x02, 0xF8, 0x00, 0x06, 0xFF, 0xE0, 0x00, 0x00, 0x1F, 0xE4,
    0x07, 0x00, 0x00, 0x7F, 0xFF, 0xFD, 0x00, 0x00, 0xD0, 0x1B, 0xF0, 0x00, 0x00, 0x00, 0x00, 0x00,
    0x00, 0x00, 0x00, 0x00, 0x00, 0x00, 0xBF, 0xF0, 0x2F, 0xF8, 0x00, 0xBF, 0xF0, 0xD0, 0x7F, 0x00,
    0x07, 0xF7, 0x00, 0x3F, 0x80, 0x07, 0xFC, 0x00, 0x3F, 0xC0, 0x07, 0xFC, 0x00, 0x2F, 0xC0, 0x07,
    0xF8, 0x00, 0x2F, 0xC0, 0x07, 0xF8, 0x00, 0x2F, 0xC0, 0x07, 0xF8, 0x00, 0x2F, 0xC0, 0x07, 0xF8,
    0x00, 0x2F, 0xC0, 0x07, 0xF8, 0x00, 0x2F, 0xC0, 0x07, 0xF8, 0x00, 0x2F, 0xC0, 0x07, 0xF8, 0x00,
    0x2F, 0xC0, 0x07, 0xF8, 0x00, 0x2F, 0xC0, 0xBF, 0xFF, 0xC3, 0xFF, 0xFD, 0xBF, 0xFF, 0xC3, 0xFF,
    0xFD, 0x00, 0x1F, 0x00, 0x00, 0x00, 0x0F, 0xF0, 0x00, 0x00, 0x03, 0xFF, 0x00, 0x00, 0x00, 0x7F,
    0xF0, 0x00, 0x00, 0x01, 0xBF, 0x00, 0x00, 0x00, 0x01, 0x00, 0x00, 0x00, 0x00, 0x00, 0x00, 0x00,
    0xBF, 0xF8, 0x00, 0x02, 0xF4, 0x07, 0xE0, 0x03, 0xF0, 0x00, 0x3F, 0x02, 0xF8, 0x00, 0x0B, 0xE1,
    0xFD, 0x00, 0x02, 0xFC, 0xBF, 0x40, 0x00, 0x7F, 0xBF, 0xD0, 0x00, 0x1F, 0xFF, 0xF4, 0x00, 0x07,
    0xFF, 0xFD, 0x00, 0x01, 0xFF, 0xBF, 0x40, 0x00, 0x7F, 0x9F, 0xD0, 0x00, 0x2F, 0xD3, 0xF8, 0x00,
    0x0F, 0xF0, 0x3F, 0x00, 0x07, 0xF0, 0x03, 0xF4, 0x07, 0xF0, 0x00, 0x1B, 0xFF, 0x90, 0x00, 0x00,
    0x00, 0x3D, 0x00, 0x00, 0x00, 0x3F, 0xC0, 0x00, 0x00, 0x7F, 0xF0, 0x00, 0x00, 0x7F, 0xF4, 0x00,
    0x00, 0x3F, 0x90, 0x00, 0x00, 0x05, 0x00, 0x00, 0x00, 0x00, 0x00, 0x00, 0x00, 0x00, 0xBF, 0xF8,
    0x00, 0x02, 0xF4, 0x07, 0xE0, 0x03, 0xF0, 0x00, 0x3F, 0x02, 0xF8, 0x00, 0x0B, 0xE1, 0xFD, 0x00,
    0x02, 0xFC, 0xBF, 0x40, 0x00, 0x7F, 0xBF, 0xD0, 0x00, 0x1F, 0xFF, 0xF4, 0x00, 0x07, 0xFF, 0xFD,
    0x00, 0x01, 0xFF, 0xBF, 0x40, 0x00, 0x7F, 0x9F, 0xD0, 0x00, 0x2F, 0xD3, 0xF8, 0x00, 0x0F, 0xF0,
    0x3F, 0x00, 0x07, 0xF0, 0x03, 0xF4, 0x07, 0xF0, 0x00, 0x1B, 0xFF, 0x90, 0x00, 0x00, 0x00, 0x40,
    0x00, 0x00, 0x00, 0xF8, 0x00, 0x00, 0x00, 0xFF, 0xC0, 0x00, 0x00, 0xF8, 0xFC, 0x00, 0x00, 0xF8,
    0x0B, 0xC0, 0x00, 0x74, 0x00, 0x74, 0x00, 0x00, 0x00, 0x00, 0x00, 0x00, 0xBF, 0xF8, 0x00, 0x02,
    0xF4, 0x07, 0xE0, 0x03, 0xF0, 0x00, 0x3F, 0x02, 0xF8, 0x00, 0x0B, 0xE1, 0xFD, 0x00, 0x02, 0xFC,
    0xBF, 0x40, 0x00, 0x7F, 0xBF, 0xD0, 0x00, 0x1F, 0xFF, 0xF4, 0x00, 0x07, 0xFF, 0xFD, 0x00, 0x01,
    0xFF, 0xBF, 0x40, 0x00, 0x7F, 0x9F, 0xD0, 0x00, 0x2F, 0xD3, 0xF8, 0x00, 0x0F, 0xF0, 0x3F, 0x00,
    0x07, 0xF0, 0x03, 0xF4, 0x07, 0xF0, 0x00, 0x1B, 0xFF, 0x90, 0x00, 0x00, 0xBF, 0x90, 0x24, 0x00,
    0xFF, 0xFF, 0xFC, 0x00, 0xA0, 0x1B, 0xF8, 0x00, 0x00, 0x00, 0x00, 0x00, 0x00, 0x00, 0x00, 0x00,
    0x00, 0x0B, 0xFF, 0x80, 0x00, 0x2F, 0x40, 0x7E, 0x00, 0x3F, 0x00, 0x03, 0xF0, 0x2F, 0x80, 0x00,
    0xBE, 0x1F, 0xD0, 0x00, 0x2F, 0xCB, 0xF4, 0x00, 0x07, 0xFB, 0xFD, 0x00, 0x01, 0xFF, 0xFF, 0x40,
    0x00, 0x7F, 0xFF, 0xD0, 0x00, 0x1F, 0xFB, 0xF4, 0x00, 0x07, 0xF9, 0xFD, 0x00, 0x02, 0xFD, 0x3F,
    0x80, 0x00, 0xFF, 0x03, 0xF0, 0x00, 0x7F, 0x00, 0x3F, 0x40, 0x7F, 0x00, 0x01, 0xBF, 0xF9, 0x00,
    0x02, 0xF4, 0x07, 0xE0, 0x02, 0xFF, 0x03, 0xFD, 0x00, 0xBF, 0xD1, 0xFF, 0x80, 0x2F, 0xF0, 0x3F,
    0xD0, 0x02, 0xF4, 0x07, 0xE0, 0x00, 0x00, 0x00, 0x00, 0x00, 0x00, 0x00, 0x00, 0x00, 0x00, 0x00,
    0x00, 0x00, 0x00, 0x2F, 0xFE, 0x00, 0x00, 0xBD, 0x01, 0xF8, 0x00, 0xFC, 0x00, 0x0F, 0xC0, 0xBE,
    0x00, 0x02, 0xF8, 0x7F, 0x40, 0x00, 0xBF, 0x2F, 0xD0, 0x00, 0x1F, 0xEF, 0xF4, 0x00, 0x07, 0xFF,
    0xFD, 0x00, 0x01, 0xFF, 0xFF, 0x40, 0x00, 0x7F, 0xEF, 0xD0, 0x00, 0x1F, 0xE7, 0xF4, 0x00, 0x0B,
    0xF4, 0xFE, 0x00, 0x03, 0xFC, 0x0F, 0xC0, 0x01, 0xFC, 0x00, 0xFD, 0x01, 0xFC, 0x00, 0x06, 0xFF,
    0xE4, 0x00, 0x00, 0x00, 0x02, 0xF4, 0x00, 0x00, 0x00, 0x00, 0x00, 0xFF, 0xD0, 0x00, 0x00, 0x00,
    0x00, 0x1F, 0xFE, 0x00, 0x00, 0x00, 0x00, 0x01, 0xFF, 0xE0, 0x00, 0x00, 0x00, 0x00, 0x0F, 0xFD,
    0x00, 0x00, 0x00, 0x00, 0x00, 0x2F, 0x40, 0x00, 0x00, 0x00, 0x00, 0x00, 0x00, 0x00, 0x00, 0x00,
    0x00, 0x00, 0x00, 0x00, 0x00, 0x00, 0x00, 0x00, 0x00, 0x00, 0x00, 0x00, 0x00, 0x00, 0x00, 0x00,
    0x00, 0x00, 0x00, 0x00, 0x00, 0x00, 0x00, 0x00, 0x00, 0x0B, 0xFF, 0xFF, 0xFF, 0xFF, 0xFF, 0xFC,
    0x00, 0x00, 0x00, 0x00, 0x00, 0x00, 0x00, 0x00, 0x00, 0x00, 0x00, 0x00, 0x00, 0x00, 0x00, 0x00,
    0x00, 0x00, 0x00, 0x00, 0x00, 0x00, 0x00, 0x00, 0x00, 0x00, 0x00, 0x00, 0x02, 0xF4, 0x00, 0x00,
    0x00, 0x00, 0x00, 0xFF, 0xD0, 0x00, 0x00, 0x00, 0x00, 0x1F, 0xFE, 0x00, 0x00, 0x00, 0x00, 0x01,
    0xFF, 0xE0, 0x00, 0x00, 0x00, 0x00, 0x0F, 0xFD, 0x00, 0x00, 0x00, 0x00, 0x00, 0x2F, 0x40, 0x00,
    0x00, 0x00, 0x00, 0x00, 0x00, 0x00, 0x00, 0x00, 0x03, 0x40, 0x00, 0x00, 0x02, 0x80, 0x00, 0x00,
    0x01, 0xC0, 0x00, 0x6F, 0xFE, 0xD0, 0x00, 0xBD, 0x01, 0xFC, 0x00, 0xFC, 0x00, 0x3F, 0xC0, 0xFD,
    0x00, 0x39, 0xFC, 0x7F, 0x00, 0x1C, 0x3F, 0x6F, 0xC0, 0x0D, 0x0F, 0xEF, 0xF0, 0x0B, 0x03, 0xFF,
    0xFC, 0x03, 0x00, 0xFF, 0xFF, 0x03, 0x80, 0x3F, 0xEF, 0xC1, 0xC0, 0x0F, 0xE7, 0xF0, 0xD0, 0x03,
    0xF4, 0xFD, 0xB0, 0x01, 0xFC, 0x1F, 0xF0, 0x00, 0xFC, 0x01, 0xFD, 0x01, 0xFC, 0x00, 0x2E, 0xFF,
    0xE0, 0x00, 0x0C, 0x00, 0x00, 0x00, 0x0E, 0x00, 0x00, 0x00, 0x07, 0x00, 0x00, 0x00, 0x00, 0x00,
    0x00, 0x00, 0x00, 0x00, 0x07, 0x80, 0x00, 0x00, 0x00, 0x0F, 0xF0, 0x00, 0x00, 0x00, 0x0F, 0xFC,
    0x00, 0x00, 0x00, 0x07, 0xFF, 0x00, 0x00, 0x00, 0x00, 0x6F, 0x80, 0x00, 0x00, 0x00, 0x01, 0x00,
    0x00, 0x00, 0x00, 0x00, 0x00, 0x00, 0xBF, 0xF8, 0x03, 0xFF, 0xC0, 0xBF, 0xF8, 0x03, 0xFF, 0xC0,
    0x07, 0xF8, 0x00, 0x3F, 0xC0, 0x07, 0xF8, 0x00, 0x2F, 0xC0, 0x07, 0xF8, 0x00, 0x2F, 0xC0, 0x07,
    0xF8, 0x00, 0x2F, 0xC0, 0x07, 0xF8, 0x00, 0x2F, 0xC0, 0x07, 0xF8, 0x00, 0x2F, 0xC0, 0x07, 0xF8,
    0x00, 0x2F, 0xC0, 0x07, 0xF8, 0x00, 0x2F, 0xC0, 0x03, 0xF8, 0x00, 0x3F, 0xC0, 0x03, 0xF8, 0x00,
    0x3F, 0xC0, 0x03, 0xF8, 0x00, 0xBF, 0xC0, 0x01, 0xFC, 0x02, 0x6F, 0xFD, 0x00, 0x2F, 0xF9, 0x2F,
    0xFD, 0x00, 0x00, 0x00, 0x00, 0x00, 0x00, 0x00, 0x0B, 0x80, 0x00, 0x00, 0x00, 0x2F, 0xD0, 0x00,
    0x00, 0x00, 0xFF, 0xD0, 0x00, 0x00, 0x03, 0xFF, 0x80, 0x00, 0x00, 0x07, 0xE4, 0x00, 0x00, 0x00,
    0x01, 0x00, 0x00, 0x00, 0x00, 0x00, 0x00, 0x00, 0x00, 0xBF, 0xF8, 0x03, 0xFF, 0xC0, 0xBF, 0xF8,
    0x03, 0xFF, 0xC0, 0x07, 0xF8, 0x00, 0x3F, 0xC0, 0x07, 0xF8, 0x00, 0x2F, 0xC0, 0x07, 0xF8, 0x00,
    0x2F, 0xC0, 0x07, 0xF8, 0x00, 0x2F, 0xC0, 0x07, 0xF8, 0x00, 0x2F, 0xC0, 0x07, 0xF8, 0x00, 0x2F,
    0xC0, 0x07, 0xF8, 0x00, 0x2F, 0xC0, 0x07, 0xF8, 0x00, 0x2F, 0xC0, 0x03, 0xF8, 0x00, 0x3F, 0xC0,
    0x03, 0xF8, 0x00, 0x3F, 0xC0, 0x03, 0xF8, 0x00, 0xBF, 0xC0, 0x01, 0xFC, 0x02, 0x6F, 0xFD, 0x00,
    0x2F, 0xF9, 0x2F, 0xFD, 0x00, 0x00, 0x00, 0x00, 0x00, 0x00, 0x00, 0x10, 0x00, 0x00, 0x00, 0x00,
    0x7C, 0x00, 0x00, 0x00, 0x02, 0xFF, 0x40, 0x00, 0x00, 0x0B, 0xD7, 0xD0, 0x00, 0x00, 0x2F, 0x01,
    0xF4, 0x00, 0x00, 0x38, 0x00, 0x3C, 0x00, 0x00, 0x00, 0x00, 0x00, 0x00, 0xBF, 0xF8, 0x03, 0xFF,
    0xC0, 0xBF, 0xF8, 0x03, 0xFF, 0xC0, 0x07, 0xF8, 0x00, 0x3F, 0xC0, 0x07, 0xF8, 0x00, 0x2F, 0xC0,
    0x07, 0xF8, 0x00, 0x2F, 0xC0, 0x07, 0xF8, 0x00, 0x2F, 0xC0, 0x07, 0xF8, 0x00, 0x2F, 0xC0, 0x07,
    0xF8, 0x00, 0x2F, 0xC0, 0x07, 0xF8, 0x00, 0x2F, 0xC0, 0x07, 0xF8, 0x00, 0x2F, 0xC0, 0x03, 0xF8,
    0x00, 0x3F, 0xC0, 0x03, 0xF8, 0x00, 0x3F, 0xC0, 0x03, 0xF8, 0x00, 0xBF, 0xC0, 0x01, 0xFC, 0x02,
    0xAF, 0xFD, 0x00, 0x2F, 0xF9, 0x2F, 0xFD, 0x00, 0x00, 0x00, 0x00, 0x00, 0x00, 0x7E, 0x00, 0xBC,
    0x00, 0x00, 0xFF, 0x42, 0xFF, 0x00, 0x01, 0xFF, 0x83, 0xFF, 0x00, 0x00, 0xFF, 0x42, 0xFF, 0x00,
    0x00, 0x7E, 0x00, 0xBC, 0x00, 0x00, 0x00, 0x00, 0x00, 0x00, 0x00, 0x00, 0x00, 0x00, 0x00, 0x00,
    0x00, 0x00, 0x00, 0x00, 0xBF, 0xF8, 0x03, 0xFF, 0xC0, 0xBF, 0xF8, 0x03, 0xFF, 0xC0, 0x07, 0xF8,
    0x00, 0x3F, 0xC0, 0x07, 0xF8, 0x00, 0x2F, 0xC0, 0x07, 0xF8, 0x00, 0x2F, 0xC0, 0x07, 0xF8, 0x00,
    0x2F, 0xC0, 0x07, 0xF8, 0x00, 0x2F, 0xC0, 0x07, 0xF8, 0x00, 0x2F, 0xC0, 0x07, 0xF8, 0x00, 0x2F,
    0xC0, 0x07, 0xF8, 0x00, 0x2F, 0xC0, 0x03, 0xF8, 0x00, 0x3F, 0xC0, 0x03, 0xF8, 0x00, 0x3F, 0xC0,
    0x03, 0xF8, 0x00, 0xBF, 0xC0, 0x01, 0xFC, 0x02, 0x6F, 0xFD, 0x00, 0x2F, 0xF9, 0x2F, 0xFD, 0x00,
    0x00, 0x00, 0x00, 0x00, 0x00, 0x00, 0x00, 0x7C, 0x00, 0x00, 0x00, 0x02, 0xFE, 0x00, 0x00, 0x00,
    0x0B, 0xFE, 0x00, 0x00, 0x00, 0x2F, 0xF8, 0x00, 0x00, 0x00, 0x3E, 0x40, 0x00, 0x00, 0x00, 0x00,
    0x00, 0x00, 0x00, 0x00, 0x00, 0x00, 0x00, 0x3F, 0xFF, 0x80, 0x1F, 0xFC, 0x3F, 0xFF, 0x80, 0x1F,
    0xFC, 0x03, 0xFC, 0x00, 0x03, 0xC0, 0x01, 0xFE, 0x00, 0x07, 0x40, 0x00, 0xFF, 0x00, 0x0F, 0x00,
    0x00, 0x7F, 0x80, 0x1D, 0x00, 0x00, 0x3F, 0xC0, 0x3C, 0x00, 0x00, 0x2F, 0xD0, 0x34, 0x00, 0x00,
    0x0F, 0xF0, 0xB0, 0x00, 0x00, 0x0B, 0xF4, 0xE0, 0x00, 0x00, 0x03, 0xFE, 0xC0, 0x00, 0x00, 0x02,
    0xFF, 0x80, 0x00, 0x00, 0x00, 0xFF, 0x00, 0x00, 0x00, 0x00, 0xFF, 0x00, 0x00, 0x00, 0x00, 0x7D,
    0x00, 0x00, 0x00, 0x00, 0x3C, 0x00, 0x00, 0x00, 0x00, 0x74, 0x00, 0x00, 0x00, 0x00, 0xF0, 0x00,
    0x00, 0x2F, 0x01, 0xD0, 0x00, 0x00, 0x3F, 0x43, 0xC0, 0x00, 0x00, 0x3F, 0x1F, 0x00, 0x00, 0x00,
    0x0B, 0xF4, 0x00, 0x00, 0x00, 0x00, 0x10, 0x00, 0x00, 0x03, 0xFF, 0xC0, 0x00, 0x00, 0x0F, 0xFF,
    0x00, 0x00, 0x00, 0x02, 0xFC, 0x00, 0x00, 0x00, 0x0B, 0xF0, 0x00, 0x00, 0x00, 0x2F, 0xC0, 0x00,
    0x00, 0x00, 0xBF, 0x00, 0x00, 0x00, 0x02, 0xFC, 0x00, 0x00, 0x00, 0x0B, 0xF0, 0x00, 0x00, 0x00,
    0x2F, 0xC6, 0xFF, 0x90, 0x00, 0xBF, 0xF4, 0x0B, 0xF0, 0x02, 0xFF, 0x00, 0x0B, 0xF0, 0x0B, 0xF4,
    0x00, 0x0F, 0xF0, 0x2F, 0xC0, 0x00, 0x3F, 0xC0, 0xBF, 0x00, 0x00, 0xBF, 0x82, 0xFC, 0x00, 0x01,
    0xFE, 0x0B, 0xF0, 0x00, 0x07, 0xF8, 0x2F, 0xC0, 0x00, 0x2F, 0xE0, 0xBF, 0x00, 0x00, 0xBF, 0x42,
    0xFC, 0x00, 0x03, 0xFC, 0x0B, 0xF4, 0x00, 0x0F, 0xE0, 0x2F, 0xF0, 0x00, 0xFF, 0x00, 0xBF, 0xF4,
    0x1F, 0xE0, 0x02, 0xFC, 0x6F, 0xF8, 0x00, 0x0B, 0xF0, 0x00, 0x00, 0x00, 0x2F, 0xC0, 0x00, 0x00,
    0x00, 0xBF, 0x00, 0x00, 0x00, 0x02, 0xFC, 0x00, 0x00, 0x00, 0xFF, 0xFF, 0x80, 0x00, 0x03, 0xFF,
    0xFD, 0x00, 0x00, 0x00, 0x00, 0x3E, 0x00, 0xBC, 0x00, 0x00, 0xFF, 0x82, 0xFF, 0x00, 0x00, 0xFF,
    0xC3, 0xFF, 0x00, 0x00, 0xFF, 0x82, 0xFF, 0x00, 0x00, 0x3E, 0x00, 0xBC, 0x00, 0x00, 0x00, 0x00,
    0x00, 0x00, 0x00, 0x00, 0x00, 0x00, 0x00, 0x00, 0x00, 0x00, 0x00, 0x00, 0x3F, 0xFF, 0x80, 0x1F,
    0xFC, 0x3F, 0xFF, 0x80, 0x1F, 0xFC, 0x03, 0xFC, 0x00, 0x03, 0xC0, 0x01, 0xFE, 0x00, 0x07, 0x40,
    0x00, 0xFF, 0x00, 0x0F, 0x00, 0x00, 0x7F, 0x80, 0x1D, 0x00, 0x00, 0x3F, 0xC0, 0x3C, 0x00, 0x00,
    0x2F, 0xD0, 0x34, 0x00, 0x00, 0x0F, 0xF0, 0xB0, 0x00, 0x00, 0x0B, 0xF4, 0xE0, 0x00, 0x00, 0x03,
    0xFE, 0xC0, 0x00, 0x00, 0x02, 0xFF, 0x80, 0x00, 0x00, 0x00, 0xFF, 0x00, 0x00, 0x00, 0x00, 0xFF,
    0x00, 0x00, 0x00, 0x00, 0x7D, 0x00, 0x00, 0x00, 0x00, 0x3C, 0x00, 0x00, 0x00, 0x00, 0x74, 0x00,
    0x00, 0x00, 0x00, 0xF0, 0x00, 0x00, 0x2F, 0x01, 0xD0, 0x00, 0x00, 0x3F, 0x43, 0xC0, 0x00, 0x00,
    0x3F, 0x1F, 0x00, 0x00, 0x00, 0x0B, 0xF4, 0x00, 0x00, 0x00, 0x00, 0x1F, 0xFF, 0xFF, 0xFF, 0xC0,
    0x00, 0x00, 0x00, 0x00, 0x00, 0x00, 0x00, 0x00, 0x00, 0x00, 0x00, 0x00, 0x00, 0x00, 0x00, 0x00,
    0x00, 0x00, 0x00, 0x00, 0x00, 0x00, 0x00, 0x00, 0xB4, 0x00, 0x00, 0x00, 0x00, 0x00, 0x03, 0xF0,
    0x00, 0x00, 0x00, 0x00, 0x00, 0x2F, 0xD0, 0x00, 0x00, 0x00, 0x00, 0x00, 0xFF, 0xC0, 0x00, 0x00,
    0x00, 0x00, 0x07, 0xFF, 0x00, 0x00, 0x00, 0x00, 0x00, 0x3F, 0xFE, 0x00, 0x00, 0x00, 0x00, 0x01,
    0xEF, 0xFC, 0x00, 0x00, 0x00, 0x00, 0x0F, 0x2F, 0xF4, 0x00, 0x00, 0x00, 0x00, 0x3C, 0x3F, 0xF0,
    0x00, 0x00, 0x00, 0x02, 0xD0, 0xBF, 0xD0, 0x00, 0x00, 0x00, 0x0F, 0x01, 0xFF, 0x80, 0x00, 0x00,
    0x00, 0x78, 0x03, 0xFF, 0x00, 0x00, 0x00, 0x03, 0xC0, 0x07, 0xFE, 0x00, 0x00, 0x00, 0x1E, 0x00,
    0x0F, 0xFC, 0x00, 0x00, 0x00, 0xB4, 0x00, 0x2F, 0xF4, 0x00, 0x00, 0x03, 0xFF, 0xFF, 0xFF, 0xF0,
    0x00, 0x00, 0x2F, 0xFF, 0xFF, 0xFF, 0xC0, 0x00, 0x00, 0xF0, 0x00, 0x02, 0xFF, 0x80, 0x00, 0x07,
    0x80, 0x00, 0x03, 0xFF, 0x00, 0x00, 0x3C, 0x00, 0x00, 0x0B, 0xFD, 0x00, 0x01, 0xF0, 0x00, 0x00,
    0x0F, 0xFC, 0x02, 0xFF, 0xFE, 0x00, 0x0F, 0xFF, 0xFF, 0xDB, 0xFF, 0xF8, 0x00, 0x3F, 0xFF, 0xFF,
    0x40, 0xBF, 0xFF, 0xFF, 0xF0, 0x00, 0x00, 0x00, 0x00, 0x00, 0x00, 0x00, 0x00, 0x00, 0x00, 0x00,
    0x00, 0x00, 0x00, 0x01, 0xFF, 0xF9, 0x00, 0x00, 0xFD, 0x02, 0xFC, 0x00, 0x2F, 0xD0, 0x0F, 0xF0,
    0x02, 0xFD, 0x00, 0x7F, 0x40, 0x0B, 0x80, 0x07, 0xF8, 0x00, 0x00, 0x00, 0x3F, 0x80, 0x00, 0x1A,
    0xFF, 0xF8, 0x00, 0x7F, 0xE4, 0x3F, 0x80, 0x2F, 0xD0, 0x03, 0xF8, 0x0B, 0xF4, 0x00, 0x3F, 0x80,
    0xFF, 0x00, 0x07, 0xF8, 0x0F, 0xF0, 0x00, 0x7F, 0x80, 0xBF, 0x40, 0x0E, 0xF8, 0x03, 0xFD, 0x07,
    0x5F, 0xFD, 0x06, 0xFF, 0x80, 0xBF, 0xD0, 0x00, 0x01, 0xC0, 0x00, 0x0C, 0x00, 0x00, 0x00, 0x03,
    0x90, 0x01, 0xE0, 0x00, 0x00, 0x00, 0x07, 0xFF, 0xFF, 0x00, 0x00, 0x00, 0x00, 0x02, 0xFF, 0x90,
    0x00, 0x00, 0x00, 0x00, 0x00, 0x00, 0x00, 0x00, 0x00, 0x00, 0x00, 0x00, 0x00, 0x00, 0x00, 0x00,
    0x00, 0x00, 0x0B, 0x40, 0x00, 0x00, 0x00, 0x00, 0x00, 0x3F, 0x00, 0x00, 0x00, 0x00, 0x00, 0x02,
    0xFD, 0x00, 0x00, 0x00, 0x00, 0x00, 0x0F, 0xFC, 0x00, 0x00, 0x00, 0x00, 0x00, 0x7F, 0xF0, 0x00,
    0x00, 0x00, 0x00, 0x03, 0xFF, 0xE0, 0x00, 0x00, 0x00, 0x00, 0x1E, 0xFF, 0xC0, 0x00, 0x00, 0x00,
    0x00, 0xF2, 0xFF, 0x40, 0x00, 0x00, 0x00, 0x03, 0xC3, 0xFF, 0x00, 0x00, 0x00, 0x00, 0x2D, 0x0B,
    0xFD, 0x00, 0x00, 0x00, 0x00, 0xF0, 0x1F, 0xF8, 0x00, 0x00, 0x00, 0x07, 0x80, 0x3F, 0xF0, 0x00,
    0x00, 0x00, 0x3C, 0x00, 0x7F, 0xE0, 0x00, 0x00, 0x01, 0xE0, 0x00, 0xFF, 0xC0, 0x00, 0x00, 0x0B,
    0x40, 0x02, 0xFF, 0x40, 0x00, 0x00, 0x3F, 0xFF, 0xFF, 0xFF, 0x00, 0x00, 0x02, 0xFF, 0xFF, 0xFF,
    0xFC, 0x00, 0x00, 0x0F, 0x00, 0x00, 0x2F, 0xF8, 0x00, 0x00, 0x78, 0x00, 0x00, 0x3F, 0xF0, 0x00,
    0x03, 0xC0, 0x00, 0x00, 0xBF, 0xD0, 0x00, 0x1F, 0x00, 0x00, 0x00, 0xFF, 0xC0, 0x2F, 0xFF, 0xE0,
    0x00, 0xFF, 0xFF, 0xFD, 0xBF, 0xFF, 0x80, 0x03, 0xFF, 0xFF, 0xF4, 0x07, 0x00, 0x00, 0x30, 0x00,
    0x34, 0x00, 0x0B, 0x00, 0x02, 0xE4, 0x06, 0xD0, 0x00, 0x0B, 0xFF, 0xF8, 0x00, 0x00, 0x1B, 0xF8,
    0x00, 0x00, 0x00, 0x00, 0x00, 0x00, 0x01, 0xFF, 0xF9, 0x00, 0x00, 0xFD, 0x02, 0xFC, 0x00, 0x2F,
    0xD0, 0x0F, 0xF0, 0x02, 0xFD, 0x00, 0x7F, 0x40, 0x0B, 0x80, 0x07, 0xF8, 0x00, 0x00, 0x00, 0x3F,
    0x80, 0x00, 0x1A, 0xFF, 0xF8, 0x00, 0x7F, 0xE4, 0x3F, 0x80, 0x2F, 0xD0, 0x03, 0xF8, 0x0B, 0xF4,
    0x00, 0x3F, 0x80, 0xFF, 0x00, 0x07, 0xF8, 0x0F, 0xF0, 0x00, 0x7F, 0x80, 0xBF, 0x40, 0x0E, 0xF8,
    0x03, 0xFD, 0x07, 0x5F, 0xFD, 0x06, 0xFF, 0x80, 0xBF, 0xD0, 0x00, 0x00, 0x00, 0xB4, 0x00, 0x00,
    0x00, 0x00, 0x00, 0x07, 0xF0, 0x00, 0x00, 0x00, 0x00, 0x00, 0x2F, 0xD0, 0x00, 0x00, 0x00, 0x00,
    0x00, 0xFF, 0x80, 0x00, 0x00, 0x00, 0x00, 0x07, 0xFF, 0x00, 0x00, 0x00, 0x00, 0x00, 0x3F, 0xFE,
    0x00, 0x00, 0x00, 0x00, 0x01, 0xEF, 0xFC, 0x00, 0x00, 0x00, 0x00, 0x0B, 0x2F, 0xF4, 0x00, 0x00,
    0x00, 0x00, 0x3C, 0x3F, 0xF0, 0x00, 0x00, 0x00, 0x02, 0xD0, 0xBF, 0xD0, 0x00, 0x00, 0x00, 0x0F,
    0x01, 0xFF, 0x80, 0x00, 0x00, 0x00, 0x78, 0x03, 0xFF, 0x00, 0x00, 0x00, 0x02, 0xC0, 0x07, 0xFE,
    0x00, 0x00, 0x00, 0x0E, 0x00, 0x0F, 0xFC, 0x00, 0x00, 0x00, 0xB4, 0x00, 0x2F, 0xF4, 0x00, 0x00,
    0x03, 0xFF, 0xFF, 0xFF, 0xF0, 0x00, 0x00, 0x1F, 0xFF, 0xFF, 0xFF, 0xC0, 0x00, 0x00, 0xF0, 0x00,
    0x02, 0xFF, 0x80, 0x00, 0x03, 0x80, 0x00, 0x03, 0xFF, 0x00, 0x00, 0x2C, 0x00, 0x00, 0x0B, 0xFD,
    0x00, 0x00, 0xF0, 0x00, 0x00, 0x0F, 0xFC, 0x02, 0xFF, 0xFE, 0x00, 0x0F, 0xFF, 0xFF, 0xDB, 0xFF,
    0xF8, 0x00, 0x3F, 0xFF, 0xFF, 0x40, 0x00, 0x00, 0x00, 0x00, 0x7C, 0x00, 0x00, 0x00, 0x00, 0x00,
    0x03, 0xC0, 0x00, 0x00, 0x00, 0x00, 0x00, 0x2F, 0x00, 0x00, 0x00, 0x00, 0x00, 0x00, 0xBC, 0x00,
    0x00, 0x00, 0x00, 0x00, 0x02, 0xFC, 0x00, 0x00, 0x00, 0x00, 0x00, 0x03, 0xFF, 0xD0, 0x00, 0x00,
    0x00, 0x00, 0x02, 0xFD, 0x00, 0x02, 0xFF, 0xF9, 0x00, 0x00, 0xFC, 0x02, 0xF8, 0x00, 0x2F, 0xD0,
    0x0F, 0xF0, 0x02, 0xFD, 0x00, 0x7F, 0x40, 0x0F, 0x80, 0x07, 0xF8, 0x00, 0x00, 0x00, 0x3F, 0x80,
    0x00, 0x1A, 0xFF, 0xF8, 0x00, 0x6F, 0xE4, 0x7F, 0x80, 0x2F, 0xE0, 0x03, 0xF8, 0x07, 0xF8, 0x00,
    0x3F, 0x80, 0xFF, 0x00, 0x03, 0xF8, 0x0F, 0xF0, 0x00, 0x7F, 0x80, 0xBF, 0x40, 0x0F, 0xF8, 0x03,
    0xFD, 0x07, 0x5F, 0xE8, 0x06, 0xFF, 0x80, 0xFF, 0xD0, 0x00, 0x00, 0x2E, 0x00, 0x00, 0x00, 0x03,
    0xC0, 0x00, 0x00, 0x00, 0xBC, 0x00, 0x00, 0x00, 0x0F, 0xC0, 0x00, 0x00, 0x00, 0xBF, 0x1D, 0x00,
    0x00, 0x03, 0xFF, 0xC0, 0x00, 0x00, 0x0B, 0xE0, 0x00, 0x00, 0x00, 0x00, 0x00, 0x00, 0x00, 0x00,
    0x00, 0x1F, 0x80, 0x00, 0x00, 0x00, 0x00, 0xBF, 0xC0, 0x00, 0x00, 0x00, 0x07, 0xFF, 0xC0, 0x00,
    0x00, 0x00, 0x0F, 0xE9, 0x00, 0x00, 0x00, 0x00, 0x00, 0x00, 0x00, 0x00, 0x00, 0x00, 0x6F, 0xFE,
    0x40, 0x0C, 0x00, 0x0B, 0xFF, 0xFF, 0xF4, 0x3D, 0x00, 0x7F, 0xF9, 0x00, 0x6E, 0xFD, 0x01, 0xFF,
    0x80, 0x00, 0x07, 0xFD, 0x07, 0xFD, 0x00, 0x00, 0x00, 0xFD, 0x0F, 0xF8, 0x00, 0x00, 0x00, 0x7D,
    0x2F, 0xF0, 0x00, 0x00, 0x00, 0x3D, 0x3F, 0xE0, 0x00, 0x00, 0x00, 0x1C, 0x7F, 0xD0, 0x00, 0x00,
    0x00, 0x00, 0xBF, 0xD0, 0x00, 0x00, 0x00, 0x00, 0xFF, 0xC0, 0x00, 0x00, 0x00, 0x00, 0xFF, 0xC0,
    0x00, 0x00, 0x00, 0x00, 0xFF, 0xC0, 0x00, 0x00, 0x00, 0x00, 0xBF, 0xD0, 0x00, 0x00, 0x00, 0x00,
    0x7F, 0xD0, 0x00, 0x00, 0x00, 0x00, 0x3F, 0xE0, 0x00, 0x00, 0x00, 0x0C, 0x2F, 0xF0, 0x00, 0x00,
    0x00, 0x1C, 0x0F, 0xF8, 0x00, 0x00, 0x00, 0x3C, 0x07, 0xFD, 0x00, 0x00, 0x00, 0xB4, 0x01, 0xFF,
    0x40, 0x00, 0x02, 0xE0, 0x00, 0x7F, 0xF9, 0x00, 0x6F, 0x80, 0x00, 0x0B, 0xFF, 0xFF, 0xFD, 0x00,
    0x00, 0x00, 0x6F, 0xFF, 0x90, 0x00, 0x00, 0x00, 0x1E, 0x00, 0x00, 0x02, 0xFD, 0x00, 0x00, 0x2F,
    0xF8, 0x00, 0x02, 0xFF, 0x80, 0x00, 0x1F, 0xD0, 0x00, 0x00, 0x10, 0x00, 0x00, 0x00, 0x00, 0x00,
    0x00, 0x0B, 0xFF, 0x90, 0x02, 0xF8, 0x07, 0xF0, 0x3F, 0x80, 0x2F, 0xD2, 0xFC, 0x00, 0xBF, 0x0F,
    0xE0, 0x00, 0xF8, 0x7F, 0x80, 0x00, 0x02, 0xFD, 0x00, 0x00, 0x0B, 0xF4, 0x00, 0x00, 0x2F, 0xE0,
    0x00, 0x00, 0xBF, 0x80, 0x00, 0x00, 0xFF, 0x00, 0x00, 0x02, 0xFC, 0x00, 0x03, 0x83, 0xFC, 0x00,
    0x1D, 0x02, 0xFD, 0x02, 0xD0, 0x00, 0xBF, 0xF8, 0x00, 0x00, 0x00, 0x00, 0x10, 0x00, 0x00, 0x00,
    0x00, 0x00, 0xFC, 0x00, 0x00, 0x00, 0x00, 0x07, 0xFF, 0x00, 0x00, 0x00, 0x00, 0x2F, 0x8F, 0xD0,
    0x00, 0x00, 0x00, 0xBC, 0x01, 0xF4, 0x00, 0x00, 0x00, 0x10, 0x00, 0x10, 0x00, 0x00, 0x00, 0x00,
    0x00, 0x00, 0x00, 0x00, 0x00, 0x6F, 0xFE, 0x40, 0x0C, 0x00, 0x0B, 0xFF, 0xFF, 0xF4, 0x3D, 0x00,
    0x7F, 0xF9, 0x00, 0x6E, 0xFD, 0x01, 0xFF, 0x80, 0x00, 0x07, 0xFD, 0x07, 0xFD, 0x00, 0x00, 0x00,
    0xFD, 0x0F, 0xF8, 0x00, 0x00, 0x00, 0x7D, 0x2F, 0xF0, 0x00, 0x00, 0x00, 0x3D, 0x3F, 0xE0, 0x00,
    0x00, 0x00, 0x1C, 0x7F, 0xD0, 0x00, 0x00, 0x00, 0x00, 0xBF, 0xD0, 0x00, 0x00, 0x00, 0x00, 0xFF,
    0xC0, 0x00, 0x00, 0x00, 0x00, 0xFF, 0xC0, 0x00, 0x00, 0x00, 0x00, 0xFF, 0xC0, 0x00, 0x00, 0x00,
    0x00, 0xBF, 0xD0, 0x00, 0x00, 0x00, 0x00, 0x7F, 0xD0, 0x00, 0x00, 0x00, 0x00, 0x3F, 0xE0, 0x00,
    0x00, 0x00, 0x0C, 0x2F, 0xF0, 0x00, 0x00, 0x00, 0x1C, 0x0F, 0xF8, 0x00, 0x00, 0x00, 0x3C, 0x07,
    0xFD, 0x00, 0x00, 0x00, 0xB4, 0x01, 0xFF, 0x40, 0x00, 0x02, 0xE0, 0x00, 0x7F, 0xF9, 0x00, 0x6F,
    0x80, 0x00, 0x0B, 0xFF, 0xFF, 0xFD, 0x00, 0x00, 0x00, 0x6F, 0xFF, 0x90, 0x00, 0x00, 0x00, 0x40,
    0x00, 0x00, 0x0B, 0xC0, 0x00, 0x00, 0xBF, 0xC0, 0x00, 0x0F, 0xCB, 0xC0, 0x00, 0xF8, 0x07, 0xC0,
    0x07, 0x40, 0x07, 0x80, 0x00, 0x00, 0x00, 0x00, 0x0B, 0xFF, 0x90, 0x02, 0xF8, 0x07, 0xF0, 0x3F,
    0x80, 0x2F, 0xD2, 0xFC, 0x00, 0xBF, 0x0F, 0xE0, 0x00, 0xF8, 0x7F, 0x80, 0x00, 0x02, 0xFD, 0x00,
    0x00, 0x0B, 0xF4, 0x00, 0x00, 0x2F, 0xE0, 0x00, 0x00, 0xBF, 0x80, 0x00, 0x00, 0xFF, 0x00, 0x00,
    0x02, 0xFC, 0x00, 0x03, 0x83, 0xFC, 0x00, 0x1D, 0x02, 0xFD, 0x02, 0xD0, 0x00, 0xBF, 0xF8, 0x00,
    0x00, 0x00, 0x00, 0xF8, 0x00, 0x00, 0x00, 0x00, 0x03, 0xFE, 0x00, 0x00, 0x00, 0x00, 0x03, 0xFF,
    0x00, 0x00, 0x00, 0x00, 0x03, 0xFE, 0x00, 0x00, 0x00, 0x00, 0x00, 0xF8, 0x00, 0x00, 0x00, 0x00,
    0x00, 0x00, 0x00, 0x00, 0x00, 0x00, 0x00, 0x00, 0x00, 0x00, 0x00, 0x00, 0x6F, 0xFE, 0x40, 0x0C,
    0x00, 0x0B, 0xFF, 0xFF, 0xF4, 0x3D, 0x00, 0x7F, 0xF9, 0x00, 0x6E, 0xFD, 0x01, 0xFF, 0x80, 0x00,
    0x07, 0xFD, 0x07, 0xFD, 0x00, 0x00, 0x00, 0xFD, 0x0F, 0xF8, 0x00, 0x00, 0x00, 0x7D, 0x2F, 0xF0,
    0x00, 0x00, 0x00, 0x3D, 0x3F, 0xE0, 0x00, 0x00, 0x00, 0x1C, 0x7F, 0xD0, 0x00, 0x00, 0x00, 0x00,
    0xBF, 0xD0, 0x00, 0x00, 0x00, 0x00, 0xFF, 0xC0, 0x00, 0x00, 0x00, 0x00, 0xFF, 0xC0, 0x00, 0x00,
    0x00, 0x00, 0xFF, 0xC0, 0x00, 0x00, 0x00, 0x00, 0xBF, 0xD0, 0x00, 0x00, 0x00, 0x00, 0x7F, 0xD0,
    0x00, 0x00, 0x00, 0x00, 0x3F, 0xE0, 0x00, 0x00, 0x00, 0x0C, 0x2F, 0xF0, 0x00, 0x00, 0x00, 0x1C,
    0x0F, 0xF8, 0x00, 0x00, 0x00, 0x3C, 0x07, 0xFD, 0x00, 0x00, 0x00, 0xB4, 0x01, 0xFF, 0x40, 0x00,
    0x02, 0xE0, 0x00, 0x7F, 0xF9, 0x00, 0x6F, 0x80, 0x00, 0x0B, 0xFF, 0xFF, 0xFD, 0x00, 0x00, 0x00,
    0x6F, 0xFF, 0x90, 0x00, 0x00, 0x02, 0xF0, 0x00, 0x00, 0x2F, 0xF0, 0x00, 0x00, 0xFF, 0xC0, 0x00,
    0x02, 0xFF, 0x00, 0x00, 0x02, 0xF0, 0x00, 0x00, 0x00, 0x00, 0x00, 0x00, 0x00, 0x00, 0x00, 0x00,
    0x00, 0x00, 0x00, 0x2F, 0xFE, 0x40, 0x0B, 0xE0, 0x1F, 0xC0, 0xFE, 0x00, 0xBF, 0x4B, 0xF0, 0x02,
    0xFC, 0x3F, 0x80, 0x03, 0xE1, 0xFE, 0x00, 0x00, 0x0B, 0xF4, 0x00, 0x00, 0x2F, 0xD0, 0x00, 0x00,
    0xBF, 0x80, 0x00, 0x02, 0xFE, 0x00, 0x00, 0x03, 0xFC, 0x00, 0x00, 0x0B, 0xF0, 0x00, 0x0E, 0x0F,
    0xF0, 0x00, 0x74, 0x0B, 0xF4, 0x0B, 0x40, 0x02, 0xFF, 0xE0, 0x00, 0x00, 0x00, 0x34, 0x00, 0x1A,
    0x00, 0x00, 0x00, 0x2F, 0x91, 0xFC, 0x00, 0x00, 0x00, 0x07, 0xFF, 0xF0, 0x00, 0x00, 0x00, 0x01,
    0xFF, 0x80, 0x00, 0x00, 0x00, 0x00, 0x2D, 0x00, 0x00, 0x00, 0x00, 0x00, 0x00, 0x00, 0x00, 0x00,
    0x00, 0x00, 0x00, 0x00, 0x00, 0x00, 0x00, 0x6F, 0xFE, 0x40, 0x0C, 0x00, 0x0B, 0xFF, 0xFF, 0xF4,
    0x3D, 0x00, 0x7F, 0xF9, 0x00, 0x6E, 0xFD, 0x01, 0xFF, 0x80, 0x00, 0x07, 0xFD, 0x07, 0xFD, 0x00,
    0x00, 0x00, 0xFD, 0x0F, 0xF8, 0x00, 0x00, 0x00, 0x7D, 0x2F, 0xF0, 0x00, 0x00, 0x00, 0x3D, 0x3F,
    0xE0, 0x00, 0x00, 0x00, 0x1C, 0x7F, 0xD0, 0x00, 0x00, 0x00, 0x00, 0xBF, 0xD0, 0x00, 0x00, 0x00,
    0x00, 0xFF, 0xC0, 0x00, 0x00, 0x00, 0x00, 0xFF, 0xC0, 0x00, 0x00, 0x00, 0x00, 0xFF, 0xC0, 0x00,
    0x00, 0x00, 0x00, 0xBF, 0xD0, 0x00, 0x00, 0x00, 0x00, 0x7F, 0xD0, 0x00, 0x00, 0x00, 0x00, 0x3F,
    0xE0, 0x00, 0x00, 0x00, 0x0C, 0x2F, 0xF0, 0x00, 0x00, 0x00, 0x1C, 0x0F, 0xF8, 0x00, 0x00, 0x00,
    0x3C, 0x07, 0xFD, 0x00, 0x00, 0x00, 0xB4, 0x01, 0xFF, 0x40, 0x00, 0x02, 0xE0, 0x00, 0x7F, 0xF9,
    0x00, 0x6F, 0x80, 0x00, 0x0B, 0xFF, 0xFF, 0xFD, 0x00, 0x00, 0x00, 0x6F, 0xFF, 0x90, 0x00, 0x02,
    0x40, 0x00, 0x60, 0x07, 0x80, 0x0B, 0x80, 0x07, 0xE2, 0xF8, 0x00, 0x07, 0xFF, 0x80, 0x00, 0x07,
    0xF8, 0x00, 0x00, 0x07, 0x80, 0x00, 0x00, 0x00, 0x00, 0x00, 0x0B, 0xFF, 0x90, 0x02, 0xF8, 0x07,
    0xF0, 0x3F, 0x80, 0x2F, 0xD2, 0xFC, 0x00, 0xBF, 0x0F, 0xE0, 0x00, 0xF8, 0x7F, 0x80, 0x00, 0x02,
    0xFD, 0x00, 0x00, 0x0B, 0xF4, 0x00, 0x00, 0x2F, 0xE0, 0x00, 0x00, 0xBF, 0x80, 0x00, 0x00, 0xFF,
    0x00, 0x00, 0x02, 0xFC, 0x00, 0x03, 0x83, 0xFC, 0x00, 0x1D, 0x02, 0xFD, 0x02, 0xD0, 0x00, 0xBF,
    0xF8, 0x00, 0x00, 0x0A, 0x00, 0x01, 0xC0, 0x00, 0x00, 0x00, 0x7F, 0x46, 0xF8, 0x00, 0x00, 0x00,
    0x00, 0xFF, 0xFD, 0x00, 0x00, 0x00, 0x00, 0x02, 0xFF, 0x00, 0x00, 0x00, 0x00, 0x00, 0x07, 0x80,
    0x00, 0x00, 0x00, 0x00, 0x00, 0x00, 0x00, 0x00, 0x00, 0x00, 0x00, 0x00, 0x00, 0x00, 0x00, 0x0B,
    0xFF, 0xFF, 0xFF, 0xFE, 0x40, 0x00, 0xBF, 0xFF, 0xFF, 0xFF, 0xFF, 0x40, 0x00, 0x0F, 0xF4, 0x00,
    0x1B, 0xFF, 0x00, 0x00, 0xFF, 0x40, 0x00, 0x0B, 0xFC, 0x00, 0x0F, 0xF4, 0x00, 0x00, 0x2F, 0xF0,
    0x00, 0xFF, 0x40, 0x00, 0x00, 0xFF, 0x40, 0x0F, 0xF4, 0x00, 0x00, 0x0B, 0xFC, 0x00, 0xFF, 0x40,
    0x00, 0x00, 0x7F, 0xD0, 0x0F, 0xF4, 0x00, 0x00, 0x03, 0xFE, 0x00, 0xFF, 0x40, 0x00, 0x00, 0x3F,
    0xF0, 0x0F, 0xF4, 0x00, 0x00, 0x03, 0xFF, 0x00, 0xFF, 0x40, 0x00, 0x00, 0x3F, 0xF0, 0x0F, 0xF4,
    0x00, 0x00, 0x03, 0xFF, 0x00, 0xFF, 0x40, 0x00, 0x00, 0x3F, 0xF0, 0x0F, 0xF4, 0x00, 0x00, 0x03,
    0xFE, 0x00, 0xFF, 0x40, 0x00, 0x00, 0x3F, 0xD0, 0x0F, 0xF4, 0x00, 0x00, 0x07, 0xFC, 0x00, 0xFF,
    0x40, 0x00, 0x00, 0xFF, 0x80, 0x0F, 0xF4, 0x00, 0x00, 0x2F, 0xF0, 0x00, 0xFF, 0x40, 0x00, 0x0B,
    0xFC, 0x00, 0x0F, 0xF4, 0x00, 0x0B, 0xFF, 0x00, 0xBF, 0xFF, 0xFF, 0xFF, 0xFF, 0x80, 0x0B, 0xFF,
    0xFF, 0xFF, 0xFE, 0x40, 0x00, 0x00, 0x00, 0x00, 0x00, 0x02, 0xF0, 0x00, 0x00, 0x00, 0x00, 0x0B,
    0xFC, 0x00, 0x00, 0x07, 0xFF, 0x8F, 0xFE, 0x00, 0x00, 0x07, 0xFF, 0x8B, 0xFE, 0x00, 0x00, 0x00,
    0x3F, 0x83, 0xFE, 0x00, 0x00, 0x00, 0x3F, 0x80, 0x0D, 0x00, 0x00, 0x00, 0x3F, 0x80, 0x2C, 0x00,
    0x00, 0x00, 0x3F, 0x80, 0xB4, 0x00, 0x00, 0x00, 0x3F, 0x82, 0xD0, 0x00, 0x00, 0x00, 0x3F, 0x80,
    0x00, 0x00, 0x2F, 0xFD, 0x3F, 0x80, 0x00, 0x02, 0xF8, 0x07, 0xFF, 0x80, 0x00, 0x0F, 0xE0, 0x00,
    0xBF, 0x80, 0x00, 0x2F, 0xC0, 0x00, 0x3F, 0x80, 0x00, 0x3F, 0x80, 0x00, 0x3F, 0x80, 0x00, 0xBF,
    0x80, 0x00, 0x3F, 0x80, 0x00, 0xBF, 0x80, 0x00, 0x3F, 0x80, 0x00, 0xBF, 0x40, 0x00, 0x3F, 0x80,
    0x00, 0xBF, 0x40, 0x00, 0x3F, 0x80, 0x00, 0x7F, 0x80, 0x00, 0x3F, 0x80, 0x00, 0x3F, 0x80, 0x00,
    0x3F, 0x80, 0x00, 0x2F, 0xC0, 0x00, 0x7F, 0x80, 0x00, 0x0F, 0xD0, 0x01, 0xFF, 0x80, 0x00, 0x02,
    0xF4, 0x0B, 0xBF, 0xFC, 0x00, 0x00, 0x6F, 0xF8, 0x3F, 0xFC, 0x00, 0xBF, 0xFF, 0xFF, 0xFF, 0xE4,
    0x00, 0x0B, 0xFF, 0xFF, 0xFF, 0xFF, 0xF4, 0x00, 0x00, 0xFF, 0x40, 0x01, 0xBF, 0xF0, 0x00, 0x0F,
    0xF4, 0x00, 0x00, 0xBF, 0xC0, 0x00, 0xFF, 0x40, 0x00, 0x02, 0xFF, 0x00, 0x0F, 0xF4, 0x00, 0x00,
    0x0F, 0xF8, 0x00, 0xFF, 0x40, 0x00, 0x00, 0xBF, 0xC0, 0x0F, 0xF4, 0x00, 0x00, 0x03, 0xFD, 0x00,
    0xFF, 0x40, 0x00, 0x00, 0x3F, 0xE0, 0x0F, 0xF4, 0x00, 0x00, 0x03, 0xFF, 0x00, 0xFF, 0x40, 0x00,
    0x00, 0x3F, 0xF7, 0xFF, 0xFF, 0xFF, 0xC0, 0x03, 0xFF, 0xBF, 0xFF, 0xFF, 0xF8, 0x00, 0x3F, 0xF0,
    0x0F, 0xF4, 0x00, 0x00, 0x03, 0xFF, 0x00, 0xFF, 0x40, 0x00, 0x00, 0x3F, 0xE0, 0x0F, 0xF4, 0x00,
    0x00, 0x03, 0xFD, 0x00, 0xFF, 0x40, 0x00, 0x00, 0x7F, 0xC0, 0x0F, 0xF4, 0x00, 0x00, 0x0F, 0xF8,
    0x00, 0xFF, 0x40, 0x00, 0x02, 0xFF, 0x00, 0x0F, 0xF4, 0x00, 0x00, 0xBF, 0xC0, 0x00, 0xFF, 0x40,
    0x01, 0xBF, 0xF0, 0x0B, 0xFF, 0xFF, 0xFF, 0xFF, 0xF8, 0x00, 0xBF, 0xFF, 0xFF, 0xFF, 0xE4, 0x00,
    0x00, 0x00, 0x00, 0x07, 0xFF, 0x80, 0x00, 0x00, 0x1F, 0xFE, 0x00, 0x00, 0x00, 0x03, 0xF8, 0x00,
    0x00, 0x00, 0x0F, 0xE0, 0x00, 0x1F, 0xFF, 0xFF, 0xF4, 0x00, 0x7F, 0xFF, 0xFF, 0xD0, 0x00, 0x00,
    0x03, 0xF8, 0x00, 0x00, 0x00, 0x0F, 0xE0, 0x00, 0x2F, 0xFD, 0x3F, 0x80, 0x0B, 0xE0, 0x1F, 0xFE,
    0x00, 0xFE, 0x00, 0x0B, 0xF8, 0x0B, 0xF0, 0x00, 0x0F, 0xE0, 0x3F, 0x80, 0x00, 0x3F, 0x82, 0xFE,
    0x00, 0x00, 0xFE, 0x0B, 0xF8, 0x00, 0x03, 0xF8, 0x2F, 0xD0, 0x00, 0x0F, 0xE0, 0xBF, 0x40, 0x00,
    0x3F, 0x81, 0xFE, 0x00, 0x00, 0xFE, 0x03, 0xF8, 0x00, 0x03, 0xF8, 0x0B, 0xF0, 0x00, 0x1F, 0xE0,
    0x0F, 0xD0, 0x00, 0xFF, 0xC0, 0x0B, 0xE0, 0x1E, 0xFF, 0xF0, 0x02, 0xFF, 0x83, 0xFF, 0xC0, 0x00,
    0xFF, 0xFF, 0xFF, 0xFD, 0x00, 0x00, 0x00, 0x00, 0x00, 0x00, 0x00, 0x00, 0x00, 0x00, 0x00, 0x00,
    0x00, 0x00, 0x00, 0x00, 0x00, 0x00, 0xBF, 0xFF, 0xFF, 0xFF, 0xFF, 0xC2, 0xFF, 0xFF, 0xFF, 0xFF,
    0xFF, 0x00, 0x0F, 0xF8, 0x00, 0x06, 0xFC, 0x00, 0x3F, 0xE0, 0x00, 0x00, 0xF4, 0x00, 0xFF, 0x80,
    0x00, 0x02, 0xD0, 0x03, 0xFE, 0x00, 0x00, 0x03, 0x80, 0x0F, 0xF8, 0x00, 0x00, 0x0E, 0x00, 0x3F,
    0xE0, 0x03, 0x40, 0x00, 0x00, 0xFF, 0x80, 0x1D, 0x00, 0x00, 0x03, 0xFE, 0x01, 0xF4, 0x00, 0x00,
    0x0F, 0xFF, 0xFF, 0xD0, 0x00, 0x00, 0x3F, 0xFF, 0xFF, 0x40, 0x00, 0x00, 0xFF, 0x80, 0x7D, 0x00,
    0x00, 0x03, 0xFE, 0x00, 0x74, 0x00, 0x00, 0x0F, 0xF8, 0x00, 0xD0, 0x03, 0xC0, 0x3F, 0xE0, 0x00,
    0x00, 0x0E, 0x00, 0xFF, 0x80, 0x00, 0x00, 0x34, 0x03, 0xFE, 0x00, 0x00, 0x02, 0xD0, 0x0F, 0xF8,
    0x00, 0x00, 0x0F, 0x00, 0x3F, 0xE0, 0x00, 0x00, 0xFC, 0x00, 0xFF, 0x80, 0x00, 0x6F, 0xF2, 0xFF,
    0xFF, 0xFF, 0xFF, 0xFF, 0x8B, 0xFF, 0xFF, 0xFF, 0xFF, 0xFD, 0x00, 0x2F, 0xFF, 0xFF, 0xFC, 0x00,
    0x00, 0x00, 0x00, 0x00, 0x00, 0x00, 0x00, 0x00, 0x00, 0x00, 0x00, 0x00, 0x6F, 0xF9, 0x00, 0x03,
    0xF4, 0x0F, 0xC0, 0x0F, 0xD0, 0x03, 0xF0, 0x3F, 0xC0, 0x01, 0xF8, 0x7F, 0x80, 0x00, 0xFC, 0xBF,
    0x40, 0x00, 0xFC, 0xFF, 0x40, 0x00, 0xFD, 0xFF, 0xFF, 0xFF, 0xFC, 0xFF, 0x40, 0x00, 0x00, 0xBF,
    0x40, 0x00, 0x00, 0x7F, 0x80, 0x00, 0x00, 0x3F, 0xC0, 0x00, 0x1C, 0x0F, 0xD0, 0x00, 0x3C, 0x02,
    0xF8, 0x02, 0xE0, 0x00, 0x2F, 0xFE, 0x40, 0x00, 0x00, 0x0B, 0xC0, 0x00, 0x00, 0x00, 0x00, 0xFF,
    0xC0, 0x00, 0x00, 0x00, 0x03, 0xFF, 0x00, 0x00, 0x00, 0x00, 0x0F, 0xFC, 0x00, 0x00, 0x00, 0x00,
    0x0B, 0xC0, 0x00, 0x00, 0x00, 0x00, 0x00, 0x00, 0x00, 0x00, 0x00, 0x00, 0x00, 0x00, 0x00, 0x2F,
    0xFF, 0xFF, 0xFF, 0xFF, 0xF0, 0xBF, 0xFF, 0xFF, 0xFF, 0xFF, 0xC0, 0x03, 0xFE, 0x00, 0x01, 0xBF,
    0x00, 0x0F, 0xF8, 0x00, 0x00, 0x3D, 0x00, 0x3F, 0xE0, 0x00, 0x00, 0xB4, 0x00, 0xFF, 0x80, 0x00,
    0x00, 0xE0, 0x03, 0xFE, 0x00, 0x00, 0x03, 0x80, 0x0F, 0xF8, 0x00, 0xD0, 0x00, 0x00, 0x3F, 0xE0,
    0x07, 0x40, 0x00, 0x00, 0xFF, 0x80, 0x7D, 0x00, 0x00, 0x03, 0xFF, 0xFF, 0xF4, 0x00, 0x00, 0x0F,
    0xFF, 0xFF, 0xD0, 0x00, 0x00, 0x3F, 0xE0, 0x1F, 0x40, 0x00, 0x00, 0xFF, 0x80, 0x1D, 0x00, 0x00,
    0x03, 0xFE, 0x00, 0x34, 0x00, 0xF0, 0x0F, 0xF8, 0x00, 0x00, 0x03, 0x80, 0x3F, 0xE0, 0x00, 0x00,
    0x0D, 0x00, 0xFF, 0x80, 0x00, 0x00, 0xB4, 0x03, 0xFE, 0x00, 0x00, 0x03, 0xC0, 0x0F, 0xF8, 0x00,
    0x00, 0x3F, 0x00, 0x3F, 0xE0, 0x00, 0x1B, 0xFC, 0xBF, 0xFF, 0xFF, 0xFF, 0xFF, 0xE2, 0xFF, 0xFF,
    0xFF, 0xFF, 0xFF, 0x40, 0x00, 0x07, 0xE0, 0x00, 0x00, 0x0F, 0xF4, 0x00, 0x00, 0x1F, 0xF8, 0x00,
    0x00, 0x0F, 0xF4, 0x00, 0x00, 0x07, 0xE0, 0x00, 0x00, 0x00, 0x00, 0x00, 0x00, 0x00, 0x00, 0x00,
    0x00, 0x00, 0x00, 0x00, 0x00, 0x6F, 0xF9, 0x00, 0x03, 0xF4, 0x0F, 0xC0, 0x0F, 0xD0, 0x03, 0xF0,
    0x3F, 0xC0, 0x01, 0xF8, 0x7F, 0x80, 0x00, 0xFC, 0xBF, 0x40, 0x00, 0xFC, 0xFF, 0x40, 0x00, 0xFD,
    0xFF, 0xFF, 0xFF, 0xFC, 0xFF, 0x40, 0x00, 0x00, 0xBF, 0x40, 0x00, 0x00, 0x7F, 0x80, 0x00, 0x00,
    0x3F, 0xC0, 0x00, 0x1C, 0x0F, 0xD0, 0x00, 0x3C, 0x02, 0xF8, 0x02, 0xE0, 0x00, 0x2F, 0xFE, 0x40,
    0xBF, 0xFF, 0xFF, 0xFF, 0xFF, 0xC2, 0xFF, 0xFF, 0xFF, 0xFF, 0xFF, 0x00, 0x0F, 0xF8, 0x00, 0x07,
    0xFC, 0x00, 0x3F, 0xE0, 0x00, 0x01, 0xF0, 0x00, 0xFF, 0x80, 0x00, 0x02, 0xD0, 0x03, 0xFE, 0x00,
    0x00, 0x07, 0x40, 0x0F, 0xF8, 0x00, 0x00, 0x0E, 0x00, 0x3F, 0xE0, 0x03, 0x40, 0x38, 0x00, 0xFF,
    0x80, 0x1D, 0x00, 0x00, 0x03, 0xFE, 0x01, 0xF4, 0x00, 0x00, 0x0F, 0xFF, 0xFF, 0xD0, 0x00, 0x00,
    0x3F, 0xFF, 0xFF, 0x40, 0x00, 0x00, 0xFF, 0x80, 0x7D, 0x00, 0x00, 0x03, 0xFE, 0x00, 0x74, 0x00,
    0x00, 0x0F, 0xF8, 0x00, 0xD0, 0x03, 0xC0, 0x3F, 0xE0, 0x00, 0x00, 0x0E, 0x00, 0xFF, 0x80, 0x00,
    0x00, 0x74, 0x03, 0xFE, 0x00, 0x00, 0x02, 0xD0, 0x0F, 0xF8, 0x00, 0x00, 0x0F, 0x00, 0x3F, 0xE0,
    0x00, 0x00, 0xFC, 0x00, 0xFF, 0x80, 0x00, 0x6F, 0xF2, 0xFF, 0xFF, 0xFF, 0xFF, 0xFF, 0x8B, 0xFF,
    0xFF, 0xFF, 0xFF, 0xFD, 0x00, 0x00, 0x00, 0x00, 0x7C, 0x00, 0x00, 0x00, 0x00, 0x03, 0xC0, 0x00,
    0x00, 0x00, 0x00, 0x1F, 0x00, 0x00, 0x00, 0x00, 0x00, 0xBC, 0x00, 0x00, 0x00, 0x00, 0x02, 0xFC,
    0x00, 0x00, 0x00, 0x00, 0x03, 0xFF, 0xD0, 0x00, 0x00, 0x00, 0x02, 0xFD, 0x00, 0x00, 0x6F, 0xF9,
    0x00, 0x03, 0xF4, 0x0F, 0xC0, 0x0F, 0xD0, 0x03, 0xF0, 0x3F, 0xC0, 0x01, 0xF4, 0x7F, 0x80, 0x00,
    0xFC, 0xBF, 0x40, 0x00, 0xFC, 0xFF, 0x40, 0x00, 0xFD, 0xFF, 0xFF, 0xFF, 0xFC, 0xFF, 0x40, 0x00,
    0x00, 0xFF, 0x40, 0x00, 0x00, 0x7F, 0x80, 0x00, 0x00, 0x3F, 0xC0, 0x00, 0x1C, 0x0F, 0xD0, 0x00,
    0x38, 0x03, 0xF8, 0x02, 0xE0, 0x00, 0x2F, 0xFF, 0x40, 0x00, 0x00, 0xB8, 0x00, 0x00, 0x01, 0xF0,
    0x00, 0x00, 0x02, 0xF0, 0x00, 0x00, 0x03, 0xF0, 0x00, 0x00, 0x02, 0xFC, 0x00, 0x00, 0x00, 0xFF,
    0xF0, 0x00, 0x00, 0x2F, 0xD0, 0x00, 0x38, 0x00, 0x0A, 0x00, 0x00, 0x00, 0xBE, 0x47, 0xF4, 0x00,
    0x00, 0x00, 0x7F, 0xFF, 0x00, 0x00, 0x00, 0x00, 0x3F, 0xE0, 0x00, 0x00, 0x00, 0x00, 0x1D, 0x00,
    0x00, 0x00, 0x00, 0x00, 0x00, 0x00, 0x00, 0x00, 0x00, 0x00, 0x00, 0x00, 0x00, 0x2F, 0xFF, 0xFF,
    0xFF, 0xFF, 0xF0, 0xBF, 0xFF, 0xFF, 0xFF, 0xFF, 0xC0, 0x03, 0xFE, 0x00, 0x01, 0xBF, 0x00, 0x0F,
    0xF8, 0x00, 0x00, 0x3D, 0x00, 0x3F, 0xE0, 0x00, 0x00, 0xB4, 0x00, 0xFF, 0x80, 0x00, 0x00, 0xE0,
    0x03, 0xFE, 0x00, 0x00, 0x03, 0x80, 0x0F, 0xF8, 0x00, 0xD0, 0x00, 0x00, 0x3F, 0xE0, 0x07, 0x40,
    0x00, 0x00, 0xFF, 0x80, 0x7D, 0x00, 0x00, 0x03, 0xFF, 0xFF, 0xF4, 0x00, 0x00, 0x0F, 0xFF, 0xFF,
    0xD0, 0x00, 0x00, 0x3F, 0xE0, 0x1F, 0x40, 0x00, 0x00, 0xFF, 0x80, 0x1D, 0x00, 0x00, 0x03, 0xFE,
    0x00, 0x34, 0x00, 0xF0, 0x0F, 0xF8, 0x00, 0x00, 0x03, 0x80, 0x3F, 0xE0, 0x00, 0x00, 0x0D, 0x00,
    0xFF, 0x80, 0x00, 0x00, 0xB4, 0x03, 0xFE, 0x00, 0x00, 0x03, 0xC0, 0x0F, 0xF8, 0x00, 0x00, 0x3F,
    0x00, 0x3F, 0xE0, 0x00, 0x1B, 0xFC, 0xBF, 0xFF, 0xFF, 0xFF, 0xFF, 0xE2, 0xFF, 0xFF, 0xFF, 0xFF,
    0xFF, 0x40, 0x02, 0x00, 0x00, 0x60, 0x03, 0xE0, 0x07, 0xD0, 0x00, 0xFD, 0x3F, 0x40, 0x00, 0x3F,
    0xFD, 0x00, 0x00, 0x0F, 0xF4, 0x00, 0x00, 0x03, 0xD0, 0x00, 0x00, 0x00, 0x00, 0x00, 0x00, 0x6F,
    0xF9, 0x00, 0x03, 0xF4, 0x0F, 0xC0, 0x0F, 0xD0, 0x03, 0xF0, 0x3F, 0xC0, 0x01, 0xF8, 0x7F, 0x80,
    0x00, 0xFC, 0xBF, 0x40, 0x00, 0xFC, 0xFF, 0x40, 0x00, 0xFD, 0xFF, 0xFF, 0xFF, 0xFC, 0xFF, 0x40,
    0x00, 0x00, 0xBF, 0x40, 0x00, 0x00, 0x7F, 0x80, 0x00, 0x00, 0x3F, 0xC0, 0x00, 0x1C, 0x0F, 0xD0,
    0x00, 0x3C, 0x02, 0xF8, 0x02, 0xE0, 0x00, 0x2F, 0xFE, 0x40, 0x00, 0x00, 0x00, 0x10, 0x00, 0x00,
    0x00, 0x00, 0x00, 0x0F, 0xC0, 0x00, 0x00, 0x00, 0x00, 0x07, 0xFF, 0x00, 0x00, 0x00, 0x00, 0x02,
    0xF8, 0xFD, 0x00, 0x00, 0x00, 0x00, 0xBC, 0x01, 0xF4, 0x00, 0x00, 0x00, 0x01, 0x00, 0x01, 0x00,
    0x00, 0x00, 0x00, 0x00, 0x00, 0x00, 0x00, 0x00, 0x00, 0x06, 0xFF, 0xE4, 0x00, 0xC0, 0x00, 0x0B,
    0xFF, 0xFF, 0xF4, 0x3D, 0x00, 0x07, 0xFF, 0x90, 0x06, 0xEF, 0xD0, 0x01, 0xFF, 0x80, 0x00, 0x07,
    0xFD, 0x00, 0x7F, 0xD0, 0x00, 0x00, 0x0F, 0xD0, 0x0F, 0xF8, 0x00, 0x00, 0x00, 0x7D, 0x02, 0xFF,
    0x00, 0x00, 0x00, 0x03, 0xD0, 0x3F, 0xE0, 0x00, 0x00, 0x00, 0x1C, 0x07, 0xFD, 0x00, 0x00, 0x00,
    0x00, 0x00, 0xBF, 0xD0, 0x00, 0x00, 0x00, 0x00, 0x0F, 0xFC, 0x00, 0x00, 0x00, 0x00, 0x00, 0xFF,
    0xC0, 0x00, 0x00, 0x00, 0x00, 0x0F, 0xFC, 0x00, 0x00, 0x00, 0x00, 0x00, 0xBF, 0xD0, 0x00, 0x00,
    0x00, 0x00, 0x0B, 0xFD, 0x00, 0x00, 0xFF, 0xFF, 0xFF, 0x3F, 0xE0, 0x00, 0x00, 0x07, 0xFD, 0x03,
    0xFF, 0x00, 0x00, 0x00, 0x7F, 0xD0, 0x1F, 0xF8, 0x00, 0x00, 0x07, 0xFD, 0x00, 0xBF, 0xD0, 0x00,
    0x00, 0x7F, 0xD0, 0x02, 0xFF, 0x80, 0x00, 0x0F, 0xFD, 0x00, 0x07, 0xFF, 0x90, 0x07, 0xFF, 0xD0,
    0x00, 0x0B, 0xFF, 0xFF, 0xFC, 0xBD, 0x00, 0x00, 0x06, 0xFF, 0xF9, 0x01, 0xC0, 0x00, 0x01, 0x00,
    0x00, 0x00, 0x00, 0xF8, 0x00, 0x00, 0x00, 0x3F, 0xE0, 0x00, 0x00, 0x0F, 0x8F, 0xC0, 0x00, 0x03,
    0xD0, 0x2F, 0x00, 0x00, 0xB4, 0x00, 0x74, 0x00, 0x00, 0x00, 0x00, 0x00, 0x00, 0x0B, 0xFF, 0x86,
    0xF8, 0x07, 0xE0, 0x2F, 0xC7, 0xD1, 0xFC, 0x00, 0xFD, 0x3C, 0x3F, 0x80, 0x0F, 0xF0, 0x03, 0xF8,
    0x00, 0xBF, 0x00, 0x3F, 0x80, 0x0B, 0xF0, 0x03, 0xF8, 0x00, 0xFE, 0x00, 0x1F, 0xC0, 0x0F, 0xC0,
    0x00, 0xBE, 0x03, 0xF4, 0x00, 0x0D, 0xBF, 0xF8, 0x00, 0x01, 0xC0, 0x00, 0x00, 0x00, 0x2E, 0x00,
    0x00, 0x00, 0x01, 0xFF, 0xFF, 0xF9, 0x00, 0x0F, 0xFF, 0xFF, 0xFC, 0x00, 0xBF, 0xFF, 0xFF, 0xF0,
    0x3E, 0x00, 0x00, 0x7F, 0x8F, 0xC0, 0x00, 0x00, 0xFC, 0xFC, 0x00, 0x00, 0x0F, 0xCB, 0xC0, 0x00,
    0x00, 0xF8, 0x3F, 0x00, 0x00, 0x3F, 0x00, 0xFD, 0x00, 0x1F, 0xC0, 0x01, 0xBF, 0xFF, 0x90, 0x00,
    0x00, 0x01, 0xC0, 0x00, 0x0D, 0x00, 0x00, 0x00, 0x0F, 0x40, 0x07, 0xC0, 0x00, 0x00, 0x00, 0x3F,
    0xFF, 0xF0, 0x00, 0x00, 0x00, 0x00, 0x7F, 0xF4, 0x00, 0x00, 0x00, 0x00, 0x00, 0x00, 0x00, 0x00,
    0x00, 0x00, 0x00, 0x00, 0x00, 0x00, 0x00, 0x00, 0x00, 0x6B, 0xFF, 0xE4, 0x1C, 0x00, 0x00, 0xBF,
    0xFF, 0xFF, 0xFF, 0xD0, 0x00, 0x7F, 0xF9, 0x00, 0x1B, 0xFD, 0x00, 0x1F, 0xF8, 0x00, 0x00, 0x0B,
    0xD0, 0x07, 0xFD, 0x00, 0x00, 0x00, 0x3D, 0x00, 0xFF, 0x80, 0x00, 0x00, 0x00, 0x80, 0x2F, 0xF0,
    0x00, 0x00, 0x00, 0x00, 0x03, 0xFE, 0x00, 0x00, 0x00, 0x00, 0x00, 0x7F, 0xD0, 0x00, 0x00, 0x00,
    0x00, 0x0B, 0xFD, 0x00, 0x00, 0x00, 0x00, 0x00, 0xFF, 0xC0, 0x00, 0x00, 0x00, 0x00, 0x0F, 0xFC,
    0x00, 0x00, 0x00, 0x00, 0x00, 0xFF, 0xC0, 0x00, 0x00, 0x00, 0x00, 0x0B, 0xFD, 0x00, 0x00, 0x00,
    0x00, 0x00, 0xBF, 0xD0, 0x00, 0x0F, 0xFF, 0xFF, 0xF3, 0xFE, 0x00, 0x00, 0x00, 0x7F, 0xD0, 0x3F,
    0xF0, 0x00, 0x00, 0x07, 0xFD, 0x01, 0xFF, 0x80, 0x00, 0x00, 0x7F, 0xD0, 0x0B, 0xFD, 0x00, 0x00,
    0x07, 0xFD, 0x00, 0x2F, 0xF8, 0x00, 0x00, 0xFF, 0xD0, 0x00, 0x7F, 0xF9, 0x00, 0x7E, 0xFD, 0x00,
    0x00, 0xBF, 0xFF, 0xFF, 0x42, 0xC0, 0x00, 0x00, 0x6F, 0xFF, 0x80, 0x00, 0x00, 0x07, 0x00, 0x00,
    0x30, 0x00, 0x34, 0x00, 0x0B, 0x00, 0x02, 0xE4, 0x06, 0xD0, 0x00, 0x0B, 0xFF, 0xF8, 0x00, 0x00,
    0x1B, 0xF8, 0x00, 0x00, 0x00, 0x00, 0x00, 0x00, 0x00, 0xBF, 0xF8, 0x6F, 0x80, 0x7E, 0x02, 0xFD,
    0x7D, 0x1F, 0xC0, 0x0F, 0xD3, 0xC3, 0xF8, 0x00, 0xFE, 0x00, 0x3F, 0x80, 0x0B, 0xF0, 0x03, 0xF8,
    0x00, 0xBF, 0x00, 0x3F, 0x80, 0x0F, 0xE0, 0x01, 0xFC, 0x00, 0xFC, 0x00, 0x0B, 0xE0, 0x3F, 0x40,
    0x00, 0xDB, 0xFF, 0x80, 0x00, 0x1C, 0x00, 0x00, 0x00, 0x02, 0xE0, 0x00, 0x00, 0x00, 0x1F, 0xFF,
    0xFF, 0x90, 0x00, 0xFF, 0xFF, 0xFF, 0xC0, 0x0B, 0xFF, 0xFF, 0xFF, 0x03, 0xE0, 0x00, 0x07, 0xF8,
    0xFC, 0x00, 0x00, 0x0F, 0xCF, 0xC0, 0x00, 0x00, 0xFC, 0xBC, 0x00, 0x00, 0x0F, 0x83, 0xF0, 0x00,
    0x03, 0xF0, 0x0F, 0xD0, 0x01, 0xFC, 0x00, 0x1B, 0xFF, 0xF9, 0x00, 0x00, 0x00, 0x00, 0xF8, 0x00,
    0x00, 0x00, 0x00, 0x00, 0x3F, 0xE0, 0x00, 0x00, 0x00, 0x00, 0x03, 0xFF, 0x00, 0x00, 0x00, 0x00,
    0x00, 0x3F, 0xE0, 0x00, 0x00, 0x00, 0x00, 0x00, 0xF8, 0x00, 0x00, 0x00, 0x00, 0x00, 0x00, 0x00,
    0x00, 0x00, 0x00, 0x00, 0x00, 0x00, 0x00, 0x00, 0x00, 0x00, 0x06, 0xFF, 0xE4, 0x00, 0xC0, 0x00,
    0x0B, 0xFF, 0xFF, 0xF4, 0x3D, 0x00, 0x07, 0xFF, 0x90, 0x06, 0xEF, 0xD0, 0x01, 0xFF, 0x80, 0x00,
    0x07, 0xFD, 0x00, 0x7F, 0xD0, 0x00, 0x00, 0x0F, 0xD0, 0x0F, 0xF8, 0x00, 0x00, 0x00, 0x7D, 0x02,
    0xFF, 0x00, 0x00, 0x00, 0x03, 0xD0, 0x3F, 0xE0, 0x00, 0x00, 0x00, 0x1C, 0x07, 0xFD, 0x00, 0x00,
    0x00, 0x00, 0x00, 0xBF, 0xD0, 0x00, 0x00, 0x00, 0x00, 0x0F, 0xFC, 0x00, 0x00, 0x00, 0x00, 0x00,
    0xFF, 0xC0, 0x00, 0x00, 0x00, 0x00, 0x0F, 0xFC, 0x00, 0x00, 0x00, 0x00, 0x00, 0xBF, 0xD0, 0x00,
    0x00, 0x00, 0x00, 0x0B, 0xFD, 0x00, 0x00, 0xFF, 0xFF, 0xFF, 0x3F, 0xE0, 0x00, 0x00, 0x07, 0xFD,
    0x03, 0xFF, 0x00, 0x00, 0x00, 0x7F, 0xD0, 0x1F, 0xF8, 0x00, 0x00, 0x07, 0xFD, 0x00, 0xBF, 0xD0,
    0x00, 0x00, 0x7F, 0xD0, 0x02, 0xFF, 0x80, 0x00, 0x0F, 0xFD, 0x00, 0x07, 0xFF, 0x90, 0x07, 0xFF,
    0xD0, 0x00, 0x0B, 0xFF, 0xFF, 0xFD, 0xFD, 0x00, 0x00, 0x06, 0xFF, 0xF9, 0x01, 0xC0, 0x00, 0x0F,
    0x80, 0x00, 0x00, 0x03, 0xFE, 0x00, 0x00, 0x00, 0x3F, 0xF0, 0x00, 0x00, 0x03, 0xFE, 0x00, 0x00,
    0x00, 0x0F, 0x80, 0x00, 0x00, 0x00, 0x00, 0x00, 0x00, 0x00, 0x00, 0x00, 0x00, 0x00, 0x00, 0x00,
    0x00, 0x00, 0x00, 0xBF, 0xF8, 0x6F, 0x80, 0x7E, 0x02, 0xFD, 0x7D, 0x1F, 0xC0, 0x0F, 0xD3, 0xC3,
    0xF8, 0x00, 0xFE, 0x00, 0x3F, 0x80, 0x0B, 0xF0, 0x03, 0xF8, 0x00, 0xBF, 0x00, 0x3F, 0x80, 0x0F,
    0xE0, 0x01, 0xFC, 0x00, 0xFC, 0x00, 0x0B, 0xE0, 0x3F, 0x40, 0x00, 0xDB, 0xFF, 0x80, 0x00, 0x1C,
    0x00, 0x00, 0x00, 0x02, 0xE0, 0x00, 0x00, 0x00, 0x1F, 0xFF, 0xFF, 0x90, 0x00, 0xFF, 0xFF, 0xFF,
    0xC0, 0x0B, 0xFF, 0xFF, 0xFF, 0x03, 0xE0, 0x00, 0x07, 0xF8, 0xFC, 0x00, 0x00, 0x0F, 0xCF, 0xC0,
    0x00, 0x00, 0xFC, 0xBC, 0x00, 0x00, 0x0F, 0x83, 0xF0, 0x00, 0x03, 0xF0, 0x0F, 0xD0, 0x01, 0xFC,
    0x00, 0x1B, 0xFF, 0xF9, 0x00, 0x00, 0x00, 0x00, 0x10, 0x00, 0x00, 0x00, 0x00, 0x00, 0x00, 0xBD,
    0x00, 0x00, 0x00, 0x00, 0x00, 0x03, 0xFF, 0x80, 0x00, 0x00, 0x00, 0x00, 0x1F, 0xD7, 0xF0, 0x00,
    0x00, 0x00, 0x00, 0x3E, 0x00, 0xBC, 0x00, 0x00, 0x00, 0x00, 0x10, 0x00, 0x14, 0x00, 0x00, 0x00,
    0x00, 0x00, 0x00, 0x00, 0x00, 0x00, 0xBF, 0xFF, 0xFF, 0x01, 0xFF, 0xFF, 0xFD, 0xBF, 0xFF, 0xFF,
    0x01, 0xFF, 0xFF, 0xFD, 0x00, 0xFF, 0x80, 0x00, 0x03, 0xFF, 0x00, 0x00, 0xFF, 0x80, 0x00, 0x03,
    0xFF, 0x00, 0x00, 0xFF, 0x80, 0x00, 0x03, 0xFF, 0x00, 0x00, 0xFF, 0x80, 0x00, 0x03, 0xFF, 0x00,
    0x00, 0xFF, 0x80, 0x00, 0x03, 0xFF, 0x00, 0x00, 0xFF, 0x80, 0x00, 0x03, 0xFF, 0x00, 0x00, 0xFF,
    0x80, 0x00, 0x03, 0xFF, 0x00, 0x00, 0xFF, 0x80, 0x00, 0x03, 0xFF, 0x00, 0x00, 0xFF, 0xFF, 0xFF,
    0xFF, 0xFF, 0x00, 0x00, 0xFF, 0xFF, 0xFF, 0xFF, 0xFF, 0x00, 0x00, 0xFF, 0x80, 0x00, 0x03, 0xFF,
    0x00, 0x00, 0xFF, 0x80, 0x00, 0x03, 0xFF, 0x00, 0x00, 0xFF, 0x80, 0x00, 0x03, 0xFF, 0x00, 0x00,
    0xFF, 0x80, 0x00, 0x03, 0xFF, 0x00, 0x00, 0xFF, 0x80, 0x00, 0x03, 0xFF, 0x00, 0x00, 0xFF, 0x80,
    0x00, 0x03, 0xFF, 0x00, 0x00, 0xFF, 0x80, 0x00, 0x03, 0xFF, 0x00, 0x00, 0xFF, 0x80, 0x00, 0x03,
    0xFF, 0x00, 0x00, 0xFF, 0x80, 0x00, 0x03, 0xFF, 0x00, 0xBF, 0xFF, 0xFF, 0x01, 0xFF, 0xFF, 0xFD,
    0xBF, 0xFF, 0xFF, 0x01, 0xFF, 0xFF, 0xFD, 0x00, 0x00, 0x10, 0x00, 0x00, 0x00, 0x00, 0x7C, 0x00,
    0x00, 0x00, 0x01, 0xFF, 0x40, 0x00, 0x00, 0x0B, 0xD7, 0xD0, 0x00, 0x00, 0x2F, 0x01, 0xF4, 0x00,
    0x00, 0x38, 0x00, 0x3C, 0x00, 0x00, 0x00, 0x00, 0x00, 0x00, 0xBF, 0xF4, 0x00, 0x00, 0x00, 0xBF,
    0xF4, 0x00, 0x00, 0x00, 0x07, 0xF4, 0x00, 0x00, 0x00, 0x07, 0xF4, 0x00, 0x00, 0x00, 0x07, 0xF4,
    0x00, 0x00, 0x00, 0x07, 0xF4, 0x00, 0x00, 0x00, 0x07, 0xF4, 0x00, 0x00, 0x00, 0x07, 0xF4, 0x00,
    0x00, 0x00, 0x07, 0xF4, 0x2F, 0xF8, 0x00, 0x07, 0xF5, 0xD0, 0x7F, 0x00, 0x07, 0xFB, 0x00, 0x3F,
    0x80, 0x07, 0xFC, 0x00, 0x3F, 0xC0, 0x07, 0xFC, 0x00, 0x2F, 0xC0, 0x07, 0xF8, 0x00, 0x2F, 0xC0,
    0x07, 0xF8, 0x00, 0x2F, 0xC0, 0x07, 0xF8, 0x00, 0x2F, 0xC0, 0x07, 0xF8, 0x00, 0x2F, 0xC0, 0x07,
    0xF8, 0x00, 0x2F, 0xC0, 0x07, 0xF8, 0x00, 0x2F, 0xC0, 0x07, 0xF8, 0x00, 0x2F, 0xC0, 0x07, 0xF8,
    0x00, 0x2F, 0xC0, 0xBF, 0xFF, 0xC3, 0xFF, 0xFD, 0xBF, 0xFF, 0xC3, 0xFF, 0xFD, 0x0B, 0xFF, 0x40,
    0x00, 0x00, 0x00, 0xBF, 0xF4, 0x00, 0x00, 0x00, 0x00, 0x7F, 0x40, 0x00, 0x00, 0x00, 0x03, 0xF4,
    0x00, 0x00, 0x00, 0x3F, 0xFF, 0xFF, 0xE0, 0x00, 0x03, 0xFF, 0xFF, 0xFE, 0x00, 0x00, 0x00, 0x3F,
    0x40, 0x00, 0x00, 0x00, 0x03, 0xF4, 0x00, 0x00, 0x00, 0x00, 0x3F, 0x42, 0xFF, 0x80, 0x00, 0x03,
    0xF5, 0xE0, 0x7F, 0x00, 0x00, 0x3F, 0xB0, 0x03, 0xF8, 0x00, 0x03, 0xFD, 0x00, 0x2F, 0xC0, 0x00,
    0x3F, 0xC0, 0x02, 0xFC, 0x00, 0x03, 0xF8, 0x00, 0x2F, 0xC0, 0x00, 0x3F, 0x80, 0x02, 0xFC, 0x00,
    0x03, 0xF8, 0x00, 0x2F, 0xC0, 0x00, 0x3F, 0x80, 0x02, 0xFC, 0x00, 0x03, 0xF8, 0x00, 0x2F, 0xC0,
    0x00, 0x3F, 0x80, 0x02, 0xFC, 0x00, 0x03, 0xF8, 0x00, 0x2F, 0xC0, 0x00, 0x3F, 0x80, 0x02, 0xFC,
    0x00, 0x03, 0xF8, 0x00, 0x2F, 0xC0, 0x0B, 0xFF, 0xFC, 0x3F, 0xFF, 0xD0, 0x00, 0x00, 0x00, 0x00,
    0x00, 0xBF, 0xFF, 0xFF, 0xF0, 0x00, 0x00, 0x00, 0x00, 0x00, 0x00, 0x00, 0x0F, 0xFF, 0xFF, 0xF4,
    0x00, 0x3F, 0xE0, 0x00, 0x00, 0xFF, 0x80, 0x00, 0x03, 0xFE, 0x00, 0x00, 0x0F, 0xF8, 0x00, 0x00,
    0x3F, 0xE0, 0x00, 0x00, 0xFF, 0x80, 0x00, 0x03, 0xFE, 0x00, 0x00, 0x0F, 0xF8, 0x00, 0x00, 0x3F,
    0xE0, 0x00, 0x00, 0xFF, 0x80, 0x00, 0x03, 0xFE, 0x00, 0x00, 0x0F, 0xF8, 0x00, 0x00, 0x3F, 0xE0,
    0x00, 0x00, 0xFF, 0x80, 0x00, 0x03, 0xFE, 0x00, 0x00, 0x0F, 0xF8, 0x00, 0x00, 0x3F, 0xE0, 0x00,
    0x00, 0xFF, 0x80, 0x00, 0x03, 0xFE, 0x00, 0x00, 0x0F, 0xF8, 0x00, 0x3F, 0xFF, 0xFF, 0xD0, 0xFF,
    0xFF, 0xFF, 0x40, 0x7F, 0xFF, 0xFF, 0xF4, 0x00, 0x00, 0x00, 0x00, 0x00, 0x00, 0x00, 0x00, 0x00,
    0x00, 0x00, 0x01, 0xFF, 0xD0, 0x00, 0x07, 0xFF, 0x40, 0x00, 0x01, 0xFD, 0x00, 0x00, 0x03, 0xF4,
    0x00, 0x00, 0x0F, 0xD0, 0x00, 0x00, 0x3F, 0x40, 0x00, 0x00, 0xFD, 0x00, 0x00, 0x03, 0xF4, 0x00,
    0x00, 0x0F, 0xD0, 0x00, 0x00, 0x3F, 0x40, 0x00, 0x00, 0xFD, 0x00, 0x00, 0x03, 0xF4, 0x00, 0x00,
    0x0F, 0xD0, 0x00, 0x07, 0xFF, 0xF4, 0x00, 0x1F, 0xFF, 0xD0, 0x00, 0x00, 0x7E, 0x00, 0x00, 0x3F,
    0xD0, 0x00, 0x1F, 0xF8, 0x00, 0x03, 0xFD, 0x00, 0x00, 0x7E, 0x00, 0x00, 0x00, 0x00, 0x00, 0x00,
    0x00, 0x00, 0x00, 0x00, 0x00, 0xFF, 0xFF, 0xFF, 0x40, 0x3F, 0xE0, 0x00, 0x0F, 0xF8, 0x00, 0x03,
    0xFE, 0x00, 0x00, 0xFF, 0x80, 0x00, 0x3F, 0xE0, 0x00, 0x0F, 0xF8, 0x00, 0x03, 0xFE, 0x00, 0x00,
    0xFF, 0x80, 0x00, 0x3F, 0xE0, 0x00, 0x0F, 0xF8, 0x00, 0x03, 0xFE, 0x00, 0x00, 0xFF, 0x80, 0x00,
    0x3F, 0xE0, 0x00, 0x0F, 0xF8, 0x00, 0x03, 0xFE, 0x00, 0x00, 0xFF, 0x80, 0x00, 0x3F, 0xE0, 0x00,
    0x0F, 0xF8, 0x00, 0x03, 0xFE, 0x00, 0x00, 0xFF, 0x80, 0x3F, 0xFF, 0xFF, 0xDF, 0xFF, 0xFF, 0xF4,
    0x7F, 0xF4, 0x1F, 0xFD, 0x00, 0x7F, 0x40, 0x0F, 0xD0, 0x03, 0xF4, 0x00, 0xFD, 0x00, 0x3F, 0x40,
    0x0F, 0xD0, 0x03, 0xF4, 0x00, 0xFD, 0x00, 0x3F, 0x40, 0x0F, 0xD0, 0x03, 0xF4, 0x1F, 0xFF, 0xD7,
    0xFF, 0xF4, 0x00, 0x00, 0x00, 0x80, 0x00, 0x00, 0x00, 0x3F, 0x00, 0x00, 0x00, 0x1F, 0xFD, 0x00,
    0x00, 0x0B, 0xE2, 0xF4, 0x00, 0x01, 0xF4, 0x07, 0xD0, 0x00, 0x04, 0x00, 0x08, 0x00, 0x00, 0x00,
    0x00, 0x00, 0x01, 0xFF, 0xFF, 0xFD, 0x00, 0x00, 0x0F, 0xF8, 0x00, 0x00, 0x00, 0xFF, 0x80, 0x00,
    0x00, 0x0F, 0xF8, 0x00, 0x00, 0x00, 0xFF, 0x80, 0x00, 0x00, 0x0F, 0xF8, 0x00, 0x00, 0x00, 0xFF,
    0x80, 0x00, 0x00, 0x0F, 0xF8, 0x00, 0x00, 0x00, 0xFF, 0x80, 0x00, 0x00, 0x0F, 0xF8, 0x00, 0x00,
    0x00, 0xFF, 0x80, 0x00, 0x00, 0x0F, 0xF8, 0x00, 0x00, 0x00, 0xFF, 0x80, 0x00, 0x00, 0x0F, 0xF8,
    0x00, 0x00, 0x00, 0xFF, 0x80, 0x00, 0x00, 0x0F, 0xF8, 0x00, 0x00, 0x00, 0xFF, 0x80, 0x1F, 0x80,
    0x0F, 0xF8, 0x03, 0xFE, 0x00, 0xFF, 0x80, 0x3F, 0xF0, 0x0F, 0xF4, 0x03, 0xFD, 0x01, 0xFE, 0x00,
    0x0F, 0xC0, 0x7F, 0x80, 0x00, 0x1B, 0xFF, 0x80, 0x00, 0x00, 0x00, 0x50, 0x00, 0x00, 0x07, 0xD0,
    0x00, 0x00, 0x7F, 0xD0, 0x00, 0x07, 0xD7, 0xD0, 0x00, 0xBC, 0x03, 0xE0, 0x03, 0xC0, 0x02, 0xC0,
    0x00, 0x00, 0x00, 0x00, 0x1F, 0xFF, 0x00, 0x00, 0x7F, 0xFC, 0x00, 0x00, 0x0F, 0xF0, 0x00, 0x00,
    0x3F, 0xC0, 0x00, 0x00, 0xFF, 0x00, 0x00, 0x03, 0xFC, 0x00, 0x00, 0x0F, 0xF0, 0x00, 0x00, 0x3F,
    0xC0, 0x00, 0x00, 0xFF, 0x00, 0x00, 0x03, 0xFC, 0x00, 0x00, 0x0F, 0xF0, 0x00, 0x00, 0x3F, 0xC0,
    0x00, 0x00, 0xFF, 0x00, 0x00, 0x03, 0xFC, 0x00, 0x00, 0x0F, 0xF0, 0x00, 0x00, 0x3F, 0xC0, 0x00,
    0x00, 0xFF, 0x00, 0x3D, 0x03, 0xF8, 0x02, 0xFC, 0x0F, 0xD0, 0x0F, 0xF0, 0x7F, 0x00, 0x1F, 0xC3,
    0xF0, 0x00, 0x0B, 0xFD, 0x00, 0x00, 0x00, 0x0B, 0x80, 0x00, 0x00, 0x00, 0x0B, 0xF4, 0x00, 0x00,
    0x00, 0x0F, 0xFD, 0x00, 0x00, 0x00, 0x1F, 0xFE, 0x00, 0x00, 0x00, 0x0B, 0x90, 0x00, 0x00, 0x00,
    0x00, 0x00, 0x00, 0x00, 0x00, 0x0B, 0xFF, 0xFF, 0xFC, 0x00, 0x00, 0x03, 0xFE, 0x00, 0x00, 0x00,
    0x00, 0xFF, 0x80, 0x00, 0x00, 0x00, 0x3F, 0xE0, 0x00, 0x00, 0x00, 0x0F, 0xF8, 0x00, 0x00, 0x00,
    0x03, 0xFE, 0x00, 0x00, 0x00, 0x00, 0xFF, 0x80, 0x00, 0x00, 0x00, 0x3F, 0xE0, 0x00, 0x00, 0x00,
    0x0F, 0xF8, 0x00, 0x00, 0x00, 0x03, 0xFE, 0x00, 0x00, 0x00, 0x00, 0xFF, 0x80, 0x00, 0x00, 0x00,
    0x3F, 0xE0, 0x00, 0x00, 0x00, 0x0F, 0xF8, 0x00, 0x00, 0x00, 0x03, 0xFE, 0x00, 0x00, 0x00, 0x00,
    0xFF, 0x80, 0x00, 0x07, 0x00, 0x3F, 0xE0, 0x00, 0x02, 0xC0, 0x0F, 0xF8, 0x00, 0x00, 0xF0, 0x03,
    0xFE, 0x00, 0x00, 0x3C, 0x00, 0xFF, 0x80, 0x00, 0x2E, 0x00, 0x3F, 0xE0, 0x00, 0x2F, 0x80, 0x0F,
    0xF8, 0x00, 0x7F, 0xD2, 0xFF, 0xFF, 0xFF, 0xFF, 0xF4, 0xBF, 0xFF, 0xFF, 0xFF, 0xFC, 0x00, 0x00,
    0x00, 0x00, 0x00, 0x1F, 0x80, 0x02, 0xFF, 0x00, 0x7F, 0xFC, 0x03, 0xFA, 0x40, 0x00, 0x00, 0x07,
    0xFF, 0x40, 0x1F, 0xFD, 0x00, 0x07, 0xF4, 0x00, 0x0F, 0xD0, 0x00, 0x3F, 0x40, 0x00, 0xFD, 0x00,
    0x03, 0xF4, 0x00, 0x0F, 0xD0, 0x00, 0x3F, 0x40, 0x00, 0xFD, 0x00, 0x03, 0xF4, 0x00, 0x0F, 0xD0,
    0x00, 0x3F, 0x40, 0x00, 0xFD, 0x00, 0x03, 0xF4, 0x00, 0x0F, 0xD0, 0x00, 0x3F, 0x40, 0x00, 0xFD,
    0x00, 0x03, 0xF4, 0x00, 0x0F, 0xD0, 0x00, 0x3F, 0x40, 0x1F, 0xFF, 0xE0, 0x7F, 0xFF, 0x80, 0x00,
    0x00, 0x00, 0x3E, 0x00, 0x00, 0x00, 0x00, 0x3F, 0xE0, 0x00, 0x00, 0x00, 0x0F, 0xFC, 0x00, 0x00,
    0x00, 0x03, 0xFF, 0x40, 0x00, 0x00, 0x00, 0xFF, 0xD0, 0x2F, 0xFF, 0xFF, 0xF0, 0x30, 0x00, 0x0F,
    0xF8, 0x00, 0x28, 0x00, 0x03, 0xFE, 0x00, 0x2C, 0x00, 0x00, 0xFF, 0x80, 0x3C, 0x00, 0x00, 0x3F,
    0xE0, 0x04, 0x00, 0x00, 0x0F, 0xF8, 0x00, 0x00, 0x00, 0x03, 0xFE, 0x00, 0x00, 0x00, 0x00, 0xFF,
    0x80, 0x00, 0x00, 0x00, 0x3F, 0xE0, 0x00, 0x00, 0x00, 0x0F, 0xF8, 0x00, 0x00, 0x00, 0x03, 0xFE,
    0x00, 0x00, 0x00, 0x00, 0xFF, 0x80, 0x00, 0x00, 0x00, 0x3F, 0xE0, 0x00, 0x00, 0x00, 0x0F, 0xF8,
    0x00, 0x00, 0x00, 0x03, 0xFE, 0x00, 0x00, 0x1C, 0x00, 0xFF, 0x80, 0x00, 0x0B, 0x00, 0x3F, 0xE0,
    0x00, 0x03, 0xC0, 0x0F, 0xF8, 0x00, 0x00, 0xF0, 0x03, 0xFE, 0x00, 0x00, 0xF8, 0x00, 0xFF, 0x80,
    0x00, 0xBE, 0x00, 0x3F, 0xE0, 0x01, 0xFF, 0x4B, 0xFF, 0xFF, 0xFF, 0xFF, 0xD2, 0xFF, 0xFF, 0xFF,
    0xFF, 0xF4, 0x00, 0x00, 0x3E, 0x00, 0x00, 0x0F, 0xFC, 0x7F, 0xF4, 0xFF, 0xD7, 0xFF, 0x4F, 0xFE,
    0x07, 0xF4, 0x7F, 0xD0, 0x3F, 0x40, 0x0C, 0x03, 0xF4, 0x02, 0xC0, 0x3F, 0x40, 0xB0, 0x03, 0xF4,
    0x3C, 0x00, 0x3F, 0x40, 0x00, 0x03, 0xF4, 0x00, 0x00, 0x3F, 0x40, 0x00, 0x03, 0xF4, 0x00, 0x00,
    0x3F, 0x40, 0x00, 0x03, 0xF4, 0x00, 0x00, 0x3F, 0x40, 0x00, 0x03, 0xF4, 0x00, 0x00, 0x3F, 0x40,
    0x00, 0x03, 0xF4, 0x00, 0x00, 0x3F, 0x40, 0x00, 0x03, 0xF4, 0x00, 0x00, 0x3F, 0x40, 0x00, 0x03,
    0xF4, 0x00, 0x07, 0xFF, 0xF8, 0x00, 0x7F, 0xFF, 0x80, 0x00, 0x00, 0x00, 0x00, 0x00, 0x00, 0x2F,
    0xFF, 0xFF, 0xF0, 0x00, 0x00, 0x0F, 0xF8, 0x00, 0x00, 0x00, 0x03, 0xFE, 0x00, 0x00, 0x00, 0x00,
    0xFF, 0x80, 0x00, 0x00, 0x00, 0x3F, 0xE0, 0x0E, 0x00, 0x00, 0x0F, 0xF8, 0x1F, 0x40, 0x00, 0x03,
    0xFE, 0x2F, 0x00, 0x00, 0x00, 0xFF, 0xBE, 0x00, 0x00, 0x00, 0x3F, 0xFD, 0x00, 0x00, 0x00, 0x0F,
    0xFC, 0x00, 0x00, 0x00, 0x03, 0xFE, 0x00, 0x00, 0x00, 0x02, 0xFF, 0x80, 0x00, 0x00, 0x02, 0xFF,
    0xE0, 0x00, 0x00, 0x03, 0xEF, 0xF8, 0x00, 0x00, 0x00, 0x93, 0xFE, 0x00, 0x00, 0x1C, 0x00, 0xFF,
    0x80, 0x00, 0x0B, 0x00, 0x3F, 0xE0, 0x00, 0x03, 0xC0, 0x0F, 0xF8, 0x00, 0x00, 0xF0, 0x03, 0xFE,
    0x00, 0x00, 0xF8, 0x00, 0xFF, 0x80, 0x00, 0xBE, 0x00, 0x3F, 0xE0, 0x01, 0xFF, 0x4B, 0xFF, 0xFF,
    0xFF, 0xFF, 0xD2, 0xFF, 0xFF, 0xFF, 0xFF, 0xF4, 0x7F, 0xF4, 0x07, 0xFF, 0x40, 0x07, 0xF4, 0x00,
    0x3F, 0x40, 0x03, 0xF4, 0x00, 0x3F, 0x40, 0x03, 0xF4, 0x00, 0x3F, 0x44, 0x03, 0xF6, 0xD0, 0x3F,
    0xF8, 0x03, 0xFD, 0x00, 0x3F, 0x40, 0x0F, 0xF4, 0x07, 0xFF, 0x40, 0x77, 0xF4, 0x00, 0x3F, 0x40,
    0x03, 0xF4, 0x00, 0x3F, 0x40, 0x03, 0xF4, 0x00, 0x3F, 0x40, 0x03, 0xF4, 0x00, 0x3F, 0x40, 0x7F,
    0xFF, 0x80, 0x00, 0x00, 0x00, 0x00, 0x00, 0x00, 0x00, 0x00, 0x00, 0x00, 0x00, 0x00, 0x0B, 0xD0,
    0x00, 0x00, 0x00, 0x00, 0x00, 0x7F, 0xF0, 0x00, 0x00, 0x00, 0x00, 0x02, 0xFF, 0xF0, 0x00, 0x00,
    0x00, 0x00, 0x07, 0xEA, 0x40, 0x00, 0x00, 0x00, 0x00, 0x00, 0x00, 0x00, 0x00, 0x00, 0xBF, 0xFF,
    0xC0, 0x00, 0x07, 0xFF, 0xFD, 0xBF, 0xFF, 0xF0, 0x00, 0x0B, 0xFF, 0xFD, 0x00, 0xFF, 0xF8, 0x00,
    0x00, 0x0F, 0x00, 0x00, 0xFF, 0xFE, 0x00, 0x00, 0x0F, 0x00, 0x00, 0xE7, 0xFF, 0x40, 0x00, 0x0F,
    0x00, 0x00, 0xE2, 0xFF, 0xD0, 0x00, 0x0F, 0x00, 0x00, 0xE0, 0xBF, 0xF0, 0x00, 0x0F, 0x00, 0x00,
    0xE0, 0x3F, 0xFC, 0x00, 0x0F, 0x00, 0x00, 0xE0, 0x0F, 0xFF, 0x00, 0x0F, 0x00, 0x00, 0xE0, 0x03,
    0xFF, 0x80, 0x0F, 0x00, 0x00, 0xE0, 0x01, 0xFF, 0xD0, 0x0F, 0x00, 0x00, 0xE0, 0x00, 0x7F, 0xF4,
    0x0F, 0x00, 0x00, 0xE0, 0x00, 0x2F, 0xFC, 0x0F, 0x00, 0x00, 0xE0, 0x00, 0x0B, 0xFF, 0x0F, 0x00,
    0x00, 0xE0, 0x00, 0x03, 0xFF, 0xCF, 0x00, 0x00, 0xE0, 0x00, 0x00, 0xFF, 0xEF, 0x00, 0x00, 0xE0,
    0x00, 0x00, 0x3F, 0xFF, 0x00, 0x00, 0xE0, 0x00, 0x00, 0x1F, 0xFF, 0x00, 0x00, 0xE0, 0x00, 0x00,
    0x07, 0xFF, 0x00, 0x00, 0xE0, 0x00, 0x00, 0x02, 0xFF, 0x00, 0x01, 0xE0, 0x00, 0x00, 0x00, 0xBF,
    0x00, 0xBF, 0xFF, 0xC0, 0x00, 0x00, 0x3F, 0x00, 0xBF, 0xFF, 0xC0, 0x00, 0x00, 0x0E, 0x00, 0x00,
    0x00, 0x02, 0xE0, 0x00, 0x00, 0x00, 0x0B, 0xF4, 0x00, 0x00, 0x00, 0x2F, 0xF4, 0x00, 0x00, 0x00,
    0xFF, 0xE0, 0x00, 0x00, 0x01, 0xFD, 0x00, 0x00, 0x00, 0x00, 0x40, 0x00, 0x00, 0x00, 0x00, 0x00,
    0x00, 0x00, 0xBF, 0xF0, 0x2F, 0xF8, 0x00, 0xBF, 0xF0, 0xD0, 0x7F, 0x00, 0x07, 0xF7, 0x00, 0x3F,
    0x80, 0x07, 0xFC, 0x00, 0x3F, 0xC0, 0x07, 0xFC, 0x00, 0x2F, 0xC0, 0x07, 0xF8, 0x00, 0x2F, 0xC0,
    0x07, 0xF8, 0x00, 0x2F, 0xC0, 0x07, 0xF8, 0x00, 0x2F, 0xC0, 0x07, 0xF8, 0x00, 0x2F, 0xC0, 0x07,
    0xF8, 0x00, 0x2F, 0xC0, 0x07, 0xF8, 0x00, 0x2F, 0xC0, 0x07, 0xF8, 0x00, 0x2F, 0xC0, 0x07, 0xF8,
    0x00, 0x2F, 0xC0, 0xBF, 0xFF, 0xC3, 0xFF, 0xFD, 0xBF, 0xFF, 0xC3, 0xFF, 0xFD, 0x00, 0x00, 0xA4,
    0x00, 0x1C, 0x00, 0x00, 0x00, 0x00, 0x3F, 0x82, 0xF8, 0x00, 0x00, 0x00, 0x00, 0x0B, 0xFF, 0xE0,
    0x00, 0x00, 0x00, 0x00, 0x02, 0xFF, 0x40, 0x00, 0x00, 0x00, 0x00, 0x00, 0x38, 0x00, 0x00, 0x00,
    0x00, 0x00, 0x00, 0x00, 0x00, 0x00, 0x00, 0x00, 0x00, 0x00, 0x00, 0x00, 0x00, 0x00, 0xBF, 0xFF,
    0xC0, 0x00, 0x07, 0xFF, 0xFD, 0xBF, 0xFF, 0xF0, 0x00, 0x0B, 0xFF, 0xFD, 0x00, 0xFF, 0xF8, 0x00,
    0x00, 0x0F, 0x00, 0x00, 0xFF, 0xFE, 0x00, 0x00, 0x0F, 0x00, 0x00, 0xE7, 0xFF, 0x40, 0x00, 0x0F,
    0x00, 0x00, 0xE2, 0xFF, 0xD0, 0x00, 0x0F, 0x00, 0x00, 0xE0, 0xBF, 0xF0, 0x00, 0x0F, 0x00, 0x00,
    0xE0, 0x3F, 0xFC, 0x00, 0x0F, 0x00, 0x00, 0xE0, 0x0F, 0xFF, 0x00, 0x0F, 0x00, 0x00, 0xE0, 0x03,
    0xFF, 0x80, 0x0F, 0x00, 0x00, 0xE0, 0x01, 0xFF, 0xD0, 0x0F, 0x00, 0x00, 0xE0, 0x00, 0x7F, 0xF4,
    0x0F, 0x00, 0x00, 0xE0, 0x00, 0x2F, 0xFC, 0x0F, 0x00, 0x00, 0xE0, 0x00, 0x0B, 0xFF, 0x0F, 0x00,
    0x00, 0xE0, 0x00, 0x03, 0xFF, 0xCF, 0x00, 0x00, 0xE0, 0x00, 0x00, 0xFF, 0xEF, 0x00, 0x00, 0xE0,
    0x00, 0x00, 0x3F, 0xFF, 0x00, 0x00, 0xE0, 0x00, 0x00, 0x1F, 0xFF, 0x00, 0x00, 0xE0, 0x00, 0x00,
    0x07, 0xFF, 0x00, 0x00, 0xE0, 0x00, 0x00, 0x02, 0xFF, 0x00, 0x01, 0xE0, 0x00, 0x00, 0x00, 0xBF,
    0x00, 0xBF, 0xFF, 0xC0, 0x00, 0x00, 0x3F, 0x00, 0xBF, 0xFF, 0xC0, 0x00, 0x00, 0x0E, 0x00, 0x02,
    0x40, 0x00, 0x24, 0x00, 0x00, 0xF4, 0x02, 0xF0, 0x00, 0x00, 0x3F, 0x5F, 0xC0, 0x00, 0x00, 0x0F,
    0xFF, 0x00, 0x00, 0x00, 0x03, 0xFC, 0x00, 0x00, 0x00, 0x00, 0xF0, 0x00, 0x00, 0x00, 0x00, 0x00,
    0x00, 0x00, 0xBF, 0xF0, 0x2F, 0xF8, 0x00, 0xBF, 0xF0, 0xD0, 0x7F, 0x00, 0x07, 0xF7, 0x00, 0x3F,
    0x80, 0x07, 0xFC, 0x00, 0x3F, 0xC0, 0x07, 0xFC, 0x00, 0x2F, 0xC0, 0x07, 0xF8, 0x00, 0x2F, 0xC0,
    0x07, 0xF8, 0x00, 0x2F, 0xC0, 0x07, 0xF8, 0x00, 0x2F, 0xC0, 0x07, 0xF8, 0x00, 0x2F, 0xC0, 0x07,
    0xF8, 0x00, 0x2F, 0xC0, 0x07, 0xF8, 0x00, 0x2F, 0xC0, 0x07, 0xF8, 0x00, 0x2F, 0xC0, 0x07, 0xF8,
    0x00, 0x2F, 0xC0, 0xBF, 0xFF, 0xC3, 0xFF, 0xFD, 0xBF, 0xFF, 0xC3, 0xFF, 0xFD, 0x00, 0x00, 0x01,
    0xF0, 0x1F, 0x40, 0x00, 0x00, 0x07, 0xFE, 0x2F, 0xF0, 0x00, 0x00, 0x0F, 0xFF, 0xFF, 0xFC, 0x00,
    0x00, 0x0B, 0xE9, 0x7F, 0xA4, 0x00, 0x00, 0x00, 0x00, 0x00, 0x00, 0x00, 0x00, 0x00, 0x2F, 0xFF,
    0x90, 0x00, 0x00, 0x01, 0xFE, 0x40, 0x7F, 0x80, 0x00, 0x02, 0xFC, 0x00, 0x02, 0xFC, 0x00, 0x03,
    0xFC, 0x00, 0x00, 0x2F, 0xD0, 0x02, 0xFD, 0x00, 0x00, 0x03, 0xFC, 0x01, 0xFF, 0x00, 0x00, 0x00,
    0x7F, 0xC0, 0xFF, 0x80, 0x00, 0x00, 0x0F, 0xF4, 0x3F, 0xD0, 0x00, 0x00, 0x03, 0xFE, 0x2F, 0xF4,
    0x00, 0x00, 0x00, 0xFF, 0xCB, 0xFC, 0x00, 0x00, 0x00, 0x3F, 0xF3, 0xFF, 0x00, 0x00, 0x00, 0x0B,
    0xFD, 0xFF, 0xC0, 0x00, 0x00, 0x02, 0xFF, 0x7F, 0xF0, 0x00, 0x00, 0x00, 0xBF, 0xDB, 0xFD, 0x00,
    0x00, 0x00, 0x3F, 0xF2, 0xFF, 0x40, 0x00, 0x00, 0x0F, 0xFC, 0x7F, 0xE0, 0x00, 0x00, 0x03, 0xFF,
    0x0F, 0xFC, 0x00, 0x00, 0x01, 0xFF, 0x41, 0xFF, 0x00, 0x00, 0x00, 0xBF, 0xC0, 0x3F, 0xE0, 0x00,
    0x00, 0x3F, 0xD0, 0x03, 0xFC, 0x00, 0x00, 0x2F, 0xD0, 0x00, 0x2F, 0xD0, 0x00, 0x2F, 0xD0, 0x00,
    0x01, 0xFE, 0x40, 0x7F, 0x80, 0x00, 0x00, 0x06, 0xFF, 0xF9, 0x00, 0x00, 0x00, 0x00, 0xF4, 0x0B,
    0x80, 0x00, 0x7F, 0xC3, 0xFC, 0x00, 0x1F, 0xFC, 0xFF, 0xD0, 0x07, 0xFF, 0x7F, 0xF8, 0x00, 0xFE,
    0x4B, 0xE4, 0x00, 0x05, 0x00, 0x10, 0x00, 0x00, 0x00, 0x00, 0x00, 0x00, 0x02, 0xFF, 0xE0, 0x00,
    0x02, 0xF4, 0x07, 0xE0, 0x00, 0xFC, 0x00, 0x0F, 0xC0, 0x2F, 0x80, 0x00, 0xBE, 0x07, 0xF4, 0x00,
    0x0B, 0xF0, 0xBF, 0x40, 0x00, 0x7F, 0x8F, 0xF4, 0x00, 0x07, 0xFC, 0xFF, 0x40, 0x00, 0x7F, 0xCF,
    0xF4, 0x00, 0x07, 0xFC, 0xBF, 0x40, 0x00, 0x7F, 0x87, 0xF4, 0x00, 0x0B, 0xF4, 0x3F, 0x80, 0x00,
    0xFF, 0x00, 0xFC, 0x00, 0x1F, 0xC0, 0x03, 0xF4, 0x07, 0xF0, 0x00, 0x06, 0xFF, 0xE4, 0x00, 0x00,
    0x00, 0x6F, 0xFF, 0xFF, 0xFF, 0xFF, 0xFF, 0xE0, 0x00, 0x07, 0xF9, 0x01, 0xFF, 0xFF, 0xFF, 0xFF,
    0xE0, 0x00, 0x3F, 0xC0, 0x00, 0x3F, 0xE0, 0x00, 0x1F, 0xF0, 0x00, 0xFF, 0x00, 0x00, 0x2F, 0xE0,
    0x00, 0x02, 0xF0, 0x03, 0xFD, 0x00, 0x00, 0x2F, 0xE0, 0x00, 0x00, 0xF0, 0x0B, 0xF8, 0x00, 0x00,
    0x1F, 0xE0, 0x00, 0x00, 0xB0, 0x0F, 0xF4, 0x00, 0x00, 0x1F, 0xE0, 0x00, 0x00, 0x74, 0x2F, 0xF0,
    0x00, 0x00, 0x1F, 0xE0, 0x00, 0x70, 0x34, 0x3F, 0xF0, 0x00, 0x00, 0x1F, 0xE0, 0x00, 0xB0, 0x00,
    0x3F, 0xE0, 0x00, 0x00, 0x1F, 0xE0, 0x02, 0xF0, 0x00, 0x3F, 0xE0, 0x00, 0x00, 0x1F, 0xFF, 0xFF,
    0xF0, 0x00, 0x3F, 0xE0, 0x00, 0x00, 0x1F, 0xFF, 0xFF, 0xF0, 0x00, 0x3F, 0xE0, 0x00, 0x00, 0x1F,
    0xE0, 0x02, 0xF0, 0x00, 0x3F, 0xF0, 0x00, 0x00, 0x1F, 0xE0, 0x00, 0xB0, 0x00, 0x3F, 0xF0, 0x00,
    0x00, 0x1F, 0xE0, 0x00, 0x70, 0x0D, 0x2F, 0xF0, 0x00, 0x00, 0x1F, 0xE0, 0x00, 0x00, 0x1D, 0x1F,
    0xF4, 0x00, 0x00, 0x1F, 0xE0, 0x00, 0x00, 0x2C, 0x0B, 0xFC, 0x00, 0x00, 0x1F, 0xE0, 0x00, 0x00,
    0x3C, 0x03, 0xFD, 0x00, 0x00, 0x2F, 0xE0, 0x00, 0x00, 0x7C, 0x00, 0xFF, 0x00, 0x00, 0x2F, 0xE0,
    0x00, 0x01, 0xF8, 0x00, 0x3F, 0xD0, 0x00, 0x3F, 0xE0, 0x00, 0x1F, 0xF4, 0x00, 0x07, 0xF9, 0x01,
    0xFF, 0xFF, 0xFF, 0xFF, 0xF4, 0x00, 0x00, 0x6F, 0xFF, 0xFF, 0xFF, 0xFF, 0xFF, 0xF0, 0x00, 0x6F,
    0xFE, 0x00, 0x1B, 0xFE, 0x00, 0x03, 0xF4, 0x07, 0xE1, 0xFC, 0x0B, 0xD0, 0x0F, 0xC0, 0x01, 0xFF,
    0xF0, 0x02, 0xF0, 0x3F, 0x40, 0x00, 0xBF, 0xD0, 0x01, 0xF8, 0x7F, 0x00, 0x00, 0x7F, 0xC0, 0x00,
    0xFC, 0xBF, 0x00, 0x00, 0x3F, 0xC0, 0x00, 0xFD, 0xFF, 0x00, 0x00, 0x3F, 0x80, 0x00, 0xBD, 0xFF,
    0x00, 0x00, 0x3F, 0xFF, 0xFF, 0xFD, 0xFF, 0x00, 0x00, 0x3F, 0x80, 0x00, 0x00, 0xFF, 0x00, 0x00,
    0x3F, 0xC0, 0x00, 0x00, 0x7F, 0x00, 0x00, 0x7F, 0xC0, 0x00, 0x00, 0x3F, 0x80, 0x00, 0xFF, 0xD0,
    0x00, 0x0D, 0x0F, 0xC0, 0x01, 0xFF, 0xF0, 0x00, 0x3C, 0x03, 0xF4, 0x0B, 0xE1, 0xFE, 0x02, 0xF0,
    0x00, 0x6F, 0xFE, 0x00, 0x1B, 0xFE, 0x40, 0x00, 0x00, 0x00, 0x00, 0x00, 0x00, 0x00, 0x00, 0x00,
    0x00, 0x00, 0x00, 0x00, 0x00, 0x00, 0x00, 0x00, 0x0B, 0xC0, 0x00, 0x00, 0x00, 0x00, 0x00, 0x7F,
    0xE0, 0x00, 0x00, 0x00, 0x00, 0x03, 0xFF, 0xD0, 0x00, 0x00, 0x00, 0x00, 0x0B, 0xEA, 0x40, 0x00,
    0x00, 0x00, 0x00, 0x00, 0x00, 0x00, 0x00, 0x00, 0xBF, 0xFF, 0xFF, 0xFF, 0x90, 0x00, 0x00, 0xBF,
    0xFF, 0xFF, 0xFF, 0xFD, 0x00, 0x00, 0x00, 0xFF, 0x40, 0x06, 0xFF, 0x80, 0x00, 0x00, 0xFF, 0x40,
    0x00, 0x3F, 0xE0, 0x00, 0x00, 0xFF, 0x40, 0x00, 0x2F, 0xF0, 0x00, 0x00, 0xFF, 0x40, 0x00, 0x1F,
    0xF8, 0x00, 0x00, 0xFF, 0x40, 0x00, 0x1F, 0xF8, 0x00, 0x00, 0xFF, 0x40, 0x00, 0x1F, 0xF4, 0x00,
    0x00, 0xFF, 0x40, 0x00, 0x2F, 0xF0, 0x00, 0x00, 0xFF, 0x40, 0x00, 0x3F, 0xD0, 0x00, 0x00, 0xFF,
    0x40, 0x06, 0xFE, 0x00, 0x00, 0x00, 0xFF, 0xFF, 0xFF, 0xE0, 0x00, 0x00, 0x00, 0xFF, 0x40, 0x0B,
    0xF8, 0x00, 0x00, 0x00, 0xFF, 0x40, 0x02, 0xFF, 0x00, 0x00, 0x00, 0xFF, 0x40, 0x01, 0xFF, 0x80,
    0x00, 0x00, 0xFF, 0x40, 0x00, 0xFF, 0xC0, 0x00, 0x00, 0xFF, 0x40, 0x00, 0xFF, 0xC0, 0x00, 0x00,
    0xFF, 0x40, 0x00, 0xFF, 0xC0, 0x00, 0x00, 0xFF, 0x40, 0x00, 0xFF, 0xC0, 0x00, 0x00, 0xFF, 0x40,
    0x00, 0xBF, 0xD0, 0x0C, 0x00, 0xFF, 0x40, 0x00, 0x7F, 0xE0, 0x1C, 0xBF, 0xFF, 0xFF, 0x00, 0x2F,
    0xF4, 0x78, 0xBF, 0xFF, 0xFF, 0x00, 0x02, 0xFF, 0xE0, 0x00, 0x00, 0x3D, 0x00, 0x00, 0x1F, 0xF0,
    0x00, 0x07, 0xFF, 0x00, 0x01, 0xFF, 0xC0, 0x00, 0x3F, 0x80, 0x00, 0x01, 0x00, 0x00, 0x00, 0x00,
    0x00, 0x0F, 0xFE, 0x0B, 0xF4, 0xFF, 0xE3, 0x5F, 0xD0, 0xBE, 0x91, 0xFE, 0x0B, 0xFC, 0x0B, 0xC0,
    0xBF, 0x80, 0x00, 0x0B, 0xF4, 0x00, 0x00, 0xBF, 0x00, 0x00, 0x0B, 0xF0, 0x00, 0x00, 0xBF, 0x00,
    0x00, 0x0B, 0xF0, 0x00, 0x00, 0xBF, 0x00, 0x00, 0x0B, 0xF0, 0x00, 0x00, 0xBF, 0x00, 0x00, 0xFF,
    0xFF, 0xC0, 0x0F, 0xFF, 0xFC, 0x00, 0x00, 0x0D, 0x00, 0x02, 0x80, 0x00, 0x00, 0x00, 0x0B, 0xE4,
    0x7F, 0x40, 0x00, 0x00, 0x00, 0x01, 0xFF, 0xF8, 0x00, 0x00, 0x00, 0x00, 0x00, 0x3F, 0xD0, 0x00,
    0x00, 0x00, 0x00, 0x00, 0x0B, 0x00, 0x00, 0x00, 0x00, 0x00, 0x00, 0x00, 0x00, 0x00, 0x00, 0x00,
    0x00, 0x00, 0x00, 0x00, 0x00, 0x00, 0x00, 0xBF, 0xFF, 0xFF, 0xFF, 0x90, 0x00, 0x00, 0xBF, 0xFF,
    0xFF, 0xFF, 0xFD, 0x00, 0x00, 0x00, 0xFF, 0x40, 0x06, 0xFF, 0x80, 0x00, 0x00, 0xFF, 0x40, 0x00,
    0x3F, 0xE0, 0x00, 0x00, 0xFF, 0x40, 0x00, 0x2F, 0xF0, 0x00, 0x00, 0xFF, 0x40, 0x00, 0x1F, 0xF8,
    0x00, 0x00, 0xFF, 0x40, 0x00, 0x1F, 0xF8, 0x00, 0x00, 0xFF, 0x40, 0x00, 0x1F, 0xF4, 0x00, 0x00,
    0xFF, 0x40, 0x00, 0x2F, 0xF0, 0x00, 0x00, 0xFF, 0x40, 0x00, 0x3F, 0xD0, 0x00, 0x00, 0xFF, 0x40,
    0x06, 0xFE, 0x00, 0x00, 0x00, 0xFF, 0xFF, 0xFF, 0xE0, 0x00, 0x00, 0x00, 0xFF, 0x40, 0x0B, 0xF8,
    0x00, 0x00, 0x00, 0xFF, 0x40, 0x02, 0xFF, 0x00, 0x00, 0x00, 0xFF, 0x40, 0x01, 0xFF, 0x80, 0x00,
    0x00, 0xFF, 0x40, 0x00, 0xFF, 0xC0, 0x00, 0x00, 0xFF, 0x40, 0x00, 0xFF, 0xC0, 0x00, 0x00, 0xFF,
    0x40, 0x00, 0xFF, 0xC0, 0x00, 0x00, 0xFF, 0x40, 0x00, 0xFF, 0xC0, 0x00, 0x00, 0xFF, 0x40, 0x00,
    0xBF, 0xD0, 0x0C, 0x00, 0xFF, 0x40, 0x00, 0x7F, 0xE0, 0x1C, 0xBF, 0xFF, 0xFF, 0x00, 0x2F, 0xF4,
    0x78, 0xBF, 0xFF, 0xFF, 0x00, 0x02, 0xFF, 0xE0, 0x18, 0x00, 0x02, 0x40, 0xF4, 0x01, 0xF0, 0x03,
    0xF5, 0xFC, 0x00, 0x0F, 0xFF, 0x00, 0x00, 0x3F, 0xC0, 0x00, 0x00, 0xF0, 0x00, 0x00, 0x00, 0x00,
    0x0F, 0xFE, 0x0B, 0xF4, 0xFF, 0xE3, 0x5F, 0xD0, 0xBE, 0x91, 0xFE, 0x0B, 0xFC, 0x0B, 0xC0, 0xBF,
    0x80, 0x00, 0x0B, 0xF4, 0x00, 0x00, 0xBF, 0x00, 0x00, 0x0B, 0xF0, 0x00, 0x00, 0xBF, 0x00, 0x00,
    0x0B, 0xF0, 0x00, 0x00, 0xBF, 0x00, 0x00, 0x0B, 0xF0, 0x00, 0x00, 0xBF, 0x00, 0x00, 0xFF, 0xFF,
    0xC0, 0x0F, 0xFF, 0xFC, 0x00, 0x00, 0x00, 0x00, 0x00, 0x00, 0x00, 0x1F, 0x40, 0x00, 0x00, 0x3F,
    0xF0, 0x00, 0x00, 0xBF, 0xFC, 0x00, 0x00, 0x3F, 0xA4, 0x00, 0x00, 0x00, 0x00, 0x00, 0x00, 0x0B,
    0xFF, 0x90, 0xB0, 0x2F, 0x40, 0x2F, 0xFC, 0x2F, 0x00, 0x00, 0xFF, 0x1F, 0x80, 0x00, 0x0F, 0xCB,
    0xD0, 0x00, 0x01, 0xF3, 0xF4, 0x00, 0x00, 0x3C, 0xFF, 0x00, 0x00, 0x0B, 0x2F, 0xF0, 0x00, 0x00,
    0x07, 0xFF, 0xE4, 0x00, 0x00, 0xFF, 0xFF, 0xF9, 0x00, 0x1F, 0xFF, 0xFF, 0xF4, 0x01, 0xFF, 0xFF,
    0xFF, 0x40, 0x0B, 0xFF, 0xFF, 0xF0, 0x00, 0x06, 0xFF, 0xFE, 0x00, 0x00, 0x02, 0xFF, 0xC0, 0x00,
    0x00, 0x0F, 0xFE, 0x00, 0x00, 0x01, 0xFF, 0xC0, 0x00, 0x00, 0x7E, 0xF4, 0x00, 0x00, 0x1F, 0x7F,
    0x40, 0x00, 0x0F, 0xCF, 0xFE, 0x40, 0x1F, 0xD3, 0xD3, 0xFF, 0xFF, 0xD0, 0xD0, 0x1B, 0xFF, 0x80,
    0x00, 0x00, 0x00, 0xF4, 0x00, 0x00, 0xFF, 0x00, 0x00, 0xFF, 0xC0, 0x01, 0xFF, 0xD0, 0x00, 0xFE,
    0x40, 0x00, 0x14, 0x00, 0x00, 0x00, 0x00, 0x00, 0x1B, 0xFF, 0xB8, 0x2E, 0x00, 0x7F, 0x1F, 0x00,
    0x03, 0xCB, 0x80, 0x00, 0xE2, 0xF4, 0x00, 0x00, 0xBF, 0xE9, 0x00, 0x0F, 0xFF, 0xFC, 0x00, 0xFF,
    0xFF, 0xD0, 0x02, 0xFF, 0xFC, 0x00, 0x00, 0x7F, 0xAC, 0x00, 0x03, 0xEF, 0x40, 0x00, 0xBB, 0xF0,
    0x00, 0x3C, 0xFF, 0x40, 0x6E, 0x2D, 0x7F, 0xF8, 0x00, 0x00, 0x00, 0x00, 0x00, 0x02, 0x00, 0x00,
    0x00, 0x03, 0xF0, 0x00, 0x00, 0x07, 0xFF, 0x40, 0x00, 0x0B, 0xE2, 0xF8, 0x00, 0x07, 0xD0, 0x1F,
    0x40, 0x00, 0x80, 0x00, 0x40, 0x00, 0x00, 0x00, 0x00, 0x00, 0x02, 0xFF, 0xE4, 0x2C, 0x0B, 0xD0,
    0x0B, 0xFF, 0x0B, 0xC0, 0x00, 0x3F, 0xC7, 0xE0, 0x00, 0x03, 0xF2, 0xF4, 0x00, 0x00, 0x7C, 0xFD,
    0x00, 0x00, 0x0F, 0x3F, 0xC0, 0x00, 0x02, 0xCB, 0xFC, 0x00, 0x00, 0x01, 0xFF, 0xF9, 0x00, 0x00,
    0x3F, 0xFF, 0xFE, 0x40, 0x07, 0xFF, 0xFF, 0xFD, 0x00, 0x7F, 0xFF, 0xFF, 0xD0, 0x02, 0xFF, 0xFF,
    0xFC, 0x00, 0x01, 0xBF, 0xFF, 0x80, 0x00, 0x00, 0xBF, 0xF0, 0x00, 0x00, 0x03, 0xFF, 0x80, 0x00,
    0x00, 0x7F, 0xF0, 0x00, 0x00, 0x1F, 0xBD, 0x00, 0x00, 0x07, 0xDF, 0xD0, 0x00, 0x03, 0xF3, 0xFF,
    0x90, 0x07, 0xF4, 0xF4, 0xFF, 0xFF, 0xF4, 0x34, 0x06, 0xFF, 0xE0, 0x00, 0x00, 0x04, 0x00, 0x00,
    0x0F, 0x80, 0x00, 0x0F, 0xF8, 0x00, 0x0F, 0x8F, 0x80, 0x1F, 0x40, 0xBC, 0x0B, 0x40, 0x0B, 0x40,
    0x00, 0x00, 0x00, 0x0B, 0xFF, 0x78, 0x2E, 0x00, 0x7F, 0x1F, 0x00, 0x03, 0xCB, 0x80, 0x00, 0xE2,
    0xF4, 0x00, 0x00, 0xBF, 0xD9, 0x00, 0x0F, 0xFF, 0xFD, 0x00, 0xBF, 0xFF, 0xE0, 0x02, 0xBF, 0xFC,
    0x00, 0x00, 0x7F, 0xAC, 0x00, 0x03, 0xEF, 0x40, 0x00, 0xBB, 0xF0, 0x00, 0x3C, 0xFF, 0x40, 0x6D,
    0x2D, 0x7F, 0xF8, 0x00, 0x00, 0x00, 0x00, 0x00, 0xBF, 0xF9, 0x0A, 0x02, 0xF4, 0x06, 0xFF, 0xC2,
    0xF0, 0x00, 0x0F, 0xF0, 0xF4, 0x00, 0x00, 0xFC, 0xBD, 0x00, 0x00, 0x1F, 0x3F, 0x40, 0x00, 0x03,
    0xCF, 0xF0, 0x00, 0x00, 0xF3, 0xFF, 0x40, 0x00, 0x14, 0xBF, 0xFE, 0x40, 0x00, 0x0F, 0xFF, 0xFF,
    0xD0, 0x01, 0xFF, 0xFF, 0xFF, 0x00, 0x1F, 0xFF, 0xFF, 0xF0, 0x00, 0xBF, 0xFF, 0xFF, 0x00, 0x00,
    0x6F, 0xFF, 0xD0, 0x00, 0x00, 0x2F, 0xF9, 0x00, 0x00, 0x01, 0xFF, 0xE0, 0x00, 0x00, 0x2F, 0xFC,
    0x00, 0x00, 0x07, 0xFF, 0x00, 0x00, 0x01, 0xFB, 0xF0, 0x00, 0x00, 0xBD, 0xFF, 0x00, 0x00, 0x3E,
    0x3F, 0xF9, 0x00, 0x7F, 0x0F, 0x0B, 0xFF, 0xFE, 0x01, 0x00, 0x0B, 0xF8, 0x00, 0x00, 0x01, 0xFF,
    0x80, 0x00, 0x00, 0x07, 0xFC, 0x00, 0x00, 0x00, 0x7F, 0x80, 0x00, 0x00, 0x1F, 0xD0, 0x00, 0x00,
    0x6F, 0xF0, 0x00, 0x1F, 0xFE, 0x90, 0x00, 0x06, 0xFF, 0xEE, 0x0B, 0x80, 0x1F, 0xC7, 0xC0, 0x01,
    0xF2, 0xE0, 0x00, 0x38, 0xBD, 0x00, 0x05, 0x2F, 0xFA, 0x40, 0x03, 0xFF, 0xFE, 0x00, 0x3F, 0xFF,
    0xF4, 0x00, 0xBF, 0xFF, 0x00, 0x00, 0x1F, 0xEB, 0x00, 0x00, 0xFB, 0xD0, 0x00, 0x3E, 0xFC, 0x00,
    0x0F, 0x7F, 0xC0, 0x0B, 0xCB, 0xBF, 0xFF, 0xC1, 0x02, 0xFE, 0x00, 0x00, 0x7F, 0x90, 0x00, 0x0A,
    0xFE, 0x00, 0x00, 0x2F, 0xD0, 0x00, 0x07, 0xF4, 0x00, 0x07, 0xFC, 0x0B, 0xFF, 0xE4, 0x00, 0x03,
    0x80, 0x00, 0xB0, 0x00, 0x7F, 0x47, 0xF4, 0x00, 0x03, 0xFF, 0xF0, 0x00, 0x00, 0x2F, 0xE0, 0x00,
    0x00, 0x01, 0xD0, 0x00, 0x00, 0x00, 0x00, 0x00, 0x00, 0x00, 0x00, 0x00, 0x00, 0x02, 0xFF, 0xE4,
    0x2C, 0x0B, 0xD0, 0x0B, 0xFF, 0x0B, 0xC0, 0x00, 0x3F, 0xC7, 0xE0, 0x00, 0x03, 0xF2, 0xF4, 0x00,
    0x00, 0x7C, 0xFD, 0x00, 0x00, 0x0F, 0x3F, 0xC0, 0x00, 0x02, 0xCB, 0xFC, 0x00, 0x00, 0x01, 0xFF,
    0xF9, 0x00, 0x00, 0x3F, 0xFF, 0xFE, 0x40, 0x07, 0xFF, 0xFF, 0xFD, 0x00, 0x7F, 0xFF, 0xFF, 0xD0,
    0x02, 0xFF, 0xFF, 0xFC, 0x00, 0x01, 0xBF, 0xFF, 0x80, 0x00, 0x00, 0xBF, 0xF0, 0x00, 0x00, 0x03,
    0xFF, 0x80, 0x00, 0x00, 0x7F, 0xF0, 0x00, 0x00, 0x1F, 0xBD, 0x00, 0x00, 0x07, 0xDF, 0xD0, 0x00,
    0x03, 0xF3, 0xFF, 0x90, 0x07, 0xF4, 0xF4, 0xFF, 0xFF, 0xF4, 0x34, 0x06, 0xFF, 0xE0, 0x00, 0x60,
    0x00, 0x09, 0x0F, 0x40, 0x1F, 0x00, 0xFD, 0x7F, 0x00, 0x0F, 0xFF, 0x00, 0x00, 0xFF, 0x00, 0x00,
    0x0F, 0x00, 0x00, 0x00, 0x00, 0x00, 0x1B, 0xFF, 0xB8, 0x2E, 0x00, 0x7F, 0x1F, 0x00, 0x03, 0xCB,
    0x80, 0x00, 0xE2, 0xF4, 0x00, 0x10, 0xBF, 0xF9, 0x00, 0x0F, 0xFF, 0xFD, 0x00, 0xFF, 0xFF, 0xD0,
    0x02, 0xFF, 0xFC, 0x00, 0x00, 0x7F, 0xAC, 0x00, 0x03, 0xEF, 0x40, 0x00, 0xBB, 0xF0, 0x00, 0x3C,
    0xFF, 0x40, 0x6E, 0x2D, 0x7F, 0xF8, 0x00, 0x00, 0x00, 0x00, 0x3F, 0xFF, 0xFF, 0xFF, 0xFF, 0xFD,
    0x0F, 0xFF, 0xFF, 0xFF, 0xFF, 0xFF, 0x43, 0xF4, 0x00, 0xFF, 0x80, 0x1B, 0xE1, 0xF0, 0x00, 0x3F,
    0xE0, 0x00, 0xB8, 0x74, 0x00, 0x0F, 0xF8, 0x00, 0x0F, 0x1C, 0x00, 0x03, 0xFE, 0x00, 0x03, 0xCB,
    0x00, 0x00, 0xFF, 0x80, 0x00, 0xB0, 0x00, 0x00, 0x3F, 0xE0, 0x00, 0x00, 0x00, 0x00, 0x0F, 0xF8,
    0x00, 0x00, 0x00, 0x00, 0x03, 0xFE, 0x00, 0x00, 0x00, 0x00, 0x00, 0xFF, 0x80, 0x00, 0x00, 0x00,
    0x00, 0x3F, 0xE0, 0x00, 0x00, 0x00, 0x00, 0x0F, 0xF8, 0x00, 0x00, 0x00, 0x00, 0x03, 0xFE, 0x00,
    0x00, 0x00, 0x00, 0x00, 0xFF, 0x80, 0x00, 0x00, 0x00, 0x00, 0x3F, 0xE0, 0x00, 0x00, 0x00, 0x00,
    0x0F, 0xF8, 0x00, 0x00, 0x00, 0x00, 0x03, 0xFE, 0x00, 0x00, 0x00, 0x00, 0x00, 0xFF, 0x80, 0x00,
    0x00, 0x00, 0x00, 0x3F, 0xE0, 0x00, 0x00, 0x00, 0x00, 0x0F, 0xF8, 0x00, 0x00, 0x00, 0x00, 0x03,
    0xFE, 0x00, 0x00, 0x00, 0x03, 0xFF, 0xFF, 0xFF, 0xE0, 0x00, 0x00, 0x00, 0x2F, 0xC0, 0x00, 0x00,
    0x00, 0x00, 0x0B, 0xF9, 0x00, 0x00, 0x00, 0x00, 0x00, 0x6F, 0xE0, 0x00, 0x00, 0x00, 0x00, 0x03,
    0xFC, 0x00, 0x00, 0x00, 0x00, 0x00, 0xBF, 0x00, 0x00, 0x00, 0x00, 0x01, 0xBF, 0x80, 0x00, 0x00,
    0x00, 0xFF, 0xF9, 0x00, 0x00, 0x00, 0x00, 0x04, 0x00, 0x00, 0x00, 0x70, 0x00, 0x00, 0x02, 0xC0,
    0x00, 0x00, 0x0F, 0x00, 0x00, 0x00, 0x7C, 0x00, 0x00, 0x03, 0xF0, 0x00, 0x00, 0x2F, 0xC0, 0x00,
    0x02, 0xFF, 0xFF, 0xC0, 0x7F, 0xFF, 0xFF, 0x00, 0x0B, 0xF0, 0x00, 0x00, 0x2F, 0xC0, 0x00, 0x00,
    0xBF, 0x00, 0x00, 0x02, 0xFC, 0x00, 0x00, 0x0B, 0xF0, 0x00, 0x00, 0x2F, 0xC0, 0x00, 0x00, 0xBF,
    0x00, 0x00, 0x02, 0xFC, 0x02, 0x40, 0x0B, 0xF0, 0x0E, 0x00, 0x2F, 0xC0, 0x38, 0x00, 0xBF, 0x00,
    0xD0, 0x00, 0xFE, 0x0B, 0x00, 0x01, 0xFF, 0xF4, 0x00, 0x00, 0x7F, 0x80, 0x00, 0x00, 0xFF, 0x40,
    0x00, 0x01, 0xBF, 0xD0, 0x00, 0x00, 0x3F, 0xC0, 0x00, 0x00, 0xBF, 0x00, 0x00, 0x1B, 0xF8, 0x00,
    0xFF, 0xF9, 0x00, 0x00, 0x03, 0x40, 0x01, 0xA0, 0x00, 0x00, 0x02, 0xF9, 0x1F, 0xC0, 0x00, 0x00,
    0x00, 0x7F, 0xFE, 0x00, 0x00, 0x00, 0x00, 0x1F, 0xF8, 0x00, 0x00, 0x00, 0x00, 0x02, 0xD0, 0x00,
    0x00, 0x00, 0x00, 0x00, 0x00, 0x00, 0x00, 0x00, 0x00, 0x00, 0x00, 0x00, 0x00, 0x3F, 0xFF, 0xFF,
    0xFF, 0xFF, 0xFD, 0x3F, 0xFF, 0xFF, 0xFF, 0xFF, 0xFD, 0x3F, 0x40, 0x0F, 0xF8, 0x01, 0xBE, 0x7C,
    0x00, 0x0F, 0xF8, 0x00, 0x2E, 0x74, 0x00, 0x0F, 0xF8, 0x00, 0x0E, 0x70, 0x00, 0x0F, 0xF8, 0x00,
    0x0F, 0xB0, 0x00, 0x0F, 0xF8, 0x00, 0x0B, 0x00, 0x00, 0x0F, 0xF8, 0x00, 0x00, 0x00, 0x00, 0x0F,
    0xF8, 0x00, 0x00, 0x00, 0x00, 0x0F, 0xF8, 0x00, 0x00, 0x00, 0x00, 0x0F, 0xF8, 0x00, 0x00, 0x00,
    0x00, 0x0F, 0xF8, 0x00, 0x00, 0x00, 0x00, 0x0F, 0xF8, 0x00, 0x00, 0x00, 0x00, 0x0F, 0xF8, 0x00,
    0x00, 0x00, 0x00, 0x0F, 0xF8, 0x00, 0x00, 0x00, 0x00, 0x0F, 0xF8, 0x00, 0x00, 0x00, 0x00, 0x0F,
    0xF8, 0x00, 0x00, 0x00, 0x00, 0x0F, 0xF8, 0x00, 0x00, 0x00, 0x00, 0x0F, 0xF8, 0x00, 0x00, 0x00,
    0x00, 0x0F, 0xF8, 0x00, 0x00, 0x00, 0x00, 0x0F, 0xF8, 0x00, 0x00, 0x00, 0x00, 0x0F, 0xF8, 0x00,
    0x00, 0x00, 0x3F, 0xFF, 0xFF, 0xFE, 0x00, 0x00, 0x00, 0x00, 0x00, 0x00, 0x00, 0x00, 0x00, 0x0B,
    0xE0, 0x00, 0x00, 0x1F, 0xF8, 0x00, 0x00, 0x2F, 0xFC, 0x00, 0x00, 0x1F, 0xFC, 0x00, 0x00, 0x0B,
    0xFC, 0x00, 0x00, 0x00, 0x28, 0x00, 0x1C, 0x00, 0x70, 0x00, 0x2C, 0x01, 0xD0, 0x00, 0x3C, 0x07,
    0x40, 0x00, 0x7C, 0x00, 0x00, 0x00, 0xFC, 0x00, 0x00, 0x07, 0xFF, 0xFF, 0x00, 0x7F, 0xFF, 0xFF,
    0x00, 0x02, 0xFC, 0x00, 0x00, 0x02, 0xFC, 0x00, 0x00, 0x02, 0xFC, 0x00, 0x00, 0x02, 0xFC, 0x00,
    0x00, 0x02, 0xFC, 0x00, 0x00, 0x02, 0xFC, 0x00, 0x00, 0x02, 0xFC, 0x00, 0x00, 0x02, 0xFC, 0x02,
    0x40, 0x02, 0xFC, 0x03, 0x80, 0x02, 0xFC, 0x03, 0x80, 0x01, 0xFC, 0x03, 0x40, 0x00, 0xFF, 0x0F,
    0x00, 0x00, 0x1F, 0xF8, 0x00, 0x00, 0x0F, 0xFF, 0xFF, 0xFF, 0xD0, 0x00, 0x00, 0x00, 0x00, 0x00,
    0x00, 0x00, 0x00, 0x00, 0x00, 0x00, 0x00, 0x00, 0x00, 0x00, 0x00, 0x00, 0x00, 0x00, 0x00, 0x00,
    0xBF, 0xFF, 0xFF, 0x00, 0x0F, 0xFF, 0xFE, 0xFF, 0xFF, 0xFC, 0x00, 0x3F, 0xFF, 0xF0, 0x0F, 0xF8,
    0x00, 0x00, 0x02, 0xD0, 0x00, 0x3F, 0xE0, 0x00, 0x00, 0x07, 0x40, 0x00, 0xFF, 0x80, 0x00, 0x00,
    0x1D, 0x00, 0x03, 0xFE, 0x00, 0x00, 0x00, 0x74, 0x00, 0x0F, 0xF8, 0x00, 0x00, 0x01, 0xD0, 0x00,
    0x3F, 0xE0, 0x00, 0x00, 0x07, 0x40, 0x00, 0xFF, 0x80, 0x00, 0x00, 0x1D, 0x00, 0x03, 0xFE, 0x00,
    0x00, 0x00, 0x74, 0x00, 0x0F, 0xF8, 0x00, 0x00, 0x01, 0xD0, 0x00, 0x3F, 0xE0, 0x00, 0x00, 0x07,
    0x40, 0x00, 0xFF, 0x80, 0x00, 0x00, 0x1D, 0x00, 0x03, 0xFE, 0x00, 0x00, 0x00, 0x74, 0x00, 0x0F,
    0xF8, 0x00, 0x00, 0x01, 0xD0, 0x00, 0x3F, 0xE0, 0x00, 0x00, 0x07, 0x40, 0x00, 0xFF, 0x80, 0x00,
    0x00, 0x2C, 0x00, 0x02, 0xFF, 0x00, 0x00, 0x00, 0xF0, 0x00, 0x07, 0xFC, 0x00, 0x00, 0x0B, 0x40,
    0x00, 0x0B, 0xFC, 0x00, 0x00, 0xBC, 0x00, 0x00, 0x0B, 0xFE, 0x00, 0x1F, 0xC0, 0x00, 0x00, 0x07,
    0xFF, 0xFF, 0xFC, 0x00, 0x00, 0x00, 0x01, 0xBF, 0xFE, 0x00, 0x00, 0x00, 0x03, 0xFF, 0xFF, 0xFF,
    0x80, 0x00, 0x00, 0x00, 0x00, 0x00, 0x00, 0x00, 0x00, 0x00, 0x00, 0x00, 0x00, 0x00, 0x00, 0x00,
    0xBF, 0xF8, 0x03, 0xFF, 0xC0, 0xBF, 0xF8, 0x03, 0xFF, 0xC0, 0x07, 0xF8, 0x00, 0x3F, 0xC0, 0x07,
    0xF8, 0x00, 0x2F, 0xC0, 0x07, 0xF8, 0x00, 0x2F, 0xC0, 0x07, 0xF8, 0x00, 0x2F, 0xC0, 0x07, 0xF8,
    0x00, 0x2F, 0xC0, 0x07, 0xF8, 0x00, 0x2F, 0xC0, 0x07, 0xF8, 0x00, 0x2F, 0xC0, 0x07, 0xF8, 0x00,
    0x2F, 0xC0, 0x03, 0xF8, 0x00, 0x3F, 0xC0, 0x03, 0xF8, 0x00, 0x3F, 0xC0, 0x03, 0xF8, 0x00, 0xBF,
    0xC0, 0x01, 0xFC, 0x02, 0x6F, 0xFD, 0x00, 0x2F, 0xF9, 0x2F, 0xFD, 0x00, 0x00, 0x00, 0x00, 0x00,
    0x00, 0x00, 0xC0, 0x00, 0x0D, 0x00, 0x00, 0x00, 0x03, 0xD0, 0x01, 0xF0, 0x00, 0x00, 0x00, 0x03,
    0xFF, 0xFF, 0x00, 0x00, 0x00, 0x00, 0x01, 0xBF, 0xD0, 0x00, 0x00, 0x00, 0x00, 0x00, 0x00, 0x00,
    0x00, 0x00, 0x00, 0x00, 0x00, 0x00, 0x00, 0x00, 0x0B, 0xFF, 0xFF, 0xF0, 0x00, 0xFF, 0xFF, 0xEF,
    0xFF, 0xFF, 0xC0, 0x03, 0xFF, 0xFF, 0x00, 0xFF, 0x80, 0x00, 0x00, 0x2D, 0x00, 0x03, 0xFE, 0x00,
    0x00, 0x00, 0x74, 0x00, 0x0F, 0xF8, 0x00, 0x00, 0x01, 0xD0, 0x00, 0x3F, 0xE0, 0x00, 0x00, 0x07,
    0x40, 0x00, 0xFF, 0x80, 0x00, 0x00, 0x1D, 0x00, 0x03, 0xFE, 0x00, 0x00, 0x00, 0x74, 0x00, 0x0F,
    0xF8, 0x00, 0x00, 0x01, 0xD0, 0x00, 0x3F, 0xE0, 0x00, 0x00, 0x07, 0x40, 0x00, 0xFF, 0x80, 0x00,
    0x00, 0x1D, 0x00, 0x03, 0xFE, 0x00, 0x00, 0x00, 0x74, 0x00, 0x0F, 0xF8, 0x00, 0x00, 0x01, 0xD0,
    0x00, 0x3F, 0xE0, 0x00, 0x00, 0x07, 0x40, 0x00, 0xFF, 0x80, 0x00, 0x00, 0x1D, 0x00, 0x03, 0xFE,
    0x00, 0x00, 0x00, 0x74, 0x00, 0x0F, 0xF8, 0x00, 0x00, 0x02, 0xC0, 0x00, 0x2F, 0xF0, 0x00, 0x00,
    0x0F, 0x00, 0x00, 0x7F, 0xC0, 0x00, 0x00, 0xB4, 0x00, 0x00, 0xBF, 0xC0, 0x00, 0x0B, 0xC0, 0x00,
    0x00, 0xBF, 0xE0, 0x01, 0xFC, 0x00, 0x00, 0x00, 0x7F, 0xFF, 0xFF, 0xC0, 0x00, 0x00, 0x00, 0x1B,
    0xFF, 0xE0, 0x00, 0x00, 0x00, 0xD0, 0x00, 0x0A, 0x00, 0x00, 0xB0, 0x00, 0x0D, 0x00, 0x00, 0x3D,
    0x00, 0x7C, 0x00, 0x00, 0x1F, 0xFF, 0xF0, 0x00, 0x00, 0x02, 0xFF, 0x40, 0x00, 0x00, 0x00, 0x00,
    0x00, 0x00, 0xBF, 0xF8, 0x03, 0xFF, 0xC0, 0xBF, 0xF8, 0x03, 0xFF, 0xC0, 0x07, 0xF8, 0x00, 0x3F,
    0xC0, 0x07, 0xF8, 0x00, 0x2F, 0xC0, 0x07, 0xF8, 0x00, 0x2F, 0xC0, 0x07, 0xF8, 0x00, 0x2F, 0xC0,
    0x07, 0xF8, 0x00, 0x2F, 0xC0, 0x07, 0xF8, 0x00, 0x2F, 0xC0, 0x07, 0xF8, 0x00, 0x2F, 0xC0, 0x07,
    0xF8, 0x00, 0x2F, 0xC0, 0x03, 0xF8, 0x00, 0x3F, 0xC0, 0x03, 0xF8, 0x00, 0x3F, 0xC0, 0x03, 0xF8,
    0x00, 0xBF, 0xC0, 0x01, 0xFC, 0x02, 0x6F, 0xFD, 0x00, 0x2F, 0xF9, 0x2F, 0xFD, 0x00, 0x00, 0x00,
    0x00, 0x00, 0x00, 0x00, 0x00, 0x7F, 0xD0, 0x00, 0x00, 0x00, 0x00, 0x07, 0x41, 0xE0, 0x00, 0x00,
    0x00, 0x00, 0x3C, 0x02, 0xC0, 0x00, 0x00, 0x00, 0x00, 0xF0, 0x0B, 0x00, 0x00, 0x00, 0x00, 0x01,
    0xD0, 0x34, 0x00, 0x00, 0x00, 0x00, 0x01, 0xFF, 0x40, 0x00, 0x00, 0x00, 0x00, 0x00, 0x00, 0x00,
    0x00, 0x2F, 0xFF, 0xFF, 0xC0, 0x03, 0xFF, 0xFF, 0xBF, 0xFF, 0xFF, 0x00, 0x0F, 0xFF, 0xFC, 0x03,
    0xFE, 0x00, 0x00, 0x00, 0xB4, 0x00, 0x0F, 0xF8, 0x00, 0x00, 0x01, 0xD0, 0x00, 0x3F, 0xE0, 0x00,
    0x00, 0x07, 0x40, 0x00, 0xFF, 0x80, 0x00, 0x00, 0x1D, 0x00, 0x03, 0xFE, 0x00, 0x00, 0x00, 0x74,
    0x00, 0x0F, 0xF8, 0x00, 0x00, 0x01, 0xD0, 0x00, 0x3F, 0xE0, 0x00, 0x00, 0x07, 0x40, 0x00, 0xFF,
    0x80, 0x00, 0x00, 0x1D, 0x00, 0x03, 0xFE, 0x00, 0x00, 0x00, 0x74, 0x00, 0x0F, 0xF8, 0x00, 0x00,
    0x01, 0xD0, 0x00, 0x3F, 0xE0, 0x00, 0x00, 0x07, 0x40, 0x00, 0xFF, 0x80, 0x00, 0x00, 0x1D, 0x00,
    0x03, 0xFE, 0x00, 0x00, 0x00, 0x74, 0x00, 0x0F, 0xF8, 0x00, 0x00, 0x01, 0xD0, 0x00, 0x3F, 0xE0,
    0x00, 0x00, 0x0B, 0x00, 0x00, 0xBF, 0xC0, 0x00, 0x00, 0x3C, 0x00, 0x01, 0xFF, 0x00, 0x00, 0x02,
    0xD0, 0x00, 0x02, 0xFF, 0x00, 0x00, 0x2F, 0x00, 0x00, 0x02, 0xFF, 0x80, 0x07, 0xF0, 0x00, 0x00,
    0x01, 0xFF, 0xFF, 0xFF, 0x00, 0x00, 0x00, 0x00, 0x6F, 0xFF, 0x80, 0x00, 0x00, 0x00, 0x01, 0xFF,
    0x40, 0x00, 0x00, 0x0B, 0x41, 0xD0, 0x00, 0x00, 0x0E, 0x00, 0xE0, 0x00, 0x00, 0x0E, 0x00, 0xE0,
    0x00, 0x00, 0x0B, 0x01, 0xD0, 0x00, 0x00, 0x01, 0xFF, 0x40, 0x00, 0x00, 0x00, 0x00, 0x00, 0x00,
    0xBF, 0xF8, 0x03, 0xFF, 0xC0, 0xBF, 0xF8, 0x03, 0xFF, 0xC0, 0x07, 0xF8, 0x00, 0x3F, 0xC0, 0x07,
    0xF8, 0x00, 0x2F, 0xC0, 0x07, 0xF8, 0x00, 0x2F, 0xC0, 0x07, 0xF8, 0x00, 0x2F, 0xC0, 0x07, 0xF8,
    0x00, 0x2F, 0xC0, 0x07, 0xF8, 0x00, 0x2F, 0xC0, 0x07, 0xF8, 0x00, 0x2F, 0xC0, 0x07, 0xF8, 0x00,
    0x2F, 0xC0, 0x03, 0xF8, 0x00, 0x3F, 0xC0, 0x03, 0xF8, 0x00, 0x3F, 0xC0, 0x03, 0xF8, 0x00, 0xBF,
    0xC0, 0x01, 0xFC, 0x02, 0x6F, 0xFD, 0x00, 0x2F, 0xF9, 0x2F, 0xFD, 0x00, 0x00, 0x00, 0x00, 0x00,
    0x00, 0x00, 0x00, 0x7D, 0x02, 0xE0, 0x00, 0x00, 0x00, 0x0B, 0xFC, 0x7F, 0xD0, 0x00, 0x00, 0x02,
    0xFF, 0xFF, 0xFF, 0x00, 0x00, 0x00, 0x0F, 0xA9, 0xFE, 0x90, 0x00, 0x00, 0x00, 0x00, 0x00, 0x00,
    0x00, 0x02, 0xFF, 0xFF, 0xFC, 0x00, 0x3F, 0xFF, 0xFB, 0xFF, 0xFF, 0xF0, 0x00, 0xFF, 0xFF, 0xC0,
    0x3F, 0xE0, 0x00, 0x00, 0x0B, 0x40, 0x00, 0xFF, 0x80, 0x00, 0x00, 0x1D, 0x00, 0x03, 0xFE, 0x00,
    0x00, 0x00, 0x74, 0x00, 0x0F, 0xF8, 0x00, 0x00, 0x01, 0xD0, 0x00, 0x3F, 0xE0, 0x00, 0x00, 0x07,
    0x40, 0x00, 0xFF, 0x80, 0x00, 0x00, 0x1D, 0x00, 0x03, 0xFE, 0x00, 0x00, 0x00, 0x74, 0x00, 0x0F,
    0xF8, 0x00, 0x00, 0x01, 0xD0, 0x00, 0x3F, 0xE0, 0x00, 0x00, 0x07, 0x40, 0x00, 0xFF, 0x80, 0x00,
    0x00, 0x1D, 0x00, 0x03, 0xFE, 0x00, 0x00, 0x00, 0x74, 0x00, 0x0F, 0xF8, 0x00, 0x00, 0x01, 0xD0,
    0x00, 0x3F, 0xE0, 0x00, 0x00, 0x07, 0x40, 0x00, 0xFF, 0x80, 0x00, 0x00, 0x1D, 0x00, 0x03, 0xFE,
    0x00, 0x00, 0x00, 0xB0, 0x00, 0x0B, 0xFC, 0x00, 0x00, 0x03, 0xC0, 0x00, 0x1F, 0xF0, 0x00, 0x00,
    0x2D, 0x00, 0x00, 0x2F, 0xF0, 0x00, 0x02, 0xF0, 0x00, 0x00, 0x2F, 0xF8, 0x00, 0x7F, 0x00, 0x00,
    0x00, 0x1F, 0xFF, 0xFF, 0xF0, 0x00, 0x00, 0x00, 0x06, 0xFF, 0xF8, 0x00, 0x00, 0x00, 0x00, 0x2E,
    0x01, 0xF0, 0x00, 0x00, 0xBF, 0x4B, 0xF8, 0x00, 0x03, 0xFF, 0x6F, 0xF8, 0x00, 0x0F, 0xFE, 0xBF,
    0xE0, 0x00, 0x2F, 0x90, 0xFD, 0x00, 0x00, 0x04, 0x00, 0x40, 0x00, 0x00, 0x00, 0x00, 0x00, 0x00,
    0xBF, 0xF8, 0x03, 0xFF, 0xC0, 0xBF, 0xF8, 0x03, 0xFF, 0xC0, 0x07, 0xF8, 0x00, 0x3F, 0xC0, 0x07,
    0xF8, 0x00, 0x2F, 0xC0, 0x07, 0xF8, 0x00, 0x2F, 0xC0, 0x07, 0xF8, 0x00, 0x2F, 0xC0, 0x07, 0xF8,
    0x00, 0x2F, 0xC0, 0x07, 0xF8, 0x00, 0x2F, 0xC0, 0x07, 0xF8, 0x00, 0x2F, 0xC0, 0x07, 0xF8, 0x00,
    0x2F, 0xC0, 0x03, 0xF8, 0x00, 0x3F, 0xC0, 0x03, 0xF8, 0x00, 0x3F, 0xC0, 0x03, 0xF8, 0x00, 0xBF,
    0xC0, 0x01, 0xFC, 0x02, 0x6F, 0xFD, 0x00, 0x2F, 0xF9, 0x2F, 0xFD, 0x00, 0x00, 0x00, 0x00, 0x00,
    0x00, 0x00, 0x2F, 0x00, 0x7D, 0x00, 0x00, 0x00, 0x00, 0x2F, 0xF0, 0x7F, 0xD0, 0x00, 0x00, 0x00,
    0x0F, 0xFC, 0x2F, 0xF8, 0x00, 0x00, 0x00, 0x02, 0xFF, 0x07, 0xFD, 0x00, 0x00, 0x00, 0x00, 0x2F,
    0x00, 0x7D, 0x00, 0x00, 0x00, 0x00, 0x00, 0x00, 0x00, 0x00, 0x00, 0x07, 0xFF, 0xFF, 0xF0, 0x00,
    0x0F, 0xFF, 0xF1, 0xFF, 0xFF, 0xFC, 0x00, 0x03, 0xFF, 0xFC, 0x00, 0xFF, 0xE0, 0x00, 0x00, 0x0F,
    0x80, 0x00, 0x0F, 0xFD, 0x00, 0x00, 0x07, 0xC0, 0x00, 0x01, 0xFF, 0xC0, 0x00, 0x03, 0xC0, 0x00,
    0x00, 0x3F, 0xF8, 0x00, 0x02, 0xD0, 0x00, 0x00, 0x03, 0xFF, 0x40, 0x01, 0xF0, 0x00, 0x00, 0x00,
    0x7F, 0xF0, 0x00, 0xF0, 0x00, 0x00, 0x00, 0x0F, 0xFE, 0x00, 0xB4, 0x00, 0x00, 0x00, 0x00, 0xFF,
    0xD0, 0x7C, 0x00, 0x00, 0x00, 0x00, 0x1F, 0xFC, 0x3C, 0x00, 0x00, 0x00, 0x00, 0x03, 0xFF, 0xAD,
    0x00, 0x00, 0x00, 0x00, 0x00, 0x3F, 0xFF, 0x00, 0x00, 0x00, 0x00, 0x00, 0x07, 0xFF, 0x00, 0x00,
    0x00, 0x00, 0x00, 0x00, 0xFF, 0x80, 0x00, 0x00, 0x00, 0x00, 0x00, 0x3F, 0xE0, 0x00, 0x00, 0x00,
    0x00, 0x00, 0x0F, 0xF8, 0x00, 0x00, 0x00, 0x00, 0x00, 0x03, 0xFE, 0x00, 0x00, 0x00, 0x00, 0x00,
    0x00, 0xFF, 0x80, 0x00, 0x00, 0x00, 0x00, 0x00, 0x3F, 0xE0, 0x00, 0x00, 0x00, 0x00, 0x00, 0x0F,
    0xF8, 0x00, 0x00, 0x00, 0x00, 0x00, 0x03, 0xFE, 0x00, 0x00, 0x00, 0x00, 0x00, 0x7F, 0xFF, 0xFF,
    0x00, 0x00, 0x00, 0x00, 0x00, 0x00, 0x00, 0x00, 0x00, 0x00, 0x00, 0x00, 0x00, 0x00, 0x00, 0x00,
    0x00, 0x07, 0xE0, 0x00, 0x00, 0x00, 0x3F, 0xF0, 0x00, 0x00, 0x02, 0xFF, 0xF0, 0x00, 0x00, 0x03,
    0xFA, 0x40, 0x00, 0x00, 0x00, 0x00, 0x00, 0x00, 0x3F, 0xFF, 0xFF, 0xFF, 0xFC, 0x3F, 0xFF, 0xFF,
    0xFF, 0xFC, 0x3F, 0xE4, 0x00, 0x3F, 0xF4, 0x3F, 0x00, 0x00, 0x7F, 0xE0, 0x3C, 0x00, 0x00, 0xFF,
    0xC0, 0x38, 0x00, 0x03, 0xFF, 0x40, 0x74, 0x00, 0x0B, 0xFE, 0x00, 0x74, 0x00, 0x0F, 0xFC, 0x00,
    0x00, 0x00, 0x3F, 0xF4, 0x00, 0x00, 0x00, 0xBF, 0xE0, 0x00, 0x00, 0x00, 0xFF, 0xC0, 0x00, 0x00,
    0x03, 0xFF, 0x40, 0x00, 0x00, 0x0B, 0xFF, 0x00, 0x00, 0x00, 0x1F, 0xFC, 0x00, 0x00, 0x00, 0x3F,
    0xF4, 0x00, 0x1C, 0x00, 0xBF, 0xF0, 0x00, 0x1C, 0x01, 0xFF, 0xC0, 0x00, 0x2C, 0x03, 0xFF, 0x80,
    0x00, 0x3C, 0x0B, 0xFF, 0x00, 0x00, 0x3C, 0x1F, 0xFC, 0x00, 0x00, 0xBC, 0x3F, 0xF8, 0x00, 0x02,
    0xFC, 0xBF, 0xF0, 0x00, 0x1F, 0xFC, 0xFF, 0xFF, 0xFF, 0xFF, 0xF8, 0x00, 0x00, 0x3D, 0x00, 0x00,
    0x07, 0xFC, 0x00, 0x00, 0x7F, 0xF0, 0x00, 0x07, 0xFE, 0x00, 0x00, 0x3F, 0x40, 0x00, 0x00, 0x00,
    0x00, 0x00, 0x00, 0x00, 0x00, 0x0F, 0xFF, 0xFF, 0xFC, 0x3E, 0x40, 0x3F, 0xE0, 0xF0, 0x02, 0xFF,
    0x07, 0x40, 0x1F, 0xF4, 0x1C, 0x00, 0xFF, 0x80, 0x00, 0x0B, 0xFC, 0x00, 0x00, 0x7F, 0xC0, 0x00,
    0x03, 0xFD, 0x00, 0x00, 0x3F, 0xE0, 0x00, 0x02, 0xFF, 0x00, 0x70, 0x1F, 0xF0, 0x02, 0xC0, 0xFF,
    0x40, 0x0F, 0x0F, 0xF8, 0x00, 0x7C, 0x7F, 0xC0, 0x07, 0xF3, 0xFF, 0xFF, 0xFF, 0x80, 0x00, 0x00,
    0x2F, 0x00, 0x00, 0x00, 0x00, 0xBF, 0xC0, 0x00, 0x00, 0x00, 0xFF, 0xC0, 0x00, 0x00, 0x00, 0xBF,
    0xC0, 0x00, 0x00, 0x00, 0x2F, 0x00, 0x00, 0x00, 0x00, 0x00, 0x00, 0x00, 0x00, 0x00, 0x00, 0x00,
    0x00, 0x00, 0x00, 0x00, 0x00, 0x00, 0x3F, 0xFF, 0xFF, 0xFF, 0xFC, 0x3F, 0xFF, 0xFF, 0xFF, 0xFC,
    0x3F, 0xE4, 0x00, 0x3F, 0xF4, 0x3F, 0x00, 0x00, 0x7F, 0xE0, 0x3C, 0x00, 0x00, 0xFF, 0xC0, 0x38,
    0x00, 0x03, 0xFF, 0x40, 0x74, 0x00, 0x0B, 0xFE, 0x00, 0x74, 0x00, 0x0F, 0xFC, 0x00, 0x00, 0x00,
    0x3F, 0xF4, 0x00, 0x00, 0x00, 0xBF, 0xE0, 0x00, 0x00, 0x00, 0xFF, 0xC0, 0x00, 0x00, 0x03, 0xFF,
    0x40, 0x00, 0x00, 0x0B, 0xFF, 0x00, 0x00, 0x00, 0x1F, 0xFC, 0x00, 0x00, 0x00, 0x3F, 0xF4, 0x00,
    0x1C, 0x00, 0xBF, 0xF0, 0x00, 0x1C, 0x01, 0xFF, 0xC0, 0x00, 0x2C, 0x03, 0xFF, 0x80, 0x00, 0x3C,
    0x0B, 0xFF, 0x00, 0x00, 0x3C, 0x1F, 0xFC, 0x00, 0x00, 0xBC, 0x3F, 0xF8, 0x00, 0x02, 0xFC, 0xBF,
    0xF0, 0x00, 0x1F, 0xFC, 0xFF, 0xFF, 0xFF, 0xFF, 0xF8, 0x00, 0x0B, 0xD0, 0x00, 0x00, 0x7F, 0xC0,
    0x00, 0x02, 0xFF, 0x40, 0x00, 0x07, 0xFC, 0x00, 0x00, 0x0B, 0xD0, 0x00, 0x00, 0x00, 0x00, 0x00,
    0x00, 0x00, 0x00, 0x00, 0x00, 0x00, 0x00, 0x3F, 0xFF, 0xFF, 0xF0, 0xF9, 0x00, 0xFF, 0x83, 0xC0,
    0x0B, 0xFC, 0x1D, 0x00, 0x7F, 0xD0, 0x70, 0x03, 0xFE, 0x00, 0x00, 0x2F, 0xF0, 0x00, 0x01, 0xFF,
    0x00, 0x00, 0x0F, 0xF4, 0x00, 0x00, 0xFF, 0x80, 0x00, 0x0B, 0xFC, 0x01, 0xC0, 0x7F, 0xC0, 0x0B,
    0x03, 0xFD, 0x00, 0x3C, 0x3F, 0xE0, 0x01, 0xF1, 0xFF, 0x00, 0x1F, 0xCF, 0xFF, 0xFF, 0xFE, 0x00,
    0x01, 0x90, 0x00, 0x64, 0x00, 0x00, 0xFE, 0x0B, 0xF0, 0x00, 0x00, 0x2F, 0xFF, 0x80, 0x00, 0x00,
    0x07, 0xFD, 0x00, 0x00, 0x00, 0x00, 0xE0, 0x00, 0x00, 0x00, 0x00, 0x00, 0x00, 0x00, 0x00, 0x00,
    0x00, 0x00, 0x00, 0x3F, 0xFF, 0xFF, 0xFF, 0xFC, 0x3F, 0xFF, 0xFF, 0xFF, 0xFC, 0x3F, 0xE4, 0x00,
    0x3F, 0xF4, 0x3F, 0x00, 0x00, 0x7F, 0xF0, 0x3C, 0x00, 0x00, 0xFF, 0xC0, 0x38, 0x00, 0x03, 0xFF,
    0x40, 0x74, 0x00, 0x0B, 0xFF, 0x00, 0x74, 0x00, 0x0F, 0xFC, 0x00, 0x00, 0x00, 0x3F, 0xF4, 0x00,
    0x00, 0x00, 0xBF, 0xF0, 0x00, 0x00, 0x00, 0xFF, 0xC0, 0x00, 0x00, 0x03, 0xFF, 0x80, 0x00, 0x00,
    0x0B, 0xFF, 0x00, 0x00, 0x00, 0x1F, 0xFC, 0x00, 0x00, 0x00, 0x3F, 0xF8, 0x00, 0x1C, 0x00, 0xBF,
    0xF0, 0x00, 0x1C, 0x01, 0xFF, 0xC0, 0x00, 0x2C, 0x03, 0xFF, 0x80, 0x00, 0x3C, 0x0B, 0xFF, 0x00,
    0x00, 0x3C, 0x1F, 0xFD, 0x00, 0x00, 0xBC, 0x3F, 0xF8, 0x00, 0x02, 0xFC, 0xBF, 0xF0, 0x00, 0x1F,
    0xFC, 0xFF, 0xFF, 0xFF, 0xFF, 0xF8, 0x18, 0x00, 0x02, 0x40, 0x3D, 0x00, 0x7C, 0x00, 0x3F, 0x5F,
    0xC0, 0x00, 0x3F, 0xFC, 0x00, 0x00, 0x3F, 0xC0, 0x00, 0x00, 0x3C, 0x00, 0x00, 0x00, 0x00, 0x00,
    0x0F, 0xFF, 0xFF, 0xFC, 0x3E, 0x40, 0x3F, 0xE0, 0xF0, 0x02, 0xFF, 0x07, 0x40, 0x1F, 0xF4, 0x1C,
    0x00, 0xFF, 0x80, 0x00, 0x0B, 0xFC, 0x00, 0x00, 0x7F, 0xC0, 0x00, 0x03, 0xFD, 0x00, 0x00, 0x3F,
    0xE0, 0x00, 0x02, 0xFF, 0x00, 0x70, 0x1F, 0xF0, 0x02, 0xC0, 0xFF, 0x40, 0x0F, 0x0F, 0xF8, 0x00,
    0x7C, 0x7F, 0xC0, 0x07, 0xF3, 0xFF, 0xFF, 0xFF, 0x80, 0x00, 0x00, 0xB8, 0x00, 0x00, 0x00, 0x00,
    0x03, 0xFE, 0x00, 0x00, 0x00, 0x00, 0x0F, 0xFF, 0x40, 0x00, 0x00, 0x00, 0x2F, 0xFF, 0x00, 0x00,
    0x00, 0x00, 0x00, 0x00, 0x00, 0x00, 0x00, 0x00, 0x00, 0x00, 0x00, 0x0B, 0xFF, 0xFF, 0xFF, 0xFF,
    0xFC, 0x2F, 0xFF, 0xFF, 0xFF, 0xFF, 0xF0, 0x00, 0xFF, 0x80, 0x00, 0x6F, 0xC0, 0x03, 0xFE, 0x00,
    0x00, 0x1F, 0x00, 0x0F, 0xF8, 0x00, 0x00, 0x2D, 0x00, 0x3F, 0xE0, 0x00, 0x00, 0x74, 0x00, 0xFF,
    0x80, 0x00, 0x00, 0xE0, 0x03, 0xFE, 0x00, 0x34, 0x03, 0x80, 0x0F, 0xF8, 0x01, 0xD0, 0x00, 0x00,
    0x3F, 0xE0, 0x1F, 0x40, 0x00, 0x00, 0xFF, 0xFF, 0xFD, 0x00, 0x00, 0x03, 0xFF, 0xFF, 0xF4, 0x00,
    0x00, 0x0F, 0xF8, 0x07, 0xD0, 0x00, 0x00, 0x3F, 0xE0, 0x07, 0x40, 0x00, 0x00, 0xFF, 0x80, 0x0D,
    0x00, 0x3C, 0x03, 0xFE, 0x00, 0x00, 0x00, 0xE0, 0x0F, 0xF8, 0x00, 0x00, 0x07, 0x40, 0x3F, 0xE0,
    0x00, 0x00, 0x2D, 0x00, 0xFF, 0x80, 0x00, 0x00, 0xF0, 0x03, 0xFE, 0x00, 0x00, 0x0F, 0xC0, 0x0F,
    0xF8, 0x00, 0x06, 0xFF, 0x2F, 0xFF, 0xFF, 0xFF, 0xFF, 0xF8, 0xBF, 0xFF, 0xFF, 0xFF, 0xFF, 0xD0,
    0x00, 0x07, 0xE0, 0x0F, 0x80, 0x00, 0x00, 0x3F, 0xD0, 0xFF, 0xC0, 0x00, 0x01, 0xFF, 0x83, 0xFF,
    0x00, 0x00, 0x03, 0xFD, 0x0F, 0xFC, 0x00, 0x00, 0x07, 0xE0, 0x0F, 0xC0, 0x00, 0x00, 0x00, 0x00,
    0x00, 0x00, 0x0B, 0xFF, 0xFF, 0xFF, 0xFF, 0xFC, 0x2F, 0xFF, 0xFF, 0xFF, 0xFF, 0xF0, 0x00, 0xFF,
    0x80, 0x00, 0x6F, 0xC0, 0x03, 0xFE, 0x00, 0x00, 0x1F, 0x00, 0x0F, 0xF8, 0x00, 0x00, 0x2D, 0x00,
    0x3F, 0xE0, 0x00, 0x00, 0x74, 0x00, 0xFF, 0x80, 0x00, 0x00, 0xE0, 0x03, 0xFE, 0x00, 0x34, 0x03,
    0x80, 0x0F, 0xF8, 0x01, 0xD0, 0x00, 0x00, 0x3F, 0xE0, 0x1F, 0x40, 0x00, 0x00, 0xFF, 0xFF, 0xFD,
    0x00, 0x00, 0x03, 0xFF, 0xFF, 0xF4, 0x00, 0x00, 0x0F, 0xF8, 0x07, 0xD0, 0x00, 0x00, 0x3F, 0xE0,
    0x07, 0x40, 0x00, 0x00, 0xFF, 0x80, 0x0D, 0x00, 0x3C, 0x03, 0xFE, 0x00, 0x00, 0x00, 0xE0, 0x0F,
    0xF8, 0x00, 0x00, 0x07, 0x40, 0x3F, 0xE0, 0x00, 0x00, 0x2D, 0x00, 0xFF, 0x80, 0x00, 0x00, 0xF0,
    0x03, 0xFE, 0x00, 0x00, 0x0F, 0xC0, 0x0F, 0xF8, 0x00, 0x06, 0xFF, 0x2F, 0xFF, 0xFF, 0xFF, 0xFF,
    0xF8, 0xBF, 0xFF, 0xFF, 0xFF, 0xFF, 0xD0, 0x2F, 0xFF, 0xFF, 0xFF, 0xFF, 0xFD, 0x00, 0x03, 0xFF,
    0xFF, 0xFF, 0xFF, 0xFF, 0xD0, 0x00, 0x3F, 0x80, 0x0F, 0xF8, 0x00, 0xBE, 0x00, 0x03, 0xD0, 0x00,
    0xFF, 0x80, 0x01, 0xE0, 0x00, 0x38, 0x00, 0x0F, 0xF8, 0x00, 0x0F, 0x00, 0x07, 0x40, 0x00, 0xFF,
    0x80, 0x00, 0xB0, 0x00, 0x70, 0x00, 0x0F, 0xF8, 0x00, 0x00, 0x00, 0x0B, 0x00, 0x00, 0xFF, 0x80,
    0x00, 0x00, 0x00, 0x00, 0x00, 0x0F, 0xF8, 0x06, 0xFF, 0xE4, 0x00, 0x00, 0x00, 0xFF, 0x8B, 0x80,
    0x1F, 0xF4, 0x00, 0x00, 0x0F, 0xFB, 0x80, 0x00, 0x3F, 0xC0, 0x00, 0x00, 0xFF, 0xD0, 0x00, 0x03,
    0xFD, 0x00, 0x00, 0x0F, 0xFC, 0x00, 0x00, 0x2F, 0xE0, 0x00, 0x00, 0xFF, 0x80, 0x00, 0x02, 0xFE,
    0x00, 0x00, 0x0F, 0xF8, 0x00, 0x00, 0x2F, 0xE0, 0x00, 0x00, 0xFF, 0x80, 0x00, 0x02, 0xFE, 0x00,
    0x00, 0x0F, 0xF8, 0x00, 0x00, 0x2F, 0xE0, 0x00, 0x00, 0xFF, 0x80, 0x7E, 0x02, 0xFD, 0x00, 0x00,
    0x0F, 0xF8, 0x0F, 0xF4, 0x2F, 0xC0, 0x00, 0x00, 0xFF, 0x81, 0xFF, 0x83, 0xFC, 0x00, 0x00, 0x0F,
    0xF8, 0x0F, 0xF4, 0x3F, 0x00, 0x03, 0xFF, 0xFF, 0xF4, 0x7D, 0x1F, 0xC0, 0x00, 0x3F, 0xFF, 0xFF,
    0x41, 0xBF, 0x90, 0x00, 0x00, 0x00, 0x00, 0x2E, 0x00, 0x00, 0x00, 0x00, 0x7F, 0xC0, 0x00, 0x00,
    0x00, 0xFF, 0xF0, 0x00, 0x00, 0x00, 0xFF, 0xF4, 0x00, 0x00, 0x00, 0x29, 0x40, 0x00, 0x00, 0x00,
    0x00, 0x00, 0x00, 0x0B, 0xFF, 0xFF, 0xFF, 0xFF, 0xD2, 0xFF, 0xFF, 0xFF, 0xFF, 0xF4, 0x00, 0xFF,
    0x80, 0x01, 0xFE, 0x00, 0x3F, 0xE0, 0x00, 0x0F, 0x80, 0x0F, 0xF8, 0x00, 0x01, 0xF0, 0x03, 0xFE,
    0x00, 0x00, 0x3C, 0x00, 0xFF, 0x80, 0x00, 0x0B, 0x00, 0x3F, 0xE0, 0x00, 0x01, 0xC0, 0x0F, 0xF8,
    0x00, 0x00, 0x00, 0x03, 0xFE, 0x00, 0x00, 0x00, 0x00, 0xFF, 0x80, 0x00, 0x00, 0x00, 0x3F, 0xE0,
    0x00, 0x00, 0x00, 0x0F, 0xF8, 0x00, 0x00, 0x00, 0x03, 0xFE, 0x00, 0x00, 0x00, 0x00, 0xFF, 0x80,
    0x00, 0x00, 0x00, 0x3F, 0xE0, 0x00, 0x00, 0x00, 0x0F, 0xF8, 0x00, 0x00, 0x00, 0x03, 0xFE, 0x00,
    0x00, 0x00, 0x00, 0xFF, 0x80, 0x00, 0x00, 0x00, 0x3F, 0xE0, 0x00, 0x00, 0x00, 0x0F, 0xF8, 0x00,
    0x00, 0x02, 0xFF, 0xFF, 0xFF, 0x00, 0x00, 0xBF, 0xFF, 0xFF, 0xC0, 0x00, 0x00, 0x00, 0x00, 0x6F,
    0xFF, 0x80, 0x0C, 0x00, 0x07, 0xFF, 0xFF, 0xF8, 0x3D, 0x00, 0x3F, 0xF9, 0x00, 0x6F, 0xFD, 0x01,
    0xFF, 0x80, 0x00, 0x03, 0xFD, 0x07, 0xFE, 0x00, 0x00, 0x00, 0xFD, 0x0F, 0xF8, 0x00, 0x00, 0x00,
    0x3D, 0x2F, 0xF0, 0x00, 0x00, 0x00, 0x2D, 0x3F, 0xE0, 0x00, 0x00, 0x00, 0x1C, 0x7F, 0xD0, 0x00,
    0x00, 0x00, 0x00, 0xBF, 0xD0, 0x00, 0x00, 0x00, 0x00, 0xFF, 0xDB, 0xFE, 0x40, 0x00, 0x00, 0xFF,
    0xFF, 0xFF, 0xF8, 0x0B, 0x00, 0xFF, 0xE0, 0x7F, 0xFF, 0xF8, 0x00, 0xFF, 0xD0, 0x0B, 0xFF, 0xC0,
    0x00, 0xBF, 0xD0, 0x00, 0xBE, 0x00, 0x00, 0x7F, 0xE0, 0x00, 0x00, 0x00, 0x00, 0x3F, 0xF0, 0x00,
    0x00, 0x00, 0x1C, 0x1F, 0xF8, 0x00, 0x00, 0x00, 0x2C, 0x0B, 0xFE, 0x00, 0x00, 0x00, 0x3C, 0x02,
    0xFF, 0x80, 0x00, 0x01, 0xF0, 0x00, 0xBF, 0xF9, 0x00, 0x1F, 0xD0, 0x00, 0x0B, 0xFF, 0xFF, 0xFE,
    0x00, 0x00, 0x00, 0x6F, 0xFF, 0x90, 0x00, 0x00, 0x00, 0x00, 0x00, 0x00, 0x2F, 0xFE, 0x42, 0xC0,
    0xBD, 0x00, 0xBF, 0xF0, 0xBC, 0x00, 0x03, 0xFC, 0x7E, 0x00, 0x00, 0x3F, 0x2F, 0x40, 0x00, 0x07,
    0xCF, 0xD0, 0x00, 0x00, 0xF3, 0xFC, 0x00, 0x00, 0x2C, 0xBF, 0xC0, 0x00, 0x00, 0x1F, 0xFF, 0x90,
    0x00, 0x03, 0xFF, 0xFF, 0xE4, 0x00, 0x7F, 0xFF, 0xFF, 0xD0, 0x07, 0xFF, 0xFF, 0xFD, 0x00, 0x2F,
    0xFF, 0xFF, 0xC0, 0x00, 0x1B, 0xFF, 0xF8, 0x00, 0x00, 0x0B, 0xFF, 0x00, 0x00, 0x00, 0x3F, 0xF8,
    0x00, 0x00, 0x07, 0xFF, 0x00, 0x00, 0x01, 0xFB, 0xD0, 0x00, 0x00, 0x7D, 0xFD, 0x00, 0x00, 0x3F,
    0x3F, 0xF9, 0x00, 0x7F, 0x4F, 0x4F, 0xFF, 0xFF, 0x43, 0x40, 0x6F, 0xFE, 0x00, 0x00, 0x00, 0x00,
    0x3F, 0xFF, 0xFF, 0xD0, 0x0F, 0xF8, 0x00, 0x03, 0xFE, 0x00, 0x00, 0xFF, 0x80, 0x00, 0x3F, 0xE0,
    0x00, 0x0F, 0xF8, 0x00, 0x03, 0xFE, 0x00, 0x00, 0xFF, 0x80, 0x00, 0x3F, 0xE0, 0x00, 0x0F, 0xF8,
    0x00, 0x03, 0xFE, 0x00, 0x00, 0xFF, 0x80, 0x00, 0x3F, 0xE0, 0x00, 0x0F, 0xF8, 0x00, 0x03, 0xFE,
    0x00, 0x00, 0xFF, 0x80, 0x00, 0x3F, 0xE0, 0x00, 0x0F, 0xF8, 0x00, 0x03, 0xFE, 0x00, 0x00, 0xFF,
    0x80, 0x00, 0x3F, 0xE0, 0x0F, 0xFF, 0xFF, 0xF7, 0xFF, 0xFF, 0xFD, 0x00, 0x00, 0x00, 0x00, 0xB8,
    0x02, 0xF4, 0x3F, 0xF0, 0x7F, 0xC3, 0xFF, 0x0B, 0xFD, 0x3F, 0xF0, 0x7F, 0xC0, 0xF8, 0x02, 0xF4,
    0x00, 0x00, 0x00, 0x03, 0xFF, 0xFF, 0xFD, 0x00, 0x3F, 0xE0, 0x00, 0x03, 0xFE, 0x00, 0x00, 0x3F,
    0xE0, 0x00, 0x03, 0xFE, 0x00, 0x00, 0x3F, 0xE0, 0x00, 0x03, 0xFE, 0x00, 0x00, 0x3F, 0xE0, 0x00,
    0x03, 0xFE, 0x00, 0x00, 0x3F, 0xE0, 0x00, 0x03, 0xFE, 0x00, 0x00, 0x3F, 0xE0, 0x00, 0x03, 0xFE,
    0x00, 0x00, 0x3F, 0xE0, 0x00, 0x03, 0xFE, 0x00, 0x00, 0x3F, 0xE0, 0x00, 0x03, 0xFE, 0x00, 0x00,
    0x3F, 0xE0, 0x00, 0x03, 0xFE, 0x00, 0x00, 0x3F, 0xE0, 0x00, 0x03, 0xFE, 0x00, 0x3F, 0xFF, 0xFF,
    0xD3, 0xFF, 0xFF, 0xFD, 0x00, 0x00, 0x00, 0x00, 0x00, 0x01, 0xFF, 0xFF, 0xFD, 0x00, 0x00, 0x0F,
    0xF8, 0x00, 0x00, 0x00, 0xFF, 0x80, 0x00, 0x00, 0x0F, 0xF8, 0x00, 0x00, 0x00, 0xFF, 0x80, 0x00,
    0x00, 0x0F, 0xF8, 0x00, 0x00, 0x00, 0xFF, 0x80, 0x00, 0x00, 0x0F, 0xF8, 0x00, 0x00, 0x00, 0xFF,
    0x80, 0x00, 0x00, 0x0F, 0xF8, 0x00, 0x00, 0x00, 0xFF, 0x80, 0x00, 0x00, 0x0F, 0xF8, 0x00, 0x00,
    0x00, 0xFF, 0x80, 0x00, 0x00, 0x0F, 0xF8, 0x00, 0x00, 0x00, 0xFF, 0x80, 0x00, 0x00, 0x0F, 0xF8,
    0x00, 0x00, 0x00, 0xFF, 0x80, 0x1F, 0x80, 0x0F, 0xF8, 0x03, 0xFE, 0x00, 0xFF, 0x80, 0x3F, 0xF0,
    0x0F, 0xF4, 0x03, 0xFD, 0x01, 0xFE, 0x00, 0x0F, 0xC0, 0x7F, 0x80, 0x00, 0x1B, 0xFF, 0x80, 0x00,
    0x00, 0x1F, 0xFF, 0xFF, 0xFF, 0xFF, 0xFD, 0x00, 0x00, 0x00, 0x01, 0xFF, 0xFF, 0xFF, 0xFF, 0xFF,
    0xD0, 0x00, 0x00, 0x00, 0x00, 0x2C, 0x00, 0x03, 0xFF, 0x00, 0x00, 0x00, 0x00, 0x00, 0x02, 0xC0,
    0x00, 0x3F, 0xF0, 0x00, 0x00, 0x00, 0x00, 0x00, 0x3C, 0x00, 0x03, 0xFF, 0x00, 0x00, 0x00, 0x00,
    0x00, 0x03, 0xC0, 0x00, 0x3F, 0xF0, 0x00, 0x00, 0x00, 0x00, 0x00, 0x3C, 0x00, 0x03, 0xFF, 0x00,
    0x00, 0x00, 0x00, 0x00, 0x03, 0x80, 0x00, 0x3F, 0xF0, 0x00, 0x00, 0x00, 0x00, 0x00, 0x38, 0x00,
    0x03, 0xFF, 0x00, 0x00, 0x00, 0x00, 0x00, 0x03, 0x80, 0x00, 0x3F, 0xF0, 0x00, 0x00, 0x00, 0x00,
    0x00, 0x38, 0x00, 0x03, 0xFF, 0xBF, 0xFF, 0x90, 0x00, 0x00, 0x03, 0x80, 0x00, 0x3F, 0xF4, 0x00,
    0xBF, 0xC0, 0x00, 0x00, 0x34, 0x00, 0x03, 0xFF, 0x00, 0x02, 0xFF, 0x00, 0x00, 0x03, 0x40, 0x00,
    0x3F, 0xF0, 0x00, 0x0F, 0xFC, 0x00, 0x00, 0x70, 0x00, 0x03, 0xFF, 0x00, 0x00, 0xBF, 0xD0, 0x00,
    0x0B, 0x00, 0x00, 0x3F, 0xF0, 0x00, 0x0B, 0xFE, 0x00, 0x00, 0xB0, 0x00, 0x03, 0xFF, 0x00, 0x00,
    0xBF, 0xE2, 0xF4, 0x0E, 0x00, 0x00, 0x3F, 0xF0, 0x00, 0x0B, 0xFD, 0xFF, 0xC1, 0xD0, 0x00, 0x03,
    0xFF, 0x00, 0x00, 0xFF, 0xCF, 0xFC, 0x3C, 0x00, 0x00, 0x3F, 0xF0, 0x00, 0x1F, 0xF8, 0xFF, 0x4B,
    0x80, 0x00, 0x03, 0xFF, 0x00, 0x07, 0xFF, 0x07, 0xFF, 0xF0, 0x00, 0x1F, 0xFF, 0xFF, 0xFF, 0xFF,
    0xC0, 0x0B, 0xF8, 0x00, 0x01, 0xFF, 0xFF, 0xFF, 0xFF, 0x90, 0x00, 0x00, 0x00, 0x00, 0x00, 0x00,
    0x00, 0x00, 0x00, 0x00, 0x0B, 0xFF, 0xFF, 0xF0, 0x1F, 0xFF, 0xFF, 0xD0, 0x00, 0x00, 0x00, 0xFF,
    0x80, 0x00, 0x03, 0xFF, 0x00, 0x00, 0x00, 0x00, 0x0F, 0xF8, 0x00, 0x00, 0x3F, 0xF0, 0x00, 0x00,
    0x00, 0x00, 0xFF, 0x80, 0x00, 0x03, 0xFF, 0x00, 0x00, 0x00, 0x00, 0x0F, 0xF8, 0x00, 0x00, 0x3F,
    0xF0, 0x00, 0x00, 0x00, 0x00, 0xFF, 0x80, 0x00, 0x03, 0xFF, 0x00, 0x00, 0x00, 0x00, 0x0F, 0xF8,
    0x00, 0x00, 0x3F, 0xF0, 0x00, 0x00, 0x00, 0x00, 0xFF, 0x80, 0x00, 0x03, 0xFF, 0x00, 0x00, 0x00,
    0x00, 0x0F, 0xF8, 0x00, 0x00, 0x3F, 0xF0, 0x00, 0x00, 0x00, 0x00, 0xFF, 0x80, 0x00, 0x03, 0xFF,
    0x00, 0x00, 0x00, 0x00, 0x0F, 0xFF, 0xFF, 0xFF, 0xFF, 0xFF, 0xFF, 0xF9, 0x00, 0x00, 0xFF, 0xFF,
    0xFF, 0xFF, 0xFF, 0x90, 0x0B, 0xFC, 0x00, 0x0F, 0xF8, 0x00, 0x00, 0x3F, 0xF0, 0x00, 0x2F, 0xF0,
    0x00, 0xFF, 0x80, 0x00, 0x03, 0xFF, 0x00, 0x00, 0xFF, 0xC0, 0x0F, 0xF8, 0x00, 0x00, 0x3F, 0xF0,
    0x00, 0x0B, 0xFD, 0x00, 0xFF, 0x80, 0x00, 0x03, 0xFF, 0x00, 0x00, 0xBF, 0xE0, 0x0F, 0xF8, 0x00,
    0x00, 0x3F, 0xF0, 0x00, 0x0B, 0xFE, 0x00, 0xFF, 0x80, 0x00, 0x03, 0xFF, 0x00, 0x00, 0xBF, 0xD0,
    0x0F, 0xF8, 0x00, 0x00, 0x3F, 0xF0, 0x00, 0x0F, 0xFC, 0x00, 0xFF, 0x80, 0x00, 0x03, 0xFF, 0x00,
    0x01, 0xFF, 0xC0, 0x0F, 0xF8, 0x00, 0x00, 0x3F, 0xF0, 0x00, 0x7F, 0xF0, 0xBF, 0xFF, 0xFF, 0x01,
    0xFF, 0xFF, 0xFF, 0xFF, 0xFC, 0x0B, 0xFF, 0xFF, 0xF0, 0x1F, 0xFF, 0xFF, 0xFF, 0xF9, 0x00, 0x2F,
    0xFF, 0xFF, 0xFF, 0xFF, 0xF0, 0x00, 0x3F, 0xFF, 0xFF, 0xFF, 0xFF, 0xF4, 0x00, 0x3F, 0x40, 0xFF,
    0xC0, 0x02, 0xF4, 0x00, 0x3C, 0x00, 0xFF, 0xC0, 0x00, 0xB8, 0x00, 0x38, 0x00, 0xFF, 0xC0, 0x00,
    0x38, 0x00, 0x74, 0x00, 0xFF, 0xC0, 0x00, 0x3C, 0x00, 0x70, 0x00, 0xFF, 0xC0, 0x00, 0x00, 0x00,
    0xB0, 0x00, 0xFF, 0xC0, 0x00, 0x00, 0x00, 0x00, 0x00, 0xFF, 0xC0, 0xBF, 0xE4, 0x00, 0x00, 0x00,
    0xFF, 0xCB, 0x40, 0xFE, 0x00, 0x00, 0x00, 0xFF, 0xE8, 0x00, 0x3F, 0x40, 0x00, 0x00, 0xFF, 0xF0,
    0x00, 0x3F, 0x80, 0x00, 0x00, 0xFF, 0xD0, 0x00, 0x3F, 0xC0, 0x00, 0x00, 0xFF, 0xC0, 0x00, 0x3F,
    0xC0, 0x00, 0x00, 0xFF, 0xC0, 0x00, 0x3F, 0xC0, 0x00, 0x00, 0xFF, 0xC0, 0x00, 0x3F, 0xC0, 0x00,
    0x00, 0xFF, 0xC0, 0x00, 0x3F, 0xC0, 0x00, 0x00, 0xFF, 0xC0, 0x00, 0x3F, 0xC0, 0x00, 0x00, 0xFF,
    0xC0, 0x00, 0x3F, 0xC0, 0x00, 0x00, 0xFF, 0xC0, 0x00, 0x3F, 0xC0, 0x00, 0x00, 0xFF, 0xC0, 0x00,
    0x3F, 0xC0, 0x00, 0x00, 0xFF, 0xC0, 0x00, 0x3F, 0xC0, 0x00, 0x7F, 0xFF, 0xFE, 0x0B, 0xFF, 0xFE,
    0x00, 0x00, 0x00, 0x00, 0x00, 0x00, 0x00, 0x00, 0x00, 0x00, 0x00, 0xB8, 0x00, 0x00, 0x00, 0x00,
    0x00, 0x07, 0xFD, 0x00, 0x00, 0x00, 0x00, 0x00, 0x7F, 0xFD, 0x00, 0x00, 0x00, 0x00, 0x00, 0xBE,
    0x94, 0x00, 0x00, 0x00, 0x00, 0x00, 0x00, 0x00, 0x00, 0x00, 0xBF, 0xFF, 0xFF, 0x00, 0x0B, 0xFF,
    0xF8, 0xBF, 0xFF, 0xFF, 0x00, 0x0B, 0xFF, 0xF8, 0x00, 0xFF, 0x80, 0x00, 0x00, 0xBD, 0x00, 0x00,
    0xFF, 0x80, 0x00, 0x02, 0xE0, 0x00, 0x00, 0xFF, 0x80, 0x00, 0x0F, 0x80, 0x00, 0x00, 0xFF, 0x80,
    0x00, 0x3D, 0x00, 0x00, 0x00, 0xFF, 0x80, 0x01, 0xF0, 0x00, 0x00, 0x00, 0xFF, 0x80, 0x0B, 0xC0,
    0x00, 0x00, 0x00, 0xFF, 0x80, 0x2E, 0x00, 0x00, 0x00, 0x00, 0xFF, 0x80, 0xFD, 0x00, 0x00, 0x00,
    0x00, 0xFF, 0x87, 0xFF, 0x00, 0x00, 0x00, 0x00, 0xFF, 0x9F, 0xFF, 0xC0, 0x00, 0x00, 0x00, 0xFF,
    0xF8, 0x7F, 0xE0, 0x00, 0x00, 0x00, 0xFF, 0xE0, 0x2F, 0xF8, 0x00, 0x00, 0x00, 0xFF, 0x80, 0x0F,
    0xFD, 0x00, 0x00, 0x00, 0xFF, 0x80, 0x03, 0xFF, 0x00, 0x00, 0x00, 0xFF, 0x80, 0x01, 0xFF, 0xC0,
    0x00, 0x00, 0xFF, 0x80, 0x00, 0xBF, 0xE0, 0x00, 0x00, 0xFF, 0x80, 0x00, 0x3F, 0xF4, 0x00, 0x00,
    0xFF, 0x80, 0x00, 0x0F, 0xFC, 0x00, 0x00, 0xFF, 0x80, 0x00, 0x07, 0xFF, 0x00, 0xBF, 0xFF, 0xFF,
    0x00, 0xBF, 0xFF, 0xFC, 0xBF, 0xFF, 0xFF, 0x00, 0xBF, 0xFF, 0xFC, 0x00, 0x00, 0x07, 0x80, 0x00,
    0x00, 0x00, 0x00, 0x00, 0x0F, 0xF8, 0x00, 0x00, 0x00, 0x00, 0x00, 0x0F, 0xFF, 0x40, 0x00, 0x00,
    0x00, 0x00, 0x07, 0xFF, 0xC0, 0x00, 0x00, 0x00, 0x00, 0x00, 0x00, 0x00, 0x00, 0x00, 0x00, 0x00,
    0x00, 0x00, 0x00, 0x00, 0x00, 0xBF, 0xFF, 0xFF, 0x01, 0xFF, 0xFF, 0xFD, 0x00, 0xFF, 0x80, 0x00,
    0x03, 0xFF, 0x00, 0x00, 0xFF, 0x80, 0x00, 0x0F, 0xFF, 0x00, 0x00, 0xFF, 0x80, 0x00, 0x1F, 0xFF,
    0x00, 0x00, 0xFF, 0x80, 0x00, 0x3F, 0xFF, 0x00, 0x00, 0xFF, 0x80, 0x00, 0xB7, 0xFF, 0x00, 0x00,
    0xFF, 0x80, 0x01, 0xE3, 0xFF, 0x00, 0x00, 0xFF, 0x80, 0x03, 0xC3, 0xFF, 0x00, 0x00, 0xFF, 0x80,
    0x0B, 0x43, 0xFF, 0x00, 0x00, 0xFF, 0x80, 0x0F, 0x03, 0xFF, 0x00, 0x00, 0xFF, 0x80, 0x3C, 0x03,
    0xFF, 0x00, 0x00, 0xFF, 0x80, 0x78, 0x03, 0xFF, 0x00, 0x00, 0xFF, 0x80, 0xF0, 0x03, 0xFF, 0x00,
    0x00, 0xFF, 0x82, 0xD0, 0x03, 0xFF, 0x00, 0x00, 0xFF, 0x87, 0x80, 0x03, 0xFF, 0x00, 0x00, 0xFF,
    0x8F, 0x00, 0x03, 0xFF, 0x00, 0x00, 0xFF, 0xAD, 0x00, 0x03, 0xFF, 0x00, 0x00, 0xFF, 0xFC, 0x00,
    0x03, 0xFF, 0x00, 0x00, 0xFF, 0xF0, 0x00, 0x03, 0xFF, 0x00, 0x00, 0xFF, 0xE0, 0x00, 0x03, 0xFF,
    0x00, 0x00, 0xFF, 0xC0, 0x00, 0x03, 0xFF, 0x00, 0xBF, 0xFF, 0xFF, 0x01, 0xFF, 0xFF, 0xFD, 0xBF,
    0xFF, 0xFF, 0x01, 0xFF, 0xFF, 0xFD, 0x00, 0x00, 0x1F, 0x80, 0x2F, 0x00, 0x00, 0x00, 0x00, 0xFF,
    0x42, 0xFF, 0x00, 0x00, 0x00, 0x03, 0xFE, 0x0F, 0xFC, 0x00, 0x00, 0x00, 0x0F, 0xF4, 0x2F, 0xE0,
    0x00, 0x00, 0x00, 0x0F, 0x80, 0x3E, 0x00, 0x00, 0x00, 0x00, 0x06, 0xFF, 0x90, 0x00, 0x00, 0x00,
    0x00, 0x00, 0x00, 0x00, 0x00, 0x3F, 0xFF, 0xFF, 0x00, 0x00, 0xFF, 0xFF, 0xFF, 0xFF, 0xFC, 0x00,
    0x03, 0xFF, 0xFC, 0x0B, 0xFE, 0x00, 0x00, 0x00, 0x7C, 0x00, 0x0F, 0xFD, 0x00, 0x00, 0x02, 0xD0,
    0x00, 0x0F, 0xFC, 0x00, 0x00, 0x0F, 0x00, 0x00, 0x1F, 0xF8, 0x00, 0x00, 0xB4, 0x00, 0x00, 0x2F,
    0xF4, 0x00, 0x03, 0xC0, 0x00, 0x00, 0x3F, 0xF0, 0x00, 0x1E, 0x00, 0x00, 0x00, 0x7F, 0xF0, 0x00,
    0xF0, 0x00, 0x00, 0x00, 0xBF, 0xE0, 0x07, 0x80, 0x00, 0x00, 0x00, 0xFF, 0xD0, 0x2D, 0x00, 0x00,
    0x00, 0x00, 0xFF, 0xC0, 0xF0, 0x00, 0x00, 0x00, 0x02, 0xFF, 0x8B, 0x40, 0x00, 0x00, 0x00, 0x03,
    0xFF, 0x7C, 0x00, 0x00, 0x00, 0x00, 0x03, 0xFF, 0xE0, 0x00, 0x00, 0x00, 0x00, 0x07, 0xFF, 0x00,
    0x00, 0x00, 0x00, 0x00, 0x0B, 0xF8, 0x00, 0x00, 0x00, 0x1F, 0x80, 0x0F, 0xC0, 0x00, 0x00, 0x00,
    0xFF, 0x80, 0x2E, 0x00, 0x00, 0x00, 0x07, 0xFE, 0x01, 0xF0, 0x00, 0x00, 0x00, 0x0F, 0xE0, 0x6F,
    0x00, 0x00, 0x00, 0x00, 0x1F, 0xFF, 0xF0, 0x00, 0x00, 0x00, 0x00, 0x0B, 0xF9, 0x00, 0x00, 0x00,
    0x00, 0x00, 0x00, 0x00, 0x00, 0x00, 0x00, 0x00, 0xBF, 0xFF, 0xFF, 0x01, 0xFF, 0xFF, 0xFD, 0x00,
    0xFF, 0x80, 0x00, 0x03, 0xFF, 0x00, 0x00, 0xFF, 0x80, 0x00, 0x03, 0xFF, 0x00, 0x00, 0xFF, 0x80,
    0x00, 0x03, 0xFF, 0x00, 0x00, 0xFF, 0x80, 0x00, 0x03, 0xFF, 0x00, 0x00, 0xFF, 0x80, 0x00, 0x03,
    0xFF, 0x00, 0x00, 0xFF, 0x80, 0x00, 0x03, 0xFF, 0x00, 0x00, 0xFF, 0x80, 0x00, 0x03, 0xFF, 0x00,
    0x00, 0xFF, 0x80, 0x00, 0x03, 0xFF, 0x00, 0x00, 0xFF, 0x80, 0x00, 0x03, 0xFF, 0x00, 0x00, 0xFF,
    0x80, 0x00, 0x03, 0xFF, 0x00, 0x00, 0xFF, 0x80, 0x00, 0x03, 0xFF, 0x00, 0x00, 0xFF, 0x80, 0x00,
    0x03, 0xFF, 0x00, 0x00, 0xFF, 0x80, 0x00, 0x03, 0xFF, 0x00, 0x00, 0xFF, 0x80, 0x00, 0x03, 0xFF,
    0x00, 0x00, 0xFF, 0x80, 0x00, 0x03, 0xFF, 0x00, 0x00, 0xFF, 0x80, 0x00, 0x03, 0xFF, 0x00, 0x00,
    0xFF, 0x80, 0x00, 0x03, 0xFF, 0x00, 0x00, 0xFF, 0x80, 0x00, 0x03, 0xFF, 0x00, 0x00, 0xFF, 0x80,
    0x00, 0x03, 0xFF, 0x00, 0x00, 0xFF, 0x80, 0x00, 0x03, 0xFF, 0x00, 0x00, 0xFF, 0x80, 0x00, 0x03,
    0xFF, 0x00, 0xBF, 0xFF, 0xFF, 0xFF, 0xFF, 0xFF, 0xFD, 0x00, 0x00, 0x00, 0xFF, 0x00, 0x00, 0x00,
    0x00, 0x00, 0x00, 0xFD, 0x00, 0x00, 0x00, 0x00, 0x00, 0x00, 0x7C, 0x00, 0x00, 0x00, 0x00, 0x00,
    0x00, 0x7C, 0x00, 0x00, 0x00, 0x00, 0x00, 0x00, 0x3C, 0x00, 0x00, 0x00, 0x00, 0x00, 0x00, 0x38,
    0x00, 0x00, 0x00, 0x00, 0x00, 0x00, 0x38, 0x00, 0x00, 0x00, 0x00, 0x00, 0x00, 0xB4, 0x00, 0x00,
    0x00, 0x00, 0x00, 0x03, 0xF0, 0x00, 0x00, 0x00, 0x00, 0x00, 0x2F, 0xD0, 0x00, 0x00, 0x00, 0x00,
    0x00, 0xFF, 0xC0, 0x00, 0x00, 0x00, 0x00, 0x07, 0xFF, 0x00, 0x00, 0x00, 0x00, 0x00, 0x3F, 0xFE,
    0x00, 0x00, 0x00, 0x00, 0x01, 0xEF, 0xFC, 0x00, 0x00, 0x00, 0x00, 0x0F, 0x2F, 0xF4, 0x00, 0x00,
    0x00, 0x00, 0x3C, 0x3F, 0xF0, 0x00, 0x00, 0x00, 0x02, 0xD0, 0xBF, 0xD0, 0x00, 0x00, 0x00, 0x0F,
    0x01, 0xFF, 0x80, 0x00, 0x00, 0x00, 0x78, 0x03, 0xFF, 0x00, 0x00, 0x00, 0x03, 0xC0, 0x07, 0xFE,
    0x00, 0x00, 0x00, 0x1E, 0x00, 0x0F, 0xFC, 0x00, 0x00, 0x00, 0xB4, 0x00, 0x2F, 0xF4, 0x00, 0x00,
    0x03, 0xFF, 0xFF, 0xFF, 0xF0, 0x00, 0x00, 0x2F, 0xFF, 0xFF, 0xFF, 0xC0, 0x00, 0x00, 0xF0, 0x00,
    0x02, 0xFF, 0x80, 0x00, 0x07, 0x80, 0x00, 0x03, 0xFF, 0x00, 0x00, 0x3C, 0x00, 0x00, 0x0B, 0xFD,
    0x00, 0x01, 0xF0, 0x00, 0x00, 0x0F, 0xFC, 0x02, 0xFF, 0xFE, 0x00, 0x0F, 0xFF, 0xFF, 0xDB, 0xFF,
    0xF8, 0x00, 0x3F, 0xFF, 0xFF, 0x40, 0xBF, 0xFF, 0xFF, 0xFF, 0xFF, 0xC0, 0xBF, 0xFF, 0xFF, 0xFF,
    0xFF, 0xC0, 0x00, 0xFF, 0x00, 0x00, 0x7F, 0xC0, 0x00, 0xFF, 0x00, 0x00, 0x0B, 0xC0, 0x00, 0xFF,
    0x00, 0x00, 0x03, 0xD0, 0x00, 0xFF, 0x00, 0x00, 0x01, 0xD0, 0x00, 0xFF, 0x00, 0x00, 0x00, 0xE0,
    0x00, 0xFF, 0x00, 0x00, 0x00, 0xE0, 0x00, 0xFF, 0x00, 0x00, 0x00, 0x00, 0x00, 0xFF, 0x00, 0x00,
    0x00, 0x00, 0x00, 0xFF, 0xFF, 0xFF, 0xF9, 0x00, 0x00, 0xFF, 0x90, 0x01, 0xBF, 0xD0, 0x00, 0xFF,
    0x00, 0x00, 0x2F, 0xF4, 0x00, 0xFF, 0x00, 0x00, 0x0F, 0xFC, 0x00, 0xFF, 0x00, 0x00, 0x07, 0xFE,
    0x00, 0xFF, 0x00, 0x00, 0x07, 0xFF, 0x00, 0xFF, 0x00, 0x00, 0x03, 0xFF, 0x00, 0xFF, 0x00, 0x00,
    0x07, 0xFE, 0x00, 0xFF, 0x00, 0x00, 0x0B, 0xFD, 0x00, 0xFF, 0x00, 0x00, 0x1F, 0xFC, 0x00, 0xFF,
    0x00, 0x00, 0x7F, 0xF0, 0xBF, 0xFF, 0xFF, 0xFF, 0xFF, 0xC0, 0xBF, 0xFF, 0xFF, 0xFF, 0xF9, 0x00,
    0xBF, 0xFF, 0xFF, 0xFF, 0xE4, 0x00, 0xBF, 0xFF, 0xFF, 0xFF, 0xFF, 0x40, 0x00, 0xFF, 0x00, 0x00,
    0xBF, 0xD0, 0x00, 0xFF, 0x00, 0x00, 0x2F, 0xF0, 0x00, 0xFF, 0x00, 0x00, 0x0F, 0xF4, 0x00, 0xFF,
    0x00, 0x00, 0x0F, 0xF8, 0x00, 0xFF, 0x00, 0x00, 0x0F, 0xFC, 0x00, 0xFF, 0x00, 0x00, 0x0F, 0xF8,
    0x00, 0xFF, 0x00, 0x00, 0x1F, 0xF0, 0x00, 0xFF, 0x00, 0x00, 0x3F, 0xD0, 0x00, 0xFF, 0x00, 0x01,
    0xFE, 0x00, 0x00, 0xFF, 0xFF, 0xFF, 0xF4, 0x00, 0x00, 0xFF, 0x00, 0x00, 0x7F, 0x80, 0x00, 0xFF,
    0x00, 0x00, 0x0F, 0xF4, 0x00, 0xFF, 0x00, 0x00, 0x07, 0xFC, 0x00, 0xFF, 0x00, 0x00, 0x03, 0xFE,
    0x00, 0xFF, 0x00, 0x00, 0x03, 0xFF, 0x00, 0xFF, 0x00, 0x00, 0x03, 0xFF, 0x00, 0xFF, 0x00, 0x00,
    0x07, 0xFE, 0x00, 0xFF, 0x00, 0x00, 0x0F, 0xFC, 0x00, 0xFF, 0x00, 0x00, 0x7F, 0xF4, 0xBF, 0xFF,
    0xFF, 0xFF, 0xFF, 0xD0, 0xBF, 0xFF, 0xFF, 0xFF, 0xF9, 0x00, 0xBF, 0xFF, 0xFF, 0xFF, 0xFD, 0x2F,
    0xFF, 0xFF, 0xFF, 0xFF, 0x40, 0x0F, 0xF8, 0x00, 0x1F, 0xE0, 0x03, 0xFE, 0x00, 0x00, 0xF8, 0x00,
    0xFF, 0x80, 0x00, 0x1F, 0x00, 0x3F, 0xE0, 0x00, 0x03, 0xC0, 0x0F, 0xF8, 0x00, 0x00, 0xB0, 0x03,
    0xFE, 0x00, 0x00, 0x1C, 0x00, 0xFF, 0x80, 0x00, 0x00, 0x00, 0x3F, 0xE0, 0x00, 0x00, 0x00, 0x0F,
    0xF8, 0x00, 0x00, 0x00, 0x03, 0xFE, 0x00, 0x00, 0x00, 0x00, 0xFF, 0x80, 0x00, 0x00, 0x00, 0x3F,
    0xE0, 0x00, 0x00, 0x00, 0x0F, 0xF8, 0x00, 0x00, 0x00, 0x03, 0xFE, 0x00, 0x00, 0x00, 0x00, 0xFF,
    0x80, 0x00, 0x00, 0x00, 0x3F, 0xE0, 0x00, 0x00, 0x00, 0x0F, 0xF8, 0x00, 0x00, 0x00, 0x03, 0xFE,
    0x00, 0x00, 0x00, 0x00, 0xFF, 0x80, 0x00, 0x00, 0x2F, 0xFF, 0xFF, 0xF0, 0x00, 0x0B, 0xFF, 0xFF,
    0xFC, 0x00, 0x00, 0x00, 0x01, 0xFF, 0xFF, 0xFF, 0xFF, 0xFF, 0xD0, 0x00, 0x07, 0xFF, 0xFF, 0xFF,
    0xFF, 0xFF, 0x40, 0x00, 0x00, 0x2C, 0x00, 0x03, 0xFF, 0x00, 0x00, 0x00, 0x00, 0xB0, 0x00, 0x0F,
    0xFC, 0x00, 0x00, 0x00, 0x03, 0xC0, 0x00, 0x3F, 0xF0, 0x00, 0x00, 0x00, 0x0E, 0x00, 0x00, 0xFF,
    0xC0, 0x00, 0x00, 0x00, 0x38, 0x00, 0x03, 0xFF, 0x00, 0x00, 0x00, 0x00, 0xE0, 0x00, 0x0F, 0xFC,
    0x00, 0x00, 0x00, 0x03, 0x40, 0x00, 0x3F, 0xF0, 0x00, 0x00, 0x00, 0x0D, 0x00, 0x00, 0xFF, 0xC0,
    0x00, 0x00, 0x00, 0x70, 0x00, 0x03, 0xFF, 0x00, 0x00, 0x00, 0x02, 0xC0, 0x00, 0x0F, 0xFC, 0x00,
    0x00, 0x00, 0x0F, 0x00, 0x00, 0x3F, 0xF0, 0x00, 0x00, 0x00, 0x38, 0x00, 0x00, 0xFF, 0xC0, 0x00,
    0x00, 0x01, 0xD0, 0x00, 0x03, 0xFF, 0x00, 0x00, 0x00, 0x0B, 0x00, 0x00, 0x0F, 0xFC, 0x00, 0x00,
    0x00, 0x38, 0x00, 0x00, 0x3F, 0xF0, 0x00, 0x00, 0x02, 0xC0, 0x00, 0x00, 0xFF, 0xC0, 0x00, 0x00,
    0x0E, 0x00, 0x00, 0x03, 0xFF, 0x00, 0x00, 0x00, 0xF0, 0x00, 0x00, 0x0F, 0xFC, 0x00, 0x00, 0x0B,
    0x40, 0x00, 0x00, 0x3F, 0xF0, 0x00, 0x00, 0xB4, 0x00, 0x00, 0x00, 0xFF, 0xC0, 0x00, 0xFF, 0xFF,
    0xFF, 0xFF, 0xFF, 0xFF, 0xFF, 0x07, 0xF8, 0x00, 0x00, 0x00, 0x00, 0x07, 0xFC, 0x1F, 0x40, 0x00,
    0x00, 0x00, 0x00, 0x02, 0xF0, 0xB4, 0x00, 0x00, 0x00, 0x00, 0x00, 0x03, 0xC2, 0xC0, 0x00, 0x00,
    0x00, 0x00, 0x00, 0x07, 0x4F, 0x00, 0x00, 0x00, 0x00, 0x00, 0x00, 0x0D, 0x38, 0x00, 0x00, 0x00,
    0x00, 0x00, 0x00, 0x38, 0xE0, 0x00, 0x00, 0x00, 0x00, 0x00, 0x00, 0xE0, 0xBF, 0xFF, 0xFF, 0xFF,
    0xFF, 0xC2, 0xFF, 0xFF, 0xFF, 0xFF, 0xFF, 0x00, 0x0F, 0xF8, 0x00, 0x06, 0xFC, 0x00, 0x3F, 0xE0,
    0x00, 0x01, 0xF0, 0x00, 0xFF, 0x80, 0x00, 0x02, 0xD0, 0x03, 0xFE, 0x00, 0x00, 0x07, 0x40, 0x0F,
    0xF8, 0x00, 0x00, 0x0E, 0x00, 0x3F, 0xE0, 0x03, 0x40, 0x38, 0x00, 0xFF, 0x80, 0x1D, 0x00, 0x00,
    0x03, 0xFE, 0x01, 0xF4, 0x00, 0x00, 0x0F, 0xFF, 0xFF, 0xD0, 0x00, 0x00, 0x3F, 0xFF, 0xFF, 0x40,
    0x00, 0x00, 0xFF, 0x80, 0x7D, 0x00, 0x00, 0x03, 0xFE, 0x00, 0x74, 0x00, 0x00, 0x0F, 0xF8, 0x00,
    0xD0, 0x03, 0xC0, 0x3F, 0xE0, 0x00, 0x00, 0x0E, 0x00, 0xFF, 0x80, 0x00, 0x00, 0x74, 0x03, 0xFE,
    0x00, 0x00, 0x02, 0xD0, 0x0F, 0xF8, 0x00, 0x00, 0x0F, 0x00, 0x3F, 0xE0, 0x00, 0x00, 0xFC, 0x00,
    0xFF, 0x80, 0x00, 0x6F, 0xF2, 0xFF, 0xFF, 0xFF, 0xFF, 0xFF, 0x8B, 0xFF, 0xFF, 0xFF, 0xFF, 0xFD,
    0x00, 0x3F, 0xFF, 0xD0, 0x01, 0xFF, 0xFF, 0xFD, 0x00, 0x1F, 0xFF, 0xF0, 0xFF, 0xFF, 0x40, 0x07,
    0xFF, 0xFF, 0xF4, 0x00, 0x7F, 0xFF, 0xC0, 0x07, 0xD0, 0x00, 0x00, 0x3F, 0xF0, 0x00, 0x00, 0x1F,
    0x40, 0x00, 0x03, 0xD0, 0x00, 0x00, 0xFF, 0xC0, 0x00, 0x01, 0xF0, 0x00, 0x00, 0x03, 0xE0, 0x00,
    0x03, 0xFF, 0x00, 0x00, 0x2F, 0x00, 0x00, 0x00, 0x02, 0xF0, 0x00, 0x0F, 0xFC, 0x00, 0x02, 0xE0,
    0x00, 0x00, 0x00, 0x01, 0xF0, 0x00, 0x3F, 0xF0, 0x00, 0x3D, 0x00, 0x00, 0x00, 0x00, 0x00, 0xF4,
    0x00, 0xFF, 0xC0, 0x07, 0xD0, 0x00, 0x00, 0x00, 0x00, 0x00, 0xF8, 0x03, 0xFF, 0x00, 0xBC, 0x00,
    0x00, 0x00, 0x00, 0x00, 0x02, 0xF8, 0x0F, 0xFC, 0x0B, 0xE0, 0x00, 0x00, 0x00, 0x00, 0x00, 0x1F,
    0xFC, 0x3F, 0xF0, 0xFF, 0xE0, 0x00, 0x00, 0x00, 0x00, 0x01, 0xFF, 0xFD, 0xFF, 0xDF, 0xFF, 0xD0,
    0x00, 0x00, 0x00, 0x00, 0x0F, 0xFC, 0x3F, 0xFF, 0xF0, 0xFF, 0xC0, 0x00, 0x00, 0x00, 0x00, 0xFF,
    0xD0, 0x2F, 0xFE, 0x01, 0xFF, 0xC0, 0x00, 0x00, 0x00, 0x0B, 0xFE, 0x00, 0x3F, 0xF0, 0x02, 0xFF,
    0x80, 0x00, 0x00, 0x00, 0x7F, 0xF0, 0x00, 0xFF, 0xC0, 0x03, 0xFF, 0x40, 0x00, 0x00, 0x03, 0xFF,
    0x00, 0x03, 0xFF, 0x00, 0x03, 0xFF, 0x00, 0x00, 0x00, 0x3F, 0xF4, 0x00, 0x0F, 0xFC, 0x00, 0x03,
    0xFF, 0x00, 0x00, 0x02, 0xFF, 0x40, 0x00, 0x3F, 0xF0, 0x00, 0x07, 0xFF, 0x00, 0x00, 0x2F, 0xF8,
    0x00, 0x00, 0xFF, 0xC0, 0x00, 0x0B, 0xFE, 0x00, 0x01, 0xFF, 0xC0, 0x00, 0x03, 0xFF, 0x00, 0x00,
    0x0F, 0xFD, 0x01, 0xFF, 0xFF, 0xF0, 0x07, 0xFF, 0xFF, 0xF4, 0x03, 0xFF, 0xFF, 0xD7, 0xFF, 0xFF,
    0xC0, 0x1F, 0xFF, 0xFF, 0xD0, 0x0F, 0xFF, 0xFF, 0x40, 0x28, 0x06, 0xFF, 0xE4, 0x00, 0x0B, 0xDF,
    0xFF, 0xFF, 0xE0, 0x02, 0xFF, 0x90, 0x07, 0xFE, 0x00, 0xBF, 0x00, 0x00, 0x3F, 0xE0, 0x2F, 0x00,
    0x00, 0x0B, 0xFC, 0x0B, 0x80, 0x00, 0x01, 0xFF, 0x42, 0xD0, 0x00, 0x00, 0x3F, 0xE0, 0xB0, 0x00,
    0x00, 0x1F, 0xF4, 0x00, 0x00, 0x00, 0x0B, 0xFC, 0x00, 0x00, 0x00, 0x07, 0xFC, 0x00, 0x00, 0x00,
    0x0B, 0xF8, 0x00, 0x00, 0x1F, 0xFF, 0xE0, 0x00, 0x00, 0x00, 0x00, 0x7F, 0xD0, 0x00, 0x00, 0x00,
    0x02, 0xFF, 0x00, 0x00, 0x00, 0x00, 0x3F, 0xF0, 0x00, 0x00, 0x00, 0x07, 0xFD, 0x38, 0x00, 0x00,
    0x01, 0xFF, 0x8F, 0x00, 0x00, 0x00, 0x7F, 0xD3, 0xC0, 0x00, 0x00, 0x3F, 0xF0, 0x7C, 0x00, 0x00,
    0x2F, 0xF8, 0x0B, 0xE4, 0x00, 0x7F, 0xF8, 0x00, 0x7F, 0xFF, 0xFF, 0xF4, 0x00, 0x01, 0xBF, 0xFE,
    0x40, 0x00, 0x00, 0x00, 0x00, 0x00, 0x00, 0x00, 0x00, 0xBF, 0xFF, 0xFF, 0x01, 0xFF, 0xFF, 0xFD,
    0x00, 0xFF, 0x80, 0x00, 0x03, 0xFF, 0x00, 0x00, 0xFF, 0x80, 0x00, 0x0F, 0xFF, 0x00, 0x00, 0xFF,
    0x80, 0x00, 0x1F, 0xFF, 0x00, 0x00, 0xFF, 0x80, 0x00, 0x3F, 0xFF, 0x00, 0x00, 0xFF, 0x80, 0x00,
    0xB7, 0xFF, 0x00, 0x00, 0xFF, 0x80, 0x01, 0xE3, 0xFF, 0x00, 0x00, 0xFF, 0x80, 0x03, 0xC3, 0xFF,
    0x00, 0x00, 0xFF, 0x80, 0x0B, 0x43, 0xFF, 0x00, 0x00, 0xFF, 0x80, 0x0F, 0x03, 0xFF, 0x00, 0x00,
    0xFF, 0x80, 0x3C, 0x03, 0xFF, 0x00, 0x00, 0xFF, 0x80, 0x78, 0x03, 0xFF, 0x00, 0x00, 0xFF, 0x80,
    0xF0, 0x03, 0xFF, 0x00, 0x00, 0xFF, 0x82, 0xD0, 0x03, 0xFF, 0x00, 0x00, 0xFF, 0x87, 0x80, 0x03,
    0xFF, 0x00, 0x00, 0xFF, 0x8F, 0x00, 0x03, 0xFF, 0x00, 0x00, 0xFF, 0xAD, 0x00, 0x03, 0xFF, 0x00,
    0x00, 0xFF, 0xFC, 0x00, 0x03, 0xFF, 0x00, 0x00, 0xFF, 0xF0, 0x00, 0x03, 0xFF, 0x00, 0x00, 0xFF,
    0xE0, 0x00, 0x03, 0xFF, 0x00, 0x00, 0xFF, 0xC0, 0x00, 0x03, 0xFF, 0x00, 0xBF, 0xFF, 0xFF, 0x01,
    0xFF, 0xFF, 0xFD, 0xBF, 0xFF, 0xFF, 0x01, 0xFF, 0xFF, 0xFD, 0x00, 0x00, 0x7E, 0x00, 0xBC, 0x00,
    0x00, 0x00, 0x00, 0xFF, 0x42, 0xFE, 0x00, 0x00, 0x00, 0x00, 0xFF, 0x83, 0xFF, 0x00, 0x00, 0x00,
    0x00, 0xFF, 0x42, 0xFE, 0x00, 0x00, 0x00, 0x00, 0x3F, 0x00, 0xF8, 0x00, 0x00, 0x00, 0x00, 0x06,
    0xFF, 0x90, 0x00, 0x00, 0x00, 0x00, 0x00, 0x00, 0x00, 0x00, 0x00, 0xBF, 0xFF, 0xFF, 0x01, 0xFF,
    0xFF, 0xFD, 0x00, 0xFF, 0x80, 0x00, 0x03, 0xFF, 0x00, 0x00, 0xFF, 0x80, 0x00, 0x0F, 0xFF, 0x00,
    0x00, 0xFF, 0x80, 0x00, 0x1F, 0xFF, 0x00, 0x00, 0xFF, 0x80, 0x00, 0x3F, 0xFF, 0x00, 0x00, 0xFF,
    0x80, 0x00, 0xB7, 0xFF, 0x00, 0x00, 0xFF, 0x80, 0x01, 0xE3, 0xFF, 0x00, 0x00, 0xFF, 0x80, 0x03,
    0xC3, 0xFF, 0x00, 0x00, 0xFF, 0x80, 0x0B, 0x43, 0xFF, 0x00, 0x00, 0xFF, 0x80, 0x0F, 0x03, 0xFF,
    0x00, 0x00, 0xFF, 0x80, 0x3C, 0x03, 0xFF, 0x00, 0x00, 0xFF, 0x80, 0x78, 0x03, 0xFF, 0x00, 0x00,
    0xFF, 0x80, 0xF0, 0x03, 0xFF, 0x00, 0x00, 0xFF, 0x82, 0xD0, 0x03, 0xFF, 0x00, 0x00, 0xFF, 0x87,
    0x80, 0x03, 0xFF, 0x00, 0x00, 0xFF, 0x8F, 0x00, 0x03, 0xFF, 0x00, 0x00, 0xFF, 0xAD, 0x00, 0x03,
    0xFF, 0x00, 0x00, 0xFF, 0xFC, 0x00, 0x03, 0xFF, 0x00, 0x00, 0xFF, 0xF0, 0x00, 0x03, 0xFF, 0x00,
    0x00, 0xFF, 0xE0, 0x00, 0x03, 0xFF, 0x00, 0x00, 0xFF, 0xC0, 0x00, 0x03, 0xFF, 0x00, 0xBF, 0xFF,
    0xFF, 0x01, 0xFF, 0xFF, 0xFD, 0xBF, 0xFF, 0xFF, 0x01, 0xFF, 0xFF, 0xFD, 0xBF, 0xFF, 0xFF, 0x00,
    0x0B, 0xFF, 0xF8, 0xBF, 0xFF, 0xFF, 0x00, 0x0B, 0xFF, 0xF8, 0x00, 0xFF, 0x80, 0x00, 0x00, 0xBD,
    0x00, 0x00, 0xFF, 0x80, 0x00, 0x02, 0xE0, 0x00, 0x00, 0xFF, 0x80, 0x00, 0x0F, 0x80, 0x00, 0x00,
    0xFF, 0x80, 0x00, 0x3D, 0x00, 0x00, 0x00, 0xFF, 0x80, 0x01, 0xF0, 0x00, 0x00, 0x00, 0xFF, 0x80,
    0x0B, 0xC0, 0x00, 0x00, 0x00, 0xFF, 0x80, 0x2E, 0x00, 0x00, 0x00, 0x00, 0xFF, 0x80, 0xFD, 0x00,
    0x00, 0x00, 0x00, 0xFF, 0x87, 0xFF, 0x00, 0x00, 0x00, 0x00, 0xFF, 0x9F, 0xFF, 0xC0, 0x00, 0x00,
    0x00, 0xFF, 0xF8, 0x7F, 0xE0, 0x00, 0x00, 0x00, 0xFF, 0xE0, 0x2F, 0xF8, 0x00, 0x00, 0x00, 0xFF,
    0x80, 0x0F, 0xFD, 0x00, 0x00, 0x00, 0xFF, 0x80, 0x03, 0xFF, 0x00, 0x00, 0x00, 0xFF, 0x80, 0x01,
    0xFF, 0xC0, 0x00, 0x00, 0xFF, 0x80, 0x00, 0xBF, 0xE0, 0x00, 0x00, 0xFF, 0x80, 0x00, 0x3F, 0xF4,
    0x00, 0x00, 0xFF, 0x80, 0x00, 0x0F, 0xFC, 0x00, 0x00, 0xFF, 0x80, 0x00, 0x07, 0xFF, 0x00, 0xBF,
    0xFF, 0xFF, 0x00, 0xBF, 0xFF, 0xFC, 0xBF, 0xFF, 0xFF, 0x00, 0xBF, 0xFF, 0xFC, 0x00, 0x1F, 0xFF,
    0xFF, 0xFF, 0xFF, 0xFD, 0x00, 0x1F, 0xFF, 0xFF, 0xFF, 0xFF, 0xFD, 0x00, 0x00, 0x2C, 0x00, 0x03,
    0xFF, 0x00, 0x00, 0x00, 0x2C, 0x00, 0x03, 0xFF, 0x00, 0x00, 0x00, 0x3C, 0x00, 0x03, 0xFF, 0x00,
    0x00, 0x00, 0x3C, 0x00, 0x03, 0xFF, 0x00, 0x00, 0x00, 0x3C, 0x00, 0x03, 0xFF, 0x00, 0x00, 0x00,
    0x38, 0x00, 0x03, 0xFF, 0x00, 0x00, 0x00, 0x38, 0x00, 0x03, 0xFF, 0x00, 0x00, 0x00, 0x38, 0x00,
    0x03, 0xFF, 0x00, 0x00, 0x00, 0x38, 0x00, 0x03, 0xFF, 0x00, 0x00, 0x00, 0x38, 0x00, 0x03, 0xFF,
    0x00, 0x00, 0x00, 0x34, 0x00, 0x03, 0xFF, 0x00, 0x00, 0x00, 0x34, 0x00, 0x03, 0xFF, 0x00, 0x00,
    0x00, 0x70, 0x00, 0x03, 0xFF, 0x00, 0x00, 0x00, 0xB0, 0x00, 0x03, 0xFF, 0x00, 0x00, 0x00, 0xB0,
    0x00, 0x03, 0xFF, 0x00, 0x2F, 0x40, 0xE0, 0x00, 0x03, 0xFF, 0x00, 0xFF, 0xC1, 0xD0, 0x00, 0x03,
    0xFF, 0x00, 0xFF, 0xC3, 0xC0, 0x00, 0x03, 0xFF, 0x00, 0xFF, 0x4B, 0x80, 0x00, 0x03, 0xFF, 0x00,
    0x7F, 0xFF, 0x00, 0x01, 0xFF, 0xFF, 0xFD, 0x0B, 0xF8, 0x00, 0x00, 0x00, 0x00, 0x00, 0xBF, 0xFF,
    0xC0, 0x00, 0x00, 0x00, 0x3F, 0xFF, 0xEB, 0xFF, 0xFD, 0x00, 0x00, 0x00, 0x07, 0xFF, 0xFE, 0x00,
    0xFF, 0xF0, 0x00, 0x00, 0x00, 0xEF, 0xF0, 0x00, 0x0E, 0xFF, 0x40, 0x00, 0x00, 0x1D, 0xFF, 0x00,
    0x00, 0xE7, 0xFC, 0x00, 0x00, 0x02, 0xCF, 0xF0, 0x00, 0x0E, 0x3F, 0xC0, 0x00, 0x00, 0x34, 0xFF,
    0x00, 0x00, 0xE1, 0xFE, 0x00, 0x00, 0x0B, 0x0F, 0xF0, 0x00, 0x0E, 0x0F, 0xF0, 0x00, 0x00, 0xD0,
    0xFF, 0x00, 0x00, 0xE0, 0xBF, 0x80, 0x00, 0x2C, 0x0F, 0xF0, 0x00, 0x0E, 0x03, 0xFC, 0x00, 0x03,
    0x80, 0xFF, 0x00, 0x00, 0xE0, 0x2F, 0xD0, 0x00, 0x70, 0x0F, 0xF0, 0x00, 0x0E, 0x00, 0xFF, 0x00,
    0x0E, 0x00, 0xFF, 0x00, 0x00, 0xE0, 0x0F, 0xF4, 0x01, 0xC0, 0x0F, 0xF0, 0x00, 0x0E, 0x00, 0x7F,
    0xC0, 0x38, 0x00, 0xFF, 0x00, 0x00, 0xE0, 0x03, 0xFD, 0x07, 0x40, 0x0F, 0xF0, 0x00, 0x0E, 0x00,
    0x1F, 0xF0, 0xB0, 0x00, 0xFF, 0x00, 0x00, 0xE0, 0x00, 0xFF, 0x0D, 0x00, 0x0F, 0xF0, 0x00, 0x0E,
    0x00, 0x07, 0xFA, 0xC0, 0x00, 0xFF, 0x00, 0x00, 0xE0, 0x00, 0x3F, 0xF4, 0x00, 0x0F, 0xF0, 0x00,
    0x0E, 0x00, 0x02, 0xFF, 0x00, 0x00, 0xFF, 0x00, 0x01, 0xF0, 0x00, 0x0F, 0xE0, 0x00, 0x0F, 0xF0,
    0x0B, 0xFF, 0xFC, 0x00, 0xBC, 0x00, 0xBF, 0xFF, 0xFE, 0xBF, 0xFF, 0xC0, 0x03, 0x40, 0x0B, 0xFF,
    0xFF, 0xE0, 0x00, 0x00, 0x00, 0x00, 0x00, 0x00, 0x00, 0xBF, 0xFF, 0xFF, 0x01, 0xFF, 0xFF, 0xFD,
    0x00, 0xFF, 0x80, 0x00, 0x03, 0xFF, 0x00, 0x00, 0xFF, 0x80, 0x00, 0x03, 0xFF, 0x00, 0x00, 0xFF,
    0x80, 0x00, 0x03, 0xFF, 0x00, 0x00, 0xFF, 0x80, 0x00, 0x03, 0xFF, 0x00, 0x00, 0xFF, 0x80, 0x00,
    0x03, 0xFF, 0x00, 0x00, 0xFF, 0x80, 0x00, 0x03, 0xFF, 0x00, 0x00, 0xFF, 0x80, 0x00, 0x03, 0xFF,
    0x00, 0x00, 0xFF, 0x80, 0x00, 0x03, 0xFF, 0x00, 0x00, 0xFF, 0x80, 0x00, 0x03, 0xFF, 0x00, 0x00,
    0xFF, 0xFF, 0xFF, 0xFF, 0xFF, 0x00, 0x00, 0xFF, 0xFF, 0xFF, 0xFF, 0xFF, 0x00, 0x00, 0xFF, 0x80,
    0x00, 0x03, 0xFF, 0x00, 0x00, 0xFF, 0x80, 0x00, 0x03, 0xFF, 0x00, 0x00, 0xFF, 0x80, 0x00, 0x03,
    0xFF, 0x00, 0x00, 0xFF, 0x80, 0x00, 0x03, 0xFF, 0x00, 0x00, 0xFF, 0x80, 0x00, 0x03, 0xFF, 0x00,
    0x00, 0xFF, 0x80, 0x00, 0x03, 0xFF, 0x00, 0x00, 0xFF, 0x80, 0x00, 0x03, 0xFF, 0x00, 0x00, 0xFF,
    0x80, 0x00, 0x03, 0xFF, 0x00, 0x00, 0xFF, 0x80, 0x00, 0x03, 0xFF, 0x00, 0xBF, 0xFF, 0xFF, 0x01,
    0xFF, 0xFF, 0xFD, 0xBF, 0xFF, 0xFF, 0x01, 0xFF, 0xFF, 0xFD, 0x00, 0x00, 0xBF, 0xFE, 0x40, 0x00,
    0x00, 0x07, 0xF9, 0x01, 0xFE, 0x00, 0x00, 0x0B, 0xF0, 0x00, 0x0B, 0xF0, 0x00, 0x0F, 0xF0, 0x00,
    0x00, 0xBF, 0x40, 0x0B, 0xF4, 0x00, 0x00, 0x0F, 0xF0, 0x07, 0xFC, 0x00, 0x00, 0x01, 0xFF, 0x03,
    0xFE, 0x00, 0x00, 0x00, 0x3F, 0xD0, 0xFF, 0x40, 0x00, 0x00, 0x0F, 0xF8, 0xBF, 0xD0, 0x00, 0x00,
    0x03, 0xFF, 0x2F, 0xF0, 0x00, 0x00, 0x00, 0xFF, 0xCF, 0xFC, 0x00, 0x00, 0x00, 0x2F, 0xF7, 0xFF,
    0x00, 0x00, 0x00, 0x0B, 0xFD, 0xFF, 0xC0, 0x00, 0x00, 0x02, 0xFF, 0x6F, 0xF4, 0x00, 0x00, 0x00,
    0xFF, 0xCB, 0xFD, 0x00, 0x00, 0x00, 0x3F, 0xF1, 0xFF, 0x80, 0x00, 0x00, 0x0F, 0xFC, 0x3F, 0xF0,
    0x00, 0x00, 0x07, 0xFD, 0x07, 0xFC, 0x00, 0x00, 0x02, 0xFF, 0x00, 0xFF, 0x80, 0x00, 0x00, 0xFF,
    0x40, 0x0F, 0xF0, 0x00, 0x00, 0xBF, 0x40, 0x00, 0xBF, 0x40, 0x00, 0xBF, 0x40, 0x00, 0x07, 0xF9,
    0x01, 0xFE, 0x00, 0x00, 0x00, 0x1B, 0xFF, 0xE4, 0x00, 0x00, 0xBF, 0xFF, 0xFF, 0xFF, 0xFF, 0xFF,
    0xFD, 0xBF, 0xFF, 0xFF, 0xFF, 0xFF, 0xFF, 0xFD, 0x00, 0xFF, 0x80, 0x00, 0x03, 0xFF, 0x00, 0x00,
    0xFF, 0x80, 0x00, 0x03, 0xFF, 0x00, 0x00, 0xFF, 0x80, 0x00, 0x03, 0xFF, 0x00, 0x00, 0xFF, 0x80,
    0x00, 0x03, 0xFF, 0x00, 0x00, 0xFF, 0x80, 0x00, 0x03, 0xFF, 0x00, 0x00, 0xFF, 0x80, 0x00, 0x03,
    0xFF, 0x00, 0x00, 0xFF, 0x80, 0x00, 0x03, 0xFF, 0x00, 0x00, 0xFF, 0x80, 0x00, 0x03, 0xFF, 0x00,
    0x00, 0xFF, 0x80, 0x00, 0x03, 0xFF, 0x00, 0x00, 0xFF, 0x80, 0x00, 0x03, 0xFF, 0x00, 0x00, 0xFF,
    0x80, 0x00, 0x03, 0xFF, 0x00, 0x00, 0xFF, 0x80, 0x00, 0x03, 0xFF, 0x00, 0x00, 0xFF, 0x80, 0x00,
    0x03, 0xFF, 0x00, 0x00, 0xFF, 0x80, 0x00, 0x03, 0xFF, 0x00, 0x00, 0xFF, 0x80, 0x00, 0x03, 0xFF,
    0x00, 0x00, 0xFF, 0x80, 0x00, 0x03, 0xFF, 0x00, 0x00, 0xFF, 0x80, 0x00, 0x03, 0xFF, 0x00, 0x00,
    0xFF, 0x80, 0x00, 0x03, 0xFF, 0x00, 0x00, 0xFF, 0x80, 0x00, 0x03, 0xFF, 0x00, 0xBF, 0xFF, 0xFF,
    0x01, 0xFF, 0xFF, 0xFD, 0xBF, 0xFF, 0xFF, 0x01, 0xFF, 0xFF, 0xFD, 0xBF, 0xFF, 0xFF, 0xFF, 0xA0,
    0x02, 0xFF, 0xFF, 0xFF, 0xFF, 0xF8, 0x00, 0x0F, 0xF4, 0x00, 0x1F, 0xFC, 0x00, 0x3F, 0xD0, 0x00,
    0x0F, 0xF8, 0x00, 0xFF, 0x40, 0x00, 0x1F, 0xF4, 0x03, 0xFD, 0x00, 0x00, 0x7F, 0xE0, 0x0F, 0xF4,
    0x00, 0x01, 0xFF, 0x80, 0x3F, 0xD0, 0x00, 0x07, 0xFE, 0x00, 0xFF, 0x40, 0x00, 0x1F, 0xF8, 0x03,
    0xFD, 0x00, 0x00, 0xBF, 0xC0, 0x0F, 0xF4, 0x00, 0x03, 0xFD, 0x00, 0x3F, 0xD0, 0x00, 0x7F, 0xD0,
    0x00, 0xFF, 0xFF, 0xFF, 0xE4, 0x00, 0x03, 0xFE, 0x00, 0x00, 0x00, 0x00, 0x0F, 0xF8, 0x00, 0x00,
    0x00, 0x00, 0x3F, 0xE0, 0x00, 0x00, 0x00, 0x00, 0xFF, 0x80, 0x00, 0x00, 0x00, 0x03, 0xFE, 0x00,
    0x00, 0x00, 0x00, 0x0F, 0xF8, 0x00, 0x00, 0x00, 0x00, 0x3F, 0xE0, 0x00, 0x00, 0x00, 0x00, 0xFF,
    0x80, 0x00, 0x00, 0x02, 0xFF, 0xFF, 0xFC, 0x00, 0x00, 0x0B, 0xFF, 0xFF, 0xF0, 0x00, 0x00, 0x00,
    0x00, 0x00, 0x6F, 0xFE, 0x40, 0x0C, 0x00, 0x0B, 0xFF, 0xFF, 0xF4, 0x3D, 0x00, 0x7F, 0xF9, 0x00,
    0x6E, 0xFD, 0x01, 0xFF, 0x80, 0x00, 0x07, 0xFD, 0x07, 0xFD, 0x00, 0x00, 0x00, 0xFD, 0x0F, 0xF8,
    0x00, 0x00, 0x00, 0x7D, 0x2F, 0xF0, 0x00, 0x00, 0x00, 0x3D, 0x3F, 0xE0, 0x00, 0x00, 0x00, 0x1C,
    0x7F, 0xD0, 0x00, 0x00, 0x00, 0x00, 0xBF, 0xD0, 0x00, 0x00, 0x00, 0x00, 0xFF, 0xC0, 0x00, 0x00,
    0x00, 0x00, 0xFF, 0xC0, 0x00, 0x00, 0x00, 0x00, 0xFF, 0xC0, 0x00, 0x00, 0x00, 0x00, 0xBF, 0xD0,
    0x00, 0x00, 0x00, 0x00, 0x7F, 0xD0, 0x00, 0x00, 0x00, 0x00, 0x3F, 0xE0, 0x00, 0x00, 0x00, 0x0C,
    0x2F, 0xF0, 0x00, 0x00, 0x00, 0x1C, 0x0F, 0xF8, 0x00, 0x00, 0x00, 0x3C, 0x07, 0xFD, 0x00, 0x00,
    0x00, 0xB4, 0x01, 0xFF, 0x40, 0x00, 0x02, 0xE0, 0x00, 0x7F, 0xF9, 0x00, 0x6F, 0x80, 0x00, 0x0B,
    0xFF, 0xFF, 0xFD, 0x00, 0x00, 0x00, 0x6F, 0xFF, 0x90, 0x00, 0x3F, 0xFF, 0xFF, 0xFF, 0xFF, 0xFD,
    0x0F, 0xFF, 0xFF, 0xFF, 0xFF, 0xFF, 0x43, 0xF8, 0x00, 0xFF, 0x80, 0x1F, 0xE1, 0xF0, 0x00, 0x3F,
    0xE0, 0x00, 0xF8, 0x78, 0x00, 0x0F, 0xF8, 0x00, 0x0E, 0x1D, 0x00, 0x03, 0xFE, 0x00, 0x03, 0xCB,
    0x00, 0x00, 0xFF, 0x80, 0x00, 0xF2, 0xC0, 0x00, 0x3F, 0xE0, 0x00, 0x2C, 0x00, 0x00, 0x0F, 0xF8,
    0x00, 0x00, 0x00, 0x00, 0x03, 0xFE, 0x00, 0x00, 0x00, 0x00, 0x00, 0xFF, 0x80, 0x00, 0x00, 0x00,
    0x00, 0x3F, 0xE0, 0x00, 0x00, 0x00, 0x00, 0x0F, 0xF8, 0x00, 0x00, 0x00, 0x00, 0x03, 0xFE, 0x00,
    0x00, 0x00, 0x00, 0x00, 0xFF, 0x80, 0x00, 0x00, 0x00, 0x00, 0x3F, 0xE0, 0x00, 0x00, 0x00, 0x00,
    0x0F, 0xF8, 0x00, 0x00, 0x00, 0x00, 0x03, 0xFE, 0x00, 0x00, 0x00, 0x00, 0x00, 0xFF, 0x80, 0x00,
    0x00, 0x00, 0x00, 0x3F, 0xE0, 0x00, 0x00, 0x00, 0x00, 0x0F, 0xF8, 0x00, 0x00, 0x00, 0x00, 0x03,
    0xFE, 0x00, 0x00, 0x00, 0x03, 0xFF, 0xFF, 0xFF, 0xE0, 0x00, 0x00, 0x00, 0x00, 0x00, 0x00, 0x00,
    0xFF, 0xFF, 0xFC, 0x00, 0x03, 0xFF, 0xFF, 0xFF, 0xFF, 0xF0, 0x00, 0x0F, 0xFF, 0xF0, 0x2F, 0xF8,
    0x00, 0x00, 0x01, 0xF0, 0x00, 0x3F, 0xF4, 0x00, 0x00, 0x0B, 0x40, 0x00, 0x3F, 0xF0, 0x00, 0x00,
    0x3C, 0x00, 0x00, 0x7F, 0xE0, 0x00, 0x02, 0xD0, 0x00, 0x00, 0xBF, 0xD0, 0x00, 0x0F, 0x00, 0x00,
    0x00, 0xFF, 0xC0, 0x00, 0x78, 0x00, 0x00, 0x01, 0xFF, 0xC0, 0x03, 0xC0, 0x00, 0x00, 0x02, 0xFF,
    0x80, 0x1E, 0x00, 0x00, 0x00, 0x03, 0xFF, 0x40, 0xB4, 0x00, 0x00, 0x00, 0x03, 0xFF, 0x03, 0xC0,
    0x00, 0x00, 0x00, 0x0B, 0xFE, 0x2D, 0x00, 0x00, 0x00, 0x00, 0x0F, 0xFD, 0xF0, 0x00, 0x00, 0x00,
    0x00, 0x0F, 0xFF, 0x80, 0x00, 0x00, 0x00, 0x00, 0x1F, 0xFC, 0x00, 0x00, 0x00, 0x00, 0x00, 0x2F,
    0xE0, 0x00, 0x00, 0x00, 0x7E, 0x00, 0x3F, 0x00, 0x00, 0x00, 0x03, 0xFE, 0x00, 0xB8, 0x00, 0x00,
    0x00, 0x1F, 0xF8, 0x07, 0xC0, 0x00, 0x00, 0x00, 0x3F, 0x81, 0xBC, 0x00, 0x00, 0x00, 0x00, 0x7F,
    0xFF, 0xC0, 0x00, 0x00, 0x00, 0x00, 0x2F, 0xE4, 0x00, 0x00, 0x00, 0x00, 0x00, 0x00, 0x00, 0x00,
    0x00, 0x00, 0x00, 0x00, 0x03, 0xFF, 0xFF, 0xFF, 0x40, 0x00, 0x00, 0x00, 0x01, 0xFF, 0x00, 0x00,
    0x00, 0x00, 0x00, 0x01, 0xFF, 0x00, 0x00, 0x00, 0x00, 0x00, 0x01, 0xFF, 0x00, 0x00, 0x00, 0x00,
    0x06, 0xFF, 0xFF, 0xFE, 0x90, 0x00, 0x01, 0xFF, 0x91, 0xFF, 0x06, 0xFE, 0x00, 0x0B, 0xF8, 0x01,
    0xFF, 0x00, 0x3F, 0xD0, 0x2F, 0xF0, 0x01, 0xFF, 0x00, 0x1F, 0xF0, 0x7F, 0xD0, 0x01, 0xFF, 0x00,
    0x0F, 0xFC, 0xBF, 0xC0, 0x01, 0xFF, 0x00, 0x0B, 0xFC, 0xFF, 0xC0, 0x01, 0xFF, 0x00, 0x07, 0xFD,
    0xFF, 0xC0, 0x01, 0xFF, 0x00, 0x07, 0xFD, 0xFF, 0xC0, 0x01, 0xFF, 0x00, 0x07, 0xFD, 0xBF, 0xC0,
    0x01, 0xFF, 0x00, 0x0B, 0xFC, 0x7F, 0xD0, 0x01, 0xFF, 0x00, 0x0F, 0xFC, 0x2F, 0xF0, 0x01, 0xFF,
    0x00, 0x1F, 0xF4, 0x0F, 0xF8, 0x01, 0xFF, 0x00, 0x3F, 0xD0, 0x01, 0xFF, 0x91, 0xFF, 0x06, 0xFE,
    0x00, 0x00, 0x06, 0xFF, 0xFF, 0xFF, 0x90, 0x00, 0x00, 0x00, 0x01, 0xFF, 0x00, 0x00, 0x00, 0x00,
    0x00, 0x01, 0xFF, 0x00, 0x00, 0x00, 0x00, 0x00, 0x01, 0xFF, 0x00, 0x00, 0x00, 0x00, 0x03, 0xFF,
    0xFF, 0xFF, 0x40, 0x00, 0x00, 0x00, 0x00, 0x00, 0x00, 0x00, 0x00, 0x7F, 0xFF, 0xFF, 0x01, 0xFF,
    0xFF, 0xC1, 0xFF, 0xFF, 0xFC, 0x0B, 0xFF, 0xFF, 0x00, 0x0F, 0xFE, 0x00, 0x00, 0xF8, 0x00, 0x00,
    0x0F, 0xFD, 0x00, 0x07, 0xC0, 0x00, 0x00, 0x1F, 0xFC, 0x00, 0x3C, 0x00, 0x00, 0x00, 0x2F, 0xFC,
    0x03, 0xD0, 0x00, 0x00, 0x00, 0x3F, 0xF8, 0x2E, 0x00, 0x00, 0x00, 0x00, 0x3F, 0xF5, 0xE0, 0x00,
    0x00, 0x00, 0x00, 0x7F, 0xFF, 0x00, 0x00, 0x00, 0x00, 0x00, 0xBF, 0xF0, 0x00, 0x00, 0x00, 0x00,
    0x00, 0xFF, 0xE0, 0x00, 0x00, 0x00, 0x00, 0x00, 0xFF, 0xD0, 0x00, 0x00, 0x00, 0x00, 0x07, 0xFF,
    0xC0, 0x00, 0x00, 0x00, 0x00, 0x3E, 0xFF, 0x80, 0x00, 0x00, 0x00, 0x03, 0xD3, 0xFF, 0x40, 0x00,
    0x00, 0x00, 0x2E, 0x03, 0xFF, 0x00, 0x00, 0x00, 0x01, 0xE0, 0x07, 0xFF, 0x00, 0x00, 0x00, 0x1F,
    0x00, 0x0B, 0xFE, 0x00, 0x00, 0x00, 0xF0, 0x00, 0x0F, 0xFD, 0x00, 0x00, 0x0F, 0x40, 0x00, 0x0F,
    0xFC, 0x00, 0x00, 0xBC, 0x00, 0x00, 0x1F, 0xFC, 0x03, 0xFF, 0xFF, 0x80, 0x0F, 0xFF, 0xFF, 0xEF,
    0xFF, 0xFE, 0x00, 0x2F, 0xFF, 0xFF, 0x80, 0x00, 0x00, 0x00, 0x00, 0x00, 0x00, 0x00, 0x2F, 0xFF,
    0xFF, 0xC0, 0x7F, 0xFF, 0xFF, 0x40, 0x0F, 0xF8, 0x00, 0x00, 0x3F, 0xF0, 0x00, 0x03, 0xFE, 0x00,
    0x00, 0x0F, 0xFC, 0x00, 0x00, 0xFF, 0x80, 0x00, 0x03, 0xFF, 0x00, 0x00, 0x3F, 0xE0, 0x00, 0x00,
    0xFF, 0xC0, 0x00, 0x0F, 0xF8, 0x00, 0x00, 0x3F, 0xF0, 0x00, 0x03, 0xFE, 0x00, 0x00, 0x0F, 0xFC,
    0x00, 0x00, 0xFF, 0x80, 0x00, 0x03, 0xFF, 0x00, 0x00, 0x3F, 0xE0, 0x00, 0x00, 0xFF, 0xC0, 0x00,
    0x0F, 0xF8, 0x00, 0x00, 0x3F, 0xF0, 0x00, 0x03, 0xFE, 0x00, 0x00, 0x0F, 0xFC, 0x00, 0x00, 0xFF,
    0x80, 0x00, 0x03, 0xFF, 0x00, 0x00, 0x3F, 0xE0, 0x00, 0x00, 0xFF, 0xC0, 0x00, 0x0F, 0xF8, 0x00,
    0x00, 0x3F, 0xF0, 0x00, 0x03, 0xFE, 0x00, 0x00, 0x0F, 0xFC, 0x00, 0x00, 0xFF, 0x80, 0x00, 0x03,
    0xFF, 0x00, 0x00, 0x3F, 0xE0, 0x00, 0x00, 0xFF, 0xC0, 0x00, 0x0F, 0xF8, 0x00, 0x00, 0x3F, 0xF0,
    0x00, 0x03, 0xFE, 0x00, 0x00, 0x0F, 0xFC, 0x00, 0x00, 0xFF, 0x80, 0x00, 0x03, 0xFF, 0x00, 0x00,
    0x3F, 0xE0, 0x00, 0x00, 0xFF, 0xC0, 0x00, 0x0F, 0xF8, 0x00, 0x00, 0x3F, 0xF0, 0x02, 0xFF, 0xFF,
    0xFF, 0xFF, 0xFF, 0xFF, 0xFC, 0x00, 0x00, 0x00, 0x00, 0x00, 0x01, 0xFF, 0x00, 0x00, 0x00, 0x00,
    0x00, 0x00, 0x0B, 0xC0, 0x00, 0x00, 0x00, 0x00, 0x00, 0x00, 0xF0, 0x00, 0x00, 0x00, 0x00, 0x00,
    0x00, 0x1D, 0x00, 0x00, 0x00, 0x00, 0x00, 0x00, 0x03, 0x40, 0x00, 0x00, 0x00, 0x00, 0x00, 0x00,
    0xE0, 0x00, 0x00, 0x00, 0x00, 0x00, 0x00, 0x38, 0xBF, 0xFF, 0xFF, 0x01, 0xFF, 0xFF, 0xFD, 0xBF,
    0xFF, 0xFF, 0x01, 0xFF, 0xFF, 0xFD, 0x00, 0xFF, 0x80, 0x00, 0x03, 0xFF, 0x00, 0x00, 0xFF, 0x80,
    0x00, 0x03, 0xFF, 0x00, 0x00, 0xFF, 0x80, 0x00, 0x03, 0xFF, 0x00, 0x00, 0xFF, 0x80, 0x00, 0x03,
    0xFF, 0x00, 0x00, 0xFF, 0x80, 0x00, 0x03, 0xFF, 0x00, 0x00, 0xFF, 0x80, 0x00, 0x03, 0xFF, 0x00,
    0x00, 0xFF, 0x80, 0x00, 0x03, 0xFF, 0x00, 0x00, 0xFF, 0x80, 0x00, 0x03, 0xFF, 0x00, 0x00, 0xBF,
    0x80, 0x00, 0x03, 0xFF, 0x00, 0x00, 0x3F, 0xC0, 0x00, 0x07, 0xFF, 0x00, 0x00, 0x0B, 0xF0, 0x01,
    0xBF, 0xFF, 0x00, 0x00, 0x00, 0xBF, 0xFE, 0x93, 0xFF, 0x00, 0x00, 0x00, 0x00, 0x00, 0x03, 0xFF,
    0x00, 0x00, 0x00, 0x00, 0x00, 0x03, 0xFF, 0x00, 0x00, 0x00, 0x00, 0x00, 0x03, 0xFF, 0x00, 0x00,
    0x00, 0x00, 0x00, 0x03, 0xFF, 0x00, 0x00, 0x00, 0x00, 0x00, 0x03, 0xFF, 0x00, 0x00, 0x00, 0x00,
    0x00, 0x03, 0xFF, 0x00, 0x00, 0x00, 0x00, 0x00, 0x03, 0xFF, 0x00, 0x00, 0x00, 0x00, 0x00, 0x03,
    0xFF, 0x00, 0x00, 0x00, 0x00, 0x01, 0xFF, 0xFF, 0xFD, 0x00, 0x00, 0x00, 0x00, 0x00, 0x00, 0x00,
    0xBF, 0xFF, 0xFF, 0x03, 0xFF, 0xFF, 0xFC, 0x0F, 0xFF, 0xFF, 0xEB, 0xFF, 0xFF, 0xF0, 0x3F, 0xFF,
    0xFF, 0xC0, 0xFF, 0xFF, 0xFE, 0x00, 0xFF, 0x80, 0x00, 0x07, 0xFD, 0x00, 0x00, 0x2F, 0xF0, 0x00,
    0x0F, 0xF8, 0x00, 0x00, 0x7F, 0xD0, 0x00, 0x02, 0xFF, 0x00, 0x00, 0xFF, 0x80, 0x00, 0x07, 0xFD,
    0x00, 0x00, 0x2F, 0xF0, 0x00, 0x0F, 0xF8, 0x00, 0x00, 0x7F, 0xD0, 0x00, 0x02, 0xFF, 0x00, 0x00,
    0xFF, 0x80, 0x00, 0x07, 0xFD, 0x00, 0x00, 0x2F, 0xF0, 0x00, 0x0F, 0xF8, 0x00, 0x00, 0x7F, 0xD0,
    0x00, 0x02, 0xFF, 0x00, 0x00, 0xFF, 0x80, 0x00, 0x07, 0xFD, 0x00, 0x00, 0x2F, 0xF0, 0x00, 0x0F,
    0xF8, 0x00, 0x00, 0x7F, 0xD0, 0x00, 0x02, 0xFF, 0x00, 0x00, 0xFF, 0x80, 0x00, 0x07, 0xFD, 0x00,
    0x00, 0x2F, 0xF0, 0x00, 0x0F, 0xF8, 0x00, 0x00, 0x7F, 0xD0, 0x00, 0x02, 0xFF, 0x00, 0x00, 0xFF,
    0x80, 0x00, 0x07, 0xFD, 0x00, 0x00, 0x2F, 0xF0, 0x00, 0x0F, 0xF8, 0x00, 0x00, 0x7F, 0xD0, 0x00,
    0x02, 0xFF, 0x00, 0x00, 0xFF, 0x80, 0x00, 0x07, 0xFD, 0x00, 0x00, 0x2F, 0xF0, 0x00, 0x0F, 0xF8,
    0x00, 0x00, 0x7F, 0xD0, 0x00, 0x02, 0xFF, 0x00, 0x00, 0xFF, 0x80, 0x00, 0x07, 0xFD, 0x00, 0x00,
    0x2F, 0xF0, 0x00, 0x0F, 0xF8, 0x00, 0x00, 0x7F, 0xD0, 0x00, 0x02, 0xFF, 0x00, 0x00, 0xFF, 0x80,
    0x00, 0x07, 0xFD, 0x00, 0x00, 0x2F, 0xF0, 0x00, 0x0F, 0xF8, 0x00, 0x00, 0x7F, 0xD0, 0x00, 0x02,
    0xFF, 0x00, 0x00, 0xFF, 0x80, 0x00, 0x07, 0xFD, 0x00, 0x00, 0x2F, 0xF0, 0x00, 0x0F, 0xF8, 0x00,
    0x00, 0x7F, 0xD0, 0x00, 0x02, 0xFF, 0x00, 0xBF, 0xFF, 0xFF, 0xFF, 0xFF, 0xFF, 0xFF, 0xFF, 0xFF,
    0xFF, 0xE0, 0xBF, 0xFF, 0xFF, 0x03, 0xFF, 0xFF, 0xFC, 0x0F, 0xFF, 0xFF, 0xE2, 0xFF, 0xFF, 0xFC,
    0x0F, 0xFF, 0xFF, 0xF0, 0x3F, 0xFF, 0xFF, 0x80, 0x0F, 0xF8, 0x00, 0x00, 0x7F, 0xD0, 0x00, 0x02,
    0xFF, 0x00, 0x00, 0x3F, 0xE0, 0x00, 0x01, 0xFF, 0x40, 0x00, 0x0B, 0xFC, 0x00, 0x00, 0xFF, 0x80,
    0x00, 0x07, 0xFD, 0x00, 0x00, 0x2F, 0xF0, 0x00, 0x03, 0xFE, 0x00, 0x00, 0x1F, 0xF4, 0x00, 0x00,
    0xBF, 0xC0, 0x00, 0x0F, 0xF8, 0x00, 0x00, 0x7F, 0xD0, 0x00, 0x02, 0xFF, 0x00, 0x00, 0x3F, 0xE0,
    0x00, 0x01, 0xFF, 0x40, 0x00, 0x0B, 0xFC, 0x00, 0x00, 0xFF, 0x80, 0x00, 0x07, 0xFD, 0x00, 0x00,
    0x2F, 0xF0, 0x00, 0x03, 0xFE, 0x00, 0x00, 0x1F, 0xF4, 0x00, 0x00, 0xBF, 0xC0, 0x00, 0x0F, 0xF8,
    0x00, 0x00, 0x7F, 0xD0, 0x00, 0x02, 0xFF, 0x00, 0x00, 0x3F, 0xE0, 0x00, 0x01, 0xFF, 0x40, 0x00,
    0x0B, 0xFC, 0x00, 0x00, 0xFF, 0x80, 0x00, 0x07, 0xFD, 0x00, 0x00, 0x2F, 0xF0, 0x00, 0x03, 0xFE,
    0x00, 0x00, 0x1F, 0xF4, 0x00, 0x00, 0xBF, 0xC0, 0x00, 0x0F, 0xF8, 0x00, 0x00, 0x7F, 0xD0, 0x00,
    0x02, 0xFF, 0x00, 0x00, 0x3F, 0xE0, 0x00, 0x01, 0xFF, 0x40, 0x00, 0x0B, 0xFC, 0x00, 0x00, 0xFF,
    0x80, 0x00, 0x07, 0xFD, 0x00, 0x00, 0x2F, 0xF0, 0x00, 0x03, 0xFE, 0x00, 0x00, 0x1F, 0xF4, 0x00,
    0x00, 0xBF, 0xC0, 0x00, 0x0F, 0xF8, 0x00, 0x00, 0x7F, 0xD0, 0x00, 0x02, 0xFF, 0x00, 0x00, 0x3F,
    0xE0, 0x00, 0x01, 0xFF, 0x40, 0x00, 0x0B, 0xFC, 0x00, 0x00, 0xFF, 0x80, 0x00, 0x07, 0xFD, 0x00,
    0x00, 0x2F, 0xF0, 0x00, 0x03, 0xFE, 0x00, 0x00, 0x1F, 0xF4, 0x00, 0x00, 0xBF, 0xC0, 0x0B, 0xFF,
    0xFF, 0xFF, 0xFF, 0xFF, 0xFF, 0xFF, 0xFF, 0xFF, 0xFF, 0x00, 0x00, 0x00, 0x00, 0x00, 0x00, 0x00,
    0x00, 0x00, 0x06, 0xFC, 0x00, 0x00, 0x00, 0x00, 0x00, 0x00, 0x00, 0x00, 0x00, 0x01, 0xF4, 0x00,
    0x00, 0x00, 0x00, 0x00, 0x00, 0x00, 0x00, 0x00, 0x02, 0xD0, 0x00, 0x00, 0x00, 0x00, 0x00, 0x00,
    0x00, 0x00, 0x00, 0x07, 0x80, 0x00, 0x00, 0x00, 0x00, 0x00, 0x00, 0x00, 0x00, 0x00, 0x0E, 0x00,
    0x00, 0x00, 0x00, 0x00, 0x00, 0x00, 0x00, 0x00, 0x00, 0x3C, 0x00, 0x00, 0x00, 0x00, 0x00, 0x00,
    0x00, 0x00, 0x00, 0x00, 0xB0, 0x3F, 0xFF, 0xFF, 0xFF, 0x00, 0x00, 0x00, 0x00, 0xFF, 0xFF, 0xFF,
    0xFC, 0x00, 0x00, 0x00, 0x03, 0xF8, 0x00, 0xFF, 0x40, 0x00, 0x00, 0x00, 0x1F, 0x00, 0x03, 0xFD,
    0x00, 0x00, 0x00, 0x00, 0x78, 0x00, 0x0F, 0xF4, 0x00, 0x00, 0x00, 0x01, 0xD0, 0x00, 0x3F, 0xD0,
    0x00, 0x00, 0x00, 0x0B, 0x00, 0x00, 0xFF, 0x40, 0x00, 0x00, 0x00, 0x2C, 0x00, 0x03, 0xFD, 0x00,
    0x00, 0x00, 0x00, 0x00, 0x00, 0x0F, 0xF4, 0x00, 0x00, 0x00, 0x00, 0x00, 0x00, 0x3F, 0xD0, 0x00,
    0x00, 0x00, 0x00, 0x00, 0x00, 0xFF, 0xFF, 0xFF, 0xF9, 0x00, 0x00, 0x00, 0x03, 0xFE, 0x40, 0x02,
    0xFF, 0x40, 0x00, 0x00, 0x0F, 0xF4, 0x00, 0x01, 0xFF, 0x80, 0x00, 0x00, 0x3F, 0xD0, 0x00, 0x02,
    0xFF, 0x40, 0x00, 0x00, 0xFF, 0x40, 0x00, 0x03, 0xFF, 0x00, 0x00, 0x03, 0xFD, 0x00, 0x00, 0x0F,
    0xFC, 0x00, 0x00, 0x0F, 0xF4, 0x00, 0x00, 0x3F, 0xF0, 0x00, 0x00, 0x3F, 0xD0, 0x00, 0x00, 0xFF,
    0xC0, 0x00, 0x00, 0xFF, 0x40, 0x00, 0x07, 0xFE, 0x00, 0x00, 0x03, 0xFD, 0x00, 0x00, 0x3F, 0xF0,
    0x00, 0x00, 0x0F, 0xF4, 0x00, 0x07, 0xFF, 0x40, 0x00, 0x2F, 0xFF, 0xFF, 0xFF, 0xFF, 0xF4, 0x00,
    0x00, 0xBF, 0xFF, 0xFF, 0xFF, 0xF9, 0x00, 0x00, 0x00, 0x00, 0x00, 0x00, 0x00, 0x00, 0x00, 0x00,
    0x02, 0xFF, 0xFF, 0xFC, 0x00, 0x00, 0x1F, 0xFF, 0xFF, 0xE0, 0x0F, 0xF0, 0x00, 0x00, 0x00, 0x00,
    0xBF, 0xC0, 0x00, 0x3F, 0xC0, 0x00, 0x00, 0x00, 0x02, 0xFF, 0x00, 0x00, 0xFF, 0x00, 0x00, 0x00,
    0x00, 0x0B, 0xFC, 0x00, 0x03, 0xFC, 0x00, 0x00, 0x00, 0x00, 0x2F, 0xF0, 0x00, 0x0F, 0xF0, 0x00,
    0x00, 0x00, 0x00, 0xBF, 0xC0, 0x00, 0x3F, 0xC0, 0x00, 0x00, 0x00, 0x02, 0xFF, 0x00, 0x00, 0xFF,
    0x00, 0x00, 0x00, 0x00, 0x0B, 0xFC, 0x00, 0x03, 0xFC, 0x00, 0x00, 0x00, 0x00, 0x2F, 0xF0, 0x00,
    0x0F, 0xFE, 0x50, 0x00, 0x00, 0x00, 0xBF, 0xC0, 0x00, 0x3F, 0xFF, 0xFF, 0xFE, 0x40, 0x02, 0xFF,
    0x00, 0x00, 0xFF, 0x00, 0x01, 0xBF, 0xD0, 0x0B, 0xFC, 0x00, 0x03, 0xFC, 0x00, 0x00, 0x7F, 0xD0,
    0x2F, 0xF0, 0x00, 0x0F, 0xF0, 0x00, 0x00, 0xFF, 0xC0, 0xBF, 0xC0, 0x00, 0x3F, 0xC0, 0x00, 0x01,
    0xFF, 0x82, 0xFF, 0x00, 0x00, 0xFF, 0x00, 0x00, 0x07, 0xFF, 0x0B, 0xFC, 0x00, 0x03, 0xFC, 0x00,
    0x00, 0x1F, 0xFC, 0x2F, 0xF0, 0x00, 0x0F, 0xF0, 0x00, 0x00, 0x7F, 0xE0, 0xBF, 0xC0, 0x00, 0x3F,
    0xC0, 0x00, 0x03, 0xFF, 0x42, 0xFF, 0x00, 0x00, 0xFF, 0x00, 0x00, 0x1F, 0xFC, 0x0B, 0xFC, 0x00,
    0x03, 0xFC, 0x00, 0x02, 0xFF, 0xC0, 0x2F, 0xF0, 0x0B, 0xFF, 0xFF, 0xFF, 0xFF, 0xFC, 0x7F, 0xFF,
    0xFF, 0xAF, 0xFF, 0xFF, 0xFF, 0xFE, 0x41, 0xFF, 0xFF, 0xFE, 0x00, 0x00, 0x00, 0x00, 0x00, 0x00,
    0xBF, 0xFF, 0xFF, 0x00, 0x00, 0x00, 0x00, 0xFF, 0x00, 0x00, 0x00, 0x00, 0x00, 0xFF, 0x00, 0x00,
    0x00, 0x00, 0x00, 0xFF, 0x00, 0x00, 0x00, 0x00, 0x00, 0xFF, 0x00, 0x00, 0x00, 0x00, 0x00, 0xFF,
    0x00, 0x00, 0x00, 0x00, 0x00, 0xFF, 0x00, 0x00, 0x00, 0x00, 0x00, 0xFF, 0x00, 0x00, 0x00, 0x00,
    0x00, 0xFF, 0x00, 0x00, 0x00, 0x00, 0x00, 0xFF, 0xE5, 0x00, 0x00, 0x00, 0x00, 0xFF, 0xFF, 0xFF,
    0xF9, 0x00, 0x00, 0xFF, 0x00, 0x01, 0xBF, 0xD0, 0x00, 0xFF, 0x00, 0x00, 0x1F, 0xF4, 0x00, 0xFF,
    0x00, 0x00, 0x0F, 0xFC, 0x00, 0xFF, 0x00, 0x00, 0x07, 0xFE, 0x00, 0xFF, 0x00, 0x00, 0x07, 0xFF,
    0x00, 0xFF, 0x00, 0x00, 0x07, 0xFF, 0x00, 0xFF, 0x00, 0x00, 0x07, 0xFE, 0x00, 0xFF, 0x00, 0x00,
    0x0F, 0xFD, 0x00, 0xFF, 0x00, 0x00, 0x1F, 0xFC, 0x00, 0xFF, 0x00, 0x00, 0xBF, 0xF0, 0xBF, 0xFF,
    0xFF, 0xFF, 0xFF, 0xC0, 0xBF, 0xFF, 0xFF, 0xFF, 0xF9, 0x00, 0x00, 0x00, 0x00, 0x00, 0x00, 0x00,
    0xD0, 0x06, 0xFF, 0xE4, 0x00, 0x00, 0xF8, 0x7F, 0xFF, 0xFF, 0x90, 0x00, 0xFF, 0xF4, 0x01, 0xBF,
    0xF8, 0x00, 0xFF, 0x40, 0x00, 0x07, 0xFF, 0x00, 0xFC, 0x00, 0x00, 0x00, 0xFF, 0xC0, 0xF8, 0x00,
    0x00, 0x00, 0x7F, 0xE0, 0xF0, 0x00, 0x00, 0x00, 0x2F, 0xF0, 0xA0, 0x00, 0x00, 0x00, 0x1F, 0xF8,
    0x00, 0x00, 0x00, 0x00, 0x0F, 0xFC, 0x00, 0x00, 0x00, 0x00, 0x0F, 0xFC, 0x00, 0x6F, 0xF4, 0x00,
    0x0F, 0xFC, 0x02, 0xFF, 0xFF, 0x90, 0x6F, 0xFD, 0x00, 0x07, 0xFF, 0xFF, 0xFF, 0xFC, 0x00, 0x00,
    0x7F, 0xFF, 0xDF, 0xFC, 0x00, 0x00, 0x0B, 0xF9, 0x0F, 0xFC, 0x00, 0x00, 0x00, 0x00, 0x1F, 0xF8,
    0xE0, 0x00, 0x00, 0x00, 0x3F, 0xF0, 0xF0, 0x00, 0x00, 0x00, 0x7F, 0xE0, 0xB4, 0x00, 0x00, 0x00,
    0xFF, 0xC0, 0x3D, 0x00, 0x00, 0x07, 0xFF, 0x00, 0x0F, 0xE4, 0x01, 0xBF, 0xF8, 0x00, 0x02, 0xFF,
    0xFF, 0xFF, 0x90, 0x00, 0x00, 0x1B, 0xFF, 0xE4, 0x00, 0x00, 0x00, 0x00, 0x00, 0x00, 0x00, 0x00,
    0x00, 0x00, 0x00, 0x02, 0xFF, 0xFF, 0xFC, 0x00, 0x00, 0x1B, 0xFF, 0xA0, 0x00, 0x00, 0x0F, 0xF8,
    0x00, 0x00, 0x0B, 0xF4, 0x06, 0xFD, 0x00, 0x00, 0x3F, 0xE0, 0x00, 0x01, 0xFE, 0x00, 0x00, 0xFE,
    0x00, 0x00, 0xFF, 0x80, 0x00, 0x1F, 0xE0, 0x00, 0x00, 0xFE, 0x00, 0x03, 0xFE, 0x00, 0x00, 0xFF,
    0x00, 0x00, 0x01, 0xFE, 0x00, 0x0F, 0xF8, 0x00, 0x0F, 0xF8, 0x00, 0x00, 0x03, 0xFC, 0x00, 0x3F,
    0xE0, 0x00, 0x7F, 0xC0, 0x00, 0x00, 0x0B, 0xFC, 0x00, 0xFF, 0x80, 0x02, 0xFF, 0x00, 0x00, 0x00,
    0x1F, 0xF0, 0x03, 0xFE, 0x00, 0x0F, 0xFC, 0x00, 0x00, 0x00, 0x7F, 0xD0, 0x0F, 0xF8, 0x00, 0x3F,
    0xE0, 0x00, 0x00, 0x00, 0xFF, 0x80, 0x3F, 0xE0, 0x01, 0xFF, 0x80, 0x00, 0x00, 0x03, 0xFF, 0x00,
    0xFF, 0xFF, 0xFF, 0xFE, 0x00, 0x00, 0x00, 0x0F, 0xFC, 0x03, 0xFF, 0xFF, 0xFF, 0xF8, 0x00, 0x00,
    0x00, 0x3F, 0xF0, 0x0F, 0xF8, 0x00, 0x7F, 0xF0, 0x00, 0x00, 0x00, 0xFF, 0xC0, 0x3F, 0xE0, 0x00,
    0xFF, 0xC0, 0x00, 0x00, 0x07, 0xFE, 0x00, 0xFF, 0x80, 0x03, 0xFF, 0x00, 0x00, 0x00, 0x1F, 0xF4,
    0x03, 0xFE, 0x00, 0x0B, 0xFD, 0x00, 0x00, 0x00, 0xBF, 0xC0, 0x0F, 0xF8, 0x00, 0x0F, 0xF8, 0x00,
    0x00, 0x03, 0xFD, 0x00, 0x3F, 0xE0, 0x00, 0x1F, 0xF0, 0x00, 0x00, 0x1F, 0xF0, 0x00, 0xFF, 0x80,
    0x00, 0x2F, 0xE0, 0x00, 0x00, 0xFF, 0x00, 0x03, 0xFE, 0x00, 0x00, 0x1F, 0xE0, 0x00, 0x0F, 0xF0,
    0x0B, 0xFF, 0xFF, 0xF0, 0x00, 0x0B, 0xF4, 0x06, 0xFD, 0x00, 0x2F, 0xFF, 0xFF, 0xC0, 0x00, 0x01,
    0xBF, 0xFE, 0x40, 0x00, 0x00, 0x00, 0x1A, 0xFF, 0xFF, 0xFF, 0xFD, 0x00, 0x02, 0xFF, 0xFF, 0xFF,
    0xFF, 0xFD, 0x00, 0x1F, 0xFE, 0x40, 0x02, 0xFF, 0x00, 0x00, 0x3F, 0xF0, 0x00, 0x02, 0xFF, 0x00,
    0x00, 0xBF, 0xC0, 0x00, 0x02, 0xFF, 0x00, 0x00, 0xFF, 0xC0, 0x00, 0x02, 0xFF, 0x00, 0x00, 0xFF,
    0xC0, 0x00, 0x02, 0xFF, 0x00, 0x00, 0xFF, 0xC0, 0x00, 0x02, 0xFF, 0x00, 0x00, 0x7F, 0xD0, 0x00,
    0x02, 0xFF, 0x00, 0x00, 0x2F, 0xF0, 0x00, 0x02, 0xFF, 0x00, 0x00, 0x07, 0xFE, 0x40, 0x02, 0xFF,
    0x00, 0x00, 0x00, 0x1B, 0xFF, 0xFF, 0xFF, 0x00, 0x00, 0x00, 0x03, 0xFF, 0x02, 0xFF, 0x00, 0x00,
    0x00, 0x0F, 0xFC, 0x02, 0xFF, 0x00, 0x00, 0x00, 0x3F, 0xF4, 0x02, 0xFF, 0x00, 0x00, 0x00, 0xBF,
    0xE0, 0x02, 0xFF, 0x00, 0x00, 0x02, 0xFF, 0x80, 0x02, 0xFF, 0x00, 0x00, 0x0B, 0xFF, 0x00, 0x02,
    0xFF, 0x00, 0x00, 0x1F, 0xFC, 0x00, 0x02, 0xFF, 0x00, 0x00, 0x7F, 0xF0, 0x00, 0x02, 0xFF, 0x00,
    0x01, 0xFF, 0xE0, 0x00, 0x02, 0xFF, 0x00, 0x7F, 0xFF, 0xFE, 0x00, 0xFF, 0xFF, 0xFD, 0x7F, 0xFF,
    0xFE, 0x00, 0xFF, 0xFF, 0xFD, 0x01, 0xFF, 0xF9, 0x00, 0x00, 0xFD, 0x02, 0xFC, 0x00, 0x2F, 0xD0,
    0x0F, 0xF0, 0x02, 0xFD, 0x00, 0x7F, 0x40, 0x0B, 0x80, 0x07, 0xF8, 0x00, 0x00, 0x00, 0x3F, 0x80,
    0x00, 0x1A, 0xFF, 0xF8, 0x00, 0x7F, 0xE4, 0x3F, 0x80, 0x2F, 0xD0, 0x03, 0xF8, 0x0B, 0xF4, 0x00,
    0x3F, 0x80, 0xFF, 0x00, 0x07, 0xF8, 0x0F, 0xF0, 0x00, 0x7F, 0x80, 0xBF, 0x40, 0x0E, 0xF8, 0x03,
    0xFD, 0x07, 0x5F, 0xFD, 0x06, 0xFF, 0x80, 0xBF, 0xD0, 0x00, 0x00, 0x01, 0xAE, 0x00, 0x06, 0xBF,
    0xFF, 0x80, 0x1F, 0xFF, 0xFF, 0xC0, 0x1F, 0xFF, 0xFF, 0x90, 0x1F, 0xF9, 0x40, 0x00, 0x0F, 0xE0,
    0x00, 0x00, 0x03, 0xD0, 0x00, 0x00, 0x01, 0xE0, 0x00, 0x00, 0x00, 0xB4, 0x6F, 0xFE, 0x00, 0x3C,
    0xFD, 0x01, 0xF8, 0x0F, 0xFC, 0x00, 0x0F, 0xC3, 0xFE, 0x00, 0x02, 0xF8, 0xFF, 0x40, 0x00, 0x7F,
    0x3F, 0xD0, 0x00, 0x1F, 0xEF, 0xF4, 0x00, 0x07, 0xFF, 0xFD, 0x00, 0x01, 0xFF, 0xFF, 0x40, 0x00,
    0x7F, 0xEF, 0xD0, 0x00, 0x1F, 0xE7, 0xF4, 0x00, 0x0B, 0xF4, 0xFE, 0x00, 0x03, 0xFC, 0x0F, 0xC0,
    0x01, 0xFC, 0x00, 0xFD, 0x01, 0xFC, 0x00, 0x06, 0xFF, 0xE4, 0x00, 0xFF, 0xFF, 0xFF, 0x90, 0x02,
    0xFD, 0x00, 0xFE, 0x00, 0xBF, 0x00, 0x0F, 0xE0, 0x2F, 0xC0, 0x03, 0xFC, 0x0B, 0xF0, 0x01, 0xFD,
    0x02, 0xFC, 0x01, 0xFD, 0x00, 0xBF, 0xFF, 0xFC, 0x00, 0x2F, 0xC0, 0x0B, 0xE0, 0x0B, 0xF0, 0x00,
    0xFF, 0x02, 0xFC, 0x00, 0x2F, 0xD0, 0xBF, 0x00, 0x07, 0xF8, 0x2F, 0xC0, 0x02, 0xFE, 0x0B, 0xF0,
    0x00, 0xFF, 0x02, 0xFD, 0x00, 0xBF, 0x4F, 0xFF, 0xFF, 0xFE, 0x00, 0xFF, 0xFF, 0xFF, 0xF0, 0x2F,
    0xD0, 0x0B, 0xC0, 0xBF, 0x00, 0x0F, 0x02, 0xFC, 0x00, 0x1D, 0x0B, 0xF0, 0x00, 0x34, 0x2F, 0xC0,
    0x00, 0x00, 0xBF, 0x00, 0x00, 0x02, 0xFC, 0x00, 0x00, 0x0B, 0xF0, 0x00, 0x00, 0x2F, 0xC0, 0x00,
    0x00, 0xBF, 0x00, 0x00, 0x02, 0xFC, 0x00, 0x00, 0x0B, 0xF0, 0x00, 0x00, 0x2F, 0xD0, 0x00, 0x0F,
    0xFF, 0xFC, 0x00, 0x00, 0x00, 0x3F, 0xFF, 0xFF, 0xFF, 0x00, 0x00, 0xF0, 0x03, 0xFC, 0x00, 0x00,
    0x38, 0x00, 0xFE, 0x00, 0x00, 0x0E, 0x00, 0x3F, 0x80, 0x00, 0x03, 0x80, 0x0F, 0xE0, 0x00, 0x00,
    0xD0, 0x03, 0xF8, 0x00, 0x00, 0x34, 0x00, 0xFE, 0x00, 0x00, 0x1C, 0x00, 0x3F, 0x80, 0x00, 0x0B,
    0x00, 0x0F, 0xE0, 0x00, 0x03, 0x80, 0x03, 0xF8, 0x00, 0x01, 0xD0, 0x00, 0xFE, 0x00, 0x00, 0xF0,
    0x00, 0x3F, 0x80, 0x00, 0xB0, 0x00, 0x0F, 0xE0, 0x00, 0xB4, 0x00, 0x03, 0xFC, 0x07, 0xFF, 0xFF,
    0xFF, 0xFF, 0xF5, 0xF8, 0x00, 0x00, 0x00, 0xBD, 0xB8, 0x00, 0x00, 0x00, 0x0B, 0xAC, 0x00, 0x00,
    0x00, 0x00, 0xEB, 0x00, 0x00, 0x00, 0x00, 0x3B, 0xC0, 0x00, 0x00, 0x00, 0x0F, 0x00, 0x6F, 0xF9,
    0x00, 0x03, 0xF4, 0x0F, 0xC0, 0x0F, 0xD0, 0x03, 0xF0, 0x3F, 0xC0, 0x01, 0xF8, 0x7F, 0x80, 0x00,
    0xFC, 0xBF, 0x40, 0x00, 0xFC, 0xFF, 0x40, 0x00, 0xFD, 0xFF, 0xFF, 0xFF, 0xFC, 0xFF, 0x40, 0x00,
    0x00, 0xBF, 0x40, 0x00, 0x00, 0x7F, 0x80, 0x00, 0x00, 0x3F, 0xC0, 0x00, 0x1C, 0x0F, 0xD0, 0x00,
    0x3C, 0x02, 0xF8, 0x02, 0xE0, 0x00, 0x2F, 0xFE, 0x40, 0x2F, 0xFD, 0x01, 0xFF, 0xFF, 0x00, 0xFF,
    0xF0, 0x07, 0xF0, 0x00, 0x3F, 0x80, 0x01, 0xF8, 0x00, 0x02, 0xF0, 0x00, 0xFD, 0x00, 0x1F, 0x40,
    0x00, 0x01, 0xF4, 0x03, 0xF4, 0x02, 0xF0, 0x00, 0x00, 0x00, 0xF8, 0x0F, 0xD0, 0x3E, 0x00, 0x00,
    0x00, 0x00, 0xFC, 0x3F, 0x47, 0xE0, 0x00, 0x00, 0x00, 0x07, 0xFD, 0xFE, 0xBF, 0xC0, 0x00, 0x00,
    0x00, 0x3F, 0xFF, 0xFF, 0xFF, 0xC0, 0x00, 0x00, 0x03, 0xFC, 0x2F, 0xF4, 0xBF, 0x80, 0x00, 0x00,
    0x3F, 0xD0, 0x3F, 0x80, 0xFF, 0x40, 0x00, 0x02, 0xFE, 0x00, 0xFD, 0x00, 0xFF, 0x40, 0x00, 0x2F,
    0xE0, 0x03, 0xF4, 0x00, 0xFF, 0x00, 0x01, 0xFF, 0x00, 0x0F, 0xD0, 0x01, 0xFF, 0x00, 0x1F, 0xF4,
    0x00, 0x3F, 0x80, 0x03, 0xFF, 0x07, 0xFF, 0xF0, 0x1F, 0xFF, 0xF0, 0x2F, 0xFF, 0xC0, 0x39, 0xBF,
    0xFE, 0x40, 0x3F, 0x80, 0x1F, 0xF0, 0x3D, 0x00, 0x03, 0xFC, 0x3C, 0x00, 0x03, 0xFC, 0x00, 0x00,
    0x03, 0xFC, 0x00, 0x00, 0x1F, 0xE0, 0x00, 0x2F, 0xFF, 0x40, 0x00, 0x00, 0x1F, 0xE0, 0x00, 0x00,
    0x03, 0xFC, 0x00, 0x00, 0x02, 0xFD, 0x00, 0x00, 0x02, 0xFE, 0x34, 0x00, 0x02, 0xFD, 0x38, 0x00,
    0x03, 0xFC, 0x0F, 0x40, 0x1F, 0xF0, 0x01, 0xBF, 0xFE, 0x40, 0xFF, 0xFF, 0x47, 0xFF, 0xFC, 0x2F,
    0xD0, 0x01, 0xFF, 0x00, 0xBF, 0x00, 0x0F, 0xF8, 0x02, 0xFC, 0x00, 0xBF, 0xE0, 0x0B, 0xF0, 0x03,
    0xBF, 0x80, 0x2F, 0xC0, 0x38, 0xFE, 0x00, 0xBF, 0x02, 0xC3, 0xF8, 0x02, 0xFC, 0x1D, 0x0F, 0xE0,
    0x0B, 0xF0, 0xE0, 0x3F, 0x80, 0x2F, 0xCB, 0x00, 0xFE, 0x00, 0xBF, 0x74, 0x03, 0xF8, 0x02, 0xFF,
    0x80, 0x0F, 0xE0, 0x0B, 0xFC, 0x00, 0x3F, 0x80, 0x2F, 0xD0, 0x00, 0xFF, 0x0F, 0xFF, 0xF4, 0x7F,
    0xFF, 0xC0, 0x00, 0x7C, 0x00, 0xF8, 0x00, 0x07, 0xFC, 0x0F, 0xF4, 0x00, 0x2F, 0xF0, 0x3F, 0xE0,
    0x00, 0x7F, 0xC0, 0xFF, 0x40, 0x00, 0xBD, 0x01, 0xF8, 0x00, 0x00, 0x2F, 0xFE, 0x00, 0x00, 0x00,
    0x00, 0x00, 0x00, 0x00, 0x00, 0x00, 0x00, 0x00, 0xFF, 0xFF, 0x47, 0xFF, 0xFC, 0x2F, 0xD0, 0x01,
    0xFF, 0x00, 0xBF, 0x00, 0x0F, 0xF8, 0x02, 0xFC, 0x00, 0xBF, 0xE0, 0x0B, 0xF0, 0x07, 0xBF, 0x80,
    0x2F, 0xC0, 0x38, 0xFE, 0x00, 0xBF, 0x02, 0xC3, 0xF8, 0x02, 0xFC, 0x1D, 0x0F, 0xE0, 0x0B, 0xF0,
    0xE0, 0x3F, 0x80, 0x2F, 0xCB, 0x00, 0xFE, 0x00, 0xBF, 0x74, 0x03, 0xF8, 0x02, 0xFF, 0x80, 0x0F,
    0xE0, 0x0B, 0xFC, 0x00, 0x3F, 0x80, 0x2F, 0xD0, 0x00, 0xFF, 0x0F, 0xFF, 0xF4, 0x7F, 0xFF, 0xC0,
    0xFF, 0xFF, 0x40, 0x7F, 0xF8, 0x0B, 0xF0, 0x00, 0x3F, 0x40, 0x0B, 0xF0, 0x00, 0xF8, 0x00, 0x0B,
    0xF0, 0x07, 0xE0, 0x00, 0x0B, 0xF0, 0x2F, 0x40, 0x00, 0x0B, 0xF0, 0xFC, 0x00, 0x00, 0x0B, 0xF7,
    0xFD, 0x00, 0x00, 0x0B, 0xFF, 0xFF, 0x40, 0x00, 0x0B, 0xF8, 0x3F, 0xC0, 0x00, 0x0B, 0xF0, 0x1F,
    0xF0, 0x00, 0x0B, 0xF0, 0x0B, 0xF8, 0x00, 0x0B, 0xF0, 0x02, 0xFE, 0x00, 0x0B, 0xF0, 0x00, 0xFF,
    0x40, 0x0B, 0xF0, 0x00, 0x7F, 0xD0, 0xFF, 0xFF, 0x40, 0xFF, 0xFD, 0x00, 0x7F, 0xFF, 0xFF, 0xFF,
    0x00, 0x03, 0xEA, 0xBF, 0xF0, 0x00, 0x03, 0x80, 0x0F, 0xE0, 0x00, 0x03, 0x80, 0x0F, 0xE0, 0x00,
    0x03, 0x80, 0x0F, 0xE0, 0x00, 0x03, 0x80, 0x0F, 0xE0, 0x00, 0x03, 0x80, 0x0F, 0xE0, 0x00, 0x03,
    0x80, 0x0F, 0xE0, 0x00, 0x03, 0x80, 0x0F, 0xE0, 0x00, 0x03, 0x40, 0x0F, 0xE0, 0x00, 0x07, 0x40,
    0x0F, 0xE0, 0x2F, 0x0B, 0x00, 0x0F, 0xE0, 0x3F, 0x5F, 0x00, 0x0F, 0xE0, 0x3F, 0xFD, 0x00, 0x0F,
    0xF0, 0x0F, 0xF4, 0x01, 0xFF, 0xFF, 0xBF, 0xFC, 0x00, 0x00, 0x7F, 0xFC, 0x1F, 0xF4, 0x00, 0x03,
    0xFE, 0x00, 0x7B, 0xF0, 0x00, 0x1E, 0xF8, 0x01, 0xDF, 0xD0, 0x00, 0xDB, 0xE0, 0x07, 0x5F, 0x80,
    0x03, 0x2F, 0x80, 0x1D, 0x3F, 0x00, 0x28, 0xBE, 0x00, 0x74, 0xBE, 0x00, 0xC2, 0xF8, 0x01, 0xD0,
    0xFC, 0x06, 0x0B, 0xE0, 0x07, 0x42, 0xF4, 0x34, 0x2F, 0x80, 0x1D, 0x07, 0xF1, 0xC0, 0xBE, 0x00,
    0x74, 0x0F, 0xDD, 0x02, 0xF8, 0x01, 0xD0, 0x1F, 0xF0, 0x0B, 0xE0, 0x07, 0x40, 0x3F, 0x80, 0x2F,
    0x80, 0x2E, 0x00, 0xBC, 0x00, 0xBE, 0x0B, 0xFF, 0x80, 0xD0, 0x3F, 0xFF, 0xC0, 0xFF, 0xFF, 0x47,
    0xFF, 0xFC, 0x2F, 0xD0, 0x00, 0xFF, 0x00, 0xBF, 0x00, 0x03, 0xF8, 0x02, 0xFC, 0x00, 0x0F, 0xE0,
    0x0B, 0xF0, 0x00, 0x3F, 0x80, 0x2F, 0xC0, 0x00, 0xFE, 0x00, 0xBF, 0xFF, 0xFF, 0xF8, 0x02, 0xFC,
    0x00, 0x0F, 0xE0, 0x0B, 0xF0, 0x00, 0x3F, 0x80, 0x2F, 0xC0, 0x00, 0xFE, 0x00, 0xBF, 0x00, 0x03,
    0xF8, 0x02, 0xFC, 0x00, 0x0F, 0xE0, 0x0B, 0xF0, 0x00, 0x3F, 0x80, 0x2F, 0xD0, 0x01, 0xFF, 0x0F,
    0xFF, 0xF4, 0x7F, 0xFF, 0xC0, 0x00, 0x2F, 0xFE, 0x00, 0x00, 0xBD, 0x01, 0xF8, 0x00, 0xFC, 0x00,
    0x0F, 0xC0, 0xBE, 0x00, 0x02, 0xF8, 0x7F, 0x40, 0x00, 0xBF, 0x2F, 0xD0, 0x00, 0x1F, 0xEF, 0xF4,
    0x00, 0x07, 0xFF, 0xFD, 0x00, 0x01, 0xFF, 0xFF, 0x40, 0x00, 0x7F, 0xEF, 0xD0, 0x00, 0x1F, 0xE7,
    0xF4, 0x00, 0x0B, 0xF4, 0xFE, 0x00, 0x03, 0xFC, 0x0F, 0xC0, 0x01, 0xFC, 0x00, 0xFD, 0x01, 0xFC,
    0x00, 0x06, 0xFF, 0xE4, 0x00, 0xFF, 0xFF, 0xFF, 0xFF, 0xFC, 0x2F, 0xD0, 0x00, 0xFF, 0x00, 0xBF,
    0x00, 0x03, 0xF8, 0x02, 0xFC, 0x00, 0x0F, 0xE0, 0x0B, 0xF0, 0x00, 0x3F, 0x80, 0x2F, 0xC0, 0x00,
    0xFE, 0x00, 0xBF, 0x00, 0x03, 0xF8, 0x02, 0xFC, 0x00, 0x0F, 0xE0, 0x0B, 0xF0, 0x00, 0x3F, 0x80,
    0x2F, 0xC0, 0x00, 0xFE, 0x00, 0xBF, 0x00, 0x03, 0xF8, 0x02, 0xFC, 0x00, 0x0F, 0xE0, 0x0B, 0xF0,
    0x00, 0x3F, 0x80, 0x2F, 0xD0, 0x00, 0xFF, 0x0F, 0xFF, 0xF4, 0x7F, 0xFF, 0xC0, 0xFF, 0xF0, 0xBF,
    0xE4, 0x03, 0xFF, 0xEE, 0x02, 0xFC, 0x00, 0xBF, 0xC0, 0x03, 0xFC, 0x02, 0xFD, 0x00, 0x03, 0xF8,
    0x0B, 0xF0, 0x00, 0x0F, 0xF0, 0x2F, 0xC0, 0x00, 0x2F, 0xD0, 0xBF, 0x00, 0x00, 0xBF, 0x82, 0xFC,
    0x00, 0x01, 0xFE, 0x0B, 0xF0, 0x00, 0x0B, 0xF8, 0x2F, 0xC0, 0x00, 0x2F, 0xE0, 0xBF, 0x00, 0x00,
    0xFF, 0x02, 0xFC, 0x00, 0x03, 0xF8, 0x0B, 0xFC, 0x00, 0x3F, 0xC0, 0x2F, 0xFD, 0x07, 0xF8, 0x00,
    0xBF, 0x1B, 0xFE, 0x00, 0x02, 0xFC, 0x00, 0x00, 0x00, 0x0B, 0xF0, 0x00, 0x00, 0x00, 0x2F, 0xC0,
    0x00, 0x00, 0x00, 0xBF, 0x00, 0x00, 0x00, 0x3F, 0xFF, 0xE0, 0x00, 0x00, 0xFF, 0xFF, 0x40, 0x00,
    0x00, 0x00, 0x2F, 0xFE, 0x40, 0x0B, 0xE0, 0x1F, 0xC0, 0xFE, 0x00, 0xBF, 0x4B, 0xF0, 0x02, 0xFC,
    0x3F, 0x80, 0x03, 0xE1, 0xFE, 0x00, 0x00, 0x0B, 0xF4, 0x00, 0x00, 0x2F, 0xD0, 0x00, 0x00, 0xBF,
    0x80, 0x00, 0x02, 0xFE, 0x00, 0x00, 0x03, 0xFC, 0x00, 0x00, 0x0B, 0xF0, 0x00, 0x0E, 0x0F, 0xF0,
    0x00, 0x74, 0x0B, 0xF4, 0x0B, 0x40, 0x02, 0xFF, 0xE0, 0x00, 0x2F, 0xFF, 0xFF, 0xFF, 0x8F, 0x80,
    0xFF, 0x07, 0xE3, 0xC0, 0x3F, 0xC0, 0x3C, 0xE0, 0x0F, 0xF0, 0x0F, 0x38, 0x03, 0xFC, 0x02, 0xC0,
    0x00, 0xFF, 0x00, 0x00, 0x00, 0x3F, 0xC0, 0x00, 0x00, 0x0F, 0xF0, 0x00, 0x00, 0x03, 0xFC, 0x00,
    0x00, 0x00, 0xFF, 0x00, 0x00, 0x00, 0x3F, 0xC0, 0x00, 0x00, 0x0F, 0xF0, 0x00, 0x00, 0x03, 0xFC,
    0x00, 0x00, 0x00, 0xFF, 0x00, 0x00, 0x0F, 0xFF, 0xFF, 0x00, 0x3F, 0xFF, 0x80, 0x1F, 0xFC, 0x03,
    0xFC, 0x00, 0x03, 0xD0, 0x02, 0xFD, 0x00, 0x03, 0x80, 0x00, 0xFF, 0x00, 0x0B, 0x00, 0x00, 0xBF,
    0x40, 0x0E, 0x00, 0x00, 0x3F, 0x80, 0x2C, 0x00, 0x00, 0x3F, 0xC0, 0x3C, 0x00, 0x00, 0x1F, 0xE0,
    0x74, 0x00, 0x00, 0x0F, 0xF0, 0xF0, 0x00, 0x00, 0x07, 0xF9, 0xD0, 0x00, 0x00, 0x03, 0xFF, 0xC0,
    0x00, 0x00, 0x02, 0xFF, 0x80, 0x00, 0x00, 0x00, 0xFF, 0x00, 0x00, 0x00, 0x00, 0xBE, 0x00, 0x00,
    0x00, 0x00, 0x3C, 0x00, 0x00, 0x00, 0x00, 0x3C, 0x00, 0x00, 0x00, 0x00, 0x74, 0x00, 0x00, 0x00,
    0x00, 0xF0, 0x00, 0x00, 0x2F, 0x01, 0xD0, 0x00, 0x00, 0x3F, 0x83, 0x80, 0x00, 0x00, 0x3F, 0x1E,
    0x00, 0x00, 0x00, 0x0B, 0xF4, 0x00, 0x00, 0x00, 0x00, 0x00, 0x1F, 0xFE, 0x00, 0x00, 0x00, 0x00,
    0x00, 0x1F, 0xFE, 0x00, 0x00, 0x00, 0x00, 0x00, 0x01, 0xFE, 0x00, 0x00, 0x00, 0x00, 0x00, 0x00,
    0xFE, 0x00, 0x00, 0x00, 0x00, 0x00, 0x00, 0xFE, 0x00, 0x00, 0x00, 0x00, 0x00, 0x00, 0xFE, 0x00,
    0x00, 0x00, 0x00, 0x00, 0x00, 0xFE, 0x00, 0x00, 0x00, 0x00, 0x00, 0x00, 0xFE, 0x00, 0x00, 0x00,
    0x00, 0x2F, 0xF9, 0xFE, 0xBF, 0xE4, 0x00, 0x02, 0xFD, 0x07, 0xFF, 0x80, 0xBF, 0x40, 0x0F, 0xF0,
    0x01, 0xFF, 0x00, 0x1F, 0xD0, 0x2F, 0xC0, 0x00, 0xFE, 0x00, 0x0F, 0xF0, 0x3F, 0xC0, 0x00, 0xFE,
    0x00, 0x07, 0xF8, 0xBF, 0x80, 0x00, 0xFE, 0x00, 0x03, 0xFC, 0xBF, 0x80, 0x00, 0xFE, 0x00, 0x03,
    0xFC, 0xBF, 0x40, 0x00, 0xFE, 0x00, 0x03, 0xFC, 0xBF, 0x80, 0x00, 0xFE, 0x00, 0x03, 0xFC, 0x7F,
    0x80, 0x00, 0xFE, 0x00, 0x03, 0xFC, 0x3F, 0xC0, 0x00, 0xFE, 0x00, 0x07, 0xF8, 0x2F, 0xD0, 0x00,
    0xFE, 0x00, 0x0F, 0xF0, 0x0B, 0xF0, 0x01, 0xFF, 0x00, 0x2F, 0xD0, 0x02, 0xFD, 0x07, 0xFF, 0xC0,
    0xBF, 0x00, 0x00, 0x2F, 0xF9, 0xFE, 0x7F, 0xE4, 0x00, 0x00, 0x00, 0x00, 0xFE, 0x00, 0x00, 0x00,
    0x00, 0x00, 0x00, 0xFE, 0x00, 0x00, 0x00, 0x00, 0x00, 0x00, 0xFE, 0x00, 0x00, 0x00, 0x00, 0x00,
    0x00, 0xFE, 0x00, 0x00, 0x00, 0x00, 0x00, 0x1F, 0xFF, 0xF0, 0x00, 0x00, 0x00, 0x00, 0x1F, 0xFF,
    0xF0, 0x00, 0x00, 0x3F, 0xFF, 0x40, 0xFF, 0xF8, 0x02, 0xFD, 0x00, 0x3F, 0x40, 0x00, 0xFF, 0x00,
    0x3C, 0x00, 0x00, 0x3F, 0xC0, 0xF0, 0x00, 0x00, 0x1F, 0xE3, 0xD0, 0x00, 0x00, 0x0B, 0xFF, 0x40,
    0x00, 0x00, 0x02, 0xFE, 0x00, 0x00, 0x00, 0x00, 0xFF, 0x00, 0x00, 0x00, 0x00, 0xFF, 0xC0, 0x00,
    0x00, 0x03, 0xDF, 0xE0, 0x00, 0x00, 0x0F, 0x0B, 0xF4, 0x00, 0x00, 0x2D, 0x02, 0xFD, 0x00, 0x00,
    0xB8, 0x00, 0xFF, 0x00, 0x02, 0xF0, 0x00, 0x7F, 0xC0, 0x7F, 0xFC, 0x01, 0xFF, 0xFD, 0xFF, 0xFF,
    0x47, 0xFF, 0xFC, 0x0B, 0xF4, 0x00, 0x7F, 0xC0, 0x0B, 0xF0, 0x00, 0x3F, 0x80, 0x0B, 0xF0, 0x00,
    0x3F, 0x80, 0x0B, 0xF0, 0x00, 0x3F, 0x80, 0x0B, 0xF0, 0x00, 0x3F, 0x80, 0x0B, 0xF0, 0x00, 0x3F,
    0x80, 0x0B, 0xF0, 0x00, 0x3F, 0x80, 0x0B, 0xF0, 0x00, 0x3F, 0x80, 0x0B, 0xF0, 0x00, 0x3F, 0x80,
    0x0B, 0xF0, 0x00, 0x3F, 0x80, 0x0B, 0xF0, 0x00, 0x3F, 0x80, 0x0B, 0xF0, 0x00, 0x3F, 0x80, 0x0B,
    0xF4, 0x00, 0x3F, 0xC0, 0xFF, 0xFF, 0xFF, 0xFF, 0xFD, 0x00, 0x00, 0x00, 0x00, 0xBD, 0x00, 0x00,
    0x00, 0x00, 0x2E, 0x00, 0x00, 0x00, 0x00, 0x0E, 0x00, 0x00, 0x00, 0x00, 0x0E, 0x00, 0x00, 0x00,
    0x00, 0x0B, 0xFF, 0xFF, 0x47, 0xFF, 0xFC, 0x2F, 0xD0, 0x01, 0xFF, 0x00, 0xBF, 0x00, 0x03, 0xF8,
    0x02, 0xFC, 0x00, 0x0F, 0xE0, 0x0B, 0xF0, 0x00, 0x3F, 0x80, 0x2F, 0xC0, 0x00, 0xFE, 0x00, 0x7F,
    0x40, 0x03, 0xF8, 0x00, 0xBF, 0x01, 0xBF, 0xE0, 0x00, 0x6F, 0xF9, 0x3F, 0x80, 0x00, 0x00, 0x00,
    0xFE, 0x00, 0x00, 0x00, 0x03, 0xF8, 0x00, 0x00, 0x00, 0x0F, 0xE0, 0x00, 0x00, 0x00, 0x3F, 0x80,
    0x00, 0x00, 0x00, 0xFF, 0x00, 0x00, 0x00, 0x7F, 0xFF, 0xC0, 0xFF, 0xFF, 0x4B, 0xFF, 0xF8, 0x7F,
    0xFF, 0xC2, 0xFD, 0x00, 0x2F, 0xE0, 0x01, 0xFF, 0x00, 0xBF, 0x00, 0x07, 0xF4, 0x00, 0x3F, 0x80,
    0x2F, 0xC0, 0x01, 0xFD, 0x00, 0x0F, 0xE0, 0x0B, 0xF0, 0x00, 0x7F, 0x40, 0x03, 0xF8, 0x02, 0xFC,
    0x00, 0x1F, 0xD0, 0x00, 0xFE, 0x00, 0xBF, 0x00, 0x07, 0xF4, 0x00, 0x3F, 0x80, 0x2F, 0xC0, 0x01,
    0xFD, 0x00, 0x0F, 0xE0, 0x0B, 0xF0, 0x00, 0x7F, 0x40, 0x03, 0xF8, 0x02, 0xFC, 0x00, 0x1F, 0xD0,
    0x00, 0xFE, 0x00, 0xBF, 0x00, 0x07, 0xF4, 0x00, 0x3F, 0x80, 0x2F, 0xC0, 0x01, 0xFD, 0x00, 0x0F,
    0xE0, 0x0B, 0xF0, 0x00, 0x7F, 0x40, 0x03, 0xF8, 0x02, 0xFD, 0x00, 0x1F, 0xE0, 0x00, 0xFF, 0x0F,
    0xFF, 0xFF, 0xFF, 0xFF, 0xFF, 0xFF, 0xFC, 0xFF, 0xFF, 0x4B, 0xFF, 0xF8, 0x7F, 0xFF, 0xC0, 0xBF,
    0x40, 0x0B, 0xF8, 0x00, 0x7F, 0xC0, 0x0B, 0xF0, 0x00, 0x7F, 0x40, 0x03, 0xF8, 0x00, 0xBF, 0x00,
    0x07, 0xF4, 0x00, 0x3F, 0x80, 0x0B, 0xF0, 0x00, 0x7F, 0x40, 0x03, 0xF8, 0x00, 0xBF, 0x00, 0x07,
    0xF4, 0x00, 0x3F, 0x80, 0x0B, 0xF0, 0x00, 0x7F, 0x40, 0x03, 0xF8, 0x00, 0xBF, 0x00, 0x07, 0xF4,
    0x00, 0x3F, 0x80, 0x0B, 0xF0, 0x00, 0x7F, 0x40, 0x03, 0xF8, 0x00, 0xBF, 0x00, 0x07, 0xF4, 0x00,
    0x3F, 0x80, 0x0B, 0xF0, 0x00, 0x7F, 0x40, 0x03, 0xF8, 0x00, 0xBF, 0x00, 0x07, 0xF4, 0x00, 0x3F,
    0x80, 0x0B, 0xF0, 0x00, 0x7F, 0x40, 0x03, 0xF8, 0x00, 0xBF, 0x40, 0x07, 0xF8, 0x00, 0x3F, 0xC0,
    0xFF, 0xFF, 0xFF, 0xFF, 0xFF, 0xFF, 0xFF, 0xD0, 0x00, 0x00, 0x00, 0x00, 0x00, 0x00, 0xBD, 0x00,
    0x00, 0x00, 0x00, 0x00, 0x00, 0x02, 0xE0, 0x00, 0x00, 0x00, 0x00, 0x00, 0x00, 0x0E, 0x00, 0x00,
    0x00, 0x00, 0x00, 0x00, 0x00, 0xF0, 0x00, 0x00, 0x00, 0x00, 0x00, 0x00, 0x0B, 0x2F, 0xFF, 0xFF,
    0x00, 0x00, 0x03, 0xF4, 0x3F, 0xC0, 0x00, 0x00, 0x3C, 0x03, 0xFC, 0x00, 0x00, 0x03, 0x80, 0x3F,
    0xC0, 0x00, 0x00, 0x38, 0x03, 0xFC, 0x00, 0x00, 0x00, 0x00, 0x3F, 0xC0, 0x00, 0x00, 0x00, 0x03,
    0xFF, 0xFF, 0xE4, 0x00, 0x00, 0x3F, 0xC0, 0x2F, 0xF0, 0x00, 0x03, 0xFC, 0x00, 0x7F, 0xC0, 0x00,
    0x3F, 0xC0, 0x03, 0xFC, 0x00, 0x03, 0xFC, 0x00, 0x3F, 0xD0, 0x00, 0x3F, 0xC0, 0x03, 0xFC, 0x00,
    0x03, 0xFC, 0x00, 0x7F, 0xC0, 0x00, 0x3F, 0xC0, 0x1F, 0xF0, 0x00, 0x3F, 0xFF, 0xFF, 0xE4, 0x00,
    0xFF, 0xFF, 0x40, 0x00, 0x3F, 0xFF, 0xD0, 0xBF, 0x40, 0x00, 0x00, 0x3F, 0xC0, 0x0B, 0xF0, 0x00,
    0x00, 0x03, 0xFC, 0x00, 0xBF, 0x00, 0x00, 0x00, 0x3F, 0xC0, 0x0B, 0xF0, 0x00, 0x00, 0x03, 0xFC,
    0x00, 0xBF, 0x00, 0x00, 0x00, 0x3F, 0xC0, 0x0B, 0xFF, 0xFF, 0x90, 0x03, 0xFC, 0x00, 0xBF, 0x00,
    0x7F, 0xD0, 0x3F, 0xC0, 0x0B, 0xF0, 0x00, 0xFF, 0x03, 0xFC, 0x00, 0xBF, 0x00, 0x0B, 0xF8, 0x3F,
    0xC0, 0x0B, 0xF0, 0x00, 0xBF, 0x83, 0xFC, 0x00, 0xBF, 0x00, 0x0B, 0xF8, 0x3F, 0xC0, 0x0B, 0xF0,
    0x00, 0xFF, 0x03, 0xFC, 0x00, 0xBF, 0x40, 0x7F, 0xD0, 0x3F, 0xC0, 0xFF, 0xFF, 0xFF, 0xD0, 0x3F,
    0xFF, 0xD0, 0xFF, 0xFF, 0x40, 0x00, 0x02, 0xFD, 0x00, 0x00, 0x00, 0xBF, 0x00, 0x00, 0x00, 0x2F,
    0xC0, 0x00, 0x00, 0x0B, 0xF0, 0x00, 0x00, 0x02, 0xFC, 0x00, 0x00, 0x00, 0xBF, 0xFF, 0xF9, 0x00,
    0x2F, 0xC0, 0x1F, 0xF4, 0x0B, 0xF0, 0x00, 0xFF, 0x02, 0xFC, 0x00, 0x2F, 0xE0, 0xBF, 0x00, 0x0B,
    0xF8, 0x2F, 0xC0, 0x02, 0xFE, 0x0B, 0xF0, 0x00, 0xFF, 0x02, 0xFC, 0x01, 0xFF, 0x4F, 0xFF, 0xFF,
    0xFD, 0x00, 0x91, 0xBF, 0xE0, 0x03, 0xF9, 0x02, 0xF8, 0x0F, 0x40, 0x02, 0xFC, 0x38, 0x00, 0x03,
    0xF8, 0x00, 0x00, 0x0F, 0xF0, 0x0B, 0xE0, 0x2F, 0xD0, 0xFF, 0xF4, 0xFF, 0x40, 0x3F, 0xFF, 0xFE,
    0x00, 0x2F, 0x8B, 0xF4, 0x00, 0x00, 0x3F, 0xD0, 0x00, 0x00, 0xFF, 0x38, 0x00, 0x07, 0xF8, 0x74,
    0x00, 0x3F, 0xC0, 0x78, 0x07, 0xF8, 0x00, 0x2F, 0xFE, 0x00, 0x00, 0xFF, 0xFF, 0x40, 0x06, 0xFF,
    0x90, 0x00, 0x2F, 0xD0, 0x01, 0xF8, 0x02, 0xF4, 0x00, 0xBF, 0x00, 0x2F, 0x80, 0x02, 0xF8, 0x02,
    0xFC, 0x01, 0xFC, 0x00, 0x03, 0xF4, 0x0B, 0xF0, 0x0F, 0xF0, 0x00, 0x0F, 0xF0, 0x2F, 0xC0, 0x3F,
    0xC0, 0x00, 0x3F, 0xC0, 0xBF, 0xFF, 0xFF, 0x00, 0x00, 0xFF, 0x42, 0xFC, 0x07, 0xFC, 0x00, 0x03,
    0xFD, 0x0B, 0xF0, 0x1F, 0xF0, 0x00, 0x0F, 0xF4, 0x2F, 0xC0, 0x3F, 0xC0, 0x00, 0x3F, 0xC0, 0xBF,
    0x00, 0xFF, 0x00, 0x00, 0xFF, 0x02, 0xFC, 0x01, 0xFC, 0x00, 0x07, 0xF4, 0x0B, 0xF0, 0x02, 0xF8,
    0x00, 0x3F, 0x80, 0x2F, 0xD0, 0x02, 0xF8, 0x02, 0xF4, 0x0F, 0xFF, 0xF4, 0x00, 0xBF, 0xFE, 0x00,
    0x00, 0x00, 0x00, 0x00, 0x00, 0x00, 0x00, 0x00, 0x1B, 0xFF, 0xFF, 0xFC, 0x0B, 0xF4, 0x00, 0xFE,
    0x00, 0xBF, 0x80, 0x03, 0xF8, 0x03, 0xFD, 0x00, 0x0F, 0xE0, 0x0F, 0xF4, 0x00, 0x3F, 0x80, 0x1F,
    0xE0, 0x00, 0xFE, 0x00, 0x1F, 0xE0, 0x03, 0xF8, 0x00, 0x06, 0xFF, 0xFF, 0xE0, 0x00, 0x03, 0xFD,
    0x3F, 0x80, 0x00, 0x2F, 0xD0, 0xFE, 0x00, 0x02, 0xFE, 0x03, 0xF8, 0x00, 0x1F, 0xF0, 0x0F, 0xE0,
    0x01, 0xFF, 0x00, 0x3F, 0x80, 0x1F, 0xF4, 0x00, 0xFE, 0x07, 0xFF, 0xF4, 0x7F, 0xFF, 0xC0, 0x00,
    0x0F, 0x40, 0x00, 0x00, 0x3F, 0xD0, 0x00, 0x00, 0x3F, 0xF4, 0x00, 0x00, 0x0F, 0xFD, 0x00, 0x00,
    0x00, 0xBF, 0x00, 0x00, 0x00, 0x05, 0x00, 0x00, 0x00, 0x00, 0x00, 0x00, 0x6F, 0xF9, 0x00, 0x03,
    0xF4, 0x0F, 0xC0, 0x0F, 0xD0, 0x03, 0xF0, 0x3F, 0xC0, 0x01, 0xF8, 0x7F, 0x80, 0x00, 0xFC, 0xBF,
    0x40, 0x00, 0xFC, 0xFF, 0x40, 0x00, 0xFD, 0xFF, 0xFF, 0xFF, 0xFC, 0xFF, 0x40, 0x00, 0x00, 0xBF,
    0x40, 0x00, 0x00, 0x7F, 0x80, 0x00, 0x00, 0x2F, 0xC0, 0x00, 0x1C, 0x0F, 0xD0, 0x00, 0x3C, 0x02,
    0xF8, 0x02, 0xE0, 0x00, 0x2F, 0xFE, 0x40, 0x07, 0xD0, 0x0F, 0x80, 0x1F, 0xF4, 0x3F, 0xE0, 0x2F,
    0xF4, 0x3F, 0xF0, 0x1F, 0xF4, 0x3F, 0xE0, 0x07, 0xD0, 0x0F, 0x80, 0x00, 0x00, 0x00, 0x00, 0x00,
    0x00, 0x00, 0x00, 0x00, 0x00, 0x00, 0x00, 0x00, 0x6F, 0xF9, 0x00, 0x03, 0xF4, 0x0F, 0xC0, 0x0F,
    0xD0, 0x03, 0xF0, 0x3F, 0xC0, 0x01, 0xF8, 0x7F, 0x80, 0x00, 0xFC, 0xBF, 0x40, 0x00, 0xFC, 0xFF,
    0x40, 0x00, 0xFD, 0xFF, 0xFF, 0xFF, 0xFC, 0xFF, 0x40, 0x00, 0x00, 0xBF, 0x40, 0x00, 0x00, 0x7F,
    0x80, 0x00, 0x00, 0x3F, 0xC0, 0x00, 0x1C, 0x0F, 0xD0, 0x00, 0x3C, 0x02, 0xF8, 0x02, 0xE0, 0x00,
    0x2F, 0xFE, 0x40, 0xBF, 0xF4, 0x00, 0x00, 0x0B, 0xFF, 0x40, 0x00, 0x00, 0x07, 0xF4, 0x00, 0x00,
    0x0F, 0xFF, 0xFF, 0xFF, 0xFD, 0xFF, 0xFF, 0xFF, 0xFF, 0xD0, 0x7F, 0x40, 0x00, 0x00, 0x07, 0xF4,
    0x00, 0x00, 0x00, 0x7F, 0x40, 0x00, 0x00, 0x07, 0xF4, 0x2F, 0xF8, 0x00, 0x7F, 0x5D, 0x07, 0xF4,
    0x07, 0xFB, 0x00, 0x2F, 0xC0, 0x7F, 0xD0, 0x02, 0xFC, 0x07, 0xFC, 0x00, 0x2F, 0xC0, 0x7F, 0x80,
    0x02, 0xFC, 0x07, 0xF8, 0x00, 0x2F, 0xC0, 0x7F, 0x80, 0x02, 0xFC, 0x07, 0xF8, 0x00, 0x2F, 0xC0,
    0x7F, 0x80, 0x02, 0xFC, 0x07, 0xF8, 0x00, 0x2F, 0xC0, 0x7F, 0x80, 0x02, 0xF8, 0x07, 0xF8, 0x00,
    0x3F, 0x80, 0x7F, 0x80, 0x03, 0xF0, 0xBF, 0xFF, 0xC0, 0x7F, 0x00, 0x00, 0x00, 0x0B, 0xD0, 0x00,
    0x00, 0x00, 0xFC, 0x00, 0x00, 0x00, 0x2F, 0x00, 0x00, 0x00, 0x0B, 0xC0, 0x00, 0x00, 0x02, 0xE0,
    0x00, 0x00, 0x07, 0xE0, 0x00, 0x00, 0x00, 0x01, 0xF0, 0x00, 0x00, 0x2F, 0xE0, 0x00, 0x02, 0xFF,
    0x80, 0x00, 0x2F, 0xF8, 0x00, 0x00, 0xF9, 0x00, 0x00, 0x00, 0x00, 0x00, 0x00, 0x00, 0x00, 0x00,
    0x3F, 0xFF, 0xFF, 0xFC, 0x0B, 0xF0, 0x02, 0xF0, 0x2F, 0xC0, 0x03, 0xC0, 0xBF, 0x00, 0x07, 0x02,
    0xFC, 0x00, 0x1D, 0x0B, 0xF0, 0x00, 0x00, 0x2F, 0xC0, 0x00, 0x00, 0xBF, 0x00, 0x00, 0x02, 0xFC,
    0x00, 0x00, 0x0B, 0xF0, 0x00, 0x00, 0x2F, 0xC0, 0x00, 0x00, 0xBF, 0x00, 0x00, 0x02, 0xFC, 0x00,
    0x00, 0x0B, 0xF4, 0x00, 0x03, 0xFF, 0xFF, 0x00, 0x00, 0x00, 0x6F, 0xF9, 0x24, 0x0F, 0xD0, 0x2F,
    0xE0, 0xFD, 0x00, 0x0F, 0x8F, 0xF0, 0x00, 0x1E, 0x7F, 0x80, 0x00, 0x26, 0xFD, 0x00, 0x00, 0x0F,
    0xFF, 0xF9, 0x00, 0x3F, 0xD7, 0xFF, 0xC0, 0xFF, 0x42, 0xF4, 0x03, 0xFD, 0x00, 0x00, 0x0B, 0xF8,
    0x00, 0x00, 0x0F, 0xF0, 0x00, 0x0D, 0x1F, 0xE0, 0x00, 0xB0, 0x1F, 0xE0, 0x1F, 0x00, 0x06, 0xFF,
    0x90, 0x00, 0x02, 0xFF, 0xDE, 0x0B, 0x80, 0x1F, 0xC7, 0xC0, 0x00, 0xF2, 0xE0, 0x00, 0x38, 0xBD,
    0x00, 0x00, 0x2F, 0xF6, 0x40, 0x03, 0xFF, 0xFF, 0x40, 0x2F, 0xFF, 0xF8, 0x00, 0xAF, 0xFF, 0x00,
    0x00, 0x1F, 0xEB, 0x00, 0x00, 0xFB, 0xD0, 0x00, 0x2E, 0xFC, 0x00, 0x0F, 0x3F, 0xD0, 0x1B, 0x4B,
    0x5F, 0xFE, 0x00, 0x00, 0x00, 0x00, 0x07, 0xE0, 0x03, 0xFD, 0x01, 0xFF, 0x80, 0x3F, 0xD0, 0x07,
    0xE0, 0x00, 0x00, 0x00, 0x00, 0x00, 0x00, 0x00, 0x7F, 0xF4, 0x01, 0xFD, 0x00, 0x3F, 0x40, 0x0F,
    0xD0, 0x03, 0xF4, 0x00, 0xFD, 0x00, 0x3F, 0x40, 0x0F, 0xD0, 0x03, 0xF4, 0x00, 0xFD, 0x00, 0x3F,
    0x40, 0x0F, 0xD0, 0x03, 0xF4, 0x01, 0xFE, 0x07, 0xFF, 0xF4, 0x1F, 0x40, 0x3E, 0x1F, 0xF4, 0x3F,
    0xEB, 0xFD, 0x0F, 0xFD, 0xFF, 0x43, 0xFE, 0x1F, 0x40, 0x3E, 0x00, 0x00, 0x00, 0x00, 0x00, 0x00,
    0x00, 0x00, 0x00, 0x00, 0x07, 0xFF, 0x40, 0x00, 0x1F, 0xD0, 0x00, 0x03, 0xF4, 0x00, 0x00, 0xFD,
    0x00, 0x00, 0x3F, 0x40, 0x00, 0x0F, 0xD0, 0x00, 0x03, 0xF4, 0x00, 0x00, 0xFD, 0x00, 0x00, 0x3F,
    0x40, 0x00, 0x0F, 0xD0, 0x00, 0x03, 0xF4, 0x00, 0x00, 0xFD, 0x00, 0x00, 0x3F, 0x40, 0x00, 0x1F,
    0xE0, 0x00, 0x7F, 0xFF, 0x40, 0x00, 0x07, 0xE0, 0x00, 0x3F, 0xE0, 0x01, 0xFF, 0xC0, 0x03, 0xFE,
    0x00, 0x07, 0xE0, 0x00, 0x00, 0x00, 0x00, 0x00, 0x00, 0x00, 0x00, 0x00, 0x7F, 0xFC, 0x01, 0xFF,
    0xF0, 0x00, 0x3F, 0xC0, 0x00, 0xFF, 0x00, 0x03, 0xFC, 0x00, 0x0F, 0xF0, 0x00, 0x3F, 0xC0, 0x00,
    0xFF, 0x00, 0x03, 0xFC, 0x00, 0x0F, 0xF0, 0x00, 0x3F, 0xC0, 0x00, 0xFF, 0x00, 0x03, 0xFC, 0x00,
    0x0F, 0xF0, 0x00, 0x3F, 0xC0, 0x00, 0xFF, 0x00, 0x03, 0xFC, 0xF4, 0x0F, 0xEB, 0xF0, 0x3F, 0x7F,
    0xC1, 0xFC, 0x7F, 0x0F, 0xC0, 0x2F, 0xF4, 0x00, 0x00, 0x7F, 0xFF, 0xFF, 0xFF, 0x00, 0x00, 0x00,
    0x03, 0xEA, 0xAF, 0xF0, 0x00, 0x00, 0x00, 0x03, 0x80, 0x0F, 0xE0, 0x00, 0x00, 0x00, 0x03, 0x80,
    0x0F, 0xE0, 0x00, 0x00, 0x00, 0x03, 0x80, 0x0F, 0xE0, 0x00, 0x00, 0x00, 0x03, 0x80, 0x0F, 0xE0,
    0x00, 0x00, 0x00, 0x03, 0x80, 0x0F, 0xFF, 0xFE, 0x00, 0x00, 0x03, 0x80, 0x0F, 0xE0, 0x2F, 0xE0,
    0x00, 0x03, 0x80, 0x0F, 0xE0, 0x0B, 0xF8, 0x00, 0x03, 0x40, 0x0F, 0xE0, 0x03, 0xFC, 0x00, 0x07,
    0x40, 0x0F, 0xE0, 0x03, 0xFC, 0x2F, 0x0B, 0x00, 0x0F, 0xE0, 0x03, 0xFC, 0x3F, 0x5F, 0x00, 0x0F,
    0xE0, 0x0B, 0xF8, 0x3F, 0xFD, 0x00, 0x1F, 0xE0, 0x2F, 0xE0, 0x0F, 0xF4, 0x01, 0xFF, 0xFF, 0xFE,
    0x00, 0xFF, 0xFF, 0x47, 0xFF, 0xFC, 0x00, 0x00, 0x2F, 0xD0, 0x00, 0xFF, 0x00, 0x00, 0x00, 0xBF,
    0x00, 0x03, 0xF8, 0x00, 0x00, 0x02, 0xFC, 0x00, 0x0F, 0xE0, 0x00, 0x00, 0x0B, 0xF0, 0x00, 0x3F,
    0x80, 0x00, 0x00, 0x2F, 0xC0, 0x00, 0xFE, 0x00, 0x00, 0x00, 0xBF, 0xFF, 0xFF, 0xFF, 0xFF, 0x80,
    0x02, 0xFC, 0x00, 0x0F, 0xE0, 0x2F, 0xE0, 0x0B, 0xF0, 0x00, 0x3F, 0x80, 0x2F, 0xE0, 0x2F, 0xC0,
    0x00, 0xFE, 0x00, 0x3F, 0xC0, 0xBF, 0x00, 0x03, 0xF8, 0x00, 0xFF, 0x02, 0xFC, 0x00, 0x0F, 0xE0,
    0x03, 0xFC, 0x0B, 0xF0, 0x00, 0x3F, 0x80, 0x2F, 0xE0, 0x2F, 0xD0, 0x00, 0xFF, 0x06, 0xFE, 0x0F,
    0xFF, 0xF4, 0x7F, 0xFF, 0xFF, 0x80, 0x00, 0xBF, 0xF4, 0x00, 0x00, 0x00, 0xBF, 0xF4, 0x00, 0x00,
    0x00, 0x07, 0xF4, 0x00, 0x00, 0x00, 0xFF, 0xFF, 0xFF, 0xFC, 0x00, 0xFF, 0xFF, 0xFF, 0xFC, 0x00,
    0x07, 0xF4, 0x00, 0x00, 0x00, 0x07, 0xF4, 0x00, 0x00, 0x00, 0x07, 0xF4, 0x00, 0x00, 0x00, 0x07,
    0xF4, 0x2F, 0xF8, 0x00, 0x07, 0xF5, 0xD0, 0xBF, 0x00, 0x07, 0xFB, 0x00, 0x3F, 0x80, 0x07, 0xFD,
    0x00, 0x3F, 0xC0, 0x07, 0xFC, 0x00, 0x2F, 0xC0, 0x07, 0xF8, 0x00, 0x2F, 0xC0, 0x07, 0xF8, 0x00,
    0x2F, 0xC0, 0x07, 0xF8, 0x00, 0x2F, 0xC0, 0x07, 0xF8, 0x00, 0x2F, 0xC0, 0x07, 0xF8, 0x00, 0x2F,
    0xC0, 0x07, 0xF8, 0x00, 0x2F, 0xC0, 0x07, 0xF8, 0x00, 0x2F, 0xC0, 0x07, 0xF8, 0x00, 0x2F, 0xC0,
    0x07, 0xF8, 0x00, 0x3F, 0xC0, 0xBF, 0xFF, 0xC3, 0xFF, 0xFD, 0x00, 0x00, 0x0F, 0x40, 0x00, 0x00,
    0x00, 0x3F, 0xC0, 0x00, 0x00, 0x01, 0xFF, 0xC0, 0x00, 0x00, 0x07, 0xFF, 0x40, 0x00, 0x00, 0x0F,
    0xE0, 0x00, 0x00, 0x00, 0x00, 0x00, 0x00, 0x00, 0x00, 0x00, 0x00, 0x00, 0x00, 0xFF, 0xFF, 0x40,
    0x7F, 0xF8, 0x0B, 0xF0, 0x00, 0x3F, 0x40, 0x0B, 0xF0, 0x00, 0xF8, 0x00, 0x0B, 0xF0, 0x07, 0xE0,
    0x00, 0x0B, 0xF0, 0x2F, 0x40, 0x00, 0x0B, 0xF0, 0xFC, 0x00, 0x00, 0x0B, 0xF7, 0xFD, 0x00, 0x00,
    0x0B, 0xFF, 0xFF, 0x40, 0x00, 0x0B, 0xF8, 0x3F, 0xC0, 0x00, 0x0B, 0xF0, 0x1F, 0xF0, 0x00, 0x0B,
    0xF0, 0x0B, 0xF8, 0x00, 0x0B, 0xF0, 0x02, 0xFE, 0x00, 0x0B, 0xF0, 0x00, 0xFF, 0x40, 0x0B, 0xF0,
    0x00, 0x7F, 0xD0, 0xFF, 0xFF, 0x40, 0xFF, 0xFD, 0x00, 0x0F, 0x80, 0x00, 0x00, 0x00, 0xBF, 0xC0,
    0x00, 0x00, 0x01, 0xFF, 0xD0, 0x00, 0x00, 0x00, 0x6F, 0xD0, 0x00, 0x00, 0x00, 0x01, 0x00, 0x00,
    0x00, 0x00, 0x00, 0x00, 0x0F, 0xFF, 0xF4, 0x7F, 0xFF, 0xC2, 0xFD, 0x00, 0x1F, 0xF0, 0x0B, 0xF0,
    0x00, 0xFF, 0x80, 0x2F, 0xC0, 0x0B, 0xFE, 0x00, 0xBF, 0x00, 0x3B, 0xF8, 0x02, 0xFC, 0x03, 0x8F,
    0xE0, 0x0B, 0xF0, 0x2C, 0x3F, 0x80, 0x2F, 0xC1, 0xD0, 0xFE, 0x00, 0xBF, 0x0E, 0x03, 0xF8, 0x02,
    0xFC, 0xB0, 0x0F, 0xE0, 0x0B, 0xF7, 0x40, 0x3F, 0x80, 0x2F, 0xF8, 0x00, 0xFE, 0x00, 0xBF, 0xC0,
    0x03, 0xF8, 0x02, 0xFD, 0x00, 0x0F, 0xF0, 0xFF, 0xFF, 0x47, 0xFF, 0xFC, 0x00, 0x1F, 0x40, 0x3E,
    0x00, 0x00, 0x3F, 0xC0, 0xFF, 0x40, 0x00, 0x7F, 0xC0, 0xFF, 0x80, 0x00, 0x7F, 0xC0, 0xFF, 0x40,
    0x00, 0x1F, 0x40, 0x7E, 0x00, 0x00, 0x02, 0xFF, 0xE0, 0x00, 0x00, 0x00, 0x00, 0x00, 0x00, 0x00,
    0x00, 0x00, 0x00, 0x00, 0x3F, 0xFF, 0x80, 0x1F, 0xFC, 0x03, 0xFC, 0x00, 0x03, 0xD0, 0x02, 0xFD,
    0x00, 0x03, 0x80, 0x00, 0xFF, 0x00, 0x0B, 0x00, 0x00, 0xBF, 0x40, 0x0E, 0x00, 0x00, 0x3F, 0x80,
    0x2C, 0x00, 0x00, 0x3F, 0xC0, 0x3C, 0x00, 0x00, 0x1F, 0xE0, 0x74, 0x00, 0x00, 0x0F, 0xF0, 0xF0,
    0x00, 0x00, 0x07, 0xF9, 0xD0, 0x00, 0x00, 0x03, 0xFF, 0xC0, 0x00, 0x00, 0x02, 0xFF, 0x80, 0x00,
    0x00, 0x00, 0xFF, 0x00, 0x00, 0x00, 0x00, 0xBE, 0x00, 0x00, 0x00, 0x00, 0x3C, 0x00, 0x00, 0x00,
    0x00, 0x3C, 0x00, 0x00, 0x00, 0x00, 0x74, 0x00, 0x00, 0x00, 0x00, 0xF0, 0x00, 0x00, 0x2F, 0x01,
    0xD0, 0x00, 0x00, 0x3F, 0x83, 0x80, 0x00, 0x00, 0x3F, 0x1E, 0x00, 0x00, 0x00, 0x0B, 0xF4, 0x00,
    0x00, 0x00, 0xFF, 0xFF, 0x47, 0xFF, 0xFC, 0x2F, 0xD0, 0x01, 0xFF, 0x00, 0xBF, 0x00, 0x03, 0xF8,
    0x02, 0xFC, 0x00, 0x0F, 0xE0, 0x0B, 0xF0, 0x00, 0x3F, 0x80, 0x2F, 0xC0, 0x00, 0xFE, 0x00, 0xBF,
    0x00, 0x03, 0xF8, 0x02, 0xFC, 0x00, 0x0F, 0xE0, 0x0B, 0xF0, 0x00, 0x3F, 0x80, 0x2F, 0xC0, 0x00,
    0xFE, 0x00, 0xBF, 0x00, 0x03, 0xF8, 0x02, 0xFC, 0x00, 0x0F, 0xE0, 0x0B, 0xF0, 0x00, 0x3F, 0x80,
    0x2F, 0xD0, 0x00, 0xFF, 0x0F, 0xFF, 0xFF, 0xFF, 0xFF, 0xC0, 0x00, 0x3F, 0x00, 0x00, 0x00, 0x00,
    0xBC, 0x00, 0x00, 0x00, 0x01, 0xE0, 0x00, 0x00, 0x00, 0x07, 0x40, 0x00, 0x00, 0x00, 0x1D, 0x00,
    0x00, 0x00, 0x06, 0xFF, 0x80, 0x00, 0x0B, 0xFE, 0x40, 0x00, 0x01, 0xFD, 0x07, 0xC0, 0x00, 0xF4,
    0x1F, 0xC0, 0x00, 0x2F, 0xC0, 0x2F, 0x40, 0x0B, 0xE0, 0x1F, 0xD0, 0x02, 0xFD, 0x01, 0xFE, 0x00,
    0x3F, 0xC0, 0x2F, 0xD0, 0x0F, 0xF0, 0x03, 0xF8, 0x00, 0xFF, 0x00, 0x3F, 0xC0, 0xBF, 0x80, 0x0B,
    0xC0, 0x01, 0xF4, 0x00, 0xFF, 0x83, 0xFD, 0x00, 0x00, 0x00, 0x00, 0x00, 0x02, 0xFF, 0x1F, 0xF4,
    0x00, 0x00, 0x00, 0x00, 0x00, 0x07, 0xFD, 0xBF, 0xC0, 0x00, 0x00, 0x00, 0x00, 0x00, 0x1F, 0xF7,
    0xFF, 0x00, 0x00, 0x00, 0x00, 0x00, 0x00, 0x7F, 0xEF, 0xFC, 0x00, 0x00, 0x00, 0x00, 0x00, 0x01,
    0xFF, 0xBF, 0xF0, 0x00, 0x0B, 0xFF, 0xF4, 0x00, 0x07, 0xFF, 0xFF, 0xC0, 0x00, 0x2F, 0xFF, 0xD0,
    0x00, 0x1F, 0xFB, 0xFF, 0x00, 0x00, 0x0F, 0xF8, 0x00, 0x00, 0x7F, 0xEB, 0xFC, 0x00, 0x00, 0x3F,
    0xE0, 0x00, 0x01, 0xFF, 0x9F, 0xF4, 0x00, 0x00, 0xFF, 0x80, 0x00, 0x07, 0xFD, 0x3F, 0xD0, 0x00,
    0x03, 0xFE, 0x00, 0x00, 0x2F, 0xF0, 0xFF, 0x80, 0x00, 0x0F, 0xF8, 0x00, 0x00, 0xFF, 0x81, 0xFF,
    0x00, 0x00, 0x3F, 0xE0, 0x00, 0x03, 0xFC, 0x02, 0xFD, 0x00, 0x00, 0xFF, 0x80, 0x00, 0x2F, 0xD0,
    0x02, 0xFC, 0x00, 0x03, 0xFE, 0x00, 0x00, 0xFE, 0x00, 0x02, 0xFD, 0x00, 0x7D, 0x2F, 0x40, 0x1F,
    0xD0, 0x00, 0x00, 0x7F, 0xFE, 0x40, 0x06, 0xFF, 0xE4, 0x00, 0x00, 0x00, 0x6F, 0xF8, 0x00, 0x1F,
    0xF9, 0x00, 0x00, 0xFE, 0x0F, 0xC0, 0x1F, 0x87, 0xF4, 0x00, 0xFE, 0x0B, 0xF0, 0x0B, 0xF0, 0x3F,
    0x80, 0xFF, 0x00, 0xF8, 0x00, 0xF8, 0x07, 0xF4, 0x7F, 0xC0, 0x00, 0x00, 0x00, 0x00, 0xFF, 0x2F,
    0xE0, 0x00, 0x00, 0x00, 0x00, 0x3F, 0xCB, 0xF8, 0x00, 0x7F, 0xFF, 0x00, 0x0F, 0xF2, 0xFD, 0x00,
    0x02, 0xFC, 0x00, 0x03, 0xFC, 0xBF, 0x80, 0x00, 0xBF, 0x00, 0x00, 0xFF, 0x1F, 0xE0, 0x00, 0x2F,
    0xC0, 0x00, 0x3F, 0xC3, 0xFC, 0x00, 0x0B, 0xF0, 0x00, 0x1F, 0xE0, 0xBF, 0x00, 0x02, 0xFC, 0x00,
    0x0B, 0xF0, 0x0F, 0xE0, 0x00, 0xFF, 0x40, 0x03, 0xF4, 0x00, 0xFE, 0x01, 0xF4, 0xB8, 0x07, 0xF4,
    0x00, 0x06, 0xFF, 0xD0, 0x02, 0xFF, 0xE0, 0x00, 0x00, 0x00, 0x00, 0x00, 0x00, 0x00, 0x00, 0x00,
    0x00, 0x00, 0x00, 0x00, 0x00, 0x00, 0x00, 0x2F, 0xFF, 0xFF, 0xC0, 0x00, 0x00, 0x00, 0x00, 0x0F,
    0xF4, 0x00, 0x00, 0x00, 0x00, 0x00, 0x03, 0xFD, 0x00, 0x00, 0x00, 0x00, 0x1F, 0xFF, 0xFF, 0xFF,
    0xFF, 0xFF, 0x00, 0x0B, 0xFF, 0xFF, 0xFF, 0xFF, 0xFF, 0xC0, 0x02, 0xF4, 0x0F, 0xF4, 0x00, 0x06,
    0xF0, 0x00, 0xF0, 0x03, 0xFD, 0x00, 0x00, 0x2D, 0x00, 0x38, 0x00, 0xFF, 0x40, 0x00, 0x03, 0x80,
    0x00, 0x00, 0x3F, 0xD0, 0x00, 0x00, 0x00, 0x00, 0x00, 0x0F, 0xF4, 0x00, 0x00, 0x00, 0x00, 0x00,
    0x03, 0xFF, 0x94, 0x00, 0x00, 0x00, 0x00, 0x00, 0xFF, 0xFF, 0xFF, 0xF9, 0x00, 0x00, 0x00, 0x3F,
    0xD0, 0x00, 0x2F, 0xF4, 0x00, 0x00, 0x0F, 0xF4, 0x00, 0x00, 0xFF, 0x80, 0x00, 0x03, 0xFD, 0x00,
    0x00, 0x1F, 0xF4, 0x00, 0x00, 0xFF, 0x40, 0x00, 0x03, 0xFF, 0x00, 0x00, 0x3F, 0xD0, 0x00, 0x00,
    0xFF, 0xC0, 0x00, 0x0F, 0xF4, 0x00, 0x00, 0x3F, 0xF0, 0x00, 0x03, 0xFD, 0x00, 0x00, 0x0F, 0xFC,
    0x00, 0x00, 0xFF, 0x40, 0x00, 0x0B, 0xFD, 0x00, 0x00, 0x3F, 0xD0, 0x00, 0x03, 0xFF, 0x00, 0x00,
    0x0F, 0xF4, 0x00, 0x07, 0xFF, 0x40, 0x02, 0xFF, 0xFF, 0xFF, 0xFF, 0xFF, 0x00, 0x00, 0xBF, 0xFF,
    0xFF, 0xFF, 0xF9, 0x00, 0x00, 0x10, 0x00, 0x00, 0x00, 0x02, 0xC0, 0x1D, 0x00, 0x00, 0x1F, 0x0B,
    0xC0, 0x00, 0x00, 0xBF, 0xF4, 0x00, 0x00, 0x03, 0xFE, 0x00, 0x00, 0x00, 0x3F, 0xD0, 0x00, 0x00,
    0x02, 0xFC, 0x00, 0x00, 0x00, 0x2F, 0xC0, 0x00, 0x00, 0x7F, 0xFF, 0xFF, 0x00, 0x07, 0xFF, 0xFF,
    0xF0, 0x00, 0x02, 0xFC, 0x00, 0x00, 0x00, 0x2F, 0xC0, 0x00, 0x00, 0x02, 0xFC, 0x00, 0x00, 0x00,
    0x2F, 0xC0, 0x00, 0x00, 0x02, 0xFF, 0xFF, 0xE4, 0x00, 0x2F, 0xC0, 0x1F, 0xF4, 0x02, 0xFC, 0x00,
    0x3F, 0xC0, 0x2F, 0xC0, 0x02, 0xFE, 0x02, 0xFC, 0x00, 0x2F, 0xE0, 0x2F, 0xC0, 0x02, 0xFE, 0x02,
    0xFC, 0x00, 0x3F, 0xC0, 0x2F, 0xC0, 0x1F, 0xF4, 0x3F, 0xFF, 0xFF, 0xF4, 0x00, 0x00, 0x00, 0x00,
    0x00, 0x00, 0x00, 0x00, 0x00, 0x00, 0x0B, 0xFF, 0xFF, 0xF0, 0x00, 0x00, 0x1B, 0xFF, 0xE4, 0x1E,
    0x00, 0xFF, 0x80, 0x00, 0x00, 0x2F, 0xFF, 0xFF, 0xFF, 0xF0, 0x0F, 0xF8, 0x00, 0x00, 0x2F, 0xFE,
    0x40, 0x1F, 0xFF, 0x00, 0xFF, 0x80, 0x00, 0x0F, 0xFE, 0x00, 0x00, 0x2F, 0xF0, 0x0F, 0xF8, 0x00,
    0x03, 0xFF, 0x40, 0x00, 0x00, 0x7F, 0x00, 0xFF, 0x80, 0x00, 0xBF, 0xD0, 0x00, 0x00, 0x02, 0xF0,
    0x0F, 0xF8, 0x00, 0x0F, 0xFC, 0x00, 0x00, 0x00, 0x1F, 0x00, 0xFF, 0x80, 0x02, 0xFF, 0x40, 0x00,
    0x00, 0x00, 0xF0, 0x0F, 0xF8, 0x00, 0x3F, 0xF0, 0x00, 0x00, 0x00, 0x00, 0x00, 0xFF, 0x80, 0x03,
    0xFF, 0x00, 0x00, 0x00, 0x00, 0x00, 0x0F, 0xF8, 0x00, 0x7F, 0xF0, 0x00, 0x00, 0x00, 0x00, 0x00,
    0xFF, 0xFF, 0xFF, 0xFF, 0x7F, 0xFE, 0x40, 0x64, 0x00, 0x0F, 0xFF, 0xFF, 0xFF, 0xFF, 0xFF, 0xFF,
    0xFF, 0x40, 0x00, 0xFF, 0x80, 0x07, 0xFF, 0x01, 0xFF, 0xFE, 0x00, 0x00, 0x0F, 0xF8, 0x00, 0x3F,
    0xF0, 0x00, 0xBF, 0x40, 0x00, 0x00, 0xFF, 0x80, 0x03, 0xFF, 0x00, 0x00, 0x00, 0x00, 0x00, 0x0F,
    0xF8, 0x00, 0x1F, 0xF8, 0x00, 0x00, 0x00, 0x0A, 0x00, 0xFF, 0x80, 0x00, 0xFF, 0xC0, 0x00, 0x00,
    0x00, 0xE0, 0x0F, 0xF8, 0x00, 0x07, 0xFF, 0x00, 0x00, 0x00, 0x2D, 0x00, 0xFF, 0x80, 0x00, 0x1F,
    0xFD, 0x00, 0x00, 0x0B, 0xC0, 0x0F, 0xF8, 0x00, 0x00, 0x3F, 0xFD, 0x00, 0x1B, 0xF0, 0xBF, 0xFF,
    0xFF, 0x00, 0x00, 0x7F, 0xFF, 0xFF, 0xF4, 0x0B, 0xFF, 0xFF, 0xF0, 0x00, 0x00, 0x1B, 0xFF, 0xE4,
    0x00, 0xFF, 0xFF, 0x40, 0x06, 0xFF, 0x9B, 0x02, 0xFD, 0x00, 0x1F, 0xD0, 0x6F, 0xD0, 0xBF, 0x00,
    0x1F, 0xC0, 0x01, 0xF4, 0x2F, 0xC0, 0x0F, 0xE0, 0x00, 0x2D, 0x0B, 0xF0, 0x0B, 0xF0, 0x00, 0x02,
    0x02, 0xFC, 0x03, 0xFC, 0x00, 0x00, 0x00, 0xBF, 0xFF, 0xFF, 0xFF, 0xFF, 0x00, 0x2F, 0xC0, 0x3F,
    0xC2, 0xF9, 0x00, 0x0B, 0xF0, 0x0F, 0xF0, 0x00, 0x00, 0x02, 0xFC, 0x03, 0xFC, 0x00, 0x00, 0x00,
    0xBF, 0x00, 0xBF, 0x40, 0x00, 0x00, 0x2F, 0xC0, 0x0F, 0xE0, 0x00, 0x2C, 0x0B, 0xF0, 0x01, 0xFD,
    0x00, 0x0D, 0x02, 0xFD, 0x00, 0x1F, 0xE0, 0x1E, 0x0F, 0xFF, 0xF4, 0x00, 0xBF, 0xF9, 0x00, 0x00,
    0x00, 0x00, 0x00, 0x00, 0x00, 0x00, 0x00, 0x00, 0x00, 0x7C, 0x00, 0x00, 0x00, 0x00, 0x00, 0x00,
    0x00, 0x00, 0xFF, 0x00, 0x00, 0x00, 0x00, 0x00, 0x00, 0x00, 0x02, 0xFF, 0x80, 0x00, 0x00, 0x00,
    0x00, 0x00, 0x00, 0x03, 0xFF, 0xC0, 0x00, 0x00, 0x00, 0x00, 0x00, 0x00, 0x0F, 0xFF, 0xF0, 0x00,
    0x00, 0x00, 0x00, 0x00, 0x00, 0x1E, 0x3F, 0xF4, 0x00, 0x00, 0x00, 0x00, 0x00, 0x00, 0x3C, 0x1F,
    0xFC, 0x00, 0x00, 0x00, 0x00, 0x00, 0x00, 0xB4, 0x0B, 0xFE, 0x00, 0x00, 0x00, 0x00, 0x00, 0x01,
    0xF0, 0x03, 0xFF, 0x40, 0x00, 0x00, 0x00, 0x00, 0x03, 0xD0, 0x02, 0xFF, 0xC0, 0x00, 0x00, 0x00,
    0x00, 0x0B, 0x80, 0x00, 0xFF, 0xE0, 0x00, 0x00, 0x00, 0x00, 0x0F, 0x00, 0x00, 0x7F, 0xF0, 0x00,
    0x00, 0x00, 0x00, 0x3D, 0x00, 0x00, 0x2F, 0xFC, 0x00, 0x00, 0x00, 0x00, 0x7F, 0xFF, 0xFF, 0xFF,
    0xFD, 0x00, 0x00, 0x00, 0x00, 0xFF, 0xFF, 0xFF, 0xFF, 0xFF, 0x00, 0x00, 0x00, 0x02, 0xF0, 0x03,
    0xF0, 0x03, 0xFF, 0x80, 0x00, 0x00, 0x07, 0xC0, 0x03, 0xF0, 0x01, 0xFF, 0xD0, 0x00, 0x00, 0x0F,
    0x40, 0x03, 0xF0, 0x00, 0xBF, 0xF0, 0x00, 0x00, 0x2E, 0x00, 0x03, 0xF0, 0x00, 0x3F, 0xF8, 0x00,
    0x00, 0x3C, 0x00, 0x03, 0xF0, 0x00, 0x1F, 0xFC, 0x00, 0x00, 0xF4, 0x00, 0x03, 0xF0, 0x00, 0x0B,
    0xFF, 0x00, 0xBF, 0xFE, 0x00, 0xBF, 0xFF, 0x40, 0x3F, 0xFF, 0xFD, 0xBF, 0xFE, 0x00, 0xBF, 0xFF,
    0x40, 0x3F, 0xFF, 0xFD, 0x00, 0x00, 0x00, 0xF4, 0x00, 0x00, 0x00, 0x00, 0x00, 0x0F, 0xF4, 0x00,
    0x00, 0x00, 0x00, 0x00, 0xBF, 0xF0, 0x00, 0x00, 0x00, 0x00, 0x07, 0x9F, 0xF0, 0x00, 0x00, 0x00,
    0x00, 0x3C, 0x2F, 0xE0, 0x00, 0x00, 0x00, 0x03, 0xC0, 0x3F, 0xD0, 0x00, 0x00, 0x00, 0x2C, 0x00,
    0x3F, 0xC0, 0x00, 0x00, 0x01, 0xD0, 0x00, 0x7F, 0x80, 0x00, 0x00, 0x0F, 0xFF, 0xFF, 0xFF, 0x40,
    0x00, 0x00, 0xB0, 0x0F, 0xC0, 0xFF, 0x00, 0x00, 0x07, 0x40, 0x3F, 0x01, 0xFF, 0x00, 0x00, 0x38,
    0x00, 0xFC, 0x02, 0xFE, 0x00, 0x03, 0xC0, 0x03, 0xF0, 0x03, 0xFD, 0x00, 0x2F, 0x00, 0x0F, 0xC0,
    0x0B, 0xFC, 0x0F, 0xFC, 0x00, 0xFF, 0xD0, 0x3F, 0xFF, 0x40, 0x00, 0x00, 0x00, 0x00, 0x00, 0x00,
    0x00, 0x00, 0x00, 0x00, 0x00, 0x00, 0xBF, 0xFF, 0xFF, 0x00, 0x00, 0x00, 0x00, 0x2F, 0x00, 0x00,
    0x00, 0x00, 0x00, 0xFF, 0x80, 0x00, 0x00, 0x00, 0x00, 0x7F, 0xC0, 0x00, 0x00, 0x00, 0x00, 0xFF,
    0x80, 0x00, 0x00, 0x00, 0x00, 0xFF, 0xD0, 0x00, 0x00, 0x00, 0x00, 0xFF, 0x80, 0x00, 0x00, 0x00,
    0x02, 0xFF, 0xF0, 0x00, 0x00, 0x00, 0x00, 0xFF, 0x80, 0x00, 0x00, 0x00, 0x03, 0xDF, 0xF8, 0x00,
    0x00, 0x00, 0x00, 0xFF, 0x80, 0x00, 0x00, 0x00, 0x0B, 0x4B, 0xFC, 0x00, 0x00, 0x00, 0x00, 0xFF,
    0x80, 0x00, 0x00, 0x00, 0x1F, 0x03, 0xFF, 0x00, 0x00, 0x00, 0x00, 0xFF, 0x80, 0x00, 0x00, 0x00,
    0x3C, 0x02, 0xFF, 0x40, 0x00, 0x00, 0x00, 0xFF, 0x80, 0x00, 0x00, 0x00, 0x78, 0x00, 0xFF, 0xC0,
    0x00, 0x00, 0x00, 0xFF, 0x80, 0x00, 0x00, 0x00, 0xF0, 0x00, 0xBF, 0xE0, 0x00, 0x00, 0x00, 0xFF,
    0x80, 0x00, 0x00, 0x02, 0xE0, 0x00, 0x3F, 0xF0, 0x00, 0x00, 0x00, 0xFF, 0x80, 0x00, 0x00, 0x03,
    0xC0, 0x00, 0x2F, 0xF8, 0x00, 0x00, 0x00, 0xFF, 0x80, 0x00, 0x00, 0x0B, 0x80, 0x00, 0x0F, 0xFD,
    0x00, 0x00, 0x00, 0xFF, 0xFF, 0xFF, 0xFF, 0xFF, 0xFF, 0xFF, 0xFF, 0xFF, 0x00, 0x00, 0x00, 0xFF,
    0xFF, 0xFF, 0xFF, 0xFF, 0xFF, 0xFF, 0xFF, 0xFF, 0x80, 0x00, 0x00, 0xFF, 0x80, 0x00, 0x00, 0x3C,
    0x01, 0xFC, 0x01, 0xFF, 0xC0, 0x00, 0x00, 0xFF, 0x80, 0x00, 0x00, 0xB4, 0x01, 0xFC, 0x00, 0xFF,
    0xE0, 0x00, 0x00, 0xFF, 0x80, 0x00, 0x01, 0xE0, 0x01, 0xFC, 0x00, 0x3F, 0xF4, 0x00, 0x00, 0xFF,
    0x80, 0x00, 0x03, 0xC0, 0x01, 0xFC, 0x00, 0x1F, 0xFC, 0x00, 0x00, 0xFF, 0x80, 0x00, 0x0B, 0x40,
    0x01, 0xFC, 0x00, 0x0F, 0xFE, 0x00, 0x00, 0xFF, 0x80, 0x00, 0x1F, 0x00, 0x01, 0xFC, 0x00, 0x03,
    0xFF, 0x00, 0xBF, 0xFF, 0xFF, 0x0F, 0xFF, 0xC0, 0x3F, 0xFF, 0xD0, 0x2F, 0xFF, 0xFF, 0xBF, 0xFF,
    0xFF, 0x0F, 0xFF, 0xC0, 0x3F, 0xFF, 0xD0, 0x2F, 0xFF, 0xFE, 0xFF, 0xFF, 0x40, 0x00, 0x00, 0x0B,
    0x80, 0x00, 0x00, 0x02, 0xFD, 0x00, 0x00, 0x00, 0x0F, 0xF8, 0x00, 0x00, 0x00, 0xBF, 0x00, 0x00,
    0x00, 0x0B, 0xFF, 0x40, 0x00, 0x00, 0x2F, 0xC0, 0x00, 0x00, 0x07, 0x5F, 0xF0, 0x00, 0x00, 0x0B,
    0xF0, 0x00, 0x00, 0x03, 0x82, 0xFE, 0x00, 0x00, 0x02, 0xFC, 0x00, 0x00, 0x03, 0xC0, 0x3F, 0xD0,
    0x00, 0x00, 0xBF, 0x00, 0x00, 0x02, 0xC0, 0x03, 0xFC, 0x00, 0x00, 0x2F, 0xC0, 0x00, 0x01, 0xD0,
    0x00, 0x7F, 0xC0, 0x00, 0x0B, 0xFF, 0xFF, 0xFF, 0xFF, 0xFF, 0xFF, 0xF8, 0x00, 0x02, 0xFC, 0x00,
    0x00, 0xF0, 0x0F, 0xC0, 0xFF, 0x40, 0x00, 0xBF, 0x00, 0x00, 0xB4, 0x03, 0xF0, 0x1F, 0xF0, 0x00,
    0x2F, 0xC0, 0x00, 0x38, 0x00, 0xFC, 0x02, 0xFE, 0x00, 0x0B, 0xF0, 0x00, 0x3C, 0x00, 0x3F, 0x00,
    0x3F, 0xD0, 0x02, 0xFD, 0x00, 0x2E, 0x00, 0x0F, 0xD0, 0x0B, 0xFC, 0x0F, 0xFF, 0xF4, 0xFF, 0xC0,
    0x0F, 0xFD, 0x03, 0xFF, 0xF4, 0x00, 0x00, 0x3F, 0xFF, 0xFF, 0xFF, 0xFF, 0xF4, 0x00, 0x00, 0x00,
    0x00, 0xBF, 0xFF, 0xFF, 0xFF, 0xFF, 0x80, 0x00, 0x00, 0x00, 0x00, 0xBF, 0x80, 0x00, 0x00, 0x2C,
    0x00, 0x00, 0x00, 0x00, 0x00, 0xFF, 0x80, 0x00, 0x01, 0xC0, 0x00, 0x00, 0x00, 0x00, 0x00, 0xFF,
    0x40, 0x00, 0x1D, 0x00, 0x00, 0x00, 0x00, 0x00, 0x01, 0xFF, 0x40, 0x00, 0xD0, 0x00, 0x00, 0x00,
    0x00, 0x00, 0x01, 0xFF, 0x00, 0x0E, 0x00, 0x00, 0x00, 0x00, 0x00, 0x00, 0x02, 0xFF, 0x00, 0xF0,
    0x00, 0x00, 0x00, 0x00, 0x00, 0x00, 0x03, 0xFF, 0x0B, 0x00, 0x00, 0x00, 0x00, 0x00, 0x00, 0x00,
    0x03, 0xFE, 0x74, 0x00, 0x00, 0x00, 0x00, 0x00, 0x00, 0x01, 0x6F, 0xFF, 0xE5, 0x00, 0x00, 0x00,
    0x00, 0x00, 0x00, 0xFF, 0xFF, 0xFF, 0xFF, 0xD0, 0x00, 0x00, 0x00, 0x00, 0x1F, 0xF4, 0x3F, 0xF0,
    0x7F, 0xE0, 0x00, 0x00, 0x00, 0x01, 0xFF, 0x00, 0xFF, 0xC0, 0x3F, 0xE0, 0x00, 0x00, 0x00, 0x0F,
    0xF4, 0x03, 0xFF, 0x00, 0x3F, 0xD0, 0x00, 0x00, 0x00, 0xFF, 0x80, 0x0F, 0xFC, 0x00, 0xBF, 0xC0,
    0x00, 0x00, 0x07, 0xFC, 0x00, 0x3F, 0xF0, 0x00, 0xFF, 0x80, 0x00, 0x00, 0x3F, 0xD0, 0x00, 0xFF,
    0xC0, 0x01, 0xFF, 0x40, 0x00, 0x03, 0xFF, 0x00, 0x03, 0xFF, 0x00, 0x02, 0xFF, 0x00, 0x00, 0x2F,
    0xF0, 0x00, 0x0F, 0xFC, 0x00, 0x03, 0xFF, 0x00, 0x01, 0xFF, 0x80, 0x00, 0x3F, 0xF0, 0x00, 0x0B,
    0xFE, 0x01, 0xFF, 0xFF, 0xF0, 0x07, 0xFF, 0xF8, 0x03, 0xFF, 0xFF, 0xE7, 0xFF, 0xFF, 0xC0, 0x1F,
    0xFF, 0xE0, 0x0F, 0xFF, 0xFF, 0x80, 0x00, 0x07, 0xFF, 0xFF, 0xFF, 0xFF, 0xC0, 0x00, 0x00, 0x07,
    0xF0, 0x00, 0x00, 0x3C, 0x00, 0x00, 0x00, 0x03, 0xF4, 0x00, 0x07, 0x80, 0x00, 0x00, 0x00, 0x02,
    0xF8, 0x00, 0x74, 0x00, 0x00, 0x00, 0x00, 0x01, 0xFC, 0x0B, 0x00, 0x00, 0x00, 0x00, 0x00, 0x00,
    0xFD, 0xE0, 0x00, 0x00, 0x00, 0x00, 0x01, 0xBF, 0xFF, 0xF9, 0x00, 0x00, 0x00, 0x00, 0x3F, 0x93,
    0xF4, 0x7F, 0x80, 0x00, 0x00, 0x03, 0xF4, 0x0F, 0xD0, 0x3F, 0x80, 0x00, 0x00, 0x3F, 0x80, 0x3F,
    0x40, 0x3F, 0x40, 0x00, 0x02, 0xFC, 0x00, 0xFD, 0x00, 0x7F, 0x40, 0x00, 0x2F, 0xC0, 0x03, 0xF4,
    0x00, 0xBF, 0x00, 0x01, 0xFE, 0x00, 0x0F, 0xD0, 0x00, 0xFF, 0x00, 0x1F, 0xF0, 0x00, 0x3F, 0x80,
    0x02, 0xFF, 0x07, 0xFF, 0xF0, 0x0B, 0xFF, 0xC0, 0x2F, 0xFF, 0xC0, 0xBF, 0xFF, 0xFF, 0x00, 0x00,
    0x7F, 0xFF, 0xFF, 0xFF, 0xFF, 0xF0, 0x00, 0x02, 0xFF, 0xFF, 0xFC, 0x00, 0x00, 0xBF, 0xFF, 0xFF,
    0xFF, 0xFF, 0x80, 0x00, 0x00, 0x0F, 0xF8, 0x00, 0x00, 0x00, 0xFF, 0x80, 0x00, 0x00, 0x2C, 0x00,
    0x00, 0x00, 0x3F, 0xE0, 0x00, 0x00, 0x00, 0xFF, 0x40, 0x00, 0x02, 0xC0, 0x00, 0x00, 0x00, 0xFF,
    0x80, 0x00, 0x00, 0x00, 0xFF, 0x40, 0x00, 0x1C, 0x00, 0x00, 0x00, 0x03, 0xFE, 0x00, 0x00, 0x00,
    0x01, 0xFF, 0x00, 0x01, 0xD0, 0x00, 0x00, 0x00, 0x0F, 0xF8, 0x00, 0x00, 0x00, 0x01, 0xFF, 0x00,
    0x0D, 0x00, 0x00, 0x00, 0x00, 0x3F, 0xE0, 0x00, 0x00, 0x00, 0x02, 0xFF, 0x00, 0xE0, 0x00, 0x00,
    0x00, 0x00, 0xFF, 0x80, 0x00, 0x00, 0x00, 0x03, 0xFF, 0x0E, 0x00, 0x00, 0x00, 0x00, 0x03, 0xFE,
    0x00, 0x00, 0x00, 0x00, 0x03, 0xFE, 0xF0, 0x00, 0x00, 0x00, 0x00, 0x0F, 0xFF, 0xFF, 0xFF, 0xFF,
    0xFF, 0xFF, 0xFF, 0xFA, 0x40, 0x00, 0x00, 0x00, 0x3F, 0xFF, 0xFF, 0xFF, 0xFF, 0xFF, 0xFF, 0xFF,
    0xFF, 0xD0, 0x00, 0x00, 0x00, 0xFF, 0x80, 0x00, 0x00, 0x1F, 0xF9, 0x3F, 0xF1, 0xBF, 0xD0, 0x00,
    0x00, 0x03, 0xFE, 0x00, 0x00, 0x00, 0xFF, 0x00, 0xFF, 0xC0, 0x7F, 0xD0, 0x00, 0x00, 0x0F, 0xF8,
    0x00, 0x00, 0x0F, 0xF8, 0x03, 0xFF, 0x00, 0xBF, 0xC0, 0x00, 0x00, 0x3F, 0xE0, 0x00, 0x00, 0x7F,
    0xC0, 0x0F, 0xFC, 0x00, 0xFF, 0x80, 0x00, 0x00, 0xFF, 0x80, 0x00, 0x03, 0xFD, 0x00, 0x3F, 0xF0,
    0x01, 0xFF, 0x00, 0x00, 0x03, 0xFE, 0x00, 0x00, 0x2F, 0xF0, 0x00, 0xFF, 0xC0, 0x03, 0xFE, 0x00,
    0x00, 0x0F, 0xF8, 0x00, 0x01, 0xFF, 0x40, 0x03, 0xFF, 0x00, 0x07, 0xFD, 0x00, 0x00, 0x3F, 0xE0,
    0x00, 0x0F, 0xF8, 0x00, 0x0F, 0xFC, 0x00, 0x0F, 0xFC, 0x00, 0x00, 0xFF, 0x80, 0x00, 0xBF, 0xC0,
    0x00, 0x3F, 0xF0, 0x00, 0x0F, 0xF8, 0x02, 0xFF, 0xFF, 0xFE, 0xE7, 0xFF, 0xF0, 0x0B, 0xFF, 0xF8,
    0x03, 0xFF, 0xF7, 0xDB, 0xFF, 0xFF, 0xFB, 0xFF, 0xFF, 0xC0, 0x2F, 0xFF, 0xE0, 0x0F, 0xFF, 0xFF,
    0x40, 0xFF, 0xFF, 0x40, 0x00, 0x7F, 0xFF, 0xFF, 0xFF, 0xFC, 0x00, 0x00, 0xBF, 0x40, 0x00, 0x01,
    0xFD, 0x00, 0x00, 0x0B, 0x00, 0x00, 0x0B, 0xF0, 0x00, 0x00, 0x03, 0xF4, 0x00, 0x03, 0x80, 0x00,
    0x00, 0xBF, 0x00, 0x00, 0x00, 0x0B, 0xE0, 0x01, 0xD0, 0x00, 0x00, 0x0B, 0xF0, 0x00, 0x00, 0x00,
    0x1F, 0xC0, 0xB0, 0x00, 0x00, 0x00, 0xBF, 0x00, 0x00, 0x00, 0x00, 0x3F, 0x78, 0x00, 0x00, 0x00,
    0x0B, 0xFF, 0xFF, 0xFF, 0xFF, 0xFF, 0xFF, 0xFA, 0x00, 0x00, 0x00, 0xBF, 0x00, 0x00, 0x00, 0xFE,
    0x4F, 0xD1, 0xBE, 0x00, 0x00, 0x0B, 0xF0, 0x00, 0x00, 0x3F, 0x40, 0xFD, 0x02, 0xF8, 0x00, 0x00,
    0xBF, 0x00, 0x00, 0x0F, 0xE0, 0x0F, 0xD0, 0x0F, 0xE0, 0x00, 0x0B, 0xF0, 0x00, 0x02, 0xFC, 0x00,
    0xFD, 0x00, 0x7F, 0x40, 0x00, 0xBF, 0x00, 0x00, 0x7F, 0x40, 0x0F, 0xD0, 0x02, 0xFD, 0x00, 0x0B,
    0xF0, 0x00, 0x1F, 0xE0, 0x00, 0xFD, 0x00, 0x0F, 0xF0, 0x00, 0xBF, 0x40, 0x07, 0xFD, 0x00, 0x0F,
    0xE0, 0x00, 0xBF, 0xD0, 0xFF, 0xFF, 0x47, 0xFF, 0xF0, 0x07, 0xFF, 0xC0, 0x1F, 0xFF, 0xC0, 0x00,
    0x7D, 0x00, 0x3D, 0x00, 0x00, 0x2F, 0x41, 0xF9, 0x00, 0x00, 0x07, 0xE7, 0xC0, 0x00, 0x00, 0x01,
    0xFF, 0x00, 0x00, 0x00, 0x01, 0xBF, 0x50, 0x00, 0x00, 0x7F, 0xFF, 0xFE, 0x00, 0x02, 0xF9, 0x00,
    0x7F, 0xC0, 0x07, 0xF8, 0x00, 0x0F, 0xE0, 0x0B, 0xFD, 0x00, 0x0B, 0xF0, 0x0B, 0xFC, 0x00, 0x07,
    0xF4, 0x03, 0xF4, 0x00, 0x07, 0xF4, 0x00, 0x00, 0x00, 0x07, 0xF0, 0x00, 0x00, 0x00, 0x0B, 0xF0,
    0x00, 0x00, 0x00, 0x1F, 0xC0, 0x00, 0x00, 0x00, 0xBE, 0x00, 0x00, 0x01, 0xFF, 0xF4, 0x00, 0x00,
    0x00, 0x00, 0x1F, 0x40, 0x00, 0x00, 0x00, 0x02, 0xE0, 0x00, 0x00, 0x00, 0x00, 0xF4, 0x00, 0x00,
    0x00, 0x00, 0xBC, 0x00, 0x00, 0x00, 0x00, 0xBD, 0x00, 0x00, 0x00, 0x00, 0xBD, 0x00, 0x00, 0x00,
    0x01, 0xFD, 0x00, 0x00, 0x00, 0x0B, 0xFC, 0x00, 0x00, 0x02, 0xFF, 0xFC, 0x00, 0x01, 0xBF, 0xFF,
    0xF0, 0x00, 0x6F, 0xFF, 0xFF, 0xC0, 0x07, 0xFF, 0xFF, 0xFD, 0x00, 0x2F, 0xFF, 0xFF, 0x40, 0x00,
    0x3F, 0xFF, 0x90, 0x00, 0x00, 0x3F, 0xE4, 0x00, 0x00, 0x00, 0x3F, 0x00, 0x00, 0x00, 0x00, 0x1F,
    0x40, 0x00, 0x00, 0x00, 0x02, 0x40, 0x00, 0x00, 0x00, 0x00, 0x00, 0x0B, 0x00, 0x1D, 0x00, 0xFE,
    0x00, 0x0A, 0x0B, 0x80, 0x00, 0x07, 0xB0, 0x00, 0x06, 0xFF, 0xF9, 0x00, 0xBE, 0x00, 0x7F, 0x03,
    0xFC, 0x00, 0x7D, 0x0F, 0xF0, 0x01, 0xF8, 0x0A, 0x00, 0x0B, 0xD0, 0x00, 0x00, 0x7E, 0x00, 0x00,
    0xFF, 0xE0, 0x00, 0x00, 0x02, 0xF0, 0x00, 0x00, 0x01, 0xF0, 0x00, 0x00, 0x03, 0xC0, 0x00, 0x00,
    0x0F, 0x40, 0x00, 0x00, 0xBD, 0x00, 0x00, 0x6F, 0xF0, 0x01, 0xBF, 0xFF, 0x80, 0x7F, 0xFF, 0xF4,
    0x03, 0xFF, 0xF9, 0x00, 0x2F, 0xE4, 0x00, 0x00, 0xFC, 0x00, 0x00, 0x03, 0xE0, 0x00, 0x00, 0x0F,
    0x80, 0x00, 0x00, 0x1F, 0x1C, 0x00, 0x00, 0x1F, 0xD0, 0x00, 0x00, 0x00, 0x00, 0x00, 0x00, 0x00,
    0x00, 0x00, 0x00, 0xFF, 0xFF, 0xFF, 0xC0, 0x00, 0x00, 0x00, 0x0B, 0xF8, 0x00, 0x00, 0x00, 0x00,
    0x00, 0xBF, 0x80, 0x00, 0x00, 0x00, 0x00, 0x0B, 0xF8, 0x00, 0x00, 0x00, 0x00, 0x00, 0xBF, 0x80,
    0x00, 0x00, 0xBF, 0xD0, 0x0B, 0xF8, 0x00, 0xBF, 0xC2, 0xFF, 0x00, 0xBF, 0x80, 0x2F, 0xF0, 0x0F,
    0xF4, 0x0B, 0xF8, 0x03, 0xFE, 0x00, 0xFF, 0x40, 0xBF, 0x80, 0x3F, 0xD0, 0x0F, 0xF4, 0x0B, 0xF8,
    0x03, 0xFD, 0x00, 0xFF, 0x80, 0xBF, 0x80, 0x3F, 0xD0, 0x0B, 0xF8, 0x0B, 0xF8, 0x03, 0xFC, 0x00,
    0x7F, 0xC0, 0xBF, 0x80, 0x7F, 0xC0, 0x03, 0xFC, 0x0B, 0xF8, 0x0B, 0xF8, 0x00, 0x2F, 0xD0, 0xBF,
    0x80, 0xFF, 0x00, 0x00, 0xFF, 0x4B, 0xF8, 0x3F, 0xC0, 0x00, 0x02, 0xFE, 0xBF, 0xDF, 0xF0, 0x00,
    0x00, 0x02, 0xFF, 0xFF, 0xE4, 0x00, 0x00, 0x00, 0x00, 0xBF, 0xC0, 0x00, 0x00, 0x00, 0x00, 0x0B,
    0xF8, 0x00, 0x00, 0x00, 0x00, 0x00, 0xBF, 0x80, 0x00, 0x00, 0x00, 0x00, 0x0B, 0xF8, 0x00, 0x00,
    0x00, 0x00, 0xFF, 0xFF, 0xFF, 0xC0, 0x00, 0x00, 0x00, 0x00, 0x00, 0x00, 0x00, 0x00, 0x00, 0x03,
    0xFF, 0xC0, 0x00, 0x00, 0x00, 0x00, 0xFF, 0x00, 0x00, 0x00, 0x00, 0x02, 0xFC, 0x00, 0x00, 0x00,
    0x00, 0x0B, 0xF0, 0x00, 0x00, 0x00, 0x00, 0x2F, 0xC0, 0x00, 0x00, 0x00, 0x00, 0xBF, 0x00, 0x00,
    0x00, 0x00, 0x02, 0xFC, 0x00, 0x00, 0x00, 0x00, 0x0B, 0xF0, 0x00, 0x00, 0xBD, 0x00, 0x2F, 0xC0,
    0x07, 0xF0, 0x7F, 0x00, 0xBF, 0x00, 0xBE, 0x00, 0xFD, 0x02, 0xFC, 0x07, 0xF4, 0x03, 0xF8, 0x0B,
    0xF0, 0x1F, 0xD0, 0x1F, 0xE0, 0x2F, 0xC0, 0x7F, 0x40, 0xBF, 0x40, 0xBF, 0x00, 0xFE, 0x02, 0xFD,
    0x02, 0xFC, 0x03, 0xFC, 0x0F, 0xF4, 0x0B, 0xF0, 0x0F, 0xF0, 0x3F, 0xD0, 0x2F, 0xC0, 0x3F, 0xC0,
    0xFF, 0x40, 0xBF, 0x00, 0xFF, 0x02, 0xFE, 0x02, 0xFC, 0x07, 0xFC, 0x03, 0xFC, 0x0B, 0xF0, 0x3F,
    0xD0, 0x07, 0xFC, 0x2F, 0xC2, 0xFE, 0x00, 0x07, 0xFE, 0xFF, 0xBF, 0xD0, 0x00, 0x00, 0x6F, 0xFF,
    0xA4, 0x00, 0x00, 0x00, 0x0B, 0xF0, 0x00, 0x00, 0x00, 0x00, 0x2F, 0xC0, 0x00, 0x00, 0x00, 0x00,
    0xBF, 0x00, 0x00, 0x00, 0x00, 0x02, 0xFC, 0x00, 0x00, 0x00, 0x00, 0x0F, 0xF0, 0x00, 0x00, 0x00,
    0x03, 0xFF, 0xFD, 0x00, 0x00, 0x00, 0x01, 0xBF, 0xFE, 0x40, 0x00, 0x00, 0x07, 0xF8, 0x01, 0xFE,
    0x00, 0x00, 0x0B, 0xF0, 0x00, 0x0B, 0xF0, 0x00, 0x0F, 0xF0, 0x00, 0x00, 0xBF, 0x40, 0x0B, 0xF4,
    0x00, 0x00, 0x0F, 0xF0, 0x07, 0xFC, 0x00, 0x00, 0x01, 0xFF, 0x03, 0xFE, 0x00, 0x00, 0x00, 0x3F,
    0xD0, 0xFF, 0x40, 0x00, 0x00, 0x0F, 0xF8, 0xBF, 0xD0, 0x00, 0x00, 0x03, 0xFF, 0x2F, 0xF5, 0xBF,
    0xD0, 0x00, 0xFF, 0xCF, 0xFF, 0xFF, 0xFF, 0x90, 0x7F, 0xF7, 0xFF, 0x80, 0xBF, 0xFF, 0xFF, 0xFD,
    0xFF, 0xC0, 0x01, 0xBF, 0xE2, 0xFF, 0x7F, 0xF0, 0x00, 0x00, 0x00, 0xFF, 0xCB, 0xFD, 0x00, 0x00,
    0x00, 0x3F, 0xF1, 0xFF, 0x40, 0x00, 0x00, 0x0F, 0xFC, 0x3F, 0xE0, 0x00, 0x00, 0x07, 0xFD, 0x07,
    0xFC, 0x00, 0x00, 0x02, 0xFF, 0x00, 0xFF, 0x40, 0x00, 0x00, 0xFF, 0x40, 0x0F, 0xF0, 0x00, 0x00,
    0xBF, 0x40, 0x00, 0xFF, 0x00, 0x00, 0xBF, 0x40, 0x00, 0x07, 0xF8, 0x01, 0xFE, 0x00, 0x00, 0x00,
    0x1B, 0xFF, 0xE4, 0x00, 0x00, 0x00, 0xBF, 0xE4, 0x00, 0x1F, 0x80, 0xFC, 0x01, 0xFC, 0x00, 0xFC,
    0x0F, 0xD0, 0x02, 0xFC, 0xBF, 0x00, 0x07, 0xF7, 0xFC, 0x00, 0x0F, 0xEF, 0xFF, 0xFF, 0xFF, 0xBF,
    0xC0, 0x00, 0xFF, 0xFF, 0x00, 0x03, 0xFA, 0xFC, 0x00, 0x0F, 0xE7, 0xF0, 0x00, 0x7F, 0x4F, 0xD0,
    0x02, 0xFC, 0x1F, 0xC0, 0x0F, 0xC0, 0x1F, 0x81, 0xFC, 0x00, 0x07, 0xFE, 0x40, 0x00, 0x3F, 0xFF,
    0xFF, 0x00, 0x00, 0x00, 0x7F, 0x80, 0xFF, 0xFF, 0xFC, 0x00, 0x00, 0x0B, 0x6F, 0xC0, 0x0F, 0xFC,
    0x00, 0x00, 0x00, 0x78, 0xFF, 0x00, 0x1F, 0xF8, 0x00, 0x00, 0x03, 0xC1, 0xF8, 0x00, 0x3F, 0xF0,
    0x00, 0x00, 0x1E, 0x00, 0x00, 0x00, 0xBF, 0xD0, 0x00, 0x00, 0xF0, 0x00, 0x00, 0x00, 0xFF, 0xC0,
    0x00, 0x07, 0x80, 0x00, 0x00, 0x02, 0xFF, 0x40, 0x00, 0x2D, 0x00, 0x00, 0x00, 0x03, 0xFF, 0x00,
    0x00, 0xF0, 0x00, 0x00, 0x00, 0x0B, 0xFC, 0x00, 0x0B, 0x40, 0x00, 0x00, 0x00, 0x1F, 0xF8, 0x00,
    0x3C, 0x00, 0x00, 0x00, 0x00, 0x3F, 0xF0, 0x01, 0xD0, 0x00, 0x00, 0x00, 0x00, 0x7F, 0xE0, 0x0F,
    0x00, 0x00, 0x00, 0x00, 0x00, 0xFF, 0xC0, 0x78, 0x00, 0x00, 0x00, 0x00, 0x01, 0xFF, 0x43, 0xC0,
    0x00, 0x00, 0x00, 0x00, 0x03, 0xFF, 0x1E, 0x00, 0x00, 0x00, 0x00, 0x00, 0x0B, 0xFD, 0xB0, 0x00,
    0x00, 0x00, 0x00, 0x00, 0x0F, 0xFF, 0xC0, 0x00, 0x00, 0x00, 0x00, 0x00, 0x2F, 0xFD, 0x00, 0x00,
    0x00, 0x00, 0x00, 0x00, 0x3F, 0xF0, 0x00, 0x00, 0x00, 0x00, 0x00, 0x00, 0xFF, 0x40, 0x00, 0x00,
    0x00, 0x00, 0x00, 0x01, 0xFC, 0x00, 0x00, 0x00, 0x00, 0x00, 0x00, 0x03, 0xD0, 0x00, 0x00, 0x00,
    0x00, 0x3F, 0xFF, 0x80, 0x00, 0x3F, 0x80, 0x7F, 0xC0, 0x00, 0x1E, 0xFE, 0x02, 0xFD, 0x00, 0x03,
    0x8F, 0xF0, 0x1F, 0xF0, 0x00, 0x70, 0xFE, 0x00, 0xFF, 0x00, 0x0E, 0x07, 0xC0, 0x07, 0xF8, 0x01,
    0xC0, 0x00, 0x00, 0x3F, 0xC0, 0x38, 0x00, 0x00, 0x01, 0xFE, 0x07, 0x40, 0x00, 0x00, 0x0F, 0xF0,
    0xF0, 0x00, 0x00, 0x00, 0xBF, 0x4D, 0x00, 0x00, 0x00, 0x03, 0xFE, 0xC0, 0x00, 0x00, 0x00, 0x2F,
    0xF4, 0x00, 0x00, 0x00, 0x00, 0xFF, 0x00, 0x00, 0x00, 0x00, 0x0B, 0xE0, 0x00, 0x00, 0x00, 0x00,
    0x3C, 0x00, 0x00, 0x00, 0x00, 0x0B, 0x80, 0x7D, 0x00, 0x00, 0x00, 0x00, 0x00, 0x7F, 0xE3, 0xFE,
    0x00, 0x00, 0x00, 0x00, 0x01, 0xFF, 0xFF, 0xFF, 0x40, 0x00, 0x00, 0x00, 0x00, 0x6B, 0xF6, 0xBF,
    0x00, 0x00, 0x00, 0x00, 0x00, 0x00, 0x00, 0x00, 0x00, 0x00, 0x00, 0xFF, 0xFF, 0xFC, 0x00, 0x00,
    0x01, 0xFE, 0x03, 0xFF, 0xFF, 0xF0, 0x00, 0x00, 0x2D, 0xBF, 0x00, 0x3F, 0xF0, 0x00, 0x00, 0x01,
    0xD3, 0xFC, 0x00, 0x7F, 0xE0, 0x00, 0x00, 0x0F, 0x07, 0xE0, 0x00, 0xFF, 0xC0, 0x00, 0x00, 0x78,
    0x00, 0x00, 0x02, 0xFF, 0x40, 0x00, 0x03, 0xC0, 0x00, 0x00, 0x03, 0xFF, 0x00, 0x00, 0x1E, 0x00,
    0x00, 0x00, 0x0B, 0xFD, 0x00, 0x00, 0xB0, 0x00, 0x00, 0x00, 0x0F, 0xFC, 0x00, 0x03, 0x80, 0x00,
    0x00, 0x00, 0x2F, 0xF0, 0x00, 0x2D, 0x00, 0x00, 0x00, 0x00, 0x7F, 0xE0, 0x00, 0xF0, 0x00, 0x00,
    0x00, 0x00, 0xFF, 0xC0, 0x0B, 0x40, 0x00, 0x00, 0x00, 0x01, 0xFF, 0x80, 0x3C, 0x00, 0x00, 0x00,
    0x00, 0x03, 0xFF, 0x01, 0xE0, 0x00, 0x00, 0x00, 0x00, 0x07, 0xFD, 0x0F, 0x00, 0x00, 0x00, 0x00,
    0x00, 0x0F, 0xFC, 0x78, 0x00, 0x00, 0x00, 0x00, 0x00, 0x2F, 0xF7, 0xC0, 0x00, 0x00, 0x00, 0x00,
    0x00, 0x3F, 0xFE, 0x00, 0x00, 0x00, 0x00, 0x00, 0x00, 0xBF, 0xF4, 0x00, 0x00, 0x00, 0x00, 0x00,
    0x00, 0xFF, 0xC0, 0x00, 0x00, 0x00, 0x00, 0x00, 0x03, 0xFD, 0x00, 0x00, 0x00, 0x00, 0x00, 0x00,
    0x07, 0xF0, 0x00, 0x00, 0x00, 0x00, 0x00, 0x00, 0x0F, 0x40, 0x00, 0x00, 0x00, 0x1F, 0x40, 0xF8,
    0x00, 0x00, 0x03, 0xFE, 0x2F, 0xF0, 0x00, 0x00, 0x2F, 0xFD, 0xFF, 0xD0, 0x00, 0x00, 0x1F, 0xF1,
    0xBF, 0x40, 0x00, 0x00, 0x05, 0x00, 0x60, 0x00, 0x00, 0x00, 0x00, 0x00, 0x00, 0x00, 0x3F, 0xFF,
    0x80, 0x00, 0x3F, 0x80, 0x3F, 0xC0, 0x00, 0x1E, 0xFE, 0x02, 0xFD, 0x00, 0x03, 0x8F, 0xF0, 0x0F,
    0xF0, 0x00, 0xB0, 0xFE, 0x00, 0xBF, 0x40, 0x0E, 0x07, 0xC0, 0x03, 0xF8, 0x01, 0xC0, 0x00, 0x00,
    0x3F, 0xC0, 0x38, 0x00, 0x00, 0x01, 0xFE, 0x07, 0x40, 0x00, 0x00, 0x0F, 0xF0, 0xF0, 0x00, 0x00,
    0x00, 0x7F, 0x9D, 0x00, 0x00, 0x00, 0x03, 0xFF, 0xC0, 0x00, 0x00, 0x00, 0x2F, 0xF4, 0x00, 0x00,
    0x00, 0x00, 0xFF, 0x00, 0x00, 0x00, 0x00, 0x0B, 0xE0, 0x00, 0x00, 0x00, 0x00, 0x3C, 0x00, 0x00,
    0x00, 0x00, 0x00, 0x00, 0x0B, 0xD0, 0x00, 0x00, 0x00, 0x00, 0x00, 0x00, 0x1F, 0xF0, 0x00, 0x00,
    0x00, 0x00, 0x00, 0x00, 0x2F, 0xF4, 0x00, 0x00, 0x00, 0x00, 0x00, 0x6B, 0xFF, 0xFF, 0xE9, 0x00,
    0x00, 0x00, 0x1B, 0xFE, 0xAF, 0xFA, 0xFF, 0xE0, 0x00, 0x00, 0xBF, 0xD0, 0x1F, 0xF0, 0x07, 0xFE,
    0x00, 0x03, 0xFE, 0x00, 0x1F, 0xF0, 0x00, 0xBF, 0xC0, 0x0F, 0xF8, 0x00, 0x0F, 0xF0, 0x00, 0x3F,
    0xE0, 0x1F, 0xF0, 0x00, 0x00, 0x00, 0x00, 0x1F, 0xF0, 0x3F, 0xE0, 0x00, 0x00, 0x00, 0x00, 0x0F,
    0xF8, 0x7F, 0xD0, 0x00, 0x00, 0x00, 0x00, 0x0B, 0xFC, 0xBF, 0xD0, 0x00, 0x00, 0x00, 0x00, 0x07,
    0xFD, 0xFF, 0xC0, 0x00, 0x00, 0x00, 0x00, 0x07, 0xFE, 0xFF, 0xC0, 0x00, 0x00, 0x00, 0x00, 0x07,
    0xFE, 0xFF, 0xC0, 0x00, 0x00, 0x00, 0x00, 0x07, 0xFE, 0xFF, 0xC0, 0x00, 0x00, 0x00, 0x00, 0x07,
    0xFE, 0xFF, 0xC0, 0x00, 0x00, 0x00, 0x00, 0x07, 0xFE, 0xBF, 0xD0, 0x00, 0x00, 0x00, 0x00, 0x0B,
    0xFD, 0x7F, 0xE0, 0x00, 0x00, 0x00, 0x00, 0x0B, 0xFC, 0x3F, 0xF0, 0x00, 0x00, 0x00, 0x00, 0x0F,
    0xFC, 0x2F, 0xF0, 0x00, 0x00, 0x00, 0x00, 0x1F, 0xF4, 0x0F, 0xFC, 0x00, 0x0F, 0xF0, 0x00, 0x3F,
    0xF0, 0x07, 0xFE, 0x00, 0x1F, 0xF0, 0x00, 0xFF, 0xC0, 0x00, 0xFF, 0xD0, 0x1F, 0xF0, 0x0B, 0xFE,
    0x00, 0x00, 0x1F, 0xFF, 0xAF, 0xFA, 0xFF, 0xE4, 0x00, 0x00, 0x00, 0x6F, 0xFF, 0xFF, 0xF9, 0x00,
    0x00, 0x00, 0x00, 0x00, 0x2F, 0xF4, 0x00, 0x00, 0x00, 0x00, 0x00, 0x00, 0x1F, 0xF0, 0x00, 0x00,
    0x00, 0x00, 0x00, 0x00, 0x0B, 0xD0, 0x00, 0x00, 0x00, 0x00, 0x00, 0x2E, 0x00, 0x00, 0x00, 0x00,
    0x07, 0xF4, 0x00, 0x00, 0x00, 0x1B, 0xFF, 0xF9, 0x00, 0x00, 0x2F, 0xEB, 0xF9, 0xFF, 0x00, 0x0F,
    0xE0, 0x3F, 0x41, 0xFD, 0x03, 0xFC, 0x03, 0xF0, 0x0B, 0xF0, 0x7F, 0x40, 0x00, 0x00, 0x7F, 0x8B,
    0xF4, 0x00, 0x00, 0x03, 0xFC, 0xFF, 0x40, 0x00, 0x00, 0x3F, 0xCF, 0xF4, 0x00, 0x00, 0x03, 0xFC,
    0xFF, 0x40, 0x00, 0x00, 0x3F, 0xCF, 0xF4, 0x00, 0x00, 0x03, 0xFC, 0xBF, 0x80, 0x00, 0x00, 0x7F,
    0x83, 0xFC, 0x03, 0xF0, 0x0B, 0xF0, 0x1F, 0xE0, 0x3F, 0x41, 0xFD, 0x00, 0x7F, 0xEB, 0xFA, 0xFF,
    0x40, 0x00, 0x6F, 0xFF, 0xFA, 0x40, 0x00, 0x00, 0x07, 0xF4, 0x00, 0x00, 0x00, 0x00, 0x2E, 0x00,
    0x00, 0x00, 0x00, 0x00, 0x00, 0x00, 0x00, 0x00, 0x00, 0x00, 0x00, 0x00, 0x00, 0x06, 0xFF, 0xFF,
    0x80, 0x00, 0x00, 0x00, 0x00, 0x02, 0xFE, 0x40, 0x1F, 0xF0, 0x00, 0x00, 0x00, 0x00, 0x3F, 0xC0,
    0x00, 0x07, 0xF4, 0x00, 0x00, 0x00, 0x02, 0xFC, 0x00, 0xFD, 0x07, 0xF4, 0x00, 0x00, 0x00, 0x00,
    0x10, 0x0C, 0x2C, 0x07, 0xF4, 0x00, 0x00, 0x00, 0x00, 0x00, 0xA0, 0xB0, 0x01, 0xBD, 0x00, 0x00,
    0x00, 0x00, 0x02, 0x47, 0x80, 0x00, 0x00, 0x00, 0x00, 0x06, 0xFF, 0x80, 0x18, 0x0B, 0xFE, 0x40,
    0x00, 0x01, 0xFD, 0x07, 0xC0, 0x00, 0xF4, 0x1F, 0xC0, 0x00, 0x2F, 0xC0, 0x2F, 0x40, 0x0B, 0xE0,
    0x1F, 0xD0, 0x02, 0xFD, 0x01, 0xFE, 0x00, 0x3F, 0xC0, 0x2F, 0xD0, 0x0F, 0xF0, 0x03, 0xF8, 0x00,
    0xFF, 0x00, 0x3F, 0xC0, 0xBF, 0x80, 0x0B, 0xC0, 0x01, 0xF4, 0x00, 0xFF, 0x83, 0xFD, 0x00, 0x00,
    0x00, 0x00, 0x00, 0x02, 0xFF, 0x1F, 0xF4, 0x00, 0x00, 0x00, 0x00, 0x00, 0x07, 0xFD, 0xBF, 0xC0,
    0x00, 0x00, 0x00, 0x00, 0x00, 0x1F, 0xF7, 0xFF, 0x00, 0x00, 0x00, 0x00, 0x00, 0x00, 0x7F, 0xEF,
    0xFC, 0x00, 0x00, 0x00, 0x00, 0x00, 0x01, 0xFF, 0xBF, 0xF0, 0x00, 0x0B, 0xFF, 0xF4, 0x00, 0x07,
    0xFF, 0xFF, 0xC0, 0x00, 0x2F, 0xFF, 0xD0, 0x00, 0x1F, 0xFB, 0xFF, 0x00, 0x00, 0x0F, 0xF8, 0x00,
    0x00, 0x7F, 0xEB, 0xFC, 0x00, 0x00, 0x3F, 0xE0, 0x00, 0x01, 0xFF, 0x9F, 0xF4, 0x00, 0x00, 0xFF,
    0x80, 0x00, 0x07, 0xFD, 0x3F, 0xD0, 0x00, 0x03, 0xFE, 0x00, 0x00, 0x2F, 0xF0, 0xFF, 0x80, 0x00,
    0x0F, 0xF8, 0x00, 0x00, 0xFF, 0x81, 0xFF, 0x00, 0x00, 0x3F, 0xE0, 0x00, 0x03, 0xFC, 0x02, 0xFD,
    0x00, 0x00, 0xFF, 0x80, 0x00, 0x2F, 0xD0, 0x02, 0xFC, 0x00, 0x03, 0xFE, 0x00, 0x00, 0xFE, 0x00,
    0x02, 0xFD, 0x00, 0x7D, 0x2F, 0x40, 0x1F, 0xD0, 0x00, 0x00, 0x7F, 0xFE, 0x40, 0x06, 0xFF, 0xE4,
    0x00, 0x00, 0x00, 0x00, 0x1B, 0xFF, 0xE4, 0x00, 0x00, 0x00, 0x00, 0xBF, 0x40, 0x7F, 0xC0, 0x00,
    0x00, 0x00, 0xFE, 0x00, 0x02, 0xFC, 0x00, 0x00, 0x00, 0xFE, 0x01, 0xFC, 0x1F, 0xC0, 0x00, 0x00,
    0x00, 0x01, 0xC3, 0xC1, 0xFD, 0x00, 0x00, 0x00, 0x00, 0xD0, 0xF0, 0x0B, 0xE0, 0x00, 0x00, 0x00,
    0x30, 0xB4, 0x00, 0x00, 0x00, 0x01, 0xBF, 0xE0, 0x28, 0x7F, 0xE4, 0x00, 0x03, 0xF8, 0x3F, 0x00,
    0x7E, 0x1F, 0xD0, 0x03, 0xF8, 0x2F, 0xC0, 0x2F, 0xC0, 0xFE, 0x03, 0xFC, 0x03, 0xE0, 0x03, 0xE0,
    0x1F, 0xD1, 0xFF, 0x00, 0x00, 0x00, 0x00, 0x03, 0xFC, 0xBF, 0x80, 0x00, 0x00, 0x00, 0x00, 0xFF,
    0x2F, 0xE0, 0x01, 0xFF, 0xFC, 0x00, 0x3F, 0xCB, 0xF4, 0x00, 0x0B, 0xF0, 0x00, 0x0F, 0xF2, 0xFE,
    0x00, 0x02, 0xFC, 0x00, 0x03, 0xFC, 0x7F, 0x80, 0x00, 0xBF, 0x00, 0x00, 0xFF, 0x0F, 0xF0, 0x00,
    0x2F, 0xC0, 0x00, 0x7F, 0x82, 0xFC, 0x00, 0x0B, 0xF0, 0x00, 0x2F, 0xC0, 0x3F, 0x80, 0x03, 0xFD,
    0x00, 0x0F, 0xD0, 0x03, 0xF8, 0x07, 0xD2, 0xE0, 0x1F, 0xD0, 0x00, 0x1B, 0xFF, 0x40, 0x0B, 0xFF,
    0x80, 0x00, 0x00, 0x00, 0x00, 0x00, 0x00, 0x00, 0x00, 0x00, 0x00, 0x01, 0xFF, 0xFF, 0xFD, 0x00,
    0x00, 0x00, 0x00, 0x00, 0x07, 0xD3, 0xF1, 0xF4, 0x00, 0x00, 0x00, 0x00, 0x00, 0x1D, 0x0F, 0xC2,
    0xD0, 0x00, 0x00, 0x00, 0x00, 0x00, 0x70, 0x3F, 0x07, 0x40, 0x00, 0x00, 0x00, 0x00, 0x01, 0xC0,
    0xFC, 0x1D, 0x00, 0x00, 0x00, 0x00, 0x00, 0x00, 0x00, 0x00, 0x00, 0x00, 0x00, 0x00, 0x00, 0x6F,
    0xF8, 0x00, 0x00, 0xBF, 0xE4, 0x00, 0x00, 0x1F, 0xD0, 0x7C, 0x00, 0x0F, 0x41, 0xFC, 0x00, 0x02,
    0xFC, 0x02, 0xF4, 0x00, 0xBE, 0x01, 0xFD, 0x00, 0x2F, 0xD0, 0x1F, 0xE0, 0x03, 0xFC, 0x02, 0xFD,
    0x00, 0xFF, 0x00, 0x3F, 0x80, 0x0F, 0xF0, 0x03, 0xFC, 0x0B, 0xF8, 0x00, 0xBC, 0x00, 0x1F, 0x40,
    0x0F, 0xF8, 0x3F, 0xD0, 0x00, 0x00, 0x00, 0x00, 0x00, 0x2F, 0xF1, 0xFF, 0x40, 0x00, 0x00, 0x00,
    0x00, 0x00, 0x7F, 0xDB, 0xFC, 0x00, 0x00, 0x00, 0x00, 0x00, 0x01, 0xFF, 0x7F, 0xF0, 0x00, 0x00,
    0x00, 0x00, 0x00, 0x07, 0xFE, 0xFF, 0xC0, 0x00, 0x00, 0x00, 0x00, 0x00, 0x1F, 0xFB, 0xFF, 0x00,
    0x00, 0xBF, 0xFF, 0x40, 0x00, 0x7F, 0xFF, 0xFC, 0x00, 0x02, 0xFF, 0xFD, 0x00, 0x01, 0xFF, 0xBF,
    0xF0, 0x00, 0x00, 0xFF, 0x80, 0x00, 0x07, 0xFE, 0xBF, 0xC0, 0x00, 0x03, 0xFE, 0x00, 0x00, 0x1F,
    0xF9, 0xFF, 0x40, 0x00, 0x0F, 0xF8, 0x00, 0x00, 0x7F, 0xD3, 0xFD, 0x00, 0x00, 0x3F, 0xE0, 0x00,
    0x02, 0xFF, 0x0F, 0xF8, 0x00, 0x00, 0xFF, 0x80, 0x00, 0x0F, 0xF8, 0x1F, 0xF0, 0x00, 0x03, 0xFE,
    0x00, 0x00, 0x3F, 0xC0, 0x2F, 0xD0, 0x00, 0x0F, 0xF8, 0x00, 0x02, 0xFD, 0x00, 0x2F, 0xC0, 0x00,
    0x3F, 0xE0, 0x00, 0x0F, 0xE0, 0x00, 0x2F, 0xD0, 0x07, 0xD2, 0xF4, 0x01, 0xFD, 0x00, 0x00, 0x07,
    0xFF, 0xE4, 0x00, 0x6F, 0xFE, 0x40, 0x00, 0x00, 0x00, 0xBF, 0xFF, 0xFF, 0x00, 0x00, 0x00, 0x00,
    0x2F, 0x5F, 0xC7, 0xC0, 0x00, 0x00, 0x00, 0x0B, 0x03, 0xF0, 0xF0, 0x00, 0x00, 0x00, 0x02, 0xC0,
    0xFC, 0x2C, 0x00, 0x00, 0x00, 0x00, 0xB0, 0x3F, 0x07, 0x00, 0x00, 0x00, 0x00, 0x00, 0x00, 0x00,
    0x00, 0x00, 0x00, 0x06, 0xFF, 0x80, 0x01, 0xFF, 0x90, 0x00, 0x0F, 0xE0, 0xFC, 0x01, 0xF8, 0x7F,
    0x40, 0x0F, 0xE0, 0xBF, 0x00, 0xBF, 0x03, 0xF8, 0x0F, 0xF0, 0x0F, 0x80, 0x0F, 0x80, 0x7F, 0x47,
    0xFC, 0x00, 0x00, 0x00, 0x00, 0x0F, 0xF2, 0xFE, 0x00, 0x00, 0x00, 0x00, 0x03, 0xFC, 0xBF, 0x80,
    0x07, 0xFF, 0xF0, 0x00, 0xFF, 0x2F, 0xD0, 0x00, 0x2F, 0xC0, 0x00, 0x3F, 0xCB, 0xF8, 0x00, 0x0B,
    0xF0, 0x00, 0x0F, 0xF1, 0xFE, 0x00, 0x02, 0xFC, 0x00, 0x03, 0xFC, 0x3F, 0xC0, 0x00, 0xBF, 0x00,
    0x01, 0xFE, 0x0B, 0xF0, 0x00, 0x2F, 0xC0, 0x00, 0xBF, 0x00, 0xFE, 0x00, 0x0F, 0xF4, 0x00, 0x3F,
    0x40, 0x0F, 0xE0, 0x1F, 0x4B, 0x80, 0x7F, 0x40, 0x00, 0x6F, 0xFD, 0x00, 0x2F, 0xFE, 0x00, 0x00,
    0x00, 0x00, 0x00, 0x00, 0x00, 0x00, 0x00, 0x00, 0x00, 0x6F, 0xFE, 0x40, 0x0C, 0x00, 0x02, 0xFF,
    0xFF, 0xFE, 0x1F, 0x40, 0x07, 0xFE, 0x40, 0x1B, 0xFF, 0xD0, 0x07, 0xFC, 0x00, 0x00, 0x3F, 0xF4,
    0x07, 0xF8, 0x00, 0x00, 0x02, 0xFD, 0x03, 0xFC, 0x00, 0x00, 0x00, 0x3F, 0x42, 0xFC, 0x00, 0x00,
    0x00, 0x03, 0xD0, 0xFE, 0x00, 0x00, 0x00, 0x00, 0xF4, 0x7F, 0x40, 0x00, 0x00, 0x00, 0x2D, 0x2F,
    0xC0, 0x00, 0x00, 0x00, 0x01, 0x0F, 0xF0, 0x00, 0x00, 0x00, 0x00, 0x03, 0xFC, 0x00, 0x00, 0x00,
    0x00, 0x00, 0xFF, 0x00, 0x00, 0x00, 0x00, 0x00, 0x3F, 0xD0, 0x00, 0x00, 0x00, 0x00, 0x0F, 0xF4,
    0x00, 0x00, 0x00, 0x00, 0x02, 0xFF, 0x00, 0x00, 0x00, 0x00, 0x00, 0x7F, 0xD0, 0x00, 0x00, 0x00,
    0x00, 0x0F, 0xFC, 0x00, 0x00, 0x00, 0x00, 0x02, 0xFF, 0xC0, 0x00, 0x00, 0x00, 0x00, 0x3F, 0xFD,
    0x00, 0x00, 0x00, 0x00, 0x03, 0xFF, 0xF9, 0x00, 0x00, 0x00, 0x00, 0x3F, 0xFF, 0xFF, 0x90, 0x00,
    0x00, 0x02, 0xFF, 0xFF, 0xFF, 0xE4, 0x00, 0x00, 0x1B, 0xFF, 0xFF, 0xFF, 0xC0, 0x00, 0x00, 0x1A,
    0xFF, 0xFF, 0xFD, 0x00, 0x00, 0x00, 0x00, 0x6F, 0xFF, 0xC0, 0x00, 0x00, 0x00, 0x00, 0x1B, 0xF4,
    0x00, 0x00, 0x00, 0x00, 0x00, 0x1D, 0x00, 0x00, 0x00, 0x00, 0x00, 0x07, 0x00, 0x00, 0x00, 0x00,
    0x00, 0x01, 0x40, 0x00, 0x6F, 0xFE, 0x00, 0x0F, 0x90, 0x2F, 0x40, 0xF8, 0x00, 0xFF, 0x0F, 0xC0,
    0x03, 0xFC, 0x7E, 0x00, 0x07, 0xD2, 0xF4, 0x00, 0x00, 0x0F, 0xD0, 0x00, 0x00, 0x3F, 0x40, 0x00,
    0x00, 0xFE, 0x00, 0x00, 0x03, 0xFC, 0x00, 0x00, 0x0B, 0xF4, 0x00, 0x00, 0x0F, 0xF8, 0x00, 0x00,
    0x1F, 0xFE, 0x40, 0x00, 0x1F, 0xFF, 0xF4, 0x00, 0x0B, 0xFF, 0xFC, 0x00, 0x00, 0x7F, 0xFC, 0x00,
    0x00, 0x0B, 0xF4, 0x00, 0x00, 0x07, 0xE0, 0x00, 0x00, 0x0B, 0x80, 0x00, 0x00, 0x1E, 0x00, 0x00,
    0x00, 0xF0, 0x00, 0x00, 0x0F, 0x00, 0x00, 0x03, 0x40, 0x01, 0xC0, 0x1D, 0x00, 0x0B, 0x5B, 0xFF,
    0xC0, 0x7F, 0x40, 0xE0, 0x2D, 0x74, 0x03, 0x47, 0x01, 0xC0, 0x00, 0xFC, 0x00, 0x00, 0x0F, 0xD0,
    0x00, 0x00, 0x7C, 0x00, 0x00, 0x00, 0x00, 0x00, 0x00, 0xFD, 0x7F, 0xA4, 0x00, 0xFD, 0x7F, 0x5B,
    0xE4, 0xFD, 0x7F, 0x00, 0x1B, 0xFD, 0x7E, 0x00, 0x00, 0x00, 0x00, 0x1B, 0xFF, 0xE4, 0x00, 0x00,
    0x1F, 0xD0, 0x1B, 0xE0, 0x00, 0x0B, 0xE0, 0x00, 0x1F, 0xC0, 0x01, 0xFC, 0x00, 0x00, 0x7F, 0x00,
    0x3F, 0x00, 0x00, 0x01, 0xF8, 0x00, 0x00, 0x00, 0x00, 0x07, 0xE0, 0x00, 0x00, 0x00, 0x00, 0x07,
    0xD0, 0x07, 0xFE, 0x42, 0xE1, 0xFD, 0x38, 0x1F, 0xE3, 0x40, 0xBC, 0x38, 0x00, 0x00, 0x40, 0x00,
    0x1B, 0xFD, 0x07, 0xF4, 0xB8, 0xBF, 0x43, 0xC3, 0xE0, 0x1C, 0x00, 0x02, 0xC0, 0x00, 0x10, 0x00,
    0x00, 0x00, 0x00, 0x01, 0xF4, 0x00, 0x00, 0x00, 0x00, 0x00, 0x00, 0x00, 0x00, 0x00, 0x3F, 0xC0,
    0x00, 0x00, 0x00, 0x00, 0x00, 0x00, 0x00, 0x00, 0x0B, 0xFD, 0x00, 0x00, 0x00, 0x00, 0x00, 0x00,
    0x00, 0x00, 0x00, 0x7F, 0xC0, 0x00, 0x00, 0x00, 0x00, 0x00, 0x0B, 0xD0, 0x00, 0x02, 0xF4, 0x00,
    0x00, 0x7D, 0x00, 0x00, 0x01, 0xFF, 0x00, 0x00, 0x00, 0x00, 0x00, 0x0F, 0xF0, 0x00, 0x00, 0x2F,
    0xF4, 0x00, 0x00, 0x00, 0x00, 0x01, 0xFF, 0x40, 0x00, 0x01, 0xFF, 0x00, 0x00, 0x00, 0x00, 0x00,
    0x0F, 0xF0, 0x00, 0x00, 0x0B, 0xD0, 0x00, 0x00, 0x00, 0x00, 0x00, 0x7D, 0x00, 0x00, 0x00, 0x00,
    0x00, 0x00, 0x00, 0x00, 0x00, 0x00, 0x00, 0x00, 0x00, 0x00, 0x00, 0x00, 0x00, 0x00, 0x00, 0x00,
    0x00, 0x00, 0x00, 0x00, 0x00, 0x00, 0x00, 0x00, 0x00, 0x00, 0x00, 0x00, 0x00, 0x00, 0x00, 0x00,
    0x00, 0x00, 0x00, 0x00, 0x00, 0x00, 0x00, 0x00, 0x00, 0x00, 0x00, 0x00, 0x00, 0x00, 0x00, 0x00,
    0x00, 0x00, 0x00, 0x00, 0x00, 0x00, 0x00, 0x00, 0x00, 0x00, 0x00, 0x00, 0x00, 0x00, 0x00, 0x00,
    0x00, 0x00, 0x00, 0x00, 0x00, 0x00, 0x00, 0x1F, 0x40, 0x00, 0x00, 0x00, 0x00, 0x00, 0x00, 0x00,
    0x1F, 0x47, 0xFC, 0x00, 0x00, 0x00, 0x00, 0x00, 0x00, 0x00, 0x07, 0xFC, 0x7F, 0xD0, 0x00, 0x00,
    0x00, 0x00, 0x00, 0x00, 0x00, 0xBF, 0xD7, 0xFC, 0x00, 0x00, 0x00, 0x00, 0x00, 0x00, 0x00, 0x07,
    0xFC, 0x1F, 0x40, 0x00, 0x00, 0x00, 0x00, 0x00, 0x00, 0x00, 0x1F, 0x40, 0x00, 0x00, 0x00, 0x00,
    0x00, 0x00, 0x00, 0x00, 0x00, 0x00, 0x00, 0x00, 0x00, 0x00, 0x00, 0x00, 0x00, 0x00, 0x00, 0x00,
    0x00, 0x00, 0x00, 0x00, 0x00, 0x00, 0x00, 0x00, 0x00, 0x00, 0x00, 0x00, 0x00, 0x00, 0x00, 0x00,
    0x00, 0x00, 0x00, 0x00, 0x00, 0x00, 0x00, 0x00, 0x00, 0x00, 0x00, 0x00, 0x00, 0x00, 0x00, 0x00,
    0x00, 0x00, 0x00, 0x00, 0x00, 0x00, 0x00, 0x00, 0x00, 0x00, 0x00, 0x00, 0x00, 0x00, 0x00, 0x00,
    0x00, 0x00, 0x00, 0x00, 0x00, 0x00, 0x0B, 0xD0, 0x00, 0x00, 0x00, 0x00, 0x00, 0x7D, 0x00, 0x00,
    0x01, 0xFF, 0x00, 0x00, 0x00, 0x00, 0x00, 0x0F, 0xF0, 0x00, 0x00, 0x2F, 0xF4, 0x00, 0x00, 0x00,
    0x00, 0x01, 0xFF, 0x40, 0x00, 0x01, 0xFF, 0x00, 0x00, 0x00, 0x00, 0x00, 0x0F, 0xF0, 0x00, 0x00,
    0x0B, 0xD0, 0x00, 0x01, 0xF4, 0x00, 0x00, 0x7D, 0x00, 0x00, 0x00, 0x00, 0x00, 0x00, 0x7F, 0xC0,
    0x00, 0x00, 0x00, 0x00, 0x00, 0x00, 0x00, 0x00, 0x0B, 0xFD, 0x00, 0x00, 0x00, 0x00, 0x00, 0x00,
    0x00, 0x00, 0x00, 0x7F, 0xC0, 0x00, 0x00, 0x00, 0x00, 0x00, 0x00, 0x00, 0x00, 0x02, 0xF4, 0x00,
    0x00, 0x00, 0x00, 0x00, 0x00, 0x00, 0x00, 0x00, 0x00, 0x00, 0x10, 0x00, 0x00, 0x00, 0x00, 0x00,
    0x00, 0x00, 0x00, 0x00, 0x00, 0x00, 0xF0, 0x00, 0x00, 0x00, 0x00, 0x00, 0x00, 0x00, 0x00, 0x00,
    0x00, 0x03, 0x40, 0x00, 0x00, 0x00, 0x00, 0x00, 0x00, 0x00, 0x00, 0x00, 0x00, 0x0F, 0xD0, 0x00,
    0x00, 0x00, 0x00, 0x00, 0x00, 0x00, 0x00, 0x00, 0x00, 0x1F, 0xF0, 0x00, 0x00, 0x00, 0x00, 0x00,
    0x00, 0x00, 0xC0, 0x00, 0x00, 0x2F, 0xF4, 0x00, 0x00, 0x00, 0x00, 0x00, 0x00, 0x00, 0xC0, 0x00,
    0x00, 0x1F, 0xF0, 0x00, 0x00, 0x00, 0x00, 0x00, 0x00, 0x00, 0xEF, 0x40, 0x00, 0x07, 0xD0, 0x00,
    0x00, 0xBF, 0xE0, 0x00, 0x00, 0x00, 0xFF, 0xC0, 0x00, 0x00, 0x00, 0x00, 0x03, 0xFD, 0x70, 0x00,
    0x00, 0x00, 0xFF, 0xD0, 0x00, 0x00, 0x00, 0x00, 0x07, 0xFD, 0x00, 0x00, 0x00, 0x00, 0x7F, 0xC0,
    0x00, 0x00, 0x00, 0x00, 0x03, 0xFC, 0x00, 0x00, 0x00, 0x00, 0x1F, 0x40, 0x00, 0x00, 0x00, 0x00,
    0x01, 0xF4, 0x00, 0x00, 0x00, 0x00, 0x00, 0x00, 0x00, 0x00, 0x00, 0x00, 0x00, 0x00, 0x00, 0x00,
    0x00, 0x00, 0x00, 0x00, 0x00, 0x00, 0x00, 0x00, 0x00, 0x00, 0x00, 0x00, 0x00, 0x00, 0x00, 0x00,
    0x00, 0x00, 0x00, 0x00, 0x00, 0x00, 0x00, 0x00, 0x00, 0x00, 0x00, 0x00, 0x00, 0x00, 0x00, 0x00,
    0x00, 0x00, 0x00, 0x00, 0x00, 0x00, 0x00, 0x00, 0x00, 0x00, 0x00, 0x00, 0x00, 0x00, 0x00, 0x00,
    0x00, 0x00, 0x00, 0x00, 0x00, 0x00, 0x00, 0x00, 0x00, 0x00, 0x00, 0x00, 0x00, 0x00, 0x00, 0x00,
    0x00, 0x00, 0x00, 0x00, 0x00, 0x00, 0x00, 0x00, 0x00, 0x7D, 0x00, 0x00, 0x00, 0x00, 0x00, 0x00,
    0x00, 0x00, 0x7E, 0x00, 0x30, 0xFF, 0x00, 0x00, 0x00, 0x00, 0x00, 0x00, 0x00, 0x01, 0xFF, 0xD0,
    0x19, 0xFF, 0x40, 0x00, 0x00, 0x00, 0x00, 0x00, 0x00, 0x02, 0xFF, 0x64, 0x07, 0xFF, 0x00, 0x00,
    0x00, 0x00, 0x00, 0x00, 0x00, 0x01, 0xFF, 0x0C, 0x00, 0xBD, 0x00, 0x00, 0x00, 0x00, 0x00, 0x00,
    0x00, 0x00, 0x7C, 0x00, 0x00, 0x00, 0x00, 0x00, 0x00, 0x00, 0x00, 0x00, 0x00, 0x00, 0x00, 0x00,
    0x00, 0x00, 0x00, 0x00, 0x00, 0x00, 0x00, 0x00, 0x00, 0x00, 0x00, 0x00, 0x00, 0x00, 0x00, 0x00,
    0x00, 0x00, 0x00, 0x00, 0x00, 0x00, 0x00, 0x00, 0x00, 0x00, 0x00, 0x00, 0x00, 0x00, 0x00, 0x00,
    0x00, 0x00, 0x00, 0x00, 0x00, 0x00, 0x00, 0x00, 0x00, 0x00, 0x00, 0x00, 0x00, 0x00, 0x00, 0x00,
    0x00, 0x00, 0x00, 0x00, 0x00, 0x00, 0x00, 0x00, 0x00, 0x00, 0x00, 0x00, 0x00, 0x00, 0x00, 0x00,
    0x00, 0x00, 0x00, 0x00, 0x00, 0x00, 0x00, 0x00, 0x00, 0x00, 0x2F, 0x40, 0x00, 0x00, 0x00, 0x00,
    0x01, 0xF4, 0x00, 0x00, 0x00, 0x00, 0x7F, 0xC0, 0x00, 0x00, 0x00, 0x00, 0x03, 0xFC, 0x00, 0x00,
    0x00, 0x00, 0xBF, 0xD0, 0x00, 0x00, 0x00, 0x00, 0x07, 0xFE, 0x00, 0x00, 0x00, 0x00, 0x3F, 0xC0,
    0x00, 0x00, 0x00, 0x00, 0x03, 0xFF, 0x00, 0x00, 0x00, 0x0B, 0xFE, 0x00, 0x00, 0x07, 0xD0, 0x00,
    0x01, 0xF7, 0x00, 0x00, 0x00, 0x00, 0x00, 0x00, 0x00, 0x1F, 0xF0, 0x00, 0x00, 0x03, 0x00, 0x00,
    0x00, 0x00, 0x00, 0x00, 0x00, 0x2F, 0xF4, 0x00, 0x00, 0x03, 0x00, 0x00, 0x00, 0x00, 0x00, 0x00,
    0x00, 0x1F, 0xF0, 0x00, 0x00, 0x00, 0x00, 0x00, 0x00, 0x00, 0x00, 0x00, 0x00, 0x07, 0xE0, 0x00,
    0x00, 0x00, 0x00, 0x00, 0x00, 0x00, 0x00, 0x00, 0x00, 0x02, 0xC0, 0x00, 0x00, 0x00, 0x00, 0x00,
    0x00, 0x00, 0x00, 0x00, 0x00, 0x1E, 0x00, 0x00, 0x00, 0x00, 0x00, 0x00, 0x00, 0x00, 0x00, 0x00,
    0x00, 0x04, 0x00, 0x00, 0x00, 0x00, 0x00, 0x00, 0x00, 0x00, 0x7E, 0x00, 0xBC, 0x00, 0x00, 0x00,
    0x00, 0x3F, 0xD0, 0xBF, 0x80, 0x00, 0x00, 0x00, 0x0F, 0xF8, 0x3F, 0xF0, 0x00, 0x00, 0x00, 0x03,
    0xFD, 0x0B, 0xF8, 0x00, 0x00, 0x00, 0x00, 0x3E, 0x00, 0xF8, 0x00, 0x00, 0x00, 0x00, 0x01, 0xBF,
    0xE4, 0x00, 0x00, 0x00, 0x00, 0x00, 0x00, 0x00, 0x00, 0x00, 0x02, 0xFF, 0xFF, 0xFC, 0x07, 0xFF,
    0xFF, 0xF4, 0x00, 0xFF, 0x80, 0x00, 0x03, 0xFF, 0x00, 0x00, 0x3F, 0xE0, 0x00, 0x03, 0xFF, 0xC0,
    0x00, 0x0F, 0xF8, 0x00, 0x01, 0xFF, 0xF0, 0x00, 0x03, 0xFE, 0x00, 0x00, 0xFF, 0xFC, 0x00, 0x00,
    0xFF, 0x80, 0x00, 0xB7, 0xFF, 0x00, 0x00, 0x3F, 0xE0, 0x00, 0x78, 0xFF, 0xC0, 0x00, 0x0F, 0xF8,
    0x00, 0x3C, 0x3F, 0xF0, 0x00, 0x03, 0xFE, 0x00, 0x2D, 0x0F, 0xFC, 0x00, 0x00, 0xFF, 0x80, 0x0F,
    0x03, 0xFF, 0x00, 0x00, 0x3F, 0xE0, 0x0F, 0x00, 0xFF, 0xC0, 0x00, 0x0F, 0xF8, 0x07, 0x80, 0x3F,
    0xF0, 0x00, 0x03, 0xFE, 0x03, 0xC0, 0x0F, 0xFC, 0x00, 0x00, 0xFF, 0x82, 0xD0, 0x03, 0xFF, 0x00,
    0x00, 0x3F, 0xE1, 0xE0, 0x00, 0xFF, 0xC0, 0x00, 0x0F, 0xF8, 0xF0, 0x00, 0x3F, 0xF0, 0x00, 0x03,
    0xFE, 0xB4, 0x00, 0x0F, 0xFC, 0x00, 0x00, 0xFF, 0xFC, 0x00, 0x03, 0xFF, 0x00, 0x00, 0x3F, 0xFC,
    0x00, 0x00, 0xFF, 0xC0, 0x00, 0x0F, 0xFE, 0x00, 0x00, 0x3F, 0xF0, 0x00, 0x03, 0xFF, 0x00, 0x00,
    0x0F, 0xFC, 0x00, 0xBF, 0xFF, 0xFF, 0x01, 0xFF, 0xFF, 0xFF, 0x2F, 0xFF, 0xFF, 0xC0, 0x7F, 0xFF,
    0xFF, 0xC0, 0x00, 0x00, 0x00, 0x00, 0x00, 0x1B, 0xF0, 0x00, 0x00, 0x00, 0x00, 0x00, 0x00, 0x7C,
    0x00, 0x00, 0x00, 0x00, 0x00, 0x00, 0x0B, 0x40, 0x00, 0x00, 0x00, 0x00, 0x00, 0x01, 0xD0, 0x00,
    0x00, 0x00, 0x00, 0x00, 0x00, 0x38, 0x00, 0x00, 0x00, 0x00, 0x00, 0x00, 0x0E, 0x00, 0x7C, 0x00,
    0xF8, 0x00, 0x01, 0xFF, 0x03, 0xFD, 0x00, 0x02, 0xFF, 0x03, 0xFE, 0x00, 0x01, 0xFF, 0x03, 0xFD,
    0x00, 0x00, 0xBD, 0x01, 0xF8, 0x00, 0x00, 0x0B, 0xFF, 0x80, 0x00, 0x00, 0x00, 0x00, 0x00, 0x00,
    0x00, 0x00, 0x00, 0x00, 0x00, 0xFF, 0xFF, 0x47, 0xFF, 0xFC, 0x0B, 0xF4, 0x00, 0x7F, 0xC0, 0x0B,
    0xF0, 0x00, 0xFF, 0x80, 0x0B, 0xF0, 0x02, 0xFF, 0x80, 0x0B, 0xF0, 0x07, 0xBF, 0x80, 0x0B, 0xF0,
    0x0E, 0x3F, 0x80, 0x0B, 0xF0, 0x2C, 0x3F, 0x80, 0x0B, 0xF0, 0x74, 0x3F, 0x80, 0x0B, 0xF0, 0xE0,
    0x3F, 0x80, 0x0B, 0xF2, 0xC0, 0x3F, 0x80, 0x0B, 0xF7, 0x40, 0x3F, 0x80, 0x0B, 0xFE, 0x00, 0x3F,
    0x80, 0x0B, 0xFC, 0x00, 0x3F, 0x80, 0x0B, 0xF4, 0x00, 0x3F, 0xC0, 0xFF, 0xFF, 0x47, 0xFF, 0xFD,
    0x00, 0x00, 0x00, 0x00, 0xBD, 0x00, 0x00, 0x00, 0x00, 0x2E, 0x00, 0x00, 0x00, 0x00, 0x0E, 0x00,
    0x00, 0x00, 0x00, 0x0E, 0x00, 0x00, 0x00, 0x00, 0x0B, 0x00, 0x00, 0x00, 0x00, 0x00, 0x00, 0x00,
    0x00, 0x2F, 0xFF, 0xFF, 0xC0, 0x00, 0x00, 0x00, 0x00, 0x0F, 0xF4, 0x00, 0x00, 0x00, 0x00, 0x00,
    0x03, 0xFD, 0x00, 0x00, 0x00, 0x00, 0x3F, 0xFF, 0xFF, 0xFF, 0xFF, 0xFF, 0x80, 0x0F, 0xFF, 0xFF,
    0xFF, 0xFF, 0xFF, 0xE0, 0x00, 0x00, 0x0F, 0xF4, 0x00, 0x00, 0x00, 0x00, 0x00, 0x03, 0xFD, 0x00,
    0x00, 0x00, 0x00, 0x00, 0x00, 0xFF, 0x40, 0x00, 0x00, 0x00, 0x00, 0x00, 0x3F, 0xD0, 0x00, 0x00,
    0x00, 0x00, 0x00, 0x0F, 0xFE, 0x50, 0x00, 0x00, 0x00, 0x00, 0x03, 0xFF, 0xFF, 0xFF, 0xE4, 0x00,
    0x00, 0x00, 0xFF, 0x40, 0x00, 0xBF, 0xD0, 0x00, 0x00, 0x3F, 0xD0, 0x00, 0x03, 0xFE, 0x00, 0x00,
    0x0F, 0xF4, 0x00, 0x00, 0x7F, 0xD0, 0x00, 0x03, 0xFD, 0x00, 0x00, 0x0F, 0xFC, 0x00, 0x00, 0xFF,
    0x40, 0x00, 0x03, 0xFF, 0x00, 0x00, 0x3F, 0xD0, 0x00, 0x00, 0xFF, 0xC0, 0x00, 0x0F, 0xF4, 0x00,
    0x00, 0x3F, 0xF0, 0x00, 0x03, 0xFD, 0x00, 0x00, 0x2F, 0xF4, 0x00, 0x00, 0xFF, 0x40, 0x00, 0x0F,
    0xFC, 0x00, 0x00, 0x3F, 0xD0, 0x00, 0x1F, 0xFD, 0x00, 0x0B, 0xFF, 0xFF, 0xFF, 0xFF, 0xFC, 0x00,
    0x02, 0xFF, 0xFF, 0xFF, 0xFF, 0xE4, 0x00, 0x01, 0x6B, 0xC0, 0x00, 0x00, 0x3F, 0xFF, 0xC0, 0x00,
    0x00, 0x00, 0x3F, 0xC0, 0x00, 0x00, 0x00, 0x2F, 0xC0, 0x00, 0x00, 0x00, 0x2F, 0xC0, 0x00, 0x00,
    0x00, 0x2F, 0xC0, 0x00, 0x00, 0x00, 0x2F, 0xC0, 0x00, 0x00, 0x07, 0xFF, 0xFF, 0xFE, 0x00, 0x07,
    0xFF, 0xFF, 0xFE, 0x00, 0x00, 0x2F, 0xC0, 0x00, 0x00, 0x00, 0x2F, 0xC0, 0x00, 0x00, 0x00, 0x2F,
    0xC0, 0x00, 0x00, 0x00, 0x2F, 0xC0, 0x00, 0x00, 0x00, 0x2F, 0xFF, 0xFE, 0x40, 0x00, 0x2F, 0xC0,
    0x1F, 0xF4, 0x00, 0x2F, 0xC0, 0x03, 0xFC, 0x00, 0x2F, 0xC0, 0x02, 0xFE, 0x00, 0x2F, 0xC0, 0x02,
    0xFE, 0x00, 0x2F, 0xC0, 0x02, 0xFE, 0x00, 0x2F, 0xC0, 0x03, 0xFC, 0x00, 0x2F, 0xC0, 0x1F, 0xF4,
    0x03, 0xFF, 0xFF, 0xFE, 0x40, 0xBF, 0xFF, 0xFF, 0xFF, 0x90, 0x02, 0xFF, 0xFF, 0xFF, 0xFF, 0xF8,
    0x00, 0x0F, 0xF4, 0x00, 0x1F, 0xFC, 0x00, 0x3F, 0xD0, 0x00, 0x0F, 0xFC, 0x00, 0xFF, 0x40, 0x00,
    0x2F, 0xF0, 0x03, 0xFD, 0x00, 0x00, 0x7F, 0xE0, 0x0F, 0xF4, 0x00, 0x01, 0xFF, 0x80, 0x3F, 0xD0,
    0x40, 0x03, 0xFF, 0x00, 0xFF, 0x43, 0x80, 0x1F, 0xF8, 0x03, 0xFD, 0x07, 0xD0, 0x7F, 0xC0, 0x0F,
    0xF4, 0x07, 0xD3, 0xFD, 0x00, 0x3F, 0xD0, 0x03, 0xFF, 0xD0, 0x00, 0xFF, 0xFF, 0xFF, 0xFC, 0x00,
    0x03, 0xFE, 0x00, 0x00, 0xBC, 0x00, 0x0F, 0xF8, 0x00, 0x00, 0x7D, 0x00, 0x3F, 0xE0, 0x00, 0x00,
    0x2E, 0x00, 0xFF, 0x80, 0x00, 0x00, 0x14, 0x03, 0xFE, 0x00, 0x00, 0x00, 0x00, 0x0F, 0xF8, 0x00,
    0x00, 0x00, 0x00, 0x3F, 0xE0, 0x00, 0x00, 0x00, 0x00, 0xFF, 0x80, 0x00, 0x00, 0x02, 0xFF, 0xFF,
    0xFC, 0x00, 0x00, 0x0B, 0xFF, 0xFF, 0xF0, 0x00, 0x00, 0x00, 0xFF, 0xF0, 0xBF, 0xE4, 0x00, 0x3F,
    0xFE, 0xE0, 0x2F, 0xC0, 0x00, 0xBF, 0xC0, 0x03, 0xFC, 0x00, 0x2F, 0xD0, 0x00, 0x3F, 0x80, 0x0B,
    0xF0, 0x00, 0x0F, 0xF0, 0x02, 0xFC, 0x00, 0x02, 0xFD, 0x00, 0xBF, 0x00, 0x00, 0xBF, 0x80, 0x2F,
    0xC0, 0x00, 0x1F, 0xE0, 0x0B, 0xF0, 0x03, 0x8B, 0xF8, 0x02, 0xFC, 0x00, 0xBF, 0xFE, 0x00, 0xBF,
    0x00, 0x03, 0xFF, 0x00, 0x2F, 0xD0, 0x00, 0x7F, 0x80, 0x0B, 0xFC, 0x00, 0x3F, 0xF4, 0x02, 0xFF,
    0xD0, 0x7F, 0xDF, 0x80, 0xBF, 0x5B, 0xFE, 0x40, 0xA0, 0x2F, 0xC0, 0x00, 0x00, 0x00, 0x0B, 0xF0,
    0x00, 0x00, 0x00, 0x02, 0xFC, 0x00, 0x00, 0x00, 0x00, 0xBF, 0x00, 0x00, 0x00, 0x03, 0xFF, 0xFE,
    0x00, 0x00, 0x00, 0xFF, 0xFF, 0x40, 0x00, 0x00, 0x00, 0x00, 0x00, 0x00, 0x00, 0x03, 0x80, 0x00,
    0x00, 0x00, 0x00, 0xE0, 0x00, 0x00, 0x00, 0x00, 0x74, 0x00, 0x00, 0x00, 0x00, 0x3C, 0x00, 0x00,
    0x00, 0x00, 0xBF, 0x2F, 0xFF, 0xFF, 0xFF, 0xFF, 0xCB, 0xFF, 0xFF, 0xFF, 0xFF, 0xF0, 0x03, 0xFE,
    0x00, 0x00, 0x00, 0x00, 0xFF, 0x80, 0x00, 0x00, 0x00, 0x3F, 0xE0, 0x00, 0x00, 0x00, 0x0F, 0xF8,
    0x00, 0x00, 0x00, 0x03, 0xFE, 0x00, 0x00, 0x00, 0x00, 0xFF, 0x80, 0x00, 0x00, 0x00, 0x3F, 0xE0,
    0x00, 0x00, 0x00, 0x0F, 0xF8, 0x00, 0x00, 0x00, 0x03, 0xFE, 0x00, 0x00, 0x00, 0x00, 0xFF, 0x80,
    0x00, 0x00, 0x00, 0x3F, 0xE0, 0x00, 0x00, 0x00, 0x0F, 0xF8, 0x00, 0x00, 0x00, 0x03, 0xFE, 0x00,
    0x00, 0x00, 0x00, 0xFF, 0x80, 0x00, 0x00, 0x00, 0x3F, 0xE0, 0x00, 0x00, 0x00, 0x0F, 0xF8, 0x00,
    0x00, 0x00, 0x03, 0xFE, 0x00, 0x00, 0x00, 0x00, 0xFF, 0x80, 0x00, 0x00, 0x00, 0x3F, 0xE0, 0x00,
    0x00, 0x0B, 0xFF, 0xFF, 0xFC, 0x00, 0x02, 0xFF, 0xFF, 0xFF, 0x00, 0x00, 0x00, 0x00, 0x00, 0x74,
    0x00, 0x00, 0x01, 0xC0, 0x00, 0x00, 0x0F, 0x00, 0x00, 0x01, 0xFC, 0xFF, 0xFF, 0xFF, 0xF0, 0x2F,
    0xC0, 0x00, 0x00, 0xBF, 0x00, 0x00, 0x02, 0xFC, 0x00, 0x00, 0x0B, 0xF0, 0x00, 0x00, 0x2F, 0xC0,
    0x00, 0x00, 0xBF, 0x00, 0x00, 0x02, 0xFC, 0x00, 0x00, 0x0B, 0xF0, 0x00, 0x00, 0x2F, 0xC0, 0x00,
    0x00, 0xBF, 0x00, 0x00, 0x02, 0xFC, 0x00, 0x00, 0x0B, 0xF0, 0x00, 0x00, 0x2F, 0xD0, 0x00, 0x0F,
    0xFF, 0xFC, 0x00, 0x00, 0x2F, 0xFF, 0xFF, 0xFF, 0xFF, 0x02, 0xFF, 0xFF, 0xFF, 0xFF, 0xF4, 0x00,
    0x3F, 0xE0, 0x00, 0xBF, 0x80, 0x03, 0xFE, 0x00, 0x00, 0xF8, 0x00, 0x3F, 0xE0, 0x00, 0x07, 0xC0,
    0x03, 0xFE, 0x00, 0x00, 0x3C, 0x00, 0x3F, 0xE0, 0x00, 0x02, 0xC0, 0x03, 0xFE, 0x00, 0x00, 0x1C,
    0x00, 0x3F, 0xE0, 0x00, 0x00, 0x00, 0x03, 0xFE, 0x00, 0x00, 0x00, 0x7F, 0xFF, 0xFF, 0xF0, 0x00,
    0x07, 0xFF, 0xFF, 0xFF, 0x00, 0x00, 0x00, 0x3F, 0xE0, 0x00, 0x00, 0x00, 0x03, 0xFE, 0x00, 0x00,
    0x00, 0x00, 0x3F, 0xE0, 0x00, 0x00, 0x00, 0x03, 0xFE, 0x00, 0x00, 0x00, 0x00, 0x3F, 0xE0, 0x00,
    0x00, 0x00, 0x03, 0xFE, 0x00, 0x00, 0x00, 0x00, 0x3F, 0xE0, 0x00, 0x00, 0x00, 0x03, 0xFE, 0x00,
    0x00, 0x00, 0x00, 0x3F, 0xE0, 0x00, 0x00, 0x00, 0x03, 0xFE, 0x00, 0x00, 0x00, 0x2F, 0xFF, 0xFF,
    0xF0, 0x00, 0x00, 0x00, 0x00, 0x00, 0x00, 0x00, 0x3F, 0xFF, 0xFF, 0xFC, 0x02, 0xFC, 0x00, 0xBC,
    0x02, 0xFC, 0x00, 0x3C, 0x02, 0xFC, 0x00, 0x1D, 0x02, 0xFC, 0x00, 0x0D, 0x02, 0xFC, 0x00, 0x00,
    0x7F, 0xFF, 0xFC, 0x00, 0x02, 0xFC, 0x00, 0x00, 0x02, 0xFC, 0x00, 0x00, 0x02, 0xFC, 0x00, 0x00,
    0x02, 0xFC, 0x00, 0x00, 0x02, 0xFC, 0x00, 0x00, 0x02, 0xFC, 0x00, 0x00, 0x02, 0xFD, 0x00, 0x00,
    0x3F, 0xFF, 0xF0, 0x00, 0xBF, 0xFF, 0xFF, 0xFF, 0xFF, 0x40, 0x2F, 0xFF, 0xFF, 0xFF, 0xFF, 0xD0,
    0x00, 0x0F, 0xF8, 0x00, 0x0B, 0xF8, 0x00, 0x03, 0xFE, 0x00, 0x00, 0x3E, 0x00, 0x00, 0xFF, 0x80,
    0x00, 0x07, 0xC0, 0x00, 0x3F, 0xE0, 0x00, 0x00, 0xF0, 0x00, 0x0F, 0xF8, 0x00, 0x00, 0x2C, 0x00,
    0x03, 0xFE, 0x00, 0x00, 0x07, 0x00, 0x00, 0xFF, 0x80, 0x00, 0x00, 0x00, 0x00, 0x3F, 0xE0, 0x00,
    0x00, 0x00, 0x00, 0x0F, 0xF8, 0x00, 0x00, 0x00, 0x00, 0x03, 0xFF, 0xFF, 0xFE, 0x40, 0x00, 0x00,
    0xFF, 0x80, 0x06, 0xFF, 0x40, 0x00, 0x3F, 0xE0, 0x00, 0x0F, 0xF8, 0x00, 0x0F, 0xF8, 0x00, 0x00,
    0xFF, 0xC0, 0x03, 0xFE, 0x00, 0x00, 0x0F, 0xF8, 0x00, 0xFF, 0x80, 0x00, 0x02, 0xFF, 0x00, 0x3F,
    0xE0, 0x00, 0x00, 0x7F, 0xD0, 0x0F, 0xF8, 0x00, 0x00, 0x1F, 0xF8, 0x03, 0xFE, 0x00, 0x00, 0x03,
    0xFF, 0x00, 0xFF, 0x80, 0x00, 0x00, 0xFF, 0xEF, 0xFF, 0xFF, 0xF0, 0x00, 0x7F, 0xFB, 0xFF, 0xFF,
    0xFC, 0x00, 0x1F, 0xF8, 0x00, 0x00, 0x00, 0x00, 0x07, 0xFD, 0x00, 0x00, 0x00, 0x00, 0x02, 0xFF,
    0x00, 0x00, 0x00, 0xF8, 0x00, 0xFF, 0x80, 0x00, 0x00, 0xFF, 0xC0, 0x7F, 0xC0, 0x00, 0x00, 0x3F,
    0xF0, 0x3F, 0xC0, 0x00, 0x00, 0x0B, 0xF8, 0x7F, 0x80, 0x00, 0x00, 0x00, 0x6F, 0xFE, 0x00, 0x00,
    0xFF, 0xFF, 0xFF, 0xF0, 0x00, 0xBF, 0x40, 0x2F, 0x00, 0x0B, 0xF0, 0x00, 0xB0, 0x00, 0xBF, 0x00,
    0x07, 0x40, 0x0B, 0xF0, 0x00, 0x00, 0x00, 0xBF, 0x00, 0x00, 0x00, 0x0B, 0xFF, 0xFF, 0x90, 0x00,
    0xBF, 0x00, 0x7F, 0xD0, 0x0B, 0xF0, 0x00, 0xBF, 0x40, 0xBF, 0x00, 0x03, 0xFC, 0x0B, 0xF0, 0x00,
    0x2F, 0xD0, 0xBF, 0x00, 0x01, 0xFE, 0x0B, 0xF0, 0x00, 0x1F, 0xF0, 0xBF, 0x40, 0x01, 0xFF, 0xFF,
    0xFF, 0x40, 0x1F, 0xF0, 0x00, 0x00, 0x01, 0xFF, 0x00, 0x00, 0x00, 0x1F, 0xE0, 0x02, 0xE0, 0x02,
    0xFC, 0x00, 0x7F, 0x40, 0x3F, 0x80, 0x03, 0xF4, 0x0B, 0xF0, 0x00, 0x2F, 0x03, 0xF8, 0x00, 0x00,
    0x6F, 0xF8, 0x00, 0x3F, 0xFF, 0xD0, 0x01, 0xFF, 0xFF, 0xFD, 0x00, 0x1F, 0xFF, 0xF0, 0x3F, 0xFF,
    0xD0, 0x01, 0xFF, 0xFF, 0xFD, 0x00, 0x1F, 0xFF, 0xF0, 0x00, 0x7D, 0x00, 0x00, 0x03, 0xFF, 0x00,
    0x00, 0x01, 0xF4, 0x00, 0x00, 0x0F, 0x40, 0x00, 0x03, 0xFF, 0x00, 0x00, 0x07, 0xC0, 0x00, 0x00,
    0x03, 0xE0, 0x00, 0x03, 0xFF, 0x00, 0x00, 0x2F, 0x00, 0x00, 0x00, 0x00, 0xBC, 0x00, 0x03, 0xFF,
    0x00, 0x00, 0xB8, 0x00, 0x00, 0x00, 0x00, 0x1F, 0x00, 0x03, 0xFF, 0x00, 0x03, 0xD0, 0x00, 0x00,
    0x00, 0x00, 0x03, 0xD0, 0x03, 0xFF, 0x00, 0x1F, 0x40, 0x00, 0x00, 0x00, 0x00, 0x00, 0xF8, 0x03,
    0xFF, 0x00, 0xBC, 0x00, 0x00, 0x00, 0x00, 0x00, 0x00, 0xBE, 0x03, 0xFF, 0x02, 0xF8, 0x00, 0x00,
    0x00, 0x00, 0x00, 0x01, 0xFF, 0xC3, 0xFF, 0x0F, 0xFE, 0x00, 0x00, 0x00, 0x00, 0x00, 0x07, 0xFF,
    0xF7, 0xFF, 0x7F, 0xFF, 0x40, 0x00, 0x00, 0x00, 0x00, 0x0F, 0xFC, 0x3F, 0xFF, 0xF0, 0xFF, 0xC0,
    0x00, 0x00, 0x00, 0x00, 0x3F, 0xF4, 0x0B, 0xFF, 0x80, 0x7F, 0xF0, 0x00, 0x00, 0x00, 0x00, 0xBF,
    0xE0, 0x03, 0xFF, 0x00, 0x2F, 0xF8, 0x00, 0x00, 0x00, 0x01, 0xFF, 0xC0, 0x03, 0xFF, 0x00, 0x0F,
    0xFD, 0x00, 0x00, 0x00, 0x03, 0xFF, 0x00, 0x03, 0xFF, 0x00, 0x03, 0xFF, 0x00, 0x00, 0x00, 0x0F,
    0xFD, 0x00, 0x03, 0xFF, 0x00, 0x01, 0xFF, 0xC0, 0x00, 0x00, 0x2F, 0xF4, 0x00, 0x03, 0xFF, 0x00,
    0x00, 0x7F, 0xF0, 0x00, 0x00, 0xBF, 0xE0, 0x00, 0x03, 0xFF, 0x00, 0x00, 0x2F, 0xF8, 0x00, 0x01,
    0xFF, 0xC0, 0x00, 0x03, 0xFF, 0x00, 0x00, 0x0F, 0xFD, 0x00, 0x7F, 0xFF, 0xFC, 0x01, 0xFF, 0xFF,
    0xFD, 0x00, 0x3F, 0xFF, 0xF8, 0x7F, 0xFF, 0xFC, 0x01, 0xFF, 0xFF, 0xFD, 0x00, 0x3F, 0xFF, 0xF8,
    0x00, 0x00, 0x00, 0x00, 0x00, 0x00, 0x00, 0x00, 0x00, 0x02, 0xFC, 0x00, 0x00, 0x00, 0x00, 0x00,
    0x00, 0x00, 0x00, 0x00, 0x00, 0x7C, 0x00, 0x00, 0x00, 0x00, 0x00, 0x00, 0x00, 0x00, 0x00, 0x00,
    0x3C, 0x00, 0x00, 0x00, 0x00, 0x00, 0x00, 0x00, 0x00, 0x00, 0x00, 0x2C, 0x00, 0x00, 0x00, 0x00,
    0x00, 0x00, 0x00, 0x00, 0x00, 0x00, 0x1D, 0x00, 0x00, 0x00, 0x00, 0x00, 0x00, 0x00, 0x00, 0x00,
    0x00, 0x0D, 0x2F, 0xFD, 0x01, 0xFF, 0xFF, 0x00, 0xFF, 0xF0, 0x01, 0xFC, 0x00, 0x0F, 0xE0, 0x00,
    0x7E, 0x00, 0x00, 0x2F, 0x00, 0x0F, 0xD0, 0x01, 0xF4, 0x00, 0x00, 0x07, 0xD0, 0x0F, 0xD0, 0x0B,
    0xC0, 0x00, 0x00, 0x00, 0xF8, 0x0F, 0xD0, 0x3E, 0x00, 0x00, 0x00, 0x00, 0x3F, 0x0F, 0xD1, 0xF8,
    0x00, 0x00, 0x00, 0x00, 0x7F, 0xDF, 0xEB, 0xFC, 0x00, 0x00, 0x00, 0x00, 0xFF, 0xFF, 0xFF, 0xFF,
    0x00, 0x00, 0x00, 0x03, 0xFC, 0x2F, 0xF4, 0xBF, 0x80, 0x00, 0x00, 0x0F, 0xF4, 0x0F, 0xE0, 0x3F,
    0xD0, 0x00, 0x00, 0x2F, 0xE0, 0x0F, 0xD0, 0x0F, 0xF4, 0x00, 0x00, 0xBF, 0x80, 0x0F, 0xD0, 0x03,
    0xFC, 0x00, 0x01, 0xFF, 0x00, 0x0F, 0xD0, 0x01, 0xFF, 0x00, 0x07, 0xFD, 0x00, 0x0F, 0xE0, 0x00,
    0xBF, 0xC0, 0x7F, 0xFF, 0x01, 0xFF, 0xFF, 0x02, 0xFF, 0xFC, 0x00, 0x00, 0x00, 0x00, 0x00, 0x00,
    0x00, 0xBC, 0x00, 0x00, 0x00, 0x00, 0x00, 0x00, 0x00, 0x2C, 0x00, 0x00, 0x00, 0x00, 0x00, 0x00,
    0x00, 0x1D, 0x00, 0x00, 0x00, 0x00, 0x00, 0x00, 0x00, 0x0D, 0x00, 0x00, 0x00, 0x00, 0x00, 0x00,
    0x00, 0x0E, 0x28, 0x06, 0xFF, 0xE4, 0x00, 0x0B, 0xFF, 0xFF, 0xFF, 0xE0, 0x02, 0xFF, 0x90, 0x07,
    0xFF, 0x00, 0xBF, 0x00, 0x00, 0x3F, 0xE0, 0x2F, 0x00, 0x00, 0x07, 0xFC, 0x0B, 0x40, 0x00, 0x00,
    0xFF, 0x42, 0xC0, 0x00, 0x00, 0x7F, 0xD0, 0x00, 0x00, 0x00, 0x2F, 0xF0, 0x00, 0x00, 0x00, 0x0F,
    0xF4, 0x00, 0x00, 0x00, 0x2F, 0xE0, 0x00, 0x00, 0x7F, 0xFF, 0x80, 0x00, 0x00, 0x00, 0x01, 0xFF,
    0x40, 0x00, 0x00, 0x00, 0x0B, 0xF8, 0x00, 0x00, 0x00, 0x00, 0xFF, 0x80, 0x00, 0x00, 0x00, 0x2F,
    0xF0, 0x40, 0x00, 0x00, 0x07, 0xFD, 0x38, 0x00, 0x00, 0x01, 0xFF, 0x8F, 0x00, 0x00, 0x00, 0xBF,
    0xD2, 0xD0, 0x00, 0x00, 0x3F, 0xF0, 0x3D, 0x00, 0x00, 0x2F, 0xF4, 0x0B, 0xE4, 0x00, 0x7F, 0xF8,
    0x00, 0x7F, 0xFF, 0xFF, 0xF4, 0x00, 0x01, 0xBF, 0xFF, 0x90, 0x00, 0x00, 0x02, 0xFE, 0x00, 0x00,
    0x00, 0x00, 0x0B, 0xF4, 0x00, 0x00, 0x00, 0x00, 0xFF, 0x00, 0x00, 0x00, 0x00, 0x2F, 0xC0, 0x00,
    0x00, 0x00, 0x0F, 0xF0, 0x00, 0x00, 0x00, 0x1F, 0xF4, 0x00, 0x00, 0x0F, 0xFE, 0x90, 0x00, 0x00,
    0x39, 0xBF, 0xFE, 0x40, 0x3F, 0x90, 0x1F, 0xF0, 0x3E, 0x00, 0x03, 0xFC, 0x3C, 0x00, 0x03, 0xFC,
    0x38, 0x00, 0x03, 0xFC, 0x00, 0x00, 0x1F, 0xE0, 0x00, 0x2F, 0xFF, 0x40, 0x00, 0x00, 0x1F, 0xE0,
    0x00, 0x00, 0x03, 0xFC, 0x00, 0x00, 0x02, 0xFD, 0x20, 0x00, 0x02, 0xFE, 0x38, 0x00, 0x02, 0xFD,
    0x2C, 0x00, 0x03, 0xFC, 0x0F, 0x40, 0x1F, 0xF0, 0x02, 0xFF, 0xFF, 0x40, 0x00, 0x2F, 0xC0, 0x00,
    0x00, 0x2F, 0xF4, 0x00, 0x00, 0x01, 0xFE, 0x00, 0x00, 0x00, 0xBF, 0x40, 0x00, 0x00, 0xBF, 0x40,
    0x00, 0x06, 0xFE, 0x00, 0x0B, 0xFF, 0x90, 0x00, 0x00, 0x00, 0x00, 0x00, 0x00, 0x00, 0x00, 0x2F,
    0xFF, 0xFF, 0xC0, 0x02, 0xFF, 0xFE, 0x00, 0x0F, 0xF8, 0x00, 0x00, 0x0B, 0xD0, 0x00, 0x03, 0xFE,
    0x00, 0x00, 0x0B, 0xC0, 0x00, 0x00, 0xFF, 0x80, 0x00, 0x0B, 0x80, 0x00, 0x00, 0x3F, 0xE0, 0x00,
    0x0F, 0x80, 0x00, 0x00, 0x0F, 0xF8, 0x00, 0x0F, 0x40, 0x00, 0x00, 0x03, 0xFE, 0x00, 0x1F, 0x40,
    0x00, 0x00, 0x00, 0xFF, 0x80, 0x1F, 0x00, 0x00, 0x00, 0x00, 0x3F, 0xE0, 0x2F, 0x40, 0x00, 0x00,
    0x00, 0x0F, 0xF8, 0x2F, 0xF0, 0x00, 0x00, 0x00, 0x03, 0xFE, 0x3F, 0xFE, 0x00, 0x00, 0x00, 0x00,
    0xFF, 0xBD, 0xFF, 0xD0, 0x00, 0x00, 0x00, 0x3F, 0xFD, 0x0F, 0xFC, 0x00, 0x00, 0x00, 0x0F, 0xFC,
    0x01, 0xFF, 0xC0, 0x00, 0x00, 0x03, 0xFE, 0x00, 0x2F, 0xF8, 0x00, 0x00, 0x00, 0xFF, 0x80, 0x03,
    0xFF, 0x40, 0x00, 0x00, 0x3F, 0xE0, 0x00, 0x3F, 0xF0, 0x00, 0x00, 0x0F, 0xF8, 0x00, 0x07, 0xFF,
    0x00, 0x00, 0x03, 0xFE, 0x00, 0x00, 0xBF, 0xE0, 0x00, 0x00, 0xFF, 0x80, 0x00, 0x0F, 0xFD, 0x00,
    0x00, 0x3F, 0xE0, 0x00, 0x00, 0xFF, 0xC0, 0x0B, 0xFF, 0xFF, 0xF0, 0x07, 0xFF, 0xFF, 0xC2, 0xFF,
    0xFF, 0xFC, 0x01, 0xFF, 0xFF, 0xF4, 0x00, 0x00, 0x00, 0x00, 0x00, 0x01, 0xFD, 0x00, 0x00, 0x00,
    0x00, 0x00, 0x00, 0x0B, 0x80, 0x00, 0x00, 0x00, 0x00, 0x00, 0x00, 0xE0, 0x00, 0x00, 0x00, 0x00,
    0x00, 0x00, 0x3C, 0x00, 0x00, 0x00, 0x00, 0x00, 0x00, 0x0B, 0x00, 0x00, 0x00, 0x00, 0x00, 0x00,
    0x01, 0xC0, 0xFF, 0xFF, 0x40, 0x7F, 0xF8, 0x02, 0xFC, 0x00, 0x0F, 0xD0, 0x00, 0xBF, 0x00, 0x0F,
    0x80, 0x00, 0x2F, 0xC0, 0x1F, 0x80, 0x00, 0x0B, 0xF0, 0x2F, 0x40, 0x00, 0x02, 0xFC, 0x3F, 0x00,
    0x00, 0x00, 0xBF, 0x7F, 0xD0, 0x00, 0x00, 0x2F, 0xFF, 0xFD, 0x00, 0x00, 0x0B, 0xF8, 0x3F, 0xC0,
    0x00, 0x02, 0xFC, 0x07, 0xFC, 0x00, 0x00, 0xBF, 0x00, 0xBF, 0xC0, 0x00, 0x2F, 0xC0, 0x0B, 0xF8,
    0x00, 0x0B, 0xF0, 0x00, 0xFF, 0x40, 0x02, 0xFC, 0x00, 0x0F, 0xF4, 0x0F, 0xFF, 0xF4, 0x0F, 0xFF,
    0xD0, 0x00, 0x00, 0x00, 0x01, 0xF8, 0x00, 0x00, 0x00, 0x00, 0x1E, 0x00, 0x00, 0x00, 0x00, 0x03,
    0xC0, 0x00, 0x00, 0x00, 0x00, 0xF0, 0x00, 0x00, 0x00, 0x00, 0x2C, 0x00, 0x00, 0x00, 0x00, 0x00,
    0x00, 0x00, 0x02, 0xFF, 0xFF, 0xFC, 0x00, 0x00, 0x7F, 0xFF, 0xC0, 0x0F, 0xF8, 0x00, 0x00, 0x00,
    0x3F, 0x40, 0x00, 0x3F, 0xE0, 0x00, 0x00, 0x02, 0xF0, 0x00, 0x00, 0xFF, 0x80, 0x00, 0x00, 0x3E,
    0x00, 0x00, 0x03, 0xFE, 0x00, 0x00, 0x03, 0xE0, 0x00, 0x00, 0x0F, 0xF8, 0x38, 0x00, 0x7D, 0x00,
    0x00, 0x00, 0x3F, 0xE0, 0xE0, 0x0B, 0xC0, 0x00, 0x00, 0x00, 0xFF, 0x83, 0x80, 0xBC, 0x00, 0x00,
    0x00, 0x03, 0xFE, 0x0E, 0x0F, 0x80, 0x00, 0x00, 0x00, 0x0F, 0xF8, 0x39, 0xFC, 0x00, 0x00, 0x00,
    0x00, 0x3F, 0xFF, 0xFF, 0xFC, 0x00, 0x00, 0x00, 0x00, 0xFF, 0x83, 0xAF, 0xFC, 0x00, 0x00, 0x00,
    0x03, 0xFE, 0x0E, 0x2F, 0xFC, 0x00, 0x00, 0x00, 0x0F, 0xF8, 0x38, 0x2F, 0xF8, 0x00, 0x00, 0x00,
    0x3F, 0xE0, 0xE0, 0x3F, 0xF8, 0x00, 0x00, 0x00, 0xFF, 0x83, 0x80, 0x3F, 0xF8, 0x00, 0x00, 0x03,
    0xFE, 0x00, 0x00, 0x3F, 0xF4, 0x00, 0x00, 0x0F, 0xF8, 0x00, 0x00, 0x3F, 0xF4, 0x00, 0x00, 0x3F,
    0xE0, 0x00, 0x00, 0x7F, 0xF4, 0x00, 0x00, 0xFF, 0x80, 0x00, 0x00, 0x7F, 0xF0, 0x00, 0x03, 0xFE,
    0x00, 0x00, 0x00, 0xBF, 0xF4, 0x0B, 0xFF, 0xFF, 0xF0, 0x00, 0x2F, 0xFF, 0xFF, 0x6F, 0xFF, 0xFF,
    0xC0, 0x00, 0x7F, 0xFF, 0xFD, 0xFF, 0xFF, 0x40, 0x00, 0xFF, 0xE0, 0x2F, 0xD0, 0x00, 0x02, 0xF8,
    0x00, 0xBF, 0x00, 0x00, 0x1F, 0x40, 0x02, 0xFC, 0x03, 0x01, 0xF0, 0x00, 0x0B, 0xF0, 0x0C, 0x2F,
    0x00, 0x00, 0x2F, 0xC0, 0x32, 0xF0, 0x00, 0x00, 0xBF, 0xFF, 0xFF, 0xD0, 0x00, 0x02, 0xFC, 0x03,
    0x7F, 0xC0, 0x00, 0x0B, 0xF0, 0x0C, 0x7F, 0xC0, 0x00, 0x2F, 0xC0, 0x30, 0xBF, 0x80, 0x00, 0xBF,
    0x00, 0x00, 0xFF, 0x40, 0x02, 0xFC, 0x00, 0x00, 0xFF, 0x40, 0x0B, 0xF0, 0x00, 0x01, 0xFF, 0x00,
    0x2F, 0xD0, 0x00, 0x03, 0xFF, 0x0F, 0xFF, 0xF4, 0x00, 0x3F, 0xFF, 0x80, 0x2F, 0xFF, 0xFF, 0xC0,
    0x02, 0xFF, 0xFE, 0x0B, 0xFF, 0xFF, 0xF0, 0x00, 0xAF, 0x8B, 0x80, 0x03, 0xFE, 0x00, 0x00, 0x0B,
    0x80, 0x00, 0x00, 0xFF, 0x80, 0x00, 0x0F, 0x80, 0x00, 0x7F, 0xFF, 0xFF, 0xD0, 0x0F, 0x80, 0x00,
    0x1F, 0xFF, 0xFF, 0xF4, 0x0F, 0x40, 0x00, 0x00, 0x03, 0xFE, 0x00, 0x1F, 0x40, 0x00, 0x00, 0x00,
    0xFF, 0x80, 0x1F, 0x40, 0x00, 0x00, 0x00, 0x3F, 0xE0, 0x2F, 0x40, 0x00, 0x00, 0x00, 0x0F, 0xF8,
    0x2F, 0xE0, 0x00, 0x00, 0x00, 0x03, 0xFE, 0x2F, 0xFD, 0x00, 0x00, 0x00, 0x00, 0xFF, 0xBE, 0xFF,
    0xC0, 0x00, 0x00, 0x00, 0x3F, 0xFD, 0x1F, 0xFC, 0x00, 0x00, 0x00, 0x0F, 0xFD, 0x02, 0xFF, 0x80,
    0x00, 0x00, 0x03, 0xFE, 0x00, 0x2F, 0xF4, 0x00, 0x00, 0x00, 0xFF, 0x80, 0x03, 0xFF, 0x00, 0x00,
    0x00, 0x3F, 0xE0, 0x00, 0x3F, 0xF0, 0x00, 0x00, 0x0F, 0xF8, 0x00, 0x07, 0xFE, 0x00, 0x00, 0x03,
    0xFE, 0x00, 0x00, 0xBF, 0xE0, 0x00, 0x00, 0xFF, 0x80, 0x00, 0x0F, 0xFD, 0x00, 0x00, 0x3F, 0xE0,
    0x00, 0x01, 0xFF, 0xC0, 0x0B, 0xFF, 0xFF, 0xF0, 0x07, 0xFF, 0xFF, 0xC2, 0xFF, 0xFF, 0xFC, 0x01,
    0xFF, 0xFF, 0xF0, 0x3F, 0xFC, 0x00, 0x00, 0x00, 0x00, 0xFF, 0x00, 0x00, 0x00, 0x00, 0x2F, 0xC0,
    0x00, 0x00, 0x01, 0xFF, 0xFF, 0x00, 0x00, 0x00, 0x7F, 0xFF, 0xC0, 0x00, 0x00, 0x00, 0xBF, 0x00,
    0x00, 0x00, 0x00, 0x2F, 0xC0, 0x00, 0x00, 0x00, 0x0B, 0xF0, 0x00, 0x00, 0x00, 0x02, 0xFC, 0x00,
    0x1F, 0xFE, 0x00, 0xBF, 0x00, 0x03, 0xF4, 0x00, 0x2F, 0xC0, 0x03, 0xE0, 0x00, 0x0B, 0xF0, 0x07,
    0xD0, 0x00, 0x02, 0xFC, 0x0B, 0xD0, 0x00, 0x00, 0xBF, 0x0B, 0xC0, 0x00, 0x00, 0x2F, 0xDF, 0xF4,
    0x00, 0x00, 0x0B, 0xFF, 0xFF, 0x40, 0x00, 0x02, 0xFF, 0x0F, 0xF0, 0x00, 0x00, 0xBF, 0x01, 0xFF,
    0x00, 0x00, 0x2F, 0xC0, 0x1F, 0xF0, 0x00, 0x0B, 0xF0, 0x02, 0xFE, 0x00, 0x02, 0xFC, 0x00, 0x3F,
    0xD0, 0x00, 0xBF, 0x00, 0x07, 0xFD, 0x03, 0xFF, 0xFC, 0x03, 0xFF, 0xF4, 0x3F, 0xFF, 0xFF, 0xFF,
    0xF0, 0x00, 0xBF, 0xFF, 0x83, 0xFF, 0xFF, 0xFF, 0xFF, 0x00, 0x0B, 0xFC, 0xB8, 0x3F, 0x80, 0x0F,
    0xF8, 0x00, 0x00, 0x0A, 0x00, 0x07, 0xC0, 0x00, 0xFF, 0x80, 0x00, 0x02, 0x80, 0x00, 0x78, 0x00,
    0x0F, 0xF8, 0x00, 0x00, 0xE0, 0x00, 0x07, 0x40, 0x00, 0xFF, 0x80, 0x00, 0x78, 0x00, 0x00, 0xB0,
    0x00, 0x0F, 0xF8, 0x00, 0x1D, 0x00, 0x00, 0x0B, 0x00, 0x00, 0xFF, 0x80, 0x0B, 0x40, 0x00, 0x00,
    0x00, 0x00, 0x0F, 0xF8, 0x03, 0xD0, 0x00, 0x00, 0x00, 0x00, 0x00, 0xFF, 0x81, 0xFE, 0x00, 0x00,
    0x00, 0x00, 0x00, 0x0F, 0xF8, 0x7F, 0xF4, 0x00, 0x00, 0x00, 0x00, 0x00, 0xFF, 0xAE, 0xFF, 0xC0,
    0x00, 0x00, 0x00, 0x00, 0x0F, 0xFF, 0x87, 0xFF, 0x00, 0x00, 0x00, 0x00, 0x00, 0xFF, 0xD0, 0x2F,
    0xF8, 0x00, 0x00, 0x00, 0x00, 0x0F, 0xF8, 0x00, 0xFF, 0xD0, 0x00, 0x00, 0x00, 0x00, 0xFF, 0x80,
    0x03, 0xFF, 0x00, 0x00, 0x00, 0x00, 0x0F, 0xF8, 0x00, 0x1F, 0xFC, 0x00, 0x00, 0x00, 0x00, 0xFF,
    0x80, 0x00, 0xBF, 0xE0, 0x00, 0x00, 0x00, 0x0F, 0xF8, 0x00, 0x02, 0xFF, 0x40, 0x00, 0x00, 0x00,
    0xFF, 0x80, 0x00, 0x0F, 0xFC, 0x00, 0x00, 0x00, 0x0F, 0xF8, 0x00, 0x00, 0x7F, 0xF0, 0x00, 0x00,
    0xBF, 0xFF, 0xFF, 0x00, 0x7F, 0xFF, 0xFC, 0x00, 0x0B, 0xFF, 0xFF, 0xF0, 0x07, 0xFF, 0xFF, 0xC0,
    0x2F, 0xFF, 0xFF, 0xC0, 0x2F, 0xFD, 0x0F, 0x90, 0xFF, 0x00, 0x07, 0xF4, 0x03, 0xC0, 0x3F, 0x80,
    0x07, 0xE0, 0x00, 0xE0, 0x0F, 0xE0, 0x0B, 0xD0, 0x00, 0x38, 0x03, 0xF8, 0x0B, 0xC0, 0x00, 0x00,
    0x00, 0xFE, 0x1F, 0x80, 0x00, 0x00, 0x00, 0x3F, 0x9F, 0xF0, 0x00, 0x00, 0x00, 0x0F, 0xFF, 0xFF,
    0x00, 0x00, 0x00, 0x03, 0xFE, 0x1F, 0xF0, 0x00, 0x00, 0x00, 0xFE, 0x02, 0xFE, 0x00, 0x00, 0x00,
    0x3F, 0x80, 0x3F, 0xD0, 0x00, 0x00, 0x0F, 0xE0, 0x03, 0xFD, 0x00, 0x00, 0x03, 0xF8, 0x00, 0x3F,
    0xC0, 0x00, 0x00, 0xFF, 0x00, 0x0B, 0xFC, 0x00, 0x03, 0xFF, 0xFC, 0x07, 0xFF, 0xF0, 0x00, 0x00,
    0x00, 0x00, 0x00, 0x00, 0x00, 0x2F, 0xFF, 0xFF, 0xC0, 0x7F, 0xFF, 0xFF, 0x40, 0x0F, 0xF8, 0x00,
    0x00, 0x3F, 0xF0, 0x00, 0x03, 0xFE, 0x00, 0x00, 0x0F, 0xFC, 0x00, 0x00, 0xFF, 0x80, 0x00, 0x03,
    0xFF, 0x00, 0x00, 0x3F, 0xE0, 0x00, 0x00, 0xFF, 0xC0, 0x00, 0x0F, 0xF8, 0x00, 0x00, 0x3F, 0xF0,
    0x00, 0x03, 0xFE, 0x00, 0x00, 0x0F, 0xFC, 0x00, 0x00, 0xFF, 0x80, 0x00, 0x03, 0xFF, 0x00, 0x00,
    0x3F, 0xE0, 0x00, 0x00, 0xFF, 0xC0, 0x00, 0x0F, 0xF8, 0x00, 0x00, 0x3F, 0xF0, 0x00, 0x03, 0xFF,
    0xFF, 0xFF, 0xFF, 0xFC, 0x00, 0x00, 0xFF, 0xFF, 0xFF, 0xFF, 0xFF, 0x00, 0x00, 0x3F, 0xE0, 0x00,
    0x00, 0xFF, 0xC0, 0x00, 0x0F, 0xF8, 0x00, 0x00, 0x3F, 0xF0, 0x00, 0x03, 0xFE, 0x00, 0x00, 0x0F,
    0xFC, 0x00, 0x00, 0xFF, 0x80, 0x00, 0x03, 0xFF, 0x00, 0x00, 0x3F, 0xE0, 0x00, 0x00, 0xFF, 0xC0,
    0x00, 0x0F, 0xF8, 0x00, 0x00, 0x3F, 0xF0, 0x00, 0x03, 0xFE, 0x00, 0x00, 0x0F, 0xFC, 0x00, 0x00,
    0xFF, 0x80, 0x00, 0x03, 0xFF, 0x00, 0x00, 0x3F, 0xE0, 0x00, 0x00, 0xFF, 0xC0, 0x0B, 0xFF, 0xFF,
    0xF0, 0x1F, 0xFF, 0xFF, 0xF2, 0xFF, 0xFF, 0xFC, 0x07, 0xFF, 0xFF, 0xFC, 0x00, 0x00, 0x00, 0x00,
    0x00, 0x01, 0xBF, 0x00, 0x00, 0x00, 0x00, 0x00, 0x00, 0x07, 0xC0, 0x00, 0x00, 0x00, 0x00, 0x00,
    0x00, 0xB4, 0x00, 0x00, 0x00, 0x00, 0x00, 0x00, 0x1D, 0x00, 0x00, 0x00, 0x00, 0x00, 0x00, 0x03,
    0x80, 0x00, 0x00, 0x00, 0x00, 0x00, 0x00, 0xE0, 0xFF, 0xFF, 0x47, 0xFF, 0xFC, 0x0B, 0xF4, 0x00,
    0x3F, 0xC0, 0x0B, 0xF0, 0x00, 0x3F, 0x80, 0x0B, 0xF0, 0x00, 0x3F, 0x80, 0x0B, 0xF0, 0x00, 0x3F,
    0x80, 0x0B, 0xF0, 0x00, 0x3F, 0x80, 0x0B, 0xFF, 0xFF, 0xFF, 0x80, 0x0B, 0xF0, 0x00, 0x3F, 0x80,
    0x0B, 0xF0, 0x00, 0x3F, 0x80, 0x0B, 0xF0, 0x00, 0x3F, 0x80, 0x0B, 0xF0, 0x00, 0x3F, 0x80, 0x0B,
    0xF0, 0x00, 0x3F, 0x80, 0x0B, 0xF0, 0x00, 0x3F, 0x80, 0x0B, 0xF4, 0x00, 0x7F, 0xC0, 0xFF, 0xFF,
    0x47, 0xFF, 0xFD, 0x00, 0x00, 0x00, 0x00, 0xBD, 0x00, 0x00, 0x00, 0x00, 0x2E, 0x00, 0x00, 0x00,
    0x00, 0x0E, 0x00, 0x00, 0x00, 0x00, 0x0E, 0x00, 0x00, 0x00, 0x00, 0x0B, 0xBF, 0xFF, 0xFF, 0x01,
    0xFF, 0xFF, 0xFF, 0xFF, 0xCB, 0xFF, 0xFF, 0xF0, 0x1F, 0xFF, 0xFF, 0xFF, 0xFC, 0x00, 0xFF, 0x80,
    0x00, 0x03, 0xFF, 0x00, 0x2F, 0xC0, 0x0F, 0xF8, 0x00, 0x00, 0x3F, 0xF0, 0x00, 0x3C, 0x00, 0xFF,
    0x80, 0x00, 0x03, 0xFF, 0x00, 0x02, 0xD0, 0x0F, 0xF8, 0x00, 0x00, 0x3F, 0xF0, 0x00, 0x1D, 0x00,
    0xFF, 0x80, 0x00, 0x03, 0xFF, 0x00, 0x00, 0xD0, 0x0F, 0xF8, 0x00, 0x00, 0x3F, 0xF0, 0x00, 0x0E,
    0x00, 0xFF, 0x80, 0x00, 0x03, 0xFF, 0x00, 0x00, 0x00, 0x0F, 0xF8, 0x00, 0x00, 0x3F, 0xF0, 0x00,
    0x00, 0x00, 0xFF, 0xFF, 0xFF, 0xFF, 0xFF, 0x00, 0x00, 0x00, 0x0F, 0xFF, 0xFF, 0xFF, 0xFF, 0xF0,
    0x00, 0x00, 0x00, 0xFF, 0x80, 0x00, 0x03, 0xFF, 0x00, 0x00, 0x00, 0x0F, 0xF8, 0x00, 0x00, 0x3F,
    0xF0, 0x00, 0x00, 0x00, 0xFF, 0x80, 0x00, 0x03, 0xFF, 0x00, 0x00, 0x00, 0x0F, 0xF8, 0x00, 0x00,
    0x3F, 0xF0, 0x00, 0x00, 0x00, 0xFF, 0x80, 0x00, 0x03, 0xFF, 0x00, 0x00, 0x00, 0x0F, 0xF8, 0x00,
    0x00, 0x3F, 0xF0, 0x00, 0x00, 0x00, 0xFF, 0x80, 0x00, 0x03, 0xFF, 0x00, 0x00, 0x00, 0x0F, 0xF8,
    0x00, 0x00, 0x3F, 0xF0, 0x00, 0x00, 0x00, 0xFF, 0x80, 0x00, 0x03, 0xFF, 0x00, 0x00, 0x0B, 0xFF,
    0xFF, 0xF0, 0x1F, 0xFF, 0xFF, 0xD0, 0x00, 0xBF, 0xFF, 0xFF, 0x01, 0xFF, 0xFF, 0xFD, 0x00, 0x00,
    0xFF, 0xFF, 0x47, 0xFF, 0xFF, 0xF4, 0x2F, 0xD0, 0x00, 0xFF, 0x07, 0xE0, 0xBF, 0x00, 0x03, 0xF8,
    0x03, 0x82, 0xFC, 0x00, 0x0F, 0xE0, 0x0E, 0x0B, 0xF0, 0x00, 0x3F, 0x80, 0x3C, 0x2F, 0xC0, 0x00,
    0xFE, 0x00, 0x00, 0xBF, 0xFF, 0xFF, 0xF8, 0x00, 0x02, 0xFC, 0x00, 0x0F, 0xE0, 0x00, 0x0B, 0xF0,
    0x00, 0x3F, 0x80, 0x00, 0x2F, 0xC0, 0x00, 0xFE, 0x00, 0x00, 0xBF, 0x00, 0x03, 0xF8, 0x00, 0x02,
    0xFC, 0x00, 0x0F, 0xE0, 0x00, 0x0B, 0xF0, 0x00, 0x3F, 0x80, 0x00, 0x2F, 0xD0, 0x00, 0xFF, 0x00,
    0x0F, 0xFF, 0xF4, 0x7F, 0xFF, 0xC0, 0x00, 0xBF, 0xFF, 0xFF, 0xFF, 0xFF, 0xFF, 0xFD, 0x00, 0x00,
    0x00, 0xBF, 0xFF, 0xFF, 0xFF, 0xFF, 0xFF, 0xFD, 0x00, 0x00, 0x00, 0x00, 0xFF, 0x80, 0x00, 0x03,
    0xFF, 0x00, 0x00, 0x00, 0x00, 0x00, 0xFF, 0x80, 0x00, 0x03, 0xFF, 0x00, 0x00, 0x00, 0x00, 0x00,
    0xFF, 0x80, 0x00, 0x03, 0xFF, 0x00, 0x00, 0x00, 0x00, 0x00, 0xFF, 0x80, 0x00, 0x03, 0xFF, 0x00,
    0x00, 0x00, 0x00, 0x00, 0xFF, 0x80, 0x00, 0x03, 0xFF, 0x00, 0x00, 0x00, 0x00, 0x00, 0xFF, 0x80,
    0x00, 0x03, 0xFF, 0x00, 0x00, 0x00, 0x00, 0x00, 0xFF, 0x80, 0x00, 0x03, 0xFF, 0x00, 0x00, 0x00,
    0x00, 0x00, 0xFF, 0x80, 0x00, 0x03, 0xFF, 0x00, 0x00, 0x00, 0x00, 0x00, 0xFF, 0x80, 0x00, 0x03,
    0xFF, 0x00, 0x00, 0x00, 0x00, 0x00, 0xFF, 0x80, 0x00, 0x03, 0xFF, 0xFF, 0xFA, 0x40, 0x00, 0x00,
    0xFF, 0x80, 0x00, 0x03, 0xFF, 0x00, 0x6F, 0xF8, 0x00, 0x00, 0xFF, 0x80, 0x00, 0x03, 0xFF, 0x00,
    0x03, 0xFF, 0x40, 0x00, 0xFF, 0x80, 0x00, 0x03, 0xFF, 0x00, 0x00, 0xBF, 0xD0, 0x00, 0xFF, 0x80,
    0x00, 0x03, 0xFF, 0x00, 0x00, 0x3F, 0xF0, 0x00, 0xFF, 0x80, 0x00, 0x03, 0xFF, 0x00, 0x00, 0x2F,
    0xF4, 0x00, 0xFF, 0x80, 0x00, 0x03, 0xFF, 0x00, 0x00, 0x0F, 0xFC, 0x00, 0xFF, 0x80, 0x00, 0x03,
    0xFF, 0x00, 0x00, 0x0F, 0xFC, 0x00, 0xFF, 0x80, 0x00, 0x03, 0xFF, 0x00, 0x00, 0x0F, 0xFC, 0x00,
    0xFF, 0x80, 0x00, 0x03, 0xFF, 0x00, 0x00, 0x0F, 0xFC, 0xBF, 0xFF, 0xFF, 0x01, 0xFF, 0xFF, 0xFD,
    0x00, 0x0F, 0xFC, 0xBF, 0xFF, 0xFF, 0x01, 0xFF, 0xFF, 0xFD, 0x00, 0x0F, 0xFC, 0x00, 0x00, 0x00,
    0x00, 0x00, 0x00, 0x00, 0x00, 0x0F, 0xF8, 0x00, 0x00, 0x00, 0x00, 0x00, 0x00, 0x00, 0x00, 0x1F,
    0xF0, 0x00, 0x00, 0x00, 0x00, 0x00, 0x00, 0x2F, 0x40, 0x3F, 0xE0, 0x00, 0x00, 0x00, 0x00, 0x00,
    0x00, 0xBF, 0xC0, 0x3F, 0xC0, 0x00, 0x00, 0x00, 0x00, 0x00, 0x00, 0xFF, 0xC0, 0xFF, 0x00, 0x00,
    0x00, 0x00, 0x00, 0x00, 0x00, 0x7F, 0xC3, 0xF8, 0x00, 0x00, 0x00, 0x00, 0x00, 0x00, 0x00, 0x0B,
    0xFF, 0x80, 0x00, 0xFF, 0xFF, 0xFF, 0xFF, 0xFC, 0x00, 0x00, 0x2F, 0xD0, 0x00, 0xFF, 0x00, 0x00,
    0x00, 0xBF, 0x00, 0x03, 0xF8, 0x00, 0x00, 0x02, 0xFC, 0x00, 0x0F, 0xE0, 0x00, 0x00, 0x0B, 0xF0,
    0x00, 0x3F, 0x80, 0x00, 0x00, 0x2F, 0xC0, 0x00, 0xFE, 0x00, 0x00, 0x00, 0xBF, 0x00, 0x03, 0xFF,
    0xFE, 0x00, 0x02, 0xFC, 0x00, 0x0F, 0xE0, 0xBF, 0x80, 0x0B, 0xF0, 0x00, 0x3F, 0x80, 0x7F, 0xC0,
    0x2F, 0xC0, 0x00, 0xFE, 0x00, 0xBF, 0x40, 0xBF, 0x00, 0x03, 0xF8, 0x01, 0xFF, 0x02, 0xFC, 0x00,
    0x0F, 0xE0, 0x03, 0xFC, 0x0B, 0xF0, 0x00, 0x3F, 0x80, 0x0F, 0xF4, 0x2F, 0xD0, 0x01, 0xFF, 0x00,
    0x3F, 0xDF, 0xFF, 0xF4, 0x7F, 0xFF, 0xC0, 0xFF, 0x40, 0x00, 0x00, 0x00, 0x00, 0x03, 0xFC, 0x00,
    0x00, 0x00, 0x00, 0x00, 0x0F, 0xF0, 0x00, 0x00, 0x00, 0x7C, 0x00, 0x7F, 0x80, 0x00, 0x00, 0x03,
    0xFC, 0x02, 0xFC, 0x00, 0x00, 0x00, 0x0F, 0xE0, 0x1F, 0xD0, 0x00, 0x00, 0x00, 0x1F, 0x41, 0xFC,
    0x00, 0x00, 0x00, 0x00, 0x0B, 0xFE, 0x40, 0x00, 0x00, 0x01, 0xBF, 0xFF, 0xE4, 0x00, 0x00, 0x01,
    0xFF, 0x40, 0x01, 0xBC, 0x00, 0x00, 0x2F, 0xD0, 0x00, 0x00, 0x00, 0x00, 0x02, 0xFE, 0x00, 0x00,
    0x00, 0x00, 0x00, 0x1F, 0xF0, 0x00, 0x00, 0x00, 0x00, 0x00, 0xFF, 0x80, 0x00, 0x00, 0x00, 0x00,
    0x03, 0xFD, 0x00, 0x00, 0x2F, 0xFE, 0x40, 0x1F, 0xF0, 0x00, 0x0B, 0xD0, 0x2F, 0xC0, 0xBF, 0xC0,
    0x00, 0xBC, 0x00, 0x3F, 0x83, 0xFF, 0x00, 0x03, 0xF0, 0x00, 0x7F, 0x0F, 0xFC, 0x00, 0x1F, 0x80,
    0x01, 0xFD, 0x3F, 0xF0, 0x00, 0xBD, 0x00, 0x07, 0xF4, 0xFF, 0xC0, 0x03, 0xF4, 0x00, 0x1F, 0xD3,
    0xFF, 0x00, 0x0F, 0xD0, 0x00, 0x7F, 0x4B, 0xFC, 0x00, 0x3F, 0x40, 0x01, 0xFC, 0x1F, 0xF4, 0x00,
    0xFD, 0x00, 0x0B, 0xF0, 0x3F, 0xD0, 0x02, 0xF4, 0x00, 0x2F, 0x80, 0xFF, 0x80, 0x0B, 0xE0, 0x00,
    0xFD, 0x01, 0xFF, 0x00, 0x1F, 0x80, 0x07, 0xF0, 0x02, 0xFE, 0x00, 0x3F, 0x00, 0x3F, 0x40, 0x02,
    0xFE, 0x00, 0xBD, 0x07, 0xF4, 0x00, 0x01, 0xFF, 0x90, 0xFD, 0xFE, 0x00, 0x00, 0x00, 0x2B, 0xFF,
    0xFF, 0x40, 0x00, 0x00, 0x00, 0x00, 0x00, 0xBF, 0x00, 0x00, 0x00, 0x00, 0x00, 0x00, 0x3F, 0x90,
    0x00, 0x00, 0x00, 0x00, 0x00, 0x06, 0xBF, 0xC0, 0x00, 0xBF, 0xFF, 0x80, 0x02, 0xFD, 0x00, 0x00,
    0x02, 0xFC, 0x00, 0x00, 0x00, 0xFE, 0x00, 0x00, 0x00, 0xBF, 0x40, 0x2F, 0xF9, 0x3F, 0xD0, 0x3E,
    0x0F, 0xDF, 0xF4, 0x1F, 0x02, 0xFB, 0xFD, 0x0B, 0xC0, 0x7F, 0xFF, 0x43, 0xF0, 0x1F, 0xFF, 0xD0,
    0xFC, 0x07, 0xFB, 0xF4, 0x3F, 0x02, 0xF9, 0xFE, 0x0B, 0xC0, 0xFD, 0x3F, 0xC2, 0xF0, 0x7F, 0x03,
    0xFD, 0x7D, 0xBF, 0x00, 0x2F, 0xFF, 0xFE, 0x00, 0x00, 0x16, 0xF8, 0x00, 0x00, 0x00, 0x1F, 0xD0,
    0x00, 0x00, 0x00, 0x6F, 0xE0, 0x00, 0x00, 0x6F, 0xFE, 0x40, 0x0C, 0x00, 0x07, 0xFF, 0xFF, 0xF4,
    0x3D, 0x00, 0x7F, 0xF9, 0x00, 0x7E, 0xFD, 0x01, 0xFF, 0x80, 0x00, 0x0B, 0xFD, 0x07, 0xFD, 0x00,
    0x00, 0x01, 0xFD, 0x0F, 0xF8, 0x00, 0x00, 0x00, 0xBD, 0x2F, 0xF0, 0x00, 0x00, 0x00, 0x3D, 0x3F,
    0xE0, 0x00, 0x00, 0x00, 0x3D, 0x7F, 0xD0, 0x00, 0x00, 0x00, 0x2D, 0xBF, 0xD0, 0x00, 0x00, 0x00,
    0x04, 0xFF, 0xC0, 0x00, 0x00, 0x00, 0x00, 0xFF, 0xC0, 0x00, 0x00, 0x00, 0x00, 0xFF, 0xC0, 0x00,
    0x00, 0x00, 0x00, 0xFF, 0xC0, 0x00, 0x00, 0x00, 0x00, 0xBF, 0xD0, 0x00, 0x00, 0x00, 0x00, 0x7F,
    0xD0, 0x00, 0x00, 0x00, 0x0C, 0x3F, 0xE0, 0x00, 0x00, 0x00, 0x1C, 0x2F, 0xF0, 0x00, 0x00, 0x00,
    0x2C, 0x0F, 0xF8, 0x00, 0x00, 0x00, 0x38, 0x03, 0xFD, 0x00, 0x00, 0x00, 0xF0, 0x00, 0xFF, 0x80,
    0x00, 0x03, 0xC0, 0x00, 0x1F, 0xF9, 0x00, 0x6F, 0x00, 0x00, 0x01, 0xFF, 0xFF, 0xE4, 0x00, 0x00,
    0x00, 0x02, 0xFD, 0x00, 0x00, 0x00, 0x00, 0x01, 0xFF, 0x40, 0x00, 0x00, 0x00, 0x00, 0x1F, 0xF0,
    0x00, 0x00, 0x00, 0x00, 0x07, 0xF4, 0x00, 0x00, 0x00, 0x00, 0x07, 0xF4, 0x00, 0x00, 0x00, 0x00,
    0x2F, 0xF0, 0x00, 0x00, 0x00, 0xBF, 0xFA, 0x40, 0x00, 0x00, 0x2F, 0xFE, 0x40, 0x0B, 0xE0, 0x1F,
    0xC0, 0xFE, 0x00, 0xBF, 0x4B, 0xF0, 0x02, 0xFD, 0x3F, 0x80, 0x03, 0xE1, 0xFE, 0x00, 0x00, 0x0B,
    0xF8, 0x00, 0x00, 0x2F, 0xD0, 0x00, 0x00, 0xBF, 0x80, 0x00, 0x02, 0xFE, 0x00, 0x00, 0x03, 0xFC,
    0x00, 0x00, 0x0B, 0xF0, 0x00, 0x0E, 0x0F, 0xF0, 0x00, 0xB0, 0x0F, 0xF4, 0x1B, 0x40, 0x07, 0xFF,
    0xE0, 0x00, 0x01, 0xFD, 0x00, 0x00, 0x07, 0xFD, 0x00, 0x00, 0x01, 0xFF, 0x00, 0x00, 0x01, 0xFD,
    0x00, 0x00, 0x07, 0xF4, 0x00, 0x00, 0xBF, 0x80, 0x0B, 0xFF, 0xA4, 0x00, 0x3F, 0xFF, 0xFF, 0xFF,
    0xFF, 0xFD, 0x0F, 0xFF, 0xFF, 0xFF, 0xFF, 0xFF, 0x43, 0xF8, 0x00, 0xFF, 0x80, 0x1F, 0xE1, 0xF0,
    0x00, 0x3F, 0xE0, 0x00, 0xF8, 0x78, 0x00, 0x0F, 0xF8, 0x00, 0x0E, 0x1D, 0x00, 0x03, 0xFE, 0x00,
    0x03, 0xCB, 0x00, 0x00, 0xFF, 0x80, 0x00, 0xF2, 0xC0, 0x00, 0x3F, 0xE0, 0x00, 0x2C, 0x00, 0x00,
    0x0F, 0xF8, 0x00, 0x00, 0x00, 0x00, 0x03, 0xFE, 0x00, 0x00, 0x00, 0x00, 0x00, 0xFF, 0x80, 0x00,
    0x00, 0x00, 0x00, 0x3F, 0xE0, 0x00, 0x00, 0x00, 0x00, 0x0F, 0xF8, 0x00, 0x00, 0x00, 0x00, 0x03,
    0xFE, 0x00, 0x00, 0x00, 0x00, 0x00, 0xFF, 0x80, 0x00, 0x00, 0x00, 0x00, 0x3F, 0xE0, 0x00, 0x00,
    0x00, 0x00, 0x0F, 0xF8, 0x00, 0x00, 0x00, 0x00, 0x03, 0xFE, 0x00, 0x00, 0x00, 0x00, 0x00, 0xFF,
    0x80, 0x00, 0x00, 0x00, 0x00, 0x3F, 0xE0, 0x00, 0x00, 0x00, 0x00, 0x0F, 0xF8, 0x00, 0x00, 0x00,
    0x0F, 0xFF, 0xFF, 0xFF, 0x80, 0x00, 0x03, 0xFF, 0xFF, 0xFF, 0xF0, 0x00, 0x00, 0x00, 0x00, 0x07,
    0xFC, 0x00, 0x00, 0x00, 0x00, 0x00, 0x2F, 0x00, 0x00, 0x00, 0x00, 0x00, 0x03, 0xC0, 0x00, 0x00,
    0x00, 0x00, 0x00, 0xB4, 0x00, 0x00, 0x00, 0x00, 0x00, 0x1D, 0x00, 0x00, 0x00, 0x00, 0x00, 0x03,
    0x80, 0x00, 0x2F, 0xFF, 0xFF, 0xFF, 0x8F, 0xC0, 0xFF, 0x07, 0xE3, 0xC0, 0x3F, 0xC0, 0x3C, 0xE0,
    0x0F, 0xF0, 0x0F, 0x38, 0x03, 0xFC, 0x02, 0xC0, 0x00, 0xFF, 0x00, 0x00, 0x00, 0x3F, 0xC0, 0x00,
    0x00, 0x0F, 0xF0, 0x00, 0x00, 0x03, 0xFC, 0x00, 0x00, 0x00, 0xFF, 0x00, 0x00, 0x00, 0x3F, 0xC0,
    0x00, 0x00, 0x0F, 0xF0, 0x00, 0x00, 0x03, 0xFC, 0x00, 0x00, 0x00, 0xFF, 0x00, 0x00, 0x0F, 0xFF,
    0xFF, 0x00, 0x00, 0x00, 0x1F, 0xC0, 0x00, 0x00, 0x00, 0xF4, 0x00, 0x00, 0x00, 0x1D, 0x00, 0x00,
    0x00, 0x03, 0x80, 0x00, 0x00, 0x00, 0xE0, 0x7F, 0xFF, 0xFF, 0x00, 0x00, 0xFF, 0xFF, 0x1F, 0xFF,
    0xFF, 0xC0, 0x00, 0x3F, 0xFF, 0xC0, 0x0F, 0xFE, 0x00, 0x00, 0x00, 0xF8, 0x00, 0x00, 0xFF, 0xD0,
    0x00, 0x00, 0x7C, 0x00, 0x00, 0x1F, 0xFC, 0x00, 0x00, 0x3C, 0x00, 0x00, 0x03, 0xFF, 0x80, 0x00,
    0x2D, 0x00, 0x00, 0x00, 0x3F, 0xF4, 0x00, 0x1F, 0x00, 0x00, 0x00, 0x07, 0xFF, 0x00, 0x0F, 0x00,
    0x00, 0x00, 0x00, 0xFF, 0xE0, 0x0B, 0x40, 0x00, 0x00, 0x00, 0x0F, 0xFD, 0x07, 0xC0, 0x00, 0x00,
    0x00, 0x01, 0xFF, 0xC3, 0xC0, 0x00, 0x00, 0x00, 0x00, 0x3F, 0xFA, 0xD0, 0x00, 0x00, 0x00, 0x00,
    0x03, 0xFF, 0xF0, 0x00, 0x00, 0x00, 0x00, 0x00, 0x7F, 0xF0, 0x00, 0x00, 0x00, 0x00, 0x00, 0x0F,
    0xF8, 0x00, 0x00, 0x00, 0x00, 0x00, 0x03, 0xFE, 0x00, 0x00, 0x00, 0x00, 0x00, 0x00, 0xFF, 0x80,
    0x00, 0x00, 0x00, 0x00, 0x00, 0x3F, 0xE0, 0x00, 0x00, 0x00, 0x00, 0x00, 0x0F, 0xF8, 0x00, 0x00,
    0x00, 0x00, 0x00, 0x03, 0xFE, 0x00, 0x00, 0x00, 0x00, 0x00, 0x00, 0xFF, 0x80, 0x00, 0x00, 0x00,
    0x00, 0x00, 0x3F, 0xE0, 0x00, 0x00, 0x00, 0x00, 0x07, 0xFF, 0xFF, 0xF0, 0x00, 0x00, 0x00, 0x00,
    0x00, 0x00, 0x00, 0x00, 0x00, 0xBF, 0xFF, 0x00, 0x0F, 0xFE, 0x0B, 0xF8, 0x00, 0x02, 0xE0, 0x03,
    0xFC, 0x00, 0x02, 0xC0, 0x02, 0xFD, 0x00, 0x03, 0x80, 0x00, 0xFE, 0x00, 0x0B, 0x00, 0x00, 0xFF,
    0x00, 0x0F, 0x00, 0x00, 0x7F, 0x80, 0x1D, 0x00, 0x00, 0x3F, 0xC0, 0x3C, 0x00, 0x00, 0x2F, 0xD0,
    0x38, 0x00, 0x00, 0x0F, 0xF0, 0xB0, 0x00, 0x00, 0x0B, 0xF0, 0xE0, 0x00, 0x00, 0x07, 0xF9, 0xC0,
    0x00, 0x00, 0x03, 0xFF, 0xC0, 0x00, 0x00, 0x01, 0xFF, 0x40, 0x00, 0x00, 0x00, 0xFF, 0x00, 0x00,
    0x00, 0x00, 0xFF, 0x00, 0x00, 0x00, 0x00, 0xFF, 0x00, 0x00, 0x00, 0x00, 0xFF, 0x00, 0x00, 0x00,
    0x00, 0xFF, 0x00, 0x00, 0x00, 0x00, 0xFF, 0x00, 0x00, 0x00, 0x0F, 0xFF, 0xF0, 0x00, 0x00, 0x00,
    0x00, 0x00, 0x00, 0x7F, 0xFF, 0xFF, 0x00, 0x00, 0xFF, 0xFF, 0x1F, 0xFF, 0xFF, 0xC0, 0x00, 0x3F,
    0xFF, 0xC0, 0x0B, 0xFE, 0x00, 0x00, 0x00, 0xF8, 0x00, 0x00, 0xFF, 0xD0, 0x00, 0x00, 0x78, 0x00,
    0x00, 0x1F, 0xFC, 0x00, 0x00, 0x3C, 0x00, 0x00, 0x02, 0xFF, 0xC0, 0x00, 0x3C, 0x00, 0x00, 0x00,
    0x3F, 0xF8, 0x00, 0x2D, 0x00, 0x00, 0x00, 0x03, 0xFF, 0x40, 0x1E, 0x00, 0x00, 0x00, 0x00, 0x7F,
    0xF0, 0x0F, 0x00, 0x00, 0x00, 0x00, 0x0B, 0xFF, 0x0F, 0x00, 0x00, 0x00, 0x00, 0x00, 0xFF, 0xEB,
    0x40, 0x00, 0x00, 0x00, 0x00, 0x0F, 0xFF, 0x80, 0x00, 0x00, 0x00, 0x00, 0x01, 0xFF, 0xC0, 0x00,
    0x00, 0x00, 0x00, 0xBF, 0xFF, 0xFF, 0xF0, 0x00, 0x00, 0x00, 0x2F, 0xFF, 0xFF, 0xFC, 0x00, 0x00,
    0x00, 0x00, 0x03, 0xFE, 0x00, 0x00, 0x00, 0x00, 0x00, 0x00, 0xFF, 0x80, 0x00, 0x00, 0x00, 0x00,
    0x00, 0x3F, 0xE0, 0x00, 0x00, 0x00, 0x00, 0x00, 0x0F, 0xF8, 0x00, 0x00, 0x00, 0x00, 0x00, 0x03,
    0xFE, 0x00, 0x00, 0x00, 0x00, 0x00, 0x00, 0xFF, 0x80, 0x00, 0x00, 0x00, 0x00, 0x00, 0x3F, 0xE0,
    0x00, 0x00, 0x00, 0x00, 0x07, 0xFF, 0xFF, 0xF0, 0x00, 0x00, 0x00, 0x00, 0x00, 0x00, 0x00, 0x00,
    0x00, 0xBF, 0xFF, 0x00, 0x0F, 0xFE, 0x0B, 0xF8, 0x00, 0x02, 0xE0, 0x03, 0xFC, 0x00, 0x02, 0xC0,
    0x02, 0xFD, 0x00, 0x03, 0x80, 0x00, 0xFE, 0x00, 0x0B, 0x00, 0x00, 0xFF, 0x00, 0x0F, 0x00, 0x00,
    0x7F, 0x80, 0x1D, 0x00, 0x00, 0x3F, 0xC0, 0x3C, 0x00, 0x00, 0x2F, 0xD0, 0x38, 0x00, 0x00, 0x0F,
    0xF0, 0xB0, 0x00, 0x00, 0x0B, 0xF0, 0xE0, 0x00, 0x00, 0x07, 0xF9, 0xD0, 0x00, 0x00, 0x03, 0xFF,
    0xC0, 0x00, 0x00, 0x01, 0xFF, 0x40, 0x00, 0x00, 0x00, 0xFF, 0x00, 0x00, 0x00, 0x3F, 0xFF, 0xFC,
    0x00, 0x00, 0x3F, 0xFF, 0xFC, 0x00, 0x00, 0x00, 0xFF, 0x00, 0x00, 0x00, 0x00, 0xFF, 0x00, 0x00,
    0x00, 0x00, 0xFF, 0x00, 0x00, 0x00, 0x0F, 0xFF, 0xF0, 0x00, 0x00, 0x00, 0x00, 0x00, 0x00, 0x7F,
    0xFF, 0xFF, 0x01, 0xFF, 0xFF, 0xC0, 0x7F, 0xFF, 0xFF, 0x02, 0xFF, 0xFF, 0xC0, 0x00, 0xFF, 0xE0,
    0x00, 0x0F, 0x80, 0x00, 0x00, 0x3F, 0xF4, 0x00, 0x1F, 0x00, 0x00, 0x00, 0x1F, 0xFC, 0x00, 0x3C,
    0x00, 0x00, 0x00, 0x0B, 0xFF, 0x00, 0xF4, 0x00, 0x00, 0x00, 0x03, 0xFF, 0x82, 0xE0, 0x00, 0x00,
    0x00, 0x00, 0xFF, 0xD7, 0x80, 0x00, 0x00, 0x00, 0x00, 0x7F, 0xFF, 0x00, 0x00, 0x00, 0x00, 0x00,
    0x2F, 0xFC, 0x00, 0x00, 0x00, 0x00, 0x00, 0x0F, 0xFD, 0x00, 0x00, 0x00, 0x00, 0x00, 0x03, 0xFF,
    0x00, 0x00, 0x00, 0x00, 0x00, 0x07, 0xFF, 0xC0, 0x00, 0x00, 0x00, 0x00, 0x0F, 0xBF, 0xE0, 0x00,
    0x00, 0x00, 0x00, 0x3D, 0x3F, 0xF4, 0x00, 0x00, 0x00, 0x00, 0xB8, 0x0F, 0xFC, 0x00, 0x00, 0x00,
    0x01, 0xF0, 0x07, 0xFF, 0x00, 0x00, 0x00, 0x03, 0xC0, 0x02, 0xFF, 0x80, 0x00, 0x00, 0x0F, 0x00,
    0x00, 0xFF, 0xD0, 0x00, 0x00, 0x3D, 0x00, 0x00, 0x3F, 0xF0, 0x00, 0x00, 0xBC, 0x00, 0x00, 0x1F,
    0xFC, 0x00, 0xFF, 0xFF, 0xE0, 0x02, 0xFF, 0xFF, 0xFC, 0xFF, 0xFF, 0xE0, 0x02, 0xFF, 0xFF, 0xFC,
    0x00, 0x00, 0x00, 0x00, 0x00, 0x06, 0xFC, 0x00, 0x00, 0x00, 0x00, 0x00, 0x00, 0x3D, 0x00, 0x00,
    0x00, 0x00, 0x00, 0x00, 0x2D, 0x00, 0x00, 0x00, 0x00, 0x00, 0x00, 0x0E, 0x00, 0x00, 0x00, 0x00,
    0x00, 0x00, 0x0E, 0x00, 0x00, 0x00, 0x00, 0x00, 0x00, 0x0F, 0x3F, 0xFF, 0x40, 0xFF, 0xF8, 0x00,
    0xBF, 0x40, 0x0F, 0xD0, 0x00, 0x0F, 0xF0, 0x03, 0xC0, 0x00, 0x00, 0xFF, 0x03, 0xC0, 0x00, 0x00,
    0x1F, 0xE3, 0xD0, 0x00, 0x00, 0x02, 0xFF, 0xD0, 0x00, 0x00, 0x00, 0x2F, 0xE0, 0x00, 0x00, 0x00,
    0x03, 0xFC, 0x00, 0x00, 0x00, 0x00, 0xFF, 0xC0, 0x00, 0x00, 0x00, 0xF7, 0xF8, 0x00, 0x00, 0x00,
    0xF0, 0xBF, 0x40, 0x00, 0x00, 0xB4, 0x0B, 0xF4, 0x00, 0x00, 0xB8, 0x00, 0xFF, 0x00, 0x00, 0xBC,
    0x00, 0x1F, 0xF0, 0x07, 0xFF, 0xC0, 0x1F, 0xFF, 0xE0, 0x00, 0x00, 0x00, 0x01, 0xF8, 0x00, 0x00,
    0x00, 0x00, 0x1E, 0x00, 0x00, 0x00, 0x00, 0x03, 0xC0, 0x00, 0x00, 0x00, 0x00, 0xB0, 0x00, 0x00,
    0x00, 0x00, 0x2C, 0x7F, 0xFF, 0xFF, 0xFF, 0xFF, 0xF0, 0x3F, 0xFF, 0xFF, 0x81, 0xFF, 0xFF, 0xFF,
    0xFF, 0xFF, 0xC0, 0xFF, 0xFF, 0xFE, 0x07, 0xF4, 0x03, 0xFE, 0x00, 0xBF, 0x00, 0x0B, 0xFC, 0x00,
    0x2F, 0x00, 0x0F, 0xF8, 0x00, 0x3C, 0x00, 0x2F, 0xF0, 0x00, 0xB4, 0x00, 0x3F, 0xE0, 0x00, 0xF0,
    0x00, 0xBF, 0xC0, 0x02, 0xC0, 0x00, 0xFF, 0x80, 0x01, 0xD0, 0x02, 0xFF, 0x00, 0x0B, 0x00, 0x03,
    0xFE, 0x00, 0x07, 0x40, 0x0B, 0xFC, 0x00, 0x3C, 0x00, 0x0F, 0xF8, 0x00, 0x0D, 0x00, 0x2F, 0xF0,
    0x00, 0x00, 0x00, 0x3F, 0xE0, 0x00, 0x00, 0x00, 0xBF, 0xC0, 0x00, 0x00, 0x00, 0xFF, 0x80, 0x00,
    0x00, 0x02, 0xFF, 0x00, 0x00, 0x00, 0x03, 0xFE, 0x00, 0x00, 0x00, 0x0B, 0xFC, 0x00, 0x00, 0x00,
    0x0F, 0xF8, 0x00, 0x00, 0x00, 0x2F, 0xF0, 0x00, 0x00, 0x00, 0x3F, 0xE0, 0x00, 0x00, 0x00, 0xBF,
    0xC0, 0x00, 0x00, 0x00, 0xFF, 0x80, 0x00, 0x00, 0x02, 0xFF, 0x00, 0x00, 0x00, 0x03, 0xFE, 0x00,
    0x00, 0x00, 0x0B, 0xFC, 0x00, 0x00, 0x00, 0x0F, 0xF8, 0x00, 0x00, 0x00, 0x2F, 0xF0, 0x00, 0x00,
    0x00, 0x3F, 0xE0, 0x00, 0x00, 0x00, 0xBF, 0xC0, 0x00, 0x00, 0x00, 0xFF, 0x80, 0x00, 0x00, 0x02,
    0xFF, 0x00, 0x00, 0x00, 0x03, 0xFE, 0x00, 0x00, 0x00, 0x0B, 0xFC, 0x00, 0x00, 0x00, 0x0F, 0xF8,
    0x00, 0x00, 0x00, 0x2F, 0xF0, 0x00, 0x00, 0x00, 0x3F, 0xE0, 0x00, 0x00, 0x00, 0xBF, 0xC0, 0x00,
    0x00, 0x00, 0xFF, 0x80, 0x00, 0x00, 0x02, 0xFF, 0x00, 0x00, 0x02, 0xFF, 0xFF, 0xFF, 0xFF, 0xFF,
    0xFF, 0xFF, 0xFC, 0x00, 0x00, 0x00, 0x00, 0x00, 0x00, 0x00, 0x00, 0x1B, 0xF4, 0x00, 0x00, 0x00,
    0x00, 0x00, 0x00, 0x00, 0x00, 0x07, 0xD0, 0x00, 0x00, 0x00, 0x00, 0x00, 0x00, 0x00, 0x00, 0x0B,
    0x80, 0x00, 0x00, 0x00, 0x00, 0x00, 0x00, 0x00, 0x00, 0x0E, 0x00, 0x00, 0x00, 0x00, 0x00, 0x00,
    0x00, 0x00, 0x00, 0x3C, 0x00, 0x00, 0x00, 0x00, 0x00, 0x00, 0x00, 0x00, 0x00, 0xB0, 0x00, 0x00,
    0x00, 0x00, 0x00, 0x00, 0x00, 0x00, 0x02, 0xC0, 0x2F, 0xFF, 0xFF, 0xE0, 0xFF, 0xFF, 0x43, 0xE2,
    0xFD, 0x2F, 0x00, 0xFF, 0x00, 0x3C, 0x1F, 0xD0, 0xF0, 0x0F, 0xF0, 0x03, 0x81, 0xFD, 0x0B, 0x00,
    0xFF, 0x00, 0x38, 0x1F, 0xD0, 0xB0, 0x0F, 0xF0, 0x00, 0x01, 0xFD, 0x00, 0x00, 0xFF, 0x00, 0x00,
    0x1F, 0xD0, 0x00, 0x0F, 0xF0, 0x00, 0x01, 0xFD, 0x00, 0x00, 0xFF, 0x00, 0x00, 0x1F, 0xD0, 0x00,
    0x0F, 0xF0, 0x00, 0x01, 0xFD, 0x00, 0x00, 0xFF, 0x00, 0x00, 0x1F, 0xD0, 0x00, 0x0F, 0xF0, 0x00,
    0x01, 0xFD, 0x00, 0x00, 0xFF, 0x00, 0x00, 0x1F, 0xD0, 0x00, 0x0F, 0xF0, 0x00, 0x02, 0xFD, 0x00,
    0x00, 0xFF, 0x00, 0x02, 0xFF, 0xFF, 0xFF, 0xFF, 0xFF, 0x80, 0x00, 0x00, 0x00, 0x00, 0x01, 0xFC,
    0x00, 0x00, 0x00, 0x00, 0x00, 0x03, 0xC0, 0x00, 0x00, 0x00, 0x00, 0x00, 0x3C, 0x00, 0x00, 0x00,
    0x00, 0x00, 0x02, 0xC0, 0x00, 0x00, 0x00, 0x00, 0x00, 0x1C, 0xBF, 0xFF, 0xFF, 0x01, 0xFF, 0xFF,
    0xFD, 0x2F, 0xFF, 0xFF, 0xC0, 0x7F, 0xFF, 0xFF, 0x40, 0x0F, 0xF8, 0x00, 0x00, 0x3F, 0xF0, 0x00,
    0x03, 0xFE, 0x00, 0x00, 0x0F, 0xFC, 0x00, 0x00, 0xFF, 0x80, 0x00, 0x03, 0xFF, 0x00, 0x00, 0x3F,
    0xE0, 0x00, 0x00, 0xFF, 0xC0, 0x00, 0x0F, 0xF8, 0x00, 0x00, 0x3F, 0xF0, 0x00, 0x03, 0xFE, 0x00,
    0x00, 0x0F, 0xFC, 0x00, 0x00, 0xFF, 0x80, 0x00, 0x03, 0xFF, 0x00, 0x00, 0x3F, 0xE0, 0x00, 0x00,
    0xFF, 0xC0, 0x00, 0x03, 0xFC, 0x00, 0x00, 0x3F, 0xF0, 0x00, 0x00, 0x2F, 0xC0, 0x06, 0xFF, 0xFC,
    0x00, 0x00, 0x00, 0xBF, 0xFE, 0x93, 0xFF, 0x00, 0x00, 0x00, 0x00, 0x00, 0x00, 0xFF, 0xC0, 0x00,
    0x00, 0x00, 0x00, 0x00, 0x3F, 0xF0, 0x00, 0x00, 0x00, 0x00, 0x00, 0x0F, 0xFC, 0x00, 0x00, 0x00,
    0x00, 0x00, 0x03, 0xFF, 0x00, 0x00, 0x00, 0x00, 0x00, 0x00, 0xFF, 0xC0, 0x00, 0x00, 0x00, 0x00,
    0x00, 0x3F, 0xF0, 0x00, 0x00, 0x00, 0x00, 0x00, 0x0F, 0xFC, 0x00, 0x00, 0x00, 0x00, 0x00, 0x03,
    0xFF, 0x00, 0x00, 0x00, 0x00, 0x00, 0x7F, 0xFF, 0xFF, 0xC0, 0x00, 0x00, 0x00, 0x1F, 0xFF, 0xFF,
    0xF0, 0x00, 0x00, 0x00, 0x00, 0x00, 0x06, 0xFC, 0x00, 0x00, 0x00, 0x00, 0x00, 0x00, 0x1F, 0x00,
    0x00, 0x00, 0x00, 0x00, 0x00, 0x02, 0xD0, 0x00, 0x00, 0x00, 0x00, 0x00, 0x00, 0x74, 0x00, 0x00,
    0x00, 0x00, 0x00, 0x00, 0x0E, 0x00, 0x00, 0x00, 0x00, 0x00, 0x00, 0x03, 0x80, 0xFF, 0xFF, 0x47,
    0xFF, 0xFC, 0x0B, 0xF4, 0x00, 0x3F, 0xC0, 0x0B, 0xF0, 0x00, 0x3F, 0x80, 0x0B, 0xF0, 0x00, 0x3F,
    0x80, 0x0B, 0xF0, 0x00, 0x3F, 0x80, 0x07, 0xF4, 0x00, 0x3F, 0x80, 0x03, 0xFC, 0x06, 0xFF, 0x80,
    0x00, 0x6F, 0xF9, 0x3F, 0x80, 0x00, 0x00, 0x00, 0x3F, 0x80, 0x00, 0x00, 0x00, 0x3F, 0x80, 0x00,
    0x00, 0x00, 0x3F, 0x80, 0x00, 0x00, 0x00, 0x3F, 0x80, 0x00, 0x00, 0x00, 0x3F, 0x80, 0x00, 0x00,
    0x00, 0x3F, 0xC0, 0x00, 0x00, 0x07, 0xFF, 0xFD, 0x00, 0x00, 0x00, 0x00, 0xBD, 0x00, 0x00, 0x00,
    0x00, 0x2E, 0x00, 0x00, 0x00, 0x00, 0x0E, 0x00, 0x00, 0x00, 0x00, 0x0E, 0x00, 0x00, 0x00, 0x00,
    0x0B, 0xBF, 0xFF, 0xFF, 0x01, 0xFF, 0xFF, 0xFD, 0xBF, 0xFF, 0xFF, 0x01, 0xFF, 0xFF, 0xFD, 0x00,
    0xFF, 0x80, 0x00, 0x03, 0xFF, 0x00, 0x00, 0xFF, 0x80, 0x00, 0x03, 0xFF, 0x00, 0x00, 0xFF, 0x80,
    0x00, 0x03, 0xFF, 0x00, 0x00, 0xFF, 0x80, 0x00, 0x03, 0xFF, 0x00, 0x00, 0xFF, 0x80, 0x00, 0x03,
    0xFF, 0x00, 0x00, 0xFF, 0x80, 0x00, 0x03, 0xFF, 0x00, 0x00, 0xFF, 0x80, 0x38, 0x03, 0xFF, 0x00,
    0x00, 0xFF, 0x80, 0x38, 0x03, 0xFF, 0x00, 0x00, 0xBF, 0x80, 0x38, 0x03, 0xFF, 0x00, 0x00, 0x2F,
    0xC0, 0x38, 0x07, 0xFF, 0x00, 0x00, 0x0B, 0xF0, 0x39, 0xBF, 0xFF, 0x00, 0x00, 0x00, 0x7F, 0xFF,
    0x93, 0xFF, 0x00, 0x00, 0x00, 0x00, 0x38, 0x03, 0xFF, 0x00, 0x00, 0x00, 0x00, 0x38, 0x03, 0xFF,
    0x00, 0x00, 0x00, 0x00, 0x38, 0x03, 0xFF, 0x00, 0x00, 0x00, 0x00, 0x38, 0x03, 0xFF, 0x00, 0x00,
    0x00, 0x00, 0x38, 0x03, 0xFF, 0x00, 0x00, 0x00, 0x00, 0x00, 0x03, 0xFF, 0x00, 0x00, 0x00, 0x00,
    0x00, 0x03, 0xFF, 0x00, 0x00, 0x00, 0x00, 0x00, 0x03, 0xFF, 0x00, 0x00, 0x00, 0x00, 0x01, 0xFF,
    0xFF, 0xFD, 0x00, 0x00, 0x00, 0x00, 0x00, 0x00, 0x00, 0xFF, 0xFF, 0x47, 0xFF, 0xFC, 0x2F, 0xD0,
    0x01, 0xFF, 0x00, 0xBF, 0x00, 0x03, 0xF8, 0x02, 0xFC, 0x00, 0x0F, 0xE0, 0x0B, 0xF0, 0x00, 0x3F,
    0x80, 0x2F, 0xC0, 0xC0, 0xFE, 0x00, 0x7F, 0x43, 0x03, 0xF8, 0x00, 0xBF, 0x0D, 0xBF, 0xE0, 0x00,
    0x6F, 0xF9, 0x3F, 0x80, 0x00, 0x00, 0xC0, 0xFE, 0x00, 0x00, 0x03, 0x03, 0xF8, 0x00, 0x00, 0x0C,
    0x0F, 0xE0, 0x00, 0x00, 0x00, 0x3F, 0x80, 0x00, 0x00, 0x00, 0xFF, 0x00, 0x00, 0x00, 0x7F, 0xFF,
    0xC0, 0x00, 0x00, 0x00, 0x00, 0x00, 0x00, 0x00, 0xBF, 0xFF, 0xFF, 0x00, 0x00, 0x00, 0x00, 0x00,
    0xFF, 0x80, 0x00, 0x00, 0x00, 0x00, 0x00, 0xFF, 0x80, 0x00, 0x00, 0x00, 0x00, 0x00, 0xFF, 0x80,
    0x00, 0x00, 0x00, 0x00, 0x00, 0xFF, 0x80, 0x00, 0x00, 0x00, 0x00, 0x00, 0xFF, 0x80, 0x00, 0x00,
    0x00, 0x00, 0x00, 0xFF, 0x80, 0x6F, 0xFE, 0x40, 0x00, 0x00, 0xFF, 0x87, 0xD0, 0x1F, 0xF0, 0x00,
    0x00, 0xFF, 0xAD, 0x00, 0x07, 0xFC, 0x00, 0x00, 0xFF, 0xF4, 0x00, 0x03, 0xFD, 0x00, 0x00, 0xFF,
    0xE0, 0x00, 0x03, 0xFE, 0x00, 0x00, 0xFF, 0xC0, 0x00, 0x03, 0xFF, 0x00, 0x00, 0xFF, 0x80, 0x00,
    0x03, 0xFF, 0x00, 0x00, 0xFF, 0x80, 0x00, 0x03, 0xFF, 0x00, 0x00, 0xFF, 0x80, 0x00, 0x03, 0xFF,
    0x00, 0x00, 0xFF, 0x80, 0x00, 0x03, 0xFF, 0x00, 0x00, 0xFF, 0x80, 0x00, 0x03, 0xFF, 0x00, 0x00,
    0xFF, 0x80, 0x00, 0x03, 0xFF, 0x00, 0x00, 0xFF, 0x80, 0x00, 0x03, 0xFF, 0x00, 0x00, 0xFF, 0x80,
    0x00, 0x03, 0xFF, 0x00, 0x00, 0xFF, 0x80, 0x00, 0x03, 0xFF, 0x00, 0xBF, 0xFF, 0xFF, 0x01, 0xFF,
    0xFF, 0xFD, 0xBF, 0xFF, 0xFF, 0x01, 0xFF, 0xFF, 0xFD, 0xBF, 0xF4, 0x00, 0x00, 0x00, 0xBF, 0xF4,
    0x00, 0x00, 0x00, 0x0B, 0xF4, 0x00, 0x00, 0x00, 0x07, 0xF4, 0x00, 0x00, 0x00, 0x07, 0xF4, 0x00,
    0x00, 0x00, 0x07, 0xF4, 0x00, 0x00, 0x00, 0x07, 0xF4, 0x00, 0x00, 0x00, 0x07, 0xF4, 0x00, 0x00,
    0x00, 0x07, 0xF4, 0x2F, 0xF8, 0x00, 0x07, 0xF5, 0xD0, 0xBF, 0x00, 0x07, 0xFB, 0x00, 0x3F, 0x80,
    0x07, 0xFD, 0x00, 0x3F, 0xC0, 0x07, 0xFC, 0x00, 0x2F, 0xC0, 0x07, 0xF8, 0x00, 0x2F, 0xC0, 0x07,
    0xF8, 0x00, 0x2F, 0xC0, 0x07, 0xF8, 0x00, 0x2F, 0xC0, 0x07, 0xF8, 0x00, 0x2F, 0xC0, 0x07, 0xF8,
    0x00, 0x2F, 0xC0, 0x07, 0xF8, 0x00, 0x2F, 0xC0, 0x07, 0xF8, 0x00, 0x2F, 0xC0, 0x07, 0xF8, 0x00,
    0x2F, 0xC0, 0x07, 0xF8, 0x00, 0x3F, 0xC0, 0xBF, 0xFF, 0xC3, 0xFF, 0xFD, 0x00, 0x00, 0x00, 0x02,
    0xBF, 0xF9, 0x00, 0x00, 0x00, 0x00, 0x01, 0xFE, 0x00, 0x7F, 0x80, 0x00, 0x00, 0x00, 0x2F, 0xC0,
    0x00, 0x2F, 0xC0, 0x0B, 0xC0, 0x02, 0xFC, 0x00, 0x00, 0x2F, 0xC0, 0xFF, 0xC0, 0x2F, 0xD0, 0x00,
    0x00, 0x3F, 0xC3, 0xFF, 0x00, 0xFF, 0x00, 0x00, 0x00, 0xBF, 0x4F, 0xFC, 0x0B, 0xF8, 0x00, 0x00,
    0x01, 0xFF, 0x2F, 0xC0, 0x3F, 0xD0, 0x00, 0x00, 0x03, 0xFC, 0x7C, 0x01, 0xFF, 0x40, 0x00, 0x00,
    0x0F, 0xF4, 0xB8, 0x0B, 0xFC, 0x00, 0x00, 0x00, 0x3F, 0xE0, 0x7E, 0x3F, 0xF0, 0x00, 0x00, 0x00,
    0xFF, 0x80, 0x1B, 0xFF, 0xFF, 0xFF, 0xFF, 0xFF, 0xFE, 0x00, 0x03, 0xFF, 0x00, 0x00, 0x00, 0x00,
    0x00, 0x00, 0x0F, 0xFC, 0x00, 0x00, 0x00, 0x00, 0x00, 0x00, 0x2F, 0xF0, 0x00, 0x00, 0x00, 0x00,
    0x00, 0x00, 0x7F, 0xD0, 0x00, 0x00, 0x00, 0x00, 0x00, 0x00, 0xFF, 0x80, 0x00, 0x00, 0x00, 0x00,
    0x00, 0x01, 0xFF, 0x00, 0x00, 0x00, 0x00, 0x00, 0x00, 0x03, 0xFD, 0x00, 0x00, 0x00, 0x00, 0x00,
    0x00, 0x03, 0xFC, 0x00, 0x00, 0x00, 0x0D, 0x00, 0x00, 0x02, 0xFD, 0x00, 0x00, 0x01, 0xF0, 0x00,
    0x00, 0x01, 0xFF, 0x40, 0x01, 0xBD, 0x00, 0x00, 0x00, 0x00, 0x1B, 0xFF, 0xFA, 0x40, 0x00, 0x00,
    0x00, 0x02, 0xFF, 0xE0, 0x00, 0x00, 0x01, 0xF8, 0x0B, 0xD0, 0x7D, 0x00, 0xBF, 0x00, 0x2F, 0x4F,
    0xF0, 0x1F, 0xC0, 0x00, 0xFC, 0xFF, 0x03, 0xFC, 0x00, 0x0B, 0xDB, 0xC0, 0x3F, 0xC0, 0x00, 0xBE,
    0x3E, 0x47, 0xF8, 0x00, 0x07, 0xE0, 0x6F, 0xFF, 0xFF, 0xFF, 0xFE, 0x00, 0x07, 0xF8, 0x00, 0x00,
    0x00, 0x00, 0x7F, 0xC0, 0x00, 0x00, 0x00, 0x03, 0xFC, 0x00, 0x00, 0x00, 0x00, 0x1F, 0xD0, 0x00,
    0x0E, 0x00, 0x00, 0xBF, 0x00, 0x02, 0xC0, 0x00, 0x01, 0xFD, 0x01, 0xF0, 0x00, 0x00, 0x01, 0xBF,
    0xE4, 0x00, 0x00, 0x00, 0x00, 0x02, 0xBF, 0xF9, 0x00, 0x00, 0x00, 0x00, 0x01, 0xFE, 0x00, 0x7F,
    0x80, 0x00, 0x00, 0x00, 0x2F, 0xC0, 0x00, 0x2F, 0xC0, 0x0B, 0xC0, 0x02, 0xFC, 0x00, 0x00, 0x2F,
    0xC0, 0xFF, 0xC0, 0x2F, 0xD0, 0x00, 0x00, 0x3F, 0xC3, 0xFF, 0x00, 0xFF, 0x00, 0x00, 0x00, 0xBF,
    0x4F, 0xFC, 0x0B, 0xF8, 0x00, 0x00, 0x01, 0xFF, 0x2F, 0xC0, 0x3F, 0xD0, 0x00, 0x00, 0x03, 0xFC,
    0x7C, 0x01, 0xFF, 0x40, 0x00, 0x00, 0x0F, 0xF4, 0xB8, 0x0B, 0xFC, 0x00, 0x00, 0x00, 0x3F, 0xE0,
    0x7E, 0x3F, 0xF0, 0x00, 0x00, 0x00, 0xFF, 0x80, 0x1B, 0xFF, 0xFF, 0xFF, 0xFF, 0xFF, 0xFE, 0x00,
    0x03, 0xFF, 0x00, 0x00, 0x00, 0x00, 0x00, 0x00, 0x0F, 0xFC, 0x00, 0x00, 0x00, 0x00, 0x00, 0x00,
    0x2F, 0xF0, 0x00, 0x00, 0x00, 0x00, 0x00, 0x00, 0x7F, 0xD0, 0x00, 0x00, 0x00, 0x00, 0x00, 0x00,
    0xFF, 0x80, 0x00, 0x00, 0x00, 0x00, 0x00, 0x01, 0xFF, 0x00, 0x00, 0x00, 0x00, 0x00, 0x00, 0x03,
    0xFD, 0x00, 0x00, 0x00, 0x00, 0x00, 0x00, 0x03, 0xFC, 0x00, 0x00, 0x00, 0x1D, 0x00, 0x00, 0x02,
    0xFD, 0x00, 0x00, 0x01, 0xE0, 0x00, 0x00, 0x01, 0xFF, 0x40, 0x01, 0xBD, 0x00, 0x00, 0x00, 0x00,
    0x6F, 0xFF, 0xFE, 0x40, 0x00, 0x00, 0x00, 0x00, 0x00, 0xF4, 0x00, 0x00, 0x00, 0x00, 0x00, 0x00,
    0x0F, 0x80, 0x00, 0x00, 0x00, 0x00, 0x00, 0x00, 0x3D, 0x00, 0x00, 0x00, 0x00, 0x00, 0x00, 0x01,
    0xF8, 0x00, 0x00, 0x00, 0x00, 0x00, 0x00, 0x07, 0xF4, 0x00, 0x00, 0x00, 0x00, 0x00, 0x00, 0x0F,
    0xFF, 0x40, 0x00, 0x00, 0x00, 0x00, 0x00, 0x0B, 0xF4, 0x00, 0x00, 0x00, 0x00, 0x02, 0xFF, 0xE0,
    0x00, 0x00, 0x01, 0xF8, 0x0B, 0xD0, 0x7D, 0x00, 0xBE, 0x00, 0x2F, 0x4F, 0xF0, 0x1F, 0xC0, 0x00,
    0xFC, 0xFF, 0x03, 0xFC, 0x00, 0x0B, 0xDB, 0xC0, 0x3F, 0xC0, 0x00, 0xBE, 0x3E, 0x47, 0xF8, 0x00,
    0x07, 0xE0, 0x6F, 0xFF, 0xFF, 0xFF, 0xFE, 0x00, 0x07, 0xF8, 0x00, 0x00, 0x00, 0x00, 0x7F, 0xC0,
    0x00, 0x00, 0x00, 0x03, 0xFC, 0x00, 0x00, 0x00, 0x00, 0x1F, 0xD0, 0x00, 0x0E, 0x00, 0x00, 0xBF,
    0x00, 0x02, 0xC0, 0x00, 0x01, 0xFD, 0x01, 0xF4, 0x00, 0x00, 0x01, 0xBF, 0xF8, 0x00, 0x00, 0x00,
    0x00, 0x3D, 0x00, 0x00, 0x00, 0x00, 0x0B, 0x80, 0x00, 0x00, 0x00, 0x00, 0xF8, 0x00, 0x00, 0x00,
    0x00, 0x1F, 0xC0, 0x00, 0x00, 0x00, 0x00, 0xFE, 0x00, 0x00, 0x00, 0x00, 0x0B, 0xFF, 0xC0, 0x00,
    0x00, 0x00, 0x2F, 0xE0, 0x00, 0x00, 0x00, 0x3F, 0xFF, 0xFF, 0xD0, 0x0F, 0xF8, 0x00, 0x03, 0xFE,
    0x00, 0x00, 0xFF, 0x80, 0x00, 0x3F, 0xE0, 0x00, 0x0F, 0xF8, 0x00, 0x03, 0xFE, 0x00, 0x00, 0xFF,
    0x80, 0x00, 0x3F, 0xE0, 0x00, 0x0F, 0xF8, 0x00, 0x03, 0xFE, 0x00, 0x00, 0xFF, 0x80, 0x00, 0x3F,
    0xE0, 0x00, 0x0F, 0xF8, 0x00, 0x03, 0xFE, 0x00, 0x00, 0xFF, 0x80, 0x00, 0x3F, 0xE0, 0x00, 0x0F,
    0xF8, 0x00, 0x03, 0xFE, 0x00, 0x00, 0xFF, 0x80, 0x00, 0x3F, 0xE0, 0x0F, 0xFF, 0xFF, 0xF7, 0xFF,
    0xFF, 0xFD, 0x00, 0x00, 0x00, 0x01, 0xC0, 0x00, 0x0D, 0x00, 0x00, 0x00, 0x00, 0x00, 0x00, 0x00,
    0x03, 0xD0, 0x01, 0xF0, 0x00, 0x00, 0x00, 0x00, 0x00, 0x00, 0x00, 0x03, 0xFF, 0xFF, 0x00, 0x00,
    0x00, 0x00, 0x00, 0x00, 0x00, 0x00, 0x01, 0xFF, 0xD0, 0x00, 0x00, 0x00, 0x00, 0x00, 0x00, 0x00,
    0x00, 0x00, 0x00, 0x00, 0x00, 0x00, 0x00, 0x00, 0x00, 0x00, 0x00, 0x00, 0x00, 0x00, 0x00, 0x00,
    0x00, 0x00, 0x03, 0xFF, 0xFD, 0x00, 0x1F, 0xFF, 0xFF, 0xD0, 0x01, 0xFF, 0xFF, 0x0F, 0xFF, 0xF4,
    0x00, 0x7F, 0xFF, 0xFF, 0x40, 0x07, 0xFF, 0xFC, 0x00, 0x7D, 0x00, 0x00, 0x03, 0xFF, 0x00, 0x00,
    0x01, 0xF4, 0x00, 0x00, 0x3D, 0x00, 0x00, 0x0F, 0xFC, 0x00, 0x00, 0x1F, 0x00, 0x00, 0x00, 0x3E,
    0x00, 0x00, 0x3F, 0xF0, 0x00, 0x02, 0xF0, 0x00, 0x00, 0x00, 0x2F, 0x00, 0x00, 0xFF, 0xC0, 0x00,
    0x2E, 0x00, 0x00, 0x00, 0x00, 0x1F, 0x00, 0x03, 0xFF, 0x00, 0x03, 0xD0, 0x00, 0x00, 0x00, 0x00,
    0x0F, 0x40, 0x0F, 0xFC, 0x00, 0x7D, 0x00, 0x00, 0x00, 0x00, 0x00, 0x0F, 0x80, 0x3F, 0xF0, 0x0B,
    0xC0, 0x00, 0x00, 0x00, 0x00, 0x00, 0x2F, 0x80, 0xFF, 0xC0, 0xBE, 0x00, 0x00, 0x00, 0x00, 0x00,
    0x01, 0xFF, 0xC3, 0xFF, 0x0F, 0xFE, 0x00, 0x00, 0x00, 0x00, 0x00, 0x1F, 0xFF, 0xDF, 0xFD, 0xFF,
    0xFD, 0x00, 0x00, 0x00, 0x00, 0x00, 0xFF, 0xC3, 0xFF, 0xFF, 0x0F, 0xFC, 0x00, 0x00, 0x00, 0x00,
    0x0F, 0xFD, 0x02, 0xFF, 0xE0, 0x1F, 0xFC, 0x00, 0x00, 0x00, 0x00, 0xBF, 0xE0, 0x03, 0xFF, 0x00,
    0x2F, 0xF8, 0x00, 0x00, 0x00, 0x07, 0xFF, 0x00, 0x0F, 0xFC, 0x00, 0x3F, 0xF4, 0x00, 0x00, 0x00,
    0x3F, 0xF0, 0x00, 0x3F, 0xF0, 0x00, 0x3F, 0xF0, 0x00, 0x00, 0x03, 0xFF, 0x40, 0x00, 0xFF, 0xC0,
    0x00, 0x3F, 0xF0, 0x00, 0x00, 0x2F, 0xF4, 0x00, 0x03, 0xFF, 0x00, 0x00, 0x7F, 0xF0, 0x00, 0x02,
    0xFF, 0x80, 0x00, 0x0F, 0xFC, 0x00, 0x00, 0xBF, 0xE0, 0x00, 0x1F, 0xFC, 0x00, 0x00, 0x3F, 0xF0,
    0x00, 0x00, 0xFF, 0xD0, 0x1F, 0xFF, 0xFF, 0x00, 0x7F, 0xFF, 0xFF, 0x40, 0x3F, 0xFF, 0xFD, 0x7F,
    0xFF, 0xFC, 0x01, 0xFF, 0xFF, 0xFD, 0x00, 0xFF, 0xFF, 0xF4, 0x00, 0x00, 0x0C, 0x00, 0x00, 0xD0,
    0x00, 0x00, 0x00, 0x00, 0x38, 0x00, 0x07, 0x40, 0x00, 0x00, 0x00, 0x00, 0x79, 0x00, 0xBC, 0x00,
    0x00, 0x00, 0x00, 0x00, 0x7F, 0xFF, 0xC0, 0x00, 0x00, 0x00, 0x00, 0x00, 0x2F, 0xE4, 0x00, 0x00,
    0x00, 0x00, 0x00, 0x00, 0x00, 0x00, 0x00, 0x00, 0x02, 0xFF, 0xD0, 0x1F, 0xFF, 0xF0, 0x0F, 0xFF,
    0x00, 0x7F, 0x00, 0x03, 0xF8, 0x00, 0x1F, 0x80, 0x00, 0x2F, 0x00, 0x0F, 0xD0, 0x01, 0xF4, 0x00,
    0x00, 0x1F, 0x40, 0x3F, 0x40, 0x2F, 0x00, 0x00, 0x00, 0x0F, 0x80, 0xFD, 0x03, 0xE0, 0x00, 0x00,
    0x00, 0x0F, 0xC3, 0xF4, 0x7E, 0x00, 0x00, 0x00, 0x00, 0x7F, 0xDF, 0xEB, 0xFC, 0x00, 0x00, 0x00,
    0x03, 0xFF, 0xFF, 0xFF, 0xFC, 0x00, 0x00, 0x00, 0x3F, 0xC2, 0xFF, 0x4B, 0xF8, 0x00, 0x00, 0x03,
    0xFD, 0x03, 0xF8, 0x0F, 0xF4, 0x00, 0x00, 0x2F, 0xE0, 0x0F, 0xD0, 0x0F, 0xF4, 0x00, 0x02, 0xFE,
    0x00, 0x3F, 0x40, 0x0F, 0xF0, 0x00, 0x1F, 0xF0, 0x00, 0xFD, 0x00, 0x1F, 0xF0, 0x01, 0xFF, 0x40,
    0x03, 0xF8, 0x00, 0x3F, 0xF0, 0x7F, 0xFF, 0x01, 0xFF, 0xFF, 0x02, 0xFF, 0xFC, 0x00, 0x00, 0x00,
    0x00, 0x00, 0x00, 0x02, 0xFF, 0xFF, 0xFC, 0x00, 0x2F, 0xFF, 0xE0, 0x0F, 0xF8, 0x00, 0x00, 0x0B,
    0xD0, 0x00, 0x3F, 0xE0, 0x00, 0x00, 0x7C, 0x00, 0x00, 0xFF, 0x80, 0x00, 0x07, 0xC0, 0x00, 0x03,
    0xFE, 0x00, 0x00, 0x7C, 0x00, 0x00, 0x0F, 0xF8, 0x00, 0x0B, 0xC0, 0x00, 0x00, 0x3F, 0xE0, 0x00,
    0xBC, 0x00, 0x00, 0x00, 0xFF, 0x80, 0x0B, 0xC0, 0x00, 0x00, 0x03, 0xFE, 0x00, 0xBC, 0x00, 0x00,
    0x00, 0x0F, 0xF8, 0x0B, 0x80, 0x00, 0x00, 0x00, 0x3F, 0xE0, 0xB8, 0x00, 0x00, 0x00, 0x00, 0xFF,
    0xFF, 0xFF, 0xE4, 0x00, 0x00, 0x03, 0xFE, 0x00, 0x06, 0xFF, 0x40, 0x00, 0x0F, 0xF8, 0x00, 0x00,
    0xFF, 0xC0, 0x00, 0x3F, 0xE0, 0x00, 0x00, 0xFF, 0xC0, 0x00, 0xFF, 0x80, 0x00, 0x00, 0xFF, 0xC0,
    0x03, 0xFE, 0x00, 0x00, 0x02, 0xFF, 0x40, 0x0F, 0xF8, 0x00, 0x00, 0x07, 0xFE, 0x00, 0x3F, 0xE0,
    0x00, 0x00, 0x0F, 0xFC, 0x00, 0xFF, 0x80, 0x00, 0x00, 0x3F, 0xF0, 0x03, 0xFE, 0x00, 0x00, 0x00,
    0xFF, 0xCB, 0xFF, 0xFF, 0xF0, 0x00, 0x03, 0xFF, 0x2F, 0xFF, 0xFF, 0xC0, 0x00, 0x0F, 0xF8, 0x00,
    0x00, 0x00, 0x00, 0x00, 0x7F, 0xD0, 0x00, 0x00, 0x00, 0x00, 0x02, 0xFF, 0x00, 0x00, 0x00, 0x0F,
    0xC0, 0x0F, 0xF8, 0x00, 0x00, 0x00, 0xFF, 0xC0, 0x7F, 0xC0, 0x00, 0x00, 0x03, 0xFF, 0x03, 0xFC,
    0x00, 0x00, 0x00, 0x07, 0xF8, 0x7F, 0x80, 0x00, 0x00, 0x00, 0x06, 0xFF, 0xE0, 0x00, 0x00, 0xFF,
    0xFF, 0x40, 0x7F, 0xF8, 0x2F, 0xD0, 0x00, 0xFD, 0x00, 0xBF, 0x00, 0x0F, 0x80, 0x02, 0xFC, 0x01,
    0xF4, 0x00, 0x0B, 0xF0, 0x2F, 0x00, 0x00, 0x2F, 0xC3, 0xE0, 0x00, 0x00, 0xBF, 0xFF, 0xF9, 0x00,
    0x02, 0xFC, 0x01, 0xFF, 0x40, 0x0B, 0xF0, 0x00, 0xBF, 0x40, 0x2F, 0xC0, 0x00, 0xFF, 0x00, 0xBF,
    0x00, 0x02, 0xFD, 0x02, 0xFC, 0x00, 0x07, 0xF8, 0x0B, 0xF0, 0x00, 0x1F, 0xF0, 0x2F, 0xD0, 0x00,
    0x7F, 0xCF, 0xFF, 0xF4, 0x01, 0xFF, 0x00, 0x00, 0x00, 0x07, 0xFC, 0x00, 0x00, 0x00, 0x1F, 0xE0,
    0x00, 0xB8, 0x00, 0xBF, 0x00, 0x07, 0xF4, 0x03, 0xF8, 0x00, 0x1F, 0xD0, 0x2F, 0xC0, 0x00, 0x2F,
    0x03, 0xF8, 0x00, 0x00, 0x1B, 0xFE, 0x00, 0x00, 0x00, 0x1F, 0xFF, 0xFF, 0xFF, 0xFF, 0xFD, 0x00,
    0x1F, 0xFF, 0xFF, 0xFF, 0xFF, 0xFD, 0x00, 0x00, 0x2C, 0x00, 0x03, 0xFF, 0x00, 0x00, 0x00, 0x2C,
    0x00, 0x03, 0xFF, 0x00, 0x00, 0x00, 0x3C, 0x00, 0x03, 0xFF, 0x00, 0x00, 0x00, 0x3C, 0x00, 0x03,
    0xFF, 0x00, 0x00, 0x00, 0x3C, 0x00, 0x03, 0xFF, 0x00, 0x00, 0x00, 0x38, 0x00, 0x03, 0xFF, 0x00,
    0x00, 0x00, 0x38, 0x00, 0x03, 0xFF, 0x00, 0x00, 0x00, 0x38, 0x00, 0x03, 0xFF, 0x00, 0x00, 0x00,
    0x38, 0x00, 0x03, 0xFF, 0x00, 0x00, 0x00, 0x38, 0x00, 0x03, 0xFF, 0x00, 0x00, 0x00, 0x34, 0x00,
    0x03, 0xFF, 0x00, 0x00, 0x00, 0x34, 0x00, 0x03, 0xFF, 0x00, 0x00, 0x00, 0x70, 0x00, 0x03, 0xFF,
    0x00, 0x00, 0x00, 0xB0, 0x00, 0x03, 0xFF, 0x00, 0x00, 0x00, 0xB0, 0x00, 0x03, 0xFF, 0x00, 0x2F,
    0x40, 0xE0, 0x00, 0x03, 0xFF, 0x00, 0xFF, 0xC1, 0xD0, 0x00, 0x03, 0xFF, 0x00, 0xFF, 0xC3, 0xC0,
    0x00, 0x03, 0xFF, 0x00, 0xFF, 0x4B, 0x80, 0x00, 0x03, 0xFF, 0x00, 0x3F, 0xFF, 0x00, 0x01, 0xFF,
    0xFF, 0xFC, 0x0B, 0xF8, 0x00, 0x01, 0xFF, 0xFF, 0xF8, 0x00, 0x00, 0x00, 0x00, 0x00, 0x01, 0xF4,
    0x00, 0x00, 0x00, 0x00, 0x00, 0x03, 0xF0, 0x00, 0x00, 0x00, 0x00, 0x00, 0x07, 0xD0, 0x00, 0x00,
    0x00, 0x00, 0x00, 0x0F, 0xC0, 0x00, 0x00, 0x00, 0x00, 0x00, 0x1F, 0x80, 0x00, 0x00, 0x00, 0x00,
    0x00, 0x3F, 0x00, 0x00, 0x7F, 0xFF, 0xFF, 0xFF, 0x00, 0x00, 0xFA, 0xAF, 0xFC, 0x00, 0x00, 0x38,
    0x00, 0xFE, 0x00, 0x00, 0x0E, 0x00, 0x3F, 0x80, 0x00, 0x03, 0x80, 0x0F, 0xE0, 0x00, 0x00, 0xE0,
    0x03, 0xF8, 0x00, 0x00, 0x38, 0x00, 0xFE, 0x00, 0x00, 0x0E, 0x00, 0x3F, 0x80, 0x00, 0x03, 0x80,
    0x0F, 0xE0, 0x00, 0x00, 0xD0, 0x03, 0xF8, 0x00, 0x00, 0x74, 0x00, 0xFE, 0x00, 0xBC, 0x2C, 0x00,
    0x3F, 0x80, 0x3F, 0x5F, 0x00, 0x0F, 0xE0, 0x0F, 0xFF, 0x40, 0x03, 0xFC, 0x00, 0xFF, 0x40, 0x1F,
    0xFF, 0xF0, 0x00, 0x00, 0x00, 0x01, 0xF8, 0x00, 0x00, 0x00, 0x00, 0xBC, 0x00, 0x00, 0x00, 0x00,
    0x3F, 0x00, 0x00, 0x00, 0x00, 0x2F, 0x40, 0x00, 0x00, 0x00, 0x0F, 0xC0, 0x00, 0x00, 0x00, 0x00,
    0x00, 0x00, 0x00, 0xBF, 0xFF, 0xFF, 0x01, 0xFF, 0xFF, 0xFD, 0x00, 0xFF, 0x80, 0x00, 0x03, 0xFF,
    0x00, 0x00, 0xFF, 0x80, 0x00, 0x03, 0xFF, 0x00, 0x00, 0xFF, 0x80, 0x00, 0x03, 0xFF, 0x00, 0x00,
    0xFF, 0x80, 0x00, 0x03, 0xFF, 0x00, 0x00, 0xFF, 0x80, 0x00, 0x03, 0xFF, 0x00, 0x00, 0xFF, 0x80,
    0x00, 0x03, 0xFF, 0x00, 0x00, 0xFF, 0x80, 0x00, 0x03, 0xFF, 0x00, 0x00, 0xFF, 0x80, 0x00, 0x03,
    0xFF, 0x00, 0x00, 0xFF, 0x80, 0x00, 0x03, 0xFF, 0x00, 0x00, 0xFF, 0xFF, 0xFF, 0xFF, 0xFF, 0x00,
    0x00, 0xFF, 0xFF, 0xFF, 0xFF, 0xFF, 0x00, 0x00, 0xFF, 0x80, 0x00, 0x03, 0xFF, 0x00, 0x00, 0xFF,
    0x80, 0x00, 0x03, 0xFF, 0x00, 0x00, 0xFF, 0x80, 0x00, 0x03, 0xFF, 0x00, 0x00, 0xFF, 0x80, 0x00,
    0x03, 0xFF, 0x00, 0x00, 0xFF, 0x80, 0x00, 0x03, 0xFF, 0x00, 0x00, 0xFF, 0x80, 0x00, 0x03, 0xFF,
    0x00, 0x00, 0xFF, 0x80, 0x00, 0x03, 0xFF, 0x00, 0x00, 0xFF, 0x80, 0x00, 0x03, 0xFF, 0x00, 0x00,
    0xFF, 0x80, 0x00, 0x03, 0xFF, 0x00, 0xBF, 0xFF, 0xFF, 0x00, 0x03, 0xFF, 0x00, 0xBF, 0xFF, 0xFF,
    0x00, 0x03, 0xFF, 0x00, 0x00, 0x00, 0x00, 0x00, 0x03, 0xFF, 0x00, 0x00, 0x00, 0x00, 0xBC, 0x03,
    0xFF, 0x00, 0x00, 0x00, 0x02, 0xFF, 0x03, 0xFE, 0x00, 0x00, 0x00, 0x03, 0xFF, 0x03, 0xFD, 0x00,
    0x00, 0x00, 0x02, 0xFF, 0x03, 0xFC, 0x00, 0x00, 0x00, 0x00, 0xFE, 0x0B, 0xF0, 0x00, 0x00, 0x00,
    0x00, 0x1B, 0xFE, 0x40, 0x00, 0xFF, 0xFF, 0x47, 0xFF, 0xFC, 0x2F, 0xD0, 0x01, 0xFF, 0x00, 0xBF,
    0x00, 0x03, 0xF8, 0x02, 0xFC, 0x00, 0x0F, 0xE0, 0x0B, 0xF0, 0x00, 0x3F, 0x80, 0x2F, 0xC0, 0x00,
    0xFE, 0x00, 0xBF, 0xFF, 0xFF, 0xF8, 0x02, 0xFC, 0x00, 0x0F, 0xE0, 0x0B, 0xF0, 0x00, 0x3F, 0x80,
    0x2F, 0xC0, 0x00, 0xFE, 0x00, 0xBF, 0x00, 0x03, 0xF8, 0x02, 0xFC, 0x00, 0x0F, 0xE0, 0x0B, 0xF0,
    0x00, 0x3F, 0x80, 0x2F, 0xD0, 0x00, 0xFE, 0x0F, 0xFF, 0xF4, 0x03, 0xF8, 0x00, 0x00, 0x00, 0x0F,
    0xE0, 0x00, 0x00, 0x00, 0x3F, 0x80, 0x00, 0x00, 0x00, 0xFE, 0x00, 0x00, 0xBC, 0x03, 0xF4, 0x00,
    0x03, 0xF8, 0x1F, 0xC0, 0x00, 0x0F, 0xD0, 0xFC, 0x00, 0x00, 0x07, 0xFE, 0x40, 0x00, 0x00, 0x00,
    0x00, 0x00, 0x00, 0x00, 0x00, 0xBF, 0xFF, 0xFF, 0x01, 0xFF, 0xFF, 0xFD, 0x00, 0xFF, 0x80, 0x00,
    0x03, 0xFF, 0x00, 0x00, 0xFF, 0x80, 0x00, 0x03, 0xFF, 0x00, 0x00, 0xFF, 0x80, 0x00, 0x03, 0xFF,
    0x00, 0x00, 0xFF, 0x80, 0x00, 0x03, 0xFF, 0x00, 0x00, 0xFF, 0x80, 0x00, 0x03, 0xFF, 0x00, 0x00,
    0xFF, 0x80, 0x00, 0x03, 0xFF, 0x00, 0x00, 0xFF, 0x80, 0x00, 0x03, 0xFF, 0x00, 0x00, 0xFF, 0x80,
    0x00, 0x03, 0xFF, 0x00, 0x00, 0xFF, 0x80, 0x00, 0x03, 0xFF, 0x00, 0x00, 0xFF, 0xFF, 0xFF, 0xFF,
    0xFF, 0x00, 0x00, 0xFF, 0xFF, 0xFF, 0xFF, 0xFF, 0x00, 0x00, 0xFF, 0x80, 0x00, 0x03, 0xFF, 0x00,
    0x00, 0xFF, 0x80, 0x00, 0x03, 0xFF, 0x00, 0x00, 0xFF, 0x80, 0x00, 0x03, 0xFF, 0x00, 0x00, 0xFF,
    0x80, 0x00, 0x03, 0xFF, 0x00, 0x00, 0xFF, 0x80, 0x00, 0x03, 0xFF, 0x00, 0x00, 0xFF, 0x80, 0x00,
    0x03, 0xFF, 0x00, 0x00, 0xFF, 0x80, 0x00, 0x03, 0xFF, 0x00, 0x00, 0xFF, 0x80, 0x00, 0x03, 0xFF,
    0x00, 0x00, 0xFF, 0x80, 0x00, 0x03, 0xFF, 0x00, 0xBF, 0xFF, 0xFF, 0x01, 0xFF, 0xFF, 0xFE, 0xBF,
    0xFF, 0xFF, 0x01, 0xFF, 0xFF, 0xFC, 0x00, 0x00, 0x00, 0x00, 0x00, 0x00, 0xF8, 0x00, 0x00, 0x00,
    0x00, 0x00, 0x02, 0xF0, 0x00, 0x00, 0x00, 0x00, 0x00, 0x03, 0xE0, 0x00, 0x00, 0x00, 0x00, 0x00,
    0x0B, 0xC0, 0x00, 0x00, 0x00, 0x00, 0x00, 0x0F, 0xC0, 0x00, 0x00, 0x00, 0x00, 0x00, 0x2F, 0x40,
    0x00, 0x00, 0x00, 0x00, 0x00, 0x15, 0x00, 0xFF, 0xFF, 0x47, 0xFF, 0xFC, 0x0B, 0xF4, 0x00, 0x3F,
    0xC0, 0x0B, 0xF0, 0x00, 0x3F, 0x80, 0x0B, 0xF0, 0x00, 0x3F, 0x80, 0x0B, 0xF0, 0x00, 0x3F, 0x80,
    0x0B, 0xF0, 0x00, 0x3F, 0x80, 0x0B, 0xFF, 0xFF, 0xFF, 0x80, 0x0B, 0xF0, 0x00, 0x3F, 0x80, 0x0B,
    0xF0, 0x00, 0x3F, 0x80, 0x0B, 0xF0, 0x00, 0x3F, 0x80, 0x0B, 0xF0, 0x00, 0x3F, 0x80, 0x0B, 0xF0,
    0x00, 0x3F, 0x80, 0x0B, 0xF0, 0x00, 0x3F, 0x80, 0x0B, 0xF4, 0x00, 0x7F, 0xC0, 0xFF, 0xFF, 0x47,
    0xFF, 0xFC, 0x00, 0x00, 0x00, 0x01, 0xF8, 0x00, 0x00, 0x00, 0x02, 0xF0, 0x00, 0x00, 0x00, 0x03,
    0xF0, 0x00, 0x00, 0x00, 0x0B, 0xD0, 0x00, 0x00, 0x00, 0x0F, 0xC0, 0xBF, 0xFF, 0xFF, 0x01, 0xFF,
    0xFF, 0xFD, 0xBF, 0xFF, 0xFF, 0x01, 0xFF, 0xFF, 0xFD, 0x00, 0xFF, 0x80, 0x00, 0x03, 0xFF, 0x00,
    0x00, 0xFF, 0x80, 0x00, 0x03, 0xFF, 0x00, 0x00, 0xFF, 0x80, 0x00, 0x03, 0xFF, 0x00, 0x00, 0xFF,
    0x80, 0x00, 0x03, 0xFF, 0x00, 0x00, 0xFF, 0x80, 0x00, 0x03, 0xFF, 0x00, 0x00, 0xFF, 0x80, 0x00,
    0x03, 0xFF, 0x00, 0x00, 0xFF, 0x80, 0x00, 0x03, 0xFF, 0x00, 0x00, 0xFF, 0x80, 0x00, 0x03, 0xFF,
    0x00, 0x00, 0x3F, 0xC0, 0x00, 0x03, 0xFF, 0x00, 0x00, 0x0B, 0xF0, 0x01, 0xBF, 0xFF, 0x00, 0x00,
    0x00, 0xBF, 0xFE, 0x93, 0xFF, 0x00, 0x00, 0x00, 0x00, 0x00, 0x03, 0xFF, 0x00, 0x00, 0x00, 0x00,
    0x00, 0x03, 0xFF, 0x00, 0x00, 0x00, 0x00, 0x00, 0x03, 0xFF, 0x00, 0x00, 0x00, 0x00, 0x00, 0x03,
    0xFF, 0x00, 0x00, 0x00, 0x00, 0x00, 0x03, 0xFF, 0x00, 0x00, 0x00, 0x00, 0x00, 0x03, 0xFF, 0x00,
    0x00, 0x00, 0x00, 0x00, 0x03, 0xFF, 0x00, 0x00, 0x00, 0x00, 0x00, 0x03, 0xFF, 0x00, 0x00, 0x00,
    0x00, 0x03, 0xFF, 0xFF, 0xFD, 0x00, 0x00, 0x00, 0x03, 0xFF, 0xFF, 0xFD, 0x00, 0x00, 0x00, 0x03,
    0xF9, 0x00, 0x00, 0x00, 0x00, 0x00, 0x03, 0xD0, 0x00, 0x00, 0x00, 0x00, 0x00, 0x07, 0x80, 0x00,
    0x00, 0x00, 0x00, 0x00, 0x07, 0x40, 0x00, 0x00, 0x00, 0x00, 0x00, 0x0B, 0x00, 0x00, 0x00, 0x00,
    0x00, 0x00, 0x0B, 0x00, 0x00, 0x00, 0xFF, 0xFF, 0x47, 0xFF, 0xFC, 0x2F, 0xD0, 0x00, 0xFF, 0x00,
    0xBF, 0x00, 0x03, 0xF8, 0x02, 0xFC, 0x00, 0x0F, 0xE0, 0x0B, 0xF0, 0x00, 0x3F, 0x80, 0x1F, 0xD0,
    0x00, 0xFE, 0x00, 0x3F, 0xC0, 0x6F, 0xF8, 0x00, 0x1B, 0xFE, 0x4F, 0xE0, 0x00, 0x00, 0x00, 0x3F,
    0x80, 0x00, 0x00, 0x00, 0xFE, 0x00, 0x00, 0x00, 0x03, 0xF8, 0x00, 0x00, 0x00, 0x0F, 0xE0, 0x00,
    0x00, 0x00, 0x3F, 0x80, 0x00, 0x00, 0x01, 0xFF, 0x00, 0x00, 0x00, 0xFF, 0xFF, 0xC0, 0x00, 0x03,
    0xF4, 0x00, 0x00, 0x00, 0x0F, 0x00, 0x00, 0x00, 0x00, 0x38, 0x00, 0x00, 0x00, 0x00, 0xD0, 0x00,
    0x00, 0x00, 0x07, 0x40, 0x00, 0xBF, 0xFF, 0xC0, 0x00, 0x00, 0x00, 0x3F, 0xFF, 0xE2, 0xFF, 0xFF,
    0x40, 0x00, 0x00, 0x01, 0xFF, 0xFF, 0x80, 0x0F, 0xFF, 0x00, 0x00, 0x00, 0x0F, 0xFF, 0x00, 0x00,
    0x3B, 0xFD, 0x00, 0x00, 0x00, 0x77, 0xFC, 0x00, 0x00, 0xE7, 0xFC, 0x00, 0x00, 0x03, 0xCF, 0xF0,
    0x00, 0x03, 0x8F, 0xF0, 0x00, 0x00, 0x0D, 0x3F, 0xC0, 0x00, 0x0E, 0x1F, 0xE0, 0x00, 0x00, 0xB0,
    0xFF, 0x00, 0x00, 0x38, 0x3F, 0xC0, 0x00, 0x03, 0x43, 0xFC, 0x00, 0x00, 0xE0, 0xBF, 0x80, 0x00,
    0x2C, 0x0F, 0xF0, 0x00, 0x03, 0x80, 0xFF, 0x00, 0x00, 0xE0, 0x3F, 0xC0, 0x00, 0x0E, 0x02, 0xFD,
    0x00, 0x07, 0x00, 0xFF, 0x00, 0x00, 0x38, 0x03, 0xFC, 0x00, 0x38, 0x03, 0xFC, 0x00, 0x00, 0xE0,
    0x0B, 0xF4, 0x01, 0xC0, 0x0F, 0xF0, 0x00, 0x03, 0x80, 0x0F, 0xF0, 0x0E, 0x00, 0x3F, 0xC0, 0x00,
    0x0E, 0x00, 0x3F, 0xD0, 0x74, 0x00, 0xFF, 0x00, 0x00, 0x38, 0x00, 0x7F, 0x82, 0xC0, 0x03, 0xFC,
    0x00, 0x00, 0xE0, 0x00, 0xFF, 0x0D, 0x00, 0x0F, 0xF0, 0x00, 0x03, 0x80, 0x01, 0xFE, 0xB0, 0x00,
    0x3F, 0xC0, 0x00, 0x0E, 0x00, 0x03, 0xFF, 0x40, 0x00, 0xFF, 0x00, 0x00, 0x38, 0x00, 0x07, 0xFC,
    0x00, 0x03, 0xFC, 0x00, 0x01, 0xF0, 0x00, 0x0F, 0xE0, 0x00, 0x0F, 0xF0, 0x02, 0xFF, 0xFF, 0x00,
    0x2F, 0x00, 0x2F, 0xFF, 0xFF, 0xCB, 0xFF, 0xFC, 0x00, 0x38, 0x00, 0xBF, 0xFF, 0xFD, 0x00, 0x00,
    0x00, 0x00, 0x00, 0x00, 0x00, 0x03, 0xF0, 0x00, 0x00, 0x00, 0x00, 0x00, 0x00, 0x00, 0x1F, 0x40,
    0x00, 0x00, 0x00, 0x00, 0x00, 0x00, 0x00, 0xFC, 0x00, 0x00, 0x00, 0x00, 0x00, 0x00, 0x00, 0x07,
    0xD0, 0x00, 0x00, 0x00, 0x00, 0x00, 0x00, 0x00, 0x3F, 0x00, 0x00, 0x00, 0x00, 0x00, 0x00, 0x00,
    0x01, 0xF8, 0x00, 0x00, 0x00, 0x00, 0x00, 0x00, 0x00, 0x05, 0x40, 0x00, 0xBF, 0xFC, 0x00, 0x00,
    0x7F, 0xFC, 0x07, 0xFD, 0x00, 0x00, 0xFF, 0x80, 0x07, 0xBF, 0x00, 0x01, 0xEF, 0x80, 0x07, 0x7F,
    0x40, 0x02, 0x6F, 0x80, 0x07, 0x5F, 0x80, 0x03, 0x2F, 0x80, 0x07, 0x4F, 0xC0, 0x0A, 0x2F, 0x80,
    0x07, 0x4B, 0xE0, 0x0C, 0x2F, 0x80, 0x07, 0x43, 0xF0, 0x18, 0x2F, 0x80, 0x07, 0x42, 0xF4, 0x34,
    0x2F, 0x80, 0x07, 0x41, 0xFC, 0x70, 0x2F, 0x80, 0x07, 0x40, 0xFD, 0xD0, 0x2F, 0x80, 0x07, 0x40,
    0x7F, 0xC0, 0x2F, 0x80, 0x07, 0x40, 0x3F, 0x80, 0x2F, 0x80, 0x0B, 0x80, 0x2F, 0x00, 0x2F, 0x80,
    0xBF, 0xF8, 0x0D, 0x03, 0xFF, 0xFC, 0x00, 0x00, 0x00, 0x00, 0x01, 0xF8, 0x00, 0x00, 0x00, 0x00,
    0x03, 0xF0, 0x00, 0x00, 0x00, 0x00, 0x03, 0xE0, 0x00, 0x00, 0x00, 0x00, 0x0B, 0xD0, 0x00, 0x00,
    0x00, 0x00, 0x0F, 0xC0, 0x00, 0x01, 0xC0, 0x00, 0x0C, 0x00, 0x00, 0x00, 0x03, 0x90, 0x01, 0xE0,
    0x00, 0x00, 0x00, 0x07, 0xFF, 0xFF, 0x00, 0x00, 0x00, 0x00, 0x02, 0xFF, 0x90, 0x00, 0x00, 0x00,
    0x00, 0x00, 0x00, 0x00, 0x00, 0x00, 0x00, 0x00, 0x00, 0x00, 0x00, 0x00, 0x00, 0x00, 0x00, 0x0B,
    0x40, 0x00, 0x00, 0x00, 0x00, 0x00, 0x3F, 0x00, 0x00, 0x00, 0x00, 0x00, 0x02, 0xFD, 0x00, 0x00,
    0x00, 0x00, 0x00, 0x0F, 0xFC, 0x00, 0x00, 0x00, 0x00, 0x00, 0x7F, 0xF0, 0x00, 0x00, 0x00, 0x00,
    0x03, 0xFF, 0xE0, 0x00, 0x00, 0x00, 0x00, 0x1E, 0xFF, 0xC0, 0x00, 0x00, 0x00, 0x00, 0xF2, 0xFF,
    0x40, 0x00, 0x00, 0x00, 0x03, 0xC3, 0xFF, 0x00, 0x00, 0x00, 0x00, 0x2D, 0x0B, 0xFD, 0x00, 0x00,
    0x00, 0x00, 0xF0, 0x1F, 0xF8, 0x00, 0x00, 0x00, 0x07, 0x80, 0x3F, 0xF0, 0x00, 0x00, 0x00, 0x3C,
    0x00, 0x7F, 0xE0, 0x00, 0x00, 0x01, 0xE0, 0x00, 0xFF, 0xC0, 0x00, 0x00, 0x0B, 0x40, 0x02, 0xFF,
    0x40, 0x00, 0x00, 0x3F, 0xFF, 0xFF, 0xFF, 0x00, 0x00, 0x02, 0xFF, 0xFF, 0xFF, 0xFC, 0x00, 0x00,
    0x0F, 0x00, 0x00, 0x2F, 0xF8, 0x00, 0x00, 0x78, 0x00, 0x00, 0x3F, 0xF0, 0x00, 0x03, 0xC0, 0x00,
    0x00, 0xBF, 0xD0, 0x00, 0x1F, 0x00, 0x00, 0x00, 0xFF, 0xC0, 0x2F, 0xFF, 0xE0, 0x00, 0xFF, 0xFF,
    0xFD, 0xBF, 0xFF, 0x80, 0x03, 0xFF, 0xFF, 0xF4, 0x07, 0x00, 0x00, 0x30, 0x00, 0x34, 0x00, 0x0B,
    0x00, 0x02, 0xE4, 0x06, 0xD0, 0x00, 0x0B, 0xFF, 0xF8, 0x00, 0x00, 0x1B, 0xF8, 0x00, 0x00, 0x00,
    0x00, 0x00, 0x00, 0x01, 0xFF, 0xF9, 0x00, 0x00, 0xFD, 0x02, 0xFC, 0x00, 0x2F, 0xD0, 0x0F, 0xF0,
    0x02, 0xFD, 0x00, 0x7F, 0x40, 0x0B, 0x80, 0x07, 0xF8, 0x00, 0x00, 0x00, 0x3F, 0x80, 0x00, 0x1A,
    0xFF, 0xF8, 0x00, 0x7F, 0xE4, 0x3F, 0x80, 0x2F, 0xD0, 0x03, 0xF8, 0x0B, 0xF4, 0x00, 0x3F, 0x80,
    0xFF, 0x00, 0x07, 0xF8, 0x0F, 0xF0, 0x00, 0x7F, 0x80, 0xBF, 0x40, 0x0E, 0xF8, 0x03, 0xFD, 0x07,
    0x5F, 0xFD, 0x06, 0xFF, 0x80, 0xBF, 0xD0, 0x00, 0x00, 0xBC, 0x01, 0xF4, 0x00, 0x00, 0x00, 0x0B,
    0xFC, 0x1F, 0xF4, 0x00, 0x00, 0x00, 0x3F, 0xF0, 0xBF, 0xE0, 0x00, 0x00, 0x00, 0xBF, 0xC1, 0xFF,
    0x40, 0x00, 0x00, 0x00, 0xBC, 0x01, 0xF4, 0x00, 0x00, 0x00, 0x00, 0x00, 0x00, 0x00, 0x00, 0x00,
    0x00, 0x00, 0x0B, 0x40, 0x00, 0x00, 0x00, 0x00, 0x00, 0x3F, 0x00, 0x00, 0x00, 0x00, 0x00, 0x02,
    0xFD, 0x00, 0x00, 0x00, 0x00, 0x00, 0x0F, 0xFC, 0x00, 0x00, 0x00, 0x00, 0x00, 0x7F, 0xF0, 0x00,
    0x00, 0x00, 0x00, 0x03, 0xFF, 0xE0, 0x00, 0x00, 0x00, 0x00, 0x1E, 0xFF, 0xC0, 0x00, 0x00, 0x00,
    0x00, 0xF2, 0xFF, 0x40, 0x00, 0x00, 0x00, 0x03, 0xC3, 0xFF, 0x00, 0x00, 0x00, 0x00, 0x2D, 0x0B,
    0xFD, 0x00, 0x00, 0x00, 0x00, 0xF0, 0x1F, 0xF8, 0x00, 0x00, 0x00, 0x07, 0x80, 0x3F, 0xF0, 0x00,
    0x00, 0x00, 0x3C, 0x00, 0x7F, 0xE0, 0x00, 0x00, 0x01, 0xE0, 0x00, 0xFF, 0xC0, 0x00, 0x00, 0x0B,
    0x40, 0x02, 0xFF, 0x40, 0x00, 0x00, 0x3F, 0xFF, 0xFF, 0xFF, 0x00, 0x00, 0x02, 0xFF, 0xFF, 0xFF,
    0xFC, 0x00, 0x00, 0x0F, 0x00, 0x00, 0x2F, 0xF8, 0x00, 0x00, 0x78, 0x00, 0x00, 0x3F, 0xF0, 0x00,
    0x03, 0xC0, 0x00, 0x00, 0xBF, 0xD0, 0x00, 0x1F, 0x00, 0x00, 0x00, 0xFF, 0xC0, 0x2F, 0xFF, 0xE0,
    0x00, 0xFF, 0xFF, 0xFD, 0xBF, 0xFF, 0x80, 0x03, 0xFF, 0xFF, 0xF4, 0x02, 0xF4, 0x07, 0xE0, 0x00,
    0xBF, 0xC0, 0xFF, 0x40, 0x0B, 0xFD, 0x1F, 0xF8, 0x00, 0xBF, 0xC0, 0xFF, 0x40, 0x02, 0xF4, 0x07,
    0xE0, 0x00, 0x00, 0x00, 0x00, 0x00, 0x00, 0x00, 0x00, 0x00, 0x00, 0x00, 0x00, 0x00, 0x00, 0x01,
    0xFF, 0xF9, 0x00, 0x00, 0xFD, 0x02, 0xFC, 0x00, 0x2F, 0xD0, 0x0F, 0xF0, 0x02, 0xFD, 0x00, 0x7F,
    0x40, 0x0B, 0x80, 0x07, 0xF8, 0x00, 0x00, 0x00, 0x3F, 0x80, 0x00, 0x1A, 0xFF, 0xF8, 0x00, 0x7F,
    0xE4, 0x3F, 0x80, 0x2F, 0xD0, 0x03, 0xF8, 0x0B, 0xF4, 0x00, 0x3F, 0x80, 0xFF, 0x00, 0x07, 0xF8,
    0x0F, 0xF0, 0x00, 0x7F, 0x80, 0xBF, 0x40, 0x0E, 0xF8, 0x03, 0xFD, 0x07, 0x5F, 0xFD, 0x06, 0xFF,
    0x80, 0xBF, 0xD0, 0x00, 0x00, 0x3F, 0xFF, 0xFF, 0xFF, 0xFF, 0xF4, 0x00, 0x00, 0x0F, 0xFF, 0xFF,
    0xFF, 0xFF, 0xFD, 0x00, 0x00, 0x00, 0x1D, 0x3F, 0xD0, 0x00, 0x7F, 0x80, 0x00, 0x00, 0x0F, 0x0F,
    0xF4, 0x00, 0x03, 0xE0, 0x00, 0x00, 0x07, 0x83, 0xFD, 0x00, 0x00, 0x3C, 0x00, 0x00, 0x03, 0xC0,
    0xFF, 0x40, 0x00, 0x0F, 0x00, 0x00, 0x00, 0xE0, 0x3F, 0xD0, 0x00, 0x02, 0xC0, 0x00, 0x00, 0xB4,
    0x0F, 0xF4, 0x00, 0x00, 0x70, 0x00, 0x00, 0x3C, 0x03, 0xFD, 0x00, 0x34, 0x00, 0x00, 0x00, 0x1D,
    0x00, 0xFF, 0x40, 0x1D, 0x00, 0x00, 0x00, 0x0F, 0x00, 0x3F, 0xD0, 0x1F, 0x40, 0x00, 0x00, 0x07,
    0xFF, 0xFF, 0xFF, 0xFF, 0xD0, 0x00, 0x00, 0x03, 0xFF, 0xFF, 0xFF, 0xFF, 0xF4, 0x00, 0x00, 0x00,
    0xF0, 0x00, 0xFF, 0x40, 0x7D, 0x00, 0x00, 0x00, 0xB4, 0x00, 0x3F, 0xD0, 0x07, 0x40, 0x70, 0x00,
    0x3C, 0x00, 0x0F, 0xF4, 0x00, 0xD0, 0x2C, 0x00, 0x2D, 0x00, 0x03, 0xFD, 0x00, 0x00, 0x0F, 0x00,
    0x0F, 0x00, 0x00, 0xFF, 0x40, 0x00, 0x03, 0x80, 0x07, 0x80, 0x00, 0x3F, 0xD0, 0x00, 0x02, 0xE0,
    0x03, 0xC0, 0x00, 0x0F, 0xF4, 0x00, 0x02, 0xF4, 0x01, 0xF0, 0x00, 0x03, 0xFD, 0x00, 0x07, 0xFC,
    0x2F, 0xFF, 0xE0, 0x3F, 0xFF, 0xFF, 0xFF, 0xFF, 0x0B, 0xFF, 0xF8, 0x0F, 0xFF, 0xFF, 0xFF, 0xFF,
    0xC0, 0x02, 0xFF, 0xF9, 0x01, 0xFF, 0xE0, 0x00, 0xFC, 0x03, 0xFE, 0xF8, 0x0B, 0xD0, 0x2F, 0xD0,
    0x0F, 0xFE, 0x00, 0x3F, 0x02, 0xFD, 0x00, 0x7F, 0xC0, 0x01, 0xF8, 0x0F, 0x80, 0x07, 0xFC, 0x00,
    0x0F, 0xC0, 0x00, 0x00, 0x3F, 0x80, 0x00, 0xFC, 0x00, 0x00, 0x03, 0xF8, 0x00, 0x0F, 0xD0, 0x01,
    0xAF, 0xFF, 0xFF, 0xFF, 0xFC, 0x07, 0xFE, 0x43, 0xF8, 0x00, 0x00, 0x02, 0xFD, 0x00, 0x3F, 0x80,
    0x00, 0x00, 0x7F, 0x40, 0x02, 0xFC, 0x00, 0x00, 0x0B, 0xF0, 0x00, 0x2F, 0xD0, 0x00, 0x1C, 0xBF,
    0x40, 0x07, 0xFF, 0x00, 0x03, 0xC3, 0xFD, 0x02, 0xF9, 0xFD, 0x06, 0xF0, 0x06, 0xFF, 0xE4, 0x01,
    0xBF, 0xE4, 0x00, 0x00, 0x0C, 0x00, 0x00, 0xE0, 0x00, 0x00, 0x2D, 0x00, 0x1B, 0x00, 0x00, 0x00,
    0x3F, 0xFF, 0xF4, 0x00, 0x00, 0x00, 0x1B, 0xFE, 0x00, 0x00, 0x00, 0x00, 0x00, 0x00, 0x00, 0x00,
    0x00, 0x00, 0x00, 0x00, 0x00, 0x0B, 0xFF, 0xFF, 0xFF, 0xFF, 0xFC, 0x2F, 0xFF, 0xFF, 0xFF, 0xFF,
    0xF0, 0x00, 0xFF, 0x80, 0x00, 0x6F, 0xC0, 0x03, 0xFE, 0x00, 0x00, 0x1F, 0x00, 0x0F, 0xF8, 0x00,
    0x00, 0x2D, 0x00, 0x3F, 0xE0, 0x00, 0x00, 0x74, 0x00, 0xFF, 0x80, 0x00, 0x00, 0xE0, 0x03, 0xFE,
    0x00, 0x34, 0x03, 0x80, 0x0F, 0xF8, 0x01, 0xD0, 0x00, 0x00, 0x3F, 0xE0, 0x1F, 0x40, 0x00, 0x00,
    0xFF, 0xFF, 0xFD, 0x00, 0x00, 0x03, 0xFF, 0xFF, 0xF4, 0x00, 0x00, 0x0F, 0xF8, 0x07, 0xD0, 0x00,
    0x00, 0x3F, 0xE0, 0x07, 0x40, 0x00, 0x00, 0xFF, 0x80, 0x0D, 0x00, 0x3C, 0x03, 0xFE, 0x00, 0x00,
    0x00, 0xE0, 0x0F, 0xF8, 0x00, 0x00, 0x07, 0x40, 0x3F, 0xE0, 0x00, 0x00, 0x2D, 0x00, 0xFF, 0x80,
    0x00, 0x00, 0xF0, 0x03, 0xFE, 0x00, 0x00, 0x0F, 0xC0, 0x0F, 0xF8, 0x00, 0x06, 0xFF, 0x2F, 0xFF,
    0xFF, 0xFF, 0xFF, 0xF8, 0xBF, 0xFF, 0xFF, 0xFF, 0xFF, 0xD0, 0x0C, 0x00, 0x00, 0xD0, 0x0E, 0x00,
    0x01, 0xC0, 0x07, 0x90, 0x0B, 0x80, 0x02, 0xFF, 0xFE, 0x00, 0x00, 0x2F, 0xE4, 0x00, 0x00, 0x00,
    0x00, 0x00, 0x00, 0x6F, 0xF9, 0x00, 0x03, 0xF4, 0x0F, 0xC0, 0x0F, 0xD0, 0x03, 0xF0, 0x3F, 0xC0,
    0x01, 0xF8, 0x7F, 0x80, 0x00, 0xFC, 0xBF, 0x40, 0x00, 0xFC, 0xFF, 0x40, 0x00, 0xFD, 0xFF, 0xFF,
    0xFF, 0xFC, 0xFF, 0x40, 0x00, 0x00, 0xBF, 0x40, 0x00, 0x00, 0x7F, 0x80, 0x00, 0x00, 0x3F, 0xC0,
    0x00, 0x1C, 0x0F, 0xD0, 0x00, 0x3C, 0x02, 0xF8, 0x02, 0xE0, 0x00, 0x2F, 0xFE, 0x40, 0x00, 0x00,
    0x00, 0x00, 0x00, 0x00, 0x34, 0x01, 0xBF, 0xF9, 0x00, 0x00, 0x3E, 0x1F, 0xFF, 0xFF, 0xE0, 0x00,
    0x3F, 0xFE, 0x40, 0x1B, 0xFD, 0x00, 0x3F, 0xD0, 0x00, 0x01, 0xFF, 0x80, 0x3F, 0x00, 0x00, 0x00,
    0x3F, 0xD0, 0x3D, 0x00, 0x00, 0x00, 0x1F, 0xF0, 0x3C, 0x00, 0x00, 0x00, 0x0F, 0xF8, 0x14, 0x00,
    0x00, 0x00, 0x0F, 0xFC, 0x00, 0x00, 0x00, 0x00, 0x0B, 0xFD, 0x00, 0x00, 0x00, 0x00, 0x07, 0xFD,
    0x00, 0x00, 0x00, 0x00, 0x07, 0xFE, 0xFF, 0xFF, 0xFF, 0xFF, 0xFF, 0xFE, 0xFF, 0x80, 0x00, 0x00,
    0x07, 0xFE, 0xFF, 0x80, 0x00, 0x00, 0x0B, 0xFD, 0xBF, 0x80, 0x00, 0x00, 0x0B, 0xFC, 0xBF, 0xC0,
    0x00, 0x00, 0x0F, 0xFC, 0x3F, 0xC0, 0x00, 0x00, 0x0F, 0xF8, 0x3F, 0xD0, 0x00, 0x00, 0x1F, 0xF0,
    0x0F, 0xF0, 0x00, 0x00, 0x3F, 0xD0, 0x07, 0xF4, 0x00, 0x00, 0x7F, 0x80, 0x01, 0xFD, 0x00, 0x01,
    0xFD, 0x00, 0x00, 0x3F, 0x90, 0x1B, 0xE0, 0x00, 0x00, 0x01, 0xBF, 0xF9, 0x00, 0x00, 0x39, 0xBF,
    0xE4, 0x00, 0x3F, 0x80, 0x7F, 0x40, 0x3C, 0x00, 0x0F, 0xD0, 0x34, 0x00, 0x07, 0xF0, 0x10, 0x00,
    0x03, 0xF8, 0x00, 0x00, 0x03, 0xFC, 0x00, 0x00, 0x03, 0xFC, 0x00, 0x00, 0x03, 0xFD, 0xFF, 0xFF,
    0xFF, 0xFC, 0xFC, 0x00, 0x03, 0xFC, 0xFD, 0x00, 0x03, 0xFC, 0x7E, 0x00, 0x07, 0xF4, 0x3F, 0x00,
    0x0F, 0xE0, 0x0F, 0xD0, 0x7F, 0x40, 0x01, 0xBF, 0xE4, 0x00, 0x00, 0x01, 0xF4, 0x03, 0xE0, 0x00,
    0x00, 0x01, 0xFF, 0x43, 0xFE, 0x00, 0x00, 0x00, 0xBF, 0xD0, 0xFF, 0xC0, 0x00, 0x00, 0x1F, 0xF4,
    0x3F, 0xE0, 0x00, 0x00, 0x01, 0xF4, 0x03, 0xE0, 0x00, 0x00, 0x00, 0x00, 0x00, 0x00, 0x00, 0x03,
    0x40, 0x1B, 0xFF, 0xE4, 0x00, 0x00, 0xF8, 0x7F, 0xFF, 0xFF, 0xE0, 0x00, 0x3F, 0xFE, 0x40, 0x07,
    0xFF, 0x40, 0x0F, 0xF8, 0x00, 0x00, 0x1F, 0xF8, 0x03, 0xF4, 0x00, 0x00, 0x00, 0xFF, 0x80, 0xF8,
    0x00, 0x00, 0x00, 0x1F, 0xF0, 0x3C, 0x00, 0x00, 0x00, 0x03, 0xFF, 0x05, 0x00, 0x00, 0x00, 0x00,
    0xBF, 0xC0, 0x00, 0x00, 0x00, 0x00, 0x1F, 0xF4, 0x00, 0x00, 0x00, 0x00, 0x07, 0xFE, 0x00, 0x00,
    0x00, 0x00, 0x01, 0xFF, 0xBF, 0xFF, 0xFF, 0xFF, 0xFF, 0xFF, 0xEF, 0xF8, 0x00, 0x00, 0x00, 0x1F,
    0xFB, 0xFE, 0x00, 0x00, 0x00, 0x07, 0xFE, 0xBF, 0xC0, 0x00, 0x00, 0x01, 0xFF, 0x5F, 0xF0, 0x00,
    0x00, 0x00, 0xBF, 0xC3, 0xFC, 0x00, 0x00, 0x00, 0x3F, 0xE0, 0xBF, 0x80, 0x00, 0x00, 0x0F, 0xF0,
    0x0F, 0xF0, 0x00, 0x00, 0x0B, 0xF4, 0x01, 0xFE, 0x00, 0x00, 0x07, 0xF8, 0x00, 0x1F, 0xE0, 0x00,
    0x07, 0xF4, 0x00, 0x00, 0xBF, 0x40, 0x1F, 0xE0, 0x00, 0x00, 0x01, 0xBF, 0xFE, 0x40, 0x00, 0x00,
    0x07, 0xD0, 0x0F, 0x80, 0x1F, 0xF4, 0x3F, 0xE0, 0x2F, 0xF4, 0x3F, 0xF0, 0x1F, 0xF4, 0x3F, 0xE0,
    0x07, 0xD0, 0x0F, 0x80, 0x00, 0x00, 0x00, 0x00, 0x00, 0x00, 0x00, 0x00, 0x00, 0x00, 0x00, 0x00,
    0x39, 0xBF, 0xE4, 0x00, 0x3F, 0x80, 0x7F, 0x40, 0x3C, 0x00, 0x0F, 0xD0, 0x34, 0x00, 0x07, 0xF0,
    0x10, 0x00, 0x03, 0xF8, 0x00, 0x00, 0x03, 0xFC, 0x00, 0x00, 0x03, 0xFC, 0x00, 0x00, 0x03, 0xFD,
    0xFF, 0xFF, 0xFF, 0xFC, 0xFC, 0x00, 0x03, 0xFC, 0xFD, 0x00, 0x03, 0xFC, 0x7E, 0x00, 0x07, 0xF4,
    0x3F, 0x00, 0x0F, 0xE0, 0x0F, 0xD0, 0x7F, 0x40, 0x01, 0xBF, 0xE4, 0x00, 0x00, 0x00, 0x00, 0x00,
    0xBD, 0x01, 0xF8, 0x00, 0x00, 0x00, 0x00, 0x00, 0x00, 0x00, 0x07, 0xFC, 0x0F, 0xF8, 0x00, 0x00,
    0x00, 0x00, 0x00, 0x00, 0x00, 0x2F, 0xF4, 0x7F, 0xE0, 0x00, 0x00, 0x00, 0x00, 0x00, 0x00, 0x00,
    0x7F, 0xC0, 0xFF, 0x40, 0x00, 0x00, 0x00, 0x00, 0x00, 0x00, 0x00, 0xBD, 0x01, 0xF8, 0x00, 0x00,
    0x00, 0x00, 0x00, 0x00, 0x00, 0x00, 0x00, 0x00, 0x00, 0x00, 0x00, 0x00, 0x03, 0xFF, 0xFD, 0x00,
    0x1F, 0xFF, 0xFF, 0xD0, 0x01, 0xFF, 0xFF, 0x0F, 0xFF, 0xF4, 0x00, 0x7F, 0xFF, 0xFF, 0x40, 0x07,
    0xFF, 0xFC, 0x00, 0x7D, 0x00, 0x00, 0x03, 0xFF, 0x00, 0x00, 0x01, 0xF4, 0x00, 0x00, 0x3D, 0x00,
    0x00, 0x0F, 0xFC, 0x00, 0x00, 0x1F, 0x00, 0x00, 0x00, 0x3E, 0x00, 0x00, 0x3F, 0xF0, 0x00, 0x02,
    0xF0, 0x00, 0x00, 0x00, 0x2F, 0x00, 0x00, 0xFF, 0xC0, 0x00, 0x2E, 0x00, 0x00, 0x00, 0x00, 0x1F,
    0x00, 0x03, 0xFF, 0x00, 0x03, 0xD0, 0x00, 0x00, 0x00, 0x00, 0x0F, 0x40, 0x0F, 0xFC, 0x00, 0x7D,
    0x00, 0x00, 0x00, 0x00, 0x00, 0x0F, 0x80, 0x3F, 0xF0, 0x0B, 0xC0, 0x00, 0x00, 0x00, 0x00, 0x00,
    0x2F, 0x80, 0xFF, 0xC0, 0xBE, 0x00, 0x00, 0x00, 0x00, 0x00, 0x01, 0xFF, 0xC3, 0xFF, 0x0F, 0xFE,
    0x00, 0x00, 0x00, 0x00, 0x00, 0x1F, 0xFF, 0xDF, 0xFD, 0xFF, 0xFD, 0x00, 0x00, 0x00, 0x00, 0x00,
    0xFF, 0xC3, 0xFF, 0xFF, 0x0F, 0xFC, 0x00, 0x00, 0x00, 0x00, 0x0F, 0xFD, 0x02, 0xFF, 0xE0, 0x1F,
    0xFC, 0x00, 0x00, 0x00, 0x00, 0xBF, 0xE0, 0x03, 0xFF, 0x00, 0x2F, 0xF8, 0x00, 0x00, 0x00, 0x07,
    0xFF, 0x00, 0x0F, 0xFC, 0x00, 0x3F, 0xF4, 0x00, 0x00, 0x00, 0x3F, 0xF0, 0x00, 0x3F, 0xF0, 0x00,
    0x3F, 0xF0, 0x00, 0x00, 0x03, 0xFF, 0x40, 0x00, 0xFF, 0xC0, 0x00, 0x3F, 0xF0, 0x00, 0x00, 0x2F,
    0xF4, 0x00, 0x03, 0xFF, 0x00, 0x00, 0x7F, 0xF0, 0x00, 0x02, 0xFF, 0x80, 0x00, 0x0F, 0xFC, 0x00,
    0x00, 0xBF, 0xE0, 0x00, 0x1F, 0xFC, 0x00, 0x00, 0x3F, 0xF0, 0x00, 0x00, 0xFF, 0xD0, 0x1F, 0xFF,
    0xFF, 0x00, 0x7F, 0xFF, 0xFF, 0x40, 0x3F, 0xFF, 0xFD, 0x7F, 0xFF, 0xFC, 0x01, 0xFF, 0xFF, 0xFD,
    0x00, 0xFF, 0xFF, 0xF4, 0x00, 0x00, 0x07, 0xD0, 0x0F, 0x80, 0x00, 0x00, 0x00, 0x00, 0x7F, 0xD0,
    0xFF, 0x80, 0x00, 0x00, 0x00, 0x01, 0xFF, 0x83, 0xFF, 0x00, 0x00, 0x00, 0x00, 0x07, 0xFD, 0x0F,
    0xF8, 0x00, 0x00, 0x00, 0x00, 0x07, 0xD0, 0x0F, 0x80, 0x00, 0x00, 0x00, 0x00, 0x00, 0x00, 0x00,
    0x00, 0x00, 0x00, 0x00, 0x00, 0x00, 0x00, 0x00, 0x00, 0x00, 0x00, 0x00, 0x00, 0x00, 0x00, 0x00,
    0x00, 0x00, 0x2F, 0xFD, 0x01, 0xFF, 0xFF, 0x00, 0xFF, 0xF0, 0x07, 0xF0, 0x00, 0x3F, 0x80, 0x01,
    0xF8, 0x00, 0x02, 0xF0, 0x00, 0xFD, 0x00, 0x1F, 0x40, 0x00, 0x01, 0xF4, 0x03, 0xF4, 0x02, 0xF0,
    0x00, 0x00, 0x00, 0xF8, 0x0F, 0xD0, 0x3E, 0x00, 0x00, 0x00, 0x00, 0xFC, 0x3F, 0x47, 0xE0, 0x00,
    0x00, 0x00, 0x07, 0xFD, 0xFE, 0xBF, 0xC0, 0x00, 0x00, 0x00, 0x3F, 0xFF, 0xFF, 0xFF, 0xC0, 0x00,
    0x00, 0x03, 0xFC, 0x2F, 0xF4, 0xBF, 0x80, 0x00, 0x00, 0x3F, 0xD0, 0x3F, 0x80, 0xFF, 0x40, 0x00,
    0x02, 0xFE, 0x00, 0xFD, 0x00, 0xFF, 0x40, 0x00, 0x2F, 0xE0, 0x03, 0xF4, 0x00, 0xFF, 0x00, 0x01,
    0xFF, 0x00, 0x0F, 0xD0, 0x01, 0xFF, 0x00, 0x1F, 0xF4, 0x00, 0x3F, 0x80, 0x03, 0xFF, 0x07, 0xFF,
    0xF0, 0x1F, 0xFF, 0xF0, 0x2F, 0xFF, 0xC0, 0x00, 0x2F, 0x40, 0x7E, 0x00, 0x00, 0x1F, 0xF0, 0x3F,
    0xE0, 0x00, 0x0B, 0xFD, 0x0F, 0xFC, 0x00, 0x01, 0xFF, 0x03, 0xFE, 0x00, 0x00, 0x2F, 0x40, 0x7E,
    0x00, 0x00, 0x00, 0x00, 0x00, 0x00, 0x02, 0x80, 0x6F, 0xFE, 0x40, 0x00, 0xBD, 0xFF, 0xFF, 0xFE,
    0x00, 0x2F, 0xF9, 0x00, 0x7F, 0xE0, 0x0B, 0xF0, 0x00, 0x03, 0xFE, 0x02, 0xF0, 0x00, 0x00, 0xBF,
    0xC0, 0xB8, 0x00, 0x00, 0x1F, 0xF4, 0x2D, 0x00, 0x00, 0x03, 0xFE, 0x0B, 0x00, 0x00, 0x01, 0xFF,
    0x40, 0x00, 0x00, 0x00, 0xBF, 0xC0, 0x00, 0x00, 0x00, 0x7F, 0xC0, 0x00, 0x00, 0x00, 0xBF, 0x80,
    0x00, 0x01, 0xFF, 0xFE, 0x00, 0x00, 0x00, 0x00, 0x07, 0xFD, 0x00, 0x00, 0x00, 0x00, 0x2F, 0xF0,
    0x00, 0x00, 0x00, 0x03, 0xFF, 0x00, 0x00, 0x00, 0x00, 0x7F, 0xD3, 0x80, 0x00, 0x00, 0x1F, 0xF8,
    0xF0, 0x00, 0x00, 0x07, 0xFD, 0x3C, 0x00, 0x00, 0x03, 0xFF, 0x07, 0xC0, 0x00, 0x02, 0xFF, 0x80,
    0xBE, 0x40, 0x07, 0xFF, 0x80, 0x07, 0xFF, 0xFF, 0xFF, 0x40, 0x00, 0x1B, 0xFF, 0xE4, 0x00, 0x00,
    0x02, 0xF4, 0x07, 0xE0, 0x0B, 0xFC, 0x0F, 0xF4, 0x0F, 0xFC, 0x1F, 0xF8, 0x0B, 0xFC, 0x0F, 0xF4,
    0x02, 0xF4, 0x07, 0xE0, 0x00, 0x00, 0x00, 0x00, 0x00, 0x00, 0x00, 0x00, 0x00, 0x00, 0x00, 0x00,
    0x39, 0xBF, 0xFE, 0x40, 0x3F, 0x80, 0x1F, 0xF0, 0x3D, 0x00, 0x03, 0xFC, 0x3C, 0x00, 0x03, 0xFC,
    0x00, 0x00, 0x03, 0xFC, 0x00, 0x00, 0x1F, 0xE0, 0x00, 0x2F, 0xFF, 0x40, 0x00, 0x00, 0x1F, 0xE0,
    0x00, 0x00, 0x03, 0xFC, 0x00, 0x00, 0x02, 0xFD, 0x00, 0x00, 0x02, 0xFE, 0x34, 0x00, 0x02, 0xFD,
    0x38, 0x00, 0x03, 0xFC, 0x0F, 0x40, 0x1F, 0xF0, 0x01, 0xBF, 0xFE, 0x40, 0x2F, 0xFF, 0xFF, 0xFF,
    0xF0, 0xBF, 0xFF, 0xFF, 0xFF, 0xD3, 0xFF, 0xFF, 0xFF, 0xFF, 0x4F, 0xF4, 0x00, 0x00, 0x7C, 0x3E,
    0x00, 0x00, 0x0F, 0xD0, 0xF0, 0x00, 0x01, 0xF8, 0x07, 0x40, 0x00, 0x2F, 0x40, 0x1C, 0x00, 0x03,
    0xE0, 0x00, 0x00, 0x00, 0x7D, 0x00, 0x00, 0x00, 0x0F, 0xD0, 0x00, 0x00, 0x00, 0xFF, 0xFE, 0x40,
    0x00, 0x02, 0x45, 0xFF, 0xC0, 0x00, 0x00, 0x00, 0x7F, 0xC0, 0x00, 0x00, 0x00, 0xFF, 0x80, 0x00,
    0x00, 0x02, 0xFF, 0x00, 0x00, 0x00, 0x0B, 0xFD, 0x00, 0x00, 0x00, 0x2F, 0xF4, 0x7E, 0x00, 0x00,
    0xBF, 0xD7, 0xFD, 0x00, 0x02, 0xFF, 0x1F, 0xF8, 0x00, 0x0F, 0xF8, 0x3F, 0xC0, 0x00, 0x7F, 0x80,
    0xBE, 0x00, 0x0B, 0xF4, 0x00, 0x2F, 0xFF, 0xF9, 0x00, 0x00, 0x3F, 0xFF, 0xFF, 0xF0, 0xFF, 0xFF,
    0xFF, 0xC7, 0xE4, 0x00, 0x1F, 0x1E, 0x00, 0x01, 0xF0, 0x70, 0x00, 0x1F, 0x00, 0x00, 0x01, 0xF0,
    0x00, 0x00, 0x1F, 0x00, 0x00, 0x01, 0xF0, 0x00, 0x00, 0x1F, 0x40, 0x00, 0x01, 0xFF, 0xE0, 0x00,
    0x0F, 0x5F, 0xF4, 0x00, 0x00, 0x0B, 0xF0, 0x00, 0x00, 0x1F, 0xE0, 0x00, 0x00, 0x3F, 0xC0, 0x00,
    0x00, 0xFF, 0x00, 0x00, 0x03, 0xFC, 0x2E, 0x00, 0x0F, 0xF1, 0xFD, 0x00, 0x3F, 0xC7, 0xF0, 0x01,
    0xFD, 0x0F, 0x40, 0x0B, 0xF0, 0x0F, 0x40, 0x7F, 0x00, 0x06, 0xFF, 0x90, 0x00, 0x00, 0x02, 0xFF,
    0xFF, 0xFF, 0x40, 0x00, 0x00, 0x00, 0x00, 0x00, 0x00, 0x00, 0x00, 0x00, 0x00, 0x00, 0x00, 0x00,
    0x00, 0x00, 0x00, 0x00, 0x00, 0x00, 0x00, 0x00, 0x00, 0x00, 0x00, 0x00, 0x00, 0x00, 0x00, 0x00,
    0x00, 0x00, 0x00, 0x00, 0x00, 0x00, 0x00, 0xBF, 0xFF, 0xFF, 0x01, 0xFF, 0xFF, 0xFD, 0x00, 0xFF,
    0x80, 0x00, 0x03, 0xFF, 0x00, 0x00, 0xFF, 0x80, 0x00, 0x0F, 0xFF, 0x00, 0x00, 0xFF, 0x80, 0x00,
    0x1F, 0xFF, 0x00, 0x00, 0xFF, 0x80, 0x00, 0x3F, 0xFF, 0x00, 0x00, 0xFF, 0x80, 0x00, 0xB7, 0xFF,
    0x00, 0x00, 0xFF, 0x80, 0x01, 0xE3, 0xFF, 0x00, 0x00, 0xFF, 0x80, 0x03, 0xC3, 0xFF, 0x00, 0x00,
    0xFF, 0x80, 0x0B, 0x43, 0xFF, 0x00, 0x00, 0xFF, 0x80, 0x0F, 0x03, 0xFF, 0x00, 0x00, 0xFF, 0x80,
    0x3C, 0x03, 0xFF, 0x00, 0x00, 0xFF, 0x80, 0x78, 0x03, 0xFF, 0x00, 0x00, 0xFF, 0x80, 0xF0, 0x03,
    0xFF, 0x00, 0x00, 0xFF, 0x82, 0xD0, 0x03, 0xFF, 0x00, 0x00, 0xFF, 0x87, 0x80, 0x03, 0xFF, 0x00,
    0x00, 0xFF, 0x8F, 0x00, 0x03, 0xFF, 0x00, 0x00, 0xFF, 0xAD, 0x00, 0x03, 0xFF, 0x00, 0x00, 0xFF,
    0xFC, 0x00, 0x03, 0xFF, 0x00, 0x00, 0xFF, 0xF0, 0x00, 0x03, 0xFF, 0x00, 0x00, 0xFF, 0xE0, 0x00,
    0x03, 0xFF, 0x00, 0x00, 0xFF, 0xC0, 0x00, 0x03, 0xFF, 0x00, 0xBF, 0xFF, 0xFF, 0x01, 0xFF, 0xFF,
    0xFD, 0xBF, 0xFF, 0xFF, 0x01, 0xFF, 0xFF, 0xFD, 0x01, 0xFF, 0xFF, 0xFD, 0x00, 0x00, 0x00, 0x00,
    0x00, 0x00, 0x00, 0x00, 0x00, 0x00, 0x00, 0x00, 0x00, 0x00, 0x00, 0x00, 0x00, 0x00, 0x00, 0x00,
    0x00, 0x00, 0x00, 0x00, 0x00, 0x00, 0x00, 0x00, 0x00, 0x00, 0x00, 0x00, 0x00, 0x00, 0xFF, 0xFF,
    0x47, 0xFF, 0xFC, 0x2F, 0xD0, 0x01, 0xFF, 0x00, 0xBF, 0x00, 0x0F, 0xF8, 0x02, 0xFC, 0x00, 0xBF,
    0xE0, 0x0B, 0xF0, 0x03, 0xBF, 0x80, 0x2F, 0xC0, 0x38, 0xFE, 0x00, 0xBF, 0x02, 0xC3, 0xF8, 0x02,
    0xFC, 0x1D, 0x0F, 0xE0, 0x0B, 0xF0, 0xE0, 0x3F, 0x80, 0x2F, 0xCB, 0x00, 0xFE, 0x00, 0xBF, 0x74,
    0x03, 0xF8, 0x02, 0xFF, 0x80, 0x0F, 0xE0, 0x0B, 0xFC, 0x00, 0x3F, 0x80, 0x2F, 0xD0, 0x00, 0xFF,
    0x0F, 0xFF, 0xF4, 0x7F, 0xFF, 0xC0, 0x00, 0x00, 0x7E, 0x00, 0xBC, 0x00, 0x00, 0x00, 0x00, 0xFF,
    0x42, 0xFF, 0x00, 0x00, 0x00, 0x01, 0xFF, 0x83, 0xFF, 0x00, 0x00, 0x00, 0x00, 0xFF, 0x42, 0xFF,
    0x00, 0x00, 0x00, 0x00, 0x7E, 0x00, 0xBC, 0x00, 0x00, 0x00, 0x00, 0x00, 0x00, 0x00, 0x00, 0x00,
    0xBF, 0xFF, 0xFF, 0x01, 0xFF, 0xFF, 0xFD, 0x00, 0xFF, 0x80, 0x00, 0x03, 0xFF, 0x00, 0x00, 0xFF,
    0x80, 0x00, 0x0F, 0xFF, 0x00, 0x00, 0xFF, 0x80, 0x00, 0x1F, 0xFF, 0x00, 0x00, 0xFF, 0x80, 0x00,
    0x3F, 0xFF, 0x00, 0x00, 0xFF, 0x80, 0x00, 0xB7, 0xFF, 0x00, 0x00, 0xFF, 0x80, 0x01, 0xE3, 0xFF,
    0x00, 0x00, 0xFF, 0x80, 0x03, 0xC3, 0xFF, 0x00, 0x00, 0xFF, 0x80, 0x0B, 0x43, 0xFF, 0x00, 0x00,
    0xFF, 0x80, 0x0F, 0x03, 0xFF, 0x00, 0x00, 0xFF, 0x80, 0x3C, 0x03, 0xFF, 0x00, 0x00, 0xFF, 0x80,
    0x78, 0x03, 0xFF, 0x00, 0x00, 0xFF, 0x80, 0xF0, 0x03, 0xFF, 0x00, 0x00, 0xFF, 0x82, 0xD0, 0x03,
    0xFF, 0x00, 0x00, 0xFF, 0x87, 0x80, 0x03, 0xFF, 0x00, 0x00, 0xFF, 0x8F, 0x00, 0x03, 0xFF, 0x00,
    0x00, 0xFF, 0xAD, 0x00, 0x03, 0xFF, 0x00, 0x00, 0xFF, 0xFC, 0x00, 0x03, 0xFF, 0x00, 0x00, 0xFF,
    0xF0, 0x00, 0x03, 0xFF, 0x00, 0x00, 0xFF, 0xE0, 0x00, 0x03, 0xFF, 0x00, 0x00, 0xFF, 0xC0, 0x00,
    0x03, 0xFF, 0x00, 0xBF, 0xFF, 0xFF, 0x01, 0xFF, 0xFF, 0xFD, 0xBF, 0xFF, 0xFF, 0x01, 0xFF, 0xFF,
    0xFD, 0x00, 0xBD, 0x01, 0xF8, 0x00, 0x07, 0xFC, 0x0F, 0xF8, 0x00, 0x2F, 0xF4, 0x7F, 0xE0, 0x00,
    0x7F, 0xC0, 0xFF, 0x80, 0x00, 0xBD, 0x01, 0xF8, 0x00, 0x00, 0x00, 0x00, 0x00, 0x00, 0x00, 0x00,
    0x00, 0x00, 0x00, 0x00, 0x00, 0x00, 0x00, 0xFF, 0xFF, 0x47, 0xFF, 0xFC, 0x2F, 0xD0, 0x01, 0xFF,
    0x00, 0xBF, 0x00, 0x0F, 0xF8, 0x02, 0xFC, 0x00, 0xBF, 0xE0, 0x0B, 0xF0, 0x07, 0xBF, 0x80, 0x2F,
    0xC0, 0x38, 0xFE, 0x00, 0xBF, 0x02, 0xC3, 0xF8, 0x02, 0xFC, 0x1D, 0x0F, 0xE0, 0x0B, 0xF0, 0xE0,
    0x3F, 0x80, 0x2F, 0xCB, 0x00, 0xFE, 0x00, 0xBF, 0x74, 0x03, 0xF8, 0x02, 0xFF, 0x80, 0x0F, 0xE0,
    0x0B, 0xFC, 0x00, 0x3F, 0x80, 0x2F, 0xD0, 0x00, 0xFF, 0x0F, 0xFF, 0xF4, 0x7F, 0xFF, 0xC0, 0x00,
    0x02, 0xF0, 0x0B, 0xD0, 0x00, 0x00, 0x03, 0xFF, 0x07, 0xFC, 0x00, 0x00, 0x00, 0xFF, 0xC2, 0xFF,
    0x40, 0x00, 0x00, 0x3F, 0xF0, 0x7F, 0xC0, 0x00, 0x00, 0x03, 0xF0, 0x0B, 0xD0, 0x00, 0x00, 0x00,
    0x00, 0x00, 0x00, 0x00, 0x00, 0x00, 0x0B, 0xFF, 0xE4, 0x00, 0x00, 0x00, 0x7F, 0x90, 0x1F, 0xE0,
    0x00, 0x00, 0xBF, 0x00, 0x00, 0xBF, 0x00, 0x00, 0xFF, 0x00, 0x00, 0x0B, 0xF4, 0x00, 0xBF, 0x40,
    0x00, 0x00, 0xFF, 0x00, 0x7F, 0xC0, 0x00, 0x00, 0x1F, 0xF0, 0x3F, 0xE0, 0x00, 0x00, 0x03, 0xFD,
    0x0F, 0xF4, 0x00, 0x00, 0x00, 0xFF, 0x8B, 0xFD, 0x00, 0x00, 0x00, 0x3F, 0xF2, 0xFF, 0x00, 0x00,
    0x00, 0x0F, 0xFC, 0xFF, 0xC0, 0x00, 0x00, 0x02, 0xFF, 0x7F, 0xF0, 0x00, 0x00, 0x00, 0xBF, 0xDF,
    0xFC, 0x00, 0x00, 0x00, 0x2F, 0xF6, 0xFF, 0x40, 0x00, 0x00, 0x0F, 0xFC, 0xBF, 0xD0, 0x00, 0x00,
    0x03, 0xFF, 0x1F, 0xF8, 0x00, 0x00, 0x00, 0xFF, 0xC3, 0xFF, 0x00, 0x00, 0x00, 0x7F, 0xD0, 0x7F,
    0xC0, 0x00, 0x00, 0x2F, 0xF0, 0x0F, 0xF8, 0x00, 0x00, 0x0F, 0xF4, 0x00, 0xFF, 0x00, 0x00, 0x0B,
    0xF4, 0x00, 0x0B, 0xF4, 0x00, 0x0B, 0xF4, 0x00, 0x00, 0x7F, 0x90, 0x1F, 0xE0, 0x00, 0x00, 0x01,
    0xBF, 0xFE, 0x40, 0x00, 0x00, 0x02, 0xF4, 0x07, 0xE0, 0x02, 0xFF, 0x03, 0xFD, 0x00, 0xBF, 0xD1,
    0xFF, 0x80, 0x2F, 0xF0, 0x3F, 0xD0, 0x02, 0xF4, 0x07, 0xE0, 0x00, 0x00, 0x00, 0x00, 0x00, 0x00,
    0x00, 0x00, 0x00, 0x00, 0x00, 0x00, 0x00, 0x00, 0x2F, 0xFE, 0x00, 0x00, 0xBD, 0x01, 0xF8, 0x00,
    0xFC, 0x00, 0x0F, 0xC0, 0xBE, 0x00, 0x02, 0xF8, 0x7F, 0x40, 0x00, 0xBF, 0x2F, 0xD0, 0x00, 0x1F,
    0xEF, 0xF4, 0x00, 0x07, 0xFF, 0xFD, 0x00, 0x01, 0xFF, 0xFF, 0x40, 0x00, 0x7F, 0xEF, 0xD0, 0x00,
    0x1F, 0xE7, 0xF4, 0x00, 0x0B, 0xF4, 0xFE, 0x00, 0x03, 0xFC, 0x0F, 0xC0, 0x01, 0xFC, 0x00, 0xFD,
    0x01, 0xFC, 0x00, 0x06, 0xFF, 0xE4, 0x00, 0x00, 0x01, 0xBF, 0xFE, 0x40, 0x00, 0x00, 0x07, 0xF8,
    0x01, 0xFE, 0x00, 0x00, 0x0B, 0xF0, 0x00, 0x0B, 0xF0, 0x00, 0x0F, 0xF0, 0x00, 0x00, 0xBF, 0x40,
    0x0B, 0xF4, 0x00, 0x00, 0x0F, 0xF0, 0x07, 0xFC, 0x00, 0x00, 0x01, 0xFF, 0x03, 0xFE, 0x00, 0x00,
    0x00, 0x3F, 0xD0, 0xFF, 0x40, 0x00, 0x00, 0x0F, 0xF8, 0xBF, 0xD0, 0x00, 0x00, 0x03, 0xFF, 0x2F,
    0xF5, 0xBF, 0xD0, 0x00, 0xFF, 0xCF, 0xFF, 0xFF, 0xFF, 0x90, 0x7F, 0xF7, 0xFF, 0x80, 0xBF, 0xFF,
    0xFF, 0xFD, 0xFF, 0xC0, 0x01, 0xBF, 0xE2, 0xFF, 0x7F, 0xF0, 0x00, 0x00, 0x00, 0xFF, 0xCB, 0xFD,
    0x00, 0x00, 0x00, 0x3F, 0xF1, 0xFF, 0x40, 0x00, 0x00, 0x0F, 0xFC, 0x3F, 0xE0, 0x00, 0x00, 0x07,
    0xFD, 0x07, 0xFC, 0x00, 0x00, 0x02, 0xFF, 0x00, 0xFF, 0x40, 0x00, 0x00, 0xFF, 0x40, 0x0F, 0xF0,
    0x00, 0x00, 0xBF, 0x40, 0x00, 0xFF, 0x00, 0x00, 0xBF, 0x40, 0x00, 0x07, 0xF8, 0x01, 0xFE, 0x00,
    0x00, 0x00, 0x1B, 0xFF, 0xE4, 0x00, 0x00, 0x00, 0x2F, 0xFE, 0x00, 0x00, 0xBD, 0x01, 0xF8, 0x00,
    0xFC, 0x00, 0x0F, 0xC0, 0xBE, 0x00, 0x02, 0xF8, 0x7F, 0x40, 0x00, 0x7F, 0x2F, 0xEB, 0xD0, 0x1F,
    0xEF, 0xFF, 0xFF, 0x0F, 0xFF, 0xFD, 0x3F, 0xFF, 0xFF, 0xFF, 0x42, 0xF8, 0x7F, 0xFF, 0xD0, 0x00,
    0x1F, 0xEB, 0xF4, 0x00, 0x0B, 0xF4, 0xFE, 0x00, 0x03, 0xFC, 0x1F, 0xC0, 0x00, 0xFC, 0x00, 0xFD,
    0x01, 0xFC, 0x00, 0x06, 0xFF, 0xE4, 0x00, 0x00, 0x02, 0xF0, 0x0B, 0xD0, 0x00, 0x00, 0x03, 0xFF,
    0x07, 0xFC, 0x00, 0x00, 0x00, 0xFF, 0xC2, 0xFF, 0x40, 0x00, 0x00, 0x3F, 0xF0, 0x7F, 0xC0, 0x00,
    0x00, 0x03, 0xF0, 0x0B, 0xD0, 0x00, 0x00, 0x00, 0x00, 0x00, 0x00, 0x00, 0x00, 0x00, 0x1B, 0xFF,
    0xE4, 0x00, 0x00, 0x00, 0x7F, 0x80, 0x1F, 0xE0, 0x00, 0x00, 0xBF, 0x00, 0x00, 0xBF, 0x00, 0x00,
    0xFF, 0x00, 0x00, 0x0B, 0xF4, 0x00, 0xBF, 0x40, 0x00, 0x00, 0xFF, 0x00, 0x7F, 0xC0, 0x00, 0x00,
    0x1F, 0xF0, 0x3F, 0xE0, 0x00, 0x00, 0x03, 0xFD, 0x0F, 0xF4, 0x00, 0x00, 0x00, 0xFF, 0x8B, 0xFD,
    0x00, 0x00, 0x00, 0x3F, 0xF2, 0xFF, 0x5B, 0xFD, 0x00, 0x0F, 0xFC, 0xFF, 0xFF, 0xFF, 0xF9, 0x07,
    0xFF, 0x7F, 0xF8, 0x0B, 0xFF, 0xFF, 0xFF, 0xDF, 0xFC, 0x00, 0x1B, 0xFE, 0x2F, 0xF7, 0xFF, 0x00,
    0x00, 0x00, 0x0F, 0xFC, 0xBF, 0xD0, 0x00, 0x00, 0x03, 0xFF, 0x1F, 0xF4, 0x00, 0x00, 0x00, 0xFF,
    0xC3, 0xFE, 0x00, 0x00, 0x00, 0x7F, 0xD0, 0x7F, 0xC0, 0x00, 0x00, 0x2F, 0xF0, 0x0F, 0xF4, 0x00,
    0x00, 0x0F, 0xF4, 0x00, 0xFF, 0x00, 0x00, 0x0B, 0xF4, 0x00, 0x0F, 0xF0, 0x00, 0x0B, 0xF4, 0x00,
    0x00, 0x7F, 0x80, 0x1F, 0xE0, 0x00, 0x00, 0x01, 0xBF, 0xFE, 0x40, 0x00, 0x00, 0x02, 0xF4, 0x07,
    0xE0, 0x02, 0xFF, 0x03, 0xFD, 0x00, 0xBF, 0xD1, 0xFF, 0x80, 0x2F, 0xF0, 0x3F, 0xD0, 0x02, 0xF4,
    0x07, 0xE0, 0x00, 0x00, 0x00, 0x00, 0x00, 0x00, 0x00, 0x00, 0x00, 0x00, 0x00, 0x00, 0x00, 0x00,
    0x2F, 0xFE, 0x00, 0x00, 0xBD, 0x01, 0xF8, 0x00, 0xFC, 0x00, 0x0F, 0xC0, 0xBE, 0x00, 0x02, 0xF8,
    0x7F, 0x40, 0x00, 0x7F, 0x2F, 0xEB, 0xD0, 0x1F, 0xEF, 0xFF, 0xFF, 0x0F, 0xFF, 0xFD, 0x3F, 0xFF,
    0xFF, 0xFF, 0x42, 0xF8, 0x7F, 0xFF, 0xD0, 0x00, 0x1F, 0xEB, 0xF4, 0x00, 0x0B, 0xF4, 0xFE, 0x00,
    0x03, 0xFC, 0x1F, 0xC0, 0x00, 0xFC, 0x00, 0xFD, 0x01, 0xFC, 0x00, 0x06, 0xFF, 0xE4, 0x00, 0x00,
    0x7E, 0x00, 0xBC, 0x00, 0x00, 0x00, 0xFF, 0x42, 0xFF, 0x00, 0x00, 0x01, 0xFF, 0x83, 0xFF, 0x00,
    0x00, 0x00, 0xFF, 0x42, 0xFF, 0x00, 0x00, 0x00, 0x7E, 0x00, 0xBC, 0x00, 0x00, 0x00, 0x00, 0x00,
    0x00, 0x00, 0x00, 0x90, 0x06, 0xFF, 0xE4, 0x00, 0x00, 0xF8, 0x7F, 0xFF, 0xFF, 0x90, 0x00, 0xFF,
    0xF4, 0x01, 0xBF, 0xF8, 0x00, 0xFF, 0x40, 0x00, 0x07, 0xFF, 0x00, 0xFC, 0x00, 0x00, 0x00, 0xFF,
    0xC0, 0xF8, 0x00, 0x00, 0x00, 0x7F, 0xE0, 0xF0, 0x00, 0x00, 0x00, 0x2F, 0xF0, 0xA0, 0x00, 0x00,
    0x00, 0x1F, 0xF8, 0x00, 0x00, 0x00, 0x00, 0x0F, 0xFC, 0x00, 0x00, 0x00, 0x00, 0x0F, 0xFC, 0x00,
    0x6F, 0xF4, 0x00, 0x0F, 0xFC, 0x02, 0xFF, 0xFF, 0x90, 0x6F, 0xFD, 0x00, 0x07, 0xFF, 0xFF, 0xFF,
    0xFC, 0x00, 0x00, 0x7F, 0xFF, 0xDF, 0xFC, 0x00, 0x00, 0x0B, 0xF9, 0x0F, 0xFC, 0x00, 0x00, 0x00,
    0x00, 0x1F, 0xF8, 0xE0, 0x00, 0x00, 0x00, 0x3F, 0xF0, 0xF0, 0x00, 0x00, 0x00, 0x7F, 0xE0, 0xB4,
    0x00, 0x00, 0x00, 0xFF, 0xC0, 0x3D, 0x00, 0x00, 0x07, 0xFF, 0x00, 0x0F, 0xE4, 0x01, 0xBF, 0xF8,
    0x00, 0x02, 0xFF, 0xFF, 0xFF, 0x90, 0x00, 0x00, 0x1B, 0xFF, 0xE4, 0x00, 0x00, 0x0B, 0xC0, 0x1F,
    0x80, 0xBF, 0xC0, 0xFF, 0x43, 0xFF, 0x07, 0xFE, 0x0B, 0xFC, 0x0F, 0xF4, 0x0B, 0xD0, 0x1F, 0x80,
    0x00, 0x00, 0x00, 0x00, 0x00, 0x00, 0x00, 0x00, 0x00, 0x00, 0x00, 0xA6, 0xFF, 0xE0, 0x03, 0xF9,
    0x02, 0xF8, 0x0F, 0x40, 0x02, 0xFC, 0x38, 0x00, 0x03, 0xF8, 0x00, 0x00, 0x0F, 0xF0, 0x0B, 0xE0,
    0x2F, 0xD0, 0xFF, 0xF4, 0xFF, 0x40, 0x3F, 0xFF, 0xFE, 0x00, 0x2F, 0x8B, 0xF4, 0x00, 0x00, 0x3F,
    0xD0, 0x00, 0x00, 0xFF, 0x38, 0x00, 0x07, 0xF8, 0x74, 0x00, 0x3F, 0xC0, 0x78, 0x07, 0xF8, 0x00,
    0x2F, 0xFE, 0x00, 0x00, 0x00, 0x01, 0xFF, 0xFF, 0xFF, 0x40, 0x00, 0x00, 0x00, 0x00, 0x00, 0x00,
    0x00, 0x00, 0x00, 0x00, 0x00, 0x00, 0x00, 0x00, 0x00, 0x00, 0x00, 0x00, 0x00, 0x00, 0x00, 0x00,
    0x00, 0x00, 0x00, 0x00, 0x00, 0x00, 0x00, 0x00, 0x00, 0x00, 0x00, 0x00, 0x0F, 0xFF, 0xFF, 0xC0,
    0x00, 0x3F, 0xFF, 0xFF, 0xFF, 0xFF, 0x00, 0x00, 0xFF, 0xFF, 0x02, 0xFF, 0x80, 0x00, 0x00, 0x1F,
    0x00, 0x03, 0xFF, 0x40, 0x00, 0x00, 0xB4, 0x00, 0x03, 0xFF, 0x00, 0x00, 0x03, 0xC0, 0x00, 0x07,
    0xFE, 0x00, 0x00, 0x2D, 0x00, 0x00, 0x0B, 0xFD, 0x00, 0x00, 0xF0, 0x00, 0x00, 0x0F, 0xFC, 0x00,
    0x07, 0x80, 0x00, 0x00, 0x1F, 0xFC, 0x00, 0x3C, 0x00, 0x00, 0x00, 0x2F, 0xF8, 0x01, 0xE0, 0x00,
    0x00, 0x00, 0x3F, 0xF4, 0x0B, 0x40, 0x00, 0x00, 0x00, 0x3F, 0xF0, 0x3C, 0x00, 0x00, 0x00, 0x00,
    0xBF, 0xE2, 0xD0, 0x00, 0x00, 0x00, 0x00, 0xFF, 0xDF, 0x00, 0x00, 0x00, 0x00, 0x00, 0xFF, 0xF8,
    0x00, 0x00, 0x00, 0x00, 0x01, 0xFF, 0xC0, 0x00, 0x00, 0x00, 0x00, 0x02, 0xFE, 0x00, 0x00, 0x00,
    0x07, 0xE0, 0x03, 0xF0, 0x00, 0x00, 0x00, 0x3F, 0xE0, 0x0B, 0x80, 0x00, 0x00, 0x01, 0xFF, 0x80,
    0x7C, 0x00, 0x00, 0x00, 0x03, 0xF8, 0x1B, 0xC0, 0x00, 0x00, 0x00, 0x07, 0xFF, 0xFC, 0x00, 0x00,
    0x00, 0x00, 0x02, 0xFE, 0x40, 0x00, 0x00, 0x00, 0x00, 0x7F, 0xFF, 0xFF, 0x40, 0x00, 0x00, 0x00,
    0x00, 0x00, 0x00, 0x00, 0x00, 0x00, 0x00, 0x00, 0x00, 0x00, 0x00, 0x00, 0x00, 0x00, 0x00, 0x00,
    0x00, 0x00, 0x00, 0x00, 0x00, 0x00, 0x00, 0x00, 0x00, 0x00, 0x00, 0x00, 0x00, 0x00, 0x00, 0x00,
    0x3F, 0xFF, 0x80, 0x1F, 0xFC, 0x03, 0xFC, 0x00, 0x03, 0xD0, 0x02, 0xFD, 0x00, 0x03, 0x80, 0x00,
    0xFF, 0x00, 0x0B, 0x00, 0x00, 0xBF, 0x40, 0x0E, 0x00, 0x00, 0x3F, 0x80, 0x2C, 0x00, 0x00, 0x3F,
    0xC0, 0x3C, 0x00, 0x00, 0x1F, 0xE0, 0x74, 0x00, 0x00, 0x0F, 0xF0, 0xF0, 0x00, 0x00, 0x07, 0xF9,
    0xD0, 0x00, 0x00, 0x03, 0xFF, 0xC0, 0x00, 0x00, 0x02, 0xFF, 0x80, 0x00, 0x00, 0x00, 0xFF, 0x00,
    0x00, 0x00, 0x00, 0xBE, 0x00, 0x00, 0x00, 0x00, 0x3C, 0x00, 0x00, 0x00, 0x00, 0x3C, 0x00, 0x00,
    0x00, 0x00, 0x74, 0x00, 0x00, 0x00, 0x00, 0xF0, 0x00, 0x00, 0x2F, 0x01, 0xD0, 0x00, 0x00, 0x3F,
    0x83, 0x80, 0x00, 0x00, 0x3F, 0x1E, 0x00, 0x00, 0x00, 0x0B, 0xF4, 0x00, 0x00, 0x00, 0x00, 0x00,
    0x3E, 0x00, 0xBD, 0x00, 0x00, 0x00, 0x03, 0xFE, 0x07, 0xFC, 0x00, 0x00, 0x00, 0x0F, 0xFC, 0x2F,
    0xF4, 0x00, 0x00, 0x00, 0x3F, 0xE0, 0x7F, 0xC0, 0x00, 0x00, 0x00, 0x3E, 0x00, 0xBD, 0x00, 0x00,
    0x00, 0x00, 0x00, 0x00, 0x00, 0x00, 0x0F, 0xFF, 0xFF, 0xC0, 0x00, 0x3F, 0xFF, 0xFF, 0xFF, 0xFF,
    0x00, 0x00, 0xFF, 0xFF, 0x02, 0xFF, 0x80, 0x00, 0x00, 0x1F, 0x00, 0x03, 0xFF, 0x40, 0x00, 0x00,
    0xB4, 0x00, 0x03, 0xFF, 0x00, 0x00, 0x03, 0xC0, 0x00, 0x07, 0xFE, 0x00, 0x00, 0x2D, 0x00, 0x00,
    0x0B, 0xFD, 0x00, 0x00, 0xF0, 0x00, 0x00, 0x0F, 0xFC, 0x00, 0x07, 0x80, 0x00, 0x00, 0x1F, 0xFC,
    0x00, 0x3C, 0x00, 0x00, 0x00, 0x2F, 0xF8, 0x01, 0xE0, 0x00, 0x00, 0x00, 0x3F, 0xF4, 0x0B, 0x40,
    0x00, 0x00, 0x00, 0x3F, 0xF0, 0x3C, 0x00, 0x00, 0x00, 0x00, 0xBF, 0xE2, 0xD0, 0x00, 0x00, 0x00,
    0x00, 0xFF, 0xDF, 0x00, 0x00, 0x00, 0x00, 0x00, 0xFF, 0xF8, 0x00, 0x00, 0x00, 0x00, 0x01, 0xFF,
    0xC0, 0x00, 0x00, 0x00, 0x00, 0x02, 0xFE, 0x00, 0x00, 0x00, 0x07, 0xE0, 0x03, 0xF0, 0x00, 0x00,
    0x00, 0x3F, 0xE0, 0x0B, 0x80, 0x00, 0x00, 0x01, 0xFF, 0x80, 0x7C, 0x00, 0x00, 0x00, 0x03, 0xF8,
    0x1B, 0xC0, 0x00, 0x00, 0x00, 0x07, 0xFF, 0xFC, 0x00, 0x00, 0x00, 0x00, 0x02, 0xFE, 0x40, 0x00,
    0x00, 0x00, 0x00, 0x2F, 0x40, 0x7E, 0x00, 0x00, 0x7F, 0xC0, 0xFF, 0x80, 0x00, 0xBF, 0xD1, 0xFF,
    0xC0, 0x00, 0x7F, 0xC0, 0xFF, 0x80, 0x00, 0x2F, 0x40, 0x7E, 0x00, 0x00, 0x00, 0x00, 0x00, 0x00,
    0x00, 0x00, 0x00, 0x00, 0x00, 0x00, 0x00, 0x00, 0x00, 0x00, 0x3F, 0xFF, 0x80, 0x1F, 0xFC, 0x03,
    0xFC, 0x00, 0x03, 0xD0, 0x02, 0xFD, 0x00, 0x03, 0x80, 0x00, 0xFF, 0x00, 0x0B, 0x00, 0x00, 0xBF,
    0x40, 0x0E, 0x00, 0x00, 0x3F, 0x80, 0x2C, 0x00, 0x00, 0x3F, 0xC0, 0x3C, 0x00, 0x00, 0x1F, 0xE0,
    0x74, 0x00, 0x00, 0x0F, 0xF0, 0xF0, 0x00, 0x00, 0x07, 0xF9, 0xD0, 0x00, 0x00, 0x03, 0xFF, 0xC0,
    0x00, 0x00, 0x02, 0xFF, 0x80, 0x00, 0x00, 0x00, 0xFF, 0x00, 0x00, 0x00, 0x00, 0xBE, 0x00, 0x00,
    0x00, 0x00, 0x3C, 0x00, 0x00, 0x00, 0x00, 0x3C, 0x00, 0x00, 0x00, 0x00, 0x74, 0x00, 0x00, 0x00,
    0x00, 0xF0, 0x00, 0x00, 0x2F, 0x01, 0xD0, 0x00, 0x00, 0x3F, 0x83, 0x80, 0x00, 0x00, 0x3F, 0x1E,
    0x00, 0x00, 0x00, 0x0B, 0xF4, 0x00, 0x00, 0x00, 0x00, 0x00, 0x00, 0x00, 0x00, 0x00, 0x00, 0x00,
    0x00, 0x01, 0xF0, 0x1F, 0x40, 0x00, 0x00, 0x00, 0x7F, 0xE2, 0xFF, 0x00, 0x00, 0x00, 0x0B, 0xFF,
    0xFF, 0xFC, 0x00, 0x00, 0x00, 0x7A, 0x53, 0xE9, 0x00, 0x00, 0x00, 0x00, 0x00, 0x00, 0x00, 0x00,
    0x0F, 0xFF, 0xFF, 0xC0, 0x00, 0x3F, 0xFF, 0xFF, 0xFF, 0xFF, 0x00, 0x00, 0xFF, 0xFF, 0x02, 0xFF,
    0x80, 0x00, 0x00, 0x1F, 0x00, 0x03, 0xFF, 0x40, 0x00, 0x00, 0xB4, 0x00, 0x03, 0xFF, 0x00, 0x00,
    0x03, 0xC0, 0x00, 0x07, 0xFE, 0x00, 0x00, 0x2D, 0x00, 0x00, 0x0B, 0xFD, 0x00, 0x00, 0xF0, 0x00,
    0x00, 0x0F, 0xFC, 0x00, 0x07, 0x80, 0x00, 0x00, 0x1F, 0xFC, 0x00, 0x3C, 0x00, 0x00, 0x00, 0x2F,
    0xF8, 0x01, 0xE0, 0x00, 0x00, 0x00, 0x3F, 0xF4, 0x0B, 0x40, 0x00, 0x00, 0x00, 0x3F, 0xF0, 0x3C,
    0x00, 0x00, 0x00, 0x00, 0xBF, 0xE2, 0xD0, 0x00, 0x00, 0x00, 0x00, 0xFF, 0xDF, 0x00, 0x00, 0x00,
    0x00, 0x00, 0xFF, 0xF8, 0x00, 0x00, 0x00, 0x00, 0x01, 0xFF, 0xC0, 0x00, 0x00, 0x00, 0x00, 0x02,
    0xFE, 0x00, 0x00, 0x00, 0x07, 0xE0, 0x03, 0xF0, 0x00, 0x00, 0x00, 0x3F, 0xE0, 0x0B, 0x80, 0x00,
    0x00, 0x01, 0xFF, 0x80, 0x7C, 0x00, 0x00, 0x00, 0x03, 0xF8, 0x1B, 0xC0, 0x00, 0x00, 0x00, 0x07,
    0xFF, 0xFC, 0x00, 0x00, 0x00, 0x00, 0x02, 0xFE, 0x40, 0x00, 0x00, 0x00, 0x00, 0x00, 0x2E, 0x01,
    0xF0, 0x00, 0x00, 0xBF, 0x47, 0xFC, 0x00, 0x03, 0xFF, 0x6F, 0xFC, 0x00, 0x0F, 0xFE, 0xBF, 0xE0,
    0x00, 0x1F, 0x90, 0xFD, 0x00, 0x00, 0x04, 0x00, 0x00, 0x00, 0x00, 0x00, 0x00, 0x00, 0x00, 0x3F,
    0xFF, 0x80, 0x1F, 0xFC, 0x03, 0xFC, 0x00, 0x03, 0xD0, 0x02, 0xFD, 0x00, 0x03, 0x80, 0x00, 0xFF,
    0x00, 0x0B, 0x00, 0x00, 0xBF, 0x40, 0x0E, 0x00, 0x00, 0x3F, 0x80, 0x2C, 0x00, 0x00, 0x3F, 0xC0,
    0x3C, 0x00, 0x00, 0x1F, 0xE0, 0x74, 0x00, 0x00, 0x0F, 0xF0, 0xF0, 0x00, 0x00, 0x07, 0xF9, 0xD0,
    0x00, 0x00, 0x03, 0xFF, 0xC0, 0x00, 0x00, 0x02, 0xFF, 0x80, 0x00, 0x00, 0x00, 0xFF, 0x00, 0x00,
    0x00, 0x00, 0xBE, 0x00, 0x00, 0x00, 0x00, 0x3C, 0x00, 0x00, 0x00, 0x00, 0x3C, 0x00, 0x00, 0x00,
    0x00, 0x74, 0x00, 0x00, 0x00, 0x00, 0xF0, 0x00, 0x00, 0x2F, 0x01, 0xD0, 0x00, 0x00, 0x3F, 0x83,
    0x80, 0x00, 0x00, 0x3F, 0x1E, 0x00, 0x00, 0x00, 0x0B, 0xF4, 0x00, 0x00, 0x00, 0x00, 0x00, 0x7E,
    0x00, 0xBC, 0x00, 0x00, 0x00, 0x00, 0xFF, 0x42, 0xFF, 0x00, 0x00, 0x00, 0x01, 0xFF, 0x83, 0xFF,
    0x00, 0x00, 0x00, 0x00, 0xFF, 0x42, 0xFF, 0x00, 0x00, 0x00, 0x00, 0x7E, 0x00, 0xBC, 0x00, 0x00,
    0x00, 0x00, 0x00, 0x00, 0x00, 0x00, 0x00, 0xBF, 0xFF, 0xFF, 0x01, 0xFF, 0xFF, 0xFD, 0xBF, 0xFF,
    0xFF, 0x01, 0xFF, 0xFF, 0xFD, 0x00, 0xFF, 0x80, 0x00, 0x03, 0xFF, 0x00, 0x00, 0xFF, 0x80, 0x00,
    0x03, 0xFF, 0x00, 0x00, 0xFF, 0x80, 0x00, 0x03, 0xFF, 0x00, 0x00, 0xFF, 0x80, 0x00, 0x03, 0xFF,
    0x00, 0x00, 0xFF, 0x80, 0x00, 0x03, 0xFF, 0x00, 0x00, 0xFF, 0x80, 0x00, 0x03, 0xFF, 0x00, 0x00,
    0xFF, 0x80, 0x00, 0x03, 0xFF, 0x00, 0x00, 0xFF, 0x80, 0x00, 0x03, 0xFF, 0x00, 0x00, 0xBF, 0x80,
    0x00, 0x03, 0xFF, 0x00, 0x00, 0x3F, 0xC0, 0x00, 0x07, 0xFF, 0x00, 0x00, 0x0B, 0xF0, 0x01, 0xBF,
    0xFF, 0x00, 0x00, 0x00, 0xBF, 0xFE, 0x93, 0xFF, 0x00, 0x00, 0x00, 0x00, 0x00, 0x03, 0xFF, 0x00,
    0x00, 0x00, 0x00, 0x00, 0x03, 0xFF, 0x00, 0x00, 0x00, 0x00, 0x00, 0x03, 0xFF, 0x00, 0x00, 0x00,
    0x00, 0x00, 0x03, 0xFF, 0x00, 0x00, 0x00, 0x00, 0x00, 0x03, 0xFF, 0x00, 0x00, 0x00, 0x00, 0x00,
    0x03, 0xFF, 0x00, 0x00, 0x00, 0x00, 0x00, 0x03, 0xFF, 0x00, 0x00, 0x00, 0x00, 0x00, 0x03, 0xFF,
    0x00, 0x00, 0x00, 0x00, 0x01, 0xFF, 0xFF, 0xFD, 0x00, 0x00, 0x00, 0x00, 0x00, 0x00, 0x00, 0x00,
    0xBD, 0x01, 0xF8, 0x00, 0x07, 0xFC, 0x0F, 0xF8, 0x00, 0x2F, 0xF4, 0x7F, 0xE0, 0x00, 0x7F, 0xC0,
    0xFF, 0x80, 0x00, 0xBD, 0x01, 0xF8, 0x00, 0x00, 0x00, 0x00, 0x00, 0x00, 0x00, 0x00, 0x00, 0x00,
    0x00, 0x00, 0x00, 0x00, 0x00, 0xFF, 0xFF, 0x47, 0xFF, 0xFC, 0x2F, 0xD0, 0x01, 0xFF, 0x00, 0xBF,
    0x00, 0x03, 0xF8, 0x02, 0xFC, 0x00, 0x0F, 0xE0, 0x0B, 0xF0, 0x00, 0x3F, 0x80, 0x2F, 0xC0, 0x00,
    0xFE, 0x00, 0x7F, 0x40, 0x03, 0xF8, 0x00, 0xBF, 0x01, 0xBF, 0xE0, 0x00, 0x6F, 0xF9, 0x3F, 0x80,
    0x00, 0x00, 0x00, 0xFE, 0x00, 0x00, 0x00, 0x03, 0xF8, 0x00, 0x00, 0x00, 0x0F, 0xE0, 0x00, 0x00,
    0x00, 0x3F, 0x80, 0x00, 0x00, 0x00, 0xFF, 0x00, 0x00, 0x00, 0x7F, 0xFF, 0xC0, 0xBF, 0xFF, 0xFF,
    0xFF, 0xFD, 0x2F, 0xFF, 0xFF, 0xFF, 0xFF, 0x40, 0x0F, 0xF8, 0x00, 0x1F, 0xE0, 0x03, 0xFE, 0x00,
    0x00, 0xF8, 0x00, 0xFF, 0x80, 0x00, 0x1F, 0x00, 0x3F, 0xE0, 0x00, 0x03, 0xC0, 0x0F, 0xF8, 0x00,
    0x00, 0xB0, 0x03, 0xFE, 0x00, 0x00, 0x1C, 0x00, 0xFF, 0x80, 0x00, 0x00, 0x00, 0x3F, 0xE0, 0x00,
    0x00, 0x00, 0x0F, 0xF8, 0x00, 0x00, 0x00, 0x03, 0xFE, 0x00, 0x00, 0x00, 0x00, 0xFF, 0x80, 0x00,
    0x00, 0x00, 0x3F, 0xE0, 0x00, 0x00, 0x00, 0x0F, 0xF8, 0x00, 0x00, 0x00, 0x03, 0xFE, 0x00, 0x00,
    0x00, 0x00, 0xFF, 0x80, 0x00, 0x00, 0x00, 0x3F, 0xE0, 0x00, 0x00, 0x00, 0x0F, 0xF8, 0x00, 0x00,
    0x00, 0x03, 0xFE, 0x00, 0x00, 0x00, 0x00, 0xFF, 0x80, 0x00, 0x00, 0x2F, 0xFF, 0xFF, 0xF8, 0x00,
    0x0B, 0xFF, 0xFF, 0xFF, 0x00, 0x00, 0x00, 0x00, 0x7F, 0xC0, 0x00, 0x00, 0x00, 0x02, 0xF0, 0x00,
    0x00, 0x00, 0x00, 0x3C, 0x00, 0x00, 0x00, 0x00, 0x0B, 0x40, 0x00, 0x00, 0x00, 0x01, 0xD0, 0x00,
    0x00, 0x00, 0x00, 0x38, 0x00, 0x00, 0xFF, 0xFF, 0xFF, 0xF0, 0x2F, 0xD0, 0x0B, 0xC0, 0xBF, 0x00,
    0x0F, 0x02, 0xFC, 0x00, 0x1D, 0x0B, 0xF0, 0x00, 0x34, 0x2F, 0xC0, 0x00, 0x00, 0xBF, 0x00, 0x00,
    0x02, 0xFC, 0x00, 0x00, 0x0B, 0xF0, 0x00, 0x00, 0x2F, 0xC0, 0x00, 0x00, 0xBF, 0x00, 0x00, 0x02,
    0xFC, 0x00, 0x00, 0x0B, 0xF0, 0x00, 0x00, 0x2F, 0xD0, 0x00, 0x0F, 0xFF, 0xFD, 0x00, 0x00, 0x06,
    0xF8, 0x00, 0x00, 0x02, 0xE0, 0x00, 0x00, 0x03, 0x80, 0x00, 0x00, 0x0F, 0x00, 0x00, 0x00, 0x2C,
    0x00, 0x00, 0x00, 0x00, 0xBD, 0x01, 0xF8, 0x00, 0x00, 0x00, 0x00, 0x00, 0x07, 0xFC, 0x0F, 0xF8,
    0x00, 0x00, 0x00, 0x00, 0x00, 0x2F, 0xF4, 0x7F, 0xE0, 0x00, 0x00, 0x00, 0x00, 0x00, 0x7F, 0xC0,
    0xFF, 0x80, 0x00, 0x00, 0x00, 0x00, 0x00, 0xBD, 0x01, 0xF8, 0x00, 0x00, 0x00, 0x00, 0x00, 0x00,
    0x00, 0x00, 0x00, 0x00, 0x00, 0x0B, 0xFF, 0xFF, 0xF0, 0x00, 0x00, 0x7F, 0xFF, 0xFF, 0x80, 0x3F,
    0xC0, 0x00, 0x00, 0x00, 0x02, 0xFF, 0x00, 0x00, 0xFF, 0x00, 0x00, 0x00, 0x00, 0x0B, 0xFC, 0x00,
    0x03, 0xFC, 0x00, 0x00, 0x00, 0x00, 0x2F, 0xF0, 0x00, 0x0F, 0xF0, 0x00, 0x00, 0x00, 0x00, 0xBF,
    0xC0, 0x00, 0x3F, 0xC0, 0x00, 0x00, 0x00, 0x02, 0xFF, 0x00, 0x00, 0xFF, 0x00, 0x00, 0x00, 0x00,
    0x0B, 0xFC, 0x00, 0x03, 0xFC, 0x00, 0x00, 0x00, 0x00, 0x2F, 0xF0, 0x00, 0x0F, 0xF0, 0x00, 0x00,
    0x00, 0x00, 0xBF, 0xC0, 0x00, 0x3F, 0xF9, 0x40, 0x00, 0x00, 0x02, 0xFF, 0x00, 0x00, 0xFF, 0xFF,
    0xFF, 0xF9, 0x00, 0x0B, 0xFC, 0x00, 0x03, 0xFC, 0x00, 0x06, 0xFF, 0x40, 0x2F, 0xF0, 0x00, 0x0F,
    0xF0, 0x00, 0x01, 0xFF, 0x40, 0xBF, 0xC0, 0x00, 0x3F, 0xC0, 0x00, 0x03, 0xFF, 0x02, 0xFF, 0x00,
    0x00, 0xFF, 0x00, 0x00, 0x07, 0xFE, 0x0B, 0xFC, 0x00, 0x03, 0xFC, 0x00, 0x00, 0x1F, 0xFC, 0x2F,
    0xF0, 0x00, 0x0F, 0xF0, 0x00, 0x00, 0x7F, 0xF0, 0xBF, 0xC0, 0x00, 0x3F, 0xC0, 0x00, 0x01, 0xFF,
    0x82, 0xFF, 0x00, 0x00, 0xFF, 0x00, 0x00, 0x0F, 0xFD, 0x0B, 0xFC, 0x00, 0x03, 0xFC, 0x00, 0x00,
    0x7F, 0xF0, 0x2F, 0xF0, 0x00, 0x0F, 0xF0, 0x00, 0x0B, 0xFF, 0x00, 0xBF, 0xC0, 0x2F, 0xFF, 0xFF,
    0xFF, 0xFF, 0xF1, 0xFF, 0xFF, 0xFE, 0xBF, 0xFF, 0xFF, 0xFF, 0xF9, 0x07, 0xFF, 0xFF, 0xF8, 0x00,
    0x01, 0xF4, 0x03, 0xE0, 0x00, 0x00, 0x00, 0x7F, 0xD0, 0xFF, 0x80, 0x00, 0x00, 0x0B, 0xFE, 0x0F,
    0xFC, 0x00, 0x00, 0x00, 0x7F, 0xD0, 0xFF, 0x80, 0x00, 0x00, 0x01, 0xF4, 0x03, 0xE0, 0x00, 0x00,
    0x00, 0x00, 0x00, 0x00, 0x00, 0x00, 0x00, 0x00, 0x00, 0x00, 0x00, 0x00, 0x00, 0x00, 0x00, 0x00,
    0x00, 0x00, 0x00, 0xFF, 0xFF, 0x40, 0x00, 0x3F, 0xFF, 0xD0, 0xBF, 0x40, 0x00, 0x00, 0x3F, 0xC0,
    0x0B, 0xF0, 0x00, 0x00, 0x03, 0xFC, 0x00, 0xBF, 0x00, 0x00, 0x00, 0x3F, 0xC0, 0x0B, 0xF0, 0x00,
    0x00, 0x03, 0xFC, 0x00, 0xBF, 0x00, 0x00, 0x00, 0x3F, 0xC0, 0x0B, 0xFF, 0xFF, 0x90, 0x03, 0xFC,
    0x00, 0xBF, 0x00, 0x7F, 0xD0, 0x3F, 0xC0, 0x0B, 0xF0, 0x00, 0xFF, 0x03, 0xFC, 0x00, 0xBF, 0x00,
    0x0B, 0xF8, 0x3F, 0xC0, 0x0B, 0xF0, 0x00, 0xBF, 0x83, 0xFC, 0x00, 0xBF, 0x00, 0x0B, 0xF8, 0x3F,
    0xC0, 0x0B, 0xF0, 0x00, 0xFF, 0x03, 0xFC, 0x00, 0xBF, 0x40, 0x7F, 0xC0, 0x3F, 0xC0, 0xFF, 0xFF,
    0xFF, 0x90, 0x3F, 0xFF, 0xD0, 0x7F, 0xFF, 0xFF, 0x01, 0xFF, 0xFF, 0xDF, 0xFF, 0xFF, 0xC0, 0xBF,
    0xFF, 0xF0, 0x0F, 0xFE, 0x00, 0x00, 0xF8, 0x00, 0x00, 0xFF, 0xD0, 0x00, 0x7C, 0x00, 0x00, 0x1F,
    0xFC, 0x00, 0x3C, 0x00, 0x00, 0x02, 0xFF, 0xC0, 0x3D, 0x00, 0x00, 0x00, 0x3F, 0xF8, 0x2E, 0x00,
    0x00, 0x00, 0x03, 0xFF, 0x5E, 0x00, 0x00, 0x00, 0x00, 0x7F, 0xFF, 0x00, 0x00, 0x00, 0x00, 0x0B,
    0xFF, 0x00, 0x00, 0x00, 0x00, 0x00, 0xFF, 0xD0, 0x00, 0x00, 0x00, 0x00, 0x0F, 0xFC, 0x00, 0x00,
    0x00, 0x00, 0x07, 0xFF, 0xC0, 0x00, 0x00, 0x00, 0x03, 0xEF, 0xF8, 0x00, 0x00, 0x00, 0x03, 0xD3,
    0xFF, 0x40, 0x00, 0x00, 0x02, 0xE0, 0x3F, 0xF0, 0x00, 0x00, 0x01, 0xF0, 0x07, 0xFE, 0x00, 0x00,
    0x00, 0xF0, 0x00, 0xBF, 0xD0, 0x00, 0x00, 0xF0, 0x00, 0x0F, 0xFC, 0x00, 0x00, 0xF4, 0x00, 0x00,
    0xFF, 0xC0, 0x00, 0xBC, 0x00, 0x00, 0x2F, 0xF8, 0x3F, 0xFF, 0xF8, 0x00, 0x03, 0xFF, 0x0F, 0xFF,
    0xFE, 0x00, 0x00, 0x7F, 0xE0, 0x00, 0x00, 0x00, 0x00, 0x0F, 0xFC, 0x00, 0x00, 0x00, 0x7E, 0x01,
    0xFF, 0x40, 0x00, 0x00, 0x3F, 0xD0, 0x7F, 0xD0, 0x00, 0x00, 0x1F, 0xF8, 0x1F, 0xF0, 0x00, 0x00,
    0x03, 0xFE, 0x0B, 0xF8, 0x00, 0x00, 0x00, 0x7F, 0x07, 0xF8, 0x00, 0x00, 0x00, 0x02, 0xFF, 0xE0,
    0x00, 0x3F, 0xFF, 0x40, 0xFF, 0xF8, 0x0B, 0xF4, 0x00, 0xFD, 0x00, 0x0F, 0xF0, 0x03, 0xC0, 0x00,
    0x0F, 0xF0, 0x3C, 0x00, 0x00, 0x1F, 0xE3, 0xD0, 0x00, 0x00, 0x2F, 0xFD, 0x00, 0x00, 0x00, 0x2F,
    0xE0, 0x00, 0x00, 0x00, 0x3F, 0xC0, 0x00, 0x00, 0x01, 0xFF, 0xC0, 0x00, 0x00, 0x0F, 0x7F, 0x80,
    0x00, 0x00, 0xF0, 0xBF, 0x80, 0x00, 0x0B, 0x40, 0xBF, 0x40, 0x00, 0xB8, 0x00, 0xFF, 0x00, 0x0B,
    0xC0, 0x00, 0xFF, 0x07, 0xFF, 0xC0, 0x01, 0xFE, 0x00, 0x00, 0x00, 0x02, 0xFC, 0x00, 0x00, 0x00,
    0x07, 0xF4, 0x00, 0x00, 0x00, 0x0F, 0xC0, 0x00, 0x0B, 0x80, 0x7F, 0x00, 0x00, 0x7F, 0x42, 0xF8,
    0x00, 0x00, 0xFC, 0x1F, 0x80, 0x00, 0x00, 0xBF, 0xE0, 0x00, 0x7F, 0xFF, 0xFF, 0x01, 0xFF, 0xFF,
    0xC1, 0xFF, 0xFF, 0xFC, 0x0B, 0xFF, 0xFF, 0x00, 0x0B, 0xFE, 0x00, 0x00, 0xF8, 0x00, 0x00, 0x0F,
    0xFD, 0x00, 0x07, 0xC0, 0x00, 0x00, 0x0F, 0xFC, 0x00, 0x3C, 0x00, 0x00, 0x00, 0x1F, 0xFC, 0x03,
    0xC0, 0x00, 0x00, 0x00, 0x2F, 0xF8, 0x3D, 0x00, 0x00, 0x00, 0x00, 0x3F, 0xF6, 0xE0, 0x00, 0x00,
    0x00, 0x00, 0x3F, 0xFE, 0x00, 0x00, 0x00, 0x00, 0x00, 0x7F, 0xF0, 0x00, 0x00, 0x01, 0xFF, 0xFF,
    0xFF, 0xFF, 0xFF, 0xFC, 0x00, 0x00, 0x00, 0xFF, 0xE0, 0x00, 0x00, 0x00, 0x00, 0x0B, 0xFF, 0xD0,
    0x00, 0x00, 0x00, 0x00, 0x7D, 0xFF, 0xC0, 0x00, 0x00, 0x00, 0x03, 0xC2, 0xFF, 0x80, 0x00, 0x00,
    0x00, 0x3D, 0x03, 0xFF, 0x40, 0x00, 0x00, 0x02, 0xE0, 0x03, 0xFF, 0x00, 0x00, 0x00, 0x1F, 0x00,
    0x0B, 0xFF, 0x00, 0x00, 0x00, 0xF0, 0x00, 0x0F, 0xFE, 0x00, 0x00, 0x0F, 0x40, 0x00, 0x0F, 0xFD,
    0x00, 0x00, 0xBC, 0x00, 0x00, 0x1F, 0xFC, 0x03, 0xFF, 0xFF, 0x80, 0x0B, 0xFF, 0xFF, 0xEF, 0xFF,
    0xFE, 0x00, 0x2F, 0xFF, 0xFF, 0x80, 0x3F, 0xFF, 0x40, 0xFF, 0xF8, 0x02, 0xFD, 0x00, 0x3F, 0x40,
    0x00, 0xFF, 0x00, 0x3C, 0x00, 0x00, 0x3F, 0xC0, 0xF0, 0x00, 0x00, 0x0F, 0xF3, 0xC0, 0x00, 0x00,
    0x07, 0xFF, 0x40, 0x00, 0x7F, 0xFF, 0xFF, 0xFF, 0xFD, 0x00, 0x00, 0xFF, 0x40, 0x00, 0x00, 0x01,
    0xFF, 0xC0, 0x00, 0x00, 0x07, 0xDF, 0xF0, 0x00, 0x00, 0x0F, 0x07, 0xF8, 0x00, 0x00, 0x3D, 0x02,
    0xFD, 0x00, 0x00, 0xB4, 0x00, 0xFF, 0x00, 0x02, 0xF0, 0x00, 0x7F, 0xC0, 0x7F, 0xFC, 0x01, 0xFF,
    0xFD, 0xBF, 0xFF, 0xF6, 0xFF, 0xFF, 0xDB, 0xFF, 0xFF, 0x45, 0x55, 0x54, 0xBF, 0xFF, 0xF6, 0xFF,
    0xFF, 0xDB, 0xFF, 0xFF, 0x45, 0x55, 0x54, 0xAA, 0xAA, 0xAA, 0xAA, 0xAA, 0xAA, 0xAA, 0xAA, 0xAA,
    0xA0, 0xFF, 0xFF, 0xFF, 0xFF, 0xFC, 0xFF, 0xFF, 0xFF, 0xFF, 0xFF, 0xFF, 0xFF, 0xFF, 0xFF, 0xF0,
    0x60, 0x27, 0xC0, 0xFF, 0x03, 0xFC, 0x0F, 0xF0, 0x3F, 0xC0, 0xFF, 0x03, 0xFC, 0x0F, 0xF0, 0x3F,
    0xC0, 0xFF, 0x03, 0xFC, 0x0F, 0xF0, 0x3F, 0xC0, 0xFF, 0x03, 0xFC, 0x0F, 0xF0, 0x3F, 0xC0, 0xFF,
    0x03, 0xFC, 0x0F, 0xF0, 0x3F, 0xC0, 0xFF, 0x03, 0xFC, 0x0F, 0xF0, 0x3F, 0xC0, 0xFF, 0x03, 0xFC,
    0x0F, 0xF0, 0x3F, 0xC0, 0xFF, 0x03, 0xFC, 0x0F, 0xB0, 0x38, 0x00, 0x00, 0x01, 0x80, 0xB4, 0x1C,
    0x03, 0x40, 0x70, 0x0A, 0x00, 0xD5, 0x0F, 0xFD, 0xBF, 0xE7, 0xFE, 0x3F, 0xD0, 0xA4, 0x1F, 0x80,
    0xFF, 0x87, 0xFF, 0x0F, 0xFD, 0x1F, 0xB4, 0x00, 0xC0, 0x07, 0x00, 0x38, 0x01, 0xC0, 0x0D, 0x00,
    0xE0, 0x01, 0x00, 0x00, 0x00, 0x7F, 0x03, 0xFE, 0x1F, 0xFC, 0x3F, 0xF0, 0x7E, 0xC0, 0x03, 0x00,
    0x1C, 0x00, 0xE0, 0x07, 0x00, 0x74, 0x03, 0x40, 0x00, 0x00, 0x0B, 0xD0, 0xBF, 0xC3, 0xFF, 0x5F,
    0xFC, 0x7B, 0xD0, 0xC0, 0x03, 0x40, 0x0A, 0x00, 0x0D, 0x00, 0x1C, 0x00, 0x2C, 0x00, 0x00, 0x01,
    0x80, 0x00, 0x60, 0x1D, 0x00, 0x0B, 0x40, 0xD0, 0x00, 0x74, 0x0E, 0x00, 0x03, 0x40, 0x30, 0x00,
    0x1C, 0x01, 0xC0, 0x00, 0xA0, 0x0A, 0x50, 0x03, 0x54, 0x2F, 0xF4, 0x0F, 0xFD, 0xBF, 0xF0, 0x2F,
    0xF9, 0xFF, 0xC0, 0x7F, 0xF3, 0xFD, 0x00, 0xFF, 0x41, 0x90, 0x00, 0xA4, 0x0B, 0x80, 0x02, 0xE0,
    0x3F, 0xE0, 0x0F, 0xF8, 0x3F, 0xF0, 0x1F, 0xFC, 0x3F, 0xF4, 0x0F, 0xFD, 0x1F, 0xF4, 0x0B, 0xFD,
    0x00, 0x34, 0x00, 0x0C, 0x00, 0x30, 0x00, 0x1C, 0x00, 0xB0, 0x00, 0x28, 0x00, 0xD0, 0x00, 0x30,
    0x03, 0x80, 0x00, 0xE0, 0x0F, 0x00, 0x03, 0xC0, 0x08, 0x00, 0x01, 0x00, 0x00, 0x00, 0x00, 0x00,
    0x1F, 0xC0, 0x07, 0xF0, 0x3F, 0xF0, 0x0F, 0xF8, 0x3F, 0xF0, 0x1F, 0xFC, 0x3F, 0xF4, 0x0F, 0xFD,
    0x0F, 0xB4, 0x07, 0xED, 0x00, 0x34, 0x00, 0x0C, 0x00, 0x70, 0x00, 0x1C, 0x00, 0xA0, 0x00, 0x28,
    0x00, 0xC0, 0x00, 0x70, 0x03, 0x40, 0x01, 0xD0, 0x0E, 0x00, 0x03, 0x80, 0x04, 0x00, 0x00, 0x00,
    0x0B, 0xD0, 0x02, 0xF4, 0x2F, 0xF0, 0x0B, 0xFC, 0x3F, 0xF4, 0x0F, 0xFD, 0x3F, 0xF0, 0x1F, 0xFC,
    0x3B, 0xD0, 0x1E, 0xF4, 0x30, 0x00, 0x0C, 0x00, 0x34, 0x00, 0x0D, 0x00, 0x1C, 0x00, 0x0A, 0x00,
    0x0D, 0x00, 0x03, 0x40, 0x07, 0x40, 0x01, 0xC0, 0x01, 0xC0, 0x00, 0xB0, 0x00, 0x00, 0x00, 0x00,
    0x00, 0x2E, 0x00, 0x00, 0x1F, 0xC0, 0x00, 0x07, 0xF0, 0x00, 0x00, 0xFC, 0x00, 0x00, 0x3E, 0x00,
    0x00, 0x0B, 0x40, 0x07, 0xE1, 0xC2, 0xF3, 0xFF, 0xFF, 0xFE, 0xFF, 0xEF, 0xFF, 0x9F, 0x87, 0x0B,
    0xC0, 0x02, 0xD0, 0x00, 0x00, 0xF8, 0x00, 0x00, 0x3F, 0x00, 0x00, 0x1F, 0xC0, 0x00, 0x07, 0xF4,
    0x00, 0x01, 0xFD, 0x00, 0x00, 0x7F, 0x40, 0x00, 0x1F, 0xC0, 0x00, 0x07, 0xF0, 0x00, 0x01, 0xFC,
    0x00, 0x00, 0x7F, 0x00, 0x00, 0x0F, 0xC0, 0x00, 0x03, 0xF0, 0x00, 0x00, 0xFC, 0x00, 0x00, 0x3F,
    0x00, 0x00, 0x0F, 0x80, 0x00, 0x02, 0xE0, 0x00, 0x00, 0xB4, 0x00, 0x00, 0x1D, 0x00, 0x00, 0x01,
    0x00, 0x00, 0x00, 0x3E, 0x00, 0x00, 0x1F, 0xC0, 0x00, 0x07, 0xF0, 0x00, 0x00, 0xFC, 0x00, 0x00,
    0x3E, 0x00, 0x1F, 0x87, 0x0B, 0xCF, 0xFF, 0xFF, 0xFB, 0xFF, 0xFF, 0xFE, 0x7E, 0x1C, 0x2F, 0x00,
    0x0B, 0x40, 0x00, 0x03, 0xF0, 0x00, 0x01, 0xFC, 0x00, 0x00, 0x7F, 0x40, 0x00, 0x0F, 0xC0, 0x00,
    0x01, 0xD0, 0x00, 0x00, 0xFC, 0x00, 0x00, 0x7F, 0x40, 0x00, 0x1F, 0xC0, 0x00, 0x03, 0xF0, 0x00,
    0x00, 0xB4, 0x00, 0x7E, 0x1C, 0x2F, 0x3F, 0xFF, 0xFF, 0xEF, 0xFF, 0xFF, 0xF9, 0xF8, 0x71, 0xBC,
    0x00, 0x2E, 0x00, 0x00, 0x0F, 0xC0, 0x00, 0x07, 0xF0, 0x00, 0x01, 0xFC, 0x00, 0x00, 0x2E, 0x00,
    0x00, 0x00, 0x7F, 0xE4, 0x00, 0x0F, 0xFF, 0xFC, 0x00, 0xFF, 0xFF, 0xFC, 0x0F, 0xFF, 0xFF, 0xFC,
    0x7F, 0xFF, 0xFF, 0xF6, 0xFF, 0xFF, 0xFF, 0xEF, 0xFF, 0xFF, 0xFF, 0xBF, 0xFF, 0xFF, 0xFF, 0xFF,
    0xFF, 0xFF, 0xFA, 0xFF, 0xFF, 0xFF, 0xE7, 0xFF, 0xFF, 0xFF, 0x4F, 0xFF, 0xFF, 0xFC, 0x1F, 0xFF,
    0xFF, 0xC0, 0x1F, 0xFF, 0xFC, 0x00, 0x07, 0xFE, 0x40, 0x00, 0x00, 0x00, 0x00, 0x00, 0x00, 0x00,
    0x00, 0x7E, 0x00, 0x02, 0xF4, 0x00, 0x1F, 0xC3, 0xFE, 0x00, 0x2F, 0xF0, 0x00, 0xFF, 0x9F, 0xFC,
    0x00, 0xBF, 0xD0, 0x03, 0xFF, 0x3F, 0xE0, 0x02, 0xFF, 0x00, 0x0F, 0xF8, 0x7E, 0x00, 0x02, 0xF4,
    0x00, 0x0F, 0x80, 0x00, 0x7F, 0xFF, 0xF8, 0x1F, 0xFF, 0xF8, 0x01, 0xFF, 0xFF, 0xE0, 0x0F, 0xFF,
    0xFF, 0x80, 0x7F, 0xFF, 0xFE, 0x02, 0xFF, 0xFF, 0xF8, 0x0F, 0xFF, 0xFF, 0xE0, 0x3F, 0xFF, 0xFF,
    0x80, 0xBF, 0xFF, 0xFE, 0x01, 0xFF, 0xFF, 0xF8, 0x03, 0xFF, 0xFF, 0xE0, 0x07, 0xFF, 0xFF, 0x80,
    0x07, 0xFF, 0xFE, 0x00, 0x02, 0xFF, 0xF8, 0x00, 0x00, 0x6F, 0xE0, 0x00, 0x00, 0x07, 0x80, 0x00,
    0x00, 0x1E, 0x00, 0x00, 0x00, 0x78, 0x00, 0x00, 0x01, 0xE0, 0x00, 0x00, 0x07, 0x80, 0x00, 0x00,
    0x1E, 0x00, 0x00, 0x00, 0x78, 0x00, 0x00, 0x01, 0xE0, 0x00, 0x00, 0x07, 0x80, 0x00, 0x00, 0x1E,
    0x00, 0x00, 0x00, 0x78, 0x00, 0x00, 0x01, 0xE0, 0x00, 0x01, 0xFF, 0xFE, 0x00, 0xA9, 0x00, 0x00,
    0x00, 0x06, 0x00, 0x00, 0x00, 0x00, 0x02, 0xFA, 0xF0, 0x00, 0x00, 0x07, 0xC0, 0x00, 0x00, 0x00,
    0x02, 0xF0, 0x0F, 0x80, 0x00, 0x0B, 0xE0, 0x00, 0x00, 0x00, 0x00, 0xFC, 0x02, 0xFF, 0x95, 0x6F,
    0xF0, 0x00, 0x00, 0x00, 0x00, 0xBE, 0x00, 0x34, 0x6F, 0xFB, 0xF0, 0x00, 0x00, 0x00, 0x00, 0x3F,
    0x80, 0x0E, 0x00, 0x01, 0xF4, 0x00, 0x00, 0x00, 0x00, 0x0F, 0xE0, 0x03, 0x80, 0x00, 0xF8, 0x00,
    0x00, 0x00, 0x00, 0x03, 0xF8, 0x00, 0xE0, 0x00, 0xF8, 0x00, 0x00, 0x00, 0x00, 0x00, 0xFE, 0x00,
    0x38, 0x00, 0xBC, 0x00, 0x00, 0x00, 0x00, 0x00, 0x2F, 0x80, 0x0D, 0x00, 0x7C, 0x00, 0x00, 0x00,
    0x00, 0x00, 0x03, 0xF0, 0x0B, 0x00, 0x3D, 0x00, 0x00, 0x00, 0x00, 0x00, 0x00, 0x7D, 0x07, 0x40,
    0x3E, 0x00, 0x00, 0x00, 0x00, 0x00, 0x00, 0x07, 0xEF, 0x80, 0x2F, 0x00, 0x00, 0x00, 0x00, 0x00,
    0x00, 0x00, 0x19, 0x00, 0x1F, 0x00, 0x05, 0x40, 0x00, 0x01, 0x40, 0x00, 0x00, 0x00, 0x1F, 0x40,
    0x1F, 0xFD, 0x00, 0x0B, 0xFF, 0x00, 0x00, 0x00, 0x0F, 0x80, 0x2F, 0x42, 0xC0, 0x0F, 0xC0, 0xF0,
    0x00, 0x00, 0x0F, 0xC0, 0x0F, 0x80, 0x3C, 0x0B, 0xD0, 0x0D, 0x00, 0x00, 0x0B, 0xC0, 0x0B, 0xD0,
    0x07, 0x03, 0xF0, 0x03, 0xC0, 0x00, 0x07, 0xC0, 0x03, 0xF4, 0x00, 0xD1, 0xFC, 0x00, 0xB0, 0x00,
    0x03, 0xD0, 0x00, 0xFD, 0x00, 0x34, 0x7F, 0x00, 0x1C, 0x00, 0x03, 0xE0, 0x00, 0x3F, 0x40, 0x0D,
    0x1F, 0xC0, 0x07, 0x00, 0x02, 0xF0, 0x00, 0x0F, 0xD0, 0x03, 0x47, 0xF0, 0x02, 0xC0, 0x01, 0xF0,
    0x00, 0x03, 0xF4, 0x01, 0xC0, 0xFC, 0x00, 0xB0, 0x00, 0xF4, 0x00, 0x00, 0x7E, 0x00, 0xB0, 0x3F,
    0x40, 0x38, 0x00, 0xF8, 0x00, 0x00, 0x0F, 0xC0, 0x34, 0x03, 0xE0, 0x2C, 0x00, 0xBC, 0x00, 0x00,
    0x00, 0xFD, 0xB8, 0x00, 0x7E, 0x6D, 0x00, 0x1C, 0x00, 0x00, 0x00, 0x06, 0xE4, 0x00, 0x02, 0xF8,
    0x00, 0x00, 0xA9, 0x00, 0x00, 0x00, 0x06, 0x00, 0x00, 0x00, 0x00, 0x00, 0x00, 0x00, 0x00, 0x0B,
    0xEB, 0xC0, 0x00, 0x00, 0x1F, 0x00, 0x00, 0x00, 0x00, 0x00, 0x00, 0x00, 0x00, 0x2F, 0x00, 0xF8,
    0x00, 0x00, 0xBE, 0x00, 0x00, 0x00, 0x00, 0x00, 0x00, 0x00, 0x00, 0x3F, 0x00, 0xBF, 0xE5, 0x5B,
    0xFC, 0x00, 0x00, 0x00, 0x00, 0x00, 0x00, 0x00, 0x00, 0xBE, 0x00, 0x34, 0x6F, 0xFB, 0xF0, 0x00,
    0x00, 0x00, 0x00, 0x00, 0x00, 0x00, 0x00, 0xFE, 0x00, 0x38, 0x00, 0x07, 0xD0, 0x00, 0x00, 0x00,
    0x00, 0x00, 0x00, 0x00, 0x00, 0xFE, 0x00, 0x38, 0x00, 0x0F, 0x80, 0x00, 0x00, 0x00, 0x00, 0x00,
    0x00, 0x00, 0x00, 0xFE, 0x00, 0x38, 0x00, 0x3E, 0x00, 0x00, 0x00, 0x00, 0x00, 0x00, 0x00, 0x00,
    0x00, 0xFE, 0x00, 0x38, 0x00, 0xBC, 0x00, 0x00, 0x00, 0x00, 0x00, 0x00, 0x00, 0x00, 0x00, 0xBE,
    0x00, 0x34, 0x01, 0xF0, 0x00, 0x00, 0x00, 0x00, 0x00, 0x00, 0x00, 0x00, 0x00, 0x3F, 0x00, 0xB0,
    0x03, 0xD0, 0x00, 0x00, 0x00, 0x00, 0x00, 0x00, 0x00, 0x00, 0x00, 0x1F, 0x41, 0xD0, 0x0F, 0x80,
    0x00, 0x00, 0x00, 0x00, 0x00, 0x00, 0x00, 0x00, 0x00, 0x07, 0xEF, 0x80, 0x2F, 0x00, 0x00, 0x00,
    0x00, 0x00, 0x00, 0x00, 0x00, 0x00, 0x00, 0x00, 0x64, 0x00, 0x7C, 0x00, 0x15, 0x00, 0x00, 0x01,
    0x50, 0x00, 0x00, 0x15, 0x00, 0x00, 0x00, 0x01, 0xF4, 0x01, 0xFF, 0xD0, 0x00, 0x2F, 0xFD, 0x00,
    0x02, 0xFF, 0xC0, 0x00, 0x00, 0x03, 0xE0, 0x0B, 0xD0, 0xB0, 0x00, 0xBC, 0x0B, 0x00, 0x0B, 0xC0,
    0xB0, 0x00, 0x00, 0x0F, 0xC0, 0x0F, 0x80, 0x3C, 0x01, 0xF8, 0x03, 0xC0, 0x1F, 0x80, 0x38, 0x00,
    0x00, 0x2F, 0x00, 0x2F, 0x40, 0x1C, 0x02, 0xF4, 0x01, 0xC0, 0x3F, 0x40, 0x2C, 0x00, 0x00, 0x7C,
    0x00, 0x3F, 0x40, 0x0D, 0x03, 0xF4, 0x01, 0xD0, 0x3F, 0x00, 0x1C, 0x00, 0x00, 0xF4, 0x00, 0x3F,
    0x40, 0x0D, 0x03, 0xF4, 0x00, 0xD0, 0x3F, 0x00, 0x1D, 0x00, 0x03, 0xE0, 0x00, 0x3F, 0x40, 0x0D,
    0x03, 0xF4, 0x00, 0xD0, 0x3F, 0x00, 0x1D, 0x00, 0x0B, 0xC0, 0x00, 0x3F, 0x40, 0x0D, 0x03, 0xF4,
    0x00, 0xD0, 0x3F, 0x00, 0x1D, 0x00, 0x1F, 0x00, 0x00, 0x3F, 0x40, 0x1C, 0x03, 0xF4, 0x01, 0xC0,
    0x3F, 0x40, 0x1C, 0x00, 0x3D, 0x00, 0x00, 0x1F, 0x80, 0x2C, 0x01, 0xF8, 0x02, 0xC0, 0x2F, 0x40,
    0x3C, 0x00, 0xF8, 0x00, 0x00, 0x0F, 0xC0, 0x34, 0x00, 0xFC, 0x07, 0x40, 0x0F, 0xC0, 0x74, 0x02,
    0xF0, 0x00, 0x00, 0x03, 0xF6, 0xE0, 0x00, 0x3F, 0x6E, 0x00, 0x03, 0xF6, 0xE0, 0x01, 0xC0, 0x00,
    0x00, 0x00, 0x6E, 0x40, 0x00, 0x06, 0xE4, 0x00, 0x00, 0x6E, 0x40, 0x00, 0x00, 0x00, 0x00, 0xD0,
    0x00, 0xB0, 0x00, 0x78, 0x00, 0x7C, 0x00, 0x7D, 0x00, 0xBE, 0x00, 0xFF, 0x00, 0xBF, 0x40, 0x07,
    0xF0, 0x00, 0x3F, 0x00, 0x02, 0xE0, 0x00, 0x3D, 0x00, 0x03, 0xC0, 0x00, 0x70, 0x00, 0x09, 0x40,
    0x00, 0x2C, 0x00, 0x03, 0x40, 0x00, 0xF4, 0x00, 0x0F, 0x00, 0x02, 0xF0, 0x00, 0x3F, 0x40, 0x03,
    0xF8, 0x00, 0xBF, 0x40, 0x7F, 0x00, 0x3E, 0x00, 0x3E, 0x00, 0x1E, 0x00, 0x0F, 0x00, 0x07, 0x00,
    0x02, 0x40, 0x00, 0x00, 0x00, 0x00, 0x00, 0x0B, 0x40, 0x2F, 0x00, 0x2C, 0x7D, 0x03, 0xFC, 0x0F,
    0xD1, 0xF4, 0x3F, 0xC3, 0xFD, 0x07, 0xD2, 0xF0, 0xFF, 0x90, 0x1F, 0x40, 0x3F, 0xC0, 0x00, 0x7D,
    0x0B, 0xE0, 0x03, 0xE1, 0xF6, 0xF8, 0xF8, 0xFF, 0x47, 0xFD, 0x2F, 0xDF, 0xF4, 0x3F, 0x82, 0xFD,
    0x3E, 0x0B, 0xFD, 0x0F, 0x80, 0x02, 0xF5, 0xF4, 0x00, 0x00, 0xBE, 0x07, 0xD0, 0x00, 0x2F, 0xEF,
    0x1F, 0x40, 0x0B, 0xF7, 0xFC, 0x7D, 0x02, 0xFD, 0x3F, 0xC1, 0xF4, 0xBF, 0xC2, 0xF0, 0x07, 0xD1,
    0xF0, 0x00, 0x00, 0x10, 0x0D, 0x00, 0x00, 0x00, 0x00, 0x40, 0x00, 0x00, 0x00, 0x00, 0x00, 0x00,
    0x00, 0x03, 0xF8, 0x00, 0x00, 0xBF, 0xD0, 0x00, 0x1F, 0xFF, 0x40, 0x2F, 0xFF, 0xFF, 0x4B, 0xE7,
    0xFF, 0xFD, 0xFF, 0x7F, 0xEF, 0xEF, 0xF3, 0xFE, 0xFE, 0x3D, 0x3F, 0xFF, 0xC0, 0x03, 0xFF, 0xF0,
    0x00, 0x2F, 0xF4, 0x00, 0x02, 0xFC, 0x00, 0x00, 0x1F, 0x40, 0x00, 0x01, 0xF0, 0x00, 0x00, 0x1F,
    0x00, 0x00, 0x01, 0xF0, 0x00, 0x00, 0x09, 0x00, 0x00, 0x00, 0x00, 0x00, 0x00, 0x2F, 0x40, 0x00,
    0x07, 0xFC, 0x00, 0x00, 0xBF, 0xD0, 0x00, 0x07, 0xFC, 0x00, 0x00, 0x2F, 0x40, 0x00, 0x00, 0x00,
    0x00, 0x06, 0x00, 0x00, 0x06, 0x70, 0x00, 0x00, 0xD2, 0xC0, 0x00, 0x3C, 0x0B, 0x80, 0x2F, 0x00,
    0x1B, 0xFF, 0x80, 0x00, 0x6F, 0xFE, 0x80, 0x02, 0xE4, 0x00, 0x6E, 0x02, 0xC0, 0x00, 0x01, 0xE1,
    0xD0, 0x00, 0x00, 0x1C, 0x70, 0x00, 0x00, 0x03, 0x40, 0x00, 0x00, 0x00, 0x24, 0x00, 0x00, 0x01,
    0xF0, 0x00, 0x00, 0x0B, 0x80, 0x00, 0x00, 0x3E, 0x00, 0x00, 0x02, 0xF8, 0x00, 0x00, 0x0F, 0xE0,
    0x00, 0x00, 0x7F, 0x80, 0x00, 0x03, 0xFD, 0x00, 0x00, 0x0F, 0xF0, 0x00, 0x00, 0xBF, 0x80, 0x00,
    0x03, 0xFD, 0x00, 0x00, 0x1F, 0xF0, 0x00, 0x00, 0xFF, 0x40, 0x00, 0x07, 0xFC, 0x00, 0x00, 0x2F,
    0xE0, 0x00, 0x00, 0xFF, 0x00, 0x00, 0x0B, 0xFC, 0x00, 0x00, 0x3F, 0xD0, 0x00, 0x01, 0xFF, 0x00,
    0x00, 0x0F, 0xF8, 0x00, 0x00, 0x3F, 0xC0, 0x00, 0x02, 0xFF, 0x00, 0x00, 0x0F, 0xF4, 0x00, 0x00,
    0x7F, 0xC0, 0x00, 0x03, 0xFE, 0x00, 0x00, 0x0F, 0xF0, 0x00, 0x00, 0xBF, 0x80, 0x00, 0x03, 0xFD,
    0x00, 0x00, 0x1F, 0xF0, 0x00, 0x00, 0xFF, 0x40, 0x00, 0x07, 0xFC, 0x00, 0x00, 0x2F, 0xE0, 0x00,
    0x00, 0xBF, 0x00, 0x00, 0x02, 0xFC, 0x00, 0x00, 0x0B, 0xD0, 0x00, 0x00, 0x3F, 0x00, 0x00, 0x00,
    0xF8, 0x00, 0x00, 0x03, 0xC0, 0x00, 0x00, 0x05, 0x00, 0x00, 0x00, 0x00, 0x01, 0xBF, 0xC0, 0xFF,
    0x40, 0x3F, 0xC0, 0x0B, 0xF4, 0x00, 0xBF, 0x00, 0x0B, 0xF0, 0x00, 0xBF, 0x00, 0x0B, 0xF0, 0x00,
    0xBF, 0x00, 0x0B, 0xF0, 0x00, 0xBF, 0x00, 0x0B, 0xF0, 0x00, 0xBF, 0x00, 0x07, 0xF4, 0x00, 0x3F,
    0xC0, 0x00, 0xFF, 0x40, 0x01, 0xFF, 0xC0, 0xBF, 0x40, 0x3F, 0xC0, 0x07, 0xF4, 0x00, 0xBF, 0x00,
    0x0B, 0xF0, 0x00, 0xBF, 0x00, 0x0B, 0xF0, 0x00, 0xBF, 0x00, 0x0B, 0xF0, 0x00, 0xBF, 0x00, 0x0B,
    0xF0, 0x00, 0xBF, 0x00, 0x0B, 0xF0, 0x00, 0x7F, 0x40, 0x03, 0xFC, 0x00, 0x0B, 0xF4, 0x00, 0x0A,
    0xFC, 0x00, 0x00, 0x00, 0x7F, 0xA0, 0x00, 0x2F, 0xE0, 0x00, 0x3F, 0x80, 0x02, 0xFC, 0x00, 0x1F,
    0xD0, 0x01, 0xFD, 0x00, 0x1F, 0xD0, 0x01, 0xFD, 0x00, 0x1F, 0xD0, 0x01, 0xFD, 0x00, 0x1F, 0xD0,
    0x01, 0xFD, 0x00, 0x1F, 0xD0, 0x02, 0xFC, 0x00, 0x7F, 0x80, 0x2F, 0xE0, 0x7F, 0xF0, 0x00, 0x2F,
    0xE0, 0x00, 0x3F, 0x80, 0x02, 0xFC, 0x00, 0x1F, 0xD0, 0x01, 0xFD, 0x00, 0x1F, 0xD0, 0x01, 0xFD,
    0x00, 0x1F, 0xD0, 0x01, 0xFD, 0x00, 0x1F, 0xD0, 0x01, 0xFD, 0x00, 0x1F, 0xD0, 0x02, 0xFC, 0x00,
    0x7F, 0x81, 0xBF, 0xE0, 0x3E, 0x90, 0x00, 0x00, 0x00, 0x00, 0x24, 0x0B, 0xD0, 0x01, 0xF0, 0xFF,
    0xC0, 0x0F, 0xC3, 0xFF, 0x80, 0xBE, 0x0F, 0xFE, 0x03, 0xF8, 0x3F, 0xF0, 0x2F, 0xE0, 0x2F, 0x41,
    0xFF, 0x40, 0x00, 0x0F, 0xFC, 0x00, 0x00, 0x7F, 0xC0, 0x00, 0x03, 0xFE, 0x00, 0x00, 0x2F, 0xF0,
    0x00, 0x00, 0xFF, 0x80, 0x00, 0x0B, 0xFC, 0x00, 0x00, 0x3F, 0xD0, 0x00, 0x02, 0xFF, 0x00, 0x00,
    0x1F, 0xF4, 0x00, 0x00, 0xFF, 0x80, 0x00, 0x07, 0xFE, 0xF8, 0x00, 0x3F, 0xFF, 0xFC, 0x02, 0xFF,
    0xBF, 0xF0, 0x0F, 0xF6, 0xFF, 0xC0, 0xBF, 0xC3, 0xFF, 0x03, 0xFD, 0x07, 0xE0, 0x2F, 0xF0, 0x00,
    0x00, 0x1F, 0x00, 0x00, 0x00, 0x38, 0x00, 0x00, 0x00, 0xC0, 0x00, 0x00, 0x00, 0x00, 0x00, 0x00,
    0x00, 0x7F, 0xE0, 0x00, 0x79, 0x02, 0xD0, 0x0D, 0x00, 0x07, 0x43, 0x80, 0x00, 0x1C, 0x70, 0x00,
    0x00, 0xD5, 0x00, 0x00, 0x06, 0x00, 0x00, 0x00, 0x00, 0x00, 0x00, 0x00, 0x74, 0x00, 0x00, 0x00,
    0x00, 0x00, 0x74, 0x00, 0x00, 0x00, 0x00, 0x6F, 0xFF, 0x90, 0x1C, 0x00, 0x1F, 0xF4, 0x74, 0x6E,
    0xFD, 0x00, 0xFF, 0x40, 0x74, 0x07, 0xFD, 0x07, 0xFC, 0x00, 0x74, 0x01, 0xFD, 0x0F, 0xF0, 0x00,
    0x74, 0x00, 0xBD, 0x3F, 0xE0, 0x00, 0x74, 0x00, 0x3D, 0x7F, 0xD0, 0x00, 0x74, 0x00, 0x3D, 0xBF,
    0xD0, 0x00, 0x74, 0x00, 0x1C, 0xFF, 0xC0, 0x00, 0x74, 0x00, 0x00, 0xFF, 0xC0, 0x00, 0x74, 0x00,
    0x00, 0xFF, 0xC0, 0x00, 0x74, 0x00, 0x00, 0xBF, 0xC0, 0x00, 0x74, 0x00, 0x00, 0xBF, 0xD0, 0x00,
    0x74, 0x00, 0x0C, 0x3F, 0xF0, 0x00, 0x74, 0x00, 0x1C, 0x3F, 0xF0, 0x00, 0x74, 0x00, 0x3C, 0x0F,
    0xFC, 0x00, 0x74, 0x00, 0xB8, 0x07, 0xFF, 0x40, 0x74, 0x02, 0xF0, 0x02, 0xFF, 0xF9, 0x74, 0x6F,
    0xD0, 0x00, 0x7F, 0xFF, 0xFF, 0xFF, 0x40, 0x00, 0x0B, 0xFF, 0xFF, 0xFD, 0x00, 0x00, 0x00, 0x6F,
    0xFF, 0x90, 0x00, 0x00, 0x00, 0x00, 0x74, 0x00, 0x00, 0x00, 0x00, 0x06, 0xFF, 0x40, 0x00, 0x00,
    0x03, 0xF0, 0x1F, 0x00, 0x00, 0x00, 0xFC, 0x00, 0x3C, 0x00, 0x00, 0x2F, 0x80, 0x00, 0xD0, 0x00,
    0x03, 0xF4, 0x00, 0x7F, 0x00, 0x00, 0x3F, 0x40, 0x0F, 0xF0, 0x00, 0x07, 0xF4, 0x00, 0xFF, 0x00,
    0x00, 0x7F, 0x40, 0x07, 0xD0, 0x00, 0x07, 0xF4, 0x00, 0x00, 0x00, 0x00, 0x7F, 0x40, 0x00, 0x00,
    0x00, 0xFF, 0xFF, 0xF0, 0x00, 0x00, 0x00, 0x7F, 0x40, 0x00, 0x00, 0x00, 0x07, 0xF4, 0x00, 0x00,
    0x00, 0x00, 0x7F, 0x40, 0x00, 0x00, 0x00, 0x07, 0xF4, 0x00, 0x00, 0x00, 0x0F, 0xFF, 0xFF, 0x00,
    0x00, 0x00, 0x07, 0xF4, 0x00, 0x00, 0x00, 0x00, 0x7F, 0x40, 0x00, 0x0C, 0x1B, 0xFF, 0xF0, 0x00,
    0x02, 0xCB, 0xFF, 0xFF, 0x40, 0x00, 0xB8, 0xF4, 0x7F, 0xFF, 0xE7, 0xFF, 0x07, 0xFF, 0x83, 0xFF,
    0xFE, 0x40, 0x00, 0x00, 0x00, 0x00, 0x00, 0x00, 0x0A, 0xAA, 0xA0, 0x00, 0x00, 0xAA, 0xAA, 0x80,
    0x3F, 0xFF, 0xF0, 0x00, 0x03, 0xFF, 0xFF, 0x00, 0x02, 0xFF, 0xF0, 0x00, 0x00, 0x2E, 0x00, 0x00,
    0x0B, 0xFF, 0xF0, 0x00, 0x00, 0x74, 0x00, 0x00, 0x2C, 0xFF, 0xE0, 0x00, 0x01, 0xD0, 0x00, 0x00,
    0xB0, 0xFF, 0xE0, 0x00, 0x07, 0x40, 0x00, 0x02, 0xC0, 0xFF, 0xD0, 0x00, 0x1D, 0x00, 0x00, 0x0B,
    0x01, 0xFF, 0xD0, 0x00, 0x74, 0x00, 0x7F, 0xFF, 0xFF, 0xFF, 0xFF, 0xFF, 0xFF, 0xF0, 0x00, 0xB0,
    0x02, 0xFF, 0xC0, 0x07, 0x40, 0x00, 0x02, 0xC0, 0x02, 0xFF, 0x80, 0x1D, 0x00, 0x00, 0x0B, 0x00,
    0x03, 0xFF, 0x80, 0x74, 0x00, 0x00, 0x2C, 0x00, 0x03, 0xFF, 0x41, 0xD0, 0x00, 0x00, 0xB0, 0x00,
    0x03, 0xFF, 0x47, 0x40, 0x00, 0x02, 0xC0, 0x00, 0x07, 0xFF, 0x1D, 0x00, 0x0B, 0xFF, 0xFF, 0xFF,
    0xFF, 0xFF, 0xFF, 0xF8, 0x15, 0x7D, 0x55, 0x55, 0x5B, 0xFF, 0xE5, 0x50, 0x00, 0xB0, 0x00, 0x00,
    0x0B, 0xFF, 0x40, 0x00, 0x02, 0xC0, 0x00, 0x00, 0x0F, 0xFD, 0x00, 0x00, 0x0B, 0x00, 0x00, 0x00,
    0x0F, 0xF4, 0x00, 0x00, 0x2C, 0x00, 0x00, 0x00, 0x0F, 0xD0, 0x00, 0x2A, 0xFE, 0x90, 0x00, 0x00,
    0x1F, 0x40, 0x00, 0xFF, 0xFF, 0x80, 0x00, 0x00, 0x1C, 0x00, 0x00, 0x3F, 0xFF, 0xFE, 0x07, 0xFF,
    0xFF, 0xD0, 0x0B, 0xFE, 0xF4, 0x03, 0xFE, 0x00, 0x00, 0x7F, 0xD0, 0x00, 0x00, 0xB0, 0x00, 0x0F,
    0xFC, 0x00, 0x00, 0xFF, 0xC0, 0x00, 0x02, 0x80, 0x00, 0x1F, 0xF4, 0x00, 0x02, 0xFF, 0x00, 0x00,
    0x0D, 0x00, 0x00, 0x3F, 0xF0, 0x00, 0x07, 0xFE, 0x00, 0x00, 0x70, 0x00, 0x00, 0xBF, 0xC0, 0x00,
    0x2F, 0xFC, 0x00, 0x03, 0x80, 0x00, 0x01, 0xFF, 0x80, 0x00, 0xFF, 0xF4, 0x00, 0x0D, 0x00, 0x01,
    0xFF, 0xFF, 0xFF, 0xFF, 0xFF, 0xFF, 0xFF, 0xFF, 0xE0, 0x00, 0x07, 0xFD, 0x00, 0x3C, 0xBF, 0xC0,
    0x03, 0x80, 0x00, 0x00, 0x0F, 0xFC, 0x01, 0xD1, 0xFF, 0x80, 0x1C, 0x00, 0x00, 0x00, 0x2F, 0xF0,
    0x0B, 0x03, 0xFF, 0x00, 0xF0, 0x00, 0x00, 0x00, 0x3F, 0xE0, 0x38, 0x07, 0xFD, 0x07, 0x40, 0x00,
    0x00, 0x00, 0xFF, 0xC1, 0xD0, 0x0F, 0xFC, 0x2C, 0x00, 0x00, 0x00, 0x01, 0xFF, 0x4F, 0x00, 0x2F,
    0xF0, 0xE0, 0x00, 0x00, 0x7F, 0xFF, 0xFF, 0xFF, 0xFF, 0xFF, 0xFF, 0xFF, 0xF8, 0x00, 0x00, 0x0B,
    0xFF, 0x80, 0x00, 0xFF, 0xF8, 0x00, 0x00, 0x00, 0x00, 0x1F, 0xFC, 0x00, 0x01, 0xFF, 0xC0, 0x00,
    0x00, 0x00, 0x00, 0x3F, 0xF0, 0x00, 0x03, 0xFE, 0x00, 0x00, 0x00, 0x00, 0x00, 0xBF, 0x40, 0x00,
    0x0F, 0xF0, 0x00, 0x00, 0x00, 0x00, 0x00, 0xFC, 0x00, 0x00, 0x1F, 0xC0, 0x00, 0x00, 0x00, 0x00,
    0x01, 0xE0, 0x00, 0x00, 0x3D, 0x00, 0x00, 0x00, 0x00, 0x00, 0x00, 0x00, 0x00, 0x00, 0x00, 0x00,
    0x00, 0x00, 0x00, 0x00, 0x00, 0x5B, 0x80, 0x00, 0x00, 0x07, 0xFF, 0x80, 0x00, 0x00, 0x00, 0x3F,
    0x80, 0x00, 0x00, 0x00, 0x3F, 0x80, 0x00, 0x1F, 0xFF, 0xFF, 0xF4, 0x00, 0x00, 0x00, 0x3F, 0x80,
    0x00, 0x00, 0x00, 0x3F, 0x80, 0x00, 0x6F, 0xFD, 0x3F, 0x80, 0x03, 0xF8, 0x06, 0xFF, 0x80, 0x0F,
    0xD0, 0x00, 0xBF, 0x80, 0x3F, 0xC0, 0x00, 0x3F, 0x80, 0x7F, 0x80, 0x00, 0x3F, 0x80, 0xBF, 0x80,
    0x00, 0x3F, 0x80, 0xBF, 0x40, 0x00, 0x3F, 0x80, 0xBF, 0x80, 0x00, 0x3F, 0x80, 0x7F, 0x80, 0x00,
    0x3F, 0x80, 0x3F, 0xC0, 0x00, 0x3F, 0x80, 0x1F, 0xD0, 0x00, 0xBF, 0x80, 0x07, 0xF4, 0x07, 0xFF,
    0xC0, 0x00, 0x6F, 0xF9, 0x7F, 0xF8, 0x00, 0x00, 0x00, 0x00, 0x00, 0x00, 0x00, 0x00, 0x00, 0x00,
    0x00, 0x00, 0x00, 0x00, 0x00, 0x1F, 0xFF, 0xFF, 0xFF, 0xFC, 0x00, 0x00, 0x00, 0x00, 0x00, 0x00,
    0x00, 0x00, 0x06, 0xFF, 0x90, 0x00, 0x00, 0x00, 0x01, 0xFF, 0xFF, 0xF8, 0x00, 0x00, 0x00, 0x2F,
    0xFF, 0xFF, 0xFD, 0x00, 0x00, 0x02, 0xFF, 0xFF, 0xFF, 0xFC, 0x00, 0x00, 0x2F, 0xFE, 0x00, 0x6F,
    0xE0, 0x00, 0x00, 0xFF, 0xC0, 0x00, 0x0F, 0x40, 0x00, 0x0F, 0xFC, 0x00, 0x00, 0x04, 0x00, 0x00,
    0x3F, 0xC0, 0x00, 0x00, 0x00, 0x3F, 0xFF, 0xFF, 0xFF, 0xFF, 0xFF, 0x00, 0xFF, 0xFF, 0xFF, 0xFF,
    0xFF, 0xF8, 0x07, 0xFF, 0xFF, 0xFF, 0xFF, 0xFF, 0xC0, 0x0F, 0xFF, 0xFF, 0xFF, 0xFF, 0xFC, 0x00,
    0x3F, 0xFF, 0xFF, 0xFF, 0xFF, 0xF0, 0x01, 0xFF, 0xFF, 0xFF, 0xFF, 0xFF, 0x40, 0x00, 0x00, 0x0F,
    0xF0, 0x00, 0x00, 0x00, 0x00, 0x00, 0x2F, 0xF4, 0x00, 0x00, 0x1C, 0x00, 0x00, 0x3F, 0xFD, 0x00,
    0x1B, 0xF0, 0x00, 0x00, 0x3F, 0xFF, 0xFF, 0xFF, 0xC0, 0x00, 0x00, 0x3F, 0xFF, 0xFF, 0xFE, 0x00,
    0x00, 0x00, 0x2F, 0xFF, 0xFF, 0xD0, 0x00, 0x00, 0x00, 0x06, 0xFF, 0xE4, 0x00, 0x00, 0x00, 0x00,
    0x74, 0x00, 0x00, 0x00, 0x00, 0x00, 0x07, 0x40, 0x00, 0x00, 0x00, 0x00, 0x6F, 0xFF, 0x90, 0x1C,
    0x00, 0x01, 0xFF, 0x47, 0x46, 0xEF, 0xD0, 0x00, 0xBF, 0x40, 0x74, 0x07, 0xFD, 0x00, 0x3F, 0xC0,
    0x07, 0x40, 0x1F, 0xD0, 0x0F, 0xF4, 0x00, 0x74, 0x00, 0xBD, 0x02, 0xFF, 0x00, 0x07, 0x40, 0x03,
    0xD0, 0x3F, 0xE0, 0x00, 0x74, 0x00, 0x2D, 0x0B, 0xFD, 0x00, 0x07, 0x40, 0x01, 0xC0, 0xBF, 0xC0,
    0x00, 0x74, 0x00, 0x00, 0x0F, 0xFC, 0x00, 0x07, 0x40, 0x00, 0x00, 0xFF, 0xC0, 0x00, 0x74, 0x00,
    0x00, 0x0F, 0xFC, 0x00, 0x07, 0x40, 0x00, 0x00, 0xBF, 0xD0, 0x00, 0x7F, 0xFF, 0xFF, 0xF7, 0xFE,
    0x00, 0x07, 0xFF, 0xFF, 0xFF, 0x3F, 0xF0, 0x00, 0x7F, 0xFF, 0xFF, 0xF1, 0xFF, 0xC0, 0x07, 0x40,
    0x7F, 0xD0, 0x0B, 0xFF, 0x40, 0x74, 0x07, 0xFD, 0x00, 0x2F, 0xFF, 0x97, 0x41, 0xFF, 0xD0, 0x00,
    0xBF, 0xFF, 0xFF, 0xFC, 0xBD, 0x00, 0x00, 0xBF, 0xFF, 0xFF, 0x02, 0xD0, 0x00, 0x00, 0x6F, 0xFF,
    0x40, 0x00, 0x00, 0x00, 0x00, 0x07, 0x40, 0x00, 0x00, 0x00, 0x00, 0x00, 0x00, 0x00, 0x00, 0x00,
    0x00, 0x00, 0x00, 0x01, 0xF0, 0x00, 0x00, 0x00, 0x00, 0x00, 0x00, 0x3F, 0xC0, 0x00, 0x00, 0x00,
    0x00, 0x00, 0x0B, 0xFD, 0x00, 0x00, 0x00, 0x00, 0x00, 0x00, 0xFF, 0xF0, 0x00, 0x00, 0x00, 0x00,
    0x00, 0x3F, 0xFF, 0x80, 0x00, 0x00, 0x00, 0x00, 0x07, 0x8F, 0xFD, 0x00, 0x00, 0x00, 0x00, 0x00,
    0xF0, 0xBF, 0xF0, 0x00, 0x00, 0x00, 0x00, 0x2D, 0x03, 0xFF, 0x40, 0x00, 0x00, 0x00, 0x03, 0xC0,
    0x1F, 0xFC, 0x00, 0x00, 0x00, 0x00, 0xF0, 0x00, 0xFF, 0xE0, 0x00, 0x00, 0x00, 0x1E, 0x00, 0x03,
    0xFF, 0x40, 0x00, 0x00, 0x03, 0xC0, 0x00, 0x2F, 0xFC, 0x00, 0x00, 0x00, 0xB4, 0x00, 0x00, 0xFF,
    0xD0, 0x00, 0x00, 0x0F, 0x00, 0x00, 0x07, 0xFF, 0x00, 0x00, 0x03, 0xC0, 0x00, 0x00, 0x3F, 0xF8,
    0x00, 0x00, 0x78, 0x00, 0x00, 0x00, 0xFF, 0xD0, 0x00, 0x0F, 0x00, 0x00, 0x00, 0x0B, 0xFF, 0x00,
    0x02, 0xD0, 0x00, 0x00, 0x00, 0x3F, 0xF4, 0x00, 0x3C, 0x00, 0x00, 0x00, 0x01, 0xFF, 0xC0, 0x0F,
    0xFF, 0xFF, 0xFF, 0xFF, 0xFF, 0xFE, 0x01, 0xFF, 0xFF, 0xFF, 0xFF, 0xFF, 0xFF, 0xF4, 0x3F, 0xFF,
    0xFF, 0xFF, 0xFF, 0xFF, 0xFF, 0xC7, 0xFF, 0xFF, 0xFF, 0xFF, 0xFF, 0xFF, 0xFD, 0x00, 0x00, 0x00,
    0x00, 0x00, 0x00, 0x00, 0x00, 0x20, 0x00, 0x00, 0x00, 0x00, 0x30, 0x00, 0x00, 0x00, 0x00, 0xB0,
    0x00, 0x00, 0x00, 0x00, 0xF0, 0x00, 0x00, 0x00, 0x00, 0xF8, 0x00, 0x00, 0x00, 0x01, 0xFF, 0xFF,
    0x00, 0x00, 0x03, 0xFD, 0x00, 0x00, 0x00, 0x03, 0xFC, 0x00, 0x00, 0x00, 0x07, 0xFC, 0x00, 0x00,
    0x00, 0x0B, 0xF4, 0x00, 0x00, 0x00, 0x0F, 0xF0, 0x00, 0x00, 0x00, 0x1F, 0xF0, 0x00, 0x00, 0x00,
    0x2F, 0xE0, 0x00, 0x00, 0x00, 0x3F, 0xC0, 0x00, 0x00, 0x00, 0x7F, 0xC0, 0x00, 0x00, 0x00, 0xBF,
    0x80, 0x00, 0x00, 0x00, 0xFF, 0x00, 0x00, 0x00, 0x10, 0xFF, 0x00, 0x00, 0x00, 0x31, 0xFE, 0x00,
    0x00, 0x00, 0xF5, 0xFD, 0x00, 0x00, 0x02, 0xF9, 0xFC, 0x00, 0x00, 0x07, 0xFD, 0xF8, 0x00, 0x00,
    0x0D, 0xFE, 0xF4, 0x00, 0x00, 0x28, 0xBF, 0xF0, 0x00, 0x00, 0x20, 0x7F, 0xE0, 0x00, 0x00, 0x00,
    0x7F, 0xD0, 0x00, 0x00, 0x00, 0x3F, 0xC0, 0x00, 0x00, 0x00, 0x3F, 0xC0, 0x00, 0x00, 0x00, 0x2F,
    0x40, 0x00, 0x00, 0x00, 0x1F, 0x00, 0x00, 0x00, 0x00, 0x0E, 0x00, 0x00, 0x00, 0x00, 0x00, 0x00,
    0x00, 0x00,
};

static const EpdGlyph cmu_16_boldGlyphs[] = {
    { 0, 0, 11, 0, 0, 0, 0 }, // 
    { 0, 0, 13, 0, 0, 0, 0 }, //  
    { 6, 24, 12, 3, 24, 36, 0 }, // !
    { 11, 13, 19, 4, 24, 36, 36 }, // "
    { 28, 31, 32, 2, 24, 217, 72 }, // #
    { 15, 25, 19, 2, 24, 94, 289 }, // $
    { 28, 27, 32, 2, 25, 189, 383 }, // %
    { 27, 23, 29, 1, 23, 156, 572 }, // &
    { 5, 13, 11, 3, 24, 17, 728 }, // '
    { 10, 34, 15, 3, 25, 85, 745 }, // (
    { 10, 34, 15, 2, 25, 85, 830 }, // )
    { 15, 15, 19, 2, 25, 57, 915 }, // *
    { 26, 26, 29, 2, 21, 169, 972 }, // +
    { 7, 11, 11, 2, 5, 20, 1141 }, // ,
    { 11, 3, 13, 0, 9, 9, 1161 }, // -
    { 6, 5, 11, 2, 5, 8, 1170 }, // .
    { 15, 34, 19, 2, 25, 128, 1178 }, // /
    { 17, 21, 19, 1, 21, 90, 1306 }, // 0
    { 15, 22, 19, 2, 21, 83, 1396 }, // 1
    { 17, 22, 19, 1, 22, 94, 1479 }, // 2
    { 17, 21, 19, 1, 21, 90, 1573 }, // 3
    { 17, 22, 19, 1, 21, 94, 1663 }, // 4
    { 17, 21, 19, 1, 21, 90, 1757 }, // 5
    { 17, 21, 19, 1, 21, 90, 1847 }, // 6
    { 17, 23, 19, 2, 23, 98, 1937 }, // 7
    { 17, 21, 19, 1, 21, 90, 2035 }, // 8
    { 17, 21, 19, 1, 21, 90, 2125 }, // 9
    { 6, 15, 11, 2, 15, 23, 2215 }, // :
    { 7, 21, 11, 2, 15, 37, 2238 }, // ;
    { 24, 22, 29, 3, 19, 132, 2275 }, // <
    { 26, 8, 29, 2, 12, 52, 2407 }, // =
    { 24, 22, 29, 3, 19, 132, 2459 }, // >
    { 14, 23, 18, 2, 23, 81, 2591 }, // ?
    { 26, 23, 29, 2, 23, 150, 2672 }, // @
    { 27, 23, 29, 1, 23, 156, 2822 }, // A
    { 24, 23, 27, 1, 23, 138, 2978 }, // B
    { 24, 23, 27, 2, 23, 138, 3116 }, // C
    { 26, 23, 29, 1, 23, 150, 3254 }, // D
    { 23, 23, 25, 1, 23, 133, 3404 }, // E
    { 22, 23, 24, 1, 23, 127, 3537 }, // F
    { 26, 23, 30, 2, 23, 150, 3664 }, // G
    { 28, 23, 30, 1, 23, 161, 3814 }, // H
    { 13, 24, 14, 1, 24, 78, 3975 }, // I
    { 18, 24, 20, 0, 24, 108, 4053 }, // J
    { 28, 23, 30, 1, 23, 161, 4161 }, // K
    { 21, 24, 23, 1, 24, 126, 4322 }, // L
    { 34, 23, 36, 1, 23, 196, 4448 }, // M
    { 28, 23, 30, 1, 23, 161, 4644 }, // N
    { 25, 23, 28, 2, 23, 144, 4805 }, // O
    { 23, 23, 26, 1, 23, 133, 4949 }, // P
    { 25, 29, 28, 2, 23, 182, 5082 }, // Q
    { 28, 23, 28, 1, 23, 161, 5264 }, // R
    { 17, 23, 21, 2, 23, 98, 5425 }, // S
    { 24, 24, 26, 1, 23, 144, 5523 }, // T
    { 27, 23, 29, 1, 23, 156, 5667 }, // U
    { 28, 23, 29, 0, 23, 161, 5823 }, // V
    { 39, 23, 39, 0, 23, 225, 5984 }, // W
    { 27, 23, 29, 1, 23, 156, 6209 }, // X
    { 29, 24, 29, 0, 23, 174, 6365 }, // Y
    { 20, 23, 23, 2, 23, 115, 6539 }, // Z
    { 7, 33, 11, 3, 25, 58, 6654 }, // [
    { 15, 34, 19, 2, 25, 128, 6712 }, // <backslash>
    { 8, 33, 11, 0, 25, 66, 6840 }, // ]
    { 15, 5, 23, 4, 20, 19, 6906 }, // ^
    { 24, 2, 29, 3, -8, 12, 6925 }, // _
    { 8, 6, 19, 3, 22, 12, 6937 }, // `
    { 18, 15, 18, 1, 15, 68, 6949 }, // a
    { 19, 23, 21, 1, 23, 110, 7017 }, // b
    { 15, 15, 17, 1, 15, 57, 7127 }, // c
    { 19, 23, 21, 1, 23, 110, 7184 }, // d
    { 16, 15, 17, 1, 15, 60, 7294 }, // e
    { 14, 24, 12, 1, 23, 84, 7354 }, // f
    { 18, 22, 19, 1, 15, 99, 7438 }, // g
    { 20, 23, 21, 1, 23, 115, 7537 }, // h
    { 9, 23, 11, 1, 23, 52, 7652 }, // i
    { 11, 30, 12, -2, 23, 83, 7704 }, // j
    { 19, 23, 20, 1, 23, 110, 7787 }, // k
    { 9, 23, 11, 1, 23, 52, 7897 }, // l
    { 30, 15, 32, 1, 15, 113, 7949 }, // m
    { 20, 15, 21, 1, 15, 75, 8062 }, // n
    { 17, 15, 19, 1, 15, 64, 8137 }, // o
    { 19, 21, 21, 1, 15, 100, 8201 }, // p
    { 19, 21, 20, 1, 15, 100, 8301 }, // q
    { 14, 15, 16, 1, 15, 53, 8401 }, // r
    { 13, 15, 15, 1, 15, 49, 8454 }, // s
    { 13, 20, 15, 0, 20, 65, 8503 }, // t
    { 20, 15, 21, 1, 15, 75, 8568 }, // u
    { 20, 15, 20, 0, 15, 75, 8643 }, // v
    { 27, 15, 27, 0, 15, 102, 8718 }, // w
    { 20, 15, 20, 0, 15, 75, 8820 }, // x
    { 20, 22, 20, 0, 15, 110, 8895 }, // y
    { 15, 15, 17, 1, 15, 57, 9005 }, // z
    { 15, 34, 19, 2, 26, 128, 9062 }, // {
    { 3, 34, 11, 4, 25, 26, 9190 }, // |
    { 15, 33, 19, 2, 25, 124, 9216 }, // }
    { 17, 3, 23, 3, 23, 13, 9340 }, // ~
    { 0, 0, 13, 0, 0, 0, 9353 }, //  
    { 6, 23, 12, 3, 16, 35, 9353 }, // ¡
    { 17, 21, 19, 1, 18, 90, 9388 }, // ¢
    { 22, 24, 24, 2, 23, 132, 9478 }, // £
    { 29, 24, 29, 0, 23, 174, 9610 }, // ¥
    { 13, 30, 17, 2, 23, 98, 9784 }, // §
    { 13, 5, 19, 3, 23, 17, 9882 }, // ¨
    { 39, 34, 42, 2, 25, 332, 9899 }, // ©
    { 16, 16, 17, 1, 25, 64, 10231 }, // ª
    { 15, 16, 21, 4, 16, 60, 10295 }, // «
    { 22, 11, 25, 2, 12, 61, 10355 }, // ¬
    { 11, 4, 13, 0, 9, 11, 10416 }, // ­
    { 39, 34, 42, 2, 25, 332, 10427 }, // ®
    { 15, 1, 19, 2, 23, 4, 10759 }, // ¯
    { 9, 9, 13, 2, 23, 21, 10763 }, // °
    { 26, 24, 29, 2, 23, 156, 10784 }, // ±
    { 8, 6, 19, 8, 22, 12, 10940 }, // ´
    { 20, 21, 21, 1, 15, 105, 10952 }, // µ
    { 21, 29, 23, 2, 23, 153, 11057 }, // ¶
    { 7, 5, 9, 1, 10, 9, 11210 }, // ·
    { 11, 7, 17, 3, 0, 20, 11219 }, // ¸
    { 15, 16, 17, 1, 25, 60, 11239 }, // º
    { 15, 16, 21, 2, 16, 60, 11299 }, // »
    { 14, 23, 18, 2, 16, 81, 11359 }, // ¿
    { 27, 29, 29, 1, 29, 196, 11440 }, // À
    { 27, 29, 29, 1, 29, 196, 11636 }, // Á
    { 27, 30, 29, 1, 30, 203, 11832 }, // Â
    { 27, 29, 29, 1, 29, 196, 12035 }, // Ã
    { 27, 29, 29, 1, 29, 196, 12231 }, // Ä
    { 27, 30, 29, 1, 30, 203, 12427 }, // Å
    { 33, 23, 34, 1, 23, 190, 12630 }, // Æ
    { 24, 30, 27, 2, 23, 180, 12820 }, // Ç
    { 23, 29, 25, 1, 29, 167, 13000 }, // È
    { 23, 29, 25, 1, 29, 167, 13167 }, // É
    { 23, 30, 25, 1, 30, 173, 13334 }, // Ê
    { 23, 29, 25, 1, 29, 167, 13507 }, // Ë
    { 13, 29, 14, 1, 29, 95, 13674 }, // Ì
    { 13, 29, 14, 1, 29, 95, 13769 }, // Í
    { 13, 30, 14, 1, 30, 98, 13864 }, // Î
    { 14, 29, 14, 0, 29, 102, 13962 }, // Ï
    { 26, 23, 29, 1, 23, 150, 14064 }, // Ð
    { 28, 29, 30, 1, 29, 203, 14214 }, // Ñ
    { 25, 29, 28, 2, 29, 182, 14417 }, // Ò
    { 25, 29, 28, 2, 29, 182, 14599 }, // Ó
    { 25, 30, 28, 2, 30, 188, 14781 }, // Ô
    { 25, 29, 28, 2, 29, 182, 14969 }, // Õ
    { 25, 29, 28, 2, 29, 182, 15151 }, // Ö
    { 26, 27, 29, 2, 25, 176, 15333 }, // Ø
    { 27, 29, 29, 1, 29, 196, 15509 }, // Ù
    { 27, 29, 29, 1, 29, 196, 15705 }, // Ú
    { 27, 30, 29, 1, 30, 203, 15901 }, // Û
    { 27, 29, 29, 1, 29, 196, 16104 }, // Ü
    { 29, 30, 29, 0, 29, 218, 16300 }, // Ý
    { 21, 24, 24, 1, 24, 126, 16518 }, // Þ
    { 18, 23, 20, 1, 23, 104, 16644 }, // ß
    { 18, 22, 18, 1, 22, 99, 16748 }, // à
    { 18, 22, 18, 1, 22, 99, 16847 }, // á
    { 18, 22, 18, 1, 22, 99, 16946 }, // â
    { 18, 20, 18, 1, 20, 90, 17045 }, // ã
    { 18, 23, 18, 1, 23, 104, 17135 }, // ä
    { 18, 22, 18, 1, 22, 99, 17239 }, // å
    { 26, 15, 27, 1, 15, 98, 17338 }, // æ
    { 15, 22, 17, 1, 15, 83, 17436 }, // ç
    { 16, 21, 17, 1, 21, 84, 17519 }, // è
    { 16, 22, 17, 1, 22, 88, 17603 }, // é
    { 16, 22, 17, 1, 22, 88, 17691 }, // ê
    { 16, 23, 17, 1, 23, 92, 17779 }, // ë
    { 11, 22, 11, -1, 22, 61, 17871 }, // ì
    { 10, 22, 11, 1, 22, 55, 17932 }, // í
    { 11, 22, 11, 0, 22, 61, 17987 }, // î
    { 13, 23, 13, 0, 23, 75, 18048 }, // ï
    { 17, 23, 19, 1, 23, 98, 18123 }, // ð
    { 20, 20, 21, 1, 20, 100, 18221 }, // ñ
    { 17, 22, 19, 1, 22, 94, 18321 }, // ò
    { 17, 22, 19, 1, 22, 94, 18415 }, // ó
    { 17, 22, 19, 1, 22, 94, 18509 }, // ô
    { 17, 20, 19, 1, 20, 85, 18603 }, // õ
    { 17, 23, 19, 1, 23, 98, 18688 }, // ö
    { 26, 22, 29, 2, 19, 143, 18786 }, // ÷
    { 17, 23, 19, 1, 19, 98, 18929 }, // ø
    { 20, 23, 21, 1, 22, 115, 19027 }, // ù
    { 20, 23, 21, 1, 22, 115, 19142 }, // ú
    { 20, 23, 21, 1, 22, 115, 19257 }, // û
    { 20, 24, 21, 1, 23, 120, 19372 }, // ü
    { 20, 29, 20, 0, 22, 145, 19492 }, // ý
    { 19, 30, 21, 1, 24, 143, 19637 }, // þ
    { 20, 30, 20, 0, 23, 150, 19780 }, // ÿ
    { 27, 27, 29, 1, 27, 183, 19930 }, // Ā
    { 18, 19, 18, 1, 19, 86, 20113 }, // ā
    { 27, 29, 29, 1, 29, 196, 20199 }, // Ă
    { 18, 21, 18, 1, 21, 95, 20395 }, // ă
    { 27, 30, 29, 1, 23, 203, 20490 }, // Ą
    { 18, 22, 18, 1, 15, 99, 20693 }, // ą
    { 24, 29, 27, 2, 29, 174, 20792 }, // Ć
    { 15, 22, 17, 1, 22, 83, 20966 }, // ć
    { 24, 30, 27, 2, 30, 180, 21049 }, // Ĉ
    { 15, 22, 17, 1, 22, 83, 21229 }, // ĉ
    { 24, 30, 27, 2, 30, 180, 21312 }, // Ċ
    { 15, 23, 17, 1, 23, 87, 21492 }, // ċ
    { 24, 30, 27, 2, 30, 180, 21579 }, // Č
    { 15, 22, 17, 1, 22, 83, 21759 }, // č
    { 26, 30, 29, 1, 30, 195, 21842 }, // Ď
    { 24, 25, 27, 1, 25, 150, 22037 }, // ď
    { 26, 23, 29, 1, 23, 150, 22187 }, // Đ
    { 19, 23, 21, 1, 23, 110, 22337 }, // đ
    { 23, 27, 25, 1, 27, 156, 22447 }, // Ē
    { 16, 19, 17, 1, 19, 76, 22603 }, // ē
    { 23, 30, 25, 1, 30, 173, 22679 }, // Ė
    { 16, 23, 17, 1, 23, 92, 22852 }, // ė
    { 23, 30, 25, 1, 23, 173, 22944 }, // Ę
    { 16, 22, 17, 1, 15, 88, 23117 }, // ę
    { 23, 30, 25, 1, 30, 173, 23205 }, // Ě
    { 16, 22, 17, 1, 22, 88, 23378 }, // ě
    { 26, 30, 30, 2, 30, 195, 23466 }, // Ĝ
    { 18, 29, 19, 1, 22, 131, 23661 }, // ĝ
    { 26, 29, 30, 2, 29, 189, 23792 }, // Ğ
    { 18, 28, 19, 1, 21, 126, 23981 }, // ğ
    { 26, 30, 30, 2, 30, 195, 24107 }, // Ġ
    { 18, 30, 19, 1, 23, 135, 24302 }, // ġ
    { 28, 30, 30, 1, 30, 210, 24437 }, // Ĥ
    { 20, 30, 21, 1, 30, 150, 24647 }, // ĥ
    { 22, 24, 22, 0, 23, 132, 24797 }, // ħ
    { 15, 26, 14, 0, 26, 98, 24929 }, // Ī
    { 15, 19, 11, -2, 19, 72, 25027 }, // ī
    { 13, 31, 14, 1, 31, 101, 25099 }, // İ
    { 9, 15, 11, 1, 15, 34, 25200 }, // ı
    { 18, 30, 20, 0, 30, 135, 25234 }, // Ĵ
    { 15, 29, 12, -2, 22, 109, 25369 }, // ĵ
    { 21, 29, 23, 1, 29, 153, 25478 }, // Ĺ
    { 11, 29, 11, 1, 29, 80, 25631 }, // ĺ
    { 21, 28, 23, 1, 28, 147, 25711 }, // Ľ
    { 14, 25, 17, 1, 25, 88, 25858 }, // ľ
    { 21, 24, 23, 1, 24, 126, 25946 }, // Ł
    { 10, 24, 13, 2, 23, 60, 26072 }, // ł
    { 28, 29, 30, 1, 29, 203, 26132 }, // Ń
    { 20, 22, 21, 1, 22, 110, 26335 }, // ń
    { 28, 30, 30, 1, 30, 210, 26445 }, // Ň
    { 20, 22, 21, 1, 22, 110, 26655 }, // ň
    { 25, 28, 28, 2, 28, 175, 26765 }, // Ő
    { 18, 22, 19, 1, 22, 99, 26940 }, // ő
    { 36, 23, 39, 2, 23, 207, 27039 }, // Œ
    { 28, 16, 29, 1, 15, 112, 27246 }, // œ
    { 28, 29, 28, 1, 29, 203, 27358 }, // Ŕ
    { 14, 22, 16, 1, 22, 77, 27561 }, // ŕ
    { 28, 30, 28, 1, 30, 210, 27638 }, // Ř
    { 14, 22, 16, 1, 22, 77, 27848 }, // ř
    { 17, 29, 21, 2, 29, 124, 27925 }, // Ś
    { 13, 23, 15, 1, 22, 75, 28049 }, // ś
    { 17, 30, 21, 2, 30, 128, 28124 }, // Ŝ
    { 13, 23, 15, 1, 22, 75, 28252 }, // ŝ
    { 17, 30, 21, 2, 23, 128, 28327 }, // Ş
    { 13, 22, 15, 1, 15, 72, 28455 }, // ş
    { 17, 30, 21, 2, 30, 128, 28527 }, // Š
    { 13, 23, 15, 1, 22, 75, 28655 }, // š
    { 25, 30, 26, 1, 23, 188, 28730 }, // Ţ
    { 15, 29, 15, 0, 22, 109, 28918 }, // ţ
    { 24, 31, 26, 1, 30, 186, 29027 }, // Ť
    { 16, 26, 15, 0, 26, 104, 29213 }, // ť
    { 27, 27, 29, 1, 27, 183, 29317 }, // Ū
    { 20, 20, 21, 1, 19, 100, 29500 }, // ū
    { 27, 29, 29, 1, 29, 196, 29600 }, // Ŭ
    { 20, 22, 21, 1, 21, 110, 29796 }, // ŭ
    { 27, 30, 29, 1, 30, 203, 29906 }, // Ů
    { 20, 23, 21, 1, 22, 115, 30109 }, // ů
    { 27, 28, 29, 1, 28, 189, 30224 }, // Ű
    { 20, 23, 21, 1, 22, 115, 30413 }, // ű
    { 29, 30, 29, 0, 29, 218, 30528 }, // Ÿ
    { 20, 29, 23, 2, 29, 145, 30746 }, // Ź
    { 15, 22, 17, 1, 22, 83, 30891 }, // ź
    { 20, 31, 23, 2, 31, 155, 30974 }, // Ż
    { 15, 23, 17, 1, 23, 87, 31129 }, // ż
    { 20, 30, 23, 2, 30, 150, 31216 }, // Ž
    { 15, 22, 17, 1, 22, 83, 31366 }, // ž
    { 23, 29, 25, 1, 29, 167, 31449 }, // Ѐ
    { 23, 29, 25, 1, 29, 167, 31616 }, // Ё
    { 30, 23, 32, 1, 23, 173, 31783 }, // Ђ
    { 21, 29, 23, 1, 29, 153, 31956 }, // Ѓ
    { 24, 23, 27, 2, 23, 138, 32109 }, // Є
    { 17, 24, 21, 2, 24, 102, 32247 }, // Ѕ
    { 13, 24, 14, 1, 24, 78, 32349 }, // І
    { 14, 30, 14, 0, 30, 105, 32427 }, // Ї
    { 18, 24, 20, 0, 24, 108, 32532 }, // Ј
    { 38, 23, 41, 1, 23, 219, 32640 }, // Љ
    { 38, 24, 41, 1, 24, 228, 32859 }, // Њ
    { 28, 24, 29, 1, 23, 168, 33087 }, // Ћ
    { 28, 28, 30, 1, 28, 196, 33255 }, // Ќ
    { 28, 29, 30, 1, 29, 203, 33451 }, // Ѝ
    { 27, 30, 29, 1, 30, 203, 33654 }, // Ў
    { 28, 31, 30, 1, 24, 217, 33857 }, // Џ
    { 27, 23, 29, 1, 23, 156, 34074 }, // А
    { 24, 23, 27, 1, 23, 138, 34230 }, // Б
    { 24, 23, 27, 1, 23, 138, 34368 }, // В
    { 21, 23, 23, 1, 23, 121, 34506 }, // Г
    { 31, 30, 30, -1, 23, 233, 34627 }, // Д
    { 23, 23, 25, 1, 23, 133, 34860 }, // Е
    { 43, 23, 45, 1, 23, 248, 34993 }, // Ж
    { 21, 23, 23, 1, 23, 121, 35241 }, // З
    { 28, 24, 30, 1, 24, 168, 35362 }, // И
    { 28, 30, 30, 1, 30, 210, 35530 }, // Й
    { 28, 23, 30, 1, 23, 161, 35740 }, // К
    { 28, 23, 30, 1, 23, 161, 35901 }, // Л
    { 34, 23, 36, 1, 23, 196, 36062 }, // М
    { 28, 24, 30, 1, 24, 168, 36258 }, // Н
    { 25, 23, 28, 2, 23, 144, 36426 }, // О
    { 28, 23, 30, 1, 23, 161, 36570 }, // П
    { 23, 23, 26, 1, 23, 133, 36731 }, // Р
    { 24, 23, 27, 2, 23, 138, 36864 }, // С
    { 25, 24, 26, 1, 23, 150, 37002 }, // Т
    { 27, 23, 29, 1, 23, 156, 37152 }, // У
    { 28, 25, 32, 2, 24, 175, 37308 }, // Ф
    { 27, 23, 29, 1, 23, 156, 37483 }, // Х
    { 29, 31, 30, 1, 24, 225, 37639 }, // Ц
    { 28, 24, 30, 1, 23, 168, 37864 }, // Ч
    { 42, 23, 44, 1, 23, 242, 38032 }, // Ш
    { 43, 30, 44, 1, 23, 323, 38274 }, // Щ
    { 31, 23, 33, 1, 23, 179, 38597 }, // Ъ
    { 35, 24, 37, 1, 24, 210, 38776 }, // Ы
    { 24, 24, 27, 1, 24, 144, 38986 }, // Ь
    { 24, 24, 27, 2, 24, 144, 39130 }, // Э
    { 39, 24, 42, 1, 24, 234, 39274 }, // Ю
    { 28, 23, 30, 1, 23, 161, 39508 }, // Я
    { 18, 15, 18, 1, 15, 68, 39669 }, // а
    { 17, 23, 19, 1, 23, 98, 39737 }, // б
    { 17, 15, 19, 1, 15, 64, 39835 }, // в
    { 15, 15, 16, 1, 15, 57, 39899 }, // г
    { 21, 20, 21, 0, 15, 105, 39956 }, // д
    { 16, 15, 17, 1, 15, 60, 40061 }, // е
    { 31, 15, 32, 0, 15, 117, 40121 }, // ж
    { 16, 15, 17, 0, 15, 60, 40238 }, // з
    { 19, 15, 21, 1, 15, 72, 40298 }, // и
    { 19, 23, 21, 1, 23, 110, 40370 }, // й
    { 20, 15, 21, 1, 15, 75, 40480 }, // к
    { 20, 15, 21, 0, 15, 75, 40555 }, // л
    { 23, 15, 25, 1, 15, 87, 40630 }, // м
    { 19, 15, 21, 1, 15, 72, 40717 }, // н
    { 17, 15, 19, 1, 15, 64, 40789 }, // о
    { 19, 15, 21, 1, 15, 72, 40853 }, // п
    { 19, 21, 21, 1, 15, 100, 40925 }, // р
    { 15, 15, 17, 1, 15, 57, 41025 }, // с
    { 17, 15, 18, 0, 15, 64, 41082 }, // т
    { 20, 22, 20, 0, 15, 110, 41146 }, // у
    { 28, 29, 29, 1, 23, 203, 41256 }, // ф
    { 20, 15, 20, 0, 15, 75, 41459 }, // х
    { 20, 20, 21, 1, 15, 100, 41534 }, // ц
    { 19, 15, 21, 1, 15, 72, 41634 }, // ч
    { 29, 15, 31, 1, 15, 109, 41706 }, // ш
    { 30, 20, 31, 1, 15, 150, 41815 }, // щ
    { 22, 15, 23, 0, 15, 83, 41965 }, // ъ
    { 26, 15, 27, 1, 15, 98, 42048 }, // ы
    { 17, 15, 19, 1, 15, 64, 42146 }, // ь
    { 15, 15, 17, 1, 15, 57, 42210 }, // э
    { 27, 16, 28, 1, 15, 108, 42267 }, // ю
    { 19, 15, 20, 0, 15, 72, 42375 }, // я
    { 16, 22, 17, 1, 22, 88, 42447 }, // ѐ
    { 16, 23, 17, 1, 23, 92, 42535 }, // ё
    { 18, 29, 20, 1, 23, 131, 42627 }, // ђ
    { 15, 22, 16, 1, 22, 83, 42758 }, // ѓ
    { 15, 15, 17, 1, 15, 57, 42841 }, // є
    { 13, 16, 15, 1, 15, 52, 42898 }, // ѕ
    { 9, 23, 11, 1, 23, 52, 42950 }, // і
    { 13, 23, 11, -1, 23, 75, 43002 }, // ї
    { 11, 30, 12, -2, 23, 83, 43077 }, // ј
    { 28, 15, 28, 0, 15, 105, 43160 }, // љ
    { 27, 15, 28, 1, 15, 102, 43265 }, // њ
    { 20, 23, 21, 1, 23, 115, 43367 }, // ћ
    { 20, 22, 21, 1, 22, 110, 43482 }, // ќ
    { 19, 21, 21, 1, 21, 100, 43592 }, // ѝ
    { 20, 30, 20, 0, 23, 150, 43692 }, // ў
    { 19, 20, 21, 1, 15, 95, 43842 }, // џ
    { 35, 23, 39, 2, 23, 202, 43937 }, // Ѡ
    { 29, 16, 31, 1, 15, 116, 44139 }, // ѡ
    { 29, 25, 31, 1, 25, 182, 44255 }, // Ѣ
    { 18, 23, 19, 0, 23, 104, 44437 }, // ѣ
    { 38, 24, 41, 1, 24, 228, 44541 }, // Ѥ
    { 25, 16, 27, 1, 15, 100, 44769 }, // ѥ
    { 36, 23, 38, 1, 23, 207, 44869 }, // Ѧ
    { 27, 15, 29, 1, 15, 102, 45076 }, // ѧ
    { 48, 24, 51, 1, 24, 288, 45178 }, // Ѩ
    { 37, 15, 39, 1, 15, 139, 45466 }, // ѩ
    { 39, 23, 39, 0, 23, 225, 45605 }, // Ѫ
    { 31, 15, 32, 0, 15, 117, 45830 }, // ѫ
    { 51, 23, 52, 1, 23, 294, 45947 }, // Ѭ
    { 42, 15, 43, 1, 15, 158, 46241 }, // ѭ
    { 20, 34, 21, 0, 27, 170, 46399 }, // Ѯ
    { 15, 26, 16, 0, 19, 98, 46569 }, // ѯ
    { 26, 25, 29, 2, 24, 163, 46667 }, // Ѱ
    { 23, 29, 24, 1, 23, 167, 46830 }, // ѱ
    { 25, 23, 29, 2, 23, 144, 46997 }, // Ѳ
    { 15, 15, 17, 1, 15, 57, 47141 }, // ѳ
    { 31, 23, 31, 0, 23, 179, 47198 }, // Ѵ
    { 22, 15, 23, 0, 15, 83, 47377 }, // ѵ
    { 31, 28, 31, 0, 28, 217, 47460 }, // Ѷ
    { 22, 21, 23, 0, 21, 116, 47677 }, // ѷ
    { 32, 29, 36, 2, 26, 232, 47793 }, // Ѻ
    { 22, 19, 23, 1, 17, 105, 48025 }, // ѻ
    { 35, 31, 39, 2, 31, 272, 48130 }, // Ѽ
    { 29, 23, 31, 1, 22, 167, 48402 }, // ѽ
    { 35, 29, 39, 2, 29, 254, 48569 }, // Ѿ
    { 29, 22, 31, 1, 21, 160, 48823 }, // ѿ
    { 25, 30, 27, 2, 23, 188, 48983 }, // Ҁ
    { 15, 22, 17, 1, 15, 83, 49171 }, // ҁ
    { 14, 9, 17, 2, 6, 32, 49254 }, // ҂
    { 16, 5, 0, -8, 22, 20, 49286 }, // ҃
    { 22, 7, 0, -21, 22, 39, 49306 }, // ҄
    { 10, 6, 0, -15, 22, 15, 49345 }, // ҅
    { 10, 6, 0, -14, 22, 15, 49360 }, // ҆
    { 42, 37, 0, -42, 27, 389, 49375 }, // ҈
    { 48, 43, 0, -45, 30, 516, 49764 }, // ҉
    { 29, 36, 30, 1, 30, 261, 50280 }, // Ҋ
    { 20, 28, 21, 1, 23, 140, 50541 }, // ҋ
    { 29, 24, 31, 1, 24, 174, 50681 }, // Ҍ
    { 20, 22, 19, -2, 22, 110, 50855 }, // ҍ
    { 23, 23, 26, 1, 23, 133, 50965 }, // Ҏ
    { 21, 21, 21, 1, 15, 111, 51098 }, // ҏ
    { 21, 28, 23, 1, 28, 147, 51209 }, // Ґ
    { 15, 19, 16, 1, 19, 72, 51356 }, // ґ
    { 22, 24, 23, 0, 23, 132, 51428 }, // Ғ
    { 16, 15, 16, 0, 15, 60, 51560 }, // ғ
    { 25, 30, 28, 1, 23, 188, 51620 }, // Ҕ
    { 18, 22, 21, 1, 15, 99, 51808 }, // ҕ
    { 44, 29, 45, 1, 23, 319, 51907 }, // Җ
    { 32, 20, 32, 0, 15, 160, 52226 }, // җ
    { 21, 30, 23, 1, 23, 158, 52386 }, // Ҙ
    { 16, 22, 17, 0, 15, 88, 52544 }, // ҙ
    { 29, 30, 30, 1, 24, 218, 52632 }, // Қ
    { 21, 20, 21, 1, 15, 105, 52850 }, // қ
    { 31, 24, 33, 1, 24, 186, 52955 }, // Ҝ
    { 23, 15, 24, 1, 15, 87, 53141 }, // ҝ
    { 29, 23, 30, 0, 23, 167, 53228 }, // Ҟ
    { 21, 23, 21, 0, 23, 121, 53395 }, // ҟ
    { 34, 23, 36, 1, 23, 196, 53516 }, // Ҡ
    { 25, 15, 25, 0, 15, 94, 53712 }, // ҡ
    { 29, 30, 30, 1, 24, 218, 53806 }, // Ң
    { 20, 20, 21, 1, 15, 100, 54024 }, // ң
    { 34, 23, 36, 1, 23, 196, 54124 }, // Ҥ
    { 23, 15, 25, 1, 15, 87, 54320 }, // ҥ
    { 40, 30, 41, 1, 23, 300, 54407 }, // Ҧ
    { 27, 22, 29, 1, 15, 149, 54707 }, // ҧ
    { 27, 26, 29, 2, 23, 176, 54856 }, // Ҩ
    { 17, 18, 19, 1, 15, 77, 55032 }, // ҩ
    { 24, 30, 27, 2, 23, 180, 55109 }, // Ҫ
    { 15, 22, 17, 1, 15, 83, 55289 }, // ҫ
    { 25, 29, 26, 1, 23, 182, 55372 }, // Ҭ
    { 17, 20, 18, 0, 15, 85, 55554 }, // ҭ
    { 29, 24, 29, 0, 23, 174, 55639 }, // Ү
    { 20, 22, 20, 0, 15, 110, 55813 }, // ү
    { 29, 24, 29, 0, 23, 174, 55923 }, // Ұ
    { 20, 22, 20, 0, 15, 110, 56097 }, // ұ
    { 28, 29, 29, 1, 23, 203, 56207 }, // Ҳ
    { 21, 20, 20, 0, 15, 105, 56410 }, // ҳ
    { 39, 30, 38, 0, 23, 293, 56515 }, // Ҵ
    { 26, 20, 25, 0, 15, 130, 56808 }, // ҵ
    { 29, 29, 30, 1, 23, 211, 56938 }, // Ҷ
    { 20, 20, 21, 1, 15, 100, 57149 }, // ҷ
    { 28, 24, 30, 1, 23, 168, 57249 }, // Ҹ
    { 19, 15, 21, 1, 15, 72, 57417 }, // ҹ
    { 28, 24, 30, 1, 24, 168, 57489 }, // Һ
    { 20, 23, 21, 1, 23, 115, 57657 }, // һ
    { 31, 23, 33, 1, 23, 179, 57772 }, // Ҽ
    { 22, 15, 24, 1, 15, 83, 57951 }, // ҽ
    { 31, 30, 33, 1, 23, 233, 58034 }, // Ҿ
    { 22, 22, 24, 1, 15, 121, 58267 }, // ҿ
    { 13, 24, 14, 1, 24, 78, 58388 }, // Ӏ
    { 43, 29, 45, 1, 29, 312, 58466 }, // Ӂ
    { 31, 21, 32, 0, 21, 163, 58778 }, // ӂ
    { 27, 31, 30, 1, 24, 210, 58941 }, // Ӄ
    { 19, 22, 21, 1, 15, 105, 59151 }, // ӄ
    { 28, 29, 30, 1, 23, 203, 59256 }, // Ӆ
    { 21, 20, 21, 0, 15, 105, 59459 }, // ӆ
    { 28, 31, 30, 1, 24, 217, 59564 }, // Ӈ
    { 19, 22, 21, 1, 15, 105, 59781 }, // ӈ
    { 28, 31, 30, 1, 24, 217, 59886 }, // Ӊ
    { 20, 20, 21, 1, 15, 100, 60103 }, // ӊ
    { 28, 29, 30, 1, 23, 203, 60203 }, // Ӌ
    { 19, 20, 21, 1, 15, 95, 60406 }, // ӌ
    { 35, 30, 36, 1, 23, 263, 60501 }, // Ӎ
    { 24, 20, 25, 1, 15, 120, 60764 }, // ӎ
    { 27, 29, 29, 1, 29, 196, 60884 }, // Ӑ
    { 18, 21, 18, 1, 21, 95, 61080 }, // ӑ
    { 27, 29, 29, 1, 29, 196, 61175 }, // Ӓ
    { 18, 23, 18, 1, 23, 104, 61371 }, // ӓ
    { 33, 23, 34, 1, 23, 190, 61475 }, // Ӕ
    { 26, 15, 27, 1, 15, 98, 61665 }, // ӕ
    { 23, 29, 25, 1, 29, 167, 61763 }, // Ӗ
    { 16, 21, 17, 1, 21, 84, 61930 }, // ӗ
    { 24, 24, 26, 1, 24, 144, 62014 }, // Ә
    { 16, 15, 17, 1, 15, 60, 62158 }, // ә
    { 25, 29, 27, 1, 29, 182, 62218 }, // Ӛ
    { 16, 23, 17, 1, 23, 92, 62400 }, // ӛ
    { 43, 29, 45, 1, 29, 312, 62492 }, // Ӝ
    { 31, 23, 32, 0, 23, 179, 62804 }, // ӝ
    { 21, 29, 23, 1, 29, 153, 62983 }, // Ӟ
    { 16, 23, 17, 0, 23, 92, 63136 }, // ӟ
    { 19, 23, 21, 1, 23, 110, 63228 }, // Ӡ
    { 15, 22, 17, 1, 15, 83, 63338 }, // ӡ
    { 28, 29, 30, 1, 29, 203, 63421 }, // Ӣ
    { 19, 23, 21, 1, 23, 110, 63624 }, // ӣ
    { 28, 29, 30, 1, 29, 203, 63734 }, // Ӥ
    { 19, 23, 21, 1, 23, 110, 63937 }, // ӥ
    { 25, 29, 28, 2, 29, 182, 64047 }, // Ӧ
    { 17, 23, 19, 1, 23, 98, 64229 }, // ӧ
    { 25, 23, 29, 2, 23, 144, 64327 }, // Ө
    { 17, 15, 19, 1, 15, 64, 64471 }, // ө
    { 25, 29, 29, 2, 29, 182, 64535 }, // Ӫ
    { 17, 23, 19, 1, 23, 98, 64717 }, // ӫ
    { 24, 29, 27, 2, 29, 174, 64815 }, // Ӭ
    { 15, 23, 17, 1, 23, 87, 64989 }, // ӭ
    { 27, 29, 29, 1, 29, 196, 65076 }, // Ӯ
    { 20, 30, 20, 0, 23, 150, 65272 }, // ӯ
    { 27, 29, 29, 1, 29, 196, 65422 }, // Ӱ
    { 20, 30, 20, 0, 23, 150, 65618 }, // ӱ
    { 27, 29, 29, 1, 29, 196, 65768 }, // Ӳ
    { 20, 29, 20, 0, 22, 145, 65964 }, // ӳ
    { 28, 30, 30, 1, 29, 210, 66109 }, // Ӵ
    { 19, 23, 21, 1, 23, 110, 66319 }, // ӵ
    { 21, 29, 23, 1, 23, 153, 66429 }, // Ӷ
    { 15, 20, 16, 1, 15, 75, 66582 }, // ӷ
    { 35, 29, 37, 1, 29, 254, 66657 }, // Ӹ
    { 26, 23, 27, 1, 23, 150, 66911 }, // ӹ
    { 25, 30, 29, 1, 23, 188, 67061 }, // Ӽ
    { 19, 22, 20, 0, 15, 105, 67249 }, // ӽ
    { 27, 23, 29, 1, 23, 156, 67354 }, // Ӿ
    { 20, 15, 20, 0, 15, 75, 67510 }, // ӿ
    { 0, 0, 19, 0, 0, 0, 67585 }, //  
    { 0, 0, 38, 0, 0, 0, 67585 }, //  
    { 0, 0, 19, 0, 0, 0, 67585 }, //  
    { 0, 0, 38, 0, 0, 0, 67585 }, //  
    { 0, 0, 13, 0, 0, 0, 67585 }, //  
    { 0, 0, 9, 0, 0, 0, 67585 }, //  
    { 0, 0, 6, 0, 0, 0, 67585 }, //  
    { 0, 0, 19, 0, 0, 0, 67585 }, //  
    { 0, 0, 11, 0, 0, 0, 67585 }, //  
    { 0, 0, 8, 0, 0, 0, 67585 }, //  
    { 0, 0, 1, 0, 0, 0, 67585 }, //  
    { 0, 0, 0, 0, 0, 0, 67585 }, // ​
    { 0, 0, 0, 0, 0, 0, 67585 }, // ‌
    { 0, 0, 0, 0, 0, 0, 67585 }, // ‍
    { 11, 4, 13, 0, 9, 11, 67585 }, // ‐
    { 11, 4, 13, 0, 9, 11, 67596 }, // ‑
    { 19, 2, 19, 0, 10, 10, 67607 }, // ‒
    { 19, 1, 19, 0, 9, 5, 67617 }, // –
    { 38, 1, 38, 0, 9, 10, 67622 }, // —
    { 7, 34, 19, 6, 25, 60, 67632 }, // ‖
    { 6, 12, 11, 2, 23, 18, 67692 }, // ‘
    { 7, 12, 11, 2, 22, 21, 67710 }, // ’
    { 7, 13, 11, 2, 6, 23, 67731 }, // ‚
    { 7, 12, 11, 2, 22, 21, 67754 }, // ‛
    { 15, 12, 14, -1, 23, 45, 67775 }, // “
    { 16, 12, 14, -1, 23, 48, 67820 }, // ”
    { 16, 13, 14, -1, 6, 52, 67868 }, // „
    { 16, 12, 14, -1, 22, 48, 67920 }, // ‟
    { 13, 30, 17, 2, 23, 98, 67968 }, // †
    { 13, 29, 17, 2, 23, 95, 68066 }, // ‡
    { 15, 15, 19, 2, 16, 57, 68161 }, // •
    { 27, 6, 32, 2, 6, 41, 68218 }, // …
    { 15, 28, 18, 2, 22, 105, 68259 }, //  
    { 0, 0, 6, 0, 0, 0, 68364 }, //  
    { 41, 27, 44, 2, 25, 277, 68364 }, // ‰
    { 56, 27, 59, 2, 25, 378, 68641 }, // ‱
    { 9, 16, 17, 4, 17, 36, 69019 }, // ‹
    { 9, 16, 17, 4, 17, 36, 69055 }, // ›
    { 18, 20, 22, 2, 18, 90, 69091 }, // ※
    { 14, 23, 18, 2, 24, 81, 69181 }, // ‽
    { 14, 6, 14, 0, -2, 21, 69262 }, // ‿
    { 17, 5, 19, 1, 21, 22, 69283 }, // ⁀
    { 15, 39, 19, 2, 25, 147, 69305 }, // ⁄
    { 10, 35, 14, 2, 25, 88, 69452 }, // ⁅
    { 10, 33, 14, 2, 25, 83, 69540 }, // ⁆
    { 15, 28, 19, 2, 25, 105, 69623 }, // ⁒
    { 14, 7, 14, 0, -3, 25, 69728 }, // ⁔
    { 0, 0, 8, 0, 0, 0, 69753 }, //  
    { 24, 24, 27, 2, 24, 144, 69753 }, // ₡
    { 22, 23, 24, 2, 23, 127, 69897 }, // ₤
    { 31, 23, 31, 0, 23, 179, 70024 }, // ₦
    { 39, 22, 39, 0, 22, 215, 70203 }, // ₩
    { 20, 25, 21, 1, 24, 125, 70418 }, // ₫
    { 27, 21, 29, 0, 22, 142, 70543 }, // €
    { 26, 24, 30, 2, 24, 156, 70685 }, // ₲
    { 30, 24, 34, 2, 24, 180, 70841 }, // ∆
    { 20, 33, 18, 0, 29, 165, 71021 }, // √
};

static const EpdUnicodeInterval cmu_16_boldIntervals[] = {
    { 0xD, 0xD, 0x0 },
    { 0x20, 0x7E, 0x1 },
    { 0xA0, 0xA3, 0x60 },
    { 0xA5, 0xA5, 0x64 },
    { 0xA7, 0xB1, 0x65 },
    { 0xB4, 0xB8, 0x70 },
    { 0xBA, 0xBB, 0x75 },
    { 0xBF, 0xD6, 0x77 },
    { 0xD8, 0xFF, 0x8F },
    { 0x100, 0x113, 0xB7 },
    { 0x116, 0x121, 0xCB },
    { 0x124, 0x125, 0xD7 },
    { 0x127, 0x127, 0xD9 },
    { 0x12A, 0x12B, 0xDA },
    { 0x130, 0x131, 0xDC },
    { 0x134, 0x135, 0xDE },
    { 0x139, 0x13A, 0xE0 },
    { 0x13D, 0x13E, 0xE2 },
    { 0x141, 0x144, 0xE4 },
    { 0x147, 0x148, 0xE8 },
    { 0x150, 0x155, 0xEA },
    { 0x158, 0x165, 0xF0 },
    { 0x16A, 0x171, 0xFE },
    { 0x178, 0x17E, 0x106 },
    { 0x400, 0x477, 0x10D },
    { 0x47A, 0x486, 0x185 },
    { 0x488, 0x4CE, 0x192 },
    { 0x4D0, 0x4F9, 0x1D9 },
    { 0x4FC, 0x4FF, 0x203 },
    { 0x2000, 0x200D, 0x207 },
    { 0x2010, 0x2014, 0x215 },
    { 0x2016, 0x2016, 0x21A },
    { 0x2018, 0x2022, 0x21B },
    { 0x2026, 0x2026, 0x226 },
    { 0x2029, 0x2029, 0x227 },
    { 0x202F, 0x2031, 0x228 },
    { 0x2039, 0x203B, 0x22B },
    { 0x203D, 0x203D, 0x22E },
    { 0x203F, 0x2040, 0x22F },
    { 0x2044, 0x2046, 0x231 },
    { 0x2052, 0x2052, 0x234 },
    { 0x2054, 0x2054, 0x235 },
    { 0x205F, 0x205F, 0x236 },
    { 0x20A1, 0x20A1, 0x237 },
    { 0x20A4, 0x20A4, 0x238 },
    { 0x20A6, 0x20A6, 0x239 },
    { 0x20A9, 0x20A9, 0x23A },
    { 0x20AB, 0x20AC, 0x23B },
    { 0x20B2, 0x20B2, 0x23D },
    { 0x2206, 0x2206, 0x23E },
    { 0x221A, 0x221A, 0x23F },
};

static const EpdFontData cmu_16_bold = {
    cmu_16_boldBitmaps,
    cmu_16_boldGlyphs,
    cmu_16_boldIntervals,
    51,
    45,
    32,
    -14,
    true,
};
