/**
 * generated by fontconvert.py
 * name: cmu_12_bolditalic
 * size: 12
 * mode: 2-bit
 */
#pragma once
#include "EpdFontData.h"

static const uint8_t cmu_12_bolditalicBitmaps[43321] = {
    0x00, 0x2D, 0x00, 0xFE, 0x00, 0xFD, 0x00, 0xFC, 0x01, 0xFC, 0x02, 0xF4, 0x02, 0xF0, 0x03, 0xE0,
    0x03, 0xD0, 0x03, 0xC0, 0x03, 0x80, 0x07, 0x00, 0x01, 0x00, 0x00, 0x00, 0x2E, 0x00, 0x7F, 0x00,
    0xBF, 0x00, 0x3C, 0x00, 0x0B, 0x47, 0xC1, 0xF8, 0xFC, 0x1F, 0x4F, 0x82, 0xF0, 0xF4, 0x2E, 0x0F,
    0x02, 0xC1, 0xE0, 0x38, 0x1C, 0x03, 0x42, 0xC0, 0x30, 0x24, 0x00, 0x00, 0x00, 0x00, 0x00, 0x00,
    0x90, 0x05, 0x00, 0x00, 0x00, 0x30, 0x03, 0x00, 0x00, 0x00, 0x30, 0x02, 0x40, 0x00, 0x00, 0x18,
    0x00, 0xC0, 0x00, 0x00, 0x0C, 0x00, 0xC0, 0x00, 0x00, 0x09, 0x00, 0x60, 0x00, 0x00, 0x03, 0x00,
    0x30, 0x00, 0x7F, 0xFF, 0xFF, 0xFF, 0xFD, 0x00, 0x01, 0x80, 0x0C, 0x00, 0x00, 0x00, 0xD0, 0x09,
    0x00, 0x00, 0x00, 0x70, 0x03, 0x00, 0x00, 0x00, 0x34, 0x02, 0x40, 0x00, 0x00, 0x1C, 0x00, 0xC0,
    0x00, 0x2F, 0xFF, 0xFF, 0xFF, 0xFF, 0x00, 0x06, 0x00, 0x30, 0x00, 0x00, 0x03, 0x00, 0x34, 0x00,
    0x00, 0x02, 0x80, 0x18, 0x00, 0x00, 0x00, 0xC0, 0x0C, 0x00, 0x00, 0x00, 0x90, 0x09, 0x00, 0x00,
    0x00, 0x60, 0x03, 0x00, 0x00, 0x00, 0x20, 0x02, 0x00, 0x00, 0x00, 0x00, 0x00, 0x00, 0x50, 0x00,
    0x00, 0x34, 0x00, 0x00, 0xBF, 0x90, 0x02, 0xD7, 0x1D, 0x02, 0xC2, 0x82, 0xC0, 0xE0, 0xD2, 0xF0,
    0xB8, 0x30, 0xF8, 0x3F, 0x5C, 0x28, 0x0B, 0xFF, 0x00, 0x01, 0xFF, 0xF4, 0x00, 0x2F, 0xFF, 0x40,
    0x00, 0xBF, 0xF0, 0x00, 0x29, 0xFC, 0x0F, 0x0D, 0x1F, 0x0B, 0xC3, 0x07, 0x83, 0xD1, 0xC2, 0xC0,
    0xB0, 0xA1, 0xE0, 0x0E, 0x36, 0xE0, 0x01, 0xBF, 0x80, 0x00, 0x06, 0x00, 0x00, 0x00, 0x00, 0x00,
    0x00, 0x00, 0x7F, 0x00, 0x00, 0x0D, 0x02, 0xE2, 0xD0, 0x00, 0x3C, 0x07, 0xC0, 0xF8, 0x02, 0xF4,
    0x0F, 0x80, 0xD7, 0xFF, 0xD0, 0x0F, 0x00, 0xC0, 0x07, 0x40, 0x1F, 0x01, 0xC0, 0x1D, 0x00, 0x2F,
    0x03, 0x80, 0x74, 0x00, 0x2E, 0x07, 0x01, 0xD0, 0x00, 0x0E, 0x1D, 0x07, 0x80, 0x00, 0x07, 0xF4,
    0x1E, 0x00, 0x00, 0x00, 0x00, 0x78, 0x0B, 0xD0, 0x00, 0x01, 0xE0, 0x7C, 0x70, 0x00, 0x07, 0x80,
    0xF0, 0x34, 0x00, 0x1E, 0x02, 0xF0, 0x34, 0x00, 0x78, 0x03, 0xD0, 0x34, 0x01, 0xE0, 0x03, 0xC0,
    0x70, 0x07, 0x80, 0x07, 0xC0, 0xB0, 0x1E, 0x00, 0x03, 0xC0, 0xD0, 0x3C, 0x00, 0x03, 0xC3, 0x40,
    0xA0, 0x00, 0x00, 0xBD, 0x00, 0x00, 0x0B, 0xF4, 0x00, 0x00, 0x00, 0x3D, 0x1D, 0x00, 0x3C, 0x00,
    0xF4, 0x1E, 0x00, 0xBC, 0x02, 0xF0, 0x3E, 0x00, 0x3C, 0x03, 0xE0, 0x3C, 0x00, 0xB0, 0x07, 0xD0,
    0x00, 0x02, 0xD0, 0x07, 0xEF, 0x80, 0x2F, 0x80, 0x03, 0xE1, 0xC0, 0xF6, 0xC0, 0x0B, 0xD2, 0xC2,
    0xC0, 0xD0, 0x1F, 0xFE, 0x03, 0xBC, 0xE0, 0x3F, 0x00, 0x03, 0xFC, 0xB0, 0x3F, 0x00, 0x01, 0xF4,
    0xE0, 0x7E, 0x00, 0x00, 0x00, 0xD0, 0x7D, 0x00, 0x00, 0x02, 0xC0, 0x7D, 0x00, 0x00, 0x07, 0x40,
    0x3F, 0x00, 0x00, 0x1E, 0x00, 0x0B, 0xD0, 0x01, 0xF4, 0x00, 0x00, 0xBF, 0xFE, 0x40, 0x00, 0x1E,
    0x3F, 0x3E, 0x3C, 0x7C, 0x74, 0xB0, 0xA0, 0x80, 0x00, 0x00, 0x00, 0x20, 0x00, 0x07, 0x40, 0x00,
    0x74, 0x00, 0x07, 0x40, 0x00, 0x3C, 0x00, 0x03, 0xC0, 0x00, 0x2E, 0x00, 0x00, 0xF0, 0x00, 0x0B,
    0x80, 0x00, 0x3C, 0x00, 0x02, 0xF0, 0x00, 0x0F, 0x40, 0x00, 0x3C, 0x00, 0x01, 0xF0, 0x00, 0x0B,
    0x80, 0x00, 0x2E, 0x00, 0x00, 0xF4, 0x00, 0x03, 0xD0, 0x00, 0x0B, 0x40, 0x00, 0x2D, 0x00, 0x00,
    0x74, 0x00, 0x00, 0xE0, 0x00, 0x02, 0xC0, 0x00, 0x03, 0x40, 0x00, 0x07, 0x00, 0x00, 0x00, 0x00,
    0x00, 0x00, 0x02, 0x00, 0x00, 0x0A, 0x00, 0x00, 0x0D, 0x00, 0x00, 0x3C, 0x00, 0x00, 0xB0, 0x00,
    0x02, 0xD0, 0x00, 0x07, 0x80, 0x00, 0x1E, 0x00, 0x00, 0x78, 0x00, 0x02, 0xE0, 0x00, 0x0F, 0x80,
    0x00, 0x3D, 0x00, 0x00, 0xF0, 0x00, 0x07, 0xC0, 0x00, 0x2E, 0x00, 0x00, 0xF0, 0x00, 0x07, 0xC0,
    0x00, 0x3D, 0x00, 0x01, 0xF0, 0x00, 0x0F, 0x00, 0x00, 0xB4, 0x00, 0x03, 0x80, 0x00, 0x38, 0x00,
    0x03, 0x80, 0x00, 0x34, 0x00, 0x00, 0x00, 0x00, 0x00, 0x00, 0x04, 0x00, 0x00, 0x0F, 0x00, 0x00,
    0x1D, 0x00, 0x1E, 0x1C, 0x2C, 0x0B, 0xEA, 0xE0, 0x01, 0xFE, 0x00, 0x01, 0xFD, 0x00, 0x1F, 0xB7,
    0xD0, 0xB4, 0xA1, 0xE0, 0x00, 0xE0, 0x00, 0x01, 0xE0, 0x00, 0x00, 0x40, 0x00, 0x00, 0x00, 0x03,
    0x00, 0x00, 0x00, 0x00, 0x0C, 0x00, 0x00, 0x00, 0x00, 0x60, 0x00, 0x00, 0x00, 0x02, 0x40, 0x00,
    0x00, 0x00, 0x0C, 0x00, 0x00, 0x00, 0x00, 0x30, 0x00, 0x00, 0x00, 0x01, 0x80, 0x00, 0x00, 0x00,
    0x09, 0x00, 0x00, 0x3F, 0xFF, 0xFF, 0xFF, 0xF0, 0x00, 0x00, 0xC0, 0x00, 0x00, 0x00, 0x06, 0x00,
    0x00, 0x00, 0x00, 0x24, 0x00, 0x00, 0x00, 0x00, 0xC0, 0x00, 0x00, 0x00, 0x03, 0x00, 0x00, 0x00,
    0x00, 0x18, 0x00, 0x00, 0x00, 0x00, 0x90, 0x00, 0x00, 0x00, 0x03, 0x00, 0x00, 0x00, 0x0F, 0x4F,
    0xF3, 0xFC, 0xBE, 0x02, 0x40, 0xC0, 0xC0, 0xD0, 0x90, 0x00, 0x7F, 0xFE, 0xBF, 0xFE, 0xBF, 0xFC,
    0x3D, 0xFE, 0xFE, 0xB8, 0x00, 0x00, 0x00, 0x00, 0x80, 0x00, 0x00, 0x00, 0x18, 0x00, 0x00, 0x00,
    0x03, 0x00, 0x00, 0x00, 0x00, 0x90, 0x00, 0x00, 0x00, 0x18, 0x00, 0x00, 0x00, 0x03, 0x00, 0x00,
    0x00, 0x00, 0x90, 0x00, 0x00, 0x00, 0x1C, 0x00, 0x00, 0x00, 0x03, 0x00, 0x00, 0x00, 0x00, 0xA0,
    0x00, 0x00, 0x00, 0x0C, 0x00, 0x00, 0x00, 0x03, 0x40, 0x00, 0x00, 0x00, 0x60, 0x00, 0x00, 0x00,
    0x0C, 0x00, 0x00, 0x00, 0x02, 0x40, 0x00, 0x00, 0x00, 0x60, 0x00, 0x00, 0x00, 0x0C, 0x00, 0x00,
    0x00, 0x02, 0x40, 0x00, 0x00, 0x00, 0x70, 0x00, 0x00, 0x00, 0x0C, 0x00, 0x00, 0x00, 0x02, 0x80,
    0x00, 0x00, 0x00, 0x30, 0x00, 0x00, 0x00, 0x0C, 0x00, 0x00, 0x00, 0x01, 0x80, 0x00, 0x00, 0x00,
    0x30, 0x00, 0x00, 0x00, 0x00, 0x00, 0x00, 0x00, 0x00, 0x00, 0x06, 0xFE, 0x00, 0x02, 0xE0, 0x7C,
    0x00, 0xF8, 0x02, 0xE0, 0x2F, 0x00, 0x2F, 0x03, 0xE0, 0x03, 0xF0, 0xBD, 0x00, 0x3F, 0x0F, 0xC0,
    0x03, 0xE1, 0xF8, 0x00, 0x7E, 0x2F, 0x40, 0x0B, 0xD3, 0xF0, 0x00, 0xFC, 0x3F, 0x00, 0x1F, 0xC3,
    0xE0, 0x02, 0xF4, 0x3E, 0x00, 0x3F, 0x03, 0xD0, 0x07, 0xD0, 0x3E, 0x00, 0xF8, 0x01, 0xF4, 0x3E,
    0x00, 0x07, 0xFE, 0x00, 0x00, 0x00, 0x00, 0x00, 0x00, 0x00, 0x00, 0x00, 0x0B, 0x00, 0x02, 0xE0,
    0x01, 0xFD, 0x03, 0xEF, 0xC0, 0x00, 0xFC, 0x00, 0x1F, 0x80, 0x02, 0xF4, 0x00, 0x3F, 0x00, 0x03,
    0xF0, 0x00, 0x7E, 0x00, 0x07, 0xD0, 0x00, 0xBC, 0x00, 0x0F, 0xC0, 0x00, 0xF8, 0x00, 0x2F, 0x40,
    0xBF, 0xFF, 0xC0, 0x00, 0x07, 0xFD, 0x00, 0x03, 0x80, 0xF8, 0x00, 0xE0, 0x07, 0xC0, 0x38, 0x80,
    0x7D, 0x07, 0x09, 0x07, 0xD0, 0xA0, 0xC0, 0xBD, 0x0A, 0x24, 0x0F, 0xC0, 0x3D, 0x02, 0xF4, 0x00,
    0x00, 0xBD, 0x00, 0x00, 0x3E, 0x00, 0x00, 0x2F, 0x40, 0x00, 0x1F, 0x40, 0x00, 0x07, 0x80, 0x01,
    0xC0, 0xE0, 0x00, 0xB8, 0x3F, 0xFF, 0xFF, 0x07, 0x07, 0xFF, 0xD0, 0xA0, 0x0B, 0xE0, 0x00, 0x00,
    0x06, 0xFE, 0x00, 0x02, 0xD0, 0x7C, 0x00, 0xB0, 0x03, 0xE0, 0x1C, 0x00, 0x3E, 0x02, 0xC8, 0x03,
    0xE0, 0x2C, 0xD0, 0x7D, 0x00, 0xF8, 0x0F, 0x80, 0x00, 0x02, 0xE0, 0x00, 0x1F, 0xF4, 0x00, 0x00,
    0x0B, 0xC0, 0x00, 0x00, 0x3D, 0x00, 0x00, 0x03, 0xE0, 0x2D, 0x00, 0x7D, 0x07, 0xE0, 0x0F, 0xC0,
    0x74, 0x01, 0xF4, 0x03, 0xC0, 0x7D, 0x00, 0x0B, 0xFE, 0x00, 0x00, 0x00, 0x00, 0x01, 0x00, 0x00,
    0x03, 0xC0, 0x00, 0x02, 0xF0, 0x00, 0x00, 0xFC, 0x00, 0x00, 0x3D, 0x00, 0x00, 0x2F, 0x00, 0x00,
    0x0F, 0x80, 0x00, 0x07, 0xC0, 0x00, 0x03, 0xD0, 0x00, 0x01, 0xF0, 0x00, 0x00, 0xF0, 0x00, 0x00,
    0xB4, 0xE0, 0x00, 0x74, 0xBC, 0x00, 0x78, 0x3F, 0x00, 0x78, 0x0F, 0x80, 0xBE, 0x97, 0xD0, 0x65,
    0x6F, 0xFB, 0x40, 0x00, 0xFE, 0x40, 0x00, 0x3E, 0x00, 0x00, 0x1F, 0x40, 0x00, 0x0B, 0xC0, 0x00,
    0x01, 0xD0, 0x00, 0x00, 0x38, 0x01, 0xA0, 0x03, 0xFF, 0xFC, 0x00, 0x7F, 0xFE, 0x00, 0x0B, 0xFE,
    0x00, 0x00, 0xE0, 0x00, 0x00, 0x0D, 0x00, 0x00, 0x01, 0xDB, 0xE0, 0x00, 0x2D, 0x07, 0xC0, 0x00,
    0x00, 0x3E, 0x00, 0x00, 0x03, 0xF0, 0x00, 0x00, 0x3F, 0x00, 0x00, 0x07, 0xF0, 0x1F, 0x00, 0xBF,
    0x03, 0xF0, 0x0F, 0xD0, 0x3E, 0x01, 0xF8, 0x02, 0xC0, 0xBD, 0x00, 0x0B, 0xFE, 0x00, 0x00, 0x00,
    0x02, 0xFE, 0x00, 0x0B, 0xD1, 0xE0, 0x0F, 0x80, 0xF8, 0x0B, 0xC0, 0x3C, 0x07, 0xD0, 0x00, 0x03,
    0xF0, 0x00, 0x01, 0xF9, 0xFD, 0x00, 0xFF, 0x83, 0xE0, 0x3F, 0x80, 0x7C, 0x1F, 0xC0, 0x2F, 0x4B,
    0xE0, 0x0F, 0xD2, 0xF4, 0x03, 0xF0, 0xBC, 0x01, 0xFC, 0x2F, 0x00, 0xBD, 0x07, 0xC0, 0x3E, 0x00,
    0xF4, 0x3E, 0x00, 0x0B, 0xF8, 0x00, 0x00, 0x00, 0x00, 0x00, 0x00, 0x0E, 0x7E, 0x00, 0xD0, 0x7F,
    0xFC, 0x0B, 0x03, 0xFF, 0xF4, 0xB4, 0x1F, 0x90, 0xBF, 0xC0, 0xF4, 0x00, 0x2C, 0x03, 0x40, 0x01,
    0xE0, 0x00, 0x00, 0x0F, 0x00, 0x00, 0x00, 0xB8, 0x00, 0x00, 0x07, 0xC0, 0x00, 0x00, 0x3E, 0x00,
    0x00, 0x01, 0xF4, 0x00, 0x00, 0x0F, 0xC0, 0x00, 0x00, 0x7E, 0x00, 0x00, 0x03, 0xF4, 0x00, 0x00,
    0x0F, 0xC0, 0x00, 0x00, 0x7E, 0x00, 0x00, 0x00, 0xF0, 0x00, 0x00, 0x00, 0x06, 0xFE, 0x00, 0x02,
    0xD0, 0x7C, 0x00, 0x70, 0x02, 0xD0, 0x0F, 0x00, 0x2D, 0x01, 0xF0, 0x03, 0xC0, 0x1F, 0xD0, 0x74,
    0x01, 0xFF, 0xAD, 0x00, 0x0F, 0xFF, 0x40, 0x00, 0xBF, 0xFC, 0x00, 0x3D, 0x7F, 0xF0, 0x0F, 0x00,
    0xFF, 0x03, 0xD0, 0x03, 0xF0, 0x3C, 0x00, 0x1F, 0x07, 0xC0, 0x02, 0xD0, 0x3C, 0x00, 0x38, 0x02,
    0xE0, 0x1E, 0x00, 0x07, 0xFE, 0x40, 0x00, 0x00, 0x1B, 0xF4, 0x00, 0x2F, 0x0B, 0x80, 0x2F, 0x00,
    0xF0, 0x1F, 0x80, 0x3D, 0x0F, 0xC0, 0x1F, 0x87, 0xF0, 0x0B, 0xD2, 0xF8, 0x03, 0xF4, 0xBD, 0x00,
    0xFC, 0x2F, 0x40, 0x7F, 0x07, 0xC0, 0x3F, 0x80, 0xF8, 0x3F, 0xD0, 0x0B, 0xF7, 0xF0, 0x00, 0x01,
    0xF4, 0x1F, 0x00, 0xF8, 0x0F, 0xC0, 0xB8, 0x03, 0xD0, 0xB8, 0x00, 0x2F, 0xE0, 0x00, 0x00, 0x03,
    0xC0, 0xFE, 0x0F, 0xD0, 0xB8, 0x00, 0x00, 0x00, 0x00, 0x03, 0xD0, 0xFE, 0x0F, 0xE0, 0xB8, 0x00,
    0x00, 0xF0, 0x0F, 0xE0, 0x3F, 0x40, 0xB8, 0x00, 0x00, 0x00, 0x00, 0x00, 0x03, 0xD0, 0x3F, 0xC0,
    0xFF, 0x02, 0xF8, 0x00, 0x90, 0x03, 0x00, 0x30, 0x03, 0x40, 0x24, 0x00, 0x00, 0x00, 0x00, 0x00,
    0x74, 0x00, 0x00, 0x00, 0x1E, 0x00, 0x00, 0x00, 0x0B, 0x80, 0x00, 0x00, 0x06, 0xD0, 0x00, 0x00,
    0x01, 0xE4, 0x00, 0x00, 0x00, 0xB8, 0x00, 0x00, 0x00, 0x2E, 0x00, 0x00, 0x00, 0x0B, 0x40, 0x00,
    0x00, 0x00, 0x38, 0x00, 0x00, 0x00, 0x00, 0x1E, 0x00, 0x00, 0x00, 0x00, 0x0B, 0x40, 0x00, 0x00,
    0x00, 0x02, 0xD0, 0x00, 0x00, 0x00, 0x00, 0xE0, 0x00, 0x00, 0x00, 0x00, 0x78, 0x00, 0x00, 0x00,
    0x00, 0x1D, 0x00, 0x00, 0x00, 0x00, 0x0A, 0x00, 0x1F, 0xFF, 0xFF, 0xFF, 0xFC, 0x00, 0x00, 0x00,
    0x00, 0x00, 0x00, 0x00, 0x00, 0x00, 0x00, 0x00, 0x00, 0x00, 0x00, 0x00, 0x00, 0x00, 0x00, 0x00,
    0x00, 0x00, 0x00, 0x00, 0x00, 0x00, 0xBF, 0xFF, 0xFF, 0xFF, 0xE0, 0x00, 0x00, 0x00, 0x00, 0x00,
    0x01, 0xD0, 0x00, 0x00, 0x00, 0x00, 0xE0, 0x00, 0x00, 0x00, 0x00, 0x78, 0x00, 0x00, 0x00, 0x00,
    0x1D, 0x00, 0x00, 0x00, 0x00, 0x0B, 0x40, 0x00, 0x00, 0x00, 0x03, 0x80, 0x00, 0x00, 0x00, 0x01,
    0xE0, 0x00, 0x00, 0x00, 0x00, 0x74, 0x00, 0x00, 0x00, 0x07, 0xC0, 0x00, 0x00, 0x01, 0xE0, 0x00,
    0x00, 0x00, 0xB8, 0x00, 0x00, 0x00, 0x2D, 0x00, 0x00, 0x00, 0x1F, 0x40, 0x00, 0x00, 0x07, 0x80,
    0x00, 0x00, 0x02, 0xE0, 0x00, 0x00, 0x00, 0x34, 0x00, 0x00, 0x00, 0x00, 0x00, 0x7F, 0x80, 0x0E,
    0x42, 0xC0, 0xE0, 0x03, 0x0B, 0x00, 0x0D, 0x7C, 0x00, 0xB2, 0xF4, 0x0B, 0xC7, 0xC1, 0xFC, 0x00,
    0x2F, 0xC0, 0x03, 0xF8, 0x00, 0x1F, 0x40, 0x00, 0xF0, 0x00, 0x03, 0x8A, 0x00, 0x07, 0xE0, 0x00,
    0x00, 0x00, 0x00, 0xF4, 0x00, 0x0F, 0xE0, 0x00, 0x3F, 0x80, 0x00, 0xB8, 0x00, 0x00, 0x00, 0x01,
    0xBF, 0xF4, 0x00, 0x00, 0x7D, 0x00, 0x6D, 0x00, 0x0B, 0x40, 0x00, 0x1D, 0x00, 0xF0, 0x6F, 0xD0,
    0x2C, 0x0B, 0x0B, 0xC1, 0xD0, 0x30, 0x70, 0xBC, 0x02, 0xF0, 0xD3, 0x87, 0xD0, 0x0B, 0xC3, 0x5C,
    0x3F, 0x00, 0x3F, 0x0C, 0xB0, 0xF8, 0x00, 0xF8, 0x73, 0x83, 0xD0, 0x07, 0xD2, 0xCD, 0x1F, 0x40,
    0x2F, 0x0D, 0x34, 0x3D, 0x00, 0xFC, 0x70, 0xE0, 0xBC, 0x1F, 0xE3, 0x41, 0xC0, 0x7F, 0x87, 0xF4,
    0x03, 0x80, 0x00, 0x01, 0xF0, 0x03, 0xD0, 0x01, 0xBE, 0x40, 0x01, 0xBF, 0xF9, 0x00, 0x00, 0x00,
    0x00, 0x00, 0x3C, 0x00, 0x00, 0x00, 0x00, 0xBC, 0x00, 0x00, 0x00, 0x00, 0xFD, 0x00, 0x00, 0x00,
    0x03, 0xFD, 0x00, 0x00, 0x00, 0x07, 0xFE, 0x00, 0x00, 0x00, 0x0D, 0xFE, 0x00, 0x00, 0x00, 0x28,
    0xBF, 0x00, 0x00, 0x00, 0x70, 0xBF, 0x00, 0x00, 0x00, 0xD0, 0x7F, 0x00, 0x00, 0x02, 0xC0, 0x7F,
    0x00, 0x00, 0x07, 0x00, 0x7F, 0x00, 0x00, 0x0F, 0xFF, 0xFF, 0x40, 0x00, 0x2C, 0x00, 0x3F, 0x40,
    0x00, 0x34, 0x00, 0x3F, 0x80, 0x00, 0xF0, 0x00, 0x3F, 0x80, 0x02, 0xD0, 0x00, 0x3F, 0xC0, 0x3F,
    0xFC, 0x03, 0xFF, 0xFC, 0x00, 0x3F, 0xFF, 0xFF, 0xE0, 0x00, 0x03, 0xF0, 0x01, 0xFC, 0x00, 0x03,
    0xF0, 0x00, 0xBE, 0x00, 0x07, 0xE0, 0x00, 0xBE, 0x00, 0x0B, 0xD0, 0x00, 0xFE, 0x00, 0x0F, 0xD0,
    0x00, 0xFC, 0x00, 0x0F, 0xC0, 0x02, 0xF4, 0x00, 0x1F, 0xC0, 0x1F, 0xD0, 0x00, 0x2F, 0xFF, 0xFE,
    0x00, 0x00, 0x3F, 0x40, 0x0B, 0xD0, 0x00, 0x3F, 0x00, 0x03, 0xF0, 0x00, 0x7F, 0x00, 0x03, 0xF4,
    0x00, 0xBE, 0x00, 0x03, 0xF4, 0x00, 0xFD, 0x00, 0x07, 0xF0, 0x00, 0xFC, 0x00, 0x0F, 0xD0, 0x02,
    0xFC, 0x00, 0x7F, 0x40, 0x3F, 0xFF, 0xFF, 0xF4, 0x00, 0x00, 0x01, 0xBF, 0xF4, 0x28, 0x00, 0x7F,
    0x40, 0x7F, 0xD0, 0x0B, 0xE0, 0x00, 0x3F, 0x00, 0xFD, 0x00, 0x00, 0xBC, 0x0B, 0xE0, 0x00, 0x01,
    0xE0, 0x7F, 0x00, 0x00, 0x07, 0x43, 0xF8, 0x00, 0x00, 0x08, 0x1F, 0xD0, 0x00, 0x00, 0x00, 0xBF,
    0x00, 0x00, 0x00, 0x03, 0xF8, 0x00, 0x00, 0x00, 0x0F, 0xE0, 0x00, 0x00, 0x00, 0x3F, 0x40, 0x00,
    0x02, 0x80, 0xFD, 0x00, 0x00, 0x0D, 0x01, 0xF8, 0x00, 0x00, 0xE0, 0x03, 0xF0, 0x00, 0x0E, 0x00,
    0x02, 0xF8, 0x02, 0xD0, 0x00, 0x00, 0xBF, 0xE4, 0x00, 0x00, 0x00, 0x3F, 0xFF, 0xFF, 0xE0, 0x00,
    0x00, 0x3F, 0x40, 0x1F, 0xD0, 0x00, 0x03, 0xF0, 0x00, 0x3F, 0x00, 0x00, 0x7F, 0x00, 0x01, 0xF8,
    0x00, 0x0B, 0xE0, 0x00, 0x0F, 0xC0, 0x00, 0xFD, 0x00, 0x00, 0xFC, 0x00, 0x0F, 0xC0, 0x00, 0x1F,
    0xC0, 0x01, 0xFC, 0x00, 0x01, 0xFC, 0x00, 0x2F, 0x80, 0x00, 0x2F, 0xC0, 0x03, 0xF4, 0x00, 0x03,
    0xF4, 0x00, 0x3F, 0x00, 0x00, 0x3F, 0x00, 0x07, 0xF0, 0x00, 0x0B, 0xE0, 0x00, 0xBE, 0x00, 0x00,
    0xFC, 0x00, 0x0F, 0xD0, 0x00, 0x2F, 0x00, 0x00, 0xFC, 0x00, 0x0B, 0xD0, 0x00, 0x2F, 0xC0, 0x07,
    0xE0, 0x00, 0x3F, 0xFF, 0xFF, 0xE0, 0x00, 0x00, 0x00, 0x7F, 0xFF, 0xFF, 0xFC, 0x00, 0x03, 0xF8,
    0x00, 0xBC, 0x00, 0x03, 0xF0, 0x00, 0x3C, 0x00, 0x07, 0xF0, 0x00, 0x38, 0x00, 0x0B, 0xF0, 0x00,
    0x38, 0x00, 0x0F, 0xE0, 0x30, 0x34, 0x00, 0x0F, 0xD0, 0xB0, 0x00, 0x00, 0x1F, 0xC1, 0xE0, 0x00,
    0x00, 0x2F, 0xFF, 0xD0, 0x00, 0x00, 0x3F, 0x82, 0xC0, 0x00, 0x00, 0x3F, 0x41, 0xC0, 0x20, 0x00,
    0x7F, 0x01, 0x80, 0xE0, 0x00, 0xBF, 0x00, 0x01, 0xD0, 0x00, 0xFE, 0x00, 0x03, 0xC0, 0x00, 0xFD,
    0x00, 0x0B, 0x40, 0x02, 0xFC, 0x00, 0x7F, 0x00, 0x3F, 0xFF, 0xFF, 0xFD, 0x00, 0x00, 0x00, 0x00,
    0x00, 0x00, 0x01, 0xFF, 0xFF, 0xFF, 0xE0, 0x00, 0x3F, 0x40, 0x1F, 0x80, 0x01, 0xFC, 0x00, 0x1D,
    0x00, 0x0B, 0xF0, 0x00, 0x34, 0x00, 0x3F, 0x80, 0x00, 0xC0, 0x00, 0xFD, 0x07, 0x03, 0x00, 0x03,
    0xF0, 0x2C, 0x00, 0x00, 0x1F, 0xC1, 0xE0, 0x00, 0x00, 0xBF, 0xFF, 0x40, 0x00, 0x03, 0xF4, 0x3C,
    0x00, 0x00, 0x0F, 0xC0, 0xB0, 0x00, 0x00, 0x7F, 0x02, 0x80, 0x00, 0x02, 0xF8, 0x00, 0x00, 0x00,
    0x0F, 0xD0, 0x00, 0x00, 0x00, 0x3F, 0x00, 0x00, 0x00, 0x01, 0xFC, 0x00, 0x00, 0x01, 0xFF, 0xFF,
    0xC0, 0x00, 0x00, 0x00, 0x00, 0xBF, 0xF4, 0x28, 0x00, 0x7F, 0x40, 0x7F, 0xD0, 0x0B, 0xE0, 0x00,
    0x3F, 0x00, 0xFD, 0x00, 0x00, 0xBC, 0x0B, 0xE0, 0x00, 0x01, 0xE0, 0x7F, 0x00, 0x00, 0x07, 0x43,
    0xF8, 0x00, 0x00, 0x04, 0x1F, 0xC0, 0x00, 0x00, 0x00, 0xBF, 0x00, 0x00, 0x00, 0x03, 0xF8, 0x00,
    0x00, 0x00, 0x0F, 0xE0, 0x02, 0xFF, 0xFE, 0x3F, 0x40, 0x00, 0x3F, 0x80, 0xBE, 0x00, 0x00, 0xFD,
    0x01, 0xFC, 0x00, 0x07, 0xF0, 0x03, 0xF4, 0x00, 0x3F, 0xC0, 0x02, 0xF8, 0x03, 0xEE, 0x00, 0x00,
    0xBF, 0xF4, 0x10, 0x00, 0x00, 0x00, 0x00, 0x00, 0x00, 0x00, 0x00, 0x1F, 0xFF, 0xF4, 0xBF, 0xFF,
    0xC0, 0x00, 0x3F, 0x80, 0x01, 0xFC, 0x00, 0x00, 0x0F, 0xC0, 0x00, 0xBF, 0x00, 0x00, 0x07, 0xF0,
    0x00, 0x3F, 0x80, 0x00, 0x02, 0xFC, 0x00, 0x0F, 0xD0, 0x00, 0x00, 0xFE, 0x00, 0x07, 0xF0, 0x00,
    0x00, 0x3F, 0x40, 0x02, 0xFC, 0x00, 0x00, 0x1F, 0xC0, 0x00, 0xFE, 0x00, 0x00, 0x0B, 0xFF, 0xFF,
    0xFF, 0x40, 0x00, 0x03, 0xF8, 0x00, 0x1F, 0xC0, 0x00, 0x00, 0xFD, 0x00, 0x0B, 0xF0, 0x00, 0x00,
    0x7F, 0x00, 0x03, 0xF8, 0x00, 0x00, 0x2F, 0xC0, 0x00, 0xFD, 0x00, 0x00, 0x0F, 0xE0, 0x00, 0x7F,
    0x00, 0x00, 0x03, 0xF4, 0x00, 0x2F, 0xC0, 0x00, 0x01, 0xFC, 0x00, 0x0F, 0xE0, 0x00, 0x0F, 0xFF,
    0xF4, 0xBF, 0xFF, 0xC0, 0x00, 0x00, 0x7F, 0xFF, 0xD0, 0x00, 0x3F, 0x40, 0x00, 0x03, 0xF0, 0x00,
    0x00, 0x7F, 0x00, 0x00, 0x0B, 0xE0, 0x00, 0x00, 0xFD, 0x00, 0x00, 0x0F, 0xC0, 0x00, 0x01, 0xFC,
    0x00, 0x00, 0x2F, 0x80, 0x00, 0x03, 0xF4, 0x00, 0x00, 0x3F, 0x40, 0x00, 0x07, 0xF0, 0x00, 0x00,
    0xBF, 0x00, 0x00, 0x0F, 0xE0, 0x00, 0x00, 0xFD, 0x00, 0x00, 0x1F, 0xC0, 0x00, 0x7F, 0xFF, 0xD0,
    0x00, 0x00, 0x00, 0x00, 0x00, 0x00, 0x00, 0x7F, 0xFF, 0xC0, 0x00, 0x00, 0x7F, 0x00, 0x00, 0x00,
    0x2F, 0x80, 0x00, 0x00, 0x0F, 0xD0, 0x00, 0x00, 0x03, 0xF0, 0x00, 0x00, 0x01, 0xFC, 0x00, 0x00,
    0x00, 0xBE, 0x00, 0x00, 0x00, 0x3F, 0x40, 0x00, 0x00, 0x0F, 0xC0, 0x00, 0x00, 0x07, 0xF0, 0x00,
    0x00, 0x02, 0xF8, 0x00, 0x00, 0x00, 0xFD, 0x00, 0x07, 0xC0, 0x3F, 0x00, 0x03, 0xF4, 0x2F, 0xC0,
    0x00, 0xFC, 0x0F, 0xC0, 0x00, 0x3D, 0x0F, 0xD0, 0x00, 0x02, 0xFF, 0x80, 0x00, 0x00, 0x00, 0x3F,
    0xFF, 0xD0, 0x3F, 0xFC, 0x00, 0x03, 0xF8, 0x00, 0x0F, 0x40, 0x00, 0x03, 0xF0, 0x00, 0x3C, 0x00,
    0x00, 0x07, 0xF0, 0x01, 0xE0, 0x00, 0x00, 0x0B, 0xF0, 0x0B, 0x40, 0x00, 0x00, 0x0F, 0xE0, 0x3C,
    0x00, 0x00, 0x00, 0x0F, 0xD1, 0xF0, 0x00, 0x00, 0x00, 0x1F, 0xCB, 0xF0, 0x00, 0x00, 0x00, 0x2F,
    0xFF, 0xF4, 0x00, 0x00, 0x00, 0x3F, 0xE2, 0xFC, 0x00, 0x00, 0x00, 0x3F, 0x81, 0xFD, 0x00, 0x00,
    0x00, 0x7F, 0x00, 0xFF, 0x00, 0x00, 0x00, 0xBE, 0x00, 0x7F, 0x00, 0x00, 0x00, 0xFD, 0x00, 0x3F,
    0x80, 0x00, 0x00, 0xFD, 0x00, 0x2F, 0xC0, 0x00, 0x01, 0xFC, 0x00, 0x0F, 0xE0, 0x00, 0x3F, 0xFF,
    0xD0, 0xFF, 0xFD, 0x00, 0x00, 0x3F, 0xFF, 0xF0, 0x00, 0x00, 0xFD, 0x00, 0x00, 0x00, 0x3F, 0x00,
    0x00, 0x00, 0x1F, 0xC0, 0x00, 0x00, 0x0B, 0xE0, 0x00, 0x00, 0x03, 0xF4, 0x00, 0x00, 0x00, 0xFC,
    0x00, 0x00, 0x00, 0x7F, 0x00, 0x00, 0x00, 0x2F, 0x80, 0x00, 0x00, 0x0F, 0xD0, 0x00, 0x00, 0x03,
    0xF0, 0x00, 0x20, 0x01, 0xFC, 0x00, 0x2C, 0x00, 0xBE, 0x00, 0x0D, 0x00, 0x3F, 0x40, 0x0B, 0x00,
    0x0F, 0xD0, 0x07, 0xC0, 0x0B, 0xF0, 0x1B, 0xD0, 0x7F, 0xFF, 0xFF, 0xF0, 0x00, 0x00, 0x3F, 0xFC,
    0x00, 0x00, 0x0F, 0xFF, 0x40, 0x00, 0xFF, 0x40, 0x00, 0x0B, 0xF8, 0x00, 0x00, 0x3B, 0xE0, 0x00,
    0x06, 0xFC, 0x00, 0x00, 0x1D, 0xF8, 0x00, 0x03, 0x3F, 0x00, 0x00, 0x0B, 0x3F, 0x00, 0x02, 0x5F,
    0x80, 0x00, 0x03, 0x8F, 0xC0, 0x01, 0xCB, 0xD0, 0x00, 0x00, 0xD2, 0xF0, 0x00, 0xC3, 0xF0, 0x00,
    0x00, 0x70, 0xBD, 0x00, 0x90, 0xFC, 0x00, 0x00, 0x2C, 0x1F, 0x40, 0x70, 0x7E, 0x00, 0x00, 0x0E,
    0x03, 0xE0, 0x30, 0x2F, 0x40, 0x00, 0x03, 0x40, 0xFC, 0x24, 0x0F, 0xC0, 0x00, 0x01, 0xC0, 0x3F,
    0x1C, 0x03, 0xF0, 0x00, 0x00, 0xB0, 0x0F, 0xCC, 0x01, 0xFC, 0x00, 0x00, 0x38, 0x02, 0xFE, 0x00,
    0xBE, 0x00, 0x00, 0x0D, 0x00, 0x7F, 0x00, 0x3F, 0x40, 0x00, 0x0B, 0x40, 0x1F, 0x00, 0x0F, 0xC0,
    0x00, 0x7F, 0xFD, 0x03, 0x40, 0xFF, 0xFF, 0x40, 0x00, 0x00, 0x3F, 0xFC, 0x00, 0x3F, 0xFF, 0x00,
    0x00, 0xFF, 0x40, 0x00, 0xB4, 0x00, 0x00, 0x3F, 0xF0, 0x00, 0x3C, 0x00, 0x00, 0x1C, 0xFE, 0x00,
    0x0E, 0x00, 0x00, 0x0B, 0x2F, 0xC0, 0x07, 0x40, 0x00, 0x03, 0x83, 0xF8, 0x02, 0xC0, 0x00, 0x00,
    0xD0, 0xBF, 0x00, 0xF0, 0x00, 0x00, 0x70, 0x0F, 0xE0, 0x38, 0x00, 0x00, 0x2C, 0x02, 0xFC, 0x1D,
    0x00, 0x00, 0x0E, 0x00, 0x3F, 0x8B, 0x00, 0x00, 0x03, 0x40, 0x07, 0xF3, 0xC0, 0x00, 0x01, 0xC0,
    0x00, 0xFF, 0xE0, 0x00, 0x00, 0xB0, 0x00, 0x1F, 0xF4, 0x00, 0x00, 0x38, 0x00, 0x03, 0xFC, 0x00,
    0x00, 0x0D, 0x00, 0x00, 0x7F, 0x00, 0x00, 0x0B, 0x40, 0x00, 0x0F, 0x80, 0x00, 0x7F, 0xFD, 0x00,
    0x01, 0xC0, 0x00, 0x00, 0x00, 0x00, 0x6F, 0xF9, 0x00, 0x00, 0x1F, 0x80, 0x7E, 0x00, 0x02, 0xF0,
    0x00, 0x3E, 0x00, 0x3F, 0x00, 0x00, 0xFC, 0x02, 0xF4, 0x00, 0x02, 0xF4, 0x1F, 0xC0, 0x00, 0x0B,
    0xE0, 0xFE, 0x00, 0x00, 0x3F, 0x87, 0xF0, 0x00, 0x00, 0xFD, 0x2F, 0xC0, 0x00, 0x07, 0xF4, 0xFE,
    0x00, 0x00, 0x2F, 0xC3, 0xF8, 0x00, 0x00, 0xFE, 0x0F, 0xD0, 0x00, 0x07, 0xF0, 0x3F, 0x40, 0x00,
    0x3F, 0x40, 0xBE, 0x00, 0x02, 0xF8, 0x00, 0xFC, 0x00, 0x2F, 0x40, 0x01, 0xFD, 0x07, 0xF0, 0x00,
    0x00, 0x7F, 0xF9, 0x00, 0x00, 0x00, 0x3F, 0xFF, 0xFF, 0x90, 0x00, 0x03, 0xF4, 0x01, 0xFC, 0x00,
    0x03, 0xF0, 0x00, 0xFD, 0x00, 0x07, 0xF0, 0x00, 0xFE, 0x00, 0x0B, 0xE0, 0x00, 0xFD, 0x00, 0x0F,
    0xC0, 0x01, 0xFC, 0x00, 0x0F, 0xC0, 0x03, 0xF4, 0x00, 0x1F, 0x80, 0x1F, 0xD0, 0x00, 0x2F, 0xFF,
    0xF9, 0x00, 0x00, 0x3F, 0x40, 0x00, 0x00, 0x00, 0x3F, 0x00, 0x00, 0x00, 0x00, 0x7F, 0x00, 0x00,
    0x00, 0x00, 0xBE, 0x00, 0x00, 0x00, 0x00, 0xFD, 0x00, 0x00, 0x00, 0x00, 0xFC, 0x00, 0x00, 0x00,
    0x01, 0xFC, 0x00, 0x00, 0x00, 0x7F, 0xFF, 0xD0, 0x00, 0x00, 0x00, 0x00, 0x00, 0x00, 0x00, 0x00,
    0x00, 0x6F, 0xF9, 0x00, 0x00, 0x1F, 0x80, 0x7E, 0x00, 0x02, 0xF0, 0x00, 0x3E, 0x00, 0x3F, 0x00,
    0x00, 0xFC, 0x02, 0xF4, 0x00, 0x02, 0xF4, 0x1F, 0xC0, 0x00, 0x0B, 0xE0, 0xFD, 0x00, 0x00, 0x3F,
    0x87, 0xF0, 0x00, 0x00, 0xFD, 0x2F, 0xC0, 0x00, 0x03, 0xF4, 0xFE, 0x00, 0x00, 0x1F, 0xC3, 0xF4,
    0x00, 0x00, 0xFE, 0x0F, 0xD0, 0x00, 0x03, 0xF0, 0x3F, 0x40, 0x00, 0x2F, 0x40, 0xBD, 0x0F, 0xC1,
    0xF8, 0x00, 0xFC, 0xD1, 0x9F, 0x80, 0x01, 0xFF, 0x07, 0xF0, 0x00, 0x00, 0xBF, 0xFE, 0x02, 0x00,
    0x00, 0x00, 0x3C, 0x1C, 0x00, 0x00, 0x01, 0xFF, 0xE0, 0x00, 0x00, 0x03, 0xFF, 0x00, 0x00, 0x00,
    0x0F, 0xF8, 0x00, 0x00, 0x00, 0x1F, 0x40, 0x00, 0x00, 0x3F, 0xFF, 0xFF, 0x80, 0x00, 0x00, 0xFD,
    0x00, 0xBE, 0x00, 0x00, 0x3F, 0x00, 0x0F, 0xD0, 0x00, 0x1F, 0xC0, 0x03, 0xF8, 0x00, 0x0B, 0xE0,
    0x00, 0xFD, 0x00, 0x03, 0xF4, 0x00, 0x7F, 0x00, 0x00, 0xFC, 0x00, 0x3F, 0x40, 0x00, 0x7F, 0x00,
    0x7F, 0x40, 0x00, 0x2F, 0xFF, 0xFD, 0x00, 0x00, 0x0F, 0xD0, 0x1F, 0xC0, 0x00, 0x03, 0xF0, 0x03,
    0xF4, 0x00, 0x01, 0xFC, 0x00, 0xFE, 0x00, 0x00, 0xBE, 0x00, 0x3F, 0x40, 0x00, 0x3F, 0x40, 0x1F,
    0xD0, 0x00, 0x0F, 0xC0, 0x07, 0xF0, 0x30, 0x07, 0xF0, 0x01, 0xFC, 0x2C, 0x3F, 0xFF, 0xC0, 0x1B,
    0xF8, 0x00, 0x00, 0x02, 0xFE, 0x49, 0x00, 0x2E, 0x02, 0xFD, 0x00, 0xB8, 0x00, 0xBC, 0x00, 0xF0,
    0x00, 0x3C, 0x02, 0xF0, 0x00, 0x38, 0x03, 0xF4, 0x00, 0x30, 0x02, 0xFE, 0x50, 0x00, 0x01, 0xFF,
    0xFE, 0x00, 0x00, 0xBF, 0xFF, 0x80, 0x00, 0x0B, 0xFF, 0xC0, 0x00, 0x00, 0x1F, 0xD0, 0x1C, 0x00,
    0x07, 0xD0, 0x3C, 0x00, 0x07, 0xC0, 0x3C, 0x00, 0x0B, 0x80, 0x7D, 0x00, 0x0F, 0x00, 0xBF, 0x40,
    0x7C, 0x00, 0xA1, 0xBF, 0x90, 0x00, 0x0B, 0xFF, 0xFF, 0xFF, 0xE0, 0xF4, 0x0F, 0xD0, 0x3E, 0x1D,
    0x00, 0xFC, 0x01, 0xD3, 0xC0, 0x1F, 0xC0, 0x0D, 0x34, 0x02, 0xF8, 0x01, 0xC7, 0x00, 0x3F, 0x40,
    0x1C, 0x00, 0x03, 0xF0, 0x00, 0x00, 0x00, 0x7F, 0x00, 0x00, 0x00, 0x0B, 0xF0, 0x00, 0x00, 0x00,
    0xFE, 0x00, 0x00, 0x00, 0x0F, 0xD0, 0x00, 0x00, 0x01, 0xFC, 0x00, 0x00, 0x00, 0x2F, 0xC0, 0x00,
    0x00, 0x03, 0xF8, 0x00, 0x00, 0x00, 0x3F, 0x40, 0x00, 0x00, 0x07, 0xF0, 0x00, 0x00, 0x7F, 0xFF,
    0xFD, 0x00, 0x00, 0x00, 0x00, 0x00, 0x00, 0x00, 0x7F, 0xFF, 0xD0, 0x3F, 0xFD, 0x03, 0xF8, 0x00,
    0x03, 0xC0, 0x03, 0xF0, 0x00, 0x03, 0x40, 0x07, 0xF0, 0x00, 0x07, 0x00, 0x0B, 0xE0, 0x00, 0x0B,
    0x00, 0x0F, 0xD0, 0x00, 0x0E, 0x00, 0x0F, 0xC0, 0x00, 0x0D, 0x00, 0x1F, 0xC0, 0x00, 0x1C, 0x00,
    0x2F, 0x80, 0x00, 0x2C, 0x00, 0x3F, 0x40, 0x00, 0x38, 0x00, 0x3F, 0x00, 0x00, 0x34, 0x00, 0x7F,
    0x00, 0x00, 0x70, 0x00, 0xBF, 0x00, 0x00, 0xE0, 0x00, 0x7E, 0x00, 0x01, 0xC0, 0x00, 0x3F, 0x00,
    0x07, 0x40, 0x00, 0x1F, 0x80, 0x6D, 0x00, 0x00, 0x02, 0xFF, 0x90, 0x00, 0x00, 0x00, 0x00, 0x00,
    0x00, 0x00, 0x7F, 0xFF, 0x80, 0x3F, 0xFD, 0x07, 0xF4, 0x00, 0x03, 0xC0, 0x03, 0xF4, 0x00, 0x0B,
    0x00, 0x03, 0xF4, 0x00, 0x1D, 0x00, 0x03, 0xF8, 0x00, 0x38, 0x00, 0x03, 0xF8, 0x00, 0xB0, 0x00,
    0x02, 0xFC, 0x00, 0xD0, 0x00, 0x01, 0xFC, 0x03, 0x80, 0x00, 0x01, 0xFC, 0x07, 0x00, 0x00, 0x00,
    0xFD, 0x0D, 0x00, 0x00, 0x00, 0xFD, 0x2C, 0x00, 0x00, 0x00, 0xFE, 0x70, 0x00, 0x00, 0x00, 0xFF,
    0xD0, 0x00, 0x00, 0x00, 0xBF, 0xC0, 0x00, 0x00, 0x00, 0xBF, 0x00, 0x00, 0x00, 0x00, 0x7E, 0x00,
    0x00, 0x00, 0x00, 0x38, 0x00, 0x00, 0x00, 0x7F, 0xFF, 0x4F, 0xFF, 0xE0, 0x7F, 0xF8, 0x2F, 0xC0,
    0x03, 0xF4, 0x00, 0x1D, 0x00, 0x7F, 0x00, 0x0F, 0xD0, 0x00, 0xE0, 0x01, 0xFC, 0x00, 0x3F, 0x80,
    0x0B, 0x00, 0x07, 0xF0, 0x02, 0xFE, 0x00, 0x34, 0x00, 0x0F, 0xD0, 0x0F, 0xF8, 0x02, 0x80, 0x00,
    0x3F, 0x40, 0xBB, 0xF0, 0x1C, 0x00, 0x00, 0xFD, 0x07, 0x2F, 0xC0, 0xE0, 0x00, 0x03, 0xF8, 0x38,
    0x7F, 0x07, 0x00, 0x00, 0x0F, 0xE1, 0xC1, 0xFC, 0x34, 0x00, 0x00, 0x2F, 0xCD, 0x07, 0xF2, 0x80,
    0x00, 0x00, 0xBF, 0xA0, 0x0F, 0xDC, 0x00, 0x00, 0x02, 0xFF, 0x00, 0x3F, 0xE0, 0x00, 0x00, 0x07,
    0xF8, 0x00, 0xFF, 0x00, 0x00, 0x00, 0x1F, 0xC0, 0x03, 0xF4, 0x00, 0x00, 0x00, 0x3D, 0x00, 0x0F,
    0x80, 0x00, 0x00, 0x00, 0xE0, 0x00, 0x2C, 0x00, 0x00, 0x00, 0x00, 0x3F, 0xFF, 0xC3, 0xFF, 0xF0,
    0x00, 0x0B, 0xF4, 0x01, 0xE0, 0x00, 0x00, 0x0F, 0xE0, 0x0E, 0x00, 0x00, 0x00, 0x2F, 0xC0, 0xF0,
    0x00, 0x00, 0x00, 0x7F, 0x4F, 0x00, 0x00, 0x00, 0x00, 0xFF, 0xF0, 0x00, 0x00, 0x00, 0x02, 0xFF,
    0x00, 0x00, 0x00, 0x00, 0x03, 0xF8, 0x00, 0x00, 0x00, 0x00, 0x0F, 0xF0, 0x00, 0x00, 0x00, 0x00,
    0x7F, 0xD0, 0x00, 0x00, 0x00, 0x07, 0xBF, 0xC0, 0x00, 0x00, 0x00, 0x78, 0xBF, 0x00, 0x00, 0x00,
    0x03, 0x80, 0xFE, 0x00, 0x00, 0x00, 0x38, 0x03, 0xFC, 0x00, 0x00, 0x03, 0xC0, 0x07, 0xF4, 0x00,
    0x00, 0x7C, 0x00, 0x0F, 0xF0, 0x00, 0x3F, 0xFE, 0x03, 0xFF, 0xFC, 0x00, 0xBF, 0xFF, 0x80, 0x2F,
    0xFD, 0x07, 0xF8, 0x00, 0x07, 0x80, 0x03, 0xFC, 0x00, 0x0E, 0x00, 0x02, 0xFD, 0x00, 0x3C, 0x00,
    0x00, 0xFE, 0x00, 0xF0, 0x00, 0x00, 0xFF, 0x02, 0xC0, 0x00, 0x00, 0x7F, 0x4B, 0x40, 0x00, 0x00,
    0x3F, 0x9D, 0x00, 0x00, 0x00, 0x2F, 0xF8, 0x00, 0x00, 0x00, 0x1F, 0xE0, 0x00, 0x00, 0x00, 0x1F,
    0xC0, 0x00, 0x00, 0x00, 0x1F, 0xC0, 0x00, 0x00, 0x00, 0x2F, 0x80, 0x00, 0x00, 0x00, 0x3F, 0x40,
    0x00, 0x00, 0x00, 0x3F, 0x00, 0x00, 0x00, 0x00, 0xBF, 0x00, 0x00, 0x00, 0x1F, 0xFF, 0xF0, 0x00,
    0x00, 0x00, 0x3F, 0xFF, 0xFF, 0xE0, 0x07, 0xF4, 0x03, 0xFC, 0x00, 0xB8, 0x00, 0xBF, 0x00, 0x0F,
    0x00, 0x2F, 0xD0, 0x00, 0xD0, 0x07, 0xF4, 0x00, 0x1C, 0x01, 0xFE, 0x00, 0x00, 0x00, 0x7F, 0x80,
    0x00, 0x00, 0x0F, 0xF0, 0x00, 0x00, 0x03, 0xFC, 0x00, 0x00, 0x00, 0xFF, 0x00, 0x00, 0x00, 0x2F,
    0xC0, 0x0C, 0x00, 0x0B, 0xF4, 0x02, 0xC0, 0x01, 0xFD, 0x00, 0x38, 0x00, 0x7F, 0x80, 0x07, 0x40,
    0x0F, 0xE0, 0x01, 0xF0, 0x03, 0xFC, 0x01, 0xBE, 0x00, 0xBF, 0xFF, 0xFF, 0xD0, 0x00, 0x00, 0x03,
    0xFC, 0x00, 0x07, 0xC0, 0x00, 0x0F, 0x80, 0x00, 0x0F, 0x40, 0x00, 0x1F, 0x00, 0x00, 0x2F, 0x00,
    0x00, 0x3E, 0x00, 0x00, 0x3D, 0x00, 0x00, 0x7C, 0x00, 0x00, 0xBC, 0x00, 0x00, 0xF8, 0x00, 0x00,
    0xF4, 0x00, 0x01, 0xF0, 0x00, 0x02, 0xF0, 0x00, 0x03, 0xE0, 0x00, 0x03, 0xD0, 0x00, 0x07, 0xC0,
    0x00, 0x0B, 0xC0, 0x00, 0x0F, 0x80, 0x00, 0x0F, 0x40, 0x00, 0x1F, 0x00, 0x00, 0x2F, 0x00, 0x00,
    0x3E, 0x00, 0x00, 0x3D, 0x00, 0x00, 0x3F, 0xC0, 0x00, 0x10, 0x03, 0x00, 0x30, 0x03, 0x00, 0x30,
    0x02, 0x40, 0x24, 0x01, 0x80, 0x18, 0x00, 0xC0, 0x0C, 0x00, 0xC0, 0x09, 0x00, 0x90, 0x06, 0x00,
    0x60, 0x03, 0x00, 0x30, 0x03, 0x00, 0x20, 0x02, 0x40, 0x14, 0x01, 0x80, 0x0C, 0x00, 0xC0, 0x0C,
    0x00, 0x00, 0x00, 0x03, 0xFC, 0x00, 0x00, 0x7C, 0x00, 0x00, 0xBC, 0x00, 0x00, 0xF8, 0x00, 0x00,
    0xF4, 0x00, 0x01, 0xF0, 0x00, 0x02, 0xF0, 0x00, 0x03, 0xE0, 0x00, 0x03, 0xD0, 0x00, 0x07, 0xC0,
    0x00, 0x0B, 0xC0, 0x00, 0x0F, 0x80, 0x00, 0x0F, 0x40, 0x00, 0x1F, 0x00, 0x00, 0x2F, 0x00, 0x00,
    0x3E, 0x00, 0x00, 0x3D, 0x00, 0x00, 0x7C, 0x00, 0x00, 0xBC, 0x00, 0x00, 0xF8, 0x00, 0x00, 0xF4,
    0x00, 0x01, 0xF0, 0x00, 0x02, 0xF0, 0x00, 0x03, 0xE0, 0x00, 0x3F, 0xD0, 0x00, 0x00, 0x1D, 0x00,
    0x01, 0xFF, 0x80, 0x0B, 0xD3, 0xF0, 0x3E, 0x00, 0xBC, 0x74, 0x00, 0x1C, 0xBF, 0xFF, 0xFF, 0xFF,
    0x00, 0x3C, 0x0B, 0xF0, 0x3F, 0x80, 0x6C, 0x00, 0x6F, 0xC4, 0x00, 0x2F, 0x07, 0xF0, 0x0B, 0xC0,
    0x3F, 0x01, 0xF8, 0x03, 0xE0, 0x3F, 0x00, 0x7D, 0x03, 0xF0, 0x0B, 0xC0, 0x7E, 0x00, 0xFC, 0x07,
    0xD0, 0x0F, 0x4D, 0x3D, 0x02, 0xF4, 0xC2, 0xE0, 0xBF, 0x28, 0x07, 0xF8, 0x7E, 0x00, 0x00, 0x00,
    0x00, 0x0F, 0xF4, 0x00, 0x02, 0xF0, 0x00, 0x03, 0xF0, 0x00, 0x03, 0xE0, 0x00, 0x07, 0xD0, 0x00,
    0x0B, 0xC0, 0x00, 0x0F, 0xFF, 0xD0, 0x0F, 0xE0, 0xB8, 0x1F, 0x40, 0x7C, 0x2F, 0x00, 0x7D, 0x3F,
    0x00, 0xBD, 0x3E, 0x00, 0xFC, 0x3D, 0x00, 0xFC, 0x3D, 0x01, 0xF4, 0x3C, 0x03, 0xE0, 0x2E, 0x0F,
    0x80, 0x07, 0xF9, 0x00, 0x00, 0x2F, 0xF0, 0x01, 0xF4, 0x3C, 0x0B, 0xC0, 0xBC, 0x1F, 0x80, 0xB8,
    0x3F, 0x00, 0x00, 0x3F, 0x00, 0x00, 0x7E, 0x00, 0x00, 0x7D, 0x00, 0x00, 0x3D, 0x00, 0x1C, 0x1F,
    0x01, 0xB8, 0x06, 0xFF, 0x80, 0x00, 0x00, 0x2F, 0xE0, 0x00, 0x00, 0x3E, 0x00, 0x00, 0x07, 0xD0,
    0x00, 0x00, 0xBC, 0x00, 0x00, 0x0F, 0xC0, 0x00, 0x00, 0xF8, 0x00, 0x6F, 0xFF, 0x40, 0x2F, 0x07,
    0xF0, 0x0B, 0xC0, 0x3F, 0x01, 0xF8, 0x03, 0xE0, 0x3F, 0x00, 0x7D, 0x03, 0xF0, 0x0B, 0xC0, 0x7E,
    0x00, 0xFC, 0x07, 0xD0, 0x0F, 0x8D, 0x3D, 0x01, 0xF4, 0xC2, 0xE0, 0xBF, 0x28, 0x07, 0xF8, 0x7E,
    0x00, 0x00, 0x2F, 0xE0, 0x01, 0xF4, 0x3C, 0x0B, 0xC0, 0x1D, 0x1F, 0x80, 0x2C, 0x3F, 0x01, 0xF4,
    0x3F, 0xFF, 0x80, 0x3E, 0x00, 0x00, 0x7D, 0x00, 0x00, 0x3D, 0x00, 0x0C, 0x1F, 0x01, 0xB8, 0x06,
    0xFF, 0x80, 0x00, 0x00, 0x1F, 0xE0, 0x00, 0x01, 0xE3, 0xD0, 0x00, 0x0F, 0x5F, 0x00, 0x00, 0x7C,
    0x00, 0x00, 0x02, 0xF0, 0x00, 0x00, 0x0F, 0xC0, 0x00, 0x0F, 0xFF, 0xFC, 0x00, 0x00, 0xF4, 0x00,
    0x00, 0x07, 0xD0, 0x00, 0x00, 0x2F, 0x00, 0x00, 0x00, 0xBC, 0x00, 0x00, 0x03, 0xF0, 0x00, 0x00,
    0x0F, 0x80, 0x00, 0x00, 0x7D, 0x00, 0x00, 0x01, 0xF0, 0x00, 0x00, 0x0B, 0xC0, 0x00, 0x00, 0x3F,
    0x00, 0x00, 0x00, 0xF8, 0x00, 0x00, 0x07, 0xC0, 0x00, 0x0F, 0x6E, 0x00, 0x00, 0x7D, 0xF0, 0x00,
    0x00, 0xBE, 0x00, 0x00, 0x00, 0x00, 0x1B, 0xF1, 0x00, 0x0B, 0xC1, 0xFC, 0x02, 0xF0, 0x0F, 0xC0,
    0x7E, 0x00, 0xF8, 0x0F, 0xC0, 0x1F, 0x40, 0xFC, 0x02, 0xF0, 0x1F, 0x80, 0x3F, 0x01, 0xF4, 0x03,
    0xE0, 0x0F, 0x40, 0xBD, 0x00, 0xB8, 0x2F, 0xC0, 0x01, 0xFE, 0xFC, 0x00, 0x00, 0x0F, 0x80, 0x00,
    0x01, 0xF4, 0x03, 0xD0, 0x3F, 0x00, 0x7C, 0x0F, 0xC0, 0x02, 0xFF, 0x90, 0x00, 0x03, 0xFD, 0x00,
    0x00, 0x02, 0xF0, 0x00, 0x00, 0x0F, 0xC0, 0x00, 0x00, 0x3E, 0x00, 0x00, 0x01, 0xF4, 0x00, 0x00,
    0x0B, 0xC0, 0x00, 0x00, 0x3F, 0x7F, 0xD0, 0x00, 0xFF, 0x43, 0xD0, 0x07, 0xF0, 0x0F, 0x80, 0x2F,
    0x00, 0x3E, 0x00, 0xFC, 0x01, 0xF4, 0x03, 0xE0, 0x0B, 0xC0, 0x1F, 0x40, 0x3E, 0x00, 0xBC, 0x01,
    0xF0, 0xD3, 0xF0, 0x0F, 0xC7, 0x0F, 0x80, 0x2E, 0x34, 0x3C, 0x00, 0x2F, 0x40, 0x00, 0x0F, 0x00,
    0x0B, 0xC0, 0x01, 0xE0, 0x00, 0x00, 0x00, 0x00, 0x00, 0x00, 0x00, 0x2F, 0x40, 0x38, 0xF0, 0x2C,
    0x7D, 0x0D, 0x2F, 0x00, 0x0F, 0x80, 0x0B, 0xC0, 0x03, 0xE0, 0x01, 0xF4, 0xA0, 0xBC, 0x30, 0x2E,
    0x38, 0x02, 0xF4, 0x00, 0x00, 0x00, 0x3C, 0x00, 0x00, 0xBC, 0x00, 0x00, 0x78, 0x00, 0x00, 0x00,
    0x00, 0x00, 0x00, 0x00, 0x00, 0x00, 0x00, 0x1F, 0xD0, 0x00, 0xB4, 0xF0, 0x01, 0xC1, 0xF4, 0x03,
    0x42, 0xF0, 0x00, 0x03, 0xF0, 0x00, 0x03, 0xE0, 0x00, 0x07, 0xD0, 0x00, 0x0B, 0xC0, 0x00, 0x0F,
    0xC0, 0x00, 0x0F, 0x80, 0x00, 0x1F, 0x40, 0x00, 0x2F, 0x00, 0x00, 0x3F, 0x00, 0x7C, 0x7D, 0x00,
    0xBD, 0xF4, 0x00, 0x3F, 0x80, 0x00, 0x03, 0xFD, 0x00, 0x00, 0x0B, 0xC0, 0x00, 0x00, 0xFC, 0x00,
    0x00, 0x0F, 0x80, 0x00, 0x01, 0xF4, 0x00, 0x00, 0x2F, 0x00, 0x00, 0x03, 0xF0, 0x1F, 0x40, 0x3E,
    0x0A, 0x7C, 0x07, 0xD2, 0x4F, 0xC0, 0xBD, 0x90, 0xF4, 0x0F, 0xF0, 0x00, 0x00, 0xFF, 0xF4, 0x00,
    0x1F, 0x4B, 0xD0, 0x02, 0xF0, 0x3E, 0x1C, 0x3F, 0x03, 0xD2, 0x83, 0xE0, 0x3D, 0x70, 0x3C, 0x00,
    0xBD, 0x00, 0x00, 0x00, 0x3F, 0xD0, 0x2F, 0x00, 0xFC, 0x03, 0xE0, 0x1F, 0x40, 0xBC, 0x03, 0xF0,
    0x0F, 0x80, 0x7D, 0x02, 0xF0, 0x0F, 0xC0, 0x3E, 0x01, 0xF4, 0x0B, 0xC3, 0x2F, 0x2C, 0x7C, 0xD0,
    0xBD, 0x00, 0x07, 0xE0, 0x7F, 0x81, 0xBF, 0x40, 0x0D, 0xBB, 0x82, 0xFB, 0x47, 0xC0, 0x28, 0xFD,
    0x01, 0xFC, 0x03, 0xD0, 0x34, 0xF8, 0x02, 0xF0, 0x07, 0xD0, 0x01, 0xF4, 0x03, 0xF0, 0x0B, 0xC0,
    0x02, 0xF0, 0x03, 0xE0, 0x0F, 0xC0, 0x03, 0xF0, 0x07, 0xC0, 0x1F, 0x40, 0x03, 0xE0, 0x0B, 0xC0,
    0x2F, 0x0D, 0x07, 0xD0, 0x0F, 0x80, 0x3E, 0x1C, 0x0B, 0xC0, 0x0F, 0x40, 0x3D, 0x74, 0x07, 0x80,
    0x0F, 0x00, 0x0F, 0xD0, 0x00, 0x00, 0x00, 0x00, 0x01, 0xF8, 0x1F, 0xE0, 0x00, 0xCB, 0xB8, 0x2F,
    0x00, 0xA3, 0xF4, 0x07, 0xC0, 0x34, 0xFC, 0x02, 0xF0, 0x00, 0x7D, 0x00, 0xFC, 0x00, 0x2F, 0x00,
    0x7D, 0x00, 0x0F, 0xC0, 0x2F, 0x00, 0x03, 0xE0, 0x0F, 0x87, 0x01, 0xF4, 0x07, 0xD3, 0x80, 0xBC,
    0x00, 0xF2, 0xC0, 0x1E, 0x00, 0x1F, 0x80, 0x00, 0x2F, 0xF8, 0x00, 0x7D, 0x0B, 0xC0, 0xBC, 0x00,
    0xF8, 0x7E, 0x00, 0x3F, 0x3F, 0x00, 0x0F, 0xCF, 0xC0, 0x07, 0xE7, 0xE0, 0x02, 0xF5, 0xF4, 0x00,
    0xFC, 0x3D, 0x00, 0xBC, 0x07, 0xC0, 0xBC, 0x00, 0x6F, 0xE4, 0x00, 0x00, 0x00, 0x00, 0x00, 0x07,
    0xE1, 0xFE, 0x00, 0x36, 0xFD, 0x1F, 0x02, 0x8F, 0xC0, 0x3E, 0x0D, 0x3E, 0x00, 0xFC, 0x01, 0xF4,
    0x03, 0xF0, 0x0B, 0xC0, 0x1F, 0x80, 0x3F, 0x00, 0xBD, 0x00, 0xF8, 0x03, 0xF0, 0x07, 0xD0, 0x2F,
    0x00, 0x2F, 0x81, 0xF4, 0x00, 0xFF, 0xFE, 0x00, 0x03, 0xE0, 0x00, 0x00, 0x1F, 0x40, 0x00, 0x00,
    0x7C, 0x00, 0x00, 0x02, 0xF0, 0x00, 0x00, 0x7F, 0xF4, 0x00, 0x00, 0x00, 0x6F, 0xC7, 0x40, 0xBC,
    0x1F, 0xC0, 0xBC, 0x03, 0xF0, 0x7E, 0x00, 0xF8, 0x3F, 0x00, 0x7D, 0x0F, 0xC0, 0x2F, 0x07, 0xE0,
    0x0F, 0xC1, 0xF4, 0x03, 0xE0, 0x3D, 0x01, 0xF4, 0x0B, 0x81, 0xFC, 0x00, 0x7F, 0xFF, 0x00, 0x00,
    0x0F, 0x80, 0x00, 0x07, 0xD0, 0x00, 0x02, 0xF0, 0x00, 0x00, 0xFC, 0x00, 0x03, 0xFF, 0xD0, 0x00,
    0x00, 0x00, 0x01, 0xF8, 0x7F, 0x80, 0xCB, 0xF4, 0x7C, 0xA2, 0xF0, 0x3F, 0x34, 0xF8, 0x0F, 0x40,
    0x3D, 0x00, 0x00, 0x1F, 0x00, 0x00, 0x0F, 0xC0, 0x00, 0x03, 0xE0, 0x00, 0x01, 0xF4, 0x00, 0x00,
    0xBC, 0x00, 0x00, 0x1E, 0x00, 0x00, 0x00, 0xBF, 0x80, 0x0F, 0x03, 0xC0, 0xB0, 0x1F, 0x03, 0xD0,
    0x78, 0x0B, 0xF9, 0x00, 0x0B, 0xFF, 0x00, 0x01, 0xBD, 0x1F, 0x00, 0x74, 0xFC, 0x02, 0xC2, 0xD0,
    0x1D, 0x02, 0xFF, 0x80, 0x00, 0x00, 0x78, 0x00, 0x3E, 0x00, 0x1F, 0x40, 0x0B, 0xC0, 0x02, 0xF0,
    0x2F, 0xFF, 0xC0, 0x7D, 0x00, 0x2F, 0x00, 0x0F, 0xC0, 0x03, 0xE0, 0x01, 0xF4, 0x00, 0xBC, 0x00,
    0x3F, 0x03, 0x4F, 0x82, 0x82, 0xE2, 0xC0, 0x2F, 0x80, 0x02, 0xF4, 0x01, 0xE0, 0x0E, 0x3C, 0x03,
    0xF0, 0x2C, 0x7D, 0x03, 0xE0, 0x34, 0xBC, 0x07, 0xD0, 0x00, 0xF8, 0x0B, 0xC0, 0x01, 0xF0, 0x0F,
    0x80, 0x03, 0xF0, 0x0F, 0x40, 0x03, 0xE0, 0x1F, 0x0C, 0x03, 0xE0, 0x3F, 0x1C, 0x02, 0xF0, 0xBF,
    0x34, 0x00, 0xBF, 0x4B, 0xE0, 0x02, 0xF4, 0x0B, 0x43, 0x8F, 0x07, 0xF2, 0xC7, 0xD0, 0xFC, 0xD2,
    0xF0, 0x1E, 0x00, 0xF8, 0x03, 0x40, 0x7C, 0x01, 0xC0, 0x3F, 0x00, 0xA0, 0x0F, 0x80, 0x34, 0x03,
    0xE0, 0x2C, 0x00, 0xBC, 0x2C, 0x00, 0x07, 0xF8, 0x00, 0x02, 0xF4, 0x01, 0x80, 0xF0, 0x38, 0xF0,
    0x0F, 0x4B, 0xE2, 0xC7, 0xD0, 0x7C, 0x1F, 0x8D, 0x2F, 0x03, 0xF0, 0x1E, 0x00, 0xF8, 0x0F, 0x80,
    0x34, 0x07, 0xC0, 0x7D, 0x01, 0xC0, 0x3F, 0x02, 0xF0, 0x0A, 0x00, 0xF8, 0x0B, 0xC0, 0x34, 0x03,
    0xE0, 0x3F, 0x02, 0xC0, 0x07, 0xC2, 0xFD, 0x1C, 0x00, 0x07, 0xF8, 0x6F, 0xC0, 0x00, 0x01, 0xFE,
    0x1F, 0xC0, 0x2D, 0x1F, 0xD3, 0xC2, 0xC0, 0x7E, 0x3F, 0x0D, 0x01, 0xF0, 0xB4, 0x00, 0x0B, 0xC0,
    0x00, 0x00, 0x3E, 0x00, 0x00, 0x00, 0xF4, 0x00, 0x0B, 0x4B, 0xC0, 0x28, 0x7E, 0x3F, 0x01, 0xD0,
    0xF2, 0xFC, 0x1D, 0x01, 0xF8, 0x2F, 0xD0, 0x00, 0x02, 0xF4, 0x00, 0x90, 0xE3, 0xC0, 0x3E, 0x2C,
    0x7D, 0x03, 0xE3, 0x4B, 0xC0, 0x7D, 0x00, 0xF8, 0x0B, 0xC0, 0x1F, 0x00, 0xFC, 0x03, 0xF0, 0x0F,
    0x80, 0x3E, 0x01, 0xF4, 0x03, 0xE0, 0x2F, 0x00, 0x2F, 0x0B, 0xF0, 0x00, 0xBF, 0xBD, 0x00, 0x00,
    0x0B, 0xC0, 0x0B, 0x40, 0xF8, 0x01, 0xF8, 0x2F, 0x00, 0x0F, 0x0B, 0xC0, 0x00, 0x7F, 0x90, 0x00,
    0x00, 0x00, 0x00, 0x00, 0x1F, 0x40, 0xD0, 0x1F, 0xF8, 0xB0, 0x0F, 0xFF, 0xF0, 0x07, 0x00, 0x70,
    0x00, 0x00, 0xB0, 0x00, 0x00, 0xB0, 0x00, 0x00, 0xE0, 0x00, 0x00, 0xE0, 0x00, 0x00, 0xD0, 0x02,
    0xC0, 0xFF, 0xFF, 0xE0, 0xF0, 0xFF, 0xF0, 0x70, 0x0B, 0xE0, 0x00, 0x00, 0x00, 0x6F, 0x80, 0x00,
    0xBD, 0x00, 0x00, 0xBC, 0x00, 0x00, 0x3E, 0x00, 0x00, 0x1F, 0x40, 0x00, 0x0B, 0xC0, 0x00, 0x03,
    0xF0, 0x00, 0x00, 0xF8, 0x00, 0x00, 0x7D, 0x00, 0x00, 0x2F, 0x00, 0x00, 0x0F, 0x80, 0x00, 0x1F,
    0x80, 0x00, 0xBF, 0x40, 0x00, 0x07, 0xE0, 0x00, 0x00, 0x7D, 0x00, 0x00, 0x0F, 0x40, 0x00, 0x07,
    0xD0, 0x00, 0x02, 0xF0, 0x00, 0x00, 0xFC, 0x00, 0x00, 0x3E, 0x00, 0x00, 0x1F, 0x40, 0x00, 0x0B,
    0xC0, 0x00, 0x02, 0xF0, 0x00, 0x00, 0x7E, 0x00, 0x00, 0x02, 0xF8, 0x00, 0x00, 0x00, 0x05, 0x00,
    0x0E, 0x00, 0x0D, 0x00, 0x1C, 0x00, 0x2C, 0x00, 0x38, 0x00, 0x34, 0x00, 0x70, 0x00, 0xB0, 0x00,
    0xE0, 0x00, 0xD0, 0x01, 0xC0, 0x02, 0xC0, 0x03, 0x80, 0x03, 0x40, 0x07, 0x00, 0x0B, 0x00, 0x0E,
    0x00, 0x0D, 0x00, 0x1C, 0x00, 0x2C, 0x00, 0x38, 0x00, 0x34, 0x00, 0x70, 0x00, 0xB0, 0x00, 0x00,
    0x00, 0x00, 0x0F, 0xE0, 0x00, 0x00, 0x3F, 0x00, 0x00, 0x03, 0xE0, 0x00, 0x00, 0xF8, 0x00, 0x00,
    0x7D, 0x00, 0x00, 0x2F, 0x00, 0x00, 0x0F, 0xC0, 0x00, 0x03, 0xE0, 0x00, 0x01, 0xF4, 0x00, 0x00,
    0xBC, 0x00, 0x00, 0x2F, 0x00, 0x00, 0x07, 0xD0, 0x00, 0x00, 0x7F, 0x40, 0x00, 0x7E, 0x40, 0x00,
    0x7D, 0x00, 0x00, 0x3E, 0x00, 0x00, 0x1F, 0x40, 0x00, 0x0B, 0xC0, 0x00, 0x03, 0xF0, 0x00, 0x00,
    0xF8, 0x00, 0x00, 0x7D, 0x00, 0x00, 0x2F, 0x00, 0x00, 0x0F, 0x80, 0x00, 0x1F, 0xC0, 0x00, 0xBE,
    0x40, 0x00, 0x00, 0x02, 0xF4, 0x00, 0x87, 0x07, 0xD1, 0xC2, 0x00, 0x2F, 0x80, 0x00, 0x7C, 0x00,
    0xFD, 0x01, 0xFC, 0x00, 0xF4, 0x00, 0x00, 0x00, 0x00, 0x01, 0xC0, 0x02, 0xC0, 0x03, 0xC0, 0x07,
    0xC0, 0x0F, 0x80, 0x0F, 0x40, 0x1F, 0x40, 0x3F, 0x00, 0x3F, 0x00, 0xBF, 0x00, 0xFE, 0x00, 0xFD,
    0x00, 0x10, 0x00, 0x00, 0x00, 0x30, 0x00, 0x00, 0x06, 0x00, 0x00, 0x1A, 0xFE, 0x40, 0x0F, 0xDC,
    0x7C, 0x03, 0xE1, 0xCB, 0xC0, 0xFC, 0x28, 0x00, 0x1F, 0x83, 0x40, 0x03, 0xF0, 0x30, 0x00, 0x3F,
    0x03, 0x00, 0x03, 0xF0, 0x70, 0x00, 0x3F, 0x0A, 0x01, 0x02, 0xF0, 0xD0, 0xE0, 0x0F, 0x9C, 0x78,
    0x00, 0x2F, 0xF8, 0x00, 0x00, 0x28, 0x00, 0x00, 0x03, 0x40, 0x00, 0x00, 0x10, 0x00, 0x00, 0x00,
    0x00, 0x01, 0xFE, 0x00, 0x00, 0x00, 0xF8, 0x2C, 0x00, 0x00, 0x3E, 0x00, 0xD0, 0x00, 0x07, 0xC0,
    0x2E, 0x00, 0x00, 0xFC, 0x07, 0xD0, 0x00, 0x0F, 0x80, 0x78, 0x00, 0x01, 0xF4, 0x00, 0x00, 0x00,
    0x2F, 0x00, 0x00, 0x00, 0x03, 0xF0, 0x00, 0x00, 0x03, 0xFF, 0xF0, 0x00, 0x00, 0x07, 0xD0, 0x00,
    0x00, 0x00, 0xBC, 0x00, 0x00, 0x00, 0x0F, 0xC0, 0x00, 0x00, 0x00, 0xF8, 0x00, 0x00, 0x00, 0x1F,
    0x40, 0x06, 0x01, 0xBF, 0xF4, 0x00, 0xE0, 0x74, 0xFF, 0xF4, 0x28, 0x03, 0xF9, 0x07, 0xFD, 0x00,
    0x0B, 0xFF, 0xF8, 0x02, 0xFF, 0xD0, 0x07, 0xF8, 0x00, 0x07, 0x80, 0x00, 0x3F, 0xC0, 0x00, 0xF0,
    0x00, 0x02, 0xFC, 0x00, 0x2C, 0x00, 0x00, 0x1F, 0xE0, 0x0B, 0x40, 0x00, 0x00, 0xFF, 0x01, 0xD0,
    0x00, 0x0B, 0xFF, 0xFF, 0xFF, 0xF8, 0x00, 0x00, 0x7F, 0x8F, 0x00, 0x00, 0x00, 0x03, 0xFF, 0xC0,
    0x00, 0x00, 0x00, 0x1F, 0xF0, 0x00, 0x00, 0x00, 0x01, 0xFC, 0x00, 0x00, 0x03, 0xFF, 0xFF, 0xFF,
    0xFD, 0x00, 0x00, 0x02, 0xF8, 0x00, 0x00, 0x00, 0x00, 0x3F, 0x40, 0x00, 0x00, 0x00, 0x03, 0xF0,
    0x00, 0x00, 0x00, 0x00, 0xBF, 0x00, 0x00, 0x00, 0x01, 0xFF, 0xFF, 0x00, 0x00, 0x00, 0x00, 0x02,
    0xFD, 0x00, 0x0B, 0x42, 0xC0, 0x07, 0x40, 0xF4, 0x03, 0xC0, 0x3C, 0x00, 0xF0, 0x00, 0x00, 0x3E,
    0x40, 0x00, 0x0F, 0xF8, 0x00, 0x01, 0xFF, 0xC0, 0x01, 0xEF, 0xF8, 0x00, 0xE0, 0x7E, 0x00, 0xB0,
    0x03, 0x80, 0x3C, 0x00, 0xD0, 0x0F, 0xD0, 0xB0, 0x02, 0xFF, 0xF0, 0x00, 0x3F, 0xF0, 0x00, 0x03,
    0xFE, 0x00, 0x00, 0x1F, 0xC0, 0x00, 0x00, 0xF0, 0x03, 0xC0, 0x38, 0x02, 0xF0, 0x2C, 0x00, 0x74,
    0x2D, 0x00, 0x07, 0xF8, 0x00, 0x00, 0x1F, 0x03, 0xC3, 0xF4, 0xFE, 0x3F, 0x4F, 0xD2, 0xE0, 0xB8,
    0x00, 0x00, 0x00, 0x6F, 0xFF, 0x90, 0x00, 0x00, 0x00, 0x1B, 0x90, 0x00, 0x7D, 0x00, 0x00, 0x00,
    0xF4, 0x00, 0x00, 0x07, 0x80, 0x00, 0x07, 0x80, 0x00, 0x00, 0x00, 0xF0, 0x00, 0x2D, 0x00, 0x00,
    0x00, 0x00, 0x34, 0x00, 0x74, 0x00, 0x00, 0x00, 0x00, 0x2C, 0x01, 0xD0, 0x00, 0x00, 0x00, 0x00,
    0x0D, 0x03, 0x80, 0x00, 0xBF, 0xE5, 0xD0, 0x0E, 0x0B, 0x00, 0x0B, 0xE0, 0x1F, 0xC0, 0x0E, 0x0E,
    0x00, 0x7F, 0x00, 0x0B, 0xC0, 0x0E, 0x2C, 0x00, 0xFD, 0x00, 0x07, 0x80, 0x0E, 0x38, 0x03, 0xFC,
    0x00, 0x03, 0x00, 0x0E, 0x34, 0x03, 0xF4, 0x00, 0x00, 0x00, 0x0D, 0x70, 0x07, 0xF0, 0x00, 0x00,
    0x00, 0x1C, 0xB0, 0x0B, 0xF0, 0x00, 0x0C, 0x00, 0x2C, 0xB0, 0x07, 0xF0, 0x00, 0x2C, 0x00, 0x34,
    0xB0, 0x03, 0xF0, 0x00, 0x74, 0x00, 0xB0, 0xB0, 0x01, 0xFD, 0x02, 0xD0, 0x00, 0xD0, 0x70, 0x00,
    0x1F, 0xFE, 0x00, 0x02, 0xC0, 0x34, 0x00, 0x00, 0x00, 0x00, 0x07, 0x00, 0x38, 0x00, 0x00, 0x00,
    0x00, 0x1D, 0x00, 0x1D, 0x00, 0x00, 0x00, 0x00, 0x74, 0x00, 0x0B, 0x00, 0x00, 0x00, 0x02, 0xD0,
    0x00, 0x02, 0xD0, 0x00, 0x00, 0x1E, 0x00, 0x00, 0x00, 0x7D, 0x00, 0x06, 0xE4, 0x00, 0x00, 0x00,
    0x06, 0xFF, 0xF9, 0x00, 0x00, 0x00, 0x00, 0x2F, 0x94, 0x00, 0x1F, 0x4F, 0xC0, 0x07, 0xD0, 0xBC,
    0x00, 0xFC, 0x0F, 0x80, 0x0F, 0xC0, 0xF4, 0x01, 0xF8, 0x1F, 0x00, 0x2F, 0x42, 0xF1, 0xC1, 0xF0,
    0x3F, 0x2C, 0x0F, 0x4B, 0xE7, 0x40, 0x2F, 0x8B, 0xD0, 0x00, 0x00, 0x00, 0x0B, 0xFF, 0xFF, 0x80,
    0x00, 0x08, 0x02, 0x00, 0x2C, 0x0D, 0x00, 0x70, 0x38, 0x01, 0xD0, 0xF0, 0x0B, 0x87, 0xC0, 0x7E,
    0x2F, 0x00, 0xBC, 0x3E, 0x00, 0x2E, 0x0F, 0x00, 0x0F, 0x07, 0x40, 0x03, 0x02, 0x80, 0x02, 0x41,
    0xC0, 0x01, 0x40, 0xC0, 0x7F, 0xFF, 0xFF, 0xFC, 0x00, 0x00, 0x00, 0x3C, 0x00, 0x00, 0x00, 0x38,
    0x00, 0x00, 0x00, 0x74, 0x00, 0x00, 0x00, 0xB0, 0x00, 0x00, 0x00, 0xE0, 0x00, 0x00, 0x00, 0xD0,
    0x2A, 0xA9, 0xBF, 0xFD, 0x6A, 0xA8, 0x00, 0x00, 0x00, 0x6F, 0xFF, 0x90, 0x00, 0x00, 0x00, 0x1B,
    0x90, 0x00, 0x7E, 0x00, 0x00, 0x00, 0xB4, 0x00, 0x00, 0x03, 0xC0, 0x00, 0x07, 0x80, 0x00, 0x00,
    0x00, 0xB0, 0x00, 0x1D, 0x00, 0x00, 0x00, 0x00, 0x38, 0x00, 0x74, 0x00, 0x00, 0x00, 0x00, 0x1C,
    0x00, 0xD0, 0x00, 0x00, 0x00, 0x00, 0x0D, 0x03, 0x83, 0xFF, 0xFF, 0xE4, 0x00, 0x0E, 0x07, 0x00,
    0x3F, 0x40, 0xBF, 0x00, 0x0E, 0x0E, 0x00, 0x3F, 0x00, 0x7F, 0x00, 0x0E, 0x1C, 0x00, 0x7F, 0x00,
    0xBF, 0x00, 0x0E, 0x38, 0x00, 0xBE, 0x01, 0xFC, 0x00, 0x0E, 0x34, 0x00, 0xFF, 0xFF, 0xC0, 0x00,
    0x0D, 0x70, 0x00, 0xFC, 0x0F, 0xD0, 0x00, 0x1C, 0xB0, 0x01, 0xFC, 0x0B, 0xE0, 0x00, 0x38, 0xB0,
    0x02, 0xF8, 0x0F, 0xE0, 0x00, 0x34, 0xB0, 0x03, 0xF4, 0x0F, 0xE0, 0xD0, 0xB0, 0xB0, 0x03, 0xF4,
    0x0F, 0xE2, 0xC0, 0xD0, 0x70, 0xFF, 0xFF, 0x87, 0xFF, 0x03, 0xC0, 0x34, 0x00, 0x00, 0x00, 0x00,
    0x0B, 0x00, 0x38, 0x00, 0x00, 0x00, 0x00, 0x1D, 0x00, 0x1C, 0x00, 0x00, 0x00, 0x00, 0xB4, 0x00,
    0x0B, 0x00, 0x00, 0x00, 0x02, 0xD0, 0x00, 0x02, 0xD0, 0x00, 0x00, 0x2E, 0x00, 0x00, 0x00, 0x7D,
    0x00, 0x06, 0xE0, 0x00, 0x00, 0x00, 0x06, 0xFF, 0xF9, 0x00, 0x00, 0x00, 0x3F, 0xFF, 0xF4, 0x07,
    0xE0, 0x74, 0xE3, 0x83, 0x9D, 0x0D, 0x34, 0xB0, 0x7E, 0x00, 0x00, 0x00, 0x00, 0xB0, 0x00, 0x00,
    0x00, 0x00, 0xE0, 0x00, 0x00, 0x00, 0x00, 0xD0, 0x00, 0x00, 0x00, 0x01, 0xC0, 0x00, 0x00, 0x00,
    0x02, 0xC0, 0x00, 0x00, 0x00, 0x03, 0x80, 0x00, 0x00, 0x00, 0x03, 0x40, 0x00, 0x00, 0x00, 0x07,
    0x40, 0x00, 0x07, 0xFF, 0xFF, 0xFF, 0xFE, 0x00, 0x00, 0x0E, 0x00, 0x00, 0x00, 0x00, 0x0D, 0x00,
    0x00, 0x00, 0x00, 0x1C, 0x00, 0x00, 0x00, 0x00, 0x2C, 0x00, 0x00, 0x00, 0x00, 0x38, 0x00, 0x00,
    0x00, 0x00, 0x34, 0x00, 0x00, 0x00, 0x00, 0x70, 0x00, 0x00, 0x7F, 0xFF, 0xFF, 0xFF, 0xE0, 0x01,
    0xF0, 0x7F, 0xC7, 0xFD, 0x00, 0x00, 0x24, 0x00, 0x00, 0x00, 0xFC, 0x00, 0xF0, 0x00, 0xF8, 0x02,
    0xF0, 0x01, 0xF4, 0x03, 0xF0, 0x02, 0xF0, 0x03, 0xE0, 0x03, 0xF0, 0x07, 0xD0, 0x03, 0xE0, 0x0B,
    0xC0, 0x07, 0xD0, 0x0F, 0xC0, 0x0B, 0xC0, 0x0F, 0x8D, 0x0F, 0xC0, 0x2F, 0x4C, 0x0F, 0xE0, 0xBF,
    0x68, 0x1F, 0xFF, 0x87, 0xE0, 0x2F, 0x00, 0x00, 0x00, 0x3F, 0x00, 0x00, 0x00, 0x3E, 0x00, 0x00,
    0x00, 0x7D, 0x00, 0x00, 0x00, 0x3C, 0x00, 0x00, 0x00, 0x00, 0x00, 0x00, 0x00, 0x00, 0x0B, 0xFF,
    0xFF, 0x00, 0x2F, 0xFD, 0x2C, 0x00, 0x3F, 0xFF, 0x0E, 0x00, 0x3F, 0xFF, 0xC3, 0x40, 0x2F, 0xFF,
    0xF1, 0xC0, 0x0F, 0xFF, 0xF8, 0xB0, 0x03, 0xFF, 0xFD, 0x38, 0x00, 0xFF, 0xFF, 0x0D, 0x00, 0x2F,
    0xFF, 0xC7, 0x00, 0x03, 0xFF, 0xE2, 0xC0, 0x00, 0x3F, 0xF4, 0xE0, 0x00, 0x01, 0xBC, 0x34, 0x00,
    0x00, 0x0B, 0x1C, 0x00, 0x00, 0x03, 0x8B, 0x00, 0x00, 0x00, 0xD3, 0x80, 0x00, 0x00, 0x70, 0xD0,
    0x00, 0x00, 0x2C, 0x70, 0x00, 0x00, 0x0E, 0x2C, 0x00, 0x00, 0x03, 0x4E, 0x00, 0x00, 0x01, 0xC3,
    0x40, 0x00, 0x00, 0xB1, 0xD0, 0x00, 0x03, 0xFF, 0xFF, 0x00, 0x00, 0x2E, 0x1F, 0xCB, 0xF0, 0xF0,
    0x02, 0xF0, 0x03, 0xF0, 0x03, 0xF8, 0x00, 0x7D, 0x00, 0xBC, 0xFF, 0xE0, 0x00, 0x2F, 0xF4, 0x00,
    0x7D, 0x0F, 0x40, 0x3E, 0x02, 0xF0, 0x3F, 0x00, 0xBC, 0x0F, 0xC0, 0x3F, 0x07, 0xE0, 0x0F, 0xC1,
    0xF4, 0x07, 0xD0, 0x7C, 0x03, 0xF0, 0x0F, 0x83, 0xF0, 0x00, 0xBF, 0x90, 0x00, 0x00, 0x00, 0x02,
    0xFF, 0xFF, 0xC0, 0x02, 0x00, 0x40, 0x00, 0xD0, 0x70, 0x00, 0x2C, 0x0D, 0x00, 0x07, 0x43, 0xC0,
    0x00, 0xF0, 0x78, 0x00, 0x1F, 0x0F, 0x80, 0x0B, 0xC3, 0xE0, 0x0B, 0x83, 0xD0, 0x0B, 0x43, 0xC0,
    0x07, 0x43, 0x80, 0x03, 0x42, 0xC0, 0x02, 0x40, 0xC0, 0x00, 0x00, 0x02, 0xD0, 0x00, 0x2F, 0xC0,
    0x00, 0xFE, 0x00, 0x01, 0xF0, 0x00, 0x00, 0x00, 0x00, 0x00, 0x00, 0x02, 0xF4, 0x00, 0x34, 0xE0,
    0x00, 0x07, 0x80, 0x00, 0xBC, 0x00, 0x1F, 0xD0, 0x03, 0xF8, 0x18, 0x2F, 0x41, 0xF4, 0xF0, 0x07,
    0xD7, 0x00, 0x0F, 0x1C, 0x00, 0xB0, 0x38, 0x1F, 0x00, 0x2F, 0xD0, 0x00, 0x00, 0x00, 0x00, 0xF0,
    0x00, 0x00, 0x00, 0x01, 0xFD, 0x00, 0x00, 0x00, 0x00, 0xFF, 0x80, 0x00, 0x00, 0x00, 0x1B, 0x40,
    0x00, 0x00, 0x00, 0x00, 0x00, 0x00, 0x00, 0x00, 0x00, 0x00, 0x00, 0x00, 0x00, 0x3C, 0x00, 0x00,
    0x00, 0x00, 0xBC, 0x00, 0x00, 0x00, 0x00, 0xFD, 0x00, 0x00, 0x00, 0x03, 0xFD, 0x00, 0x00, 0x00,
    0x07, 0xFE, 0x00, 0x00, 0x00, 0x0D, 0xFE, 0x00, 0x00, 0x00, 0x28, 0xBF, 0x00, 0x00, 0x00, 0x70,
    0xBF, 0x00, 0x00, 0x00, 0xD0, 0x7F, 0x00, 0x00, 0x02, 0xC0, 0x7F, 0x00, 0x00, 0x07, 0x00, 0x7F,
    0x00, 0x00, 0x0F, 0xFF, 0xFF, 0x40, 0x00, 0x2C, 0x00, 0x3F, 0x40, 0x00, 0x34, 0x00, 0x3F, 0x80,
    0x00, 0xF0, 0x00, 0x3F, 0x80, 0x02, 0xD0, 0x00, 0x3F, 0xC0, 0x3F, 0xFC, 0x03, 0xFF, 0xFC, 0x00,
    0x00, 0x00, 0x02, 0xD0, 0x00, 0x00, 0x00, 0x1F, 0xE0, 0x00, 0x00, 0x00, 0xFF, 0xC0, 0x00, 0x00,
    0x00, 0x54, 0x00, 0x00, 0x00, 0x00, 0x00, 0x00, 0x00, 0x00, 0x00, 0x3C, 0x00, 0x00, 0x00, 0x00,
    0xBC, 0x00, 0x00, 0x00, 0x00, 0xFD, 0x00, 0x00, 0x00, 0x03, 0xFD, 0x00, 0x00, 0x00, 0x07, 0xFE,
    0x00, 0x00, 0x00, 0x0D, 0xFE, 0x00, 0x00, 0x00, 0x28, 0xBF, 0x00, 0x00, 0x00, 0x70, 0xBF, 0x00,
    0x00, 0x00, 0xD0, 0x7F, 0x00, 0x00, 0x02, 0xC0, 0x7F, 0x00, 0x00, 0x07, 0x00, 0x7F, 0x00, 0x00,
    0x0F, 0xFF, 0xFF, 0x40, 0x00, 0x2C, 0x00, 0x3F, 0x40, 0x00, 0x34, 0x00, 0x3F, 0x80, 0x00, 0xF0,
    0x00, 0x3F, 0x80, 0x02, 0xD0, 0x00, 0x3F, 0xC0, 0x3F, 0xFC, 0x03, 0xFF, 0xFC, 0x00, 0x00, 0x00,
    0x01, 0x00, 0x00, 0x00, 0x00, 0x1F, 0x80, 0x00, 0x00, 0x00, 0xFB, 0xE0, 0x00, 0x00, 0x03, 0xD0,
    0xB4, 0x00, 0x00, 0x01, 0x00, 0x10, 0x00, 0x00, 0x00, 0x00, 0x00, 0x00, 0x00, 0x00, 0x3C, 0x00,
    0x00, 0x00, 0x00, 0xBC, 0x00, 0x00, 0x00, 0x00, 0xFD, 0x00, 0x00, 0x00, 0x03, 0xFD, 0x00, 0x00,
    0x00, 0x07, 0xFE, 0x00, 0x00, 0x00, 0x0D, 0xFE, 0x00, 0x00, 0x00, 0x28, 0xBF, 0x00, 0x00, 0x00,
    0x70, 0xBF, 0x00, 0x00, 0x00, 0xD0, 0x7F, 0x00, 0x00, 0x02, 0xC0, 0x7F, 0x00, 0x00, 0x07, 0x00,
    0x7F, 0x00, 0x00, 0x0F, 0xFF, 0xFF, 0x40, 0x00, 0x2C, 0x00, 0x3F, 0x40, 0x00, 0x34, 0x00, 0x3F,
    0x80, 0x00, 0xF0, 0x00, 0x3F, 0x80, 0x02, 0xD0, 0x00, 0x3F, 0xC0, 0x3F, 0xFC, 0x03, 0xFF, 0xFC,
    0x00, 0x00, 0x02, 0xFD, 0x06, 0x00, 0x00, 0x02, 0x41, 0xFE, 0x00, 0x00, 0x00, 0x00, 0x00, 0x00,
    0x00, 0x00, 0x00, 0x00, 0x00, 0x00, 0x00, 0x00, 0x00, 0x00, 0x00, 0x00, 0x00, 0x0F, 0x00, 0x00,
    0x00, 0x00, 0x0B, 0xC0, 0x00, 0x00, 0x00, 0x03, 0xF4, 0x00, 0x00, 0x00, 0x03, 0xFD, 0x00, 0x00,
    0x00, 0x01, 0xFF, 0x80, 0x00, 0x00, 0x00, 0xDF, 0xE0, 0x00, 0x00, 0x00, 0xA2, 0xFC, 0x00, 0x00,
    0x00, 0x70, 0xBF, 0x00, 0x00, 0x00, 0x34, 0x1F, 0xC0, 0x00, 0x00, 0x2C, 0x07, 0xF0, 0x00, 0x00,
    0x1C, 0x01, 0xFC, 0x00, 0x00, 0x0F, 0xFF, 0xFF, 0x40, 0x00, 0x0B, 0x00, 0x0F, 0xD0, 0x00, 0x03,
    0x40, 0x03, 0xF8, 0x00, 0x03, 0xC0, 0x00, 0xFE, 0x00, 0x02, 0xD0, 0x00, 0x3F, 0xC0, 0x0F, 0xFF,
    0x00, 0xFF, 0xFF, 0x00, 0x00, 0x00, 0x02, 0xE0, 0x7C, 0x00, 0x00, 0x07, 0xF0, 0xFD, 0x00, 0x00,
    0x0B, 0xF1, 0xFC, 0x00, 0x00, 0x03, 0xD0, 0xF4, 0x00, 0x00, 0x00, 0x00, 0x00, 0x00, 0x00, 0x00,
    0x00, 0x00, 0x00, 0x00, 0x00, 0x3C, 0x00, 0x00, 0x00, 0x00, 0xBC, 0x00, 0x00, 0x00, 0x00, 0xFD,
    0x00, 0x00, 0x00, 0x03, 0xFD, 0x00, 0x00, 0x00, 0x07, 0xFE, 0x00, 0x00, 0x00, 0x0D, 0xFE, 0x00,
    0x00, 0x00, 0x28, 0xBF, 0x00, 0x00, 0x00, 0x70, 0xBF, 0x00, 0x00, 0x00, 0xD0, 0x7F, 0x00, 0x00,
    0x02, 0xC0, 0x7F, 0x00, 0x00, 0x07, 0x00, 0x7F, 0x00, 0x00, 0x0F, 0xFF, 0xFF, 0x40, 0x00, 0x2C,
    0x00, 0x3F, 0x40, 0x00, 0x34, 0x00, 0x3F, 0x80, 0x00, 0xF0, 0x00, 0x3F, 0x80, 0x02, 0xD0, 0x00,
    0x3F, 0xC0, 0x3F, 0xFC, 0x03, 0xFF, 0xFC, 0x00, 0x00, 0x00, 0x1F, 0x80, 0x00, 0x00, 0x00, 0x70,
    0xE0, 0x00, 0x00, 0x00, 0xD0, 0xA0, 0x00, 0x00, 0x01, 0xC0, 0xD0, 0x00, 0x00, 0x00, 0xC1, 0xC0,
    0x00, 0x00, 0x00, 0xBF, 0x00, 0x00, 0x00, 0x00, 0x7C, 0x00, 0x00, 0x00, 0x00, 0xFD, 0x00, 0x00,
    0x00, 0x02, 0xFD, 0x00, 0x00, 0x00, 0x03, 0xFD, 0x00, 0x00, 0x00, 0x0F, 0xFE, 0x00, 0x00, 0x00,
    0x1D, 0xFE, 0x00, 0x00, 0x00, 0x38, 0xBF, 0x00, 0x00, 0x00, 0xB0, 0xBF, 0x00, 0x00, 0x00, 0xD0,
    0x7F, 0x00, 0x00, 0x03, 0xC0, 0x7F, 0x00, 0x00, 0x07, 0x00, 0x7F, 0x00, 0x00, 0x0F, 0xFF, 0xFF,
    0x40, 0x00, 0x2C, 0x00, 0x3F, 0x40, 0x00, 0x34, 0x00, 0x3F, 0x80, 0x00, 0xB0, 0x00, 0x3F, 0x80,
    0x02, 0xD0, 0x00, 0x3F, 0xC0, 0x3F, 0xFC, 0x03, 0xFF, 0xFC, 0x00, 0x00, 0x03, 0xFF, 0xFF, 0xFF,
    0xE0, 0x00, 0x00, 0x0B, 0x7F, 0x00, 0x3E, 0x00, 0x00, 0x01, 0xD7, 0xE0, 0x00, 0xE0, 0x00, 0x00,
    0x38, 0xBD, 0x00, 0x0D, 0x00, 0x00, 0x0B, 0x0F, 0xC0, 0x00, 0xD0, 0x00, 0x00, 0xD0, 0xFC, 0x07,
    0x0C, 0x00, 0x00, 0x3C, 0x1F, 0x80, 0xA0, 0x00, 0x00, 0x07, 0x03, 0xF4, 0x1D, 0x00, 0x00, 0x00,
    0xFF, 0xFF, 0xFF, 0xD0, 0x00, 0x00, 0x2C, 0x07, 0xF0, 0x3C, 0x00, 0x00, 0x03, 0x00, 0xBE, 0x03,
    0xC3, 0x80, 0x00, 0xE0, 0x0F, 0xD0, 0x34, 0x70, 0x00, 0x1C, 0x00, 0xFC, 0x00, 0x0F, 0x00, 0x03,
    0x40, 0x1F, 0xC0, 0x01, 0xD0, 0x00, 0xB0, 0x01, 0xFC, 0x00, 0x3C, 0x00, 0x1E, 0x00, 0x3F, 0x80,
    0x1F, 0x80, 0x3F, 0xFC, 0x3F, 0xFF, 0xFF, 0xF0, 0x00, 0x00, 0x00, 0xBF, 0xF4, 0x28, 0x00, 0x3F,
    0x40, 0x7F, 0xD0, 0x0B, 0xE0, 0x00, 0x3F, 0x00, 0xBD, 0x00, 0x00, 0xBC, 0x0B, 0xE0, 0x00, 0x01,
    0xE0, 0x3F, 0x00, 0x00, 0x07, 0x43, 0xF8, 0x00, 0x00, 0x08, 0x0F, 0xD0, 0x00, 0x00, 0x00, 0xBF,
    0x00, 0x00, 0x00, 0x03, 0xFC, 0x00, 0x00, 0x00, 0x0F, 0xE0, 0x00, 0x00, 0x00, 0x3F, 0x40, 0x00,
    0x02, 0x80, 0xFD, 0x00, 0x00, 0x0E, 0x02, 0xF8, 0x00, 0x00, 0xB0, 0x03, 0xF0, 0x00, 0x07, 0x00,
    0x07, 0xE0, 0x00, 0xB4, 0x00, 0x07, 0xFA, 0x6E, 0x00, 0x00, 0x01, 0xBF, 0x40, 0x00, 0x00, 0x00,
    0xFE, 0x00, 0x00, 0x00, 0x00, 0xBD, 0x00, 0x00, 0x00, 0x07, 0xF0, 0x00, 0x00, 0x0F, 0xFE, 0x00,
    0x00, 0x00, 0x00, 0x00, 0x01, 0xE0, 0x00, 0x00, 0x00, 0x03, 0xFC, 0x00, 0x00, 0x00, 0x01, 0xFF,
    0x00, 0x00, 0x00, 0x00, 0x1B, 0x00, 0x00, 0x00, 0x00, 0x00, 0x00, 0x00, 0x00, 0x00, 0x00, 0x00,
    0x00, 0x7F, 0xFF, 0xFF, 0xFC, 0x00, 0x03, 0xF8, 0x00, 0xBC, 0x00, 0x03, 0xF0, 0x00, 0x3C, 0x00,
    0x07, 0xF0, 0x00, 0x3C, 0x00, 0x0B, 0xF0, 0x00, 0x38, 0x00, 0x0F, 0xE0, 0x30, 0x34, 0x00, 0x0F,
    0xD0, 0xB0, 0x00, 0x00, 0x1F, 0xC1, 0xE0, 0x00, 0x00, 0x2F, 0xFF, 0xD0, 0x00, 0x00, 0x3F, 0x82,
    0xC0, 0x00, 0x00, 0x3F, 0x41, 0xC0, 0x20, 0x00, 0x7F, 0x01, 0x80, 0xE0, 0x00, 0xBF, 0x00, 0x01,
    0xD0, 0x00, 0xFE, 0x00, 0x03, 0xC0, 0x00, 0xFD, 0x00, 0x0B, 0x40, 0x02, 0xFC, 0x00, 0x7F, 0x00,
    0x3F, 0xFF, 0xFF, 0xFD, 0x00, 0x00, 0x00, 0x00, 0x02, 0xD0, 0x00, 0x00, 0x00, 0x2F, 0xE0, 0x00,
    0x00, 0x00, 0xFF, 0x80, 0x00, 0x00, 0x00, 0x40, 0x00, 0x00, 0x00, 0x00, 0x00, 0x00, 0x00, 0x7F,
    0xFF, 0xFF, 0xFC, 0x00, 0x03, 0xF8, 0x00, 0xBC, 0x00, 0x03, 0xF0, 0x00, 0x3C, 0x00, 0x07, 0xF0,
    0x00, 0x3C, 0x00, 0x0B, 0xF0, 0x00, 0x38, 0x00, 0x0F, 0xE0, 0x30, 0x34, 0x00, 0x0F, 0xD0, 0xB0,
    0x00, 0x00, 0x1F, 0xC1, 0xE0, 0x00, 0x00, 0x2F, 0xFF, 0xD0, 0x00, 0x00, 0x3F, 0x82, 0xC0, 0x00,
    0x00, 0x3F, 0x41, 0xC0, 0x20, 0x00, 0x7F, 0x01, 0x80, 0xE0, 0x00, 0xBF, 0x00, 0x01, 0xD0, 0x00,
    0xFE, 0x00, 0x03, 0xC0, 0x00, 0xFD, 0x00, 0x0B, 0x40, 0x02, 0xFC, 0x00, 0x7F, 0x00, 0x3F, 0xFF,
    0xFF, 0xFD, 0x00, 0x00, 0x00, 0x00, 0x04, 0x00, 0x00, 0x00, 0x00, 0xBE, 0x00, 0x00, 0x00, 0x03,
    0xEF, 0x40, 0x00, 0x00, 0x0F, 0x43, 0xC0, 0x00, 0x00, 0x04, 0x00, 0x40, 0x00, 0x00, 0x00, 0x00,
    0x00, 0x00, 0x7F, 0xFF, 0xFF, 0xFC, 0x00, 0x03, 0xF8, 0x00, 0xBC, 0x00, 0x03, 0xF0, 0x00, 0x3C,
    0x00, 0x07, 0xF0, 0x00, 0x3C, 0x00, 0x0B, 0xF0, 0x00, 0x38, 0x00, 0x0F, 0xE0, 0x30, 0x34, 0x00,
    0x0F, 0xD0, 0xB0, 0x00, 0x00, 0x1F, 0xC1, 0xE0, 0x00, 0x00, 0x2F, 0xFF, 0xD0, 0x00, 0x00, 0x3F,
    0x82, 0xC0, 0x00, 0x00, 0x3F, 0x41, 0xC0, 0x20, 0x00, 0x7F, 0x01, 0x80, 0xE0, 0x00, 0xBF, 0x00,
    0x01, 0xD0, 0x00, 0xFE, 0x00, 0x03, 0xC0, 0x00, 0xFD, 0x00, 0x0B, 0x40, 0x02, 0xFC, 0x00, 0x7F,
    0x00, 0x3F, 0xFF, 0xFF, 0xFD, 0x00, 0x00, 0x00, 0x0B, 0x81, 0xE0, 0x00, 0x00, 0x1F, 0xC7, 0xF0,
    0x00, 0x00, 0x2F, 0xC7, 0xF0, 0x00, 0x00, 0x0F, 0x03, 0xD0, 0x00, 0x00, 0x00, 0x00, 0x00, 0x00,
    0x00, 0x00, 0x00, 0x00, 0x00, 0x7F, 0xFF, 0xFF, 0xFC, 0x00, 0x03, 0xF8, 0x00, 0xBC, 0x00, 0x03,
    0xF0, 0x00, 0x3C, 0x00, 0x07, 0xF0, 0x00, 0x3C, 0x00, 0x0B, 0xF0, 0x00, 0x38, 0x00, 0x0F, 0xE0,
    0x30, 0x34, 0x00, 0x0F, 0xD0, 0xB0, 0x00, 0x00, 0x1F, 0xC1, 0xE0, 0x00, 0x00, 0x2F, 0xFF, 0xD0,
    0x00, 0x00, 0x3F, 0x82, 0xC0, 0x00, 0x00, 0x3F, 0x41, 0xC0, 0x20, 0x00, 0x7F, 0x01, 0x80, 0xE0,
    0x00, 0xBF, 0x00, 0x01, 0xD0, 0x00, 0xFE, 0x00, 0x03, 0xC0, 0x00, 0xFD, 0x00, 0x0B, 0x40, 0x02,
    0xFC, 0x00, 0x7F, 0x00, 0x3F, 0xFF, 0xFF, 0xFD, 0x00, 0x00, 0x01, 0xE0, 0x00, 0x00, 0x3F, 0xC0,
    0x00, 0x02, 0xFF, 0x00, 0x00, 0x01, 0xB0, 0x00, 0x00, 0x00, 0x00, 0x00, 0x00, 0x00, 0x00, 0x7F,
    0xFF, 0xD0, 0x00, 0x3F, 0x40, 0x00, 0x03, 0xF0, 0x00, 0x00, 0x7F, 0x00, 0x00, 0x0B, 0xE0, 0x00,
    0x00, 0xFD, 0x00, 0x00, 0x0F, 0xC0, 0x00, 0x01, 0xFC, 0x00, 0x00, 0x2F, 0x80, 0x00, 0x03, 0xF4,
    0x00, 0x00, 0x3F, 0x40, 0x00, 0x07, 0xF0, 0x00, 0x00, 0xBF, 0x00, 0x00, 0x0F, 0xE0, 0x00, 0x00,
    0xFD, 0x00, 0x00, 0x1F, 0xC0, 0x00, 0x7F, 0xFF, 0xD0, 0x00, 0x00, 0x00, 0x0B, 0x40, 0x00, 0x0B,
    0xF4, 0x00, 0x03, 0xF9, 0x00, 0x00, 0x00, 0x00, 0x00, 0x00, 0x00, 0x00, 0x07, 0xFF, 0xFD, 0x00,
    0x03, 0xF4, 0x00, 0x00, 0x3F, 0x00, 0x00, 0x07, 0xF0, 0x00, 0x00, 0xBE, 0x00, 0x00, 0x0F, 0xD0,
    0x00, 0x00, 0xFC, 0x00, 0x00, 0x1F, 0xC0, 0x00, 0x02, 0xF8, 0x00, 0x00, 0x3F, 0x40, 0x00, 0x03,
    0xF4, 0x00, 0x00, 0x7F, 0x00, 0x00, 0x0B, 0xF0, 0x00, 0x00, 0xFE, 0x00, 0x00, 0x0F, 0xD0, 0x00,
    0x01, 0xFC, 0x00, 0x07, 0xFF, 0xFD, 0x00, 0x00, 0x00, 0x04, 0x00, 0x00, 0x07, 0xE0, 0x00, 0x02,
    0xFB, 0x80, 0x00, 0xF4, 0x2D, 0x00, 0x04, 0x00, 0x40, 0x00, 0x00, 0x00, 0x00, 0x7F, 0xFF, 0xD0,
    0x00, 0x3F, 0x40, 0x00, 0x03, 0xF0, 0x00, 0x00, 0x7F, 0x00, 0x00, 0x0B, 0xE0, 0x00, 0x00, 0xFD,
    0x00, 0x00, 0x0F, 0xC0, 0x00, 0x01, 0xFC, 0x00, 0x00, 0x2F, 0x80, 0x00, 0x03, 0xF4, 0x00, 0x00,
    0x3F, 0x40, 0x00, 0x07, 0xF0, 0x00, 0x00, 0xBF, 0x00, 0x00, 0x0F, 0xE0, 0x00, 0x00, 0xFD, 0x00,
    0x00, 0x1F, 0xC0, 0x00, 0x7F, 0xFF, 0xD0, 0x00, 0x00, 0x07, 0xC1, 0xF0, 0x00, 0x3F, 0x4F, 0xD0,
    0x01, 0xFC, 0x7F, 0x00, 0x03, 0xD0, 0xB4, 0x00, 0x00, 0x00, 0x00, 0x00, 0x00, 0x00, 0x00, 0x07,
    0xFF, 0xFD, 0x00, 0x00, 0xFD, 0x00, 0x00, 0x03, 0xF0, 0x00, 0x00, 0x1F, 0xC0, 0x00, 0x00, 0xBE,
    0x00, 0x00, 0x03, 0xF4, 0x00, 0x00, 0x0F, 0xC0, 0x00, 0x00, 0x7F, 0x00, 0x00, 0x02, 0xF8, 0x00,
    0x00, 0x0F, 0xD0, 0x00, 0x00, 0x3F, 0x40, 0x00, 0x01, 0xFC, 0x00, 0x00, 0x0B, 0xF0, 0x00, 0x00,
    0x3F, 0x80, 0x00, 0x00, 0xFD, 0x00, 0x00, 0x07, 0xF0, 0x00, 0x07, 0xFF, 0xFD, 0x00, 0x00, 0x00,
    0x3F, 0xFF, 0xFF, 0xE0, 0x00, 0x00, 0x3F, 0x40, 0x1F, 0xD0, 0x00, 0x03, 0xF0, 0x00, 0x3F, 0x00,
    0x00, 0x7F, 0x00, 0x01, 0xF8, 0x00, 0x0B, 0xE0, 0x00, 0x0F, 0xC0, 0x00, 0xFD, 0x00, 0x00, 0xFC,
    0x00, 0x0F, 0xC0, 0x00, 0x1F, 0xC0, 0x01, 0xFC, 0x00, 0x01, 0xFC, 0x07, 0xFF, 0xFF, 0xC0, 0x2F,
    0x80, 0x03, 0xF4, 0x00, 0x03, 0xF4, 0x00, 0x3F, 0x00, 0x00, 0x3F, 0x00, 0x07, 0xF0, 0x00, 0x0B,
    0xE0, 0x00, 0xBE, 0x00, 0x00, 0xFC, 0x00, 0x0F, 0xD0, 0x00, 0x2F, 0x00, 0x00, 0xFC, 0x00, 0x0B,
    0xD0, 0x00, 0x2F, 0xC0, 0x0B, 0xE0, 0x00, 0x3F, 0xFF, 0xFF, 0xE0, 0x00, 0x00, 0x00, 0x00, 0x01,
    0xFE, 0x42, 0x40, 0x00, 0x00, 0x02, 0x81, 0xBE, 0x40, 0x00, 0x00, 0x00, 0x00, 0x00, 0x00, 0x00,
    0x00, 0x00, 0x00, 0x00, 0x00, 0x00, 0x00, 0x00, 0x00, 0x00, 0x00, 0x00, 0x00, 0x0F, 0xFF, 0x00,
    0x0F, 0xFF, 0xC0, 0x00, 0x3F, 0xD0, 0x00, 0x2D, 0x00, 0x00, 0x0F, 0xFC, 0x00, 0x0F, 0x00, 0x00,
    0x07, 0x3F, 0x80, 0x03, 0x80, 0x00, 0x02, 0xCB, 0xF0, 0x01, 0xD0, 0x00, 0x00, 0xE0, 0xFE, 0x00,
    0xB0, 0x00, 0x00, 0x34, 0x2F, 0xC0, 0x3C, 0x00, 0x00, 0x1C, 0x03, 0xF8, 0x0E, 0x00, 0x00, 0x0B,
    0x00, 0x7F, 0x07, 0x40, 0x00, 0x03, 0x80, 0x0F, 0xE2, 0xC0, 0x00, 0x00, 0xD0, 0x01, 0xFC, 0xF0,
    0x00, 0x00, 0x70, 0x00, 0x3F, 0xF8, 0x00, 0x00, 0x2C, 0x00, 0x07, 0xFD, 0x00, 0x00, 0x0E, 0x00,
    0x00, 0xFF, 0x00, 0x00, 0x03, 0x40, 0x00, 0x1F, 0xC0, 0x00, 0x02, 0xD0, 0x00, 0x03, 0xE0, 0x00,
    0x1F, 0xFF, 0x40, 0x00, 0x70, 0x00, 0x00, 0x00, 0x00, 0x07, 0x80, 0x00, 0x00, 0x00, 0x3F, 0xC0,
    0x00, 0x00, 0x00, 0x7F, 0xC0, 0x00, 0x00, 0x00, 0x1B, 0x00, 0x00, 0x00, 0x00, 0x00, 0x00, 0x00,
    0x00, 0x00, 0x00, 0x00, 0x00, 0x06, 0xFF, 0x90, 0x00, 0x01, 0xF8, 0x07, 0xE0, 0x00, 0x2F, 0x00,
    0x03, 0xE0, 0x03, 0xF0, 0x00, 0x0F, 0xC0, 0x2F, 0x40, 0x00, 0x2F, 0x41, 0xFC, 0x00, 0x00, 0xBE,
    0x0F, 0xE0, 0x00, 0x03, 0xF8, 0x7F, 0x00, 0x00, 0x0F, 0xD2, 0xFC, 0x00, 0x00, 0x7F, 0x4F, 0xE0,
    0x00, 0x02, 0xFC, 0x3F, 0x80, 0x00, 0x0F, 0xE0, 0xFD, 0x00, 0x00, 0x7F, 0x03, 0xF4, 0x00, 0x03,
    0xF4, 0x0B, 0xE0, 0x00, 0x2F, 0x80, 0x0F, 0xC0, 0x02, 0xF4, 0x00, 0x1F, 0xD0, 0x7F, 0x00, 0x00,
    0x07, 0xFF, 0x90, 0x00, 0x00, 0x00, 0x00, 0x00, 0x2D, 0x00, 0x00, 0x00, 0x07, 0xF8, 0x00, 0x00,
    0x00, 0xFF, 0xC0, 0x00, 0x00, 0x02, 0x90, 0x00, 0x00, 0x00, 0x00, 0x00, 0x00, 0x00, 0x01, 0xBF,
    0xE4, 0x00, 0x00, 0x7E, 0x01, 0xF8, 0x00, 0x0B, 0xC0, 0x00, 0xF8, 0x00, 0xFC, 0x00, 0x03, 0xF0,
    0x0B, 0xD0, 0x00, 0x0B, 0xD0, 0x7F, 0x00, 0x00, 0x2F, 0x83, 0xF8, 0x00, 0x00, 0xFE, 0x1F, 0xC0,
    0x00, 0x03, 0xF4, 0xBF, 0x00, 0x00, 0x1F, 0xD3, 0xF8, 0x00, 0x00, 0xBF, 0x0F, 0xE0, 0x00, 0x03,
    0xF8, 0x3F, 0x40, 0x00, 0x1F, 0xC0, 0xFD, 0x00, 0x00, 0xFD, 0x02, 0xF8, 0x00, 0x0B, 0xE0, 0x03,
    0xF0, 0x00, 0xBD, 0x00, 0x07, 0xF4, 0x1F, 0xC0, 0x00, 0x01, 0xFF, 0xE4, 0x00, 0x00, 0x00, 0x00,
    0x00, 0x10, 0x00, 0x00, 0x00, 0x0B, 0xE0, 0x00, 0x00, 0x00, 0xFB, 0xD0, 0x00, 0x00, 0x0F, 0x43,
    0xC0, 0x00, 0x00, 0x10, 0x01, 0x00, 0x00, 0x00, 0x00, 0x00, 0x00, 0x00, 0x06, 0xFF, 0x90, 0x00,
    0x01, 0xF8, 0x07, 0xE0, 0x00, 0x2F, 0x00, 0x03, 0xE0, 0x03, 0xF0, 0x00, 0x0F, 0xC0, 0x2F, 0x40,
    0x00, 0x2F, 0x41, 0xFC, 0x00, 0x00, 0xBE, 0x0F, 0xE0, 0x00, 0x03, 0xF8, 0x7F, 0x00, 0x00, 0x0F,
    0xD2, 0xFC, 0x00, 0x00, 0x7F, 0x4F, 0xE0, 0x00, 0x02, 0xFC, 0x3F, 0x80, 0x00, 0x0F, 0xE0, 0xFD,
    0x00, 0x00, 0x7F, 0x03, 0xF4, 0x00, 0x03, 0xF4, 0x0B, 0xE0, 0x00, 0x2F, 0x80, 0x0F, 0xC0, 0x02,
    0xF4, 0x00, 0x1F, 0xD0, 0x7F, 0x00, 0x00, 0x07, 0xFF, 0x90, 0x00, 0x00, 0x00, 0x00, 0x2F, 0xD0,
    0x60, 0x00, 0x02, 0x41, 0xFE, 0x00, 0x00, 0x00, 0x00, 0x00, 0x00, 0x00, 0x00, 0x00, 0x00, 0x00,
    0x00, 0x00, 0x00, 0x00, 0x00, 0x01, 0xBF, 0xE4, 0x00, 0x00, 0x7E, 0x01, 0xF8, 0x00, 0x0B, 0xC0,
    0x00, 0xF8, 0x00, 0xFC, 0x00, 0x03, 0xF0, 0x0B, 0xD0, 0x00, 0x0B, 0xD0, 0x7F, 0x00, 0x00, 0x2F,
    0x83, 0xF8, 0x00, 0x00, 0xFE, 0x1F, 0xC0, 0x00, 0x03, 0xF4, 0xBF, 0x00, 0x00, 0x1F, 0xD3, 0xF8,
    0x00, 0x00, 0xBF, 0x0F, 0xE0, 0x00, 0x03, 0xF8, 0x3F, 0x40, 0x00, 0x1F, 0xC0, 0xFD, 0x00, 0x00,
    0xFD, 0x02, 0xF8, 0x00, 0x0B, 0xE0, 0x03, 0xF0, 0x00, 0xBD, 0x00, 0x07, 0xF4, 0x1F, 0xC0, 0x00,
    0x01, 0xFF, 0xE4, 0x00, 0x00, 0x00, 0x00, 0x00, 0x00, 0x00, 0x00, 0x00, 0xB8, 0x2E, 0x00, 0x00,
    0x07, 0xF1, 0xFC, 0x00, 0x00, 0x2F, 0xC7, 0xF0, 0x00, 0x00, 0x3C, 0x0F, 0x40, 0x00, 0x00, 0x00,
    0x00, 0x00, 0x00, 0x00, 0x00, 0x00, 0x00, 0x00, 0x1B, 0xFE, 0x40, 0x00, 0x07, 0xE0, 0x1F, 0x80,
    0x00, 0xBC, 0x00, 0x0F, 0x80, 0x0F, 0xC0, 0x00, 0x3F, 0x00, 0xBD, 0x00, 0x00, 0xBD, 0x07, 0xF0,
    0x00, 0x02, 0xF8, 0x3F, 0x80, 0x00, 0x0F, 0xE1, 0xFC, 0x00, 0x00, 0x3F, 0x4B, 0xF0, 0x00, 0x01,
    0xFD, 0x3F, 0x80, 0x00, 0x0B, 0xF0, 0xFE, 0x00, 0x00, 0x3F, 0x83, 0xF4, 0x00, 0x01, 0xFC, 0x0F,
    0xD0, 0x00, 0x0F, 0xD0, 0x2F, 0x80, 0x00, 0xBE, 0x00, 0x3F, 0x00, 0x0B, 0xD0, 0x00, 0x7F, 0x41,
    0xFC, 0x00, 0x00, 0x1F, 0xFE, 0x40, 0x00, 0x00, 0x00, 0x00, 0x00, 0x00, 0x00, 0x00, 0x00, 0x00,
    0x0C, 0x00, 0x00, 0x6F, 0xFD, 0x38, 0x00, 0x07, 0xE0, 0x0B, 0xE0, 0x00, 0x2F, 0x00, 0x03, 0xF4,
    0x00, 0xFC, 0x00, 0x0A, 0xFC, 0x02, 0xF4, 0x00, 0x28, 0xFC, 0x07, 0xF0, 0x00, 0xA0, 0xFD, 0x0F,
    0xD0, 0x02, 0xC0, 0xFD, 0x1F, 0xC0, 0x0B, 0x00, 0xFC, 0x2F, 0xC0, 0x1C, 0x01, 0xFC, 0x3F, 0x80,
    0x70, 0x02, 0xF8, 0x3F, 0x41, 0xC0, 0x03, 0xF4, 0x3F, 0x07, 0x00, 0x07, 0xE0, 0x3F, 0x1C, 0x00,
    0x0F, 0xC0, 0x2F, 0xB0, 0x00, 0x2F, 0x00, 0x0F, 0xC0, 0x00, 0xBC, 0x00, 0x07, 0xE0, 0x07, 0xE0,
    0x00, 0x0C, 0x6F, 0xF9, 0x00, 0x00, 0x34, 0x00, 0x00, 0x00, 0x00, 0x00, 0x00, 0x00, 0x00, 0x00,
    0x00, 0x00, 0x3C, 0x00, 0x00, 0x00, 0x00, 0x7F, 0x40, 0x00, 0x00, 0x00, 0x7F, 0xD0, 0x00, 0x00,
    0x00, 0x06, 0xD0, 0x00, 0x00, 0x00, 0x00, 0x00, 0x00, 0x00, 0x00, 0x00, 0x00, 0x00, 0x7F, 0xFF,
    0xD0, 0x3F, 0xFD, 0x03, 0xF8, 0x00, 0x03, 0xC0, 0x03, 0xF0, 0x00, 0x03, 0x40, 0x07, 0xF0, 0x00,
    0x07, 0x00, 0x0B, 0xE0, 0x00, 0x0B, 0x00, 0x0F, 0xD0, 0x00, 0x0E, 0x00, 0x0F, 0xC0, 0x00, 0x0D,
    0x00, 0x1F, 0xC0, 0x00, 0x1C, 0x00, 0x2F, 0x80, 0x00, 0x2C, 0x00, 0x3F, 0x40, 0x00, 0x38, 0x00,
    0x3F, 0x00, 0x00, 0x34, 0x00, 0x7F, 0x00, 0x00, 0x70, 0x00, 0xBF, 0x00, 0x00, 0xE0, 0x00, 0x7E,
    0x00, 0x01, 0xC0, 0x00, 0x3F, 0x00, 0x07, 0x40, 0x00, 0x1F, 0x80, 0x6D, 0x00, 0x00, 0x02, 0xFF,
    0x90, 0x00, 0x00, 0x00, 0x00, 0x00, 0x7C, 0x00, 0x00, 0x00, 0x07, 0xFC, 0x00, 0x00, 0x00, 0x2F,
    0xE0, 0x00, 0x00, 0x00, 0x00, 0x00, 0x00, 0x00, 0x00, 0x00, 0x00, 0x00, 0x7F, 0xFF, 0xD0, 0x3F,
    0xFD, 0x03, 0xF8, 0x00, 0x03, 0xC0, 0x03, 0xF0, 0x00, 0x03, 0x40, 0x07, 0xF0, 0x00, 0x07, 0x00,
    0x0B, 0xE0, 0x00, 0x0B, 0x00, 0x0F, 0xD0, 0x00, 0x0E, 0x00, 0x0F, 0xC0, 0x00, 0x0D, 0x00, 0x1F,
    0xC0, 0x00, 0x1C, 0x00, 0x2F, 0x80, 0x00, 0x2C, 0x00, 0x3F, 0x40, 0x00, 0x38, 0x00, 0x3F, 0x00,
    0x00, 0x34, 0x00, 0x7F, 0x00, 0x00, 0x70, 0x00, 0xBF, 0x00, 0x00, 0xE0, 0x00, 0x7E, 0x00, 0x01,
    0xC0, 0x00, 0x3F, 0x00, 0x07, 0x40, 0x00, 0x1F, 0x80, 0x6D, 0x00, 0x00, 0x02, 0xFF, 0x90, 0x00,
    0x00, 0x00, 0x00, 0x01, 0x40, 0x00, 0x00, 0x00, 0x0B, 0xD0, 0x00, 0x00, 0x00, 0x7E, 0xF0, 0x00,
    0x00, 0x01, 0xE0, 0x3C, 0x00, 0x00, 0x00, 0x40, 0x04, 0x00, 0x00, 0x00, 0x00, 0x00, 0x00, 0x7F,
    0xFF, 0xD0, 0x3F, 0xFD, 0x03, 0xF8, 0x00, 0x03, 0xC0, 0x03, 0xF0, 0x00, 0x03, 0x40, 0x07, 0xF0,
    0x00, 0x07, 0x00, 0x0B, 0xE0, 0x00, 0x0B, 0x00, 0x0F, 0xD0, 0x00, 0x0E, 0x00, 0x0F, 0xC0, 0x00,
    0x0D, 0x00, 0x1F, 0xC0, 0x00, 0x1C, 0x00, 0x2F, 0x80, 0x00, 0x2C, 0x00, 0x3F, 0x40, 0x00, 0x38,
    0x00, 0x3F, 0x00, 0x00, 0x34, 0x00, 0x7F, 0x00, 0x00, 0x70, 0x00, 0xBF, 0x00, 0x00, 0xE0, 0x00,
    0x7E, 0x00, 0x01, 0xC0, 0x00, 0x3F, 0x00, 0x07, 0x40, 0x00, 0x1F, 0x80, 0x6D, 0x00, 0x00, 0x02,
    0xFF, 0x90, 0x00, 0x00, 0x00, 0x01, 0xF0, 0x7C, 0x00, 0x00, 0x03, 0xF4, 0xFD, 0x00, 0x00, 0x07,
    0xF0, 0xFD, 0x00, 0x00, 0x03, 0xD0, 0xB8, 0x00, 0x00, 0x00, 0x00, 0x00, 0x00, 0x00, 0x00, 0x00,
    0x00, 0x00, 0x7F, 0xFF, 0xD0, 0x3F, 0xFD, 0x03, 0xF8, 0x00, 0x03, 0xC0, 0x03, 0xF0, 0x00, 0x03,
    0x40, 0x07, 0xF0, 0x00, 0x07, 0x00, 0x0B, 0xE0, 0x00, 0x0B, 0x00, 0x0F, 0xD0, 0x00, 0x0E, 0x00,
    0x0F, 0xC0, 0x00, 0x0D, 0x00, 0x1F, 0xC0, 0x00, 0x1C, 0x00, 0x2F, 0x80, 0x00, 0x2C, 0x00, 0x3F,
    0x40, 0x00, 0x38, 0x00, 0x3F, 0x00, 0x00, 0x34, 0x00, 0x7F, 0x00, 0x00, 0x70, 0x00, 0xBF, 0x00,
    0x00, 0xE0, 0x00, 0x7E, 0x00, 0x01, 0xC0, 0x00, 0x3F, 0x00, 0x07, 0x40, 0x00, 0x1F, 0x80, 0x6D,
    0x00, 0x00, 0x02, 0xFF, 0x90, 0x00, 0x00, 0x00, 0x00, 0x00, 0xB8, 0x00, 0x00, 0x00, 0x0B, 0xF8,
    0x00, 0x00, 0x00, 0x3F, 0xE0, 0x00, 0x00, 0x00, 0x00, 0x00, 0x00, 0x00, 0x00, 0x00, 0x00, 0x00,
    0xBF, 0xFF, 0x80, 0x2F, 0xFD, 0x07, 0xF8, 0x00, 0x07, 0x80, 0x03, 0xFC, 0x00, 0x0E, 0x00, 0x02,
    0xFD, 0x00, 0x3C, 0x00, 0x00, 0xFE, 0x00, 0xF0, 0x00, 0x00, 0xFF, 0x02, 0xC0, 0x00, 0x00, 0x7F,
    0x4B, 0x40, 0x00, 0x00, 0x3F, 0x9D, 0x00, 0x00, 0x00, 0x2F, 0xF8, 0x00, 0x00, 0x00, 0x1F, 0xE0,
    0x00, 0x00, 0x00, 0x1F, 0xC0, 0x00, 0x00, 0x00, 0x1F, 0xC0, 0x00, 0x00, 0x00, 0x2F, 0x80, 0x00,
    0x00, 0x00, 0x3F, 0x40, 0x00, 0x00, 0x00, 0x3F, 0x00, 0x00, 0x00, 0x00, 0xBF, 0x00, 0x00, 0x00,
    0x1F, 0xFF, 0xF0, 0x00, 0x00, 0x00, 0x3F, 0xFF, 0xC0, 0x00, 0x00, 0x3F, 0x40, 0x00, 0x00, 0x03,
    0xF0, 0x00, 0x00, 0x00, 0x7F, 0xFF, 0xD0, 0x00, 0x0B, 0xD0, 0x2F, 0xC0, 0x00, 0xFC, 0x00, 0xFD,
    0x00, 0x0F, 0xC0, 0x0F, 0xD0, 0x01, 0xF8, 0x01, 0xFC, 0x00, 0x2F, 0x40, 0x2F, 0xC0, 0x03, 0xF0,
    0x03, 0xF0, 0x00, 0x3F, 0x01, 0xFD, 0x00, 0x07, 0xFF, 0xFD, 0x00, 0x00, 0xBD, 0x00, 0x00, 0x00,
    0x0F, 0xC0, 0x00, 0x00, 0x00, 0xFC, 0x00, 0x00, 0x00, 0x1F, 0xC0, 0x00, 0x00, 0x3F, 0xFF, 0xC0,
    0x00, 0x00, 0x00, 0x00, 0x0B, 0xFF, 0x80, 0x00, 0x00, 0xF4, 0x0F, 0xC0, 0x00, 0x0F, 0x80, 0x1F,
    0x00, 0x00, 0x7D, 0x00, 0xBC, 0x00, 0x02, 0xF0, 0x03, 0xD0, 0x00, 0x0F, 0xC0, 0x1E, 0x00, 0x0F,
    0xFE, 0x00, 0xF0, 0x00, 0x00, 0xF8, 0x0F, 0x00, 0x00, 0x07, 0xD0, 0x78, 0x00, 0x00, 0x2F, 0x01,
    0xF4, 0x00, 0x00, 0xFC, 0x03, 0xF0, 0x00, 0x03, 0xF0, 0x0B, 0xF0, 0x00, 0x0F, 0x80, 0x0F, 0xC0,
    0x00, 0x7D, 0x00, 0x3F, 0x00, 0x01, 0xF2, 0xD1, 0xF4, 0x00, 0x0B, 0xCF, 0x0F, 0x80, 0x00, 0x3F,
    0x0B, 0xF4, 0x00, 0x00, 0xF4, 0x00, 0x00, 0x00, 0x07, 0xC0, 0x00, 0x00, 0x0B, 0xAE, 0x00, 0x00,
    0x00, 0x7E, 0xF0, 0x00, 0x00, 0x00, 0xBE, 0x00, 0x00, 0x00, 0x00, 0x00, 0x0F, 0x00, 0x00, 0x02,
    0xFC, 0x00, 0x00, 0x0B, 0xF0, 0x00, 0x00, 0x06, 0x00, 0x00, 0x00, 0x00, 0x00, 0x02, 0xFC, 0x40,
    0x01, 0xF0, 0xBF, 0x00, 0x7C, 0x03, 0xF0, 0x0F, 0x80, 0x3E, 0x02, 0xF4, 0x07, 0xD0, 0x3F, 0x00,
    0xBC, 0x07, 0xE0, 0x0F, 0xC0, 0x7E, 0x00, 0xF8, 0x07, 0xD0, 0x1F, 0x4D, 0x3D, 0x02, 0xF0, 0xC2,
    0xE0, 0xBF, 0x68, 0x07, 0xF8, 0x7E, 0x00, 0x00, 0x00, 0x07, 0xC0, 0x00, 0x07, 0xFC, 0x00, 0x01,
    0xFF, 0x40, 0x00, 0x00, 0x00, 0x00, 0x00, 0x00, 0x00, 0x02, 0xFC, 0x40, 0x01, 0xF0, 0xBF, 0x00,
    0x7C, 0x03, 0xF0, 0x0F, 0x80, 0x3E, 0x02, 0xF4, 0x07, 0xD0, 0x3F, 0x00, 0xBC, 0x07, 0xE0, 0x0F,
    0xC0, 0x7E, 0x00, 0xF8, 0x07, 0xD0, 0x1F, 0x4D, 0x3D, 0x02, 0xF0, 0xC2, 0xE0, 0xBF, 0x68, 0x07,
    0xF8, 0x7E, 0x00, 0x00, 0x00, 0xB0, 0x00, 0x00, 0x3F, 0xC0, 0x00, 0x1F, 0x5E, 0x00, 0x07, 0x40,
    0x70, 0x00, 0x00, 0x00, 0x00, 0x06, 0xFC, 0x40, 0x02, 0xF0, 0x7F, 0x00, 0xBC, 0x03, 0xF0, 0x1F,
    0x80, 0x3E, 0x03, 0xF0, 0x07, 0xD0, 0x3F, 0x00, 0xBC, 0x07, 0xE0, 0x0F, 0xC0, 0x7D, 0x00, 0xF4,
    0xD3, 0xD0, 0x2F, 0x4C, 0x2E, 0x0B, 0xF2, 0x80, 0x7F, 0x87, 0xE0, 0x00, 0x0F, 0x40, 0x80, 0x06,
    0x2C, 0x70, 0x00, 0x80, 0xB8, 0x00, 0x00, 0x00, 0x00, 0x00, 0x00, 0x00, 0x00, 0x06, 0xFC, 0x40,
    0x02, 0xF0, 0x7F, 0x00, 0xBC, 0x03, 0xF0, 0x1F, 0x80, 0x3E, 0x03, 0xF0, 0x07, 0xD0, 0x3F, 0x00,
    0xBC, 0x07, 0xE0, 0x0F, 0xC0, 0x7D, 0x00, 0xF4, 0xD3, 0xD0, 0x2F, 0x4C, 0x2E, 0x0B, 0xF2, 0x80,
    0x7F, 0x87, 0xE0, 0x00, 0x1F, 0x03, 0xC0, 0x03, 0xF4, 0xFE, 0x00, 0x3F, 0x4F, 0xD0, 0x02, 0xE0,
    0xB8, 0x00, 0x00, 0x00, 0x00, 0x00, 0x00, 0x00, 0x00, 0x6F, 0xC4, 0x00, 0x2F, 0x07, 0xF0, 0x0B,
    0xC0, 0x3F, 0x01, 0xF8, 0x03, 0xE0, 0x3F, 0x00, 0x7D, 0x03, 0xF0, 0x0B, 0xC0, 0x7E, 0x00, 0xFC,
    0x07, 0xD0, 0x0F, 0x4D, 0x3D, 0x02, 0xF4, 0xC2, 0xE0, 0xBF, 0x28, 0x07, 0xF8, 0x7E, 0x00, 0x00,
    0x07, 0xF4, 0x00, 0x00, 0xD1, 0xC0, 0x00, 0x2C, 0x1C, 0x00, 0x02, 0xC2, 0x80, 0x00, 0x0F, 0xE0,
    0x00, 0x00, 0x00, 0x00, 0x00, 0x6F, 0xC4, 0x00, 0x2F, 0x07, 0xF0, 0x0B, 0xC0, 0x3F, 0x01, 0xF8,
    0x03, 0xE0, 0x3F, 0x00, 0x7D, 0x03, 0xF0, 0x0B, 0xC0, 0x7E, 0x00, 0xFC, 0x07, 0xD0, 0x0F, 0x4D,
    0x3D, 0x02, 0xF4, 0xC2, 0xE0, 0xBF, 0x28, 0x07, 0xF8, 0x7E, 0x00, 0x00, 0x6F, 0xDB, 0x6F, 0xD0,
    0x0B, 0xC1, 0xFF, 0x81, 0xD0, 0xBC, 0x02, 0xF4, 0x03, 0x87, 0xE0, 0x0F, 0x80, 0x1D, 0x3F, 0x00,
    0x3D, 0x06, 0xF0, 0xFC, 0x01, 0xFF, 0xF9, 0x07, 0xE0, 0x0B, 0x80, 0x00, 0x1F, 0x40, 0x3E, 0x00,
    0x00, 0x3D, 0x01, 0xF8, 0x00, 0x60, 0xB8, 0x2C, 0xF4, 0x1B, 0x40, 0x7F, 0x80, 0xBF, 0xE0, 0x00,
    0x00, 0x2F, 0xF0, 0x01, 0xF4, 0x3C, 0x07, 0xD0, 0xBC, 0x0F, 0x80, 0xB8, 0x2F, 0x00, 0x00, 0x3F,
    0x00, 0x00, 0x7E, 0x00, 0x00, 0x7D, 0x00, 0x00, 0x3D, 0x00, 0x08, 0x2F, 0x00, 0x78, 0x07, 0xFF,
    0x90, 0x00, 0xF8, 0x00, 0x00, 0xBE, 0x00, 0x00, 0x2F, 0x00, 0x00, 0x7F, 0x00, 0x3F, 0xE4, 0x00,
    0x00, 0x3D, 0x00, 0x00, 0x7F, 0x40, 0x00, 0x1F, 0xC0, 0x00, 0x01, 0x80, 0x00, 0x00, 0x00, 0x00,
    0x2F, 0xE0, 0x01, 0xF4, 0x3C, 0x07, 0xC0, 0x1D, 0x0F, 0x80, 0x2C, 0x2F, 0x01, 0xF4, 0x3F, 0xFF,
    0x80, 0x3E, 0x00, 0x00, 0x7E, 0x00, 0x00, 0x3D, 0x00, 0x00, 0x3E, 0x00, 0x1C, 0x1F, 0x41, 0xF4,
    0x02, 0xFF, 0x80, 0x00, 0x00, 0x1F, 0x00, 0x00, 0x2F, 0xD0, 0x00, 0x3F, 0xE0, 0x00, 0x00, 0x00,
    0x00, 0x00, 0x00, 0x00, 0x0B, 0xF8, 0x00, 0x1F, 0x43, 0xC0, 0x1F, 0x00, 0x74, 0x0F, 0x80, 0x2C,
    0x0B, 0xC0, 0x7D, 0x03, 0xFF, 0xF8, 0x00, 0xF8, 0x00, 0x00, 0x7E, 0x00, 0x00, 0x0F, 0x40, 0x00,
    0x03, 0xE0, 0x01, 0xC0, 0x7D, 0x07, 0xD0, 0x02, 0xFF, 0x80, 0x00, 0x00, 0x01, 0xD0, 0x00, 0x0B,
    0xF0, 0x00, 0x7D, 0x7C, 0x00, 0xE0, 0x0D, 0x00, 0x00, 0x00, 0x00, 0x2F, 0xE0, 0x01, 0xF4, 0x3C,
    0x0B, 0xC0, 0x1D, 0x1F, 0x80, 0x2C, 0x3F, 0x01, 0xF4, 0x3F, 0xFF, 0x80, 0x3E, 0x00, 0x00, 0x7D,
    0x00, 0x00, 0x3D, 0x00, 0x0C, 0x1F, 0x01, 0xB8, 0x06, 0xFF, 0x80, 0x00, 0x3D, 0x0B, 0x40, 0x3F,
    0x8B, 0xF0, 0x0F, 0xE3, 0xF8, 0x01, 0xE0, 0x78, 0x00, 0x00, 0x00, 0x00, 0x00, 0x00, 0x00, 0x02,
    0xFE, 0x00, 0x07, 0xD0, 0xF0, 0x0B, 0xC0, 0x1D, 0x07, 0xE0, 0x0B, 0x03, 0xF0, 0x1F, 0x40, 0xFF,
    0xFE, 0x00, 0x3E, 0x00, 0x00, 0x1F, 0x40, 0x00, 0x03, 0xD0, 0x00, 0xC0, 0x7C, 0x06, 0xE0, 0x06,
    0xFF, 0x80, 0x00, 0x00, 0xF0, 0x00, 0xBF, 0x00, 0x0B, 0xF0, 0x00, 0x18, 0x00, 0x00, 0x00, 0xBD,
    0x00, 0xE3, 0xC0, 0xB1, 0xF4, 0x34, 0xBC, 0x00, 0x3E, 0x00, 0x1F, 0x40, 0x0F, 0xC0, 0x03, 0xE0,
    0x01, 0xF0, 0xA0, 0xBC, 0x30, 0x2E, 0x38, 0x02, 0xF4, 0x00, 0x00, 0x00, 0x7C, 0x00, 0x07, 0xFC,
    0x00, 0x1F, 0xF8, 0x00, 0x00, 0x00, 0x00, 0x00, 0x00, 0x02, 0xF4, 0x00, 0x0E, 0x3C, 0x00, 0x2C,
    0x7D, 0x00, 0x34, 0xBC, 0x00, 0x00, 0xF8, 0x00, 0x01, 0xF4, 0x00, 0x03, 0xF0, 0x00, 0x03, 0xE0,
    0x00, 0x07, 0xC2, 0x80, 0x0B, 0xC3, 0x00, 0x0B, 0x8E, 0x00, 0x02, 0xF4, 0x00, 0x00, 0x2C, 0x00,
    0x0F, 0xF0, 0x0B, 0xD7, 0x81, 0xD0, 0x1C, 0x00, 0x00, 0x00, 0x2F, 0x40, 0x0E, 0x3C, 0x02, 0xC7,
    0xD0, 0x34, 0xBC, 0x00, 0x0F, 0x80, 0x02, 0xF0, 0x00, 0x3E, 0x00, 0x07, 0xD2, 0x80, 0xBC, 0x30,
    0x0B, 0x8E, 0x00, 0x2F, 0x40, 0x01, 0xF0, 0x3C, 0x03, 0xF4, 0xFE, 0x03, 0xF4, 0xFD, 0x02, 0xE0,
    0xB8, 0x00, 0x00, 0x00, 0x00, 0x00, 0x00, 0x02, 0xF4, 0x00, 0x0E, 0x3C, 0x00, 0x2C, 0x7D, 0x00,
    0x34, 0xBC, 0x00, 0x00, 0xF8, 0x00, 0x02, 0xF0, 0x00, 0x03, 0xE0, 0x00, 0x07, 0xD2, 0x80, 0x0B,
    0xC3, 0x00, 0x0B, 0x8E, 0x00, 0x02, 0xF4, 0x00, 0x00, 0x00, 0x00, 0x00, 0x01, 0xF4, 0x28, 0x00,
    0x02, 0xFD, 0x00, 0x00, 0x7F, 0xE0, 0x00, 0x08, 0x3F, 0x00, 0x00, 0x01, 0xF8, 0x00, 0x1F, 0xEF,
    0xC0, 0x0F, 0x42, 0xFC, 0x03, 0xC0, 0x0F, 0xD0, 0xF8, 0x00, 0xFC, 0x2F, 0x40, 0x0F, 0xC3, 0xF0,
    0x00, 0xFC, 0x3F, 0x00, 0x1F, 0x87, 0xE0, 0x02, 0xF0, 0x7D, 0x00, 0x3E, 0x03, 0xE0, 0x0B, 0xC0,
    0x1F, 0x42, 0xF0, 0x00, 0x6F, 0xE4, 0x00, 0x00, 0x00, 0x78, 0x09, 0x00, 0x00, 0x93, 0x8A, 0x00,
    0x00, 0x80, 0x7D, 0x00, 0x00, 0x00, 0x00, 0x00, 0x00, 0x00, 0x00, 0x00, 0x01, 0xF8, 0x1F, 0xE0,
    0x00, 0xCB, 0xB8, 0x2F, 0x00, 0xA3, 0xF4, 0x07, 0xC0, 0x34, 0xFC, 0x02, 0xF0, 0x00, 0x7D, 0x00,
    0xFC, 0x00, 0x2F, 0x00, 0x7D, 0x00, 0x0F, 0xC0, 0x2F, 0x00, 0x03, 0xE0, 0x0F, 0x87, 0x01, 0xF4,
    0x07, 0xD3, 0x80, 0xBC, 0x00, 0xF2, 0xC0, 0x1E, 0x00, 0x1F, 0x80, 0x00, 0x0F, 0x00, 0x00, 0x0B,
    0xF0, 0x00, 0x00, 0xBF, 0x00, 0x00, 0x01, 0x80, 0x00, 0x00, 0x00, 0x00, 0x0B, 0xFE, 0x00, 0x1F,
    0x42, 0xF0, 0x1F, 0x40, 0x3E, 0x0F, 0x80, 0x0F, 0xCB, 0xD0, 0x03, 0xF3, 0xF0, 0x00, 0xFC, 0xF8,
    0x00, 0x7E, 0x7E, 0x00, 0x3F, 0x1F, 0x40, 0x0F, 0x83, 0xE0, 0x0F, 0xC0, 0x7C, 0x0F, 0x80, 0x02,
    0xFE, 0x40, 0x00, 0x00, 0x00, 0x07, 0xC0, 0x00, 0x07, 0xFC, 0x00, 0x01, 0xFF, 0x40, 0x00, 0x00,
    0x00, 0x00, 0x00, 0x00, 0x00, 0x02, 0xFF, 0x80, 0x01, 0xF4, 0x2F, 0x00, 0x7D, 0x00, 0xF8, 0x0F,
    0x80, 0x0F, 0xC2, 0xF4, 0x00, 0xFC, 0x3F, 0x00, 0x0F, 0xC3, 0xE0, 0x01, 0xF8, 0x7E, 0x00, 0x3F,
    0x07, 0xD0, 0x03, 0xE0, 0x3E, 0x00, 0xFC, 0x01, 0xF0, 0x3E, 0x00, 0x02, 0xFE, 0x40, 0x00, 0x00,
    0x00, 0xB0, 0x00, 0x00, 0xFF, 0x00, 0x01, 0xF5, 0xE0, 0x01, 0xD0, 0x1C, 0x00, 0x00, 0x00, 0x00,
    0x0B, 0xFE, 0x00, 0x1F, 0x42, 0xF0, 0x2F, 0x00, 0x3E, 0x1F, 0x80, 0x0F, 0xCF, 0xC0, 0x03, 0xF3,
    0xF0, 0x01, 0xF9, 0xF8, 0x00, 0xBD, 0x7D, 0x00, 0x3F, 0x0F, 0x40, 0x2F, 0x01, 0xF0, 0x2F, 0x00,
    0x1B, 0xF9, 0x00, 0x00, 0x07, 0xC0, 0x60, 0x01, 0x8F, 0x18, 0x00, 0x50, 0x3D, 0x00, 0x00, 0x00,
    0x00, 0x00, 0x00, 0x00, 0x00, 0x02, 0xFF, 0x80, 0x01, 0xF4, 0x2F, 0x00, 0xBC, 0x00, 0xF8, 0x1F,
    0x80, 0x0F, 0xC3, 0xF0, 0x00, 0xFC, 0x3F, 0x00, 0x1F, 0x87, 0xE0, 0x02, 0xF4, 0x7D, 0x00, 0x3F,
    0x03, 0xD0, 0x0B, 0xC0, 0x1F, 0x02, 0xF0, 0x00, 0x6F, 0xE4, 0x00, 0x00, 0x1F, 0x03, 0xC0, 0x03,
    0xF4, 0xFE, 0x00, 0x3F, 0x4F, 0xD0, 0x02, 0xE0, 0xB8, 0x00, 0x00, 0x00, 0x00, 0x00, 0x00, 0x00,
    0x00, 0x2F, 0xF8, 0x00, 0x1F, 0x42, 0xF0, 0x0B, 0xC0, 0x0F, 0x81, 0xF8, 0x00, 0xFC, 0x3F, 0x00,
    0x0F, 0xC3, 0xF0, 0x01, 0xF8, 0x7E, 0x00, 0x2F, 0x47, 0xD0, 0x03, 0xF0, 0x3D, 0x00, 0xBC, 0x01,
    0xF0, 0x2F, 0x00, 0x06, 0xFE, 0x40, 0x00, 0x00, 0x00, 0x0B, 0x80, 0x00, 0x00, 0x00, 0xBF, 0x40,
    0x00, 0x00, 0x03, 0xFD, 0x00, 0x00, 0x00, 0x0F, 0xF0, 0x00, 0x00, 0x00, 0x1F, 0x00, 0x00, 0x00,
    0x00, 0x00, 0x00, 0x00, 0x00, 0x00, 0x00, 0x00, 0x00, 0x00, 0x00, 0x00, 0x00, 0x3F, 0xFF, 0xFF,
    0xFF, 0xF0, 0x00, 0x00, 0x00, 0x00, 0x00, 0x00, 0x00, 0x00, 0x00, 0x00, 0x00, 0x00, 0x00, 0x00,
    0x00, 0x02, 0xE0, 0x00, 0x00, 0x00, 0x3F, 0xC0, 0x00, 0x00, 0x00, 0xFF, 0x40, 0x00, 0x00, 0x03,
    0xFC, 0x00, 0x00, 0x00, 0x07, 0xC0, 0x00, 0x00, 0x00, 0x00, 0x00, 0x00, 0x00, 0x00, 0x00, 0xD0,
    0x00, 0x00, 0x0A, 0x00, 0x01, 0xFF, 0xB0, 0x00, 0x7D, 0x0B, 0x80, 0x03, 0xD0, 0x3F, 0x40, 0x3E,
    0x03, 0x6E, 0x01, 0xF0, 0x28, 0xF8, 0x0F, 0xC1, 0x83, 0xE0, 0x3E, 0x1C, 0x1F, 0x40, 0xF4, 0xC0,
    0xBC, 0x03, 0xDD, 0x03, 0xD0, 0x0F, 0xE0, 0x2E, 0x00, 0x0F, 0x42, 0xE0, 0x00, 0x7B, 0xF9, 0x00,
    0x03, 0x00, 0x00, 0x00, 0x34, 0x00, 0x00, 0x00, 0x00, 0x00, 0x00, 0x00, 0x00, 0x02, 0xD0, 0x00,
    0x00, 0x03, 0xF4, 0x00, 0x00, 0x01, 0xFC, 0x00, 0x00, 0x00, 0x08, 0x00, 0x00, 0x00, 0x00, 0x00,
    0x02, 0xF4, 0x00, 0x00, 0x0E, 0x3C, 0x01, 0xE0, 0x1C, 0x7D, 0x03, 0xE0, 0x38, 0xBC, 0x03, 0xD0,
    0x10, 0xF8, 0x07, 0xC0, 0x01, 0xF4, 0x0B, 0xC0, 0x02, 0xF0, 0x0F, 0x80, 0x03, 0xF0, 0x0F, 0x40,
    0x03, 0xE0, 0x2F, 0x0C, 0x03, 0xE0, 0x3F, 0x1C, 0x02, 0xF0, 0xBF, 0x34, 0x00, 0xBF, 0x47, 0xE0,
    0x00, 0x00, 0x01, 0xF0, 0x00, 0x00, 0x0B, 0xF4, 0x00, 0x00, 0x3F, 0xE0, 0x00, 0x00, 0x00, 0x00,
    0x00, 0x00, 0x00, 0x00, 0x02, 0xF4, 0x00, 0x00, 0x0E, 0x3C, 0x01, 0xE0, 0x1C, 0x7D, 0x03, 0xE0,
    0x38, 0xBC, 0x03, 0xD0, 0x10, 0xF8, 0x07, 0xC0, 0x01, 0xF4, 0x0B, 0xC0, 0x02, 0xF0, 0x0F, 0x80,
    0x03, 0xF0, 0x0F, 0x40, 0x03, 0xE0, 0x2F, 0x0C, 0x03, 0xE0, 0x3F, 0x1C, 0x02, 0xF0, 0xBF, 0x34,
    0x00, 0xBF, 0x47, 0xE0, 0x00, 0x00, 0x1D, 0x00, 0x00, 0x00, 0xBF, 0x40, 0x00, 0x07, 0xD3, 0xC0,
    0x00, 0x0E, 0x00, 0xE0, 0x00, 0x00, 0x00, 0x00, 0x02, 0xF4, 0x01, 0xE0, 0x0E, 0x3C, 0x03, 0xF0,
    0x2C, 0x7D, 0x03, 0xE0, 0x34, 0xBC, 0x07, 0xD0, 0x00, 0xF8, 0x0B, 0xC0, 0x01, 0xF0, 0x0F, 0x80,
    0x03, 0xF0, 0x0F, 0x40, 0x03, 0xE0, 0x1F, 0x0C, 0x03, 0xE0, 0x3F, 0x1C, 0x02, 0xF0, 0xBF, 0x34,
    0x00, 0xBF, 0x4B, 0xE0, 0x00, 0x02, 0xD0, 0xB4, 0x00, 0x0B, 0xF2, 0xFC, 0x00, 0x0F, 0xE2, 0xFC,
    0x00, 0x07, 0x81, 0xF0, 0x00, 0x00, 0x00, 0x00, 0x00, 0x00, 0x00, 0x00, 0x02, 0xF4, 0x01, 0xE0,
    0x0E, 0x3C, 0x03, 0xF0, 0x2C, 0x7D, 0x03, 0xE0, 0x34, 0xBC, 0x07, 0xD0, 0x00, 0xF8, 0x0B, 0xC0,
    0x01, 0xF0, 0x0F, 0x80, 0x03, 0xF0, 0x0F, 0x40, 0x03, 0xE0, 0x1F, 0x0C, 0x03, 0xE0, 0x3F, 0x1C,
    0x02, 0xF0, 0xBF, 0x34, 0x00, 0xBF, 0x4B, 0xE0, 0x00, 0x00, 0x02, 0xD0, 0x00, 0x02, 0xFE, 0x00,
    0x00, 0xBF, 0xC0, 0x00, 0x00, 0x00, 0x00, 0x00, 0x00, 0x00, 0x2F, 0x40, 0x09, 0x0E, 0x3C, 0x02,
    0xF2, 0xC7, 0xD0, 0x3E, 0x38, 0xBC, 0x03, 0xE1, 0x0F, 0x80, 0x7D, 0x01, 0xF4, 0x0B, 0xC0, 0x2F,
    0x00, 0xFC, 0x03, 0xF0, 0x0F, 0x80, 0x3E, 0x01, 0xF4, 0x03, 0xE0, 0x2F, 0x00, 0x2F, 0x0B, 0xF0,
    0x00, 0xBF, 0xBD, 0x00, 0x00, 0x0B, 0xC0, 0x0B, 0x40, 0xF8, 0x01, 0xF8, 0x2F, 0x00, 0x0F, 0x0B,
    0xC0, 0x00, 0x7F, 0x90, 0x00, 0x00, 0x1F, 0xF0, 0x00, 0x00, 0x0F, 0x80, 0x00, 0x00, 0x3D, 0x00,
    0x00, 0x01, 0xF0, 0x00, 0x00, 0x0B, 0xC0, 0x00, 0x00, 0x3E, 0x00, 0x00, 0x00, 0xFF, 0xF8, 0x00,
    0x07, 0xF4, 0x7C, 0x00, 0x2F, 0x00, 0xF8, 0x00, 0xF8, 0x03, 0xE0, 0x03, 0xD0, 0x1F, 0x80, 0x1F,
    0x00, 0xBD, 0x00, 0xBC, 0x03, 0xF0, 0x03, 0xE0, 0x0F, 0x80, 0x0F, 0x80, 0xBC, 0x00, 0x7E, 0x0B,
    0xC0, 0x02, 0xFF, 0xF4, 0x00, 0x0F, 0xC0, 0x00, 0x00, 0x3E, 0x00, 0x00, 0x01, 0xF4, 0x00, 0x00,
    0x0B, 0xC0, 0x00, 0x02, 0xFF, 0xD0, 0x00, 0x00, 0x00, 0x0B, 0x81, 0xE0, 0x00, 0x7F, 0x0F, 0xC0,
    0x02, 0xFC, 0x7F, 0x00, 0x03, 0xC0, 0xF4, 0x00, 0x00, 0x00, 0x00, 0x00, 0x00, 0x00, 0x00, 0x2F,
    0x40, 0x09, 0x03, 0x8F, 0x00, 0xF8, 0x2C, 0x7D, 0x03, 0xE0, 0xD2, 0xF0, 0x1F, 0x40, 0x0F, 0x80,
    0xBC, 0x00, 0x7C, 0x03, 0xF0, 0x03, 0xF0, 0x0F, 0x80, 0x0F, 0x80, 0x7D, 0x00, 0x3E, 0x02, 0xF0,
    0x00, 0xBC, 0x2F, 0xC0, 0x00, 0xBF, 0xBD, 0x00, 0x00, 0x02, 0xF0, 0x00, 0xB4, 0x0F, 0x80, 0x07,
    0xE0, 0xBC, 0x00, 0x0F, 0x0B, 0xC0, 0x00, 0x1F, 0xE4, 0x00, 0x00, 0x00, 0x00, 0x3F, 0xFF, 0xFF,
    0xC0, 0x00, 0x00, 0x00, 0x00, 0x00, 0x00, 0x00, 0x00, 0x00, 0x00, 0x00, 0x00, 0x00, 0x00, 0x00,
    0x00, 0x00, 0x00, 0x3C, 0x00, 0x00, 0x00, 0x00, 0x2F, 0x00, 0x00, 0x00, 0x00, 0x0F, 0xD0, 0x00,
    0x00, 0x00, 0x0F, 0xF4, 0x00, 0x00, 0x00, 0x07, 0xFE, 0x00, 0x00, 0x00, 0x03, 0x7F, 0x80, 0x00,
    0x00, 0x02, 0x8B, 0xF0, 0x00, 0x00, 0x01, 0xC2, 0xFC, 0x00, 0x00, 0x00, 0xD0, 0x7F, 0x00, 0x00,
    0x00, 0xB0, 0x1F, 0xC0, 0x00, 0x00, 0x70, 0x07, 0xF0, 0x00, 0x00, 0x3F, 0xFF, 0xFD, 0x00, 0x00,
    0x2C, 0x00, 0x3F, 0x40, 0x00, 0x0D, 0x00, 0x0F, 0xE0, 0x00, 0x0F, 0x00, 0x03, 0xF8, 0x00, 0x0B,
    0x40, 0x00, 0xFF, 0x00, 0x3F, 0xFC, 0x03, 0xFF, 0xFC, 0x00, 0x01, 0xFF, 0xFF, 0xC0, 0x00, 0x00,
    0x00, 0x00, 0x00, 0x00, 0x00, 0x00, 0x00, 0x00, 0x00, 0x6F, 0xC4, 0x00, 0x2F, 0x07, 0xF0, 0x0B,
    0xC0, 0x3F, 0x01, 0xF8, 0x03, 0xE0, 0x3F, 0x00, 0x7D, 0x03, 0xF0, 0x0B, 0xC0, 0x7E, 0x00, 0xFC,
    0x07, 0xD0, 0x0F, 0x4D, 0x3D, 0x02, 0xF4, 0xC2, 0xE0, 0xBF, 0x28, 0x07, 0xF8, 0x7E, 0x00, 0x00,
    0x00, 0x03, 0x00, 0x09, 0x00, 0x00, 0x02, 0x80, 0x18, 0x00, 0x00, 0x00, 0xBF, 0xD0, 0x00, 0x00,
    0x00, 0x00, 0x00, 0x00, 0x00, 0x00, 0x00, 0x00, 0x00, 0x00, 0x00, 0x3C, 0x00, 0x00, 0x00, 0x00,
    0xBC, 0x00, 0x00, 0x00, 0x00, 0xFD, 0x00, 0x00, 0x00, 0x03, 0xFD, 0x00, 0x00, 0x00, 0x07, 0xFE,
    0x00, 0x00, 0x00, 0x0D, 0xFE, 0x00, 0x00, 0x00, 0x28, 0xBF, 0x00, 0x00, 0x00, 0x70, 0xBF, 0x00,
    0x00, 0x00, 0xD0, 0x7F, 0x00, 0x00, 0x02, 0xC0, 0x7F, 0x00, 0x00, 0x07, 0x00, 0x7F, 0x00, 0x00,
    0x0F, 0xFF, 0xFF, 0x40, 0x00, 0x2C, 0x00, 0x3F, 0x40, 0x00, 0x34, 0x00, 0x3F, 0x80, 0x00, 0xF0,
    0x00, 0x3F, 0x80, 0x02, 0xD0, 0x00, 0x3F, 0xC0, 0x3F, 0xFC, 0x03, 0xFF, 0xFC, 0x00, 0x00, 0x00,
    0x00, 0x02, 0x00, 0x09, 0x00, 0x28, 0x02, 0xC0, 0x00, 0xBF, 0x90, 0x00, 0x00, 0x00, 0x00, 0x00,
    0x00, 0x00, 0x00, 0x6F, 0xC4, 0x00, 0x2F, 0x07, 0xF0, 0x0B, 0xC0, 0x3F, 0x01, 0xF8, 0x03, 0xE0,
    0x3F, 0x00, 0x7D, 0x03, 0xF0, 0x0B, 0xC0, 0x7E, 0x00, 0xFC, 0x07, 0xD0, 0x0F, 0x4D, 0x3D, 0x02,
    0xF4, 0xC2, 0xE0, 0xBF, 0x28, 0x07, 0xF8, 0x7E, 0x00, 0x00, 0x00, 0x00, 0x3C, 0x00, 0x00, 0x00,
    0x00, 0xBC, 0x00, 0x00, 0x00, 0x00, 0xFD, 0x00, 0x00, 0x00, 0x03, 0xFD, 0x00, 0x00, 0x00, 0x0B,
    0xFE, 0x00, 0x00, 0x00, 0x0D, 0xFE, 0x00, 0x00, 0x00, 0x38, 0xBF, 0x00, 0x00, 0x00, 0x70, 0xBF,
    0x00, 0x00, 0x00, 0xD0, 0x7F, 0x00, 0x00, 0x03, 0xC0, 0x7F, 0x00, 0x00, 0x07, 0x00, 0x7F, 0x00,
    0x00, 0x0F, 0xFF, 0xFF, 0x40, 0x00, 0x2C, 0x00, 0x3F, 0x40, 0x00, 0x74, 0x00, 0x3F, 0x80, 0x00,
    0xF0, 0x00, 0x3F, 0x80, 0x02, 0xD0, 0x00, 0x3F, 0xC0, 0x3F, 0xFC, 0x03, 0xFF, 0xFC, 0x00, 0x00,
    0x00, 0x1E, 0x00, 0x00, 0x00, 0x00, 0x3C, 0x00, 0x00, 0x00, 0x00, 0x78, 0x00, 0x00, 0x00, 0x00,
    0x7C, 0xC0, 0x00, 0x00, 0x00, 0x2F, 0x40, 0x00, 0x6F, 0xC4, 0x00, 0x2F, 0x07, 0xF0, 0x0B, 0xC0,
    0x3F, 0x01, 0xF8, 0x03, 0xE0, 0x3F, 0x00, 0x7D, 0x03, 0xF0, 0x0B, 0xC0, 0x7E, 0x00, 0xFC, 0x07,
    0xD0, 0x0F, 0x4D, 0x3D, 0x02, 0xF4, 0xC2, 0xE0, 0xBF, 0x28, 0x07, 0xF8, 0x7E, 0x00, 0x00, 0x0A,
    0x00, 0x00, 0x02, 0xC0, 0x00, 0x00, 0x38, 0x00, 0x00, 0x03, 0xD0, 0x00, 0x00, 0x1F, 0xC0, 0x00,
    0x00, 0x00, 0x2C, 0x00, 0x00, 0x00, 0x0B, 0xF4, 0x00, 0x00, 0x00, 0xFF, 0x80, 0x00, 0x00, 0x02,
    0x40, 0x00, 0x00, 0x00, 0x00, 0x00, 0x00, 0x00, 0x06, 0xFF, 0xD0, 0xA0, 0x01, 0xFD, 0x01, 0xFF,
    0x40, 0x2F, 0x80, 0x00, 0xFC, 0x03, 0xF4, 0x00, 0x02, 0xF0, 0x2F, 0x80, 0x00, 0x07, 0x81, 0xFC,
    0x00, 0x00, 0x1D, 0x0F, 0xE0, 0x00, 0x00, 0x20, 0x7F, 0x40, 0x00, 0x00, 0x02, 0xFC, 0x00, 0x00,
    0x00, 0x0F, 0xE0, 0x00, 0x00, 0x00, 0x3F, 0x80, 0x00, 0x00, 0x00, 0xFD, 0x00, 0x00, 0x0A, 0x03,
    0xF4, 0x00, 0x00, 0x34, 0x07, 0xE0, 0x00, 0x03, 0x80, 0x0F, 0xC0, 0x00, 0x38, 0x00, 0x0B, 0xE0,
    0x0B, 0x40, 0x00, 0x02, 0xFF, 0x90, 0x00, 0x00, 0x00, 0x00, 0x1E, 0x00, 0x00, 0x7F, 0xC0, 0x00,
    0x7F, 0xD0, 0x00, 0x00, 0x00, 0x00, 0x00, 0x00, 0x00, 0x0B, 0xFC, 0x00, 0x1F, 0x43, 0xC0, 0x1F,
    0x42, 0xF0, 0x0F, 0x80, 0xB8, 0x0B, 0xD0, 0x00, 0x03, 0xF0, 0x00, 0x00, 0xF8, 0x00, 0x00, 0x7E,
    0x00, 0x00, 0x1F, 0x40, 0x00, 0x03, 0xE0, 0x01, 0xC0, 0x7D, 0x07, 0xD0, 0x02, 0xFF, 0x80, 0x00,
    0x00, 0x00, 0x00, 0x40, 0x00, 0x00, 0x00, 0x0F, 0xC0, 0x00, 0x00, 0x01, 0xFB, 0xC0, 0x00, 0x00,
    0x2E, 0x03, 0xC0, 0x00, 0x00, 0x10, 0x01, 0x00, 0x00, 0x00, 0x00, 0x00, 0x00, 0x00, 0x1B, 0xFF,
    0x42, 0x80, 0x07, 0xF4, 0x07, 0xFD, 0x00, 0xBE, 0x00, 0x03, 0xF0, 0x0F, 0xD0, 0x00, 0x0B, 0xC0,
    0xBE, 0x00, 0x00, 0x1E, 0x07, 0xF0, 0x00, 0x00, 0x74, 0x3F, 0x80, 0x00, 0x00, 0x81, 0xFD, 0x00,
    0x00, 0x00, 0x0B, 0xF0, 0x00, 0x00, 0x00, 0x3F, 0x80, 0x00, 0x00, 0x00, 0xFE, 0x00, 0x00, 0x00,
    0x03, 0xF4, 0x00, 0x00, 0x28, 0x0F, 0xD0, 0x00, 0x00, 0xD0, 0x1F, 0x80, 0x00, 0x0E, 0x00, 0x3F,
    0x00, 0x00, 0xE0, 0x00, 0x2F, 0x80, 0x2D, 0x00, 0x00, 0x0B, 0xFE, 0x40, 0x00, 0x00, 0x00, 0x00,
    0x10, 0x00, 0x00, 0x7D, 0x00, 0x00, 0xBF, 0xC0, 0x00, 0xB8, 0x3C, 0x00, 0x74, 0x07, 0x00, 0x00,
    0x00, 0x00, 0x02, 0xFF, 0x00, 0x07, 0xD0, 0xF0, 0x0B, 0xC0, 0xBC, 0x07, 0xE0, 0x2E, 0x03, 0xF0,
    0x00, 0x00, 0xFC, 0x00, 0x00, 0x7E, 0x00, 0x00, 0x1F, 0x40, 0x00, 0x03, 0xD0, 0x01, 0xC0, 0x7C,
    0x06, 0xE0, 0x06, 0xFF, 0x80, 0x00, 0x00, 0x00, 0x01, 0xF0, 0x00, 0x00, 0x00, 0x0F, 0xD0, 0x00,
    0x00, 0x00, 0x7F, 0x00, 0x00, 0x00, 0x00, 0xF4, 0x00, 0x00, 0x00, 0x00, 0x00, 0x00, 0x00, 0x00,
    0x00, 0x00, 0x00, 0x00, 0x1B, 0xFF, 0x42, 0x80, 0x07, 0xF4, 0x07, 0xFD, 0x00, 0xBE, 0x00, 0x03,
    0xF0, 0x0F, 0xD0, 0x00, 0x0B, 0xC0, 0xBE, 0x00, 0x00, 0x1E, 0x07, 0xF0, 0x00, 0x00, 0x74, 0x3F,
    0x80, 0x00, 0x00, 0x81, 0xFD, 0x00, 0x00, 0x00, 0x0B, 0xF0, 0x00, 0x00, 0x00, 0x3F, 0x80, 0x00,
    0x00, 0x00, 0xFE, 0x00, 0x00, 0x00, 0x03, 0xF4, 0x00, 0x00, 0x28, 0x0F, 0xD0, 0x00, 0x00, 0xD0,
    0x1F, 0x80, 0x00, 0x0E, 0x00, 0x3F, 0x00, 0x00, 0xE0, 0x00, 0x2F, 0x80, 0x2D, 0x00, 0x00, 0x0B,
    0xFE, 0x40, 0x00, 0x00, 0x00, 0x00, 0xB4, 0x00, 0x02, 0xFC, 0x00, 0x02, 0xFC, 0x00, 0x01, 0xF0,
    0x00, 0x00, 0x00, 0x00, 0x00, 0x00, 0x00, 0x2F, 0xF0, 0x01, 0xF4, 0x3C, 0x0B, 0xC0, 0xBC, 0x1F,
    0x80, 0xB8, 0x3F, 0x00, 0x00, 0x3F, 0x00, 0x00, 0x7E, 0x00, 0x00, 0x7D, 0x00, 0x00, 0x3D, 0x00,
    0x1C, 0x1F, 0x01, 0xB8, 0x06, 0xFF, 0x80, 0x00, 0x00, 0x1F, 0xFF, 0xC0, 0x00, 0x00, 0x1F, 0xF8,
    0x00, 0x00, 0x00, 0x0E, 0x00, 0x00, 0x00, 0x00, 0x00, 0x00, 0x00, 0x00, 0x00, 0x00, 0x00, 0x00,
    0x06, 0xFF, 0xD0, 0xA0, 0x01, 0xFD, 0x01, 0xFF, 0x40, 0x2F, 0x80, 0x00, 0xFC, 0x03, 0xF4, 0x00,
    0x02, 0xF0, 0x2F, 0x80, 0x00, 0x07, 0x81, 0xFC, 0x00, 0x00, 0x1D, 0x0F, 0xE0, 0x00, 0x00, 0x20,
    0x7F, 0x40, 0x00, 0x00, 0x02, 0xFC, 0x00, 0x00, 0x00, 0x0F, 0xE0, 0x00, 0x00, 0x00, 0x3F, 0x80,
    0x00, 0x00, 0x00, 0xFD, 0x00, 0x00, 0x0A, 0x03, 0xF4, 0x00, 0x00, 0x34, 0x07, 0xE0, 0x00, 0x03,
    0x80, 0x0F, 0xC0, 0x00, 0x38, 0x00, 0x0B, 0xE0, 0x0B, 0x40, 0x00, 0x02, 0xFF, 0x90, 0x00, 0x00,
    0x00, 0x00, 0x00, 0x00, 0x01, 0xD0, 0x2C, 0x00, 0x0B, 0xAF, 0x00, 0x00, 0x3F, 0x80, 0x00, 0x00,
    0xD0, 0x00, 0x00, 0x00, 0x00, 0x00, 0x2F, 0xF0, 0x00, 0x1F, 0x43, 0xC0, 0x0B, 0xC0, 0xBC, 0x01,
    0xF8, 0x0B, 0x80, 0x3F, 0x00, 0x00, 0x03, 0xF0, 0x00, 0x00, 0x7E, 0x00, 0x00, 0x07, 0xD0, 0x00,
    0x00, 0x3D, 0x00, 0x1C, 0x01, 0xF0, 0x1B, 0x80, 0x06, 0xFF, 0x80, 0x00, 0x00, 0x00, 0x0B, 0xFF,
    0xF0, 0x00, 0x00, 0x00, 0x2F, 0xF8, 0x00, 0x00, 0x00, 0x00, 0x78, 0x00, 0x00, 0x00, 0x00, 0x00,
    0x00, 0x00, 0x00, 0x00, 0x00, 0x00, 0x00, 0x00, 0x03, 0xFF, 0xFF, 0xFE, 0x00, 0x00, 0x03, 0xF4,
    0x01, 0xFD, 0x00, 0x00, 0x3F, 0x00, 0x03, 0xF0, 0x00, 0x07, 0xF0, 0x00, 0x1F, 0x80, 0x00, 0xBE,
    0x00, 0x00, 0xFC, 0x00, 0x0F, 0xD0, 0x00, 0x0F, 0xC0, 0x00, 0xFC, 0x00, 0x01, 0xFC, 0x00, 0x1F,
    0xC0, 0x00, 0x1F, 0xC0, 0x02, 0xF8, 0x00, 0x02, 0xFC, 0x00, 0x3F, 0x40, 0x00, 0x3F, 0x40, 0x03,
    0xF0, 0x00, 0x03, 0xF0, 0x00, 0x7F, 0x00, 0x00, 0xBE, 0x00, 0x0B, 0xE0, 0x00, 0x0F, 0xC0, 0x00,
    0xFD, 0x00, 0x02, 0xF0, 0x00, 0x0F, 0xC0, 0x00, 0xBD, 0x00, 0x02, 0xFC, 0x00, 0x7E, 0x00, 0x03,
    0xFF, 0xFF, 0xFE, 0x00, 0x00, 0x00, 0x00, 0x00, 0x00, 0xF0, 0x00, 0x00, 0x00, 0x0F, 0xE0, 0x00,
    0x02, 0xFE, 0x3F, 0xC0, 0x00, 0x00, 0xF8, 0xBD, 0x00, 0x00, 0x07, 0xD0, 0x70, 0x00, 0x00, 0x2F,
    0x07, 0x00, 0x00, 0x00, 0xFC, 0x10, 0x00, 0x0B, 0xE3, 0xE0, 0x00, 0x01, 0xF0, 0xBF, 0x40, 0x00,
    0x1F, 0x00, 0xFC, 0x00, 0x00, 0xF8, 0x03, 0xF0, 0x00, 0x0B, 0xD0, 0x0F, 0x80, 0x00, 0x3F, 0x00,
    0x7D, 0x00, 0x01, 0xF8, 0x02, 0xF0, 0x00, 0x07, 0xE0, 0x0F, 0xC0, 0x00, 0x1F, 0x40, 0x3E, 0x34,
    0x00, 0x3D, 0x01, 0xF4, 0xC0, 0x00, 0xB8, 0x2F, 0xCA, 0x00, 0x00, 0x7F, 0x87, 0xE0, 0x00, 0x00,
    0x00, 0x3F, 0xFF, 0xFF, 0xE0, 0x00, 0x00, 0x3F, 0x40, 0x1F, 0xD0, 0x00, 0x03, 0xF0, 0x00, 0x3F,
    0x00, 0x00, 0x7F, 0x00, 0x01, 0xF8, 0x00, 0x0B, 0xE0, 0x00, 0x0F, 0xC0, 0x00, 0xFD, 0x00, 0x00,
    0xFC, 0x00, 0x0F, 0xC0, 0x00, 0x1F, 0xC0, 0x01, 0xFC, 0x00, 0x01, 0xFC, 0x07, 0xFF, 0xFF, 0xC0,
    0x2F, 0x80, 0x03, 0xF4, 0x00, 0x03, 0xF4, 0x00, 0x3F, 0x00, 0x00, 0x3F, 0x00, 0x07, 0xF0, 0x00,
    0x0B, 0xE0, 0x00, 0xBE, 0x00, 0x00, 0xFC, 0x00, 0x0F, 0xD0, 0x00, 0x2F, 0x00, 0x00, 0xFC, 0x00,
    0x0B, 0xD0, 0x00, 0x2F, 0xC0, 0x0B, 0xE0, 0x00, 0x3F, 0xFF, 0xFF, 0xE0, 0x00, 0x00, 0x00, 0x00,
    0x00, 0x00, 0x00, 0x00, 0xBF, 0x80, 0x00, 0x00, 0x3E, 0x00, 0x00, 0x01, 0xF4, 0x00, 0x01, 0xFF,
    0xF0, 0x00, 0x00, 0x3F, 0x00, 0x00, 0x00, 0xF8, 0x00, 0x1B, 0xFF, 0xD0, 0x02, 0xF0, 0x7F, 0x00,
    0x2F, 0x00, 0xFC, 0x01, 0xF8, 0x03, 0xE0, 0x0F, 0xC0, 0x1F, 0x40, 0x3F, 0x00, 0xBC, 0x01, 0xF8,
    0x03, 0xF0, 0x07, 0xD0, 0x0F, 0x8D, 0x0F, 0x40, 0x7D, 0x30, 0x2E, 0x0B, 0xF2, 0x80, 0x1F, 0xE1,
    0xF8, 0x00, 0x00, 0x01, 0xFF, 0xFF, 0xFD, 0x00, 0x00, 0x00, 0x00, 0x00, 0x00, 0x00, 0x00, 0x00,
    0x00, 0x00, 0x00, 0x00, 0x00, 0x00, 0x00, 0x7F, 0xFF, 0xFF, 0xFC, 0x00, 0x03, 0xF8, 0x00, 0xBC,
    0x00, 0x03, 0xF0, 0x00, 0x3C, 0x00, 0x07, 0xF0, 0x00, 0x38, 0x00, 0x0B, 0xF0, 0x00, 0x38, 0x00,
    0x0F, 0xE0, 0x30, 0x34, 0x00, 0x0F, 0xD0, 0xB0, 0x00, 0x00, 0x1F, 0xC1, 0xE0, 0x00, 0x00, 0x2F,
    0xFF, 0xD0, 0x00, 0x00, 0x3F, 0x82, 0xC0, 0x00, 0x00, 0x3F, 0x41, 0xC0, 0x20, 0x00, 0x7F, 0x01,
    0x80, 0xE0, 0x00, 0xBF, 0x00, 0x01, 0xD0, 0x00, 0xFE, 0x00, 0x03, 0xC0, 0x00, 0xFD, 0x00, 0x0B,
    0x40, 0x02, 0xFC, 0x00, 0x7F, 0x00, 0x3F, 0xFF, 0xFF, 0xFD, 0x00, 0x00, 0xBF, 0xFF, 0xE0, 0x00,
    0x00, 0x00, 0x00, 0x00, 0x00, 0x00, 0x00, 0x00, 0x00, 0x00, 0x2F, 0xE0, 0x00, 0x1F, 0x43, 0xC0,
    0x0B, 0xC0, 0x1D, 0x01, 0xF8, 0x02, 0xC0, 0x3F, 0x01, 0xF4, 0x03, 0xFF, 0xF8, 0x00, 0x3E, 0x00,
    0x00, 0x07, 0xD0, 0x00, 0x00, 0x3D, 0x00, 0x0C, 0x01, 0xF0, 0x1B, 0x80, 0x06, 0xFF, 0x80, 0x00,
    0x00, 0x00, 0x00, 0x7C, 0x00, 0x00, 0x00, 0x00, 0xFD, 0x00, 0x00, 0x00, 0x00, 0xFD, 0x00, 0x00,
    0x00, 0x00, 0xB4, 0x00, 0x00, 0x00, 0x00, 0x00, 0x00, 0x00, 0x00, 0x00, 0x00, 0x00, 0x00, 0x7F,
    0xFF, 0xFF, 0xFC, 0x00, 0x03, 0xF8, 0x00, 0xBC, 0x00, 0x03, 0xF0, 0x00, 0x3C, 0x00, 0x07, 0xF0,
    0x00, 0x38, 0x00, 0x0B, 0xF0, 0x00, 0x38, 0x00, 0x0F, 0xE0, 0x30, 0x34, 0x00, 0x0F, 0xD0, 0xB0,
    0x00, 0x00, 0x1F, 0xC1, 0xE0, 0x00, 0x00, 0x2F, 0xFF, 0xD0, 0x00, 0x00, 0x3F, 0x82, 0xC0, 0x00,
    0x00, 0x3F, 0x41, 0xC0, 0x20, 0x00, 0x7F, 0x01, 0x80, 0xE0, 0x00, 0xBF, 0x00, 0x01, 0xD0, 0x00,
    0xFE, 0x00, 0x03, 0xC0, 0x00, 0xFD, 0x00, 0x0B, 0x40, 0x02, 0xFC, 0x00, 0x7F, 0x00, 0x3F, 0xFF,
    0xFF, 0xFD, 0x00, 0x00, 0x00, 0xB4, 0x00, 0x02, 0xFC, 0x00, 0x02, 0xF8, 0x00, 0x01, 0xF0, 0x00,
    0x00, 0x00, 0x00, 0x00, 0x00, 0x00, 0x2F, 0xE0, 0x01, 0xF4, 0x3C, 0x0B, 0xC0, 0x1D, 0x1F, 0x80,
    0x2C, 0x3F, 0x01, 0xF4, 0x3F, 0xFF, 0x80, 0x3E, 0x00, 0x00, 0x7D, 0x00, 0x00, 0x3D, 0x00, 0x0C,
    0x1F, 0x01, 0xB8, 0x06, 0xFF, 0x80, 0x00, 0x7F, 0xFF, 0xFF, 0xFC, 0x00, 0x03, 0xF8, 0x00, 0xBC,
    0x00, 0x03, 0xF0, 0x00, 0x3C, 0x00, 0x07, 0xF0, 0x00, 0x38, 0x00, 0x0B, 0xF0, 0x00, 0x38, 0x00,
    0x0F, 0xE0, 0x30, 0x34, 0x00, 0x0F, 0xD0, 0xB0, 0x00, 0x00, 0x1F, 0xC1, 0xE0, 0x00, 0x00, 0x2F,
    0xFF, 0xD0, 0x00, 0x00, 0x3F, 0x82, 0xC0, 0x00, 0x00, 0x3F, 0x41, 0xC0, 0x20, 0x00, 0x7F, 0x01,
    0x80, 0xA0, 0x00, 0xBF, 0x00, 0x00, 0xD0, 0x00, 0xFE, 0x00, 0x03, 0xC0, 0x00, 0xFD, 0x00, 0x0B,
    0x40, 0x02, 0xFC, 0x00, 0x7F, 0x00, 0x3F, 0xFF, 0xFF, 0xFD, 0x00, 0x00, 0x00, 0x07, 0x40, 0x00,
    0x00, 0x00, 0x0E, 0x00, 0x00, 0x00, 0x00, 0x2D, 0x00, 0x00, 0x00, 0x00, 0x2E, 0x30, 0x00, 0x00,
    0x00, 0x0F, 0xD0, 0x00, 0x00, 0x2F, 0xE0, 0x01, 0xF4, 0x3C, 0x0B, 0xC0, 0x1D, 0x1F, 0x80, 0x2C,
    0x3F, 0x01, 0xF4, 0x3F, 0xFF, 0x80, 0x3E, 0x00, 0x00, 0x7D, 0x00, 0x00, 0x3D, 0x00, 0x0C, 0x1F,
    0x01, 0xB8, 0x06, 0xFF, 0x80, 0x00, 0x0D, 0x00, 0x00, 0x3C, 0x00, 0x00, 0x38, 0x00, 0x00, 0x3C,
    0x00, 0x00, 0x2F, 0x80, 0x00, 0x00, 0x1F, 0xFF, 0xC0, 0x00, 0x00, 0x0B, 0xFE, 0x00, 0x00, 0x00,
    0x00, 0xE0, 0x00, 0x00, 0x00, 0x00, 0x00, 0x00, 0x00, 0x00, 0x00, 0x00, 0x00, 0x00, 0x7F, 0xFF,
    0xFF, 0xFC, 0x00, 0x03, 0xF8, 0x00, 0xBC, 0x00, 0x03, 0xF0, 0x00, 0x3C, 0x00, 0x07, 0xF0, 0x00,
    0x3C, 0x00, 0x0B, 0xF0, 0x00, 0x38, 0x00, 0x0F, 0xE0, 0x30, 0x34, 0x00, 0x0F, 0xD0, 0xB0, 0x00,
    0x00, 0x1F, 0xC1, 0xE0, 0x00, 0x00, 0x2F, 0xFF, 0xD0, 0x00, 0x00, 0x3F, 0x82, 0xC0, 0x00, 0x00,
    0x3F, 0x41, 0xC0, 0x20, 0x00, 0x7F, 0x01, 0x80, 0xE0, 0x00, 0xBF, 0x00, 0x01, 0xD0, 0x00, 0xFE,
    0x00, 0x03, 0xC0, 0x00, 0xFD, 0x00, 0x0B, 0x40, 0x02, 0xFC, 0x00, 0x7F, 0x00, 0x3F, 0xFF, 0xFF,
    0xFD, 0x00, 0x00, 0x00, 0x00, 0x00, 0x00, 0xE0, 0x2D, 0x00, 0x07, 0xEF, 0x40, 0x00, 0x2F, 0xC0,
    0x00, 0x00, 0xE0, 0x00, 0x00, 0x00, 0x00, 0x00, 0x2F, 0xE0, 0x00, 0x1F, 0x43, 0xC0, 0x0B, 0xC0,
    0x1D, 0x01, 0xF8, 0x02, 0xC0, 0x3F, 0x01, 0xF4, 0x03, 0xFF, 0xF8, 0x00, 0x3E, 0x00, 0x00, 0x07,
    0xD0, 0x00, 0x00, 0x3D, 0x00, 0x0C, 0x01, 0xF0, 0x1B, 0x80, 0x06, 0xFF, 0x80, 0x00, 0x00, 0x00,
    0x00, 0x40, 0x00, 0x00, 0x00, 0x0F, 0xC0, 0x00, 0x00, 0x01, 0xFB, 0xC0, 0x00, 0x00, 0x2E, 0x03,
    0xC0, 0x00, 0x00, 0x10, 0x01, 0x00, 0x00, 0x00, 0x00, 0x00, 0x00, 0x00, 0x0B, 0xFF, 0x42, 0x80,
    0x07, 0xF4, 0x07, 0xFD, 0x00, 0xBE, 0x00, 0x03, 0xF0, 0x0F, 0xD0, 0x00, 0x0B, 0xC0, 0xBE, 0x00,
    0x00, 0x1E, 0x07, 0xF0, 0x00, 0x00, 0x74, 0x3F, 0x80, 0x00, 0x00, 0x41, 0xFC, 0x00, 0x00, 0x00,
    0x0B, 0xF0, 0x00, 0x00, 0x00, 0x3F, 0x80, 0x00, 0x00, 0x00, 0xFE, 0x00, 0x2F, 0xFF, 0xE3, 0xF4,
    0x00, 0x03, 0xF8, 0x0B, 0xE0, 0x00, 0x0F, 0xD0, 0x1F, 0xC0, 0x00, 0x7F, 0x00, 0x3F, 0x40, 0x03,
    0xFC, 0x00, 0x2F, 0x80, 0x3E, 0xE0, 0x00, 0x0B, 0xFF, 0x41, 0x00, 0x00, 0x00, 0x00, 0x10, 0x00,
    0x00, 0x0F, 0x80, 0x00, 0x07, 0xFD, 0x00, 0x01, 0xF0, 0xF0, 0x00, 0x34, 0x03, 0x40, 0x00, 0x00,
    0x00, 0x00, 0x1B, 0xF1, 0x00, 0x0B, 0xC1, 0xFC, 0x02, 0xF0, 0x0F, 0xC0, 0x7E, 0x00, 0xF8, 0x0F,
    0xC0, 0x1F, 0x40, 0xFC, 0x02, 0xF0, 0x1F, 0x80, 0x3F, 0x01, 0xF4, 0x03, 0xE0, 0x0F, 0x40, 0xBD,
    0x00, 0xB8, 0x2F, 0xC0, 0x01, 0xFE, 0xFC, 0x00, 0x00, 0x0F, 0x80, 0x00, 0x01, 0xF4, 0x03, 0xD0,
    0x3F, 0x00, 0x7C, 0x0F, 0xC0, 0x02, 0xFF, 0x90, 0x00, 0x00, 0x00, 0x20, 0x00, 0xC0, 0x00, 0x00,
    0xD0, 0x09, 0x00, 0x00, 0x00, 0xBF, 0x80, 0x00, 0x00, 0x00, 0x00, 0x00, 0x00, 0x00, 0x00, 0x00,
    0x00, 0x00, 0x06, 0xFF, 0xF5, 0xE0, 0x01, 0xFE, 0x00, 0x7F, 0x40, 0x2F, 0x80, 0x00, 0x3C, 0x03,
    0xF4, 0x00, 0x00, 0xB0, 0x2F, 0x80, 0x00, 0x00, 0x01, 0xFC, 0x00, 0x00, 0x00, 0x0F, 0xE0, 0x00,
    0x00, 0x00, 0x7F, 0x00, 0x00, 0x00, 0x02, 0xFC, 0x00, 0x00, 0x00, 0x0F, 0xE0, 0x00, 0x00, 0x00,
    0x3F, 0x80, 0x0B, 0xFF, 0xF8, 0xFD, 0x00, 0x00, 0xFE, 0x02, 0xF8, 0x00, 0x03, 0xF4, 0x07, 0xF0,
    0x00, 0x1F, 0xC0, 0x0B, 0xD0, 0x00, 0xBF, 0x00, 0x0B, 0xE0, 0x1F, 0xB8, 0x00, 0x02, 0xFF, 0xD0,
    0x50, 0x00, 0x00, 0x00, 0x00, 0x00, 0x01, 0x40, 0x06, 0x00, 0x1C, 0x02, 0xC0, 0x00, 0x7F, 0xD0,
    0x00, 0x00, 0x00, 0x00, 0x00, 0x00, 0x00, 0x00, 0x1B, 0xF1, 0x00, 0x0B, 0xC1, 0xFC, 0x02, 0xF0,
    0x0F, 0xC0, 0x7E, 0x00, 0xF8, 0x0F, 0xC0, 0x1F, 0x40, 0xFC, 0x02, 0xF0, 0x1F, 0x80, 0x3F, 0x01,
    0xF4, 0x03, 0xE0, 0x0F, 0x40, 0xBD, 0x00, 0xB8, 0x2F, 0xC0, 0x01, 0xFE, 0xFC, 0x00, 0x00, 0x0F,
    0x80, 0x00, 0x01, 0xF4, 0x03, 0xD0, 0x3F, 0x00, 0x7C, 0x0F, 0xC0, 0x02, 0xFF, 0x90, 0x00, 0x00,
    0x00, 0x01, 0xF0, 0x00, 0x00, 0x00, 0x0F, 0xD0, 0x00, 0x00, 0x00, 0x7F, 0x00, 0x00, 0x00, 0x00,
    0xF4, 0x00, 0x00, 0x00, 0x00, 0x00, 0x00, 0x00, 0x00, 0x00, 0x00, 0x00, 0x00, 0x0B, 0xFF, 0x42,
    0x80, 0x07, 0xF4, 0x07, 0xFD, 0x00, 0xBE, 0x00, 0x03, 0xF0, 0x0F, 0xD0, 0x00, 0x0B, 0xC0, 0xBE,
    0x00, 0x00, 0x1E, 0x07, 0xF0, 0x00, 0x00, 0x74, 0x3F, 0x80, 0x00, 0x00, 0x41, 0xFC, 0x00, 0x00,
    0x00, 0x0B, 0xF0, 0x00, 0x00, 0x00, 0x3F, 0x80, 0x00, 0x00, 0x00, 0xFE, 0x00, 0x2F, 0xFF, 0xE3,
    0xF4, 0x00, 0x03, 0xF8, 0x0B, 0xE0, 0x00, 0x0F, 0xD0, 0x1F, 0xC0, 0x00, 0x7F, 0x00, 0x3F, 0x40,
    0x02, 0xFC, 0x00, 0x2F, 0x80, 0x3E, 0xE0, 0x00, 0x0B, 0xFF, 0x41, 0x40, 0x00, 0x00, 0x00, 0x78,
    0x00, 0x00, 0x1F, 0xC0, 0x00, 0x01, 0xFC, 0x00, 0x00, 0x0F, 0x40, 0x00, 0x00, 0x00, 0x00, 0x00,
    0x00, 0x00, 0x00, 0x1B, 0xF1, 0x00, 0x0B, 0xC1, 0xFC, 0x02, 0xF0, 0x0F, 0xC0, 0x7E, 0x00, 0xF8,
    0x0F, 0xC0, 0x1F, 0x40, 0xFC, 0x02, 0xF0, 0x1F, 0x80, 0x3F, 0x01, 0xF4, 0x03, 0xE0, 0x0F, 0x40,
    0xBD, 0x00, 0xB8, 0x2F, 0xC0, 0x01, 0xFE, 0xFC, 0x00, 0x00, 0x0F, 0x80, 0x00, 0x01, 0xF4, 0x03,
    0xD0, 0x3F, 0x00, 0x7C, 0x0F, 0xC0, 0x02, 0xFF, 0x90, 0x00, 0x00, 0x00, 0x00, 0x01, 0x00, 0x00,
    0x00, 0x00, 0x00, 0x03, 0xF0, 0x00, 0x00, 0x00, 0x00, 0x0B, 0xEF, 0x00, 0x00, 0x00, 0x00, 0x0B,
    0x81, 0xE0, 0x00, 0x00, 0x00, 0x01, 0x00, 0x00, 0x00, 0x00, 0x00, 0x00, 0x00, 0x00, 0x00, 0x00,
    0x07, 0xFF, 0xFD, 0x2F, 0xFF, 0xF0, 0x00, 0x0F, 0xE0, 0x00, 0x7F, 0x00, 0x00, 0x03, 0xF0, 0x00,
    0x2F, 0xC0, 0x00, 0x01, 0xFC, 0x00, 0x0F, 0xE0, 0x00, 0x00, 0xBF, 0x00, 0x03, 0xF4, 0x00, 0x00,
    0x3F, 0x80, 0x01, 0xFC, 0x00, 0x00, 0x0F, 0xD0, 0x00, 0xBF, 0x00, 0x00, 0x07, 0xF0, 0x00, 0x3F,
    0x80, 0x00, 0x02, 0xFF, 0xFF, 0xFF, 0xD0, 0x00, 0x00, 0xFE, 0x00, 0x07, 0xF0, 0x00, 0x00, 0x3F,
    0x40, 0x02, 0xFC, 0x00, 0x00, 0x1F, 0xC0, 0x00, 0xFE, 0x00, 0x00, 0x0B, 0xF0, 0x00, 0x3F, 0x40,
    0x00, 0x03, 0xF8, 0x00, 0x1F, 0xC0, 0x00, 0x00, 0xFD, 0x00, 0x0B, 0xF0, 0x00, 0x00, 0x7F, 0x00,
    0x03, 0xF8, 0x00, 0x03, 0xFF, 0xFD, 0x2F, 0xFF, 0xF0, 0x00, 0x00, 0x00, 0x00, 0x00, 0x00, 0x00,
    0x7C, 0x00, 0x00, 0x0B, 0xFC, 0x00, 0x00, 0xF4, 0x78, 0x00, 0x0B, 0x00, 0xB0, 0x00, 0x00, 0x00,
    0x00, 0x3F, 0xD0, 0x00, 0x00, 0x2F, 0x00, 0x00, 0x00, 0xFC, 0x00, 0x00, 0x03, 0xE0, 0x00, 0x00,
    0x1F, 0x40, 0x00, 0x00, 0xBC, 0x00, 0x00, 0x03, 0xF7, 0xFD, 0x00, 0x0F, 0xF4, 0x3D, 0x00, 0x7F,
    0x00, 0xF8, 0x02, 0xF0, 0x03, 0xE0, 0x0F, 0xC0, 0x1F, 0x40, 0x3E, 0x00, 0xBC, 0x01, 0xF4, 0x03,
    0xE0, 0x0B, 0xC0, 0x1F, 0x0D, 0x3F, 0x00, 0xFC, 0x70, 0xF8, 0x02, 0xE3, 0x43, 0xC0, 0x02, 0xF4,
    0x00, 0x00, 0x3F, 0xFF, 0xF4, 0x00, 0x00, 0x00, 0x00, 0x00, 0x00, 0x00, 0x00, 0x1F, 0xFF, 0xF4,
    0x00, 0x03, 0xF4, 0x00, 0x00, 0x0F, 0xC0, 0x00, 0x00, 0x7F, 0x00, 0x00, 0x02, 0xF8, 0x00, 0x00,
    0x0F, 0xD0, 0x00, 0x00, 0x3F, 0x00, 0x00, 0x01, 0xFC, 0x00, 0x00, 0x0B, 0xE0, 0x00, 0x00, 0x3F,
    0x40, 0x00, 0x00, 0xFD, 0x00, 0x00, 0x07, 0xF0, 0x00, 0x00, 0x2F, 0xC0, 0x00, 0x00, 0xFE, 0x00,
    0x00, 0x03, 0xF4, 0x00, 0x00, 0x1F, 0xC0, 0x00, 0x1F, 0xFF, 0xF4, 0x00, 0x07, 0xFF, 0xFF, 0x00,
    0x00, 0x00, 0x00, 0x00, 0x00, 0x00, 0x00, 0x00, 0x02, 0xF4, 0x00, 0x0E, 0x3C, 0x00, 0x2C, 0x7D,
    0x00, 0x34, 0xBC, 0x00, 0x00, 0xF8, 0x00, 0x02, 0xF0, 0x00, 0x03, 0xE0, 0x00, 0x07, 0xD2, 0x80,
    0x0B, 0xC3, 0x00, 0x0B, 0x8E, 0x00, 0x02, 0xF4, 0x00, 0x00, 0x00, 0x2E, 0x00, 0x00, 0x07, 0xF0,
    0x00, 0x00, 0xBF, 0x00, 0x00, 0x07, 0xC0, 0x00, 0x00, 0x00, 0x00, 0x00, 0x00, 0x00, 0x00, 0x7F,
    0xFF, 0xD0, 0x00, 0x3F, 0x40, 0x00, 0x03, 0xF0, 0x00, 0x00, 0x7F, 0x00, 0x00, 0x0B, 0xE0, 0x00,
    0x00, 0xFD, 0x00, 0x00, 0x0F, 0xC0, 0x00, 0x01, 0xFC, 0x00, 0x00, 0x2F, 0x80, 0x00, 0x03, 0xF4,
    0x00, 0x00, 0x3F, 0x40, 0x00, 0x07, 0xF0, 0x00, 0x00, 0xBF, 0x00, 0x00, 0x0F, 0xE0, 0x00, 0x00,
    0xFD, 0x00, 0x00, 0x1F, 0xC0, 0x00, 0x7F, 0xFF, 0xD0, 0x00, 0x02, 0xF4, 0x03, 0x8F, 0x02, 0xC7,
    0xD0, 0xD2, 0xF0, 0x00, 0xF8, 0x00, 0xBC, 0x00, 0x3E, 0x00, 0x1F, 0x4A, 0x0B, 0xC3, 0x02, 0xE3,
    0x80, 0x2F, 0x40, 0x00, 0x00, 0x00, 0x10, 0x00, 0x00, 0x00, 0x0B, 0xC0, 0x00, 0x00, 0x07, 0xEF,
    0x00, 0x00, 0x01, 0xE0, 0x3C, 0x00, 0x00, 0x04, 0x00, 0x40, 0x00, 0x00, 0x00, 0x00, 0x00, 0x01,
    0xFF, 0xFF, 0x00, 0x00, 0x00, 0x7F, 0x00, 0x00, 0x00, 0x0B, 0xE0, 0x00, 0x00, 0x00, 0xFD, 0x00,
    0x00, 0x00, 0x0F, 0xC0, 0x00, 0x00, 0x01, 0xFC, 0x00, 0x00, 0x00, 0x2F, 0x80, 0x00, 0x00, 0x03,
    0xF4, 0x00, 0x00, 0x00, 0x3F, 0x00, 0x00, 0x00, 0x07, 0xF0, 0x00, 0x00, 0x00, 0xBE, 0x00, 0x00,
    0x00, 0x0F, 0xD0, 0x00, 0x1F, 0x00, 0xFC, 0x00, 0x03, 0xF4, 0x2F, 0xC0, 0x00, 0x3F, 0x03, 0xF0,
    0x00, 0x03, 0xD0, 0xFD, 0x00, 0x00, 0x0B, 0xFE, 0x00, 0x00, 0x00, 0x00, 0x00, 0x00, 0x00, 0x00,
    0x00, 0x04, 0x00, 0x00, 0x02, 0xF0, 0x00, 0x00, 0xFB, 0xC0, 0x00, 0x3D, 0x2E, 0x00, 0x0B, 0x00,
    0xB0, 0x00, 0x00, 0x00, 0x00, 0x1F, 0xD0, 0x00, 0x0B, 0x4F, 0x00, 0x01, 0xC1, 0xF4, 0x00, 0x34,
    0x2F, 0x00, 0x00, 0x03, 0xF0, 0x00, 0x00, 0x3E, 0x00, 0x00, 0x07, 0xD0, 0x00, 0x00, 0xBC, 0x00,
    0x00, 0x0F, 0xC0, 0x00, 0x00, 0xF8, 0x00, 0x00, 0x1F, 0x40, 0x00, 0x02, 0xF0, 0x00, 0x00, 0x3F,
    0x00, 0x07, 0xC7, 0xD0, 0x00, 0xBD, 0xF4, 0x00, 0x03, 0xF8, 0x00, 0x00, 0x00, 0x00, 0x1F, 0x00,
    0x00, 0x00, 0x7F, 0xC0, 0x00, 0x00, 0x7F, 0x90, 0x00, 0x00, 0x00, 0x00, 0x00, 0x00, 0x00, 0x00,
    0x00, 0x00, 0x0F, 0xFF, 0xFC, 0x00, 0x00, 0x3F, 0x40, 0x00, 0x00, 0x0F, 0xC0, 0x00, 0x00, 0x07,
    0xF0, 0x00, 0x00, 0x02, 0xF8, 0x00, 0x00, 0x00, 0xFD, 0x00, 0x00, 0x00, 0x3F, 0x00, 0x00, 0x00,
    0x1F, 0xC0, 0x00, 0x00, 0x0B, 0xE0, 0x00, 0x00, 0x03, 0xF4, 0x00, 0x00, 0x00, 0xFC, 0x00, 0x08,
    0x00, 0x7F, 0x00, 0x0B, 0x00, 0x2F, 0x80, 0x03, 0x40, 0x0F, 0xD0, 0x02, 0xC0, 0x03, 0xF4, 0x01,
    0xF0, 0x02, 0xFC, 0x06, 0xF4, 0x1F, 0xFF, 0xFF, 0xFC, 0x00, 0x00, 0x00, 0x00, 0x00, 0x07, 0xE0,
    0x01, 0xFF, 0x80, 0x0F, 0xE4, 0x00, 0x00, 0x00, 0x00, 0x00, 0x00, 0xFF, 0x40, 0x00, 0xBC, 0x00,
    0x03, 0xF0, 0x00, 0x0F, 0x80, 0x00, 0x7D, 0x00, 0x02, 0xF0, 0x00, 0x0F, 0xC0, 0x00, 0x3E, 0x00,
    0x01, 0xF4, 0x00, 0x0B, 0xC0, 0x00, 0x3F, 0x00, 0x00, 0xF8, 0x00, 0x07, 0xD0, 0x00, 0x2F, 0x0C,
    0x00, 0xBC, 0xB0, 0x01, 0xF3, 0x40, 0x02, 0xF4, 0x00, 0x00, 0x00, 0x00, 0x00, 0x0F, 0x00, 0x00,
    0x00, 0x0F, 0xE0, 0x00, 0x00, 0x03, 0xFC, 0x00, 0x00, 0x00, 0xFE, 0x00, 0x7F, 0xFF, 0xF2, 0x40,
    0x00, 0xFD, 0x02, 0xC0, 0x00, 0x3F, 0x03, 0x80, 0x00, 0x1F, 0xC0, 0x40, 0x00, 0x0B, 0xE0, 0x00,
    0x00, 0x03, 0xF4, 0x00, 0x00, 0x00, 0xFC, 0x00, 0x00, 0x00, 0x7F, 0x00, 0x00, 0x00, 0x2F, 0x80,
    0x00, 0x00, 0x0F, 0xD0, 0x00, 0x00, 0x03, 0xF0, 0x00, 0x20, 0x01, 0xFC, 0x00, 0x2C, 0x00, 0xBE,
    0x00, 0x0D, 0x00, 0x3F, 0x40, 0x0B, 0x00, 0x0F, 0xD0, 0x07, 0xC0, 0x0B, 0xF0, 0x1B, 0xD0, 0x7F,
    0xFF, 0xFF, 0xF0, 0x00, 0x00, 0x00, 0x78, 0x00, 0x00, 0xFC, 0x0F, 0xF5, 0xFD, 0x02, 0xF0, 0xFC,
    0x03, 0xF0, 0x18, 0x03, 0xE0, 0x70, 0x07, 0xD2, 0x80, 0x0B, 0xC0, 0x00, 0x0F, 0xC0, 0x00, 0x0F,
    0x80, 0x00, 0x1F, 0x40, 0x00, 0x2F, 0x00, 0x00, 0x3F, 0x00, 0x00, 0x3E, 0x00, 0x00, 0x7D, 0x00,
    0x00, 0xBC, 0x30, 0x00, 0xBC, 0xB0, 0x00, 0x7C, 0xD0, 0x00, 0x2F, 0x40, 0x00, 0x00, 0x3F, 0xFF,
    0xF0, 0x00, 0x00, 0xFD, 0x00, 0x00, 0x00, 0x3F, 0x00, 0x00, 0x00, 0x1F, 0xC0, 0xC0, 0x00, 0x0B,
    0xE2, 0xE0, 0x00, 0x03, 0xFB, 0xC0, 0x00, 0x00, 0xFF, 0x80, 0x00, 0x00, 0x7F, 0x40, 0x00, 0x00,
    0x3F, 0x80, 0x00, 0x00, 0x3F, 0xD0, 0x00, 0x00, 0x7F, 0xF0, 0x00, 0x20, 0x11, 0xFC, 0x00, 0x2C,
    0x00, 0xBF, 0x00, 0x0D, 0x00, 0x3F, 0x80, 0x0B, 0x00, 0x0F, 0xD0, 0x07, 0xC0, 0x0B, 0xF0, 0x1B,
    0xD0, 0x7F, 0xFF, 0xFF, 0xF0, 0x00, 0x02, 0xFE, 0x00, 0x0F, 0x80, 0x07, 0xD0, 0x02, 0xF0, 0x00,
    0xFC, 0x00, 0x3E, 0xA0, 0x1F, 0xE0, 0x0B, 0xD0, 0x07, 0xF0, 0x0B, 0xF8, 0x01, 0xBD, 0x00, 0x2F,
    0x00, 0x0F, 0xC0, 0x03, 0xE3, 0x41, 0xF4, 0xC0, 0x3C, 0xA0, 0x07, 0xE0, 0x00, 0x00, 0x00, 0x00,
    0x01, 0xF0, 0x00, 0x00, 0x00, 0x00, 0x07, 0xFC, 0x00, 0x00, 0x00, 0x00, 0x07, 0xF8, 0x00, 0x00,
    0x00, 0x00, 0x00, 0x00, 0x00, 0x00, 0x00, 0x00, 0x00, 0x00, 0x00, 0x00, 0x00, 0x0F, 0xFF, 0x00,
    0x0F, 0xFF, 0xC0, 0x00, 0x3F, 0xD0, 0x00, 0x2D, 0x00, 0x00, 0x0F, 0xFC, 0x00, 0x0F, 0x00, 0x00,
    0x07, 0x3F, 0x80, 0x03, 0x80, 0x00, 0x02, 0xCB, 0xF0, 0x01, 0xD0, 0x00, 0x00, 0xE0, 0xFE, 0x00,
    0xB0, 0x00, 0x00, 0x34, 0x2F, 0xC0, 0x3C, 0x00, 0x00, 0x1C, 0x03, 0xF8, 0x0E, 0x00, 0x00, 0x0B,
    0x00, 0xBF, 0x07, 0x40, 0x00, 0x03, 0x80, 0x0F, 0xE2, 0xC0, 0x00, 0x00, 0xD0, 0x01, 0xFC, 0xF0,
    0x00, 0x00, 0x70, 0x00, 0x3F, 0xF8, 0x00, 0x00, 0x2C, 0x00, 0x07, 0xFD, 0x00, 0x00, 0x0E, 0x00,
    0x00, 0xFF, 0x00, 0x00, 0x03, 0x40, 0x00, 0x1F, 0xC0, 0x00, 0x02, 0xD0, 0x00, 0x03, 0xE0, 0x00,
    0x1F, 0xFF, 0x40, 0x00, 0x70, 0x00, 0x00, 0x00, 0x00, 0x01, 0xF0, 0x00, 0x00, 0x07, 0xFC, 0x00,
    0x00, 0x07, 0xFD, 0x00, 0x00, 0x00, 0x00, 0x00, 0x00, 0x00, 0x00, 0x00, 0x01, 0xF8, 0x1F, 0xE0,
    0x00, 0xDB, 0xB8, 0x2E, 0x00, 0xB2, 0xF8, 0x07, 0xC0, 0x34, 0xFC, 0x02, 0xF0, 0x04, 0x3E, 0x00,
    0xFC, 0x00, 0x1F, 0x40, 0x3E, 0x00, 0x0B, 0xC0, 0x1F, 0x40, 0x03, 0xF0, 0x0F, 0xC0, 0x00, 0xF8,
    0x03, 0xE1, 0xC0, 0x7D, 0x01, 0xF4, 0xE0, 0x2F, 0x00, 0x3C, 0xB0, 0x07, 0x80, 0x07, 0xE0, 0x00,
    0x00, 0x00, 0x00, 0xFF, 0xFD, 0x00, 0x00, 0x00, 0x00, 0x1F, 0xFD, 0x00, 0x00, 0x00, 0x00, 0x00,
    0xB4, 0x00, 0x00, 0x00, 0x00, 0x00, 0x00, 0x00, 0x00, 0x00, 0x00, 0x00, 0x00, 0x00, 0x00, 0x00,
    0x0F, 0xFF, 0x00, 0x0F, 0xFF, 0xC0, 0x00, 0x3F, 0xD0, 0x00, 0x2D, 0x00, 0x00, 0x0F, 0xFC, 0x00,
    0x0F, 0x00, 0x00, 0x07, 0x3F, 0x80, 0x03, 0x80, 0x00, 0x02, 0xCB, 0xF0, 0x01, 0xD0, 0x00, 0x00,
    0xE0, 0xFE, 0x00, 0xB0, 0x00, 0x00, 0x34, 0x2F, 0xC0, 0x3C, 0x00, 0x00, 0x1C, 0x03, 0xF8, 0x0E,
    0x00, 0x00, 0x0B, 0x00, 0xBF, 0x07, 0x40, 0x00, 0x03, 0x80, 0x0F, 0xE2, 0xC0, 0x00, 0x00, 0xD0,
    0x01, 0xFC, 0xF0, 0x00, 0x00, 0x70, 0x00, 0x3F, 0xF8, 0x00, 0x00, 0x2C, 0x00, 0x07, 0xFD, 0x00,
    0x00, 0x0E, 0x00, 0x00, 0xFF, 0x00, 0x00, 0x03, 0x40, 0x00, 0x1F, 0xC0, 0x00, 0x02, 0xD0, 0x00,
    0x03, 0xE0, 0x00, 0x1F, 0xFF, 0x40, 0x00, 0x70, 0x00, 0x00, 0x00, 0x00, 0x00, 0x00, 0x00, 0x02,
    0xC0, 0x7C, 0x00, 0x00, 0x3E, 0xF8, 0x00, 0x00, 0x07, 0xF4, 0x00, 0x00, 0x00, 0xB4, 0x00, 0x00,
    0x00, 0x00, 0x00, 0x00, 0x7E, 0x07, 0xF8, 0x00, 0x32, 0xEE, 0x0B, 0xC0, 0x28, 0xFD, 0x01, 0xF0,
    0x0D, 0x3F, 0x00, 0xBC, 0x00, 0x1F, 0x40, 0x3F, 0x00, 0x0B, 0xC0, 0x1F, 0x40, 0x03, 0xF0, 0x0B,
    0xC0, 0x00, 0xF8, 0x03, 0xE1, 0xC0, 0x7D, 0x01, 0xF4, 0xE0, 0x2F, 0x00, 0x3C, 0xB0, 0x07, 0x80,
    0x07, 0xE0, 0x00, 0x00, 0x00, 0x00, 0xB4, 0x78, 0x00, 0x00, 0x2F, 0xFF, 0xE0, 0x00, 0x03, 0xEB,
    0xE9, 0x00, 0x00, 0x00, 0x00, 0x00, 0x00, 0x00, 0x00, 0x00, 0x00, 0x00, 0x01, 0xBF, 0xE4, 0x00,
    0x00, 0x7E, 0x01, 0xF8, 0x00, 0x0B, 0xC0, 0x00, 0xF8, 0x00, 0xFC, 0x00, 0x03, 0xF0, 0x0B, 0xD0,
    0x00, 0x0B, 0xD0, 0x7F, 0x00, 0x00, 0x2F, 0x83, 0xF8, 0x00, 0x00, 0xFE, 0x1F, 0xC0, 0x00, 0x03,
    0xF4, 0xBF, 0x00, 0x00, 0x1F, 0xD3, 0xF8, 0x00, 0x00, 0xBF, 0x0F, 0xE0, 0x00, 0x03, 0xF8, 0x3F,
    0x40, 0x00, 0x1F, 0xC0, 0xFD, 0x00, 0x00, 0xFD, 0x02, 0xF8, 0x00, 0x0B, 0xE0, 0x03, 0xF0, 0x00,
    0xBD, 0x00, 0x07, 0xF4, 0x1F, 0xC0, 0x00, 0x01, 0xFF, 0xE4, 0x00, 0x00, 0x00, 0x00, 0xB8, 0x7C,
    0x00, 0x07, 0xFF, 0xFD, 0x00, 0x1F, 0xFF, 0xF8, 0x00, 0x00, 0x00, 0x00, 0x00, 0x00, 0x00, 0x00,
    0x00, 0x2F, 0xF8, 0x00, 0x01, 0xF4, 0x2F, 0x00, 0x07, 0xD0, 0x0F, 0x80, 0x0F, 0x80, 0x0F, 0xC0,
    0x2F, 0x40, 0x0F, 0xC0, 0x3F, 0x00, 0x0F, 0xC0, 0x3E, 0x00, 0x1F, 0x80, 0x7E, 0x00, 0x3F, 0x00,
    0x7D, 0x00, 0x3E, 0x00, 0x3E, 0x00, 0xFC, 0x00, 0x1F, 0x03, 0xE0, 0x00, 0x02, 0xFE, 0x40, 0x00,
    0x00, 0x00, 0x6F, 0xFF, 0xFF, 0xFF, 0xE0, 0x00, 0xBE, 0x01, 0xFD, 0x00, 0x7E, 0x00, 0x3F, 0x00,
    0x0F, 0xC0, 0x01, 0xD0, 0x0F, 0xC0, 0x00, 0xFC, 0x00, 0x0D, 0x03, 0xF0, 0x00, 0x1F, 0x80, 0x00,
    0xD0, 0xBD, 0x00, 0x02, 0xF4, 0x03, 0x4C, 0x0F, 0xC0, 0x00, 0x3F, 0x00, 0x70, 0x02, 0xF8, 0x00,
    0x03, 0xF0, 0x1F, 0x00, 0x3F, 0x40, 0x00, 0x7F, 0xFF, 0xE0, 0x07, 0xF0, 0x00, 0x0B, 0xD0, 0x2D,
    0x00, 0x7F, 0x00, 0x00, 0xFC, 0x01, 0xC0, 0x07, 0xF0, 0x00, 0x0F, 0xC0, 0x18, 0x34, 0x7F, 0x00,
    0x01, 0xF8, 0x00, 0x07, 0x03, 0xF0, 0x00, 0x3F, 0x40, 0x00, 0xE0, 0x2F, 0x80, 0x07, 0xF0, 0x00,
    0x3C, 0x00, 0xBE, 0x01, 0xFF, 0x00, 0x1F, 0x80, 0x00, 0xBF, 0xFF, 0xFF, 0xFF, 0xF0, 0x00, 0x00,
    0x2F, 0xD0, 0x2F, 0x90, 0x07, 0xC2, 0xDB, 0xD2, 0xC0, 0x7C, 0x03, 0xF8, 0x03, 0x83, 0xE0, 0x0F,
    0xC0, 0x0E, 0x2F, 0x40, 0x3E, 0x00, 0xB4, 0xFC, 0x01, 0xF4, 0x1B, 0x83, 0xF0, 0x0B, 0xFF, 0xE0,
    0x1F, 0x80, 0x3F, 0x00, 0x00, 0x7D, 0x01, 0xF8, 0x00, 0x01, 0xF4, 0x0F, 0xF0, 0x01, 0x83, 0xE0,
    0xFB, 0xD0, 0x7D, 0x01, 0xFE, 0x01, 0xBE, 0x40, 0x00, 0x00, 0x00, 0x02, 0xE0, 0x00, 0x00, 0x00,
    0x07, 0xFC, 0x00, 0x00, 0x00, 0x0B, 0xF8, 0x00, 0x00, 0x00, 0x00, 0x40, 0x00, 0x00, 0x00, 0x00,
    0x00, 0x00, 0x00, 0x0F, 0xFF, 0xFF, 0xE0, 0x00, 0x00, 0x3F, 0x40, 0x2F, 0x80, 0x00, 0x0F, 0xC0,
    0x03, 0xF4, 0x00, 0x07, 0xF0, 0x00, 0xFE, 0x00, 0x02, 0xF8, 0x00, 0x3F, 0x40, 0x00, 0xFD, 0x00,
    0x1F, 0xC0, 0x00, 0x3F, 0x00, 0x0F, 0xD0, 0x00, 0x1F, 0xC0, 0x1F, 0xD0, 0x00, 0x0B, 0xFF, 0xFF,
    0x40, 0x00, 0x03, 0xF4, 0x07, 0xF0, 0x00, 0x00, 0xFC, 0x00, 0xFD, 0x00, 0x00, 0x7F, 0x00, 0x3F,
    0x80, 0x00, 0x2F, 0x80, 0x0F, 0xD0, 0x00, 0x0F, 0xD0, 0x07, 0xF4, 0x00, 0x03, 0xF0, 0x01, 0xFC,
    0x0C, 0x01, 0xFC, 0x00, 0x7F, 0x0B, 0x0F, 0xFF, 0xF0, 0x06, 0xFE, 0x00, 0x00, 0x00, 0x1F, 0x00,
    0x00, 0x7F, 0xC0, 0x00, 0x3F, 0xE0, 0x00, 0x00, 0x00, 0x00, 0x00, 0x00, 0x01, 0xF8, 0x3F, 0x80,
    0xDB, 0xF4, 0x7C, 0xA2, 0xF4, 0x3F, 0x34, 0xFC, 0x0F, 0x40, 0x3E, 0x00, 0x00, 0x1F, 0x40, 0x00,
    0x0B, 0xC0, 0x00, 0x03, 0xF0, 0x00, 0x00, 0xF8, 0x00, 0x00, 0x7D, 0x00, 0x00, 0x2F, 0x00, 0x00,
    0x07, 0x40, 0x00, 0x00, 0x00, 0x00, 0x0F, 0xFF, 0xE0, 0x00, 0x00, 0x00, 0xFF, 0xD0, 0x00, 0x00,
    0x00, 0x0B, 0x40, 0x00, 0x00, 0x00, 0x00, 0x00, 0x00, 0x00, 0x00, 0x00, 0x00, 0x00, 0x00, 0x0F,
    0xFF, 0xFF, 0xE0, 0x00, 0x00, 0x3F, 0x40, 0x2F, 0x80, 0x00, 0x0F, 0xC0, 0x03, 0xF4, 0x00, 0x07,
    0xF0, 0x00, 0xFE, 0x00, 0x02, 0xF8, 0x00, 0x3F, 0x40, 0x00, 0xFD, 0x00, 0x1F, 0xC0, 0x00, 0x3F,
    0x00, 0x0F, 0xD0, 0x00, 0x1F, 0xC0, 0x1F, 0xD0, 0x00, 0x0B, 0xFF, 0xFF, 0x40, 0x00, 0x03, 0xF4,
    0x07, 0xF0, 0x00, 0x00, 0xFC, 0x00, 0xFD, 0x00, 0x00, 0x7F, 0x00, 0x3F, 0x80, 0x00, 0x2F, 0x80,
    0x0F, 0xD0, 0x00, 0x0F, 0xD0, 0x07, 0xF4, 0x00, 0x03, 0xF0, 0x01, 0xFC, 0x0C, 0x01, 0xFC, 0x00,
    0x7F, 0x0B, 0x0F, 0xFF, 0xF0, 0x06, 0xFE, 0x00, 0x00, 0x00, 0x00, 0x00, 0x2C, 0x07, 0xC0, 0x03,
    0xEF, 0x80, 0x00, 0x3F, 0x40, 0x00, 0x07, 0x40, 0x00, 0x00, 0x00, 0x00, 0x7E, 0x1F, 0xE0, 0x36,
    0xFD, 0x1F, 0x28, 0xBC, 0x0F, 0xCD, 0x3E, 0x03, 0xD0, 0x0F, 0x40, 0x00, 0x07, 0xC0, 0x00, 0x03,
    0xF0, 0x00, 0x00, 0xF8, 0x00, 0x00, 0x7D, 0x00, 0x00, 0x2F, 0x00, 0x00, 0x07, 0x80, 0x00, 0x00,
    0x00, 0x00, 0x02, 0xD0, 0x00, 0x00, 0x1F, 0xE0, 0x00, 0x00, 0xFF, 0xC0, 0x00, 0x00, 0xA4, 0x00,
    0x00, 0x00, 0x00, 0x00, 0x00, 0x02, 0xFE, 0x49, 0x00, 0x2E, 0x02, 0xFD, 0x00, 0xB8, 0x00, 0xBC,
    0x00, 0xF0, 0x00, 0x3C, 0x02, 0xF0, 0x00, 0x38, 0x03, 0xF4, 0x00, 0x30, 0x02, 0xFE, 0x50, 0x00,
    0x01, 0xFF, 0xFE, 0x00, 0x00, 0xBF, 0xFF, 0x80, 0x00, 0x0B, 0xFF, 0xC0, 0x00, 0x00, 0x1F, 0xD0,
    0x1C, 0x00, 0x07, 0xD0, 0x3C, 0x00, 0x07, 0xC0, 0x3C, 0x00, 0x0B, 0x80, 0x7D, 0x00, 0x0F, 0x00,
    0xBF, 0x40, 0x7C, 0x00, 0xA1, 0xBF, 0x90, 0x00, 0x00, 0x00, 0x7C, 0x00, 0x07, 0xFC, 0x00, 0x1F,
    0xF4, 0x00, 0x00, 0x00, 0x00, 0x00, 0x00, 0x00, 0xBF, 0x80, 0x03, 0xC0, 0xF0, 0x07, 0x01, 0xF0,
    0x0F, 0x41, 0xE0, 0x0F, 0xE4, 0x00, 0x07, 0xFF, 0x80, 0x02, 0xFF, 0xD0, 0x00, 0x1B, 0xE0, 0x7C,
    0x01, 0xD0, 0xFC, 0x02, 0xC0, 0xB4, 0x0B, 0x40, 0x2F, 0xF8, 0x00, 0x00, 0x00, 0x04, 0x00, 0x00,
    0x00, 0x3F, 0x00, 0x00, 0x01, 0xFB, 0xC0, 0x00, 0x0B, 0x81, 0xF0, 0x00, 0x00, 0x00, 0x10, 0x00,
    0x00, 0x00, 0x00, 0x00, 0x02, 0xFE, 0x49, 0x00, 0x2E, 0x02, 0xFD, 0x00, 0xB8, 0x00, 0xBC, 0x00,
    0xF0, 0x00, 0x3C, 0x02, 0xF0, 0x00, 0x38, 0x03, 0xF4, 0x00, 0x30, 0x02, 0xFE, 0x50, 0x00, 0x01,
    0xFF, 0xFE, 0x00, 0x00, 0xBF, 0xFF, 0x80, 0x00, 0x0B, 0xFF, 0xC0, 0x00, 0x00, 0x1F, 0xD0, 0x1C,
    0x00, 0x07, 0xD0, 0x3C, 0x00, 0x07, 0xC0, 0x3C, 0x00, 0x0B, 0x80, 0x7D, 0x00, 0x0F, 0x00, 0xBF,
    0x40, 0x7C, 0x00, 0xA1, 0xBF, 0x90, 0x00, 0x00, 0x01, 0x00, 0x00, 0x2F, 0x00, 0x02, 0xEF, 0x00,
    0x3D, 0x2E, 0x02, 0xC0, 0x2C, 0x00, 0x00, 0x00, 0x0B, 0xF8, 0x00, 0xF0, 0x3C, 0x0B, 0x01, 0xF0,
    0x3D, 0x07, 0x80, 0xBF, 0x90, 0x00, 0xBF, 0xF0, 0x00, 0x1B, 0xD1, 0xF0, 0x07, 0x4F, 0xC0, 0x2C,
    0x2D, 0x01, 0xD0, 0x2F, 0xF8, 0x00, 0x00, 0x02, 0xFE, 0x49, 0x00, 0x2E, 0x02, 0xFD, 0x00, 0xB8,
    0x00, 0x7C, 0x00, 0xF0, 0x00, 0x38, 0x02, 0xF0, 0x00, 0x34, 0x03, 0xF8, 0x00, 0x30, 0x02, 0xFF,
    0x90, 0x00, 0x01, 0xFF, 0xFE, 0x00, 0x00, 0xBF, 0xFF, 0xC0, 0x00, 0x0B, 0xFF, 0xC0, 0x00, 0x00,
    0x1F, 0xD0, 0x18, 0x00, 0x07, 0xD0, 0x2C, 0x00, 0x07, 0xC0, 0x3C, 0x00, 0x0B, 0x80, 0x7D, 0x00,
    0x0F, 0x00, 0xBF, 0x90, 0x7C, 0x00, 0xA1, 0xBF, 0xD0, 0x00, 0x00, 0x2F, 0x40, 0x00, 0x00, 0x1B,
    0xD0, 0x00, 0x00, 0x03, 0xE0, 0x00, 0x00, 0x0B, 0xD0, 0x00, 0x0B, 0xFE, 0x00, 0x00, 0x00, 0x2F,
    0xE0, 0x00, 0xE0, 0x3C, 0x01, 0xC0, 0x7C, 0x03, 0xF4, 0x78, 0x02, 0xFF, 0xC0, 0x00, 0xBF, 0xF0,
    0x00, 0x06, 0xF8, 0x1F, 0x00, 0x74, 0x3F, 0x00, 0x70, 0x2D, 0x00, 0xE0, 0x0F, 0xFF, 0x80, 0x01,
    0xF4, 0x00, 0x01, 0xFD, 0x00, 0x00, 0x3F, 0x00, 0x00, 0x7E, 0x00, 0x7F, 0xE4, 0x00, 0x00, 0x00,
    0xFF, 0xFD, 0x00, 0x00, 0x7F, 0xF4, 0x00, 0x00, 0x0B, 0x40, 0x00, 0x00, 0x00, 0x00, 0x00, 0x00,
    0x00, 0x00, 0x00, 0x02, 0xFE, 0x49, 0x00, 0x2E, 0x02, 0xFD, 0x00, 0xB8, 0x00, 0xBC, 0x00, 0xF0,
    0x00, 0x3C, 0x02, 0xF0, 0x00, 0x38, 0x03, 0xF4, 0x00, 0x30, 0x02, 0xFE, 0x50, 0x00, 0x01, 0xFF,
    0xFE, 0x00, 0x00, 0xBF, 0xFF, 0x80, 0x00, 0x0B, 0xFF, 0xC0, 0x00, 0x00, 0x1F, 0xD0, 0x1C, 0x00,
    0x07, 0xD0, 0x3C, 0x00, 0x07, 0xC0, 0x3C, 0x00, 0x0B, 0x80, 0x7D, 0x00, 0x0F, 0x00, 0xBF, 0x40,
    0x7C, 0x00, 0xA1, 0xBF, 0x90, 0x00, 0x00, 0x00, 0x00, 0x00, 0xA0, 0x1E, 0x00, 0x3E, 0xF8, 0x00,
    0x1F, 0xD0, 0x00, 0x0B, 0x00, 0x00, 0x00, 0x00, 0x00, 0xBF, 0x80, 0x03, 0x80, 0xF0, 0x0B, 0x01,
    0xF0, 0x0F, 0x81, 0xE0, 0x0B, 0xFD, 0x00, 0x02, 0xFF, 0xC0, 0x00, 0x1B, 0xD0, 0x7C, 0x01, 0xD0,
    0xFC, 0x02, 0xC0, 0xB4, 0x07, 0x40, 0x2F, 0xF8, 0x00, 0x0B, 0xFF, 0xFF, 0xFF, 0xE0, 0xF4, 0x0F,
    0xD0, 0x3E, 0x1D, 0x00, 0xFC, 0x01, 0xD3, 0xC0, 0x1F, 0xC0, 0x0D, 0x34, 0x02, 0xF8, 0x01, 0xC7,
    0x00, 0x3F, 0x40, 0x1C, 0x00, 0x03, 0xF0, 0x00, 0x00, 0x00, 0x7F, 0x00, 0x00, 0x00, 0x0B, 0xF0,
    0x00, 0x00, 0x00, 0xFE, 0x00, 0x00, 0x00, 0x0F, 0xD0, 0x00, 0x00, 0x01, 0xFC, 0x00, 0x00, 0x00,
    0x2F, 0xC0, 0x00, 0x00, 0x03, 0xF8, 0x00, 0x00, 0x00, 0x3F, 0x40, 0x00, 0x00, 0x07, 0xF0, 0x00,
    0x00, 0x7F, 0xFF, 0xFD, 0x00, 0x00, 0x0B, 0xC0, 0x00, 0x00, 0x00, 0xBF, 0x00, 0x00, 0x00, 0x00,
    0xF8, 0x00, 0x00, 0x00, 0x2F, 0x80, 0x00, 0x01, 0xFF, 0x90, 0x00, 0x00, 0x00, 0x1E, 0x00, 0x03,
    0xE0, 0x00, 0x7D, 0x00, 0x0B, 0xC0, 0x00, 0xFC, 0x02, 0xFF, 0xFC, 0x01, 0xF4, 0x00, 0x2F, 0x00,
    0x03, 0xF0, 0x00, 0x3E, 0x00, 0x07, 0xD0, 0x00, 0xBC, 0x00, 0x0F, 0xC0, 0xD0, 0xF8, 0x2C, 0x0F,
    0x87, 0x00, 0x7F, 0xD0, 0x02, 0xF0, 0x00, 0x2F, 0xC0, 0x00, 0x3E, 0x00, 0x0B, 0xD0, 0xBF, 0xE4,
    0x00, 0x00, 0x01, 0xFF, 0xFC, 0x00, 0x00, 0x07, 0xFE, 0x00, 0x00, 0x00, 0x0E, 0x00, 0x00, 0x00,
    0x00, 0x00, 0x00, 0x00, 0x00, 0x00, 0x00, 0x00, 0xBF, 0xFF, 0xFF, 0xFE, 0x0F, 0x40, 0xFD, 0x03,
    0xE1, 0xD0, 0x0F, 0xC0, 0x1D, 0x3C, 0x01, 0xFC, 0x00, 0xD3, 0x40, 0x2F, 0x80, 0x1C, 0x70, 0x03,
    0xF4, 0x01, 0xC0, 0x00, 0x3F, 0x00, 0x00, 0x00, 0x07, 0xF0, 0x00, 0x00, 0x00, 0xBF, 0x00, 0x00,
    0x00, 0x0F, 0xE0, 0x00, 0x00, 0x00, 0xFD, 0x00, 0x00, 0x00, 0x1F, 0xC0, 0x00, 0x00, 0x02, 0xFC,
    0x00, 0x00, 0x00, 0x3F, 0x80, 0x00, 0x00, 0x03, 0xF4, 0x00, 0x00, 0x00, 0x7F, 0x00, 0x00, 0x07,
    0xFF, 0xFF, 0xD0, 0x00, 0x00, 0x00, 0x7C, 0x00, 0x00, 0xFE, 0x00, 0x01, 0xFD, 0x00, 0x78, 0xFC,
    0x00, 0xF8, 0x18, 0x01, 0xF4, 0xB0, 0x02, 0xF2, 0x80, 0x02, 0xF0, 0x00, 0xBF, 0xFF, 0x00, 0x07,
    0xD0, 0x00, 0x0B, 0xC0, 0x00, 0x0F, 0xC0, 0x00, 0x0F, 0x80, 0x00, 0x1F, 0x40, 0x00, 0x2F, 0x00,
    0x00, 0x3F, 0x03, 0x40, 0x3E, 0x0A, 0x00, 0x2E, 0x2C, 0x00, 0x0B, 0xE0, 0x00, 0x00, 0x2F, 0xFF,
    0xFF, 0xC0, 0x00, 0x00, 0x00, 0x00, 0x00, 0x00, 0x00, 0x00, 0x00, 0x00, 0x00, 0x00, 0x00, 0x00,
    0x00, 0x7F, 0xFF, 0xD0, 0x3F, 0xFD, 0x03, 0xF8, 0x00, 0x03, 0xC0, 0x03, 0xF0, 0x00, 0x03, 0x40,
    0x07, 0xF0, 0x00, 0x07, 0x00, 0x0B, 0xE0, 0x00, 0x0B, 0x00, 0x0F, 0xD0, 0x00, 0x0E, 0x00, 0x0F,
    0xC0, 0x00, 0x0D, 0x00, 0x1F, 0xC0, 0x00, 0x1C, 0x00, 0x2F, 0x80, 0x00, 0x2C, 0x00, 0x3F, 0x40,
    0x00, 0x38, 0x00, 0x3F, 0x00, 0x00, 0x34, 0x00, 0x7F, 0x00, 0x00, 0x70, 0x00, 0xBF, 0x00, 0x00,
    0xE0, 0x00, 0x7E, 0x00, 0x01, 0xC0, 0x00, 0x3F, 0x00, 0x07, 0x40, 0x00, 0x1F, 0x80, 0x6D, 0x00,
    0x00, 0x02, 0xFF, 0x90, 0x00, 0x00, 0x00, 0x0F, 0xFF, 0xFC, 0x00, 0x00, 0x00, 0x00, 0x00, 0x00,
    0x00, 0x00, 0x00, 0x00, 0x00, 0x00, 0x02, 0xF4, 0x01, 0xE0, 0x0E, 0x3C, 0x03, 0xF0, 0x2C, 0x7D,
    0x03, 0xE0, 0x34, 0xBC, 0x07, 0xD0, 0x00, 0xF8, 0x0B, 0xC0, 0x01, 0xF0, 0x0F, 0x80, 0x03, 0xF0,
    0x0F, 0x40, 0x03, 0xE0, 0x1F, 0x0C, 0x03, 0xE0, 0x3F, 0x1C, 0x02, 0xF0, 0xBF, 0x34, 0x00, 0xBF,
    0x4B, 0xE0, 0x00, 0x02, 0x00, 0x05, 0x00, 0x00, 0x02, 0x80, 0x1C, 0x00, 0x00, 0x00, 0x7F, 0xE0,
    0x00, 0x00, 0x00, 0x00, 0x00, 0x00, 0x00, 0x00, 0x00, 0x00, 0x00, 0x7F, 0xFF, 0xD0, 0x3F, 0xFD,
    0x03, 0xF8, 0x00, 0x03, 0xC0, 0x03, 0xF0, 0x00, 0x03, 0x40, 0x07, 0xF0, 0x00, 0x07, 0x00, 0x0B,
    0xE0, 0x00, 0x0B, 0x00, 0x0F, 0xD0, 0x00, 0x0E, 0x00, 0x0F, 0xC0, 0x00, 0x0D, 0x00, 0x1F, 0xC0,
    0x00, 0x1C, 0x00, 0x2F, 0x80, 0x00, 0x2C, 0x00, 0x3F, 0x40, 0x00, 0x38, 0x00, 0x3F, 0x00, 0x00,
    0x34, 0x00, 0x7F, 0x00, 0x00, 0x70, 0x00, 0xBF, 0x00, 0x00, 0xE0, 0x00, 0x7E, 0x00, 0x01, 0xC0,
    0x00, 0x3F, 0x00, 0x07, 0x40, 0x00, 0x1F, 0x80, 0x6D, 0x00, 0x00, 0x02, 0xFF, 0x90, 0x00, 0x00,
    0x00, 0x05, 0x00, 0x08, 0x00, 0x07, 0x00, 0x70, 0x00, 0x01, 0xFF, 0x40, 0x00, 0x00, 0x00, 0x00,
    0x00, 0x00, 0x00, 0x00, 0x02, 0xF4, 0x01, 0xE0, 0x0E, 0x3C, 0x03, 0xF0, 0x2C, 0x7D, 0x03, 0xE0,
    0x34, 0xBC, 0x07, 0xD0, 0x00, 0xF8, 0x0B, 0xC0, 0x01, 0xF0, 0x0F, 0x80, 0x03, 0xF0, 0x0F, 0x40,
    0x03, 0xE0, 0x1F, 0x0C, 0x03, 0xE0, 0x3F, 0x1C, 0x02, 0xF0, 0xBF, 0x34, 0x00, 0xBF, 0x4B, 0xE0,
    0x00, 0x00, 0x07, 0xF4, 0x00, 0x00, 0x00, 0x1C, 0x2C, 0x00, 0x00, 0x00, 0x38, 0x1C, 0x00, 0x00,
    0x00, 0x38, 0x34, 0x00, 0x00, 0x00, 0x1F, 0xD0, 0x00, 0x00, 0x00, 0x00, 0x00, 0x00, 0x7F, 0xFF,
    0xD0, 0x3F, 0xFD, 0x03, 0xF8, 0x00, 0x03, 0xC0, 0x03, 0xF0, 0x00, 0x03, 0x40, 0x07, 0xF0, 0x00,
    0x07, 0x00, 0x0B, 0xE0, 0x00, 0x0B, 0x00, 0x0F, 0xD0, 0x00, 0x0E, 0x00, 0x0F, 0xC0, 0x00, 0x0D,
    0x00, 0x1F, 0xC0, 0x00, 0x1C, 0x00, 0x2F, 0x80, 0x00, 0x2C, 0x00, 0x3F, 0x40, 0x00, 0x38, 0x00,
    0x3F, 0x00, 0x00, 0x34, 0x00, 0x7F, 0x00, 0x00, 0x70, 0x00, 0xBF, 0x00, 0x00, 0xE0, 0x00, 0x7E,
    0x00, 0x01, 0xC0, 0x00, 0x3F, 0x00, 0x07, 0x40, 0x00, 0x1F, 0x80, 0x6D, 0x00, 0x00, 0x02, 0xFF,
    0x90, 0x00, 0x00, 0x00, 0x00, 0x7F, 0x80, 0x00, 0x00, 0xD0, 0xD0, 0x00, 0x02, 0xC0, 0xC0, 0x00,
    0x02, 0xC2, 0xC0, 0x00, 0x00, 0xFE, 0x00, 0x00, 0x00, 0x00, 0x00, 0x02, 0xF4, 0x01, 0xE0, 0x0E,
    0x3C, 0x03, 0xF0, 0x2C, 0x7D, 0x03, 0xE0, 0x34, 0xBC, 0x07, 0xD0, 0x00, 0xF8, 0x0B, 0xC0, 0x01,
    0xF0, 0x0F, 0x80, 0x03, 0xF0, 0x0F, 0x40, 0x03, 0xE0, 0x1F, 0x0C, 0x03, 0xE0, 0x3F, 0x1C, 0x02,
    0xF0, 0xBF, 0x34, 0x00, 0xBF, 0x4B, 0xE0, 0x00, 0x00, 0x0B, 0x87, 0xC0, 0x00, 0x00, 0x7F, 0xFF,
    0xC0, 0x00, 0x02, 0xFA, 0xFF, 0xC0, 0x00, 0x00, 0x00, 0x00, 0x00, 0x00, 0x00, 0x00, 0x00, 0x00,
    0x00, 0x00, 0x00, 0x00, 0x00, 0x7F, 0xFF, 0xD0, 0x3F, 0xFD, 0x03, 0xF8, 0x00, 0x03, 0xC0, 0x03,
    0xF0, 0x00, 0x03, 0x40, 0x07, 0xF0, 0x00, 0x07, 0x00, 0x0B, 0xE0, 0x00, 0x0B, 0x00, 0x0F, 0xD0,
    0x00, 0x0E, 0x00, 0x0F, 0xC0, 0x00, 0x0D, 0x00, 0x1F, 0xC0, 0x00, 0x1C, 0x00, 0x2F, 0x80, 0x00,
    0x2C, 0x00, 0x3F, 0x40, 0x00, 0x38, 0x00, 0x3F, 0x00, 0x00, 0x34, 0x00, 0x7F, 0x00, 0x00, 0x70,
    0x00, 0xBF, 0x00, 0x00, 0xE0, 0x00, 0x7E, 0x00, 0x01, 0xC0, 0x00, 0x3F, 0x00, 0x07, 0x40, 0x00,
    0x1F, 0x80, 0x6D, 0x00, 0x00, 0x02, 0xFF, 0x90, 0x00, 0x00, 0x00, 0x00, 0x0F, 0x0B, 0x40, 0x00,
    0x1F, 0xFF, 0xE0, 0x00, 0x2F, 0xFF, 0xF0, 0x00, 0x00, 0x00, 0x00, 0x00, 0x00, 0x00, 0x00, 0x00,
    0xBD, 0x00, 0x00, 0x00, 0xE3, 0xC0, 0x2E, 0x00, 0x70, 0xF4, 0x0F, 0x80, 0x38, 0x7C, 0x07, 0xD0,
    0x04, 0x3F, 0x02, 0xF0, 0x00, 0x1F, 0x40, 0xFC, 0x00, 0x0B, 0xC0, 0x3E, 0x00, 0x02, 0xF0, 0x1F,
    0x40, 0x00, 0xFC, 0x0B, 0xC3, 0x00, 0x2F, 0x03, 0xF1, 0xC0, 0x03, 0xC3, 0xFC, 0xD0, 0x00, 0x7F,
    0x87, 0xE0, 0x00, 0x00, 0x02, 0xE0, 0x7C, 0x00, 0x00, 0x07, 0xF0, 0xFD, 0x00, 0x00, 0x0B, 0xF1,
    0xFC, 0x00, 0x00, 0x03, 0xD0, 0xF4, 0x00, 0x00, 0x00, 0x00, 0x00, 0x00, 0x00, 0x00, 0x00, 0x00,
    0x00, 0xBF, 0xFF, 0x80, 0x2F, 0xFD, 0x07, 0xF8, 0x00, 0x07, 0x80, 0x03, 0xFC, 0x00, 0x0E, 0x00,
    0x02, 0xFD, 0x00, 0x3C, 0x00, 0x00, 0xFE, 0x00, 0xF0, 0x00, 0x00, 0xFF, 0x02, 0xC0, 0x00, 0x00,
    0x7F, 0x4B, 0x40, 0x00, 0x00, 0x3F, 0x9D, 0x00, 0x00, 0x00, 0x2F, 0xF8, 0x00, 0x00, 0x00, 0x1F,
    0xE0, 0x00, 0x00, 0x00, 0x1F, 0xC0, 0x00, 0x00, 0x00, 0x1F, 0xC0, 0x00, 0x00, 0x00, 0x2F, 0x80,
    0x00, 0x00, 0x00, 0x3F, 0x40, 0x00, 0x00, 0x00, 0x3F, 0x00, 0x00, 0x00, 0x00, 0xBF, 0x00, 0x00,
    0x00, 0x1F, 0xFF, 0xF0, 0x00, 0x00, 0x00, 0x00, 0x00, 0x7C, 0x00, 0x00, 0x00, 0x7F, 0xC0, 0x00,
    0x00, 0x1F, 0xE4, 0x00, 0x00, 0x00, 0x40, 0x00, 0x00, 0x00, 0x00, 0x00, 0x00, 0x03, 0xFF, 0xFF,
    0xFE, 0x00, 0x7F, 0x40, 0x3F, 0xC0, 0x0B, 0x80, 0x0B, 0xF0, 0x00, 0xF0, 0x02, 0xFD, 0x00, 0x0D,
    0x00, 0xBF, 0x40, 0x01, 0xC0, 0x1F, 0xE0, 0x00, 0x00, 0x07, 0xF8, 0x00, 0x00, 0x00, 0xFF, 0x00,
    0x00, 0x00, 0x3F, 0xC0, 0x00, 0x00, 0x0F, 0xF0, 0x00, 0x00, 0x02, 0xFD, 0x00, 0xC0, 0x00, 0xBF,
    0x40, 0x2C, 0x00, 0x1F, 0xE0, 0x03, 0x80, 0x07, 0xF8, 0x00, 0x74, 0x01, 0xFE, 0x00, 0x1F, 0x00,
    0x3F, 0xC0, 0x1B, 0xE0, 0x0B, 0xFF, 0xFF, 0xFD, 0x00, 0x00, 0x00, 0x1F, 0x00, 0x00, 0x7F, 0xC0,
    0x00, 0x7F, 0xD0, 0x00, 0x00, 0x00, 0x00, 0x00, 0x00, 0x00, 0x1F, 0x40, 0xD0, 0x1F, 0xF8, 0xB0,
    0x0F, 0xFF, 0xF0, 0x07, 0x00, 0x70, 0x00, 0x00, 0x70, 0x00, 0x00, 0xB0, 0x00, 0x00, 0xA0, 0x00,
    0x00, 0xE0, 0x00, 0x00, 0xD0, 0x02, 0xC0, 0xFF, 0xFF, 0xE0, 0xB0, 0xFF, 0xF0, 0x70, 0x0B, 0xE0,
    0x00, 0x00, 0x00, 0x00, 0xF4, 0x00, 0x00, 0x00, 0x3F, 0x80, 0x00, 0x00, 0x03, 0xF8, 0x00, 0x00,
    0x00, 0x1E, 0x00, 0x00, 0x00, 0x00, 0x00, 0x00, 0x00, 0x00, 0x00, 0x00, 0x00, 0x3F, 0xFF, 0xFF,
    0xE0, 0x07, 0xF4, 0x03, 0xFC, 0x00, 0xB8, 0x00, 0xBF, 0x00, 0x0F, 0x00, 0x2F, 0xD0, 0x00, 0xD0,
    0x07, 0xF4, 0x00, 0x1C, 0x01, 0xFE, 0x00, 0x00, 0x00, 0x7F, 0x80, 0x00, 0x00, 0x0F, 0xF0, 0x00,
    0x00, 0x03, 0xFC, 0x00, 0x00, 0x00, 0xFF, 0x00, 0x00, 0x00, 0x2F, 0xC0, 0x0C, 0x00, 0x0B, 0xF4,
    0x02, 0xC0, 0x01, 0xFD, 0x00, 0x38, 0x00, 0x7F, 0x80, 0x07, 0x40, 0x0F, 0xE0, 0x01, 0xF0, 0x03,
    0xFC, 0x01, 0xBE, 0x00, 0xBF, 0xFF, 0xFF, 0xD0, 0x00, 0x00, 0x00, 0x78, 0x00, 0x00, 0x3F, 0x00,
    0x00, 0x0B, 0x40, 0x00, 0x00, 0x00, 0x00, 0x00, 0x00, 0x00, 0x1F, 0x40, 0xD0, 0x1F, 0xF8, 0xB0,
    0x0F, 0xFF, 0xF0, 0x07, 0x00, 0x70, 0x00, 0x00, 0x70, 0x00, 0x00, 0xB0, 0x00, 0x00, 0xA0, 0x00,
    0x00, 0xE0, 0x00, 0x00, 0xD0, 0x02, 0xC0, 0xFF, 0xFF, 0xE0, 0xB0, 0xFF, 0xF0, 0x70, 0x0B, 0xE0,
    0x00, 0x00, 0x00, 0xFF, 0xFE, 0x00, 0x00, 0x02, 0xFF, 0x40, 0x00, 0x00, 0x07, 0x80, 0x00, 0x00,
    0x00, 0x00, 0x00, 0x00, 0x00, 0x00, 0x00, 0x00, 0x03, 0xFF, 0xFF, 0xFE, 0x00, 0x7F, 0x40, 0x3F,
    0xC0, 0x0B, 0x80, 0x0B, 0xF0, 0x00, 0xF0, 0x02, 0xFD, 0x00, 0x0D, 0x00, 0x7F, 0x40, 0x01, 0xC0,
    0x1F, 0xE0, 0x00, 0x00, 0x07, 0xF8, 0x00, 0x00, 0x00, 0xFF, 0x00, 0x00, 0x00, 0x3F, 0xC0, 0x00,
    0x00, 0x0F, 0xF0, 0x00, 0x00, 0x02, 0xFC, 0x00, 0xC0, 0x00, 0xBF, 0x40, 0x2C, 0x00, 0x1F, 0xD0,
    0x03, 0x80, 0x07, 0xF8, 0x00, 0x74, 0x00, 0xFE, 0x00, 0x1F, 0x00, 0x3F, 0xC0, 0x1B, 0xE0, 0x0B,
    0xFF, 0xFF, 0xFD, 0x00, 0x00, 0x00, 0x00, 0x00, 0x01, 0xD0, 0x2C, 0x00, 0x0B, 0xAF, 0x00, 0x00,
    0x3F, 0x80, 0x00, 0x00, 0xD0, 0x00, 0x07, 0xD0, 0x34, 0x01, 0xFF, 0x8B, 0x00, 0x3F, 0xFF, 0xC0,
    0x07, 0x00, 0x70, 0x00, 0x00, 0x2C, 0x00, 0x00, 0x0B, 0x00, 0x00, 0x03, 0x80, 0x00, 0x00, 0xE0,
    0x00, 0x00, 0x34, 0x00, 0xB0, 0x0F, 0xFF, 0xFE, 0x03, 0xC3, 0xFF, 0xC0, 0x70, 0x0B, 0xE0, 0x00,
    0x00, 0x00, 0x00, 0x00, 0x00, 0x00, 0x00, 0x02, 0xF4, 0x00, 0x00, 0x00, 0x03, 0xFE, 0x00, 0x00,
    0x00, 0x00, 0x6F, 0x00, 0x00, 0x00, 0x00, 0x00, 0x00, 0x00, 0x00, 0x00, 0x00, 0x00, 0x00, 0x3F,
    0xFF, 0xFF, 0xFC, 0x00, 0x03, 0xF4, 0x00, 0xBC, 0x00, 0x03, 0xF0, 0x00, 0x3C, 0x00, 0x07, 0xF0,
    0x00, 0x2C, 0x00, 0x0B, 0xF0, 0x00, 0x38, 0x00, 0x0F, 0xE0, 0x30, 0x24, 0x00, 0x0F, 0xD0, 0x70,
    0x00, 0x00, 0x1F, 0xC1, 0xF0, 0x00, 0x00, 0x2F, 0xFF, 0xE0, 0x00, 0x00, 0x3F, 0x82, 0xD0, 0x00,
    0x00, 0x3F, 0x41, 0xC0, 0x10, 0x00, 0x7F, 0x01, 0x80, 0xE0, 0x00, 0xBF, 0x00, 0x00, 0xD0, 0x00,
    0xFE, 0x00, 0x03, 0xC0, 0x00, 0xFD, 0x00, 0x0B, 0x40, 0x02, 0xFC, 0x00, 0x7F, 0x00, 0x3F, 0xFF,
    0xFF, 0xFD, 0x00, 0x00, 0x00, 0x0B, 0x81, 0xE0, 0x00, 0x00, 0x1F, 0xC7, 0xF0, 0x00, 0x00, 0x2F,
    0xC7, 0xF0, 0x00, 0x00, 0x0F, 0x03, 0xD0, 0x00, 0x00, 0x00, 0x00, 0x00, 0x00, 0x00, 0x00, 0x00,
    0x00, 0x00, 0x3F, 0xFF, 0xFF, 0xFC, 0x00, 0x03, 0xF4, 0x00, 0xBC, 0x00, 0x03, 0xF0, 0x00, 0x3C,
    0x00, 0x07, 0xF0, 0x00, 0x2C, 0x00, 0x0B, 0xF0, 0x00, 0x38, 0x00, 0x0F, 0xE0, 0x30, 0x24, 0x00,
    0x0F, 0xD0, 0x70, 0x00, 0x00, 0x1F, 0xC1, 0xF0, 0x00, 0x00, 0x2F, 0xFF, 0xE0, 0x00, 0x00, 0x3F,
    0x82, 0xD0, 0x00, 0x00, 0x3F, 0x41, 0xC0, 0x10, 0x00, 0x7F, 0x01, 0x80, 0xE0, 0x00, 0xBF, 0x00,
    0x00, 0xD0, 0x00, 0xFE, 0x00, 0x03, 0xC0, 0x00, 0xFD, 0x00, 0x0B, 0x40, 0x02, 0xFC, 0x00, 0x7F,
    0x00, 0x3F, 0xFF, 0xFF, 0xFD, 0x00, 0x07, 0xFF, 0xFF, 0xFF, 0xE0, 0x03, 0xE0, 0x3F, 0x40, 0x78,
    0x01, 0xD0, 0x0F, 0xC0, 0x0E, 0x00, 0xF0, 0x07, 0xF0, 0x03, 0x40, 0x34, 0x02, 0xF8, 0x00, 0x00,
    0x08, 0x00, 0xFD, 0x0B, 0xFE, 0x00, 0x00, 0x3F, 0x69, 0x07, 0xF0, 0x00, 0x1F, 0xE4, 0x00, 0xFC,
    0x00, 0x0B, 0xF4, 0x00, 0x3F, 0x00, 0x03, 0xF8, 0x00, 0x0F, 0xC0, 0x00, 0xFD, 0x00, 0x07, 0xE0,
    0x00, 0x7F, 0x00, 0x02, 0xF4, 0x00, 0x2F, 0x82, 0xE0, 0xFC, 0x00, 0x0F, 0xD1, 0xFC, 0x7E, 0x00,
    0x03, 0xF0, 0xBF, 0x2F, 0x00, 0x01, 0xFC, 0x1F, 0x6F, 0x00, 0x7F, 0xFF, 0xC2, 0xFD, 0x00, 0x00,
    0x00, 0x00, 0x00, 0x00, 0x00, 0x00, 0x00, 0x00, 0xBC, 0x00, 0x00, 0x00, 0xBF, 0xC0, 0x00, 0x00,
    0x2F, 0x90, 0x00, 0x00, 0x00, 0x00, 0x00, 0x00, 0x00, 0x00, 0x00, 0x00, 0x3F, 0xFF, 0xFF, 0xF0,
    0x00, 0x3F, 0x40, 0x2F, 0x00, 0x03, 0xF0, 0x00, 0xF0, 0x00, 0x7F, 0x00, 0x0E, 0x00, 0x0B, 0xE0,
    0x00, 0xE0, 0x00, 0xFD, 0x00, 0x0D, 0x00, 0x0F, 0xC0, 0x00, 0x00, 0x01, 0xFC, 0x00, 0x00, 0x00,
    0x2F, 0x80, 0x00, 0x00, 0x03, 0xF4, 0x00, 0x00, 0x00, 0x3F, 0x00, 0x00, 0x00, 0x07, 0xF0, 0x00,
    0x00, 0x00, 0xBE, 0x00, 0x00, 0x00, 0x0F, 0xD0, 0x00, 0x00, 0x00, 0xFC, 0x00, 0x00, 0x00, 0x1F,
    0xC0, 0x00, 0x00, 0x7F, 0xFF, 0xF0, 0x00, 0x00, 0x00, 0x01, 0xBF, 0xF4, 0x28, 0x00, 0x7F, 0x90,
    0x3F, 0xD0, 0x0F, 0xE0, 0x00, 0x3F, 0x00, 0xFE, 0x00, 0x00, 0x7C, 0x0F, 0xF0, 0x00, 0x00, 0xE0,
    0xBF, 0x40, 0x00, 0x03, 0x43, 0xFC, 0x00, 0x00, 0x00, 0x2F, 0xD0, 0x00, 0x00, 0x00, 0xFF, 0xBF,
    0xFF, 0xE0, 0x03, 0xF8, 0x00, 0x00, 0x00, 0x0F, 0xE0, 0x00, 0x00, 0x00, 0x3F, 0x80, 0x00, 0x00,
    0x00, 0xBF, 0x00, 0x00, 0x0D, 0x00, 0xFC, 0x00, 0x00, 0x70, 0x02, 0xF8, 0x00, 0x07, 0x40, 0x01,
    0xFD, 0x01, 0xF0, 0x00, 0x00, 0xBF, 0xF8, 0x00, 0x00, 0x00, 0x02, 0xFE, 0x49, 0x00, 0x2E, 0x02,
    0xFD, 0x00, 0xB8, 0x00, 0xBC, 0x00, 0xF0, 0x00, 0x3C, 0x02, 0xF0, 0x00, 0x38, 0x03, 0xF4, 0x00,
    0x30, 0x02, 0xFE, 0x50, 0x00, 0x01, 0xFF, 0xFE, 0x00, 0x00, 0xBF, 0xFF, 0x80, 0x00, 0x0B, 0xFF,
    0xC0, 0x00, 0x00, 0x1F, 0xD0, 0x1C, 0x00, 0x07, 0xD0, 0x3C, 0x00, 0x07, 0xC0, 0x3C, 0x00, 0x0B,
    0x80, 0x7D, 0x00, 0x0F, 0x00, 0xBF, 0x40, 0x7C, 0x00, 0xA1, 0xBF, 0x90, 0x00, 0x00, 0x7F, 0xFF,
    0xD0, 0x00, 0x3F, 0x40, 0x00, 0x03, 0xF0, 0x00, 0x00, 0x7F, 0x00, 0x00, 0x0B, 0xE0, 0x00, 0x00,
    0xFD, 0x00, 0x00, 0x0F, 0xC0, 0x00, 0x01, 0xFC, 0x00, 0x00, 0x2F, 0x80, 0x00, 0x03, 0xF4, 0x00,
    0x00, 0x3F, 0x40, 0x00, 0x07, 0xF0, 0x00, 0x00, 0xBF, 0x00, 0x00, 0x0F, 0xE0, 0x00, 0x00, 0xFD,
    0x00, 0x00, 0x1F, 0xC0, 0x00, 0x7F, 0xFF, 0xD0, 0x00, 0x00, 0x07, 0xC1, 0xF0, 0x00, 0x3F, 0x4F,
    0xD0, 0x01, 0xFC, 0x7F, 0x00, 0x03, 0xD0, 0xF4, 0x00, 0x00, 0x00, 0x00, 0x00, 0x00, 0x00, 0x00,
    0x07, 0xFF, 0xFD, 0x00, 0x00, 0xFD, 0x00, 0x00, 0x03, 0xF0, 0x00, 0x00, 0x1F, 0xC0, 0x00, 0x00,
    0xBE, 0x00, 0x00, 0x03, 0xF4, 0x00, 0x00, 0x0F, 0xC0, 0x00, 0x00, 0x7F, 0x00, 0x00, 0x02, 0xF8,
    0x00, 0x00, 0x0F, 0xD0, 0x00, 0x00, 0x3F, 0x40, 0x00, 0x01, 0xFC, 0x00, 0x00, 0x0B, 0xF0, 0x00,
    0x00, 0x3F, 0x80, 0x00, 0x00, 0xFD, 0x00, 0x00, 0x07, 0xF0, 0x00, 0x07, 0xFF, 0xFD, 0x00, 0x00,
    0x00, 0x00, 0x00, 0x00, 0x00, 0x00, 0x7F, 0xFF, 0xC0, 0x00, 0x00, 0x7F, 0x00, 0x00, 0x00, 0x2F,
    0x80, 0x00, 0x00, 0x0F, 0xD0, 0x00, 0x00, 0x03, 0xF0, 0x00, 0x00, 0x01, 0xFC, 0x00, 0x00, 0x00,
    0xBE, 0x00, 0x00, 0x00, 0x3F, 0x40, 0x00, 0x00, 0x0F, 0xC0, 0x00, 0x00, 0x07, 0xF0, 0x00, 0x00,
    0x02, 0xF8, 0x00, 0x00, 0x00, 0xFD, 0x00, 0x07, 0xC0, 0x3F, 0x00, 0x03, 0xF4, 0x2F, 0xC0, 0x00,
    0xFC, 0x0F, 0xC0, 0x00, 0x3D, 0x0F, 0xD0, 0x00, 0x02, 0xFF, 0x80, 0x00, 0x00, 0x00, 0x00, 0x00,
    0x00, 0x00, 0x03, 0xFF, 0xFF, 0xFF, 0xFC, 0x00, 0x00, 0x00, 0x1C, 0x00, 0x7F, 0x00, 0x00, 0x00,
    0x00, 0x2C, 0x00, 0xBF, 0x00, 0x00, 0x00, 0x00, 0x38, 0x00, 0xFE, 0x00, 0x00, 0x00, 0x00, 0x34,
    0x00, 0xFD, 0x00, 0x00, 0x00, 0x00, 0x70, 0x01, 0xFC, 0x00, 0x00, 0x00, 0x00, 0xA0, 0x02, 0xFC,
    0x00, 0x00, 0x00, 0x00, 0xD0, 0x03, 0xFE, 0xFF, 0x90, 0x00, 0x01, 0xC0, 0x03, 0xF9, 0x07, 0xF4,
    0x00, 0x02, 0xC0, 0x07, 0xF0, 0x02, 0xFC, 0x00, 0x03, 0x40, 0x0B, 0xF0, 0x02, 0xFC, 0x00, 0x07,
    0x00, 0x0F, 0xE0, 0x02, 0xFC, 0x3D, 0x0E, 0x00, 0x0F, 0xD0, 0x03, 0xFC, 0xBF, 0x1C, 0x00, 0x1F,
    0xC0, 0x03, 0xF4, 0xFE, 0x38, 0x00, 0x2F, 0xC0, 0x0B, 0xE0, 0xF8, 0xF0, 0x00, 0x3F, 0x80, 0x2F,
    0x80, 0x3F, 0x40, 0x0B, 0xFF, 0xFF, 0xF9, 0x00, 0x00, 0x00, 0x00, 0x00, 0x00, 0x00, 0x00, 0x00,
    0x0F, 0xFF, 0xF4, 0xBF, 0xFF, 0xC0, 0x00, 0x00, 0x3F, 0x80, 0x01, 0xFC, 0x00, 0x00, 0x00, 0x0F,
    0xC0, 0x00, 0xBF, 0x00, 0x00, 0x00, 0x07, 0xF0, 0x00, 0x3F, 0x80, 0x00, 0x00, 0x02, 0xFC, 0x00,
    0x0F, 0xD0, 0x00, 0x00, 0x00, 0xFE, 0x00, 0x07, 0xF0, 0x00, 0x00, 0x00, 0x3F, 0x40, 0x02, 0xFC,
    0x00, 0x00, 0x00, 0x1F, 0xC0, 0x00, 0xFE, 0x00, 0x00, 0x00, 0x0B, 0xFF, 0xFF, 0xFF, 0xFF, 0xFD,
    0x00, 0x03, 0xF8, 0x00, 0x1F, 0xC0, 0x1F, 0xE0, 0x00, 0xFD, 0x00, 0x0B, 0xF0, 0x02, 0xFC, 0x00,
    0x7F, 0x00, 0x03, 0xF8, 0x00, 0xBF, 0x00, 0x2F, 0xC0, 0x00, 0xFD, 0x00, 0x3F, 0xC0, 0x0F, 0xE0,
    0x00, 0x7F, 0x00, 0x0F, 0xD0, 0x03, 0xF4, 0x00, 0x2F, 0xC0, 0x0B, 0xF0, 0x01, 0xFC, 0x00, 0x0F,
    0xE0, 0x0B, 0xE0, 0x1F, 0xFF, 0xF4, 0xBF, 0xFF, 0xFF, 0x90, 0x00, 0x07, 0xFF, 0xFF, 0xFF, 0xC0,
    0xF8, 0x3F, 0x40, 0x7C, 0x0D, 0x07, 0xF0, 0x02, 0xC2, 0xC0, 0xBF, 0x00, 0x28, 0x38, 0x0F, 0xE0,
    0x00, 0x07, 0x00, 0xFD, 0x00, 0x00, 0x00, 0x0F, 0xC2, 0xFE, 0x00, 0x01, 0xFE, 0xD0, 0xF8, 0x00,
    0x2F, 0xE0, 0x0F, 0xC0, 0x03, 0xF8, 0x00, 0xF8, 0x00, 0x3F, 0x40, 0x0F, 0x40, 0x07, 0xF0, 0x01,
    0xF0, 0x00, 0xBE, 0x00, 0x2F, 0x00, 0x0F, 0xD0, 0x03, 0xE0, 0x00, 0xFC, 0x00, 0x3D, 0x00, 0x1F,
    0xC0, 0x0B, 0xD0, 0x7F, 0xFF, 0x8B, 0xFF, 0xC0, 0x00, 0x00, 0x00, 0x00, 0x7C, 0x00, 0x00, 0x00,
    0x00, 0x07, 0xFC, 0x00, 0x00, 0x00, 0x00, 0x1F, 0xE4, 0x00, 0x00, 0x00, 0x00, 0x04, 0x00, 0x00,
    0x00, 0x00, 0x00, 0x00, 0x00, 0x00, 0x00, 0x3F, 0xFF, 0xD0, 0x3F, 0xFC, 0x00, 0x03, 0xF8, 0x00,
    0x0F, 0x40, 0x00, 0x03, 0xF0, 0x00, 0x3C, 0x00, 0x00, 0x07, 0xF0, 0x01, 0xE0, 0x00, 0x00, 0x0B,
    0xF0, 0x0B, 0x40, 0x00, 0x00, 0x0F, 0xE0, 0x3C, 0x00, 0x00, 0x00, 0x0F, 0xD1, 0xF0, 0x00, 0x00,
    0x00, 0x1F, 0xCB, 0xF0, 0x00, 0x00, 0x00, 0x2F, 0xFF, 0xF4, 0x00, 0x00, 0x00, 0x3F, 0xE2, 0xFC,
    0x00, 0x00, 0x00, 0x3F, 0x81, 0xFD, 0x00, 0x00, 0x00, 0x7F, 0x00, 0xFF, 0x00, 0x00, 0x00, 0xBE,
    0x00, 0x7F, 0x00, 0x00, 0x00, 0xFD, 0x00, 0x3F, 0x80, 0x00, 0x00, 0xFD, 0x00, 0x2F, 0xC0, 0x00,
    0x01, 0xFC, 0x00, 0x0F, 0xE0, 0x00, 0x3F, 0xFF, 0xD0, 0xFF, 0xFD, 0x00, 0x00, 0x00, 0x00, 0x00,
    0x00, 0x00, 0x00, 0x00, 0x00, 0x3E, 0x00, 0x00, 0x00, 0x00, 0x00, 0x7F, 0xD0, 0x00, 0x00, 0x00,
    0x00, 0x1B, 0xE0, 0x00, 0x00, 0x00, 0x00, 0x00, 0x00, 0x00, 0x00, 0x00, 0x00, 0x00, 0x00, 0x00,
    0x00, 0x3F, 0xFF, 0xD2, 0xFF, 0xFF, 0x00, 0x03, 0xF8, 0x00, 0x2F, 0xC0, 0x00, 0x03, 0xF0, 0x00,
    0xBF, 0xC0, 0x00, 0x07, 0xF0, 0x01, 0xFF, 0x80, 0x00, 0x0B, 0xE0, 0x07, 0xBF, 0x40, 0x00, 0x0F,
    0xD0, 0x0E, 0x7F, 0x00, 0x00, 0x0F, 0xC0, 0x3C, 0xBF, 0x00, 0x00, 0x1F, 0xC0, 0xF0, 0xFE, 0x00,
    0x00, 0x2F, 0x82, 0xC0, 0xFD, 0x00, 0x00, 0x3F, 0x4B, 0x41, 0xFC, 0x00, 0x00, 0x3F, 0x1E, 0x02,
    0xFC, 0x00, 0x00, 0x7F, 0x78, 0x03, 0xF8, 0x00, 0x00, 0xBF, 0xF0, 0x03, 0xF4, 0x00, 0x00, 0xFF,
    0xC0, 0x07, 0xF0, 0x00, 0x00, 0xFF, 0x00, 0x0B, 0xF0, 0x00, 0x01, 0xFD, 0x00, 0x0F, 0xE0, 0x00,
    0x3F, 0xFF, 0xD2, 0xFF, 0xFF, 0x00, 0x00, 0x00, 0x7C, 0x00, 0x00, 0x00, 0x00, 0xFD, 0x00, 0x00,
    0x00, 0x00, 0xF8, 0x07, 0x00, 0x00, 0x00, 0x7F, 0xF8, 0x00, 0x00, 0x00, 0x00, 0x00, 0x00, 0x00,
    0x00, 0x00, 0x00, 0x00, 0x7F, 0xFF, 0x80, 0x2F, 0xFD, 0x03, 0xF8, 0x00, 0x03, 0xC0, 0x02, 0xFC,
    0x00, 0x07, 0x00, 0x01, 0xFD, 0x00, 0x0E, 0x00, 0x00, 0xFE, 0x00, 0x2C, 0x00, 0x00, 0xBF, 0x00,
    0x74, 0x00, 0x00, 0x3F, 0x40, 0xF0, 0x00, 0x00, 0x3F, 0xC2, 0xC0, 0x00, 0x00, 0x1F, 0xC3, 0x80,
    0x00, 0x00, 0x0F, 0xEF, 0x00, 0x00, 0x00, 0x0F, 0xFD, 0x00, 0x00, 0x00, 0x07, 0xF8, 0x00, 0x00,
    0x2F, 0x03, 0xF0, 0x00, 0x00, 0x7F, 0x02, 0xD0, 0x00, 0x00, 0x7F, 0x03, 0x40, 0x00, 0x00, 0x3C,
    0x2D, 0x00, 0x00, 0x00, 0x1F, 0xE0, 0x00, 0x00, 0x00, 0x00, 0x00, 0x00, 0x00, 0x00, 0x00, 0x00,
    0x3F, 0xFF, 0xD2, 0xFF, 0xFF, 0x00, 0x03, 0xF8, 0x00, 0x1F, 0xC0, 0x00, 0x03, 0xF0, 0x00, 0x2F,
    0xC0, 0x00, 0x07, 0xF0, 0x00, 0x3F, 0x80, 0x00, 0x0B, 0xE0, 0x00, 0x3F, 0x40, 0x00, 0x0F, 0xD0,
    0x00, 0x7F, 0x00, 0x00, 0x0F, 0xD0, 0x00, 0xBF, 0x00, 0x00, 0x1F, 0xC0, 0x00, 0xFE, 0x00, 0x00,
    0x2F, 0xC0, 0x00, 0xFD, 0x00, 0x00, 0x3F, 0x80, 0x01, 0xFC, 0x00, 0x00, 0x3F, 0x40, 0x02, 0xFC,
    0x00, 0x00, 0x7F, 0x00, 0x03, 0xF8, 0x00, 0x00, 0xBF, 0x00, 0x03, 0xF4, 0x00, 0x00, 0xFE, 0x00,
    0x07, 0xF0, 0x00, 0x00, 0xFD, 0x00, 0x0B, 0xF0, 0x00, 0x02, 0xFC, 0x00, 0x0F, 0xE0, 0x00, 0x3F,
    0xFF, 0xFF, 0xFF, 0xFF, 0x00, 0x00, 0x00, 0x7E, 0x00, 0x00, 0x00, 0x00, 0x00, 0x7C, 0x00, 0x00,
    0x00, 0x00, 0x00, 0x74, 0x00, 0x00, 0x00, 0x00, 0x00, 0x70, 0x00, 0x00, 0x00, 0x00, 0x00, 0x60,
    0x00, 0x00, 0x00, 0x00, 0x00, 0x00, 0x3C, 0x00, 0x00, 0x00, 0x00, 0xBC, 0x00, 0x00, 0x00, 0x00,
    0xFD, 0x00, 0x00, 0x00, 0x03, 0xFD, 0x00, 0x00, 0x00, 0x07, 0xFE, 0x00, 0x00, 0x00, 0x0D, 0xFE,
    0x00, 0x00, 0x00, 0x28, 0xBF, 0x00, 0x00, 0x00, 0x70, 0xBF, 0x00, 0x00, 0x00, 0xD0, 0x7F, 0x00,
    0x00, 0x02, 0xC0, 0x7F, 0x00, 0x00, 0x07, 0x00, 0x7F, 0x00, 0x00, 0x0F, 0xFF, 0xFF, 0x40, 0x00,
    0x2C, 0x00, 0x3F, 0x40, 0x00, 0x34, 0x00, 0x3F, 0x80, 0x00, 0xF0, 0x00, 0x3F, 0x80, 0x02, 0xD0,
    0x00, 0x3F, 0xC0, 0x3F, 0xFC, 0x03, 0xFF, 0xFC, 0x00, 0x3F, 0xFF, 0xFF, 0xFC, 0x00, 0x03, 0xF0,
    0x00, 0xBC, 0x00, 0x03, 0xF0, 0x00, 0x3C, 0x00, 0x07, 0xE0, 0x00, 0x2C, 0x00, 0x0B, 0xD0, 0x00,
    0x28, 0x00, 0x0F, 0xC0, 0x00, 0x28, 0x00, 0x0F, 0xC0, 0x00, 0x00, 0x00, 0x1F, 0xEF, 0xFE, 0x40,
    0x00, 0x2F, 0x80, 0x1F, 0xE0, 0x00, 0x3F, 0x00, 0x07, 0xF4, 0x00, 0x3F, 0x00, 0x03, 0xF8, 0x00,
    0x7E, 0x00, 0x03, 0xF4, 0x00, 0xBD, 0x00, 0x07, 0xF0, 0x00, 0xFC, 0x00, 0x0F, 0xF0, 0x00, 0xFC,
    0x00, 0x1F, 0xC0, 0x02, 0xF8, 0x00, 0xBF, 0x00, 0x3F, 0xFF, 0xFF, 0xE4, 0x00, 0x00, 0x3F, 0xFF,
    0xFF, 0xE0, 0x00, 0x03, 0xF0, 0x01, 0xFC, 0x00, 0x03, 0xF0, 0x00, 0xBE, 0x00, 0x07, 0xE0, 0x00,
    0xBE, 0x00, 0x0B, 0xD0, 0x00, 0xFE, 0x00, 0x0F, 0xD0, 0x00, 0xFC, 0x00, 0x0F, 0xC0, 0x02, 0xF4,
    0x00, 0x1F, 0xC0, 0x1F, 0xD0, 0x00, 0x2F, 0xFF, 0xFE, 0x00, 0x00, 0x3F, 0x40, 0x0B, 0xD0, 0x00,
    0x3F, 0x00, 0x03, 0xF0, 0x00, 0x7F, 0x00, 0x03, 0xF4, 0x00, 0xBE, 0x00, 0x03, 0xF4, 0x00, 0xFD,
    0x00, 0x07, 0xF0, 0x00, 0xFC, 0x00, 0x0F, 0xD0, 0x02, 0xFC, 0x00, 0x7F, 0x40, 0x3F, 0xFF, 0xFF,
    0xF4, 0x00, 0x00, 0x3F, 0xFF, 0xFF, 0xF0, 0x00, 0x3F, 0x40, 0x2F, 0x00, 0x03, 0xF0, 0x00, 0xF0,
    0x00, 0x7F, 0x00, 0x0E, 0x00, 0x0B, 0xE0, 0x00, 0xE0, 0x00, 0xFD, 0x00, 0x0D, 0x00, 0x0F, 0xC0,
    0x00, 0x00, 0x01, 0xFC, 0x00, 0x00, 0x00, 0x2F, 0x80, 0x00, 0x00, 0x03, 0xF4, 0x00, 0x00, 0x00,
    0x3F, 0x00, 0x00, 0x00, 0x07, 0xF0, 0x00, 0x00, 0x00, 0xBE, 0x00, 0x00, 0x00, 0x0F, 0xD0, 0x00,
    0x00, 0x00, 0xFC, 0x00, 0x00, 0x00, 0x1F, 0xC0, 0x00, 0x00, 0x7F, 0xFF, 0xF0, 0x00, 0x00, 0x00,
    0x00, 0x0B, 0xFF, 0xFF, 0xFF, 0xF0, 0x00, 0x00, 0x07, 0x00, 0x1F, 0xC0, 0x00, 0x00, 0x00, 0xB0,
    0x02, 0xFC, 0x00, 0x00, 0x00, 0x0E, 0x00, 0x3F, 0x80, 0x00, 0x00, 0x00, 0xC0, 0x03, 0xF4, 0x00,
    0x00, 0x00, 0x1C, 0x00, 0x7F, 0x00, 0x00, 0x00, 0x03, 0x80, 0x0B, 0xF0, 0x00, 0x00, 0x00, 0x30,
    0x00, 0xFE, 0x00, 0x00, 0x00, 0x0A, 0x00, 0x0F, 0xD0, 0x00, 0x00, 0x00, 0xC0, 0x01, 0xFC, 0x00,
    0x00, 0x00, 0x28, 0x00, 0x2F, 0xC0, 0x00, 0x00, 0x07, 0x00, 0x03, 0xF8, 0x00, 0x00, 0x00, 0xD0,
    0x00, 0x3F, 0x40, 0x00, 0x00, 0x2C, 0x00, 0x07, 0xF0, 0x00, 0x00, 0x0B, 0x00, 0x00, 0xBF, 0x00,
    0x00, 0x02, 0xC0, 0x00, 0x0F, 0xE0, 0x00, 0x0B, 0xFF, 0xFF, 0xFF, 0xFF, 0xF4, 0x00, 0xF9, 0x00,
    0x00, 0x00, 0x2F, 0x00, 0x1D, 0x00, 0x00, 0x00, 0x00, 0xB0, 0x03, 0xC0, 0x00, 0x00, 0x00, 0x0B,
    0x00, 0x34, 0x00, 0x00, 0x00, 0x00, 0xB0, 0x07, 0x00, 0x00, 0x00, 0x00, 0x0A, 0x00, 0x00, 0x3F,
    0xFF, 0xFF, 0xFC, 0x00, 0x03, 0xF4, 0x00, 0xBC, 0x00, 0x03, 0xF0, 0x00, 0x3C, 0x00, 0x07, 0xF0,
    0x00, 0x2C, 0x00, 0x0B, 0xF0, 0x00, 0x38, 0x00, 0x0F, 0xE0, 0x30, 0x24, 0x00, 0x0F, 0xD0, 0x70,
    0x00, 0x00, 0x1F, 0xC1, 0xF0, 0x00, 0x00, 0x2F, 0xFF, 0xE0, 0x00, 0x00, 0x3F, 0x82, 0xD0, 0x00,
    0x00, 0x3F, 0x41, 0xC0, 0x10, 0x00, 0x7F, 0x01, 0x80, 0xE0, 0x00, 0xBF, 0x00, 0x00, 0xD0, 0x00,
    0xFE, 0x00, 0x03, 0xC0, 0x00, 0xFD, 0x00, 0x0B, 0x40, 0x02, 0xFC, 0x00, 0x7F, 0x00, 0x3F, 0xFF,
    0xFF, 0xFD, 0x00, 0x00, 0x7F, 0xF8, 0x0B, 0xFF, 0xFC, 0x0B, 0xFF, 0x80, 0x01, 0xF0, 0x00, 0x1F,
    0xC0, 0x00, 0x7D, 0x00, 0x00, 0x1E, 0x00, 0x0B, 0xF0, 0x00, 0xB8, 0x00, 0x00, 0x02, 0xE0, 0x03,
    0xF8, 0x00, 0xB4, 0x00, 0x00, 0x00, 0x2D, 0x00, 0xFD, 0x00, 0xF0, 0x00, 0x00, 0x00, 0x03, 0xC0,
    0x7F, 0x01, 0xE0, 0x00, 0x00, 0x00, 0x00, 0x7C, 0x2F, 0xC2, 0xD0, 0x00, 0x00, 0x00, 0x00, 0x3F,
    0x8F, 0xE3, 0xF8, 0x00, 0x00, 0x00, 0x00, 0x3F, 0xFB, 0xFB, 0xFF, 0x00, 0x00, 0x00, 0x00, 0x2F,
    0xCB, 0xFF, 0x4F, 0xD0, 0x00, 0x00, 0x00, 0x2F, 0xC0, 0xFF, 0x02, 0xFC, 0x00, 0x00, 0x00, 0x2F,
    0xC0, 0x3F, 0x80, 0x7F, 0x40, 0x00, 0x00, 0x2F, 0xC0, 0x0F, 0xD0, 0x0F, 0xF0, 0x00, 0x00, 0x1F,
    0xC0, 0x07, 0xF0, 0x01, 0xFC, 0x00, 0x00, 0x1F, 0xD0, 0x02, 0xFC, 0x00, 0x3F, 0x80, 0x00, 0x1F,
    0xD0, 0x00, 0xFE, 0x00, 0x0B, 0xF0, 0x00, 0xFF, 0xFE, 0x0B, 0xFF, 0xFC, 0x1F, 0xFF, 0xC0, 0x00,
    0x01, 0xD6, 0xFF, 0x80, 0x02, 0xFD, 0x02, 0xF8, 0x03, 0xE0, 0x00, 0xFC, 0x03, 0x80, 0x00, 0xFD,
    0x07, 0x00, 0x00, 0xFD, 0x00, 0x00, 0x01, 0xFC, 0x00, 0x00, 0x03, 0xF0, 0x00, 0x00, 0x1F, 0x80,
    0x00, 0x2F, 0xFC, 0x00, 0x00, 0x00, 0x1F, 0x80, 0x00, 0x00, 0x0B, 0xE0, 0x00, 0x00, 0x07, 0xF0,
    0xA0, 0x00, 0x0B, 0xF0, 0xE0, 0x00, 0x0F, 0xE0, 0xF0, 0x00, 0x2F, 0x80, 0x79, 0x01, 0xFE, 0x00,
    0x0B, 0xFF, 0x90, 0x00, 0x00, 0x3F, 0xFF, 0xD2, 0xFF, 0xFF, 0x00, 0x03, 0xF8, 0x00, 0x2F, 0xC0,
    0x00, 0x03, 0xF0, 0x00, 0xBF, 0xC0, 0x00, 0x07, 0xF0, 0x01, 0xFF, 0x80, 0x00, 0x0B, 0xE0, 0x07,
    0xBF, 0x40, 0x00, 0x0F, 0xD0, 0x0E, 0x7F, 0x00, 0x00, 0x0F, 0xC0, 0x3C, 0xBF, 0x00, 0x00, 0x1F,
    0xC0, 0xF0, 0xFE, 0x00, 0x00, 0x2F, 0x82, 0xC0, 0xFD, 0x00, 0x00, 0x3F, 0x4B, 0x41, 0xFC, 0x00,
    0x00, 0x3F, 0x1E, 0x02, 0xFC, 0x00, 0x00, 0x7F, 0x78, 0x03, 0xF8, 0x00, 0x00, 0xBF, 0xF0, 0x03,
    0xF4, 0x00, 0x00, 0xFF, 0xC0, 0x07, 0xF0, 0x00, 0x00, 0xFF, 0x00, 0x0B, 0xF0, 0x00, 0x01, 0xFD,
    0x00, 0x0F, 0xE0, 0x00, 0x3F, 0xFF, 0xD2, 0xFF, 0xFF, 0x00, 0x00, 0x00, 0x00, 0xF4, 0x00, 0x00,
    0x00, 0x00, 0x02, 0xF8, 0x00, 0x00, 0x00, 0x00, 0x03, 0xF0, 0x0A, 0x00, 0x00, 0x00, 0x00, 0xBF,
    0xE4, 0x00, 0x00, 0x00, 0x00, 0x00, 0x00, 0x00, 0x00, 0x00, 0x00, 0x00, 0x00, 0x00, 0x00, 0x3F,
    0xFF, 0xD2, 0xFF, 0xFF, 0x00, 0x03, 0xF8, 0x00, 0x2F, 0xC0, 0x00, 0x03, 0xF0, 0x00, 0xBF, 0xC0,
    0x00, 0x07, 0xF0, 0x01, 0xFF, 0x80, 0x00, 0x0B, 0xE0, 0x07, 0xBF, 0x40, 0x00, 0x0F, 0xD0, 0x0E,
    0x7F, 0x00, 0x00, 0x0F, 0xC0, 0x3C, 0xBF, 0x00, 0x00, 0x1F, 0xC0, 0xF0, 0xFE, 0x00, 0x00, 0x2F,
    0x82, 0xC0, 0xFD, 0x00, 0x00, 0x3F, 0x4B, 0x41, 0xFC, 0x00, 0x00, 0x3F, 0x1E, 0x02, 0xFC, 0x00,
    0x00, 0x7F, 0x78, 0x03, 0xF8, 0x00, 0x00, 0xBF, 0xF0, 0x03, 0xF4, 0x00, 0x00, 0xFF, 0xC0, 0x07,
    0xF0, 0x00, 0x00, 0xFF, 0x00, 0x0B, 0xF0, 0x00, 0x01, 0xFD, 0x00, 0x0F, 0xE0, 0x00, 0x3F, 0xFF,
    0xD2, 0xFF, 0xFF, 0x00, 0x00, 0x3F, 0xFF, 0xD0, 0x3F, 0xFC, 0x00, 0x03, 0xF8, 0x00, 0x0F, 0x40,
    0x00, 0x03, 0xF0, 0x00, 0x3C, 0x00, 0x00, 0x07, 0xF0, 0x01, 0xE0, 0x00, 0x00, 0x0B, 0xF0, 0x0B,
    0x40, 0x00, 0x00, 0x0F, 0xE0, 0x3C, 0x00, 0x00, 0x00, 0x0F, 0xD1, 0xF0, 0x00, 0x00, 0x00, 0x1F,
    0xCB, 0xF0, 0x00, 0x00, 0x00, 0x2F, 0xFF, 0xF4, 0x00, 0x00, 0x00, 0x3F, 0xE2, 0xFC, 0x00, 0x00,
    0x00, 0x3F, 0x81, 0xFD, 0x00, 0x00, 0x00, 0x7F, 0x00, 0xFF, 0x00, 0x00, 0x00, 0xBE, 0x00, 0x7F,
    0x00, 0x00, 0x00, 0xFD, 0x00, 0x3F, 0x80, 0x00, 0x00, 0xFD, 0x00, 0x2F, 0xC0, 0x00, 0x01, 0xFC,
    0x00, 0x0F, 0xE0, 0x00, 0x3F, 0xFF, 0xD0, 0xFF, 0xFD, 0x00, 0x00, 0x02, 0xFF, 0xFF, 0xFF, 0xFC,
    0x00, 0x00, 0x70, 0x01, 0xFC, 0x00, 0x00, 0x02, 0xC0, 0x0B, 0xF0, 0x00, 0x00, 0x0E, 0x00, 0x3F,
    0x80, 0x00, 0x00, 0x34, 0x00, 0xFD, 0x00, 0x00, 0x01, 0xC0, 0x07, 0xF0, 0x00, 0x00, 0x0A, 0x00,
    0x2F, 0xC0, 0x00, 0x00, 0x34, 0x00, 0xFE, 0x00, 0x00, 0x01, 0xC0, 0x03, 0xF4, 0x00, 0x00, 0x0B,
    0x00, 0x1F, 0xC0, 0x00, 0x00, 0x34, 0x00, 0xBF, 0x00, 0x00, 0x01, 0xC0, 0x03, 0xF8, 0x00, 0x3D,
    0x0E, 0x00, 0x0F, 0xD0, 0x02, 0xFC, 0x70, 0x00, 0x7F, 0x00, 0x0F, 0xE3, 0x80, 0x02, 0xFC, 0x00,
    0x3E, 0x78, 0x00, 0x0F, 0xE0, 0x00, 0x3F, 0x40, 0x0B, 0xFF, 0xFC, 0x00, 0x00, 0x00, 0x00, 0x00,
    0x00, 0x00, 0x00, 0x3F, 0xFC, 0x00, 0x00, 0x0F, 0xFF, 0x40, 0x00, 0xFF, 0x40, 0x00, 0x0B, 0xF8,
    0x00, 0x00, 0x3B, 0xE0, 0x00, 0x06, 0xFC, 0x00, 0x00, 0x1D, 0xF8, 0x00, 0x03, 0x3F, 0x00, 0x00,
    0x0B, 0x3F, 0x00, 0x02, 0x5F, 0x80, 0x00, 0x03, 0x8F, 0xC0, 0x01, 0xCB, 0xD0, 0x00, 0x00, 0xD2,
    0xF0, 0x00, 0xC3, 0xF0, 0x00, 0x00, 0x70, 0xBD, 0x00, 0x90, 0xFC, 0x00, 0x00, 0x2C, 0x1F, 0x40,
    0x70, 0x7E, 0x00, 0x00, 0x0E, 0x03, 0xE0, 0x30, 0x2F, 0x40, 0x00, 0x03, 0x40, 0xFC, 0x24, 0x0F,
    0xC0, 0x00, 0x01, 0xC0, 0x3F, 0x1C, 0x03, 0xF0, 0x00, 0x00, 0xB0, 0x0F, 0xCC, 0x01, 0xFC, 0x00,
    0x00, 0x38, 0x02, 0xFE, 0x00, 0xBE, 0x00, 0x00, 0x0D, 0x00, 0x7F, 0x00, 0x3F, 0x40, 0x00, 0x0B,
    0x40, 0x1F, 0x00, 0x0F, 0xC0, 0x00, 0x7F, 0xFD, 0x03, 0x40, 0xFF, 0xFF, 0x40, 0x00, 0x00, 0x3F,
    0xFF, 0xD2, 0xFF, 0xFF, 0x00, 0x03, 0xF8, 0x00, 0x1F, 0xC0, 0x00, 0x03, 0xF0, 0x00, 0x2F, 0xC0,
    0x00, 0x07, 0xF0, 0x00, 0x3F, 0x80, 0x00, 0x0B, 0xF0, 0x00, 0x3F, 0x40, 0x00, 0x0F, 0xE0, 0x00,
    0x7F, 0x00, 0x00, 0x0F, 0xD0, 0x00, 0xBF, 0x00, 0x00, 0x1F, 0xC0, 0x00, 0xFE, 0x00, 0x00, 0x2F,
    0xFF, 0xFF, 0xFD, 0x00, 0x00, 0x3F, 0x80, 0x01, 0xFC, 0x00, 0x00, 0x3F, 0x40, 0x02, 0xFC, 0x00,
    0x00, 0x7F, 0x00, 0x03, 0xF8, 0x00, 0x00, 0xBF, 0x00, 0x03, 0xF4, 0x00, 0x00, 0xFE, 0x00, 0x07,
    0xF0, 0x00, 0x00, 0xFD, 0x00, 0x0B, 0xF0, 0x00, 0x01, 0xFC, 0x00, 0x0F, 0xE0, 0x00, 0x3F, 0xFF,
    0xD2, 0xFF, 0xFF, 0x00, 0x00, 0x00, 0x6F, 0xF9, 0x00, 0x00, 0x1F, 0x80, 0x7E, 0x00, 0x02, 0xF0,
    0x00, 0x3E, 0x00, 0x3F, 0x00, 0x00, 0xFC, 0x02, 0xF4, 0x00, 0x02, 0xF4, 0x1F, 0xC0, 0x00, 0x0B,
    0xE0, 0xFE, 0x00, 0x00, 0x3F, 0x87, 0xF0, 0x00, 0x00, 0xFD, 0x2F, 0xC0, 0x00, 0x07, 0xF4, 0xFE,
    0x00, 0x00, 0x2F, 0xC3, 0xF8, 0x00, 0x00, 0xFE, 0x0F, 0xD0, 0x00, 0x07, 0xF0, 0x3F, 0x40, 0x00,
    0x3F, 0x40, 0xBE, 0x00, 0x02, 0xF8, 0x00, 0xFC, 0x00, 0x2F, 0x40, 0x01, 0xFD, 0x07, 0xF0, 0x00,
    0x00, 0x7F, 0xF9, 0x00, 0x00, 0x00, 0x3F, 0xFF, 0xFF, 0xFF, 0xFF, 0x00, 0x03, 0xF8, 0x00, 0x1F,
    0xC0, 0x00, 0x03, 0xF0, 0x00, 0x2F, 0xC0, 0x00, 0x07, 0xF0, 0x00, 0x3F, 0x80, 0x00, 0x0B, 0xE0,
    0x00, 0x3F, 0x40, 0x00, 0x0F, 0xD0, 0x00, 0x7F, 0x00, 0x00, 0x0F, 0xD0, 0x00, 0xBF, 0x00, 0x00,
    0x1F, 0xC0, 0x00, 0xFE, 0x00, 0x00, 0x2F, 0xC0, 0x00, 0xFD, 0x00, 0x00, 0x3F, 0x80, 0x01, 0xFC,
    0x00, 0x00, 0x3F, 0x40, 0x02, 0xFC, 0x00, 0x00, 0x7F, 0x00, 0x03, 0xF8, 0x00, 0x00, 0xBF, 0x00,
    0x03, 0xF4, 0x00, 0x00, 0xFE, 0x00, 0x07, 0xF0, 0x00, 0x00, 0xFD, 0x00, 0x0B, 0xF0, 0x00, 0x01,
    0xFC, 0x00, 0x0F, 0xE0, 0x00, 0x3F, 0xFF, 0xD2, 0xFF, 0xFF, 0x00, 0x00, 0x3F, 0xFF, 0xFF, 0x90,
    0x00, 0x03, 0xF4, 0x01, 0xFC, 0x00, 0x03, 0xF0, 0x00, 0xFD, 0x00, 0x07, 0xF0, 0x00, 0xFE, 0x00,
    0x0B, 0xE0, 0x00, 0xFD, 0x00, 0x0F, 0xC0, 0x01, 0xFC, 0x00, 0x0F, 0xC0, 0x03, 0xF4, 0x00, 0x1F,
    0x80, 0x1F, 0xD0, 0x00, 0x2F, 0xFF, 0xF9, 0x00, 0x00, 0x3F, 0x40, 0x00, 0x00, 0x00, 0x3F, 0x00,
    0x00, 0x00, 0x00, 0x7F, 0x00, 0x00, 0x00, 0x00, 0xBE, 0x00, 0x00, 0x00, 0x00, 0xFD, 0x00, 0x00,
    0x00, 0x00, 0xFC, 0x00, 0x00, 0x00, 0x01, 0xFC, 0x00, 0x00, 0x00, 0x7F, 0xFF, 0xD0, 0x00, 0x00,
    0x00, 0x00, 0x00, 0x00, 0x00, 0x00, 0x01, 0xBF, 0xF4, 0x28, 0x00, 0x7F, 0x40, 0x7F, 0xD0, 0x0B,
    0xE0, 0x00, 0x3F, 0x00, 0xFD, 0x00, 0x00, 0xBC, 0x0B, 0xE0, 0x00, 0x01, 0xE0, 0x7F, 0x00, 0x00,
    0x07, 0x43, 0xF8, 0x00, 0x00, 0x08, 0x1F, 0xD0, 0x00, 0x00, 0x00, 0xBF, 0x00, 0x00, 0x00, 0x03,
    0xF8, 0x00, 0x00, 0x00, 0x0F, 0xE0, 0x00, 0x00, 0x00, 0x3F, 0x40, 0x00, 0x02, 0x80, 0xFD, 0x00,
    0x00, 0x0D, 0x01, 0xF8, 0x00, 0x00, 0xE0, 0x03, 0xF0, 0x00, 0x0E, 0x00, 0x02, 0xF8, 0x02, 0xD0,
    0x00, 0x00, 0xBF, 0xE4, 0x00, 0x00, 0x0B, 0xFF, 0xFF, 0xFF, 0xE0, 0xF4, 0x0F, 0xD0, 0x2E, 0x1D,
    0x00, 0xFC, 0x00, 0xE2, 0xC0, 0x1F, 0xC0, 0x0D, 0x34, 0x02, 0xFC, 0x00, 0xC7, 0x00, 0x3F, 0x80,
    0x1C, 0x00, 0x03, 0xF4, 0x00, 0x00, 0x00, 0x7F, 0x00, 0x00, 0x00, 0x0B, 0xF0, 0x00, 0x00, 0x00,
    0xFE, 0x00, 0x00, 0x00, 0x0F, 0xD0, 0x00, 0x00, 0x01, 0xFC, 0x00, 0x00, 0x00, 0x2F, 0xC0, 0x00,
    0x00, 0x03, 0xF8, 0x00, 0x00, 0x00, 0x3F, 0x40, 0x00, 0x00, 0x07, 0xF0, 0x00, 0x00, 0x7F, 0xFF,
    0xFD, 0x00, 0x00, 0x00, 0x00, 0x00, 0x00, 0x00, 0x7F, 0xFF, 0x80, 0x2F, 0xFD, 0x03, 0xF8, 0x00,
    0x03, 0xC0, 0x02, 0xFC, 0x00, 0x07, 0x00, 0x01, 0xFD, 0x00, 0x0E, 0x00, 0x00, 0xFE, 0x00, 0x2C,
    0x00, 0x00, 0xBF, 0x00, 0x74, 0x00, 0x00, 0x3F, 0x40, 0xF0, 0x00, 0x00, 0x3F, 0xC2, 0xC0, 0x00,
    0x00, 0x2F, 0xC3, 0x80, 0x00, 0x00, 0x0F, 0xEF, 0x00, 0x00, 0x00, 0x0F, 0xFD, 0x00, 0x00, 0x00,
    0x07, 0xF8, 0x00, 0x00, 0x2F, 0x03, 0xF0, 0x00, 0x00, 0x7F, 0x02, 0xD0, 0x00, 0x00, 0x7F, 0x03,
    0x40, 0x00, 0x00, 0x3C, 0x1D, 0x00, 0x00, 0x00, 0x1F, 0xE0, 0x00, 0x00, 0x00, 0x00, 0x03, 0xFF,
    0xFF, 0x80, 0x00, 0x00, 0x0F, 0xC0, 0x00, 0x00, 0x1B, 0xFF, 0xFF, 0x80, 0x01, 0xFD, 0x2F, 0x87,
    0xF8, 0x0B, 0xE0, 0x2F, 0x40, 0xFD, 0x1F, 0xC0, 0x3F, 0x00, 0xBE, 0x3F, 0x40, 0x3F, 0x00, 0xBE,
    0x7F, 0x00, 0x7E, 0x00, 0xFE, 0xBF, 0x00, 0xBD, 0x00, 0xFD, 0xBE, 0x00, 0xFC, 0x01, 0xFC, 0xBE,
    0x00, 0xFC, 0x03, 0xF4, 0x7F, 0x01, 0xFC, 0x0B, 0xE0, 0x2F, 0xD2, 0xF8, 0x7F, 0x40, 0x01, 0xFF,
    0xFF, 0xE4, 0x00, 0x00, 0x03, 0xF0, 0x00, 0x00, 0x00, 0x07, 0xF0, 0x00, 0x00, 0x03, 0xFF, 0xFF,
    0x80, 0x00, 0x00, 0x3F, 0xFF, 0xC3, 0xFF, 0xF0, 0x00, 0x0B, 0xF4, 0x01, 0xE0, 0x00, 0x00, 0x0F,
    0xE0, 0x0E, 0x00, 0x00, 0x00, 0x2F, 0xC0, 0xF0, 0x00, 0x00, 0x00, 0x7F, 0x4F, 0x00, 0x00, 0x00,
    0x00, 0xFF, 0xF0, 0x00, 0x00, 0x00, 0x02, 0xFF, 0x00, 0x00, 0x00, 0x00, 0x03, 0xF8, 0x00, 0x00,
    0x00, 0x00, 0x0F, 0xF0, 0x00, 0x00, 0x00, 0x00, 0x7F, 0xD0, 0x00, 0x00, 0x00, 0x07, 0xBF, 0xC0,
    0x00, 0x00, 0x00, 0x78, 0xBF, 0x00, 0x00, 0x00, 0x03, 0x80, 0xFE, 0x00, 0x00, 0x00, 0x38, 0x03,
    0xFC, 0x00, 0x00, 0x03, 0xC0, 0x07, 0xF4, 0x00, 0x00, 0x7C, 0x00, 0x0F, 0xF0, 0x00, 0x3F, 0xFE,
    0x03, 0xFF, 0xFC, 0x00, 0x00, 0x00, 0x00, 0x00, 0x00, 0x00, 0x00, 0x3F, 0xFF, 0xD2, 0xFF, 0xFF,
    0x00, 0x03, 0xF8, 0x00, 0x1F, 0xC0, 0x00, 0x03, 0xF0, 0x00, 0x2F, 0xC0, 0x00, 0x07, 0xF0, 0x00,
    0x3F, 0x80, 0x00, 0x0B, 0xE0, 0x00, 0x3F, 0x40, 0x00, 0x0F, 0xD0, 0x00, 0x7F, 0x00, 0x00, 0x0F,
    0xD0, 0x00, 0xBF, 0x00, 0x00, 0x1F, 0xC0, 0x00, 0xFE, 0x00, 0x00, 0x2F, 0xC0, 0x00, 0xFD, 0x00,
    0x00, 0x3F, 0x80, 0x01, 0xFC, 0x00, 0x00, 0x3F, 0x40, 0x02, 0xFC, 0x00, 0x00, 0x7F, 0x00, 0x03,
    0xF8, 0x00, 0x00, 0xBF, 0x00, 0x03, 0xF4, 0x00, 0x00, 0xFE, 0x00, 0x07, 0xF0, 0x00, 0x00, 0xFD,
    0x00, 0x0B, 0xF0, 0x00, 0x02, 0xFC, 0x00, 0x0F, 0xE0, 0x00, 0x3F, 0xFF, 0xFF, 0xFF, 0xFF, 0x00,
    0x00, 0x00, 0x00, 0x00, 0x2F, 0x00, 0x00, 0x00, 0x00, 0x00, 0x0F, 0x00, 0x00, 0x00, 0x00, 0x00,
    0x0B, 0x00, 0x00, 0x00, 0x00, 0x00, 0x0B, 0x00, 0x00, 0x00, 0x00, 0x00, 0x0A, 0x00, 0x3F, 0xFF,
    0xD2, 0xFF, 0xFF, 0x03, 0xF8, 0x00, 0x1F, 0xC0, 0x03, 0xF0, 0x00, 0x2F, 0xC0, 0x07, 0xF0, 0x00,
    0x3F, 0x80, 0x0B, 0xE0, 0x00, 0x3F, 0x40, 0x0F, 0xD0, 0x00, 0x7F, 0x00, 0x0F, 0xD0, 0x00, 0xBF,
    0x00, 0x0F, 0xC0, 0x00, 0xFE, 0x00, 0x07, 0xE0, 0x07, 0xFD, 0x00, 0x01, 0xBF, 0xE6, 0xFC, 0x00,
    0x00, 0x00, 0x02, 0xFC, 0x00, 0x00, 0x00, 0x03, 0xF8, 0x00, 0x00, 0x00, 0x03, 0xF4, 0x00, 0x00,
    0x00, 0x07, 0xF0, 0x00, 0x00, 0x00, 0x0B, 0xF0, 0x00, 0x00, 0x00, 0x0F, 0xE0, 0x00, 0x00, 0x02,
    0xFF, 0xFF, 0x00, 0x00, 0x00, 0x00, 0x00, 0x00, 0x00, 0x00, 0x00, 0x00, 0x00, 0x00, 0x00, 0x00,
    0x00, 0x03, 0xFF, 0xFD, 0x3F, 0xFF, 0xE3, 0xFF, 0xFF, 0x00, 0x03, 0xF8, 0x00, 0x3F, 0xC0, 0x02,
    0xFC, 0x00, 0x00, 0x3F, 0x00, 0x03, 0xF4, 0x00, 0x2F, 0x80, 0x00, 0x07, 0xF0, 0x00, 0x3F, 0x00,
    0x03, 0xF4, 0x00, 0x00, 0xBE, 0x00, 0x07, 0xF0, 0x00, 0x3F, 0x00, 0x00, 0x0F, 0xD0, 0x00, 0xBE,
    0x00, 0x07, 0xF0, 0x00, 0x00, 0xFC, 0x00, 0x0F, 0xD0, 0x00, 0xBE, 0x00, 0x00, 0x1F, 0xC0, 0x00,
    0xFC, 0x00, 0x0F, 0xD0, 0x00, 0x02, 0xF8, 0x00, 0x1F, 0xC0, 0x00, 0xFD, 0x00, 0x00, 0x3F, 0x80,
    0x02, 0xF8, 0x00, 0x1F, 0xC0, 0x00, 0x03, 0xF4, 0x00, 0x3F, 0x80, 0x02, 0xFC, 0x00, 0x00, 0x7F,
    0x00, 0x03, 0xF4, 0x00, 0x3F, 0x80, 0x00, 0x0B, 0xF0, 0x00, 0x7F, 0x00, 0x03, 0xF4, 0x00, 0x00,
    0xFE, 0x00, 0x0B, 0xF0, 0x00, 0x7F, 0x00, 0x00, 0x0F, 0xD0, 0x00, 0xFE, 0x00, 0x0B, 0xF0, 0x00,
    0x02, 0xFC, 0x00, 0x0F, 0xD0, 0x00, 0xFE, 0x00, 0x03, 0xFF, 0xFF, 0xFF, 0xFF, 0xFF, 0xFF, 0xFF,
    0x00, 0x00, 0x00, 0x00, 0x00, 0x00, 0x00, 0x00, 0x00, 0x00, 0x07, 0xFF, 0xFD, 0x3F, 0xFF, 0xE3,
    0xFF, 0xFF, 0x00, 0x03, 0xF8, 0x00, 0x3F, 0xC0, 0x02, 0xFC, 0x00, 0x00, 0x3F, 0x00, 0x03, 0xF4,
    0x00, 0x2F, 0x80, 0x00, 0x07, 0xF0, 0x00, 0x3F, 0x00, 0x03, 0xF4, 0x00, 0x00, 0xBE, 0x00, 0x07,
    0xF0, 0x00, 0x3F, 0x00, 0x00, 0x0F, 0xD0, 0x00, 0xBE, 0x00, 0x07, 0xF0, 0x00, 0x00, 0xFC, 0x00,
    0x0F, 0xD0, 0x00, 0xBE, 0x00, 0x00, 0x1F, 0xC0, 0x00, 0xFC, 0x00, 0x0F, 0xE0, 0x00, 0x02, 0xF8,
    0x00, 0x1F, 0xC0, 0x00, 0xFD, 0x00, 0x00, 0x3F, 0x80, 0x02, 0xFC, 0x00, 0x1F, 0xC0, 0x00, 0x03,
    0xF4, 0x00, 0x3F, 0x80, 0x02, 0xFC, 0x00, 0x00, 0x7F, 0x00, 0x03, 0xF4, 0x00, 0x3F, 0x80, 0x00,
    0x0B, 0xF0, 0x00, 0x7F, 0x00, 0x03, 0xF4, 0x00, 0x00, 0xFE, 0x00, 0x0B, 0xF0, 0x00, 0x7F, 0x00,
    0x00, 0x0F, 0xD0, 0x00, 0xFE, 0x00, 0x0B, 0xF0, 0x00, 0x02, 0xFC, 0x00, 0x0F, 0xD0, 0x00, 0xFE,
    0x00, 0x03, 0xFF, 0xFF, 0xFF, 0xFF, 0xFF, 0xFF, 0xFF, 0x00, 0x00, 0x00, 0x00, 0x00, 0x00, 0x00,
    0x02, 0xF0, 0x00, 0x00, 0x00, 0x00, 0x00, 0x00, 0x00, 0x0F, 0x00, 0x00, 0x00, 0x00, 0x00, 0x00,
    0x00, 0x00, 0xB0, 0x00, 0x00, 0x00, 0x00, 0x00, 0x00, 0x00, 0x0B, 0x00, 0x00, 0x00, 0x00, 0x00,
    0x00, 0x00, 0x00, 0xA0, 0x00, 0x0B, 0xFF, 0xFF, 0xC0, 0x00, 0x0F, 0x40, 0xBD, 0x00, 0x00, 0x1D,
    0x00, 0xFC, 0x00, 0x00, 0x2C, 0x00, 0xFC, 0x00, 0x00, 0x34, 0x01, 0xF8, 0x00, 0x00, 0x70, 0x02,
    0xF8, 0x00, 0x00, 0x00, 0x03, 0xF4, 0x00, 0x00, 0x00, 0x03, 0xFB, 0xFF, 0xE0, 0x00, 0x07, 0xF4,
    0x02, 0xFC, 0x00, 0x0B, 0xE0, 0x00, 0xFE, 0x00, 0x0F, 0xD0, 0x00, 0xFF, 0x00, 0x0F, 0xC0, 0x00,
    0xFE, 0x00, 0x1F, 0xC0, 0x00, 0xFD, 0x00, 0x2F, 0x80, 0x02, 0xFC, 0x00, 0x3F, 0x40, 0x03, 0xF4,
    0x00, 0x7F, 0x00, 0x1F, 0xD0, 0x0F, 0xFF, 0xFF, 0xFD, 0x00, 0x00, 0x00, 0x00, 0x00, 0x00, 0x00,
    0x00, 0x00, 0x0F, 0xFF, 0xF0, 0x00, 0x2F, 0xFF, 0xF0, 0x00, 0x3F, 0x40, 0x00, 0x00, 0x7F, 0x00,
    0x00, 0x0F, 0xC0, 0x00, 0x00, 0x2F, 0xC0, 0x00, 0x07, 0xE0, 0x00, 0x00, 0x0F, 0xE0, 0x00, 0x02,
    0xF4, 0x00, 0x00, 0x03, 0xF4, 0x00, 0x00, 0xFC, 0x00, 0x00, 0x01, 0xFC, 0x00, 0x00, 0x3F, 0x00,
    0x00, 0x00, 0xBF, 0x00, 0x00, 0x1F, 0xEF, 0xFE, 0x40, 0x3F, 0x80, 0x00, 0x0B, 0xE0, 0x07, 0xF8,
    0x0F, 0xD0, 0x00, 0x03, 0xF0, 0x00, 0x7F, 0x47, 0xF0, 0x00, 0x00, 0xFC, 0x00, 0x0F, 0xE2, 0xFC,
    0x00, 0x00, 0x7E, 0x00, 0x03, 0xF4, 0xFE, 0x00, 0x00, 0x2F, 0x40, 0x01, 0xFC, 0x3F, 0x40, 0x00,
    0x0F, 0xC0, 0x00, 0xFF, 0x1F, 0xC0, 0x00, 0x03, 0xF0, 0x00, 0x7F, 0x0B, 0xF0, 0x00, 0x02, 0xF8,
    0x00, 0xBF, 0x03, 0xF8, 0x00, 0x0F, 0xFF, 0xFF, 0xF9, 0x2F, 0xFF, 0xF0, 0x00, 0x00, 0x00, 0x00,
    0x00, 0x00, 0x00, 0xFF, 0xFF, 0x00, 0x00, 0x00, 0x3F, 0x40, 0x00, 0x00, 0x00, 0xFC, 0x00, 0x00,
    0x00, 0x07, 0xE0, 0x00, 0x00, 0x00, 0x2F, 0x40, 0x00, 0x00, 0x00, 0xFC, 0x00, 0x00, 0x00, 0x03,
    0xF0, 0x00, 0x00, 0x00, 0x1F, 0xEF, 0xFE, 0x40, 0x00, 0xBE, 0x00, 0x7F, 0x80, 0x03, 0xF0, 0x00,
    0x7F, 0x40, 0x0F, 0xC0, 0x00, 0xFE, 0x00, 0x7E, 0x00, 0x03, 0xF4, 0x02, 0xF4, 0x00, 0x1F, 0xC0,
    0x0F, 0xC0, 0x00, 0xFF, 0x00, 0x3F, 0x00, 0x07, 0xF0, 0x02, 0xF8, 0x00, 0xBF, 0x00, 0xFF, 0xFF,
    0xFF, 0x90, 0x00, 0x01, 0xC1, 0xBF, 0xE0, 0x00, 0x2F, 0xE0, 0x1B, 0xE0, 0x03, 0xF0, 0x00, 0x2F,
    0x80, 0x3C, 0x00, 0x00, 0xFC, 0x07, 0x40, 0x00, 0x0B, 0xE0, 0xB0, 0x00, 0x00, 0xBF, 0x00, 0x00,
    0x00, 0x0B, 0xF0, 0x00, 0x00, 0x00, 0xFF, 0x00, 0xBF, 0xE0, 0x1F, 0xE0, 0x00, 0x6F, 0xFA, 0xFD,
    0x00, 0x00, 0x00, 0x3F, 0xC6, 0x00, 0x00, 0x07, 0xF4, 0xB0, 0x00, 0x00, 0xFE, 0x0B, 0x00, 0x00,
    0x2F, 0xC0, 0x34, 0x00, 0x0B, 0xE0, 0x01, 0xE0, 0x0B, 0xF4, 0x00, 0x02, 0xFF, 0xE0, 0x00, 0x00,
    0x00, 0x00, 0x00, 0x00, 0x00, 0x00, 0x00, 0x00, 0x01, 0xFF, 0xFF, 0x40, 0x02, 0xFF, 0xE0, 0x00,
    0x00, 0x3F, 0x40, 0x00, 0xBD, 0x02, 0xF4, 0x00, 0x01, 0xFC, 0x00, 0x1F, 0x80, 0x02, 0xF4, 0x00,
    0x0B, 0xF0, 0x01, 0xF8, 0x00, 0x07, 0xF0, 0x00, 0x3F, 0x80, 0x0F, 0xC0, 0x00, 0x0F, 0xC0, 0x00,
    0xFD, 0x00, 0xFD, 0x00, 0x00, 0x7F, 0x00, 0x07, 0xF0, 0x07, 0xF0, 0x00, 0x01, 0xFC, 0x00, 0x2F,
    0xC0, 0x3F, 0x80, 0x00, 0x0B, 0xF0, 0x00, 0xFF, 0xFF, 0xFD, 0x00, 0x00, 0x3F, 0x80, 0x03, 0xF4,
    0x07, 0xF0, 0x00, 0x00, 0xFD, 0x00, 0x1F, 0xC0, 0x1F, 0xC0, 0x00, 0x0B, 0xF0, 0x00, 0xBF, 0x00,
    0x7F, 0x00, 0x00, 0x3F, 0x40, 0x03, 0xF8, 0x01, 0xFC, 0x00, 0x01, 0xFC, 0x00, 0x0F, 0xD0, 0x03,
    0xF0, 0x00, 0x0F, 0xC0, 0x00, 0x7F, 0x00, 0x0B, 0xE0, 0x00, 0xFC, 0x00, 0x7F, 0xFF, 0xD0, 0x0B,
    0xE0, 0x2F, 0x80, 0x00, 0x00, 0x00, 0x00, 0x02, 0xFF, 0x90, 0x00, 0x00, 0x00, 0x00, 0x1B, 0xFF,
    0xFF, 0xFC, 0x00, 0x07, 0xF4, 0x01, 0xFC, 0x00, 0x00, 0x7F, 0x00, 0x0B, 0xF0, 0x00, 0x07, 0xF0,
    0x00, 0x3F, 0x80, 0x00, 0x2F, 0xC0, 0x00, 0xFD, 0x00, 0x00, 0xBF, 0x00, 0x07, 0xF0, 0x00, 0x01,
    0xFC, 0x00, 0x2F, 0xC0, 0x00, 0x02, 0xF8, 0x00, 0xFE, 0x00, 0x00, 0x00, 0xBF, 0xFF, 0xF4, 0x00,
    0x00, 0x00, 0xFE, 0x1F, 0xC0, 0x00, 0x00, 0x0F, 0xE0, 0xBF, 0x00, 0x00, 0x00, 0xFE, 0x03, 0xF8,
    0x00, 0x00, 0x0F, 0xE0, 0x0F, 0xD0, 0x00, 0x00, 0xFE, 0x00, 0x3F, 0x00, 0x00, 0x0F, 0xE0, 0x01,
    0xFC, 0x00, 0x01, 0xFE, 0x00, 0x0B, 0xE0, 0x00, 0xFF, 0xFF, 0x0B, 0xFF, 0xFC, 0x00, 0x00, 0xBF,
    0x84, 0x00, 0x3D, 0x0F, 0xD0, 0x0F, 0x80, 0x7D, 0x03, 0xF0, 0x0B, 0xC0, 0x7E, 0x00, 0xFC, 0x0B,
    0xD0, 0x0F, 0x80, 0xFC, 0x01, 0xF0, 0x0F, 0xC0, 0x2F, 0x1C, 0xBC, 0x03, 0xE2, 0x83, 0xC1, 0xFE,
    0x70, 0x0B, 0xE4, 0xBD, 0x00, 0x00, 0x00, 0x16, 0xF0, 0x00, 0x2F, 0xFF, 0x80, 0x0B, 0xFF, 0xF4,
    0x00, 0xBF, 0x40, 0x00, 0x07, 0xD0, 0x00, 0x00, 0x3C, 0x00, 0x00, 0x01, 0xE6, 0xFF, 0x40, 0x0B,
    0xF8, 0x0F, 0x40, 0x3F, 0x40, 0x1F, 0x00, 0xFC, 0x00, 0x7D, 0x07, 0xE0, 0x02, 0xF4, 0x2F, 0x40,
    0x0F, 0xC0, 0xFC, 0x00, 0x3F, 0x03, 0xF0, 0x02, 0xF4, 0x0B, 0xC0, 0x0F, 0x80, 0x0F, 0x81, 0xF4,
    0x00, 0x0B, 0xFE, 0x00, 0x00, 0x00, 0x2F, 0xF8, 0x00, 0xBD, 0x03, 0xC0, 0xFC, 0x00, 0x70, 0xFC,
    0x00, 0x3C, 0x7E, 0x00, 0x7D, 0x2F, 0xFF, 0xFD, 0x0B, 0xC0, 0x03, 0xF2, 0xF0, 0x00, 0xBC, 0x7C,
    0x00, 0x3F, 0x0B, 0xC0, 0x7F, 0x00, 0x6F, 0xF9, 0x00, 0x01, 0xBF, 0x90, 0x3E, 0x07, 0xC1, 0xC0,
    0x0F, 0x40, 0x00, 0xFC, 0x00, 0x7F, 0xE0, 0x1F, 0xFD, 0x02, 0xFE, 0x40, 0x1F, 0x80, 0x00, 0xBC,
    0x00, 0xD1, 0xF4, 0x2E, 0x01, 0xFF, 0x90, 0x00, 0x00, 0x1F, 0xE4, 0x00, 0x00, 0x0F, 0x40, 0x00,
    0x00, 0xF0, 0x00, 0x00, 0x3E, 0x00, 0x00, 0x0F, 0xC0, 0x00, 0x03, 0xF0, 0x06, 0xF8, 0xFC, 0x0B,
    0x82, 0xFF, 0x0F, 0xC0, 0x3F, 0x87, 0xE0, 0x0F, 0xD3, 0xF0, 0x03, 0xF1, 0xFC, 0x01, 0xF8, 0x7E,
    0x00, 0xBC, 0x1F, 0x40, 0x3E, 0x07, 0xD0, 0x2F, 0x00, 0xB8, 0x2E, 0x00, 0x0B, 0xF9, 0x00, 0x00,
    0x00, 0x6F, 0xD0, 0x0F, 0x81, 0xD0, 0xF8, 0x03, 0x8F, 0xC0, 0x0E, 0x7E, 0x06, 0xF2, 0xFF, 0xF9,
    0x0F, 0xC0, 0x00, 0x3F, 0x00, 0x00, 0xBC, 0x00, 0x28, 0xF8, 0x07, 0xD0, 0xBF, 0xE4, 0x00, 0x01,
    0xBF, 0x40, 0x0B, 0x40, 0x0B, 0xF8, 0x02, 0xD0, 0xB8, 0x03, 0xD0, 0x1F, 0x43, 0xC2, 0xC0, 0x0F,
    0x41, 0xF0, 0x2F, 0x02, 0xF0, 0xD0, 0x03, 0xE0, 0xBC, 0x1F, 0x80, 0xB8, 0x00, 0x01, 0xF8, 0x3F,
    0x0F, 0xC0, 0x00, 0x00, 0x00, 0xBF, 0xFF, 0xFF, 0xF0, 0x00, 0x00, 0x00, 0x3F, 0x47, 0xD1, 0xF8,
    0x00, 0x01, 0xF0, 0x0F, 0xC2, 0xF0, 0x7D, 0x00, 0x00, 0xFC, 0x0F, 0xC0, 0xF8, 0x0F, 0x40, 0x03,
    0x2D, 0x0F, 0xC0, 0x3D, 0x02, 0xF0, 0x1B, 0x82, 0xFE, 0x40, 0x1F, 0x00, 0x1F, 0xFE, 0x00, 0x00,
    0x2F, 0xF8, 0x00, 0x78, 0x0F, 0xC0, 0x34, 0x03, 0xF0, 0x00, 0x00, 0xFC, 0x00, 0x00, 0xFC, 0x00,
    0x1F, 0xFC, 0x00, 0x00, 0x0B, 0xC0, 0xB8, 0x01, 0xF8, 0x3E, 0x00, 0xBD, 0x0F, 0x00, 0xBD, 0x00,
    0xBF, 0xF8, 0x00, 0x02, 0xF4, 0x00, 0xB4, 0x03, 0x8F, 0x00, 0x3E, 0x02, 0xC7, 0xD0, 0x1F, 0x40,
    0xD2, 0xF0, 0x0B, 0xC0, 0x00, 0xF8, 0x03, 0xF0, 0x00, 0x7C, 0x00, 0xF4, 0x00, 0x3F, 0x00, 0x7C,
    0x00, 0x0F, 0x80, 0x2F, 0x1C, 0x03, 0xE0, 0x0F, 0x8A, 0x00, 0xBC, 0x1F, 0xE7, 0x00, 0x07, 0xF8,
    0x2F, 0x40, 0x00, 0x01, 0xE0, 0x00, 0x00, 0x00, 0xFC, 0x00, 0x00, 0x00, 0x7F, 0x00, 0x00, 0x00,
    0x1F, 0x40, 0x70, 0x00, 0x01, 0xFF, 0xE0, 0x00, 0x00, 0x00, 0x00, 0x00, 0x2F, 0x40, 0x0B, 0x40,
    0x38, 0xF0, 0x03, 0xE0, 0x2C, 0x7D, 0x01, 0xF4, 0x0D, 0x2F, 0x00, 0xBC, 0x00, 0x0F, 0x80, 0x3F,
    0x00, 0x07, 0xC0, 0x0F, 0x40, 0x03, 0xF0, 0x07, 0xC0, 0x00, 0xF8, 0x02, 0xF1, 0xC0, 0x3E, 0x00,
    0xF8, 0xA0, 0x0B, 0xC1, 0xFE, 0x70, 0x00, 0x7F, 0x82, 0xF4, 0x00, 0x07, 0xE0, 0x02, 0xF0, 0x32,
    0xE0, 0x76, 0xD2, 0x8F, 0xC6, 0x1F, 0x4D, 0x3E, 0xA0, 0x78, 0x01, 0xFE, 0x00, 0x00, 0x0B, 0xFF,
    0x80, 0x00, 0x3F, 0x0F, 0xC0, 0x00, 0xF8, 0x2F, 0x0D, 0x07, 0xD0, 0xBC, 0x70, 0x2F, 0x01, 0xF3,
    0x80, 0x78, 0x02, 0xF8, 0x00, 0x00, 0x00, 0x7F, 0x80, 0x00, 0x01, 0xD3, 0xD0, 0x00, 0x03, 0x83,
    0xE0, 0x00, 0x0B, 0x07, 0xD0, 0x00, 0x0D, 0x0B, 0xC0, 0x00, 0x1C, 0x0F, 0xC0, 0x00, 0x28, 0x0F,
    0x40, 0x2D, 0x34, 0x1F, 0x0C, 0x7E, 0x70, 0x2F, 0x1C, 0x79, 0xD0, 0x1F, 0x34, 0x2F, 0x00, 0x0B,
    0xE0, 0x00, 0x00, 0x00, 0x00, 0x00, 0x00, 0x00, 0x3E, 0x00, 0x03, 0xF0, 0x00, 0x07, 0xF0, 0x00,
    0xFE, 0x00, 0x00, 0xBF, 0x00, 0x1F, 0xD0, 0x00, 0x0F, 0xF4, 0x03, 0xBC, 0x00, 0x00, 0xDF, 0x40,
    0xDF, 0xC0, 0x00, 0x1C, 0xF8, 0x28, 0xF8, 0x00, 0x02, 0x8B, 0xC7, 0x1F, 0x40, 0x2D, 0x34, 0x7D,
    0xC2, 0xF0, 0xC7, 0xE7, 0x03, 0xF4, 0x2F, 0x2C, 0x38, 0xD0, 0x3E, 0x02, 0xF3, 0x41, 0xF4, 0x02,
    0xC0, 0x0B, 0xD0, 0x07, 0xE0, 0x00, 0x00, 0x03, 0x6E, 0x00, 0x2D, 0x02, 0xCF, 0xC0, 0x0F, 0x40,
    0xD3, 0xE0, 0x0B, 0xC0, 0x11, 0xF4, 0x03, 0xF0, 0x00, 0xBF, 0xFF, 0xF8, 0x00, 0x3F, 0x00, 0x7C,
    0x00, 0x0F, 0x80, 0x2F, 0x1C, 0x07, 0xD0, 0x0F, 0x8A, 0x02, 0xF0, 0x02, 0xE7, 0x00, 0x78, 0x00,
    0x2F, 0x40, 0x00, 0x6F, 0xE4, 0x00, 0xF8, 0x0F, 0x40, 0xF8, 0x01, 0xF0, 0xFC, 0x00, 0x7D, 0x7E,
    0x00, 0x2F, 0x6F, 0x40, 0x0F, 0xCF, 0xC0, 0x03, 0xF3, 0xF0, 0x02, 0xF4, 0xBC, 0x00, 0xF8, 0x0F,
    0x81, 0xF4, 0x00, 0xBF, 0xE0, 0x00, 0x00, 0x00, 0x00, 0x00, 0x01, 0xF8, 0x1F, 0xE0, 0x00, 0xCB,
    0xB8, 0x2F, 0x00, 0xA3, 0xF4, 0x07, 0xC0, 0x34, 0xFC, 0x02, 0xF0, 0x00, 0x7D, 0x00, 0xFC, 0x00,
    0x2F, 0x00, 0x7D, 0x00, 0x0F, 0xC0, 0x2F, 0x00, 0x03, 0xE0, 0x0F, 0x87, 0x01, 0xF4, 0x07, 0xD3,
    0x80, 0xBC, 0x00, 0xF2, 0xC0, 0x1E, 0x00, 0x1F, 0x80, 0x00, 0x00, 0x00, 0x00, 0x01, 0xF8, 0x2F,
    0xD0, 0x07, 0x6F, 0xD0, 0xF8, 0x0A, 0x3F, 0x00, 0x7C, 0x0D, 0x3E, 0x00, 0xBC, 0x00, 0x7D, 0x00,
    0xBC, 0x00, 0xBC, 0x00, 0xFC, 0x00, 0xFC, 0x01, 0xF8, 0x00, 0xF8, 0x02, 0xF0, 0x01, 0xF4, 0x03,
    0xD0, 0x02, 0xFC, 0x1F, 0x40, 0x03, 0xFF, 0xF8, 0x00, 0x03, 0xE0, 0x00, 0x00, 0x07, 0xD0, 0x00,
    0x00, 0x07, 0xC0, 0x00, 0x00, 0x0B, 0xC0, 0x00, 0x00, 0x7F, 0xF4, 0x00, 0x00, 0x00, 0x6F, 0xE0,
    0x0F, 0x82, 0xD0, 0xF8, 0x0F, 0x8F, 0xC0, 0x3C, 0x7E, 0x00, 0x02, 0xF4, 0x00, 0x0F, 0xC0, 0x00,
    0x3F, 0x00, 0x00, 0xBC, 0x00, 0x28, 0xF8, 0x07, 0xC0, 0xBF, 0xE4, 0x00, 0x07, 0xE0, 0x7F, 0x81,
    0xBF, 0x40, 0x0D, 0xBB, 0x82, 0xFB, 0x47, 0xC0, 0x28, 0xFD, 0x01, 0xFC, 0x03, 0xD0, 0x34, 0xF8,
    0x02, 0xF0, 0x07, 0xD0, 0x01, 0xF4, 0x03, 0xF0, 0x0B, 0xC0, 0x02, 0xF0, 0x03, 0xE0, 0x0F, 0xC0,
    0x03, 0xF0, 0x07, 0xC0, 0x1F, 0x40, 0x03, 0xE0, 0x0B, 0xC0, 0x2F, 0x0D, 0x07, 0xD0, 0x0F, 0x80,
    0x3E, 0x1C, 0x0B, 0xC0, 0x0F, 0x40, 0x3D, 0x74, 0x07, 0x80, 0x0F, 0x00, 0x0F, 0xD0, 0x02, 0xF4,
    0x00, 0x60, 0x38, 0xF0, 0x03, 0xD2, 0xC7, 0xD0, 0x1F, 0x0D, 0x2F, 0x00, 0xBC, 0x00, 0xF8, 0x03,
    0xE0, 0x07, 0xC0, 0x0F, 0x40, 0x3F, 0x00, 0x7C, 0x00, 0xF8, 0x02, 0xF0, 0x03, 0xE0, 0x0F, 0x80,
    0x0B, 0xC1, 0xFD, 0x00, 0x07, 0xFF, 0xF0, 0x00, 0x00, 0x0F, 0xC0, 0x0B, 0x40, 0x3D, 0x00, 0x7E,
    0x03, 0xE0, 0x00, 0xF0, 0x7D, 0x00, 0x01, 0xBF, 0x80, 0x00, 0x00, 0x00, 0x01, 0xFE, 0x00, 0x00,
    0x00, 0x2E, 0x7D, 0x00, 0x00, 0x01, 0xF5, 0xF0, 0x00, 0x00, 0x0B, 0xC0, 0x00, 0x00, 0x00, 0x3F,
    0x00, 0x00, 0x00, 0x00, 0xF8, 0x00, 0x00, 0x0B, 0xFF, 0xFB, 0xF4, 0x00, 0xF4, 0x2F, 0xE0, 0xF8,
    0x0F, 0x80, 0xBD, 0x01, 0xF0, 0xFC, 0x03, 0xF0, 0x0B, 0xC7, 0xE0, 0x0F, 0x80, 0x2F, 0x2F, 0x40,
    0x3D, 0x00, 0xFC, 0xFC, 0x01, 0xF4, 0x07, 0xE3, 0xF0, 0x0B, 0xC0, 0x2F, 0x0B, 0xC0, 0x3F, 0x00,
    0xF8, 0x0F, 0x07, 0xFD, 0x1F, 0x80, 0x0B, 0xE7, 0xEF, 0xE0, 0x00, 0x00, 0x1F, 0x00, 0x00, 0x00,
    0x00, 0xBC, 0x00, 0x00, 0x01, 0xF3, 0xD0, 0x00, 0x00, 0x0F, 0x9E, 0x00, 0x00, 0x00, 0x0F, 0xE0,
    0x00, 0x00, 0x00, 0x02, 0xFE, 0x0B, 0xE0, 0x78, 0x1F, 0xD1, 0xE3, 0x40, 0x3E, 0x0F, 0xEC, 0x01,
    0xF4, 0x3D, 0x00, 0x0B, 0xC0, 0x00, 0x00, 0x3F, 0x00, 0x00, 0x00, 0xF8, 0x00, 0x1F, 0x07, 0xD0,
    0x0E, 0xFC, 0x3F, 0x00, 0x73, 0xD2, 0xFD, 0x0B, 0x42, 0xF8, 0x2F, 0xE0, 0x00, 0x02, 0xF4, 0x00,
    0xB4, 0x03, 0x8F, 0x00, 0x3D, 0x02, 0xC7, 0xD0, 0x1F, 0x00, 0xD2, 0xF0, 0x0B, 0xC0, 0x00, 0xF8,
    0x03, 0xE0, 0x00, 0x7C, 0x00, 0xF4, 0x00, 0x3F, 0x00, 0x7C, 0x00, 0x0F, 0x80, 0x2F, 0x00, 0x03,
    0xE0, 0x0F, 0x85, 0x00, 0xBC, 0x1F, 0xE7, 0x40, 0x07, 0xF8, 0x3F, 0xD0, 0x00, 0x00, 0x00, 0x38,
    0x00, 0x00, 0x00, 0x0F, 0x00, 0x00, 0x00, 0x07, 0xD0, 0x00, 0x00, 0x07, 0xF0, 0x00, 0x00, 0x07,
    0x90, 0x00, 0x00, 0x00, 0x00, 0x00, 0x03, 0xE0, 0x00, 0x90, 0x0D, 0x7C, 0x03, 0xF0, 0x2C, 0xBC,
    0x03, 0xE0, 0x34, 0xF8, 0x07, 0xD0, 0x10, 0xF8, 0x0B, 0xC0, 0x00, 0xF8, 0x1F, 0xC0, 0x00, 0x2F,
    0xEF, 0x40, 0x00, 0x00, 0x1F, 0x0C, 0x00, 0x00, 0x2F, 0x1C, 0x00, 0x00, 0x1F, 0x34, 0x00, 0x00,
    0x0B, 0xE0, 0x02, 0xF4, 0x00, 0x60, 0x00, 0x90, 0x0E, 0x3C, 0x00, 0xF8, 0x03, 0xF0, 0x2C, 0x7D,
    0x01, 0xF4, 0x03, 0xE0, 0x34, 0xBC, 0x02, 0xF0, 0x07, 0xD0, 0x00, 0xF8, 0x03, 0xF0, 0x0B, 0xC0,
    0x01, 0xF0, 0x03, 0xD0, 0x0F, 0xC0, 0x03, 0xF0, 0x07, 0xC0, 0x0F, 0x80, 0x03, 0xE0, 0x0B, 0xC0,
    0x1F, 0x4D, 0x03, 0xE0, 0x0F, 0xC0, 0x3F, 0x1C, 0x02, 0xF0, 0x7B, 0xC1, 0xEF, 0x38, 0x00, 0x7F,
    0x81, 0xFE, 0x07, 0xE0, 0x02, 0xF4, 0x00, 0xB4, 0x00, 0x90, 0x0E, 0x3C, 0x00, 0xF8, 0x02, 0xF0,
    0x2C, 0x7D, 0x01, 0xF4, 0x03, 0xE0, 0x34, 0xBC, 0x02, 0xF0, 0x07, 0xD0, 0x00, 0xF8, 0x03, 0xF0,
    0x0B, 0xC0, 0x01, 0xF0, 0x03, 0xD0, 0x0F, 0xC0, 0x03, 0xF0, 0x07, 0xC0, 0x0F, 0x80, 0x03, 0xE0,
    0x0B, 0xC0, 0x1F, 0x40, 0x03, 0xE0, 0x0F, 0xC0, 0x3F, 0x08, 0x01, 0xF0, 0x7B, 0xC1, 0xFF, 0x38,
    0x00, 0x7F, 0x81, 0xFE, 0x0B, 0xF8, 0x00, 0x00, 0x00, 0x00, 0x00, 0x1C, 0x00, 0x00, 0x00, 0x00,
    0x00, 0x1E, 0x00, 0x00, 0x00, 0x00, 0x00, 0x3F, 0x00, 0x00, 0x00, 0x00, 0x00, 0xFE, 0x00, 0x00,
    0x00, 0x00, 0x03, 0x94, 0x00, 0x00, 0x00, 0x00, 0x00, 0x00, 0x07, 0xF8, 0x04, 0x0B, 0xFF, 0xFF,
    0x07, 0xFF, 0xFF, 0x43, 0x80, 0xBF, 0x40, 0x00, 0xFD, 0x00, 0x00, 0xFF, 0xFD, 0x00, 0xFD, 0x03,
    0xE0, 0x7D, 0x00, 0xBC, 0x2F, 0x00, 0x3F, 0x0F, 0x80, 0x1F, 0x81, 0xF0, 0x1F, 0x80, 0x1B, 0xFE,
    0x40, 0x02, 0xF4, 0x00, 0x02, 0xD0, 0x38, 0xF0, 0x00, 0x0F, 0x42, 0xC7, 0xD0, 0x00, 0xBC, 0x0D,
    0x2F, 0x00, 0x03, 0xF0, 0x00, 0xFF, 0xF8, 0x0F, 0x80, 0x07, 0xE0, 0x7C, 0x7D, 0x00, 0x3F, 0x01,
    0xF6, 0xF0, 0x00, 0xF8, 0x0B, 0xDF, 0xC7, 0x03, 0xD0, 0x3F, 0x3E, 0x38, 0x0F, 0x82, 0xF0, 0xF9,
    0xC0, 0x0B, 0xFE, 0x00, 0xBD, 0x00, 0x02, 0xF4, 0x00, 0x00, 0xE3, 0xC0, 0x00, 0x2C, 0x7D, 0x00,
    0x03, 0x4B, 0xC0, 0x00, 0x00, 0xFE, 0xFE, 0x40, 0x1F, 0x90, 0x7D, 0x03, 0xF0, 0x03, 0xF0, 0x3E,
    0x00, 0x3F, 0x03, 0xD0, 0x0B, 0xD0, 0x2F, 0x01, 0xF8, 0x00, 0x7F, 0xF8, 0x00, 0x00, 0x2F, 0xE0,
    0x00, 0xB8, 0x0F, 0x40, 0x74, 0x01, 0xF0, 0x24, 0x00, 0x7D, 0x00, 0x00, 0x2F, 0x40, 0x1F, 0xFF,
    0xC0, 0x00, 0x03, 0xF0, 0xB4, 0x01, 0xF4, 0x3E, 0x00, 0xF8, 0x0F, 0x02, 0xF4, 0x00, 0xBF, 0x90,
    0x00, 0x00, 0x00, 0x00, 0x00, 0x00, 0x01, 0xF8, 0x00, 0x1B, 0xFD, 0x00, 0xDB, 0x80, 0x2F, 0x03,
    0xE0, 0xB3, 0xF0, 0x3F, 0x00, 0x7C, 0x34, 0xF8, 0x2F, 0x00, 0x1F, 0x44, 0x7D, 0x0F, 0xC0, 0x07,
    0xD0, 0x2F, 0xFF, 0xD0, 0x02, 0xF4, 0x0F, 0xC2, 0xF0, 0x00, 0xFC, 0x03, 0xE0, 0xBC, 0x00, 0x7D,
    0x01, 0xF4, 0x2F, 0x00, 0x3E, 0x00, 0xBC, 0x03, 0xE0, 0x7E, 0x00, 0x1E, 0x00, 0x1F, 0xF8, 0x00,
    0x00, 0x0B, 0xFF, 0xF0, 0x00, 0x7E, 0x03, 0xE0, 0x00, 0xFC, 0x03, 0xE0, 0x00, 0xFC, 0x07, 0xD0,
    0x00, 0x7D, 0x5F, 0xC0, 0x00, 0x0B, 0xFF, 0xC0, 0x00, 0x2F, 0x4F, 0x80, 0x2D, 0x7D, 0x1F, 0x4C,
    0x7E, 0xBC, 0x2F, 0x1C, 0x38, 0xF4, 0x1F, 0x34, 0x1F, 0x80, 0x07, 0xE0, 0x00, 0x78, 0x00, 0x03,
    0xF8, 0x00, 0x02, 0xF8, 0x00, 0x00, 0x50, 0x00, 0x00, 0x00, 0x01, 0xBF, 0x40, 0x3E, 0x07, 0x43,
    0xE0, 0x0E, 0x2F, 0x00, 0x39, 0xF8, 0x1B, 0xCB, 0xFF, 0xE4, 0x3F, 0x00, 0x00, 0xFC, 0x00, 0x02,
    0xF0, 0x00, 0x07, 0xC0, 0x03, 0x8F, 0x80, 0xBC, 0x07, 0xFE, 0x40, 0x00, 0xB8, 0x1F, 0x00, 0x7F,
    0x0F, 0xD0, 0x1F, 0xC7, 0xF0, 0x03, 0xD0, 0xF4, 0x00, 0x00, 0x00, 0x00, 0x00, 0x00, 0x00, 0x06,
    0xFD, 0x00, 0x0B, 0xD1, 0xD0, 0x0B, 0xC0, 0x38, 0x07, 0xD0, 0x1E, 0x03, 0xF0, 0x2F, 0x00, 0xFF,
    0xF9, 0x00, 0x7E, 0x00, 0x00, 0x1F, 0x40, 0x00, 0x03, 0xD0, 0x02, 0x80, 0xB8, 0x07, 0xD0, 0x07,
    0xFE, 0x40, 0x00, 0x00, 0x00, 0x00, 0x00, 0x0F, 0xF4, 0x00, 0x00, 0x07, 0xD0, 0x00, 0x00, 0x2F,
    0x00, 0x00, 0xFF, 0xFF, 0xFF, 0xF4, 0x03, 0xE0, 0x00, 0x00, 0x1F, 0x40, 0x00, 0x00, 0xBC, 0x7F,
    0xD0, 0x03, 0xFA, 0x07, 0xD0, 0x0F, 0xE0, 0x0F, 0x80, 0x7E, 0x00, 0x3E, 0x02, 0xF0, 0x00, 0xF4,
    0x0F, 0xC0, 0x07, 0xC0, 0x3D, 0x00, 0x2F, 0x01, 0xF0, 0x00, 0xF8, 0x0B, 0xC0, 0x07, 0xC0, 0x3E,
    0x00, 0x2E, 0x00, 0xF4, 0x00, 0xF0, 0x00, 0x00, 0x0B, 0x80, 0x00, 0x00, 0x3C, 0x00, 0x00, 0x02,
    0xC0, 0x00, 0x00, 0x2C, 0x00, 0x00, 0x07, 0x80, 0x00, 0x00, 0x00, 0x00, 0xF0, 0x00, 0x2F, 0xC0,
    0x03, 0xF9, 0x00, 0x09, 0x00, 0x00, 0x00, 0x00, 0x06, 0xFE, 0x00, 0xB8, 0x1F, 0x07, 0x00, 0x3D,
    0x00, 0x01, 0xF4, 0x00, 0x0F, 0xC0, 0x07, 0xFC, 0x02, 0xFF, 0xC0, 0x2F, 0xE4, 0x01, 0xF8, 0x00,
    0x0B, 0xC0, 0x1D, 0x1F, 0x42, 0xE0, 0x1B, 0xF8, 0x00, 0x00, 0x6F, 0xE4, 0x03, 0xE0, 0x3C, 0x0F,
    0x80, 0x7D, 0x2F, 0x00, 0x78, 0x7E, 0x00, 0x00, 0xBF, 0xFE, 0x00, 0xFC, 0x00, 0x00, 0xFC, 0x00,
    0x00, 0xBC, 0x00, 0x28, 0x3E, 0x01, 0xF4, 0x0B, 0xFE, 0x40, 0x00, 0xBF, 0x80, 0x0F, 0x03, 0xC0,
    0xB0, 0x1F, 0x03, 0xD0, 0x78, 0x0B, 0xF9, 0x00, 0x0B, 0xFF, 0x00, 0x01, 0xBD, 0x1F, 0x00, 0x74,
    0xFC, 0x02, 0xC2, 0xD0, 0x1D, 0x02, 0xFF, 0x80, 0x00, 0x00, 0x0F, 0x00, 0x0B, 0xC0, 0x01, 0xE0,
    0x00, 0x00, 0x00, 0x00, 0x00, 0x00, 0x00, 0x2F, 0x40, 0x38, 0xF0, 0x2C, 0x7D, 0x0D, 0x2F, 0x00,
    0x0F, 0x80, 0x0B, 0xC0, 0x03, 0xE0, 0x01, 0xF4, 0xA0, 0xBC, 0x30, 0x2E, 0x38, 0x02, 0xF4, 0x00,
    0x01, 0xF0, 0x3D, 0x03, 0xF8, 0xFE, 0x03, 0xF4, 0xFD, 0x02, 0xE0, 0xB8, 0x00, 0x00, 0x00, 0x00,
    0x00, 0x00, 0x02, 0xF4, 0x00, 0x0E, 0x3C, 0x00, 0x2C, 0x7D, 0x00, 0x34, 0xBC, 0x00, 0x00, 0xF8,
    0x00, 0x02, 0xF0, 0x00, 0x03, 0xE0, 0x00, 0x07, 0xD2, 0x80, 0x0B, 0xC3, 0x00, 0x0B, 0x8E, 0x00,
    0x02, 0xF4, 0x00, 0x00, 0x00, 0x3C, 0x00, 0x00, 0xBC, 0x00, 0x00, 0x78, 0x00, 0x00, 0x00, 0x00,
    0x00, 0x00, 0x00, 0x00, 0x00, 0x00, 0x1F, 0xD0, 0x00, 0xB4, 0xF0, 0x01, 0xC1, 0xF4, 0x03, 0x42,
    0xF0, 0x00, 0x03, 0xF0, 0x00, 0x03, 0xE0, 0x00, 0x07, 0xD0, 0x00, 0x0B, 0xC0, 0x00, 0x0F, 0xC0,
    0x00, 0x0F, 0x80, 0x00, 0x1F, 0x40, 0x00, 0x2F, 0x00, 0x00, 0x3F, 0x00, 0x7C, 0x7D, 0x00, 0xBD,
    0xF4, 0x00, 0x3F, 0x80, 0x00, 0x00, 0x00, 0x3F, 0x80, 0x00, 0x00, 0x00, 0xD3, 0xD0, 0x00, 0x00,
    0x03, 0x43, 0xE0, 0x00, 0x00, 0x07, 0x07, 0xD0, 0x00, 0x00, 0x0D, 0x0B, 0xFF, 0xE0, 0x00, 0x1C,
    0x0F, 0xD0, 0xF8, 0x00, 0x2C, 0x0F, 0x80, 0xBC, 0x2D, 0x34, 0x1F, 0x40, 0xFC, 0x3E, 0x70, 0x1F,
    0x01, 0xF8, 0x7D, 0xD0, 0x0F, 0x07, 0xE0, 0x3F, 0x40, 0x07, 0xFE, 0x40, 0x07, 0xE0, 0x00, 0xB4,
    0x00, 0x0D, 0xB8, 0x00, 0xF8, 0x00, 0x2C, 0xFC, 0x01, 0xF4, 0x00, 0x34, 0xF8, 0x02, 0xF0, 0x00,
    0x11, 0xF4, 0x03, 0xFF, 0xF4, 0x02, 0xFF, 0xFF, 0xF4, 0x3D, 0x03, 0xF0, 0x07, 0xD0, 0x3F, 0x03,
    0xE0, 0x0B, 0xC0, 0x3F, 0x07, 0xD0, 0x0B, 0xC0, 0xBD, 0x0B, 0xC0, 0x07, 0xC1, 0xF8, 0x07, 0x80,
    0x01, 0xFF, 0x90, 0x00, 0x00, 0x00, 0x00, 0x0F, 0xF4, 0x00, 0x00, 0x07, 0xD0, 0x00, 0x00, 0x2F,
    0x00, 0x00, 0xFF, 0xFF, 0xFF, 0xC0, 0x03, 0xE0, 0x00, 0x00, 0x1F, 0x40, 0x00, 0x00, 0xBC, 0xBF,
    0x40, 0x03, 0xFD, 0x0F, 0x40, 0x0F, 0xC0, 0x3E, 0x00, 0x7D, 0x00, 0xF8, 0x02, 0xF0, 0x07, 0xD0,
    0x0F, 0xC0, 0x2F, 0x00, 0x3D, 0x00, 0xF8, 0x01, 0xF0, 0x07, 0xC3, 0x4B, 0xC0, 0x2F, 0x1C, 0x3E,
    0x00, 0xB8, 0xD0, 0xF4, 0x00, 0xBD, 0x00, 0x00, 0x00, 0x0B, 0x40, 0x00, 0x01, 0xFE, 0x00, 0x00,
    0x2F, 0x90, 0x00, 0x00, 0x50, 0x00, 0x00, 0x00, 0x00, 0x00, 0x1F, 0x80, 0x0B, 0xC0, 0xDB, 0x80,
    0xDB, 0x4A, 0x2F, 0x0C, 0x7D, 0x34, 0xFC, 0x81, 0xE0, 0x03, 0xE8, 0x00, 0x00, 0x1F, 0xE4, 0x00,
    0x00, 0xBF, 0xFD, 0x00, 0x03, 0xF0, 0xFC, 0x00, 0x0F, 0x82, 0xF0, 0xD0, 0x7D, 0x0B, 0xC7, 0x02,
    0xF0, 0x1F, 0x38, 0x07, 0x80, 0x1F, 0x80, 0x00, 0x01, 0xE0, 0x00, 0x00, 0x00, 0xFE, 0x00, 0x00,
    0x00, 0x0B, 0xE0, 0x00, 0x00, 0x00, 0x14, 0x00, 0x00, 0x00, 0x00, 0x00, 0x00, 0xBD, 0x00, 0x00,
    0x00, 0xE3, 0xC0, 0x0B, 0x40, 0xB1, 0xF4, 0x03, 0xD0, 0x34, 0xBC, 0x01, 0xF0, 0x00, 0x3E, 0x00,
    0xBC, 0x00, 0x1F, 0x40, 0x3E, 0x00, 0x0B, 0xC0, 0x1F, 0x40, 0x03, 0xF0, 0x0B, 0xC0, 0x00, 0xF8,
    0x03, 0xF1, 0xC0, 0x3E, 0x01, 0xF8, 0xA0, 0x0B, 0xC1, 0xFE, 0x70, 0x00, 0x7F, 0x82, 0xF4, 0x00,
    0x00, 0x07, 0xC0, 0x00, 0x00, 0x3F, 0x40, 0x00, 0x00, 0xFC, 0x00, 0x00, 0x03, 0xE0, 0x08, 0x00,
    0x02, 0xFF, 0x80, 0x00, 0x00, 0x00, 0x00, 0x2F, 0x40, 0x06, 0x03, 0x8F, 0x00, 0x3D, 0x2C, 0x7D,
    0x01, 0xF0, 0xD2, 0xF0, 0x0B, 0xC0, 0x0F, 0x80, 0x3E, 0x00, 0x7C, 0x00, 0xF4, 0x03, 0xF0, 0x07,
    0xC0, 0x0F, 0x80, 0x2F, 0x00, 0x3E, 0x00, 0xF8, 0x00, 0xBC, 0x1F, 0xD0, 0x00, 0x7F, 0xFF, 0x00,
    0x00, 0x00, 0xFC, 0x00, 0xB4, 0x03, 0xD0, 0x07, 0xE0, 0x3E, 0x00, 0x0F, 0x07, 0xD0, 0x00, 0x1B,
    0xF8, 0x00, 0x00, 0x02, 0xF4, 0x01, 0xD0, 0x0E, 0x3C, 0x03, 0xF0, 0x2C, 0x7D, 0x03, 0xE0, 0x34,
    0xBC, 0x07, 0xD0, 0x00, 0xF8, 0x0B, 0xC0, 0x01, 0xF0, 0x0F, 0x80, 0x03, 0xF0, 0x0F, 0x40, 0x03,
    0xE0, 0x1F, 0x0C, 0x03, 0xE0, 0x3F, 0x1C, 0x02, 0xF0, 0xBF, 0x34, 0x00, 0xBF, 0x8B, 0xD0, 0x00,
    0x00, 0xC0, 0x00, 0x00, 0x00, 0x80, 0x00, 0x00, 0x01, 0x40, 0x00, 0x80, 0x05, 0x00, 0x00, 0x7F,
    0xE4, 0x00, 0x00, 0x00, 0x01, 0xBF, 0x40, 0x07, 0xFD, 0x00, 0x00, 0x7E, 0x0F, 0x00, 0x78, 0x3E,
    0x00, 0x07, 0xE0, 0xBC, 0x03, 0xF0, 0x7D, 0x00, 0x7F, 0x02, 0xE0, 0x0F, 0x40, 0xFC, 0x03, 0xF4,
    0x00, 0x00, 0x00, 0x03, 0xF0, 0x2F, 0xC0, 0x00, 0x00, 0x00, 0x1F, 0xC0, 0xFE, 0x00, 0x00, 0x00,
    0x00, 0x7F, 0x07, 0xF0, 0x00, 0x00, 0x00, 0x02, 0xFC, 0x2F, 0xC0, 0x07, 0xFF, 0x00, 0x0F, 0xE0,
    0xFE, 0x00, 0x07, 0xF0, 0x00, 0x7F, 0x43, 0xF4, 0x00, 0x2F, 0x80, 0x02, 0xFC, 0x0F, 0xD0, 0x00,
    0xFD, 0x00, 0x0F, 0xE0, 0x3F, 0x00, 0x03, 0xF0, 0x00, 0x7F, 0x00, 0xFC, 0x00, 0x1F, 0xC0, 0x03,
    0xF4, 0x01, 0xF4, 0x00, 0xBE, 0x00, 0x2F, 0x40, 0x03, 0xF0, 0x0B, 0x2D, 0x03, 0xF4, 0x00, 0x01,
    0xFF, 0x90, 0x1B, 0xFD, 0x00, 0x00, 0x00, 0x14, 0x00, 0x50, 0x00, 0xF8, 0x00, 0xB8, 0x07, 0xE0,
    0x00, 0x3D, 0x0F, 0x80, 0x00, 0x3E, 0x2F, 0x00, 0x00, 0x3F, 0x3E, 0x01, 0xD0, 0x3E, 0x3D, 0x03,
    0xE0, 0x7D, 0x7C, 0x07, 0xC0, 0xBC, 0x3C, 0x07, 0x80, 0xF4, 0x3C, 0x07, 0x02, 0xE0, 0x2D, 0x1F,
    0x47, 0x80, 0x0B, 0xE1, 0xFD, 0x00, 0x00, 0x3F, 0xFF, 0xD0, 0x00, 0x00, 0x0B, 0xE0, 0x00, 0x00,
    0x00, 0x3F, 0x40, 0x00, 0x01, 0xFF, 0xFF, 0xFF, 0xFC, 0x0F, 0x47, 0xF0, 0x01, 0xF0, 0x70, 0x2F,
    0x80, 0x03, 0xC2, 0x80, 0xFD, 0x00, 0x0A, 0x00, 0x03, 0xF0, 0x00, 0x00, 0x00, 0x1F, 0xC0, 0x00,
    0x00, 0x00, 0xBF, 0xFF, 0xF9, 0x00, 0x03, 0xF4, 0x01, 0xFF, 0x00, 0x0F, 0xC0, 0x01, 0xFD, 0x00,
    0x7F, 0x00, 0x03, 0xF4, 0x02, 0xF8, 0x00, 0x1F, 0xD0, 0x0F, 0xC0, 0x00, 0xBF, 0x00, 0x3F, 0x00,
    0x07, 0xF0, 0x02, 0xF8, 0x00, 0xBF, 0x41, 0xFF, 0xFF, 0xFF, 0x90, 0x00, 0x00, 0x00, 0x00, 0x00,
    0x00, 0x07, 0xE0, 0x7F, 0x80, 0x00, 0x0D, 0xBB, 0x82, 0xF0, 0x00, 0x2C, 0xFE, 0x01, 0xF0, 0x00,
    0x34, 0xFC, 0x02, 0xF0, 0x00, 0x01, 0xF4, 0x03, 0xFF, 0xF4, 0x02, 0xF0, 0x03, 0xF4, 0x3D, 0x03,
    0xF0, 0x07, 0xD0, 0x3F, 0x03, 0xE0, 0x0B, 0xC0, 0x3F, 0x07, 0xD0, 0x0B, 0xC0, 0xBD, 0x0B, 0xC0,
    0x07, 0xC1, 0xF8, 0x07, 0x40, 0x01, 0xFF, 0x80, 0x00, 0x7F, 0xFF, 0xD0, 0x00, 0x6F, 0xFE, 0x6C,
    0x00, 0x03, 0xF4, 0x00, 0x0B, 0xF4, 0x07, 0xFC, 0x00, 0x03, 0xF0, 0x00, 0x3F, 0x40, 0x01, 0xF8,
    0x00, 0x07, 0xF0, 0x01, 0xFC, 0x00, 0x00, 0xF4, 0x00, 0x0B, 0xE0, 0x03, 0xF4, 0x00, 0x00, 0xB0,
    0x00, 0x0F, 0xD0, 0x0F, 0xF0, 0x00, 0x00, 0xB0, 0x00, 0x0F, 0xC0, 0x1F, 0xD0, 0x00, 0x00, 0x00,
    0x00, 0x1F, 0xC0, 0x3F, 0xC0, 0x00, 0x00, 0x00, 0x00, 0x2F, 0xFF, 0xFF, 0xFF, 0xE4, 0x14, 0x00,
    0x00, 0x3F, 0x40, 0x7F, 0x41, 0xFF, 0x40, 0x00, 0x00, 0x3F, 0x00, 0x7F, 0x00, 0x00, 0x00, 0x00,
    0x00, 0x7F, 0x00, 0x7F, 0x00, 0x00, 0x00, 0x00, 0x00, 0xBE, 0x00, 0x3F, 0x00, 0x00, 0x07, 0x00,
    0x00, 0xFD, 0x00, 0x3F, 0x40, 0x00, 0x0E, 0x00, 0x00, 0xFC, 0x00, 0x1F, 0xC0, 0x00, 0x3C, 0x00,
    0x01, 0xFC, 0x00, 0x07, 0xF4, 0x06, 0xD0, 0x00, 0x7F, 0xFF, 0xD0, 0x00, 0x6F, 0xF9, 0x00, 0x00,
    0x00, 0x00, 0x00, 0x00, 0x00, 0x07, 0xE0, 0x00, 0x2F, 0xF8, 0x0D, 0xB8, 0x01, 0xF4, 0x1E, 0x28,
    0xFC, 0x0B, 0xC0, 0x3F, 0x34, 0xF8, 0x1F, 0x80, 0x3D, 0x01, 0xF4, 0x3F, 0x00, 0x00, 0x02, 0xFF,
    0xFF, 0xFF, 0x00, 0x03, 0xF0, 0x7E, 0x00, 0x00, 0x03, 0xE0, 0x7D, 0x00, 0x00, 0x07, 0xD0, 0x3D,
    0x00, 0x1C, 0x0B, 0xC0, 0x2F, 0x01, 0xB8, 0x07, 0x40, 0x07, 0xFF, 0x80, 0x00, 0x00, 0x00, 0x00,
    0xB8, 0x00, 0x00, 0x00, 0x00, 0x00, 0x2F, 0xC0, 0x00, 0x00, 0x00, 0x00, 0x07, 0xFD, 0x00, 0x00,
    0x00, 0x00, 0x00, 0xDF, 0xE0, 0x00, 0x00, 0x00, 0x00, 0x38, 0xFF, 0x00, 0x00, 0x00, 0x00, 0x0F,
    0x0B, 0xF4, 0x00, 0x00, 0x00, 0x02, 0xC0, 0x7F, 0x80, 0x00, 0x00, 0x00, 0x74, 0x03, 0xFC, 0x00,
    0x00, 0x00, 0x1E, 0x00, 0x2F, 0xC0, 0x00, 0x00, 0x03, 0xC0, 0x01, 0xFD, 0x00, 0x00, 0x00, 0xFF,
    0xFF, 0xFF, 0xF0, 0x00, 0x00, 0x2C, 0x07, 0xC0, 0xFF, 0x00, 0x00, 0x0B, 0x40, 0xF8, 0x07, 0xF4,
    0x00, 0x01, 0xD0, 0x0F, 0x40, 0x3F, 0x80, 0x00, 0x38, 0x01, 0xF0, 0x03, 0xFC, 0x00, 0x1F, 0x00,
    0x2F, 0x00, 0x2F, 0xD0, 0x3F, 0xF4, 0x2F, 0xFC, 0x0F, 0xFF, 0xE0, 0x00, 0x00, 0x1F, 0xF8, 0x00,
    0x00, 0x02, 0xD0, 0xBD, 0x00, 0x00, 0x2C, 0x00, 0xF4, 0x00, 0x01, 0xC0, 0x07, 0xD0, 0x00, 0x0E,
    0x00, 0x2F, 0x00, 0x00, 0x3F, 0xFF, 0xF8, 0x00, 0x02, 0xC3, 0xC3, 0xD0, 0x0B, 0x4E, 0x1E, 0x1F,
    0x0C, 0x7E, 0x70, 0xB4, 0xBC, 0xB0, 0xE3, 0x83, 0xC2, 0xF3, 0x41, 0xF4, 0x0E, 0x02, 0xF4, 0x00,
    0x00, 0x7F, 0xFF, 0xD0, 0x00, 0x00, 0x2F, 0x00, 0x00, 0x00, 0x0F, 0xD0, 0x00, 0x00, 0x01, 0xFC,
    0x00, 0x00, 0x00, 0x3F, 0x00, 0x00, 0x00, 0x0F, 0xF4, 0x00, 0x00, 0x01, 0xFC, 0x00, 0x00, 0x00,
    0xDF, 0xE0, 0x00, 0x00, 0x0B, 0xF0, 0x00, 0x00, 0x0A, 0x3F, 0xC0, 0x00, 0x00, 0x3F, 0x80, 0x00,
    0x00, 0x70, 0xBF, 0x00, 0x00, 0x00, 0xFD, 0x00, 0x00, 0x03, 0x41, 0xFD, 0x00, 0x00, 0x07, 0xF0,
    0x00, 0x00, 0x38, 0x03, 0xF8, 0x00, 0x00, 0x2F, 0xC0, 0x00, 0x03, 0xC0, 0x0F, 0xF0, 0x00, 0x00,
    0xFE, 0x00, 0x00, 0x2C, 0x00, 0x2F, 0xD0, 0x00, 0x03, 0xFF, 0xFF, 0xFF, 0xFF, 0xFF, 0xFF, 0x80,
    0x00, 0x1F, 0xC0, 0x00, 0x1D, 0x07, 0xC0, 0xFF, 0x00, 0x00, 0xBF, 0x00, 0x00, 0xE0, 0x2E, 0x02,
    0xFC, 0x00, 0x03, 0xF8, 0x00, 0x0F, 0x00, 0xF4, 0x07, 0xF4, 0x00, 0x0F, 0xC0, 0x00, 0xB0, 0x03,
    0xC0, 0x0F, 0xE0, 0x00, 0xBF, 0x00, 0x0B, 0x40, 0x2F, 0x00, 0x3F, 0xC0, 0x7F, 0xFF, 0xD7, 0xFF,
    0x07, 0xFF, 0x43, 0xFF, 0xF0, 0x00, 0x00, 0x00, 0x00, 0x00, 0x00, 0x01, 0xF8, 0x00, 0x00, 0x2F,
    0xF8, 0x00, 0xDB, 0x80, 0x00, 0x38, 0x0F, 0xC0, 0xB3, 0xF0, 0x00, 0x38, 0x02, 0xF0, 0x34, 0xF8,
    0x00, 0x2C, 0x00, 0xFC, 0x04, 0x3D, 0x00, 0x0D, 0x00, 0x3E, 0x00, 0x2F, 0xFF, 0xFF, 0xFF, 0xFF,
    0x40, 0x0F, 0xC0, 0x03, 0x4B, 0x8B, 0xC0, 0x03, 0xE0, 0xF1, 0xC3, 0xD3, 0xF2, 0xC1, 0xF4, 0xBC,
    0xB0, 0xF0, 0xF8, 0xE0, 0xBC, 0x2D, 0x70, 0x7C, 0x3E, 0x70, 0x1E, 0x02, 0xF4, 0x1D, 0x03, 0xF0,
    0x00, 0x00, 0x0F, 0xFF, 0xFF, 0xFF, 0xC0, 0x00, 0x00, 0x1F, 0xC0, 0x00, 0x2C, 0x00, 0x00, 0x00,
    0x3F, 0x80, 0x02, 0xC0, 0x00, 0x00, 0x00, 0x7F, 0x00, 0x2C, 0x00, 0x00, 0x00, 0x00, 0xFE, 0x02,
    0xC0, 0x00, 0x00, 0x00, 0x01, 0xFC, 0x2C, 0x00, 0x00, 0x00, 0x00, 0x03, 0xFA, 0xC0, 0x00, 0x00,
    0x00, 0x00, 0x1B, 0xFE, 0x00, 0x00, 0x00, 0x00, 0x1F, 0xFF, 0xFF, 0xE0, 0x00, 0x00, 0x03, 0xF4,
    0x7F, 0x0B, 0xE0, 0x00, 0x00, 0x3F, 0x42, 0xFC, 0x0F, 0xC0, 0x00, 0x02, 0xF8, 0x0F, 0xE0, 0x3F,
    0x40, 0x00, 0x1F, 0x80, 0x3F, 0x40, 0xBF, 0x00, 0x01, 0xFC, 0x01, 0xFC, 0x00, 0xFC, 0x00, 0x0F,
    0xC0, 0x0B, 0xF0, 0x03, 0xF8, 0x01, 0xFD, 0x00, 0x3F, 0x80, 0x0B, 0xF0, 0xBF, 0xFF, 0x07, 0xFF,
    0x82, 0xFF, 0xFC, 0x00, 0x00, 0x00, 0x00, 0x00, 0x00, 0x00, 0x7F, 0xFF, 0xFF, 0x80, 0x00, 0x02,
    0xF0, 0x00, 0xA0, 0x00, 0x00, 0x0F, 0xC0, 0x34, 0x00, 0x00, 0x00, 0x3E, 0x1C, 0x00, 0x00, 0x00,
    0x01, 0xFF, 0x40, 0x00, 0x00, 0x0B, 0xFF, 0xEF, 0x80, 0x00, 0x03, 0xF0, 0xF8, 0x3F, 0x00, 0x34,
    0xBC, 0x0F, 0x42, 0xF0, 0xD3, 0x0F, 0x81, 0xF0, 0x3E, 0x1C, 0x32, 0xF0, 0x2F, 0x02, 0xF3, 0x82,
    0xF4, 0x02, 0xD0, 0x0B, 0xE0, 0x00, 0x7F, 0xFF, 0xD0, 0x03, 0xFF, 0xFF, 0xFF, 0xF0, 0x00, 0x03,
    0xF4, 0x00, 0x01, 0xFC, 0x00, 0x01, 0xD0, 0x00, 0x03, 0xF0, 0x00, 0x00, 0xFE, 0x00, 0x07, 0x40,
    0x00, 0x07, 0xF0, 0x00, 0x00, 0x7F, 0x00, 0x1D, 0x00, 0x00, 0x0B, 0xF0, 0x00, 0x00, 0x3F, 0x80,
    0x74, 0x00, 0x00, 0x0F, 0xE0, 0x00, 0x00, 0x1F, 0xC0, 0xD0, 0x00, 0x00, 0x0F, 0xD0, 0x00, 0x00,
    0x0F, 0xD3, 0x80, 0x00, 0x00, 0x1F, 0xC0, 0x00, 0x00, 0x07, 0xFE, 0x00, 0x00, 0x00, 0x2F, 0xFF,
    0xFF, 0xFF, 0xFF, 0xFF, 0xE0, 0x00, 0x00, 0x3F, 0x80, 0x00, 0x2F, 0x97, 0xF1, 0xFD, 0x00, 0x00,
    0x3F, 0x40, 0x00, 0xBE, 0x0B, 0xF0, 0x3F, 0x00, 0x00, 0x7F, 0x00, 0x01, 0xFC, 0x0F, 0xE0, 0x3F,
    0x40, 0x00, 0xBF, 0x00, 0x07, 0xF0, 0x0F, 0xD0, 0x2F, 0xC0, 0x00, 0xFE, 0x00, 0x0F, 0xC0, 0x1F,
    0xC0, 0x0F, 0xC0, 0x00, 0xFD, 0x00, 0x3F, 0x40, 0x2F, 0xC0, 0x0F, 0xE0, 0x01, 0xFC, 0x00, 0xFD,
    0x00, 0x3F, 0x80, 0x0B, 0xF0, 0x3F, 0xFF, 0xEF, 0xFF, 0xC1, 0xFF, 0xE0, 0xBF, 0xFF, 0x00, 0x00,
    0x00, 0x00, 0x00, 0x00, 0x00, 0x07, 0xE0, 0x00, 0x3F, 0xFF, 0xFF, 0xC0, 0x0D, 0xB8, 0x00, 0x1F,
    0x40, 0x07, 0x00, 0x2C, 0xFC, 0x00, 0x0B, 0xC0, 0x1C, 0x00, 0x34, 0xF8, 0x00, 0x03, 0xF0, 0xA0,
    0x00, 0x01, 0xF4, 0x00, 0x00, 0xFA, 0x80, 0x00, 0x02, 0xFF, 0xFF, 0xFF, 0xFF, 0xF4, 0x00, 0x03,
    0xF0, 0x01, 0xFD, 0xBD, 0x7F, 0x00, 0x03, 0xE2, 0x83, 0xE0, 0xBC, 0x1F, 0x4A, 0x07, 0xD3, 0x4B,
    0xC0, 0xF8, 0x1F, 0x0D, 0x0B, 0xC3, 0x5F, 0x41, 0xF4, 0x0F, 0x2C, 0x07, 0x81, 0xF8, 0x00, 0xE0,
    0x07, 0xE0, 0x00, 0x00, 0x28, 0x07, 0xC0, 0x00, 0x01, 0xE1, 0xE0, 0x00, 0x00, 0x0B, 0xB4, 0x00,
    0x00, 0x00, 0x3E, 0x00, 0x00, 0x00, 0x7F, 0xFE, 0x00, 0x00, 0x3D, 0x00, 0xF8, 0x00, 0x0B, 0xC0,
    0x0B, 0xC0, 0x00, 0xFD, 0x00, 0xBC, 0x00, 0x0F, 0xC0, 0x0F, 0xC0, 0x00, 0x60, 0x01, 0xF4, 0x00,
    0x00, 0x00, 0x3F, 0x00, 0x00, 0x00, 0x1F, 0x80, 0x00, 0x00, 0xBF, 0xD0, 0x00, 0x00, 0x00, 0x07,
    0x40, 0x00, 0x00, 0x00, 0x2C, 0x00, 0x00, 0x00, 0x01, 0xD0, 0x00, 0x00, 0x00, 0x2D, 0x00, 0x00,
    0x00, 0x07, 0xC0, 0x00, 0x00, 0x06, 0xF8, 0x00, 0x00, 0x1B, 0xFD, 0x00, 0x00, 0x6F, 0xFE, 0x00,
    0x01, 0xFF, 0xF9, 0x00, 0x00, 0x7F, 0xE0, 0x00, 0x00, 0x0B, 0xC0, 0x00, 0x00, 0x00, 0x78, 0x00,
    0x00, 0x00, 0x00, 0x40, 0x00, 0x00, 0x00, 0x00, 0x18, 0x02, 0xC0, 0x00, 0xB0, 0xE0, 0x00, 0x02,
    0xF4, 0x00, 0x01, 0xFF, 0xD0, 0x00, 0xBC, 0x0F, 0x00, 0x0F, 0x40, 0xF4, 0x00, 0x00, 0x0F, 0x00,
    0x00, 0x03, 0xE0, 0x00, 0x07, 0xF4, 0x00, 0x00, 0x02, 0xC0, 0x00, 0x00, 0x0D, 0x00, 0x00, 0x01,
    0xE0, 0x00, 0x00, 0x7D, 0x00, 0x01, 0xBF, 0xC0, 0x0B, 0xFF, 0xF0, 0x03, 0xFF, 0xF8, 0x00, 0x7F,
    0xE4, 0x00, 0x07, 0x80, 0x00, 0x00, 0x2F, 0x40, 0x00, 0x00, 0x00, 0x2F, 0xFF, 0xFC, 0x00, 0x00,
    0x03, 0xF4, 0x00, 0x00, 0x00, 0x0F, 0xC0, 0x00, 0x1F, 0xC0, 0x7F, 0x02, 0xFC, 0x2F, 0x82, 0xF8,
    0x1F, 0xC0, 0xBE, 0x0F, 0xD0, 0xBD, 0x03, 0xF4, 0x3F, 0x03, 0xF0, 0x0F, 0xC1, 0xFC, 0x1F, 0xC0,
    0x3F, 0x0B, 0xE0, 0xBD, 0x00, 0xFC, 0x3F, 0x43, 0xF0, 0x03, 0xF0, 0xFC, 0x2F, 0x40, 0x07, 0xD3,
    0xF2, 0xF4, 0x00, 0x07, 0xFF, 0xFE, 0x00, 0x00, 0x01, 0xFE, 0x00, 0x00, 0x00, 0x03, 0xF0, 0x00,
    0x00, 0x00, 0x0F, 0xC0, 0x00, 0x00, 0x2F, 0xFF, 0xFC, 0x00, 0x00, 0x00, 0x00, 0x00, 0x00, 0x00,
    0x00, 0x00, 0xFF, 0x40, 0x00, 0x00, 0x01, 0xF0, 0x00, 0x00, 0x00, 0x2F, 0x00, 0x00, 0x00, 0x03,
    0xE0, 0x00, 0x00, 0x00, 0x3D, 0x00, 0x00, 0x00, 0x07, 0xC0, 0x00, 0x2F, 0x40, 0xBC, 0x78, 0x0E,
    0x3C, 0x0F, 0x8F, 0xC2, 0xC7, 0xD0, 0xF4, 0xFD, 0x34, 0xBC, 0x1F, 0x03, 0xC0, 0x0F, 0x82, 0xF0,
    0x2C, 0x01, 0xF4, 0x3E, 0x03, 0x80, 0x2F, 0x03, 0xD0, 0x70, 0x03, 0xF0, 0x7C, 0x0E, 0x00, 0x3F,
    0x0B, 0xC2, 0xC0, 0x01, 0xF0, 0xF8, 0xE0, 0x00, 0x07, 0xEF, 0xF4, 0x00, 0x00, 0x02, 0xF4, 0x00,
    0x00, 0x00, 0x2F, 0x00, 0x00, 0x00, 0x03, 0xF0, 0x00, 0x00, 0x00, 0x7E, 0x00, 0x00, 0x00, 0x3F,
    0xFC, 0x00, 0x00, 0x00, 0x00, 0x6F, 0xF9, 0x00, 0x00, 0x1F, 0x80, 0x7E, 0x00, 0x03, 0xF0, 0x00,
    0x7E, 0x00, 0x3F, 0x00, 0x00, 0xFC, 0x03, 0xF4, 0x00, 0x02, 0xF4, 0x1F, 0xC0, 0x00, 0x0F, 0xE0,
    0xFE, 0x00, 0x00, 0x3F, 0x87, 0xFA, 0xFE, 0x41, 0xFD, 0x2F, 0xC0, 0x7F, 0xEF, 0xF4, 0xFE, 0x00,
    0x00, 0x2F, 0xC3, 0xF8, 0x00, 0x00, 0xFE, 0x0F, 0xD0, 0x00, 0x07, 0xF0, 0x3F, 0x40, 0x00, 0x3F,
    0x40, 0xBE, 0x00, 0x02, 0xF8, 0x00, 0xFC, 0x00, 0x2F, 0x80, 0x00, 0xFD, 0x07, 0xF4, 0x00, 0x00,
    0x6F, 0xF9, 0x00, 0x00, 0x00, 0x6F, 0xE0, 0x02, 0xE0, 0xBC, 0x0B, 0xC0, 0x7D, 0x1F, 0x40, 0x7D,
    0x3F, 0xFF, 0xFD, 0x3F, 0x00, 0xFC, 0x7E, 0x00, 0xFC, 0x7D, 0x02, 0xF0, 0x3D, 0x03, 0xE0, 0x2E,
    0x0F, 0x80, 0x07, 0xF9, 0x00, 0x7F, 0xFF, 0x40, 0x00, 0x2F, 0x80, 0x7F, 0x40, 0x00, 0x1E, 0x7D,
    0x03, 0xF4, 0x00, 0x07, 0x87, 0xC0, 0x3F, 0x40, 0x00, 0xF0, 0x00, 0x03, 0xF8, 0x00, 0x2C, 0x00,
    0x00, 0x3F, 0x80, 0x07, 0x40, 0x00, 0x02, 0xFC, 0x00, 0xE0, 0x00, 0x00, 0x1F, 0xC0, 0x2C, 0x00,
    0x00, 0x01, 0xFC, 0x07, 0x40, 0x00, 0x00, 0x0F, 0xD0, 0xE0, 0x00, 0x00, 0x00, 0xFD, 0x2C, 0x00,
    0x00, 0x00, 0x0F, 0xE7, 0x40, 0x00, 0x00, 0x00, 0xFF, 0xE0, 0x00, 0x00, 0x00, 0x0B, 0xFC, 0x00,
    0x00, 0x00, 0x00, 0xBF, 0x00, 0x00, 0x00, 0x00, 0x07, 0xE0, 0x00, 0x00, 0x00, 0x00, 0x3C, 0x00,
    0x00, 0x00, 0x00, 0x07, 0xF4, 0x00, 0x0B, 0xF0, 0x36, 0xF0, 0x00, 0xE7, 0xE2, 0x87, 0xD0, 0x0B,
    0x0F, 0x0D, 0x0F, 0x80, 0x70, 0x00, 0x00, 0x3F, 0x03, 0x40, 0x00, 0x00, 0xBC, 0x28, 0x00, 0x00,
    0x02, 0xF1, 0xC0, 0x00, 0x00, 0x07, 0xED, 0x00, 0x00, 0x00, 0x0F, 0xE0, 0x00, 0x00, 0x00, 0x3F,
    0x00, 0x00, 0x00, 0x00, 0xF0, 0x00, 0x00, 0x00, 0x00, 0x1E, 0x0F, 0x00, 0x00, 0x00, 0x03, 0xFE,
    0xFD, 0x00, 0x00, 0x00, 0x2F, 0xFF, 0xF4, 0x00, 0x00, 0x00, 0x1B, 0x1B, 0x40, 0x00, 0x00, 0x00,
    0x00, 0x00, 0x00, 0x00, 0x00, 0x00, 0x00, 0x00, 0x00, 0x7F, 0xFF, 0x40, 0x00, 0x2F, 0x80, 0x7F,
    0x40, 0x00, 0x1E, 0x7D, 0x03, 0xF4, 0x00, 0x07, 0x87, 0xC0, 0x3F, 0x40, 0x00, 0xF0, 0x00, 0x03,
    0xF8, 0x00, 0x2C, 0x00, 0x00, 0x3F, 0x80, 0x07, 0x40, 0x00, 0x02, 0xFC, 0x00, 0xE0, 0x00, 0x00,
    0x1F, 0xC0, 0x2C, 0x00, 0x00, 0x01, 0xFC, 0x07, 0x40, 0x00, 0x00, 0x0F, 0xD0, 0xE0, 0x00, 0x00,
    0x00, 0xFD, 0x2C, 0x00, 0x00, 0x00, 0x0F, 0xE7, 0x40, 0x00, 0x00, 0x00, 0xFF, 0xE0, 0x00, 0x00,
    0x00, 0x0B, 0xFC, 0x00, 0x00, 0x00, 0x00, 0xBF, 0x40, 0x00, 0x00, 0x00, 0x07, 0xE0, 0x00, 0x00,
    0x00, 0x00, 0x3C, 0x00, 0x00, 0x00, 0x00, 0x00, 0x2D, 0x0E, 0x00, 0x00, 0x00, 0xFD, 0xBF, 0x00,
    0x00, 0x01, 0xFD, 0xBF, 0x00, 0x00, 0x00, 0x20, 0x14, 0x00, 0x00, 0x00, 0x00, 0x00, 0x00, 0x1F,
    0x80, 0x00, 0x1F, 0xC0, 0xDB, 0xC0, 0x02, 0xCF, 0x8A, 0x1F, 0x00, 0x1C, 0x3C, 0x34, 0x3D, 0x00,
    0xD0, 0x00, 0x00, 0xF8, 0x0A, 0x00, 0x00, 0x03, 0xF0, 0x70, 0x00, 0x00, 0x0B, 0xC3, 0x40, 0x00,
    0x00, 0x2F, 0x28, 0x00, 0x00, 0x00, 0x7E, 0xC0, 0x00, 0x00, 0x00, 0xFD, 0x00, 0x00, 0x00, 0x03,
    0xF0, 0x00, 0x00, 0x00, 0x0F, 0x00, 0x00, 0x00, 0x00, 0x00, 0x00, 0x0A, 0x00, 0x00, 0x00, 0x00,
    0x00, 0x3F, 0x80, 0x00, 0x00, 0x00, 0x06, 0xBF, 0xE4, 0x00, 0x00, 0x01, 0xFE, 0xBF, 0x6F, 0xD0,
    0x00, 0x1F, 0xD0, 0xBF, 0x03, 0xF8, 0x00, 0xBE, 0x00, 0xBD, 0x00, 0xFC, 0x01, 0xFC, 0x00, 0xBC,
    0x00, 0xBE, 0x03, 0xF4, 0x00, 0x00, 0x00, 0xBF, 0x0B, 0xF0, 0x00, 0x00, 0x00, 0xBF, 0x0F, 0xD0,
    0x00, 0x00, 0x00, 0xFE, 0x1F, 0xC0, 0x00, 0x00, 0x00, 0xFE, 0x2F, 0xC0, 0x00, 0x00, 0x00, 0xFD,
    0x3F, 0x80, 0x00, 0x00, 0x01, 0xFC, 0x3F, 0x80, 0x00, 0x00, 0x03, 0xF8, 0x3F, 0x40, 0x00, 0x00,
    0x03, 0xF4, 0x3F, 0x40, 0x00, 0x00, 0x0B, 0xE0, 0x3F, 0x80, 0x1F, 0x40, 0x1F, 0xC0, 0x1F, 0xC0,
    0x2F, 0x40, 0x7F, 0x00, 0x0B, 0xF0, 0x3F, 0x42, 0xFC, 0x00, 0x01, 0xFF, 0xFF, 0xBF, 0x90, 0x00,
    0x00, 0x05, 0xFF, 0x50, 0x00, 0x00, 0x00, 0x00, 0xBE, 0x00, 0x00, 0x00, 0x00, 0x00, 0x14, 0x00,
    0x00, 0x00, 0x00, 0x00, 0xB4, 0x00, 0x00, 0x6F, 0xFF, 0x90, 0x07, 0xE5, 0xF1, 0xF8, 0x1F, 0x81,
    0xE0, 0xBC, 0x3F, 0x00, 0x00, 0x7D, 0x7E, 0x00, 0x00, 0xBD, 0xBD, 0x00, 0x00, 0xFC, 0xFC, 0x00,
    0x00, 0xFC, 0xFC, 0x00, 0x02, 0xF4, 0xFC, 0x1F, 0x03, 0xE0, 0x3E, 0x2F, 0x1F, 0x80, 0x0A, 0xFF,
    0xE4, 0x00, 0x00, 0x3D, 0x00, 0x00, 0x00, 0x00, 0x00, 0x2F, 0xFE, 0x00, 0x00, 0x00, 0x00, 0x0B,
    0xD0, 0x1F, 0x40, 0x00, 0x00, 0x01, 0xF8, 0x2F, 0x0F, 0x00, 0x00, 0x00, 0x0F, 0x83, 0x5D, 0x2F,
    0x00, 0x00, 0x00, 0x00, 0x08, 0xB0, 0x1F, 0x40, 0x00, 0x00, 0x00, 0x06, 0x00, 0x00, 0x00, 0x00,
    0x1B, 0xF4, 0x00, 0x7F, 0xD0, 0x00, 0x07, 0xE0, 0xF0, 0x07, 0x83, 0xE0, 0x00, 0x7E, 0x0B, 0xC0,
    0x3F, 0x07, 0xD0, 0x07, 0xF0, 0x2E, 0x00, 0xF4, 0x0F, 0xC0, 0x3F, 0x40, 0x00, 0x00, 0x00, 0x3F,
    0x02, 0xFC, 0x00, 0x00, 0x00, 0x01, 0xFC, 0x0F, 0xE0, 0x00, 0x00, 0x00, 0x07, 0xF0, 0x7F, 0x00,
    0x00, 0x00, 0x00, 0x2F, 0xC2, 0xFC, 0x00, 0x7F, 0xF0, 0x00, 0xFE, 0x0F, 0xE0, 0x00, 0x7F, 0x00,
    0x07, 0xF4, 0x3F, 0x40, 0x02, 0xF8, 0x00, 0x2F, 0xC0, 0xFD, 0x00, 0x0F, 0xD0, 0x00, 0xFE, 0x03,
    0xF0, 0x00, 0x3F, 0x00, 0x07, 0xF0, 0x0F, 0xC0, 0x01, 0xFC, 0x00, 0x3F, 0x40, 0x1F, 0x40, 0x0B,
    0xE0, 0x02, 0xF4, 0x00, 0x3F, 0x00, 0xB2, 0xD0, 0x3F, 0x40, 0x00, 0x1F, 0xF9, 0x01, 0xBF, 0xD0,
    0x00, 0x00, 0x00, 0x00, 0x6F, 0xE4, 0x00, 0x00, 0x28, 0x07, 0xE0, 0x00, 0x08, 0x00, 0x0F, 0x00,
    0x00, 0x80, 0x00, 0x38, 0x00, 0x00, 0x00, 0x00, 0xF0, 0x01, 0x40, 0x01, 0x00, 0x00, 0xF8, 0x00,
    0xF8, 0x00, 0x3E, 0x00, 0x03, 0xD0, 0x0F, 0x80, 0x00, 0x3E, 0x02, 0xF0, 0x00, 0x03, 0xF0, 0x3F,
    0x01, 0xD0, 0x3E, 0x03, 0xD0, 0x3E, 0x07, 0xD0, 0x7C, 0x07, 0xC0, 0xBC, 0x03, 0xC0, 0x78, 0x0F,
    0x80, 0x3C, 0x07, 0x02, 0xF0, 0x02, 0xD1, 0xF4, 0x78, 0x00, 0x0B, 0xE1, 0xFD, 0x00, 0x00, 0x00,
    0x00, 0x00, 0x7F, 0xFF, 0xC0, 0x00, 0x00, 0x00, 0x02, 0xEB, 0xDF, 0x00, 0x00, 0x00, 0x00, 0x0B,
    0x2E, 0x38, 0x00, 0x00, 0x00, 0x00, 0x34, 0xF0, 0xC0, 0x00, 0x00, 0x00, 0x00, 0x00, 0x00, 0x00,
    0x00, 0x00, 0x00, 0x00, 0x00, 0x00, 0x00, 0x00, 0x00, 0x1B, 0xF4, 0x00, 0x7F, 0xD0, 0x00, 0x07,
    0xE0, 0xF0, 0x07, 0x83, 0xE0, 0x00, 0x7E, 0x0B, 0xC0, 0x3F, 0x07, 0xD0, 0x07, 0xF0, 0x2E, 0x00,
    0xF4, 0x0F, 0xC0, 0x3F, 0x40, 0x00, 0x00, 0x00, 0x3F, 0x02, 0xFC, 0x00, 0x00, 0x00, 0x01, 0xFC,
    0x0F, 0xE0, 0x00, 0x00, 0x00, 0x07, 0xF0, 0x7F, 0x00, 0x00, 0x00, 0x00, 0x2F, 0xC2, 0xFC, 0x00,
    0x7F, 0xF0, 0x00, 0xFE, 0x0F, 0xE0, 0x00, 0x7F, 0x00, 0x07, 0xF4, 0x3F, 0x40, 0x02, 0xF8, 0x00,
    0x2F, 0xC0, 0xFD, 0x00, 0x0F, 0xD0, 0x00, 0xFE, 0x03, 0xF0, 0x00, 0x3F, 0x00, 0x07, 0xF0, 0x0F,
    0xC0, 0x01, 0xFC, 0x00, 0x3F, 0x40, 0x1F, 0x40, 0x0B, 0xE0, 0x02, 0xF4, 0x00, 0x3F, 0x00, 0x72,
    0xD0, 0x3F, 0x40, 0x00, 0x1F, 0xF9, 0x01, 0xBF, 0xD0, 0x00, 0x00, 0x00, 0x07, 0xFF, 0xFC, 0x00,
    0x0B, 0x6E, 0x38, 0x00, 0x0E, 0x3D, 0x34, 0x00, 0x0D, 0x3C, 0x30, 0x00, 0x00, 0x00, 0x00, 0x00,
    0x14, 0x00, 0x50, 0x00, 0xF8, 0x00, 0xF8, 0x03, 0xE0, 0x00, 0x3D, 0x0F, 0x80, 0x00, 0x3E, 0x2F,
    0x00, 0x00, 0x3F, 0x3E, 0x01, 0xD0, 0x3E, 0x3D, 0x03, 0xE0, 0x7D, 0x7C, 0x07, 0xC0, 0xBC, 0x3C,
    0x07, 0x80, 0xF8, 0x3C, 0x07, 0x02, 0xF0, 0x2D, 0x1F, 0x47, 0x80, 0x0B, 0xE1, 0xFD, 0x00, 0x00,
    0x00, 0x2F, 0xF9, 0x0A, 0x00, 0x07, 0xE4, 0x07, 0xBD, 0x00, 0x2F, 0x00, 0x01, 0xFC, 0x00, 0xBC,
    0x00, 0x00, 0xBC, 0x01, 0xF0, 0x00, 0x00, 0x78, 0x03, 0xE0, 0x00, 0x00, 0x74, 0x0B, 0xC0, 0x00,
    0x00, 0x70, 0x0F, 0x80, 0x00, 0x00, 0x00, 0x2F, 0x40, 0x00, 0x00, 0x00, 0x3F, 0x00, 0x00, 0x00,
    0x00, 0x3F, 0x00, 0x00, 0x00, 0x00, 0x3F, 0x00, 0x00, 0x00, 0x00, 0x3F, 0x40, 0x00, 0x00, 0x00,
    0x3F, 0x80, 0x00, 0x00, 0x00, 0x2F, 0xE0, 0x00, 0x00, 0x00, 0x0F, 0xFF, 0x90, 0x00, 0x00, 0x07,
    0xFF, 0xFF, 0x80, 0x00, 0x00, 0xBF, 0xFF, 0xF8, 0x00, 0x00, 0x01, 0xBF, 0xFD, 0x00, 0x00, 0x00,
    0x01, 0xBE, 0x00, 0x00, 0x00, 0x00, 0x0E, 0x00, 0x00, 0x00, 0x00, 0x1C, 0x00, 0x00, 0x00, 0x00,
    0x00, 0x00, 0x00, 0x2F, 0xE0, 0x0B, 0x81, 0xD0, 0xB8, 0x0F, 0x87, 0xC0, 0x3C, 0x3D, 0x00, 0x01,
    0xF0, 0x00, 0x0B, 0xC0, 0x00, 0x2F, 0x00, 0x00, 0xBC, 0x00, 0x01, 0xFC, 0x00, 0x02, 0xFF, 0x80,
    0x01, 0xFF, 0xC0, 0x00, 0x1F, 0xC0, 0x00, 0x0F, 0x00, 0x00, 0x2C, 0x00, 0x00, 0xD0, 0x00, 0x1D,
    0x00, 0x00, 0x01, 0x00, 0x01, 0x02, 0x40, 0x02, 0x87, 0xFC, 0x01, 0xF9, 0x30, 0x0B, 0xB0, 0x00,
    0x18, 0x20, 0x00, 0x3C, 0x00, 0x00, 0x3C, 0x00, 0x00, 0x00, 0x00, 0x00, 0x14, 0x00, 0x3C, 0x7E,
    0xE0, 0x7C, 0xB8, 0x1B, 0xFC, 0xF4, 0x00, 0x50, 0x00, 0xBF, 0xF4, 0x00, 0x2F, 0x80, 0xBC, 0x03,
    0xF0, 0x00, 0xB8, 0x1F, 0x00, 0x00, 0xF4, 0x00, 0x00, 0x00, 0xB4, 0x07, 0xF4, 0x1D, 0x3C, 0x30,
    0xBD, 0x30, 0x78, 0x24, 0x00, 0x0B, 0xE0, 0xF0, 0xEB, 0xD1, 0x9E, 0x0D, 0x00, 0xA0, 0x00, 0x00,
    0x00, 0x00, 0x2E, 0x00, 0x00, 0x00, 0x00, 0x00, 0x00, 0x07, 0xF0, 0x00, 0x00, 0x00, 0x00, 0x00,
    0x00, 0xBF, 0x00, 0x00, 0x00, 0x00, 0x00, 0x00, 0x0B, 0xC0, 0x00, 0x00, 0x00, 0x02, 0xE0, 0x00,
    0x00, 0x00, 0x2E, 0x00, 0x00, 0x7F, 0x00, 0x00, 0x00, 0x07, 0xF0, 0x00, 0x0B, 0xF0, 0x00, 0x00,
    0x00, 0x7F, 0x00, 0x00, 0x7C, 0x00, 0x00, 0x00, 0x03, 0xD0, 0x00, 0x00, 0x00, 0x00, 0x00, 0x00,
    0x00, 0x00, 0x00, 0x00, 0x00, 0x00, 0x00, 0x00, 0x00, 0x00, 0x00, 0x00, 0x00, 0x00, 0x00, 0x00,
    0x00, 0x00, 0x00, 0x00, 0x00, 0x00, 0x00, 0x00, 0x00, 0x00, 0x00, 0x00, 0x00, 0x00, 0x00, 0x01,
    0xF0, 0x00, 0x00, 0x00, 0x00, 0x00, 0x7C, 0x3F, 0x40, 0x00, 0x00, 0x00, 0x00, 0x0F, 0xD7, 0xF4,
    0x00, 0x00, 0x00, 0x00, 0x01, 0xFC, 0x3D, 0x00, 0x00, 0x00, 0x00, 0x00, 0x0F, 0x40, 0x00, 0x00,
    0x00, 0x00, 0x00, 0x00, 0x00, 0x00, 0x00, 0x00, 0x00, 0x00, 0x00, 0x00, 0x00, 0x00, 0x00, 0x00,
    0x00, 0x00, 0x00, 0x00, 0x00, 0x00, 0x00, 0x00, 0x00, 0x00, 0x00, 0x00, 0x00, 0x00, 0x00, 0x00,
    0x00, 0x00, 0x00, 0x07, 0xC0, 0x00, 0x00, 0x00, 0x3D, 0x00, 0x00, 0xFE, 0x00, 0x00, 0x00, 0x0F,
    0xF0, 0x00, 0x0F, 0xD0, 0x00, 0x00, 0x00, 0xFE, 0x00, 0x00, 0xB8, 0x00, 0x00, 0x00, 0x0B, 0x80,
    0x00, 0x00, 0x00, 0x03, 0xD0, 0x00, 0x00, 0x00, 0x00, 0x00, 0x00, 0xBF, 0x00, 0x00, 0x00, 0x00,
    0x00, 0x00, 0x0F, 0xE0, 0x00, 0x00, 0x00, 0x00, 0x00, 0x00, 0x78, 0x00, 0x00, 0x00, 0x00, 0x00,
    0x00, 0x00, 0x00, 0x00, 0x60, 0x00, 0x00, 0x00, 0x00, 0x00, 0x00, 0x03, 0x40, 0x00, 0x00, 0x00,
    0x00, 0x00, 0x00, 0x0F, 0x40, 0x00, 0x00, 0x00, 0x00, 0x80, 0x00, 0x2F, 0xC0, 0x00, 0x00, 0x00,
    0x01, 0x40, 0x00, 0x3F, 0xC0, 0x00, 0x00, 0x00, 0x02, 0xF8, 0x00, 0x1E, 0x00, 0x06, 0xFD, 0x00,
    0x03, 0xFC, 0x00, 0x00, 0x00, 0x0F, 0xC0, 0x00, 0x02, 0xFC, 0x00, 0x00, 0x00, 0x2F, 0xC0, 0x00,
    0x01, 0xF0, 0x00, 0x00, 0x00, 0x0F, 0x40, 0x00, 0x00, 0x00, 0x00, 0x00, 0x00, 0x00, 0x00, 0x00,
    0x00, 0x00, 0x00, 0x00, 0x00, 0x00, 0x00, 0x00, 0x00, 0x00, 0x00, 0x00, 0x00, 0x00, 0x00, 0x00,
    0x00, 0x00, 0x00, 0x00, 0x00, 0x00, 0x00, 0x00, 0x00, 0x00, 0x00, 0x00, 0x00, 0x00, 0x00, 0x87,
    0xC0, 0x00, 0x00, 0x00, 0x00, 0x01, 0xF4, 0x9F, 0xD0, 0x00, 0x00, 0x00, 0x00, 0x03, 0xFC, 0x3F,
    0xC0, 0x00, 0x00, 0x00, 0x00, 0x07, 0xF6, 0x0F, 0x40, 0x00, 0x00, 0x00, 0x00, 0x03, 0xD2, 0x00,
    0x00, 0x00, 0x00, 0x00, 0x00, 0x00, 0x00, 0x00, 0x00, 0x00, 0x00, 0x00, 0x00, 0x00, 0x00, 0x00,
    0x00, 0x00, 0x00, 0x00, 0x00, 0x00, 0x00, 0x00, 0x00, 0x00, 0x00, 0x00, 0x00, 0x00, 0x00, 0x00,
    0x00, 0x00, 0x00, 0x00, 0x00, 0x00, 0x00, 0x01, 0xF0, 0x00, 0x00, 0x00, 0x0F, 0x40, 0x00, 0x03,
    0xF8, 0x00, 0x00, 0x00, 0x3F, 0xC0, 0x00, 0x03, 0xF4, 0x00, 0x00, 0x00, 0x3F, 0xC0, 0x00, 0x7F,
    0xE0, 0x00, 0xB4, 0x00, 0x2E, 0x80, 0x00, 0x00, 0x00, 0x02, 0xFC, 0x00, 0x01, 0x40, 0x00, 0x00,
    0x00, 0x03, 0xF8, 0x00, 0x01, 0x00, 0x00, 0x00, 0x00, 0x01, 0xF0, 0x00, 0x00, 0x00, 0x00, 0x00,
    0x00, 0x01, 0x80, 0x00, 0x00, 0x00, 0x00, 0x00, 0x00, 0x05, 0x00, 0x00, 0x00, 0x00, 0x00, 0x00,
    0x00, 0x00, 0xF4, 0x00, 0x00, 0x00, 0x00, 0x02, 0xF8, 0x00, 0x00, 0x00, 0x00, 0x03, 0xF0, 0x0A,
    0x00, 0x00, 0x00, 0x00, 0xBF, 0xE4, 0x00, 0x00, 0x00, 0x00, 0x00, 0x00, 0x00, 0x00, 0x00, 0x00,
    0x00, 0x00, 0x00, 0x00, 0x3F, 0xFF, 0xD2, 0xFF, 0xFF, 0x00, 0x03, 0xF8, 0x00, 0x2F, 0xC0, 0x00,
    0x03, 0xF0, 0x00, 0xBF, 0xC0, 0x00, 0x07, 0xF0, 0x01, 0xFF, 0x80, 0x00, 0x0B, 0xE0, 0x07, 0xBF,
    0x40, 0x00, 0x0F, 0xD0, 0x0E, 0x7F, 0x00, 0x00, 0x0F, 0xC0, 0x3C, 0xBF, 0x00, 0x00, 0x1F, 0xC0,
    0xB0, 0xFE, 0x00, 0x00, 0x2F, 0x82, 0xC0, 0xFD, 0x00, 0x00, 0x3F, 0x87, 0x41, 0xFC, 0x00, 0x00,
    0x3F, 0x5E, 0x02, 0xFC, 0x00, 0x00, 0x7F, 0x38, 0x03, 0xF8, 0x00, 0x00, 0xBF, 0xF0, 0x03, 0xF4,
    0x00, 0x00, 0xFF, 0xC0, 0x07, 0xF0, 0x00, 0x00, 0xFF, 0x00, 0x0B, 0xF0, 0x00, 0x01, 0xFD, 0x00,
    0x0F, 0xE0, 0x00, 0x3F, 0xFF, 0xD2, 0xFF, 0xFF, 0x00, 0x00, 0x00, 0x00, 0x00, 0x2F, 0x00, 0x00,
    0x00, 0x00, 0x00, 0x0B, 0x00, 0x00, 0x00, 0x00, 0x00, 0x0B, 0x00, 0x00, 0x00, 0x00, 0x00, 0x0B,
    0x00, 0x00, 0x00, 0x00, 0x00, 0x0A, 0x00, 0x00, 0x01, 0xE0, 0x00, 0x00, 0x00, 0xFC, 0x00, 0x00,
    0x00, 0x7F, 0x00, 0x00, 0x00, 0x1F, 0x40, 0x70, 0x00, 0x01, 0xFF, 0xE0, 0x00, 0x00, 0x00, 0x00,
    0x00, 0x2F, 0x40, 0x0B, 0x40, 0x38, 0xF0, 0x03, 0xD0, 0x2C, 0x7D, 0x01, 0xF0, 0x0D, 0x2F, 0x00,
    0xBC, 0x00, 0x0F, 0x80, 0x3E, 0x00, 0x07, 0xC0, 0x0F, 0x40, 0x03, 0xF0, 0x07, 0xC0, 0x00, 0xF8,
    0x02, 0xF0, 0x00, 0x3E, 0x00, 0xF8, 0x50, 0x0B, 0xC1, 0xFE, 0x74, 0x00, 0x7F, 0x83, 0xFD, 0x00,
    0x00, 0x00, 0x03, 0x80, 0x00, 0x00, 0x00, 0xF0, 0x00, 0x00, 0x00, 0x7D, 0x00, 0x00, 0x00, 0x7F,
    0x00, 0x00, 0x00, 0x79, 0x00, 0x00, 0x00, 0x00, 0x00, 0x00, 0x7F, 0xFF, 0xC0, 0x00, 0x00, 0x0F,
    0xD0, 0x00, 0x00, 0x00, 0x3F, 0x00, 0x00, 0x03, 0xFF, 0xFF, 0xFF, 0xFD, 0x00, 0x0B, 0xE0, 0x00,
    0x00, 0x00, 0x3F, 0x40, 0x00, 0x00, 0x00, 0xFC, 0x00, 0x00, 0x00, 0x07, 0xF6, 0xFF, 0x90, 0x00,
    0x2F, 0x80, 0x1F, 0xE0, 0x00, 0xFC, 0x00, 0x1F, 0xC0, 0x03, 0xF0, 0x00, 0x3F, 0x40, 0x1F, 0x80,
    0x00, 0xFD, 0x00, 0xBD, 0x00, 0x07, 0xF0, 0x03, 0xF0, 0x00, 0x3F, 0x80, 0x0F, 0xC0, 0x01, 0xFC,
    0x00, 0xBE, 0x00, 0x2F, 0xC0, 0x7F, 0xFF, 0xFF, 0xE4, 0x00, 0x00, 0x00, 0x00, 0x0B, 0xF8, 0x00,
    0x01, 0xF4, 0x00, 0x02, 0xF0, 0x00, 0x03, 0xF0, 0x00, 0x3F, 0xFF, 0xF4, 0x07, 0xD0, 0x00, 0x0B,
    0xC0, 0x00, 0x0F, 0xC0, 0x00, 0x0F, 0x80, 0x00, 0x1F, 0xFF, 0xE4, 0x2F, 0x80, 0x7D, 0x3F, 0x00,
    0x3F, 0x3E, 0x00, 0x3F, 0x3D, 0x00, 0xBD, 0x2F, 0x01, 0xF8, 0x07, 0xFF, 0x80, 0x00, 0x3F, 0xFF,
    0xFF, 0xD0, 0x00, 0x03, 0xF4, 0x01, 0xFC, 0x00, 0x03, 0xF0, 0x00, 0xFD, 0x00, 0x07, 0xF0, 0x00,
    0xFE, 0x00, 0x0B, 0xE0, 0x00, 0xFD, 0x00, 0x0F, 0xC6, 0x01, 0xFC, 0x00, 0x0F, 0xC2, 0xC3, 0xF4,
    0x00, 0x1F, 0x80, 0xBF, 0xD0, 0x00, 0x2F, 0xFF, 0xFE, 0x00, 0x00, 0x3F, 0x40, 0x07, 0x40, 0x00,
    0x3F, 0x00, 0x01, 0xD0, 0x00, 0x7F, 0x00, 0x00, 0x70, 0x00, 0xBE, 0x00, 0x00, 0x00, 0x00, 0xFD,
    0x00, 0x00, 0x00, 0x00, 0xFC, 0x00, 0x00, 0x00, 0x01, 0xFC, 0x00, 0x00, 0x00, 0x7F, 0xFF, 0xD0,
    0x00, 0x00, 0x00, 0x00, 0x00, 0x00, 0x00, 0x00, 0x00, 0x00, 0x00, 0x01, 0xF8, 0x2F, 0xD0, 0x07,
    0x6F, 0xD0, 0xF4, 0x0A, 0x3F, 0x00, 0x7C, 0x0D, 0x3E, 0x00, 0xBC, 0x00, 0x7D, 0x00, 0xBC, 0x00,
    0xBC, 0x00, 0xFC, 0x00, 0xFC, 0x1D, 0xF8, 0x00, 0xF8, 0x0B, 0xF4, 0x01, 0xF4, 0x03, 0xE0, 0x02,
    0xFC, 0x1F, 0xF0, 0x03, 0xFF, 0xF9, 0x28, 0x03, 0xE0, 0x00, 0x00, 0x07, 0xD0, 0x00, 0x00, 0x07,
    0xC0, 0x00, 0x00, 0x0B, 0xC0, 0x00, 0x00, 0x7F, 0xF4, 0x00, 0x00, 0x00, 0x00, 0x00, 0x00, 0x03,
    0x00, 0x00, 0x00, 0x00, 0x02, 0xC0, 0x00, 0x00, 0x00, 0x00, 0xE0, 0x00, 0x00, 0x00, 0x00, 0xB0,
    0x00, 0x00, 0x00, 0x01, 0xBC, 0x00, 0x1F, 0xFF, 0xFF, 0xFD, 0x00, 0x00, 0x3F, 0x40, 0x00, 0x00,
    0x00, 0x0F, 0xC0, 0x00, 0x00, 0x00, 0x07, 0xF0, 0x00, 0x00, 0x00, 0x02, 0xF8, 0x00, 0x00, 0x00,
    0x00, 0xFD, 0x00, 0x00, 0x00, 0x00, 0x3F, 0x00, 0x00, 0x00, 0x00, 0x1F, 0xC0, 0x00, 0x00, 0x00,
    0x0B, 0xE0, 0x00, 0x00, 0x00, 0x03, 0xF4, 0x00, 0x00, 0x00, 0x00, 0xFC, 0x00, 0x00, 0x00, 0x00,
    0x7F, 0x00, 0x00, 0x00, 0x00, 0x2F, 0x80, 0x00, 0x00, 0x00, 0x0F, 0xD0, 0x00, 0x00, 0x00, 0x03,
    0xF0, 0x00, 0x00, 0x00, 0x01, 0xFC, 0x00, 0x00, 0x00, 0x1F, 0xFF, 0xFC, 0x00, 0x00, 0x00, 0x00,
    0x00, 0x00, 0x0B, 0x40, 0x00, 0x00, 0x07, 0xE0, 0x00, 0x00, 0x03, 0xF4, 0x00, 0x00, 0x01, 0xFC,
    0x00, 0x03, 0xFF, 0xFE, 0x00, 0x01, 0xF4, 0x00, 0x00, 0x00, 0xBC, 0x00, 0x00, 0x00, 0x3F, 0x00,
    0x00, 0x00, 0x0F, 0x80, 0x00, 0x00, 0x07, 0xD0, 0x00, 0x00, 0x02, 0xF0, 0x00, 0x00, 0x00, 0xFC,
    0x00, 0x00, 0x7C, 0x7D, 0x00, 0x00, 0x3F, 0x7D, 0x00, 0x00, 0x07, 0xF8, 0x00, 0x00, 0x00, 0x00,
    0x3F, 0xFF, 0xFF, 0xF0, 0x00, 0x3F, 0x40, 0x2F, 0x00, 0x03, 0xF0, 0x00, 0xF0, 0x00, 0x7F, 0x00,
    0x0E, 0x00, 0x0B, 0xF0, 0x00, 0xE0, 0x00, 0xFE, 0x00, 0x0D, 0x00, 0x0F, 0xD0, 0x00, 0x00, 0x01,
    0xFC, 0x00, 0x00, 0x0F, 0xFF, 0xFF, 0x80, 0x00, 0x03, 0xF8, 0x00, 0x00, 0x00, 0x3F, 0x40, 0x00,
    0x00, 0x07, 0xF0, 0x00, 0x00, 0x00, 0xBF, 0x00, 0x00, 0x00, 0x0F, 0xE0, 0x00, 0x00, 0x00, 0xFD,
    0x00, 0x00, 0x00, 0x1F, 0xC0, 0x00, 0x00, 0x7F, 0xFF, 0xF0, 0x00, 0x00, 0x01, 0xBF, 0x90, 0x3D,
    0x07, 0xD1, 0x80, 0x1F, 0x40, 0x02, 0xFC, 0x3F, 0xFF, 0xF4, 0x2F, 0xF8, 0x03, 0xF9, 0x00, 0x1F,
    0x40, 0x00, 0xBC, 0x00, 0xD1, 0xF4, 0x2E, 0x01, 0xBF, 0x90, 0x00, 0x00, 0x3F, 0xFF, 0xFF, 0xF8,
    0x00, 0x0F, 0xE0, 0x07, 0xE0, 0x00, 0x3F, 0x40, 0x07, 0x80, 0x01, 0xFC, 0x00, 0x0D, 0x00, 0x0B,
    0xF0, 0x00, 0x34, 0x00, 0x3F, 0x80, 0x00, 0xC0, 0x00, 0xFD, 0x00, 0x00, 0x00, 0x07, 0xF0, 0x00,
    0x00, 0x00, 0x2F, 0xFF, 0xF9, 0x00, 0x00, 0xFE, 0x01, 0xBF, 0x40, 0x03, 0xF4, 0x00, 0xBF, 0x00,
    0x1F, 0xC0, 0x00, 0xFE, 0x00, 0xBF, 0x00, 0x03, 0xF8, 0x03, 0xF8, 0x00, 0x0F, 0xE0, 0x0F, 0xD0,
    0x00, 0x3F, 0x80, 0x7F, 0x00, 0x01, 0xFD, 0x3F, 0xFF, 0xF0, 0x0B, 0xF0, 0x00, 0x00, 0x00, 0x3F,
    0x40, 0x00, 0x2F, 0x02, 0xFC, 0x00, 0x01, 0xFD, 0x1F, 0xC0, 0x00, 0x07, 0xF2, 0xF8, 0x00, 0x00,
    0x07, 0xFE, 0x00, 0x00, 0x03, 0xFF, 0xFC, 0x0B, 0xC0, 0x00, 0x0F, 0xC0, 0x00, 0x0F, 0x80, 0x00,
    0x1F, 0x40, 0x00, 0x1F, 0xFF, 0x80, 0x2F, 0x07, 0xF4, 0x3E, 0x00, 0xFC, 0x3D, 0x00, 0xFC, 0x7C,
    0x00, 0xF8, 0x78, 0x01, 0xF4, 0x00, 0x02, 0xF0, 0x00, 0x03, 0xE0, 0x07, 0xC7, 0xC0, 0x0F, 0xDF,
    0x40, 0x07, 0xF8, 0x00, 0x00, 0x7F, 0xF8, 0x0B, 0xFF, 0xFC, 0x0B, 0xFF, 0x80, 0x01, 0xF0, 0x00,
    0x1F, 0xC0, 0x00, 0x7D, 0x00, 0x00, 0x1E, 0x00, 0x0B, 0xF0, 0x00, 0xB8, 0x00, 0x00, 0x02, 0xE0,
    0x03, 0xF8, 0x00, 0xF4, 0x00, 0x00, 0x00, 0x2D, 0x00, 0xFD, 0x01, 0xF0, 0x00, 0x00, 0x00, 0x03,
    0xC0, 0x7F, 0x01, 0xE0, 0x00, 0x00, 0x00, 0x00, 0x7C, 0x2F, 0xC2, 0xD0, 0x00, 0x00, 0x00, 0x00,
    0x3F, 0xCF, 0xE3, 0xF8, 0x00, 0x00, 0x00, 0x00, 0x3F, 0xFB, 0xFB, 0xFF, 0x00, 0x00, 0x00, 0x00,
    0x2F, 0xCB, 0xFF, 0x4F, 0xD0, 0x00, 0x00, 0x00, 0x2F, 0xC0, 0xFF, 0x02, 0xFC, 0x00, 0x00, 0x00,
    0x2F, 0xC0, 0x3F, 0x80, 0x7F, 0x40, 0x00, 0x00, 0x2F, 0xC0, 0x0F, 0xD0, 0x0F, 0xF0, 0x00, 0x00,
    0x1F, 0xC0, 0x07, 0xF0, 0x01, 0xFC, 0x00, 0x00, 0x1F, 0xC0, 0x02, 0xFC, 0x00, 0x3F, 0x80, 0x00,
    0x1F, 0xD0, 0x00, 0xFE, 0x00, 0x0B, 0xF0, 0x00, 0xFF, 0xFE, 0x0B, 0xFF, 0xFC, 0x0B, 0xFF, 0xC0,
    0x00, 0x00, 0x00, 0x00, 0x00, 0x00, 0x01, 0xF0, 0x00, 0x00, 0x00, 0x00, 0x00, 0x00, 0x00, 0x2C,
    0x00, 0x00, 0x00, 0x00, 0x00, 0x00, 0x00, 0x0B, 0x00, 0x00, 0x00, 0x00, 0x00, 0x00, 0x00, 0x02,
    0xC0, 0x00, 0x00, 0x00, 0x00, 0x00, 0x00, 0x00, 0xA0, 0x00, 0x01, 0xBF, 0x40, 0x0B, 0x40, 0x0B,
    0xF8, 0x00, 0xB4, 0x2E, 0x00, 0xF4, 0x07, 0xD0, 0xF0, 0x2C, 0x00, 0xF4, 0x1F, 0x02, 0xF0, 0x2F,
    0x03, 0x40, 0x0F, 0x82, 0xF0, 0x7E, 0x02, 0xE0, 0x00, 0x01, 0xF8, 0x3E, 0x0F, 0xC0, 0x00, 0x00,
    0x00, 0x2F, 0xFF, 0xFF, 0xFC, 0x00, 0x00, 0x00, 0x03, 0xF4, 0x7D, 0x1F, 0x80, 0x00, 0x07, 0xC0,
    0x3F, 0x0B, 0xC1, 0xF4, 0x00, 0x00, 0xFC, 0x0F, 0xC0, 0xF8, 0x0F, 0x40, 0x03, 0x0B, 0x47, 0xF0,
    0x0F, 0x40, 0xBC, 0x06, 0xF0, 0x2F, 0xE4, 0x01, 0xF0, 0x01, 0xBF, 0xEB, 0x00, 0x00, 0x00, 0x00,
    0x00, 0x00, 0x00, 0x30, 0x00, 0x00, 0x00, 0x00, 0x00, 0x00, 0x07, 0xC0, 0x00, 0x00, 0x00, 0x00,
    0x00, 0x00, 0xFC, 0x00, 0x00, 0x00, 0x00, 0x00, 0x00, 0x3F, 0x80, 0x00, 0x00, 0x00, 0x00, 0x00,
    0x0A, 0x40, 0x01, 0xC6, 0xFF, 0x80, 0x02, 0xFD, 0x02, 0xF8, 0x03, 0xE0, 0x00, 0xFC, 0x03, 0x80,
    0x00, 0xFD, 0x07, 0x00, 0x00, 0xFD, 0x00, 0x00, 0x01, 0xFC, 0x00, 0x00, 0x03, 0xF0, 0x00, 0x00,
    0x1F, 0x80, 0x00, 0x2F, 0xFC, 0x00, 0x00, 0x00, 0x1F, 0x80, 0x00, 0x00, 0x0B, 0xE0, 0x00, 0x00,
    0x07, 0xF0, 0xA0, 0x00, 0x0B, 0xF0, 0xE0, 0x00, 0x0F, 0xE0, 0xF0, 0x00, 0x2F, 0xC0, 0x79, 0x01,
    0xFE, 0x00, 0x1F, 0xFF, 0xE4, 0x00, 0x00, 0xFC, 0x00, 0x00, 0x00, 0xFE, 0x00, 0x00, 0x00, 0x2F,
    0x00, 0x00, 0x00, 0x7F, 0x00, 0x00, 0x3F, 0xF8, 0x00, 0x00, 0x00, 0x2F, 0xF8, 0x00, 0x78, 0x0F,
    0xC0, 0x34, 0x02, 0xF0, 0x00, 0x00, 0xFC, 0x00, 0x00, 0xBD, 0x00, 0x1F, 0xFC, 0x00, 0x00, 0x0B,
    0xC0, 0xB8, 0x01, 0xF8, 0x3E, 0x00, 0xBD, 0x0F, 0x00, 0x7E, 0x00, 0xFA, 0xF9, 0x00, 0x0B, 0xC0,
    0x00, 0x01, 0xFC, 0x00, 0x00, 0x0F, 0x80, 0x00, 0x0B, 0xD0, 0x02, 0xFF, 0x80, 0x00, 0x00, 0x00,
    0x00, 0x00, 0x00, 0x3F, 0xFF, 0xD0, 0x3F, 0xFC, 0x00, 0x03, 0xF8, 0x00, 0x0F, 0x40, 0x00, 0x03,
    0xF0, 0x00, 0x3C, 0x00, 0x00, 0x07, 0xF0, 0x01, 0xE0, 0x00, 0x00, 0x0B, 0xF0, 0x0B, 0x40, 0x00,
    0x00, 0x0F, 0xE0, 0x3C, 0x00, 0x00, 0x00, 0x0F, 0xD1, 0xF0, 0x00, 0x00, 0x00, 0x1F, 0xCB, 0xF0,
    0x00, 0x00, 0x00, 0x2F, 0xFF, 0xF4, 0x00, 0x00, 0x00, 0x3F, 0xE2, 0xFC, 0x00, 0x00, 0x00, 0x3F,
    0x81, 0xFD, 0x00, 0x00, 0x00, 0x7F, 0x00, 0xFF, 0x00, 0x00, 0x00, 0xBE, 0x00, 0x7F, 0x00, 0x00,
    0x00, 0xFD, 0x00, 0x3F, 0x80, 0x00, 0x00, 0xFD, 0x00, 0x2F, 0xC0, 0x00, 0x01, 0xFC, 0x00, 0x0F,
    0xE0, 0x00, 0x3F, 0xFF, 0xD0, 0xFF, 0xFE, 0x00, 0x00, 0x00, 0x00, 0x00, 0x3E, 0x00, 0x00, 0x00,
    0x00, 0x00, 0x1D, 0x00, 0x00, 0x00, 0x00, 0x00, 0x0D, 0x00, 0x00, 0x00, 0x00, 0x00, 0x0C, 0x00,
    0x00, 0x00, 0x00, 0x00, 0x0C, 0x00, 0x07, 0xE0, 0x02, 0xF0, 0x32, 0xE0, 0x76, 0xD2, 0x8F, 0xC6,
    0x1F, 0x4D, 0x3E, 0xA0, 0x78, 0x01, 0xFE, 0x00, 0x00, 0x0B, 0xFF, 0x80, 0x00, 0x3F, 0x0F, 0xC0,
    0x00, 0xF8, 0x2F, 0x00, 0x07, 0xD0, 0xBC, 0x00, 0x2F, 0x01, 0xF1, 0xC0, 0x78, 0x02, 0xFF, 0x00,
    0x00, 0x00, 0x1C, 0x00, 0x00, 0x00, 0x78, 0x00, 0x00, 0x03, 0xF0, 0x00, 0x00, 0x3F, 0x80, 0x00,
    0x03, 0xA4, 0x00, 0x00, 0x00, 0x00, 0x00, 0x00, 0x00, 0x00, 0x00, 0x00, 0x00, 0x07, 0xFF, 0xFD,
    0x00, 0x3F, 0xFD, 0x00, 0x03, 0xF8, 0x00, 0x00, 0xF4, 0x00, 0x00, 0x3F, 0x00, 0x00, 0x7C, 0x00,
    0x00, 0x07, 0xF1, 0x00, 0x2D, 0x00, 0x00, 0x00, 0xBE, 0x30, 0x1F, 0x00, 0x00, 0x00, 0x0F, 0xD3,
    0x0B, 0x80, 0x00, 0x00, 0x00, 0xFC, 0x67, 0xC0, 0x00, 0x00, 0x00, 0x1F, 0xFF, 0xFD, 0x00, 0x00,
    0x00, 0x02, 0xFC, 0xDF, 0xF0, 0x00, 0x00, 0x00, 0x3F, 0x9C, 0x7F, 0x40, 0x00, 0x00, 0x03, 0xF6,
    0x83, 0xFC, 0x00, 0x00, 0x00, 0x7F, 0x00, 0x1F, 0xD0, 0x00, 0x00, 0x0B, 0xF0, 0x00, 0xFF, 0x00,
    0x00, 0x00, 0xFE, 0x00, 0x07, 0xF8, 0x00, 0x00, 0x0F, 0xD0, 0x00, 0x2F, 0xC0, 0x00, 0x01, 0xFC,
    0x00, 0x01, 0xFE, 0x00, 0x03, 0xFF, 0xFD, 0x00, 0xFF, 0xFE, 0x00, 0x07, 0xE0, 0x00, 0x3D, 0x03,
    0x6E, 0x00, 0x37, 0xC2, 0x8F, 0xC0, 0x33, 0xF0, 0xD3, 0xE2, 0x24, 0xF4, 0x01, 0xF4, 0xF8, 0x00,
    0x00, 0xBF, 0xFE, 0x00, 0x00, 0x3F, 0x19, 0xF0, 0x00, 0x0F, 0x84, 0x3E, 0x1C, 0x07, 0xD0, 0x0F,
    0x4E, 0x02, 0xF0, 0x03, 0xD7, 0x00, 0x78, 0x00, 0x3F, 0x00, 0x00, 0x3F, 0xFF, 0xD0, 0x3F, 0xFC,
    0x00, 0x03, 0xF8, 0x00, 0x0F, 0x80, 0x00, 0x03, 0xF4, 0x00, 0x3D, 0x00, 0x00, 0x07, 0xF0, 0x01,
    0xF4, 0x00, 0x03, 0xFF, 0xFF, 0xCB, 0xC0, 0x00, 0x00, 0x0F, 0xE0, 0x3E, 0x00, 0x00, 0x00, 0x0F,
    0xD1, 0xF4, 0x00, 0x00, 0x00, 0x1F, 0xCB, 0xF0, 0x00, 0x00, 0x00, 0x2F, 0xFF, 0xF4, 0x00, 0x00,
    0x00, 0x3F, 0xF7, 0xFC, 0x00, 0x00, 0x00, 0x3F, 0x81, 0xFC, 0x00, 0x00, 0x00, 0x7F, 0x00, 0xFE,
    0x00, 0x00, 0x00, 0xBE, 0x00, 0x7F, 0x00, 0x00, 0x00, 0xFD, 0x00, 0x3F, 0x80, 0x00, 0x00, 0xFD,
    0x00, 0x2F, 0xC0, 0x00, 0x01, 0xFC, 0x00, 0x0F, 0xE0, 0x00, 0x3F, 0xFF, 0xD0, 0xFF, 0xFD, 0x00,
    0x00, 0x00, 0x00, 0x00, 0x3F, 0xD0, 0x00, 0x00, 0x7D, 0x00, 0x00, 0x0B, 0xC0, 0x00, 0x0B, 0xFF,
    0xC0, 0x00, 0x0F, 0x80, 0x00, 0x01, 0xF4, 0x00, 0x00, 0x2F, 0x01, 0xF4, 0x03, 0xE0, 0xA7, 0xC0,
    0x3D, 0x24, 0xFC, 0x07, 0xDD, 0x0F, 0x40, 0xBF, 0x00, 0x00, 0x0F, 0xFF, 0x40, 0x00, 0xF4, 0xBD,
    0x00, 0x1F, 0x03, 0xE1, 0xC2, 0xF0, 0x3D, 0x28, 0x3E, 0x03, 0xD7, 0x03, 0xC0, 0x0B, 0xD0, 0x0B,
    0xFF, 0xFF, 0xF4, 0x0F, 0xFF, 0x03, 0xD0, 0x3F, 0x80, 0x00, 0xF4, 0x01, 0xD0, 0x0F, 0xD0, 0x00,
    0xF0, 0x00, 0xB0, 0x07, 0xF0, 0x01, 0xE0, 0x00, 0x34, 0x02, 0xFC, 0x02, 0xD0, 0x00, 0x1C, 0x00,
    0xFE, 0x03, 0xC0, 0x00, 0x00, 0x00, 0x3F, 0x47, 0xC0, 0x00, 0x00, 0x00, 0x1F, 0xCB, 0xF0, 0x00,
    0x00, 0x00, 0x0B, 0xFB, 0xFE, 0x00, 0x00, 0x00, 0x03, 0xFF, 0x2F, 0xC0, 0x00, 0x00, 0x00, 0xFE,
    0x03, 0xF4, 0x00, 0x00, 0x00, 0x7F, 0x00, 0xFF, 0x00, 0x00, 0x00, 0x2F, 0xC0, 0x1F, 0xD0, 0x00,
    0x00, 0x0F, 0xE0, 0x03, 0xF8, 0x00, 0x00, 0x03, 0xF4, 0x00, 0x7F, 0x00, 0x00, 0x01, 0xFC, 0x00,
    0x0F, 0xE0, 0x00, 0x0F, 0xFF, 0xF4, 0x3F, 0xFF, 0x80, 0x00, 0x2F, 0xFF, 0xD0, 0x2F, 0x1F, 0x41,
    0xF4, 0x75, 0xEB, 0xC0, 0xBC, 0x71, 0xFA, 0xD0, 0x3F, 0xA0, 0x3C, 0x00, 0x0F, 0xF0, 0x00, 0x00,
    0x07, 0xEF, 0x80, 0x00, 0x02, 0xF0, 0xFC, 0x00, 0x00, 0xF8, 0x2F, 0x0A, 0x00, 0x3D, 0x0B, 0xC3,
    0x40, 0x1F, 0x01, 0xF2, 0xC0, 0x07, 0x80, 0x1F, 0x80, 0x00, 0x00, 0x00, 0x00, 0x00, 0x00, 0x00,
    0x3F, 0xFF, 0xD2, 0xFF, 0xFF, 0x00, 0x03, 0xF8, 0x00, 0x1F, 0xC0, 0x00, 0x03, 0xF0, 0x00, 0x2F,
    0xC0, 0x00, 0x07, 0xF0, 0x00, 0x3F, 0x80, 0x00, 0x0B, 0xF0, 0x00, 0x3F, 0x40, 0x00, 0x0F, 0xE0,
    0x00, 0x7F, 0x00, 0x00, 0x0F, 0xD0, 0x00, 0xBF, 0x00, 0x00, 0x1F, 0xC0, 0x00, 0xFE, 0x00, 0x00,
    0x2F, 0xFF, 0xFF, 0xFD, 0x00, 0x00, 0x3F, 0x80, 0x01, 0xFC, 0x00, 0x00, 0x3F, 0x40, 0x02, 0xFC,
    0x00, 0x00, 0x7F, 0x00, 0x03, 0xF8, 0x00, 0x00, 0xBF, 0x00, 0x03, 0xF4, 0x00, 0x00, 0xFE, 0x00,
    0x07, 0xF0, 0x00, 0x00, 0xFD, 0x00, 0x0B, 0xF0, 0x00, 0x01, 0xFC, 0x00, 0x0F, 0xE0, 0x00, 0x3F,
    0xFF, 0xD2, 0xFF, 0xFF, 0x00, 0x00, 0x00, 0x00, 0x00, 0x2F, 0x00, 0x00, 0x00, 0x00, 0x00, 0x0B,
    0x00, 0x00, 0x00, 0x00, 0x00, 0x0B, 0x00, 0x00, 0x00, 0x00, 0x00, 0x0B, 0x00, 0x00, 0x00, 0x00,
    0x00, 0x0A, 0x00, 0x07, 0xE0, 0x00, 0x00, 0x03, 0x6E, 0x00, 0x2D, 0x02, 0xCF, 0xC0, 0x0F, 0x40,
    0xD3, 0xE0, 0x0B, 0xC0, 0x11, 0xF4, 0x03, 0xF0, 0x00, 0xBF, 0xFF, 0xF8, 0x00, 0x3F, 0x00, 0x7C,
    0x00, 0x0F, 0x80, 0x2F, 0x00, 0x07, 0xD0, 0x0F, 0x80, 0x02, 0xF0, 0x03, 0xE3, 0x40, 0x78, 0x00,
    0x7F, 0xD0, 0x00, 0x00, 0x00, 0x38, 0x00, 0x00, 0x00, 0x0F, 0x00, 0x00, 0x00, 0x07, 0xD0, 0x00,
    0x00, 0x07, 0xF0, 0x00, 0x00, 0x07, 0x90, 0x00, 0x00, 0x00, 0x00, 0x00, 0x00, 0x3F, 0xFF, 0xD2,
    0xFF, 0xFF, 0xFF, 0x00, 0x00, 0xFE, 0x00, 0x07, 0xF0, 0x07, 0xC0, 0x00, 0x3F, 0x00, 0x02, 0xFC,
    0x00, 0xB0, 0x00, 0x1F, 0xC0, 0x00, 0xFE, 0x00, 0x2C, 0x00, 0x0B, 0xF0, 0x00, 0x3F, 0x40, 0x0A,
    0x00, 0x03, 0xF8, 0x00, 0x1F, 0xC0, 0x02, 0x40, 0x00, 0xFD, 0x00, 0x0B, 0xF0, 0x00, 0x00, 0x00,
    0x7F, 0x00, 0x03, 0xF8, 0x00, 0x00, 0x00, 0x2F, 0xFF, 0xFF, 0xFD, 0x00, 0x00, 0x00, 0x0F, 0xE0,
    0x00, 0x7F, 0x00, 0x00, 0x00, 0x03, 0xF4, 0x00, 0x2F, 0xC0, 0x00, 0x00, 0x01, 0xFC, 0x00, 0x0F,
    0xE0, 0x00, 0x00, 0x00, 0xBF, 0x00, 0x03, 0xF4, 0x00, 0x00, 0x00, 0x3F, 0x80, 0x01, 0xFC, 0x00,
    0x00, 0x00, 0x0F, 0xD0, 0x00, 0xBF, 0x00, 0x00, 0x00, 0x07, 0xF0, 0x00, 0x3F, 0x80, 0x00, 0x00,
    0x3F, 0xFF, 0xD2, 0xFF, 0xFF, 0x00, 0x00, 0x00, 0x07, 0xE0, 0x00, 0xFF, 0xFE, 0x03, 0x6E, 0x00,
    0x3E, 0x03, 0xE2, 0x8F, 0xC0, 0x1F, 0x41, 0xF4, 0xD3, 0xE0, 0x0B, 0xC0, 0x7C, 0x01, 0xF4, 0x03,
    0xF0, 0x00, 0x00, 0xBF, 0xFF, 0xF4, 0x00, 0x00, 0x3F, 0x00, 0x7C, 0x00, 0x00, 0x0F, 0x80, 0x2F,
    0x1C, 0x00, 0x07, 0xD0, 0x0F, 0xCA, 0x00, 0x02, 0xF0, 0x02, 0xE7, 0x00, 0x00, 0x78, 0x00, 0x2F,
    0x40, 0x00, 0x00, 0x3F, 0xFF, 0xFF, 0xFF, 0xFF, 0x00, 0x00, 0x00, 0xFE, 0x00, 0x07, 0xF0, 0x00,
    0x00, 0x00, 0x3F, 0x00, 0x02, 0xFC, 0x00, 0x00, 0x00, 0x1F, 0xC0, 0x00, 0xFE, 0x00, 0x00, 0x00,
    0x0B, 0xE0, 0x00, 0x3F, 0x40, 0x00, 0x00, 0x03, 0xF4, 0x00, 0x1F, 0xC0, 0x00, 0x00, 0x00, 0xFD,
    0x00, 0x0B, 0xF0, 0x00, 0x00, 0x00, 0x7F, 0x00, 0x03, 0xF8, 0x00, 0x00, 0x00, 0x2F, 0xC0, 0x00,
    0xFF, 0xFF, 0x90, 0x00, 0x0F, 0xE0, 0x00, 0x7F, 0x01, 0xFF, 0x00, 0x03, 0xF4, 0x00, 0x2F, 0xC0,
    0x0B, 0xF0, 0x01, 0xFC, 0x00, 0x0F, 0xE0, 0x00, 0xFD, 0x00, 0xBF, 0x00, 0x03, 0xF4, 0x00, 0x3F,
    0x80, 0x3F, 0x80, 0x01, 0xFC, 0x00, 0x0F, 0xE0, 0x0F, 0xD0, 0x00, 0xBF, 0x00, 0x03, 0xF4, 0x07,
    0xF0, 0x00, 0x3F, 0x80, 0x01, 0xFC, 0x3F, 0xFF, 0xD2, 0xFF, 0xFF, 0x00, 0xFF, 0x00, 0x00, 0x00,
    0x00, 0x00, 0x00, 0x3F, 0x40, 0x00, 0x00, 0x00, 0x02, 0xF0, 0x2F, 0x80, 0x00, 0x00, 0x00, 0x01,
    0xFC, 0x1F, 0xC0, 0x00, 0x00, 0x00, 0x00, 0x7E, 0x2F, 0x80, 0x00, 0x00, 0x00, 0x00, 0x07, 0xFE,
    0x00, 0x00, 0x00, 0x00, 0x00, 0x00, 0x00, 0x1F, 0x82, 0xFD, 0x00, 0x00, 0xCB, 0xF4, 0x7C, 0x00,
    0x0A, 0x3F, 0x40, 0xF4, 0x00, 0x34, 0xF8, 0x07, 0xD0, 0x00, 0x03, 0xD0, 0x2F, 0x00, 0x00, 0x2F,
    0x00, 0xFF, 0xF8, 0x00, 0xFC, 0x03, 0xE0, 0xBD, 0x03, 0xE0, 0x1F, 0x40, 0xF8, 0x1F, 0x40, 0xBC,
    0x03, 0xE0, 0xBC, 0x03, 0xE0, 0x1F, 0x41, 0xE0, 0x0F, 0x00, 0xBC, 0x00, 0x00, 0x00, 0x03, 0xF0,
    0x00, 0x00, 0x00, 0x0F, 0x80, 0x00, 0x00, 0x78, 0xBC, 0x00, 0x00, 0x03, 0xE7, 0xC0, 0x00, 0x00,
    0x07, 0xF8, 0x00, 0x00, 0x01, 0xBF, 0xFE, 0x40, 0x00, 0x1F, 0xE0, 0x06, 0xD0, 0x00, 0x7F, 0x00,
    0x00, 0x00, 0x01, 0xFC, 0x00, 0x00, 0x00, 0x03, 0xF4, 0x00, 0xBF, 0xE0, 0x0B, 0xF0, 0x03, 0xD0,
    0xBC, 0x0F, 0xE0, 0x0F, 0x00, 0x7C, 0x1F, 0xC0, 0x2E, 0x00, 0x7C, 0x2F, 0xC0, 0x3D, 0x00, 0xBC,
    0x3F, 0x80, 0x7C, 0x00, 0xF8, 0x3F, 0x80, 0xB8, 0x00, 0xF4, 0x3F, 0x40, 0xF8, 0x02, 0xF0, 0x3F,
    0x40, 0xF4, 0x03, 0xD0, 0x3F, 0x40, 0xF4, 0x0F, 0xC0, 0x2F, 0x80, 0xB4, 0x3F, 0x00, 0x0B, 0xE0,
    0x7E, 0xFC, 0x00, 0x01, 0xBF, 0xFF, 0xD0, 0x00, 0x00, 0x00, 0x0B, 0x90, 0x00, 0x00, 0x00, 0x00,
    0xBF, 0xC0, 0x00, 0x1F, 0xF8, 0x00, 0x3D, 0x00, 0x00, 0x3D, 0x00, 0x00, 0x3F, 0x00, 0x00, 0x1F,
    0x81, 0xFE, 0x0B, 0xD1, 0xD3, 0xD3, 0xF0, 0xF0, 0xF8, 0xFC, 0x78, 0x3D, 0x3E, 0x2D, 0x2F, 0x0F,
    0x8B, 0x0F, 0x42, 0xF6, 0xEF, 0x40, 0x1F, 0xFE, 0x00, 0x00, 0x0B, 0x80, 0x00, 0x00, 0x6F, 0x40,
    0x00, 0x00, 0xBF, 0xF4, 0x28, 0x00, 0x7F, 0x40, 0x7F, 0xD0, 0x0B, 0xD0, 0x00, 0x3F, 0x00, 0xFD,
    0x00, 0x00, 0xBC, 0x0B, 0xE0, 0x00, 0x01, 0xE0, 0x7F, 0x00, 0x00, 0x07, 0x43, 0xF8, 0x00, 0x00,
    0x08, 0x1F, 0xD0, 0x00, 0x00, 0x00, 0xBF, 0x00, 0x00, 0x00, 0x03, 0xF8, 0x00, 0x00, 0x00, 0x0F,
    0xE0, 0x00, 0x00, 0x00, 0x3F, 0x40, 0x00, 0x02, 0x80, 0xFD, 0x00, 0x00, 0x0D, 0x01, 0xF8, 0x00,
    0x00, 0xE0, 0x03, 0xF0, 0x00, 0x0F, 0x00, 0x03, 0xF8, 0x02, 0xE0, 0x00, 0x02, 0xFF, 0xF9, 0x00,
    0x00, 0x00, 0x3E, 0x00, 0x00, 0x00, 0x00, 0xFE, 0x00, 0x00, 0x00, 0x00, 0xBC, 0x00, 0x00, 0x00,
    0x07, 0xF0, 0x00, 0x00, 0x0F, 0xF9, 0x00, 0x00, 0x00, 0x00, 0x6F, 0xE0, 0x0F, 0x81, 0xD0, 0xF8,
    0x0F, 0x8F, 0xC0, 0x3C, 0x7E, 0x00, 0x02, 0xF4, 0x00, 0x0F, 0xC0, 0x00, 0x3F, 0x00, 0x00, 0xBC,
    0x00, 0x28, 0xF4, 0x07, 0xD0, 0xBF, 0xF4, 0x00, 0xBC, 0x00, 0x01, 0xFC, 0x00, 0x00, 0xF8, 0x00,
    0x1B, 0xD0, 0x2F, 0xF8, 0x00, 0x0B, 0xFF, 0xFF, 0xFF, 0xE0, 0xF4, 0x0F, 0xE0, 0x2E, 0x1D, 0x00,
    0xFD, 0x00, 0xE2, 0xC0, 0x1F, 0xC0, 0x0D, 0x34, 0x02, 0xFC, 0x00, 0xC7, 0x00, 0x3F, 0x80, 0x1C,
    0x00, 0x03, 0xF4, 0x00, 0x00, 0x00, 0x7F, 0x00, 0x00, 0x00, 0x0B, 0xF0, 0x00, 0x00, 0x00, 0xFE,
    0x00, 0x00, 0x00, 0x0F, 0xD0, 0x00, 0x00, 0x01, 0xFC, 0x00, 0x00, 0x00, 0x2F, 0xC0, 0x00, 0x00,
    0x03, 0xF8, 0x00, 0x00, 0x00, 0x3F, 0x40, 0x00, 0x00, 0x07, 0xF0, 0x00, 0x00, 0x7F, 0xFF, 0xFE,
    0x00, 0x00, 0x00, 0x07, 0xE0, 0x00, 0x00, 0x00, 0x2D, 0x00, 0x00, 0x00, 0x01, 0xD0, 0x00, 0x00,
    0x00, 0x1C, 0x00, 0x00, 0x00, 0x01, 0xC0, 0x00, 0x07, 0xE0, 0x7F, 0x81, 0xBF, 0x40, 0x0D, 0xBB,
    0x82, 0xFB, 0x47, 0xC0, 0x28, 0xFD, 0x01, 0xFC, 0x03, 0xD0, 0x34, 0xF8, 0x02, 0xF0, 0x07, 0xD0,
    0x01, 0xF4, 0x03, 0xF0, 0x0B, 0xC0, 0x02, 0xF0, 0x03, 0xE0, 0x0F, 0xC0, 0x03, 0xF0, 0x07, 0xC0,
    0x1F, 0x40, 0x03, 0xE0, 0x0B, 0xC0, 0x2F, 0x00, 0x07, 0xD0, 0x0F, 0x80, 0x3E, 0x00, 0x0B, 0xC0,
    0x0F, 0x40, 0x3D, 0x2C, 0x07, 0x80, 0x0F, 0x00, 0x0F, 0xF4, 0x00, 0x00, 0x00, 0x00, 0x00, 0x28,
    0x00, 0x00, 0x00, 0x00, 0x00, 0x2D, 0x00, 0x00, 0x00, 0x00, 0x00, 0x7E, 0x00, 0x00, 0x00, 0x00,
    0x01, 0xFC, 0x00, 0x00, 0x00, 0x00, 0x03, 0x90, 0xBF, 0xFF, 0x80, 0x2F, 0xFD, 0x07, 0xF8, 0x00,
    0x07, 0x80, 0x03, 0xFC, 0x00, 0x0E, 0x00, 0x02, 0xFD, 0x00, 0x3C, 0x00, 0x00, 0xFE, 0x00, 0xF0,
    0x00, 0x00, 0xFF, 0x02, 0xC0, 0x00, 0x00, 0x7F, 0x4B, 0x40, 0x00, 0x00, 0x3F, 0x9D, 0x00, 0x00,
    0x00, 0x2F, 0xF8, 0x00, 0x00, 0x00, 0x1F, 0xE0, 0x00, 0x00, 0x00, 0x1F, 0xC0, 0x00, 0x00, 0x00,
    0x1F, 0xC0, 0x00, 0x00, 0x00, 0x2F, 0x80, 0x00, 0x00, 0x00, 0x3F, 0x40, 0x00, 0x00, 0x00, 0x3F,
    0x00, 0x00, 0x00, 0x00, 0xBF, 0x00, 0x00, 0x00, 0x1F, 0xFF, 0xF0, 0x00, 0x00, 0x07, 0xF4, 0x00,
    0x07, 0xF0, 0x32, 0xF0, 0x00, 0xB7, 0xE2, 0x87, 0xD0, 0x0B, 0x0F, 0x0D, 0x0F, 0x80, 0x34, 0x00,
    0x00, 0x3E, 0x03, 0xC0, 0x00, 0x00, 0xFC, 0x2C, 0x00, 0x00, 0x03, 0xF0, 0xD0, 0x00, 0x00, 0x0B,
    0xCF, 0x00, 0x00, 0x00, 0x2F, 0xB0, 0x00, 0x00, 0x00, 0x7F, 0x80, 0x00, 0x00, 0x00, 0xFC, 0x00,
    0x00, 0x00, 0x07, 0xD0, 0x00, 0x00, 0x00, 0x1F, 0x00, 0x00, 0x00, 0x00, 0xBC, 0x00, 0x00, 0x00,
    0x03, 0xE0, 0x00, 0x00, 0x00, 0xFF, 0xF0, 0x00, 0x00, 0x00, 0x00, 0x00, 0x00, 0x00, 0xBF, 0xFF,
    0x80, 0x2F, 0xFD, 0x07, 0xF8, 0x00, 0x07, 0x80, 0x03, 0xFC, 0x00, 0x0E, 0x00, 0x02, 0xFD, 0x00,
    0x3C, 0x00, 0x00, 0xFE, 0x00, 0xF0, 0x00, 0x00, 0xFF, 0x02, 0xC0, 0x00, 0x00, 0x7F, 0x4B, 0x00,
    0x00, 0x00, 0x3F, 0xED, 0x00, 0x00, 0x00, 0x2F, 0xF4, 0x00, 0x00, 0x00, 0x1F, 0xE0, 0x00, 0x00,
    0x0B, 0xFF, 0xFF, 0x40, 0x00, 0x00, 0x2F, 0x80, 0x00, 0x00, 0x00, 0x3F, 0x40, 0x00, 0x00, 0x00,
    0x3F, 0x40, 0x00, 0x00, 0x00, 0x3F, 0x00, 0x00, 0x00, 0x00, 0xBF, 0x00, 0x00, 0x00, 0x1F, 0xFF,
    0xF0, 0x00, 0x00, 0x07, 0xF4, 0x00, 0x07, 0xF0, 0x72, 0xF0, 0x00, 0xB7, 0xE3, 0x87, 0xD0, 0x0B,
    0x0F, 0x0D, 0x0F, 0x80, 0x34, 0x00, 0x00, 0x3E, 0x03, 0x80, 0x00, 0x00, 0xFC, 0x2C, 0x00, 0x00,
    0x03, 0xF0, 0xD0, 0x00, 0x00, 0x0B, 0xCE, 0x00, 0x00, 0x00, 0x2F, 0xB0, 0x00, 0x00, 0x00, 0x7F,
    0x40, 0x00, 0x00, 0x00, 0xF8, 0x00, 0x00, 0x00, 0xBF, 0xFE, 0x00, 0x00, 0x00, 0x1F, 0x00, 0x00,
    0x00, 0x00, 0xBC, 0x00, 0x00, 0x00, 0x03, 0xE0, 0x00, 0x00, 0x00, 0xFF, 0xF0, 0x00, 0x00, 0x00,
    0x3F, 0xFF, 0xC3, 0xFF, 0xF0, 0x00, 0x0B, 0xF4, 0x01, 0xE0, 0x00, 0x00, 0x0F, 0xE0, 0x0E, 0x00,
    0x00, 0x00, 0x2F, 0xC0, 0xF0, 0x00, 0x00, 0x00, 0x7F, 0x4F, 0x00, 0x00, 0x00, 0x00, 0xFF, 0xF0,
    0x00, 0x00, 0x00, 0x02, 0xFF, 0x00, 0x00, 0x00, 0x00, 0x03, 0xF8, 0x00, 0x00, 0x00, 0x00, 0x0F,
    0xF0, 0x00, 0x00, 0x00, 0x00, 0x7F, 0xD0, 0x00, 0x00, 0x00, 0x07, 0xBF, 0xC0, 0x00, 0x00, 0x00,
    0x78, 0xBF, 0x00, 0x00, 0x00, 0x03, 0x80, 0xFE, 0x00, 0x00, 0x00, 0x38, 0x03, 0xFC, 0x00, 0x00,
    0x03, 0xC0, 0x07, 0xF4, 0x00, 0x00, 0x7C, 0x00, 0x0F, 0xF0, 0x00, 0x3F, 0xFE, 0x03, 0xFF, 0xFD,
    0x00, 0x00, 0x00, 0x00, 0x01, 0xF4, 0x00, 0x00, 0x00, 0x00, 0x02, 0xD0, 0x00, 0x00, 0x00, 0x00,
    0x07, 0x00, 0x00, 0x00, 0x00, 0x00, 0x1C, 0x00, 0x00, 0x00, 0x00, 0x00, 0x70, 0x00, 0x01, 0xBF,
    0x47, 0xF4, 0x0B, 0x43, 0xFD, 0x2D, 0x1C, 0x02, 0xF4, 0x7D, 0x34, 0x02, 0xF0, 0x3C, 0x00, 0x03,
    0xE0, 0x00, 0x00, 0x07, 0xD0, 0x00, 0x00, 0x0B, 0xC0, 0x00, 0x2D, 0x0F, 0xC0, 0x0C, 0x7E, 0x0F,
    0x80, 0x3C, 0x3C, 0x3F, 0xC1, 0xF4, 0x1F, 0xD1, 0xBF, 0x78, 0x00, 0x00, 0x00, 0x2C, 0x00, 0x00,
    0x00, 0x3D, 0x00, 0x00, 0x00, 0xFD, 0x00, 0x00, 0x03, 0xFC, 0x00, 0x00, 0x05, 0x40, 0x0B, 0xFF,
    0xFF, 0xFF, 0xC3, 0xFF, 0xFE, 0x0F, 0x40, 0xFD, 0x07, 0xC0, 0x2F, 0xC0, 0x1E, 0x01, 0xFC, 0x02,
    0xC0, 0x3F, 0x80, 0x2C, 0x02, 0xFC, 0x03, 0xC0, 0x3F, 0x40, 0x38, 0x03, 0xF8, 0x03, 0x80, 0x7F,
    0x00, 0x30, 0x03, 0xF4, 0x03, 0x40, 0xBF, 0x00, 0x00, 0x07, 0xF0, 0x00, 0x00, 0xFE, 0x00, 0x00,
    0x0B, 0xF0, 0x00, 0x00, 0xFD, 0x00, 0x00, 0x0F, 0xE0, 0x00, 0x01, 0xFC, 0x00, 0x00, 0x0F, 0xD0,
    0x00, 0x02, 0xFC, 0x00, 0x00, 0x1F, 0xC0, 0x00, 0x03, 0xF8, 0x00, 0x00, 0x2F, 0xC0, 0x00, 0x03,
    0xF4, 0x00, 0x00, 0x3F, 0x80, 0x00, 0x07, 0xF0, 0x00, 0x00, 0x3F, 0x40, 0x00, 0x0B, 0xF0, 0x00,
    0x00, 0x7F, 0x00, 0x00, 0x0F, 0xE0, 0x00, 0x00, 0xBF, 0x00, 0x00, 0x0F, 0xD0, 0x00, 0x1F, 0xFF,
    0xFF, 0xFF, 0xFF, 0xFF, 0x00, 0x00, 0x00, 0x00, 0x00, 0x00, 0x2F, 0x00, 0x00, 0x00, 0x00, 0x00,
    0x00, 0x0F, 0x00, 0x00, 0x00, 0x00, 0x00, 0x00, 0x0F, 0x00, 0x00, 0x00, 0x00, 0x00, 0x00, 0x0E,
    0x00, 0x00, 0x00, 0x00, 0x00, 0x00, 0x0D, 0x00, 0x2F, 0xFF, 0xFF, 0xD1, 0xE0, 0x7D, 0x07, 0xD0,
    0x03, 0xE0, 0xBC, 0x0B, 0xC0, 0x03, 0xD0, 0xB4, 0x0F, 0xC0, 0x07, 0xC0, 0x00, 0x0F, 0x80, 0x0B,
    0xC0, 0x00, 0x1F, 0x40, 0x0F, 0x80, 0x00, 0x2F, 0x00, 0x0F, 0x40, 0x00, 0x3F, 0x00, 0x1F, 0x00,
    0x00, 0x3F, 0x00, 0x3F, 0x18, 0x00, 0x1F, 0x41, 0xFE, 0x34, 0x00, 0x06, 0xFE, 0x0B, 0xF8, 0x00,
    0x00, 0x00, 0x00, 0x2C, 0x00, 0x00, 0x00, 0x00, 0x2D, 0x00, 0x00, 0x00, 0x00, 0x3E, 0x00, 0x00,
    0x00, 0x01, 0xFD, 0x00, 0x00, 0x00, 0x03, 0x90, 0x00, 0x00, 0x00, 0x00, 0x00, 0x3F, 0xFF, 0xD2,
    0xFF, 0xFF, 0x03, 0xF8, 0x00, 0x1F, 0xC0, 0x03, 0xF0, 0x00, 0x2F, 0xC0, 0x07, 0xF0, 0x00, 0x3F,
    0x80, 0x0B, 0xE0, 0x00, 0x3F, 0x40, 0x0F, 0xD0, 0x00, 0x7F, 0x00, 0x0F, 0xD0, 0x00, 0xBF, 0x00,
    0x0F, 0xC0, 0x00, 0xFE, 0x00, 0x07, 0xE0, 0x07, 0xFD, 0x00, 0x01, 0xBF, 0xE6, 0xFC, 0x00, 0x00,
    0x00, 0x02, 0xFC, 0x00, 0x00, 0x00, 0x03, 0xF8, 0x00, 0x00, 0x00, 0x03, 0xF4, 0x00, 0x00, 0x00,
    0x07, 0xF0, 0x00, 0x00, 0x00, 0x0B, 0xF0, 0x00, 0x00, 0x00, 0x0F, 0xE0, 0x00, 0x00, 0x02, 0xFF,
    0xFF, 0x00, 0x00, 0x00, 0x00, 0x2F, 0x00, 0x00, 0x00, 0x00, 0x0B, 0x00, 0x00, 0x00, 0x00, 0x0B,
    0x00, 0x00, 0x00, 0x00, 0x0B, 0x00, 0x00, 0x00, 0x00, 0x0A, 0x00, 0x03, 0xE0, 0x00, 0x00, 0x0D,
    0x7C, 0x02, 0xE0, 0x28, 0xBC, 0x03, 0xE0, 0x34, 0xF8, 0x07, 0xD0, 0x00, 0xF8, 0x0B, 0xC0, 0x00,
    0xF8, 0x1F, 0xC0, 0x00, 0x2F, 0xEF, 0x80, 0x00, 0x00, 0x1F, 0x40, 0x00, 0x00, 0x2F, 0x04, 0x00,
    0x00, 0x2F, 0x38, 0x00, 0x00, 0x0B, 0xF8, 0x00, 0x00, 0x00, 0x2C, 0x00, 0x00, 0x00, 0x2D, 0x00,
    0x00, 0x00, 0x3E, 0x00, 0x00, 0x01, 0xFD, 0x00, 0x00, 0x03, 0x90, 0x00, 0x00, 0x00, 0x00, 0x3F,
    0xFF, 0xD2, 0xFF, 0xFF, 0x03, 0xF8, 0x00, 0x1F, 0xC0, 0x03, 0xF0, 0x00, 0x2F, 0xC0, 0x07, 0xF0,
    0x00, 0x3F, 0x80, 0x0B, 0xE0, 0x00, 0x3F, 0x40, 0x0F, 0xD0, 0x50, 0x7F, 0x00, 0x0F, 0xD0, 0xD0,
    0xBF, 0x00, 0x0F, 0xC0, 0xC0, 0xFE, 0x00, 0x07, 0xE1, 0xD6, 0xFD, 0x00, 0x01, 0xBF, 0xE6, 0xFC,
    0x00, 0x00, 0x03, 0x42, 0xFC, 0x00, 0x00, 0x03, 0x03, 0xF8, 0x00, 0x00, 0x06, 0x03, 0xF4, 0x00,
    0x00, 0x00, 0x07, 0xF0, 0x00, 0x00, 0x00, 0x0B, 0xF0, 0x00, 0x00, 0x00, 0x0F, 0xE0, 0x00, 0x00,
    0x02, 0xFF, 0xFF, 0x00, 0x00, 0x00, 0x00, 0x00, 0x00, 0x03, 0xE0, 0x00, 0x90, 0x0D, 0x7C, 0x03,
    0xF0, 0x28, 0xBC, 0x03, 0xE0, 0x34, 0xF8, 0x47, 0xD0, 0x00, 0xF8, 0xCB, 0xC0, 0x00, 0xBE, 0xFF,
    0x80, 0x00, 0x07, 0x5F, 0x40, 0x00, 0x03, 0x1F, 0x0C, 0x00, 0x01, 0x2F, 0x1C, 0x00, 0x00, 0x1F,
    0x34, 0x00, 0x00, 0x0B, 0xE0, 0x00, 0x3F, 0xFF, 0xD0, 0x00, 0x00, 0x03, 0xF8, 0x00, 0x00, 0x00,
    0x03, 0xF0, 0x00, 0x00, 0x00, 0x07, 0xF0, 0x00, 0x00, 0x00, 0x0B, 0xE0, 0xBF, 0xE0, 0x00, 0x0F,
    0xEB, 0x40, 0xFC, 0x00, 0x0F, 0xFC, 0x00, 0xFD, 0x00, 0x1F, 0xF0, 0x00, 0xFC, 0x00, 0x2F, 0xC0,
    0x00, 0xFC, 0x00, 0x3F, 0x80, 0x01, 0xFC, 0x00, 0x3F, 0x40, 0x02, 0xF8, 0x00, 0x7F, 0x00, 0x03,
    0xF4, 0x00, 0xBF, 0x00, 0x03, 0xF0, 0x00, 0xFE, 0x00, 0x07, 0xF0, 0x00, 0xFD, 0x00, 0x0B, 0xF0,
    0x01, 0xFC, 0x00, 0x0F, 0xE0, 0x3F, 0xFF, 0xD2, 0xFF, 0xFF, 0x03, 0xFD, 0x00, 0x00, 0x02, 0xF0,
    0x00, 0x00, 0x0F, 0xC0, 0x00, 0x00, 0x3E, 0x00, 0x00, 0x01, 0xF4, 0x00, 0x00, 0x0B, 0xC0, 0x00,
    0x00, 0x3F, 0x7F, 0xD0, 0x00, 0xFF, 0x43, 0xD0, 0x07, 0xF0, 0x0F, 0x80, 0x2F, 0x00, 0x3E, 0x00,
    0xFC, 0x01, 0xF4, 0x03, 0xE0, 0x0B, 0xC0, 0x1F, 0x40, 0x3E, 0x00, 0xBC, 0x01, 0xF0, 0xD3, 0xF0,
    0x0F, 0xC7, 0x0F, 0x80, 0x2E, 0x34, 0x3C, 0x00, 0x2F, 0x40, 0x00, 0x00, 0x01, 0xBF, 0xF4, 0x00,
    0x00, 0x01, 0xFD, 0x02, 0xF4, 0x1F, 0x00, 0xBE, 0x00, 0x0F, 0xC3, 0xF4, 0x2F, 0x80, 0x00, 0x7D,
    0x7F, 0x07, 0xF0, 0x00, 0x07, 0xE7, 0xE0, 0xFD, 0x00, 0x00, 0xBE, 0x34, 0x2F, 0xC0, 0x00, 0x0B,
    0xE1, 0xE7, 0xF8, 0x00, 0x00, 0xFD, 0x02, 0xFF, 0xFF, 0xFF, 0xFF, 0xC0, 0x0B, 0xF0, 0x00, 0x00,
    0x00, 0x00, 0xBF, 0x00, 0x00, 0x00, 0x00, 0x0B, 0xE0, 0x00, 0x00, 0x00, 0x00, 0xBE, 0x00, 0x00,
    0x00, 0x00, 0x07, 0xE0, 0x00, 0x00, 0x00, 0x00, 0x2F, 0x00, 0x00, 0x1D, 0x00, 0x00, 0xBD, 0x00,
    0x1F, 0x40, 0x00, 0x01, 0xBF, 0xFE, 0x40, 0x00, 0x00, 0x01, 0xBF, 0x80, 0x40, 0xBD, 0x0E, 0x3D,
    0x3F, 0x00, 0xB7, 0xDB, 0xD0, 0x0E, 0x38, 0xFC, 0x07, 0xC1, 0xFF, 0xFF, 0x90, 0x02, 0xF4, 0x00,
    0x00, 0x2F, 0x00, 0x00, 0x01, 0xF0, 0x00, 0x60, 0x0F, 0x80, 0x7D, 0x00, 0x1F, 0xF9, 0x00, 0x00,
    0x00, 0x01, 0xBF, 0xF4, 0x00, 0x00, 0x01, 0xFD, 0x02, 0xF4, 0x1F, 0x00, 0xBE, 0x00, 0x0F, 0xC3,
    0xF4, 0x2F, 0x80, 0x00, 0x7D, 0x7F, 0x07, 0xF0, 0x00, 0x07, 0xE7, 0xE0, 0xFD, 0x00, 0x00, 0xBE,
    0x34, 0x2F, 0xC0, 0x00, 0x0B, 0xE1, 0xE7, 0xF8, 0x00, 0x00, 0xFD, 0x02, 0xFF, 0xFF, 0xFF, 0xFF,
    0xC0, 0x0B, 0xF0, 0x00, 0x00, 0x00, 0x00, 0xBF, 0x00, 0x00, 0x00, 0x00, 0x0B, 0xE0, 0x00, 0x00,
    0x00, 0x00, 0xBE, 0x00, 0x00, 0x00, 0x00, 0x07, 0xE0, 0x00, 0x00, 0x00, 0x00, 0x3F, 0x00, 0x00,
    0x1C, 0x00, 0x00, 0xBD, 0x00, 0x1F, 0x00, 0x00, 0x01, 0xBF, 0xFE, 0x00, 0x00, 0x00, 0x00, 0xF0,
    0x00, 0x00, 0x00, 0x00, 0x2D, 0x00, 0x00, 0x00, 0x00, 0x03, 0xC0, 0x00, 0x00, 0x00, 0x00, 0x7C,
    0x60, 0x00, 0x00, 0x00, 0x02, 0xF8, 0x00, 0x00, 0x00, 0x01, 0xBF, 0x80, 0x40, 0xBD, 0x0E, 0x3D,
    0x3F, 0x00, 0xB7, 0xDB, 0xD0, 0x0E, 0x38, 0xFC, 0x07, 0xC1, 0xFF, 0xFF, 0x90, 0x02, 0xF4, 0x00,
    0x00, 0x2F, 0x00, 0x00, 0x01, 0xF0, 0x00, 0x60, 0x0F, 0x80, 0x7D, 0x00, 0x2F, 0xFE, 0x00, 0x00,
    0x07, 0x40, 0x00, 0x01, 0xD0, 0x00, 0x00, 0x3C, 0x00, 0x00, 0x03, 0xC0, 0x00, 0x00, 0x3D, 0x20,
    0x00, 0x01, 0xF9, 0x00, 0x00, 0x7F, 0xFF, 0xD0, 0x00, 0x3F, 0x40, 0x00, 0x03, 0xF0, 0x00, 0x00,
    0x7F, 0x00, 0x00, 0x0B, 0xE0, 0x00, 0x00, 0xFD, 0x00, 0x00, 0x0F, 0xC0, 0x00, 0x01, 0xFC, 0x00,
    0x00, 0x2F, 0x80, 0x00, 0x03, 0xF4, 0x00, 0x00, 0x3F, 0x40, 0x00, 0x07, 0xF0, 0x00, 0x00, 0xBF,
    0x00, 0x00, 0x0F, 0xE0, 0x00, 0x00, 0xFD, 0x00, 0x00, 0x1F, 0xC0, 0x00, 0x7F, 0xFF, 0xD0, 0x00,
    0x00, 0x00, 0x00, 0x00, 0x80, 0x03, 0x00, 0x00, 0x00, 0x00, 0x00, 0x00, 0x34, 0x02, 0x40, 0x00,
    0x00, 0x00, 0x00, 0x00, 0x02, 0xFE, 0x00, 0x00, 0x00, 0x00, 0x00, 0x00, 0x00, 0x00, 0x00, 0x00,
    0x00, 0x00, 0x00, 0x00, 0x00, 0x00, 0x00, 0x00, 0x00, 0x00, 0x1F, 0xFE, 0x02, 0xFF, 0xFF, 0x02,
    0xFF, 0xE0, 0x00, 0x7C, 0x00, 0x07, 0xF0, 0x00, 0x1F, 0x40, 0x00, 0x07, 0x80, 0x02, 0xFC, 0x00,
    0x1E, 0x00, 0x00, 0x00, 0xB8, 0x00, 0xFE, 0x00, 0x2D, 0x00, 0x00, 0x00, 0x0B, 0x40, 0x3F, 0x40,
    0x3C, 0x00, 0x00, 0x00, 0x00, 0xF0, 0x1F, 0xC0, 0x78, 0x00, 0x00, 0x00, 0x00, 0x1F, 0x0B, 0xF0,
    0xB4, 0x00, 0x00, 0x00, 0x00, 0x0F, 0xE3, 0xF8, 0xFE, 0x00, 0x00, 0x00, 0x00, 0x0F, 0xFE, 0xFE,
    0xFF, 0xC0, 0x00, 0x00, 0x00, 0x0B, 0xF2, 0xFF, 0xD3, 0xF4, 0x00, 0x00, 0x00, 0x0B, 0xF0, 0x3F,
    0xC0, 0xBF, 0x00, 0x00, 0x00, 0x0B, 0xF0, 0x0F, 0xE0, 0x1F, 0xD0, 0x00, 0x00, 0x0B, 0xF0, 0x03,
    0xF4, 0x03, 0xFC, 0x00, 0x00, 0x07, 0xF0, 0x01, 0xFC, 0x00, 0x7F, 0x00, 0x00, 0x07, 0xF4, 0x00,
    0xBF, 0x00, 0x0F, 0xE0, 0x00, 0x07, 0xF4, 0x00, 0x3F, 0x80, 0x02, 0xFC, 0x00, 0x3F, 0xFF, 0x82,
    0xFF, 0xFF, 0x07, 0xFF, 0xF0, 0x00, 0x00, 0x00, 0x00, 0x50, 0x00, 0x80, 0x00, 0x00, 0x00, 0x00,
    0x1C, 0x01, 0xC0, 0x00, 0x00, 0x00, 0x00, 0x01, 0xFF, 0x80, 0x00, 0x00, 0x00, 0x00, 0x00, 0x00,
    0x00, 0x00, 0x00, 0x00, 0x00, 0x00, 0x00, 0x00, 0x00, 0x00, 0x00, 0x6F, 0xD0, 0x02, 0xD0, 0x02,
    0xFE, 0x00, 0xB4, 0x2E, 0x00, 0xF4, 0x07, 0xD0, 0xF0, 0xB0, 0x03, 0xD0, 0x7C, 0x0B, 0xC0, 0xBC,
    0x34, 0x00, 0xF8, 0x2F, 0x07, 0xE0, 0x2E, 0x00, 0x00, 0x7E, 0x0F, 0xC3, 0xF0, 0x00, 0x00, 0x00,
    0x2F, 0xFF, 0xFF, 0xFC, 0x00, 0x00, 0x00, 0x0F, 0xD1, 0xF4, 0x7E, 0x00, 0x00, 0x7C, 0x03, 0xF0,
    0xBC, 0x1F, 0x40, 0x00, 0x3F, 0x03, 0xF0, 0x3E, 0x03, 0xD0, 0x00, 0x8B, 0x43, 0xF0, 0x0F, 0x40,
    0xBC, 0x02, 0xF0, 0xBF, 0x90, 0x07, 0xC0, 0x07, 0xFF, 0x90, 0x00, 0x3F, 0xFF, 0xD0, 0x3F, 0xFC,
    0x00, 0x03, 0xF8, 0x00, 0x0F, 0x40, 0x00, 0x03, 0xF0, 0x00, 0x3C, 0x00, 0x00, 0x07, 0xF0, 0x01,
    0xE0, 0x00, 0x00, 0x0B, 0xF0, 0x0B, 0x80, 0x00, 0x00, 0x0F, 0xE0, 0x2D, 0x00, 0x00, 0x00, 0x0F,
    0xD0, 0xF0, 0x00, 0x00, 0x00, 0x1F, 0xC7, 0x80, 0x00, 0x00, 0x00, 0x2F, 0xFF, 0xFE, 0x40, 0x00,
    0x00, 0x3F, 0x80, 0x1F, 0xF0, 0x00, 0x00, 0x3F, 0x40, 0x03, 0xF8, 0x00, 0x00, 0x7F, 0x00, 0x01,
    0xFC, 0x00, 0x00, 0xBF, 0x00, 0x00, 0xFD, 0x00, 0x00, 0xFE, 0x00, 0x00, 0xFD, 0x00, 0x00, 0xFD,
    0x00, 0x01, 0xFD, 0x00, 0x01, 0xFC, 0x00, 0x02, 0xFC, 0x00, 0x3F, 0xFF, 0xD0, 0x03, 0xF8, 0x00,
    0x00, 0x00, 0x00, 0x07, 0xF0, 0x00, 0x00, 0x00, 0xB8, 0x0F, 0xD0, 0x00, 0x00, 0x02, 0xFC, 0x2F,
    0x80, 0x00, 0x00, 0x02, 0xF8, 0xBD, 0x00, 0x00, 0x00, 0x00, 0xBF, 0xD0, 0x00, 0x00, 0x07, 0xE0,
    0x02, 0xF0, 0x32, 0xE0, 0x76, 0xD2, 0x8F, 0xC7, 0x1F, 0x4D, 0x3E, 0xB0, 0x78, 0x01, 0xFE, 0x00,
    0x00, 0x0B, 0xFF, 0xE4, 0x00, 0x3F, 0x06, 0xF8, 0x00, 0xF8, 0x03, 0xF0, 0x07, 0xD0, 0x0F, 0xC0,
    0x2F, 0x00, 0x3E, 0x00, 0x78, 0x01, 0xF4, 0x00, 0x00, 0x0B, 0xC0, 0x00, 0x00, 0x3E, 0x00, 0x01,
    0xF1, 0xF0, 0x00, 0x0F, 0xDF, 0x40, 0x00, 0x1F, 0xE0, 0x00, 0x00, 0x02, 0xFF, 0xFF, 0xFF, 0xFC,
    0x00, 0x00, 0x70, 0x01, 0xFC, 0x00, 0x00, 0x02, 0xC0, 0x0B, 0xF0, 0x00, 0x00, 0x0E, 0x00, 0x3F,
    0x80, 0x00, 0x00, 0x34, 0x00, 0xFD, 0x00, 0x00, 0x01, 0xC0, 0x07, 0xF0, 0x00, 0x00, 0x0A, 0x00,
    0x2F, 0xC0, 0x00, 0x00, 0x34, 0x00, 0xFE, 0x00, 0x00, 0x01, 0xC0, 0x03, 0xF4, 0x00, 0x00, 0x0B,
    0x00, 0x1F, 0xC0, 0x00, 0x00, 0x34, 0x00, 0xBF, 0x00, 0x00, 0x01, 0xC0, 0x03, 0xF8, 0x00, 0x3D,
    0x0E, 0x00, 0x0F, 0xD0, 0x02, 0xFC, 0x70, 0x00, 0x7F, 0x00, 0x0F, 0xE3, 0x80, 0x02, 0xFC, 0x00,
    0x3E, 0x78, 0x00, 0x0F, 0xE0, 0x00, 0x3F, 0x40, 0x0B, 0xFF, 0xFC, 0x00, 0x00, 0x00, 0x00, 0x07,
    0xC0, 0x00, 0x00, 0x00, 0x00, 0x3D, 0x00, 0x00, 0x00, 0x00, 0x03, 0xD0, 0x00, 0x00, 0x00, 0x00,
    0x3E, 0x00, 0x00, 0x00, 0x00, 0x01, 0xE0, 0x00, 0x00, 0x00, 0x00, 0x7F, 0x40, 0x00, 0x01, 0xD3,
    0xD0, 0x00, 0x03, 0x43, 0xE0, 0x00, 0x07, 0x07, 0xD0, 0x00, 0x0D, 0x0B, 0xC0, 0x00, 0x1C, 0x0F,
    0xC0, 0x00, 0x2C, 0x0F, 0x80, 0x2D, 0x34, 0x1F, 0x40, 0x3E, 0x70, 0x2F, 0x04, 0x7E, 0xD0, 0x2F,
    0x38, 0x3F, 0x40, 0x0B, 0xF8, 0x00, 0x00, 0x00, 0x2C, 0x00, 0x00, 0x00, 0x2D, 0x00, 0x00, 0x00,
    0x3E, 0x00, 0x00, 0x00, 0xFD, 0x00, 0x00, 0x03, 0x94, 0x00, 0x00, 0x00, 0x00, 0x00, 0x3F, 0xFF,
    0xD2, 0xFF, 0xFF, 0x00, 0x03, 0xF8, 0x00, 0x1F, 0xC0, 0x00, 0x03, 0xF0, 0x00, 0x2F, 0xC0, 0x00,
    0x07, 0xF0, 0x00, 0x3F, 0x80, 0x00, 0x0B, 0xF0, 0x00, 0x3F, 0x40, 0x00, 0x0F, 0xE0, 0x00, 0x7F,
    0x00, 0x00, 0x0F, 0xD0, 0x00, 0xBF, 0x00, 0x00, 0x1F, 0xC0, 0x00, 0xFE, 0x00, 0x00, 0x2F, 0xFF,
    0xFF, 0xFD, 0x00, 0x00, 0x3F, 0x80, 0x01, 0xFC, 0x00, 0x00, 0x3F, 0x40, 0x02, 0xFC, 0x00, 0x00,
    0x7F, 0x00, 0x03, 0xF8, 0x00, 0x00, 0xBF, 0x00, 0x03, 0xF4, 0x00, 0x00, 0xFE, 0x00, 0x07, 0xF0,
    0x00, 0x00, 0xFD, 0x00, 0x0B, 0xF0, 0x00, 0x01, 0xFC, 0x00, 0x0F, 0xE0, 0x00, 0x3F, 0xFF, 0xD0,
    0x0F, 0xD0, 0x00, 0x00, 0x00, 0xB8, 0x1F, 0xC0, 0x00, 0x00, 0x01, 0xFC, 0x2F, 0x80, 0x00, 0x00,
    0x02, 0xFC, 0x3F, 0x00, 0x00, 0x00, 0x01, 0xF4, 0xBD, 0x00, 0x00, 0x00, 0x00, 0x7F, 0xD0, 0x00,
    0x00, 0x07, 0xE0, 0x00, 0x60, 0x36, 0xE0, 0x03, 0xE2, 0xCF, 0xC0, 0x1F, 0x4D, 0x3E, 0x00, 0xBC,
    0x11, 0xF4, 0x03, 0xF0, 0x0B, 0xFF, 0xFF, 0x80, 0x3F, 0x00, 0x7C, 0x00, 0xF8, 0x02, 0xF0, 0x07,
    0xD0, 0x0F, 0x80, 0x2F, 0x00, 0x3D, 0x00, 0x78, 0x01, 0xF0, 0x00, 0x00, 0x0B, 0xC0, 0x00, 0x00,
    0x3E, 0x00, 0x01, 0xF1, 0xF0, 0x00, 0x0F, 0x9F, 0x40, 0x00, 0x1F, 0xE0, 0x00, 0x00, 0x00, 0x00,
    0x00, 0x00, 0x00, 0x00, 0x3F, 0xFF, 0xD2, 0xFF, 0xFF, 0x00, 0x03, 0xF8, 0x00, 0x1F, 0xC0, 0x00,
    0x03, 0xF0, 0x00, 0x2F, 0xC0, 0x00, 0x07, 0xF0, 0x00, 0x3F, 0x80, 0x00, 0x0B, 0xF0, 0x00, 0x3F,
    0x40, 0x00, 0x0F, 0xE0, 0x00, 0x7F, 0x00, 0x00, 0x0F, 0xD0, 0x00, 0xBF, 0x00, 0x00, 0x1F, 0xC0,
    0x00, 0xFE, 0x00, 0x00, 0x2F, 0xFF, 0xFF, 0xFD, 0x00, 0x00, 0x3F, 0x80, 0x01, 0xFC, 0x00, 0x00,
    0x3F, 0x40, 0x02, 0xFC, 0x00, 0x00, 0x7F, 0x00, 0x03, 0xF8, 0x00, 0x00, 0xBF, 0x00, 0x03, 0xF4,
    0x00, 0x00, 0xFE, 0x00, 0x07, 0xF0, 0x00, 0x00, 0xFD, 0x00, 0x0B, 0xF0, 0x00, 0x01, 0xFC, 0x00,
    0x0F, 0xE0, 0x00, 0x3F, 0xFF, 0xD2, 0xFF, 0xFF, 0x00, 0x00, 0x00, 0x00, 0x00, 0x3D, 0x00, 0x00,
    0x00, 0x00, 0x00, 0xF8, 0x00, 0x00, 0x00, 0x00, 0x03, 0xE0, 0x00, 0x00, 0x00, 0x00, 0x0F, 0x80,
    0x00, 0x00, 0x00, 0x00, 0x1E, 0x00, 0x00, 0x3F, 0xFF, 0xD2, 0xFF, 0xFF, 0x03, 0xF8, 0x00, 0x1F,
    0xC0, 0x03, 0xF0, 0x00, 0x2F, 0xC0, 0x07, 0xF0, 0x00, 0x3F, 0x80, 0x0B, 0xE0, 0x00, 0x3F, 0x40,
    0x0F, 0xD0, 0x00, 0x7F, 0x00, 0x0F, 0xD0, 0x00, 0xBF, 0x00, 0x0F, 0xC0, 0x00, 0xFE, 0x00, 0x07,
    0xE0, 0x07, 0xFD, 0x00, 0x01, 0xBF, 0xE6, 0xFC, 0x00, 0x00, 0x00, 0x02, 0xFC, 0x00, 0x00, 0x00,
    0x03, 0xF8, 0x00, 0x00, 0x00, 0x03, 0xF4, 0x00, 0x00, 0x00, 0x07, 0xF0, 0x00, 0x00, 0x00, 0x0B,
    0xF0, 0x00, 0x00, 0x00, 0x0F, 0xE0, 0x00, 0x00, 0x03, 0xFF, 0xFF, 0x00, 0x00, 0x0B, 0xD0, 0x00,
    0x00, 0x00, 0x0F, 0x00, 0x00, 0x00, 0x00, 0x1D, 0x00, 0x00, 0x00, 0x00, 0x2C, 0x00, 0x00, 0x00,
    0x00, 0x34, 0x00, 0x00, 0x00, 0x03, 0xE0, 0x00, 0x90, 0x0D, 0x7C, 0x03, 0xF0, 0x2C, 0xBC, 0x03,
    0xE0, 0x34, 0xF8, 0x07, 0xD0, 0x10, 0xF8, 0x0B, 0xC0, 0x00, 0xF8, 0x1F, 0xC0, 0x00, 0x2F, 0xEF,
    0x80, 0x00, 0x00, 0x1F, 0x48, 0x00, 0x00, 0x2F, 0x1C, 0x00, 0x00, 0x1F, 0x34, 0x00, 0x00, 0x0B,
    0xE0, 0x00, 0x00, 0x00, 0x30, 0x00, 0x00, 0x00, 0x30, 0x00, 0x00, 0x00, 0x50, 0x00, 0x20, 0x01,
    0x80, 0x00, 0x1F, 0xF9, 0x00, 0x00, 0x3F, 0xFC, 0x00, 0x00, 0x0F, 0xFF, 0x40, 0x00, 0xFF, 0x40,
    0x00, 0x0B, 0xF8, 0x00, 0x00, 0x3B, 0xE0, 0x00, 0x06, 0xFC, 0x00, 0x00, 0x1D, 0xF8, 0x00, 0x03,
    0x3F, 0x00, 0x00, 0x0B, 0x3F, 0x00, 0x02, 0x5F, 0x80, 0x00, 0x03, 0x8F, 0xC0, 0x01, 0xCB, 0xD0,
    0x00, 0x00, 0xD2, 0xF0, 0x00, 0xC3, 0xF0, 0x00, 0x00, 0x70, 0xBD, 0x00, 0x90, 0xFC, 0x00, 0x00,
    0x2C, 0x1F, 0x40, 0x70, 0x7E, 0x00, 0x00, 0x0E, 0x03, 0xE0, 0x30, 0x2F, 0x40, 0x00, 0x03, 0x40,
    0xFC, 0x24, 0x0F, 0xC0, 0x00, 0x01, 0xC0, 0x3F, 0x1C, 0x03, 0xF0, 0x00, 0x00, 0xB0, 0x0F, 0xCC,
    0x01, 0xF8, 0x00, 0x00, 0x38, 0x02, 0xFE, 0x00, 0xBD, 0x00, 0x00, 0x0D, 0x00, 0x7F, 0x00, 0x3F,
    0x00, 0x00, 0x0B, 0x40, 0x1F, 0x00, 0x0F, 0xC0, 0x00, 0x7F, 0xFD, 0x03, 0x40, 0xFF, 0xFF, 0x40,
    0x00, 0x00, 0x00, 0x00, 0x00, 0x0B, 0x80, 0x00, 0x00, 0x00, 0x00, 0x00, 0x0B, 0xC0, 0x00, 0x00,
    0x00, 0x00, 0x00, 0x07, 0xC0, 0x00, 0x00, 0x00, 0x00, 0x00, 0x07, 0xC0, 0x00, 0x00, 0x00, 0x00,
    0x00, 0x03, 0xC0, 0x00, 0x00, 0x00, 0x00, 0x00, 0x00, 0x00, 0x00, 0x00, 0x3E, 0x00, 0x03, 0xF0,
    0x00, 0x07, 0xF0, 0x00, 0xFE, 0x00, 0x00, 0xBF, 0x00, 0x2F, 0xD0, 0x00, 0x0E, 0xF4, 0x03, 0xBC,
    0x00, 0x00, 0xDF, 0x40, 0xDF, 0xC0, 0x00, 0x1C, 0xF8, 0x28, 0xF8, 0x00, 0x02, 0x8B, 0xC7, 0x1F,
    0x40, 0x2D, 0x34, 0x7D, 0xC2, 0xF0, 0x07, 0xE7, 0x03, 0xF4, 0x3F, 0x18, 0x38, 0xE0, 0x3E, 0x03,
    0xE3, 0x41, 0xF4, 0x02, 0xC0, 0x0F, 0xF4, 0x00, 0x00, 0x00, 0x00, 0x03, 0xC0, 0x00, 0x00, 0x00,
    0x00, 0x3D, 0x00, 0x00, 0x00, 0x00, 0x07, 0xE0, 0x00, 0x00, 0x00, 0x01, 0xFC, 0x00, 0x00, 0x00,
    0x00, 0x79, 0x00, 0x00, 0x00, 0x00, 0x00, 0x00, 0x00, 0x00, 0x03, 0x00, 0x09, 0x00, 0x00, 0x02,
    0x80, 0x18, 0x00, 0x00, 0x00, 0xBF, 0xD0, 0x00, 0x00, 0x00, 0x00, 0x00, 0x00, 0x00, 0x00, 0x00,
    0x00, 0x00, 0x00, 0x00, 0x3C, 0x00, 0x00, 0x00, 0x00, 0xBC, 0x00, 0x00, 0x00, 0x00, 0xFD, 0x00,
    0x00, 0x00, 0x03, 0xFD, 0x00, 0x00, 0x00, 0x07, 0xFE, 0x00, 0x00, 0x00, 0x0D, 0xFE, 0x00, 0x00,
    0x00, 0x28, 0xBF, 0x00, 0x00, 0x00, 0x70, 0xBF, 0x00, 0x00, 0x00, 0xD0, 0x7F, 0x00, 0x00, 0x02,
    0xC0, 0x7F, 0x00, 0x00, 0x07, 0x00, 0x7F, 0x00, 0x00, 0x0F, 0xFF, 0xFF, 0x40, 0x00, 0x2C, 0x00,
    0x3F, 0x40, 0x00, 0x34, 0x00, 0x3F, 0x80, 0x00, 0xF0, 0x00, 0x3F, 0x80, 0x02, 0xD0, 0x00, 0x3F,
    0xC0, 0x3F, 0xFC, 0x03, 0xFF, 0xFC, 0x00, 0x00, 0x00, 0x00, 0x06, 0x00, 0x0C, 0x00, 0x34, 0x07,
    0x40, 0x01, 0xBF, 0x80, 0x00, 0x00, 0x00, 0x00, 0x00, 0x00, 0x00, 0x00, 0xBF, 0x84, 0x00, 0x3D,
    0x0F, 0xD0, 0x0F, 0x80, 0x7D, 0x03, 0xF0, 0x0B, 0xC0, 0x7E, 0x00, 0xFC, 0x0B, 0xD0, 0x0F, 0x80,
    0xFC, 0x01, 0xF0, 0x0F, 0xC0, 0x2F, 0x1C, 0xBC, 0x03, 0xE2, 0x83, 0xC1, 0xFE, 0x70, 0x0B, 0xE4,
    0xBD, 0x00, 0x00, 0x00, 0x02, 0xE0, 0x7C, 0x00, 0x00, 0x07, 0xF0, 0xFD, 0x00, 0x00, 0x07, 0xF1,
    0xFC, 0x00, 0x00, 0x03, 0xD0, 0xF4, 0x00, 0x00, 0x00, 0x00, 0x00, 0x00, 0x00, 0x00, 0x00, 0x00,
    0x00, 0x00, 0x00, 0x3C, 0x00, 0x00, 0x00, 0x00, 0xBC, 0x00, 0x00, 0x00, 0x00, 0xFD, 0x00, 0x00,
    0x00, 0x03, 0xFD, 0x00, 0x00, 0x00, 0x07, 0xFE, 0x00, 0x00, 0x00, 0x0D, 0xFE, 0x00, 0x00, 0x00,
    0x28, 0xBF, 0x00, 0x00, 0x00, 0x70, 0xBF, 0x00, 0x00, 0x00, 0xD0, 0x7F, 0x00, 0x00, 0x02, 0xC0,
    0x7F, 0x00, 0x00, 0x07, 0x00, 0x7F, 0x00, 0x00, 0x0F, 0xFF, 0xFF, 0x40, 0x00, 0x2C, 0x00, 0x3F,
    0x40, 0x00, 0x34, 0x00, 0x3F, 0x80, 0x00, 0xF0, 0x00, 0x3F, 0x80, 0x02, 0xD0, 0x00, 0x3F, 0xC0,
    0x3F, 0xFC, 0x03, 0xFF, 0xFC, 0x00, 0x2D, 0x0B, 0x80, 0x0B, 0xF1, 0xFC, 0x00, 0xBF, 0x2F, 0xC0,
    0x07, 0xC0, 0xF0, 0x00, 0x00, 0x00, 0x00, 0x00, 0x00, 0x00, 0x00, 0xBF, 0x84, 0x00, 0x3D, 0x0F,
    0xD0, 0x0F, 0x80, 0x7D, 0x03, 0xF0, 0x0B, 0xC0, 0x7E, 0x00, 0xFC, 0x0B, 0xD0, 0x0F, 0x80, 0xFC,
    0x01, 0xF0, 0x0F, 0xC0, 0x2F, 0x1C, 0xBC, 0x03, 0xE2, 0x83, 0xC1, 0xFE, 0x30, 0x0B, 0xE4, 0xBD,
    0x00, 0x00, 0x00, 0x03, 0xFF, 0xFF, 0xFF, 0xE0, 0x00, 0x00, 0x0B, 0x7F, 0x00, 0x3E, 0x00, 0x00,
    0x01, 0xD7, 0xE0, 0x00, 0xE0, 0x00, 0x00, 0x38, 0xBD, 0x00, 0x0D, 0x00, 0x00, 0x0B, 0x0F, 0xC0,
    0x00, 0xD0, 0x00, 0x00, 0xD0, 0xFC, 0x07, 0x0C, 0x00, 0x00, 0x3C, 0x1F, 0x80, 0xA0, 0x00, 0x00,
    0x07, 0x03, 0xF4, 0x1D, 0x00, 0x00, 0x00, 0xFF, 0xFF, 0xFF, 0xD0, 0x00, 0x00, 0x2C, 0x07, 0xF0,
    0x3C, 0x00, 0x00, 0x03, 0x00, 0xBE, 0x03, 0xC3, 0x80, 0x00, 0xE0, 0x0F, 0xD0, 0x34, 0x70, 0x00,
    0x1C, 0x00, 0xFC, 0x00, 0x0F, 0x00, 0x03, 0x40, 0x1F, 0xC0, 0x01, 0xD0, 0x00, 0xB0, 0x01, 0xFC,
    0x00, 0x3C, 0x00, 0x1E, 0x00, 0x3F, 0x80, 0x1F, 0x80, 0x3F, 0xFC, 0x3F, 0xFF, 0xFF, 0xF0, 0x00,
    0x00, 0x6F, 0xDB, 0x6F, 0xD0, 0x0B, 0xC1, 0xFF, 0x81, 0xD0, 0xBC, 0x02, 0xF4, 0x03, 0x87, 0xE0,
    0x0F, 0x80, 0x1D, 0x3F, 0x00, 0x3D, 0x06, 0xF0, 0xFC, 0x01, 0xFF, 0xF9, 0x07, 0xE0, 0x0B, 0x80,
    0x00, 0x1F, 0x40, 0x3E, 0x00, 0x00, 0x3D, 0x01, 0xF8, 0x00, 0x60, 0xB8, 0x2C, 0xF4, 0x1B, 0x40,
    0x7F, 0x80, 0xBF, 0xE0, 0x00, 0x00, 0x00, 0x08, 0x00, 0x30, 0x00, 0x00, 0x0D, 0x00, 0x90, 0x00,
    0x00, 0x02, 0xFE, 0x00, 0x00, 0x00, 0x00, 0x00, 0x00, 0x00, 0x00, 0x00, 0x00, 0x00, 0x00, 0x3F,
    0xFF, 0xFF, 0xFC, 0x00, 0x03, 0xF4, 0x00, 0xBC, 0x00, 0x03, 0xF0, 0x00, 0x3C, 0x00, 0x07, 0xF0,
    0x00, 0x2C, 0x00, 0x0B, 0xF0, 0x00, 0x38, 0x00, 0x0F, 0xE0, 0x30, 0x24, 0x00, 0x0F, 0xD0, 0x70,
    0x00, 0x00, 0x1F, 0xC1, 0xF0, 0x00, 0x00, 0x2F, 0xFF, 0xE0, 0x00, 0x00, 0x3F, 0x82, 0xD0, 0x00,
    0x00, 0x3F, 0x41, 0xC0, 0x10, 0x00, 0x7F, 0x01, 0x80, 0xE0, 0x00, 0xBF, 0x00, 0x00, 0xD0, 0x00,
    0xFE, 0x00, 0x03, 0xC0, 0x00, 0xFD, 0x00, 0x0B, 0x40, 0x02, 0xFC, 0x00, 0x7F, 0x00, 0x3F, 0xFF,
    0xFF, 0xFD, 0x00, 0x00, 0x00, 0x00, 0x00, 0x20, 0x00, 0xC0, 0x0D, 0x01, 0xE0, 0x00, 0xBF, 0x80,
    0x00, 0x00, 0x00, 0x00, 0x00, 0x00, 0x00, 0x06, 0xFD, 0x00, 0x0F, 0x81, 0xD0, 0x0F, 0x80, 0x38,
    0x0F, 0xC0, 0x0E, 0x07, 0xE0, 0x6F, 0x02, 0xFF, 0xF9, 0x00, 0xFC, 0x00, 0x00, 0x3F, 0x00, 0x00,
    0x0B, 0xC0, 0x02, 0x80, 0xF8, 0x07, 0xD0, 0x0B, 0xFE, 0x40, 0x00, 0x01, 0xC1, 0xFF, 0xE0, 0x00,
    0x3F, 0xE4, 0x0B, 0xE0, 0x03, 0xF0, 0x00, 0x1F, 0x80, 0x7C, 0x00, 0x00, 0xFC, 0x0B, 0x00, 0x00,
    0x0F, 0xD0, 0x50, 0x00, 0x00, 0xFD, 0x00, 0x00, 0x00, 0x0F, 0xD0, 0x00, 0x00, 0x01, 0xFD, 0x7F,
    0xFF, 0xFF, 0xFF, 0xCB, 0xE0, 0x00, 0x03, 0xFC, 0xFD, 0x00, 0x00, 0x3F, 0x4F, 0xC0, 0x00, 0x0B,
    0xF0, 0xFC, 0x00, 0x00, 0xFC, 0x0B, 0xD0, 0x00, 0x3F, 0x40, 0x3E, 0x00, 0x0B, 0xD0, 0x01, 0xF8,
    0x07, 0xF0, 0x00, 0x02, 0xFF, 0xE0, 0x00, 0x00, 0x00, 0xBF, 0xD0, 0x07, 0x80, 0xF8, 0x0D, 0x00,
    0x7C, 0x08, 0x00, 0x7D, 0x00, 0x00, 0xBD, 0x06, 0xFF, 0xFC, 0x3E, 0x00, 0xFC, 0xB0, 0x02, 0xF4,
    0xF0, 0x07, 0xD0, 0xB0, 0x2F, 0x40, 0x2F, 0xE4, 0x00, 0x00, 0x00, 0x3D, 0x0B, 0x40, 0x00, 0x03,
    0xF8, 0xBF, 0x00, 0x00, 0x0F, 0xE3, 0xF8, 0x00, 0x00, 0x2E, 0x07, 0xC0, 0x00, 0x00, 0x00, 0x00,
    0x00, 0x00, 0x00, 0x00, 0x00, 0x00, 0x1C, 0x1B, 0xFE, 0x40, 0x00, 0xFF, 0x90, 0x1F, 0xC0, 0x03,
    0xF0, 0x00, 0x0B, 0xC0, 0x1F, 0x00, 0x00, 0x1F, 0xC0, 0xB0, 0x00, 0x00, 0x3F, 0x01, 0x40, 0x00,
    0x00, 0xFC, 0x00, 0x00, 0x00, 0x07, 0xF0, 0x00, 0x00, 0x00, 0x2F, 0xC7, 0xFF, 0xFF, 0xFF, 0xFF,
    0x2F, 0x80, 0x00, 0x03, 0xF8, 0xFD, 0x00, 0x00, 0x1F, 0xC3, 0xF0, 0x00, 0x00, 0xFE, 0x0F, 0xC0,
    0x00, 0x07, 0xF0, 0x2F, 0x40, 0x00, 0x3F, 0x00, 0x3F, 0x00, 0x07, 0xF0, 0x00, 0x7F, 0x40, 0xBE,
    0x00, 0x00, 0x1B, 0xFE, 0x40, 0x00, 0x00, 0x00, 0x3D, 0x0B, 0x40, 0x3F, 0x8B, 0xF0, 0x0F, 0xE3,
    0xF8, 0x01, 0xE0, 0x7C, 0x00, 0x00, 0x00, 0x00, 0x00, 0x00, 0x00, 0x0B, 0xF9, 0x00, 0x1E, 0x03,
    0xE0, 0x0E, 0x00, 0x7C, 0x06, 0x00, 0x1F, 0x40, 0x00, 0x0B, 0xD0, 0x1B, 0xFF, 0xF0, 0x3E, 0x00,
    0xFC, 0x2C, 0x00, 0xBD, 0x0F, 0x00, 0x7D, 0x02, 0xC0, 0xBD, 0x00, 0x2F, 0xE4, 0x00, 0x00, 0x00,
    0x00, 0x00, 0x00, 0xB4, 0x2E, 0x00, 0x00, 0x00, 0x00, 0x00, 0x00, 0xBF, 0x1F, 0xC0, 0x00, 0x00,
    0x00, 0x00, 0x00, 0x3F, 0x8B, 0xF0, 0x00, 0x00, 0x00, 0x00, 0x00, 0x07, 0xC1, 0xF0, 0x00, 0x00,
    0x00, 0x00, 0x00, 0x00, 0x00, 0x00, 0x00, 0x00, 0x00, 0x00, 0x00, 0x00, 0x00, 0x00, 0x00, 0x00,
    0x00, 0x07, 0xFF, 0x80, 0xBF, 0xFF, 0xC0, 0xBF, 0xF8, 0x00, 0x1F, 0x00, 0x01, 0xFC, 0x00, 0x07,
    0xD0, 0x00, 0x01, 0xE0, 0x00, 0xBF, 0x00, 0x07, 0x80, 0x00, 0x00, 0x2E, 0x00, 0x3F, 0x80, 0x0B,
    0x40, 0x00, 0x00, 0x02, 0xD0, 0x0F, 0xD0, 0x0F, 0x00, 0x00, 0x00, 0x00, 0x3C, 0x07, 0xF0, 0x1E,
    0x00, 0x00, 0x00, 0x00, 0x07, 0xC2, 0xFC, 0x2D, 0x00, 0x00, 0x00, 0x00, 0x03, 0xF8, 0xFE, 0x3F,
    0x80, 0x00, 0x00, 0x00, 0x03, 0xFF, 0xBF, 0xBF, 0xF0, 0x00, 0x00, 0x00, 0x02, 0xFC, 0xBF, 0xF4,
    0xFD, 0x00, 0x00, 0x00, 0x02, 0xFC, 0x0F, 0xF0, 0x2F, 0xC0, 0x00, 0x00, 0x02, 0xFC, 0x03, 0xF8,
    0x07, 0xF4, 0x00, 0x00, 0x02, 0xFC, 0x00, 0xFD, 0x00, 0xFF, 0x00, 0x00, 0x01, 0xFC, 0x00, 0x7F,
    0x00, 0x1F, 0xC0, 0x00, 0x01, 0xFD, 0x00, 0x2F, 0xC0, 0x03, 0xF8, 0x00, 0x01, 0xFD, 0x00, 0x0F,
    0xE0, 0x00, 0xBF, 0x00, 0x0F, 0xFF, 0xE0, 0xBF, 0xFF, 0xC1, 0xFF, 0xFC, 0x00, 0x00, 0x00, 0x00,
    0x3D, 0x0B, 0x40, 0x00, 0x00, 0x00, 0x00, 0x2F, 0xCB, 0xF0, 0x00, 0x00, 0x00, 0x00, 0x0F, 0xE2,
    0xFC, 0x00, 0x00, 0x00, 0x00, 0x01, 0xE0, 0x7C, 0x00, 0x00, 0x00, 0x00, 0x00, 0x00, 0x00, 0x00,
    0x00, 0x00, 0x00, 0x00, 0x00, 0x00, 0x00, 0x00, 0x00, 0x1B, 0xF4, 0x00, 0xB4, 0x00, 0xBF, 0x80,
    0x2D, 0x0B, 0x80, 0x3D, 0x01, 0xF4, 0x3C, 0x2C, 0x00, 0xF4, 0x1F, 0x02, 0xF0, 0x2F, 0x0D, 0x00,
    0x3E, 0x0B, 0xC1, 0xF8, 0x0B, 0x80, 0x00, 0x1F, 0x83, 0xF0, 0xFC, 0x00, 0x00, 0x00, 0x0B, 0xFF,
    0xFF, 0xFF, 0x00, 0x00, 0x00, 0x03, 0xF4, 0x7D, 0x1F, 0x80, 0x00, 0x1F, 0x00, 0xFC, 0x2F, 0x07,
    0xD0, 0x00, 0x0F, 0xC0, 0xFC, 0x0F, 0x80, 0xF4, 0x00, 0x22, 0xD0, 0xFC, 0x03, 0xD0, 0x2F, 0x00,
    0xBC, 0x2F, 0xE4, 0x01, 0xF0, 0x01, 0xFF, 0xE4, 0x00, 0x00, 0x00, 0x00, 0x00, 0x00, 0x01, 0xF0,
    0x7C, 0x00, 0x03, 0xF4, 0xFD, 0x00, 0x07, 0xF1, 0xFC, 0x00, 0x03, 0xD0, 0xB4, 0x00, 0x00, 0x00,
    0x00, 0x00, 0x00, 0x00, 0x00, 0x01, 0xD6, 0xFF, 0x80, 0x02, 0xFD, 0x02, 0xF8, 0x03, 0xE0, 0x00,
    0xFC, 0x03, 0x80, 0x00, 0xFD, 0x07, 0x00, 0x00, 0xFD, 0x00, 0x00, 0x01, 0xFC, 0x00, 0x00, 0x03,
    0xF0, 0x00, 0x00, 0x1F, 0x80, 0x00, 0x2F, 0xFC, 0x00, 0x00, 0x00, 0x1F, 0x80, 0x00, 0x00, 0x0B,
    0xE0, 0x00, 0x00, 0x07, 0xF0, 0xA0, 0x00, 0x0B, 0xF0, 0xE0, 0x00, 0x0F, 0xE0, 0xF0, 0x00, 0x2F,
    0x80, 0x79, 0x01, 0xFE, 0x00, 0x0B, 0xFF, 0x90, 0x00, 0x00, 0x0F, 0x42, 0xD0, 0x03, 0xF8, 0xBF,
    0x00, 0x3F, 0x8F, 0xE0, 0x01, 0xE0, 0x7C, 0x00, 0x00, 0x00, 0x00, 0x00, 0x00, 0x00, 0x00, 0x2F,
    0xF8, 0x00, 0x1E, 0x03, 0xF0, 0x03, 0x40, 0x3F, 0x00, 0x00, 0x03, 0xF0, 0x00, 0x00, 0xFC, 0x00,
    0x07, 0xFF, 0x00, 0x00, 0x00, 0xBC, 0x02, 0xE0, 0x07, 0xE0, 0x3E, 0x00, 0xBD, 0x03, 0xC0, 0x2F,
    0x40, 0x0B, 0xFF, 0x80, 0x00, 0x00, 0x7F, 0xFF, 0xFF, 0x40, 0x2F, 0xFF, 0xFF, 0xD0, 0x0F, 0xFF,
    0xFF, 0xF0, 0x0B, 0xD0, 0x00, 0xB4, 0x03, 0xC0, 0x01, 0xE0, 0x00, 0xC0, 0x03, 0xD0, 0x00, 0x00,
    0x0B, 0x80, 0x00, 0x00, 0x1F, 0x90, 0x00, 0x00, 0x0E, 0xBF, 0x40, 0x00, 0x00, 0x03, 0xF0, 0x00,
    0x00, 0x00, 0xBE, 0x00, 0x00, 0x00, 0x3F, 0x80, 0x2F, 0x00, 0x0F, 0xD0, 0x1F, 0xC0, 0x0B, 0xF0,
    0x07, 0xF0, 0x03, 0xF4, 0x00, 0xF4, 0x07, 0xF0, 0x00, 0x0B, 0xFF, 0x90, 0x00, 0x00, 0x01, 0xFF,
    0xFF, 0xC0, 0xF4, 0x07, 0xD0, 0x30, 0x07, 0xC0, 0x00, 0x0B, 0x80, 0x00, 0x0B, 0x40, 0x00, 0x0F,
    0xD0, 0x00, 0x06, 0x2F, 0x00, 0x00, 0x03, 0xD0, 0x00, 0x01, 0xF8, 0x00, 0x00, 0x7E, 0x03, 0xC0,
    0x2F, 0x42, 0xF4, 0x0F, 0xC0, 0xB8, 0x0B, 0xD0, 0x0E, 0x07, 0xD0, 0x00, 0xBF, 0x80, 0x00, 0x00,
    0x00, 0x03, 0xFF, 0xFF, 0x40, 0x00, 0x00, 0x00, 0x00, 0x00, 0x00, 0x00, 0x00, 0x00, 0x00, 0x00,
    0x00, 0x00, 0x00, 0x00, 0x00, 0x00, 0x00, 0x00, 0x00, 0x00, 0x00, 0x00, 0x00, 0x00, 0x3F, 0xFF,
    0xD2, 0xFF, 0xFF, 0x00, 0x03, 0xF8, 0x00, 0x2F, 0xC0, 0x00, 0x03, 0xF0, 0x00, 0xBF, 0xC0, 0x00,
    0x07, 0xF0, 0x01, 0xFF, 0x80, 0x00, 0x0B, 0xE0, 0x07, 0xBF, 0x40, 0x00, 0x0F, 0xD0, 0x0E, 0x7F,
    0x00, 0x00, 0x0F, 0xC0, 0x3C, 0xBF, 0x00, 0x00, 0x1F, 0xC0, 0xF0, 0xFE, 0x00, 0x00, 0x2F, 0x82,
    0xC0, 0xFD, 0x00, 0x00, 0x3F, 0x4B, 0x41, 0xFC, 0x00, 0x00, 0x3F, 0x1E, 0x02, 0xFC, 0x00, 0x00,
    0x7F, 0x78, 0x03, 0xF8, 0x00, 0x00, 0xBF, 0xF0, 0x03, 0xF4, 0x00, 0x00, 0xFF, 0xC0, 0x07, 0xF0,
    0x00, 0x00, 0xFF, 0x00, 0x0B, 0xF0, 0x00, 0x01, 0xFD, 0x00, 0x0F, 0xE0, 0x00, 0x3F, 0xFF, 0xD2,
    0xFF, 0xFF, 0x00, 0x00, 0x03, 0xFF, 0xFF, 0x00, 0x00, 0x00, 0x00, 0x00, 0x00, 0x00, 0x00, 0x00,
    0x00, 0x00, 0x00, 0x00, 0x00, 0x00, 0x00, 0x00, 0x00, 0x00, 0x00, 0x00, 0x00, 0x2F, 0x40, 0x0B,
    0x40, 0x38, 0xF0, 0x03, 0xE0, 0x2C, 0x7D, 0x01, 0xF4, 0x0D, 0x2F, 0x00, 0xBC, 0x00, 0x0F, 0x80,
    0x3F, 0x00, 0x07, 0xC0, 0x0F, 0x40, 0x03, 0xF0, 0x07, 0xC0, 0x00, 0xF8, 0x02, 0xF1, 0xC0, 0x3E,
    0x00, 0xF8, 0xA0, 0x0B, 0xC1, 0xFE, 0x70, 0x00, 0x7F, 0x82, 0xF4, 0x00, 0x00, 0x00, 0x00, 0xF0,
    0x3D, 0x00, 0x00, 0x00, 0x03, 0xF8, 0xFE, 0x00, 0x00, 0x00, 0x03, 0xF4, 0xFE, 0x00, 0x00, 0x00,
    0x02, 0xE0, 0xB8, 0x00, 0x00, 0x00, 0x00, 0x00, 0x00, 0x00, 0x00, 0x00, 0x00, 0x00, 0x00, 0x00,
    0x00, 0x3F, 0xFF, 0xD2, 0xFF, 0xFF, 0x00, 0x03, 0xF8, 0x00, 0x2F, 0xC0, 0x00, 0x03, 0xF0, 0x00,
    0xBF, 0xC0, 0x00, 0x07, 0xF0, 0x01, 0xFF, 0x80, 0x00, 0x0B, 0xE0, 0x07, 0xBF, 0x40, 0x00, 0x0F,
    0xD0, 0x0E, 0x7F, 0x00, 0x00, 0x0F, 0xC0, 0x3C, 0xBF, 0x00, 0x00, 0x1F, 0xC0, 0xF0, 0xFE, 0x00,
    0x00, 0x2F, 0x82, 0xC0, 0xFD, 0x00, 0x00, 0x3F, 0x4B, 0x41, 0xFC, 0x00, 0x00, 0x3F, 0x1E, 0x02,
    0xFC, 0x00, 0x00, 0x7F, 0x78, 0x03, 0xF8, 0x00, 0x00, 0xBF, 0xF0, 0x03, 0xF4, 0x00, 0x00, 0xFF,
    0xC0, 0x07, 0xF0, 0x00, 0x00, 0xFF, 0x00, 0x0B, 0xF0, 0x00, 0x01, 0xFD, 0x00, 0x0F, 0xE0, 0x00,
    0x3F, 0xFF, 0xD2, 0xFF, 0xFF, 0x00, 0x00, 0x02, 0xE0, 0x7C, 0x00, 0x01, 0xFC, 0x3F, 0x40, 0x00,
    0x7F, 0x1F, 0xC0, 0x00, 0x0F, 0x43, 0xD0, 0x00, 0x00, 0x00, 0x00, 0x00, 0x00, 0x00, 0x00, 0x00,
    0x2F, 0x40, 0x0B, 0x40, 0x38, 0xF0, 0x03, 0xE0, 0x2C, 0x7D, 0x01, 0xF4, 0x0D, 0x2F, 0x00, 0xBC,
    0x00, 0x0F, 0x80, 0x3F, 0x00, 0x07, 0xC0, 0x0F, 0x40, 0x03, 0xF0, 0x07, 0xC0, 0x00, 0xF8, 0x02,
    0xF1, 0xC0, 0x3E, 0x00, 0xF8, 0xA0, 0x0B, 0xC1, 0xFE, 0x70, 0x00, 0x7F, 0x82, 0xF4, 0x00, 0x00,
    0x00, 0x2E, 0x07, 0x80, 0x00, 0x01, 0xFC, 0x7F, 0x00, 0x00, 0x0B, 0xF1, 0xFC, 0x00, 0x00, 0x0F,
    0x03, 0xD0, 0x00, 0x00, 0x00, 0x00, 0x00, 0x00, 0x00, 0x00, 0x00, 0x00, 0x00, 0x06, 0xFF, 0x90,
    0x00, 0x01, 0xF8, 0x07, 0xE0, 0x00, 0x2F, 0x00, 0x03, 0xE0, 0x03, 0xF0, 0x00, 0x0F, 0xC0, 0x2F,
    0x40, 0x00, 0x2F, 0x41, 0xFC, 0x00, 0x00, 0xBE, 0x0F, 0xE0, 0x00, 0x03, 0xF8, 0x7F, 0x00, 0x00,
    0x0F, 0xD2, 0xFC, 0x00, 0x00, 0x7F, 0x4F, 0xE0, 0x00, 0x02, 0xFC, 0x3F, 0x80, 0x00, 0x0F, 0xE0,
    0xFD, 0x00, 0x00, 0x7F, 0x03, 0xF4, 0x00, 0x03, 0xF4, 0x0B, 0xE0, 0x00, 0x2F, 0x80, 0x0F, 0xC0,
    0x02, 0xF4, 0x00, 0x1F, 0xD0, 0x7F, 0x00, 0x00, 0x07, 0xFF, 0x90, 0x00, 0x00, 0x00, 0x1F, 0x03,
    0xC0, 0x03, 0xF4, 0xFE, 0x00, 0x3F, 0x4F, 0xD0, 0x02, 0xE0, 0xB8, 0x00, 0x00, 0x00, 0x00, 0x00,
    0x00, 0x00, 0x00, 0x2F, 0xF8, 0x00, 0x1F, 0x42, 0xF0, 0x0B, 0xC0, 0x0F, 0x81, 0xF8, 0x00, 0xFC,
    0x3F, 0x00, 0x0F, 0xC3, 0xF0, 0x01, 0xF8, 0x7E, 0x00, 0x2F, 0x47, 0xD0, 0x03, 0xF0, 0x3D, 0x00,
    0xBC, 0x01, 0xF0, 0x2F, 0x00, 0x06, 0xFE, 0x40, 0x00, 0x00, 0x00, 0x6F, 0xF9, 0x00, 0x00, 0x1F,
    0x80, 0x7E, 0x00, 0x03, 0xF0, 0x00, 0x7E, 0x00, 0x3F, 0x00, 0x00, 0xFC, 0x03, 0xF4, 0x00, 0x02,
    0xF4, 0x1F, 0xC0, 0x00, 0x0F, 0xE0, 0xFE, 0x00, 0x00, 0x3F, 0x87, 0xFA, 0xFE, 0x41, 0xFD, 0x2F,
    0xC0, 0x7F, 0xEF, 0xF4, 0xFE, 0x00, 0x00, 0x2F, 0xC3, 0xF8, 0x00, 0x00, 0xFE, 0x0F, 0xD0, 0x00,
    0x07, 0xF0, 0x3F, 0x40, 0x00, 0x3F, 0x40, 0xBE, 0x00, 0x02, 0xF8, 0x00, 0xFC, 0x00, 0x2F, 0x80,
    0x00, 0xFD, 0x07, 0xF4, 0x00, 0x00, 0x6F, 0xF9, 0x00, 0x00, 0x00, 0x2F, 0xF8, 0x00, 0xBD, 0x0B,
    0xC0, 0xBC, 0x00, 0xF8, 0x7D, 0x00, 0x3F, 0x3F, 0xFD, 0x0F, 0xCF, 0xCB, 0xEB, 0xE7, 0xE0, 0x02,
    0xF5, 0xF4, 0x00, 0xFC, 0x3D, 0x00, 0xBC, 0x07, 0xC0, 0xBC, 0x00, 0x6F, 0xE4, 0x00, 0x00, 0x00,
    0x2E, 0x07, 0x80, 0x00, 0x01, 0xFC, 0x7F, 0x00, 0x00, 0x0B, 0xF1, 0xFC, 0x00, 0x00, 0x0F, 0x03,
    0xD0, 0x00, 0x00, 0x00, 0x00, 0x00, 0x00, 0x00, 0x00, 0x00, 0x00, 0x00, 0x06, 0xFF, 0x90, 0x00,
    0x01, 0xF8, 0x07, 0xE0, 0x00, 0x3F, 0x00, 0x07, 0xE0, 0x03, 0xF0, 0x00, 0x0F, 0xC0, 0x3F, 0x40,
    0x00, 0x2F, 0x41, 0xFC, 0x00, 0x00, 0xFE, 0x0F, 0xE0, 0x00, 0x03, 0xF8, 0x7F, 0xAF, 0xE4, 0x1F,
    0xD2, 0xFC, 0x07, 0xFE, 0xFF, 0x4F, 0xE0, 0x00, 0x02, 0xFC, 0x3F, 0x80, 0x00, 0x0F, 0xE0, 0xFD,
    0x00, 0x00, 0x7F, 0x03, 0xF4, 0x00, 0x03, 0xF4, 0x0B, 0xE0, 0x00, 0x2F, 0x80, 0x0F, 0xC0, 0x02,
    0xF8, 0x00, 0x0F, 0xD0, 0x7F, 0x40, 0x00, 0x06, 0xFF, 0x90, 0x00, 0x00, 0x00, 0x1F, 0x03, 0xC0,
    0x03, 0xF4, 0xFE, 0x00, 0x3F, 0x4F, 0xD0, 0x02, 0xE0, 0xB8, 0x00, 0x00, 0x00, 0x00, 0x00, 0x00,
    0x00, 0x00, 0x2F, 0xF8, 0x00, 0x2F, 0x42, 0xF0, 0x0B, 0xC0, 0x0F, 0x81, 0xF4, 0x00, 0xFC, 0x3F,
    0xFD, 0x0F, 0xC3, 0xF2, 0xFA, 0xF8, 0x7E, 0x00, 0x2F, 0x47, 0xD0, 0x03, 0xF0, 0x3D, 0x00, 0xBC,
    0x01, 0xF0, 0x2F, 0x00, 0x06, 0xFE, 0x40, 0x00, 0x00, 0x01, 0xF0, 0x3D, 0x00, 0x00, 0x3F, 0x8F,
    0xE0, 0x00, 0x03, 0xF4, 0xFE, 0x00, 0x00, 0x2E, 0x0B, 0x80, 0x00, 0x00, 0x00, 0x00, 0x00, 0x00,
    0x00, 0x00, 0x00, 0x01, 0xC1, 0xBF, 0xE0, 0x00, 0x2F, 0xE0, 0x1B, 0xE0, 0x03, 0xF0, 0x00, 0x2F,
    0x80, 0x3C, 0x00, 0x00, 0xFC, 0x07, 0x40, 0x00, 0x0B, 0xE0, 0xB0, 0x00, 0x00, 0xBF, 0x00, 0x00,
    0x00, 0x0B, 0xF0, 0x00, 0x00, 0x00, 0xFF, 0x00, 0xBF, 0xE0, 0x1F, 0xE0, 0x00, 0x6F, 0xFA, 0xFD,
    0x00, 0x00, 0x00, 0x3F, 0xC6, 0x00, 0x00, 0x07, 0xF4, 0xB0, 0x00, 0x00, 0xFE, 0x0B, 0x00, 0x00,
    0x2F, 0xC0, 0x34, 0x00, 0x0B, 0xE0, 0x01, 0xE0, 0x0B, 0xF4, 0x00, 0x02, 0xFF, 0xE0, 0x00, 0x00,
    0x00, 0x0F, 0x42, 0xD0, 0x03, 0xF8, 0xBF, 0x00, 0x3F, 0x8F, 0xE0, 0x01, 0xE0, 0x7C, 0x00, 0x00,
    0x00, 0x00, 0x00, 0x00, 0x00, 0x00, 0x2F, 0xE0, 0x00, 0x2E, 0x03, 0xD0, 0x07, 0x40, 0x1F, 0x00,
    0x90, 0x01, 0xF4, 0x00, 0x00, 0x2F, 0x40, 0x07, 0xFF, 0xF0, 0x00, 0x00, 0x3F, 0x02, 0xD0, 0x07,
    0xD0, 0x3E, 0x00, 0xF8, 0x03, 0xC0, 0xBD, 0x00, 0x0B, 0xF9, 0x00, 0x00, 0x00, 0x03, 0xFF, 0xFF,
    0x80, 0x00, 0x00, 0x00, 0x00, 0x00, 0x00, 0x00, 0x00, 0x00, 0x00, 0x00, 0x00, 0x00, 0x00, 0x00,
    0x00, 0x00, 0x00, 0x00, 0x00, 0x7F, 0xFF, 0x80, 0x2F, 0xFD, 0x03, 0xF8, 0x00, 0x03, 0xC0, 0x02,
    0xFC, 0x00, 0x07, 0x00, 0x01, 0xFD, 0x00, 0x0E, 0x00, 0x00, 0xFE, 0x00, 0x2C, 0x00, 0x00, 0xBF,
    0x00, 0x74, 0x00, 0x00, 0x3F, 0x40, 0xF0, 0x00, 0x00, 0x3F, 0xC2, 0xC0, 0x00, 0x00, 0x2F, 0xC3,
    0x80, 0x00, 0x00, 0x0F, 0xEF, 0x00, 0x00, 0x00, 0x0F, 0xFD, 0x00, 0x00, 0x00, 0x07, 0xF8, 0x00,
    0x00, 0x2F, 0x03, 0xF0, 0x00, 0x00, 0x7F, 0x02, 0xD0, 0x00, 0x00, 0x7F, 0x03, 0x40, 0x00, 0x00,
    0x3C, 0x1D, 0x00, 0x00, 0x00, 0x1F, 0xE0, 0x00, 0x00, 0x00, 0x00, 0x0F, 0xFF, 0xFC, 0x00, 0x00,
    0x00, 0x00, 0x00, 0x00, 0x00, 0x00, 0x00, 0x00, 0x00, 0x00, 0x00, 0x00, 0x00, 0x00, 0x00, 0x00,
    0x00, 0x00, 0x02, 0xF4, 0x00, 0x60, 0x0E, 0x3C, 0x00, 0xF4, 0x2C, 0x7D, 0x01, 0xF0, 0x34, 0xBC,
    0x02, 0xF0, 0x00, 0xF8, 0x03, 0xE0, 0x01, 0xF0, 0x03, 0xD0, 0x03, 0xF0, 0x07, 0xC0, 0x03, 0xE0,
    0x0B, 0xC0, 0x03, 0xE0, 0x0F, 0x80, 0x02, 0xF0, 0x7F, 0x40, 0x00, 0x7F, 0xFF, 0x00, 0x00, 0x00,
    0x3F, 0x00, 0x0B, 0x40, 0x3D, 0x00, 0x1F, 0x80, 0xF8, 0x00, 0x0F, 0x07, 0xD0, 0x00, 0x06, 0xFE,
    0x00, 0x00, 0x00, 0x00, 0xF4, 0x2D, 0x00, 0x00, 0x03, 0xF8, 0xBF, 0x00, 0x00, 0x03, 0xF4, 0xFE,
    0x00, 0x00, 0x02, 0xE0, 0x78, 0x00, 0x00, 0x00, 0x00, 0x00, 0x00, 0x00, 0x00, 0x00, 0x00, 0x00,
    0x7F, 0xFF, 0x80, 0x2F, 0xFD, 0x03, 0xF8, 0x00, 0x03, 0xC0, 0x02, 0xFC, 0x00, 0x07, 0x00, 0x01,
    0xFD, 0x00, 0x0E, 0x00, 0x00, 0xFE, 0x00, 0x2C, 0x00, 0x00, 0xBF, 0x00, 0x74, 0x00, 0x00, 0x3F,
    0x40, 0xF0, 0x00, 0x00, 0x3F, 0xC2, 0xC0, 0x00, 0x00, 0x1F, 0xC3, 0x80, 0x00, 0x00, 0x0F, 0xEF,
    0x00, 0x00, 0x00, 0x0F, 0xFD, 0x00, 0x00, 0x00, 0x07, 0xF8, 0x00, 0x00, 0x2F, 0x03, 0xF0, 0x00,
    0x00, 0x7F, 0x02, 0xD0, 0x00, 0x00, 0x7F, 0x03, 0x40, 0x00, 0x00, 0x3C, 0x2D, 0x00, 0x00, 0x00,
    0x1F, 0xE0, 0x00, 0x00, 0x00, 0x00, 0x07, 0xC0, 0xF0, 0x00, 0x3F, 0x4F, 0xE0, 0x00, 0xFD, 0x3F,
    0x40, 0x02, 0xE0, 0xB8, 0x00, 0x00, 0x00, 0x00, 0x00, 0x00, 0x00, 0x00, 0x2F, 0x40, 0x06, 0x03,
    0x8F, 0x00, 0x3D, 0x2C, 0x7D, 0x01, 0xF0, 0xD2, 0xF0, 0x0B, 0xC0, 0x0F, 0x80, 0x3E, 0x00, 0x7C,
    0x00, 0xF4, 0x03, 0xF0, 0x07, 0xC0, 0x0F, 0x80, 0x2F, 0x00, 0x3E, 0x00, 0xF8, 0x00, 0xBC, 0x1F,
    0xD0, 0x00, 0x7F, 0xFF, 0x00, 0x00, 0x00, 0xFC, 0x00, 0xB4, 0x03, 0xD0, 0x07, 0xE0, 0x3E, 0x00,
    0x0F, 0x07, 0xD0, 0x00, 0x1B, 0xF8, 0x00, 0x00, 0x00, 0x00, 0x0B, 0x47, 0x80, 0x00, 0x00, 0xBF,
    0xFF, 0xC0, 0x00, 0x03, 0xFF, 0xFF, 0x80, 0x00, 0x00, 0x00, 0x00, 0x00, 0x00, 0x00, 0x00, 0x00,
    0x00, 0x00, 0x00, 0x00, 0x00, 0x00, 0x7F, 0xFF, 0x80, 0x2F, 0xFD, 0x03, 0xF8, 0x00, 0x03, 0xC0,
    0x02, 0xFC, 0x00, 0x07, 0x00, 0x01, 0xFD, 0x00, 0x0E, 0x00, 0x00, 0xFE, 0x00, 0x2C, 0x00, 0x00,
    0xBF, 0x00, 0x74, 0x00, 0x00, 0x3F, 0x40, 0xF0, 0x00, 0x00, 0x3F, 0xC2, 0xC0, 0x00, 0x00, 0x2F,
    0xC3, 0x80, 0x00, 0x00, 0x0F, 0xEF, 0x00, 0x00, 0x00, 0x0F, 0xFD, 0x00, 0x00, 0x00, 0x07, 0xF8,
    0x00, 0x00, 0x2F, 0x03, 0xF0, 0x00, 0x00, 0x7F, 0x02, 0xD0, 0x00, 0x00, 0x7F, 0x03, 0x40, 0x00,
    0x00, 0x3C, 0x1D, 0x00, 0x00, 0x00, 0x1F, 0xE0, 0x00, 0x00, 0x00, 0x00, 0x00, 0x1E, 0x0B, 0x00,
    0x00, 0x2F, 0xDF, 0xD0, 0x00, 0x3F, 0xFF, 0xD0, 0x00, 0x2E, 0x0E, 0x40, 0x00, 0x00, 0x00, 0x00,
    0x00, 0xBD, 0x00, 0x08, 0x00, 0xE3, 0xC0, 0x0F, 0x80, 0xB1, 0xF4, 0x03, 0xD0, 0x34, 0xBC, 0x01,
    0xF0, 0x00, 0x3E, 0x00, 0xBC, 0x00, 0x1F, 0x40, 0x3E, 0x00, 0x0B, 0xC0, 0x0F, 0x40, 0x03, 0xF0,
    0x07, 0xC0, 0x00, 0xF8, 0x02, 0xF0, 0x00, 0x3E, 0x00, 0xF8, 0x00, 0x0B, 0xC1, 0xFD, 0x00, 0x00,
    0x7F, 0xFF, 0x00, 0x00, 0x00, 0x0F, 0xC0, 0x00, 0xB4, 0x03, 0xD0, 0x00, 0x7E, 0x03, 0xE0, 0x00,
    0x0F, 0x07, 0xD0, 0x00, 0x01, 0xBF, 0x80, 0x00, 0x00, 0x00, 0x00, 0xF0, 0x3D, 0x00, 0x00, 0x03,
    0xF8, 0xFE, 0x00, 0x00, 0x03, 0xF4, 0xFE, 0x00, 0x00, 0x02, 0xE0, 0xB8, 0x00, 0x00, 0x00, 0x00,
    0x00, 0x00, 0x00, 0x00, 0x00, 0x00, 0x00, 0x3F, 0xFF, 0xD2, 0xFF, 0xFF, 0x03, 0xF8, 0x00, 0x1F,
    0xC0, 0x03, 0xF0, 0x00, 0x2F, 0xC0, 0x07, 0xF0, 0x00, 0x3F, 0x80, 0x0B, 0xE0, 0x00, 0x3F, 0x40,
    0x0F, 0xD0, 0x00, 0x7F, 0x00, 0x0F, 0xD0, 0x00, 0xBF, 0x00, 0x0F, 0xC0, 0x00, 0xFE, 0x00, 0x07,
    0xE0, 0x07, 0xFD, 0x00, 0x01, 0xBF, 0xE6, 0xFC, 0x00, 0x00, 0x00, 0x02, 0xFC, 0x00, 0x00, 0x00,
    0x03, 0xF8, 0x00, 0x00, 0x00, 0x03, 0xF4, 0x00, 0x00, 0x00, 0x07, 0xF0, 0x00, 0x00, 0x00, 0x0B,
    0xF0, 0x00, 0x00, 0x00, 0x0F, 0xE0, 0x00, 0x00, 0x02, 0xFF, 0xFF, 0x00, 0x00, 0x00, 0x00, 0x00,
    0x00, 0x00, 0x02, 0xD0, 0xB4, 0x00, 0x0B, 0xF2, 0xFC, 0x00, 0x0F, 0xE2, 0xFC, 0x00, 0x07, 0x81,
    0xF0, 0x00, 0x00, 0x00, 0x00, 0x00, 0x00, 0x00, 0x00, 0x03, 0xE0, 0x00, 0x90, 0x0D, 0x7C, 0x03,
    0xF0, 0x2C, 0xBC, 0x03, 0xE0, 0x34, 0xF8, 0x07, 0xD0, 0x10, 0xF8, 0x0B, 0xC0, 0x00, 0xF8, 0x1F,
    0xC0, 0x00, 0x2F, 0xEF, 0x40, 0x00, 0x00, 0x1F, 0x0C, 0x00, 0x00, 0x2F, 0x1C, 0x00, 0x00, 0x1F,
    0x34, 0x00, 0x00, 0x0B, 0xE0, 0x00, 0x3F, 0xFF, 0xFF, 0xF0, 0x00, 0x3F, 0x40, 0x2F, 0x00, 0x03,
    0xF0, 0x00, 0xF0, 0x00, 0x7F, 0x00, 0x0E, 0x00, 0x0B, 0xE0, 0x00, 0xE0, 0x00, 0xFD, 0x00, 0x0D,
    0x00, 0x0F, 0xC0, 0x00, 0x00, 0x01, 0xFC, 0x00, 0x00, 0x00, 0x2F, 0x80, 0x00, 0x00, 0x03, 0xF4,
    0x00, 0x00, 0x00, 0x3F, 0x00, 0x00, 0x00, 0x07, 0xF0, 0x00, 0x00, 0x00, 0xBE, 0x00, 0x00, 0x00,
    0x0F, 0xD0, 0x00, 0x00, 0x00, 0xFC, 0x00, 0x00, 0x00, 0x1F, 0xC0, 0x00, 0x00, 0x7F, 0xFF, 0xF4,
    0x00, 0x00, 0x00, 0x1F, 0x40, 0x00, 0x00, 0x00, 0xB4, 0x00, 0x00, 0x00, 0x07, 0x00, 0x00, 0x00,
    0x00, 0x70, 0x00, 0x00, 0x00, 0x07, 0x00, 0x00, 0x01, 0xBF, 0x90, 0x2E, 0x07, 0xC1, 0xC0, 0x0F,
    0x40, 0x00, 0xBC, 0x00, 0x6F, 0xE0, 0x1F, 0xFD, 0x02, 0xFE, 0x40, 0x1F, 0x80, 0x00, 0xBC, 0x00,
    0xD1, 0xF4, 0x2F, 0x01, 0xBF, 0x9C, 0x00, 0x00, 0x34, 0x00, 0x00, 0xF0, 0x00, 0x0B, 0xC0, 0x00,
    0xBF, 0x00, 0x0A, 0x50, 0x00, 0x00, 0x00, 0x0B, 0x81, 0xF0, 0x00, 0x00, 0x00, 0x00, 0x07, 0xF0,
    0xFC, 0x00, 0x00, 0x00, 0x00, 0x02, 0xFC, 0x7F, 0x00, 0x00, 0x00, 0x00, 0x00, 0x3C, 0x0F, 0x40,
    0x00, 0x00, 0x00, 0x00, 0x00, 0x00, 0x00, 0x00, 0x00, 0x00, 0x00, 0x00, 0x00, 0x00, 0x00, 0x00,
    0x03, 0xFF, 0xFC, 0x00, 0x0B, 0xFF, 0xFC, 0x00, 0x0F, 0xD0, 0x00, 0x00, 0x1F, 0xC0, 0x00, 0x03,
    0xF0, 0x00, 0x00, 0x0B, 0xF0, 0x00, 0x01, 0xF8, 0x00, 0x00, 0x03, 0xF8, 0x00, 0x00, 0xBD, 0x00,
    0x00, 0x00, 0xFD, 0x00, 0x00, 0x3F, 0x00, 0x00, 0x00, 0x7F, 0x00, 0x00, 0x0F, 0xC0, 0x00, 0x00,
    0x2F, 0xC0, 0x00, 0x07, 0xFB, 0xFF, 0x90, 0x0F, 0xE0, 0x00, 0x02, 0xF8, 0x01, 0xFE, 0x03, 0xF4,
    0x00, 0x00, 0xFC, 0x00, 0x1F, 0xD1, 0xFC, 0x00, 0x00, 0x3F, 0x00, 0x03, 0xF8, 0xBF, 0x00, 0x00,
    0x1F, 0x80, 0x00, 0xFD, 0x3F, 0x80, 0x00, 0x0B, 0xD0, 0x00, 0x7F, 0x0F, 0xD0, 0x00, 0x03, 0xF0,
    0x00, 0x3F, 0xC7, 0xF0, 0x00, 0x00, 0xFC, 0x00, 0x1F, 0xC2, 0xFC, 0x00, 0x00, 0xBE, 0x00, 0x2F,
    0xC0, 0xFE, 0x00, 0x03, 0xFF, 0xFF, 0xFE, 0x4B, 0xFF, 0xFC, 0x00, 0x00, 0x00, 0x3C, 0x0F, 0x40,
    0x00, 0x03, 0xF8, 0xBF, 0x00, 0x00, 0x0F, 0xD3, 0xF8, 0x00, 0x00, 0x2E, 0x07, 0x80, 0x00, 0x00,
    0x00, 0x00, 0x00, 0x00, 0x00, 0x00, 0x00, 0x00, 0x2F, 0x40, 0x00, 0x2D, 0x03, 0x8F, 0x00, 0x00,
    0xF4, 0x2C, 0x7D, 0x00, 0x0B, 0xC0, 0xD2, 0xF0, 0x00, 0x3F, 0x00, 0x0F, 0xFF, 0x80, 0xF8, 0x00,
    0x7E, 0x07, 0xC7, 0xD0, 0x03, 0xF0, 0x1F, 0x6F, 0x00, 0x0F, 0x80, 0xBD, 0xFC, 0x70, 0x3D, 0x03,
    0xF3, 0xE3, 0x80, 0xF8, 0x2F, 0x0F, 0x9C, 0x00, 0xBF, 0xE0, 0x0B, 0xD0, 0x00, 0x00, 0x00, 0x00,
    0x00, 0x00, 0x00, 0xFF, 0xFF, 0x0F, 0xFF, 0xC0, 0x00, 0x2F, 0xD0, 0x07, 0xD0, 0x00, 0x00, 0x3F,
    0x80, 0x38, 0x00, 0x00, 0x00, 0xBF, 0x03, 0xC0, 0x00, 0x00, 0x01, 0xFD, 0x3C, 0x00, 0x00, 0x00,
    0x03, 0xFF, 0xC0, 0x00, 0x00, 0x00, 0x0B, 0xFC, 0x00, 0x00, 0x00, 0x00, 0x0F, 0xE0, 0x00, 0x00,
    0x00, 0x00, 0x3F, 0xC0, 0x00, 0x00, 0x00, 0x01, 0xFF, 0x40, 0x00, 0x00, 0x00, 0x1E, 0xFF, 0x00,
    0x00, 0x00, 0x01, 0xE2, 0xFC, 0x00, 0x00, 0x00, 0x0E, 0x03, 0xF8, 0x00, 0x00, 0x00, 0xE0, 0x0B,
    0xF0, 0x00, 0x00, 0x0F, 0x00, 0x1F, 0xD0, 0x00, 0x01, 0xF0, 0x00, 0x3F, 0xC0, 0x00, 0xFF, 0xF8,
    0x00, 0x7F, 0x00, 0x00, 0x00, 0x07, 0xC1, 0xFC, 0x00, 0x00, 0x00, 0x3F, 0x47, 0xF0, 0x00, 0x00,
    0x00, 0xFD, 0x3F, 0x40, 0x00, 0x00, 0x03, 0xE2, 0xF4, 0x00, 0x00, 0x00, 0x02, 0xFE, 0x00, 0x00,
    0x00, 0x02, 0xFE, 0x0B, 0xE0, 0x78, 0x1F, 0xD1, 0xE3, 0x40, 0x3E, 0x0F, 0xEC, 0x01, 0xF4, 0x3D,
    0x00, 0x0B, 0xC0, 0x00, 0x00, 0x3F, 0x00, 0x00, 0x00, 0xF8, 0x00, 0x1F, 0x07, 0xD0, 0x0E, 0xFC,
    0x3F, 0x00, 0xB3, 0xD2, 0xFD, 0x0B, 0x02, 0xF8, 0x2F, 0xF0, 0x00, 0x00, 0x00, 0xC0, 0x00, 0x00,
    0x03, 0x00, 0x00, 0x00, 0x14, 0x00, 0x24, 0x01, 0x80, 0x00, 0x2F, 0xF4, 0x00, 0x00, 0x00, 0x00,
    0x00, 0x00, 0x00, 0x00, 0xFF, 0xFF, 0x0F, 0xFF, 0xC0, 0x00, 0x2F, 0xD0, 0x07, 0x80, 0x00, 0x00,
    0x3F, 0x80, 0x78, 0x00, 0x00, 0x00, 0xBF, 0x07, 0x80, 0x00, 0x00, 0x00, 0xFE, 0x78, 0x00, 0x00,
    0x00, 0x03, 0xFF, 0x80, 0x00, 0x00, 0x00, 0x07, 0xF8, 0x00, 0x00, 0x00, 0xFF, 0xFF, 0xFF, 0xFF,
    0x40, 0x00, 0x00, 0x3F, 0xC0, 0x00, 0x00, 0x00, 0x02, 0xFF, 0x80, 0x00, 0x00, 0x00, 0x2D, 0xFF,
    0x00, 0x00, 0x00, 0x01, 0xD1, 0xFD, 0x00, 0x00, 0x00, 0x1E, 0x03, 0xF8, 0x00, 0x00, 0x01, 0xE0,
    0x0B, 0xF0, 0x00, 0x00, 0x0F, 0x00, 0x1F, 0xD0, 0x00, 0x01, 0xF0, 0x00, 0x3F, 0xC0, 0x00, 0xFF,
    0xF8, 0x0F, 0xFF, 0xF0, 0x00, 0x00, 0x00, 0x00, 0x00, 0x00, 0x00, 0x02, 0xFE, 0x0B, 0xE0, 0x78,
    0x1F, 0xD1, 0xF3, 0x40, 0x3E, 0x0F, 0xA8, 0x01, 0xF0, 0x14, 0x0F, 0xFF, 0xFF, 0xD0, 0x00, 0x3E,
    0x00, 0x00, 0x00, 0xF8, 0x00, 0x1F, 0x07, 0xD0, 0x0D, 0xFC, 0x2F, 0x00, 0x73, 0xD2, 0xFD, 0x0B,
    0x02, 0xF8, 0x2F, 0xE0, 0x00, 0x2A, 0xA9, 0xBF, 0xFD, 0x6A, 0xA8, 0x2A, 0xA9, 0xBF, 0xFD, 0x6A,
    0xA8, 0x15, 0x55, 0x55, 0x42, 0xAA, 0xAA, 0xA9, 0x7F, 0xFF, 0xFF, 0xE0, 0xBF, 0xFF, 0xFF, 0xFF,
    0xFF, 0xFF, 0xF8, 0x00, 0x00, 0x00, 0x00, 0x00, 0x00, 0x00, 0x00, 0x05, 0x08, 0x00, 0x0B, 0x1D,
    0x00, 0x0F, 0x2C, 0x00, 0x0F, 0x3C, 0x00, 0x1F, 0x3C, 0x00, 0x2F, 0x7C, 0x00, 0x3F, 0xBC, 0x00,
    0x3F, 0xFC, 0x00, 0x7E, 0xFC, 0x00, 0xBE, 0xF8, 0x00, 0xFE, 0xF4, 0x00, 0xFF, 0xF0, 0x01, 0xFB,
    0xF0, 0x02, 0xFB, 0xE0, 0x03, 0xFB, 0xD0, 0x03, 0xFF, 0xC0, 0x07, 0xEF, 0xC0, 0x0B, 0xEF, 0x80,
    0x0F, 0xEF, 0x40, 0x0F, 0xFF, 0x00, 0x1F, 0xBF, 0x00, 0x2F, 0xBE, 0x00, 0x3F, 0xBD, 0x00, 0x3F,
    0xFC, 0x00, 0x7E, 0xFC, 0x00, 0x7D, 0xF8, 0x00, 0x7C, 0xF4, 0x00, 0x7C, 0xF0, 0x00, 0x78, 0xF0,
    0x00, 0x74, 0xE0, 0x00, 0x70, 0xD0, 0x00, 0x00, 0x40, 0x00, 0x02, 0x82, 0x42, 0x41, 0x80, 0xBE,
    0x3F, 0xCF, 0xE1, 0xF0, 0x0B, 0x81, 0xFC, 0x2F, 0xD0, 0xFC, 0x00, 0xC0, 0x24, 0x06, 0x02, 0x80,
    0x20, 0x00, 0x0A, 0x0B, 0xE3, 0xFC, 0xBE, 0x02, 0x40, 0xC0, 0xC0, 0xD0, 0x90, 0x00, 0x0B, 0x8B,
    0xF7, 0xFA, 0xF8, 0xC0, 0x30, 0x09, 0x01, 0xC0, 0x20, 0x00, 0x00, 0x00, 0x00, 0x00, 0x34, 0x02,
    0x80, 0x34, 0x02, 0x80, 0x24, 0x01, 0x80, 0x1C, 0x00, 0xC0, 0x0A, 0x40, 0x65, 0x03, 0xFC, 0x2F,
    0xC0, 0xFF, 0x0B, 0xF0, 0x2F, 0x01, 0xF4, 0x00, 0x00, 0x00, 0x00, 0x0B, 0x80, 0x7C, 0x1F, 0xC0,
    0xFD, 0x2F, 0xC1, 0xFE, 0x0F, 0xC0, 0xFD, 0x00, 0x80, 0x0C, 0x03, 0x40, 0x18, 0x0A, 0x00, 0x30,
    0x28, 0x01, 0xC0, 0x60, 0x02, 0x00, 0x0F, 0x40, 0xB8, 0x3F, 0xC2, 0xFC, 0x3F, 0xC2, 0xFC, 0x2F,
    0x81, 0xFC, 0x02, 0x40, 0x18, 0x03, 0x00, 0x30, 0x0D, 0x00, 0xA0, 0x34, 0x02, 0x80, 0x90, 0x06,
    0x00, 0x0B, 0x40, 0x7C, 0x3F, 0xC1, 0xFC, 0x7F, 0x43, 0xFC, 0xBE, 0x07, 0xF0, 0xC0, 0x09, 0x00,
    0xC0, 0x09, 0x00, 0xD0, 0x06, 0x00, 0x70, 0x03, 0x00, 0x20, 0x01, 0x40, 0x00, 0x1F, 0x00, 0x02,
    0xF0, 0x00, 0x3D, 0x00, 0x03, 0x80, 0x1E, 0x36, 0xE3, 0xFF, 0xFF, 0x3E, 0x67, 0xD0, 0x0E, 0x00,
    0x01, 0xE0, 0x00, 0x3E, 0x00, 0x03, 0xE0, 0x00, 0x7D, 0x00, 0x0B, 0xC0, 0x00, 0xFC, 0x00, 0x0F,
    0x40, 0x00, 0xF0, 0x00, 0x1F, 0x00, 0x02, 0xE0, 0x00, 0x3C, 0x00, 0x03, 0xC0, 0x00, 0x38, 0x00,
    0x07, 0x00, 0x00, 0x00, 0x00, 0x00, 0x00, 0x00, 0xF0, 0x00, 0x00, 0xBC, 0x00, 0x00, 0x2D, 0x00,
    0x00, 0x0B, 0x00, 0x01, 0xF6, 0xAE, 0x00, 0xFF, 0xFF, 0xC0, 0x2E, 0x72, 0xD0, 0x00, 0x2C, 0x00,
    0x00, 0x1F, 0x00, 0x00, 0x0B, 0xC0, 0x00, 0x02, 0xD0, 0x00, 0x00, 0xF0, 0x00, 0x00, 0xBC, 0x00,
    0x00, 0x2E, 0x00, 0x00, 0x0B, 0x00, 0x00, 0xF6, 0xAF, 0x00, 0xBF, 0xFF, 0xC0, 0x1E, 0x72, 0xE0,
    0x00, 0x2C, 0x00, 0x00, 0x0F, 0x00, 0x00, 0x0B, 0xC0, 0x00, 0x01, 0xE0, 0x00, 0x00, 0x00, 0xBF,
    0xD0, 0x03, 0xFF, 0xF4, 0x0F, 0xFF, 0xFC, 0x2F, 0xFF, 0xFC, 0x3F, 0xFF, 0xFC, 0x7F, 0xFF, 0xFC,
    0x7F, 0xFF, 0xF8, 0x3F, 0xFF, 0xF0, 0x2F, 0xFF, 0xC0, 0x07, 0xFD, 0x00, 0x28, 0x00, 0x0A, 0x00,
    0x02, 0x8B, 0xE0, 0x03, 0xF8, 0x00, 0xFD, 0xFE, 0x00, 0x3F, 0x40, 0x0F, 0xDB, 0x80, 0x02, 0xE0,
    0x00, 0xB8, 0x00, 0x2F, 0xFF, 0x40, 0xBF, 0xFC, 0x00, 0x7F, 0xFF, 0x00, 0x3F, 0xFF, 0x80, 0x2F,
    0xFF, 0xD0, 0x0F, 0xFF, 0xF0, 0x03, 0xFF, 0xFC, 0x00, 0xFF, 0xFE, 0x00, 0x2F, 0xFF, 0x40, 0x02,
    0xFF, 0xC0, 0x00, 0x1F, 0xF0, 0x00, 0x00, 0x38, 0x00, 0x00, 0x0D, 0x00, 0x00, 0x07, 0x00, 0x00,
    0x02, 0xC0, 0x00, 0x00, 0xE0, 0x00, 0x00, 0x34, 0x00, 0x00, 0x1C, 0x00, 0x00, 0x0B, 0x00, 0x00,
    0x03, 0x80, 0x00, 0x0F, 0xFD, 0x00, 0x00, 0x00, 0x7F, 0x00, 0x00, 0x09, 0x00, 0x00, 0x02, 0xE2,
    0xD0, 0x00, 0x2E, 0x00, 0x00, 0x07, 0xC0, 0xF8, 0x02, 0xFD, 0x00, 0x00, 0x0F, 0x80, 0xD7, 0xFB,
    0xFC, 0x00, 0x00, 0x0F, 0x00, 0xC0, 0x0B, 0xF8, 0x00, 0x00, 0x1F, 0x01, 0xC0, 0x1F, 0xE0, 0x00,
    0x00, 0x2F, 0x03, 0x80, 0x7F, 0x80, 0x00, 0x00, 0x2E, 0x07, 0x01, 0xFE, 0x00, 0x00, 0x00, 0x0E,
    0x1D, 0x07, 0xF8, 0x00, 0x00, 0x00, 0x07, 0xF4, 0x1F, 0xF0, 0x00, 0x00, 0x00, 0x00, 0x00, 0x7F,
    0xDB, 0xD0, 0x07, 0xF4, 0x00, 0x01, 0xFF, 0x7C, 0x70, 0x1E, 0x1C, 0x00, 0x03, 0xFC, 0xF0, 0x34,
    0x3C, 0x0D, 0x00, 0x0F, 0xF2, 0xF0, 0x34, 0xF8, 0x0D, 0x00, 0x3F, 0xC3, 0xD0, 0x34, 0xF4, 0x0C,
    0x00, 0xFF, 0x03, 0xC0, 0x71, 0xF0, 0x1C, 0x03, 0xFC, 0x07, 0xC0, 0xB2, 0xF0, 0x38, 0x0F, 0xF0,
    0x03, 0xC0, 0xD1, 0xE0, 0x70, 0x3F, 0xC0, 0x03, 0xC3, 0x40, 0xF1, 0xD0, 0xBF, 0x40, 0x00, 0xBD,
    0x00, 0x7F, 0x40, 0x2D, 0x00, 0x00, 0x00, 0x00, 0x00, 0x00, 0x14, 0x00, 0x00, 0x00, 0x00, 0x00,
    0x00, 0x00, 0x7F, 0x00, 0x00, 0x09, 0x00, 0x00, 0x00, 0x00, 0x00, 0x0B, 0x8B, 0x40, 0x00, 0xB8,
    0x00, 0x00, 0x00, 0x00, 0x00, 0x7C, 0x0F, 0x80, 0x2F, 0xD0, 0x00, 0x00, 0x00, 0x00, 0x03, 0xE0,
    0x35, 0xFE, 0xFF, 0x00, 0x00, 0x00, 0x00, 0x00, 0x0F, 0x00, 0xC0, 0x0B, 0xF8, 0x00, 0x00, 0x00,
    0x00, 0x00, 0x7C, 0x07, 0x00, 0x7F, 0x80, 0x00, 0x00, 0x00, 0x00, 0x02, 0xF0, 0x38, 0x07, 0xF8,
    0x00, 0x00, 0x00, 0x00, 0x00, 0x0B, 0x81, 0xC0, 0x7F, 0x80, 0x00, 0x00, 0x00, 0x00, 0x00, 0x0E,
    0x1D, 0x07, 0xF8, 0x00, 0x00, 0x00, 0x00, 0x00, 0x00, 0x1F, 0xD0, 0x7F, 0xC0, 0x00, 0x00, 0x00,
    0x00, 0x00, 0x00, 0x00, 0x07, 0xFD, 0xBD, 0x00, 0x1F, 0xD0, 0x01, 0xFC, 0x00, 0x00, 0x7F, 0xDF,
    0x1C, 0x01, 0xE1, 0xC0, 0x2E, 0x2C, 0x00, 0x03, 0xFC, 0xF0, 0x34, 0x1F, 0x03, 0x01, 0xF0, 0x70,
    0x00, 0x3F, 0xCB, 0xC0, 0xD0, 0xF8, 0x0D, 0x0F, 0x41, 0xC0, 0x03, 0xFC, 0x3D, 0x03, 0x43, 0xD0,
    0x70, 0x7C, 0x0B, 0x00, 0x3F, 0xC0, 0xF0, 0x1C, 0x1F, 0x02, 0xC2, 0xF0, 0x38, 0x03, 0xFC, 0x07,
    0xC0, 0xB0, 0xBC, 0x0E, 0x0B, 0x80, 0xD0, 0x3F, 0xC0, 0x0F, 0x03, 0x41, 0xE0, 0x70, 0x2D, 0x0B,
    0x03, 0xFC, 0x00, 0x3C, 0x34, 0x03, 0xC7, 0x40, 0x78, 0xB0, 0x2F, 0xD0, 0x00, 0x2F, 0x40, 0x07,
    0xF4, 0x00, 0x7E, 0x00, 0x2D, 0x00, 0x00, 0x00, 0x00, 0x00, 0x00, 0x00, 0x00, 0x00, 0x50, 0x00,
    0x00, 0x00, 0x00, 0x00, 0x00, 0x00, 0x00, 0x00, 0x00, 0x04, 0x00, 0x1C, 0x00, 0x74, 0x01, 0xD0,
    0x0B, 0x80, 0x3E, 0x00, 0xBC, 0x00, 0x2E, 0x00, 0x0B, 0x00, 0x03, 0x40, 0x02, 0x40, 0x01, 0x80,
    0x01, 0x40, 0x01, 0xC0, 0x00, 0xD0, 0x00, 0xF0, 0x00, 0x78, 0x00, 0x3D, 0x00, 0x3E, 0x00, 0xF4,
    0x03, 0xC0, 0x0E, 0x00, 0x2C, 0x00, 0x30, 0x00, 0x01, 0xC0, 0x7C, 0x07, 0x40, 0x38, 0x3F, 0x4B,
    0x80, 0x07, 0x4B, 0x8F, 0x80, 0x00, 0xB0, 0x0F, 0x40, 0x00, 0x0F, 0x1F, 0x00, 0x01, 0xE0, 0xFE,
    0x2E, 0x00, 0xFC, 0x3E, 0x0F, 0xC0, 0x2D, 0x3F, 0xC3, 0xD0, 0x00, 0x7C, 0x3C, 0x00, 0x00, 0xBF,
    0xE3, 0x80, 0x00, 0xF9, 0xFC, 0x74, 0x00, 0xF4, 0x3D, 0x0B, 0x00, 0x00, 0x00, 0x00, 0x00, 0x00,
    0x00, 0x06, 0x40, 0x00, 0x1F, 0xC0, 0x01, 0xFF, 0xE0, 0x1E, 0x7F, 0x5C, 0x3C, 0x3F, 0x0D, 0xBD,
    0x3E, 0x3D, 0x78, 0x7F, 0xFC, 0x00, 0x7F, 0xE0, 0x01, 0xFF, 0x40, 0x03, 0xF4, 0x00, 0x07, 0xFB,
    0x00, 0x01, 0x94, 0x00, 0x00, 0x00, 0x00, 0x07, 0xC0, 0x00, 0x0F, 0xD0, 0x00, 0x0F, 0xD0, 0x00,
    0x0B, 0x80, 0x00, 0x20, 0x00, 0x08, 0x34, 0x00, 0x34, 0x1D, 0x01, 0xD0, 0x07, 0xFD, 0x00, 0x06,
    0xFF, 0xE0, 0x39, 0x00, 0x7C, 0xE0, 0x00, 0x0C, 0x00, 0x00, 0x00, 0x00, 0x80, 0x00, 0x00, 0x00,
    0xF0, 0x00, 0x00, 0x00, 0xBC, 0x00, 0x00, 0x00, 0x3F, 0x00, 0x00, 0x00, 0x3F, 0x80, 0x00, 0x00,
    0x1F, 0xC0, 0x00, 0x00, 0x0F, 0xD0, 0x00, 0x00, 0x0B, 0xF0, 0x00, 0x00, 0x07, 0xF0, 0x00, 0x00,
    0x03, 0xF8, 0x00, 0x00, 0x02, 0xFC, 0x00, 0x00, 0x00, 0xFD, 0x00, 0x00, 0x00, 0xFE, 0x00, 0x00,
    0x00, 0x7F, 0x00, 0x00, 0x00, 0x3F, 0x40, 0x00, 0x00, 0x2F, 0xC0, 0x00, 0x00, 0x1F, 0xC0, 0x00,
    0x00, 0x0F, 0xE0, 0x00, 0x00, 0x0B, 0xF0, 0x00, 0x00, 0x03, 0xF4, 0x00, 0x00, 0x03, 0xF8, 0x00,
    0x00, 0x01, 0xFC, 0x00, 0x00, 0x00, 0xFD, 0x00, 0x00, 0x00, 0xBF, 0x00, 0x00, 0x00, 0x3F, 0x00,
    0x00, 0x00, 0x0F, 0x80, 0x00, 0x00, 0x03, 0xC0, 0x00, 0x00, 0x00, 0xD0, 0x00, 0x00, 0x00, 0x00,
    0x00, 0x1F, 0x00, 0x00, 0x38, 0x00, 0x00, 0x28, 0x00, 0x00, 0x1C, 0x00, 0x00, 0x0A, 0x00, 0x00,
    0x03, 0x40, 0x00, 0x01, 0xC0, 0x00, 0x00, 0xB0, 0x00, 0x00, 0x28, 0x00, 0x00, 0x0D, 0x00, 0x00,
    0x1F, 0x40, 0x00, 0x02, 0xF4, 0x00, 0x00, 0x2F, 0xC0, 0x00, 0x0E, 0x00, 0x00, 0x0E, 0x00, 0x00,
    0x0B, 0x00, 0x00, 0x03, 0x80, 0x00, 0x01, 0xD0, 0x00, 0x00, 0xB0, 0x00, 0x00, 0x2C, 0x00, 0x00,
    0x0E, 0x00, 0x00, 0x03, 0x40, 0x00, 0x00, 0xD0, 0x00, 0x01, 0x38, 0x00, 0x00, 0x67, 0xF0, 0x00,
    0x14, 0x00, 0x00, 0x04, 0x00, 0x00, 0x00, 0x00, 0x00, 0x00, 0x00, 0x00, 0x00, 0x00, 0x00, 0x00,
    0x00, 0x00, 0x0F, 0xE1, 0x00, 0x00, 0xFD, 0x00, 0x00, 0x3C, 0x00, 0x00, 0x38, 0x00, 0x00, 0x74,
    0x00, 0x00, 0xB0, 0x00, 0x00, 0xF0, 0x00, 0x00, 0xF0, 0x00, 0x01, 0xE0, 0x00, 0x02, 0xC0, 0x00,
    0x03, 0x80, 0x00, 0x1E, 0x00, 0x03, 0xF8, 0x00, 0x00, 0x7F, 0x00, 0x00, 0x1F, 0x40, 0x00, 0x0F,
    0x40, 0x00, 0x1E, 0x00, 0x00, 0x2C, 0x00, 0x00, 0x3C, 0x00, 0x00, 0x38, 0x00, 0x00, 0x74, 0x00,
    0x00, 0xB0, 0x00, 0x00, 0xD0, 0x00, 0x07, 0x40, 0x00, 0xF8, 0x00, 0x00, 0x00, 0x00, 0x00, 0x18,
    0x00, 0x1F, 0x00, 0xF0, 0x01, 0xFE, 0x0F, 0xC0, 0x0B, 0xF8, 0xBF, 0x00, 0x0F, 0x87, 0xF4, 0x00,
    0x00, 0x3F, 0x80, 0x00, 0x03, 0xFC, 0x00, 0x00, 0x2F, 0xC0, 0x00, 0x01, 0xFD, 0x00, 0x00, 0x0F,
    0xE0, 0x00, 0x00, 0xFF, 0x00, 0x00, 0x0B, 0xF0, 0x00, 0x00, 0x7F, 0x40, 0x00, 0x03, 0xF8, 0x00,
    0x00, 0x3F, 0xFD, 0x00, 0x02, 0xFF, 0xFC, 0x00, 0x1F, 0xEF, 0xF0, 0x01, 0xFE, 0x2E, 0x00, 0x02,
    0xF0, 0x00, 0x00, 0x03, 0x00, 0x00, 0x00, 0x04, 0x00, 0x00, 0x00, 0x01, 0xFF, 0x40, 0x74, 0x07,
    0x47, 0x00, 0x07, 0x20, 0x00, 0x08, 0x00, 0x00, 0x00, 0x00, 0x00, 0x00, 0x00, 0x00, 0x00, 0x00,
    0x0A, 0x00, 0x00, 0x00, 0x1B, 0xFF, 0x42, 0x80, 0x07, 0xF5, 0xC7, 0xBD, 0x00, 0xBE, 0x07, 0x03,
    0xF0, 0x0B, 0xD0, 0x28, 0x0B, 0xC0, 0xBE, 0x00, 0xD0, 0x1E, 0x07, 0xF0, 0x03, 0x00, 0x74, 0x3F,
    0x80, 0x1C, 0x01, 0xC1, 0xFD, 0x00, 0xA0, 0x00, 0x0B, 0xF0, 0x03, 0x40, 0x00, 0x3F, 0xC0, 0x0C,
    0x00, 0x00, 0xFE, 0x00, 0x70, 0x00, 0x03, 0xF4, 0x02, 0x80, 0x28, 0x0F, 0xD0, 0x0D, 0x00, 0xD0,
    0x2F, 0x80, 0x30, 0x0F, 0x00, 0x3F, 0x01, 0xC0, 0xB0, 0x00, 0x7F, 0x49, 0x0F, 0x00, 0x00, 0x2F,
    0xFF, 0xD0, 0x00, 0x00, 0x06, 0xD0, 0x00, 0x00, 0x00, 0x00, 0x00, 0x00, 0x00, 0x00, 0x00, 0x00,
    0x00, 0x00, 0x00, 0x00, 0x67, 0xE0, 0x00, 0x00, 0x04, 0x02, 0xC0, 0x00, 0x03, 0x40, 0x0D, 0x00,
    0x00, 0x70, 0x02, 0xE0, 0x00, 0x0F, 0x00, 0x7D, 0x00, 0x00, 0xF0, 0x07, 0x80, 0x00, 0x1F, 0x00,
    0x00, 0x00, 0x02, 0xF0, 0x00, 0x00, 0x02, 0xFF, 0xF4, 0x00, 0x00, 0x03, 0xE0, 0x00, 0x00, 0x00,
    0x7D, 0x00, 0x00, 0x00, 0x0B, 0x80, 0x00, 0x00, 0x0B, 0xFB, 0xD0, 0x00, 0x00, 0x0F, 0x00, 0x00,
    0x00, 0x01, 0xF0, 0x00, 0x60, 0x1B, 0xFF, 0x40, 0x0E, 0x07, 0x4F, 0xFF, 0x42, 0x80, 0x3F, 0x91,
    0xFF, 0xD0, 0x00, 0x00, 0x3F, 0xFD, 0x00, 0x1F, 0xFF, 0x00, 0x00, 0xBF, 0xC0, 0x00, 0x7E, 0x00,
    0x00, 0x3F, 0xF8, 0x00, 0x1F, 0x00, 0x00, 0x0F, 0xFF, 0x00, 0x0B, 0x80, 0x00, 0x07, 0x0F, 0xE0,
    0x03, 0xD0, 0x00, 0xFF, 0xFF, 0xFF, 0xFF, 0xFF, 0x40, 0x00, 0xE0, 0x3F, 0xC0, 0xB1, 0x00, 0x00,
    0x78, 0x07, 0xF4, 0x3C, 0x00, 0x00, 0x2E, 0x00, 0xBF, 0x0F, 0x00, 0x00, 0x0F, 0x00, 0x0F, 0xE7,
    0xC0, 0x01, 0xFF, 0xFF, 0xFF, 0xFF, 0xFF, 0x00, 0x01, 0xD0, 0x00, 0x3F, 0xF0, 0x00, 0x00, 0xB0,
    0x00, 0x0B, 0xF8, 0x00, 0x00, 0x3C, 0x00, 0x01, 0xFE, 0x00, 0x00, 0x1F, 0x00, 0x00, 0x3F, 0x80,
    0x00, 0xFF, 0xC0, 0x00, 0x07, 0xD0, 0x00, 0x00, 0x0E, 0x00, 0x00, 0x14, 0x00, 0x00, 0x07, 0xC0,
    0x00, 0x00, 0x00, 0x00, 0x01, 0xF0, 0x00, 0x00, 0x00, 0x00, 0x00, 0x50, 0x00, 0x00, 0x00, 0x00,
    0x07, 0xFF, 0xF4, 0xFF, 0xFE, 0x07, 0xFF, 0x80, 0x2F, 0xC0, 0x03, 0xF4, 0x00, 0x2D, 0x00, 0x07,
    0xF0, 0x00, 0xFD, 0x00, 0x0F, 0x00, 0x01, 0xFC, 0x00, 0xBF, 0x80, 0x0B, 0x40, 0x00, 0x3F, 0x00,
    0x3F, 0xE0, 0x07, 0xC0, 0x01, 0xFF, 0xFF, 0xFF, 0xFF, 0xFF, 0xFC, 0x00, 0x03, 0xF4, 0x0E, 0xBF,
    0x01, 0xC0, 0x00, 0x00, 0xFE, 0x07, 0x2F, 0xC0, 0xD0, 0x00, 0x00, 0x3F, 0x83, 0x47, 0xF0, 0xB0,
    0x00, 0x00, 0x0F, 0xE2, 0xC1, 0xFC, 0x34, 0x00, 0x00, 0x02, 0xFC, 0xD0, 0x7F, 0x2C, 0x00, 0x00,
    0xFF, 0xFF, 0xFF, 0xFF, 0xFF, 0xFE, 0x00, 0x00, 0x2F, 0xF4, 0x03, 0xFE, 0x00, 0x00, 0x00, 0x07,
    0xF8, 0x00, 0xFF, 0x00, 0x00, 0x00, 0x01, 0xFC, 0x00, 0x3F, 0x80, 0x00, 0x00, 0x00, 0x3D, 0x00,
    0x0F, 0xC0, 0x00, 0x00, 0x00, 0x0E, 0x00, 0x02, 0xE0, 0x00, 0x00, 0x00, 0x00, 0x00, 0x00, 0x00,
    0x00, 0x00, 0x00, 0x00, 0x00, 0x00, 0x00, 0x00, 0x00, 0x00, 0x00, 0x00, 0x00, 0x01, 0x00, 0x00,
    0x00, 0x04, 0x00, 0x00, 0x00, 0x10, 0x00, 0x00, 0x00, 0x40, 0x00, 0x00, 0x02, 0x00, 0x00, 0x03,
    0xF4, 0x00, 0x00, 0x03, 0xD0, 0x00, 0x00, 0x0F, 0x40, 0x00, 0x00, 0x3D, 0x00, 0x00, 0x3F, 0xFD,
    0x00, 0x00, 0x0B, 0x80, 0x00, 0x00, 0x3C, 0x00, 0x02, 0xF9, 0xD0, 0x00, 0x7C, 0x2E, 0x00, 0x07,
    0xC0, 0x34, 0x00, 0x3E, 0x00, 0xD0, 0x02, 0xF4, 0x07, 0x00, 0x0F, 0xC0, 0x2C, 0x00, 0x7E, 0x00,
    0xF0, 0x01, 0xF4, 0x03, 0xC0, 0x07, 0xD0, 0x1F, 0x0D, 0x0F, 0x40, 0xBC, 0x30, 0x2E, 0x0B, 0xF6,
    0x80, 0x1F, 0xE1, 0xF8, 0x0B, 0xFF, 0xFF, 0xC0, 0x00, 0x00, 0x00, 0x00, 0x1B, 0xFE, 0x40, 0x00,
    0x00, 0x03, 0xFF, 0xFF, 0xC0, 0x00, 0x00, 0x7F, 0xFF, 0xFF, 0x00, 0x00, 0x0B, 0xFD, 0x00, 0x74,
    0x00, 0x00, 0x7F, 0x40, 0x00, 0x00, 0x00, 0x03, 0xF0, 0x00, 0x00, 0x00, 0xFF, 0xFF, 0xFF, 0xFF,
    0xD0, 0x00, 0x01, 0xF8, 0x00, 0x00, 0x00, 0x00, 0x07, 0xD0, 0x00, 0x00, 0x00, 0x00, 0x2F, 0x40,
    0x00, 0x00, 0x02, 0xFF, 0xFF, 0xFF, 0xFD, 0x00, 0x00, 0x02, 0xF8, 0x00, 0x00, 0x00, 0x00, 0x07,
    0xFD, 0x00, 0x5B, 0x00, 0x00, 0x0B, 0xFF, 0xFF, 0xF8, 0x00, 0x00, 0x0B, 0xFF, 0xFF, 0x80, 0x00,
    0x00, 0x06, 0xFF, 0x90, 0x00, 0x00, 0x00, 0x02, 0x80, 0x00, 0x00, 0x06, 0xFF, 0x90, 0xA0, 0x01,
    0xFD, 0x71, 0xFF, 0x40, 0x2F, 0x81, 0xC0, 0xFC, 0x03, 0xF4, 0x0A, 0x02, 0xF0, 0x2F, 0x80, 0x34,
    0x07, 0x81, 0xFC, 0x00, 0xC0, 0x1D, 0x0F, 0xE0, 0x07, 0x00, 0x70, 0x7F, 0x40, 0x28, 0x00, 0x02,
    0xFC, 0x00, 0xD0, 0x00, 0x0F, 0xF0, 0x03, 0x00, 0x00, 0x3F, 0x80, 0x1F, 0xFF, 0xF8, 0xFD, 0x00,
    0xA0, 0xFE, 0x02, 0xF4, 0x03, 0x43, 0xF4, 0x07, 0xE0, 0x0C, 0x0F, 0xC0, 0x0F, 0xC0, 0x70, 0xBF,
    0x00, 0x0F, 0xD2, 0x47, 0xFC, 0x00, 0x07, 0xFF, 0xF4, 0x90, 0x00, 0x00, 0x74, 0x00, 0x00, 0x00,
    0x00, 0x00, 0x00, 0x01, 0x40, 0x00, 0x00, 0x00, 0x00, 0x1F, 0x40, 0x00, 0x00, 0x00, 0x01, 0xFE,
    0x00, 0x00, 0x00, 0x00, 0x0F, 0xFC, 0x00, 0x00, 0x00, 0x00, 0xEF, 0xF4, 0x00, 0x00, 0x00, 0x0E,
    0x1F, 0xE0, 0x00, 0x00, 0x00, 0xB0, 0x3F, 0xC0, 0x00, 0x00, 0x0B, 0x00, 0xBF, 0x40, 0x00, 0x00,
    0x70, 0x01, 0xFE, 0x00, 0x00, 0x03, 0x40, 0x03, 0xFC, 0x00, 0x00, 0x38, 0x00, 0x0B, 0xF4, 0x00,
    0x03, 0x80, 0x00, 0x1F, 0xF0, 0x00, 0x2C, 0x00, 0x00, 0x3F, 0xC0, 0x02, 0xC0, 0x00, 0x00, 0xBF,
    0x40, 0x1C, 0x00, 0x00, 0x01, 0xFF, 0x01, 0xFF, 0xFF, 0xFF, 0xFF, 0xFC, 0x0F, 0xFF, 0xFF, 0xFF,
    0xFF, 0xF8, 0xFF, 0xFF, 0xFF, 0xFF, 0xFF, 0xF0, 0x00, 0x00, 0x00, 0x00, 0x00, 0x00, 0x00, 0x04,
    0x00, 0x00, 0x00, 0x00, 0xC0, 0x00, 0x00, 0x00, 0x2D, 0x00, 0x00, 0x00, 0x03, 0xFF, 0xC0, 0x00,
    0x00, 0xBF, 0x00, 0x00, 0x00, 0x0F, 0xD0, 0x00, 0x00, 0x02, 0xF8, 0x00, 0x00, 0x00, 0x3F, 0x00,
    0x00, 0x00, 0x0F, 0xE0, 0x00, 0x01, 0x41, 0xFC, 0x00, 0x00, 0x74, 0x3F, 0x80, 0x00, 0x1F, 0x47,
    0xF0, 0x00, 0x07, 0xB4, 0xFD, 0x00, 0x00, 0x8B, 0x5F, 0xC0, 0x00, 0x00, 0xBB, 0xF4, 0x00, 0x00,
    0x0B, 0xFF, 0x00, 0x00, 0x00, 0xBF, 0xD0, 0x00, 0x00, 0x0B, 0xFC, 0x00, 0x00, 0x00, 0xBF, 0x40,
    0x00, 0x00, 0x0B, 0xE0, 0x00, 0x00, 0x00, 0xBC, 0x00, 0x00, 0x00, 0x0B, 0x80, 0x00, 0x00, 0x00,
    0xB0, 0x00, 0x00, 0x00, 0x0A, 0x00, 0x00, 0x00, 0x00,
};

static const EpdGlyph cmu_12_bolditalicGlyphs[] = {
    { 0, 0, 8, 0, 0, 0, 0 }, // 
    { 0, 0, 10, 0, 0, 0, 0 }, //  
    { 8, 18, 10, 3, 18, 36, 0 }, // !
    { 10, 10, 15, 6, 17, 25, 36 }, // "
    { 21, 21, 24, 3, 17, 111, 61 }, // #
    { 13, 21, 15, 3, 19, 69, 172 }, // $
    { 20, 20, 24, 4, 19, 100, 241 }, // %
    { 20, 18, 22, 3, 18, 90, 341 }, // &
    { 4, 10, 9, 6, 17, 10, 431 }, // '
    { 11, 26, 12, 4, 19, 72, 441 }, // (
    { 11, 26, 12, 0, 19, 72, 513 }, // )
    { 12, 12, 15, 5, 19, 36, 585 }, // *
    { 19, 17, 22, 3, 15, 81, 621 }, // +
    { 5, 9, 9, 2, 4, 12, 702 }, // ,
    { 8, 3, 10, 2, 7, 6, 714 }, // -
    { 4, 4, 9, 3, 4, 4, 720 }, // .
    { 18, 26, 15, 0, 19, 117, 724 }, // /
    { 14, 18, 15, 2, 17, 63, 841 }, // 0
    { 10, 17, 15, 3, 17, 43, 904 }, // 1
    { 14, 17, 15, 2, 17, 60, 947 }, // 2
    { 14, 17, 15, 2, 17, 60, 1007 }, // 3
    { 13, 22, 15, 1, 17, 72, 1067 }, // 4
    { 14, 17, 15, 2, 17, 60, 1139 }, // 5
    { 13, 17, 15, 3, 17, 56, 1199 }, // 6
    { 15, 18, 15, 3, 18, 68, 1255 }, // 7
    { 14, 17, 15, 2, 17, 60, 1323 }, // 8
    { 13, 17, 15, 3, 17, 56, 1383 }, // 9
    { 6, 11, 9, 3, 11, 17, 1439 }, // :
    { 7, 16, 9, 2, 11, 28, 1456 }, // ;
    { 19, 16, 22, 4, 14, 76, 1484 }, // <
    { 20, 7, 22, 3, 10, 35, 1560 }, // =
    { 19, 17, 22, 2, 15, 81, 1595 }, // >
    { 11, 18, 15, 5, 18, 50, 1676 }, // ?
    { 19, 17, 22, 4, 17, 81, 1726 }, // @
    { 20, 17, 22, 1, 17, 85, 1807 }, // A
    { 20, 17, 20, 1, 17, 85, 1892 }, // B
    { 19, 17, 21, 4, 17, 81, 1977 }, // C
    { 22, 17, 22, 1, 17, 94, 2058 }, // D
    { 20, 17, 19, 1, 17, 85, 2152 }, // E
    { 19, 18, 18, 1, 18, 86, 2237 }, // F
    { 19, 17, 22, 4, 17, 81, 2323 }, // G
    { 25, 18, 22, 1, 18, 113, 2404 }, // H
    { 14, 17, 12, 1, 17, 60, 2517 }, // I
    { 17, 18, 15, 1, 18, 77, 2577 }, // J
    { 24, 17, 22, 1, 17, 102, 2654 }, // K
    { 17, 17, 17, 1, 17, 73, 2756 }, // L
    { 29, 17, 27, 1, 17, 124, 2829 }, // M
    { 25, 17, 22, 1, 17, 107, 2953 }, // N
    { 19, 17, 21, 3, 17, 81, 3060 }, // O
    { 20, 18, 20, 1, 17, 90, 3141 }, // P
    { 19, 22, 21, 3, 17, 105, 3231 }, // Q
    { 21, 17, 21, 1, 17, 90, 3336 }, // R
    { 16, 17, 16, 2, 17, 68, 3426 }, // S
    { 18, 17, 20, 4, 17, 77, 3494 }, // T
    { 20, 18, 22, 5, 18, 90, 3571 }, // U
    { 20, 18, 22, 5, 18, 90, 3661 }, // V
    { 27, 17, 29, 5, 17, 115, 3751 }, // W
    { 23, 17, 22, 1, 17, 98, 3866 }, // X
    { 20, 17, 22, 5, 17, 85, 3964 }, // Y
    { 18, 17, 18, 2, 17, 77, 4049 }, // Z
    { 12, 25, 9, 1, 19, 75, 4126 }, // [
    { 6, 27, 15, 6, 20, 41, 4201 }, // <backslash>
    { 12, 25, 9, -1, 19, 75, 4242 }, // ]
    { 12, 5, 18, 6, 16, 15, 4317 }, // ^
    { 17, 1, 22, 1, -7, 5, 4332 }, // _
    { 6, 4, 15, 7, 17, 6, 4337 }, // `
    { 14, 11, 15, 2, 11, 39, 4343 }, // a
    { 12, 18, 13, 2, 18, 54, 4382 }, // b
    { 12, 11, 13, 2, 11, 33, 4436 }, // c
    { 14, 17, 15, 2, 17, 60, 4469 }, // d
    { 12, 11, 13, 2, 11, 33, 4529 }, // e
    { 15, 22, 10, -1, 17, 83, 4562 }, // f
    { 14, 16, 13, 1, 11, 56, 4645 }, // g
    { 15, 17, 15, 1, 17, 64, 4701 }, // h
    { 9, 17, 9, 1, 17, 39, 4765 }, // i
    { 12, 22, 9, -1, 17, 66, 4804 }, // j
    { 14, 17, 13, 1, 17, 60, 4870 }, // k
    { 7, 18, 7, 2, 18, 32, 4930 }, // l
    { 24, 11, 24, 1, 11, 66, 4962 }, // m
    { 17, 12, 16, 1, 12, 51, 5028 }, // n
    { 13, 11, 15, 2, 11, 36, 5079 }, // o
    { 15, 17, 15, 0, 12, 64, 5115 }, // p
    { 13, 16, 13, 2, 11, 52, 5179 }, // q
    { 13, 12, 13, 1, 12, 39, 5231 }, // r
    { 11, 11, 12, 2, 11, 31, 5270 }, // s
    { 9, 16, 10, 2, 16, 36, 5301 }, // t
    { 16, 11, 15, 1, 11, 44, 5337 }, // u
    { 13, 11, 13, 1, 11, 36, 5381 }, // v
    { 19, 11, 19, 1, 11, 53, 5417 }, // w
    { 15, 11, 14, 1, 11, 42, 5470 }, // x
    { 14, 16, 14, 1, 11, 56, 5512 }, // y
    { 13, 13, 12, 1, 13, 43, 5568 }, // z
    { 13, 25, 15, 4, 19, 82, 5611 }, // {
    { 8, 26, 9, 2, 19, 52, 5693 }, // |
    { 13, 25, 15, 1, 19, 82, 5745 }, // }
    { 13, 3, 18, 6, 17, 10, 5827 }, // ~
    { 0, 0, 10, 0, 0, 0, 5837 }, //  
    { 8, 19, 10, 2, 13, 38, 5837 }, // ¡
    { 14, 17, 15, 2, 14, 60, 5875 }, // ¢
    { 18, 18, 22, 2, 18, 81, 5935 }, // £
    { 22, 17, 22, 3, 17, 94, 6016 }, // ¥
    { 13, 22, 14, 2, 17, 72, 6110 }, // §
    { 10, 4, 15, 6, 17, 10, 6182 }, // ¨
    { 28, 26, 31, 3, 19, 182, 6192 }, // ©
    { 14, 12, 13, 1, 19, 42, 6374 }, // ª
    { 12, 12, 16, 5, 12, 36, 6416 }, // «
    { 16, 7, 19, 4, 9, 28, 6452 }, // ¬
    { 8, 3, 10, 2, 7, 6, 6480 }, // ­
    { 28, 26, 31, 3, 19, 182, 6486 }, // ®
    { 11, 1, 15, 6, 17, 3, 6668 }, // ¯
    { 7, 6, 10, 5, 17, 11, 6671 }, // °
    { 20, 17, 22, 2, 17, 85, 6682 }, // ±
    { 7, 3, 15, 9, 17, 6, 6767 }, // ´
    { 16, 18, 15, 0, 12, 72, 6773 }, // µ
    { 17, 22, 18, 4, 17, 94, 6845 }, // ¶
    { 5, 4, 8, 3, 8, 5, 6939 }, // ·
    { 8, 6, 13, 2, 1, 12, 6944 }, // ¸
    { 13, 12, 13, 1, 19, 39, 6956 }, // º
    { 13, 12, 16, 2, 12, 39, 6995 }, // »
    { 11, 18, 15, 2, 13, 50, 7034 }, // ¿
    { 20, 23, 22, 1, 23, 115, 7084 }, // À
    { 20, 22, 22, 1, 22, 110, 7199 }, // Á
    { 20, 23, 22, 1, 23, 115, 7309 }, // Â
    { 21, 22, 22, 1, 22, 116, 7424 }, // Ã
    { 20, 23, 22, 1, 23, 115, 7540 }, // Ä
    { 20, 23, 22, 1, 23, 115, 7655 }, // Å
    { 26, 17, 26, 1, 17, 111, 7770 }, // Æ
    { 19, 22, 21, 4, 17, 105, 7881 }, // Ç
    { 20, 23, 19, 1, 23, 115, 7986 }, // È
    { 20, 22, 19, 1, 22, 110, 8101 }, // É
    { 20, 23, 19, 1, 23, 115, 8211 }, // Ê
    { 20, 23, 19, 1, 23, 115, 8326 }, // Ë
    { 14, 23, 12, 1, 23, 81, 8441 }, // Ì
    { 14, 22, 12, 1, 22, 77, 8522 }, // Í
    { 14, 23, 12, 1, 23, 81, 8599 }, // Î
    { 15, 23, 12, 1, 23, 87, 8680 }, // Ï
    { 22, 17, 22, 1, 17, 94, 8767 }, // Ð
    { 25, 22, 22, 1, 22, 138, 8861 }, // Ñ
    { 19, 23, 21, 3, 23, 110, 8999 }, // Ò
    { 19, 22, 21, 3, 22, 105, 9109 }, // Ó
    { 19, 23, 21, 3, 23, 110, 9214 }, // Ô
    { 19, 22, 21, 3, 22, 105, 9324 }, // Õ
    { 19, 24, 21, 3, 24, 114, 9429 }, // Ö
    { 20, 21, 22, 3, 19, 105, 9543 }, // Ø
    { 20, 23, 22, 5, 23, 115, 9648 }, // Ù
    { 20, 22, 22, 5, 22, 110, 9763 }, // Ú
    { 20, 23, 22, 5, 23, 115, 9873 }, // Û
    { 20, 23, 22, 5, 23, 115, 9988 }, // Ü
    { 20, 22, 22, 5, 22, 110, 10103 }, // Ý
    { 18, 17, 18, 1, 17, 77, 10213 }, // Þ
    { 19, 22, 17, -1, 17, 105, 10290 }, // ß
    { 14, 17, 15, 2, 17, 60, 10395 }, // à
    { 14, 17, 15, 2, 17, 60, 10455 }, // á
    { 14, 16, 15, 2, 16, 56, 10515 }, // â
    { 14, 16, 15, 2, 16, 56, 10571 }, // ã
    { 14, 17, 15, 2, 17, 60, 10627 }, // ä
    { 14, 17, 15, 2, 17, 60, 10687 }, // å
    { 19, 11, 21, 2, 11, 53, 10747 }, // æ
    { 12, 16, 13, 2, 11, 48, 10800 }, // ç
    { 12, 17, 13, 2, 17, 51, 10848 }, // è
    { 13, 17, 13, 2, 17, 56, 10899 }, // é
    { 12, 16, 13, 2, 16, 48, 10955 }, // ê
    { 13, 17, 13, 2, 17, 56, 11003 }, // ë
    { 9, 17, 9, 1, 17, 39, 11059 }, // ì
    { 12, 17, 9, 1, 17, 51, 11098 }, // í
    { 10, 16, 9, 1, 16, 40, 11149 }, // î
    { 12, 17, 9, 1, 17, 51, 11189 }, // ï
    { 14, 18, 15, 2, 18, 63, 11240 }, // ð
    { 17, 16, 16, 1, 16, 68, 11303 }, // ñ
    { 13, 17, 15, 2, 17, 56, 11371 }, // ò
    { 14, 17, 15, 2, 17, 60, 11427 }, // ó
    { 13, 16, 15, 2, 16, 52, 11487 }, // ô
    { 14, 16, 15, 2, 16, 56, 11539 }, // õ
    { 14, 17, 15, 2, 17, 60, 11595 }, // ö
    { 19, 17, 22, 3, 15, 81, 11655 }, // ÷
    { 15, 18, 15, 1, 15, 68, 11736 }, // ø
    { 16, 17, 15, 1, 17, 68, 11804 }, // ù
    { 16, 17, 15, 1, 17, 68, 11872 }, // ú
    { 16, 16, 15, 1, 16, 64, 11940 }, // û
    { 16, 17, 15, 1, 17, 68, 12004 }, // ü
    { 14, 22, 14, 1, 17, 77, 12072 }, // ý
    { 15, 22, 15, 0, 17, 83, 12149 }, // þ
    { 15, 22, 14, 1, 17, 83, 12232 }, // ÿ
    { 21, 21, 22, 1, 21, 111, 12315 }, // Ā
    { 14, 15, 15, 2, 15, 53, 12426 }, // ā
    { 20, 22, 22, 1, 22, 110, 12479 }, // Ă
    { 14, 17, 15, 2, 17, 60, 12589 }, // ă
    { 20, 22, 22, 1, 17, 110, 12649 }, // Ą
    { 14, 16, 15, 2, 11, 56, 12759 }, // ą
    { 19, 22, 21, 4, 22, 105, 12815 }, // Ć
    { 13, 17, 13, 2, 17, 56, 12920 }, // ć
    { 19, 23, 21, 4, 23, 110, 12976 }, // Ĉ
    { 13, 17, 13, 2, 17, 56, 13086 }, // ĉ
    { 19, 23, 21, 4, 23, 110, 13142 }, // Ċ
    { 12, 17, 13, 2, 17, 51, 13252 }, // ċ
    { 19, 22, 21, 4, 22, 105, 13303 }, // Č
    { 14, 17, 13, 2, 17, 60, 13408 }, // č
    { 22, 22, 22, 1, 22, 121, 13468 }, // Ď
    { 19, 19, 15, 2, 19, 91, 13589 }, // ď
    { 22, 17, 22, 1, 17, 94, 13680 }, // Đ
    { 15, 18, 15, 2, 18, 68, 13774 }, // đ
    { 20, 21, 19, 1, 21, 105, 13842 }, // Ē
    { 14, 15, 13, 2, 15, 53, 13947 }, // ē
    { 20, 23, 19, 1, 23, 115, 14000 }, // Ė
    { 12, 17, 13, 2, 17, 51, 14115 }, // ė
    { 20, 22, 19, 1, 17, 110, 14166 }, // Ę
    { 12, 16, 13, 2, 11, 48, 14276 }, // ę
    { 20, 22, 19, 1, 22, 110, 14324 }, // Ě
    { 14, 17, 13, 2, 17, 60, 14434 }, // ě
    { 19, 23, 22, 4, 23, 110, 14494 }, // Ĝ
    { 14, 22, 13, 1, 17, 77, 14604 }, // ĝ
    { 19, 22, 22, 4, 22, 105, 14681 }, // Ğ
    { 14, 22, 13, 1, 17, 77, 14786 }, // ğ
    { 19, 23, 22, 4, 23, 110, 14863 }, // Ġ
    { 14, 22, 13, 1, 17, 77, 14973 }, // ġ
    { 25, 23, 22, 1, 23, 144, 15050 }, // Ĥ
    { 15, 23, 15, 1, 23, 87, 15194 }, // ĥ
    { 15, 20, 12, 1, 20, 75, 15281 }, // Ī
    { 12, 15, 9, 1, 15, 45, 15356 }, // ī
    { 14, 23, 12, 1, 23, 81, 15401 }, // İ
    { 9, 11, 9, 1, 11, 25, 15482 }, // ı
    { 18, 24, 15, 1, 23, 108, 15507 }, // Ĵ
    { 14, 22, 10, -1, 17, 77, 15615 }, // ĵ
    { 17, 22, 17, 1, 22, 94, 15692 }, // Ĺ
    { 11, 23, 7, 2, 23, 64, 15786 }, // ĺ
    { 17, 21, 17, 1, 21, 90, 15850 }, // Ľ
    { 12, 19, 7, 2, 19, 57, 15940 }, // ľ
    { 17, 17, 17, 1, 17, 73, 15997 }, // Ł
    { 9, 17, 9, 1, 17, 39, 16070 }, // ł
    { 25, 22, 22, 1, 22, 138, 16109 }, // Ń
    { 17, 17, 16, 1, 17, 73, 16247 }, // ń
    { 25, 22, 22, 1, 22, 138, 16320 }, // Ň
    { 17, 17, 16, 1, 17, 73, 16458 }, // ň
    { 19, 22, 21, 3, 22, 105, 16531 }, // Ő
    { 16, 17, 15, 2, 17, 68, 16636 }, // ő
    { 26, 17, 28, 4, 17, 111, 16704 }, // Œ
    { 19, 12, 21, 2, 12, 57, 16815 }, // œ
    { 21, 22, 21, 1, 22, 116, 16872 }, // Ŕ
    { 13, 17, 13, 1, 17, 56, 16988 }, // ŕ
    { 21, 22, 21, 1, 22, 116, 17044 }, // Ř
    { 13, 17, 13, 1, 17, 56, 17160 }, // ř
    { 16, 22, 16, 2, 22, 88, 17216 }, // Ś
    { 12, 17, 12, 2, 17, 51, 17304 }, // ś
    { 16, 23, 16, 2, 23, 92, 17355 }, // Ŝ
    { 11, 17, 12, 2, 17, 47, 17447 }, // ŝ
    { 16, 22, 16, 2, 17, 88, 17494 }, // Ş
    { 12, 16, 12, 1, 11, 48, 17582 }, // ş
    { 16, 22, 16, 2, 22, 88, 17630 }, // Š
    { 12, 17, 12, 2, 17, 51, 17718 }, // š
    { 18, 22, 20, 4, 17, 99, 17769 }, // Ţ
    { 10, 21, 10, 1, 16, 53, 17868 }, // ţ
    { 18, 22, 20, 4, 22, 99, 17921 }, // Ť
    { 12, 19, 10, 2, 19, 57, 18020 }, // ť
    { 20, 21, 22, 5, 21, 105, 18077 }, // Ū
    { 16, 15, 15, 1, 15, 60, 18182 }, // ū
    { 20, 22, 22, 5, 22, 110, 18242 }, // Ŭ
    { 16, 16, 15, 1, 16, 64, 18352 }, // ŭ
    { 20, 23, 22, 5, 23, 115, 18416 }, // Ů
    { 16, 17, 15, 1, 17, 68, 18531 }, // ů
    { 20, 23, 22, 5, 23, 115, 18599 }, // Ű
    { 17, 17, 15, 1, 17, 73, 18714 }, // ű
    { 20, 23, 22, 5, 23, 115, 18787 }, // Ÿ
    { 18, 22, 18, 2, 22, 99, 18902 }, // Ź
    { 13, 17, 12, 1, 17, 56, 19001 }, // ź
    { 18, 23, 18, 2, 23, 104, 19057 }, // Ż
    { 13, 17, 12, 1, 17, 56, 19161 }, // ż
    { 18, 22, 18, 2, 22, 99, 19217 }, // Ž
    { 14, 17, 12, 1, 17, 60, 19316 }, // ž
    { 20, 23, 19, 1, 23, 115, 19376 }, // Ѐ
    { 20, 23, 19, 1, 23, 115, 19491 }, // Ё
    { 21, 17, 24, 4, 17, 90, 19606 }, // Ђ
    { 18, 23, 17, 1, 23, 104, 19696 }, // Ѓ
    { 19, 17, 21, 4, 17, 81, 19800 }, // Є
    { 16, 17, 16, 2, 17, 68, 19881 }, // Ѕ
    { 14, 17, 12, 1, 17, 60, 19949 }, // І
    { 15, 23, 12, 1, 23, 87, 20009 }, // Ї
    { 17, 19, 15, 1, 18, 81, 20096 }, // Ј
    { 28, 17, 30, 2, 17, 119, 20177 }, // Љ
    { 29, 18, 30, 1, 18, 131, 20296 }, // Њ
    { 18, 17, 22, 4, 17, 77, 20427 }, // Ћ
    { 24, 22, 22, 1, 22, 132, 20504 }, // Ќ
    { 24, 23, 22, 1, 23, 138, 20636 }, // Ѝ
    { 20, 23, 22, 5, 23, 115, 20774 }, // Ў
    { 24, 23, 22, 1, 18, 138, 20889 }, // Џ
    { 20, 17, 22, 1, 17, 85, 21027 }, // А
    { 20, 17, 20, 1, 17, 85, 21112 }, // Б
    { 20, 17, 20, 1, 17, 85, 21197 }, // В
    { 18, 17, 17, 1, 17, 77, 21282 }, // Г
    { 26, 22, 22, -1, 17, 143, 21359 }, // Д
    { 20, 17, 19, 1, 17, 85, 21502 }, // Е
    { 33, 17, 33, 2, 17, 141, 21587 }, // Ж
    { 16, 17, 18, 3, 17, 68, 21728 }, // З
    { 24, 17, 22, 1, 17, 102, 21796 }, // И
    { 24, 23, 22, 1, 23, 138, 21898 }, // Й
    { 24, 17, 22, 1, 17, 102, 22036 }, // К
    { 23, 18, 22, 2, 17, 104, 22138 }, // Л
    { 29, 17, 27, 1, 17, 124, 22242 }, // М
    { 24, 17, 22, 1, 17, 102, 22366 }, // Н
    { 19, 17, 21, 3, 17, 81, 22468 }, // О
    { 24, 17, 22, 1, 17, 102, 22549 }, // П
    { 20, 18, 20, 1, 17, 90, 22651 }, // Р
    { 19, 17, 21, 4, 17, 81, 22741 }, // С
    { 18, 17, 20, 4, 17, 77, 22822 }, // Т
    { 20, 18, 22, 5, 18, 90, 22899 }, // У
    { 20, 17, 24, 4, 17, 85, 22989 }, // Ф
    { 23, 17, 22, 1, 17, 98, 23074 }, // Х
    { 24, 23, 22, 1, 18, 138, 23172 }, // Ц
    { 20, 18, 22, 5, 17, 90, 23310 }, // Ч
    { 34, 18, 32, 1, 18, 153, 23400 }, // Ш
    { 34, 23, 32, 1, 18, 196, 23553 }, // Щ
    { 20, 17, 25, 4, 17, 85, 23749 }, // Ъ
    { 29, 18, 28, 1, 18, 131, 23834 }, // Ы
    { 19, 18, 20, 1, 18, 86, 23965 }, // Ь
    { 18, 17, 21, 3, 17, 77, 24051 }, // Э
    { 31, 18, 31, 1, 18, 140, 24128 }, // Ю
    { 23, 17, 22, 2, 17, 98, 24268 }, // Я
    { 14, 11, 14, 2, 11, 39, 24366 }, // а
    { 15, 17, 14, 2, 17, 64, 24405 }, // б
    { 13, 11, 14, 2, 11, 36, 24469 }, // в
    { 11, 11, 12, 2, 11, 31, 24505 }, // г
    { 13, 17, 14, 2, 17, 56, 24536 }, // д
    { 11, 11, 13, 2, 11, 31, 24592 }, // е
    { 29, 11, 30, 2, 11, 80, 24623 }, // ж
    { 13, 11, 13, 1, 11, 36, 24703 }, // з
    { 17, 11, 16, 1, 11, 47, 24739 }, // и
    { 17, 17, 16, 1, 17, 73, 24786 }, // й
    { 15, 11, 15, 1, 11, 42, 24859 }, // к
    { 16, 11, 15, 1, 11, 44, 24901 }, // л
    { 22, 12, 21, 1, 12, 66, 24945 }, // м
    { 17, 11, 16, 1, 11, 47, 25011 }, // н
    { 13, 11, 14, 2, 11, 36, 25058 }, // о
    { 17, 12, 16, 1, 12, 51, 25094 }, // п
    { 16, 17, 15, 0, 12, 68, 25145 }, // р
    { 11, 11, 13, 2, 11, 31, 25213 }, // с
    { 24, 11, 24, 1, 11, 66, 25244 }, // т
    { 15, 16, 15, 1, 11, 60, 25310 }, // у
    { 19, 22, 20, 2, 17, 105, 25370 }, // ф
    { 15, 11, 16, 2, 11, 42, 25475 }, // х
    { 17, 17, 16, 1, 11, 73, 25517 }, // ц
    { 16, 11, 15, 1, 11, 44, 25590 }, // ч
    { 24, 11, 24, 1, 11, 66, 25634 }, // ш
    { 24, 17, 24, 1, 11, 102, 25700 }, // щ
    { 13, 12, 14, 2, 12, 39, 25802 }, // ъ
    { 19, 11, 19, 1, 11, 53, 25841 }, // ы
    { 14, 11, 15, 1, 11, 39, 25894 }, // ь
    { 13, 11, 13, 1, 11, 36, 25933 }, // э
    { 21, 12, 21, 1, 12, 63, 25969 }, // ю
    { 16, 11, 15, 1, 11, 44, 26032 }, // я
    { 11, 17, 13, 2, 17, 47, 26076 }, // ѐ
    { 13, 17, 13, 2, 17, 56, 26123 }, // ё
    { 15, 23, 13, 1, 18, 87, 26179 }, // ђ
    { 11, 17, 12, 2, 17, 47, 26266 }, // ѓ
    { 12, 11, 13, 2, 11, 33, 26313 }, // є
    { 11, 11, 12, 2, 11, 31, 26346 }, // ѕ
    { 9, 17, 9, 1, 17, 39, 26377 }, // і
    { 12, 17, 9, 1, 17, 51, 26416 }, // ї
    { 12, 22, 9, -1, 17, 66, 26467 }, // ј
    { 20, 11, 20, 1, 11, 55, 26533 }, // љ
    { 20, 11, 21, 1, 11, 55, 26588 }, // њ
    { 15, 18, 15, 1, 18, 68, 26643 }, // ћ
    { 15, 17, 15, 1, 17, 64, 26711 }, // ќ
    { 17, 17, 16, 1, 17, 73, 26775 }, // ѝ
    { 15, 22, 15, 1, 17, 83, 26848 }, // ў
    { 16, 16, 15, 1, 11, 64, 26931 }, // џ
    { 27, 17, 29, 3, 17, 115, 26995 }, // Ѡ
    { 16, 12, 18, 2, 12, 48, 27110 }, // ѡ
    { 19, 18, 23, 4, 18, 86, 27158 }, // Ѣ
    { 20, 12, 21, 1, 12, 60, 27244 }, // ѣ
    { 32, 17, 30, 1, 17, 136, 27304 }, // Ѥ
    { 20, 12, 20, 1, 12, 60, 27440 }, // ѥ
    { 26, 17, 28, 1, 17, 111, 27500 }, // Ѧ
    { 19, 11, 18, 1, 11, 53, 27611 }, // ѧ
    { 35, 17, 38, 1, 17, 149, 27664 }, // Ѩ
    { 25, 12, 25, 1, 12, 75, 27813 }, // ѩ
    { 27, 17, 29, 1, 17, 115, 27888 }, // Ѫ
    { 22, 12, 21, 0, 12, 66, 28003 }, // ѫ
    { 36, 17, 38, 1, 17, 153, 28069 }, // Ѭ
    { 28, 12, 28, 1, 12, 84, 28222 }, // ѭ
    { 18, 26, 16, 0, 21, 117, 28306 }, // Ѯ
    { 14, 19, 13, 0, 14, 67, 28423 }, // ѯ
    { 19, 17, 22, 5, 17, 81, 28490 }, // Ѱ
    { 18, 23, 18, 1, 18, 104, 28571 }, // ѱ
    { 19, 17, 21, 3, 17, 81, 28675 }, // Ѳ
    { 12, 11, 13, 2, 11, 33, 28756 }, // ѳ
    { 22, 17, 23, 5, 17, 94, 28789 }, // Ѵ
    { 19, 11, 18, 1, 11, 53, 28883 }, // ѵ
    { 22, 23, 23, 5, 23, 127, 28936 }, // Ѷ
    { 19, 17, 18, 1, 17, 81, 29063 }, // ѷ
    { 24, 23, 27, 3, 20, 138, 29144 }, // Ѻ
    { 16, 13, 17, 2, 12, 52, 29282 }, // ѻ
    { 27, 23, 29, 3, 23, 156, 29334 }, // Ѽ
    { 18, 17, 18, 2, 17, 77, 29490 }, // ѽ
    { 27, 23, 29, 3, 23, 156, 29567 }, // Ѿ
    { 16, 17, 18, 2, 17, 68, 29723 }, // ѿ
    { 20, 23, 21, 3, 17, 115, 29791 }, // Ҁ
    { 11, 17, 13, 2, 12, 47, 29906 }, // ҁ
    { 12, 9, 13, 1, 5, 27, 29953 }, // ҂
    { 12, 4, 0, -2, 17, 12, 29980 }, // ҃
    { 15, 5, 0, -12, 17, 19, 29992 }, // ҄
    { 8, 5, 0, -8, 18, 10, 30011 }, // ҅
    { 7, 5, 0, -7, 18, 9, 30021 }, // ҆
    { 30, 30, 0, -29, 21, 225, 30030 }, // ҈
    { 32, 32, 0, -30, 22, 256, 30255 }, // ҉
    { 24, 28, 22, 1, 23, 168, 30511 }, // Ҋ
    { 17, 23, 16, 1, 17, 98, 30679 }, // ҋ
    { 19, 17, 23, 4, 17, 81, 30777 }, // Ҍ
    { 12, 17, 15, 3, 17, 51, 30858 }, // ҍ
    { 20, 18, 20, 1, 17, 90, 30909 }, // Ҏ
    { 16, 17, 15, 0, 12, 68, 30999 }, // ҏ
    { 21, 22, 18, 1, 22, 116, 31067 }, // Ґ
    { 17, 15, 15, 1, 15, 64, 31183 }, // ґ
    { 18, 17, 17, 1, 17, 77, 31247 }, // Ғ
    { 11, 11, 12, 2, 11, 31, 31324 }, // ғ
    { 19, 22, 21, 1, 17, 105, 31355 }, // Ҕ
    { 12, 16, 14, 3, 11, 48, 31460 }, // ҕ
    { 33, 22, 33, 2, 17, 182, 31508 }, // Җ
    { 30, 16, 30, 2, 11, 120, 31690 }, // җ
    { 16, 22, 18, 3, 17, 88, 31810 }, // Ҙ
    { 13, 17, 13, 1, 11, 56, 31898 }, // ҙ
    { 24, 22, 22, 1, 17, 132, 31954 }, // Қ
    { 15, 17, 15, 1, 11, 64, 32086 }, // қ
    { 26, 18, 25, 1, 18, 117, 32150 }, // Ҝ
    { 17, 11, 16, 1, 11, 47, 32267 }, // ҝ
    { 24, 17, 22, 1, 17, 102, 32314 }, // Ҟ
    { 14, 18, 13, 1, 18, 63, 32416 }, // ҟ
    { 25, 17, 26, 4, 17, 107, 32479 }, // Ҡ
    { 17, 11, 19, 3, 11, 47, 32586 }, // ҡ
    { 24, 23, 22, 1, 18, 138, 32633 }, // Ң
    { 17, 17, 16, 1, 11, 73, 32771 }, // ң
    { 29, 17, 27, 1, 17, 124, 32844 }, // Ҥ
    { 21, 11, 20, 1, 11, 58, 32968 }, // ҥ
    { 29, 22, 30, 1, 17, 160, 33026 }, // Ҧ
    { 19, 17, 21, 1, 12, 81, 33186 }, // ҧ
    { 20, 19, 22, 3, 17, 95, 33267 }, // Ҩ
    { 13, 14, 15, 2, 12, 46, 33362 }, // ҩ
    { 19, 22, 21, 4, 17, 105, 33408 }, // Ҫ
    { 11, 16, 13, 2, 11, 44, 33513 }, // ҫ
    { 18, 22, 20, 4, 17, 99, 33557 }, // Ҭ
    { 24, 16, 24, 1, 11, 96, 33656 }, // ҭ
    { 20, 17, 22, 5, 17, 85, 33752 }, // Ү
    { 19, 17, 18, 1, 11, 81, 33837 }, // ү
    { 20, 17, 22, 5, 17, 85, 33918 }, // Ұ
    { 19, 16, 18, 1, 11, 76, 34003 }, // ұ
    { 23, 22, 22, 1, 17, 127, 34079 }, // Ҳ
    { 16, 16, 16, 1, 11, 64, 34206 }, // ҳ
    { 28, 22, 28, 3, 17, 154, 34270 }, // Ҵ
    { 20, 17, 22, 3, 11, 85, 34424 }, // ҵ
    { 20, 22, 22, 5, 17, 110, 34509 }, // Ҷ
    { 16, 17, 16, 1, 11, 68, 34619 }, // ҷ
    { 20, 18, 22, 5, 17, 90, 34687 }, // Ҹ
    { 16, 11, 15, 1, 11, 44, 34777 }, // ҹ
    { 20, 17, 22, 1, 17, 85, 34821 }, // Һ
    { 15, 17, 15, 1, 17, 64, 34906 }, // һ
    { 22, 17, 25, 4, 17, 94, 34970 }, // Ҽ
    { 14, 11, 17, 3, 11, 39, 35064 }, // ҽ
    { 22, 22, 25, 4, 17, 121, 35103 }, // Ҿ
    { 14, 17, 17, 3, 11, 60, 35224 }, // ҿ
    { 14, 17, 12, 1, 17, 60, 35284 }, // Ӏ
    { 33, 22, 33, 2, 22, 182, 35344 }, // Ӂ
    { 29, 16, 30, 2, 16, 116, 35526 }, // ӂ
    { 24, 22, 22, 1, 17, 132, 35642 }, // Ӄ
    { 15, 16, 15, 1, 11, 60, 35774 }, // ӄ
    { 23, 22, 22, 2, 17, 127, 35834 }, // Ӆ
    { 16, 17, 16, 1, 11, 68, 35961 }, // ӆ
    { 24, 22, 22, 1, 17, 132, 36029 }, // Ӈ
    { 15, 16, 15, 1, 11, 60, 36161 }, // ӈ
    { 24, 23, 22, 1, 18, 138, 36221 }, // Ӊ
    { 20, 22, 22, 5, 17, 110, 36359 }, // Ӌ
    { 16, 16, 15, 1, 11, 64, 36469 }, // ӌ
    { 29, 22, 27, 1, 17, 160, 36533 }, // Ӎ
    { 22, 18, 22, 1, 12, 99, 36693 }, // ӎ
    { 20, 22, 22, 1, 22, 110, 36792 }, // Ӑ
    { 14, 17, 14, 2, 17, 60, 36902 }, // ӑ
    { 20, 23, 22, 1, 23, 115, 36962 }, // Ӓ
    { 14, 17, 14, 2, 17, 60, 37077 }, // ӓ
    { 26, 17, 26, 1, 17, 111, 37137 }, // Ӕ
    { 19, 11, 21, 2, 11, 53, 37248 }, // ӕ
    { 20, 22, 19, 1, 22, 110, 37301 }, // Ӗ
    { 13, 17, 13, 2, 17, 56, 37411 }, // ӗ
    { 18, 17, 20, 3, 17, 77, 37467 }, // Ә
    { 12, 11, 13, 2, 11, 33, 37544 }, // ә
    { 19, 23, 21, 3, 23, 110, 37577 }, // Ӛ
    { 13, 17, 13, 2, 17, 56, 37687 }, // ӛ
    { 33, 23, 33, 2, 23, 190, 37743 }, // Ӝ
    { 29, 17, 30, 2, 17, 124, 37933 }, // ӝ
    { 16, 24, 18, 3, 24, 96, 38057 }, // Ӟ
    { 14, 17, 13, 1, 17, 60, 38153 }, // ӟ
    { 17, 17, 16, 2, 17, 73, 38213 }, // Ӡ
    { 13, 15, 13, 1, 10, 49, 38286 }, // ӡ
    { 24, 22, 22, 1, 22, 132, 38335 }, // Ӣ
    { 17, 17, 16, 1, 17, 73, 38467 }, // ӣ
    { 24, 23, 22, 1, 23, 138, 38540 }, // Ӥ
    { 17, 17, 16, 1, 17, 73, 38678 }, // ӥ
    { 19, 23, 21, 3, 23, 110, 38751 }, // Ӧ
    { 14, 17, 15, 2, 17, 60, 38861 }, // ӧ
    { 19, 17, 21, 3, 17, 81, 38921 }, // Ө
    { 13, 11, 15, 2, 11, 36, 39002 }, // ө
    { 19, 23, 21, 3, 23, 110, 39038 }, // Ӫ
    { 14, 17, 15, 2, 17, 60, 39148 }, // ӫ
    { 18, 23, 21, 3, 23, 104, 39208 }, // Ӭ
    { 14, 17, 13, 1, 17, 60, 39312 }, // ӭ
    { 20, 22, 22, 5, 22, 110, 39372 }, // Ӯ
    { 16, 22, 15, 1, 17, 88, 39482 }, // ӯ
    { 20, 23, 22, 5, 23, 115, 39570 }, // Ӱ
    { 15, 22, 15, 1, 17, 83, 39685 }, // ӱ
    { 20, 23, 22, 5, 23, 115, 39768 }, // Ӳ
    { 17, 22, 15, 1, 17, 94, 39883 }, // ӳ
    { 20, 24, 22, 5, 23, 120, 39977 }, // Ӵ
    { 16, 17, 15, 1, 17, 68, 40097 }, // ӵ
    { 18, 22, 17, 1, 17, 99, 40165 }, // Ӷ
    { 11, 16, 12, 2, 11, 44, 40264 }, // ӷ
    { 29, 23, 28, 1, 23, 167, 40308 }, // Ӹ
    { 19, 17, 19, 1, 17, 81, 40475 }, // ӹ
    { 23, 23, 22, 1, 18, 133, 40556 }, // Ӽ
    { 15, 16, 16, 2, 11, 60, 40689 }, // ӽ
    { 23, 19, 22, 1, 18, 110, 40749 }, // Ӿ
    { 15, 11, 16, 2, 11, 42, 40859 }, // ӿ
    { 0, 0, 15, 0, 0, 0, 40901 }, //  
    { 0, 0, 30, 0, 0, 0, 40901 }, //  
    { 0, 0, 15, 0, 0, 0, 40901 }, //  
    { 0, 0, 30, 0, 0, 0, 40901 }, //  
    { 0, 0, 10, 0, 0, 0, 40901 }, //  
    { 0, 0, 7, 0, 0, 0, 40901 }, //  
    { 0, 0, 5, 0, 0, 0, 40901 }, //  
    { 0, 0, 15, 0, 0, 0, 40901 }, //  
    { 0, 0, 9, 0, 0, 0, 40901 }, //  
    { 0, 0, 6, 0, 0, 0, 40901 }, //  
    { 0, 0, 1, 0, 0, 0, 40901 }, //  
    { 0, 0, 0, 0, 0, 0, 40901 }, // ​
    { 0, 0, 0, 0, 0, 0, 40901 }, // ‌
    { 0, 0, 0, 0, 0, 0, 40901 }, // ‍
    { 8, 3, 10, 2, 7, 6, 40901 }, // ‐
    { 8, 3, 10, 2, 7, 6, 40907 }, // ‑
    { 14, 2, 15, 2, 8, 7, 40913 }, // ‒
    { 14, 1, 15, 2, 7, 4, 40920 }, // –
    { 27, 2, 30, 3, 7, 14, 40924 }, // —
    { 12, 32, 15, 3, 19, 96, 40938 }, // ‖
    { 5, 8, 9, 5, 17, 10, 41034 }, // ‘
    { 6, 9, 9, 5, 17, 14, 41044 }, // ’
    { 5, 9, 9, 2, 4, 12, 41058 }, // ‚
    { 5, 9, 9, 6, 17, 12, 41070 }, // ‛
    { 13, 10, 11, 2, 18, 33, 41082 }, // “
    { 12, 9, 11, 3, 17, 27, 41115 }, // ”
    { 12, 9, 11, 0, 5, 27, 41142 }, // „
    { 12, 9, 11, 4, 17, 27, 41169 }, // ‟
    { 10, 23, 13, 4, 17, 58, 41196 }, // †
    { 13, 22, 13, 2, 17, 72, 41254 }, // ‡
    { 12, 10, 15, 3, 11, 30, 41326 }, // •
    { 22, 4, 27, 3, 4, 22, 41356 }, // …
    { 13, 21, 14, 4, 17, 69, 41378 }, //  
    { 0, 0, 5, 0, 0, 0, 41447 }, //  
    { 28, 22, 32, 4, 19, 154, 41447 }, // ‰
    { 39, 22, 43, 4, 19, 215, 41601 }, // ‱
    { 8, 12, 13, 5, 13, 24, 41816 }, // ‹
    { 8, 12, 13, 3, 13, 24, 41840 }, // ›
    { 17, 13, 18, 2, 13, 56, 41864 }, // ※
    { 12, 17, 16, 5, 18, 51, 41920 }, // ‽
    { 12, 4, 11, -1, -2, 12, 41971 }, // ‿
    { 12, 3, 15, 5, 16, 9, 41983 }, // ⁀
    { 17, 28, 15, 0, 19, 119, 41992 }, // ⁄
    { 13, 29, 11, 1, 19, 95, 42111 }, // ⁅
    { 12, 26, 11, 1, 20, 78, 42206 }, // ⁆
    { 15, 21, 15, 2, 19, 79, 42284 }, // ⁒
    { 11, 5, 11, -1, -2, 14, 42363 }, // ⁔
    { 0, 0, 6, 0, 0, 0, 42377 }, //  
    { 19, 21, 21, 4, 19, 100, 42377 }, // ₡
    { 18, 19, 22, 2, 19, 86, 42477 }, // ₤
    { 25, 20, 23, 1, 17, 125, 42563 }, // ₦
    { 29, 18, 29, 3, 17, 131, 42688 }, // ₩
    { 15, 27, 15, 2, 27, 102, 42819 }, // ₫
    { 23, 16, 22, 1, 17, 92, 42921 }, // €
    { 19, 19, 22, 4, 18, 91, 43013 }, // ₲
    { 23, 18, 26, 1, 18, 104, 43104 }, // ∆
    { 18, 25, 13, 2, 22, 113, 43208 }, // √
};

static const EpdUnicodeInterval cmu_12_bolditalicIntervals[] = {
    { 0xD, 0xD, 0x0 },
    { 0x20, 0x7E, 0x1 },
    { 0xA0, 0xA3, 0x60 },
    { 0xA5, 0xA5, 0x64 },
    { 0xA7, 0xB1, 0x65 },
    { 0xB4, 0xB8, 0x70 },
    { 0xBA, 0xBB, 0x75 },
    { 0xBF, 0xD6, 0x77 },
    { 0xD8, 0xFF, 0x8F },
    { 0x100, 0x113, 0xB7 },
    { 0x116, 0x121, 0xCB },
    { 0x124, 0x125, 0xD7 },
    { 0x12A, 0x12B, 0xD9 },
    { 0x130, 0x131, 0xDB },
    { 0x134, 0x135, 0xDD },
    { 0x139, 0x13A, 0xDF },
    { 0x13D, 0x13E, 0xE1 },
    { 0x141, 0x144, 0xE3 },
    { 0x147, 0x148, 0xE7 },
    { 0x150, 0x155, 0xE9 },
    { 0x158, 0x165, 0xEF },
    { 0x16A, 0x171, 0xFD },
    { 0x178, 0x17E, 0x105 },
    { 0x400, 0x477, 0x10C },
    { 0x47A, 0x486, 0x184 },
    { 0x488, 0x4C9, 0x191 },
    { 0x4CB, 0x4CE, 0x1D3 },
    { 0x4D0, 0x4F9, 0x1D7 },
    { 0x4FC, 0x4FF, 0x201 },
    { 0x2000, 0x200D, 0x205 },
    { 0x2010, 0x2014, 0x213 },
    { 0x2016, 0x2016, 0x218 },
    { 0x2018, 0x2022, 0x219 },
    { 0x2026, 0x2026, 0x224 },
    { 0x2029, 0x2029, 0x225 },
    { 0x202F, 0x2031, 0x226 },
    { 0x2039, 0x203B, 0x229 },
    { 0x203D, 0x203D, 0x22C },
    { 0x203F, 0x2040, 0x22D },
    { 0x2044, 0x2046, 0x22F },
    { 0x2052, 0x2052, 0x232 },
    { 0x2054, 0x2054, 0x233 },
    { 0x205F, 0x205F, 0x234 },
    { 0x20A1, 0x20A1, 0x235 },
    { 0x20A4, 0x20A4, 0x236 },
    { 0x20A6, 0x20A6, 0x237 },
    { 0x20A9, 0x20A9, 0x238 },
    { 0x20AB, 0x20AC, 0x239 },
    { 0x20B2, 0x20B2, 0x23B },
    { 0x2206, 0x2206, 0x23C },
    { 0x221A, 0x221A, 0x23D },
};

static const EpdFontData cmu_12_bolditalic = {
    cmu_12_bolditalicBitmaps,
    cmu_12_bolditalicGlyphs,
    cmu_12_bolditalicIntervals,
    51,
    34,
    24,
    -11,
    true,
};
