/**
 * generated by fontconvert.py
 * name: cmu_8_bold
 * size: 8
 * mode: 2-bit
 */
#pragma once
#include "EpdFontData.h"

static const uint8_t cmu_8_boldBitmaps[20322] = {
    0x3C, 0x7D, 0x3C, 0x3C, 0x3C, 0x38, 0x28, 0x24, 0x00, 0x3C, 0x7C, 0x3C, 0x00, 0x0B, 0x1D, 0xF1,
    0xEB, 0x1D, 0x70, 0xC7, 0x0C, 0x20, 0x80, 0x00, 0x01, 0x02, 0x00, 0x00, 0x20, 0x08, 0x00, 0x00,
    0x80, 0x50, 0x00, 0x05, 0x02, 0x00, 0x00, 0x20, 0x08, 0x03, 0xFF, 0xFF, 0xFF, 0xC0, 0x02, 0x02,
    0x00, 0x00, 0x10, 0x08, 0x00, 0x00, 0x80, 0x10, 0x03, 0xFF, 0xFF, 0xFF, 0xC0, 0x14, 0x08, 0x00,
    0x00, 0x80, 0x20, 0x00, 0x02, 0x01, 0x40, 0x00, 0x14, 0x08, 0x00, 0x00, 0x00, 0x00, 0x00, 0x00,
    0x00, 0x00, 0x00, 0x02, 0x40, 0x1B, 0xF4, 0x76, 0x5C, 0xA2, 0x4E, 0xE2, 0x5E, 0xBF, 0x40, 0x3F,
    0xF4, 0x0B, 0xFC, 0x12, 0x6E, 0xF2, 0x4E, 0xE2, 0x4D, 0x76, 0x6C, 0x1F, 0xE0, 0x02, 0x40, 0x1F,
    0x40, 0x02, 0x41, 0xD3, 0x90, 0x2C, 0x0B, 0x05, 0xBF, 0xC0, 0x3C, 0x14, 0x09, 0x00, 0xF0, 0x50,
    0x60, 0x01, 0xC3, 0x03, 0x00, 0x02, 0xF4, 0x30, 0x00, 0x00, 0x03, 0x42, 0xF0, 0x00, 0x28, 0x2C,
    0x70, 0x01, 0xC0, 0xE0, 0xC0, 0x0C, 0x03, 0x82, 0x00, 0xD0, 0x0E, 0x0C, 0x0A, 0x00, 0x2C, 0x70,
    0x30, 0x00, 0x2F, 0x00, 0x00, 0xBC, 0x00, 0x00, 0x0B, 0x08, 0x00, 0x00, 0x38, 0x20, 0x00, 0x00,
    0xF2, 0x40, 0x00, 0x03, 0xE4, 0x0B, 0xF0, 0x0B, 0x80, 0x09, 0x00, 0x2F, 0x00, 0x20, 0x03, 0x5F,
    0x03, 0x00, 0x3C, 0x2E, 0x20, 0x00, 0xF0, 0x2F, 0x40, 0x03, 0xE0, 0x7F, 0x03, 0x02, 0xFD, 0x0B,
    0xF0, 0x00, 0xE7, 0x8E, 0x34, 0xC2, 0x00, 0x00, 0x40, 0x18, 0x03, 0x00, 0xD0, 0x1C, 0x02, 0xC0,
    0x38, 0x03, 0x80, 0x38, 0x03, 0x80, 0x38, 0x03, 0x80, 0x2C, 0x00, 0xD0, 0x0A, 0x00, 0x34, 0x00,
    0xC0, 0x00, 0x40, 0x0C, 0x01, 0xC0, 0x34, 0x0B, 0x01, 0xD0, 0x38, 0x0E, 0x03, 0x80, 0xE0, 0x38,
    0x0D, 0x07, 0x02, 0x80, 0xC0, 0x90, 0x90, 0x00, 0x00, 0x01, 0x00, 0x03, 0x80, 0xB6, 0x5D, 0x1B,
    0xE0, 0x1B, 0xE0, 0xB6, 0x5D, 0x03, 0x80, 0x02, 0x40, 0x00, 0x08, 0x00, 0x00, 0x00, 0x80, 0x00,
    0x00, 0x08, 0x00, 0x00, 0x00, 0x80, 0x00, 0x00, 0x08, 0x00, 0x0F, 0xFF, 0xFF, 0xFC, 0x00, 0x08,
    0x00, 0x00, 0x00, 0x80, 0x00, 0x00, 0x08, 0x00, 0x00, 0x00, 0x80, 0x00, 0x00, 0x08, 0x00, 0x00,
    0x00, 0x80, 0x00, 0x00, 0x00, 0x00, 0x00, 0x78, 0xBC, 0x7C, 0x08, 0x08, 0x20, 0xFF, 0xD0, 0x38,
    0xBC, 0x38, 0x00, 0x01, 0x00, 0x05, 0x00, 0x08, 0x00, 0x04, 0x00, 0x20, 0x00, 0x20, 0x00, 0x80,
    0x00, 0x80, 0x01, 0x40, 0x02, 0x00, 0x01, 0x00, 0x08, 0x00, 0x08, 0x00, 0x10, 0x00, 0x20, 0x00,
    0x50, 0x00, 0x80, 0x00, 0x00, 0x00, 0x06, 0xF8, 0x03, 0x83, 0xC2, 0xC0, 0x74, 0xF0, 0x1F, 0x3C,
    0x03, 0xCF, 0x00, 0xF3, 0xC0, 0x3C, 0xF0, 0x0F, 0x3C, 0x03, 0xCB, 0x01, 0xE0, 0xE0, 0xF0, 0x1B,
    0xE0, 0x02, 0xC0, 0xBB, 0xC0, 0x03, 0xC0, 0x03, 0xC0, 0x03, 0xC0, 0x03, 0xC0, 0x03, 0xC0, 0x03,
    0xC0, 0x03, 0xC0, 0x03, 0xC0, 0x7F, 0xFD, 0x00, 0x00, 0x0B, 0xF8, 0x0F, 0x07, 0xC2, 0xC0, 0xB8,
    0x00, 0x2F, 0x00, 0x0F, 0x80, 0x07, 0x80, 0x03, 0x80, 0x03, 0x40, 0x02, 0x00, 0x83, 0xFF, 0xE3,
    0xFF, 0xF4, 0x07, 0xF8, 0x07, 0x47, 0xC1, 0xE0, 0xF4, 0x00, 0xB8, 0x02, 0xF8, 0x00, 0x07, 0xC0,
    0x00, 0xF8, 0x00, 0x2F, 0x3C, 0x0B, 0xCF, 0x07, 0xD0, 0xBF, 0x80, 0x00, 0x0A, 0x00, 0x02, 0xE0,
    0x00, 0x5E, 0x00, 0x11, 0xE0, 0x05, 0x1E, 0x00, 0x81, 0xE0, 0x20, 0x1E, 0x07, 0xFF, 0xFC, 0x00,
    0x2E, 0x00, 0x02, 0xE0, 0x01, 0xFF, 0xC0, 0x00, 0x00, 0x0D, 0x07, 0x03, 0xFF, 0x40, 0xFE, 0x00,
    0x20, 0x00, 0x0E, 0xF8, 0x03, 0x43, 0xC0, 0x00, 0xB8, 0xB0, 0x2F, 0x3C, 0x0B, 0x8A, 0x07, 0xC0,
    0x7F, 0x80, 0x01, 0xFE, 0x02, 0xD1, 0xD1, 0xE0, 0x74, 0xF4, 0x00, 0x3D, 0xFD, 0x0F, 0x83, 0xD3,
    0xD0, 0x7C, 0xF0, 0x1F, 0x2C, 0x07, 0xC7, 0x83, 0xD0, 0x7F, 0x80, 0x60, 0x00, 0x2F, 0xFF, 0xDB,
    0xFF, 0xE3, 0x00, 0x70, 0x00, 0x30, 0x00, 0x30, 0x00, 0x2C, 0x00, 0x0E, 0x00, 0x07, 0x80, 0x02,
    0xD0, 0x00, 0xB4, 0x00, 0x1C, 0x00, 0x07, 0xF8, 0x03, 0x02, 0xC2, 0xC0, 0x34, 0xBD, 0x0C, 0x0F,
    0xFD, 0x01, 0xFF, 0x82, 0xC2, 0xF8, 0xD0, 0x0F, 0x34, 0x02, 0xCF, 0x41, 0xD0, 0x7F, 0x80, 0x07,
    0xF8, 0x0B, 0x83, 0xC3, 0xC0, 0x78, 0xF0, 0x1F, 0x3C, 0x0B, 0xCB, 0x83, 0xF0, 0x7E, 0x7C, 0x00,
    0x2E, 0x1D, 0x0F, 0x0B, 0x0B, 0x40, 0xBF, 0x40, 0x38, 0xBC, 0x78, 0x00, 0x00, 0x38, 0xBC, 0x78,
    0x38, 0xBC, 0x38, 0x00, 0x00, 0x78, 0xBC, 0x7C, 0x08, 0x08, 0x20, 0x00, 0x00, 0x01, 0x40, 0x00,
    0x0A, 0x00, 0x00, 0x28, 0x00, 0x00, 0xA0, 0x00, 0x06, 0x40, 0x00, 0x0D, 0x00, 0x00, 0x01, 0x90,
    0x00, 0x00, 0x06, 0x40, 0x00, 0x00, 0x0A, 0x00, 0x00, 0x00, 0x28, 0x00, 0x00, 0x00, 0xA0, 0x00,
    0x00, 0x00, 0xFF, 0xFF, 0xFF, 0xC0, 0x00, 0x00, 0x00, 0x00, 0x00, 0x00, 0x00, 0x00, 0x00, 0x00,
    0xFF, 0xFF, 0xFF, 0xC0, 0x20, 0x00, 0x00, 0x02, 0x80, 0x00, 0x00, 0x0A, 0x00, 0x00, 0x00, 0x19,
    0x00, 0x00, 0x00, 0x64, 0x00, 0x00, 0x01, 0xD0, 0x00, 0x01, 0x90, 0x00, 0x06, 0x40, 0x00, 0x19,
    0x00, 0x00, 0xA0, 0x00, 0x02, 0x80, 0x00, 0x00, 0x00, 0x00, 0x00, 0x2F, 0xE0, 0xF0, 0x7C, 0xB0,
    0x3C, 0x00, 0x74, 0x00, 0xC0, 0x03, 0x00, 0x03, 0x00, 0x02, 0x00, 0x00, 0x00, 0x0B, 0x40, 0x0F,
    0x80, 0x0B, 0x40, 0x01, 0xBF, 0xD0, 0x00, 0xE4, 0x06, 0xC0, 0x34, 0x7F, 0x43, 0x06, 0x2E, 0x0D,
    0x18, 0x83, 0xC0, 0x74, 0xCC, 0x78, 0x07, 0x4C, 0xC7, 0x80, 0x74, 0x88, 0x3C, 0x07, 0x4C, 0x62,
    0xE0, 0xF8, 0x83, 0x47, 0xF2, 0xF0, 0x0E, 0x40, 0x1B, 0xC0, 0x1B, 0xFE, 0x80, 0x00, 0x07, 0x00,
    0x00, 0x00, 0x2D, 0x00, 0x00, 0x00, 0xFC, 0x00, 0x00, 0x0A, 0xF4, 0x00, 0x00, 0x33, 0xE0, 0x00,
    0x01, 0x87, 0xC0, 0x00, 0x0D, 0x0F, 0x80, 0x00, 0x30, 0x2F, 0x00, 0x02, 0xFF, 0xFD, 0x00, 0x0C,
    0x00, 0xFC, 0x00, 0x60, 0x01, 0xF0, 0x1F, 0xF0, 0x2F, 0xFC, 0x7F, 0xFF, 0xF4, 0x02, 0xE0, 0x0F,
    0xC0, 0xB8, 0x00, 0xF0, 0x2E, 0x00, 0x7C, 0x0B, 0x80, 0x3D, 0x02, 0xFF, 0xFD, 0x00, 0xB8, 0x02,
    0xE0, 0x2E, 0x00, 0x3E, 0x0B, 0x80, 0x0B, 0x82, 0xE0, 0x03, 0xE0, 0xB8, 0x02, 0xF1, 0xFF, 0xFF,
    0xE0, 0x01, 0xBF, 0x83, 0x02, 0xE4, 0x0B, 0xC2, 0xE0, 0x00, 0xB1, 0xF0, 0x00, 0x0C, 0xBC, 0x00,
    0x00, 0x3E, 0x00, 0x00, 0x0F, 0x80, 0x00, 0x02, 0xF0, 0x00, 0x00, 0x7C, 0x00, 0x03, 0x0B, 0x80,
    0x00, 0x80, 0xB9, 0x02, 0xC0, 0x06, 0xFF, 0x80, 0x7F, 0xFF, 0xF4, 0x00, 0xBC, 0x02, 0xF0, 0x0B,
    0xC0, 0x07, 0xC0, 0xBC, 0x00, 0x3D, 0x0B, 0xC0, 0x02, 0xE0, 0xBC, 0x00, 0x2F, 0x0B, 0xC0, 0x02,
    0xF0, 0xBC, 0x00, 0x2E, 0x0B, 0xC0, 0x03, 0xD0, 0xBC, 0x00, 0x7C, 0x0B, 0xC0, 0x1F, 0x07, 0xFF,
    0xFF, 0x80, 0x7F, 0xFF, 0xFD, 0x02, 0xF0, 0x07, 0x40, 0xBC, 0x00, 0x60, 0x2F, 0x00, 0x08, 0x0B,
    0xC2, 0x40, 0x02, 0xFF, 0xD0, 0x00, 0xBC, 0x24, 0x00, 0x2F, 0x00, 0x00, 0x0B, 0xC0, 0x02, 0x02,
    0xF0, 0x00, 0xC0, 0xBC, 0x01, 0xF1, 0xFF, 0xFF, 0xF8, 0x7F, 0xFF, 0xFC, 0x0B, 0xC0, 0x2C, 0x0B,
    0xC0, 0x09, 0x0B, 0xC0, 0x05, 0x0B, 0xC2, 0x40, 0x0B, 0xFF, 0x40, 0x0B, 0xC2, 0x40, 0x0B, 0xC0,
    0x00, 0x0B, 0xC0, 0x00, 0x0B, 0xC0, 0x00, 0x0B, 0xC0, 0x00, 0x7F, 0xFC, 0x00, 0x01, 0xBF, 0x83,
    0x00, 0xB9, 0x02, 0xF0, 0x3E, 0x00, 0x0B, 0x07, 0xC0, 0x00, 0x30, 0xBC, 0x00, 0x00, 0x0F, 0x80,
    0x00, 0x00, 0xF8, 0x00, 0x00, 0x0B, 0xC0, 0x3F, 0xFD, 0x7C, 0x00, 0x1F, 0x02, 0xE0, 0x01, 0xF0,
    0x0B, 0xD0, 0x3F, 0x00, 0x1B, 0xFD, 0x30, 0x7F, 0xF8, 0x7F, 0xF8, 0x2F, 0x00, 0x2F, 0x00, 0xBC,
    0x00, 0xBC, 0x02, 0xF0, 0x02, 0xF0, 0x0B, 0xC0, 0x0B, 0xC0, 0x2F, 0xFF, 0xFF, 0x00, 0xBC, 0x00,
    0xBC, 0x02, 0xF0, 0x02, 0xF0, 0x0B, 0xC0, 0x0B, 0xC0, 0x2F, 0x00, 0x2F, 0x00, 0xBC, 0x00, 0xBC,
    0x1F, 0xFE, 0x1F, 0xFE, 0x00, 0x01, 0xFF, 0xF0, 0xBC, 0x02, 0xF0, 0x0B, 0xC0, 0x2F, 0x00, 0xBC,
    0x02, 0xF0, 0x0B, 0xC0, 0x2F, 0x00, 0xBC, 0x02, 0xF0, 0x7F, 0xFC, 0x00, 0x00, 0x00, 0xFF, 0xF0,
    0x02, 0xE0, 0x00, 0xB8, 0x00, 0x2E, 0x00, 0x0B, 0x80, 0x02, 0xE0, 0x00, 0xB8, 0x00, 0x2E, 0x00,
    0x0B, 0x87, 0x83, 0xE1, 0xE1, 0xF0, 0x2F, 0xE0, 0x00, 0x7F, 0xF8, 0x0F, 0xF0, 0x2F, 0x00, 0x1D,
    0x00, 0xBC, 0x01, 0xC0, 0x02, 0xF0, 0x28, 0x00, 0x0B, 0xC2, 0x80, 0x00, 0x2F, 0x3F, 0x00, 0x00,
    0xBF, 0x7E, 0x00, 0x02, 0xF0, 0x7D, 0x00, 0x0B, 0xC0, 0xBC, 0x00, 0x2F, 0x00, 0xBC, 0x00, 0xBC,
    0x00, 0xF8, 0x1F, 0xFE, 0x0F, 0xFD, 0x00, 0x00, 0x01, 0xFF, 0xF0, 0x00, 0xBC, 0x00, 0x02, 0xF0,
    0x00, 0x0B, 0xC0, 0x00, 0x2F, 0x00, 0x00, 0xBC, 0x00, 0x02, 0xF0, 0x00, 0x0B, 0xC0, 0x00, 0x2F,
    0x00, 0x30, 0xBC, 0x01, 0x82, 0xF0, 0x1E, 0x7F, 0xFF, 0xF4, 0x7F, 0xC0, 0x00, 0x2F, 0xF0, 0x7E,
    0x00, 0x02, 0xF0, 0x05, 0xF0, 0x00, 0x9F, 0x00, 0x5B, 0x80, 0x08, 0xF0, 0x05, 0x3C, 0x01, 0x4F,
    0x00, 0x52, 0xD0, 0x30, 0xF0, 0x05, 0x0F, 0x05, 0x0F, 0x00, 0x50, 0xF4, 0x80, 0xF0, 0x05, 0x07,
    0xC8, 0x0F, 0x00, 0x50, 0x3F, 0x00, 0xF0, 0x09, 0x01, 0xE0, 0x0F, 0x07, 0xFC, 0x0C, 0x0F, 0xFF,
    0x7F, 0xD0, 0x0F, 0xF8, 0x2F, 0xC0, 0x03, 0x00, 0x9F, 0xC0, 0x0C, 0x02, 0x4F, 0xC0, 0x30, 0x09,
    0x0F, 0x80, 0xC0, 0x24, 0x1F, 0x83, 0x00, 0x90, 0x2F, 0x4C, 0x02, 0x40, 0x2F, 0x70, 0x09, 0x00,
    0x3F, 0xC0, 0x24, 0x00, 0x3F, 0x00, 0x90, 0x00, 0x3C, 0x1F, 0xF0, 0x00, 0x60, 0x01, 0xFF, 0x90,
    0x03, 0xE0, 0x2E, 0x03, 0xD0, 0x03, 0xE1, 0xF0, 0x00, 0x7C, 0xBC, 0x00, 0x0F, 0x7E, 0x00, 0x03,
    0xEF, 0x80, 0x00, 0xFA, 0xF0, 0x00, 0x3D, 0x7C, 0x00, 0x1F, 0x0F, 0x80, 0x0F, 0x80, 0xF8, 0x0B,
    0x80, 0x07, 0xFE, 0x40, 0x7F, 0xFF, 0xF4, 0x02, 0xF0, 0x0F, 0x40, 0xBC, 0x01, 0xF0, 0x2F, 0x00,
    0x7C, 0x0B, 0xC0, 0x1F, 0x02, 0xF0, 0x0F, 0x40, 0xBF, 0xFF, 0x40, 0x2F, 0x00, 0x00, 0x0B, 0xC0,
    0x00, 0x02, 0xF0, 0x00, 0x00, 0xBC, 0x00, 0x01, 0xFF, 0xE0, 0x00, 0x01, 0xFF, 0x90, 0x03, 0xE0,
    0x2E, 0x03, 0xD0, 0x03, 0xE1, 0xF0, 0x00, 0x7C, 0xB8, 0x00, 0x0F, 0x7E, 0x00, 0x03, 0xEF, 0x80,
    0x00, 0xFA, 0xE0, 0x00, 0x3D, 0x7C, 0x00, 0x0F, 0x0F, 0x4B, 0x8B, 0x40, 0xFA, 0x2B, 0x40, 0x07,
    0xFF, 0x40, 0x00, 0x00, 0xFF, 0x80, 0x00, 0x2F, 0xD0, 0x00, 0x03, 0xE0, 0x7F, 0xFF, 0xE4, 0x00,
    0x2F, 0x01, 0xF8, 0x00, 0xBC, 0x01, 0xF0, 0x02, 0xF0, 0x07, 0xC0, 0x0B, 0xC0, 0x7D, 0x00, 0x2F,
    0xFF, 0xC0, 0x00, 0xBC, 0x0F, 0x80, 0x02, 0xF0, 0x1F, 0x00, 0x0B, 0xC0, 0x3D, 0x00, 0x2F, 0x00,
    0xF4, 0x00, 0xBC, 0x03, 0xE1, 0x5F, 0xFE, 0x06, 0xFC, 0x1F, 0xE2, 0x0D, 0x07, 0xCB, 0x00, 0x33,
    0xC0, 0x08, 0xBE, 0x40, 0x0F, 0xFF, 0x00, 0xBF, 0xF0, 0x00, 0xBE, 0xC0, 0x03, 0xB4, 0x00, 0xEF,
    0x40, 0xB3, 0x2F, 0xE0, 0x3F, 0xFF, 0xFF, 0x8D, 0x07, 0xC0, 0xE3, 0x01, 0xF0, 0x08, 0x80, 0x7C,
    0x03, 0x00, 0x1F, 0x00, 0x00, 0x07, 0xC0, 0x00, 0x01, 0xF0, 0x00, 0x00, 0x7C, 0x00, 0x00, 0x1F,
    0x00, 0x00, 0x07, 0xC0, 0x00, 0x01, 0xF0, 0x00, 0x0F, 0xFF, 0xE0, 0x00, 0x00, 0x00, 0x00, 0x7F,
    0xF8, 0x0F, 0xF4, 0x2F, 0x00, 0x06, 0x00, 0xBC, 0x00, 0x18, 0x02, 0xF0, 0x00, 0x60, 0x0B, 0xC0,
    0x01, 0x80, 0x2F, 0x00, 0x06, 0x00, 0xBC, 0x00, 0x18, 0x01, 0xF0, 0x00, 0x60, 0x07, 0xC0, 0x01,
    0x40, 0x0F, 0x00, 0x0C, 0x00, 0x1F, 0x41, 0xE0, 0x00, 0x0B, 0xFD, 0x00, 0xBF, 0xF0, 0x0F, 0xF4,
    0x3F, 0x00, 0x0A, 0x00, 0x7C, 0x00, 0x30, 0x00, 0xF8, 0x01, 0x80, 0x01, 0xF0, 0x0C, 0x00, 0x03,
    0xE0, 0x30, 0x00, 0x0B, 0xC2, 0x40, 0x00, 0x0F, 0x4C, 0x00, 0x00, 0x2F, 0x90, 0x00, 0x00, 0x3F,
    0x00, 0x00, 0x00, 0xF8, 0x00, 0x00, 0x01, 0xC0, 0x00, 0xBF, 0xF1, 0xFF, 0xC1, 0xFF, 0x0F, 0x80,
    0x3E, 0x00, 0x30, 0x0B, 0xC0, 0x1F, 0x00, 0x20, 0x03, 0xD0, 0x2F, 0x40, 0x90, 0x03, 0xE0, 0x3B,
    0xC0, 0xC0, 0x01, 0xF0, 0x57, 0xC1, 0x80, 0x00, 0xF4, 0x83, 0xE2, 0x00, 0x00, 0xBC, 0x82, 0xF3,
    0x00, 0x00, 0x3F, 0x40, 0xFD, 0x00, 0x00, 0x3F, 0x00, 0xBC, 0x00, 0x00, 0x1E, 0x00, 0x78, 0x00,
    0x00, 0x0C, 0x00, 0x34, 0x00, 0x3F, 0xF8, 0x7F, 0xD0, 0x0F, 0x80, 0x70, 0x00, 0x1F, 0x43, 0x00,
    0x00, 0x2F, 0x24, 0x00, 0x00, 0x3F, 0x80, 0x00, 0x00, 0x3E, 0x00, 0x00, 0x00, 0xFD, 0x00, 0x00,
    0x09, 0xFC, 0x00, 0x00, 0x60, 0xF8, 0x00, 0x07, 0x01, 0xF4, 0x00, 0x30, 0x02, 0xF0, 0x1F, 0xF4,
    0x2F, 0xFC, 0xBF, 0xF0, 0x0B, 0xF4, 0x2F, 0x00, 0x09, 0x00, 0x3F, 0x00, 0x60, 0x00, 0x7E, 0x03,
    0x00, 0x00, 0xBC, 0x24, 0x00, 0x00, 0xFD, 0x80, 0x00, 0x01, 0xFC, 0x00, 0x00, 0x03, 0xE0, 0x00,
    0x00, 0x0F, 0x80, 0x00, 0x00, 0x3E, 0x00, 0x00, 0x00, 0xF8, 0x00, 0x00, 0x2F, 0xFD, 0x00, 0x00,
    0x00, 0x00, 0x00, 0x7F, 0xFF, 0xFB, 0x80, 0x7D, 0xA0, 0x0F, 0x89, 0x02, 0xF0, 0x00, 0x7D, 0x00,
    0x0F, 0x80, 0x02, 0xF0, 0x00, 0x7D, 0x00, 0x0F, 0x80, 0x32, 0xF0, 0x03, 0x7D, 0x01, 0xFF, 0xFF,
    0xFE, 0x3F, 0x38, 0x38, 0x38, 0x38, 0x38, 0x38, 0x38, 0x38, 0x38, 0x38, 0x38, 0x38, 0x38, 0x38,
    0x38, 0x3F, 0x40, 0x00, 0x80, 0x00, 0x20, 0x00, 0x20, 0x00, 0x14, 0x00, 0x08, 0x00, 0x05, 0x00,
    0x02, 0x00, 0x02, 0x00, 0x00, 0x80, 0x00, 0x80, 0x00, 0x50, 0x00, 0x20, 0x00, 0x10, 0x00, 0x08,
    0x00, 0x08, 0x00, 0x01, 0x00, 0x00, 0xBE, 0x0E, 0x0E, 0x0E, 0x0E, 0x0E, 0x0E, 0x0E, 0x0E, 0x0E,
    0x0E, 0x0E, 0x0E, 0x0E, 0x0E, 0x0E, 0xBE, 0x02, 0x80, 0x2E, 0xB4, 0xA0, 0x09, 0x3F, 0xFF, 0xFF,
    0x40, 0x38, 0x0F, 0xC0, 0x64, 0x1F, 0xF8, 0x02, 0xC1, 0xE0, 0x00, 0x0F, 0x00, 0x6F, 0xF0, 0x3E,
    0x0F, 0x07, 0x80, 0xF0, 0x7C, 0x2F, 0x01, 0xFD, 0x7D, 0x7E, 0x00, 0x00, 0x78, 0x00, 0x00, 0xE0,
    0x00, 0x03, 0x80, 0x00, 0x0E, 0xBF, 0x40, 0x3D, 0x0B, 0x40, 0xF0, 0x0F, 0x03, 0xC0, 0x3C, 0x0F,
    0x00, 0xF0, 0x3C, 0x03, 0xC0, 0xF4, 0x3D, 0x03, 0x2F, 0xD0, 0x07, 0xFD, 0x0B, 0x83, 0x83, 0xC0,
    0x01, 0xF0, 0x00, 0x7C, 0x00, 0x0F, 0x00, 0x02, 0xE0, 0x70, 0x1F, 0xE0, 0x00, 0x0F, 0xC0, 0x00,
    0x0F, 0x00, 0x00, 0x3C, 0x00, 0x00, 0xF0, 0x07, 0xF7, 0xC0, 0x78, 0x2F, 0x03, 0xC0, 0x3C, 0x1F,
    0x00, 0xF0, 0x7C, 0x03, 0xC0, 0xF0, 0x0F, 0x02, 0xE0, 0xBC, 0x01, 0xFD, 0xFC, 0x07, 0xF8, 0x0B,
    0x43, 0xC3, 0xC0, 0x75, 0xFF, 0xFD, 0x7C, 0x00, 0x0F, 0x00, 0x02, 0xE0, 0x20, 0x1F, 0xF4, 0x02,
    0xFC, 0x0F, 0x5D, 0x0F, 0x00, 0x0E, 0x00, 0x7F, 0xF0, 0x0F, 0x00, 0x0F, 0x00, 0x0F, 0x00, 0x0F,
    0x00, 0x0F, 0x00, 0x0F, 0x00, 0x3F, 0xD0, 0x00, 0x00, 0x0B, 0xF6, 0xC3, 0xC1, 0xD0, 0x3C, 0x0E,
    0x01, 0xD2, 0xD0, 0x1B, 0xF4, 0x02, 0x00, 0x00, 0x24, 0x00, 0x01, 0xFF, 0xF4, 0x70, 0x02, 0xC3,
    0x80, 0x2C, 0x1B, 0xFE, 0x00, 0x3F, 0x00, 0x00, 0x3C, 0x00, 0x00, 0xF0, 0x00, 0x03, 0xC0, 0x00,
    0x0F, 0x2F, 0x40, 0x3E, 0x0F, 0x00, 0xF0, 0x2D, 0x03, 0xC0, 0xB4, 0x0F, 0x02, 0xD0, 0x3C, 0x0B,
    0x40, 0xF0, 0x2D, 0x0F, 0xF3, 0xFD, 0x1E, 0x0B, 0xC1, 0xE0, 0x00, 0x3F, 0x03, 0xC0, 0xF0, 0x3C,
    0x0F, 0x03, 0xC0, 0xF0, 0xFF, 0x02, 0xC0, 0x3E, 0x02, 0xC0, 0x00, 0x0B, 0xE0, 0x1E, 0x01, 0xE0,
    0x1E, 0x01, 0xE0, 0x1E, 0x01, 0xE0, 0x1E, 0x01, 0xDB, 0x2C, 0x7F, 0x40, 0x7E, 0x00, 0x01, 0xE0,
    0x00, 0x0E, 0x00, 0x00, 0xE0, 0x00, 0x0E, 0x0B, 0xE0, 0xE0, 0xA0, 0x0E, 0x28, 0x00, 0xFF, 0x00,
    0x0F, 0x7C, 0x00, 0xE1, 0xE0, 0x0E, 0x0B, 0x87, 0xF8, 0xFF, 0x3F, 0x03, 0xC0, 0xF0, 0x3C, 0x0F,
    0x03, 0xC0, 0xF0, 0x3C, 0x0F, 0x03, 0xC0, 0xF0, 0xFF, 0x3E, 0x3F, 0x4B, 0xE0, 0x0F, 0xC3, 0xE4,
    0x78, 0x0F, 0x02, 0xE0, 0x38, 0x0F, 0x02, 0xD0, 0x38, 0x0F, 0x02, 0xD0, 0x38, 0x0F, 0x02, 0xD0,
    0x38, 0x0F, 0x02, 0xD0, 0x38, 0x3F, 0xCF, 0xF5, 0xFF, 0x3E, 0x3F, 0x40, 0x3F, 0x0F, 0x00, 0xF0,
    0x2D, 0x03, 0xC0, 0xB4, 0x0F, 0x02, 0xD0, 0x3C, 0x0B, 0x40, 0xF0, 0x2D, 0x0F, 0xF3, 0xFD, 0x07,
    0xF9, 0x02, 0xD0, 0xB4, 0x3C, 0x03, 0xC7, 0x80, 0x3C, 0x78, 0x03, 0xC3, 0xC0, 0x3C, 0x2D, 0x0B,
    0x40, 0x7F, 0xD0, 0x7E, 0xBF, 0x40, 0x7D, 0x0F, 0x40, 0xF0, 0x0F, 0x03, 0xC0, 0x3C, 0x0F, 0x00,
    0xF0, 0x3C, 0x07, 0xC0, 0xF4, 0x3D, 0x03, 0xEF, 0x90, 0x0F, 0x00, 0x00, 0x3C, 0x00, 0x07, 0xFC,
    0x00, 0x00, 0x07, 0xF4, 0xC0, 0xBC, 0x2F, 0x03, 0xC0, 0x3C, 0x1F, 0x00, 0xF0, 0x7C, 0x03, 0xC0,
    0xF0, 0x0F, 0x02, 0xE0, 0xBC, 0x01, 0xFD, 0xF0, 0x00, 0x03, 0xC0, 0x00, 0x0F, 0x00, 0x00, 0xFF,
    0x00, 0x7D, 0xBC, 0x1F, 0x9D, 0x0F, 0x00, 0x0E, 0x00, 0x0E, 0x00, 0x0E, 0x00, 0x0E, 0x00, 0x7F,
    0xC0, 0x1F, 0xE8, 0x30, 0x28, 0x74, 0x00, 0x3F, 0xE0, 0x0B, 0xF8, 0x00, 0x1C, 0x70, 0x1C, 0x6B,
    0xE0, 0x02, 0x00, 0x18, 0x01, 0xE0, 0x2F, 0xFC, 0x1E, 0x00, 0x78, 0x01, 0xE0, 0x07, 0x80, 0x0E,
    0x14, 0x3C, 0x90, 0x7E, 0x00, 0x3F, 0x0F, 0xD0, 0x3C, 0x0B, 0x40, 0xF0, 0x2D, 0x03, 0xC0, 0xB4,
    0x0F, 0x02, 0xD0, 0x3C, 0x0F, 0x40, 0xF0, 0x7D, 0x01, 0xFE, 0xBD, 0xBF, 0x43, 0xF0, 0xF0, 0x18,
    0x0F, 0x03, 0x00, 0x78, 0x20, 0x03, 0xC8, 0x00, 0x1E, 0x80, 0x00, 0xF4, 0x00, 0x07, 0x00, 0xBF,
    0x6F, 0xC7, 0xE1, 0xE0, 0xB0, 0x18, 0x0F, 0x0B, 0x83, 0x00, 0xB4, 0xEC, 0x20, 0x03, 0xD5, 0xD9,
    0x00, 0x3F, 0x0E, 0xC0, 0x01, 0xE0, 0xB4, 0x00, 0x0C, 0x03, 0x00, 0xBF, 0x4B, 0xE0, 0xF0, 0x60,
    0x03, 0xDC, 0x00, 0x1F, 0x00, 0x00, 0xF8, 0x00, 0x32, 0xD0, 0x09, 0x0B, 0x4B, 0xE0, 0xFF, 0xBF,
    0x43, 0xF0, 0xF0, 0x18, 0x0B, 0x43, 0x00, 0x3C, 0x60, 0x02, 0xDC, 0x00, 0x0F, 0x80, 0x00, 0xB0,
    0x00, 0x06, 0x00, 0x00, 0xC0, 0x07, 0x24, 0x00, 0x7D, 0x00, 0x00, 0x3F, 0xFE, 0x30, 0x3C, 0x00,
    0xB4, 0x02, 0xE0, 0x07, 0xC0, 0x0F, 0x03, 0x3D, 0x0A, 0x7F, 0xFE, 0x00, 0x00, 0x00, 0xBD, 0x03,
    0xE0, 0x03, 0xC0, 0x03, 0xC0, 0x03, 0xC0, 0x03, 0xC0, 0x03, 0xC0, 0x0B, 0x40, 0x7D, 0x00, 0x0B,
    0x40, 0x03, 0xC0, 0x03, 0xC0, 0x03, 0xC0, 0x03, 0xC0, 0x03, 0xC0, 0x03, 0xD0, 0x00, 0xBD, 0x4C,
    0xCC, 0xCC, 0xCC, 0xCC, 0xCC, 0xCC, 0xCC, 0xC0, 0xBD, 0x00, 0x0B, 0x80, 0x03, 0xC0, 0x03, 0xC0,
    0x03, 0xC0, 0x03, 0xC0, 0x03, 0xC0, 0x02, 0xE0, 0x00, 0xBD, 0x03, 0xE0, 0x03, 0xC0, 0x03, 0xC0,
    0x03, 0xC0, 0x03, 0xC0, 0x07, 0x80, 0x6E, 0x00, 0x1F, 0x90, 0x81, 0x06, 0xF4, 0x3C, 0x7C, 0x3C,
    0x00, 0x10, 0x28, 0x28, 0x3C, 0x3C, 0x3C, 0x7C, 0x7C, 0x14, 0x00, 0x30, 0x00, 0x6F, 0xF4, 0x1E,
    0x33, 0xC3, 0xC3, 0x28, 0x7C, 0x30, 0x07, 0xC3, 0x00, 0x3C, 0x30, 0x41, 0xF3, 0x1C, 0x06, 0xFE,
    0x00, 0x03, 0x00, 0x00, 0x2F, 0x80, 0x03, 0xC1, 0xC0, 0x1D, 0x07, 0x40, 0xB4, 0x2C, 0x02, 0xD0,
    0x00, 0x3F, 0xF4, 0x00, 0x2D, 0x00, 0x00, 0xB4, 0x00, 0x02, 0xD0, 0x00, 0x0B, 0x40, 0x0B, 0xFF,
    0x91, 0xEF, 0x8B, 0xF8, 0x00, 0x00, 0x00, 0xBF, 0xF0, 0x0B, 0xF4, 0x2F, 0x00, 0x0D, 0x00, 0x3F,
    0x00, 0x60, 0x00, 0x7E, 0x03, 0x00, 0x2F, 0xFF, 0xFF, 0xD0, 0x00, 0xF8, 0xC0, 0x00, 0x01, 0xFC,
    0x00, 0x00, 0x03, 0xE0, 0x00, 0x2F, 0xFF, 0xFF, 0xE0, 0x00, 0x3E, 0x00, 0x00, 0x00, 0xF8, 0x00,
    0x00, 0x2F, 0xFD, 0x00, 0x00, 0x00, 0x00, 0x00, 0x1F, 0xD1, 0xD1, 0xCA, 0x07, 0x2D, 0x00, 0x3F,
    0x40, 0xBF, 0x87, 0x1F, 0x68, 0x0A, 0x7D, 0x34, 0xFF, 0x80, 0x7F, 0x00, 0x1E, 0x34, 0x28, 0xD1,
    0xC1, 0xFD, 0x00, 0x3C, 0x38, 0x7C, 0xBC, 0x3C, 0x38, 0x00, 0x0B, 0xFF, 0x90, 0x00, 0x01, 0xF4,
    0x00, 0x6E, 0x00, 0x07, 0x40, 0x00, 0x02, 0xC0, 0x1C, 0x00, 0x00, 0x00, 0x70, 0x30, 0x02, 0xFE,
    0x60, 0x28, 0x60, 0x1F, 0x40, 0xF0, 0x0C, 0x90, 0x3D, 0x00, 0x30, 0x09, 0xC0, 0x7C, 0x00, 0x10,
    0x0A, 0xC0, 0xBC, 0x00, 0x00, 0x06, 0xC0, 0x7C, 0x00, 0x00, 0x0A, 0x90, 0x3D, 0x00, 0x20, 0x09,
    0x70, 0x1F, 0x40, 0xA0, 0x0C, 0x34, 0x02, 0xFF, 0x40, 0x28, 0x1C, 0x00, 0x00, 0x00, 0x70, 0x07,
    0x40, 0x00, 0x02, 0xC0, 0x00, 0xF4, 0x00, 0x6E, 0x00, 0x00, 0x1B, 0xFF, 0x90, 0x00, 0x1F, 0xE0,
    0x0B, 0x1E, 0x00, 0x03, 0xC0, 0x2F, 0xF0, 0x3D, 0x3C, 0x1E, 0x1F, 0x03, 0xFA, 0xF4, 0xFF, 0xFC,
    0x00, 0x00, 0x01, 0x42, 0x03, 0x0C, 0x0D, 0x28, 0x78, 0xF0, 0x78, 0xF0, 0x0D, 0x28, 0x03, 0x0C,
    0x01, 0x42, 0x00, 0x00, 0x02, 0xFF, 0xFF, 0xF0, 0x00, 0x00, 0xC0, 0x00, 0x03, 0x00, 0x00, 0x0C,
    0x00, 0x00, 0x30, 0x6A, 0x8F, 0xFD, 0x00, 0x00, 0x00, 0x1B, 0xFF, 0xA0, 0x00, 0x01, 0xF4, 0x00,
    0x6E, 0x00, 0x07, 0x40, 0x00, 0x02, 0xC0, 0x1C, 0x00, 0x00, 0x00, 0x70, 0x30, 0x00, 0x00, 0x00,
    0x18, 0x61, 0xFF, 0xFF, 0x40, 0x0C, 0x90, 0x1F, 0x03, 0xE0, 0x09, 0xC0, 0x1F, 0x03, 0xE0, 0x06,
    0xC0, 0x1F, 0xFF, 0x40, 0x06, 0xC0, 0x1F, 0x0B, 0x80, 0x0A, 0x90, 0x1F, 0x07, 0xC0, 0x09, 0x70,
    0x1F, 0x07, 0xD3, 0x0C, 0x35, 0xFF, 0xE2, 0xFD, 0x28, 0x0C, 0x00, 0x00, 0x00, 0x70, 0x07, 0x40,
    0x00, 0x02, 0xC0, 0x00, 0xF4, 0x00, 0x6E, 0x00, 0x00, 0x0B, 0xFF, 0x90, 0x00, 0xBF, 0xFD, 0x3E,
    0x24, 0xCC, 0x26, 0x4D, 0x3E, 0x00, 0x00, 0x0C, 0x00, 0x00, 0x00, 0xC0, 0x00, 0x00, 0x0C, 0x00,
    0x00, 0x00, 0xC0, 0x00, 0x00, 0x0C, 0x00, 0x00, 0x00, 0xC0, 0x00, 0xBF, 0xFF, 0xFF, 0xC0, 0x00,
    0xC0, 0x00, 0x00, 0x0C, 0x00, 0x00, 0x00, 0xC0, 0x00, 0x00, 0x0C, 0x00, 0x00, 0x00, 0xC0, 0x00,
    0xBF, 0xFF, 0xFF, 0xC0, 0x0E, 0x3E, 0xA0, 0x7F, 0x0F, 0xD0, 0x3C, 0x0B, 0x40, 0xF0, 0x2D, 0x03,
    0xC0, 0xB4, 0x0F, 0x02, 0xD0, 0x3C, 0x0F, 0x40, 0xF0, 0x7D, 0x03, 0xFE, 0xBD, 0x0F, 0x00, 0x00,
    0x3C, 0x00, 0x03, 0xFC, 0x00, 0x00, 0x07, 0xFF, 0xF0, 0xFF, 0xD7, 0x0B, 0xFF, 0x5C, 0x3F, 0xFD,
    0x70, 0xFF, 0xF5, 0xC2, 0xFF, 0xD7, 0x02, 0xFF, 0x5C, 0x01, 0xBD, 0x70, 0x00, 0x25, 0xC0, 0x00,
    0x97, 0x00, 0x02, 0x5C, 0x00, 0x09, 0x70, 0x00, 0x25, 0xC0, 0x00, 0x97, 0x00, 0x0F, 0xFF, 0x00,
    0xB7, 0xEB, 0x40, 0x0B, 0x80, 0x1F, 0x7F, 0x90, 0x0B, 0xF4, 0x0F, 0x0B, 0x47, 0x80, 0xF1, 0xE0,
    0x3C, 0x78, 0x0F, 0x0F, 0x0B, 0x80, 0xBF, 0x40, 0xFF, 0xFC, 0x00, 0x00, 0x81, 0x00, 0x60, 0xC0,
    0x38, 0x70, 0x0F, 0x2D, 0x0E, 0x2C, 0x38, 0xB0, 0x60, 0xC0, 0x81, 0x00, 0x0B, 0x40, 0x0F, 0x80,
    0x0B, 0x40, 0x00, 0x00, 0x02, 0x00, 0x02, 0x00, 0x09, 0x00, 0x1C, 0x00, 0x78, 0x00, 0xF4, 0x3C,
    0xF4, 0x2C, 0x2F, 0xE0, 0x00, 0x38, 0x00, 0x00, 0x00, 0xFC, 0x00, 0x00, 0x00, 0x64, 0x00, 0x00,
    0x01, 0xC0, 0x00, 0x00, 0x0B, 0x40, 0x00, 0x00, 0x3F, 0x00, 0x00, 0x02, 0xBD, 0x00, 0x00, 0x0C,
    0xF8, 0x00, 0x00, 0x61, 0xF0, 0x00, 0x03, 0x43, 0xE0, 0x00, 0x0C, 0x0B, 0xC0, 0x00, 0xBF, 0xFF,
    0x40, 0x03, 0x00, 0x3F, 0x00, 0x18, 0x00, 0x7C, 0x07, 0xFC, 0x0B, 0xFF, 0x00, 0x00, 0x06, 0xC0,
    0x00, 0x00, 0x7F, 0x40, 0x00, 0x00, 0x00, 0x00, 0x00, 0x01, 0xC0, 0x00, 0x00, 0x0B, 0x40, 0x00,
    0x00, 0x3F, 0x00, 0x00, 0x02, 0xBD, 0x00, 0x00, 0x0C, 0xF8, 0x00, 0x00, 0x61, 0xF0, 0x00, 0x03,
    0x43, 0xE0, 0x00, 0x0C, 0x0B, 0xC0, 0x00, 0xBF, 0xFF, 0x40, 0x03, 0x00, 0x3F, 0x00, 0x18, 0x00,
    0x7C, 0x07, 0xFC, 0x0B, 0xFF, 0x00, 0x00, 0x00, 0x00, 0x00, 0x00, 0x2D, 0x00, 0x00, 0x03, 0x9E,
    0x00, 0x00, 0x04, 0x04, 0x00, 0x00, 0x07, 0x00, 0x00, 0x00, 0x2D, 0x00, 0x00, 0x00, 0xFC, 0x00,
    0x00, 0x0A, 0xF4, 0x00, 0x00, 0x33, 0xE0, 0x00, 0x01, 0x87, 0xC0, 0x00, 0x0D, 0x0F, 0x80, 0x00,
    0x30, 0x2F, 0x00, 0x02, 0xFF, 0xFD, 0x00, 0x0C, 0x00, 0xFC, 0x00, 0x60, 0x01, 0xF0, 0x1F, 0xF0,
    0x2F, 0xFC, 0x00, 0x7E, 0x08, 0x00, 0x01, 0x0B, 0xD0, 0x00, 0x00, 0x00, 0x00, 0x00, 0x01, 0xC0,
    0x00, 0x00, 0x0B, 0x40, 0x00, 0x00, 0x3F, 0x00, 0x00, 0x02, 0xBD, 0x00, 0x00, 0x0C, 0xF8, 0x00,
    0x00, 0x61, 0xF0, 0x00, 0x03, 0x43, 0xE0, 0x00, 0x0C, 0x0B, 0xC0, 0x00, 0xBF, 0xFF, 0x40, 0x03,
    0x00, 0x3F, 0x00, 0x18, 0x00, 0x7C, 0x07, 0xFC, 0x0B, 0xFF, 0x00, 0x00, 0x74, 0xB0, 0x00, 0x03,
    0xE3, 0xE0, 0x00, 0x07, 0x4B, 0x00, 0x00, 0x00, 0x00, 0x00, 0x00, 0x07, 0x00, 0x00, 0x00, 0x2D,
    0x00, 0x00, 0x00, 0xFC, 0x00, 0x00, 0x0A, 0xF4, 0x00, 0x00, 0x33, 0xE0, 0x00, 0x01, 0x87, 0xC0,
    0x00, 0x0D, 0x0F, 0x80, 0x00, 0x30, 0x2F, 0x00, 0x02, 0xFF, 0xFD, 0x00, 0x0C, 0x00, 0xFC, 0x00,
    0x60, 0x01, 0xF0, 0x1F, 0xF0, 0x2F, 0xFC, 0x00, 0x0B, 0x80, 0x00, 0x00, 0x52, 0x00, 0x00, 0x02,
    0x05, 0x00, 0x00, 0x05, 0x20, 0x00, 0x00, 0x0B, 0x40, 0x00, 0x00, 0x3D, 0x00, 0x00, 0x00, 0xFC,
    0x00, 0x00, 0x0A, 0xF4, 0x00, 0x00, 0x33, 0xE0, 0x00, 0x01, 0x87, 0xC0, 0x00, 0x0D, 0x0F, 0x80,
    0x00, 0x30, 0x2F, 0x00, 0x02, 0xFF, 0xFD, 0x00, 0x0C, 0x00, 0xFC, 0x00, 0xA0, 0x01, 0xF0, 0x1F,
    0xF0, 0x2F, 0xFC, 0x00, 0x3F, 0xFF, 0xFF, 0x00, 0x00, 0x9F, 0x40, 0x74, 0x00, 0x0C, 0xF4, 0x02,
    0x40, 0x01, 0x8F, 0x40, 0x18, 0x00, 0x30, 0xF4, 0x00, 0x00, 0x06, 0x0F, 0x47, 0x00, 0x00, 0xFF,
    0xFF, 0xF0, 0x00, 0x0C, 0x0F, 0x43, 0x00, 0x02, 0x40, 0xF4, 0x00, 0xC0, 0x30, 0x0F, 0x40, 0x0C,
    0x0A, 0x00, 0xF4, 0x07, 0x87, 0xFC, 0x3F, 0xFF, 0xF4, 0x00, 0xBF, 0x83, 0x02, 0xF4, 0x1F, 0xC2,
    0xE0, 0x00, 0xF1, 0xF0, 0x00, 0x0C, 0xBC, 0x00, 0x03, 0x3E, 0x00, 0x00, 0x0F, 0x80, 0x00, 0x03,
    0xE0, 0x00, 0x00, 0xBC, 0x00, 0x02, 0x0F, 0x00, 0x00, 0xC1, 0xE0, 0x00, 0x90, 0x1F, 0x40, 0x90,
    0x00, 0x1F, 0x80, 0x00, 0x00, 0xB4, 0x00, 0x0B, 0xF8, 0x00, 0x00, 0x74, 0x00, 0x00, 0x1F, 0x80,
    0x00, 0x00, 0x70, 0x01, 0xFF, 0xFF, 0xF4, 0x0B, 0xC0, 0x1D, 0x02, 0xF0, 0x01, 0x80, 0xBC, 0x00,
    0x20, 0x2F, 0x09, 0x00, 0x0B, 0xFF, 0x40, 0x02, 0xF0, 0x90, 0x00, 0xBC, 0x00, 0x00, 0x2F, 0x00,
    0x08, 0x0B, 0xC0, 0x03, 0x02, 0xF0, 0x07, 0xC7, 0xFF, 0xFF, 0xE0, 0x00, 0x00, 0x80, 0x00, 0x02,
    0xF4, 0x00, 0x00, 0xE4, 0x01, 0xFF, 0xFF, 0xF4, 0x0B, 0xC0, 0x1D, 0x02, 0xF0, 0x01, 0x80, 0xBC,
    0x00, 0x20, 0x2F, 0x09, 0x00, 0x0B, 0xFF, 0x40, 0x02, 0xF0, 0x90, 0x00, 0xBC, 0x00, 0x00, 0x2F,
    0x00, 0x08, 0x0B, 0xC0, 0x03, 0x02, 0xF0, 0x07, 0xC7, 0xFF, 0xFF, 0xE0, 0x00, 0x00, 0x00, 0x00,
    0x07, 0x80, 0x00, 0x0B, 0x6C, 0x00, 0x01, 0x01, 0x00, 0x7F, 0xFF, 0xFD, 0x02, 0xF0, 0x07, 0x40,
    0xBC, 0x00, 0x60, 0x2F, 0x00, 0x08, 0x0B, 0xC2, 0x40, 0x02, 0xFF, 0xD0, 0x00, 0xBC, 0x24, 0x00,
    0x2F, 0x00, 0x00, 0x0B, 0xC0, 0x02, 0x02, 0xF0, 0x00, 0xC0, 0xBC, 0x01, 0xF1, 0xFF, 0xFF, 0xF8,
    0x01, 0xE1, 0xD0, 0x00, 0xBC, 0xFC, 0x00, 0x1E, 0x1D, 0x00, 0x00, 0x00, 0x00, 0x7F, 0xFF, 0xFD,
    0x02, 0xF0, 0x07, 0x40, 0xBC, 0x00, 0x60, 0x2F, 0x00, 0x08, 0x0B, 0xC2, 0x40, 0x02, 0xFF, 0xD0,
    0x00, 0xBC, 0x24, 0x00, 0x2F, 0x00, 0x00, 0x0B, 0xC0, 0x02, 0x02, 0xF0, 0x00, 0xC0, 0xBC, 0x01,
    0xF1, 0xFF, 0xFF, 0xF8, 0x1D, 0x00, 0x7E, 0x00, 0x1C, 0x1F, 0xFF, 0x0B, 0xC0, 0x2F, 0x00, 0xBC,
    0x02, 0xF0, 0x0B, 0xC0, 0x2F, 0x00, 0xBC, 0x02, 0xF0, 0x0B, 0xC0, 0x2F, 0x07, 0xFF, 0xC0, 0x06,
    0xD0, 0x3F, 0x00, 0x00, 0x1F, 0xFF, 0x0B, 0xC0, 0x2F, 0x00, 0xBC, 0x02, 0xF0, 0x0B, 0xC0, 0x2F,
    0x00, 0xBC, 0x02, 0xF0, 0x0B, 0xC0, 0x2F, 0x07, 0xFF, 0xC0, 0x00, 0x00, 0x1E, 0x02, 0xDB, 0x04,
    0x00, 0x7F, 0xFC, 0x2F, 0x00, 0xBC, 0x02, 0xF0, 0x0B, 0xC0, 0x2F, 0x00, 0xBC, 0x02, 0xF0, 0x0B,
    0xC0, 0x2F, 0x00, 0xBC, 0x1F, 0xFF, 0x38, 0x75, 0xF2, 0xF3, 0x87, 0x40, 0x00, 0x7F, 0xFC, 0x2F,
    0x00, 0xBC, 0x02, 0xF0, 0x0B, 0xC0, 0x2F, 0x00, 0xBC, 0x02, 0xF0, 0x0B, 0xC0, 0x2F, 0x00, 0xBC,
    0x1F, 0xFF, 0x7F, 0xFF, 0xF4, 0x00, 0xBC, 0x02, 0xF0, 0x0B, 0xC0, 0x07, 0xC0, 0xBC, 0x00, 0x3D,
    0x0B, 0xC0, 0x02, 0xE0, 0xBC, 0x00, 0x2F, 0x3F, 0xFF, 0x02, 0xF0, 0xBC, 0x00, 0x2F, 0x0B, 0xC0,
    0x03, 0xD0, 0xBC, 0x00, 0x7C, 0x0B, 0xC0, 0x2F, 0x07, 0xFF, 0xFF, 0x80, 0x00, 0x3E, 0x04, 0x00,
    0x02, 0x0B, 0xE0, 0x00, 0x00, 0x00, 0x00, 0x1F, 0xF4, 0x03, 0xFE, 0x0B, 0xF0, 0x00, 0xC0, 0x27,
    0xF0, 0x03, 0x00, 0x93, 0xF0, 0x0C, 0x02, 0x43, 0xE0, 0x30, 0x09, 0x07, 0xE0, 0xC0, 0x24, 0x0B,
    0xD3, 0x00, 0x90, 0x0B, 0xDC, 0x02, 0x40, 0x0F, 0xF0, 0x09, 0x00, 0x0F, 0xC0, 0x24, 0x00, 0x0F,
    0x07, 0xFC, 0x00, 0x18, 0x00, 0x00, 0xB0, 0x00, 0x00, 0x2F, 0x40, 0x00, 0x00, 0xB0, 0x00, 0x07,
    0xFE, 0x40, 0x0F, 0x80, 0xB8, 0x0F, 0x40, 0x0F, 0x87, 0xC0, 0x01, 0xF2, 0xF0, 0x00, 0x3D, 0xF8,
    0x00, 0x0F, 0xBE, 0x00, 0x03, 0xEB, 0xC0, 0x00, 0xF5, 0xF0, 0x00, 0x7C, 0x3E, 0x00, 0x3E, 0x03,
    0xE0, 0x2E, 0x00, 0x1F, 0xF9, 0x00, 0x00, 0x02, 0x00, 0x00, 0x0B, 0xD0, 0x00, 0x07, 0x90, 0x00,
    0x07, 0xFE, 0x40, 0x0F, 0x80, 0xB8, 0x0F, 0x40, 0x0F, 0x87, 0xC0, 0x01, 0xF2, 0xF0, 0x00, 0x3D,
    0xF8, 0x00, 0x0F, 0xBE, 0x00, 0x03, 0xEB, 0xC0, 0x00, 0xF5, 0xF0, 0x00, 0x7C, 0x3E, 0x00, 0x3E,
    0x03, 0xE0, 0x2E, 0x00, 0x1F, 0xF9, 0x00, 0x00, 0x00, 0x00, 0x00, 0x0B, 0x40, 0x00, 0x0E, 0x78,
    0x00, 0x00, 0x01, 0x00, 0x01, 0xFF, 0x90, 0x03, 0xE0, 0x2E, 0x03, 0xD0, 0x03, 0xE1, 0xF0, 0x00,
    0x7C, 0xBC, 0x00, 0x0F, 0x7E, 0x00, 0x03, 0xEF, 0x80, 0x00, 0xFA, 0xF0, 0x00, 0x3D, 0x7C, 0x00,
    0x1F, 0x0F, 0x80, 0x0F, 0x80, 0xF8, 0x0B, 0x80, 0x07, 0xFE, 0x40, 0x01, 0xF8, 0x20, 0x00, 0x46,
    0xF4, 0x00, 0x00, 0x00, 0x00, 0x07, 0xFE, 0x40, 0x0F, 0x80, 0xB8, 0x0F, 0x40, 0x0F, 0x87, 0xC0,
    0x01, 0xF2, 0xF0, 0x00, 0x3D, 0xF8, 0x00, 0x0F, 0xBE, 0x00, 0x03, 0xEB, 0xC0, 0x00, 0xF5, 0xF0,
    0x00, 0x7C, 0x3E, 0x00, 0x3E, 0x03, 0xE0, 0x2E, 0x00, 0x1F, 0xF9, 0x00, 0x01, 0xD2, 0xC0, 0x00,
    0xF8, 0xF8, 0x00, 0x1D, 0x2C, 0x00, 0x00, 0x00, 0x00, 0x01, 0xFF, 0x90, 0x03, 0xE0, 0x2E, 0x03,
    0xD0, 0x03, 0xE1, 0xF0, 0x00, 0x7C, 0xBC, 0x00, 0x0F, 0x7E, 0x00, 0x03, 0xEF, 0x80, 0x00, 0xFA,
    0xF0, 0x00, 0x3D, 0x7C, 0x00, 0x1F, 0x0F, 0x80, 0x0F, 0x80, 0xF8, 0x0B, 0x80, 0x07, 0xFE, 0x40,
    0x00, 0x00, 0x00, 0x00, 0x1B, 0xF8, 0x80, 0x0F, 0x40, 0x7C, 0x03, 0xD0, 0x02, 0xF0, 0x7C, 0x00,
    0x8B, 0x4B, 0x80, 0x20, 0x7C, 0xF8, 0x05, 0x07, 0xCF, 0x80, 0x80, 0x7C, 0xB8, 0x20, 0x07, 0xC7,
    0xC8, 0x00, 0xB8, 0x2E, 0x40, 0x0F, 0x00, 0xB8, 0x07, 0xC0, 0x08, 0xBF, 0xD0, 0x00, 0x00, 0x00,
    0x00, 0x00, 0x1D, 0x00, 0x00, 0x00, 0x7E, 0x00, 0x00, 0x00, 0x1C, 0x00, 0x1F, 0xFE, 0x03, 0xFD,
    0x0B, 0xC0, 0x01, 0x80, 0x2F, 0x00, 0x06, 0x00, 0xBC, 0x00, 0x18, 0x02, 0xF0, 0x00, 0x60, 0x0B,
    0xC0, 0x01, 0x80, 0x2F, 0x00, 0x06, 0x00, 0x7C, 0x00, 0x18, 0x01, 0xF0, 0x00, 0x50, 0x03, 0xC0,
    0x03, 0x00, 0x07, 0xD0, 0x78, 0x00, 0x02, 0xFF, 0x40, 0x00, 0x00, 0x00, 0x20, 0x00, 0x00, 0x0B,
    0xD0, 0x00, 0x00, 0x79, 0x00, 0x1F, 0xFE, 0x03, 0xFD, 0x0B, 0xC0, 0x01, 0x80, 0x2F, 0x00, 0x06,
    0x00, 0xBC, 0x00, 0x18, 0x02, 0xF0, 0x00, 0x60, 0x0B, 0xC0, 0x01, 0x80, 0x2F, 0x00, 0x06, 0x00,
    0x7C, 0x00, 0x18, 0x01, 0xF0, 0x00, 0x50, 0x03, 0xC0, 0x03, 0x00, 0x07, 0xD0, 0x78, 0x00, 0x02,
    0xFF, 0x40, 0x00, 0x00, 0x00, 0x00, 0x00, 0x00, 0x0F, 0x00, 0x00, 0x01, 0xD7, 0x00, 0x00, 0x00,
    0x00, 0x00, 0x7F, 0xF8, 0x0F, 0xF4, 0x2F, 0x00, 0x06, 0x00, 0xBC, 0x00, 0x18, 0x02, 0xF0, 0x00,
    0x60, 0x0B, 0xC0, 0x01, 0x80, 0x2F, 0x00, 0x06, 0x00, 0xBC, 0x00, 0x18, 0x01, 0xF0, 0x00, 0x60,
    0x07, 0xC0, 0x01, 0x40, 0x0F, 0x00, 0x0C, 0x00, 0x1F, 0x41, 0xE0, 0x00, 0x0B, 0xFD, 0x00, 0x00,
    0x78, 0x74, 0x00, 0x02, 0xF3, 0xE0, 0x00, 0x07, 0x87, 0x40, 0x00, 0x00, 0x00, 0x00, 0x7F, 0xF8,
    0x0F, 0xF4, 0x2F, 0x00, 0x06, 0x00, 0xBC, 0x00, 0x18, 0x02, 0xF0, 0x00, 0x60, 0x0B, 0xC0, 0x01,
    0x80, 0x2F, 0x00, 0x06, 0x00, 0xBC, 0x00, 0x18, 0x01, 0xF0, 0x00, 0x60, 0x07, 0xC0, 0x01, 0x40,
    0x0F, 0x00, 0x0C, 0x00, 0x1F, 0x41, 0xE0, 0x00, 0x0B, 0xFD, 0x00, 0x00, 0x01, 0xF0, 0x00, 0x00,
    0x1F, 0x80, 0x00, 0x00, 0x00, 0x00, 0x2F, 0xFC, 0x02, 0xFD, 0x0B, 0xC0, 0x02, 0x40, 0x0F, 0xC0,
    0x18, 0x00, 0x1F, 0x80, 0xC0, 0x00, 0x2F, 0x09, 0x00, 0x00, 0x3F, 0x60, 0x00, 0x00, 0x7F, 0x00,
    0x00, 0x00, 0xF8, 0x00, 0x00, 0x03, 0xE0, 0x00, 0x00, 0x0F, 0x80, 0x00, 0x00, 0x3E, 0x00, 0x00,
    0x0B, 0xFF, 0x40, 0x00, 0x00, 0x00, 0x00, 0x00, 0x00, 0x00, 0x7F, 0xF8, 0x00, 0x0B, 0x80, 0x00,
    0x0B, 0xFF, 0xD0, 0x0B, 0x80, 0xF4, 0x0B, 0x80, 0x7C, 0x0B, 0x80, 0x7C, 0x0B, 0x80, 0xBC, 0x0B,
    0x81, 0xF8, 0x0B, 0xFF, 0xD0, 0x0B, 0x80, 0x00, 0x0B, 0x80, 0x00, 0x7F, 0xF8, 0x00, 0x03, 0xF8,
    0x00, 0xF0, 0x60, 0x0E, 0x03, 0x00, 0xE0, 0x20, 0x7E, 0x28, 0x00, 0xE3, 0x00, 0x0E, 0x74, 0x00,
    0xE3, 0xF4, 0x0E, 0x0B, 0xD0, 0xE0, 0x0D, 0x0E, 0x70, 0xD7, 0xE7, 0xF8, 0x03, 0xC0, 0x00, 0x3F,
    0x00, 0x00, 0x24, 0x01, 0xFF, 0x80, 0x2C, 0x1E, 0x00, 0x00, 0xF0, 0x06, 0xFF, 0x03, 0xE0, 0xF0,
    0x78, 0x0F, 0x07, 0xC2, 0xF0, 0x1F, 0xD7, 0xD0, 0x00, 0x34, 0x00, 0x1F, 0x80, 0x02, 0x40, 0x01,
    0xFF, 0x80, 0x2C, 0x1E, 0x00, 0x00, 0xF0, 0x06, 0xFF, 0x03, 0xE0, 0xF0, 0x78, 0x0F, 0x07, 0xC2,
    0xF0, 0x1F, 0xD7, 0xD0, 0x00, 0x00, 0x00, 0x1C, 0x00, 0x07, 0x70, 0x00, 0x80, 0x80, 0x1F, 0xF8,
    0x02, 0xC1, 0xE0, 0x00, 0x0F, 0x00, 0x6F, 0xF0, 0x3E, 0x0F, 0x07, 0x80, 0xF0, 0x7C, 0x2F, 0x01,
    0xFD, 0x7D, 0x0F, 0x45, 0x01, 0x0B, 0x80, 0x00, 0x00, 0x01, 0xFF, 0x80, 0x2C, 0x1E, 0x00, 0x00,
    0xF0, 0x06, 0xFF, 0x03, 0xE0, 0xF0, 0x78, 0x0F, 0x07, 0xC2, 0xF0, 0x1F, 0xD7, 0xD0, 0x0F, 0x0E,
    0x01, 0xF2, 0xF0, 0x0F, 0x0E, 0x00, 0x00, 0x00, 0x1F, 0xF8, 0x02, 0xC1, 0xE0, 0x00, 0x0F, 0x00,
    0x6F, 0xF0, 0x3E, 0x0F, 0x07, 0x80, 0xF0, 0x7C, 0x2F, 0x01, 0xFD, 0x7D, 0x03, 0xE0, 0x00, 0x92,
    0x00, 0x09, 0x20, 0x00, 0x3E, 0x00, 0x1F, 0xF8, 0x02, 0xC1, 0xE0, 0x00, 0x0F, 0x00, 0x6F, 0xF0,
    0x3E, 0x0F, 0x07, 0x80, 0xF0, 0x7C, 0x2F, 0x01, 0xFD, 0x7D, 0x1F, 0xF4, 0xBF, 0x42, 0xC1, 0xF8,
    0x2C, 0x00, 0x0F, 0x00, 0xD0, 0x6F, 0xFF, 0xFD, 0x2E, 0x4F, 0x00, 0x07, 0x80, 0xB4, 0x00, 0x3C,
    0x1F, 0xD0, 0x91, 0xFE, 0x4B, 0xF4, 0x07, 0xFD, 0x07, 0x83, 0x83, 0xC0, 0x00, 0xF0, 0x00, 0x7C,
    0x00, 0x0F, 0x00, 0x03, 0xC0, 0x20, 0x38, 0x14, 0x01, 0xF4, 0x00, 0x0B, 0x40, 0xBF, 0x80, 0x02,
    0xD0, 0x00, 0x05, 0x00, 0x7F, 0x80, 0xB4, 0x3C, 0x3C, 0x07, 0x5F, 0xFF, 0xD7, 0xC0, 0x00, 0xF0,
    0x00, 0x2E, 0x02, 0x01, 0xFF, 0x40, 0x00, 0xB0, 0x00, 0xF8, 0x00, 0x10, 0x00, 0x1F, 0xE0, 0x2D,
    0x0E, 0x0F, 0x01, 0xC7, 0xFF, 0xF5, 0xF0, 0x00, 0x3C, 0x00, 0x0B, 0x80, 0x80, 0x7F, 0xD0, 0x00,
    0x00, 0x00, 0x74, 0x00, 0x77, 0x40, 0x20, 0x20, 0x07, 0xF8, 0x0B, 0x43, 0xC3, 0xC0, 0x75, 0xFF,
    0xFD, 0x7C, 0x00, 0x0F, 0x00, 0x02, 0xE0, 0x20, 0x1F, 0xF4, 0x1D, 0x2D, 0x0B, 0xCF, 0x81, 0xD2,
    0xD0, 0x00, 0x00, 0x07, 0xF8, 0x0B, 0x43, 0xC3, 0xC0, 0x75, 0xFF, 0xFD, 0x7C, 0x00, 0x0F, 0x00,
    0x02, 0xE0, 0x20, 0x1F, 0xF4, 0x3C, 0x02, 0xF4, 0x00, 0x00, 0xFC, 0x03, 0xC0, 0x3C, 0x03, 0xC0,
    0x3C, 0x03, 0xC0, 0x3C, 0x0F, 0xF0, 0x02, 0xC0, 0xF8, 0x00, 0x03, 0xF0, 0x0F, 0x00, 0xF0, 0x0F,
    0x00, 0xF0, 0x0F, 0x00, 0xF0, 0x3F, 0xC0, 0x00, 0x00, 0xE0, 0x3A, 0x89, 0x05, 0x3F, 0x00, 0xF0,
    0x0F, 0x00, 0xF0, 0x0F, 0x00, 0xF0, 0x0F, 0x03, 0xFC, 0x74, 0xB6, 0xF3, 0xE7, 0x4B, 0x40, 0x00,
    0x2F, 0x40, 0x2D, 0x00, 0x74, 0x01, 0xD0, 0x07, 0x40, 0x1D, 0x00, 0x74, 0x0B, 0xF4, 0x1F, 0x49,
    0x00, 0x1F, 0x80, 0x02, 0x7E, 0x00, 0x00, 0xF4, 0x07, 0xFF, 0xC2, 0xE0, 0xFC, 0x3C, 0x03, 0xC7,
    0x80, 0x3C, 0x78, 0x03, 0xC3, 0xC0, 0x3C, 0x2E, 0x0B, 0x40, 0x7F, 0x90, 0x02, 0xE0, 0x80, 0x14,
    0xBC, 0x00, 0x00, 0x00, 0x0F, 0x8F, 0xD0, 0x0F, 0xC3, 0xC0, 0x3C, 0x0B, 0x40, 0xF0, 0x2D, 0x03,
    0xC0, 0xB4, 0x0F, 0x02, 0xD0, 0x3C, 0x0B, 0x43, 0xFC, 0xFF, 0x40, 0x03, 0xC0, 0x00, 0x2F, 0x40,
    0x00, 0x00, 0x00, 0x7F, 0x90, 0x2D, 0x0B, 0x43, 0xC0, 0x3C, 0x78, 0x03, 0xC7, 0x80, 0x3C, 0x3C,
    0x03, 0xC2, 0xD0, 0xB4, 0x07, 0xFD, 0x00, 0x00, 0x78, 0x00, 0x2F, 0x40, 0x00, 0x00, 0x00, 0x7F,
    0x90, 0x2D, 0x0B, 0x43, 0xC0, 0x3C, 0x78, 0x03, 0xC7, 0x80, 0x3C, 0x3C, 0x03, 0xC2, 0xD0, 0xB4,
    0x07, 0xFD, 0x00, 0x00, 0x00, 0x00, 0x0E, 0x00, 0x03, 0xA8, 0x00, 0x90, 0x90, 0x07, 0xF9, 0x02,
    0xD0, 0xB4, 0x3C, 0x03, 0xC7, 0x80, 0x3C, 0x78, 0x03, 0xC3, 0xC0, 0x3C, 0x2D, 0x0B, 0x40, 0x7F,
    0xD0, 0x07, 0x92, 0x00, 0x47, 0xD0, 0x00, 0x00, 0x00, 0x7F, 0x90, 0x2D, 0x0B, 0x43, 0xC0, 0x3C,
    0x78, 0x03, 0xC7, 0x80, 0x3C, 0x3C, 0x03, 0xC2, 0xD0, 0xB4, 0x07, 0xFD, 0x00, 0x0F, 0x0E, 0x01,
    0xF2, 0xF0, 0x0F, 0x0E, 0x00, 0x00, 0x00, 0x07, 0xF9, 0x02, 0xD0, 0xB4, 0x3C, 0x03, 0xC7, 0x80,
    0x3C, 0x78, 0x03, 0xC3, 0xC0, 0x3C, 0x2D, 0x0B, 0x40, 0x7F, 0xD0, 0x00, 0x2E, 0x00, 0x00, 0x03,
    0xF0, 0x00, 0x00, 0x2E, 0x00, 0x00, 0x00, 0x00, 0x00, 0x00, 0x00, 0x00, 0x0F, 0xFF, 0xFF, 0xFC,
    0x00, 0x00, 0x00, 0x00, 0x00, 0x00, 0x00, 0x00, 0x00, 0x00, 0x00, 0x02, 0xE0, 0x00, 0x00, 0x3F,
    0x00, 0x00, 0x02, 0xE0, 0x00, 0x00, 0x00, 0x00, 0x00, 0x20, 0x07, 0xFA, 0x02, 0xD0, 0xF0, 0x38,
    0x17, 0xC7, 0x42, 0x2C, 0x74, 0x82, 0xC3, 0x90, 0x3C, 0x1E, 0x0B, 0x40, 0xAF, 0xD0, 0x14, 0x00,
    0x01, 0x00, 0x00, 0x01, 0xD0, 0x00, 0x07, 0xD0, 0x00, 0x01, 0x80, 0x0F, 0xC3, 0xF4, 0x0F, 0x02,
    0xD0, 0x3C, 0x0B, 0x40, 0xF0, 0x2D, 0x03, 0xC0, 0xB4, 0x0F, 0x03, 0xD0, 0x3C, 0x1F, 0x40, 0x7F,
    0xAF, 0x40, 0x00, 0x00, 0x00, 0x1D, 0x00, 0x02, 0xF4, 0x00, 0x09, 0x00, 0x0F, 0xC3, 0xF4, 0x0F,
    0x02, 0xD0, 0x3C, 0x0B, 0x40, 0xF0, 0x2D, 0x03, 0xC0, 0xB4, 0x0F, 0x03, 0xD0, 0x3C, 0x1F, 0x40,
    0x7F, 0xAF, 0x40, 0x00, 0x00, 0x00, 0x00, 0x00, 0x00, 0xD0, 0x00, 0x1D, 0xD0, 0x00, 0x80, 0x80,
    0x3F, 0x0F, 0xD0, 0x3C, 0x0B, 0x40, 0xF0, 0x2D, 0x03, 0xC0, 0xB4, 0x0F, 0x02, 0xD0, 0x3C, 0x0F,
    0x40, 0xF0, 0x7D, 0x01, 0xFE, 0xBD, 0x00, 0x00, 0x00, 0x03, 0x87, 0x40, 0x2F, 0x3F, 0x00, 0x38,
    0x74, 0x00, 0x00, 0x00, 0x3F, 0x0F, 0xD0, 0x3C, 0x0B, 0x40, 0xF0, 0x2D, 0x03, 0xC0, 0xB4, 0x0F,
    0x02, 0xD0, 0x3C, 0x0F, 0x40, 0xF0, 0x7D, 0x01, 0xFE, 0xBD, 0x00, 0x00, 0x00, 0x00, 0x0F, 0x00,
    0x07, 0xE0, 0x00, 0x00, 0x0B, 0xF4, 0x3F, 0x0F, 0x01, 0x80, 0xB4, 0x30, 0x03, 0xC6, 0x00, 0x2D,
    0xC0, 0x00, 0xF8, 0x00, 0x0B, 0x00, 0x00, 0x60, 0x00, 0x0C, 0x00, 0x72, 0x40, 0x07, 0xD0, 0x00,
    0x00, 0x00, 0x01, 0xF8, 0x00, 0x01, 0xE0, 0x00, 0x03, 0x80, 0x00, 0x0E, 0x00, 0x00, 0x3A, 0xFD,
    0x00, 0xF4, 0x3D, 0x03, 0x80, 0x3C, 0x0E, 0x00, 0xF0, 0x38, 0x03, 0xC0, 0xE0, 0x1F, 0x03, 0xD0,
    0xF4, 0x0E, 0xBE, 0x40, 0x38, 0x00, 0x00, 0xE0, 0x00, 0x1F, 0xF0, 0x00, 0x0B, 0x0F, 0x00, 0xF8,
    0xF4, 0x0B, 0x0F, 0x00, 0x00, 0x00, 0xBF, 0x43, 0xF0, 0xF0, 0x18, 0x0B, 0x43, 0x00, 0x3C, 0x60,
    0x02, 0xDC, 0x00, 0x0F, 0x80, 0x00, 0xB0, 0x00, 0x06, 0x00, 0x00, 0xC0, 0x07, 0x24, 0x00, 0x7D,
    0x00, 0x00, 0x02, 0xFF, 0xFD, 0x00, 0x00, 0x00, 0x00, 0x00, 0x00, 0x70, 0x00, 0x00, 0x02, 0xD0,
    0x00, 0x00, 0x0F, 0xC0, 0x00, 0x00, 0xAF, 0x40, 0x00, 0x03, 0x3E, 0x00, 0x00, 0x18, 0x7C, 0x00,
    0x00, 0xD0, 0xF8, 0x00, 0x03, 0x02, 0xF0, 0x00, 0x2F, 0xFF, 0xD0, 0x00, 0xC0, 0x0F, 0xC0, 0x06,
    0x00, 0x1F, 0x01, 0xFF, 0x02, 0xFF, 0xC0, 0x7F, 0xFF, 0x00, 0x00, 0x00, 0x1F, 0xF8, 0x02, 0xC1,
    0xE0, 0x00, 0x0F, 0x00, 0x6F, 0xF0, 0x3E, 0x0F, 0x07, 0x80, 0xF0, 0x7C, 0x2F, 0x01, 0xFD, 0x7D,
    0x00, 0x50, 0x20, 0x00, 0x00, 0xBF, 0x40, 0x00, 0x00, 0x00, 0x00, 0x00, 0x01, 0xC0, 0x00, 0x00,
    0x0B, 0x40, 0x00, 0x00, 0x3F, 0x00, 0x00, 0x02, 0xBD, 0x00, 0x00, 0x0C, 0xF8, 0x00, 0x00, 0x61,
    0xF0, 0x00, 0x03, 0x43, 0xE0, 0x00, 0x0C, 0x0B, 0xC0, 0x00, 0xBF, 0xFF, 0x40, 0x03, 0x00, 0x3F,
    0x00, 0x18, 0x00, 0x7C, 0x07, 0xFC, 0x0B, 0xFF, 0x00, 0x08, 0x06, 0x00, 0x3F, 0x80, 0x1F, 0xF8,
    0x02, 0xC1, 0xE0, 0x00, 0x0F, 0x00, 0x6F, 0xF0, 0x3E, 0x0F, 0x07, 0x80, 0xF0, 0x7C, 0x2F, 0x01,
    0xFD, 0x7D, 0x00, 0x07, 0x00, 0x00, 0x00, 0x2D, 0x00, 0x00, 0x00, 0xFC, 0x00, 0x00, 0x0A, 0xF4,
    0x00, 0x00, 0x33, 0xE0, 0x00, 0x01, 0x87, 0xC0, 0x00, 0x0D, 0x0F, 0x80, 0x00, 0x30, 0x2F, 0x00,
    0x02, 0xFF, 0xFD, 0x00, 0x0C, 0x00, 0xFC, 0x00, 0x60, 0x01, 0xF0, 0x1F, 0xF0, 0x2F, 0xFC, 0x00,
    0x00, 0x0A, 0x00, 0x00, 0x00, 0x38, 0x00, 0x00, 0x00, 0x7D, 0x00, 0x1F, 0xF8, 0x02, 0xC1, 0xE0,
    0x00, 0x0F, 0x00, 0x6F, 0xF0, 0x3E, 0x0F, 0x07, 0x80, 0xF0, 0x7C, 0x2F, 0x41, 0xFD, 0x7D, 0x00,
    0x0D, 0x00, 0x00, 0xD0, 0x00, 0x0B, 0xC0, 0x00, 0x01, 0x40, 0x00, 0x07, 0xF0, 0x00, 0x02, 0xE0,
    0x00, 0x06, 0xFE, 0x0C, 0x0B, 0x90, 0x2F, 0x0B, 0x80, 0x02, 0xC7, 0xC0, 0x00, 0x32, 0xF0, 0x00,
    0x00, 0xF8, 0x00, 0x00, 0x3E, 0x00, 0x00, 0x0B, 0xC0, 0x00, 0x01, 0xF0, 0x00, 0x0C, 0x2E, 0x00,
    0x02, 0x02, 0xE4, 0x0B, 0x00, 0x1B, 0xFE, 0x00, 0x00, 0x3C, 0x00, 0x7E, 0x00, 0x00, 0x00, 0x1F,
    0xF4, 0x2E, 0x0E, 0x0F, 0x00, 0x07, 0xC0, 0x01, 0xF0, 0x00, 0x3C, 0x00, 0x0B, 0x81, 0xC0, 0x7F,
    0x80, 0x00, 0x00, 0x00, 0x00, 0x03, 0xC0, 0x00, 0x07, 0x5C, 0x00, 0x00, 0x00, 0x00, 0x01, 0xBF,
    0x83, 0x02, 0xE4, 0x0B, 0xC2, 0xE0, 0x00, 0xB1, 0xF0, 0x00, 0x0C, 0xBC, 0x00, 0x00, 0x3E, 0x00,
    0x00, 0x0F, 0x80, 0x00, 0x02, 0xF0, 0x00, 0x00, 0x7C, 0x00, 0x03, 0x0B, 0x80, 0x00, 0x80, 0xB9,
    0x02, 0xC0, 0x06, 0xFF, 0x80, 0x00, 0x00, 0x00, 0x28, 0x00, 0x3A, 0x80, 0x14, 0x14, 0x07, 0xFD,
    0x0B, 0x83, 0x83, 0xC0, 0x01, 0xF0, 0x00, 0x7C, 0x00, 0x0F, 0x00, 0x02, 0xE0, 0x70, 0x1F, 0xE0,
    0x00, 0x0F, 0x00, 0x00, 0x07, 0xC0, 0x00, 0x00, 0xF0, 0x00, 0x00, 0x00, 0x00, 0x01, 0xBF, 0x83,
    0x02, 0xE4, 0x0B, 0xC2, 0xE0, 0x00, 0xB1, 0xF0, 0x00, 0x0C, 0xBC, 0x00, 0x00, 0x3E, 0x00, 0x00,
    0x0F, 0x80, 0x00, 0x02, 0xF0, 0x00, 0x00, 0x7C, 0x00, 0x03, 0x0B, 0x80, 0x00, 0x80, 0xB9, 0x02,
    0xC0, 0x06, 0xFF, 0x80, 0x00, 0xF0, 0x00, 0x7C, 0x00, 0x0F, 0x00, 0x00, 0x00, 0x07, 0xFD, 0x0B,
    0x83, 0x83, 0xC0, 0x01, 0xF0, 0x00, 0x7C, 0x00, 0x0F, 0x00, 0x02, 0xE0, 0x70, 0x1F, 0xE0, 0x00,
    0x50, 0x20, 0x00, 0x0E, 0x38, 0x00, 0x00, 0xB4, 0x00, 0x00, 0x00, 0x00, 0x01, 0xBF, 0x83, 0x02,
    0xE4, 0x0B, 0xC2, 0xE0, 0x00, 0xB1, 0xF0, 0x00, 0x0C, 0xBC, 0x00, 0x00, 0x3E, 0x00, 0x00, 0x0F,
    0x80, 0x00, 0x02, 0xF0, 0x00, 0x00, 0x7C, 0x00, 0x03, 0x0B, 0x80, 0x00, 0x80, 0xB9, 0x02, 0xC0,
    0x06, 0xFF, 0x80, 0x00, 0x00, 0x02, 0x82, 0x40, 0x2F, 0x40, 0x02, 0x40, 0x07, 0xFD, 0x0B, 0x83,
    0x83, 0xC0, 0x01, 0xF0, 0x00, 0x7C, 0x00, 0x0F, 0x00, 0x02, 0xE0, 0x70, 0x1F, 0xE0, 0x01, 0x40,
    0x50, 0x00, 0x0A, 0x28, 0x00, 0x00, 0x2E, 0x00, 0x00, 0x00, 0x00, 0x00, 0x7F, 0xFF, 0xF4, 0x00,
    0xBC, 0x02, 0xF0, 0x0B, 0xC0, 0x07, 0xC0, 0xBC, 0x00, 0x3D, 0x0B, 0xC0, 0x02, 0xE0, 0xBC, 0x00,
    0x2F, 0x0B, 0xC0, 0x02, 0xF0, 0xBC, 0x00, 0x2E, 0x0B, 0xC0, 0x03, 0xD0, 0xBC, 0x00, 0x7C, 0x0B,
    0xC0, 0x1F, 0x07, 0xFF, 0xFF, 0x80, 0x00, 0x00, 0x0F, 0x00, 0x03, 0xF3, 0xE0, 0x00, 0x3C, 0xB8,
    0x00, 0x0F, 0x04, 0x00, 0x03, 0xC5, 0x01, 0xFD, 0xF0, 0x01, 0xE0, 0xBC, 0x00, 0xF0, 0x0F, 0x00,
    0x7C, 0x03, 0xC0, 0x1F, 0x00, 0xF0, 0x03, 0xC0, 0x3C, 0x00, 0xB8, 0x2F, 0x00, 0x07, 0xF7, 0xF0,
    0x00, 0x7F, 0xFF, 0xF4, 0x00, 0xBC, 0x02, 0xF0, 0x0B, 0xC0, 0x07, 0xC0, 0xBC, 0x00, 0x3D, 0x0B,
    0xC0, 0x02, 0xE0, 0xBC, 0x00, 0x2F, 0x3F, 0xFF, 0x02, 0xF0, 0xBC, 0x00, 0x2F, 0x0B, 0xC0, 0x03,
    0xD0, 0xBC, 0x00, 0x7C, 0x0B, 0xC0, 0x2F, 0x07, 0xFF, 0xFF, 0x80, 0x00, 0x0F, 0xC0, 0x00, 0x0F,
    0x00, 0x2F, 0xFF, 0x00, 0x00, 0xF0, 0x07, 0xF7, 0xC0, 0x78, 0x1F, 0x03, 0xC0, 0x3C, 0x1F, 0x00,
    0xF0, 0x7C, 0x03, 0xC0, 0xF0, 0x0F, 0x02, 0xE0, 0xBC, 0x01, 0xFD, 0xFC, 0x07, 0xFF, 0xF4, 0x00,
    0x00, 0x00, 0x07, 0xFF, 0xFF, 0xD0, 0x2F, 0x00, 0x74, 0x0B, 0xC0, 0x06, 0x02, 0xF0, 0x00, 0x80,
    0xBC, 0x24, 0x00, 0x2F, 0xFD, 0x00, 0x0B, 0xC2, 0x40, 0x02, 0xF0, 0x00, 0x00, 0xBC, 0x00, 0x20,
    0x2F, 0x00, 0x0C, 0x0B, 0xC0, 0x1F, 0x1F, 0xFF, 0xFF, 0x80, 0x3F, 0xFF, 0x40, 0x00, 0x00, 0x7F,
    0x80, 0xB4, 0x3C, 0x3C, 0x07, 0x5F, 0xFF, 0xD7, 0xC0, 0x00, 0xF0, 0x00, 0x2E, 0x02, 0x01, 0xFF,
    0x40, 0x00, 0x1D, 0x00, 0x00, 0x0F, 0xC0, 0x00, 0x01, 0xD0, 0x00, 0x00, 0x00, 0x00, 0x7F, 0xFF,
    0xFD, 0x02, 0xF0, 0x07, 0x40, 0xBC, 0x00, 0x60, 0x2F, 0x00, 0x08, 0x0B, 0xC2, 0x40, 0x02, 0xFF,
    0xD0, 0x00, 0xBC, 0x24, 0x00, 0x2F, 0x00, 0x00, 0x0B, 0xC0, 0x02, 0x02, 0xF0, 0x00, 0xC0, 0xBC,
    0x01, 0xF1, 0xFF, 0xFF, 0xF8, 0x00, 0xE0, 0x00, 0xBC, 0x00, 0x0E, 0x00, 0x00, 0x00, 0x07, 0xF8,
    0x0B, 0x43, 0xC3, 0xC0, 0x75, 0xFF, 0xFD, 0x7C, 0x00, 0x0F, 0x00, 0x02, 0xE0, 0x20, 0x1F, 0xF4,
    0x7F, 0xFF, 0xFD, 0x02, 0xF0, 0x07, 0x40, 0xBC, 0x00, 0x60, 0x2F, 0x00, 0x08, 0x0B, 0xC2, 0x40,
    0x02, 0xFF, 0xD0, 0x00, 0xBC, 0x24, 0x00, 0x2F, 0x00, 0x00, 0x0B, 0xC0, 0x02, 0x02, 0xF0, 0x00,
    0xC0, 0xBC, 0x01, 0xF1, 0xFF, 0xFF, 0xF8, 0x00, 0x00, 0xA0, 0x00, 0x00, 0x38, 0x00, 0x00, 0x07,
    0xD0, 0x0B, 0xF8, 0x0B, 0x43, 0xC7, 0xC0, 0x75, 0xFF, 0xFD, 0x7C, 0x00, 0x0F, 0x00, 0x42, 0xE0,
    0x70, 0x1F, 0xE0, 0x00, 0x60, 0x00, 0x2C, 0x00, 0x03, 0xE0, 0x02, 0x00, 0x80, 0x00, 0x75, 0xD0,
    0x00, 0x07, 0xC0, 0x00, 0x00, 0x00, 0x00, 0x7F, 0xFF, 0xFD, 0x02, 0xF0, 0x07, 0x40, 0xBC, 0x00,
    0x60, 0x2F, 0x00, 0x08, 0x0B, 0xC2, 0x40, 0x02, 0xFF, 0xD0, 0x00, 0xBC, 0x24, 0x00, 0x2F, 0x00,
    0x00, 0x0B, 0xC0, 0x02, 0x02, 0xF0, 0x00, 0xC0, 0xBC, 0x01, 0xF1, 0xFF, 0xFF, 0xF8, 0x00, 0x00,
    0x02, 0x43, 0x40, 0x2F, 0x40, 0x02, 0x40, 0x07, 0xF8, 0x0B, 0x43, 0xC3, 0xC0, 0x75, 0xFF, 0xFD,
    0x7C, 0x00, 0x0F, 0x00, 0x02, 0xE0, 0x20, 0x1F, 0xF4, 0x00, 0x00, 0x00, 0x00, 0x00, 0xF0, 0x00,
    0x00, 0x75, 0xC0, 0x00, 0x00, 0x00, 0x00, 0x01, 0xBF, 0x83, 0x00, 0xB9, 0x02, 0xF0, 0x3E, 0x00,
    0x0B, 0x07, 0xC0, 0x00, 0x30, 0xBC, 0x00, 0x00, 0x0F, 0x80, 0x00, 0x00, 0xF8, 0x00, 0x00, 0x0B,
    0xC0, 0x3F, 0xFD, 0x7C, 0x00, 0x1F, 0x02, 0xE0, 0x01, 0xF0, 0x0B, 0xD0, 0x3F, 0x00, 0x1B, 0xFD,
    0x30, 0x00, 0x00, 0x00, 0x1C, 0x00, 0x0B, 0x70, 0x00, 0x80, 0x80, 0x0B, 0xF6, 0xC3, 0xC1, 0xD0,
    0x3C, 0x0E, 0x01, 0xD2, 0xD0, 0x1B, 0xF4, 0x02, 0x00, 0x00, 0x24, 0x00, 0x01, 0xFF, 0xF4, 0x70,
    0x02, 0xC3, 0x80, 0x2C, 0x1B, 0xFE, 0x00, 0x00, 0x80, 0x20, 0x00, 0x02, 0xF8, 0x00, 0x00, 0x00,
    0x00, 0x00, 0x1B, 0xFE, 0x70, 0x0F, 0xD0, 0x0B, 0x02, 0xE0, 0x00, 0x20, 0x7C, 0x00, 0x00, 0x0B,
    0xC0, 0x00, 0x00, 0xF8, 0x00, 0x00, 0x0F, 0x80, 0x00, 0x00, 0xBC, 0x03, 0xFF, 0xD7, 0xC0, 0x01,
    0xF0, 0x2E, 0x00, 0x1F, 0x00, 0xBD, 0x03, 0xF0, 0x01, 0xBF, 0xD0, 0x00, 0x08, 0x06, 0x00, 0x3F,
    0x80, 0x0B, 0xFA, 0xD3, 0xC1, 0xE0, 0x3C, 0x0E, 0x01, 0xD2, 0xD0, 0x1B, 0xF4, 0x02, 0x00, 0x00,
    0x24, 0x00, 0x01, 0xFF, 0xF4, 0x70, 0x02, 0xC3, 0x80, 0x2C, 0x1B, 0xFE, 0x00, 0x00, 0x0F, 0x00,
    0x00, 0x01, 0xF0, 0x00, 0x00, 0x0F, 0x00, 0x00, 0x00, 0x00, 0x00, 0x01, 0xBF, 0x83, 0x00, 0xB9,
    0x02, 0xF0, 0x3E, 0x00, 0x0B, 0x07, 0xC0, 0x00, 0x30, 0xBC, 0x00, 0x00, 0x0F, 0x80, 0x00, 0x00,
    0xF8, 0x00, 0x00, 0x0B, 0xC0, 0x3F, 0xFD, 0x7C, 0x00, 0x1F, 0x02, 0xE0, 0x01, 0xF0, 0x0B, 0xD0,
    0x3F, 0x00, 0x1B, 0xFD, 0x70, 0x02, 0xD0, 0x00, 0x3E, 0x00, 0x02, 0xC0, 0x00, 0x00, 0x00, 0x0B,
    0xFA, 0xD3, 0xC1, 0xE0, 0x3C, 0x0E, 0x01, 0xD2, 0xD0, 0x1B, 0xF4, 0x02, 0x00, 0x00, 0x24, 0x00,
    0x01, 0xFF, 0xF4, 0x70, 0x02, 0xC3, 0x80, 0x2C, 0x1B, 0xFE, 0x00, 0x00, 0x00, 0x00, 0x00, 0x00,
    0x1E, 0x00, 0x00, 0x02, 0xDB, 0x00, 0x00, 0x04, 0x00, 0x00, 0x7F, 0xF8, 0x7F, 0xF8, 0x2F, 0x00,
    0x2F, 0x00, 0xBC, 0x00, 0xBC, 0x02, 0xF0, 0x02, 0xF0, 0x0B, 0xC0, 0x0B, 0xC0, 0x2F, 0xFF, 0xFF,
    0x00, 0xBC, 0x00, 0xBC, 0x02, 0xF0, 0x02, 0xF0, 0x0B, 0xC0, 0x0B, 0xC0, 0x2F, 0x00, 0x2F, 0x00,
    0xBC, 0x00, 0xBC, 0x1F, 0xFE, 0x1F, 0xFE, 0x00, 0x00, 0x00, 0x01, 0xD0, 0x00, 0x1D, 0xE0, 0x00,
    0x80, 0x80, 0x3F, 0x00, 0x00, 0x3C, 0x00, 0x00, 0xF0, 0x00, 0x03, 0xC0, 0x00, 0x0F, 0x2F, 0x40,
    0x3E, 0x0F, 0x00, 0xF0, 0x2D, 0x03, 0xC0, 0xB4, 0x0F, 0x02, 0xD0, 0x3C, 0x0B, 0x40, 0xF0, 0x2D,
    0x0F, 0xF3, 0xFD, 0x2F, 0x40, 0x00, 0x0B, 0x40, 0x00, 0xBF, 0xFC, 0x00, 0x0B, 0x40, 0x00, 0x0B,
    0x5F, 0x80, 0x0B, 0x91, 0xE0, 0x0B, 0x80, 0xF0, 0x0B, 0x40, 0xF0, 0x0B, 0x40, 0xF0, 0x0B, 0x40,
    0xF0, 0x0B, 0x40, 0xF0, 0x2F, 0xE7, 0xFC, 0x00, 0x00, 0x00, 0xFF, 0xFC, 0x00, 0x00, 0x7F, 0xFC,
    0x0B, 0xC0, 0x0B, 0xC0, 0x0B, 0xC0, 0x0B, 0xC0, 0x0B, 0xC0, 0x0B, 0xC0, 0x0B, 0xC0, 0x0B, 0xC0,
    0x0B, 0xC0, 0x0B, 0xC0, 0x7F, 0xFC, 0xBF, 0xFD, 0x00, 0x00, 0x0F, 0xC0, 0x03, 0xC0, 0x03, 0xC0,
    0x03, 0xC0, 0x03, 0xC0, 0x03, 0xC0, 0x03, 0xC0, 0x0F, 0xF0, 0x03, 0x80, 0x2F, 0x00, 0x38, 0x00,
    0x00, 0x7F, 0xFC, 0x2F, 0x00, 0xBC, 0x02, 0xF0, 0x0B, 0xC0, 0x2F, 0x00, 0xBC, 0x02, 0xF0, 0x0B,
    0xC0, 0x2F, 0x00, 0xBC, 0x1F, 0xFF, 0x3F, 0x03, 0xC0, 0xF0, 0x3C, 0x0F, 0x03, 0xC0, 0xF0, 0xFF,
    0x00, 0x00, 0x00, 0x02, 0xD0, 0x00, 0xE7, 0x80, 0x04, 0x04, 0x03, 0xFF, 0xC0, 0x02, 0xE0, 0x00,
    0x2E, 0x00, 0x02, 0xE0, 0x00, 0x2E, 0x00, 0x02, 0xE0, 0x00, 0x2E, 0x00, 0x02, 0xE0, 0x00, 0x2E,
    0x07, 0x83, 0xE0, 0x78, 0x7C, 0x02, 0xFE, 0x00, 0x00, 0x00, 0x00, 0xD0, 0x07, 0x74, 0x08, 0x08,
    0x0B, 0xE0, 0x01, 0xE0, 0x01, 0xE0, 0x01, 0xE0, 0x01, 0xE0, 0x01, 0xE0, 0x01, 0xE0, 0x01, 0xE0,
    0x01, 0xD0, 0xB2, 0xC0, 0x7F, 0x40, 0x06, 0xC0, 0x00, 0x7F, 0x00, 0x00, 0x00, 0x00, 0x1F, 0xFF,
    0x00, 0x0B, 0xC0, 0x00, 0x2F, 0x00, 0x00, 0xBC, 0x00, 0x02, 0xF0, 0x00, 0x0B, 0xC0, 0x00, 0x2F,
    0x00, 0x00, 0xBC, 0x00, 0x02, 0xF0, 0x03, 0x0B, 0xC0, 0x18, 0x2F, 0x01, 0xE7, 0xFF, 0xFF, 0x40,
    0x00, 0x90, 0x7E, 0x0E, 0x83, 0xF0, 0x0F, 0x00, 0xF0, 0x0F, 0x00, 0xF0, 0x0F, 0x00, 0xF0, 0x0F,
    0x00, 0xF0, 0x0F, 0x00, 0xF0, 0x3F, 0xC0, 0x00, 0x03, 0x80, 0x00, 0x1F, 0x40, 0x00, 0x7D, 0x1F,
    0xFF, 0x10, 0x0B, 0xC0, 0x80, 0x2F, 0x04, 0x00, 0xBC, 0x00, 0x02, 0xF0, 0x00, 0x0B, 0xC0, 0x00,
    0x2F, 0x00, 0x00, 0xBC, 0x00, 0x02, 0xF0, 0x03, 0x0B, 0xC0, 0x18, 0x2F, 0x01, 0xE7, 0xFF, 0xFF,
    0x40, 0x00, 0x3C, 0x3F, 0x7D, 0x0F, 0x3D, 0x0F, 0x08, 0x0F, 0x14, 0x0F, 0x00, 0x0F, 0x00, 0x0F,
    0x00, 0x0F, 0x00, 0x0F, 0x00, 0x0F, 0x00, 0x0F, 0x00, 0x3F, 0xC0, 0x00, 0x00, 0x01, 0xFF, 0xF0,
    0x00, 0xBC, 0x00, 0x02, 0xF0, 0x40, 0x0B, 0xCD, 0x00, 0x2F, 0xC0, 0x00, 0xBC, 0x00, 0x03, 0xF0,
    0x00, 0x2B, 0xC0, 0x00, 0x2F, 0x00, 0x30, 0xBC, 0x01, 0x82, 0xF0, 0x1E, 0x7F, 0xFF, 0xF4, 0xBD,
    0x0B, 0x42, 0xD0, 0xB4, 0x2F, 0x8B, 0x87, 0xD1, 0xB4, 0x2D, 0x0B, 0x42, 0xD2, 0xFE, 0x00, 0x00,
    0x00, 0x00, 0x90, 0x00, 0x00, 0x1F, 0x80, 0x00, 0x00, 0xE8, 0x00, 0x1F, 0xF4, 0x03, 0xFE, 0x0B,
    0xF0, 0x00, 0xC0, 0x27, 0xF0, 0x03, 0x00, 0x93, 0xF0, 0x0C, 0x02, 0x43, 0xE0, 0x30, 0x09, 0x07,
    0xE0, 0xC0, 0x24, 0x0B, 0xD3, 0x00, 0x90, 0x0B, 0xDC, 0x02, 0x40, 0x0F, 0xF0, 0x09, 0x00, 0x0F,
    0xC0, 0x24, 0x00, 0x0F, 0x07, 0xFC, 0x00, 0x18, 0x00, 0x00, 0x0F, 0x00, 0x01, 0xF8, 0x00, 0x00,
    0x00, 0x0F, 0x8F, 0xD0, 0x0F, 0xC3, 0xC0, 0x3C, 0x0B, 0x40, 0xF0, 0x2D, 0x03, 0xC0, 0xB4, 0x0F,
    0x02, 0xD0, 0x3C, 0x0B, 0x43, 0xFC, 0xFF, 0x40, 0x00, 0x20, 0x14, 0x00, 0x00, 0xB2, 0xC0, 0x00,
    0x00, 0x78, 0x00, 0x00, 0x00, 0x00, 0x00, 0x7F, 0xD0, 0x0F, 0xF8, 0x2F, 0xC0, 0x03, 0x00, 0x9F,
    0xC0, 0x0C, 0x02, 0x4F, 0xC0, 0x30, 0x09, 0x0F, 0x80, 0xC0, 0x24, 0x1F, 0x83, 0x00, 0x90, 0x2F,
    0x4C, 0x02, 0x40, 0x2F, 0x70, 0x09, 0x00, 0x3F, 0xC0, 0x24, 0x00, 0x3F, 0x00, 0x90, 0x00, 0x3C,
    0x1F, 0xF0, 0x00, 0x60, 0x00, 0x00, 0x00, 0x18, 0x28, 0x00, 0x1F, 0x80, 0x00, 0x18, 0x00, 0x3E,
    0x3F, 0x40, 0x3F, 0x0F, 0x00, 0xF0, 0x2D, 0x03, 0xC0, 0xB4, 0x0F, 0x02, 0xD0, 0x3C, 0x0B, 0x40,
    0xF0, 0x2D, 0x0F, 0xF3, 0xFD, 0x00, 0x6D, 0x78, 0x00, 0x39, 0xF9, 0x00, 0x1F, 0xF9, 0x00, 0x3E,
    0x02, 0xE0, 0x3D, 0x00, 0x3E, 0x1F, 0x00, 0x07, 0xCB, 0xC0, 0x00, 0xF7, 0xE0, 0x00, 0x3E, 0xF8,
    0x00, 0x0F, 0xAF, 0x00, 0x03, 0xD7, 0xC0, 0x01, 0xF0, 0xF8, 0x00, 0xF8, 0x0F, 0x80, 0xB8, 0x00,
    0x7F, 0xE4, 0x00, 0x00, 0xB2, 0xD0, 0x3E, 0xF8, 0x00, 0x04, 0x00, 0x7F, 0x90, 0x2D, 0x0B, 0x43,
    0xC0, 0x3C, 0x78, 0x03, 0xC7, 0x80, 0x3C, 0x3C, 0x03, 0xC2, 0xD0, 0xB4, 0x07, 0xFD, 0x00, 0x01,
    0xBF, 0xFF, 0xFF, 0xD0, 0x2F, 0x42, 0xF0, 0x07, 0x42, 0xF0, 0x03, 0xC0, 0x06, 0x0F, 0x40, 0x0F,
    0x00, 0x08, 0x7C, 0x00, 0x3C, 0x06, 0x02, 0xF0, 0x00, 0xFF, 0xF8, 0x0B, 0xC0, 0x03, 0xC0, 0x60,
    0x1F, 0x00, 0x0F, 0x00, 0x00, 0x3D, 0x00, 0x3C, 0x00, 0x20, 0xBC, 0x00, 0xF0, 0x00, 0xC0, 0xBD,
    0x07, 0xC0, 0x1F, 0x00, 0x2F, 0xFF, 0xFF, 0xF8, 0x07, 0xF8, 0x2F, 0xD0, 0xB4, 0x2F, 0x82, 0xC7,
    0x80, 0x3C, 0x03, 0x9E, 0x00, 0xFF, 0xFE, 0x78, 0x03, 0xC0, 0x00, 0xF0, 0x0F, 0x40, 0x02, 0xD0,
    0xBB, 0x42, 0x41, 0xFE, 0x07, 0xF8, 0x00, 0x00, 0x00, 0x00, 0x00, 0x00, 0x80, 0x00, 0x00, 0x1F,
    0x80, 0x00, 0x00, 0xE8, 0x00, 0x1F, 0xFF, 0xF9, 0x00, 0x0B, 0xC0, 0x7E, 0x00, 0x2F, 0x00, 0x7C,
    0x00, 0xBC, 0x01, 0xF0, 0x02, 0xF0, 0x1F, 0x40, 0x0B, 0xFF, 0xF0, 0x00, 0x2F, 0x03, 0xE0, 0x00,
    0xBC, 0x07, 0xC0, 0x02, 0xF0, 0x0F, 0x40, 0x0B, 0xC0, 0x3D, 0x00, 0x2F, 0x00, 0xF8, 0x57, 0xFF,
    0x81, 0xBF, 0x00, 0x00, 0x74, 0x02, 0xF4, 0x00, 0x00, 0x7D, 0xBC, 0x1F, 0x9D, 0x0F, 0x00, 0x0E,
    0x00, 0x0E, 0x00, 0x0E, 0x00, 0x0E, 0x00, 0x7F, 0xC0, 0x01, 0x40, 0x80, 0x00, 0x03, 0x8E, 0x00,
    0x00, 0x02, 0xC0, 0x00, 0x00, 0x00, 0x00, 0x00, 0x7F, 0xFF, 0xE4, 0x00, 0x2F, 0x01, 0xF8, 0x00,
    0xBC, 0x01, 0xF0, 0x02, 0xF0, 0x07, 0xC0, 0x0B, 0xC0, 0x7D, 0x00, 0x2F, 0xFF, 0xC0, 0x00, 0xBC,
    0x0F, 0x80, 0x02, 0xF0, 0x1F, 0x00, 0x0B, 0xC0, 0x3D, 0x00, 0x2F, 0x00, 0xF4, 0x00, 0xBC, 0x03,
    0xE1, 0x5F, 0xFE, 0x06, 0xFC, 0x00, 0x00, 0x18, 0x28, 0x07, 0xE0, 0x01, 0x80, 0x7D, 0xBC, 0x1F,
    0x9D, 0x0F, 0x00, 0x0E, 0x00, 0x0E, 0x00, 0x0E, 0x00, 0x0E, 0x00, 0x7F, 0xC0, 0x00, 0x60, 0x00,
    0xBC, 0x00, 0x79, 0x00, 0x7F, 0x88, 0x34, 0x1F, 0x2C, 0x00, 0xCF, 0x00, 0x22, 0xF9, 0x00, 0x3F,
    0xFC, 0x02, 0xFF, 0xC0, 0x02, 0xFB, 0x00, 0x0E, 0xD0, 0x03, 0xBD, 0x02, 0xCC, 0xBF, 0x80, 0x00,
    0xB0, 0x03, 0xE0, 0x01, 0x00, 0x1F, 0xE4, 0x30, 0x28, 0x74, 0x04, 0x3F, 0xE0, 0x0B, 0xFC, 0x00,
    0x1C, 0x70, 0x1C, 0x6B, 0xE0, 0x00, 0x00, 0x00, 0x00, 0x00, 0xF0, 0x01, 0xD7, 0x00, 0x00, 0x00,
    0x1F, 0xE2, 0x0D, 0x07, 0xCB, 0x00, 0x33, 0xC0, 0x08, 0xBE, 0x40, 0x0F, 0xFF, 0x00, 0xBF, 0xF0,
    0x00, 0xBE, 0xC0, 0x03, 0xB4, 0x00, 0xEF, 0x40, 0xB3, 0x2F, 0xE0, 0x00, 0x00, 0x03, 0x80, 0x0D,
    0xE0, 0x20, 0x20, 0x1F, 0xE8, 0x30, 0x28, 0x74, 0x00, 0x3F, 0xE0, 0x0B, 0xF8, 0x00, 0x1C, 0x70,
    0x1C, 0x6B, 0xE0, 0x00, 0x00, 0x1F, 0xE2, 0x0D, 0x07, 0xCB, 0x00, 0x33, 0xC0, 0x0C, 0xF9, 0x01,
    0x1F, 0xFD, 0x02, 0xFF, 0xE0, 0x06, 0xFD, 0x40, 0x0B, 0xB0, 0x00, 0xED, 0x00, 0x37, 0xE0, 0x28,
    0x41, 0xF4, 0x00, 0x0B, 0x40, 0xBF, 0x80, 0x1F, 0xE4, 0x30, 0x28, 0x74, 0x04, 0x3F, 0xE0, 0x0B,
    0xFC, 0x10, 0x2C, 0x70, 0x18, 0x17, 0xD0, 0x02, 0xF0, 0x00, 0xB4, 0x3F, 0xD0, 0x14, 0x08, 0x03,
    0x8E, 0x00, 0x2D, 0x00, 0x00, 0x00, 0x1F, 0xE2, 0x0D, 0x07, 0xCB, 0x00, 0x33, 0xC0, 0x08, 0xBE,
    0x40, 0x0F, 0xFF, 0x00, 0xBF, 0xF0, 0x00, 0xBE, 0xC0, 0x03, 0xB4, 0x00, 0xEF, 0x40, 0xB3, 0x2F,
    0xE0, 0x00, 0x00, 0x24, 0x70, 0x0F, 0xC0, 0x02, 0x00, 0x1F, 0xE4, 0x30, 0x28, 0x74, 0x04, 0x3F,
    0xE0, 0x0B, 0xFC, 0x00, 0x1C, 0x70, 0x1C, 0x6B, 0xE0, 0x00, 0x00, 0x3F, 0xFF, 0xFF, 0x8D, 0x07,
    0xC0, 0xE3, 0x01, 0xF0, 0x09, 0x80, 0x7C, 0x03, 0x00, 0x1F, 0x00, 0x00, 0x07, 0xC0, 0x00, 0x01,
    0xF0, 0x00, 0x00, 0x7C, 0x00, 0x00, 0x1F, 0x00, 0x00, 0x07, 0xC0, 0x00, 0x01, 0xF0, 0x00, 0x0F,
    0xFF, 0xE0, 0x00, 0x0F, 0x40, 0x00, 0x00, 0xF4, 0x00, 0x0F, 0xF8, 0x00, 0x00, 0x00, 0x02, 0x00,
    0x06, 0x00, 0x1E, 0x00, 0xBF, 0xF0, 0x1E, 0x00, 0x1E, 0x00, 0x1E, 0x00, 0x1E, 0x00, 0x0E, 0x14,
    0x0F, 0x60, 0x02, 0xE0, 0x00, 0x7C, 0x00, 0x3C, 0x0F, 0xF4, 0x00, 0x80, 0x50, 0x00, 0x1C, 0xB0,
    0x00, 0x01, 0xE0, 0x00, 0x00, 0x00, 0x00, 0x3F, 0xFF, 0xFF, 0x8D, 0x07, 0xC0, 0xE3, 0x01, 0xF0,
    0x08, 0x80, 0x7C, 0x03, 0x00, 0x1F, 0x00, 0x00, 0x07, 0xC0, 0x00, 0x01, 0xF0, 0x00, 0x00, 0x7C,
    0x00, 0x00, 0x1F, 0x00, 0x00, 0x07, 0xC0, 0x00, 0x01, 0xF0, 0x00, 0x0F, 0xFF, 0xE0, 0x00, 0x00,
    0x00, 0x00, 0x00, 0x2C, 0x00, 0x3E, 0x00, 0x2E, 0x02, 0x05, 0x06, 0x18, 0x1E, 0x00, 0xBF, 0xF0,
    0x1E, 0x00, 0x1E, 0x00, 0x1E, 0x00, 0x1E, 0x00, 0x1E, 0x14, 0x0F, 0x24, 0x07, 0xE0, 0x01, 0xFF,
    0xFD, 0x00, 0x00, 0x00, 0x00, 0x07, 0xFF, 0x80, 0xFF, 0x42, 0xF0, 0x00, 0x60, 0x0B, 0xC0, 0x01,
    0x80, 0x2F, 0x00, 0x06, 0x00, 0xBC, 0x00, 0x18, 0x02, 0xF0, 0x00, 0x60, 0x0B, 0xC0, 0x01, 0x80,
    0x1F, 0x00, 0x06, 0x00, 0x7C, 0x00, 0x14, 0x00, 0xF0, 0x00, 0xC0, 0x01, 0xF4, 0x1E, 0x00, 0x00,
    0xBF, 0xD0, 0x00, 0x0F, 0xFF, 0xC0, 0x00, 0x00, 0x03, 0xF0, 0xFD, 0x03, 0xC0, 0xB4, 0x0F, 0x02,
    0xD0, 0x3C, 0x0B, 0x40, 0xF0, 0x2D, 0x03, 0xC0, 0xF4, 0x0F, 0x07, 0xD0, 0x1F, 0xEB, 0xD0, 0x00,
    0x00, 0x00, 0x00, 0x50, 0x14, 0x00, 0x00, 0x7F, 0x40, 0x00, 0x00, 0x00, 0x00, 0x1F, 0xFE, 0x03,
    0xFD, 0x0B, 0xC0, 0x01, 0x80, 0x2F, 0x00, 0x06, 0x00, 0xBC, 0x00, 0x18, 0x02, 0xF0, 0x00, 0x60,
    0x0B, 0xC0, 0x01, 0x80, 0x2F, 0x00, 0x06, 0x00, 0x7C, 0x00, 0x18, 0x01, 0xF0, 0x00, 0x50, 0x03,
    0xC0, 0x03, 0x00, 0x07, 0xD0, 0x78, 0x00, 0x02, 0xFF, 0x40, 0x00, 0x06, 0x01, 0x40, 0x07, 0xF8,
    0x03, 0xF0, 0xFD, 0x03, 0xC0, 0xB4, 0x0F, 0x02, 0xD0, 0x3C, 0x0B, 0x40, 0xF0, 0x2D, 0x03, 0xC0,
    0xF4, 0x0F, 0x07, 0xD0, 0x1F, 0xEB, 0xD0, 0x00, 0x00, 0x00, 0x00, 0x03, 0xE0, 0x00, 0x00, 0x24,
    0x80, 0x00, 0x00, 0x82, 0x00, 0x00, 0x00, 0xF8, 0x00, 0x7F, 0xF8, 0x0F, 0xF4, 0x2F, 0x00, 0x06,
    0x00, 0xBC, 0x00, 0x18, 0x02, 0xF0, 0x00, 0x60, 0x0B, 0xC0, 0x01, 0x80, 0x2F, 0x00, 0x06, 0x00,
    0xBC, 0x00, 0x18, 0x01, 0xF0, 0x00, 0x60, 0x07, 0xC0, 0x01, 0x40, 0x0F, 0x00, 0x0C, 0x00, 0x1F,
    0x41, 0xE0, 0x00, 0x0B, 0xFD, 0x00, 0x00, 0xBC, 0x00, 0x06, 0x18, 0x00, 0x18, 0x60, 0x00, 0x2F,
    0x00, 0x3F, 0x0F, 0xD0, 0x3C, 0x0B, 0x40, 0xF0, 0x2D, 0x03, 0xC0, 0xB4, 0x0F, 0x02, 0xD0, 0x3C,
    0x0F, 0x40, 0xF0, 0x7D, 0x01, 0xFE, 0xBD, 0x00, 0x00, 0x00, 0x00, 0x0B, 0x8F, 0x00, 0x00, 0xEA,
    0xE4, 0x07, 0xFF, 0x80, 0xFF, 0x42, 0xF0, 0x00, 0x60, 0x0B, 0xC0, 0x01, 0x80, 0x2F, 0x00, 0x06,
    0x00, 0xBC, 0x00, 0x18, 0x02, 0xF0, 0x00, 0x60, 0x0B, 0xC0, 0x01, 0x80, 0x1F, 0x00, 0x06, 0x00,
    0x7C, 0x00, 0x14, 0x00, 0xF0, 0x00, 0xC0, 0x01, 0xF4, 0x1E, 0x00, 0x00, 0xBF, 0xD0, 0x00, 0x00,
    0x38, 0xB0, 0x03, 0xFF, 0xC0, 0x18, 0x64, 0x0F, 0xC3, 0xF4, 0x0F, 0x02, 0xD0, 0x3C, 0x0B, 0x40,
    0xF0, 0x2D, 0x03, 0xC0, 0xB4, 0x0F, 0x03, 0xD0, 0x3C, 0x1F, 0x40, 0x7F, 0xAF, 0x40, 0x00, 0x00,
    0x00, 0x74, 0xB0, 0x00, 0x03, 0xF3, 0xE0, 0x00, 0x07, 0x4B, 0x00, 0x00, 0x00, 0x00, 0x00, 0xBF,
    0xF0, 0x0B, 0xF4, 0x2F, 0x00, 0x09, 0x00, 0x3F, 0x00, 0x60, 0x00, 0x7E, 0x03, 0x00, 0x00, 0xBC,
    0x24, 0x00, 0x00, 0xFD, 0x80, 0x00, 0x01, 0xFC, 0x00, 0x00, 0x03, 0xE0, 0x00, 0x00, 0x0F, 0x80,
    0x00, 0x00, 0x3E, 0x00, 0x00, 0x00, 0xF8, 0x00, 0x00, 0x2F, 0xFD, 0x00, 0x00, 0x00, 0x00, 0x00,
    0x00, 0x18, 0x00, 0x0B, 0xD0, 0x01, 0xE4, 0x07, 0xFF, 0xFE, 0xB8, 0x07, 0xDA, 0x00, 0xF8, 0x90,
    0x2F, 0x00, 0x07, 0xD0, 0x00, 0xF8, 0x00, 0x2F, 0x00, 0x07, 0xD0, 0x00, 0xF8, 0x03, 0x2F, 0x00,
    0x37, 0xD0, 0x1F, 0xFF, 0xFF, 0xE0, 0x00, 0x78, 0x02, 0xE4, 0x00, 0x00, 0x3F, 0xFE, 0x30, 0x3C,
    0x00, 0xB4, 0x02, 0xE0, 0x07, 0xC0, 0x0F, 0x03, 0x3D, 0x0A, 0x7F, 0xFE, 0x00, 0x74, 0x00, 0x0F,
    0xC0, 0x00, 0x74, 0x00, 0x00, 0x00, 0x7F, 0xFF, 0xEB, 0x80, 0x7D, 0xA0, 0x0F, 0x89, 0x02, 0xF0,
    0x00, 0x7D, 0x00, 0x0F, 0x80, 0x02, 0xF0, 0x00, 0x7D, 0x00, 0x0F, 0x80, 0x32, 0xF0, 0x03, 0x7D,
    0x01, 0xFF, 0xFF, 0xFE, 0x01, 0xD0, 0x02, 0xF0, 0x01, 0xD0, 0x00, 0x00, 0x3F, 0xFE, 0x30, 0x3C,
    0x00, 0xB4, 0x02, 0xE0, 0x07, 0xC0, 0x0F, 0x03, 0x3D, 0x0A, 0x7F, 0xFE, 0x08, 0x05, 0x00, 0xB2,
    0xC0, 0x01, 0xE0, 0x00, 0x00, 0x00, 0x7F, 0xFF, 0xFB, 0x80, 0x7D, 0xA0, 0x0F, 0x89, 0x02, 0xF0,
    0x00, 0x7D, 0x00, 0x0F, 0x80, 0x02, 0xF0, 0x00, 0x7D, 0x00, 0x0F, 0x80, 0x32, 0xF0, 0x03, 0x7D,
    0x01, 0xFF, 0xFF, 0xFE, 0x00, 0x00, 0x18, 0x28, 0x07, 0xE0, 0x01, 0x80, 0x3F, 0xFE, 0x30, 0x3C,
    0x00, 0xB4, 0x02, 0xE0, 0x07, 0xC0, 0x0F, 0x03, 0x3D, 0x0A, 0x7F, 0xFE, 0x00, 0x74, 0x00, 0x00,
    0x1F, 0x80, 0x00, 0x00, 0x70, 0x01, 0xFF, 0xFF, 0xF4, 0x0B, 0xC0, 0x1D, 0x02, 0xF0, 0x01, 0x80,
    0xBC, 0x00, 0x20, 0x2F, 0x09, 0x00, 0x0B, 0xFF, 0x40, 0x02, 0xF0, 0x90, 0x00, 0xBC, 0x00, 0x00,
    0x2F, 0x00, 0x08, 0x0B, 0xC0, 0x03, 0x02, 0xF0, 0x07, 0xC7, 0xFF, 0xFF, 0xE0, 0x00, 0xE1, 0xD0,
    0x00, 0xBC, 0xFC, 0x00, 0x1E, 0x1D, 0x00, 0x00, 0x00, 0x00, 0x7F, 0xFF, 0xFD, 0x02, 0xF0, 0x07,
    0x40, 0xBC, 0x00, 0x60, 0x2F, 0x00, 0x08, 0x0B, 0xC2, 0x40, 0x02, 0xFF, 0xD0, 0x00, 0xBC, 0x24,
    0x00, 0x2F, 0x00, 0x00, 0x0B, 0xC0, 0x02, 0x02, 0xF0, 0x00, 0xC0, 0xBC, 0x01, 0xF1, 0xFF, 0xFF,
    0xF8, 0x3F, 0xFF, 0xFF, 0x80, 0x38, 0x1F, 0x02, 0x80, 0x30, 0x1F, 0x00, 0xC0, 0x20, 0x1F, 0x00,
    0x00, 0x00, 0x1F, 0x1F, 0xF8, 0x00, 0x1F, 0xA0, 0x3D, 0x00, 0x1F, 0x40, 0x1E, 0x00, 0x1F, 0x00,
    0x1F, 0x00, 0x1F, 0x00, 0x1E, 0x00, 0x1F, 0x0F, 0x2E, 0x00, 0x1F, 0x1F, 0x3C, 0x03, 0xFF, 0xCB,
    0xE0, 0x00, 0x03, 0x80, 0x00, 0xBE, 0x00, 0x01, 0x40, 0x1F, 0xFF, 0xFD, 0x0B, 0xC0, 0x38, 0x2F,
    0x00, 0x20, 0xBC, 0x00, 0xC2, 0xF0, 0x00, 0x0B, 0xC0, 0x00, 0x2F, 0x00, 0x00, 0xBC, 0x00, 0x02,
    0xF0, 0x00, 0x0B, 0xC0, 0x00, 0x2F, 0x00, 0x07, 0xFF, 0xC0, 0x00, 0x01, 0xBF, 0xD3, 0x02, 0xF4,
    0x0B, 0xC3, 0xE0, 0x00, 0x71, 0xF0, 0x00, 0x0C, 0xBC, 0x00, 0x00, 0x3F, 0xFE, 0x40, 0x0F, 0xC2,
    0xFF, 0x02, 0xF0, 0x00, 0x00, 0x7C, 0x00, 0x00, 0x0F, 0xC0, 0x00, 0xC0, 0xBD, 0x01, 0xD0, 0x06,
    0xFF, 0x80, 0x00, 0x00, 0x07, 0xF8, 0x83, 0x41, 0xF2, 0xC0, 0x0C, 0xF0, 0x02, 0x2F, 0x90, 0x03,
    0xFF, 0xC0, 0x2F, 0xFC, 0x00, 0x2F, 0xB0, 0x00, 0xED, 0x00, 0x3B, 0xD0, 0x2C, 0xCB, 0xF8, 0x00,
    0x00, 0x01, 0xFF, 0xF0, 0xBC, 0x02, 0xF0, 0x0B, 0xC0, 0x2F, 0x00, 0xBC, 0x02, 0xF0, 0x0B, 0xC0,
    0x2F, 0x00, 0xBC, 0x02, 0xF0, 0x7F, 0xFC, 0x00, 0x00, 0xE1, 0xE7, 0xCB, 0xCE, 0x1D, 0x00, 0x01,
    0xFF, 0xF0, 0xBC, 0x02, 0xF0, 0x0B, 0xC0, 0x2F, 0x00, 0xBC, 0x02, 0xF0, 0x0B, 0xC0, 0x2F, 0x00,
    0xBC, 0x02, 0xF0, 0x7F, 0xFC, 0x00, 0x00, 0x00, 0xFF, 0xF0, 0x02, 0xE0, 0x00, 0xB8, 0x00, 0x2E,
    0x00, 0x0B, 0x80, 0x02, 0xE0, 0x00, 0xB8, 0x00, 0x2E, 0x00, 0x0B, 0x87, 0x83, 0xE1, 0xE1, 0xF0,
    0x2F, 0xE0, 0x00, 0x02, 0xFF, 0xFF, 0xF8, 0x00, 0x00, 0x20, 0x0B, 0xC0, 0x00, 0x00, 0x20, 0x0B,
    0xC0, 0x00, 0x00, 0x30, 0x0B, 0xC0, 0x00, 0x00, 0x30, 0x0B, 0xC0, 0x00, 0x00, 0x30, 0x0B, 0xFF,
    0xE0, 0x00, 0x30, 0x0B, 0xC0, 0xBC, 0x00, 0x30, 0x0B, 0xC0, 0x3E, 0x00, 0x20, 0x0B, 0xC0, 0x3F,
    0x3C, 0x50, 0x0B, 0xC0, 0x3E, 0x7C, 0xC0, 0x0B, 0xC0, 0x7C, 0x2F, 0x40, 0x7F, 0xFF, 0xE0, 0x00,
    0x00, 0x00, 0x00, 0x00, 0x7F, 0xFC, 0x7F, 0xF8, 0x00, 0x0B, 0xC0, 0x0B, 0xC0, 0x00, 0x0B, 0xC0,
    0x0B, 0xC0, 0x00, 0x0B, 0xC0, 0x0B, 0xC0, 0x00, 0x0B, 0xC0, 0x0B, 0xC0, 0x00, 0x0B, 0xFF, 0xFF,
    0xFF, 0xE0, 0x0B, 0xC0, 0x0B, 0xC0, 0xBD, 0x0B, 0xC0, 0x0B, 0xC0, 0x3E, 0x0B, 0xC0, 0x0B, 0xC0,
    0x3F, 0x0B, 0xC0, 0x0B, 0xC0, 0x3E, 0x0B, 0xC0, 0x0B, 0xC0, 0x7C, 0x7F, 0xFC, 0x7F, 0xFF, 0xE0,
    0x3F, 0xFF, 0xFF, 0x00, 0xD1, 0xF0, 0x1C, 0x03, 0x07, 0xC0, 0x20, 0x08, 0x1F, 0x00, 0x00, 0x00,
    0x7C, 0x7F, 0x40, 0x01, 0xF9, 0x0F, 0x00, 0x07, 0xD0, 0x2D, 0x00, 0x1F, 0x00, 0xB4, 0x00, 0x7C,
    0x02, 0xD0, 0x01, 0xF0, 0x0B, 0x40, 0x07, 0xC0, 0x2D, 0x00, 0xFF, 0xE3, 0xFE, 0x00, 0x00, 0x00,
    0x00, 0x00, 0x01, 0xB4, 0x00, 0x00, 0x0E, 0x40, 0x07, 0xFF, 0x80, 0xFF, 0x02, 0xF0, 0x01, 0xD0,
    0x0B, 0xC0, 0x1C, 0x00, 0x2F, 0x02, 0x80, 0x00, 0xBC, 0x28, 0x00, 0x02, 0xF3, 0xF0, 0x00, 0x0B,
    0xF7, 0xE0, 0x00, 0x2F, 0x07, 0xD0, 0x00, 0xBC, 0x0B, 0xC0, 0x02, 0xF0, 0x0B, 0xC0, 0x0B, 0xC0,
    0x0F, 0x81, 0xFF, 0xE0, 0xFF, 0xD0, 0x00, 0x0D, 0x00, 0x00, 0x00, 0x3E, 0x00, 0x00, 0x00, 0x1D,
    0x00, 0x1F, 0xFF, 0x1F, 0xFE, 0x0B, 0xC0, 0x0F, 0xC0, 0x2F, 0x00, 0xBF, 0x00, 0xBC, 0x03, 0xBC,
    0x02, 0xF0, 0x32, 0xF0, 0x0B, 0xC2, 0x4B, 0xC0, 0x2F, 0x0C, 0x2F, 0x00, 0xBC, 0xC0, 0xBC, 0x02,
    0xF6, 0x02, 0xF0, 0x0B, 0xF0, 0x0B, 0xC0, 0x2F, 0x40, 0x2F, 0x07, 0xFF, 0xC7, 0xFF, 0x80, 0x00,
    0x2D, 0x3C, 0x00, 0x00, 0xF4, 0xF0, 0x00, 0x00, 0xBF, 0x40, 0x1F, 0xFC, 0x03, 0xFD, 0x0B, 0xC0,
    0x01, 0x80, 0x0F, 0xC0, 0x0C, 0x00, 0x0F, 0x40, 0x30, 0x00, 0x1F, 0x02, 0x40, 0x00, 0x3F, 0x0C,
    0x00, 0x00, 0x3E, 0xA0, 0x00, 0x00, 0x7F, 0x00, 0x00, 0x00, 0xB8, 0x00, 0x03, 0xD0, 0xC0, 0x00,
    0x0F, 0x49, 0x00, 0x00, 0x1F, 0xD0, 0x00, 0x00, 0x00, 0x00, 0x00, 0x01, 0xFF, 0xF1, 0xFF, 0xE0,
    0xBC, 0x00, 0xBC, 0x02, 0xF0, 0x02, 0xF0, 0x0B, 0xC0, 0x0B, 0xC0, 0x2F, 0x00, 0x2F, 0x00, 0xBC,
    0x00, 0xBC, 0x02, 0xF0, 0x02, 0xF0, 0x0B, 0xC0, 0x0B, 0xC0, 0x2F, 0x00, 0x2F, 0x00, 0xBC, 0x00,
    0xBC, 0x02, 0xF0, 0x02, 0xF0, 0x7F, 0xFF, 0xFF, 0xF8, 0x00, 0x1E, 0x00, 0x00, 0x00, 0x34, 0x00,
    0x00, 0x00, 0xC0, 0x00, 0x00, 0x07, 0x00, 0x00, 0x00, 0x2D, 0x00, 0x00, 0x00, 0xFC, 0x00, 0x00,
    0x0A, 0xF4, 0x00, 0x00, 0x33, 0xE0, 0x00, 0x01, 0x87, 0xC0, 0x00, 0x0D, 0x0F, 0x80, 0x00, 0x30,
    0x2F, 0x00, 0x02, 0xFF, 0xFD, 0x00, 0x0C, 0x00, 0xFC, 0x00, 0x60, 0x01, 0xF0, 0x1F, 0xF0, 0x2F,
    0xFC, 0x7F, 0xFF, 0xFD, 0x02, 0xE0, 0x07, 0x40, 0xB8, 0x00, 0x60, 0x2E, 0x00, 0x08, 0x0B, 0x80,
    0x00, 0x02, 0xFF, 0xFE, 0x00, 0xBC, 0x02, 0xF0, 0x2E, 0x00, 0x3E, 0x0B, 0x80, 0x0F, 0xC2, 0xE0,
    0x03, 0xE0, 0xB8, 0x02, 0xF1, 0xFF, 0xFF, 0xE0, 0x7F, 0xFF, 0xF4, 0x02, 0xE0, 0x0F, 0xC0, 0xB8,
    0x00, 0xF0, 0x2E, 0x00, 0x7C, 0x0B, 0x80, 0x3D, 0x02, 0xFF, 0xFD, 0x00, 0xB8, 0x02, 0xE0, 0x2E,
    0x00, 0x3E, 0x0B, 0x80, 0x0B, 0x82, 0xE0, 0x03, 0xE0, 0xB8, 0x02, 0xF1, 0xFF, 0xFF, 0xE0, 0x7F,
    0xFF, 0xF4, 0x2F, 0x00, 0xE0, 0xBC, 0x00, 0x82, 0xF0, 0x03, 0x0B, 0xC0, 0x00, 0x2F, 0x00, 0x00,
    0xBC, 0x00, 0x02, 0xF0, 0x00, 0x0B, 0xC0, 0x00, 0x2F, 0x00, 0x00, 0xBC, 0x00, 0x1F, 0xFF, 0x00,
    0x00, 0xBF, 0xFF, 0xFE, 0x00, 0x02, 0x00, 0xBC, 0x00, 0x00, 0x80, 0x2F, 0x00, 0x00, 0x30, 0x0B,
    0xC0, 0x00, 0x0C, 0x02, 0xF0, 0x00, 0x02, 0x00, 0xBC, 0x00, 0x01, 0x40, 0x2F, 0x00, 0x00, 0x80,
    0x0B, 0xC0, 0x00, 0x30, 0x02, 0xF0, 0x00, 0x24, 0x00, 0xBC, 0x00, 0x28, 0x00, 0x2F, 0x00, 0xBF,
    0xFF, 0xFF, 0xFC, 0x2D, 0x00, 0x00, 0x0B, 0x0C, 0x00, 0x00, 0x00, 0xC3, 0x00, 0x00, 0x00, 0x24,
    0x7F, 0xFF, 0xFD, 0x02, 0xF0, 0x07, 0x40, 0xBC, 0x00, 0x60, 0x2F, 0x00, 0x08, 0x0B, 0xC2, 0x40,
    0x02, 0xFF, 0xD0, 0x00, 0xBC, 0x24, 0x00, 0x2F, 0x00, 0x00, 0x0B, 0xC0, 0x02, 0x02, 0xF0, 0x00,
    0xC0, 0xBC, 0x01, 0xF1, 0xFF, 0xFF, 0xF8, 0x3F, 0xD0, 0x7F, 0xF8, 0x0F, 0xF0, 0x0A, 0x00, 0x2F,
    0x00, 0x1C, 0x00, 0x0A, 0x00, 0xBC, 0x02, 0x80, 0x00, 0x07, 0x02, 0xF0, 0x28, 0x00, 0x00, 0x07,
    0x0B, 0xC3, 0x40, 0x00, 0x00, 0x2F, 0x6F, 0x3F, 0x00, 0x00, 0x01, 0xF6, 0xFF, 0x7E, 0x00, 0x00,
    0x0F, 0x82, 0xF0, 0x7D, 0x00, 0x00, 0xFC, 0x0B, 0xC0, 0xBC, 0x00, 0x0B, 0xC0, 0x2F, 0x00, 0xFC,
    0x00, 0x7D, 0x00, 0xBC, 0x00, 0xF8, 0x0F, 0xFD, 0x1F, 0xFE, 0x0F, 0xFD, 0x25, 0xFF, 0x80, 0x3E,
    0x02, 0xF0, 0x34, 0x00, 0xF4, 0x10, 0x00, 0xF4, 0x00, 0x02, 0xE0, 0x00, 0xFF, 0x40, 0x00, 0x01,
    0xF0, 0x00, 0x00, 0xBC, 0x00, 0x00, 0x7C, 0x30, 0x00, 0xBC, 0x29, 0x01, 0xF4, 0x07, 0xFF, 0x80,
    0x00, 0x00, 0x00, 0x01, 0xFF, 0xF1, 0xFF, 0xE0, 0xBC, 0x00, 0xFC, 0x02, 0xF0, 0x0B, 0xF0, 0x0B,
    0xC0, 0x3B, 0xC0, 0x2F, 0x03, 0x2F, 0x00, 0xBC, 0x24, 0xBC, 0x02, 0xF0, 0xC2, 0xF0, 0x0B, 0xCC,
    0x0B, 0xC0, 0x2F, 0x60, 0x2F, 0x00, 0xBF, 0x00, 0xBC, 0x02, 0xF4, 0x02, 0xF0, 0x7F, 0xFC, 0x7F,
    0xF8, 0x00, 0x38, 0x74, 0x00, 0x01, 0xF1, 0xE0, 0x00, 0x01, 0xFE, 0x00, 0x1F, 0xFF, 0x1F, 0xFE,
    0x0B, 0xC0, 0x0F, 0xC0, 0x2F, 0x00, 0xBF, 0x00, 0xBC, 0x03, 0xBC, 0x02, 0xF0, 0x32, 0xF0, 0x0B,
    0xC2, 0x4B, 0xC0, 0x2F, 0x0C, 0x2F, 0x00, 0xBC, 0xC0, 0xBC, 0x02, 0xF6, 0x02, 0xF0, 0x0B, 0xF0,
    0x0B, 0xC0, 0x2F, 0x40, 0x2F, 0x07, 0xFF, 0xC7, 0xFF, 0x80, 0x7F, 0xF8, 0x0F, 0xF0, 0x2F, 0x00,
    0x1D, 0x00, 0xBC, 0x01, 0xC0, 0x02, 0xF0, 0x28, 0x00, 0x0B, 0xC2, 0x80, 0x00, 0x2F, 0x3F, 0x00,
    0x00, 0xBF, 0x7E, 0x00, 0x02, 0xF0, 0x7D, 0x00, 0x0B, 0xC0, 0xBC, 0x00, 0x2F, 0x00, 0xBC, 0x00,
    0xBC, 0x00, 0xF8, 0x1F, 0xFE, 0x0F, 0xFD, 0x02, 0xFF, 0xFF, 0xF8, 0x00, 0x80, 0x2F, 0x00, 0x02,
    0x00, 0xBC, 0x00, 0x0C, 0x02, 0xF0, 0x00, 0x30, 0x0B, 0xC0, 0x00, 0xC0, 0x2F, 0x00, 0x03, 0x00,
    0xBC, 0x00, 0x0C, 0x02, 0xF0, 0x00, 0x20, 0x0B, 0xC0, 0xF1, 0x40, 0x2F, 0x07, 0xCC, 0x00, 0xBC,
    0x0B, 0xD0, 0x1F, 0xFE, 0x00, 0x00, 0x00, 0x00, 0x7F, 0xC0, 0x00, 0x2F, 0xF0, 0x7E, 0x00, 0x02,
    0xF0, 0x05, 0xF0, 0x00, 0x9F, 0x00, 0x5B, 0x80, 0x08, 0xF0, 0x05, 0x3C, 0x01, 0x4F, 0x00, 0x52,
    0xD0, 0x30, 0xF0, 0x05, 0x0F, 0x05, 0x0F, 0x00, 0x50, 0xF4, 0x80, 0xF0, 0x05, 0x07, 0xC8, 0x0F,
    0x00, 0x50, 0x3F, 0x00, 0xF0, 0x09, 0x01, 0xE0, 0x0F, 0x07, 0xFC, 0x0C, 0x0F, 0xFF, 0x00, 0x00,
    0x00, 0x01, 0xFF, 0xF1, 0xFF, 0xE0, 0xBC, 0x00, 0xBC, 0x02, 0xF0, 0x02, 0xF0, 0x0B, 0xC0, 0x0B,
    0xC0, 0x2F, 0x00, 0x2F, 0x00, 0xBF, 0xFF, 0xFC, 0x02, 0xF0, 0x02, 0xF0, 0x0B, 0xC0, 0x0B, 0xC0,
    0x2F, 0x00, 0x2F, 0x00, 0xBC, 0x00, 0xBC, 0x02, 0xF0, 0x02, 0xF0, 0x7F, 0xFC, 0x7F, 0xF8, 0x01,
    0xFF, 0x90, 0x03, 0xE0, 0x2E, 0x03, 0xD0, 0x03, 0xE1, 0xF0, 0x00, 0x7C, 0xBC, 0x00, 0x0F, 0x7E,
    0x00, 0x03, 0xEF, 0x80, 0x00, 0xFA, 0xF0, 0x00, 0x3D, 0x7C, 0x00, 0x1F, 0x0F, 0x80, 0x0F, 0x80,
    0xF8, 0x0B, 0x80, 0x07, 0xFE, 0x40, 0x7F, 0xFF, 0xFF, 0xF8, 0x2F, 0x00, 0x2F, 0x00, 0xBC, 0x00,
    0xBC, 0x02, 0xF0, 0x02, 0xF0, 0x0B, 0xC0, 0x0B, 0xC0, 0x2F, 0x00, 0x2F, 0x00, 0xBC, 0x00, 0xBC,
    0x02, 0xF0, 0x02, 0xF0, 0x0B, 0xC0, 0x0B, 0xC0, 0x2F, 0x00, 0x2F, 0x00, 0xBC, 0x00, 0xBC, 0x1F,
    0xFF, 0x1F, 0xFE, 0x7F, 0xFF, 0xF4, 0x02, 0xF0, 0x0F, 0x40, 0xBC, 0x01, 0xF0, 0x2F, 0x00, 0x7C,
    0x0B, 0xC0, 0x1F, 0x02, 0xF0, 0x0F, 0x40, 0xBF, 0xFF, 0x40, 0x2F, 0x00, 0x00, 0x0B, 0xC0, 0x00,
    0x02, 0xF0, 0x00, 0x00, 0xBC, 0x00, 0x01, 0xFF, 0xE0, 0x00, 0x01, 0xBF, 0x83, 0x02, 0xE4, 0x0B,
    0xC2, 0xE0, 0x00, 0xB1, 0xF0, 0x00, 0x0C, 0xBC, 0x00, 0x00, 0x3E, 0x00, 0x00, 0x0F, 0x80, 0x00,
    0x02, 0xF0, 0x00, 0x00, 0x7C, 0x00, 0x03, 0x0B, 0x80, 0x00, 0x80, 0xB9, 0x02, 0xC0, 0x06, 0xFF,
    0x80, 0x3F, 0xFF, 0xFF, 0x8D, 0x07, 0xC0, 0xE3, 0x01, 0xF0, 0x09, 0x80, 0x7C, 0x03, 0x00, 0x1F,
    0x00, 0x00, 0x07, 0xC0, 0x00, 0x01, 0xF0, 0x00, 0x00, 0x7C, 0x00, 0x00, 0x1F, 0x00, 0x00, 0x07,
    0xC0, 0x00, 0x01, 0xF0, 0x00, 0x0F, 0xFF, 0xE0, 0x00, 0x00, 0x00, 0x00, 0x7F, 0xF0, 0x0F, 0xF4,
    0x2F, 0x00, 0x06, 0x00, 0x3F, 0x00, 0x30, 0x00, 0x3D, 0x00, 0xC0, 0x00, 0x7C, 0x09, 0x00, 0x00,
    0xFC, 0x30, 0x00, 0x00, 0xFA, 0x80, 0x00, 0x01, 0xFC, 0x00, 0x00, 0x02, 0xE0, 0x00, 0x0F, 0x43,
    0x00, 0x00, 0x3D, 0x24, 0x00, 0x00, 0x7F, 0x40, 0x00, 0x00, 0x00, 0x00, 0x00, 0x07, 0xFF, 0xE0,
    0x00, 0x00, 0xF4, 0x00, 0x01, 0xBF, 0xFF, 0x80, 0x3E, 0x0F, 0x4B, 0xC2, 0xF0, 0x3D, 0x0B, 0xCF,
    0x80, 0xF4, 0x1F, 0x3E, 0x03, 0xD0, 0x7C, 0xBC, 0x0F, 0x42, 0xF0, 0xF8, 0x3D, 0x2F, 0x00, 0x6F,
    0xFF, 0xE0, 0x00, 0x03, 0xD0, 0x00, 0x01, 0xFF, 0xF8, 0x00, 0x00, 0x00, 0x00, 0x00, 0x3F, 0xF8,
    0x7F, 0xD0, 0x0F, 0x80, 0x70, 0x00, 0x1F, 0x43, 0x00, 0x00, 0x2F, 0x24, 0x00, 0x00, 0x3F, 0x80,
    0x00, 0x00, 0x3E, 0x00, 0x00, 0x00, 0xFD, 0x00, 0x00, 0x09, 0xFC, 0x00, 0x00, 0x60, 0xF8, 0x00,
    0x07, 0x01, 0xF4, 0x00, 0x30, 0x02, 0xF0, 0x1F, 0xF4, 0x2F, 0xFC, 0x00, 0x00, 0x00, 0x00, 0x7F,
    0xFC, 0x7F, 0xF8, 0x0B, 0xC0, 0x0B, 0xC0, 0x0B, 0xC0, 0x0B, 0xC0, 0x0B, 0xC0, 0x0B, 0xC0, 0x0B,
    0xC0, 0x0B, 0xC0, 0x0B, 0xC0, 0x0B, 0xC0, 0x0B, 0xC0, 0x0B, 0xC0, 0x0B, 0xC0, 0x0B, 0xC0, 0x0B,
    0xC0, 0x0B, 0xC0, 0x0B, 0xC0, 0x0B, 0xC0, 0x0B, 0xC0, 0x0B, 0xC0, 0x7F, 0xFF, 0xFF, 0xFC, 0x00,
    0x00, 0x00, 0x2C, 0x00, 0x00, 0x00, 0x0C, 0x00, 0x00, 0x00, 0x09, 0x7F, 0xFC, 0x7F, 0xF8, 0x2F,
    0x00, 0x2F, 0x00, 0xBC, 0x00, 0xBC, 0x02, 0xF0, 0x02, 0xF0, 0x07, 0xC0, 0x0B, 0xC0, 0x0F, 0x40,
    0x7F, 0x00, 0x0B, 0xF9, 0xBC, 0x00, 0x00, 0x02, 0xF0, 0x00, 0x00, 0x0B, 0xC0, 0x00, 0x00, 0x2F,
    0x00, 0x00, 0x00, 0xBC, 0x00, 0x00, 0x1F, 0xFE, 0x00, 0x00, 0x00, 0x00, 0x7F, 0xFC, 0xBF, 0xF4,
    0xFF, 0xF0, 0xBC, 0x00, 0xF8, 0x01, 0xF0, 0x0B, 0xC0, 0x0F, 0x80, 0x1F, 0x00, 0xBC, 0x00, 0xF8,
    0x01, 0xF0, 0x0B, 0xC0, 0x0F, 0x80, 0x1F, 0x00, 0xBC, 0x00, 0xF8, 0x01, 0xF0, 0x0B, 0xC0, 0x0F,
    0x80, 0x1F, 0x00, 0xBC, 0x00, 0xF8, 0x01, 0xF0, 0x0B, 0xC0, 0x0F, 0x80, 0x1F, 0x00, 0xBC, 0x00,
    0xF8, 0x01, 0xF0, 0x0B, 0xC0, 0x0F, 0x80, 0x1F, 0x07, 0xFF, 0xFF, 0xFF, 0xFF, 0xFF, 0x7F, 0xFC,
    0xBF, 0xF4, 0xFF, 0xF0, 0x2F, 0x00, 0x3E, 0x00, 0x7C, 0x00, 0xBC, 0x00, 0xF8, 0x01, 0xF0, 0x02,
    0xF0, 0x03, 0xE0, 0x07, 0xC0, 0x0B, 0xC0, 0x0F, 0x80, 0x1F, 0x00, 0x2F, 0x00, 0x3E, 0x00, 0x7C,
    0x00, 0xBC, 0x00, 0xF8, 0x01, 0xF0, 0x02, 0xF0, 0x03, 0xE0, 0x07, 0xC0, 0x0B, 0xC0, 0x0F, 0x80,
    0x1F, 0x00, 0x2F, 0x00, 0x3E, 0x00, 0x7C, 0x00, 0xBC, 0x00, 0xF8, 0x01, 0xF0, 0x1F, 0xFF, 0xFF,
    0xFF, 0xFF, 0xFC, 0x00, 0x00, 0x00, 0x00, 0x00, 0x74, 0x00, 0x00, 0x00, 0x00, 0x00, 0x90, 0x00,
    0x00, 0x00, 0x00, 0x01, 0x80, 0x3F, 0xFF, 0xC0, 0x00, 0x0D, 0x07, 0xC0, 0x00, 0x03, 0x01, 0xF0,
    0x00, 0x01, 0x80, 0x7C, 0x00, 0x00, 0x00, 0x1F, 0x00, 0x00, 0x00, 0x07, 0xFF, 0xF8, 0x00, 0x01,
    0xF0, 0x0B, 0xD0, 0x00, 0x7C, 0x00, 0xFC, 0x00, 0x1F, 0x00, 0x2F, 0x00, 0x07, 0xC0, 0x0F, 0xC0,
    0x01, 0xF0, 0x07, 0xD0, 0x03, 0xFF, 0xFF, 0x90, 0x00, 0x00, 0x00, 0x00, 0x01, 0xFF, 0xE0, 0x03,
    0xFF, 0xD0, 0xB8, 0x00, 0x00, 0xF8, 0x02, 0xE0, 0x00, 0x03, 0xE0, 0x0B, 0x80, 0x00, 0x0F, 0x80,
    0x2E, 0x00, 0x00, 0x3E, 0x00, 0xBF, 0xFF, 0x80, 0xF8, 0x02, 0xE0, 0x0B, 0xC3, 0xE0, 0x0B, 0x80,
    0x0F, 0x8F, 0x80, 0x2E, 0x00, 0x3F, 0x3E, 0x00, 0xB8, 0x00, 0xF8, 0xF8, 0x02, 0xE0, 0x0B, 0xC3,
    0xE0, 0x7F, 0xFF, 0xF8, 0xFF, 0xF4, 0x00, 0x00, 0x00, 0x1F, 0xFE, 0x00, 0x00, 0xB8, 0x00, 0x00,
    0x2E, 0x00, 0x00, 0x0B, 0x80, 0x00, 0x02, 0xE0, 0x00, 0x00, 0xBF, 0xFF, 0x80, 0x2E, 0x00, 0xBC,
    0x0B, 0x80, 0x0F, 0x82, 0xE0, 0x03, 0xF0, 0xB8, 0x00, 0xF8, 0x2E, 0x00, 0xBC, 0x7F, 0xFF, 0xF8,
    0x00, 0x00, 0x00, 0x00, 0x31, 0xBF, 0x90, 0x0F, 0x80, 0x6F, 0x03, 0x80, 0x02, 0xF0, 0x80, 0x00,
    0x3E, 0x00, 0x00, 0x0B, 0xC0, 0xFE, 0x43, 0xF0, 0x02, 0xFE, 0xFC, 0x00, 0x00, 0x3F, 0x00, 0x00,
    0x0F, 0x4C, 0x00, 0x0F, 0xC1, 0xD0, 0x1F, 0xC0, 0x0B, 0xFE, 0x40, 0x00, 0x00, 0x00, 0x00, 0x00,
    0x00, 0x1F, 0xFF, 0x00, 0x7F, 0xE0, 0x00, 0xBC, 0x00, 0xF4, 0x0F, 0x80, 0x2F, 0x00, 0xF4, 0x00,
    0xF4, 0x0B, 0xC0, 0x7C, 0x00, 0x1F, 0x02, 0xF0, 0x2F, 0x00, 0x03, 0xD0, 0xBC, 0x0F, 0x80, 0x00,
    0xF4, 0x2F, 0xFF, 0xE0, 0x00, 0x3E, 0x0B, 0xC0, 0xF8, 0x00, 0x0F, 0x42, 0xF0, 0x2F, 0x00, 0x07,
    0xC0, 0xBC, 0x03, 0xD0, 0x03, 0xE0, 0x2F, 0x00, 0x7E, 0x02, 0xE0, 0x7F, 0xFC, 0x02, 0xFF, 0x90,
    0x00, 0x00, 0x6F, 0xFF, 0xF8, 0x0B, 0xD0, 0x2F, 0x00, 0x7C, 0x00, 0xBC, 0x01, 0xF0, 0x02, 0xF0,
    0x03, 0xD0, 0x0B, 0xC0, 0x0B, 0xD0, 0x2F, 0x00, 0x02, 0xFF, 0xFC, 0x00, 0x07, 0xE2, 0xF0, 0x00,
    0x7E, 0x0B, 0xC0, 0x07, 0xE0, 0x2F, 0x00, 0x7E, 0x00, 0xBC, 0x0F, 0xFD, 0x1F, 0xFE, 0x1F, 0xF8,
    0x02, 0xC1, 0xE0, 0x00, 0x0F, 0x00, 0x6F, 0xF0, 0x3E, 0x0F, 0x07, 0x80, 0xF0, 0x7C, 0x2F, 0x01,
    0xFD, 0x7D, 0x00, 0x6B, 0x80, 0xBF, 0xF0, 0x2D, 0x00, 0x03, 0x00, 0x00, 0x67, 0xF9, 0x07, 0xD0,
    0xB4, 0x7C, 0x03, 0xC7, 0x80, 0x3C, 0x78, 0x03, 0xC3, 0xC0, 0x3C, 0x2D, 0x0B, 0x40, 0x7F, 0xD0,
    0x7F, 0xFE, 0x01, 0xF0, 0xB8, 0x0E, 0x0B, 0x40, 0xFF, 0xE0, 0x0E, 0x07, 0x80, 0xE0, 0x3C, 0x1F,
    0x07, 0xC7, 0xFF, 0xE0, 0x7F, 0xFF, 0x1E, 0x03, 0x1E, 0x00, 0x1E, 0x00, 0x1E, 0x00, 0x1E, 0x00,
    0x1E, 0x00, 0x7F, 0xC0, 0x0B, 0xFF, 0xF4, 0x05, 0x0F, 0x00, 0x14, 0x3C, 0x00, 0x80, 0xF0, 0x02,
    0x03, 0xC0, 0x08, 0x0F, 0x00, 0xC0, 0x3C, 0x2F, 0xFF, 0xFE, 0xE0, 0x00, 0x2B, 0x00, 0x00, 0x20,
    0x07, 0xF8, 0x0B, 0x43, 0xC3, 0xC0, 0x75, 0xFF, 0xFD, 0x7C, 0x00, 0x0F, 0x00, 0x02, 0xE0, 0x20,
    0x1F, 0xF4, 0x3F, 0x0F, 0xF0, 0xBE, 0x0B, 0x03, 0xC0, 0xA0, 0x00, 0xD3, 0xC3, 0x40, 0x00, 0xBB,
    0xEF, 0x00, 0x01, 0xE7, 0xD7, 0x80, 0x07, 0xC3, 0xC2, 0xE0, 0x1F, 0x03, 0xC0, 0xB8, 0xBF, 0x0F,
    0xF0, 0xFF, 0x6F, 0xF8, 0x1C, 0x0B, 0x80, 0x02, 0xE0, 0x0F, 0xE0, 0x00, 0x2E, 0x00, 0x03, 0xC6,
    0x02, 0xE0, 0xBF, 0xE0, 0x7F, 0xCF, 0xF4, 0x78, 0x0F, 0x01, 0xE0, 0xBC, 0x07, 0x88, 0xF0, 0x1E,
    0x53, 0xC0, 0x7E, 0x0F, 0x01, 0xF0, 0x3C, 0x1F, 0xF3, 0xFD, 0x07, 0x4B, 0x00, 0x2E, 0x3D, 0x00,
    0x74, 0xB4, 0x00, 0x7F, 0x40, 0x7F, 0xCF, 0xF4, 0x78, 0x0F, 0x01, 0xE0, 0xBC, 0x07, 0x88, 0xF0,
    0x1E, 0x53, 0xC0, 0x7E, 0x0F, 0x01, 0xF0, 0x3C, 0x1F, 0xF3, 0xFD, 0x7F, 0xC3, 0xF0, 0x78, 0x0D,
    0x01, 0xE1, 0xC0, 0x07, 0xBD, 0x00, 0x1F, 0x7D, 0x00, 0x78, 0x3D, 0x01, 0xE0, 0x3D, 0x1F, 0xF1,
    0xFE, 0x0B, 0xEB, 0xE0, 0x05, 0x0F, 0x00, 0x14, 0x3C, 0x00, 0x50, 0xF0, 0x01, 0x43, 0xC0, 0x08,
    0x0F, 0x07, 0x70, 0x3C, 0x1F, 0x43, 0xFD, 0x7F, 0x00, 0x3F, 0x43, 0xE0, 0x2F, 0x00, 0xEC, 0x0A,
    0xC0, 0x33, 0x85, 0xB0, 0x0C, 0xB2, 0x2C, 0x03, 0x0E, 0x4B, 0x00, 0xC3, 0xC2, 0xC1, 0xFC, 0x52,
    0xFD, 0x7F, 0xCF, 0xF4, 0x78, 0x0F, 0x01, 0xE0, 0x3C, 0x07, 0xFF, 0xF0, 0x1E, 0x03, 0xC0, 0x78,
    0x0F, 0x01, 0xE0, 0x3C, 0x1F, 0xF3, 0xFD, 0x07, 0xF9, 0x02, 0xD0, 0xB4, 0x3C, 0x03, 0xC7, 0x80,
    0x3C, 0x78, 0x03, 0xC3, 0xC0, 0x3C, 0x2D, 0x0B, 0x40, 0x7F, 0xD0, 0x7F, 0xFF, 0xF4, 0x78, 0x0F,
    0x01, 0xE0, 0x3C, 0x07, 0x80, 0xF0, 0x1E, 0x03, 0xC0, 0x78, 0x0F, 0x01, 0xE0, 0x3C, 0x1F, 0xF3,
    0xFD, 0x7E, 0xBF, 0x40, 0x7D, 0x0F, 0x40, 0xE0, 0x0F, 0x03, 0x80, 0x3C, 0x0E, 0x00, 0xF0, 0x38,
    0x07, 0xC0, 0xF4, 0x3D, 0x03, 0xAF, 0x90, 0x0E, 0x00, 0x00, 0x38, 0x00, 0x07, 0xFC, 0x00, 0x00,
    0x07, 0xFD, 0x0B, 0x83, 0x83, 0xC0, 0x01, 0xF0, 0x00, 0x7C, 0x00, 0x0F, 0x00, 0x02, 0xE0, 0x70,
    0x1F, 0xE0, 0x7F, 0xFF, 0x98, 0x78, 0x60, 0x1E, 0x00, 0x07, 0x80, 0x01, 0xE0, 0x00, 0x78, 0x00,
    0x1E, 0x00, 0x3F, 0xF0, 0xBF, 0x43, 0xF1, 0xF0, 0x18, 0x0F, 0x03, 0x00, 0x78, 0x60, 0x03, 0xDC,
    0x00, 0x1F, 0x80, 0x00, 0xF0, 0x00, 0x06, 0x00, 0x00, 0xC0, 0x07, 0x24, 0x00, 0x3E, 0x00, 0x00,
    0x00, 0x2F, 0x80, 0x00, 0x00, 0x1E, 0x00, 0x00, 0x00, 0x78, 0x00, 0x00, 0x01, 0xE0, 0x00, 0x07,
    0xFB, 0xBF, 0x40, 0xBC, 0x2F, 0x0B, 0x83, 0xC0, 0x78, 0x0F, 0x5F, 0x01, 0xE0, 0x2E, 0x7C, 0x07,
    0x80, 0xB4, 0xF0, 0x1E, 0x03, 0xD1, 0xF0, 0xBC, 0x2E, 0x01, 0xFE, 0xEF, 0xD0, 0x00, 0x07, 0x80,
    0x00, 0x00, 0x1E, 0x00, 0x00, 0x01, 0xFE, 0x00, 0x00, 0xBF, 0x4B, 0xE0, 0xF0, 0x70, 0x03, 0xDC,
    0x00, 0x1F, 0x00, 0x00, 0xF8, 0x00, 0x32, 0xE0, 0x0D, 0x0B, 0x4B, 0xE0, 0xFF, 0x7F, 0xCF, 0xF4,
    0x78, 0x0F, 0x01, 0xE0, 0x3C, 0x07, 0x80, 0xF0, 0x1E, 0x03, 0xC0, 0x78, 0x0F, 0x01, 0xE0, 0x3C,
    0x1F, 0xFF, 0xFE, 0x00, 0x00, 0x28, 0x00, 0x00, 0x20, 0x7F, 0xCF, 0xF4, 0x78, 0x0F, 0x01, 0xE0,
    0x3C, 0x03, 0xC1, 0xF0, 0x07, 0xF7, 0xC0, 0x00, 0x0F, 0x00, 0x00, 0x3C, 0x00, 0x03, 0xFD, 0x7F,
    0xCF, 0xF3, 0xFD, 0x1E, 0x03, 0xC0, 0xB4, 0x1E, 0x03, 0xC0, 0xB4, 0x1E, 0x03, 0xC0, 0xB4, 0x1E,
    0x03, 0xC0, 0xB4, 0x1E, 0x03, 0xC0, 0xB4, 0x1E, 0x03, 0xC0, 0xB4, 0x7F, 0xFF, 0xFF, 0xFD, 0x7F,
    0xCF, 0xF3, 0xFD, 0x1E, 0x03, 0xC0, 0xB4, 0x1E, 0x03, 0xC0, 0xB4, 0x1E, 0x03, 0xC0, 0xB4, 0x1E,
    0x03, 0xC0, 0xB4, 0x1E, 0x03, 0xC0, 0xB4, 0x1E, 0x03, 0xC0, 0xB4, 0x7F, 0xFF, 0xFF, 0xFE, 0x00,
    0x00, 0x00, 0x07, 0x00, 0x00, 0x00, 0x03, 0x7F, 0xF0, 0x00, 0x61, 0xE0, 0x00, 0x01, 0xE0, 0x00,
    0x01, 0xFF, 0xE0, 0x01, 0xE0, 0xB8, 0x01, 0xE0, 0x3C, 0x01, 0xE0, 0xB8, 0x07, 0xFF, 0xE0, 0x7F,
    0xC0, 0x3F, 0xE1, 0xE0, 0x00, 0xB4, 0x1E, 0x00, 0x0B, 0x41, 0xFF, 0xE0, 0xB4, 0x1E, 0x0B, 0xCB,
    0x41, 0xE0, 0x3C, 0xB4, 0x1E, 0x0B, 0xCB, 0x47, 0xFF, 0xE3, 0xFE, 0x7F, 0xC0, 0x01, 0xE0, 0x00,
    0x1E, 0x00, 0x01, 0xFF, 0xE0, 0x1E, 0x0B, 0xC1, 0xE0, 0x3C, 0x1E, 0x0B, 0xC7, 0xFF, 0xE0, 0x6F,
    0xE0, 0x1D, 0x0F, 0x00, 0x01, 0xE0, 0x3D, 0x7C, 0x03, 0xEF, 0x00, 0x07, 0xC3, 0x03, 0xC0, 0x7F,
    0x80, 0x7F, 0xC1, 0xFE, 0x00, 0x78, 0x3D, 0x0F, 0x01, 0xE1, 0xE0, 0x0F, 0x07, 0xFF, 0x80, 0x3C,
    0x1E, 0x2E, 0x00, 0xF0, 0x78, 0x78, 0x03, 0xC1, 0xE0, 0xF4, 0x2D, 0x1F, 0xF0, 0xBF, 0xD0, 0x00,
    0x00, 0x00, 0x00, 0x0B, 0xFF, 0xE3, 0xD0, 0x78, 0x2E, 0x07, 0x80, 0xBF, 0xF8, 0x02, 0xE7, 0x80,
    0x78, 0x78, 0x1F, 0x07, 0x8B, 0xF5, 0xFE, 0x02, 0xC0, 0x00, 0x7D, 0x00, 0x00, 0x00, 0x1F, 0xE0,
    0x2D, 0x0E, 0x0F, 0x01, 0xC7, 0xFF, 0xF5, 0xF0, 0x00, 0x3C, 0x00, 0x0B, 0x80, 0x80, 0x7F, 0xD0,
    0x1D, 0x2D, 0x0B, 0xCF, 0x81, 0xD2, 0xD0, 0x00, 0x00, 0x07, 0xF8, 0x0B, 0x43, 0xC3, 0xC0, 0x75,
    0xFF, 0xFD, 0x7C, 0x00, 0x0F, 0x00, 0x02, 0xE0, 0x20, 0x1F, 0xF4, 0x7F, 0x00, 0x00, 0xF0, 0x00,
    0x7F, 0xFF, 0xD0, 0xF0, 0x00, 0x0F, 0x2F, 0x80, 0xF8, 0x3C, 0x0F, 0x02, 0xD0, 0xF0, 0x2D, 0x0F,
    0x02, 0xD0, 0xF0, 0x2C, 0x0F, 0x02, 0xC3, 0xFC, 0x38, 0x00, 0x07, 0x00, 0x01, 0xD0, 0x00, 0xF4,
    0x00, 0x00, 0xF0, 0x07, 0xD0, 0x00, 0x00, 0x7F, 0xFF, 0x1E, 0x07, 0x1E, 0x00, 0x1E, 0x00, 0x1E,
    0x00, 0x1E, 0x00, 0x1E, 0x00, 0x7F, 0xC0, 0x07, 0xFB, 0x0B, 0x82, 0xC3, 0xC0, 0x11, 0xFF, 0xD0,
    0x78, 0x00, 0x0F, 0x00, 0x01, 0xE0, 0x70, 0x1F, 0xE0, 0x1F, 0xE8, 0x30, 0x28, 0x74, 0x00, 0x3F,
    0xE0, 0x0B, 0xF8, 0x00, 0x1C, 0x70, 0x1C, 0x6B, 0xE0, 0x00, 0x00, 0x1E, 0x0B, 0xC1, 0xE0, 0x00,
    0x3F, 0x03, 0xC0, 0xF0, 0x3C, 0x0F, 0x03, 0xC0, 0xF0, 0xFF, 0x3C, 0x38, 0x7D, 0x7C, 0x3C, 0x38,
    0x00, 0x00, 0x0F, 0xC0, 0x03, 0xC0, 0x03, 0xC0, 0x03, 0xC0, 0x03, 0xC0, 0x03, 0xC0, 0x03, 0xC0,
    0x0F, 0xF0, 0x02, 0xC0, 0x3E, 0x02, 0xC0, 0x00, 0x0B, 0xE0, 0x1E, 0x01, 0xE0, 0x1E, 0x01, 0xE0,
    0x1E, 0x01, 0xE0, 0x1E, 0x01, 0xDB, 0x2C, 0x7F, 0x40, 0x0B, 0xFF, 0xE0, 0x00, 0x06, 0x0F, 0x00,
    0x00, 0x14, 0x3C, 0x00, 0x00, 0x50, 0xFF, 0xE0, 0x01, 0x43, 0xC2, 0xE0, 0x09, 0x0F, 0x03, 0xC7,
    0x70, 0x3C, 0x2E, 0x1F, 0x42, 0xFF, 0xE0, 0x7F, 0xCF, 0xF4, 0x00, 0x78, 0x0F, 0x00, 0x01, 0xE0,
    0x3C, 0x00, 0x07, 0xFF, 0xFF, 0xE0, 0x1E, 0x03, 0xC2, 0xE0, 0x78, 0x0F, 0x03, 0xC1, 0xE0, 0x3C,
    0x2E, 0x1F, 0xF3, 0xFF, 0xE0, 0x7F, 0x00, 0x00, 0x3C, 0x00, 0x07, 0xFF, 0xF4, 0x03, 0xC0, 0x00,
    0x0F, 0x2F, 0x40, 0x3E, 0x0F, 0x00, 0xF0, 0x2D, 0x03, 0xC0, 0xB4, 0x0F, 0x02, 0xD0, 0x3C, 0x0B,
    0x40, 0xF0, 0x2D, 0x0F, 0xF3, 0xFD, 0x00, 0x2C, 0x00, 0x03, 0xE0, 0x00, 0x00, 0x00, 0x1F, 0xF0,
    0xFC, 0x1E, 0x03, 0x40, 0x78, 0x70, 0x01, 0xEF, 0x40, 0x07, 0xDF, 0x40, 0x1E, 0x0F, 0x40, 0x78,
    0x0F, 0x47, 0xFC, 0x7F, 0x80, 0x01, 0xE0, 0x00, 0x00, 0x50, 0x07, 0xFC, 0xFF, 0x47, 0x80, 0xF0,
    0x1E, 0x0B, 0xC0, 0x78, 0x8F, 0x01, 0xE5, 0x3C, 0x07, 0xE0, 0xF0, 0x1F, 0x03, 0xC1, 0xFF, 0x3F,
    0xD0, 0x07, 0x4B, 0x00, 0xB8, 0xF8, 0x07, 0x4B, 0x40, 0x1F, 0xD0, 0xBF, 0x43, 0xF1, 0xF0, 0x18,
    0x0F, 0x03, 0x00, 0x78, 0x60, 0x03, 0xDC, 0x00, 0x1F, 0x80, 0x00, 0xF0, 0x00, 0x06, 0x00, 0x00,
    0xC0, 0x07, 0x24, 0x00, 0x3E, 0x00, 0x00, 0x7F, 0xCF, 0xF4, 0x78, 0x0F, 0x01, 0xE0, 0x3C, 0x07,
    0x80, 0xF0, 0x1E, 0x03, 0xC0, 0x78, 0x0F, 0x01, 0xE0, 0x3C, 0x1F, 0xFF, 0xFD, 0x00, 0x70, 0x00,
    0x00, 0xC0, 0x00, 0x02, 0xF8, 0x02, 0xF8, 0x01, 0xF0, 0xE0, 0xB0, 0xF4, 0x3C, 0x1D, 0x07, 0x43,
    0xC7, 0xC0, 0x00, 0x00, 0x3E, 0xB8, 0x00, 0x00, 0x02, 0xFF, 0x80, 0x00, 0x00, 0x2F, 0xF8, 0x03,
    0xFC, 0x02, 0xFF, 0x80, 0x0F, 0x00, 0x2F, 0xBC, 0x00, 0xF0, 0x03, 0xE3, 0xC0, 0x0F, 0x00, 0x3C,
    0x2F, 0x01, 0xF4, 0x0F, 0x80, 0x7F, 0xE0, 0xBF, 0xD0, 0x07, 0xF4, 0x2F, 0x80, 0x2E, 0x38, 0x38,
    0xF0, 0x3C, 0x00, 0x00, 0x7C, 0x7C, 0x0F, 0xE0, 0x3C, 0x7C, 0x03, 0xC0, 0x3C, 0x3C, 0x03, 0xC0,
    0x7C, 0x2E, 0x07, 0xD0, 0xF4, 0x0B, 0xF8, 0x2F, 0xD0, 0x00, 0x00, 0x00, 0x00, 0x00, 0x00, 0x00,
    0x00, 0xFF, 0xE0, 0x00, 0x01, 0xF0, 0x00, 0x0B, 0xFF, 0xFF, 0xF0, 0xD1, 0xF0, 0x0B, 0x0C, 0x1F,
    0x00, 0x30, 0x01, 0xF0, 0x00, 0x00, 0x1F, 0xFF, 0xE0, 0x01, 0xF0, 0x0B, 0xD0, 0x1F, 0x00, 0x3F,
    0x01, 0xF0, 0x02, 0xF0, 0x1F, 0x00, 0x3E, 0x01, 0xF0, 0x0B, 0xC0, 0xFF, 0xFF, 0xE0, 0x50, 0x80,
    0x03, 0xB4, 0x00, 0x1F, 0x00, 0x01, 0xE0, 0x00, 0xBF, 0xF0, 0x01, 0xE0, 0x00, 0x1E, 0x00, 0x01,
    0xFF, 0xE0, 0x1E, 0x0B, 0xC1, 0xE0, 0x3C, 0x1E, 0x0B, 0xC7, 0xFF, 0xE0, 0x00, 0x00, 0x00, 0x00,
    0x00, 0x7F, 0xFC, 0x01, 0xBF, 0xD3, 0x0B, 0xC0, 0x0B, 0xD0, 0x2F, 0x0B, 0xC0, 0x2F, 0x00, 0x0B,
    0x0B, 0xC0, 0x7D, 0x00, 0x03, 0x0B, 0xC0, 0xBC, 0x00, 0x01, 0x0B, 0xC0, 0xFC, 0x00, 0x00, 0x0B,
    0xFF, 0xFF, 0xFF, 0xF0, 0x0B, 0xC0, 0xFC, 0x00, 0x00, 0x0B, 0xC0, 0xBC, 0x00, 0x00, 0x0B, 0xC0,
    0x3F, 0x00, 0x03, 0x0B, 0xC0, 0x0F, 0xD0, 0x1D, 0x7F, 0xFC, 0x01, 0xBF, 0xE0, 0x7F, 0xC2, 0xFE,
    0xC1, 0xE0, 0xB4, 0x2C, 0x1E, 0x1F, 0x00, 0x41, 0xFF, 0xFF, 0xD0, 0x1E, 0x1F, 0x00, 0x01, 0xE0,
    0xF0, 0x00, 0x1E, 0x0B, 0x82, 0x87, 0xFC, 0x2F, 0xE0, 0x00, 0x00, 0x00, 0x00, 0x00, 0x00, 0x38,
    0x00, 0x00, 0x00, 0x02, 0xF0, 0x00, 0x00, 0x00, 0x1F, 0xF0, 0x00, 0x00, 0x00, 0xD7, 0xD0, 0x00,
    0x00, 0x06, 0x0F, 0xC0, 0x00, 0x00, 0x30, 0x0F, 0x80, 0x00, 0x02, 0x80, 0x2F, 0x40, 0x00, 0x1F,
    0xFF, 0xFF, 0x00, 0x00, 0xD0, 0xF0, 0x7E, 0x00, 0x0A, 0x03, 0xC0, 0xFC, 0x00, 0x70, 0x0F, 0x00,
    0xF8, 0x0F, 0xD0, 0xFF, 0x0B, 0xFF, 0x00, 0x07, 0x00, 0x00, 0x00, 0x3F, 0x00, 0x00, 0x03, 0x7E,
    0x00, 0x00, 0x28, 0x3D, 0x00, 0x01, 0xC0, 0xBC, 0x00, 0x0F, 0xFF, 0xFC, 0x00, 0x90, 0xB0, 0xF8,
    0x1F, 0x07, 0xD2, 0xFC, 0x00, 0x00, 0x00, 0x00, 0x00, 0x00, 0x07, 0xFF, 0xC0, 0x00, 0x1C, 0x00,
    0x00, 0x0B, 0xC0, 0x00, 0x03, 0xF0, 0x00, 0x00, 0xBC, 0x00, 0x00, 0xAF, 0x40, 0x00, 0x0B, 0xC0,
    0x00, 0x0C, 0xBC, 0x00, 0x00, 0xBC, 0x00, 0x02, 0x43, 0xE0, 0x00, 0x0B, 0xC0, 0x00, 0x70, 0x2F,
    0x00, 0x00, 0xBC, 0x00, 0x0D, 0x00, 0xF8, 0x00, 0x0B, 0xFF, 0xFF, 0xFF, 0xFF, 0xD0, 0x00, 0xBC,
    0x00, 0x30, 0x34, 0x3F, 0x00, 0x0B, 0xC0, 0x0A, 0x03, 0x41, 0xF8, 0x00, 0xBC, 0x01, 0xC0, 0x34,
    0x0B, 0xC0, 0x7F, 0xFC, 0xFD, 0x1F, 0xE0, 0xFF, 0xC0, 0x7F, 0xC0, 0x01, 0xD0, 0x00, 0x1E, 0x00,
    0x03, 0xF0, 0x00, 0x1E, 0x00, 0x09, 0xBC, 0x00, 0x1E, 0x00, 0x0C, 0x3E, 0x00, 0x1E, 0x00, 0x30,
    0x1F, 0x40, 0x1F, 0xFF, 0xFF, 0xFF, 0xC0, 0x1E, 0x01, 0x82, 0xC3, 0xE0, 0x7F, 0xDF, 0x07, 0xE1,
    0xFD, 0x00, 0x7F, 0xFF, 0xFD, 0x00, 0x00, 0x2E, 0x00, 0x08, 0x00, 0x00, 0x0B, 0x80, 0x20, 0x00,
    0x00, 0x03, 0xD0, 0x80, 0x00, 0x00, 0x00, 0xF6, 0x40, 0x00, 0x00, 0x06, 0xFF, 0x90, 0x00, 0x00,
    0x3D, 0x7D, 0x7D, 0x00, 0x00, 0xF4, 0x3D, 0x0F, 0x00, 0x02, 0xF0, 0x3D, 0x0B, 0x80, 0x03, 0xC0,
    0x3D, 0x03, 0xD0, 0x0F, 0x80, 0x3D, 0x01, 0xF0, 0xBF, 0xE0, 0xFF, 0x0B, 0xFF, 0x01, 0xFF, 0xFF,
    0x80, 0x00, 0x24, 0x00, 0x00, 0x00, 0x0A, 0x10, 0x00, 0x00, 0x2F, 0xFD, 0x00, 0x01, 0xE2, 0xC7,
    0x80, 0x07, 0x82, 0xC1, 0xE0, 0x1F, 0x02, 0xC0, 0xB8, 0xBF, 0x0B, 0xF0, 0xFF, 0x7F, 0xFC, 0x02,
    0xFF, 0xFF, 0xF0, 0x00, 0x2F, 0x00, 0x03, 0xD0, 0x01, 0x40, 0x00, 0xBC, 0x00, 0x03, 0xD0, 0x14,
    0x00, 0x02, 0xF0, 0x00, 0x03, 0xD1, 0x80, 0x00, 0x0B, 0xC0, 0x00, 0x07, 0xD8, 0x00, 0x00, 0x2F,
    0xFF, 0xFF, 0xFF, 0xFE, 0x00, 0x00, 0xBC, 0x00, 0x2E, 0x2F, 0x1F, 0x00, 0x02, 0xF0, 0x01, 0xF0,
    0x7C, 0x2F, 0x00, 0x0B, 0xC0, 0x0F, 0x41, 0xF0, 0x3D, 0x00, 0x2F, 0x00, 0xBC, 0x07, 0xC0, 0x7C,
    0x00, 0xBC, 0x03, 0xD0, 0x1F, 0x00, 0xF8, 0x1F, 0xFF, 0xFF, 0xD1, 0xFF, 0x0F, 0xFD, 0x7F, 0xC0,
    0x2F, 0xFF, 0xF4, 0x01, 0xE0, 0x00, 0x60, 0x04, 0x00, 0x1E, 0x00, 0x00, 0xE1, 0x00, 0x01, 0xFF,
    0xFF, 0xFF, 0xF9, 0x00, 0x1E, 0x00, 0x2D, 0x38, 0xB4, 0x01, 0xE0, 0x0B, 0x43, 0x82, 0xD0, 0x1E,
    0x02, 0xE0, 0x38, 0x0F, 0x47, 0xFC, 0xFF, 0x0F, 0xE0, 0xFE, 0x07, 0x07, 0x00, 0x07, 0x70, 0x00,
    0x1F, 0x90, 0x07, 0x40, 0xF0, 0x3E, 0x02, 0xD0, 0x74, 0x0B, 0x40, 0x00, 0x78, 0x00, 0x3F, 0x80,
    0x00, 0x02, 0xC0, 0x00, 0x02, 0x80, 0x00, 0x0B, 0x00, 0x00, 0x3C, 0x00, 0x0B, 0xE0, 0x0B, 0xFF,
    0x03, 0xFF, 0x90, 0x2F, 0x90, 0x00, 0x70, 0x00, 0x00, 0x00, 0x00, 0x00, 0x10, 0x34, 0x05, 0x90,
    0x2F, 0xF4, 0xB4, 0x2C, 0x10, 0x2C, 0x03, 0xF4, 0x00, 0x1C, 0x00, 0x0D, 0x00, 0x2D, 0x1B, 0xFC,
    0x7F, 0xE0, 0x75, 0x00, 0x2D, 0x00, 0x00, 0x00, 0x00, 0x00, 0x3F, 0xFF, 0x00, 0x00, 0x2E, 0x00,
    0x0F, 0xC2, 0xE0, 0xBC, 0x3C, 0x2E, 0x0F, 0x43, 0xD2, 0xE0, 0xF0, 0x3D, 0x2E, 0x1F, 0x02, 0xE2,
    0xE1, 0xE0, 0x0F, 0x2E, 0x3C, 0x00, 0x2F, 0xFE, 0x00, 0x00, 0x2E, 0x00, 0x00, 0x02, 0xE0, 0x00,
    0x03, 0xFF, 0xF0, 0x00, 0x00, 0x00, 0x00, 0x00, 0xFC, 0x00, 0x00, 0x3C, 0x00, 0x00, 0x2C, 0x00,
    0x00, 0x2C, 0x00, 0x78, 0x2C, 0x0F, 0x2D, 0x2C, 0x3C, 0x2D, 0x2C, 0x3C, 0x3D, 0x2C, 0x3C, 0x3D,
    0x2C, 0x3D, 0x2D, 0x2C, 0x3C, 0x0F, 0x6D, 0xB4, 0x01, 0xBE, 0x40, 0x00, 0x2C, 0x00, 0x00, 0x2D,
    0x00, 0x00, 0xFF, 0x40, 0x01, 0xFF, 0x80, 0x03, 0xE0, 0x2E, 0x03, 0xD0, 0x03, 0xD1, 0xF0, 0x00,
    0x7C, 0xBC, 0x00, 0x0F, 0x7F, 0xBE, 0x43, 0xEF, 0xC1, 0xFE, 0xFB, 0xF0, 0x00, 0x3D, 0xBC, 0x00,
    0x1F, 0x0F, 0x40, 0x0F, 0x80, 0xF8, 0x0B, 0x80, 0x07, 0xFE, 0x40, 0x0B, 0xF4, 0x0B, 0x4B, 0x43,
    0x80, 0xF1, 0xFF, 0xFC, 0x78, 0x0F, 0x1E, 0x03, 0xC3, 0xD2, 0xD0, 0x2F, 0xD0, 0xBF, 0xF0, 0x00,
    0xBC, 0x0F, 0xC0, 0x01, 0x9D, 0x07, 0xC0, 0x03, 0x00, 0x03, 0xE0, 0x06, 0x00, 0x01, 0xF0, 0x0C,
    0x00, 0x00, 0xF8, 0x0C, 0x00, 0x00, 0xBC, 0x24, 0x00, 0x00, 0x3D, 0x30, 0x00, 0x00, 0x2F, 0x90,
    0x00, 0x00, 0x0F, 0xC0, 0x00, 0x00, 0x0F, 0x80, 0x00, 0x00, 0x07, 0x00, 0x00, 0xBF, 0x40, 0xB8,
    0x1E, 0x01, 0xBC, 0x0F, 0x03, 0x2C, 0x07, 0x82, 0x00, 0x03, 0xC8, 0x00, 0x02, 0xE8, 0x00, 0x00,
    0xF4, 0x00, 0x00, 0xB0, 0x00, 0x03, 0xDB, 0x80, 0x00, 0x01, 0xBA, 0xF0, 0x00, 0xBF, 0xF0, 0x00,
    0xBC, 0x0F, 0xC0, 0x01, 0xDD, 0x07, 0xC0, 0x03, 0x00, 0x03, 0xE0, 0x07, 0x00, 0x01, 0xF0, 0x0D,
    0x00, 0x00, 0xF8, 0x1C, 0x00, 0x00, 0xBC, 0x24, 0x00, 0x00, 0x3D, 0x30, 0x00, 0x00, 0x2F, 0x90,
    0x00, 0x00, 0x0F, 0xC0, 0x00, 0x00, 0x0F, 0x80, 0x00, 0x00, 0x07, 0x00, 0x00, 0x79, 0xF4, 0x00,
    0x05, 0x04, 0x00, 0xBF, 0x40, 0xBC, 0x1E, 0x01, 0xBC, 0x0F, 0x03, 0x2C, 0x07, 0x86, 0x00, 0x03,
    0xC8, 0x00, 0x01, 0xFC, 0x00, 0x00, 0xF4, 0x00, 0x00, 0xB0, 0x00, 0x00, 0x02, 0xC0, 0x00, 0x00,
    0x05, 0xF9, 0x40, 0x00, 0x7D, 0x7E, 0x6E, 0x00, 0xB8, 0x0F, 0x41, 0xF0, 0x3C, 0x00, 0x00, 0x2E,
    0x2F, 0x00, 0x00, 0x07, 0xCF, 0x80, 0x00, 0x01, 0xF7, 0xE0, 0x00, 0x00, 0x3D, 0xF8, 0x00, 0x00,
    0x1F, 0x6F, 0x00, 0x00, 0x07, 0xC7, 0xC0, 0x00, 0x02, 0xE0, 0xBC, 0x0F, 0x41, 0xF0, 0x07, 0xE7,
    0xE6, 0xE0, 0x00, 0x06, 0xFD, 0x40, 0x00, 0x00, 0x2C, 0x00, 0x00, 0x00, 0x38, 0x00, 0x06, 0xBE,
    0x90, 0x2C, 0x3C, 0x78, 0x3C, 0x00, 0x3C, 0x78, 0x00, 0x3D, 0x78, 0x00, 0x3D, 0x7C, 0x00, 0x3C,
    0x2D, 0x3C, 0x78, 0x07, 0xFE, 0x90, 0x00, 0x38, 0x00, 0x00, 0x00, 0x00, 0x00, 0x00, 0x01, 0xFF,
    0xE0, 0x00, 0x00, 0xB8, 0x07, 0xC0, 0x00, 0x02, 0x0F, 0x1E, 0x00, 0x00, 0x01, 0x24, 0x2C, 0x00,
    0x2F, 0x82, 0x2F, 0x80, 0x1F, 0x0E, 0x0B, 0x0F, 0x43, 0xC1, 0xD0, 0x74, 0x3C, 0x7C, 0x00, 0x00,
    0x03, 0xEB, 0x80, 0x00, 0x00, 0x2F, 0xF8, 0x00, 0x00, 0x02, 0xFF, 0x80, 0x3F, 0xC0, 0x2F, 0xF8,
    0x00, 0xF0, 0x02, 0xFB, 0xC0, 0x0F, 0x00, 0x3E, 0x3C, 0x00, 0xF0, 0x03, 0xC2, 0xF0, 0x1F, 0x40,
    0xF8, 0x07, 0xFE, 0x0B, 0xFD, 0x00, 0x00, 0x2F, 0xE0, 0x00, 0x00, 0xF0, 0x3C, 0x00, 0x00, 0x43,
    0xCF, 0x00, 0x00, 0x08, 0xC2, 0x80, 0x07, 0xF4, 0xAF, 0x80, 0x2E, 0x38, 0x38, 0xF0, 0x3C, 0x00,
    0x00, 0x7C, 0x7C, 0x0F, 0xE0, 0x3C, 0x7C, 0x03, 0xC0, 0x3C, 0x3C, 0x03, 0xC0, 0x7C, 0x2E, 0x07,
    0xD0, 0xF4, 0x0B, 0xF8, 0x2F, 0xD0, 0x00, 0x00, 0x00, 0x00, 0x00, 0x0F, 0xFF, 0x00, 0x00, 0x00,
    0xCF, 0x30, 0x00, 0x00, 0x0C, 0xF3, 0x00, 0x00, 0x00, 0x00, 0x00, 0x00, 0x02, 0xF8, 0x02, 0xF8,
    0x01, 0xF0, 0xE0, 0xB0, 0xF4, 0x3C, 0x1D, 0x07, 0x43, 0xC7, 0xC0, 0x00, 0x00, 0x3E, 0xB8, 0x00,
    0x00, 0x02, 0xFF, 0x80, 0x00, 0x00, 0x2F, 0xF8, 0x03, 0xFC, 0x02, 0xFF, 0x80, 0x0F, 0x00, 0x2F,
    0xBC, 0x00, 0xF0, 0x03, 0xE3, 0xC0, 0x0F, 0x00, 0x3C, 0x2F, 0x01, 0xF4, 0x0F, 0x80, 0x7F, 0xE0,
    0xBF, 0xD0, 0x00, 0x3F, 0xFC, 0x00, 0x00, 0x33, 0x9C, 0x00, 0x00, 0x23, 0x8C, 0x00, 0x07, 0xF4,
    0x2F, 0x80, 0x2E, 0x38, 0x38, 0xF0, 0x3C, 0x00, 0x00, 0x7C, 0x7C, 0x0F, 0xE0, 0x3C, 0x7C, 0x03,
    0xC0, 0x3C, 0x3C, 0x03, 0xC0, 0x7C, 0x2E, 0x07, 0xD0, 0xF4, 0x0B, 0xF8, 0x2F, 0xD0, 0x00, 0x00,
    0x00, 0x00, 0x01, 0xBF, 0x93, 0x02, 0xE0, 0x1F, 0xC2, 0xD0, 0x00, 0xF1, 0xE0, 0x00, 0x0C, 0xB4,
    0x00, 0x02, 0x3C, 0x00, 0x00, 0x0F, 0x00, 0x00, 0x03, 0xD0, 0x00, 0x00, 0xB8, 0x00, 0x00, 0x1F,
    0x40, 0x00, 0x02, 0xF9, 0x00, 0x00, 0x2F, 0xFE, 0x80, 0x00, 0xBF, 0xFE, 0x00, 0x00, 0x1B, 0xD0,
    0x00, 0x00, 0x18, 0x00, 0x00, 0x00, 0x07, 0xFD, 0x0B, 0x43, 0x83, 0x40, 0x01, 0xD0, 0x00, 0x74,
    0x00, 0x1E, 0x00, 0x03, 0xE4, 0x00, 0x2F, 0xE0, 0x00, 0x6F, 0x00, 0x00, 0xC0, 0x00, 0x60, 0x00,
    0x80, 0x9B, 0xE2, 0xC1, 0x20, 0x80, 0xE0, 0x00, 0xF8, 0x0F, 0xF7, 0xDF, 0xF0, 0x2F, 0x00, 0x00,
    0x07, 0xFE, 0x00, 0x2D, 0x03, 0xC0, 0x00, 0x00, 0xF0, 0x00, 0x00, 0x2C, 0x1F, 0x83, 0x2C, 0x20,
    0x00, 0x00, 0x2F, 0x83, 0xC9, 0x00, 0x50, 0x00, 0x00, 0x00, 0x0B, 0x00, 0x00, 0x00, 0x00, 0x00,
    0xF4, 0x00, 0x00, 0x00, 0x00, 0x0F, 0x00, 0x00, 0x00, 0x1D, 0x00, 0x00, 0x03, 0x80, 0x03, 0xE0,
    0x00, 0x00, 0x7C, 0x00, 0x1D, 0x00, 0x00, 0x03, 0x80, 0x00, 0x00, 0x00, 0x00, 0x00, 0x00, 0x00,
    0x00, 0x00, 0x00, 0x00, 0x00, 0x00, 0x00, 0x00, 0x00, 0x03, 0x80, 0x00, 0x00, 0x00, 0x1D, 0x7C,
    0x00, 0x00, 0x00, 0x03, 0xE3, 0x80, 0x00, 0x00, 0x00, 0x1D, 0x00, 0x00, 0x00, 0x00, 0x00, 0x00,
    0x00, 0x00, 0x00, 0x00, 0x00, 0x00, 0x00, 0x00, 0x00, 0x00, 0x00, 0x1D, 0x00, 0x00, 0x03, 0x80,
    0x03, 0xE0, 0x00, 0x00, 0x7C, 0x00, 0x1D, 0x00, 0x00, 0x03, 0x80, 0x00, 0x00, 0x0B, 0x00, 0x00,
    0x00, 0x00, 0x00, 0xF4, 0x00, 0x00, 0x00, 0x00, 0x0B, 0x00, 0x00, 0x00, 0x00, 0x00, 0x00, 0x00,
    0x00, 0x00, 0x00, 0x00, 0x00, 0x20, 0x00, 0x00, 0x00, 0x00, 0x00, 0x3C, 0x00, 0x00, 0x00, 0x01,
    0x00, 0x0F, 0x40, 0x00, 0x00, 0x00, 0xF4, 0x02, 0xC0, 0x0B, 0xD0, 0x00, 0x3E, 0x00, 0x00, 0x07,
    0xD4, 0x00, 0x07, 0x40, 0x00, 0x00, 0xE0, 0x00, 0x00, 0x00, 0x00, 0x00, 0x00, 0x00, 0x00, 0x00,
    0x00, 0x00, 0x00, 0x00, 0x00, 0x00, 0x00, 0x00, 0x00, 0x00, 0x00, 0xE0, 0x00, 0x00, 0x00, 0x07,
    0x81, 0x7C, 0x00, 0x00, 0x00, 0x03, 0xE4, 0x1E, 0x00, 0x00, 0x00, 0x00, 0x70, 0x00, 0x00, 0x00,
    0x00, 0x00, 0x00, 0x00, 0x00, 0x00, 0x00, 0x00, 0x00, 0x00, 0x00, 0x00, 0x00, 0x00, 0x00, 0x00,
    0x00, 0xB4, 0x00, 0x00, 0x0E, 0x00, 0x00, 0x3E, 0x00, 0x00, 0x07, 0xC0, 0x00, 0x2F, 0x40, 0x2C,
    0x00, 0xF4, 0x00, 0x00, 0x00, 0x0F, 0x40, 0x01, 0x00, 0x00, 0x00, 0x01, 0xC0, 0x00, 0x00, 0x00,
    0x00, 0x00, 0x80, 0x00, 0x00, 0x00, 0x00, 0x38, 0x74, 0x00, 0x00, 0x7C, 0x78, 0x00, 0x00, 0x1F,
    0xE0, 0x00, 0x7F, 0xFC, 0x7F, 0xF8, 0x0B, 0xC0, 0x0F, 0xC0, 0x0B, 0xC0, 0x2F, 0xC0, 0x0B, 0xC0,
    0x3B, 0xC0, 0x0B, 0xC0, 0xCB, 0xC0, 0x0B, 0xC2, 0x4B, 0xC0, 0x0B, 0xC3, 0x0B, 0xC0, 0x0B, 0xCC,
    0x0B, 0xC0, 0x0B, 0xD8, 0x0B, 0xC0, 0x0B, 0xF0, 0x0B, 0xC0, 0x0B, 0xD0, 0x0B, 0xC0, 0x7F, 0xFC,
    0x7F, 0xFC, 0x00, 0x00, 0x00, 0x2C, 0x00, 0x00, 0x00, 0x0C, 0x00, 0x00, 0x00, 0x09, 0x07, 0x4B,
    0x00, 0x2E, 0x3D, 0x00, 0x74, 0xB4, 0x00, 0x7F, 0x40, 0x7F, 0xCF, 0xF4, 0x78, 0x0F, 0x01, 0xE0,
    0xBC, 0x07, 0x88, 0xF0, 0x1E, 0x53, 0xC0, 0x7E, 0x0F, 0x01, 0xF0, 0x3C, 0x1F, 0xF3, 0xFE, 0x00,
    0x00, 0x28, 0x00, 0x00, 0x20, 0x00, 0x00, 0x00, 0x00, 0xFF, 0xE0, 0x00, 0x01, 0xF0, 0x00, 0x0F,
    0xFF, 0xFF, 0xF0, 0x01, 0xF0, 0x00, 0x00, 0x1F, 0x00, 0x00, 0x01, 0xFF, 0xFE, 0x00, 0x1F, 0x00,
    0xBD, 0x01, 0xF0, 0x03, 0xF0, 0x1F, 0x00, 0x2F, 0x01, 0xF0, 0x03, 0xE0, 0x1F, 0x00, 0xBC, 0x0F,
    0xFF, 0xFE, 0x00, 0x16, 0x80, 0x02, 0xFE, 0x00, 0x00, 0x78, 0x00, 0x01, 0xE0, 0x00, 0x2F, 0xFF,
    0x00, 0x1E, 0x00, 0x00, 0x78, 0x00, 0x01, 0xFF, 0xE0, 0x07, 0x82, 0xF0, 0x1E, 0x03, 0xC0, 0x78,
    0x2F, 0x07, 0xFF, 0xE0, 0x7F, 0xFF, 0xE4, 0x02, 0xF0, 0x1F, 0x80, 0xBC, 0x01, 0xF0, 0x2F, 0x00,
    0x7C, 0x0B, 0xC9, 0x1F, 0x02, 0xF0, 0xAF, 0x40, 0xBF, 0xFF, 0x40, 0x2F, 0x00, 0x34, 0x0B, 0xC0,
    0x02, 0x02, 0xF0, 0x00, 0x00, 0xBC, 0x00, 0x01, 0xFF, 0xF0, 0x00, 0x7E, 0xBF, 0x40, 0x7D, 0x0F,
    0x40, 0xE0, 0x0F, 0x03, 0x80, 0x3C, 0x0E, 0x0A, 0xF0, 0x38, 0x0B, 0xC0, 0xF4, 0x3F, 0x43, 0xAF,
    0x82, 0x0E, 0x00, 0x00, 0x38, 0x00, 0x07, 0xFC, 0x00, 0x00, 0x00, 0x00, 0x08, 0x00, 0x00, 0x0C,
    0x00, 0x00, 0x2C, 0x7F, 0xFF, 0xFC, 0x0B, 0xC0, 0x00, 0x0B, 0xC0, 0x00, 0x0B, 0xC0, 0x00, 0x0B,
    0xC0, 0x00, 0x0B, 0xC0, 0x00, 0x0B, 0xC0, 0x00, 0x0B, 0xC0, 0x00, 0x0B, 0xC0, 0x00, 0x0B, 0xC0,
    0x00, 0x0B, 0xC0, 0x00, 0x7F, 0xFC, 0x00, 0x00, 0x07, 0x7F, 0xFE, 0x1E, 0x00, 0x1E, 0x00, 0x1E,
    0x00, 0x1E, 0x00, 0x1E, 0x00, 0x1E, 0x00, 0x7F, 0xC0, 0x7F, 0xFF, 0xF4, 0x2F, 0x01, 0xE0, 0xBC,
    0x01, 0x82, 0xF0, 0x03, 0x0B, 0xC0, 0x02, 0xFF, 0xF0, 0x00, 0xBC, 0x00, 0x02, 0xF0, 0x00, 0x0B,
    0xC0, 0x00, 0x2F, 0x00, 0x00, 0xBC, 0x00, 0x1F, 0xFF, 0x00, 0x00, 0x00, 0x00, 0x7F, 0xFF, 0x1E,
    0x03, 0x1E, 0x00, 0xBF, 0xE0, 0x1E, 0x00, 0x1E, 0x00, 0x1E, 0x00, 0x7F, 0xC0, 0x7F, 0xFF, 0xFC,
    0x00, 0xBC, 0x02, 0xC0, 0x0B, 0xC0, 0x0D, 0x00, 0xBC, 0x00, 0x50, 0x0B, 0xC0, 0x00, 0x00, 0xBF,
    0xFE, 0x40, 0x0B, 0xC0, 0x7F, 0x00, 0xBC, 0x00, 0xF8, 0x0B, 0xC0, 0x0B, 0xC0, 0xBC, 0x00, 0x7D,
    0x0B, 0xC0, 0x07, 0xD7, 0xFF, 0xC0, 0x7C, 0x00, 0x00, 0x0B, 0xC0, 0x00, 0xF1, 0xF0, 0x00, 0x0B,
    0xF8, 0x00, 0x7F, 0xFF, 0x01, 0xE0, 0x70, 0x1E, 0x00, 0x01, 0xFF, 0xE0, 0x1E, 0x07, 0xC1, 0xE0,
    0x2E, 0x1E, 0x01, 0xE7, 0xFC, 0x1E, 0x00, 0x02, 0xD0, 0x38, 0x7C, 0x02, 0xFE, 0x00, 0x3F, 0xD0,
    0x7F, 0xF8, 0x0F, 0xF0, 0x0A, 0x00, 0x2F, 0x00, 0x1C, 0x00, 0x0A, 0x00, 0xBC, 0x02, 0x80, 0x00,
    0x07, 0x02, 0xF0, 0x28, 0x00, 0x00, 0x07, 0x0B, 0xC3, 0x40, 0x00, 0x00, 0x2F, 0x6F, 0x3F, 0x00,
    0x00, 0x01, 0xF6, 0xFF, 0x7E, 0x00, 0x00, 0x0F, 0x82, 0xF0, 0x7D, 0x00, 0x00, 0xFC, 0x0B, 0xC0,
    0xBC, 0x00, 0x0B, 0xC0, 0x2F, 0x00, 0xFC, 0x00, 0x7D, 0x00, 0xBC, 0x00, 0xF8, 0x0F, 0xFD, 0x1F,
    0xFE, 0x07, 0xFD, 0x00, 0x00, 0x00, 0x00, 0x00, 0x38, 0x00, 0x00, 0x00, 0x00, 0x00, 0x20, 0x00,
    0x00, 0x00, 0x00, 0x00, 0xC0, 0x3F, 0x0F, 0xF0, 0xBE, 0x02, 0xC0, 0xF0, 0x28, 0x00, 0x0D, 0x3C,
    0x34, 0x00, 0x02, 0xEF, 0xBC, 0x00, 0x01, 0xE7, 0xD7, 0x80, 0x01, 0xF0, 0xF0, 0xB8, 0x01, 0xF0,
    0x3C, 0x0B, 0x82, 0xFC, 0x3F, 0xC3, 0xFC, 0x00, 0x00, 0x00, 0x03, 0x00, 0x00, 0x00, 0x00, 0x80,
    0x2A, 0xFF, 0x80, 0x3E, 0x02, 0xF0, 0x34, 0x00, 0xF4, 0x10, 0x00, 0xF4, 0x00, 0x02, 0xE0, 0x00,
    0xFF, 0x40, 0x00, 0x01, 0xF0, 0x00, 0x00, 0xBC, 0x20, 0x00, 0x7C, 0x30, 0x00, 0xBC, 0x1D, 0x01,
    0xF4, 0x07, 0xFF, 0x80, 0x00, 0x0F, 0x00, 0x00, 0x0B, 0x40, 0x00, 0x1F, 0x00, 0x03, 0xF8, 0x00,
    0x7F, 0xF8, 0x1D, 0x0B, 0x85, 0x02, 0xE0, 0x0F, 0xE0, 0x00, 0x2E, 0x00, 0x03, 0xC6, 0x02, 0xE0,
    0xBF, 0x90, 0x00, 0xF0, 0x00, 0x2D, 0x00, 0x1F, 0x00, 0xFE, 0x40, 0x00, 0x00, 0x00, 0x00, 0x7F,
    0xFC, 0x0F, 0xF0, 0x0B, 0xC0, 0x07, 0x00, 0x0B, 0xC0, 0x1C, 0x00, 0x0B, 0xC0, 0xA0, 0x00, 0x0B,
    0xC2, 0x80, 0x00, 0x0B, 0xCF, 0xC0, 0x00, 0x0B, 0xF7, 0xE0, 0x00, 0x0B, 0xC1, 0xF4, 0x00, 0x0B,
    0xC0, 0xBC, 0x00, 0x0B, 0xC0, 0x2F, 0x00, 0x0B, 0xC0, 0x0F, 0x80, 0x7F, 0xFC, 0x3F, 0xF8, 0x00,
    0x00, 0x00, 0x28, 0x00, 0x00, 0x00, 0x0C, 0x00, 0x00, 0x00, 0x0C, 0x7F, 0xC3, 0xF0, 0x78, 0x0D,
    0x01, 0xE1, 0xC0, 0x07, 0xBD, 0x00, 0x1F, 0x7D, 0x00, 0x78, 0x3D, 0x01, 0xE0, 0x3D, 0x1F, 0xF1,
    0xFE, 0x00, 0x00, 0x28, 0x00, 0x00, 0x30, 0x00, 0x00, 0x00, 0x00, 0x1F, 0xFF, 0x00, 0x7F, 0xC0,
    0xBC, 0x00, 0x0E, 0x00, 0x2F, 0x00, 0x1D, 0x00, 0x0B, 0xCC, 0x28, 0x00, 0x02, 0xF3, 0x38, 0x00,
    0x00, 0xBF, 0xFF, 0x00, 0x00, 0x2F, 0x37, 0xF0, 0x00, 0x0B, 0xCC, 0x7E, 0x00, 0x02, 0xF0, 0x07,
    0xE0, 0x00, 0xBC, 0x00, 0xBD, 0x00, 0x2F, 0x00, 0x0B, 0xD0, 0x7F, 0xFC, 0x07, 0xFF, 0x00, 0x7F,
    0xC0, 0x7E, 0x07, 0x80, 0x1D, 0x01, 0xE1, 0x68, 0x00, 0x7F, 0xFE, 0x00, 0x1E, 0x17, 0xD0, 0x07,
    0x80, 0x3C, 0x01, 0xE0, 0x07, 0xC1, 0xFF, 0x02, 0xFC, 0x7F, 0xFC, 0x0F, 0xF0, 0x2F, 0x00, 0x1C,
    0x0B, 0xFF, 0xC2, 0x80, 0x02, 0xF0, 0x24, 0x00, 0x0B, 0xC3, 0x40, 0x00, 0x2F, 0x7F, 0x00, 0x00,
    0xBF, 0x3F, 0x00, 0x02, 0xF0, 0x3E, 0x00, 0x0B, 0xC0, 0x7D, 0x00, 0x2F, 0x00, 0xBC, 0x00, 0xBC,
    0x00, 0xF8, 0x1F, 0xFE, 0x0F, 0xFD, 0x7E, 0x00, 0x00, 0x78, 0x00, 0x0B, 0xF8, 0x00, 0x03, 0x80,
    0x00, 0x0E, 0x03, 0xF0, 0x38, 0x0D, 0x00, 0xE1, 0xC0, 0x03, 0xFD, 0x00, 0x0F, 0x7D, 0x00, 0x38,
    0x3D, 0x01, 0xE0, 0x3D, 0x1F, 0xE1, 0xFE, 0x3F, 0xFF, 0xF0, 0x3F, 0xD3, 0x41, 0xF0, 0x01, 0xC0,
    0x30, 0x1F, 0x00, 0x60, 0x06, 0x01, 0xF0, 0x24, 0x00, 0x00, 0x1F, 0x0E, 0x00, 0x00, 0x01, 0xF3,
    0xF0, 0x00, 0x00, 0x1F, 0xCF, 0xC0, 0x00, 0x01, 0xF0, 0x3E, 0x00, 0x00, 0x1F, 0x01, 0xF4, 0x00,
    0x01, 0xF0, 0x0B, 0xC0, 0x00, 0x1F, 0x00, 0x3F, 0x00, 0x0F, 0xFF, 0x0F, 0xFE, 0x7F, 0xF8, 0x3F,
    0x18, 0x78, 0x0D, 0x00, 0x1E, 0x28, 0x00, 0x07, 0xBD, 0x00, 0x01, 0xF7, 0xC0, 0x00, 0x78, 0x3C,
    0x00, 0x1E, 0x03, 0xC0, 0x2F, 0xE1, 0xFD, 0x00, 0x00, 0x00, 0x00, 0x7F, 0xFC, 0x7F, 0xF8, 0x0B,
    0xC0, 0x0B, 0xC0, 0x0B, 0xC0, 0x0B, 0xC0, 0x0B, 0xC0, 0x0B, 0xC0, 0x0B, 0xC0, 0x0B, 0xC0, 0x0B,
    0xFF, 0xFF, 0xC0, 0x0B, 0xC0, 0x0B, 0xC0, 0x0B, 0xC0, 0x0B, 0xC0, 0x0B, 0xC0, 0x0B, 0xC0, 0x0B,
    0xC0, 0x0B, 0xC0, 0x0B, 0xC0, 0x0B, 0xC0, 0x7F, 0xFC, 0x7F, 0xFC, 0x00, 0x00, 0x00, 0x2C, 0x00,
    0x00, 0x00, 0x0C, 0x00, 0x00, 0x00, 0x09, 0x7F, 0xCF, 0xF4, 0x78, 0x0F, 0x01, 0xE0, 0x3C, 0x07,
    0xFF, 0xF0, 0x1E, 0x03, 0xC0, 0x78, 0x0F, 0x01, 0xE0, 0x3C, 0x1F, 0xF3, 0xFE, 0x00, 0x00, 0x28,
    0x00, 0x00, 0x20, 0x7F, 0xFC, 0x7F, 0xFF, 0xD0, 0xBC, 0x00, 0xBC, 0x0E, 0x0B, 0xC0, 0x0B, 0xC0,
    0x60, 0xBC, 0x00, 0xBC, 0x03, 0x0B, 0xC0, 0x0B, 0xC0, 0x00, 0xBF, 0xFF, 0xFC, 0x00, 0x0B, 0xC0,
    0x0B, 0xC0, 0x00, 0xBC, 0x00, 0xBC, 0x00, 0x0B, 0xC0, 0x0B, 0xC0, 0x00, 0xBC, 0x00, 0xBC, 0x00,
    0x0B, 0xC0, 0x0B, 0xC0, 0x07, 0xFF, 0xC7, 0xFF, 0x80, 0x7F, 0xCF, 0xFF, 0x07, 0x80, 0xF0, 0xC1,
    0xE0, 0x3C, 0x00, 0x7F, 0xFF, 0x00, 0x1E, 0x03, 0xC0, 0x07, 0x80, 0xF0, 0x01, 0xE0, 0x3C, 0x01,
    0xFF, 0x3F, 0xD0, 0x7F, 0xFF, 0xFF, 0xF8, 0x00, 0x02, 0xF0, 0x02, 0xF0, 0x00, 0x00, 0xBC, 0x00,
    0xBC, 0x00, 0x00, 0x2F, 0x00, 0x2F, 0x00, 0x00, 0x0B, 0xC0, 0x0B, 0xC0, 0x00, 0x02, 0xF0, 0x02,
    0xFF, 0xE4, 0x00, 0xBC, 0x00, 0xBC, 0x1F, 0xC0, 0x2F, 0x00, 0x2F, 0x00, 0xFC, 0x0B, 0xC0, 0x0B,
    0xC0, 0x1F, 0x42, 0xF0, 0x02, 0xF0, 0x03, 0xE0, 0xBC, 0x00, 0xBC, 0x00, 0xF9, 0xFF, 0xF1, 0xFF,
    0xE0, 0x3E, 0x00, 0x00, 0x00, 0x00, 0x1F, 0x00, 0x00, 0x00, 0x0F, 0x4F, 0x40, 0x00, 0x00, 0x02,
    0xFE, 0x40, 0x7F, 0xFF, 0xF4, 0x00, 0x78, 0x0F, 0x00, 0x01, 0xE0, 0x3C, 0x00, 0x07, 0x80, 0xFF,
    0xD0, 0x1E, 0x03, 0xC7, 0xD0, 0x78, 0x0F, 0x07, 0xC1, 0xE0, 0x3C, 0x0F, 0x1F, 0xF3, 0xFD, 0x3C,
    0x00, 0x00, 0x01, 0xF0, 0x00, 0x0B, 0x0F, 0x40, 0x00, 0x1F, 0xE0, 0x00, 0x02, 0xFF, 0xE0, 0x01,
    0xF4, 0x00, 0x00, 0x3C, 0x00, 0x00, 0x0B, 0xC0, 0x2F, 0xE0, 0xF8, 0x0B, 0x47, 0xCF, 0x80, 0xE0,
    0x3C, 0xF8, 0x0D, 0x03, 0xCF, 0x80, 0xD0, 0x3C, 0xBC, 0x0D, 0x03, 0xC3, 0xD0, 0xE0, 0x74, 0x2F,
    0x47, 0x6E, 0x00, 0x6F, 0xFF, 0x40, 0x00, 0x00, 0x6F, 0xE0, 0x0B, 0xF8, 0x03, 0xD0, 0x00, 0x7C,
    0x3F, 0x47, 0x8B, 0x2C, 0x78, 0xE1, 0xC3, 0xCE, 0x2C, 0x2E, 0xBB, 0x40, 0x17, 0xC0, 0x00, 0x0B,
    0xC0, 0x00, 0xBF, 0x83, 0x02, 0xF4, 0x1F, 0xC2, 0xE0, 0x00, 0xF1, 0xF0, 0x00, 0x0C, 0xBC, 0x00,
    0x03, 0x3E, 0x00, 0x00, 0x0F, 0x80, 0x00, 0x03, 0xE0, 0x00, 0x00, 0xBC, 0x00, 0x02, 0x0F, 0x00,
    0x00, 0xC1, 0xE0, 0x00, 0x90, 0x1F, 0x40, 0x90, 0x00, 0x1F, 0x40, 0x00, 0x00, 0xB4, 0x00, 0x00,
    0x2D, 0x00, 0x02, 0xFE, 0x00, 0x07, 0xFD, 0x07, 0x83, 0x83, 0xC0, 0x00, 0xF0, 0x00, 0x7C, 0x00,
    0x0F, 0x00, 0x03, 0xC0, 0x20, 0x3C, 0x14, 0x01, 0xF0, 0x00, 0x0B, 0x00, 0x03, 0xD0, 0x2F, 0xD0,
    0x3F, 0xFF, 0xFF, 0x8D, 0x07, 0xC0, 0xE3, 0x01, 0xF0, 0x09, 0x80, 0x7C, 0x03, 0x00, 0x1F, 0x00,
    0x00, 0x07, 0xC0, 0x00, 0x01, 0xF0, 0x00, 0x00, 0x7C, 0x00, 0x00, 0x1F, 0x00, 0x00, 0x07, 0xC0,
    0x00, 0x01, 0xF0, 0x00, 0x0F, 0xFF, 0xE0, 0x00, 0x00, 0x7C, 0x00, 0x00, 0x03, 0x00, 0x00, 0x00,
    0xC0, 0x7F, 0xFF, 0x98, 0x78, 0x60, 0x1E, 0x00, 0x07, 0x80, 0x01, 0xE0, 0x00, 0x78, 0x00, 0x1E,
    0x00, 0x3F, 0xF4, 0x00, 0x0D, 0x00, 0x01, 0x80, 0xBF, 0xF0, 0x0B, 0xF4, 0x2F, 0x00, 0x09, 0x00,
    0x3F, 0x00, 0x60, 0x00, 0x7E, 0x03, 0x00, 0x00, 0xBC, 0x24, 0x00, 0x00, 0xFD, 0x80, 0x00, 0x01,
    0xFC, 0x00, 0x00, 0x03, 0xE0, 0x00, 0x00, 0x0F, 0x80, 0x00, 0x00, 0x3E, 0x00, 0x00, 0x00, 0xF8,
    0x00, 0x00, 0x2F, 0xFD, 0x00, 0x00, 0x00, 0x00, 0x00, 0xFF, 0x03, 0xF0, 0xB4, 0x03, 0x00, 0xF0,
    0x14, 0x02, 0xD0, 0xC0, 0x03, 0xC5, 0x00, 0x0F, 0x70, 0x00, 0x1F, 0x80, 0x00, 0x3C, 0x00, 0x00,
    0xF0, 0x00, 0x03, 0xC0, 0x00, 0x3F, 0xC0, 0x00, 0x00, 0x00, 0xBF, 0xF0, 0x0B, 0xF4, 0x2F, 0x00,
    0x09, 0x00, 0x3F, 0x00, 0x60, 0x00, 0x7E, 0x03, 0x00, 0x00, 0xBD, 0x34, 0x00, 0x00, 0xFE, 0x80,
    0x00, 0x00, 0xFC, 0x00, 0x00, 0x3F, 0xFF, 0x00, 0x00, 0x0F, 0x80, 0x00, 0x00, 0x3E, 0x00, 0x00,
    0x00, 0xF8, 0x00, 0x00, 0x2F, 0xFD, 0x00, 0x00, 0x00, 0x00, 0x00, 0xFF, 0x03, 0xF0, 0xB4, 0x03,
    0x00, 0xF0, 0x14, 0x02, 0xD0, 0xC0, 0x07, 0x86, 0x00, 0x0F, 0x20, 0x00, 0x1E, 0x80, 0x00, 0x3D,
    0x00, 0x07, 0xFE, 0x00, 0x03, 0xC0, 0x00, 0x3F, 0xC0, 0x00, 0x00, 0x00, 0x3F, 0xF8, 0x7F, 0xD0,
    0x0F, 0x80, 0x70, 0x00, 0x1F, 0x43, 0x00, 0x00, 0x2F, 0x24, 0x00, 0x00, 0x3F, 0x80, 0x00, 0x00,
    0x3E, 0x00, 0x00, 0x00, 0xFC, 0x00, 0x00, 0x09, 0xFC, 0x00, 0x00, 0x60, 0xF8, 0x00, 0x07, 0x01,
    0xF4, 0x00, 0x30, 0x02, 0xF0, 0x1F, 0xF4, 0x2F, 0xFD, 0x00, 0x00, 0x00, 0x78, 0x00, 0x00, 0x00,
    0x60, 0x00, 0x00, 0x00, 0xC0, 0xBF, 0x4B, 0xE0, 0x3C, 0x1C, 0x00, 0x3D, 0xC0, 0x00, 0x7C, 0x00,
    0x00, 0xF8, 0x00, 0x0C, 0xB8, 0x00, 0xD0, 0xB4, 0x2F, 0x83, 0xFC, 0x00, 0x00, 0x30, 0x00, 0x00,
    0x90, 0xBF, 0xFF, 0xFD, 0x3F, 0xFC, 0xE0, 0x7C, 0x1D, 0x07, 0xC0, 0xC0, 0x7C, 0x09, 0x07, 0xC0,
    0xC0, 0x7C, 0x06, 0x07, 0xC0, 0x00, 0x7C, 0x00, 0x07, 0xC0, 0x00, 0x7C, 0x00, 0x07, 0xC0, 0x00,
    0x7C, 0x00, 0x07, 0xC0, 0x00, 0x7C, 0x00, 0x07, 0xC0, 0x00, 0x7C, 0x00, 0x07, 0xC0, 0x00, 0x7C,
    0x00, 0x07, 0xC0, 0x00, 0x7C, 0x00, 0x07, 0xC0, 0x03, 0xFF, 0xFF, 0xFF, 0xFC, 0x00, 0x00, 0x00,
    0x00, 0x1D, 0x00, 0x00, 0x00, 0x00, 0x09, 0x00, 0x00, 0x00, 0x00, 0x06, 0x7F, 0xFC, 0xFF, 0x58,
    0xF3, 0x0B, 0x40, 0x3C, 0x02, 0xD0, 0x0F, 0x00, 0xB4, 0x03, 0xC0, 0x2D, 0x00, 0xF0, 0x0B, 0x40,
    0x3C, 0x02, 0xD0, 0x7F, 0xFF, 0xFF, 0x00, 0x00, 0x01, 0xC0, 0x00, 0x00, 0x30, 0x7F, 0xFC, 0x7F,
    0xF8, 0x0B, 0xC0, 0x0B, 0xC0, 0x0B, 0xC0, 0x0B, 0xC0, 0x0B, 0xC0, 0x0B, 0xC0, 0x07, 0xC0, 0x0B,
    0xC0, 0x03, 0xD0, 0x1F, 0xC0, 0x00, 0xBF, 0x9B, 0xC0, 0x00, 0x00, 0x0B, 0xC0, 0x00, 0x00, 0x0B,
    0xC0, 0x00, 0x00, 0x0B, 0xC0, 0x00, 0x00, 0x0B, 0xC0, 0x00, 0x00, 0x7F, 0xFC, 0x00, 0x00, 0x00,
    0x2C, 0x00, 0x00, 0x00, 0x0C, 0x00, 0x00, 0x00, 0x09, 0x7F, 0xCF, 0xF4, 0x78, 0x0F, 0x01, 0xE0,
    0x3C, 0x03, 0xC1, 0xF0, 0x07, 0xF7, 0xC0, 0x00, 0x0F, 0x00, 0x00, 0x3C, 0x00, 0x03, 0xFE, 0x00,
    0x00, 0x28, 0x00, 0x00, 0x20, 0x7F, 0xFC, 0x7F, 0xF8, 0x2F, 0x00, 0x2F, 0x00, 0xBC, 0x00, 0xBC,
    0x02, 0xF0, 0x02, 0xF0, 0x07, 0xC3, 0x0B, 0xC0, 0x0F, 0x4C, 0x7F, 0x00, 0x0B, 0xFE, 0xFC, 0x00,
    0x00, 0xC2, 0xF0, 0x00, 0x03, 0x0B, 0xC0, 0x00, 0x00, 0x2F, 0x00, 0x00, 0x00, 0xBC, 0x00, 0x00,
    0x1F, 0xFE, 0x00, 0x00, 0x00, 0x00, 0x7F, 0xCF, 0xF4, 0x78, 0x0F, 0x01, 0xE0, 0x3C, 0x03, 0xC9,
    0xF0, 0x07, 0xF7, 0xC0, 0x00, 0x8F, 0x00, 0x00, 0x3C, 0x00, 0x03, 0xFD, 0x00, 0x00, 0x00, 0x01,
    0xFF, 0xF0, 0x00, 0x00, 0xBC, 0x00, 0x00, 0x02, 0xF0, 0x00, 0x00, 0x0B, 0xC7, 0xFD, 0x00, 0x2F,
    0xA0, 0x3D, 0x00, 0xBE, 0x00, 0xB8, 0x02, 0xF0, 0x02, 0xF0, 0x0B, 0xC0, 0x0B, 0xC0, 0x2F, 0x00,
    0x2F, 0x00, 0xBC, 0x00, 0xBC, 0x02, 0xF0, 0x02, 0xF0, 0x7F, 0xFC, 0x7F, 0xF8, 0x7F, 0x00, 0x00,
    0x3C, 0x00, 0x00, 0xF0, 0x00, 0x03, 0xC0, 0x00, 0x0F, 0x2F, 0x40, 0x3E, 0x0F, 0x00, 0xF0, 0x2D,
    0x03, 0xC0, 0xB4, 0x0F, 0x02, 0xD0, 0x3C, 0x0B, 0x40, 0xF0, 0x2D, 0x0F, 0xF3, 0xFD, 0x00, 0x01,
    0xFF, 0x90, 0x0E, 0x03, 0xD0, 0x2F, 0x07, 0xC3, 0xD0, 0x02, 0xE1, 0xE1, 0xF0, 0x00, 0x7C, 0x38,
    0xFC, 0x00, 0x0F, 0x02, 0xFF, 0xFF, 0xFF, 0xC0, 0x0F, 0xC0, 0x00, 0x00, 0x02, 0xF0, 0x00, 0x00,
    0x00, 0x7C, 0x00, 0x00, 0x00, 0x0B, 0x80, 0x00, 0x00, 0x00, 0xF8, 0x00, 0x70, 0x00, 0x06, 0xFF,
    0xE0, 0x00, 0x1F, 0xF4, 0x20, 0x78, 0x2C, 0x74, 0xF0, 0x0E, 0x2F, 0xFF, 0xFE, 0x00, 0xF0, 0x00,
    0x00, 0xF4, 0x01, 0x00, 0x7C, 0x0D, 0x00, 0x0B, 0xF4, 0x00, 0x01, 0xFF, 0x90, 0x0E, 0x03, 0xD0,
    0x2F, 0x07, 0xC3, 0xD0, 0x02, 0xE1, 0xE1, 0xF0, 0x00, 0x7C, 0x38, 0xFC, 0x00, 0x0F, 0x02, 0xFF,
    0xFF, 0xFF, 0xC0, 0x0F, 0xC0, 0x00, 0x00, 0x02, 0xF0, 0x00, 0x00, 0x00, 0x7C, 0x00, 0x00, 0x00,
    0x0F, 0x80, 0x00, 0x40, 0x00, 0xF8, 0x00, 0xA0, 0x00, 0x06, 0xFF, 0x90, 0x00, 0x00, 0x0D, 0x00,
    0x00, 0x00, 0x07, 0x00, 0x00, 0x00, 0x01, 0xD0, 0x00, 0x00, 0x00, 0x2F, 0x00, 0x00, 0x1F, 0xF4,
    0x20, 0x78, 0x2C, 0x74, 0xF0, 0x0E, 0x2F, 0xFF, 0xFE, 0x00, 0xF0, 0x00, 0x00, 0xF4, 0x01, 0x00,
    0x7C, 0x08, 0x00, 0x0B, 0xF0, 0x00, 0x00, 0xC0, 0x00, 0x01, 0xC0, 0x00, 0x01, 0xD0, 0x00, 0x00,
    0xBC, 0x00, 0x01, 0xFF, 0xF0, 0xBC, 0x02, 0xF0, 0x0B, 0xC0, 0x2F, 0x00, 0xBC, 0x02, 0xF0, 0x0B,
    0xC0, 0x2F, 0x00, 0xBC, 0x02, 0xF0, 0x7F, 0xFC, 0x00, 0x00, 0x60, 0x14, 0x00, 0x00, 0x00, 0x00,
    0x7F, 0x80, 0x00, 0x00, 0x00, 0x00, 0x00, 0x00, 0x00, 0x0F, 0xF4, 0x1F, 0xFE, 0x03, 0xFC, 0x02,
    0x80, 0x0B, 0xC0, 0x07, 0x00, 0x02, 0x80, 0x2F, 0x00, 0xA0, 0x00, 0x01, 0xC0, 0xBC, 0x0A, 0x00,
    0x00, 0x01, 0xC2, 0xF0, 0xD0, 0x00, 0x00, 0x0B, 0xDB, 0xCF, 0xC0, 0x00, 0x00, 0x7D, 0xBF, 0xDF,
    0x80, 0x00, 0x03, 0xE0, 0xBC, 0x1F, 0x40, 0x00, 0x3F, 0x02, 0xF0, 0x2F, 0x00, 0x02, 0xF0, 0x0B,
    0xC0, 0x3F, 0x00, 0x1F, 0x40, 0x2F, 0x00, 0x3E, 0x03, 0xFF, 0x47, 0xFF, 0x83, 0xFF, 0x40, 0x00,
    0x24, 0x08, 0x00, 0x00, 0x0B, 0xE0, 0x00, 0x3F, 0x0F, 0xF0, 0xBE, 0x0B, 0x03, 0xC0, 0xA0, 0x00,
    0xD3, 0xC3, 0x40, 0x00, 0xBB, 0xEF, 0x00, 0x01, 0xE7, 0xD7, 0x80, 0x07, 0xC3, 0xC2, 0xE0, 0x1F,
    0x03, 0xC0, 0xB8, 0xBF, 0x0F, 0xF0, 0xFF, 0x00, 0x00, 0x00, 0x01, 0xFF, 0xF0, 0x3F, 0xC0, 0xBC,
    0x00, 0x70, 0x02, 0xF0, 0x0A, 0x00, 0x0B, 0xC0, 0xD0, 0x00, 0x2F, 0x1C, 0x00, 0x00, 0xBF, 0xFF,
    0x80, 0x02, 0xF0, 0x1B, 0xD0, 0x0B, 0xC0, 0x0B, 0xC0, 0x2F, 0x00, 0x0F, 0x80, 0xBC, 0x00, 0x3F,
    0x02, 0xF0, 0x00, 0xBC, 0x7F, 0xFC, 0x03, 0xF0, 0x00, 0x00, 0x0F, 0x40, 0x00, 0xB8, 0xF8, 0x00,
    0x01, 0xFF, 0x40, 0x7F, 0xC3, 0xF0, 0x78, 0x1D, 0x01, 0xE2, 0x80, 0x07, 0xFF, 0x80, 0x1E, 0x07,
    0xC0, 0x78, 0x0B, 0x81, 0xE0, 0x1E, 0x1F, 0xF0, 0x78, 0x00, 0x02, 0xD0, 0x0E, 0x1F, 0x00, 0x2F,
    0xE0, 0x00, 0x02, 0xFF, 0xFF, 0xF8, 0x00, 0x80, 0x2F, 0x00, 0x02, 0x00, 0xBC, 0x00, 0x0C, 0x02,
    0xF0, 0x00, 0x30, 0x0B, 0xC0, 0x00, 0xC0, 0x2F, 0x00, 0x03, 0x00, 0xBC, 0x00, 0x0C, 0x02, 0xF0,
    0x00, 0x20, 0x0B, 0xC0, 0xF1, 0x40, 0x2F, 0x07, 0xCC, 0x00, 0xBC, 0x0B, 0xD0, 0x1F, 0xFD, 0x00,
    0x00, 0x00, 0x70, 0x00, 0x00, 0x03, 0x40, 0x00, 0x00, 0x1C, 0x00, 0x0B, 0xEB, 0xE0, 0x05, 0x0F,
    0x00, 0x14, 0x3C, 0x00, 0x50, 0xF0, 0x01, 0x43, 0xC0, 0x08, 0x0F, 0x07, 0x70, 0x3C, 0x1F, 0x43,
    0xFC, 0x00, 0x00, 0xB0, 0x00, 0x03, 0x40, 0x00, 0x00, 0x00, 0x01, 0xFF, 0xF1, 0xFF, 0xE0, 0xBC,
    0x00, 0xBC, 0x02, 0xF0, 0x02, 0xF0, 0x0B, 0xC0, 0x0B, 0xC0, 0x2F, 0x00, 0x2F, 0x00, 0xBF, 0xFF,
    0xFC, 0x02, 0xF0, 0x02, 0xF0, 0x0B, 0xC0, 0x0B, 0xC0, 0x2F, 0x00, 0x2F, 0x00, 0xBC, 0x00, 0xBC,
    0x02, 0xF0, 0x02, 0xF0, 0x7F, 0xFC, 0x0B, 0xC0, 0x00, 0x1E, 0x2F, 0x00, 0x00, 0xB8, 0xF4, 0x00,
    0x00, 0xBF, 0x40, 0x7F, 0xCF, 0xF4, 0x78, 0x0F, 0x01, 0xE0, 0x3C, 0x07, 0xFF, 0xF0, 0x1E, 0x03,
    0xC0, 0x78, 0x0F, 0x01, 0xE0, 0x3C, 0x1F, 0xF0, 0xF0, 0x00, 0x03, 0xC0, 0x07, 0x4F, 0x00, 0x0F,
    0xE0, 0x00, 0x00, 0x00, 0x00, 0x01, 0xFF, 0xF1, 0xFF, 0xE0, 0xBC, 0x00, 0xBC, 0x02, 0xF0, 0x02,
    0xF0, 0x0B, 0xC0, 0x0B, 0xC0, 0x2F, 0x00, 0x2F, 0x00, 0xBF, 0xFF, 0xFC, 0x02, 0xF0, 0x02, 0xF0,
    0x0B, 0xC0, 0x0B, 0xC0, 0x2F, 0x00, 0x2F, 0x00, 0xBC, 0x00, 0xBC, 0x02, 0xF0, 0x02, 0xF0, 0x7F,
    0xFC, 0x7F, 0xF8, 0x00, 0x00, 0x01, 0xC0, 0x00, 0x00, 0x0E, 0x00, 0x00, 0x00, 0x70, 0x00, 0x00,
    0x00, 0x40, 0x7F, 0xCF, 0xF4, 0x78, 0x0F, 0x01, 0xE0, 0x3C, 0x07, 0xFF, 0xF0, 0x1E, 0x03, 0xC0,
    0x78, 0x0F, 0x01, 0xE0, 0x3C, 0x1F, 0xF3, 0xFC, 0x00, 0x00, 0xB0, 0x00, 0x03, 0x40, 0x7F, 0xFC,
    0x7F, 0xF8, 0x2F, 0x00, 0x2F, 0x00, 0xBC, 0x00, 0xBC, 0x02, 0xF0, 0x02, 0xF0, 0x07, 0xC0, 0x0B,
    0xC0, 0x0F, 0x40, 0x7F, 0x00, 0x0B, 0xF9, 0xBC, 0x00, 0x00, 0x02, 0xF0, 0x00, 0x00, 0x0B, 0xC0,
    0x00, 0x00, 0x2F, 0x00, 0x00, 0x00, 0xBC, 0x00, 0x00, 0x2F, 0xFE, 0x00, 0x00, 0xE0, 0x00, 0x00,
    0x03, 0x00, 0x00, 0x00, 0x08, 0x00, 0x00, 0x7F, 0xCF, 0xF4, 0x78, 0x0F, 0x01, 0xE0, 0x3C, 0x03,
    0xC1, 0xF0, 0x07, 0xF7, 0xC0, 0x00, 0x0F, 0x00, 0x00, 0x3C, 0x00, 0x07, 0xFD, 0x00, 0x1C, 0x00,
    0x00, 0x50, 0x00, 0x7F, 0xC0, 0x00, 0x2F, 0xF0, 0x1F, 0x80, 0x00, 0xFC, 0x00, 0x5F, 0x00, 0x09,
    0xF0, 0x01, 0x6E, 0x00, 0x23, 0xC0, 0x05, 0x3C, 0x01, 0x4F, 0x00, 0x14, 0xB4, 0x0C, 0x3C, 0x00,
    0x50, 0xF0, 0x50, 0xF0, 0x01, 0x42, 0xD2, 0x03, 0xC0, 0x05, 0x07, 0xC8, 0x0F, 0x00, 0x14, 0x0F,
    0xC0, 0x3C, 0x00, 0x90, 0x1E, 0x00, 0xF0, 0x1F, 0xF4, 0x30, 0x3F, 0xFC, 0x00, 0x00, 0x00, 0x00,
    0xD0, 0x00, 0x00, 0x00, 0x0B, 0x00, 0x00, 0x00, 0x00, 0x34, 0x00, 0x00, 0x00, 0x00, 0x40, 0x7F,
    0x00, 0x3F, 0x43, 0xE0, 0x2F, 0x00, 0xEC, 0x0A, 0xC0, 0x33, 0x85, 0xB0, 0x0C, 0xB2, 0x2C, 0x03,
    0x0E, 0x4B, 0x00, 0xC3, 0xC2, 0xC1, 0xFC, 0x52, 0xFD, 0x00, 0x00, 0x0B, 0x00, 0x00, 0x03, 0x40,
    0x00, 0x50, 0x20, 0x00, 0x00, 0xBF, 0x40, 0x00, 0x00, 0x00, 0x00, 0x00, 0x01, 0xC0, 0x00, 0x00,
    0x0B, 0x40, 0x00, 0x00, 0x3F, 0x00, 0x00, 0x02, 0xBD, 0x00, 0x00, 0x0C, 0xF8, 0x00, 0x00, 0x61,
    0xF0, 0x00, 0x03, 0x43, 0xE0, 0x00, 0x0C, 0x0B, 0xC0, 0x00, 0xBF, 0xFF, 0x40, 0x03, 0x00, 0x3F,
    0x00, 0x18, 0x00, 0x7C, 0x07, 0xFC, 0x0B, 0xFF, 0x00, 0x08, 0x06, 0x00, 0x3F, 0x80, 0x1F, 0xF8,
    0x02, 0xC1, 0xE0, 0x00, 0x0F, 0x00, 0x6F, 0xF0, 0x3E, 0x0F, 0x07, 0x80, 0xF0, 0x7C, 0x2F, 0x01,
    0xFD, 0x7D, 0x00, 0x74, 0xB0, 0x00, 0x03, 0xE3, 0xE0, 0x00, 0x07, 0x4B, 0x00, 0x00, 0x00, 0x00,
    0x00, 0x00, 0x07, 0x00, 0x00, 0x00, 0x2D, 0x00, 0x00, 0x00, 0xFC, 0x00, 0x00, 0x0A, 0xF4, 0x00,
    0x00, 0x33, 0xE0, 0x00, 0x01, 0x87, 0xC0, 0x00, 0x0D, 0x0F, 0x80, 0x00, 0x30, 0x2F, 0x00, 0x02,
    0xFF, 0xFD, 0x00, 0x0C, 0x00, 0xFC, 0x00, 0x60, 0x01, 0xF0, 0x1F, 0xF0, 0x2F, 0xFC, 0x0F, 0x0E,
    0x01, 0xF2, 0xF0, 0x0F, 0x0E, 0x00, 0x00, 0x00, 0x1F, 0xF8, 0x02, 0xC1, 0xE0, 0x00, 0x0F, 0x00,
    0x6F, 0xF0, 0x3E, 0x0F, 0x07, 0x80, 0xF0, 0x7C, 0x2F, 0x01, 0xFD, 0x7D, 0x00, 0x3F, 0xFF, 0xFF,
    0x00, 0x00, 0x9F, 0x40, 0x74, 0x00, 0x0C, 0xF4, 0x02, 0x40, 0x01, 0x8F, 0x40, 0x18, 0x00, 0x30,
    0xF4, 0x00, 0x00, 0x06, 0x0F, 0x47, 0x00, 0x00, 0xFF, 0xFF, 0xF0, 0x00, 0x0C, 0x0F, 0x43, 0x00,
    0x02, 0x40, 0xF4, 0x00, 0xC0, 0x30, 0x0F, 0x40, 0x0C, 0x0A, 0x00, 0xF4, 0x07, 0x87, 0xFC, 0x3F,
    0xFF, 0xF4, 0x1F, 0xF4, 0xBF, 0x42, 0xC1, 0xF8, 0x2C, 0x00, 0x0F, 0x00, 0xD0, 0x6F, 0xFF, 0xFD,
    0x2E, 0x4F, 0x00, 0x07, 0x80, 0xB4, 0x00, 0x3C, 0x1F, 0xD0, 0x91, 0xFE, 0x4B, 0xF4, 0x01, 0x80,
    0x50, 0x00, 0x1F, 0xD0, 0x00, 0x00, 0x00, 0x01, 0xFF, 0xFF, 0xF4, 0x0B, 0xC0, 0x1D, 0x02, 0xF0,
    0x01, 0x80, 0xBC, 0x00, 0x20, 0x2F, 0x09, 0x00, 0x0B, 0xFF, 0x40, 0x02, 0xF0, 0x90, 0x00, 0xBC,
    0x00, 0x00, 0x2F, 0x00, 0x08, 0x0B, 0xC0, 0x03, 0x02, 0xF0, 0x07, 0xC7, 0xFF, 0xFF, 0xE0, 0x14,
    0x09, 0x01, 0xFD, 0x00, 0x7F, 0x80, 0xB4, 0x3C, 0x3C, 0x07, 0x5F, 0xFF, 0xD7, 0xC0, 0x00, 0xF0,
    0x00, 0x2E, 0x02, 0x01, 0xFF, 0x40, 0x00, 0x00, 0x00, 0x0C, 0x6F, 0xE4, 0x03, 0xF4, 0x0B, 0x80,
    0xE0, 0x00, 0xB8, 0x30, 0x00, 0x1F, 0x00, 0x00, 0x03, 0xD0, 0x00, 0x00, 0xF9, 0xFF, 0xFF, 0xFE,
    0x7C, 0x00, 0x0F, 0x8F, 0x00, 0x03, 0xC3, 0xD0, 0x02, 0xE0, 0x3E, 0x02, 0xF0, 0x01, 0xFF, 0x90,
    0x00, 0x37, 0xF4, 0x0D, 0x0B, 0x81, 0x00, 0xF0, 0x00, 0x3D, 0x7F, 0xFF, 0x5C, 0x03, 0xC3, 0x82,
    0xE0, 0x2F, 0xD0, 0x00, 0xB0, 0xF0, 0x00, 0x0F, 0x5F, 0x00, 0x00, 0xB0, 0xF0, 0x00, 0x00, 0x00,
    0x00, 0x30, 0xBF, 0xD0, 0x03, 0xF4, 0x07, 0xC0, 0x38, 0x00, 0x0F, 0x03, 0x00, 0x00, 0xB8, 0x00,
    0x00, 0x07, 0xC0, 0x00, 0x00, 0x7C, 0x7F, 0xFF, 0xFF, 0xC7, 0xC0, 0x00, 0x7C, 0x3C, 0x00, 0x0B,
    0xC2, 0xE0, 0x00, 0xF0, 0x0F, 0x80, 0x7D, 0x00, 0x1B, 0xFE, 0x00, 0x1D, 0x2D, 0x0B, 0xCF, 0x81,
    0xD2, 0xD0, 0x00, 0x00, 0x37, 0xF4, 0x0D, 0x0B, 0x81, 0x00, 0xF0, 0x00, 0x3D, 0x7F, 0xFF, 0x5C,
    0x03, 0xC3, 0x81, 0xE0, 0x2F, 0xD0, 0x00, 0x00, 0x38, 0x74, 0x00, 0x00, 0x00, 0x02, 0xF3, 0xF0,
    0x00, 0x00, 0x00, 0x03, 0x87, 0x40, 0x00, 0x00, 0x00, 0x00, 0x00, 0x00, 0x00, 0x3F, 0xD0, 0x7F,
    0xF8, 0x0F, 0xF0, 0x0A, 0x00, 0x2F, 0x00, 0x1C, 0x00, 0x0A, 0x00, 0xBC, 0x02, 0x80, 0x00, 0x07,
    0x02, 0xF0, 0x28, 0x00, 0x00, 0x07, 0x0B, 0xC3, 0x40, 0x00, 0x00, 0x2F, 0x6F, 0x3F, 0x00, 0x00,
    0x01, 0xF6, 0xFF, 0x7E, 0x00, 0x00, 0x0F, 0x82, 0xF0, 0x7D, 0x00, 0x00, 0xFC, 0x0B, 0xC0, 0xBC,
    0x00, 0x0B, 0xC0, 0x2F, 0x00, 0xFC, 0x00, 0x7D, 0x00, 0xBC, 0x00, 0xF8, 0x0F, 0xFD, 0x1F, 0xFE,
    0x0F, 0xFD, 0x00, 0x2C, 0x3C, 0x00, 0x00, 0x3D, 0x7D, 0x00, 0x00, 0x2C, 0x3C, 0x00, 0x00, 0x00,
    0x00, 0x00, 0x3F, 0x0F, 0xF0, 0xBE, 0x0B, 0x03, 0xC0, 0xA0, 0x00, 0xD3, 0xC3, 0x40, 0x00, 0xBB,
    0xEF, 0x00, 0x01, 0xE7, 0xD7, 0x80, 0x07, 0xC3, 0xC2, 0xE0, 0x1F, 0x03, 0xC0, 0xB8, 0xBF, 0x0F,
    0xF0, 0xFF, 0x03, 0xC3, 0x80, 0x03, 0xD7, 0xC0, 0x03, 0xC3, 0x80, 0x00, 0x00, 0x00, 0x26, 0xFF,
    0x80, 0x3E, 0x02, 0xF0, 0x34, 0x00, 0xF4, 0x10, 0x00, 0xF4, 0x00, 0x02, 0xE0, 0x00, 0xFF, 0x40,
    0x00, 0x01, 0xF0, 0x00, 0x00, 0xBC, 0x00, 0x00, 0x7C, 0x30, 0x00, 0xBC, 0x29, 0x01, 0xF4, 0x07,
    0xFF, 0x80, 0x1D, 0x2C, 0x0F, 0x8F, 0x81, 0xD2, 0xC0, 0x00, 0x00, 0x6F, 0xF8, 0x1C, 0x0B, 0x80,
    0x02, 0xE0, 0x0F, 0xE0, 0x00, 0x2E, 0x00, 0x03, 0xC6, 0x02, 0xE0, 0xBF, 0xE0, 0x3F, 0xFF, 0xF0,
    0xE0, 0x02, 0xC3, 0x00, 0x3C, 0x08, 0x07, 0x80, 0x00, 0xB4, 0x00, 0x06, 0xBD, 0x00, 0x00, 0x3D,
    0x00, 0x00, 0xBC, 0x00, 0x02, 0xF0, 0xF0, 0x0B, 0x83, 0xC0, 0x7C, 0x07, 0xFF, 0x80, 0x3F, 0xFF,
    0x30, 0x09, 0x00, 0x34, 0x00, 0xD0, 0x03, 0xE0, 0x00, 0x3C, 0x00, 0x1E, 0x00, 0x1F, 0x38, 0x1E,
    0x38, 0x3C, 0x1F, 0xF4, 0x00, 0xBF, 0xFC, 0x00, 0x00, 0x00, 0x00, 0x00, 0x00, 0x00, 0x00, 0x1F,
    0xFF, 0x1F, 0xFE, 0x0B, 0xC0, 0x0F, 0xC0, 0x2F, 0x00, 0xBF, 0x00, 0xBC, 0x03, 0xBC, 0x02, 0xF0,
    0x32, 0xF0, 0x0B, 0xC2, 0x4B, 0xC0, 0x2F, 0x0C, 0x2F, 0x00, 0xBC, 0xC0, 0xBC, 0x02, 0xF6, 0x02,
    0xF0, 0x0B, 0xF0, 0x0B, 0xC0, 0x2F, 0x40, 0x2F, 0x07, 0xFF, 0xC7, 0xFF, 0x80, 0x0B, 0xFF, 0x40,
    0x00, 0x00, 0x00, 0x00, 0x00, 0x00, 0x00, 0x00, 0x7F, 0xCF, 0xF4, 0x78, 0x0F, 0x01, 0xE0, 0xBC,
    0x07, 0x88, 0xF0, 0x1E, 0x53, 0xC0, 0x7E, 0x0F, 0x01, 0xF0, 0x3C, 0x1F, 0xF3, 0xFD, 0x00, 0x38,
    0x74, 0x00, 0x02, 0xF2, 0xF0, 0x00, 0x03, 0x87, 0x40, 0x00, 0x00, 0x00, 0x00, 0x7F, 0xFC, 0x7F,
    0xF8, 0x2F, 0x00, 0x3F, 0x00, 0xBC, 0x02, 0xFC, 0x02, 0xF0, 0x0E, 0xF0, 0x0B, 0xC0, 0xCB, 0xC0,
    0x2F, 0x09, 0x2F, 0x00, 0xBC, 0x30, 0xBC, 0x02, 0xF3, 0x02, 0xF0, 0x0B, 0xD8, 0x0B, 0xC0, 0x2F,
    0xC0, 0x2F, 0x00, 0xBD, 0x00, 0xBC, 0x1F, 0xFF, 0x1F, 0xFE, 0x07, 0x4B, 0x40, 0x3F, 0x3E, 0x00,
    0x74, 0xB4, 0x00, 0x00, 0x00, 0x7F, 0xCF, 0xF4, 0x78, 0x0F, 0x01, 0xE0, 0xBC, 0x07, 0x88, 0xF0,
    0x1E, 0x53, 0xC0, 0x7E, 0x0F, 0x01, 0xF0, 0x3C, 0x1F, 0xF3, 0xFD, 0x01, 0xD2, 0xC0, 0x00, 0xF8,
    0xF8, 0x00, 0x1D, 0x2C, 0x00, 0x00, 0x00, 0x00, 0x01, 0xFF, 0x90, 0x03, 0xE0, 0x2E, 0x03, 0xD0,
    0x03, 0xE1, 0xF0, 0x00, 0x7C, 0xBC, 0x00, 0x0F, 0x7E, 0x00, 0x03, 0xEF, 0x80, 0x00, 0xFA, 0xF0,
    0x00, 0x3D, 0x7C, 0x00, 0x1F, 0x0F, 0x80, 0x0F, 0x80, 0xF8, 0x0B, 0x80, 0x07, 0xFE, 0x40, 0x0F,
    0x0E, 0x01, 0xF2, 0xF0, 0x0F, 0x0E, 0x00, 0x00, 0x00, 0x07, 0xF9, 0x02, 0xD0, 0xB4, 0x3C, 0x03,
    0xC7, 0x80, 0x3C, 0x78, 0x03, 0xC3, 0xC0, 0x3C, 0x2D, 0x0B, 0x40, 0x7F, 0xD0, 0x01, 0xFF, 0x80,
    0x03, 0xE0, 0x2E, 0x03, 0xD0, 0x03, 0xD1, 0xF0, 0x00, 0x7C, 0xBC, 0x00, 0x0F, 0x7F, 0xBE, 0x43,
    0xEF, 0xC1, 0xFE, 0xFB, 0xF0, 0x00, 0x3D, 0xBC, 0x00, 0x1F, 0x0F, 0x40, 0x0F, 0x80, 0xF8, 0x0B,
    0x80, 0x07, 0xFE, 0x40, 0x07, 0xF8, 0x02, 0xD0, 0xB0, 0x3C, 0x03, 0xC7, 0xFD, 0x3C, 0x7C, 0xFB,
    0xC7, 0xC0, 0x3C, 0x3D, 0x0B, 0x80, 0x7F, 0xD0, 0x01, 0xD2, 0xC0, 0x00, 0xF8, 0xF8, 0x00, 0x1D,
    0x2C, 0x00, 0x00, 0x00, 0x00, 0x01, 0xFF, 0x80, 0x03, 0xE0, 0x2E, 0x03, 0xD0, 0x03, 0xD1, 0xF0,
    0x00, 0x7C, 0xBC, 0x00, 0x0F, 0x7F, 0xBE, 0x43, 0xEF, 0xC1, 0xFE, 0xFB, 0xF0, 0x00, 0x3D, 0xBC,
    0x00, 0x1F, 0x0F, 0x40, 0x0F, 0x80, 0xF8, 0x0B, 0x80, 0x07, 0xFE, 0x40, 0x0F, 0x0E, 0x01, 0xF2,
    0xF0, 0x0F, 0x0E, 0x00, 0x00, 0x00, 0x07, 0xF8, 0x02, 0xD0, 0xB0, 0x3C, 0x03, 0xC7, 0xFD, 0x3C,
    0x7C, 0xFB, 0xC7, 0xC0, 0x3C, 0x3D, 0x0B, 0x80, 0x7F, 0xD0, 0x0B, 0x0F, 0x00, 0x03, 0xD7, 0xD0,
    0x00, 0xB0, 0xF0, 0x00, 0x00, 0x00, 0x00, 0xC6, 0xFE, 0x40, 0x3E, 0x01, 0xBC, 0x0E, 0x00, 0x0B,
    0xC2, 0x00, 0x00, 0xF8, 0x00, 0x00, 0x2F, 0x03, 0xF9, 0x0F, 0xC0, 0x0B, 0xFB, 0xF0, 0x00, 0x00,
    0xFC, 0x00, 0x00, 0x3D, 0x30, 0x00, 0x3F, 0x07, 0x40, 0x7F, 0x00, 0x2F, 0xF9, 0x00, 0x1D, 0x2C,
    0x0F, 0x8F, 0x81, 0xD2, 0xC0, 0x00, 0x00, 0x5B, 0xE0, 0x1D, 0x0F, 0x00, 0x01, 0xE0, 0x3D, 0x7C,
    0x03, 0xEF, 0x00, 0x07, 0xC3, 0x03, 0xC0, 0x7F, 0x80, 0x00, 0xBF, 0xFC, 0x00, 0x00, 0x00, 0x00,
    0x00, 0x00, 0x00, 0x00, 0x1F, 0xFC, 0x03, 0xFD, 0x0B, 0xC0, 0x01, 0x80, 0x0F, 0xC0, 0x0C, 0x00,
    0x0F, 0x40, 0x30, 0x00, 0x1F, 0x02, 0x40, 0x00, 0x3F, 0x0C, 0x00, 0x00, 0x3E, 0xA0, 0x00, 0x00,
    0x7F, 0x00, 0x00, 0x00, 0xB8, 0x00, 0x03, 0xD0, 0xC0, 0x00, 0x0F, 0x49, 0x00, 0x00, 0x1F, 0xD0,
    0x00, 0x00, 0x0B, 0xFF, 0x40, 0x00, 0x00, 0x00, 0x00, 0x00, 0x00, 0x00, 0xBF, 0x43, 0xF1, 0xF0,
    0x18, 0x0F, 0x03, 0x00, 0x78, 0x60, 0x03, 0xDC, 0x00, 0x1F, 0x80, 0x00, 0xF0, 0x00, 0x06, 0x00,
    0x00, 0xC0, 0x07, 0x24, 0x00, 0x3E, 0x00, 0x00, 0x00, 0x38, 0x78, 0x00, 0x01, 0xF2, 0xF0, 0x00,
    0x03, 0x87, 0x80, 0x00, 0x00, 0x00, 0x00, 0x7F, 0xF0, 0x0F, 0xF4, 0x2F, 0x00, 0x06, 0x00, 0x3F,
    0x00, 0x30, 0x00, 0x3D, 0x00, 0xC0, 0x00, 0x7C, 0x09, 0x00, 0x00, 0xFC, 0x30, 0x00, 0x00, 0xFA,
    0x80, 0x00, 0x01, 0xFC, 0x00, 0x00, 0x02, 0xE0, 0x00, 0x0F, 0x43, 0x00, 0x00, 0x3D, 0x24, 0x00,
    0x00, 0x7F, 0x40, 0x00, 0x07, 0x4B, 0x40, 0xBC, 0xF8, 0x07, 0x4B, 0x40, 0x00, 0x00, 0xBF, 0x43,
    0xF1, 0xF0, 0x18, 0x0F, 0x03, 0x00, 0x78, 0x60, 0x03, 0xDC, 0x00, 0x1F, 0x80, 0x00, 0xF0, 0x00,
    0x06, 0x00, 0x00, 0xC0, 0x07, 0x24, 0x00, 0x3E, 0x00, 0x00, 0x00, 0x00, 0x00, 0x00, 0x00, 0x6D,
    0x78, 0x00, 0x03, 0x8B, 0x90, 0x1F, 0xFC, 0x03, 0xFD, 0x0B, 0xC0, 0x01, 0x80, 0x0F, 0xC0, 0x0C,
    0x00, 0x0F, 0x40, 0x30, 0x00, 0x1F, 0x02, 0x40, 0x00, 0x3F, 0x0C, 0x00, 0x00, 0x3E, 0xA0, 0x00,
    0x00, 0x7F, 0x00, 0x00, 0x00, 0xB8, 0x00, 0x03, 0xD0, 0xC0, 0x00, 0x0F, 0x49, 0x00, 0x00, 0x1F,
    0xD0, 0x00, 0x00, 0x00, 0xB5, 0xE0, 0x3E, 0xB9, 0x00, 0x00, 0x0B, 0xF4, 0x3F, 0x1F, 0x01, 0x80,
    0xF0, 0x30, 0x07, 0x86, 0x00, 0x3D, 0xC0, 0x01, 0xF8, 0x00, 0x0F, 0x00, 0x00, 0x60, 0x00, 0x0C,
    0x00, 0x72, 0x40, 0x03, 0xE0, 0x00, 0x00, 0x38, 0x74, 0x00, 0x02, 0xF2, 0xF0, 0x00, 0x03, 0x87,
    0x40, 0x00, 0x00, 0x00, 0x00, 0x7F, 0xFC, 0x7F, 0xF8, 0x2F, 0x00, 0x2F, 0x00, 0xBC, 0x00, 0xBC,
    0x02, 0xF0, 0x02, 0xF0, 0x07, 0xC0, 0x0B, 0xC0, 0x0F, 0x40, 0x7F, 0x00, 0x0B, 0xF9, 0xBC, 0x00,
    0x00, 0x02, 0xF0, 0x00, 0x00, 0x0B, 0xC0, 0x00, 0x00, 0x2F, 0x00, 0x00, 0x00, 0xBC, 0x00, 0x00,
    0x1F, 0xFE, 0x00, 0x00, 0x00, 0x00, 0x07, 0x4B, 0x40, 0x3F, 0x3E, 0x00, 0x74, 0xB4, 0x00, 0x00,
    0x00, 0x7F, 0xCF, 0xF4, 0x78, 0x0F, 0x01, 0xE0, 0x3C, 0x03, 0xC1, 0xF0, 0x07, 0xF7, 0xC0, 0x00,
    0x0F, 0x00, 0x00, 0x3C, 0x00, 0x03, 0xFD, 0x7F, 0xFF, 0xF4, 0x2F, 0x00, 0xE0, 0xBC, 0x00, 0x82,
    0xF0, 0x03, 0x0B, 0xC0, 0x00, 0x2F, 0x00, 0x00, 0xBC, 0x00, 0x02, 0xF0, 0x00, 0x0B, 0xC0, 0x00,
    0x2F, 0x00, 0x00, 0xBC, 0x00, 0x1F, 0xFF, 0x80, 0x00, 0x1E, 0x00, 0x00, 0x0C, 0x00, 0x00, 0x30,
    0x00, 0x7F, 0xFF, 0x1E, 0x03, 0x1E, 0x00, 0x1E, 0x00, 0x1E, 0x00, 0x1E, 0x00, 0x1E, 0x00, 0x7F,
    0xD0, 0x00, 0xE0, 0x00, 0x60, 0x00, 0x07, 0x87, 0x40, 0x00, 0x00, 0x2F, 0x3E, 0x00, 0x00, 0x00,
    0x78, 0x74, 0x00, 0x00, 0x00, 0x00, 0x00, 0x00, 0x7F, 0xF8, 0x00, 0xFF, 0xF4, 0x2E, 0x00, 0x00,
    0x3E, 0x00, 0xB8, 0x00, 0x00, 0xF8, 0x02, 0xE0, 0x00, 0x03, 0xE0, 0x0B, 0x80, 0x00, 0x0F, 0x80,
    0x2F, 0xFF, 0xE0, 0x3E, 0x00, 0xB8, 0x02, 0xF0, 0xF8, 0x02, 0xE0, 0x03, 0xE3, 0xE0, 0x0B, 0x80,
    0x0F, 0xCF, 0x80, 0x2E, 0x00, 0x3E, 0x3E, 0x00, 0xB8, 0x02, 0xF0, 0xF8, 0x1F, 0xFF, 0xFE, 0x3F,
    0xFD, 0x00, 0xB0, 0xF0, 0x00, 0x0F, 0x5F, 0x00, 0x00, 0xB0, 0xF0, 0x00, 0x00, 0x00, 0x00, 0x7F,
    0xC0, 0x3F, 0xE1, 0xE0, 0x00, 0xB4, 0x1E, 0x00, 0x0B, 0x41, 0xFF, 0xE0, 0xB4, 0x1E, 0x0B, 0xCB,
    0x41, 0xE0, 0x3C, 0xB4, 0x1E, 0x0B, 0xCB, 0x47, 0xFF, 0xE3, 0xFE, 0x3F, 0xF8, 0x7F, 0xD0, 0x3E,
    0x01, 0xC0, 0x01, 0xF4, 0x30, 0x00, 0x0B, 0xC9, 0x00, 0x00, 0x3F, 0x80, 0x00, 0x00, 0xF8, 0x00,
    0x00, 0x0F, 0xD0, 0x00, 0x02, 0x7F, 0x00, 0x00, 0x60, 0xF8, 0x00, 0x1C, 0x07, 0xD0, 0x03, 0x00,
    0x2F, 0x07, 0xFD, 0x00, 0xFC, 0x00, 0x03, 0xC7, 0xC0, 0x00, 0x7C, 0xBC, 0x00, 0x02, 0xFE, 0x00,
    0xBF, 0x4B, 0xE0, 0xF0, 0x70, 0x03, 0xDC, 0x00, 0x1F, 0x00, 0x00, 0xF8, 0x00, 0x31, 0xD0, 0x0D,
    0x0B, 0x4B, 0xE0, 0x3C, 0x00, 0x01, 0xD0, 0x0E, 0x2C, 0x00, 0xBF, 0x40, 0x3F, 0xF8, 0x7F, 0xD0,
    0x0F, 0x80, 0x70, 0x00, 0x1F, 0x43, 0x00, 0x00, 0x2F, 0x74, 0x00, 0x00, 0x2F, 0x40, 0x00, 0xBF,
    0xFF, 0xFF, 0x40, 0x00, 0xFD, 0x00, 0x00, 0x09, 0xFC, 0x00, 0x00, 0x60, 0xF8, 0x00, 0x07, 0x01,
    0xF4, 0x00, 0x34, 0x02, 0xF0, 0x1F, 0xF4, 0x2F, 0xFC, 0xBF, 0x4B, 0xE0, 0xF0, 0x60, 0x03, 0xE8,
    0x0B, 0xFF, 0xFF, 0x00, 0xF8, 0x00, 0x32, 0xE0, 0x0D, 0x0B, 0x4B, 0xE0, 0xFF, 0x6A, 0x8F, 0xFD,
    0x00, 0x00, 0x6A, 0x8F, 0xFD, 0x00, 0x00, 0xAA, 0xAA, 0x90, 0xFF, 0xFF, 0xF0, 0xFF, 0xFF, 0xFF,
    0xFF, 0xFE, 0x45, 0xC6, 0xC6, 0xC6, 0xC6, 0xC6, 0xC6, 0xC6, 0xC6, 0xC6, 0xC6, 0xC6, 0xC6, 0xC6,
    0xC6, 0xC6, 0xC6, 0x00, 0x14, 0x20, 0x80, 0x90, 0xFC, 0x7C, 0x00, 0x78, 0xBC, 0x7D, 0x08, 0x08,
    0x20, 0x00, 0x24, 0xBC, 0x7C, 0x08, 0x08, 0x20, 0x00, 0x3C, 0x7D, 0xBC, 0x40, 0x20, 0x14, 0x00,
    0x08, 0x01, 0x08, 0x02, 0x02, 0x02, 0x01, 0x90, 0x90, 0x7D, 0x2F, 0x0F, 0x47, 0xC0, 0x00, 0x00,
    0x28, 0x0A, 0x0F, 0x87, 0xC2, 0xE0, 0xF4, 0x08, 0x04, 0x04, 0x02, 0x06, 0x02, 0x00, 0x00, 0x00,
    0x18, 0x09, 0x0F, 0x87, 0xC2, 0xE0, 0xF4, 0x08, 0x04, 0x05, 0x02, 0x02, 0x02, 0x40, 0x00, 0x00,
    0x1D, 0x0F, 0x0F, 0xC7, 0xD3, 0xD2, 0xF0, 0x80, 0x50, 0x20, 0x08, 0x02, 0x01, 0x40, 0x00, 0x00,
    0x07, 0x00, 0x2C, 0x00, 0x30, 0x2E, 0xAD, 0x03, 0x00, 0x1C, 0x00, 0xB4, 0x02, 0xD0, 0x0B, 0x00,
    0x2C, 0x00, 0x70, 0x01, 0xC0, 0x07, 0x00, 0x0C, 0x00, 0x00, 0x00, 0x07, 0x00, 0x2C, 0x00, 0x30,
    0x2E, 0xED, 0x07, 0x00, 0x2C, 0x00, 0x70, 0x01, 0xC0, 0x0B, 0x00, 0x1C, 0x0B, 0xBB, 0x41, 0xC0,
    0x0B, 0x00, 0x1C, 0x00, 0x0B, 0xE0, 0x3F, 0xFC, 0xBF, 0xFD, 0xFF, 0xFE, 0xFF, 0xFE, 0xBF, 0xFD,
    0x3F, 0xFC, 0x0F, 0xE0, 0x24, 0x06, 0x00, 0x8B, 0xC0, 0xF4, 0x2F, 0x78, 0x0F, 0x01, 0xD0, 0x1F,
    0xFE, 0x3F, 0xF0, 0xBF, 0xF0, 0xFF, 0xF0, 0xFF, 0xF0, 0x7F, 0xF0, 0x1F, 0xF0, 0x00, 0x70, 0x00,
    0x30, 0x00, 0x30, 0x00, 0x30, 0x00, 0x30, 0x00, 0x30, 0x01, 0xFD, 0x1A, 0x00, 0x01, 0x40, 0x00,
    0x1C, 0x38, 0x02, 0xC0, 0x00, 0x0B, 0x05, 0x6A, 0xD0, 0x00, 0x03, 0xC1, 0x40, 0xA0, 0x00, 0x00,
    0xF0, 0x50, 0xB0, 0x00, 0x00, 0x1C, 0x20, 0x70, 0x00, 0x00, 0x02, 0xA4, 0x34, 0x00, 0x00, 0x00,
    0x00, 0x34, 0x2A, 0x01, 0xA4, 0x00, 0x28, 0x2C, 0x20, 0xD2, 0x00, 0x1C, 0x0E, 0x08, 0xB0, 0x20,
    0x0C, 0x03, 0x82, 0x2C, 0x08, 0x0D, 0x00, 0xE0, 0x8B, 0x02, 0x0A, 0x00, 0x28, 0x20, 0xD2, 0x43,
    0x00, 0x02, 0xA0, 0x1A, 0x40, 0x1A, 0x00, 0x01, 0x40, 0x00, 0x00, 0x00, 0x1C, 0x38, 0x02, 0xC0,
    0x00, 0x00, 0x00, 0x0B, 0x05, 0x6A, 0xD0, 0x00, 0x00, 0x00, 0x03, 0xC1, 0x40, 0xA0, 0x00, 0x00,
    0x00, 0x00, 0xF0, 0x50, 0xB0, 0x00, 0x00, 0x00, 0x00, 0x1C, 0x20, 0x70, 0x00, 0x00, 0x00, 0x00,
    0x02, 0xA4, 0x34, 0x00, 0x00, 0x00, 0x00, 0x00, 0x00, 0x34, 0x2A, 0x00, 0x68, 0x01, 0xA4, 0x00,
    0x28, 0x2C, 0x20, 0xB0, 0xC1, 0xC2, 0x00, 0x1C, 0x0E, 0x08, 0x38, 0x20, 0xB0, 0x50, 0x0C, 0x03,
    0x82, 0x0E, 0x05, 0x3C, 0x18, 0x0D, 0x00, 0xE0, 0x83, 0x82, 0x0F, 0x05, 0x0A, 0x00, 0x28, 0x20,
    0xB0, 0xC1, 0xC2, 0x03, 0x00, 0x02, 0xA0, 0x0A, 0x80, 0x1A, 0x40, 0x00, 0x00, 0x50, 0x30, 0x34,
    0x78, 0x1E, 0x00, 0xD0, 0x0C, 0x01, 0x40, 0x00, 0x20, 0x06, 0x00, 0xA0, 0x0F, 0x03, 0xC2, 0x81,
    0xC0, 0x80, 0x00, 0x00, 0x00, 0x09, 0x1D, 0x0C, 0x35, 0xD3, 0xC0, 0xD0, 0xF0, 0x03, 0x78, 0x0B,
    0x1E, 0x3C, 0xB7, 0xB7, 0xC0, 0xFE, 0xD0, 0x3D, 0xD3, 0x43, 0x40, 0x04, 0x10, 0x00, 0x00, 0x07,
    0x80, 0x1F, 0xD0, 0xBB, 0xFC, 0xFB, 0xFC, 0x07, 0xF4, 0x03, 0x80, 0x03, 0x00, 0x03, 0x00, 0x07,
    0x40, 0x0B, 0xC0, 0x07, 0x80, 0x00, 0x00, 0x80, 0x08, 0x30, 0x24, 0x0F, 0xD0, 0x1B, 0xFE, 0x0D,
    0x00, 0x70, 0x00, 0x01, 0x00, 0x0A, 0x00, 0x0E, 0x00, 0x2E, 0x00, 0x3C, 0x00, 0x7C, 0x00, 0xF4,
    0x00, 0xF0, 0x02, 0xE0, 0x03, 0xC0, 0x07, 0xC0, 0x0F, 0x40, 0x0F, 0x00, 0x2E, 0x00, 0x3C, 0x00,
    0x78, 0x00, 0xB4, 0x00, 0xF0, 0x00, 0xD0, 0x00, 0x80, 0x00, 0x2F, 0xAE, 0x0F, 0x03, 0xC0, 0xF0,
    0x3C, 0x0F, 0x01, 0xF0, 0x1F, 0x9F, 0x0F, 0x03, 0xC0, 0xF0, 0x3C, 0x0F, 0x02, 0xF0, 0x1F, 0x80,
    0xBD, 0x02, 0xE0, 0x3C, 0x0F, 0x03, 0xC0, 0xF0, 0x3C, 0x2D, 0xBD, 0x03, 0xD0, 0x3C, 0x0F, 0x03,
    0xC0, 0xF0, 0x3C, 0x1E, 0x6E, 0x00, 0x00, 0x00, 0x01, 0x2D, 0x0E, 0x3F, 0x1E, 0x2D, 0x3D, 0x00,
    0xBC, 0x00, 0xF0, 0x02, 0xE0, 0x03, 0xC0, 0x0F, 0x80, 0x1F, 0xB4, 0x3E, 0xFC, 0x7C, 0xB4, 0x34,
    0x00, 0x20, 0x00, 0x00, 0x00, 0x1F, 0xD0, 0x70, 0x28, 0x80, 0x08, 0x00, 0x05, 0x00, 0x00, 0x6F,
    0xE4, 0xC1, 0xF8, 0x52, 0xF0, 0xF4, 0x14, 0x2C, 0xBC, 0x05, 0x03, 0x3E, 0x01, 0x40, 0x0F, 0x80,
    0x50, 0x02, 0xF0, 0x14, 0x08, 0x3D, 0x05, 0x03, 0x07, 0xE5, 0x47, 0x00, 0x1B, 0xFE, 0x00, 0x00,
    0x14, 0x00, 0x00, 0x2F, 0x80, 0x03, 0xC1, 0xC0, 0x1D, 0x07, 0x40, 0xB4, 0x2C, 0x02, 0xD0, 0x00,
    0x3F, 0xF4, 0x00, 0x2D, 0x00, 0x00, 0xB4, 0x00, 0x0F, 0xFD, 0x02, 0xFF, 0x40, 0x6B, 0xDB, 0x5E,
    0x00, 0x09, 0x00, 0x2A, 0x90, 0x06, 0xA8, 0x07, 0xF0, 0x00, 0xD0, 0x02, 0xBC, 0x00, 0xC0, 0x02,
    0x3F, 0x00, 0xC0, 0x6B, 0xAF, 0xEA, 0xE8, 0x02, 0x03, 0xE0, 0xC0, 0x02, 0x01, 0xF4, 0xC0, 0x02,
    0x00, 0xBD, 0xC0, 0x6B, 0xAA, 0xBF, 0xE8, 0x02, 0x00, 0x0F, 0xC0, 0x02, 0x00, 0x03, 0xC0, 0x3F,
    0xD0, 0x00, 0xC0, 0xBF, 0xF1, 0xFF, 0xC1, 0xFF, 0x0F, 0x80, 0x2E, 0x00, 0x20, 0x07, 0xD0, 0x2F,
    0x40, 0x50, 0x2F, 0xFF, 0xFF, 0xFF, 0xFC, 0x01, 0xF0, 0x67, 0xC1, 0x80, 0x00, 0xF8, 0xC2, 0xF3,
    0x00, 0x2F, 0xFF, 0xFF, 0xFF, 0xFC, 0x00, 0x3F, 0x40, 0xFD, 0x00, 0x00, 0x3F, 0x00, 0xBC, 0x00,
    0x00, 0x1F, 0x00, 0x7C, 0x00, 0x00, 0x01, 0x00, 0x00, 0x00, 0x00, 0x00, 0x00, 0x00, 0x00, 0x00,
    0x01, 0xC0, 0x00, 0x3F, 0x00, 0x2F, 0xFF, 0x00, 0x00, 0xF0, 0x07, 0xF7, 0xC0, 0xB8, 0x1F, 0x03,
    0xC0, 0x3C, 0x1F, 0x00, 0xF0, 0x3C, 0x03, 0xC0, 0xB4, 0x1F, 0x00, 0x7F, 0x7F, 0x00, 0x00, 0x00,
    0x2F, 0xFF, 0xF4, 0x00, 0x00, 0x00, 0x00, 0x02, 0xFF, 0x80, 0x01, 0xF0, 0x3C, 0x00, 0x7C, 0x00,
    0x80, 0x0F, 0x40, 0x00, 0xBF, 0xFF, 0xFF, 0x00, 0x1E, 0x00, 0x00, 0xBF, 0xFF, 0xFC, 0x00, 0x0F,
    0x40, 0x05, 0x00, 0x3E, 0x02, 0xD0, 0x00, 0x6F, 0xE0, 0x00, 0x05, 0x00, 0x00, 0x1B, 0xF9, 0x30,
    0x0F, 0x85, 0x2F, 0x03, 0xD0, 0x50, 0xB0, 0xBC, 0x05, 0x03, 0x0F, 0x80, 0x50, 0x00, 0xF8, 0x05,
    0x00, 0x0B, 0xC0, 0x7F, 0xFD, 0x3D, 0x05, 0x1F, 0x00, 0xF9, 0x52, 0xF0, 0x01, 0xBF, 0xD2, 0x00,
    0x00, 0x50, 0x00, 0x00, 0x03, 0x40, 0x00, 0x00, 0x0B, 0xC0, 0x00, 0x00, 0x0F, 0xE0, 0x00, 0x00,
    0x32, 0xF4, 0x00, 0x00, 0x60, 0xFC, 0x00, 0x00, 0xC0, 0x7D, 0x00, 0x02, 0x40, 0x2F, 0x00, 0x03,
    0x00, 0x0F, 0x80, 0x0C, 0x00, 0x0B, 0xD0, 0x18, 0x00, 0x03, 0xF0, 0x3F, 0xFF, 0xFF, 0xF4, 0xBF,
    0xFF, 0xFF, 0xFC, 0x00, 0x00, 0x00, 0x00, 0x10, 0x00, 0x00, 0x90, 0x00, 0x03, 0xFC, 0x00, 0x0F,
    0x00, 0x00, 0xB8, 0x00, 0x03, 0xC0, 0x00, 0x0F, 0x00, 0x00, 0xB8, 0x00, 0x03, 0xC0, 0x00, 0x9F,
    0x00, 0x07, 0xB8, 0x00, 0x2F, 0xD0, 0x01, 0x2F, 0x00, 0x00, 0x78, 0x00, 0x00, 0xD0, 0x00, 0x02,
    0x00, 0x00,
};

static const EpdGlyph cmu_8_boldGlyphs[] = {
    { 0, 0, 6, 0, 0, 0, 0 }, // 
    { 0, 0, 7, 0, 0, 0, 0 }, //  
    { 4, 12, 6, 1, 12, 12, 0 }, // !
    { 6, 7, 10, 2, 13, 11, 12 }, // "
    { 15, 16, 16, 1, 12, 60, 23 }, // #
    { 8, 14, 10, 1, 13, 28, 83 }, // $
    { 15, 14, 16, 1, 13, 53, 111 }, // %
    { 15, 12, 15, 0, 12, 45, 164 }, // &
    { 3, 7, 5, 1, 13, 6, 209 }, // '
    { 6, 18, 8, 1, 13, 27, 215 }, // (
    { 5, 18, 8, 1, 13, 23, 242 }, // )
    { 8, 8, 10, 1, 13, 16, 265 }, // *
    { 14, 13, 15, 1, 10, 46, 281 }, // +
    { 4, 6, 5, 1, 3, 6, 327 }, // ,
    { 6, 1, 7, 0, 4, 2, 333 }, // -
    { 4, 3, 5, 1, 3, 3, 335 }, // .
    { 8, 18, 10, 1, 13, 36, 338 }, // /
    { 9, 12, 10, 0, 12, 27, 374 }, // 0
    { 8, 12, 10, 1, 11, 24, 401 }, // 1
    { 9, 11, 10, 0, 11, 25, 425 }, // 2
    { 9, 11, 10, 0, 11, 25, 450 }, // 3
    { 10, 12, 10, 0, 11, 30, 475 }, // 4
    { 9, 11, 10, 0, 11, 25, 505 }, // 5
    { 9, 11, 10, 0, 11, 25, 530 }, // 6
    { 9, 12, 10, 1, 12, 27, 555 }, // 7
    { 9, 11, 10, 0, 11, 25, 582 }, // 8
    { 9, 11, 10, 0, 11, 25, 607 }, // 9
    { 4, 8, 5, 1, 8, 8, 632 }, // :
    { 4, 11, 5, 1, 8, 11, 640 }, // ;
    { 13, 12, 15, 1, 10, 39, 651 }, // <
    { 14, 5, 15, 1, 7, 18, 690 }, // =
    { 13, 12, 15, 1, 10, 39, 708 }, // >
    { 8, 12, 9, 1, 12, 24, 747 }, // ?
    { 14, 12, 15, 1, 12, 42, 771 }, // @
    { 15, 12, 15, 0, 12, 45, 813 }, // A
    { 13, 12, 14, 0, 12, 39, 858 }, // B
    { 13, 12, 14, 1, 12, 39, 897 }, // C
    { 14, 12, 15, 0, 12, 42, 936 }, // D
    { 13, 12, 13, 0, 12, 39, 978 }, // E
    { 12, 12, 12, 0, 12, 36, 1017 }, // F
    { 14, 12, 15, 1, 12, 42, 1053 }, // G
    { 15, 12, 15, 0, 12, 45, 1095 }, // H
    { 7, 13, 7, 0, 13, 23, 1140 }, // I
    { 9, 13, 10, 0, 13, 30, 1163 }, // J
    { 15, 12, 15, 0, 12, 45, 1193 }, // K
    { 11, 13, 12, 0, 13, 36, 1238 }, // L
    { 18, 12, 19, 0, 12, 54, 1274 }, // M
    { 15, 12, 15, 0, 12, 45, 1328 }, // N
    { 13, 12, 15, 1, 12, 39, 1373 }, // O
    { 13, 12, 13, 0, 12, 39, 1412 }, // P
    { 13, 15, 15, 1, 12, 49, 1451 }, // Q
    { 15, 12, 15, 0, 12, 45, 1500 }, // R
    { 9, 12, 11, 1, 12, 27, 1545 }, // S
    { 13, 13, 14, 0, 12, 43, 1572 }, // T
    { 15, 12, 15, 0, 12, 45, 1615 }, // U
    { 15, 12, 15, 0, 12, 45, 1660 }, // V
    { 20, 12, 20, 0, 12, 60, 1705 }, // W
    { 15, 12, 15, 0, 12, 45, 1765 }, // X
    { 15, 13, 15, 0, 12, 49, 1810 }, // Y
    { 10, 12, 12, 1, 12, 30, 1859 }, // Z
    { 4, 17, 5, 1, 13, 17, 1889 }, // [
    { 8, 18, 10, 1, 13, 36, 1906 }, // <backslash>
    { 4, 17, 5, 0, 13, 17, 1942 }, // ]
    { 8, 3, 12, 2, 11, 6, 1959 }, // ^
    { 13, 1, 15, 1, -4, 4, 1965 }, // _
    { 5, 3, 10, 1, 11, 4, 1969 }, // `
    { 10, 8, 10, 0, 8, 20, 1973 }, // a
    { 11, 12, 11, 0, 12, 33, 1993 }, // b
    { 9, 8, 9, 0, 8, 18, 2026 }, // c
    { 11, 12, 11, 0, 12, 33, 2044 }, // d
    { 9, 8, 9, 0, 8, 18, 2077 }, // e
    { 8, 13, 6, 0, 12, 26, 2095 }, // f
    { 10, 11, 10, 0, 8, 28, 2121 }, // g
    { 11, 12, 11, 0, 12, 33, 2149 }, // h
    { 5, 12, 5, 0, 12, 15, 2182 }, // i
    { 6, 15, 6, -1, 12, 23, 2197 }, // j
    { 10, 12, 10, 0, 12, 30, 2220 }, // k
    { 5, 12, 5, 0, 12, 15, 2250 }, // l
    { 16, 8, 16, 0, 8, 32, 2265 }, // m
    { 11, 8, 11, 0, 8, 22, 2297 }, // n
    { 10, 8, 10, 0, 8, 20, 2319 }, // o
    { 11, 11, 11, 0, 8, 31, 2339 }, // p
    { 11, 11, 10, 0, 8, 31, 2370 }, // q
    { 8, 8, 8, 0, 8, 16, 2401 }, // r
    { 8, 8, 8, 0, 8, 16, 2417 }, // s
    { 7, 11, 8, 0, 11, 20, 2433 }, // t
    { 11, 8, 11, 0, 8, 22, 2453 }, // u
    { 10, 8, 10, 0, 8, 20, 2475 }, // v
    { 14, 8, 14, 0, 8, 28, 2495 }, // w
    { 10, 8, 10, 0, 8, 20, 2523 }, // x
    { 10, 11, 10, 0, 8, 28, 2543 }, // y
    { 8, 8, 9, 0, 8, 16, 2571 }, // z
    { 8, 18, 10, 1, 14, 36, 2587 }, // {
    { 2, 18, 5, 2, 13, 9, 2623 }, // |
    { 8, 16, 10, 1, 13, 32, 2632 }, // }
    { 10, 2, 12, 1, 12, 5, 2664 }, // ~
    { 0, 0, 7, 0, 0, 0, 2669 }, //  
    { 4, 13, 6, 1, 9, 13, 2669 }, // ¡
    { 10, 10, 10, 0, 9, 25, 2682 }, // ¢
    { 11, 13, 13, 1, 12, 36, 2707 }, // £
    { 15, 13, 15, 0, 12, 49, 2743 }, // ¥
    { 7, 15, 9, 1, 12, 27, 2792 }, // §
    { 8, 3, 10, 1, 12, 6, 2819 }, // ¨
    { 20, 17, 22, 1, 13, 85, 2825 }, // ©
    { 9, 8, 9, 0, 13, 18, 2910 }, // ª
    { 8, 9, 11, 2, 9, 18, 2928 }, // «
    { 11, 6, 13, 1, 7, 17, 2946 }, // ¬
    { 6, 3, 7, 0, 5, 5, 2963 }, // ­
    { 20, 17, 22, 1, 13, 85, 2968 }, // ®
    { 8, 1, 10, 1, 12, 2, 3053 }, // ¯
    { 5, 5, 7, 1, 12, 7, 3055 }, // °
    { 14, 13, 15, 1, 12, 46, 3062 }, // ±
    { 4, 3, 10, 4, 11, 3, 3108 }, // ´
    { 11, 11, 11, 0, 8, 31, 3111 }, // µ
    { 11, 15, 12, 1, 12, 42, 3142 }, // ¶
    { 3, 3, 5, 1, 6, 3, 3184 }, // ·
    { 6, 3, 9, 1, 0, 5, 3187 }, // ¸
    { 9, 8, 9, 0, 13, 18, 3192 }, // º
    { 8, 9, 11, 1, 9, 18, 3210 }, // »
    { 8, 12, 9, 1, 9, 24, 3228 }, // ¿
    { 15, 15, 15, 0, 15, 57, 3252 }, // À
    { 15, 15, 15, 0, 15, 57, 3309 }, // Á
    { 15, 16, 15, 0, 16, 60, 3366 }, // Â
    { 15, 15, 15, 0, 15, 57, 3426 }, // Ã
    { 15, 16, 15, 0, 16, 60, 3483 }, // Ä
    { 15, 16, 15, 0, 16, 60, 3543 }, // Å
    { 18, 12, 18, 0, 12, 54, 3603 }, // Æ
    { 13, 15, 14, 1, 12, 49, 3657 }, // Ç
    { 13, 15, 13, 0, 15, 49, 3706 }, // È
    { 13, 15, 13, 0, 15, 49, 3755 }, // É
    { 13, 16, 13, 0, 16, 52, 3804 }, // Ê
    { 13, 16, 13, 0, 16, 52, 3856 }, // Ë
    { 7, 15, 7, 0, 15, 27, 3908 }, // Ì
    { 7, 15, 7, 0, 15, 27, 3935 }, // Í
    { 7, 16, 7, 0, 16, 28, 3962 }, // Î
    { 7, 16, 7, 0, 16, 28, 3990 }, // Ï
    { 14, 12, 15, 0, 12, 42, 4018 }, // Ð
    { 15, 15, 15, 0, 15, 57, 4060 }, // Ñ
    { 13, 15, 15, 1, 15, 49, 4117 }, // Ò
    { 13, 15, 15, 1, 15, 49, 4166 }, // Ó
    { 13, 16, 15, 1, 16, 52, 4215 }, // Ô
    { 13, 15, 15, 1, 15, 49, 4267 }, // Õ
    { 13, 16, 15, 1, 16, 52, 4316 }, // Ö
    { 14, 14, 15, 1, 13, 49, 4368 }, // Ø
    { 15, 15, 15, 0, 15, 57, 4417 }, // Ù
    { 15, 15, 15, 0, 15, 57, 4474 }, // Ú
    { 15, 16, 15, 0, 16, 60, 4531 }, // Û
    { 15, 16, 15, 0, 16, 60, 4591 }, // Ü
    { 15, 16, 15, 0, 15, 60, 4651 }, // Ý
    { 12, 13, 12, 0, 13, 39, 4711 }, // Þ
    { 10, 12, 10, 0, 12, 30, 4750 }, // ß
    { 10, 11, 10, 0, 11, 28, 4780 }, // à
    { 10, 11, 10, 0, 11, 28, 4808 }, // á
    { 10, 12, 10, 0, 12, 30, 4836 }, // â
    { 10, 11, 10, 0, 11, 28, 4866 }, // ã
    { 10, 12, 10, 0, 12, 30, 4894 }, // ä
    { 10, 12, 10, 0, 12, 30, 4924 }, // å
    { 14, 8, 14, 0, 8, 28, 4954 }, // æ
    { 9, 11, 9, 0, 8, 25, 4982 }, // ç
    { 9, 10, 9, 0, 10, 23, 5007 }, // è
    { 9, 11, 9, 0, 11, 25, 5030 }, // é
    { 9, 12, 9, 0, 12, 27, 5055 }, // ê
    { 9, 12, 9, 0, 12, 27, 5082 }, // ë
    { 6, 11, 5, -1, 11, 17, 5109 }, // ì
    { 6, 11, 5, 0, 11, 17, 5126 }, // í
    { 6, 12, 5, 0, 12, 18, 5143 }, // î
    { 7, 12, 7, 0, 12, 21, 5161 }, // ï
    { 10, 12, 10, 0, 12, 30, 5182 }, // ð
    { 11, 11, 11, 0, 11, 31, 5212 }, // ñ
    { 10, 11, 10, 0, 11, 28, 5243 }, // ò
    { 10, 11, 10, 0, 11, 28, 5271 }, // ó
    { 10, 12, 10, 0, 12, 30, 5299 }, // ô
    { 10, 11, 10, 0, 11, 28, 5329 }, // õ
    { 10, 12, 10, 0, 12, 30, 5357 }, // ö
    { 14, 12, 15, 1, 10, 42, 5387 }, // ÷
    { 10, 12, 10, 0, 10, 30, 5429 }, // ø
    { 11, 12, 11, 0, 11, 33, 5459 }, // ù
    { 11, 12, 11, 0, 11, 33, 5492 }, // ú
    { 11, 13, 11, 0, 12, 36, 5525 }, // û
    { 11, 13, 11, 0, 12, 36, 5561 }, // ü
    { 10, 14, 10, 0, 11, 35, 5597 }, // ý
    { 11, 16, 11, 0, 13, 44, 5632 }, // þ
    { 10, 15, 10, 0, 12, 38, 5676 }, // ÿ
    { 15, 14, 15, 0, 14, 53, 5714 }, // Ā
    { 10, 10, 10, 0, 10, 25, 5767 }, // ā
    { 15, 15, 15, 0, 15, 57, 5792 }, // Ă
    { 10, 10, 10, 0, 10, 25, 5849 }, // ă
    { 15, 15, 15, 0, 12, 57, 5874 }, // Ą
    { 10, 11, 10, 0, 8, 28, 5931 }, // ą
    { 13, 15, 14, 1, 15, 49, 5959 }, // Ć
    { 9, 11, 9, 0, 11, 25, 6008 }, // ć
    { 13, 16, 14, 1, 16, 52, 6033 }, // Ĉ
    { 9, 12, 9, 0, 12, 27, 6085 }, // ĉ
    { 13, 16, 14, 1, 16, 52, 6112 }, // Ċ
    { 9, 12, 9, 0, 12, 27, 6164 }, // ċ
    { 13, 16, 14, 1, 16, 52, 6191 }, // Č
    { 9, 12, 9, 0, 12, 27, 6243 }, // č
    { 14, 16, 15, 0, 16, 56, 6270 }, // Ď
    { 13, 13, 14, 0, 13, 43, 6326 }, // ď
    { 14, 12, 15, 0, 12, 42, 6369 }, // Đ
    { 11, 12, 11, 0, 12, 33, 6411 }, // đ
    { 13, 14, 13, 0, 14, 46, 6444 }, // Ē
    { 9, 10, 9, 0, 10, 23, 6490 }, // ē
    { 13, 16, 13, 0, 16, 52, 6513 }, // Ė
    { 9, 12, 9, 0, 12, 27, 6565 }, // ė
    { 13, 15, 13, 0, 12, 49, 6592 }, // Ę
    { 9, 11, 9, 0, 8, 25, 6641 }, // ę
    { 13, 16, 13, 0, 16, 52, 6666 }, // Ě
    { 9, 12, 9, 0, 12, 27, 6718 }, // ě
    { 14, 16, 15, 1, 16, 56, 6745 }, // Ĝ
    { 10, 15, 10, 0, 12, 38, 6801 }, // ĝ
    { 14, 15, 15, 1, 15, 53, 6839 }, // Ğ
    { 10, 13, 10, 0, 10, 33, 6892 }, // ğ
    { 14, 16, 15, 1, 16, 56, 6925 }, // Ġ
    { 10, 15, 10, 0, 12, 38, 6981 }, // ġ
    { 15, 16, 15, 0, 16, 60, 7019 }, // Ĥ
    { 11, 16, 11, 0, 16, 44, 7079 }, // ĥ
    { 12, 13, 11, 0, 12, 39, 7123 }, // ħ
    { 8, 14, 7, 0, 14, 28, 7162 }, // Ī
    { 8, 10, 5, -1, 10, 20, 7190 }, // ī
    { 7, 16, 7, 0, 16, 28, 7210 }, // İ
    { 5, 8, 5, 0, 8, 10, 7238 }, // ı
    { 10, 16, 10, 0, 16, 40, 7248 }, // Ĵ
    { 8, 15, 6, -1, 12, 30, 7288 }, // ĵ
    { 11, 15, 12, 0, 15, 42, 7318 }, // Ĺ
    { 6, 15, 5, 0, 15, 23, 7360 }, // ĺ
    { 11, 15, 12, 0, 15, 42, 7383 }, // Ľ
    { 8, 13, 9, 0, 13, 26, 7425 }, // ľ
    { 11, 13, 12, 0, 13, 36, 7451 }, // Ł
    { 5, 13, 7, 1, 12, 17, 7487 }, // ł
    { 15, 15, 15, 0, 15, 57, 7504 }, // Ń
    { 11, 11, 11, 0, 11, 31, 7561 }, // ń
    { 15, 16, 15, 0, 16, 60, 7592 }, // Ň
    { 11, 12, 11, 0, 12, 33, 7652 }, // ň
    { 13, 14, 15, 1, 14, 46, 7685 }, // Ő
    { 10, 11, 10, 0, 11, 28, 7731 }, // ő
    { 19, 12, 20, 1, 12, 57, 7759 }, // Œ
    { 15, 9, 15, 0, 8, 34, 7816 }, // œ
    { 15, 15, 15, 0, 15, 57, 7850 }, // Ŕ
    { 8, 11, 8, 0, 11, 22, 7907 }, // ŕ
    { 15, 16, 15, 0, 16, 60, 7929 }, // Ř
    { 8, 12, 8, 0, 12, 24, 7989 }, // ř
    { 9, 15, 11, 1, 15, 34, 8013 }, // Ś
    { 8, 12, 8, 0, 11, 24, 8047 }, // ś
    { 9, 16, 11, 1, 16, 36, 8071 }, // Ŝ
    { 8, 13, 8, 0, 12, 26, 8107 }, // ŝ
    { 9, 15, 11, 1, 12, 34, 8133 }, // Ş
    { 8, 11, 8, 0, 8, 22, 8167 }, // ş
    { 9, 16, 11, 1, 16, 36, 8189 }, // Š
    { 8, 13, 8, 0, 12, 26, 8225 }, // š
    { 13, 15, 14, 0, 12, 49, 8251 }, // Ţ
    { 8, 15, 8, 0, 12, 30, 8300 }, // ţ
    { 13, 17, 14, 0, 16, 56, 8330 }, // Ť
    { 8, 14, 8, 0, 14, 28, 8386 }, // ť
    { 15, 14, 15, 0, 14, 53, 8414 }, // Ū
    { 11, 11, 11, 0, 10, 31, 8467 }, // ū
    { 15, 15, 15, 0, 15, 57, 8498 }, // Ŭ
    { 11, 11, 11, 0, 10, 31, 8555 }, // ŭ
    { 15, 16, 15, 0, 16, 60, 8586 }, // Ů
    { 11, 13, 11, 0, 12, 36, 8646 }, // ů
    { 15, 14, 15, 0, 14, 53, 8682 }, // Ű
    { 11, 12, 11, 0, 11, 33, 8735 }, // ű
    { 15, 17, 15, 0, 16, 64, 8768 }, // Ÿ
    { 10, 15, 12, 1, 15, 38, 8832 }, // Ź
    { 8, 11, 9, 0, 11, 22, 8870 }, // ź
    { 10, 16, 12, 1, 16, 40, 8892 }, // Ż
    { 8, 12, 9, 0, 12, 24, 8932 }, // ż
    { 10, 16, 12, 1, 16, 40, 8956 }, // Ž
    { 8, 12, 9, 0, 12, 24, 8996 }, // ž
    { 13, 15, 13, 0, 15, 49, 9020 }, // Ѐ
    { 13, 16, 13, 0, 16, 52, 9069 }, // Ё
    { 16, 12, 16, 0, 12, 48, 9121 }, // Ђ
    { 11, 15, 12, 0, 15, 42, 9169 }, // Ѓ
    { 13, 12, 14, 1, 12, 39, 9211 }, // Є
    { 9, 13, 11, 1, 13, 30, 9250 }, // Ѕ
    { 7, 13, 7, 0, 13, 23, 9280 }, // І
    { 7, 17, 7, 0, 17, 30, 9303 }, // Ї
    { 9, 13, 10, 0, 13, 30, 9333 }, // Ј
    { 20, 12, 21, 0, 12, 60, 9363 }, // Љ
    { 20, 13, 21, 0, 13, 65, 9423 }, // Њ
    { 15, 13, 15, 0, 12, 49, 9488 }, // Ћ
    { 15, 14, 15, 0, 14, 53, 9537 }, // Ќ
    { 15, 15, 15, 0, 15, 57, 9590 }, // Ѝ
    { 15, 15, 15, 0, 15, 57, 9647 }, // Ў
    { 15, 16, 15, 0, 13, 60, 9704 }, // Џ
    { 15, 12, 15, 0, 12, 45, 9764 }, // А
    { 13, 12, 14, 0, 12, 39, 9809 }, // Б
    { 13, 12, 14, 0, 12, 39, 9848 }, // В
    { 11, 12, 12, 0, 12, 33, 9887 }, // Г
    { 17, 15, 15, -1, 12, 64, 9920 }, // Д
    { 13, 12, 13, 0, 12, 39, 9984 }, // Е
    { 23, 12, 23, 0, 12, 69, 10023 }, // Ж
    { 12, 12, 12, 0, 12, 36, 10092 }, // З
    { 15, 13, 15, 0, 13, 49, 10128 }, // И
    { 15, 15, 15, 0, 15, 57, 10177 }, // Й
    { 15, 12, 15, 0, 12, 45, 10234 }, // К
    { 15, 13, 15, 0, 12, 49, 10279 }, // Л
    { 18, 12, 19, 0, 12, 54, 10328 }, // М
    { 15, 13, 15, 0, 13, 49, 10382 }, // Н
    { 13, 12, 15, 1, 12, 39, 10431 }, // О
    { 15, 12, 15, 0, 12, 45, 10470 }, // П
    { 13, 12, 13, 0, 12, 39, 10515 }, // Р
    { 13, 12, 14, 1, 12, 39, 10554 }, // С
    { 13, 13, 14, 0, 12, 43, 10593 }, // Т
    { 15, 12, 15, 0, 12, 45, 10636 }, // У
    { 15, 14, 16, 1, 13, 53, 10681 }, // Ф
    { 15, 12, 15, 0, 12, 45, 10734 }, // Х
    { 16, 16, 15, 0, 13, 64, 10779 }, // Ц
    { 15, 13, 15, 0, 12, 49, 10843 }, // Ч
    { 22, 12, 23, 0, 12, 66, 10892 }, // Ш
    { 23, 15, 23, 0, 12, 87, 10958 }, // Щ
    { 17, 12, 17, 0, 12, 51, 11045 }, // Ъ
    { 19, 13, 19, 0, 13, 62, 11096 }, // Ы
    { 13, 13, 14, 0, 13, 43, 11158 }, // Ь
    { 13, 13, 14, 1, 13, 43, 11201 }, // Э
    { 21, 13, 22, 0, 13, 69, 11244 }, // Ю
    { 15, 12, 15, 0, 12, 45, 11313 }, // Я
    { 10, 8, 10, 0, 8, 20, 11358 }, // а
    { 10, 12, 10, 0, 12, 30, 11378 }, // б
    { 10, 8, 10, 0, 8, 20, 11408 }, // в
    { 8, 8, 8, 0, 8, 16, 11428 }, // г
    { 11, 10, 11, 0, 8, 28, 11444 }, // д
    { 9, 8, 9, 0, 8, 18, 11472 }, // е
    { 16, 8, 16, 0, 8, 32, 11490 }, // ж
    { 9, 8, 9, 0, 8, 18, 11522 }, // з
    { 11, 8, 11, 0, 8, 22, 11540 }, // и
    { 11, 12, 11, 0, 12, 33, 11562 }, // й
    { 11, 8, 11, 0, 8, 22, 11595 }, // к
    { 11, 8, 11, 0, 8, 22, 11617 }, // л
    { 13, 8, 13, 0, 8, 26, 11639 }, // м
    { 11, 8, 11, 0, 8, 22, 11665 }, // н
    { 10, 8, 10, 0, 8, 20, 11687 }, // о
    { 11, 8, 11, 0, 8, 22, 11707 }, // п
    { 11, 11, 11, 0, 8, 31, 11729 }, // р
    { 9, 8, 9, 0, 8, 18, 11760 }, // с
    { 9, 8, 9, 0, 8, 18, 11778 }, // т
    { 10, 11, 10, 0, 8, 28, 11796 }, // у
    { 15, 15, 15, 0, 12, 57, 11824 }, // ф
    { 10, 8, 10, 0, 8, 20, 11881 }, // х
    { 11, 10, 11, 0, 8, 28, 11901 }, // ц
    { 11, 8, 11, 0, 8, 22, 11929 }, // ч
    { 16, 8, 16, 0, 8, 32, 11951 }, // ш
    { 16, 10, 16, 0, 8, 40, 11983 }, // щ
    { 12, 8, 12, 0, 8, 24, 12023 }, // ъ
    { 14, 8, 14, 0, 8, 28, 12047 }, // ы
    { 10, 8, 10, 0, 8, 20, 12075 }, // ь
    { 9, 8, 9, 0, 8, 18, 12095 }, // э
    { 15, 9, 15, 0, 8, 34, 12113 }, // ю
    { 10, 8, 10, 0, 8, 20, 12147 }, // я
    { 9, 11, 9, 0, 11, 25, 12167 }, // ѐ
    { 9, 12, 9, 0, 12, 27, 12192 }, // ё
    { 10, 15, 10, 0, 12, 38, 12219 }, // ђ
    { 8, 11, 8, 0, 11, 22, 12257 }, // ѓ
    { 9, 8, 9, 0, 8, 18, 12279 }, // є
    { 8, 9, 8, 0, 8, 18, 12297 }, // ѕ
    { 5, 12, 5, 0, 12, 15, 12315 }, // і
    { 8, 12, 5, -1, 12, 24, 12330 }, // ї
    { 6, 15, 6, -1, 12, 23, 12354 }, // ј
    { 15, 8, 15, 0, 8, 30, 12377 }, // љ
    { 15, 8, 15, 0, 8, 30, 12407 }, // њ
    { 11, 12, 11, 0, 12, 33, 12437 }, // ћ
    { 11, 11, 11, 0, 11, 31, 12470 }, // ќ
    { 11, 10, 11, 0, 10, 28, 12501 }, // ѝ
    { 10, 15, 10, 0, 12, 38, 12529 }, // ў
    { 11, 10, 11, 0, 8, 28, 12567 }, // џ
    { 18, 12, 20, 1, 12, 54, 12595 }, // Ѡ
    { 16, 9, 16, 0, 8, 36, 12649 }, // ѡ
    { 14, 14, 16, 1, 14, 49, 12685 }, // Ѣ
    { 10, 12, 10, 0, 12, 30, 12734 }, // ѣ
    { 20, 13, 21, 0, 13, 65, 12764 }, // Ѥ
    { 14, 9, 14, 0, 8, 32, 12829 }, // ѥ
    { 19, 12, 20, 0, 12, 57, 12861 }, // Ѧ
    { 15, 8, 15, 0, 8, 30, 12918 }, // ѧ
    { 26, 13, 26, 0, 13, 85, 12948 }, // Ѩ
    { 20, 8, 20, 0, 8, 40, 13033 }, // ѩ
    { 20, 12, 20, 0, 12, 60, 13073 }, // Ѫ
    { 16, 8, 16, 0, 8, 32, 13133 }, // ѫ
    { 27, 12, 27, 0, 12, 81, 13165 }, // Ѭ
    { 22, 8, 22, 0, 8, 44, 13246 }, // ѭ
    { 11, 18, 11, 0, 14, 50, 13290 }, // Ѯ
    { 8, 13, 8, 0, 10, 26, 13340 }, // ѯ
    { 14, 14, 15, 1, 13, 49, 13366 }, // Ѱ
    { 12, 15, 13, 0, 12, 45, 13415 }, // ѱ
    { 13, 12, 15, 1, 12, 39, 13460 }, // Ѳ
    { 9, 8, 9, 0, 8, 18, 13499 }, // ѳ
    { 16, 12, 16, 0, 12, 48, 13517 }, // Ѵ
    { 12, 8, 12, 0, 8, 24, 13565 }, // ѵ
    { 16, 14, 16, 0, 14, 56, 13589 }, // Ѷ
    { 12, 10, 12, 0, 10, 30, 13645 }, // ѷ
    { 17, 15, 18, 1, 13, 64, 13675 }, // Ѻ
    { 12, 10, 12, 0, 9, 30, 13739 }, // ѻ
    { 18, 17, 20, 1, 17, 77, 13769 }, // Ѽ
    { 16, 13, 16, 0, 12, 52, 13846 }, // ѽ
    { 18, 16, 20, 1, 16, 72, 13898 }, // Ѿ
    { 16, 12, 16, 0, 11, 48, 13970 }, // ѿ
    { 13, 16, 14, 1, 12, 52, 14018 }, // Ҁ
    { 9, 11, 9, 0, 8, 25, 14070 }, // ҁ
    { 7, 5, 9, 1, 4, 9, 14095 }, // ҂
    { 8, 4, 0, -4, 12, 8, 14104 }, // ҃
    { 12, 4, 0, -11, 12, 12, 14112 }, // ҄
    { 6, 4, 0, -8, 12, 6, 14124 }, // ҅
    { 6, 4, 0, -8, 12, 6, 14130 }, // ҆
    { 22, 21, 0, -22, 15, 116, 14136 }, // ҈
    { 25, 22, 0, -23, 16, 138, 14252 }, // ҉
    { 16, 18, 15, 0, 15, 72, 14390 }, // Ҋ
    { 11, 14, 11, 0, 12, 39, 14462 }, // ҋ
    { 14, 13, 16, 1, 13, 46, 14501 }, // Ҍ
    { 11, 12, 10, -1, 12, 33, 14547 }, // ҍ
    { 13, 12, 13, 0, 12, 39, 14580 }, // Ҏ
    { 11, 11, 11, 0, 8, 31, 14619 }, // ҏ
    { 12, 15, 12, 0, 15, 45, 14650 }, // Ґ
    { 8, 9, 8, 0, 9, 18, 14695 }, // ґ
    { 11, 13, 12, 0, 12, 36, 14713 }, // Ғ
    { 8, 8, 8, 0, 8, 16, 14749 }, // ғ
    { 14, 15, 14, 0, 12, 53, 14765 }, // Ҕ
    { 10, 11, 11, 0, 8, 28, 14818 }, // ҕ
    { 23, 15, 23, 0, 12, 87, 14846 }, // Җ
    { 17, 10, 16, 0, 8, 43, 14933 }, // җ
    { 12, 16, 12, 0, 12, 48, 14976 }, // Ҙ
    { 9, 12, 9, 0, 8, 27, 15024 }, // ҙ
    { 16, 16, 15, 0, 13, 64, 15051 }, // Қ
    { 11, 10, 11, 0, 8, 28, 15115 }, // қ
    { 17, 13, 17, 0, 13, 56, 15143 }, // Ҝ
    { 13, 8, 13, 0, 8, 26, 15199 }, // ҝ
    { 15, 12, 15, 0, 12, 45, 15225 }, // Ҟ
    { 11, 12, 11, 0, 12, 33, 15270 }, // ҟ
    { 18, 12, 18, 0, 12, 54, 15303 }, // Ҡ
    { 13, 8, 13, 0, 8, 26, 15357 }, // ҡ
    { 16, 16, 15, 0, 13, 64, 15383 }, // Ң
    { 11, 10, 11, 0, 8, 28, 15447 }, // ң
    { 18, 12, 19, 0, 12, 54, 15475 }, // Ҥ
    { 13, 8, 13, 0, 8, 26, 15529 }, // ҥ
    { 21, 15, 21, 0, 12, 79, 15555 }, // Ҧ
    { 15, 11, 15, 0, 8, 42, 15634 }, // ҧ
    { 14, 13, 15, 1, 12, 46, 15676 }, // Ҩ
    { 10, 9, 10, 0, 8, 23, 15722 }, // ҩ
    { 13, 16, 14, 1, 12, 52, 15745 }, // Ҫ
    { 9, 12, 9, 0, 8, 27, 15797 }, // ҫ
    { 13, 15, 14, 0, 12, 49, 15824 }, // Ҭ
    { 9, 10, 9, 0, 8, 23, 15873 }, // ҭ
    { 15, 13, 15, 0, 12, 49, 15896 }, // Ү
    { 11, 12, 10, 0, 8, 33, 15945 }, // ү
    { 15, 13, 15, 0, 12, 49, 15978 }, // Ұ
    { 11, 12, 10, 0, 8, 33, 16027 }, // ұ
    { 15, 15, 15, 0, 12, 57, 16060 }, // Ҳ
    { 11, 10, 10, 0, 8, 28, 16117 }, // ҳ
    { 20, 15, 20, 0, 12, 75, 16145 }, // Ҵ
    { 13, 10, 13, 0, 8, 33, 16220 }, // ҵ
    { 16, 15, 15, 0, 12, 60, 16253 }, // Ҷ
    { 11, 10, 11, 0, 8, 28, 16313 }, // ҷ
    { 15, 13, 15, 0, 12, 49, 16341 }, // Ҹ
    { 11, 8, 11, 0, 8, 22, 16390 }, // ҹ
    { 15, 13, 15, 0, 13, 49, 16412 }, // Һ
    { 11, 12, 11, 0, 12, 33, 16461 }, // һ
    { 17, 12, 17, 0, 12, 51, 16494 }, // Ҽ
    { 12, 8, 12, 0, 8, 24, 16545 }, // ҽ
    { 17, 16, 17, 0, 12, 68, 16569 }, // Ҿ
    { 12, 12, 12, 0, 8, 36, 16637 }, // ҿ
    { 7, 13, 7, 0, 13, 23, 16673 }, // Ӏ
    { 23, 15, 23, 0, 15, 87, 16696 }, // Ӂ
    { 16, 10, 16, 0, 10, 40, 16783 }, // ӂ
    { 15, 16, 15, 0, 13, 60, 16823 }, // Ӄ
    { 11, 11, 11, 0, 8, 31, 16883 }, // ӄ
    { 15, 15, 15, 0, 12, 57, 16914 }, // Ӆ
    { 11, 10, 11, 0, 8, 28, 16971 }, // ӆ
    { 15, 16, 15, 0, 13, 60, 16999 }, // Ӈ
    { 11, 11, 11, 0, 8, 31, 17059 }, // ӈ
    { 15, 17, 15, 0, 13, 64, 17090 }, // Ӊ
    { 11, 10, 11, 0, 8, 28, 17154 }, // ӊ
    { 15, 15, 15, 0, 12, 57, 17182 }, // Ӌ
    { 11, 10, 11, 0, 8, 28, 17239 }, // ӌ
    { 19, 16, 19, 0, 12, 76, 17267 }, // Ӎ
    { 13, 10, 13, 0, 8, 33, 17343 }, // ӎ
    { 15, 15, 15, 0, 15, 57, 17376 }, // Ӑ
    { 10, 10, 10, 0, 10, 25, 17433 }, // ӑ
    { 15, 16, 15, 0, 16, 60, 17458 }, // Ӓ
    { 10, 12, 10, 0, 12, 30, 17518 }, // ӓ
    { 18, 12, 18, 0, 12, 54, 17548 }, // Ӕ
    { 14, 8, 14, 0, 8, 28, 17602 }, // ӕ
    { 13, 15, 13, 0, 15, 49, 17630 }, // Ӗ
    { 9, 10, 9, 0, 10, 23, 17679 }, // ӗ
    { 13, 13, 14, 0, 13, 43, 17702 }, // Ә
    { 9, 8, 9, 0, 8, 18, 17745 }, // ә
    { 14, 16, 14, 0, 16, 56, 17763 }, // Ӛ
    { 9, 12, 9, 0, 12, 27, 17819 }, // ӛ
    { 23, 16, 23, 0, 16, 92, 17846 }, // Ӝ
    { 16, 12, 16, 0, 12, 48, 17938 }, // ӝ
    { 12, 16, 12, 0, 16, 48, 17986 }, // Ӟ
    { 9, 12, 9, 0, 12, 27, 18034 }, // ӟ
    { 11, 12, 11, 0, 12, 33, 18061 }, // Ӡ
    { 8, 11, 9, 0, 8, 22, 18094 }, // ӡ
    { 15, 15, 15, 0, 15, 57, 18116 }, // Ӣ
    { 11, 12, 11, 0, 12, 33, 18173 }, // ӣ
    { 15, 16, 15, 0, 16, 60, 18206 }, // Ӥ
    { 11, 12, 11, 0, 12, 33, 18266 }, // ӥ
    { 13, 16, 15, 1, 16, 52, 18299 }, // Ӧ
    { 10, 12, 10, 0, 12, 30, 18351 }, // ӧ
    { 13, 12, 15, 1, 12, 39, 18381 }, // Ө
    { 10, 8, 10, 0, 8, 20, 18420 }, // ө
    { 13, 16, 15, 1, 16, 52, 18440 }, // Ӫ
    { 10, 12, 10, 0, 12, 30, 18492 }, // ӫ
    { 13, 16, 14, 1, 16, 52, 18522 }, // Ӭ
    { 9, 12, 9, 0, 12, 27, 18574 }, // ӭ
    { 15, 15, 15, 0, 15, 57, 18601 }, // Ӯ
    { 10, 15, 10, 0, 12, 38, 18658 }, // ӯ
    { 15, 16, 15, 0, 16, 60, 18696 }, // Ӱ
    { 10, 15, 10, 0, 12, 38, 18756 }, // ӱ
    { 15, 15, 15, 0, 15, 57, 18794 }, // Ӳ
    { 10, 14, 10, 0, 11, 35, 18851 }, // ӳ
    { 15, 17, 15, 0, 16, 64, 18886 }, // Ӵ
    { 11, 12, 11, 0, 12, 33, 18950 }, // ӵ
    { 11, 15, 12, 0, 12, 42, 18983 }, // Ӷ
    { 8, 10, 8, 0, 8, 20, 19025 }, // ӷ
    { 19, 16, 19, 0, 16, 76, 19045 }, // Ӹ
    { 14, 12, 14, 0, 12, 42, 19121 }, // ӹ
    { 14, 15, 15, 0, 12, 53, 19163 }, // Ӽ
    { 10, 11, 10, 0, 8, 28, 19216 }, // ӽ
    { 15, 12, 15, 0, 12, 45, 19244 }, // Ӿ
    { 10, 8, 10, 0, 8, 20, 19289 }, // ӿ
    { 0, 0, 10, 0, 0, 0, 19309 }, //  
    { 0, 0, 20, 0, 0, 0, 19309 }, //  
    { 0, 0, 10, 0, 0, 0, 19309 }, //  
    { 0, 0, 20, 0, 0, 0, 19309 }, //  
    { 0, 0, 7, 0, 0, 0, 19309 }, //  
    { 0, 0, 5, 0, 0, 0, 19309 }, //  
    { 0, 0, 3, 0, 0, 0, 19309 }, //  
    { 0, 0, 10, 0, 0, 0, 19309 }, //  
    { 0, 0, 5, 0, 0, 0, 19309 }, //  
    { 0, 0, 4, 0, 0, 0, 19309 }, //  
    { 0, 0, 1, 0, 0, 0, 19309 }, //  
    { 0, 0, 0, 0, 0, 0, 19309 }, // ​
    { 0, 0, 0, 0, 0, 0, 19309 }, // ‌
    { 0, 0, 0, 0, 0, 0, 19309 }, // ‍
    { 6, 3, 7, 0, 5, 5, 19309 }, // ‐
    { 6, 3, 7, 0, 5, 5, 19314 }, // ‑
    { 10, 1, 10, 0, 5, 3, 19319 }, // ‒
    { 10, 1, 10, 0, 5, 3, 19322 }, // –
    { 20, 1, 20, 0, 5, 5, 19325 }, // —
    { 4, 18, 10, 3, 13, 18, 19330 }, // ‖
    { 4, 7, 5, 1, 12, 7, 19348 }, // ‘
    { 4, 7, 5, 1, 11, 7, 19355 }, // ’
    { 4, 7, 5, 1, 3, 7, 19362 }, // ‚
    { 4, 7, 5, 1, 11, 7, 19369 }, // ‛
    { 9, 7, 7, -1, 12, 16, 19376 }, // “
    { 9, 7, 7, -1, 12, 16, 19392 }, // ”
    { 9, 7, 7, -1, 3, 16, 19408 }, // „
    { 9, 7, 7, -1, 11, 16, 19424 }, // ‟
    { 7, 15, 9, 1, 11, 27, 19440 }, // †
    { 7, 14, 9, 1, 11, 25, 19467 }, // ‡
    { 8, 8, 10, 1, 8, 16, 19492 }, // •
    { 14, 3, 16, 1, 3, 11, 19508 }, // …
    { 8, 14, 9, 1, 11, 28, 19519 }, //  
    { 0, 0, 3, 0, 0, 0, 19547 }, //  
    { 21, 14, 23, 1, 13, 74, 19547 }, // ‰
    { 29, 14, 31, 1, 13, 102, 19621 }, // ‱
    { 5, 9, 9, 2, 10, 12, 19723 }, // ‹
    { 5, 9, 9, 2, 10, 12, 19735 }, // ›
    { 10, 11, 11, 1, 10, 28, 19747 }, // ※
    { 8, 11, 9, 1, 12, 22, 19775 }, // ‽
    { 8, 4, 7, 0, 0, 8, 19797 }, // ‿
    { 9, 2, 10, 0, 11, 5, 19805 }, // ⁀
    { 8, 20, 10, 1, 13, 40, 19810 }, // ⁄
    { 5, 17, 7, 1, 13, 22, 19850 }, // ⁅
    { 5, 18, 7, 1, 13, 23, 19872 }, // ⁆
    { 8, 15, 10, 1, 13, 30, 19895 }, // ⁒
    { 8, 3, 7, 0, -1, 6, 19925 }, // ⁔
    { 0, 0, 4, 0, 0, 0, 19931 }, //  
    { 13, 12, 14, 1, 12, 39, 19931 }, // ₡
    { 11, 12, 13, 1, 12, 33, 19970 }, // ₤
    { 16, 12, 16, 0, 12, 48, 20003 }, // ₦
    { 20, 12, 20, 0, 11, 60, 20051 }, // ₩
    { 11, 14, 11, 0, 13, 39, 20111 }, // ₫
    { 14, 10, 15, 0, 11, 35, 20150 }, // €
    { 14, 12, 15, 1, 12, 42, 20185 }, // ₲
    { 16, 12, 17, 1, 12, 48, 20227 }, // ∆
    { 11, 17, 9, 0, 15, 47, 20275 }, // √
};

static const EpdUnicodeInterval cmu_8_boldIntervals[] = {
    { 0xD, 0xD, 0x0 },
    { 0x20, 0x7E, 0x1 },
    { 0xA0, 0xA3, 0x60 },
    { 0xA5, 0xA5, 0x64 },
    { 0xA7, 0xB1, 0x65 },
    { 0xB4, 0xB8, 0x70 },
    { 0xBA, 0xBB, 0x75 },
    { 0xBF, 0xD6, 0x77 },
    { 0xD8, 0xFF, 0x8F },
    { 0x100, 0x113, 0xB7 },
    { 0x116, 0x121, 0xCB },
    { 0x124, 0x125, 0xD7 },
    { 0x127, 0x127, 0xD9 },
    { 0x12A, 0x12B, 0xDA },
    { 0x130, 0x131, 0xDC },
    { 0x134, 0x135, 0xDE },
    { 0x139, 0x13A, 0xE0 },
    { 0x13D, 0x13E, 0xE2 },
    { 0x141, 0x144, 0xE4 },
    { 0x147, 0x148, 0xE8 },
    { 0x150, 0x155, 0xEA },
    { 0x158, 0x165, 0xF0 },
    { 0x16A, 0x171, 0xFE },
    { 0x178, 0x17E, 0x106 },
    { 0x400, 0x477, 0x10D },
    { 0x47A, 0x486, 0x185 },
    { 0x488, 0x4CE, 0x192 },
    { 0x4D0, 0x4F9, 0x1D9 },
    { 0x4FC, 0x4FF, 0x203 },
    { 0x2000, 0x200D, 0x207 },
    { 0x2010, 0x2014, 0x215 },
    { 0x2016, 0x2016, 0x21A },
    { 0x2018, 0x2022, 0x21B },
    { 0x2026, 0x2026, 0x226 },
    { 0x2029, 0x2029, 0x227 },
    { 0x202F, 0x2031, 0x228 },
    { 0x2039, 0x203B, 0x22B },
    { 0x203D, 0x203D, 0x22E },
    { 0x203F, 0x2040, 0x22F },
    { 0x2044, 0x2046, 0x231 },
    { 0x2052, 0x2052, 0x234 },
    { 0x2054, 0x2054, 0x235 },
    { 0x205F, 0x205F, 0x236 },
    { 0x20A1, 0x20A1, 0x237 },
    { 0x20A4, 0x20A4, 0x238 },
    { 0x20A6, 0x20A6, 0x239 },
    { 0x20A9, 0x20A9, 0x23A },
    { 0x20AB, 0x20AC, 0x23B },
    { 0x20B2, 0x20B2, 0x23D },
    { 0x2206, 0x2206, 0x23E },
    { 0x221A, 0x221A, 0x23F },
};

static const EpdFontData cmu_8_bold = {
    cmu_8_boldBitmaps,
    cmu_8_boldGlyphs,
    cmu_8_boldIntervals,
    51,
    22,
    16,
    -7,
    true,
};
